snapshot,gas_boiler_punta_arenas_1,heat_pump_punta_arenas_1,gas_boiler_punta_arenas_2,heat_pump_punta_arenas_2,link_punta_arenas_1_to_punta_arenas_2,link_punta_arenas_2_to_punta_arenas_1,h2_electrolyzer_punta_arenas_2,h2_fuel_cell_punta_arenas_2,h2_turbine_punta_arenas_2,uhs_injection_punta_arenas_2,uhs_withdrawal_punta_arenas_2
2040-01-01 00:00:00,0.0,0.0,0.0,0.0,0.0,21.43696875020396,0.0,0.0,0.0,0.0,0.0
2040-01-01 01:00:00,0.0,0.0,0.0,0.0,972.1384843747364,1000.0,0.0,0.0,0.0,0.0,0.0
2040-01-01 02:00:00,0.0,0.0,0.0,0.0,0.0,26.1040468752617,0.0,0.0,0.0,0.0,0.0
2040-01-01 03:00:00,0.0,0.0,0.0,0.0,0.0,23.83128125022631,0.0,0.0,0.0,0.0,0.0
2040-01-01 04:00:00,0.0,0.0,0.0,0.0,0.0,21.91206250025425,0.0,0.0,0.0,0.0,0.0
2040-01-01 05:00:00,0.0,0.0,0.0,0.0,0.0,20.40882812521886,0.0,0.0,0.0,0.0,0.0
2040-01-01 06:00:00,0.0,0.0,0.0,0.0,0.0,18.348296875250526,0.0,0.0,0.0,0.0,0.0
2040-01-01 07:00:00,0.0,0.0,0.0,0.0,0.0,18.565390625270084,0.0,0.0,0.0,0.0,0.0
2040-01-01 08:00:00,0.0,0.0,0.0,0.0,0.0,18.607000000192784,0.0,0.0,0.0,0.0,0.0
2040-01-01 09:00:00,0.0,0.0,0.0,0.0,0.0,19.076062500244007,0.0,0.0,0.0,0.0,0.0
2040-01-01 10:00:00,0.0,0.0,0.0,0.0,0.0,20.253140625194646,0.0,0.0,0.0,0.0,0.0
2040-01-01 11:00:00,0.0,0.0,0.0,0.0,0.0,21.789375000284053,0.0,0.0,0.0,0.0,0.0
2040-01-01 12:00:00,0.0,0.0,0.0,0.0,0.0,23.116953125223517,0.0,0.0,0.0,0.0,0.0
2040-01-01 13:00:00,0.0,0.0,0.0,0.0,0.0,23.37467187526636,0.0,0.0,0.0,0.0,0.0
2040-01-01 14:00:00,0.0,0.0,0.0,0.0,0.0,23.621875000186265,0.0,0.0,0.0,0.0,0.0
2040-01-01 15:00:00,0.0,0.0,0.0,0.0,0.0,23.86417187517509,0.0,0.0,0.0,0.0,0.0
2040-01-01 16:00:00,0.0,0.0,0.0,0.0,0.0,23.29629687522538,0.0,0.0,0.0,0.0,0.0
2040-01-01 17:00:00,0.0,0.0,0.0,0.0,0.0,22.399921875214204,0.0,0.0,0.0,0.0,0.0
2040-01-01 18:00:00,0.0,0.0,0.0,0.0,0.0,22.42853125021793,0.0,0.0,0.0,0.0,0.0
2040-01-01 19:00:00,0.0,0.0,0.0,0.0,0.0,23.135875000269152,0.0,0.0,0.0,0.0,0.0
2040-01-01 20:00:00,0.0,0.0,0.0,0.0,0.0,23.657218750216998,0.0,0.0,0.0,0.0,0.0
2040-01-01 21:00:00,0.0,0.0,0.0,0.0,0.0,25.13112500018906,0.0,0.0,0.0,0.0,0.0
2040-01-01 22:00:00,0.0,0.0,0.0,0.0,0.0,28.07643750018906,0.0,0.0,0.0,0.0,0.0
2040-01-01 23:00:00,0.0,0.0,0.0,0.0,0.0,31.24388610862661,0.0,0.0,0.0,0.0,0.0
2040-01-02 00:00:00,0.0,0.0,0.0,0.0,0.0,29.081462280475534,0.0,0.0,0.0,0.0,0.0
2040-01-02 01:00:00,0.0,0.0,0.0,0.0,0.0,25.927666748291813,0.0,0.0,0.0,0.0,0.0
2040-01-02 02:00:00,0.0,0.0,0.0,0.0,0.0,23.56259619165212,0.0,0.0,0.0,0.0,0.0
2040-01-02 03:00:00,0.0,0.0,0.0,0.0,0.0,22.088389648705004,0.0,0.0,0.0,0.0,0.0
2040-01-02 04:00:00,0.0,0.0,0.0,0.0,0.0,20.53736035176553,0.0,0.0,0.0,0.0,0.0
2040-01-02 05:00:00,0.0,0.0,0.0,0.0,0.0,19.51739453151822,0.0,0.0,0.0,0.0,0.0
2040-01-02 06:00:00,0.0,0.0,0.0,0.0,0.0,19.118904297123663,0.0,0.0,0.0,0.0,0.0
2040-01-02 07:00:00,0.0,0.0,0.0,0.0,0.0,21.111583008081652,0.0,0.0,0.0,0.0,0.0
2040-01-02 08:00:00,0.0,0.0,0.0,0.0,0.0,25.316264648688957,0.0,0.0,0.0,0.0,0.0
2040-01-02 09:00:00,0.0,0.0,0.0,0.0,0.0,29.06303417996969,0.0,0.0,0.0,0.0,0.0
2040-01-02 10:00:00,0.0,0.0,0.0,0.0,0.0,31.799073242465965,0.0,0.0,0.0,0.0,0.0
2040-01-02 11:00:00,0.0,0.0,0.0,0.0,0.0,33.90319140651263,0.0,0.0,0.0,0.0,0.0
2040-01-02 12:00:00,0.0,0.0,0.0,0.0,0.0,34.15896093775518,0.0,0.0,0.0,0.0,0.0
2040-01-02 13:00:00,0.0,0.0,0.0,0.0,0.0,35.15618750022268,0.0,0.0,0.0,0.0,0.0
2040-01-02 14:00:00,0.0,0.0,0.0,0.0,0.0,34.485107421875,0.0,0.0,0.0,0.0,0.0
2040-01-02 15:00:00,0.0,0.0,0.0,0.0,0.0,34.66295312519651,0.0,0.0,0.0,0.0,0.0
2040-01-02 16:00:00,0.0,0.0,0.0,0.0,0.0,34.34677929710597,0.0,0.0,0.0,0.0,0.0
2040-01-02 17:00:00,0.0,0.0,0.0,0.0,0.0,33.23501757835038,0.0,0.0,0.0,0.0,0.0
2040-01-02 18:00:00,0.0,0.0,0.0,0.0,0.0,32.26444140647072,0.0,0.0,0.0,0.0,0.0
2040-01-02 19:00:00,0.0,0.0,0.0,0.0,0.0,32.211703125271015,0.0,0.0,0.0,0.0,0.0
2040-01-02 20:00:00,0.0,0.0,0.0,0.0,0.0,31.770929687772878,0.0,0.0,0.0,0.0,0.0
2040-01-02 21:00:00,0.0,0.0,0.0,0.0,0.0,31.249617187780487,0.0,0.0,0.0,0.0,0.0
2040-01-02 22:00:00,0.0,0.0,0.0,0.0,0.0,32.36663281277288,0.0,0.0,0.0,0.0,0.0
2040-01-02 23:00:00,0.0,0.0,0.0,0.0,0.0,32.57700390648097,0.0,0.0,0.0,0.0,0.0
2040-01-03 00:00:00,0.0,0.0,0.0,0.0,0.0,29.317699218983762,0.0,0.0,0.0,0.0,0.0
2040-01-03 01:00:00,0.0,0.0,0.0,0.0,0.0,26.215890625258908,0.0,0.0,0.0,0.0,0.0
2040-01-03 02:00:00,0.0,0.0,0.0,0.0,0.0,24.04918359394651,0.0,0.0,0.0,0.0,0.0
2040-01-03 03:00:00,0.0,0.0,0.0,0.0,0.0,23.004765625228174,0.0,0.0,0.0,0.0,0.0
2040-01-03 04:00:00,0.0,0.0,0.0,0.0,0.0,22.19424218777567,0.0,0.0,0.0,0.0,0.0
2040-01-03 05:00:00,0.0,0.0,0.0,0.0,0.0,20.56401171896141,0.0,0.0,0.0,0.0,0.0
2040-01-03 06:00:00,0.0,0.0,0.0,0.0,0.0,19.496371094021015,0.0,0.0,0.0,0.0,0.0
2040-01-03 07:00:00,0.0,0.0,0.0,0.0,0.0,22.633593750186265,0.0,0.0,0.0,0.0,0.0
2040-01-03 08:00:00,0.0,0.0,0.0,0.0,0.0,27.00433984398842,0.0,0.0,0.0,0.0,0.0
2040-01-03 09:00:00,0.0,0.0,0.0,0.0,0.0,30.858972656540573,0.0,0.0,0.0,0.0,0.0
2040-01-03 10:00:00,0.0,0.0,0.0,0.0,0.0,32.81313281273469,0.0,0.0,0.0,0.0,0.0
2040-01-03 11:00:00,0.0,0.0,0.0,0.0,0.0,35.76427343778778,0.0,0.0,0.0,0.0,0.0
2040-01-03 12:00:00,0.0,0.0,0.0,0.0,0.0,37.89418750023469,0.0,0.0,0.0,0.0,0.0
2040-01-03 13:00:00,0.0,0.0,0.0,0.0,0.0,38.84273437527008,0.0,0.0,0.0,0.0,0.0
2040-01-03 14:00:00,0.0,0.0,0.0,0.0,0.0,38.73580468771979,0.0,0.0,0.0,0.0,0.0
2040-01-03 15:00:00,0.0,0.0,0.0,0.0,0.0,38.47553906275425,0.0,0.0,0.0,0.0,0.0
2040-01-03 16:00:00,0.0,0.0,0.0,0.0,0.0,37.771851562778465,0.0,0.0,0.0,0.0,0.0
2040-01-03 17:00:00,0.0,0.0,0.0,0.0,0.0,36.289273437694646,0.0,0.0,0.0,0.0,0.0
2040-01-03 18:00:00,0.0,0.0,0.0,0.0,0.0,35.97954687522724,0.0,0.0,0.0,0.0,0.0
2040-01-03 19:00:00,0.0,0.0,0.0,0.0,0.0,34.21454687521327,0.0,0.0,0.0,0.0,0.0
2040-01-03 20:00:00,0.0,0.0,0.0,0.0,0.0,32.76332031271886,0.0,0.0,0.0,0.0,0.0
2040-01-03 21:00:00,0.0,0.0,0.0,0.0,0.0,31.913945312728174,0.0,0.0,0.0,0.0,0.0
2040-01-03 22:00:00,0.0,0.0,0.0,0.0,0.0,32.35031250026077,0.0,0.0,0.0,0.0,0.0
2040-01-03 23:00:00,0.0,0.0,0.0,0.0,0.0,33.35065625025891,0.0,0.0,0.0,0.0,0.0
2040-01-04 00:00:00,0.0,0.0,0.0,0.0,0.0,29.83539062528871,0.0,0.0,0.0,0.0,0.0
2040-01-04 01:00:00,0.0,0.0,0.0,0.0,0.0,26.974539062706754,0.0,0.0,0.0,0.0,0.0
2040-01-04 02:00:00,0.0,0.0,0.0,0.0,0.0,24.57702343771234,0.0,0.0,0.0,0.0,0.0
2040-01-04 03:00:00,0.0,0.0,0.0,0.0,0.0,24.1017343752319,0.0,0.0,0.0,0.0,0.0
2040-01-04 04:00:00,0.0,0.0,0.0,0.0,0.0,22.483046875218882,0.0,0.0,0.0,0.0,0.0
2040-01-04 05:00:00,0.0,0.0,0.0,0.0,0.0,20.706218750216067,0.0,0.0,0.0,0.0,0.0
2040-01-04 06:00:00,0.0,0.0,0.0,0.0,0.0,20.539179687737487,0.0,0.0,0.0,0.0,0.0
2040-01-04 07:00:00,0.0,0.0,0.0,0.0,0.0,23.082820312702097,0.0,0.0,0.0,0.0,0.0
2040-01-04 08:00:00,0.0,0.0,0.0,0.0,0.0,27.357460937695578,0.0,0.0,0.0,0.0,0.0
2040-01-04 09:00:00,0.0,0.0,0.0,0.0,0.0,31.515859375242144,0.0,0.0,0.0,0.0,0.0
2040-01-04 10:00:00,0.0,0.0,0.0,0.0,0.0,35.61051562521607,0.0,0.0,0.0,0.0,0.0
2040-01-04 11:00:00,0.0,0.0,0.0,0.0,0.0,37.55356250028126,0.0,0.0,0.0,0.0,0.0
2040-01-04 12:00:00,0.0,0.0,0.0,0.0,0.0,38.15046093775891,0.0,0.0,0.0,0.0,0.0
2040-01-04 13:00:00,0.0,0.0,0.0,0.0,0.0,39.32867187517695,0.0,0.0,0.0,0.0,0.0
2040-01-04 14:00:00,0.0,0.0,0.0,0.0,0.0,38.07424218778033,0.0,0.0,0.0,0.0,0.0
2040-01-04 15:00:00,0.0,0.0,0.0,0.0,0.0,38.52645312529057,0.0,0.0,0.0,0.0,0.0
2040-01-04 16:00:00,0.0,0.0,0.0,0.0,0.0,38.37216406268999,0.0,0.0,0.0,0.0,0.0
2040-01-04 17:00:00,0.0,0.0,0.0,0.0,0.0,37.76081250025891,0.0,0.0,0.0,0.0,0.0
2040-01-04 18:00:00,0.0,0.0,0.0,0.0,0.0,36.93323437520303,0.0,0.0,0.0,0.0,0.0
2040-01-04 19:00:00,0.0,0.0,0.0,0.0,0.0,37.349496216047555,0.0,0.0,0.0,0.0,0.0
2040-01-04 20:00:00,0.0,0.0,0.0,0.0,0.0,36.328317260951735,0.0,0.0,0.0,0.0,0.0
2040-01-04 21:00:00,0.0,0.0,0.0,0.0,0.0,34.17271875019651,0.0,0.0,0.0,0.0,0.0
2040-01-04 22:00:00,0.0,0.0,0.0,0.0,0.0,35.10787304711994,0.0,0.0,0.0,0.0,0.0
2040-01-04 23:00:00,0.0,0.0,0.0,0.0,0.0,34.8084335939493,0.0,0.0,0.0,0.0,0.0
2040-01-05 00:00:00,0.0,0.0,0.0,0.0,0.0,30.70338281278964,0.0,0.0,0.0,0.0,0.0
2040-01-05 01:00:00,0.0,0.0,0.0,0.0,0.0,26.93468359403778,0.0,0.0,0.0,0.0,0.0
2040-01-05 02:00:00,0.0,0.0,0.0,0.0,0.0,24.377040039282292,0.0,0.0,0.0,0.0,0.0
2040-01-05 03:00:00,0.0,0.0,0.0,0.0,0.0,23.047447265824303,0.0,0.0,0.0,0.0,0.0
2040-01-05 04:00:00,0.0,0.0,0.0,0.0,0.0,22.409271484590136,0.0,0.0,0.0,0.0,0.0
2040-01-05 05:00:00,0.0,0.0,0.0,0.0,0.0,21.782863281434402,0.0,0.0,0.0,0.0,0.0
2040-01-05 06:00:00,0.0,0.0,0.0,0.0,0.0,20.779488281463273,0.0,0.0,0.0,0.0,0.0
2040-01-05 07:00:00,0.0,0.0,0.0,0.0,0.0,23.849287109564273,0.0,0.0,0.0,0.0,0.0
2040-01-05 08:00:00,0.0,0.0,0.0,0.0,0.0,27.78101953153964,0.0,0.0,0.0,0.0,0.0
2040-01-05 09:00:00,0.0,0.0,0.0,0.0,0.0,31.999074219025598,0.0,0.0,0.0,0.0,0.0
2040-01-05 10:00:00,0.0,0.0,0.0,0.0,0.0,34.20126757840626,0.0,0.0,0.0,0.0,0.0
2040-01-05 11:00:00,0.0,0.0,0.0,0.0,0.0,34.88778906268999,0.0,0.0,0.0,0.0,0.0
2040-01-05 12:00:00,0.0,0.0,0.0,0.0,0.0,35.34533984400332,0.0,0.0,0.0,0.0,0.0
2040-01-05 13:00:00,0.0,0.0,0.0,0.0,0.0,35.75586718774866,0.0,0.0,0.0,0.0,0.0
2040-01-05 14:00:00,0.0,0.0,0.0,0.0,0.0,35.37130859401077,0.0,0.0,0.0,0.0,0.0
2040-01-05 15:00:00,0.0,0.0,0.0,0.0,0.0,34.97296484396793,0.0,0.0,0.0,0.0,0.0
2040-01-05 16:00:00,0.0,0.0,0.0,0.0,0.0,34.73093750025146,0.0,0.0,0.0,0.0,0.0
2040-01-05 17:00:00,0.0,0.0,0.0,0.0,0.0,33.88939062517602,0.0,0.0,0.0,0.0,0.0
2040-01-05 18:00:00,0.0,0.0,0.0,0.0,0.0,32.56618750025518,0.0,0.0,0.0,0.0,0.0
2040-01-05 19:00:00,0.0,0.0,0.0,0.0,0.0,31.93377734394744,0.0,0.0,0.0,0.0,0.0
2040-01-05 20:00:00,0.0,0.0,0.0,0.0,0.0,31.710500000277534,0.0,0.0,0.0,0.0,0.0
2040-01-05 21:00:00,0.0,0.0,0.0,0.0,0.0,31.281246094033122,0.0,0.0,0.0,0.0,0.0
2040-01-05 22:00:00,0.0,0.0,0.0,0.0,0.0,31.352644531521946,0.0,0.0,0.0,0.0,0.0
2040-01-05 23:00:00,0.0,0.0,0.0,0.0,0.0,32.417054687743075,0.0,0.0,0.0,0.0,0.0
2040-01-06 00:00:00,0.0,0.0,0.0,0.0,0.0,30.02799218776636,0.0,0.0,0.0,0.0,0.0
2040-01-06 01:00:00,0.0,0.0,0.0,0.0,0.0,27.047632812755182,0.0,0.0,0.0,0.0,0.0
2040-01-06 02:00:00,0.0,0.0,0.0,0.0,0.0,24.397664062678814,0.0,0.0,0.0,0.0,0.0
2040-01-06 03:00:00,0.0,0.0,0.0,0.0,0.0,23.19984375021886,0.0,0.0,0.0,0.0,0.0
2040-01-06 04:00:00,0.0,0.0,0.0,0.0,0.0,22.741968750255182,0.0,0.0,0.0,0.0,0.0
2040-01-06 05:00:00,0.0,0.0,0.0,0.0,0.0,21.026203125249594,0.0,0.0,0.0,0.0,0.0
2040-01-06 06:00:00,0.0,0.0,0.0,0.0,0.0,18.90228906273842,0.0,0.0,0.0,0.0,0.0
2040-01-06 07:00:00,0.0,0.0,0.0,0.0,0.0,19.868226562743075,0.0,0.0,0.0,0.0,0.0
2040-01-06 08:00:00,0.0,0.0,0.0,0.0,0.0,22.05656250019092,0.0,0.0,0.0,0.0,0.0
2040-01-06 09:00:00,0.0,0.0,0.0,0.0,0.0,24.711328125209548,0.0,0.0,0.0,0.0,0.0
2040-01-06 10:00:00,0.0,0.0,0.0,0.0,0.0,27.673335937783122,0.0,0.0,0.0,0.0,0.0
2040-01-06 11:00:00,0.0,0.0,0.0,0.0,0.0,29.81099218770396,0.0,0.0,0.0,0.0,0.0
2040-01-06 12:00:00,0.0,0.0,0.0,0.0,0.0,30.37547656276729,0.0,0.0,0.0,0.0,0.0
2040-01-06 13:00:00,0.0,0.0,0.0,0.0,0.0,31.233640625257976,0.0,0.0,0.0,0.0,0.0
2040-01-06 14:00:00,0.0,0.0,0.0,0.0,0.0,32.421281250193715,0.0,0.0,0.0,0.0,0.0
2040-01-06 15:00:00,0.0,0.0,0.0,0.0,0.0,32.15760156267788,0.0,0.0,0.0,0.0,0.0
2040-01-06 16:00:00,0.0,0.0,0.0,0.0,0.0,31.601351562771015,0.0,0.0,0.0,0.0,0.0
2040-01-06 17:00:00,0.0,0.0,0.0,0.0,0.0,30.849812500178814,0.0,0.0,0.0,0.0,0.0
2040-01-06 18:00:00,0.0,0.0,0.0,0.0,0.0,30.891718750237487,0.0,0.0,0.0,0.0,0.0
2040-01-06 19:00:00,0.0,0.0,0.0,0.0,0.0,31.3227968752617,0.0,0.0,0.0,0.0,0.0
2040-01-06 20:00:00,0.0,0.0,0.0,0.0,0.0,31.05385937518312,0.0,0.0,0.0,0.0,0.0
2040-01-06 21:00:00,0.0,0.0,0.0,0.0,0.0,30.565132812713273,0.0,0.0,0.0,0.0,0.0
2040-01-06 22:00:00,0.0,0.0,0.0,0.0,0.0,31.431429687771015,0.0,0.0,0.0,0.0,0.0
2040-01-06 23:00:00,0.0,0.0,0.0,0.0,0.0,32.494109375285916,0.0,0.0,0.0,0.0,0.0
2040-01-07 00:00:00,0.0,0.0,0.0,0.0,0.0,29.71896875021048,0.0,0.0,0.0,0.0,0.0
2040-01-07 01:00:00,0.0,0.0,0.0,0.0,0.0,26.35786718770396,0.0,0.0,0.0,0.0,0.0
2040-01-07 02:00:00,0.0,0.0,0.0,0.0,0.0,24.213656250271015,0.0,0.0,0.0,0.0,0.0
2040-01-07 03:00:00,0.0,0.0,0.0,0.0,0.0,22.03856250026729,0.0,0.0,0.0,0.0,0.0
2040-01-07 04:00:00,0.0,0.0,0.0,0.0,0.0,21.073625000193715,0.0,0.0,0.0,0.0,0.0
2040-01-07 05:00:00,0.0,0.0,0.0,0.0,0.0,19.718328125192784,0.0,0.0,0.0,0.0,0.0
2040-01-07 06:00:00,0.0,0.0,0.0,0.0,0.0,18.08743750024587,0.0,0.0,0.0,0.0,0.0
2040-01-07 07:00:00,0.0,0.0,0.0,0.0,0.0,18.14021875022445,0.0,0.0,0.0,0.0,0.0
2040-01-07 08:00:00,0.0,0.0,0.0,0.0,0.0,18.864953125244938,0.0,0.0,0.0,0.0,0.0
2040-01-07 09:00:00,0.0,0.0,0.0,0.0,0.0,21.204937500180677,0.0,0.0,0.0,0.0,0.0
2040-01-07 10:00:00,0.0,0.0,0.0,0.0,0.0,23.321531250257976,0.0,0.0,0.0,0.0,0.0
2040-01-07 11:00:00,0.0,0.0,0.0,0.0,0.0,25.50089062517509,0.0,0.0,0.0,0.0,0.0
2040-01-07 12:00:00,0.0,0.0,0.0,0.0,0.0,26.950656250235625,0.0,0.0,0.0,0.0,0.0
2040-01-07 13:00:00,0.0,0.0,0.0,0.0,0.0,28.25848437519744,0.0,0.0,0.0,0.0,0.0
2040-01-07 14:00:00,0.0,0.0,0.0,0.0,0.0,28.526328125270084,0.0,0.0,0.0,0.0,0.0
2040-01-07 15:00:00,0.0,0.0,0.0,0.0,0.0,16.9935363586239,0.0,0.0,0.0,0.0,0.0
2040-01-07 16:00:00,0.0,0.0,0.0,0.0,0.0,27.388109375257045,0.0,0.0,0.0,0.0,0.0
2040-01-07 17:00:00,0.0,0.0,0.0,0.0,0.0,13.943470117837174,0.0,0.0,0.0,0.0,0.0
2040-01-07 18:00:00,0.0,0.0,0.0,0.0,0.0,27.42437500017695,0.0,0.0,0.0,0.0,0.0
2040-01-07 19:00:00,0.0,0.0,0.0,0.0,0.0,27.79318750021048,0.0,0.0,0.0,0.0,0.0
2040-01-07 20:00:00,0.0,0.0,0.0,0.0,0.0,28.888109375257045,0.0,0.0,0.0,0.0,0.0
2040-01-07 21:00:00,0.0,0.0,0.0,0.0,0.0,29.68251562525984,0.0,0.0,0.0,0.0,0.0
2040-01-07 22:00:00,0.0,0.0,0.0,0.0,0.0,30.24771875026636,0.0,0.0,0.0,0.0,0.0
2040-01-07 23:00:00,0.0,0.0,0.0,0.0,0.0,30.629265625262633,0.0,0.0,0.0,0.0,0.0
2040-01-08 00:00:00,0.0,0.0,0.0,0.0,0.0,27.802125000278465,0.0,0.0,0.0,0.0,0.0
2040-01-08 01:00:00,0.0,0.0,0.0,0.0,0.0,24.600546875270084,0.0,0.0,0.0,0.0,0.0
2040-01-08 02:00:00,0.0,0.0,0.0,0.0,0.0,22.338359375251457,0.0,0.0,0.0,0.0,0.0
2040-01-08 03:00:00,0.0,0.0,0.0,0.0,0.0,20.647703125257976,0.0,0.0,0.0,0.0,0.0
2040-01-08 04:00:00,0.0,0.0,0.0,0.0,0.0,19.975078125251457,0.0,0.0,0.0,0.0,0.0
2040-01-08 05:00:00,0.0,0.0,0.0,0.0,0.0,19.465250000241213,0.0,0.0,0.0,0.0,0.0
2040-01-08 06:00:00,0.0,0.0,0.0,0.0,0.0,18.847265625256114,0.0,0.0,0.0,0.0,0.0
2040-01-08 07:00:00,0.0,0.0,0.0,0.0,0.0,21.371375000220723,0.0,0.0,0.0,0.0,0.0
2040-01-08 08:00:00,0.0,0.0,0.0,0.0,0.0,24.84651562524741,0.0,0.0,0.0,0.0,0.0
2040-01-08 09:00:00,0.0,0.0,0.0,0.0,0.0,29.22328125021886,0.0,0.0,0.0,0.0,0.0
2040-01-08 10:00:00,0.0,0.0,0.0,0.0,0.0,31.917375000193715,0.0,0.0,0.0,0.0,0.0
2040-01-08 11:00:00,0.0,0.0,0.0,0.0,0.0,33.532468750257976,0.0,0.0,0.0,0.0,0.0
2040-01-08 12:00:00,0.0,0.0,0.0,0.0,0.0,36.31826562527567,0.0,0.0,0.0,0.0,0.0
2040-01-08 13:00:00,0.0,0.0,0.0,0.0,0.0,36.364140625228174,0.0,0.0,0.0,0.0,0.0
2040-01-08 14:00:00,0.0,0.0,0.0,0.0,0.0,35.915281250257976,0.0,0.0,0.0,0.0,0.0
2040-01-08 15:00:00,0.0,0.0,0.0,0.0,0.0,35.73543750029057,0.0,0.0,0.0,0.0,0.0
2040-01-08 16:00:00,0.0,0.0,0.0,0.0,0.0,35.120671875192784,0.0,0.0,0.0,0.0,0.0
2040-01-08 17:00:00,0.0,0.0,0.0,0.0,0.0,34.60231250023935,0.0,0.0,0.0,0.0,0.0
2040-01-08 18:00:00,0.0,0.0,0.0,0.0,0.0,33.9601093751844,0.0,0.0,0.0,0.0,0.0
2040-01-08 19:00:00,0.0,0.0,0.0,0.0,0.0,33.16317187529057,0.0,0.0,0.0,0.0,0.0
2040-01-08 20:00:00,0.0,0.0,0.0,0.0,0.0,32.27876562520396,0.0,0.0,0.0,0.0,0.0
2040-01-08 21:00:00,0.0,0.0,0.0,0.0,0.0,31.9337656252319,0.0,0.0,0.0,0.0,0.0
2040-01-08 22:00:00,0.0,0.0,0.0,0.0,0.0,32.64535937528126,0.0,0.0,0.0,0.0,0.0
2040-01-08 23:00:00,0.0,0.0,0.0,0.0,0.0,33.14042187528685,0.0,0.0,0.0,0.0,0.0
2040-01-09 00:00:00,0.0,0.0,0.0,0.0,0.0,28.803828125237487,0.0,0.0,0.0,0.0,0.0
2040-01-09 01:00:00,0.0,0.0,0.0,0.0,0.0,25.131546875229105,0.0,0.0,0.0,0.0,0.0
2040-01-09 02:00:00,0.0,0.0,0.0,0.0,0.0,22.203312500263564,0.0,0.0,0.0,0.0,0.0
2040-01-09 03:00:00,0.0,0.0,0.0,0.0,0.0,20.886078125215136,0.0,0.0,0.0,0.0,0.0
2040-01-09 04:00:00,0.0,0.0,0.0,0.0,0.0,20.249031250248663,0.0,0.0,0.0,0.0,0.0
2040-01-09 05:00:00,0.0,0.0,0.0,0.0,0.0,19.18048437521793,0.0,0.0,0.0,0.0,0.0
2040-01-09 06:00:00,0.0,0.0,0.0,0.0,0.0,19.265593750285916,0.0,0.0,0.0,0.0,0.0
2040-01-09 07:00:00,0.0,0.0,0.0,0.0,0.0,21.894515625201166,0.0,0.0,0.0,0.0,0.0
2040-01-09 08:00:00,0.0,0.0,0.0,0.0,0.0,25.64598437526631,0.0,0.0,0.0,0.0,0.0
2040-01-09 09:00:00,0.0,0.0,0.0,0.0,0.0,30.800359375192784,0.0,0.0,0.0,0.0,0.0
2040-01-09 10:00:00,0.0,0.0,0.0,0.0,0.0,34.126343750278465,0.0,0.0,0.0,0.0,0.0
2040-01-09 11:00:00,0.0,0.0,0.0,0.0,0.0,35.52187500020955,0.0,0.0,0.0,0.0,0.0
2040-01-09 12:00:00,0.0,0.0,0.0,0.0,0.0,36.37920312525239,0.0,0.0,0.0,0.0,0.0
2040-01-09 13:00:00,0.0,0.0,0.0,0.0,0.0,36.87060937518254,0.0,0.0,0.0,0.0,0.0
2040-01-09 14:00:00,0.0,0.0,0.0,0.0,0.0,36.23934375029057,0.0,0.0,0.0,0.0,0.0
2040-01-09 15:00:00,0.0,0.0,0.0,0.0,0.0,36.70925000018906,0.0,0.0,0.0,0.0,0.0
2040-01-09 16:00:00,0.0,0.0,0.0,0.0,0.0,36.36559375026263,0.0,0.0,0.0,0.0,0.0
2040-01-09 17:00:00,0.0,0.0,0.0,0.0,0.0,36.03756250021979,0.0,0.0,0.0,0.0,0.0
2040-01-09 18:00:00,0.0,0.0,0.0,0.0,0.0,35.177718750201166,0.0,0.0,0.0,0.0,0.0
2040-01-09 19:00:00,0.0,0.0,0.0,0.0,0.0,34.50037500017788,0.0,0.0,0.0,0.0,0.0
2040-01-09 20:00:00,0.0,0.0,0.0,0.0,0.0,33.48487500019837,0.0,0.0,0.0,0.0,0.0
2040-01-09 21:00:00,0.0,0.0,0.0,0.0,0.0,33.68593750020955,0.0,0.0,0.0,0.0,0.0
2040-01-09 22:00:00,0.0,0.0,0.0,0.0,0.0,33.51800000027288,0.0,0.0,0.0,0.0,0.0
2040-01-09 23:00:00,0.0,0.0,0.0,0.0,0.0,33.95396875019651,0.0,0.0,0.0,0.0,0.0
2040-01-10 00:00:00,0.0,0.0,0.0,0.0,0.0,30.483375000185333,0.0,0.0,0.0,0.0,0.0
2040-01-10 01:00:00,0.0,0.0,0.0,0.0,0.0,26.371125000179745,0.0,0.0,0.0,0.0,0.0
2040-01-10 02:00:00,0.0,0.0,0.0,0.0,0.0,24.24875000026077,0.0,0.0,0.0,0.0,0.0
2040-01-10 03:00:00,0.0,0.0,0.0,0.0,0.0,22.86253125022631,0.0,0.0,0.0,0.0,0.0
2040-01-10 04:00:00,0.0,0.0,0.0,0.0,0.0,21.852156250271946,0.0,0.0,0.0,0.0,0.0
2040-01-10 05:00:00,0.0,0.0,0.0,0.0,0.0,21.552000000257976,0.0,0.0,0.0,0.0,0.0
2040-01-10 06:00:00,0.0,0.0,0.0,0.0,0.0,20.69987500028219,0.0,0.0,0.0,0.0,0.0
2040-01-10 07:00:00,0.0,0.0,0.0,0.0,0.0,23.40765625028871,0.0,0.0,0.0,0.0,0.0
2040-01-10 08:00:00,0.0,0.0,0.0,0.0,0.0,27.95965625019744,0.0,0.0,0.0,0.0,0.0
2040-01-10 09:00:00,0.0,0.0,0.0,0.0,0.0,31.250187500263564,0.0,0.0,0.0,0.0,0.0
2040-01-10 10:00:00,0.0,0.0,0.0,0.0,0.0,33.19268750026822,0.0,0.0,0.0,0.0,0.0
2040-01-10 11:00:00,0.0,0.0,0.0,0.0,0.0,34.672656250186265,0.0,0.0,0.0,0.0,0.0
2040-01-10 12:00:00,0.0,0.0,0.0,0.0,0.0,34.814062500256114,0.0,0.0,0.0,0.0,0.0
2040-01-10 13:00:00,0.0,0.0,0.0,0.0,0.0,36.613343750243075,0.0,0.0,0.0,0.0,0.0
2040-01-10 14:00:00,0.0,0.0,0.0,0.0,0.0,36.10971875023097,0.0,0.0,0.0,0.0,0.0
2040-01-10 15:00:00,0.0,0.0,0.0,0.0,0.0,36.63481250021141,0.0,0.0,0.0,0.0,0.0
2040-01-10 16:00:00,0.0,0.0,0.0,0.0,0.0,35.15531250019558,0.0,0.0,0.0,0.0,0.0
2040-01-10 17:00:00,0.0,0.0,0.0,0.0,0.0,33.685656250221655,0.0,0.0,0.0,0.0,0.0
2040-01-10 18:00:00,0.0,0.0,0.0,0.0,0.0,32.84650000021793,0.0,0.0,0.0,0.0,0.0
2040-01-10 19:00:00,0.0,0.0,0.0,0.0,0.0,32.12937500025146,0.0,0.0,0.0,0.0,0.0
2040-01-10 20:00:00,0.0,0.0,0.0,0.0,0.0,31.03050000022631,0.0,0.0,0.0,0.0,0.0
2040-01-10 21:00:00,0.0,0.0,0.0,0.0,0.0,30.406093750265427,0.0,0.0,0.0,0.0,0.0
2040-01-10 22:00:00,0.0,0.0,0.0,0.0,0.0,31.033625000272878,0.0,0.0,0.0,0.0,0.0
2040-01-10 23:00:00,0.0,0.0,0.0,0.0,0.0,32.35303125018254,0.0,0.0,0.0,0.0,0.0
2040-01-11 00:00:00,0.0,0.0,0.0,0.0,0.0,29.231406250270084,0.0,0.0,0.0,0.0,0.0
2040-01-11 01:00:00,0.0,0.0,0.0,0.0,0.0,26.02784375019837,0.0,0.0,0.0,0.0,0.0
2040-01-11 02:00:00,0.0,0.0,0.0,0.0,0.0,23.710093750269152,0.0,0.0,0.0,0.0,0.0
2040-01-11 03:00:00,0.0,0.0,0.0,0.0,0.0,22.47528125019744,0.0,0.0,0.0,0.0,0.0
2040-01-11 04:00:00,0.0,0.0,0.0,0.0,0.0,21.475031250272878,0.0,0.0,0.0,0.0,0.0
2040-01-11 05:00:00,0.0,0.0,0.0,0.0,0.0,21.022343750228174,0.0,0.0,0.0,0.0,0.0
2040-01-11 06:00:00,0.0,0.0,0.0,0.0,0.0,20.779531250242144,0.0,0.0,0.0,0.0,0.0
2040-01-11 07:00:00,0.0,0.0,0.0,0.0,0.0,24.73956250026822,0.0,0.0,0.0,0.0,0.0
2040-01-11 08:00:00,0.0,0.0,0.0,0.0,0.0,27.914843750186265,0.0,0.0,0.0,0.0,0.0
2040-01-11 09:00:00,0.0,0.0,0.0,0.0,0.0,30.164031250285916,0.0,0.0,0.0,0.0,0.0
2040-01-11 10:00:00,0.0,0.0,0.0,0.0,0.0,32.597062500193715,0.0,0.0,0.0,0.0,0.0
2040-01-11 11:00:00,0.0,0.0,0.0,0.0,0.0,34.65900000021793,0.0,0.0,0.0,0.0,0.0
2040-01-11 12:00:00,0.0,0.0,0.0,0.0,0.0,35.071281250217,0.0,0.0,0.0,0.0,0.0
2040-01-11 13:00:00,0.0,0.0,0.0,0.0,0.0,34.92934375023469,0.0,0.0,0.0,0.0,0.0
2040-01-11 14:00:00,0.0,0.0,0.0,0.0,0.0,34.67431250028312,0.0,0.0,0.0,0.0,0.0
2040-01-11 15:00:00,0.0,0.0,0.0,0.0,0.0,35.39893750019837,0.0,0.0,0.0,0.0,0.0
2040-01-11 16:00:00,0.0,0.0,0.0,0.0,0.0,35.61959375021979,0.0,0.0,0.0,0.0,0.0
2040-01-11 17:00:00,0.0,0.0,0.0,0.0,0.0,34.1974375002319,0.0,0.0,0.0,0.0,0.0
2040-01-11 18:00:00,0.0,0.0,0.0,0.0,0.0,33.22900000028312,0.0,0.0,0.0,0.0,0.0
2040-01-11 19:00:00,0.0,0.0,0.0,0.0,0.0,32.70009375025984,0.0,0.0,0.0,0.0,0.0
2040-01-11 20:00:00,0.0,0.0,0.0,0.0,0.0,31.91178125026636,0.0,0.0,0.0,0.0,0.0
2040-01-11 21:00:00,0.0,0.0,0.0,0.0,0.0,31.615843750187196,0.0,0.0,0.0,0.0,0.0
2040-01-11 22:00:00,0.0,0.0,0.0,0.0,0.0,32.64675000018906,0.0,0.0,0.0,0.0,0.0
2040-01-11 23:00:00,0.0,0.0,0.0,0.0,0.0,34.21521875017788,0.0,0.0,0.0,0.0,0.0
2040-01-12 00:00:00,0.0,0.0,0.0,0.0,0.0,30.38818750018254,0.0,0.0,0.0,0.0,0.0
2040-01-12 01:00:00,0.0,0.0,0.0,0.0,0.0,27.05921875021886,0.0,0.0,0.0,0.0,0.0
2040-01-12 02:00:00,0.0,0.0,0.0,0.0,0.0,24.871031250222586,0.0,0.0,0.0,0.0,0.0
2040-01-12 03:00:00,0.0,0.0,0.0,0.0,0.0,23.31200000026729,0.0,0.0,0.0,0.0,0.0
2040-01-12 04:00:00,0.0,0.0,0.0,0.0,0.0,22.32431250018999,0.0,0.0,0.0,0.0,0.0
2040-01-12 05:00:00,0.0,0.0,0.0,0.0,0.0,21.820906250271946,0.0,0.0,0.0,0.0,0.0
2040-01-12 06:00:00,0.0,0.0,0.0,0.0,0.0,21.692312500206754,0.0,0.0,0.0,0.0,0.0
2040-01-12 07:00:00,0.0,0.0,0.0,0.0,0.0,24.73096875019837,0.0,0.0,0.0,0.0,0.0
2040-01-12 08:00:00,0.0,0.0,0.0,0.0,0.0,27.702031250228174,0.0,0.0,0.0,0.0,0.0
2040-01-12 09:00:00,0.0,0.0,0.0,0.0,0.0,30.84850000019651,0.0,0.0,0.0,0.0,0.0
2040-01-12 10:00:00,0.0,0.0,0.0,0.0,0.0,33.35978125024121,0.0,0.0,0.0,0.0,0.0
2040-01-12 11:00:00,0.0,0.0,0.0,0.0,0.0,35.08950000023469,0.0,0.0,0.0,0.0,0.0
2040-01-12 12:00:00,0.0,0.0,0.0,0.0,0.0,36.01203125028405,0.0,0.0,0.0,0.0,0.0
2040-01-12 13:00:00,0.0,0.0,0.0,0.0,0.0,35.71521875017788,0.0,0.0,0.0,0.0,0.0
2040-01-12 14:00:00,0.0,0.0,0.0,0.0,0.0,35.391968750278465,0.0,0.0,0.0,0.0,0.0
2040-01-12 15:00:00,0.0,0.0,0.0,0.0,0.0,35.97150000021793,0.0,0.0,0.0,0.0,0.0
2040-01-12 16:00:00,0.0,0.0,0.0,0.0,0.0,35.0524687502766,0.0,0.0,0.0,0.0,0.0
2040-01-12 17:00:00,0.0,0.0,0.0,0.0,0.0,33.9865000002319,0.0,0.0,0.0,0.0,0.0
2040-01-12 18:00:00,0.0,0.0,0.0,0.0,0.0,33.117156250285916,0.0,0.0,0.0,0.0,0.0
2040-01-12 19:00:00,0.0,0.0,0.0,0.0,0.0,32.51787500025239,0.0,0.0,0.0,0.0,0.0
2040-01-12 20:00:00,0.0,0.0,0.0,0.0,0.0,31.379500000271946,0.0,0.0,0.0,0.0,0.0
2040-01-12 21:00:00,0.0,0.0,0.0,0.0,0.0,30.743500000215136,0.0,0.0,0.0,0.0,0.0
2040-01-12 22:00:00,0.0,0.0,0.0,0.0,0.0,32.3552812502021,0.0,0.0,0.0,0.0,0.0
2040-01-12 23:00:00,0.0,0.0,0.0,0.0,0.0,33.21590625029057,0.0,0.0,0.0,0.0,0.0
2040-01-13 00:00:00,0.0,0.0,0.0,0.0,0.0,31.232125000213273,0.0,0.0,0.0,0.0,0.0
2040-01-13 01:00:00,0.0,0.0,0.0,0.0,0.0,28.182781250216067,0.0,0.0,0.0,0.0,0.0
2040-01-13 02:00:00,0.0,0.0,0.0,0.0,0.0,25.961875000270084,0.0,0.0,0.0,0.0,0.0
2040-01-13 03:00:00,0.0,0.0,0.0,0.0,0.0,25.167718750191852,0.0,0.0,0.0,0.0,0.0
2040-01-13 04:00:00,0.0,0.0,0.0,0.0,0.0,23.727718750247732,0.0,0.0,0.0,0.0,0.0
2040-01-13 05:00:00,0.0,0.0,0.0,0.0,0.0,23.116843750234693,0.0,0.0,0.0,0.0,0.0
2040-01-13 06:00:00,0.0,0.0,0.0,0.0,0.0,20.53265625028871,0.0,0.0,0.0,0.0,0.0
2040-01-13 07:00:00,0.0,0.0,0.0,0.0,0.0,20.80353125021793,0.0,0.0,0.0,0.0,0.0
2040-01-13 08:00:00,0.0,0.0,0.0,0.0,0.0,21.40650000027381,0.0,0.0,0.0,0.0,0.0
2040-01-13 09:00:00,0.0,0.0,0.0,0.0,0.0,24.920656250207685,0.0,0.0,0.0,0.0,0.0
2040-01-13 10:00:00,0.0,0.0,0.0,0.0,0.0,28.33003125025425,0.0,0.0,0.0,0.0,0.0
2040-01-13 11:00:00,0.0,0.0,0.0,0.0,0.0,30.802500000223517,0.0,0.0,0.0,0.0,0.0
2040-01-13 12:00:00,0.0,0.0,0.0,0.0,0.0,33.28928125021048,0.0,0.0,0.0,0.0,0.0
2040-01-13 13:00:00,0.0,0.0,0.0,0.0,0.0,33.03087500028778,0.0,0.0,0.0,0.0,0.0
2040-01-13 14:00:00,0.0,0.0,0.0,0.0,0.0,32.88256250019185,0.0,0.0,0.0,0.0,0.0
2040-01-13 15:00:00,0.0,0.0,0.0,0.0,0.0,32.38743750017602,0.0,0.0,0.0,0.0,0.0
2040-01-13 16:00:00,0.0,0.0,0.0,0.0,0.0,30.759625000180677,0.0,0.0,0.0,0.0,0.0
2040-01-13 17:00:00,0.0,0.0,0.0,0.0,0.0,29.701812500250526,0.0,0.0,0.0,0.0,0.0
2040-01-13 18:00:00,0.0,0.0,0.0,0.0,0.0,29.25062500021886,0.0,0.0,0.0,0.0,0.0
2040-01-13 19:00:00,0.0,0.0,0.0,0.0,0.0,29.36137500021141,0.0,0.0,0.0,0.0,0.0
2040-01-13 20:00:00,0.0,0.0,0.0,0.0,0.0,28.89190625026822,0.0,0.0,0.0,0.0,0.0
2040-01-13 21:00:00,0.0,0.0,0.0,0.0,0.0,28.62043750018347,0.0,0.0,0.0,0.0,0.0
2040-01-13 22:00:00,0.0,0.0,0.0,0.0,0.0,29.342187500209548,0.0,0.0,0.0,0.0,0.0
2040-01-13 23:00:00,0.0,0.0,0.0,0.0,0.0,30.532781250192784,0.0,0.0,0.0,0.0,0.0
2040-01-14 00:00:00,0.0,0.0,0.0,0.0,0.0,28.300937500200178,0.0,0.0,0.0,0.0,0.0
2040-01-14 01:00:00,0.0,0.0,0.0,0.0,0.0,25.995083984569646,0.0,0.0,0.0,0.0,0.0
2040-01-14 02:00:00,0.0,0.0,0.0,0.0,0.0,23.944739258033223,0.0,0.0,0.0,0.0,0.0
2040-01-14 03:00:00,0.0,0.0,0.0,0.0,0.0,22.89221435575746,0.0,0.0,0.0,0.0,0.0
2040-01-14 04:00:00,0.0,0.0,0.0,0.0,0.0,21.60155126976315,0.0,0.0,0.0,0.0,0.0
2040-01-14 05:00:00,0.0,0.0,0.0,0.0,0.0,19.747828125255182,0.0,0.0,0.0,0.0,0.0
2040-01-14 06:00:00,0.0,0.0,0.0,0.0,0.0,17.53011132834945,0.0,0.0,0.0,0.0,0.0
2040-01-14 07:00:00,0.0,0.0,0.0,0.0,0.0,18.00125000020489,0.0,0.0,0.0,0.0,0.0
2040-01-14 08:00:00,0.0,0.0,0.0,0.0,0.0,19.166771484655328,0.0,0.0,0.0,0.0,0.0
2040-01-14 09:00:00,0.0,0.0,0.0,0.0,0.0,21.047924804966897,0.0,0.0,0.0,0.0,0.0
2040-01-14 10:00:00,0.0,0.0,0.0,0.0,0.0,24.031158203375526,0.0,0.0,0.0,0.0,0.0
2040-01-14 11:00:00,0.0,0.0,0.0,0.0,0.0,27.48725781275425,0.0,0.0,0.0,0.0,0.0
2040-01-14 12:00:00,0.0,0.0,0.0,0.0,0.0,29.291138672153465,0.0,0.0,0.0,0.0,0.0
2040-01-14 13:00:00,0.0,0.0,0.0,0.0,0.0,31.16084570332896,0.0,0.0,0.0,0.0,0.0
2040-01-14 14:00:00,0.0,0.0,0.0,0.0,0.0,31.321558594005182,0.0,0.0,0.0,0.0,0.0
2040-01-14 15:00:00,0.0,0.0,0.0,0.0,0.0,31.103843750199303,0.0,0.0,0.0,0.0,0.0
2040-01-14 16:00:00,0.0,0.0,0.0,0.0,0.0,30.311980469035916,0.0,0.0,0.0,0.0,0.0
2040-01-14 17:00:00,0.0,0.0,0.0,0.0,0.0,30.028386718942784,0.0,0.0,0.0,0.0,0.0
2040-01-14 18:00:00,0.0,0.0,0.0,0.0,0.0,29.442105468944646,0.0,0.0,0.0,0.0,0.0
2040-01-14 19:00:00,0.0,0.0,0.0,0.0,0.0,29.410945312702097,0.0,0.0,0.0,0.0,0.0
2040-01-14 20:00:00,0.0,0.0,0.0,0.0,0.0,29.643796875257976,0.0,0.0,0.0,0.0,0.0
2040-01-14 21:00:00,0.0,0.0,0.0,0.0,0.0,30.01927343767602,0.0,0.0,0.0,0.0,0.0
2040-01-14 22:00:00,0.0,0.0,0.0,0.0,0.0,31.83038281276822,0.0,0.0,0.0,0.0,0.0
2040-01-14 23:00:00,0.0,0.0,0.0,0.0,0.0,32.01012500026263,0.0,0.0,0.0,0.0,0.0
2040-01-15 00:00:00,0.0,0.0,0.0,0.0,0.0,28.59565625025425,0.0,0.0,0.0,0.0,0.0
2040-01-15 01:00:00,0.0,0.0,0.0,0.0,0.0,24.917058593942784,0.0,0.0,0.0,0.0,0.0
2040-01-15 02:00:00,0.0,0.0,0.0,0.0,0.0,22.01358203147538,0.0,0.0,0.0,0.0,0.0
2040-01-15 03:00:00,0.0,0.0,0.0,0.0,0.0,21.34700000018347,0.0,0.0,0.0,0.0,0.0
2040-01-15 04:00:00,0.0,0.0,0.0,0.0,0.0,20.282507812722404,0.0,0.0,0.0,0.0,0.0
2040-01-15 05:00:00,0.0,0.0,0.0,0.0,0.0,19.486484375200234,0.0,0.0,0.0,0.0,0.0
2040-01-15 06:00:00,0.0,0.0,0.0,0.0,0.0,18.587656250223517,0.0,0.0,0.0,0.0,0.0
2040-01-15 07:00:00,0.0,0.0,0.0,0.0,0.0,21.80436718778219,0.0,0.0,0.0,0.0,0.0
2040-01-15 08:00:00,0.0,0.0,0.0,0.0,0.0,25.582195312716067,0.0,0.0,0.0,0.0,0.0
2040-01-15 09:00:00,0.0,0.0,0.0,0.0,0.0,29.815132812713273,0.0,0.0,0.0,0.0,0.0
2040-01-15 10:00:00,0.0,0.0,0.0,0.0,0.0,32.87858593778219,0.0,0.0,0.0,0.0,0.0
2040-01-15 11:00:00,0.0,0.0,0.0,0.0,0.0,34.57675000024028,0.0,0.0,0.0,0.0,0.0
2040-01-15 12:00:00,0.0,0.0,0.0,0.0,0.0,35.227203125250526,0.0,0.0,0.0,0.0,0.0
2040-01-15 13:00:00,0.0,0.0,0.0,0.0,0.0,35.76801562518813,0.0,0.0,0.0,0.0,0.0
2040-01-15 14:00:00,0.0,0.0,0.0,0.0,0.0,34.9007421877468,0.0,0.0,0.0,0.0,0.0
2040-01-15 15:00:00,0.0,0.0,0.0,0.0,0.0,34.9095312502468,0.0,0.0,0.0,0.0,0.0
2040-01-15 16:00:00,0.0,0.0,0.0,0.0,0.0,33.97906250017695,0.0,0.0,0.0,0.0,0.0
2040-01-15 17:00:00,0.0,0.0,0.0,0.0,0.0,33.25588281278033,0.0,0.0,0.0,0.0,0.0
2040-01-15 18:00:00,0.0,0.0,0.0,0.0,0.0,32.617125000222586,0.0,0.0,0.0,0.0,0.0
2040-01-15 19:00:00,0.0,0.0,0.0,0.0,0.0,32.33287500019651,0.0,0.0,0.0,0.0,0.0
2040-01-15 20:00:00,0.0,0.0,0.0,0.0,0.0,31.601906250230968,0.0,0.0,0.0,0.0,0.0
2040-01-15 21:00:00,0.0,0.0,0.0,0.0,0.0,30.88559375028126,0.0,0.0,0.0,0.0,0.0
2040-01-15 22:00:00,0.0,0.0,0.0,0.0,0.0,32.23743750026915,0.0,0.0,0.0,0.0,0.0
2040-01-15 23:00:00,0.0,0.0,0.0,0.0,0.0,31.977226562681608,0.0,0.0,0.0,0.0,0.0
2040-01-16 00:00:00,0.0,0.0,0.0,0.0,0.0,28.819531250279397,0.0,0.0,0.0,0.0,0.0
2040-01-16 01:00:00,0.0,0.0,0.0,0.0,0.0,25.39607812522445,0.0,0.0,0.0,0.0,0.0
2040-01-16 02:00:00,0.0,0.0,0.0,0.0,0.0,23.02742187527474,0.0,0.0,0.0,0.0,0.0
2040-01-16 03:00:00,0.0,0.0,0.0,0.0,0.0,21.85133593773935,0.0,0.0,0.0,0.0,0.0
2040-01-16 04:00:00,0.0,0.0,0.0,0.0,0.0,21.30921875021886,0.0,0.0,0.0,0.0,0.0
2040-01-16 05:00:00,0.0,0.0,0.0,0.0,0.0,21.691265625180776,0.0,0.0,0.0,0.0,0.0
2040-01-16 06:00:00,0.0,0.0,0.0,0.0,0.0,21.156140625244007,0.0,0.0,0.0,0.0,0.0
2040-01-16 07:00:00,0.0,0.0,0.0,0.0,0.0,23.895593750290573,0.0,0.0,0.0,0.0,0.0
2040-01-16 08:00:00,0.0,0.0,0.0,0.0,0.0,27.970906250178814,0.0,0.0,0.0,0.0,0.0
2040-01-16 09:00:00,0.0,0.0,0.0,0.0,0.0,32.128343750257045,0.0,0.0,0.0,0.0,0.0
2040-01-16 10:00:00,0.0,0.0,0.0,0.0,0.0,35.00431250024121,0.0,0.0,0.0,0.0,0.0
2040-01-16 11:00:00,0.0,0.0,0.0,0.0,0.0,36.59409375023097,0.0,0.0,0.0,0.0,0.0
2040-01-16 12:00:00,0.0,0.0,0.0,0.0,0.0,38.64400000020396,0.0,0.0,0.0,0.0,0.0
2040-01-16 13:00:00,0.0,0.0,0.0,0.0,0.0,39.67881250020582,0.0,0.0,0.0,0.0,0.0
2040-01-16 14:00:00,0.0,0.0,0.0,0.0,0.0,38.96429687528871,0.0,0.0,0.0,0.0,0.0
2040-01-16 15:00:00,0.0,0.0,0.0,0.0,0.0,39.27614062523935,0.0,0.0,0.0,0.0,0.0
2040-01-16 16:00:00,0.0,0.0,0.0,0.0,0.0,38.00246875023004,0.0,0.0,0.0,0.0,0.0
2040-01-16 17:00:00,0.0,0.0,0.0,0.0,0.0,36.27937500027474,0.0,0.0,0.0,0.0,0.0
2040-01-16 18:00:00,0.0,0.0,0.0,0.0,0.0,33.283390625263564,0.0,0.0,0.0,0.0,0.0
2040-01-16 19:00:00,0.0,0.0,0.0,0.0,0.0,32.78696875018068,0.0,0.0,0.0,0.0,0.0
2040-01-16 20:00:00,0.0,0.0,0.0,0.0,0.0,32.02078125020489,0.0,0.0,0.0,0.0,0.0
2040-01-16 21:00:00,0.0,0.0,0.0,0.0,0.0,31.285562500241213,0.0,0.0,0.0,0.0,0.0
2040-01-16 22:00:00,0.0,0.0,0.0,0.0,0.0,32.7634062502766,0.0,0.0,0.0,0.0,0.0
2040-01-16 23:00:00,0.0,0.0,0.0,0.0,0.0,33.89106250018813,0.0,0.0,0.0,0.0,0.0
2040-01-17 00:00:00,0.0,0.0,0.0,0.0,0.0,30.817343750270084,0.0,0.0,0.0,0.0,0.0
2040-01-17 01:00:00,0.0,0.0,0.0,0.0,0.0,27.535015625180677,0.0,0.0,0.0,0.0,0.0
2040-01-17 02:00:00,0.0,0.0,0.0,0.0,0.0,25.699500000220723,0.0,0.0,0.0,0.0,0.0
2040-01-17 03:00:00,0.0,0.0,0.0,0.0,0.0,23.658687500283122,0.0,0.0,0.0,0.0,0.0
2040-01-17 04:00:00,0.0,0.0,0.0,0.0,0.0,21.964781250222586,0.0,0.0,0.0,0.0,0.0
2040-01-17 05:00:00,0.0,0.0,0.0,0.0,0.0,21.2736093752319,0.0,0.0,0.0,0.0,0.0
2040-01-17 06:00:00,0.0,0.0,0.0,0.0,0.0,20.514437500271015,0.0,0.0,0.0,0.0,0.0
2040-01-17 07:00:00,0.0,0.0,0.0,0.0,0.0,22.848468750249616,0.0,0.0,0.0,0.0,0.0
2040-01-17 08:00:00,0.0,0.0,0.0,0.0,0.0,26.86610937525984,0.0,0.0,0.0,0.0,0.0
2040-01-17 09:00:00,0.0,0.0,0.0,0.0,0.0,30.798484375234693,0.0,0.0,0.0,0.0,0.0
2040-01-17 10:00:00,0.0,0.0,0.0,0.0,0.0,33.271421875222586,0.0,0.0,0.0,0.0,0.0
2040-01-17 11:00:00,0.0,0.0,0.0,0.0,0.0,34.9407812502468,0.0,0.0,0.0,0.0,0.0
2040-01-17 12:00:00,0.0,0.0,0.0,0.0,0.0,35.38065625028685,0.0,0.0,0.0,0.0,0.0
2040-01-17 13:00:00,0.0,0.0,0.0,0.0,0.0,35.679250000277534,0.0,0.0,0.0,0.0,0.0
2040-01-17 14:00:00,0.0,0.0,0.0,0.0,0.0,35.072265625,0.0,0.0,0.0,0.0,0.0
2040-01-17 15:00:00,0.0,0.0,0.0,0.0,0.0,35.663015625206754,0.0,0.0,0.0,0.0,0.0
2040-01-17 16:00:00,0.0,0.0,0.0,0.0,0.0,35.36232812528033,0.0,0.0,0.0,0.0,0.0
2040-01-17 17:00:00,0.0,0.0,0.0,0.0,0.0,35.01010937523097,0.0,0.0,0.0,0.0,0.0
2040-01-17 18:00:00,0.0,0.0,0.0,0.0,0.0,32.52187500020955,0.0,0.0,0.0,0.0,0.0
2040-01-17 19:00:00,0.0,0.0,0.0,0.0,0.0,31.40492187521886,0.0,0.0,0.0,0.0,0.0
2040-01-17 20:00:00,0.0,0.0,0.0,0.0,0.0,30.436109375208616,0.0,0.0,0.0,0.0,0.0
2040-01-17 21:00:00,0.0,0.0,0.0,0.0,0.0,29.771890625241213,0.0,0.0,0.0,0.0,0.0
2040-01-17 22:00:00,0.0,0.0,0.0,0.0,0.0,31.525671875220723,0.0,0.0,0.0,0.0,0.0
2040-01-17 23:00:00,0.0,0.0,0.0,0.0,0.0,32.37604687525891,0.0,0.0,0.0,0.0,0.0
2040-01-18 00:00:00,0.0,0.0,0.0,0.0,0.0,28.426921875216067,0.0,0.0,0.0,0.0,0.0
2040-01-18 01:00:00,0.0,0.0,0.0,0.0,0.0,25.375234375242144,0.0,0.0,0.0,0.0,0.0
2040-01-18 02:00:00,0.0,0.0,0.0,0.0,0.0,22.90264062525239,0.0,0.0,0.0,0.0,0.0
2040-01-18 03:00:00,0.0,0.0,0.0,0.0,0.0,21.53701562527567,0.0,0.0,0.0,0.0,0.0
2040-01-18 04:00:00,0.0,0.0,0.0,0.0,0.0,20.993843750213273,0.0,0.0,0.0,0.0,0.0
2040-01-18 05:00:00,0.0,0.0,0.0,0.0,0.0,20.50610937527381,0.0,0.0,0.0,0.0,0.0
2040-01-18 06:00:00,0.0,0.0,0.0,0.0,0.0,19.929343750234693,0.0,0.0,0.0,0.0,0.0
2040-01-18 07:00:00,0.0,0.0,0.0,0.0,0.0,22.40965625026729,0.0,0.0,0.0,0.0,0.0
2040-01-18 08:00:00,0.0,0.0,0.0,0.0,0.0,26.79256250022445,0.0,0.0,0.0,0.0,0.0
2040-01-18 09:00:00,0.0,0.0,0.0,0.0,0.0,32.571843750192784,0.0,0.0,0.0,0.0,0.0
2040-01-18 10:00:00,0.0,0.0,0.0,0.0,0.0,35.10446875018533,0.0,0.0,0.0,0.0,0.0
2040-01-18 11:00:00,0.0,0.0,0.0,0.0,0.0,36.56815625028685,0.0,0.0,0.0,0.0,0.0
2040-01-18 12:00:00,0.0,0.0,0.0,0.0,0.0,37.062468750285916,0.0,0.0,0.0,0.0,0.0
2040-01-18 13:00:00,0.0,0.0,0.0,0.0,0.0,37.63503125018906,0.0,0.0,0.0,0.0,0.0
2040-01-18 14:00:00,0.0,0.0,0.0,0.0,0.0,36.48621875024401,0.0,0.0,0.0,0.0,0.0
2040-01-18 15:00:00,0.0,0.0,0.0,0.0,0.0,36.64881250017788,0.0,0.0,0.0,0.0,0.0
2040-01-18 16:00:00,0.0,0.0,0.0,0.0,0.0,36.018343750271015,0.0,0.0,0.0,0.0,0.0
2040-01-18 17:00:00,0.0,0.0,0.0,0.0,0.0,35.09125000028871,0.0,0.0,0.0,0.0,0.0
2040-01-18 18:00:00,0.0,0.0,0.0,0.0,0.0,33.77453125023749,0.0,0.0,0.0,0.0,0.0
2040-01-18 19:00:00,0.0,0.0,0.0,0.0,0.0,32.132125000236556,0.0,0.0,0.0,0.0,0.0
2040-01-18 20:00:00,0.0,0.0,0.0,0.0,0.0,32.27056250022724,0.0,0.0,0.0,0.0,0.0
2040-01-18 21:00:00,0.0,0.0,0.0,0.0,0.0,32.091156250215136,0.0,0.0,0.0,0.0,0.0
2040-01-18 22:00:00,0.0,0.0,0.0,0.0,0.0,33.88137500023004,0.0,0.0,0.0,0.0,0.0
2040-01-18 23:00:00,0.0,0.0,0.0,0.0,0.0,32.49468750017695,0.0,0.0,0.0,0.0,0.0
2040-01-19 00:00:00,0.0,0.0,0.0,0.0,0.0,29.539625000208616,0.0,0.0,0.0,0.0,0.0
2040-01-19 01:00:00,0.0,0.0,0.0,0.0,0.0,26.484718750230968,0.0,0.0,0.0,0.0,0.0
2040-01-19 02:00:00,0.0,0.0,0.0,0.0,0.0,23.977750000194646,0.0,0.0,0.0,0.0,0.0
2040-01-19 03:00:00,0.0,0.0,0.0,0.0,0.0,23.15068750025239,0.0,0.0,0.0,0.0,0.0
2040-01-19 04:00:00,0.0,0.0,0.0,0.0,0.0,22.061031250283122,0.0,0.0,0.0,0.0,0.0
2040-01-19 05:00:00,0.0,0.0,0.0,0.0,0.0,20.655156250228174,0.0,0.0,0.0,0.0,0.0
2040-01-19 06:00:00,0.0,0.0,0.0,0.0,0.0,19.541656250250526,0.0,0.0,0.0,0.0,0.0
2040-01-19 07:00:00,0.0,0.0,0.0,0.0,0.0,21.95184375019744,0.0,0.0,0.0,0.0,0.0
2040-01-19 08:00:00,0.0,0.0,0.0,0.0,0.0,25.931875000242144,0.0,0.0,0.0,0.0,0.0
2040-01-19 09:00:00,0.0,0.0,0.0,0.0,0.0,31.170968750258908,0.0,0.0,0.0,0.0,0.0
2040-01-19 10:00:00,0.0,0.0,0.0,0.0,0.0,35.28640625020489,0.0,0.0,0.0,0.0,0.0
2040-01-19 11:00:00,0.0,0.0,0.0,0.0,0.0,36.888875000178814,0.0,0.0,0.0,0.0,0.0
2040-01-19 12:00:00,0.0,0.0,0.0,0.0,0.0,37.20950000023004,0.0,0.0,0.0,0.0,0.0
2040-01-19 13:00:00,0.0,0.0,0.0,0.0,0.0,37.51712500024587,0.0,0.0,0.0,0.0,0.0
2040-01-19 14:00:00,0.0,0.0,0.0,0.0,0.0,36.70703125,0.0,0.0,0.0,0.0,0.0
2040-01-19 15:00:00,0.0,0.0,0.0,0.0,0.0,36.306125000235625,0.0,0.0,0.0,0.0,0.0
2040-01-19 16:00:00,0.0,0.0,0.0,0.0,0.0,35.79750000021886,0.0,0.0,0.0,0.0,0.0
2040-01-19 17:00:00,0.0,0.0,0.0,0.0,0.0,35.05768750025891,0.0,0.0,0.0,0.0,0.0
2040-01-19 18:00:00,0.0,0.0,0.0,0.0,0.0,35.024656250257976,0.0,0.0,0.0,0.0,0.0
2040-01-19 19:00:00,0.0,0.0,0.0,0.0,0.0,34.29656250018161,0.0,0.0,0.0,0.0,0.0
2040-01-19 20:00:00,0.0,0.0,0.0,0.0,0.0,33.5903750002617,0.0,0.0,0.0,0.0,0.0
2040-01-19 21:00:00,0.0,0.0,0.0,0.0,0.0,33.68287500028964,0.0,0.0,0.0,0.0,0.0
2040-01-19 22:00:00,0.0,0.0,0.0,0.0,0.0,34.62684375024401,0.0,0.0,0.0,0.0,0.0
2040-01-19 23:00:00,0.0,0.0,0.0,0.0,0.0,34.61781250021886,0.0,0.0,0.0,0.0,0.0
2040-01-20 00:00:00,0.0,0.0,0.0,0.0,0.0,30.61390625021886,0.0,0.0,0.0,0.0,0.0
2040-01-20 01:00:00,0.0,0.0,0.0,0.0,0.0,28.006593750207685,0.0,0.0,0.0,0.0,0.0
2040-01-20 02:00:00,0.0,0.0,0.0,0.0,0.0,26.232875000219792,0.0,0.0,0.0,0.0,0.0
2040-01-20 03:00:00,0.0,0.0,0.0,0.0,0.0,24.503218750256995,0.0,0.0,0.0,0.0,0.0
2040-01-20 04:00:00,0.0,0.0,0.0,0.0,0.0,22.579312500194646,0.0,0.0,0.0,0.0,0.0
2040-01-20 05:00:00,0.0,0.0,0.0,0.0,0.0,22.16065625019837,0.0,0.0,0.0,0.0,0.0
2040-01-20 06:00:00,0.0,0.0,0.0,0.0,0.0,19.964000000269152,0.0,0.0,0.0,0.0,0.0
2040-01-20 07:00:00,0.0,0.0,0.0,0.0,0.0,20.34321875020396,0.0,0.0,0.0,0.0,0.0
2040-01-20 08:00:00,0.0,0.0,0.0,0.0,0.0,22.642812500242144,0.0,0.0,0.0,0.0,0.0
2040-01-20 09:00:00,0.0,0.0,0.0,0.0,0.0,27.30228125024587,0.0,0.0,0.0,0.0,0.0
2040-01-20 10:00:00,0.0,0.0,0.0,0.0,0.0,29.996406250284053,0.0,0.0,0.0,0.0,0.0
2040-01-20 11:00:00,0.0,0.0,0.0,0.0,0.0,32.09671875019558,0.0,0.0,0.0,0.0,0.0
2040-01-20 12:00:00,0.0,0.0,0.0,0.0,0.0,33.23512500023935,0.0,0.0,0.0,0.0,0.0
2040-01-20 13:00:00,0.0,0.0,0.0,0.0,0.0,33.844718750217,0.0,0.0,0.0,0.0,0.0
2040-01-20 14:00:00,0.0,0.0,0.0,0.0,0.0,33.3263437502319,0.0,0.0,0.0,0.0,0.0
2040-01-20 15:00:00,0.0,0.0,0.0,0.0,0.0,32.141843750257976,0.0,0.0,0.0,0.0,0.0
2040-01-20 16:00:00,0.0,0.0,0.0,0.0,0.0,31.647125000250526,0.0,0.0,0.0,0.0,0.0
2040-01-20 17:00:00,0.0,0.0,0.0,0.0,0.0,30.15395527315537,0.0,0.0,0.0,0.0,0.0
2040-01-20 18:00:00,0.0,0.0,0.0,0.0,0.0,31.149406250216998,0.0,0.0,0.0,0.0,0.0
2040-01-20 19:00:00,0.0,0.0,0.0,0.0,0.0,31.49243750027381,0.0,0.0,0.0,0.0,0.0
2040-01-20 20:00:00,0.0,0.0,0.0,0.0,0.0,31.852468750206754,0.0,0.0,0.0,0.0,0.0
2040-01-20 21:00:00,0.0,0.0,0.0,0.0,0.0,31.688656250247732,0.0,0.0,0.0,0.0,0.0
2040-01-20 22:00:00,0.0,0.0,0.0,0.0,0.0,32.79268750024494,0.0,0.0,0.0,0.0,0.0
2040-01-20 23:00:00,0.0,0.0,0.0,0.0,0.0,32.329562500235625,0.0,0.0,0.0,0.0,0.0
2040-01-21 00:00:00,0.0,0.0,0.0,0.0,0.0,28.574531250284053,0.0,0.0,0.0,0.0,0.0
2040-01-21 01:00:00,0.0,0.0,0.0,0.0,0.0,26.247250000247732,0.0,0.0,0.0,0.0,0.0
2040-01-21 02:00:00,0.0,0.0,0.0,0.0,0.0,24.048562500276603,0.0,0.0,0.0,0.0,0.0
2040-01-21 03:00:00,0.0,0.0,0.0,0.0,0.0,22.529687500209548,0.0,0.0,0.0,0.0,0.0
2040-01-21 04:00:00,0.0,0.0,0.0,0.0,0.0,21.543437500251457,0.0,0.0,0.0,0.0,0.0
2040-01-21 05:00:00,0.0,0.0,0.0,0.0,0.0,21.029156250180677,0.0,0.0,0.0,0.0,0.0
2040-01-21 06:00:00,0.0,0.0,0.0,0.0,0.0,19.23893750028219,0.0,0.0,0.0,0.0,0.0
2040-01-21 07:00:00,0.0,0.0,0.0,0.0,0.0,18.83162500022445,0.0,0.0,0.0,0.0,0.0
2040-01-21 08:00:00,0.0,0.0,0.0,0.0,0.0,19.606437500216998,0.0,0.0,0.0,0.0,0.0
2040-01-21 09:00:00,0.0,0.0,0.0,0.0,0.0,21.495750000234693,0.0,0.0,0.0,0.0,0.0
2040-01-21 10:00:00,0.0,0.0,0.0,0.0,0.0,23.831468750257045,0.0,0.0,0.0,0.0,0.0
2040-01-21 11:00:00,0.0,0.0,0.0,0.0,0.0,26.199593750177883,0.0,0.0,0.0,0.0,0.0
2040-01-21 12:00:00,0.0,0.0,0.0,0.0,0.0,28.174906250205822,0.0,0.0,0.0,0.0,0.0
2040-01-21 13:00:00,0.0,0.0,0.0,0.0,0.0,29.598968750215136,0.0,0.0,0.0,0.0,0.0
2040-01-21 14:00:00,0.0,0.0,0.0,0.0,0.0,29.360937500256114,0.0,0.0,0.0,0.0,0.0
2040-01-21 15:00:00,0.0,0.0,0.0,0.0,0.0,28.86921875027474,0.0,0.0,0.0,0.0,0.0
2040-01-21 16:00:00,0.0,0.0,0.0,0.0,0.0,28.450281250290573,0.0,0.0,0.0,0.0,0.0
2040-01-21 17:00:00,0.0,0.0,0.0,0.0,0.0,28.251218750257976,0.0,0.0,0.0,0.0,0.0
2040-01-21 18:00:00,0.0,0.0,0.0,0.0,0.0,28.5345312502468,0.0,0.0,0.0,0.0,0.0
2040-01-21 19:00:00,0.0,0.0,0.0,0.0,0.0,28.874843750265427,0.0,0.0,0.0,0.0,0.0
2040-01-21 20:00:00,0.0,0.0,0.0,0.0,0.0,30.180093750239315,0.0,0.0,0.0,0.0,0.0
2040-01-21 21:00:00,0.0,0.0,0.0,0.0,0.0,31.785187500179745,0.0,0.0,0.0,0.0,0.0
2040-01-21 22:00:00,0.0,0.0,0.0,0.0,0.0,33.19893750024494,0.0,0.0,0.0,0.0,0.0
2040-01-21 23:00:00,0.0,0.0,0.0,0.0,0.0,31.972093750257045,0.0,0.0,0.0,0.0,0.0
2040-01-22 00:00:00,0.0,0.0,0.0,0.0,0.0,28.520625000237487,0.0,0.0,0.0,0.0,0.0
2040-01-22 01:00:00,0.0,0.0,0.0,0.0,0.0,25.64915625017602,0.0,0.0,0.0,0.0,0.0
2040-01-22 02:00:00,0.0,0.0,0.0,0.0,0.0,23.239468750194646,0.0,0.0,0.0,0.0,0.0
2040-01-22 03:00:00,0.0,0.0,0.0,0.0,0.0,22.04171875026077,0.0,0.0,0.0,0.0,0.0
2040-01-22 04:00:00,0.0,0.0,0.0,0.0,0.0,21.4888125002617,0.0,0.0,0.0,0.0,0.0
2040-01-22 05:00:00,0.0,0.0,0.0,0.0,0.0,21.34653125028126,0.0,0.0,0.0,0.0,0.0
2040-01-22 06:00:00,0.0,0.0,0.0,0.0,0.0,20.15550000022631,0.0,0.0,0.0,0.0,0.0
2040-01-22 07:00:00,0.0,0.0,0.0,0.0,0.0,22.659062500228174,0.0,0.0,0.0,0.0,0.0
2040-01-22 08:00:00,0.0,0.0,0.0,0.0,0.0,26.536468750215136,0.0,0.0,0.0,0.0,0.0
2040-01-22 09:00:00,0.0,0.0,0.0,0.0,0.0,30.0919687502319,0.0,0.0,0.0,0.0,0.0
2040-01-22 10:00:00,0.0,0.0,0.0,0.0,0.0,32.41959375026636,0.0,0.0,0.0,0.0,0.0
2040-01-22 11:00:00,0.0,0.0,0.0,0.0,0.0,34.638875000178814,0.0,0.0,0.0,0.0,0.0
2040-01-22 12:00:00,0.0,0.0,0.0,0.0,0.0,37.56312500021886,0.0,0.0,0.0,0.0,0.0
2040-01-22 13:00:00,0.0,0.0,0.0,0.0,0.0,37.97581250022631,0.0,0.0,0.0,0.0,0.0
2040-01-22 14:00:00,0.0,0.0,0.0,0.0,0.0,37.549437500187196,0.0,0.0,0.0,0.0,0.0
2040-01-22 15:00:00,0.0,0.0,0.0,0.0,0.0,37.76131250022445,0.0,0.0,0.0,0.0,0.0
2040-01-22 16:00:00,0.0,0.0,0.0,0.0,0.0,37.45725000021048,0.0,0.0,0.0,0.0,0.0
2040-01-22 17:00:00,0.0,0.0,0.0,0.0,0.0,36.57825000025332,0.0,0.0,0.0,0.0,0.0
2040-01-22 18:00:00,0.0,0.0,0.0,0.0,0.0,36.377062500221655,0.0,0.0,0.0,0.0,0.0
2040-01-22 19:00:00,0.0,0.0,0.0,0.0,0.0,35.52593750017695,0.0,0.0,0.0,0.0,0.0
2040-01-22 20:00:00,0.0,0.0,0.0,0.0,0.0,33.81806250021327,0.0,0.0,0.0,0.0,0.0
2040-01-22 21:00:00,0.0,0.0,0.0,0.0,0.0,32.99812500027474,0.0,0.0,0.0,0.0,0.0
2040-01-22 22:00:00,0.0,0.0,0.0,0.0,0.0,34.45418750029057,0.0,0.0,0.0,0.0,0.0
2040-01-22 23:00:00,0.0,0.0,0.0,0.0,0.0,34.6579375002766,0.0,0.0,0.0,0.0,0.0
2040-01-23 00:00:00,0.0,0.0,0.0,0.0,0.0,30.33456250024028,0.0,0.0,0.0,0.0,0.0
2040-01-23 01:00:00,0.0,0.0,0.0,0.0,0.0,26.525375000201166,0.0,0.0,0.0,0.0,0.0
2040-01-23 02:00:00,0.0,0.0,0.0,0.0,0.0,24.04700000025332,0.0,0.0,0.0,0.0,0.0
2040-01-23 03:00:00,0.0,0.0,0.0,0.0,0.0,23.17175000021234,0.0,0.0,0.0,0.0,0.0
2040-01-23 04:00:00,0.0,0.0,0.0,0.0,0.0,22.203312500263564,0.0,0.0,0.0,0.0,0.0
2040-01-23 05:00:00,0.0,0.0,0.0,0.0,0.0,21.50831250019837,0.0,0.0,0.0,0.0,0.0
2040-01-23 06:00:00,0.0,0.0,0.0,0.0,0.0,21.148375000222586,0.0,0.0,0.0,0.0,0.0
2040-01-23 07:00:00,0.0,0.0,0.0,0.0,0.0,23.13368750025984,0.0,0.0,0.0,0.0,0.0
2040-01-23 08:00:00,0.0,0.0,0.0,0.0,0.0,26.87912500021048,0.0,0.0,0.0,0.0,0.0
2040-01-23 09:00:00,0.0,0.0,0.0,0.0,0.0,30.938062500208616,0.0,0.0,0.0,0.0,0.0
2040-01-23 10:00:00,0.0,0.0,0.0,0.0,0.0,33.64793750026729,0.0,0.0,0.0,0.0,0.0
2040-01-23 11:00:00,0.0,0.0,0.0,0.0,0.0,35.111312500201166,0.0,0.0,0.0,0.0,0.0
2040-01-23 12:00:00,0.0,0.0,0.0,0.0,0.0,35.41762500023469,0.0,0.0,0.0,0.0,0.0
2040-01-23 13:00:00,0.0,0.0,0.0,0.0,0.0,36.07900000025984,0.0,0.0,0.0,0.0,0.0
2040-01-23 14:00:00,0.0,0.0,0.0,0.0,0.0,36.18562500027474,0.0,0.0,0.0,0.0,0.0
2040-01-23 15:00:00,0.0,0.0,0.0,0.0,0.0,36.148375000222586,0.0,0.0,0.0,0.0,0.0
2040-01-23 16:00:00,0.0,0.0,0.0,0.0,0.0,35.78093750018161,0.0,0.0,0.0,0.0,0.0
2040-01-23 17:00:00,0.0,0.0,0.0,0.0,0.0,34.80256250023376,0.0,0.0,0.0,0.0,0.0
2040-01-23 18:00:00,0.0,0.0,0.0,0.0,0.0,33.91431250027381,0.0,0.0,0.0,0.0,0.0
2040-01-23 19:00:00,0.0,0.0,0.0,0.0,0.0,33.04143750027288,0.0,0.0,0.0,0.0,0.0
2040-01-23 20:00:00,0.0,0.0,0.0,0.0,0.0,32.04862500028685,0.0,0.0,0.0,0.0,0.0
2040-01-23 21:00:00,0.0,0.0,0.0,0.0,0.0,31.50287500023842,0.0,0.0,0.0,0.0,0.0
2040-01-23 22:00:00,0.0,0.0,0.0,0.0,0.0,32.92437500017695,0.0,0.0,0.0,0.0,0.0
2040-01-23 23:00:00,0.0,0.0,0.0,0.0,0.0,33.05106250022072,0.0,0.0,0.0,0.0,0.0
2040-01-24 00:00:00,0.0,0.0,0.0,0.0,0.0,29.790875000180677,0.0,0.0,0.0,0.0,0.0
2040-01-24 01:00:00,0.0,0.0,0.0,0.0,0.0,26.432375000207685,0.0,0.0,0.0,0.0,0.0
2040-01-24 02:00:00,0.0,0.0,0.0,0.0,0.0,24.10987500019837,0.0,0.0,0.0,0.0,0.0
2040-01-24 03:00:00,0.0,0.0,0.0,0.0,0.0,23.051062500220723,0.0,0.0,0.0,0.0,0.0
2040-01-24 04:00:00,0.0,0.0,0.0,0.0,0.0,21.910000000265427,0.0,0.0,0.0,0.0,0.0
2040-01-24 05:00:00,0.0,0.0,0.0,0.0,0.0,21.115562500199303,0.0,0.0,0.0,0.0,0.0
2040-01-24 06:00:00,0.0,0.0,0.0,0.0,0.0,20.43581250018906,0.0,0.0,0.0,0.0,0.0
2040-01-24 07:00:00,0.0,0.0,0.0,0.0,0.0,23.200187500216998,0.0,0.0,0.0,0.0,0.0
2040-01-24 08:00:00,0.0,0.0,0.0,0.0,0.0,27.537250000284985,0.0,0.0,0.0,0.0,0.0
2040-01-24 09:00:00,0.0,0.0,0.0,0.0,0.0,30.719937500194646,0.0,0.0,0.0,0.0,0.0
2040-01-24 10:00:00,0.0,0.0,0.0,0.0,0.0,33.52431250025984,0.0,0.0,0.0,0.0,0.0
2040-01-24 11:00:00,0.0,0.0,0.0,0.0,0.0,35.03631250024773,0.0,0.0,0.0,0.0,0.0
2040-01-24 12:00:00,0.0,0.0,0.0,0.0,0.0,35.75275000021793,0.0,0.0,0.0,0.0,0.0
2040-01-24 13:00:00,0.0,0.0,0.0,0.0,0.0,35.88912500021979,0.0,0.0,0.0,0.0,0.0
2040-01-24 14:00:00,0.0,0.0,0.0,0.0,0.0,35.715625000186265,0.0,0.0,0.0,0.0,0.0
2040-01-24 15:00:00,0.0,0.0,0.0,0.0,0.0,36.263812500284985,0.0,0.0,0.0,0.0,0.0
2040-01-24 16:00:00,0.0,0.0,0.0,0.0,0.0,35.72381250024773,0.0,0.0,0.0,0.0,0.0
2040-01-24 17:00:00,0.0,0.0,0.0,0.0,0.0,37.1125000002794,0.0,0.0,0.0,0.0,0.0
2040-01-24 18:00:00,0.0,0.0,0.0,0.0,0.0,36.835875000222586,0.0,0.0,0.0,0.0,0.0
2040-01-24 19:00:00,0.0,0.0,0.0,0.0,0.0,36.11643750022631,0.0,0.0,0.0,0.0,0.0
2040-01-24 20:00:00,0.0,0.0,0.0,0.0,0.0,35.31262500025332,0.0,0.0,0.0,0.0,0.0
2040-01-24 21:00:00,0.0,0.0,0.0,0.0,0.0,33.80868750018999,0.0,0.0,0.0,0.0,0.0
2040-01-24 22:00:00,0.0,0.0,0.0,0.0,0.0,34.627812500228174,0.0,0.0,0.0,0.0,0.0
2040-01-24 23:00:00,0.0,0.0,0.0,0.0,0.0,34.484937500208616,0.0,0.0,0.0,0.0,0.0
2040-01-25 00:00:00,0.0,0.0,0.0,0.0,0.0,29.925750000285916,0.0,0.0,0.0,0.0,0.0
2040-01-25 01:00:00,0.0,0.0,0.0,0.0,0.0,27.36793750023935,0.0,0.0,0.0,0.0,0.0
2040-01-25 02:00:00,0.0,0.0,0.0,0.0,0.0,25.31537500023842,0.0,0.0,0.0,0.0,0.0
2040-01-25 03:00:00,0.0,0.0,0.0,0.0,0.0,23.845437500276603,0.0,0.0,0.0,0.0,0.0
2040-01-25 04:00:00,0.0,0.0,0.0,0.0,0.0,22.293375000241213,0.0,0.0,0.0,0.0,0.0
2040-01-25 05:00:00,0.0,0.0,0.0,0.0,0.0,22.151875000214204,0.0,0.0,0.0,0.0,0.0
2040-01-25 06:00:00,0.0,0.0,0.0,0.0,0.0,21.919812500244007,0.0,0.0,0.0,0.0,0.0
2040-01-25 07:00:00,0.0,0.0,0.0,0.0,0.0,23.51118750020396,0.0,0.0,0.0,0.0,0.0
2040-01-25 08:00:00,0.0,0.0,0.0,0.0,0.0,27.38331250019837,0.0,0.0,0.0,0.0,0.0
2040-01-25 09:00:00,0.0,0.0,0.0,0.0,0.0,31.554625000222586,0.0,0.0,0.0,0.0,0.0
2040-01-25 10:00:00,0.0,0.0,0.0,0.0,0.0,35.06431250018068,0.0,0.0,0.0,0.0,0.0
2040-01-25 11:00:00,0.0,0.0,0.0,0.0,0.0,37.15025000018068,0.0,0.0,0.0,0.0,0.0
2040-01-25 12:00:00,0.0,0.0,0.0,0.0,0.0,37.82075000018813,0.0,0.0,0.0,0.0,0.0
2040-01-25 13:00:00,0.0,0.0,0.0,0.0,0.0,38.32018750021234,0.0,0.0,0.0,0.0,0.0
2040-01-25 14:00:00,0.0,0.0,0.0,0.0,0.0,37.94131250027567,0.0,0.0,0.0,0.0,0.0
2040-01-25 15:00:00,0.0,0.0,0.0,0.0,0.0,36.8688750002766,0.0,0.0,0.0,0.0,0.0
2040-01-25 16:00:00,0.0,0.0,0.0,0.0,0.0,35.5187500002794,0.0,0.0,0.0,0.0,0.0
2040-01-25 17:00:00,0.0,0.0,0.0,0.0,0.0,34.13006250024773,0.0,0.0,0.0,0.0,0.0
2040-01-25 18:00:00,0.0,0.0,0.0,0.0,0.0,35.32431250018999,0.0,0.0,0.0,0.0,0.0
2040-01-25 19:00:00,0.0,0.0,0.0,0.0,0.0,34.92887500021607,0.0,0.0,0.0,0.0,0.0
2040-01-25 20:00:00,0.0,0.0,0.0,0.0,0.0,33.07218750019092,0.0,0.0,0.0,0.0,0.0
2040-01-25 21:00:00,0.0,0.0,0.0,0.0,0.0,32.401875000214204,0.0,0.0,0.0,0.0,0.0
2040-01-25 22:00:00,0.0,0.0,0.0,0.0,0.0,34.629062500200234,0.0,0.0,0.0,0.0,0.0
2040-01-25 23:00:00,0.0,0.0,0.0,0.0,0.0,33.77262500021607,0.0,0.0,0.0,0.0,0.0
2040-01-26 00:00:00,0.0,0.0,0.0,0.0,0.0,30.48700000019744,0.0,0.0,0.0,0.0,0.0
2040-01-26 01:00:00,0.0,0.0,0.0,0.0,0.0,27.23112500028219,0.0,0.0,0.0,0.0,0.0
2040-01-26 02:00:00,0.0,0.0,0.0,0.0,0.0,24.846312500187196,0.0,0.0,0.0,0.0,0.0
2040-01-26 03:00:00,0.0,0.0,0.0,0.0,0.0,23.764062500209548,0.0,0.0,0.0,0.0,0.0
2040-01-26 04:00:00,0.0,0.0,0.0,0.0,0.0,21.985187500249594,0.0,0.0,0.0,0.0,0.0
2040-01-26 05:00:00,0.0,0.0,0.0,0.0,0.0,21.62700000021141,0.0,0.0,0.0,0.0,0.0
2040-01-26 06:00:00,0.0,0.0,0.0,0.0,0.0,20.719562500249594,0.0,0.0,0.0,0.0,0.0
2040-01-26 07:00:00,0.0,0.0,0.0,0.0,0.0,22.663062500185333,0.0,0.0,0.0,0.0,0.0
2040-01-26 08:00:00,0.0,0.0,0.0,0.0,0.0,26.823875000234693,0.0,0.0,0.0,0.0,0.0
2040-01-26 09:00:00,0.0,0.0,0.0,0.0,0.0,31.149125000229105,0.0,0.0,0.0,0.0,0.0
2040-01-26 10:00:00,0.0,0.0,0.0,0.0,0.0,33.285937500186265,0.0,0.0,0.0,0.0,0.0
2040-01-26 11:00:00,0.0,0.0,0.0,0.0,0.0,36.41200000024401,0.0,0.0,0.0,0.0,0.0
2040-01-26 12:00:00,0.0,0.0,0.0,0.0,0.0,36.272750000236556,0.0,0.0,0.0,0.0,0.0
2040-01-26 13:00:00,0.0,0.0,0.0,0.0,0.0,37.37918750022072,0.0,0.0,0.0,0.0,0.0
2040-01-26 14:00:00,0.0,0.0,0.0,0.0,0.0,36.987687500193715,0.0,0.0,0.0,0.0,0.0
2040-01-26 15:00:00,0.0,0.0,0.0,0.0,0.0,37.15812500019092,0.0,0.0,0.0,0.0,0.0
2040-01-26 16:00:00,0.0,0.0,0.0,0.0,0.0,37.970687500201166,0.0,0.0,0.0,0.0,0.0
2040-01-26 17:00:00,0.0,0.0,0.0,0.0,0.0,36.4786875002319,0.0,0.0,0.0,0.0,0.0
2040-01-26 18:00:00,0.0,0.0,0.0,0.0,0.0,34.4134375002468,0.0,0.0,0.0,0.0,0.0
2040-01-26 19:00:00,0.0,0.0,0.0,0.0,0.0,33.55143750028219,0.0,0.0,0.0,0.0,0.0
2040-01-26 20:00:00,0.0,0.0,0.0,0.0,0.0,32.16506250028033,0.0,0.0,0.0,0.0,0.0
2040-01-26 21:00:00,0.0,0.0,0.0,0.0,0.0,31.789875000249594,0.0,0.0,0.0,0.0,0.0
2040-01-26 22:00:00,0.0,0.0,0.0,0.0,0.0,33.18937500019092,0.0,0.0,0.0,0.0,0.0
2040-01-26 23:00:00,0.0,0.0,0.0,0.0,0.0,32.58837500028312,0.0,0.0,0.0,0.0,0.0
2040-01-27 00:00:00,0.0,0.0,0.0,0.0,0.0,28.220437500276603,0.0,0.0,0.0,0.0,0.0
2040-01-27 01:00:00,0.0,0.0,0.0,0.0,0.0,25.352750000194646,0.0,0.0,0.0,0.0,0.0
2040-01-27 02:00:00,0.0,0.0,0.0,0.0,0.0,23.266687500290573,0.0,0.0,0.0,0.0,0.0
2040-01-27 03:00:00,0.0,0.0,0.0,0.0,0.0,22.163625000277534,0.0,0.0,0.0,0.0,0.0
2040-01-27 04:00:00,0.0,0.0,0.0,0.0,0.0,20.906812500208616,0.0,0.0,0.0,0.0,0.0
2040-01-27 05:00:00,0.0,0.0,0.0,0.0,0.0,20.22150000021793,0.0,0.0,0.0,0.0,0.0
2040-01-27 06:00:00,0.0,0.0,0.0,0.0,0.0,18.524437500280328,0.0,0.0,0.0,0.0,0.0
2040-01-27 07:00:00,0.0,0.0,0.0,0.0,0.0,18.741500000236556,0.0,0.0,0.0,0.0,0.0
2040-01-27 08:00:00,0.0,0.0,0.0,0.0,0.0,20.93425000028219,0.0,0.0,0.0,0.0,0.0
2040-01-27 09:00:00,0.0,0.0,0.0,0.0,0.0,25.3224375002319,0.0,0.0,0.0,0.0,0.0
2040-01-27 10:00:00,0.0,0.0,0.0,0.0,0.0,28.22993750020396,0.0,0.0,0.0,0.0,0.0
2040-01-27 11:00:00,0.0,0.0,0.0,0.0,0.0,29.961625000229105,0.0,0.0,0.0,0.0,0.0
2040-01-27 12:00:00,0.0,0.0,0.0,0.0,0.0,31.15712500025984,0.0,0.0,0.0,0.0,0.0
2040-01-27 13:00:00,0.0,0.0,0.0,0.0,0.0,32.6495625001844,0.0,0.0,0.0,0.0,0.0
2040-01-27 14:00:00,0.0,0.0,0.0,0.0,0.0,33.446625000215136,0.0,0.0,0.0,0.0,0.0
2040-01-27 15:00:00,0.0,0.0,0.0,0.0,0.0,32.42487500025891,0.0,0.0,0.0,0.0,0.0
2040-01-27 16:00:00,0.0,0.0,0.0,0.0,0.0,31.19331250025425,0.0,0.0,0.0,0.0,0.0
2040-01-27 17:00:00,0.0,0.0,0.0,0.0,0.0,30.811000000219792,0.0,0.0,0.0,0.0,0.0
2040-01-27 18:00:00,0.0,0.0,0.0,0.0,0.0,30.533062500180677,0.0,0.0,0.0,0.0,0.0
2040-01-27 19:00:00,0.0,0.0,0.0,0.0,0.0,30.450875000213273,0.0,0.0,0.0,0.0,0.0
2040-01-27 20:00:00,0.0,0.0,0.0,0.0,0.0,29.871125000179745,0.0,0.0,0.0,0.0,0.0
2040-01-27 21:00:00,0.0,0.0,0.0,0.0,0.0,29.77468750020489,0.0,0.0,0.0,0.0,0.0
2040-01-27 22:00:00,0.0,0.0,0.0,0.0,0.0,31.8481875002617,0.0,0.0,0.0,0.0,0.0
2040-01-27 23:00:00,0.0,0.0,0.0,0.0,0.0,32.89537500019651,0.0,0.0,0.0,0.0,0.0
2040-01-28 00:00:00,0.0,0.0,0.0,0.0,0.0,28.940187500207685,0.0,0.0,0.0,0.0,0.0
2040-01-28 01:00:00,0.0,0.0,0.0,0.0,0.0,25.548937500221655,0.0,0.0,0.0,0.0,0.0
2040-01-28 02:00:00,0.0,0.0,0.0,0.0,0.0,23.508875000290573,0.0,0.0,0.0,0.0,0.0
2040-01-28 03:00:00,0.0,0.0,0.0,0.0,0.0,22.341000000247732,0.0,0.0,0.0,0.0,0.0
2040-01-28 04:00:00,0.0,0.0,0.0,0.0,0.0,21.7443125002319,0.0,0.0,0.0,0.0,0.0
2040-01-28 05:00:00,0.0,0.0,0.0,0.0,0.0,21.666625000187196,0.0,0.0,0.0,0.0,0.0
2040-01-28 06:00:00,0.0,0.0,0.0,0.0,0.0,19.672437500208616,0.0,0.0,0.0,0.0,0.0
2040-01-28 07:00:00,0.0,0.0,0.0,0.0,0.0,19.0513125002617,0.0,0.0,0.0,0.0,0.0
2040-01-28 08:00:00,0.0,0.0,0.0,0.0,0.0,19.317937500192784,0.0,0.0,0.0,0.0,0.0
2040-01-28 09:00:00,0.0,0.0,0.0,0.0,0.0,20.942437500227243,0.0,0.0,0.0,0.0,0.0
2040-01-28 10:00:00,0.0,0.0,0.0,0.0,0.0,23.26612500019837,0.0,0.0,0.0,0.0,0.0
2040-01-28 11:00:00,0.0,0.0,0.0,0.0,0.0,25.480812500230968,0.0,0.0,0.0,0.0,0.0
2040-01-28 12:00:00,0.0,0.0,0.0,0.0,0.0,26.986562500242144,0.0,0.0,0.0,0.0,0.0
2040-01-28 13:00:00,0.0,0.0,0.0,0.0,0.0,28.239625000278465,0.0,0.0,0.0,0.0,0.0
2040-01-28 14:00:00,0.0,0.0,0.0,0.0,0.0,28.259000000194646,0.0,0.0,0.0,0.0,0.0
2040-01-28 15:00:00,0.0,0.0,0.0,0.0,0.0,28.25262500019744,0.0,0.0,0.0,0.0,0.0
2040-01-28 16:00:00,0.0,0.0,0.0,0.0,0.0,28.221562500228174,0.0,0.0,0.0,0.0,0.0
2040-01-28 17:00:00,0.0,0.0,0.0,0.0,0.0,27.610187500249594,0.0,0.0,0.0,0.0,0.0
2040-01-28 18:00:00,0.0,0.0,0.0,0.0,0.0,27.769312500255182,0.0,0.0,0.0,0.0,0.0
2040-01-28 19:00:00,0.0,0.0,0.0,0.0,0.0,27.864375000237487,0.0,0.0,0.0,0.0,0.0
2040-01-28 20:00:00,0.0,0.0,0.0,0.0,0.0,28.474812500178814,0.0,0.0,0.0,0.0,0.0
2040-01-28 21:00:00,0.0,0.0,0.0,0.0,0.0,29.923000000184402,0.0,0.0,0.0,0.0,0.0
2040-01-28 22:00:00,0.0,0.0,0.0,0.0,0.0,32.56787500018254,0.0,0.0,0.0,0.0,0.0
2040-01-28 23:00:00,0.0,0.0,0.0,0.0,0.0,31.79650000028778,0.0,0.0,0.0,0.0,0.0
2040-01-29 00:00:00,0.0,0.0,0.0,0.0,0.0,28.805625000270084,0.0,0.0,0.0,0.0,0.0
2040-01-29 01:00:00,0.0,0.0,0.0,0.0,0.0,25.30943750019651,0.0,0.0,0.0,0.0,0.0
2040-01-29 02:00:00,0.0,0.0,0.0,0.0,0.0,23.03200000023935,0.0,0.0,0.0,0.0,0.0
2040-01-29 03:00:00,0.0,0.0,0.0,0.0,0.0,22.082812500186265,0.0,0.0,0.0,0.0,0.0
2040-01-29 04:00:00,0.0,0.0,0.0,0.0,0.0,21.35318750026636,0.0,0.0,0.0,0.0,0.0
2040-01-29 05:00:00,0.0,0.0,0.0,0.0,0.0,21.71343750017695,0.0,0.0,0.0,0.0,0.0
2040-01-29 06:00:00,0.0,0.0,0.0,0.0,0.0,20.869625000285772,0.0,0.0,0.0,0.0,0.0
2040-01-29 07:00:00,0.0,0.0,0.0,0.0,0.0,23.45512500021141,0.0,0.0,0.0,0.0,0.0
2040-01-29 08:00:00,0.0,0.0,0.0,0.0,0.0,27.41175000020303,0.0,0.0,0.0,0.0,0.0
2040-01-29 09:00:00,0.0,0.0,0.0,0.0,0.0,30.797312500188127,0.0,0.0,0.0,0.0,0.0
2040-01-29 10:00:00,0.0,0.0,0.0,0.0,0.0,33.74850000021979,0.0,0.0,0.0,0.0,0.0
2040-01-29 11:00:00,0.0,0.0,0.0,0.0,0.0,35.586125000263564,0.0,0.0,0.0,0.0,0.0
2040-01-29 12:00:00,0.0,0.0,0.0,0.0,0.0,35.736562500242144,0.0,0.0,0.0,0.0,0.0
2040-01-29 13:00:00,0.0,0.0,0.0,0.0,0.0,35.92762500024401,0.0,0.0,0.0,0.0,0.0
2040-01-29 14:00:00,0.0,0.0,0.0,0.0,0.0,35.83968750026543,0.0,0.0,0.0,0.0,0.0
2040-01-29 15:00:00,0.0,0.0,0.0,0.0,0.0,35.28537500021048,0.0,0.0,0.0,0.0,0.0
2040-01-29 16:00:00,0.0,0.0,0.0,0.0,0.0,34.431750000221655,0.0,0.0,0.0,0.0,0.0
2040-01-29 17:00:00,0.0,0.0,0.0,0.0,0.0,33.49975000019185,0.0,0.0,0.0,0.0,0.0
2040-01-29 18:00:00,0.0,0.0,0.0,0.0,0.0,32.77700000023469,0.0,0.0,0.0,0.0,0.0
2040-01-29 19:00:00,0.0,0.0,0.0,0.0,0.0,32.167500000214204,0.0,0.0,0.0,0.0,0.0
2040-01-29 20:00:00,0.0,0.0,0.0,0.0,0.0,31.83193750027567,0.0,0.0,0.0,0.0,0.0
2040-01-29 21:00:00,0.0,0.0,0.0,0.0,0.0,32.58312500023749,0.0,0.0,0.0,0.0,0.0
2040-01-29 22:00:00,0.0,0.0,0.0,0.0,0.0,35.32975000026636,0.0,0.0,0.0,0.0,0.0
2040-01-29 23:00:00,0.0,0.0,0.0,0.0,0.0,33.99656250025146,0.0,0.0,0.0,0.0,0.0
2040-01-30 00:00:00,0.0,0.0,0.0,0.0,0.0,30.541500000283122,0.0,0.0,0.0,0.0,0.0
2040-01-30 01:00:00,0.0,0.0,0.0,0.0,0.0,27.118500000215136,0.0,0.0,0.0,0.0,0.0
2040-01-30 02:00:00,0.0,0.0,0.0,0.0,0.0,24.605187500244938,0.0,0.0,0.0,0.0,0.0
2040-01-30 03:00:00,0.0,0.0,0.0,0.0,0.0,23.200875000213273,0.0,0.0,0.0,0.0,0.0
2040-01-30 04:00:00,0.0,0.0,0.0,0.0,0.0,22.749312500236556,0.0,0.0,0.0,0.0,0.0
2040-01-30 05:00:00,0.0,0.0,0.0,0.0,0.0,22.6818125002319,0.0,0.0,0.0,0.0,0.0
2040-01-30 06:00:00,0.0,0.0,0.0,0.0,0.0,22.521687500178814,0.0,0.0,0.0,0.0,0.0
2040-01-30 07:00:00,0.0,0.0,0.0,0.0,0.0,23.698000000207685,0.0,0.0,0.0,0.0,0.0
2040-01-30 08:00:00,0.0,0.0,0.0,0.0,0.0,27.950875000213273,0.0,0.0,0.0,0.0,0.0
2040-01-30 09:00:00,0.0,0.0,0.0,0.0,0.0,32.62918750022072,0.0,0.0,0.0,0.0,0.0
2040-01-30 10:00:00,0.0,0.0,0.0,0.0,0.0,36.311812500236556,0.0,0.0,0.0,0.0,0.0
2040-01-30 11:00:00,0.0,0.0,0.0,0.0,0.0,38.267562500201166,0.0,0.0,0.0,0.0,0.0
2040-01-30 12:00:00,0.0,0.0,0.0,0.0,0.0,38.132750000222586,0.0,0.0,0.0,0.0,0.0
2040-01-30 13:00:00,0.0,0.0,0.0,0.0,0.0,38.28387500019744,0.0,0.0,0.0,0.0,0.0
2040-01-30 14:00:00,0.0,0.0,0.0,0.0,0.0,37.682250000187196,0.0,0.0,0.0,0.0,0.0
2040-01-30 15:00:00,0.0,0.0,0.0,0.0,0.0,37.84550000028685,0.0,0.0,0.0,0.0,0.0
2040-01-30 16:00:00,0.0,0.0,0.0,0.0,0.0,38.9060625002021,0.0,0.0,0.0,0.0,0.0
2040-01-30 17:00:00,0.0,0.0,0.0,0.0,0.0,38.22893750027288,0.0,0.0,0.0,0.0,0.0
2040-01-30 18:00:00,0.0,0.0,0.0,0.0,0.0,36.19962500024121,0.0,0.0,0.0,0.0,0.0
2040-01-30 19:00:00,0.0,0.0,0.0,0.0,0.0,35.929750000243075,0.0,0.0,0.0,0.0,0.0
2040-01-30 20:00:00,0.0,0.0,0.0,0.0,0.0,34.86743750027381,0.0,0.0,0.0,0.0,0.0
2040-01-30 21:00:00,0.0,0.0,0.0,0.0,0.0,34.13850000023376,0.0,0.0,0.0,0.0,0.0
2040-01-30 22:00:00,0.0,0.0,0.0,0.0,0.0,35.16906250023749,0.0,0.0,0.0,0.0,0.0
2040-01-30 23:00:00,0.0,0.0,0.0,0.0,0.0,35.067375000217,0.0,0.0,0.0,0.0,0.0
2040-01-31 00:00:00,0.0,0.0,0.0,0.0,0.0,31.186812500236556,0.0,0.0,0.0,0.0,0.0
2040-01-31 01:00:00,0.0,0.0,0.0,0.0,0.0,28.040500000235625,0.0,0.0,0.0,0.0,0.0
2040-01-31 02:00:00,0.0,0.0,0.0,0.0,0.0,24.50462500017602,0.0,0.0,0.0,0.0,0.0
2040-01-31 03:00:00,0.0,0.0,0.0,0.0,0.0,22.89125000021886,0.0,0.0,0.0,0.0,0.0
2040-01-31 04:00:00,0.0,0.0,0.0,0.0,0.0,22.099187500192784,0.0,0.0,0.0,0.0,0.0
2040-01-31 05:00:00,0.0,0.0,0.0,0.0,0.0,21.97000000020489,0.0,0.0,0.0,0.0,0.0
2040-01-31 06:00:00,0.0,0.0,0.0,0.0,0.0,22.537250000284985,0.0,0.0,0.0,0.0,0.0
2040-01-31 07:00:00,0.0,0.0,0.0,0.0,0.0,24.419937500264496,0.0,0.0,0.0,0.0,0.0
2040-01-31 08:00:00,0.0,0.0,0.0,0.0,0.0,28.944625000236556,0.0,0.0,0.0,0.0,0.0
2040-01-31 09:00:00,0.0,0.0,0.0,0.0,0.0,33.9446875002468,0.0,0.0,0.0,0.0,0.0
2040-01-31 10:00:00,0.0,0.0,0.0,0.0,0.0,36.72831250028685,0.0,0.0,0.0,0.0,0.0
2040-01-31 11:00:00,0.0,0.0,0.0,0.0,0.0,38.8136250001844,0.0,0.0,0.0,0.0,0.0
2040-01-31 12:00:00,0.0,0.0,0.0,0.0,0.0,39.129875000217,0.0,0.0,0.0,0.0,0.0
2040-01-31 13:00:00,0.0,0.0,0.0,0.0,0.0,38.87012500024866,0.0,0.0,0.0,0.0,0.0
2040-01-31 14:00:00,0.0,0.0,0.0,0.0,0.0,37.588625000207685,0.0,0.0,0.0,0.0,0.0
2040-01-31 15:00:00,0.0,0.0,0.0,0.0,0.0,37.45537500025239,0.0,0.0,0.0,0.0,0.0
2040-01-31 16:00:00,0.0,0.0,0.0,0.0,0.0,36.41325000021607,0.0,0.0,0.0,0.0,0.0
2040-01-31 17:00:00,0.0,0.0,0.0,0.0,0.0,34.80056250025518,0.0,0.0,0.0,0.0,0.0
2040-01-31 18:00:00,0.0,0.0,0.0,0.0,0.0,34.440312500228174,0.0,0.0,0.0,0.0,0.0
2040-01-31 19:00:00,0.0,0.0,0.0,0.0,0.0,34.01487500022631,0.0,0.0,0.0,0.0,0.0
2040-01-31 20:00:00,0.0,0.0,0.0,0.0,0.0,33.532062500249594,0.0,0.0,0.0,0.0,0.0
2040-01-31 21:00:00,0.0,0.0,0.0,0.0,0.0,33.711500000208616,0.0,0.0,0.0,0.0,0.0
2040-01-31 22:00:00,0.0,0.0,0.0,0.0,0.0,35.279437500284985,0.0,0.0,0.0,0.0,0.0
2040-01-31 23:00:00,0.0,0.0,0.0,0.0,0.0,33.860812500235625,0.0,0.0,0.0,0.0,0.0
2040-02-01 00:00:00,0.0,0.0,0.0,0.0,0.0,30.43506250018254,0.0,0.0,0.0,0.0,0.0
2040-02-01 01:00:00,0.0,0.0,0.0,0.0,0.0,27.045312500209548,0.0,0.0,0.0,0.0,0.0
2040-02-01 02:00:00,0.0,0.0,0.0,0.0,0.0,24.551562500186265,0.0,0.0,0.0,0.0,0.0
2040-02-01 03:00:00,0.0,0.0,0.0,0.0,0.0,23.288875000202097,0.0,0.0,0.0,0.0,0.0
2040-02-01 04:00:00,0.0,0.0,0.0,0.0,0.0,22.32381250022445,0.0,0.0,0.0,0.0,0.0
2040-02-01 05:00:00,0.0,0.0,0.0,0.0,0.0,21.238312500179745,0.0,0.0,0.0,0.0,0.0
2040-02-01 06:00:00,0.0,0.0,0.0,0.0,0.0,21.934187500271946,0.0,0.0,0.0,0.0,0.0
2040-02-01 07:00:00,0.0,0.0,0.0,0.0,0.0,23.183562500285916,0.0,0.0,0.0,0.0,0.0
2040-02-01 08:00:00,0.0,0.0,0.0,0.0,0.0,26.954062500270084,0.0,0.0,0.0,0.0,0.0
2040-02-01 09:00:00,0.0,0.0,0.0,0.0,0.0,31.839687500265427,0.0,0.0,0.0,0.0,0.0
2040-02-01 10:00:00,0.0,0.0,0.0,0.0,0.0,34.32906250027464,0.0,0.0,0.0,0.0,0.0
2040-02-01 11:00:00,0.0,0.0,0.0,0.0,0.0,35.78481250023469,0.0,0.0,0.0,0.0,0.0
2040-02-01 12:00:00,0.0,0.0,0.0,0.0,0.0,36.40975000022445,0.0,0.0,0.0,0.0,0.0
2040-02-01 13:00:00,0.0,0.0,0.0,0.0,0.0,36.67737500020303,0.0,0.0,0.0,0.0,0.0
2040-02-01 14:00:00,0.0,0.0,0.0,0.0,0.0,37.02518750028685,0.0,0.0,0.0,0.0,0.0
2040-02-01 15:00:00,0.0,0.0,0.0,0.0,0.0,36.85925000021234,0.0,0.0,0.0,0.0,0.0
2040-02-01 16:00:00,0.0,0.0,0.0,0.0,0.0,35.48212500021327,0.0,0.0,0.0,0.0,0.0
2040-02-01 17:00:00,0.0,0.0,0.0,0.0,0.0,33.602125000208616,0.0,0.0,0.0,0.0,0.0
2040-02-01 18:00:00,0.0,0.0,0.0,0.0,0.0,33.096562500228174,0.0,0.0,0.0,0.0,0.0
2040-02-01 19:00:00,0.0,0.0,0.0,0.0,0.0,33.24018750025425,0.0,0.0,0.0,0.0,0.0
2040-02-01 20:00:00,0.0,0.0,0.0,0.0,0.0,31.668562500271946,0.0,0.0,0.0,0.0,0.0
2040-02-01 21:00:00,0.0,0.0,0.0,0.0,0.0,30.43700000026729,0.0,0.0,0.0,0.0,0.0
2040-02-01 22:00:00,0.0,0.0,0.0,0.0,0.0,33.26356250024401,0.0,0.0,0.0,0.0,0.0
2040-02-01 23:00:00,0.0,0.0,0.0,0.0,0.0,33.71725000021979,0.0,0.0,0.0,0.0,0.0
2040-02-02 00:00:00,0.0,0.0,0.0,0.0,0.0,30.406437500263564,0.0,0.0,0.0,0.0,0.0
2040-02-02 01:00:00,0.0,0.0,0.0,0.0,0.0,27.473750000237487,0.0,0.0,0.0,0.0,0.0
2040-02-02 02:00:00,0.0,0.0,0.0,0.0,0.0,25.380750000244007,0.0,0.0,0.0,0.0,0.0
2040-02-02 03:00:00,0.0,0.0,0.0,0.0,0.0,24.097187500214204,0.0,0.0,0.0,0.0,0.0
2040-02-02 04:00:00,0.0,0.0,0.0,0.0,0.0,23.30881250021048,0.0,0.0,0.0,0.0,0.0
2040-02-02 05:00:00,0.0,0.0,0.0,0.0,0.0,23.0669375002617,0.0,0.0,0.0,0.0,0.0
2040-02-02 06:00:00,0.0,0.0,0.0,0.0,0.0,23.52493750024587,0.0,0.0,0.0,0.0,0.0
2040-02-02 07:00:00,0.0,0.0,0.0,0.0,0.0,24.69856250018347,0.0,0.0,0.0,0.0,0.0
2040-02-02 08:00:00,0.0,0.0,0.0,0.0,0.0,28.410437500220723,0.0,0.0,0.0,0.0,0.0
2040-02-02 09:00:00,0.0,0.0,0.0,0.0,0.0,32.20850000018254,0.0,0.0,0.0,0.0,0.0
2040-02-02 10:00:00,0.0,0.0,0.0,0.0,0.0,35.028687500278465,0.0,0.0,0.0,0.0,0.0
2040-02-02 11:00:00,0.0,0.0,0.0,0.0,0.0,37.07762500026729,0.0,0.0,0.0,0.0,0.0
2040-02-02 12:00:00,0.0,0.0,0.0,0.0,0.0,38.10456250025891,0.0,0.0,0.0,0.0,0.0
2040-02-02 13:00:00,0.0,0.0,0.0,0.0,0.0,38.69500000018161,0.0,0.0,0.0,0.0,0.0
2040-02-02 14:00:00,0.0,0.0,0.0,0.0,0.0,37.48093750025146,0.0,0.0,0.0,0.0,0.0
2040-02-02 15:00:00,0.0,0.0,0.0,0.0,0.0,37.50556250021327,0.0,0.0,0.0,0.0,0.0
2040-02-02 16:00:00,0.0,0.0,0.0,0.0,0.0,36.35262500029057,0.0,0.0,0.0,0.0,0.0
2040-02-02 17:00:00,0.0,0.0,0.0,0.0,0.0,35.7130625002319,0.0,0.0,0.0,0.0,0.0
2040-02-02 18:00:00,0.0,0.0,0.0,0.0,0.0,35.00656250026077,0.0,0.0,0.0,0.0,0.0
2040-02-02 19:00:00,0.0,0.0,0.0,0.0,0.0,34.36806250025984,0.0,0.0,0.0,0.0,0.0
2040-02-02 20:00:00,0.0,0.0,0.0,0.0,0.0,34.155562500236556,0.0,0.0,0.0,0.0,0.0
2040-02-02 21:00:00,0.0,0.0,0.0,0.0,0.0,34.775375000201166,0.0,0.0,0.0,0.0,0.0
2040-02-02 22:00:00,0.0,0.0,0.0,0.0,0.0,35.487812500214204,0.0,0.0,0.0,0.0,0.0
2040-02-02 23:00:00,0.0,0.0,0.0,0.0,0.0,33.178375000250526,0.0,0.0,0.0,0.0,0.0
2040-02-03 00:00:00,0.0,0.0,0.0,0.0,0.0,29.560125000192784,0.0,0.0,0.0,0.0,0.0
2040-02-03 01:00:00,0.0,0.0,0.0,0.0,0.0,27.704562500235625,0.0,0.0,0.0,0.0,0.0
2040-02-03 02:00:00,0.0,0.0,0.0,0.0,0.0,25.623000000254407,0.0,0.0,0.0,0.0,0.0
2040-02-03 03:00:00,0.0,0.0,0.0,0.0,0.0,24.372437500278465,0.0,0.0,0.0,0.0,0.0
2040-02-03 04:00:00,0.0,0.0,0.0,0.0,0.0,23.829250000184402,0.0,0.0,0.0,0.0,0.0
2040-02-03 05:00:00,0.0,0.0,0.0,0.0,0.0,23.371125000178463,0.0,0.0,0.0,0.0,0.0
2040-02-03 06:00:00,0.0,0.0,0.0,0.0,0.0,22.315562500269152,0.0,0.0,0.0,0.0,0.0
2040-02-03 07:00:00,0.0,0.0,0.0,0.0,0.0,21.90500000026077,0.0,0.0,0.0,0.0,0.0
2040-02-03 08:00:00,0.0,0.0,0.0,0.0,0.0,23.489062500186265,0.0,0.0,0.0,0.0,0.0
2040-02-03 09:00:00,0.0,0.0,0.0,0.0,0.0,26.820625000284053,0.0,0.0,0.0,0.0,0.0
2040-02-03 10:00:00,0.0,0.0,0.0,0.0,0.0,30.639250000238825,0.0,0.0,0.0,0.0,0.0
2040-02-03 11:00:00,0.0,0.0,0.0,0.0,0.0,32.194125000271015,0.0,0.0,0.0,0.0,0.0
2040-02-03 12:00:00,0.0,0.0,0.0,0.0,0.0,33.06568750028964,0.0,0.0,0.0,0.0,0.0
2040-02-03 13:00:00,0.0,0.0,0.0,0.0,0.0,33.488312500179745,0.0,0.0,0.0,0.0,0.0
2040-02-03 14:00:00,0.0,0.0,0.0,0.0,0.0,33.05943750019651,0.0,0.0,0.0,0.0,0.0
2040-02-03 15:00:00,0.0,0.0,0.0,0.0,0.0,32.434937500287226,0.0,0.0,0.0,0.0,0.0
2040-02-03 16:00:00,0.0,0.0,0.0,0.0,0.0,32.196750000235625,0.0,0.0,0.0,0.0,0.0
2040-02-03 17:00:00,0.0,0.0,0.0,0.0,0.0,31.223687500227243,0.0,0.0,0.0,0.0,0.0
2040-02-03 18:00:00,0.0,0.0,0.0,0.0,0.0,31.093812500243075,0.0,0.0,0.0,0.0,0.0
2040-02-03 19:00:00,0.0,0.0,0.0,0.0,0.0,31.680625000270084,0.0,0.0,0.0,0.0,0.0
2040-02-03 20:00:00,0.0,0.0,0.0,0.0,0.0,32.586187500277255,0.0,0.0,0.0,0.0,0.0
2040-02-03 21:00:00,0.0,0.0,0.0,0.0,0.0,33.2443125002319,0.0,0.0,0.0,0.0,0.0
2040-02-03 22:00:00,0.0,0.0,0.0,0.0,0.0,34.84950000024401,0.0,0.0,0.0,0.0,0.0
2040-02-03 23:00:00,0.0,0.0,0.0,0.0,0.0,33.20843750028871,0.0,0.0,0.0,0.0,0.0
2040-02-04 00:00:00,0.0,0.0,0.0,0.0,0.0,29.55268750025425,0.0,0.0,0.0,0.0,0.0
2040-02-04 01:00:00,0.0,0.0,0.0,0.0,0.0,27.179875000263564,0.0,0.0,0.0,0.0,0.0
2040-02-04 02:00:00,0.0,0.0,0.0,0.0,0.0,25.034375000279397,0.0,0.0,0.0,0.0,0.0
2040-02-04 03:00:00,0.0,0.0,0.0,0.0,0.0,23.406187500222586,0.0,0.0,0.0,0.0,0.0
2040-02-04 04:00:00,0.0,0.0,0.0,0.0,0.0,22.630875000264496,0.0,0.0,0.0,0.0,0.0
2040-02-04 05:00:00,0.0,0.0,0.0,0.0,0.0,22.37181250017602,0.0,0.0,0.0,0.0,0.0
2040-02-04 06:00:00,0.0,0.0,0.0,0.0,0.0,22.15900000021793,0.0,0.0,0.0,0.0,0.0
2040-02-04 07:00:00,0.0,0.0,0.0,0.0,0.0,20.190812500193715,0.0,0.0,0.0,0.0,0.0
2040-02-04 08:00:00,0.0,0.0,0.0,0.0,0.0,20.71106250025332,0.0,0.0,0.0,0.0,0.0
2040-02-04 09:00:00,0.0,0.0,0.0,0.0,0.0,23.180875000194646,0.0,0.0,0.0,0.0,0.0
2040-02-04 10:00:00,0.0,0.0,0.0,0.0,0.0,25.49031250027474,0.0,0.0,0.0,0.0,0.0
2040-02-04 11:00:00,0.0,0.0,0.0,0.0,0.0,27.660437500220723,0.0,0.0,0.0,0.0,0.0
2040-02-04 12:00:00,0.0,0.0,0.0,0.0,0.0,28.61612500017509,0.0,0.0,0.0,0.0,0.0
2040-02-04 13:00:00,0.0,0.0,0.0,0.0,0.0,30.0903750002617,0.0,0.0,0.0,0.0,0.0
2040-02-04 14:00:00,0.0,0.0,0.0,0.0,0.0,27.469937500194646,0.0,0.0,0.0,0.0,0.0
2040-02-04 15:00:00,0.0,0.0,0.0,0.0,0.0,30.398125000181608,0.0,0.0,0.0,0.0,0.0
2040-02-04 16:00:00,0.0,0.0,0.0,0.0,0.0,29.203187500243075,0.0,0.0,0.0,0.0,0.0
2040-02-04 17:00:00,0.0,0.0,0.0,0.0,0.0,28.74831250018906,0.0,0.0,0.0,0.0,0.0
2040-02-04 18:00:00,0.0,0.0,0.0,0.0,0.0,28.306750000221655,0.0,0.0,0.0,0.0,0.0
2040-02-04 19:00:00,0.0,0.0,0.0,0.0,0.0,28.59600000025239,0.0,0.0,0.0,0.0,0.0
2040-02-04 20:00:00,0.0,0.0,0.0,0.0,0.0,29.035187500179745,0.0,0.0,0.0,0.0,0.0
2040-02-04 21:00:00,0.0,0.0,0.0,0.0,0.0,29.52956250018906,0.0,0.0,0.0,0.0,0.0
2040-02-04 22:00:00,0.0,0.0,0.0,0.0,0.0,32.14818750019185,0.0,0.0,0.0,0.0,0.0
2040-02-04 23:00:00,0.0,0.0,0.0,0.0,0.0,30.512937500257976,0.0,0.0,0.0,0.0,0.0
2040-02-05 00:00:00,0.0,0.0,0.0,0.0,0.0,28.061000000219792,0.0,0.0,0.0,0.0,0.0
2040-02-05 01:00:00,0.0,0.0,0.0,0.0,0.0,25.27818750019651,0.0,0.0,0.0,0.0,0.0
2040-02-05 02:00:00,0.0,0.0,0.0,0.0,0.0,22.74887500028126,0.0,0.0,0.0,0.0,0.0
2040-02-05 03:00:00,0.0,0.0,0.0,0.0,0.0,21.32156250020489,0.0,0.0,0.0,0.0,0.0
2040-02-05 04:00:00,0.0,0.0,0.0,0.0,0.0,20.61225000023842,0.0,0.0,0.0,0.0,0.0
2040-02-05 05:00:00,0.0,0.0,0.0,0.0,0.0,20.40650000027381,0.0,0.0,0.0,0.0,0.0
2040-02-05 06:00:00,0.0,0.0,0.0,0.0,0.0,20.171000000205822,0.0,0.0,0.0,0.0,0.0
2040-02-05 07:00:00,0.0,0.0,0.0,0.0,0.0,22.189687500242144,0.0,0.0,0.0,0.0,0.0
2040-02-05 08:00:00,0.0,0.0,0.0,0.0,0.0,25.91987500025425,0.0,0.0,0.0,0.0,0.0
2040-02-05 09:00:00,0.0,0.0,0.0,0.0,0.0,29.856437500216998,0.0,0.0,0.0,0.0,0.0
2040-02-05 10:00:00,0.0,0.0,0.0,0.0,0.0,34.07318750023842,0.0,0.0,0.0,0.0,0.0
2040-02-05 11:00:00,0.0,0.0,0.0,0.0,0.0,36.44656250020489,0.0,0.0,0.0,0.0,0.0
2040-02-05 12:00:00,0.0,0.0,0.0,0.0,0.0,37.14600000018254,0.0,0.0,0.0,0.0,0.0
2040-02-05 13:00:00,0.0,0.0,0.0,0.0,0.0,37.95956250024028,0.0,0.0,0.0,0.0,0.0
2040-02-05 14:00:00,0.0,0.0,0.0,0.0,0.0,38.382250000257045,0.0,0.0,0.0,0.0,0.0
2040-02-05 15:00:00,0.0,0.0,0.0,0.0,0.0,38.99481250019744,0.0,0.0,0.0,0.0,0.0
2040-02-05 16:00:00,0.0,0.0,0.0,0.0,0.0,38.18118750024587,0.0,0.0,0.0,0.0,0.0
2040-02-05 17:00:00,0.0,0.0,0.0,0.0,0.0,36.60575000022072,0.0,0.0,0.0,0.0,0.0
2040-02-05 18:00:00,0.0,0.0,0.0,0.0,0.0,35.18612500024028,0.0,0.0,0.0,0.0,0.0
2040-02-05 19:00:00,0.0,0.0,0.0,0.0,0.0,34.71918750018813,0.0,0.0,0.0,0.0,0.0
2040-02-05 20:00:00,0.0,0.0,0.0,0.0,0.0,34.56387500022538,0.0,0.0,0.0,0.0,0.0
2040-02-05 21:00:00,0.0,0.0,0.0,0.0,0.0,33.43331250024494,0.0,0.0,0.0,0.0,0.0
2040-02-05 22:00:00,0.0,0.0,0.0,0.0,0.0,35.65993750025518,0.0,0.0,0.0,0.0,0.0
2040-02-05 23:00:00,0.0,0.0,0.0,0.0,0.0,34.23837500018999,0.0,0.0,0.0,0.0,0.0
2040-02-06 00:00:00,0.0,0.0,0.0,0.0,0.0,29.72393750026822,0.0,0.0,0.0,0.0,0.0
2040-02-06 01:00:00,0.0,0.0,0.0,0.0,0.0,26.864812500192784,0.0,0.0,0.0,0.0,0.0
2040-02-06 02:00:00,0.0,0.0,0.0,0.0,0.0,24.88606250018347,0.0,0.0,0.0,0.0,0.0
2040-02-06 03:00:00,0.0,0.0,0.0,0.0,0.0,23.893625000258908,0.0,0.0,0.0,0.0,0.0
2040-02-06 04:00:00,0.0,0.0,0.0,0.0,0.0,22.807625000248663,0.0,0.0,0.0,0.0,0.0
2040-02-06 05:00:00,0.0,0.0,0.0,0.0,0.0,22.343187500257045,0.0,0.0,0.0,0.0,0.0
2040-02-06 06:00:00,0.0,0.0,0.0,0.0,0.0,22.818375000264496,0.0,0.0,0.0,0.0,0.0
2040-02-06 07:00:00,0.0,0.0,0.0,0.0,0.0,23.62425000022631,0.0,0.0,0.0,0.0,0.0
2040-02-06 08:00:00,0.0,0.0,0.0,0.0,0.0,27.862500000279397,0.0,0.0,0.0,0.0,0.0
2040-02-06 09:00:00,0.0,0.0,0.0,0.0,0.0,31.109312500223346,0.0,0.0,0.0,0.0,0.0
2040-02-06 10:00:00,0.0,0.0,0.0,0.0,0.0,32.49587500025518,0.0,0.0,0.0,0.0,0.0
2040-02-06 11:00:00,0.0,0.0,0.0,0.0,0.0,34.0954375002766,0.0,0.0,0.0,0.0,0.0
2040-02-06 12:00:00,0.0,0.0,0.0,0.0,0.0,34.636687500285916,0.0,0.0,0.0,0.0,0.0
2040-02-06 13:00:00,0.0,0.0,0.0,0.0,0.0,34.76925000024494,0.0,0.0,0.0,0.0,0.0
2040-02-06 14:00:00,0.0,0.0,0.0,0.0,0.0,35.297062500263564,0.0,0.0,0.0,0.0,0.0
2040-02-06 15:00:00,0.0,0.0,0.0,0.0,0.0,35.362187500228174,0.0,0.0,0.0,0.0,0.0
2040-02-06 16:00:00,0.0,0.0,0.0,0.0,0.0,34.63956250017509,0.0,0.0,0.0,0.0,0.0
2040-02-06 17:00:00,0.0,0.0,0.0,0.0,0.0,33.66968750022352,0.0,0.0,0.0,0.0,0.0
2040-02-06 18:00:00,0.0,0.0,0.0,0.0,0.0,32.92437500017695,0.0,0.0,0.0,0.0,0.0
2040-02-06 19:00:00,0.0,0.0,0.0,0.0,0.0,32.80837500025518,0.0,0.0,0.0,0.0,0.0
2040-02-06 20:00:00,0.0,0.0,0.0,0.0,0.0,32.0954375002766,0.0,0.0,0.0,0.0,0.0
2040-02-06 21:00:00,0.0,0.0,0.0,0.0,0.0,32.95606250024866,0.0,0.0,0.0,0.0,0.0
2040-02-06 22:00:00,0.0,0.0,0.0,0.0,0.0,34.15106250019744,0.0,0.0,0.0,0.0,0.0
2040-02-06 23:00:00,0.0,0.0,0.0,0.0,0.0,32.0843125001993,0.0,0.0,0.0,0.0,0.0
2040-02-07 00:00:00,0.0,0.0,0.0,0.0,0.0,29.20787500019275,0.0,0.0,0.0,0.0,0.0
2040-02-07 01:00:00,0.0,0.0,0.0,0.0,0.0,26.909687500214204,0.0,0.0,0.0,0.0,0.0
2040-02-07 02:00:00,0.0,0.0,0.0,0.0,0.0,25.127437500283122,0.0,0.0,0.0,0.0,0.0
2040-02-07 03:00:00,0.0,0.0,0.0,0.0,0.0,23.720187500235625,0.0,0.0,0.0,0.0,0.0
2040-02-07 04:00:00,0.0,0.0,0.0,0.0,0.0,22.28187500021886,0.0,0.0,0.0,0.0,0.0
2040-02-07 05:00:00,0.0,0.0,0.0,0.0,0.0,21.676187500241213,0.0,0.0,0.0,0.0,0.0
2040-02-07 06:00:00,0.0,0.0,0.0,0.0,0.0,21.663500000257045,0.0,0.0,0.0,0.0,0.0
2040-02-07 07:00:00,0.0,0.0,0.0,0.0,0.0,22.632875000243075,0.0,0.0,0.0,0.0,0.0
2040-02-07 08:00:00,0.0,0.0,0.0,0.0,0.0,26.14462500018999,0.0,0.0,0.0,0.0,0.0
2040-02-07 09:00:00,0.0,0.0,0.0,0.0,0.0,29.35706250020303,0.0,0.0,0.0,0.0,0.0
2040-02-07 10:00:00,0.0,0.0,0.0,0.0,0.0,31.995937500265427,0.0,0.0,0.0,0.0,0.0
2040-02-07 11:00:00,0.0,0.0,0.0,0.0,0.0,33.929875000263564,0.0,0.0,0.0,0.0,0.0
2040-02-07 12:00:00,0.0,0.0,0.0,0.0,0.0,35.334750000271015,0.0,0.0,0.0,0.0,0.0
2040-02-07 13:00:00,0.0,0.0,0.0,0.0,0.0,35.79918750026263,0.0,0.0,0.0,0.0,0.0
2040-02-07 14:00:00,0.0,0.0,0.0,0.0,0.0,27.10381250025239,0.0,0.0,0.0,0.0,0.0
2040-02-07 15:00:00,0.0,0.0,0.0,0.0,0.0,24.99112500017509,0.0,0.0,0.0,0.0,0.0
2040-02-07 16:00:00,0.0,0.0,0.0,0.0,0.0,34.47562500019558,0.0,0.0,0.0,0.0,0.0
2040-02-07 17:00:00,0.0,0.0,0.0,0.0,0.0,35.71968750027008,0.0,0.0,0.0,0.0,0.0
2040-02-07 18:00:00,0.0,0.0,0.0,0.0,0.0,35.22200000018347,0.0,0.0,0.0,0.0,0.0
2040-02-07 19:00:00,0.0,0.0,0.0,0.0,0.0,34.044937500264496,0.0,0.0,0.0,0.0,0.0
2040-02-07 20:00:00,0.0,0.0,0.0,0.0,0.0,33.271500000264496,0.0,0.0,0.0,0.0,0.0
2040-02-07 21:00:00,0.0,0.0,0.0,0.0,0.0,32.93075000029057,0.0,0.0,0.0,0.0,0.0
2040-02-07 22:00:00,0.0,0.0,0.0,0.0,0.0,33.74231250025332,0.0,0.0,0.0,0.0,0.0
2040-02-07 23:00:00,0.0,0.0,0.0,0.0,0.0,32.93343750026543,0.0,0.0,0.0,0.0,0.0
2040-02-08 00:00:00,0.0,0.0,0.0,0.0,0.0,28.655812500277534,0.0,0.0,0.0,0.0,0.0
2040-02-08 01:00:00,0.0,0.0,0.0,0.0,0.0,25.421812500222586,0.0,0.0,0.0,0.0,0.0
2040-02-08 02:00:00,0.0,0.0,0.0,0.0,0.0,23.50137500022538,0.0,0.0,0.0,0.0,0.0
2040-02-08 03:00:00,0.0,0.0,0.0,0.0,0.0,23.54837500024587,0.0,0.0,0.0,0.0,0.0
2040-02-08 04:00:00,0.0,0.0,0.0,0.0,0.0,21.58393750025425,0.0,0.0,0.0,0.0,0.0
2040-02-08 05:00:00,0.0,0.0,0.0,0.0,0.0,21.191375000285916,0.0,0.0,0.0,0.0,0.0
2040-02-08 06:00:00,0.0,0.0,0.0,0.0,0.0,21.00656250026077,0.0,0.0,0.0,0.0,0.0
2040-02-08 07:00:00,0.0,0.0,0.0,0.0,0.0,22.180687500280328,0.0,0.0,0.0,0.0,0.0
2040-02-08 08:00:00,0.0,0.0,0.0,0.0,0.0,26.626187500194646,0.0,0.0,0.0,0.0,0.0
2040-02-08 09:00:00,0.0,0.0,0.0,0.0,0.0,30.583625000202503,0.0,0.0,0.0,0.0,0.0
2040-02-08 10:00:00,0.0,0.0,0.0,0.0,0.0,33.31037500023376,0.0,0.0,0.0,0.0,0.0
2040-02-08 11:00:00,0.0,0.0,0.0,0.0,0.0,35.03950000018813,0.0,0.0,0.0,0.0,0.0
2040-02-08 12:00:00,0.0,0.0,0.0,0.0,0.0,35.26806250028312,0.0,0.0,0.0,0.0,0.0
2040-02-08 13:00:00,0.0,0.0,0.0,0.0,0.0,34.77068750024773,0.0,0.0,0.0,0.0,0.0
2040-02-08 14:00:00,0.0,0.0,0.0,0.0,0.0,34.25637500023004,0.0,0.0,0.0,0.0,0.0
2040-02-08 15:00:00,0.0,0.0,0.0,0.0,0.0,34.388812500284985,0.0,0.0,0.0,0.0,0.0
2040-02-08 16:00:00,0.0,0.0,0.0,0.0,0.0,33.934812500257976,0.0,0.0,0.0,0.0,0.0
2040-02-08 17:00:00,0.0,0.0,0.0,0.0,0.0,32.690937500214204,0.0,0.0,0.0,0.0,0.0
2040-02-08 18:00:00,0.0,0.0,0.0,0.0,0.0,31.859312500222586,0.0,0.0,0.0,0.0,0.0
2040-02-08 19:00:00,0.0,0.0,0.0,0.0,0.0,31.657312500290573,0.0,0.0,0.0,0.0,0.0
2040-02-08 20:00:00,0.0,0.0,0.0,0.0,0.0,31.509375000256114,0.0,0.0,0.0,0.0,0.0
2040-02-08 21:00:00,0.0,0.0,0.0,0.0,0.0,32.44768750027288,0.0,0.0,0.0,0.0,0.0
2040-02-08 22:00:00,0.0,0.0,0.0,0.0,0.0,34.84437500021886,0.0,0.0,0.0,0.0,0.0
2040-02-08 23:00:00,0.0,0.0,0.0,0.0,0.0,33.326187500264496,0.0,0.0,0.0,0.0,0.0
2040-02-09 00:00:00,0.0,0.0,0.0,0.0,0.0,29.81387500022538,0.0,0.0,0.0,0.0,0.0
2040-02-09 01:00:00,0.0,0.0,0.0,0.0,0.0,26.728875000262633,0.0,0.0,0.0,0.0,0.0
2040-02-09 02:00:00,0.0,0.0,0.0,0.0,0.0,24.947062500286847,0.0,0.0,0.0,0.0,0.0
2040-02-09 03:00:00,0.0,0.0,0.0,0.0,0.0,23.73700000019744,0.0,0.0,0.0,0.0,0.0
2040-02-09 04:00:00,0.0,0.0,0.0,0.0,0.0,22.296937500243075,0.0,0.0,0.0,0.0,0.0
2040-02-09 05:00:00,0.0,0.0,0.0,0.0,0.0,22.17275000025984,0.0,0.0,0.0,0.0,0.0
2040-02-09 06:00:00,0.0,0.0,0.0,0.0,0.0,22.05162500019651,0.0,0.0,0.0,0.0,0.0
2040-02-09 07:00:00,0.0,0.0,0.0,0.0,0.0,23.365000000223517,0.0,0.0,0.0,0.0,0.0
2040-02-09 08:00:00,0.0,0.0,0.0,0.0,0.0,27.79168750019744,0.0,0.0,0.0,0.0,0.0
2040-02-09 09:00:00,0.0,0.0,0.0,0.0,0.0,31.073000000207685,0.0,0.0,0.0,0.0,0.0
2040-02-09 10:00:00,0.0,0.0,0.0,0.0,0.0,32.61731250025332,0.0,0.0,0.0,0.0,0.0
2040-02-09 11:00:00,0.0,0.0,0.0,0.0,0.0,34.45300000021234,0.0,0.0,0.0,0.0,0.0
2040-02-09 12:00:00,0.0,0.0,0.0,0.0,0.0,35.15525000018533,0.0,0.0,0.0,0.0,0.0
2040-02-09 13:00:00,0.0,0.0,0.0,0.0,0.0,35.58493750018533,0.0,0.0,0.0,0.0,0.0
2040-02-09 14:00:00,0.0,0.0,0.0,0.0,0.0,34.87300000025425,0.0,0.0,0.0,0.0,0.0
2040-02-09 15:00:00,0.0,0.0,0.0,0.0,0.0,35.35731250024401,0.0,0.0,0.0,0.0,0.0
2040-02-09 16:00:00,0.0,0.0,0.0,0.0,0.0,34.361437500221655,0.0,0.0,0.0,0.0,0.0
2040-02-09 17:00:00,0.0,0.0,0.0,0.0,0.0,33.2544375002617,0.0,0.0,0.0,0.0,0.0
2040-02-09 18:00:00,0.0,0.0,0.0,0.0,0.0,32.6780625001993,0.0,0.0,0.0,0.0,0.0
2040-02-09 19:00:00,0.0,0.0,0.0,0.0,0.0,32.8468750002794,0.0,0.0,0.0,0.0,0.0
2040-02-09 20:00:00,0.0,0.0,0.0,0.0,0.0,31.959437500219792,0.0,0.0,0.0,0.0,0.0
2040-02-09 21:00:00,0.0,0.0,0.0,0.0,0.0,31.355875000241213,0.0,0.0,0.0,0.0,0.0
2040-02-09 22:00:00,0.0,0.0,0.0,0.0,0.0,34.10975000017788,0.0,0.0,0.0,0.0,0.0
2040-02-09 23:00:00,0.0,0.0,0.0,0.0,0.0,32.742250000243075,0.0,0.0,0.0,0.0,0.0
2040-02-10 00:00:00,0.0,0.0,0.0,0.0,0.0,30.83062500017695,0.0,0.0,0.0,0.0,0.0
2040-02-10 01:00:00,0.0,0.0,0.0,0.0,0.0,28.318875000230037,0.0,0.0,0.0,0.0,0.0
2040-02-10 02:00:00,0.0,0.0,0.0,0.0,0.0,25.62881250027567,0.0,0.0,0.0,0.0,0.0
2040-02-10 03:00:00,0.0,0.0,0.0,0.0,0.0,23.698750000214204,0.0,0.0,0.0,0.0,0.0
2040-02-10 04:00:00,0.0,0.0,0.0,0.0,0.0,22.025750000262633,0.0,0.0,0.0,0.0,0.0
2040-02-10 05:00:00,0.0,0.0,0.0,0.0,0.0,21.73687500017695,0.0,0.0,0.0,0.0,0.0
2040-02-10 06:00:00,0.0,0.0,0.0,0.0,0.0,20.68131250026636,0.0,0.0,0.0,0.0,0.0
2040-02-10 07:00:00,0.0,0.0,0.0,0.0,0.0,20.12762500019744,0.0,0.0,0.0,0.0,0.0
2040-02-10 08:00:00,0.0,0.0,0.0,0.0,0.0,23.03981250023935,0.0,0.0,0.0,0.0,0.0
2040-02-10 09:00:00,0.0,0.0,0.0,0.0,0.0,26.72706250019837,0.0,0.0,0.0,0.0,0.0
2040-02-10 10:00:00,0.0,0.0,0.0,0.0,0.0,29.758875000290573,0.0,0.0,0.0,0.0,0.0
2040-02-10 11:00:00,0.0,0.0,0.0,0.0,0.0,31.781812500208616,0.0,0.0,0.0,0.0,0.0
2040-02-10 12:00:00,0.0,0.0,0.0,0.0,0.0,33.38812500028871,0.0,0.0,0.0,0.0,0.0
2040-02-10 13:00:00,0.0,0.0,0.0,0.0,0.0,32.784562500193715,0.0,0.0,0.0,0.0,0.0
2040-02-10 14:00:00,0.0,0.0,0.0,0.0,0.0,32.38062500022352,0.0,0.0,0.0,0.0,0.0
2040-02-10 15:00:00,0.0,0.0,0.0,0.0,0.0,31.974500000244007,0.0,0.0,0.0,0.0,0.0
2040-02-10 16:00:00,0.0,0.0,0.0,0.0,0.0,30.915250000194646,0.0,0.0,0.0,0.0,0.0
2040-02-10 17:00:00,0.0,0.0,0.0,0.0,0.0,29.800625000265427,0.0,0.0,0.0,0.0,0.0
2040-02-10 18:00:00,0.0,0.0,0.0,0.0,0.0,29.052000000257976,0.0,0.0,0.0,0.0,0.0
2040-02-10 19:00:00,0.0,0.0,0.0,0.0,0.0,29.345312500256114,0.0,0.0,0.0,0.0,0.0
2040-02-10 20:00:00,0.0,0.0,0.0,0.0,0.0,29.87362500024028,0.0,0.0,0.0,0.0,0.0
2040-02-10 21:00:00,0.0,0.0,0.0,0.0,0.0,31.1115000002319,0.0,0.0,0.0,0.0,0.0
2040-02-10 22:00:00,0.0,0.0,0.0,0.0,0.0,33.09250000026077,0.0,0.0,0.0,0.0,0.0
2040-02-10 23:00:00,0.0,0.0,0.0,0.0,0.0,31.764437500271015,0.0,0.0,0.0,0.0,0.0
2040-02-11 00:00:00,0.0,0.0,0.0,0.0,0.0,29.424875000258908,0.0,0.0,0.0,0.0,0.0
2040-02-11 01:00:00,0.0,0.0,0.0,0.0,0.0,26.927312500192784,0.0,0.0,0.0,0.0,0.0
2040-02-11 02:00:00,0.0,0.0,0.0,0.0,0.0,23.98500000021886,0.0,0.0,0.0,0.0,0.0
2040-02-11 03:00:00,0.0,0.0,0.0,0.0,0.0,23.220812500221655,0.0,0.0,0.0,0.0,0.0
2040-02-11 04:00:00,0.0,0.0,0.0,0.0,0.0,22.689562500221655,0.0,0.0,0.0,0.0,0.0
2040-02-11 05:00:00,0.0,0.0,0.0,0.0,0.0,22.27756250021048,0.0,0.0,0.0,0.0,0.0
2040-02-11 06:00:00,0.0,0.0,0.0,0.0,0.0,21.751187500194646,0.0,0.0,0.0,0.0,0.0
2040-02-11 07:00:00,0.0,0.0,0.0,0.0,0.0,19.953500000177883,0.0,0.0,0.0,0.0,0.0
2040-02-11 08:00:00,0.0,0.0,0.0,0.0,0.0,20.66300000017509,0.0,0.0,0.0,0.0,0.0
2040-02-11 09:00:00,0.0,0.0,0.0,0.0,0.0,22.280812500277534,0.0,0.0,0.0,0.0,0.0
2040-02-11 10:00:00,0.0,0.0,0.0,0.0,0.0,23.611187500180677,0.0,0.0,0.0,0.0,0.0
2040-02-11 11:00:00,0.0,0.0,0.0,0.0,0.0,25.644562500179745,0.0,0.0,0.0,0.0,0.0
2040-02-11 12:00:00,0.0,0.0,0.0,0.0,0.0,26.305812500184402,0.0,0.0,0.0,0.0,0.0
2040-02-11 13:00:00,0.0,0.0,0.0,0.0,0.0,27.789500000188127,0.0,0.0,0.0,0.0,0.0
2040-02-11 14:00:00,0.0,0.0,0.0,0.0,0.0,27.680500000249594,0.0,0.0,0.0,0.0,0.0
2040-02-11 15:00:00,0.0,0.0,0.0,0.0,0.0,27.174437500187196,0.0,0.0,0.0,0.0,0.0
2040-02-11 16:00:00,0.0,0.0,0.0,0.0,0.0,26.728937500272878,0.0,0.0,0.0,0.0,0.0
2040-02-11 17:00:00,0.0,0.0,0.0,0.0,0.0,26.516562500270084,0.0,0.0,0.0,0.0,0.0
2040-02-11 18:00:00,0.0,0.0,0.0,0.0,0.0,26.401062500195184,0.0,0.0,0.0,0.0,0.0
2040-02-11 19:00:00,0.0,0.0,0.0,0.0,0.0,26.637312500271946,0.0,0.0,0.0,0.0,0.0
2040-02-11 20:00:00,0.0,0.0,0.0,0.0,0.0,26.73237500025425,0.0,0.0,0.0,0.0,0.0
2040-02-11 21:00:00,0.0,0.0,0.0,0.0,0.0,28.28587500017602,0.0,0.0,0.0,0.0,0.0
2040-02-11 22:00:00,0.0,0.0,0.0,0.0,0.0,30.765062500257045,0.0,0.0,0.0,0.0,0.0
2040-02-11 23:00:00,0.0,0.0,0.0,0.0,0.0,30.102875000215136,0.0,0.0,0.0,0.0,0.0
2040-02-12 00:00:00,0.0,0.0,0.0,0.0,0.0,27.80456250021234,0.0,0.0,0.0,0.0,0.0
2040-02-12 01:00:00,0.0,0.0,0.0,0.0,0.0,23.915500000235625,0.0,0.0,0.0,0.0,0.0
2040-02-12 02:00:00,0.0,0.0,0.0,0.0,0.0,21.254687500186265,0.0,0.0,0.0,0.0,0.0
2040-02-12 03:00:00,0.0,0.0,0.0,0.0,0.0,19.645687500247732,0.0,0.0,0.0,0.0,0.0
2040-02-12 04:00:00,0.0,0.0,0.0,0.0,0.0,19.333250000257976,0.0,0.0,0.0,0.0,0.0
2040-02-12 05:00:00,0.0,0.0,0.0,0.0,0.0,19.15812500019092,0.0,0.0,0.0,0.0,0.0
2040-02-12 06:00:00,0.0,0.0,0.0,0.0,0.0,20.133187500177883,0.0,0.0,0.0,0.0,0.0
2040-02-12 07:00:00,0.0,0.0,0.0,0.0,0.0,22.33481250028126,0.0,0.0,0.0,0.0,0.0
2040-02-12 08:00:00,0.0,0.0,0.0,0.0,0.0,26.155062500275182,0.0,0.0,0.0,0.0,0.0
2040-02-12 09:00:00,0.0,0.0,0.0,0.0,0.0,31.24893750017509,0.0,0.0,0.0,0.0,0.0
2040-02-12 10:00:00,0.0,0.0,0.0,0.0,0.0,33.68931250018068,0.0,0.0,0.0,0.0,0.0
2040-02-12 11:00:00,0.0,0.0,0.0,0.0,0.0,35.29868750018068,0.0,0.0,0.0,0.0,0.0
2040-02-12 12:00:00,0.0,0.0,0.0,0.0,0.0,36.36981250019744,0.0,0.0,0.0,0.0,0.0
2040-02-12 13:00:00,0.0,0.0,0.0,0.0,0.0,36.30393750022631,0.0,0.0,0.0,0.0,0.0
2040-02-12 14:00:00,0.0,0.0,0.0,0.0,0.0,35.23775000020396,0.0,0.0,0.0,0.0,0.0
2040-02-12 15:00:00,0.0,0.0,0.0,0.0,0.0,35.47631250019185,0.0,0.0,0.0,0.0,0.0
2040-02-12 16:00:00,0.0,0.0,0.0,0.0,0.0,35.55850000027567,0.0,0.0,0.0,0.0,0.0
2040-02-12 17:00:00,0.0,0.0,0.0,0.0,0.0,33.06662500021048,0.0,0.0,0.0,0.0,0.0
2040-02-12 18:00:00,0.0,0.0,0.0,0.0,0.0,31.26750000019092,0.0,0.0,0.0,0.0,0.0
2040-02-12 19:00:00,0.0,0.0,0.0,0.0,0.0,30.78112500021234,0.0,0.0,0.0,0.0,0.0
2040-02-12 20:00:00,0.0,0.0,0.0,0.0,0.0,30.732562500284985,0.0,0.0,0.0,0.0,0.0
2040-02-12 21:00:00,0.0,0.0,0.0,0.0,0.0,31.595937500242144,0.0,0.0,0.0,0.0,0.0
2040-02-12 22:00:00,0.0,0.0,0.0,0.0,0.0,31.731625000247732,0.0,0.0,0.0,0.0,0.0
2040-02-12 23:00:00,0.0,0.0,0.0,0.0,0.0,30.22137500019744,0.0,0.0,0.0,0.0,0.0
2040-02-13 00:00:00,0.0,0.0,0.0,0.0,0.0,26.827687500277534,0.0,0.0,0.0,0.0,0.0
2040-02-13 01:00:00,0.0,0.0,0.0,0.0,0.0,24.59537500026636,0.0,0.0,0.0,0.0,0.0
2040-02-13 02:00:00,0.0,0.0,0.0,0.0,0.0,22.84525000024587,0.0,0.0,0.0,0.0,0.0
2040-02-13 03:00:00,0.0,0.0,0.0,0.0,0.0,21.84300000022631,0.0,0.0,0.0,0.0,0.0
2040-02-13 04:00:00,0.0,0.0,0.0,0.0,0.0,20.580437500262633,0.0,0.0,0.0,0.0,0.0
2040-02-13 05:00:00,0.0,0.0,0.0,0.0,0.0,20.491625000257045,0.0,0.0,0.0,0.0,0.0
2040-02-13 06:00:00,0.0,0.0,0.0,0.0,0.0,21.86643750022631,0.0,0.0,0.0,0.0,0.0
2040-02-13 07:00:00,0.0,0.0,0.0,0.0,0.0,22.491250000195578,0.0,0.0,0.0,0.0,0.0
2040-02-13 08:00:00,0.0,0.0,0.0,0.0,0.0,25.221187500283122,0.0,0.0,0.0,0.0,0.0
2040-02-13 09:00:00,0.0,0.0,0.0,0.0,0.0,29.726750000263564,0.0,0.0,0.0,0.0,0.0
2040-02-13 10:00:00,0.0,0.0,0.0,0.0,0.0,31.473125000251457,0.0,0.0,0.0,0.0,0.0
2040-02-13 11:00:00,0.0,0.0,0.0,0.0,0.0,32.94631250028033,0.0,0.0,0.0,0.0,0.0
2040-02-13 12:00:00,0.0,0.0,0.0,0.0,0.0,34.91118750022724,0.0,0.0,0.0,0.0,0.0
2040-02-13 13:00:00,0.0,0.0,0.0,0.0,0.0,35.66300000017509,0.0,0.0,0.0,0.0,0.0
2040-02-13 14:00:00,0.0,0.0,0.0,0.0,0.0,34.919187500257976,0.0,0.0,0.0,0.0,0.0
2040-02-13 15:00:00,0.0,0.0,0.0,0.0,0.0,35.00731250026729,0.0,0.0,0.0,0.0,0.0
2040-02-13 16:00:00,0.0,0.0,0.0,0.0,0.0,34.79500000027474,0.0,0.0,0.0,0.0,0.0
2040-02-13 17:00:00,0.0,0.0,0.0,0.0,0.0,33.72831250028685,0.0,0.0,0.0,0.0,0.0
2040-02-13 18:00:00,0.0,0.0,0.0,0.0,0.0,33.11400000017602,0.0,0.0,0.0,0.0,0.0
2040-02-13 19:00:00,0.0,0.0,0.0,0.0,0.0,32.249937500222586,0.0,0.0,0.0,0.0,0.0
2040-02-13 20:00:00,0.0,0.0,0.0,0.0,0.0,31.953125,0.0,0.0,0.0,0.0,0.0
2040-02-13 21:00:00,0.0,0.0,0.0,0.0,0.0,33.510375000187196,0.0,0.0,0.0,0.0,0.0
2040-02-13 22:00:00,0.0,0.0,0.0,0.0,0.0,34.290500000235625,0.0,0.0,0.0,0.0,0.0
2040-02-13 23:00:00,0.0,0.0,0.0,0.0,0.0,32.931750000221655,0.0,0.0,0.0,0.0,0.0
2040-02-14 00:00:00,0.0,0.0,0.0,0.0,0.0,28.421875,0.0,0.0,0.0,0.0,0.0
2040-02-14 01:00:00,0.0,0.0,0.0,0.0,0.0,25.51512500026729,0.0,0.0,0.0,0.0,0.0
2040-02-14 02:00:00,0.0,0.0,0.0,0.0,0.0,23.453437500284053,0.0,0.0,0.0,0.0,0.0
2040-02-14 03:00:00,0.0,0.0,0.0,0.0,0.0,22.493875000276603,0.0,0.0,0.0,0.0,0.0
2040-02-14 04:00:00,0.0,0.0,0.0,0.0,0.0,21.76118750020396,0.0,0.0,0.0,0.0,0.0
2040-02-14 05:00:00,0.0,0.0,0.0,0.0,0.0,21.8146250002319,0.0,0.0,0.0,0.0,0.0
2040-02-14 06:00:00,0.0,0.0,0.0,0.0,0.0,22.80481250025332,0.0,0.0,0.0,0.0,0.0
2040-02-14 07:00:00,0.0,0.0,0.0,0.0,0.0,24.15825000021141,0.0,0.0,0.0,0.0,0.0
2040-02-14 08:00:00,0.0,0.0,0.0,0.0,0.0,27.80556250025984,0.0,0.0,0.0,0.0,0.0
2040-02-14 09:00:00,0.0,0.0,0.0,0.0,0.0,33.0310625002021,0.0,0.0,0.0,0.0,0.0
2040-02-14 10:00:00,0.0,0.0,0.0,0.0,0.0,35.27375000028405,0.0,0.0,0.0,0.0,0.0
2040-02-14 11:00:00,0.0,0.0,0.0,0.0,0.0,36.917500000214204,0.0,0.0,0.0,0.0,0.0
2040-02-14 12:00:00,0.0,0.0,0.0,0.0,0.0,37.89593750028871,0.0,0.0,0.0,0.0,0.0
2040-02-14 13:00:00,0.0,0.0,0.0,0.0,0.0,38.19068750028964,0.0,0.0,0.0,0.0,0.0
2040-02-14 14:00:00,0.0,0.0,0.0,0.0,0.0,37.27381250017788,0.0,0.0,0.0,0.0,0.0
2040-02-14 15:00:00,0.0,0.0,0.0,0.0,0.0,37.81062500027474,0.0,0.0,0.0,0.0,0.0
2040-02-14 16:00:00,0.0,0.0,0.0,0.0,0.0,37.627062500221655,0.0,0.0,0.0,0.0,0.0
2040-02-14 17:00:00,0.0,0.0,0.0,0.0,0.0,36.375812500249594,0.0,0.0,0.0,0.0,0.0
2040-02-14 18:00:00,0.0,0.0,0.0,0.0,0.0,35.89237500028685,0.0,0.0,0.0,0.0,0.0
2040-02-14 19:00:00,0.0,0.0,0.0,0.0,0.0,33.904937500250526,0.0,0.0,0.0,0.0,0.0
2040-02-14 20:00:00,0.0,0.0,0.0,0.0,0.0,31.91556250024587,0.0,0.0,0.0,0.0,0.0
2040-02-14 21:00:00,0.0,0.0,0.0,0.0,0.0,32.00943750026636,0.0,0.0,0.0,0.0,0.0
2040-02-14 22:00:00,0.0,0.0,0.0,0.0,0.0,32.53418750024866,0.0,0.0,0.0,0.0,0.0
2040-02-14 23:00:00,0.0,0.0,0.0,0.0,0.0,31.036500000278465,0.0,0.0,0.0,0.0,0.0
2040-02-15 00:00:00,0.0,0.0,0.0,0.0,0.0,28.15306250017602,0.0,0.0,0.0,0.0,0.0
2040-02-15 01:00:00,0.0,0.0,0.0,0.0,0.0,25.015187500277534,0.0,0.0,0.0,0.0,0.0
2040-02-15 02:00:00,0.0,0.0,0.0,0.0,0.0,22.67781250027474,0.0,0.0,0.0,0.0,0.0
2040-02-15 03:00:00,0.0,0.0,0.0,0.0,0.0,21.539875000249594,0.0,0.0,0.0,0.0,0.0
2040-02-15 04:00:00,0.0,0.0,0.0,0.0,0.0,21.100062500219792,0.0,0.0,0.0,0.0,0.0
2040-02-15 05:00:00,0.0,0.0,0.0,0.0,0.0,20.831750000244938,0.0,0.0,0.0,0.0,0.0
2040-02-15 06:00:00,0.0,0.0,0.0,0.0,0.0,21.916437500272878,0.0,0.0,0.0,0.0,0.0
2040-02-15 07:00:00,0.0,0.0,0.0,0.0,0.0,22.780375000205822,0.0,0.0,0.0,0.0,0.0
2040-02-15 08:00:00,0.0,0.0,0.0,0.0,0.0,26.2365000002319,0.0,0.0,0.0,0.0,0.0
2040-02-15 09:00:00,0.0,0.0,0.0,0.0,0.0,29.977125000208616,0.0,0.0,0.0,0.0,0.0
2040-02-15 10:00:00,0.0,0.0,0.0,0.0,0.0,31.964000000269152,0.0,0.0,0.0,0.0,0.0
2040-02-15 11:00:00,0.0,0.0,0.0,0.0,0.0,33.53431250026915,0.0,0.0,0.0,0.0,0.0
2040-02-15 12:00:00,0.0,0.0,0.0,0.0,0.0,34.367250000243075,0.0,0.0,0.0,0.0,0.0
2040-02-15 13:00:00,0.0,0.0,0.0,0.0,0.0,35.825437500257976,0.0,0.0,0.0,0.0,0.0
2040-02-15 14:00:00,0.0,0.0,0.0,0.0,0.0,35.9552500002319,0.0,0.0,0.0,0.0,0.0
2040-02-15 15:00:00,0.0,0.0,0.0,0.0,0.0,33.54700000025332,0.0,0.0,0.0,0.0,0.0
2040-02-15 16:00:00,0.0,0.0,0.0,0.0,0.0,37.92681250022724,0.0,0.0,0.0,0.0,0.0
2040-02-15 17:00:00,0.0,0.0,0.0,0.0,0.0,36.275500000221655,0.0,0.0,0.0,0.0,0.0
2040-02-15 18:00:00,0.0,0.0,0.0,0.0,0.0,35.27706250024494,0.0,0.0,0.0,0.0,0.0
2040-02-15 19:00:00,0.0,0.0,0.0,0.0,0.0,33.19425000017509,0.0,0.0,0.0,0.0,0.0
2040-02-15 20:00:00,0.0,0.0,0.0,0.0,0.0,32.47237500024494,0.0,0.0,0.0,0.0,0.0
2040-02-15 21:00:00,0.0,0.0,0.0,0.0,0.0,33.47856250021141,0.0,0.0,0.0,0.0,0.0
2040-02-15 22:00:00,0.0,0.0,0.0,0.0,0.0,34.724625000264496,0.0,0.0,0.0,0.0,0.0
2040-02-15 23:00:00,0.0,0.0,0.0,0.0,0.0,32.536500000278465,0.0,0.0,0.0,0.0,0.0
2040-02-16 00:00:00,0.0,0.0,0.0,0.0,0.0,28.00743750028778,0.0,0.0,0.0,0.0,0.0
2040-02-16 01:00:00,0.0,0.0,0.0,0.0,0.0,25.37056250020396,0.0,0.0,0.0,0.0,0.0
2040-02-16 02:00:00,0.0,0.0,0.0,0.0,0.0,23.35243750025984,0.0,0.0,0.0,0.0,0.0
2040-02-16 03:00:00,0.0,0.0,0.0,0.0,0.0,22.021625000284985,0.0,0.0,0.0,0.0,0.0
2040-02-16 04:00:00,0.0,0.0,0.0,0.0,0.0,21.02506250026636,0.0,0.0,0.0,0.0,0.0
2040-02-16 05:00:00,0.0,0.0,0.0,0.0,0.0,21.252562500187196,0.0,0.0,0.0,0.0,0.0
2040-02-16 06:00:00,0.0,0.0,0.0,0.0,0.0,21.85925000021234,0.0,0.0,0.0,0.0,0.0
2040-02-16 07:00:00,0.0,0.0,0.0,0.0,0.0,22.91331250022631,0.0,0.0,0.0,0.0,0.0
2040-02-16 08:00:00,0.0,0.0,0.0,0.0,0.0,26.718062500236556,0.0,0.0,0.0,0.0,0.0
2040-02-16 09:00:00,0.0,0.0,0.0,0.0,0.0,30.576687500230037,0.0,0.0,0.0,0.0,0.0
2040-02-16 10:00:00,0.0,0.0,0.0,0.0,0.0,33.987687500193715,0.0,0.0,0.0,0.0,0.0
2040-02-16 11:00:00,0.0,0.0,0.0,0.0,0.0,35.76462500018533,0.0,0.0,0.0,0.0,0.0
2040-02-16 12:00:00,0.0,0.0,0.0,0.0,0.0,36.446500000194646,0.0,0.0,0.0,0.0,0.0
2040-02-16 13:00:00,0.0,0.0,0.0,0.0,0.0,36.261125000193715,0.0,0.0,0.0,0.0,0.0
2040-02-16 14:00:00,0.0,0.0,0.0,0.0,0.0,36.26837500021793,0.0,0.0,0.0,0.0,0.0
2040-02-16 15:00:00,0.0,0.0,0.0,0.0,0.0,36.49306250025984,0.0,0.0,0.0,0.0,0.0
2040-02-16 16:00:00,0.0,0.0,0.0,0.0,0.0,35.492875000229105,0.0,0.0,0.0,0.0,0.0
2040-02-16 17:00:00,0.0,0.0,0.0,0.0,0.0,34.271687500178814,0.0,0.0,0.0,0.0,0.0
2040-02-16 18:00:00,0.0,0.0,0.0,0.0,0.0,32.12743750028312,0.0,0.0,0.0,0.0,0.0
2040-02-16 19:00:00,0.0,0.0,0.0,0.0,0.0,30.80518750019837,0.0,0.0,0.0,0.0,0.0
2040-02-16 20:00:00,0.0,0.0,0.0,0.0,0.0,30.480875000241213,0.0,0.0,0.0,0.0,0.0
2040-02-16 21:00:00,0.0,0.0,0.0,0.0,0.0,31.891062500188127,0.0,0.0,0.0,0.0,0.0
2040-02-16 22:00:00,0.0,0.0,0.0,0.0,0.0,32.6321875002468,0.0,0.0,0.0,0.0,0.0
2040-02-16 23:00:00,0.0,0.0,0.0,0.0,0.0,30.512812500237487,0.0,0.0,0.0,0.0,0.0
2040-02-17 00:00:00,0.0,0.0,0.0,0.0,0.0,27.986750000272878,0.0,0.0,0.0,0.0,0.0
2040-02-17 01:00:00,0.0,0.0,0.0,0.0,0.0,26.58100000023842,0.0,0.0,0.0,0.0,0.0
2040-02-17 02:00:00,0.0,0.0,0.0,0.0,0.0,24.613625000230968,0.0,0.0,0.0,0.0,0.0
2040-02-17 03:00:00,0.0,0.0,0.0,0.0,0.0,23.258625000249594,0.0,0.0,0.0,0.0,0.0
2040-02-17 04:00:00,0.0,0.0,0.0,0.0,0.0,22.34837500017602,0.0,0.0,0.0,0.0,0.0
2040-02-17 05:00:00,0.0,0.0,0.0,0.0,0.0,21.507375000277534,0.0,0.0,0.0,0.0,0.0
2040-02-17 06:00:00,0.0,0.0,0.0,0.0,0.0,21.6740000002319,0.0,0.0,0.0,0.0,0.0
2040-02-17 07:00:00,0.0,0.0,0.0,0.0,0.0,19.77893750020303,0.0,0.0,0.0,0.0,0.0
2040-02-17 08:00:00,0.0,0.0,0.0,0.0,0.0,21.59987500018906,0.0,0.0,0.0,0.0,0.0
2040-02-17 09:00:00,0.0,0.0,0.0,0.0,0.0,26.648375000222586,0.0,0.0,0.0,0.0,0.0
2040-02-17 10:00:00,0.0,0.0,0.0,0.0,0.0,29.422562500229105,0.0,0.0,0.0,0.0,0.0
2040-02-17 11:00:00,0.0,0.0,0.0,0.0,0.0,31.32762500026729,0.0,0.0,0.0,0.0,0.0
2040-02-17 12:00:00,0.0,0.0,0.0,0.0,0.0,31.95662500022445,0.0,0.0,0.0,0.0,0.0
2040-02-17 13:00:00,0.0,0.0,0.0,0.0,0.0,31.753687500255182,0.0,0.0,0.0,0.0,0.0
2040-02-17 14:00:00,0.0,0.0,0.0,0.0,0.0,31.097625000285916,0.0,0.0,0.0,0.0,0.0
2040-02-17 15:00:00,0.0,0.0,0.0,0.0,0.0,30.57368750020396,0.0,0.0,0.0,0.0,0.0
2040-02-17 16:00:00,0.0,0.0,0.0,0.0,0.0,28.255062500247732,0.0,0.0,0.0,0.0,0.0
2040-02-17 17:00:00,0.0,0.0,0.0,0.0,0.0,27.63156250026077,0.0,0.0,0.0,0.0,0.0
2040-02-17 18:00:00,0.0,0.0,0.0,0.0,0.0,27.686687500216067,0.0,0.0,0.0,0.0,0.0
2040-02-17 19:00:00,0.0,0.0,0.0,0.0,0.0,28.080437500262633,0.0,0.0,0.0,0.0,0.0
2040-02-17 20:00:00,0.0,0.0,0.0,0.0,0.0,28.370937500265427,0.0,0.0,0.0,0.0,0.0
2040-02-17 21:00:00,0.0,0.0,0.0,0.0,0.0,30.51787500025239,0.0,0.0,0.0,0.0,0.0
2040-02-17 22:00:00,0.0,0.0,0.0,0.0,0.0,31.255562500213273,0.0,0.0,0.0,0.0,0.0
2040-02-17 23:00:00,0.0,0.0,0.0,0.0,0.0,29.74618750018999,0.0,0.0,0.0,0.0,0.0
2040-02-18 00:00:00,0.0,0.0,0.0,0.0,0.0,27.174062500242144,0.0,0.0,0.0,0.0,0.0
2040-02-18 01:00:00,0.0,0.0,0.0,0.0,0.0,24.986687500262647,0.0,0.0,0.0,0.0,0.0
2040-02-18 02:00:00,0.0,0.0,0.0,0.0,0.0,23.17718750028871,0.0,0.0,0.0,0.0,0.0
2040-02-18 03:00:00,0.0,0.0,0.0,0.0,0.0,22.004062500200234,0.0,0.0,0.0,0.0,0.0
2040-02-18 04:00:00,0.0,0.0,0.0,0.0,0.0,21.35800000024028,0.0,0.0,0.0,0.0,0.0
2040-02-18 05:00:00,0.0,0.0,0.0,0.0,0.0,20.78656250028871,0.0,0.0,0.0,0.0,0.0
2040-02-18 06:00:00,0.0,0.0,0.0,0.0,0.0,20.227250000229105,0.0,0.0,0.0,0.0,0.0
2040-02-18 07:00:00,0.0,0.0,0.0,0.0,0.0,19.267437500181586,0.0,0.0,0.0,0.0,0.0
2040-02-18 08:00:00,0.0,0.0,0.0,0.0,0.0,19.33943750022445,0.0,0.0,0.0,0.0,0.0
2040-02-18 09:00:00,0.0,0.0,0.0,0.0,0.0,21.013562500244007,0.0,0.0,0.0,0.0,0.0
2040-02-18 10:00:00,0.0,0.0,0.0,0.0,0.0,23.530812500277555,0.0,0.0,0.0,0.0,0.0
2040-02-18 11:00:00,0.0,0.0,0.0,0.0,0.0,26.423187500215136,0.0,0.0,0.0,0.0,0.0
2040-02-18 12:00:00,0.0,0.0,0.0,0.0,0.0,27.404437500284985,0.0,0.0,0.0,0.0,0.0
2040-02-18 13:00:00,0.0,0.0,0.0,0.0,0.0,28.12625000020489,0.0,0.0,0.0,0.0,0.0
2040-02-18 14:00:00,0.0,0.0,0.0,0.0,0.0,28.201562500209548,0.0,0.0,0.0,0.0,0.0
2040-02-18 15:00:00,0.0,0.0,0.0,0.0,0.0,27.544062500237487,0.0,0.0,0.0,0.0,0.0
2040-02-18 16:00:00,0.0,0.0,0.0,0.0,0.0,27.91606250021141,0.0,0.0,0.0,0.0,0.0
2040-02-18 17:00:00,0.0,0.0,0.0,0.0,0.0,27.171187500236556,0.0,0.0,0.0,0.0,0.0
2040-02-18 18:00:00,0.0,0.0,0.0,0.0,0.0,26.53643750026822,0.0,0.0,0.0,0.0,0.0
2040-02-18 19:00:00,0.0,0.0,0.0,0.0,0.0,27.03443750028964,0.0,0.0,0.0,0.0,0.0
2040-02-18 20:00:00,0.0,0.0,0.0,0.0,0.0,27.421312500257045,0.0,0.0,0.0,0.0,0.0
2040-02-18 21:00:00,0.0,0.0,0.0,0.0,0.0,29.358375000185333,0.0,0.0,0.0,0.0,0.0
2040-02-18 22:00:00,0.0,0.0,0.0,0.0,0.0,32.00956250028685,0.0,0.0,0.0,0.0,0.0
2040-02-18 23:00:00,0.0,0.0,0.0,0.0,0.0,30.405312500195578,0.0,0.0,0.0,0.0,0.0
2040-02-19 00:00:00,0.0,0.0,0.0,0.0,0.0,27.876437500235625,0.0,0.0,0.0,0.0,0.0
2040-02-19 01:00:00,0.0,0.0,0.0,0.0,0.0,25.424875000258908,0.0,0.0,0.0,0.0,0.0
2040-02-19 02:00:00,0.0,0.0,0.0,0.0,0.0,23.350062500219792,0.0,0.0,0.0,0.0,0.0
2040-02-19 03:00:00,0.0,0.0,0.0,0.0,0.0,22.157312500290573,0.0,0.0,0.0,0.0,0.0
2040-02-19 04:00:00,0.0,0.0,0.0,0.0,0.0,21.623437500209548,0.0,0.0,0.0,0.0,0.0
2040-02-19 05:00:00,0.0,0.0,0.0,0.0,0.0,21.564687500242144,0.0,0.0,0.0,0.0,0.0
2040-02-19 06:00:00,0.0,0.0,0.0,0.0,0.0,22.323250000248663,0.0,0.0,0.0,0.0,0.0
2040-02-19 07:00:00,0.0,0.0,0.0,0.0,0.0,23.03968750021886,0.0,0.0,0.0,0.0,0.0
2040-02-19 08:00:00,0.0,0.0,0.0,0.0,0.0,25.983062500250526,0.0,0.0,0.0,0.0,0.0
2040-02-19 09:00:00,0.0,0.0,0.0,0.0,0.0,30.819375000195578,0.0,0.0,0.0,0.0,0.0
2040-02-19 10:00:00,0.0,0.0,0.0,0.0,0.0,34.56143750017509,0.0,0.0,0.0,0.0,0.0
2040-02-19 11:00:00,0.0,0.0,0.0,0.0,0.0,36.37762500019744,0.0,0.0,0.0,0.0,0.0
2040-02-19 12:00:00,0.0,0.0,0.0,0.0,0.0,37.68550000025425,0.0,0.0,0.0,0.0,0.0
2040-02-19 13:00:00,0.0,0.0,0.0,0.0,0.0,38.4782500002766,0.0,0.0,0.0,0.0,0.0
2040-02-19 14:00:00,0.0,0.0,0.0,0.0,0.0,36.70968750026077,0.0,0.0,0.0,0.0,0.0
2040-02-19 15:00:00,0.0,0.0,0.0,0.0,0.0,36.17250000021886,0.0,0.0,0.0,0.0,0.0
2040-02-19 16:00:00,0.0,0.0,0.0,0.0,0.0,36.45281250018161,0.0,0.0,0.0,0.0,0.0
2040-02-19 17:00:00,0.0,0.0,0.0,0.0,0.0,36.662875000271015,0.0,0.0,0.0,0.0,0.0
2040-02-19 18:00:00,0.0,0.0,0.0,0.0,0.0,36.55825000023469,0.0,0.0,0.0,0.0,0.0
2040-02-19 19:00:00,0.0,0.0,0.0,0.0,0.0,36.25031250028405,0.0,0.0,0.0,0.0,0.0
2040-02-19 20:00:00,0.0,0.0,0.0,0.0,0.0,34.84831250028219,0.0,0.0,0.0,0.0,0.0
2040-02-19 21:00:00,0.0,0.0,0.0,0.0,0.0,36.01656250027008,0.0,0.0,0.0,0.0,0.0
2040-02-19 22:00:00,0.0,0.0,0.0,0.0,0.0,35.5546875,0.0,0.0,0.0,0.0,0.0
2040-02-19 23:00:00,0.0,0.0,0.0,0.0,0.0,32.66743750020396,0.0,0.0,0.0,0.0,0.0
2040-02-20 00:00:00,0.0,0.0,0.0,0.0,0.0,28.48987500020303,0.0,0.0,0.0,0.0,0.0
2040-02-20 01:00:00,0.0,0.0,0.0,0.0,0.0,24.812437500222586,0.0,0.0,0.0,0.0,0.0
2040-02-20 02:00:00,0.0,0.0,0.0,0.0,0.0,22.41418750025332,0.0,0.0,0.0,0.0,0.0
2040-02-20 03:00:00,0.0,0.0,0.0,0.0,0.0,21.42662500019651,0.0,0.0,0.0,0.0,0.0
2040-02-20 04:00:00,0.0,0.0,0.0,0.0,0.0,20.70712500018999,0.0,0.0,0.0,0.0,0.0
2040-02-20 05:00:00,0.0,0.0,0.0,0.0,0.0,20.60568750021048,0.0,0.0,0.0,0.0,0.0
2040-02-20 06:00:00,0.0,0.0,0.0,0.0,0.0,21.488062500255182,0.0,0.0,0.0,0.0,0.0
2040-02-20 07:00:00,0.0,0.0,0.0,0.0,0.0,22.237500000279397,0.0,0.0,0.0,0.0,0.0
2040-02-20 08:00:00,0.0,0.0,0.0,0.0,0.0,25.044062500237487,0.0,0.0,0.0,0.0,0.0
2040-02-20 09:00:00,0.0,0.0,0.0,0.0,0.0,27.46318750025239,0.0,0.0,0.0,0.0,0.0
2040-02-20 10:00:00,0.0,0.0,0.0,0.0,0.0,29.57081250019837,0.0,0.0,0.0,0.0,0.0
2040-02-20 11:00:00,0.0,0.0,0.0,0.0,0.0,31.397750000236556,0.0,0.0,0.0,0.0,0.0
2040-02-20 12:00:00,0.0,0.0,0.0,0.0,0.0,32.70862500020303,0.0,0.0,0.0,0.0,0.0
2040-02-20 13:00:00,0.0,0.0,0.0,0.0,0.0,32.69325000024401,0.0,0.0,0.0,0.0,0.0
2040-02-20 14:00:00,0.0,0.0,0.0,0.0,0.0,32.53000000026077,0.0,0.0,0.0,0.0,0.0
2040-02-20 15:00:00,0.0,0.0,0.0,0.0,0.0,36.065187500207685,0.0,0.0,0.0,0.0,0.0
2040-02-20 16:00:00,0.0,0.0,0.0,0.0,0.0,35.40150000026915,0.0,0.0,0.0,0.0,0.0
2040-02-20 17:00:00,0.0,0.0,0.0,0.0,0.0,34.2901875001844,0.0,0.0,0.0,0.0,0.0
2040-02-20 18:00:00,0.0,0.0,0.0,0.0,0.0,33.53037500020582,0.0,0.0,0.0,0.0,0.0
2040-02-20 19:00:00,0.0,0.0,0.0,0.0,0.0,32.7806250002468,0.0,0.0,0.0,0.0,0.0
2040-02-20 20:00:00,0.0,0.0,0.0,0.0,0.0,32.094562500249594,0.0,0.0,0.0,0.0,0.0
2040-02-20 21:00:00,0.0,0.0,0.0,0.0,0.0,33.910937500186265,0.0,0.0,0.0,0.0,0.0
2040-02-20 22:00:00,0.0,0.0,0.0,0.0,0.0,35.62306250026454,0.0,0.0,0.0,0.0,0.0
2040-02-20 23:00:00,0.0,0.0,0.0,0.0,0.0,33.67231250018813,0.0,0.0,0.0,0.0,0.0
2040-02-21 00:00:00,0.0,0.0,0.0,0.0,0.0,29.08881250023842,0.0,0.0,0.0,0.0,0.0
2040-02-21 01:00:00,0.0,0.0,0.0,0.0,0.0,25.598750000237487,0.0,0.0,0.0,0.0,0.0
2040-02-21 02:00:00,0.0,0.0,0.0,0.0,0.0,23.44068750028964,0.0,0.0,0.0,0.0,0.0
2040-02-21 03:00:00,0.0,0.0,0.0,0.0,0.0,22.169000000227243,0.0,0.0,0.0,0.0,0.0
2040-02-21 04:00:00,0.0,0.0,0.0,0.0,0.0,21.416500000283122,0.0,0.0,0.0,0.0,0.0
2040-02-21 05:00:00,0.0,0.0,0.0,0.0,0.0,21.130125000257976,0.0,0.0,0.0,0.0,0.0
2040-02-21 06:00:00,0.0,0.0,0.0,0.0,0.0,22.79912500025239,0.0,0.0,0.0,0.0,0.0
2040-02-21 07:00:00,0.0,0.0,0.0,0.0,0.0,24.207625000271946,0.0,0.0,0.0,0.0,0.0
2040-02-21 08:00:00,0.0,0.0,0.0,0.0,0.0,26.822062500286847,0.0,0.0,0.0,0.0,0.0
2040-02-21 09:00:00,0.0,0.0,0.0,0.0,0.0,31.89906250021886,0.0,0.0,0.0,0.0,0.0
2040-02-21 10:00:00,0.0,0.0,0.0,0.0,0.0,34.63243750028994,0.0,0.0,0.0,0.0,0.0
2040-02-21 11:00:00,0.0,0.0,0.0,0.0,0.0,36.267812500242144,0.0,0.0,0.0,0.0,0.0
2040-02-21 12:00:00,0.0,0.0,0.0,0.0,0.0,36.37637500022538,0.0,0.0,0.0,0.0,0.0
2040-02-21 13:00:00,0.0,0.0,0.0,0.0,0.0,36.18662500020582,0.0,0.0,0.0,0.0,0.0
2040-02-21 14:00:00,0.0,0.0,0.0,0.0,0.0,35.93200000026263,0.0,0.0,0.0,0.0,0.0
2040-02-21 15:00:00,0.0,0.0,0.0,0.0,0.0,36.898375000222586,0.0,0.0,0.0,0.0,0.0
2040-02-21 16:00:00,0.0,0.0,0.0,0.0,0.0,37.116000000271015,0.0,0.0,0.0,0.0,0.0
2040-02-21 17:00:00,0.0,0.0,0.0,0.0,0.0,36.47950000024866,0.0,0.0,0.0,0.0,0.0
2040-02-21 18:00:00,0.0,0.0,0.0,0.0,0.0,35.35712500021327,0.0,0.0,0.0,0.0,0.0
2040-02-21 19:00:00,0.0,0.0,0.0,0.0,0.0,33.80312500020955,0.0,0.0,0.0,0.0,0.0
2040-02-21 20:00:00,0.0,0.0,0.0,0.0,0.0,32.55325000023004,0.0,0.0,0.0,0.0,0.0
2040-02-21 21:00:00,0.0,0.0,0.0,0.0,0.0,34.3670000002021,0.0,0.0,0.0,0.0,0.0
2040-02-21 22:00:00,0.0,0.0,0.0,0.0,0.0,35.15775000024587,0.0,0.0,0.0,0.0,0.0
2040-02-21 23:00:00,0.0,0.0,0.0,0.0,0.0,32.47200000018347,0.0,0.0,0.0,0.0,0.0
2040-02-22 00:00:00,0.0,0.0,0.0,0.0,0.0,28.305375000229105,0.0,0.0,0.0,0.0,0.0
2040-02-22 01:00:00,0.0,0.0,0.0,0.0,0.0,25.11262500018347,0.0,0.0,0.0,0.0,0.0
2040-02-22 02:00:00,0.0,0.0,0.0,0.0,0.0,23.213250000262633,0.0,0.0,0.0,0.0,0.0
2040-02-22 03:00:00,0.0,0.0,0.0,0.0,0.0,22.15425000025425,0.0,0.0,0.0,0.0,0.0
2040-02-22 04:00:00,0.0,0.0,0.0,0.0,0.0,21.459625000250526,0.0,0.0,0.0,0.0,0.0
2040-02-22 05:00:00,0.0,0.0,0.0,0.0,0.0,21.420125000178814,0.0,0.0,0.0,0.0,0.0
2040-02-22 06:00:00,0.0,0.0,0.0,0.0,0.0,22.400125000276603,0.0,0.0,0.0,0.0,0.0
2040-02-22 07:00:00,0.0,0.0,0.0,0.0,0.0,22.851375000202097,0.0,0.0,0.0,0.0,0.0
2040-02-22 08:00:00,0.0,0.0,0.0,0.0,0.0,26.01900000020396,0.0,0.0,0.0,0.0,0.0
2040-02-22 09:00:00,0.0,0.0,0.0,0.0,0.0,29.538375000236556,0.0,0.0,0.0,0.0,0.0
2040-02-22 10:00:00,0.0,0.0,0.0,0.0,0.0,32.26275000022724,0.0,0.0,0.0,0.0,0.0
2040-02-22 11:00:00,0.0,0.0,0.0,0.0,0.0,34.01362500025425,0.0,0.0,0.0,0.0,0.0
2040-02-22 12:00:00,0.0,0.0,0.0,0.0,0.0,34.807250000187196,0.0,0.0,0.0,0.0,0.0
2040-02-22 13:00:00,0.0,0.0,0.0,0.0,0.0,33.964875000179745,0.0,0.0,0.0,0.0,0.0
2040-02-22 14:00:00,0.0,0.0,0.0,0.0,0.0,33.08437500020955,0.0,0.0,0.0,0.0,0.0
2040-02-22 15:00:00,0.0,0.0,0.0,0.0,0.0,33.42475000022744,0.0,0.0,0.0,0.0,0.0
2040-02-22 16:00:00,0.0,0.0,0.0,0.0,0.0,34.28625000023749,0.0,0.0,0.0,0.0,0.0
2040-02-22 17:00:00,0.0,0.0,0.0,0.0,0.0,32.59462500025984,0.0,0.0,0.0,0.0,0.0
2040-02-22 18:00:00,0.0,0.0,0.0,0.0,0.0,31.50400000018999,0.0,0.0,0.0,0.0,0.0
2040-02-22 19:00:00,0.0,0.0,0.0,0.0,0.0,30.99925000022631,0.0,0.0,0.0,0.0,0.0
2040-02-22 20:00:00,0.0,0.0,0.0,0.0,0.0,30.587750000180677,0.0,0.0,0.0,0.0,0.0
2040-02-22 21:00:00,0.0,0.0,0.0,0.0,0.0,32.37237500026822,0.0,0.0,0.0,0.0,0.0
2040-02-22 22:00:00,0.0,0.0,0.0,0.0,0.0,33.119125000201166,0.0,0.0,0.0,0.0,0.0
2040-02-22 23:00:00,0.0,0.0,0.0,0.0,0.0,31.492000000202097,0.0,0.0,0.0,0.0,0.0
2040-02-23 00:00:00,0.0,0.0,0.0,0.0,0.0,27.546000000205822,0.0,0.0,0.0,0.0,0.0
2040-02-23 01:00:00,0.0,0.0,0.0,0.0,0.0,24.384375000256114,0.0,0.0,0.0,0.0,0.0
2040-02-23 02:00:00,0.0,0.0,0.0,0.0,0.0,22.11400000017602,0.0,0.0,0.0,0.0,0.0
2040-02-23 03:00:00,0.0,0.0,0.0,0.0,0.0,20.351875000284053,0.0,0.0,0.0,0.0,0.0
2040-02-23 04:00:00,0.0,0.0,0.0,0.0,0.0,19.658000000286847,0.0,0.0,0.0,0.0,0.0
2040-02-23 05:00:00,0.0,0.0,0.0,0.0,0.0,19.71762500028126,0.0,0.0,0.0,0.0,0.0
2040-02-23 06:00:00,0.0,0.0,0.0,0.0,0.0,20.635875000269152,0.0,0.0,0.0,0.0,0.0
2040-02-23 07:00:00,0.0,0.0,0.0,0.0,0.0,21.590875000227243,0.0,0.0,0.0,0.0,0.0
2040-02-23 08:00:00,0.0,0.0,0.0,0.0,0.0,24.963875000248663,0.0,0.0,0.0,0.0,0.0
2040-02-23 09:00:00,0.0,0.0,0.0,0.0,0.0,30.161500000278465,0.0,0.0,0.0,0.0,0.0
2040-02-23 10:00:00,0.0,0.0,0.0,0.0,0.0,32.76087500026915,0.0,0.0,0.0,0.0,0.0
2040-02-23 11:00:00,0.0,0.0,0.0,0.0,0.0,34.54550000024028,0.0,0.0,0.0,0.0,0.0
2040-02-23 12:00:00,0.0,0.0,0.0,0.0,0.0,35.39300000027288,0.0,0.0,0.0,0.0,0.0
2040-02-23 13:00:00,0.0,0.0,0.0,0.0,0.0,35.651750000193715,0.0,0.0,0.0,0.0,0.0
2040-02-23 14:00:00,0.0,0.0,0.0,0.0,0.0,34.84287500020582,0.0,0.0,0.0,0.0,0.0
2040-02-23 15:00:00,0.0,0.0,0.0,0.0,0.0,34.86237500025891,0.0,0.0,0.0,0.0,0.0
2040-02-23 16:00:00,0.0,0.0,0.0,0.0,0.0,35.76987500023097,0.0,0.0,0.0,0.0,0.0
2040-02-23 17:00:00,0.0,0.0,0.0,0.0,0.0,34.70362500019837,0.0,0.0,0.0,0.0,0.0
2040-02-23 18:00:00,0.0,0.0,0.0,0.0,0.0,33.43075000029057,0.0,0.0,0.0,0.0,0.0
2040-02-23 19:00:00,0.0,0.0,0.0,0.0,0.0,32.17150000028778,0.0,0.0,0.0,0.0,0.0
2040-02-23 20:00:00,0.0,0.0,0.0,0.0,0.0,32.2218750002794,0.0,0.0,0.0,0.0,0.0
2040-02-23 21:00:00,0.0,0.0,0.0,0.0,0.0,34.80500000028405,0.0,0.0,0.0,0.0,0.0
2040-02-23 22:00:00,0.0,0.0,0.0,0.0,0.0,35.49650000024121,0.0,0.0,0.0,0.0,0.0
2040-02-23 23:00:00,0.0,0.0,0.0,0.0,0.0,33.5802500002319,0.0,0.0,0.0,0.0,0.0
2040-02-24 00:00:00,0.0,0.0,0.0,0.0,0.0,28.87787500023842,0.0,0.0,0.0,0.0,0.0
2040-02-24 01:00:00,0.0,0.0,0.0,0.0,0.0,26.116750000277534,0.0,0.0,0.0,0.0,0.0
2040-02-24 02:00:00,0.0,0.0,0.0,0.0,0.0,24.399000000208616,0.0,0.0,0.0,0.0,0.0
2040-02-24 03:00:00,0.0,0.0,0.0,0.0,0.0,22.972500000265427,0.0,0.0,0.0,0.0,0.0
2040-02-24 04:00:00,0.0,0.0,0.0,0.0,0.0,22.09437500021886,0.0,0.0,0.0,0.0,0.0
2040-02-24 05:00:00,0.0,0.0,0.0,0.0,0.0,21.865625000209548,0.0,0.0,0.0,0.0,0.0
2040-02-24 06:00:00,0.0,0.0,0.0,0.0,0.0,21.935375000233762,0.0,0.0,0.0,0.0,0.0
2040-02-24 07:00:00,0.0,0.0,0.0,0.0,0.0,21.522625000216067,0.0,0.0,0.0,0.0,0.0
2040-02-24 08:00:00,0.0,0.0,0.0,0.0,0.0,22.868375000194646,0.0,0.0,0.0,0.0,0.0
2040-02-24 09:00:00,0.0,0.0,0.0,0.0,0.0,27.512500000186265,0.0,0.0,0.0,0.0,0.0
2040-02-24 10:00:00,0.0,0.0,0.0,0.0,0.0,30.82550000026822,0.0,0.0,0.0,0.0,0.0
2040-02-24 11:00:00,0.0,0.0,0.0,0.0,0.0,33.069875000277534,0.0,0.0,0.0,0.0,0.0
2040-02-24 12:00:00,0.0,0.0,0.0,0.0,0.0,34.102875000215136,0.0,0.0,0.0,0.0,0.0
2040-02-24 13:00:00,0.0,0.0,0.0,0.0,0.0,34.17087500018533,0.0,0.0,0.0,0.0,0.0
2040-02-24 14:00:00,0.0,0.0,0.0,0.0,0.0,33.65800000028685,0.0,0.0,0.0,0.0,0.0
2040-02-24 15:00:00,0.0,0.0,0.0,0.0,0.0,32.77712500025518,0.0,0.0,0.0,0.0,0.0
2040-02-24 16:00:00,0.0,0.0,0.0,0.0,0.0,32.164000000222586,0.0,0.0,0.0,0.0,0.0
2040-02-24 17:00:00,0.0,0.0,0.0,0.0,0.0,31.59050000028219,0.0,0.0,0.0,0.0,0.0
2040-02-24 18:00:00,0.0,0.0,0.0,0.0,0.0,30.313625000184402,0.0,0.0,0.0,0.0,0.0
2040-02-24 19:00:00,0.0,0.0,0.0,0.0,0.0,29.743875000276603,0.0,0.0,0.0,0.0,0.0
2040-02-24 20:00:00,0.0,0.0,0.0,0.0,0.0,29.562250000191852,0.0,0.0,0.0,0.0,0.0
2040-02-24 21:00:00,0.0,0.0,0.0,0.0,0.0,31.75287500023842,0.0,0.0,0.0,0.0,0.0
2040-02-24 22:00:00,0.0,0.0,0.0,0.0,0.0,32.50062500021886,0.0,0.0,0.0,0.0,0.0
2040-02-24 23:00:00,0.0,0.0,0.0,0.0,0.0,30.79887500021141,0.0,0.0,0.0,0.0,0.0
2040-02-25 00:00:00,0.0,0.0,0.0,0.0,0.0,28.519250000244938,0.0,0.0,0.0,0.0,0.0
2040-02-25 01:00:00,0.0,0.0,0.0,0.0,0.0,26.211750000249594,0.0,0.0,0.0,0.0,0.0
2040-02-25 02:00:00,0.0,0.0,0.0,0.0,0.0,24.34337500028778,0.0,0.0,0.0,0.0,0.0
2040-02-25 03:00:00,0.0,0.0,0.0,0.0,0.0,22.695375000243075,0.0,0.0,0.0,0.0,0.0
2040-02-25 04:00:00,0.0,0.0,0.0,0.0,0.0,22.04575000028126,0.0,0.0,0.0,0.0,0.0
2040-02-25 05:00:00,0.0,0.0,0.0,0.0,0.0,21.751125000184402,0.0,0.0,0.0,0.0,0.0
2040-02-25 06:00:00,0.0,0.0,0.0,0.0,0.0,20.861750000269982,0.0,0.0,0.0,0.0,0.0
2040-02-25 07:00:00,0.0,0.0,0.0,0.0,0.0,19.930000000284053,0.0,0.0,0.0,0.0,0.0
2040-02-25 08:00:00,0.0,0.0,0.0,0.0,0.0,20.088125000242144,0.0,0.0,0.0,0.0,0.0
2040-02-25 09:00:00,0.0,0.0,0.0,0.0,0.0,22.31112500024028,0.0,0.0,0.0,0.0,0.0
2040-02-25 10:00:00,0.0,0.0,0.0,0.0,0.0,24.63925000024028,0.0,0.0,0.0,0.0,0.0
2040-02-25 11:00:00,0.0,0.0,0.0,0.0,0.0,26.52862500026822,0.0,0.0,0.0,0.0,0.0
2040-02-25 12:00:00,0.0,0.0,0.0,0.0,0.0,27.87312500027474,0.0,0.0,0.0,0.0,0.0
2040-02-25 13:00:00,0.0,0.0,0.0,0.0,0.0,28.599625000264496,0.0,0.0,0.0,0.0,0.0
2040-02-25 14:00:00,0.0,0.0,0.0,0.0,0.0,29.20512500021141,0.0,0.0,0.0,0.0,0.0
2040-02-25 15:00:00,0.0,0.0,0.0,0.0,0.0,29.061000000219792,0.0,0.0,0.0,0.0,0.0
2040-02-25 16:00:00,0.0,0.0,0.0,0.0,0.0,27.823000000207685,0.0,0.0,0.0,0.0,0.0
2040-02-25 17:00:00,0.0,0.0,0.0,0.0,0.0,27.270625000237487,0.0,0.0,0.0,0.0,0.0
2040-02-25 18:00:00,0.0,0.0,0.0,0.0,0.0,27.7677500002319,0.0,0.0,0.0,0.0,0.0
2040-02-25 19:00:00,0.0,0.0,0.0,0.0,0.0,28.97225000022445,0.0,0.0,0.0,0.0,0.0
2040-02-25 20:00:00,0.0,0.0,0.0,0.0,0.0,29.189250000286847,0.0,0.0,0.0,0.0,0.0
2040-02-25 21:00:00,0.0,0.0,0.0,0.0,0.0,32.37862500024494,0.0,0.0,0.0,0.0,0.0
2040-02-25 22:00:00,0.0,0.0,0.0,0.0,0.0,33.32550000026822,0.0,0.0,0.0,0.0,0.0
2040-02-25 23:00:00,0.0,0.0,0.0,0.0,0.0,31.279125000233762,0.0,0.0,0.0,0.0,0.0
2040-02-26 00:00:00,0.0,0.0,0.0,0.0,0.0,28.636500000255182,0.0,0.0,0.0,0.0,0.0
2040-02-26 01:00:00,0.0,0.0,0.0,0.0,0.0,25.912750000250526,0.0,0.0,0.0,0.0,0.0
2040-02-26 02:00:00,0.0,0.0,0.0,0.0,0.0,23.6216250002617,0.0,0.0,0.0,0.0,0.0
2040-02-26 03:00:00,0.0,0.0,0.0,0.0,0.0,22.21412500028964,0.0,0.0,0.0,0.0,0.0
2040-02-26 04:00:00,0.0,0.0,0.0,0.0,0.0,21.53450000018347,0.0,0.0,0.0,0.0,0.0
2040-02-26 05:00:00,0.0,0.0,0.0,0.0,0.0,21.55,0.0,0.0,0.0,0.0,0.0
2040-02-26 06:00:00,0.0,0.0,0.0,0.0,0.0,22.47212500020396,0.0,0.0,0.0,0.0,0.0
2040-02-26 07:00:00,0.0,0.0,0.0,0.0,0.0,23.510750000248663,0.0,0.0,0.0,0.0,0.0
2040-02-26 08:00:00,0.0,0.0,0.0,0.0,0.0,26.616875000181608,0.0,0.0,0.0,0.0,0.0
2040-02-26 09:00:00,0.0,0.0,0.0,0.0,0.0,31.794000000227243,0.0,0.0,0.0,0.0,0.0
2040-02-26 10:00:00,0.0,0.0,0.0,0.0,0.0,34.52187500020955,0.0,0.0,0.0,0.0,0.0
2040-02-26 11:00:00,0.0,0.0,0.0,0.0,0.0,36.16512500029057,0.0,0.0,0.0,0.0,0.0
2040-02-26 12:00:00,0.0,0.0,0.0,0.0,0.0,37.25012500025332,0.0,0.0,0.0,0.0,0.0
2040-02-26 13:00:00,0.0,0.0,0.0,0.0,0.0,37.64112500019837,0.0,0.0,0.0,0.0,0.0
2040-02-26 14:00:00,0.0,0.0,0.0,0.0,0.0,36.9202500001993,0.0,0.0,0.0,0.0,0.0
2040-02-26 15:00:00,0.0,0.0,0.0,0.0,0.0,37.007375000277534,0.0,0.0,0.0,0.0,0.0
2040-02-26 16:00:00,0.0,0.0,0.0,0.0,0.0,36.07725000020582,0.0,0.0,0.0,0.0,0.0
2040-02-26 17:00:00,0.0,0.0,0.0,0.0,0.0,34.76437500026077,0.0,0.0,0.0,0.0,0.0
2040-02-26 18:00:00,0.0,0.0,0.0,0.0,0.0,33.789250000263564,0.0,0.0,0.0,0.0,0.0
2040-02-26 19:00:00,0.0,0.0,0.0,0.0,0.0,33.48312500026077,0.0,0.0,0.0,0.0,0.0
2040-02-26 20:00:00,0.0,0.0,0.0,0.0,0.0,33.179125000257045,0.0,0.0,0.0,0.0,0.0
2040-02-26 21:00:00,0.0,0.0,0.0,0.0,0.0,37.01150000025518,0.0,0.0,0.0,0.0,0.0
2040-02-26 22:00:00,0.0,0.0,0.0,0.0,0.0,36.34512500022538,0.0,0.0,0.0,0.0,0.0
2040-02-26 23:00:00,0.0,0.0,0.0,0.0,0.0,33.1556250002468,0.0,0.0,0.0,0.0,0.0
2040-02-27 00:00:00,0.0,0.0,0.0,0.0,0.0,28.655250000185333,0.0,0.0,0.0,0.0,0.0
2040-02-27 01:00:00,0.0,0.0,0.0,0.0,0.0,25.398250000202097,0.0,0.0,0.0,0.0,0.0
2040-02-27 02:00:00,0.0,0.0,0.0,0.0,0.0,23.631875000195578,0.0,0.0,0.0,0.0,0.0
2040-02-27 03:00:00,0.0,0.0,0.0,0.0,0.0,22.333375000278465,0.0,0.0,0.0,0.0,0.0
2040-02-27 04:00:00,0.0,0.0,0.0,0.0,0.0,21.645000000251457,0.0,0.0,0.0,0.0,0.0
2040-02-27 05:00:00,0.0,0.0,0.0,0.0,0.0,21.67737500020303,0.0,0.0,0.0,0.0,0.0
2040-02-27 06:00:00,0.0,0.0,0.0,0.0,0.0,22.395875000278465,0.0,0.0,0.0,0.0,0.0
2040-02-27 07:00:00,0.0,0.0,0.0,0.0,0.0,23.98324755881913,0.0,0.0,0.0,0.0,0.0
2040-02-27 08:00:00,0.0,0.0,0.0,0.0,0.0,26.771367675974034,0.0,0.0,0.0,0.0,0.0
2040-02-27 09:00:00,0.0,0.0,0.0,0.0,0.0,30.735485840123147,0.0,0.0,0.0,0.0,0.0
2040-02-27 10:00:00,0.0,0.0,0.0,0.0,0.0,33.264987304923125,0.0,0.0,0.0,0.0,0.0
2040-02-27 11:00:00,0.0,0.0,0.0,0.0,0.0,35.47227099630982,0.0,0.0,0.0,0.0,0.0
2040-02-27 12:00:00,0.0,0.0,0.0,0.0,0.0,36.5406113283243,0.0,0.0,0.0,0.0,0.0
2040-02-27 13:00:00,0.0,0.0,0.0,0.0,0.0,37.17391308618244,0.0,0.0,0.0,0.0,0.0
2040-02-27 14:00:00,0.0,0.0,0.0,0.0,0.0,35.51525488309562,0.0,0.0,0.0,0.0,0.0
2040-02-27 15:00:00,0.0,0.0,0.0,0.0,0.0,35.14870703150518,0.0,0.0,0.0,0.0,0.0
2040-02-27 16:00:00,0.0,0.0,0.0,0.0,0.0,35.478972656535916,0.0,0.0,0.0,0.0,0.0
2040-02-27 17:00:00,0.0,0.0,0.0,0.0,0.0,34.21615429711528,0.0,0.0,0.0,0.0,0.0
2040-02-27 18:00:00,0.0,0.0,0.0,0.0,0.0,32.862873047124594,0.0,0.0,0.0,0.0,0.0
2040-02-27 19:00:00,0.0,0.0,0.0,0.0,0.0,32.821060547139496,0.0,0.0,0.0,0.0,0.0
2040-02-27 20:00:00,0.0,0.0,0.0,0.0,0.0,33.207761719007976,0.0,0.0,0.0,0.0,0.0
2040-02-27 21:00:00,0.0,0.0,0.0,0.0,0.0,35.02826171903871,0.0,0.0,0.0,0.0,0.0
2040-02-27 22:00:00,0.0,0.0,0.0,0.0,0.0,34.696261718985625,0.0,0.0,0.0,0.0,0.0
2040-02-27 23:00:00,0.0,0.0,0.0,0.0,0.0,32.80031640653033,0.0,0.0,0.0,0.0,0.0
2040-02-28 00:00:00,0.0,0.0,0.0,0.0,0.0,29.309589843964204,0.0,0.0,0.0,0.0,0.0
2040-02-28 01:00:00,0.0,0.0,0.0,0.0,0.0,25.393128906493075,0.0,0.0,0.0,0.0,0.0
2040-02-28 02:00:00,0.0,0.0,0.0,0.0,0.0,22.808347656507976,0.0,0.0,0.0,0.0,0.0
2040-02-28 03:00:00,0.0,0.0,0.0,0.0,0.0,21.36260156275239,0.0,0.0,0.0,0.0,0.0
2040-02-28 04:00:00,0.0,0.0,0.0,0.0,0.0,21.266699219006114,0.0,0.0,0.0,0.0,0.0
2040-02-28 05:00:00,0.0,0.0,0.0,0.0,0.0,21.466351562762107,0.0,0.0,0.0,0.0,0.0
2040-02-28 06:00:00,0.0,0.0,0.0,0.0,0.0,21.977343750186265,0.0,0.0,0.0,0.0,0.0
2040-02-28 07:00:00,0.0,0.0,0.0,0.0,0.0,23.480386718991213,0.0,0.0,0.0,0.0,0.0
2040-02-28 08:00:00,0.0,0.0,0.0,0.0,0.0,26.74951562518254,0.0,0.0,0.0,0.0,0.0
2040-02-28 09:00:00,0.0,0.0,0.0,0.0,0.0,30.206937500282947,0.0,0.0,0.0,0.0,0.0
2040-02-28 10:00:00,0.0,0.0,0.0,0.0,0.0,32.46673828153871,0.0,0.0,0.0,0.0,0.0
2040-02-28 11:00:00,0.0,0.0,0.0,0.0,0.0,34.36063281272072,0.0,0.0,0.0,0.0,0.0
2040-02-28 12:00:00,0.0,0.0,0.0,0.0,0.0,35.389226562692784,0.0,0.0,0.0,0.0,0.0
2040-02-28 13:00:00,0.0,0.0,0.0,0.0,0.0,36.13361328153405,0.0,0.0,0.0,0.0,0.0
2040-02-28 14:00:00,0.0,0.0,0.0,0.0,0.0,35.689378906507045,0.0,0.0,0.0,0.0,0.0
2040-02-28 15:00:00,0.0,0.0,0.0,0.0,0.0,35.26108593773097,0.0,0.0,0.0,0.0,0.0
2040-02-28 16:00:00,0.0,0.0,0.0,0.0,0.0,34.371156250243075,0.0,0.0,0.0,0.0,0.0
2040-02-28 17:00:00,0.0,0.0,0.0,0.0,0.0,33.220890625263564,0.0,0.0,0.0,0.0,0.0
2040-02-28 18:00:00,0.0,0.0,0.0,0.0,0.0,32.3958593752468,0.0,0.0,0.0,0.0,0.0
2040-02-28 19:00:00,0.0,0.0,0.0,0.0,0.0,31.87738281278871,0.0,0.0,0.0,0.0,0.0
2040-02-28 20:00:00,0.0,0.0,0.0,0.0,0.0,31.89329687517602,0.0,0.0,0.0,0.0,0.0
2040-02-28 21:00:00,0.0,0.0,0.0,0.0,0.0,34.70164062525146,0.0,0.0,0.0,0.0,0.0
2040-02-28 22:00:00,0.0,0.0,0.0,0.0,0.0,34.45344531268347,0.0,0.0,0.0,0.0,0.0
2040-02-28 23:00:00,0.0,0.0,0.0,0.0,0.0,31.944976562750526,0.0,0.0,0.0,0.0,0.0
2040-02-29 00:00:00,0.0,0.0,0.0,0.0,0.0,29.309589843964204,0.0,0.0,0.0,0.0,0.0
2040-02-29 01:00:00,0.0,0.0,0.0,0.0,0.0,25.393128906493075,0.0,0.0,0.0,0.0,0.0
2040-02-29 02:00:00,0.0,0.0,0.0,0.0,0.0,22.80834765649444,0.0,0.0,0.0,0.0,0.0
2040-02-29 03:00:00,0.0,0.0,0.0,0.0,0.0,21.36260156275239,0.0,0.0,0.0,0.0,0.0
2040-02-29 04:00:00,0.0,0.0,0.0,0.0,0.0,21.266699219006114,0.0,0.0,0.0,0.0,0.0
2040-02-29 05:00:00,0.0,0.0,0.0,0.0,0.0,21.4663515627617,0.0,0.0,0.0,0.0,0.0
2040-02-29 06:00:00,0.0,0.0,0.0,0.0,0.0,21.977343750186265,0.0,0.0,0.0,0.0,0.0
2040-02-29 07:00:00,0.0,0.0,0.0,0.0,0.0,23.480386718991213,0.0,0.0,0.0,0.0,0.0
2040-02-29 08:00:00,0.0,0.0,0.0,0.0,0.0,26.74951562518254,0.0,0.0,0.0,0.0,0.0
2040-02-29 09:00:00,0.0,0.0,0.0,0.0,0.0,30.20693750027567,0.0,0.0,0.0,0.0,0.0
2040-02-29 10:00:00,0.0,0.0,0.0,0.0,0.0,32.46673828153871,0.0,0.0,0.0,0.0,0.0
2040-02-29 11:00:00,0.0,0.0,0.0,0.0,0.0,34.36063281272072,0.0,0.0,0.0,0.0,0.0
2040-02-29 12:00:00,0.0,0.0,0.0,0.0,0.0,35.389226562692784,0.0,0.0,0.0,0.0,0.0
2040-02-29 13:00:00,0.0,0.0,0.0,0.0,0.0,36.13361328153405,0.0,0.0,0.0,0.0,0.0
2040-02-29 14:00:00,0.0,0.0,0.0,0.0,0.0,35.689378906507045,0.0,0.0,0.0,0.0,0.0
2040-02-29 15:00:00,0.0,0.0,0.0,0.0,0.0,35.26108593773097,0.0,0.0,0.0,0.0,0.0
2040-02-29 16:00:00,0.0,0.0,0.0,0.0,0.0,34.371156250243075,0.0,0.0,0.0,0.0,0.0
2040-02-29 17:00:00,0.0,0.0,0.0,0.0,0.0,33.220890625263564,0.0,0.0,0.0,0.0,0.0
2040-02-29 18:00:00,0.0,0.0,0.0,0.0,0.0,32.3958593752468,0.0,0.0,0.0,0.0,0.0
2040-02-29 19:00:00,0.0,0.0,0.0,0.0,0.0,31.87738281278871,0.0,0.0,0.0,0.0,0.0
2040-02-29 20:00:00,0.0,0.0,0.0,0.0,0.0,31.89329687517602,0.0,0.0,0.0,0.0,0.0
2040-02-29 21:00:00,0.0,0.0,0.0,0.0,0.0,34.70164062525146,0.0,0.0,0.0,0.0,0.0
2040-02-29 22:00:00,0.0,0.0,0.0,0.0,0.0,34.45344531268347,0.0,0.0,0.0,0.0,0.0
2040-02-29 23:00:00,0.0,0.0,0.0,0.0,0.0,31.944976562750526,0.0,0.0,0.0,0.0,0.0
2040-03-01 00:00:00,0.0,0.0,0.0,0.0,0.0,29.22064843773842,0.0,0.0,0.0,0.0,0.0
2040-03-01 01:00:00,0.0,0.0,0.0,0.0,0.0,26.375085937790573,0.0,0.0,0.0,0.0,0.0
2040-03-01 02:00:00,0.0,0.0,0.0,0.0,0.0,23.75593750027474,0.0,0.0,0.0,0.0,0.0
2040-03-01 03:00:00,0.0,0.0,0.0,0.0,0.0,22.632578125223517,0.0,0.0,0.0,0.0,0.0
2040-03-01 04:00:00,0.0,0.0,0.0,0.0,0.0,21.703093750285916,0.0,0.0,0.0,0.0,0.0
2040-03-01 05:00:00,0.0,0.0,0.0,0.0,0.0,21.695375000243303,0.0,0.0,0.0,0.0,0.0
2040-03-01 06:00:00,0.0,0.0,0.0,0.0,0.0,22.98970312520396,0.0,0.0,0.0,0.0,0.0
2040-03-01 07:00:00,0.0,0.0,0.0,0.0,0.0,24.822375000221655,0.0,0.0,0.0,0.0,0.0
2040-03-01 08:00:00,0.0,0.0,0.0,0.0,0.0,27.67903125018347,0.0,0.0,0.0,0.0,0.0
2040-03-01 09:00:00,0.0,0.0,0.0,0.0,0.0,31.350343750207685,0.0,0.0,0.0,0.0,0.0
2040-03-01 10:00:00,0.0,0.0,0.0,0.0,0.0,33.738484375178814,0.0,0.0,0.0,0.0,0.0
2040-03-01 11:00:00,0.0,0.0,0.0,0.0,0.0,35.736312500201166,0.0,0.0,0.0,0.0,0.0
2040-03-01 12:00:00,0.0,0.0,0.0,0.0,0.0,36.152531250263564,0.0,0.0,0.0,0.0,0.0
2040-03-01 13:00:00,0.0,0.0,0.0,0.0,0.0,36.99746875022538,0.0,0.0,0.0,0.0,0.0
2040-03-01 14:00:00,0.0,0.0,0.0,0.0,0.0,37.022828125278465,0.0,0.0,0.0,0.0,0.0
2040-03-01 15:00:00,0.0,0.0,0.0,0.0,0.0,36.48117187526077,0.0,0.0,0.0,0.0,0.0
2040-03-01 16:00:00,0.0,0.0,0.0,0.0,0.0,36.172562500229105,0.0,0.0,0.0,0.0,0.0
2040-03-01 17:00:00,0.0,0.0,0.0,0.0,0.0,34.4339218751993,0.0,0.0,0.0,0.0,0.0
2040-03-01 18:00:00,0.0,0.0,0.0,0.0,0.0,33.38435937522445,0.0,0.0,0.0,0.0,0.0
2040-03-01 19:00:00,0.0,0.0,0.0,0.0,0.0,33.481812500278465,0.0,0.0,0.0,0.0,0.0
2040-03-01 20:00:00,0.0,0.0,0.0,0.0,0.0,32.68306250020396,0.0,0.0,0.0,0.0,0.0
2040-03-01 21:00:00,0.0,0.0,0.0,0.0,0.0,35.854125000187196,0.0,0.0,0.0,0.0,0.0
2040-03-01 22:00:00,0.0,0.0,0.0,0.0,0.0,36.04971875017509,0.0,0.0,0.0,0.0,0.0
2040-03-01 23:00:00,0.0,0.0,0.0,0.0,0.0,33.941640625242144,0.0,0.0,0.0,0.0,0.0
2040-03-02 00:00:00,0.0,0.0,0.0,0.0,0.0,30.3442812502617,0.0,0.0,0.0,0.0,0.0
2040-03-02 01:00:00,0.0,0.0,0.0,0.0,0.0,26.823218750185333,0.0,0.0,0.0,0.0,0.0
2040-03-02 02:00:00,0.0,0.0,0.0,0.0,0.0,23.80931250017602,0.0,0.0,0.0,0.0,0.0
2040-03-02 03:00:00,0.0,0.0,0.0,0.0,0.0,22.0474062502617,0.0,0.0,0.0,0.0,0.0
2040-03-02 04:00:00,0.0,0.0,0.0,0.0,0.0,21.252906250185333,0.0,0.0,0.0,0.0,0.0
2040-03-02 05:00:00,0.0,0.0,0.0,0.0,0.0,20.727468750206754,0.0,0.0,0.0,0.0,0.0
2040-03-02 06:00:00,0.0,0.0,0.0,0.0,0.0,20.807765625184402,0.0,0.0,0.0,0.0,0.0
2040-03-02 07:00:00,0.0,0.0,0.0,0.0,0.0,20.353921875241213,0.0,0.0,0.0,0.0,0.0
2040-03-02 08:00:00,0.0,0.0,0.0,0.0,0.0,21.617875000229105,0.0,0.0,0.0,0.0,0.0
2040-03-02 09:00:00,0.0,0.0,0.0,0.0,0.0,25.176593750249594,0.0,0.0,0.0,0.0,0.0
2040-03-02 10:00:00,0.0,0.0,0.0,0.0,0.0,27.75773437519092,0.0,0.0,0.0,0.0,0.0
2040-03-02 11:00:00,0.0,0.0,0.0,0.0,0.0,29.731468750280328,0.0,0.0,0.0,0.0,0.0
2040-03-02 12:00:00,0.0,0.0,0.0,0.0,0.0,30.809046875219792,0.0,0.0,0.0,0.0,0.0
2040-03-02 13:00:00,0.0,0.0,0.0,0.0,0.0,31.10281250020489,0.0,0.0,0.0,0.0,0.0
2040-03-02 14:00:00,0.0,0.0,0.0,0.0,0.0,30.925515625276603,0.0,0.0,0.0,0.0,0.0
2040-03-02 15:00:00,0.0,0.0,0.0,0.0,0.0,30.568843750283122,0.0,0.0,0.0,0.0,0.0
2040-03-02 16:00:00,0.0,0.0,0.0,0.0,0.0,31.55651562521234,0.0,0.0,0.0,0.0,0.0
2040-03-02 17:00:00,0.0,0.0,0.0,0.0,0.0,29.69326562527567,0.0,0.0,0.0,0.0,0.0
2040-03-02 18:00:00,0.0,0.0,0.0,0.0,0.0,29.290109375258908,0.0,0.0,0.0,0.0,0.0
2040-03-02 19:00:00,0.0,0.0,0.0,0.0,0.0,29.05668750021141,0.0,0.0,0.0,0.0,0.0
2040-03-02 20:00:00,0.0,0.0,0.0,0.0,0.0,29.62073437520303,0.0,0.0,0.0,0.0,0.0
2040-03-02 21:00:00,0.0,0.0,0.0,0.0,0.0,32.556703125243075,0.0,0.0,0.0,0.0,0.0
2040-03-02 22:00:00,0.0,0.0,0.0,0.0,0.0,32.97053125023376,0.0,0.0,0.0,0.0,0.0
2040-03-02 23:00:00,0.0,0.0,0.0,0.0,0.0,31.7310000002617,0.0,0.0,0.0,0.0,0.0
2040-03-03 00:00:00,0.0,0.0,0.0,0.0,0.0,29.553062500199268,0.0,0.0,0.0,0.0,0.0
2040-03-03 01:00:00,0.0,0.0,0.0,0.0,0.0,26.498562500230037,0.0,0.0,0.0,0.0,0.0
2040-03-03 02:00:00,0.0,0.0,0.0,0.0,0.0,24.162531250272878,0.0,0.0,0.0,0.0,0.0
2040-03-03 03:00:00,0.0,0.0,0.0,0.0,0.0,22.419078125269152,0.0,0.0,0.0,0.0,0.0
2040-03-03 04:00:00,0.0,0.0,0.0,0.0,0.0,21.240437500181343,0.0,0.0,0.0,0.0,0.0
2040-03-03 05:00:00,0.0,0.0,0.0,0.0,0.0,20.795281250262633,0.0,0.0,0.0,0.0,0.0
2040-03-03 06:00:00,0.0,0.0,0.0,0.0,0.0,21.03025000018546,0.0,0.0,0.0,0.0,0.0
2040-03-03 07:00:00,0.0,0.0,0.0,0.0,0.0,20.000687500229105,0.0,0.0,0.0,0.0,0.0
2040-03-03 08:00:00,0.0,0.0,0.0,0.0,0.0,19.95471875020303,0.0,0.0,0.0,0.0,0.0
2040-03-03 09:00:00,0.0,0.0,0.0,0.0,0.0,22.461843750206754,0.0,0.0,0.0,0.0,0.0
2040-03-03 10:00:00,0.0,0.0,0.0,0.0,0.0,24.67703125020489,0.0,0.0,0.0,0.0,0.0
2040-03-03 11:00:00,0.0,0.0,0.0,0.0,0.0,27.07023437519092,0.0,0.0,0.0,0.0,0.0
2040-03-03 12:00:00,0.0,0.0,0.0,0.0,0.0,28.656843750271946,0.0,0.0,0.0,0.0,0.0
2040-03-03 13:00:00,0.0,0.0,0.0,0.0,0.0,30.74468750017695,0.0,0.0,0.0,0.0,0.0
2040-03-03 14:00:00,0.0,0.0,0.0,0.0,0.0,30.615203125285916,0.0,0.0,0.0,0.0,0.0
2040-03-03 15:00:00,0.0,0.0,0.0,0.0,0.0,29.745515625225565,0.0,0.0,0.0,0.0,0.0
2040-03-03 16:00:00,0.0,0.0,0.0,0.0,0.0,29.494140625,0.0,0.0,0.0,0.0,0.0
2040-03-03 17:00:00,0.0,0.0,0.0,0.0,0.0,29.030734375235625,0.0,0.0,0.0,0.0,0.0
2040-03-03 18:00:00,0.0,0.0,0.0,0.0,0.0,29.16668750019744,0.0,0.0,0.0,0.0,0.0
2040-03-03 19:00:00,0.0,0.0,0.0,0.0,0.0,29.70573437528219,0.0,0.0,0.0,0.0,0.0
2040-03-03 20:00:00,0.0,0.0,0.0,0.0,0.0,30.737968750181608,0.0,0.0,0.0,0.0,0.0
2040-03-03 21:00:00,0.0,0.0,0.0,0.0,0.0,34.90537500020582,0.0,0.0,0.0,0.0,0.0
2040-03-03 22:00:00,0.0,0.0,0.0,0.0,0.0,34.61300000024494,0.0,0.0,0.0,0.0,0.0
2040-03-03 23:00:00,0.0,0.0,0.0,0.0,0.0,31.803843750269152,0.0,0.0,0.0,0.0,0.0
2040-03-04 00:00:00,0.0,0.0,0.0,0.0,0.0,28.490656250272878,0.0,0.0,0.0,0.0,0.0
2040-03-04 01:00:00,0.0,0.0,0.0,0.0,0.0,25.249312500236556,0.0,0.0,0.0,0.0,0.0
2040-03-04 02:00:00,0.0,0.0,0.0,0.0,0.0,23.133500000229105,0.0,0.0,0.0,0.0,0.0
2040-03-04 03:00:00,0.0,0.0,0.0,0.0,0.0,21.721656250185333,0.0,0.0,0.0,0.0,0.0
2040-03-04 04:00:00,0.0,0.0,0.0,0.0,0.0,21.157031250186265,0.0,0.0,0.0,0.0,0.0
2040-03-04 05:00:00,0.0,0.0,0.0,0.0,0.0,21.127062500221655,0.0,0.0,0.0,0.0,0.0
2040-03-04 06:00:00,0.0,0.0,0.0,0.0,0.0,23.1126562502468,0.0,0.0,0.0,0.0,0.0
2040-03-04 07:00:00,0.0,0.0,0.0,0.0,0.0,25.64706250024028,0.0,0.0,0.0,0.0,0.0
2040-03-04 08:00:00,0.0,0.0,0.0,0.0,0.0,27.756593750207685,0.0,0.0,0.0,0.0,0.0
2040-03-04 09:00:00,0.0,0.0,0.0,0.0,0.0,31.355812500230968,0.0,0.0,0.0,0.0,0.0
2040-03-04 10:00:00,0.0,0.0,0.0,0.0,0.0,33.86728125018999,0.0,0.0,0.0,0.0,0.0
2040-03-04 11:00:00,0.0,0.0,0.0,0.0,0.0,35.08171875018161,0.0,0.0,0.0,0.0,0.0
2040-03-04 12:00:00,0.0,0.0,0.0,0.0,0.0,35.72106250026263,0.0,0.0,0.0,0.0,0.0
2040-03-04 13:00:00,0.0,0.0,0.0,0.0,0.0,35.92103125026915,0.0,0.0,0.0,0.0,0.0
2040-03-04 14:00:00,0.0,0.0,0.0,0.0,0.0,35.391187500208616,0.0,0.0,0.0,0.0,0.0
2040-03-04 15:00:00,0.0,0.0,0.0,0.0,0.0,35.2282500002766,0.0,0.0,0.0,0.0,0.0
2040-03-04 16:00:00,0.0,0.0,0.0,0.0,0.0,34.970812500221655,0.0,0.0,0.0,0.0,0.0
2040-03-04 17:00:00,0.0,0.0,0.0,0.0,0.0,33.58871875028126,0.0,0.0,0.0,0.0,0.0
2040-03-04 18:00:00,0.0,0.0,0.0,0.0,0.0,33.332000000285916,0.0,0.0,0.0,0.0,0.0
2040-03-04 19:00:00,0.0,0.0,0.0,0.0,0.0,32.462875000201166,0.0,0.0,0.0,0.0,0.0
2040-03-04 20:00:00,0.0,0.0,0.0,0.0,0.0,32.747312500257976,0.0,0.0,0.0,0.0,0.0
2040-03-04 21:00:00,0.0,0.0,0.0,0.0,0.0,35.84940625028685,0.0,0.0,0.0,0.0,0.0
2040-03-04 22:00:00,0.0,0.0,0.0,0.0,0.0,34.0384375002468,0.0,0.0,0.0,0.0,0.0
2040-03-04 23:00:00,0.0,0.0,0.0,0.0,0.0,30.823281250195578,0.0,0.0,0.0,0.0,0.0
2040-03-05 00:00:00,0.0,0.0,0.0,0.0,0.0,26.79518750018906,0.0,0.0,0.0,0.0,0.0
2040-03-05 01:00:00,0.0,0.0,0.0,0.0,0.0,24.132531250244938,0.0,0.0,0.0,0.0,0.0
2040-03-05 02:00:00,0.0,0.0,0.0,0.0,0.0,22.46675000025425,0.0,0.0,0.0,0.0,0.0
2040-03-05 03:00:00,0.0,0.0,0.0,0.0,0.0,21.961625000229105,0.0,0.0,0.0,0.0,0.0
2040-03-05 04:00:00,0.0,0.0,0.0,0.0,0.0,21.31706250028219,0.0,0.0,0.0,0.0,0.0
2040-03-05 05:00:00,0.0,0.0,0.0,0.0,0.0,21.34903125022538,0.0,0.0,0.0,0.0,0.0
2040-03-05 06:00:00,0.0,0.0,0.0,0.0,0.0,23.743000000249594,0.0,0.0,0.0,0.0,0.0
2040-03-05 07:00:00,0.0,0.0,0.0,0.0,0.0,27.556406250223517,0.0,0.0,0.0,0.0,0.0
2040-03-05 08:00:00,0.0,0.0,0.0,0.0,0.0,28.986093750223517,0.0,0.0,0.0,0.0,0.0
2040-03-05 09:00:00,0.0,0.0,0.0,0.0,0.0,32.14884375024121,0.0,0.0,0.0,0.0,0.0
2040-03-05 10:00:00,0.0,0.0,0.0,0.0,0.0,34.47690625023097,0.0,0.0,0.0,0.0,0.0
2040-03-05 11:00:00,0.0,0.0,0.0,0.0,0.0,36.347593750222586,0.0,0.0,0.0,0.0,0.0
2040-03-05 12:00:00,0.0,0.0,0.0,0.0,0.0,37.56906250026077,0.0,0.0,0.0,0.0,0.0
2040-03-05 13:00:00,0.0,0.0,0.0,0.0,0.0,40.198000000207685,0.0,0.0,0.0,0.0,0.0
2040-03-05 14:00:00,0.0,0.0,0.0,0.0,0.0,40.29621875018347,0.0,0.0,0.0,0.0,0.0
2040-03-05 15:00:00,0.0,0.0,0.0,0.0,0.0,40.411125000217,0.0,0.0,0.0,0.0,0.0
2040-03-05 16:00:00,0.0,0.0,0.0,0.0,0.0,40.07096875028219,0.0,0.0,0.0,0.0,0.0
2040-03-05 17:00:00,0.0,0.0,0.0,0.0,0.0,39.95828125020489,0.0,0.0,0.0,0.0,0.0
2040-03-05 18:00:00,0.0,0.0,0.0,0.0,0.0,40.10634375025984,0.0,0.0,0.0,0.0,0.0
2040-03-05 19:00:00,0.0,0.0,0.0,0.0,0.0,39.86603125021793,0.0,0.0,0.0,0.0,0.0
2040-03-05 20:00:00,0.0,0.0,0.0,0.0,0.0,39.61368750024121,0.0,0.0,0.0,0.0,0.0
2040-03-05 21:00:00,0.0,0.0,0.0,0.0,0.0,41.18509375024587,0.0,0.0,0.0,0.0,0.0
2040-03-05 22:00:00,0.0,0.0,0.0,0.0,0.0,38.81146875023842,0.0,0.0,0.0,0.0,0.0
2040-03-05 23:00:00,0.0,0.0,0.0,0.0,0.0,35.43115625018254,0.0,0.0,0.0,0.0,0.0
2040-03-06 00:00:00,0.0,0.0,0.0,0.0,0.0,28.688093750271946,0.0,0.0,0.0,0.0,0.0
2040-03-06 01:00:00,0.0,0.0,0.0,0.0,0.0,24.696312500280328,0.0,0.0,0.0,0.0,0.0
2040-03-06 02:00:00,0.0,0.0,0.0,0.0,0.0,22.092906250269152,0.0,0.0,0.0,0.0,0.0
2040-03-06 03:00:00,0.0,0.0,0.0,0.0,0.0,20.79381250019651,0.0,0.0,0.0,0.0,0.0
2040-03-06 04:00:00,0.0,0.0,0.0,0.0,0.0,20.505562500213273,0.0,0.0,0.0,0.0,0.0
2040-03-06 05:00:00,0.0,0.0,0.0,0.0,0.0,21.06437500019092,0.0,0.0,0.0,0.0,0.0
2040-03-06 06:00:00,0.0,0.0,0.0,0.0,0.0,23.49306250025984,0.0,0.0,0.0,0.0,0.0
2040-03-06 07:00:00,0.0,0.0,0.0,0.0,0.0,27.204062500270084,0.0,0.0,0.0,0.0,0.0
2040-03-06 08:00:00,0.0,0.0,0.0,0.0,0.0,28.97706250019837,0.0,0.0,0.0,0.0,0.0
2040-03-06 09:00:00,0.0,0.0,0.0,0.0,0.0,32.13015625020489,0.0,0.0,0.0,0.0,0.0
2040-03-06 10:00:00,0.0,0.0,0.0,0.0,0.0,33.57262500026263,0.0,0.0,0.0,0.0,0.0
2040-03-06 11:00:00,0.0,0.0,0.0,0.0,0.0,34.24231250025332,0.0,0.0,0.0,0.0,0.0
2040-03-06 12:00:00,0.0,0.0,0.0,0.0,0.0,34.82563964871224,0.0,0.0,0.0,0.0,0.0
2040-03-06 13:00:00,0.0,0.0,0.0,0.0,0.0,34.553044433821924,0.0,0.0,0.0,0.0,0.0
2040-03-06 14:00:00,0.0,0.0,0.0,0.0,0.0,34.01055908203125,0.0,0.0,0.0,0.0,0.0
2040-03-06 15:00:00,0.0,0.0,0.0,0.0,0.0,35.36440917989239,0.0,0.0,0.0,0.0,0.0
2040-03-06 16:00:00,0.0,0.0,0.0,0.0,0.0,35.74021679710131,0.0,0.0,0.0,0.0,0.0
2040-03-06 17:00:00,0.0,0.0,0.0,0.0,0.0,34.99090234399773,0.0,0.0,0.0,0.0,0.0
2040-03-06 18:00:00,0.0,0.0,0.0,0.0,0.0,34.403185547096655,0.0,0.0,0.0,0.0,0.0
2040-03-06 19:00:00,0.0,0.0,0.0,0.0,0.0,34.24652929708827,0.0,0.0,0.0,0.0,0.0
2040-03-06 20:00:00,0.0,0.0,0.0,0.0,0.0,34.51516210963018,0.0,0.0,0.0,0.0,0.0
2040-03-06 21:00:00,0.0,0.0,0.0,0.0,0.0,36.59392968774773,0.0,0.0,0.0,0.0,0.0
2040-03-06 22:00:00,0.0,0.0,0.0,0.0,0.0,35.153929687687196,0.0,0.0,0.0,0.0,0.0
2040-03-06 23:00:00,0.0,0.0,0.0,0.0,0.0,31.94007031270303,0.0,0.0,0.0,0.0,0.0
2040-03-07 00:00:00,0.0,0.0,0.0,0.0,0.0,28.2417421877617,0.0,0.0,0.0,0.0,0.0
2040-03-07 01:00:00,0.0,0.0,0.0,0.0,0.0,25.126359375193715,0.0,0.0,0.0,0.0,0.0
2040-03-07 02:00:00,0.0,0.0,0.0,0.0,0.0,23.221425781492144,0.0,0.0,0.0,0.0,0.0
2040-03-07 03:00:00,0.0,0.0,0.0,0.0,0.0,22.435144531540573,0.0,0.0,0.0,0.0,0.0
2040-03-07 04:00:00,0.0,0.0,0.0,0.0,0.0,21.519648437737487,0.0,0.0,0.0,0.0,0.0
2040-03-07 05:00:00,0.0,0.0,0.0,0.0,0.0,21.85034765652381,0.0,0.0,0.0,0.0,0.0
2040-03-07 06:00:00,0.0,0.0,0.0,0.0,0.0,24.60547265643254,0.0,0.0,0.0,0.0,0.0
2040-03-07 07:00:00,0.0,0.0,0.0,0.0,0.0,28.186898437677883,0.0,0.0,0.0,0.0,0.0
2040-03-07 08:00:00,0.0,0.0,0.0,0.0,0.0,30.07151562522631,0.0,0.0,0.0,0.0,0.0
2040-03-07 09:00:00,0.0,0.0,0.0,0.0,0.0,35.04148437525146,0.0,0.0,0.0,0.0,0.0
2040-03-07 10:00:00,0.0,0.0,0.0,0.0,0.0,37.12900781270582,0.0,0.0,0.0,0.0,0.0
2040-03-07 11:00:00,0.0,0.0,0.0,0.0,0.0,38.35746875021141,0.0,0.0,0.0,0.0,0.0
2040-03-07 12:00:00,0.0,0.0,0.0,0.0,0.0,38.870726562687196,0.0,0.0,0.0,0.0,0.0
2040-03-07 13:00:00,0.0,0.0,0.0,0.0,0.0,38.53790625021793,0.0,0.0,0.0,0.0,0.0
2040-03-07 14:00:00,0.0,0.0,0.0,0.0,0.0,37.63348437519744,0.0,0.0,0.0,0.0,0.0
2040-03-07 15:00:00,0.0,0.0,0.0,0.0,0.0,37.49165625020396,0.0,0.0,0.0,0.0,0.0
2040-03-07 16:00:00,0.0,0.0,0.0,0.0,0.0,37.30842187523376,0.0,0.0,0.0,0.0,0.0
2040-03-07 17:00:00,0.0,0.0,0.0,0.0,0.0,35.07141406275332,0.0,0.0,0.0,0.0,0.0
2040-03-07 18:00:00,0.0,0.0,0.0,0.0,0.0,33.776031250250526,0.0,0.0,0.0,0.0,0.0
2040-03-07 19:00:00,0.0,0.0,0.0,0.0,0.0,33.235156250186265,0.0,0.0,0.0,0.0,0.0
2040-03-07 20:00:00,0.0,0.0,0.0,0.0,0.0,33.926242187735625,0.0,0.0,0.0,0.0,0.0
2040-03-07 21:00:00,0.0,0.0,0.0,0.0,0.0,35.90109375026077,0.0,0.0,0.0,0.0,0.0
2040-03-07 22:00:00,0.0,0.0,0.0,0.0,0.0,33.8642265627861,0.0,0.0,0.0,0.0,0.0
2040-03-07 23:00:00,0.0,0.0,0.0,0.0,0.0,30.069343750248663,0.0,0.0,0.0,0.0,0.0
2040-03-08 00:00:00,0.0,0.0,0.0,0.0,0.0,26.660593750188127,0.0,0.0,0.0,0.0,0.0
2040-03-08 01:00:00,0.0,0.0,0.0,0.0,0.0,23.470500000286847,0.0,0.0,0.0,0.0,0.0
2040-03-08 02:00:00,0.0,0.0,0.0,0.0,0.0,21.75748437526636,0.0,0.0,0.0,0.0,0.0
2040-03-08 03:00:00,0.0,0.0,0.0,0.0,0.0,20.581156250205822,0.0,0.0,0.0,0.0,0.0
2040-03-08 04:00:00,0.0,0.0,0.0,0.0,0.0,20.263140625203977,0.0,0.0,0.0,0.0,0.0
2040-03-08 05:00:00,0.0,0.0,0.0,0.0,0.0,20.248078125179745,0.0,0.0,0.0,0.0,0.0
2040-03-08 06:00:00,0.0,0.0,0.0,0.0,0.0,22.732515625196694,0.0,0.0,0.0,0.0,0.0
2040-03-08 07:00:00,0.0,0.0,0.0,0.0,0.0,27.249156250269152,0.0,0.0,0.0,0.0,0.0
2040-03-08 08:00:00,0.0,0.0,0.0,0.0,0.0,29.275671875220723,0.0,0.0,0.0,0.0,0.0
2040-03-08 09:00:00,0.0,0.0,0.0,0.0,0.0,31.421078125247732,0.0,0.0,0.0,0.0,0.0
2040-03-08 10:00:00,0.0,0.0,0.0,0.0,0.0,33.0443867535532,0.0,0.0,0.0,0.0,0.0
2040-03-08 11:00:00,0.0,0.0,0.0,0.0,0.0,35.2815781251993,0.0,0.0,0.0,0.0,0.0
2040-03-08 12:00:00,0.0,0.0,0.0,0.0,0.0,36.12284375028685,0.0,0.0,0.0,0.0,0.0
2040-03-08 13:00:00,0.0,0.0,0.0,0.0,0.0,36.34770312521141,0.0,0.0,0.0,0.0,0.0
2040-03-08 14:00:00,0.0,0.0,0.0,0.0,0.0,35.973843750194646,0.0,0.0,0.0,0.0,0.0
2040-03-08 15:00:00,0.0,0.0,0.0,0.0,0.0,36.153703125193715,0.0,0.0,0.0,0.0,0.0
2040-03-08 16:00:00,0.0,0.0,0.0,0.0,0.0,35.20082812523469,0.0,0.0,0.0,0.0,0.0
2040-03-08 17:00:00,0.0,0.0,0.0,0.0,0.0,35.4112812501844,0.0,0.0,0.0,0.0,0.0
2040-03-08 18:00:00,0.0,0.0,0.0,0.0,0.0,34.85214062524028,0.0,0.0,0.0,0.0,0.0
2040-03-08 19:00:00,0.0,0.0,0.0,0.0,0.0,33.47037500026636,0.0,0.0,0.0,0.0,0.0
2040-03-08 20:00:00,0.0,0.0,0.0,0.0,0.0,33.840703125228174,0.0,0.0,0.0,0.0,0.0
2040-03-08 21:00:00,0.0,0.0,0.0,0.0,0.0,34.97885937523097,0.0,0.0,0.0,0.0,0.0
2040-03-08 22:00:00,0.0,0.0,0.0,0.0,0.0,33.11935937521048,0.0,0.0,0.0,0.0,0.0
2040-03-08 23:00:00,0.0,0.0,0.0,0.0,0.0,30.842703125206754,0.0,0.0,0.0,0.0,0.0
2040-03-09 00:00:00,0.0,0.0,0.0,0.0,0.0,27.75926562526729,0.0,0.0,0.0,0.0,0.0
2040-03-09 01:00:00,0.0,0.0,0.0,0.0,0.0,24.942593750194646,0.0,0.0,0.0,0.0,0.0
2040-03-09 02:00:00,0.0,0.0,0.0,0.0,0.0,22.931250000256114,0.0,0.0,0.0,0.0,0.0
2040-03-09 03:00:00,0.0,0.0,0.0,0.0,0.0,21.397593750269152,0.0,0.0,0.0,0.0,0.0
2040-03-09 04:00:00,0.0,0.0,0.0,0.0,0.0,20.472265625256114,0.0,0.0,0.0,0.0,0.0
2040-03-09 05:00:00,0.0,0.0,0.0,0.0,0.0,20.408656250219792,0.0,0.0,0.0,0.0,0.0
2040-03-09 06:00:00,0.0,0.0,0.0,0.0,0.0,20.57451562525239,0.0,0.0,0.0,0.0,0.0
2040-03-09 07:00:00,0.0,0.0,0.0,0.0,0.0,21.58203125,0.0,0.0,0.0,0.0,0.0
2040-03-09 08:00:00,0.0,0.0,0.0,0.0,0.0,22.156687500188127,0.0,0.0,0.0,0.0,0.0
2040-03-09 09:00:00,0.0,0.0,0.0,0.0,0.0,25.419312500278465,0.0,0.0,0.0,0.0,0.0
2040-03-09 10:00:00,0.0,0.0,0.0,0.0,0.0,28.92404687521048,0.0,0.0,0.0,0.0,0.0
2040-03-09 11:00:00,0.0,0.0,0.0,0.0,0.0,32.23207812523685,0.0,0.0,0.0,0.0,0.0
2040-03-09 12:00:00,0.0,0.0,0.0,0.0,0.0,34.364546875236556,0.0,0.0,0.0,0.0,0.0
2040-03-09 13:00:00,0.0,0.0,0.0,0.0,0.0,34.55826562526636,0.0,0.0,0.0,0.0,0.0
2040-03-09 14:00:00,0.0,0.0,0.0,0.0,0.0,33.98284375027288,0.0,0.0,0.0,0.0,0.0
2040-03-09 15:00:00,0.0,0.0,0.0,0.0,0.0,32.90362500026822,0.0,0.0,0.0,0.0,0.0
2040-03-09 16:00:00,0.0,0.0,0.0,0.0,0.0,31.79875000019092,0.0,0.0,0.0,0.0,0.0
2040-03-09 17:00:00,0.0,0.0,0.0,0.0,0.0,31.01134375028778,0.0,0.0,0.0,0.0,0.0
2040-03-09 18:00:00,0.0,0.0,0.0,0.0,0.0,31.609437500243075,0.0,0.0,0.0,0.0,0.0
2040-03-09 19:00:00,0.0,0.0,0.0,0.0,0.0,31.777156250202097,0.0,0.0,0.0,0.0,0.0
2040-03-09 20:00:00,0.0,0.0,0.0,0.0,0.0,32.53618750022724,0.0,0.0,0.0,0.0,0.0
2040-03-09 21:00:00,0.0,0.0,0.0,0.0,0.0,34.60581250023097,0.0,0.0,0.0,0.0,0.0
2040-03-09 22:00:00,0.0,0.0,0.0,0.0,0.0,33.22500000020955,0.0,0.0,0.0,0.0,0.0
2040-03-09 23:00:00,0.0,0.0,0.0,0.0,0.0,31.17346875020303,0.0,0.0,0.0,0.0,0.0
2040-03-10 00:00:00,0.0,0.0,0.0,0.0,0.0,28.339531250181608,0.0,0.0,0.0,0.0,0.0
2040-03-10 01:00:00,0.0,0.0,0.0,0.0,0.0,25.744250000221655,0.0,0.0,0.0,0.0,0.0
2040-03-10 02:00:00,0.0,0.0,0.0,0.0,0.0,23.93675000022631,0.0,0.0,0.0,0.0,0.0
2040-03-10 03:00:00,0.0,0.0,0.0,0.0,0.0,22.21803125028964,0.0,0.0,0.0,0.0,0.0
2040-03-10 04:00:00,0.0,0.0,0.0,0.0,0.0,21.367625000188127,0.0,0.0,0.0,0.0,0.0
2040-03-10 05:00:00,0.0,0.0,0.0,0.0,0.0,20.852375000249594,0.0,0.0,0.0,0.0,0.0
2040-03-10 06:00:00,0.0,0.0,0.0,0.0,0.0,20.700906250276603,0.0,0.0,0.0,0.0,0.0
2040-03-10 07:00:00,0.0,0.0,0.0,0.0,0.0,20.24290625017602,0.0,0.0,0.0,0.0,0.0
2040-03-10 08:00:00,0.0,0.0,0.0,0.0,0.0,19.74925000022631,0.0,0.0,0.0,0.0,0.0
2040-03-10 09:00:00,0.0,0.0,0.0,0.0,0.0,21.56993750028778,0.0,0.0,0.0,0.0,0.0
2040-03-10 10:00:00,0.0,0.0,0.0,0.0,0.0,24.523468750179745,0.0,0.0,0.0,0.0,0.0
2040-03-10 11:00:00,0.0,0.0,0.0,0.0,0.0,27.42506250028964,0.0,0.0,0.0,0.0,0.0
2040-03-10 12:00:00,0.0,0.0,0.0,0.0,0.0,28.87237500026822,0.0,0.0,0.0,0.0,0.0
2040-03-10 13:00:00,0.0,0.0,0.0,0.0,0.0,30.417531250277534,0.0,0.0,0.0,0.0,0.0
2040-03-10 14:00:00,0.0,0.0,0.0,0.0,0.0,30.30037500022445,0.0,0.0,0.0,0.0,0.0
2040-03-10 15:00:00,0.0,0.0,0.0,0.0,0.0,29.910843750229105,0.0,0.0,0.0,0.0,0.0
2040-03-10 16:00:00,0.0,0.0,0.0,0.0,0.0,29.343593750265427,0.0,0.0,0.0,0.0,0.0
2040-03-10 17:00:00,0.0,0.0,0.0,0.0,0.0,29.066218750202097,0.0,0.0,0.0,0.0,0.0
2040-03-10 18:00:00,0.0,0.0,0.0,0.0,0.0,29.474718750221655,0.0,0.0,0.0,0.0,0.0
2040-03-10 19:00:00,0.0,0.0,0.0,0.0,0.0,30.215437500271946,0.0,0.0,0.0,0.0,0.0
2040-03-10 20:00:00,0.0,0.0,0.0,0.0,0.0,32.384375000256114,0.0,0.0,0.0,0.0,0.0
2040-03-10 21:00:00,0.0,0.0,0.0,0.0,0.0,35.40106250019744,0.0,0.0,0.0,0.0,0.0
2040-03-10 22:00:00,0.0,0.0,0.0,0.0,0.0,33.492218750179745,0.0,0.0,0.0,0.0,0.0
2040-03-10 23:00:00,0.0,0.0,0.0,0.0,0.0,30.04459375026636,0.0,0.0,0.0,0.0,0.0
2040-03-11 00:00:00,0.0,0.0,0.0,0.0,0.0,26.518093750230037,0.0,0.0,0.0,0.0,0.0
2040-03-11 01:00:00,0.0,0.0,0.0,0.0,0.0,24.12721875018906,0.0,0.0,0.0,0.0,0.0
2040-03-11 02:00:00,0.0,0.0,0.0,0.0,0.0,22.082343750284053,0.0,0.0,0.0,0.0,0.0
2040-03-11 03:00:00,0.0,0.0,0.0,0.0,0.0,20.97353125025984,0.0,0.0,0.0,0.0,0.0
2040-03-11 04:00:00,0.0,0.0,0.0,0.0,0.0,19.741937500191852,0.0,0.0,0.0,0.0,0.0
2040-03-11 05:00:00,0.0,0.0,0.0,0.0,0.0,19.818843750283122,0.0,0.0,0.0,0.0,0.0
2040-03-11 06:00:00,0.0,0.0,0.0,0.0,0.0,22.51587500027381,0.0,0.0,0.0,0.0,0.0
2040-03-11 07:00:00,0.0,0.0,0.0,0.0,0.0,26.980437500285916,0.0,0.0,0.0,0.0,0.0
2040-03-11 08:00:00,0.0,0.0,0.0,0.0,0.0,28.047656250186265,0.0,0.0,0.0,0.0,0.0
2040-03-11 09:00:00,0.0,0.0,0.0,0.0,0.0,31.770968750235625,0.0,0.0,0.0,0.0,0.0
2040-03-11 10:00:00,0.0,0.0,0.0,0.0,0.0,33.65962500020396,0.0,0.0,0.0,0.0,0.0
2040-03-11 11:00:00,0.0,0.0,0.0,0.0,0.0,35.06981250026729,0.0,0.0,0.0,0.0,0.0
2040-03-11 12:00:00,0.0,0.0,0.0,0.0,0.0,36.10140625026543,0.0,0.0,0.0,0.0,0.0
2040-03-11 13:00:00,0.0,0.0,0.0,0.0,0.0,36.204312500194646,0.0,0.0,0.0,0.0,0.0
2040-03-11 14:00:00,0.0,0.0,0.0,0.0,0.0,35.53696875018068,0.0,0.0,0.0,0.0,0.0
2040-03-11 15:00:00,0.0,0.0,0.0,0.0,0.0,35.59946875018068,0.0,0.0,0.0,0.0,0.0
2040-03-11 16:00:00,0.0,0.0,0.0,0.0,0.0,36.17225000017788,0.0,0.0,0.0,0.0,0.0
2040-03-11 17:00:00,0.0,0.0,0.0,0.0,0.0,34.52306250028778,0.0,0.0,0.0,0.0,0.0
2040-03-11 18:00:00,0.0,0.0,0.0,0.0,0.0,34.21434375026729,0.0,0.0,0.0,0.0,0.0
2040-03-11 19:00:00,0.0,0.0,0.0,0.0,0.0,34.87778125028126,0.0,0.0,0.0,0.0,0.0
2040-03-11 20:00:00,0.0,0.0,0.0,0.0,0.0,36.5662187502021,0.0,0.0,0.0,0.0,0.0
2040-03-11 21:00:00,0.0,0.0,0.0,0.0,0.0,37.75571875018068,0.0,0.0,0.0,0.0,0.0
2040-03-11 22:00:00,0.0,0.0,0.0,0.0,0.0,35.27243750018533,0.0,0.0,0.0,0.0,0.0
2040-03-11 23:00:00,0.0,0.0,0.0,0.0,0.0,31.946843750192784,0.0,0.0,0.0,0.0,0.0
2040-03-12 00:00:00,0.0,0.0,0.0,0.0,0.0,27.95775000017602,0.0,0.0,0.0,0.0,0.0
2040-03-12 01:00:00,0.0,0.0,0.0,0.0,0.0,25.12912500021048,0.0,0.0,0.0,0.0,0.0
2040-03-12 02:00:00,0.0,0.0,0.0,0.0,0.0,22.592187500209548,0.0,0.0,0.0,0.0,0.0
2040-03-12 03:00:00,0.0,0.0,0.0,0.0,0.0,15.50167692143933,0.0,0.0,0.0,0.0,0.0
2040-03-12 04:00:00,0.0,0.0,0.0,0.0,0.0,20.926562500186265,0.0,0.0,0.0,0.0,0.0
2040-03-12 05:00:00,0.0,0.0,0.0,0.0,0.0,20.82115625019651,0.0,0.0,0.0,0.0,0.0
2040-03-12 06:00:00,0.0,0.0,0.0,0.0,0.0,23.13090625021141,0.0,0.0,0.0,0.0,0.0
2040-03-12 07:00:00,0.0,0.0,0.0,0.0,0.0,27.08490625023842,0.0,0.0,0.0,0.0,0.0
2040-03-12 08:00:00,0.0,0.0,0.0,0.0,0.0,29.047062500263564,0.0,0.0,0.0,0.0,0.0
2040-03-12 09:00:00,0.0,0.0,0.0,0.0,0.0,32.177093750215136,0.0,0.0,0.0,0.0,0.0
2040-03-12 10:00:00,0.0,0.0,0.0,0.0,0.0,35.77834375028033,0.0,0.0,0.0,0.0,0.0
2040-03-12 11:00:00,0.0,0.0,0.0,0.0,0.0,37.22893750027288,0.0,0.0,0.0,0.0,0.0
2040-03-12 12:00:00,0.0,0.0,0.0,0.0,0.0,37.843062500236556,0.0,0.0,0.0,0.0,0.0
2040-03-12 13:00:00,0.0,0.0,0.0,0.0,0.0,38.2029375002021,0.0,0.0,0.0,0.0,0.0
2040-03-12 14:00:00,0.0,0.0,0.0,0.0,0.0,38.299468750250526,0.0,0.0,0.0,0.0,0.0
2040-03-12 15:00:00,0.0,0.0,0.0,0.0,0.0,37.77134375018068,0.0,0.0,0.0,0.0,0.0
2040-03-12 16:00:00,0.0,0.0,0.0,0.0,0.0,36.65075000026263,0.0,0.0,0.0,0.0,0.0
2040-03-12 17:00:00,0.0,0.0,0.0,0.0,0.0,35.932375000207685,0.0,0.0,0.0,0.0,0.0
2040-03-12 18:00:00,0.0,0.0,0.0,0.0,0.0,35.038500000257045,0.0,0.0,0.0,0.0,0.0
2040-03-12 19:00:00,0.0,0.0,0.0,0.0,0.0,34.554875000263564,0.0,0.0,0.0,0.0,0.0
2040-03-12 20:00:00,0.0,0.0,0.0,0.0,0.0,34.5948750001844,0.0,0.0,0.0,0.0,0.0
2040-03-12 21:00:00,0.0,0.0,0.0,0.0,0.0,37.41125000023749,0.0,0.0,0.0,0.0,0.0
2040-03-12 22:00:00,0.0,0.0,0.0,0.0,0.0,35.94075000018347,0.0,0.0,0.0,0.0,0.0
2040-03-12 23:00:00,0.0,0.0,0.0,0.0,0.0,31.044125000247732,0.0,0.0,0.0,0.0,0.0
2040-03-13 00:00:00,0.0,0.0,0.0,0.0,0.0,26.528250000203908,0.0,0.0,0.0,0.0,0.0
2040-03-13 01:00:00,0.0,0.0,0.0,0.0,0.0,23.991625000257045,0.0,0.0,0.0,0.0,0.0
2040-03-13 02:00:00,0.0,0.0,0.0,0.0,0.0,22.36643750022631,0.0,0.0,0.0,0.0,0.0
2040-03-13 03:00:00,0.0,0.0,0.0,0.0,0.0,21.099937500199303,0.0,0.0,0.0,0.0,0.0
2040-03-13 04:00:00,0.0,0.0,0.0,0.0,0.0,20.57443750021048,0.0,0.0,0.0,0.0,0.0
2040-03-13 05:00:00,0.0,0.0,0.0,0.0,0.0,20.75287500023842,0.0,0.0,0.0,0.0,0.0
2040-03-13 06:00:00,0.0,0.0,0.0,0.0,0.0,23.247812500223517,0.0,0.0,0.0,0.0,0.0
2040-03-13 07:00:00,0.0,0.0,0.0,0.0,0.0,27.399125000229105,0.0,0.0,0.0,0.0,0.0
2040-03-13 08:00:00,0.0,0.0,0.0,0.0,0.0,29.702937500202097,0.0,0.0,0.0,0.0,0.0
2040-03-13 09:00:00,0.0,0.0,0.0,0.0,0.0,33.52706250024494,0.0,0.0,0.0,0.0,0.0
2040-03-13 10:00:00,0.0,0.0,0.0,0.0,0.0,36.35531250026543,0.0,0.0,0.0,0.0,0.0
2040-03-13 11:00:00,0.0,0.0,0.0,0.0,0.0,36.730625000200234,0.0,0.0,0.0,0.0,0.0
2040-03-13 12:00:00,0.0,0.0,0.0,0.0,0.0,37.26750000019092,0.0,0.0,0.0,0.0,0.0
2040-03-13 13:00:00,0.0,0.0,0.0,0.0,0.0,36.109562500263564,0.0,0.0,0.0,0.0,0.0
2040-03-13 14:00:00,0.0,0.0,0.0,0.0,0.0,35.26800000027288,0.0,0.0,0.0,0.0,0.0
2040-03-13 15:00:00,0.0,0.0,0.0,0.0,0.0,35.6780625001993,0.0,0.0,0.0,0.0,0.0
2040-03-13 16:00:00,0.0,0.0,0.0,0.0,0.0,35.37281250022352,0.0,0.0,0.0,0.0,0.0
2040-03-13 17:00:00,0.0,0.0,0.0,0.0,0.0,36.00843750021886,0.0,0.0,0.0,0.0,0.0
2040-03-13 18:00:00,0.0,0.0,0.0,0.0,0.0,35.64400000020396,0.0,0.0,0.0,0.0,0.0
2040-03-13 19:00:00,0.0,0.0,0.0,0.0,0.0,34.9607500002021,0.0,0.0,0.0,0.0,0.0
2040-03-13 20:00:00,0.0,0.0,0.0,0.0,0.0,35.912312500178814,0.0,0.0,0.0,0.0,0.0
2040-03-13 21:00:00,0.0,0.0,0.0,0.0,0.0,38.03306250018068,0.0,0.0,0.0,0.0,0.0
2040-03-13 22:00:00,0.0,0.0,0.0,0.0,0.0,36.63987500022631,0.0,0.0,0.0,0.0,0.0
2040-03-13 23:00:00,0.0,0.0,0.0,0.0,0.0,33.28312500019092,0.0,0.0,0.0,0.0,0.0
2040-03-14 00:00:00,0.0,0.0,0.0,0.0,0.0,27.101312500191852,0.0,0.0,0.0,0.0,0.0
2040-03-14 01:00:00,0.0,0.0,0.0,0.0,0.0,23.34268750017509,0.0,0.0,0.0,0.0,0.0
2040-03-14 02:00:00,0.0,0.0,0.0,0.0,0.0,21.36793750023935,0.0,0.0,0.0,0.0,0.0
2040-03-14 03:00:00,0.0,0.0,0.0,0.0,0.0,20.543562500271946,0.0,0.0,0.0,0.0,0.0
2040-03-14 04:00:00,0.0,0.0,0.0,0.0,0.0,19.950250000227243,0.0,0.0,0.0,0.0,0.0
2040-03-14 05:00:00,0.0,0.0,0.0,0.0,0.0,20.073750000214204,0.0,0.0,0.0,0.0,0.0
2040-03-14 06:00:00,0.0,0.0,0.0,0.0,0.0,22.734375,0.0,0.0,0.0,0.0,0.0
2040-03-14 07:00:00,0.0,0.0,0.0,0.0,0.0,27.273625000263564,0.0,0.0,0.0,0.0,0.0
2040-03-14 08:00:00,0.0,0.0,0.0,0.0,0.0,29.001312500215136,0.0,0.0,0.0,0.0,0.0
2040-03-14 09:00:00,0.0,0.0,0.0,0.0,0.0,32.85206250019837,0.0,0.0,0.0,0.0,0.0
2040-03-14 10:00:00,0.0,0.0,0.0,0.0,0.0,35.81262500025332,0.0,0.0,0.0,0.0,0.0
2040-03-14 11:00:00,0.0,0.0,0.0,0.0,0.0,37.05237500020303,0.0,0.0,0.0,0.0,0.0
2040-03-14 12:00:00,0.0,0.0,0.0,0.0,0.0,37.17725000018254,0.0,0.0,0.0,0.0,0.0
2040-03-14 13:00:00,0.0,0.0,0.0,0.0,0.0,36.615375000284985,0.0,0.0,0.0,0.0,0.0
2040-03-14 14:00:00,0.0,0.0,0.0,0.0,0.0,35.79331250023097,0.0,0.0,0.0,0.0,0.0
2040-03-14 15:00:00,0.0,0.0,0.0,0.0,0.0,35.511250000214204,0.0,0.0,0.0,0.0,0.0
2040-03-14 16:00:00,0.0,0.0,0.0,0.0,0.0,34.73968750028871,0.0,0.0,0.0,0.0,0.0
2040-03-14 17:00:00,0.0,0.0,0.0,0.0,0.0,33.93931250018068,0.0,0.0,0.0,0.0,0.0
2040-03-14 18:00:00,0.0,0.0,0.0,0.0,0.0,33.08793750021141,0.0,0.0,0.0,0.0,0.0
2040-03-14 19:00:00,0.0,0.0,0.0,0.0,0.0,33.22243750025518,0.0,0.0,0.0,0.0,0.0
2040-03-14 20:00:00,0.0,0.0,0.0,0.0,0.0,34.334625000250526,0.0,0.0,0.0,0.0,0.0
2040-03-14 21:00:00,0.0,0.0,0.0,0.0,0.0,35.730500000179745,0.0,0.0,0.0,0.0,0.0
2040-03-14 22:00:00,0.0,0.0,0.0,0.0,0.0,33.894062500214204,0.0,0.0,0.0,0.0,0.0
2040-03-14 23:00:00,0.0,0.0,0.0,0.0,0.0,30.758875000290573,0.0,0.0,0.0,0.0,0.0
2040-03-15 00:00:00,0.0,0.0,0.0,0.0,0.0,27.078437500284053,0.0,0.0,0.0,0.0,0.0
2040-03-15 01:00:00,0.0,0.0,0.0,0.0,0.0,23.854375000228174,0.0,0.0,0.0,0.0,0.0
2040-03-15 02:00:00,0.0,0.0,0.0,0.0,0.0,22.083187500248467,0.0,0.0,0.0,0.0,0.0
2040-03-15 03:00:00,0.0,0.0,0.0,0.0,0.0,21.25025000027381,0.0,0.0,0.0,0.0,0.0
2040-03-15 04:00:00,0.0,0.0,0.0,0.0,0.0,21.151562500279738,0.0,0.0,0.0,0.0,0.0
2040-03-15 05:00:00,0.0,0.0,0.0,0.0,0.0,21.307000000262633,0.0,0.0,0.0,0.0,0.0
2040-03-15 06:00:00,0.0,0.0,0.0,0.0,0.0,24.020625000234595,0.0,0.0,0.0,0.0,0.0
2040-03-15 07:00:00,0.0,0.0,0.0,0.0,0.0,28.69912500027567,0.0,0.0,0.0,0.0,0.0
2040-03-15 08:00:00,0.0,0.0,0.0,0.0,0.0,29.577250000199182,0.0,0.0,0.0,0.0,0.0
2040-03-15 09:00:00,0.0,0.0,0.0,0.0,0.0,35.04043750022538,0.0,0.0,0.0,0.0,0.0
2040-03-15 10:00:00,0.0,0.0,0.0,0.0,0.0,36.765062500257045,0.0,0.0,0.0,0.0,0.0
2040-03-15 11:00:00,0.0,0.0,0.0,0.0,0.0,37.43931250018068,0.0,0.0,0.0,0.0,0.0
2040-03-15 12:00:00,0.0,0.0,0.0,0.0,0.0,37.40043750021141,0.0,0.0,0.0,0.0,0.0
2040-03-15 13:00:00,0.0,0.0,0.0,0.0,0.0,36.81337500025984,0.0,0.0,0.0,0.0,0.0
2040-03-15 14:00:00,0.0,0.0,0.0,0.0,0.0,36.95343750028405,0.0,0.0,0.0,0.0,0.0
2040-03-15 15:00:00,0.0,0.0,0.0,0.0,0.0,37.101750000263564,0.0,0.0,0.0,0.0,0.0
2040-03-15 16:00:00,0.0,0.0,0.0,0.0,0.0,35.651875000214204,0.0,0.0,0.0,0.0,0.0
2040-03-15 17:00:00,0.0,0.0,0.0,0.0,0.0,33.09018750023097,0.0,0.0,0.0,0.0,0.0
2040-03-15 18:00:00,0.0,0.0,0.0,0.0,0.0,32.68006250017788,0.0,0.0,0.0,0.0,0.0
2040-03-15 19:00:00,0.0,0.0,0.0,0.0,0.0,32.47918750019744,0.0,0.0,0.0,0.0,0.0
2040-03-15 20:00:00,0.0,0.0,0.0,0.0,0.0,34.218687500222586,0.0,0.0,0.0,0.0,0.0
2040-03-15 21:00:00,0.0,0.0,0.0,0.0,0.0,35.87731250026263,0.0,0.0,0.0,0.0,0.0
2040-03-15 22:00:00,0.0,0.0,0.0,0.0,0.0,34.524625000194646,0.0,0.0,0.0,0.0,0.0
2040-03-15 23:00:00,0.0,0.0,0.0,0.0,0.0,32.01350000023376,0.0,0.0,0.0,0.0,0.0
2040-03-16 00:00:00,0.0,0.0,0.0,0.0,0.0,28.499937500222586,0.0,0.0,0.0,0.0,0.0
2040-03-16 01:00:00,0.0,0.0,0.0,0.0,0.0,25.37687500019092,0.0,0.0,0.0,0.0,0.0
2040-03-16 02:00:00,0.0,0.0,0.0,0.0,0.0,23.8046875,0.0,0.0,0.0,0.0,0.0
2040-03-16 03:00:00,0.0,0.0,0.0,0.0,0.0,22.47331250028219,0.0,0.0,0.0,0.0,0.0
2040-03-16 04:00:00,0.0,0.0,0.0,0.0,0.0,21.692937500192784,0.0,0.0,0.0,0.0,0.0
2040-03-16 05:00:00,0.0,0.0,0.0,0.0,0.0,21.459000000264496,0.0,0.0,0.0,0.0,0.0
2040-03-16 06:00:00,0.0,0.0,0.0,0.0,0.0,21.720562500180677,0.0,0.0,0.0,0.0,0.0
2040-03-16 07:00:00,0.0,0.0,0.0,0.0,0.0,22.67250000021886,0.0,0.0,0.0,0.0,0.0
2040-03-16 08:00:00,0.0,0.0,0.0,0.0,0.0,23.372000000206754,0.0,0.0,0.0,0.0,0.0
2040-03-16 09:00:00,0.0,0.0,0.0,0.0,0.0,27.159937500255182,0.0,0.0,0.0,0.0,0.0
2040-03-16 10:00:00,0.0,0.0,0.0,0.0,0.0,30.892187500256114,0.0,0.0,0.0,0.0,0.0
2040-03-16 11:00:00,0.0,0.0,0.0,0.0,0.0,33.70843750028871,0.0,0.0,0.0,0.0,0.0
2040-03-16 12:00:00,0.0,0.0,0.0,0.0,0.0,35.135000000242144,0.0,0.0,0.0,0.0,0.0
2040-03-16 13:00:00,0.0,0.0,0.0,0.0,0.0,34.9308125001844,0.0,0.0,0.0,0.0,0.0
2040-03-16 14:00:00,0.0,0.0,0.0,0.0,0.0,34.718312500277534,0.0,0.0,0.0,0.0,0.0
2040-03-16 15:00:00,0.0,0.0,0.0,0.0,0.0,33.823000000207685,0.0,0.0,0.0,0.0,0.0
2040-03-16 16:00:00,0.0,0.0,0.0,0.0,0.0,32.719437500229105,0.0,0.0,0.0,0.0,0.0
2040-03-16 17:00:00,0.0,0.0,0.0,0.0,0.0,31.866375000216067,0.0,0.0,0.0,0.0,0.0
2040-03-16 18:00:00,0.0,0.0,0.0,0.0,0.0,32.47200000018347,0.0,0.0,0.0,0.0,0.0
2040-03-16 19:00:00,0.0,0.0,0.0,0.0,0.0,33.52218750026077,0.0,0.0,0.0,0.0,0.0
2040-03-16 20:00:00,0.0,0.0,0.0,0.0,0.0,35.400500000221655,0.0,0.0,0.0,0.0,0.0
2040-03-16 21:00:00,0.0,0.0,0.0,0.0,0.0,35.76312500028871,0.0,0.0,0.0,0.0,0.0
2040-03-16 22:00:00,0.0,0.0,0.0,0.0,0.0,33.45787500019651,0.0,0.0,0.0,0.0,0.0
2040-03-16 23:00:00,0.0,0.0,0.0,0.0,0.0,32.27125000022352,0.0,0.0,0.0,0.0,0.0
2040-03-17 00:00:00,0.0,0.0,0.0,0.0,0.0,29.616250000195578,0.0,0.0,0.0,0.0,0.0
2040-03-17 01:00:00,0.0,0.0,0.0,0.0,0.0,26.72412500018254,0.0,0.0,0.0,0.0,0.0
2040-03-17 02:00:00,0.0,0.0,0.0,0.0,0.0,24.214000000269152,0.0,0.0,0.0,0.0,0.0
2040-03-17 03:00:00,0.0,0.0,0.0,0.0,0.0,22.427750000264496,0.0,0.0,0.0,0.0,0.0
2040-03-17 04:00:00,0.0,0.0,0.0,0.0,0.0,21.485187500249594,0.0,0.0,0.0,0.0,0.0
2040-03-17 05:00:00,0.0,0.0,0.0,0.0,0.0,21.009125000215136,0.0,0.0,0.0,0.0,0.0
2040-03-17 06:00:00,0.0,0.0,0.0,0.0,0.0,20.94493750028778,0.0,0.0,0.0,0.0,0.0
2040-03-17 07:00:00,0.0,0.0,0.0,0.0,0.0,20.968500000191852,0.0,0.0,0.0,0.0,0.0
2040-03-17 08:00:00,0.0,0.0,0.0,0.0,0.0,19.94493750028778,0.0,0.0,0.0,0.0,0.0
2040-03-17 09:00:00,0.0,0.0,0.0,0.0,0.0,22.273625000263564,0.0,0.0,0.0,0.0,0.0
2040-03-17 10:00:00,0.0,0.0,0.0,0.0,0.0,25.383500000229105,0.0,0.0,0.0,0.0,0.0
2040-03-17 11:00:00,0.0,0.0,0.0,0.0,0.0,27.35181250027381,0.0,0.0,0.0,0.0,0.0
2040-03-17 12:00:00,0.0,0.0,0.0,0.0,0.0,28.825187500216998,0.0,0.0,0.0,0.0,0.0
2040-03-17 13:00:00,0.0,0.0,0.0,0.0,0.0,32.05650000018068,0.0,0.0,0.0,0.0,0.0
2040-03-17 14:00:00,0.0,0.0,0.0,0.0,0.0,31.08275000017602,0.0,0.0,0.0,0.0,0.0
2040-03-17 15:00:00,0.0,0.0,0.0,0.0,0.0,30.41606250021141,0.0,0.0,0.0,0.0,0.0
2040-03-17 16:00:00,0.0,0.0,0.0,0.0,0.0,29.650187500286847,0.0,0.0,0.0,0.0,0.0
2040-03-17 17:00:00,0.0,0.0,0.0,0.0,0.0,29.694625000236556,0.0,0.0,0.0,0.0,0.0
2040-03-17 18:00:00,0.0,0.0,0.0,0.0,0.0,30.12850000022445,0.0,0.0,0.0,0.0,0.0
2040-03-17 19:00:00,0.0,0.0,0.0,0.0,0.0,30.894062500214204,0.0,0.0,0.0,0.0,0.0
2040-03-17 20:00:00,0.0,0.0,0.0,0.0,0.0,33.441375000285916,0.0,0.0,0.0,0.0,0.0
2040-03-17 21:00:00,0.0,0.0,0.0,0.0,0.0,36.21456250024494,0.0,0.0,0.0,0.0,0.0
2040-03-17 22:00:00,0.0,0.0,0.0,0.0,0.0,34.42643750028219,0.0,0.0,0.0,0.0,0.0
2040-03-17 23:00:00,0.0,0.0,0.0,0.0,0.0,30.94781250017695,0.0,0.0,0.0,0.0,0.0
2040-03-18 00:00:00,0.0,0.0,0.0,0.0,0.0,27.133375000208616,0.0,0.0,0.0,0.0,0.0
2040-03-18 01:00:00,0.0,0.0,0.0,0.0,0.0,23.528312500216998,0.0,0.0,0.0,0.0,0.0
2040-03-18 02:00:00,0.0,0.0,0.0,0.0,0.0,21.362937500234693,0.0,0.0,0.0,0.0,0.0
2040-03-18 03:00:00,0.0,0.0,0.0,0.0,0.0,20.38243750028778,0.0,0.0,0.0,0.0,0.0
2040-03-18 04:00:00,0.0,0.0,0.0,0.0,0.0,19.971062500262633,0.0,0.0,0.0,0.0,0.0
2040-03-18 05:00:00,0.0,0.0,0.0,0.0,0.0,20.697625000262633,0.0,0.0,0.0,0.0,0.0
2040-03-18 06:00:00,0.0,0.0,0.0,0.0,0.0,24.264937500236556,0.0,0.0,0.0,0.0,0.0
2040-03-18 07:00:00,0.0,0.0,0.0,0.0,0.0,29.428062500199303,0.0,0.0,0.0,0.0,0.0
2040-03-18 08:00:00,0.0,0.0,0.0,0.0,0.0,30.601017334265634,0.0,0.0,0.0,0.0,0.0
2040-03-18 09:00:00,0.0,0.0,0.0,0.0,0.0,33.654326904565096,0.0,0.0,0.0,0.0,0.0
2040-03-18 10:00:00,0.0,0.0,0.0,0.0,0.0,36.05316162109375,0.0,0.0,0.0,0.0,0.0
2040-03-18 11:00:00,0.0,0.0,0.0,0.0,0.0,37.125310547067784,0.0,0.0,0.0,0.0,0.0
2040-03-18 12:00:00,0.0,0.0,0.0,0.0,0.0,37.97453417989891,0.0,0.0,0.0,0.0,0.0
2040-03-18 13:00:00,0.0,0.0,0.0,0.0,0.0,37.84365527366754,0.0,0.0,0.0,0.0,0.0
2040-03-18 14:00:00,0.0,0.0,0.0,0.0,0.0,37.137532226741314,0.0,0.0,0.0,0.0,0.0
2040-03-18 15:00:00,0.0,0.0,0.0,0.0,0.0,36.56048535183072,0.0,0.0,0.0,0.0,0.0
2040-03-18 16:00:00,0.0,0.0,0.0,0.0,0.0,37.08786718768533,0.0,0.0,0.0,0.0,0.0
2040-03-18 17:00:00,0.0,0.0,0.0,0.0,0.0,36.25472656276543,0.0,0.0,0.0,0.0,0.0
2040-03-18 18:00:00,0.0,0.0,0.0,0.0,0.0,35.393437500228174,0.0,0.0,0.0,0.0,0.0
2040-03-18 19:00:00,0.0,0.0,0.0,0.0,0.0,35.3856699221069,0.0,0.0,0.0,0.0,0.0
2040-03-18 20:00:00,0.0,0.0,0.0,0.0,0.0,37.12436328153126,0.0,0.0,0.0,0.0,0.0
2040-03-18 21:00:00,0.0,0.0,0.0,0.0,0.0,38.44376367214136,0.0,0.0,0.0,0.0,0.0
2040-03-18 22:00:00,0.0,0.0,0.0,0.0,0.0,36.28695312526543,0.0,0.0,0.0,0.0,0.0
2040-03-18 23:00:00,0.0,0.0,0.0,0.0,0.0,32.55778125021607,0.0,0.0,0.0,0.0,0.0
2040-03-19 00:00:00,0.0,0.0,0.0,0.0,0.0,28.87750000017695,0.0,0.0,0.0,0.0,0.0
2040-03-19 01:00:00,0.0,0.0,0.0,0.0,0.0,25.62103515653871,0.0,0.0,0.0,0.0,0.0
2040-03-19 02:00:00,0.0,0.0,0.0,0.0,0.0,23.74960546893999,0.0,0.0,0.0,0.0,0.0
2040-03-19 03:00:00,0.0,0.0,0.0,0.0,0.0,22.76700390642509,0.0,0.0,0.0,0.0,0.0
2040-03-19 04:00:00,0.0,0.0,0.0,0.0,0.0,22.205867187702097,0.0,0.0,0.0,0.0,0.0
2040-03-19 05:00:00,0.0,0.0,0.0,0.0,0.0,22.41876171901822,0.0,0.0,0.0,0.0,0.0
2040-03-19 06:00:00,0.0,0.0,0.0,0.0,0.0,25.176933593931608,0.0,0.0,0.0,0.0,0.0
2040-03-19 07:00:00,0.0,0.0,0.0,0.0,0.0,30.281566406483762,0.0,0.0,0.0,0.0,0.0
2040-03-19 08:00:00,0.0,0.0,0.0,0.0,0.0,31.77712109393906,0.0,0.0,0.0,0.0,0.0
2040-03-19 09:00:00,0.0,0.0,0.0,0.0,0.0,35.17829296900891,0.0,0.0,0.0,0.0,0.0
2040-03-19 10:00:00,0.0,0.0,0.0,0.0,0.0,37.42052734398749,0.0,0.0,0.0,0.0,0.0
2040-03-19 11:00:00,0.0,0.0,0.0,0.0,0.0,40.000691406428814,0.0,0.0,0.0,0.0,0.0
2040-03-19 12:00:00,0.0,0.0,0.0,0.0,0.0,40.173878906527534,0.0,0.0,0.0,0.0,0.0
2040-03-19 13:00:00,0.0,0.0,0.0,0.0,0.0,39.872359375236556,0.0,0.0,0.0,0.0,0.0
2040-03-19 14:00:00,0.0,0.0,0.0,0.0,0.0,38.525496094021946,0.0,0.0,0.0,0.0,0.0
2040-03-19 15:00:00,0.0,0.0,0.0,0.0,0.0,38.313843750278465,0.0,0.0,0.0,0.0,0.0
2040-03-19 16:00:00,0.0,0.0,0.0,0.0,0.0,38.53783593769185,0.0,0.0,0.0,0.0,0.0
2040-03-19 17:00:00,0.0,0.0,0.0,0.0,0.0,38.12765625026077,0.0,0.0,0.0,0.0,0.0
2040-03-19 18:00:00,0.0,0.0,0.0,0.0,0.0,37.79307031270582,0.0,0.0,0.0,0.0,0.0
2040-03-19 19:00:00,0.0,0.0,0.0,0.0,0.0,37.643187500187196,0.0,0.0,0.0,0.0,0.0
2040-03-19 20:00:00,0.0,0.0,0.0,0.0,0.0,39.36473437526729,0.0,0.0,0.0,0.0,0.0
2040-03-19 21:00:00,0.0,0.0,0.0,0.0,0.0,40.33810937521048,0.0,0.0,0.0,0.0,0.0
2040-03-19 22:00:00,0.0,0.0,0.0,0.0,0.0,36.33565625024494,0.0,0.0,0.0,0.0,0.0
2040-03-19 23:00:00,0.0,0.0,0.0,0.0,0.0,32.66706250025891,0.0,0.0,0.0,0.0,0.0
2040-03-20 00:00:00,0.0,0.0,0.0,0.0,0.0,28.43620312528219,0.0,0.0,0.0,0.0,0.0
2040-03-20 01:00:00,0.0,0.0,0.0,0.0,0.0,24.985820312751457,0.0,0.0,0.0,0.0,0.0
2040-03-20 02:00:00,0.0,0.0,0.0,0.0,0.0,23.136960937757976,0.0,0.0,0.0,0.0,0.0
2040-03-20 03:00:00,0.0,0.0,0.0,0.0,0.0,21.884570312686265,0.0,0.0,0.0,0.0,0.0
2040-03-20 04:00:00,0.0,0.0,0.0,0.0,0.0,21.605507812695578,0.0,0.0,0.0,0.0,0.0
2040-03-20 05:00:00,0.0,0.0,0.0,0.0,0.0,22.144937500241213,0.0,0.0,0.0,0.0,0.0
2040-03-20 06:00:00,0.0,0.0,0.0,0.0,0.0,24.764835937763564,0.0,0.0,0.0,0.0,0.0
2040-03-20 07:00:00,0.0,0.0,0.0,0.0,0.0,29.928125000209548,0.0,0.0,0.0,0.0,0.0
2040-03-20 08:00:00,0.0,0.0,0.0,0.0,0.0,31.2734375,0.0,0.0,0.0,0.0,0.0
2040-03-20 09:00:00,0.0,0.0,0.0,0.0,0.0,34.14027343771886,0.0,0.0,0.0,0.0,0.0
2040-03-20 10:00:00,0.0,0.0,0.0,0.0,0.0,35.816593750263564,0.0,0.0,0.0,0.0,0.0
2040-03-20 11:00:00,0.0,0.0,0.0,0.0,0.0,37.22172656271141,0.0,0.0,0.0,0.0,0.0
2040-03-20 12:00:00,0.0,0.0,0.0,0.0,0.0,37.784320312784985,0.0,0.0,0.0,0.0,0.0
2040-03-20 13:00:00,0.0,0.0,0.0,0.0,0.0,37.30767187522724,0.0,0.0,0.0,0.0,0.0
2040-03-20 14:00:00,0.0,0.0,0.0,0.0,0.0,36.42432812519837,0.0,0.0,0.0,0.0,0.0
2040-03-20 15:00:00,0.0,0.0,0.0,0.0,0.0,36.32269531278871,0.0,0.0,0.0,0.0,0.0
2040-03-20 16:00:00,0.0,0.0,0.0,0.0,0.0,35.77823437517509,0.0,0.0,0.0,0.0,0.0
2040-03-20 17:00:00,0.0,0.0,0.0,0.0,0.0,34.828414062736556,0.0,0.0,0.0,0.0,0.0
2040-03-20 18:00:00,0.0,0.0,0.0,0.0,0.0,33.95887500024401,0.0,0.0,0.0,0.0,0.0
2040-03-20 19:00:00,0.0,0.0,0.0,0.0,0.0,34.02760156278964,0.0,0.0,0.0,0.0,0.0
2040-03-20 20:00:00,0.0,0.0,0.0,0.0,0.0,36.29654687526636,0.0,0.0,0.0,0.0,0.0
2040-03-20 21:00:00,0.0,0.0,0.0,0.0,0.0,37.75614062522072,0.0,0.0,0.0,0.0,0.0
2040-03-20 22:00:00,0.0,0.0,0.0,0.0,0.0,34.862671875278465,0.0,0.0,0.0,0.0,0.0
2040-03-20 23:00:00,0.0,0.0,0.0,0.0,0.0,31.378312500193715,0.0,0.0,0.0,0.0,0.0
2040-03-21 00:00:00,0.0,0.0,0.0,0.0,0.0,27.727015625219792,0.0,0.0,0.0,0.0,0.0
2040-03-21 01:00:00,0.0,0.0,0.0,0.0,0.0,24.534046875194157,0.0,0.0,0.0,0.0,0.0
2040-03-21 02:00:00,0.0,0.0,0.0,0.0,0.0,22.505515625234693,0.0,0.0,0.0,0.0,0.0
2040-03-21 03:00:00,0.0,0.0,0.0,0.0,0.0,21.533640625188127,0.0,0.0,0.0,0.0,0.0
2040-03-21 04:00:00,0.0,0.0,0.0,0.0,0.0,20.876968750264496,0.0,0.0,0.0,0.0,0.0
2040-03-21 05:00:00,0.0,0.0,0.0,0.0,0.0,20.99268750019837,0.0,0.0,0.0,0.0,0.0
2040-03-21 06:00:00,0.0,0.0,0.0,0.0,0.0,23.505437500192784,0.0,0.0,0.0,0.0,0.0
2040-03-21 07:00:00,0.0,0.0,0.0,0.0,0.0,28.461046875221655,0.0,0.0,0.0,0.0,0.0
2040-03-21 08:00:00,0.0,0.0,0.0,0.0,0.0,29.762875000247732,0.0,0.0,0.0,0.0,0.0
2040-03-21 09:00:00,0.0,0.0,0.0,0.0,0.0,33.66529687528964,0.0,0.0,0.0,0.0,0.0
2040-03-21 10:00:00,0.0,0.0,0.0,0.0,0.0,35.24990625027567,0.0,0.0,0.0,0.0,0.0
2040-03-21 11:00:00,0.0,0.0,0.0,0.0,0.0,37.24460937525146,0.0,0.0,0.0,0.0,0.0
2040-03-21 12:00:00,0.0,0.0,0.0,0.0,0.0,38.344718750217,0.0,0.0,0.0,0.0,0.0
2040-03-21 13:00:00,0.0,0.0,0.0,0.0,0.0,37.667453125235625,0.0,0.0,0.0,0.0,0.0
2040-03-21 14:00:00,0.0,0.0,0.0,0.0,0.0,36.53578125021886,0.0,0.0,0.0,0.0,0.0
2040-03-21 15:00:00,0.0,0.0,0.0,0.0,0.0,36.610109375207685,0.0,0.0,0.0,0.0,0.0
2040-03-21 16:00:00,0.0,0.0,0.0,0.0,0.0,36.425171875278465,0.0,0.0,0.0,0.0,0.0
2040-03-21 17:00:00,0.0,0.0,0.0,0.0,0.0,36.12675000028685,0.0,0.0,0.0,0.0,0.0
2040-03-21 18:00:00,0.0,0.0,0.0,0.0,0.0,35.36095312528778,0.0,0.0,0.0,0.0,0.0
2040-03-21 19:00:00,0.0,0.0,0.0,0.0,0.0,35.03590625023935,0.0,0.0,0.0,0.0,0.0
2040-03-21 20:00:00,0.0,0.0,0.0,0.0,0.0,37.77717187523376,0.0,0.0,0.0,0.0,0.0
2040-03-21 21:00:00,0.0,0.0,0.0,0.0,0.0,38.64168750029057,0.0,0.0,0.0,0.0,0.0
2040-03-21 22:00:00,0.0,0.0,0.0,0.0,0.0,36.17567187524401,0.0,0.0,0.0,0.0,0.0
2040-03-21 23:00:00,0.0,0.0,0.0,0.0,0.0,33.00921875028871,0.0,0.0,0.0,0.0,0.0
2040-03-22 00:00:00,0.0,0.0,0.0,0.0,0.0,27.81668750022273,0.0,0.0,0.0,0.0,0.0
2040-03-22 01:00:00,0.0,0.0,0.0,0.0,0.0,25.293562500271946,0.0,0.0,0.0,0.0,0.0
2040-03-22 02:00:00,0.0,0.0,0.0,0.0,0.0,23.023015625192784,0.0,0.0,0.0,0.0,0.0
2040-03-22 03:00:00,0.0,0.0,0.0,0.0,0.0,21.911671875282458,0.0,0.0,0.0,0.0,0.0
2040-03-22 04:00:00,0.0,0.0,0.0,0.0,0.0,21.835906250285916,0.0,0.0,0.0,0.0,0.0
2040-03-22 05:00:00,0.0,0.0,0.0,0.0,0.0,21.94065625022631,0.0,0.0,0.0,0.0,0.0
2040-03-22 06:00:00,0.0,0.0,0.0,0.0,0.0,24.521500000264496,0.0,0.0,0.0,0.0,0.0
2040-03-22 07:00:00,0.0,0.0,0.0,0.0,0.0,29.425765625201166,0.0,0.0,0.0,0.0,0.0
2040-03-22 08:00:00,0.0,0.0,0.0,0.0,0.0,30.581968750222586,0.0,0.0,0.0,0.0,0.0
2040-03-22 09:00:00,0.0,0.0,0.0,0.0,0.0,36.13228125020396,0.0,0.0,0.0,0.0,0.0
2040-03-22 10:00:00,0.0,0.0,0.0,0.0,0.0,38.10639062523842,0.0,0.0,0.0,0.0,0.0
2040-03-22 11:00:00,0.0,0.0,0.0,0.0,0.0,39.11439062526915,0.0,0.0,0.0,0.0,0.0
2040-03-22 12:00:00,0.0,0.0,0.0,0.0,0.0,39.08090625028126,0.0,0.0,0.0,0.0,0.0
2040-03-22 13:00:00,0.0,0.0,0.0,0.0,0.0,38.60450000024866,0.0,0.0,0.0,0.0,0.0
2040-03-22 14:00:00,0.0,0.0,0.0,0.0,0.0,37.99571875028778,0.0,0.0,0.0,0.0,0.0
2040-03-22 15:00:00,0.0,0.0,0.0,0.0,0.0,38.217984375194646,0.0,0.0,0.0,0.0,0.0
2040-03-22 16:00:00,0.0,0.0,0.0,0.0,0.0,37.96028125018347,0.0,0.0,0.0,0.0,0.0
2040-03-22 17:00:00,0.0,0.0,0.0,0.0,0.0,37.16773437522352,0.0,0.0,0.0,0.0,0.0
2040-03-22 18:00:00,0.0,0.0,0.0,0.0,0.0,36.29264062526636,0.0,0.0,0.0,0.0,0.0
2040-03-22 19:00:00,0.0,0.0,0.0,0.0,0.0,36.5934843752766,0.0,0.0,0.0,0.0,0.0
2040-03-22 20:00:00,0.0,0.0,0.0,0.0,0.0,39.07178125018254,0.0,0.0,0.0,0.0,0.0
2040-03-22 21:00:00,0.0,0.0,0.0,0.0,0.0,38.7732500002021,0.0,0.0,0.0,0.0,0.0
2040-03-22 22:00:00,0.0,0.0,0.0,0.0,0.0,36.7145781252766,0.0,0.0,0.0,0.0,0.0
2040-03-22 23:00:00,0.0,0.0,0.0,0.0,0.0,34.75984375027474,0.0,0.0,0.0,0.0,0.0
2040-03-23 00:00:00,0.0,0.0,0.0,0.0,0.0,31.319406250258908,0.0,0.0,0.0,0.0,0.0
2040-03-23 01:00:00,0.0,0.0,0.0,0.0,0.0,27.241375000216067,0.0,0.0,0.0,0.0,0.0
2040-03-23 02:00:00,0.0,0.0,0.0,0.0,0.0,24.63729687524028,0.0,0.0,0.0,0.0,0.0
2040-03-23 03:00:00,0.0,0.0,0.0,0.0,0.0,23.581390625215136,0.0,0.0,0.0,0.0,0.0
2040-03-23 04:00:00,0.0,0.0,0.0,0.0,0.0,22.75768750021234,0.0,0.0,0.0,0.0,0.0
2040-03-23 05:00:00,0.0,0.0,0.0,0.0,0.0,22.373015625285916,0.0,0.0,0.0,0.0,0.0
2040-03-23 06:00:00,0.0,0.0,0.0,0.0,0.0,22.527625000220723,0.0,0.0,0.0,0.0,0.0
2040-03-23 07:00:00,0.0,0.0,0.0,0.0,0.0,23.721171875251457,0.0,0.0,0.0,0.0,0.0
2040-03-23 08:00:00,0.0,0.0,0.0,0.0,0.0,23.99564062524587,0.0,0.0,0.0,0.0,0.0
2040-03-23 09:00:00,0.0,0.0,0.0,0.0,0.0,29.137656250270084,0.0,0.0,0.0,0.0,0.0
2040-03-23 10:00:00,0.0,0.0,0.0,0.0,0.0,33.27756250021048,0.0,0.0,0.0,0.0,0.0
2040-03-23 11:00:00,0.0,0.0,0.0,0.0,0.0,35.287750000250526,0.0,0.0,0.0,0.0,0.0
2040-03-23 12:00:00,0.0,0.0,0.0,0.0,0.0,36.046937500243075,0.0,0.0,0.0,0.0,0.0
2040-03-23 13:00:00,0.0,0.0,0.0,0.0,0.0,36.31293750018813,0.0,0.0,0.0,0.0,0.0
2040-03-23 14:00:00,0.0,0.0,0.0,0.0,0.0,35.60284375026822,0.0,0.0,0.0,0.0,0.0
2040-03-23 15:00:00,0.0,0.0,0.0,0.0,0.0,34.912250000284985,0.0,0.0,0.0,0.0,0.0
2040-03-23 16:00:00,0.0,0.0,0.0,0.0,0.0,34.00940625020303,0.0,0.0,0.0,0.0,0.0
2040-03-23 17:00:00,0.0,0.0,0.0,0.0,0.0,33.63556250021793,0.0,0.0,0.0,0.0,0.0
2040-03-23 18:00:00,0.0,0.0,0.0,0.0,0.0,33.83481250028126,0.0,0.0,0.0,0.0,0.0
2040-03-23 19:00:00,0.0,0.0,0.0,0.0,0.0,34.49853125028312,0.0,0.0,0.0,0.0,0.0
2040-03-23 20:00:00,0.0,0.0,0.0,0.0,0.0,37.851625000243075,0.0,0.0,0.0,0.0,0.0
2040-03-23 21:00:00,0.0,0.0,0.0,0.0,0.0,38.064468750264496,0.0,0.0,0.0,0.0,0.0
2040-03-23 22:00:00,0.0,0.0,0.0,0.0,0.0,36.313062500208616,0.0,0.0,0.0,0.0,0.0
2040-03-23 23:00:00,0.0,0.0,0.0,0.0,0.0,33.87921875028405,0.0,0.0,0.0,0.0,0.0
2040-03-24 00:00:00,0.0,0.0,0.0,0.0,0.0,30.236125000286847,0.0,0.0,0.0,0.0,0.0
2040-03-24 01:00:00,0.0,0.0,0.0,0.0,0.0,27.17315625026822,0.0,0.0,0.0,0.0,0.0
2040-03-24 02:00:00,0.0,0.0,0.0,0.0,0.0,25.238687500241213,0.0,0.0,0.0,0.0,0.0
2040-03-24 03:00:00,0.0,0.0,0.0,0.0,0.0,23.92578125,0.0,0.0,0.0,0.0,0.0
2040-03-24 04:00:00,0.0,0.0,0.0,0.0,0.0,22.87034375022631,0.0,0.0,0.0,0.0,0.0
2040-03-24 05:00:00,0.0,0.0,0.0,0.0,0.0,22.262156250188127,0.0,0.0,0.0,0.0,0.0
2040-03-24 06:00:00,0.0,0.0,0.0,0.0,0.0,21.714687500265427,0.0,0.0,0.0,0.0,0.0
2040-03-24 07:00:00,0.0,0.0,0.0,0.0,0.0,21.575125000206754,0.0,0.0,0.0,0.0,0.0
2040-03-24 08:00:00,0.0,0.0,0.0,0.0,0.0,21.075875000213273,0.0,0.0,0.0,0.0,0.0
2040-03-24 09:00:00,0.0,0.0,0.0,0.0,0.0,23.728750000242144,0.0,0.0,0.0,0.0,0.0
2040-03-24 10:00:00,0.0,0.0,0.0,0.0,0.0,26.167375000195,0.0,0.0,0.0,0.0,0.0
2040-03-24 11:00:00,0.0,0.0,0.0,0.0,0.0,28.001656250213273,0.0,0.0,0.0,0.0,0.0
2040-03-24 12:00:00,0.0,0.0,0.0,0.0,0.0,29.716562500223517,0.0,0.0,0.0,0.0,0.0
2040-03-24 13:00:00,0.0,0.0,0.0,0.0,0.0,31.031406250200234,0.0,0.0,0.0,0.0,0.0
2040-03-24 14:00:00,0.0,0.0,0.0,0.0,0.0,31.396593750221655,0.0,0.0,0.0,0.0,0.0
2040-03-24 15:00:00,0.0,0.0,0.0,0.0,0.0,30.50515625020489,0.0,0.0,0.0,0.0,0.0
2040-03-24 16:00:00,0.0,0.0,0.0,0.0,0.0,30.28643750026822,0.0,0.0,0.0,0.0,0.0
2040-03-24 17:00:00,0.0,0.0,0.0,0.0,0.0,30.22287500021048,0.0,0.0,0.0,0.0,0.0
2040-03-24 18:00:00,0.0,0.0,0.0,0.0,0.0,30.643312500207685,0.0,0.0,0.0,0.0,0.0
2040-03-24 19:00:00,0.0,0.0,0.0,0.0,0.0,31.98578125028871,0.0,0.0,0.0,0.0,0.0
2040-03-24 20:00:00,0.0,0.0,0.0,0.0,0.0,36.29590625024866,0.0,0.0,0.0,0.0,0.0
2040-03-24 21:00:00,0.0,0.0,0.0,0.0,0.0,37.185156250256114,0.0,0.0,0.0,0.0,0.0
2040-03-24 22:00:00,0.0,0.0,0.0,0.0,0.0,34.99081250024028,0.0,0.0,0.0,0.0,0.0
2040-03-24 23:00:00,0.0,0.0,0.0,0.0,0.0,31.795906250248663,0.0,0.0,0.0,0.0,0.0
2040-03-25 00:00:00,0.0,0.0,0.0,0.0,0.0,28.318375000264496,0.0,0.0,0.0,0.0,0.0
2040-03-25 01:00:00,0.0,0.0,0.0,0.0,0.0,25.314937500283122,0.0,0.0,0.0,0.0,0.0
2040-03-25 02:00:00,0.0,0.0,0.0,0.0,0.0,22.95828125020489,0.0,0.0,0.0,0.0,0.0
2040-03-25 03:00:00,0.0,0.0,0.0,0.0,0.0,21.516937500215136,0.0,0.0,0.0,0.0,0.0
2040-03-25 04:00:00,0.0,0.0,0.0,0.0,0.0,21.007468750234693,0.0,0.0,0.0,0.0,0.0
2040-03-25 05:00:00,0.0,0.0,0.0,0.0,0.0,21.241218750248663,0.0,0.0,0.0,0.0,0.0
2040-03-25 06:00:00,0.0,0.0,0.0,0.0,0.0,24.586500000208616,0.0,0.0,0.0,0.0,0.0
2040-03-25 07:00:00,0.0,0.0,0.0,0.0,0.0,30.164000000222586,0.0,0.0,0.0,0.0,0.0
2040-03-25 08:00:00,0.0,0.0,0.0,0.0,0.0,32.15540625026915,0.0,0.0,0.0,0.0,0.0
2040-03-25 09:00:00,0.0,0.0,0.0,0.0,0.0,34.71921875025146,0.0,0.0,0.0,0.0,0.0
2040-03-25 10:00:00,0.0,0.0,0.0,0.0,0.0,37.36200000019744,0.0,0.0,0.0,0.0,0.0
2040-03-25 11:00:00,0.0,0.0,0.0,0.0,0.0,39.36306250025518,0.0,0.0,0.0,0.0,0.0
2040-03-25 12:00:00,0.0,0.0,0.0,0.0,0.0,39.666000000201166,0.0,0.0,0.0,0.0,0.0
2040-03-25 13:00:00,0.0,0.0,0.0,0.0,0.0,40.43443750019651,0.0,0.0,0.0,0.0,0.0
2040-03-25 14:00:00,0.0,0.0,0.0,0.0,0.0,39.56228125025518,0.0,0.0,0.0,0.0,0.0
2040-03-25 15:00:00,0.0,0.0,0.0,0.0,0.0,39.1310312502319,0.0,0.0,0.0,0.0,0.0
2040-03-25 16:00:00,0.0,0.0,0.0,0.0,0.0,38.88871875021141,0.0,0.0,0.0,0.0,0.0
2040-03-25 17:00:00,0.0,0.0,0.0,0.0,0.0,37.86193750018518,0.0,0.0,0.0,0.0,0.0
2040-03-25 18:00:00,0.0,0.0,0.0,0.0,0.0,36.321000000229105,0.0,0.0,0.0,0.0,0.0
2040-03-25 19:00:00,0.0,0.0,0.0,0.0,0.0,37.11696875025518,0.0,0.0,0.0,0.0,0.0
2040-03-25 20:00:00,0.0,0.0,0.0,0.0,0.0,40.99509375018533,0.0,0.0,0.0,0.0,0.0
2040-03-25 21:00:00,0.0,0.0,0.0,0.0,0.0,39.267812500242144,0.0,0.0,0.0,0.0,0.0
2040-03-25 22:00:00,0.0,0.0,0.0,0.0,0.0,36.52565625018906,0.0,0.0,0.0,0.0,0.0
2040-03-25 23:00:00,0.0,0.0,0.0,0.0,0.0,32.79912500025239,0.0,0.0,0.0,0.0,0.0
2040-03-26 00:00:00,0.0,0.0,0.0,0.0,0.0,27.725093750283122,0.0,0.0,0.0,0.0,0.0
2040-03-26 01:00:00,0.0,0.0,0.0,0.0,0.0,24.982625000178814,0.0,0.0,0.0,0.0,0.0
2040-03-26 02:00:00,0.0,0.0,0.0,0.0,0.0,22.852781250257976,0.0,0.0,0.0,0.0,0.0
2040-03-26 03:00:00,0.0,0.0,0.0,0.0,0.0,21.54184375028126,0.0,0.0,0.0,0.0,0.0
2040-03-26 04:00:00,0.0,0.0,0.0,0.0,0.0,21.72718750021886,0.0,0.0,0.0,0.0,0.0
2040-03-26 05:00:00,0.0,0.0,0.0,0.0,0.0,21.774750000215136,0.0,0.0,0.0,0.0,0.0
2040-03-26 06:00:00,0.0,0.0,0.0,0.0,0.0,24.043562500271946,0.0,0.0,0.0,0.0,0.0
2040-03-26 07:00:00,0.0,0.0,0.0,0.0,0.0,29.626968750264496,0.0,0.0,0.0,0.0,0.0
2040-03-26 08:00:00,0.0,0.0,0.0,0.0,0.0,31.642593750264496,0.0,0.0,0.0,0.0,0.0
2040-03-26 09:00:00,0.0,0.0,0.0,0.0,0.0,35.62171875021886,0.0,0.0,0.0,0.0,0.0
2040-03-26 10:00:00,0.0,0.0,0.0,0.0,0.0,37.82462500024121,0.0,0.0,0.0,0.0,0.0
2040-03-26 11:00:00,0.0,0.0,0.0,0.0,0.0,38.78856250026729,0.0,0.0,0.0,0.0,0.0
2040-03-26 12:00:00,0.0,0.0,0.0,0.0,0.0,37.80778125021607,0.0,0.0,0.0,0.0,0.0
2040-03-26 13:00:00,0.0,0.0,0.0,0.0,0.0,37.29584375023842,0.0,0.0,0.0,0.0,0.0
2040-03-26 14:00:00,0.0,0.0,0.0,0.0,0.0,35.90871875023004,0.0,0.0,0.0,0.0,0.0
2040-03-26 15:00:00,0.0,0.0,0.0,0.0,0.0,36.306875000242144,0.0,0.0,0.0,0.0,0.0
2040-03-26 16:00:00,0.0,0.0,0.0,0.0,0.0,36.188812500215136,0.0,0.0,0.0,0.0,0.0
2040-03-26 17:00:00,0.0,0.0,0.0,0.0,0.0,35.90981250023469,0.0,0.0,0.0,0.0,0.0
2040-03-26 18:00:00,0.0,0.0,0.0,0.0,0.0,34.96865625027567,0.0,0.0,0.0,0.0,0.0
2040-03-26 19:00:00,0.0,0.0,0.0,0.0,0.0,35.71434375026729,0.0,0.0,0.0,0.0,0.0
2040-03-26 20:00:00,0.0,0.0,0.0,0.0,0.0,38.80228125024587,0.0,0.0,0.0,0.0,0.0
2040-03-26 21:00:00,0.0,0.0,0.0,0.0,0.0,38.464375000214204,0.0,0.0,0.0,0.0,0.0
2040-03-26 22:00:00,0.0,0.0,0.0,0.0,0.0,35.8225937501993,0.0,0.0,0.0,0.0,0.0
2040-03-26 23:00:00,0.0,0.0,0.0,0.0,0.0,32.430781250237814,0.0,0.0,0.0,0.0,0.0
2040-03-27 00:00:00,0.0,0.0,0.0,0.0,0.0,27.239468750194646,0.0,0.0,0.0,0.0,0.0
2040-03-27 01:00:00,0.0,0.0,0.0,0.0,0.0,23.848968750215136,0.0,0.0,0.0,0.0,0.0
2040-03-27 02:00:00,0.0,0.0,0.0,0.0,0.0,21.808625000179745,0.0,0.0,0.0,0.0,0.0
2040-03-27 03:00:00,0.0,0.0,0.0,0.0,0.0,20.619781250250526,0.0,0.0,0.0,0.0,0.0
2040-03-27 04:00:00,0.0,0.0,0.0,0.0,0.0,20.749312500236556,0.0,0.0,0.0,0.0,0.0
2040-03-27 05:00:00,0.0,0.0,0.0,0.0,0.0,21.02140625019092,0.0,0.0,0.0,0.0,0.0
2040-03-27 06:00:00,0.0,0.0,0.0,0.0,0.0,23.31568750028964,0.0,0.0,0.0,0.0,0.0
2040-03-27 07:00:00,0.0,0.0,0.0,0.0,0.0,28.738437500200234,0.0,0.0,0.0,0.0,0.0
2040-03-27 08:00:00,0.0,0.0,0.0,0.0,0.0,31.21243750024587,0.0,0.0,0.0,0.0,0.0
2040-03-27 09:00:00,0.0,0.0,0.0,0.0,0.0,34.18596875027288,0.0,0.0,0.0,0.0,0.0
2040-03-27 10:00:00,0.0,0.0,0.0,0.0,0.0,36.085968750179745,0.0,0.0,0.0,0.0,0.0
2040-03-27 11:00:00,0.0,0.0,0.0,0.0,0.0,36.7559687502217,0.0,0.0,0.0,0.0,0.0
2040-03-27 12:00:00,0.0,0.0,0.0,0.0,0.0,36.94881250022445,0.0,0.0,0.0,0.0,0.0
2040-03-27 13:00:00,0.0,0.0,0.0,0.0,0.0,36.54637500026729,0.0,0.0,0.0,0.0,0.0
2040-03-27 14:00:00,0.0,0.0,0.0,0.0,0.0,36.08971875021234,0.0,0.0,0.0,0.0,0.0
2040-03-27 15:00:00,0.0,0.0,0.0,0.0,0.0,37.345218750186845,0.0,0.0,0.0,0.0,0.0
2040-03-27 16:00:00,0.0,0.0,0.0,0.0,0.0,38.30690625018906,0.0,0.0,0.0,0.0,0.0
2040-03-27 17:00:00,0.0,0.0,0.0,0.0,0.0,38.49128125025891,0.0,0.0,0.0,0.0,0.0
2040-03-27 18:00:00,0.0,0.0,0.0,0.0,0.0,37.613343750243075,0.0,0.0,0.0,0.0,0.0
2040-03-27 19:00:00,0.0,0.0,0.0,0.0,0.0,37.966281250235625,0.0,0.0,0.0,0.0,0.0
2040-03-27 20:00:00,0.0,0.0,0.0,0.0,0.0,39.15134375018533,0.0,0.0,0.0,0.0,0.0
2040-03-27 21:00:00,0.0,0.0,0.0,0.0,0.0,38.201281250221655,0.0,0.0,0.0,0.0,0.0
2040-03-27 22:00:00,0.0,0.0,0.0,0.0,0.0,36.094674896974425,0.0,0.0,0.0,0.0,0.0
2040-03-27 23:00:00,0.0,0.0,0.0,0.0,0.0,33.08303125028033,0.0,0.0,0.0,0.0,0.0
2040-03-28 00:00:00,0.0,0.0,0.0,0.0,0.0,29.37043750018347,0.0,0.0,0.0,0.0,0.0
2040-03-28 01:00:00,0.0,0.0,0.0,0.0,0.0,26.037531250272878,0.0,0.0,0.0,0.0,0.0
2040-03-28 02:00:00,0.0,0.0,0.0,0.0,0.0,23.64462500018999,0.0,0.0,0.0,0.0,0.0
2040-03-28 03:00:00,0.0,0.0,0.0,0.0,0.0,22.980218750191852,0.0,0.0,0.0,0.0,0.0
2040-03-28 04:00:00,0.0,0.0,0.0,0.0,0.0,21.911375000257976,0.0,0.0,0.0,0.0,0.0
2040-03-28 05:00:00,0.0,0.0,0.0,0.0,0.0,22.072687500272878,0.0,0.0,0.0,0.0,0.0
2040-03-28 06:00:00,0.0,0.0,0.0,0.0,0.0,24.26131250022445,0.0,0.0,0.0,0.0,0.0
2040-03-28 07:00:00,0.0,0.0,0.0,0.0,0.0,29.178843750269152,0.0,0.0,0.0,0.0,0.0
2040-03-28 08:00:00,0.0,0.0,0.0,0.0,0.0,31.452375000228095,0.0,0.0,0.0,0.0,0.0
2040-03-28 09:00:00,0.0,0.0,0.0,0.0,0.0,35.65725000028033,0.0,0.0,0.0,0.0,0.0
2040-03-28 10:00:00,0.0,0.0,0.0,0.0,0.0,37.72568750020582,0.0,0.0,0.0,0.0,0.0
2040-03-28 11:00:00,0.0,0.0,0.0,0.0,0.0,38.23175000026822,0.0,0.0,0.0,0.0,0.0
2040-03-28 12:00:00,0.0,0.0,0.0,0.0,0.0,38.067187500186265,0.0,0.0,0.0,0.0,0.0
2040-03-28 13:00:00,0.0,0.0,0.0,0.0,0.0,37.71750000026077,0.0,0.0,0.0,0.0,0.0
2040-03-28 14:00:00,0.0,0.0,0.0,0.0,0.0,36.92437500017695,0.0,0.0,0.0,0.0,0.0
2040-03-28 15:00:00,0.0,0.0,0.0,0.0,0.0,36.56568750028964,0.0,0.0,0.0,0.0,0.0
2040-03-28 16:00:00,0.0,0.0,0.0,0.0,0.0,35.970812500221655,0.0,0.0,0.0,0.0,0.0
2040-03-28 17:00:00,0.0,0.0,0.0,0.0,0.0,34.98618750018068,0.0,0.0,0.0,0.0,0.0
2040-03-28 18:00:00,0.0,0.0,0.0,0.0,0.0,34.54000000027008,0.0,0.0,0.0,0.0,0.0
2040-03-28 19:00:00,0.0,0.0,0.0,0.0,0.0,34.87681250018068,0.0,0.0,0.0,0.0,0.0
2040-03-28 20:00:00,0.0,0.0,0.0,0.0,0.0,37.832812500186265,0.0,0.0,0.0,0.0,0.0
2040-03-28 21:00:00,0.0,0.0,0.0,0.0,0.0,37.57218750019092,0.0,0.0,0.0,0.0,0.0
2040-03-28 22:00:00,0.0,0.0,0.0,0.0,0.0,35.70637500018347,0.0,0.0,0.0,0.0,0.0
2040-03-28 23:00:00,0.0,0.0,0.0,0.0,0.0,33.186812500236556,0.0,0.0,0.0,0.0,0.0
2040-03-29 00:00:00,0.0,0.0,0.0,0.0,0.0,28.565437500248663,0.0,0.0,0.0,0.0,0.0
2040-03-29 01:00:00,0.0,0.0,0.0,0.0,0.0,25.98187500028871,0.0,0.0,0.0,0.0,0.0
2040-03-29 02:00:00,0.0,0.0,0.0,0.0,0.0,23.734937500208616,0.0,0.0,0.0,0.0,0.0
2040-03-29 03:00:00,0.0,0.0,0.0,0.0,0.0,22.201000000233762,0.0,0.0,0.0,0.0,0.0
2040-03-29 04:00:00,0.0,0.0,0.0,0.0,0.0,21.41162500018254,0.0,0.0,0.0,0.0,0.0
2040-03-29 05:00:00,0.0,0.0,0.0,0.0,0.0,21.120000000228174,0.0,0.0,0.0,0.0,0.0
2040-03-29 06:00:00,0.0,0.0,0.0,0.0,0.0,21.26193750021048,0.0,0.0,0.0,0.0,0.0
2040-03-29 07:00:00,0.0,0.0,0.0,0.0,0.0,22.30418750026729,0.0,0.0,0.0,0.0,0.0
2040-03-29 08:00:00,0.0,0.0,0.0,0.0,0.0,22.233937500277534,0.0,0.0,0.0,0.0,0.0
2040-03-29 09:00:00,0.0,0.0,0.0,0.0,0.0,24.022928711143322,0.0,0.0,0.0,0.0,0.0
2040-03-29 10:00:00,0.0,0.0,0.0,0.0,0.0,26.683349609375,0.0,0.0,0.0,0.0,0.0
2040-03-29 11:00:00,0.0,0.0,0.0,0.0,0.0,29.433513183845207,0.0,0.0,0.0,0.0,0.0
2040-03-29 12:00:00,0.0,0.0,0.0,0.0,0.0,30.881979980738834,0.0,0.0,0.0,0.0,0.0
2040-03-29 13:00:00,0.0,0.0,0.0,0.0,0.0,32.02317089866847,0.0,0.0,0.0,0.0,0.0
2040-03-29 14:00:00,0.0,0.0,0.0,0.0,0.0,31.634807617403567,0.0,0.0,0.0,0.0,0.0
2040-03-29 15:00:00,0.0,0.0,0.0,0.0,0.0,30.541465820511803,0.0,0.0,0.0,0.0,0.0
2040-03-29 16:00:00,0.0,0.0,0.0,0.0,0.0,29.797364258090965,0.0,0.0,0.0,0.0,0.0
2040-03-29 17:00:00,0.0,0.0,0.0,0.0,0.0,29.32600976584945,0.0,0.0,0.0,0.0,0.0
2040-03-29 18:00:00,0.0,0.0,0.0,0.0,0.0,29.584998047095723,0.0,0.0,0.0,0.0,0.0
2040-03-29 19:00:00,0.0,0.0,0.0,0.0,0.0,30.623779296875,0.0,0.0,0.0,0.0,0.0
2040-03-29 20:00:00,0.0,0.0,0.0,0.0,0.0,34.20040625019284,0.0,0.0,0.0,0.0,0.0
2040-03-29 21:00:00,0.0,0.0,0.0,0.0,0.0,34.122560547082685,0.0,0.0,0.0,0.0,0.0
2040-03-29 22:00:00,0.0,0.0,0.0,0.0,0.0,32.57642773457337,0.0,0.0,0.0,0.0,0.0
2040-03-29 23:00:00,0.0,0.0,0.0,0.0,0.0,30.67627343768254,0.0,0.0,0.0,0.0,0.0
2040-03-30 00:00:00,0.0,0.0,0.0,0.0,0.0,28.4298593752319,0.0,0.0,0.0,0.0,0.0
2040-03-30 01:00:00,0.0,0.0,0.0,0.0,0.0,25.85303906269837,0.0,0.0,0.0,0.0,0.0
2040-03-30 02:00:00,0.0,0.0,0.0,0.0,0.0,23.534890625276603,0.0,0.0,0.0,0.0,0.0
2040-03-30 03:00:00,0.0,0.0,0.0,0.0,0.0,22.060566406464204,0.0,0.0,0.0,0.0,0.0
2040-03-30 04:00:00,0.0,0.0,0.0,0.0,0.0,21.10242187522972,0.0,0.0,0.0,0.0,0.0
2040-03-30 05:00:00,0.0,0.0,0.0,0.0,0.0,20.67071484401822,0.0,0.0,0.0,0.0,0.0
2040-03-30 06:00:00,0.0,0.0,0.0,0.0,0.0,20.554582031443715,0.0,0.0,0.0,0.0,0.0
2040-03-30 07:00:00,0.0,0.0,0.0,0.0,0.0,21.2516367189819,0.0,0.0,0.0,0.0,0.0
2040-03-30 08:00:00,0.0,0.0,0.0,0.0,0.0,21.51223046903071,0.0,0.0,0.0,0.0,0.0
2040-03-30 09:00:00,0.0,0.0,0.0,0.0,0.0,23.85916015645489,0.0,0.0,0.0,0.0,0.0
2040-03-30 10:00:00,0.0,0.0,0.0,0.0,0.0,27.10259765642695,0.0,0.0,0.0,0.0,0.0
2040-03-30 11:00:00,0.0,0.0,0.0,0.0,0.0,29.437800781452097,0.0,0.0,0.0,0.0,0.0
2040-03-30 12:00:00,0.0,0.0,0.0,0.0,0.0,30.371339843957685,0.0,0.0,0.0,0.0,0.0
2040-03-30 13:00:00,0.0,0.0,0.0,0.0,0.0,31.482621093979105,0.0,0.0,0.0,0.0,0.0
2040-03-30 14:00:00,0.0,0.0,0.0,0.0,0.0,31.17289843771141,0.0,0.0,0.0,0.0,0.0
2040-03-30 15:00:00,0.0,0.0,0.0,0.0,0.0,30.6426210940117,0.0,0.0,0.0,0.0,0.0
2040-03-30 16:00:00,0.0,0.0,0.0,0.0,0.0,31.699812500271946,0.0,0.0,0.0,0.0,0.0
2040-03-30 17:00:00,0.0,0.0,0.0,0.0,0.0,32.01619531272445,0.0,0.0,0.0,0.0,0.0
2040-03-30 18:00:00,0.0,0.0,0.0,0.0,0.0,32.496335937757976,0.0,0.0,0.0,0.0,0.0
2040-03-30 19:00:00,0.0,0.0,0.0,0.0,0.0,33.81702343770303,0.0,0.0,0.0,0.0,0.0
2040-03-30 20:00:00,0.0,0.0,0.0,0.0,0.0,36.662445312715136,0.0,0.0,0.0,0.0,0.0
2040-03-30 21:00:00,0.0,0.0,0.0,0.0,0.0,36.33916406275239,0.0,0.0,0.0,0.0,0.0
2040-03-30 22:00:00,0.0,0.0,0.0,0.0,0.0,34.51157812518068,0.0,0.0,0.0,0.0,0.0
2040-03-30 23:00:00,0.0,0.0,0.0,0.0,0.0,32.83916406275239,0.0,0.0,0.0,0.0,0.0
2040-03-31 00:00:00,0.0,0.0,0.0,0.0,0.0,28.90983593778219,0.0,0.0,0.0,0.0,0.0
2040-03-31 01:00:00,0.0,0.0,0.0,0.0,0.0,25.586898437701166,0.0,0.0,0.0,0.0,0.0
2040-03-31 02:00:00,0.0,0.0,0.0,0.0,0.0,23.470132812741213,0.0,0.0,0.0,0.0,0.0
2040-03-31 03:00:00,0.0,0.0,0.0,0.0,0.0,21.87685156275984,0.0,0.0,0.0,0.0,0.0
2040-03-31 04:00:00,0.0,0.0,0.0,0.0,0.0,20.995710937771946,0.0,0.0,0.0,0.0,0.0
2040-03-31 05:00:00,0.0,0.0,0.0,0.0,0.0,20.546234375215136,0.0,0.0,0.0,0.0,0.0
2040-03-31 06:00:00,0.0,0.0,0.0,0.0,0.0,20.36771093774587,0.0,0.0,0.0,0.0,0.0
2040-03-31 07:00:00,0.0,0.0,0.0,0.0,0.0,20.80068750027567,0.0,0.0,0.0,0.0,0.0
2040-03-31 08:00:00,0.0,0.0,0.0,0.0,0.0,21.089328125235625,0.0,0.0,0.0,0.0,0.0
2040-03-31 09:00:00,0.0,0.0,0.0,0.0,0.0,22.287210937706153,0.0,0.0,0.0,0.0,0.0
2040-03-31 10:00:00,0.0,0.0,0.0,0.0,0.0,25.219109375262633,0.0,0.0,0.0,0.0,0.0
2040-03-31 11:00:00,0.0,0.0,0.0,0.0,0.0,27.79274218773935,0.0,0.0,0.0,0.0,0.0
2040-03-31 12:00:00,0.0,0.0,0.0,0.0,0.0,29.52627343777567,0.0,0.0,0.0,0.0,0.0
2040-03-31 13:00:00,0.0,0.0,0.0,0.0,0.0,31.022578125237487,0.0,0.0,0.0,0.0,0.0
2040-03-31 14:00:00,0.0,0.0,0.0,0.0,0.0,31.26783593778964,0.0,0.0,0.0,0.0,0.0
2040-03-31 15:00:00,0.0,0.0,0.0,0.0,0.0,30.120250000269152,0.0,0.0,0.0,0.0,0.0
2040-03-31 16:00:00,0.0,0.0,0.0,0.0,0.0,29.286812500213273,0.0,0.0,0.0,0.0,0.0
2040-03-31 17:00:00,0.0,0.0,0.0,0.0,0.0,29.315445312764496,0.0,0.0,0.0,0.0,0.0
2040-03-31 18:00:00,0.0,0.0,0.0,0.0,0.0,29.90266406268347,0.0,0.0,0.0,0.0,0.0
2040-03-31 19:00:00,0.0,0.0,0.0,0.0,0.0,32.00582031277008,0.0,0.0,0.0,0.0,0.0
2040-03-31 20:00:00,0.0,0.0,0.0,0.0,0.0,37.54336718772538,0.0,0.0,0.0,0.0,0.0
2040-03-31 21:00:00,0.0,0.0,0.0,0.0,0.0,37.31473437522072,0.0,0.0,0.0,0.0,0.0
2040-03-31 22:00:00,0.0,0.0,0.0,0.0,0.0,34.9161875002319,0.0,0.0,0.0,0.0,0.0
2040-03-31 23:00:00,0.0,0.0,0.0,0.0,0.0,31.4552500002319,0.0,0.0,0.0,0.0,0.0
2040-04-01 00:00:00,0.0,0.0,0.0,0.0,0.0,27.63664062519092,0.0,0.0,0.0,0.0,0.0
2040-04-01 01:00:00,0.0,0.0,0.0,0.0,0.0,24.28168750018219,0.0,0.0,0.0,0.0,0.0
2040-04-01 02:00:00,0.0,0.0,0.0,0.0,0.0,22.248781250205628,0.0,0.0,0.0,0.0,0.0
2040-04-01 03:00:00,0.0,0.0,0.0,0.0,0.0,21.308203125256114,0.0,0.0,0.0,0.0,0.0
2040-04-01 04:00:00,0.0,0.0,0.0,0.0,0.0,21.381203125230968,0.0,0.0,0.0,0.0,0.0
2040-04-01 05:00:00,0.0,0.0,0.0,0.0,0.0,21.090656250249594,0.0,0.0,0.0,0.0,0.0
2040-04-01 06:00:00,0.0,0.0,0.0,0.0,0.0,23.296687500201877,0.0,0.0,0.0,0.0,0.0
2040-04-01 07:00:00,0.0,0.0,0.0,0.0,0.0,29.201203125179745,0.0,0.0,0.0,0.0,0.0
2040-04-01 08:00:00,0.0,0.0,0.0,0.0,0.0,30.821968750213273,0.0,0.0,0.0,0.0,0.0
2040-04-01 09:00:00,0.0,0.0,0.0,0.0,0.0,33.563140625250526,0.0,0.0,0.0,0.0,0.0
2040-04-01 10:00:00,0.0,0.0,0.0,0.0,0.0,37.0978281252319,0.0,0.0,0.0,0.0,0.0
2040-04-01 11:00:00,0.0,0.0,0.0,0.0,0.0,38.562468750285916,0.0,0.0,0.0,0.0,0.0
2040-04-01 12:00:00,0.0,0.0,0.0,0.0,0.0,39.33168750023469,0.0,0.0,0.0,0.0,0.0
2040-04-01 13:00:00,0.0,0.0,0.0,0.0,0.0,38.75204687518999,0.0,0.0,0.0,0.0,0.0
2040-04-01 14:00:00,0.0,0.0,0.0,0.0,0.0,37.87232812528964,0.0,0.0,0.0,0.0,0.0
2040-04-01 15:00:00,0.0,0.0,0.0,0.0,0.0,37.75354687520303,0.0,0.0,0.0,0.0,0.0
2040-04-01 16:00:00,0.0,0.0,0.0,0.0,0.0,37.86203125026077,0.0,0.0,0.0,0.0,0.0
2040-04-01 17:00:00,0.0,0.0,0.0,0.0,0.0,37.57862500019837,0.0,0.0,0.0,0.0,0.0
2040-04-01 18:00:00,0.0,0.0,0.0,0.0,0.0,37.53748437517788,0.0,0.0,0.0,0.0,0.0
2040-04-01 19:00:00,0.0,0.0,0.0,0.0,0.0,39.09557812521234,0.0,0.0,0.0,0.0,0.0
2040-04-01 20:00:00,0.0,0.0,0.0,0.0,0.0,41.400421875179745,0.0,0.0,0.0,0.0,0.0
2040-04-01 21:00:00,0.0,0.0,0.0,0.0,0.0,40.774000000208616,0.0,0.0,0.0,0.0,0.0
2040-04-01 22:00:00,0.0,0.0,0.0,0.0,0.0,37.53745312523097,0.0,0.0,0.0,0.0,0.0
2040-04-01 23:00:00,0.0,0.0,0.0,0.0,0.0,34.29734375025146,0.0,0.0,0.0,0.0,0.0
2040-04-02 00:00:00,0.0,0.0,0.0,0.0,0.0,30.536515625193715,0.0,0.0,0.0,0.0,0.0
2040-04-02 01:00:00,0.0,0.0,0.0,0.0,0.0,26.85146875027567,0.0,0.0,0.0,0.0,0.0
2040-04-02 02:00:00,0.0,0.0,0.0,0.0,0.0,24.27920312527567,0.0,0.0,0.0,0.0,0.0
2040-04-02 03:00:00,0.0,0.0,0.0,0.0,0.0,23.97660937521141,0.0,0.0,0.0,0.0,0.0
2040-04-02 04:00:00,0.0,0.0,0.0,0.0,0.0,24.37978125025984,0.0,0.0,0.0,0.0,0.0
2040-04-02 05:00:00,0.0,0.0,0.0,0.0,0.0,24.39331250020692,0.0,0.0,0.0,0.0,0.0
2040-04-02 06:00:00,0.0,0.0,0.0,0.0,0.0,26.19345312518999,0.0,0.0,0.0,0.0,0.0
2040-04-02 07:00:00,0.0,0.0,0.0,0.0,0.0,31.094828125205822,0.0,0.0,0.0,0.0,0.0
2040-04-02 08:00:00,0.0,0.0,0.0,0.0,0.0,33.97503125027288,0.0,0.0,0.0,0.0,0.0
2040-04-02 09:00:00,0.0,0.0,0.0,0.0,0.0,35.13715625018813,0.0,0.0,0.0,0.0,0.0
2040-04-02 10:00:00,0.0,0.0,0.0,0.0,0.0,36.188234375207685,0.0,0.0,0.0,0.0,0.0
2040-04-02 11:00:00,0.0,0.0,0.0,0.0,0.0,38.16187500022352,0.0,0.0,0.0,0.0,0.0
2040-04-02 12:00:00,0.0,0.0,0.0,0.0,0.0,37.96115625021048,0.0,0.0,0.0,0.0,0.0
2040-04-02 13:00:00,0.0,0.0,0.0,0.0,0.0,37.24951562518254,0.0,0.0,0.0,0.0,0.0
2040-04-02 14:00:00,0.0,0.0,0.0,0.0,0.0,36.3005937502021,0.0,0.0,0.0,0.0,0.0
2040-04-02 15:00:00,0.0,0.0,0.0,0.0,0.0,36.13796875020489,0.0,0.0,0.0,0.0,0.0
2040-04-02 16:00:00,0.0,0.0,0.0,0.0,0.0,36.5993437502766,0.0,0.0,0.0,0.0,0.0
2040-04-02 17:00:00,0.0,0.0,0.0,0.0,0.0,37.358734375215136,0.0,0.0,0.0,0.0,0.0
2040-04-02 18:00:00,0.0,0.0,0.0,0.0,0.0,36.93878125026822,0.0,0.0,0.0,0.0,0.0
2040-04-02 19:00:00,0.0,0.0,0.0,0.0,0.0,37.90123437519651,0.0,0.0,0.0,0.0,0.0
2040-04-02 20:00:00,0.0,0.0,0.0,0.0,0.0,41.15532812522724,0.0,0.0,0.0,0.0,0.0
2040-04-02 21:00:00,0.0,0.0,0.0,0.0,0.0,40.728000000235625,0.0,0.0,0.0,0.0,0.0
2040-04-02 22:00:00,0.0,0.0,0.0,0.0,0.0,38.0220156252617,0.0,0.0,0.0,0.0,0.0
2040-04-02 23:00:00,0.0,0.0,0.0,0.0,0.0,34.5079843752319,0.0,0.0,0.0,0.0,0.0
2040-04-03 00:00:00,0.0,0.0,0.0,0.0,0.0,28.93346875021234,0.0,0.0,0.0,0.0,0.0
2040-04-03 01:00:00,0.0,0.0,0.0,0.0,0.0,24.22220312524587,0.0,0.0,0.0,0.0,0.0
2040-04-03 02:00:00,0.0,0.0,0.0,0.0,0.0,22.52565625018906,0.0,0.0,0.0,0.0,0.0
2040-04-03 03:00:00,0.0,0.0,0.0,0.0,0.0,21.56964062526822,0.0,0.0,0.0,0.0,0.0
2040-04-03 04:00:00,0.0,0.0,0.0,0.0,0.0,21.577328125247732,0.0,0.0,0.0,0.0,0.0
2040-04-03 05:00:00,0.0,0.0,0.0,0.0,0.0,21.658437500242307,0.0,0.0,0.0,0.0,0.0
2040-04-03 06:00:00,0.0,0.0,0.0,0.0,0.0,24.322546875220723,0.0,0.0,0.0,0.0,0.0
2040-04-03 07:00:00,0.0,0.0,0.0,0.0,0.0,31.65554687520489,0.0,0.0,0.0,0.0,0.0
2040-04-03 08:00:00,0.0,0.0,0.0,0.0,0.0,34.043031250243075,0.0,0.0,0.0,0.0,0.0
2040-04-03 09:00:00,0.0,0.0,0.0,0.0,0.0,36.46851562522352,0.0,0.0,0.0,0.0,0.0
2040-04-03 10:00:00,0.0,0.0,0.0,0.0,0.0,38.64312500017695,0.0,0.0,0.0,0.0,0.0
2040-04-03 11:00:00,0.0,0.0,0.0,0.0,0.0,40.344937500194646,0.0,0.0,0.0,0.0,0.0
2040-04-03 12:00:00,0.0,0.0,0.0,0.0,0.0,40.30165625025984,0.0,0.0,0.0,0.0,0.0
2040-04-03 13:00:00,0.0,0.0,0.0,0.0,0.0,39.72900000028312,0.0,0.0,0.0,0.0,0.0
2040-04-03 14:00:00,0.0,0.0,0.0,0.0,0.0,38.89537500019651,0.0,0.0,0.0,0.0,0.0
2040-04-03 15:00:00,0.0,0.0,0.0,0.0,0.0,39.69806250021793,0.0,0.0,0.0,0.0,0.0
2040-04-03 16:00:00,0.0,0.0,0.0,0.0,0.0,39.539843750186265,0.0,0.0,0.0,0.0,0.0
2040-04-03 17:00:00,0.0,0.0,0.0,0.0,0.0,39.749968750285916,0.0,0.0,0.0,0.0,0.0
2040-04-03 18:00:00,0.0,0.0,0.0,0.0,0.0,38.796812500222586,0.0,0.0,0.0,0.0,0.0
2040-04-03 19:00:00,0.0,0.0,0.0,0.0,0.0,38.71856250020219,0.0,0.0,0.0,0.0,0.0
2040-04-03 20:00:00,0.0,0.0,0.0,0.0,0.0,41.55890625028405,0.0,0.0,0.0,0.0,0.0
2040-04-03 21:00:00,0.0,0.0,0.0,0.0,0.0,40.13637500023469,0.0,0.0,0.0,0.0,0.0
2040-04-03 22:00:00,0.0,0.0,0.0,0.0,0.0,37.94278125022538,0.0,0.0,0.0,0.0,0.0
2040-04-03 23:00:00,0.0,0.0,0.0,0.0,0.0,35.353531250264496,0.0,0.0,0.0,0.0,0.0
2040-04-04 00:00:00,0.0,0.0,0.0,0.0,0.0,28.864312500227243,0.0,0.0,0.0,0.0,0.0
2040-04-04 01:00:00,0.0,0.0,0.0,0.0,0.0,25.040187500184402,0.0,0.0,0.0,0.0,0.0
2040-04-04 02:00:00,0.0,0.0,0.0,0.0,0.0,23.212687500286847,0.0,0.0,0.0,0.0,0.0
2040-04-04 03:00:00,0.0,0.0,0.0,0.0,0.0,21.951312500284985,0.0,0.0,0.0,0.0,0.0
2040-04-04 04:00:00,0.0,0.0,0.0,0.0,0.0,21.438406250206754,0.0,0.0,0.0,0.0,0.0
2040-04-04 05:00:00,0.0,0.0,0.0,0.0,0.0,21.617593750241213,0.0,0.0,0.0,0.0,0.0
2040-04-04 06:00:00,0.0,0.0,0.0,0.0,0.0,23.811156250187196,0.0,0.0,0.0,0.0,0.0
2040-04-04 07:00:00,0.0,0.0,0.0,0.0,0.0,29.61128125025425,0.0,0.0,0.0,0.0,0.0
2040-04-04 08:00:00,0.0,0.0,0.0,0.0,0.0,31.414375000284053,0.0,0.0,0.0,0.0,0.0
2040-04-04 09:00:00,0.0,0.0,0.0,0.0,0.0,33.848968750215136,0.0,0.0,0.0,0.0,0.0
2040-04-04 10:00:00,0.0,0.0,0.0,0.0,0.0,36.12746875023004,0.0,0.0,0.0,0.0,0.0
2040-04-04 11:00:00,0.0,0.0,0.0,0.0,0.0,36.918156250263564,0.0,0.0,0.0,0.0,0.0
2040-04-04 12:00:00,0.0,0.0,0.0,0.0,0.0,37.53875000018161,0.0,0.0,0.0,0.0,0.0
2040-04-04 13:00:00,0.0,0.0,0.0,0.0,0.0,36.90509375021793,0.0,0.0,0.0,0.0,0.0
2040-04-04 14:00:00,0.0,0.0,0.0,0.0,0.0,36.45165625028312,0.0,0.0,0.0,0.0,0.0
2040-04-04 15:00:00,0.0,0.0,0.0,0.0,0.0,37.42121875018347,0.0,0.0,0.0,0.0,0.0
2040-04-04 16:00:00,0.0,0.0,0.0,0.0,0.0,38.254687500186265,0.0,0.0,0.0,0.0,0.0
2040-04-04 17:00:00,0.0,0.0,0.0,0.0,0.0,38.012312500271946,0.0,0.0,0.0,0.0,0.0
2040-04-04 18:00:00,0.0,0.0,0.0,0.0,0.0,37.709218750242144,0.0,0.0,0.0,0.0,0.0
2040-04-04 19:00:00,0.0,0.0,0.0,0.0,0.0,38.71259375021327,0.0,0.0,0.0,0.0,0.0
2040-04-04 20:00:00,0.0,0.0,0.0,0.0,0.0,40.86175000027288,0.0,0.0,0.0,0.0,0.0
2040-04-04 21:00:00,0.0,0.0,0.0,0.0,0.0,40.39481250022072,0.0,0.0,0.0,0.0,0.0
2040-04-04 22:00:00,0.0,0.0,0.0,0.0,0.0,36.81103125028312,0.0,0.0,0.0,0.0,0.0
2040-04-04 23:00:00,0.0,0.0,0.0,0.0,0.0,33.21975000028033,0.0,0.0,0.0,0.0,0.0
2040-04-05 00:00:00,0.0,0.0,0.0,0.0,0.0,28.494781250250526,0.0,0.0,0.0,0.0,0.0
2040-04-05 01:00:00,0.0,0.0,0.0,0.0,0.0,24.97856250021141,0.0,0.0,0.0,0.0,0.0
2040-04-05 02:00:00,0.0,0.0,0.0,0.0,0.0,23.029093750286847,0.0,0.0,0.0,0.0,0.0
2040-04-05 03:00:00,0.0,0.0,0.0,0.0,0.0,22.32081250019837,0.0,0.0,0.0,0.0,0.0
2040-04-05 04:00:00,0.0,0.0,0.0,0.0,0.0,21.78678125026636,0.0,0.0,0.0,0.0,0.0
2040-04-05 05:00:00,0.0,0.0,0.0,0.0,0.0,21.89603125024587,0.0,0.0,0.0,0.0,0.0
2040-04-05 06:00:00,0.0,0.0,0.0,0.0,0.0,23.756093750242144,0.0,0.0,0.0,0.0,0.0
2040-04-05 07:00:00,0.0,0.0,0.0,0.0,0.0,28.226406250265427,0.0,0.0,0.0,0.0,0.0
2040-04-05 08:00:00,0.0,0.0,0.0,0.0,0.0,31.310750000178814,0.0,0.0,0.0,0.0,0.0
2040-04-05 09:00:00,0.0,0.0,0.0,0.0,0.0,33.08643750019837,0.0,0.0,0.0,0.0,0.0
2040-04-05 10:00:00,0.0,0.0,0.0,0.0,0.0,35.16043750022072,0.0,0.0,0.0,0.0,0.0
2040-04-05 11:00:00,0.0,0.0,0.0,0.0,0.0,36.323125000228174,0.0,0.0,0.0,0.0,0.0
2040-04-05 12:00:00,0.0,0.0,0.0,0.0,0.0,36.5724375002319,0.0,0.0,0.0,0.0,0.0
2040-04-05 13:00:00,0.0,0.0,0.0,0.0,0.0,35.993531250278465,0.0,0.0,0.0,0.0,0.0
2040-04-05 14:00:00,0.0,0.0,0.0,0.0,0.0,35.44825000024866,0.0,0.0,0.0,0.0,0.0
2040-04-05 15:00:00,0.0,0.0,0.0,0.0,0.0,36.55396875028964,0.0,0.0,0.0,0.0,0.0
2040-04-05 16:00:00,0.0,0.0,0.0,0.0,0.0,36.714812500285916,0.0,0.0,0.0,0.0,0.0
2040-04-05 17:00:00,0.0,0.0,0.0,0.0,0.0,36.445375000243075,0.0,0.0,0.0,0.0,0.0
2040-04-05 18:00:00,0.0,0.0,0.0,0.0,0.0,36.68400000024121,0.0,0.0,0.0,0.0,0.0
2040-04-05 19:00:00,0.0,0.0,0.0,0.0,0.0,36.93934375024401,0.0,0.0,0.0,0.0,0.0
2040-04-05 20:00:00,0.0,0.0,0.0,0.0,0.0,39.37571875017602,0.0,0.0,0.0,0.0,0.0
2040-04-05 21:00:00,0.0,0.0,0.0,0.0,0.0,38.33912500028964,0.0,0.0,0.0,0.0,0.0
2040-04-05 22:00:00,0.0,0.0,0.0,0.0,0.0,36.01553125027567,0.0,0.0,0.0,0.0,0.0
2040-04-05 23:00:00,0.0,0.0,0.0,0.0,0.0,33.52081250026822,0.0,0.0,0.0,0.0,0.0
2040-04-06 00:00:00,0.0,0.0,0.0,0.0,0.0,28.896875000209548,0.0,0.0,0.0,0.0,0.0
2040-04-06 01:00:00,0.0,0.0,0.0,0.0,0.0,25.81525000021793,0.0,0.0,0.0,0.0,0.0
2040-04-06 02:00:00,0.0,0.0,0.0,0.0,0.0,23.48562500020489,0.0,0.0,0.0,0.0,0.0
2040-04-06 03:00:00,0.0,0.0,0.0,0.0,0.0,22.344781250227243,0.0,0.0,0.0,0.0,0.0
2040-04-06 04:00:00,0.0,0.0,0.0,0.0,0.0,22.56009375024587,0.0,0.0,0.0,0.0,0.0
2040-04-06 05:00:00,0.0,0.0,0.0,0.0,0.0,21.79850000026636,0.0,0.0,0.0,0.0,0.0
2040-04-06 06:00:00,0.0,0.0,0.0,0.0,0.0,21.639750000205822,0.0,0.0,0.0,0.0,0.0
2040-04-06 07:00:00,0.0,0.0,0.0,0.0,0.0,23.500937500270084,0.0,0.0,0.0,0.0,0.0
2040-04-06 08:00:00,0.0,0.0,0.0,0.0,0.0,25.557031250209548,0.0,0.0,0.0,0.0,0.0
2040-04-06 09:00:00,0.0,0.0,0.0,0.0,0.0,28.104031250230037,0.0,0.0,0.0,0.0,0.0
2040-04-06 10:00:00,0.0,0.0,0.0,0.0,0.0,30.458062500227243,0.0,0.0,0.0,0.0,0.0
2040-04-06 11:00:00,0.0,0.0,0.0,0.0,0.0,32.98603125021327,0.0,0.0,0.0,0.0,0.0
2040-04-06 12:00:00,0.0,0.0,0.0,0.0,0.0,34.75500000023749,0.0,0.0,0.0,0.0,0.0
2040-04-06 13:00:00,0.0,0.0,0.0,0.0,0.0,35.34671875019558,0.0,0.0,0.0,0.0,0.0
2040-04-06 14:00:00,0.0,0.0,0.0,0.0,0.0,35.04359375021886,0.0,0.0,0.0,0.0,0.0
2040-04-06 15:00:00,0.0,0.0,0.0,0.0,0.0,34.47540625021793,0.0,0.0,0.0,0.0,0.0
2040-04-06 16:00:00,0.0,0.0,0.0,0.0,0.0,34.541250000244034,0.0,0.0,0.0,0.0,0.0
2040-04-06 17:00:00,0.0,0.0,0.0,0.0,0.0,35.331437500193715,0.0,0.0,0.0,0.0,0.0
2040-04-06 18:00:00,0.0,0.0,0.0,0.0,0.0,35.15993750025518,0.0,0.0,0.0,0.0,0.0
2040-04-06 19:00:00,0.0,0.0,0.0,0.0,0.0,36.127062500221655,0.0,0.0,0.0,0.0,0.0
2040-04-06 20:00:00,0.0,0.0,0.0,0.0,0.0,39.181000000215136,0.0,0.0,0.0,0.0,0.0
2040-04-06 21:00:00,0.0,0.0,0.0,0.0,0.0,39.07321875018533,0.0,0.0,0.0,0.0,0.0
2040-04-06 22:00:00,0.0,0.0,0.0,0.0,0.0,35.98046875,0.0,0.0,0.0,0.0,0.0
2040-04-06 23:00:00,0.0,0.0,0.0,0.0,0.0,32.429218750214204,0.0,0.0,0.0,0.0,0.0
2040-04-07 00:00:00,0.0,0.0,0.0,0.0,0.0,29.57550000026822,0.0,0.0,0.0,0.0,0.0
2040-04-07 01:00:00,0.0,0.0,0.0,0.0,0.0,27.219718750216998,0.0,0.0,0.0,0.0,0.0
2040-04-07 02:00:00,0.0,0.0,0.0,0.0,0.0,24.92237500019837,0.0,0.0,0.0,0.0,0.0
2040-04-07 03:00:00,0.0,0.0,0.0,0.0,0.0,23.189781250199303,0.0,0.0,0.0,0.0,0.0
2040-04-07 04:00:00,0.0,0.0,0.0,0.0,0.0,22.12384375021793,0.0,0.0,0.0,0.0,0.0
2040-04-07 05:00:00,0.0,0.0,0.0,0.0,0.0,21.638281250256114,0.0,0.0,0.0,0.0,0.0
2040-04-07 06:00:00,0.0,0.0,0.0,0.0,0.0,21.43821875017602,0.0,0.0,0.0,0.0,0.0
2040-04-07 07:00:00,0.0,0.0,0.0,0.0,0.0,21.61590625019744,0.0,0.0,0.0,0.0,0.0
2040-04-07 08:00:00,0.0,0.0,0.0,0.0,0.0,21.416468750218666,0.0,0.0,0.0,0.0,0.0
2040-04-07 09:00:00,0.0,0.0,0.0,0.0,0.0,22.377562500187196,0.0,0.0,0.0,0.0,0.0
2040-04-07 10:00:00,0.0,0.0,0.0,0.0,0.0,24.70009375025984,0.0,0.0,0.0,0.0,0.0
2040-04-07 11:00:00,0.0,0.0,0.0,0.0,0.0,27.523718750220723,0.0,0.0,0.0,0.0,0.0
2040-04-07 12:00:00,0.0,0.0,0.0,0.0,0.0,30.133218750241213,0.0,0.0,0.0,0.0,0.0
2040-04-07 13:00:00,0.0,0.0,0.0,0.0,0.0,31.34692254308071,0.0,0.0,0.0,0.0,0.0
2040-04-07 14:00:00,0.0,0.0,0.0,0.0,0.0,32.2472187501844,0.0,0.0,0.0,0.0,0.0
2040-04-07 15:00:00,0.0,0.0,0.0,0.0,0.0,31.55237500020303,0.0,0.0,0.0,0.0,0.0
2040-04-07 16:00:00,0.0,0.0,0.0,0.0,0.0,31.341593750286847,0.0,0.0,0.0,0.0,0.0
2040-04-07 17:00:00,0.0,0.0,0.0,0.0,0.0,32.38187500019558,0.0,0.0,0.0,0.0,0.0
2040-04-07 18:00:00,0.0,0.0,0.0,0.0,0.0,33.65518750017509,0.0,0.0,0.0,0.0,0.0
2040-04-07 19:00:00,0.0,0.0,0.0,0.0,0.0,36.02921875019092,0.0,0.0,0.0,0.0,0.0
2040-04-07 20:00:00,0.0,0.0,0.0,0.0,0.0,38.593781250179745,0.0,0.0,0.0,0.0,0.0
2040-04-07 21:00:00,0.0,0.0,0.0,0.0,0.0,38.30656250019092,0.0,0.0,0.0,0.0,0.0
2040-04-07 22:00:00,0.0,0.0,0.0,0.0,0.0,35.385406250250526,0.0,0.0,0.0,0.0,0.0
2040-04-07 23:00:00,0.0,0.0,0.0,0.0,0.0,31.265437500202097,0.0,0.0,0.0,0.0,0.0
2040-04-08 00:00:00,0.0,0.0,0.0,0.0,0.0,27.53865625022445,0.0,0.0,0.0,0.0,0.0
2040-04-08 01:00:00,0.0,0.0,0.0,0.0,0.0,24.29043750022538,0.0,0.0,0.0,0.0,0.0
2040-04-08 02:00:00,0.0,0.0,0.0,0.0,0.0,21.923218750278465,0.0,0.0,0.0,0.0,0.0
2040-04-08 03:00:00,0.0,0.0,0.0,0.0,0.0,20.88809375022538,0.0,0.0,0.0,0.0,0.0
2040-04-08 04:00:00,0.0,0.0,0.0,0.0,0.0,20.603000000235625,0.0,0.0,0.0,0.0,0.0
2040-04-08 05:00:00,0.0,0.0,0.0,0.0,0.0,21.000906250206754,0.0,0.0,0.0,0.0,0.0
2040-04-08 06:00:00,0.0,0.0,0.0,0.0,0.0,22.930625000270084,0.0,0.0,0.0,0.0,0.0
2040-04-08 07:00:00,0.0,0.0,0.0,0.0,0.0,28.42450000019744,0.0,0.0,0.0,0.0,0.0
2040-04-08 08:00:00,0.0,0.0,0.0,0.0,0.0,32.524031250271946,0.0,0.0,0.0,0.0,0.0
2040-04-08 09:00:00,0.0,0.0,0.0,0.0,0.0,34.340750000206754,0.0,0.0,0.0,0.0,0.0
2040-04-08 10:00:00,0.0,0.0,0.0,0.0,0.0,36.700750000192784,0.0,0.0,0.0,0.0,0.0
2040-04-08 11:00:00,0.0,0.0,0.0,0.0,0.0,38.64150000025984,0.0,0.0,0.0,0.0,0.0
2040-04-08 12:00:00,0.0,0.0,0.0,0.0,0.0,38.31662500021048,0.0,0.0,0.0,0.0,0.0
2040-04-08 13:00:00,0.0,0.0,0.0,0.0,0.0,37.80881250021048,0.0,0.0,0.0,0.0,0.0
2040-04-08 14:00:00,0.0,0.0,0.0,0.0,0.0,37.00043750018813,0.0,0.0,0.0,0.0,0.0
2040-04-08 15:00:00,0.0,0.0,0.0,0.0,0.0,36.38818750018254,0.0,0.0,0.0,0.0,0.0
2040-04-08 16:00:00,0.0,0.0,0.0,0.0,0.0,36.702437500236556,0.0,0.0,0.0,0.0,0.0
2040-04-08 17:00:00,0.0,0.0,0.0,0.0,0.0,36.12275000021327,0.0,0.0,0.0,0.0,0.0
2040-04-08 18:00:00,0.0,0.0,0.0,0.0,0.0,36.41493750025984,0.0,0.0,0.0,0.0,0.0
2040-04-08 19:00:00,0.0,0.0,0.0,0.0,0.0,38.60575000022072,0.0,0.0,0.0,0.0,0.0
2040-04-08 20:00:00,0.0,0.0,0.0,0.0,0.0,40.822250000201166,0.0,0.0,0.0,0.0,0.0
2040-04-08 21:00:00,0.0,0.0,0.0,0.0,0.0,38.96825000026729,0.0,0.0,0.0,0.0,0.0
2040-04-08 22:00:00,0.0,0.0,0.0,0.0,0.0,35.62593750027008,0.0,0.0,0.0,0.0,0.0
2040-04-08 23:00:00,0.0,0.0,0.0,0.0,0.0,32.05631250026636,0.0,0.0,0.0,0.0,0.0
2040-04-09 00:00:00,0.0,0.0,0.0,0.0,0.0,28.552312500192784,0.0,0.0,0.0,0.0,0.0
2040-04-09 01:00:00,0.0,0.0,0.0,0.0,0.0,26.159312500269152,0.0,0.0,0.0,0.0,0.0
2040-04-09 02:00:00,0.0,0.0,0.0,0.0,0.0,24.45387500023935,0.0,0.0,0.0,0.0,0.0
2040-04-09 03:00:00,0.0,0.0,0.0,0.0,0.0,22.534312500269152,0.0,0.0,0.0,0.0,0.0
2040-04-09 04:00:00,0.0,0.0,0.0,0.0,0.0,22.104875000193715,0.0,0.0,0.0,0.0,0.0
2040-04-09 05:00:00,0.0,0.0,0.0,0.0,0.0,22.09837500017602,0.0,0.0,0.0,0.0,0.0
2040-04-09 06:00:00,0.0,0.0,0.0,0.0,0.0,24.202750000286237,0.0,0.0,0.0,0.0,0.0
2040-04-09 07:00:00,0.0,0.0,0.0,0.0,0.0,29.17512500018347,0.0,0.0,0.0,0.0,0.0
2040-04-09 08:00:00,0.0,0.0,0.0,0.0,0.0,32.74100000026969,0.0,0.0,0.0,0.0,0.0
2040-04-09 09:00:00,0.0,0.0,0.0,0.0,0.0,36.350875000236556,0.0,0.0,0.0,0.0,0.0
2040-04-09 10:00:00,0.0,0.0,0.0,0.0,0.0,37.749312500236556,0.0,0.0,0.0,0.0,0.0
2040-04-09 11:00:00,0.0,0.0,0.0,0.0,0.0,39.11562500020955,0.0,0.0,0.0,0.0,0.0
2040-04-09 12:00:00,0.0,0.0,0.0,0.0,0.0,40.298937500221655,0.0,0.0,0.0,0.0,0.0
2040-04-09 13:00:00,0.0,0.0,0.0,0.0,0.0,39.62475000019185,0.0,0.0,0.0,0.0,0.0
2040-04-09 14:00:00,0.0,0.0,0.0,0.0,0.0,38.51350000023376,0.0,0.0,0.0,0.0,0.0
2040-04-09 15:00:00,0.0,0.0,0.0,0.0,0.0,38.58362500020303,0.0,0.0,0.0,0.0,0.0
2040-04-09 16:00:00,0.0,0.0,0.0,0.0,0.0,37.34400000027381,0.0,0.0,0.0,0.0,0.0
2040-04-09 17:00:00,0.0,0.0,0.0,0.0,0.0,37.247437500278465,0.0,0.0,0.0,0.0,0.0
2040-04-09 18:00:00,0.0,0.0,0.0,0.0,0.0,36.75612500018906,0.0,0.0,0.0,0.0,0.0
2040-04-09 19:00:00,0.0,0.0,0.0,0.0,0.0,37.42625000025146,0.0,0.0,0.0,0.0,0.0
2040-04-09 20:00:00,0.0,0.0,0.0,0.0,0.0,40.13525000028312,0.0,0.0,0.0,0.0,0.0
2040-04-09 21:00:00,0.0,0.0,0.0,0.0,0.0,39.23131250019651,0.0,0.0,0.0,0.0,0.0
2040-04-09 22:00:00,0.0,0.0,0.0,0.0,0.0,37.67943750019185,0.0,0.0,0.0,0.0,0.0
2040-04-09 23:00:00,0.0,0.0,0.0,0.0,0.0,34.38318750017788,0.0,0.0,0.0,0.0,0.0
2040-04-10 00:00:00,0.0,0.0,0.0,0.0,0.0,29.487375000258908,0.0,0.0,0.0,0.0,0.0
2040-04-10 01:00:00,0.0,0.0,0.0,0.0,0.0,25.363437500200234,0.0,0.0,0.0,0.0,0.0
2040-04-10 02:00:00,0.0,0.0,0.0,0.0,0.0,23.786187500227243,0.0,0.0,0.0,0.0,0.0
2040-04-10 03:00:00,0.0,0.0,0.0,0.0,0.0,21.898250000202097,0.0,0.0,0.0,0.0,0.0
2040-04-10 04:00:00,0.0,0.0,0.0,0.0,0.0,21.14806250028778,0.0,0.0,0.0,0.0,0.0
2040-04-10 05:00:00,0.0,0.0,0.0,0.0,0.0,21.34775000019241,0.0,0.0,0.0,0.0,0.0
2040-04-10 06:00:00,0.0,0.0,0.0,0.0,0.0,24.105000000214204,0.0,0.0,0.0,0.0,0.0
2040-04-10 07:00:00,0.0,0.0,0.0,0.0,0.0,29.326687500230037,0.0,0.0,0.0,0.0,0.0
2040-04-10 08:00:00,0.0,0.0,0.0,0.0,0.0,32.20693750027567,0.0,0.0,0.0,0.0,0.0
2040-04-10 09:00:00,0.0,0.0,0.0,0.0,0.0,34.15400000021327,0.0,0.0,0.0,0.0,0.0
2040-04-10 10:00:00,0.0,0.0,0.0,0.0,0.0,35.90475000021979,0.0,0.0,0.0,0.0,0.0
2040-04-10 11:00:00,0.0,0.0,0.0,0.0,0.0,37.2498125002021,0.0,0.0,0.0,0.0,0.0
2040-04-10 12:00:00,0.0,0.0,0.0,0.0,0.0,37.43068750028033,0.0,0.0,0.0,0.0,0.0
2040-04-10 13:00:00,0.0,0.0,0.0,0.0,0.0,36.945375000243075,0.0,0.0,0.0,0.0,0.0
2040-04-10 14:00:00,0.0,0.0,0.0,0.0,0.0,36.24443750025239,0.0,0.0,0.0,0.0,0.0
2040-04-10 15:00:00,0.0,0.0,0.0,0.0,0.0,36.434562500217,0.0,0.0,0.0,0.0,0.0
2040-04-10 16:00:00,0.0,0.0,0.0,0.0,0.0,37.094312500208616,0.0,0.0,0.0,0.0,0.0
2040-04-10 17:00:00,0.0,0.0,0.0,0.0,0.0,36.146625000284985,0.0,0.0,0.0,0.0,0.0
2040-04-10 18:00:00,0.0,0.0,0.0,0.0,0.0,34.794312500278465,0.0,0.0,0.0,0.0,0.0
2040-04-10 19:00:00,0.0,0.0,0.0,0.0,0.0,35.62687500019092,0.0,0.0,0.0,0.0,0.0
2040-04-10 20:00:00,0.0,0.0,0.0,0.0,0.0,38.35393750027288,0.0,0.0,0.0,0.0,0.0
2040-04-10 21:00:00,0.0,0.0,0.0,0.0,0.0,37.39112500019837,0.0,0.0,0.0,0.0,0.0
2040-04-10 22:00:00,0.0,0.0,0.0,0.0,0.0,35.357625000178814,0.0,0.0,0.0,0.0,0.0
2040-04-10 23:00:00,0.0,0.0,0.0,0.0,0.0,33.1873125002021,0.0,0.0,0.0,0.0,0.0
2040-04-11 00:00:00,0.0,0.0,0.0,0.0,0.0,29.62450000026729,0.0,0.0,0.0,0.0,0.0
2040-04-11 01:00:00,0.0,0.0,0.0,0.0,0.0,24.905937500181608,0.0,0.0,0.0,0.0,0.0
2040-04-11 02:00:00,0.0,0.0,0.0,0.0,0.0,22.46185000636615,0.0,0.0,0.0,0.0,0.0
2040-04-11 03:00:00,0.0,0.0,0.0,0.0,0.0,21.29723324603401,0.0,0.0,0.0,0.0,0.0
2040-04-11 04:00:00,0.0,0.0,0.0,0.0,0.0,20.86827221699059,0.0,0.0,0.0,0.0,0.0
2040-04-11 05:00:00,0.0,0.0,0.0,0.0,0.0,20.693505859584548,0.0,0.0,0.0,0.0,0.0
2040-04-11 06:00:00,0.0,0.0,0.0,0.0,0.0,23.66426367207768,0.0,0.0,0.0,0.0,0.0
2040-04-11 07:00:00,0.0,0.0,0.0,0.0,0.0,28.640240234555677,0.0,0.0,0.0,0.0,0.0
2040-04-11 08:00:00,0.0,0.0,0.0,0.0,0.0,32.083724609576166,0.0,0.0,0.0,0.0,0.0
2040-04-11 09:00:00,0.0,0.0,0.0,0.0,0.0,34.49780859402381,0.0,0.0,0.0,0.0,0.0
2040-04-11 10:00:00,0.0,0.0,0.0,0.0,0.0,36.09591015649494,0.0,0.0,0.0,0.0,0.0
2040-04-11 11:00:00,0.0,0.0,0.0,0.0,0.0,36.871818359592,0.0,0.0,0.0,0.0,0.0
2040-04-11 12:00:00,0.0,0.0,0.0,0.0,0.0,36.68391992209787,0.0,0.0,0.0,0.0,0.0
2040-04-11 13:00:00,0.0,0.0,0.0,0.0,0.0,36.40571093768813,0.0,0.0,0.0,0.0,0.0
2040-04-11 14:00:00,0.0,0.0,0.0,0.0,0.0,35.45297460956499,0.0,0.0,0.0,0.0,0.0
2040-04-11 15:00:00,0.0,0.0,0.0,0.0,0.0,35.09200390649494,0.0,0.0,0.0,0.0,0.0
2040-04-11 16:00:00,0.0,0.0,0.0,0.0,0.0,35.073095703381114,0.0,0.0,0.0,0.0,0.0
2040-04-11 17:00:00,0.0,0.0,0.0,0.0,0.0,34.53866015654057,0.0,0.0,0.0,0.0,0.0
2040-04-11 18:00:00,0.0,0.0,0.0,0.0,0.0,34.76891015644651,0.0,0.0,0.0,0.0,0.0
2040-04-11 19:00:00,0.0,0.0,0.0,0.0,0.0,36.38181250018533,0.0,0.0,0.0,0.0,0.0
2040-04-11 20:00:00,0.0,0.0,0.0,0.0,0.0,38.39771093777381,0.0,0.0,0.0,0.0,0.0
2040-04-11 21:00:00,0.0,0.0,0.0,0.0,0.0,38.479296875186265,0.0,0.0,0.0,0.0,0.0
2040-04-11 22:00:00,0.0,0.0,0.0,0.0,0.0,36.10421875026077,0.0,0.0,0.0,0.0,0.0
2040-04-11 23:00:00,0.0,0.0,0.0,0.0,0.0,32.80149290365197,0.0,0.0,0.0,0.0,0.0
2040-04-12 00:00:00,0.0,0.0,0.0,0.0,0.0,29.20251171896234,0.0,0.0,0.0,0.0,0.0
2040-04-12 01:00:00,0.0,0.0,0.0,0.0,0.0,26.31941796897445,0.0,0.0,0.0,0.0,0.0
2040-04-12 02:00:00,0.0,0.0,0.0,0.0,0.0,24.51392968778964,0.0,0.0,0.0,0.0,0.0
2040-04-12 03:00:00,0.0,0.0,0.0,0.0,0.0,19.60741005158048,0.0,0.0,0.0,0.0,0.0
2040-04-12 04:00:00,0.0,0.0,0.0,0.0,0.0,22.455910156480968,0.0,0.0,0.0,0.0,0.0
2040-04-12 05:00:00,0.0,0.0,0.0,0.0,0.0,22.681500000180677,0.0,0.0,0.0,0.0,0.0
2040-04-12 06:00:00,0.0,0.0,0.0,0.0,0.0,24.371335937757976,0.0,0.0,0.0,0.0,0.0
2040-04-12 07:00:00,0.0,0.0,0.0,0.0,0.0,29.633601562702097,0.0,0.0,0.0,0.0,0.0
2040-04-12 08:00:00,0.0,0.0,0.0,0.0,0.0,33.537492187693715,0.0,0.0,0.0,0.0,0.0
2040-04-12 09:00:00,0.0,0.0,0.0,0.0,0.0,35.56332031276543,0.0,0.0,0.0,0.0,0.0
2040-04-12 10:00:00,0.0,0.0,0.0,0.0,0.0,37.14356250024866,0.0,0.0,0.0,0.0,0.0
2040-04-12 11:00:00,0.0,0.0,0.0,0.0,0.0,38.52294531278312,0.0,0.0,0.0,0.0,0.0
2040-04-12 12:00:00,0.0,0.0,0.0,0.0,0.0,38.58823437523097,0.0,0.0,0.0,0.0,0.0
2040-04-12 13:00:00,0.0,0.0,0.0,0.0,0.0,37.78868750028778,0.0,0.0,0.0,0.0,0.0
2040-04-12 14:00:00,0.0,0.0,0.0,0.0,0.0,37.47189843771048,0.0,0.0,0.0,0.0,0.0
2040-04-12 15:00:00,0.0,0.0,0.0,0.0,0.0,37.58075781271327,0.0,0.0,0.0,0.0,0.0
2040-04-12 16:00:00,0.0,0.0,0.0,0.0,0.0,37.22360937518533,0.0,0.0,0.0,0.0,0.0
2040-04-12 17:00:00,0.0,0.0,0.0,0.0,0.0,36.29099218768533,0.0,0.0,0.0,0.0,0.0
2040-04-12 18:00:00,0.0,0.0,0.0,0.0,0.0,36.64012500026729,0.0,0.0,0.0,0.0,0.0
2040-04-12 19:00:00,0.0,0.0,0.0,0.0,0.0,38.40750781272072,0.0,0.0,0.0,0.0,0.0
2040-04-12 20:00:00,0.0,0.0,0.0,0.0,0.0,40.5929687502794,0.0,0.0,0.0,0.0,0.0
2040-04-12 21:00:00,0.0,0.0,0.0,0.0,0.0,38.86246875021607,0.0,0.0,0.0,0.0,0.0
2040-04-12 22:00:00,0.0,0.0,0.0,0.0,0.0,35.34142187528778,0.0,0.0,0.0,0.0,0.0
2040-04-12 23:00:00,0.0,0.0,0.0,0.0,0.0,33.021320312749594,0.0,0.0,0.0,0.0,0.0
2040-04-13 00:00:00,0.0,0.0,0.0,0.0,0.0,30.14102343772538,0.0,0.0,0.0,0.0,0.0
2040-04-13 01:00:00,0.0,0.0,0.0,0.0,0.0,27.10214062524028,0.0,0.0,0.0,0.0,0.0
2040-04-13 02:00:00,0.0,0.0,0.0,0.0,0.0,24.71156250021886,0.0,0.0,0.0,0.0,0.0
2040-04-13 03:00:00,0.0,0.0,0.0,0.0,0.0,23.862843750277534,0.0,0.0,0.0,0.0,0.0
2040-04-13 04:00:00,0.0,0.0,0.0,0.0,0.0,23.216226562741213,0.0,0.0,0.0,0.0,0.0
2040-04-13 05:00:00,0.0,0.0,0.0,0.0,0.0,22.576976562733762,0.0,0.0,0.0,0.0,0.0
2040-04-13 06:00:00,0.0,0.0,0.0,0.0,0.0,22.961125000263564,0.0,0.0,0.0,0.0,0.0
2040-04-13 07:00:00,0.0,0.0,0.0,0.0,0.0,23.800343750277534,0.0,0.0,0.0,0.0,0.0
2040-04-13 08:00:00,0.0,0.0,0.0,0.0,0.0,26.18043750023957,0.0,0.0,0.0,0.0,0.0
2040-04-13 09:00:00,0.0,0.0,0.0,0.0,0.0,29.30810937518254,0.0,0.0,0.0,0.0,0.0
2040-04-13 10:00:00,0.0,0.0,0.0,0.0,0.0,33.33509375026915,0.0,0.0,0.0,0.0,0.0
2040-04-13 11:00:00,0.0,0.0,0.0,0.0,0.0,35.50207812525332,0.0,0.0,0.0,0.0,0.0
2040-04-13 12:00:00,0.0,0.0,0.0,0.0,0.0,36.659562500193715,0.0,0.0,0.0,0.0,0.0
2040-04-13 13:00:00,0.0,0.0,0.0,0.0,0.0,37.46296875027474,0.0,0.0,0.0,0.0,0.0
2040-04-13 14:00:00,0.0,0.0,0.0,0.0,0.0,37.00628125027288,0.0,0.0,0.0,0.0,0.0
2040-04-13 15:00:00,0.0,0.0,0.0,0.0,0.0,36.23293750023004,0.0,0.0,0.0,0.0,0.0
2040-04-13 16:00:00,0.0,0.0,0.0,0.0,0.0,35.074203125201166,0.0,0.0,0.0,0.0,0.0
2040-04-13 17:00:00,0.0,0.0,0.0,0.0,0.0,34.40960937528871,0.0,0.0,0.0,0.0,0.0
2040-04-13 18:00:00,0.0,0.0,0.0,0.0,0.0,33.70603125018533,0.0,0.0,0.0,0.0,0.0
2040-04-13 19:00:00,0.0,0.0,0.0,0.0,0.0,36.877093750284985,0.0,0.0,0.0,0.0,0.0
2040-04-13 20:00:00,0.0,0.0,0.0,0.0,0.0,38.52010937524028,0.0,0.0,0.0,0.0,0.0
2040-04-13 21:00:00,0.0,0.0,0.0,0.0,0.0,37.62779687519651,0.0,0.0,0.0,0.0,0.0
2040-04-13 22:00:00,0.0,0.0,0.0,0.0,0.0,35.991578125278465,0.0,0.0,0.0,0.0,0.0
2040-04-13 23:00:00,0.0,0.0,0.0,0.0,0.0,34.83003125025425,0.0,0.0,0.0,0.0,0.0
2040-04-14 00:00:00,0.0,0.0,0.0,0.0,0.0,31.172515625250526,0.0,0.0,0.0,0.0,0.0
2040-04-14 01:00:00,0.0,0.0,0.0,0.0,0.0,28.021250000223517,0.0,0.0,0.0,0.0,0.0
2040-04-14 02:00:00,0.0,0.0,0.0,0.0,0.0,25.462921875179745,0.0,0.0,0.0,0.0,0.0
2040-04-14 03:00:00,0.0,0.0,0.0,0.0,0.0,24.28335937520954,0.0,0.0,0.0,0.0,0.0
2040-04-14 04:00:00,0.0,0.0,0.0,0.0,0.0,23.171843750285916,0.0,0.0,0.0,0.0,0.0
2040-04-14 05:00:00,0.0,0.0,0.0,0.0,0.0,22.693546875263564,0.0,0.0,0.0,0.0,0.0
2040-04-14 06:00:00,0.0,0.0,0.0,0.0,0.0,21.77742187527312,0.0,0.0,0.0,0.0,0.0
2040-04-14 07:00:00,0.0,0.0,0.0,0.0,0.0,22.06001562520396,0.0,0.0,0.0,0.0,0.0
2040-04-14 08:00:00,0.0,0.0,0.0,0.0,0.0,22.90948437526822,0.0,0.0,0.0,0.0,0.0
2040-04-14 09:00:00,0.0,0.0,0.0,0.0,0.0,23.03329687518999,0.0,0.0,0.0,0.0,0.0
2040-04-14 10:00:00,0.0,0.0,0.0,0.0,0.0,25.29862500028686,0.0,0.0,0.0,0.0,0.0
2040-04-14 11:00:00,0.0,0.0,0.0,0.0,0.0,28.915109375258908,0.0,0.0,0.0,0.0,0.0
2040-04-14 12:00:00,0.0,0.0,0.0,0.0,0.0,31.757531250244938,0.0,0.0,0.0,0.0,0.0
2040-04-14 13:00:00,0.0,0.0,0.0,0.0,0.0,32.86745312518906,0.0,0.0,0.0,0.0,0.0
2040-04-14 14:00:00,0.0,0.0,0.0,0.0,0.0,33.161640625214204,0.0,0.0,0.0,0.0,0.0
2040-04-14 15:00:00,0.0,0.0,0.0,0.0,0.0,32.46595312526915,0.0,0.0,0.0,0.0,0.0
2040-04-14 16:00:00,0.0,0.0,0.0,0.0,0.0,31.273171875276603,0.0,0.0,0.0,0.0,0.0
2040-04-14 17:00:00,0.0,0.0,0.0,0.0,0.0,30.471046875230968,0.0,0.0,0.0,0.0,0.0
2040-04-14 18:00:00,0.0,0.0,0.0,0.0,0.0,31.126171875279397,0.0,0.0,0.0,0.0,0.0
2040-04-14 19:00:00,0.0,0.0,0.0,0.0,0.0,35.961171875242144,0.0,0.0,0.0,0.0,0.0
2040-04-14 20:00:00,0.0,0.0,0.0,0.0,0.0,37.77131250023376,0.0,0.0,0.0,0.0,0.0
2040-04-14 21:00:00,0.0,0.0,0.0,0.0,0.0,38.22914062521886,0.0,0.0,0.0,0.0,0.0
2040-04-14 22:00:00,0.0,0.0,0.0,0.0,0.0,35.834140625200234,0.0,0.0,0.0,0.0,0.0
2040-04-14 23:00:00,0.0,0.0,0.0,0.0,0.0,32.51331250020303,0.0,0.0,0.0,0.0,0.0
2040-04-15 00:00:00,0.0,0.0,0.0,0.0,0.0,28.342187500209548,0.0,0.0,0.0,0.0,0.0
2040-04-15 01:00:00,0.0,0.0,0.0,0.0,0.0,25.621875000186265,0.0,0.0,0.0,0.0,0.0
2040-04-15 02:00:00,0.0,0.0,0.0,0.0,0.0,23.157312500290573,0.0,0.0,0.0,0.0,0.0
2040-04-15 03:00:00,0.0,0.0,0.0,0.0,0.0,22.047875000280328,0.0,0.0,0.0,0.0,0.0
2040-04-15 04:00:00,0.0,0.0,0.0,0.0,0.0,21.381718750228174,0.0,0.0,0.0,0.0,0.0
2040-04-15 05:00:00,0.0,0.0,0.0,0.0,0.0,22.241546875215136,0.0,0.0,0.0,0.0,0.0
2040-04-15 06:00:00,0.0,0.0,0.0,0.0,0.0,24.62878125021234,0.0,0.0,0.0,0.0,0.0
2040-04-15 07:00:00,0.0,0.0,0.0,0.0,0.0,30.014093750272878,0.0,0.0,0.0,0.0,0.0
2040-04-15 08:00:00,0.0,0.0,0.0,0.0,0.0,32.92312500020489,0.0,0.0,0.0,0.0,0.0
2040-04-15 09:00:00,0.0,0.0,0.0,0.0,0.0,35.315312500228174,0.0,0.0,0.0,0.0,0.0
2040-04-15 10:00:00,0.0,0.0,0.0,0.0,0.0,36.79750000021886,0.0,0.0,0.0,0.0,0.0
2040-04-15 11:00:00,0.0,0.0,0.0,0.0,0.0,37.848343750229105,0.0,0.0,0.0,0.0,0.0
2040-04-15 12:00:00,0.0,0.0,0.0,0.0,0.0,38.18453125027008,0.0,0.0,0.0,0.0,0.0
2040-04-15 13:00:00,0.0,0.0,0.0,0.0,0.0,37.528906250256114,0.0,0.0,0.0,0.0,0.0
2040-04-15 14:00:00,0.0,0.0,0.0,0.0,0.0,36.78615625028033,0.0,0.0,0.0,0.0,0.0
2040-04-15 15:00:00,0.0,0.0,0.0,0.0,0.0,36.555468750186265,0.0,0.0,0.0,0.0,0.0
2040-04-15 16:00:00,0.0,0.0,0.0,0.0,0.0,37.0187500002794,0.0,0.0,0.0,0.0,0.0
2040-04-15 17:00:00,0.0,0.0,0.0,0.0,0.0,37.81993750028778,0.0,0.0,0.0,0.0,0.0
2040-04-15 18:00:00,0.0,0.0,0.0,0.0,0.0,37.44556250027381,0.0,0.0,0.0,0.0,0.0
2040-04-15 19:00:00,0.0,0.0,0.0,0.0,0.0,40.42565625021234,0.0,0.0,0.0,0.0,0.0
2040-04-15 20:00:00,0.0,0.0,0.0,0.0,0.0,42.123656250187196,0.0,0.0,0.0,0.0,0.0
2040-04-15 21:00:00,0.0,0.0,0.0,0.0,0.0,40.707000000285916,0.0,0.0,0.0,0.0,0.0
2040-04-15 22:00:00,0.0,0.0,0.0,0.0,0.0,38.21912500017788,0.0,0.0,0.0,0.0,0.0
2040-04-15 23:00:00,0.0,0.0,0.0,0.0,0.0,35.53162500017788,0.0,0.0,0.0,0.0,0.0
2040-04-16 00:00:00,0.0,0.0,0.0,0.0,0.0,30.057781250216067,0.0,0.0,0.0,0.0,0.0
2040-04-16 01:00:00,0.0,0.0,0.0,0.0,0.0,26.167093750205822,0.0,0.0,0.0,0.0,0.0
2040-04-16 02:00:00,0.0,0.0,0.0,0.0,0.0,23.80456250021234,0.0,0.0,0.0,0.0,0.0
2040-04-16 03:00:00,0.0,0.0,0.0,0.0,0.0,22.631093750242144,0.0,0.0,0.0,0.0,0.0
2040-04-16 04:00:00,0.0,0.0,0.0,0.0,0.0,22.120125000247523,0.0,0.0,0.0,0.0,0.0
2040-04-16 05:00:00,0.0,0.0,0.0,0.0,0.0,22.29231250018347,0.0,0.0,0.0,0.0,0.0
2040-04-16 06:00:00,0.0,0.0,0.0,0.0,0.0,24.826156250201166,0.0,0.0,0.0,0.0,0.0
2040-04-16 07:00:00,0.0,0.0,0.0,0.0,0.0,30.24659375019837,0.0,0.0,0.0,0.0,0.0
2040-04-16 08:00:00,0.0,0.0,0.0,0.0,0.0,33.43406250025146,0.0,0.0,0.0,0.0,0.0
2040-04-16 09:00:00,0.0,0.0,0.0,0.0,0.0,35.76656250027008,0.0,0.0,0.0,0.0,0.0
2040-04-16 10:00:00,0.0,0.0,0.0,0.0,0.0,38.878875000285916,0.0,0.0,0.0,0.0,0.0
2040-04-16 11:00:00,0.0,0.0,0.0,0.0,0.0,40.69503125024494,0.0,0.0,0.0,0.0,0.0
2040-04-16 12:00:00,0.0,0.0,0.0,0.0,0.0,41.022875000257045,0.0,0.0,0.0,0.0,0.0
2040-04-16 13:00:00,0.0,0.0,0.0,0.0,0.0,40.53940625023097,0.0,0.0,0.0,0.0,0.0
2040-04-16 14:00:00,0.0,0.0,0.0,0.0,0.0,38.7990000002319,0.0,0.0,0.0,0.0,0.0
2040-04-16 15:00:00,0.0,0.0,0.0,0.0,0.0,38.435531250201166,0.0,0.0,0.0,0.0,0.0
2040-04-16 16:00:00,0.0,0.0,0.0,0.0,0.0,37.88818750018254,0.0,0.0,0.0,0.0,0.0
2040-04-16 17:00:00,0.0,0.0,0.0,0.0,0.0,37.03506250027567,0.0,0.0,0.0,0.0,0.0
2040-04-16 18:00:00,0.0,0.0,0.0,0.0,0.0,36.72528125019744,0.0,0.0,0.0,0.0,0.0
2040-04-16 19:00:00,0.0,0.0,0.0,0.0,0.0,39.655156250228174,0.0,0.0,0.0,0.0,0.0
2040-04-16 20:00:00,0.0,0.0,0.0,0.0,0.0,42.080218750284985,0.0,0.0,0.0,0.0,0.0
2040-04-16 21:00:00,0.0,0.0,0.0,0.0,0.0,39.99846875027288,0.0,0.0,0.0,0.0,0.0
2040-04-16 22:00:00,0.0,0.0,0.0,0.0,0.0,38.23756250028964,0.0,0.0,0.0,0.0,0.0
2040-04-16 23:00:00,0.0,0.0,0.0,0.0,0.0,34.72528125019744,0.0,0.0,0.0,0.0,0.0
2040-04-17 00:00:00,0.0,0.0,0.0,0.0,0.0,29.274406250216998,0.0,0.0,0.0,0.0,0.0
2040-04-17 01:00:00,0.0,0.0,0.0,0.0,0.0,25.76965625025332,0.0,0.0,0.0,0.0,0.0
2040-04-17 02:00:00,0.0,0.0,0.0,0.0,0.0,24.094437500229105,0.0,0.0,0.0,0.0,0.0
2040-04-17 03:00:00,0.0,0.0,0.0,0.0,0.0,22.558625000179745,0.0,0.0,0.0,0.0,0.0
2040-04-17 04:00:00,0.0,0.0,0.0,0.0,0.0,21.675937500200234,0.0,0.0,0.0,0.0,0.0
2040-04-17 05:00:00,0.0,0.0,0.0,0.0,0.0,22.220531250233762,0.0,0.0,0.0,0.0,0.0
2040-04-17 06:00:00,0.0,0.0,0.0,0.0,0.0,24.94025000021793,0.0,0.0,0.0,0.0,0.0
2040-04-17 07:00:00,0.0,0.0,0.0,0.0,0.0,30.302218750235625,0.0,0.0,0.0,0.0,0.0
2040-04-17 08:00:00,0.0,0.0,0.0,0.0,0.0,33.05250000022352,0.0,0.0,0.0,0.0,0.0
2040-04-17 09:00:00,0.0,0.0,0.0,0.0,0.0,34.381468750187196,0.0,0.0,0.0,0.0,0.0
2040-04-17 10:00:00,0.0,0.0,0.0,0.0,0.0,36.22328125021908,0.0,0.0,0.0,0.0,0.0
2040-04-17 11:00:00,0.0,0.0,0.0,0.0,0.0,37.488468750263564,0.0,0.0,0.0,0.0,0.0
2040-04-17 12:00:00,0.0,0.0,0.0,0.0,0.0,37.262687500217,0.0,0.0,0.0,0.0,0.0
2040-04-17 13:00:00,0.0,0.0,0.0,0.0,0.0,37.89881250017788,0.0,0.0,0.0,0.0,0.0
2040-04-17 14:00:00,0.0,0.0,0.0,0.0,0.0,38.56943750020582,0.0,0.0,0.0,0.0,0.0
2040-04-17 15:00:00,0.0,0.0,0.0,0.0,0.0,38.41846875019837,0.0,0.0,0.0,0.0,0.0
2040-04-17 16:00:00,0.0,0.0,0.0,0.0,0.0,38.7516875002766,0.0,0.0,0.0,0.0,0.0
2040-04-17 17:00:00,0.0,0.0,0.0,0.0,0.0,38.01943750027567,0.0,0.0,0.0,0.0,0.0
2040-04-17 18:00:00,0.0,0.0,0.0,0.0,0.0,38.19465625018347,0.0,0.0,0.0,0.0,0.0
2040-04-17 19:00:00,0.0,0.0,0.0,0.0,0.0,41.459593750187196,0.0,0.0,0.0,0.0,0.0
2040-04-17 20:00:00,0.0,0.0,0.0,0.0,0.0,42.438187500229105,0.0,0.0,0.0,0.0,0.0
2040-04-17 21:00:00,0.0,0.0,0.0,0.0,0.0,40.30593750020489,0.0,0.0,0.0,0.0,0.0
2040-04-17 22:00:00,0.0,0.0,0.0,0.0,0.0,38.12803125020582,0.0,0.0,0.0,0.0,0.0
2040-04-17 23:00:00,0.0,0.0,0.0,0.0,0.0,35.12346875027288,0.0,0.0,0.0,0.0,0.0
2040-04-18 00:00:00,0.0,0.0,0.0,0.0,0.0,31.739093750249594,0.0,0.0,0.0,0.0,0.0
2040-04-18 01:00:00,0.0,0.0,0.0,0.0,0.0,28.416375000262633,0.0,0.0,0.0,0.0,0.0
2040-04-18 02:00:00,0.0,0.0,0.0,0.0,0.0,24.480000000214204,0.0,0.0,0.0,0.0,0.0
2040-04-18 03:00:00,0.0,0.0,0.0,0.0,0.0,23.473750000237487,0.0,0.0,0.0,0.0,0.0
2040-04-18 04:00:00,0.0,0.0,0.0,0.0,0.0,23.34246875019744,0.0,0.0,0.0,0.0,0.0
2040-04-18 05:00:00,0.0,0.0,0.0,0.0,0.0,23.327656250214204,0.0,0.0,0.0,0.0,0.0
2040-04-18 06:00:00,0.0,0.0,0.0,0.0,0.0,25.46168750023935,0.0,0.0,0.0,0.0,0.0
2040-04-18 07:00:00,0.0,0.0,0.0,0.0,0.0,30.673093750257976,0.0,0.0,0.0,0.0,0.0
2040-04-18 08:00:00,0.0,0.0,0.0,0.0,0.0,35.6320312502794,0.0,0.0,0.0,0.0,0.0
2040-04-18 09:00:00,0.0,0.0,0.0,0.0,0.0,37.73740625020582,0.0,0.0,0.0,0.0,0.0
2040-04-18 10:00:00,0.0,0.0,0.0,0.0,0.0,38.82975000026636,0.0,0.0,0.0,0.0,0.0
2040-04-18 11:00:00,0.0,0.0,0.0,0.0,0.0,40.44387500023004,0.0,0.0,0.0,0.0,0.0
2040-04-18 12:00:00,0.0,0.0,0.0,0.0,0.0,41.506000000284985,0.0,0.0,0.0,0.0,0.0
2040-04-18 13:00:00,0.0,0.0,0.0,0.0,0.0,41.82081250019837,0.0,0.0,0.0,0.0,0.0
2040-04-18 14:00:00,0.0,0.0,0.0,0.0,0.0,40.80825000023469,0.0,0.0,0.0,0.0,0.0
2040-04-18 15:00:00,0.0,0.0,0.0,0.0,0.0,40.97328125021886,0.0,0.0,0.0,0.0,0.0
2040-04-18 16:00:00,0.0,0.0,0.0,0.0,0.0,41.47759375022724,0.0,0.0,0.0,0.0,0.0
2040-04-18 17:00:00,0.0,0.0,0.0,0.0,0.0,41.85053125023842,0.0,0.0,0.0,0.0,0.0
2040-04-18 18:00:00,0.0,0.0,0.0,0.0,0.0,43.8265000001993,0.0,0.0,0.0,0.0,0.0
2040-04-18 19:00:00,0.0,0.0,0.0,0.0,0.0,44.618750000256114,0.0,0.0,0.0,0.0,0.0
2040-04-18 20:00:00,0.0,0.0,0.0,0.0,0.0,43.975875000236556,0.0,0.0,0.0,0.0,0.0
2040-04-18 21:00:00,0.0,0.0,0.0,0.0,0.0,41.91859375021886,0.0,0.0,0.0,0.0,0.0
2040-04-18 22:00:00,0.0,0.0,0.0,0.0,0.0,38.61896875023376,0.0,0.0,0.0,0.0,0.0
2040-04-18 23:00:00,0.0,0.0,0.0,0.0,0.0,34.50556250021327,0.0,0.0,0.0,0.0,0.0
2040-04-19 00:00:00,0.0,0.0,0.0,0.0,0.0,29.047562500229105,0.0,0.0,0.0,0.0,0.0
2040-04-19 01:00:00,0.0,0.0,0.0,0.0,0.0,25.7404062502319,0.0,0.0,0.0,0.0,0.0
2040-04-19 02:00:00,0.0,0.0,0.0,0.0,0.0,23.80984375020489,0.0,0.0,0.0,0.0,0.0
2040-04-19 03:00:00,0.0,0.0,0.0,0.0,0.0,22.916125000221655,0.0,0.0,0.0,0.0,0.0
2040-04-19 04:00:00,0.0,0.0,0.0,0.0,0.0,22.722625000285916,0.0,0.0,0.0,0.0,0.0
2040-04-19 05:00:00,0.0,0.0,0.0,0.0,0.0,22.985937500256114,0.0,0.0,0.0,0.0,0.0
2040-04-19 06:00:00,0.0,0.0,0.0,0.0,0.0,24.412312500178814,0.0,0.0,0.0,0.0,0.0
2040-04-19 07:00:00,0.0,0.0,0.0,0.0,0.0,29.42903125018347,0.0,0.0,0.0,0.0,0.0
2040-04-19 08:00:00,0.0,0.0,0.0,0.0,0.0,33.27125000022352,0.0,0.0,0.0,0.0,0.0
2040-04-19 09:00:00,0.0,0.0,0.0,0.0,0.0,35.90550000022631,0.0,0.0,0.0,0.0,0.0
2040-04-19 10:00:00,0.0,0.0,0.0,0.0,0.0,38.70296875026543,0.0,0.0,0.0,0.0,0.0
2040-04-19 11:00:00,0.0,0.0,0.0,0.0,0.0,40.343906250200234,0.0,0.0,0.0,0.0,0.0
2040-04-19 12:00:00,0.0,0.0,0.0,0.0,0.0,40.388656250201166,0.0,0.0,0.0,0.0,0.0
2040-04-19 13:00:00,0.0,0.0,0.0,0.0,0.0,39.86581250024028,0.0,0.0,0.0,0.0,0.0
2040-04-19 14:00:00,0.0,0.0,0.0,0.0,0.0,39.58075000019744,0.0,0.0,0.0,0.0,0.0
2040-04-19 15:00:00,0.0,0.0,0.0,0.0,0.0,39.695375000243075,0.0,0.0,0.0,0.0,0.0
2040-04-19 16:00:00,0.0,0.0,0.0,0.0,0.0,38.42568750027567,0.0,0.0,0.0,0.0,0.0
2040-04-19 17:00:00,0.0,0.0,0.0,0.0,0.0,37.507375000277534,0.0,0.0,0.0,0.0,0.0
2040-04-19 18:00:00,0.0,0.0,0.0,0.0,0.0,37.46318750025239,0.0,0.0,0.0,0.0,0.0
2040-04-19 19:00:00,0.0,0.0,0.0,0.0,0.0,40.90481250023004,0.0,0.0,0.0,0.0,0.0
2040-04-19 20:00:00,0.0,0.0,0.0,0.0,0.0,41.85187500028405,0.0,0.0,0.0,0.0,0.0
2040-04-19 21:00:00,0.0,0.0,0.0,0.0,0.0,40.12737500027288,0.0,0.0,0.0,0.0,0.0
2040-04-19 22:00:00,0.0,0.0,0.0,0.0,0.0,37.86843750020489,0.0,0.0,0.0,0.0,0.0
2040-04-19 23:00:00,0.0,0.0,0.0,0.0,0.0,35.51531250018161,0.0,0.0,0.0,0.0,0.0
2040-04-20 00:00:00,0.0,0.0,0.0,0.0,0.0,32.70743750024121,0.0,0.0,0.0,0.0,0.0
2040-04-20 01:00:00,0.0,0.0,0.0,0.0,0.0,29.36806250025984,0.0,0.0,0.0,0.0,0.0
2040-04-20 02:00:00,0.0,0.0,0.0,0.0,0.0,25.095437500276603,0.0,0.0,0.0,0.0,0.0
2040-04-20 03:00:00,0.0,0.0,0.0,0.0,0.0,23.16693750023842,0.0,0.0,0.0,0.0,0.0
2040-04-20 04:00:00,0.0,0.0,0.0,0.0,0.0,22.492125000222586,0.0,0.0,0.0,0.0,0.0
2040-04-20 05:00:00,0.0,0.0,0.0,0.0,0.0,21.951562500209548,0.0,0.0,0.0,0.0,0.0
2040-04-20 06:00:00,0.0,0.0,0.0,0.0,0.0,21.931125000235625,0.0,0.0,0.0,0.0,0.0
2040-04-20 07:00:00,0.0,0.0,0.0,0.0,0.0,23.122437500278465,0.0,0.0,0.0,0.0,0.0
2040-04-20 08:00:00,0.0,0.0,0.0,0.0,0.0,25.722937500220723,0.0,0.0,0.0,0.0,0.0
2040-04-20 09:00:00,0.0,0.0,0.0,0.0,0.0,29.61593750026077,0.0,0.0,0.0,0.0,0.0
2040-04-20 10:00:00,0.0,0.0,0.0,0.0,0.0,33.084187500178814,0.0,0.0,0.0,0.0,0.0
2040-04-20 11:00:00,0.0,0.0,0.0,0.0,0.0,35.62825000018347,0.0,0.0,0.0,0.0,0.0
2040-04-20 12:00:00,0.0,0.0,0.0,0.0,0.0,36.51118750020396,0.0,0.0,0.0,0.0,0.0
2040-04-20 13:00:00,0.0,0.0,0.0,0.0,0.0,36.318562500178814,0.0,0.0,0.0,0.0,0.0
2040-04-20 14:00:00,0.0,0.0,0.0,0.0,0.0,35.954562500235625,0.0,0.0,0.0,0.0,0.0
2040-04-20 15:00:00,0.0,0.0,0.0,0.0,0.0,35.344937500194646,0.0,0.0,0.0,0.0,0.0
2040-04-20 16:00:00,0.0,0.0,0.0,0.0,0.0,34.65962500020396,0.0,0.0,0.0,0.0,0.0
2040-04-20 17:00:00,0.0,0.0,0.0,0.0,0.0,34.43737500021234,0.0,0.0,0.0,0.0,0.0
2040-04-20 18:00:00,0.0,0.0,0.0,0.0,0.0,35.07581250020303,0.0,0.0,0.0,0.0,0.0
2040-04-20 19:00:00,0.0,0.0,0.0,0.0,0.0,39.403562500257976,0.0,0.0,0.0,0.0,0.0
2040-04-20 20:00:00,0.0,0.0,0.0,0.0,0.0,40.48525000025984,0.0,0.0,0.0,0.0,0.0
2040-04-20 21:00:00,0.0,0.0,0.0,0.0,0.0,39.36812500027008,0.0,0.0,0.0,0.0,0.0
2040-04-20 22:00:00,0.0,0.0,0.0,0.0,0.0,37.63143750024028,0.0,0.0,0.0,0.0,0.0
2040-04-20 23:00:00,0.0,0.0,0.0,0.0,0.0,35.028875000192784,0.0,0.0,0.0,0.0,0.0
2040-04-21 00:00:00,0.0,0.0,0.0,0.0,0.0,31.397562500205822,0.0,0.0,0.0,0.0,0.0
2040-04-21 01:00:00,0.0,0.0,0.0,0.0,0.0,27.864375000237487,0.0,0.0,0.0,0.0,0.0
2040-04-21 02:00:00,0.0,0.0,0.0,0.0,0.0,25.44668750022538,0.0,0.0,0.0,0.0,0.0
2040-04-21 03:00:00,0.0,0.0,0.0,0.0,0.0,23.731375000206754,0.0,0.0,0.0,0.0,0.0
2040-04-21 04:00:00,0.0,0.0,0.0,0.0,0.0,22.745750000234693,0.0,0.0,0.0,0.0,0.0
2040-04-21 05:00:00,0.0,0.0,0.0,0.0,0.0,22.488312500179745,0.0,0.0,0.0,0.0,0.0
2040-04-21 06:00:00,0.0,0.0,0.0,0.0,0.0,22.07106250023935,0.0,0.0,0.0,0.0,0.0
2040-04-21 07:00:00,0.0,0.0,0.0,0.0,0.0,22.381500000250526,0.0,0.0,0.0,0.0,0.0
2040-04-21 08:00:00,0.0,0.0,0.0,0.0,0.0,23.23068750021048,0.0,0.0,0.0,0.0,0.0
2040-04-21 09:00:00,0.0,0.0,0.0,0.0,0.0,23.602750000194646,0.0,0.0,0.0,0.0,0.0
2040-04-21 10:00:00,0.0,0.0,0.0,0.0,0.0,25.7833750002319,0.0,0.0,0.0,0.0,0.0
2040-04-21 11:00:00,0.0,0.0,0.0,0.0,0.0,28.343187500256736,0.0,0.0,0.0,0.0,0.0
2040-04-21 12:00:00,0.0,0.0,0.0,0.0,0.0,30.244625000283122,0.0,0.0,0.0,0.0,0.0
2040-04-21 13:00:00,0.0,0.0,0.0,0.0,0.0,31.620750000234693,0.0,0.0,0.0,0.0,0.0
2040-04-21 14:00:00,0.0,0.0,0.0,0.0,0.0,31.899375000270084,0.0,0.0,0.0,0.0,0.0
2040-04-21 15:00:00,0.0,0.0,0.0,0.0,0.0,31.121750000274282,0.0,0.0,0.0,0.0,0.0
2040-04-21 16:00:00,0.0,0.0,0.0,0.0,0.0,31.01587500027381,0.0,0.0,0.0,0.0,0.0
2040-04-21 17:00:00,0.0,0.0,0.0,0.0,0.0,30.88950000028126,0.0,0.0,0.0,0.0,0.0
2040-04-21 18:00:00,0.0,0.0,0.0,0.0,0.0,32.06800000020303,0.0,0.0,0.0,0.0,0.0
2040-04-21 19:00:00,0.0,0.0,0.0,0.0,0.0,35.991000000271015,0.0,0.0,0.0,0.0,0.0
2040-04-21 20:00:00,0.0,0.0,0.0,0.0,0.0,37.710375000257045,0.0,0.0,0.0,0.0,0.0
2040-04-21 21:00:00,0.0,0.0,0.0,0.0,0.0,38.125687500229105,0.0,0.0,0.0,0.0,0.0
2040-04-21 22:00:00,0.0,0.0,0.0,0.0,0.0,35.92887500021607,0.0,0.0,0.0,0.0,0.0
2040-04-21 23:00:00,0.0,0.0,0.0,0.0,0.0,32.41731250018347,0.0,0.0,0.0,0.0,0.0
2040-04-22 00:00:00,0.0,0.0,0.0,0.0,0.0,29.20125000027474,0.0,0.0,0.0,0.0,0.0
2040-04-22 01:00:00,0.0,0.0,0.0,0.0,0.0,25.947687500272878,0.0,0.0,0.0,0.0,0.0
2040-04-22 02:00:00,0.0,0.0,0.0,0.0,0.0,22.842437500250526,0.0,0.0,0.0,0.0,0.0
2040-04-22 03:00:00,0.0,0.0,0.0,0.0,0.0,21.767375000286847,0.0,0.0,0.0,0.0,0.0
2040-04-22 04:00:00,0.0,0.0,0.0,0.0,0.0,21.620875000255182,0.0,0.0,0.0,0.0,0.0
2040-04-22 05:00:00,0.0,0.0,0.0,0.0,0.0,21.580312500242144,0.0,0.0,0.0,0.0,0.0
2040-04-22 06:00:00,0.0,0.0,0.0,0.0,0.0,24.501562500256114,0.0,0.0,0.0,0.0,0.0
2040-04-22 07:00:00,0.0,0.0,0.0,0.0,0.0,29.74768750020303,0.0,0.0,0.0,0.0,0.0
2040-04-22 08:00:00,0.0,0.0,0.0,0.0,0.0,34.157812500256114,0.0,0.0,0.0,0.0,0.0
2040-04-22 09:00:00,0.0,0.0,0.0,0.0,0.0,36.770125000271946,0.0,0.0,0.0,0.0,0.0
2040-04-22 10:00:00,0.0,0.0,0.0,0.0,0.0,38.29012500029057,0.0,0.0,0.0,0.0,0.0
2040-04-22 11:00:00,0.0,0.0,0.0,0.0,0.0,38.99112500017509,0.0,0.0,0.0,0.0,0.0
2040-04-22 12:00:00,0.0,0.0,0.0,0.0,0.0,39.51318750018254,0.0,0.0,0.0,0.0,0.0
2040-04-22 13:00:00,0.0,0.0,0.0,0.0,0.0,40.00231250026263,0.0,0.0,0.0,0.0,0.0
2040-04-22 14:00:00,0.0,0.0,0.0,0.0,0.0,39.80012500018347,0.0,0.0,0.0,0.0,0.0
2040-04-22 15:00:00,0.0,0.0,0.0,0.0,0.0,40.164875000249594,0.0,0.0,0.0,0.0,0.0
2040-04-22 16:00:00,0.0,0.0,0.0,0.0,0.0,39.82856250018813,0.0,0.0,0.0,0.0,0.0
2040-04-22 17:00:00,0.0,0.0,0.0,0.0,0.0,39.49887500028126,0.0,0.0,0.0,0.0,0.0
2040-04-22 18:00:00,0.0,0.0,0.0,0.0,0.0,39.92756250023376,0.0,0.0,0.0,0.0,0.0
2040-04-22 19:00:00,0.0,0.0,0.0,0.0,0.0,42.57937500020489,0.0,0.0,0.0,0.0,0.0
2040-04-22 20:00:00,0.0,0.0,0.0,0.0,0.0,42.325437500257976,0.0,0.0,0.0,0.0,0.0
2040-04-22 21:00:00,0.0,0.0,0.0,0.0,0.0,40.949375000200234,0.0,0.0,0.0,0.0,0.0
2040-04-22 22:00:00,0.0,0.0,0.0,0.0,0.0,38.663375000236556,0.0,0.0,0.0,0.0,0.0
2040-04-22 23:00:00,0.0,0.0,0.0,0.0,0.0,35.559500000206754,0.0,0.0,0.0,0.0,0.0
2040-04-23 00:00:00,0.0,0.0,0.0,0.0,0.0,30.4240000002319,0.0,0.0,0.0,0.0,0.0
2040-04-23 01:00:00,0.0,0.0,0.0,0.0,0.0,26.094312500208616,0.0,0.0,0.0,0.0,0.0
2040-04-23 02:00:00,0.0,0.0,0.0,0.0,0.0,23.93212500028315,0.0,0.0,0.0,0.0,0.0
2040-04-23 03:00:00,0.0,0.0,0.0,0.0,0.0,22.611812500283122,0.0,0.0,0.0,0.0,0.0
2040-04-23 04:00:00,0.0,0.0,0.0,0.0,0.0,22.160437500220723,0.0,0.0,0.0,0.0,0.0
2040-04-23 05:00:00,0.0,0.0,0.0,0.0,0.0,22.083375000281237,0.0,0.0,0.0,0.0,0.0
2040-04-23 06:00:00,0.0,0.0,0.0,0.0,0.0,24.41037500021048,0.0,0.0,0.0,0.0,0.0
2040-04-23 07:00:00,0.0,0.0,0.0,0.0,0.0,29.679000000239615,0.0,0.0,0.0,0.0,0.0
2040-04-23 08:00:00,0.0,0.0,0.0,0.0,0.0,34.106062500271946,0.0,0.0,0.0,0.0,0.0
2040-04-23 09:00:00,0.0,0.0,0.0,0.0,0.0,36.67325000022538,0.0,0.0,0.0,0.0,0.0
2040-04-23 10:00:00,0.0,0.0,0.0,0.0,0.0,39.730625000200234,0.0,0.0,0.0,0.0,0.0
2040-04-23 11:00:00,0.0,0.0,0.0,0.0,0.0,40.99643750023097,0.0,0.0,0.0,0.0,0.0
2040-04-23 12:00:00,0.0,0.0,0.0,0.0,0.0,41.06893750024028,0.0,0.0,0.0,0.0,0.0
2040-04-23 13:00:00,0.0,0.0,0.0,0.0,0.0,40.771625000284985,0.0,0.0,0.0,0.0,0.0
2040-04-23 14:00:00,0.0,0.0,0.0,0.0,0.0,39.4079375002766,0.0,0.0,0.0,0.0,0.0
2040-04-23 15:00:00,0.0,0.0,0.0,0.0,0.0,39.364812500192784,0.0,0.0,0.0,0.0,0.0
2040-04-23 16:00:00,0.0,0.0,0.0,0.0,0.0,38.03750000020955,0.0,0.0,0.0,0.0,0.0
2040-04-23 17:00:00,0.0,0.0,0.0,0.0,0.0,37.36506250023376,0.0,0.0,0.0,0.0,0.0
2040-04-23 18:00:00,0.0,0.0,0.0,0.0,0.0,38.02418750023935,0.0,0.0,0.0,0.0,0.0
2040-04-23 19:00:00,0.0,0.0,0.0,0.0,0.0,40.55375000019558,0.0,0.0,0.0,0.0,0.0
2040-04-23 20:00:00,0.0,0.0,0.0,0.0,0.0,39.82487500028219,0.0,0.0,0.0,0.0,0.0
2040-04-23 21:00:00,0.0,0.0,0.0,0.0,0.0,38.0802500002319,0.0,0.0,0.0,0.0,0.0
2040-04-23 22:00:00,0.0,0.0,0.0,0.0,0.0,35.61993750021793,0.0,0.0,0.0,0.0,0.0
2040-04-23 23:00:00,0.0,0.0,0.0,0.0,0.0,32.507375000277534,0.0,0.0,0.0,0.0,0.0
2040-04-24 00:00:00,0.0,0.0,0.0,0.0,0.0,28.896875000209548,0.0,0.0,0.0,0.0,0.0
2040-04-24 01:00:00,0.0,0.0,0.0,0.0,0.0,26.447625000262633,0.0,0.0,0.0,0.0,0.0
2040-04-24 02:00:00,0.0,0.0,0.0,0.0,0.0,24.5044375002617,0.0,0.0,0.0,0.0,0.0
2040-04-24 03:00:00,0.0,0.0,0.0,0.0,0.0,22.943125000223517,0.0,0.0,0.0,0.0,0.0
2040-04-24 04:00:00,0.0,0.0,0.0,0.0,0.0,22.203125,0.0,0.0,0.0,0.0,0.0
2040-04-24 05:00:00,0.0,0.0,0.0,0.0,0.0,22.289437500177883,0.0,0.0,0.0,0.0,0.0
2040-04-24 06:00:00,0.0,0.0,0.0,0.0,0.0,24.695062500191852,0.0,0.0,0.0,0.0,0.0
2040-04-24 07:00:00,0.0,0.0,0.0,0.0,0.0,30.000062500243075,0.0,0.0,0.0,0.0,0.0
2040-04-24 08:00:00,0.0,0.0,0.0,0.0,0.0,33.60593750025146,0.0,0.0,0.0,0.0,0.0
2040-04-24 09:00:00,0.0,0.0,0.0,0.0,0.0,38.294500000192784,0.0,0.0,0.0,0.0,0.0
2040-04-24 10:00:00,0.0,0.0,0.0,0.0,0.0,39.161500000278465,0.0,0.0,0.0,0.0,0.0
2040-04-24 11:00:00,0.0,0.0,0.0,0.0,0.0,40.25518750026822,0.0,0.0,0.0,0.0,0.0
2040-04-24 12:00:00,0.0,0.0,0.0,0.0,0.0,41.3872500002617,0.0,0.0,0.0,0.0,0.0
2040-04-24 13:00:00,0.0,0.0,0.0,0.0,0.0,41.31287500017788,0.0,0.0,0.0,0.0,0.0
2040-04-24 14:00:00,0.0,0.0,0.0,0.0,0.0,40.38968750019558,0.0,0.0,0.0,0.0,0.0
2040-04-24 15:00:00,0.0,0.0,0.0,0.0,0.0,40.262687500217,0.0,0.0,0.0,0.0,0.0
2040-04-24 16:00:00,0.0,0.0,0.0,0.0,0.0,38.35656250023749,0.0,0.0,0.0,0.0,0.0
2040-04-24 17:00:00,0.0,0.0,0.0,0.0,0.0,37.684187500271946,0.0,0.0,0.0,0.0,0.0
2040-04-24 18:00:00,0.0,0.0,0.0,0.0,0.0,38.01737500028685,0.0,0.0,0.0,0.0,0.0
2040-04-24 19:00:00,0.0,0.0,0.0,0.0,0.0,41.20087500021327,0.0,0.0,0.0,0.0,0.0
2040-04-24 20:00:00,0.0,0.0,0.0,0.0,0.0,41.25831250019837,0.0,0.0,0.0,0.0,0.0
2040-04-24 21:00:00,0.0,0.0,0.0,0.0,0.0,39.629812500206754,0.0,0.0,0.0,0.0,0.0
2040-04-24 22:00:00,0.0,0.0,0.0,0.0,0.0,37.25687500019558,0.0,0.0,0.0,0.0,0.0
2040-04-24 23:00:00,0.0,0.0,0.0,0.0,0.0,34.32506250019651,0.0,0.0,0.0,0.0,0.0
2040-04-25 00:00:00,0.0,0.0,0.0,0.0,0.0,30.45500000019092,0.0,0.0,0.0,0.0,0.0
2040-04-25 01:00:00,0.0,0.0,0.0,0.0,0.0,27.030375000205822,0.0,0.0,0.0,0.0,0.0
2040-04-25 02:00:00,0.0,0.0,0.0,0.0,0.0,24.82612500025425,0.0,0.0,0.0,0.0,0.0
2040-04-25 03:00:00,0.0,0.0,0.0,0.0,0.0,23.53000000026077,0.0,0.0,0.0,0.0,0.0
2040-04-25 04:00:00,0.0,0.0,0.0,0.0,0.0,23.058750000200234,0.0,0.0,0.0,0.0,0.0
2040-04-25 05:00:00,0.0,0.0,0.0,0.0,0.0,23.022500000195578,0.0,0.0,0.0,0.0,0.0
2040-04-25 06:00:00,0.0,0.0,0.0,0.0,0.0,25.07487500028219,0.0,0.0,0.0,0.0,0.0
2040-04-25 07:00:00,0.0,0.0,0.0,0.0,0.0,30.505750000244007,0.0,0.0,0.0,0.0,0.0
2040-04-25 08:00:00,0.0,0.0,0.0,0.0,0.0,34.13787500024773,0.0,0.0,0.0,0.0,0.0
2040-04-25 09:00:00,0.0,0.0,0.0,0.0,0.0,37.60243750025984,0.0,0.0,0.0,0.0,0.0
2040-04-25 10:00:00,0.0,0.0,0.0,0.0,0.0,38.12681250018068,0.0,0.0,0.0,0.0,0.0
2040-04-25 11:00:00,0.0,0.0,0.0,0.0,0.0,39.051562500186265,0.0,0.0,0.0,0.0,0.0
2040-04-25 12:00:00,0.0,0.0,0.0,0.0,0.0,39.1964375001844,0.0,0.0,0.0,0.0,0.0
2040-04-25 13:00:00,0.0,0.0,0.0,0.0,0.0,39.80062500026543,0.0,0.0,0.0,0.0,0.0
2040-04-25 14:00:00,0.0,0.0,0.0,0.0,0.0,39.60406250017695,0.0,0.0,0.0,0.0,0.0
2040-04-25 15:00:00,0.0,0.0,0.0,0.0,0.0,39.358812500257045,0.0,0.0,0.0,0.0,0.0
2040-04-25 16:00:00,0.0,0.0,0.0,0.0,0.0,40.391437500249594,0.0,0.0,0.0,0.0,0.0
2040-04-25 17:00:00,0.0,0.0,0.0,0.0,0.0,40.18537500023376,0.0,0.0,0.0,0.0,0.0
2040-04-25 18:00:00,0.0,0.0,0.0,0.0,0.0,41.83343750028871,0.0,0.0,0.0,0.0,0.0
2040-04-25 19:00:00,0.0,0.0,0.0,0.0,0.0,43.61518750025425,0.0,0.0,0.0,0.0,0.0
2040-04-25 20:00:00,0.0,0.0,0.0,0.0,0.0,42.355625000200234,0.0,0.0,0.0,0.0,0.0
2040-04-25 21:00:00,0.0,0.0,0.0,0.0,0.0,40.937062500277534,0.0,0.0,0.0,0.0,0.0
2040-04-25 22:00:00,0.0,0.0,0.0,0.0,0.0,37.887687500217,0.0,0.0,0.0,0.0,0.0
2040-04-25 23:00:00,0.0,0.0,0.0,0.0,0.0,33.774875000235625,0.0,0.0,0.0,0.0,0.0
2040-04-26 00:00:00,0.0,0.0,0.0,0.0,0.0,30.090187500230968,0.0,0.0,0.0,0.0,0.0
2040-04-26 01:00:00,0.0,0.0,0.0,0.0,0.0,26.566062500234693,0.0,0.0,0.0,0.0,0.0
2040-04-26 02:00:00,0.0,0.0,0.0,0.0,0.0,24.4630625002319,0.0,0.0,0.0,0.0,0.0
2040-04-26 03:00:00,0.0,0.0,0.0,0.0,0.0,23.574500000220723,0.0,0.0,0.0,0.0,0.0
2040-04-26 04:00:00,0.0,0.0,0.0,0.0,0.0,22.779000000213273,0.0,0.0,0.0,0.0,0.0
2040-04-26 05:00:00,0.0,0.0,0.0,0.0,0.0,22.4609375,0.0,0.0,0.0,0.0,0.0
2040-04-26 06:00:00,0.0,0.0,0.0,0.0,0.0,24.668937500216998,0.0,0.0,0.0,0.0,0.0
2040-04-26 07:00:00,0.0,0.0,0.0,0.0,0.0,29.740875000250526,0.0,0.0,0.0,0.0,0.0
2040-04-26 08:00:00,0.0,0.0,0.0,0.0,0.0,32.64893750019837,0.0,0.0,0.0,0.0,0.0
2040-04-26 09:00:00,0.0,0.0,0.0,0.0,0.0,35.536125000217,0.0,0.0,0.0,0.0,0.0
2040-04-26 10:00:00,0.0,0.0,0.0,0.0,0.0,37.967437500250526,0.0,0.0,0.0,0.0,0.0
2040-04-26 11:00:00,0.0,0.0,0.0,0.0,0.0,39.467000000178814,0.0,0.0,0.0,0.0,0.0
2040-04-26 12:00:00,0.0,0.0,0.0,0.0,0.0,39.86031250027008,0.0,0.0,0.0,0.0,0.0
2040-04-26 13:00:00,0.0,0.0,0.0,0.0,0.0,40.41825000022072,0.0,0.0,0.0,0.0,0.0
2040-04-26 14:00:00,0.0,0.0,0.0,0.0,0.0,39.912312500178814,0.0,0.0,0.0,0.0,0.0
2040-04-26 15:00:00,0.0,0.0,0.0,0.0,0.0,39.49581250024494,0.0,0.0,0.0,0.0,0.0
2040-04-26 16:00:00,0.0,0.0,0.0,0.0,0.0,38.846437500207685,0.0,0.0,0.0,0.0,0.0
2040-04-26 17:00:00,0.0,0.0,0.0,0.0,0.0,38.559562500217,0.0,0.0,0.0,0.0,0.0
2040-04-26 18:00:00,0.0,0.0,0.0,0.0,0.0,38.70650000020396,0.0,0.0,0.0,0.0,0.0
2040-04-26 19:00:00,0.0,0.0,0.0,0.0,0.0,42.18475000024773,0.0,0.0,0.0,0.0,0.0
2040-04-26 20:00:00,0.0,0.0,0.0,0.0,0.0,42.51862500025891,0.0,0.0,0.0,0.0,0.0
2040-04-26 21:00:00,0.0,0.0,0.0,0.0,0.0,40.70993750018533,0.0,0.0,0.0,0.0,0.0
2040-04-26 22:00:00,0.0,0.0,0.0,0.0,0.0,37.76281250023749,0.0,0.0,0.0,0.0,0.0
2040-04-26 23:00:00,0.0,0.0,0.0,0.0,0.0,35.76100000028964,0.0,0.0,0.0,0.0,0.0
2040-04-27 00:00:00,0.0,0.0,0.0,0.0,0.0,31.853250000276603,0.0,0.0,0.0,0.0,0.0
2040-04-27 01:00:00,0.0,0.0,0.0,0.0,0.0,28.145562500227243,0.0,0.0,0.0,0.0,0.0
2040-04-27 02:00:00,0.0,0.0,0.0,0.0,0.0,25.034375000279397,0.0,0.0,0.0,0.0,0.0
2040-04-27 03:00:00,0.0,0.0,0.0,0.0,0.0,23.120625000214204,0.0,0.0,0.0,0.0,0.0
2040-04-27 04:00:00,0.0,0.0,0.0,0.0,0.0,22.26725000026636,0.0,0.0,0.0,0.0,0.0
2040-04-27 05:00:00,0.0,0.0,0.0,0.0,0.0,21.983937500277534,0.0,0.0,0.0,0.0,0.0
2040-04-27 06:00:00,0.0,0.0,0.0,0.0,0.0,21.831062500248663,0.0,0.0,0.0,0.0,0.0
2040-04-27 07:00:00,0.0,0.0,0.0,0.0,0.0,22.747250000247732,0.0,0.0,0.0,0.0,0.0
2040-04-27 08:00:00,0.0,0.0,0.0,0.0,0.0,25.62900000018999,0.0,0.0,0.0,0.0,0.0
2040-04-27 09:00:00,0.0,0.0,0.0,0.0,0.0,29.01243750017602,0.0,0.0,0.0,0.0,0.0
2040-04-27 10:00:00,0.0,0.0,0.0,0.0,0.0,31.568375000264496,0.0,0.0,0.0,0.0,0.0
2040-04-27 11:00:00,0.0,0.0,0.0,0.0,0.0,34.05012500018347,0.0,0.0,0.0,0.0,0.0
2040-04-27 12:00:00,0.0,0.0,0.0,0.0,0.0,35.015187500277534,0.0,0.0,0.0,0.0,0.0
2040-04-27 13:00:00,0.0,0.0,0.0,0.0,0.0,35.63956250017509,0.0,0.0,0.0,0.0,0.0
2040-04-27 14:00:00,0.0,0.0,0.0,0.0,0.0,35.248187500284985,0.0,0.0,0.0,0.0,0.0
2040-04-27 15:00:00,0.0,0.0,0.0,0.0,0.0,35.1482500002021,0.0,0.0,0.0,0.0,0.0
2040-04-27 16:00:00,0.0,0.0,0.0,0.0,0.0,34.62687500019092,0.0,0.0,0.0,0.0,0.0
2040-04-27 17:00:00,0.0,0.0,0.0,0.0,0.0,34.27450000029057,0.0,0.0,0.0,0.0,0.0
2040-04-27 18:00:00,0.0,0.0,0.0,0.0,0.0,35.34562500019092,0.0,0.0,0.0,0.0,0.0
2040-04-27 19:00:00,0.0,0.0,0.0,0.0,0.0,38.81375000020489,0.0,0.0,0.0,0.0,0.0
2040-04-27 20:00:00,0.0,0.0,0.0,0.0,0.0,38.676375000271946,0.0,0.0,0.0,0.0,0.0
2040-04-27 21:00:00,0.0,0.0,0.0,0.0,0.0,36.973250000271946,0.0,0.0,0.0,0.0,0.0
2040-04-27 22:00:00,0.0,0.0,0.0,0.0,0.0,34.980000000214204,0.0,0.0,0.0,0.0,0.0
2040-04-27 23:00:00,0.0,0.0,0.0,0.0,0.0,32.34912500018254,0.0,0.0,0.0,0.0,0.0
2040-04-28 00:00:00,0.0,0.0,0.0,0.0,0.0,29.589625000255182,0.0,0.0,0.0,0.0,0.0
2040-04-28 01:00:00,0.0,0.0,0.0,0.0,0.0,27.774750000215136,0.0,0.0,0.0,0.0,0.0
2040-04-28 02:00:00,0.0,0.0,0.0,0.0,0.0,25.025000000256114,0.0,0.0,0.0,0.0,0.0
2040-04-28 03:00:00,0.0,0.0,0.0,0.0,0.0,23.18500000028871,0.0,0.0,0.0,0.0,0.0
2040-04-28 04:00:00,0.0,0.0,0.0,0.0,0.0,22.84775000018999,0.0,0.0,0.0,0.0,0.0
2040-04-28 05:00:00,0.0,0.0,0.0,0.0,0.0,22.135750000248663,0.0,0.0,0.0,0.0,0.0
2040-04-28 06:00:00,0.0,0.0,0.0,0.0,0.0,21.462500000256114,0.0,0.0,0.0,0.0,0.0
2040-04-28 07:00:00,0.0,0.0,0.0,0.0,0.0,21.868125000270084,0.0,0.0,0.0,0.0,0.0
2040-04-28 08:00:00,0.0,0.0,0.0,0.0,0.0,23.115375000284985,0.0,0.0,0.0,0.0,0.0
2040-04-28 09:00:00,0.0,0.0,0.0,0.0,0.0,23.56712500017602,0.0,0.0,0.0,0.0,0.0
2040-04-28 10:00:00,0.0,0.0,0.0,0.0,0.0,26.134125000215136,0.0,0.0,0.0,0.0,0.0
2040-04-28 11:00:00,0.0,0.0,0.0,0.0,0.0,29.054875000263564,0.0,0.0,0.0,0.0,0.0
2040-04-28 12:00:00,0.0,0.0,0.0,0.0,0.0,31.41037500021048,0.0,0.0,0.0,0.0,0.0
2040-04-28 13:00:00,0.0,0.0,0.0,0.0,0.0,33.071750000235625,0.0,0.0,0.0,0.0,0.0
2040-04-28 14:00:00,0.0,0.0,0.0,0.0,0.0,33.28412500023842,0.0,0.0,0.0,0.0,0.0
2040-04-28 15:00:00,0.0,0.0,0.0,0.0,0.0,32.60675000026822,0.0,0.0,0.0,0.0,0.0
2040-04-28 16:00:00,0.0,0.0,0.0,0.0,0.0,32.59250000026077,0.0,0.0,0.0,0.0,0.0
2040-04-28 17:00:00,0.0,0.0,0.0,0.0,0.0,32.73675000027288,0.0,0.0,0.0,0.0,0.0
2040-04-28 18:00:00,0.0,0.0,0.0,0.0,0.0,34.45100000023376,0.0,0.0,0.0,0.0,0.0
2040-04-28 19:00:00,0.0,0.0,0.0,0.0,0.0,38.3845000002766,0.0,0.0,0.0,0.0,0.0
2040-04-28 20:00:00,0.0,0.0,0.0,0.0,0.0,38.977250000229105,0.0,0.0,0.0,0.0,0.0
2040-04-28 21:00:00,0.0,0.0,0.0,0.0,0.0,37.960250000236556,0.0,0.0,0.0,0.0,0.0
2040-04-28 22:00:00,0.0,0.0,0.0,0.0,0.0,35.416875000228174,0.0,0.0,0.0,0.0,0.0
2040-04-28 23:00:00,0.0,0.0,0.0,0.0,0.0,32.73875000025146,0.0,0.0,0.0,0.0,0.0
2040-04-29 00:00:00,0.0,0.0,0.0,0.0,0.0,29.23975000018254,0.0,0.0,0.0,0.0,0.0
2040-04-29 01:00:00,0.0,0.0,0.0,0.0,0.0,26.407375000184402,0.0,0.0,0.0,0.0,0.0
2040-04-29 02:00:00,0.0,0.0,0.0,0.0,0.0,23.997625000192784,0.0,0.0,0.0,0.0,0.0
2040-04-29 03:00:00,0.0,0.0,0.0,0.0,0.0,23.04362500028219,0.0,0.0,0.0,0.0,0.0
2040-04-29 04:00:00,0.0,0.0,0.0,0.0,0.0,22.62175000028219,0.0,0.0,0.0,0.0,0.0
2040-04-29 05:00:00,0.0,0.0,0.0,0.0,0.0,23.09650000021793,0.0,0.0,0.0,0.0,0.0
2040-04-29 06:00:00,0.0,0.0,0.0,0.0,0.0,25.217250000219792,0.0,0.0,0.0,0.0,0.0
2040-04-29 07:00:00,0.0,0.0,0.0,0.0,0.0,30.92387500021141,0.0,0.0,0.0,0.0,0.0
2040-04-29 08:00:00,0.0,0.0,0.0,0.0,0.0,34.4001250002766,0.0,0.0,0.0,0.0,0.0
2040-04-29 09:00:00,0.0,0.0,0.0,0.0,0.0,36.31537500023842,0.0,0.0,0.0,0.0,0.0
2040-04-29 10:00:00,0.0,0.0,0.0,0.0,0.0,37.963000000221655,0.0,0.0,0.0,0.0,0.0
2040-04-29 11:00:00,0.0,0.0,0.0,0.0,0.0,39.413625000277534,0.0,0.0,0.0,0.0,0.0
2040-04-29 12:00:00,0.0,0.0,0.0,0.0,0.0,40.185125000192784,0.0,0.0,0.0,0.0,0.0
2040-04-29 13:00:00,0.0,0.0,0.0,0.0,0.0,40.50812500028405,0.0,0.0,0.0,0.0,0.0
2040-04-29 14:00:00,0.0,0.0,0.0,0.0,0.0,40.10712500021327,0.0,0.0,0.0,0.0,0.0
2040-04-29 15:00:00,0.0,0.0,0.0,0.0,0.0,39.99512500024866,0.0,0.0,0.0,0.0,0.0
2040-04-29 16:00:00,0.0,0.0,0.0,0.0,0.0,41.089375000214204,0.0,0.0,0.0,0.0,0.0
2040-04-29 17:00:00,0.0,0.0,0.0,0.0,0.0,40.39162500028033,0.0,0.0,0.0,0.0,0.0
2040-04-29 18:00:00,0.0,0.0,0.0,0.0,0.0,40.4396250002319,0.0,0.0,0.0,0.0,0.0
2040-04-29 19:00:00,0.0,0.0,0.0,0.0,0.0,43.76537500019185,0.0,0.0,0.0,0.0,0.0
2040-04-29 20:00:00,0.0,0.0,0.0,0.0,0.0,42.681750000221655,0.0,0.0,0.0,0.0,0.0
2040-04-29 21:00:00,0.0,0.0,0.0,0.0,0.0,40.71650000021327,0.0,0.0,0.0,0.0,0.0
2040-04-29 22:00:00,0.0,0.0,0.0,0.0,0.0,38.20175000024316,0.0,0.0,0.0,0.0,0.0
2040-04-29 23:00:00,0.0,0.0,0.0,0.0,0.0,35.2796250001993,0.0,0.0,0.0,0.0,0.0
2040-04-30 00:00:00,0.0,0.0,0.0,0.0,0.0,30.030125000281444,0.0,0.0,0.0,0.0,0.0
2040-04-30 01:00:00,0.0,0.0,0.0,0.0,0.0,26.89225000026636,0.0,0.0,0.0,0.0,0.0
2040-04-30 02:00:00,0.0,0.0,0.0,0.0,0.0,24.537500000209548,0.0,0.0,0.0,0.0,0.0
2040-04-30 03:00:00,0.0,0.0,0.0,0.0,0.0,23.366000000271015,0.0,0.0,0.0,0.0,0.0
2040-04-30 04:00:00,0.0,0.0,0.0,0.0,0.0,22.772000000230037,0.0,0.0,0.0,0.0,0.0
2040-04-30 05:00:00,0.0,0.0,0.0,0.0,0.0,22.520500000216998,0.0,0.0,0.0,0.0,0.0
2040-04-30 06:00:00,0.0,0.0,0.0,0.0,0.0,24.79950000019744,0.0,0.0,0.0,0.0,0.0
2040-04-30 07:00:00,0.0,0.0,0.0,0.0,0.0,30.389125000219792,0.0,0.0,0.0,0.0,0.0
2040-04-30 08:00:00,0.0,0.0,0.0,0.0,0.0,34.75087500025984,0.0,0.0,0.0,0.0,0.0
2040-04-30 09:00:00,0.0,0.0,0.0,0.0,0.0,38.78225000028033,0.0,0.0,0.0,0.0,0.0
2040-04-30 10:00:00,0.0,0.0,0.0,0.0,0.0,40.66512500029057,0.0,0.0,0.0,0.0,0.0
2040-04-30 11:00:00,0.0,0.0,0.0,0.0,0.0,41.81150000018533,0.0,0.0,0.0,0.0,0.0
2040-04-30 12:00:00,0.0,0.0,0.0,0.0,0.0,41.76337500021327,0.0,0.0,0.0,0.0,0.0
2040-04-30 13:00:00,0.0,0.0,0.0,0.0,0.0,41.15812500019092,0.0,0.0,0.0,0.0,0.0
2040-04-30 14:00:00,0.0,0.0,0.0,0.0,0.0,40.20062500028871,0.0,0.0,0.0,0.0,0.0
2040-04-30 15:00:00,0.0,0.0,0.0,0.0,0.0,40.087250000215136,0.0,0.0,0.0,0.0,0.0
2040-04-30 16:00:00,0.0,0.0,0.0,0.0,0.0,39.7052500002319,0.0,0.0,0.0,0.0,0.0
2040-04-30 17:00:00,0.0,0.0,0.0,0.0,0.0,39.421875,0.0,0.0,0.0,0.0,0.0
2040-04-30 18:00:00,0.0,0.0,0.0,0.0,0.0,39.28550000023097,0.0,0.0,0.0,0.0,0.0
2040-04-30 19:00:00,0.0,0.0,0.0,0.0,0.0,42.15137500024866,0.0,0.0,0.0,0.0,0.0
2040-04-30 20:00:00,0.0,0.0,0.0,0.0,0.0,41.90862500027288,0.0,0.0,0.0,0.0,0.0
2040-04-30 21:00:00,0.0,0.0,0.0,0.0,0.0,40.37800000025891,0.0,0.0,0.0,0.0,0.0
2040-04-30 22:00:00,0.0,0.0,0.0,0.0,0.0,38.509875000221655,0.0,0.0,0.0,0.0,0.0
2040-04-30 23:00:00,0.0,0.0,0.0,0.0,0.0,35.83775000018068,0.0,0.0,0.0,0.0,0.0
2040-05-01 00:00:00,0.0,0.0,0.0,0.0,0.0,38.68275000026915,0.0,0.0,0.0,0.0,0.0
2040-05-01 01:00:00,0.0,0.0,0.0,0.0,0.0,27.952875000191852,0.0,0.0,0.0,0.0,0.0
2040-05-01 02:00:00,0.0,0.0,0.0,0.0,0.0,25.732125000213273,0.0,0.0,0.0,0.0,0.0
2040-05-01 03:00:00,0.0,0.0,0.0,0.0,0.0,24.269500000285916,0.0,0.0,0.0,0.0,0.0
2040-05-01 04:00:00,0.0,0.0,0.0,0.0,0.0,23.51825000019746,0.0,0.0,0.0,0.0,0.0
2040-05-01 05:00:00,0.0,0.0,0.0,0.0,0.0,23.052875000284985,0.0,0.0,0.0,0.0,0.0
2040-05-01 06:00:00,0.0,0.0,0.0,0.0,0.0,23.21550000028219,0.0,0.0,0.0,0.0,0.0
2040-05-01 07:00:00,0.0,0.0,0.0,0.0,0.0,23.77175000018906,0.0,0.0,0.0,0.0,0.0
2040-05-01 08:00:00,0.0,0.0,0.0,0.0,0.0,24.392375000286847,0.0,0.0,0.0,0.0,0.0
2040-05-01 09:00:00,0.0,0.0,0.0,0.0,0.0,24.695750000188127,0.0,0.0,0.0,0.0,0.0
2040-05-01 10:00:00,0.0,0.0,0.0,0.0,0.0,27.237500000279397,0.0,0.0,0.0,0.0,0.0
2040-05-01 11:00:00,0.0,0.0,0.0,0.0,0.0,29.668250000220723,0.0,0.0,0.0,0.0,0.0
2040-05-01 12:00:00,0.0,0.0,0.0,0.0,0.0,31.84387500025332,0.0,0.0,0.0,0.0,0.0
2040-05-01 13:00:00,0.0,0.0,0.0,0.0,0.0,32.82950000022538,0.0,0.0,0.0,0.0,0.0
2040-05-01 14:00:00,0.0,0.0,0.0,0.0,0.0,31.473250000271946,0.0,0.0,0.0,0.0,0.0
2040-05-01 15:00:00,0.0,0.0,0.0,0.0,0.0,30.819000000250526,0.0,0.0,0.0,0.0,0.0
2040-05-01 16:00:00,0.0,0.0,0.0,0.0,0.0,30.542375000193715,0.0,0.0,0.0,0.0,0.0
2040-05-01 17:00:00,0.0,0.0,0.0,0.0,0.0,31.20262500026729,0.0,0.0,0.0,0.0,0.0
2040-05-01 18:00:00,0.0,0.0,0.0,0.0,0.0,33.7531250002794,0.0,0.0,0.0,0.0,0.0
2040-05-01 19:00:00,0.0,0.0,0.0,0.0,0.0,37.28375000017695,0.0,0.0,0.0,0.0,0.0
2040-05-01 20:00:00,0.0,0.0,0.0,0.0,0.0,37.215000000200234,0.0,0.0,0.0,0.0,0.0
2040-05-01 21:00:00,0.0,0.0,0.0,0.0,0.0,36.03700000024401,0.0,0.0,0.0,0.0,0.0
2040-05-01 22:00:00,0.0,0.0,0.0,0.0,0.0,33.8577500001993,0.0,0.0,0.0,0.0,0.0
2040-05-01 23:00:00,0.0,0.0,0.0,0.0,0.0,30.70925000018906,0.0,0.0,0.0,0.0,0.0
2040-05-02 00:00:00,0.0,0.0,0.0,0.0,0.0,27.416875000228174,0.0,0.0,0.0,0.0,0.0
2040-05-02 01:00:00,0.0,0.0,0.0,0.0,0.0,24.661000000194157,0.0,0.0,0.0,0.0,0.0
2040-05-02 02:00:00,0.0,0.0,0.0,0.0,0.0,23.253625000244938,0.0,0.0,0.0,0.0,0.0
2040-05-02 03:00:00,0.0,0.0,0.0,0.0,0.0,21.929000000236556,0.0,0.0,0.0,0.0,0.0
2040-05-02 04:00:00,0.0,0.0,0.0,0.0,0.0,21.61775000021245,0.0,0.0,0.0,0.0,0.0
2040-05-02 05:00:00,0.0,0.0,0.0,0.0,0.0,22.167625000234693,0.0,0.0,0.0,0.0,0.0
2040-05-02 06:00:00,0.0,0.0,0.0,0.0,0.0,25.709000000264496,0.0,0.0,0.0,0.0,0.0
2040-05-02 07:00:00,0.0,0.0,0.0,0.0,0.0,30.723000000230968,0.0,0.0,0.0,0.0,0.0
2040-05-02 08:00:00,0.0,0.0,0.0,0.0,0.0,35.73737500025891,0.0,0.0,0.0,0.0,0.0
2040-05-02 09:00:00,0.0,0.0,0.0,0.0,0.0,37.89150000025984,0.0,0.0,0.0,0.0,0.0
2040-05-02 10:00:00,0.0,0.0,0.0,0.0,0.0,39.01712500024587,0.0,0.0,0.0,0.0,0.0
2040-05-02 11:00:00,0.0,0.0,0.0,0.0,0.0,40.54550000024028,0.0,0.0,0.0,0.0,0.0
2040-05-02 12:00:00,0.0,0.0,0.0,0.0,0.0,40.666750000207685,0.0,0.0,0.0,0.0,0.0
2040-05-02 13:00:00,0.0,0.0,0.0,0.0,0.0,39.99887500028126,0.0,0.0,0.0,0.0,0.0
2040-05-02 14:00:00,0.0,0.0,0.0,0.0,0.0,39.52437500027008,0.0,0.0,0.0,0.0,0.0
2040-05-02 15:00:00,0.0,0.0,0.0,0.0,0.0,39.713000000221655,0.0,0.0,0.0,0.0,0.0
2040-05-02 16:00:00,0.0,0.0,0.0,0.0,0.0,38.33975000027567,0.0,0.0,0.0,0.0,0.0
2040-05-02 17:00:00,0.0,0.0,0.0,0.0,0.0,36.21275000018068,0.0,0.0,0.0,0.0,0.0
2040-05-02 18:00:00,0.0,0.0,0.0,0.0,0.0,37.98250000027474,0.0,0.0,0.0,0.0,0.0
2040-05-02 19:00:00,0.0,0.0,0.0,0.0,0.0,40.13975000020582,0.0,0.0,0.0,0.0,0.0
2040-05-02 20:00:00,0.0,0.0,0.0,0.0,0.0,39.6528750002617,0.0,0.0,0.0,0.0,0.0
2040-05-02 21:00:00,0.0,0.0,0.0,0.0,0.0,37.84650000021793,0.0,0.0,0.0,0.0,0.0
2040-05-02 22:00:00,0.0,0.0,0.0,0.0,0.0,36.024000000208616,0.0,0.0,0.0,0.0,0.0
2040-05-02 23:00:00,0.0,0.0,0.0,0.0,0.0,33.3312500002794,0.0,0.0,0.0,0.0,0.0
2040-05-03 00:00:00,0.0,0.0,0.0,0.0,0.0,29.630250000278465,0.0,0.0,0.0,0.0,0.0
2040-05-03 01:00:00,0.0,0.0,0.0,0.0,0.0,26.117375000263564,0.0,0.0,0.0,0.0,0.0
2040-05-03 02:00:00,0.0,0.0,0.0,0.0,0.0,24.225125000230037,0.0,0.0,0.0,0.0,0.0
2040-05-03 03:00:00,0.0,0.0,0.0,0.0,0.0,23.429625000222586,0.0,0.0,0.0,0.0,0.0
2040-05-03 04:00:00,0.0,0.0,0.0,0.0,0.0,23.194625000236556,0.0,0.0,0.0,0.0,0.0
2040-05-03 05:00:00,0.0,0.0,0.0,0.0,0.0,23.569125000271015,0.0,0.0,0.0,0.0,0.0
2040-05-03 06:00:00,0.0,0.0,0.0,0.0,0.0,27.31137500028126,0.0,0.0,0.0,0.0,0.0
2040-05-03 07:00:00,0.0,0.0,0.0,0.0,0.0,32.14412500022445,0.0,0.0,0.0,0.0,0.0
2040-05-03 08:00:00,0.0,0.0,0.0,0.0,0.0,37.164250000263564,0.0,0.0,0.0,0.0,0.0
2040-05-03 09:00:00,0.0,0.0,0.0,0.0,0.0,39.87212500022724,0.0,0.0,0.0,0.0,0.0
2040-05-03 10:00:00,0.0,0.0,0.0,0.0,0.0,42.25337500020396,0.0,0.0,0.0,0.0,0.0
2040-05-03 11:00:00,0.0,0.0,0.0,0.0,0.0,43.55262500024401,0.0,0.0,0.0,0.0,0.0
2040-05-03 12:00:00,0.0,0.0,0.0,0.0,0.0,43.37512500025332,0.0,0.0,0.0,0.0,0.0
2040-05-03 13:00:00,0.0,0.0,0.0,0.0,0.0,42.946875000256114,0.0,0.0,0.0,0.0,0.0
2040-05-03 14:00:00,0.0,0.0,0.0,0.0,0.0,42.70500000019092,0.0,0.0,0.0,0.0,0.0
2040-05-03 15:00:00,0.0,0.0,0.0,0.0,0.0,42.80187500023749,0.0,0.0,0.0,0.0,0.0
2040-05-03 16:00:00,0.0,0.0,0.0,0.0,0.0,40.46187500027008,0.0,0.0,0.0,0.0,0.0
2040-05-03 17:00:00,0.0,0.0,0.0,0.0,0.0,38.01362500025425,0.0,0.0,0.0,0.0,0.0
2040-05-03 18:00:00,0.0,0.0,0.0,0.0,0.0,40.65987500024494,0.0,0.0,0.0,0.0,0.0
2040-05-03 19:00:00,0.0,0.0,0.0,0.0,0.0,41.08150000020396,0.0,0.0,0.0,0.0,0.0
2040-05-03 20:00:00,0.0,0.0,0.0,0.0,0.0,39.70575000019744,0.0,0.0,0.0,0.0,0.0
2040-05-03 21:00:00,0.0,0.0,0.0,0.0,0.0,38.10462500026915,0.0,0.0,0.0,0.0,0.0
2040-05-03 22:00:00,0.0,0.0,0.0,0.0,0.0,36.65425000025425,0.0,0.0,0.0,0.0,0.0
2040-05-03 23:00:00,0.0,0.0,0.0,0.0,0.0,34.509375000256114,0.0,0.0,0.0,0.0,0.0
2040-05-04 00:00:00,0.0,0.0,0.0,0.0,0.0,31.37575000023935,0.0,0.0,0.0,0.0,0.0
2040-05-04 01:00:00,0.0,0.0,0.0,0.0,0.0,28.444375000195578,0.0,0.0,0.0,0.0,0.0
2040-05-04 02:00:00,0.0,0.0,0.0,0.0,0.0,25.75537500018254,0.0,0.0,0.0,0.0,0.0
2040-05-04 03:00:00,0.0,0.0,0.0,0.0,0.0,23.87037500028964,0.0,0.0,0.0,0.0,0.0
2040-05-04 04:00:00,0.0,0.0,0.0,0.0,0.0,22.78325000021141,0.0,0.0,0.0,0.0,0.0
2040-05-04 05:00:00,0.0,0.0,0.0,0.0,0.0,22.678500000271015,0.0,0.0,0.0,0.0,0.0
2040-05-04 06:00:00,0.0,0.0,0.0,0.0,0.0,23.088625000207685,0.0,0.0,0.0,0.0,0.0
2040-05-04 07:00:00,0.0,0.0,0.0,0.0,0.0,24.39225000026636,0.0,0.0,0.0,0.0,0.0
2040-05-04 08:00:00,0.0,0.0,0.0,0.0,0.0,28.074625000241213,0.0,0.0,0.0,0.0,0.0
2040-05-04 09:00:00,0.0,0.0,0.0,0.0,0.0,30.761250000214204,0.0,0.0,0.0,0.0,0.0
2040-05-04 10:00:00,0.0,0.0,0.0,0.0,0.0,33.868375000194646,0.0,0.0,0.0,0.0,0.0
2040-05-04 11:00:00,0.0,0.0,0.0,0.0,0.0,35.85687500028871,0.0,0.0,0.0,0.0,0.0
2040-05-04 12:00:00,0.0,0.0,0.0,0.0,0.0,36.857625000178814,0.0,0.0,0.0,0.0,0.0
2040-05-04 13:00:00,0.0,0.0,0.0,0.0,0.0,37.434375000186265,0.0,0.0,0.0,0.0,0.0
2040-05-04 14:00:00,0.0,0.0,0.0,0.0,0.0,37.054125000257045,0.0,0.0,0.0,0.0,0.0
2040-05-04 15:00:00,0.0,0.0,0.0,0.0,0.0,35.84550000028685,0.0,0.0,0.0,0.0,0.0
2040-05-04 16:00:00,0.0,0.0,0.0,0.0,0.0,34.87025000026915,0.0,0.0,0.0,0.0,0.0
2040-05-04 17:00:00,0.0,0.0,0.0,0.0,0.0,34.89112500019837,0.0,0.0,0.0,0.0,0.0
2040-05-04 18:00:00,0.0,0.0,0.0,0.0,0.0,37.4552500002319,0.0,0.0,0.0,0.0,0.0
2040-05-04 19:00:00,0.0,0.0,0.0,0.0,0.0,39.90075000026263,0.0,0.0,0.0,0.0,0.0
2040-05-04 20:00:00,0.0,0.0,0.0,0.0,0.0,38.677875000284985,0.0,0.0,0.0,0.0,0.0
2040-05-04 21:00:00,0.0,0.0,0.0,0.0,0.0,37.183625000179745,0.0,0.0,0.0,0.0,0.0
2040-05-04 22:00:00,0.0,0.0,0.0,0.0,0.0,34.933750000200234,0.0,0.0,0.0,0.0,0.0
2040-05-04 23:00:00,0.0,0.0,0.0,0.0,0.0,32.70712500018999,0.0,0.0,0.0,0.0,0.0
2040-05-05 00:00:00,0.0,0.0,0.0,0.0,0.0,30.15900000021793,0.0,0.0,0.0,0.0,0.0
2040-05-05 01:00:00,0.0,0.0,0.0,0.0,0.0,27.564875000272878,0.0,0.0,0.0,0.0,0.0
2040-05-05 02:00:00,0.0,0.0,0.0,0.0,0.0,25.602000000188127,0.0,0.0,0.0,0.0,0.0
2040-05-05 03:00:00,0.0,0.0,0.0,0.0,0.0,23.856250000186265,0.0,0.0,0.0,0.0,0.0
2040-05-05 04:00:00,0.0,0.0,0.0,0.0,0.0,22.823375000269152,0.0,0.0,0.0,0.0,0.0
2040-05-05 05:00:00,0.0,0.0,0.0,0.0,0.0,22.428375000250526,0.0,0.0,0.0,0.0,0.0
2040-05-05 06:00:00,0.0,0.0,0.0,0.0,0.0,22.342125000199303,0.0,0.0,0.0,0.0,0.0
2040-05-05 07:00:00,0.0,0.0,0.0,0.0,0.0,22.879875000216998,0.0,0.0,0.0,0.0,0.0
2040-05-05 08:00:00,0.0,0.0,0.0,0.0,0.0,24.202125000185333,0.0,0.0,0.0,0.0,0.0
2040-05-05 09:00:00,0.0,0.0,0.0,0.0,0.0,24.79937500017695,0.0,0.0,0.0,0.0,0.0
2040-05-05 10:00:00,0.0,0.0,0.0,0.0,0.0,27.157250000280328,0.0,0.0,0.0,0.0,0.0
2040-05-05 11:00:00,0.0,0.0,0.0,0.0,0.0,29.798000000184402,0.0,0.0,0.0,0.0,0.0
2040-05-05 12:00:00,0.0,0.0,0.0,0.0,0.0,32.948625000193715,0.0,0.0,0.0,0.0,0.0
2040-05-05 13:00:00,0.0,0.0,0.0,0.0,0.0,34.75037500017788,0.0,0.0,0.0,0.0,0.0
2040-05-05 14:00:00,0.0,0.0,0.0,0.0,0.0,35.06212500028778,0.0,0.0,0.0,0.0,0.0
2040-05-05 15:00:00,0.0,0.0,0.0,0.0,0.0,34.490250000264496,0.0,0.0,0.0,0.0,0.0
2040-05-05 16:00:00,0.0,0.0,0.0,0.0,0.0,33.93287500028967,0.0,0.0,0.0,0.0,0.0
2040-05-05 17:00:00,0.0,0.0,0.0,0.0,0.0,34.0011250001844,0.0,0.0,0.0,0.0,0.0
2040-05-05 18:00:00,0.0,0.0,0.0,0.0,0.0,36.944750000257045,0.0,0.0,0.0,0.0,0.0
2040-05-05 19:00:00,0.0,0.0,0.0,0.0,0.0,39.710875000222586,0.0,0.0,0.0,0.0,0.0
2040-05-05 20:00:00,0.0,0.0,0.0,0.0,0.0,39.50075000023935,0.0,0.0,0.0,0.0,0.0
2040-05-05 21:00:00,0.0,0.0,0.0,0.0,0.0,38.29150000028312,0.0,0.0,0.0,0.0,0.0
2040-05-05 22:00:00,0.0,0.0,0.0,0.0,0.0,35.92462500021793,0.0,0.0,0.0,0.0,0.0
2040-05-05 23:00:00,0.0,0.0,0.0,0.0,0.0,32.7483750001993,0.0,0.0,0.0,0.0,0.0
2040-05-06 00:00:00,0.0,0.0,0.0,0.0,0.0,29.303125000209548,0.0,0.0,0.0,0.0,0.0
2040-05-06 01:00:00,0.0,0.0,0.0,0.0,0.0,26.48837500018999,0.0,0.0,0.0,0.0,0.0
2040-05-06 02:00:00,0.0,0.0,0.0,0.0,0.0,24.132000000216067,0.0,0.0,0.0,0.0,0.0
2040-05-06 03:00:00,0.0,0.0,0.0,0.0,0.0,23.005875000264496,0.0,0.0,0.0,0.0,0.0
2040-05-06 04:00:00,0.0,0.0,0.0,0.0,0.0,23.010875000269152,0.0,0.0,0.0,0.0,0.0
2040-05-06 05:00:00,0.0,0.0,0.0,0.0,0.0,23.430750000290573,0.0,0.0,0.0,0.0,0.0
2040-05-06 06:00:00,0.0,0.0,0.0,0.0,0.0,27.178125000209548,0.0,0.0,0.0,0.0,0.0
2040-05-06 07:00:00,0.0,0.0,0.0,0.0,0.0,31.876750000286847,0.0,0.0,0.0,0.0,0.0
2040-05-06 08:00:00,0.0,0.0,0.0,0.0,0.0,36.53937500028405,0.0,0.0,0.0,0.0,0.0
2040-05-06 09:00:00,0.0,0.0,0.0,0.0,0.0,38.64412500022445,0.0,0.0,0.0,0.0,0.0
2040-05-06 10:00:00,0.0,0.0,0.0,0.0,0.0,41.480500000179745,0.0,0.0,0.0,0.0,0.0
2040-05-06 11:00:00,0.0,0.0,0.0,0.0,0.0,42.99787500023376,0.0,0.0,0.0,0.0,0.0
2040-05-06 12:00:00,0.0,0.0,0.0,0.0,0.0,43.332000000285916,0.0,0.0,0.0,0.0,0.0
2040-05-06 13:00:00,0.0,0.0,0.0,0.0,0.0,42.58287500019651,0.0,0.0,0.0,0.0,0.0
2040-05-06 14:00:00,0.0,0.0,0.0,0.0,0.0,41.855000000214204,0.0,0.0,0.0,0.0,0.0
2040-05-06 15:00:00,0.0,0.0,0.0,0.0,0.0,42.08100000023842,0.0,0.0,0.0,0.0,0.0
2040-05-06 16:00:00,0.0,0.0,0.0,0.0,0.0,40.56137500028126,0.0,0.0,0.0,0.0,0.0
2040-05-06 17:00:00,0.0,0.0,0.0,0.0,0.0,37.680375000229105,0.0,0.0,0.0,0.0,0.0
2040-05-06 18:00:00,0.0,0.0,0.0,0.0,0.0,40.08775000018068,0.0,0.0,0.0,0.0,0.0
2040-05-06 19:00:00,0.0,0.0,0.0,0.0,0.0,41.979875000193715,0.0,0.0,0.0,0.0,0.0
2040-05-06 20:00:00,0.0,0.0,0.0,0.0,0.0,40.84287500020582,0.0,0.0,0.0,0.0,0.0
2040-05-06 21:00:00,0.0,0.0,0.0,0.0,0.0,39.01475000020582,0.0,0.0,0.0,0.0,0.0
2040-05-06 22:00:00,0.0,0.0,0.0,0.0,0.0,36.92287500028033,0.0,0.0,0.0,0.0,0.0
2040-05-06 23:00:00,0.0,0.0,0.0,0.0,0.0,33.62850000022445,0.0,0.0,0.0,0.0,0.0
2040-05-07 00:00:00,0.0,0.0,0.0,0.0,0.0,29.940625000279397,0.0,0.0,0.0,0.0,0.0
2040-05-07 01:00:00,0.0,0.0,0.0,0.0,0.0,27.025125000276603,0.0,0.0,0.0,0.0,0.0
2040-05-07 02:00:00,0.0,0.0,0.0,0.0,0.0,24.944625000236556,0.0,0.0,0.0,0.0,0.0
2040-05-07 03:00:00,0.0,0.0,0.0,0.0,0.0,23.948000000207685,0.0,0.0,0.0,0.0,0.0
2040-05-07 04:00:00,0.0,0.0,0.0,0.0,0.0,23.354625000269152,0.0,0.0,0.0,0.0,0.0
2040-05-07 05:00:00,0.0,0.0,0.0,0.0,0.0,23.79762500023935,0.0,0.0,0.0,0.0,0.0
2040-05-07 06:00:00,0.0,0.0,0.0,0.0,0.0,27.76687500020489,0.0,0.0,0.0,0.0,0.0
2040-05-07 07:00:00,0.0,0.0,0.0,0.0,0.0,32.586125000263564,0.0,0.0,0.0,0.0,0.0
2040-05-07 08:00:00,0.0,0.0,0.0,0.0,0.0,37.05925000028219,0.0,0.0,0.0,0.0,0.0
2040-05-07 09:00:00,0.0,0.0,0.0,0.0,0.0,39.195250000222586,0.0,0.0,0.0,0.0,0.0
2040-05-07 10:00:00,0.0,0.0,0.0,0.0,0.0,39.97575000021607,0.0,0.0,0.0,0.0,0.0
2040-05-07 11:00:00,0.0,0.0,0.0,0.0,0.0,40.95450000022538,0.0,0.0,0.0,0.0,0.0
2040-05-07 12:00:00,0.0,0.0,0.0,0.0,0.0,41.45087500021327,0.0,0.0,0.0,0.0,0.0
2040-05-07 13:00:00,0.0,0.0,0.0,0.0,0.0,40.75750000018161,0.0,0.0,0.0,0.0,0.0
2040-05-07 14:00:00,0.0,0.0,0.0,0.0,0.0,40.57550000026822,0.0,0.0,0.0,0.0,0.0
2040-05-07 15:00:00,0.0,0.0,0.0,0.0,0.0,41.03550000023097,0.0,0.0,0.0,0.0,0.0
2040-05-07 16:00:00,0.0,0.0,0.0,0.0,0.0,40.600250000250526,0.0,0.0,0.0,0.0,0.0
2040-05-07 17:00:00,0.0,0.0,0.0,0.0,0.0,39.11512500024401,0.0,0.0,0.0,0.0,0.0
2040-05-07 18:00:00,0.0,0.0,0.0,0.0,0.0,41.86300000024494,0.0,0.0,0.0,0.0,0.0
2040-05-07 19:00:00,0.0,0.0,0.0,0.0,0.0,42.2171250001993,0.0,0.0,0.0,0.0,0.0
2040-05-07 20:00:00,0.0,0.0,0.0,0.0,0.0,40.98512500023935,0.0,0.0,0.0,0.0,0.0
2040-05-07 21:00:00,0.0,0.0,0.0,0.0,0.0,39.057375000207685,0.0,0.0,0.0,0.0,0.0
2040-05-07 22:00:00,0.0,0.0,0.0,0.0,0.0,36.80225000018254,0.0,0.0,0.0,0.0,0.0
2040-05-07 23:00:00,0.0,0.0,0.0,0.0,0.0,33.53687500022352,0.0,0.0,0.0,0.0,0.0
2040-05-08 00:00:00,0.0,0.0,0.0,0.0,0.0,30.00325000018347,0.0,0.0,0.0,0.0,0.0
2040-05-08 01:00:00,0.0,0.0,0.0,0.0,0.0,26.991250000195578,0.0,0.0,0.0,0.0,0.0
2040-05-08 02:00:00,0.0,0.0,0.0,0.0,0.0,25.256250000209548,0.0,0.0,0.0,0.0,0.0
2040-05-08 03:00:00,0.0,0.0,0.0,0.0,0.0,23.982250000233762,0.0,0.0,0.0,0.0,0.0
2040-05-08 04:00:00,0.0,0.0,0.0,0.0,0.0,23.589250000193715,0.0,0.0,0.0,0.0,0.0
2040-05-08 05:00:00,0.0,0.0,0.0,0.0,0.0,24.112500000279397,0.0,0.0,0.0,0.0,0.0
2040-05-08 06:00:00,0.0,0.0,0.0,0.0,0.0,28.244625000283122,0.0,0.0,0.0,0.0,0.0
2040-05-08 07:00:00,0.0,0.0,0.0,0.0,0.0,33.40812500019092,0.0,0.0,0.0,0.0,0.0
2040-05-08 08:00:00,0.0,0.0,0.0,0.0,0.0,39.119250000221655,0.0,0.0,0.0,0.0,0.0
2040-05-08 09:00:00,0.0,0.0,0.0,0.0,0.0,41.90087500028517,0.0,0.0,0.0,0.0,0.0
2040-05-08 10:00:00,0.0,0.0,0.0,0.0,0.0,42.68825000023935,0.0,0.0,0.0,0.0,0.0
2040-05-08 11:00:00,0.0,0.0,0.0,0.0,0.0,43.717000000178814,0.0,0.0,0.0,0.0,0.0
2040-05-08 12:00:00,0.0,0.0,0.0,0.0,0.0,43.88975000020582,0.0,0.0,0.0,0.0,0.0
2040-05-08 13:00:00,0.0,0.0,0.0,0.0,0.0,41.95050000026822,0.0,0.0,0.0,0.0,0.0
2040-05-08 14:00:00,0.0,0.0,0.0,0.0,0.0,40.55187500023749,0.0,0.0,0.0,0.0,0.0
2040-05-08 15:00:00,0.0,0.0,0.0,0.0,0.0,40.9552500002319,0.0,0.0,0.0,0.0,0.0
2040-05-08 16:00:00,0.0,0.0,0.0,0.0,0.0,40.384250000235625,0.0,0.0,0.0,0.0,0.0
2040-05-08 17:00:00,0.0,0.0,0.0,0.0,0.0,39.05037500022445,0.0,0.0,0.0,0.0,0.0
2040-05-08 18:00:00,0.0,0.0,0.0,0.0,0.0,41.317750000278465,0.0,0.0,0.0,0.0,0.0
2040-05-08 19:00:00,0.0,0.0,0.0,0.0,0.0,41.98537500028033,0.0,0.0,0.0,0.0,0.0
2040-05-08 20:00:00,0.0,0.0,0.0,0.0,0.0,40.75262500019744,0.0,0.0,0.0,0.0,0.0
2040-05-08 21:00:00,0.0,0.0,0.0,0.0,0.0,38.82737500022631,0.0,0.0,0.0,0.0,0.0
2040-05-08 22:00:00,0.0,0.0,0.0,0.0,0.0,36.743625000235625,0.0,0.0,0.0,0.0,0.0
2040-05-08 23:00:00,0.0,0.0,0.0,0.0,0.0,33.45025000022724,0.0,0.0,0.0,0.0,0.0
2040-05-09 00:00:00,0.0,0.0,0.0,0.0,0.0,29.58087500021793,0.0,0.0,0.0,0.0,0.0
2040-05-09 01:00:00,0.0,0.0,0.0,0.0,0.0,26.721125000272878,0.0,0.0,0.0,0.0,0.0
2040-05-09 02:00:00,0.0,0.0,0.0,0.0,0.0,24.461875000270084,0.0,0.0,0.0,0.0,0.0
2040-05-09 03:00:00,0.0,0.0,0.0,0.0,0.0,23.37700000021141,0.0,0.0,0.0,0.0,0.0
2040-05-09 04:00:00,0.0,0.0,0.0,0.0,0.0,23.039125000243075,0.0,0.0,0.0,0.0,0.0
2040-05-09 05:00:00,0.0,0.0,0.0,0.0,0.0,23.545375000219792,0.0,0.0,0.0,0.0,0.0
2040-05-09 06:00:00,0.0,0.0,0.0,0.0,0.0,27.274000000208616,0.0,0.0,0.0,0.0,0.0
2040-05-09 07:00:00,0.0,0.0,0.0,0.0,0.0,32.12625000020489,0.0,0.0,0.0,0.0,0.0
2040-05-09 08:00:00,0.0,0.0,0.0,0.0,0.0,36.87150000024121,0.0,0.0,0.0,0.0,0.0
2040-05-09 09:00:00,0.0,0.0,0.0,0.0,0.0,38.72000000020489,0.0,0.0,0.0,0.0,0.0
2040-05-09 10:00:00,0.0,0.0,0.0,0.0,0.0,39.916125000221655,0.0,0.0,0.0,0.0,0.0
2040-05-09 11:00:00,0.0,0.0,0.0,0.0,0.0,40.93700000026729,0.0,0.0,0.0,0.0,0.0
2040-05-09 12:00:00,0.0,0.0,0.0,0.0,0.0,41.10275000019894,0.0,0.0,0.0,0.0,0.0
2040-05-09 13:00:00,0.0,0.0,0.0,0.0,0.0,40.53187500021886,0.0,0.0,0.0,0.0,0.0
2040-05-09 14:00:00,0.0,0.0,0.0,0.0,0.0,40.368750000256114,0.0,0.0,0.0,0.0,0.0
2040-05-09 15:00:00,0.0,0.0,0.0,0.0,0.0,40.65925000025891,0.0,0.0,0.0,0.0,0.0
2040-05-09 16:00:00,0.0,0.0,0.0,0.0,0.0,39.56037500023376,0.0,0.0,0.0,0.0,0.0
2040-05-09 17:00:00,0.0,0.0,0.0,0.0,0.0,37.78562500025146,0.0,0.0,0.0,0.0,0.0
2040-05-09 18:00:00,0.0,0.0,0.0,0.0,0.0,40.36487500020303,0.0,0.0,0.0,0.0,0.0
2040-05-09 19:00:00,0.0,0.0,0.0,0.0,0.0,41.92212500027381,0.0,0.0,0.0,0.0,0.0
2040-05-09 20:00:00,0.0,0.0,0.0,0.0,0.0,40.77712500025518,0.0,0.0,0.0,0.0,0.0
2040-05-09 21:00:00,0.0,0.0,0.0,0.0,0.0,38.89600000018254,0.0,0.0,0.0,0.0,0.0
2040-05-09 22:00:00,0.0,0.0,0.0,0.0,0.0,36.85850000020582,0.0,0.0,0.0,0.0,0.0
2040-05-09 23:00:00,0.0,0.0,0.0,0.0,0.0,33.88125000020955,0.0,0.0,0.0,0.0,0.0
2040-05-10 00:00:00,0.0,0.0,0.0,0.0,0.0,30.2778750002617,0.0,0.0,0.0,0.0,0.0
2040-05-10 01:00:00,0.0,0.0,0.0,0.0,0.0,26.787500000209548,0.0,0.0,0.0,0.0,0.0
2040-05-10 02:00:00,0.0,0.0,0.0,0.0,0.0,24.340625000186265,0.0,0.0,0.0,0.0,0.0
2040-05-10 03:00:00,0.0,0.0,0.0,0.0,0.0,23.176250000251457,0.0,0.0,0.0,0.0,0.0
2040-05-10 04:00:00,0.0,0.0,0.0,0.0,0.0,22.385000000242144,0.0,0.0,0.0,0.0,0.0
2040-05-10 05:00:00,0.0,0.0,0.0,0.0,0.0,22.658625000272878,0.0,0.0,0.0,0.0,0.0
2040-05-10 06:00:00,0.0,0.0,0.0,0.0,0.0,26.36400000017602,0.0,0.0,0.0,0.0,0.0
2040-05-10 07:00:00,0.0,0.0,0.0,0.0,0.0,31.689875000272878,0.0,0.0,0.0,0.0,0.0
2040-05-10 08:00:00,0.0,0.0,0.0,0.0,0.0,36.194750000257045,0.0,0.0,0.0,0.0,0.0
2040-05-10 09:00:00,0.0,0.0,0.0,0.0,0.0,37.94625000027008,0.0,0.0,0.0,0.0,0.0
2040-05-10 10:00:00,0.0,0.0,0.0,0.0,0.0,39.083000000217,0.0,0.0,0.0,0.0,0.0
2040-05-10 11:00:00,0.0,0.0,0.0,0.0,0.0,40.50162500026636,0.0,0.0,0.0,0.0,0.0
2040-05-10 12:00:00,0.0,0.0,0.0,0.0,0.0,39.95500000019092,0.0,0.0,0.0,0.0,0.0
2040-05-10 13:00:00,0.0,0.0,0.0,0.0,0.0,39.067000000271946,0.0,0.0,0.0,0.0,0.0
2040-05-10 14:00:00,0.0,0.0,0.0,0.0,0.0,38.6271250002319,0.0,0.0,0.0,0.0,0.0
2040-05-10 15:00:00,0.0,0.0,0.0,0.0,0.0,38.25287500023842,0.0,0.0,0.0,0.0,0.0
2040-05-10 16:00:00,0.0,0.0,0.0,0.0,0.0,36.523375000222586,0.0,0.0,0.0,0.0,0.0
2040-05-10 17:00:00,0.0,0.0,0.0,0.0,0.0,35.09162500023376,0.0,0.0,0.0,0.0,0.0
2040-05-10 18:00:00,0.0,0.0,0.0,0.0,0.0,38.16787500027567,0.0,0.0,0.0,0.0,0.0
2040-05-10 19:00:00,0.0,0.0,0.0,0.0,0.0,40.009250000235625,0.0,0.0,0.0,0.0,0.0
2040-05-10 20:00:00,0.0,0.0,0.0,0.0,0.0,38.24062500020955,0.0,0.0,0.0,0.0,0.0
2040-05-10 21:00:00,0.0,0.0,0.0,0.0,0.0,36.37775000021793,0.0,0.0,0.0,0.0,0.0
2040-05-10 22:00:00,0.0,0.0,0.0,0.0,0.0,34.787750000250526,0.0,0.0,0.0,0.0,0.0
2040-05-10 23:00:00,0.0,0.0,0.0,0.0,0.0,32.62137500022072,0.0,0.0,0.0,0.0,0.0
2040-05-11 00:00:00,0.0,0.0,0.0,0.0,0.0,29.498375000199303,0.0,0.0,0.0,0.0,0.0
2040-05-11 01:00:00,0.0,0.0,0.0,0.0,0.0,27.026375000248663,0.0,0.0,0.0,0.0,0.0
2040-05-11 02:00:00,0.0,0.0,0.0,0.0,0.0,24.820625000284053,0.0,0.0,0.0,0.0,0.0
2040-05-11 03:00:00,0.0,0.0,0.0,0.0,0.0,23.513500000233762,0.0,0.0,0.0,0.0,0.0
2040-05-11 04:00:00,0.0,0.0,0.0,0.0,0.0,23.01237500028219,0.0,0.0,0.0,0.0,0.0
2040-05-11 05:00:00,0.0,0.0,0.0,0.0,0.0,23.06375000020489,0.0,0.0,0.0,0.0,0.0
2040-05-11 06:00:00,0.0,0.0,0.0,0.0,0.0,23.550500000244938,0.0,0.0,0.0,0.0,0.0
2040-05-11 07:00:00,0.0,0.0,0.0,0.0,0.0,25.25612500018906,0.0,0.0,0.0,0.0,0.0
2040-05-11 08:00:00,0.0,0.0,0.0,0.0,0.0,28.05787500028964,0.0,0.0,0.0,0.0,0.0
2040-05-11 09:00:00,0.0,0.0,0.0,0.0,0.0,30.15425000025425,0.0,0.0,0.0,0.0,0.0
2040-05-11 10:00:00,0.0,0.0,0.0,0.0,0.0,33.31875000020955,0.0,0.0,0.0,0.0,0.0
2040-05-11 11:00:00,0.0,0.0,0.0,0.0,0.0,35.28475000022445,0.0,0.0,0.0,0.0,0.0
2040-05-11 12:00:00,0.0,0.0,0.0,0.0,0.0,36.1105000001844,0.0,0.0,0.0,0.0,0.0
2040-05-11 13:00:00,0.0,0.0,0.0,0.0,0.0,37.12100000027567,0.0,0.0,0.0,0.0,0.0
2040-05-11 14:00:00,0.0,0.0,0.0,0.0,0.0,36.29087500018068,0.0,0.0,0.0,0.0,0.0
2040-05-11 15:00:00,0.0,0.0,0.0,0.0,0.0,35.290375000215136,0.0,0.0,0.0,0.0,0.0
2040-05-11 16:00:00,0.0,0.0,0.0,0.0,0.0,34.14562500023749,0.0,0.0,0.0,0.0,0.0
2040-05-11 17:00:00,0.0,0.0,0.0,0.0,0.0,34.772750000236556,0.0,0.0,0.0,0.0,0.0
2040-05-11 18:00:00,0.0,0.0,0.0,0.0,0.0,37.80325000023004,0.0,0.0,0.0,0.0,0.0
2040-05-11 19:00:00,0.0,0.0,0.0,0.0,0.0,38.38512500026263,0.0,0.0,0.0,0.0,0.0
2040-05-11 20:00:00,0.0,0.0,0.0,0.0,0.0,37.473625000217,0.0,0.0,0.0,0.0,0.0
2040-05-11 21:00:00,0.0,0.0,0.0,0.0,0.0,36.47212500020396,0.0,0.0,0.0,0.0,0.0
2040-05-11 22:00:00,0.0,0.0,0.0,0.0,0.0,35.37850000022445,0.0,0.0,0.0,0.0,0.0
2040-05-11 23:00:00,0.0,0.0,0.0,0.0,0.0,32.92112500022631,0.0,0.0,0.0,0.0,0.0
2040-05-12 00:00:00,0.0,0.0,0.0,0.0,0.0,30.195125000202097,0.0,0.0,0.0,0.0,0.0
2040-05-12 01:00:00,0.0,0.0,0.0,0.0,0.0,27.771250000223517,0.0,0.0,0.0,0.0,0.0
2040-05-12 02:00:00,0.0,0.0,0.0,0.0,0.0,25.790000000270084,0.0,0.0,0.0,0.0,0.0
2040-05-12 03:00:00,0.0,0.0,0.0,0.0,0.0,24.25475000019651,0.0,0.0,0.0,0.0,0.0
2040-05-12 04:00:00,0.0,0.0,0.0,0.0,0.0,23.191875000251457,0.0,0.0,0.0,0.0,0.0
2040-05-12 05:00:00,0.0,0.0,0.0,0.0,0.0,22.618875000276603,0.0,0.0,0.0,0.0,0.0
2040-05-12 06:00:00,0.0,0.0,0.0,0.0,0.0,22.656625000177883,0.0,0.0,0.0,0.0,0.0
2040-05-12 07:00:00,0.0,0.0,0.0,0.0,0.0,23.09325000026729,0.0,0.0,0.0,0.0,0.0
2040-05-12 08:00:00,0.0,0.0,0.0,0.0,0.0,25.011875000200234,0.0,0.0,0.0,0.0,0.0
2040-05-12 09:00:00,0.0,0.0,0.0,0.0,0.0,25.741750000277534,0.0,0.0,0.0,0.0,0.0
2040-05-12 10:00:00,0.0,0.0,0.0,0.0,0.0,28.54762500023935,0.0,0.0,0.0,0.0,0.0
2040-05-12 11:00:00,0.0,0.0,0.0,0.0,0.0,30.99987500021234,0.0,0.0,0.0,0.0,0.0
2040-05-12 12:00:00,0.0,0.0,0.0,0.0,0.0,32.695500000263564,0.0,0.0,0.0,0.0,0.0
2040-05-12 13:00:00,0.0,0.0,0.0,0.0,0.0,33.10575000022072,0.0,0.0,0.0,0.0,0.0
2040-05-12 14:00:00,0.0,0.0,0.0,0.0,0.0,32.61237500025891,0.0,0.0,0.0,0.0,0.0
2040-05-12 15:00:00,0.0,0.0,0.0,0.0,0.0,31.620500000193715,0.0,0.0,0.0,0.0,0.0
2040-05-12 16:00:00,0.0,0.0,0.0,0.0,0.0,30.994000000180677,0.0,0.0,0.0,0.0,0.0
2040-05-12 17:00:00,0.0,0.0,0.0,0.0,0.0,31.090750000206754,0.0,0.0,0.0,0.0,0.0
2040-05-12 18:00:00,0.0,0.0,0.0,0.0,0.0,34.601500000222586,0.0,0.0,0.0,0.0,0.0
2040-05-12 19:00:00,0.0,0.0,0.0,0.0,0.0,36.67725000018254,0.0,0.0,0.0,0.0,0.0
2040-05-12 20:00:00,0.0,0.0,0.0,0.0,0.0,36.77587500028312,0.0,0.0,0.0,0.0,0.0
2040-05-12 21:00:00,0.0,0.0,0.0,0.0,0.0,35.96925000019837,0.0,0.0,0.0,0.0,0.0
2040-05-12 22:00:00,0.0,0.0,0.0,0.0,0.0,34.11950000026263,0.0,0.0,0.0,0.0,0.0
2040-05-12 23:00:00,0.0,0.0,0.0,0.0,0.0,30.932000000262633,0.0,0.0,0.0,0.0,0.0
2040-05-13 00:00:00,0.0,0.0,0.0,0.0,0.0,27.627500000177108,0.0,0.0,0.0,0.0,0.0
2040-05-13 01:00:00,0.0,0.0,0.0,0.0,0.0,24.430625000270084,0.0,0.0,0.0,0.0,0.0
2040-05-13 02:00:00,0.0,0.0,0.0,0.0,0.0,22.38175000017509,0.0,0.0,0.0,0.0,0.0
2040-05-13 03:00:00,0.0,0.0,0.0,0.0,0.0,21.307000000262633,0.0,0.0,0.0,0.0,0.0
2040-05-13 04:00:00,0.0,0.0,0.0,0.0,0.0,20.938500000280328,0.0,0.0,0.0,0.0,0.0
2040-05-13 05:00:00,0.0,0.0,0.0,0.0,0.0,21.46475000027567,0.0,0.0,0.0,0.0,0.0
2040-05-13 06:00:00,0.0,0.0,0.0,0.0,0.0,25.261375000234693,0.0,0.0,0.0,0.0,0.0
2040-05-13 07:00:00,0.0,0.0,0.0,0.0,0.0,30.152750000241213,0.0,0.0,0.0,0.0,0.0
2040-05-13 08:00:00,0.0,0.0,0.0,0.0,0.0,34.87312500027474,0.0,0.0,0.0,0.0,0.0
2040-05-13 09:00:00,0.0,0.0,0.0,0.0,0.0,37.5968750002794,0.0,0.0,0.0,0.0,0.0
2040-05-13 10:00:00,0.0,0.0,0.0,0.0,0.0,38.540250000194646,0.0,0.0,0.0,0.0,0.0
2040-05-13 11:00:00,0.0,0.0,0.0,0.0,0.0,39.832000000285916,0.0,0.0,0.0,0.0,0.0
2040-05-13 12:00:00,0.0,0.0,0.0,0.0,0.0,40.28187500021886,0.0,0.0,0.0,0.0,0.0
2040-05-13 13:00:00,0.0,0.0,0.0,0.0,0.0,39.7,0.0,0.0,0.0,0.0,0.0
2040-05-13 14:00:00,0.0,0.0,0.0,0.0,0.0,38.51450000028126,0.0,0.0,0.0,0.0,0.0
2040-05-13 15:00:00,0.0,0.0,0.0,0.0,0.0,38.949250000179745,0.0,0.0,0.0,0.0,0.0
2040-05-13 16:00:00,0.0,0.0,0.0,0.0,0.0,38.14350000023842,0.0,0.0,0.0,0.0,0.0
2040-05-13 17:00:00,0.0,0.0,0.0,0.0,0.0,36.26925000024494,0.0,0.0,0.0,0.0,0.0
2040-05-13 18:00:00,0.0,0.0,0.0,0.0,0.0,39.06925000017509,0.0,0.0,0.0,0.0,0.0
2040-05-13 19:00:00,0.0,0.0,0.0,0.0,0.0,41.417500000214204,0.0,0.0,0.0,0.0,0.0
2040-05-13 20:00:00,0.0,0.0,0.0,0.0,0.0,39.24850000021979,0.0,0.0,0.0,0.0,0.0
2040-05-13 21:00:00,0.0,0.0,0.0,0.0,0.0,37.29550000024028,0.0,0.0,0.0,0.0,0.0
2040-05-13 22:00:00,0.0,0.0,0.0,0.0,0.0,34.70400000025984,0.0,0.0,0.0,0.0,0.0
2040-05-13 23:00:00,0.0,0.0,0.0,0.0,0.0,31.037000000244007,0.0,0.0,0.0,0.0,0.0
2040-05-14 00:00:00,0.0,0.0,0.0,0.0,0.0,27.523250000202097,0.0,0.0,0.0,0.0,0.0
2040-05-14 01:00:00,0.0,0.0,0.0,0.0,0.0,24.893750000279397,0.0,0.0,0.0,0.0,0.0
2040-05-14 02:00:00,0.0,0.0,0.0,0.0,0.0,22.988750000251457,0.0,0.0,0.0,0.0,0.0
2040-05-14 03:00:00,0.0,0.0,0.0,0.0,0.0,21.993500000215136,0.0,0.0,0.0,0.0,0.0
2040-05-14 04:00:00,0.0,0.0,0.0,0.0,0.0,21.583000000216998,0.0,0.0,0.0,0.0,0.0
2040-05-14 05:00:00,0.0,0.0,0.0,0.0,0.0,22.23175000026822,0.0,0.0,0.0,0.0,0.0
2040-05-14 06:00:00,0.0,0.0,0.0,0.0,0.0,25.698000000207685,0.0,0.0,0.0,0.0,0.0
2040-05-14 07:00:00,0.0,0.0,0.0,0.0,0.0,30.541250000242144,0.0,0.0,0.0,0.0,0.0
2040-05-14 08:00:00,0.0,0.0,0.0,0.0,0.0,35.888250000192784,0.0,0.0,0.0,0.0,0.0
2040-05-14 09:00:00,0.0,0.0,0.0,0.0,0.0,37.6875,0.0,0.0,0.0,0.0,0.0
2040-05-14 10:00:00,0.0,0.0,0.0,0.0,0.0,38.041000000201166,0.0,0.0,0.0,0.0,0.0
2040-05-14 11:00:00,0.0,0.0,0.0,0.0,0.0,38.40575000026729,0.0,0.0,0.0,0.0,0.0
2040-05-14 12:00:00,0.0,0.0,0.0,0.0,0.0,38.305250000208616,0.0,0.0,0.0,0.0,0.0
2040-05-14 13:00:00,0.0,0.0,0.0,0.0,0.0,37.667500000214204,0.0,0.0,0.0,0.0,0.0
2040-05-14 14:00:00,0.0,0.0,0.0,0.0,0.0,36.743000000249594,0.0,0.0,0.0,0.0,0.0
2040-05-14 15:00:00,0.0,0.0,0.0,0.0,0.0,37.162750000250526,0.0,0.0,0.0,0.0,0.0
2040-05-14 16:00:00,0.0,0.0,0.0,0.0,0.0,37.14150000025984,0.0,0.0,0.0,0.0,0.0
2040-05-14 17:00:00,0.0,0.0,0.0,0.0,0.0,35.67075000028126,0.0,0.0,0.0,0.0,0.0
2040-05-14 18:00:00,0.0,0.0,0.0,0.0,0.0,38.98525000025984,0.0,0.0,0.0,0.0,0.0
2040-05-14 19:00:00,0.0,0.0,0.0,0.0,0.0,40.06500000017695,0.0,0.0,0.0,0.0,0.0
2040-05-14 20:00:00,0.0,0.0,0.0,0.0,0.0,37.83225000021048,0.0,0.0,0.0,0.0,0.0
2040-05-14 21:00:00,0.0,0.0,0.0,0.0,0.0,35.98250000027474,0.0,0.0,0.0,0.0,0.0
2040-05-14 22:00:00,0.0,0.0,0.0,0.0,0.0,34.04425000026822,0.0,0.0,0.0,0.0,0.0
2040-05-14 23:00:00,0.0,0.0,0.0,0.0,0.0,32.368500000215136,0.0,0.0,0.0,0.0,0.0
2040-05-15 00:00:00,0.0,0.0,0.0,0.0,0.0,28.620500000192077,0.0,0.0,0.0,0.0,0.0
2040-05-15 01:00:00,0.0,0.0,0.0,0.0,0.0,25.969750000280328,0.0,0.0,0.0,0.0,0.0
2040-05-15 02:00:00,0.0,0.0,0.0,0.0,0.0,24.14475000021048,0.0,0.0,0.0,0.0,0.0
2040-05-15 03:00:00,0.0,0.0,0.0,0.0,0.0,23.04775000025984,0.0,0.0,0.0,0.0,0.0
2040-05-15 04:00:00,0.0,0.0,0.0,0.0,0.0,22.690500000258908,0.0,0.0,0.0,0.0,0.0
2040-05-15 05:00:00,0.0,0.0,0.0,0.0,0.0,23.1685000002617,0.0,0.0,0.0,0.0,0.0
2040-05-15 06:00:00,0.0,0.0,0.0,0.0,0.0,26.559500000206754,0.0,0.0,0.0,0.0,0.0
2040-05-15 07:00:00,0.0,0.0,0.0,0.0,0.0,31.246250000200234,0.0,0.0,0.0,0.0,0.0
2040-05-15 08:00:00,0.0,0.0,0.0,0.0,0.0,35.505250000278465,0.0,0.0,0.0,0.0,0.0
2040-05-15 09:00:00,0.0,0.0,0.0,0.0,0.0,37.62075000023469,0.0,0.0,0.0,0.0,0.0
2040-05-15 10:00:00,0.0,0.0,0.0,0.0,0.0,38.209750000271015,0.0,0.0,0.0,0.0,0.0
2040-05-15 11:00:00,0.0,0.0,0.0,0.0,0.0,39.74125000019558,0.0,0.0,0.0,0.0,0.0
2040-05-15 12:00:00,0.0,0.0,0.0,0.0,0.0,40.14250000019092,0.0,0.0,0.0,0.0,0.0
2040-05-15 13:00:00,0.0,0.0,0.0,0.0,0.0,39.54950000019744,0.0,0.0,0.0,0.0,0.0
2040-05-15 14:00:00,0.0,0.0,0.0,0.0,0.0,38.997000000206754,0.0,0.0,0.0,0.0,0.0
2040-05-15 15:00:00,0.0,0.0,0.0,0.0,0.0,39.520500000217,0.0,0.0,0.0,0.0,0.0
2040-05-15 16:00:00,0.0,0.0,0.0,0.0,0.0,36.880250000278465,0.0,0.0,0.0,0.0,0.0
2040-05-15 17:00:00,0.0,0.0,0.0,0.0,0.0,35.51025000028312,0.0,0.0,0.0,0.0,0.0
2040-05-15 18:00:00,0.0,0.0,0.0,0.0,0.0,38.71725000021979,0.0,0.0,0.0,0.0,0.0
2040-05-15 19:00:00,0.0,0.0,0.0,0.0,0.0,39.49875000026077,0.0,0.0,0.0,0.0,0.0
2040-05-15 20:00:00,0.0,0.0,0.0,0.0,0.0,37.95650000020396,0.0,0.0,0.0,0.0,0.0
2040-05-15 21:00:00,0.0,0.0,0.0,0.0,0.0,36.17425000027288,0.0,0.0,0.0,0.0,0.0
2040-05-15 22:00:00,0.0,0.0,0.0,0.0,0.0,35.44250000023749,0.0,0.0,0.0,0.0,0.0
2040-05-15 23:00:00,0.0,0.0,0.0,0.0,0.0,33.887250000261716,0.0,0.0,0.0,0.0,0.0
2040-05-16 00:00:00,0.0,0.0,0.0,0.0,0.0,30.35925000021234,0.0,0.0,0.0,0.0,0.0
2040-05-16 01:00:00,0.0,0.0,0.0,0.0,0.0,27.370000000228174,0.0,0.0,0.0,0.0,0.0
2040-05-16 02:00:00,0.0,0.0,0.0,0.0,0.0,24.618250000290573,0.0,0.0,0.0,0.0,0.0
2040-05-16 03:00:00,0.0,0.0,0.0,0.0,0.0,22.999750000191852,0.0,0.0,0.0,0.0,0.0
2040-05-16 04:00:00,0.0,0.0,0.0,0.0,0.0,21.883250000188127,0.0,0.0,0.0,0.0,0.0
2040-05-16 05:00:00,0.0,0.0,0.0,0.0,0.0,23.55025000020783,0.0,0.0,0.0,0.0,0.0
2040-05-16 06:00:00,0.0,0.0,0.0,0.0,0.0,27.15825000021141,0.0,0.0,0.0,0.0,0.0
2040-05-16 07:00:00,0.0,0.0,0.0,0.0,0.0,31.492750000208616,0.0,0.0,0.0,0.0,0.0
2040-05-16 08:00:00,0.0,0.0,0.0,0.0,0.0,35.90550000022631,0.0,0.0,0.0,0.0,0.0
2040-05-16 09:00:00,0.0,0.0,0.0,0.0,0.0,36.96200000029057,0.0,0.0,0.0,0.0,0.0
2040-05-16 10:00:00,0.0,0.0,0.0,0.0,0.0,37.01925000024494,0.0,0.0,0.0,0.0,0.0
2040-05-16 11:00:00,0.0,0.0,0.0,0.0,0.0,38.72750000027008,0.0,0.0,0.0,0.0,0.0
2040-05-16 12:00:00,0.0,0.0,0.0,0.0,0.0,38.728500000201166,0.0,0.0,0.0,0.0,0.0
2040-05-16 13:00:00,0.0,0.0,0.0,0.0,0.0,37.945250000222586,0.0,0.0,0.0,0.0,0.0
2040-05-16 14:00:00,0.0,0.0,0.0,0.0,0.0,36.918750000186265,0.0,0.0,0.0,0.0,0.0
2040-05-16 15:00:00,0.0,0.0,0.0,0.0,0.0,36.64300000027288,0.0,0.0,0.0,0.0,0.0
2040-05-16 16:00:00,0.0,0.0,0.0,0.0,0.0,36.228000000235625,0.0,0.0,0.0,0.0,0.0
2040-05-16 17:00:00,0.0,0.0,0.0,0.0,0.0,35.19025000021793,0.0,0.0,0.0,0.0,0.0
2040-05-16 18:00:00,0.0,0.0,0.0,0.0,0.0,39.083000000217,0.0,0.0,0.0,0.0,0.0
2040-05-16 19:00:00,0.0,0.0,0.0,0.0,0.0,39.29550000024028,0.0,0.0,0.0,0.0,0.0
2040-05-16 20:00:00,0.0,0.0,0.0,0.0,0.0,38.05925000028219,0.0,0.0,0.0,0.0,0.0
2040-05-16 21:00:00,0.0,0.0,0.0,0.0,0.0,37.242750000208616,0.0,0.0,0.0,0.0,0.0
2040-05-16 22:00:00,0.0,0.0,0.0,0.0,0.0,35.5150000002468,0.0,0.0,0.0,0.0,0.0
2040-05-16 23:00:00,0.0,0.0,0.0,0.0,0.0,33.34450000023935,0.0,0.0,0.0,0.0,0.0
2040-05-17 00:00:00,0.0,0.0,0.0,0.0,0.0,30.06050000025425,0.0,0.0,0.0,0.0,0.0
2040-05-17 01:00:00,0.0,0.0,0.0,0.0,0.0,27.48325000028126,0.0,0.0,0.0,0.0,0.0
2040-05-17 02:00:00,0.0,0.0,0.0,0.0,0.0,25.54875000019092,0.0,0.0,0.0,0.0,0.0
2040-05-17 03:00:00,0.0,0.0,0.0,0.0,0.0,24.336000000243075,0.0,0.0,0.0,0.0,0.0
2040-05-17 04:00:00,0.0,0.0,0.0,0.0,0.0,24.20300000021234,0.0,0.0,0.0,0.0,0.0
2040-05-17 05:00:00,0.0,0.0,0.0,0.0,0.0,25.04675000021234,0.0,0.0,0.0,0.0,0.0
2040-05-17 06:00:00,0.0,0.0,0.0,0.0,0.0,26.963500000187196,0.0,0.0,0.0,0.0,0.0
2040-05-17 07:00:00,0.0,0.0,0.0,0.0,0.0,30.512000000220723,0.0,0.0,0.0,0.0,0.0
2040-05-17 08:00:00,0.0,0.0,0.0,0.0,0.0,35.348250000271946,0.0,0.0,0.0,0.0,0.0
2040-05-17 09:00:00,0.0,0.0,0.0,0.0,0.0,37.04325000022072,0.0,0.0,0.0,0.0,0.0
2040-05-17 10:00:00,0.0,0.0,0.0,0.0,0.0,37.620500000193715,0.0,0.0,0.0,0.0,0.0
2040-05-17 11:00:00,0.0,0.0,0.0,0.0,0.0,38.491500000236556,0.0,0.0,0.0,0.0,0.0
2040-05-17 12:00:00,0.0,0.0,0.0,0.0,0.0,39.05100000021048,0.0,0.0,0.0,0.0,0.0
2040-05-17 13:00:00,0.0,0.0,0.0,0.0,0.0,37.68975000025239,0.0,0.0,0.0,0.0,0.0
2040-05-17 14:00:00,0.0,0.0,0.0,0.0,0.0,36.6060000002617,0.0,0.0,0.0,0.0,0.0
2040-05-17 15:00:00,0.0,0.0,0.0,0.0,0.0,36.67475000023842,0.0,0.0,0.0,0.0,0.0
2040-05-17 16:00:00,0.0,0.0,0.0,0.0,0.0,35.26750000019092,0.0,0.0,0.0,0.0,0.0
2040-05-17 17:00:00,0.0,0.0,0.0,0.0,0.0,34.556750000221655,0.0,0.0,0.0,0.0,0.0
2040-05-17 18:00:00,0.0,0.0,0.0,0.0,0.0,38.288500000257045,0.0,0.0,0.0,0.0,0.0
2040-05-17 19:00:00,0.0,0.0,0.0,0.0,0.0,38.75325000018347,0.0,0.0,0.0,0.0,0.0
2040-05-17 20:00:00,0.0,0.0,0.0,0.0,0.0,37.40025000018068,0.0,0.0,0.0,0.0,0.0
2040-05-17 21:00:00,0.0,0.0,0.0,0.0,0.0,35.76700000022538,0.0,0.0,0.0,0.0,0.0
2040-05-17 22:00:00,0.0,0.0,0.0,0.0,0.0,34.791250000242144,0.0,0.0,0.0,0.0,0.0
2040-05-17 23:00:00,0.0,0.0,0.0,0.0,0.0,33.664000000222586,0.0,0.0,0.0,0.0,0.0
2040-05-18 00:00:00,0.0,0.0,0.0,0.0,0.0,31.214250000193715,0.0,0.0,0.0,0.0,0.0
2040-05-18 01:00:00,0.0,0.0,0.0,0.0,0.0,28.820250000222586,0.0,0.0,0.0,0.0,0.0
2040-05-18 02:00:00,0.0,0.0,0.0,0.0,0.0,27.01450000028126,0.0,0.0,0.0,0.0,0.0
2040-05-18 03:00:00,0.0,0.0,0.0,0.0,0.0,25.42275000025984,0.0,0.0,0.0,0.0,0.0
2040-05-18 04:00:00,0.0,0.0,0.0,0.0,0.0,24.681500000180677,0.0,0.0,0.0,0.0,0.0
2040-05-18 05:00:00,0.0,0.0,0.0,0.0,0.0,24.51975000021048,0.0,0.0,0.0,0.0,0.0
2040-05-18 06:00:00,0.0,0.0,0.0,0.0,0.0,25.1060000002617,0.0,0.0,0.0,0.0,0.0
2040-05-18 07:00:00,0.0,0.0,0.0,0.0,0.0,26.745250000269152,0.0,0.0,0.0,0.0,0.0
2040-05-18 08:00:00,0.0,0.0,0.0,0.0,0.0,30.44850000028964,0.0,0.0,0.0,0.0,0.0
2040-05-18 09:00:00,0.0,0.0,0.0,0.0,0.0,32.9375,0.0,0.0,0.0,0.0,0.0
2040-05-18 10:00:00,0.0,0.0,0.0,0.0,0.0,35.20925000018906,0.0,0.0,0.0,0.0,0.0
2040-05-18 11:00:00,0.0,0.0,0.0,0.0,0.0,36.46650000021327,0.0,0.0,0.0,0.0,0.0
2040-05-18 12:00:00,0.0,0.0,0.0,0.0,0.0,35.57800000021234,0.0,0.0,0.0,0.0,0.0
2040-05-18 13:00:00,0.0,0.0,0.0,0.0,0.0,35.43275000026915,0.0,0.0,0.0,0.0,0.0
2040-05-18 14:00:00,0.0,0.0,0.0,0.0,0.0,34.79975000023842,0.0,0.0,0.0,0.0,0.0
2040-05-18 15:00:00,0.0,0.0,0.0,0.0,0.0,34.35675000026822,0.0,0.0,0.0,0.0,0.0
2040-05-18 16:00:00,0.0,0.0,0.0,0.0,0.0,33.55300000018906,0.0,0.0,0.0,0.0,0.0
2040-05-18 17:00:00,0.0,0.0,0.0,0.0,0.0,34.12600000028033,0.0,0.0,0.0,0.0,0.0
2040-05-18 18:00:00,0.0,0.0,0.0,0.0,0.0,38.17450000019744,0.0,0.0,0.0,0.0,0.0
2040-05-18 19:00:00,0.0,0.0,0.0,0.0,0.0,39.132250000257045,0.0,0.0,0.0,0.0,0.0
2040-05-18 20:00:00,0.0,0.0,0.0,0.0,0.0,38.17750000022352,0.0,0.0,0.0,0.0,0.0
2040-05-18 21:00:00,0.0,0.0,0.0,0.0,0.0,36.68525000021327,0.0,0.0,0.0,0.0,0.0
2040-05-18 22:00:00,0.0,0.0,0.0,0.0,0.0,35.01800000027288,0.0,0.0,0.0,0.0,0.0
2040-05-18 23:00:00,0.0,0.0,0.0,0.0,0.0,32.93425000028219,0.0,0.0,0.0,0.0,0.0
2040-05-19 00:00:00,0.0,0.0,0.0,0.0,0.0,30.74925000022631,0.0,0.0,0.0,0.0,0.0
2040-05-19 01:00:00,0.0,0.0,0.0,0.0,0.0,27.856500000227243,0.0,0.0,0.0,0.0,0.0
2040-05-19 02:00:00,0.0,0.0,0.0,0.0,0.0,25.40625,0.0,0.0,0.0,0.0,0.0
2040-05-19 03:00:00,0.0,0.0,0.0,0.0,0.0,24.1427500002319,0.0,0.0,0.0,0.0,0.0
2040-05-19 04:00:00,0.0,0.0,0.0,0.0,0.0,23.376000000280328,0.0,0.0,0.0,0.0,0.0
2040-05-19 05:00:00,0.0,0.0,0.0,0.0,0.0,23.023750000284053,0.0,0.0,0.0,0.0,0.0
2040-05-19 06:00:00,0.0,0.0,0.0,0.0,0.0,22.918750000186265,0.0,0.0,0.0,0.0,0.0
2040-05-19 07:00:00,0.0,0.0,0.0,0.0,0.0,23.365250000264496,0.0,0.0,0.0,0.0,0.0
2040-05-19 08:00:00,0.0,0.0,0.0,0.0,0.0,24.123500000219792,0.0,0.0,0.0,0.0,0.0
2040-05-19 09:00:00,0.0,0.0,0.0,0.0,0.0,25.93425000028219,0.0,0.0,0.0,0.0,0.0
2040-05-19 10:00:00,0.0,0.0,0.0,0.0,0.0,28.117250000243075,0.0,0.0,0.0,0.0,0.0
2040-05-19 11:00:00,0.0,0.0,0.0,0.0,0.0,30.885750000248663,0.0,0.0,0.0,0.0,0.0
2040-05-19 12:00:00,0.0,0.0,0.0,0.0,0.0,32.87750000017695,0.0,0.0,0.0,0.0,0.0
2040-05-19 13:00:00,0.0,0.0,0.0,0.0,0.0,34.55050000024494,0.0,0.0,0.0,0.0,0.0
2040-05-19 14:00:00,0.0,0.0,0.0,0.0,0.0,35.043000000179745,0.0,0.0,0.0,0.0,0.0
2040-05-19 15:00:00,0.0,0.0,0.0,0.0,0.0,34.180500000249594,0.0,0.0,0.0,0.0,0.0
2040-05-19 16:00:00,0.0,0.0,0.0,0.0,0.0,32.84400000027381,0.0,0.0,0.0,0.0,0.0
2040-05-19 17:00:00,0.0,0.0,0.0,0.0,0.0,33.79850000026636,0.0,0.0,0.0,0.0,0.0
2040-05-19 18:00:00,0.0,0.0,0.0,0.0,0.0,36.678500000271015,0.0,0.0,0.0,0.0,0.0
2040-05-19 19:00:00,0.0,0.0,0.0,0.0,0.0,37.746250000200234,0.0,0.0,0.0,0.0,0.0
2040-05-19 20:00:00,0.0,0.0,0.0,0.0,0.0,37.13800000026822,0.0,0.0,0.0,0.0,0.0
2040-05-19 21:00:00,0.0,0.0,0.0,0.0,0.0,36.289250000263564,0.0,0.0,0.0,0.0,0.0
2040-05-19 22:00:00,0.0,0.0,0.0,0.0,0.0,34.2062500002794,0.0,0.0,0.0,0.0,0.0
2040-05-19 23:00:00,0.0,0.0,0.0,0.0,0.0,31.011500000255182,0.0,0.0,0.0,0.0,0.0
2040-05-20 00:00:00,0.0,0.0,0.0,0.0,0.0,27.894250000244938,0.0,0.0,0.0,0.0,0.0
2040-05-20 01:00:00,0.0,0.0,0.0,0.0,0.0,24.91025000018999,0.0,0.0,0.0,0.0,0.0
2040-05-20 02:00:00,0.0,0.0,0.0,0.0,0.0,22.840250000241213,0.0,0.0,0.0,0.0,0.0
2040-05-20 03:00:00,0.0,0.0,0.0,0.0,0.0,21.554750000243075,0.0,0.0,0.0,0.0,0.0
2040-05-20 04:00:00,0.0,0.0,0.0,0.0,0.0,21.25225000025239,0.0,0.0,0.0,0.0,0.0
2040-05-20 05:00:00,0.0,0.0,0.0,0.0,0.0,21.42600000021048,0.0,0.0,0.0,0.0,0.0
2040-05-20 06:00:00,0.0,0.0,0.0,0.0,0.0,24.15375000028871,0.0,0.0,0.0,0.0,0.0
2040-05-20 07:00:00,0.0,0.0,0.0,0.0,0.0,27.974500000244007,0.0,0.0,0.0,0.0,0.0
2040-05-20 08:00:00,0.0,0.0,0.0,0.0,0.0,31.62900000018999,0.0,0.0,0.0,0.0,0.0
2040-05-20 09:00:00,0.0,0.0,0.0,0.0,0.0,36.13925000024028,0.0,0.0,0.0,0.0,0.0
2040-05-20 10:00:00,0.0,0.0,0.0,0.0,0.0,37.81475000025239,0.0,0.0,0.0,0.0,0.0
2040-05-20 11:00:00,0.0,0.0,0.0,0.0,0.0,39.61125000019092,0.0,0.0,0.0,0.0,0.0
2040-05-20 12:00:00,0.0,0.0,0.0,0.0,0.0,39.96950000023935,0.0,0.0,0.0,0.0,0.0
2040-05-20 13:00:00,0.0,0.0,0.0,0.0,0.0,40.37800000025891,0.0,0.0,0.0,0.0,0.0
2040-05-20 14:00:00,0.0,0.0,0.0,0.0,0.0,40.34625000017695,0.0,0.0,0.0,0.0,0.0
2040-05-20 15:00:00,0.0,0.0,0.0,0.0,0.0,39.55,0.0,0.0,0.0,0.0,0.0
2040-05-20 16:00:00,0.0,0.0,0.0,0.0,0.0,37.97500000020955,0.0,0.0,0.0,0.0,0.0
2040-05-20 17:00:00,0.0,0.0,0.0,0.0,0.0,36.490250000264496,0.0,0.0,0.0,0.0,0.0
2040-05-20 18:00:00,0.0,0.0,0.0,0.0,0.0,39.13700000022072,0.0,0.0,0.0,0.0,0.0
2040-05-20 19:00:00,0.0,0.0,0.0,0.0,0.0,37.19825000024866,0.0,0.0,0.0,0.0,0.0
2040-05-20 20:00:00,0.0,0.0,0.0,0.0,0.0,36.60400000028312,0.0,0.0,0.0,0.0,0.0
2040-05-20 21:00:00,0.0,0.0,0.0,0.0,0.0,35.226750000263564,0.0,0.0,0.0,0.0,0.0
2040-05-20 22:00:00,0.0,0.0,0.0,0.0,0.0,33.98403784201946,0.0,0.0,0.0,0.0,0.0
2040-05-20 23:00:00,0.0,0.0,0.0,0.0,0.0,32.04781323263887,0.0,0.0,0.0,0.0,0.0
2040-05-21 00:00:00,0.0,0.0,0.0,0.0,0.0,29.95877246116288,0.0,0.0,0.0,0.0,0.0
2040-05-21 01:00:00,0.0,0.0,0.0,0.0,0.0,26.701076660421677,0.0,0.0,0.0,0.0,0.0
2040-05-21 02:00:00,0.0,0.0,0.0,0.0,0.0,24.085273926029913,0.0,0.0,0.0,0.0,0.0
2040-05-21 03:00:00,0.0,0.0,0.0,0.0,0.0,22.48481396504212,0.0,0.0,0.0,0.0,0.0
2040-05-21 04:00:00,0.0,0.0,0.0,0.0,0.0,21.72972558613401,0.0,0.0,0.0,0.0,0.0
2040-05-21 05:00:00,0.0,0.0,0.0,0.0,0.0,21.52517578145489,0.0,0.0,0.0,0.0,0.0
2040-05-21 06:00:00,0.0,0.0,0.0,0.0,0.0,21.77948046894744,0.0,0.0,0.0,0.0,0.0
2040-05-21 07:00:00,0.0,0.0,0.0,0.0,0.0,23.103874023654498,0.0,0.0,0.0,0.0,0.0
2040-05-21 08:00:00,0.0,0.0,0.0,0.0,0.0,24.974261719034985,0.0,0.0,0.0,0.0,0.0
2040-05-21 09:00:00,0.0,0.0,0.0,0.0,0.0,26.643135742400773,0.0,0.0,0.0,0.0,0.0
2040-05-21 10:00:00,0.0,0.0,0.0,0.0,0.0,29.21748242212925,0.0,0.0,0.0,0.0,0.0
2040-05-21 11:00:00,0.0,0.0,0.0,0.0,0.0,30.61684960965067,0.0,0.0,0.0,0.0,0.0
2040-05-21 12:00:00,0.0,0.0,0.0,0.0,0.0,31.78282617207151,0.0,0.0,0.0,0.0,0.0
2040-05-21 13:00:00,0.0,0.0,0.0,0.0,0.0,32.63745703152381,0.0,0.0,0.0,0.0,0.0
2040-05-21 14:00:00,0.0,0.0,0.0,0.0,0.0,32.9221757814521,0.0,0.0,0.0,0.0,0.0
2040-05-21 15:00:00,0.0,0.0,0.0,0.0,0.0,32.413755859597586,0.0,0.0,0.0,0.0,0.0
2040-05-21 16:00:00,0.0,0.0,0.0,0.0,0.0,31.631974609568715,0.0,0.0,0.0,0.0,0.0
2040-05-21 17:00:00,0.0,0.0,0.0,0.0,0.0,31.944316406501457,0.0,0.0,0.0,0.0,0.0
2040-05-21 18:00:00,0.0,0.0,0.0,0.0,0.0,36.17454882839229,0.0,0.0,0.0,0.0,0.0
2040-05-21 19:00:00,0.0,0.0,0.0,0.0,0.0,37.36136718769558,0.0,0.0,0.0,0.0,0.0
2040-05-21 20:00:00,0.0,0.0,0.0,0.0,0.0,36.97913671901915,0.0,0.0,0.0,0.0,0.0
2040-05-21 21:00:00,0.0,0.0,0.0,0.0,0.0,35.50943750026636,0.0,0.0,0.0,0.0,0.0
2040-05-21 22:00:00,0.0,0.0,0.0,0.0,0.0,33.06812890653964,0.0,0.0,0.0,0.0,0.0
2040-05-21 23:00:00,0.0,0.0,0.0,0.0,0.0,30.183703125221655,0.0,0.0,0.0,0.0,0.0
2040-05-22 00:00:00,0.0,0.0,0.0,0.0,0.0,27.013703125179745,0.0,0.0,0.0,0.0,0.0
2040-05-22 01:00:00,0.0,0.0,0.0,0.0,0.0,24.816308593959548,0.0,0.0,0.0,0.0,0.0
2040-05-22 02:00:00,0.0,0.0,0.0,0.0,0.0,22.637875000247732,0.0,0.0,0.0,0.0,0.0
2040-05-22 03:00:00,0.0,0.0,0.0,0.0,0.0,21.688230469007976,0.0,0.0,0.0,0.0,0.0
2040-05-22 04:00:00,0.0,0.0,0.0,0.0,0.0,21.188437500270084,0.0,0.0,0.0,0.0,0.0
2040-05-22 05:00:00,0.0,0.0,0.0,0.0,0.0,21.670339843956754,0.0,0.0,0.0,0.0,0.0
2040-05-22 06:00:00,0.0,0.0,0.0,0.0,0.0,26.888531250180677,0.0,0.0,0.0,0.0,0.0
2040-05-22 07:00:00,0.0,0.0,0.0,0.0,0.0,31.72458593768564,0.0,0.0,0.0,0.0,0.0
2040-05-22 08:00:00,0.0,0.0,0.0,0.0,0.0,36.30016015644651,0.0,0.0,0.0,0.0,0.0
2040-05-22 09:00:00,0.0,0.0,0.0,0.0,0.0,40.26702343777288,0.0,0.0,0.0,0.0,0.0
2040-05-22 10:00:00,0.0,0.0,0.0,0.0,0.0,40.87228515651077,0.0,0.0,0.0,0.0,0.0
2040-05-22 11:00:00,0.0,0.0,0.0,0.0,0.0,41.48916406277567,0.0,0.0,0.0,0.0,0.0
2040-05-22 12:00:00,0.0,0.0,0.0,0.0,0.0,41.56525390653405,0.0,0.0,0.0,0.0,0.0
2040-05-22 13:00:00,0.0,0.0,0.0,0.0,0.0,41.104734375257976,0.0,0.0,0.0,0.0,0.0
2040-05-22 14:00:00,0.0,0.0,0.0,0.0,0.0,40.053070312715136,0.0,0.0,0.0,0.0,0.0
2040-05-22 15:00:00,0.0,0.0,0.0,0.0,0.0,40.110414062743075,0.0,0.0,0.0,0.0,0.0
2040-05-22 16:00:00,0.0,0.0,0.0,0.0,0.0,38.25958593771793,0.0,0.0,0.0,0.0,0.0
2040-05-22 17:00:00,0.0,0.0,0.0,0.0,0.0,37.84747656271793,0.0,0.0,0.0,0.0,0.0
2040-05-22 18:00:00,0.0,0.0,0.0,0.0,0.0,41.279937500250526,0.0,0.0,0.0,0.0,0.0
2040-05-22 19:00:00,0.0,0.0,0.0,0.0,0.0,41.3089453127468,0.0,0.0,0.0,0.0,0.0
2040-05-22 20:00:00,0.0,0.0,0.0,0.0,0.0,40.18707031267695,0.0,0.0,0.0,0.0,0.0
2040-05-22 21:00:00,0.0,0.0,0.0,0.0,0.0,38.19834375020582,0.0,0.0,0.0,0.0,0.0
2040-05-22 22:00:00,0.0,0.0,0.0,0.0,0.0,35.6067734376993,0.0,0.0,0.0,0.0,0.0
2040-05-22 23:00:00,0.0,0.0,0.0,0.0,0.0,32.143742187763564,0.0,0.0,0.0,0.0,0.0
2040-05-23 00:00:00,0.0,0.0,0.0,0.0,0.0,28.73432812525425,0.0,0.0,0.0,0.0,0.0
2040-05-23 01:00:00,0.0,0.0,0.0,0.0,0.0,26.036890625255182,0.0,0.0,0.0,0.0,0.0
2040-05-23 02:00:00,0.0,0.0,0.0,0.0,0.0,24.229421875206754,0.0,0.0,0.0,0.0,0.0
2040-05-23 03:00:00,0.0,0.0,0.0,0.0,0.0,23.560023437719792,0.0,0.0,0.0,0.0,0.0
2040-05-23 04:00:00,0.0,0.0,0.0,0.0,0.0,22.646820312715136,0.0,0.0,0.0,0.0,0.0
2040-05-23 05:00:00,0.0,0.0,0.0,0.0,0.0,23.213570312713273,0.0,0.0,0.0,0.0,0.0
2040-05-23 06:00:00,0.0,0.0,0.0,0.0,0.0,26.347343750181608,0.0,0.0,0.0,0.0,0.0
2040-05-23 07:00:00,0.0,0.0,0.0,0.0,0.0,31.281789062777534,0.0,0.0,0.0,0.0,0.0
2040-05-23 08:00:00,0.0,0.0,0.0,0.0,0.0,35.977421875228174,0.0,0.0,0.0,0.0,0.0
2040-05-23 09:00:00,0.0,0.0,0.0,0.0,0.0,39.98423437518068,0.0,0.0,0.0,0.0,0.0
2040-05-23 10:00:00,0.0,0.0,0.0,0.0,0.0,40.21399218775332,0.0,0.0,0.0,0.0,0.0
2040-05-23 11:00:00,0.0,0.0,0.0,0.0,0.0,41.42974218772724,0.0,0.0,0.0,0.0,0.0
2040-05-23 12:00:00,0.0,0.0,0.0,0.0,0.0,41.512101562693715,0.0,0.0,0.0,0.0,0.0
2040-05-23 13:00:00,0.0,0.0,0.0,0.0,0.0,40.18425000028219,0.0,0.0,0.0,0.0,0.0
2040-05-23 14:00:00,0.0,0.0,0.0,0.0,0.0,39.57196875021327,0.0,0.0,0.0,0.0,0.0
2040-05-23 15:00:00,0.0,0.0,0.0,0.0,0.0,39.90509375021793,0.0,0.0,0.0,0.0,0.0
2040-05-23 16:00:00,0.0,0.0,0.0,0.0,0.0,37.589460937771946,0.0,0.0,0.0,0.0,0.0
2040-05-23 17:00:00,0.0,0.0,0.0,0.0,0.0,36.47331250028219,0.0,0.0,0.0,0.0,0.0
2040-05-23 18:00:00,0.0,0.0,0.0,0.0,0.0,39.937078125192784,0.0,0.0,0.0,0.0,0.0
2040-05-23 19:00:00,0.0,0.0,0.0,0.0,0.0,39.94632812519558,0.0,0.0,0.0,0.0,0.0
2040-05-23 20:00:00,0.0,0.0,0.0,0.0,0.0,38.613296875264496,0.0,0.0,0.0,0.0,0.0
2040-05-23 21:00:00,0.0,0.0,0.0,0.0,0.0,36.7298437502468,0.0,0.0,0.0,0.0,0.0
2040-05-23 22:00:00,0.0,0.0,0.0,0.0,0.0,34.52698437520303,0.0,0.0,0.0,0.0,0.0
2040-05-23 23:00:00,0.0,0.0,0.0,0.0,0.0,31.379046875284985,0.0,0.0,0.0,0.0,0.0
2040-05-24 00:00:00,0.0,0.0,0.0,0.0,0.0,27.946000000229105,0.0,0.0,0.0,0.0,0.0
2040-05-24 01:00:00,0.0,0.0,0.0,0.0,0.0,25.20498437528029,0.0,0.0,0.0,0.0,0.0
2040-05-24 02:00:00,0.0,0.0,0.0,0.0,0.0,22.959921875270084,0.0,0.0,0.0,0.0,0.0
2040-05-24 03:00:00,0.0,0.0,0.0,0.0,0.0,21.899046875187196,0.0,0.0,0.0,0.0,0.0
2040-05-24 04:00:00,0.0,0.0,0.0,0.0,0.0,21.567484375205822,0.0,0.0,0.0,0.0,0.0
2040-05-24 05:00:00,0.0,0.0,0.0,0.0,0.0,21.953359375242144,0.0,0.0,0.0,0.0,0.0
2040-05-24 06:00:00,0.0,0.0,0.0,0.0,0.0,25.92075000028126,0.0,0.0,0.0,0.0,0.0
2040-05-24 07:00:00,0.0,0.0,0.0,0.0,0.0,31.17587500018999,0.0,0.0,0.0,0.0,0.0
2040-05-24 08:00:00,0.0,0.0,0.0,0.0,0.0,35.88004687521607,0.0,0.0,0.0,0.0,0.0
2040-05-24 09:00:00,0.0,0.0,0.0,0.0,0.0,37.8970156252617,0.0,0.0,0.0,0.0,0.0
2040-05-24 10:00:00,0.0,0.0,0.0,0.0,0.0,40.78315625025425,0.0,0.0,0.0,0.0,0.0
2040-05-24 11:00:00,0.0,0.0,0.0,0.0,0.0,41.940937500216926,0.0,0.0,0.0,0.0,0.0
2040-05-24 12:00:00,0.0,0.0,0.0,0.0,0.0,40.978515625,0.0,0.0,0.0,0.0,0.0
2040-05-24 13:00:00,0.0,0.0,0.0,0.0,0.0,39.72876562527381,0.0,0.0,0.0,0.0,0.0
2040-05-24 14:00:00,0.0,0.0,0.0,0.0,0.0,39.55673437518999,0.0,0.0,0.0,0.0,0.0
2040-05-24 15:00:00,0.0,0.0,0.0,0.0,0.0,39.79501562518999,0.0,0.0,0.0,0.0,0.0
2040-05-24 16:00:00,0.0,0.0,0.0,0.0,0.0,37.47501562524121,0.0,0.0,0.0,0.0,0.0
2040-05-24 17:00:00,0.0,0.0,0.0,0.0,0.0,35.863875000271946,0.0,0.0,0.0,0.0,0.0
2040-05-24 18:00:00,0.0,0.0,0.0,0.0,0.0,39.52823437517509,0.0,0.0,0.0,0.0,0.0
2040-05-24 19:00:00,0.0,0.0,0.0,0.0,0.0,40.38404687528964,0.0,0.0,0.0,0.0,0.0
2040-05-24 20:00:00,0.0,0.0,0.0,0.0,0.0,39.07879687519744,0.0,0.0,0.0,0.0,0.0
2040-05-24 21:00:00,0.0,0.0,0.0,0.0,0.0,37.68128125020303,0.0,0.0,0.0,0.0,0.0
2040-05-24 22:00:00,0.0,0.0,0.0,0.0,0.0,36.27489062527023,0.0,0.0,0.0,0.0,0.0
2040-05-24 23:00:00,0.0,0.0,0.0,0.0,0.0,34.01196875027341,0.0,0.0,0.0,0.0,0.0
2040-05-25 00:00:00,0.0,0.0,0.0,0.0,0.0,31.096843750216067,0.0,0.0,0.0,0.0,0.0
2040-05-25 01:00:00,0.0,0.0,0.0,0.0,0.0,28.28129687521141,0.0,0.0,0.0,0.0,0.0
2040-05-25 02:00:00,0.0,0.0,0.0,0.0,0.0,25.815500000258908,0.0,0.0,0.0,0.0,0.0
2040-05-25 03:00:00,0.0,0.0,0.0,0.0,0.0,24.289609375174724,0.0,0.0,0.0,0.0,0.0
2040-05-25 04:00:00,0.0,0.0,0.0,0.0,0.0,22.751485822809755,0.0,0.0,0.0,0.0,0.0
2040-05-25 05:00:00,0.0,0.0,0.0,0.0,0.0,23.3654062502319,0.0,0.0,0.0,0.0,0.0
2040-05-25 06:00:00,0.0,0.0,0.0,0.0,0.0,23.90807812521234,0.0,0.0,0.0,0.0,0.0
2040-05-25 07:00:00,0.0,0.0,0.0,0.0,0.0,27.200281250290573,0.0,0.0,0.0,0.0,0.0
2040-05-25 08:00:00,0.0,0.0,0.0,0.0,0.0,30.611718750209548,0.0,0.0,0.0,0.0,0.0
2040-05-25 09:00:00,0.0,0.0,0.0,0.0,0.0,34.25829687528312,0.0,0.0,0.0,0.0,0.0
2040-05-25 10:00:00,0.0,0.0,0.0,0.0,0.0,36.55970312526915,0.0,0.0,0.0,0.0,0.0
2040-05-25 11:00:00,0.0,0.0,0.0,0.0,0.0,38.26210937520955,0.0,0.0,0.0,0.0,0.0
2040-05-25 12:00:00,0.0,0.0,0.0,0.0,0.0,38.62970312521793,0.0,0.0,0.0,0.0,0.0
2040-05-25 13:00:00,0.0,0.0,0.0,0.0,0.0,38.717531250207685,0.0,0.0,0.0,0.0,0.0
2040-05-25 14:00:00,0.0,0.0,0.0,0.0,0.0,37.08900000026915,0.0,0.0,0.0,0.0,0.0
2040-05-25 15:00:00,0.0,0.0,0.0,0.0,0.0,36.66290625021793,0.0,0.0,0.0,0.0,0.0
2040-05-25 16:00:00,0.0,0.0,0.0,0.0,0.0,35.89226562518161,0.0,0.0,0.0,0.0,0.0
2040-05-25 17:00:00,0.0,0.0,0.0,0.0,0.0,35.96278125024401,0.0,0.0,0.0,0.0,0.0
2040-05-25 18:00:00,0.0,0.0,0.0,0.0,0.0,39.39545312523842,0.0,0.0,0.0,0.0,0.0
2040-05-25 19:00:00,0.0,0.0,0.0,0.0,0.0,39.51709375018254,0.0,0.0,0.0,0.0,0.0
2040-05-25 20:00:00,0.0,0.0,0.0,0.0,0.0,38.12210937519558,0.0,0.0,0.0,0.0,0.0
2040-05-25 21:00:00,0.0,0.0,0.0,0.0,0.0,36.690359375206754,0.0,0.0,0.0,0.0,0.0
2040-05-25 22:00:00,0.0,0.0,0.0,0.0,0.0,34.927312500192784,0.0,0.0,0.0,0.0,0.0
2040-05-25 23:00:00,0.0,0.0,0.0,0.0,0.0,32.83818750025239,0.0,0.0,0.0,0.0,0.0
2040-05-26 00:00:00,0.0,0.0,0.0,0.0,0.0,30.46159375028219,0.0,0.0,0.0,0.0,0.0
2040-05-26 01:00:00,0.0,0.0,0.0,0.0,0.0,27.736296875285916,0.0,0.0,0.0,0.0,0.0
2040-05-26 02:00:00,0.0,0.0,0.0,0.0,0.0,25.323343750205424,0.0,0.0,0.0,0.0,0.0
2040-05-26 03:00:00,0.0,0.0,0.0,0.0,0.0,23.80543750023935,0.0,0.0,0.0,0.0,0.0
2040-05-26 04:00:00,0.0,0.0,0.0,0.0,0.0,22.967781250248663,0.0,0.0,0.0,0.0,0.0
2040-05-26 05:00:00,0.0,0.0,0.0,0.0,0.0,22.638156250235625,0.0,0.0,0.0,0.0,0.0
2040-05-26 06:00:00,0.0,0.0,0.0,0.0,0.0,22.581093750195578,0.0,0.0,0.0,0.0,0.0
2040-05-26 07:00:00,0.0,0.0,0.0,0.0,0.0,23.201812500250526,0.0,0.0,0.0,0.0,0.0
2040-05-26 08:00:00,0.0,0.0,0.0,0.0,0.0,24.865390625200234,0.0,0.0,0.0,0.0,0.0
2040-05-26 09:00:00,0.0,0.0,0.0,0.0,0.0,26.343687500222586,0.0,0.0,0.0,0.0,0.0
2040-05-26 10:00:00,0.0,0.0,0.0,0.0,0.0,28.495359375257976,0.0,0.0,0.0,0.0,0.0
2040-05-26 11:00:00,0.0,0.0,0.0,0.0,0.0,31.242343750200234,0.0,0.0,0.0,0.0,0.0
2040-05-26 12:00:00,0.0,0.0,0.0,0.0,0.0,33.35221875028219,0.0,0.0,0.0,0.0,0.0
2040-05-26 13:00:00,0.0,0.0,0.0,0.0,0.0,34.890187500277534,0.0,0.0,0.0,0.0,0.0
2040-05-26 14:00:00,0.0,0.0,0.0,0.0,0.0,34.885375000187196,0.0,0.0,0.0,0.0,0.0
2040-05-26 15:00:00,0.0,0.0,0.0,0.0,0.0,34.29796875023749,0.0,0.0,0.0,0.0,0.0
2040-05-26 16:00:00,0.0,0.0,0.0,0.0,0.0,34.067187500186265,0.0,0.0,0.0,0.0,0.0
2040-05-26 17:00:00,0.0,0.0,0.0,0.0,0.0,34.82781250018161,0.0,0.0,0.0,0.0,0.0
2040-05-26 18:00:00,0.0,0.0,0.0,0.0,0.0,39.17663940449711,0.0,0.0,0.0,0.0,0.0
2040-05-26 19:00:00,0.0,0.0,0.0,0.0,0.0,40.094271240523085,0.0,0.0,0.0,0.0,0.0
2040-05-26 20:00:00,0.0,0.0,0.0,0.0,0.0,39.72719482448883,0.0,0.0,0.0,0.0,0.0
2040-05-26 21:00:00,0.0,0.0,0.0,0.0,0.0,38.60121093771886,0.0,0.0,0.0,0.0,0.0
2040-05-26 22:00:00,0.0,0.0,0.0,0.0,0.0,35.91175292991102,0.0,0.0,0.0,0.0,0.0
2040-05-26 23:00:00,0.0,0.0,0.0,0.0,0.0,32.762502929894254,0.0,0.0,0.0,0.0,0.0
2040-05-27 00:00:00,0.0,0.0,0.0,0.0,0.0,29.320292969001457,0.0,0.0,0.0,0.0,0.0
2040-05-27 01:00:00,0.0,0.0,0.0,0.0,0.0,26.174144531483762,0.0,0.0,0.0,0.0,0.0
2040-05-27 02:00:00,0.0,0.0,0.0,0.0,0.0,23.901677734567784,0.0,0.0,0.0,0.0,0.0
2040-05-27 03:00:00,0.0,0.0,0.0,0.0,0.0,22.858871093951166,0.0,0.0,0.0,0.0,0.0
2040-05-27 04:00:00,0.0,0.0,0.0,0.0,0.0,22.426160156494007,0.0,0.0,0.0,0.0,0.0
2040-05-27 05:00:00,0.0,0.0,0.0,0.0,0.0,22.840822265832685,0.0,0.0,0.0,0.0,0.0
2040-05-27 06:00:00,0.0,0.0,0.0,0.0,0.0,26.75295117206406,0.0,0.0,0.0,0.0,0.0
2040-05-27 07:00:00,0.0,0.0,0.0,0.0,0.0,31.787779297097586,0.0,0.0,0.0,0.0,0.0
2040-05-27 08:00:00,0.0,0.0,0.0,0.0,0.0,36.30579882836901,0.0,0.0,0.0,0.0,0.0
2040-05-27 09:00:00,0.0,0.0,0.0,0.0,0.0,40.06374609400518,0.0,0.0,0.0,0.0,0.0
2040-05-27 10:00:00,0.0,0.0,0.0,0.0,0.0,40.894957031472586,0.0,0.0,0.0,0.0,0.0
2040-05-27 11:00:00,0.0,0.0,0.0,0.0,0.0,41.93745312525425,0.0,0.0,0.0,0.0,0.0
2040-05-27 12:00:00,0.0,0.0,0.0,0.0,0.0,42.260757812764496,0.0,0.0,0.0,0.0,0.0
2040-05-27 13:00:00,0.0,0.0,0.0,0.0,0.0,41.60578125028405,0.0,0.0,0.0,0.0,0.0
2040-05-27 14:00:00,0.0,0.0,0.0,0.0,0.0,40.6564453127794,0.0,0.0,0.0,0.0,0.0
2040-05-27 15:00:00,0.0,0.0,0.0,0.0,0.0,41.20438281272072,0.0,0.0,0.0,0.0,0.0
2040-05-27 16:00:00,0.0,0.0,0.0,0.0,0.0,40.61985937517602,0.0,0.0,0.0,0.0,0.0
2040-05-27 17:00:00,0.0,0.0,0.0,0.0,0.0,40.31803906278219,0.0,0.0,0.0,0.0,0.0
2040-05-27 18:00:00,0.0,0.0,0.0,0.0,0.0,42.81778906274121,0.0,0.0,0.0,0.0,0.0
2040-05-27 19:00:00,0.0,0.0,0.0,0.0,0.0,42.34020312526263,0.0,0.0,0.0,0.0,0.0
2040-05-27 20:00:00,0.0,0.0,0.0,0.0,0.0,40.6700703126844,0.0,0.0,0.0,0.0,0.0
2040-05-27 21:00:00,0.0,0.0,0.0,0.0,0.0,38.60134375025518,0.0,0.0,0.0,0.0,0.0
2040-05-27 22:00:00,0.0,0.0,0.0,0.0,0.0,36.382953125284985,0.0,0.0,0.0,0.0,0.0
2040-05-27 23:00:00,0.0,0.0,0.0,0.0,0.0,33.32222656277008,0.0,0.0,0.0,0.0,0.0
2040-05-28 00:00:00,0.0,0.0,0.0,0.0,0.0,29.85800000024028,0.0,0.0,0.0,0.0,0.0
2040-05-28 01:00:00,0.0,0.0,0.0,0.0,0.0,26.79629687522538,0.0,0.0,0.0,0.0,0.0
2040-05-28 02:00:00,0.0,0.0,0.0,0.0,0.0,24.647046875208616,0.0,0.0,0.0,0.0,0.0
2040-05-28 03:00:00,0.0,0.0,0.0,0.0,0.0,23.64167968777474,0.0,0.0,0.0,0.0,0.0
2040-05-28 04:00:00,0.0,0.0,0.0,0.0,0.0,23.13433593767695,0.0,0.0,0.0,0.0,0.0
2040-05-28 05:00:00,0.0,0.0,0.0,0.0,0.0,23.523093750234693,0.0,0.0,0.0,0.0,0.0
2040-05-28 06:00:00,0.0,0.0,0.0,0.0,0.0,27.37424218771048,0.0,0.0,0.0,0.0,0.0
2040-05-28 07:00:00,0.0,0.0,0.0,0.0,0.0,32.15727343771141,0.0,0.0,0.0,0.0,0.0
2040-05-28 08:00:00,0.0,0.0,0.0,0.0,0.0,36.6536484376993,0.0,0.0,0.0,0.0,0.0
2040-05-28 09:00:00,0.0,0.0,0.0,0.0,0.0,40.50983593775891,0.0,0.0,0.0,0.0,0.0
2040-05-28 10:00:00,0.0,0.0,0.0,0.0,0.0,40.92199218773749,0.0,0.0,0.0,0.0,0.0
2040-05-28 11:00:00,0.0,0.0,0.0,0.0,0.0,41.597414062707685,0.0,0.0,0.0,0.0,0.0
2040-05-28 12:00:00,0.0,0.0,0.0,0.0,0.0,41.55074218777008,0.0,0.0,0.0,0.0,0.0
2040-05-28 13:00:00,0.0,0.0,0.0,0.0,0.0,40.61274218768813,0.0,0.0,0.0,0.0,0.0
2040-05-28 14:00:00,0.0,0.0,0.0,0.0,0.0,40.57192187523469,0.0,0.0,0.0,0.0,0.0
2040-05-28 15:00:00,0.0,0.0,0.0,0.0,0.0,40.9446875002468,0.0,0.0,0.0,0.0,0.0
2040-05-28 16:00:00,0.0,0.0,0.0,0.0,0.0,40.33039062528405,0.0,0.0,0.0,0.0,0.0
2040-05-28 17:00:00,0.0,0.0,0.0,0.0,0.0,40.62875000026543,0.0,0.0,0.0,0.0,0.0
2040-05-28 18:00:00,0.0,0.0,0.0,0.0,0.0,42.73868750024121,0.0,0.0,0.0,0.0,0.0
2040-05-28 19:00:00,0.0,0.0,0.0,0.0,0.0,41.82762500026729,0.0,0.0,0.0,0.0,0.0
2040-05-28 20:00:00,0.0,0.0,0.0,0.0,0.0,39.9197343752021,0.0,0.0,0.0,0.0,0.0
2040-05-28 21:00:00,0.0,0.0,0.0,0.0,0.0,38.31790625024587,0.0,0.0,0.0,0.0,0.0
2040-05-28 22:00:00,0.0,0.0,0.0,0.0,0.0,36.21082812524401,0.0,0.0,0.0,0.0,0.0
2040-05-28 23:00:00,0.0,0.0,0.0,0.0,0.0,32.14520312519744,0.0,0.0,0.0,0.0,0.0
2040-05-29 00:00:00,0.0,0.0,0.0,0.0,0.0,29.74443750025239,0.0,0.0,0.0,0.0,0.0
2040-05-29 01:00:00,0.0,0.0,0.0,0.0,0.0,26.710968750179745,0.0,0.0,0.0,0.0,0.0
2040-05-29 02:00:00,0.0,0.0,0.0,0.0,0.0,24.112406250205822,0.0,0.0,0.0,0.0,0.0
2040-05-29 03:00:00,0.0,0.0,0.0,0.0,0.0,23.231687500251887,0.0,0.0,0.0,0.0,0.0
2040-05-29 04:00:00,0.0,0.0,0.0,0.0,0.0,22.113000000244938,0.0,0.0,0.0,0.0,0.0
2040-05-29 05:00:00,0.0,0.0,0.0,0.0,0.0,22.404937500250526,0.0,0.0,0.0,0.0,0.0
2040-05-29 06:00:00,0.0,0.0,0.0,0.0,0.0,26.758281250251457,0.0,0.0,0.0,0.0,0.0
2040-05-29 07:00:00,0.0,0.0,0.0,0.0,0.0,30.825375000247732,0.0,0.0,0.0,0.0,0.0
2040-05-29 08:00:00,0.0,0.0,0.0,0.0,0.0,34.560406250183576,0.0,0.0,0.0,0.0,0.0
2040-05-29 09:00:00,0.0,0.0,0.0,0.0,0.0,38.38504687522072,0.0,0.0,0.0,0.0,0.0
2040-05-29 10:00:00,0.0,0.0,0.0,0.0,0.0,39.10376562527412,0.0,0.0,0.0,0.0,0.0
2040-05-29 11:00:00,0.0,0.0,0.0,0.0,0.0,40.05304687528405,0.0,0.0,0.0,0.0,0.0
2040-05-29 12:00:00,0.0,0.0,0.0,0.0,0.0,40.26868750026915,0.0,0.0,0.0,0.0,0.0
2040-05-29 13:00:00,0.0,0.0,0.0,0.0,0.0,39.53423437522724,0.0,0.0,0.0,0.0,0.0
2040-05-29 14:00:00,0.0,0.0,0.0,0.0,0.0,38.91410937521061,0.0,0.0,0.0,0.0,0.0
2040-05-29 15:00:00,0.0,0.0,0.0,0.0,0.0,39.40289062517695,0.0,0.0,0.0,0.0,0.0
2040-05-29 16:00:00,0.0,0.0,0.0,0.0,0.0,39.42370312521234,0.0,0.0,0.0,0.0,0.0
2040-05-29 17:00:00,0.0,0.0,0.0,0.0,0.0,38.96915625024121,0.0,0.0,0.0,0.0,0.0
2040-05-29 18:00:00,0.0,0.0,0.0,0.0,0.0,41.77409375028219,0.0,0.0,0.0,0.0,0.0
2040-05-29 19:00:00,0.0,0.0,0.0,0.0,0.0,41.171984375221655,0.0,0.0,0.0,0.0,0.0
2040-05-29 20:00:00,0.0,0.0,0.0,0.0,0.0,39.742203125264496,0.0,0.0,0.0,0.0,0.0
2040-05-29 21:00:00,0.0,0.0,0.0,0.0,0.0,37.768312500207685,0.0,0.0,0.0,0.0,0.0
2040-05-29 22:00:00,0.0,0.0,0.0,0.0,0.0,35.16309375024866,0.0,0.0,0.0,0.0,0.0
2040-05-29 23:00:00,0.0,0.0,0.0,0.0,0.0,32.264937500236556,0.0,0.0,0.0,0.0,0.0
2040-05-30 00:00:00,0.0,0.0,0.0,0.0,0.0,28.529984375229105,0.0,0.0,0.0,0.0,0.0
2040-05-30 01:00:00,0.0,0.0,0.0,0.0,0.0,25.450203125248663,0.0,0.0,0.0,0.0,0.0
2040-05-30 02:00:00,0.0,0.0,0.0,0.0,0.0,23.44876562524587,0.0,0.0,0.0,0.0,0.0
2040-05-30 03:00:00,0.0,0.0,0.0,0.0,0.0,22.33682812517509,0.0,0.0,0.0,0.0,0.0
2040-05-30 04:00:00,0.0,0.0,0.0,0.0,0.0,22.01392187527381,0.0,0.0,0.0,0.0,0.0
2040-05-30 05:00:00,0.0,0.0,0.0,0.0,0.0,22.338078125263564,0.0,0.0,0.0,0.0,0.0
2040-05-30 06:00:00,0.0,0.0,0.0,0.0,0.0,26.15296875021886,0.0,0.0,0.0,0.0,0.0
2040-05-30 07:00:00,0.0,0.0,0.0,0.0,0.0,31.383921875269152,0.0,0.0,0.0,0.0,0.0
2040-05-30 08:00:00,0.0,0.0,0.0,0.0,0.0,35.35965625022072,0.0,0.0,0.0,0.0,0.0
2040-05-30 09:00:00,0.0,0.0,0.0,0.0,0.0,38.55846875021234,0.0,0.0,0.0,0.0,0.0
2040-05-30 10:00:00,0.0,0.0,0.0,0.0,0.0,39.6858750001993,0.0,0.0,0.0,0.0,0.0
2040-05-30 11:00:00,0.0,0.0,0.0,0.0,0.0,40.193562500178814,0.0,0.0,0.0,0.0,0.0
2040-05-30 12:00:00,0.0,0.0,0.0,0.0,0.0,39.79153125023004,0.0,0.0,0.0,0.0,0.0
2040-05-30 13:00:00,0.0,0.0,0.0,0.0,0.0,38.874531250214204,0.0,0.0,0.0,0.0,0.0
2040-05-30 14:00:00,0.0,0.0,0.0,0.0,0.0,38.485187500249594,0.0,0.0,0.0,0.0,0.0
2040-05-30 15:00:00,0.0,0.0,0.0,0.0,0.0,38.959593750187196,0.0,0.0,0.0,0.0,0.0
2040-05-30 16:00:00,0.0,0.0,0.0,0.0,0.0,38.19250000023749,0.0,0.0,0.0,0.0,0.0
2040-05-30 17:00:00,0.0,0.0,0.0,0.0,0.0,37.89628125028685,0.0,0.0,0.0,0.0,0.0
2040-05-30 18:00:00,0.0,0.0,0.0,0.0,0.0,41.84046875021886,0.0,0.0,0.0,0.0,0.0
2040-05-30 19:00:00,0.0,0.0,0.0,0.0,0.0,41.90571875020396,0.0,0.0,0.0,0.0,0.0
2040-05-30 20:00:00,0.0,0.0,0.0,0.0,0.0,40.364843750256114,0.0,0.0,0.0,0.0,0.0
2040-05-30 21:00:00,0.0,0.0,0.0,0.0,0.0,38.92931250028778,0.0,0.0,0.0,0.0,0.0
2040-05-30 22:00:00,0.0,0.0,0.0,0.0,0.0,36.71950000023935,0.0,0.0,0.0,0.0,0.0
2040-05-30 23:00:00,0.0,0.0,0.0,0.0,0.0,33.68387500022072,0.0,0.0,0.0,0.0,0.0
2040-05-31 00:00:00,0.0,0.0,0.0,0.0,0.0,29.854906250257045,0.0,0.0,0.0,0.0,0.0
2040-05-31 01:00:00,0.0,0.0,0.0,0.0,0.0,26.831062500248663,0.0,0.0,0.0,0.0,0.0
2040-05-31 02:00:00,0.0,0.0,0.0,0.0,0.0,24.5997812502319,0.0,0.0,0.0,0.0,0.0
2040-05-31 03:00:00,0.0,0.0,0.0,0.0,0.0,23.501125000182938,0.0,0.0,0.0,0.0,0.0
2040-05-31 04:00:00,0.0,0.0,0.0,0.0,0.0,22.991843750234693,0.0,0.0,0.0,0.0,0.0
2040-05-31 05:00:00,0.0,0.0,0.0,0.0,0.0,23.39250000019092,0.0,0.0,0.0,0.0,0.0
2040-05-31 06:00:00,0.0,0.0,0.0,0.0,0.0,27.02934375021141,0.0,0.0,0.0,0.0,0.0
2040-05-31 07:00:00,0.0,0.0,0.0,0.0,0.0,31.951562500209548,0.0,0.0,0.0,0.0,0.0
2040-05-31 08:00:00,0.0,0.0,0.0,0.0,0.0,36.63543750019744,0.0,0.0,0.0,0.0,0.0
2040-05-31 09:00:00,0.0,0.0,0.0,0.0,0.0,42.15003125020303,0.0,0.0,0.0,0.0,0.0
2040-05-31 10:00:00,0.0,0.0,0.0,0.0,0.0,42.38581250025891,0.0,0.0,0.0,0.0,0.0
2040-05-31 11:00:00,0.0,0.0,0.0,0.0,0.0,43.40596875024494,0.0,0.0,0.0,0.0,0.0
2040-05-31 12:00:00,0.0,0.0,0.0,0.0,0.0,43.195375000243075,0.0,0.0,0.0,0.0,0.0
2040-05-31 13:00:00,0.0,0.0,0.0,0.0,0.0,42.69440625025891,0.0,0.0,0.0,0.0,0.0
2040-05-31 14:00:00,0.0,0.0,0.0,0.0,0.0,42.69440625025891,0.0,0.0,0.0,0.0,0.0
2040-05-31 15:00:00,0.0,0.0,0.0,0.0,0.0,42.75109375023749,0.0,0.0,0.0,0.0,0.0
2040-05-31 16:00:00,0.0,0.0,0.0,0.0,0.0,39.98731250024866,0.0,0.0,0.0,0.0,0.0
2040-05-31 17:00:00,0.0,0.0,0.0,0.0,0.0,39.52925000025425,0.0,0.0,0.0,0.0,0.0
2040-05-31 18:00:00,0.0,0.0,0.0,0.0,0.0,42.12865625019185,0.0,0.0,0.0,0.0,0.0
2040-05-31 19:00:00,0.0,0.0,0.0,0.0,0.0,41.586625000229105,0.0,0.0,0.0,0.0,0.0
2040-05-31 20:00:00,0.0,0.0,0.0,0.0,0.0,39.935750000178814,0.0,0.0,0.0,0.0,0.0
2040-05-31 21:00:00,0.0,0.0,0.0,0.0,0.0,38.25806250027381,0.0,0.0,0.0,0.0,0.0
2040-05-31 22:00:00,0.0,0.0,0.0,0.0,0.0,36.25237500027288,0.0,0.0,0.0,0.0,0.0
2040-05-31 23:00:00,0.0,0.0,0.0,0.0,0.0,34.188718750257976,0.0,0.0,0.0,0.0,0.0
2040-06-01 00:00:00,0.0,0.0,0.0,0.0,0.0,114.23713136532477,0.0,0.0,0.0,0.0,0.0
2040-06-01 01:00:00,0.0,0.0,0.0,0.0,0.0,28.70384375017602,0.0,0.0,0.0,0.0,0.0
2040-06-01 02:00:00,0.0,0.0,0.0,0.0,0.0,26.11668750026729,0.0,0.0,0.0,0.0,0.0
2040-06-01 03:00:00,0.0,0.0,0.0,0.0,0.0,24.56084375025239,0.0,0.0,0.0,0.0,0.0
2040-06-01 04:00:00,0.0,0.0,0.0,0.0,0.0,23.312843750230968,0.0,0.0,0.0,0.0,0.0
2040-06-01 05:00:00,0.0,0.0,0.0,0.0,0.0,23.235906250192784,0.0,0.0,0.0,0.0,0.0
2040-06-01 06:00:00,0.0,0.0,0.0,0.0,0.0,23.608437500195578,0.0,0.0,0.0,0.0,0.0
2040-06-01 07:00:00,0.0,0.0,0.0,0.0,0.0,26.502906250185333,0.0,0.0,0.0,0.0,0.0
2040-06-01 08:00:00,0.0,0.0,0.0,0.0,0.0,29.342312500230037,0.0,0.0,0.0,0.0,0.0
2040-06-01 09:00:00,0.0,0.0,0.0,0.0,0.0,33.4255937502021,0.0,0.0,0.0,0.0,0.0
2040-06-01 10:00:00,0.0,0.0,0.0,0.0,0.0,35.09218750020955,0.0,0.0,0.0,0.0,0.0
2040-06-01 11:00:00,0.0,0.0,0.0,0.0,0.0,37.349718750221655,0.0,0.0,0.0,0.0,0.0
2040-06-01 12:00:00,0.0,0.0,0.0,0.0,0.0,37.97231250023469,0.0,0.0,0.0,0.0,0.0
2040-06-01 13:00:00,0.0,0.0,0.0,0.0,0.0,38.469718750217,0.0,0.0,0.0,0.0,0.0
2040-06-01 14:00:00,0.0,0.0,0.0,0.0,0.0,38.358062500250526,0.0,0.0,0.0,0.0,0.0
2040-06-01 15:00:00,0.0,0.0,0.0,0.0,0.0,38.78487500024494,0.0,0.0,0.0,0.0,0.0
2040-06-01 16:00:00,0.0,0.0,0.0,0.0,0.0,38.08931250020396,0.0,0.0,0.0,0.0,0.0
2040-06-01 17:00:00,0.0,0.0,0.0,0.0,0.0,36.45156250020955,0.0,0.0,0.0,0.0,0.0
2040-06-01 18:00:00,0.0,0.0,0.0,0.0,0.0,39.46325000026263,0.0,0.0,0.0,0.0,0.0
2040-06-01 19:00:00,0.0,0.0,0.0,0.0,0.0,40.71218750020489,0.0,0.0,0.0,0.0,0.0
2040-06-01 20:00:00,0.0,0.0,0.0,0.0,0.0,40.01628125028219,0.0,0.0,0.0,0.0,0.0
2040-06-01 21:00:00,0.0,0.0,0.0,0.0,0.0,38.27418750023935,0.0,0.0,0.0,0.0,0.0
2040-06-01 22:00:00,0.0,0.0,0.0,0.0,0.0,36.337125000194646,0.0,0.0,0.0,0.0,0.0
2040-06-01 23:00:00,0.0,0.0,0.0,0.0,0.0,33.869281250284985,0.0,0.0,0.0,0.0,0.0
2040-06-02 00:00:00,0.0,0.0,0.0,0.0,0.0,31.702906250255182,0.0,0.0,0.0,0.0,0.0
2040-06-02 01:00:00,0.0,0.0,0.0,0.0,0.0,29.135875000269152,0.0,0.0,0.0,0.0,0.0
2040-06-02 02:00:00,0.0,0.0,0.0,0.0,0.0,26.452156250248663,0.0,0.0,0.0,0.0,0.0
2040-06-02 03:00:00,0.0,0.0,0.0,0.0,0.0,24.29837500024587,0.0,0.0,0.0,0.0,0.0
2040-06-02 04:00:00,0.0,0.0,0.0,0.0,0.0,23.227687500184402,0.0,0.0,0.0,0.0,0.0
2040-06-02 05:00:00,0.0,0.0,0.0,0.0,0.0,22.864031250240917,0.0,0.0,0.0,0.0,0.0
2040-06-02 06:00:00,0.0,0.0,0.0,0.0,0.0,22.696218750206754,0.0,0.0,0.0,0.0,0.0
2040-06-02 07:00:00,0.0,0.0,0.0,0.0,0.0,22.856375000206754,0.0,0.0,0.0,0.0,0.0
2040-06-02 08:00:00,0.0,0.0,0.0,0.0,0.0,24.338437500176546,0.0,0.0,0.0,0.0,0.0
2040-06-02 09:00:00,0.0,0.0,0.0,0.0,0.0,25.955093750264496,0.0,0.0,0.0,0.0,0.0
2040-06-02 10:00:00,0.0,0.0,0.0,0.0,0.0,27.210687500191852,0.0,0.0,0.0,0.0,0.0
2040-06-02 11:00:00,0.0,0.0,0.0,0.0,0.0,30.6946875002468,0.0,0.0,0.0,0.0,0.0
2040-06-02 12:00:00,0.0,0.0,0.0,0.0,0.0,32.71368750021793,0.0,0.0,0.0,0.0,0.0
2040-06-02 13:00:00,0.0,0.0,0.0,0.0,0.0,34.634875000221655,0.0,0.0,0.0,0.0,0.0
2040-06-02 14:00:00,0.0,0.0,0.0,0.0,0.0,34.93150000018068,0.0,0.0,0.0,0.0,0.0
2040-06-02 15:00:00,0.0,0.0,0.0,0.0,0.0,34.49075000023004,0.0,0.0,0.0,0.0,0.0
2040-06-02 16:00:00,0.0,0.0,0.0,0.0,0.0,34.24978125025518,0.0,0.0,0.0,0.0,0.0
2040-06-02 17:00:00,0.0,0.0,0.0,0.0,0.0,34.356281250249594,0.0,0.0,0.0,0.0,0.0
2040-06-02 18:00:00,0.0,0.0,0.0,0.0,0.0,38.435656250221655,0.0,0.0,0.0,0.0,0.0
2040-06-02 19:00:00,0.0,0.0,0.0,0.0,0.0,39.166218750178814,0.0,0.0,0.0,0.0,0.0
2040-06-02 20:00:00,0.0,0.0,0.0,0.0,0.0,39.20340625022072,0.0,0.0,0.0,0.0,0.0
2040-06-02 21:00:00,0.0,0.0,0.0,0.0,0.0,38.81843750027474,0.0,0.0,0.0,0.0,0.0
2040-06-02 22:00:00,0.0,0.0,0.0,0.0,0.0,36.886281250277534,0.0,0.0,0.0,0.0,0.0
2040-06-02 23:00:00,0.0,0.0,0.0,0.0,0.0,33.49534375022631,0.0,0.0,0.0,0.0,0.0
2040-06-03 00:00:00,0.0,0.0,0.0,0.0,0.0,30.056218750192784,0.0,0.0,0.0,0.0,0.0
2040-06-03 01:00:00,0.0,0.0,0.0,0.0,0.0,26.79256250022445,0.0,0.0,0.0,0.0,0.0
2040-06-03 02:00:00,0.0,0.0,0.0,0.0,0.0,23.95062500028871,0.0,0.0,0.0,0.0,0.0
2040-06-03 03:00:00,0.0,0.0,0.0,0.0,0.0,22.29306250018999,0.0,0.0,0.0,0.0,0.0
2040-06-03 04:00:00,0.0,0.0,0.0,0.0,0.0,21.950187500216998,0.0,0.0,0.0,0.0,0.0
2040-06-03 05:00:00,0.0,0.0,0.0,0.0,0.0,22.20240625028964,0.0,0.0,0.0,0.0,0.0
2040-06-03 06:00:00,0.0,0.0,0.0,0.0,0.0,25.16237500018906,0.0,0.0,0.0,0.0,0.0
2040-06-03 07:00:00,0.0,0.0,0.0,0.0,0.0,30.926875000237487,0.0,0.0,0.0,0.0,0.0
2040-06-03 08:00:00,0.0,0.0,0.0,0.0,0.0,35.06106250023004,0.0,0.0,0.0,0.0,0.0
2040-06-03 09:00:00,0.0,0.0,0.0,0.0,0.0,39.5078125,0.0,0.0,0.0,0.0,0.0
2040-06-03 10:00:00,0.0,0.0,0.0,0.0,0.0,40.34793750022072,0.0,0.0,0.0,0.0,0.0
2040-06-03 11:00:00,0.0,0.0,0.0,0.0,0.0,41.09275000018533,0.0,0.0,0.0,0.0,0.0
2040-06-03 12:00:00,0.0,0.0,0.0,0.0,0.0,41.519562500179745,0.0,0.0,0.0,0.0,0.0
2040-06-03 13:00:00,0.0,0.0,0.0,0.0,0.0,41.26331250020303,0.0,0.0,0.0,0.0,0.0
2040-06-03 14:00:00,0.0,0.0,0.0,0.0,0.0,40.33650000020693,0.0,0.0,0.0,0.0,0.0
2040-06-03 15:00:00,0.0,0.0,0.0,0.0,0.0,40.75687500019558,0.0,0.0,0.0,0.0,0.0
2040-06-03 16:00:00,0.0,0.0,0.0,0.0,0.0,40.636875000200234,0.0,0.0,0.0,0.0,0.0
2040-06-03 17:00:00,0.0,0.0,0.0,0.0,0.0,39.58993750018999,0.0,0.0,0.0,0.0,0.0
2040-06-03 18:00:00,0.0,0.0,0.0,0.0,0.0,42.521062500192784,0.0,0.0,0.0,0.0,0.0
2040-06-03 19:00:00,0.0,0.0,0.0,0.0,0.0,42.75931250024587,0.0,0.0,0.0,0.0,0.0
2040-06-03 20:00:00,0.0,0.0,0.0,0.0,0.0,41.32993750018068,0.0,0.0,0.0,0.0,0.0
2040-06-03 21:00:00,0.0,0.0,0.0,0.0,0.0,39.80318750021979,0.0,0.0,0.0,0.0,0.0
2040-06-03 22:00:00,0.0,0.0,0.0,0.0,0.0,37.48856250022072,0.0,0.0,0.0,0.0,0.0
2040-06-03 23:00:00,0.0,0.0,0.0,0.0,0.0,34.61025000025984,0.0,0.0,0.0,0.0,0.0
2040-06-04 00:00:00,0.0,0.0,0.0,0.0,0.0,31.101875000284053,0.0,0.0,0.0,0.0,0.0
2040-06-04 01:00:00,0.0,0.0,0.0,0.0,0.0,27.8125,0.0,0.0,0.0,0.0,0.0
2040-06-04 02:00:00,0.0,0.0,0.0,0.0,0.0,25.29575000028126,0.0,0.0,0.0,0.0,0.0
2040-06-04 03:00:00,0.0,0.0,0.0,0.0,0.0,23.853625000221655,0.0,0.0,0.0,0.0,0.0
2040-06-04 04:00:00,0.0,0.0,0.0,0.0,0.0,23.218437500181608,0.0,0.0,0.0,0.0,0.0
2040-06-04 05:00:00,0.0,0.0,0.0,0.0,0.0,23.437687500263564,0.0,0.0,0.0,0.0,0.0
2040-06-04 06:00:00,0.0,0.0,0.0,0.0,0.0,26.052750000264496,0.0,0.0,0.0,0.0,0.0
2040-06-04 07:00:00,0.0,0.0,0.0,0.0,0.0,31.690062500187196,0.0,0.0,0.0,0.0,0.0
2040-06-04 08:00:00,0.0,0.0,0.0,0.0,0.0,35.562937500181235,0.0,0.0,0.0,0.0,0.0
2040-06-04 09:00:00,0.0,0.0,0.0,0.0,0.0,39.92475000023842,0.0,0.0,0.0,0.0,0.0
2040-06-04 10:00:00,0.0,0.0,0.0,0.0,0.0,40.81143750017509,0.0,0.0,0.0,0.0,0.0
2040-06-04 11:00:00,0.0,0.0,0.0,0.0,0.0,41.2048125002766,0.0,0.0,0.0,0.0,0.0
2040-06-04 12:00:00,0.0,0.0,0.0,0.0,0.0,41.21268750028685,0.0,0.0,0.0,0.0,0.0
2040-06-04 13:00:00,0.0,0.0,0.0,0.0,0.0,40.676375000271946,0.0,0.0,0.0,0.0,0.0
2040-06-04 14:00:00,0.0,0.0,0.0,0.0,0.0,40.20237500022631,0.0,0.0,0.0,0.0,0.0
2040-06-04 15:00:00,0.0,0.0,0.0,0.0,0.0,40.37600000028033,0.0,0.0,0.0,0.0,0.0
2040-06-04 16:00:00,0.0,0.0,0.0,0.0,0.0,40.55056250025518,0.0,0.0,0.0,0.0,0.0
2040-06-04 17:00:00,0.0,0.0,0.0,0.0,0.0,39.34006250021048,0.0,0.0,0.0,0.0,0.0
2040-06-04 18:00:00,0.0,0.0,0.0,0.0,0.0,42.55206250026822,0.0,0.0,0.0,0.0,0.0
2040-06-04 19:00:00,0.0,0.0,0.0,0.0,0.0,42.76487500022631,0.0,0.0,0.0,0.0,0.0
2040-06-04 20:00:00,0.0,0.0,0.0,0.0,0.0,41.352875000215136,0.0,0.0,0.0,0.0,0.0
2040-06-04 21:00:00,0.0,0.0,0.0,0.0,0.0,39.897750000236556,0.0,0.0,0.0,0.0,0.0
2040-06-04 22:00:00,0.0,0.0,0.0,0.0,0.0,37.62462500028778,0.0,0.0,0.0,0.0,0.0
2040-06-04 23:00:00,0.0,0.0,0.0,0.0,0.0,34.63325000018813,0.0,0.0,0.0,0.0,0.0
2040-06-05 00:00:00,0.0,0.0,0.0,0.0,0.0,30.8794375002617,0.0,0.0,0.0,0.0,0.0
2040-06-05 01:00:00,0.0,0.0,0.0,0.0,0.0,27.543562500271946,0.0,0.0,0.0,0.0,0.0
2040-06-05 02:00:00,0.0,0.0,0.0,0.0,0.0,24.93231250019744,0.0,0.0,0.0,0.0,0.0
2040-06-05 03:00:00,0.0,0.0,0.0,0.0,0.0,23.48387500026729,0.0,0.0,0.0,0.0,0.0
2040-06-05 04:00:00,0.0,0.0,0.0,0.0,0.0,22.89768750022631,0.0,0.0,0.0,0.0,0.0
2040-06-05 05:00:00,0.0,0.0,0.0,0.0,0.0,23.07306250021793,0.0,0.0,0.0,0.0,0.0
2040-06-05 06:00:00,0.0,0.0,0.0,0.0,0.0,25.54106250021141,0.0,0.0,0.0,0.0,0.0
2040-06-05 07:00:00,0.0,0.0,0.0,0.0,0.0,31.099812500178814,0.0,0.0,0.0,0.0,0.0
2040-06-05 08:00:00,0.0,0.0,0.0,0.0,0.0,35.05793750018347,0.0,0.0,0.0,0.0,0.0
2040-06-05 09:00:00,0.0,0.0,0.0,0.0,0.0,39.21781250019558,0.0,0.0,0.0,0.0,0.0
2040-06-05 10:00:00,0.0,0.0,0.0,0.0,0.0,40.06681250024121,0.0,0.0,0.0,0.0,0.0
2040-06-05 11:00:00,0.0,0.0,0.0,0.0,0.0,40.882250000257045,0.0,0.0,0.0,0.0,0.0
2040-06-05 12:00:00,0.0,0.0,0.0,0.0,0.0,41.376437500235625,0.0,0.0,0.0,0.0,0.0
2040-06-05 13:00:00,0.0,0.0,0.0,0.0,0.0,40.89637500024401,0.0,0.0,0.0,0.0,0.0
2040-06-05 14:00:00,0.0,0.0,0.0,0.0,0.0,40.16493750025984,0.0,0.0,0.0,0.0,0.0
2040-06-05 15:00:00,0.0,0.0,0.0,0.0,0.0,40.773500000243075,0.0,0.0,0.0,0.0,0.0
2040-06-05 16:00:00,0.0,0.0,0.0,0.0,0.0,40.136250000214204,0.0,0.0,0.0,0.0,0.0
2040-06-05 17:00:00,0.0,0.0,0.0,0.0,0.0,39.590625000186265,0.0,0.0,0.0,0.0,0.0
2040-06-05 18:00:00,0.0,0.0,0.0,0.0,0.0,42.48850000021048,0.0,0.0,0.0,0.0,0.0
2040-06-05 19:00:00,0.0,0.0,0.0,0.0,0.0,42.297562500229105,0.0,0.0,0.0,0.0,0.0
2040-06-05 20:00:00,0.0,0.0,0.0,0.0,0.0,40.4920000002021,0.0,0.0,0.0,0.0,0.0
2040-06-05 21:00:00,0.0,0.0,0.0,0.0,0.0,38.48756250028964,0.0,0.0,0.0,0.0,0.0
2040-06-05 22:00:00,0.0,0.0,0.0,0.0,0.0,36.22368750022724,0.0,0.0,0.0,0.0,0.0
2040-06-05 23:00:00,0.0,0.0,0.0,0.0,0.0,33.75843750021886,0.0,0.0,0.0,0.0,0.0
2040-06-06 00:00:00,0.0,0.0,0.0,0.0,0.0,30.210062500205822,0.0,0.0,0.0,0.0,0.0
2040-06-06 01:00:00,0.0,0.0,0.0,0.0,0.0,26.967750000185333,0.0,0.0,0.0,0.0,0.0
2040-06-06 02:00:00,0.0,0.0,0.0,0.0,0.0,24.420250000199303,0.0,0.0,0.0,0.0,0.0
2040-06-06 03:00:00,0.0,0.0,0.0,0.0,0.0,23.163125000195578,0.0,0.0,0.0,0.0,0.0
2040-06-06 04:00:00,0.0,0.0,0.0,0.0,0.0,22.609125000191852,0.0,0.0,0.0,0.0,0.0
2040-06-06 05:00:00,0.0,0.0,0.0,0.0,0.0,22.686000000219792,0.0,0.0,0.0,0.0,0.0
2040-06-06 06:00:00,0.0,0.0,0.0,0.0,0.0,25.223562500206754,0.0,0.0,0.0,0.0,0.0
2040-06-06 07:00:00,0.0,0.0,0.0,0.0,0.0,30.496937500195227,0.0,0.0,0.0,0.0,0.0
2040-06-06 08:00:00,0.0,0.0,0.0,0.0,0.0,34.622000000206754,0.0,0.0,0.0,0.0,0.0
2040-06-06 09:00:00,0.0,0.0,0.0,0.0,0.0,39.4542500001844,0.0,0.0,0.0,0.0,0.0
2040-06-06 10:00:00,0.0,0.0,0.0,0.0,0.0,40.830312500242144,0.0,0.0,0.0,0.0,0.0
2040-06-06 11:00:00,0.0,0.0,0.0,0.0,0.0,41.21593750023749,0.0,0.0,0.0,0.0,0.0
2040-06-06 12:00:00,0.0,0.0,0.0,0.0,0.0,42.00768750021234,0.0,0.0,0.0,0.0,0.0
2040-06-06 13:00:00,0.0,0.0,0.0,0.0,0.0,42.22856250021141,0.0,0.0,0.0,0.0,0.0
2040-06-06 14:00:00,0.0,0.0,0.0,0.0,0.0,41.59400000027381,0.0,0.0,0.0,0.0,0.0
2040-06-06 15:00:00,0.0,0.0,0.0,0.0,0.0,41.76937500026543,0.0,0.0,0.0,0.0,0.0
2040-06-06 16:00:00,0.0,0.0,0.0,0.0,0.0,41.564437500201166,0.0,0.0,0.0,0.0,0.0
2040-06-06 17:00:00,0.0,0.0,0.0,0.0,0.0,40.71875,0.0,0.0,0.0,0.0,0.0
2040-06-06 18:00:00,0.0,0.0,0.0,0.0,0.0,42.7453125002794,0.0,0.0,0.0,0.0,0.0
2040-06-06 19:00:00,0.0,0.0,0.0,0.0,0.0,42.26750000019092,0.0,0.0,0.0,0.0,0.0
2040-06-06 20:00:00,0.0,0.0,0.0,0.0,0.0,40.968812500243075,0.0,0.0,0.0,0.0,0.0
2040-06-06 21:00:00,0.0,0.0,0.0,0.0,0.0,39.34050000028219,0.0,0.0,0.0,0.0,0.0
2040-06-06 22:00:00,0.0,0.0,0.0,0.0,0.0,37.27268750022631,0.0,0.0,0.0,0.0,0.0
2040-06-06 23:00:00,0.0,0.0,0.0,0.0,0.0,34.63456250028685,0.0,0.0,0.0,0.0,0.0
2040-06-07 00:00:00,0.0,0.0,0.0,0.0,0.0,31.09387500025332,0.0,0.0,0.0,0.0,0.0
2040-06-07 01:00:00,0.0,0.0,0.0,0.0,0.0,27.844875000184402,0.0,0.0,0.0,0.0,0.0
2040-06-07 02:00:00,0.0,0.0,0.0,0.0,0.0,25.35831250017509,0.0,0.0,0.0,0.0,0.0
2040-06-07 03:00:00,0.0,0.0,0.0,0.0,0.0,24.213750000228174,0.0,0.0,0.0,0.0,0.0
2040-06-07 04:00:00,0.0,0.0,0.0,0.0,0.0,23.380562500213273,0.0,0.0,0.0,0.0,0.0
2040-06-07 05:00:00,0.0,0.0,0.0,0.0,0.0,23.43900000024587,0.0,0.0,0.0,0.0,0.0
2040-06-07 06:00:00,0.0,0.0,0.0,0.0,0.0,25.479500000248663,0.0,0.0,0.0,0.0,0.0
2040-06-07 07:00:00,0.0,0.0,0.0,0.0,0.0,30.34268750017509,0.0,0.0,0.0,0.0,0.0
2040-06-07 08:00:00,0.0,0.0,0.0,0.0,0.0,34.46806396509055,0.0,0.0,0.0,0.0,0.0
2040-06-07 09:00:00,0.0,0.0,0.0,0.0,0.0,40.038209961145185,0.0,0.0,0.0,0.0,0.0
2040-06-07 10:00:00,0.0,0.0,0.0,0.0,0.0,41.8967570803361,0.0,0.0,0.0,0.0,0.0
2040-06-07 11:00:00,0.0,0.0,0.0,0.0,0.0,42.504766357596964,0.0,0.0,0.0,0.0,0.0
2040-06-07 12:00:00,0.0,0.0,0.0,0.0,0.0,43.116915527614765,0.0,0.0,0.0,0.0,0.0
2040-06-07 13:00:00,0.0,0.0,0.0,0.0,0.0,42.5953867189819,0.0,0.0,0.0,0.0,0.0
2040-06-07 14:00:00,0.0,0.0,0.0,0.0,0.0,42.17725292989053,0.0,0.0,0.0,0.0,0.0
2040-06-07 15:00:00,0.0,0.0,0.0,0.0,0.0,43.228866211138666,0.0,0.0,0.0,0.0,0.0
2040-06-07 16:00:00,0.0,0.0,0.0,0.0,0.0,41.314699218957685,0.0,0.0,0.0,0.0,0.0
2040-06-07 17:00:00,0.0,0.0,0.0,0.0,0.0,38.80857031268533,0.0,0.0,0.0,0.0,0.0
2040-06-07 18:00:00,0.0,0.0,0.0,0.0,0.0,41.80362695339136,0.0,0.0,0.0,0.0,0.0
2040-06-07 19:00:00,0.0,0.0,0.0,0.0,0.0,41.41007617209107,0.0,0.0,0.0,0.0,0.0
2040-06-07 20:00:00,0.0,0.0,0.0,0.0,0.0,39.90010937524494,0.0,0.0,0.0,0.0,0.0
2040-06-07 21:00:00,0.0,0.0,0.0,0.0,0.0,38.322988281492144,0.0,0.0,0.0,0.0,0.0
2040-06-07 22:00:00,0.0,0.0,0.0,0.0,0.0,36.765597656485625,0.0,0.0,0.0,0.0,0.0
2040-06-07 23:00:00,0.0,0.0,0.0,0.0,0.0,34.959136719000526,0.0,0.0,0.0,0.0,0.0
2040-06-08 00:00:00,0.0,0.0,0.0,0.0,0.0,31.94629296893254,0.0,0.0,0.0,0.0,0.0
2040-06-08 01:00:00,0.0,0.0,0.0,0.0,0.0,28.699777344008908,0.0,0.0,0.0,0.0,0.0
2040-06-08 02:00:00,0.0,0.0,0.0,0.0,0.0,26.69894921896048,0.0,0.0,0.0,0.0,0.0
2040-06-08 03:00:00,0.0,0.0,0.0,0.0,0.0,24.850683594006114,0.0,0.0,0.0,0.0,0.0
2040-06-08 04:00:00,0.0,0.0,0.0,0.0,0.0,23.945339843980037,0.0,0.0,0.0,0.0,0.0
2040-06-08 05:00:00,0.0,0.0,0.0,0.0,0.0,23.70352343772538,0.0,0.0,0.0,0.0,0.0
2040-06-08 06:00:00,0.0,0.0,0.0,0.0,0.0,23.764886718941852,0.0,0.0,0.0,0.0,0.0
2040-06-08 07:00:00,0.0,0.0,0.0,0.0,0.0,24.65323437517509,0.0,0.0,0.0,0.0,0.0
2040-06-08 08:00:00,0.0,0.0,0.0,0.0,0.0,27.54056250024587,0.0,0.0,0.0,0.0,0.0
2040-06-08 09:00:00,0.0,0.0,0.0,0.0,0.0,31.72939843777567,0.0,0.0,0.0,0.0,0.0
2040-06-08 10:00:00,0.0,0.0,0.0,0.0,0.0,33.96305468771607,0.0,0.0,0.0,0.0,0.0
2040-06-08 11:00:00,0.0,0.0,0.0,0.0,0.0,36.67413281276822,0.0,0.0,0.0,0.0,0.0
2040-06-08 12:00:00,0.0,0.0,0.0,0.0,0.0,37.71196093771141,0.0,0.0,0.0,0.0,0.0
2040-06-08 13:00:00,0.0,0.0,0.0,0.0,0.0,38.11322656273842,0.0,0.0,0.0,0.0,0.0
2040-06-08 14:00:00,0.0,0.0,0.0,0.0,0.0,37.46817968774121,0.0,0.0,0.0,0.0,0.0
2040-06-08 15:00:00,0.0,0.0,0.0,0.0,0.0,37.10676562518347,0.0,0.0,0.0,0.0,0.0
2040-06-08 16:00:00,0.0,0.0,0.0,0.0,0.0,36.47435937519185,0.0,0.0,0.0,0.0,0.0
2040-06-08 17:00:00,0.0,0.0,0.0,0.0,0.0,36.48114062519744,0.0,0.0,0.0,0.0,0.0
2040-06-08 18:00:00,0.0,0.0,0.0,0.0,0.0,39.980656250263564,0.0,0.0,0.0,0.0,0.0
2040-06-08 19:00:00,0.0,0.0,0.0,0.0,0.0,40.75835937517695,0.0,0.0,0.0,0.0,0.0
2040-06-08 20:00:00,0.0,0.0,0.0,0.0,0.0,39.79482812527567,0.0,0.0,0.0,0.0,0.0
2040-06-08 21:00:00,0.0,0.0,0.0,0.0,0.0,38.583984375,0.0,0.0,0.0,0.0,0.0
2040-06-08 22:00:00,0.0,0.0,0.0,0.0,0.0,36.94403906271327,0.0,0.0,0.0,0.0,0.0
2040-06-08 23:00:00,0.0,0.0,0.0,0.0,0.0,34.88504687522072,0.0,0.0,0.0,0.0,0.0
2040-06-09 00:00:00,0.0,0.0,0.0,0.0,0.0,32.29164062521886,0.0,0.0,0.0,0.0,0.0
2040-06-09 01:00:00,0.0,0.0,0.0,0.0,0.0,29.505476562771946,0.0,0.0,0.0,0.0,0.0
2040-06-09 02:00:00,0.0,0.0,0.0,0.0,0.0,26.95595312525984,0.0,0.0,0.0,0.0,0.0
2040-06-09 03:00:00,0.0,0.0,0.0,0.0,0.0,25.027523437747732,0.0,0.0,0.0,0.0,0.0
2040-06-09 04:00:00,0.0,0.0,0.0,0.0,0.0,23.876718750223517,0.0,0.0,0.0,0.0,0.0
2040-06-09 05:00:00,0.0,0.0,0.0,0.0,0.0,23.29478906269651,0.0,0.0,0.0,0.0,0.0
2040-06-09 06:00:00,0.0,0.0,0.0,0.0,0.0,23.12489843775984,0.0,0.0,0.0,0.0,0.0
2040-06-09 07:00:00,0.0,0.0,0.0,0.0,0.0,23.393765625194646,0.0,0.0,0.0,0.0,0.0
2040-06-09 08:00:00,0.0,0.0,0.0,0.0,0.0,24.34693750028964,0.0,0.0,0.0,0.0,0.0
2040-06-09 09:00:00,0.0,0.0,0.0,0.0,0.0,26.380796875222586,0.0,0.0,0.0,0.0,0.0
2040-06-09 10:00:00,0.0,0.0,0.0,0.0,0.0,27.848468750249594,0.0,0.0,0.0,0.0,0.0
2040-06-09 11:00:00,0.0,0.0,0.0,0.0,0.0,30.16951562522445,0.0,0.0,0.0,0.0,0.0
2040-06-09 12:00:00,0.0,0.0,0.0,0.0,0.0,32.60576562525239,0.0,0.0,0.0,0.0,0.0
2040-06-09 13:00:00,0.0,0.0,0.0,0.0,0.0,34.68084375024773,0.0,0.0,0.0,0.0,0.0
2040-06-09 14:00:00,0.0,0.0,0.0,0.0,0.0,35.06920312519651,0.0,0.0,0.0,0.0,0.0
2040-06-09 15:00:00,0.0,0.0,0.0,0.0,0.0,34.58165625028778,0.0,0.0,0.0,0.0,0.0
2040-06-09 16:00:00,0.0,0.0,0.0,0.0,0.0,34.29190625017509,0.0,0.0,0.0,0.0,0.0
2040-06-09 17:00:00,0.0,0.0,0.0,0.0,0.0,35.14814062521327,0.0,0.0,0.0,0.0,0.0
2040-06-09 18:00:00,0.0,0.0,0.0,0.0,0.0,39.00693750020582,0.0,0.0,0.0,0.0,0.0
2040-06-09 19:00:00,0.0,0.0,0.0,0.0,0.0,39.953109375201166,0.0,0.0,0.0,0.0,0.0
2040-06-09 20:00:00,0.0,0.0,0.0,0.0,0.0,39.686859375215136,0.0,0.0,0.0,0.0,0.0
2040-06-09 21:00:00,0.0,0.0,0.0,0.0,0.0,38.78703125019092,0.0,0.0,0.0,0.0,0.0
2040-06-09 22:00:00,0.0,0.0,0.0,0.0,0.0,36.86356250022072,0.0,0.0,0.0,0.0,0.0
2040-06-09 23:00:00,0.0,0.0,0.0,0.0,0.0,33.82918750029057,0.0,0.0,0.0,0.0,0.0
2040-06-10 00:00:00,0.0,0.0,0.0,0.0,0.0,30.491937500191852,0.0,0.0,0.0,0.0,0.0
2040-06-10 01:00:00,0.0,0.0,0.0,0.0,0.0,27.152375000179745,0.0,0.0,0.0,0.0,0.0
2040-06-10 02:00:00,0.0,0.0,0.0,0.0,0.0,24.616875000181608,0.0,0.0,0.0,0.0,0.0
2040-06-10 03:00:00,0.0,0.0,0.0,0.0,0.0,23.216062500257976,0.0,0.0,0.0,0.0,0.0
2040-06-10 04:00:00,0.0,0.0,0.0,0.0,0.0,22.556406250223517,0.0,0.0,0.0,0.0,0.0
2040-06-10 05:00:00,0.0,0.0,0.0,0.0,0.0,22.619609375251457,0.0,0.0,0.0,0.0,0.0
2040-06-10 06:00:00,0.0,0.0,0.0,0.0,0.0,25.00793750025332,0.0,0.0,0.0,0.0,0.0
2040-06-10 07:00:00,0.0,0.0,0.0,0.0,0.0,30.128062500269152,0.0,0.0,0.0,0.0,0.0
2040-06-10 08:00:00,0.0,0.0,0.0,0.0,0.0,34.76059375028126,0.0,0.0,0.0,0.0,0.0
2040-06-10 09:00:00,0.0,0.0,0.0,0.0,0.0,39.83221875026673,0.0,0.0,0.0,0.0,0.0
2040-06-10 10:00:00,0.0,0.0,0.0,0.0,0.0,41.39342187519651,0.0,0.0,0.0,0.0,0.0
2040-06-10 11:00:00,0.0,0.0,0.0,0.0,0.0,42.490843750187196,0.0,0.0,0.0,0.0,0.0
2040-06-10 12:00:00,0.0,0.0,0.0,0.0,0.0,43.01853125018533,0.0,0.0,0.0,0.0,0.0
2040-06-10 13:00:00,0.0,0.0,0.0,0.0,0.0,42.70295312523376,0.0,0.0,0.0,0.0,0.0
2040-06-10 14:00:00,0.0,0.0,0.0,0.0,0.0,41.55793750018347,0.0,0.0,0.0,0.0,0.0
2040-06-10 15:00:00,0.0,0.0,0.0,0.0,0.0,41.76343750022352,0.0,0.0,0.0,0.0,0.0
2040-06-10 16:00:00,0.0,0.0,0.0,0.0,0.0,41.61060937528964,0.0,0.0,0.0,0.0,0.0
2040-06-10 17:00:00,0.0,0.0,0.0,0.0,0.0,40.703812500229105,0.0,0.0,0.0,0.0,0.0
2040-06-10 18:00:00,0.0,0.0,0.0,0.0,0.0,43.37189062521793,0.0,0.0,0.0,0.0,0.0
2040-06-10 19:00:00,0.0,0.0,0.0,0.0,0.0,42.90217187523376,0.0,0.0,0.0,0.0,0.0
2040-06-10 20:00:00,0.0,0.0,0.0,0.0,0.0,41.53523437527474,0.0,0.0,0.0,0.0,0.0
2040-06-10 21:00:00,0.0,0.0,0.0,0.0,0.0,39.68518750020303,0.0,0.0,0.0,0.0,0.0
2040-06-10 22:00:00,0.0,0.0,0.0,0.0,0.0,37.515609375201166,0.0,0.0,0.0,0.0,0.0
2040-06-10 23:00:00,0.0,0.0,0.0,0.0,0.0,34.87926562526263,0.0,0.0,0.0,0.0,0.0
2040-06-11 00:00:00,0.0,0.0,0.0,0.0,0.0,30.95442187518347,0.0,0.0,0.0,0.0,0.0
2040-06-11 01:00:00,0.0,0.0,0.0,0.0,0.0,27.45175000024028,0.0,0.0,0.0,0.0,0.0
2040-06-11 02:00:00,0.0,0.0,0.0,0.0,0.0,24.936984375235625,0.0,0.0,0.0,0.0,0.0
2040-06-11 03:00:00,0.0,0.0,0.0,0.0,0.0,23.641078125219792,0.0,0.0,0.0,0.0,0.0
2040-06-11 04:00:00,0.0,0.0,0.0,0.0,0.0,22.919687500223517,0.0,0.0,0.0,0.0,0.0
2040-06-11 05:00:00,0.0,0.0,0.0,0.0,0.0,23.27140625019092,0.0,0.0,0.0,0.0,0.0
2040-06-11 06:00:00,0.0,0.0,0.0,0.0,0.0,25.814437500201166,0.0,0.0,0.0,0.0,0.0
2040-06-11 07:00:00,0.0,0.0,0.0,0.0,0.0,31.300531250191852,0.0,0.0,0.0,0.0,0.0
2040-06-11 08:00:00,0.0,0.0,0.0,0.0,0.0,35.6110625002766,0.0,0.0,0.0,0.0,0.0
2040-06-11 09:00:00,0.0,0.0,0.0,0.0,0.0,40.89790625020396,0.0,0.0,0.0,0.0,0.0
2040-06-11 10:00:00,0.0,0.0,0.0,0.0,0.0,42.907781250192784,0.0,0.0,0.0,0.0,0.0
2040-06-11 11:00:00,0.0,0.0,0.0,0.0,0.0,43.06825000024401,0.0,0.0,0.0,0.0,0.0
2040-06-11 12:00:00,0.0,0.0,0.0,0.0,0.0,43.28225000028033,0.0,0.0,0.0,0.0,0.0
2040-06-11 13:00:00,0.0,0.0,0.0,0.0,0.0,42.96400000026915,0.0,0.0,0.0,0.0,0.0
2040-06-11 14:00:00,0.0,0.0,0.0,0.0,0.0,41.33309375029057,0.0,0.0,0.0,0.0,0.0
2040-06-11 15:00:00,0.0,0.0,0.0,0.0,0.0,41.144562500179745,0.0,0.0,0.0,0.0,0.0
2040-06-11 16:00:00,0.0,0.0,0.0,0.0,0.0,41.26953125,0.0,0.0,0.0,0.0,0.0
2040-06-11 17:00:00,0.0,0.0,0.0,0.0,0.0,39.45218750019558,0.0,0.0,0.0,0.0,0.0
2040-06-11 18:00:00,0.0,0.0,0.0,0.0,0.0,42.54131250025239,0.0,0.0,0.0,0.0,0.0
2040-06-11 19:00:00,0.0,0.0,0.0,0.0,0.0,42.918156250263564,0.0,0.0,0.0,0.0,0.0
2040-06-11 20:00:00,0.0,0.0,0.0,0.0,0.0,41.53556250024121,0.0,0.0,0.0,0.0,0.0
2040-06-11 21:00:00,0.0,0.0,0.0,0.0,0.0,39.597187500214204,0.0,0.0,0.0,0.0,0.0
2040-06-11 22:00:00,0.0,0.0,0.0,0.0,0.0,37.21209375024773,0.0,0.0,0.0,0.0,0.0
2040-06-11 23:00:00,0.0,0.0,0.0,0.0,0.0,34.61756250017788,0.0,0.0,0.0,0.0,0.0
2040-06-12 00:00:00,0.0,0.0,0.0,0.0,0.0,30.548437500256114,0.0,0.0,0.0,0.0,0.0
2040-06-12 01:00:00,0.0,0.0,0.0,0.0,0.0,27.051187500241213,0.0,0.0,0.0,0.0,0.0
2040-06-12 02:00:00,0.0,0.0,0.0,0.0,0.0,24.685781250242144,0.0,0.0,0.0,0.0,0.0
2040-06-12 03:00:00,0.0,0.0,0.0,0.0,0.0,23.68628125020981,0.0,0.0,0.0,0.0,0.0
2040-06-12 04:00:00,0.0,0.0,0.0,0.0,0.0,23.03387500019744,0.0,0.0,0.0,0.0,0.0
2040-06-12 05:00:00,0.0,0.0,0.0,0.0,0.0,22.99365625018254,0.0,0.0,0.0,0.0,0.0
2040-06-12 06:00:00,0.0,0.0,0.0,0.0,0.0,25.37903125025332,0.0,0.0,0.0,0.0,0.0
2040-06-12 07:00:00,0.0,0.0,0.0,0.0,0.0,31.517343750223517,0.0,0.0,0.0,0.0,0.0
2040-06-12 08:00:00,0.0,0.0,0.0,0.0,0.0,36.42453125026077,0.0,0.0,0.0,0.0,0.0
2040-06-12 09:00:00,0.0,0.0,0.0,0.0,0.0,40.910093750222586,0.0,0.0,0.0,0.0,0.0
2040-06-12 10:00:00,0.0,0.0,0.0,0.0,0.0,42.15359375020489,0.0,0.0,0.0,0.0,0.0
2040-06-12 11:00:00,0.0,0.0,0.0,0.0,0.0,43.50184375024401,0.0,0.0,0.0,0.0,0.0
2040-06-12 12:00:00,0.0,0.0,0.0,0.0,0.0,43.467562500271015,0.0,0.0,0.0,0.0,0.0
2040-06-12 13:00:00,0.0,0.0,0.0,0.0,0.0,42.73553125024773,0.0,0.0,0.0,0.0,0.0
2040-06-12 14:00:00,0.0,0.0,0.0,0.0,0.0,42.271593750221655,0.0,0.0,0.0,0.0,0.0
2040-06-12 15:00:00,0.0,0.0,0.0,0.0,0.0,42.289218750200234,0.0,0.0,0.0,0.0,0.0
2040-06-12 16:00:00,0.0,0.0,0.0,0.0,0.0,42.19575000018813,0.0,0.0,0.0,0.0,0.0
2040-06-12 17:00:00,0.0,0.0,0.0,0.0,0.0,39.41365625022445,0.0,0.0,0.0,0.0,0.0
2040-06-12 18:00:00,0.0,0.0,0.0,0.0,0.0,42.034593750257045,0.0,0.0,0.0,0.0,0.0
2040-06-12 19:00:00,0.0,0.0,0.0,0.0,0.0,42.301343750208616,0.0,0.0,0.0,0.0,0.0
2040-06-12 20:00:00,0.0,0.0,0.0,0.0,0.0,40.69815625017509,0.0,0.0,0.0,0.0,0.0
2040-06-12 21:00:00,0.0,0.0,0.0,0.0,0.0,38.87246875022538,0.0,0.0,0.0,0.0,0.0
2040-06-12 22:00:00,0.0,0.0,0.0,0.0,0.0,37.408937500207685,0.0,0.0,0.0,0.0,0.0
2040-06-12 23:00:00,0.0,0.0,0.0,0.0,0.0,33.954437500215136,0.0,0.0,0.0,0.0,0.0
2040-06-13 00:00:00,0.0,0.0,0.0,0.0,0.0,30.119343750178814,0.0,0.0,0.0,0.0,0.0
2040-06-13 01:00:00,0.0,0.0,0.0,0.0,0.0,26.699500000220723,0.0,0.0,0.0,0.0,0.0
2040-06-13 02:00:00,0.0,0.0,0.0,0.0,0.0,24.36803125019651,0.0,0.0,0.0,0.0,0.0
2040-06-13 03:00:00,0.0,0.0,0.0,0.0,0.0,22.625343750230968,0.0,0.0,0.0,0.0,0.0
2040-06-13 04:00:00,0.0,0.0,0.0,0.0,0.0,22.069375000195578,0.0,0.0,0.0,0.0,0.0
2040-06-13 05:00:00,0.0,0.0,0.0,0.0,0.0,22.09446875017602,0.0,0.0,0.0,0.0,0.0
2040-06-13 06:00:00,0.0,0.0,0.0,0.0,0.0,23.962875000201166,0.0,0.0,0.0,0.0,0.0
2040-06-13 07:00:00,0.0,0.0,0.0,0.0,0.0,30.39581250026822,0.0,0.0,0.0,0.0,0.0
2040-06-13 08:00:00,0.0,0.0,0.0,0.0,0.0,35.09187500027474,0.0,0.0,0.0,0.0,0.0
2040-06-13 09:00:00,0.0,0.0,0.0,0.0,0.0,39.52590625023004,0.0,0.0,0.0,0.0,0.0
2040-06-13 10:00:00,0.0,0.0,0.0,0.0,0.0,40.52996875019744,0.0,0.0,0.0,0.0,0.0
2040-06-13 11:00:00,0.0,0.0,0.0,0.0,0.0,43.07728125026915,0.0,0.0,0.0,0.0,0.0
2040-06-13 12:00:00,0.0,0.0,0.0,0.0,0.0,43.79009375022724,0.0,0.0,0.0,0.0,0.0
2040-06-13 13:00:00,0.0,0.0,0.0,0.0,0.0,41.48175000026822,0.0,0.0,0.0,0.0,0.0
2040-06-13 14:00:00,0.0,0.0,0.0,0.0,0.0,41.30375000019558,0.0,0.0,0.0,0.0,0.0
2040-06-13 15:00:00,0.0,0.0,0.0,0.0,0.0,42.0427812502021,0.0,0.0,0.0,0.0,0.0
2040-06-13 16:00:00,0.0,0.0,0.0,0.0,0.0,41.164093750179745,0.0,0.0,0.0,0.0,0.0
2040-06-13 17:00:00,0.0,0.0,0.0,0.0,0.0,38.70459375018254,0.0,0.0,0.0,0.0,0.0
2040-06-13 18:00:00,0.0,0.0,0.0,0.0,0.0,41.6515625002794,0.0,0.0,0.0,0.0,0.0
2040-06-13 19:00:00,0.0,0.0,0.0,0.0,0.0,41.97975000028964,0.0,0.0,0.0,0.0,0.0
2040-06-13 20:00:00,0.0,0.0,0.0,0.0,0.0,40.785218750243075,0.0,0.0,0.0,0.0,0.0
2040-06-13 21:00:00,0.0,0.0,0.0,0.0,0.0,39.877187500242144,0.0,0.0,0.0,0.0,0.0
2040-06-13 22:00:00,0.0,0.0,0.0,0.0,0.0,37.723656250278964,0.0,0.0,0.0,0.0,0.0
2040-06-13 23:00:00,0.0,0.0,0.0,0.0,0.0,33.82081250019837,0.0,0.0,0.0,0.0,0.0
2040-06-14 00:00:00,0.0,0.0,0.0,0.0,0.0,30.40093750017695,0.0,0.0,0.0,0.0,0.0
2040-06-14 01:00:00,0.0,0.0,0.0,0.0,0.0,27.245000000228174,0.0,0.0,0.0,0.0,0.0
2040-06-14 02:00:00,0.0,0.0,0.0,0.0,0.0,25.16787500027567,0.0,0.0,0.0,0.0,0.0
2040-06-14 03:00:00,0.0,0.0,0.0,0.0,0.0,23.77725000027567,0.0,0.0,0.0,0.0,0.0
2040-06-14 04:00:00,0.0,0.0,0.0,0.0,0.0,23.117625000188127,0.0,0.0,0.0,0.0,0.0
2040-06-14 05:00:00,0.0,0.0,0.0,0.0,0.0,23.20853125024587,0.0,0.0,0.0,0.0,0.0
2040-06-14 06:00:00,0.0,0.0,0.0,0.0,0.0,25.44556250027381,0.0,0.0,0.0,0.0,0.0
2040-06-14 07:00:00,0.0,0.0,0.0,0.0,0.0,30.572031250223517,0.0,0.0,0.0,0.0,0.0
2040-06-14 08:00:00,0.0,0.0,0.0,0.0,0.0,34.35909375024494,0.0,0.0,0.0,0.0,0.0
2040-06-14 09:00:00,0.0,0.0,0.0,0.0,0.0,39.39528125023935,0.0,0.0,0.0,0.0,0.0
2040-06-14 10:00:00,0.0,0.0,0.0,0.0,0.0,41.85790625028312,0.0,0.0,0.0,0.0,0.0
2040-06-14 11:00:00,0.0,0.0,0.0,0.0,0.0,40.9866562501993,0.0,0.0,0.0,0.0,0.0
2040-06-14 12:00:00,0.0,0.0,0.0,0.0,0.0,40.522250000271015,0.0,0.0,0.0,0.0,0.0
2040-06-14 13:00:00,0.0,0.0,0.0,0.0,0.0,39.254875000217,0.0,0.0,0.0,0.0,0.0
2040-06-14 14:00:00,0.0,0.0,0.0,0.0,0.0,39.08043750026263,0.0,0.0,0.0,0.0,0.0
2040-06-14 15:00:00,0.0,0.0,0.0,0.0,0.0,39.61037500028033,0.0,0.0,0.0,0.0,0.0
2040-06-14 16:00:00,0.0,0.0,0.0,0.0,0.0,38.87393750017509,0.0,0.0,0.0,0.0,0.0
2040-06-14 17:00:00,0.0,0.0,0.0,0.0,0.0,38.227250000229105,0.0,0.0,0.0,0.0,0.0
2040-06-14 18:00:00,0.0,0.0,0.0,0.0,0.0,41.07525000022724,0.0,0.0,0.0,0.0,0.0
2040-06-14 19:00:00,0.0,0.0,0.0,0.0,0.0,41.1651875001844,0.0,0.0,0.0,0.0,0.0
2040-06-14 20:00:00,0.0,0.0,0.0,0.0,0.0,39.6891875002766,0.0,0.0,0.0,0.0,0.0
2040-06-14 21:00:00,0.0,0.0,0.0,0.0,0.0,37.77356250025332,0.0,0.0,0.0,0.0,0.0
2040-06-14 22:00:00,0.0,0.0,0.0,0.0,0.0,35.69012500019744,0.0,0.0,0.0,0.0,0.0
2040-06-14 23:00:00,0.0,0.0,0.0,0.0,0.0,33.49062500020955,0.0,0.0,0.0,0.0,0.0
2040-06-15 00:00:00,0.0,0.0,0.0,0.0,0.0,30.373500000219792,0.0,0.0,0.0,0.0,0.0
2040-06-15 01:00:00,0.0,0.0,0.0,0.0,0.0,27.022250000271015,0.0,0.0,0.0,0.0,0.0
2040-06-15 02:00:00,0.0,0.0,0.0,0.0,0.0,24.328062500222586,0.0,0.0,0.0,0.0,0.0
2040-06-15 03:00:00,0.0,0.0,0.0,0.0,0.0,22.56143750017509,0.0,0.0,0.0,0.0,0.0
2040-06-15 04:00:00,0.0,0.0,0.0,0.0,0.0,21.48187500028871,0.0,0.0,0.0,0.0,0.0
2040-06-15 05:00:00,0.0,0.0,0.0,0.0,0.0,22.093187500257045,0.0,0.0,0.0,0.0,0.0
2040-06-15 06:00:00,0.0,0.0,0.0,0.0,0.0,23.266937500215136,0.0,0.0,0.0,0.0,0.0
2040-06-15 07:00:00,0.0,0.0,0.0,0.0,0.0,24.089812500285916,0.0,0.0,0.0,0.0,0.0
2040-06-15 08:00:00,0.0,0.0,0.0,0.0,0.0,26.634375000256114,0.0,0.0,0.0,0.0,0.0
2040-06-15 09:00:00,0.0,0.0,0.0,0.0,0.0,30.358187500271015,0.0,0.0,0.0,0.0,0.0
2040-06-15 10:00:00,0.0,0.0,0.0,0.0,0.0,32.91368750028778,0.0,0.0,0.0,0.0,0.0
2040-06-15 11:00:00,0.0,0.0,0.0,0.0,0.0,35.44668750022538,0.0,0.0,0.0,0.0,0.0
2040-06-15 12:00:00,0.0,0.0,0.0,0.0,0.0,37.12131250021048,0.0,0.0,0.0,0.0,0.0
2040-06-15 13:00:00,0.0,0.0,0.0,0.0,0.0,37.754875000217,0.0,0.0,0.0,0.0,0.0
2040-06-15 14:00:00,0.0,0.0,0.0,0.0,0.0,37.0167500001844,0.0,0.0,0.0,0.0,0.0
2040-06-15 15:00:00,0.0,0.0,0.0,0.0,0.0,36.18062500027008,0.0,0.0,0.0,0.0,0.0
2040-06-15 16:00:00,0.0,0.0,0.0,0.0,0.0,36.16831250023097,0.0,0.0,0.0,0.0,0.0
2040-06-15 17:00:00,0.0,0.0,0.0,0.0,0.0,36.21631250018254,0.0,0.0,0.0,0.0,0.0
2040-06-15 18:00:00,0.0,0.0,0.0,0.0,0.0,39.71443750022445,0.0,0.0,0.0,0.0,0.0
2040-06-15 19:00:00,0.0,0.0,0.0,0.0,0.0,40.42768750025425,0.0,0.0,0.0,0.0,0.0
2040-06-15 20:00:00,0.0,0.0,0.0,0.0,0.0,40.049562500207685,0.0,0.0,0.0,0.0,0.0
2040-06-15 21:00:00,0.0,0.0,0.0,0.0,0.0,38.47168750024866,0.0,0.0,0.0,0.0,0.0
2040-06-15 22:00:00,0.0,0.0,0.0,0.0,0.0,36.517187500256114,0.0,0.0,0.0,0.0,0.0
2040-06-15 23:00:00,0.0,0.0,0.0,0.0,0.0,34.34987500018906,0.0,0.0,0.0,0.0,0.0
2040-06-16 00:00:00,0.0,0.0,0.0,0.0,0.0,31.69075000018347,0.0,0.0,0.0,0.0,0.0
2040-06-16 01:00:00,0.0,0.0,0.0,0.0,0.0,28.94718750019092,0.0,0.0,0.0,0.0,0.0
2040-06-16 02:00:00,0.0,0.0,0.0,0.0,0.0,25.942437500227243,0.0,0.0,0.0,0.0,0.0
2040-06-16 03:00:00,0.0,0.0,0.0,0.0,0.0,23.594812500290573,0.0,0.0,0.0,0.0,0.0
2040-06-16 04:00:00,0.0,0.0,0.0,0.0,0.0,23.29318750021048,0.0,0.0,0.0,0.0,0.0
2040-06-16 05:00:00,0.0,0.0,0.0,0.0,0.0,22.360687500215136,0.0,0.0,0.0,0.0,0.0
2040-06-16 06:00:00,0.0,0.0,0.0,0.0,0.0,21.857750000199303,0.0,0.0,0.0,0.0,0.0
2040-06-16 07:00:00,0.0,0.0,0.0,0.0,0.0,22.25062500021886,0.0,0.0,0.0,0.0,0.0
2040-06-16 08:00:00,0.0,0.0,0.0,0.0,0.0,23.372062500216998,0.0,0.0,0.0,0.0,0.0
2040-06-16 09:00:00,0.0,0.0,0.0,0.0,0.0,25.84125000028871,0.0,0.0,0.0,0.0,0.0
2040-06-16 10:00:00,0.0,0.0,0.0,0.0,0.0,27.600562500185333,0.0,0.0,0.0,0.0,0.0
2040-06-16 11:00:00,0.0,0.0,0.0,0.0,0.0,30.786687500192784,0.0,0.0,0.0,0.0,0.0
2040-06-16 12:00:00,0.0,0.0,0.0,0.0,0.0,32.70437500020489,0.0,0.0,0.0,0.0,0.0
2040-06-16 13:00:00,0.0,0.0,0.0,0.0,0.0,34.39250000019092,0.0,0.0,0.0,0.0,0.0
2040-06-16 14:00:00,0.0,0.0,0.0,0.0,0.0,34.5843125001993,0.0,0.0,0.0,0.0,0.0
2040-06-16 15:00:00,0.0,0.0,0.0,0.0,0.0,33.934937500278465,0.0,0.0,0.0,0.0,0.0
2040-06-16 16:00:00,0.0,0.0,0.0,0.0,0.0,34.01812500017695,0.0,0.0,0.0,0.0,0.0
2040-06-16 17:00:00,0.0,0.0,0.0,0.0,0.0,33.85631250019651,0.0,0.0,0.0,0.0,0.0
2040-06-16 18:00:00,0.0,0.0,0.0,0.0,0.0,37.85243750025984,0.0,0.0,0.0,0.0,0.0
2040-06-16 19:00:00,0.0,0.0,0.0,0.0,0.0,39.53700000024401,0.0,0.0,0.0,0.0,0.0
2040-06-16 20:00:00,0.0,0.0,0.0,0.0,0.0,39.359312500222586,0.0,0.0,0.0,0.0,0.0
2040-06-16 21:00:00,0.0,0.0,0.0,0.0,0.0,38.92937500018161,0.0,0.0,0.0,0.0,0.0
2040-06-16 22:00:00,0.0,0.0,0.0,0.0,0.0,37.369750000187196,0.0,0.0,0.0,0.0,0.0
2040-06-16 23:00:00,0.0,0.0,0.0,0.0,0.0,33.857000000192784,0.0,0.0,0.0,0.0,0.0
2040-06-17 00:00:00,0.0,0.0,0.0,0.0,0.0,30.263500000233762,0.0,0.0,0.0,0.0,0.0
2040-06-17 01:00:00,0.0,0.0,0.0,0.0,0.0,27.085687500191852,0.0,0.0,0.0,0.0,0.0
2040-06-17 02:00:00,0.0,0.0,0.0,0.0,0.0,24.685937500209548,0.0,0.0,0.0,0.0,0.0
2040-06-17 03:00:00,0.0,0.0,0.0,0.0,0.0,23.276250000228174,0.0,0.0,0.0,0.0,0.0
2040-06-17 04:00:00,0.0,0.0,0.0,0.0,0.0,22.591000000247732,0.0,0.0,0.0,0.0,0.0
2040-06-17 05:00:00,0.0,0.0,0.0,0.0,0.0,22.57900000025984,0.0,0.0,0.0,0.0,0.0
2040-06-17 06:00:00,0.0,0.0,0.0,0.0,0.0,25.671875,0.0,0.0,0.0,0.0,0.0
2040-06-17 07:00:00,0.0,0.0,0.0,0.0,0.0,31.172187500284053,0.0,0.0,0.0,0.0,0.0
2040-06-17 08:00:00,0.0,0.0,0.0,0.0,0.0,34.86243750026915,0.0,0.0,0.0,0.0,0.0
2040-06-17 09:00:00,0.0,0.0,0.0,0.0,0.0,39.49506250023842,0.0,0.0,0.0,0.0,0.0
2040-06-17 10:00:00,0.0,0.0,0.0,0.0,0.0,40.850250000250526,0.0,0.0,0.0,0.0,0.0
2040-06-17 11:00:00,0.0,0.0,0.0,0.0,0.0,41.95112500025425,0.0,0.0,0.0,0.0,0.0
2040-06-17 12:00:00,0.0,0.0,0.0,0.0,0.0,42.47175000025891,0.0,0.0,0.0,0.0,0.0
2040-06-17 13:00:00,0.0,0.0,0.0,0.0,0.0,42.708250000257976,0.0,0.0,0.0,0.0,0.0
2040-06-17 14:00:00,0.0,0.0,0.0,0.0,0.0,41.72237500024494,0.0,0.0,0.0,0.0,0.0
2040-06-17 15:00:00,0.0,0.0,0.0,0.0,0.0,41.644562500179745,0.0,0.0,0.0,0.0,0.0
2040-06-17 16:00:00,0.0,0.0,0.0,0.0,0.0,41.07600000023376,0.0,0.0,0.0,0.0,0.0
2040-06-17 17:00:00,0.0,0.0,0.0,0.0,0.0,40.33856250019744,0.0,0.0,0.0,0.0,0.0
2040-06-17 18:00:00,0.0,0.0,0.0,0.0,0.0,43.263687500264496,0.0,0.0,0.0,0.0,0.0
2040-06-17 19:00:00,0.0,0.0,0.0,0.0,0.0,43.889437500271015,0.0,0.0,0.0,0.0,0.0
2040-06-17 20:00:00,0.0,0.0,0.0,0.0,0.0,42.72256250027567,0.0,0.0,0.0,0.0,0.0
2040-06-17 21:00:00,0.0,0.0,0.0,0.0,0.0,40.550937500200234,0.0,0.0,0.0,0.0,0.0
2040-06-17 22:00:00,0.0,0.0,0.0,0.0,0.0,38.28018750017509,0.0,0.0,0.0,0.0,0.0
2040-06-17 23:00:00,0.0,0.0,0.0,0.0,0.0,34.90350000024773,0.0,0.0,0.0,0.0,0.0
2040-06-18 00:00:00,0.0,0.0,0.0,0.0,0.0,31.40912500023842,0.0,0.0,0.0,0.0,0.0
2040-06-18 01:00:00,0.0,0.0,0.0,0.0,0.0,27.586125000263564,0.0,0.0,0.0,0.0,0.0
2040-06-18 02:00:00,0.0,0.0,0.0,0.0,0.0,24.92081250017509,0.0,0.0,0.0,0.0,0.0
2040-06-18 03:00:00,0.0,0.0,0.0,0.0,0.0,23.283812500187196,0.0,0.0,0.0,0.0,0.0
2040-06-18 04:00:00,0.0,0.0,0.0,0.0,0.0,22.566750000230968,0.0,0.0,0.0,0.0,0.0
2040-06-18 05:00:00,0.0,0.0,0.0,0.0,0.0,22.810437500244007,0.0,0.0,0.0,0.0,0.0
2040-06-18 06:00:00,0.0,0.0,0.0,0.0,0.0,25.390625,0.0,0.0,0.0,0.0,0.0
2040-06-18 07:00:00,0.0,0.0,0.0,0.0,0.0,30.43231250019744,0.0,0.0,0.0,0.0,0.0
2040-06-18 08:00:00,0.0,0.0,0.0,0.0,0.0,34.22381250024773,0.0,0.0,0.0,0.0,0.0
2040-06-18 09:00:00,0.0,0.0,0.0,0.0,0.0,39.59525000024587,0.0,0.0,0.0,0.0,0.0
2040-06-18 10:00:00,0.0,0.0,0.0,0.0,0.0,40.027500000200234,0.0,0.0,0.0,0.0,0.0
2040-06-18 11:00:00,0.0,0.0,0.0,0.0,0.0,41.50175000028685,0.0,0.0,0.0,0.0,0.0
2040-06-18 12:00:00,0.0,0.0,0.0,0.0,0.0,42.27000000025146,0.0,0.0,0.0,0.0,0.0
2040-06-18 13:00:00,0.0,0.0,0.0,0.0,0.0,41.96962500025984,0.0,0.0,0.0,0.0,0.0
2040-06-18 14:00:00,0.0,0.0,0.0,0.0,0.0,41.02956250018906,0.0,0.0,0.0,0.0,0.0
2040-06-18 15:00:00,0.0,0.0,0.0,0.0,0.0,41.0954375002766,0.0,0.0,0.0,0.0,0.0
2040-06-18 16:00:00,0.0,0.0,0.0,0.0,0.0,40.53875000018161,0.0,0.0,0.0,0.0,0.0
2040-06-18 17:00:00,0.0,0.0,0.0,0.0,0.0,40.322875000187196,0.0,0.0,0.0,0.0,0.0
2040-06-18 18:00:00,0.0,0.0,0.0,0.0,0.0,43.303375000250526,0.0,0.0,0.0,0.0,0.0
2040-06-18 19:00:00,0.0,0.0,0.0,0.0,0.0,42.99068750021979,0.0,0.0,0.0,0.0,0.0
2040-06-18 20:00:00,0.0,0.0,0.0,0.0,0.0,41.632375000277534,0.0,0.0,0.0,0.0,0.0
2040-06-18 21:00:00,0.0,0.0,0.0,0.0,0.0,39.860937500256114,0.0,0.0,0.0,0.0,0.0
2040-06-18 22:00:00,0.0,0.0,0.0,0.0,0.0,37.67618750024121,0.0,0.0,0.0,0.0,0.0
2040-06-18 23:00:00,0.0,0.0,0.0,0.0,0.0,34.985562500194646,0.0,0.0,0.0,0.0,0.0
2040-06-19 00:00:00,0.0,0.0,0.0,0.0,0.0,31.64906250021886,0.0,0.0,0.0,0.0,0.0
2040-06-19 01:00:00,0.0,0.0,0.0,0.0,0.0,28.091062500257976,0.0,0.0,0.0,0.0,0.0
2040-06-19 02:00:00,0.0,0.0,0.0,0.0,0.0,25.41393750021234,0.0,0.0,0.0,0.0,0.0
2040-06-19 03:00:00,0.0,0.0,0.0,0.0,0.0,23.92781250027474,0.0,0.0,0.0,0.0,0.0
2040-06-19 04:00:00,0.0,0.0,0.0,0.0,0.0,23.219687500270084,0.0,0.0,0.0,0.0,0.0
2040-06-19 05:00:00,0.0,0.0,0.0,0.0,0.0,23.7599375002319,0.0,0.0,0.0,0.0,0.0
2040-06-19 06:00:00,0.0,0.0,0.0,0.0,0.0,25.38093750027474,0.0,0.0,0.0,0.0,0.0
2040-06-19 07:00:00,0.0,0.0,0.0,0.0,0.0,29.20768750028219,0.0,0.0,0.0,0.0,0.0
2040-06-19 08:00:00,0.0,0.0,0.0,0.0,0.0,34.36506250023376,0.0,0.0,0.0,0.0,0.0
2040-06-19 09:00:00,0.0,0.0,0.0,0.0,0.0,39.839875000179745,0.0,0.0,0.0,0.0,0.0
2040-06-19 10:00:00,0.0,0.0,0.0,0.0,0.0,41.34681250026915,0.0,0.0,0.0,0.0,0.0
2040-06-19 11:00:00,0.0,0.0,0.0,0.0,0.0,43.5921250001993,0.0,0.0,0.0,0.0,0.0
2040-06-19 12:00:00,0.0,0.0,0.0,0.0,0.0,44.399750000215136,0.0,0.0,0.0,0.0,0.0
2040-06-19 13:00:00,0.0,0.0,0.0,0.0,0.0,44.446500000194646,0.0,0.0,0.0,0.0,0.0
2040-06-19 14:00:00,0.0,0.0,0.0,0.0,0.0,43.43987500027288,0.0,0.0,0.0,0.0,0.0
2040-06-19 15:00:00,0.0,0.0,0.0,0.0,0.0,43.32262500026263,0.0,0.0,0.0,0.0,0.0
2040-06-19 16:00:00,0.0,0.0,0.0,0.0,0.0,42.286375000257976,0.0,0.0,0.0,0.0,0.0
2040-06-19 17:00:00,0.0,0.0,0.0,0.0,0.0,41.041625000187196,0.0,0.0,0.0,0.0,0.0
2040-06-19 18:00:00,0.0,0.0,0.0,0.0,0.0,43.898625000263564,0.0,0.0,0.0,0.0,0.0
2040-06-19 19:00:00,0.0,0.0,0.0,0.0,0.0,43.971562500228174,0.0,0.0,0.0,0.0,0.0
2040-06-19 20:00:00,0.0,0.0,0.0,0.0,0.0,42.57606250024401,0.0,0.0,0.0,0.0,0.0
2040-06-19 21:00:00,0.0,0.0,0.0,0.0,0.0,40.82043750025332,0.0,0.0,0.0,0.0,0.0
2040-06-19 22:00:00,0.0,0.0,0.0,0.0,0.0,39.13512500026263,0.0,0.0,0.0,0.0,0.0
2040-06-19 23:00:00,0.0,0.0,0.0,0.0,0.0,37.10537500027567,0.0,0.0,0.0,0.0,0.0
2040-06-20 00:00:00,0.0,0.0,0.0,0.0,0.0,33.68400000024121,0.0,0.0,0.0,0.0,0.0
2040-06-20 01:00:00,0.0,0.0,0.0,0.0,0.0,30.50137500022538,0.0,0.0,0.0,0.0,0.0
2040-06-20 02:00:00,0.0,0.0,0.0,0.0,0.0,27.55931250017602,0.0,0.0,0.0,0.0,0.0
2040-06-20 03:00:00,0.0,0.0,0.0,0.0,0.0,25.36768750019837,0.0,0.0,0.0,0.0,0.0
2040-06-20 04:00:00,0.0,0.0,0.0,0.0,0.0,24.295437500230037,0.0,0.0,0.0,0.0,0.0
2040-06-20 05:00:00,0.0,0.0,0.0,0.0,0.0,23.76637500023935,0.0,0.0,0.0,0.0,0.0
2040-06-20 06:00:00,0.0,0.0,0.0,0.0,0.0,23.811812500236556,0.0,0.0,0.0,0.0,0.0
2040-06-20 07:00:00,0.0,0.0,0.0,0.0,0.0,24.405687500257045,0.0,0.0,0.0,0.0,0.0
2040-06-20 08:00:00,0.0,0.0,0.0,0.0,0.0,26.150375000201166,0.0,0.0,0.0,0.0,0.0
2040-06-20 09:00:00,0.0,0.0,0.0,0.0,0.0,29.347625000285916,0.0,0.0,0.0,0.0,0.0
2040-06-20 10:00:00,0.0,0.0,0.0,0.0,0.0,31.39200000022538,0.0,0.0,0.0,0.0,0.0
2040-06-20 11:00:00,0.0,0.0,0.0,0.0,0.0,34.62362500024028,0.0,0.0,0.0,0.0,0.0
2040-06-20 12:00:00,0.0,0.0,0.0,0.0,0.0,36.73893750028219,0.0,0.0,0.0,0.0,0.0
2040-06-20 13:00:00,0.0,0.0,0.0,0.0,0.0,38.317312500206754,0.0,0.0,0.0,0.0,0.0
2040-06-20 14:00:00,0.0,0.0,0.0,0.0,0.0,38.155562500236556,0.0,0.0,0.0,0.0,0.0
2040-06-20 15:00:00,0.0,0.0,0.0,0.0,0.0,37.75562500022352,0.0,0.0,0.0,0.0,0.0
2040-06-20 16:00:00,0.0,0.0,0.0,0.0,0.0,37.38950000028126,0.0,0.0,0.0,0.0,0.0
2040-06-20 17:00:00,0.0,0.0,0.0,0.0,0.0,37.34793750022072,0.0,0.0,0.0,0.0,0.0
2040-06-20 18:00:00,0.0,0.0,0.0,0.0,0.0,41.069875000277534,0.0,0.0,0.0,0.0,0.0
2040-06-20 19:00:00,0.0,0.0,0.0,0.0,0.0,42.24718750023749,0.0,0.0,0.0,0.0,0.0
2040-06-20 20:00:00,0.0,0.0,0.0,0.0,0.0,41.79381250019651,0.0,0.0,0.0,0.0,0.0
2040-06-20 21:00:00,0.0,0.0,0.0,0.0,0.0,40.82156250020489,0.0,0.0,0.0,0.0,0.0
2040-06-20 22:00:00,0.0,0.0,0.0,0.0,0.0,38.94912500027567,0.0,0.0,0.0,0.0,0.0
2040-06-20 23:00:00,0.0,0.0,0.0,0.0,0.0,36.52493750024587,0.0,0.0,0.0,0.0,0.0
2040-06-21 00:00:00,0.0,0.0,0.0,0.0,0.0,33.01056250021793,0.0,0.0,0.0,0.0,0.0
2040-06-21 01:00:00,0.0,0.0,0.0,0.0,0.0,29.557125000283122,0.0,0.0,0.0,0.0,0.0
2040-06-21 02:00:00,0.0,0.0,0.0,0.0,0.0,26.779125000233762,0.0,0.0,0.0,0.0,0.0
2040-06-21 03:00:00,0.0,0.0,0.0,0.0,0.0,25.042937500285916,0.0,0.0,0.0,0.0,0.0
2040-06-21 04:00:00,0.0,0.0,0.0,0.0,0.0,24.137062500230968,0.0,0.0,0.0,0.0,0.0
2040-06-21 05:00:00,0.0,0.0,0.0,0.0,0.0,24.083250000257976,0.0,0.0,0.0,0.0,0.0
2040-06-21 06:00:00,0.0,0.0,0.0,0.0,0.0,25.86187500017695,0.0,0.0,0.0,0.0,0.0
2040-06-21 07:00:00,0.0,0.0,0.0,0.0,0.0,30.055625000270084,0.0,0.0,0.0,0.0,0.0
2040-06-21 08:00:00,0.0,0.0,0.0,0.0,0.0,34.88975000020582,0.0,0.0,0.0,0.0,0.0
2040-06-21 09:00:00,0.0,0.0,0.0,0.0,0.0,39.98350000020582,0.0,0.0,0.0,0.0,0.0
2040-06-21 10:00:00,0.0,0.0,0.0,0.0,0.0,41.48993750021327,0.0,0.0,0.0,0.0,0.0
2040-06-21 11:00:00,0.0,0.0,0.0,0.0,0.0,43.15075000026263,0.0,0.0,0.0,0.0,0.0
2040-06-21 12:00:00,0.0,0.0,0.0,0.0,0.0,43.629687500186265,0.0,0.0,0.0,0.0,0.0
2040-06-21 13:00:00,0.0,0.0,0.0,0.0,0.0,43.23056250018999,0.0,0.0,0.0,0.0,0.0
2040-06-21 14:00:00,0.0,0.0,0.0,0.0,0.0,42.52850000024773,0.0,0.0,0.0,0.0,0.0
2040-06-21 15:00:00,0.0,0.0,0.0,0.0,0.0,42.22762500029057,0.0,0.0,0.0,0.0,0.0
2040-06-21 16:00:00,0.0,0.0,0.0,0.0,0.0,42.066375000285916,0.0,0.0,0.0,0.0,0.0
2040-06-21 17:00:00,0.0,0.0,0.0,0.0,0.0,40.649625000194646,0.0,0.0,0.0,0.0,0.0
2040-06-21 18:00:00,0.0,0.0,0.0,0.0,0.0,43.93325000023469,0.0,0.0,0.0,0.0,0.0
2040-06-21 19:00:00,0.0,0.0,0.0,0.0,0.0,44.761250000214204,0.0,0.0,0.0,0.0,0.0
2040-06-21 20:00:00,0.0,0.0,0.0,0.0,0.0,43.568375000264496,0.0,0.0,0.0,0.0,0.0
2040-06-21 21:00:00,0.0,0.0,0.0,0.0,0.0,41.695375000243075,0.0,0.0,0.0,0.0,0.0
2040-06-21 22:00:00,0.0,0.0,0.0,0.0,0.0,39.71487500017976,0.0,0.0,0.0,0.0,0.0
2040-06-21 23:00:00,0.0,0.0,0.0,0.0,0.0,37.67650000017602,0.0,0.0,0.0,0.0,0.0
2040-06-22 00:00:00,0.0,0.0,0.0,0.0,0.0,34.65262500022072,0.0,0.0,0.0,0.0,0.0
2040-06-22 01:00:00,0.0,0.0,0.0,0.0,0.0,31.128000000258908,0.0,0.0,0.0,0.0,0.0
2040-06-22 02:00:00,0.0,0.0,0.0,0.0,0.0,28.056375000276603,0.0,0.0,0.0,0.0,0.0
2040-06-22 03:00:00,0.0,0.0,0.0,0.0,0.0,26.085625000181608,0.0,0.0,0.0,0.0,0.0
2040-06-22 04:00:00,0.0,0.0,0.0,0.0,0.0,24.760000000244645,0.0,0.0,0.0,0.0,0.0
2040-06-22 05:00:00,0.0,0.0,0.0,0.0,0.0,24.462625000276603,0.0,0.0,0.0,0.0,0.0
2040-06-22 06:00:00,0.0,0.0,0.0,0.0,0.0,24.595500000286847,0.0,0.0,0.0,0.0,0.0
2040-06-22 07:00:00,0.0,0.0,0.0,0.0,0.0,25.71925000019837,0.0,0.0,0.0,0.0,0.0
2040-06-22 08:00:00,0.0,0.0,0.0,0.0,0.0,28.65712500025984,0.0,0.0,0.0,0.0,0.0
2040-06-22 09:00:00,0.0,0.0,0.0,0.0,0.0,33.04337500024121,0.0,0.0,0.0,0.0,0.0
2040-06-22 10:00:00,0.0,0.0,0.0,0.0,0.0,35.885000000242144,0.0,0.0,0.0,0.0,0.0
2040-06-22 11:00:00,0.0,0.0,0.0,0.0,0.0,38.720500000285625,0.0,0.0,0.0,0.0,0.0
2040-06-22 12:00:00,0.0,0.0,0.0,0.0,0.0,40.2107500002021,0.0,0.0,0.0,0.0,0.0
2040-06-22 13:00:00,0.0,0.0,0.0,0.0,0.0,40.69437500019558,0.0,0.0,0.0,0.0,0.0
2040-06-22 14:00:00,0.0,0.0,0.0,0.0,0.0,39.92600000021048,0.0,0.0,0.0,0.0,0.0
2040-06-22 15:00:00,0.0,0.0,0.0,0.0,0.0,39.3781250002794,0.0,0.0,0.0,0.0,0.0
2040-06-22 16:00:00,0.0,0.0,0.0,0.0,0.0,38.59150000021327,0.0,0.0,0.0,0.0,0.0
2040-06-22 17:00:00,0.0,0.0,0.0,0.0,0.0,38.29137500026263,0.0,0.0,0.0,0.0,0.0
2040-06-22 18:00:00,0.0,0.0,0.0,0.0,0.0,41.54337500024121,0.0,0.0,0.0,0.0,0.0
2040-06-22 19:00:00,0.0,0.0,0.0,0.0,0.0,42.307500000228174,0.0,0.0,0.0,0.0,0.0
2040-06-22 20:00:00,0.0,0.0,0.0,0.0,0.0,41.472625000285916,0.0,0.0,0.0,0.0,0.0
2040-06-22 21:00:00,0.0,0.0,0.0,0.0,0.0,40.03800000017509,0.0,0.0,0.0,0.0,0.0
2040-06-22 22:00:00,0.0,0.0,0.0,0.0,0.0,38.20412500028033,0.0,0.0,0.0,0.0,0.0
2040-06-22 23:00:00,0.0,0.0,0.0,0.0,0.0,36.15437500027474,0.0,0.0,0.0,0.0,0.0
2040-06-23 00:00:00,0.0,0.0,0.0,0.0,0.0,32.79150000028312,0.0,0.0,0.0,0.0,0.0
2040-06-23 01:00:00,0.0,0.0,0.0,0.0,0.0,29.670500000244893,0.0,0.0,0.0,0.0,0.0
2040-06-23 02:00:00,0.0,0.0,0.0,0.0,0.0,27.186500000185333,0.0,0.0,0.0,0.0,0.0
2040-06-23 03:00:00,0.0,0.0,0.0,0.0,0.0,24.67112500022631,0.0,0.0,0.0,0.0,0.0
2040-06-23 04:00:00,0.0,0.0,0.0,0.0,0.0,23.695250000222586,0.0,0.0,0.0,0.0,0.0
2040-06-23 05:00:00,0.0,0.0,0.0,0.0,0.0,23.069375000195578,0.0,0.0,0.0,0.0,0.0
2040-06-23 06:00:00,0.0,0.0,0.0,0.0,0.0,22.988875000271946,0.0,0.0,0.0,0.0,0.0
2040-06-23 07:00:00,0.0,0.0,0.0,0.0,0.0,24.036375000256836,0.0,0.0,0.0,0.0,0.0
2040-06-23 08:00:00,0.0,0.0,0.0,0.0,0.0,25.55012500018347,0.0,0.0,0.0,0.0,0.0
2040-06-23 09:00:00,0.0,0.0,0.0,0.0,0.0,27.769500000285916,0.0,0.0,0.0,0.0,0.0
2040-06-23 10:00:00,0.0,0.0,0.0,0.0,0.0,29.674875000258908,0.0,0.0,0.0,0.0,0.0
2040-06-23 11:00:00,0.0,0.0,0.0,0.0,0.0,32.33487500017509,0.0,0.0,0.0,0.0,0.0
2040-06-23 12:00:00,0.0,0.0,0.0,0.0,0.0,34.31400000024587,0.0,0.0,0.0,0.0,0.0
2040-06-23 13:00:00,0.0,0.0,0.0,0.0,0.0,36.19225000019651,0.0,0.0,0.0,0.0,0.0
2040-06-23 14:00:00,0.0,0.0,0.0,0.0,0.0,36.45500000019092,0.0,0.0,0.0,0.0,0.0
2040-06-23 15:00:00,0.0,0.0,0.0,0.0,0.0,36.293750000186265,0.0,0.0,0.0,0.0,0.0
2040-06-23 16:00:00,0.0,0.0,0.0,0.0,0.0,36.617250000243075,0.0,0.0,0.0,0.0,0.0
2040-06-23 17:00:00,0.0,0.0,0.0,0.0,0.0,36.9542500001844,0.0,0.0,0.0,0.0,0.0
2040-06-23 18:00:00,0.0,0.0,0.0,0.0,0.0,40.75262500019744,0.0,0.0,0.0,0.0,0.0
2040-06-23 19:00:00,0.0,0.0,0.0,0.0,0.0,41.757375000277534,0.0,0.0,0.0,0.0,0.0
2040-06-23 20:00:00,0.0,0.0,0.0,0.0,0.0,41.37212500022724,0.0,0.0,0.0,0.0,0.0
2040-06-23 21:00:00,0.0,0.0,0.0,0.0,0.0,40.524625000194646,0.0,0.0,0.0,0.0,0.0
2040-06-23 22:00:00,0.0,0.0,0.0,0.0,0.0,39.449375000200234,0.0,0.0,0.0,0.0,0.0
2040-06-23 23:00:00,0.0,0.0,0.0,0.0,0.0,36.620625000214204,0.0,0.0,0.0,0.0,0.0
2040-06-24 00:00:00,0.0,0.0,0.0,0.0,0.0,33.20787500019651,0.0,0.0,0.0,0.0,0.0
2040-06-24 01:00:00,0.0,0.0,0.0,0.0,0.0,29.324500000220723,0.0,0.0,0.0,0.0,0.0
2040-06-24 02:00:00,0.0,0.0,0.0,0.0,0.0,26.386500000255182,0.0,0.0,0.0,0.0,0.0
2040-06-24 03:00:00,0.0,0.0,0.0,0.0,0.0,24.10950000025332,0.0,0.0,0.0,0.0,0.0
2040-06-24 04:00:00,0.0,0.0,0.0,0.0,0.0,23.326000000233762,0.0,0.0,0.0,0.0,0.0
2040-06-24 05:00:00,0.0,0.0,0.0,0.0,0.0,23.583750000223517,0.0,0.0,0.0,0.0,0.0
2040-06-24 06:00:00,0.0,0.0,0.0,0.0,0.0,24.461625000229105,0.0,0.0,0.0,0.0,0.0
2040-06-24 07:00:00,0.0,0.0,0.0,0.0,0.0,28.292375000193715,0.0,0.0,0.0,0.0,0.0
2040-06-24 08:00:00,0.0,0.0,0.0,0.0,0.0,33.46012500021607,0.0,0.0,0.0,0.0,0.0
2040-06-24 09:00:00,0.0,0.0,0.0,0.0,0.0,38.59550000028813,0.0,0.0,0.0,0.0,0.0
2040-06-24 10:00:00,0.0,0.0,0.0,0.0,0.0,40.32587500021327,0.0,0.0,0.0,0.0,0.0
2040-06-24 11:00:00,0.0,0.0,0.0,0.0,0.0,43.12825000018347,0.0,0.0,0.0,0.0,0.0
2040-06-24 12:00:00,0.0,0.0,0.0,0.0,0.0,43.994875000207685,0.0,0.0,0.0,0.0,0.0
2040-06-24 13:00:00,0.0,0.0,0.0,0.0,0.0,43.96850000019185,0.0,0.0,0.0,0.0,0.0
2040-06-24 14:00:00,0.0,0.0,0.0,0.0,0.0,42.555250000208616,0.0,0.0,0.0,0.0,0.0
2040-06-24 15:00:00,0.0,0.0,0.0,0.0,0.0,43.09462500025984,0.0,0.0,0.0,0.0,0.0
2040-06-24 16:00:00,0.0,0.0,0.0,0.0,0.0,42.9396250002319,0.0,0.0,0.0,0.0,0.0
2040-06-24 17:00:00,0.0,0.0,0.0,0.0,0.0,42.84162500023376,0.0,0.0,0.0,0.0,0.0
2040-06-24 18:00:00,0.0,0.0,0.0,0.0,0.0,45.45725000021048,0.0,0.0,0.0,0.0,0.0
2040-06-24 19:00:00,0.0,0.0,0.0,0.0,0.0,44.334000000264496,0.0,0.0,0.0,0.0,0.0
2040-06-24 20:00:00,0.0,0.0,0.0,0.0,0.0,42.9093750002794,0.0,0.0,0.0,0.0,0.0
2040-06-24 21:00:00,0.0,0.0,0.0,0.0,0.0,41.50550000020303,0.0,0.0,0.0,0.0,0.0
2040-06-24 22:00:00,0.0,0.0,0.0,0.0,0.0,39.53287500026636,0.0,0.0,0.0,0.0,0.0
2040-06-24 23:00:00,0.0,0.0,0.0,0.0,0.0,37.078125,0.0,0.0,0.0,0.0,0.0
2040-06-25 00:00:00,0.0,0.0,0.0,0.0,0.0,33.15337500022724,0.0,0.0,0.0,0.0,0.0
2040-06-25 01:00:00,0.0,0.0,0.0,0.0,0.0,29.354250000207685,0.0,0.0,0.0,0.0,0.0
2040-06-25 02:00:00,0.0,0.0,0.0,0.0,0.0,26.379875000216998,0.0,0.0,0.0,0.0,0.0
2040-06-25 03:00:00,0.0,0.0,0.0,0.0,0.0,24.544625000213273,0.0,0.0,0.0,0.0,0.0
2040-06-25 04:00:00,0.0,0.0,0.0,0.0,0.0,23.840875000227243,0.0,0.0,0.0,0.0,0.0
2040-06-25 05:00:00,0.0,0.0,0.0,0.0,0.0,24.129375000251457,0.0,0.0,0.0,0.0,0.0
2040-06-25 06:00:00,0.0,0.0,0.0,0.0,0.0,25.418625000280908,0.0,0.0,0.0,0.0,0.0
2040-06-25 07:00:00,0.0,0.0,0.0,0.0,0.0,29.37775000021793,0.0,0.0,0.0,0.0,0.0
2040-06-25 08:00:00,0.0,0.0,0.0,0.0,0.0,34.00150000024587,0.0,0.0,0.0,0.0,0.0
2040-06-25 09:00:00,0.0,0.0,0.0,0.0,0.0,39.39762500021607,0.0,0.0,0.0,0.0,0.0
2040-06-25 10:00:00,0.0,0.0,0.0,0.0,0.0,41.01081408712156,0.0,0.0,0.0,0.0,0.0
2040-06-25 11:00:00,0.0,0.0,0.0,0.0,0.0,43.33349890157115,0.0,0.0,0.0,0.0,0.0
2040-06-25 12:00:00,0.0,0.0,0.0,0.0,0.0,44.46295166015625,0.0,0.0,0.0,0.0,0.0
2040-06-25 13:00:00,0.0,0.0,0.0,0.0,0.0,44.060743164271116,0.0,0.0,0.0,0.0,0.0
2040-06-25 14:00:00,0.0,0.0,0.0,0.0,0.0,43.109423828311265,0.0,0.0,0.0,0.0,0.0
2040-06-25 15:00:00,0.0,0.0,0.0,0.0,0.0,43.70426953153219,0.0,0.0,0.0,0.0,0.0
2040-06-25 16:00:00,0.0,0.0,0.0,0.0,0.0,43.138550781528465,0.0,0.0,0.0,0.0,0.0
2040-06-25 17:00:00,0.0,0.0,0.0,0.0,0.0,42.349562378895385,0.0,0.0,0.0,0.0,0.0
2040-06-25 18:00:00,0.0,0.0,0.0,0.0,0.0,45.3019062501844,0.0,0.0,0.0,0.0,0.0
2040-06-25 19:00:00,0.0,0.0,0.0,0.0,0.0,44.82044140645303,0.0,0.0,0.0,0.0,0.0
2040-06-25 20:00:00,0.0,0.0,0.0,0.0,0.0,43.40332812524866,0.0,0.0,0.0,0.0,0.0
2040-06-25 21:00:00,0.0,0.0,0.0,0.0,0.0,42.16918359394185,0.0,0.0,0.0,0.0,0.0
2040-06-25 22:00:00,0.0,0.0,0.0,0.0,0.0,39.80038281274028,0.0,0.0,0.0,0.0,0.0
2040-06-25 23:00:00,0.0,0.0,0.0,0.0,0.0,37.578156250179745,0.0,0.0,0.0,0.0,0.0
2040-06-26 00:00:00,0.0,0.0,0.0,0.0,0.0,34.92798437527381,0.0,0.0,0.0,0.0,0.0
2040-06-26 01:00:00,0.0,0.0,0.0,0.0,0.0,30.975421875249594,0.0,0.0,0.0,0.0,0.0
2040-06-26 02:00:00,0.0,0.0,0.0,0.0,0.0,27.914117187727243,0.0,0.0,0.0,0.0,0.0
2040-06-26 03:00:00,0.0,0.0,0.0,0.0,0.0,25.840906250290573,0.0,0.0,0.0,0.0,0.0
2040-06-26 04:00:00,0.0,0.0,0.0,0.0,0.0,24.714601562707685,0.0,0.0,0.0,0.0,0.0
2040-06-26 05:00:00,0.0,0.0,0.0,0.0,0.0,24.972492187749594,0.0,0.0,0.0,0.0,0.0
2040-06-26 06:00:00,0.0,0.0,0.0,0.0,0.0,26.189343750244007,0.0,0.0,0.0,0.0,0.0
2040-06-26 07:00:00,0.0,0.0,0.0,0.0,0.0,29.51913281274028,0.0,0.0,0.0,0.0,0.0
2040-06-26 08:00:00,0.0,0.0,0.0,0.0,0.0,34.5237656251993,0.0,0.0,0.0,0.0,0.0
2040-06-26 09:00:00,0.0,0.0,0.0,0.0,0.0,39.24066406278871,0.0,0.0,0.0,0.0,0.0
2040-06-26 10:00:00,0.0,0.0,0.0,0.0,0.0,40.725164062692784,0.0,0.0,0.0,0.0,0.0
2040-06-26 11:00:00,0.0,0.0,0.0,0.0,0.0,42.38206250022631,0.0,0.0,0.0,0.0,0.0
2040-06-26 12:00:00,0.0,0.0,0.0,0.0,0.0,43.55646093771793,0.0,0.0,0.0,0.0,0.0
2040-06-26 13:00:00,0.0,0.0,0.0,0.0,0.0,43.725117187714204,0.0,0.0,0.0,0.0,0.0
2040-06-26 14:00:00,0.0,0.0,0.0,0.0,0.0,42.71960156271234,0.0,0.0,0.0,0.0,0.0
2040-06-26 15:00:00,0.0,0.0,0.0,0.0,0.0,43.000289062736556,0.0,0.0,0.0,0.0,0.0
2040-06-26 16:00:00,0.0,0.0,0.0,0.0,0.0,42.90838085964788,0.0,0.0,0.0,0.0,0.0
2040-06-26 17:00:00,0.0,0.0,0.0,0.0,0.0,42.0515688478481,0.0,0.0,0.0,0.0,0.0
2040-06-26 18:00:00,0.0,0.0,0.0,0.0,0.0,44.45112011744641,0.0,0.0,0.0,0.0,0.0
2040-06-26 19:00:00,0.0,0.0,0.0,0.0,0.0,43.88478271511849,0.0,0.0,0.0,0.0,0.0
2040-06-26 20:00:00,0.0,0.0,0.0,0.0,0.0,42.13553710957058,0.0,0.0,0.0,0.0,0.0
2040-06-26 21:00:00,0.0,0.0,0.0,0.0,0.0,40.565185546875,0.0,0.0,0.0,0.0,0.0
2040-06-26 22:00:00,0.0,0.0,0.0,0.0,0.0,38.79316015646327,0.0,0.0,0.0,0.0,0.0
2040-06-26 23:00:00,0.0,0.0,0.0,0.0,0.0,36.63550878933165,0.0,0.0,0.0,0.0,0.0
2040-06-27 00:00:00,0.0,0.0,0.0,0.0,0.0,33.18499218777288,0.0,0.0,0.0,0.0,0.0
2040-06-27 01:00:00,0.0,0.0,0.0,0.0,0.0,29.632380859577097,0.0,0.0,0.0,0.0,0.0
2040-06-27 02:00:00,0.0,0.0,0.0,0.0,0.0,26.650703125284053,0.0,0.0,0.0,0.0,0.0
2040-06-27 03:00:00,0.0,0.0,0.0,0.0,0.0,24.806257812771946,0.0,0.0,0.0,0.0,0.0
2040-06-27 04:00:00,0.0,0.0,0.0,0.0,0.0,23.923164062784053,0.0,0.0,0.0,0.0,0.0
2040-06-27 05:00:00,0.0,0.0,0.0,0.0,0.0,23.965787109569646,0.0,0.0,0.0,0.0,0.0
2040-06-27 06:00:00,0.0,0.0,0.0,0.0,0.0,25.28638867207337,0.0,0.0,0.0,0.0,0.0
2040-06-27 07:00:00,0.0,0.0,0.0,0.0,0.0,28.834617187734693,0.0,0.0,0.0,0.0,0.0
2040-06-27 08:00:00,0.0,0.0,0.0,0.0,0.0,33.4856523439521,0.0,0.0,0.0,0.0,0.0
2040-06-27 09:00:00,0.0,0.0,0.0,0.0,0.0,38.877302734646946,0.0,0.0,0.0,0.0,0.0
2040-06-27 10:00:00,0.0,0.0,0.0,0.0,0.0,40.63175000017509,0.0,0.0,0.0,0.0,0.0
2040-06-27 11:00:00,0.0,0.0,0.0,0.0,0.0,42.29680664080661,0.0,0.0,0.0,0.0,0.0
2040-06-27 12:00:00,0.0,0.0,0.0,0.0,0.0,43.30527734395582,0.0,0.0,0.0,0.0,0.0
2040-06-27 13:00:00,0.0,0.0,0.0,0.0,0.0,43.40539843775332,0.0,0.0,0.0,0.0,0.0
2040-06-27 14:00:00,0.0,0.0,0.0,0.0,0.0,42.42931640648749,0.0,0.0,0.0,0.0,0.0
2040-06-27 15:00:00,0.0,0.0,0.0,0.0,0.0,42.64193359401543,0.0,0.0,0.0,0.0,0.0
2040-06-27 16:00:00,0.0,0.0,0.0,0.0,0.0,42.04371484403964,0.0,0.0,0.0,0.0,0.0
2040-06-27 17:00:00,0.0,0.0,0.0,0.0,0.0,40.99040234403219,0.0,0.0,0.0,0.0,0.0
2040-06-27 18:00:00,0.0,0.0,0.0,0.0,0.0,43.56976953148842,0.0,0.0,0.0,0.0,0.0
2040-06-27 19:00:00,0.0,0.0,0.0,0.0,0.0,43.568726562778465,0.0,0.0,0.0,0.0,0.0
2040-06-27 20:00:00,0.0,0.0,0.0,0.0,0.0,42.4001250002766,0.0,0.0,0.0,0.0,0.0
2040-06-27 21:00:00,0.0,0.0,0.0,0.0,0.0,41.2277617190266,0.0,0.0,0.0,0.0,0.0
2040-06-27 22:00:00,0.0,0.0,0.0,0.0,0.0,39.283128906507045,0.0,0.0,0.0,0.0,0.0
2040-06-27 23:00:00,0.0,0.0,0.0,0.0,0.0,37.036730468971655,0.0,0.0,0.0,0.0,0.0
2040-06-28 00:00:00,0.0,0.0,0.0,0.0,0.0,33.948871094034985,0.0,0.0,0.0,0.0,0.0
2040-06-28 01:00:00,0.0,0.0,0.0,0.0,0.0,30.461316406494007,0.0,0.0,0.0,0.0,0.0
2040-06-28 02:00:00,0.0,0.0,0.0,0.0,0.0,27.607804687693715,0.0,0.0,0.0,0.0,0.0
2040-06-28 03:00:00,0.0,0.0,0.0,0.0,0.0,25.936609375290573,0.0,0.0,0.0,0.0,0.0
2040-06-28 04:00:00,0.0,0.0,0.0,0.0,0.0,24.887671875185333,0.0,0.0,0.0,0.0,0.0
2040-06-28 05:00:00,0.0,0.0,0.0,0.0,0.0,24.702667968929745,0.0,0.0,0.0,0.0,0.0
2040-06-28 06:00:00,0.0,0.0,0.0,0.0,0.0,26.007648437749594,0.0,0.0,0.0,0.0,0.0
2040-06-28 07:00:00,0.0,0.0,0.0,0.0,0.0,29.53525000018999,0.0,0.0,0.0,0.0,0.0
2040-06-28 08:00:00,0.0,0.0,0.0,0.0,0.0,34.027953125187196,0.0,0.0,0.0,0.0,0.0
2040-06-28 09:00:00,0.0,0.0,0.0,0.0,0.0,35.987414062721655,0.0,0.0,0.0,0.0,0.0
2040-06-28 10:00:00,0.0,0.0,0.0,0.0,0.0,37.53782812517602,0.0,0.0,0.0,0.0,0.0
2040-06-28 11:00:00,0.0,0.0,0.0,0.0,0.0,42.08533593767788,0.0,0.0,0.0,0.0,0.0
2040-06-28 12:00:00,0.0,0.0,0.0,0.0,0.0,43.19328125019092,0.0,0.0,0.0,0.0,0.0
2040-06-28 13:00:00,0.0,0.0,0.0,0.0,0.0,42.95680468773935,0.0,0.0,0.0,0.0,0.0
2040-06-28 14:00:00,0.0,0.0,0.0,0.0,0.0,41.9162109377794,0.0,0.0,0.0,0.0,0.0
2040-06-28 15:00:00,0.0,0.0,0.0,0.0,0.0,41.71408593771048,0.0,0.0,0.0,0.0,0.0
2040-06-28 16:00:00,0.0,0.0,0.0,0.0,0.0,40.3052187502617,0.0,0.0,0.0,0.0,0.0
2040-06-28 17:00:00,0.0,0.0,0.0,0.0,0.0,39.126968750264496,0.0,0.0,0.0,0.0,0.0
2040-06-28 18:00:00,0.0,0.0,0.0,0.0,0.0,41.95071093773004,0.0,0.0,0.0,0.0,0.0
2040-06-28 19:00:00,0.0,0.0,0.0,0.0,0.0,42.78943750017788,0.0,0.0,0.0,0.0,0.0
2040-06-28 20:00:00,0.0,0.0,0.0,0.0,0.0,41.565765625215136,0.0,0.0,0.0,0.0,0.0
2040-06-28 21:00:00,0.0,0.0,0.0,0.0,0.0,39.990445312694646,0.0,0.0,0.0,0.0,0.0
2040-06-28 22:00:00,0.0,0.0,0.0,0.0,0.0,38.521687500178814,0.0,0.0,0.0,0.0,0.0
2040-06-28 23:00:00,0.0,0.0,0.0,0.0,0.0,36.9150390625,0.0,0.0,0.0,0.0,0.0
2040-06-29 00:00:00,0.0,0.0,0.0,0.0,0.0,34.23016406269744,0.0,0.0,0.0,0.0,0.0
2040-06-29 01:00:00,0.0,0.0,0.0,0.0,0.0,31.151648437720723,0.0,0.0,0.0,0.0,0.0
2040-06-29 02:00:00,0.0,0.0,0.0,0.0,0.0,28.59132031269837,0.0,0.0,0.0,0.0,0.0
2040-06-29 03:00:00,0.0,0.0,0.0,0.0,0.0,26.505609375191852,0.0,0.0,0.0,0.0,0.0
2040-06-29 04:00:00,0.0,0.0,0.0,0.0,0.0,25.091210937709548,0.0,0.0,0.0,0.0,0.0
2040-06-29 05:00:00,0.0,0.0,0.0,0.0,0.0,24.476742187747732,0.0,0.0,0.0,0.0,0.0
2040-06-29 06:00:00,0.0,0.0,0.0,0.0,0.0,24.48854687518906,0.0,0.0,0.0,0.0,0.0
2040-06-29 07:00:00,0.0,0.0,0.0,0.0,0.0,25.066515625221655,0.0,0.0,0.0,0.0,0.0
2040-06-29 08:00:00,0.0,0.0,0.0,0.0,0.0,26.78164843772538,0.0,0.0,0.0,0.0,0.0
2040-06-29 09:00:00,0.0,0.0,0.0,0.0,0.0,29.53279687522445,0.0,0.0,0.0,0.0,0.0
2040-06-29 10:00:00,0.0,0.0,0.0,0.0,0.0,31.40885156276636,0.0,0.0,0.0,0.0,0.0
2040-06-29 11:00:00,0.0,0.0,0.0,0.0,0.0,34.23441406269558,0.0,0.0,0.0,0.0,0.0
2040-06-29 12:00:00,0.0,0.0,0.0,0.0,0.0,36.09830468776636,0.0,0.0,0.0,0.0,0.0
2040-06-29 13:00:00,0.0,0.0,0.0,0.0,0.0,37.543531250208616,0.0,0.0,0.0,0.0,0.0
2040-06-29 14:00:00,0.0,0.0,0.0,0.0,0.0,37.85618750017602,0.0,0.0,0.0,0.0,0.0
2040-06-29 15:00:00,0.0,0.0,0.0,0.0,0.0,36.8052187502617,0.0,0.0,0.0,0.0,0.0
2040-06-29 16:00:00,0.0,0.0,0.0,0.0,0.0,36.26845312525984,0.0,0.0,0.0,0.0,0.0
2040-06-29 17:00:00,0.0,0.0,0.0,0.0,0.0,36.781187500222586,0.0,0.0,0.0,0.0,0.0
2040-06-29 18:00:00,0.0,0.0,0.0,0.0,0.0,39.90340625029057,0.0,0.0,0.0,0.0,0.0
2040-06-29 19:00:00,0.0,0.0,0.0,0.0,0.0,40.743375000194646,0.0,0.0,0.0,0.0,0.0
2040-06-29 20:00:00,0.0,0.0,0.0,0.0,0.0,40.27253125025891,0.0,0.0,0.0,0.0,0.0
2040-06-29 21:00:00,0.0,0.0,0.0,0.0,0.0,38.84910937526729,0.0,0.0,0.0,0.0,0.0
2040-06-29 22:00:00,0.0,0.0,0.0,0.0,0.0,36.89703125017695,0.0,0.0,0.0,0.0,0.0
2040-06-29 23:00:00,0.0,0.0,0.0,0.0,0.0,35.0415468752617,0.0,0.0,0.0,0.0,0.0
2040-06-30 00:00:00,0.0,0.0,0.0,0.0,0.0,33.10787500021979,0.0,0.0,0.0,0.0,0.0
2040-06-30 01:00:00,0.0,0.0,0.0,0.0,0.0,30.59442187519744,0.0,0.0,0.0,0.0,0.0
2040-06-30 02:00:00,0.0,0.0,0.0,0.0,0.0,27.975390625186265,0.0,0.0,0.0,0.0,0.0
2040-06-30 03:00:00,0.0,0.0,0.0,0.0,0.0,26.372359375236556,0.0,0.0,0.0,0.0,0.0
2040-06-30 04:00:00,0.0,0.0,0.0,0.0,0.0,24.888906250242144,0.0,0.0,0.0,0.0,0.0
2040-06-30 05:00:00,0.0,0.0,0.0,0.0,0.0,24.651250000228174,0.0,0.0,0.0,0.0,0.0
2040-06-30 06:00:00,0.0,0.0,0.0,0.0,0.0,24.390828125178814,0.0,0.0,0.0,0.0,0.0
2040-06-30 07:00:00,0.0,0.0,0.0,0.0,0.0,23.83849985447792,0.0,0.0,0.0,0.0,0.0
2040-06-30 08:00:00,0.0,0.0,0.0,0.0,0.0,25.45201562519651,0.0,0.0,0.0,0.0,0.0
2040-06-30 09:00:00,0.0,0.0,0.0,0.0,0.0,26.755062500247732,0.0,0.0,0.0,0.0,0.0
2040-06-30 10:00:00,0.0,0.0,0.0,0.0,0.0,28.015031250193715,0.0,0.0,0.0,0.0,0.0
2040-06-30 11:00:00,0.0,0.0,0.0,0.0,0.0,30.93115625018254,0.0,0.0,0.0,0.0,0.0
2040-06-30 12:00:00,0.0,0.0,0.0,0.0,0.0,33.97114062518813,0.0,0.0,0.0,0.0,0.0
2040-06-30 13:00:00,0.0,0.0,0.0,0.0,0.0,35.53810937528033,0.0,0.0,0.0,0.0,0.0
2040-06-30 14:00:00,0.0,0.0,0.0,0.0,0.0,35.95668750023469,0.0,0.0,0.0,0.0,0.0
2040-06-30 15:00:00,0.0,0.0,0.0,0.0,0.0,35.94606250023935,0.0,0.0,0.0,0.0,0.0
2040-06-30 16:00:00,0.0,0.0,0.0,0.0,0.0,35.57926562521607,0.0,0.0,0.0,0.0,0.0
2040-06-30 17:00:00,0.0,0.0,0.0,0.0,0.0,35.82550000026822,0.0,0.0,0.0,0.0,0.0
2040-06-30 18:00:00,0.0,0.0,0.0,0.0,0.0,39.32325000024866,0.0,0.0,0.0,0.0,0.0
2040-06-30 19:00:00,0.0,0.0,0.0,0.0,0.0,40.93200000026263,0.0,0.0,0.0,0.0,0.0
2040-06-30 20:00:00,0.0,0.0,0.0,0.0,0.0,40.33012500021141,0.0,0.0,0.0,0.0,0.0
2040-06-30 21:00:00,0.0,0.0,0.0,0.0,0.0,39.70418750029057,0.0,0.0,0.0,0.0,0.0
2040-06-30 22:00:00,0.0,0.0,0.0,0.0,0.0,38.29014062520582,0.0,0.0,0.0,0.0,0.0
2040-06-30 23:00:00,0.0,0.0,0.0,0.0,0.0,35.35984375025146,0.0,0.0,0.0,0.0,0.0
2040-07-01 00:00:00,0.0,0.0,0.0,0.0,0.0,31.798234375193715,0.0,0.0,0.0,0.0,0.0
2040-07-01 01:00:00,0.0,0.0,0.0,0.0,0.0,28.13268750021234,0.0,0.0,0.0,0.0,0.0
2040-07-01 02:00:00,0.0,0.0,0.0,0.0,0.0,25.696578125236556,0.0,0.0,0.0,0.0,0.0
2040-07-01 03:00:00,0.0,0.0,0.0,0.0,0.0,24.591187500278465,0.0,0.0,0.0,0.0,0.0
2040-07-01 04:00:00,0.0,0.0,0.0,0.0,0.0,23.763640625285916,0.0,0.0,0.0,0.0,0.0
2040-07-01 05:00:00,0.0,0.0,0.0,0.0,0.0,23.249390625278465,0.0,0.0,0.0,0.0,0.0
2040-07-01 06:00:00,0.0,0.0,0.0,0.0,0.0,24.036953125265427,0.0,0.0,0.0,0.0,0.0
2040-07-01 07:00:00,0.0,0.0,0.0,0.0,0.0,27.23170312528964,0.0,0.0,0.0,0.0,0.0
2040-07-01 08:00:00,0.0,0.0,0.0,0.0,0.0,31.817546875216067,0.0,0.0,0.0,0.0,0.0
2040-07-01 09:00:00,0.0,0.0,0.0,0.0,0.0,36.62704687518999,0.0,0.0,0.0,0.0,0.0
2040-07-01 10:00:00,0.0,0.0,0.0,0.0,0.0,38.733328125206754,0.0,0.0,0.0,0.0,0.0
2040-07-01 11:00:00,0.0,0.0,0.0,0.0,0.0,40.31278125022072,0.0,0.0,0.0,0.0,0.0
2040-07-01 12:00:00,0.0,0.0,0.0,0.0,0.0,40.95587500021793,0.0,0.0,0.0,0.0,0.0
2040-07-01 13:00:00,0.0,0.0,0.0,0.0,0.0,41.53037500020582,0.0,0.0,0.0,0.0,0.0
2040-07-01 14:00:00,0.0,0.0,0.0,0.0,0.0,40.2706562501844,0.0,0.0,0.0,0.0,0.0
2040-07-01 15:00:00,0.0,0.0,0.0,0.0,0.0,41.821531250257976,0.0,0.0,0.0,0.0,0.0
2040-07-01 16:00:00,0.0,0.0,0.0,0.0,0.0,41.847718750243075,0.0,0.0,0.0,0.0,0.0
2040-07-01 17:00:00,0.0,0.0,0.0,0.0,0.0,39.924640625249594,0.0,0.0,0.0,0.0,0.0
2040-07-01 18:00:00,0.0,0.0,0.0,0.0,0.0,41.83426562522072,0.0,0.0,0.0,0.0,0.0
2040-07-01 19:00:00,0.0,0.0,0.0,0.0,0.0,42.6907812502468,0.0,0.0,0.0,0.0,0.0
2040-07-01 20:00:00,0.0,0.0,0.0,0.0,0.0,41.4953125002794,0.0,0.0,0.0,0.0,0.0
2040-07-01 21:00:00,0.0,0.0,0.0,0.0,0.0,39.108015625271946,0.0,0.0,0.0,0.0,0.0
2040-07-01 22:00:00,0.0,0.0,0.0,0.0,0.0,37.43253125017509,0.0,0.0,0.0,0.0,0.0
2040-07-01 23:00:00,0.0,0.0,0.0,0.0,0.0,35.04231250018347,0.0,0.0,0.0,0.0,0.0
2040-07-02 00:00:00,0.0,0.0,0.0,0.0,0.0,32.35265625023749,0.0,0.0,0.0,0.0,0.0
2040-07-02 01:00:00,0.0,0.0,0.0,0.0,0.0,30.03112500021234,0.0,0.0,0.0,0.0,0.0
2040-07-02 02:00:00,0.0,0.0,0.0,0.0,0.0,26.449703125283122,0.0,0.0,0.0,0.0,0.0
2040-07-02 03:00:00,0.0,0.0,0.0,0.0,0.0,25.04957812523935,0.0,0.0,0.0,0.0,0.0
2040-07-02 04:00:00,0.0,0.0,0.0,0.0,0.0,23.69654687528964,0.0,0.0,0.0,0.0,0.0
2040-07-02 05:00:00,0.0,0.0,0.0,0.0,0.0,23.594765625195578,0.0,0.0,0.0,0.0,0.0
2040-07-02 06:00:00,0.0,0.0,0.0,0.0,0.0,25.561312500271015,0.0,0.0,0.0,0.0,0.0
2040-07-02 07:00:00,0.0,0.0,0.0,0.0,0.0,29.266937500215136,0.0,0.0,0.0,0.0,0.0
2040-07-02 08:00:00,0.0,0.0,0.0,0.0,0.0,33.81679687520955,0.0,0.0,0.0,0.0,0.0
2040-07-02 09:00:00,0.0,0.0,0.0,0.0,0.0,39.106859375257045,0.0,0.0,0.0,0.0,0.0
2040-07-02 10:00:00,0.0,0.0,0.0,0.0,0.0,40.29953125026077,0.0,0.0,0.0,0.0,0.0
2040-07-02 11:00:00,0.0,0.0,0.0,0.0,0.0,41.62218750023749,0.0,0.0,0.0,0.0,0.0
2040-07-02 12:00:00,0.0,0.0,0.0,0.0,0.0,42.78440625022631,0.0,0.0,0.0,0.0,0.0
2040-07-02 13:00:00,0.0,0.0,0.0,0.0,0.0,42.85906250018161,0.0,0.0,0.0,0.0,0.0
2040-07-02 14:00:00,0.0,0.0,0.0,0.0,0.0,41.60650000022724,0.0,0.0,0.0,0.0,0.0
2040-07-02 15:00:00,0.0,0.0,0.0,0.0,0.0,41.89737500017509,0.0,0.0,0.0,0.0,0.0
2040-07-02 16:00:00,0.0,0.0,0.0,0.0,0.0,40.955187500221655,0.0,0.0,0.0,0.0,0.0
2040-07-02 17:00:00,0.0,0.0,0.0,0.0,0.0,40.19043750024866,0.0,0.0,0.0,0.0,0.0
2040-07-02 18:00:00,0.0,0.0,0.0,0.0,0.0,42.692593750194646,0.0,0.0,0.0,0.0,0.0
2040-07-02 19:00:00,0.0,0.0,0.0,0.0,0.0,42.472187500214204,0.0,0.0,0.0,0.0,0.0
2040-07-02 20:00:00,0.0,0.0,0.0,0.0,0.0,41.04950000019744,0.0,0.0,0.0,0.0,0.0
2040-07-02 21:00:00,0.0,0.0,0.0,0.0,0.0,40.69771875021979,0.0,0.0,0.0,0.0,0.0
2040-07-02 22:00:00,0.0,0.0,0.0,0.0,0.0,39.47212500020396,0.0,0.0,0.0,0.0,0.0
2040-07-02 23:00:00,0.0,0.0,0.0,0.0,0.0,37.41871875023935,0.0,0.0,0.0,0.0,0.0
2040-07-03 00:00:00,0.0,0.0,0.0,0.0,0.0,33.833000000217,0.0,0.0,0.0,0.0,0.0
2040-07-03 01:00:00,0.0,0.0,0.0,0.0,0.0,30.378625000244938,0.0,0.0,0.0,0.0,0.0
2040-07-03 02:00:00,0.0,0.0,0.0,0.0,0.0,27.18446875025984,0.0,0.0,0.0,0.0,0.0
2040-07-03 03:00:00,0.0,0.0,0.0,0.0,0.0,25.530250000185333,0.0,0.0,0.0,0.0,0.0
2040-07-03 04:00:00,0.0,0.0,0.0,0.0,0.0,24.713656250271015,0.0,0.0,0.0,0.0,0.0
2040-07-03 05:00:00,0.0,0.0,0.0,0.0,0.0,24.92440625024028,0.0,0.0,0.0,0.0,0.0
2040-07-03 06:00:00,0.0,0.0,0.0,0.0,0.0,26.05343750026077,0.0,0.0,0.0,0.0,0.0
2040-07-03 07:00:00,0.0,0.0,0.0,0.0,0.0,29.587750000180677,0.0,0.0,0.0,0.0,0.0
2040-07-03 08:00:00,0.0,0.0,0.0,0.0,0.0,34.07740625028964,0.0,0.0,0.0,0.0,0.0
2040-07-03 09:00:00,0.0,0.0,0.0,0.0,0.0,38.98875000025146,0.0,0.0,0.0,0.0,0.0
2040-07-03 10:00:00,0.0,0.0,0.0,0.0,0.0,40.730437500285916,0.0,0.0,0.0,0.0,0.0
2040-07-03 11:00:00,0.0,0.0,0.0,0.0,0.0,41.558781250263564,0.0,0.0,0.0,0.0,0.0
2040-07-03 12:00:00,0.0,0.0,0.0,0.0,0.0,42.32434375025332,0.0,0.0,0.0,0.0,0.0
2040-07-03 13:00:00,0.0,0.0,0.0,0.0,0.0,41.92612500023097,0.0,0.0,0.0,0.0,0.0
2040-07-03 14:00:00,0.0,0.0,0.0,0.0,0.0,41.164968750206754,0.0,0.0,0.0,0.0,0.0
2040-07-03 15:00:00,0.0,0.0,0.0,0.0,0.0,41.438843750278465,0.0,0.0,0.0,0.0,0.0
2040-07-03 16:00:00,0.0,0.0,0.0,0.0,0.0,40.55753125017509,0.0,0.0,0.0,0.0,0.0
2040-07-03 17:00:00,0.0,0.0,0.0,0.0,0.0,39.11678125022445,0.0,0.0,0.0,0.0,0.0
2040-07-03 18:00:00,0.0,0.0,0.0,0.0,0.0,38.64137500023935,0.0,0.0,0.0,0.0,0.0
2040-07-03 19:00:00,0.0,0.0,0.0,0.0,0.0,38.296906250179745,0.0,0.0,0.0,0.0,0.0
2040-07-03 20:00:00,0.0,0.0,0.0,0.0,0.0,39.082937500206754,0.0,0.0,0.0,0.0,0.0
2040-07-03 21:00:00,0.0,0.0,0.0,0.0,0.0,37.12600000028033,0.0,0.0,0.0,0.0,0.0
2040-07-03 22:00:00,0.0,0.0,0.0,0.0,0.0,37.03021875023842,0.0,0.0,0.0,0.0,0.0
2040-07-03 23:00:00,0.0,0.0,0.0,0.0,0.0,34.368000000249594,0.0,0.0,0.0,0.0,0.0
2040-07-04 00:00:00,0.0,0.0,0.0,0.0,0.0,31.15121875028126,0.0,0.0,0.0,0.0,0.0
2040-07-04 01:00:00,0.0,0.0,0.0,0.0,0.0,27.65381250018254,0.0,0.0,0.0,0.0,0.0
2040-07-04 02:00:00,0.0,0.0,0.0,0.0,0.0,24.862500000279397,0.0,0.0,0.0,0.0,0.0
2040-07-04 03:00:00,0.0,0.0,0.0,0.0,0.0,23.423218750277318,0.0,0.0,0.0,0.0,0.0
2040-07-04 04:00:00,0.0,0.0,0.0,0.0,0.0,22.39475000021048,0.0,0.0,0.0,0.0,0.0
2040-07-04 05:00:00,0.0,0.0,0.0,0.0,0.0,22.68346875021234,0.0,0.0,0.0,0.0,0.0
2040-07-04 06:00:00,0.0,0.0,0.0,0.0,0.0,24.828281250200234,0.0,0.0,0.0,0.0,0.0
2040-07-04 07:00:00,0.0,0.0,0.0,0.0,0.0,28.98956250026822,0.0,0.0,0.0,0.0,0.0
2040-07-04 08:00:00,0.0,0.0,0.0,0.0,0.0,32.88325000018813,0.0,0.0,0.0,0.0,0.0
2040-07-04 09:00:00,0.0,0.0,0.0,0.0,0.0,38.00971875025425,0.0,0.0,0.0,0.0,0.0
2040-07-04 10:00:00,0.0,0.0,0.0,0.0,0.0,39.839406250277534,0.0,0.0,0.0,0.0,0.0
2040-07-04 11:00:00,0.0,0.0,0.0,0.0,0.0,40.82487500028219,0.0,0.0,0.0,0.0,0.0
2040-07-04 12:00:00,0.0,0.0,0.0,0.0,0.0,42.45925000018906,0.0,0.0,0.0,0.0,0.0
2040-07-04 13:00:00,0.0,0.0,0.0,0.0,0.0,42.85612500028219,0.0,0.0,0.0,0.0,0.0
2040-07-04 14:00:00,0.0,0.0,0.0,0.0,0.0,41.990343750221655,0.0,0.0,0.0,0.0,0.0
2040-07-04 15:00:00,0.0,0.0,0.0,0.0,0.0,42.396718750242144,0.0,0.0,0.0,0.0,0.0
2040-07-04 16:00:00,0.0,0.0,0.0,0.0,0.0,42.32468750025146,0.0,0.0,0.0,0.0,0.0
2040-07-04 17:00:00,0.0,0.0,0.0,0.0,0.0,41.22843750019092,0.0,0.0,0.0,0.0,0.0
2040-07-04 18:00:00,0.0,0.0,0.0,0.0,0.0,43.481281250249594,0.0,0.0,0.0,0.0,0.0
2040-07-04 19:00:00,0.0,0.0,0.0,0.0,0.0,43.38318750017788,0.0,0.0,0.0,0.0,0.0
2040-07-04 20:00:00,0.0,0.0,0.0,0.0,0.0,41.81487500027288,0.0,0.0,0.0,0.0,0.0
2040-07-04 21:00:00,0.0,0.0,0.0,0.0,0.0,40.28871875023469,0.0,0.0,0.0,0.0,0.0
2040-07-04 22:00:00,0.0,0.0,0.0,0.0,0.0,38.57328125019558,0.0,0.0,0.0,0.0,0.0
2040-07-04 23:00:00,0.0,0.0,0.0,0.0,0.0,36.43925000028685,0.0,0.0,0.0,0.0,0.0
2040-07-05 00:00:00,0.0,0.0,0.0,0.0,0.0,33.12525000027381,0.0,0.0,0.0,0.0,0.0
2040-07-05 01:00:00,0.0,0.0,0.0,0.0,0.0,29.751218750257976,0.0,0.0,0.0,0.0,0.0
2040-07-05 02:00:00,0.0,0.0,0.0,0.0,0.0,26.76625000021886,0.0,0.0,0.0,0.0,0.0
2040-07-05 03:00:00,0.0,0.0,0.0,0.0,0.0,25.001531250192784,0.0,0.0,0.0,0.0,0.0
2040-07-05 04:00:00,0.0,0.0,0.0,0.0,0.0,24.038218750269152,0.0,0.0,0.0,0.0,0.0
2040-07-05 05:00:00,0.0,0.0,0.0,0.0,0.0,23.318500000284985,0.0,0.0,0.0,0.0,0.0
2040-07-05 06:00:00,0.0,0.0,0.0,0.0,0.0,24.26625000021886,0.0,0.0,0.0,0.0,0.0
2040-07-05 07:00:00,0.0,0.0,0.0,0.0,0.0,28.20575000019744,0.0,0.0,0.0,0.0,0.0
2040-07-05 08:00:00,0.0,0.0,0.0,0.0,0.0,33.27781250025146,0.0,0.0,0.0,0.0,0.0
2040-07-05 09:00:00,0.0,0.0,0.0,0.0,0.0,39.12975000019651,0.0,0.0,0.0,0.0,0.0
2040-07-05 10:00:00,0.0,0.0,0.0,0.0,0.0,40.88037500018254,0.0,0.0,0.0,0.0,0.0
2040-07-05 11:00:00,0.0,0.0,0.0,0.0,0.0,42.719968750257976,0.0,0.0,0.0,0.0,0.0
2040-07-05 12:00:00,0.0,0.0,0.0,0.0,0.0,43.949281250243075,0.0,0.0,0.0,0.0,0.0
2040-07-05 13:00:00,0.0,0.0,0.0,0.0,0.0,44.17990625021048,0.0,0.0,0.0,0.0,0.0
2040-07-05 14:00:00,0.0,0.0,0.0,0.0,0.0,43.20231250021607,0.0,0.0,0.0,0.0,0.0
2040-07-05 15:00:00,0.0,0.0,0.0,0.0,0.0,43.07596875028685,0.0,0.0,0.0,0.0,0.0
2040-07-05 16:00:00,0.0,0.0,0.0,0.0,0.0,40.4944687501993,0.0,0.0,0.0,0.0,0.0
2040-07-05 17:00:00,0.0,0.0,0.0,0.0,0.0,38.649656250257976,0.0,0.0,0.0,0.0,0.0
2040-07-05 18:00:00,0.0,0.0,0.0,0.0,0.0,41.16000000026543,0.0,0.0,0.0,0.0,0.0
2040-07-05 19:00:00,0.0,0.0,0.0,0.0,0.0,42.050312500214204,0.0,0.0,0.0,0.0,0.0
2040-07-05 20:00:00,0.0,0.0,0.0,0.0,0.0,41.122406250215136,0.0,0.0,0.0,0.0,0.0
2040-07-05 21:00:00,0.0,0.0,0.0,0.0,0.0,39.886656250222586,0.0,0.0,0.0,0.0,0.0
2040-07-05 22:00:00,0.0,0.0,0.0,0.0,0.0,38.404500000178814,0.0,0.0,0.0,0.0,0.0
2040-07-05 23:00:00,0.0,0.0,0.0,0.0,0.0,36.5857500002021,0.0,0.0,0.0,0.0,0.0
2040-07-06 00:00:00,0.0,0.0,0.0,0.0,0.0,33.72190625022631,0.0,0.0,0.0,0.0,0.0
2040-07-06 01:00:00,0.0,0.0,0.0,0.0,0.0,31.002562500187196,0.0,0.0,0.0,0.0,0.0
2040-07-06 02:00:00,0.0,0.0,0.0,0.0,0.0,27.92706250026822,0.0,0.0,0.0,0.0,0.0
2040-07-06 03:00:00,0.0,0.0,0.0,0.0,0.0,26.284718750277534,0.0,0.0,0.0,0.0,0.0
2040-07-06 04:00:00,0.0,0.0,0.0,0.0,0.0,24.99290625017602,0.0,0.0,0.0,0.0,0.0
2040-07-06 05:00:00,0.0,0.0,0.0,0.0,0.0,24.083093750290573,0.0,0.0,0.0,0.0,0.0
2040-07-06 06:00:00,0.0,0.0,0.0,0.0,0.0,23.767906250199303,0.0,0.0,0.0,0.0,0.0
2040-07-06 07:00:00,0.0,0.0,0.0,0.0,0.0,24.80300000018906,0.0,0.0,0.0,0.0,0.0
2040-07-06 08:00:00,0.0,0.0,0.0,0.0,0.0,28.794156250194646,0.0,0.0,0.0,0.0,0.0
2040-07-06 09:00:00,0.0,0.0,0.0,0.0,0.0,32.649343750206754,0.0,0.0,0.0,0.0,0.0
2040-07-06 10:00:00,0.0,0.0,0.0,0.0,0.0,35.37159375019837,0.0,0.0,0.0,0.0,0.0
2040-07-06 11:00:00,0.0,0.0,0.0,0.0,0.0,37.63531250017695,0.0,0.0,0.0,0.0,0.0
2040-07-06 12:00:00,0.0,0.0,0.0,0.0,0.0,37.4513437502319,0.0,0.0,0.0,0.0,0.0
2040-07-06 13:00:00,0.0,0.0,0.0,0.0,0.0,38.28700000024401,0.0,0.0,0.0,0.0,0.0
2040-07-06 14:00:00,0.0,0.0,0.0,0.0,0.0,38.578812500229105,0.0,0.0,0.0,0.0,0.0
2040-07-06 15:00:00,0.0,0.0,0.0,0.0,0.0,38.41637500026263,0.0,0.0,0.0,0.0,0.0
2040-07-06 16:00:00,0.0,0.0,0.0,0.0,0.0,37.91696875018533,0.0,0.0,0.0,0.0,0.0
2040-07-06 17:00:00,0.0,0.0,0.0,0.0,0.0,36.9952812502148,0.0,0.0,0.0,0.0,0.0
2040-07-06 18:00:00,0.0,0.0,0.0,0.0,0.0,36.98184375022538,0.0,0.0,0.0,0.0,0.0
2040-07-06 19:00:00,0.0,0.0,0.0,0.0,0.0,39.19318750023376,0.0,0.0,0.0,0.0,0.0
2040-07-06 20:00:00,0.0,0.0,0.0,0.0,0.0,38.26459375023842,0.0,0.0,0.0,0.0,0.0
2040-07-06 21:00:00,0.0,0.0,0.0,0.0,0.0,36.961718750186265,0.0,0.0,0.0,0.0,0.0
2040-07-06 22:00:00,0.0,0.0,0.0,0.0,0.0,36.355406250222586,0.0,0.0,0.0,0.0,0.0
2040-07-06 23:00:00,0.0,0.0,0.0,0.0,0.0,35.33881250023842,0.0,0.0,0.0,0.0,0.0
2040-07-07 00:00:00,0.0,0.0,0.0,0.0,0.0,33.10768750018906,0.0,0.0,0.0,0.0,0.0
2040-07-07 01:00:00,0.0,0.0,0.0,0.0,0.0,30.241750000277534,0.0,0.0,0.0,0.0,0.0
2040-07-07 02:00:00,0.0,0.0,0.0,0.0,0.0,27.092843750258908,0.0,0.0,0.0,0.0,0.0
2040-07-07 03:00:00,0.0,0.0,0.0,0.0,0.0,24.981500000227243,0.0,0.0,0.0,0.0,0.0
2040-07-07 04:00:00,0.0,0.0,0.0,0.0,0.0,23.957375000230968,0.0,0.0,0.0,0.0,0.0
2040-07-07 05:00:00,0.0,0.0,0.0,0.0,0.0,23.788718750234693,0.0,0.0,0.0,0.0,0.0
2040-07-07 06:00:00,0.0,0.0,0.0,0.0,0.0,23.623156250221655,0.0,0.0,0.0,0.0,0.0
2040-07-07 07:00:00,0.0,0.0,0.0,0.0,0.0,23.890937500284053,0.0,0.0,0.0,0.0,0.0
2040-07-07 08:00:00,0.0,0.0,0.0,0.0,0.0,24.494125000201166,0.0,0.0,0.0,0.0,0.0
2040-07-07 09:00:00,0.0,0.0,0.0,0.0,0.0,26.23450000025332,0.0,0.0,0.0,0.0,0.0
2040-07-07 10:00:00,0.0,0.0,0.0,0.0,0.0,27.45475000026636,0.0,0.0,0.0,0.0,0.0
2040-07-07 11:00:00,0.0,0.0,0.0,0.0,0.0,29.83543750026729,0.0,0.0,0.0,0.0,0.0
2040-07-07 12:00:00,0.0,0.0,0.0,0.0,0.0,31.950656250235625,0.0,0.0,0.0,0.0,0.0
2040-07-07 13:00:00,0.0,0.0,0.0,0.0,0.0,33.86375000025146,0.0,0.0,0.0,0.0,0.0
2040-07-07 14:00:00,0.0,0.0,0.0,0.0,0.0,34.86740625021048,0.0,0.0,0.0,0.0,0.0
2040-07-07 15:00:00,0.0,0.0,0.0,0.0,0.0,35.45412500028033,0.0,0.0,0.0,0.0,0.0
2040-07-07 16:00:00,0.0,0.0,0.0,0.0,0.0,34.20843750028871,0.0,0.0,0.0,0.0,0.0
2040-07-07 17:00:00,0.0,0.0,0.0,0.0,0.0,32.988468750263564,0.0,0.0,0.0,0.0,0.0
2040-07-07 18:00:00,0.0,0.0,0.0,0.0,0.0,35.52978125028312,0.0,0.0,0.0,0.0,0.0
2040-07-07 19:00:00,0.0,0.0,0.0,0.0,0.0,36.18034375028219,0.0,0.0,0.0,0.0,0.0
2040-07-07 20:00:00,0.0,0.0,0.0,0.0,0.0,35.368718750192784,0.0,0.0,0.0,0.0,0.0
2040-07-07 21:00:00,0.0,0.0,0.0,0.0,0.0,34.94690625020303,0.0,0.0,0.0,0.0,0.0
2040-07-07 22:00:00,0.0,0.0,0.0,0.0,0.0,33.65018750028685,0.0,0.0,0.0,0.0,0.0
2040-07-07 23:00:00,0.0,0.0,0.0,0.0,0.0,32.204656250192784,0.0,0.0,0.0,0.0,0.0
2040-07-08 00:00:00,0.0,0.0,0.0,0.0,0.0,30.13659375021234,0.0,0.0,0.0,0.0,0.0
2040-07-08 01:00:00,0.0,0.0,0.0,0.0,0.0,28.290500000235625,0.0,0.0,0.0,0.0,0.0
2040-07-08 02:00:00,0.0,0.0,0.0,0.0,0.0,25.29446875024587,0.0,0.0,0.0,0.0,0.0
2040-07-08 03:00:00,0.0,0.0,0.0,0.0,0.0,23.507375000277534,0.0,0.0,0.0,0.0,0.0
2040-07-08 04:00:00,0.0,0.0,0.0,0.0,0.0,22.824531250284053,0.0,0.0,0.0,0.0,0.0
2040-07-08 05:00:00,0.0,0.0,0.0,0.0,0.0,22.553156250272878,0.0,0.0,0.0,0.0,0.0
2040-07-08 06:00:00,0.0,0.0,0.0,0.0,0.0,23.647468750248663,0.0,0.0,0.0,0.0,0.0
2040-07-08 07:00:00,0.0,0.0,0.0,0.0,0.0,26.7376562502468,0.0,0.0,0.0,0.0,0.0
2040-07-08 08:00:00,0.0,0.0,0.0,0.0,0.0,31.595687500201166,0.0,0.0,0.0,0.0,0.0
2040-07-08 09:00:00,0.0,0.0,0.0,0.0,0.0,36.616718750214204,0.0,0.0,0.0,0.0,0.0
2040-07-08 10:00:00,0.0,0.0,0.0,0.0,0.0,37.89021875022445,0.0,0.0,0.0,0.0,0.0
2040-07-08 11:00:00,0.0,0.0,0.0,0.0,0.0,39.648406250285916,0.0,0.0,0.0,0.0,0.0
2040-07-08 12:00:00,0.0,0.0,0.0,0.0,0.0,40.718937500263564,0.0,0.0,0.0,0.0,0.0
2040-07-08 13:00:00,0.0,0.0,0.0,0.0,0.0,40.88075000024401,0.0,0.0,0.0,0.0,0.0
2040-07-08 14:00:00,0.0,0.0,0.0,0.0,0.0,40.10912500019185,0.0,0.0,0.0,0.0,0.0
2040-07-08 15:00:00,0.0,0.0,0.0,0.0,0.0,39.68350000027567,0.0,0.0,0.0,0.0,0.0
2040-07-08 16:00:00,0.0,0.0,0.0,0.0,0.0,39.36493750021327,0.0,0.0,0.0,0.0,0.0
2040-07-08 17:00:00,0.0,0.0,0.0,0.0,0.0,38.2493750002468,0.0,0.0,0.0,0.0,0.0
2040-07-08 18:00:00,0.0,0.0,0.0,0.0,0.0,40.69706250028685,0.0,0.0,0.0,0.0,0.0
2040-07-08 19:00:00,0.0,0.0,0.0,0.0,0.0,41.470187500235625,0.0,0.0,0.0,0.0,0.0
2040-07-08 20:00:00,0.0,0.0,0.0,0.0,0.0,40.25562500022352,0.0,0.0,0.0,0.0,0.0
2040-07-08 21:00:00,0.0,0.0,0.0,0.0,0.0,38.70693750027567,0.0,0.0,0.0,0.0,0.0
2040-07-08 22:00:00,0.0,0.0,0.0,0.0,0.0,37.157562500215136,0.0,0.0,0.0,0.0,0.0
2040-07-08 23:00:00,0.0,0.0,0.0,0.0,0.0,34.44037500023842,0.0,0.0,0.0,0.0,0.0
2040-07-09 00:00:00,0.0,0.0,0.0,0.0,0.0,30.90962500020396,0.0,0.0,0.0,0.0,0.0
2040-07-09 01:00:00,0.0,0.0,0.0,0.0,0.0,27.77418750023935,0.0,0.0,0.0,0.0,0.0
2040-07-09 02:00:00,0.0,0.0,0.0,0.0,0.0,25.263500000233762,0.0,0.0,0.0,0.0,0.0
2040-07-09 03:00:00,0.0,0.0,0.0,0.0,0.0,23.039375000284053,0.0,0.0,0.0,0.0,0.0
2040-07-09 04:00:00,0.0,0.0,0.0,0.0,0.0,22.51887500018347,0.0,0.0,0.0,0.0,0.0
2040-07-09 05:00:00,0.0,0.0,0.0,0.0,0.0,22.979000000283122,0.0,0.0,0.0,0.0,0.0
2040-07-09 06:00:00,0.0,0.0,0.0,0.0,0.0,24.23912500019651,0.0,0.0,0.0,0.0,0.0
2040-07-09 07:00:00,0.0,0.0,0.0,0.0,0.0,26.6400000002468,0.0,0.0,0.0,0.0,0.0
2040-07-09 08:00:00,0.0,0.0,0.0,0.0,0.0,30.883812500280328,0.0,0.0,0.0,0.0,0.0
2040-07-09 09:00:00,0.0,0.0,0.0,0.0,0.0,36.11468750028871,0.0,0.0,0.0,0.0,0.0
2040-07-09 10:00:00,0.0,0.0,0.0,0.0,0.0,38.72531250026077,0.0,0.0,0.0,0.0,0.0
2040-07-09 11:00:00,0.0,0.0,0.0,0.0,0.0,39.37737500027288,0.0,0.0,0.0,0.0,0.0
2040-07-09 12:00:00,0.0,0.0,0.0,0.0,0.0,40.82368750020396,0.0,0.0,0.0,0.0,0.0
2040-07-09 13:00:00,0.0,0.0,0.0,0.0,0.0,40.61037500028033,0.0,0.0,0.0,0.0,0.0
2040-07-09 14:00:00,0.0,0.0,0.0,0.0,0.0,39.73500000021886,0.0,0.0,0.0,0.0,0.0
2040-07-09 15:00:00,0.0,0.0,0.0,0.0,0.0,39.38231250026729,0.0,0.0,0.0,0.0,0.0
2040-07-09 16:00:00,0.0,0.0,0.0,0.0,0.0,38.985687500215136,0.0,0.0,0.0,0.0,0.0
2040-07-09 17:00:00,0.0,0.0,0.0,0.0,0.0,37.72568750020582,0.0,0.0,0.0,0.0,0.0
2040-07-09 18:00:00,0.0,0.0,0.0,0.0,0.0,39.60068750020582,0.0,0.0,0.0,0.0,0.0
2040-07-09 19:00:00,0.0,0.0,0.0,0.0,0.0,40.30375000019558,0.0,0.0,0.0,0.0,0.0
2040-07-09 20:00:00,0.0,0.0,0.0,0.0,0.0,39.27137500024401,0.0,0.0,0.0,0.0,0.0
2040-07-09 21:00:00,0.0,0.0,0.0,0.0,0.0,37.872625000192784,0.0,0.0,0.0,0.0,0.0
2040-07-09 22:00:00,0.0,0.0,0.0,0.0,0.0,36.21450000023469,0.0,0.0,0.0,0.0,0.0
2040-07-09 23:00:00,0.0,0.0,0.0,0.0,0.0,33.98618750018068,0.0,0.0,0.0,0.0,0.0
2040-07-10 00:00:00,0.0,0.0,0.0,0.0,0.0,31.167500000214204,0.0,0.0,0.0,0.0,0.0
2040-07-10 01:00:00,0.0,0.0,0.0,0.0,0.0,28.123562500230037,0.0,0.0,0.0,0.0,0.0
2040-07-10 02:00:00,0.0,0.0,0.0,0.0,0.0,25.1919375002617,0.0,0.0,0.0,0.0,0.0
2040-07-10 03:00:00,0.0,0.0,0.0,0.0,0.0,23.65762500022538,0.0,0.0,0.0,0.0,0.0
2040-07-10 04:00:00,0.0,0.0,0.0,0.0,0.0,22.955062500201166,0.0,0.0,0.0,0.0,0.0
2040-07-10 05:00:00,0.0,0.0,0.0,0.0,0.0,23.226312500191852,0.0,0.0,0.0,0.0,0.0
2040-07-10 06:00:00,0.0,0.0,0.0,0.0,0.0,24.012937500257976,0.0,0.0,0.0,0.0,0.0
2040-07-10 07:00:00,0.0,0.0,0.0,0.0,0.0,27.409250000258908,0.0,0.0,0.0,0.0,0.0
2040-07-10 08:00:00,0.0,0.0,0.0,0.0,0.0,31.641000000177883,0.0,0.0,0.0,0.0,0.0
2040-07-10 09:00:00,0.0,0.0,0.0,0.0,0.0,35.908312500221655,0.0,0.0,0.0,0.0,0.0
2040-07-10 10:00:00,0.0,0.0,0.0,0.0,0.0,37.15218750026543,0.0,0.0,0.0,0.0,0.0
2040-07-10 11:00:00,0.0,0.0,0.0,0.0,0.0,39.50381250027567,0.0,0.0,0.0,0.0,0.0
2040-07-10 12:00:00,0.0,0.0,0.0,0.0,0.0,39.82125000027008,0.0,0.0,0.0,0.0,0.0
2040-07-10 13:00:00,0.0,0.0,0.0,0.0,0.0,39.90318750019651,0.0,0.0,0.0,0.0,0.0
2040-07-10 14:00:00,0.0,0.0,0.0,0.0,0.0,39.15862500027288,0.0,0.0,0.0,0.0,0.0
2040-07-10 15:00:00,0.0,0.0,0.0,0.0,0.0,39.23968750028871,0.0,0.0,0.0,0.0,0.0
2040-07-10 16:00:00,0.0,0.0,0.0,0.0,0.0,38.38068750023376,0.0,0.0,0.0,0.0,0.0
2040-07-10 17:00:00,0.0,0.0,0.0,0.0,0.0,36.88718750025146,0.0,0.0,0.0,0.0,0.0
2040-07-10 18:00:00,0.0,0.0,0.0,0.0,0.0,38.79381250019651,0.0,0.0,0.0,0.0,0.0
2040-07-10 19:00:00,0.0,0.0,0.0,0.0,0.0,40.686312500271015,0.0,0.0,0.0,0.0,0.0
2040-07-10 20:00:00,0.0,0.0,0.0,0.0,0.0,39.960500000277534,0.0,0.0,0.0,0.0,0.0
2040-07-10 21:00:00,0.0,0.0,0.0,0.0,0.0,38.30568750028033,0.0,0.0,0.0,0.0,0.0
2040-07-10 22:00:00,0.0,0.0,0.0,0.0,0.0,36.58618750027381,0.0,0.0,0.0,0.0,0.0
2040-07-10 23:00:00,0.0,0.0,0.0,0.0,0.0,34.87100000027567,0.0,0.0,0.0,0.0,0.0
2040-07-11 00:00:00,0.0,0.0,0.0,0.0,0.0,31.480812500230968,0.0,0.0,0.0,0.0,0.0
2040-07-11 01:00:00,0.0,0.0,0.0,0.0,0.0,29.07093750021886,0.0,0.0,0.0,0.0,0.0
2040-07-11 02:00:00,0.0,0.0,0.0,0.0,0.0,26.575437500257976,0.0,0.0,0.0,0.0,0.0
2040-07-11 03:00:00,0.0,0.0,0.0,0.0,0.0,24.731437500216998,0.0,0.0,0.0,0.0,0.0
2040-07-11 04:00:00,0.0,0.0,0.0,0.0,0.0,23.2622500002617,0.0,0.0,0.0,0.0,0.0
2040-07-11 05:00:00,0.0,0.0,0.0,0.0,0.0,22.97425000020303,0.0,0.0,0.0,0.0,0.0
2040-07-11 06:00:00,0.0,0.0,0.0,0.0,0.0,24.154437500284985,0.0,0.0,0.0,0.0,0.0
2040-07-11 07:00:00,0.0,0.0,0.0,0.0,0.0,27.648250000202097,0.0,0.0,0.0,0.0,0.0
2040-07-11 08:00:00,0.0,0.0,0.0,0.0,0.0,32.55393750022631,0.0,0.0,0.0,0.0,0.0
2040-07-11 09:00:00,0.0,0.0,0.0,0.0,0.0,37.0669375002617,0.0,0.0,0.0,0.0,0.0
2040-07-11 10:00:00,0.0,0.0,0.0,0.0,0.0,38.25806250027381,0.0,0.0,0.0,0.0,0.0
2040-07-11 11:00:00,0.0,0.0,0.0,0.0,0.0,39.629687500186265,0.0,0.0,0.0,0.0,0.0
2040-07-11 12:00:00,0.0,0.0,0.0,0.0,0.0,39.43506250018254,0.0,0.0,0.0,0.0,0.0
2040-07-11 13:00:00,0.0,0.0,0.0,0.0,0.0,39.2650000002468,0.0,0.0,0.0,0.0,0.0
2040-07-11 14:00:00,0.0,0.0,0.0,0.0,0.0,38.8403750002617,0.0,0.0,0.0,0.0,0.0
2040-07-11 15:00:00,0.0,0.0,0.0,0.0,0.0,39.49831250018906,0.0,0.0,0.0,0.0,0.0
2040-07-11 16:00:00,0.0,0.0,0.0,0.0,0.0,38.35537500027567,0.0,0.0,0.0,0.0,0.0
2040-07-11 17:00:00,0.0,0.0,0.0,0.0,0.0,37.12450000026729,0.0,0.0,0.0,0.0,0.0
2040-07-11 18:00:00,0.0,0.0,0.0,0.0,0.0,39.59337500028778,0.0,0.0,0.0,0.0,0.0
2040-07-11 19:00:00,0.0,0.0,0.0,0.0,0.0,40.495500000193715,0.0,0.0,0.0,0.0,0.0
2040-07-11 20:00:00,0.0,0.0,0.0,0.0,0.0,39.32706250017509,0.0,0.0,0.0,0.0,0.0
2040-07-11 21:00:00,0.0,0.0,0.0,0.0,0.0,37.63862500025425,0.0,0.0,0.0,0.0,0.0
2040-07-11 22:00:00,0.0,0.0,0.0,0.0,0.0,35.866625000257045,0.0,0.0,0.0,0.0,0.0
2040-07-11 23:00:00,0.0,0.0,0.0,0.0,0.0,33.586000000243835,0.0,0.0,0.0,0.0,0.0
2040-07-12 00:00:00,0.0,0.0,0.0,0.0,0.0,31.185562500264496,0.0,0.0,0.0,0.0,0.0
2040-07-12 01:00:00,0.0,0.0,0.0,0.0,0.0,27.821000000229105,0.0,0.0,0.0,0.0,0.0
2040-07-12 02:00:00,0.0,0.0,0.0,0.0,0.0,25.191437500179745,0.0,0.0,0.0,0.0,0.0
2040-07-12 03:00:00,0.0,0.0,0.0,0.0,0.0,24.46856250020605,0.0,0.0,0.0,0.0,0.0
2040-07-12 04:00:00,0.0,0.0,0.0,0.0,0.0,23.765812500263564,0.0,0.0,0.0,0.0,0.0
2040-07-12 05:00:00,0.0,0.0,0.0,0.0,0.0,23.09425000019837,0.0,0.0,0.0,0.0,0.0
2040-07-12 06:00:00,0.0,0.0,0.0,0.0,0.0,24.01312500028871,0.0,0.0,0.0,0.0,0.0
2040-07-12 07:00:00,0.0,0.0,0.0,0.0,0.0,26.659562500193715,0.0,0.0,0.0,0.0,0.0
2040-07-12 08:00:00,0.0,0.0,0.0,0.0,0.0,31.0802500002319,0.0,0.0,0.0,0.0,0.0
2040-07-12 09:00:00,0.0,0.0,0.0,0.0,0.0,35.517812500242144,0.0,0.0,0.0,0.0,0.0
2040-07-12 10:00:00,0.0,0.0,0.0,0.0,0.0,36.66081250028219,0.0,0.0,0.0,0.0,0.0
2040-07-12 11:00:00,0.0,0.0,0.0,0.0,0.0,37.709625000250526,0.0,0.0,0.0,0.0,0.0
2040-07-12 12:00:00,0.0,0.0,0.0,0.0,0.0,38.51656250027008,0.0,0.0,0.0,0.0,0.0
2040-07-12 13:00:00,0.0,0.0,0.0,0.0,0.0,38.6919375002617,0.0,0.0,0.0,0.0,0.0
2040-07-12 14:00:00,0.0,0.0,0.0,0.0,0.0,38.216812500264496,0.0,0.0,0.0,0.0,0.0
2040-07-12 15:00:00,0.0,0.0,0.0,0.0,0.0,38.48562500020489,0.0,0.0,0.0,0.0,0.0
2040-07-12 16:00:00,0.0,0.0,0.0,0.0,0.0,37.63787500024773,0.0,0.0,0.0,0.0,0.0
2040-07-12 17:00:00,0.0,0.0,0.0,0.0,0.0,37.157437500194646,0.0,0.0,0.0,0.0,0.0
2040-07-12 18:00:00,0.0,0.0,0.0,0.0,0.0,39.52700000023469,0.0,0.0,0.0,0.0,0.0
2040-07-12 19:00:00,0.0,0.0,0.0,0.0,0.0,40.612062500207685,0.0,0.0,0.0,0.0,0.0
2040-07-12 20:00:00,0.0,0.0,0.0,0.0,0.0,39.07000000018161,0.0,0.0,0.0,0.0,0.0
2040-07-12 21:00:00,0.0,0.0,0.0,0.0,0.0,38.04487500025425,0.0,0.0,0.0,0.0,0.0
2040-07-12 22:00:00,0.0,0.0,0.0,0.0,0.0,36.29212500026915,0.0,0.0,0.0,0.0,0.0
2040-07-12 23:00:00,0.0,0.0,0.0,0.0,0.0,34.975250000250526,0.0,0.0,0.0,0.0,0.0
2040-07-13 00:00:00,0.0,0.0,0.0,0.0,0.0,32.80037500022445,0.0,0.0,0.0,0.0,0.0
2040-07-13 01:00:00,0.0,0.0,0.0,0.0,0.0,29.73725000023842,0.0,0.0,0.0,0.0,0.0
2040-07-13 02:00:00,0.0,0.0,0.0,0.0,0.0,27.07506250019651,0.0,0.0,0.0,0.0,0.0
2040-07-13 03:00:00,0.0,0.0,0.0,0.0,0.0,25.70787500019651,0.0,0.0,0.0,0.0,0.0
2040-07-13 04:00:00,0.0,0.0,0.0,0.0,0.0,24.66300000017509,0.0,0.0,0.0,0.0,0.0
2040-07-13 05:00:00,0.0,0.0,0.0,0.0,0.0,23.807500000228174,0.0,0.0,0.0,0.0,0.0
2040-07-13 06:00:00,0.0,0.0,0.0,0.0,0.0,23.825312500237487,0.0,0.0,0.0,0.0,0.0
2040-07-13 07:00:00,0.0,0.0,0.0,0.0,0.0,24.869562500272878,0.0,0.0,0.0,0.0,0.0
2040-07-13 08:00:00,0.0,0.0,0.0,0.0,0.0,27.441187500255182,0.0,0.0,0.0,0.0,0.0
2040-07-13 09:00:00,0.0,0.0,0.0,0.0,0.0,31.12687500019092,0.0,0.0,0.0,0.0,0.0
2040-07-13 10:00:00,0.0,0.0,0.0,0.0,0.0,33.183750000200234,0.0,0.0,0.0,0.0,0.0
2040-07-13 11:00:00,0.0,0.0,0.0,0.0,0.0,35.89356250024866,0.0,0.0,0.0,0.0,0.0
2040-07-13 12:00:00,0.0,0.0,0.0,0.0,0.0,36.67812500020955,0.0,0.0,0.0,0.0,0.0
2040-07-13 13:00:00,0.0,0.0,0.0,0.0,0.0,35.81175000022631,0.0,0.0,0.0,0.0,0.0
2040-07-13 14:00:00,0.0,0.0,0.0,0.0,0.0,34.98293750023004,0.0,0.0,0.0,0.0,0.0
2040-07-13 15:00:00,0.0,0.0,0.0,0.0,0.0,34.317187500186265,0.0,0.0,0.0,0.0,0.0
2040-07-13 16:00:00,0.0,0.0,0.0,0.0,0.0,33.635500000207685,0.0,0.0,0.0,0.0,0.0
2040-07-13 17:00:00,0.0,0.0,0.0,0.0,0.0,34.2673125002766,0.0,0.0,0.0,0.0,0.0
2040-07-13 18:00:00,0.0,0.0,0.0,0.0,0.0,37.08887500024866,0.0,0.0,0.0,0.0,0.0
2040-07-13 19:00:00,0.0,0.0,0.0,0.0,0.0,38.18787500017788,0.0,0.0,0.0,0.0,0.0
2040-07-13 20:00:00,0.0,0.0,0.0,0.0,0.0,37.902500000200234,0.0,0.0,0.0,0.0,0.0
2040-07-13 21:00:00,0.0,0.0,0.0,0.0,0.0,36.80493750027381,0.0,0.0,0.0,0.0,0.0
2040-07-13 22:00:00,0.0,0.0,0.0,0.0,0.0,35.12537500017788,0.0,0.0,0.0,0.0,0.0
2040-07-13 23:00:00,0.0,0.0,0.0,0.0,0.0,33.934812500257976,0.0,0.0,0.0,0.0,0.0
2040-07-14 00:00:00,0.0,0.0,0.0,0.0,0.0,32.01912500022445,0.0,0.0,0.0,0.0,0.0
2040-07-14 01:00:00,0.0,0.0,0.0,0.0,0.0,29.60612500028219,0.0,0.0,0.0,0.0,0.0
2040-07-14 02:00:00,0.0,0.0,0.0,0.0,0.0,26.728250000276603,0.0,0.0,0.0,0.0,0.0
2040-07-14 03:00:00,0.0,0.0,0.0,0.0,0.0,24.96293750021141,0.0,0.0,0.0,0.0,0.0
2040-07-14 04:00:00,0.0,0.0,0.0,0.0,0.0,24.14868750027381,0.0,0.0,0.0,0.0,0.0
2040-07-14 05:00:00,0.0,0.0,0.0,0.0,0.0,22.687312500202097,0.0,0.0,0.0,0.0,0.0
2040-07-14 06:00:00,0.0,0.0,0.0,0.0,0.0,22.535437500220723,0.0,0.0,0.0,0.0,0.0
2040-07-14 07:00:00,0.0,0.0,0.0,0.0,0.0,23.17356250027498,0.0,0.0,0.0,0.0,0.0
2040-07-14 08:00:00,0.0,0.0,0.0,0.0,0.0,24.133000000263564,0.0,0.0,0.0,0.0,0.0
2040-07-14 09:00:00,0.0,0.0,0.0,0.0,0.0,25.570875000208616,0.0,0.0,0.0,0.0,0.0
2040-07-14 10:00:00,0.0,0.0,0.0,0.0,0.0,26.591625000233762,0.0,0.0,0.0,0.0,0.0
2040-07-14 11:00:00,0.0,0.0,0.0,0.0,0.0,29.71143750019837,0.0,0.0,0.0,0.0,0.0
2040-07-14 12:00:00,0.0,0.0,0.0,0.0,0.0,31.876000000280328,0.0,0.0,0.0,0.0,0.0
2040-07-14 13:00:00,0.0,0.0,0.0,0.0,0.0,33.93781250028405,0.0,0.0,0.0,0.0,0.0
2040-07-14 14:00:00,0.0,0.0,0.0,0.0,0.0,34.76200000022072,0.0,0.0,0.0,0.0,0.0
2040-07-14 15:00:00,0.0,0.0,0.0,0.0,0.0,34.62056250020396,0.0,0.0,0.0,0.0,0.0
2040-07-14 16:00:00,0.0,0.0,0.0,0.0,0.0,34.16200000024401,0.0,0.0,0.0,0.0,0.0
2040-07-14 17:00:00,0.0,0.0,0.0,0.0,0.0,33.7755625002319,0.0,0.0,0.0,0.0,0.0
2040-07-14 18:00:00,0.0,0.0,0.0,0.0,0.0,36.41293750028126,0.0,0.0,0.0,0.0,0.0
2040-07-14 19:00:00,0.0,0.0,0.0,0.0,0.0,38.61075000022538,0.0,0.0,0.0,0.0,0.0
2040-07-14 20:00:00,0.0,0.0,0.0,0.0,0.0,38.39287500025239,0.0,0.0,0.0,0.0,0.0
2040-07-14 21:00:00,0.0,0.0,0.0,0.0,0.0,37.78956250019837,0.0,0.0,0.0,0.0,0.0
2040-07-14 22:00:00,0.0,0.0,0.0,0.0,0.0,36.41418750025332,0.0,0.0,0.0,0.0,0.0
2040-07-14 23:00:00,0.0,0.0,0.0,0.0,0.0,34.72237500024494,0.0,0.0,0.0,0.0,0.0
2040-07-15 00:00:00,0.0,0.0,0.0,0.0,0.0,32.57993750018068,0.0,0.0,0.0,0.0,0.0
2040-07-15 01:00:00,0.0,0.0,0.0,0.0,0.0,30.110687500215136,0.0,0.0,0.0,0.0,0.0
2040-07-15 02:00:00,0.0,0.0,0.0,0.0,0.0,27.013250000192784,0.0,0.0,0.0,0.0,0.0
2040-07-15 03:00:00,0.0,0.0,0.0,0.0,0.0,24.955500000272878,0.0,0.0,0.0,0.0,0.0
2040-07-15 04:00:00,0.0,0.0,0.0,0.0,0.0,23.822750000283122,0.0,0.0,0.0,0.0,0.0
2040-07-15 05:00:00,0.0,0.0,0.0,0.0,0.0,23.705062500201166,0.0,0.0,0.0,0.0,0.0
2040-07-15 06:00:00,0.0,0.0,0.0,0.0,0.0,24.60962500027381,0.0,0.0,0.0,0.0,0.0
2040-07-15 07:00:00,0.0,0.0,0.0,0.0,0.0,27.235812500235625,0.0,0.0,0.0,0.0,0.0
2040-07-15 08:00:00,0.0,0.0,0.0,0.0,0.0,31.368125000270084,0.0,0.0,0.0,0.0,0.0
2040-07-15 09:00:00,0.0,0.0,0.0,0.0,0.0,35.82525000022724,0.0,0.0,0.0,0.0,0.0
2040-07-15 10:00:00,0.0,0.0,0.0,0.0,0.0,38.03093750018161,0.0,0.0,0.0,0.0,0.0
2040-07-15 11:00:00,0.0,0.0,0.0,0.0,0.0,39.83968750026543,0.0,0.0,0.0,0.0,0.0
2040-07-15 12:00:00,0.0,0.0,0.0,0.0,0.0,41.16656250017695,0.0,0.0,0.0,0.0,0.0
2040-07-15 13:00:00,0.0,0.0,0.0,0.0,0.0,41.97618750028778,0.0,0.0,0.0,0.0,0.0
2040-07-15 14:00:00,0.0,0.0,0.0,0.0,0.0,41.55718750017695,0.0,0.0,0.0,0.0,0.0
2040-07-15 15:00:00,0.0,0.0,0.0,0.0,0.0,40.4630625002319,0.0,0.0,0.0,0.0,0.0
2040-07-15 16:00:00,0.0,0.0,0.0,0.0,0.0,38.827687500277534,0.0,0.0,0.0,0.0,0.0
2040-07-15 17:00:00,0.0,0.0,0.0,0.0,0.0,37.174687500228174,0.0,0.0,0.0,0.0,0.0
2040-07-15 18:00:00,0.0,0.0,0.0,0.0,0.0,39.18525000021327,0.0,0.0,0.0,0.0,0.0
2040-07-15 19:00:00,0.0,0.0,0.0,0.0,0.0,40.95081250020303,0.0,0.0,0.0,0.0,0.0
2040-07-15 20:00:00,0.0,0.0,0.0,0.0,0.0,39.0306250002468,0.0,0.0,0.0,0.0,0.0
2040-07-15 21:00:00,0.0,0.0,0.0,0.0,0.0,37.76418750023004,0.0,0.0,0.0,0.0,0.0
2040-07-15 22:00:00,0.0,0.0,0.0,0.0,0.0,35.51043750019744,0.0,0.0,0.0,0.0,0.0
2040-07-15 23:00:00,0.0,0.0,0.0,0.0,0.0,33.83918750018347,0.0,0.0,0.0,0.0,0.0
2040-07-16 00:00:00,0.0,0.0,0.0,0.0,0.0,31.118500000215136,0.0,0.0,0.0,0.0,0.0
2040-07-16 01:00:00,0.0,0.0,0.0,0.0,0.0,28.576375000178814,0.0,0.0,0.0,0.0,0.0
2040-07-16 02:00:00,0.0,0.0,0.0,0.0,0.0,26.55218750028871,0.0,0.0,0.0,0.0,0.0
2040-07-16 03:00:00,0.0,0.0,0.0,0.0,0.0,24.108500000205822,0.0,0.0,0.0,0.0,0.0
2040-07-16 04:00:00,0.0,0.0,0.0,0.0,0.0,22.89793750026729,0.0,0.0,0.0,0.0,0.0
2040-07-16 05:00:00,0.0,0.0,0.0,0.0,0.0,22.273875000188127,0.0,0.0,0.0,0.0,0.0
2040-07-16 06:00:00,0.0,0.0,0.0,0.0,0.0,22.485437500290573,0.0,0.0,0.0,0.0,0.0
2040-07-16 07:00:00,0.0,0.0,0.0,0.0,0.0,23.919500000192784,0.0,0.0,0.0,0.0,0.0
2040-07-16 08:00:00,0.0,0.0,0.0,0.0,0.0,25.373250000178814,0.0,0.0,0.0,0.0,0.0
2040-07-16 09:00:00,0.0,0.0,0.0,0.0,0.0,27.811000000219792,0.0,0.0,0.0,0.0,0.0
2040-07-16 10:00:00,0.0,0.0,0.0,0.0,0.0,29.48362500022631,0.0,0.0,0.0,0.0,0.0
2040-07-16 11:00:00,0.0,0.0,0.0,0.0,0.0,32.437062500277534,0.0,0.0,0.0,0.0,0.0
2040-07-16 12:00:00,0.0,0.0,0.0,0.0,0.0,34.53368750028312,0.0,0.0,0.0,0.0,0.0
2040-07-16 13:00:00,0.0,0.0,0.0,0.0,0.0,35.38318750017788,0.0,0.0,0.0,0.0,0.0
2040-07-16 14:00:00,0.0,0.0,0.0,0.0,0.0,35.471562500228174,0.0,0.0,0.0,0.0,0.0
2040-07-16 15:00:00,0.0,0.0,0.0,0.0,0.0,34.79787500028033,0.0,0.0,0.0,0.0,0.0
2040-07-16 16:00:00,0.0,0.0,0.0,0.0,0.0,34.20275000028778,0.0,0.0,0.0,0.0,0.0
2040-07-16 17:00:00,0.0,0.0,0.0,0.0,0.0,34.324250000179745,0.0,0.0,0.0,0.0,0.0
2040-07-16 18:00:00,0.0,0.0,0.0,0.0,0.0,37.88168750028126,0.0,0.0,0.0,0.0,0.0
2040-07-16 19:00:00,0.0,0.0,0.0,0.0,0.0,38.83931250020396,0.0,0.0,0.0,0.0,0.0
2040-07-16 20:00:00,0.0,0.0,0.0,0.0,0.0,38.17287500028033,0.0,0.0,0.0,0.0,0.0
2040-07-16 21:00:00,0.0,0.0,0.0,0.0,0.0,37.729250000207685,0.0,0.0,0.0,0.0,0.0
2040-07-16 22:00:00,0.0,0.0,0.0,0.0,0.0,35.88850000023376,0.0,0.0,0.0,0.0,0.0
2040-07-16 23:00:00,0.0,0.0,0.0,0.0,0.0,33.99093750026077,0.0,0.0,0.0,0.0,0.0
2040-07-17 00:00:00,0.0,0.0,0.0,0.0,0.0,30.804625000222586,0.0,0.0,0.0,0.0,0.0
2040-07-17 01:00:00,0.0,0.0,0.0,0.0,0.0,28.454187500289702,0.0,0.0,0.0,0.0,0.0
2040-07-17 02:00:00,0.0,0.0,0.0,0.0,0.0,25.88600000028964,0.0,0.0,0.0,0.0,0.0
2040-07-17 03:00:00,0.0,0.0,0.0,0.0,0.0,23.420937500195578,0.0,0.0,0.0,0.0,0.0
2040-07-17 04:00:00,0.0,0.0,0.0,0.0,0.0,22.362875000222566,0.0,0.0,0.0,0.0,0.0
2040-07-17 05:00:00,0.0,0.0,0.0,0.0,0.0,22.069062500263602,0.0,0.0,0.0,0.0,0.0
2040-07-17 06:00:00,0.0,0.0,0.0,0.0,0.0,24.03200000023935,0.0,0.0,0.0,0.0,0.0
2040-07-17 07:00:00,0.0,0.0,0.0,0.0,0.0,27.524250000249594,0.0,0.0,0.0,0.0,0.0
2040-07-17 08:00:00,0.0,0.0,0.0,0.0,0.0,32.7252500002506,0.0,0.0,0.0,0.0,0.0
2040-07-17 09:00:00,0.0,0.0,0.0,0.0,0.0,37.013500000234096,0.0,0.0,0.0,0.0,0.0
2040-07-17 10:00:00,0.0,0.0,0.0,0.0,0.0,38.745625000214204,0.0,0.0,0.0,0.0,0.0
2040-07-17 11:00:00,0.0,0.0,0.0,0.0,0.0,40.115375000284985,0.0,0.0,0.0,0.0,0.0
2040-07-17 12:00:00,0.0,0.0,0.0,0.0,0.0,41.15093750017695,0.0,0.0,0.0,0.0,0.0
2040-07-17 13:00:00,0.0,0.0,0.0,0.0,0.0,41.68075000029057,0.0,0.0,0.0,0.0,0.0
2040-07-17 14:00:00,0.0,0.0,0.0,0.0,0.0,40.889312500250526,0.0,0.0,0.0,0.0,0.0
2040-07-17 15:00:00,0.0,0.0,0.0,0.0,0.0,40.918000000179745,0.0,0.0,0.0,0.0,0.0
2040-07-17 16:00:00,0.0,0.0,0.0,0.0,0.0,40.104125000187196,0.0,0.0,0.0,0.0,0.0
2040-07-17 17:00:00,0.0,0.0,0.0,0.0,0.0,38.178375000250526,0.0,0.0,0.0,0.0,0.0
2040-07-17 18:00:00,0.0,0.0,0.0,0.0,0.0,40.224625000264496,0.0,0.0,0.0,0.0,0.0
2040-07-17 19:00:00,0.0,0.0,0.0,0.0,0.0,40.81062500027474,0.0,0.0,0.0,0.0,0.0
2040-07-17 20:00:00,0.0,0.0,0.0,0.0,0.0,40.037125000264496,0.0,0.0,0.0,0.0,0.0
2040-07-17 21:00:00,0.0,0.0,0.0,0.0,0.0,38.42606250022072,0.0,0.0,0.0,0.0,0.0
2040-07-17 22:00:00,0.0,0.0,0.0,0.0,0.0,36.47450000024401,0.0,0.0,0.0,0.0,0.0
2040-07-17 23:00:00,0.0,0.0,0.0,0.0,0.0,34.24631250021048,0.0,0.0,0.0,0.0,0.0
2040-07-18 00:00:00,0.0,0.0,0.0,0.0,0.0,31.402812500251457,0.0,0.0,0.0,0.0,0.0
2040-07-18 01:00:00,0.0,0.0,0.0,0.0,0.0,27.737500000279397,0.0,0.0,0.0,0.0,0.0
2040-07-18 02:00:00,0.0,0.0,0.0,0.0,0.0,25.191125000244938,0.0,0.0,0.0,0.0,0.0
2040-07-18 03:00:00,0.0,0.0,0.0,0.0,0.0,23.18068750028401,0.0,0.0,0.0,0.0,0.0
2040-07-18 04:00:00,0.0,0.0,0.0,0.0,0.0,22.717187500209548,0.0,0.0,0.0,0.0,0.0
2040-07-18 05:00:00,0.0,0.0,0.0,0.0,0.0,22.933437500265427,0.0,0.0,0.0,0.0,0.0
2040-07-18 06:00:00,0.0,0.0,0.0,0.0,0.0,24.109562500263564,0.0,0.0,0.0,0.0,0.0
2040-07-18 07:00:00,0.0,0.0,0.0,0.0,0.0,29.04562500026077,0.0,0.0,0.0,0.0,0.0
2040-07-18 08:00:00,0.0,0.0,0.0,0.0,0.0,32.48731250024866,0.0,0.0,0.0,0.0,0.0
2040-07-18 09:00:00,0.0,0.0,0.0,0.0,0.0,36.57775000028778,0.0,0.0,0.0,0.0,0.0
2040-07-18 10:00:00,0.0,0.0,0.0,0.0,0.0,37.56200000026729,0.0,0.0,0.0,0.0,0.0
2040-07-18 11:00:00,0.0,0.0,0.0,0.0,0.0,40.27725000027567,0.0,0.0,0.0,0.0,0.0
2040-07-18 12:00:00,0.0,0.0,0.0,0.0,0.0,40.828125,0.0,0.0,0.0,0.0,0.0
2040-07-18 13:00:00,0.0,0.0,0.0,0.0,0.0,40.474750000284985,0.0,0.0,0.0,0.0,0.0
2040-07-18 14:00:00,0.0,0.0,0.0,0.0,0.0,39.44162500021048,0.0,0.0,0.0,0.0,0.0
2040-07-18 15:00:00,0.0,0.0,0.0,0.0,0.0,39.99875000026077,0.0,0.0,0.0,0.0,0.0
2040-07-18 16:00:00,0.0,0.0,0.0,0.0,0.0,38.328812500229105,0.0,0.0,0.0,0.0,0.0
2040-07-18 17:00:00,0.0,0.0,0.0,0.0,0.0,36.73218750022352,0.0,0.0,0.0,0.0,0.0
2040-07-18 18:00:00,0.0,0.0,0.0,0.0,0.0,39.07393750024494,0.0,0.0,0.0,0.0,0.0
2040-07-18 19:00:00,0.0,0.0,0.0,0.0,0.0,40.133375000208616,0.0,0.0,0.0,0.0,0.0
2040-07-18 20:00:00,0.0,0.0,0.0,0.0,0.0,39.04562500026077,0.0,0.0,0.0,0.0,0.0
2040-07-18 21:00:00,0.0,0.0,0.0,0.0,0.0,37.36368750024121,0.0,0.0,0.0,0.0,0.0
2040-07-18 22:00:00,0.0,0.0,0.0,0.0,0.0,35.29412500024773,0.0,0.0,0.0,0.0,0.0
2040-07-18 23:00:00,0.0,0.0,0.0,0.0,0.0,33.46862500021234,0.0,0.0,0.0,0.0,0.0
2040-07-19 00:00:00,0.0,0.0,0.0,0.0,0.0,30.13243750028778,0.0,0.0,0.0,0.0,0.0
2040-07-19 01:00:00,0.0,0.0,0.0,0.0,0.0,27.392437500180677,0.0,0.0,0.0,0.0,0.0
2040-07-19 02:00:00,0.0,0.0,0.0,0.0,0.0,24.98250000027474,0.0,0.0,0.0,0.0,0.0
2040-07-19 03:00:00,0.0,0.0,0.0,0.0,0.0,22.748250000178814,0.0,0.0,0.0,0.0,0.0
2040-07-19 04:00:00,0.0,0.0,0.0,0.0,0.0,22.069625000236556,0.0,0.0,0.0,0.0,0.0
2040-07-19 05:00:00,0.0,0.0,0.0,0.0,0.0,22.10862500022631,0.0,0.0,0.0,0.0,0.0
2040-07-19 06:00:00,0.0,0.0,0.0,0.0,0.0,23.281437500263564,0.0,0.0,0.0,0.0,0.0
2040-07-19 07:00:00,0.0,0.0,0.0,0.0,0.0,28.279312500264496,0.0,0.0,0.0,0.0,0.0
2040-07-19 08:00:00,0.0,0.0,0.0,0.0,0.0,32.98193750018254,0.0,0.0,0.0,0.0,0.0
2040-07-19 09:00:00,0.0,0.0,0.0,0.0,0.0,37.62700000021141,0.0,0.0,0.0,0.0,0.0
2040-07-19 10:00:00,0.0,0.0,0.0,0.0,0.0,38.85981250018813,0.0,0.0,0.0,0.0,0.0
2040-07-19 11:00:00,0.0,0.0,0.0,0.0,0.0,40.507375000277534,0.0,0.0,0.0,0.0,0.0
2040-07-19 12:00:00,0.0,0.0,0.0,0.0,0.0,41.101750000263564,0.0,0.0,0.0,0.0,0.0
2040-07-19 13:00:00,0.0,0.0,0.0,0.0,0.0,41.10387500026263,0.0,0.0,0.0,0.0,0.0
2040-07-19 14:00:00,0.0,0.0,0.0,0.0,0.0,40.78800000017509,0.0,0.0,0.0,0.0,0.0
2040-07-19 15:00:00,0.0,0.0,0.0,0.0,0.0,40.707062500179745,0.0,0.0,0.0,0.0,0.0
2040-07-19 16:00:00,0.0,0.0,0.0,0.0,0.0,38.15381250018254,0.0,0.0,0.0,0.0,0.0
2040-07-19 17:00:00,0.0,0.0,0.0,0.0,0.0,36.1671875002794,0.0,0.0,0.0,0.0,0.0
2040-07-19 18:00:00,0.0,0.0,0.0,0.0,0.0,39.202562500257045,0.0,0.0,0.0,0.0,0.0
2040-07-19 19:00:00,0.0,0.0,0.0,0.0,0.0,40.37956250028219,0.0,0.0,0.0,0.0,0.0
2040-07-19 20:00:00,0.0,0.0,0.0,0.0,0.0,38.754500000271946,0.0,0.0,0.0,0.0,0.0
2040-07-19 21:00:00,0.0,0.0,0.0,0.0,0.0,37.01132486748975,0.0,0.0,0.0,0.0,0.0
2040-07-19 22:00:00,0.0,0.0,0.0,0.0,0.0,34.971340660355054,0.0,0.0,0.0,0.0,0.0
2040-07-19 23:00:00,0.0,0.0,0.0,0.0,0.0,33.275435302988626,0.0,0.0,0.0,0.0,0.0
2040-07-20 00:00:00,0.0,0.0,0.0,0.0,0.0,30.849055420141667,0.0,0.0,0.0,0.0,0.0
2040-07-20 01:00:00,0.0,0.0,0.0,0.0,0.0,28.12527319358196,0.0,0.0,0.0,0.0,0.0
2040-07-20 02:00:00,0.0,0.0,0.0,0.0,0.0,25.951269775629044,0.0,0.0,0.0,0.0,0.0
2040-07-20 03:00:00,0.0,0.0,0.0,0.0,0.0,23.96725341817364,0.0,0.0,0.0,0.0,0.0
2040-07-20 04:00:00,0.0,0.0,0.0,0.0,0.0,23.13637402362656,0.0,0.0,0.0,0.0,0.0
2040-07-20 05:00:00,0.0,0.0,0.0,0.0,0.0,22.59278857440222,0.0,0.0,0.0,0.0,0.0
2040-07-20 06:00:00,0.0,0.0,0.0,0.0,0.0,23.052407226758078,0.0,0.0,0.0,0.0,0.0
2040-07-20 07:00:00,0.0,0.0,0.0,0.0,0.0,25.96864160185214,0.0,0.0,0.0,0.0,0.0
2040-07-20 08:00:00,0.0,0.0,0.0,0.0,0.0,28.78051464864984,0.0,0.0,0.0,0.0,0.0
2040-07-20 09:00:00,0.0,0.0,0.0,0.0,0.0,32.01419531274587,0.0,0.0,0.0,0.0,0.0
2040-07-20 10:00:00,0.0,0.0,0.0,0.0,0.0,33.161636719014496,0.0,0.0,0.0,0.0,0.0
2040-07-20 11:00:00,0.0,0.0,0.0,0.0,0.0,35.01906445331406,0.0,0.0,0.0,0.0,0.0
2040-07-20 12:00:00,0.0,0.0,0.0,0.0,0.0,34.79526269552298,0.0,0.0,0.0,0.0,0.0
2040-07-20 13:00:00,0.0,0.0,0.0,0.0,0.0,35.15986132831313,0.0,0.0,0.0,0.0,0.0
2040-07-20 14:00:00,0.0,0.0,0.0,0.0,0.0,36.73895507841371,0.0,0.0,0.0,0.0,0.0
2040-07-20 15:00:00,0.0,0.0,0.0,0.0,0.0,37.54499414085876,0.0,0.0,0.0,0.0,0.0
2040-07-20 16:00:00,0.0,0.0,0.0,0.0,0.0,36.33634960965719,0.0,0.0,0.0,0.0,0.0
2040-07-20 17:00:00,0.0,0.0,0.0,0.0,0.0,35.661320312763564,0.0,0.0,0.0,0.0,0.0
2040-07-20 18:00:00,0.0,0.0,0.0,0.0,0.0,36.888812500284985,0.0,0.0,0.0,0.0,0.0
2040-07-20 19:00:00,0.0,0.0,0.0,0.0,0.0,38.581974609638564,0.0,0.0,0.0,0.0,0.0
2040-07-20 20:00:00,0.0,0.0,0.0,0.0,0.0,37.53592968778685,0.0,0.0,0.0,0.0,0.0
2040-07-20 21:00:00,0.0,0.0,0.0,0.0,0.0,36.16916601581033,0.0,0.0,0.0,0.0,0.0
2040-07-20 22:00:00,0.0,0.0,0.0,0.0,0.0,34.38324218778871,0.0,0.0,0.0,0.0,0.0
2040-07-20 23:00:00,0.0,0.0,0.0,0.0,0.0,32.542865234659985,0.0,0.0,0.0,0.0,0.0
2040-07-21 00:00:00,0.0,0.0,0.0,0.0,0.0,31.38566406269092,0.0,0.0,0.0,0.0,0.0
2040-07-21 01:00:00,0.0,0.0,0.0,0.0,0.0,28.790779297123663,0.0,0.0,0.0,0.0,0.0
2040-07-21 02:00:00,0.0,0.0,0.0,0.0,0.0,25.816162109375,0.0,0.0,0.0,0.0,0.0
2040-07-21 03:00:00,0.0,0.0,0.0,0.0,0.0,23.95361718768254,0.0,0.0,0.0,0.0,0.0
2040-07-21 04:00:00,0.0,0.0,0.0,0.0,0.0,22.619164062780328,0.0,0.0,0.0,0.0,0.0
2040-07-21 05:00:00,0.0,0.0,0.0,0.0,0.0,22.08894531277474,0.0,0.0,0.0,0.0,0.0
2040-07-21 06:00:00,0.0,0.0,0.0,0.0,0.0,22.463875000252,0.0,0.0,0.0,0.0,0.0
2040-07-21 07:00:00,0.0,0.0,0.0,0.0,0.0,22.668621093966067,0.0,0.0,0.0,0.0,0.0
2040-07-21 08:00:00,0.0,0.0,0.0,0.0,0.0,23.303195312735625,0.0,0.0,0.0,0.0,0.0
2040-07-21 09:00:00,0.0,0.0,0.0,0.0,0.0,24.564308593984055,0.0,0.0,0.0,0.0,0.0
2040-07-21 10:00:00,0.0,0.0,0.0,0.0,0.0,25.175121093983762,0.0,0.0,0.0,0.0,0.0
2040-07-21 11:00:00,0.0,0.0,0.0,0.0,0.0,27.69046484399587,0.0,0.0,0.0,0.0,0.0
2040-07-21 12:00:00,0.0,0.0,0.0,0.0,0.0,30.13757031271234,0.0,0.0,0.0,0.0,0.0
2040-07-21 13:00:00,0.0,0.0,0.0,0.0,0.0,32.48025000024781,0.0,0.0,0.0,0.0,0.0
2040-07-21 14:00:00,0.0,0.0,0.0,0.0,0.0,33.360902343993075,0.0,0.0,0.0,0.0,0.0
2040-07-21 15:00:00,0.0,0.0,0.0,0.0,0.0,33.104417969007045,0.0,0.0,0.0,0.0,0.0
2040-07-21 16:00:00,0.0,0.0,0.0,0.0,0.0,32.76676562521607,0.0,0.0,0.0,0.0,0.0
2040-07-21 17:00:00,0.0,0.0,0.0,0.0,0.0,33.10959375021048,0.0,0.0,0.0,0.0,0.0
2040-07-21 18:00:00,0.0,0.0,0.0,0.0,0.0,35.95141015644185,0.0,0.0,0.0,0.0,0.0
2040-07-21 19:00:00,0.0,0.0,0.0,0.0,0.0,37.45350000017788,0.0,0.0,0.0,0.0,0.0
2040-07-21 20:00:00,0.0,0.0,0.0,0.0,0.0,37.31640234403312,0.0,0.0,0.0,0.0,0.0
2040-07-21 21:00:00,0.0,0.0,0.0,0.0,0.0,36.76321875024587,0.0,0.0,0.0,0.0,0.0
2040-07-21 22:00:00,0.0,0.0,0.0,0.0,0.0,35.65358593768906,0.0,0.0,0.0,0.0,0.0
2040-07-21 23:00:00,0.0,0.0,0.0,0.0,0.0,32.50989990262315,0.0,0.0,0.0,0.0,0.0
2040-07-22 00:00:00,0.0,0.0,0.0,0.0,0.0,29.093654052936472,0.0,0.0,0.0,0.0,0.0
2040-07-22 01:00:00,0.0,0.0,0.0,0.0,0.0,25.951731201377697,0.0,0.0,0.0,0.0,0.0
2040-07-22 02:00:00,0.0,0.0,0.0,0.0,0.0,23.828675293247215,0.0,0.0,0.0,0.0,0.0
2040-07-22 03:00:00,0.0,0.0,0.0,0.0,0.0,22.477624023682438,0.0,0.0,0.0,0.0,0.0
2040-07-22 04:00:00,0.0,0.0,0.0,0.0,0.0,21.857976074446924,0.0,0.0,0.0,0.0,0.0
2040-07-22 05:00:00,0.0,0.0,0.0,0.0,0.0,22.145242187776603,0.0,0.0,0.0,0.0,0.0
2040-07-22 06:00:00,0.0,0.0,0.0,0.0,0.0,24.79963867214974,0.0,0.0,0.0,0.0,0.0
2040-07-22 07:00:00,0.0,0.0,0.0,0.0,0.0,29.20287792989984,0.0,0.0,0.0,0.0,0.0
2040-07-22 08:00:00,0.0,0.0,0.0,0.0,0.0,32.583910156507045,0.0,0.0,0.0,0.0,0.0
2040-07-22 09:00:00,0.0,0.0,0.0,0.0,0.0,36.56241308618337,0.0,0.0,0.0,0.0,0.0
2040-07-22 10:00:00,0.0,0.0,0.0,0.0,0.0,37.925539062707685,0.0,0.0,0.0,0.0,0.0
2040-07-22 11:00:00,0.0,0.0,0.0,0.0,0.0,39.562134765903465,0.0,0.0,0.0,0.0,0.0
2040-07-22 12:00:00,0.0,0.0,0.0,0.0,0.0,39.51036914088763,0.0,0.0,0.0,0.0,0.0
2040-07-22 13:00:00,0.0,0.0,0.0,0.0,0.0,39.36319726589136,0.0,0.0,0.0,0.0,0.0
2040-07-22 14:00:00,0.0,0.0,0.0,0.0,0.0,38.59000976581592,0.0,0.0,0.0,0.0,0.0
2040-07-22 15:00:00,0.0,0.0,0.0,0.0,0.0,38.64743554708548,0.0,0.0,0.0,0.0,0.0
2040-07-22 16:00:00,0.0,0.0,0.0,0.0,0.0,37.98183984402567,0.0,0.0,0.0,0.0,0.0
2040-07-22 17:00:00,0.0,0.0,0.0,0.0,0.0,36.54178906278685,0.0,0.0,0.0,0.0,0.0
2040-07-22 18:00:00,0.0,0.0,0.0,0.0,0.0,38.93035546899773,0.0,0.0,0.0,0.0,0.0
2040-07-22 19:00:00,0.0,0.0,0.0,0.0,0.0,40.44882031274028,0.0,0.0,0.0,0.0,0.0
2040-07-22 20:00:00,0.0,0.0,0.0,0.0,0.0,39.9319687501993,0.0,0.0,0.0,0.0,0.0
2040-07-22 21:00:00,0.0,0.0,0.0,0.0,0.0,38.49457031278871,0.0,0.0,0.0,0.0,0.0
2040-07-22 22:00:00,0.0,0.0,0.0,0.0,0.0,36.73714843776543,0.0,0.0,0.0,0.0,0.0
2040-07-22 23:00:00,0.0,0.0,0.0,0.0,0.0,33.37970703153424,0.0,0.0,0.0,0.0,0.0
2040-07-23 00:00:00,0.0,0.0,0.0,0.0,0.0,30.91662890650332,0.0,0.0,0.0,0.0,0.0
2040-07-23 01:00:00,0.0,0.0,0.0,0.0,0.0,27.951515625230968,0.0,0.0,0.0,0.0,0.0
2040-07-23 02:00:00,0.0,0.0,0.0,0.0,0.0,25.239332031458616,0.0,0.0,0.0,0.0,0.0
2040-07-23 03:00:00,0.0,0.0,0.0,0.0,0.0,23.905097656534053,0.0,0.0,0.0,0.0,0.0
2040-07-23 04:00:00,0.0,0.0,0.0,0.0,0.0,22.530238281469792,0.0,0.0,0.0,0.0,0.0
2040-07-23 05:00:00,0.0,0.0,0.0,0.0,0.0,22.043007812695578,0.0,0.0,0.0,0.0,0.0
2040-07-23 06:00:00,0.0,0.0,0.0,0.0,0.0,24.556738281506114,0.0,0.0,0.0,0.0,0.0
2040-07-23 07:00:00,0.0,0.0,0.0,0.0,0.0,30.47162500023842,0.0,0.0,0.0,0.0,0.0
2040-07-23 08:00:00,0.0,0.0,0.0,0.0,0.0,34.45145312522072,0.0,0.0,0.0,0.0,0.0
2040-07-23 09:00:00,0.0,0.0,0.0,0.0,0.0,39.426914062700234,0.0,0.0,0.0,0.0,0.0
2040-07-23 10:00:00,0.0,0.0,0.0,0.0,0.0,38.66509375022724,0.0,0.0,0.0,0.0,0.0
2040-07-23 11:00:00,0.0,0.0,0.0,0.0,0.0,39.80557812517509,0.0,0.0,0.0,0.0,0.0
2040-07-23 12:00:00,0.0,0.0,0.0,0.0,0.0,40.56022656278219,0.0,0.0,0.0,0.0,0.0
2040-07-23 13:00:00,0.0,0.0,0.0,0.0,0.0,40.428648437722586,0.0,0.0,0.0,0.0,0.0
2040-07-23 14:00:00,0.0,0.0,0.0,0.0,0.0,39.387632812722586,0.0,0.0,0.0,0.0,0.0
2040-07-23 15:00:00,0.0,0.0,0.0,0.0,0.0,39.53052343777381,0.0,0.0,0.0,0.0,0.0
2040-07-23 16:00:00,0.0,0.0,0.0,0.0,0.0,39.46414843772072,0.0,0.0,0.0,0.0,0.0
2040-07-23 17:00:00,0.0,0.0,0.0,0.0,0.0,38.3288359377766,0.0,0.0,0.0,0.0,0.0
2040-07-23 18:00:00,0.0,0.0,0.0,0.0,0.0,38.07103125017602,0.0,0.0,0.0,0.0,0.0
2040-07-23 19:00:00,0.0,0.0,0.0,0.0,0.0,42.152054687729105,0.0,0.0,0.0,0.0,0.0
2040-07-23 20:00:00,0.0,0.0,0.0,0.0,0.0,40.6987734377617,0.0,0.0,0.0,0.0,0.0
2040-07-23 21:00:00,0.0,0.0,0.0,0.0,0.0,38.86021875019651,0.0,0.0,0.0,0.0,0.0
2040-07-23 22:00:00,0.0,0.0,0.0,0.0,0.0,35.89106250018813,0.0,0.0,0.0,0.0,0.0
2040-07-23 23:00:00,0.0,0.0,0.0,0.0,0.0,32.94229687517509,0.0,0.0,0.0,0.0,0.0
2040-07-24 00:00:00,0.0,0.0,0.0,0.0,0.0,29.28798437525984,0.0,0.0,0.0,0.0,0.0
2040-07-24 01:00:00,0.0,0.0,0.0,0.0,0.0,26.223117187735625,0.0,0.0,0.0,0.0,0.0
2040-07-24 02:00:00,0.0,0.0,0.0,0.0,0.0,24.249539062730037,0.0,0.0,0.0,0.0,0.0
2040-07-24 03:00:00,0.0,0.0,0.0,0.0,0.0,23.428820312721655,0.0,0.0,0.0,0.0,0.0
2040-07-24 04:00:00,0.0,0.0,0.0,0.0,0.0,23.103218750213273,0.0,0.0,0.0,0.0,0.0
2040-07-24 05:00:00,0.0,0.0,0.0,0.0,0.0,23.221562500228174,0.0,0.0,0.0,0.0,0.0
2040-07-24 06:00:00,0.0,0.0,0.0,0.0,0.0,25.812492187716998,0.0,0.0,0.0,0.0,0.0
2040-07-24 07:00:00,0.0,0.0,0.0,0.0,0.0,31.025226562749623,0.0,0.0,0.0,0.0,0.0
2040-07-24 08:00:00,0.0,0.0,0.0,0.0,0.0,33.78719531279057,0.0,0.0,0.0,0.0,0.0
2040-07-24 09:00:00,0.0,0.0,0.0,0.0,0.0,37.70577343774494,0.0,0.0,0.0,0.0,0.0
2040-07-24 10:00:00,0.0,0.0,0.0,0.0,0.0,39.37326562521048,0.0,0.0,0.0,0.0,0.0
2040-07-24 11:00:00,0.0,0.0,0.0,0.0,0.0,39.88028906274121,0.0,0.0,0.0,0.0,0.0
2040-07-24 12:00:00,0.0,0.0,0.0,0.0,0.0,40.16890625027008,0.0,0.0,0.0,0.0,0.0
2040-07-24 13:00:00,0.0,0.0,0.0,0.0,0.0,40.78948437527288,0.0,0.0,0.0,0.0,0.0
2040-07-24 14:00:00,0.0,0.0,0.0,0.0,0.0,39.039093750179745,0.0,0.0,0.0,0.0,0.0
2040-07-24 15:00:00,0.0,0.0,0.0,0.0,0.0,38.68915625021327,0.0,0.0,0.0,0.0,0.0
2040-07-24 16:00:00,0.0,0.0,0.0,0.0,0.0,38.5759062502766,0.0,0.0,0.0,0.0,0.0
2040-07-24 17:00:00,0.0,0.0,0.0,0.0,0.0,37.929828125284985,0.0,0.0,0.0,0.0,0.0
2040-07-24 18:00:00,0.0,0.0,0.0,0.0,0.0,39.530562500236556,0.0,0.0,0.0,0.0,0.0
2040-07-24 19:00:00,0.0,0.0,0.0,0.0,0.0,41.63579687522724,0.0,0.0,0.0,0.0,0.0
2040-07-24 20:00:00,0.0,0.0,0.0,0.0,0.0,41.32026562525425,0.0,0.0,0.0,0.0,0.0
2040-07-24 21:00:00,0.0,0.0,0.0,0.0,0.0,39.47801562526729,0.0,0.0,0.0,0.0,0.0
2040-07-24 22:00:00,0.0,0.0,0.0,0.0,0.0,36.779859375208616,0.0,0.0,0.0,0.0,0.0
2040-07-24 23:00:00,0.0,0.0,0.0,0.0,0.0,34.3138281252468,0.0,0.0,0.0,0.0,0.0
2040-07-25 00:00:00,0.0,0.0,0.0,0.0,0.0,30.570421875221655,0.0,0.0,0.0,0.0,0.0
2040-07-25 01:00:00,0.0,0.0,0.0,0.0,0.0,27.501156250247732,0.0,0.0,0.0,0.0,0.0
2040-07-25 02:00:00,0.0,0.0,0.0,0.0,0.0,25.420359375188127,0.0,0.0,0.0,0.0,0.0
2040-07-25 03:00:00,0.0,0.0,0.0,0.0,0.0,24.41685937519651,0.0,0.0,0.0,0.0,0.0
2040-07-25 04:00:00,0.0,0.0,0.0,0.0,0.0,23.21439062524587,0.0,0.0,0.0,0.0,0.0
2040-07-25 05:00:00,0.0,0.0,0.0,0.0,0.0,22.571984375241723,0.0,0.0,0.0,0.0,0.0
2040-07-25 06:00:00,0.0,0.0,0.0,0.0,0.0,24.812343750265427,0.0,0.0,0.0,0.0,0.0
2040-07-25 07:00:00,0.0,0.0,0.0,0.0,0.0,29.900359375285916,0.0,0.0,0.0,0.0,0.0
2040-07-25 08:00:00,0.0,0.0,0.0,0.0,0.0,33.929000000236556,0.0,0.0,0.0,0.0,0.0
2040-07-25 09:00:00,0.0,0.0,0.0,0.0,0.0,37.342609375249594,0.0,0.0,0.0,0.0,0.0
2040-07-25 10:00:00,0.0,0.0,0.0,0.0,0.0,38.03985937521793,0.0,0.0,0.0,0.0,0.0
2040-07-25 11:00:00,0.0,0.0,0.0,0.0,0.0,40.1203125002794,0.0,0.0,0.0,0.0,0.0
2040-07-25 12:00:00,0.0,0.0,0.0,0.0,0.0,40.370703125256114,0.0,0.0,0.0,0.0,0.0
2040-07-25 13:00:00,0.0,0.0,0.0,0.0,0.0,40.5376406252617,0.0,0.0,0.0,0.0,0.0
2040-07-25 14:00:00,0.0,0.0,0.0,0.0,0.0,39.21968750027008,0.0,0.0,0.0,0.0,0.0
2040-07-25 15:00:00,0.0,0.0,0.0,0.0,0.0,38.552921875263564,0.0,0.0,0.0,0.0,0.0
2040-07-25 16:00:00,0.0,0.0,0.0,0.0,0.0,38.20515625027474,0.0,0.0,0.0,0.0,0.0
2040-07-25 17:00:00,0.0,0.0,0.0,0.0,0.0,36.93192187522072,0.0,0.0,0.0,0.0,0.0
2040-07-25 18:00:00,0.0,0.0,0.0,0.0,0.0,39.29842187522445,0.0,0.0,0.0,0.0,0.0
2040-07-25 19:00:00,0.0,0.0,0.0,0.0,0.0,41.04526562523097,0.0,0.0,0.0,0.0,0.0
2040-07-25 20:00:00,0.0,0.0,0.0,0.0,0.0,40.22115625021979,0.0,0.0,0.0,0.0,0.0
2040-07-25 21:00:00,0.0,0.0,0.0,0.0,0.0,38.186156250187196,0.0,0.0,0.0,0.0,0.0
2040-07-25 22:00:00,0.0,0.0,0.0,0.0,0.0,35.98857812525239,0.0,0.0,0.0,0.0,0.0
2040-07-25 23:00:00,0.0,0.0,0.0,0.0,0.0,33.39590625022538,0.0,0.0,0.0,0.0,0.0
2040-07-26 00:00:00,0.0,0.0,0.0,0.0,0.0,30.079109375248663,0.0,0.0,0.0,0.0,0.0
2040-07-26 01:00:00,0.0,0.0,0.0,0.0,0.0,27.41156250028871,0.0,0.0,0.0,0.0,0.0
2040-07-26 02:00:00,0.0,0.0,0.0,0.0,0.0,25.3647500001826,0.0,0.0,0.0,0.0,0.0
2040-07-26 03:00:00,0.0,0.0,0.0,0.0,0.0,24.356953125214204,0.0,0.0,0.0,0.0,0.0
2040-07-26 04:00:00,0.0,0.0,0.0,0.0,0.0,24.147656250279397,0.0,0.0,0.0,0.0,0.0
2040-07-26 05:00:00,0.0,0.0,0.0,0.0,0.0,24.378515625256114,0.0,0.0,0.0,0.0,0.0
2040-07-26 06:00:00,0.0,0.0,0.0,0.0,0.0,26.231156250229105,0.0,0.0,0.0,0.0,0.0
2040-07-26 07:00:00,0.0,0.0,0.0,0.0,0.0,32.22195312520489,0.0,0.0,0.0,0.0,0.0
2040-07-26 08:00:00,0.0,0.0,0.0,0.0,0.0,36.830265625263564,0.0,0.0,0.0,0.0,0.0
2040-07-26 09:00:00,0.0,0.0,0.0,0.0,0.0,40.15148437523749,0.0,0.0,0.0,0.0,0.0
2040-07-26 10:00:00,0.0,0.0,0.0,0.0,0.0,41.104859375278465,0.0,0.0,0.0,0.0,0.0
2040-07-26 11:00:00,0.0,0.0,0.0,0.0,0.0,42.908359375200234,0.0,0.0,0.0,0.0,0.0
2040-07-26 12:00:00,0.0,0.0,0.0,0.0,0.0,43.65593750018161,0.0,0.0,0.0,0.0,0.0
2040-07-26 13:00:00,0.0,0.0,0.0,0.0,0.0,43.573781250277534,0.0,0.0,0.0,0.0,0.0
2040-07-26 14:00:00,0.0,0.0,0.0,0.0,0.0,42.72157812525984,0.0,0.0,0.0,0.0,0.0
2040-07-26 15:00:00,0.0,0.0,0.0,0.0,0.0,42.48357812524773,0.0,0.0,0.0,0.0,0.0
2040-07-26 16:00:00,0.0,0.0,0.0,0.0,0.0,40.35892187524587,0.0,0.0,0.0,0.0,0.0
2040-07-26 17:00:00,0.0,0.0,0.0,0.0,0.0,38.4880937502021,0.0,0.0,0.0,0.0,0.0
2040-07-26 18:00:00,0.0,0.0,0.0,0.0,0.0,40.62396875023842,0.0,0.0,0.0,0.0,0.0
2040-07-26 19:00:00,0.0,0.0,0.0,0.0,0.0,42.39357812528033,0.0,0.0,0.0,0.0,0.0
2040-07-26 20:00:00,0.0,0.0,0.0,0.0,0.0,41.074281250243075,0.0,0.0,0.0,0.0,0.0
2040-07-26 21:00:00,0.0,0.0,0.0,0.0,0.0,39.522750000236556,0.0,0.0,0.0,0.0,0.0
2040-07-26 22:00:00,0.0,0.0,0.0,0.0,0.0,37.96578125027008,0.0,0.0,0.0,0.0,0.0
2040-07-26 23:00:00,0.0,0.0,0.0,0.0,0.0,36.12434375018347,0.0,0.0,0.0,0.0,0.0
2040-07-27 00:00:00,0.0,0.0,0.0,0.0,0.0,32.53814062522724,0.0,0.0,0.0,0.0,0.0
2040-07-27 01:00:00,0.0,0.0,0.0,0.0,0.0,29.621078125201166,0.0,0.0,0.0,0.0,0.0
2040-07-27 02:00:00,0.0,0.0,0.0,0.0,0.0,27.515343750244938,0.0,0.0,0.0,0.0,0.0
2040-07-27 03:00:00,0.0,0.0,0.0,0.0,0.0,25.75050000019837,0.0,0.0,0.0,0.0,0.0
2040-07-27 04:00:00,0.0,0.0,0.0,0.0,0.0,24.63143750024028,0.0,0.0,0.0,0.0,0.0
2040-07-27 05:00:00,0.0,0.0,0.0,0.0,0.0,24.09728125028778,0.0,0.0,0.0,0.0,0.0
2040-07-27 06:00:00,0.0,0.0,0.0,0.0,0.0,24.217656250228174,0.0,0.0,0.0,0.0,0.0
2040-07-27 07:00:00,0.0,0.0,0.0,0.0,0.0,27.407968750223517,0.0,0.0,0.0,0.0,0.0
2040-07-27 08:00:00,0.0,0.0,0.0,0.0,0.0,29.90425000025425,0.0,0.0,0.0,0.0,0.0
2040-07-27 09:00:00,0.0,0.0,0.0,0.0,0.0,32.86781250021886,0.0,0.0,0.0,0.0,0.0
2040-07-27 10:00:00,0.0,0.0,0.0,0.0,0.0,35.410312500200234,0.0,0.0,0.0,0.0,0.0
2040-07-27 11:00:00,0.0,0.0,0.0,0.0,0.0,38.91709375020582,0.0,0.0,0.0,0.0,0.0
2040-07-27 12:00:00,0.0,0.0,0.0,0.0,0.0,40.25150000024587,0.0,0.0,0.0,0.0,0.0
2040-07-27 13:00:00,0.0,0.0,0.0,0.0,0.0,40.39125000021886,0.0,0.0,0.0,0.0,0.0
2040-07-27 14:00:00,0.0,0.0,0.0,0.0,0.0,40.330843750271015,0.0,0.0,0.0,0.0,0.0
2040-07-27 15:00:00,0.0,0.0,0.0,0.0,0.0,39.67993750027381,0.0,0.0,0.0,0.0,0.0
2040-07-27 16:00:00,0.0,0.0,0.0,0.0,0.0,37.77734375,0.0,0.0,0.0,0.0,0.0
2040-07-27 17:00:00,0.0,0.0,0.0,0.0,0.0,36.79921875020955,0.0,0.0,0.0,0.0,0.0
2040-07-27 18:00:00,0.0,0.0,0.0,0.0,0.0,38.42853125021793,0.0,0.0,0.0,0.0,0.0
2040-07-27 19:00:00,0.0,0.0,0.0,0.0,0.0,40.48400000028778,0.0,0.0,0.0,0.0,0.0
2040-07-27 20:00:00,0.0,0.0,0.0,0.0,0.0,39.70234375027954,0.0,0.0,0.0,0.0,0.0
2040-07-27 21:00:00,0.0,0.0,0.0,0.0,0.0,38.19515625026543,0.0,0.0,0.0,0.0,0.0
2040-07-27 22:00:00,0.0,0.0,0.0,0.0,0.0,36.59325000026729,0.0,0.0,0.0,0.0,0.0
2040-07-27 23:00:00,0.0,0.0,0.0,0.0,0.0,34.54637500026729,0.0,0.0,0.0,0.0,0.0
2040-07-28 00:00:00,0.0,0.0,0.0,0.0,0.0,32.26796875020955,0.0,0.0,0.0,0.0,0.0
2040-07-28 01:00:00,0.0,0.0,0.0,0.0,0.0,29.280781250214204,0.0,0.0,0.0,0.0,0.0
2040-07-28 02:00:00,0.0,0.0,0.0,0.0,0.0,26.95790625025984,0.0,0.0,0.0,0.0,0.0
2040-07-28 03:00:00,0.0,0.0,0.0,0.0,0.0,25.285125000285916,0.0,0.0,0.0,0.0,0.0
2040-07-28 04:00:00,0.0,0.0,0.0,0.0,0.0,24.002593750250526,0.0,0.0,0.0,0.0,0.0
2040-07-28 05:00:00,0.0,0.0,0.0,0.0,0.0,22.936187500250526,0.0,0.0,0.0,0.0,0.0
2040-07-28 06:00:00,0.0,0.0,0.0,0.0,0.0,22.524875000235625,0.0,0.0,0.0,0.0,0.0
2040-07-28 07:00:00,0.0,0.0,0.0,0.0,0.0,22.973062500241213,0.0,0.0,0.0,0.0,0.0
2040-07-28 08:00:00,0.0,0.0,0.0,0.0,0.0,23.990843750187196,0.0,0.0,0.0,0.0,0.0
2040-07-28 09:00:00,0.0,0.0,0.0,0.0,0.0,25.458812500233762,0.0,0.0,0.0,0.0,0.0
2040-07-28 10:00:00,0.0,0.0,0.0,0.0,0.0,27.438812500215136,0.0,0.0,0.0,0.0,0.0
2040-07-28 11:00:00,0.0,0.0,0.0,0.0,0.0,30.82493750017602,0.0,0.0,0.0,0.0,0.0
2040-07-28 12:00:00,0.0,0.0,0.0,0.0,0.0,33.35746875021141,0.0,0.0,0.0,0.0,0.0
2040-07-28 13:00:00,0.0,0.0,0.0,0.0,0.0,34.868156250217,0.0,0.0,0.0,0.0,0.0
2040-07-28 14:00:00,0.0,0.0,0.0,0.0,0.0,35.08562500018161,0.0,0.0,0.0,0.0,0.0
2040-07-28 15:00:00,0.0,0.0,0.0,0.0,0.0,35.31396875018126,0.0,0.0,0.0,0.0,0.0
2040-07-28 16:00:00,0.0,0.0,0.0,0.0,0.0,34.31325000023935,0.0,0.0,0.0,0.0,0.0
2040-07-28 17:00:00,0.0,0.0,0.0,0.0,0.0,33.40634375018999,0.0,0.0,0.0,0.0,0.0
2040-07-28 18:00:00,0.0,0.0,0.0,0.0,0.0,35.70356250018813,0.0,0.0,0.0,0.0,0.0
2040-07-28 19:00:00,0.0,0.0,0.0,0.0,0.0,39.76637500023935,0.0,0.0,0.0,0.0,0.0
2040-07-28 20:00:00,0.0,0.0,0.0,0.0,0.0,39.772125000250526,0.0,0.0,0.0,0.0,0.0
2040-07-28 21:00:00,0.0,0.0,0.0,0.0,0.0,39.20121875021141,0.0,0.0,0.0,0.0,0.0
2040-07-28 22:00:00,0.0,0.0,0.0,0.0,0.0,37.10390625020955,0.0,0.0,0.0,0.0,0.0
2040-07-28 23:00:00,0.0,0.0,0.0,0.0,0.0,34.024625000194646,0.0,0.0,0.0,0.0,0.0
2040-07-29 00:00:00,0.0,0.0,0.0,0.0,0.0,30.442218750249594,0.0,0.0,0.0,0.0,0.0
2040-07-29 01:00:00,0.0,0.0,0.0,0.0,0.0,26.965750000206754,0.0,0.0,0.0,0.0,0.0
2040-07-29 02:00:00,0.0,0.0,0.0,0.0,0.0,23.790843750233762,0.0,0.0,0.0,0.0,0.0
2040-07-29 03:00:00,0.0,0.0,0.0,0.0,0.0,22.790156250236528,0.0,0.0,0.0,0.0,0.0
2040-07-29 04:00:00,0.0,0.0,0.0,0.0,0.0,22.695625000284053,0.0,0.0,0.0,0.0,0.0
2040-07-29 05:00:00,0.0,0.0,0.0,0.0,0.0,23.30006250028964,0.0,0.0,0.0,0.0,0.0
2040-07-29 06:00:00,0.0,0.0,0.0,0.0,0.0,25.17209375021048,0.0,0.0,0.0,0.0,0.0
2040-07-29 07:00:00,0.0,0.0,0.0,0.0,0.0,30.525500000221655,0.0,0.0,0.0,0.0,0.0
2040-07-29 08:00:00,0.0,0.0,0.0,0.0,0.0,34.81290625024121,0.0,0.0,0.0,0.0,0.0
2040-07-29 09:00:00,0.0,0.0,0.0,0.0,0.0,38.8292500001844,0.0,0.0,0.0,0.0,0.0
2040-07-29 10:00:00,0.0,0.0,0.0,0.0,0.0,39.073781250277534,0.0,0.0,0.0,0.0,0.0
2040-07-29 11:00:00,0.0,0.0,0.0,0.0,0.0,40.706343750236556,0.0,0.0,0.0,0.0,0.0
2040-07-29 12:00:00,0.0,0.0,0.0,0.0,0.0,41.137906250194646,0.0,0.0,0.0,0.0,0.0
2040-07-29 13:00:00,0.0,0.0,0.0,0.0,0.0,40.72962500026915,0.0,0.0,0.0,0.0,0.0
2040-07-29 14:00:00,0.0,0.0,0.0,0.0,0.0,39.580718750250526,0.0,0.0,0.0,0.0,0.0
2040-07-29 15:00:00,0.0,0.0,0.0,0.0,0.0,39.677750000264496,0.0,0.0,0.0,0.0,0.0
2040-07-29 16:00:00,0.0,0.0,0.0,0.0,0.0,39.74053125025239,0.0,0.0,0.0,0.0,0.0
2040-07-29 17:00:00,0.0,0.0,0.0,0.0,0.0,38.31934375024866,0.0,0.0,0.0,0.0,0.0
2040-07-29 18:00:00,0.0,0.0,0.0,0.0,0.0,40.386281250277534,0.0,0.0,0.0,0.0,0.0
2040-07-29 19:00:00,0.0,0.0,0.0,0.0,0.0,43.09815625019837,0.0,0.0,0.0,0.0,0.0
2040-07-29 20:00:00,0.0,0.0,0.0,0.0,0.0,41.82190625020303,0.0,0.0,0.0,0.0,0.0
2040-07-29 21:00:00,0.0,0.0,0.0,0.0,0.0,39.43084375024773,0.0,0.0,0.0,0.0,0.0
2040-07-29 22:00:00,0.0,0.0,0.0,0.0,0.0,36.885500000207685,0.0,0.0,0.0,0.0,0.0
2040-07-29 23:00:00,0.0,0.0,0.0,0.0,0.0,34.47556250018533,0.0,0.0,0.0,0.0,0.0
2040-07-30 00:00:00,0.0,0.0,0.0,0.0,0.0,30.536187500229534,0.0,0.0,0.0,0.0,0.0
2040-07-30 01:00:00,0.0,0.0,0.0,0.0,0.0,27.58343750028871,0.0,0.0,0.0,0.0,0.0
2040-07-30 02:00:00,0.0,0.0,0.0,0.0,0.0,25.296437500277534,0.0,0.0,0.0,0.0,0.0
2040-07-30 03:00:00,0.0,0.0,0.0,0.0,0.0,24.413156250258908,0.0,0.0,0.0,0.0,0.0
2040-07-30 04:00:00,0.0,0.0,0.0,0.0,0.0,23.729281250271015,0.0,0.0,0.0,0.0,0.0
2040-07-30 05:00:00,0.0,0.0,0.0,0.0,0.0,23.766093750251493,0.0,0.0,0.0,0.0,0.0
2040-07-30 06:00:00,0.0,0.0,0.0,0.0,0.0,26.43625000026077,0.0,0.0,0.0,0.0,0.0
2040-07-30 07:00:00,0.0,0.0,0.0,0.0,0.0,32.42928125022445,0.0,0.0,0.0,0.0,0.0
2040-07-30 08:00:00,0.0,0.0,0.0,0.0,0.0,36.94034375017509,0.0,0.0,0.0,0.0,0.0
2040-07-30 09:00:00,0.0,0.0,0.0,0.0,0.0,42.44565625023097,0.0,0.0,0.0,0.0,0.0
2040-07-30 10:00:00,0.0,0.0,0.0,0.0,0.0,43.26343750022352,0.0,0.0,0.0,0.0,0.0
2040-07-30 11:00:00,0.0,0.0,0.0,0.0,0.0,44.640187500277534,0.0,0.0,0.0,0.0,0.0
2040-07-30 12:00:00,0.0,0.0,0.0,0.0,0.0,45.1183125001844,0.0,0.0,0.0,0.0,0.0
2040-07-30 13:00:00,0.0,0.0,0.0,0.0,0.0,44.40931250026915,0.0,0.0,0.0,0.0,0.0
2040-07-30 14:00:00,0.0,0.0,0.0,0.0,0.0,43.52581250027288,0.0,0.0,0.0,0.0,0.0
2040-07-30 15:00:00,0.0,0.0,0.0,0.0,0.0,43.39009375020396,0.0,0.0,0.0,0.0,0.0
2040-07-30 16:00:00,0.0,0.0,0.0,0.0,0.0,41.77650000026915,0.0,0.0,0.0,0.0,0.0
2040-07-30 17:00:00,0.0,0.0,0.0,0.0,0.0,39.71571875025984,0.0,0.0,0.0,0.0,0.0
2040-07-30 18:00:00,0.0,0.0,0.0,0.0,0.0,41.06021875026636,0.0,0.0,0.0,0.0,0.0
2040-07-30 19:00:00,0.0,0.0,0.0,0.0,0.0,42.73968750028894,0.0,0.0,0.0,0.0,0.0
2040-07-30 20:00:00,0.0,0.0,0.0,0.0,0.0,41.74281250021886,0.0,0.0,0.0,0.0,0.0
2040-07-30 21:00:00,0.0,0.0,0.0,0.0,0.0,40.040593750192784,0.0,0.0,0.0,0.0,0.0
2040-07-30 22:00:00,0.0,0.0,0.0,0.0,0.0,38.187656250200234,0.0,0.0,0.0,0.0,0.0
2040-07-30 23:00:00,0.0,0.0,0.0,0.0,0.0,35.5421875002794,0.0,0.0,0.0,0.0,0.0
2040-07-31 00:00:00,0.0,0.0,0.0,0.0,0.0,31.629906250280328,0.0,0.0,0.0,0.0,0.0
2040-07-31 01:00:00,0.0,0.0,0.0,0.0,0.0,28.380062500247732,0.0,0.0,0.0,0.0,0.0
2040-07-31 02:00:00,0.0,0.0,0.0,0.0,0.0,26.139781250269152,0.0,0.0,0.0,0.0,0.0
2040-07-31 03:00:00,0.0,0.0,0.0,0.0,0.0,24.676375000271946,0.0,0.0,0.0,0.0,0.0
2040-07-31 04:00:00,0.0,0.0,0.0,0.0,0.0,23.678843750269152,0.0,0.0,0.0,0.0,0.0
2040-07-31 05:00:00,0.0,0.0,0.0,0.0,0.0,23.741000000277634,0.0,0.0,0.0,0.0,0.0
2040-07-31 06:00:00,0.0,0.0,0.0,0.0,0.0,25.795906250248663,0.0,0.0,0.0,0.0,0.0
2040-07-31 07:00:00,0.0,0.0,0.0,0.0,0.0,31.30846875021234,0.0,0.0,0.0,0.0,0.0
2040-07-31 08:00:00,0.0,0.0,0.0,0.0,0.0,35.27859375020489,0.0,0.0,0.0,0.0,0.0
2040-07-31 09:00:00,0.0,0.0,0.0,0.0,0.0,40.05065625021234,0.0,0.0,0.0,0.0,0.0
2040-07-31 10:00:00,0.0,0.0,0.0,0.0,0.0,40.879718750249594,0.0,0.0,0.0,0.0,0.0
2040-07-31 11:00:00,0.0,0.0,0.0,0.0,0.0,42.220718750264496,0.0,0.0,0.0,0.0,0.0
2040-07-31 12:00:00,0.0,0.0,0.0,0.0,0.0,42.6583750002319,0.0,0.0,0.0,0.0,0.0
2040-07-31 13:00:00,0.0,0.0,0.0,0.0,0.0,42.19993750017602,0.0,0.0,0.0,0.0,0.0
2040-07-31 14:00:00,0.0,0.0,0.0,0.0,0.0,41.118000000249594,0.0,0.0,0.0,0.0,0.0
2040-07-31 15:00:00,0.0,0.0,0.0,0.0,0.0,41.78718750027474,0.0,0.0,0.0,0.0,0.0
2040-07-31 16:00:00,0.0,0.0,0.0,0.0,0.0,41.53562500025146,0.0,0.0,0.0,0.0,0.0
2040-07-31 17:00:00,0.0,0.0,0.0,0.0,0.0,40.55278125021141,0.0,0.0,0.0,0.0,0.0
2040-07-31 18:00:00,0.0,0.0,0.0,0.0,0.0,41.9295000002021,0.0,0.0,0.0,0.0,0.0
2040-07-31 19:00:00,0.0,0.0,0.0,0.0,0.0,43.046312500257045,0.0,0.0,0.0,0.0,0.0
2040-07-31 20:00:00,0.0,0.0,0.0,0.0,0.0,41.80881250021048,0.0,0.0,0.0,0.0,0.0
2040-07-31 21:00:00,0.0,0.0,0.0,0.0,0.0,39.601500000222586,0.0,0.0,0.0,0.0,0.0
2040-07-31 22:00:00,0.0,0.0,0.0,0.0,0.0,37.469656250206754,0.0,0.0,0.0,0.0,0.0
2040-07-31 23:00:00,0.0,0.0,0.0,0.0,0.0,34.89731250028126,0.0,0.0,0.0,0.0,0.0
2040-08-01 00:00:00,0.0,0.0,0.0,0.0,0.0,31.531031250255182,0.0,0.0,0.0,0.0,0.0
2040-08-01 01:00:00,0.0,0.0,0.0,0.0,0.0,28.14250000019092,0.0,0.0,0.0,0.0,0.0
2040-08-01 02:00:00,0.0,0.0,0.0,0.0,0.0,25.94406250026077,0.0,0.0,0.0,0.0,0.0
2040-08-01 03:00:00,0.0,0.0,0.0,0.0,0.0,24.64581250026822,0.0,0.0,0.0,0.0,0.0
2040-08-01 04:00:00,0.0,0.0,0.0,0.0,0.0,24.032250000280328,0.0,0.0,0.0,0.0,0.0
2040-08-01 05:00:00,0.0,0.0,0.0,0.0,0.0,24.254343750188127,0.0,0.0,0.0,0.0,0.0
2040-08-01 06:00:00,0.0,0.0,0.0,0.0,0.0,27.192625000257976,0.0,0.0,0.0,0.0,0.0
2040-08-01 07:00:00,0.0,0.0,0.0,0.0,0.0,32.41900000022724,0.0,0.0,0.0,0.0,0.0
2040-08-01 08:00:00,0.0,0.0,0.0,0.0,0.0,36.42062500026077,0.0,0.0,0.0,0.0,0.0
2040-08-01 09:00:00,0.0,0.0,0.0,0.0,0.0,40.70662500022445,0.0,0.0,0.0,0.0,0.0
2040-08-01 10:00:00,0.0,0.0,0.0,0.0,0.0,41.66187500022352,0.0,0.0,0.0,0.0,0.0
2040-08-01 11:00:00,0.0,0.0,0.0,0.0,0.0,42.52975000021979,0.0,0.0,0.0,0.0,0.0
2040-08-01 12:00:00,0.0,0.0,0.0,0.0,0.0,43.21843750018161,0.0,0.0,0.0,0.0,0.0
2040-08-01 13:00:00,0.0,0.0,0.0,0.0,0.0,42.904937500250526,0.0,0.0,0.0,0.0,0.0
2040-08-01 14:00:00,0.0,0.0,0.0,0.0,0.0,41.60618750017602,0.0,0.0,0.0,0.0,0.0
2040-08-01 15:00:00,0.0,0.0,0.0,0.0,0.0,41.582625000271946,0.0,0.0,0.0,0.0,0.0
2040-08-01 16:00:00,0.0,0.0,0.0,0.0,0.0,41.06743750022724,0.0,0.0,0.0,0.0,0.0
2040-08-01 17:00:00,0.0,0.0,0.0,0.0,0.0,39.944625000236556,0.0,0.0,0.0,0.0,0.0
2040-08-01 18:00:00,0.0,0.0,0.0,0.0,0.0,40.86356250022072,0.0,0.0,0.0,0.0,0.0
2040-08-01 19:00:00,0.0,0.0,0.0,0.0,0.0,42.271500000264496,0.0,0.0,0.0,0.0,0.0
2040-08-01 20:00:00,0.0,0.0,0.0,0.0,0.0,41.047562500229105,0.0,0.0,0.0,0.0,0.0
2040-08-01 21:00:00,0.0,0.0,0.0,0.0,0.0,39.40518750017509,0.0,0.0,0.0,0.0,0.0
2040-08-01 22:00:00,0.0,0.0,0.0,0.0,0.0,37.65950000018347,0.0,0.0,0.0,0.0,0.0
2040-08-01 23:00:00,0.0,0.0,0.0,0.0,0.0,35.73687500017695,0.0,0.0,0.0,0.0,0.0
2040-08-02 00:00:00,0.0,0.0,0.0,0.0,0.0,32.14931250025984,0.0,0.0,0.0,0.0,0.0
2040-08-02 01:00:00,0.0,0.0,0.0,0.0,0.0,28.606687500257976,0.0,0.0,0.0,0.0,0.0
2040-08-02 02:00:00,0.0,0.0,0.0,0.0,0.0,25.940312500228174,0.0,0.0,0.0,0.0,0.0
2040-08-02 03:00:00,0.0,0.0,0.0,0.0,0.0,24.440062500187196,0.0,0.0,0.0,0.0,0.0
2040-08-02 04:00:00,0.0,0.0,0.0,0.0,0.0,23.768687500269152,0.0,0.0,0.0,0.0,0.0
2040-08-02 05:00:00,0.0,0.0,0.0,0.0,0.0,23.754062500200234,0.0,0.0,0.0,0.0,0.0
2040-08-02 06:00:00,0.0,0.0,0.0,0.0,0.0,25.84637500019744,0.0,0.0,0.0,0.0,0.0
2040-08-02 07:00:00,0.0,0.0,0.0,0.0,0.0,30.634250000235625,0.0,0.0,0.0,0.0,0.0
2040-08-02 08:00:00,0.0,0.0,0.0,0.0,0.0,34.4603125002468,0.0,0.0,0.0,0.0,0.0
2040-08-02 09:00:00,0.0,0.0,0.0,0.0,0.0,38.499937500222586,0.0,0.0,0.0,0.0,0.0
2040-08-02 10:00:00,0.0,0.0,0.0,0.0,0.0,39.94581250019837,0.0,0.0,0.0,0.0,0.0
2040-08-02 11:00:00,0.0,0.0,0.0,0.0,0.0,40.6946875002468,0.0,0.0,0.0,0.0,0.0
2040-08-02 12:00:00,0.0,0.0,0.0,0.0,0.0,41.186812500236556,0.0,0.0,0.0,0.0,0.0
2040-08-02 13:00:00,0.0,0.0,0.0,0.0,0.0,41.438937500235625,0.0,0.0,0.0,0.0,0.0
2040-08-02 14:00:00,0.0,0.0,0.0,0.0,0.0,41.80193750024773,0.0,0.0,0.0,0.0,0.0
2040-08-02 15:00:00,0.0,0.0,0.0,0.0,0.0,42.18675000022631,0.0,0.0,0.0,0.0,0.0
2040-08-02 16:00:00,0.0,0.0,0.0,0.0,0.0,41.55762500024866,0.0,0.0,0.0,0.0,0.0
2040-08-02 17:00:00,0.0,0.0,0.0,0.0,0.0,39.984437500243075,0.0,0.0,0.0,0.0,0.0
2040-08-02 18:00:00,0.0,0.0,0.0,0.0,0.0,42.02250000019558,0.0,0.0,0.0,0.0,0.0
2040-08-02 19:00:00,0.0,0.0,0.0,0.0,0.0,42.33637500018813,0.0,0.0,0.0,0.0,0.0
2040-08-02 20:00:00,0.0,0.0,0.0,0.0,0.0,40.82593750022352,0.0,0.0,0.0,0.0,0.0
2040-08-02 21:00:00,0.0,0.0,0.0,0.0,0.0,39.2884375002468,0.0,0.0,0.0,0.0,0.0
2040-08-02 22:00:00,0.0,0.0,0.0,0.0,0.0,37.580812500207685,0.0,0.0,0.0,0.0,0.0
2040-08-02 23:00:00,0.0,0.0,0.0,0.0,0.0,35.76456250017509,0.0,0.0,0.0,0.0,0.0
2040-08-03 00:00:00,0.0,0.0,0.0,0.0,0.0,33.227312500239535,0.0,0.0,0.0,0.0,0.0
2040-08-03 01:00:00,0.0,0.0,0.0,0.0,0.0,30.163187500205822,0.0,0.0,0.0,0.0,0.0
2040-08-03 02:00:00,0.0,0.0,0.0,0.0,0.0,27.21612500026822,0.0,0.0,0.0,0.0,0.0
2040-08-03 03:00:00,0.0,0.0,0.0,0.0,0.0,25.38737500028219,0.0,0.0,0.0,0.0,0.0
2040-08-03 04:00:00,0.0,0.0,0.0,0.0,0.0,24.518937500193715,0.0,0.0,0.0,0.0,0.0
2040-08-03 05:00:00,0.0,0.0,0.0,0.0,0.0,24.369375000242144,0.0,0.0,0.0,0.0,0.0
2040-08-03 06:00:00,0.0,0.0,0.0,0.0,0.0,24.635250000283122,0.0,0.0,0.0,0.0,0.0
2040-08-03 07:00:00,0.0,0.0,0.0,0.0,0.0,26.093312500277534,0.0,0.0,0.0,0.0,0.0
2040-08-03 08:00:00,0.0,0.0,0.0,0.0,0.0,29.0540625002468,0.0,0.0,0.0,0.0,0.0
2040-08-03 09:00:00,0.0,0.0,0.0,0.0,0.0,32.167937500285916,0.0,0.0,0.0,0.0,0.0
2040-08-03 10:00:00,0.0,0.0,0.0,0.0,0.0,34.67600000021048,0.0,0.0,0.0,0.0,0.0
2040-08-03 11:00:00,0.0,0.0,0.0,0.0,0.0,37.25612500018906,0.0,0.0,0.0,0.0,0.0
2040-08-03 12:00:00,0.0,0.0,0.0,0.0,0.0,38.789875000249594,0.0,0.0,0.0,0.0,0.0
2040-08-03 13:00:00,0.0,0.0,0.0,0.0,0.0,40.031437500263564,0.0,0.0,0.0,0.0,0.0
2040-08-03 14:00:00,0.0,0.0,0.0,0.0,0.0,39.64793750026729,0.0,0.0,0.0,0.0,0.0
2040-08-03 15:00:00,0.0,0.0,0.0,0.0,0.0,39.02112500020303,0.0,0.0,0.0,0.0,0.0
2040-08-03 16:00:00,0.0,0.0,0.0,0.0,0.0,38.27743750018999,0.0,0.0,0.0,0.0,0.0
2040-08-03 17:00:00,0.0,0.0,0.0,0.0,0.0,37.44693750026636,0.0,0.0,0.0,0.0,0.0
2040-08-03 18:00:00,0.0,0.0,0.0,0.0,0.0,39.19775000028312,0.0,0.0,0.0,0.0,0.0
2040-08-03 19:00:00,0.0,0.0,0.0,0.0,0.0,40.9341250002617,0.0,0.0,0.0,0.0,0.0
2040-08-03 20:00:00,0.0,0.0,0.0,0.0,0.0,40.40206250024494,0.0,0.0,0.0,0.0,0.0
2040-08-03 21:00:00,0.0,0.0,0.0,0.0,0.0,38.315812500193715,0.0,0.0,0.0,0.0,0.0
2040-08-03 22:00:00,0.0,0.0,0.0,0.0,0.0,36.55281250027474,0.0,0.0,0.0,0.0,0.0
2040-08-03 23:00:00,0.0,0.0,0.0,0.0,0.0,34.74131250020582,0.0,0.0,0.0,0.0,0.0
2040-08-04 00:00:00,0.0,0.0,0.0,0.0,0.0,32.43593750020955,0.0,0.0,0.0,0.0,0.0
2040-08-04 01:00:00,0.0,0.0,0.0,0.0,0.0,30.207000000285916,0.0,0.0,0.0,0.0,0.0
2040-08-04 02:00:00,0.0,0.0,0.0,0.0,0.0,27.443375000264496,0.0,0.0,0.0,0.0,0.0
2040-08-04 03:00:00,0.0,0.0,0.0,0.0,0.0,25.161875000223517,0.0,0.0,0.0,0.0,0.0
2040-08-04 04:00:00,0.0,0.0,0.0,0.0,0.0,23.882875000243075,0.0,0.0,0.0,0.0,0.0
2040-08-04 05:00:00,0.0,0.0,0.0,0.0,0.0,23.60431250021793,0.0,0.0,0.0,0.0,0.0
2040-08-04 06:00:00,0.0,0.0,0.0,0.0,0.0,23.368500000215136,0.0,0.0,0.0,0.0,0.0
2040-08-04 07:00:00,0.0,0.0,0.0,0.0,0.0,24.152687500230968,0.0,0.0,0.0,0.0,0.0
2040-08-04 08:00:00,0.0,0.0,0.0,0.0,0.0,25.4240000002319,0.0,0.0,0.0,0.0,0.0
2040-08-04 09:00:00,0.0,0.0,0.0,0.0,0.0,26.706812500255182,0.0,0.0,0.0,0.0,0.0
2040-08-04 10:00:00,0.0,0.0,0.0,0.0,0.0,28.04612500022631,0.0,0.0,0.0,0.0,0.0
2040-08-04 11:00:00,0.0,0.0,0.0,0.0,0.0,30.86412500019651,0.0,0.0,0.0,0.0,0.0
2040-08-04 12:00:00,0.0,0.0,0.0,0.0,0.0,33.4529375002021,0.0,0.0,0.0,0.0,0.0
2040-08-04 13:00:00,0.0,0.0,0.0,0.0,0.0,35.37937500025146,0.0,0.0,0.0,0.0,0.0
2040-08-04 14:00:00,0.0,0.0,0.0,0.0,0.0,35.52193750021979,0.0,0.0,0.0,0.0,0.0
2040-08-04 15:00:00,0.0,0.0,0.0,0.0,0.0,35.27093750028871,0.0,0.0,0.0,0.0,0.0
2040-08-04 16:00:00,0.0,0.0,0.0,0.0,0.0,34.805500000249594,0.0,0.0,0.0,0.0,0.0
2040-08-04 17:00:00,0.0,0.0,0.0,0.0,0.0,34.21631250018254,0.0,0.0,0.0,0.0,0.0
2040-08-04 18:00:00,0.0,0.0,0.0,0.0,0.0,35.62937500025146,0.0,0.0,0.0,0.0,0.0
2040-08-04 19:00:00,0.0,0.0,0.0,0.0,0.0,39.76475000020582,0.0,0.0,0.0,0.0,0.0
2040-08-04 20:00:00,0.0,0.0,0.0,0.0,0.0,40.33368750021327,0.0,0.0,0.0,0.0,0.0
2040-08-04 21:00:00,0.0,0.0,0.0,0.0,0.0,40.05368750018533,0.0,0.0,0.0,0.0,0.0
2040-08-04 22:00:00,0.0,0.0,0.0,0.0,0.0,38.4313750002766,0.0,0.0,0.0,0.0,0.0
2040-08-04 23:00:00,0.0,0.0,0.0,0.0,0.0,35.34250000026077,0.0,0.0,0.0,0.0,0.0
2040-08-05 00:00:00,0.0,0.0,0.0,0.0,0.0,31.856250000186265,0.0,0.0,0.0,0.0,0.0
2040-08-05 01:00:00,0.0,0.0,0.0,0.0,0.0,28.47081250021846,0.0,0.0,0.0,0.0,0.0
2040-08-05 02:00:00,0.0,0.0,0.0,0.0,0.0,25.73206250020303,0.0,0.0,0.0,0.0,0.0
2040-08-05 03:00:00,0.0,0.0,0.0,0.0,0.0,23.714062500279397,0.0,0.0,0.0,0.0,0.0
2040-08-05 04:00:00,0.0,0.0,0.0,0.0,0.0,22.75931250024587,0.0,0.0,0.0,0.0,0.0
2040-08-05 05:00:00,0.0,0.0,0.0,0.0,0.0,22.998687500250526,0.0,0.0,0.0,0.0,0.0
2040-08-05 06:00:00,0.0,0.0,0.0,0.0,0.0,25.895437500206754,0.0,0.0,0.0,0.0,0.0
2040-08-05 07:00:00,0.0,0.0,0.0,0.0,0.0,31.27156250027474,0.0,0.0,0.0,0.0,0.0
2040-08-05 08:00:00,0.0,0.0,0.0,0.0,0.0,35.29237500019217,0.0,0.0,0.0,0.0,0.0
2040-08-05 09:00:00,0.0,0.0,0.0,0.0,0.0,38.85493750020396,0.0,0.0,0.0,0.0,0.0
2040-08-05 10:00:00,0.0,0.0,0.0,0.0,0.0,39.884875000221655,0.0,0.0,0.0,0.0,0.0
2040-08-05 11:00:00,0.0,0.0,0.0,0.0,0.0,41.71762500028126,0.0,0.0,0.0,0.0,0.0
2040-08-05 12:00:00,0.0,0.0,0.0,0.0,0.0,42.21850000019185,0.0,0.0,0.0,0.0,0.0
2040-08-05 13:00:00,0.0,0.0,0.0,0.0,0.0,41.658812500187196,0.0,0.0,0.0,0.0,0.0
2040-08-05 14:00:00,0.0,0.0,0.0,0.0,0.0,40.845062500215136,0.0,0.0,0.0,0.0,0.0
2040-08-05 15:00:00,0.0,0.0,0.0,0.0,0.0,40.75506250024773,0.0,0.0,0.0,0.0,0.0
2040-08-05 16:00:00,0.0,0.0,0.0,0.0,0.0,40.70631250028964,0.0,0.0,0.0,0.0,0.0
2040-08-05 17:00:00,0.0,0.0,0.0,0.0,0.0,39.13431250024587,0.0,0.0,0.0,0.0,0.0
2040-08-05 18:00:00,0.0,0.0,0.0,0.0,0.0,39.28581250028219,0.0,0.0,0.0,0.0,0.0
2040-08-05 19:00:00,0.0,0.0,0.0,0.0,0.0,42.62075000023469,0.0,0.0,0.0,0.0,0.0
2040-08-05 20:00:00,0.0,0.0,0.0,0.0,0.0,42.248812500271015,0.0,0.0,0.0,0.0,0.0
2040-08-05 21:00:00,0.0,0.0,0.0,0.0,0.0,40.73931250022724,0.0,0.0,0.0,0.0,0.0
2040-08-05 22:00:00,0.0,0.0,0.0,0.0,0.0,38.35512500023469,0.0,0.0,0.0,0.0,0.0
2040-08-05 23:00:00,0.0,0.0,0.0,0.0,0.0,35.64168750029057,0.0,0.0,0.0,0.0,0.0
2040-08-06 00:00:00,0.0,0.0,0.0,0.0,0.0,31.896625000284985,0.0,0.0,0.0,0.0,0.0
2040-08-06 01:00:00,0.0,0.0,0.0,0.0,0.0,28.33331250026822,0.0,0.0,0.0,0.0,0.0
2040-08-06 02:00:00,0.0,0.0,0.0,0.0,0.0,25.64087500027381,0.0,0.0,0.0,0.0,0.0
2040-08-06 03:00:00,0.0,0.0,0.0,0.0,0.0,24.439687500242144,0.0,0.0,0.0,0.0,0.0
2040-08-06 04:00:00,0.0,0.0,0.0,0.0,0.0,23.961875000270084,0.0,0.0,0.0,0.0,0.0
2040-08-06 05:00:00,0.0,0.0,0.0,0.0,0.0,23.98662500025239,0.0,0.0,0.0,0.0,0.0
2040-08-06 06:00:00,0.0,0.0,0.0,0.0,0.0,26.484937500208616,0.0,0.0,0.0,0.0,0.0
2040-08-06 07:00:00,0.0,0.0,0.0,0.0,0.0,32.239187500206754,0.0,0.0,0.0,0.0,0.0
2040-08-06 08:00:00,0.0,0.0,0.0,0.0,0.0,36.51081250025891,0.0,0.0,0.0,0.0,0.0
2040-08-06 09:00:00,0.0,0.0,0.0,0.0,0.0,40.356062500271946,0.0,0.0,0.0,0.0,0.0
2040-08-06 10:00:00,0.0,0.0,0.0,0.0,0.0,41.34406250028405,0.0,0.0,0.0,0.0,0.0
2040-08-06 11:00:00,0.0,0.0,0.0,0.0,0.0,42.77187500020955,0.0,0.0,0.0,0.0,0.0
2040-08-06 12:00:00,0.0,0.0,0.0,0.0,0.0,43.30543750023935,0.0,0.0,0.0,0.0,0.0
2040-08-06 13:00:00,0.0,0.0,0.0,0.0,0.0,42.90993750025518,0.0,0.0,0.0,0.0,0.0
2040-08-06 14:00:00,0.0,0.0,0.0,0.0,0.0,42.7654375002021,0.0,0.0,0.0,0.0,0.0
2040-08-06 15:00:00,0.0,0.0,0.0,0.0,0.0,42.95006250019651,0.0,0.0,0.0,0.0,0.0
2040-08-06 16:00:00,0.0,0.0,0.0,0.0,0.0,42.014937500236556,0.0,0.0,0.0,0.0,0.0
2040-08-06 17:00:00,0.0,0.0,0.0,0.0,0.0,40.550750000285916,0.0,0.0,0.0,0.0,0.0
2040-08-06 18:00:00,0.0,0.0,0.0,0.0,0.0,41.26537500019185,0.0,0.0,0.0,0.0,0.0
2040-08-06 19:00:00,0.0,0.0,0.0,0.0,0.0,43.59012500022072,0.0,0.0,0.0,0.0,0.0
2040-08-06 20:00:00,0.0,0.0,0.0,0.0,0.0,42.472187500214204,0.0,0.0,0.0,0.0,0.0
2040-08-06 21:00:00,0.0,0.0,0.0,0.0,0.0,40.74193750019185,0.0,0.0,0.0,0.0,0.0
2040-08-06 22:00:00,0.0,0.0,0.0,0.0,0.0,38.57762500026729,0.0,0.0,0.0,0.0,0.0
2040-08-06 23:00:00,0.0,0.0,0.0,0.0,0.0,35.96718750020955,0.0,0.0,0.0,0.0,0.0
2040-08-07 00:00:00,0.0,0.0,0.0,0.0,0.0,32.30012500018347,0.0,0.0,0.0,0.0,0.0
2040-08-07 01:00:00,0.0,0.0,0.0,0.0,0.0,29.05731250019744,0.0,0.0,0.0,0.0,0.0
2040-08-07 02:00:00,0.0,0.0,0.0,0.0,0.0,26.463375000283122,0.0,0.0,0.0,0.0,0.0
2040-08-07 03:00:00,0.0,0.0,0.0,0.0,0.0,24.796187500236556,0.0,0.0,0.0,0.0,0.0
2040-08-07 04:00:00,0.0,0.0,0.0,0.0,0.0,23.910000000265427,0.0,0.0,0.0,0.0,0.0
2040-08-07 05:00:00,0.0,0.0,0.0,0.0,0.0,24.098125000251457,0.0,0.0,0.0,0.0,0.0
2040-08-07 06:00:00,0.0,0.0,0.0,0.0,0.0,26.246687500271946,0.0,0.0,0.0,0.0,0.0
2040-08-07 07:00:00,0.0,0.0,0.0,0.0,0.0,31.784812500234693,0.0,0.0,0.0,0.0,0.0
2040-08-07 08:00:00,0.0,0.0,0.0,0.0,0.0,36.705812500207685,0.0,0.0,0.0,0.0,0.0
2040-08-07 09:00:00,0.0,0.0,0.0,0.0,0.0,39.709125000284985,0.0,0.0,0.0,0.0,0.0
2040-08-07 10:00:00,0.0,0.0,0.0,0.0,0.0,41.402937500271946,0.0,0.0,0.0,0.0,0.0
2040-08-07 11:00:00,0.0,0.0,0.0,0.0,0.0,42.35018750024028,0.0,0.0,0.0,0.0,0.0
2040-08-07 12:00:00,0.0,0.0,0.0,0.0,0.0,42.63737500028219,0.0,0.0,0.0,0.0,0.0
2040-08-07 13:00:00,0.0,0.0,0.0,0.0,0.0,42.12362500024028,0.0,0.0,0.0,0.0,0.0
2040-08-07 14:00:00,0.0,0.0,0.0,0.0,0.0,41.17250000021886,0.0,0.0,0.0,0.0,0.0
2040-08-07 15:00:00,0.0,0.0,0.0,0.0,0.0,41.92150000028778,0.0,0.0,0.0,0.0,0.0
2040-08-07 16:00:00,0.0,0.0,0.0,0.0,0.0,41.31756250024773,0.0,0.0,0.0,0.0,0.0
2040-08-07 17:00:00,0.0,0.0,0.0,0.0,0.0,39.78043750021607,0.0,0.0,0.0,0.0,0.0
2040-08-07 18:00:00,0.0,0.0,0.0,0.0,0.0,40.80043750023469,0.0,0.0,0.0,0.0,0.0
2040-08-07 19:00:00,0.0,0.0,0.0,0.0,0.0,42.88068750023376,0.0,0.0,0.0,0.0,0.0
2040-08-07 20:00:00,0.0,0.0,0.0,0.0,0.0,42.082000000285916,0.0,0.0,0.0,0.0,0.0
2040-08-07 21:00:00,0.0,0.0,0.0,0.0,0.0,40.978625000221655,0.0,0.0,0.0,0.0,0.0
2040-08-07 22:00:00,0.0,0.0,0.0,0.0,0.0,37.16693750023842,0.0,0.0,0.0,0.0,0.0
2040-08-07 23:00:00,0.0,0.0,0.0,0.0,0.0,34.63168750028126,0.0,0.0,0.0,0.0,0.0
2040-08-08 00:00:00,0.0,0.0,0.0,0.0,0.0,31.43131250026636,0.0,0.0,0.0,0.0,0.0
2040-08-08 01:00:00,0.0,0.0,0.0,0.0,0.0,28.328187500243075,0.0,0.0,0.0,0.0,0.0
2040-08-08 02:00:00,0.0,0.0,0.0,0.0,0.0,25.569000000250526,0.0,0.0,0.0,0.0,0.0
2040-08-08 03:00:00,0.0,0.0,0.0,0.0,0.0,24.360500000184402,0.0,0.0,0.0,0.0,0.0
2040-08-08 04:00:00,0.0,0.0,0.0,0.0,0.0,24.089625000255182,0.0,0.0,0.0,0.0,0.0
2040-08-08 05:00:00,0.0,0.0,0.0,0.0,0.0,24.009875000221655,0.0,0.0,0.0,0.0,0.0
2040-08-08 06:00:00,0.0,0.0,0.0,0.0,0.0,25.92525000020396,0.0,0.0,0.0,0.0,0.0
2040-08-08 07:00:00,0.0,0.0,0.0,0.0,0.0,31.351312500191852,0.0,0.0,0.0,0.0,0.0
2040-08-08 08:00:00,0.0,0.0,0.0,0.0,0.0,36.43781250028405,0.0,0.0,0.0,0.0,0.0
2040-08-08 09:00:00,0.0,0.0,0.0,0.0,0.0,40.004062500200234,0.0,0.0,0.0,0.0,0.0
2040-08-08 10:00:00,0.0,0.0,0.0,0.0,0.0,41.19281250028871,0.0,0.0,0.0,0.0,0.0
2040-08-08 11:00:00,0.0,0.0,0.0,0.0,0.0,42.254687500186265,0.0,0.0,0.0,0.0,0.0
2040-08-08 12:00:00,0.0,0.0,0.0,0.0,0.0,42.64493750024121,0.0,0.0,0.0,0.0,0.0
2040-08-08 13:00:00,0.0,0.0,0.0,0.0,0.0,42.13250000018161,0.0,0.0,0.0,0.0,0.0
2040-08-08 14:00:00,0.0,0.0,0.0,0.0,0.0,41.26537500019185,0.0,0.0,0.0,0.0,0.0
2040-08-08 15:00:00,0.0,0.0,0.0,0.0,0.0,40.88231250026729,0.0,0.0,0.0,0.0,0.0
2040-08-08 16:00:00,0.0,0.0,0.0,0.0,0.0,40.54912500025239,0.0,0.0,0.0,0.0,0.0
2040-08-08 17:00:00,0.0,0.0,0.0,0.0,0.0,38.47306250024121,0.0,0.0,0.0,0.0,0.0
2040-08-08 18:00:00,0.0,0.0,0.0,0.0,0.0,38.46981250029057,0.0,0.0,0.0,0.0,0.0
2040-08-08 19:00:00,0.0,0.0,0.0,0.0,0.0,40.96768750017509,0.0,0.0,0.0,0.0,0.0
2040-08-08 20:00:00,0.0,0.0,0.0,0.0,0.0,41.31675000022976,0.0,0.0,0.0,0.0,0.0
2040-08-08 21:00:00,0.0,0.0,0.0,0.0,0.0,40.06050000025425,0.0,0.0,0.0,0.0,0.0
2040-08-08 22:00:00,0.0,0.0,0.0,0.0,0.0,37.7687500002794,0.0,0.0,0.0,0.0,0.0
2040-08-08 23:00:00,0.0,0.0,0.0,0.0,0.0,35.14762500021607,0.0,0.0,0.0,0.0,0.0
2040-08-09 00:00:00,0.0,0.0,0.0,0.0,0.0,30.082937500206754,0.0,0.0,0.0,0.0,0.0
2040-08-09 01:00:00,0.0,0.0,0.0,0.0,0.0,26.866375000216067,0.0,0.0,0.0,0.0,0.0
2040-08-09 02:00:00,0.0,0.0,0.0,0.0,0.0,24.792500000214204,0.0,0.0,0.0,0.0,0.0
2040-08-09 03:00:00,0.0,0.0,0.0,0.0,0.0,23.710062500205822,0.0,0.0,0.0,0.0,0.0
2040-08-09 04:00:00,0.0,0.0,0.0,0.0,0.0,23.15375000028871,0.0,0.0,0.0,0.0,0.0
2040-08-09 05:00:00,0.0,0.0,0.0,0.0,0.0,23.738687500241213,0.0,0.0,0.0,0.0,0.0
2040-08-09 06:00:00,0.0,0.0,0.0,0.0,0.0,25.80287500028514,0.0,0.0,0.0,0.0,0.0
2040-08-09 07:00:00,0.0,0.0,0.0,0.0,0.0,30.92600000021048,0.0,0.0,0.0,0.0,0.0
2040-08-09 08:00:00,0.0,0.0,0.0,0.0,0.0,35.138250000192784,0.0,0.0,0.0,0.0,0.0
2040-08-09 09:00:00,0.0,0.0,0.0,0.0,0.0,40.55143750028219,0.0,0.0,0.0,0.0,0.0
2040-08-09 10:00:00,0.0,0.0,0.0,0.0,0.0,42.10662500024773,0.0,0.0,0.0,0.0,0.0
2040-08-09 11:00:00,0.0,0.0,0.0,0.0,0.0,43.24512500024866,0.0,0.0,0.0,0.0,0.0
2040-08-09 12:00:00,0.0,0.0,0.0,0.0,0.0,43.953937500249594,0.0,0.0,0.0,0.0,0.0
2040-08-09 13:00:00,0.0,0.0,0.0,0.0,0.0,43.6828125002794,0.0,0.0,0.0,0.0,0.0
2040-08-09 14:00:00,0.0,0.0,0.0,0.0,0.0,43.24137500021607,0.0,0.0,0.0,0.0,0.0
2040-08-09 15:00:00,0.0,0.0,0.0,0.0,0.0,43.321500000194646,0.0,0.0,0.0,0.0,0.0
2040-08-09 16:00:00,0.0,0.0,0.0,0.0,0.0,41.303500000271015,0.0,0.0,0.0,0.0,0.0
2040-08-09 17:00:00,0.0,0.0,0.0,0.0,0.0,39.489812500192784,0.0,0.0,0.0,0.0,0.0
2040-08-09 18:00:00,0.0,0.0,0.0,0.0,0.0,40.287875000271015,0.0,0.0,0.0,0.0,0.0
2040-08-09 19:00:00,0.0,0.0,0.0,0.0,0.0,42.03018750017509,0.0,0.0,0.0,0.0,0.0
2040-08-09 20:00:00,0.0,0.0,0.0,0.0,0.0,41.13506250025239,0.0,0.0,0.0,0.0,0.0
2040-08-09 21:00:00,0.0,0.0,0.0,0.0,0.0,38.977375000249594,0.0,0.0,0.0,0.0,0.0
2040-08-09 22:00:00,0.0,0.0,0.0,0.0,0.0,37.48131250019651,0.0,0.0,0.0,0.0,0.0
2040-08-09 23:00:00,0.0,0.0,0.0,0.0,0.0,35.86487500020303,0.0,0.0,0.0,0.0,0.0
2040-08-10 00:00:00,0.0,0.0,0.0,0.0,0.0,32.66162500018254,0.0,0.0,0.0,0.0,0.0
2040-08-10 01:00:00,0.0,0.0,0.0,0.0,0.0,29.849625000264496,0.0,0.0,0.0,0.0,0.0
2040-08-10 02:00:00,0.0,0.0,0.0,0.0,0.0,27.5200625002617,0.0,0.0,0.0,0.0,0.0
2040-08-10 03:00:00,0.0,0.0,0.0,0.0,0.0,25.75593750027474,0.0,0.0,0.0,0.0,0.0
2040-08-10 04:00:00,0.0,0.0,0.0,0.0,0.0,24.510375000187196,0.0,0.0,0.0,0.0,0.0
2040-08-10 05:00:00,0.0,0.0,0.0,0.0,0.0,24.239062500186265,0.0,0.0,0.0,0.0,0.0
2040-08-10 06:00:00,0.0,0.0,0.0,0.0,0.0,24.484062500181608,0.0,0.0,0.0,0.0,0.0
2040-08-10 07:00:00,0.0,0.0,0.0,0.0,0.0,25.754687500186265,0.0,0.0,0.0,0.0,0.0
2040-08-10 08:00:00,0.0,0.0,0.0,0.0,0.0,28.81500000017695,0.0,0.0,0.0,0.0,0.0
2040-08-10 09:00:00,0.0,0.0,0.0,0.0,0.0,32.083375000278465,0.0,0.0,0.0,0.0,0.0
2040-08-10 10:00:00,0.0,0.0,0.0,0.0,0.0,35.26525000028778,0.0,0.0,0.0,0.0,0.0
2040-08-10 11:00:00,0.0,0.0,0.0,0.0,0.0,37.68781250028405,0.0,0.0,0.0,0.0,0.0
2040-08-10 12:00:00,0.0,0.0,0.0,0.0,0.0,38.81568750028964,0.0,0.0,0.0,0.0,0.0
2040-08-10 13:00:00,0.0,0.0,0.0,0.0,0.0,39.267812500242144,0.0,0.0,0.0,0.0,0.0
2040-08-10 14:00:00,0.0,0.0,0.0,0.0,0.0,38.892062500235625,0.0,0.0,0.0,0.0,0.0
2040-08-10 15:00:00,0.0,0.0,0.0,0.0,0.0,38.1560625002021,0.0,0.0,0.0,0.0,0.0
2040-08-10 16:00:00,0.0,0.0,0.0,0.0,0.0,36.793125000200234,0.0,0.0,0.0,0.0,0.0
2040-08-10 17:00:00,0.0,0.0,0.0,0.0,0.0,35.44900000025518,0.0,0.0,0.0,0.0,0.0
2040-08-10 18:00:00,0.0,0.0,0.0,0.0,0.0,36.20375000021886,0.0,0.0,0.0,0.0,0.0
2040-08-10 19:00:00,0.0,0.0,0.0,0.0,0.0,39.48162500024773,0.0,0.0,0.0,0.0,0.0
2040-08-10 20:00:00,0.0,0.0,0.0,0.0,0.0,39.558125000214204,0.0,0.0,0.0,0.0,0.0
2040-08-10 21:00:00,0.0,0.0,0.0,0.0,0.0,38.07725000020582,0.0,0.0,0.0,0.0,0.0
2040-08-10 22:00:00,0.0,0.0,0.0,0.0,0.0,36.5563750002766,0.0,0.0,0.0,0.0,0.0
2040-08-10 23:00:00,0.0,0.0,0.0,0.0,0.0,34.742875000229105,0.0,0.0,0.0,0.0,0.0
2040-08-11 00:00:00,0.0,0.0,0.0,0.0,0.0,32.36062500020501,0.0,0.0,0.0,0.0,0.0
2040-08-11 01:00:00,0.0,0.0,0.0,0.0,0.0,29.366500000236556,0.0,0.0,0.0,0.0,0.0
2040-08-11 02:00:00,0.0,0.0,0.0,0.0,0.0,26.416500000283122,0.0,0.0,0.0,0.0,0.0
2040-08-11 03:00:00,0.0,0.0,0.0,0.0,0.0,24.592750000185333,0.0,0.0,0.0,0.0,0.0
2040-08-11 04:00:00,0.0,0.0,0.0,0.0,0.0,23.772500000195578,0.0,0.0,0.0,0.0,0.0
2040-08-11 05:00:00,0.0,0.0,0.0,0.0,0.0,23.306875000242144,0.0,0.0,0.0,0.0,0.0
2040-08-11 06:00:00,0.0,0.0,0.0,0.0,0.0,23.79937500017695,0.0,0.0,0.0,0.0,0.0
2040-08-11 07:00:00,0.0,0.0,0.0,0.0,0.0,24.35800000024028,0.0,0.0,0.0,0.0,0.0
2040-08-11 08:00:00,0.0,0.0,0.0,0.0,0.0,25.6685000002617,0.0,0.0,0.0,0.0,0.0
2040-08-11 09:00:00,0.0,0.0,0.0,0.0,0.0,26.93775000027381,0.0,0.0,0.0,0.0,0.0
2040-08-11 10:00:00,0.0,0.0,0.0,0.0,0.0,28.790000000270084,0.0,0.0,0.0,0.0,0.0
2040-08-11 11:00:00,0.0,0.0,0.0,0.0,0.0,31.645750000257976,0.0,0.0,0.0,0.0,0.0
2040-08-11 12:00:00,0.0,0.0,0.0,0.0,0.0,33.44762500026263,0.0,0.0,0.0,0.0,0.0
2040-08-11 13:00:00,0.0,0.0,0.0,0.0,0.0,35.70187500026077,0.0,0.0,0.0,0.0,0.0
2040-08-11 14:00:00,0.0,0.0,0.0,0.0,0.0,36.753875000285916,0.0,0.0,0.0,0.0,0.0
2040-08-11 15:00:00,0.0,0.0,0.0,0.0,0.0,35.73087500024121,0.0,0.0,0.0,0.0,0.0
2040-08-11 16:00:00,0.0,0.0,0.0,0.0,0.0,35.19037500023842,0.0,0.0,0.0,0.0,0.0
2040-08-11 17:00:00,0.0,0.0,0.0,0.0,0.0,34.162250000284985,0.0,0.0,0.0,0.0,0.0
2040-08-11 18:00:00,0.0,0.0,0.0,0.0,0.0,35.94375000020955,0.0,0.0,0.0,0.0,0.0
2040-08-11 19:00:00,0.0,0.0,0.0,0.0,0.0,38.79825000022538,0.0,0.0,0.0,0.0,0.0
2040-08-11 20:00:00,0.0,0.0,0.0,0.0,0.0,38.95412500028033,0.0,0.0,0.0,0.0,0.0
2040-08-11 21:00:00,0.0,0.0,0.0,0.0,0.0,38.070375000243075,0.0,0.0,0.0,0.0,0.0
2040-08-11 22:00:00,0.0,0.0,0.0,0.0,0.0,36.24312500027008,0.0,0.0,0.0,0.0,0.0
2040-08-11 23:00:00,0.0,0.0,0.0,0.0,0.0,34.20937500020955,0.0,0.0,0.0,0.0,0.0
2040-08-12 00:00:00,0.0,0.0,0.0,0.0,0.0,30.868875000276603,0.0,0.0,0.0,0.0,0.0
2040-08-12 01:00:00,0.0,0.0,0.0,0.0,0.0,27.298125000209975,0.0,0.0,0.0,0.0,0.0
2040-08-12 02:00:00,0.0,0.0,0.0,0.0,0.0,24.853625000221655,0.0,0.0,0.0,0.0,0.0
2040-08-12 03:00:00,0.0,0.0,0.0,0.0,0.0,23.45262500026729,0.0,0.0,0.0,0.0,0.0
2040-08-12 04:00:00,0.0,0.0,0.0,0.0,0.0,23.316750000230968,0.0,0.0,0.0,0.0,0.0
2040-08-12 05:00:00,0.0,0.0,0.0,0.0,0.0,23.694875000277534,0.0,0.0,0.0,0.0,0.0
2040-08-12 06:00:00,0.0,0.0,0.0,0.0,0.0,26.02875000028871,0.0,0.0,0.0,0.0,0.0
2040-08-12 07:00:00,0.0,0.0,0.0,0.0,0.0,32.00400000018999,0.0,0.0,0.0,0.0,0.0
2040-08-12 08:00:00,0.0,0.0,0.0,0.0,0.0,36.178500000271015,0.0,0.0,0.0,0.0,0.0
2040-08-12 09:00:00,0.0,0.0,0.0,0.0,0.0,41.08287500019651,0.0,0.0,0.0,0.0,0.0
2040-08-12 10:00:00,0.0,0.0,0.0,0.0,0.0,42.93200000026263,0.0,0.0,0.0,0.0,0.0
2040-08-12 11:00:00,0.0,0.0,0.0,0.0,0.0,43.71675000025425,0.0,0.0,0.0,0.0,0.0
2040-08-12 12:00:00,0.0,0.0,0.0,0.0,0.0,43.302125000278465,0.0,0.0,0.0,0.0,0.0
2040-08-12 13:00:00,0.0,0.0,0.0,0.0,0.0,43.121875000186265,0.0,0.0,0.0,0.0,0.0
2040-08-12 14:00:00,0.0,0.0,0.0,0.0,0.0,42.23762500018347,0.0,0.0,0.0,0.0,0.0
2040-08-12 15:00:00,0.0,0.0,0.0,0.0,0.0,42.370500000193715,0.0,0.0,0.0,0.0,0.0
2040-08-12 16:00:00,0.0,0.0,0.0,0.0,0.0,41.83775000018068,0.0,0.0,0.0,0.0,0.0
2040-08-12 17:00:00,0.0,0.0,0.0,0.0,0.0,40.890625,0.0,0.0,0.0,0.0,0.0
2040-08-12 18:00:00,0.0,0.0,0.0,0.0,0.0,41.352750000194646,0.0,0.0,0.0,0.0,0.0
2040-08-12 19:00:00,0.0,0.0,0.0,0.0,0.0,43.71062500018161,0.0,0.0,0.0,0.0,0.0
2040-08-12 20:00:00,0.0,0.0,0.0,0.0,0.0,42.79225000028964,0.0,0.0,0.0,0.0,0.0
2040-08-12 21:00:00,0.0,0.0,0.0,0.0,0.0,40.901125000207685,0.0,0.0,0.0,0.0,0.0
2040-08-12 22:00:00,0.0,0.0,0.0,0.0,0.0,38.12450000026729,0.0,0.0,0.0,0.0,0.0
2040-08-12 23:00:00,0.0,0.0,0.0,0.0,0.0,34.75337500020396,0.0,0.0,0.0,0.0,0.0
2040-08-13 00:00:00,0.0,0.0,0.0,0.0,0.0,30.892375000286847,0.0,0.0,0.0,0.0,0.0
2040-08-13 01:00:00,0.0,0.0,0.0,0.0,0.0,28.03387500019744,0.0,0.0,0.0,0.0,0.0
2040-08-13 02:00:00,0.0,0.0,0.0,0.0,0.0,24.94025000021793,0.0,0.0,0.0,0.0,0.0
2040-08-13 03:00:00,0.0,0.0,0.0,0.0,0.0,23.98175000026822,0.0,0.0,0.0,0.0,0.0
2040-08-13 04:00:00,0.0,0.0,0.0,0.0,0.0,23.510250000283122,0.0,0.0,0.0,0.0,0.0
2040-08-13 05:00:00,0.0,0.0,0.0,0.0,0.0,23.98250000027474,0.0,0.0,0.0,0.0,0.0
2040-08-13 06:00:00,0.0,0.0,0.0,0.0,0.0,26.1372500002617,0.0,0.0,0.0,0.0,0.0
2040-08-13 07:00:00,0.0,0.0,0.0,0.0,0.0,31.745250000269152,0.0,0.0,0.0,0.0,0.0
2040-08-13 08:00:00,0.0,0.0,0.0,0.0,0.0,35.637500000186265,0.0,0.0,0.0,0.0,0.0
2040-08-13 09:00:00,0.0,0.0,0.0,0.0,0.0,39.05787500028964,0.0,0.0,0.0,0.0,0.0
2040-08-13 10:00:00,0.0,0.0,0.0,0.0,0.0,40.66300000017509,0.0,0.0,0.0,0.0,0.0
2040-08-13 11:00:00,0.0,0.0,0.0,0.0,0.0,42.59512500022538,0.0,0.0,0.0,0.0,0.0
2040-08-13 12:00:00,0.0,0.0,0.0,0.0,0.0,43.29987500025891,0.0,0.0,0.0,0.0,0.0
2040-08-13 13:00:00,0.0,0.0,0.0,0.0,0.0,43.09412500017788,0.0,0.0,0.0,0.0,0.0
2040-08-13 14:00:00,0.0,0.0,0.0,0.0,0.0,43.2511250001844,0.0,0.0,0.0,0.0,0.0
2040-08-13 15:00:00,0.0,0.0,0.0,0.0,0.0,43.37362500024028,0.0,0.0,0.0,0.0,0.0
2040-08-13 16:00:00,0.0,0.0,0.0,0.0,0.0,41.607000000192784,0.0,0.0,0.0,0.0,0.0
2040-08-13 17:00:00,0.0,0.0,0.0,0.0,0.0,39.15800000028685,0.0,0.0,0.0,0.0,0.0
2040-08-13 18:00:00,0.0,0.0,0.0,0.0,0.0,39.43937500019092,0.0,0.0,0.0,0.0,0.0
2040-08-13 19:00:00,0.0,0.0,0.0,0.0,0.0,42.78100000019185,0.0,0.0,0.0,0.0,0.0
2040-08-13 20:00:00,0.0,0.0,0.0,0.0,0.0,42.58112500025891,0.0,0.0,0.0,0.0,0.0
2040-08-13 21:00:00,0.0,0.0,0.0,0.0,0.0,40.79775000025984,0.0,0.0,0.0,0.0,0.0
2040-08-13 22:00:00,0.0,0.0,0.0,0.0,0.0,38.08162500022445,0.0,0.0,0.0,0.0,0.0
2040-08-13 23:00:00,0.0,0.0,0.0,0.0,0.0,34.97100000025239,0.0,0.0,0.0,0.0,0.0
2040-08-14 00:00:00,0.0,0.0,0.0,0.0,0.0,30.84712500020396,0.0,0.0,0.0,0.0,0.0
2040-08-14 01:00:00,0.0,0.0,0.0,0.0,0.0,28.11225000023842,0.0,0.0,0.0,0.0,0.0
2040-08-14 02:00:00,0.0,0.0,0.0,0.0,0.0,25.941375000285916,0.0,0.0,0.0,0.0,0.0
2040-08-14 03:00:00,0.0,0.0,0.0,0.0,0.0,24.413125000195578,0.0,0.0,0.0,0.0,0.0
2040-08-14 04:00:00,0.0,0.0,0.0,0.0,0.0,23.861750000272878,0.0,0.0,0.0,0.0,0.0
2040-08-14 05:00:00,0.0,0.0,0.0,0.0,0.0,24.342750000185333,0.0,0.0,0.0,0.0,0.0
2040-08-14 06:00:00,0.0,0.0,0.0,0.0,0.0,27.035000000265427,0.0,0.0,0.0,0.0,0.0
2040-08-14 07:00:00,0.0,0.0,0.0,0.0,0.0,32.431875000242144,0.0,0.0,0.0,0.0,0.0
2040-08-14 08:00:00,0.0,0.0,0.0,0.0,0.0,36.20862500020303,0.0,0.0,0.0,0.0,0.0
2040-08-14 09:00:00,0.0,0.0,0.0,0.0,0.0,40.2843750002794,0.0,0.0,0.0,0.0,0.0
2040-08-14 10:00:00,0.0,0.0,0.0,0.0,0.0,41.758625000249594,0.0,0.0,0.0,0.0,0.0
2040-08-14 11:00:00,0.0,0.0,0.0,0.0,0.0,43.09637500019744,0.0,0.0,0.0,0.0,0.0
2040-08-14 12:00:00,0.0,0.0,0.0,0.0,0.0,43.476500000222586,0.0,0.0,0.0,0.0,0.0
2040-08-14 13:00:00,0.0,0.0,0.0,0.0,0.0,42.64225000026636,0.0,0.0,0.0,0.0,0.0
2040-08-14 14:00:00,0.0,0.0,0.0,0.0,0.0,42.17875000019558,0.0,0.0,0.0,0.0,0.0
2040-08-14 15:00:00,0.0,0.0,0.0,0.0,0.0,42.69225000019651,0.0,0.0,0.0,0.0,0.0
2040-08-14 16:00:00,0.0,0.0,0.0,0.0,0.0,40.7,0.0,0.0,0.0,0.0,0.0
2040-08-14 17:00:00,0.0,0.0,0.0,0.0,0.0,38.99537500028964,0.0,0.0,0.0,0.0,0.0
2040-08-14 18:00:00,0.0,0.0,0.0,0.0,0.0,38.289875000249594,0.0,0.0,0.0,0.0,0.0
2040-08-14 19:00:00,0.0,0.0,0.0,0.0,0.0,41.0747500002617,0.0,0.0,0.0,0.0,0.0
2040-08-14 20:00:00,0.0,0.0,0.0,0.0,0.0,40.61512500024401,0.0,0.0,0.0,0.0,0.0
2040-08-14 21:00:00,0.0,0.0,0.0,0.0,0.0,39.12250000028871,0.0,0.0,0.0,0.0,0.0
2040-08-14 22:00:00,0.0,0.0,0.0,0.0,0.0,37.68325000023469,0.0,0.0,0.0,0.0,0.0
2040-08-14 23:00:00,0.0,0.0,0.0,0.0,0.0,35.54362500028219,0.0,0.0,0.0,0.0,0.0
2040-08-15 00:00:00,0.0,0.0,0.0,0.0,0.0,32.274750000215136,0.0,0.0,0.0,0.0,0.0
2040-08-15 01:00:00,0.0,0.0,0.0,0.0,0.0,29.45775000017602,0.0,0.0,0.0,0.0,0.0
2040-08-15 02:00:00,0.0,0.0,0.0,0.0,0.0,26.887625000206754,0.0,0.0,0.0,0.0,0.0
2040-08-15 03:00:00,0.0,0.0,0.0,0.0,0.0,25.22100000025239,0.0,0.0,0.0,0.0,0.0
2040-08-15 04:00:00,0.0,0.0,0.0,0.0,0.0,24.482125000213273,0.0,0.0,0.0,0.0,0.0
2040-08-15 05:00:00,0.0,0.0,0.0,0.0,0.0,23.948375000269152,0.0,0.0,0.0,0.0,0.0
2040-08-15 06:00:00,0.0,0.0,0.0,0.0,0.0,23.95575000019744,0.0,0.0,0.0,0.0,0.0
2040-08-15 07:00:00,0.0,0.0,0.0,0.0,0.0,24.838500000187196,0.0,0.0,0.0,0.0,0.0
2040-08-15 08:00:00,0.0,0.0,0.0,0.0,0.0,26.34625000017695,0.0,0.0,0.0,0.0,0.0
2040-08-15 09:00:00,0.0,0.0,0.0,0.0,0.0,27.741625000257045,0.0,0.0,0.0,0.0,0.0
2040-08-15 10:00:00,0.0,0.0,0.0,0.0,0.0,30.40675000019837,0.0,0.0,0.0,0.0,0.0
2040-08-15 11:00:00,0.0,0.0,0.0,0.0,0.0,32.81900000025124,0.0,0.0,0.0,0.0,0.0
2040-08-15 12:00:00,0.0,0.0,0.0,0.0,0.0,34.47900000028312,0.0,0.0,0.0,0.0,0.0
2040-08-15 13:00:00,0.0,0.0,0.0,0.0,0.0,35.791000000201166,0.0,0.0,0.0,0.0,0.0
2040-08-15 14:00:00,0.0,0.0,0.0,0.0,0.0,35.64200000022538,0.0,0.0,0.0,0.0,0.0
2040-08-15 15:00:00,0.0,0.0,0.0,0.0,0.0,34.80375000019558,0.0,0.0,0.0,0.0,0.0
2040-08-15 16:00:00,0.0,0.0,0.0,0.0,0.0,33.94425000017509,0.0,0.0,0.0,0.0,0.0
2040-08-15 17:00:00,0.0,0.0,0.0,0.0,0.0,34.12037500028964,0.0,0.0,0.0,0.0,0.0
2040-08-15 18:00:00,0.0,0.0,0.0,0.0,0.0,35.10750000027474,0.0,0.0,0.0,0.0,0.0
2040-08-15 19:00:00,0.0,0.0,0.0,0.0,0.0,38.61075000022538,0.0,0.0,0.0,0.0,0.0
2040-08-15 20:00:00,0.0,0.0,0.0,0.0,0.0,38.57950000022538,0.0,0.0,0.0,0.0,0.0
2040-08-15 21:00:00,0.0,0.0,0.0,0.0,0.0,37.33912500028964,0.0,0.0,0.0,0.0,0.0
2040-08-15 22:00:00,0.0,0.0,0.0,0.0,0.0,35.635500000207685,0.0,0.0,0.0,0.0,0.0
2040-08-15 23:00:00,0.0,0.0,0.0,0.0,0.0,33.1125000002794,0.0,0.0,0.0,0.0,0.0
2040-08-16 00:00:00,0.0,0.0,0.0,0.0,0.0,29.806625000201166,0.0,0.0,0.0,0.0,0.0
2040-08-16 01:00:00,0.0,0.0,0.0,0.0,0.0,26.620625000214204,0.0,0.0,0.0,0.0,0.0
2040-08-16 02:00:00,0.0,0.0,0.0,0.0,0.0,24.35800000024028,0.0,0.0,0.0,0.0,0.0
2040-08-16 03:00:00,0.0,0.0,0.0,0.0,0.0,23.62900000018999,0.0,0.0,0.0,0.0,0.0
2040-08-16 04:00:00,0.0,0.0,0.0,0.0,0.0,23.129875000216998,0.0,0.0,0.0,0.0,0.0
2040-08-16 05:00:00,0.0,0.0,0.0,0.0,0.0,23.296625000191852,0.0,0.0,0.0,0.0,0.0
2040-08-16 06:00:00,0.0,0.0,0.0,0.0,0.0,25.135250000283122,0.0,0.0,0.0,0.0,0.0
2040-08-16 07:00:00,0.0,0.0,0.0,0.0,0.0,29.56650000018999,0.0,0.0,0.0,0.0,0.0
2040-08-16 08:00:00,0.0,0.0,0.0,0.0,0.0,34.075750000192784,0.0,0.0,0.0,0.0,0.0
2040-08-16 09:00:00,0.0,0.0,0.0,0.0,0.0,37.39812500018161,0.0,0.0,0.0,0.0,0.0
2040-08-16 10:00:00,0.0,0.0,0.0,0.0,0.0,39.649875000235625,0.0,0.0,0.0,0.0,0.0
2040-08-16 11:00:00,0.0,0.0,0.0,0.0,0.0,41.02000000025146,0.0,0.0,0.0,0.0,0.0
2040-08-16 12:00:00,0.0,0.0,0.0,0.0,0.0,41.60687500028871,0.0,0.0,0.0,0.0,0.0
2040-08-16 13:00:00,0.0,0.0,0.0,0.0,0.0,41.85950000025332,0.0,0.0,0.0,0.0,0.0
2040-08-16 14:00:00,0.0,0.0,0.0,0.0,0.0,41.36075000022538,0.0,0.0,0.0,0.0,0.0
2040-08-16 15:00:00,0.0,0.0,0.0,0.0,0.0,41.12150000024121,0.0,0.0,0.0,0.0,0.0
2040-08-16 16:00:00,0.0,0.0,0.0,0.0,0.0,39.5296250001993,0.0,0.0,0.0,0.0,0.0
2040-08-16 17:00:00,0.0,0.0,0.0,0.0,0.0,37.87850000022445,0.0,0.0,0.0,0.0,0.0
2040-08-16 18:00:00,0.0,0.0,0.0,0.0,0.0,37.72500000020955,0.0,0.0,0.0,0.0,0.0
2040-08-16 19:00:00,0.0,0.0,0.0,0.0,0.0,40.77925000025425,0.0,0.0,0.0,0.0,0.0
2040-08-16 20:00:00,0.0,0.0,0.0,0.0,0.0,40.6702500001993,0.0,0.0,0.0,0.0,0.0
2040-08-16 21:00:00,0.0,0.0,0.0,0.0,0.0,38.772875000257045,0.0,0.0,0.0,0.0,0.0
2040-08-16 22:00:00,0.0,0.0,0.0,0.0,0.0,37.32525000022724,0.0,0.0,0.0,0.0,0.0
2040-08-16 23:00:00,0.0,0.0,0.0,0.0,0.0,35.47062500019092,0.0,0.0,0.0,0.0,0.0
2040-08-17 00:00:00,0.0,0.0,0.0,0.0,0.0,32.83175000024494,0.0,0.0,0.0,0.0,0.0
2040-08-17 01:00:00,0.0,0.0,0.0,0.0,0.0,29.62387500028126,0.0,0.0,0.0,0.0,0.0
2040-08-17 02:00:00,0.0,0.0,0.0,0.0,0.0,26.634875000221655,0.0,0.0,0.0,0.0,0.0
2040-08-17 03:00:00,0.0,0.0,0.0,0.0,0.0,24.76512500026729,0.0,0.0,0.0,0.0,0.0
2040-08-17 04:00:00,0.0,0.0,0.0,0.0,0.0,23.94212500017602,0.0,0.0,0.0,0.0,0.0
2040-08-17 05:00:00,0.0,0.0,0.0,0.0,0.0,23.813500000280328,0.0,0.0,0.0,0.0,0.0
2040-08-17 06:00:00,0.0,0.0,0.0,0.0,0.0,24.001000000280328,0.0,0.0,0.0,0.0,0.0
2040-08-17 07:00:00,0.0,0.0,0.0,0.0,0.0,25.295125000178814,0.0,0.0,0.0,0.0,0.0
2040-08-17 08:00:00,0.0,0.0,0.0,0.0,0.0,28.32900000025984,0.0,0.0,0.0,0.0,0.0
2040-08-17 09:00:00,0.0,0.0,0.0,0.0,0.0,32.07700000028126,0.0,0.0,0.0,0.0,0.0
2040-08-17 10:00:00,0.0,0.0,0.0,0.0,0.0,35.388250000192784,0.0,0.0,0.0,0.0,0.0
2040-08-17 11:00:00,0.0,0.0,0.0,0.0,0.0,37.74775000021327,0.0,0.0,0.0,0.0,0.0
2040-08-17 12:00:00,0.0,0.0,0.0,0.0,0.0,39.01637500023935,0.0,0.0,0.0,0.0,0.0
2040-08-17 13:00:00,0.0,0.0,0.0,0.0,0.0,40.208375000278465,0.0,0.0,0.0,0.0,0.0
2040-08-17 14:00:00,0.0,0.0,0.0,0.0,0.0,39.7042500001844,0.0,0.0,0.0,0.0,0.0
2040-08-17 15:00:00,0.0,0.0,0.0,0.0,0.0,39.03100000019185,0.0,0.0,0.0,0.0,0.0
2040-08-17 16:00:00,0.0,0.0,0.0,0.0,0.0,37.942000000271946,0.0,0.0,0.0,0.0,0.0
2040-08-17 17:00:00,0.0,0.0,0.0,0.0,0.0,36.6997500002617,0.0,0.0,0.0,0.0,0.0
2040-08-17 18:00:00,0.0,0.0,0.0,0.0,0.0,37.21387500024866,0.0,0.0,0.0,0.0,0.0
2040-08-17 19:00:00,0.0,0.0,0.0,0.0,0.0,40.153875000192784,0.0,0.0,0.0,0.0,0.0
2040-08-17 20:00:00,0.0,0.0,0.0,0.0,0.0,38.98037500027567,0.0,0.0,0.0,0.0,0.0
2040-08-17 21:00:00,0.0,0.0,0.0,0.0,0.0,38.06387500022538,0.0,0.0,0.0,0.0,0.0
2040-08-17 22:00:00,0.0,0.0,0.0,0.0,0.0,36.32137500029057,0.0,0.0,0.0,0.0,0.0
2040-08-17 23:00:00,0.0,0.0,0.0,0.0,0.0,34.32950000022538,0.0,0.0,0.0,0.0,0.0
2040-08-18 00:00:00,0.0,0.0,0.0,0.0,0.0,30.97975000028964,0.0,0.0,0.0,0.0,0.0
2040-08-18 01:00:00,0.0,0.0,0.0,0.0,0.0,28.26712500024587,0.0,0.0,0.0,0.0,0.0
2040-08-18 02:00:00,0.0,0.0,0.0,0.0,0.0,25.365750000230037,0.0,0.0,0.0,0.0,0.0
2040-08-18 03:00:00,0.0,0.0,0.0,0.0,0.0,23.75012500025332,0.0,0.0,0.0,0.0,0.0
2040-08-18 04:00:00,0.0,0.0,0.0,0.0,0.0,22.650500000221655,0.0,0.0,0.0,0.0,0.0
2040-08-18 05:00:00,0.0,0.0,0.0,0.0,0.0,22.12725000025239,0.0,0.0,0.0,0.0,0.0
2040-08-18 06:00:00,0.0,0.0,0.0,0.0,0.0,21.91787500027567,0.0,0.0,0.0,0.0,0.0
2040-08-18 07:00:00,0.0,0.0,0.0,0.0,0.0,22.55237500020303,0.0,0.0,0.0,0.0,0.0
2040-08-18 08:00:00,0.0,0.0,0.0,0.0,0.0,23.24962500028778,0.0,0.0,0.0,0.0,0.0
2040-08-18 09:00:00,0.0,0.0,0.0,0.0,0.0,24.054750000243075,0.0,0.0,0.0,0.0,0.0
2040-08-18 10:00:00,0.0,0.0,0.0,0.0,0.0,26.094875000184402,0.0,0.0,0.0,0.0,0.0
2040-08-18 11:00:00,0.0,0.0,0.0,0.0,0.0,28.63950000028126,0.0,0.0,0.0,0.0,0.0
2040-08-18 12:00:00,0.0,0.0,0.0,0.0,0.0,30.70500000019092,0.0,0.0,0.0,0.0,0.0
2040-08-18 13:00:00,0.0,0.0,0.0,0.0,0.0,32.504500000271946,0.0,0.0,0.0,0.0,0.0
2040-08-18 14:00:00,0.0,0.0,0.0,0.0,0.0,32.91962500021327,0.0,0.0,0.0,0.0,0.0
2040-08-18 15:00:00,0.0,0.0,0.0,0.0,0.0,32.591375000192784,0.0,0.0,0.0,0.0,0.0
2040-08-18 16:00:00,0.0,0.0,0.0,0.0,0.0,32.40700000023935,0.0,0.0,0.0,0.0,0.0
2040-08-18 17:00:00,0.0,0.0,0.0,0.0,0.0,32.194625000236556,0.0,0.0,0.0,0.0,0.0
2040-08-18 18:00:00,0.0,0.0,0.0,0.0,0.0,33.176375000271946,0.0,0.0,0.0,0.0,0.0
2040-08-18 19:00:00,0.0,0.0,0.0,0.0,0.0,37.164750000229105,0.0,0.0,0.0,0.0,0.0
2040-08-18 20:00:00,0.0,0.0,0.0,0.0,0.0,38.4681250002468,0.0,0.0,0.0,0.0,0.0
2040-08-18 21:00:00,0.0,0.0,0.0,0.0,0.0,37.618750000256114,0.0,0.0,0.0,0.0,0.0
2040-08-18 22:00:00,0.0,0.0,0.0,0.0,0.0,35.32337500026915,0.0,0.0,0.0,0.0,0.0
2040-08-18 23:00:00,0.0,0.0,0.0,0.0,0.0,32.29487500025425,0.0,0.0,0.0,0.0,0.0
2040-08-19 00:00:00,0.0,0.0,0.0,0.0,0.0,29.062875000177883,0.0,0.0,0.0,0.0,0.0
2040-08-19 01:00:00,0.0,0.0,0.0,0.0,0.0,25.654500000178814,0.0,0.0,0.0,0.0,0.0
2040-08-19 02:00:00,0.0,0.0,0.0,0.0,0.0,23.473250000271946,0.0,0.0,0.0,0.0,0.0
2040-08-19 03:00:00,0.0,0.0,0.0,0.0,0.0,22.215250000241213,0.0,0.0,0.0,0.0,0.0
2040-08-19 04:00:00,0.0,0.0,0.0,0.0,0.0,21.915375000215136,0.0,0.0,0.0,0.0,0.0
2040-08-19 05:00:00,0.0,0.0,0.0,0.0,0.0,21.77800000028219,0.0,0.0,0.0,0.0,0.0
2040-08-19 06:00:00,0.0,0.0,0.0,0.0,0.0,24.885375000187196,0.0,0.0,0.0,0.0,0.0
2040-08-19 07:00:00,0.0,0.0,0.0,0.0,0.0,30.106500000227243,0.0,0.0,0.0,0.0,0.0
2040-08-19 08:00:00,0.0,0.0,0.0,0.0,0.0,34.48787500022445,0.0,0.0,0.0,0.0,0.0
2040-08-19 09:00:00,0.0,0.0,0.0,0.0,0.0,36.245375000296214,0.0,0.0,0.0,0.0,0.0
2040-08-19 10:00:00,0.0,0.0,0.0,0.0,0.0,37.98712500021793,0.0,0.0,0.0,0.0,0.0
2040-08-19 11:00:00,0.0,0.0,0.0,0.0,0.0,39.22000000020489,0.0,0.0,0.0,0.0,0.0
2040-08-19 12:00:00,0.0,0.0,0.0,0.0,0.0,39.34387500025332,0.0,0.0,0.0,0.0,0.0
2040-08-19 13:00:00,0.0,0.0,0.0,0.0,0.0,39.023375000222586,0.0,0.0,0.0,0.0,0.0
2040-08-19 14:00:00,0.0,0.0,0.0,0.0,0.0,37.651000000187196,0.0,0.0,0.0,0.0,0.0
2040-08-19 15:00:00,0.0,0.0,0.0,0.0,0.0,37.276750000193715,0.0,0.0,0.0,0.0,0.0
2040-08-19 16:00:00,0.0,0.0,0.0,0.0,0.0,36.5011250001844,0.0,0.0,0.0,0.0,0.0
2040-08-19 17:00:00,0.0,0.0,0.0,0.0,0.0,35.2355000001844,0.0,0.0,0.0,0.0,0.0
2040-08-19 18:00:00,0.0,0.0,0.0,0.0,0.0,35.351000000257045,0.0,0.0,0.0,0.0,0.0
2040-08-19 19:00:00,0.0,0.0,0.0,0.0,0.0,38.291750000207685,0.0,0.0,0.0,0.0,0.0
2040-08-19 20:00:00,0.0,0.0,0.0,0.0,0.0,39.2153750002617,0.0,0.0,0.0,0.0,0.0
2040-08-19 21:00:00,0.0,0.0,0.0,0.0,0.0,37.62687500019092,0.0,0.0,0.0,0.0,0.0
2040-08-19 22:00:00,0.0,0.0,0.0,0.0,0.0,35.77937500027474,0.0,0.0,0.0,0.0,0.0
2040-08-19 23:00:00,0.0,0.0,0.0,0.0,0.0,32.880250000278465,0.0,0.0,0.0,0.0,0.0
2040-08-20 00:00:00,0.0,0.0,0.0,0.0,0.0,29.073000000207685,0.0,0.0,0.0,0.0,0.0
2040-08-20 01:00:00,0.0,0.0,0.0,0.0,0.0,26.11212500021793,0.0,0.0,0.0,0.0,0.0
2040-08-20 02:00:00,0.0,0.0,0.0,0.0,0.0,24.01825000019744,0.0,0.0,0.0,0.0,0.0
2040-08-20 03:00:00,0.0,0.0,0.0,0.0,0.0,23.15812500019092,0.0,0.0,0.0,0.0,0.0
2040-08-20 04:00:00,0.0,0.0,0.0,0.0,0.0,22.62312500027474,0.0,0.0,0.0,0.0,0.0
2040-08-20 05:00:00,0.0,0.0,0.0,0.0,0.0,22.85537500027567,0.0,0.0,0.0,0.0,0.0
2040-08-20 06:00:00,0.0,0.0,0.0,0.0,0.0,25.164250000263564,0.0,0.0,0.0,0.0,0.0
2040-08-20 07:00:00,0.0,0.0,0.0,0.0,0.0,31.20537500025239,0.0,0.0,0.0,0.0,0.0
2040-08-20 08:00:00,0.0,0.0,0.0,0.0,0.0,34.81050000025425,0.0,0.0,0.0,0.0,0.0
2040-08-20 09:00:00,0.0,0.0,0.0,0.0,0.0,37.84187500027474,0.0,0.0,0.0,0.0,0.0
2040-08-20 10:00:00,0.0,0.0,0.0,0.0,0.0,39.120500000193715,0.0,0.0,0.0,0.0,0.0
2040-08-20 11:00:00,0.0,0.0,0.0,0.0,0.0,40.66125000023749,0.0,0.0,0.0,0.0,0.0
2040-08-20 12:00:00,0.0,0.0,0.0,0.0,0.0,41.10587500024121,0.0,0.0,0.0,0.0,0.0
2040-08-20 13:00:00,0.0,0.0,0.0,0.0,0.0,39.23737500025891,0.0,0.0,0.0,0.0,0.0
2040-08-20 14:00:00,0.0,0.0,0.0,0.0,0.0,38.36112500028685,0.0,0.0,0.0,0.0,0.0
2040-08-20 15:00:00,0.0,0.0,0.0,0.0,0.0,38.51937500026543,0.0,0.0,0.0,0.0,0.0
2040-08-20 16:00:00,0.0,0.0,0.0,0.0,0.0,38.06800000020303,0.0,0.0,0.0,0.0,0.0
2040-08-20 17:00:00,0.0,0.0,0.0,0.0,0.0,36.33012500021141,0.0,0.0,0.0,0.0,0.0
2040-08-20 18:00:00,0.0,0.0,0.0,0.0,0.0,36.29462500021327,0.0,0.0,0.0,0.0,0.0
2040-08-20 19:00:00,0.0,0.0,0.0,0.0,0.0,39.35750000027474,0.0,0.0,0.0,0.0,0.0
2040-08-20 20:00:00,0.0,0.0,0.0,0.0,0.0,39.80262500024401,0.0,0.0,0.0,0.0,0.0
2040-08-20 21:00:00,0.0,0.0,0.0,0.0,0.0,38.69087500020396,0.0,0.0,0.0,0.0,0.0
2040-08-20 22:00:00,0.0,0.0,0.0,0.0,0.0,36.479125000187196,0.0,0.0,0.0,0.0,0.0
2040-08-20 23:00:00,0.0,0.0,0.0,0.0,0.0,34.50012500025332,0.0,0.0,0.0,0.0,0.0
2040-08-21 00:00:00,0.0,0.0,0.0,0.0,0.0,30.887500000186265,0.0,0.0,0.0,0.0,0.0
2040-08-21 01:00:00,0.0,0.0,0.0,0.0,0.0,27.152750000241213,0.0,0.0,0.0,0.0,0.0
2040-08-21 02:00:00,0.0,0.0,0.0,0.0,0.0,24.92000000027474,0.0,0.0,0.0,0.0,0.0
2040-08-21 03:00:00,0.0,0.0,0.0,0.0,0.0,23.92462500021793,0.0,0.0,0.0,0.0,0.0
2040-08-21 04:00:00,0.0,0.0,0.0,0.0,0.0,23.207625000271946,0.0,0.0,0.0,0.0,0.0
2040-08-21 05:00:00,0.0,0.0,0.0,0.0,0.0,23.164250000263564,0.0,0.0,0.0,0.0,0.0
2040-08-21 06:00:00,0.0,0.0,0.0,0.0,0.0,25.319625000236556,0.0,0.0,0.0,0.0,0.0
2040-08-21 07:00:00,0.0,0.0,0.0,0.0,0.0,31.098000000230968,0.0,0.0,0.0,0.0,0.0
2040-08-21 08:00:00,0.0,0.0,0.0,0.0,0.0,34.97012500022538,0.0,0.0,0.0,0.0,0.0
2040-08-21 09:00:00,0.0,0.0,0.0,0.0,0.0,36.68837500025984,0.0,0.0,0.0,0.0,0.0
2040-08-21 10:00:00,0.0,0.0,0.0,0.0,0.0,37.99812500027474,0.0,0.0,0.0,0.0,0.0
2040-08-21 11:00:00,0.0,0.0,0.0,0.0,0.0,39.58187500026543,0.0,0.0,0.0,0.0,0.0
2040-08-21 12:00:00,0.0,0.0,0.0,0.0,0.0,39.991250000196885,0.0,0.0,0.0,0.0,0.0
2040-08-21 13:00:00,0.0,0.0,0.0,0.0,0.0,39.55225000018254,0.0,0.0,0.0,0.0,0.0
2040-08-21 14:00:00,0.0,0.0,0.0,0.0,0.0,38.45062500028871,0.0,0.0,0.0,0.0,0.0
2040-08-21 15:00:00,0.0,0.0,0.0,0.0,0.0,38.229875000193715,0.0,0.0,0.0,0.0,0.0
2040-08-21 16:00:00,0.0,0.0,0.0,0.0,0.0,37.495625000214204,0.0,0.0,0.0,0.0,0.0
2040-08-21 17:00:00,0.0,0.0,0.0,0.0,0.0,35.539125000243075,0.0,0.0,0.0,0.0,0.0
2040-08-21 18:00:00,0.0,0.0,0.0,0.0,0.0,35.963625000207685,0.0,0.0,0.0,0.0,0.0
2040-08-21 19:00:00,0.0,0.0,0.0,0.0,0.0,38.632750000222586,0.0,0.0,0.0,0.0,0.0
2040-08-21 20:00:00,0.0,0.0,0.0,0.0,0.0,39.507250000257045,0.0,0.0,0.0,0.0,0.0
2040-08-21 21:00:00,0.0,0.0,0.0,0.0,0.0,38.49737500026822,0.0,0.0,0.0,0.0,0.0
2040-08-21 22:00:00,0.0,0.0,0.0,0.0,0.0,36.73237500025425,0.0,0.0,0.0,0.0,0.0
2040-08-21 23:00:00,0.0,0.0,0.0,0.0,0.0,33.57062500028405,0.0,0.0,0.0,0.0,0.0
2040-08-22 00:00:00,0.0,0.0,0.0,0.0,0.0,30.389000000199303,0.0,0.0,0.0,0.0,0.0
2040-08-22 01:00:00,0.0,0.0,0.0,0.0,0.0,27.31862500018906,0.0,0.0,0.0,0.0,0.0
2040-08-22 02:00:00,0.0,0.0,0.0,0.0,0.0,24.636875000200234,0.0,0.0,0.0,0.0,0.0
2040-08-22 03:00:00,0.0,0.0,0.0,0.0,0.0,23.45562500017695,0.0,0.0,0.0,0.0,0.0
2040-08-22 04:00:00,0.0,0.0,0.0,0.0,0.0,22.70125000027474,0.0,0.0,0.0,0.0,0.0
2040-08-22 05:00:00,0.0,0.0,0.0,0.0,0.0,22.74925000022631,0.0,0.0,0.0,0.0,0.0
2040-08-22 06:00:00,0.0,0.0,0.0,0.0,0.0,25.021625000284985,0.0,0.0,0.0,0.0,0.0
2040-08-22 07:00:00,0.0,0.0,0.0,0.0,0.0,30.758250000188127,0.0,0.0,0.0,0.0,0.0
2040-08-22 08:00:00,0.0,0.0,0.0,0.0,0.0,35.1896250002319,0.0,0.0,0.0,0.0,0.0
2040-08-22 09:00:00,0.0,0.0,0.0,0.0,0.0,37.20512500021141,0.0,0.0,0.0,0.0,0.0
2040-08-22 10:00:00,0.0,0.0,0.0,0.0,0.0,39.08825000026263,0.0,0.0,0.0,0.0,0.0
2040-08-22 11:00:00,0.0,0.0,0.0,0.0,0.0,40.61962500028312,0.0,0.0,0.0,0.0,0.0
2040-08-22 12:00:00,0.0,0.0,0.0,0.0,0.0,41.15087500028312,0.0,0.0,0.0,0.0,0.0
2040-08-22 13:00:00,0.0,0.0,0.0,0.0,0.0,41.13000000023749,0.0,0.0,0.0,0.0,0.0
2040-08-22 14:00:00,0.0,0.0,0.0,0.0,0.0,40.29012500029057,0.0,0.0,0.0,0.0,0.0
2040-08-22 15:00:00,0.0,0.0,0.0,0.0,0.0,40.005125000257976,0.0,0.0,0.0,0.0,0.0
2040-08-22 16:00:00,0.0,0.0,0.0,0.0,0.0,38.65512500028126,0.0,0.0,0.0,0.0,0.0
2040-08-22 17:00:00,0.0,0.0,0.0,0.0,0.0,36.19762500026263,0.0,0.0,0.0,0.0,0.0
2040-08-22 18:00:00,0.0,0.0,0.0,0.0,0.0,36.12037500028964,0.0,0.0,0.0,0.0,0.0
2040-08-22 19:00:00,0.0,0.0,0.0,0.0,0.0,38.990875000250526,0.0,0.0,0.0,0.0,0.0
2040-08-22 20:00:00,0.0,0.0,0.0,0.0,0.0,39.396500000264496,0.0,0.0,0.0,0.0,0.0
2040-08-22 21:00:00,0.0,0.0,0.0,0.0,0.0,37.976625000243075,0.0,0.0,0.0,0.0,0.0
2040-08-22 22:00:00,0.0,0.0,0.0,0.0,0.0,35.678375000250526,0.0,0.0,0.0,0.0,0.0
2040-08-22 23:00:00,0.0,0.0,0.0,0.0,0.0,32.95550000027288,0.0,0.0,0.0,0.0,0.0
2040-08-23 00:00:00,0.0,0.0,0.0,0.0,0.0,29.23462500027381,0.0,0.0,0.0,0.0,0.0
2040-08-23 01:00:00,0.0,0.0,0.0,0.0,0.0,25.93350000027567,0.0,0.0,0.0,0.0,0.0
2040-08-23 02:00:00,0.0,0.0,0.0,0.0,0.0,23.944875000277534,0.0,0.0,0.0,0.0,0.0
2040-08-23 03:00:00,0.0,0.0,0.0,0.0,0.0,22.949375000200234,0.0,0.0,0.0,0.0,0.0
2040-08-23 04:00:00,0.0,0.0,0.0,0.0,0.0,22.350750000216067,0.0,0.0,0.0,0.0,0.0
2040-08-23 05:00:00,0.0,0.0,0.0,0.0,0.0,22.632375000277534,0.0,0.0,0.0,0.0,0.0
2040-08-23 06:00:00,0.0,0.0,0.0,0.0,0.0,24.94087500020396,0.0,0.0,0.0,0.0,0.0
2040-08-23 07:00:00,0.0,0.0,0.0,0.0,0.0,30.408000000286847,0.0,0.0,0.0,0.0,0.0
2040-08-23 08:00:00,0.0,0.0,0.0,0.0,0.0,35.44900000025518,0.0,0.0,0.0,0.0,0.0
2040-08-23 09:00:00,0.0,0.0,0.0,0.0,0.0,38.06050000025425,0.0,0.0,0.0,0.0,0.0
2040-08-23 10:00:00,0.0,0.0,0.0,0.0,0.0,39.744250000221655,0.0,0.0,0.0,0.0,0.0
2040-08-23 11:00:00,0.0,0.0,0.0,0.0,0.0,41.21975000028033,0.0,0.0,0.0,0.0,0.0
2040-08-23 12:00:00,0.0,0.0,0.0,0.0,0.0,41.479375000228174,0.0,0.0,0.0,0.0,0.0
2040-08-23 13:00:00,0.0,0.0,0.0,0.0,0.0,40.59300000022631,0.0,0.0,0.0,0.0,0.0
2040-08-23 14:00:00,0.0,0.0,0.0,0.0,0.0,39.98675000027288,0.0,0.0,0.0,0.0,0.0
2040-08-23 15:00:00,0.0,0.0,0.0,0.0,0.0,39.364625000278465,0.0,0.0,0.0,0.0,0.0
2040-08-23 16:00:00,0.0,0.0,0.0,0.0,0.0,35.79137500026263,0.0,0.0,0.0,0.0,0.0
2040-08-23 17:00:00,0.0,0.0,0.0,0.0,0.0,34.4185000002617,0.0,0.0,0.0,0.0,0.0
2040-08-23 18:00:00,0.0,0.0,0.0,0.0,0.0,34.97137500019744,0.0,0.0,0.0,0.0,0.0
2040-08-23 19:00:00,0.0,0.0,0.0,0.0,0.0,37.6685000002617,0.0,0.0,0.0,0.0,0.0
2040-08-23 20:00:00,0.0,0.0,0.0,0.0,0.0,38.400500000221655,0.0,0.0,0.0,0.0,0.0
2040-08-23 21:00:00,0.0,0.0,0.0,0.0,0.0,37.37250000028871,0.0,0.0,0.0,0.0,0.0
2040-08-23 22:00:00,0.0,0.0,0.0,0.0,0.0,36.23037500027567,0.0,0.0,0.0,0.0,0.0
2040-08-23 23:00:00,0.0,0.0,0.0,0.0,0.0,34.26587500027381,0.0,0.0,0.0,0.0,0.0
2040-08-24 00:00:00,0.0,0.0,0.0,0.0,0.0,31.12425000022631,0.0,0.0,0.0,0.0,0.0
2040-08-24 01:00:00,0.0,0.0,0.0,0.0,0.0,28.31600000022445,0.0,0.0,0.0,0.0,0.0
2040-08-24 02:00:00,0.0,0.0,0.0,0.0,0.0,25.413750000181608,0.0,0.0,0.0,0.0,0.0
2040-08-24 03:00:00,0.0,0.0,0.0,0.0,0.0,23.162500000209548,0.0,0.0,0.0,0.0,0.0
2040-08-24 04:00:00,0.0,0.0,0.0,0.0,0.0,22.528500000247732,0.0,0.0,0.0,0.0,0.0
2040-08-24 05:00:00,0.0,0.0,0.0,0.0,0.0,23.32762500026729,0.0,0.0,0.0,0.0,0.0
2040-08-24 06:00:00,0.0,0.0,0.0,0.0,0.0,23.19037500023842,0.0,0.0,0.0,0.0,0.0
2040-08-24 07:00:00,0.0,0.0,0.0,0.0,0.0,25.365375000284985,0.0,0.0,0.0,0.0,0.0
2040-08-24 08:00:00,0.0,0.0,0.0,0.0,0.0,28.641000000177883,0.0,0.0,0.0,0.0,0.0
2040-08-24 09:00:00,0.0,0.0,0.0,0.0,0.0,32.07075000018813,0.0,0.0,0.0,0.0,0.0
2040-08-24 10:00:00,0.0,0.0,0.0,0.0,0.0,35.56950000021607,0.0,0.0,0.0,0.0,0.0
2040-08-24 11:00:00,0.0,0.0,0.0,0.0,0.0,37.913375000236556,0.0,0.0,0.0,0.0,0.0
2040-08-24 12:00:00,0.0,0.0,0.0,0.0,0.0,38.72887500026263,0.0,0.0,0.0,0.0,0.0
2040-08-24 13:00:00,0.0,0.0,0.0,0.0,0.0,38.02875000028871,0.0,0.0,0.0,0.0,0.0
2040-08-24 14:00:00,0.0,0.0,0.0,0.0,0.0,36.88325000018813,0.0,0.0,0.0,0.0,0.0
2040-08-24 15:00:00,0.0,0.0,0.0,0.0,0.0,36.520500000217,0.0,0.0,0.0,0.0,0.0
2040-08-24 16:00:00,0.0,0.0,0.0,0.0,0.0,35.35850000020582,0.0,0.0,0.0,0.0,0.0
2040-08-24 17:00:00,0.0,0.0,0.0,0.0,0.0,34.61262500018347,0.0,0.0,0.0,0.0,0.0
2040-08-24 18:00:00,0.0,0.0,0.0,0.0,0.0,34.834625000250526,0.0,0.0,0.0,0.0,0.0
2040-08-24 19:00:00,0.0,0.0,0.0,0.0,0.0,38.22025000024587,0.0,0.0,0.0,0.0,0.0
2040-08-24 20:00:00,0.0,0.0,0.0,0.0,0.0,38.365875000250526,0.0,0.0,0.0,0.0,0.0
2040-08-24 21:00:00,0.0,0.0,0.0,0.0,0.0,37.37550000019837,0.0,0.0,0.0,0.0,0.0
2040-08-24 22:00:00,0.0,0.0,0.0,0.0,0.0,35.68762500025332,0.0,0.0,0.0,0.0,0.0
2040-08-24 23:00:00,0.0,0.0,0.0,0.0,0.0,33.10812500026077,0.0,0.0,0.0,0.0,0.0
2040-08-25 00:00:00,0.0,0.0,0.0,0.0,0.0,30.189875000272878,0.0,0.0,0.0,0.0,0.0
2040-08-25 01:00:00,0.0,0.0,0.0,0.0,0.0,27.802000000257976,0.0,0.0,0.0,0.0,0.0
2040-08-25 02:00:00,0.0,0.0,0.0,0.0,0.0,24.981625000247732,0.0,0.0,0.0,0.0,0.0
2040-08-25 03:00:00,0.0,0.0,0.0,0.0,0.0,23.41175000020303,0.0,0.0,0.0,0.0,0.0
2040-08-25 04:00:00,0.0,0.0,0.0,0.0,0.0,22.419500000192784,0.0,0.0,0.0,0.0,0.0
2040-08-25 05:00:00,0.0,0.0,0.0,0.0,0.0,22.28262500022538,0.0,0.0,0.0,0.0,0.0
2040-08-25 06:00:00,0.0,0.0,0.0,0.0,0.0,22.206875000265427,0.0,0.0,0.0,0.0,0.0
2040-08-25 07:00:00,0.0,0.0,0.0,0.0,0.0,22.73487500019837,0.0,0.0,0.0,0.0,0.0
2040-08-25 08:00:00,0.0,0.0,0.0,0.0,0.0,23.97062500019092,0.0,0.0,0.0,0.0,0.0
2040-08-25 09:00:00,0.0,0.0,0.0,0.0,0.0,25.39112500019837,0.0,0.0,0.0,0.0,0.0
2040-08-25 10:00:00,0.0,0.0,0.0,0.0,0.0,27.712250000215136,0.0,0.0,0.0,0.0,0.0
2040-08-25 11:00:00,0.0,0.0,0.0,0.0,0.0,30.977875000215136,0.0,0.0,0.0,0.0,0.0
2040-08-25 12:00:00,0.0,0.0,0.0,0.0,0.0,33.32325000024866,0.0,0.0,0.0,0.0,0.0
2040-08-25 13:00:00,0.0,0.0,0.0,0.0,0.0,35.04462500021327,0.0,0.0,0.0,0.0,0.0
2040-08-25 14:00:00,0.0,0.0,0.0,0.0,0.0,35.44000000017695,0.0,0.0,0.0,0.0,0.0
2040-08-25 15:00:00,0.0,0.0,0.0,0.0,0.0,34.99987500021234,0.0,0.0,0.0,0.0,0.0
2040-08-25 16:00:00,0.0,0.0,0.0,0.0,0.0,34.22100000025239,0.0,0.0,0.0,0.0,0.0
2040-08-25 17:00:00,0.0,0.0,0.0,0.0,0.0,33.97075000021141,0.0,0.0,0.0,0.0,0.0
2040-08-25 18:00:00,0.0,0.0,0.0,0.0,0.0,34.70050000026822,0.0,0.0,0.0,0.0,0.0
2040-08-25 19:00:00,0.0,0.0,0.0,0.0,0.0,37.92387500021141,0.0,0.0,0.0,0.0,0.0
2040-08-25 20:00:00,0.0,0.0,0.0,0.0,0.0,38.96387500024866,0.0,0.0,0.0,0.0,0.0
2040-08-25 21:00:00,0.0,0.0,0.0,0.0,0.0,38.278125000186265,0.0,0.0,0.0,0.0,0.0
2040-08-25 22:00:00,0.0,0.0,0.0,0.0,0.0,36.32675000024028,0.0,0.0,0.0,0.0,0.0
2040-08-25 23:00:00,0.0,0.0,0.0,0.0,0.0,33.71825000026729,0.0,0.0,0.0,0.0,0.0
2040-08-26 00:00:00,0.0,0.0,0.0,0.0,0.0,30.019875000230968,0.0,0.0,0.0,0.0,0.0
2040-08-26 01:00:00,0.0,0.0,0.0,0.0,0.0,26.521625000284985,0.0,0.0,0.0,0.0,0.0
2040-08-26 02:00:00,0.0,0.0,0.0,0.0,0.0,24.59050000028219,0.0,0.0,0.0,0.0,0.0
2040-08-26 03:00:00,0.0,0.0,0.0,0.0,0.0,23.472625000285916,0.0,0.0,0.0,0.0,0.0
2040-08-26 04:00:00,0.0,0.0,0.0,0.0,0.0,22.884750000201166,0.0,0.0,0.0,0.0,0.0
2040-08-26 05:00:00,0.0,0.0,0.0,0.0,0.0,22.896250000223517,0.0,0.0,0.0,0.0,0.0
2040-08-26 06:00:00,0.0,0.0,0.0,0.0,0.0,25.59637500019744,0.0,0.0,0.0,0.0,0.0
2040-08-26 07:00:00,0.0,0.0,0.0,0.0,0.0,31.19037500023842,0.0,0.0,0.0,0.0,0.0
2040-08-26 08:00:00,0.0,0.0,0.0,0.0,0.0,35.00537500018254,0.0,0.0,0.0,0.0,0.0
2040-08-26 09:00:00,0.0,0.0,0.0,0.0,0.0,36.8118750002468,0.0,0.0,0.0,0.0,0.0
2040-08-26 10:00:00,0.0,0.0,0.0,0.0,0.0,37.762625000206754,0.0,0.0,0.0,0.0,0.0
2040-08-26 11:00:00,0.0,0.0,0.0,0.0,0.0,39.54587500018661,0.0,0.0,0.0,0.0,0.0
2040-08-26 12:00:00,0.0,0.0,0.0,0.0,0.0,39.57125000027008,0.0,0.0,0.0,0.0,0.0
2040-08-26 13:00:00,0.0,0.0,0.0,0.0,0.0,38.366750000277534,0.0,0.0,0.0,0.0,0.0
2040-08-26 14:00:00,0.0,0.0,0.0,0.0,0.0,37.05375000019558,0.0,0.0,0.0,0.0,0.0
2040-08-26 15:00:00,0.0,0.0,0.0,0.0,0.0,37.50175000028685,0.0,0.0,0.0,0.0,0.0
2040-08-26 16:00:00,0.0,0.0,0.0,0.0,0.0,38.67212500027381,0.0,0.0,0.0,0.0,0.0
2040-08-26 17:00:00,0.0,0.0,0.0,0.0,0.0,35.666875000228174,0.0,0.0,0.0,0.0,0.0
2040-08-26 18:00:00,0.0,0.0,0.0,0.0,0.0,35.63075000024401,0.0,0.0,0.0,0.0,0.0
2040-08-26 19:00:00,0.0,0.0,0.0,0.0,0.0,38.118375000194646,0.0,0.0,0.0,0.0,0.0
2040-08-26 20:00:00,0.0,0.0,0.0,0.0,0.0,39.745500000193715,0.0,0.0,0.0,0.0,0.0
2040-08-26 21:00:00,0.0,0.0,0.0,0.0,0.0,39.1261250001844,0.0,0.0,0.0,0.0,0.0
2040-08-26 22:00:00,0.0,0.0,0.0,0.0,0.0,37.100875000236556,0.0,0.0,0.0,0.0,0.0
2040-08-26 23:00:00,0.0,0.0,0.0,0.0,0.0,33.758375000208616,0.0,0.0,0.0,0.0,0.0
2040-08-27 00:00:00,0.0,0.0,0.0,0.0,0.0,29.75262500019744,0.0,0.0,0.0,0.0,0.0
2040-08-27 01:00:00,0.0,0.0,0.0,0.0,0.0,26.43875000020489,0.0,0.0,0.0,0.0,0.0
2040-08-27 02:00:00,0.0,0.0,0.0,0.0,0.0,24.15900000021793,0.0,0.0,0.0,0.0,0.0
2040-08-27 03:00:00,0.0,0.0,0.0,0.0,0.0,23.429625000222586,0.0,0.0,0.0,0.0,0.0
2040-08-27 04:00:00,0.0,0.0,0.0,0.0,0.0,22.913125000195578,0.0,0.0,0.0,0.0,0.0
2040-08-27 05:00:00,0.0,0.0,0.0,0.0,0.0,22.78150000027381,0.0,0.0,0.0,0.0,0.0
2040-08-27 06:00:00,0.0,0.0,0.0,0.0,0.0,25.36075000022538,0.0,0.0,0.0,0.0,0.0
2040-08-27 07:00:00,0.0,0.0,0.0,0.0,0.0,30.560250000213273,0.0,0.0,0.0,0.0,0.0
2040-08-27 08:00:00,0.0,0.0,0.0,0.0,0.0,33.74400000018068,0.0,0.0,0.0,0.0,0.0
2040-08-27 09:00:00,0.0,0.0,0.0,0.0,0.0,35.7208750002319,0.0,0.0,0.0,0.0,0.0
2040-08-27 10:00:00,0.0,0.0,0.0,0.0,0.0,37.78762500023004,0.0,0.0,0.0,0.0,0.0
2040-08-27 11:00:00,0.0,0.0,0.0,0.0,0.0,38.78662500018254,0.0,0.0,0.0,0.0,0.0
2040-08-27 12:00:00,0.0,0.0,0.0,0.0,0.0,39.97437500022352,0.0,0.0,0.0,0.0,0.0
2040-08-27 13:00:00,0.0,0.0,0.0,0.0,0.0,40.65875000017695,0.0,0.0,0.0,0.0,0.0
2040-08-27 14:00:00,0.0,0.0,0.0,0.0,0.0,39.11637500021607,0.0,0.0,0.0,0.0,0.0
2040-08-27 15:00:00,0.0,0.0,0.0,0.0,0.0,39.16962500021327,0.0,0.0,0.0,0.0,0.0
2040-08-27 16:00:00,0.0,0.0,0.0,0.0,0.0,37.904500000178814,0.0,0.0,0.0,0.0,0.0
2040-08-27 17:00:00,0.0,0.0,0.0,0.0,0.0,36.34412500017788,0.0,0.0,0.0,0.0,0.0
2040-08-27 18:00:00,0.0,0.0,0.0,0.0,0.0,36.81100000021979,0.0,0.0,0.0,0.0,0.0
2040-08-27 19:00:00,0.0,0.0,0.0,0.0,0.0,39.278125000186265,0.0,0.0,0.0,0.0,0.0
2040-08-27 20:00:00,0.0,0.0,0.0,0.0,0.0,39.461500000208616,0.0,0.0,0.0,0.0,0.0
2040-08-27 21:00:00,0.0,0.0,0.0,0.0,0.0,38.57262500026263,0.0,0.0,0.0,0.0,0.0
2040-08-27 22:00:00,0.0,0.0,0.0,0.0,0.0,36.62912500021048,0.0,0.0,0.0,0.0,0.0
2040-08-27 23:00:00,0.0,0.0,0.0,0.0,0.0,33.67225000017788,0.0,0.0,0.0,0.0,0.0
2040-08-28 00:00:00,0.0,0.0,0.0,0.0,0.0,28.949250000179745,0.0,0.0,0.0,0.0,0.0
2040-08-28 01:00:00,0.0,0.0,0.0,0.0,0.0,25.352500000270084,0.0,0.0,0.0,0.0,0.0
2040-08-28 02:00:00,0.0,0.0,0.0,0.0,0.0,23.134500000276603,0.0,0.0,0.0,0.0,0.0
2040-08-28 03:00:00,0.0,0.0,0.0,0.0,0.0,21.506500000250526,0.0,0.0,0.0,0.0,0.0
2040-08-28 04:00:00,0.0,0.0,0.0,0.0,0.0,21.724750000284985,0.0,0.0,0.0,0.0,0.0
2040-08-28 05:00:00,0.0,0.0,0.0,0.0,0.0,23.069625000236556,0.0,0.0,0.0,0.0,0.0
2040-08-28 06:00:00,0.0,0.0,0.0,0.0,0.0,25.661500000278465,0.0,0.0,0.0,0.0,0.0
2040-08-28 07:00:00,0.0,0.0,0.0,0.0,0.0,31.50012500025332,0.0,0.0,0.0,0.0,0.0
2040-08-28 08:00:00,0.0,0.0,0.0,0.0,0.0,34.946750000235625,0.0,0.0,0.0,0.0,0.0
2040-08-28 09:00:00,0.0,0.0,0.0,0.0,0.0,37.16862500028219,0.0,0.0,0.0,0.0,0.0
2040-08-28 10:00:00,0.0,0.0,0.0,0.0,0.0,39.184375000186265,0.0,0.0,0.0,0.0,0.0
2040-08-28 11:00:00,0.0,0.0,0.0,0.0,0.0,40.89050000021234,0.0,0.0,0.0,0.0,0.0
2040-08-28 12:00:00,0.0,0.0,0.0,0.0,0.0,41.42662500019651,0.0,0.0,0.0,0.0,0.0
2040-08-28 13:00:00,0.0,0.0,0.0,0.0,0.0,40.88862500025425,0.0,0.0,0.0,0.0,0.0
2040-08-28 14:00:00,0.0,0.0,0.0,0.0,0.0,39.73475000017788,0.0,0.0,0.0,0.0,0.0
2040-08-28 15:00:00,0.0,0.0,0.0,0.0,0.0,40.12912500021048,0.0,0.0,0.0,0.0,0.0
2040-08-28 16:00:00,0.0,0.0,0.0,0.0,0.0,38.39537500019651,0.0,0.0,0.0,0.0,0.0
2040-08-28 17:00:00,0.0,0.0,0.0,0.0,0.0,36.64325000019744,0.0,0.0,0.0,0.0,0.0
2040-08-28 18:00:00,0.0,0.0,0.0,0.0,0.0,36.3688750002766,0.0,0.0,0.0,0.0,0.0
2040-08-28 19:00:00,0.0,0.0,0.0,0.0,0.0,38.615250000264496,0.0,0.0,0.0,0.0,0.0
2040-08-28 20:00:00,0.0,0.0,0.0,0.0,0.0,40.00262500019744,0.0,0.0,0.0,0.0,0.0
2040-08-28 21:00:00,0.0,0.0,0.0,0.0,0.0,39.12762500019744,0.0,0.0,0.0,0.0,0.0
2040-08-28 22:00:00,0.0,0.0,0.0,0.0,0.0,36.64500000025146,0.0,0.0,0.0,0.0,0.0
2040-08-28 23:00:00,0.0,0.0,0.0,0.0,0.0,32.91100000019651,0.0,0.0,0.0,0.0,0.0
2040-08-29 00:00:00,0.0,0.0,0.0,0.0,0.0,28.61612500017509,0.0,0.0,0.0,0.0,0.0
2040-08-29 01:00:00,0.0,0.0,0.0,0.0,0.0,25.271375000244007,0.0,0.0,0.0,0.0,0.0
2040-08-29 02:00:00,0.0,0.0,0.0,0.0,0.0,23.296000000205822,0.0,0.0,0.0,0.0,0.0
2040-08-29 03:00:00,0.0,0.0,0.0,0.0,0.0,22.254500000271946,0.0,0.0,0.0,0.0,0.0
2040-08-29 04:00:00,0.0,0.0,0.0,0.0,0.0,21.71887500025332,0.0,0.0,0.0,0.0,0.0
2040-08-29 05:00:00,0.0,0.0,0.0,0.0,0.0,21.90812500019092,0.0,0.0,0.0,0.0,0.0
2040-08-29 06:00:00,0.0,0.0,0.0,0.0,0.0,24.95637500018347,0.0,0.0,0.0,0.0,0.0
2040-08-29 07:00:00,0.0,0.0,0.0,0.0,0.0,31.358500000205822,0.0,0.0,0.0,0.0,0.0
2040-08-29 08:00:00,0.0,0.0,0.0,0.0,0.0,34.30100000021048,0.0,0.0,0.0,0.0,0.0
2040-08-29 09:00:00,0.0,0.0,0.0,0.0,0.0,36.10987500019837,0.0,0.0,0.0,0.0,0.0
2040-08-29 10:00:00,0.0,0.0,0.0,0.0,0.0,37.43200000026263,0.0,0.0,0.0,0.0,0.0
2040-08-29 11:00:00,0.0,0.0,0.0,0.0,0.0,38.634875000221655,0.0,0.0,0.0,0.0,0.0
2040-08-29 12:00:00,0.0,0.0,0.0,0.0,0.0,39.387500000186265,0.0,0.0,0.0,0.0,0.0
2040-08-29 13:00:00,0.0,0.0,0.0,0.0,0.0,39.49575000023469,0.0,0.0,0.0,0.0,0.0
2040-08-29 14:00:00,0.0,0.0,0.0,0.0,0.0,39.21462500025518,0.0,0.0,0.0,0.0,0.0
2040-08-29 15:00:00,0.0,0.0,0.0,0.0,0.0,39.60525000025518,0.0,0.0,0.0,0.0,0.0
2040-08-29 16:00:00,0.0,0.0,0.0,0.0,0.0,39.287750000250526,0.0,0.0,0.0,0.0,0.0
2040-08-29 17:00:00,0.0,0.0,0.0,0.0,0.0,38.098875000257976,0.0,0.0,0.0,0.0,0.0
2040-08-29 18:00:00,0.0,0.0,0.0,0.0,0.0,37.06600000022445,0.0,0.0,0.0,0.0,0.0
2040-08-29 19:00:00,0.0,0.0,0.0,0.0,0.0,38.913375000236556,0.0,0.0,0.0,0.0,0.0
2040-08-29 20:00:00,0.0,0.0,0.0,0.0,0.0,38.47762500029057,0.0,0.0,0.0,0.0,0.0
2040-08-29 21:00:00,0.0,0.0,0.0,0.0,0.0,36.87800000025891,0.0,0.0,0.0,0.0,0.0
2040-08-29 22:00:00,0.0,0.0,0.0,0.0,0.0,35.193375000264496,0.0,0.0,0.0,0.0,0.0
2040-08-29 23:00:00,0.0,0.0,0.0,0.0,0.0,33.4562500002794,0.0,0.0,0.0,0.0,0.0
2040-08-30 00:00:00,0.0,0.0,0.0,0.0,0.0,30.226625000243075,0.0,0.0,0.0,0.0,0.0
2040-08-30 01:00:00,0.0,0.0,0.0,0.0,0.0,27.23112500028219,0.0,0.0,0.0,0.0,0.0
2040-08-30 02:00:00,0.0,0.0,0.0,0.0,0.0,25.005875000264496,0.0,0.0,0.0,0.0,0.0
2040-08-30 03:00:00,0.0,0.0,0.0,0.0,0.0,24.147625000216067,0.0,0.0,0.0,0.0,0.0
2040-08-30 04:00:00,0.0,0.0,0.0,0.0,0.0,23.528125000188645,0.0,0.0,0.0,0.0,0.0
2040-08-30 05:00:00,0.0,0.0,0.0,0.0,0.0,23.62237500026822,0.0,0.0,0.0,0.0,0.0
2040-08-30 06:00:00,0.0,0.0,0.0,0.0,0.0,25.507750000222586,0.0,0.0,0.0,0.0,0.0
2040-08-30 07:00:00,0.0,0.0,0.0,0.0,0.0,31.86100000026636,0.0,0.0,0.0,0.0,0.0
2040-08-30 08:00:00,0.0,0.0,0.0,0.0,0.0,35.11762500018813,0.0,0.0,0.0,0.0,0.0
2040-08-30 09:00:00,0.0,0.0,0.0,0.0,0.0,36.87487500021234,0.0,0.0,0.0,0.0,0.0
2040-08-30 10:00:00,0.0,0.0,0.0,0.0,0.0,38.01700000022538,0.0,0.0,0.0,0.0,0.0
2040-08-30 11:00:00,0.0,0.0,0.0,0.0,0.0,39.8376250002766,0.0,0.0,0.0,0.0,0.0
2040-08-30 12:00:00,0.0,0.0,0.0,0.0,0.0,40.19025000021793,0.0,0.0,0.0,0.0,0.0
2040-08-30 13:00:00,0.0,0.0,0.0,0.0,0.0,38.994125000201166,0.0,0.0,0.0,0.0,0.0
2040-08-30 14:00:00,0.0,0.0,0.0,0.0,0.0,37.48625000019092,0.0,0.0,0.0,0.0,0.0
2040-08-30 15:00:00,0.0,0.0,0.0,0.0,0.0,37.084125000284985,0.0,0.0,0.0,0.0,0.0
2040-08-30 16:00:00,0.0,0.0,0.0,0.0,0.0,35.39537500019651,0.0,0.0,0.0,0.0,0.0
2040-08-30 17:00:00,0.0,0.0,0.0,0.0,0.0,33.82450000022072,0.0,0.0,0.0,0.0,0.0
2040-08-30 18:00:00,0.0,0.0,0.0,0.0,0.0,34.73075000022072,0.0,0.0,0.0,0.0,0.0
2040-08-30 19:00:00,0.0,0.0,0.0,0.0,0.0,36.68800000019837,0.0,0.0,0.0,0.0,0.0
2040-08-30 20:00:00,0.0,0.0,0.0,0.0,0.0,38.223875000257976,0.0,0.0,0.0,0.0,0.0
2040-08-30 21:00:00,0.0,0.0,0.0,0.0,0.0,37.22900000028312,0.0,0.0,0.0,0.0,0.0
2040-08-30 22:00:00,0.0,0.0,0.0,0.0,0.0,35.865875000250526,0.0,0.0,0.0,0.0,0.0
2040-08-30 23:00:00,0.0,0.0,0.0,0.0,0.0,34.543875000206754,0.0,0.0,0.0,0.0,0.0
2040-08-31 00:00:00,0.0,0.0,0.0,0.0,0.0,33.089875000179745,0.0,0.0,0.0,0.0,0.0
2040-08-31 01:00:00,0.0,0.0,0.0,0.0,0.0,30.52175000018906,0.0,0.0,0.0,0.0,0.0
2040-08-31 02:00:00,0.0,0.0,0.0,0.0,0.0,28.237375000261686,0.0,0.0,0.0,0.0,0.0
2040-08-31 03:00:00,0.0,0.0,0.0,0.0,0.0,26.62250000028871,0.0,0.0,0.0,0.0,0.0
2040-08-31 04:00:00,0.0,0.0,0.0,0.0,0.0,25.883000000263564,0.0,0.0,0.0,0.0,0.0
2040-08-31 05:00:00,0.0,0.0,0.0,0.0,0.0,25.199625000241213,0.0,0.0,0.0,0.0,0.0
2040-08-31 06:00:00,0.0,0.0,0.0,0.0,0.0,25.32825000025332,0.0,0.0,0.0,0.0,0.0
2040-08-31 07:00:00,0.0,0.0,0.0,0.0,0.0,27.147250000271015,0.0,0.0,0.0,0.0,0.0
2040-08-31 08:00:00,0.0,0.0,0.0,0.0,0.0,29.582625000271946,0.0,0.0,0.0,0.0,0.0
2040-08-31 09:00:00,0.0,0.0,0.0,0.0,0.0,31.367625000188127,0.0,0.0,0.0,0.0,0.0
2040-08-31 10:00:00,0.0,0.0,0.0,0.0,0.0,33.85200000018813,0.0,0.0,0.0,0.0,0.0
2040-08-31 11:00:00,0.0,0.0,0.0,0.0,0.0,35.44500000018161,0.0,0.0,0.0,0.0,0.0
2040-08-31 12:00:00,0.0,0.0,0.0,0.0,0.0,37.12250000028871,0.0,0.0,0.0,0.0,0.0
2040-08-31 13:00:00,0.0,0.0,0.0,0.0,0.0,37.7310000002617,0.0,0.0,0.0,0.0,0.0
2040-08-31 14:00:00,0.0,0.0,0.0,0.0,0.0,37.17825000023004,0.0,0.0,0.0,0.0,0.0
2040-08-31 15:00:00,0.0,0.0,0.0,0.0,0.0,36.465750000206754,0.0,0.0,0.0,0.0,0.0
2040-08-31 16:00:00,0.0,0.0,0.0,0.0,0.0,35.20350000017788,0.0,0.0,0.0,0.0,0.0
2040-08-31 17:00:00,0.0,0.0,0.0,0.0,0.0,34.34600000025239,0.0,0.0,0.0,0.0,0.0
2040-08-31 18:00:00,0.0,0.0,0.0,0.0,0.0,34.86375000025146,0.0,0.0,0.0,0.0,0.0
2040-08-31 19:00:00,0.0,0.0,0.0,0.0,0.0,36.49400000018068,0.0,0.0,0.0,0.0,0.0
2040-08-31 20:00:00,0.0,0.0,0.0,0.0,0.0,36.804750000243075,0.0,0.0,0.0,0.0,0.0
2040-08-31 21:00:00,0.0,0.0,0.0,0.0,0.0,35.55225000018254,0.0,0.0,0.0,0.0,0.0
2040-08-31 22:00:00,0.0,0.0,0.0,0.0,0.0,34.01025000028312,0.0,0.0,0.0,0.0,0.0
2040-08-31 23:00:00,0.0,0.0,0.0,0.0,0.0,31.923000000184402,0.0,0.0,0.0,0.0,0.0
2040-09-01 00:00:00,0.0,0.0,0.0,0.0,0.0,30.15625,0.0,0.0,0.0,0.0,0.0
2040-09-01 01:00:00,0.0,0.0,0.0,0.0,0.0,27.644250000244938,0.0,0.0,0.0,0.0,0.0
2040-09-01 02:00:00,0.0,0.0,0.0,0.0,0.0,25.072250000201166,0.0,0.0,0.0,0.0,0.0
2040-09-01 03:00:00,0.0,0.0,0.0,0.0,0.0,23.24750000028871,0.0,0.0,0.0,0.0,0.0
2040-09-01 04:00:00,0.0,0.0,0.0,0.0,0.0,22.791000000201166,0.0,0.0,0.0,0.0,0.0
2040-09-01 05:00:00,0.0,0.0,0.0,0.0,0.0,21.94100000022445,0.0,0.0,0.0,0.0,0.0
2040-09-01 06:00:00,0.0,0.0,0.0,0.0,0.0,21.492500000284053,0.0,0.0,0.0,0.0,0.0
2040-09-01 07:00:00,0.0,0.0,0.0,0.0,0.0,21.94000000017695,0.0,0.0,0.0,0.0,0.0
2040-09-01 08:00:00,0.0,0.0,0.0,0.0,0.0,22.156000000191852,0.0,0.0,0.0,0.0,0.0
2040-09-01 09:00:00,0.0,0.0,0.0,0.0,0.0,23.487500000279397,0.0,0.0,0.0,0.0,0.0
2040-09-01 10:00:00,0.0,0.0,0.0,0.0,0.0,26.57950000022538,0.0,0.0,0.0,0.0,0.0
2040-09-01 11:00:00,0.0,0.0,0.0,0.0,0.0,29.08100000023842,0.0,0.0,0.0,0.0,0.0
2040-09-01 12:00:00,0.0,0.0,0.0,0.0,0.0,30.932750000269152,0.0,0.0,0.0,0.0,0.0
2040-09-01 13:00:00,0.0,0.0,0.0,0.0,0.0,32.446750000235625,0.0,0.0,0.0,0.0,0.0
2040-09-01 14:00:00,0.0,0.0,0.0,0.0,0.0,32.239500000257976,0.0,0.0,0.0,0.0,0.0
2040-09-01 15:00:00,0.0,0.0,0.0,0.0,0.0,31.17325000022538,0.0,0.0,0.0,0.0,0.0
2040-09-01 16:00:00,0.0,0.0,0.0,0.0,0.0,30.56525000021793,0.0,0.0,0.0,0.0,0.0
2040-09-01 17:00:00,0.0,0.0,0.0,0.0,0.0,30.218500000191852,0.0,0.0,0.0,0.0,0.0
2040-09-01 18:00:00,0.0,0.0,0.0,0.0,0.0,31.27175000018906,0.0,0.0,0.0,0.0,0.0
2040-09-01 19:00:00,0.0,0.0,0.0,0.0,0.0,34.364500000257976,0.0,0.0,0.0,0.0,0.0
2040-09-01 20:00:00,0.0,0.0,0.0,0.0,0.0,36.868750000256114,0.0,0.0,0.0,0.0,0.0
2040-09-01 21:00:00,0.0,0.0,0.0,0.0,0.0,36.590750000206754,0.0,0.0,0.0,0.0,0.0
2040-09-01 22:00:00,0.0,0.0,0.0,0.0,0.0,34.46000000019558,0.0,0.0,0.0,0.0,0.0
2040-09-01 23:00:00,0.0,0.0,0.0,0.0,0.0,31.261750000179745,0.0,0.0,0.0,0.0,0.0
2040-09-02 00:00:00,0.0,0.0,0.0,0.0,0.0,27.823250000248663,0.0,0.0,0.0,0.0,0.0
2040-09-02 01:00:00,0.0,0.0,0.0,0.0,0.0,25.253750000265427,0.0,0.0,0.0,0.0,0.0
2040-09-02 02:00:00,0.0,0.0,0.0,0.0,0.0,23.541250000242144,0.0,0.0,0.0,0.0,0.0
2040-09-02 03:00:00,0.0,0.0,0.0,0.0,0.0,22.58225000021048,0.0,0.0,0.0,0.0,0.0
2040-09-02 04:00:00,0.0,0.0,0.0,0.0,0.0,22.09450000023935,0.0,0.0,0.0,0.0,0.0
2040-09-02 05:00:00,0.0,0.0,0.0,0.0,0.0,21.824000000255182,0.0,0.0,0.0,0.0,0.0
2040-09-02 06:00:00,0.0,0.0,0.0,0.0,0.0,24.801000000211555,0.0,0.0,0.0,0.0,0.0
2040-09-02 07:00:00,0.0,0.0,0.0,0.0,0.0,29.798000000184402,0.0,0.0,0.0,0.0,0.0
2040-09-02 08:00:00,0.0,0.0,0.0,0.0,0.0,31.853250000276603,0.0,0.0,0.0,0.0,0.0
2040-09-02 09:00:00,0.0,0.0,0.0,0.0,0.0,34.72375000023749,0.0,0.0,0.0,0.0,0.0
2040-09-02 10:00:00,0.0,0.0,0.0,0.0,0.0,37.53950000018813,0.0,0.0,0.0,0.0,0.0
2040-09-02 11:00:00,0.0,0.0,0.0,0.0,0.0,38.85525000025518,0.0,0.0,0.0,0.0,0.0
2040-09-02 12:00:00,0.0,0.0,0.0,0.0,0.0,39.47050000028685,0.0,0.0,0.0,0.0,0.0
2040-09-02 13:00:00,0.0,0.0,0.0,0.0,0.0,39.308000000193715,0.0,0.0,0.0,0.0,0.0
2040-09-02 14:00:00,0.0,0.0,0.0,0.0,0.0,38.80900000024121,0.0,0.0,0.0,0.0,0.0
2040-09-02 15:00:00,0.0,0.0,0.0,0.0,0.0,38.927750000264496,0.0,0.0,0.0,0.0,0.0
2040-09-02 16:00:00,0.0,0.0,0.0,0.0,0.0,37.71000000019558,0.0,0.0,0.0,0.0,0.0
2040-09-02 17:00:00,0.0,0.0,0.0,0.0,0.0,35.4607500002021,0.0,0.0,0.0,0.0,0.0
2040-09-02 18:00:00,0.0,0.0,0.0,0.0,0.0,35.56100000021979,0.0,0.0,0.0,0.0,0.0
2040-09-02 19:00:00,0.0,0.0,0.0,0.0,0.0,36.744750000187196,0.0,0.0,0.0,0.0,0.0
2040-09-02 20:00:00,0.0,0.0,0.0,0.0,0.0,38.88775000022724,0.0,0.0,0.0,0.0,0.0
2040-09-02 21:00:00,0.0,0.0,0.0,0.0,0.0,38.149000000208616,0.0,0.0,0.0,0.0,0.0
2040-09-02 22:00:00,0.0,0.0,0.0,0.0,0.0,36.227750000194646,0.0,0.0,0.0,0.0,0.0
2040-09-02 23:00:00,0.0,0.0,0.0,0.0,0.0,33.53125,0.0,0.0,0.0,0.0,0.0
2040-09-03 00:00:00,0.0,0.0,0.0,0.0,0.0,28.47100000025239,0.0,0.0,0.0,0.0,0.0
2040-09-03 01:00:00,0.0,0.0,0.0,0.0,0.0,25.461000000243075,0.0,0.0,0.0,0.0,0.0
2040-09-03 02:00:00,0.0,0.0,0.0,0.0,0.0,23.63800000026822,0.0,0.0,0.0,0.0,0.0
2040-09-03 03:00:00,0.0,0.0,0.0,0.0,0.0,22.50475000019651,0.0,0.0,0.0,0.0,0.0
2040-09-03 04:00:00,0.0,0.0,0.0,0.0,0.0,22.65975000022445,0.0,0.0,0.0,0.0,0.0
2040-09-03 05:00:00,0.0,0.0,0.0,0.0,0.0,22.698000000207685,0.0,0.0,0.0,0.0,0.0
2040-09-03 06:00:00,0.0,0.0,0.0,0.0,0.0,25.17325000022538,0.0,0.0,0.0,0.0,0.0
2040-09-03 07:00:00,0.0,0.0,0.0,0.0,0.0,30.331750000244938,0.0,0.0,0.0,0.0,0.0
2040-09-03 08:00:00,0.0,0.0,0.0,0.0,0.0,32.349000000278465,0.0,0.0,0.0,0.0,0.0
2040-09-03 09:00:00,0.0,0.0,0.0,0.0,0.0,34.97375000023749,0.0,0.0,0.0,0.0,0.0
2040-09-03 10:00:00,0.0,0.0,0.0,0.0,0.0,37.53700000024401,0.0,0.0,0.0,0.0,0.0
2040-09-03 11:00:00,0.0,0.0,0.0,0.0,0.0,38.118750000256114,0.0,0.0,0.0,0.0,0.0
2040-09-03 12:00:00,0.0,0.0,0.0,0.0,0.0,37.975250000250526,0.0,0.0,0.0,0.0,0.0
2040-09-03 13:00:00,0.0,0.0,0.0,0.0,0.0,37.6875,0.0,0.0,0.0,0.0,0.0
2040-09-03 14:00:00,0.0,0.0,0.0,0.0,0.0,37.00150000024587,0.0,0.0,0.0,0.0,0.0
2040-09-03 15:00:00,0.0,0.0,0.0,0.0,0.0,36.79775000025984,0.0,0.0,0.0,0.0,0.0
2040-09-03 16:00:00,0.0,0.0,0.0,0.0,0.0,36.36175000027288,0.0,0.0,0.0,0.0,0.0
2040-09-03 17:00:00,0.0,0.0,0.0,0.0,0.0,34.50325000018347,0.0,0.0,0.0,0.0,0.0
2040-09-03 18:00:00,0.0,0.0,0.0,0.0,0.0,34.635000000242144,0.0,0.0,0.0,0.0,0.0
2040-09-03 19:00:00,0.0,0.0,0.0,0.0,0.0,36.75,0.0,0.0,0.0,0.0,0.0
2040-09-03 20:00:00,0.0,0.0,0.0,0.0,0.0,39.03200000023935,0.0,0.0,0.0,0.0,0.0
2040-09-03 21:00:00,0.0,0.0,0.0,0.0,0.0,37.572500000242144,0.0,0.0,0.0,0.0,0.0
2040-09-03 22:00:00,0.0,0.0,0.0,0.0,0.0,35.495000000228174,0.0,0.0,0.0,0.0,0.0
2040-09-03 23:00:00,0.0,0.0,0.0,0.0,0.0,33.59100000024773,0.0,0.0,0.0,0.0,0.0
2040-09-04 00:00:00,0.0,0.0,0.0,0.0,0.0,30.184750000247732,0.0,0.0,0.0,0.0,0.0
2040-09-04 01:00:00,0.0,0.0,0.0,0.0,0.0,26.5122500002617,0.0,0.0,0.0,0.0,0.0
2040-09-04 02:00:00,0.0,0.0,0.0,0.0,0.0,23.855750000220723,0.0,0.0,0.0,0.0,0.0
2040-09-04 03:00:00,0.0,0.0,0.0,0.0,0.0,22.66100000018847,0.0,0.0,0.0,0.0,0.0
2040-09-04 04:00:00,0.0,0.0,0.0,0.0,0.0,22.08000000019092,0.0,0.0,0.0,0.0,0.0
2040-09-04 05:00:00,0.0,0.0,0.0,0.0,0.0,23.1427500002319,0.0,0.0,0.0,0.0,0.0
2040-09-04 06:00:00,0.0,0.0,0.0,0.0,0.0,25.264750000205822,0.0,0.0,0.0,0.0,0.0
2040-09-04 07:00:00,0.0,0.0,0.0,0.0,0.0,30.62775000021793,0.0,0.0,0.0,0.0,0.0
2040-09-04 08:00:00,0.0,0.0,0.0,0.0,0.0,32.37675000028685,0.0,0.0,0.0,0.0,0.0
2040-09-04 09:00:00,0.0,0.0,0.0,0.0,0.0,34.675750000285916,0.0,0.0,0.0,0.0,0.0
2040-09-04 10:00:00,0.0,0.0,0.0,0.0,0.0,37.98425000021234,0.0,0.0,0.0,0.0,0.0
2040-09-04 11:00:00,0.0,0.0,0.0,0.0,0.0,39.42250000021886,0.0,0.0,0.0,0.0,0.0
2040-09-04 12:00:00,0.0,0.0,0.0,0.0,0.0,40.68550000025425,0.0,0.0,0.0,0.0,0.0
2040-09-04 13:00:00,0.0,0.0,0.0,0.0,0.0,39.90925000025891,0.0,0.0,0.0,0.0,0.0
2040-09-04 14:00:00,0.0,0.0,0.0,0.0,0.0,37.5490000002319,0.0,0.0,0.0,0.0,0.0
2040-09-04 15:00:00,0.0,0.0,0.0,0.0,0.0,36.963750000228174,0.0,0.0,0.0,0.0,0.0
2040-09-04 16:00:00,0.0,0.0,0.0,0.0,0.0,36.37175000028219,0.0,0.0,0.0,0.0,0.0
2040-09-04 17:00:00,0.0,0.0,0.0,0.0,0.0,34.929000000236556,0.0,0.0,0.0,0.0,0.0
2040-09-04 18:00:00,0.0,0.0,0.0,0.0,0.0,34.055250000208616,0.0,0.0,0.0,0.0,0.0
2040-09-04 19:00:00,0.0,0.0,0.0,0.0,0.0,36.47250000026543,0.0,0.0,0.0,0.0,0.0
2040-09-04 20:00:00,0.0,0.0,0.0,0.0,0.0,39.1125000002794,0.0,0.0,0.0,0.0,0.0
2040-09-04 21:00:00,0.0,0.0,0.0,0.0,0.0,37.647750000236556,0.0,0.0,0.0,0.0,0.0
2040-09-04 22:00:00,0.0,0.0,0.0,0.0,0.0,36.25625000020955,0.0,0.0,0.0,0.0,0.0
2040-09-04 23:00:00,0.0,0.0,0.0,0.0,0.0,33.61375000025146,0.0,0.0,0.0,0.0,0.0
2040-09-05 00:00:00,0.0,0.0,0.0,0.0,0.0,29.87425000022631,0.0,0.0,0.0,0.0,0.0
2040-09-05 01:00:00,0.0,0.0,0.0,0.0,0.0,26.632750000222586,0.0,0.0,0.0,0.0,0.0
2040-09-05 02:00:00,0.0,0.0,0.0,0.0,0.0,24.4525000002468,0.0,0.0,0.0,0.0,0.0
2040-09-05 03:00:00,0.0,0.0,0.0,0.0,0.0,22.87625000020489,0.0,0.0,0.0,0.0,0.0
2040-09-05 04:00:00,0.0,0.0,0.0,0.0,0.0,22.524500000290573,0.0,0.0,0.0,0.0,0.0
2040-09-05 05:00:00,0.0,0.0,0.0,0.0,0.0,23.013250000192784,0.0,0.0,0.0,0.0,0.0
2040-09-05 06:00:00,0.0,0.0,0.0,0.0,0.0,25.086500000208616,0.0,0.0,0.0,0.0,0.0
2040-09-05 07:00:00,0.0,0.0,0.0,0.0,0.0,32.388250000192784,0.0,0.0,0.0,0.0,0.0
2040-09-05 08:00:00,0.0,0.0,0.0,0.0,0.0,34.59325000026729,0.0,0.0,0.0,0.0,0.0
2040-09-05 09:00:00,0.0,0.0,0.0,0.0,0.0,35.496250000200234,0.0,0.0,0.0,0.0,0.0
2040-09-05 10:00:00,0.0,0.0,0.0,0.0,0.0,36.87425000022631,0.0,0.0,0.0,0.0,0.0
2040-09-05 11:00:00,0.0,0.0,0.0,0.0,0.0,39.115250000264496,0.0,0.0,0.0,0.0,0.0
2040-09-05 12:00:00,0.0,0.0,0.0,0.0,0.0,39.839250000193715,0.0,0.0,0.0,0.0,0.0
2040-09-05 13:00:00,0.0,0.0,0.0,0.0,0.0,38.89200000022538,0.0,0.0,0.0,0.0,0.0
2040-09-05 14:00:00,0.0,0.0,0.0,0.0,0.0,36.447250000201166,0.0,0.0,0.0,0.0,0.0
2040-09-05 15:00:00,0.0,0.0,0.0,0.0,0.0,36.97975000028964,0.0,0.0,0.0,0.0,0.0
2040-09-05 16:00:00,0.0,0.0,0.0,0.0,0.0,36.21525000024121,0.0,0.0,0.0,0.0,0.0
2040-09-05 17:00:00,0.0,0.0,0.0,0.0,0.0,34.353500000201166,0.0,0.0,0.0,0.0,0.0
2040-09-05 18:00:00,0.0,0.0,0.0,0.0,0.0,34.22700000018813,0.0,0.0,0.0,0.0,0.0
2040-09-05 19:00:00,0.0,0.0,0.0,0.0,0.0,36.113250000285916,0.0,0.0,0.0,0.0,0.0
2040-09-05 20:00:00,0.0,0.0,0.0,0.0,0.0,38.64625000022352,0.0,0.0,0.0,0.0,0.0
2040-09-05 21:00:00,0.0,0.0,0.0,0.0,0.0,37.39700000023004,0.0,0.0,0.0,0.0,0.0
2040-09-05 22:00:00,0.0,0.0,0.0,0.0,0.0,34.91725000028964,0.0,0.0,0.0,0.0,0.0
2040-09-05 23:00:00,0.0,0.0,0.0,0.0,0.0,32.34125000028871,0.0,0.0,0.0,0.0,0.0
2040-09-06 00:00:00,0.0,0.0,0.0,0.0,0.0,29.427983215544373,0.0,0.0,0.0,0.0,0.0
2040-09-06 01:00:00,0.0,0.0,0.0,0.0,0.0,27.170304382569157,0.0,0.0,0.0,0.0,0.0
2040-09-06 02:00:00,0.0,0.0,0.0,0.0,0.0,25.26388452167157,0.0,0.0,0.0,0.0,0.0
2040-09-06 03:00:00,0.0,0.0,0.0,0.0,0.0,24.491611084202304,0.0,0.0,0.0,0.0,0.0
2040-09-06 04:00:00,0.0,0.0,0.0,0.0,0.0,24.832239258103073,0.0,0.0,0.0,0.0,0.0
2040-09-06 05:00:00,0.0,0.0,0.0,0.0,0.0,25.058469726820476,0.0,0.0,0.0,0.0,0.0
2040-09-06 06:00:00,0.0,0.0,0.0,0.0,0.0,26.73917968769092,0.0,0.0,0.0,0.0,0.0
2040-09-06 07:00:00,0.0,0.0,0.0,0.0,0.0,31.68416113301646,0.0,0.0,0.0,0.0,0.0
2040-09-06 08:00:00,0.0,0.0,0.0,0.0,0.0,34.51267773460131,0.0,0.0,0.0,0.0,0.0
2040-09-06 09:00:00,0.0,0.0,0.0,0.0,0.0,36.79761816433165,0.0,0.0,0.0,0.0,0.0
2040-09-06 10:00:00,0.0,0.0,0.0,0.0,0.0,37.6086855471367,0.0,0.0,0.0,0.0,0.0
2040-09-06 11:00:00,0.0,0.0,0.0,0.0,0.0,38.991285156458616,0.0,0.0,0.0,0.0,0.0
2040-09-06 12:00:00,0.0,0.0,0.0,0.0,0.0,40.34105859394185,0.0,0.0,0.0,0.0,0.0
2040-09-06 13:00:00,0.0,0.0,0.0,0.0,0.0,39.88989648455754,0.0,0.0,0.0,0.0,0.0
2040-09-06 14:00:00,0.0,0.0,0.0,0.0,0.0,38.89998046902474,0.0,0.0,0.0,0.0,0.0
2040-09-06 15:00:00,0.0,0.0,0.0,0.0,0.0,38.35730859392788,0.0,0.0,0.0,0.0,0.0
2040-09-06 16:00:00,0.0,0.0,0.0,0.0,0.0,35.52013281278778,0.0,0.0,0.0,0.0,0.0
2040-09-06 17:00:00,0.0,0.0,0.0,0.0,0.0,34.09051171899773,0.0,0.0,0.0,0.0,0.0
2040-09-06 18:00:00,0.0,0.0,0.0,0.0,0.0,34.46516015648376,0.0,0.0,0.0,0.0,0.0
2040-09-06 19:00:00,0.0,0.0,0.0,0.0,0.0,35.60604687524028,0.0,0.0,0.0,0.0,0.0
2040-09-06 20:00:00,0.0,0.0,0.0,0.0,0.0,37.52637109393254,0.0,0.0,0.0,0.0,0.0
2040-09-06 21:00:00,0.0,0.0,0.0,0.0,0.0,36.484347656485625,0.0,0.0,0.0,0.0,0.0
2040-09-06 22:00:00,0.0,0.0,0.0,0.0,0.0,34.82950000022538,0.0,0.0,0.0,0.0,0.0
2040-09-06 23:00:00,0.0,0.0,0.0,0.0,0.0,32.619261718937196,0.0,0.0,0.0,0.0,0.0
2040-09-07 00:00:00,0.0,0.0,0.0,0.0,0.0,29.490570312715136,0.0,0.0,0.0,0.0,0.0
2040-09-07 01:00:00,0.0,0.0,0.0,0.0,0.0,26.65008593769744,0.0,0.0,0.0,0.0,0.0
2040-09-07 02:00:00,0.0,0.0,0.0,0.0,0.0,24.428093750262633,0.0,0.0,0.0,0.0,0.0
2040-09-07 03:00:00,0.0,0.0,0.0,0.0,0.0,22.939597656484693,0.0,0.0,0.0,0.0,0.0
2040-09-07 04:00:00,0.0,0.0,0.0,0.0,0.0,22.10164062527474,0.0,0.0,0.0,0.0,0.0
2040-09-07 05:00:00,0.0,0.0,0.0,0.0,0.0,23.17737109400332,0.0,0.0,0.0,0.0,0.0
2040-09-07 06:00:00,0.0,0.0,0.0,0.0,0.0,23.422250000177883,0.0,0.0,0.0,0.0,0.0
2040-09-07 07:00:00,0.0,0.0,0.0,0.0,0.0,23.937605469021946,0.0,0.0,0.0,0.0,0.0
2040-09-07 08:00:00,0.0,0.0,0.0,0.0,0.0,25.553910156479105,0.0,0.0,0.0,0.0,0.0
2040-09-07 09:00:00,0.0,0.0,0.0,0.0,0.0,30.624828125233762,0.0,0.0,0.0,0.0,0.0
2040-09-07 10:00:00,0.0,0.0,0.0,0.0,0.0,34.11114453151822,0.0,0.0,0.0,0.0,0.0
2040-09-07 11:00:00,0.0,0.0,0.0,0.0,0.0,36.41547656268813,0.0,0.0,0.0,0.0,0.0
2040-09-07 12:00:00,0.0,0.0,0.0,0.0,0.0,37.30752343777567,0.0,0.0,0.0,0.0,0.0
2040-09-07 13:00:00,0.0,0.0,0.0,0.0,0.0,37.37723437522072,0.0,0.0,0.0,0.0,0.0
2040-09-07 14:00:00,0.0,0.0,0.0,0.0,0.0,36.51742968778126,0.0,0.0,0.0,0.0,0.0
2040-09-07 15:00:00,0.0,0.0,0.0,0.0,0.0,36.96075781271793,0.0,0.0,0.0,0.0,0.0
2040-09-07 16:00:00,0.0,0.0,0.0,0.0,0.0,36.43746093777008,0.0,0.0,0.0,0.0,0.0
2040-09-07 17:00:00,0.0,0.0,0.0,0.0,0.0,34.82198437524494,0.0,0.0,0.0,0.0,0.0
2040-09-07 18:00:00,0.0,0.0,0.0,0.0,0.0,34.75167187524494,0.0,0.0,0.0,0.0,0.0
2040-09-07 19:00:00,0.0,0.0,0.0,0.0,0.0,36.22528857446741,0.0,0.0,0.0,0.0,0.0
2040-09-07 20:00:00,0.0,0.0,0.0,0.0,0.0,36.510246093967,0.0,0.0,0.0,0.0,0.0
2040-09-07 21:00:00,0.0,0.0,0.0,0.0,0.0,35.186177246272564,0.0,0.0,0.0,0.0,0.0
2040-09-07 22:00:00,0.0,0.0,0.0,0.0,0.0,33.62659277371131,0.0,0.0,0.0,0.0,0.0
2040-09-07 23:00:00,0.0,0.0,0.0,0.0,0.0,31.94522265647538,0.0,0.0,0.0,0.0,0.0
2040-09-08 00:00:00,0.0,0.0,0.0,0.0,0.0,29.31637695338577,0.0,0.0,0.0,0.0,0.0
2040-09-08 01:00:00,0.0,0.0,0.0,0.0,0.0,26.86553906276822,0.0,0.0,0.0,0.0,0.0
2040-09-08 02:00:00,0.0,0.0,0.0,0.0,0.0,24.424419922055677,0.0,0.0,0.0,0.0,0.0
2040-09-08 03:00:00,0.0,0.0,0.0,0.0,0.0,22.404841797077097,0.0,0.0,0.0,0.0,0.0
2040-09-08 04:00:00,0.0,0.0,0.0,0.0,0.0,21.369759765802883,0.0,0.0,0.0,0.0,0.0
2040-09-08 05:00:00,0.0,0.0,0.0,0.0,0.0,21.017246093950234,0.0,0.0,0.0,0.0,0.0
2040-09-08 06:00:00,0.0,0.0,0.0,0.0,0.0,21.8647890627617,0.0,0.0,0.0,0.0,0.0
2040-09-08 07:00:00,0.0,0.0,0.0,0.0,0.0,21.8353125002468,0.0,0.0,0.0,0.0,0.0
2040-09-08 08:00:00,0.0,0.0,0.0,0.0,0.0,21.37770703143906,0.0,0.0,0.0,0.0,0.0
2040-09-08 09:00:00,0.0,0.0,0.0,0.0,0.0,23.393335937755197,0.0,0.0,0.0,0.0,0.0
2040-09-08 10:00:00,0.0,0.0,0.0,0.0,0.0,26.580105468980037,0.0,0.0,0.0,0.0,0.0
2040-09-08 11:00:00,0.0,0.0,0.0,0.0,0.0,29.579789062729105,0.0,0.0,0.0,0.0,0.0
2040-09-08 12:00:00,0.0,0.0,0.0,0.0,0.0,31.120050781522878,0.0,0.0,0.0,0.0,0.0
2040-09-08 13:00:00,0.0,0.0,0.0,0.0,0.0,32.95573437528219,0.0,0.0,0.0,0.0,0.0
2040-09-08 14:00:00,0.0,0.0,0.0,0.0,0.0,32.596832031500526,0.0,0.0,0.0,0.0,0.0
2040-09-08 15:00:00,0.0,0.0,0.0,0.0,0.0,32.09098437521607,0.0,0.0,0.0,0.0,0.0
2040-09-08 16:00:00,0.0,0.0,0.0,0.0,0.0,31.468234375235625,0.0,0.0,0.0,0.0,0.0
2040-09-08 17:00:00,0.0,0.0,0.0,0.0,0.0,30.94901953147481,0.0,0.0,0.0,0.0,0.0
2040-09-08 18:00:00,0.0,0.0,0.0,0.0,0.0,31.27957031270489,0.0,0.0,0.0,0.0,0.0
2040-09-08 19:00:00,0.0,0.0,0.0,0.0,0.0,33.46048828144558,0.0,0.0,0.0,0.0,0.0
2040-09-08 20:00:00,0.0,0.0,0.0,0.0,0.0,36.763828125200234,0.0,0.0,0.0,0.0,0.0
2040-09-08 21:00:00,0.0,0.0,0.0,0.0,0.0,38.400773437693715,0.0,0.0,0.0,0.0,0.0
2040-09-08 22:00:00,0.0,0.0,0.0,0.0,0.0,36.720906250178814,0.0,0.0,0.0,0.0,0.0
2040-09-08 23:00:00,0.0,0.0,0.0,0.0,0.0,33.119070312706754,0.0,0.0,0.0,0.0,0.0
2040-09-09 00:00:00,0.0,0.0,0.0,0.0,0.0,28.788119995384477,0.0,0.0,0.0,0.0,0.0
2040-09-09 01:00:00,0.0,0.0,0.0,0.0,0.0,24.97558483912144,0.0,0.0,0.0,0.0,0.0
2040-09-09 02:00:00,0.0,0.0,0.0,0.0,0.0,22.96507592801936,0.0,0.0,0.0,0.0,0.0
2040-09-09 03:00:00,0.0,0.0,0.0,0.0,0.0,22.270354492473416,0.0,0.0,0.0,0.0,0.0
2040-09-09 04:00:00,0.0,0.0,0.0,0.0,0.0,21.442032715072855,0.0,0.0,0.0,0.0,0.0
2040-09-09 05:00:00,0.0,0.0,0.0,0.0,0.0,21.803273437777534,0.0,0.0,0.0,0.0,0.0
2040-09-09 06:00:00,0.0,0.0,0.0,0.0,0.0,24.349733398645185,0.0,0.0,0.0,0.0,0.0
2040-09-09 07:00:00,0.0,0.0,0.0,0.0,0.0,30.143362304894254,0.0,0.0,0.0,0.0,0.0
2040-09-09 08:00:00,0.0,0.0,0.0,0.0,0.0,32.456403320543195,0.0,0.0,0.0,0.0,0.0
2040-09-09 09:00:00,0.0,0.0,0.0,0.0,0.0,35.821029297076166,0.0,0.0,0.0,0.0,0.0
2040-09-09 10:00:00,0.0,0.0,0.0,0.0,0.0,37.66310644557234,0.0,0.0,0.0,0.0,0.0
2040-09-09 11:00:00,0.0,0.0,0.0,0.0,0.0,39.162214844021946,0.0,0.0,0.0,0.0,0.0
2040-09-09 12:00:00,0.0,0.0,0.0,0.0,0.0,39.53254882839974,0.0,0.0,0.0,0.0,0.0
2040-09-09 13:00:00,0.0,0.0,0.0,0.0,0.0,39.72823632834479,0.0,0.0,0.0,0.0,0.0
2040-09-09 14:00:00,0.0,0.0,0.0,0.0,0.0,38.128279297146946,0.0,0.0,0.0,0.0,0.0
2040-09-09 15:00:00,0.0,0.0,0.0,0.0,0.0,36.95224414090626,0.0,0.0,0.0,0.0,0.0
2040-09-09 16:00:00,0.0,0.0,0.0,0.0,0.0,36.22254882834386,0.0,0.0,0.0,0.0,0.0
2040-09-09 17:00:00,0.0,0.0,0.0,0.0,0.0,34.72694921900984,0.0,0.0,0.0,0.0,0.0
2040-09-09 18:00:00,0.0,0.0,0.0,0.0,0.0,35.56806250021327,0.0,0.0,0.0,0.0,0.0
2040-09-09 19:00:00,0.0,0.0,0.0,0.0,0.0,36.73870312527288,0.0,0.0,0.0,0.0,0.0
2040-09-09 20:00:00,0.0,0.0,0.0,0.0,0.0,39.488347656442784,0.0,0.0,0.0,0.0,0.0
2040-09-09 21:00:00,0.0,0.0,0.0,0.0,0.0,38.38255468767602,0.0,0.0,0.0,0.0,0.0
2040-09-09 22:00:00,0.0,0.0,0.0,0.0,0.0,35.894015625235625,0.0,0.0,0.0,0.0,0.0
2040-09-09 23:00:00,0.0,0.0,0.0,0.0,0.0,32.878085937700234,0.0,0.0,0.0,0.0,0.0
2040-09-10 00:00:00,0.0,0.0,0.0,0.0,0.0,28.550242187688127,0.0,0.0,0.0,0.0,0.0
2040-09-10 01:00:00,0.0,0.0,0.0,0.0,0.0,25.330468750209548,0.0,0.0,0.0,0.0,0.0
2040-09-10 02:00:00,0.0,0.0,0.0,0.0,0.0,23.51008593768347,0.0,0.0,0.0,0.0,0.0
2040-09-10 03:00:00,0.0,0.0,0.0,0.0,0.0,22.263828125200234,0.0,0.0,0.0,0.0,0.0
2040-09-10 04:00:00,0.0,0.0,0.0,0.0,0.0,22.4189453125,0.0,0.0,0.0,0.0,0.0
2040-09-10 05:00:00,0.0,0.0,0.0,0.0,0.0,24.041972656501457,0.0,0.0,0.0,0.0,0.0
2040-09-10 06:00:00,0.0,0.0,0.0,0.0,0.0,26.93148693873082,0.0,0.0,0.0,0.0,0.0
2040-09-10 07:00:00,0.0,0.0,0.0,0.0,0.0,32.57533679227345,0.0,0.0,0.0,0.0,0.0
2040-09-10 08:00:00,0.0,0.0,0.0,0.0,0.0,34.91280419949908,0.0,0.0,0.0,0.0,0.0
2040-09-10 09:00:00,0.0,0.0,0.0,0.0,0.0,37.422243164270185,0.0,0.0,0.0,0.0,0.0
2040-09-10 10:00:00,0.0,0.0,0.0,0.0,0.0,39.449827148695476,0.0,0.0,0.0,0.0,0.0
2040-09-10 11:00:00,0.0,0.0,0.0,0.0,0.0,40.66500683617778,0.0,0.0,0.0,0.0,0.0
2040-09-10 12:00:00,0.0,0.0,0.0,0.0,0.0,41.75714062526822,0.0,0.0,0.0,0.0,0.0
2040-09-10 13:00:00,0.0,0.0,0.0,0.0,0.0,41.1554687502794,0.0,0.0,0.0,0.0,0.0
2040-09-10 14:00:00,0.0,0.0,0.0,0.0,0.0,40.07546875020489,0.0,0.0,0.0,0.0,0.0
2040-09-10 15:00:00,0.0,0.0,0.0,0.0,0.0,40.49158398457803,0.0,0.0,0.0,0.0,0.0
2040-09-10 16:00:00,0.0,0.0,0.0,0.0,0.0,38.88927148457151,0.0,0.0,0.0,0.0,0.0
2040-09-10 17:00:00,0.0,0.0,0.0,0.0,0.0,36.56907226587646,0.0,0.0,0.0,0.0,0.0
2040-09-10 18:00:00,0.0,0.0,0.0,0.0,0.0,35.51963281270582,0.0,0.0,0.0,0.0,0.0
2040-09-10 19:00:00,0.0,0.0,0.0,0.0,0.0,36.62603710964322,0.0,0.0,0.0,0.0,0.0
2040-09-10 20:00:00,0.0,0.0,0.0,0.0,0.0,38.91641210962562,0.0,0.0,0.0,0.0,0.0
2040-09-10 21:00:00,0.0,0.0,0.0,0.0,0.0,37.88169140648097,0.0,0.0,0.0,0.0,0.0
2040-09-10 22:00:00,0.0,0.0,0.0,0.0,0.0,35.46702734392602,0.0,0.0,0.0,0.0,0.0
2040-09-10 23:00:00,0.0,0.0,0.0,0.0,0.0,32.986605469021015,0.0,0.0,0.0,0.0,0.0
2040-09-11 00:00:00,0.0,0.0,0.0,0.0,0.0,29.558953125262633,0.0,0.0,0.0,0.0,0.0
2040-09-11 01:00:00,0.0,0.0,0.0,0.0,0.0,25.9205820314819,0.0,0.0,0.0,0.0,0.0
2040-09-11 02:00:00,0.0,0.0,0.0,0.0,0.0,23.587371094035916,0.0,0.0,0.0,0.0,0.0
2040-09-11 03:00:00,0.0,0.0,0.0,0.0,0.0,22.368761718971655,0.0,0.0,0.0,0.0,0.0
2040-09-11 04:00:00,0.0,0.0,0.0,0.0,0.0,22.093300781445578,0.0,0.0,0.0,0.0,0.0
2040-09-11 05:00:00,0.0,0.0,0.0,0.0,0.0,22.45621484401636,0.0,0.0,0.0,0.0,0.0
2040-09-11 06:00:00,0.0,0.0,0.0,0.0,0.0,26.304835937684402,0.0,0.0,0.0,0.0,0.0
2040-09-11 07:00:00,0.0,0.0,0.0,0.0,0.0,32.54994140646886,0.0,0.0,0.0,0.0,0.0
2040-09-11 08:00:00,0.0,0.0,0.0,0.0,0.0,34.72415625024587,0.0,0.0,0.0,0.0,0.0
2040-09-11 09:00:00,0.0,0.0,0.0,0.0,0.0,36.193511719000526,0.0,0.0,0.0,0.0,0.0
2040-09-11 10:00:00,0.0,0.0,0.0,0.0,0.0,37.95546484400984,0.0,0.0,0.0,0.0,0.0
2040-09-11 11:00:00,0.0,0.0,0.0,0.0,0.0,38.970144531456754,0.0,0.0,0.0,0.0,0.0
2040-09-11 12:00:00,0.0,0.0,0.0,0.0,0.0,39.29777343769092,0.0,0.0,0.0,0.0,0.0
2040-09-11 13:00:00,0.0,0.0,0.0,0.0,0.0,39.639312500250526,0.0,0.0,0.0,0.0,0.0
2040-09-11 14:00:00,0.0,0.0,0.0,0.0,0.0,38.18473437521607,0.0,0.0,0.0,0.0,0.0
2040-09-11 15:00:00,0.0,0.0,0.0,0.0,0.0,37.80771875020582,0.0,0.0,0.0,0.0,0.0
2040-09-11 16:00:00,0.0,0.0,0.0,0.0,0.0,35.807248169207014,0.0,0.0,0.0,0.0,0.0
2040-09-11 17:00:00,0.0,0.0,0.0,0.0,0.0,34.3793582766084,0.0,0.0,0.0,0.0,0.0
2040-09-11 18:00:00,0.0,0.0,0.0,0.0,0.0,34.17627001972869,0.0,0.0,0.0,0.0,0.0
2040-09-11 19:00:00,0.0,0.0,0.0,0.0,0.0,35.47325537132565,0.0,0.0,0.0,0.0,0.0
2040-09-11 20:00:00,0.0,0.0,0.0,0.0,0.0,38.23596875020303,0.0,0.0,0.0,0.0,0.0
2040-09-11 21:00:00,0.0,0.0,0.0,0.0,0.0,37.84215625026263,0.0,0.0,0.0,0.0,0.0
2040-09-11 22:00:00,0.0,0.0,0.0,0.0,0.0,35.916685058851726,0.0,0.0,0.0,0.0,0.0
2040-09-11 23:00:00,0.0,0.0,0.0,0.0,0.0,33.25020019558724,0.0,0.0,0.0,0.0,0.0
2040-09-12 00:00:00,0.0,0.0,0.0,0.0,0.0,29.122495605726726,0.0,0.0,0.0,0.0,0.0
2040-09-12 01:00:00,0.0,0.0,0.0,0.0,0.0,25.78669335959772,0.0,0.0,0.0,0.0,0.0
2040-09-12 02:00:00,0.0,0.0,0.0,0.0,0.0,23.42336132831406,0.0,0.0,0.0,0.0,0.0
2040-09-12 03:00:00,0.0,0.0,0.0,0.0,0.0,22.28735058614984,0.0,0.0,0.0,0.0,0.0
2040-09-12 04:00:00,0.0,0.0,0.0,0.0,0.0,21.715630859602243,0.0,0.0,0.0,0.0,0.0
2040-09-12 05:00:00,0.0,0.0,0.0,0.0,0.0,21.76453320332803,0.0,0.0,0.0,0.0,0.0
2040-09-12 06:00:00,0.0,0.0,0.0,0.0,0.0,24.41906445333734,0.0,0.0,0.0,0.0,0.0
2040-09-12 07:00:00,0.0,0.0,0.0,0.0,0.0,29.559400585909614,0.0,0.0,0.0,0.0,0.0
2040-09-12 08:00:00,0.0,0.0,0.0,0.0,0.0,32.28946875024121,0.0,0.0,0.0,0.0,0.0
2040-09-12 09:00:00,0.0,0.0,0.0,0.0,0.0,35.11395898461342,0.0,0.0,0.0,0.0,0.0
2040-09-12 10:00:00,0.0,0.0,0.0,0.0,0.0,36.77992773463484,0.0,0.0,0.0,0.0,0.0
2040-09-12 11:00:00,0.0,0.0,0.0,0.0,0.0,38.28974804712925,0.0,0.0,0.0,0.0,0.0
2040-09-12 12:00:00,0.0,0.0,0.0,0.0,0.0,38.57549414085224,0.0,0.0,0.0,0.0,0.0
2040-09-12 13:00:00,0.0,0.0,0.0,0.0,0.0,38.59276757831685,0.0,0.0,0.0,0.0,0.0
2040-09-12 14:00:00,0.0,0.0,0.0,0.0,0.0,37.74267578125,0.0,0.0,0.0,0.0,0.0
2040-09-12 15:00:00,0.0,0.0,0.0,0.0,0.0,37.80691015650518,0.0,0.0,0.0,0.0,0.0
2040-09-12 16:00:00,0.0,0.0,0.0,0.0,0.0,37.638810547068715,0.0,0.0,0.0,0.0,0.0
2040-09-12 17:00:00,0.0,0.0,0.0,0.0,0.0,36.04868750018068,0.0,0.0,0.0,0.0,0.0
2040-09-12 18:00:00,0.0,0.0,0.0,0.0,0.0,35.6768652346218,0.0,0.0,0.0,0.0,0.0
2040-09-12 19:00:00,0.0,0.0,0.0,0.0,0.0,36.957628906471655,0.0,0.0,0.0,0.0,0.0
2040-09-12 20:00:00,0.0,0.0,0.0,0.0,0.0,39.6763125002617,0.0,0.0,0.0,0.0,0.0
2040-09-12 21:00:00,0.0,0.0,0.0,0.0,0.0,38.47478515643161,0.0,0.0,0.0,0.0,0.0
2040-09-12 22:00:00,0.0,0.0,0.0,0.0,0.0,36.2058945314493,0.0,0.0,0.0,0.0,0.0
2040-09-12 23:00:00,0.0,0.0,0.0,0.0,0.0,34.775238281465136,0.0,0.0,0.0,0.0,0.0
2040-09-13 00:00:00,0.0,0.0,0.0,0.0,0.0,31.370972656528465,0.0,0.0,0.0,0.0,0.0
2040-09-13 01:00:00,0.0,0.0,0.0,0.0,0.0,28.311183593934402,0.0,0.0,0.0,0.0,0.0
2040-09-13 02:00:00,0.0,0.0,0.0,0.0,0.0,25.86381640646141,0.0,0.0,0.0,0.0,0.0
2040-09-13 03:00:00,0.0,0.0,0.0,0.0,0.0,24.39004687522538,0.0,0.0,0.0,0.0,0.0
2040-09-13 04:00:00,0.0,0.0,0.0,0.0,0.0,23.96713671903126,0.0,0.0,0.0,0.0,0.0
2040-09-13 05:00:00,0.0,0.0,0.0,0.0,0.0,23.90185937518254,0.0,0.0,0.0,0.0,0.0
2040-09-13 06:00:00,0.0,0.0,0.0,0.0,0.0,26.2389414064819,0.0,0.0,0.0,0.0,0.0
2040-09-13 07:00:00,0.0,0.0,0.0,0.0,0.0,31.909082031459548,0.0,0.0,0.0,0.0,0.0
2040-09-13 08:00:00,0.0,0.0,0.0,0.0,0.0,33.66041015647352,0.0,0.0,0.0,0.0,0.0
2040-09-13 09:00:00,0.0,0.0,0.0,0.0,0.0,37.262667968985625,0.0,0.0,0.0,0.0,0.0
2040-09-13 10:00:00,0.0,0.0,0.0,0.0,0.0,39.44149609399028,0.0,0.0,0.0,0.0,0.0
2040-09-13 11:00:00,0.0,0.0,0.0,0.0,0.0,40.446429687784985,0.0,0.0,0.0,0.0,0.0
2040-09-13 12:00:00,0.0,0.0,0.0,0.0,0.0,39.03950781270396,0.0,0.0,0.0,0.0,0.0
2040-09-13 13:00:00,0.0,0.0,0.0,0.0,0.0,39.408187500201166,0.0,0.0,0.0,0.0,0.0
2040-09-13 14:00:00,0.0,0.0,0.0,0.0,0.0,38.638109375257045,0.0,0.0,0.0,0.0,0.0
2040-09-13 15:00:00,0.0,0.0,0.0,0.0,0.0,38.08535156270955,0.0,0.0,0.0,0.0,0.0
2040-09-13 16:00:00,0.0,0.0,0.0,0.0,0.0,36.70472656271886,0.0,0.0,0.0,0.0,0.0
2040-09-13 17:00:00,0.0,0.0,0.0,0.0,0.0,34.98645312525332,0.0,0.0,0.0,0.0,0.0
2040-09-13 18:00:00,0.0,0.0,0.0,0.0,0.0,34.80274218774866,0.0,0.0,0.0,0.0,0.0
2040-09-13 19:00:00,0.0,0.0,0.0,0.0,0.0,35.566773437778465,0.0,0.0,0.0,0.0,0.0
2040-09-13 20:00:00,0.0,0.0,0.0,0.0,0.0,39.14750781271141,0.0,0.0,0.0,0.0,0.0
2040-09-13 21:00:00,0.0,0.0,0.0,0.0,0.0,37.59309375018347,0.0,0.0,0.0,0.0,0.0
2040-09-13 22:00:00,0.0,0.0,0.0,0.0,0.0,35.08917968778405,0.0,0.0,0.0,0.0,0.0
2040-09-13 23:00:00,0.0,0.0,0.0,0.0,0.0,32.886656250222586,0.0,0.0,0.0,0.0,0.0
2040-09-14 00:00:00,0.0,0.0,0.0,0.0,0.0,30.250593750271946,0.0,0.0,0.0,0.0,0.0
2040-09-14 01:00:00,0.0,0.0,0.0,0.0,0.0,27.39155468775425,0.0,0.0,0.0,0.0,0.0
2040-09-14 02:00:00,0.0,0.0,0.0,0.0,0.0,25.354398437771952,0.0,0.0,0.0,0.0,0.0
2040-09-14 03:00:00,0.0,0.0,0.0,0.0,0.0,24.309679687721655,0.0,0.0,0.0,0.0,0.0
2040-09-14 04:00:00,0.0,0.0,0.0,0.0,0.0,23.464484375204847,0.0,0.0,0.0,0.0,0.0
2040-09-14 05:00:00,0.0,0.0,0.0,0.0,0.0,23.152328125201166,0.0,0.0,0.0,0.0,0.0
2040-09-14 06:00:00,0.0,0.0,0.0,0.0,0.0,23.431125000235625,0.0,0.0,0.0,0.0,0.0
2040-09-14 07:00:00,0.0,0.0,0.0,0.0,0.0,24.446750000235625,0.0,0.0,0.0,0.0,0.0
2040-09-14 08:00:00,0.0,0.0,0.0,0.0,0.0,25.874226562678814,0.0,0.0,0.0,0.0,0.0
2040-09-14 09:00:00,0.0,0.0,0.0,0.0,0.0,29.90403906267602,0.0,0.0,0.0,0.0,0.0
2040-09-14 10:00:00,0.0,0.0,0.0,0.0,0.0,33.30935156275518,0.0,0.0,0.0,0.0,0.0
2040-09-14 11:00:00,0.0,0.0,0.0,0.0,0.0,35.712500000256114,0.0,0.0,0.0,0.0,0.0
2040-09-14 12:00:00,0.0,0.0,0.0,0.0,0.0,36.66165625024587,0.0,0.0,0.0,0.0,0.0
2040-09-14 13:00:00,0.0,0.0,0.0,0.0,0.0,37.205070312717,0.0,0.0,0.0,0.0,0.0
2040-09-14 14:00:00,0.0,0.0,0.0,0.0,0.0,36.16685937519651,0.0,0.0,0.0,0.0,0.0
2040-09-14 15:00:00,0.0,0.0,0.0,0.0,0.0,35.32186718774028,0.0,0.0,0.0,0.0,0.0
2040-09-14 16:00:00,0.0,0.0,0.0,0.0,0.0,33.5372578126844,0.0,0.0,0.0,0.0,0.0
2040-09-14 17:00:00,0.0,0.0,0.0,0.0,0.0,32.98844531271607,0.0,0.0,0.0,0.0,0.0
2040-09-14 18:00:00,0.0,0.0,0.0,0.0,0.0,32.892335937707685,0.0,0.0,0.0,0.0,0.0
2040-09-14 19:00:00,0.0,0.0,0.0,0.0,0.0,34.39328125026077,0.0,0.0,0.0,0.0,0.0
2040-09-14 20:00:00,0.0,0.0,0.0,0.0,0.0,36.41889062523842,0.0,0.0,0.0,0.0,0.0
2040-09-14 21:00:00,0.0,0.0,0.0,0.0,0.0,35.50261718768161,0.0,0.0,0.0,0.0,0.0
2040-09-14 22:00:00,0.0,0.0,0.0,0.0,0.0,33.87159375019837,0.0,0.0,0.0,0.0,0.0
2040-09-14 23:00:00,0.0,0.0,0.0,0.0,0.0,31.678515625186265,0.0,0.0,0.0,0.0,0.0
2040-09-15 00:00:00,0.0,0.0,0.0,0.0,0.0,29.170929687679745,0.0,0.0,0.0,0.0,0.0
2040-09-15 01:00:00,0.0,0.0,0.0,0.0,0.0,26.85533593769651,0.0,0.0,0.0,0.0,0.0
2040-09-15 02:00:00,0.0,0.0,0.0,0.0,0.0,24.384945312747732,0.0,0.0,0.0,0.0,0.0
2040-09-15 03:00:00,0.0,0.0,0.0,0.0,0.0,22.74458593770396,0.0,0.0,0.0,0.0,0.0
2040-09-15 04:00:00,0.0,0.0,0.0,0.0,0.0,21.739062500186265,0.0,0.0,0.0,0.0,0.0
2040-09-15 05:00:00,0.0,0.0,0.0,0.0,0.0,21.27582031278871,0.0,0.0,0.0,0.0,0.0
2040-09-15 06:00:00,0.0,0.0,0.0,0.0,0.0,21.10611718776636,0.0,0.0,0.0,0.0,0.0
2040-09-15 07:00:00,0.0,0.0,0.0,0.0,0.0,21.412867187755182,0.0,0.0,0.0,0.0,0.0
2040-09-15 08:00:00,0.0,0.0,0.0,0.0,0.0,20.88233593769837,0.0,0.0,0.0,0.0,0.0
2040-09-15 09:00:00,0.0,0.0,0.0,0.0,0.0,23.392726562684402,0.0,0.0,0.0,0.0,0.0
2040-09-15 10:00:00,0.0,0.0,0.0,0.0,0.0,26.350367187755182,0.0,0.0,0.0,0.0,0.0
2040-09-15 11:00:00,0.0,0.0,0.0,0.0,0.0,30.035359375178814,0.0,0.0,0.0,0.0,0.0
2040-09-15 12:00:00,0.0,0.0,0.0,0.0,0.0,31.7378359377617,0.0,0.0,0.0,0.0,0.0
2040-09-15 13:00:00,0.0,0.0,0.0,0.0,0.0,33.07289062521886,0.0,0.0,0.0,0.0,0.0
2040-09-15 14:00:00,0.0,0.0,0.0,0.0,0.0,32.92568750027567,0.0,0.0,0.0,0.0,0.0
2040-09-15 15:00:00,0.0,0.0,0.0,0.0,0.0,32.33868750021793,0.0,0.0,0.0,0.0,0.0
2040-09-15 16:00:00,0.0,0.0,0.0,0.0,0.0,31.15282031276729,0.0,0.0,0.0,0.0,0.0
2040-09-15 17:00:00,0.0,0.0,0.0,0.0,0.0,30.45300000021234,0.0,0.0,0.0,0.0,0.0
2040-09-15 18:00:00,0.0,0.0,0.0,0.0,0.0,30.400351562770084,0.0,0.0,0.0,0.0,0.0
2040-09-15 19:00:00,0.0,0.0,0.0,0.0,0.0,31.29544531274587,0.0,0.0,0.0,0.0,0.0
2040-09-15 20:00:00,0.0,0.0,0.0,0.0,0.0,35.142210937687196,0.0,0.0,0.0,0.0,0.0
2040-09-15 21:00:00,0.0,0.0,0.0,0.0,0.0,35.30764062528033,0.0,0.0,0.0,0.0,0.0
2040-09-15 22:00:00,0.0,0.0,0.0,0.0,0.0,33.50535156275146,0.0,0.0,0.0,0.0,0.0
2040-09-15 23:00:00,0.0,0.0,0.0,0.0,0.0,31.64608593774028,0.0,0.0,0.0,0.0,0.0
2040-09-16 00:00:00,0.0,0.0,0.0,0.0,0.0,28.45359375020816,0.0,0.0,0.0,0.0,0.0
2040-09-16 01:00:00,0.0,0.0,0.0,0.0,0.0,25.180679687764496,0.0,0.0,0.0,0.0,0.0
2040-09-16 02:00:00,0.0,0.0,0.0,0.0,0.0,22.746703125187196,0.0,0.0,0.0,0.0,0.0
2040-09-16 03:00:00,0.0,0.0,0.0,0.0,0.0,21.45187500026077,0.0,0.0,0.0,0.0,0.0
2040-09-16 04:00:00,0.0,0.0,0.0,0.0,0.0,20.857234375202097,0.0,0.0,0.0,0.0,0.0
2040-09-16 05:00:00,0.0,0.0,0.0,0.0,0.0,21.357250000236476,0.0,0.0,0.0,0.0,0.0
2040-09-16 06:00:00,0.0,0.0,0.0,0.0,0.0,22.51117187528871,0.0,0.0,0.0,0.0,0.0
2040-09-16 07:00:00,0.0,0.0,0.0,0.0,0.0,25.55837500025751,0.0,0.0,0.0,0.0,0.0
2040-09-16 08:00:00,0.0,0.0,0.0,0.0,0.0,28.166296875220723,0.0,0.0,0.0,0.0,0.0
2040-09-16 09:00:00,0.0,0.0,0.0,0.0,0.0,32.557203125208616,0.0,0.0,0.0,0.0,0.0
2040-09-16 10:00:00,0.0,0.0,0.0,0.0,0.0,34.47234375018161,0.0,0.0,0.0,0.0,0.0
2040-09-16 11:00:00,0.0,0.0,0.0,0.0,0.0,36.46048437525137,0.0,0.0,0.0,0.0,0.0
2040-09-16 12:00:00,0.0,0.0,0.0,0.0,0.0,36.94739062525332,0.0,0.0,0.0,0.0,0.0
2040-09-16 13:00:00,0.0,0.0,0.0,0.0,0.0,37.78817187529057,0.0,0.0,0.0,0.0,0.0
2040-09-16 14:00:00,0.0,0.0,0.0,0.0,0.0,37.571281250217,0.0,0.0,0.0,0.0,0.0
2040-09-16 15:00:00,0.0,0.0,0.0,0.0,0.0,37.83606250025332,0.0,0.0,0.0,0.0,0.0
2040-09-16 16:00:00,0.0,0.0,0.0,0.0,0.0,36.91060937521979,0.0,0.0,0.0,0.0,0.0
2040-09-16 17:00:00,0.0,0.0,0.0,0.0,0.0,34.99737500026822,0.0,0.0,0.0,0.0,0.0
2040-09-16 18:00:00,0.0,0.0,0.0,0.0,0.0,34.05065625021234,0.0,0.0,0.0,0.0,0.0
2040-09-16 19:00:00,0.0,0.0,0.0,0.0,0.0,34.33698437525891,0.0,0.0,0.0,0.0,0.0
2040-09-16 20:00:00,0.0,0.0,0.0,0.0,0.0,37.573453125194646,0.0,0.0,0.0,0.0,0.0
2040-09-16 21:00:00,0.0,0.0,0.0,0.0,0.0,37.06814062525518,0.0,0.0,0.0,0.0,0.0
2040-09-16 22:00:00,0.0,0.0,0.0,0.0,0.0,35.43790625024121,0.0,0.0,0.0,0.0,0.0
2040-09-16 23:00:00,0.0,0.0,0.0,0.0,0.0,33.00203125027474,0.0,0.0,0.0,0.0,0.0
2040-09-17 00:00:00,0.0,0.0,0.0,0.0,0.0,29.283687500283122,0.0,0.0,0.0,0.0,0.0
2040-09-17 01:00:00,0.0,0.0,0.0,0.0,0.0,26.616546875215136,0.0,0.0,0.0,0.0,0.0
2040-09-17 02:00:00,0.0,0.0,0.0,0.0,0.0,24.615296875243075,0.0,0.0,0.0,0.0,0.0
2040-09-17 03:00:00,0.0,0.0,0.0,0.0,0.0,22.58362500020303,0.0,0.0,0.0,0.0,0.0
2040-09-17 04:00:00,0.0,0.0,0.0,0.0,0.0,21.731562500237487,0.0,0.0,0.0,0.0,0.0
2040-09-17 05:00:00,0.0,0.0,0.0,0.0,0.0,21.598765625269152,0.0,0.0,0.0,0.0,0.0
2040-09-17 06:00:00,0.0,0.0,0.0,0.0,0.0,22.816593750263564,0.0,0.0,0.0,0.0,0.0
2040-09-17 07:00:00,0.0,0.0,0.0,0.0,0.0,26.037171875243075,0.0,0.0,0.0,0.0,0.0
2040-09-17 08:00:00,0.0,0.0,0.0,0.0,0.0,27.584765625186265,0.0,0.0,0.0,0.0,0.0
2040-09-17 09:00:00,0.0,0.0,0.0,0.0,0.0,31.686187500250526,0.0,0.0,0.0,0.0,0.0
2040-09-17 10:00:00,0.0,0.0,0.0,0.0,0.0,34.08251562528312,0.0,0.0,0.0,0.0,0.0
2040-09-17 11:00:00,0.0,0.0,0.0,0.0,0.0,35.54206250025891,0.0,0.0,0.0,0.0,0.0
2040-09-17 12:00:00,0.0,0.0,0.0,0.0,0.0,35.74945312528871,0.0,0.0,0.0,0.0,0.0
2040-09-17 13:00:00,0.0,0.0,0.0,0.0,0.0,35.04801562521607,0.0,0.0,0.0,0.0,0.0
2040-09-17 14:00:00,0.0,0.0,0.0,0.0,0.0,34.477906250278465,0.0,0.0,0.0,0.0,0.0
2040-09-17 15:00:00,0.0,0.0,0.0,0.0,0.0,34.18759375018999,0.0,0.0,0.0,0.0,0.0
2040-09-17 16:00:00,0.0,0.0,0.0,0.0,0.0,33.46710937528405,0.0,0.0,0.0,0.0,0.0
2040-09-17 17:00:00,0.0,0.0,0.0,0.0,0.0,32.287296875263564,0.0,0.0,0.0,0.0,0.0
2040-09-17 18:00:00,0.0,0.0,0.0,0.0,0.0,32.046890625264496,0.0,0.0,0.0,0.0,0.0
2040-09-17 19:00:00,0.0,0.0,0.0,0.0,0.0,32.53239062521607,0.0,0.0,0.0,0.0,0.0
2040-09-17 20:00:00,0.0,0.0,0.0,0.0,0.0,35.12890625,0.0,0.0,0.0,0.0,0.0
2040-09-17 21:00:00,0.0,0.0,0.0,0.0,0.0,34.768265625229105,0.0,0.0,0.0,0.0,0.0
2040-09-17 22:00:00,0.0,0.0,0.0,0.0,0.0,33.31735937518533,0.0,0.0,0.0,0.0,0.0
2040-09-17 23:00:00,0.0,0.0,0.0,0.0,0.0,31.93892187520396,0.0,0.0,0.0,0.0,0.0
2040-09-18 00:00:00,0.0,0.0,0.0,0.0,0.0,29.69851562520489,0.0,0.0,0.0,0.0,0.0
2040-09-18 01:00:00,0.0,0.0,0.0,0.0,0.0,26.714734375244007,0.0,0.0,0.0,0.0,0.0
2040-09-18 02:00:00,0.0,0.0,0.0,0.0,0.0,24.055062500177883,0.0,0.0,0.0,0.0,0.0
2040-09-18 03:00:00,0.0,0.0,0.0,0.0,0.0,22.555453125271015,0.0,0.0,0.0,0.0,0.0
2040-09-18 04:00:00,0.0,0.0,0.0,0.0,0.0,21.440093750250526,0.0,0.0,0.0,0.0,0.0
2040-09-18 05:00:00,0.0,0.0,0.0,0.0,0.0,21.026515625184402,0.0,0.0,0.0,0.0,0.0
2040-09-18 06:00:00,0.0,0.0,0.0,0.0,0.0,21.14415625028778,0.0,0.0,0.0,0.0,0.0
2040-09-18 07:00:00,0.0,0.0,0.0,0.0,0.0,21.447593750199303,0.0,0.0,0.0,0.0,0.0
2040-09-18 08:00:00,0.0,0.0,0.0,0.0,0.0,20.538421875215136,0.0,0.0,0.0,0.0,0.0
2040-09-18 09:00:00,0.0,0.0,0.0,0.0,0.0,22.625421875272878,0.0,0.0,0.0,0.0,0.0
2040-09-18 10:00:00,0.0,0.0,0.0,0.0,0.0,25.105000000202338,0.0,0.0,0.0,0.0,0.0
2040-09-18 11:00:00,0.0,0.0,0.0,0.0,0.0,27.152093750193508,0.0,0.0,0.0,0.0,0.0
2040-09-18 12:00:00,0.0,0.0,0.0,0.0,0.0,28.294671875191852,0.0,0.0,0.0,0.0,0.0
2040-09-18 13:00:00,0.0,0.0,0.0,0.0,0.0,28.52589062519837,0.0,0.0,0.0,0.0,0.0
2040-09-18 14:00:00,0.0,0.0,0.0,0.0,0.0,27.41809375025332,0.0,0.0,0.0,0.0,0.0
2040-09-18 15:00:00,0.0,0.0,0.0,0.0,0.0,26.420859375270084,0.0,0.0,0.0,0.0,0.0
2040-09-18 16:00:00,0.0,0.0,0.0,0.0,0.0,25.47615625022445,0.0,0.0,0.0,0.0,0.0
2040-09-18 17:00:00,0.0,0.0,0.0,0.0,0.0,24.54264062526636,0.0,0.0,0.0,0.0,0.0
2040-09-18 18:00:00,0.0,0.0,0.0,0.0,0.0,24.913296875194646,0.0,0.0,0.0,0.0,0.0
2040-09-18 19:00:00,0.0,0.0,0.0,0.0,0.0,25.838296875241213,0.0,0.0,0.0,0.0,0.0
2040-09-18 20:00:00,0.0,0.0,0.0,0.0,0.0,30.60889062518254,0.0,0.0,0.0,0.0,0.0
2040-09-18 21:00:00,0.0,0.0,0.0,0.0,0.0,31.58739062526729,0.0,0.0,0.0,0.0,0.0
2040-09-18 22:00:00,0.0,0.0,0.0,0.0,0.0,31.490062500233762,0.0,0.0,0.0,0.0,0.0
2040-09-18 23:00:00,0.0,0.0,0.0,0.0,0.0,30.25726562528871,0.0,0.0,0.0,0.0,0.0
2040-09-19 00:00:00,0.0,0.0,0.0,0.0,0.0,28.237765625235625,0.0,0.0,0.0,0.0,0.0
2040-09-19 01:00:00,0.0,0.0,0.0,0.0,0.0,25.62254687526729,0.0,0.0,0.0,0.0,0.0
2040-09-19 02:00:00,0.0,0.0,0.0,0.0,0.0,23.930093750241213,0.0,0.0,0.0,0.0,0.0
2040-09-19 03:00:00,0.0,0.0,0.0,0.0,0.0,22.667000000248663,0.0,0.0,0.0,0.0,0.0
2040-09-19 04:00:00,0.0,0.0,0.0,0.0,0.0,21.785000000265427,0.0,0.0,0.0,0.0,0.0
2040-09-19 05:00:00,0.0,0.0,0.0,0.0,0.0,21.368281250237487,0.0,0.0,0.0,0.0,0.0
2040-09-19 06:00:00,0.0,0.0,0.0,0.0,0.0,21.27564062527381,0.0,0.0,0.0,0.0,0.0
2040-09-19 07:00:00,0.0,0.0,0.0,0.0,0.0,21.066468750243075,0.0,0.0,0.0,0.0,0.0
2040-09-19 08:00:00,0.0,0.0,0.0,0.0,0.0,20.152796875219792,0.0,0.0,0.0,0.0,0.0
2040-09-19 09:00:00,0.0,0.0,0.0,0.0,0.0,22.05787500028964,0.0,0.0,0.0,0.0,0.0
2040-09-19 10:00:00,0.0,0.0,0.0,0.0,0.0,24.51006250025239,0.0,0.0,0.0,0.0,0.0
2040-09-19 11:00:00,0.0,0.0,0.0,0.0,0.0,26.579421875183627,0.0,0.0,0.0,0.0,0.0
2040-09-19 12:00:00,0.0,0.0,0.0,0.0,0.0,27.967906250269152,0.0,0.0,0.0,0.0,0.0
2040-09-19 13:00:00,0.0,0.0,0.0,0.0,0.0,29.05806250020396,0.0,0.0,0.0,0.0,0.0
2040-09-19 14:00:00,0.0,0.0,0.0,0.0,0.0,28.175718750222586,0.0,0.0,0.0,0.0,0.0
2040-09-19 15:00:00,0.0,0.0,0.0,0.0,0.0,26.784921875223517,0.0,0.0,0.0,0.0,0.0
2040-09-19 16:00:00,0.0,0.0,0.0,0.0,0.0,25.76634375017602,0.0,0.0,0.0,0.0,0.0
2040-09-19 17:00:00,0.0,0.0,0.0,0.0,0.0,25.067890625214204,0.0,0.0,0.0,0.0,0.0
2040-09-19 18:00:00,0.0,0.0,0.0,0.0,0.0,26.144875000230968,0.0,0.0,0.0,0.0,0.0
2040-09-19 19:00:00,0.0,0.0,0.0,0.0,0.0,27.372281250194646,0.0,0.0,0.0,0.0,0.0
2040-09-19 20:00:00,0.0,0.0,0.0,0.0,0.0,31.772562500205822,0.0,0.0,0.0,0.0,0.0
2040-09-19 21:00:00,0.0,0.0,0.0,0.0,0.0,32.80896875017788,0.0,0.0,0.0,0.0,0.0
2040-09-19 22:00:00,0.0,0.0,0.0,0.0,0.0,32.113343750243075,0.0,0.0,0.0,0.0,0.0
2040-09-19 23:00:00,0.0,0.0,0.0,0.0,0.0,30.745359375257976,0.0,0.0,0.0,0.0,0.0
2040-09-20 00:00:00,0.0,0.0,0.0,0.0,0.0,28.38173437525984,0.0,0.0,0.0,0.0,0.0
2040-09-20 01:00:00,0.0,0.0,0.0,0.0,0.0,25.550609375233762,0.0,0.0,0.0,0.0,0.0
2040-09-20 02:00:00,0.0,0.0,0.0,0.0,0.0,23.808968750177883,0.0,0.0,0.0,0.0,0.0
2040-09-20 03:00:00,0.0,0.0,0.0,0.0,0.0,22.354109375271946,0.0,0.0,0.0,0.0,0.0
2040-09-20 04:00:00,0.0,0.0,0.0,0.0,0.0,21.421593750244938,0.0,0.0,0.0,0.0,0.0
2040-09-20 05:00:00,0.0,0.0,0.0,0.0,0.0,21.510250000283122,0.0,0.0,0.0,0.0,0.0
2040-09-20 06:00:00,0.0,0.0,0.0,0.0,0.0,20.922343750251457,0.0,0.0,0.0,0.0,0.0
2040-09-20 07:00:00,0.0,0.0,0.0,0.0,0.0,21.518296875174347,0.0,0.0,0.0,0.0,0.0
2040-09-20 08:00:00,0.0,0.0,0.0,0.0,0.0,21.657734375214204,0.0,0.0,0.0,0.0,0.0
2040-09-20 09:00:00,0.0,0.0,0.0,0.0,0.0,23.9765625,0.0,0.0,0.0,0.0,0.0
2040-09-20 10:00:00,0.0,0.0,0.0,0.0,0.0,26.893046875251457,0.0,0.0,0.0,0.0,0.0
2040-09-20 11:00:00,0.0,0.0,0.0,0.0,0.0,29.20257812528871,0.0,0.0,0.0,0.0,0.0
2040-09-20 12:00:00,0.0,0.0,0.0,0.0,0.0,31.105890625272878,0.0,0.0,0.0,0.0,0.0
2040-09-20 13:00:00,0.0,0.0,0.0,0.0,0.0,32.232578125200234,0.0,0.0,0.0,0.0,0.0
2040-09-20 14:00:00,0.0,0.0,0.0,0.0,0.0,32.30768750025891,0.0,0.0,0.0,0.0,0.0
2040-09-20 15:00:00,0.0,0.0,0.0,0.0,0.0,31.539125000243075,0.0,0.0,0.0,0.0,0.0
2040-09-20 16:00:00,0.0,0.0,0.0,0.0,0.0,30.49485937517602,0.0,0.0,0.0,0.0,0.0
2040-09-20 17:00:00,0.0,0.0,0.0,0.0,0.0,29.940765625215136,0.0,0.0,0.0,0.0,0.0
2040-09-20 18:00:00,0.0,0.0,0.0,0.0,0.0,30.24950000026729,0.0,0.0,0.0,0.0,0.0
2040-09-20 19:00:00,0.0,0.0,0.0,0.0,0.0,30.50390625,0.0,0.0,0.0,0.0,0.0
2040-09-20 20:00:00,0.0,0.0,0.0,0.0,0.0,33.924515625229105,0.0,0.0,0.0,0.0,0.0
2040-09-20 21:00:00,0.0,0.0,0.0,0.0,0.0,34.09223437518813,0.0,0.0,0.0,0.0,0.0
2040-09-20 22:00:00,0.0,0.0,0.0,0.0,0.0,32.78267187520396,0.0,0.0,0.0,0.0,0.0
2040-09-20 23:00:00,0.0,0.0,0.0,0.0,0.0,31.04454687528778,0.0,0.0,0.0,0.0,0.0
2040-09-21 00:00:00,0.0,0.0,0.0,0.0,0.0,28.579968750244007,0.0,0.0,0.0,0.0,0.0
2040-09-21 01:00:00,0.0,0.0,0.0,0.0,0.0,25.995671875192784,0.0,0.0,0.0,0.0,0.0
2040-09-21 02:00:00,0.0,0.0,0.0,0.0,0.0,23.874312500236556,0.0,0.0,0.0,0.0,0.0
2040-09-21 03:00:00,0.0,0.0,0.0,0.0,0.0,22.22337500017602,0.0,0.0,0.0,0.0,0.0
2040-09-21 04:00:00,0.0,0.0,0.0,0.0,0.0,21.313859375193715,0.0,0.0,0.0,0.0,0.0
2040-09-21 05:00:00,0.0,0.0,0.0,0.0,0.0,20.73987500020303,0.0,0.0,0.0,0.0,0.0
2040-09-21 06:00:00,0.0,0.0,0.0,0.0,0.0,20.76264062523842,0.0,0.0,0.0,0.0,0.0
2040-09-21 07:00:00,0.0,0.0,0.0,0.0,0.0,21.259625000180677,0.0,0.0,0.0,0.0,0.0
2040-09-21 08:00:00,0.0,0.0,0.0,0.0,0.0,21.040625000256114,0.0,0.0,0.0,0.0,0.0
2040-09-21 09:00:00,0.0,0.0,0.0,0.0,0.0,23.820046875276603,0.0,0.0,0.0,0.0,0.0
2040-09-21 10:00:00,0.0,0.0,0.0,0.0,0.0,27.061515625216998,0.0,0.0,0.0,0.0,0.0
2040-09-21 11:00:00,0.0,0.0,0.0,0.0,0.0,29.798140625236556,0.0,0.0,0.0,0.0,0.0
2040-09-21 12:00:00,0.0,0.0,0.0,0.0,0.0,31.204656250192784,0.0,0.0,0.0,0.0,0.0
2040-09-21 13:00:00,0.0,0.0,0.0,0.0,0.0,33.08887500024866,0.0,0.0,0.0,0.0,0.0
2040-09-21 14:00:00,0.0,0.0,0.0,0.0,0.0,33.3046875,0.0,0.0,0.0,0.0,0.0
2040-09-21 15:00:00,0.0,0.0,0.0,0.0,0.0,32.86896875023376,0.0,0.0,0.0,0.0,0.0
2040-09-21 16:00:00,0.0,0.0,0.0,0.0,0.0,32.32567187526729,0.0,0.0,0.0,0.0,0.0
2040-09-21 17:00:00,0.0,0.0,0.0,0.0,0.0,31.276750000193715,0.0,0.0,0.0,0.0,0.0
2040-09-21 18:00:00,0.0,0.0,0.0,0.0,0.0,31.15104687528219,0.0,0.0,0.0,0.0,0.0
2040-09-21 19:00:00,0.0,0.0,0.0,0.0,0.0,32.16126562526915,0.0,0.0,0.0,0.0,0.0
2040-09-21 20:00:00,0.0,0.0,0.0,0.0,0.0,34.3050156251993,0.0,0.0,0.0,0.0,0.0
2040-09-21 21:00:00,0.0,0.0,0.0,0.0,0.0,34.09104687522631,0.0,0.0,0.0,0.0,0.0
2040-09-21 22:00:00,0.0,0.0,0.0,0.0,0.0,32.078812500229105,0.0,0.0,0.0,0.0,0.0
2040-09-21 23:00:00,0.0,0.0,0.0,0.0,0.0,30.26318750018254,0.0,0.0,0.0,0.0,0.0
2040-09-22 00:00:00,0.0,0.0,0.0,0.0,0.0,27.977921875193715,0.0,0.0,0.0,0.0,0.0
2040-09-22 01:00:00,0.0,0.0,0.0,0.0,0.0,25.789343750220723,0.0,0.0,0.0,0.0,0.0
2040-09-22 02:00:00,0.0,0.0,0.0,0.0,0.0,23.820171875180677,0.0,0.0,0.0,0.0,0.0
2040-09-22 03:00:00,0.0,0.0,0.0,0.0,0.0,22.79306250018999,0.0,0.0,0.0,0.0,0.0
2040-09-22 04:00:00,0.0,0.0,0.0,0.0,0.0,22.02426562528126,0.0,0.0,0.0,0.0,0.0
2040-09-22 05:00:00,0.0,0.0,0.0,0.0,0.0,21.692750000278465,0.0,0.0,0.0,0.0,0.0
2040-09-22 06:00:00,0.0,0.0,0.0,0.0,0.0,21.26842187519651,0.0,0.0,0.0,0.0,0.0
2040-09-22 07:00:00,0.0,0.0,0.0,0.0,0.0,21.128875000285916,0.0,0.0,0.0,0.0,0.0
2040-09-22 08:00:00,0.0,0.0,0.0,0.0,0.0,20.267406250233762,0.0,0.0,0.0,0.0,0.0
2040-09-22 09:00:00,0.0,0.0,0.0,0.0,0.0,22.649921875214204,0.0,0.0,0.0,0.0,0.0
2040-09-22 10:00:00,0.0,0.0,0.0,0.0,0.0,25.460875000222586,0.0,0.0,0.0,0.0,0.0
2040-09-22 11:00:00,0.0,0.0,0.0,0.0,0.0,28.088625000207685,0.0,0.0,0.0,0.0,0.0
2040-09-22 12:00:00,0.0,0.0,0.0,0.0,0.0,29.899406250216998,0.0,0.0,0.0,0.0,0.0
2040-09-22 13:00:00,0.0,0.0,0.0,0.0,0.0,30.792156250216067,0.0,0.0,0.0,0.0,0.0
2040-09-22 14:00:00,0.0,0.0,0.0,0.0,0.0,31.068437500274737,0.0,0.0,0.0,0.0,0.0
2040-09-22 15:00:00,0.0,0.0,0.0,0.0,0.0,30.610062500229105,0.0,0.0,0.0,0.0,0.0
2040-09-22 16:00:00,0.0,0.0,0.0,0.0,0.0,29.855500000179745,0.0,0.0,0.0,0.0,0.0
2040-09-22 17:00:00,0.0,0.0,0.0,0.0,0.0,29.433531250222586,0.0,0.0,0.0,0.0,0.0
2040-09-22 18:00:00,0.0,0.0,0.0,0.0,0.0,30.133593750186265,0.0,0.0,0.0,0.0,0.0
2040-09-22 19:00:00,0.0,0.0,0.0,0.0,0.0,32.14053125027567,0.0,0.0,0.0,0.0,0.0
2040-09-22 20:00:00,0.0,0.0,0.0,0.0,0.0,35.92512500018347,0.0,0.0,0.0,0.0,0.0
2040-09-22 21:00:00,0.0,0.0,0.0,0.0,0.0,35.88231250026729,0.0,0.0,0.0,0.0,0.0
2040-09-22 22:00:00,0.0,0.0,0.0,0.0,0.0,33.96431250020396,0.0,0.0,0.0,0.0,0.0
2040-09-22 23:00:00,0.0,0.0,0.0,0.0,0.0,31.09334375022445,0.0,0.0,0.0,0.0,0.0
2040-09-23 00:00:00,0.0,0.0,0.0,0.0,0.0,28.35496875026729,0.0,0.0,0.0,0.0,0.0
2040-09-23 01:00:00,0.0,0.0,0.0,0.0,0.0,24.09575000021141,0.0,0.0,0.0,0.0,0.0
2040-09-23 02:00:00,0.0,0.0,0.0,0.0,0.0,21.775593750178814,0.0,0.0,0.0,0.0,0.0
2040-09-23 03:00:00,0.0,0.0,0.0,0.0,0.0,20.615593750262633,0.0,0.0,0.0,0.0,0.0
2040-09-23 04:00:00,0.0,0.0,0.0,0.0,0.0,19.776750000193715,0.0,0.0,0.0,0.0,0.0
2040-09-23 05:00:00,0.0,0.0,0.0,0.0,0.0,19.98762500018347,0.0,0.0,0.0,0.0,0.0
2040-09-23 06:00:00,0.0,0.0,0.0,0.0,0.0,22.60693750018254,0.0,0.0,0.0,0.0,0.0
2040-09-23 07:00:00,0.0,0.0,0.0,0.0,0.0,27.60043750028126,0.0,0.0,0.0,0.0,0.0
2040-09-23 08:00:00,0.0,0.0,0.0,0.0,0.0,29.858031250187196,0.0,0.0,0.0,0.0,0.0
2040-09-23 09:00:00,0.0,0.0,0.0,0.0,0.0,33.44225000019651,0.0,0.0,0.0,0.0,0.0
2040-09-23 10:00:00,0.0,0.0,0.0,0.0,0.0,36.371687500271946,0.0,0.0,0.0,0.0,0.0
2040-09-23 11:00:00,0.0,0.0,0.0,0.0,0.0,38.554591919179074,0.0,0.0,0.0,0.0,0.0
2040-09-23 12:00:00,0.0,0.0,0.0,0.0,0.0,40.52089904807508,0.0,0.0,0.0,0.0,0.0
2040-09-23 13:00:00,0.0,0.0,0.0,0.0,0.0,40.7707463381812,0.0,0.0,0.0,0.0,0.0
2040-09-23 14:00:00,0.0,0.0,0.0,0.0,0.0,39.55024462915026,0.0,0.0,0.0,0.0,0.0
2040-09-23 15:00:00,0.0,0.0,0.0,0.0,0.0,39.92887255887035,0.0,0.0,0.0,0.0,0.0
2040-09-23 16:00:00,0.0,0.0,0.0,0.0,0.0,39.71946386736818,0.0,0.0,0.0,0.0,0.0
2040-09-23 17:00:00,0.0,0.0,0.0,0.0,0.0,38.04685742210131,0.0,0.0,0.0,0.0,0.0
2040-09-23 18:00:00,0.0,0.0,0.0,0.0,0.0,37.657185547053814,0.0,0.0,0.0,0.0,0.0
2040-09-23 19:00:00,0.0,0.0,0.0,0.0,0.0,37.63752343773376,0.0,0.0,0.0,0.0,0.0
2040-09-23 20:00:00,0.0,0.0,0.0,0.0,0.0,39.335314453346655,0.0,0.0,0.0,0.0,0.0
2040-09-23 21:00:00,0.0,0.0,0.0,0.0,0.0,37.82407617208082,0.0,0.0,0.0,0.0,0.0
2040-09-23 22:00:00,0.0,0.0,0.0,0.0,0.0,35.223373047076166,0.0,0.0,0.0,0.0,0.0
2040-09-23 23:00:00,0.0,0.0,0.0,0.0,0.0,32.07249804714229,0.0,0.0,0.0,0.0,0.0
2040-09-24 00:00:00,0.0,0.0,0.0,0.0,0.0,28.46969726588577,0.0,0.0,0.0,0.0,0.0
2040-09-24 01:00:00,0.0,0.0,0.0,0.0,0.0,25.826621094020084,0.0,0.0,0.0,0.0,0.0
2040-09-24 02:00:00,0.0,0.0,0.0,0.0,0.0,23.692886719014496,0.0,0.0,0.0,0.0,0.0
2040-09-24 03:00:00,0.0,0.0,0.0,0.0,0.0,22.276070312713273,0.0,0.0,0.0,0.0,0.0
2040-09-24 04:00:00,0.0,0.0,0.0,0.0,0.0,21.624976562685333,0.0,0.0,0.0,0.0,0.0
2040-09-24 05:00:00,0.0,0.0,0.0,0.0,0.0,22.620281250216067,0.0,0.0,0.0,0.0,0.0
2040-09-24 06:00:00,0.0,0.0,0.0,0.0,0.0,25.121738281450234,0.0,0.0,0.0,0.0,0.0
2040-09-24 07:00:00,0.0,0.0,0.0,0.0,0.0,30.85768750018906,0.0,0.0,0.0,0.0,0.0
2040-09-24 08:00:00,0.0,0.0,0.0,0.0,0.0,32.3865585939493,0.0,0.0,0.0,0.0,0.0
2040-09-24 09:00:00,0.0,0.0,0.0,0.0,0.0,35.80469921894837,0.0,0.0,0.0,0.0,0.0
2040-09-24 10:00:00,0.0,0.0,0.0,0.0,0.0,38.31884375028312,0.0,0.0,0.0,0.0,0.0
2040-09-24 11:00:00,0.0,0.0,0.0,0.0,0.0,39.95184375019744,0.0,0.0,0.0,0.0,0.0
2040-09-24 12:00:00,0.0,0.0,0.0,0.0,0.0,40.34251171897631,0.0,0.0,0.0,0.0,0.0
2040-09-24 13:00:00,0.0,0.0,0.0,0.0,0.0,40.78542187518906,0.0,0.0,0.0,0.0,0.0
2040-09-24 14:00:00,0.0,0.0,0.0,0.0,0.0,39.76986328151543,0.0,0.0,0.0,0.0,0.0
2040-09-24 15:00:00,0.0,0.0,0.0,0.0,0.0,40.03472265647724,0.0,0.0,0.0,0.0,0.0
2040-09-24 16:00:00,0.0,0.0,0.0,0.0,0.0,37.92527343775146,0.0,0.0,0.0,0.0,0.0
2040-09-24 17:00:00,0.0,0.0,0.0,0.0,0.0,36.302492187707685,0.0,0.0,0.0,0.0,0.0
2040-09-24 18:00:00,0.0,0.0,0.0,0.0,0.0,35.98807812528685,0.0,0.0,0.0,0.0,0.0
2040-09-24 19:00:00,0.0,0.0,0.0,0.0,0.0,36.77303125022445,0.0,0.0,0.0,0.0,0.0
2040-09-24 20:00:00,0.0,0.0,0.0,0.0,0.0,40.34766406274866,0.0,0.0,0.0,0.0,0.0
2040-09-24 21:00:00,0.0,0.0,0.0,0.0,0.0,40.161320312763564,0.0,0.0,0.0,0.0,0.0
2040-09-24 22:00:00,0.0,0.0,0.0,0.0,0.0,38.16067187523004,0.0,0.0,0.0,0.0,0.0
2040-09-24 23:00:00,0.0,0.0,0.0,0.0,0.0,35.53453906276263,0.0,0.0,0.0,0.0,0.0
2040-09-25 00:00:00,0.0,0.0,0.0,0.0,0.0,31.239250000216998,0.0,0.0,0.0,0.0,0.0
2040-09-25 01:00:00,0.0,0.0,0.0,0.0,0.0,27.05403125018347,0.0,0.0,0.0,0.0,0.0
2040-09-25 02:00:00,0.0,0.0,0.0,0.0,0.0,24.119835937744938,0.0,0.0,0.0,0.0,0.0
2040-09-25 03:00:00,0.0,0.0,0.0,0.0,0.0,22.662148437695578,0.0,0.0,0.0,0.0,0.0
2040-09-25 04:00:00,0.0,0.0,0.0,0.0,0.0,22.03570312517695,0.0,0.0,0.0,0.0,0.0
2040-09-25 05:00:00,0.0,0.0,0.0,0.0,0.0,22.18149218778126,0.0,0.0,0.0,0.0,0.0
2040-09-25 06:00:00,0.0,0.0,0.0,0.0,0.0,25.82585156278219,0.0,0.0,0.0,0.0,0.0
2040-09-25 07:00:00,0.0,0.0,0.0,0.0,0.0,29.75616406276822,0.0,0.0,0.0,0.0,0.0
2040-09-25 08:00:00,0.0,0.0,0.0,0.0,0.0,32.07541406271048,0.0,0.0,0.0,0.0,0.0
2040-09-25 09:00:00,0.0,0.0,0.0,0.0,0.0,35.97992187528871,0.0,0.0,0.0,0.0,0.0
2040-09-25 10:00:00,0.0,0.0,0.0,0.0,0.0,38.1554218751844,0.0,0.0,0.0,0.0,0.0
2040-09-25 11:00:00,0.0,0.0,0.0,0.0,0.0,39.5871093752794,0.0,0.0,0.0,0.0,0.0
2040-09-25 12:00:00,0.0,0.0,0.0,0.0,0.0,40.518437500228174,0.0,0.0,0.0,0.0,0.0
2040-09-25 13:00:00,0.0,0.0,0.0,0.0,0.0,40.41268750024028,0.0,0.0,0.0,0.0,0.0
2040-09-25 14:00:00,0.0,0.0,0.0,0.0,0.0,39.47251562518068,0.0,0.0,0.0,0.0,0.0
2040-09-25 15:00:00,0.0,0.0,0.0,0.0,0.0,38.32057031278964,0.0,0.0,0.0,0.0,0.0
2040-09-25 16:00:00,0.0,0.0,0.0,0.0,0.0,38.740421875263564,0.0,0.0,0.0,0.0,0.0
2040-09-25 17:00:00,0.0,0.0,0.0,0.0,0.0,38.2878203127766,0.0,0.0,0.0,0.0,0.0
2040-09-25 18:00:00,0.0,0.0,0.0,0.0,0.0,38.53603125025984,0.0,0.0,0.0,0.0,0.0
2040-09-25 19:00:00,0.0,0.0,0.0,0.0,0.0,38.356585937784985,0.0,0.0,0.0,0.0,0.0
2040-09-25 20:00:00,0.0,0.0,0.0,0.0,0.0,39.60630468768068,0.0,0.0,0.0,0.0,0.0
2040-09-25 21:00:00,0.0,0.0,0.0,0.0,0.0,39.150250000180684,0.0,0.0,0.0,0.0,0.0
2040-09-25 22:00:00,0.0,0.0,0.0,0.0,0.0,36.71142187528312,0.0,0.0,0.0,0.0,0.0
2040-09-25 23:00:00,0.0,0.0,0.0,0.0,0.0,33.28757812525146,0.0,0.0,0.0,0.0,0.0
2040-09-26 00:00:00,0.0,0.0,0.0,0.0,0.0,28.946046875207685,0.0,0.0,0.0,0.0,0.0
2040-09-26 01:00:00,0.0,0.0,0.0,0.0,0.0,25.51829687517602,0.0,0.0,0.0,0.0,0.0
2040-09-26 02:00:00,0.0,0.0,0.0,0.0,0.0,23.6478125002468,0.0,0.0,0.0,0.0,0.0
2040-09-26 03:00:00,0.0,0.0,0.0,0.0,0.0,23.45964062528219,0.0,0.0,0.0,0.0,0.0
2040-09-26 04:00:00,0.0,0.0,0.0,0.0,0.0,23.0005312502617,0.0,0.0,0.0,0.0,0.0
2040-09-26 05:00:00,0.0,0.0,0.0,0.0,0.0,22.309234375250526,0.0,0.0,0.0,0.0,0.0
2040-09-26 06:00:00,0.0,0.0,0.0,0.0,0.0,24.429218750214204,0.0,0.0,0.0,0.0,0.0
2040-09-26 07:00:00,0.0,0.0,0.0,0.0,0.0,28.56143750017509,0.0,0.0,0.0,0.0,0.0
2040-09-26 08:00:00,0.0,0.0,0.0,0.0,0.0,30.59485937527497,0.0,0.0,0.0,0.0,0.0
2040-09-26 09:00:00,0.0,0.0,0.0,0.0,0.0,33.760359375271946,0.0,0.0,0.0,0.0,0.0
2040-09-26 10:00:00,0.0,0.0,0.0,0.0,0.0,35.760734375217,0.0,0.0,0.0,0.0,0.0
2040-09-26 11:00:00,0.0,0.0,0.0,0.0,0.0,37.143171875271946,0.0,0.0,0.0,0.0,0.0
2040-09-26 12:00:00,0.0,0.0,0.0,0.0,0.0,37.498015625285916,0.0,0.0,0.0,0.0,0.0
2040-09-26 13:00:00,0.0,0.0,0.0,0.0,0.0,38.87865625019185,0.0,0.0,0.0,0.0,0.0
2040-09-26 14:00:00,0.0,0.0,0.0,0.0,0.0,37.32392187521327,0.0,0.0,0.0,0.0,0.0
2040-09-26 15:00:00,0.0,0.0,0.0,0.0,0.0,36.18070312519558,0.0,0.0,0.0,0.0,0.0
2040-09-26 16:00:00,0.0,0.0,0.0,0.0,0.0,36.15940625022631,0.0,0.0,0.0,0.0,0.0
2040-09-26 17:00:00,0.0,0.0,0.0,0.0,0.0,35.73462500027381,0.0,0.0,0.0,0.0,0.0
2040-09-26 18:00:00,0.0,0.0,0.0,0.0,0.0,35.226140625192784,0.0,0.0,0.0,0.0,0.0
2040-09-26 19:00:00,0.0,0.0,0.0,0.0,0.0,35.33062500017695,0.0,0.0,0.0,0.0,0.0
2040-09-26 20:00:00,0.0,0.0,0.0,0.0,0.0,37.695468750200234,0.0,0.0,0.0,0.0,0.0
2040-09-26 21:00:00,0.0,0.0,0.0,0.0,0.0,37.673062500194646,0.0,0.0,0.0,0.0,0.0
2040-09-26 22:00:00,0.0,0.0,0.0,0.0,0.0,35.66300000017509,0.0,0.0,0.0,0.0,0.0
2040-09-26 23:00:00,0.0,0.0,0.0,0.0,0.0,32.436406250228174,0.0,0.0,0.0,0.0,0.0
2040-09-27 00:00:00,0.0,0.0,0.0,0.0,0.0,28.92448437528219,0.0,0.0,0.0,0.0,0.0
2040-09-27 01:00:00,0.0,0.0,0.0,0.0,0.0,25.531890625250526,0.0,0.0,0.0,0.0,0.0
2040-09-27 02:00:00,0.0,0.0,0.0,0.0,0.0,23.344781250227243,0.0,0.0,0.0,0.0,0.0
2040-09-27 03:00:00,0.0,0.0,0.0,0.0,0.0,22.428203125251457,0.0,0.0,0.0,0.0,0.0
2040-09-27 04:00:00,0.0,0.0,0.0,0.0,0.0,21.991312500205822,0.0,0.0,0.0,0.0,0.0
2040-09-27 05:00:00,0.0,0.0,0.0,0.0,0.0,22.163781250245126,0.0,0.0,0.0,0.0,0.0
2040-09-27 06:00:00,0.0,0.0,0.0,0.0,0.0,25.48907812521793,0.0,0.0,0.0,0.0,0.0
2040-09-27 07:00:00,0.0,0.0,0.0,0.0,0.0,30.959156250229057,0.0,0.0,0.0,0.0,0.0
2040-09-27 08:00:00,0.0,0.0,0.0,0.0,0.0,33.052671875222586,0.0,0.0,0.0,0.0,0.0
2040-09-27 09:00:00,0.0,0.0,0.0,0.0,0.0,36.418875000206185,0.0,0.0,0.0,0.0,0.0
2040-09-27 10:00:00,0.0,0.0,0.0,0.0,0.0,38.3351562502794,0.0,0.0,0.0,0.0,0.0
2040-09-27 11:00:00,0.0,0.0,0.0,0.0,0.0,39.69798437517602,0.0,0.0,0.0,0.0,0.0
2040-09-27 12:00:00,0.0,0.0,0.0,0.0,0.0,40.16701562528033,0.0,0.0,0.0,0.0,0.0
2040-09-27 13:00:00,0.0,0.0,0.0,0.0,0.0,39.508406250271946,0.0,0.0,0.0,0.0,0.0
2040-09-27 14:00:00,0.0,0.0,0.0,0.0,0.0,39.02573437523097,0.0,0.0,0.0,0.0,0.0
2040-09-27 15:00:00,0.0,0.0,0.0,0.0,0.0,38.791828125249594,0.0,0.0,0.0,0.0,0.0
2040-09-27 16:00:00,0.0,0.0,0.0,0.0,0.0,37.10621875023935,0.0,0.0,0.0,0.0,0.0
2040-09-27 17:00:00,0.0,0.0,0.0,0.0,0.0,34.73517187521793,0.0,0.0,0.0,0.0,0.0
2040-09-27 18:00:00,0.0,0.0,0.0,0.0,0.0,34.05121875018813,0.0,0.0,0.0,0.0,0.0
2040-09-27 19:00:00,0.0,0.0,0.0,0.0,0.0,35.02190625027288,0.0,0.0,0.0,0.0,0.0
2040-09-27 20:00:00,0.0,0.0,0.0,0.0,0.0,37.927718750201166,0.0,0.0,0.0,0.0,0.0
2040-09-27 21:00:00,0.0,0.0,0.0,0.0,0.0,38.179843750200234,0.0,0.0,0.0,0.0,0.0
2040-09-27 22:00:00,0.0,0.0,0.0,0.0,0.0,35.63956250017509,0.0,0.0,0.0,0.0,0.0
2040-09-27 23:00:00,0.0,0.0,0.0,0.0,0.0,33.03095312521327,0.0,0.0,0.0,0.0,0.0
2040-09-28 00:00:00,0.0,0.0,0.0,0.0,0.0,30.23384375020396,0.0,0.0,0.0,0.0,0.0
2040-09-28 01:00:00,0.0,0.0,0.0,0.0,0.0,27.59214062523384,0.0,0.0,0.0,0.0,0.0
2040-09-28 02:00:00,0.0,0.0,0.0,0.0,0.0,25.17803125025239,0.0,0.0,0.0,0.0,0.0
2040-09-28 03:00:00,0.0,0.0,0.0,0.0,0.0,23.294750000233762,0.0,0.0,0.0,0.0,0.0
2040-09-28 04:00:00,0.0,0.0,0.0,0.0,0.0,22.41015625,0.0,0.0,0.0,0.0,0.0
2040-09-28 05:00:00,0.0,0.0,0.0,0.0,0.0,21.900187500286847,0.0,0.0,0.0,0.0,0.0
2040-09-28 06:00:00,0.0,0.0,0.0,0.0,0.0,22.25731250026729,0.0,0.0,0.0,0.0,0.0
2040-09-28 07:00:00,0.0,0.0,0.0,0.0,0.0,22.935343750286847,0.0,0.0,0.0,0.0,0.0
2040-09-28 08:00:00,0.0,0.0,0.0,0.0,0.0,25.062671875230862,0.0,0.0,0.0,0.0,0.0
2040-09-28 09:00:00,0.0,0.0,0.0,0.0,0.0,29.602625000290573,0.0,0.0,0.0,0.0,0.0
2040-09-28 10:00:00,0.0,0.0,0.0,0.0,0.0,33.07218750019092,0.0,0.0,0.0,0.0,0.0
2040-09-28 11:00:00,0.0,0.0,0.0,0.0,0.0,35.09525000024587,0.0,0.0,0.0,0.0,0.0
2040-09-28 12:00:00,0.0,0.0,0.0,0.0,0.0,35.625968750217,0.0,0.0,0.0,0.0,0.0
2040-09-28 13:00:00,0.0,0.0,0.0,0.0,0.0,36.45990625023842,0.0,0.0,0.0,0.0,0.0
2040-09-28 14:00:00,0.0,0.0,0.0,0.0,0.0,35.999437500257045,0.0,0.0,0.0,0.0,0.0
2040-09-28 15:00:00,0.0,0.0,0.0,0.0,0.0,35.114250000217,0.0,0.0,0.0,0.0,0.0
2040-09-28 16:00:00,0.0,0.0,0.0,0.0,0.0,34.20903125021141,0.0,0.0,0.0,0.0,0.0
2040-09-28 17:00:00,0.0,0.0,0.0,0.0,0.0,33.26812500017695,0.0,0.0,0.0,0.0,0.0
2040-09-28 18:00:00,0.0,0.0,0.0,0.0,0.0,33.16765625018161,0.0,0.0,0.0,0.0,0.0
2040-09-28 19:00:00,0.0,0.0,0.0,0.0,0.0,34.4054687502794,0.0,0.0,0.0,0.0,0.0
2040-09-28 20:00:00,0.0,0.0,0.0,0.0,0.0,36.33931250020396,0.0,0.0,0.0,0.0,0.0
2040-09-28 21:00:00,0.0,0.0,0.0,0.0,0.0,36.628468750277534,0.0,0.0,0.0,0.0,0.0
2040-09-28 22:00:00,0.0,0.0,0.0,0.0,0.0,35.38062500022352,0.0,0.0,0.0,0.0,0.0
2040-09-28 23:00:00,0.0,0.0,0.0,0.0,0.0,34.00031250028405,0.0,0.0,0.0,0.0,0.0
2040-09-29 00:00:00,0.0,0.0,0.0,0.0,0.0,30.91546875028871,0.0,0.0,0.0,0.0,0.0
2040-09-29 01:00:00,0.0,0.0,0.0,0.0,0.0,27.978375000180677,0.0,0.0,0.0,0.0,0.0
2040-09-29 02:00:00,0.0,0.0,0.0,0.0,0.0,25.45187500026077,0.0,0.0,0.0,0.0,0.0
2040-09-29 03:00:00,0.0,0.0,0.0,0.0,0.0,23.991343750269152,0.0,0.0,0.0,0.0,0.0
2040-09-29 04:00:00,0.0,0.0,0.0,0.0,0.0,22.87690625025425,0.0,0.0,0.0,0.0,0.0
2040-09-29 05:00:00,0.0,0.0,0.0,0.0,0.0,22.444531250279397,0.0,0.0,0.0,0.0,0.0
2040-09-29 06:00:00,0.0,0.0,0.0,0.0,0.0,22.59309375018347,0.0,0.0,0.0,0.0,0.0
2040-09-29 07:00:00,0.0,0.0,0.0,0.0,0.0,21.960250000236556,0.0,0.0,0.0,0.0,0.0
2040-09-29 08:00:00,0.0,0.0,0.0,0.0,0.0,21.862843750277534,0.0,0.0,0.0,0.0,0.0
2040-09-29 09:00:00,0.0,0.0,0.0,0.0,0.0,24.78675000020303,0.0,0.0,0.0,0.0,0.0
2040-09-29 10:00:00,0.0,0.0,0.0,0.0,0.0,27.391531250206754,0.0,0.0,0.0,0.0,0.0
2040-09-29 11:00:00,0.0,0.0,0.0,0.0,0.0,29.816875000251457,0.0,0.0,0.0,0.0,0.0
2040-09-29 12:00:00,0.0,0.0,0.0,0.0,0.0,31.551093750284053,0.0,0.0,0.0,0.0,0.0
2040-09-29 13:00:00,0.0,0.0,0.0,0.0,0.0,33.59462500025984,0.0,0.0,0.0,0.0,0.0
2040-09-29 14:00:00,0.0,0.0,0.0,0.0,0.0,33.97296875028405,0.0,0.0,0.0,0.0,0.0
2040-09-29 15:00:00,0.0,0.0,0.0,0.0,0.0,33.320906250271946,0.0,0.0,0.0,0.0,0.0
2040-09-29 16:00:00,0.0,0.0,0.0,0.0,0.0,32.67743750021327,0.0,0.0,0.0,0.0,0.0
2040-09-29 17:00:00,0.0,0.0,0.0,0.0,0.0,32.08456250024028,0.0,0.0,0.0,0.0,0.0
2040-09-29 18:00:00,0.0,0.0,0.0,0.0,0.0,32.07234375027474,0.0,0.0,0.0,0.0,0.0
2040-09-29 19:00:00,0.0,0.0,0.0,0.0,0.0,33.02981250023004,0.0,0.0,0.0,0.0,0.0
2040-09-29 20:00:00,0.0,0.0,0.0,0.0,0.0,36.3644062501844,0.0,0.0,0.0,0.0,0.0
2040-09-29 21:00:00,0.0,0.0,0.0,0.0,0.0,38.21621875022538,0.0,0.0,0.0,0.0,0.0
2040-09-29 22:00:00,0.0,0.0,0.0,0.0,0.0,36.8571562502766,0.0,0.0,0.0,0.0,0.0
2040-09-29 23:00:00,0.0,0.0,0.0,0.0,0.0,33.65078125020955,0.0,0.0,0.0,0.0,0.0
2040-09-30 00:00:00,0.0,0.0,0.0,0.0,0.0,29.744562500272878,0.0,0.0,0.0,0.0,0.0
2040-09-30 01:00:00,0.0,0.0,0.0,0.0,0.0,26.24987500021234,0.0,0.0,0.0,0.0,0.0
2040-09-30 02:00:00,0.0,0.0,0.0,0.0,0.0,23.804437500191852,0.0,0.0,0.0,0.0,0.0
2040-09-30 03:00:00,0.0,0.0,0.0,0.0,0.0,22.486062500276603,0.0,0.0,0.0,0.0,0.0
2040-09-30 04:00:00,0.0,0.0,0.0,0.0,0.0,21.51787500025239,0.0,0.0,0.0,0.0,0.0
2040-09-30 05:00:00,0.0,0.0,0.0,0.0,0.0,22.058562500285916,0.0,0.0,0.0,0.0,0.0
2040-09-30 06:00:00,0.0,0.0,0.0,0.0,0.0,24.666500000283122,0.0,0.0,0.0,0.0,0.0
2040-09-30 07:00:00,0.0,0.0,0.0,0.0,0.0,29.0073750002798,0.0,0.0,0.0,0.0,0.0
2040-09-30 08:00:00,0.0,0.0,0.0,0.0,0.0,31.36021875019651,0.0,0.0,0.0,0.0,0.0
2040-09-30 09:00:00,0.0,0.0,0.0,0.0,0.0,36.11131250019518,0.0,0.0,0.0,0.0,0.0
2040-09-30 10:00:00,0.0,0.0,0.0,0.0,0.0,38.55443750019185,0.0,0.0,0.0,0.0,0.0
2040-09-30 11:00:00,0.0,0.0,0.0,0.0,0.0,40.4313750002766,0.0,0.0,0.0,0.0,0.0
2040-09-30 12:00:00,0.0,0.0,0.0,0.0,0.0,40.73246875021141,0.0,0.0,0.0,0.0,0.0
2040-09-30 13:00:00,0.0,0.0,0.0,0.0,0.0,40.60040625021793,0.0,0.0,0.0,0.0,0.0
2040-09-30 14:00:00,0.0,0.0,0.0,0.0,0.0,39.28387500019744,0.0,0.0,0.0,0.0,0.0
2040-09-30 15:00:00,0.0,0.0,0.0,0.0,0.0,39.087875000201166,0.0,0.0,0.0,0.0,0.0
2040-09-30 16:00:00,0.0,0.0,0.0,0.0,0.0,36.98134375025984,0.0,0.0,0.0,0.0,0.0
2040-09-30 17:00:00,0.0,0.0,0.0,0.0,0.0,36.10887500026729,0.0,0.0,0.0,0.0,0.0
2040-09-30 18:00:00,0.0,0.0,0.0,0.0,0.0,36.22140625026077,0.0,0.0,0.0,0.0,0.0
2040-09-30 19:00:00,0.0,0.0,0.0,0.0,0.0,37.33756250026306,0.0,0.0,0.0,0.0,0.0
2040-09-30 20:00:00,0.0,0.0,0.0,0.0,0.0,39.94606250023935,0.0,0.0,0.0,0.0,0.0
2040-09-30 21:00:00,0.0,0.0,0.0,0.0,0.0,38.72684375022072,0.0,0.0,0.0,0.0,0.0
2040-09-30 22:00:00,0.0,0.0,0.0,0.0,0.0,36.98500000021886,0.0,0.0,0.0,0.0,0.0
2040-09-30 23:00:00,0.0,0.0,0.0,0.0,0.0,33.70490625023376,0.0,0.0,0.0,0.0,0.0
2040-10-01 00:00:00,0.0,0.0,0.0,0.0,0.0,29.669718750286847,0.0,0.0,0.0,0.0,0.0
2040-10-01 01:00:00,0.0,0.0,0.0,0.0,0.0,26.411062500206754,0.0,0.0,0.0,0.0,0.0
2040-10-01 02:00:00,0.0,0.0,0.0,0.0,0.0,24.105812500230968,0.0,0.0,0.0,0.0,0.0
2040-10-01 03:00:00,0.0,0.0,0.0,0.0,0.0,23.18253125017509,0.0,0.0,0.0,0.0,0.0
2040-10-01 04:00:00,0.0,0.0,0.0,0.0,0.0,22.945875000208616,0.0,0.0,0.0,0.0,0.0
2040-10-01 05:00:00,0.0,0.0,0.0,0.0,0.0,23.043375000241213,0.0,0.0,0.0,0.0,0.0
2040-10-01 06:00:00,0.0,0.0,0.0,0.0,0.0,25.408218750264496,0.0,0.0,0.0,0.0,0.0
2040-10-01 07:00:00,0.0,0.0,0.0,0.0,0.0,29.242468750220723,0.0,0.0,0.0,0.0,0.0
2040-10-01 08:00:00,0.0,0.0,0.0,0.0,0.0,32.10415625025056,0.0,0.0,0.0,0.0,0.0
2040-10-01 09:00:00,0.0,0.0,0.0,0.0,0.0,35.89246875024401,0.0,0.0,0.0,0.0,0.0
2040-10-01 10:00:00,0.0,0.0,0.0,0.0,0.0,38.01687500020489,0.0,0.0,0.0,0.0,0.0
2040-10-01 11:00:00,0.0,0.0,0.0,0.0,0.0,39.26075000024866,0.0,0.0,0.0,0.0,0.0
2040-10-01 12:00:00,0.0,0.0,0.0,0.0,0.0,38.93703948406409,0.0,0.0,0.0,0.0,0.0
2040-10-01 13:00:00,0.0,0.0,0.0,0.0,0.0,39.208593750256114,0.0,0.0,0.0,0.0,0.0
2040-10-01 14:00:00,0.0,0.0,0.0,0.0,0.0,38.2913437501993,0.0,0.0,0.0,0.0,0.0
2040-10-01 15:00:00,0.0,0.0,0.0,0.0,0.0,38.283218750264496,0.0,0.0,0.0,0.0,0.0
2040-10-01 16:00:00,0.0,0.0,0.0,0.0,0.0,37.919406250235625,0.0,0.0,0.0,0.0,0.0
2040-10-01 17:00:00,0.0,0.0,0.0,0.0,0.0,37.18459375028033,0.0,0.0,0.0,0.0,0.0
2040-10-01 18:00:00,0.0,0.0,0.0,0.0,0.0,36.541218750178814,0.0,0.0,0.0,0.0,0.0
2040-10-01 19:00:00,0.0,0.0,0.0,0.0,0.0,36.21253125020303,0.0,0.0,0.0,0.0,0.0
2040-10-01 20:00:00,0.0,0.0,0.0,0.0,0.0,38.349750000284985,0.0,0.0,0.0,0.0,0.0
2040-10-01 21:00:00,0.0,0.0,0.0,0.0,0.0,39.32559375022538,0.0,0.0,0.0,0.0,0.0
2040-10-01 22:00:00,0.0,0.0,0.0,0.0,0.0,37.19993750017602,0.0,0.0,0.0,0.0,0.0
2040-10-01 23:00:00,0.0,0.0,0.0,0.0,0.0,33.45831250026822,0.0,0.0,0.0,0.0,0.0
2040-10-02 00:00:00,0.0,0.0,0.0,0.0,0.0,29.60534375021234,0.0,0.0,0.0,0.0,0.0
2040-10-02 01:00:00,0.0,0.0,0.0,0.0,0.0,26.742468750220723,0.0,0.0,0.0,0.0,0.0
2040-10-02 02:00:00,0.0,0.0,0.0,0.0,0.0,24.35493750020396,0.0,0.0,0.0,0.0,0.0
2040-10-02 03:00:00,0.0,0.0,0.0,0.0,0.0,22.912968750228174,0.0,0.0,0.0,0.0,0.0
2040-10-02 04:00:00,0.0,0.0,0.0,0.0,0.0,22.497312500257976,0.0,0.0,0.0,0.0,0.0
2040-10-02 05:00:00,0.0,0.0,0.0,0.0,0.0,22.65234375,0.0,0.0,0.0,0.0,0.0
2040-10-02 06:00:00,0.0,0.0,0.0,0.0,0.0,24.95753125019837,0.0,0.0,0.0,0.0,0.0
2040-10-02 07:00:00,0.0,0.0,0.0,0.0,0.0,29.07103125017602,0.0,0.0,0.0,0.0,0.0
2040-10-02 08:00:00,0.0,0.0,0.0,0.0,0.0,31.370250000269152,0.0,0.0,0.0,0.0,0.0
2040-10-02 09:00:00,0.0,0.0,0.0,0.0,0.0,34.95337500027381,0.0,0.0,0.0,0.0,0.0
2040-10-02 10:00:00,0.0,0.0,0.0,0.0,0.0,37.41493750025984,0.0,0.0,0.0,0.0,0.0
2040-10-02 11:00:00,0.0,0.0,0.0,0.0,0.0,39.67803125025239,0.0,0.0,0.0,0.0,0.0
2040-10-02 12:00:00,0.0,0.0,0.0,0.0,0.0,39.6020937502617,0.0,0.0,0.0,0.0,0.0
2040-10-02 13:00:00,0.0,0.0,0.0,0.0,0.0,38.552968750242144,0.0,0.0,0.0,0.0,0.0
2040-10-02 14:00:00,0.0,0.0,0.0,0.0,0.0,37.228531250264496,0.0,0.0,0.0,0.0,0.0
2040-10-02 15:00:00,0.0,0.0,0.0,0.0,0.0,36.900531250284985,0.0,0.0,0.0,0.0,0.0
2040-10-02 16:00:00,0.0,0.0,0.0,0.0,0.0,36.611968750250526,0.0,0.0,0.0,0.0,0.0
2040-10-02 17:00:00,0.0,0.0,0.0,0.0,0.0,36.88375000027008,0.0,0.0,0.0,0.0,0.0
2040-10-02 18:00:00,0.0,0.0,0.0,0.0,0.0,37.0267187502468,0.0,0.0,0.0,0.0,0.0
2040-10-02 19:00:00,0.0,0.0,0.0,0.0,0.0,35.990968750207685,0.0,0.0,0.0,0.0,0.0
2040-10-02 20:00:00,0.0,0.0,0.0,0.0,0.0,37.91821875027381,0.0,0.0,0.0,0.0,0.0
2040-10-02 21:00:00,0.0,0.0,0.0,0.0,0.0,38.72137500019744,0.0,0.0,0.0,0.0,0.0
2040-10-02 22:00:00,0.0,0.0,0.0,0.0,0.0,36.73428125027567,0.0,0.0,0.0,0.0,0.0
2040-10-02 23:00:00,0.0,0.0,0.0,0.0,0.0,33.306781250284985,0.0,0.0,0.0,0.0,0.0
2040-10-03 00:00:00,0.0,0.0,0.0,0.0,0.0,29.600250000250526,0.0,0.0,0.0,0.0,0.0
2040-10-03 01:00:00,0.0,0.0,0.0,0.0,0.0,25.921625000191852,0.0,0.0,0.0,0.0,0.0
2040-10-03 02:00:00,0.0,0.0,0.0,0.0,0.0,24.12071875028778,0.0,0.0,0.0,0.0,0.0
2040-10-03 03:00:00,0.0,0.0,0.0,0.0,0.0,23.158625000272878,0.0,0.0,0.0,0.0,0.0
2040-10-03 04:00:00,0.0,0.0,0.0,0.0,0.0,21.969031250220723,0.0,0.0,0.0,0.0,0.0
2040-10-03 05:00:00,0.0,0.0,0.0,0.0,0.0,21.88178125023842,0.0,0.0,0.0,0.0,0.0
2040-10-03 06:00:00,0.0,0.0,0.0,0.0,0.0,24.88893750018906,0.0,0.0,0.0,0.0,0.0
2040-10-03 07:00:00,0.0,0.0,0.0,0.0,0.0,28.157250000280328,0.0,0.0,0.0,0.0,0.0
2040-10-03 08:00:00,0.0,0.0,0.0,0.0,0.0,31.254812500206754,0.0,0.0,0.0,0.0,0.0
2040-10-03 09:00:00,0.0,0.0,0.0,0.0,0.0,36.21018750022631,0.0,0.0,0.0,0.0,0.0
2040-10-03 10:00:00,0.0,0.0,0.0,0.0,0.0,39.213937500260194,0.0,0.0,0.0,0.0,0.0
2040-10-03 11:00:00,0.0,0.0,0.0,0.0,0.0,40.57962500024587,0.0,0.0,0.0,0.0,0.0
2040-10-03 12:00:00,0.0,0.0,0.0,0.0,0.0,40.94593750021886,0.0,0.0,0.0,0.0,0.0
2040-10-03 13:00:00,0.0,0.0,0.0,0.0,0.0,40.423187500215136,0.0,0.0,0.0,0.0,0.0
2040-10-03 14:00:00,0.0,0.0,0.0,0.0,0.0,39.508500000229105,0.0,0.0,0.0,0.0,0.0
2040-10-03 15:00:00,0.0,0.0,0.0,0.0,0.0,39.13618750020396,0.0,0.0,0.0,0.0,0.0
2040-10-03 16:00:00,0.0,0.0,0.0,0.0,0.0,38.31681250024121,0.0,0.0,0.0,0.0,0.0
2040-10-03 17:00:00,0.0,0.0,0.0,0.0,0.0,37.666750000207685,0.0,0.0,0.0,0.0,0.0
2040-10-03 18:00:00,0.0,0.0,0.0,0.0,0.0,37.07668750023004,0.0,0.0,0.0,0.0,0.0
2040-10-03 19:00:00,0.0,0.0,0.0,0.0,0.0,36.90862500027288,0.0,0.0,0.0,0.0,0.0
2040-10-03 20:00:00,0.0,0.0,0.0,0.0,0.0,38.17606250022072,0.0,0.0,0.0,0.0,0.0
2040-10-03 21:00:00,0.0,0.0,0.0,0.0,0.0,39.36456250026822,0.0,0.0,0.0,0.0,0.0
2040-10-03 22:00:00,0.0,0.0,0.0,0.0,0.0,37.19112500024494,0.0,0.0,0.0,0.0,0.0
2040-10-03 23:00:00,0.0,0.0,0.0,0.0,0.0,34.2806250002468,0.0,0.0,0.0,0.0,0.0
2040-10-04 00:00:00,0.0,0.0,0.0,0.0,0.0,29.40006250026636,0.0,0.0,0.0,0.0,0.0
2040-10-04 01:00:00,0.0,0.0,0.0,0.0,0.0,25.473562500206754,0.0,0.0,0.0,0.0,0.0
2040-10-04 02:00:00,0.0,0.0,0.0,0.0,0.0,23.815625000279397,0.0,0.0,0.0,0.0,0.0
2040-10-04 03:00:00,0.0,0.0,0.0,0.0,0.0,22.83137500018347,0.0,0.0,0.0,0.0,0.0
2040-10-04 04:00:00,0.0,0.0,0.0,0.0,0.0,22.35831250017509,0.0,0.0,0.0,0.0,0.0
2040-10-04 05:00:00,0.0,0.0,0.0,0.0,0.0,22.720812500221655,0.0,0.0,0.0,0.0,0.0
2040-10-04 06:00:00,0.0,0.0,0.0,0.0,0.0,24.289375000284053,0.0,0.0,0.0,0.0,0.0
2040-10-04 07:00:00,0.0,0.0,0.0,0.0,0.0,26.69225000019651,0.0,0.0,0.0,0.0,0.0
2040-10-04 08:00:00,0.0,0.0,0.0,0.0,0.0,29.72856250021141,0.0,0.0,0.0,0.0,0.0
2040-10-04 09:00:00,0.0,0.0,0.0,0.0,0.0,33.54137500026263,0.0,0.0,0.0,0.0,0.0
2040-10-04 10:00:00,0.0,0.0,0.0,0.0,0.0,35.74168750026729,0.0,0.0,0.0,0.0,0.0
2040-10-04 11:00:00,0.0,0.0,0.0,0.0,0.0,37.02143750025425,0.0,0.0,0.0,0.0,0.0
2040-10-04 12:00:00,0.0,0.0,0.0,0.0,0.0,37.184500000206754,0.0,0.0,0.0,0.0,0.0
2040-10-04 13:00:00,0.0,0.0,0.0,0.0,0.0,36.8196875002468,0.0,0.0,0.0,0.0,0.0
2040-10-04 14:00:00,0.0,0.0,0.0,0.0,0.0,36.39162500028033,0.0,0.0,0.0,0.0,0.0
2040-10-04 15:00:00,0.0,0.0,0.0,0.0,0.0,36.970937500242144,0.0,0.0,0.0,0.0,0.0
2040-10-04 16:00:00,0.0,0.0,0.0,0.0,0.0,36.42512500018347,0.0,0.0,0.0,0.0,0.0
2040-10-04 17:00:00,0.0,0.0,0.0,0.0,0.0,35.67293750029057,0.0,0.0,0.0,0.0,0.0
2040-10-04 18:00:00,0.0,0.0,0.0,0.0,0.0,35.05706250027288,0.0,0.0,0.0,0.0,0.0
2040-10-04 19:00:00,0.0,0.0,0.0,0.0,0.0,34.916625000187196,0.0,0.0,0.0,0.0,0.0
2040-10-04 20:00:00,0.0,0.0,0.0,0.0,0.0,36.02062500023749,0.0,0.0,0.0,0.0,0.0
2040-10-04 21:00:00,0.0,0.0,0.0,0.0,0.0,37.149250000249594,0.0,0.0,0.0,0.0,0.0
2040-10-04 22:00:00,0.0,0.0,0.0,0.0,0.0,35.43337500025518,0.0,0.0,0.0,0.0,0.0
2040-10-04 23:00:00,0.0,0.0,0.0,0.0,0.0,33.3234375002794,0.0,0.0,0.0,0.0,0.0
2040-10-05 00:00:00,0.0,0.0,0.0,0.0,0.0,30.700437500257976,0.0,0.0,0.0,0.0,0.0
2040-10-05 01:00:00,0.0,0.0,0.0,0.0,0.0,27.55431250028778,0.0,0.0,0.0,0.0,0.0
2040-10-05 02:00:00,0.0,0.0,0.0,0.0,0.0,25.33681250025984,0.0,0.0,0.0,0.0,0.0
2040-10-05 03:00:00,0.0,0.0,0.0,0.0,0.0,23.816437500179745,0.0,0.0,0.0,0.0,0.0
2040-10-05 04:00:00,0.0,0.0,0.0,0.0,0.0,22.29437500028871,0.0,0.0,0.0,0.0,0.0
2040-10-05 05:00:00,0.0,0.0,0.0,0.0,0.0,22.176687500206754,0.0,0.0,0.0,0.0,0.0
2040-10-05 06:00:00,0.0,0.0,0.0,0.0,0.0,22.49081250024028,0.0,0.0,0.0,0.0,0.0
2040-10-05 07:00:00,0.0,0.0,0.0,0.0,0.0,22.67768750025425,0.0,0.0,0.0,0.0,0.0
2040-10-05 08:00:00,0.0,0.0,0.0,0.0,0.0,24.88950000028126,0.0,0.0,0.0,0.0,0.0
2040-10-05 09:00:00,0.0,0.0,0.0,0.0,0.0,29.15306250017602,0.0,0.0,0.0,0.0,0.0
2040-10-05 10:00:00,0.0,0.0,0.0,0.0,0.0,32.65725000028033,0.0,0.0,0.0,0.0,0.0
2040-10-05 11:00:00,0.0,0.0,0.0,0.0,0.0,34.112687500193715,0.0,0.0,0.0,0.0,0.0
2040-10-05 12:00:00,0.0,0.0,0.0,0.0,0.0,35.38075000024401,0.0,0.0,0.0,0.0,0.0
2040-10-05 13:00:00,0.0,0.0,0.0,0.0,0.0,35.438937500235625,0.0,0.0,0.0,0.0,0.0
2040-10-05 14:00:00,0.0,0.0,0.0,0.0,0.0,35.06437500019092,0.0,0.0,0.0,0.0,0.0
2040-10-05 15:00:00,0.0,0.0,0.0,0.0,0.0,34.15406250022352,0.0,0.0,0.0,0.0,0.0
2040-10-05 16:00:00,0.0,0.0,0.0,0.0,0.0,32.9575625002617,0.0,0.0,0.0,0.0,0.0
2040-10-05 17:00:00,0.0,0.0,0.0,0.0,0.0,32.160187500179745,0.0,0.0,0.0,0.0,0.0
2040-10-05 18:00:00,0.0,0.0,0.0,0.0,0.0,31.520000000251457,0.0,0.0,0.0,0.0,0.0
2040-10-05 19:00:00,0.0,0.0,0.0,0.0,0.0,31.33137500018347,0.0,0.0,0.0,0.0,0.0
2040-10-05 20:00:00,0.0,0.0,0.0,0.0,0.0,33.437687500263564,0.0,0.0,0.0,0.0,0.0
2040-10-05 21:00:00,0.0,0.0,0.0,0.0,0.0,34.84025000024121,0.0,0.0,0.0,0.0,0.0
2040-10-05 22:00:00,0.0,0.0,0.0,0.0,0.0,33.58656250021886,0.0,0.0,0.0,0.0,0.0
2040-10-05 23:00:00,0.0,0.0,0.0,0.0,0.0,31.47487500018906,0.0,0.0,0.0,0.0,0.0
2040-10-06 00:00:00,0.0,0.0,0.0,0.0,0.0,29.014312500250526,0.0,0.0,0.0,0.0,0.0
2040-10-06 01:00:00,0.0,0.0,0.0,0.0,0.0,26.441750000230968,0.0,0.0,0.0,0.0,0.0
2040-10-06 02:00:00,0.0,0.0,0.0,0.0,0.0,24.48687500017695,0.0,0.0,0.0,0.0,0.0
2040-10-06 03:00:00,0.0,0.0,0.0,0.0,0.0,22.481812500278465,0.0,0.0,0.0,0.0,0.0
2040-10-06 04:00:00,0.0,0.0,0.0,0.0,0.0,21.42137500026729,0.0,0.0,0.0,0.0,0.0
2040-10-06 05:00:00,0.0,0.0,0.0,0.0,0.0,20.987312500248663,0.0,0.0,0.0,0.0,0.0
2040-10-06 06:00:00,0.0,0.0,0.0,0.0,0.0,21.14012500026729,0.0,0.0,0.0,0.0,0.0
2040-10-06 07:00:00,0.0,0.0,0.0,0.0,0.0,20.887312500271946,0.0,0.0,0.0,0.0,0.0
2040-10-06 08:00:00,0.0,0.0,0.0,0.0,0.0,21.425312500214204,0.0,0.0,0.0,0.0,0.0
2040-10-06 09:00:00,0.0,0.0,0.0,0.0,0.0,24.514312500250526,0.0,0.0,0.0,0.0,0.0
2040-10-06 10:00:00,0.0,0.0,0.0,0.0,0.0,27.53506250027567,0.0,0.0,0.0,0.0,0.0
2040-10-06 11:00:00,0.0,0.0,0.0,0.0,0.0,29.685687500284985,0.0,0.0,0.0,0.0,0.0
2040-10-06 12:00:00,0.0,0.0,0.0,0.0,0.0,30.745187500258908,0.0,0.0,0.0,0.0,0.0
2040-10-06 13:00:00,0.0,0.0,0.0,0.0,0.0,31.688062500208616,0.0,0.0,0.0,0.0,0.0
2040-10-06 14:00:00,0.0,0.0,0.0,0.0,0.0,31.84131250018254,0.0,0.0,0.0,0.0,0.0
2040-10-06 15:00:00,0.0,0.0,0.0,0.0,0.0,31.022437500185333,0.0,0.0,0.0,0.0,0.0
2040-10-06 16:00:00,0.0,0.0,0.0,0.0,0.0,30.242375000263564,0.0,0.0,0.0,0.0,0.0
2040-10-06 17:00:00,0.0,0.0,0.0,0.0,0.0,29.581562500214204,0.0,0.0,0.0,0.0,0.0
2040-10-06 18:00:00,0.0,0.0,0.0,0.0,0.0,29.531312500243075,0.0,0.0,0.0,0.0,0.0
2040-10-06 19:00:00,0.0,0.0,0.0,0.0,0.0,31.02237500017509,0.0,0.0,0.0,0.0,0.0
2040-10-06 20:00:00,0.0,0.0,0.0,0.0,0.0,34.30731250019744,0.0,0.0,0.0,0.0,0.0
2040-10-06 21:00:00,0.0,0.0,0.0,0.0,0.0,36.488312500179745,0.0,0.0,0.0,0.0,0.0
2040-10-06 22:00:00,0.0,0.0,0.0,0.0,0.0,34.584625000250526,0.0,0.0,0.0,0.0,0.0
2040-10-06 23:00:00,0.0,0.0,0.0,0.0,0.0,31.491250000195578,0.0,0.0,0.0,0.0,0.0
2040-10-07 00:00:00,0.0,0.0,0.0,0.0,0.0,27.600750000216067,0.0,0.0,0.0,0.0,0.0
2040-10-07 01:00:00,0.0,0.0,0.0,0.0,0.0,24.46356250019744,0.0,0.0,0.0,0.0,0.0
2040-10-07 02:00:00,0.0,0.0,0.0,0.0,0.0,21.998500000219792,0.0,0.0,0.0,0.0,0.0
2040-10-07 03:00:00,0.0,0.0,0.0,0.0,0.0,20.85568750021048,0.0,0.0,0.0,0.0,0.0
2040-10-07 04:00:00,0.0,0.0,0.0,0.0,0.0,21.03662500018254,0.0,0.0,0.0,0.0,0.0
2040-10-07 05:00:00,0.0,0.0,0.0,0.0,0.0,21.924312500283122,0.0,0.0,0.0,0.0,0.0
2040-10-07 06:00:00,0.0,0.0,0.0,0.0,0.0,23.947750000281307,0.0,0.0,0.0,0.0,0.0
2040-10-07 07:00:00,0.0,0.0,0.0,0.0,0.0,28.23762500018347,0.0,0.0,0.0,0.0,0.0
2040-10-07 08:00:00,0.0,0.0,0.0,0.0,0.0,30.75675000017509,0.0,0.0,0.0,0.0,0.0
2040-10-07 09:00:00,0.0,0.0,0.0,0.0,0.0,36.250562500208616,0.0,0.0,0.0,0.0,0.0
2040-10-07 10:00:00,0.0,0.0,0.0,0.0,0.0,38.92756250023376,0.0,0.0,0.0,0.0,0.0
2040-10-07 11:00:00,0.0,0.0,0.0,0.0,0.0,40.53012500028126,0.0,0.0,0.0,0.0,0.0
2040-10-07 12:00:00,0.0,0.0,0.0,0.0,0.0,40.544937500264496,0.0,0.0,0.0,0.0,0.0
2040-10-07 13:00:00,0.0,0.0,0.0,0.0,0.0,39.873062500264496,0.0,0.0,0.0,0.0,0.0
2040-10-07 14:00:00,0.0,0.0,0.0,0.0,0.0,37.94387500023004,0.0,0.0,0.0,0.0,0.0
2040-10-07 15:00:00,0.0,0.0,0.0,0.0,0.0,37.20731250022072,0.0,0.0,0.0,0.0,0.0
2040-10-07 16:00:00,0.0,0.0,0.0,0.0,0.0,36.886125000193715,0.0,0.0,0.0,0.0,0.0
2040-10-07 17:00:00,0.0,0.0,0.0,0.0,0.0,36.21587500022724,0.0,0.0,0.0,0.0,0.0
2040-10-07 18:00:00,0.0,0.0,0.0,0.0,0.0,35.77318750019185,0.0,0.0,0.0,0.0,0.0
2040-10-07 19:00:00,0.0,0.0,0.0,0.0,0.0,35.7778750002617,0.0,0.0,0.0,0.0,0.0
2040-10-07 20:00:00,0.0,0.0,0.0,0.0,0.0,36.763812500284985,0.0,0.0,0.0,0.0,0.0
2040-10-07 21:00:00,0.0,0.0,0.0,0.0,0.0,37.401000000187196,0.0,0.0,0.0,0.0,0.0
2040-10-07 22:00:00,0.0,0.0,0.0,0.0,0.0,35.46518750023097,0.0,0.0,0.0,0.0,0.0
2040-10-07 23:00:00,0.0,0.0,0.0,0.0,0.0,32.93668750021607,0.0,0.0,0.0,0.0,0.0
2040-10-08 00:00:00,0.0,0.0,0.0,0.0,0.0,28.793000000179745,0.0,0.0,0.0,0.0,0.0
2040-10-08 01:00:00,0.0,0.0,0.0,0.0,0.0,26.064187500276603,0.0,0.0,0.0,0.0,0.0
2040-10-08 02:00:00,0.0,0.0,0.0,0.0,0.0,24.12256250018254,0.0,0.0,0.0,0.0,0.0
2040-10-08 03:00:00,0.0,0.0,0.0,0.0,0.0,23.571375000290573,0.0,0.0,0.0,0.0,0.0
2040-10-08 04:00:00,0.0,0.0,0.0,0.0,0.0,23.078062500222586,0.0,0.0,0.0,0.0,0.0
2040-10-08 05:00:00,0.0,0.0,0.0,0.0,0.0,23.491187500185333,0.0,0.0,0.0,0.0,0.0
2040-10-08 06:00:00,0.0,0.0,0.0,0.0,0.0,25.8325625002617,0.0,0.0,0.0,0.0,0.0
2040-10-08 07:00:00,0.0,0.0,0.0,0.0,0.0,30.18800000019837,0.0,0.0,0.0,0.0,0.0
2040-10-08 08:00:00,0.0,0.0,0.0,0.0,0.0,32.01281250023749,0.0,0.0,0.0,0.0,0.0
2040-10-08 09:00:00,0.0,0.0,0.0,0.0,0.0,36.61456250026822,0.0,0.0,0.0,0.0,0.0
2040-10-08 10:00:00,0.0,0.0,0.0,0.0,0.0,38.01575000025332,0.0,0.0,0.0,0.0,0.0
2040-10-08 11:00:00,0.0,0.0,0.0,0.0,0.0,38.668125000200234,0.0,0.0,0.0,0.0,0.0
2040-10-08 12:00:00,0.0,0.0,0.0,0.0,0.0,38.80700000026263,0.0,0.0,0.0,0.0,0.0
2040-10-08 13:00:00,0.0,0.0,0.0,0.0,0.0,38.44181250024121,0.0,0.0,0.0,0.0,0.0
2040-10-08 14:00:00,0.0,0.0,0.0,0.0,0.0,37.3312500002794,0.0,0.0,0.0,0.0,0.0
2040-10-08 15:00:00,0.0,0.0,0.0,0.0,0.0,37.367875000229105,0.0,0.0,0.0,0.0,0.0
2040-10-08 16:00:00,0.0,0.0,0.0,0.0,0.0,37.462875000201166,0.0,0.0,0.0,0.0,0.0
2040-10-08 17:00:00,0.0,0.0,0.0,0.0,0.0,36.75012500025332,0.0,0.0,0.0,0.0,0.0
2040-10-08 18:00:00,0.0,0.0,0.0,0.0,0.0,36.38787500024773,0.0,0.0,0.0,0.0,0.0
2040-10-08 19:00:00,0.0,0.0,0.0,0.0,0.0,36.85062500019558,0.0,0.0,0.0,0.0,0.0
2040-10-08 20:00:00,0.0,0.0,0.0,0.0,0.0,37.220937500242144,0.0,0.0,0.0,0.0,0.0
2040-10-08 21:00:00,0.0,0.0,0.0,0.0,0.0,37.46318750025239,0.0,0.0,0.0,0.0,0.0
2040-10-08 22:00:00,0.0,0.0,0.0,0.0,0.0,35.67956250021234,0.0,0.0,0.0,0.0,0.0
2040-10-08 23:00:00,0.0,0.0,0.0,0.0,0.0,33.114625000278465,0.0,0.0,0.0,0.0,0.0
2040-10-09 00:00:00,0.0,0.0,0.0,0.0,0.0,29.16300000017509,0.0,0.0,0.0,0.0,0.0
2040-10-09 01:00:00,0.0,0.0,0.0,0.0,0.0,26.099750000284985,0.0,0.0,0.0,0.0,0.0
2040-10-09 02:00:00,0.0,0.0,0.0,0.0,0.0,24.11806250025984,0.0,0.0,0.0,0.0,0.0
2040-10-09 03:00:00,0.0,0.0,0.0,0.0,0.0,22.861937500187196,0.0,0.0,0.0,0.0,0.0
2040-10-09 04:00:00,0.0,0.0,0.0,0.0,0.0,22.459625000250526,0.0,0.0,0.0,0.0,0.0
2040-10-09 05:00:00,0.0,0.0,0.0,0.0,0.0,22.496375000220723,0.0,0.0,0.0,0.0,0.0
2040-10-09 06:00:00,0.0,0.0,0.0,0.0,0.0,25.077437500236556,0.0,0.0,0.0,0.0,0.0
2040-10-09 07:00:00,0.0,0.0,0.0,0.0,0.0,29.14225000026636,0.0,0.0,0.0,0.0,0.0
2040-10-09 08:00:00,0.0,0.0,0.0,0.0,0.0,31.847500000265427,0.0,0.0,0.0,0.0,0.0
2040-10-09 09:00:00,0.0,0.0,0.0,0.0,0.0,36.661687500192784,0.0,0.0,0.0,0.0,0.0
2040-10-09 10:00:00,0.0,0.0,0.0,0.0,0.0,38.20775000017602,0.0,0.0,0.0,0.0,0.0
2040-10-09 11:00:00,0.0,0.0,0.0,0.0,0.0,40.06668750022072,0.0,0.0,0.0,0.0,0.0
2040-10-09 12:00:00,0.0,0.0,0.0,0.0,0.0,40.76943750027567,0.0,0.0,0.0,0.0,0.0
2040-10-09 13:00:00,0.0,0.0,0.0,0.0,0.0,40.102750000194646,0.0,0.0,0.0,0.0,0.0
2040-10-09 14:00:00,0.0,0.0,0.0,0.0,0.0,39.55543750023935,0.0,0.0,0.0,0.0,0.0
2040-10-09 15:00:00,0.0,0.0,0.0,0.0,0.0,39.31206250027772,0.0,0.0,0.0,0.0,0.0
2040-10-09 16:00:00,0.0,0.0,0.0,0.0,0.0,38.254812500206754,0.0,0.0,0.0,0.0,0.0
2040-10-09 17:00:00,0.0,0.0,0.0,0.0,0.0,37.320375000243075,0.0,0.0,0.0,0.0,0.0
2040-10-09 18:00:00,0.0,0.0,0.0,0.0,0.0,36.06806250021327,0.0,0.0,0.0,0.0,0.0
2040-10-09 19:00:00,0.0,0.0,0.0,0.0,0.0,35.81425000028685,0.0,0.0,0.0,0.0,0.0
2040-10-09 20:00:00,0.0,0.0,0.0,0.0,0.0,35.835375000257045,0.0,0.0,0.0,0.0,0.0
2040-10-09 21:00:00,0.0,0.0,0.0,0.0,0.0,37.09700000018347,0.0,0.0,0.0,0.0,0.0
2040-10-09 22:00:00,0.0,0.0,0.0,0.0,0.0,35.42437500017695,0.0,0.0,0.0,0.0,0.0
2040-10-09 23:00:00,0.0,0.0,0.0,0.0,0.0,32.60618750017602,0.0,0.0,0.0,0.0,0.0
2040-10-10 00:00:00,0.0,0.0,0.0,0.0,0.0,29.644062500214204,0.0,0.0,0.0,0.0,0.0
2040-10-10 01:00:00,0.0,0.0,0.0,0.0,0.0,25.566687500220723,0.0,0.0,0.0,0.0,0.0
2040-10-10 02:00:00,0.0,0.0,0.0,0.0,0.0,22.077687500277534,0.0,0.0,0.0,0.0,0.0
2040-10-10 03:00:00,0.0,0.0,0.0,0.0,0.0,22.729625000269152,0.0,0.0,0.0,0.0,0.0
2040-10-10 04:00:00,0.0,0.0,0.0,0.0,0.0,22.44406250026077,0.0,0.0,0.0,0.0,0.0
2040-10-10 05:00:00,0.0,0.0,0.0,0.0,0.0,21.982750000199303,0.0,0.0,0.0,0.0,0.0
2040-10-10 06:00:00,0.0,0.0,0.0,0.0,0.0,23.946250000270084,0.0,0.0,0.0,0.0,0.0
2040-10-10 07:00:00,0.0,0.0,0.0,0.0,0.0,27.19287500018254,0.0,0.0,0.0,0.0,0.0
2040-10-10 08:00:00,0.0,0.0,0.0,0.0,0.0,29.787562500219792,0.0,0.0,0.0,0.0,0.0
2040-10-10 09:00:00,0.0,0.0,0.0,0.0,0.0,33.31137500028126,0.0,0.0,0.0,0.0,0.0
2040-10-10 10:00:00,0.0,0.0,0.0,0.0,0.0,35.138812500284985,0.0,0.0,0.0,0.0,0.0
2040-10-10 11:00:00,0.0,0.0,0.0,0.0,0.0,36.10475000028964,0.0,0.0,0.0,0.0,0.0
2040-10-10 12:00:00,0.0,0.0,0.0,0.0,0.0,36.85168750025332,0.0,0.0,0.0,0.0,0.0
2040-10-10 13:00:00,0.0,0.0,0.0,0.0,0.0,37.16987500025425,0.0,0.0,0.0,0.0,0.0
2040-10-10 14:00:00,0.0,0.0,0.0,0.0,0.0,35.78931250027381,0.0,0.0,0.0,0.0,0.0
2040-10-10 15:00:00,0.0,0.0,0.0,0.0,0.0,35.74050000018906,0.0,0.0,0.0,0.0,0.0
2040-10-10 16:00:00,0.0,0.0,0.0,0.0,0.0,35.26100000028964,0.0,0.0,0.0,0.0,0.0
2040-10-10 17:00:00,0.0,0.0,0.0,0.0,0.0,34.73856250022072,0.0,0.0,0.0,0.0,0.0
2040-10-10 18:00:00,0.0,0.0,0.0,0.0,0.0,35.15300000028219,0.0,0.0,0.0,0.0,0.0
2040-10-10 19:00:00,0.0,0.0,0.0,0.0,0.0,34.86893750028685,0.0,0.0,0.0,0.0,0.0
2040-10-10 20:00:00,0.0,0.0,0.0,0.0,0.0,35.97468750027474,0.0,0.0,0.0,0.0,0.0
2040-10-10 21:00:00,0.0,0.0,0.0,0.0,0.0,37.32356250018347,0.0,0.0,0.0,0.0,0.0
2040-10-10 22:00:00,0.0,0.0,0.0,0.0,0.0,35.648500000243075,0.0,0.0,0.0,0.0,0.0
2040-10-10 23:00:00,0.0,0.0,0.0,0.0,0.0,32.625062500243075,0.0,0.0,0.0,0.0,0.0
2040-10-11 00:00:00,0.0,0.0,0.0,0.0,0.0,29.00531250028871,0.0,0.0,0.0,0.0,0.0
2040-10-11 01:00:00,0.0,0.0,0.0,0.0,0.0,26.45906250027474,0.0,0.0,0.0,0.0,0.0
2040-10-11 02:00:00,0.0,0.0,0.0,0.0,0.0,24.404500000178814,0.0,0.0,0.0,0.0,0.0
2040-10-11 03:00:00,0.0,0.0,0.0,0.0,0.0,23.61075000022538,0.0,0.0,0.0,0.0,0.0
2040-10-11 04:00:00,0.0,0.0,0.0,0.0,0.0,22.999312500236556,0.0,0.0,0.0,0.0,0.0
2040-10-11 05:00:00,0.0,0.0,0.0,0.0,0.0,22.75400000018999,0.0,0.0,0.0,0.0,0.0
2040-10-11 06:00:00,0.0,0.0,0.0,0.0,0.0,24.778125000186265,0.0,0.0,0.0,0.0,0.0
2040-10-11 07:00:00,0.0,0.0,0.0,0.0,0.0,28.67568750027567,0.0,0.0,0.0,0.0,0.0
2040-10-11 08:00:00,0.0,0.0,0.0,0.0,0.0,31.485437500290573,0.0,0.0,0.0,0.0,0.0
2040-10-11 09:00:00,0.0,0.0,0.0,0.0,0.0,36.884125000215136,0.0,0.0,0.0,0.0,0.0
2040-10-11 10:00:00,0.0,0.0,0.0,0.0,0.0,38.48787500022445,0.0,0.0,0.0,0.0,0.0
2040-10-11 11:00:00,0.0,0.0,0.0,0.0,0.0,39.43531250022352,0.0,0.0,0.0,0.0,0.0
2040-10-11 12:00:00,0.0,0.0,0.0,0.0,0.0,39.5234375,0.0,0.0,0.0,0.0,0.0
2040-10-11 13:00:00,0.0,0.0,0.0,0.0,0.0,38.79656250018161,0.0,0.0,0.0,0.0,0.0
2040-10-11 14:00:00,0.0,0.0,0.0,0.0,0.0,38.33931250020396,0.0,0.0,0.0,0.0,0.0
2040-10-11 15:00:00,0.0,0.0,0.0,0.0,0.0,38.470937500242144,0.0,0.0,0.0,0.0,0.0
2040-10-11 16:00:00,0.0,0.0,0.0,0.0,0.0,37.433000000193715,0.0,0.0,0.0,0.0,0.0
2040-10-11 17:00:00,0.0,0.0,0.0,0.0,0.0,36.000562500208616,0.0,0.0,0.0,0.0,0.0
2040-10-11 18:00:00,0.0,0.0,0.0,0.0,0.0,35.95550000027288,0.0,0.0,0.0,0.0,0.0
2040-10-11 19:00:00,0.0,0.0,0.0,0.0,0.0,36.360687500215136,0.0,0.0,0.0,0.0,0.0
2040-10-11 20:00:00,0.0,0.0,0.0,0.0,0.0,36.690812500193715,0.0,0.0,0.0,0.0,0.0
2040-10-11 21:00:00,0.0,0.0,0.0,0.0,0.0,38.125562500208616,0.0,0.0,0.0,0.0,0.0
2040-10-11 22:00:00,0.0,0.0,0.0,0.0,0.0,37.517187500256114,0.0,0.0,0.0,0.0,0.0
2040-10-11 23:00:00,0.0,0.0,0.0,0.0,0.0,34.58368750021327,0.0,0.0,0.0,0.0,0.0
2040-10-12 00:00:00,0.0,0.0,0.0,0.0,0.0,30.36550000018906,0.0,0.0,0.0,0.0,0.0
2040-10-12 01:00:00,0.0,0.0,0.0,0.0,0.0,27.50050000019837,0.0,0.0,0.0,0.0,0.0
2040-10-12 02:00:00,0.0,0.0,0.0,0.0,0.0,25.00125000020489,0.0,0.0,0.0,0.0,0.0
2040-10-12 03:00:00,0.0,0.0,0.0,0.0,0.0,23.31600000022445,0.0,0.0,0.0,0.0,0.0
2040-10-12 04:00:00,0.0,0.0,0.0,0.0,0.0,22.56787500018254,0.0,0.0,0.0,0.0,0.0
2040-10-12 05:00:00,0.0,0.0,0.0,0.0,0.0,22.01750000019092,0.0,0.0,0.0,0.0,0.0
2040-10-12 06:00:00,0.0,0.0,0.0,0.0,0.0,21.27231250028126,0.0,0.0,0.0,0.0,0.0
2040-10-12 07:00:00,0.0,0.0,0.0,0.0,0.0,20.636750000179745,0.0,0.0,0.0,0.0,0.0
2040-10-12 08:00:00,0.0,0.0,0.0,0.0,0.0,23.294500000192784,0.0,0.0,0.0,0.0,0.0
2040-10-12 09:00:00,0.0,0.0,0.0,0.0,0.0,26.623812500271015,0.0,0.0,0.0,0.0,0.0
2040-10-12 10:00:00,0.0,0.0,0.0,0.0,0.0,29.58362500020303,0.0,0.0,0.0,0.0,0.0
2040-10-12 11:00:00,0.0,0.0,0.0,0.0,0.0,31.708812500233762,0.0,0.0,0.0,0.0,0.0
2040-10-12 12:00:00,0.0,0.0,0.0,0.0,0.0,32.67956250021234,0.0,0.0,0.0,0.0,0.0
2040-10-12 13:00:00,0.0,0.0,0.0,0.0,0.0,33.88112500018906,0.0,0.0,0.0,0.0,0.0
2040-10-12 14:00:00,0.0,0.0,0.0,0.0,0.0,32.852125000208616,0.0,0.0,0.0,0.0,0.0
2040-10-12 15:00:00,0.0,0.0,0.0,0.0,0.0,31.537500000209548,0.0,0.0,0.0,0.0,0.0
2040-10-12 16:00:00,0.0,0.0,0.0,0.0,0.0,30.859125000191852,0.0,0.0,0.0,0.0,0.0
2040-10-12 17:00:00,0.0,0.0,0.0,0.0,0.0,30.997437500278465,0.0,0.0,0.0,0.0,0.0
2040-10-12 18:00:00,0.0,0.0,0.0,0.0,0.0,31.117125000222586,0.0,0.0,0.0,0.0,0.0
2040-10-12 19:00:00,0.0,0.0,0.0,0.0,0.0,31.228125000256114,0.0,0.0,0.0,0.0,0.0
2040-10-12 20:00:00,0.0,0.0,0.0,0.0,0.0,33.19256250024773,0.0,0.0,0.0,0.0,0.0
2040-10-12 21:00:00,0.0,0.0,0.0,0.0,0.0,34.720937500242144,0.0,0.0,0.0,0.0,0.0
2040-10-12 22:00:00,0.0,0.0,0.0,0.0,0.0,33.57268750027288,0.0,0.0,0.0,0.0,0.0
2040-10-12 23:00:00,0.0,0.0,0.0,0.0,0.0,31.36743750027381,0.0,0.0,0.0,0.0,0.0
2040-10-13 00:00:00,0.0,0.0,0.0,0.0,0.0,28.87256250018254,0.0,0.0,0.0,0.0,0.0
2040-10-13 01:00:00,0.0,0.0,0.0,0.0,0.0,26.16693750023842,0.0,0.0,0.0,0.0,0.0
2040-10-13 02:00:00,0.0,0.0,0.0,0.0,0.0,24.233500000205822,0.0,0.0,0.0,0.0,0.0
2040-10-13 03:00:00,0.0,0.0,0.0,0.0,0.0,23.421562500181608,0.0,0.0,0.0,0.0,0.0
2040-10-13 04:00:00,0.0,0.0,0.0,0.0,0.0,23.202529123518616,0.0,0.0,0.0,0.0,0.0
2040-10-13 05:00:00,0.0,0.0,0.0,0.0,0.0,22.190136160119437,0.0,0.0,0.0,0.0,0.0
2040-10-13 06:00:00,0.0,0.0,0.0,0.0,0.0,21.439079834264703,0.0,0.0,0.0,0.0,0.0
2040-10-13 07:00:00,0.0,0.0,0.0,0.0,0.0,19.573982910369523,0.0,0.0,0.0,0.0,0.0
2040-10-13 08:00:00,0.0,0.0,0.0,0.0,0.0,20.846763183828443,0.0,0.0,0.0,0.0,0.0
2040-10-13 09:00:00,0.0,0.0,0.0,0.0,0.0,23.44432714872528,0.0,0.0,0.0,0.0,0.0
2040-10-13 10:00:00,0.0,0.0,0.0,0.0,0.0,25.801905273692682,0.0,0.0,0.0,0.0,0.0
2040-10-13 11:00:00,0.0,0.0,0.0,0.0,0.0,28.914721679873765,0.0,0.0,0.0,0.0,0.0
2040-10-13 12:00:00,0.0,0.0,0.0,0.0,0.0,31.00990820338484,0.0,0.0,0.0,0.0,0.0
2040-10-13 13:00:00,0.0,0.0,0.0,0.0,0.0,32.44045507838018,0.0,0.0,0.0,0.0,0.0
2040-10-13 14:00:00,0.0,0.0,0.0,0.0,0.0,32.4717871096218,0.0,0.0,0.0,0.0,0.0
2040-10-13 15:00:00,0.0,0.0,0.0,0.0,0.0,31.76065820339136,0.0,0.0,0.0,0.0,0.0
2040-10-13 16:00:00,0.0,0.0,0.0,0.0,0.0,30.88188281271141,0.0,0.0,0.0,0.0,0.0
2040-10-13 17:00:00,0.0,0.0,0.0,0.0,0.0,30.137460937723517,0.0,0.0,0.0,0.0,0.0
2040-10-13 18:00:00,0.0,0.0,0.0,0.0,0.0,29.927402343950234,0.0,0.0,0.0,0.0,0.0
2040-10-13 19:00:00,0.0,0.0,0.0,0.0,0.0,31.192035156534985,0.0,0.0,0.0,0.0,0.0
2040-10-13 20:00:00,0.0,0.0,0.0,0.0,0.0,32.954164062743075,0.0,0.0,0.0,0.0,0.0
2040-10-13 21:00:00,0.0,0.0,0.0,0.0,0.0,35.80416015652008,0.0,0.0,0.0,0.0,0.0
2040-10-13 22:00:00,0.0,0.0,0.0,0.0,0.0,33.97868062451914,0.0,0.0,0.0,0.0,0.0
2040-10-13 23:00:00,0.0,0.0,0.0,0.0,0.0,31.99289062526077,0.0,0.0,0.0,0.0,0.0
2040-10-14 00:00:00,0.0,0.0,0.0,0.0,0.0,28.39314843772445,0.0,0.0,0.0,0.0,0.0
2040-10-14 01:00:00,0.0,0.0,0.0,0.0,0.0,25.03379687527467,0.0,0.0,0.0,0.0,0.0
2040-10-14 02:00:00,0.0,0.0,0.0,0.0,0.0,22.641492187744007,0.0,0.0,0.0,0.0,0.0
2040-10-14 03:00:00,0.0,0.0,0.0,0.0,0.0,21.45200000028126,0.0,0.0,0.0,0.0,0.0
2040-10-14 04:00:00,0.0,0.0,0.0,0.0,0.0,21.00475781271234,0.0,0.0,0.0,0.0,0.0
2040-10-14 05:00:00,0.0,0.0,0.0,0.0,0.0,21.24418750021141,0.0,0.0,0.0,0.0,0.0
2040-10-14 06:00:00,0.0,0.0,0.0,0.0,0.0,23.63140625017695,0.0,0.0,0.0,0.0,0.0
2040-10-14 07:00:00,0.0,0.0,0.0,0.0,0.0,26.837507812771946,0.0,0.0,0.0,0.0,0.0
2040-10-14 08:00:00,0.0,0.0,0.0,0.0,0.0,30.494734375271946,0.0,0.0,0.0,0.0,0.0
2040-10-14 09:00:00,0.0,0.0,0.0,0.0,0.0,35.73521093768068,0.0,0.0,0.0,0.0,0.0
2040-10-14 10:00:00,0.0,0.0,0.0,0.0,0.0,37.798757812706754,0.0,0.0,0.0,0.0,0.0
2040-10-14 11:00:00,0.0,0.0,0.0,0.0,0.0,39.018171875271946,0.0,0.0,0.0,0.0,0.0
2040-10-14 12:00:00,0.0,0.0,0.0,0.0,0.0,39.16436718776822,0.0,0.0,0.0,0.0,0.0
2040-10-14 13:00:00,0.0,0.0,0.0,0.0,0.0,39.330687500187196,0.0,0.0,0.0,0.0,0.0
2040-10-14 14:00:00,0.0,0.0,0.0,0.0,0.0,38.052000000257976,0.0,0.0,0.0,0.0,0.0
2040-10-14 15:00:00,0.0,0.0,0.0,0.0,0.0,37.95809375029057,0.0,0.0,0.0,0.0,0.0
2040-10-14 16:00:00,0.0,0.0,0.0,0.0,0.0,37.59267968777567,0.0,0.0,0.0,0.0,0.0
2040-10-14 17:00:00,0.0,0.0,0.0,0.0,0.0,36.899406250217,0.0,0.0,0.0,0.0,0.0
2040-10-14 18:00:00,0.0,0.0,0.0,0.0,0.0,37.25520312518347,0.0,0.0,0.0,0.0,0.0
2040-10-14 19:00:00,0.0,0.0,0.0,0.0,0.0,37.301375000271946,0.0,0.0,0.0,0.0,0.0
2040-10-14 20:00:00,0.0,0.0,0.0,0.0,0.0,38.2784687501844,0.0,0.0,0.0,0.0,0.0
2040-10-14 21:00:00,0.0,0.0,0.0,0.0,0.0,39.90765625028871,0.0,0.0,0.0,0.0,0.0
2040-10-14 22:00:00,0.0,0.0,0.0,0.0,0.0,37.80435937526636,0.0,0.0,0.0,0.0,0.0
2040-10-14 23:00:00,0.0,0.0,0.0,0.0,0.0,34.56492187525146,0.0,0.0,0.0,0.0,0.0
2040-10-15 00:00:00,0.0,0.0,0.0,0.0,0.0,28.913546875235625,0.0,0.0,0.0,0.0,0.0
2040-10-15 01:00:00,0.0,0.0,0.0,0.0,0.0,25.25998437521048,0.0,0.0,0.0,0.0,0.0
2040-10-15 02:00:00,0.0,0.0,0.0,0.0,0.0,23.834390625241213,0.0,0.0,0.0,0.0,0.0
2040-10-15 03:00:00,0.0,0.0,0.0,0.0,0.0,22.516765625216067,0.0,0.0,0.0,0.0,0.0
2040-10-15 04:00:00,0.0,0.0,0.0,0.0,0.0,21.82937500020489,0.0,0.0,0.0,0.0,0.0
2040-10-15 05:00:00,0.0,0.0,0.0,0.0,0.0,21.975296875229105,0.0,0.0,0.0,0.0,0.0
2040-10-15 06:00:00,0.0,0.0,0.0,0.0,0.0,23.99925000022631,0.0,0.0,0.0,0.0,0.0
2040-10-15 07:00:00,0.0,0.0,0.0,0.0,0.0,27.254640625207685,0.0,0.0,0.0,0.0,0.0
2040-10-15 08:00:00,0.0,0.0,0.0,0.0,0.0,30.583765625255182,0.0,0.0,0.0,0.0,0.0
2040-10-15 09:00:00,0.0,0.0,0.0,0.0,0.0,32.97518750024028,0.0,0.0,0.0,0.0,0.0
2040-10-15 10:00:00,0.0,0.0,0.0,0.0,0.0,34.36571875028312,0.0,0.0,0.0,0.0,0.0
2040-10-15 11:00:00,0.0,0.0,0.0,0.0,0.0,35.52546875027474,0.0,0.0,0.0,0.0,0.0
2040-10-15 12:00:00,0.0,0.0,0.0,0.0,0.0,36.15579687524587,0.0,0.0,0.0,0.0,0.0
2040-10-15 13:00:00,0.0,0.0,0.0,0.0,0.0,35.98898437526077,0.0,0.0,0.0,0.0,0.0
2040-10-15 14:00:00,0.0,0.0,0.0,0.0,0.0,35.00318750028964,0.0,0.0,0.0,0.0,0.0
2040-10-15 15:00:00,0.0,0.0,0.0,0.0,0.0,35.32376562524587,0.0,0.0,0.0,0.0,0.0
2040-10-15 16:00:00,0.0,0.0,0.0,0.0,0.0,35.532609375193715,0.0,0.0,0.0,0.0,0.0
2040-10-15 17:00:00,0.0,0.0,0.0,0.0,0.0,35.61000000021886,0.0,0.0,0.0,0.0,0.0
2040-10-15 18:00:00,0.0,0.0,0.0,0.0,0.0,35.53345312527381,0.0,0.0,0.0,0.0,0.0
2040-10-15 19:00:00,0.0,0.0,0.0,0.0,0.0,35.31865625025239,0.0,0.0,0.0,0.0,0.0
2040-10-15 20:00:00,0.0,0.0,0.0,0.0,0.0,34.99525000026915,0.0,0.0,0.0,0.0,0.0
2040-10-15 21:00:00,0.0,0.0,0.0,0.0,0.0,36.93739062524401,0.0,0.0,0.0,0.0,0.0
2040-10-15 22:00:00,0.0,0.0,0.0,0.0,0.0,36.36078125028871,0.0,0.0,0.0,0.0,0.0
2040-10-15 23:00:00,0.0,0.0,0.0,0.0,0.0,33.28207812528126,0.0,0.0,0.0,0.0,0.0
2040-10-16 00:00:00,0.0,0.0,0.0,0.0,0.0,29.860062500229105,0.0,0.0,0.0,0.0,0.0
2040-10-16 01:00:00,0.0,0.0,0.0,0.0,0.0,26.701937500271015,0.0,0.0,0.0,0.0,0.0
2040-10-16 02:00:00,0.0,0.0,0.0,0.0,0.0,24.844078125199303,0.0,0.0,0.0,0.0,0.0
2040-10-16 03:00:00,0.0,0.0,0.0,0.0,0.0,23.56985937524587,0.0,0.0,0.0,0.0,0.0
2040-10-16 04:00:00,0.0,0.0,0.0,0.0,0.0,23.046718750265427,0.0,0.0,0.0,0.0,0.0
2040-10-16 05:00:00,0.0,0.0,0.0,0.0,0.0,23.167125000269152,0.0,0.0,0.0,0.0,0.0
2040-10-16 06:00:00,0.0,0.0,0.0,0.0,0.0,24.535093750222586,0.0,0.0,0.0,0.0,0.0
2040-10-16 07:00:00,0.0,0.0,0.0,0.0,0.0,26.820093750255182,0.0,0.0,0.0,0.0,0.0
2040-10-16 08:00:00,0.0,0.0,0.0,0.0,0.0,30.958343750215136,0.0,0.0,0.0,0.0,0.0
2040-10-16 09:00:00,0.0,0.0,0.0,0.0,0.0,36.42512500018347,0.0,0.0,0.0,0.0,0.0
2040-10-16 10:00:00,0.0,0.0,0.0,0.0,0.0,37.90978125028778,0.0,0.0,0.0,0.0,0.0
2040-10-16 11:00:00,0.0,0.0,0.0,0.0,0.0,38.764531250228174,0.0,0.0,0.0,0.0,0.0
2040-10-16 12:00:00,0.0,0.0,0.0,0.0,0.0,39.00309375021607,0.0,0.0,0.0,0.0,0.0
2040-10-16 13:00:00,0.0,0.0,0.0,0.0,0.0,38.80831250024494,0.0,0.0,0.0,0.0,0.0
2040-10-16 14:00:00,0.0,0.0,0.0,0.0,0.0,37.63018750026822,0.0,0.0,0.0,0.0,0.0
2040-10-16 15:00:00,0.0,0.0,0.0,0.0,0.0,38.12371875019744,0.0,0.0,0.0,0.0,0.0
2040-10-16 16:00:00,0.0,0.0,0.0,0.0,0.0,37.42762500024401,0.0,0.0,0.0,0.0,0.0
2040-10-16 17:00:00,0.0,0.0,0.0,0.0,0.0,35.6829687502468,0.0,0.0,0.0,0.0,0.0
2040-10-16 18:00:00,0.0,0.0,0.0,0.0,0.0,35.25050000019837,0.0,0.0,0.0,0.0,0.0
2040-10-16 19:00:00,0.0,0.0,0.0,0.0,0.0,35.18078125023749,0.0,0.0,0.0,0.0,0.0
2040-10-16 20:00:00,0.0,0.0,0.0,0.0,0.0,35.96746875019744,0.0,0.0,0.0,0.0,0.0
2040-10-16 21:00:00,0.0,0.0,0.0,0.0,0.0,37.72062500019092,0.0,0.0,0.0,0.0,0.0
2040-10-16 22:00:00,0.0,0.0,0.0,0.0,0.0,36.03090625023469,0.0,0.0,0.0,0.0,0.0
2040-10-16 23:00:00,0.0,0.0,0.0,0.0,0.0,33.14743750018533,0.0,0.0,0.0,0.0,0.0
2040-10-17 00:00:00,0.0,0.0,0.0,0.0,0.0,29.617750000208616,0.0,0.0,0.0,0.0,0.0
2040-10-17 01:00:00,0.0,0.0,0.0,0.0,0.0,26.468437500181608,0.0,0.0,0.0,0.0,0.0
2040-10-17 02:00:00,0.0,0.0,0.0,0.0,0.0,24.15181250020396,0.0,0.0,0.0,0.0,0.0
2040-10-17 03:00:00,0.0,0.0,0.0,0.0,0.0,22.972437500255182,0.0,0.0,0.0,0.0,0.0
2040-10-17 04:00:00,0.0,0.0,0.0,0.0,0.0,22.081125000258908,0.0,0.0,0.0,0.0,0.0
2040-10-17 05:00:00,0.0,0.0,0.0,0.0,0.0,22.174281250219792,0.0,0.0,0.0,0.0,0.0
2040-10-17 06:00:00,0.0,0.0,0.0,0.0,0.0,24.05153125023935,0.0,0.0,0.0,0.0,0.0
2040-10-17 07:00:00,0.0,0.0,0.0,0.0,0.0,27.15521875023842,0.0,0.0,0.0,0.0,0.0
2040-10-17 08:00:00,0.0,0.0,0.0,0.0,0.0,30.948375000269152,0.0,0.0,0.0,0.0,0.0
2040-10-17 09:00:00,0.0,0.0,0.0,0.0,0.0,33.80631250026636,0.0,0.0,0.0,0.0,0.0
2040-10-17 10:00:00,0.0,0.0,0.0,0.0,0.0,34.97509375028312,0.0,0.0,0.0,0.0,0.0
2040-10-17 11:00:00,0.0,0.0,0.0,0.0,0.0,36.20681250025518,0.0,0.0,0.0,0.0,0.0
2040-10-17 12:00:00,0.0,0.0,0.0,0.0,0.0,36.212375000235625,0.0,0.0,0.0,0.0,0.0
2040-10-17 13:00:00,0.0,0.0,0.0,0.0,0.0,36.276750000193715,0.0,0.0,0.0,0.0,0.0
2040-10-17 14:00:00,0.0,0.0,0.0,0.0,0.0,35.69709375023376,0.0,0.0,0.0,0.0,0.0
2040-10-17 15:00:00,0.0,0.0,0.0,0.0,0.0,35.651250000228174,0.0,0.0,0.0,0.0,0.0
2040-10-17 16:00:00,0.0,0.0,0.0,0.0,0.0,35.1673437502468,0.0,0.0,0.0,0.0,0.0
2040-10-17 17:00:00,0.0,0.0,0.0,0.0,0.0,34.10584375017788,0.0,0.0,0.0,0.0,0.0
2040-10-17 18:00:00,0.0,0.0,0.0,0.0,0.0,33.75818750017788,0.0,0.0,0.0,0.0,0.0
2040-10-17 19:00:00,0.0,0.0,0.0,0.0,0.0,33.421312500257045,0.0,0.0,0.0,0.0,0.0
2040-10-17 20:00:00,0.0,0.0,0.0,0.0,0.0,34.814562500221655,0.0,0.0,0.0,0.0,0.0
2040-10-17 21:00:00,0.0,0.0,0.0,0.0,0.0,37.60862500022846,0.0,0.0,0.0,0.0,0.0
2040-10-17 22:00:00,0.0,0.0,0.0,0.0,0.0,35.911125000217,0.0,0.0,0.0,0.0,0.0
2040-10-17 23:00:00,0.0,0.0,0.0,0.0,0.0,33.41937500028871,0.0,0.0,0.0,0.0,0.0
2040-10-18 00:00:00,0.0,0.0,0.0,0.0,0.0,29.955218750284985,0.0,0.0,0.0,0.0,0.0
2040-10-18 01:00:00,0.0,0.0,0.0,0.0,0.0,26.794187500257976,0.0,0.0,0.0,0.0,0.0
2040-10-18 02:00:00,0.0,0.0,0.0,0.0,0.0,24.50218750024224,0.0,0.0,0.0,0.0,0.0
2040-10-18 03:00:00,0.0,0.0,0.0,0.0,0.0,23.011125000193715,0.0,0.0,0.0,0.0,0.0
2040-10-18 04:00:00,0.0,0.0,0.0,0.0,0.0,22.51887500018347,0.0,0.0,0.0,0.0,0.0
2040-10-18 05:00:00,0.0,0.0,0.0,0.0,0.0,22.049687500237404,0.0,0.0,0.0,0.0,0.0
2040-10-18 06:00:00,0.0,0.0,0.0,0.0,0.0,23.323937500244938,0.0,0.0,0.0,0.0,0.0
2040-10-18 07:00:00,0.0,0.0,0.0,0.0,0.0,25.782468750257976,0.0,0.0,0.0,0.0,0.0
2040-10-18 08:00:00,0.0,0.0,0.0,0.0,0.0,30.884625000180677,0.0,0.0,0.0,0.0,0.0
2040-10-18 09:00:00,0.0,0.0,0.0,0.0,0.0,35.08753125020303,0.0,0.0,0.0,0.0,0.0
2040-10-18 10:00:00,0.0,0.0,0.0,0.0,0.0,36.75262500019744,0.0,0.0,0.0,0.0,0.0
2040-10-18 11:00:00,0.0,0.0,0.0,0.0,0.0,38.27371875022072,0.0,0.0,0.0,0.0,0.0
2040-10-18 12:00:00,0.0,0.0,0.0,0.0,0.0,39.091375000192784,0.0,0.0,0.0,0.0,0.0
2040-10-18 13:00:00,0.0,0.0,0.0,0.0,0.0,39.89440625021234,0.0,0.0,0.0,0.0,0.0
2040-10-18 14:00:00,0.0,0.0,0.0,0.0,0.0,38.34903125022538,0.0,0.0,0.0,0.0,0.0
2040-10-18 15:00:00,0.0,0.0,0.0,0.0,0.0,37.92421875020955,0.0,0.0,0.0,0.0,0.0
2040-10-18 16:00:00,0.0,0.0,0.0,0.0,0.0,37.02703125018161,0.0,0.0,0.0,0.0,0.0
2040-10-18 17:00:00,0.0,0.0,0.0,0.0,0.0,36.174468750250526,0.0,0.0,0.0,0.0,0.0
2040-10-18 18:00:00,0.0,0.0,0.0,0.0,0.0,36.37921875028405,0.0,0.0,0.0,0.0,0.0
2040-10-18 19:00:00,0.0,0.0,0.0,0.0,0.0,35.67915625020396,0.0,0.0,0.0,0.0,0.0
2040-10-18 20:00:00,0.0,0.0,0.0,0.0,0.0,35.85296875028871,0.0,0.0,0.0,0.0,0.0
2040-10-18 21:00:00,0.0,0.0,0.0,0.0,0.0,38.77771875017788,0.0,0.0,0.0,0.0,0.0
2040-10-18 22:00:00,0.0,0.0,0.0,0.0,0.0,37.664750000229105,0.0,0.0,0.0,0.0,0.0
2040-10-18 23:00:00,0.0,0.0,0.0,0.0,0.0,35.09968750027474,0.0,0.0,0.0,0.0,0.0
2040-10-19 00:00:00,0.0,0.0,0.0,0.0,0.0,30.62956250028219,0.0,0.0,0.0,0.0,0.0
2040-10-19 01:00:00,0.0,0.0,0.0,0.0,0.0,27.37056250020396,0.0,0.0,0.0,0.0,0.0
2040-10-19 02:00:00,0.0,0.0,0.0,0.0,0.0,25.77203125017695,0.0,0.0,0.0,0.0,0.0
2040-10-19 03:00:00,0.0,0.0,0.0,0.0,0.0,24.42540625028778,0.0,0.0,0.0,0.0,0.0
2040-10-19 04:00:00,0.0,0.0,0.0,0.0,0.0,22.952250000205822,0.0,0.0,0.0,0.0,0.0
2040-10-19 05:00:00,0.0,0.0,0.0,0.0,0.0,22.261656250222586,0.0,0.0,0.0,0.0,0.0
2040-10-19 06:00:00,0.0,0.0,0.0,0.0,0.0,22.17831250024028,0.0,0.0,0.0,0.0,0.0
2040-10-19 07:00:00,0.0,0.0,0.0,0.0,0.0,21.904125000233762,0.0,0.0,0.0,0.0,0.0
2040-10-19 08:00:00,0.0,0.0,0.0,0.0,0.0,25.109062500181608,0.0,0.0,0.0,0.0,0.0
2040-10-19 09:00:00,0.0,0.0,0.0,0.0,0.0,29.93106250022538,0.0,0.0,0.0,0.0,0.0
2040-10-19 10:00:00,0.0,0.0,0.0,0.0,0.0,33.39287500025239,0.0,0.0,0.0,0.0,0.0
2040-10-19 11:00:00,0.0,0.0,0.0,0.0,0.0,35.71468750026543,0.0,0.0,0.0,0.0,0.0
2040-10-19 12:00:00,0.0,0.0,0.0,0.0,0.0,36.70175000024028,0.0,0.0,0.0,0.0,0.0
2040-10-19 13:00:00,0.0,0.0,0.0,0.0,0.0,36.654857269488275,0.0,0.0,0.0,0.0,0.0
2040-10-19 14:00:00,0.0,0.0,0.0,0.0,0.0,35.4848580629332,0.0,0.0,0.0,0.0,0.0
2040-10-19 15:00:00,0.0,0.0,0.0,0.0,0.0,34.80619238305371,0.0,0.0,0.0,0.0,0.0
2040-10-19 16:00:00,0.0,0.0,0.0,0.0,0.0,32.16982568381354,0.0,0.0,0.0,0.0,0.0
2040-10-19 17:00:00,0.0,0.0,0.0,0.0,0.0,32.54098046896979,0.0,0.0,0.0,0.0,0.0
2040-10-19 18:00:00,0.0,0.0,0.0,0.0,0.0,32.56548828142695,0.0,0.0,0.0,0.0,0.0
2040-10-19 19:00:00,0.0,0.0,0.0,0.0,0.0,32.044219726813026,0.0,0.0,0.0,0.0,0.0
2040-10-19 20:00:00,0.0,0.0,0.0,0.0,0.0,32.331498047104105,0.0,0.0,0.0,0.0,0.0
2040-10-19 21:00:00,0.0,0.0,0.0,0.0,0.0,34.79592187528033,0.0,0.0,0.0,0.0,0.0
2040-10-19 22:00:00,0.0,0.0,0.0,0.0,0.0,33.73299804714043,0.0,0.0,0.0,0.0,0.0
2040-10-19 23:00:00,0.0,0.0,0.0,0.0,0.0,31.913078125216998,0.0,0.0,0.0,0.0,0.0
2040-10-20 00:00:00,0.0,0.0,0.0,0.0,0.0,29.680906250257976,0.0,0.0,0.0,0.0,0.0
2040-10-20 01:00:00,0.0,0.0,0.0,0.0,0.0,27.153863281477243,0.0,0.0,0.0,0.0,0.0
2040-10-20 02:00:00,0.0,0.0,0.0,0.0,0.0,24.595179687719792,0.0,0.0,0.0,0.0,0.0
2040-10-20 03:00:00,0.0,0.0,0.0,0.0,0.0,23.068367187746787,0.0,0.0,0.0,0.0,0.0
2040-10-20 04:00:00,0.0,0.0,0.0,0.0,0.0,22.313039062777534,0.0,0.0,0.0,0.0,0.0
2040-10-20 05:00:00,0.0,0.0,0.0,0.0,0.0,21.79983984399587,0.0,0.0,0.0,0.0,0.0
2040-10-20 06:00:00,0.0,0.0,0.0,0.0,0.0,20.982792968978174,0.0,0.0,0.0,0.0,0.0
2040-10-20 07:00:00,0.0,0.0,0.0,0.0,0.0,19.283531250199303,0.0,0.0,0.0,0.0,0.0
2040-10-20 08:00:00,0.0,0.0,0.0,0.0,0.0,20.58052343770411,0.0,0.0,0.0,0.0,0.0
2040-10-20 09:00:00,0.0,0.0,0.0,0.0,0.0,22.92129296902567,0.0,0.0,0.0,0.0,0.0
2040-10-20 10:00:00,0.0,0.0,0.0,0.0,0.0,25.464773437706754,0.0,0.0,0.0,0.0,0.0
2040-10-20 11:00:00,0.0,0.0,0.0,0.0,0.0,28.145664062700234,0.0,0.0,0.0,0.0,0.0
2040-10-20 12:00:00,0.0,0.0,0.0,0.0,0.0,30.07457421894651,0.0,0.0,0.0,0.0,0.0
2040-10-20 13:00:00,0.0,0.0,0.0,0.0,0.0,31.130062500247732,0.0,0.0,0.0,0.0,0.0
2040-10-20 14:00:00,0.0,0.0,0.0,0.0,0.0,30.629039062769152,0.0,0.0,0.0,0.0,0.0
2040-10-20 15:00:00,0.0,0.0,0.0,0.0,0.0,30.09245312528219,0.0,0.0,0.0,0.0,0.0
2040-10-20 16:00:00,0.0,0.0,0.0,0.0,0.0,29.691156250194467,0.0,0.0,0.0,0.0,0.0
2040-10-20 17:00:00,0.0,0.0,0.0,0.0,0.0,30.7158203125,0.0,0.0,0.0,0.0,0.0
2040-10-20 18:00:00,0.0,0.0,0.0,0.0,0.0,31.620539062772878,0.0,0.0,0.0,0.0,0.0
2040-10-20 19:00:00,0.0,0.0,0.0,0.0,0.0,32.24347656278405,0.0,0.0,0.0,0.0,0.0
2040-10-20 20:00:00,0.0,0.0,0.0,0.0,0.0,32.98761718778405,0.0,0.0,0.0,0.0,0.0
2040-10-20 21:00:00,0.0,0.0,0.0,0.0,0.0,35.12989062524866,0.0,0.0,0.0,0.0,0.0
2040-10-20 22:00:00,0.0,0.0,0.0,0.0,0.0,33.54830468771979,0.0,0.0,0.0,0.0,0.0
2040-10-20 23:00:00,0.0,0.0,0.0,0.0,0.0,30.054890625178814,0.0,0.0,0.0,0.0,0.0
2040-10-21 00:00:00,0.0,0.0,0.0,0.0,0.0,26.703664062777534,0.0,0.0,0.0,0.0,0.0
2040-10-21 01:00:00,0.0,0.0,0.0,0.0,0.0,24.419234375236556,0.0,0.0,0.0,0.0,0.0
2040-10-21 02:00:00,0.0,0.0,0.0,0.0,0.0,22.711406250251457,0.0,0.0,0.0,0.0,0.0
2040-10-21 03:00:00,0.0,0.0,0.0,0.0,0.0,21.309929687762633,0.0,0.0,0.0,0.0,0.0
2040-10-21 04:00:00,0.0,0.0,0.0,0.0,0.0,21.34067187528126,0.0,0.0,0.0,0.0,0.0
2040-10-21 05:00:00,0.0,0.0,0.0,0.0,0.0,19.59132812521424,0.0,0.0,0.0,0.0,0.0
2040-10-21 06:00:00,0.0,0.0,0.0,0.0,0.0,22.846460937755182,0.0,0.0,0.0,0.0,0.0
2040-10-21 07:00:00,0.0,0.0,0.0,0.0,0.0,25.932953125215136,0.0,0.0,0.0,0.0,0.0
2040-10-21 08:00:00,0.0,0.0,0.0,0.0,0.0,29.27582031278871,0.0,0.0,0.0,0.0,0.0
2040-10-21 09:00:00,0.0,0.0,0.0,0.0,0.0,33.72749218775425,0.0,0.0,0.0,0.0,0.0
2040-10-21 10:00:00,0.0,0.0,0.0,0.0,0.0,33.49108593771234,0.0,0.0,0.0,0.0,0.0
2040-10-21 11:00:00,0.0,0.0,0.0,0.0,0.0,38.38306250027381,0.0,0.0,0.0,0.0,0.0
2040-10-21 12:00:00,0.0,0.0,0.0,0.0,0.0,39.17079687525984,0.0,0.0,0.0,0.0,0.0
2040-10-21 13:00:00,0.0,0.0,0.0,0.0,0.0,36.978453125222586,0.0,0.0,0.0,0.0,0.0
2040-10-21 14:00:00,0.0,0.0,0.0,0.0,0.0,24.318875000230037,0.0,0.0,0.0,0.0,0.0
2040-10-21 15:00:00,0.0,0.0,0.0,0.0,0.0,30.18243750021793,0.0,0.0,0.0,0.0,0.0
2040-10-21 16:00:00,0.0,0.0,0.0,0.0,0.0,31.732000000192784,0.0,0.0,0.0,0.0,0.0
2040-10-21 17:00:00,0.0,0.0,0.0,0.0,0.0,30.95555651874747,0.0,0.0,0.0,0.0,0.0
2040-10-21 18:00:00,0.0,0.0,0.0,0.0,0.0,31.34157775901258,0.0,0.0,0.0,0.0,0.0
2040-10-21 19:00:00,0.0,0.0,0.0,0.0,0.0,31.33944531274028,0.0,0.0,0.0,0.0,0.0
2040-10-21 20:00:00,0.0,0.0,0.0,0.0,0.0,31.92687158228364,0.0,0.0,0.0,0.0,0.0
2040-10-21 21:00:00,0.0,0.0,0.0,0.0,0.0,33.36219042993616,0.0,0.0,0.0,0.0,0.0
2040-10-21 22:00:00,0.0,0.0,0.0,0.0,0.0,32.78718847676646,0.0,0.0,0.0,0.0,0.0
2040-10-21 23:00:00,0.0,0.0,0.0,0.0,0.0,30.662488281494007,0.0,0.0,0.0,0.0,0.0
2040-10-22 00:00:00,0.0,0.0,0.0,0.0,0.0,27.55626367207151,0.0,0.0,0.0,0.0,0.0
2040-10-22 01:00:00,0.0,0.0,0.0,0.0,0.0,25.70581445330754,0.0,0.0,0.0,0.0,0.0
2040-10-22 02:00:00,0.0,0.0,0.0,0.0,0.0,23.709546875208616,0.0,0.0,0.0,0.0,0.0
2040-10-22 03:00:00,0.0,0.0,0.0,0.0,0.0,22.25426953146234,0.0,0.0,0.0,0.0,0.0
2040-10-22 04:00:00,0.0,0.0,0.0,0.0,0.0,21.2701914064819,0.0,0.0,0.0,0.0,0.0
2040-10-22 05:00:00,0.0,0.0,0.0,0.0,0.0,21.65050390653778,0.0,0.0,0.0,0.0,0.0
2040-10-22 06:00:00,0.0,0.0,0.0,0.0,0.0,23.05810546875,0.0,0.0,0.0,0.0,0.0
2040-10-22 07:00:00,0.0,0.0,0.0,0.0,0.0,26.173146484652534,0.0,0.0,0.0,0.0,0.0
2040-10-22 08:00:00,0.0,0.0,0.0,0.0,0.0,31.65099218778778,0.0,0.0,0.0,0.0,0.0
2040-10-22 09:00:00,0.0,0.0,0.0,0.0,0.0,34.7314453125,0.0,0.0,0.0,0.0,0.0
2040-10-22 10:00:00,0.0,0.0,0.0,0.0,0.0,35.78681250021327,0.0,0.0,0.0,0.0,0.0
2040-10-22 11:00:00,0.0,0.0,0.0,0.0,0.0,37.066015625256114,0.0,0.0,0.0,0.0,0.0
2040-10-22 12:00:00,0.0,0.0,0.0,0.0,0.0,37.00031250028405,0.0,0.0,0.0,0.0,0.0
2040-10-22 13:00:00,0.0,0.0,0.0,0.0,0.0,37.13667578145396,0.0,0.0,0.0,0.0,0.0
2040-10-22 14:00:00,0.0,0.0,0.0,0.0,0.0,36.13778125029057,0.0,0.0,0.0,0.0,0.0
2040-10-22 15:00:00,0.0,0.0,0.0,0.0,0.0,36.53416015650146,0.0,0.0,0.0,0.0,0.0
2040-10-22 16:00:00,0.0,0.0,0.0,0.0,0.0,36.33632421900984,0.0,0.0,0.0,0.0,0.0
2040-10-22 17:00:00,0.0,0.0,0.0,0.0,0.0,35.24579687521327,0.0,0.0,0.0,0.0,0.0
2040-10-22 18:00:00,0.0,0.0,0.0,0.0,0.0,34.46952343778685,0.0,0.0,0.0,0.0,0.0
2040-10-22 19:00:00,0.0,0.0,0.0,0.0,0.0,34.207671875250526,0.0,0.0,0.0,0.0,0.0
2040-10-22 20:00:00,0.0,0.0,0.0,0.0,0.0,35.74015625019092,0.0,0.0,0.0,0.0,0.0
2040-10-22 21:00:00,0.0,0.0,0.0,0.0,0.0,38.56201562518254,0.0,0.0,0.0,0.0,0.0
2040-10-22 22:00:00,0.0,0.0,0.0,0.0,0.0,38.432453125249594,0.0,0.0,0.0,0.0,0.0
2040-10-22 23:00:00,0.0,0.0,0.0,0.0,0.0,34.750539062777534,0.0,0.0,0.0,0.0,0.0
2040-10-23 00:00:00,0.0,0.0,0.0,0.0,0.0,30.055804687784985,0.0,0.0,0.0,0.0,0.0
2040-10-23 01:00:00,0.0,0.0,0.0,0.0,0.0,26.11182812519837,0.0,0.0,0.0,0.0,0.0
2040-10-23 02:00:00,0.0,0.0,0.0,0.0,0.0,23.917234375257976,0.0,0.0,0.0,0.0,0.0
2040-10-23 03:00:00,0.0,0.0,0.0,0.0,0.0,23.844750000280328,0.0,0.0,0.0,0.0,0.0
2040-10-23 04:00:00,0.0,0.0,0.0,0.0,0.0,22.82426562521141,0.0,0.0,0.0,0.0,0.0
2040-10-23 05:00:00,0.0,0.0,0.0,0.0,0.0,22.648750000284053,0.0,0.0,0.0,0.0,0.0
2040-10-23 06:00:00,0.0,0.0,0.0,0.0,0.0,23.53230468777474,0.0,0.0,0.0,0.0,0.0
2040-10-23 07:00:00,0.0,0.0,0.0,0.0,0.0,27.403523437678814,0.0,0.0,0.0,0.0,0.0
2040-10-23 08:00:00,0.0,0.0,0.0,0.0,0.0,30.843585937749594,0.0,0.0,0.0,0.0,0.0
2040-10-23 09:00:00,0.0,0.0,0.0,0.0,0.0,33.90928125020582,0.0,0.0,0.0,0.0,0.0
2040-10-23 10:00:00,0.0,0.0,0.0,0.0,0.0,35.29310156276915,0.0,0.0,0.0,0.0,0.0
2040-10-23 11:00:00,0.0,0.0,0.0,0.0,0.0,36.112445312784985,0.0,0.0,0.0,0.0,0.0
2040-10-23 12:00:00,0.0,0.0,0.0,0.0,0.0,36.175921875284985,0.0,0.0,0.0,0.0,0.0
2040-10-23 13:00:00,0.0,0.0,0.0,0.0,0.0,35.64580468775239,0.0,0.0,0.0,0.0,0.0
2040-10-23 14:00:00,0.0,0.0,0.0,0.0,0.0,35.18594531272538,0.0,0.0,0.0,0.0,0.0
2040-10-23 15:00:00,0.0,0.0,0.0,0.0,0.0,35.67635156272445,0.0,0.0,0.0,0.0,0.0
2040-10-23 16:00:00,0.0,0.0,0.0,0.0,0.0,37.22360937518533,0.0,0.0,0.0,0.0,0.0
2040-10-23 17:00:00,0.0,0.0,0.0,0.0,0.0,36.73282812524121,0.0,0.0,0.0,0.0,0.0
2040-10-23 18:00:00,0.0,0.0,0.0,0.0,0.0,36.275984375271946,0.0,0.0,0.0,0.0,0.0
2040-10-23 19:00:00,0.0,0.0,0.0,0.0,0.0,36.096296875271946,0.0,0.0,0.0,0.0,0.0
2040-10-23 20:00:00,0.0,0.0,0.0,0.0,0.0,36.53404687519651,0.0,0.0,0.0,0.0,0.0
2040-10-23 21:00:00,0.0,0.0,0.0,0.0,0.0,39.087890625,0.0,0.0,0.0,0.0,0.0
2040-10-23 22:00:00,0.0,0.0,0.0,0.0,0.0,37.55512500018813,0.0,0.0,0.0,0.0,0.0
2040-10-23 23:00:00,0.0,0.0,0.0,0.0,0.0,33.99593750026543,0.0,0.0,0.0,0.0,0.0
2040-10-24 00:00:00,0.0,0.0,0.0,0.0,0.0,29.159062500228174,0.0,0.0,0.0,0.0,0.0
2040-10-24 01:00:00,0.0,0.0,0.0,0.0,0.0,25.931468750233492,0.0,0.0,0.0,0.0,0.0
2040-10-24 02:00:00,0.0,0.0,0.0,0.0,0.0,22.941203125286847,0.0,0.0,0.0,0.0,0.0
2040-10-24 03:00:00,0.0,0.0,0.0,0.0,0.0,20.458812500233762,0.0,0.0,0.0,0.0,0.0
2040-10-24 04:00:00,0.0,0.0,0.0,0.0,0.0,21.042281250236556,0.0,0.0,0.0,0.0,0.0
2040-10-24 05:00:00,0.0,0.0,0.0,0.0,0.0,20.99601562519092,0.0,0.0,0.0,0.0,0.0
2040-10-24 06:00:00,0.0,0.0,0.0,0.0,0.0,21.614500000257976,0.0,0.0,0.0,0.0,0.0
2040-10-24 07:00:00,0.0,0.0,0.0,0.0,0.0,24.815843750257045,0.0,0.0,0.0,0.0,0.0
2040-10-24 08:00:00,0.0,0.0,0.0,0.0,0.0,30.075343750184402,0.0,0.0,0.0,0.0,0.0
2040-10-24 09:00:00,0.0,0.0,0.0,0.0,0.0,35.04204687522724,0.0,0.0,0.0,0.0,0.0
2040-10-24 10:00:00,0.0,0.0,0.0,0.0,0.0,37.22042187524494,0.0,0.0,0.0,0.0,0.0
2040-10-24 11:00:00,0.0,0.0,0.0,0.0,0.0,37.86562500020955,0.0,0.0,0.0,0.0,0.0
2040-10-24 12:00:00,0.0,0.0,0.0,0.0,0.0,38.82078125025146,0.0,0.0,0.0,0.0,0.0
2040-10-24 13:00:00,0.0,0.0,0.0,0.0,0.0,38.477296875207685,0.0,0.0,0.0,0.0,0.0
2040-10-24 14:00:00,0.0,0.0,0.0,0.0,0.0,37.11687500018161,0.0,0.0,0.0,0.0,0.0
2040-10-24 15:00:00,0.0,0.0,0.0,0.0,0.0,37.373187500284985,0.0,0.0,0.0,0.0,0.0
2040-10-24 16:00:00,0.0,0.0,0.0,0.0,0.0,36.83637500018813,0.0,0.0,0.0,0.0,0.0
2040-10-24 17:00:00,0.0,0.0,0.0,0.0,0.0,36.54153125023004,0.0,0.0,0.0,0.0,0.0
2040-10-24 18:00:00,0.0,0.0,0.0,0.0,0.0,35.96296875027474,0.0,0.0,0.0,0.0,0.0
2040-10-24 19:00:00,0.0,0.0,0.0,0.0,0.0,35.329390625236556,0.0,0.0,0.0,0.0,0.0
2040-10-24 20:00:00,0.0,0.0,0.0,0.0,0.0,33.492343750200234,0.0,0.0,0.0,0.0,0.0
2040-10-24 21:00:00,0.0,0.0,0.0,0.0,0.0,36.2192812502617,0.0,0.0,0.0,0.0,0.0
2040-10-24 22:00:00,0.0,0.0,0.0,0.0,0.0,35.36750000028405,0.0,0.0,0.0,0.0,0.0
2040-10-24 23:00:00,0.0,0.0,0.0,0.0,0.0,32.452437500236556,0.0,0.0,0.0,0.0,0.0
2040-10-25 00:00:00,0.0,0.0,0.0,0.0,0.0,28.486109375255182,0.0,0.0,0.0,0.0,0.0
2040-10-25 01:00:00,0.0,0.0,0.0,0.0,0.0,25.645500000216998,0.0,0.0,0.0,0.0,0.0
2040-10-25 02:00:00,0.0,0.0,0.0,0.0,0.0,23.34396875021048,0.0,0.0,0.0,0.0,0.0
2040-10-25 03:00:00,0.0,0.0,0.0,0.0,0.0,22.309546875183916,0.0,0.0,0.0,0.0,0.0
2040-10-25 04:00:00,0.0,0.0,0.0,0.0,0.0,21.96706250018906,0.0,0.0,0.0,0.0,0.0
2040-10-25 05:00:00,0.0,0.0,0.0,0.0,0.0,22.00660937523855,0.0,0.0,0.0,0.0,0.0
2040-10-25 06:00:00,0.0,0.0,0.0,0.0,0.0,23.19268750026822,0.0,0.0,0.0,0.0,0.0
2040-10-25 07:00:00,0.0,0.0,0.0,0.0,0.0,25.20046875020489,0.0,0.0,0.0,0.0,0.0
2040-10-25 08:00:00,0.0,0.0,0.0,0.0,0.0,28.867031250265427,0.0,0.0,0.0,0.0,0.0
2040-10-25 09:00:00,0.0,0.0,0.0,0.0,0.0,34.70059375022538,0.0,0.0,0.0,0.0,0.0
2040-10-25 10:00:00,0.0,0.0,0.0,0.0,0.0,37.74401562521234,0.0,0.0,0.0,0.0,0.0
2040-10-25 11:00:00,0.0,0.0,0.0,0.0,0.0,39.327164062764496,0.0,0.0,0.0,0.0,0.0
2040-10-25 12:00:00,0.0,0.0,0.0,0.0,0.0,40.18489599635359,0.0,0.0,0.0,0.0,0.0
2040-10-25 13:00:00,0.0,0.0,0.0,0.0,0.0,39.78547314472962,0.0,0.0,0.0,0.0,0.0
2040-10-25 14:00:00,0.0,0.0,0.0,0.0,0.0,39.39807519549504,0.0,0.0,0.0,0.0,0.0
2040-10-25 15:00:00,0.0,0.0,0.0,0.0,0.0,38.99714062525891,0.0,0.0,0.0,0.0,0.0
2040-10-25 16:00:00,0.0,0.0,0.0,0.0,0.0,38.594850586145185,0.0,0.0,0.0,0.0,0.0
2040-10-25 17:00:00,0.0,0.0,0.0,0.0,0.0,37.57797070336528,0.0,0.0,0.0,0.0,0.0
2040-10-25 18:00:00,0.0,0.0,0.0,0.0,0.0,36.68898828153033,0.0,0.0,0.0,0.0,0.0
2040-10-25 19:00:00,0.0,0.0,0.0,0.0,0.0,34.62794335966464,0.0,0.0,0.0,0.0,0.0
2040-10-25 20:00:00,0.0,0.0,0.0,0.0,0.0,33.57177734375,0.0,0.0,0.0,0.0,0.0
2040-10-25 21:00:00,0.0,0.0,0.0,0.0,0.0,35.0337988283718,0.0,0.0,0.0,0.0,0.0
2040-10-25 22:00:00,0.0,0.0,0.0,0.0,0.0,34.5403671876993,0.0,0.0,0.0,0.0,0.0
2040-10-25 23:00:00,0.0,0.0,0.0,0.0,0.0,32.69860156276263,0.0,0.0,0.0,0.0,0.0
2040-10-26 00:00:00,0.0,0.0,0.0,0.0,0.0,29.743308593984693,0.0,0.0,0.0,0.0,0.0
2040-10-26 01:00:00,0.0,0.0,0.0,0.0,0.0,26.669761718949303,0.0,0.0,0.0,0.0,0.0
2040-10-26 02:00:00,0.0,0.0,0.0,0.0,0.0,24.319511718931608,0.0,0.0,0.0,0.0,0.0
2040-10-26 03:00:00,0.0,0.0,0.0,0.0,0.0,22.843730469001457,0.0,0.0,0.0,0.0,0.0
2040-10-26 04:00:00,0.0,0.0,0.0,0.0,0.0,21.7574960939819,0.0,0.0,0.0,0.0,0.0
2040-10-26 05:00:00,0.0,0.0,0.0,0.0,0.0,21.42949609400239,0.0,0.0,0.0,0.0,0.0
2040-10-26 06:00:00,0.0,0.0,0.0,0.0,0.0,21.764753906521946,0.0,0.0,0.0,0.0,0.0
2040-10-26 07:00:00,0.0,0.0,0.0,0.0,0.0,22.943003906519152,0.0,0.0,0.0,0.0,0.0
2040-10-26 08:00:00,0.0,0.0,0.0,0.0,0.0,25.560511718969792,0.0,0.0,0.0,0.0,0.0
2040-10-26 09:00:00,0.0,0.0,0.0,0.0,0.0,29.169019531458616,0.0,0.0,0.0,0.0,0.0
2040-10-26 10:00:00,0.0,0.0,0.0,0.0,0.0,31.706093750195578,0.0,0.0,0.0,0.0,0.0
2040-10-26 11:00:00,0.0,0.0,0.0,0.0,0.0,32.64394140650984,0.0,0.0,0.0,0.0,0.0
2040-10-26 12:00:00,0.0,0.0,0.0,0.0,0.0,33.242785156471655,0.0,0.0,0.0,0.0,0.0
2040-10-26 13:00:00,0.0,0.0,0.0,0.0,0.0,33.5900156252319,0.0,0.0,0.0,0.0,0.0
2040-10-26 14:00:00,0.0,0.0,0.0,0.0,0.0,32.61257812520489,0.0,0.0,0.0,0.0,0.0
2040-10-26 15:00:00,0.0,0.0,0.0,0.0,0.0,31.93524218769744,0.0,0.0,0.0,0.0,0.0
2040-10-26 16:00:00,0.0,0.0,0.0,0.0,0.0,31.369867187691852,0.0,0.0,0.0,0.0,0.0
2040-10-26 17:00:00,0.0,0.0,0.0,0.0,0.0,30.732226562686265,0.0,0.0,0.0,0.0,0.0
2040-10-26 18:00:00,0.0,0.0,0.0,0.0,0.0,30.800765625201166,0.0,0.0,0.0,0.0,0.0
2040-10-26 19:00:00,0.0,0.0,0.0,0.0,0.0,30.849007812677883,0.0,0.0,0.0,0.0,0.0
2040-10-26 20:00:00,0.0,0.0,0.0,0.0,0.0,30.66849218774587,0.0,0.0,0.0,0.0,0.0
2040-10-26 21:00:00,0.0,0.0,0.0,0.0,0.0,32.98322656273376,0.0,0.0,0.0,0.0,0.0
2040-10-26 22:00:00,0.0,0.0,0.0,0.0,0.0,32.60671093768906,0.0,0.0,0.0,0.0,0.0
2040-10-26 23:00:00,0.0,0.0,0.0,0.0,0.0,30.611796875251457,0.0,0.0,0.0,0.0,0.0
2040-10-27 00:00:00,0.0,0.0,0.0,0.0,0.0,27.85266406275332,0.0,0.0,0.0,0.0,0.0
2040-10-27 01:00:00,0.0,0.0,0.0,0.0,0.0,25.314171875244938,0.0,0.0,0.0,0.0,0.0
2040-10-27 02:00:00,0.0,0.0,0.0,0.0,0.0,23.52716406271793,0.0,0.0,0.0,0.0,0.0
2040-10-27 03:00:00,0.0,0.0,0.0,0.0,0.0,21.823359375237487,0.0,0.0,0.0,0.0,0.0
2040-10-27 04:00:00,0.0,0.0,0.0,0.0,0.0,20.64249218767509,0.0,0.0,0.0,0.0,0.0
2040-10-27 05:00:00,0.0,0.0,0.0,0.0,0.0,20.353906250209548,0.0,0.0,0.0,0.0,0.0
2040-10-27 06:00:00,0.0,0.0,0.0,0.0,0.0,19.24000781273935,0.0,0.0,0.0,0.0,0.0
2040-10-27 07:00:00,0.0,0.0,0.0,0.0,0.0,18.81184375018347,0.0,0.0,0.0,0.0,0.0
2040-10-27 08:00:00,0.0,0.0,0.0,0.0,0.0,19.710382812772878,0.0,0.0,0.0,0.0,0.0
2040-10-27 09:00:00,0.0,0.0,0.0,0.0,0.0,22.235492187784985,0.0,0.0,0.0,0.0,0.0
2040-10-27 10:00:00,0.0,0.0,0.0,0.0,0.0,24.81374218768906,0.0,0.0,0.0,0.0,0.0
2040-10-27 11:00:00,0.0,0.0,0.0,0.0,0.0,27.177125000278465,0.0,0.0,0.0,0.0,0.0
2040-10-27 12:00:00,0.0,0.0,0.0,0.0,0.0,29.035945312702097,0.0,0.0,0.0,0.0,0.0
2040-10-27 13:00:00,0.0,0.0,0.0,0.0,0.0,30.25811718776822,0.0,0.0,0.0,0.0,0.0
2040-10-27 14:00:00,0.0,0.0,0.0,0.0,0.0,29.86961718776729,0.0,0.0,0.0,0.0,0.0
2040-10-27 15:00:00,0.0,0.0,0.0,0.0,0.0,28.930976562784053,0.0,0.0,0.0,0.0,0.0
2040-10-27 16:00:00,0.0,0.0,0.0,0.0,0.0,29.33305468771141,0.0,0.0,0.0,0.0,0.0
2040-10-27 17:00:00,0.0,0.0,0.0,0.0,0.0,29.434671875205822,0.0,0.0,0.0,0.0,0.0
2040-10-27 18:00:00,0.0,0.0,0.0,0.0,0.0,29.72473437525332,0.0,0.0,0.0,0.0,0.0
2040-10-27 19:00:00,0.0,0.0,0.0,0.0,0.0,30.30353125021793,0.0,0.0,0.0,0.0,0.0
2040-10-27 20:00:00,0.0,0.0,0.0,0.0,0.0,31.20440625026822,0.0,0.0,0.0,0.0,0.0
2040-10-27 21:00:00,0.0,0.0,0.0,0.0,0.0,33.984437500243075,0.0,0.0,0.0,0.0,0.0
2040-10-27 22:00:00,0.0,0.0,0.0,0.0,0.0,33.767734375200234,0.0,0.0,0.0,0.0,0.0
2040-10-27 23:00:00,0.0,0.0,0.0,0.0,0.0,30.962015625205822,0.0,0.0,0.0,0.0,0.0
2040-10-28 00:00:00,0.0,0.0,0.0,0.0,0.0,27.540531250182536,0.0,0.0,0.0,0.0,0.0
2040-10-28 01:00:00,0.0,0.0,0.0,0.0,0.0,24.530234375270084,0.0,0.0,0.0,0.0,0.0
2040-10-28 02:00:00,0.0,0.0,0.0,0.0,0.0,22.476046875235625,0.0,0.0,0.0,0.0,0.0
2040-10-28 03:00:00,0.0,0.0,0.0,0.0,0.0,21.639765625237487,0.0,0.0,0.0,0.0,0.0
2040-10-28 04:00:00,0.0,0.0,0.0,0.0,0.0,20.81765625020489,0.0,0.0,0.0,0.0,0.0
2040-10-28 05:00:00,0.0,0.0,0.0,0.0,0.0,20.887046875199303,0.0,0.0,0.0,0.0,0.0
2040-10-28 06:00:00,0.0,0.0,0.0,0.0,0.0,22.31375000020489,0.0,0.0,0.0,0.0,0.0
2040-10-28 07:00:00,0.0,0.0,0.0,0.0,0.0,26.70645312522538,0.0,0.0,0.0,0.0,0.0
2040-10-28 08:00:00,0.0,0.0,0.0,0.0,0.0,30.1171875,0.0,0.0,0.0,0.0,0.0
2040-10-28 09:00:00,0.0,0.0,0.0,0.0,0.0,34.82392187521327,0.0,0.0,0.0,0.0,0.0
2040-10-28 10:00:00,0.0,0.0,0.0,0.0,0.0,37.360562500194646,0.0,0.0,0.0,0.0,0.0
2040-10-28 11:00:00,0.0,0.0,0.0,0.0,0.0,40.40275000024121,0.0,0.0,0.0,0.0,0.0
2040-10-28 12:00:00,0.0,0.0,0.0,0.0,0.0,41.537265625200234,0.0,0.0,0.0,0.0,0.0
2040-10-28 13:00:00,0.0,0.0,0.0,0.0,0.0,40.7087187502766,0.0,0.0,0.0,0.0,0.0
2040-10-28 14:00:00,0.0,0.0,0.0,0.0,0.0,39.664093750179745,0.0,0.0,0.0,0.0,0.0
2040-10-28 15:00:00,0.0,0.0,0.0,0.0,0.0,39.52078125020489,0.0,0.0,0.0,0.0,0.0
2040-10-28 16:00:00,0.0,0.0,0.0,0.0,0.0,38.81804687518161,0.0,0.0,0.0,0.0,0.0
2040-10-28 17:00:00,0.0,0.0,0.0,0.0,0.0,37.918656250229105,0.0,0.0,0.0,0.0,0.0
2040-10-28 18:00:00,0.0,0.0,0.0,0.0,0.0,36.112109375186265,0.0,0.0,0.0,0.0,0.0
2040-10-28 19:00:00,0.0,0.0,0.0,0.0,0.0,35.8102812502766,0.0,0.0,0.0,0.0,0.0
2040-10-28 20:00:00,0.0,0.0,0.0,0.0,0.0,36.29723437526263,0.0,0.0,0.0,0.0,0.0
2040-10-28 21:00:00,0.0,0.0,0.0,0.0,0.0,38.16218750027474,0.0,0.0,0.0,0.0,0.0
2040-10-28 22:00:00,0.0,0.0,0.0,0.0,0.0,37.391812500194646,0.0,0.0,0.0,0.0,0.0
2040-10-28 23:00:00,0.0,0.0,0.0,0.0,0.0,34.53226562519558,0.0,0.0,0.0,0.0,0.0
2040-10-29 00:00:00,0.0,0.0,0.0,0.0,0.0,29.141359375207685,0.0,0.0,0.0,0.0,0.0
2040-10-29 01:00:00,0.0,0.0,0.0,0.0,0.0,25.711359375272878,0.0,0.0,0.0,0.0,0.0
2040-10-29 02:00:00,0.0,0.0,0.0,0.0,0.0,23.311015625251457,0.0,0.0,0.0,0.0,0.0
2040-10-29 03:00:00,0.0,0.0,0.0,0.0,0.0,21.778859375277534,0.0,0.0,0.0,0.0,0.0
2040-10-29 04:00:00,0.0,0.0,0.0,0.0,0.0,21.1328125,0.0,0.0,0.0,0.0,0.0
2040-10-29 05:00:00,0.0,0.0,0.0,0.0,0.0,21.43451562523842,0.0,0.0,0.0,0.0,0.0
2040-10-29 06:00:00,0.0,0.0,0.0,0.0,0.0,23.399531250237487,0.0,0.0,0.0,0.0,0.0
2040-10-29 07:00:00,0.0,0.0,0.0,0.0,0.0,26.736781250219792,0.0,0.0,0.0,0.0,0.0
2040-10-29 08:00:00,0.0,0.0,0.0,0.0,0.0,30.230296875233762,0.0,0.0,0.0,0.0,0.0
2040-10-29 09:00:00,0.0,0.0,0.0,0.0,0.0,34.302921875263564,0.0,0.0,0.0,0.0,0.0
2040-10-29 10:00:00,0.0,0.0,0.0,0.0,0.0,36.345937500242144,0.0,0.0,0.0,0.0,0.0
2040-10-29 11:00:00,0.0,0.0,0.0,0.0,0.0,37.48221875028685,0.0,0.0,0.0,0.0,0.0
2040-10-29 12:00:00,0.0,0.0,0.0,0.0,0.0,37.676687500206754,0.0,0.0,0.0,0.0,0.0
2040-10-29 13:00:00,0.0,0.0,0.0,0.0,0.0,36.97017187520396,0.0,0.0,0.0,0.0,0.0
2040-10-29 14:00:00,0.0,0.0,0.0,0.0,0.0,36.26142187521327,0.0,0.0,0.0,0.0,0.0
2040-10-29 15:00:00,0.0,0.0,0.0,0.0,0.0,36.15204687521327,0.0,0.0,0.0,0.0,0.0
2040-10-29 16:00:00,0.0,0.0,0.0,0.0,0.0,35.88251562521327,0.0,0.0,0.0,0.0,0.0
2040-10-29 17:00:00,0.0,0.0,0.0,0.0,0.0,35.125812500220576,0.0,0.0,0.0,0.0,0.0
2040-10-29 18:00:00,0.0,0.0,0.0,0.0,0.0,34.61553125025239,0.0,0.0,0.0,0.0,0.0
2040-10-29 19:00:00,0.0,0.0,0.0,0.0,0.0,34.138875000178814,0.0,0.0,0.0,0.0,0.0
2040-10-29 20:00:00,0.0,0.0,0.0,0.0,0.0,34.67071875021793,0.0,0.0,0.0,0.0,0.0
2040-10-29 21:00:00,0.0,0.0,0.0,0.0,0.0,36.886906250263564,0.0,0.0,0.0,0.0,0.0
2040-10-29 22:00:00,0.0,0.0,0.0,0.0,0.0,36.23546875023749,0.0,0.0,0.0,0.0,0.0
2040-10-29 23:00:00,0.0,0.0,0.0,0.0,0.0,34.33721875026822,0.0,0.0,0.0,0.0,0.0
2040-10-30 00:00:00,0.0,0.0,0.0,0.0,0.0,30.206218750216067,0.0,0.0,0.0,0.0,0.0
2040-10-30 01:00:00,0.0,0.0,0.0,0.0,0.0,26.483593750279397,0.0,0.0,0.0,0.0,0.0
2040-10-30 02:00:00,0.0,0.0,0.0,0.0,0.0,24.610593750257976,0.0,0.0,0.0,0.0,0.0
2040-10-30 03:00:00,0.0,0.0,0.0,0.0,0.0,23.59965625021141,0.0,0.0,0.0,0.0,0.0
2040-10-30 04:00:00,0.0,0.0,0.0,0.0,0.0,22.988593750284053,0.0,0.0,0.0,0.0,0.0
2040-10-30 05:00:00,0.0,0.0,0.0,0.0,0.0,22.544625000213273,0.0,0.0,0.0,0.0,0.0
2040-10-30 06:00:00,0.0,0.0,0.0,0.0,0.0,23.16478125017602,0.0,0.0,0.0,0.0,0.0
2040-10-30 07:00:00,0.0,0.0,0.0,0.0,0.0,28.545531250187196,0.0,0.0,0.0,0.0,0.0
2040-10-30 08:00:00,0.0,0.0,0.0,0.0,0.0,32.47150000021793,0.0,0.0,0.0,0.0,0.0
2040-10-30 09:00:00,0.0,0.0,0.0,0.0,0.0,34.62087500025518,0.0,0.0,0.0,0.0,0.0
2040-10-30 10:00:00,0.0,0.0,0.0,0.0,0.0,37.39581250026822,0.0,0.0,0.0,0.0,0.0
2040-10-30 11:00:00,0.0,0.0,0.0,0.0,0.0,38.352906250278465,0.0,0.0,0.0,0.0,0.0
2040-10-30 12:00:00,0.0,0.0,0.0,0.0,0.0,38.491093750228174,0.0,0.0,0.0,0.0,0.0
2040-10-30 13:00:00,0.0,0.0,0.0,0.0,0.0,37.19553125021048,0.0,0.0,0.0,0.0,0.0
2040-10-30 14:00:00,0.0,0.0,0.0,0.0,0.0,34.93259375018533,0.0,0.0,0.0,0.0,0.0
2040-10-30 15:00:00,0.0,0.0,0.0,0.0,0.0,35.84893750026822,0.0,0.0,0.0,0.0,0.0
2040-10-30 16:00:00,0.0,0.0,0.0,0.0,0.0,35.733156250207315,0.0,0.0,0.0,0.0,0.0
2040-10-30 17:00:00,0.0,0.0,0.0,0.0,0.0,35.03462500020396,0.0,0.0,0.0,0.0,0.0
2040-10-30 18:00:00,0.0,0.0,0.0,0.0,0.0,34.21318750025239,0.0,0.0,0.0,0.0,0.0
2040-10-30 19:00:00,0.0,0.0,0.0,0.0,0.0,33.81437500019092,0.0,0.0,0.0,0.0,0.0
2040-10-30 20:00:00,0.0,0.0,0.0,0.0,0.0,34.63506250025239,0.0,0.0,0.0,0.0,0.0
2040-10-30 21:00:00,0.0,0.0,0.0,0.0,0.0,37.38521875021979,0.0,0.0,0.0,0.0,0.0
2040-10-30 22:00:00,0.0,0.0,0.0,0.0,0.0,37.36340625025332,0.0,0.0,0.0,0.0,0.0
2040-10-30 23:00:00,0.0,0.0,0.0,0.0,0.0,35.260531250271015,0.0,0.0,0.0,0.0,0.0
2040-10-31 00:00:00,0.0,0.0,0.0,0.0,0.0,30.608531250269152,0.0,0.0,0.0,0.0,0.0
2040-10-31 01:00:00,0.0,0.0,0.0,0.0,0.0,27.498531250283122,0.0,0.0,0.0,0.0,0.0
2040-10-31 02:00:00,0.0,0.0,0.0,0.0,0.0,24.702343750279397,0.0,0.0,0.0,0.0,0.0
2040-10-31 03:00:00,0.0,0.0,0.0,0.0,0.0,22.691562500200234,0.0,0.0,0.0,0.0,0.0
2040-10-31 04:00:00,0.0,0.0,0.0,0.0,0.0,21.72453125019092,0.0,0.0,0.0,0.0,0.0
2040-10-31 05:00:00,0.0,0.0,0.0,0.0,0.0,21.834218750242144,0.0,0.0,0.0,0.0,0.0
2040-10-31 06:00:00,0.0,0.0,0.0,0.0,0.0,19.923625000286847,0.0,0.0,0.0,0.0,0.0
2040-10-31 07:00:00,0.0,0.0,0.0,0.0,0.0,19.957000000285916,0.0,0.0,0.0,0.0,0.0
2040-10-31 08:00:00,0.0,0.0,0.0,0.0,0.0,22.043437500251457,0.0,0.0,0.0,0.0,0.0
2040-10-31 09:00:00,0.0,0.0,0.0,0.0,0.0,24.91025000018999,0.0,0.0,0.0,0.0,0.0
2040-10-31 10:00:00,0.0,0.0,0.0,0.0,0.0,27.626750000286847,0.0,0.0,0.0,0.0,0.0
2040-10-31 11:00:00,0.0,0.0,0.0,0.0,0.0,30.165812500286847,0.0,0.0,0.0,0.0,0.0
2040-10-31 12:00:00,0.0,0.0,0.0,0.0,0.0,31.38293750025332,0.0,0.0,0.0,0.0,0.0
2040-10-31 13:00:00,0.0,0.0,0.0,0.0,0.0,32.0446562502766,0.0,0.0,0.0,0.0,0.0
2040-10-31 14:00:00,0.0,0.0,0.0,0.0,0.0,31.72721875028219,0.0,0.0,0.0,0.0,0.0
2040-10-31 15:00:00,0.0,0.0,0.0,0.0,0.0,31.04828125028871,0.0,0.0,0.0,0.0,0.0
2040-10-31 16:00:00,0.0,0.0,0.0,0.0,0.0,30.325968750286847,0.0,0.0,0.0,0.0,0.0
2040-10-31 17:00:00,0.0,0.0,0.0,0.0,0.0,29.20953125017695,0.0,0.0,0.0,0.0,0.0
2040-10-31 18:00:00,0.0,0.0,0.0,0.0,0.0,28.618406250257976,0.0,0.0,0.0,0.0,0.0
2040-10-31 19:00:00,0.0,0.0,0.0,0.0,0.0,28.860718750278465,0.0,0.0,0.0,0.0,0.0
2040-10-31 20:00:00,0.0,0.0,0.0,0.0,0.0,29.085250000236556,0.0,0.0,0.0,0.0,0.0
2040-10-31 21:00:00,0.0,0.0,0.0,0.0,0.0,31.626093750237487,0.0,0.0,0.0,0.0,0.0
2040-10-31 22:00:00,0.0,0.0,0.0,0.0,0.0,32.30821875028778,0.0,0.0,0.0,0.0,0.0
2040-10-31 23:00:00,0.0,0.0,0.0,0.0,0.0,30.380843750201166,0.0,0.0,0.0,0.0,0.0
2040-11-01 00:00:00,0.0,0.0,0.0,0.0,0.0,34.94168750022072,0.0,0.0,0.0,0.0,0.0
2040-11-01 01:00:00,0.0,0.0,0.0,0.0,0.0,25.940593750216067,0.0,0.0,0.0,0.0,0.0
2040-11-01 02:00:00,0.0,0.0,0.0,0.0,0.0,23.88031250028871,0.0,0.0,0.0,0.0,0.0
2040-11-01 03:00:00,0.0,0.0,0.0,0.0,0.0,22.82446875027381,0.0,0.0,0.0,0.0,0.0
2040-11-01 04:00:00,0.0,0.0,0.0,0.0,0.0,22.173437500256114,0.0,0.0,0.0,0.0,0.0
2040-11-01 05:00:00,0.0,0.0,0.0,0.0,0.0,21.6204687502468,0.0,0.0,0.0,0.0,0.0
2040-11-01 06:00:00,0.0,0.0,0.0,0.0,0.0,19.96887500025332,0.0,0.0,0.0,0.0,0.0
2040-11-01 07:00:00,0.0,0.0,0.0,0.0,0.0,20.08846875024028,0.0,0.0,0.0,0.0,0.0
2040-11-01 08:00:00,0.0,0.0,0.0,0.0,0.0,21.803906250279397,0.0,0.0,0.0,0.0,0.0
2040-11-01 09:00:00,0.0,0.0,0.0,0.0,0.0,24.870656250277534,0.0,0.0,0.0,0.0,0.0
2040-11-01 10:00:00,0.0,0.0,0.0,0.0,0.0,27.391625000280328,0.0,0.0,0.0,0.0,0.0
2040-11-01 11:00:00,0.0,0.0,0.0,0.0,0.0,29.330187500221655,0.0,0.0,0.0,0.0,0.0
2040-11-01 12:00:00,0.0,0.0,0.0,0.0,0.0,30.7716562502319,0.0,0.0,0.0,0.0,0.0
2040-11-01 13:00:00,0.0,0.0,0.0,0.0,0.0,31.53993750025984,0.0,0.0,0.0,0.0,0.0
2040-11-01 14:00:00,0.0,0.0,0.0,0.0,0.0,31.19206250028219,0.0,0.0,0.0,0.0,0.0
2040-11-01 15:00:00,0.0,0.0,0.0,0.0,0.0,30.558031250257045,0.0,0.0,0.0,0.0,0.0
2040-11-01 16:00:00,0.0,0.0,0.0,0.0,0.0,30.116625000257045,0.0,0.0,0.0,0.0,0.0
2040-11-01 17:00:00,0.0,0.0,0.0,0.0,0.0,30.79584375023842,0.0,0.0,0.0,0.0,0.0
2040-11-01 18:00:00,0.0,0.0,0.0,0.0,0.0,30.33150000020396,0.0,0.0,0.0,0.0,0.0
2040-11-01 19:00:00,0.0,0.0,0.0,0.0,0.0,30.714562500244938,0.0,0.0,0.0,0.0,0.0
2040-11-01 20:00:00,0.0,0.0,0.0,0.0,0.0,31.74418750021141,0.0,0.0,0.0,0.0,0.0
2040-11-01 21:00:00,0.0,0.0,0.0,0.0,0.0,33.423843750264496,0.0,0.0,0.0,0.0,0.0
2040-11-01 22:00:00,0.0,0.0,0.0,0.0,0.0,31.693593750242144,0.0,0.0,0.0,0.0,0.0
2040-11-01 23:00:00,0.0,0.0,0.0,0.0,0.0,29.560406250180677,0.0,0.0,0.0,0.0,0.0
2040-11-02 00:00:00,0.0,0.0,0.0,0.0,0.0,26.911093750270084,0.0,0.0,0.0,0.0,0.0
2040-11-02 01:00:00,0.0,0.0,0.0,0.0,0.0,24.37184375023935,0.0,0.0,0.0,0.0,0.0
2040-11-02 02:00:00,0.0,0.0,0.0,0.0,0.0,22.38996875018347,0.0,0.0,0.0,0.0,0.0
2040-11-02 03:00:00,0.0,0.0,0.0,0.0,0.0,21.023156250244938,0.0,0.0,0.0,0.0,0.0
2040-11-02 04:00:00,0.0,0.0,0.0,0.0,0.0,22.025625000242144,0.0,0.0,0.0,0.0,0.0
2040-11-02 05:00:00,0.0,0.0,0.0,0.0,0.0,21.601593750179745,0.0,0.0,0.0,0.0,0.0
2040-11-02 06:00:00,0.0,0.0,0.0,0.0,0.0,19.0044375002617,0.0,0.0,0.0,0.0,0.0
2040-11-02 07:00:00,0.0,0.0,0.0,0.0,0.0,19.766625000280328,0.0,0.0,0.0,0.0,0.0
2040-11-02 08:00:00,0.0,0.0,0.0,0.0,0.0,23.36593750026077,0.0,0.0,0.0,0.0,0.0
2040-11-02 09:00:00,0.0,0.0,0.0,0.0,0.0,27.279125000233762,0.0,0.0,0.0,0.0,0.0
2040-11-02 10:00:00,0.0,0.0,0.0,0.0,0.0,29.990562500199303,0.0,0.0,0.0,0.0,0.0
2040-11-02 11:00:00,0.0,0.0,0.0,0.0,0.0,32.03696875018068,0.0,0.0,0.0,0.0,0.0
2040-11-02 12:00:00,0.0,0.0,0.0,0.0,0.0,33.59337500028778,0.0,0.0,0.0,0.0,0.0
2040-11-02 13:00:00,0.0,0.0,0.0,0.0,0.0,34.5450937502319,0.0,0.0,0.0,0.0,0.0
2040-11-02 14:00:00,0.0,0.0,0.0,0.0,0.0,33.317000000271946,0.0,0.0,0.0,0.0,0.0
2040-11-02 15:00:00,0.0,0.0,0.0,0.0,0.0,31.78768750024028,0.0,0.0,0.0,0.0,0.0
2040-11-02 16:00:00,0.0,0.0,0.0,0.0,0.0,30.215406250208616,0.0,0.0,0.0,0.0,0.0
2040-11-02 17:00:00,0.0,0.0,0.0,0.0,0.0,30.89340625028126,0.0,0.0,0.0,0.0,0.0
2040-11-02 18:00:00,0.0,0.0,0.0,0.0,0.0,30.941718750284053,0.0,0.0,0.0,0.0,0.0
2040-11-02 19:00:00,0.0,0.0,0.0,0.0,0.0,29.999562500277534,0.0,0.0,0.0,0.0,0.0
2040-11-02 20:00:00,0.0,0.0,0.0,0.0,0.0,30.121562500251457,0.0,0.0,0.0,0.0,0.0
2040-11-02 21:00:00,0.0,0.0,0.0,0.0,0.0,32.73109375021886,0.0,0.0,0.0,0.0,0.0
2040-11-02 22:00:00,0.0,0.0,0.0,0.0,0.0,32.0239687502617,0.0,0.0,0.0,0.0,0.0
2040-11-02 23:00:00,0.0,0.0,0.0,0.0,0.0,29.801468750229105,0.0,0.0,0.0,0.0,0.0
2040-11-03 00:00:00,0.0,0.0,0.0,0.0,0.0,27.447906250250526,0.0,0.0,0.0,0.0,0.0
2040-11-03 01:00:00,0.0,0.0,0.0,0.0,0.0,25.06046875019092,0.0,0.0,0.0,0.0,0.0
2040-11-03 02:00:00,0.0,0.0,0.0,0.0,0.0,23.874937500222586,0.0,0.0,0.0,0.0,0.0
2040-11-03 03:00:00,0.0,0.0,0.0,0.0,0.0,22.834937500185333,0.0,0.0,0.0,0.0,0.0
2040-11-03 04:00:00,0.0,0.0,0.0,0.0,0.0,22.10015625017695,0.0,0.0,0.0,0.0,0.0
2040-11-03 05:00:00,0.0,0.0,0.0,0.0,0.0,21.613031250191852,0.0,0.0,0.0,0.0,0.0
2040-11-03 06:00:00,0.0,0.0,0.0,0.0,0.0,19.869750000187196,0.0,0.0,0.0,0.0,0.0
2040-11-03 07:00:00,0.0,0.0,0.0,0.0,0.0,19.42918750026729,0.0,0.0,0.0,0.0,0.0
2040-11-03 08:00:00,0.0,0.0,0.0,0.0,0.0,21.19068750028964,0.0,0.0,0.0,0.0,0.0
2040-11-03 09:00:00,0.0,0.0,0.0,0.0,0.0,23.692750000278465,0.0,0.0,0.0,0.0,0.0
2040-11-03 10:00:00,0.0,0.0,0.0,0.0,0.0,26.27081250026822,0.0,0.0,0.0,0.0,0.0
2040-11-03 11:00:00,0.0,0.0,0.0,0.0,0.0,26.981687500257976,0.0,0.0,0.0,0.0,0.0
2040-11-03 12:00:00,0.0,0.0,0.0,0.0,0.0,30.088250000262633,0.0,0.0,0.0,0.0,0.0
2040-11-03 13:00:00,0.0,0.0,0.0,0.0,0.0,31.35737500025425,0.0,0.0,0.0,0.0,0.0
2040-11-03 14:00:00,0.0,0.0,0.0,0.0,0.0,30.86000000021886,0.0,0.0,0.0,0.0,0.0
2040-11-03 15:00:00,0.0,0.0,0.0,0.0,0.0,30.359437500243075,0.0,0.0,0.0,0.0,0.0
2040-11-03 16:00:00,0.0,0.0,0.0,0.0,0.0,30.031937500229105,0.0,0.0,0.0,0.0,0.0
2040-11-03 17:00:00,0.0,0.0,0.0,0.0,0.0,29.621062500285916,0.0,0.0,0.0,0.0,0.0
2040-11-03 18:00:00,0.0,0.0,0.0,0.0,0.0,30.129062500200234,0.0,0.0,0.0,0.0,0.0
2040-11-03 19:00:00,0.0,0.0,0.0,0.0,0.0,32.573625000193715,0.0,0.0,0.0,0.0,0.0
2040-11-03 20:00:00,0.0,0.0,0.0,0.0,0.0,32.803500000271015,0.0,0.0,0.0,0.0,0.0
2040-11-03 21:00:00,0.0,0.0,0.0,0.0,0.0,35.15412500023376,0.0,0.0,0.0,0.0,0.0
2040-11-03 22:00:00,0.0,0.0,0.0,0.0,0.0,34.03025000018533,0.0,0.0,0.0,0.0,0.0
2040-11-03 23:00:00,0.0,0.0,0.0,0.0,0.0,30.73700000019744,0.0,0.0,0.0,0.0,0.0
2040-11-04 00:00:00,0.0,0.0,0.0,0.0,0.0,26.501125000184402,0.0,0.0,0.0,0.0,0.0
2040-11-04 01:00:00,0.0,0.0,0.0,0.0,0.0,23.047187500284053,0.0,0.0,0.0,0.0,0.0
2040-11-04 02:00:00,0.0,0.0,0.0,0.0,0.0,21.31862500018906,0.0,0.0,0.0,0.0,0.0
2040-11-04 03:00:00,0.0,0.0,0.0,0.0,0.0,21.348875000257976,0.0,0.0,0.0,0.0,0.0
2040-11-04 04:00:00,0.0,0.0,0.0,0.0,0.0,20.859562500263564,0.0,0.0,0.0,0.0,0.0
2040-11-04 05:00:00,0.0,0.0,0.0,0.0,0.0,20.56768750026822,0.0,0.0,0.0,0.0,0.0
2040-11-04 06:00:00,0.0,0.0,0.0,0.0,0.0,21.95850000018254,0.0,0.0,0.0,0.0,0.0
2040-11-04 07:00:00,0.0,0.0,0.0,0.0,0.0,26.039312500273805,0.0,0.0,0.0,0.0,0.0
2040-11-04 08:00:00,0.0,0.0,0.0,0.0,0.0,29.86593750026077,0.0,0.0,0.0,0.0,0.0
2040-11-04 09:00:00,0.0,0.0,0.0,0.0,0.0,34.14950000029057,0.0,0.0,0.0,0.0,0.0
2040-11-04 10:00:00,0.0,0.0,0.0,0.0,0.0,36.18812500021886,0.0,0.0,0.0,0.0,0.0
2040-11-04 11:00:00,0.0,0.0,0.0,0.0,0.0,37.2048125002766,0.0,0.0,0.0,0.0,0.0
2040-11-04 12:00:00,0.0,0.0,0.0,0.0,0.0,37.63743750017602,0.0,0.0,0.0,0.0,0.0
2040-11-04 13:00:00,0.0,0.0,0.0,0.0,0.0,37.36606250028126,0.0,0.0,0.0,0.0,0.0
2040-11-04 14:00:00,0.0,0.0,0.0,0.0,0.0,35.873812500271015,0.0,0.0,0.0,0.0,0.0
2040-11-04 15:00:00,0.0,0.0,0.0,0.0,0.0,35.51150000025518,0.0,0.0,0.0,0.0,0.0
2040-11-04 16:00:00,0.0,0.0,0.0,0.0,0.0,34.953937500249594,0.0,0.0,0.0,0.0,0.0
2040-11-04 17:00:00,0.0,0.0,0.0,0.0,0.0,33.42556250025518,0.0,0.0,0.0,0.0,0.0
2040-11-04 18:00:00,0.0,0.0,0.0,0.0,0.0,34.16975000023376,0.0,0.0,0.0,0.0,0.0
2040-11-04 19:00:00,0.0,0.0,0.0,0.0,0.0,34.37900000018999,0.0,0.0,0.0,0.0,0.0
2040-11-04 20:00:00,0.0,0.0,0.0,0.0,0.0,34.591375000192784,0.0,0.0,0.0,0.0,0.0
2040-11-04 21:00:00,0.0,0.0,0.0,0.0,0.0,37.17450000019744,0.0,0.0,0.0,0.0,0.0
2040-11-04 22:00:00,0.0,0.0,0.0,0.0,0.0,36.09225000021979,0.0,0.0,0.0,0.0,0.0
2040-11-04 23:00:00,0.0,0.0,0.0,0.0,0.0,32.36500000022352,0.0,0.0,0.0,0.0,0.0
2040-11-05 00:00:00,0.0,0.0,0.0,0.0,0.0,28.647750000236556,0.0,0.0,0.0,0.0,0.0
2040-11-05 01:00:00,0.0,0.0,0.0,0.0,0.0,25.267562500201166,0.0,0.0,0.0,0.0,0.0
2040-11-05 02:00:00,0.0,0.0,0.0,0.0,0.0,21.83793750021141,0.0,0.0,0.0,0.0,0.0
2040-11-05 03:00:00,0.0,0.0,0.0,0.0,0.0,21.12662500026636,0.0,0.0,0.0,0.0,0.0
2040-11-05 04:00:00,0.0,0.0,0.0,0.0,0.0,20.977375000249594,0.0,0.0,0.0,0.0,0.0
2040-11-05 05:00:00,0.0,0.0,0.0,0.0,0.0,21.93106250022538,0.0,0.0,0.0,0.0,0.0
2040-11-05 06:00:00,0.0,0.0,0.0,0.0,0.0,25.3325625002617,0.0,0.0,0.0,0.0,0.0
2040-11-05 07:00:00,0.0,0.0,0.0,0.0,0.0,29.92506250028964,0.0,0.0,0.0,0.0,0.0
2040-11-05 08:00:00,0.0,0.0,0.0,0.0,0.0,33.48612500028685,0.0,0.0,0.0,0.0,0.0
2040-11-05 09:00:00,0.0,0.0,0.0,0.0,0.0,35.97806250024587,0.0,0.0,0.0,0.0,0.0
2040-11-05 10:00:00,0.0,0.0,0.0,0.0,0.0,38.01450000028126,0.0,0.0,0.0,0.0,0.0
2040-11-05 11:00:00,0.0,0.0,0.0,0.0,0.0,39.13318750017788,0.0,0.0,0.0,0.0,0.0
2040-11-05 12:00:00,0.0,0.0,0.0,0.0,0.0,39.21393750025891,0.0,0.0,0.0,0.0,0.0
2040-11-05 13:00:00,0.0,0.0,0.0,0.0,0.0,39.0490000002319,0.0,0.0,0.0,0.0,0.0
2040-11-05 14:00:00,0.0,0.0,0.0,0.0,0.0,38.07612500025425,0.0,0.0,0.0,0.0,0.0
2040-11-05 15:00:00,0.0,0.0,0.0,0.0,0.0,38.65206250024494,0.0,0.0,0.0,0.0,0.0
2040-11-05 16:00:00,0.0,0.0,0.0,0.0,0.0,38.798187500215136,0.0,0.0,0.0,0.0,0.0
2040-11-05 17:00:00,0.0,0.0,0.0,0.0,0.0,38.03218750027008,0.0,0.0,0.0,0.0,0.0
2040-11-05 18:00:00,0.0,0.0,0.0,0.0,0.0,37.42387500021141,0.0,0.0,0.0,0.0,0.0
2040-11-05 19:00:00,0.0,0.0,0.0,0.0,0.0,36.7249375001993,0.0,0.0,0.0,0.0,0.0
2040-11-05 20:00:00,0.0,0.0,0.0,0.0,0.0,37.466937500284985,0.0,0.0,0.0,0.0,0.0
2040-11-05 21:00:00,0.0,0.0,0.0,0.0,0.0,38.852875000215136,0.0,0.0,0.0,0.0,0.0
2040-11-05 22:00:00,0.0,0.0,0.0,0.0,0.0,37.229375000228174,0.0,0.0,0.0,0.0,0.0
2040-11-05 23:00:00,0.0,0.0,0.0,0.0,0.0,32.35506250022445,0.0,0.0,0.0,0.0,0.0
2040-11-06 00:00:00,0.0,0.0,0.0,0.0,0.0,28.38812500028871,0.0,0.0,0.0,0.0,0.0
2040-11-06 01:00:00,0.0,0.0,0.0,0.0,0.0,25.244875000207685,0.0,0.0,0.0,0.0,0.0
2040-11-06 02:00:00,0.0,0.0,0.0,0.0,0.0,22.893437500228174,0.0,0.0,0.0,0.0,0.0
2040-11-06 03:00:00,0.0,0.0,0.0,0.0,0.0,22.217812500195578,0.0,0.0,0.0,0.0,0.0
2040-11-06 04:00:00,0.0,0.0,0.0,0.0,0.0,21.762750000227243,0.0,0.0,0.0,0.0,0.0
2040-11-06 05:00:00,0.0,0.0,0.0,0.0,0.0,21.402125000255182,0.0,0.0,0.0,0.0,0.0
2040-11-06 06:00:00,0.0,0.0,0.0,0.0,0.0,23.566750000230968,0.0,0.0,0.0,0.0,0.0
2040-11-06 07:00:00,0.0,0.0,0.0,0.0,0.0,27.307250000187196,0.0,0.0,0.0,0.0,0.0
2040-11-06 08:00:00,0.0,0.0,0.0,0.0,0.0,31.104687500279397,0.0,0.0,0.0,0.0,0.0
2040-11-06 09:00:00,0.0,0.0,0.0,0.0,0.0,33.81162500020582,0.0,0.0,0.0,0.0,0.0
2040-11-06 10:00:00,0.0,0.0,0.0,0.0,0.0,35.84606250026263,0.0,0.0,0.0,0.0,0.0
2040-11-06 11:00:00,0.0,0.0,0.0,0.0,0.0,37.517687500221655,0.0,0.0,0.0,0.0,0.0
2040-11-06 12:00:00,0.0,0.0,0.0,0.0,0.0,39.07462500024121,0.0,0.0,0.0,0.0,0.0
2040-11-06 13:00:00,0.0,0.0,0.0,0.0,0.0,38.420562500250526,0.0,0.0,0.0,0.0,0.0
2040-11-06 14:00:00,0.0,0.0,0.0,0.0,0.0,37.79725000017788,0.0,0.0,0.0,0.0,0.0
2040-11-06 15:00:00,0.0,0.0,0.0,0.0,0.0,37.8703125002794,0.0,0.0,0.0,0.0,0.0
2040-11-06 16:00:00,0.0,0.0,0.0,0.0,0.0,36.743375000194646,0.0,0.0,0.0,0.0,0.0
2040-11-06 17:00:00,0.0,0.0,0.0,0.0,0.0,36.18143750028685,0.0,0.0,0.0,0.0,0.0
2040-11-06 18:00:00,0.0,0.0,0.0,0.0,0.0,35.49131250020582,0.0,0.0,0.0,0.0,0.0
2040-11-06 19:00:00,0.0,0.0,0.0,0.0,0.0,34.74393750028685,0.0,0.0,0.0,0.0,0.0
2040-11-06 20:00:00,0.0,0.0,0.0,0.0,0.0,34.129812500206754,0.0,0.0,0.0,0.0,0.0
2040-11-06 21:00:00,0.0,0.0,0.0,0.0,0.0,36.61806250025984,0.0,0.0,0.0,0.0,0.0
2040-11-06 22:00:00,0.0,0.0,0.0,0.0,0.0,36.73268750018906,0.0,0.0,0.0,0.0,0.0
2040-11-06 23:00:00,0.0,0.0,0.0,0.0,0.0,33.08731250022538,0.0,0.0,0.0,0.0,0.0
2040-11-07 00:00:00,0.0,0.0,0.0,0.0,0.0,28.887187500251457,0.0,0.0,0.0,0.0,0.0
2040-11-07 01:00:00,0.0,0.0,0.0,0.0,0.0,25.538125000195578,0.0,0.0,0.0,0.0,0.0
2040-11-07 02:00:00,0.0,0.0,0.0,0.0,0.0,22.26243750017602,0.0,0.0,0.0,0.0,0.0
2040-11-07 03:00:00,0.0,0.0,0.0,0.0,0.0,21.661812500213273,0.0,0.0,0.0,0.0,0.0
2040-11-07 04:00:00,0.0,0.0,0.0,0.0,0.0,21.285187500179745,0.0,0.0,0.0,0.0,0.0
2040-11-07 05:00:00,0.0,0.0,0.0,0.0,0.0,22.06018750020303,0.0,0.0,0.0,0.0,0.0
2040-11-07 06:00:00,0.0,0.0,0.0,0.0,0.0,24.146187500213273,0.0,0.0,0.0,0.0,0.0
2040-11-07 07:00:00,0.0,0.0,0.0,0.0,0.0,27.74356250022538,0.0,0.0,0.0,0.0,0.0
2040-11-07 08:00:00,0.0,0.0,0.0,0.0,0.0,31.838625000206317,0.0,0.0,0.0,0.0,0.0
2040-11-07 09:00:00,0.0,0.0,0.0,0.0,0.0,36.79106250021141,0.0,0.0,0.0,0.0,0.0
2040-11-07 10:00:00,0.0,0.0,0.0,0.0,0.0,39.009000000194646,0.0,0.0,0.0,0.0,0.0
2040-11-07 11:00:00,0.0,0.0,0.0,0.0,0.0,39.77718750026543,0.0,0.0,0.0,0.0,0.0
2040-11-07 12:00:00,0.0,0.0,0.0,0.0,0.0,40.22450000024401,0.0,0.0,0.0,0.0,0.0
2040-11-07 13:00:00,0.0,0.0,0.0,0.0,0.0,39.97450000024401,0.0,0.0,0.0,0.0,0.0
2040-11-07 14:00:00,0.0,0.0,0.0,0.0,0.0,39.31925000017509,0.0,0.0,0.0,0.0,0.0
2040-11-07 15:00:00,0.0,0.0,0.0,0.0,0.0,39.444875000277534,0.0,0.0,0.0,0.0,0.0
2040-11-07 16:00:00,0.0,0.0,0.0,0.0,0.0,39.35193750017788,0.0,0.0,0.0,0.0,0.0
2040-11-07 17:00:00,0.0,0.0,0.0,0.0,0.0,39.37256250018254,0.0,0.0,0.0,0.0,0.0
2040-11-07 18:00:00,0.0,0.0,0.0,0.0,0.0,38.946750000235625,0.0,0.0,0.0,0.0,0.0
2040-11-07 19:00:00,0.0,0.0,0.0,0.0,0.0,38.57168750022538,0.0,0.0,0.0,0.0,0.0
2040-11-07 20:00:00,0.0,0.0,0.0,0.0,0.0,38.20356250018813,0.0,0.0,0.0,0.0,0.0
2040-11-07 21:00:00,0.0,0.0,0.0,0.0,0.0,38.9938750002766,0.0,0.0,0.0,0.0,0.0
2040-11-07 22:00:00,0.0,0.0,0.0,0.0,0.0,37.580812500207685,0.0,0.0,0.0,0.0,0.0
2040-11-07 23:00:00,0.0,0.0,0.0,0.0,0.0,34.100250000250526,0.0,0.0,0.0,0.0,0.0
2040-11-08 00:00:00,0.0,0.0,0.0,0.0,0.0,30.502437500283122,0.0,0.0,0.0,0.0,0.0
2040-11-08 01:00:00,0.0,0.0,0.0,0.0,0.0,27.19493750028778,0.0,0.0,0.0,0.0,0.0
2040-11-08 02:00:00,0.0,0.0,0.0,0.0,0.0,23.869000000180677,0.0,0.0,0.0,0.0,0.0
2040-11-08 03:00:00,0.0,0.0,0.0,0.0,0.0,23.233562500216067,0.0,0.0,0.0,0.0,0.0
2040-11-08 04:00:00,0.0,0.0,0.0,0.0,0.0,23.018750000279397,0.0,0.0,0.0,0.0,0.0
2040-11-08 05:00:00,0.0,0.0,0.0,0.0,0.0,23.658812500187196,0.0,0.0,0.0,0.0,0.0
2040-11-08 06:00:00,0.0,0.0,0.0,0.0,0.0,27.131187500199303,0.0,0.0,0.0,0.0,0.0
2040-11-08 07:00:00,0.0,0.0,0.0,0.0,0.0,30.49675000028219,0.0,0.0,0.0,0.0,0.0
2040-11-08 08:00:00,0.0,0.0,0.0,0.0,0.0,33.77156250027474,0.0,0.0,0.0,0.0,0.0
2040-11-08 09:00:00,0.0,0.0,0.0,0.0,0.0,36.44556250027381,0.0,0.0,0.0,0.0,0.0
2040-11-08 10:00:00,0.0,0.0,0.0,0.0,0.0,38.600875000236556,0.0,0.0,0.0,0.0,0.0
2040-11-08 11:00:00,0.0,0.0,0.0,0.0,0.0,40.59743750025518,0.0,0.0,0.0,0.0,0.0
2040-11-08 12:00:00,0.0,0.0,0.0,0.0,0.0,40.06606250023469,0.0,0.0,0.0,0.0,0.0
2040-11-08 13:00:00,0.0,0.0,0.0,0.0,0.0,39.180500000249594,0.0,0.0,0.0,0.0,0.0
2040-11-08 14:00:00,0.0,0.0,0.0,0.0,0.0,38.676562500186265,0.0,0.0,0.0,0.0,0.0
2040-11-08 15:00:00,0.0,0.0,0.0,0.0,0.0,39.360562500194646,0.0,0.0,0.0,0.0,0.0
2040-11-08 16:00:00,0.0,0.0,0.0,0.0,0.0,38.13743750017602,0.0,0.0,0.0,0.0,0.0
2040-11-08 17:00:00,0.0,0.0,0.0,0.0,0.0,37.13343750021886,0.0,0.0,0.0,0.0,0.0
2040-11-08 18:00:00,0.0,0.0,0.0,0.0,0.0,36.76356250024401,0.0,0.0,0.0,0.0,0.0
2040-11-08 19:00:00,0.0,0.0,0.0,0.0,0.0,36.39381250028964,0.0,0.0,0.0,0.0,0.0
2040-11-08 20:00:00,0.0,0.0,0.0,0.0,0.0,35.860187500249594,0.0,0.0,0.0,0.0,0.0
2040-11-08 21:00:00,0.0,0.0,0.0,0.0,0.0,37.131062500178814,0.0,0.0,0.0,0.0,0.0
2040-11-08 22:00:00,0.0,0.0,0.0,0.0,0.0,35.6606875002617,0.0,0.0,0.0,0.0,0.0
2040-11-08 23:00:00,0.0,0.0,0.0,0.0,0.0,33.34175000025425,0.0,0.0,0.0,0.0,0.0
2040-11-09 00:00:00,0.0,0.0,0.0,0.0,0.0,30.734750000177883,0.0,0.0,0.0,0.0,0.0
2040-11-09 01:00:00,0.0,0.0,0.0,0.0,0.0,27.260937500279397,0.0,0.0,0.0,0.0,0.0
2040-11-09 02:00:00,0.0,0.0,0.0,0.0,0.0,23.97931250021793,0.0,0.0,0.0,0.0,0.0
2040-11-09 03:00:00,0.0,0.0,0.0,0.0,0.0,23.843562500202097,0.0,0.0,0.0,0.0,0.0
2040-11-09 04:00:00,0.0,0.0,0.0,0.0,0.0,23.318250000244007,0.0,0.0,0.0,0.0,0.0
2040-11-09 05:00:00,0.0,0.0,0.0,0.0,0.0,23.206250000279415,0.0,0.0,0.0,0.0,0.0
2040-11-09 06:00:00,0.0,0.0,0.0,0.0,0.0,22.83793750021141,0.0,0.0,0.0,0.0,0.0
2040-11-09 07:00:00,0.0,0.0,0.0,0.0,0.0,23.818062500213586,0.0,0.0,0.0,0.0,0.0
2040-11-09 08:00:00,0.0,0.0,0.0,0.0,0.0,27.37525000027381,0.0,0.0,0.0,0.0,0.0
2040-11-09 09:00:00,0.0,0.0,0.0,0.0,0.0,32.58518750022631,0.0,0.0,0.0,0.0,0.0
2040-11-09 10:00:00,0.0,0.0,0.0,0.0,0.0,35.006625000271015,0.0,0.0,0.0,0.0,0.0
2040-11-09 11:00:00,0.0,0.0,0.0,0.0,0.0,36.60012500023004,0.0,0.0,0.0,0.0,0.0
2040-11-09 12:00:00,0.0,0.0,0.0,0.0,0.0,37.19793750019744,0.0,0.0,0.0,0.0,0.0
2040-11-09 13:00:00,0.0,0.0,0.0,0.0,0.0,37.49325000029057,0.0,0.0,0.0,0.0,0.0
2040-11-09 14:00:00,0.0,0.0,0.0,0.0,0.0,37.05593750020489,0.0,0.0,0.0,0.0,0.0
2040-11-09 15:00:00,0.0,0.0,0.0,0.0,0.0,36.35243750025984,0.0,0.0,0.0,0.0,0.0
2040-11-09 16:00:00,0.0,0.0,0.0,0.0,0.0,35.79087500018068,0.0,0.0,0.0,0.0,0.0
2040-11-09 17:00:00,0.0,0.0,0.0,0.0,0.0,35.517687500221655,0.0,0.0,0.0,0.0,0.0
2040-11-09 18:00:00,0.0,0.0,0.0,0.0,0.0,34.479250000207685,0.0,0.0,0.0,0.0,0.0
2040-11-09 19:00:00,0.0,0.0,0.0,0.0,0.0,33.66025000018999,0.0,0.0,0.0,0.0,0.0
2040-11-09 20:00:00,0.0,0.0,0.0,0.0,0.0,32.87412500020582,0.0,0.0,0.0,0.0,0.0
2040-11-09 21:00:00,0.0,0.0,0.0,0.0,0.0,33.71968750027008,0.0,0.0,0.0,0.0,0.0
2040-11-09 22:00:00,0.0,0.0,0.0,0.0,0.0,33.6813750002766,0.0,0.0,0.0,0.0,0.0
2040-11-09 23:00:00,0.0,0.0,0.0,0.0,0.0,31.317500000237487,0.0,0.0,0.0,0.0,0.0
2040-11-10 00:00:00,0.0,0.0,0.0,0.0,0.0,28.581750000244938,0.0,0.0,0.0,0.0,0.0
2040-11-10 01:00:00,0.0,0.0,0.0,0.0,0.0,26.18431250017602,0.0,0.0,0.0,0.0,0.0
2040-11-10 02:00:00,0.0,0.0,0.0,0.0,0.0,24.45600000023842,0.0,0.0,0.0,0.0,0.0
2040-11-10 03:00:00,0.0,0.0,0.0,0.0,0.0,22.4005625002319,0.0,0.0,0.0,0.0,0.0
2040-11-10 04:00:00,0.0,0.0,0.0,0.0,0.0,21.826000000233762,0.0,0.0,0.0,0.0,0.0
2040-11-10 05:00:00,0.0,0.0,0.0,0.0,0.0,20.308375000255182,0.0,0.0,0.0,0.0,0.0
2040-11-10 06:00:00,0.0,0.0,0.0,0.0,0.0,18.718937500263564,0.0,0.0,0.0,0.0,0.0
2040-11-10 07:00:00,0.0,0.0,0.0,0.0,0.0,19.17737500020303,0.0,0.0,0.0,0.0,0.0
2040-11-10 08:00:00,0.0,0.0,0.0,0.0,0.0,20.253625000244938,0.0,0.0,0.0,0.0,0.0
2040-11-10 09:00:00,0.0,0.0,0.0,0.0,0.0,23.02493750024587,0.0,0.0,0.0,0.0,0.0
2040-11-10 10:00:00,0.0,0.0,0.0,0.0,0.0,25.445000000181608,0.0,0.0,0.0,0.0,0.0
2040-11-10 11:00:00,0.0,0.0,0.0,0.0,0.0,27.872875000233762,0.0,0.0,0.0,0.0,0.0
2040-11-10 12:00:00,0.0,0.0,0.0,0.0,0.0,29.957062500179745,0.0,0.0,0.0,0.0,0.0
2040-11-10 13:00:00,0.0,0.0,0.0,0.0,0.0,31.442937500192784,0.0,0.0,0.0,0.0,0.0
2040-11-10 14:00:00,0.0,0.0,0.0,0.0,0.0,30.718062500236556,0.0,0.0,0.0,0.0,0.0
2040-11-10 15:00:00,0.0,0.0,0.0,0.0,0.0,29.749937500222586,0.0,0.0,0.0,0.0,0.0
2040-11-10 16:00:00,0.0,0.0,0.0,0.0,0.0,29.16393750021234,0.0,0.0,0.0,0.0,0.0
2040-11-10 17:00:00,0.0,0.0,0.0,0.0,0.0,28.721687500248663,0.0,0.0,0.0,0.0,0.0
2040-11-10 18:00:00,0.0,0.0,0.0,0.0,0.0,28.93550000025425,0.0,0.0,0.0,0.0,0.0
2040-11-10 19:00:00,0.0,0.0,0.0,0.0,0.0,29.44656250020489,0.0,0.0,0.0,0.0,0.0
2040-11-10 20:00:00,0.0,0.0,0.0,0.0,0.0,30.08150000020396,0.0,0.0,0.0,0.0,0.0
2040-11-10 21:00:00,0.0,0.0,0.0,0.0,0.0,33.080937500228174,0.0,0.0,0.0,0.0,0.0
2040-11-10 22:00:00,0.0,0.0,0.0,0.0,0.0,34.91631250025239,0.0,0.0,0.0,0.0,0.0
2040-11-10 23:00:00,0.0,0.0,0.0,0.0,0.0,32.06375000020489,0.0,0.0,0.0,0.0,0.0
2040-11-11 00:00:00,0.0,0.0,0.0,0.0,0.0,27.86918750021141,0.0,0.0,0.0,0.0,0.0
2040-11-11 01:00:00,0.0,0.0,0.0,0.0,0.0,24.98837500018999,0.0,0.0,0.0,0.0,0.0
2040-11-11 02:00:00,0.0,0.0,0.0,0.0,0.0,23.481812500278465,0.0,0.0,0.0,0.0,0.0
2040-11-11 03:00:00,0.0,0.0,0.0,0.0,0.0,22.63156250026077,0.0,0.0,0.0,0.0,0.0
2040-11-11 04:00:00,0.0,0.0,0.0,0.0,0.0,22.065062500187196,0.0,0.0,0.0,0.0,0.0
2040-11-11 05:00:00,0.0,0.0,0.0,0.0,0.0,21.875562500208616,0.0,0.0,0.0,0.0,0.0
2040-11-11 06:00:00,0.0,0.0,0.0,0.0,0.0,23.277750000241213,0.0,0.0,0.0,0.0,0.0
2040-11-11 07:00:00,0.0,0.0,0.0,0.0,0.0,27.771312500237364,0.0,0.0,0.0,0.0,0.0
2040-11-11 08:00:00,0.0,0.0,0.0,0.0,0.0,31.901750000193715,0.0,0.0,0.0,0.0,0.0
2040-11-11 09:00:00,0.0,0.0,0.0,0.0,0.0,35.071500000194646,0.0,0.0,0.0,0.0,0.0
2040-11-11 10:00:00,0.0,0.0,0.0,0.0,0.0,36.39756250020582,0.0,0.0,0.0,0.0,0.0
2040-11-11 11:00:00,0.0,0.0,0.0,0.0,0.0,36.93393750023097,0.0,0.0,0.0,0.0,0.0
2040-11-11 12:00:00,0.0,0.0,0.0,0.0,0.0,37.05881250021048,0.0,0.0,0.0,0.0,0.0
2040-11-11 13:00:00,0.0,0.0,0.0,0.0,0.0,36.638687500264496,0.0,0.0,0.0,0.0,0.0
2040-11-11 14:00:00,0.0,0.0,0.0,0.0,0.0,35.21256250026636,0.0,0.0,0.0,0.0,0.0
2040-11-11 15:00:00,0.0,0.0,0.0,0.0,0.0,35.31712500017602,0.0,0.0,0.0,0.0,0.0
2040-11-11 16:00:00,0.0,0.0,0.0,0.0,0.0,35.12175000028219,0.0,0.0,0.0,0.0,0.0
2040-11-11 17:00:00,0.0,0.0,0.0,0.0,0.0,34.30975000024773,0.0,0.0,0.0,0.0,0.0
2040-11-11 18:00:00,0.0,0.0,0.0,0.0,0.0,34.037875000271015,0.0,0.0,0.0,0.0,0.0
2040-11-11 19:00:00,0.0,0.0,0.0,0.0,0.0,33.42337500024587,0.0,0.0,0.0,0.0,0.0
2040-11-11 20:00:00,0.0,0.0,0.0,0.0,0.0,32.76712500024587,0.0,0.0,0.0,0.0,0.0
2040-11-11 21:00:00,0.0,0.0,0.0,0.0,0.0,34.68425000028219,0.0,0.0,0.0,0.0,0.0
2040-11-11 22:00:00,0.0,0.0,0.0,0.0,0.0,34.41987500025425,0.0,0.0,0.0,0.0,0.0
2040-11-11 23:00:00,0.0,0.0,0.0,0.0,0.0,31.666125000221655,0.0,0.0,0.0,0.0,0.0
2040-11-12 00:00:00,0.0,0.0,0.0,0.0,0.0,27.747250000247732,0.0,0.0,0.0,0.0,0.0
2040-11-12 01:00:00,0.0,0.0,0.0,0.0,0.0,24.11162500025239,0.0,0.0,0.0,0.0,0.0
2040-11-12 02:00:00,0.0,0.0,0.0,0.0,0.0,22.331750000244938,0.0,0.0,0.0,0.0,0.0
2040-11-12 03:00:00,0.0,0.0,0.0,0.0,0.0,21.20650000020396,0.0,0.0,0.0,0.0,0.0
2040-11-12 04:00:00,0.0,0.0,0.0,0.0,0.0,20.43425000028219,0.0,0.0,0.0,0.0,0.0
2040-11-12 05:00:00,0.0,0.0,0.0,0.0,0.0,19.98637500021141,0.0,0.0,0.0,0.0,0.0
2040-11-12 06:00:00,0.0,0.0,0.0,0.0,0.0,22.52525000018214,0.0,0.0,0.0,0.0,0.0
2040-11-12 07:00:00,0.0,0.0,0.0,0.0,0.0,26.41037500021048,0.0,0.0,0.0,0.0,0.0
2040-11-12 08:00:00,0.0,0.0,0.0,0.0,0.0,29.550500000244938,0.0,0.0,0.0,0.0,0.0
2040-11-12 09:00:00,0.0,0.0,0.0,0.0,0.0,32.15337500022724,0.0,0.0,0.0,0.0,0.0
2040-11-12 10:00:00,0.0,0.0,0.0,0.0,0.0,34.60800000024028,0.0,0.0,0.0,0.0,0.0
2040-11-12 11:00:00,0.0,0.0,0.0,0.0,0.0,36.348875000257976,0.0,0.0,0.0,0.0,0.0
2040-11-12 12:00:00,0.0,0.0,0.0,0.0,0.0,37.17562500026543,0.0,0.0,0.0,0.0,0.0
2040-11-12 13:00:00,0.0,0.0,0.0,0.0,0.0,36.873250000178814,0.0,0.0,0.0,0.0,0.0
2040-11-12 14:00:00,0.0,0.0,0.0,0.0,0.0,36.64212500024587,0.0,0.0,0.0,0.0,0.0
2040-11-12 15:00:00,0.0,0.0,0.0,0.0,0.0,38.552750000264496,0.0,0.0,0.0,0.0,0.0
2040-11-12 16:00:00,0.0,0.0,0.0,0.0,0.0,37.90575000026729,0.0,0.0,0.0,0.0,0.0
2040-11-12 17:00:00,0.0,0.0,0.0,0.0,0.0,36.2466250002617,0.0,0.0,0.0,0.0,0.0
2040-11-12 18:00:00,0.0,0.0,0.0,0.0,0.0,34.823000000207685,0.0,0.0,0.0,0.0,0.0
2040-11-12 19:00:00,0.0,0.0,0.0,0.0,0.0,33.786500000278465,0.0,0.0,0.0,0.0,0.0
2040-11-12 20:00:00,0.0,0.0,0.0,0.0,0.0,33.02437500027008,0.0,0.0,0.0,0.0,0.0
2040-11-12 21:00:00,0.0,0.0,0.0,0.0,0.0,34.47175000025891,0.0,0.0,0.0,0.0,0.0
2040-11-12 22:00:00,0.0,0.0,0.0,0.0,0.0,35.57000000018161,0.0,0.0,0.0,0.0,0.0
2040-11-12 23:00:00,0.0,0.0,0.0,0.0,0.0,32.41500000027008,0.0,0.0,0.0,0.0,0.0
2040-11-13 00:00:00,0.0,0.0,0.0,0.0,0.0,28.135375000187196,0.0,0.0,0.0,0.0,0.0
2040-11-13 01:00:00,0.0,0.0,0.0,0.0,0.0,25.492125000222586,0.0,0.0,0.0,0.0,0.0
2040-11-13 02:00:00,0.0,0.0,0.0,0.0,0.0,22.4185000002617,0.0,0.0,0.0,0.0,0.0
2040-11-13 03:00:00,0.0,0.0,0.0,0.0,0.0,21.135625000228174,0.0,0.0,0.0,0.0,0.0
2040-11-13 04:00:00,0.0,0.0,0.0,0.0,0.0,20.800500000244938,0.0,0.0,0.0,0.0,0.0
2040-11-13 05:00:00,0.0,0.0,0.0,0.0,0.0,20.277500000200234,0.0,0.0,0.0,0.0,0.0
2040-11-13 06:00:00,0.0,0.0,0.0,0.0,0.0,23.020750000257976,0.0,0.0,0.0,0.0,0.0
2040-11-13 07:00:00,0.0,0.0,0.0,0.0,0.0,27.397625000216067,0.0,0.0,0.0,0.0,0.0
2040-11-13 08:00:00,0.0,0.0,0.0,0.0,0.0,32.291000000201166,0.0,0.0,0.0,0.0,0.0
2040-11-13 09:00:00,0.0,0.0,0.0,0.0,0.0,34.98775000020396,0.0,0.0,0.0,0.0,0.0
2040-11-13 10:00:00,0.0,0.0,0.0,0.0,0.0,35.743750000256114,0.0,0.0,0.0,0.0,0.0
2040-11-13 11:00:00,0.0,0.0,0.0,0.0,0.0,36.9212500002468,0.0,0.0,0.0,0.0,0.0
2040-11-13 12:00:00,0.0,0.0,0.0,0.0,0.0,37.63787500024773,0.0,0.0,0.0,0.0,0.0
2040-11-13 13:00:00,0.0,0.0,0.0,0.0,0.0,37.543875000206754,0.0,0.0,0.0,0.0,0.0
2040-11-13 14:00:00,0.0,0.0,0.0,0.0,0.0,36.67387500021141,0.0,0.0,0.0,0.0,0.0
2040-11-13 15:00:00,0.0,0.0,0.0,0.0,0.0,36.93525000021327,0.0,0.0,0.0,0.0,0.0
2040-11-13 16:00:00,0.0,0.0,0.0,0.0,0.0,36.868625000235625,0.0,0.0,0.0,0.0,0.0
2040-11-13 17:00:00,0.0,0.0,0.0,0.0,0.0,35.183000000193715,0.0,0.0,0.0,0.0,0.0
2040-11-13 18:00:00,0.0,0.0,0.0,0.0,0.0,34.33000000019092,0.0,0.0,0.0,0.0,0.0
2040-11-13 19:00:00,0.0,0.0,0.0,0.0,0.0,32.762625000206754,0.0,0.0,0.0,0.0,0.0
2040-11-13 20:00:00,0.0,0.0,0.0,0.0,0.0,32.39950000029057,0.0,0.0,0.0,0.0,0.0
2040-11-13 21:00:00,0.0,0.0,0.0,0.0,0.0,33.931625000201166,0.0,0.0,0.0,0.0,0.0
2040-11-13 22:00:00,0.0,0.0,0.0,0.0,0.0,34.11475000018254,0.0,0.0,0.0,0.0,0.0
2040-11-13 23:00:00,0.0,0.0,0.0,0.0,0.0,30.68350000027567,0.0,0.0,0.0,0.0,0.0
2040-11-14 00:00:00,0.0,0.0,0.0,0.0,0.0,26.848625000216998,0.0,0.0,0.0,0.0,0.0
2040-11-14 01:00:00,0.0,0.0,0.0,0.0,0.0,23.67062500026077,0.0,0.0,0.0,0.0,0.0
2040-11-14 02:00:00,0.0,0.0,0.0,0.0,0.0,21.81512500019744,0.0,0.0,0.0,0.0,0.0
2040-11-14 03:00:00,0.0,0.0,0.0,0.0,0.0,21.04937500017695,0.0,0.0,0.0,0.0,0.0
2040-11-14 04:00:00,0.0,0.0,0.0,0.0,0.0,20.400250000180677,0.0,0.0,0.0,0.0,0.0
2040-11-14 05:00:00,0.0,0.0,0.0,0.0,0.0,19.978250000276603,0.0,0.0,0.0,0.0,0.0
2040-11-14 06:00:00,0.0,0.0,0.0,0.0,0.0,21.872250000247732,0.0,0.0,0.0,0.0,0.0
2040-11-14 07:00:00,0.0,0.0,0.0,0.0,0.0,26.00350000022445,0.0,0.0,0.0,0.0,0.0
2040-11-14 08:00:00,0.0,0.0,0.0,0.0,0.0,30.558375000255182,0.0,0.0,0.0,0.0,0.0
2040-11-14 09:00:00,0.0,0.0,0.0,0.0,0.0,33.948625000193715,0.0,0.0,0.0,0.0,0.0
2040-11-14 10:00:00,0.0,0.0,0.0,0.0,0.0,35.196750000235625,0.0,0.0,0.0,0.0,0.0
2040-11-14 11:00:00,0.0,0.0,0.0,0.0,0.0,36.44075000018347,0.0,0.0,0.0,0.0,0.0
2040-11-14 12:00:00,0.0,0.0,0.0,0.0,0.0,37.498250000178814,0.0,0.0,0.0,0.0,0.0
2040-11-14 13:00:00,0.0,0.0,0.0,0.0,0.0,37.086625000229105,0.0,0.0,0.0,0.0,0.0
2040-11-14 14:00:00,0.0,0.0,0.0,0.0,0.0,36.823000000207685,0.0,0.0,0.0,0.0,0.0
2040-11-14 15:00:00,0.0,0.0,0.0,0.0,0.0,37.52575000026263,0.0,0.0,0.0,0.0,0.0
2040-11-14 16:00:00,0.0,0.0,0.0,0.0,0.0,36.99600000027567,0.0,0.0,0.0,0.0,0.0
2040-11-14 17:00:00,0.0,0.0,0.0,0.0,0.0,36.23462500027381,0.0,0.0,0.0,0.0,0.0
2040-11-14 18:00:00,0.0,0.0,0.0,0.0,0.0,35.88650000025518,0.0,0.0,0.0,0.0,0.0
2040-11-14 19:00:00,0.0,0.0,0.0,0.0,0.0,35.011125000193715,0.0,0.0,0.0,0.0,0.0
2040-11-14 20:00:00,0.0,0.0,0.0,0.0,0.0,34.25962500018068,0.0,0.0,0.0,0.0,0.0
2040-11-14 21:00:00,0.0,0.0,0.0,0.0,0.0,35.64875000028405,0.0,0.0,0.0,0.0,0.0
2040-11-14 22:00:00,0.0,0.0,0.0,0.0,0.0,35.05312500020955,0.0,0.0,0.0,0.0,0.0
2040-11-14 23:00:00,0.0,0.0,0.0,0.0,0.0,31.331750000244938,0.0,0.0,0.0,0.0,0.0
2040-11-15 00:00:00,0.0,0.0,0.0,0.0,0.0,28.12750000017695,0.0,0.0,0.0,0.0,0.0
2040-11-15 01:00:00,0.0,0.0,0.0,0.0,0.0,25.051750000216998,0.0,0.0,0.0,0.0,0.0
2040-11-15 02:00:00,0.0,0.0,0.0,0.0,0.0,22.802750000264496,0.0,0.0,0.0,0.0,0.0
2040-11-15 03:00:00,0.0,0.0,0.0,0.0,0.0,21.317375000216998,0.0,0.0,0.0,0.0,0.0
2040-11-15 04:00:00,0.0,0.0,0.0,0.0,0.0,21.371375000220723,0.0,0.0,0.0,0.0,0.0
2040-11-15 05:00:00,0.0,0.0,0.0,0.0,0.0,21.07900000025984,0.0,0.0,0.0,0.0,0.0
2040-11-15 06:00:00,0.0,0.0,0.0,0.0,0.0,23.003000000258908,0.0,0.0,0.0,0.0,0.0
2040-11-15 07:00:00,0.0,0.0,0.0,0.0,0.0,26.834750000271015,0.0,0.0,0.0,0.0,0.0
2040-11-15 08:00:00,0.0,0.0,0.0,0.0,0.0,30.193125000223517,0.0,0.0,0.0,0.0,0.0
2040-11-15 09:00:00,0.0,0.0,0.0,0.0,0.0,32.81100000021979,0.0,0.0,0.0,0.0,0.0
2040-11-15 10:00:00,0.0,0.0,0.0,0.0,0.0,34.47237500024494,0.0,0.0,0.0,0.0,0.0
2040-11-15 11:00:00,0.0,0.0,0.0,0.0,0.0,35.15337500022724,0.0,0.0,0.0,0.0,0.0
2040-11-15 12:00:00,0.0,0.0,0.0,0.0,0.0,35.42475000023842,0.0,0.0,0.0,0.0,0.0
2040-11-15 13:00:00,0.0,0.0,0.0,0.0,0.0,34.72350000019651,0.0,0.0,0.0,0.0,0.0
2040-11-15 14:00:00,0.0,0.0,0.0,0.0,0.0,34.64262500021141,0.0,0.0,0.0,0.0,0.0
2040-11-15 15:00:00,0.0,0.0,0.0,0.0,0.0,34.978500000201166,0.0,0.0,0.0,0.0,0.0
2040-11-15 16:00:00,0.0,0.0,0.0,0.0,0.0,34.35837500018533,0.0,0.0,0.0,0.0,0.0
2040-11-15 17:00:00,0.0,0.0,0.0,0.0,0.0,33.06037500023376,0.0,0.0,0.0,0.0,0.0
2040-11-15 18:00:00,0.0,0.0,0.0,0.0,0.0,32.338125000242144,0.0,0.0,0.0,0.0,0.0
2040-11-15 19:00:00,0.0,0.0,0.0,0.0,0.0,32.69325000024401,0.0,0.0,0.0,0.0,0.0
2040-11-15 20:00:00,0.0,0.0,0.0,0.0,0.0,31.459000000264496,0.0,0.0,0.0,0.0,0.0
2040-11-15 21:00:00,0.0,0.0,0.0,0.0,0.0,32.65950000018347,0.0,0.0,0.0,0.0,0.0
2040-11-15 22:00:00,0.0,0.0,0.0,0.0,0.0,33.636250000214204,0.0,0.0,0.0,0.0,0.0
2040-11-15 23:00:00,0.0,0.0,0.0,0.0,0.0,31.879250000230968,0.0,0.0,0.0,0.0,0.0
2040-11-16 00:00:00,0.0,0.0,0.0,0.0,0.0,29.322500000242144,0.0,0.0,0.0,0.0,0.0
2040-11-16 01:00:00,0.0,0.0,0.0,0.0,0.0,26.2833750002319,0.0,0.0,0.0,0.0,0.0
2040-11-16 02:00:00,0.0,0.0,0.0,0.0,0.0,24.40975000022445,0.0,0.0,0.0,0.0,0.0
2040-11-16 03:00:00,0.0,0.0,0.0,0.0,0.0,23.08062500017695,0.0,0.0,0.0,0.0,0.0
2040-11-16 04:00:00,0.0,0.0,0.0,0.0,0.0,22.31062500027474,0.0,0.0,0.0,0.0,0.0
2040-11-16 05:00:00,0.0,0.0,0.0,0.0,0.0,21.35475000028964,0.0,0.0,0.0,0.0,0.0
2040-11-16 06:00:00,0.0,0.0,0.0,0.0,0.0,20.957625000271946,0.0,0.0,0.0,0.0,0.0
2040-11-16 07:00:00,0.0,0.0,0.0,0.0,0.0,23.493750000256114,0.0,0.0,0.0,0.0,0.0
2040-11-16 08:00:00,0.0,0.0,0.0,0.0,0.0,26.264000000199303,0.0,0.0,0.0,0.0,0.0
2040-11-16 09:00:00,0.0,0.0,0.0,0.0,0.0,29.12587500025984,0.0,0.0,0.0,0.0,0.0
2040-11-16 10:00:00,0.0,0.0,0.0,0.0,0.0,33.45475000026636,0.0,0.0,0.0,0.0,0.0
2040-11-16 11:00:00,0.0,0.0,0.0,0.0,0.0,35.06875000020955,0.0,0.0,0.0,0.0,0.0
2040-11-16 12:00:00,0.0,0.0,0.0,0.0,0.0,35.83037500025239,0.0,0.0,0.0,0.0,0.0
2040-11-16 13:00:00,0.0,0.0,0.0,0.0,0.0,36.054625000222586,0.0,0.0,0.0,0.0,0.0
2040-11-16 14:00:00,0.0,0.0,0.0,0.0,0.0,34.81575000018347,0.0,0.0,0.0,0.0,0.0
2040-11-16 15:00:00,0.0,0.0,0.0,0.0,0.0,32.72037500026636,0.0,0.0,0.0,0.0,0.0
2040-11-16 16:00:00,0.0,0.0,0.0,0.0,0.0,31.776500000269152,0.0,0.0,0.0,0.0,0.0
2040-11-16 17:00:00,0.0,0.0,0.0,0.0,0.0,31.495250000269152,0.0,0.0,0.0,0.0,0.0
2040-11-16 18:00:00,0.0,0.0,0.0,0.0,0.0,30.872750000213273,0.0,0.0,0.0,0.0,0.0
2040-11-16 19:00:00,0.0,0.0,0.0,0.0,0.0,29.86187500017695,0.0,0.0,0.0,0.0,0.0
2040-11-16 20:00:00,0.0,0.0,0.0,0.0,0.0,30.214500000234693,0.0,0.0,0.0,0.0,0.0
2040-11-16 21:00:00,0.0,0.0,0.0,0.0,0.0,32.648625000263564,0.0,0.0,0.0,0.0,0.0
2040-11-16 22:00:00,0.0,0.0,0.0,0.0,0.0,33.9810000002617,0.0,0.0,0.0,0.0,0.0
2040-11-16 23:00:00,0.0,0.0,0.0,0.0,0.0,31.23625000019092,0.0,0.0,0.0,0.0,0.0
2040-11-17 00:00:00,0.0,0.0,0.0,0.0,0.0,28.340125000220723,0.0,0.0,0.0,0.0,0.0
2040-11-17 01:00:00,0.0,0.0,0.0,0.0,0.0,25.569125000271015,0.0,0.0,0.0,0.0,0.0
2040-11-17 02:00:00,0.0,0.0,0.0,0.0,0.0,23.87837500020396,0.0,0.0,0.0,0.0,0.0
2040-11-17 03:00:00,0.0,0.0,0.0,0.0,0.0,22.63812500028871,0.0,0.0,0.0,0.0,0.0
2040-11-17 04:00:00,0.0,0.0,0.0,0.0,0.0,21.253000000258908,0.0,0.0,0.0,0.0,0.0
2040-11-17 05:00:00,0.0,0.0,0.0,0.0,0.0,20.270125000271946,0.0,0.0,0.0,0.0,0.0
2040-11-17 06:00:00,0.0,0.0,0.0,0.0,0.0,17.71800000022631,0.0,0.0,0.0,0.0,0.0
2040-11-17 07:00:00,0.0,0.0,0.0,0.0,0.0,18.419500000192784,0.0,0.0,0.0,0.0,0.0
2040-11-17 08:00:00,0.0,0.0,0.0,0.0,0.0,19.803875000216067,0.0,0.0,0.0,0.0,0.0
2040-11-17 09:00:00,0.0,0.0,0.0,0.0,0.0,22.755875000264496,0.0,0.0,0.0,0.0,0.0
2040-11-17 10:00:00,0.0,0.0,0.0,0.0,0.0,25.072875000187196,0.0,0.0,0.0,0.0,0.0
2040-11-17 11:00:00,0.0,0.0,0.0,0.0,0.0,28.381000000284985,0.0,0.0,0.0,0.0,0.0
2040-11-17 12:00:00,0.0,0.0,0.0,0.0,0.0,30.500375000177883,0.0,0.0,0.0,0.0,0.0
2040-11-17 13:00:00,0.0,0.0,0.0,0.0,0.0,31.574375000200234,0.0,0.0,0.0,0.0,0.0
2040-11-17 14:00:00,0.0,0.0,0.0,0.0,0.0,31.216250000288895,0.0,0.0,0.0,0.0,0.0
2040-11-17 15:00:00,0.0,0.0,0.0,0.0,0.0,29.96762500028126,0.0,0.0,0.0,0.0,0.0
2040-11-17 16:00:00,0.0,0.0,0.0,0.0,0.0,29.023375000222586,0.0,0.0,0.0,0.0,0.0
2040-11-17 17:00:00,0.0,0.0,0.0,0.0,0.0,28.41100000019651,0.0,0.0,0.0,0.0,0.0
2040-11-17 18:00:00,0.0,0.0,0.0,0.0,0.0,28.486750000272878,0.0,0.0,0.0,0.0,0.0
2040-11-17 19:00:00,0.0,0.0,0.0,0.0,0.0,28.939875000272878,0.0,0.0,0.0,0.0,0.0
2040-11-17 20:00:00,0.0,0.0,0.0,0.0,0.0,29.64462500018999,0.0,0.0,0.0,0.0,0.0
2040-11-17 21:00:00,0.0,0.0,0.0,0.0,0.0,31.909875000244938,0.0,0.0,0.0,0.0,0.0
2040-11-17 22:00:00,0.0,0.0,0.0,0.0,0.0,34.72425000020303,0.0,0.0,0.0,0.0,0.0
2040-11-17 23:00:00,0.0,0.0,0.0,0.0,0.0,31.667750000255182,0.0,0.0,0.0,0.0,0.0
2040-11-18 00:00:00,0.0,0.0,0.0,0.0,0.0,27.634875000221655,0.0,0.0,0.0,0.0,0.0
2040-11-18 01:00:00,0.0,0.0,0.0,0.0,0.0,23.95200000028126,0.0,0.0,0.0,0.0,0.0
2040-11-18 02:00:00,0.0,0.0,0.0,0.0,0.0,22.306625000201166,0.0,0.0,0.0,0.0,0.0
2040-11-18 03:00:00,0.0,0.0,0.0,0.0,0.0,21.604875000193715,0.0,0.0,0.0,0.0,0.0
2040-11-18 04:00:00,0.0,0.0,0.0,0.0,0.0,21.26712500024587,0.0,0.0,0.0,0.0,0.0
2040-11-18 05:00:00,0.0,0.0,0.0,0.0,0.0,20.655375000205822,0.0,0.0,0.0,0.0,0.0
2040-11-18 06:00:00,0.0,0.0,0.0,0.0,0.0,23.206125000258908,0.0,0.0,0.0,0.0,0.0
2040-11-18 07:00:00,0.0,0.0,0.0,0.0,0.0,27.636875000200234,0.0,0.0,0.0,0.0,0.0
2040-11-18 08:00:00,0.0,0.0,0.0,0.0,0.0,31.570500000263564,0.0,0.0,0.0,0.0,0.0
2040-11-18 09:00:00,0.0,0.0,0.0,0.0,0.0,35.20187500026077,0.0,0.0,0.0,0.0,0.0
2040-11-18 10:00:00,0.0,0.0,0.0,0.0,0.0,36.92087500018533,0.0,0.0,0.0,0.0,0.0
2040-11-18 11:00:00,0.0,0.0,0.0,0.0,0.0,38.350875000236556,0.0,0.0,0.0,0.0,0.0
2040-11-18 12:00:00,0.0,0.0,0.0,0.0,0.0,38.240375000284985,0.0,0.0,0.0,0.0,0.0
2040-11-18 13:00:00,0.0,0.0,0.0,0.0,0.0,36.42550000024494,0.0,0.0,0.0,0.0,0.0
2040-11-18 14:00:00,0.0,0.0,0.0,0.0,0.0,37.48337500018533,0.0,0.0,0.0,0.0,0.0
2040-11-18 15:00:00,0.0,0.0,0.0,0.0,0.0,37.47375000023749,0.0,0.0,0.0,0.0,0.0
2040-11-18 16:00:00,0.0,0.0,0.0,0.0,0.0,37.02025000017602,0.0,0.0,0.0,0.0,0.0
2040-11-18 17:00:00,0.0,0.0,0.0,0.0,0.0,36.23725000023842,0.0,0.0,0.0,0.0,0.0
2040-11-18 18:00:00,0.0,0.0,0.0,0.0,0.0,35.60400000028312,0.0,0.0,0.0,0.0,0.0
2040-11-18 19:00:00,0.0,0.0,0.0,0.0,0.0,33.382125000236556,0.0,0.0,0.0,0.0,0.0
2040-11-18 20:00:00,0.0,0.0,0.0,0.0,0.0,32.49637500022072,0.0,0.0,0.0,0.0,0.0
2040-11-18 21:00:00,0.0,0.0,0.0,0.0,0.0,32.94212500017602,0.0,0.0,0.0,0.0,0.0
2040-11-18 22:00:00,0.0,0.0,0.0,0.0,0.0,34.50875000027008,0.0,0.0,0.0,0.0,0.0
2040-11-18 23:00:00,0.0,0.0,0.0,0.0,0.0,30.927125000278465,0.0,0.0,0.0,0.0,0.0
2040-11-19 00:00:00,0.0,0.0,0.0,0.0,0.0,27.614250000216998,0.0,0.0,0.0,0.0,0.0
2040-11-19 01:00:00,0.0,0.0,0.0,0.0,0.0,24.14087500027381,0.0,0.0,0.0,0.0,0.0
2040-11-19 02:00:00,0.0,0.0,0.0,0.0,0.0,22.818250000244007,0.0,0.0,0.0,0.0,0.0
2040-11-19 03:00:00,0.0,0.0,0.0,0.0,0.0,21.757125000236556,0.0,0.0,0.0,0.0,0.0
2040-11-19 04:00:00,0.0,0.0,0.0,0.0,0.0,21.308375000255182,0.0,0.0,0.0,0.0,0.0
2040-11-19 05:00:00,0.0,0.0,0.0,0.0,0.0,20.121500000241213,0.0,0.0,0.0,0.0,0.0
2040-11-19 06:00:00,0.0,0.0,0.0,0.0,0.0,22.54750000021886,0.0,0.0,0.0,0.0,0.0
2040-11-19 07:00:00,0.0,0.0,0.0,0.0,0.0,27.355000000214204,0.0,0.0,0.0,0.0,0.0
2040-11-19 08:00:00,0.0,0.0,0.0,0.0,0.0,30.999000000187742,0.0,0.0,0.0,0.0,0.0
2040-11-19 09:00:00,0.0,0.0,0.0,0.0,0.0,33.56825000024401,0.0,0.0,0.0,0.0,0.0
2040-11-19 10:00:00,0.0,0.0,0.0,0.0,0.0,35.2375000002794,0.0,0.0,0.0,0.0,0.0
2040-11-19 11:00:00,0.0,0.0,0.0,0.0,0.0,36.08362500020303,0.0,0.0,0.0,0.0,0.0
2040-11-19 12:00:00,0.0,0.0,0.0,0.0,0.0,36.10475000028964,0.0,0.0,0.0,0.0,0.0
2040-11-19 13:00:00,0.0,0.0,0.0,0.0,0.0,35.838750000228174,0.0,0.0,0.0,0.0,0.0
2040-11-19 14:00:00,0.0,0.0,0.0,0.0,0.0,36.18325000023469,0.0,0.0,0.0,0.0,0.0
2040-11-19 15:00:00,0.0,0.0,0.0,0.0,0.0,36.5278750002617,0.0,0.0,0.0,0.0,0.0
2040-11-19 16:00:00,0.0,0.0,0.0,0.0,0.0,35.19950000022072,0.0,0.0,0.0,0.0,0.0
2040-11-19 17:00:00,0.0,0.0,0.0,0.0,0.0,33.96462500025518,0.0,0.0,0.0,0.0,0.0
2040-11-19 18:00:00,0.0,0.0,0.0,0.0,0.0,32.871250000200234,0.0,0.0,0.0,0.0,0.0
2040-11-19 19:00:00,0.0,0.0,0.0,0.0,0.0,33.65200000023469,0.0,0.0,0.0,0.0,0.0
2040-11-19 20:00:00,0.0,0.0,0.0,0.0,0.0,32.28112500021234,0.0,0.0,0.0,0.0,0.0
2040-11-19 21:00:00,0.0,0.0,0.0,0.0,0.0,31.597375000244938,0.0,0.0,0.0,0.0,0.0
2040-11-19 22:00:00,0.0,0.0,0.0,0.0,0.0,33.01075000024866,0.0,0.0,0.0,0.0,0.0
2040-11-19 23:00:00,0.0,0.0,0.0,0.0,0.0,30.90812500019092,0.0,0.0,0.0,0.0,0.0
2040-11-20 00:00:00,0.0,0.0,0.0,0.0,0.0,27.841500000213273,0.0,0.0,0.0,0.0,0.0
2040-11-20 01:00:00,0.0,0.0,0.0,0.0,0.0,24.316375000285916,0.0,0.0,0.0,0.0,0.0
2040-11-20 02:00:00,0.0,0.0,0.0,0.0,0.0,22.208750000223517,0.0,0.0,0.0,0.0,0.0
2040-11-20 03:00:00,0.0,0.0,0.0,0.0,0.0,21.42312500020489,0.0,0.0,0.0,0.0,0.0
2040-11-20 04:00:00,0.0,0.0,0.0,0.0,0.0,21.221875000279397,0.0,0.0,0.0,0.0,0.0
2040-11-20 05:00:00,0.0,0.0,0.0,0.0,0.0,20.838500000187196,0.0,0.0,0.0,0.0,0.0
2040-11-20 06:00:00,0.0,0.0,0.0,0.0,0.0,22.587250000215136,0.0,0.0,0.0,0.0,0.0
2040-11-20 07:00:00,0.0,0.0,0.0,0.0,0.0,26.54675000021234,0.0,0.0,0.0,0.0,0.0
2040-11-20 08:00:00,0.0,0.0,0.0,0.0,0.0,30.87787500023842,0.0,0.0,0.0,0.0,0.0
2040-11-20 09:00:00,0.0,0.0,0.0,0.0,0.0,34.23300000024028,0.0,0.0,0.0,0.0,0.0
2040-11-20 10:00:00,0.0,0.0,0.0,0.0,0.0,36.38787500024773,0.0,0.0,0.0,0.0,0.0
2040-11-20 11:00:00,0.0,0.0,0.0,0.0,0.0,37.212250000215136,0.0,0.0,0.0,0.0,0.0
2040-11-20 12:00:00,0.0,0.0,0.0,0.0,0.0,37.08700000029057,0.0,0.0,0.0,0.0,0.0
2040-11-20 13:00:00,0.0,0.0,0.0,0.0,0.0,36.81825000024401,0.0,0.0,0.0,0.0,0.0
2040-11-20 14:00:00,0.0,0.0,0.0,0.0,0.0,35.84612500027288,0.0,0.0,0.0,0.0,0.0
2040-11-20 15:00:00,0.0,0.0,0.0,0.0,0.0,35.6326250002021,0.0,0.0,0.0,0.0,0.0
2040-11-20 16:00:00,0.0,0.0,0.0,0.0,0.0,35.01462500018533,0.0,0.0,0.0,0.0,0.0
2040-11-20 17:00:00,0.0,0.0,0.0,0.0,0.0,34.368625000235625,0.0,0.0,0.0,0.0,0.0
2040-11-20 18:00:00,0.0,0.0,0.0,0.0,0.0,33.51025000028312,0.0,0.0,0.0,0.0,0.0
2040-11-20 19:00:00,0.0,0.0,0.0,0.0,0.0,31.758000000263564,0.0,0.0,0.0,0.0,0.0
2040-11-20 20:00:00,0.0,0.0,0.0,0.0,0.0,30.647125000250526,0.0,0.0,0.0,0.0,0.0
2040-11-20 21:00:00,0.0,0.0,0.0,0.0,0.0,32.5921250001993,0.0,0.0,0.0,0.0,0.0
2040-11-20 22:00:00,0.0,0.0,0.0,0.0,0.0,33.729250000207685,0.0,0.0,0.0,0.0,0.0
2040-11-20 23:00:00,0.0,0.0,0.0,0.0,0.0,31.116375000216067,0.0,0.0,0.0,0.0,0.0
2040-11-21 00:00:00,0.0,0.0,0.0,0.0,0.0,28.042000000248663,0.0,0.0,0.0,0.0,0.0
2040-11-21 01:00:00,0.0,0.0,0.0,0.0,0.0,25.14325000019744,0.0,0.0,0.0,0.0,0.0
2040-11-21 02:00:00,0.0,0.0,0.0,0.0,0.0,22.777500000200234,0.0,0.0,0.0,0.0,0.0
2040-11-21 03:00:00,0.0,0.0,0.0,0.0,0.0,22.603500000201166,0.0,0.0,0.0,0.0,0.0
2040-11-21 04:00:00,0.0,0.0,0.0,0.0,0.0,22.005875000264496,0.0,0.0,0.0,0.0,0.0
2040-11-21 05:00:00,0.0,0.0,0.0,0.0,0.0,21.135500000207685,0.0,0.0,0.0,0.0,0.0
2040-11-21 06:00:00,0.0,0.0,0.0,0.0,0.0,22.58075000019744,0.0,0.0,0.0,0.0,0.0
2040-11-21 07:00:00,0.0,0.0,0.0,0.0,0.0,27.491250000195578,0.0,0.0,0.0,0.0,0.0
2040-11-21 08:00:00,0.0,0.0,0.0,0.0,0.0,31.462250000215136,0.0,0.0,0.0,0.0,0.0
2040-11-21 09:00:00,0.0,0.0,0.0,0.0,0.0,34.48937500023749,0.0,0.0,0.0,0.0,0.0
2040-11-21 10:00:00,0.0,0.0,0.0,0.0,0.0,35.75550000020303,0.0,0.0,0.0,0.0,0.0
2040-11-21 11:00:00,0.0,0.0,0.0,0.0,0.0,37.07725000020582,0.0,0.0,0.0,0.0,0.0
2040-11-21 12:00:00,0.0,0.0,0.0,0.0,0.0,38.09112500026822,0.0,0.0,0.0,0.0,0.0
2040-11-21 13:00:00,0.0,0.0,0.0,0.0,0.0,37.73987500020303,0.0,0.0,0.0,0.0,0.0
2040-11-21 14:00:00,0.0,0.0,0.0,0.0,0.0,36.508500000229105,0.0,0.0,0.0,0.0,0.0
2040-11-21 15:00:00,0.0,0.0,0.0,0.0,0.0,37.275000000256114,0.0,0.0,0.0,0.0,0.0
2040-11-21 16:00:00,0.0,0.0,0.0,0.0,0.0,37.18325000023469,0.0,0.0,0.0,0.0,0.0
2040-11-21 17:00:00,0.0,0.0,0.0,0.0,0.0,36.03412500023842,0.0,0.0,0.0,0.0,0.0
2040-11-21 18:00:00,0.0,0.0,0.0,0.0,0.0,34.29437500028871,0.0,0.0,0.0,0.0,0.0
2040-11-21 19:00:00,0.0,0.0,0.0,0.0,0.0,33.84237500024028,0.0,0.0,0.0,0.0,0.0
2040-11-21 20:00:00,0.0,0.0,0.0,0.0,0.0,33.526875000214204,0.0,0.0,0.0,0.0,0.0
2040-11-21 21:00:00,0.0,0.0,0.0,0.0,0.0,34.600875000236556,0.0,0.0,0.0,0.0,0.0
2040-11-21 22:00:00,0.0,0.0,0.0,0.0,0.0,35.010000000242144,0.0,0.0,0.0,0.0,0.0
2040-11-21 23:00:00,0.0,0.0,0.0,0.0,0.0,31.98462500027381,0.0,0.0,0.0,0.0,0.0
2040-11-22 00:00:00,0.0,0.0,0.0,0.0,0.0,28.232125000213273,0.0,0.0,0.0,0.0,0.0
2040-11-22 01:00:00,0.0,0.0,0.0,0.0,0.0,25.115000000223517,0.0,0.0,0.0,0.0,0.0
2040-11-22 02:00:00,0.0,0.0,0.0,0.0,0.0,22.960125000216067,0.0,0.0,0.0,0.0,0.0
2040-11-22 03:00:00,0.0,0.0,0.0,0.0,0.0,22.163500000257045,0.0,0.0,0.0,0.0,0.0
2040-11-22 04:00:00,0.0,0.0,0.0,0.0,0.0,22.103000000235625,0.0,0.0,0.0,0.0,0.0
2040-11-22 05:00:00,0.0,0.0,0.0,0.0,0.0,21.182750000269152,0.0,0.0,0.0,0.0,0.0
2040-11-22 06:00:00,0.0,0.0,0.0,0.0,0.0,22.638375000213273,0.0,0.0,0.0,0.0,0.0
2040-11-22 07:00:00,0.0,0.0,0.0,0.0,0.0,26.2935000002617,0.0,0.0,0.0,0.0,0.0
2040-11-22 08:00:00,0.0,0.0,0.0,0.0,0.0,29.583750000223517,0.0,0.0,0.0,0.0,0.0
2040-11-22 09:00:00,0.0,0.0,0.0,0.0,0.0,32.427750000264496,0.0,0.0,0.0,0.0,0.0
2040-11-22 10:00:00,0.0,0.0,0.0,0.0,0.0,34.44575000018813,0.0,0.0,0.0,0.0,0.0
2040-11-22 11:00:00,0.0,0.0,0.0,0.0,0.0,35.694125000271015,0.0,0.0,0.0,0.0,0.0
2040-11-22 12:00:00,0.0,0.0,0.0,0.0,0.0,36.76575000025332,0.0,0.0,0.0,0.0,0.0
2040-11-22 13:00:00,0.0,0.0,0.0,0.0,0.0,36.67075000028126,0.0,0.0,0.0,0.0,0.0
2040-11-22 14:00:00,0.0,0.0,0.0,0.0,0.0,35.99950000026729,0.0,0.0,0.0,0.0,0.0
2040-11-22 15:00:00,0.0,0.0,0.0,0.0,0.0,36.83062500017695,0.0,0.0,0.0,0.0,0.0
2040-11-22 16:00:00,0.0,0.0,0.0,0.0,0.0,35.509375000256114,0.0,0.0,0.0,0.0,0.0
2040-11-22 17:00:00,0.0,0.0,0.0,0.0,0.0,34.52450000029057,0.0,0.0,0.0,0.0,0.0
2040-11-22 18:00:00,0.0,0.0,0.0,0.0,0.0,36.37587500025984,0.0,0.0,0.0,0.0,0.0
2040-11-22 19:00:00,0.0,0.0,0.0,0.0,0.0,36.01900000020396,0.0,0.0,0.0,0.0,0.0
2040-11-22 20:00:00,0.0,0.0,0.0,0.0,0.0,34.58512500021607,0.0,0.0,0.0,0.0,0.0
2040-11-22 21:00:00,0.0,0.0,0.0,0.0,0.0,35.053375000250526,0.0,0.0,0.0,0.0,0.0
2040-11-22 22:00:00,0.0,0.0,0.0,0.0,0.0,36.46400000026915,0.0,0.0,0.0,0.0,0.0
2040-11-22 23:00:00,0.0,0.0,0.0,0.0,0.0,33.709000000264496,0.0,0.0,0.0,0.0,0.0
2040-11-23 00:00:00,0.0,0.0,0.0,0.0,0.0,28.773750000284053,0.0,0.0,0.0,0.0,0.0
2040-11-23 01:00:00,0.0,0.0,0.0,0.0,0.0,25.587875000201166,0.0,0.0,0.0,0.0,0.0
2040-11-23 02:00:00,0.0,0.0,0.0,0.0,0.0,23.48900000017602,0.0,0.0,0.0,0.0,0.0
2040-11-23 03:00:00,0.0,0.0,0.0,0.0,0.0,22.221750000258908,0.0,0.0,0.0,0.0,0.0
2040-11-23 04:00:00,0.0,0.0,0.0,0.0,0.0,21.583125000237487,0.0,0.0,0.0,0.0,0.0
2040-11-23 05:00:00,0.0,0.0,0.0,0.0,0.0,19.693750000209548,0.0,0.0,0.0,0.0,0.0
2040-11-23 06:00:00,0.0,0.0,0.0,0.0,0.0,19.09300000022631,0.0,0.0,0.0,0.0,0.0
2040-11-23 07:00:00,0.0,0.0,0.0,0.0,0.0,21.07862500019837,0.0,0.0,0.0,0.0,0.0
2040-11-23 08:00:00,0.0,0.0,0.0,0.0,0.0,25.050625000265427,0.0,0.0,0.0,0.0,0.0
2040-11-23 09:00:00,0.0,0.0,0.0,0.0,0.0,29.253875000285916,0.0,0.0,0.0,0.0,0.0
2040-11-23 10:00:00,0.0,0.0,0.0,0.0,0.0,31.730875000241213,0.0,0.0,0.0,0.0,0.0
2040-11-23 11:00:00,0.0,0.0,0.0,0.0,0.0,33.42725000018254,0.0,0.0,0.0,0.0,0.0
2040-11-23 12:00:00,0.0,0.0,0.0,0.0,0.0,34.758000000263564,0.0,0.0,0.0,0.0,0.0
2040-11-23 13:00:00,0.0,0.0,0.0,0.0,0.0,35.09462500025984,0.0,0.0,0.0,0.0,0.0
2040-11-23 14:00:00,0.0,0.0,0.0,0.0,0.0,34.18462500022724,0.0,0.0,0.0,0.0,0.0
2040-11-23 15:00:00,0.0,0.0,0.0,0.0,0.0,33.91250000020955,0.0,0.0,0.0,0.0,0.0
2040-11-23 16:00:00,0.0,0.0,0.0,0.0,0.0,34.68675000022631,0.0,0.0,0.0,0.0,0.0
2040-11-23 17:00:00,0.0,0.0,0.0,0.0,0.0,31.812875000177883,0.0,0.0,0.0,0.0,0.0
2040-11-23 18:00:00,0.0,0.0,0.0,0.0,0.0,29.916625000187196,0.0,0.0,0.0,0.0,0.0
2040-11-23 19:00:00,0.0,0.0,0.0,0.0,0.0,29.7365000002319,0.0,0.0,0.0,0.0,0.0
2040-11-23 20:00:00,0.0,0.0,0.0,0.0,0.0,29.456125000258908,0.0,0.0,0.0,0.0,0.0
2040-11-23 21:00:00,0.0,0.0,0.0,0.0,0.0,30.903250000206754,0.0,0.0,0.0,0.0,0.0
2040-11-23 22:00:00,0.0,0.0,0.0,0.0,0.0,33.199250000179745,0.0,0.0,0.0,0.0,0.0
2040-11-23 23:00:00,0.0,0.0,0.0,0.0,0.0,31.81000000028871,0.0,0.0,0.0,0.0,0.0
2040-11-24 00:00:00,0.0,0.0,0.0,0.0,0.0,29.06062500027474,0.0,0.0,0.0,0.0,0.0
2040-11-24 01:00:00,0.0,0.0,0.0,0.0,0.0,26.499750000191852,0.0,0.0,0.0,0.0,0.0
2040-11-24 02:00:00,0.0,0.0,0.0,0.0,0.0,23.9212500002468,0.0,0.0,0.0,0.0,0.0
2040-11-24 03:00:00,0.0,0.0,0.0,0.0,0.0,22.62175000028219,0.0,0.0,0.0,0.0,0.0
2040-11-24 04:00:00,0.0,0.0,0.0,0.0,0.0,21.849000000278465,0.0,0.0,0.0,0.0,0.0
2040-11-24 05:00:00,0.0,0.0,0.0,0.0,0.0,19.72425000020303,0.0,0.0,0.0,0.0,0.0
2040-11-24 06:00:00,0.0,0.0,0.0,0.0,0.0,18.467750000185333,0.0,0.0,0.0,0.0,0.0
2040-11-24 07:00:00,0.0,0.0,0.0,0.0,0.0,19.425000000287227,0.0,0.0,0.0,0.0,0.0
2040-11-24 08:00:00,0.0,0.0,0.0,0.0,0.0,21.196500000194646,0.0,0.0,0.0,0.0,0.0
2040-11-24 09:00:00,0.0,0.0,0.0,0.0,0.0,24.20862500020303,0.0,0.0,0.0,0.0,0.0
2040-11-24 10:00:00,0.0,0.0,0.0,0.0,0.0,26.73687500017695,0.0,0.0,0.0,0.0,0.0
2040-11-24 11:00:00,0.0,0.0,0.0,0.0,0.0,28.834375000209548,0.0,0.0,0.0,0.0,0.0
2040-11-24 12:00:00,0.0,0.0,0.0,0.0,0.0,30.73625000019092,0.0,0.0,0.0,0.0,0.0
2040-11-24 13:00:00,0.0,0.0,0.0,0.0,0.0,31.98525000025984,0.0,0.0,0.0,0.0,0.0
2040-11-24 14:00:00,0.0,0.0,0.0,0.0,0.0,31.67537500022445,0.0,0.0,0.0,0.0,0.0
2040-11-24 15:00:00,0.0,0.0,0.0,0.0,0.0,30.87312500027474,0.0,0.0,0.0,0.0,0.0
2040-11-24 16:00:00,0.0,0.0,0.0,0.0,0.0,30.30300000018906,0.0,0.0,0.0,0.0,0.0
2040-11-24 17:00:00,0.0,0.0,0.0,0.0,0.0,30.067750000278465,0.0,0.0,0.0,0.0,0.0
2040-11-24 18:00:00,0.0,0.0,0.0,0.0,0.0,30.09337500028778,0.0,0.0,0.0,0.0,0.0
2040-11-24 19:00:00,0.0,0.0,0.0,0.0,0.0,30.686000000219792,0.0,0.0,0.0,0.0,0.0
2040-11-24 20:00:00,0.0,0.0,0.0,0.0,0.0,31.41100000019651,0.0,0.0,0.0,0.0,0.0
2040-11-24 21:00:00,0.0,0.0,0.0,0.0,0.0,32.67550000024494,0.0,0.0,0.0,0.0,0.0
2040-11-24 22:00:00,0.0,0.0,0.0,0.0,0.0,34.418750000186265,0.0,0.0,0.0,0.0,0.0
2040-11-24 23:00:00,0.0,0.0,0.0,0.0,0.0,31.936500000185333,0.0,0.0,0.0,0.0,0.0
2040-11-25 00:00:00,0.0,0.0,0.0,0.0,0.0,28.682000000262633,0.0,0.0,0.0,0.0,0.0
2040-11-25 01:00:00,0.0,0.0,0.0,0.0,0.0,25.152500000200234,0.0,0.0,0.0,0.0,0.0
2040-11-25 02:00:00,0.0,0.0,0.0,0.0,0.0,22.900625000242144,0.0,0.0,0.0,0.0,0.0
2040-11-25 03:00:00,0.0,0.0,0.0,0.0,0.0,21.957625000271946,0.0,0.0,0.0,0.0,0.0
2040-11-25 04:00:00,0.0,0.0,0.0,0.0,0.0,21.61200000019744,0.0,0.0,0.0,0.0,0.0
2040-11-25 05:00:00,0.0,0.0,0.0,0.0,0.0,20.6243750002468,0.0,0.0,0.0,0.0,0.0
2040-11-25 06:00:00,0.0,0.0,0.0,0.0,0.0,23.06575000018347,0.0,0.0,0.0,0.0,0.0
2040-11-25 07:00:00,0.0,0.0,0.0,0.0,0.0,26.612375000258908,0.0,0.0,0.0,0.0,0.0
2040-11-25 08:00:00,0.0,0.0,0.0,0.0,0.0,30.310875000199303,0.0,0.0,0.0,0.0,0.0
2040-11-25 09:00:00,0.0,0.0,0.0,0.0,0.0,34.71775000018533,0.0,0.0,0.0,0.0,0.0
2040-11-25 10:00:00,0.0,0.0,0.0,0.0,0.0,36.28625000023749,0.0,0.0,0.0,0.0,0.0
2040-11-25 11:00:00,0.0,0.0,0.0,0.0,0.0,37.6417500001844,0.0,0.0,0.0,0.0,0.0
2040-11-25 12:00:00,0.0,0.0,0.0,0.0,0.0,38.08350000018254,0.0,0.0,0.0,0.0,0.0
2040-11-25 13:00:00,0.0,0.0,0.0,0.0,0.0,37.848625000217,0.0,0.0,0.0,0.0,0.0
2040-11-25 14:00:00,0.0,0.0,0.0,0.0,0.0,37.210375000257045,0.0,0.0,0.0,0.0,0.0
2040-11-25 15:00:00,0.0,0.0,0.0,0.0,0.0,37.01237500028219,0.0,0.0,0.0,0.0,0.0
2040-11-25 16:00:00,0.0,0.0,0.0,0.0,0.0,37.05162500019651,0.0,0.0,0.0,0.0,0.0
2040-11-25 17:00:00,0.0,0.0,0.0,0.0,0.0,35.80775000026915,0.0,0.0,0.0,0.0,0.0
2040-11-25 18:00:00,0.0,0.0,0.0,0.0,0.0,34.9827500001993,0.0,0.0,0.0,0.0,0.0
2040-11-25 19:00:00,0.0,0.0,0.0,0.0,0.0,34.712500000256114,0.0,0.0,0.0,0.0,0.0
2040-11-25 20:00:00,0.0,0.0,0.0,0.0,0.0,34.20787500019651,0.0,0.0,0.0,0.0,0.0
2040-11-25 21:00:00,0.0,0.0,0.0,0.0,0.0,33.86137500021141,0.0,0.0,0.0,0.0,0.0
2040-11-25 22:00:00,0.0,0.0,0.0,0.0,0.0,36.04712500027381,0.0,0.0,0.0,0.0,0.0
2040-11-25 23:00:00,0.0,0.0,0.0,0.0,0.0,33.04975000023842,0.0,0.0,0.0,0.0,0.0
2040-11-26 00:00:00,0.0,0.0,0.0,0.0,0.0,28.31062500027474,0.0,0.0,0.0,0.0,0.0
2040-11-26 01:00:00,0.0,0.0,0.0,0.0,0.0,25.298000000184402,0.0,0.0,0.0,0.0,0.0
2040-11-26 02:00:00,0.0,0.0,0.0,0.0,0.0,23.527500000200234,0.0,0.0,0.0,0.0,0.0
2040-11-26 03:00:00,0.0,0.0,0.0,0.0,0.0,22.428125000209548,0.0,0.0,0.0,0.0,0.0
2040-11-26 04:00:00,0.0,0.0,0.0,0.0,0.0,22.142375000286847,0.0,0.0,0.0,0.0,0.0
2040-11-26 05:00:00,0.0,0.0,0.0,0.0,0.0,20.962500000256114,0.0,0.0,0.0,0.0,0.0
2040-11-26 06:00:00,0.0,0.0,0.0,0.0,0.0,23.292750000255182,0.0,0.0,0.0,0.0,0.0
2040-11-26 07:00:00,0.0,0.0,0.0,0.0,0.0,27.385500000207685,0.0,0.0,0.0,0.0,0.0
2040-11-26 08:00:00,0.0,0.0,0.0,0.0,0.0,30.91162500018254,0.0,0.0,0.0,0.0,0.0
2040-11-26 09:00:00,0.0,0.0,0.0,0.0,0.0,34.118750000256114,0.0,0.0,0.0,0.0,0.0
2040-11-26 10:00:00,0.0,0.0,0.0,0.0,0.0,35.682500000228174,0.0,0.0,0.0,0.0,0.0
2040-11-26 11:00:00,0.0,0.0,0.0,0.0,0.0,36.445250000222586,0.0,0.0,0.0,0.0,0.0
2040-11-26 12:00:00,0.0,0.0,0.0,0.0,0.0,37.25625000020955,0.0,0.0,0.0,0.0,0.0
2040-11-26 13:00:00,0.0,0.0,0.0,0.0,0.0,36.85337500018068,0.0,0.0,0.0,0.0,0.0
2040-11-26 14:00:00,0.0,0.0,0.0,0.0,0.0,35.73725000023842,0.0,0.0,0.0,0.0,0.0
2040-11-26 15:00:00,0.0,0.0,0.0,0.0,0.0,35.83225000021048,0.0,0.0,0.0,0.0,0.0
2040-11-26 16:00:00,0.0,0.0,0.0,0.0,0.0,35.692375000217,0.0,0.0,0.0,0.0,0.0
2040-11-26 17:00:00,0.0,0.0,0.0,0.0,0.0,34.98412500019185,0.0,0.0,0.0,0.0,0.0
2040-11-26 18:00:00,0.0,0.0,0.0,0.0,0.0,34.310750000178814,0.0,0.0,0.0,0.0,0.0
2040-11-26 19:00:00,0.0,0.0,0.0,0.0,0.0,34.16187500022352,0.0,0.0,0.0,0.0,0.0
2040-11-26 20:00:00,0.0,0.0,0.0,0.0,0.0,33.68812500021886,0.0,0.0,0.0,0.0,0.0
2040-11-26 21:00:00,0.0,0.0,0.0,0.0,0.0,33.319000000250526,0.0,0.0,0.0,0.0,0.0
2040-11-26 22:00:00,0.0,0.0,0.0,0.0,0.0,34.879875000217,0.0,0.0,0.0,0.0,0.0
2040-11-26 23:00:00,0.0,0.0,0.0,0.0,0.0,32.11237500025891,0.0,0.0,0.0,0.0,0.0
2040-11-27 00:00:00,0.0,0.0,0.0,0.0,0.0,28.62562500021886,0.0,0.0,0.0,0.0,0.0
2040-11-27 01:00:00,0.0,0.0,0.0,0.0,0.0,25.40162500028964,0.0,0.0,0.0,0.0,0.0
2040-11-27 02:00:00,0.0,0.0,0.0,0.0,0.0,23.76900000020396,0.0,0.0,0.0,0.0,0.0
2040-11-27 03:00:00,0.0,0.0,0.0,0.0,0.0,23.18887500022538,0.0,0.0,0.0,0.0,0.0
2040-11-27 04:00:00,0.0,0.0,0.0,0.0,0.0,22.56237500021234,0.0,0.0,0.0,0.0,0.0
2040-11-27 05:00:00,0.0,0.0,0.0,0.0,0.0,20.98525000025984,0.0,0.0,0.0,0.0,0.0
2040-11-27 06:00:00,0.0,0.0,0.0,0.0,0.0,23.81050000025425,0.0,0.0,0.0,0.0,0.0
2040-11-27 07:00:00,0.0,0.0,0.0,0.0,0.0,27.555250000208616,0.0,0.0,0.0,0.0,0.0
2040-11-27 08:00:00,0.0,0.0,0.0,0.0,0.0,31.149875000235625,0.0,0.0,0.0,0.0,0.0
2040-11-27 09:00:00,0.0,0.0,0.0,0.0,0.0,34.06337500025984,0.0,0.0,0.0,0.0,0.0
2040-11-27 10:00:00,0.0,0.0,0.0,0.0,0.0,35.65987500024494,0.0,0.0,0.0,0.0,0.0
2040-11-27 11:00:00,0.0,0.0,0.0,0.0,0.0,36.683000000193715,0.0,0.0,0.0,0.0,0.0
2040-11-27 12:00:00,0.0,0.0,0.0,0.0,0.0,36.97337500017602,0.0,0.0,0.0,0.0,0.0
2040-11-27 13:00:00,0.0,0.0,0.0,0.0,0.0,36.49312500027008,0.0,0.0,0.0,0.0,0.0
2040-11-27 14:00:00,0.0,0.0,0.0,0.0,0.0,35.83975000027567,0.0,0.0,0.0,0.0,0.0
2040-11-27 15:00:00,0.0,0.0,0.0,0.0,0.0,35.89012500026729,0.0,0.0,0.0,0.0,0.0
2040-11-27 16:00:00,0.0,0.0,0.0,0.0,0.0,35.90700000023935,0.0,0.0,0.0,0.0,0.0
2040-11-27 17:00:00,0.0,0.0,0.0,0.0,0.0,34.95450000022538,0.0,0.0,0.0,0.0,0.0
2040-11-27 18:00:00,0.0,0.0,0.0,0.0,0.0,34.287750000250526,0.0,0.0,0.0,0.0,0.0
2040-11-27 19:00:00,0.0,0.0,0.0,0.0,0.0,33.8743750002468,0.0,0.0,0.0,0.0,0.0
2040-11-27 20:00:00,0.0,0.0,0.0,0.0,0.0,33.10925000021234,0.0,0.0,0.0,0.0,0.0
2040-11-27 21:00:00,0.0,0.0,0.0,0.0,0.0,32.84550000028685,0.0,0.0,0.0,0.0,0.0
2040-11-27 22:00:00,0.0,0.0,0.0,0.0,0.0,34.77450000029057,0.0,0.0,0.0,0.0,0.0
2040-11-27 23:00:00,0.0,0.0,0.0,0.0,0.0,32.586125000263564,0.0,0.0,0.0,0.0,0.0
2040-11-28 00:00:00,0.0,0.0,0.0,0.0,0.0,28.68487500026822,0.0,0.0,0.0,0.0,0.0
2040-11-28 01:00:00,0.0,0.0,0.0,0.0,0.0,25.857125000213273,0.0,0.0,0.0,0.0,0.0
2040-11-28 02:00:00,0.0,0.0,0.0,0.0,0.0,24.022625000216067,0.0,0.0,0.0,0.0,0.0
2040-11-28 03:00:00,0.0,0.0,0.0,0.0,0.0,22.908000000286847,0.0,0.0,0.0,0.0,0.0
2040-11-28 04:00:00,0.0,0.0,0.0,0.0,0.0,22.211875000270084,0.0,0.0,0.0,0.0,0.0
2040-11-28 05:00:00,0.0,0.0,0.0,0.0,0.0,20.901500000269152,0.0,0.0,0.0,0.0,0.0
2040-11-28 06:00:00,0.0,0.0,0.0,0.0,0.0,22.78000000026077,0.0,0.0,0.0,0.0,0.0
2040-11-28 07:00:00,0.0,0.0,0.0,0.0,0.0,26.081875000265427,0.0,0.0,0.0,0.0,0.0
2040-11-28 08:00:00,0.0,0.0,0.0,0.0,0.0,29.04975000023842,0.0,0.0,0.0,0.0,0.0
2040-11-28 09:00:00,0.0,0.0,0.0,0.0,0.0,31.752375000272878,0.0,0.0,0.0,0.0,0.0
2040-11-28 10:00:00,0.0,0.0,0.0,0.0,0.0,33.74900000018533,0.0,0.0,0.0,0.0,0.0
2040-11-28 11:00:00,0.0,0.0,0.0,0.0,0.0,35.397750000236556,0.0,0.0,0.0,0.0,0.0
2040-11-28 12:00:00,0.0,0.0,0.0,0.0,0.0,36.582625000271946,0.0,0.0,0.0,0.0,0.0
2040-11-28 13:00:00,0.0,0.0,0.0,0.0,0.0,36.215625000186265,0.0,0.0,0.0,0.0,0.0
2040-11-28 14:00:00,0.0,0.0,0.0,0.0,0.0,34.87400000018533,0.0,0.0,0.0,0.0,0.0
2040-11-28 15:00:00,0.0,0.0,0.0,0.0,0.0,36.12675000028685,0.0,0.0,0.0,0.0,0.0
2040-11-28 16:00:00,0.0,0.0,0.0,0.0,0.0,36.12662500026636,0.0,0.0,0.0,0.0,0.0
2040-11-28 17:00:00,0.0,0.0,0.0,0.0,0.0,35.14387500018347,0.0,0.0,0.0,0.0,0.0
2040-11-28 18:00:00,0.0,0.0,0.0,0.0,0.0,34.45037500024773,0.0,0.0,0.0,0.0,0.0
2040-11-28 19:00:00,0.0,0.0,0.0,0.0,0.0,33.97175000025891,0.0,0.0,0.0,0.0,0.0
2040-11-28 20:00:00,0.0,0.0,0.0,0.0,0.0,32.99537500028964,0.0,0.0,0.0,0.0,0.0
2040-11-28 21:00:00,0.0,0.0,0.0,0.0,0.0,32.9028750002617,0.0,0.0,0.0,0.0,0.0
2040-11-28 22:00:00,0.0,0.0,0.0,0.0,0.0,36.45600000023842,0.0,0.0,0.0,0.0,0.0
2040-11-28 23:00:00,0.0,0.0,0.0,0.0,0.0,33.536500000278465,0.0,0.0,0.0,0.0,0.0
2040-11-29 00:00:00,0.0,0.0,0.0,0.0,0.0,27.821750000235625,0.0,0.0,0.0,0.0,0.0
2040-11-29 01:00:00,0.0,0.0,0.0,0.0,0.0,23.95600000023842,0.0,0.0,0.0,0.0,0.0
2040-11-29 02:00:00,0.0,0.0,0.0,0.0,0.0,22.316250000265427,0.0,0.0,0.0,0.0,0.0
2040-11-29 03:00:00,0.0,0.0,0.0,0.0,0.0,21.17375000019092,0.0,0.0,0.0,0.0,0.0
2040-11-29 04:00:00,0.0,0.0,0.0,0.0,0.0,20.492250000243075,0.0,0.0,0.0,0.0,0.0
2040-11-29 05:00:00,0.0,0.0,0.0,0.0,0.0,20.07550000026822,0.0,0.0,0.0,0.0,0.0
2040-11-29 06:00:00,0.0,0.0,0.0,0.0,0.0,21.98625000019092,0.0,0.0,0.0,0.0,0.0
2040-11-29 07:00:00,0.0,0.0,0.0,0.0,0.0,25.133250000188127,0.0,0.0,0.0,0.0,0.0
2040-11-29 08:00:00,0.0,0.0,0.0,0.0,0.0,29.027000000234693,0.0,0.0,0.0,0.0,0.0
2040-11-29 09:00:00,0.0,0.0,0.0,0.0,0.0,33.0480000001844,0.0,0.0,0.0,0.0,0.0
2040-11-29 10:00:00,0.0,0.0,0.0,0.0,0.0,34.992250000243075,0.0,0.0,0.0,0.0,0.0
2040-11-29 11:00:00,0.0,0.0,0.0,0.0,0.0,36.305500000249594,0.0,0.0,0.0,0.0,0.0
2040-11-29 12:00:00,0.0,0.0,0.0,0.0,0.0,36.65650000027381,0.0,0.0,0.0,0.0,0.0
2040-11-29 13:00:00,0.0,0.0,0.0,0.0,0.0,36.25300000025891,0.0,0.0,0.0,0.0,0.0
2040-11-29 14:00:00,0.0,0.0,0.0,0.0,0.0,35.62025000026915,0.0,0.0,0.0,0.0,0.0
2040-11-29 15:00:00,0.0,0.0,0.0,0.0,0.0,35.68150000018068,0.0,0.0,0.0,0.0,0.0
2040-11-29 16:00:00,0.0,0.0,0.0,0.0,0.0,34.56800000020303,0.0,0.0,0.0,0.0,0.0
2040-11-29 17:00:00,0.0,0.0,0.0,0.0,0.0,33.95050000026822,0.0,0.0,0.0,0.0,0.0
2040-11-29 18:00:00,0.0,0.0,0.0,0.0,0.0,34.10050000017509,0.0,0.0,0.0,0.0,0.0
2040-11-29 19:00:00,0.0,0.0,0.0,0.0,0.0,33.89050000021234,0.0,0.0,0.0,0.0,0.0
2040-11-29 20:00:00,0.0,0.0,0.0,0.0,0.0,33.52800000028219,0.0,0.0,0.0,0.0,0.0
2040-11-29 21:00:00,0.0,0.0,0.0,0.0,0.0,33.76475000020582,0.0,0.0,0.0,0.0,0.0
2040-11-29 22:00:00,0.0,0.0,0.0,0.0,0.0,36.212250000215136,0.0,0.0,0.0,0.0,0.0
2040-11-29 23:00:00,0.0,0.0,0.0,0.0,0.0,34.00875000027008,0.0,0.0,0.0,0.0,0.0
2040-11-30 00:00:00,0.0,0.0,0.0,0.0,0.0,29.681750000221655,0.0,0.0,0.0,0.0,0.0
2040-11-30 01:00:00,0.0,0.0,0.0,0.0,0.0,26.275000000256114,0.0,0.0,0.0,0.0,0.0
2040-11-30 02:00:00,0.0,0.0,0.0,0.0,0.0,22.751750000286847,0.0,0.0,0.0,0.0,0.0
2040-11-30 03:00:00,0.0,0.0,0.0,0.0,0.0,21.667000000248663,0.0,0.0,0.0,0.0,0.0
2040-11-30 04:00:00,0.0,0.0,0.0,0.0,0.0,20.669750000233762,0.0,0.0,0.0,0.0,0.0
2040-11-30 05:00:00,0.0,0.0,0.0,0.0,0.0,19.27800000028219,0.0,0.0,0.0,0.0,0.0
2040-11-30 06:00:00,0.0,0.0,0.0,0.0,0.0,19.58425000018906,0.0,0.0,0.0,0.0,0.0
2040-11-30 07:00:00,0.0,0.0,0.0,0.0,0.0,21.0625,0.0,0.0,0.0,0.0,0.0
2040-11-30 08:00:00,0.0,0.0,0.0,0.0,0.0,23.369500000262157,0.0,0.0,0.0,0.0,0.0
2040-11-30 09:00:00,0.0,0.0,0.0,0.0,0.0,27.04550000024028,0.0,0.0,0.0,0.0,0.0
2040-11-30 10:00:00,0.0,0.0,0.0,0.0,0.0,30.057750000269152,0.0,0.0,0.0,0.0,0.0
2040-11-30 11:00:00,0.0,0.0,0.0,0.0,0.0,31.82775000028778,0.0,0.0,0.0,0.0,0.0
2040-11-30 12:00:00,0.0,0.0,0.0,0.0,0.0,32.81675000023097,0.0,0.0,0.0,0.0,0.0
2040-11-30 13:00:00,0.0,0.0,0.0,0.0,0.0,33.35950000025332,0.0,0.0,0.0,0.0,0.0
2040-11-30 14:00:00,0.0,0.0,0.0,0.0,0.0,32.25100000028033,0.0,0.0,0.0,0.0,0.0
2040-11-30 15:00:00,0.0,0.0,0.0,0.0,0.0,32.3670000002021,0.0,0.0,0.0,0.0,0.0
2040-11-30 16:00:00,0.0,0.0,0.0,0.0,0.0,30.9212500002468,0.0,0.0,0.0,0.0,0.0
2040-11-30 17:00:00,0.0,0.0,0.0,0.0,0.0,30.34850000019651,0.0,0.0,0.0,0.0,0.0
2040-11-30 18:00:00,0.0,0.0,0.0,0.0,0.0,30.671000000205822,0.0,0.0,0.0,0.0,0.0
2040-11-30 19:00:00,0.0,0.0,0.0,0.0,0.0,29.75475000019651,0.0,0.0,0.0,0.0,0.0
2040-11-30 20:00:00,0.0,0.0,0.0,0.0,0.0,29.18825000023935,0.0,0.0,0.0,0.0,0.0
2040-11-30 21:00:00,0.0,0.0,0.0,0.0,0.0,29.09175000025425,0.0,0.0,0.0,0.0,0.0
2040-11-30 22:00:00,0.0,0.0,0.0,0.0,0.0,31.10050000017509,0.0,0.0,0.0,0.0,0.0
2040-11-30 23:00:00,0.0,0.0,0.0,0.0,0.0,30.272000000230037,0.0,0.0,0.0,0.0,0.0
2040-12-01 00:00:00,0.0,0.0,0.0,0.0,0.0,117.48065495382572,0.0,0.0,0.0,0.0,0.0
2040-12-01 01:00:00,0.0,0.0,0.0,0.0,0.0,25.40825000021141,0.0,0.0,0.0,0.0,0.0
2040-12-01 02:00:00,0.0,0.0,0.0,0.0,0.0,23.802000000257976,0.0,0.0,0.0,0.0,0.0
2040-12-01 03:00:00,0.0,0.0,0.0,0.0,0.0,22.993750000256114,0.0,0.0,0.0,0.0,0.0
2040-12-01 04:00:00,0.0,0.0,0.0,0.0,0.0,21.460750000202097,0.0,0.0,0.0,0.0,0.0
2040-12-01 05:00:00,0.0,0.0,0.0,0.0,0.0,19.401750000193715,0.0,0.0,0.0,0.0,0.0
2040-12-01 06:00:00,0.0,0.0,0.0,0.0,0.0,17.977500000270084,0.0,0.0,0.0,0.0,0.0
2040-12-01 07:00:00,0.0,0.0,0.0,0.0,0.0,18.393750000279397,0.0,0.0,0.0,0.0,0.0
2040-12-01 08:00:00,0.0,0.0,0.0,0.0,0.0,19.72975000028964,0.0,0.0,0.0,0.0,0.0
2040-12-01 09:00:00,0.0,0.0,0.0,0.0,0.0,22.64150000025984,0.0,0.0,0.0,0.0,0.0
2040-12-01 10:00:00,0.0,0.0,0.0,0.0,0.0,24.278500000247735,0.0,0.0,0.0,0.0,0.0
2040-12-01 11:00:00,0.0,0.0,0.0,0.0,0.0,26.87850000022445,0.0,0.0,0.0,0.0,0.0
2040-12-01 12:00:00,0.0,0.0,0.0,0.0,0.0,28.678250000230037,0.0,0.0,0.0,0.0,0.0
2040-12-01 13:00:00,0.0,0.0,0.0,0.0,0.0,30.129500000271946,0.0,0.0,0.0,0.0,0.0
2040-12-01 14:00:00,0.0,0.0,0.0,0.0,0.0,30.10950000025332,0.0,0.0,0.0,0.0,0.0
2040-12-01 15:00:00,0.0,0.0,0.0,0.0,0.0,29.412250000284985,0.0,0.0,0.0,0.0,0.0
2040-12-01 16:00:00,0.0,0.0,0.0,0.0,0.0,28.961000000243075,0.0,0.0,0.0,0.0,0.0
2040-12-01 17:00:00,0.0,0.0,0.0,0.0,0.0,28.78275000024587,0.0,0.0,0.0,0.0,0.0
2040-12-01 18:00:00,0.0,0.0,0.0,0.0,0.0,28.76750000019092,0.0,0.0,0.0,0.0,0.0
2040-12-01 19:00:00,0.0,0.0,0.0,0.0,0.0,29.14250000019092,0.0,0.0,0.0,0.0,0.0
2040-12-01 20:00:00,0.0,0.0,0.0,0.0,0.0,29.475750000216067,0.0,0.0,0.0,0.0,0.0
2040-12-01 21:00:00,0.0,0.0,0.0,0.0,0.0,29.912750000250526,0.0,0.0,0.0,0.0,0.0
2040-12-01 22:00:00,0.0,0.0,0.0,0.0,0.0,32.13875000027474,0.0,0.0,0.0,0.0,0.0
2040-12-01 23:00:00,0.0,0.0,0.0,0.0,0.0,31.330500000272878,0.0,0.0,0.0,0.0,0.0
2040-12-02 00:00:00,0.0,0.0,0.0,0.0,0.0,27.50475000019651,0.0,0.0,0.0,0.0,0.0
2040-12-02 01:00:00,0.0,0.0,0.0,0.0,0.0,23.960500000277534,0.0,0.0,0.0,0.0,0.0
2040-12-02 02:00:00,0.0,0.0,0.0,0.0,0.0,21.613750000251457,0.0,0.0,0.0,0.0,0.0
2040-12-02 03:00:00,0.0,0.0,0.0,0.0,0.0,20.74050000018906,0.0,0.0,0.0,0.0,0.0
2040-12-02 04:00:00,0.0,0.0,0.0,0.0,0.0,19.879500000271946,0.0,0.0,0.0,0.0,0.0
2040-12-02 05:00:00,0.0,0.0,0.0,0.0,0.0,18.506500000250526,0.0,0.0,0.0,0.0,0.0
2040-12-02 06:00:00,0.0,0.0,0.0,0.0,0.0,19.654500000178814,0.0,0.0,0.0,0.0,0.0
2040-12-02 07:00:00,0.0,0.0,0.0,0.0,0.0,24.353750000244375,0.0,0.0,0.0,0.0,0.0
2040-12-02 08:00:00,0.0,0.0,0.0,0.0,0.0,28.076500000199303,0.0,0.0,0.0,0.0,0.0
2040-12-02 09:00:00,0.0,0.0,0.0,0.0,0.0,30.679750000243075,0.0,0.0,0.0,0.0,0.0
2040-12-02 10:00:00,0.0,0.0,0.0,0.0,0.0,33.12300000025425,0.0,0.0,0.0,0.0,0.0
2040-12-02 11:00:00,0.0,0.0,0.0,0.0,0.0,34.62375000026077,0.0,0.0,0.0,0.0,0.0
2040-12-02 12:00:00,0.0,0.0,0.0,0.0,0.0,35.36475000018254,0.0,0.0,0.0,0.0,0.0
2040-12-02 13:00:00,0.0,0.0,0.0,0.0,0.0,35.431750000221655,0.0,0.0,0.0,0.0,0.0
2040-12-02 14:00:00,0.0,0.0,0.0,0.0,0.0,34.55825000023469,0.0,0.0,0.0,0.0,0.0
2040-12-02 15:00:00,0.0,0.0,0.0,0.0,0.0,34.196750000235625,0.0,0.0,0.0,0.0,0.0
2040-12-02 16:00:00,0.0,0.0,0.0,0.0,0.0,33.97375000023749,0.0,0.0,0.0,0.0,0.0
2040-12-02 17:00:00,0.0,0.0,0.0,0.0,0.0,33.08350000018254,0.0,0.0,0.0,0.0,0.0
2040-12-02 18:00:00,0.0,0.0,0.0,0.0,0.0,32.74075000023004,0.0,0.0,0.0,0.0,0.0
2040-12-02 19:00:00,0.0,0.0,0.0,0.0,0.0,32.22550000017509,0.0,0.0,0.0,0.0,0.0
2040-12-02 20:00:00,0.0,0.0,0.0,0.0,0.0,31.488250000285916,0.0,0.0,0.0,0.0,0.0
2040-12-02 21:00:00,0.0,0.0,0.0,0.0,0.0,30.85750000027474,0.0,0.0,0.0,0.0,0.0
2040-12-02 22:00:00,0.0,0.0,0.0,0.0,0.0,32.71925000019837,0.0,0.0,0.0,0.0,0.0
2040-12-02 23:00:00,0.0,0.0,0.0,0.0,0.0,31.897750000238045,0.0,0.0,0.0,0.0,0.0
2040-12-03 00:00:00,0.0,0.0,0.0,0.0,0.0,28.2865000002785,0.0,0.0,0.0,0.0,0.0
2040-12-03 01:00:00,0.0,0.0,0.0,0.0,0.0,24.916750000207685,0.0,0.0,0.0,0.0,0.0
2040-12-03 02:00:00,0.0,0.0,0.0,0.0,0.0,22.37575000023935,0.0,0.0,0.0,0.0,0.0
2040-12-03 03:00:00,0.0,0.0,0.0,0.0,0.0,22.480000000214204,0.0,0.0,0.0,0.0,0.0
2040-12-03 04:00:00,0.0,0.0,0.0,0.0,0.0,21.79875000019092,0.0,0.0,0.0,0.0,0.0
2040-12-03 05:00:00,0.0,0.0,0.0,0.0,0.0,21.019500000285916,0.0,0.0,0.0,0.0,0.0
2040-12-03 06:00:00,0.0,0.0,0.0,0.0,0.0,22.45200000028126,0.0,0.0,0.0,0.0,0.0
2040-12-03 07:00:00,0.0,0.0,0.0,0.0,0.0,25.923250000227966,0.0,0.0,0.0,0.0,0.0
2040-12-03 08:00:00,0.0,0.0,0.0,0.0,0.0,29.43350000027567,0.0,0.0,0.0,0.0,0.0
2040-12-03 09:00:00,0.0,0.0,0.0,0.0,0.0,33.06175000023289,0.0,0.0,0.0,0.0,0.0
2040-12-03 10:00:00,0.0,0.0,0.0,0.0,0.0,35.898500000243075,0.0,0.0,0.0,0.0,0.0
2040-12-03 11:00:00,0.0,0.0,0.0,0.0,0.0,36.15475000021979,0.0,0.0,0.0,0.0,0.0
2040-12-03 12:00:00,0.0,0.0,0.0,0.0,0.0,36.51700000022538,0.0,0.0,0.0,0.0,0.0
2040-12-03 13:00:00,0.0,0.0,0.0,0.0,0.0,36.84475000028033,0.0,0.0,0.0,0.0,0.0
2040-12-03 14:00:00,0.0,0.0,0.0,0.0,0.0,36.4562500002794,0.0,0.0,0.0,0.0,0.0
2040-12-03 15:00:00,0.0,0.0,0.0,0.0,0.0,36.36575000023004,0.0,0.0,0.0,0.0,0.0
2040-12-03 16:00:00,0.0,0.0,0.0,0.0,0.0,36.114250000217,0.0,0.0,0.0,0.0,0.0
2040-12-03 17:00:00,0.0,0.0,0.0,0.0,0.0,35.195500000263564,0.0,0.0,0.0,0.0,0.0
2040-12-03 18:00:00,0.0,0.0,0.0,0.0,0.0,34.22500000020955,0.0,0.0,0.0,0.0,0.0
2040-12-03 19:00:00,0.0,0.0,0.0,0.0,0.0,33.67175000021406,0.0,0.0,0.0,0.0,0.0
2040-12-03 20:00:00,0.0,0.0,0.0,0.0,0.0,31.665500000235625,0.0,0.0,0.0,0.0,0.0
2040-12-03 21:00:00,0.0,0.0,0.0,0.0,0.0,31.135000000242144,0.0,0.0,0.0,0.0,0.0
2040-12-03 22:00:00,0.0,0.0,0.0,0.0,0.0,32.668750000186265,0.0,0.0,0.0,0.0,0.0
2040-12-03 23:00:00,0.0,0.0,0.0,0.0,0.0,33.28200000023935,0.0,0.0,0.0,0.0,0.0
2040-12-04 00:00:00,0.0,0.0,0.0,0.0,0.0,29.40300000028219,0.0,0.0,0.0,0.0,0.0
2040-12-04 01:00:00,0.0,0.0,0.0,0.0,0.0,25.071000000229105,0.0,0.0,0.0,0.0,0.0
2040-12-04 02:00:00,0.0,0.0,0.0,0.0,0.0,23.024750000215136,0.0,0.0,0.0,0.0,0.0
2040-12-04 03:00:00,0.0,0.0,0.0,0.0,0.0,21.491250000195578,0.0,0.0,0.0,0.0,0.0
2040-12-04 04:00:00,0.0,0.0,0.0,0.0,0.0,20.831750000244938,0.0,0.0,0.0,0.0,0.0
2040-12-04 05:00:00,0.0,0.0,0.0,0.0,0.0,19.132250000257045,0.0,0.0,0.0,0.0,0.0
2040-12-04 06:00:00,0.0,0.0,0.0,0.0,0.0,20.841000000247732,0.0,0.0,0.0,0.0,0.0
2040-12-04 07:00:00,0.0,0.0,0.0,0.0,0.0,25.51425000024028,0.0,0.0,0.0,0.0,0.0
2040-12-04 08:00:00,0.0,0.0,0.0,0.0,0.0,29.389750000205822,0.0,0.0,0.0,0.0,0.0
2040-12-04 09:00:00,0.0,0.0,0.0,0.0,0.0,32.47100000025239,0.0,0.0,0.0,0.0,0.0
2040-12-04 10:00:00,0.0,0.0,0.0,0.0,0.0,34.102750000194646,0.0,0.0,0.0,0.0,0.0
2040-12-04 11:00:00,0.0,0.0,0.0,0.0,0.0,35.40900000021793,0.0,0.0,0.0,0.0,0.0
2040-12-04 12:00:00,0.0,0.0,0.0,0.0,0.0,36.06800000020303,0.0,0.0,0.0,0.0,0.0
2040-12-04 13:00:00,0.0,0.0,0.0,0.0,0.0,36.29400000022743,0.0,0.0,0.0,0.0,0.0
2040-12-04 14:00:00,0.0,0.0,0.0,0.0,0.0,35.66825000022072,0.0,0.0,0.0,0.0,0.0
2040-12-04 15:00:00,0.0,0.0,0.0,0.0,0.0,35.8715000002414,0.0,0.0,0.0,0.0,0.0
2040-12-04 16:00:00,0.0,0.0,0.0,0.0,0.0,35.479250000207685,0.0,0.0,0.0,0.0,0.0
2040-12-04 17:00:00,0.0,0.0,0.0,0.0,0.0,34.8045000002021,0.0,0.0,0.0,0.0,0.0
2040-12-04 18:00:00,0.0,0.0,0.0,0.0,0.0,34.13600000028964,0.0,0.0,0.0,0.0,0.0
2040-12-04 19:00:00,0.0,0.0,0.0,0.0,0.0,33.43800000019837,0.0,0.0,0.0,0.0,0.0
2040-12-04 20:00:00,0.0,0.0,0.0,0.0,0.0,33.01650000025984,0.0,0.0,0.0,0.0,0.0
2040-12-04 21:00:00,0.0,0.0,0.0,0.0,0.0,32.636250000214204,0.0,0.0,0.0,0.0,0.0
2040-12-04 22:00:00,0.0,0.0,0.0,0.0,0.0,33.86025000025984,0.0,0.0,0.0,0.0,0.0
2040-12-04 23:00:00,0.0,0.0,0.0,0.0,0.0,33.65425000025425,0.0,0.0,0.0,0.0,0.0
2040-12-05 00:00:00,0.0,0.0,0.0,0.0,0.0,30.038750000181608,0.0,0.0,0.0,0.0,0.0
2040-12-05 01:00:00,0.0,0.0,0.0,0.0,0.0,26.831250000279397,0.0,0.0,0.0,0.0,0.0
2040-12-05 02:00:00,0.0,0.0,0.0,0.0,0.0,24.291750000207685,0.0,0.0,0.0,0.0,0.0
2040-12-05 03:00:00,0.0,0.0,0.0,0.0,0.0,22.91725000028964,0.0,0.0,0.0,0.0,0.0
2040-12-05 04:00:00,0.0,0.0,0.0,0.0,0.0,21.9,0.0,0.0,0.0,0.0,0.0
2040-12-05 05:00:00,0.0,0.0,0.0,0.0,0.0,21.486750000272878,0.0,0.0,0.0,0.0,0.0
2040-12-05 06:00:00,0.0,0.0,0.0,0.0,0.0,21.964250000193715,0.0,0.0,0.0,0.0,0.0
2040-12-05 07:00:00,0.0,0.0,0.0,0.0,0.0,26.37575000023935,0.0,0.0,0.0,0.0,0.0
2040-12-05 08:00:00,0.0,0.0,0.0,0.0,0.0,30.245500000193715,0.0,0.0,0.0,0.0,0.0
2040-12-05 09:00:00,0.0,0.0,0.0,0.0,0.0,34.16450000018813,0.0,0.0,0.0,0.0,0.0
2040-12-05 10:00:00,0.0,0.0,0.0,0.0,0.0,36.402500000200234,0.0,0.0,0.0,0.0,0.0
2040-12-05 11:00:00,0.0,0.0,0.0,0.0,0.0,37.73775000020396,0.0,0.0,0.0,0.0,0.0
2040-12-05 12:00:00,0.0,0.0,0.0,0.0,0.0,37.53950000018813,0.0,0.0,0.0,0.0,0.0
2040-12-05 13:00:00,0.0,0.0,0.0,0.0,0.0,37.388250000192784,0.0,0.0,0.0,0.0,0.0
2040-12-05 14:00:00,0.0,0.0,0.0,0.0,0.0,37.1400000002468,0.0,0.0,0.0,0.0,0.0
2040-12-05 15:00:00,0.0,0.0,0.0,0.0,0.0,37.40350000024773,0.0,0.0,0.0,0.0,0.0
2040-12-05 16:00:00,0.0,0.0,0.0,0.0,0.0,36.770500000217,0.0,0.0,0.0,0.0,0.0
2040-12-05 17:00:00,0.0,0.0,0.0,0.0,0.0,35.821750000235625,0.0,0.0,0.0,0.0,0.0
2040-12-05 18:00:00,0.0,0.0,0.0,0.0,0.0,34.85400000028312,0.0,0.0,0.0,0.0,0.0
2040-12-05 19:00:00,0.0,0.0,0.0,0.0,0.0,34.30975000024773,0.0,0.0,0.0,0.0,0.0
2040-12-05 20:00:00,0.0,0.0,0.0,0.0,0.0,33.804250000277534,0.0,0.0,0.0,0.0,0.0
2040-12-05 21:00:00,0.0,0.0,0.0,0.0,0.0,33.321500000194646,0.0,0.0,0.0,0.0,0.0
2040-12-05 22:00:00,0.0,0.0,0.0,0.0,0.0,34.38050000020303,0.0,0.0,0.0,0.0,0.0
2040-12-05 23:00:00,0.0,0.0,0.0,0.0,0.0,33.65625,0.0,0.0,0.0,0.0,0.0
2040-12-06 00:00:00,0.0,0.0,0.0,0.0,0.0,29.75675000017509,0.0,0.0,0.0,0.0,0.0
2040-12-06 01:00:00,0.0,0.0,0.0,0.0,0.0,26.33100000023842,0.0,0.0,0.0,0.0,0.0
2040-12-06 02:00:00,0.0,0.0,0.0,0.0,0.0,24.01825000019744,0.0,0.0,0.0,0.0,0.0
2040-12-06 03:00:00,0.0,0.0,0.0,0.0,0.0,23.323750000214204,0.0,0.0,0.0,0.0,0.0
2040-12-06 04:00:00,0.0,0.0,0.0,0.0,0.0,22.40625,0.0,0.0,0.0,0.0,0.0
2040-12-06 05:00:00,0.0,0.0,0.0,0.0,0.0,21.151750000193715,0.0,0.0,0.0,0.0,0.0
2040-12-06 06:00:00,0.0,0.0,0.0,0.0,0.0,21.526750000193715,0.0,0.0,0.0,0.0,0.0
2040-12-06 07:00:00,0.0,0.0,0.0,0.0,0.0,25.26425000024028,0.0,0.0,0.0,0.0,0.0
2040-12-06 08:00:00,0.0,0.0,0.0,0.0,0.0,28.86100000026636,0.0,0.0,0.0,0.0,0.0
2040-12-06 09:00:00,0.0,0.0,0.0,0.0,0.0,33.974000000278465,0.0,0.0,0.0,0.0,0.0
2040-12-06 10:00:00,0.0,0.0,0.0,0.0,0.0,36.980000000214204,0.0,0.0,0.0,0.0,0.0
2040-12-06 11:00:00,0.0,0.0,0.0,0.0,0.0,38.14525000017602,0.0,0.0,0.0,0.0,0.0
2040-12-06 12:00:00,0.0,0.0,0.0,0.0,0.0,38.40475000021979,0.0,0.0,0.0,0.0,0.0
2040-12-06 13:00:00,0.0,0.0,0.0,0.0,0.0,37.95650000020396,0.0,0.0,0.0,0.0,0.0
2040-12-06 14:00:00,0.0,0.0,0.0,0.0,0.0,37.15950000018347,0.0,0.0,0.0,0.0,0.0
2040-12-06 15:00:00,0.0,0.0,0.0,0.0,0.0,37.2640000001993,0.0,0.0,0.0,0.0,0.0
2040-12-06 16:00:00,0.0,0.0,0.0,0.0,0.0,36.90075000026263,0.0,0.0,0.0,0.0,0.0
2040-12-06 17:00:00,0.0,0.0,0.0,0.0,0.0,35.636750000179745,0.0,0.0,0.0,0.0,0.0
2040-12-06 18:00:00,0.0,0.0,0.0,0.0,0.0,35.570500000263564,0.0,0.0,0.0,0.0,0.0
2040-12-06 19:00:00,0.0,0.0,0.0,0.0,0.0,34.88700000022072,0.0,0.0,0.0,0.0,0.0
2040-12-06 20:00:00,0.0,0.0,0.0,0.0,0.0,34.29850000026636,0.0,0.0,0.0,0.0,0.0
2040-12-06 21:00:00,0.0,0.0,0.0,0.0,0.0,33.52650000026915,0.0,0.0,0.0,0.0,0.0
2040-12-06 22:00:00,0.0,0.0,0.0,0.0,0.0,34.56925000017509,0.0,0.0,0.0,0.0,0.0
2040-12-06 23:00:00,0.0,0.0,0.0,0.0,0.0,35.070500000263564,0.0,0.0,0.0,0.0,0.0
2040-12-07 00:00:00,0.0,0.0,0.0,0.0,0.0,30.492500000284053,0.0,0.0,0.0,0.0,0.0
2040-12-07 01:00:00,0.0,0.0,0.0,0.0,0.0,27.478500000201166,0.0,0.0,0.0,0.0,0.0
2040-12-07 02:00:00,0.0,0.0,0.0,0.0,0.0,24.648000000277534,0.0,0.0,0.0,0.0,0.0
2040-12-07 03:00:00,0.0,0.0,0.0,0.0,0.0,23.021500000264496,0.0,0.0,0.0,0.0,0.0
2040-12-07 04:00:00,0.0,0.0,0.0,0.0,0.0,22.071500000194646,0.0,0.0,0.0,0.0,0.0
2040-12-07 05:00:00,0.0,0.0,0.0,0.0,0.0,20.23775000020396,0.0,0.0,0.0,0.0,0.0
2040-12-07 06:00:00,0.0,0.0,0.0,0.0,0.0,19.64250000019092,0.0,0.0,0.0,0.0,0.0
2040-12-07 07:00:00,0.0,0.0,0.0,0.0,0.0,20.822750000283122,0.0,0.0,0.0,0.0,0.0
2040-12-07 08:00:00,0.0,0.0,0.0,0.0,0.0,23.32700000028126,0.0,0.0,0.0,0.0,0.0
2040-12-07 09:00:00,0.0,0.0,0.0,0.0,0.0,27.09850000019651,0.0,0.0,0.0,0.0,0.0
2040-12-07 10:00:00,0.0,0.0,0.0,0.0,0.0,29.73250000027474,0.0,0.0,0.0,0.0,0.0
2040-12-07 11:00:00,0.0,0.0,0.0,0.0,0.0,31.709500000230037,0.0,0.0,0.0,0.0,0.0
2040-12-07 12:00:00,0.0,0.0,0.0,0.0,0.0,31.844750000280328,0.0,0.0,0.0,0.0,0.0
2040-12-07 13:00:00,0.0,0.0,0.0,0.0,0.0,32.692000000271946,0.0,0.0,0.0,0.0,0.0
2040-12-07 14:00:00,0.0,0.0,0.0,0.0,0.0,31.961250000284053,0.0,0.0,0.0,0.0,0.0
2040-12-07 15:00:00,0.0,0.0,0.0,0.0,0.0,31.021500000264496,0.0,0.0,0.0,0.0,0.0
2040-12-07 16:00:00,0.0,0.0,0.0,0.0,0.0,30.352750000194646,0.0,0.0,0.0,0.0,0.0
2040-12-07 17:00:00,0.0,0.0,0.0,0.0,0.0,29.522750000236556,0.0,0.0,0.0,0.0,0.0
2040-12-07 18:00:00,0.0,0.0,0.0,0.0,0.0,29.1400000002468,0.0,0.0,0.0,0.0,0.0
2040-12-07 19:00:00,0.0,0.0,0.0,0.0,0.0,29.275750000262633,0.0,0.0,0.0,0.0,0.0
2040-12-07 20:00:00,0.0,0.0,0.0,0.0,0.0,29.849750000284985,0.0,0.0,0.0,0.0,0.0
2040-12-07 21:00:00,0.0,0.0,0.0,0.0,0.0,29.654750000219792,0.0,0.0,0.0,0.0,0.0
2040-12-07 22:00:00,0.0,0.0,0.0,0.0,0.0,30.936500000185333,0.0,0.0,0.0,0.0,0.0
2040-12-07 23:00:00,0.0,0.0,0.0,0.0,0.0,31.05,0.0,0.0,0.0,0.0,0.0
2040-12-08 00:00:00,0.0,0.0,0.0,0.0,0.0,28.610500000184402,0.0,0.0,0.0,0.0,0.0
2040-12-08 01:00:00,0.0,0.0,0.0,0.0,0.0,25.86075000022538,0.0,0.0,0.0,0.0,0.0
2040-12-08 02:00:00,0.0,0.0,0.0,0.0,0.0,23.588500000187196,0.0,0.0,0.0,0.0,0.0
2040-12-08 03:00:00,0.0,0.0,0.0,0.0,0.0,22.285500000230968,0.0,0.0,0.0,0.0,0.0
2040-12-08 04:00:00,0.0,0.0,0.0,0.0,0.0,20.559750000247732,0.0,0.0,0.0,0.0,0.0
2040-12-08 05:00:00,0.0,0.0,0.0,0.0,0.0,18.64250000019092,0.0,0.0,0.0,0.0,0.0
2040-12-08 06:00:00,0.0,0.0,0.0,0.0,0.0,18.026750000193715,0.0,0.0,0.0,0.0,0.0
2040-12-08 07:00:00,0.0,0.0,0.0,0.0,0.0,18.245000000228174,0.0,0.0,0.0,0.0,0.0
2040-12-08 08:00:00,0.0,0.0,0.0,0.0,0.0,19.28400000021793,0.0,0.0,0.0,0.0,0.0
2040-12-08 09:00:00,0.0,0.0,0.0,0.0,0.0,21.615250000264496,0.0,0.0,0.0,0.0,0.0
2040-12-08 10:00:00,0.0,0.0,0.0,0.0,0.0,24.124000000185333,0.0,0.0,0.0,0.0,0.0
2040-12-08 11:00:00,0.0,0.0,0.0,0.0,0.0,26.76425000024028,0.0,0.0,0.0,0.0,0.0
2040-12-08 12:00:00,0.0,0.0,0.0,0.0,0.0,28.09725000022445,0.0,0.0,0.0,0.0,0.0
2040-12-08 13:00:00,0.0,0.0,0.0,0.0,0.0,29.139750000205822,0.0,0.0,0.0,0.0,0.0
2040-12-08 14:00:00,0.0,0.0,0.0,0.0,0.0,29.54700000025332,0.0,0.0,0.0,0.0,0.0
2040-12-08 15:00:00,0.0,0.0,0.0,0.0,0.0,30.069500000216067,0.0,0.0,0.0,0.0,0.0
2040-12-08 16:00:00,0.0,0.0,0.0,0.0,0.0,29.453500000177883,0.0,0.0,0.0,0.0,0.0
2040-12-08 17:00:00,0.0,0.0,0.0,0.0,0.0,29.40225000027567,0.0,0.0,0.0,0.0,0.0
2040-12-08 18:00:00,0.0,0.0,0.0,0.0,0.0,29.721750000258908,0.0,0.0,0.0,0.0,0.0
2040-12-08 19:00:00,0.0,0.0,0.0,0.0,0.0,30.74950000026729,0.0,0.0,0.0,0.0,0.0
2040-12-08 20:00:00,0.0,0.0,0.0,0.0,0.0,31.475000000209548,0.0,0.0,0.0,0.0,0.0
2040-12-08 21:00:00,0.0,0.0,0.0,0.0,0.0,32.17225000017788,0.0,0.0,0.0,0.0,0.0
2040-12-08 22:00:00,0.0,0.0,0.0,0.0,0.0,33.15950000018347,0.0,0.0,0.0,0.0,0.0
2040-12-08 23:00:00,0.0,0.0,0.0,0.0,0.0,31.982000000192784,0.0,0.0,0.0,0.0,0.0
2040-12-09 00:00:00,0.0,0.0,0.0,0.0,0.0,28.01850000023842,0.0,0.0,0.0,0.0,0.0
2040-12-09 01:00:00,0.0,0.0,0.0,0.0,0.0,24.522000000230037,0.0,0.0,0.0,0.0,0.0
2040-12-09 02:00:00,0.0,0.0,0.0,0.0,0.0,22.168250000220723,0.0,0.0,0.0,0.0,0.0
2040-12-09 03:00:00,0.0,0.0,0.0,0.0,0.0,21.48725000023842,0.0,0.0,0.0,0.0,0.0
2040-12-09 04:00:00,0.0,0.0,0.0,0.0,0.0,20.95650000020396,0.0,0.0,0.0,0.0,0.0
2040-12-09 05:00:00,0.0,0.0,0.0,0.0,0.0,21.182500000228174,0.0,0.0,0.0,0.0,0.0
2040-12-09 06:00:00,0.0,0.0,0.0,0.0,0.0,21.604000000283122,0.0,0.0,0.0,0.0,0.0
2040-12-09 07:00:00,0.0,0.0,0.0,0.0,0.0,26.03375000017695,0.0,0.0,0.0,0.0,0.0
2040-12-09 08:00:00,0.0,0.0,0.0,0.0,0.0,30.00550000020303,0.0,0.0,0.0,0.0,0.0
2040-12-09 09:00:00,0.0,0.0,0.0,0.0,0.0,35.12900000018999,0.0,0.0,0.0,0.0,0.0
2040-12-09 10:00:00,0.0,0.0,0.0,0.0,0.0,37.42525000020396,0.0,0.0,0.0,0.0,0.0
2040-12-09 11:00:00,0.0,0.0,0.0,0.0,0.0,38.71200000029057,0.0,0.0,0.0,0.0,0.0
2040-12-09 12:00:00,0.0,0.0,0.0,0.0,0.0,38.92625000025146,0.0,0.0,0.0,0.0,0.0
2040-12-09 13:00:00,0.0,0.0,0.0,0.0,0.0,39.06475000025239,0.0,0.0,0.0,0.0,0.0
2040-12-09 14:00:00,0.0,0.0,0.0,0.0,0.0,37.632750000222586,0.0,0.0,0.0,0.0,0.0
2040-12-09 15:00:00,0.0,0.0,0.0,0.0,0.0,37.556250000256114,0.0,0.0,0.0,0.0,0.0
2040-12-09 16:00:00,0.0,0.0,0.0,0.0,0.0,37.492750000208616,0.0,0.0,0.0,0.0,0.0
2040-12-09 17:00:00,0.0,0.0,0.0,0.0,0.0,36.84425000019837,0.0,0.0,0.0,0.0,0.0
2040-12-09 18:00:00,0.0,0.0,0.0,0.0,0.0,34.31550000025891,0.0,0.0,0.0,0.0,0.0
2040-12-09 19:00:00,0.0,0.0,0.0,0.0,0.0,33.791250000242144,0.0,0.0,0.0,0.0,0.0
2040-12-09 20:00:00,0.0,0.0,0.0,0.0,0.0,33.26300000026822,0.0,0.0,0.0,0.0,0.0
2040-12-09 21:00:00,0.0,0.0,0.0,0.0,0.0,32.55300000018906,0.0,0.0,0.0,0.0,0.0
2040-12-09 22:00:00,0.0,0.0,0.0,0.0,0.0,33.50225000025239,0.0,0.0,0.0,0.0,0.0
2040-12-09 23:00:00,0.0,0.0,0.0,0.0,0.0,33.3045000002021,0.0,0.0,0.0,0.0,0.0
2040-12-10 00:00:00,0.0,0.0,0.0,0.0,0.0,29.182250000187196,0.0,0.0,0.0,0.0,0.0
2040-12-10 01:00:00,0.0,0.0,0.0,0.0,0.0,25.986750000272878,0.0,0.0,0.0,0.0,0.0
2040-12-10 02:00:00,0.0,0.0,0.0,0.0,0.0,23.386750000179745,0.0,0.0,0.0,0.0,0.0
2040-12-10 03:00:00,0.0,0.0,0.0,0.0,0.0,22.040500000235625,0.0,0.0,0.0,0.0,0.0
2040-12-10 04:00:00,0.0,0.0,0.0,0.0,0.0,21.71950000023935,0.0,0.0,0.0,0.0,0.0
2040-12-10 05:00:00,0.0,0.0,0.0,0.0,0.0,20.652750000241213,0.0,0.0,0.0,0.0,0.0
2040-12-10 06:00:00,0.0,0.0,0.0,0.0,0.0,21.263500000233762,0.0,0.0,0.0,0.0,0.0
2040-12-10 07:00:00,0.0,0.0,0.0,0.0,0.0,24.900500000221655,0.0,0.0,0.0,0.0,0.0
2040-12-10 08:00:00,0.0,0.0,0.0,0.0,0.0,28.141750000184402,0.0,0.0,0.0,0.0,0.0
2040-12-10 09:00:00,0.0,0.0,0.0,0.0,0.0,31.635000000242144,0.0,0.0,0.0,0.0,0.0
2040-12-10 10:00:00,0.0,0.0,0.0,0.0,0.0,33.52900000021327,0.0,0.0,0.0,0.0,0.0
2040-12-10 11:00:00,0.0,0.0,0.0,0.0,0.0,34.4497500002617,0.0,0.0,0.0,0.0,0.0
2040-12-10 12:00:00,0.0,0.0,0.0,0.0,0.0,34.98350000020582,0.0,0.0,0.0,0.0,0.0
2040-12-10 13:00:00,0.0,0.0,0.0,0.0,0.0,35.51350000023376,0.0,0.0,0.0,0.0,0.0
2040-12-10 14:00:00,0.0,0.0,0.0,0.0,0.0,35.458000000217,0.0,0.0,0.0,0.0,0.0
2040-12-10 15:00:00,0.0,0.0,0.0,0.0,0.0,35.19775000028312,0.0,0.0,0.0,0.0,0.0
2040-12-10 16:00:00,0.0,0.0,0.0,0.0,0.0,34.647750000236556,0.0,0.0,0.0,0.0,0.0
2040-12-10 17:00:00,0.0,0.0,0.0,0.0,0.0,33.786500000278465,0.0,0.0,0.0,0.0,0.0
2040-12-10 18:00:00,0.0,0.0,0.0,0.0,0.0,32.675750000285916,0.0,0.0,0.0,0.0,0.0
2040-12-10 19:00:00,0.0,0.0,0.0,0.0,0.0,32.93800000019837,0.0,0.0,0.0,0.0,0.0
2040-12-10 20:00:00,0.0,0.0,0.0,0.0,0.0,32.71875,0.0,0.0,0.0,0.0,0.0
2040-12-10 21:00:00,0.0,0.0,0.0,0.0,0.0,32.59325000026729,0.0,0.0,0.0,0.0,0.0
2040-12-10 22:00:00,0.0,0.0,0.0,0.0,0.0,33.901000000187196,0.0,0.0,0.0,0.0,0.0
2040-12-10 23:00:00,0.0,0.0,0.0,0.0,0.0,33.47125000017695,0.0,0.0,0.0,0.0,0.0
2040-12-11 00:00:00,0.0,0.0,0.0,0.0,0.0,29.709750000271015,0.0,0.0,0.0,0.0,0.0
2040-12-11 01:00:00,0.0,0.0,0.0,0.0,0.0,25.961000000243075,0.0,0.0,0.0,0.0,0.0
2040-12-11 02:00:00,0.0,0.0,0.0,0.0,0.0,23.8900000002468,0.0,0.0,0.0,0.0,0.0
2040-12-11 03:00:00,0.0,0.0,0.0,0.0,0.0,22.965750000206754,0.0,0.0,0.0,0.0,0.0
2040-12-11 04:00:00,0.0,0.0,0.0,0.0,0.0,22.141750000184402,0.0,0.0,0.0,0.0,0.0
2040-12-11 05:00:00,0.0,0.0,0.0,0.0,0.0,21.22975000028964,0.0,0.0,0.0,0.0,0.0
2040-12-11 06:00:00,0.0,0.0,0.0,0.0,0.0,21.80925000028219,0.0,0.0,0.0,0.0,0.0
2040-12-11 07:00:00,0.0,0.0,0.0,0.0,0.0,25.761500000255182,0.0,0.0,0.0,0.0,0.0
2040-12-11 08:00:00,0.0,0.0,0.0,0.0,0.0,30.514750000205822,0.0,0.0,0.0,0.0,0.0
2040-12-11 09:00:00,0.0,0.0,0.0,0.0,0.0,35.47975000028964,0.0,0.0,0.0,0.0,0.0
2040-12-11 10:00:00,0.0,0.0,0.0,0.0,0.0,36.930500000249594,0.0,0.0,0.0,0.0,0.0
2040-12-11 11:00:00,0.0,0.0,0.0,0.0,0.0,38.63075000024401,0.0,0.0,0.0,0.0,0.0
2040-12-11 12:00:00,0.0,0.0,0.0,0.0,0.0,39.18850000028033,0.0,0.0,0.0,0.0,0.0
2040-12-11 13:00:00,0.0,0.0,0.0,0.0,0.0,39.23850000021048,0.0,0.0,0.0,0.0,0.0
2040-12-11 14:00:00,0.0,0.0,0.0,0.0,0.0,37.886750000179745,0.0,0.0,0.0,0.0,0.0
2040-12-11 15:00:00,0.0,0.0,0.0,0.0,0.0,37.388250000192784,0.0,0.0,0.0,0.0,0.0
2040-12-11 16:00:00,0.0,0.0,0.0,0.0,0.0,37.18850000028033,0.0,0.0,0.0,0.0,0.0
2040-12-11 17:00:00,0.0,0.0,0.0,0.0,0.0,36.18675000022631,0.0,0.0,0.0,0.0,0.0
2040-12-11 18:00:00,0.0,0.0,0.0,0.0,0.0,33.71000000019558,0.0,0.0,0.0,0.0,0.0
2040-12-11 19:00:00,0.0,0.0,0.0,0.0,0.0,32.82350000028964,0.0,0.0,0.0,0.0,0.0
2040-12-11 20:00:00,0.0,0.0,0.0,0.0,0.0,32.27525000018068,0.0,0.0,0.0,0.0,0.0
2040-12-11 21:00:00,0.0,0.0,0.0,0.0,0.0,31.535000000265427,0.0,0.0,0.0,0.0,0.0
2040-12-11 22:00:00,0.0,0.0,0.0,0.0,0.0,32.974000000278465,0.0,0.0,0.0,0.0,0.0
2040-12-11 23:00:00,0.0,0.0,0.0,0.0,0.0,33.29550000024028,0.0,0.0,0.0,0.0,0.0
2040-12-12 00:00:00,0.0,0.0,0.0,0.0,0.0,29.60925000021234,0.0,0.0,0.0,0.0,0.0
2040-12-12 01:00:00,0.0,0.0,0.0,0.0,0.0,26.3560000002617,0.0,0.0,0.0,0.0,0.0
2040-12-12 02:00:00,0.0,0.0,0.0,0.0,0.0,23.652000000234693,0.0,0.0,0.0,0.0,0.0
2040-12-12 03:00:00,0.0,0.0,0.0,0.0,0.0,22.571500000194646,0.0,0.0,0.0,0.0,0.0
2040-12-12 04:00:00,0.0,0.0,0.0,0.0,0.0,21.26900000020396,0.0,0.0,0.0,0.0,0.0
2040-12-12 05:00:00,0.0,0.0,0.0,0.0,0.0,20.59425000019837,0.0,0.0,0.0,0.0,0.0
2040-12-12 06:00:00,0.0,0.0,0.0,0.0,0.0,20.492000000202097,0.0,0.0,0.0,0.0,0.0
2040-12-12 07:00:00,0.0,0.0,0.0,0.0,0.0,24.33350000018254,0.0,0.0,0.0,0.0,0.0
2040-12-12 08:00:00,0.0,0.0,0.0,0.0,0.0,28.740000000223517,0.0,0.0,0.0,0.0,0.0
2040-12-12 09:00:00,0.0,0.0,0.0,0.0,0.0,32.215000000200234,0.0,0.0,0.0,0.0,0.0
2040-12-12 10:00:00,0.0,0.0,0.0,0.0,0.0,33.34750000026543,0.0,0.0,0.0,0.0,0.0
2040-12-12 11:00:00,0.0,0.0,0.0,0.0,0.0,34.193500000284985,0.0,0.0,0.0,0.0,0.0
2040-12-12 12:00:00,0.0,0.0,0.0,0.0,0.0,34.98025000025518,0.0,0.0,0.0,0.0,0.0
2040-12-12 13:00:00,0.0,0.0,0.0,0.0,0.0,35.4865000002319,0.0,0.0,0.0,0.0,0.0
2040-12-12 14:00:00,0.0,0.0,0.0,0.0,0.0,35.209750000271015,0.0,0.0,0.0,0.0,0.0
2040-12-12 15:00:00,0.0,0.0,0.0,0.0,0.0,34.59675000025891,0.0,0.0,0.0,0.0,0.0
2040-12-12 16:00:00,0.0,0.0,0.0,0.0,0.0,33.97950000024866,0.0,0.0,0.0,0.0,0.0
2040-12-12 17:00:00,0.0,0.0,0.0,0.0,0.0,33.18425000028219,0.0,0.0,0.0,0.0,0.0
2040-12-12 18:00:00,0.0,0.0,0.0,0.0,0.0,32.20681214169599,0.0,0.0,0.0,0.0,0.0
2040-12-12 19:00:00,0.0,0.0,0.0,0.0,0.0,31.35665026120244,0.0,0.0,0.0,0.0,0.0
2040-12-12 20:00:00,0.0,0.0,0.0,0.0,0.0,31.503962402581237,0.0,0.0,0.0,0.0,0.0
2040-12-12 21:00:00,0.0,0.0,0.0,0.0,0.0,31.82185205107089,0.0,0.0,0.0,0.0,0.0
2040-12-12 22:00:00,0.0,0.0,0.0,0.0,0.0,32.488972168182954,0.0,0.0,0.0,0.0,0.0
2040-12-12 23:00:00,0.0,0.0,0.0,0.0,0.0,31.807626953348517,0.0,0.0,0.0,0.0,0.0
2040-12-13 00:00:00,0.0,0.0,0.0,0.0,0.0,27.829574218951166,0.0,0.0,0.0,0.0,0.0
2040-12-13 01:00:00,0.0,0.0,0.0,0.0,0.0,24.26246484403964,0.0,0.0,0.0,0.0,0.0
2040-12-13 02:00:00,0.0,0.0,0.0,0.0,0.0,22.258938476792537,0.0,0.0,0.0,0.0,0.0
2040-12-13 03:00:00,0.0,0.0,0.0,0.0,0.0,21.244212890858762,0.0,0.0,0.0,0.0,0.0
2040-12-13 04:00:00,0.0,0.0,0.0,0.0,0.0,20.97057226591278,0.0,0.0,0.0,0.0,0.0
2040-12-13 05:00:00,0.0,0.0,0.0,0.0,0.0,19.891531250206754,0.0,0.0,0.0,0.0,0.0
2040-12-13 06:00:00,0.0,0.0,0.0,0.0,0.0,20.397837890894152,0.0,0.0,0.0,0.0,0.0
2040-12-13 07:00:00,0.0,0.0,0.0,0.0,0.0,24.36636523460038,0.0,0.0,0.0,0.0,0.0
2040-12-13 08:00:00,0.0,0.0,0.0,0.0,0.0,28.864261718933832,0.0,0.0,0.0,0.0,0.0
2040-12-13 09:00:00,0.0,0.0,0.0,0.0,0.0,34.40758789086249,0.0,0.0,0.0,0.0,0.0
2040-12-13 10:00:00,0.0,0.0,0.0,0.0,0.0,36.10490234394092,0.0,0.0,0.0,0.0,0.0
2040-12-13 11:00:00,0.0,0.0,0.0,0.0,0.0,37.60572656278964,0.0,0.0,0.0,0.0,0.0
2040-12-13 12:00:00,0.0,0.0,0.0,0.0,0.0,37.62929687520955,0.0,0.0,0.0,0.0,0.0
2040-12-13 13:00:00,0.0,0.0,0.0,0.0,0.0,37.346164062735625,0.0,0.0,0.0,0.0,0.0
2040-12-13 14:00:00,0.0,0.0,0.0,0.0,0.0,36.10919531271793,0.0,0.0,0.0,0.0,0.0
2040-12-13 15:00:00,0.0,0.0,0.0,0.0,0.0,35.50417187518906,0.0,0.0,0.0,0.0,0.0
2040-12-13 16:00:00,0.0,0.0,0.0,0.0,0.0,34.325789062771946,0.0,0.0,0.0,0.0,0.0
2040-12-13 17:00:00,0.0,0.0,0.0,0.0,0.0,33.11457812518347,0.0,0.0,0.0,0.0,0.0
2040-12-13 18:00:00,0.0,0.0,0.0,0.0,0.0,32.4658203125,0.0,0.0,0.0,0.0,0.0
2040-12-13 19:00:00,0.0,0.0,0.0,0.0,0.0,31.101328125223517,0.0,0.0,0.0,0.0,0.0
2040-12-13 20:00:00,0.0,0.0,0.0,0.0,0.0,29.808398437686265,0.0,0.0,0.0,0.0,0.0
2040-12-13 21:00:00,0.0,0.0,0.0,0.0,0.0,30.399089843966067,0.0,0.0,0.0,0.0,0.0
2040-12-13 22:00:00,0.0,0.0,0.0,0.0,0.0,31.62607031268999,0.0,0.0,0.0,0.0,0.0
2040-12-13 23:00:00,0.0,0.0,0.0,0.0,0.0,32.190492187743075,0.0,0.0,0.0,0.0,0.0
2040-12-14 00:00:00,0.0,0.0,0.0,0.0,0.0,29.271695312694646,0.0,0.0,0.0,0.0,0.0
2040-12-14 01:00:00,0.0,0.0,0.0,0.0,0.0,26.102656250237487,0.0,0.0,0.0,0.0,0.0
2040-12-14 02:00:00,0.0,0.0,0.0,0.0,0.0,23.712183594005182,0.0,0.0,0.0,0.0,0.0
2040-12-14 03:00:00,0.0,0.0,0.0,0.0,0.0,23.706914062728174,0.0,0.0,0.0,0.0,0.0
2040-12-14 04:00:00,0.0,0.0,0.0,0.0,0.0,23.011382812750526,0.0,0.0,0.0,0.0,0.0
2040-12-14 05:00:00,0.0,0.0,0.0,0.0,0.0,21.72901562519837,0.0,0.0,0.0,0.0,0.0
2040-12-14 06:00:00,0.0,0.0,0.0,0.0,0.0,20.477468750206754,0.0,0.0,0.0,0.0,0.0
2040-12-14 07:00:00,0.0,0.0,0.0,0.0,0.0,23.245398437720723,0.0,0.0,0.0,0.0,0.0
2040-12-14 08:00:00,0.0,0.0,0.0,0.0,0.0,25.043968750280328,0.0,0.0,0.0,0.0,0.0
2040-12-14 09:00:00,0.0,0.0,0.0,0.0,0.0,29.25688281271141,0.0,0.0,0.0,0.0,0.0
2040-12-14 10:00:00,0.0,0.0,0.0,0.0,0.0,31.914023437770084,0.0,0.0,0.0,0.0,0.0
2040-12-14 11:00:00,0.0,0.0,0.0,0.0,0.0,32.74683593772352,0.0,0.0,0.0,0.0,0.0
2040-12-14 12:00:00,0.0,0.0,0.0,0.0,0.0,33.8154296875,0.0,0.0,0.0,0.0,0.0
2040-12-14 13:00:00,0.0,0.0,0.0,0.0,0.0,35.17510937526822,0.0,0.0,0.0,0.0,0.0
2040-12-14 14:00:00,0.0,0.0,0.0,0.0,0.0,34.05453906278126,0.0,0.0,0.0,0.0,0.0
2040-12-14 15:00:00,0.0,0.0,0.0,0.0,0.0,32.27483593777288,0.0,0.0,0.0,0.0,0.0
2040-12-14 16:00:00,0.0,0.0,0.0,0.0,0.0,30.82705468777567,0.0,0.0,0.0,0.0,0.0
2040-12-14 17:00:00,0.0,0.0,0.0,0.0,0.0,30.279406250221655,0.0,0.0,0.0,0.0,0.0
2040-12-14 18:00:00,0.0,0.0,0.0,0.0,0.0,30.55907031276729,0.0,0.0,0.0,0.0,0.0
2040-12-14 19:00:00,0.0,0.0,0.0,0.0,0.0,30.240640625241213,0.0,0.0,0.0,0.0,0.0
2040-12-14 20:00:00,0.0,0.0,0.0,0.0,0.0,29.98912500019651,0.0,0.0,0.0,0.0,0.0
2040-12-14 21:00:00,0.0,0.0,0.0,0.0,0.0,29.330195312737487,0.0,0.0,0.0,0.0,0.0
2040-12-14 22:00:00,0.0,0.0,0.0,0.0,0.0,31.48232812527567,0.0,0.0,0.0,0.0,0.0
2040-12-14 23:00:00,0.0,0.0,0.0,0.0,0.0,31.565585937700234,0.0,0.0,0.0,0.0,0.0
2040-12-15 00:00:00,0.0,0.0,0.0,0.0,0.0,30.08390625019092,0.0,0.0,0.0,0.0,0.0
2040-12-15 01:00:00,0.0,0.0,0.0,0.0,0.0,26.30841406271793,0.0,0.0,0.0,0.0,0.0
2040-12-15 02:00:00,0.0,0.0,0.0,0.0,0.0,23.284242187743075,0.0,0.0,0.0,0.0,0.0
2040-12-15 03:00:00,0.0,0.0,0.0,0.0,0.0,21.925843750243075,0.0,0.0,0.0,0.0,0.0
2040-12-15 04:00:00,0.0,0.0,0.0,0.0,0.0,20.712375000235625,0.0,0.0,0.0,0.0,0.0
2040-12-15 05:00:00,0.0,0.0,0.0,0.0,0.0,20.18971875018906,0.0,0.0,0.0,0.0,0.0
2040-12-15 06:00:00,0.0,0.0,0.0,0.0,0.0,18.817132812691852,0.0,0.0,0.0,0.0,0.0
2040-12-15 07:00:00,0.0,0.0,0.0,0.0,0.0,18.98682031268254,0.0,0.0,0.0,0.0,0.0
2040-12-15 08:00:00,0.0,0.0,0.0,0.0,0.0,19.647351562744007,0.0,0.0,0.0,0.0,0.0
2040-12-15 09:00:00,0.0,0.0,0.0,0.0,0.0,20.96373437519651,0.0,0.0,0.0,0.0,0.0
2040-12-15 10:00:00,0.0,0.0,0.0,0.0,0.0,23.834804687765427,0.0,0.0,0.0,0.0,0.0
2040-12-15 11:00:00,0.0,0.0,0.0,0.0,0.0,26.232632812694646,0.0,0.0,0.0,0.0,0.0
2040-12-15 12:00:00,0.0,0.0,0.0,0.0,0.0,28.03282812528778,0.0,0.0,0.0,0.0,0.0
2040-12-15 13:00:00,0.0,0.0,0.0,0.0,0.0,29.37707812525332,0.0,0.0,0.0,0.0,0.0
2040-12-15 14:00:00,0.0,0.0,0.0,0.0,0.0,29.307453125249594,0.0,0.0,0.0,0.0,0.0
2040-12-15 15:00:00,0.0,0.0,0.0,0.0,0.0,28.78190625028219,0.0,0.0,0.0,0.0,0.0
2040-12-15 16:00:00,0.0,0.0,0.0,0.0,0.0,28.025406250264496,0.0,0.0,0.0,0.0,0.0
2040-12-15 17:00:00,0.0,0.0,0.0,0.0,0.0,27.784734375192784,0.0,0.0,0.0,0.0,0.0
2040-12-15 18:00:00,0.0,0.0,0.0,0.0,0.0,27.693015625234693,0.0,0.0,0.0,0.0,0.0
2040-12-15 19:00:00,0.0,0.0,0.0,0.0,0.0,28.001609375234693,0.0,0.0,0.0,0.0,0.0
2040-12-15 20:00:00,0.0,0.0,0.0,0.0,0.0,28.328531250241213,0.0,0.0,0.0,0.0,0.0
2040-12-15 21:00:00,0.0,0.0,0.0,0.0,0.0,28.633500000229105,0.0,0.0,0.0,0.0,0.0
2040-12-15 22:00:00,0.0,0.0,0.0,0.0,0.0,31.446656250278465,0.0,0.0,0.0,0.0,0.0
2040-12-15 23:00:00,0.0,0.0,0.0,0.0,0.0,32.49065625027288,0.0,0.0,0.0,0.0,0.0
2040-12-16 00:00:00,0.0,0.0,0.0,0.0,0.0,29.519843750284053,0.0,0.0,0.0,0.0,0.0
2040-12-16 01:00:00,0.0,0.0,0.0,0.0,0.0,26.1255312502617,0.0,0.0,0.0,0.0,0.0
2040-12-16 02:00:00,0.0,0.0,0.0,0.0,0.0,23.180656250216998,0.0,0.0,0.0,0.0,0.0
2040-12-16 03:00:00,0.0,0.0,0.0,0.0,0.0,21.891781250247732,0.0,0.0,0.0,0.0,0.0
2040-12-16 04:00:00,0.0,0.0,0.0,0.0,0.0,21.484687500284053,0.0,0.0,0.0,0.0,0.0
2040-12-16 05:00:00,0.0,0.0,0.0,0.0,0.0,19.514062500209548,0.0,0.0,0.0,0.0,0.0
2040-12-16 06:00:00,0.0,0.0,0.0,0.0,0.0,19.634562500286847,0.0,0.0,0.0,0.0,0.0
2040-12-16 07:00:00,0.0,0.0,0.0,0.0,0.0,22.89737500017509,0.0,0.0,0.0,0.0,0.0
2040-12-16 08:00:00,0.0,0.0,0.0,0.0,0.0,26.423625000286847,0.0,0.0,0.0,0.0,0.0
2040-12-16 09:00:00,0.0,0.0,0.0,0.0,0.0,30.419031250290573,0.0,0.0,0.0,0.0,0.0
2040-12-16 10:00:00,0.0,0.0,0.0,0.0,0.0,32.789750000229105,0.0,0.0,0.0,0.0,0.0
2040-12-16 11:00:00,0.0,0.0,0.0,0.0,0.0,35.013031250215136,0.0,0.0,0.0,0.0,0.0
2040-12-16 12:00:00,0.0,0.0,0.0,0.0,0.0,35.888781250221655,0.0,0.0,0.0,0.0,0.0
2040-12-16 13:00:00,0.0,0.0,0.0,0.0,0.0,36.666609375271946,0.0,0.0,0.0,0.0,0.0
2040-12-16 14:00:00,0.0,0.0,0.0,0.0,0.0,36.30048437521327,0.0,0.0,0.0,0.0,0.0
2040-12-16 15:00:00,0.0,0.0,0.0,0.0,0.0,36.35446875018533,0.0,0.0,0.0,0.0,0.0
2040-12-16 16:00:00,0.0,0.0,0.0,0.0,0.0,35.99693750019651,0.0,0.0,0.0,0.0,0.0
2040-12-16 17:00:00,0.0,0.0,0.0,0.0,0.0,35.42231250018813,0.0,0.0,0.0,0.0,0.0
2040-12-16 18:00:00,0.0,0.0,0.0,0.0,0.0,34.052875000284985,0.0,0.0,0.0,0.0,0.0
2040-12-16 19:00:00,0.0,0.0,0.0,0.0,0.0,33.54692187521141,0.0,0.0,0.0,0.0,0.0
2040-12-16 20:00:00,0.0,0.0,0.0,0.0,0.0,32.97373437520582,0.0,0.0,0.0,0.0,0.0
2040-12-16 21:00:00,0.0,0.0,0.0,0.0,0.0,32.795156250242144,0.0,0.0,0.0,0.0,0.0
2040-12-16 22:00:00,0.0,0.0,0.0,0.0,0.0,33.81885937519837,0.0,0.0,0.0,0.0,0.0
2040-12-16 23:00:00,0.0,0.0,0.0,0.0,0.0,33.17062500026077,0.0,0.0,0.0,0.0,0.0
2040-12-17 00:00:00,0.0,0.0,0.0,0.0,0.0,29.57837500027381,0.0,0.0,0.0,0.0,0.0
2040-12-17 01:00:00,0.0,0.0,0.0,0.0,0.0,25.91085937526077,0.0,0.0,0.0,0.0,0.0
2040-12-17 02:00:00,0.0,0.0,0.0,0.0,0.0,24.38992187520529,0.0,0.0,0.0,0.0,0.0
2040-12-17 03:00:00,0.0,0.0,0.0,0.0,0.0,23.50964062521234,0.0,0.0,0.0,0.0,0.0
2040-12-17 04:00:00,0.0,0.0,0.0,0.0,0.0,22.64092187525239,0.0,0.0,0.0,0.0,0.0
2040-12-17 05:00:00,0.0,0.0,0.0,0.0,0.0,21.65723437524924,0.0,0.0,0.0,0.0,0.0
2040-12-17 06:00:00,0.0,0.0,0.0,0.0,0.0,22.002015625243075,0.0,0.0,0.0,0.0,0.0
2040-12-17 07:00:00,0.0,0.0,0.0,0.0,0.0,24.57967187522445,0.0,0.0,0.0,0.0,0.0
2040-12-17 08:00:00,0.0,0.0,0.0,0.0,0.0,28.89381250028964,0.0,0.0,0.0,0.0,0.0
2040-12-17 09:00:00,0.0,0.0,0.0,0.0,0.0,31.87903125025332,0.0,0.0,0.0,0.0,0.0
2040-12-17 10:00:00,0.0,0.0,0.0,0.0,0.0,35.01935937523376,0.0,0.0,0.0,0.0,0.0
2040-12-17 11:00:00,0.0,0.0,0.0,0.0,0.0,36.81687500025146,0.0,0.0,0.0,0.0,0.0
2040-12-17 12:00:00,0.0,0.0,0.0,0.0,0.0,36.888062500278465,0.0,0.0,0.0,0.0,0.0
2040-12-17 13:00:00,0.0,0.0,0.0,0.0,0.0,36.82171875028871,0.0,0.0,0.0,0.0,0.0
2040-12-17 14:00:00,0.0,0.0,0.0,0.0,0.0,36.140156250214204,0.0,0.0,0.0,0.0,0.0
2040-12-17 15:00:00,0.0,0.0,0.0,0.0,0.0,36.076953125186265,0.0,0.0,0.0,0.0,0.0
2040-12-17 16:00:00,0.0,0.0,0.0,0.0,0.0,35.25426562526263,0.0,0.0,0.0,0.0,0.0
2040-12-17 17:00:00,0.0,0.0,0.0,0.0,0.0,33.52507812518161,0.0,0.0,0.0,0.0,0.0
2040-12-17 18:00:00,0.0,0.0,0.0,0.0,0.0,33.08348437526729,0.0,0.0,0.0,0.0,0.0
2040-12-17 19:00:00,0.0,0.0,0.0,0.0,0.0,32.610718750278465,0.0,0.0,0.0,0.0,0.0
2040-12-17 20:00:00,0.0,0.0,0.0,0.0,0.0,30.984218750265427,0.0,0.0,0.0,0.0,0.0
2040-12-17 21:00:00,0.0,0.0,0.0,0.0,0.0,30.38110937527381,0.0,0.0,0.0,0.0,0.0
2040-12-17 22:00:00,0.0,0.0,0.0,0.0,0.0,31.578406250220723,0.0,0.0,0.0,0.0,0.0
2040-12-17 23:00:00,0.0,0.0,0.0,0.0,0.0,32.076312500284985,0.0,0.0,0.0,0.0,0.0
2040-12-18 00:00:00,0.0,0.0,0.0,0.0,0.0,28.503750000265427,0.0,0.0,0.0,0.0,0.0
2040-12-18 01:00:00,0.0,0.0,0.0,0.0,0.0,24.734203125233762,0.0,0.0,0.0,0.0,0.0
2040-12-18 02:00:00,0.0,0.0,0.0,0.0,0.0,22.030406250269152,0.0,0.0,0.0,0.0,0.0
2040-12-18 03:00:00,0.0,0.0,0.0,0.0,0.0,20.809593750280328,0.0,0.0,0.0,0.0,0.0
2040-12-18 04:00:00,0.0,0.0,0.0,0.0,0.0,19.941765625262633,0.0,0.0,0.0,0.0,0.0
2040-12-18 05:00:00,0.0,0.0,0.0,0.0,0.0,18.364500000257976,0.0,0.0,0.0,0.0,0.0
2040-12-18 06:00:00,0.0,0.0,0.0,0.0,0.0,19.275156250223517,0.0,0.0,0.0,0.0,0.0
2040-12-18 07:00:00,0.0,0.0,0.0,0.0,0.0,22.854500000248663,0.0,0.0,0.0,0.0,0.0
2040-12-18 08:00:00,0.0,0.0,0.0,0.0,0.0,26.993625000235625,0.0,0.0,0.0,0.0,0.0
2040-12-18 09:00:00,0.0,0.0,0.0,0.0,0.0,30.990343750221655,0.0,0.0,0.0,0.0,0.0
2040-12-18 10:00:00,0.0,0.0,0.0,0.0,0.0,33.48968750028871,0.0,0.0,0.0,0.0,0.0
2040-12-18 11:00:00,0.0,0.0,0.0,0.0,0.0,34.97625000018161,0.0,0.0,0.0,0.0,0.0
2040-12-18 12:00:00,0.0,0.0,0.0,0.0,0.0,37.3929062501993,0.0,0.0,0.0,0.0,0.0
2040-12-18 13:00:00,0.0,0.0,0.0,0.0,0.0,38.01471875025891,0.0,0.0,0.0,0.0,0.0
2040-12-18 14:00:00,0.0,0.0,0.0,0.0,0.0,37.51356250024401,0.0,0.0,0.0,0.0,0.0
2040-12-18 15:00:00,0.0,0.0,0.0,0.0,0.0,37.28412500023842,0.0,0.0,0.0,0.0,0.0
2040-12-18 16:00:00,0.0,0.0,0.0,0.0,0.0,37.313312500249594,0.0,0.0,0.0,0.0,0.0
2040-12-18 17:00:00,0.0,0.0,0.0,0.0,0.0,36.46940625028219,0.0,0.0,0.0,0.0,0.0
2040-12-18 18:00:00,0.0,0.0,0.0,0.0,0.0,35.00403125025332,0.0,0.0,0.0,0.0,0.0
2040-12-18 19:00:00,0.0,0.0,0.0,0.0,0.0,34.6946875002468,0.0,0.0,0.0,0.0,0.0
2040-12-18 20:00:00,0.0,0.0,0.0,0.0,0.0,33.40300000028219,0.0,0.0,0.0,0.0,0.0
2040-12-18 21:00:00,0.0,0.0,0.0,0.0,0.0,31.928687500185333,0.0,0.0,0.0,0.0,0.0
2040-12-18 22:00:00,0.0,0.0,0.0,0.0,0.0,32.29675000021234,0.0,0.0,0.0,0.0,0.0
2040-12-18 23:00:00,0.0,0.0,0.0,0.0,0.0,32.374968750285916,0.0,0.0,0.0,0.0,0.0
2040-12-19 00:00:00,0.0,0.0,0.0,0.0,0.0,28.75768750021234,0.0,0.0,0.0,0.0,0.0
2040-12-19 01:00:00,0.0,0.0,0.0,0.0,0.0,25.141000000177883,0.0,0.0,0.0,0.0,0.0
2040-12-19 02:00:00,0.0,0.0,0.0,0.0,0.0,22.579562500235625,0.0,0.0,0.0,0.0,0.0
2040-12-19 03:00:00,0.0,0.0,0.0,0.0,0.0,21.369937500219454,0.0,0.0,0.0,0.0,0.0
2040-12-19 04:00:00,0.0,0.0,0.0,0.0,0.0,20.790125000290573,0.0,0.0,0.0,0.0,0.0
2040-12-19 05:00:00,0.0,0.0,0.0,0.0,0.0,19.63243750028778,0.0,0.0,0.0,0.0,0.0
2040-12-19 06:00:00,0.0,0.0,0.0,0.0,0.0,20.52621875028126,0.0,0.0,0.0,0.0,0.0
2040-12-19 07:00:00,0.0,0.0,0.0,0.0,0.0,23.62725000025239,0.0,0.0,0.0,0.0,0.0
2040-12-19 08:00:00,0.0,0.0,0.0,0.0,0.0,27.18546875019092,0.0,0.0,0.0,0.0,0.0
2040-12-19 09:00:00,0.0,0.0,0.0,0.0,0.0,31.137750000227243,0.0,0.0,0.0,0.0,0.0
2040-12-19 10:00:00,0.0,0.0,0.0,0.0,0.0,33.41256250021979,0.0,0.0,0.0,0.0,0.0
2040-12-19 11:00:00,0.0,0.0,0.0,0.0,0.0,35.905781250214204,0.0,0.0,0.0,0.0,0.0
2040-12-19 12:00:00,0.0,0.0,0.0,0.0,0.0,36.224218750256114,0.0,0.0,0.0,0.0,0.0
2040-12-19 13:00:00,0.0,0.0,0.0,0.0,0.0,37.17893750022631,0.0,0.0,0.0,0.0,0.0
2040-12-19 14:00:00,0.0,0.0,0.0,0.0,0.0,36.54875000019092,0.0,0.0,0.0,0.0,0.0
2040-12-19 15:00:00,0.0,0.0,0.0,0.0,0.0,35.950531250215136,0.0,0.0,0.0,0.0,0.0
2040-12-19 16:00:00,0.0,0.0,0.0,0.0,0.0,35.512625000206754,0.0,0.0,0.0,0.0,0.0
2040-12-19 17:00:00,0.0,0.0,0.0,0.0,0.0,34.53125,0.0,0.0,0.0,0.0,0.0
2040-12-19 18:00:00,0.0,0.0,0.0,0.0,0.0,33.53096875024494,0.0,0.0,0.0,0.0,0.0
2040-12-19 19:00:00,0.0,0.0,0.0,0.0,0.0,33.219937500194646,0.0,0.0,0.0,0.0,0.0
2040-12-19 20:00:00,0.0,0.0,0.0,0.0,0.0,31.61878125020303,0.0,0.0,0.0,0.0,0.0
2040-12-19 21:00:00,0.0,0.0,0.0,0.0,0.0,31.229656250216067,0.0,0.0,0.0,0.0,0.0
2040-12-19 22:00:00,0.0,0.0,0.0,0.0,0.0,31.998062500264496,0.0,0.0,0.0,0.0,0.0
2040-12-19 23:00:00,0.0,0.0,0.0,0.0,0.0,33.536468750215136,0.0,0.0,0.0,0.0,0.0
2040-12-20 00:00:00,0.0,0.0,0.0,0.0,0.0,30.0239687502617,0.0,0.0,0.0,0.0,0.0
2040-12-20 01:00:00,0.0,0.0,0.0,0.0,0.0,26.321218750206754,0.0,0.0,0.0,0.0,0.0
2040-12-20 02:00:00,0.0,0.0,0.0,0.0,0.0,23.41003125021234,0.0,0.0,0.0,0.0,0.0
2040-12-20 03:00:00,0.0,0.0,0.0,0.0,0.0,22.024656250257976,0.0,0.0,0.0,0.0,0.0
2040-12-20 04:00:00,0.0,0.0,0.0,0.0,0.0,21.258750000270084,0.0,0.0,0.0,0.0,0.0
2040-12-20 05:00:00,0.0,0.0,0.0,0.0,0.0,19.64603125024587,0.0,0.0,0.0,0.0,0.0
2040-12-20 06:00:00,0.0,0.0,0.0,0.0,0.0,20.346312500187196,0.0,0.0,0.0,0.0,0.0
2040-12-20 07:00:00,0.0,0.0,0.0,0.0,0.0,23.181656250264496,0.0,0.0,0.0,0.0,0.0
2040-12-20 08:00:00,0.0,0.0,0.0,0.0,0.0,26.642375000286847,0.0,0.0,0.0,0.0,0.0
2040-12-20 09:00:00,0.0,0.0,0.0,0.0,0.0,31.152312500285916,0.0,0.0,0.0,0.0,0.0
2040-12-20 10:00:00,0.0,0.0,0.0,0.0,0.0,33.459218750242144,0.0,0.0,0.0,0.0,0.0
2040-12-20 11:00:00,0.0,0.0,0.0,0.0,0.0,34.711625000229105,0.0,0.0,0.0,0.0,0.0
2040-12-20 12:00:00,0.0,0.0,0.0,0.0,0.0,35.18940625025425,0.0,0.0,0.0,0.0,0.0
2040-12-20 13:00:00,0.0,0.0,0.0,0.0,0.0,35.43656250019558,0.0,0.0,0.0,0.0,0.0
2040-12-20 14:00:00,0.0,0.0,0.0,0.0,0.0,34.86031250027008,0.0,0.0,0.0,0.0,0.0
2040-12-20 15:00:00,0.0,0.0,0.0,0.0,0.0,34.47740625019651,0.0,0.0,0.0,0.0,0.0
2040-12-20 16:00:00,0.0,0.0,0.0,0.0,0.0,33.722718750243075,0.0,0.0,0.0,0.0,0.0
2040-12-20 17:00:00,0.0,0.0,0.0,0.0,0.0,32.81781250028871,0.0,0.0,0.0,0.0,0.0
2040-12-20 18:00:00,0.0,0.0,0.0,0.0,0.0,34.043562500271946,0.0,0.0,0.0,0.0,0.0
2040-12-20 19:00:00,0.0,0.0,0.0,0.0,0.0,34.285093750222586,0.0,0.0,0.0,0.0,0.0
2040-12-20 20:00:00,0.0,0.0,0.0,0.0,0.0,33.694000000250526,0.0,0.0,0.0,0.0,0.0
2040-12-20 21:00:00,0.0,0.0,0.0,0.0,0.0,32.94450000021607,0.0,0.0,0.0,0.0,0.0
2040-12-20 22:00:00,0.0,0.0,0.0,0.0,0.0,34.29971875017509,0.0,0.0,0.0,0.0,0.0
2040-12-20 23:00:00,0.0,0.0,0.0,0.0,0.0,35.42750000022352,0.0,0.0,0.0,0.0,0.0
2040-12-21 00:00:00,0.0,0.0,0.0,0.0,0.0,32.312687500263564,0.0,0.0,0.0,0.0,0.0
2040-12-21 01:00:00,0.0,0.0,0.0,0.0,0.0,28.331437500193715,0.0,0.0,0.0,0.0,0.0
2040-12-21 02:00:00,0.0,0.0,0.0,0.0,0.0,25.434187500271946,0.0,0.0,0.0,0.0,0.0
2040-12-21 03:00:00,0.0,0.0,0.0,0.0,0.0,23.741875000181608,0.0,0.0,0.0,0.0,0.0
2040-12-21 04:00:00,0.0,0.0,0.0,0.0,0.0,22.630968750221655,0.0,0.0,0.0,0.0,0.0
2040-12-21 05:00:00,0.0,0.0,0.0,0.0,0.0,21.47540625021793,0.0,0.0,0.0,0.0,0.0
2040-12-21 06:00:00,0.0,0.0,0.0,0.0,0.0,20.08606250025332,0.0,0.0,0.0,0.0,0.0
2040-12-21 07:00:00,0.0,0.0,0.0,0.0,0.0,21.43287500028964,0.0,0.0,0.0,0.0,0.0
2040-12-21 08:00:00,0.0,0.0,0.0,0.0,0.0,23.901031250250526,0.0,0.0,0.0,0.0,0.0
2040-12-21 09:00:00,0.0,0.0,0.0,0.0,0.0,27.765062500257045,0.0,0.0,0.0,0.0,0.0
2040-12-21 10:00:00,0.0,0.0,0.0,0.0,0.0,30.696968750213273,0.0,0.0,0.0,0.0,0.0
2040-12-21 11:00:00,0.0,0.0,0.0,0.0,0.0,32.60181250027381,0.0,0.0,0.0,0.0,0.0
2040-12-21 12:00:00,0.0,0.0,0.0,0.0,0.0,32.46643750020303,0.0,0.0,0.0,0.0,0.0
2040-12-21 13:00:00,0.0,0.0,0.0,0.0,0.0,32.916593750240374,0.0,0.0,0.0,0.0,0.0
2040-12-21 14:00:00,0.0,0.0,0.0,0.0,0.0,32.76728125021327,0.0,0.0,0.0,0.0,0.0
2040-12-21 15:00:00,0.0,0.0,0.0,0.0,0.0,31.97843750019092,0.0,0.0,0.0,0.0,0.0
2040-12-21 16:00:00,0.0,0.0,0.0,0.0,0.0,31.334468750283122,0.0,0.0,0.0,0.0,0.0
2040-12-21 17:00:00,0.0,0.0,0.0,0.0,0.0,30.561062500230037,0.0,0.0,0.0,0.0,0.0
2040-12-21 18:00:00,0.0,0.0,0.0,0.0,0.0,30.03600000019651,0.0,0.0,0.0,0.0,0.0
2040-12-21 19:00:00,0.0,0.0,0.0,0.0,0.0,29.493500000215136,0.0,0.0,0.0,0.0,0.0
2040-12-21 20:00:00,0.0,0.0,0.0,0.0,0.0,29.36290625028778,0.0,0.0,0.0,0.0,0.0
2040-12-21 21:00:00,0.0,0.0,0.0,0.0,0.0,30.076812500250526,0.0,0.0,0.0,0.0,0.0
2040-12-21 22:00:00,0.0,0.0,0.0,0.0,0.0,31.658531250199303,0.0,0.0,0.0,0.0,0.0
2040-12-21 23:00:00,0.0,0.0,0.0,0.0,0.0,32.36009375017602,0.0,0.0,0.0,0.0,0.0
2040-12-22 00:00:00,0.0,0.0,0.0,0.0,0.0,30.485312500270084,0.0,0.0,0.0,0.0,0.0
2040-12-22 01:00:00,0.0,0.0,0.0,0.0,0.0,27.856375000206754,0.0,0.0,0.0,0.0,0.0
2040-12-22 02:00:00,0.0,0.0,0.0,0.0,0.0,25.205531250219792,0.0,0.0,0.0,0.0,0.0
2040-12-22 03:00:00,0.0,0.0,0.0,0.0,0.0,23.185406250180677,0.0,0.0,0.0,0.0,0.0
2040-12-22 04:00:00,0.0,0.0,0.0,0.0,0.0,21.901000000187196,0.0,0.0,0.0,0.0,0.0
2040-12-22 05:00:00,0.0,0.0,0.0,0.0,0.0,20.72468750027474,0.0,0.0,0.0,0.0,0.0
2040-12-22 06:00:00,0.0,0.0,0.0,0.0,0.0,19.167750000255182,0.0,0.0,0.0,0.0,0.0
2040-12-22 07:00:00,0.0,0.0,0.0,0.0,0.0,19.29712500027381,0.0,0.0,0.0,0.0,0.0
2040-12-22 08:00:00,0.0,0.0,0.0,0.0,0.0,20.742531250230968,0.0,0.0,0.0,0.0,0.0
2040-12-22 09:00:00,0.0,0.0,0.0,0.0,0.0,23.555500000249594,0.0,0.0,0.0,0.0,0.0
2040-12-22 10:00:00,0.0,0.0,0.0,0.0,0.0,25.96040625020396,0.0,0.0,0.0,0.0,0.0
2040-12-22 11:00:00,0.0,0.0,0.0,0.0,0.0,28.221156250219792,0.0,0.0,0.0,0.0,0.0
2040-12-22 12:00:00,0.0,0.0,0.0,0.0,0.0,29.889093750272878,0.0,0.0,0.0,0.0,0.0
2040-12-22 13:00:00,0.0,0.0,0.0,0.0,0.0,31.33996875025332,0.0,0.0,0.0,0.0,0.0
2040-12-22 14:00:00,0.0,0.0,0.0,0.0,0.0,31.683125000214204,0.0,0.0,0.0,0.0,0.0
2040-12-22 15:00:00,0.0,0.0,0.0,0.0,0.0,31.11665625020396,0.0,0.0,0.0,0.0,0.0
2040-12-22 16:00:00,0.0,0.0,0.0,0.0,0.0,30.763031250215136,0.0,0.0,0.0,0.0,0.0
2040-12-22 17:00:00,0.0,0.0,0.0,0.0,0.0,30.58871875028126,0.0,0.0,0.0,0.0,0.0
2040-12-22 18:00:00,0.0,0.0,0.0,0.0,0.0,31.18434375023935,0.0,0.0,0.0,0.0,0.0
2040-12-22 19:00:00,0.0,0.0,0.0,0.0,0.0,31.59600000025239,0.0,0.0,0.0,0.0,0.0
2040-12-22 20:00:00,0.0,0.0,0.0,0.0,0.0,31.99153125018347,0.0,0.0,0.0,0.0,0.0
2040-12-22 21:00:00,0.0,0.0,0.0,0.0,0.0,32.797062500263564,0.0,0.0,0.0,0.0,0.0
2040-12-22 22:00:00,0.0,0.0,0.0,0.0,0.0,34.41784375021234,0.0,0.0,0.0,0.0,0.0
2040-12-22 23:00:00,0.0,0.0,0.0,0.0,0.0,33.370625000214204,0.0,0.0,0.0,0.0,0.0
2040-12-23 00:00:00,0.0,0.0,0.0,0.0,0.0,29.767343750223517,0.0,0.0,0.0,0.0,0.0
2040-12-23 01:00:00,0.0,0.0,0.0,0.0,0.0,25.66787500027567,0.0,0.0,0.0,0.0,0.0
2040-12-23 02:00:00,0.0,0.0,0.0,0.0,0.0,22.45862500020303,0.0,0.0,0.0,0.0,0.0
2040-12-23 03:00:00,0.0,0.0,0.0,0.0,0.0,21.148781250230968,0.0,0.0,0.0,0.0,0.0
2040-12-23 04:00:00,0.0,0.0,0.0,0.0,0.0,20.270843750215136,0.0,0.0,0.0,0.0,0.0
2040-12-23 05:00:00,0.0,0.0,0.0,0.0,0.0,19.057750000269152,0.0,0.0,0.0,0.0,0.0
2040-12-23 06:00:00,0.0,0.0,0.0,0.0,0.0,19.23837500018999,0.0,0.0,0.0,0.0,0.0
2040-12-23 07:00:00,0.0,0.0,0.0,0.0,0.0,23.002437500283122,0.0,0.0,0.0,0.0,0.0
2040-12-23 08:00:00,0.0,0.0,0.0,0.0,0.0,27.503937500179745,0.0,0.0,0.0,0.0,0.0
2040-12-23 09:00:00,0.0,0.0,0.0,0.0,0.0,32.60971875023097,0.0,0.0,0.0,0.0,0.0
2040-12-23 10:00:00,0.0,0.0,0.0,0.0,0.0,35.23087500024121,0.0,0.0,0.0,0.0,0.0
2040-12-23 11:00:00,0.0,0.0,0.0,0.0,0.0,36.71278125024401,0.0,0.0,0.0,0.0,0.0
2040-12-23 12:00:00,0.0,0.0,0.0,0.0,0.0,37.80065625021234,0.0,0.0,0.0,0.0,0.0
2040-12-23 13:00:00,0.0,0.0,0.0,0.0,0.0,37.19825000024866,0.0,0.0,0.0,0.0,0.0
2040-12-23 14:00:00,0.0,0.0,0.0,0.0,0.0,35.755093750194646,0.0,0.0,0.0,0.0,0.0
2040-12-23 15:00:00,0.0,0.0,0.0,0.0,0.0,35.939468750264496,0.0,0.0,0.0,0.0,0.0
2040-12-23 16:00:00,0.0,0.0,0.0,0.0,0.0,35.35556250018999,0.0,0.0,0.0,0.0,0.0
2040-12-23 17:00:00,0.0,0.0,0.0,0.0,0.0,34.368000000249594,0.0,0.0,0.0,0.0,0.0
2040-12-23 18:00:00,0.0,0.0,0.0,0.0,0.0,34.25843750021886,0.0,0.0,0.0,0.0,0.0
2040-12-23 19:00:00,0.0,0.0,0.0,0.0,0.0,34.607437500264496,0.0,0.0,0.0,0.0,0.0
2040-12-23 20:00:00,0.0,0.0,0.0,0.0,0.0,33.26450000028126,0.0,0.0,0.0,0.0,0.0
2040-12-23 21:00:00,0.0,0.0,0.0,0.0,0.0,31.68737500021234,0.0,0.0,0.0,0.0,0.0
2040-12-23 22:00:00,0.0,0.0,0.0,0.0,0.0,33.062062500277534,0.0,0.0,0.0,0.0,0.0
2040-12-23 23:00:00,0.0,0.0,0.0,0.0,0.0,33.33100000023842,0.0,0.0,0.0,0.0,0.0
2040-12-24 00:00:00,0.0,0.0,0.0,0.0,0.0,30.191062500234693,0.0,0.0,0.0,0.0,0.0
2040-12-24 01:00:00,0.0,0.0,0.0,0.0,0.0,26.936937500257045,0.0,0.0,0.0,0.0,0.0
2040-12-24 02:00:00,0.0,0.0,0.0,0.0,0.0,23.89600000018254,0.0,0.0,0.0,0.0,0.0
2040-12-24 03:00:00,0.0,0.0,0.0,0.0,0.0,22.24893750017509,0.0,0.0,0.0,0.0,0.0
2040-12-24 04:00:00,0.0,0.0,0.0,0.0,0.0,20.85862500022631,0.0,0.0,0.0,0.0,0.0
2040-12-24 05:00:00,0.0,0.0,0.0,0.0,0.0,20.466187500278465,0.0,0.0,0.0,0.0,0.0
2040-12-24 06:00:00,0.0,0.0,0.0,0.0,0.0,21.594687500270084,0.0,0.0,0.0,0.0,0.0
2040-12-24 07:00:00,0.0,0.0,0.0,0.0,0.0,24.52481250022538,0.0,0.0,0.0,0.0,0.0
2040-12-24 08:00:00,0.0,0.0,0.0,0.0,0.0,27.641812500194646,0.0,0.0,0.0,0.0,0.0
2040-12-24 09:00:00,0.0,0.0,0.0,0.0,0.0,31.076500000199303,0.0,0.0,0.0,0.0,0.0
2040-12-24 10:00:00,0.0,0.0,0.0,0.0,0.0,33.19831250025891,0.0,0.0,0.0,0.0,0.0
2040-12-24 11:00:00,0.0,0.0,0.0,0.0,0.0,34.641312500229105,0.0,0.0,0.0,0.0,0.0
2040-12-24 12:00:00,0.0,0.0,0.0,0.0,0.0,34.64743750018533,0.0,0.0,0.0,0.0,0.0
2040-12-24 13:00:00,0.0,0.0,0.0,0.0,0.0,35.017562500201166,0.0,0.0,0.0,0.0,0.0
2040-12-24 14:00:00,0.0,0.0,0.0,0.0,0.0,35.05056250025518,0.0,0.0,0.0,0.0,0.0
2040-12-24 15:00:00,0.0,0.0,0.0,0.0,0.0,34.598562500206754,0.0,0.0,0.0,0.0,0.0
2040-12-24 16:00:00,0.0,0.0,0.0,0.0,0.0,34.12575000023935,0.0,0.0,0.0,0.0,0.0
2040-12-24 17:00:00,0.0,0.0,0.0,0.0,0.0,33.72531250026077,0.0,0.0,0.0,0.0,0.0
2040-12-24 18:00:00,0.0,0.0,0.0,0.0,0.0,32.65625,0.0,0.0,0.0,0.0,0.0
2040-12-24 19:00:00,0.0,0.0,0.0,0.0,0.0,31.82318750023842,0.0,0.0,0.0,0.0,0.0
2040-12-24 20:00:00,0.0,0.0,0.0,0.0,0.0,30.659875000244938,0.0,0.0,0.0,0.0,0.0
2040-12-24 21:00:00,0.0,0.0,0.0,0.0,0.0,29.161687500192784,0.0,0.0,0.0,0.0,0.0
2040-12-24 22:00:00,0.0,0.0,0.0,0.0,0.0,28.18875000020489,0.0,0.0,0.0,0.0,0.0
2040-12-24 23:00:00,0.0,0.0,0.0,0.0,0.0,28.672687500249594,0.0,0.0,0.0,0.0,0.0
2040-12-25 00:00:00,0.0,0.0,0.0,0.0,0.0,27.41368750028778,0.0,0.0,0.0,0.0,0.0
2040-12-25 01:00:00,0.0,0.0,0.0,0.0,0.0,26.85962500027381,0.0,0.0,0.0,0.0,0.0
2040-12-25 02:00:00,0.0,0.0,0.0,0.0,0.0,25.02293750026729,0.0,0.0,0.0,0.0,0.0
2040-12-25 03:00:00,0.0,0.0,0.0,0.0,0.0,23.121562500251457,0.0,0.0,0.0,0.0,0.0
2040-12-25 04:00:00,0.0,0.0,0.0,0.0,0.0,21.613625000230968,0.0,0.0,0.0,0.0,0.0
2040-12-25 05:00:00,0.0,0.0,0.0,0.0,0.0,20.511375000234693,0.0,0.0,0.0,0.0,0.0
2040-12-25 06:00:00,0.0,0.0,0.0,0.0,0.0,18.61075000022538,0.0,0.0,0.0,0.0,0.0
2040-12-25 07:00:00,0.0,0.0,0.0,0.0,0.0,18.53643750026822,0.0,0.0,0.0,0.0,0.0
2040-12-25 08:00:00,0.0,0.0,0.0,0.0,0.0,19.44856250018347,0.0,0.0,0.0,0.0,0.0
2040-12-25 09:00:00,0.0,0.0,0.0,0.0,0.0,20.443562500178814,0.0,0.0,0.0,0.0,0.0
2040-12-25 10:00:00,0.0,0.0,0.0,0.0,0.0,22.55225000018254,0.0,0.0,0.0,0.0,0.0
2040-12-25 11:00:00,0.0,0.0,0.0,0.0,0.0,23.99656250025148,0.0,0.0,0.0,0.0,0.0
2040-12-25 12:00:00,0.0,0.0,0.0,0.0,0.0,25.414625000208616,0.0,0.0,0.0,0.0,0.0
2040-12-25 13:00:00,0.0,0.0,0.0,0.0,0.0,26.786187500227243,0.0,0.0,0.0,0.0,0.0
2040-12-25 14:00:00,0.0,0.0,0.0,0.0,0.0,26.970500000286847,0.0,0.0,0.0,0.0,0.0
2040-12-25 15:00:00,0.0,0.0,0.0,0.0,0.0,26.119125000201166,0.0,0.0,0.0,0.0,0.0
2040-12-25 16:00:00,0.0,0.0,0.0,0.0,0.0,25.442000000271946,0.0,0.0,0.0,0.0,0.0
2040-12-25 17:00:00,0.0,0.0,0.0,0.0,0.0,25.390687500243075,0.0,0.0,0.0,0.0,0.0
2040-12-25 18:00:00,0.0,0.0,0.0,0.0,0.0,25.38037500018254,0.0,0.0,0.0,0.0,0.0
2040-12-25 19:00:00,0.0,0.0,0.0,0.0,0.0,26.22906250017695,0.0,0.0,0.0,0.0,0.0
2040-12-25 20:00:00,0.0,0.0,0.0,0.0,0.0,26.99206250021234,0.0,0.0,0.0,0.0,0.0
2040-12-25 21:00:00,0.0,0.0,0.0,0.0,0.0,27.4341250002617,0.0,0.0,0.0,0.0,0.0
2040-12-25 22:00:00,0.0,0.0,0.0,0.0,0.0,30.312062500277534,0.0,0.0,0.0,0.0,0.0
2040-12-25 23:00:00,0.0,0.0,0.0,0.0,0.0,31.859812500188127,0.0,0.0,0.0,0.0,0.0
2040-12-26 00:00:00,0.0,0.0,0.0,0.0,0.0,29.930625000270084,0.0,0.0,0.0,0.0,0.0
2040-12-26 01:00:00,0.0,0.0,0.0,0.0,0.0,26.78956250019837,0.0,0.0,0.0,0.0,0.0
2040-12-26 02:00:00,0.0,0.0,0.0,0.0,0.0,24.49800000025425,0.0,0.0,0.0,0.0,0.0
2040-12-26 03:00:00,0.0,0.0,0.0,0.0,0.0,23.13443750026636,0.0,0.0,0.0,0.0,0.0
2040-12-26 04:00:00,0.0,0.0,0.0,0.0,0.0,22.380125000257976,0.0,0.0,0.0,0.0,0.0
2040-12-26 05:00:00,0.0,0.0,0.0,0.0,0.0,21.971125000272878,0.0,0.0,0.0,0.0,0.0
2040-12-26 06:00:00,0.0,0.0,0.0,0.0,0.0,21.764312500250526,0.0,0.0,0.0,0.0,0.0
2040-12-26 07:00:00,0.0,0.0,0.0,0.0,0.0,24.11318750027567,0.0,0.0,0.0,0.0,0.0
2040-12-26 08:00:00,0.0,0.0,0.0,0.0,0.0,27.70006250019651,0.0,0.0,0.0,0.0,0.0
2040-12-26 09:00:00,0.0,0.0,0.0,0.0,0.0,31.05556250025984,0.0,0.0,0.0,0.0,0.0
2040-12-26 10:00:00,0.0,0.0,0.0,0.0,0.0,33.25675000017509,0.0,0.0,0.0,0.0,0.0
2040-12-26 11:00:00,0.0,0.0,0.0,0.0,0.0,34.596437500207685,0.0,0.0,0.0,0.0,0.0
2040-12-26 12:00:00,0.0,0.0,0.0,0.0,0.0,35.560562500264496,0.0,0.0,0.0,0.0,0.0
2040-12-26 13:00:00,0.0,0.0,0.0,0.0,0.0,36.848562500206754,0.0,0.0,0.0,0.0,0.0
2040-12-26 14:00:00,0.0,0.0,0.0,0.0,0.0,36.29106250021141,0.0,0.0,0.0,0.0,0.0
2040-12-26 15:00:00,0.0,0.0,0.0,0.0,0.0,34.83918750018347,0.0,0.0,0.0,0.0,0.0
2040-12-26 16:00:00,0.0,0.0,0.0,0.0,0.0,35.661062500206754,0.0,0.0,0.0,0.0,0.0
2040-12-26 17:00:00,0.0,0.0,0.0,0.0,0.0,34.84262500028126,0.0,0.0,0.0,0.0,0.0
2040-12-26 18:00:00,0.0,0.0,0.0,0.0,0.0,33.737687500193715,0.0,0.0,0.0,0.0,0.0
2040-12-26 19:00:00,0.0,0.0,0.0,0.0,0.0,34.6573750001844,0.0,0.0,0.0,0.0,0.0
2040-12-26 20:00:00,0.0,0.0,0.0,0.0,0.0,34.20050000026822,0.0,0.0,0.0,0.0,0.0
2040-12-26 21:00:00,0.0,0.0,0.0,0.0,0.0,34.03093750018161,0.0,0.0,0.0,0.0,0.0
2040-12-26 22:00:00,0.0,0.0,0.0,0.0,0.0,34.699812500271946,0.0,0.0,0.0,0.0,0.0
2040-12-26 23:00:00,0.0,0.0,0.0,0.0,0.0,36.09275000018533,0.0,0.0,0.0,0.0,0.0
2040-12-27 00:00:00,0.0,0.0,0.0,0.0,0.0,31.534187500248663,0.0,0.0,0.0,0.0,0.0
2040-12-27 01:00:00,0.0,0.0,0.0,0.0,0.0,27.251437500235625,0.0,0.0,0.0,0.0,0.0
2040-12-27 02:00:00,0.0,0.0,0.0,0.0,0.0,24.523875000188127,0.0,0.0,0.0,0.0,0.0
2040-12-27 03:00:00,0.0,0.0,0.0,0.0,0.0,22.671062500216067,0.0,0.0,0.0,0.0,0.0
2040-12-27 04:00:00,0.0,0.0,0.0,0.0,0.0,21.221187500283122,0.0,0.0,0.0,0.0,0.0
2040-12-27 05:00:00,0.0,0.0,0.0,0.0,0.0,19.49181250028778,0.0,0.0,0.0,0.0,0.0
2040-12-27 06:00:00,0.0,0.0,0.0,0.0,0.0,20.67175000021234,0.0,0.0,0.0,0.0,0.0
2040-12-27 07:00:00,0.0,0.0,0.0,0.0,0.0,25.427562500233762,0.0,0.0,0.0,0.0,0.0
2040-12-27 08:00:00,0.0,0.0,0.0,0.0,0.0,28.5591250002617,0.0,0.0,0.0,0.0,0.0
2040-12-27 09:00:00,0.0,0.0,0.0,0.0,0.0,31.57962500024587,0.0,0.0,0.0,0.0,0.0
2040-12-27 10:00:00,0.0,0.0,0.0,0.0,0.0,34.025500000221655,0.0,0.0,0.0,0.0,0.0
2040-12-27 11:00:00,0.0,0.0,0.0,0.0,0.0,35.850875000236556,0.0,0.0,0.0,0.0,0.0
2040-12-27 12:00:00,0.0,0.0,0.0,0.0,0.0,36.91862500028219,0.0,0.0,0.0,0.0,0.0
2040-12-27 13:00:00,0.0,0.0,0.0,0.0,0.0,37.35050000017509,0.0,0.0,0.0,0.0,0.0
2040-12-27 14:00:00,0.0,0.0,0.0,0.0,0.0,36.812062500277534,0.0,0.0,0.0,0.0,0.0
2040-12-27 15:00:00,0.0,0.0,0.0,0.0,0.0,37.16100000019651,0.0,0.0,0.0,0.0,0.0
2040-12-27 16:00:00,0.0,0.0,0.0,0.0,0.0,36.43131250026636,0.0,0.0,0.0,0.0,0.0
2040-12-27 17:00:00,0.0,0.0,0.0,0.0,0.0,35.201187500264496,0.0,0.0,0.0,0.0,0.0
2040-12-27 18:00:00,0.0,0.0,0.0,0.0,0.0,34.44668750022538,0.0,0.0,0.0,0.0,0.0
2040-12-27 19:00:00,0.0,0.0,0.0,0.0,0.0,34.36881250026636,0.0,0.0,0.0,0.0,0.0
2040-12-27 20:00:00,0.0,0.0,0.0,0.0,0.0,34.12650000024587,0.0,0.0,0.0,0.0,0.0
2040-12-27 21:00:00,0.0,0.0,0.0,0.0,0.0,33.86825000029057,0.0,0.0,0.0,0.0,0.0
2040-12-27 22:00:00,0.0,0.0,0.0,0.0,0.0,33.86487500020303,0.0,0.0,0.0,0.0,0.0
2040-12-27 23:00:00,0.0,0.0,0.0,0.0,0.0,34.57350000028964,0.0,0.0,0.0,0.0,0.0
2040-12-28 00:00:00,0.0,0.0,0.0,0.0,0.0,30.123062500264496,0.0,0.0,0.0,0.0,0.0
2040-12-28 01:00:00,0.0,0.0,0.0,0.0,0.0,27.035000000265427,0.0,0.0,0.0,0.0,0.0
2040-12-28 02:00:00,0.0,0.0,0.0,0.0,0.0,25.326812500250526,0.0,0.0,0.0,0.0,0.0
2040-12-28 03:00:00,0.0,0.0,0.0,0.0,0.0,23.534250000258908,0.0,0.0,0.0,0.0,0.0
2040-12-28 04:00:00,0.0,0.0,0.0,0.0,0.0,22.289625000208616,0.0,0.0,0.0,0.0,0.0
2040-12-28 05:00:00,0.0,0.0,0.0,0.0,0.0,20.438437500270084,0.0,0.0,0.0,0.0,0.0
2040-12-28 06:00:00,0.0,0.0,0.0,0.0,0.0,20.24506250023842,0.0,0.0,0.0,0.0,0.0
2040-12-28 07:00:00,0.0,0.0,0.0,0.0,0.0,23.24293750023935,0.0,0.0,0.0,0.0,0.0
2040-12-28 08:00:00,0.0,0.0,0.0,0.0,0.0,25.020000000251457,0.0,0.0,0.0,0.0,0.0
2040-12-28 09:00:00,0.0,0.0,0.0,0.0,0.0,28.35381250025239,0.0,0.0,0.0,0.0,0.0
2040-12-28 10:00:00,0.0,0.0,0.0,0.0,0.0,31.268000000272878,0.0,0.0,0.0,0.0,0.0
2040-12-28 11:00:00,0.0,0.0,0.0,0.0,0.0,33.218312500277534,0.0,0.0,0.0,0.0,0.0
2040-12-28 12:00:00,0.0,0.0,0.0,0.0,0.0,34.25231250026263,0.0,0.0,0.0,0.0,0.0
2040-12-28 13:00:00,0.0,0.0,0.0,0.0,0.0,34.96200000029057,0.0,0.0,0.0,0.0,0.0
2040-12-28 14:00:00,0.0,0.0,0.0,0.0,0.0,34.65887500019744,0.0,0.0,0.0,0.0,0.0
2040-12-28 15:00:00,0.0,0.0,0.0,0.0,0.0,34.18637500028126,0.0,0.0,0.0,0.0,0.0
2040-12-28 16:00:00,0.0,0.0,0.0,0.0,0.0,32.47275000018999,0.0,0.0,0.0,0.0,0.0
2040-12-28 17:00:00,0.0,0.0,0.0,0.0,0.0,31.31568750028964,0.0,0.0,0.0,0.0,0.0
2040-12-28 18:00:00,0.0,0.0,0.0,0.0,0.0,30.20206250017509,0.0,0.0,0.0,0.0,0.0
2040-12-28 19:00:00,0.0,0.0,0.0,0.0,0.0,29.967562500272297,0.0,0.0,0.0,0.0,0.0
2040-12-28 20:00:00,0.0,0.0,0.0,0.0,0.0,30.245750000234693,0.0,0.0,0.0,0.0,0.0
2040-12-28 21:00:00,0.0,0.0,0.0,0.0,0.0,30.0071875002468,0.0,0.0,0.0,0.0,0.0
2040-12-28 22:00:00,0.0,0.0,0.0,0.0,0.0,30.92200000025332,0.0,0.0,0.0,0.0,0.0
2040-12-28 23:00:00,0.0,0.0,0.0,0.0,0.0,32.59625000017695,0.0,0.0,0.0,0.0,0.0
2040-12-29 00:00:00,0.0,0.0,0.0,0.0,0.0,30.6841250002617,0.0,0.0,0.0,0.0,0.0
2040-12-29 01:00:00,0.0,0.0,0.0,0.0,0.0,28.260500000207685,0.0,0.0,0.0,0.0,0.0
2040-12-29 02:00:00,0.0,0.0,0.0,0.0,0.0,25.614812500192784,0.0,0.0,0.0,0.0,0.0
2040-12-29 03:00:00,0.0,0.0,0.0,0.0,0.0,23.781812500208616,0.0,0.0,0.0,0.0,0.0
2040-12-29 04:00:00,0.0,0.0,0.0,0.0,0.0,22.596687500248663,0.0,0.0,0.0,0.0,0.0
2040-12-29 05:00:00,0.0,0.0,0.0,0.0,0.0,20.420937500195578,0.0,0.0,0.0,0.0,0.0
2040-12-29 06:00:00,0.0,0.0,0.0,0.0,0.0,19.18318750022445,0.0,0.0,0.0,0.0,0.0
2040-12-29 07:00:00,0.0,0.0,0.0,0.0,0.0,19.537562500219792,0.0,0.0,0.0,0.0,0.0
2040-12-29 08:00:00,0.0,0.0,0.0,0.0,0.0,20.86087500024587,0.0,0.0,0.0,0.0,0.0
2040-12-29 09:00:00,0.0,0.0,0.0,0.0,0.0,23.137687500216998,0.0,0.0,0.0,0.0,0.0
2040-12-29 10:00:00,0.0,0.0,0.0,0.0,0.0,25.610062500229105,0.0,0.0,0.0,0.0,0.0
2040-12-29 11:00:00,0.0,0.0,0.0,0.0,0.0,28.25275000021793,0.0,0.0,0.0,0.0,0.0
2040-12-29 12:00:00,0.0,0.0,0.0,0.0,0.0,29.829187500290573,0.0,0.0,0.0,0.0,0.0
2040-12-29 13:00:00,0.0,0.0,0.0,0.0,0.0,31.409375000279397,0.0,0.0,0.0,0.0,0.0
2040-12-29 14:00:00,0.0,0.0,0.0,0.0,0.0,31.517312500276603,0.0,0.0,0.0,0.0,0.0
2040-12-29 15:00:00,0.0,0.0,0.0,0.0,0.0,30.49268750019837,0.0,0.0,0.0,0.0,0.0
2040-12-29 16:00:00,0.0,0.0,0.0,0.0,0.0,29.36993750021793,0.0,0.0,0.0,0.0,0.0
2040-12-29 17:00:00,0.0,0.0,0.0,0.0,0.0,27.870187500258908,0.0,0.0,0.0,0.0,0.0
2040-12-29 18:00:00,0.0,0.0,0.0,0.0,0.0,27.61681250028778,0.0,0.0,0.0,0.0,0.0
2040-12-29 19:00:00,0.0,0.0,0.0,0.0,0.0,27.931875000242144,0.0,0.0,0.0,0.0,0.0
2040-12-29 20:00:00,0.0,0.0,0.0,0.0,0.0,28.365750000230037,0.0,0.0,0.0,0.0,0.0
2040-12-29 21:00:00,0.0,0.0,0.0,0.0,0.0,29.343187500257045,0.0,0.0,0.0,0.0,0.0
2040-12-29 22:00:00,0.0,0.0,0.0,0.0,0.0,31.175562500255182,0.0,0.0,0.0,0.0,0.0
2040-12-29 23:00:00,0.0,0.0,0.0,0.0,0.0,31.755125000257976,0.0,0.0,0.0,0.0,0.0
2040-12-30 00:00:00,0.0,0.0,0.0,0.0,0.0,29.248562500230037,0.0,0.0,0.0,0.0,0.0
2040-12-30 01:00:00,0.0,0.0,0.0,0.0,0.0,25.856625000247732,0.0,0.0,0.0,0.0,0.0
2040-12-30 02:00:00,0.0,0.0,0.0,0.0,0.0,23.120750000234693,0.0,0.0,0.0,0.0,0.0
2040-12-30 03:00:00,0.0,0.0,0.0,0.0,0.0,21.458187500247732,0.0,0.0,0.0,0.0,0.0
2040-12-30 04:00:00,0.0,0.0,0.0,0.0,0.0,20.208000000216998,0.0,0.0,0.0,0.0,0.0
2040-12-30 05:00:00,0.0,0.0,0.0,0.0,0.0,20.199812500271946,0.0,0.0,0.0,0.0,0.0
2040-12-30 06:00:00,0.0,0.0,0.0,0.0,0.0,19.857937500230037,0.0,0.0,0.0,0.0,0.0
2040-12-30 07:00:00,0.0,0.0,0.0,0.0,0.0,22.50387500028954,0.0,0.0,0.0,0.0,0.0
2040-12-30 08:00:00,0.0,0.0,0.0,0.0,0.0,26.88531250017695,0.0,0.0,0.0,0.0,0.0
2040-12-30 09:00:00,0.0,0.0,0.0,0.0,0.0,32.279437500284985,0.0,0.0,0.0,0.0,0.0
2040-12-30 10:00:00,0.0,0.0,0.0,0.0,0.0,34.528125000186265,0.0,0.0,0.0,0.0,0.0
2040-12-30 11:00:00,0.0,0.0,0.0,0.0,0.0,36.57581250020303,0.0,0.0,0.0,0.0,0.0
2040-12-30 12:00:00,0.0,0.0,0.0,0.0,0.0,37.5563750002766,0.0,0.0,0.0,0.0,0.0
2040-12-30 13:00:00,0.0,0.0,0.0,0.0,0.0,38.06350000028033,0.0,0.0,0.0,0.0,0.0
2040-12-30 14:00:00,0.0,0.0,0.0,0.0,0.0,37.698000000207685,0.0,0.0,0.0,0.0,0.0
2040-12-30 15:00:00,0.0,0.0,0.0,0.0,0.0,37.701937500271015,0.0,0.0,0.0,0.0,0.0
2040-12-30 16:00:00,0.0,0.0,0.0,0.0,0.0,37.16975000023376,0.0,0.0,0.0,0.0,0.0
2040-12-30 17:00:00,0.0,0.0,0.0,0.0,0.0,36.14625000022352,0.0,0.0,0.0,0.0,0.0
2040-12-30 18:00:00,0.0,0.0,0.0,0.0,0.0,34.329437500215136,0.0,0.0,0.0,0.0,0.0
2040-12-30 19:00:00,0.0,0.0,0.0,0.0,0.0,34.25087500025984,0.0,0.0,0.0,0.0,0.0
2040-12-30 20:00:00,0.0,0.0,0.0,0.0,0.0,33.837125000194646,0.0,0.0,0.0,0.0,0.0
2040-12-30 21:00:00,0.0,0.0,0.0,0.0,0.0,33.30437500018161,0.0,0.0,0.0,0.0,0.0
2040-12-30 22:00:00,0.0,0.0,0.0,0.0,0.0,34.2640000001993,0.0,0.0,0.0,0.0,0.0
2040-12-30 23:00:00,0.0,0.0,0.0,0.0,0.0,34.17825000023004,0.0,0.0,0.0,0.0,0.0
2040-12-31 00:00:00,0.0,0.0,0.0,0.0,0.0,31.148750000284053,0.0,0.0,0.0,0.0,0.0
2040-12-31 01:00:00,0.0,0.0,0.0,0.0,0.0,27.631812500185333,0.0,0.0,0.0,0.0,0.0
2040-12-31 02:00:00,0.0,0.0,0.0,0.0,0.0,24.980312500265427,0.0,0.0,0.0,0.0,0.0
2040-12-31 03:00:00,0.0,0.0,0.0,0.0,0.0,23.02568750025239,0.0,0.0,0.0,0.0,0.0
2040-12-31 04:00:00,0.0,0.0,0.0,0.0,0.0,22.18331250024665,0.0,0.0,0.0,0.0,0.0
2040-12-31 05:00:00,0.0,0.0,0.0,0.0,0.0,21.52418750023935,0.0,0.0,0.0,0.0,0.0
2040-12-31 06:00:00,0.0,0.0,0.0,0.0,0.0,20.74050000018906,0.0,0.0,0.0,0.0,0.0
2040-12-31 07:00:00,0.0,0.0,0.0,0.0,0.0,17.846781188987023,0.0,0.0,0.0,0.0,0.0
2040-12-31 08:00:00,0.0,0.0,0.0,0.0,0.0,25.802312500192784,0.0,0.0,0.0,0.0,0.0
2040-12-31 09:00:00,0.0,0.0,0.0,0.0,0.0,30.48387500026601,0.0,0.0,0.0,0.0,0.0
2040-12-31 10:00:00,0.0,0.0,0.0,0.0,0.0,32.87006250023842,0.0,0.0,0.0,0.0,0.0
2040-12-31 11:00:00,0.0,0.0,0.0,0.0,0.0,34.28350000025239,0.0,0.0,0.0,0.0,0.0
2040-12-31 12:00:00,0.0,0.0,0.0,0.0,0.0,34.20575000019744,0.0,0.0,0.0,0.0,0.0
2040-12-31 13:00:00,0.0,0.0,0.0,0.0,0.0,34.556000000215136,0.0,0.0,0.0,0.0,0.0
2040-12-31 14:00:00,0.0,0.0,0.0,0.0,0.0,34.16087500017602,0.0,0.0,0.0,0.0,0.0
2040-12-31 15:00:00,0.0,0.0,0.0,0.0,0.0,33.64793750026729,0.0,0.0,0.0,0.0,0.0
2040-12-31 16:00:00,0.0,0.0,0.0,0.0,0.0,32.61443750024773,0.0,0.0,0.0,0.0,0.0
2040-12-31 17:00:00,0.0,0.0,0.0,0.0,0.0,32.392687500221655,0.0,0.0,0.0,0.0,0.0
2040-12-31 18:00:00,0.0,0.0,0.0,0.0,0.0,32.52231250028126,0.0,0.0,0.0,0.0,0.0
2040-12-31 19:00:00,0.0,0.0,0.0,0.0,0.0,22.211943709648054,0.0,0.0,0.0,0.0,0.0
2040-12-31 20:00:00,0.0,0.0,0.0,0.0,0.0,30.883000000263564,0.0,0.0,0.0,0.0,0.0
2040-12-31 21:00:00,0.0,0.0,0.0,0.0,0.0,30.096875000279397,0.0,0.0,0.0,0.0,0.0
2040-12-31 22:00:00,0.0,0.0,0.0,0.0,0.0,29.55418750026729,0.0,0.0,0.0,0.0,0.0
2040-12-31 23:00:00,0.0,0.0,0.0,0.0,0.0,29.85043750028126,0.0,0.0,0.0,0.0,0.0
