snapshot,gas_boiler_punta_arenas_1,heat_pump_punta_arenas_1,gas_boiler_punta_arenas_2,heat_pump_punta_arenas_2,link_punta_arenas_1_to_punta_arenas_2,link_punta_arenas_2_to_punta_arenas_1,h2_electrolyzer_punta_arenas_2,h2_fuel_cell_punta_arenas_2,h2_turbine_punta_arenas_2,uhs_injection_punta_arenas_2,uhs_withdrawal_punta_arenas_2
2050-01-01 00:00:00,0.0,0.0,0.0,0.0,978.563031249796,1000.0,0.0,0.0,0.0,0.0,0.0
2050-01-01 01:00:00,0.0,0.0,0.0,0.0,0.0,27.861515625263564,0.0,0.0,0.0,0.0,0.0
2050-01-01 02:00:00,0.0,0.0,0.0,0.0,0.0,26.1040468752617,0.0,0.0,0.0,0.0,0.0
2050-01-01 03:00:00,0.0,0.0,0.0,0.0,0.0,23.83128125022631,0.0,0.0,0.0,0.0,0.0
2050-01-01 04:00:00,0.0,0.0,0.0,0.0,0.0,21.91206250025425,0.0,0.0,0.0,0.0,0.0
2050-01-01 05:00:00,0.0,0.0,0.0,0.0,0.0,20.40882812521886,0.0,0.0,0.0,0.0,0.0
2050-01-01 06:00:00,0.0,0.0,0.0,0.0,0.0,18.348296875250526,0.0,0.0,0.0,0.0,0.0
2050-01-01 07:00:00,0.0,0.0,0.0,0.0,0.0,18.565390625270084,0.0,0.0,0.0,0.0,0.0
2050-01-01 08:00:00,0.0,0.0,0.0,0.0,0.0,18.607000000192784,0.0,0.0,0.0,0.0,0.0
2050-01-01 09:00:00,0.0,0.0,0.0,0.0,0.0,19.076062500244007,0.0,0.0,0.0,0.0,0.0
2050-01-01 10:00:00,0.0,0.0,0.0,0.0,0.0,20.253140625194646,0.0,0.0,0.0,0.0,0.0
2050-01-01 11:00:00,0.0,0.0,0.0,0.0,0.0,21.789375000284053,0.0,0.0,0.0,0.0,0.0
2050-01-01 12:00:00,0.0,0.0,0.0,0.0,0.0,23.116953125223517,0.0,0.0,0.0,0.0,0.0
2050-01-01 13:00:00,0.0,0.0,0.0,0.0,0.0,23.37467187526636,0.0,0.0,0.0,0.0,0.0
2050-01-01 14:00:00,0.0,0.0,0.0,0.0,0.0,23.621875000186265,0.0,0.0,0.0,0.0,0.0
2050-01-01 15:00:00,0.0,0.0,0.0,0.0,0.0,23.86417187517509,0.0,0.0,0.0,0.0,0.0
2050-01-01 16:00:00,0.0,0.0,0.0,0.0,0.0,23.29629687522538,0.0,0.0,0.0,0.0,0.0
2050-01-01 17:00:00,0.0,0.0,0.0,0.0,0.0,22.399921875214204,0.0,0.0,0.0,0.0,0.0
2050-01-01 18:00:00,0.0,0.0,0.0,0.0,0.0,22.42853125021793,0.0,0.0,0.0,0.0,0.0
2050-01-01 19:00:00,0.0,0.0,0.0,0.0,0.0,23.135875000269152,0.0,0.0,0.0,0.0,0.0
2050-01-01 20:00:00,0.0,0.0,0.0,0.0,0.0,23.657218750216998,0.0,0.0,0.0,0.0,0.0
2050-01-01 21:00:00,0.0,0.0,0.0,0.0,0.0,25.13112500018906,0.0,0.0,0.0,0.0,0.0
2050-01-01 22:00:00,0.0,0.0,0.0,0.0,0.0,28.07643750018906,0.0,0.0,0.0,0.0,0.0
2050-01-01 23:00:00,0.0,0.0,0.0,0.0,0.0,31.24388610862661,0.0,0.0,0.0,0.0,0.0
2050-01-02 00:00:00,0.0,0.0,0.0,0.0,0.0,29.081462280475534,0.0,0.0,0.0,0.0,0.0
2050-01-02 01:00:00,0.0,0.0,0.0,0.0,0.0,25.927666748291813,0.0,0.0,0.0,0.0,0.0
2050-01-02 02:00:00,0.0,0.0,0.0,0.0,0.0,23.56259619165212,0.0,0.0,0.0,0.0,0.0
2050-01-02 03:00:00,0.0,0.0,0.0,0.0,0.0,22.088389648706652,0.0,0.0,0.0,0.0,0.0
2050-01-02 04:00:00,0.0,0.0,0.0,0.0,0.0,20.53736035176553,0.0,0.0,0.0,0.0,0.0
2050-01-02 05:00:00,0.0,0.0,0.0,0.0,0.0,19.51739453151822,0.0,0.0,0.0,0.0,0.0
2050-01-02 06:00:00,0.0,0.0,0.0,0.0,0.0,19.118904297123663,0.0,0.0,0.0,0.0,0.0
2050-01-02 07:00:00,0.0,0.0,0.0,0.0,0.0,21.111583008081652,0.0,0.0,0.0,0.0,0.0
2050-01-02 08:00:00,0.0,0.0,0.0,0.0,0.0,25.316264648688957,0.0,0.0,0.0,0.0,0.0
2050-01-02 09:00:00,0.0,0.0,0.0,0.0,0.0,29.06303417996969,0.0,0.0,0.0,0.0,0.0
2050-01-02 10:00:00,0.0,0.0,0.0,0.0,0.0,31.799073242465965,0.0,0.0,0.0,0.0,0.0
2050-01-02 11:00:00,0.0,0.0,0.0,0.0,0.0,33.90319140651263,0.0,0.0,0.0,0.0,0.0
2050-01-02 12:00:00,0.0,0.0,0.0,0.0,0.0,34.15896093775518,0.0,0.0,0.0,0.0,0.0
2050-01-02 13:00:00,0.0,0.0,0.0,0.0,0.0,35.156187500222586,0.0,0.0,0.0,0.0,0.0
2050-01-02 14:00:00,0.0,0.0,0.0,0.0,0.0,34.485107421875,0.0,0.0,0.0,0.0,0.0
2050-01-02 15:00:00,0.0,0.0,0.0,0.0,0.0,34.66295312519651,0.0,0.0,0.0,0.0,0.0
2050-01-02 16:00:00,0.0,0.0,0.0,0.0,0.0,34.34677929710597,0.0,0.0,0.0,0.0,0.0
2050-01-02 17:00:00,0.0,0.0,0.0,0.0,0.0,33.23501757835038,0.0,0.0,0.0,0.0,0.0
2050-01-02 18:00:00,0.0,0.0,0.0,0.0,0.0,32.26444140647072,0.0,0.0,0.0,0.0,0.0
2050-01-02 19:00:00,0.0,0.0,0.0,0.0,0.0,32.211703125271015,0.0,0.0,0.0,0.0,0.0
2050-01-02 20:00:00,0.0,0.0,0.0,0.0,0.0,31.770929687772878,0.0,0.0,0.0,0.0,0.0
2050-01-02 21:00:00,0.0,0.0,0.0,0.0,0.0,31.249617187771946,0.0,0.0,0.0,0.0,0.0
2050-01-02 22:00:00,0.0,0.0,0.0,0.0,0.0,32.36663281277288,0.0,0.0,0.0,0.0,0.0
2050-01-02 23:00:00,0.0,0.0,0.0,0.0,0.0,32.57700390648097,0.0,0.0,0.0,0.0,0.0
2050-01-03 00:00:00,0.0,0.0,0.0,0.0,0.0,29.317699218983762,0.0,0.0,0.0,0.0,0.0
2050-01-03 01:00:00,0.0,0.0,0.0,0.0,0.0,26.215890625258908,0.0,0.0,0.0,0.0,0.0
2050-01-03 02:00:00,0.0,0.0,0.0,0.0,0.0,24.04918359394651,0.0,0.0,0.0,0.0,0.0
2050-01-03 03:00:00,0.0,0.0,0.0,0.0,0.0,23.004765625228174,0.0,0.0,0.0,0.0,0.0
2050-01-03 04:00:00,0.0,0.0,0.0,0.0,0.0,22.19424218777567,0.0,0.0,0.0,0.0,0.0
2050-01-03 05:00:00,0.0,0.0,0.0,0.0,0.0,20.56401171896141,0.0,0.0,0.0,0.0,0.0
2050-01-03 06:00:00,0.0,0.0,0.0,0.0,0.0,19.496371094021015,0.0,0.0,0.0,0.0,0.0
2050-01-03 07:00:00,0.0,0.0,0.0,0.0,0.0,22.633593750186265,0.0,0.0,0.0,0.0,0.0
2050-01-03 08:00:00,0.0,0.0,0.0,0.0,0.0,27.00433984398842,0.0,0.0,0.0,0.0,0.0
2050-01-03 09:00:00,0.0,0.0,0.0,0.0,0.0,30.858972656540573,0.0,0.0,0.0,0.0,0.0
2050-01-03 10:00:00,0.0,0.0,0.0,0.0,0.0,32.81313281273469,0.0,0.0,0.0,0.0,0.0
2050-01-03 11:00:00,0.0,0.0,0.0,0.0,0.0,35.76427343778778,0.0,0.0,0.0,0.0,0.0
2050-01-03 12:00:00,0.0,0.0,0.0,0.0,0.0,37.89418750023469,0.0,0.0,0.0,0.0,0.0
2050-01-03 13:00:00,0.0,0.0,0.0,0.0,0.0,38.84273437527008,0.0,0.0,0.0,0.0,0.0
2050-01-03 14:00:00,0.0,0.0,0.0,0.0,0.0,38.73580468771979,0.0,0.0,0.0,0.0,0.0
2050-01-03 15:00:00,0.0,0.0,0.0,0.0,0.0,38.47553906275425,0.0,0.0,0.0,0.0,0.0
2050-01-03 16:00:00,0.0,0.0,0.0,0.0,0.0,37.771851562778465,0.0,0.0,0.0,0.0,0.0
2050-01-03 17:00:00,0.0,0.0,0.0,0.0,0.0,36.289273437694646,0.0,0.0,0.0,0.0,0.0
2050-01-03 18:00:00,0.0,0.0,0.0,0.0,0.0,35.97954687522724,0.0,0.0,0.0,0.0,0.0
2050-01-03 19:00:00,0.0,0.0,0.0,0.0,0.0,34.21454687521327,0.0,0.0,0.0,0.0,0.0
2050-01-03 20:00:00,0.0,0.0,0.0,0.0,0.0,32.76332031271886,0.0,0.0,0.0,0.0,0.0
2050-01-03 21:00:00,0.0,0.0,0.0,0.0,0.0,31.913945312728174,0.0,0.0,0.0,0.0,0.0
2050-01-03 22:00:00,0.0,0.0,0.0,0.0,0.0,32.35031250026077,0.0,0.0,0.0,0.0,0.0
2050-01-03 23:00:00,0.0,0.0,0.0,0.0,0.0,33.35065625025891,0.0,0.0,0.0,0.0,0.0
2050-01-04 00:00:00,0.0,0.0,0.0,0.0,0.0,29.83539062528871,0.0,0.0,0.0,0.0,0.0
2050-01-04 01:00:00,0.0,0.0,0.0,0.0,0.0,26.974539062706754,0.0,0.0,0.0,0.0,0.0
2050-01-04 02:00:00,0.0,0.0,0.0,0.0,0.0,24.57702343771234,0.0,0.0,0.0,0.0,0.0
2050-01-04 03:00:00,0.0,0.0,0.0,0.0,0.0,24.1017343752319,0.0,0.0,0.0,0.0,0.0
2050-01-04 04:00:00,0.0,0.0,0.0,0.0,0.0,22.48304687521886,0.0,0.0,0.0,0.0,0.0
2050-01-04 05:00:00,0.0,0.0,0.0,0.0,0.0,20.706218750216067,0.0,0.0,0.0,0.0,0.0
2050-01-04 06:00:00,0.0,0.0,0.0,0.0,0.0,20.539179687737487,0.0,0.0,0.0,0.0,0.0
2050-01-04 07:00:00,0.0,0.0,0.0,0.0,0.0,23.082820312702097,0.0,0.0,0.0,0.0,0.0
2050-01-04 08:00:00,0.0,0.0,0.0,0.0,0.0,27.357460937695578,0.0,0.0,0.0,0.0,0.0
2050-01-04 09:00:00,0.0,0.0,0.0,0.0,0.0,31.515859375242144,0.0,0.0,0.0,0.0,0.0
2050-01-04 10:00:00,0.0,0.0,0.0,0.0,0.0,35.61051562521607,0.0,0.0,0.0,0.0,0.0
2050-01-04 11:00:00,0.0,0.0,0.0,0.0,0.0,37.55356250028126,0.0,0.0,0.0,0.0,0.0
2050-01-04 12:00:00,0.0,0.0,0.0,0.0,0.0,38.15046093775891,0.0,0.0,0.0,0.0,0.0
2050-01-04 13:00:00,0.0,0.0,0.0,0.0,0.0,39.32867187517695,0.0,0.0,0.0,0.0,0.0
2050-01-04 14:00:00,0.0,0.0,0.0,0.0,0.0,38.07424218778033,0.0,0.0,0.0,0.0,0.0
2050-01-04 15:00:00,0.0,0.0,0.0,0.0,0.0,38.52645312529057,0.0,0.0,0.0,0.0,0.0
2050-01-04 16:00:00,0.0,0.0,0.0,0.0,0.0,38.37216406268999,0.0,0.0,0.0,0.0,0.0
2050-01-04 17:00:00,0.0,0.0,0.0,0.0,0.0,37.76081250025891,0.0,0.0,0.0,0.0,0.0
2050-01-04 18:00:00,0.0,0.0,0.0,0.0,0.0,36.93323437520303,0.0,0.0,0.0,0.0,0.0
2050-01-04 19:00:00,0.0,0.0,0.0,0.0,0.0,37.349496216047555,0.0,0.0,0.0,0.0,0.0
2050-01-04 20:00:00,0.0,0.0,0.0,0.0,0.0,36.328317260951735,0.0,0.0,0.0,0.0,0.0
2050-01-04 21:00:00,0.0,0.0,0.0,0.0,0.0,34.17271875019651,0.0,0.0,0.0,0.0,0.0
2050-01-04 22:00:00,0.0,0.0,0.0,0.0,0.0,35.10787304711994,0.0,0.0,0.0,0.0,0.0
2050-01-04 23:00:00,0.0,0.0,0.0,0.0,0.0,34.8084335939493,0.0,0.0,0.0,0.0,0.0
2050-01-05 00:00:00,0.0,0.0,0.0,0.0,0.0,30.70338281278964,0.0,0.0,0.0,0.0,0.0
2050-01-05 01:00:00,0.0,0.0,0.0,0.0,0.0,26.93468359403778,0.0,0.0,0.0,0.0,0.0
2050-01-05 02:00:00,0.0,0.0,0.0,0.0,0.0,24.377040039282292,0.0,0.0,0.0,0.0,0.0
2050-01-05 03:00:00,0.0,0.0,0.0,0.0,0.0,23.047447265824303,0.0,0.0,0.0,0.0,0.0
2050-01-05 04:00:00,0.0,0.0,0.0,0.0,0.0,22.409271484590136,0.0,0.0,0.0,0.0,0.0
2050-01-05 05:00:00,0.0,0.0,0.0,0.0,0.0,21.782863281434402,0.0,0.0,0.0,0.0,0.0
2050-01-05 06:00:00,0.0,0.0,0.0,0.0,0.0,20.779488281463273,0.0,0.0,0.0,0.0,0.0
2050-01-05 07:00:00,0.0,0.0,0.0,0.0,0.0,23.84928710956592,0.0,0.0,0.0,0.0,0.0
2050-01-05 08:00:00,0.0,0.0,0.0,0.0,0.0,27.78101953153964,0.0,0.0,0.0,0.0,0.0
2050-01-05 09:00:00,0.0,0.0,0.0,0.0,0.0,31.999074219027534,0.0,0.0,0.0,0.0,0.0
2050-01-05 10:00:00,0.0,0.0,0.0,0.0,0.0,34.20126757840626,0.0,0.0,0.0,0.0,0.0
2050-01-05 11:00:00,0.0,0.0,0.0,0.0,0.0,34.88778906268999,0.0,0.0,0.0,0.0,0.0
2050-01-05 12:00:00,0.0,0.0,0.0,0.0,0.0,35.34533984400332,0.0,0.0,0.0,0.0,0.0
2050-01-05 13:00:00,0.0,0.0,0.0,0.0,0.0,35.75586718774866,0.0,0.0,0.0,0.0,0.0
2050-01-05 14:00:00,0.0,0.0,0.0,0.0,0.0,35.37130859401077,0.0,0.0,0.0,0.0,0.0
2050-01-05 15:00:00,0.0,0.0,0.0,0.0,0.0,34.97296484396793,0.0,0.0,0.0,0.0,0.0
2050-01-05 16:00:00,0.0,0.0,0.0,0.0,0.0,34.73093750025146,0.0,0.0,0.0,0.0,0.0
2050-01-05 17:00:00,0.0,0.0,0.0,0.0,0.0,33.88939062517602,0.0,0.0,0.0,0.0,0.0
2050-01-05 18:00:00,0.0,0.0,0.0,0.0,0.0,32.56618750025518,0.0,0.0,0.0,0.0,0.0
2050-01-05 19:00:00,0.0,0.0,0.0,0.0,0.0,31.93377734394744,0.0,0.0,0.0,0.0,0.0
2050-01-05 20:00:00,0.0,0.0,0.0,0.0,0.0,31.710500000277534,0.0,0.0,0.0,0.0,0.0
2050-01-05 21:00:00,0.0,0.0,0.0,0.0,0.0,31.281246094033122,0.0,0.0,0.0,0.0,0.0
2050-01-05 22:00:00,0.0,0.0,0.0,0.0,0.0,31.352644531521946,0.0,0.0,0.0,0.0,0.0
2050-01-05 23:00:00,0.0,0.0,0.0,0.0,0.0,32.417054687743075,0.0,0.0,0.0,0.0,0.0
2050-01-06 00:00:00,0.0,0.0,0.0,0.0,0.0,30.02799218776636,0.0,0.0,0.0,0.0,0.0
2050-01-06 01:00:00,0.0,0.0,0.0,0.0,0.0,27.047632812755182,0.0,0.0,0.0,0.0,0.0
2050-01-06 02:00:00,0.0,0.0,0.0,0.0,0.0,24.397664062678814,0.0,0.0,0.0,0.0,0.0
2050-01-06 03:00:00,0.0,0.0,0.0,0.0,0.0,23.19984375021886,0.0,0.0,0.0,0.0,0.0
2050-01-06 04:00:00,0.0,0.0,0.0,0.0,0.0,22.741968750255182,0.0,0.0,0.0,0.0,0.0
2050-01-06 05:00:00,0.0,0.0,0.0,0.0,0.0,21.026203125249594,0.0,0.0,0.0,0.0,0.0
2050-01-06 06:00:00,0.0,0.0,0.0,0.0,0.0,18.90228906273842,0.0,0.0,0.0,0.0,0.0
2050-01-06 07:00:00,0.0,0.0,0.0,0.0,0.0,19.868226562743075,0.0,0.0,0.0,0.0,0.0
2050-01-06 08:00:00,0.0,0.0,0.0,0.0,0.0,22.05656250019092,0.0,0.0,0.0,0.0,0.0
2050-01-06 09:00:00,0.0,0.0,0.0,0.0,0.0,24.711328125209548,0.0,0.0,0.0,0.0,0.0
2050-01-06 10:00:00,0.0,0.0,0.0,0.0,0.0,27.673335937783122,0.0,0.0,0.0,0.0,0.0
2050-01-06 11:00:00,0.0,0.0,0.0,0.0,0.0,29.81099218770396,0.0,0.0,0.0,0.0,0.0
2050-01-06 12:00:00,0.0,0.0,0.0,0.0,0.0,30.37547656276729,0.0,0.0,0.0,0.0,0.0
2050-01-06 13:00:00,0.0,0.0,0.0,0.0,0.0,31.233640625257976,0.0,0.0,0.0,0.0,0.0
2050-01-06 14:00:00,0.0,0.0,0.0,0.0,0.0,32.421281250193715,0.0,0.0,0.0,0.0,0.0
2050-01-06 15:00:00,0.0,0.0,0.0,0.0,0.0,32.15760156267788,0.0,0.0,0.0,0.0,0.0
2050-01-06 16:00:00,0.0,0.0,0.0,0.0,0.0,31.601351562771015,11.890466206847016,0.0,0.0,8.32332634479291,0.0
2050-01-06 17:00:00,0.0,0.0,0.0,0.0,0.0,30.849812500178814,39.07747660094452,0.0,0.0,27.354233620661162,0.0
2050-01-06 18:00:00,0.0,0.0,0.0,0.0,0.0,30.891718750237487,39.07747660094452,0.0,0.0,27.35423362066115,0.0
2050-01-06 19:00:00,0.0,0.0,0.0,0.0,0.0,31.3227968752617,39.07747660094451,0.0,0.0,27.35423362066115,0.0
2050-01-06 20:00:00,0.0,0.0,0.0,0.0,0.0,31.053859375184402,39.07747660094452,0.0,0.0,27.354233620661162,0.0
2050-01-06 21:00:00,0.0,0.0,0.0,0.0,0.0,30.565132812713273,39.07747660094451,0.0,0.0,27.35423362066115,0.0
2050-01-06 22:00:00,0.0,0.0,0.0,0.0,0.0,31.431429687771015,24.0760742883459,0.0,0.0,16.85325200184213,0.0
2050-01-06 23:00:00,0.0,0.0,0.0,0.0,0.0,32.494109375285916,5.9061059325334355,0.0,0.0,4.134274152773405,0.0
2050-01-07 00:00:00,0.0,0.0,0.0,0.0,0.0,29.71896875021048,0.0,4.891535874565614,0.0,0.0,4.991363137311851
2050-01-07 01:00:00,0.0,0.0,0.0,0.0,0.0,26.35786718770396,0.0,11.472214817758363,0.0,0.0,11.70634165077384
2050-01-07 02:00:00,0.0,0.0,0.0,0.0,0.0,24.213656250271015,0.0,4.360004884452263,0.0,0.0,4.448984575971697
2050-01-07 03:00:00,0.0,0.0,0.0,0.0,0.0,22.03856250026729,0.0,0.0,0.0,0.0,0.0
2050-01-07 04:00:00,0.0,0.0,0.0,0.0,0.0,21.073625000193715,0.0,0.0,0.0,0.0,0.0
2050-01-07 05:00:00,0.0,0.0,0.0,0.0,0.0,19.718328125192784,0.0,0.0,0.0,0.0,0.0
2050-01-07 06:00:00,0.0,0.0,0.0,0.0,0.0,18.08743750024587,0.0,0.0,0.0,0.0,0.0
2050-01-07 07:00:00,0.0,0.0,0.0,0.0,0.0,18.14021875022445,0.0,1.1124287324735216,0.0,0.0,1.1351313596668589
2050-01-07 08:00:00,0.0,0.0,0.0,0.0,0.0,18.864953125244938,0.0,6.694540418959888,0.0,0.0,6.831163692816213
2050-01-07 09:00:00,0.0,0.0,0.0,0.0,0.0,21.204937500180677,0.0,14.113468295718071,0.0,0.0,14.401498260936808
2050-01-07 10:00:00,0.0,0.0,0.0,0.0,0.0,23.321531250257976,0.0,19.009443864048027,0.0,0.0,19.397391698008196
2050-01-07 11:00:00,0.0,0.0,0.0,0.0,0.0,25.50089062517509,0.0,10.421201354410462,0.0,0.0,10.6338789330719
2050-01-07 12:00:00,0.0,0.0,0.0,0.0,0.0,26.950656250235625,0.0,4.866655182119359,0.0,0.0,4.965974675631999
2050-01-07 13:00:00,0.0,0.0,0.0,0.0,0.0,28.25848437519744,0.0,1.1845019332097204,0.0,0.0,1.208675442050735
2050-01-07 14:00:00,0.0,0.0,0.0,0.0,0.0,28.526328125270084,0.0,0.0,0.0,0.0,0.0
2050-01-07 15:00:00,0.0,0.0,0.0,0.0,0.0,27.81862500018906,0.0,4.456556615297564,0.0,0.0,4.547506750303636
2050-01-07 16:00:00,0.0,0.0,0.0,0.0,0.0,27.388109375257045,0.0,10.375330853021305,0.0,0.0,10.587072299001331
2050-01-07 17:00:00,0.0,0.0,0.0,0.0,0.0,27.142343750223517,0.0,11.322070133577752,0.0,0.0,11.553132789365053
2050-01-07 18:00:00,0.0,0.0,0.0,0.0,0.0,27.42437500017695,0.0,12.272904714381541,0.0,0.0,12.523372157532185
2050-01-07 19:00:00,0.0,0.0,0.0,0.0,0.0,27.79318750021048,0.0,12.641324948217173,0.0,0.0,12.899311171650178
2050-01-07 20:00:00,0.0,0.0,0.0,0.0,0.0,28.888109375257045,0.0,15.69992159364341,0.0,0.0,16.02032815677899
2050-01-07 21:00:00,0.0,0.0,0.0,0.0,0.0,29.68251562525984,0.0,14.32636289060201,0.0,0.0,14.61873764347144
2050-01-07 22:00:00,0.0,0.0,0.0,0.0,0.0,30.24771875026636,0.0,0.0,0.0,0.0,0.0
2050-01-07 23:00:00,0.0,0.0,0.0,0.0,0.0,30.629265625262633,0.0,0.0,0.0,0.0,0.0
2050-01-08 00:00:00,0.0,0.0,0.0,0.0,0.0,27.802125000278465,0.0,0.0,0.0,0.0,0.0
2050-01-08 01:00:00,0.0,0.0,0.0,0.0,0.0,24.600546875270084,0.0,0.0,0.0,0.0,0.0
2050-01-08 02:00:00,0.0,0.0,0.0,0.0,0.0,22.338359375251457,0.0,0.0,0.0,0.0,0.0
2050-01-08 03:00:00,0.0,0.0,0.0,0.0,0.0,20.647703125257976,0.0,0.0,0.0,0.0,0.0
2050-01-08 04:00:00,0.0,0.0,0.0,0.0,0.0,19.975078125251457,0.0,0.0,0.0,0.0,0.0
2050-01-08 05:00:00,0.0,0.0,0.0,0.0,0.0,19.465250000241213,0.0,0.0,0.0,0.0,0.0
2050-01-08 06:00:00,0.0,0.0,0.0,0.0,0.0,18.847265625256114,0.0,0.0,0.0,0.0,0.0
2050-01-08 07:00:00,0.0,0.0,0.0,0.0,0.0,21.371375000220723,0.0,0.0,0.0,0.0,0.0
2050-01-08 08:00:00,0.0,0.0,0.0,0.0,0.0,24.846515625249594,0.0,0.0,0.0,0.0,0.0
2050-01-08 09:00:00,0.0,0.0,0.0,0.0,0.0,29.22328125021886,0.0,0.0,0.0,0.0,0.0
2050-01-08 10:00:00,0.0,0.0,0.0,0.0,0.0,31.917375000193715,0.0,0.0,0.0,0.0,0.0
2050-01-08 11:00:00,0.0,0.0,0.0,0.0,0.0,33.532468750257976,0.0,0.0,0.0,0.0,0.0
2050-01-08 12:00:00,0.0,0.0,0.0,0.0,0.0,36.31826562527567,0.0,0.0,0.0,0.0,0.0
2050-01-08 13:00:00,0.0,0.0,0.0,0.0,0.0,36.364140625228174,0.0,0.0,0.0,0.0,0.0
2050-01-08 14:00:00,0.0,0.0,0.0,0.0,0.0,35.915281250257976,0.0,0.0,0.0,0.0,0.0
2050-01-08 15:00:00,0.0,0.0,0.0,0.0,0.0,35.73543750029057,0.0,0.0,0.0,0.0,0.0
2050-01-08 16:00:00,0.0,0.0,0.0,0.0,0.0,35.120671875192784,0.0,0.0,0.0,0.0,0.0
2050-01-08 17:00:00,0.0,0.0,0.0,0.0,0.0,34.60231250023935,0.0,0.0,0.0,0.0,0.0
2050-01-08 18:00:00,0.0,0.0,0.0,0.0,0.0,33.9601093751844,0.0,0.0,0.0,0.0,0.0
2050-01-08 19:00:00,0.0,0.0,0.0,0.0,0.0,33.16317187529057,0.0,0.0,0.0,0.0,0.0
2050-01-08 20:00:00,0.0,0.0,0.0,0.0,0.0,32.27876562520396,0.0,0.0,0.0,0.0,0.0
2050-01-08 21:00:00,0.0,0.0,0.0,0.0,0.0,31.9337656252319,0.0,0.0,0.0,0.0,0.0
2050-01-08 22:00:00,0.0,0.0,0.0,0.0,0.0,32.64535937528126,0.0,0.0,0.0,0.0,0.0
2050-01-08 23:00:00,0.0,0.0,0.0,0.0,0.0,33.14042187528685,0.0,0.0,0.0,0.0,0.0
2050-01-09 00:00:00,0.0,0.0,0.0,0.0,0.0,28.803828125237487,0.0,0.0,0.0,0.0,0.0
2050-01-09 01:00:00,0.0,0.0,0.0,0.0,0.0,25.131546875229105,0.0,0.0,0.0,0.0,0.0
2050-01-09 02:00:00,0.0,0.0,0.0,0.0,0.0,22.203312500263564,0.0,0.0,0.0,0.0,0.0
2050-01-09 03:00:00,0.0,0.0,0.0,0.0,0.0,20.886078125215136,0.0,0.0,0.0,0.0,0.0
2050-01-09 04:00:00,0.0,0.0,0.0,0.0,0.0,20.249031250248663,0.0,0.0,0.0,0.0,0.0
2050-01-09 05:00:00,0.0,0.0,0.0,0.0,0.0,19.18048437521793,0.0,0.0,0.0,0.0,0.0
2050-01-09 06:00:00,0.0,0.0,0.0,0.0,0.0,19.265593750285916,0.0,0.0,0.0,0.0,0.0
2050-01-09 07:00:00,0.0,0.0,0.0,0.0,0.0,21.894515625201166,0.0,0.0,0.0,0.0,0.0
2050-01-09 08:00:00,0.0,0.0,0.0,0.0,0.0,25.64598437526729,0.0,0.0,0.0,0.0,0.0
2050-01-09 09:00:00,0.0,0.0,0.0,0.0,0.0,30.800359375192784,0.0,0.0,0.0,0.0,0.0
2050-01-09 10:00:00,0.0,0.0,0.0,0.0,0.0,34.126343750278465,0.0,0.0,0.0,0.0,0.0
2050-01-09 11:00:00,0.0,0.0,0.0,0.0,0.0,35.52187500020955,0.0,0.0,0.0,0.0,0.0
2050-01-09 12:00:00,0.0,0.0,0.0,0.0,0.0,36.37920312525239,0.0,0.0,0.0,0.0,0.0
2050-01-09 13:00:00,0.0,0.0,0.0,0.0,0.0,36.87060937518254,0.0,0.0,0.0,0.0,0.0
2050-01-09 14:00:00,0.0,0.0,0.0,0.0,0.0,36.23934375029057,0.0,0.0,0.0,0.0,0.0
2050-01-09 15:00:00,0.0,0.0,0.0,0.0,0.0,36.70925000018906,0.0,0.0,0.0,0.0,0.0
2050-01-09 16:00:00,0.0,0.0,0.0,0.0,0.0,36.36559375026263,0.0,0.0,0.0,0.0,0.0
2050-01-09 17:00:00,0.0,0.0,0.0,0.0,0.0,36.03756250021979,0.0,0.0,0.0,0.0,0.0
2050-01-09 18:00:00,0.0,0.0,0.0,0.0,0.0,35.177718750201166,0.0,0.0,0.0,0.0,0.0
2050-01-09 19:00:00,0.0,0.0,0.0,0.0,0.0,34.50037500017788,0.0,0.0,0.0,0.0,0.0
2050-01-09 20:00:00,0.0,0.0,0.0,0.0,0.0,33.48487500019837,0.0,0.0,0.0,0.0,0.0
2050-01-09 21:00:00,0.0,0.0,0.0,0.0,0.0,33.68593750020955,0.0,0.0,0.0,0.0,0.0
2050-01-09 22:00:00,0.0,0.0,0.0,0.0,0.0,33.51800000027288,0.0,0.0,0.0,0.0,0.0
2050-01-09 23:00:00,0.0,0.0,0.0,0.0,0.0,33.95396875019651,0.0,0.0,0.0,0.0,0.0
2050-01-10 00:00:00,0.0,0.0,0.0,0.0,0.0,30.483375000185333,0.0,0.0,0.0,0.0,0.0
2050-01-10 01:00:00,0.0,0.0,0.0,0.0,0.0,26.371125000179745,0.0,0.0,0.0,0.0,0.0
2050-01-10 02:00:00,0.0,0.0,0.0,0.0,0.0,24.24875000026077,0.0,0.0,0.0,0.0,0.0
2050-01-10 03:00:00,0.0,0.0,0.0,0.0,0.0,22.86253125022631,0.0,0.0,0.0,0.0,0.0
2050-01-10 04:00:00,0.0,0.0,0.0,0.0,0.0,21.852156250271946,0.0,0.0,0.0,0.0,0.0
2050-01-10 05:00:00,0.0,0.0,0.0,0.0,0.0,21.552000000257976,0.0,0.0,0.0,0.0,0.0
2050-01-10 06:00:00,0.0,0.0,0.0,0.0,0.0,20.69987500028219,0.0,0.0,0.0,0.0,0.0
2050-01-10 07:00:00,0.0,0.0,0.0,0.0,0.0,23.40765625028871,0.0,0.0,0.0,0.0,0.0
2050-01-10 08:00:00,0.0,0.0,0.0,0.0,0.0,27.95965625019744,0.0,0.0,0.0,0.0,0.0
2050-01-10 09:00:00,0.0,0.0,0.0,0.0,0.0,31.250187500263564,0.0,0.0,0.0,0.0,0.0
2050-01-10 10:00:00,0.0,0.0,0.0,0.0,0.0,33.19268750026822,0.0,0.0,0.0,0.0,0.0
2050-01-10 11:00:00,0.0,0.0,0.0,0.0,0.0,34.672656250186265,0.0,0.0,0.0,0.0,0.0
2050-01-10 12:00:00,0.0,0.0,0.0,0.0,0.0,34.814062500256114,0.0,0.0,0.0,0.0,0.0
2050-01-10 13:00:00,0.0,0.0,0.0,0.0,0.0,36.613343750243075,0.0,0.0,0.0,0.0,0.0
2050-01-10 14:00:00,0.0,0.0,0.0,0.0,0.0,36.10971875023097,0.0,0.0,0.0,0.0,0.0
2050-01-10 15:00:00,0.0,0.0,0.0,0.0,0.0,36.63481250021141,0.0,0.0,0.0,0.0,0.0
2050-01-10 16:00:00,0.0,0.0,0.0,0.0,0.0,35.15531250019558,0.0,0.0,0.0,0.0,0.0
2050-01-10 17:00:00,0.0,0.0,0.0,0.0,0.0,33.685656250221655,0.0,0.0,0.0,0.0,0.0
2050-01-10 18:00:00,0.0,0.0,0.0,0.0,0.0,32.84650000021793,0.0,0.0,0.0,0.0,0.0
2050-01-10 19:00:00,0.0,0.0,0.0,0.0,0.0,32.12937500025146,0.0,0.0,0.0,0.0,0.0
2050-01-10 20:00:00,0.0,0.0,0.0,0.0,0.0,31.03050000022631,0.0,0.0,0.0,0.0,0.0
2050-01-10 21:00:00,0.0,0.0,0.0,0.0,0.0,30.406093750265427,0.0,0.0,0.0,0.0,0.0
2050-01-10 22:00:00,0.0,0.0,0.0,0.0,0.0,31.033625000272878,0.0,0.0,0.0,0.0,0.0
2050-01-10 23:00:00,0.0,0.0,0.0,0.0,0.0,32.35303125018254,0.0,0.0,0.0,0.0,0.0
2050-01-11 00:00:00,0.0,0.0,0.0,0.0,0.0,29.231406250270084,0.0,0.0,0.0,0.0,0.0
2050-01-11 01:00:00,0.0,0.0,0.0,0.0,0.0,26.02784375019837,0.0,0.0,0.0,0.0,0.0
2050-01-11 02:00:00,0.0,0.0,0.0,0.0,0.0,23.710093750269152,0.0,0.0,0.0,0.0,0.0
2050-01-11 03:00:00,0.0,0.0,0.0,0.0,0.0,22.47528125019744,0.0,0.0,0.0,0.0,0.0
2050-01-11 04:00:00,0.0,0.0,0.0,0.0,0.0,21.475031250272878,0.0,0.0,0.0,0.0,0.0
2050-01-11 05:00:00,0.0,0.0,0.0,0.0,0.0,21.022343750228174,0.0,0.0,0.0,0.0,0.0
2050-01-11 06:00:00,0.0,0.0,0.0,0.0,0.0,20.779531250242144,0.0,0.0,0.0,0.0,0.0
2050-01-11 07:00:00,0.0,0.0,0.0,0.0,0.0,24.73956250026822,0.0,0.0,0.0,0.0,0.0
2050-01-11 08:00:00,0.0,0.0,0.0,0.0,0.0,27.914843750186265,0.0,0.0,0.0,0.0,0.0
2050-01-11 09:00:00,0.0,0.0,0.0,0.0,0.0,30.164031250285916,0.0,0.0,0.0,0.0,0.0
2050-01-11 10:00:00,0.0,0.0,0.0,0.0,0.0,32.597062500193715,0.0,0.0,0.0,0.0,0.0
2050-01-11 11:00:00,0.0,0.0,0.0,0.0,0.0,34.65900000021793,0.0,0.0,0.0,0.0,0.0
2050-01-11 12:00:00,0.0,0.0,0.0,0.0,0.0,35.071281250217,0.0,0.0,0.0,0.0,0.0
2050-01-11 13:00:00,0.0,0.0,0.0,0.0,0.0,34.92934375023469,0.0,0.0,0.0,0.0,0.0
2050-01-11 14:00:00,0.0,0.0,0.0,0.0,0.0,34.67431250028312,0.0,0.0,0.0,0.0,0.0
2050-01-11 15:00:00,0.0,0.0,0.0,0.0,0.0,35.39893750019837,0.0,0.0,0.0,0.0,0.0
2050-01-11 16:00:00,0.0,0.0,0.0,0.0,0.0,35.61959375021979,0.0,0.0,0.0,0.0,0.0
2050-01-11 17:00:00,0.0,0.0,0.0,0.0,0.0,34.1974375002319,0.0,0.0,0.0,0.0,0.0
2050-01-11 18:00:00,0.0,0.0,0.0,0.0,0.0,33.22900000028312,0.0,0.0,0.0,0.0,0.0
2050-01-11 19:00:00,0.0,0.0,0.0,0.0,0.0,32.70009375025984,0.0,0.0,0.0,0.0,0.0
2050-01-11 20:00:00,0.0,0.0,0.0,0.0,0.0,31.91178125026636,0.0,0.0,0.0,0.0,0.0
2050-01-11 21:00:00,0.0,0.0,0.0,0.0,0.0,31.615843750187196,0.0,0.0,0.0,0.0,0.0
2050-01-11 22:00:00,0.0,0.0,0.0,0.0,0.0,32.64675000018906,0.0,0.0,0.0,0.0,0.0
2050-01-11 23:00:00,0.0,0.0,0.0,0.0,0.0,34.21521875017788,0.0,0.0,0.0,0.0,0.0
2050-01-12 00:00:00,0.0,0.0,0.0,0.0,0.0,30.38818750018254,0.0,0.0,0.0,0.0,0.0
2050-01-12 01:00:00,0.0,0.0,0.0,0.0,0.0,27.05921875021886,0.0,0.0,0.0,0.0,0.0
2050-01-12 02:00:00,0.0,0.0,0.0,0.0,0.0,24.871031250222586,0.0,0.0,0.0,0.0,0.0
2050-01-12 03:00:00,0.0,0.0,0.0,0.0,0.0,23.31200000026729,0.0,0.0,0.0,0.0,0.0
2050-01-12 04:00:00,0.0,0.0,0.0,0.0,0.0,22.32431250018999,0.0,0.0,0.0,0.0,0.0
2050-01-12 05:00:00,0.0,0.0,0.0,0.0,0.0,21.820906250271946,0.0,0.0,0.0,0.0,0.0
2050-01-12 06:00:00,0.0,0.0,0.0,0.0,0.0,21.692312500206754,0.0,0.0,0.0,0.0,0.0
2050-01-12 07:00:00,0.0,0.0,0.0,0.0,0.0,24.73096875019837,0.0,0.0,0.0,0.0,0.0
2050-01-12 08:00:00,0.0,0.0,0.0,0.0,0.0,27.702031250228174,0.0,0.0,0.0,0.0,0.0
2050-01-12 09:00:00,0.0,0.0,0.0,0.0,0.0,30.84850000019651,0.0,0.0,0.0,0.0,0.0
2050-01-12 10:00:00,0.0,0.0,0.0,0.0,0.0,33.35978125024121,0.0,0.0,0.0,0.0,0.0
2050-01-12 11:00:00,0.0,0.0,0.0,0.0,0.0,35.08950000023469,0.0,0.0,0.0,0.0,0.0
2050-01-12 12:00:00,0.0,0.0,0.0,0.0,0.0,36.01203125028405,0.0,0.0,0.0,0.0,0.0
2050-01-12 13:00:00,0.0,0.0,0.0,0.0,0.0,35.71521875017788,0.0,0.0,0.0,0.0,0.0
2050-01-12 14:00:00,0.0,0.0,0.0,0.0,0.0,35.391968750278465,0.0,0.0,0.0,0.0,0.0
2050-01-12 15:00:00,0.0,0.0,0.0,0.0,0.0,35.97150000021793,0.0,0.0,0.0,0.0,0.0
2050-01-12 16:00:00,0.0,0.0,0.0,0.0,0.0,35.0524687502766,0.0,0.0,0.0,0.0,0.0
2050-01-12 17:00:00,0.0,0.0,0.0,0.0,0.0,33.9865000002319,0.0,0.0,0.0,0.0,0.0
2050-01-12 18:00:00,0.0,0.0,0.0,0.0,0.0,33.117156250285916,0.0,0.0,0.0,0.0,0.0
2050-01-12 19:00:00,0.0,0.0,0.0,0.0,0.0,32.51787500025239,0.0,0.0,0.0,0.0,0.0
2050-01-12 20:00:00,0.0,0.0,0.0,0.0,0.0,31.379500000271946,0.0,0.0,0.0,0.0,0.0
2050-01-12 21:00:00,0.0,0.0,0.0,0.0,0.0,30.743500000215136,0.0,0.0,0.0,0.0,0.0
2050-01-12 22:00:00,0.0,0.0,0.0,0.0,0.0,32.3552812502021,0.0,0.0,0.0,0.0,0.0
2050-01-12 23:00:00,0.0,0.0,0.0,0.0,0.0,33.21590625029057,0.0,0.0,0.0,0.0,0.0
2050-01-13 00:00:00,0.0,0.0,0.0,0.0,0.0,31.232125000213273,0.0,0.0,0.0,0.0,0.0
2050-01-13 01:00:00,0.0,0.0,0.0,0.0,0.0,28.182781250216067,0.0,0.0,0.0,0.0,0.0
2050-01-13 02:00:00,0.0,0.0,0.0,0.0,0.0,25.961875000270084,0.0,0.0,0.0,0.0,0.0
2050-01-13 03:00:00,0.0,0.0,0.0,0.0,0.0,25.167718750191852,0.0,0.0,0.0,0.0,0.0
2050-01-13 04:00:00,0.0,0.0,0.0,0.0,0.0,23.727718750247732,0.0,0.0,0.0,0.0,0.0
2050-01-13 05:00:00,0.0,0.0,0.0,0.0,0.0,23.116843750234693,0.0,0.0,0.0,0.0,0.0
2050-01-13 06:00:00,0.0,0.0,0.0,0.0,0.0,20.53265625028871,0.0,0.0,0.0,0.0,0.0
2050-01-13 07:00:00,0.0,0.0,0.0,0.0,0.0,20.80353125021793,0.0,0.0,0.0,0.0,0.0
2050-01-13 08:00:00,0.0,0.0,0.0,0.0,0.0,21.40650000027381,0.0,0.0,0.0,0.0,0.0
2050-01-13 09:00:00,0.0,0.0,0.0,0.0,0.0,24.920656250207685,0.0,0.0,0.0,0.0,0.0
2050-01-13 10:00:00,0.0,0.0,0.0,0.0,0.0,28.33003125025425,0.0,0.0,0.0,0.0,0.0
2050-01-13 11:00:00,0.0,0.0,0.0,0.0,0.0,30.802500000223517,0.0,0.0,0.0,0.0,0.0
2050-01-13 12:00:00,0.0,0.0,0.0,0.0,0.0,33.28928125021048,0.0,0.0,0.0,0.0,0.0
2050-01-13 13:00:00,0.0,0.0,0.0,0.0,0.0,33.03087500028778,0.0,0.0,0.0,0.0,0.0
2050-01-13 14:00:00,0.0,0.0,0.0,0.0,0.0,32.88256250019185,0.0,0.0,0.0,0.0,0.0
2050-01-13 15:00:00,0.0,0.0,0.0,0.0,0.0,32.38743750017602,0.0,0.0,0.0,0.0,0.0
2050-01-13 16:00:00,0.0,0.0,0.0,0.0,0.0,30.759625000180677,0.0,0.0,0.0,0.0,0.0
2050-01-13 17:00:00,0.0,0.0,0.0,0.0,0.0,29.701812500250526,0.0,0.0,0.0,0.0,0.0
2050-01-13 18:00:00,0.0,0.0,0.0,0.0,0.0,29.25062500021886,0.0,0.0,0.0,0.0,0.0
2050-01-13 19:00:00,0.0,0.0,0.0,0.0,0.0,29.36137500021141,0.0,0.0,0.0,0.0,0.0
2050-01-13 20:00:00,0.0,0.0,0.0,0.0,0.0,28.89190625026822,0.0,0.0,0.0,0.0,0.0
2050-01-13 21:00:00,0.0,0.0,0.0,0.0,0.0,28.62043750018347,0.0,0.0,0.0,0.0,0.0
2050-01-13 22:00:00,0.0,0.0,0.0,0.0,0.0,29.342187500209548,0.0,0.0,0.0,0.0,0.0
2050-01-13 23:00:00,0.0,0.0,0.0,0.0,0.0,30.532781250192784,0.0,0.0,0.0,0.0,0.0
2050-01-14 00:00:00,0.0,0.0,0.0,0.0,0.0,28.300937500200234,0.0,0.0,0.0,0.0,0.0
2050-01-14 01:00:00,0.0,0.0,0.0,0.0,0.0,25.995083984569646,0.0,0.0,0.0,0.0,0.0
2050-01-14 02:00:00,0.0,0.0,0.0,0.0,0.0,23.944739258033223,0.0,0.0,0.0,0.0,0.0
2050-01-14 03:00:00,0.0,0.0,0.0,0.0,0.0,22.89221435575746,0.0,0.0,0.0,0.0,0.0
2050-01-14 04:00:00,0.0,0.0,0.0,0.0,0.0,21.60155126976315,0.0,0.0,0.0,0.0,0.0
2050-01-14 05:00:00,0.0,0.0,0.0,0.0,0.0,19.747828125255182,0.0,0.0,0.0,0.0,0.0
2050-01-14 06:00:00,0.0,0.0,0.0,0.0,0.0,17.53011132834945,0.0,0.0,0.0,0.0,0.0
2050-01-14 07:00:00,0.0,0.0,0.0,0.0,0.0,18.00125000020489,0.0,0.0,0.0,0.0,0.0
2050-01-14 08:00:00,0.0,0.0,0.0,0.0,0.0,19.166771484655328,0.0,0.0,0.0,0.0,0.0
2050-01-14 09:00:00,0.0,0.0,0.0,0.0,0.0,21.047924804966897,0.0,0.0,0.0,0.0,0.0
2050-01-14 10:00:00,0.0,0.0,0.0,0.0,0.0,24.031158203375526,0.0,0.0,0.0,0.0,0.0
2050-01-14 11:00:00,0.0,0.0,0.0,0.0,0.0,27.48725781275425,0.0,0.0,0.0,0.0,0.0
2050-01-14 12:00:00,0.0,0.0,0.0,0.0,0.0,29.291138672153465,0.0,0.0,0.0,0.0,0.0
2050-01-14 13:00:00,0.0,0.0,0.0,0.0,0.0,31.16084570332896,0.0,0.0,0.0,0.0,0.0
2050-01-14 14:00:00,0.0,0.0,0.0,0.0,0.0,31.321558594005182,0.0,0.0,0.0,0.0,0.0
2050-01-14 15:00:00,0.0,0.0,0.0,0.0,0.0,31.103843750199303,0.0,0.0,0.0,0.0,0.0
2050-01-14 16:00:00,0.0,0.0,0.0,0.0,0.0,30.311980469035916,0.0,0.0,0.0,0.0,0.0
2050-01-14 17:00:00,0.0,0.0,0.0,0.0,0.0,30.028386718942784,0.0,0.0,0.0,0.0,0.0
2050-01-14 18:00:00,0.0,0.0,0.0,0.0,0.0,29.442105468944646,0.0,0.0,0.0,0.0,0.0
2050-01-14 19:00:00,0.0,0.0,0.0,0.0,0.0,29.410945312702097,0.0,0.0,0.0,0.0,0.0
2050-01-14 20:00:00,0.0,0.0,0.0,0.0,0.0,29.643796875257976,0.0,0.0,0.0,0.0,0.0
2050-01-14 21:00:00,0.0,0.0,0.0,0.0,0.0,30.01927343767602,0.0,0.0,0.0,0.0,0.0
2050-01-14 22:00:00,0.0,0.0,0.0,0.0,0.0,31.83038281276822,0.0,0.0,0.0,0.0,0.0
2050-01-14 23:00:00,0.0,0.0,0.0,0.0,0.0,32.01012500026263,0.0,0.0,0.0,0.0,0.0
2050-01-15 00:00:00,0.0,0.0,0.0,0.0,0.0,28.59565625025425,0.0,0.0,0.0,0.0,0.0
2050-01-15 01:00:00,0.0,0.0,0.0,0.0,0.0,24.917058593942784,0.0,0.0,0.0,0.0,0.0
2050-01-15 02:00:00,0.0,0.0,0.0,0.0,0.0,22.01358203147538,0.0,0.0,0.0,0.0,0.0
2050-01-15 03:00:00,0.0,0.0,0.0,0.0,0.0,21.34700000018347,0.0,0.0,0.0,0.0,0.0
2050-01-15 04:00:00,0.0,0.0,0.0,0.0,0.0,20.282507812720723,0.0,0.0,0.0,0.0,0.0
2050-01-15 05:00:00,0.0,0.0,0.0,0.0,0.0,19.486484375200234,0.0,0.0,0.0,0.0,0.0
2050-01-15 06:00:00,0.0,0.0,0.0,0.0,0.0,18.587656250223517,0.0,0.0,0.0,0.0,0.0
2050-01-15 07:00:00,0.0,0.0,0.0,0.0,0.0,21.80436718778219,0.0,0.0,0.0,0.0,0.0
2050-01-15 08:00:00,0.0,0.0,0.0,0.0,0.0,25.582195312716067,0.0,0.0,0.0,0.0,0.0
2050-01-15 09:00:00,0.0,0.0,0.0,0.0,0.0,29.815132812713273,0.0,0.0,0.0,0.0,0.0
2050-01-15 10:00:00,0.0,0.0,0.0,0.0,0.0,32.87858593778219,0.0,0.0,0.0,0.0,0.0
2050-01-15 11:00:00,0.0,0.0,0.0,0.0,0.0,34.57675000024028,0.0,0.0,0.0,0.0,0.0
2050-01-15 12:00:00,0.0,0.0,0.0,0.0,0.0,35.227203125250526,0.0,0.0,0.0,0.0,0.0
2050-01-15 13:00:00,0.0,0.0,0.0,0.0,0.0,35.76801562518813,0.0,0.0,0.0,0.0,0.0
2050-01-15 14:00:00,0.0,0.0,0.0,0.0,0.0,34.9007421877468,0.0,0.0,0.0,0.0,0.0
2050-01-15 15:00:00,0.0,0.0,0.0,0.0,0.0,34.9095312502468,0.0,0.0,0.0,0.0,0.0
2050-01-15 16:00:00,0.0,0.0,0.0,0.0,0.0,33.97906250017695,0.0,0.0,0.0,0.0,0.0
2050-01-15 17:00:00,0.0,0.0,0.0,0.0,0.0,33.25588281278033,0.0,0.0,0.0,0.0,0.0
2050-01-15 18:00:00,0.0,0.0,0.0,0.0,0.0,32.617125000222586,0.0,0.0,0.0,0.0,0.0
2050-01-15 19:00:00,0.0,0.0,0.0,0.0,0.0,32.33287500019651,0.0,0.0,0.0,0.0,0.0
2050-01-15 20:00:00,0.0,0.0,0.0,0.0,0.0,31.601906250230968,0.0,0.0,0.0,0.0,0.0
2050-01-15 21:00:00,0.0,0.0,0.0,0.0,0.0,30.88559375028126,0.0,0.0,0.0,0.0,0.0
2050-01-15 22:00:00,0.0,0.0,0.0,0.0,0.0,32.23743750026915,0.0,0.0,0.0,0.0,0.0
2050-01-15 23:00:00,0.0,0.0,0.0,0.0,0.0,31.977226562681608,0.0,0.0,0.0,0.0,0.0
2050-01-16 00:00:00,0.0,0.0,0.0,0.0,0.0,28.819531250279397,0.0,0.0,0.0,0.0,0.0
2050-01-16 01:00:00,0.0,0.0,0.0,0.0,0.0,25.39607812522445,0.0,0.0,0.0,0.0,0.0
2050-01-16 02:00:00,0.0,0.0,0.0,0.0,0.0,23.02742187527474,0.0,0.0,0.0,0.0,0.0
2050-01-16 03:00:00,0.0,0.0,0.0,0.0,0.0,21.85133593773935,0.0,0.0,0.0,0.0,0.0
2050-01-16 04:00:00,0.0,0.0,0.0,0.0,0.0,21.30921875021886,0.0,0.0,0.0,0.0,0.0
2050-01-16 05:00:00,0.0,0.0,0.0,0.0,0.0,21.691265625180677,0.0,0.0,0.0,0.0,0.0
2050-01-16 06:00:00,0.0,0.0,0.0,0.0,0.0,21.156140625244007,0.0,0.0,0.0,0.0,0.0
2050-01-16 07:00:00,0.0,0.0,0.0,0.0,0.0,23.895593750290573,0.0,0.0,0.0,0.0,0.0
2050-01-16 08:00:00,0.0,0.0,0.0,0.0,0.0,27.970906250178814,0.0,0.0,0.0,0.0,0.0
2050-01-16 09:00:00,0.0,0.0,0.0,0.0,0.0,32.128343750257045,0.0,0.0,0.0,0.0,0.0
2050-01-16 10:00:00,0.0,0.0,0.0,0.0,0.0,35.00431250024121,0.0,0.0,0.0,0.0,0.0
2050-01-16 11:00:00,0.0,0.0,0.0,0.0,0.0,36.59409375023097,0.0,0.0,0.0,0.0,0.0
2050-01-16 12:00:00,0.0,0.0,0.0,0.0,0.0,38.64400000020396,0.0,0.0,0.0,0.0,0.0
2050-01-16 13:00:00,0.0,0.0,0.0,0.0,0.0,39.67881250020582,0.0,0.0,0.0,0.0,0.0
2050-01-16 14:00:00,0.0,0.0,0.0,0.0,0.0,38.96429687528871,0.0,0.0,0.0,0.0,0.0
2050-01-16 15:00:00,0.0,0.0,0.0,0.0,0.0,39.27614062523935,0.0,0.0,0.0,0.0,0.0
2050-01-16 16:00:00,0.0,0.0,0.0,0.0,0.0,38.00246875023004,0.0,0.0,0.0,0.0,0.0
2050-01-16 17:00:00,0.0,0.0,0.0,0.0,0.0,36.27937500027474,0.0,0.0,0.0,0.0,0.0
2050-01-16 18:00:00,0.0,0.0,0.0,0.0,0.0,33.283390625263564,0.0,0.0,0.0,0.0,0.0
2050-01-16 19:00:00,0.0,0.0,0.0,0.0,0.0,32.78696875018068,0.0,0.0,0.0,0.0,0.0
2050-01-16 20:00:00,0.0,0.0,0.0,0.0,0.0,32.02078125020489,0.0,0.0,0.0,0.0,0.0
2050-01-16 21:00:00,0.0,0.0,0.0,0.0,0.0,31.285562500241213,0.0,0.0,0.0,0.0,0.0
2050-01-16 22:00:00,0.0,0.0,0.0,0.0,0.0,32.7634062502766,0.0,0.0,0.0,0.0,0.0
2050-01-16 23:00:00,0.0,0.0,0.0,0.0,0.0,33.89106250018813,0.0,0.0,0.0,0.0,0.0
2050-01-17 00:00:00,0.0,0.0,0.0,0.0,0.0,30.817343750270084,0.0,0.0,0.0,0.0,0.0
2050-01-17 01:00:00,0.0,0.0,0.0,0.0,0.0,27.535015625180677,0.0,0.0,0.0,0.0,0.0
2050-01-17 02:00:00,0.0,0.0,0.0,0.0,0.0,25.699500000220723,0.0,0.0,0.0,0.0,0.0
2050-01-17 03:00:00,0.0,0.0,0.0,0.0,0.0,23.658687500283122,0.0,0.0,0.0,0.0,0.0
2050-01-17 04:00:00,0.0,0.0,0.0,0.0,0.0,21.964781250222586,0.0,0.0,0.0,0.0,0.0
2050-01-17 05:00:00,0.0,0.0,0.0,0.0,0.0,21.2736093752319,0.0,0.0,0.0,0.0,0.0
2050-01-17 06:00:00,0.0,0.0,0.0,0.0,0.0,20.514437500271015,0.0,0.0,0.0,0.0,0.0
2050-01-17 07:00:00,0.0,0.0,0.0,0.0,0.0,22.848468750249594,0.0,0.0,0.0,0.0,0.0
2050-01-17 08:00:00,0.0,0.0,0.0,0.0,0.0,26.86610937525984,0.0,0.0,0.0,0.0,0.0
2050-01-17 09:00:00,0.0,0.0,0.0,0.0,0.0,30.798484375234693,0.0,0.0,0.0,0.0,0.0
2050-01-17 10:00:00,0.0,0.0,0.0,0.0,0.0,33.271421875222586,0.0,0.0,0.0,0.0,0.0
2050-01-17 11:00:00,0.0,0.0,0.0,0.0,0.0,34.9407812502468,0.0,0.0,0.0,0.0,0.0
2050-01-17 12:00:00,0.0,0.0,0.0,0.0,0.0,35.38065625028685,0.0,0.0,0.0,0.0,0.0
2050-01-17 13:00:00,0.0,0.0,0.0,0.0,0.0,35.679250000277534,0.0,0.0,0.0,0.0,0.0
2050-01-17 14:00:00,0.0,0.0,0.0,0.0,0.0,35.072265625,0.0,0.0,0.0,0.0,0.0
2050-01-17 15:00:00,0.0,0.0,0.0,0.0,0.0,35.663015625206754,0.0,0.0,0.0,0.0,0.0
2050-01-17 16:00:00,0.0,0.0,0.0,0.0,0.0,35.36232812528033,0.0,0.0,0.0,0.0,0.0
2050-01-17 17:00:00,0.0,0.0,0.0,0.0,0.0,35.01010937523097,0.0,0.0,0.0,0.0,0.0
2050-01-17 18:00:00,0.0,0.0,0.0,0.0,0.0,32.52187500020955,0.0,0.0,0.0,0.0,0.0
2050-01-17 19:00:00,0.0,0.0,0.0,0.0,0.0,31.40492187521886,0.0,0.0,0.0,0.0,0.0
2050-01-17 20:00:00,0.0,0.0,0.0,0.0,0.0,30.436109375208616,0.0,0.0,0.0,0.0,0.0
2050-01-17 21:00:00,0.0,0.0,0.0,0.0,0.0,29.771890625241213,0.0,0.0,0.0,0.0,0.0
2050-01-17 22:00:00,0.0,0.0,0.0,0.0,0.0,31.525671875220723,0.0,0.0,0.0,0.0,0.0
2050-01-17 23:00:00,0.0,0.0,0.0,0.0,0.0,32.37604687525891,0.0,0.0,0.0,0.0,0.0
2050-01-18 00:00:00,0.0,0.0,0.0,0.0,0.0,28.426921875216067,0.0,0.0,0.0,0.0,0.0
2050-01-18 01:00:00,0.0,0.0,0.0,0.0,0.0,25.375234375242144,0.0,0.0,0.0,0.0,0.0
2050-01-18 02:00:00,0.0,0.0,0.0,0.0,0.0,22.90264062525239,0.0,0.0,0.0,0.0,0.0
2050-01-18 03:00:00,0.0,0.0,0.0,0.0,0.0,21.53701562527567,0.0,0.0,0.0,0.0,0.0
2050-01-18 04:00:00,0.0,0.0,0.0,0.0,0.0,20.993843750213273,0.0,0.0,0.0,0.0,0.0
2050-01-18 05:00:00,0.0,0.0,0.0,0.0,0.0,20.50610937527381,0.0,0.0,0.0,0.0,0.0
2050-01-18 06:00:00,0.0,0.0,0.0,0.0,0.0,19.929343750234693,0.0,0.0,0.0,0.0,0.0
2050-01-18 07:00:00,0.0,0.0,0.0,0.0,0.0,22.40965625026729,0.0,0.0,0.0,0.0,0.0
2050-01-18 08:00:00,0.0,0.0,0.0,0.0,0.0,26.79256250022445,0.0,0.0,0.0,0.0,0.0
2050-01-18 09:00:00,0.0,0.0,0.0,0.0,0.0,32.571843750192784,0.0,0.0,0.0,0.0,0.0
2050-01-18 10:00:00,0.0,0.0,0.0,0.0,0.0,35.10446875018533,0.0,0.0,0.0,0.0,0.0
2050-01-18 11:00:00,0.0,0.0,0.0,0.0,0.0,36.56815625028685,0.0,0.0,0.0,0.0,0.0
2050-01-18 12:00:00,0.0,0.0,0.0,0.0,0.0,37.062468750285916,0.0,0.0,0.0,0.0,0.0
2050-01-18 13:00:00,0.0,0.0,0.0,0.0,0.0,37.63503125018906,0.0,0.0,0.0,0.0,0.0
2050-01-18 14:00:00,0.0,0.0,0.0,0.0,0.0,36.48621875024401,0.0,0.0,0.0,0.0,0.0
2050-01-18 15:00:00,0.0,0.0,0.0,0.0,0.0,36.64881250017788,0.0,0.0,0.0,0.0,0.0
2050-01-18 16:00:00,0.0,0.0,0.0,0.0,0.0,36.018343750271015,0.0,0.0,0.0,0.0,0.0
2050-01-18 17:00:00,0.0,0.0,0.0,0.0,0.0,35.09125000028871,0.0,0.0,0.0,0.0,0.0
2050-01-18 18:00:00,0.0,0.0,0.0,0.0,0.0,33.77453125023749,0.0,0.0,0.0,0.0,0.0
2050-01-18 19:00:00,0.0,0.0,0.0,0.0,0.0,32.132125000236556,0.0,0.0,0.0,0.0,0.0
2050-01-18 20:00:00,0.0,0.0,0.0,0.0,0.0,32.27056250022724,0.0,0.0,0.0,0.0,0.0
2050-01-18 21:00:00,0.0,0.0,0.0,0.0,0.0,32.091156250215136,0.0,0.0,0.0,0.0,0.0
2050-01-18 22:00:00,0.0,0.0,0.0,0.0,0.0,33.88137500023004,0.0,0.0,0.0,0.0,0.0
2050-01-18 23:00:00,0.0,0.0,0.0,0.0,0.0,32.49468750017695,0.0,0.0,0.0,0.0,0.0
2050-01-19 00:00:00,0.0,0.0,0.0,0.0,0.0,29.539625000208616,0.0,0.0,0.0,0.0,0.0
2050-01-19 01:00:00,0.0,0.0,0.0,0.0,0.0,26.484718750230968,0.0,0.0,0.0,0.0,0.0
2050-01-19 02:00:00,0.0,0.0,0.0,0.0,0.0,23.977750000194646,0.0,0.0,0.0,0.0,0.0
2050-01-19 03:00:00,0.0,0.0,0.0,0.0,0.0,23.15068750025239,0.0,0.0,0.0,0.0,0.0
2050-01-19 04:00:00,0.0,0.0,0.0,0.0,0.0,22.061031250283122,0.0,0.0,0.0,0.0,0.0
2050-01-19 05:00:00,0.0,0.0,0.0,0.0,0.0,20.655156250228174,0.0,0.0,0.0,0.0,0.0
2050-01-19 06:00:00,0.0,0.0,0.0,0.0,0.0,19.541656250250526,0.0,0.0,0.0,0.0,0.0
2050-01-19 07:00:00,0.0,0.0,0.0,0.0,0.0,21.95184375019744,0.0,0.0,0.0,0.0,0.0
2050-01-19 08:00:00,0.0,0.0,0.0,0.0,0.0,25.931875000242144,0.0,0.0,0.0,0.0,0.0
2050-01-19 09:00:00,0.0,0.0,0.0,0.0,0.0,31.170968750258908,39.07747660094452,0.0,0.0,27.35423362066115,0.0
2050-01-19 10:00:00,0.0,0.0,0.0,0.0,0.0,35.28640625020489,0.0,0.0,0.0,0.0,0.0
2050-01-19 11:00:00,0.0,0.0,0.0,0.0,0.0,36.888875000178814,35.08485203867712,0.0,0.0,24.55939642707398,0.0
2050-01-19 12:00:00,0.0,0.0,0.0,0.0,0.0,37.20950000023004,25.244713376732463,0.0,0.0,17.671299363712723,0.0
2050-01-19 13:00:00,0.0,0.0,0.0,0.0,0.0,37.51712500024587,39.07747660094451,0.0,0.0,27.35423362066115,0.0
2050-01-19 14:00:00,0.0,0.0,0.0,0.0,0.0,36.70703125,39.07747660094452,0.0,0.0,27.35423362066115,0.0
2050-01-19 15:00:00,0.0,0.0,0.0,0.0,0.0,36.306125000235625,17.33865832450389,0.0,0.0,12.137060827152721,0.0
2050-01-19 16:00:00,0.0,0.0,0.0,0.0,0.0,35.79750000021886,8.261000989289059,0.0,0.0,5.782700692502341,0.0
2050-01-19 17:00:00,0.0,0.0,0.0,0.0,0.0,35.05768750025891,27.6361981535923,0.0,0.0,19.34533870751461,0.0
2050-01-19 18:00:00,0.0,0.0,0.0,0.0,0.0,35.024656250257976,37.399903404741764,0.0,0.0,26.179932383319233,0.0
2050-01-19 19:00:00,0.0,0.0,0.0,0.0,0.0,34.29656250018161,21.853289692697857,0.0,0.0,15.2973027848885,0.0
2050-01-19 20:00:00,0.0,0.0,0.0,0.0,0.0,33.5903750002617,23.37893859310064,0.0,0.0,16.365257015170446,0.0
2050-01-19 21:00:00,0.0,0.0,0.0,0.0,0.0,33.68287500028964,19.253860363716015,0.0,0.0,13.47770225460121,0.0
2050-01-19 22:00:00,0.0,0.0,0.0,0.0,0.0,34.62684375024401,39.07747660094452,0.0,0.0,27.354233620661162,0.0
2050-01-19 23:00:00,0.0,0.0,0.0,0.0,0.0,34.61781250021886,3.0284599586726273,0.0,0.0,2.119921971070839,0.0
2050-01-20 00:00:00,0.0,0.0,0.0,0.0,0.0,30.61390625021886,31.43286846413138,0.0,0.0,22.003007924891964,0.0
2050-01-20 01:00:00,0.0,0.0,0.0,0.0,0.0,28.006593750207685,27.446739432826856,0.0,0.0,19.2127176029788,0.0
2050-01-20 02:00:00,0.0,0.0,0.0,0.0,0.0,26.232875000219792,17.4901504893237,0.0,0.0,12.243105342526588,0.0
2050-01-20 03:00:00,0.0,0.0,0.0,0.0,0.0,24.503218750236556,7.053595618025049,0.0,0.0,4.937516932617534,0.0
2050-01-20 04:00:00,0.0,0.0,0.0,0.0,0.0,22.579312500194646,0.0,0.2687619078087522,0.0,0.0,0.27424684470280836
2050-01-20 05:00:00,0.0,0.0,0.0,0.0,0.0,22.16065625019837,0.0,6.391670442886381,0.0,0.0,6.522112696822839
2050-01-20 06:00:00,0.0,0.0,0.0,0.0,0.0,19.964000000269152,0.0,3.9652490306018247,0.0,0.0,4.046172480205944
2050-01-20 07:00:00,0.0,0.0,0.0,0.0,0.0,20.34321875020396,0.0,6.67654355935668,0.0,0.0,6.812799550363959
2050-01-20 08:00:00,0.0,0.0,0.0,0.0,0.0,22.642812500242144,0.0,15.381046984032327,0.0,0.0,15.694945902073805
2050-01-20 09:00:00,0.0,0.0,0.0,0.0,0.0,27.30228125024587,0.0,29.36487496689771,0.0,0.0,29.96415812948746
2050-01-20 10:00:00,0.0,0.0,0.0,0.0,0.0,29.996406250284053,0.0,43.73995049595425,0.0,0.0,44.63260254689209
2050-01-20 11:00:00,0.0,0.0,0.0,0.0,0.0,32.09671875019558,0.0,42.30944757622503,0.0,0.0,43.172905690025544
2050-01-20 12:00:00,0.0,0.0,0.0,0.0,0.0,33.23512500023935,0.0,36.400712413013444,0.0,0.0,37.14358409491168
2050-01-20 13:00:00,0.0,0.0,0.0,0.0,0.0,33.844718750217,0.0,30.441662070741916,0.0,0.0,31.062920480348897
2050-01-20 14:00:00,0.0,0.0,0.0,0.0,0.0,33.3263437502319,0.0,28.480727366572644,0.0,0.0,29.061966700584332
2050-01-20 15:00:00,0.0,0.0,0.0,0.0,0.0,32.141843750257976,0.0,27.694336523156704,0.0,0.0,28.259527064445617
2050-01-20 16:00:00,0.0,0.0,0.0,0.0,0.0,31.647125000250526,0.0,26.148131116030786,0.0,0.0,26.681766444929373
2050-01-20 17:00:00,0.0,0.0,0.0,0.0,0.0,30.991750000277534,0.0,10.215042461205757,0.0,0.0,10.423512715516079
2050-01-20 18:00:00,0.0,0.0,0.0,0.0,0.0,31.149406250216998,0.0,0.0,0.0,0.0,0.0
2050-01-20 19:00:00,0.0,0.0,0.0,0.0,0.0,31.49243750027381,0.0,0.0,0.0,0.0,0.0
2050-01-20 20:00:00,0.0,0.0,0.0,0.0,0.0,31.852468750206754,0.0,0.0,0.0,0.0,0.0
2050-01-20 21:00:00,0.0,0.0,0.0,0.0,0.0,31.688656250247732,0.0,0.0,0.0,0.0,0.0
2050-01-20 22:00:00,0.0,0.0,0.0,0.0,0.0,32.79268750024494,0.0,0.0,0.0,0.0,0.0
2050-01-20 23:00:00,0.0,0.0,0.0,0.0,0.0,32.329562500235625,0.0,0.0,0.0,0.0,0.0
2050-01-21 00:00:00,0.0,0.0,0.0,0.0,0.0,28.574531250284053,0.0,0.0,0.0,0.0,0.0
2050-01-21 01:00:00,0.0,0.0,0.0,0.0,0.0,26.247250000247732,0.0,0.0,0.0,0.0,0.0
2050-01-21 02:00:00,0.0,0.0,0.0,0.0,0.0,24.048562500276603,0.0,0.0,0.0,0.0,0.0
2050-01-21 03:00:00,0.0,0.0,0.0,0.0,0.0,22.529687500209548,0.0,0.0,0.0,0.0,0.0
2050-01-21 04:00:00,0.0,0.0,0.0,0.0,0.0,21.543437500251457,0.0,0.0,0.0,0.0,0.0
2050-01-21 05:00:00,0.0,0.0,0.0,0.0,0.0,21.029156250180677,0.0,0.0,0.0,0.0,0.0
2050-01-21 06:00:00,0.0,0.0,0.0,0.0,0.0,19.23893750028219,0.0,0.0,0.0,0.0,0.0
2050-01-21 07:00:00,0.0,0.0,0.0,0.0,0.0,18.83162500022445,0.0,0.0,0.0,0.0,0.0
2050-01-21 08:00:00,0.0,0.0,0.0,0.0,0.0,19.606437500216998,0.0,0.0,0.0,0.0,0.0
2050-01-21 09:00:00,0.0,0.0,0.0,0.0,0.0,21.495750000234693,0.0,0.0,0.0,0.0,0.0
2050-01-21 10:00:00,0.0,0.0,0.0,0.0,0.0,23.831468750257045,0.0,0.0,0.0,0.0,0.0
2050-01-21 11:00:00,0.0,0.0,0.0,0.0,0.0,26.199593750177883,0.0,0.0,0.0,0.0,0.0
2050-01-21 12:00:00,0.0,0.0,0.0,0.0,0.0,28.174906250205822,0.0,0.0,0.0,0.0,0.0
2050-01-21 13:00:00,0.0,0.0,0.0,0.0,0.0,29.598968750215136,0.0,0.0,0.0,0.0,0.0
2050-01-21 14:00:00,0.0,0.0,0.0,0.0,0.0,29.360937500256114,0.0,0.0,0.0,0.0,0.0
2050-01-21 15:00:00,0.0,0.0,0.0,0.0,0.0,28.86921875027474,0.0,0.0,0.0,0.0,0.0
2050-01-21 16:00:00,0.0,0.0,0.0,0.0,0.0,28.450281250290573,0.0,0.0,0.0,0.0,0.0
2050-01-21 17:00:00,0.0,0.0,0.0,0.0,0.0,28.251218750257976,0.0,0.0,0.0,0.0,0.0
2050-01-21 18:00:00,0.0,0.0,0.0,0.0,0.0,28.5345312502468,0.0,0.0,0.0,0.0,0.0
2050-01-21 19:00:00,0.0,0.0,0.0,0.0,0.0,28.874843750265427,0.0,0.0,0.0,0.0,0.0
2050-01-21 20:00:00,0.0,0.0,0.0,0.0,0.0,30.180093750241213,0.0,0.0,0.0,0.0,0.0
2050-01-21 21:00:00,0.0,0.0,0.0,0.0,0.0,31.785187500179745,0.0,0.0,0.0,0.0,0.0
2050-01-21 22:00:00,0.0,0.0,0.0,0.0,0.0,33.19893750024494,0.0,0.0,0.0,0.0,0.0
2050-01-21 23:00:00,0.0,0.0,0.0,0.0,0.0,31.972093750257045,0.0,0.0,0.0,0.0,0.0
2050-01-22 00:00:00,0.0,0.0,0.0,0.0,0.0,28.520625000237487,0.0,0.0,0.0,0.0,0.0
2050-01-22 01:00:00,0.0,0.0,0.0,0.0,0.0,25.64915625017602,0.0,0.0,0.0,0.0,0.0
2050-01-22 02:00:00,0.0,0.0,0.0,0.0,0.0,23.239468750194646,0.0,0.0,0.0,0.0,0.0
2050-01-22 03:00:00,0.0,0.0,0.0,0.0,0.0,22.04171875026077,0.0,0.0,0.0,0.0,0.0
2050-01-22 04:00:00,0.0,0.0,0.0,0.0,0.0,21.4888125002617,0.0,0.0,0.0,0.0,0.0
2050-01-22 05:00:00,0.0,0.0,0.0,0.0,0.0,21.34653125028126,0.0,0.0,0.0,0.0,0.0
2050-01-22 06:00:00,0.0,0.0,0.0,0.0,0.0,20.15550000022631,0.0,0.0,0.0,0.0,0.0
2050-01-22 07:00:00,0.0,0.0,0.0,0.0,0.0,22.659062500228174,0.0,0.0,0.0,0.0,0.0
2050-01-22 08:00:00,0.0,0.0,0.0,0.0,0.0,26.536468750215136,0.0,0.0,0.0,0.0,0.0
2050-01-22 09:00:00,0.0,0.0,0.0,0.0,0.0,30.0919687502319,0.0,0.0,0.0,0.0,0.0
2050-01-22 10:00:00,0.0,0.0,0.0,0.0,0.0,32.41959375026636,0.0,0.0,0.0,0.0,0.0
2050-01-22 11:00:00,0.0,0.0,0.0,0.0,0.0,34.638875000178814,0.0,0.0,0.0,0.0,0.0
2050-01-22 12:00:00,0.0,0.0,0.0,0.0,0.0,37.56312500021886,0.0,0.0,0.0,0.0,0.0
2050-01-22 13:00:00,0.0,0.0,0.0,0.0,0.0,37.97581250022631,0.0,0.0,0.0,0.0,0.0
2050-01-22 14:00:00,0.0,0.0,0.0,0.0,0.0,37.549437500187196,0.0,0.0,0.0,0.0,0.0
2050-01-22 15:00:00,0.0,0.0,0.0,0.0,0.0,37.76131250022445,0.0,0.0,0.0,0.0,0.0
2050-01-22 16:00:00,0.0,0.0,0.0,0.0,0.0,37.45725000021048,0.0,0.0,0.0,0.0,0.0
2050-01-22 17:00:00,0.0,0.0,0.0,0.0,0.0,36.57825000025332,0.0,0.0,0.0,0.0,0.0
2050-01-22 18:00:00,0.0,0.0,0.0,0.0,0.0,36.377062500221655,0.0,0.0,0.0,0.0,0.0
2050-01-22 19:00:00,0.0,0.0,0.0,0.0,0.0,35.52593750017695,0.0,0.0,0.0,0.0,0.0
2050-01-22 20:00:00,0.0,0.0,0.0,0.0,0.0,33.81806250021327,0.0,0.0,0.0,0.0,0.0
2050-01-22 21:00:00,0.0,0.0,0.0,0.0,0.0,32.99812500027474,0.0,0.0,0.0,0.0,0.0
2050-01-22 22:00:00,0.0,0.0,0.0,0.0,0.0,34.45418750029057,0.0,0.0,0.0,0.0,0.0
2050-01-22 23:00:00,0.0,0.0,0.0,0.0,0.0,34.6579375002766,0.0,0.0,0.0,0.0,0.0
2050-01-23 00:00:00,0.0,0.0,0.0,0.0,0.0,30.33456250024028,0.0,0.0,0.0,0.0,0.0
2050-01-23 01:00:00,0.0,0.0,0.0,0.0,0.0,26.525375000201166,0.0,0.0,0.0,0.0,0.0
2050-01-23 02:00:00,0.0,0.0,0.0,0.0,0.0,24.04700000025332,0.0,0.0,0.0,0.0,0.0
2050-01-23 03:00:00,0.0,0.0,0.0,0.0,0.0,23.17175000021234,0.0,0.0,0.0,0.0,0.0
2050-01-23 04:00:00,0.0,0.0,0.0,0.0,0.0,22.203312500263564,0.0,0.0,0.0,0.0,0.0
2050-01-23 05:00:00,0.0,0.0,0.0,0.0,0.0,21.50831250019837,0.0,0.0,0.0,0.0,0.0
2050-01-23 06:00:00,0.0,0.0,0.0,0.0,0.0,21.148375000222586,0.0,0.0,0.0,0.0,0.0
2050-01-23 07:00:00,0.0,0.0,0.0,0.0,0.0,23.13368750025984,0.0,0.0,0.0,0.0,0.0
2050-01-23 08:00:00,0.0,0.0,0.0,0.0,0.0,26.87912500021048,0.0,0.0,0.0,0.0,0.0
2050-01-23 09:00:00,0.0,0.0,0.0,0.0,0.0,30.938062500208616,0.0,0.0,0.0,0.0,0.0
2050-01-23 10:00:00,0.0,0.0,0.0,0.0,0.0,33.64793750026729,0.0,0.0,0.0,0.0,0.0
2050-01-23 11:00:00,0.0,0.0,0.0,0.0,0.0,35.111312500201166,0.0,0.0,0.0,0.0,0.0
2050-01-23 12:00:00,0.0,0.0,0.0,0.0,0.0,35.41762500023469,0.0,0.0,0.0,0.0,0.0
2050-01-23 13:00:00,0.0,0.0,0.0,0.0,0.0,36.07900000025984,0.0,0.0,0.0,0.0,0.0
2050-01-23 14:00:00,0.0,0.0,0.0,0.0,0.0,36.18562500027474,0.0,0.0,0.0,0.0,0.0
2050-01-23 15:00:00,0.0,0.0,0.0,0.0,0.0,36.148375000222586,0.0,0.0,0.0,0.0,0.0
2050-01-23 16:00:00,0.0,0.0,0.0,0.0,0.0,35.78093750018161,0.0,0.0,0.0,0.0,0.0
2050-01-23 17:00:00,0.0,0.0,0.0,0.0,0.0,34.80256250023376,0.0,0.0,0.0,0.0,0.0
2050-01-23 18:00:00,0.0,0.0,0.0,0.0,0.0,33.91431250027381,0.0,0.0,0.0,0.0,0.0
2050-01-23 19:00:00,0.0,0.0,0.0,0.0,0.0,33.04143750027288,0.0,0.0,0.0,0.0,0.0
2050-01-23 20:00:00,0.0,0.0,0.0,0.0,0.0,32.04862500028685,0.0,0.0,0.0,0.0,0.0
2050-01-23 21:00:00,0.0,0.0,0.0,0.0,0.0,31.50287500023842,0.0,0.0,0.0,0.0,0.0
2050-01-23 22:00:00,0.0,0.0,0.0,0.0,0.0,32.92437500017695,0.0,0.0,0.0,0.0,0.0
2050-01-23 23:00:00,0.0,0.0,0.0,0.0,0.0,33.05106250022072,0.0,0.0,0.0,0.0,0.0
2050-01-24 00:00:00,0.0,0.0,0.0,0.0,0.0,29.790875000180677,0.0,0.0,0.0,0.0,0.0
2050-01-24 01:00:00,0.0,0.0,0.0,0.0,0.0,26.432375000207685,0.0,0.0,0.0,0.0,0.0
2050-01-24 02:00:00,0.0,0.0,0.0,0.0,0.0,24.10987500019837,0.0,0.0,0.0,0.0,0.0
2050-01-24 03:00:00,0.0,0.0,0.0,0.0,0.0,23.051062500220723,0.0,0.0,0.0,0.0,0.0
2050-01-24 04:00:00,0.0,0.0,0.0,0.0,0.0,21.910000000265427,0.0,0.0,0.0,0.0,0.0
2050-01-24 05:00:00,0.0,0.0,0.0,0.0,0.0,21.115562500199303,0.0,0.0,0.0,0.0,0.0
2050-01-24 06:00:00,0.0,0.0,0.0,0.0,0.0,20.43581250018906,0.0,0.0,0.0,0.0,0.0
2050-01-24 07:00:00,0.0,0.0,0.0,0.0,0.0,23.200187500216998,0.0,0.0,0.0,0.0,0.0
2050-01-24 08:00:00,0.0,0.0,0.0,0.0,0.0,27.537250000284985,0.0,0.0,0.0,0.0,0.0
2050-01-24 09:00:00,0.0,0.0,0.0,0.0,0.0,30.719937500194646,0.0,0.0,0.0,0.0,0.0
2050-01-24 10:00:00,0.0,0.0,0.0,0.0,0.0,33.52431250025984,0.0,0.0,0.0,0.0,0.0
2050-01-24 11:00:00,0.0,0.0,0.0,0.0,0.0,35.03631250024773,0.0,0.0,0.0,0.0,0.0
2050-01-24 12:00:00,0.0,0.0,0.0,0.0,0.0,35.75275000021793,0.0,0.0,0.0,0.0,0.0
2050-01-24 13:00:00,0.0,0.0,0.0,0.0,0.0,35.88912500021979,0.0,0.0,0.0,0.0,0.0
2050-01-24 14:00:00,0.0,0.0,0.0,0.0,0.0,35.715625000186265,0.0,0.0,0.0,0.0,0.0
2050-01-24 15:00:00,0.0,0.0,0.0,0.0,0.0,36.263812500284985,0.0,0.0,0.0,0.0,0.0
2050-01-24 16:00:00,0.0,0.0,0.0,0.0,0.0,35.72381250024773,0.0,0.0,0.0,0.0,0.0
2050-01-24 17:00:00,0.0,0.0,0.0,0.0,0.0,37.1125000002794,0.0,0.0,0.0,0.0,0.0
2050-01-24 18:00:00,0.0,0.0,0.0,0.0,0.0,36.835875000222586,0.0,0.0,0.0,0.0,0.0
2050-01-24 19:00:00,0.0,0.0,0.0,0.0,0.0,36.11643750022631,0.0,0.0,0.0,0.0,0.0
2050-01-24 20:00:00,0.0,0.0,0.0,0.0,0.0,35.31262500025332,0.0,0.0,0.0,0.0,0.0
2050-01-24 21:00:00,0.0,0.0,0.0,0.0,0.0,33.80868750018999,0.0,0.0,0.0,0.0,0.0
2050-01-24 22:00:00,0.0,0.0,0.0,0.0,0.0,34.627812500228174,0.0,0.0,0.0,0.0,0.0
2050-01-24 23:00:00,0.0,0.0,0.0,0.0,0.0,34.484937500208616,0.0,0.0,0.0,0.0,0.0
2050-01-25 00:00:00,0.0,0.0,0.0,0.0,0.0,29.925750000285916,0.0,0.0,0.0,0.0,0.0
2050-01-25 01:00:00,0.0,0.0,0.0,0.0,0.0,27.36793750023935,0.0,0.0,0.0,0.0,0.0
2050-01-25 02:00:00,0.0,0.0,0.0,0.0,0.0,25.31537500023842,0.0,0.0,0.0,0.0,0.0
2050-01-25 03:00:00,0.0,0.0,0.0,0.0,0.0,23.845437500276603,0.0,0.0,0.0,0.0,0.0
2050-01-25 04:00:00,0.0,0.0,0.0,0.0,0.0,22.293375000241213,0.0,0.0,0.0,0.0,0.0
2050-01-25 05:00:00,0.0,0.0,0.0,0.0,0.0,22.151875000214204,0.0,0.0,0.0,0.0,0.0
2050-01-25 06:00:00,0.0,0.0,0.0,0.0,0.0,21.919812500244007,0.0,0.0,0.0,0.0,0.0
2050-01-25 07:00:00,0.0,0.0,0.0,0.0,0.0,23.51118750020396,0.0,0.0,0.0,0.0,0.0
2050-01-25 08:00:00,0.0,0.0,0.0,0.0,0.0,27.38331250019837,0.0,0.0,0.0,0.0,0.0
2050-01-25 09:00:00,0.0,0.0,0.0,0.0,0.0,31.554625000222586,0.0,0.0,0.0,0.0,0.0
2050-01-25 10:00:00,0.0,0.0,0.0,0.0,0.0,35.06431250018068,0.0,0.0,0.0,0.0,0.0
2050-01-25 11:00:00,0.0,0.0,0.0,0.0,0.0,37.15025000018068,0.0,0.0,0.0,0.0,0.0
2050-01-25 12:00:00,0.0,0.0,0.0,0.0,0.0,37.82075000018813,0.0,0.0,0.0,0.0,0.0
2050-01-25 13:00:00,0.0,0.0,0.0,0.0,0.0,38.32018750021234,0.0,0.0,0.0,0.0,0.0
2050-01-25 14:00:00,0.0,0.0,0.0,0.0,0.0,37.94131250027567,0.0,0.0,0.0,0.0,0.0
2050-01-25 15:00:00,0.0,0.0,0.0,0.0,0.0,36.8688750002766,0.0,0.0,0.0,0.0,0.0
2050-01-25 16:00:00,0.0,0.0,0.0,0.0,0.0,35.5187500002794,0.0,0.0,0.0,0.0,0.0
2050-01-25 17:00:00,0.0,0.0,0.0,0.0,0.0,34.13006250024773,0.0,0.0,0.0,0.0,0.0
2050-01-25 18:00:00,0.0,0.0,0.0,0.0,0.0,35.32431250018999,0.0,0.0,0.0,0.0,0.0
2050-01-25 19:00:00,0.0,0.0,0.0,0.0,0.0,34.92887500021607,0.0,0.0,0.0,0.0,0.0
2050-01-25 20:00:00,0.0,0.0,0.0,0.0,0.0,33.07218750019092,0.0,0.0,0.0,0.0,0.0
2050-01-25 21:00:00,0.0,0.0,0.0,0.0,0.0,32.401875000214204,0.0,0.0,0.0,0.0,0.0
2050-01-25 22:00:00,0.0,0.0,0.0,0.0,0.0,34.629062500200234,0.0,0.0,0.0,0.0,0.0
2050-01-25 23:00:00,0.0,0.0,0.0,0.0,0.0,33.77262500021607,0.0,0.0,0.0,0.0,0.0
2050-01-26 00:00:00,0.0,0.0,0.0,0.0,0.0,30.48700000019744,0.0,0.0,0.0,0.0,0.0
2050-01-26 01:00:00,0.0,0.0,0.0,0.0,0.0,27.23112500028219,0.0,0.0,0.0,0.0,0.0
2050-01-26 02:00:00,0.0,0.0,0.0,0.0,0.0,24.846312500187196,0.0,0.0,0.0,0.0,0.0
2050-01-26 03:00:00,0.0,0.0,0.0,0.0,0.0,23.764062500209548,0.0,0.0,0.0,0.0,0.0
2050-01-26 04:00:00,0.0,0.0,0.0,0.0,0.0,21.985187500249594,0.0,0.0,0.0,0.0,0.0
2050-01-26 05:00:00,0.0,0.0,0.0,0.0,0.0,21.62700000021141,0.0,0.0,0.0,0.0,0.0
2050-01-26 06:00:00,0.0,0.0,0.0,0.0,0.0,20.719562500249594,0.0,0.0,0.0,0.0,0.0
2050-01-26 07:00:00,0.0,0.0,0.0,0.0,0.0,22.663062500185333,0.0,0.0,0.0,0.0,0.0
2050-01-26 08:00:00,0.0,0.0,0.0,0.0,0.0,26.823875000234693,0.0,0.0,0.0,0.0,0.0
2050-01-26 09:00:00,0.0,0.0,0.0,0.0,0.0,31.149125000229105,0.0,0.0,0.0,0.0,0.0
2050-01-26 10:00:00,0.0,0.0,0.0,0.0,0.0,33.285937500186265,0.0,0.0,0.0,0.0,0.0
2050-01-26 11:00:00,0.0,0.0,0.0,0.0,0.0,36.41200000024401,0.0,0.0,0.0,0.0,0.0
2050-01-26 12:00:00,0.0,0.0,0.0,0.0,0.0,36.272750000236556,0.0,0.0,0.0,0.0,0.0
2050-01-26 13:00:00,0.0,0.0,0.0,0.0,0.0,37.37918750022072,0.0,0.0,0.0,0.0,0.0
2050-01-26 14:00:00,0.0,0.0,0.0,0.0,0.0,36.987687500193715,0.0,0.0,0.0,0.0,0.0
2050-01-26 15:00:00,0.0,0.0,0.0,0.0,0.0,37.15812500019092,0.0,0.0,0.0,0.0,0.0
2050-01-26 16:00:00,0.0,0.0,0.0,0.0,0.0,37.970687500201166,0.0,0.0,0.0,0.0,0.0
2050-01-26 17:00:00,0.0,0.0,0.0,0.0,0.0,36.4786875002319,0.0,0.0,0.0,0.0,0.0
2050-01-26 18:00:00,0.0,0.0,0.0,0.0,0.0,34.4134375002468,0.0,0.0,0.0,0.0,0.0
2050-01-26 19:00:00,0.0,0.0,0.0,0.0,0.0,33.55143750028219,0.0,0.0,0.0,0.0,0.0
2050-01-26 20:00:00,0.0,0.0,0.0,0.0,0.0,32.16506250028033,0.0,0.0,0.0,0.0,0.0
2050-01-26 21:00:00,0.0,0.0,0.0,0.0,0.0,31.789875000249594,0.0,0.0,0.0,0.0,0.0
2050-01-26 22:00:00,0.0,0.0,0.0,0.0,0.0,33.18937500019092,0.0,0.0,0.0,0.0,0.0
2050-01-26 23:00:00,0.0,0.0,0.0,0.0,0.0,32.58837500028312,0.0,0.0,0.0,0.0,0.0
2050-01-27 00:00:00,0.0,0.0,0.0,0.0,0.0,28.220437500276603,0.0,0.0,0.0,0.0,0.0
2050-01-27 01:00:00,0.0,0.0,0.0,0.0,0.0,25.352750000194646,0.0,0.0,0.0,0.0,0.0
2050-01-27 02:00:00,0.0,0.0,0.0,0.0,0.0,23.266687500290573,0.0,0.0,0.0,0.0,0.0
2050-01-27 03:00:00,0.0,0.0,0.0,0.0,0.0,22.163625000277534,0.0,0.0,0.0,0.0,0.0
2050-01-27 04:00:00,0.0,0.0,0.0,0.0,0.0,20.906812500208616,0.0,0.0,0.0,0.0,0.0
2050-01-27 05:00:00,0.0,0.0,0.0,0.0,0.0,20.22150000021793,0.0,0.0,0.0,0.0,0.0
2050-01-27 06:00:00,0.0,0.0,0.0,0.0,0.0,18.524437500280328,0.0,0.0,0.0,0.0,0.0
2050-01-27 07:00:00,0.0,0.0,0.0,0.0,0.0,18.741500000236556,0.0,0.0,0.0,0.0,0.0
2050-01-27 08:00:00,0.0,0.0,0.0,0.0,0.0,20.93425000028219,0.0,0.0,0.0,0.0,0.0
2050-01-27 09:00:00,0.0,0.0,0.0,0.0,0.0,25.3224375002319,0.0,0.0,0.0,0.0,0.0
2050-01-27 10:00:00,0.0,0.0,0.0,0.0,0.0,28.22993750020396,0.0,0.0,0.0,0.0,0.0
2050-01-27 11:00:00,0.0,0.0,0.0,0.0,0.0,29.961625000229105,0.0,0.0,0.0,0.0,0.0
2050-01-27 12:00:00,0.0,0.0,0.0,0.0,0.0,31.15712500025984,0.0,0.0,0.0,0.0,0.0
2050-01-27 13:00:00,0.0,0.0,0.0,0.0,0.0,32.6495625001844,0.0,0.0,0.0,0.0,0.0
2050-01-27 14:00:00,0.0,0.0,0.0,0.0,0.0,33.446625000215136,0.0,0.0,0.0,0.0,0.0
2050-01-27 15:00:00,0.0,0.0,0.0,0.0,0.0,32.42487500025891,0.0,0.0,0.0,0.0,0.0
2050-01-27 16:00:00,0.0,0.0,0.0,0.0,0.0,31.19331250025425,0.0,0.0,0.0,0.0,0.0
2050-01-27 17:00:00,0.0,0.0,0.0,0.0,0.0,30.811000000219792,0.0,0.0,0.0,0.0,0.0
2050-01-27 18:00:00,0.0,0.0,0.0,0.0,0.0,30.533062500180677,0.0,0.0,0.0,0.0,0.0
2050-01-27 19:00:00,0.0,0.0,0.0,0.0,0.0,30.450875000213273,0.0,0.0,0.0,0.0,0.0
2050-01-27 20:00:00,0.0,0.0,0.0,0.0,0.0,29.871125000179745,0.0,0.0,0.0,0.0,0.0
2050-01-27 21:00:00,0.0,0.0,0.0,0.0,0.0,29.77468750020489,0.0,0.0,0.0,0.0,0.0
2050-01-27 22:00:00,0.0,0.0,0.0,0.0,0.0,31.8481875002617,0.0,0.0,0.0,0.0,0.0
2050-01-27 23:00:00,0.0,0.0,0.0,0.0,0.0,32.89537500019651,0.0,0.0,0.0,0.0,0.0
2050-01-28 00:00:00,0.0,0.0,0.0,0.0,0.0,28.940187500207685,0.0,0.0,0.0,0.0,0.0
2050-01-28 01:00:00,0.0,0.0,0.0,0.0,0.0,25.548937500221655,0.0,0.0,0.0,0.0,0.0
2050-01-28 02:00:00,0.0,0.0,0.0,0.0,0.0,23.508875000290573,0.0,0.0,0.0,0.0,0.0
2050-01-28 03:00:00,0.0,0.0,0.0,0.0,0.0,22.341000000247732,0.0,0.0,0.0,0.0,0.0
2050-01-28 04:00:00,0.0,0.0,0.0,0.0,0.0,21.7443125002319,0.0,0.0,0.0,0.0,0.0
2050-01-28 05:00:00,0.0,0.0,0.0,0.0,0.0,21.666625000187196,0.0,0.0,0.0,0.0,0.0
2050-01-28 06:00:00,0.0,0.0,0.0,0.0,0.0,19.672437500208616,0.0,0.0,0.0,0.0,0.0
2050-01-28 07:00:00,0.0,0.0,0.0,0.0,0.0,19.0513125002617,0.0,0.0,0.0,0.0,0.0
2050-01-28 08:00:00,0.0,0.0,0.0,0.0,0.0,19.317937500192784,0.0,0.0,0.0,0.0,0.0
2050-01-28 09:00:00,0.0,0.0,0.0,0.0,0.0,20.942437500227243,0.0,0.0,0.0,0.0,0.0
2050-01-28 10:00:00,0.0,0.0,0.0,0.0,0.0,23.26612500019837,0.0,0.0,0.0,0.0,0.0
2050-01-28 11:00:00,0.0,0.0,0.0,0.0,0.0,25.480812500230968,0.0,0.0,0.0,0.0,0.0
2050-01-28 12:00:00,0.0,0.0,0.0,0.0,0.0,26.986562500242144,0.0,0.0,0.0,0.0,0.0
2050-01-28 13:00:00,0.0,0.0,0.0,0.0,0.0,28.239625000278465,0.0,0.0,0.0,0.0,0.0
2050-01-28 14:00:00,0.0,0.0,0.0,0.0,0.0,28.259000000194646,0.0,0.0,0.0,0.0,0.0
2050-01-28 15:00:00,0.0,0.0,0.0,0.0,0.0,28.25262500019744,0.0,0.0,0.0,0.0,0.0
2050-01-28 16:00:00,0.0,0.0,0.0,0.0,0.0,28.221562500228174,0.0,0.0,0.0,0.0,0.0
2050-01-28 17:00:00,0.0,0.0,0.0,0.0,0.0,27.610187500249594,0.0,0.0,0.0,0.0,0.0
2050-01-28 18:00:00,0.0,0.0,0.0,0.0,0.0,27.769312500255182,0.0,0.0,0.0,0.0,0.0
2050-01-28 19:00:00,0.0,0.0,0.0,0.0,0.0,27.864375000237487,0.0,0.0,0.0,0.0,0.0
2050-01-28 20:00:00,0.0,0.0,0.0,0.0,0.0,28.474812500178814,0.0,0.0,0.0,0.0,0.0
2050-01-28 21:00:00,0.0,0.0,0.0,0.0,0.0,29.923000000184402,0.0,0.0,0.0,0.0,0.0
2050-01-28 22:00:00,0.0,0.0,0.0,0.0,0.0,32.56787500018254,0.0,0.0,0.0,0.0,0.0
2050-01-28 23:00:00,0.0,0.0,0.0,0.0,0.0,31.79650000028778,0.0,0.0,0.0,0.0,0.0
2050-01-29 00:00:00,0.0,0.0,0.0,0.0,0.0,28.805625000270084,0.0,0.0,0.0,0.0,0.0
2050-01-29 01:00:00,0.0,0.0,0.0,0.0,0.0,25.30943750019651,0.0,0.0,0.0,0.0,0.0
2050-01-29 02:00:00,0.0,0.0,0.0,0.0,0.0,23.03200000023935,0.0,0.0,0.0,0.0,0.0
2050-01-29 03:00:00,0.0,0.0,0.0,0.0,0.0,22.082812500186265,0.0,0.0,0.0,0.0,0.0
2050-01-29 04:00:00,0.0,0.0,0.0,0.0,0.0,21.35318750026636,0.0,0.0,0.0,0.0,0.0
2050-01-29 05:00:00,0.0,0.0,0.0,0.0,0.0,21.71343750017695,0.0,0.0,0.0,0.0,0.0
2050-01-29 06:00:00,0.0,0.0,0.0,0.0,0.0,20.869625000283122,0.0,0.0,0.0,0.0,0.0
2050-01-29 07:00:00,0.0,0.0,0.0,0.0,0.0,23.45512500021141,0.0,0.0,0.0,0.0,0.0
2050-01-29 08:00:00,0.0,0.0,0.0,0.0,0.0,27.41175000020303,0.0,0.0,0.0,0.0,0.0
2050-01-29 09:00:00,0.0,0.0,0.0,0.0,0.0,30.797312500188127,10.284956233540612,0.0,0.0,7.199469363478428,0.0
2050-01-29 10:00:00,0.0,0.0,0.0,0.0,0.0,33.74850000021979,0.0,6.913678939647014,0.0,0.0,7.054774428211239
2050-01-29 11:00:00,0.0,0.0,0.0,0.0,0.0,35.586125000263564,0.0,0.0,0.0,0.0,0.0
2050-01-29 12:00:00,0.0,0.0,0.0,0.0,0.0,35.736562500242144,0.0,0.0,0.0,0.0,0.0
2050-01-29 13:00:00,0.0,0.0,0.0,0.0,0.0,35.92762500024401,0.0,0.0,0.0,0.0,0.0
2050-01-29 14:00:00,0.0,0.0,0.0,0.0,0.0,35.83968750026543,0.0,0.0,0.0,0.0,0.0
2050-01-29 15:00:00,0.0,0.0,0.0,0.0,0.0,35.28537500021048,0.0,0.0,0.0,0.0,0.0
2050-01-29 16:00:00,0.0,0.0,0.0,0.0,0.0,34.431750000221655,0.0,0.0,0.0,0.0,0.0
2050-01-29 17:00:00,0.0,0.0,0.0,0.0,0.0,33.49975000019185,0.0,0.0,0.0,0.0,0.0
2050-01-29 18:00:00,0.0,0.0,0.0,0.0,0.0,32.77700000023469,0.0,0.0,0.0,0.0,0.0
2050-01-29 19:00:00,0.0,0.0,0.0,0.0,0.0,32.167500000214204,0.0,0.0,0.0,0.0,0.0
2050-01-29 20:00:00,0.0,0.0,0.0,0.0,0.0,31.83193750027567,0.0,0.0,0.0,0.0,0.0
2050-01-29 21:00:00,0.0,0.0,0.0,0.0,0.0,32.58312500023749,20.86501818483397,0.0,0.0,14.60551272938378,0.0
2050-01-29 22:00:00,0.0,0.0,0.0,0.0,0.0,35.32975000026636,0.0,0.0,0.0,0.0,0.0
2050-01-29 23:00:00,0.0,0.0,0.0,0.0,0.0,33.99656250025146,0.0,0.0,0.0,0.0,0.0
2050-01-30 00:00:00,0.0,0.0,0.0,0.0,0.0,30.541500000283122,39.07747660094452,0.0,0.0,27.35423362066115,0.0
2050-01-30 01:00:00,0.0,0.0,0.0,0.0,0.0,27.118500000215136,39.07747660094452,0.0,0.0,27.35423362066115,0.0
2050-01-30 02:00:00,0.0,0.0,0.0,0.0,0.0,24.605187500244938,39.07747660094452,0.0,0.0,27.35423362066115,0.0
2050-01-30 03:00:00,0.0,0.0,0.0,0.0,976.7991249997867,1000.0,39.07747660094452,0.0,0.0,27.35423362066115,0.0
2050-01-30 04:00:00,0.0,0.0,0.0,0.0,0.0,22.749312500236556,39.07747660094451,0.0,0.0,27.35423362066115,0.0
2050-01-30 05:00:00,0.0,0.0,0.0,0.0,0.0,22.6818125002319,39.07747660094452,0.0,0.0,27.35423362066115,0.0
2050-01-30 06:00:00,0.0,0.0,0.0,0.0,0.0,22.521687500178814,39.07747660094452,0.0,0.0,27.35423362066115,0.0
2050-01-30 07:00:00,0.0,0.0,0.0,0.0,0.0,23.698000000207685,39.07747660094452,0.0,0.0,27.354233620661162,0.0
2050-01-30 08:00:00,0.0,0.0,0.0,0.0,0.0,27.950875000213273,39.07747660094452,0.0,0.0,27.35423362066115,0.0
2050-01-30 09:00:00,0.0,0.0,0.0,0.0,0.0,32.62918750022072,33.63235967581056,0.0,0.0,23.54265177306739,0.0
2050-01-30 10:00:00,0.0,0.0,0.0,0.0,0.0,36.311812500236556,38.02933889876536,0.0,0.0,26.62053722913575,0.0
2050-01-30 11:00:00,0.0,0.0,0.0,0.0,0.0,38.267562500201166,39.07747660094452,0.0,0.0,27.35423362066115,0.0
2050-01-30 12:00:00,0.0,0.0,0.0,0.0,0.0,38.132750000222586,39.07747660094452,0.0,0.0,27.35423362066115,0.0
2050-01-30 13:00:00,0.0,0.0,0.0,0.0,0.0,38.28387500019744,39.07747660094452,0.0,0.0,27.35423362066115,0.0
2050-01-30 14:00:00,0.0,0.0,0.0,0.0,0.0,37.682250000187196,39.07747660094452,0.0,0.0,27.35423362066115,0.0
2050-01-30 15:00:00,0.0,0.0,0.0,0.0,0.0,37.84550000028685,39.07747660094452,0.0,0.0,27.35423362066115,0.0
2050-01-30 16:00:00,0.0,0.0,0.0,0.0,0.0,38.9060625002021,39.07747660094452,0.0,0.0,27.35423362066115,0.0
2050-01-30 17:00:00,0.0,0.0,0.0,0.0,0.0,38.22893750027288,39.07747660094452,0.0,0.0,27.35423362066115,0.0
2050-01-30 18:00:00,0.0,0.0,0.0,0.0,0.0,36.19962500024121,39.07747660094452,0.0,0.0,27.354233620661162,0.0
2050-01-30 19:00:00,0.0,0.0,0.0,0.0,0.0,35.929750000243075,39.07747660094452,0.0,0.0,27.35423362066115,0.0
2050-01-30 20:00:00,0.0,0.0,0.0,0.0,0.0,34.86743750027381,39.07747660094452,0.0,0.0,27.35423362066115,0.0
2050-01-30 21:00:00,0.0,0.0,0.0,0.0,0.0,34.13850000023376,39.07747660094452,0.0,0.0,27.35423362066115,0.0
2050-01-30 22:00:00,0.0,0.0,0.0,0.0,0.0,35.16906250023749,18.449049449169372,0.0,0.0,12.91433461441856,0.0
2050-01-30 23:00:00,0.0,0.0,0.0,0.0,0.0,35.067375000217,5.022293148966668,0.0,0.0,3.515605204276667,0.0
2050-01-31 00:00:00,0.0,0.0,0.0,0.0,0.0,31.186812500236556,0.0,18.905544674157834,0.0,0.0,19.291372116487587
2050-01-31 01:00:00,0.0,0.0,0.0,0.0,0.0,28.040500000235625,0.0,25.531684451448562,0.0,0.0,26.052739236172002
2050-01-31 02:00:00,0.0,0.0,0.0,0.0,0.0,24.50462500017602,0.0,22.041403121690838,0.0,0.0,22.491227675194736
2050-01-31 03:00:00,0.0,0.0,0.0,0.0,0.0,22.89125000021886,0.0,19.579354421931576,0.0,0.0,19.97893308360365
2050-01-31 04:00:00,0.0,0.0,0.0,0.0,0.0,22.099187500192784,0.0,17.04656502375398,0.0,0.0,17.39445410587141
2050-01-31 05:00:00,0.0,0.0,0.0,0.0,0.0,21.97000000020489,0.0,14.639100594545058,0.0,0.0,14.937857749535775
2050-01-31 06:00:00,0.0,0.0,0.0,0.0,0.0,22.537250000284985,0.0,14.697927256763071,0.0,0.0,14.997884955880686
2050-01-31 07:00:00,0.0,0.0,0.0,0.0,0.0,24.419937500264496,0.0,16.805280858750695,0.0,0.0,17.148245774235402
2050-01-31 08:00:00,0.0,0.0,0.0,0.0,0.0,28.944625000236556,0.0,23.851730677035867,0.0,0.0,24.33850069085293
2050-01-31 09:00:00,0.0,0.0,0.0,0.0,0.0,33.9446875002468,0.0,35.75600574417679,0.0,0.0,36.48572014711918
2050-01-31 10:00:00,0.0,0.0,0.0,0.0,0.0,36.72831250028685,0.0,4.670081494247206,0.0,0.0,4.765389279844089
2050-01-31 11:00:00,0.0,0.0,0.0,0.0,0.0,38.8136250001844,0.0,0.0,0.0,0.0,0.0
2050-01-31 12:00:00,0.0,0.0,0.0,0.0,0.0,39.129875000217,0.0,42.300809940916594,0.0,0.0,43.16409177644551
2050-01-31 13:00:00,0.0,0.0,0.0,0.0,0.0,38.87012500024866,0.0,43.73995049595425,0.0,0.0,44.63260254689209
2050-01-31 14:00:00,0.0,0.0,0.0,0.0,0.0,37.588625000207685,0.0,43.73995049595425,0.0,0.0,44.63260254689209
2050-01-31 15:00:00,0.0,0.0,0.0,0.0,0.0,37.45537500025239,0.0,10.109589975465498,0.0,0.0,10.3159081382301
2050-01-31 16:00:00,0.0,0.0,0.0,0.0,0.0,36.41325000021607,0.0,8.183787280540283,0.0,0.0,8.350803347490086
2050-01-31 17:00:00,0.0,0.0,0.0,0.0,0.0,34.80056250025518,0.0,0.0,0.0,0.0,0.0
2050-01-31 18:00:00,0.0,0.0,0.0,0.0,0.0,34.440312500228174,0.0,21.943489663813054,0.0,0.0,22.39131598348271
2050-01-31 19:00:00,0.0,0.0,0.0,0.0,0.0,34.01487500022631,2.833937936486045,0.0,0.0,1.9837565555402312,0.0
2050-01-31 20:00:00,0.0,0.0,0.0,0.0,0.0,33.532062500249594,12.325665154154482,0.0,0.0,8.627965607908136,0.0
2050-01-31 21:00:00,0.0,0.0,0.0,0.0,0.0,33.711500000208616,0.0,0.0,0.0,0.0,0.0
2050-01-31 22:00:00,0.0,0.0,0.0,0.0,0.0,35.279437500284985,9.671708286711521,0.0,0.0,6.7701958006980645,0.0
2050-01-31 23:00:00,0.0,0.0,0.0,0.0,0.0,33.860812500235625,15.938633461405075,0.0,0.0,11.157043422983552,0.0
2050-02-01 00:00:00,0.0,0.0,0.0,0.0,0.0,30.43506250018254,35.191178299178155,0.0,0.0,24.633824809424706,0.0
2050-02-01 01:00:00,0.0,0.0,0.0,0.0,0.0,27.045312500209548,0.0,0.0,0.0,0.0,0.0
2050-02-01 02:00:00,0.0,0.0,0.0,0.0,0.0,24.551562500186265,29.86133472955686,0.0,0.0,20.9029343106898,0.0
2050-02-01 03:00:00,0.0,0.0,0.0,0.0,0.0,23.288875000202097,20.086099053035674,0.0,0.0,14.060269337124971,0.0
2050-02-01 04:00:00,0.0,0.0,0.0,0.0,0.0,22.32381250022445,0.0,0.0,0.0,0.0,0.0
2050-02-01 05:00:00,0.0,0.0,0.0,0.0,0.0,21.238312500179745,15.668425391075282,0.0,0.0,10.967897773752696,0.0
2050-02-01 06:00:00,0.0,0.0,0.0,0.0,0.0,21.934187500271946,16.18771882145598,0.0,0.0,11.331403175019187,0.0
2050-02-01 07:00:00,0.0,0.0,0.0,0.0,0.0,23.183562500285916,19.857111429292374,0.0,0.0,13.89997800050466,0.0
2050-02-01 08:00:00,0.0,0.0,0.0,0.0,0.0,26.954062500270084,15.414039153985847,0.0,0.0,10.789827407790092,0.0
2050-02-01 09:00:00,0.0,0.0,0.0,0.0,0.0,31.839687500265427,11.079946398973973,0.0,0.0,7.755962479281781,0.0
2050-02-01 10:00:00,0.0,0.0,0.0,0.0,0.0,34.32906250027008,0.43830928723281204,0.0,0.0,0.3068165010629684,0.0
2050-02-01 11:00:00,0.0,0.0,0.0,0.0,0.0,35.78481250023469,3.7169344337138197,0.0,0.0,2.6018541035996736,0.0
2050-02-01 12:00:00,0.0,0.0,0.0,0.0,0.0,36.40975000022445,32.477502415559435,0.0,0.0,22.734251690891604,0.0
2050-02-01 13:00:00,0.0,0.0,0.0,0.0,0.0,36.67737500020303,39.07747660094452,0.0,0.0,27.35423362066115,0.0
2050-02-01 14:00:00,0.0,0.0,0.0,0.0,0.0,37.02518750028685,37.664657151932424,0.0,0.0,26.365260006352695,0.0
2050-02-01 15:00:00,0.0,0.0,0.0,0.0,0.0,36.85925000021234,18.407554245485414,0.0,0.0,12.885287971839789,0.0
2050-02-01 16:00:00,0.0,0.0,0.0,0.0,0.0,35.48212500021327,2.2368641986740485,0.0,0.0,1.5658049390718338,0.0
2050-02-01 17:00:00,0.0,0.0,0.0,0.0,0.0,33.602125000208616,1.6623254348478653,0.0,0.0,1.1636278043935055,0.0
2050-02-01 18:00:00,0.0,0.0,0.0,0.0,0.0,33.096562500228174,0.0,0.0,0.0,0.0,0.0
2050-02-01 19:00:00,0.0,0.0,0.0,0.0,0.0,33.24018750025425,0.0,0.0,0.0,0.0,0.0
2050-02-01 20:00:00,0.0,0.0,0.0,0.0,0.0,31.668562500271946,1.816728349283327,0.0,0.0,1.2717098444983288,0.0
2050-02-01 21:00:00,0.0,0.0,0.0,0.0,0.0,30.43700000026729,0.0,0.0,0.0,0.0,0.0
2050-02-01 22:00:00,0.0,0.0,0.0,0.0,0.0,33.26356250024401,11.439301544865438,0.0,0.0,8.007511081405806,0.0
2050-02-01 23:00:00,0.0,0.0,0.0,0.0,0.0,33.71725000021979,4.550170538357637,0.0,0.0,3.185119376850346,0.0
2050-02-02 00:00:00,0.0,0.0,0.0,0.0,0.0,30.406437500263564,11.664616125924834,0.0,0.0,8.165231288147384,0.0
2050-02-02 01:00:00,0.0,0.0,0.0,0.0,0.0,27.473750000237487,0.0,0.0,0.0,0.0,0.0
2050-02-02 02:00:00,0.0,0.0,0.0,0.0,0.0,25.380750000244007,8.86265360256175,0.0,0.0,6.203857521793225,0.0
2050-02-02 03:00:00,0.0,0.0,0.0,0.0,0.0,24.097187500214204,16.80336301102274,0.0,0.0,11.762354107715916,0.0
2050-02-02 04:00:00,0.0,0.0,0.0,0.0,0.0,23.30881250021048,26.053264177365993,0.0,0.0,18.237284924156192,0.0
2050-02-02 05:00:00,0.0,0.0,0.0,0.0,0.0,23.0669375002617,33.18219792703938,0.0,0.0,23.227538548927566,0.0
2050-02-02 06:00:00,0.0,0.0,0.0,0.0,0.0,23.52493750024587,30.628847282750783,0.0,0.0,21.440193097925548,0.0
2050-02-02 07:00:00,0.0,0.0,0.0,0.0,0.0,24.69856250018347,32.20150102480935,0.0,0.0,22.541050717366545,0.0
2050-02-02 08:00:00,0.0,0.0,0.0,0.0,0.0,28.410437500220723,30.815410513862,0.0,0.0,21.5707873597034,0.0
2050-02-02 09:00:00,0.0,0.0,0.0,0.0,0.0,32.20850000018254,27.405229100686206,0.0,0.0,19.183660370480343,0.0
2050-02-02 10:00:00,0.0,0.0,0.0,0.0,0.0,35.028687500278465,0.0,0.0,0.0,0.0,0.0
2050-02-02 11:00:00,0.0,0.0,0.0,0.0,0.0,37.07762500026729,4.219274689927516,0.0,0.0,2.953492282949261,0.0
2050-02-02 12:00:00,0.0,0.0,0.0,0.0,0.0,38.10456250025891,6.358578338423399,0.0,0.0,4.451004836896379,0.0
2050-02-02 13:00:00,0.0,0.0,0.0,0.0,0.0,38.69500000018161,39.07747660094452,0.0,0.0,27.35423362066115,0.0
2050-02-02 14:00:00,0.0,0.0,0.0,0.0,0.0,37.48093750025146,39.07747660094452,0.0,0.0,27.35423362066115,0.0
2050-02-02 15:00:00,0.0,0.0,0.0,0.0,0.0,37.50556250021327,39.07747660094452,0.0,0.0,27.35423362066115,0.0
2050-02-02 16:00:00,0.0,0.0,0.0,0.0,0.0,36.35262500029057,39.07747660094452,0.0,0.0,27.35423362066115,0.0
2050-02-02 17:00:00,0.0,0.0,0.0,0.0,0.0,35.7130625002319,39.07747660094452,0.0,0.0,27.35423362066115,0.0
2050-02-02 18:00:00,0.0,0.0,0.0,0.0,0.0,35.00656250026077,39.07747660094452,0.0,0.0,27.35423362066115,0.0
2050-02-02 19:00:00,0.0,0.0,0.0,0.0,0.0,34.36806250025984,39.07747660094452,0.0,0.0,27.35423362066115,0.0
2050-02-02 20:00:00,0.0,0.0,0.0,0.0,0.0,34.155562500236556,39.07747660094452,0.0,0.0,27.35423362066115,0.0
2050-02-02 21:00:00,0.0,0.0,0.0,0.0,0.0,34.775375000201166,39.07747660094452,0.0,0.0,27.35423362066115,0.0
2050-02-02 22:00:00,0.0,0.0,0.0,0.0,0.0,35.487812500214204,39.07747660094452,0.0,0.0,27.35423362066115,0.0
2050-02-02 23:00:00,0.0,0.0,0.0,0.0,0.0,33.178375000250526,39.07747660094452,0.0,0.0,27.35423362066115,0.0
2050-02-03 00:00:00,0.0,0.0,0.0,0.0,0.0,29.560125000192784,39.07747660094452,0.0,0.0,27.35423362066115,0.0
2050-02-03 01:00:00,0.0,0.0,0.0,0.0,0.0,27.704562500235625,39.07747660094452,0.0,0.0,27.35423362066115,0.0
2050-02-03 02:00:00,0.0,0.0,0.0,0.0,0.0,25.62300000025425,39.07747660094452,0.0,0.0,27.35423362066115,0.0
2050-02-03 03:00:00,0.0,0.0,0.0,0.0,0.0,24.372437500278465,39.07747660094452,0.0,0.0,27.35423362066115,0.0
2050-02-03 04:00:00,0.0,0.0,0.0,0.0,0.0,23.829250000184402,39.07747660094452,0.0,0.0,27.35423362066115,0.0
2050-02-03 05:00:00,0.0,0.0,0.0,0.0,0.0,23.371125000179745,39.07747660094452,0.0,0.0,27.35423362066115,0.0
2050-02-03 06:00:00,0.0,0.0,0.0,0.0,0.0,22.315562500269152,39.07747660094452,0.0,0.0,27.35423362066115,0.0
2050-02-03 07:00:00,0.0,0.0,0.0,0.0,0.0,21.90500000026077,30.815280776020487,0.0,0.0,21.57069654321434,0.0
2050-02-03 08:00:00,0.0,0.0,0.0,0.0,0.0,23.489062500186265,14.841983229396408,0.0,0.0,10.389388260577485,0.0
2050-02-03 09:00:00,0.0,0.0,0.0,0.0,0.0,26.820625000284053,0.0,0.0,0.0,0.0,0.0
2050-02-03 10:00:00,0.0,0.0,0.0,0.0,0.0,30.63925000024028,0.0,0.0,0.0,0.0,0.0
2050-02-03 11:00:00,0.0,0.0,0.0,0.0,0.0,32.194125000271015,0.0,0.0,0.0,0.0,0.0
2050-02-03 12:00:00,0.0,0.0,0.0,0.0,0.0,33.06568750028964,0.0,0.0,0.0,0.0,0.0
2050-02-03 13:00:00,0.0,0.0,0.0,0.0,0.0,33.488312500179745,20.906554378266918,0.0,0.0,14.634588064786842,0.0
2050-02-03 14:00:00,0.0,0.0,0.0,0.0,0.0,33.05943750019651,39.07747660094452,0.0,0.0,27.354233620661162,0.0
2050-02-03 15:00:00,0.0,0.0,0.0,0.0,0.0,32.434937500278465,13.244933438821803,0.0,0.0,9.271453407175262,0.0
2050-02-03 16:00:00,0.0,0.0,0.0,0.0,0.0,32.196750000235625,27.94752279744464,0.0,0.0,19.563265958211247,0.0
2050-02-03 17:00:00,0.0,0.0,0.0,0.0,0.0,31.223687500227243,26.082375622005436,0.0,0.0,18.257662935403804,0.0
2050-02-03 18:00:00,0.0,0.0,0.0,0.0,0.0,31.093812500243075,35.012952646652195,0.0,0.0,24.509066852656535,0.0
2050-02-03 19:00:00,0.0,0.0,0.0,0.0,0.0,31.680625000270084,10.482720189463159,0.0,0.0,7.33790413262421,0.0
2050-02-03 20:00:00,0.0,0.0,0.0,0.0,0.0,32.58618750027381,38.641460935073766,0.0,0.0,27.049022654551635,0.0
2050-02-03 21:00:00,0.0,0.0,0.0,0.0,0.0,33.2443125002319,31.386552364194763,0.0,0.0,21.970586654936334,0.0
2050-02-03 22:00:00,0.0,0.0,0.0,0.0,0.0,34.84950000024401,11.229016521619112,0.0,0.0,7.860311565133378,0.0
2050-02-03 23:00:00,0.0,0.0,0.0,0.0,0.0,33.20843750028871,12.415444076731522,0.0,0.0,8.690810853712064,0.0
2050-02-04 00:00:00,0.0,0.0,0.0,0.0,0.0,29.55268750025425,6.560595951598792,0.0,0.0,4.592417166119154,0.0
2050-02-04 01:00:00,0.0,0.0,0.0,0.0,0.0,27.179875000263564,0.11113487870641947,0.0,0.0,0.07779441509449363,0.0
2050-02-04 02:00:00,0.0,0.0,0.0,0.0,0.0,25.034375000279397,0.0,7.975397517818691,0.0,0.0,8.138160732468053
2050-02-04 03:00:00,0.0,0.0,0.0,0.0,0.0,23.406187500222586,0.0,18.735906004431133,0.0,0.0,19.118271433092993
2050-02-04 04:00:00,0.0,0.0,0.0,0.0,0.0,22.630875000264496,0.0,28.668754660821214,0.0,0.0,29.25383128655226
2050-02-04 05:00:00,0.0,0.0,0.0,0.0,0.0,22.37181250017602,0.0,32.51471687276867,0.0,0.0,33.17828252323334
2050-02-04 06:00:00,0.0,0.0,0.0,0.0,0.0,22.15900000021793,0.0,34.35833547245832,0.0,0.0,35.05952599230441
2050-02-04 07:00:00,0.0,0.0,0.0,0.0,0.0,20.190812500193715,0.0,30.76562398015969,0.0,0.0,31.39349385730581
2050-02-04 08:00:00,0.0,0.0,0.0,0.0,0.0,20.71106250025332,0.0,31.591178660128772,0.0,0.0,32.23589659196814
2050-02-04 09:00:00,0.0,0.0,0.0,0.0,0.0,23.180875000194646,0.0,36.66578655268783,0.0,0.0,37.41406791090595
2050-02-04 10:00:00,0.0,0.0,0.0,0.0,0.0,25.49031250027474,0.0,39.79401657439281,0.0,0.0,40.60613936162532
2050-02-04 11:00:00,0.0,0.0,0.0,0.0,0.0,27.660437500220723,0.0,43.3802780231888,0.0,0.0,44.26558981958041
2050-02-04 12:00:00,0.0,0.0,0.0,0.0,0.0,28.61612500017509,0.0,40.79886208149446,0.0,0.0,41.63149191989231
2050-02-04 13:00:00,0.0,0.0,0.0,0.0,0.0,30.0903750002617,0.0,38.90305090039419,0.0,0.0,39.696990714687956
2050-02-04 14:00:00,0.0,0.0,0.0,0.0,0.0,27.469937500194646,0.0,28.177535565794926,0.0,0.0,28.752587312035644
2050-02-04 15:00:00,0.0,0.0,0.0,0.0,0.0,30.398125000181608,0.0,28.96492057590568,0.0,0.0,29.55604140398539
2050-02-04 16:00:00,0.0,0.0,0.0,0.0,0.0,29.203187500243075,0.0,25.191120758870362,0.0,0.0,25.70522526415343
2050-02-04 17:00:00,0.0,0.0,0.0,0.0,0.0,28.74831250018906,0.0,24.089408793495625,0.0,0.0,24.581029381117986
2050-02-04 18:00:00,0.0,0.0,0.0,0.0,0.0,28.306750000221655,0.0,23.6352152438752,0.0,0.0,24.11756657538286
2050-02-04 19:00:00,0.0,0.0,0.0,0.0,0.0,28.59600000025239,0.0,25.906230269667457,0.0,0.0,26.43492884659945
2050-02-04 20:00:00,0.0,0.0,0.0,0.0,0.0,29.035187500179745,0.0,30.018416544134084,0.0,0.0,30.63103728993274
2050-02-04 21:00:00,0.0,0.0,0.0,0.0,0.0,29.52956250018906,0.0,35.76482158225642,0.0,0.0,36.49471590026165
2050-02-04 22:00:00,0.0,0.0,0.0,0.0,0.0,32.14818750019185,0.0,43.73995049595425,0.0,0.0,44.63260254689209
2050-02-04 23:00:00,0.0,0.0,0.0,0.0,0.0,30.512937500257976,0.0,43.73995049595425,0.0,0.0,44.63260254689209
2050-02-05 00:00:00,0.0,0.0,0.0,0.0,0.0,28.061000000219792,0.0,43.73995049595425,0.0,0.0,44.63260254689209
2050-02-05 01:00:00,0.0,0.0,0.0,0.0,0.0,25.27818750019651,0.0,43.73995049595425,0.0,0.0,44.63260254689209
2050-02-05 02:00:00,0.0,0.0,0.0,0.0,0.0,22.74887500028126,0.0,41.361590909602285,0.0,0.0,42.20570500979826
2050-02-05 03:00:00,0.0,0.0,0.0,0.0,0.0,21.32156250020489,0.0,38.766477273099795,0.0,0.0,39.557629870510006
2050-02-05 04:00:00,0.0,0.0,0.0,0.0,0.0,20.61225000023842,0.0,37.47681818225167,0.0,0.0,38.24165120637925
2050-02-05 05:00:00,0.0,0.0,0.0,0.0,0.0,20.40650000027381,0.0,37.102727273225106,0.0,0.0,37.85992578900521
2050-02-05 06:00:00,0.0,0.0,0.0,0.0,0.0,20.171000000205822,0.0,36.674545454919674,0.0,0.0,37.42300556624456
2050-02-05 07:00:00,0.0,0.0,0.0,0.0,0.0,22.189687500242144,0.0,40.34488636407662,0.0,0.0,41.16825139191492
2050-02-05 08:00:00,0.0,0.0,0.0,0.0,0.0,25.91987500025425,0.0,43.73995049595425,0.0,0.0,44.63260254689209
2050-02-05 09:00:00,0.0,0.0,0.0,0.0,0.0,29.856437500216998,0.0,43.73995049595425,0.0,0.0,44.63260254689209
2050-02-05 10:00:00,0.0,0.0,0.0,0.0,0.0,34.07318750023842,0.0,43.73995049595425,0.0,0.0,44.63260254689209
2050-02-05 11:00:00,0.0,0.0,0.0,0.0,0.0,36.44656250020489,0.0,43.73995049595425,0.0,0.0,44.63260254689209
2050-02-05 12:00:00,0.0,0.0,0.0,0.0,0.0,37.14600000018254,0.0,43.73995049595425,0.0,0.0,44.63260254689209
2050-02-05 13:00:00,0.0,0.0,0.0,0.0,0.0,37.95956250024028,0.0,16.225061550025426,0.0,0.0,16.556185255127986
2050-02-05 14:00:00,0.0,0.0,0.0,0.0,0.0,38.382250000257045,0.0,43.73995049595425,0.0,0.0,44.63260254689209
2050-02-05 15:00:00,0.0,0.0,0.0,0.0,0.0,38.99481250019744,0.0,0.0,0.0,0.0,0.0
2050-02-05 16:00:00,0.0,0.0,0.0,0.0,0.0,38.18118750024587,0.0,0.0,0.0,0.0,0.0
2050-02-05 17:00:00,0.0,0.0,0.0,0.0,0.0,36.60575000022072,0.0,0.0,0.0,0.0,0.0
2050-02-05 18:00:00,0.0,0.0,0.0,0.0,0.0,35.18612500024028,0.0,0.0,0.0,0.0,0.0
2050-02-05 19:00:00,0.0,0.0,0.0,0.0,0.0,34.71918750018813,0.0,0.0,0.0,0.0,0.0
2050-02-05 20:00:00,0.0,0.0,0.0,0.0,0.0,34.56387500022538,0.0,0.0,0.0,0.0,0.0
2050-02-05 21:00:00,0.0,0.0,0.0,0.0,0.0,33.43331250024494,0.0,0.0,0.0,0.0,0.0
2050-02-05 22:00:00,0.0,0.0,0.0,0.0,0.0,35.65993750025518,0.0,0.0,0.0,0.0,0.0
2050-02-05 23:00:00,0.0,0.0,0.0,0.0,0.0,34.23837500018999,0.0,0.0,0.0,0.0,0.0
2050-02-06 00:00:00,0.0,0.0,0.0,0.0,0.0,29.72393750026822,0.0,0.0,0.0,0.0,0.0
2050-02-06 01:00:00,0.0,0.0,0.0,0.0,0.0,26.864812500192784,0.0,0.0,0.0,0.0,0.0
2050-02-06 02:00:00,0.0,0.0,0.0,0.0,0.0,24.88606250018347,0.0,0.0,0.0,0.0,0.0
2050-02-06 03:00:00,0.0,0.0,0.0,0.0,0.0,23.893625000258908,0.0,0.0,0.0,0.0,0.0
2050-02-06 04:00:00,0.0,0.0,0.0,0.0,0.0,22.807625000248663,0.0,0.0,0.0,0.0,0.0
2050-02-06 05:00:00,0.0,0.0,0.0,0.0,0.0,22.343187500257045,0.0,0.0,0.0,0.0,0.0
2050-02-06 06:00:00,0.0,0.0,0.0,0.0,0.0,22.818375000264496,0.0,0.0,0.0,0.0,0.0
2050-02-06 07:00:00,0.0,0.0,0.0,0.0,0.0,23.62425000022631,0.0,0.0,0.0,0.0,0.0
2050-02-06 08:00:00,0.0,0.0,0.0,0.0,0.0,27.862500000279397,0.0,0.0,0.0,0.0,0.0
2050-02-06 09:00:00,0.0,0.0,0.0,0.0,0.0,31.109312500222586,0.0,0.0,0.0,0.0,0.0
2050-02-06 10:00:00,0.0,0.0,0.0,0.0,0.0,32.49587500025518,0.0,0.0,0.0,0.0,0.0
2050-02-06 11:00:00,0.0,0.0,0.0,0.0,0.0,34.0954375002766,0.0,0.0,0.0,0.0,0.0
2050-02-06 12:00:00,0.0,0.0,0.0,0.0,0.0,34.636687500285916,0.0,0.0,0.0,0.0,0.0
2050-02-06 13:00:00,0.0,0.0,0.0,0.0,0.0,34.76925000024494,0.0,0.0,0.0,0.0,0.0
2050-02-06 14:00:00,0.0,0.0,0.0,0.0,0.0,35.297062500263564,0.0,0.0,0.0,0.0,0.0
2050-02-06 15:00:00,0.0,0.0,0.0,0.0,0.0,35.362187500228174,0.0,0.0,0.0,0.0,0.0
2050-02-06 16:00:00,0.0,0.0,0.0,0.0,0.0,34.63956250017509,0.0,0.0,0.0,0.0,0.0
2050-02-06 17:00:00,0.0,0.0,0.0,0.0,0.0,33.66968750022352,0.0,0.0,0.0,0.0,0.0
2050-02-06 18:00:00,0.0,0.0,0.0,0.0,0.0,32.92437500017695,0.0,0.0,0.0,0.0,0.0
2050-02-06 19:00:00,0.0,0.0,0.0,0.0,0.0,32.80837500025518,0.0,0.0,0.0,0.0,0.0
2050-02-06 20:00:00,0.0,0.0,0.0,0.0,0.0,32.0954375002766,0.0,0.0,0.0,0.0,0.0
2050-02-06 21:00:00,0.0,0.0,0.0,0.0,0.0,32.95606250024866,0.0,0.0,0.0,0.0,0.0
2050-02-06 22:00:00,0.0,0.0,0.0,0.0,0.0,34.15106250019744,0.0,0.0,0.0,0.0,0.0
2050-02-06 23:00:00,0.0,0.0,0.0,0.0,0.0,32.0843125001993,0.0,0.0,0.0,0.0,0.0
2050-02-07 00:00:00,0.0,0.0,0.0,0.0,0.0,29.20787500019651,0.0,0.0,0.0,0.0,0.0
2050-02-07 01:00:00,0.0,0.0,0.0,0.0,0.0,26.909687500214204,0.0,0.0,0.0,0.0,0.0
2050-02-07 02:00:00,0.0,0.0,0.0,0.0,0.0,25.127437500283122,0.0,0.0,0.0,0.0,0.0
2050-02-07 03:00:00,0.0,0.0,0.0,0.0,0.0,23.720187500235625,0.0,0.0,0.0,0.0,0.0
2050-02-07 04:00:00,0.0,0.0,0.0,0.0,0.0,22.28187500021886,0.0,0.0,0.0,0.0,0.0
2050-02-07 05:00:00,0.0,0.0,0.0,0.0,0.0,21.676187500241213,0.0,0.0,0.0,0.0,0.0
2050-02-07 06:00:00,0.0,0.0,0.0,0.0,0.0,21.663500000257045,0.0,0.0,0.0,0.0,0.0
2050-02-07 07:00:00,0.0,0.0,0.0,0.0,0.0,22.632875000243075,0.0,0.0,0.0,0.0,0.0
2050-02-07 08:00:00,0.0,0.0,0.0,0.0,0.0,26.14462500018999,0.0,0.0,0.0,0.0,0.0
2050-02-07 09:00:00,0.0,0.0,0.0,0.0,0.0,29.35706250020303,0.0,0.0,0.0,0.0,0.0
2050-02-07 10:00:00,0.0,0.0,0.0,0.0,0.0,31.995937500265427,0.0,0.0,0.0,0.0,0.0
2050-02-07 11:00:00,0.0,0.0,0.0,0.0,0.0,33.929875000263564,0.0,0.0,0.0,0.0,0.0
2050-02-07 12:00:00,0.0,0.0,0.0,0.0,0.0,35.334750000271015,0.0,0.0,0.0,0.0,0.0
2050-02-07 13:00:00,0.0,0.0,0.0,0.0,0.0,35.79918750026263,0.0,0.0,0.0,0.0,0.0
2050-02-07 14:00:00,0.0,0.0,0.0,0.0,0.0,27.10381250025239,0.0,0.0,0.0,0.0,0.0
2050-02-07 15:00:00,0.0,0.0,0.0,0.0,0.0,24.99112500017509,0.0,0.0,0.0,0.0,0.0
2050-02-07 16:00:00,0.0,0.0,0.0,0.0,0.0,34.47562500019558,0.0,0.0,0.0,0.0,0.0
2050-02-07 17:00:00,0.0,0.0,0.0,0.0,0.0,35.71968750027008,0.0,0.0,0.0,0.0,0.0
2050-02-07 18:00:00,0.0,0.0,0.0,0.0,0.0,35.22200000018347,0.0,0.0,0.0,0.0,0.0
2050-02-07 19:00:00,0.0,0.0,0.0,0.0,0.0,34.044937500264496,0.0,0.0,0.0,0.0,0.0
2050-02-07 20:00:00,0.0,0.0,0.0,0.0,0.0,33.271500000264496,0.0,0.0,0.0,0.0,0.0
2050-02-07 21:00:00,0.0,0.0,0.0,0.0,0.0,32.93075000029057,0.0,0.0,0.0,0.0,0.0
2050-02-07 22:00:00,0.0,0.0,0.0,0.0,0.0,33.74231250025332,0.0,0.0,0.0,0.0,0.0
2050-02-07 23:00:00,0.0,0.0,0.0,0.0,0.0,32.93343750026543,0.0,0.0,0.0,0.0,0.0
2050-02-08 00:00:00,0.0,0.0,0.0,0.0,0.0,28.655812500277534,0.0,0.0,0.0,0.0,0.0
2050-02-08 01:00:00,0.0,0.0,0.0,0.0,0.0,25.421812500222586,0.0,0.0,0.0,0.0,0.0
2050-02-08 02:00:00,0.0,0.0,0.0,0.0,0.0,23.50137500022538,0.0,0.0,0.0,0.0,0.0
2050-02-08 03:00:00,0.0,0.0,0.0,0.0,0.0,23.54837500024587,0.0,0.0,0.0,0.0,0.0
2050-02-08 04:00:00,0.0,0.0,0.0,0.0,0.0,21.58393750025425,0.0,0.0,0.0,0.0,0.0
2050-02-08 05:00:00,0.0,0.0,0.0,0.0,0.0,21.191375000285916,0.0,0.0,0.0,0.0,0.0
2050-02-08 06:00:00,0.0,0.0,0.0,0.0,0.0,21.00656250026077,0.0,0.0,0.0,0.0,0.0
2050-02-08 07:00:00,0.0,0.0,0.0,0.0,0.0,22.180687500280328,0.0,0.0,0.0,0.0,0.0
2050-02-08 08:00:00,0.0,0.0,0.0,0.0,0.0,26.626187500194646,0.0,0.0,0.0,0.0,0.0
2050-02-08 09:00:00,0.0,0.0,0.0,0.0,0.0,30.58362500020303,0.0,0.0,0.0,0.0,0.0
2050-02-08 10:00:00,0.0,0.0,0.0,0.0,0.0,33.31037500023376,0.0,0.0,0.0,0.0,0.0
2050-02-08 11:00:00,0.0,0.0,0.0,0.0,0.0,35.03950000018813,0.0,0.0,0.0,0.0,0.0
2050-02-08 12:00:00,0.0,0.0,0.0,0.0,0.0,35.26806250028312,0.0,0.0,0.0,0.0,0.0
2050-02-08 13:00:00,0.0,0.0,0.0,0.0,0.0,34.77068750024773,0.0,0.0,0.0,0.0,0.0
2050-02-08 14:00:00,0.0,0.0,0.0,0.0,0.0,34.25637500023004,0.0,0.0,0.0,0.0,0.0
2050-02-08 15:00:00,0.0,0.0,0.0,0.0,0.0,34.388812500284985,0.0,0.0,0.0,0.0,0.0
2050-02-08 16:00:00,0.0,0.0,0.0,0.0,0.0,33.934812500257976,0.0,0.0,0.0,0.0,0.0
2050-02-08 17:00:00,0.0,0.0,0.0,0.0,0.0,32.690937500214204,0.0,0.0,0.0,0.0,0.0
2050-02-08 18:00:00,0.0,0.0,0.0,0.0,0.0,31.859312500222586,0.0,0.0,0.0,0.0,0.0
2050-02-08 19:00:00,0.0,0.0,0.0,0.0,0.0,31.657312500290573,0.0,0.0,0.0,0.0,0.0
2050-02-08 20:00:00,0.0,0.0,0.0,0.0,0.0,31.509375000256114,0.0,0.0,0.0,0.0,0.0
2050-02-08 21:00:00,0.0,0.0,0.0,0.0,0.0,32.44768750027288,0.0,0.0,0.0,0.0,0.0
2050-02-08 22:00:00,0.0,0.0,0.0,0.0,0.0,34.84437500021886,0.0,0.0,0.0,0.0,0.0
2050-02-08 23:00:00,0.0,0.0,0.0,0.0,0.0,33.326187500264496,0.0,0.0,0.0,0.0,0.0
2050-02-09 00:00:00,0.0,0.0,0.0,0.0,0.0,29.81387500022538,0.0,0.0,0.0,0.0,0.0
2050-02-09 01:00:00,0.0,0.0,0.0,0.0,0.0,26.728875000262633,0.0,0.0,0.0,0.0,0.0
2050-02-09 02:00:00,0.0,0.0,0.0,0.0,0.0,24.947062500286847,0.0,0.0,0.0,0.0,0.0
2050-02-09 03:00:00,0.0,0.0,0.0,0.0,0.0,23.73700000019744,0.0,0.0,0.0,0.0,0.0
2050-02-09 04:00:00,0.0,0.0,0.0,0.0,0.0,22.296937500243075,0.0,0.0,0.0,0.0,0.0
2050-02-09 05:00:00,0.0,0.0,0.0,0.0,0.0,22.17275000025984,0.0,0.0,0.0,0.0,0.0
2050-02-09 06:00:00,0.0,0.0,0.0,0.0,0.0,22.05162500019651,0.0,0.0,0.0,0.0,0.0
2050-02-09 07:00:00,0.0,0.0,0.0,0.0,0.0,23.365000000223517,0.0,0.0,0.0,0.0,0.0
2050-02-09 08:00:00,0.0,0.0,0.0,0.0,0.0,27.79168750019744,0.0,0.0,0.0,0.0,0.0
2050-02-09 09:00:00,0.0,0.0,0.0,0.0,0.0,31.073000000207685,0.0,0.0,0.0,0.0,0.0
2050-02-09 10:00:00,0.0,0.0,0.0,0.0,0.0,32.61731250025332,0.0,0.0,0.0,0.0,0.0
2050-02-09 11:00:00,0.0,0.0,0.0,0.0,0.0,34.45300000021234,0.0,0.0,0.0,0.0,0.0
2050-02-09 12:00:00,0.0,0.0,0.0,0.0,0.0,35.15525000018533,0.0,0.0,0.0,0.0,0.0
2050-02-09 13:00:00,0.0,0.0,0.0,0.0,0.0,35.58493750018533,0.0,0.0,0.0,0.0,0.0
2050-02-09 14:00:00,0.0,0.0,0.0,0.0,0.0,34.87300000025425,0.0,0.0,0.0,0.0,0.0
2050-02-09 15:00:00,0.0,0.0,0.0,0.0,0.0,35.35731250024401,0.0,0.0,0.0,0.0,0.0
2050-02-09 16:00:00,0.0,0.0,0.0,0.0,0.0,34.361437500221655,0.0,0.0,0.0,0.0,0.0
2050-02-09 17:00:00,0.0,0.0,0.0,0.0,0.0,33.2544375002617,0.0,0.0,0.0,0.0,0.0
2050-02-09 18:00:00,0.0,0.0,0.0,0.0,0.0,32.6780625001993,0.0,0.0,0.0,0.0,0.0
2050-02-09 19:00:00,0.0,0.0,0.0,0.0,0.0,32.8468750002794,0.0,0.0,0.0,0.0,0.0
2050-02-09 20:00:00,0.0,0.0,0.0,0.0,0.0,31.959437500219792,0.0,0.0,0.0,0.0,0.0
2050-02-09 21:00:00,0.0,0.0,0.0,0.0,0.0,31.355875000241213,0.0,0.0,0.0,0.0,0.0
2050-02-09 22:00:00,0.0,0.0,0.0,0.0,0.0,34.10975000017788,0.0,0.0,0.0,0.0,0.0
2050-02-09 23:00:00,0.0,0.0,0.0,0.0,0.0,32.742250000243075,0.0,0.0,0.0,0.0,0.0
2050-02-10 00:00:00,0.0,0.0,0.0,0.0,0.0,30.83062500017695,0.0,0.0,0.0,0.0,0.0
2050-02-10 01:00:00,0.0,0.0,0.0,0.0,0.0,28.318875000230037,0.0,0.0,0.0,0.0,0.0
2050-02-10 02:00:00,0.0,0.0,0.0,0.0,0.0,25.62881250027567,0.0,0.0,0.0,0.0,0.0
2050-02-10 03:00:00,0.0,0.0,0.0,0.0,0.0,23.698750000214204,0.0,0.0,0.0,0.0,0.0
2050-02-10 04:00:00,0.0,0.0,0.0,0.0,0.0,22.025750000262633,0.0,0.0,0.0,0.0,0.0
2050-02-10 05:00:00,0.0,0.0,0.0,0.0,0.0,21.73687500017695,0.0,0.0,0.0,0.0,0.0
2050-02-10 06:00:00,0.0,0.0,0.0,0.0,0.0,20.68131250026636,0.0,0.0,0.0,0.0,0.0
2050-02-10 07:00:00,0.0,0.0,0.0,0.0,0.0,20.12762500019744,0.0,0.0,0.0,0.0,0.0
2050-02-10 08:00:00,0.0,0.0,0.0,0.0,0.0,23.03981250023935,0.0,0.0,0.0,0.0,0.0
2050-02-10 09:00:00,0.0,0.0,0.0,0.0,0.0,26.72706250019837,0.0,0.0,0.0,0.0,0.0
2050-02-10 10:00:00,0.0,0.0,0.0,0.0,0.0,29.758875000290573,0.0,0.0,0.0,0.0,0.0
2050-02-10 11:00:00,0.0,0.0,0.0,0.0,0.0,31.781812500208616,0.0,0.0,0.0,0.0,0.0
2050-02-10 12:00:00,0.0,0.0,0.0,0.0,0.0,33.38812500028871,0.0,0.0,0.0,0.0,0.0
2050-02-10 13:00:00,0.0,0.0,0.0,0.0,0.0,32.784562500193715,0.0,0.0,0.0,0.0,0.0
2050-02-10 14:00:00,0.0,0.0,0.0,0.0,0.0,32.38062500022352,0.0,0.0,0.0,0.0,0.0
2050-02-10 15:00:00,0.0,0.0,0.0,0.0,0.0,31.974500000244007,0.0,0.0,0.0,0.0,0.0
2050-02-10 16:00:00,0.0,0.0,0.0,0.0,0.0,30.915250000194646,0.0,0.0,0.0,0.0,0.0
2050-02-10 17:00:00,0.0,0.0,0.0,0.0,0.0,29.800625000265427,0.0,0.0,0.0,0.0,0.0
2050-02-10 18:00:00,0.0,0.0,0.0,0.0,0.0,29.052000000257976,0.0,0.0,0.0,0.0,0.0
2050-02-10 19:00:00,0.0,0.0,0.0,0.0,0.0,29.345312500256114,0.0,0.0,0.0,0.0,0.0
2050-02-10 20:00:00,0.0,0.0,0.0,0.0,0.0,29.87362500024028,0.0,0.0,0.0,0.0,0.0
2050-02-10 21:00:00,0.0,0.0,0.0,0.0,0.0,31.1115000002319,0.0,0.0,0.0,0.0,0.0
2050-02-10 22:00:00,0.0,0.0,0.0,0.0,0.0,33.09250000026077,0.0,0.0,0.0,0.0,0.0
2050-02-10 23:00:00,0.0,0.0,0.0,0.0,0.0,31.764437500271015,0.0,0.0,0.0,0.0,0.0
2050-02-11 00:00:00,0.0,0.0,0.0,0.0,0.0,29.424875000258908,0.0,0.0,0.0,0.0,0.0
2050-02-11 01:00:00,0.0,0.0,0.0,0.0,0.0,26.927312500192784,0.0,0.0,0.0,0.0,0.0
2050-02-11 02:00:00,0.0,0.0,0.0,0.0,0.0,23.98500000021886,0.0,0.0,0.0,0.0,0.0
2050-02-11 03:00:00,0.0,0.0,0.0,0.0,0.0,23.220812500221655,0.0,0.0,0.0,0.0,0.0
2050-02-11 04:00:00,0.0,0.0,0.0,0.0,0.0,22.689562500221655,0.0,0.0,0.0,0.0,0.0
2050-02-11 05:00:00,0.0,0.0,0.0,0.0,0.0,22.27756250021048,0.0,0.0,0.0,0.0,0.0
2050-02-11 06:00:00,0.0,0.0,0.0,0.0,0.0,21.751187500194646,0.0,0.0,0.0,0.0,0.0
2050-02-11 07:00:00,0.0,0.0,0.0,0.0,0.0,19.953500000177883,0.0,0.0,0.0,0.0,0.0
2050-02-11 08:00:00,0.0,0.0,0.0,0.0,0.0,20.66300000017509,0.0,0.0,0.0,0.0,0.0
2050-02-11 09:00:00,0.0,0.0,0.0,0.0,0.0,22.280812500277534,0.0,0.0,0.0,0.0,0.0
2050-02-11 10:00:00,0.0,0.0,0.0,0.0,0.0,23.611187500180677,0.0,0.0,0.0,0.0,0.0
2050-02-11 11:00:00,0.0,0.0,0.0,0.0,0.0,25.644562500179745,0.0,0.0,0.0,0.0,0.0
2050-02-11 12:00:00,0.0,0.0,0.0,0.0,0.0,26.305812500184402,0.0,0.0,0.0,0.0,0.0
2050-02-11 13:00:00,0.0,0.0,0.0,0.0,0.0,27.789500000188127,0.0,0.0,0.0,0.0,0.0
2050-02-11 14:00:00,0.0,0.0,0.0,0.0,0.0,27.680500000249594,0.0,0.0,0.0,0.0,0.0
2050-02-11 15:00:00,0.0,0.0,0.0,0.0,0.0,27.174437500187196,0.0,0.0,0.0,0.0,0.0
2050-02-11 16:00:00,0.0,0.0,0.0,0.0,0.0,26.728937500272878,0.0,0.0,0.0,0.0,0.0
2050-02-11 17:00:00,0.0,0.0,0.0,0.0,0.0,26.516562500270084,0.0,0.0,0.0,0.0,0.0
2050-02-11 18:00:00,0.0,0.0,0.0,0.0,0.0,26.40106250019744,0.0,0.0,0.0,0.0,0.0
2050-02-11 19:00:00,0.0,0.0,0.0,0.0,0.0,26.637312500271946,0.0,0.0,0.0,0.0,0.0
2050-02-11 20:00:00,0.0,0.0,0.0,0.0,0.0,26.73237500025425,0.0,0.0,0.0,0.0,0.0
2050-02-11 21:00:00,0.0,0.0,0.0,0.0,0.0,28.28587500017602,0.0,0.0,0.0,0.0,0.0
2050-02-11 22:00:00,0.0,0.0,0.0,0.0,0.0,30.765062500257045,0.0,0.0,0.0,0.0,0.0
2050-02-11 23:00:00,0.0,0.0,0.0,0.0,0.0,30.102875000215136,0.0,0.0,0.0,0.0,0.0
2050-02-12 00:00:00,0.0,0.0,0.0,0.0,0.0,27.80456250021234,0.0,0.0,0.0,0.0,0.0
2050-02-12 01:00:00,0.0,0.0,0.0,0.0,0.0,23.915500000235625,0.0,0.0,0.0,0.0,0.0
2050-02-12 02:00:00,0.0,0.0,0.0,0.0,0.0,21.254687500186265,0.0,0.0,0.0,0.0,0.0
2050-02-12 03:00:00,0.0,0.0,0.0,0.0,0.0,19.645687500247732,0.0,0.0,0.0,0.0,0.0
2050-02-12 04:00:00,0.0,0.0,0.0,0.0,0.0,19.333250000257976,0.0,0.0,0.0,0.0,0.0
2050-02-12 05:00:00,0.0,0.0,0.0,0.0,0.0,19.15812500019092,0.0,0.0,0.0,0.0,0.0
2050-02-12 06:00:00,0.0,0.0,0.0,0.0,0.0,20.133187500177883,0.0,0.0,0.0,0.0,0.0
2050-02-12 07:00:00,0.0,0.0,0.0,0.0,0.0,22.33481250028126,0.0,0.0,0.0,0.0,0.0
2050-02-12 08:00:00,0.0,0.0,0.0,0.0,0.0,26.155062500271015,0.0,0.0,0.0,0.0,0.0
2050-02-12 09:00:00,0.0,0.0,0.0,0.0,0.0,31.24893750017509,0.0,0.0,0.0,0.0,0.0
2050-02-12 10:00:00,0.0,0.0,0.0,0.0,0.0,33.68931250018068,0.0,0.0,0.0,0.0,0.0
2050-02-12 11:00:00,0.0,0.0,0.0,0.0,0.0,35.29868750018068,0.0,0.0,0.0,0.0,0.0
2050-02-12 12:00:00,0.0,0.0,0.0,0.0,0.0,36.36981250019744,0.0,0.0,0.0,0.0,0.0
2050-02-12 13:00:00,0.0,0.0,0.0,0.0,0.0,36.30393750022631,0.0,0.0,0.0,0.0,0.0
2050-02-12 14:00:00,0.0,0.0,0.0,0.0,0.0,35.23775000020396,0.0,0.0,0.0,0.0,0.0
2050-02-12 15:00:00,0.0,0.0,0.0,0.0,0.0,35.47631250019185,0.0,0.0,0.0,0.0,0.0
2050-02-12 16:00:00,0.0,0.0,0.0,0.0,0.0,35.55850000027567,0.0,0.0,0.0,0.0,0.0
2050-02-12 17:00:00,0.0,0.0,0.0,0.0,0.0,33.06662500021048,0.0,0.0,0.0,0.0,0.0
2050-02-12 18:00:00,0.0,0.0,0.0,0.0,0.0,31.26750000019092,0.0,0.0,0.0,0.0,0.0
2050-02-12 19:00:00,0.0,0.0,0.0,0.0,0.0,30.78112500021234,0.0,0.0,0.0,0.0,0.0
2050-02-12 20:00:00,0.0,0.0,0.0,0.0,0.0,30.732562500284985,0.0,0.0,0.0,0.0,0.0
2050-02-12 21:00:00,0.0,0.0,0.0,0.0,0.0,31.595937500242144,0.0,0.0,0.0,0.0,0.0
2050-02-12 22:00:00,0.0,0.0,0.0,0.0,0.0,31.731625000247732,0.0,0.0,0.0,0.0,0.0
2050-02-12 23:00:00,0.0,0.0,0.0,0.0,0.0,30.22137500019744,0.0,0.0,0.0,0.0,0.0
2050-02-13 00:00:00,0.0,0.0,0.0,0.0,0.0,26.827687500277534,0.0,0.0,0.0,0.0,0.0
2050-02-13 01:00:00,0.0,0.0,0.0,0.0,0.0,24.59537500026636,0.0,0.0,0.0,0.0,0.0
2050-02-13 02:00:00,0.0,0.0,0.0,0.0,0.0,22.84525000024587,0.0,0.0,0.0,0.0,0.0
2050-02-13 03:00:00,0.0,0.0,0.0,0.0,0.0,21.84300000022631,0.0,0.0,0.0,0.0,0.0
2050-02-13 04:00:00,0.0,0.0,0.0,0.0,0.0,20.580437500262633,0.0,0.0,0.0,0.0,0.0
2050-02-13 05:00:00,0.0,0.0,0.0,0.0,0.0,20.491625000257045,0.0,0.0,0.0,0.0,0.0
2050-02-13 06:00:00,0.0,0.0,0.0,0.0,0.0,21.86643750022631,0.0,0.0,0.0,0.0,0.0
2050-02-13 07:00:00,0.0,0.0,0.0,0.0,0.0,22.491250000195578,0.0,0.0,0.0,0.0,0.0
2050-02-13 08:00:00,0.0,0.0,0.0,0.0,0.0,25.221187500283122,0.0,0.0,0.0,0.0,0.0
2050-02-13 09:00:00,0.0,0.0,0.0,0.0,0.0,29.726750000263564,0.0,0.0,0.0,0.0,0.0
2050-02-13 10:00:00,0.0,0.0,0.0,0.0,0.0,31.473125000251457,0.0,0.0,0.0,0.0,0.0
2050-02-13 11:00:00,0.0,0.0,0.0,0.0,0.0,32.94631250028033,0.0,0.0,0.0,0.0,0.0
2050-02-13 12:00:00,0.0,0.0,0.0,0.0,0.0,34.91118750022724,0.0,0.0,0.0,0.0,0.0
2050-02-13 13:00:00,0.0,0.0,0.0,0.0,0.0,35.66300000017509,0.0,0.0,0.0,0.0,0.0
2050-02-13 14:00:00,0.0,0.0,0.0,0.0,0.0,34.919187500257976,0.0,0.0,0.0,0.0,0.0
2050-02-13 15:00:00,0.0,0.0,0.0,0.0,0.0,35.00731250026729,0.0,0.0,0.0,0.0,0.0
2050-02-13 16:00:00,0.0,0.0,0.0,0.0,0.0,34.79500000027474,0.0,0.0,0.0,0.0,0.0
2050-02-13 17:00:00,0.0,0.0,0.0,0.0,0.0,33.72831250028685,0.0,0.0,0.0,0.0,0.0
2050-02-13 18:00:00,0.0,0.0,0.0,0.0,0.0,33.11400000017602,0.0,0.0,0.0,0.0,0.0
2050-02-13 19:00:00,0.0,0.0,0.0,0.0,0.0,32.249937500222586,0.0,0.0,0.0,0.0,0.0
2050-02-13 20:00:00,0.0,0.0,0.0,0.0,0.0,31.953125,0.0,0.0,0.0,0.0,0.0
2050-02-13 21:00:00,0.0,0.0,0.0,0.0,0.0,33.510375000187196,0.0,0.0,0.0,0.0,0.0
2050-02-13 22:00:00,0.0,0.0,0.0,0.0,0.0,34.290500000235625,0.0,0.0,0.0,0.0,0.0
2050-02-13 23:00:00,0.0,0.0,0.0,0.0,0.0,32.931750000221655,0.0,0.0,0.0,0.0,0.0
2050-02-14 00:00:00,0.0,0.0,0.0,0.0,0.0,28.421875,0.0,0.0,0.0,0.0,0.0
2050-02-14 01:00:00,0.0,0.0,0.0,0.0,0.0,25.51512500026729,0.0,0.0,0.0,0.0,0.0
2050-02-14 02:00:00,0.0,0.0,0.0,0.0,0.0,23.453437500284053,0.0,0.0,0.0,0.0,0.0
2050-02-14 03:00:00,0.0,0.0,0.0,0.0,0.0,22.493875000276603,0.0,0.0,0.0,0.0,0.0
2050-02-14 04:00:00,0.0,0.0,0.0,0.0,0.0,21.76118750020396,0.0,0.0,0.0,0.0,0.0
2050-02-14 05:00:00,0.0,0.0,0.0,0.0,0.0,21.8146250002319,0.0,0.0,0.0,0.0,0.0
2050-02-14 06:00:00,0.0,0.0,0.0,0.0,0.0,22.80481250025332,0.0,0.0,0.0,0.0,0.0
2050-02-14 07:00:00,0.0,0.0,0.0,0.0,0.0,24.15825000021141,0.0,0.0,0.0,0.0,0.0
2050-02-14 08:00:00,0.0,0.0,0.0,0.0,0.0,27.80556250025984,0.0,0.0,0.0,0.0,0.0
2050-02-14 09:00:00,0.0,0.0,0.0,0.0,0.0,33.0310625002021,0.0,0.0,0.0,0.0,0.0
2050-02-14 10:00:00,0.0,0.0,0.0,0.0,0.0,35.27375000028405,0.0,0.0,0.0,0.0,0.0
2050-02-14 11:00:00,0.0,0.0,0.0,0.0,0.0,36.917500000214204,0.0,0.0,0.0,0.0,0.0
2050-02-14 12:00:00,0.0,0.0,0.0,0.0,0.0,37.89593750028871,0.0,0.0,0.0,0.0,0.0
2050-02-14 13:00:00,0.0,0.0,0.0,0.0,0.0,38.19068750028964,0.0,0.0,0.0,0.0,0.0
2050-02-14 14:00:00,0.0,0.0,0.0,0.0,0.0,37.27381250017788,0.0,0.0,0.0,0.0,0.0
2050-02-14 15:00:00,0.0,0.0,0.0,0.0,0.0,37.81062500027474,0.0,0.0,0.0,0.0,0.0
2050-02-14 16:00:00,0.0,0.0,0.0,0.0,0.0,37.627062500221655,0.0,0.0,0.0,0.0,0.0
2050-02-14 17:00:00,0.0,0.0,0.0,0.0,0.0,36.375812500249594,0.0,0.0,0.0,0.0,0.0
2050-02-14 18:00:00,0.0,0.0,0.0,0.0,0.0,35.89237500028685,0.0,0.0,0.0,0.0,0.0
2050-02-14 19:00:00,0.0,0.0,0.0,0.0,0.0,33.904937500250526,0.0,0.0,0.0,0.0,0.0
2050-02-14 20:00:00,0.0,0.0,0.0,0.0,0.0,31.91556250024587,0.0,0.0,0.0,0.0,0.0
2050-02-14 21:00:00,0.0,0.0,0.0,0.0,0.0,32.00943750026636,0.0,0.0,0.0,0.0,0.0
2050-02-14 22:00:00,0.0,0.0,0.0,0.0,0.0,32.53418750024866,0.0,0.0,0.0,0.0,0.0
2050-02-14 23:00:00,0.0,0.0,0.0,0.0,0.0,31.036500000278465,0.0,0.0,0.0,0.0,0.0
2050-02-15 00:00:00,0.0,0.0,0.0,0.0,0.0,28.15306250017602,0.0,0.0,0.0,0.0,0.0
2050-02-15 01:00:00,0.0,0.0,0.0,0.0,0.0,25.015187500277534,0.0,0.0,0.0,0.0,0.0
2050-02-15 02:00:00,0.0,0.0,0.0,0.0,0.0,22.67781250027474,0.0,0.0,0.0,0.0,0.0
2050-02-15 03:00:00,0.0,0.0,0.0,0.0,0.0,21.539875000249594,0.0,0.0,0.0,0.0,0.0
2050-02-15 04:00:00,0.0,0.0,0.0,0.0,0.0,21.100062500219792,0.0,0.0,0.0,0.0,0.0
2050-02-15 05:00:00,0.0,0.0,0.0,0.0,0.0,20.831750000244938,0.0,0.0,0.0,0.0,0.0
2050-02-15 06:00:00,0.0,0.0,0.0,0.0,0.0,21.916437500272878,0.0,0.0,0.0,0.0,0.0
2050-02-15 07:00:00,0.0,0.0,0.0,0.0,0.0,22.780375000205822,0.0,0.0,0.0,0.0,0.0
2050-02-15 08:00:00,0.0,0.0,0.0,0.0,0.0,26.2365000002319,0.0,0.0,0.0,0.0,0.0
2050-02-15 09:00:00,0.0,0.0,0.0,0.0,0.0,29.977125000208616,6.041011277701698,0.0,0.0,4.228707894391189,0.0
2050-02-15 10:00:00,0.0,0.0,0.0,0.0,0.0,31.964000000269152,0.0,0.0,0.0,0.0,0.0
2050-02-15 11:00:00,0.0,0.0,0.0,0.0,0.0,33.53431250026915,0.0,0.0,0.0,0.0,0.0
2050-02-15 12:00:00,0.0,0.0,0.0,0.0,0.0,34.367250000243075,0.0,4.060032808288237,0.0,0.0,4.142890620702283
2050-02-15 13:00:00,0.0,0.0,0.0,0.0,0.0,35.825437500257976,0.0,0.0,0.0,0.0,0.0
2050-02-15 14:00:00,0.0,0.0,0.0,0.0,0.0,35.9552500002319,0.0,0.0,0.0,0.0,0.0
2050-02-15 15:00:00,0.0,0.0,0.0,0.0,0.0,33.54700000025332,0.0,0.0,0.0,0.0,0.0
2050-02-15 16:00:00,0.0,0.0,0.0,0.0,0.0,37.92681250022724,0.0,0.0,0.0,0.0,0.0
2050-02-15 17:00:00,0.0,0.0,0.0,0.0,0.0,36.275500000221655,0.0,0.0,0.0,0.0,0.0
2050-02-15 18:00:00,0.0,0.0,0.0,0.0,0.0,35.27706250024494,0.0,0.0,0.0,0.0,0.0
2050-02-15 19:00:00,0.0,0.0,0.0,0.0,0.0,33.19425000017509,0.0,0.0,0.0,0.0,0.0
2050-02-15 20:00:00,0.0,0.0,0.0,0.0,0.0,32.47237500024494,0.0,0.0,0.0,0.0,0.0
2050-02-15 21:00:00,0.0,0.0,0.0,0.0,0.0,33.47856250021141,0.0,0.0,0.0,0.0,0.0
2050-02-15 22:00:00,0.0,0.0,0.0,0.0,0.0,34.724625000264496,0.0,0.0,0.0,0.0,0.0
2050-02-15 23:00:00,0.0,0.0,0.0,0.0,0.0,32.536500000278465,0.0,0.0,0.0,0.0,0.0
2050-02-16 00:00:00,0.0,0.0,0.0,0.0,0.0,28.00743750028778,0.0,0.0,0.0,0.0,0.0
2050-02-16 01:00:00,0.0,0.0,0.0,0.0,0.0,25.37056250020396,0.0,0.0,0.0,0.0,0.0
2050-02-16 02:00:00,0.0,0.0,0.0,0.0,0.0,23.35243750025984,0.0,0.0,0.0,0.0,0.0
2050-02-16 03:00:00,0.0,0.0,0.0,0.0,0.0,22.021625000284985,0.0,0.0,0.0,0.0,0.0
2050-02-16 04:00:00,0.0,0.0,0.0,0.0,0.0,21.02506250026636,0.0,0.0,0.0,0.0,0.0
2050-02-16 05:00:00,0.0,0.0,0.0,0.0,0.0,21.252562500187196,0.0,0.0,0.0,0.0,0.0
2050-02-16 06:00:00,0.0,0.0,0.0,0.0,0.0,21.85925000021234,0.0,0.0,0.0,0.0,0.0
2050-02-16 07:00:00,0.0,0.0,0.0,0.0,0.0,22.91331250022631,0.0,0.0,0.0,0.0,0.0
2050-02-16 08:00:00,0.0,0.0,0.0,0.0,0.0,26.718062500236556,0.0,0.0,0.0,0.0,0.0
2050-02-16 09:00:00,0.0,0.0,0.0,0.0,0.0,30.576687500230037,0.0,0.0,0.0,0.0,0.0
2050-02-16 10:00:00,0.0,0.0,0.0,0.0,0.0,33.987687500193715,0.0,0.0,0.0,0.0,0.0
2050-02-16 11:00:00,0.0,0.0,0.0,0.0,0.0,35.76462500018533,0.0,0.0,0.0,0.0,0.0
2050-02-16 12:00:00,0.0,0.0,0.0,0.0,0.0,36.446500000194646,0.0,0.0,0.0,0.0,0.0
2050-02-16 13:00:00,0.0,0.0,0.0,0.0,0.0,36.261125000193715,0.0,0.0,0.0,0.0,0.0
2050-02-16 14:00:00,0.0,0.0,0.0,0.0,0.0,36.26837500021793,0.0,0.0,0.0,0.0,0.0
2050-02-16 15:00:00,0.0,0.0,0.0,0.0,0.0,36.49306250025984,0.0,0.0,0.0,0.0,0.0
2050-02-16 16:00:00,0.0,0.0,0.0,0.0,0.0,35.492875000229105,0.0,0.0,0.0,0.0,0.0
2050-02-16 17:00:00,0.0,0.0,0.0,0.0,0.0,34.271687500178814,0.0,0.0,0.0,0.0,0.0
2050-02-16 18:00:00,0.0,0.0,0.0,0.0,0.0,32.12743750028312,0.0,0.0,0.0,0.0,0.0
2050-02-16 19:00:00,0.0,0.0,0.0,0.0,0.0,30.80518750019837,0.0,0.0,0.0,0.0,0.0
2050-02-16 20:00:00,0.0,0.0,0.0,0.0,0.0,30.480875000241213,0.0,0.0,0.0,0.0,0.0
2050-02-16 21:00:00,0.0,0.0,0.0,0.0,0.0,31.891062500188127,2.869319315484347,0.0,0.0,2.008523520839043,0.0
2050-02-16 22:00:00,0.0,0.0,0.0,0.0,0.0,32.6321875002468,0.0,0.0,0.0,0.0,0.0
2050-02-16 23:00:00,0.0,0.0,0.0,0.0,0.0,30.512812500237487,0.0,1.9286002115057939,0.0,0.0,1.967959399495708
2050-02-17 00:00:00,0.0,0.0,0.0,0.0,0.0,27.986750000272878,0.0,0.0,0.0,0.0,0.0
2050-02-17 01:00:00,0.0,0.0,0.0,0.0,0.0,26.58100000023842,0.0,0.0,0.0,0.0,0.0
2050-02-17 02:00:00,0.0,0.0,0.0,0.0,0.0,24.613625000230968,0.0,0.0,0.0,0.0,0.0
2050-02-17 03:00:00,0.0,0.0,0.0,0.0,0.0,23.258625000249594,0.0,0.0,0.0,0.0,0.0
2050-02-17 04:00:00,0.0,0.0,0.0,0.0,0.0,22.34837500017602,32.581989569799966,0.0,0.0,22.807392698859974,0.0
2050-02-17 05:00:00,0.0,0.0,0.0,0.0,0.0,21.507375000277534,11.021612678927836,0.0,0.0,7.715128875249484,0.0
2050-02-17 06:00:00,0.0,0.0,0.0,0.0,0.0,21.6740000002319,30.936443502802405,0.0,0.0,21.655510451961682,0.0
2050-02-17 07:00:00,0.0,0.0,0.0,0.0,0.0,19.77893750020303,34.84738968825772,0.0,0.0,24.393172781780404,0.0
2050-02-17 08:00:00,0.0,0.0,0.0,0.0,0.0,21.59987500018906,39.07747660094452,0.0,0.0,27.35423362066115,0.0
2050-02-17 09:00:00,0.0,0.0,0.0,0.0,0.0,26.648375000222586,32.510186359772376,0.0,0.0,22.757130451840663,0.0
2050-02-17 10:00:00,0.0,0.0,0.0,0.0,0.0,29.422562500229105,0.0,0.0,0.0,0.0,0.0
2050-02-17 11:00:00,0.0,0.0,0.0,0.0,0.0,31.32762500026729,0.0,14.445816357206594,0.0,0.0,14.740628935925098
2050-02-17 12:00:00,0.0,0.0,0.0,0.0,0.0,31.95662500022445,0.0,18.303437894616224,0.0,0.0,18.676977443485942
2050-02-17 13:00:00,0.0,0.0,0.0,0.0,0.0,31.753687500255182,0.0,18.091877508781383,0.0,0.0,18.461099498756518
2050-02-17 14:00:00,0.0,0.0,0.0,0.0,0.0,31.097625000285916,0.0,1.236723686227169,0.0,0.0,1.2619629451297645
2050-02-17 15:00:00,0.0,0.0,0.0,0.0,0.0,30.57368750020396,0.0,13.043920940363519,0.0,0.0,13.310123408534205
2050-02-17 16:00:00,0.0,0.0,0.0,0.0,0.0,28.255062500247732,0.0,14.801676219918965,0.0,0.0,15.103751244815271
2050-02-17 17:00:00,0.0,0.0,0.0,0.0,0.0,27.63156250026077,0.0,22.0803367855205,0.0,0.0,22.53095590359235
2050-02-17 18:00:00,0.0,0.0,0.0,0.0,0.0,27.686687500216067,0.0,19.564962631392348,0.0,0.0,19.964247583053417
2050-02-17 19:00:00,0.0,0.0,0.0,0.0,0.0,28.080437500262633,0.0,0.0,0.0,0.0,0.0
2050-02-17 20:00:00,0.0,0.0,0.0,0.0,0.0,28.370937500265427,0.0,0.0,0.0,0.0,0.0
2050-02-17 21:00:00,0.0,0.0,0.0,0.0,0.0,30.51787500025239,0.0,0.0,0.0,0.0,0.0
2050-02-17 22:00:00,0.0,0.0,0.0,0.0,0.0,31.255562500213273,0.0,0.0,0.0,0.0,0.0
2050-02-17 23:00:00,0.0,0.0,0.0,0.0,0.0,29.74618750018999,0.0,0.0,0.0,0.0,0.0
2050-02-18 00:00:00,0.0,0.0,0.0,0.0,0.0,27.174062500242144,0.0,0.0,0.0,0.0,0.0
2050-02-18 01:00:00,0.0,0.0,0.0,0.0,0.0,24.986687500262633,0.0,0.0,0.0,0.0,0.0
2050-02-18 02:00:00,0.0,0.0,0.0,0.0,0.0,23.17718750028871,0.0,0.0,0.0,0.0,0.0
2050-02-18 03:00:00,0.0,0.0,0.0,0.0,0.0,22.004062500200234,0.0,0.0,0.0,0.0,0.0
2050-02-18 04:00:00,0.0,0.0,0.0,0.0,0.0,21.35800000024028,0.0,0.0,0.0,0.0,0.0
2050-02-18 05:00:00,0.0,0.0,0.0,0.0,0.0,20.78656250028871,0.0,0.0,0.0,0.0,0.0
2050-02-18 06:00:00,0.0,0.0,0.0,0.0,0.0,20.227250000229105,0.0,0.0,0.0,0.0,0.0
2050-02-18 07:00:00,0.0,0.0,0.0,0.0,0.0,19.267437500180677,0.0,0.0,0.0,0.0,0.0
2050-02-18 08:00:00,0.0,0.0,0.0,0.0,0.0,19.33943750022445,0.0,0.0,0.0,0.0,0.0
2050-02-18 09:00:00,0.0,0.0,0.0,0.0,0.0,21.013562500244007,0.0,0.0,0.0,0.0,0.0
2050-02-18 10:00:00,0.0,0.0,0.0,0.0,0.0,23.530812500277534,0.0,0.0,0.0,0.0,0.0
2050-02-18 11:00:00,0.0,0.0,0.0,0.0,0.0,26.423187500215136,0.0,0.0,0.0,0.0,0.0
2050-02-18 12:00:00,0.0,0.0,0.0,0.0,0.0,27.404437500284985,0.0,0.0,0.0,0.0,0.0
2050-02-18 13:00:00,0.0,0.0,0.0,0.0,0.0,28.12625000020489,0.0,0.0,0.0,0.0,0.0
2050-02-18 14:00:00,0.0,0.0,0.0,0.0,0.0,28.201562500209548,0.0,0.0,0.0,0.0,0.0
2050-02-18 15:00:00,0.0,0.0,0.0,0.0,0.0,27.544062500237487,0.0,0.0,0.0,0.0,0.0
2050-02-18 16:00:00,0.0,0.0,0.0,0.0,0.0,27.91606250021141,0.0,0.0,0.0,0.0,0.0
2050-02-18 17:00:00,0.0,0.0,0.0,0.0,0.0,27.171187500236556,0.0,0.0,0.0,0.0,0.0
2050-02-18 18:00:00,0.0,0.0,0.0,0.0,0.0,26.53643750026822,0.0,0.0,0.0,0.0,0.0
2050-02-18 19:00:00,0.0,0.0,0.0,0.0,0.0,27.03443750028964,0.0,0.0,0.0,0.0,0.0
2050-02-18 20:00:00,0.0,0.0,0.0,0.0,0.0,27.421312500257045,0.0,0.0,0.0,0.0,0.0
2050-02-18 21:00:00,0.0,0.0,0.0,0.0,0.0,29.358375000185333,0.0,0.0,0.0,0.0,0.0
2050-02-18 22:00:00,0.0,0.0,0.0,0.0,0.0,32.00956250028685,0.0,0.0,0.0,0.0,0.0
2050-02-18 23:00:00,0.0,0.0,0.0,0.0,0.0,30.405312500195578,0.0,0.0,0.0,0.0,0.0
2050-02-19 00:00:00,0.0,0.0,0.0,0.0,0.0,27.876437500235625,0.0,0.0,0.0,0.0,0.0
2050-02-19 01:00:00,0.0,0.0,0.0,0.0,0.0,25.424875000258908,0.0,0.0,0.0,0.0,0.0
2050-02-19 02:00:00,0.0,0.0,0.0,0.0,0.0,23.350062500219792,0.0,0.0,0.0,0.0,0.0
2050-02-19 03:00:00,0.0,0.0,0.0,0.0,0.0,22.157312500290573,0.0,0.0,0.0,0.0,0.0
2050-02-19 04:00:00,0.0,0.0,0.0,0.0,0.0,21.623437500209548,0.0,0.0,0.0,0.0,0.0
2050-02-19 05:00:00,0.0,0.0,0.0,0.0,0.0,21.564687500242144,0.0,0.0,0.0,0.0,0.0
2050-02-19 06:00:00,0.0,0.0,0.0,0.0,0.0,22.323250000248663,0.0,0.0,0.0,0.0,0.0
2050-02-19 07:00:00,0.0,0.0,0.0,0.0,0.0,23.03968750021886,0.0,0.0,0.0,0.0,0.0
2050-02-19 08:00:00,0.0,0.0,0.0,0.0,0.0,25.983062500250526,0.0,0.0,0.0,0.0,0.0
2050-02-19 09:00:00,0.0,0.0,0.0,0.0,0.0,30.819375000195578,0.0,0.0,0.0,0.0,0.0
2050-02-19 10:00:00,0.0,0.0,0.0,0.0,0.0,34.56143750017509,0.0,0.0,0.0,0.0,0.0
2050-02-19 11:00:00,0.0,0.0,0.0,0.0,0.0,36.37762500019744,0.0,0.0,0.0,0.0,0.0
2050-02-19 12:00:00,0.0,0.0,0.0,0.0,0.0,37.68550000025425,0.0,0.0,0.0,0.0,0.0
2050-02-19 13:00:00,0.0,0.0,0.0,0.0,0.0,38.4782500002766,0.0,0.0,0.0,0.0,0.0
2050-02-19 14:00:00,0.0,0.0,0.0,0.0,0.0,36.70968750026077,0.0,0.0,0.0,0.0,0.0
2050-02-19 15:00:00,0.0,0.0,0.0,0.0,0.0,36.17250000021886,0.0,0.0,0.0,0.0,0.0
2050-02-19 16:00:00,0.0,0.0,0.0,0.0,0.0,36.45281250018161,0.0,0.0,0.0,0.0,0.0
2050-02-19 17:00:00,0.0,0.0,0.0,0.0,0.0,36.662875000271015,0.0,0.0,0.0,0.0,0.0
2050-02-19 18:00:00,0.0,0.0,0.0,0.0,0.0,36.55825000023469,0.0,0.0,0.0,0.0,0.0
2050-02-19 19:00:00,0.0,0.0,0.0,0.0,0.0,36.25031250028405,0.0,0.0,0.0,0.0,0.0
2050-02-19 20:00:00,0.0,0.0,0.0,0.0,0.0,34.84831250028219,0.0,0.0,0.0,0.0,0.0
2050-02-19 21:00:00,0.0,0.0,0.0,0.0,0.0,36.01656250027008,0.0,0.0,0.0,0.0,0.0
2050-02-19 22:00:00,0.0,0.0,0.0,0.0,0.0,35.5546875,0.0,0.0,0.0,0.0,0.0
2050-02-19 23:00:00,0.0,0.0,0.0,0.0,0.0,32.66743750020396,0.0,0.0,0.0,0.0,0.0
2050-02-20 00:00:00,0.0,0.0,0.0,0.0,0.0,28.48987500020303,0.0,0.0,0.0,0.0,0.0
2050-02-20 01:00:00,0.0,0.0,0.0,0.0,0.0,24.812437500222586,0.0,0.0,0.0,0.0,0.0
2050-02-20 02:00:00,0.0,0.0,0.0,0.0,0.0,22.41418750025332,0.0,0.0,0.0,0.0,0.0
2050-02-20 03:00:00,0.0,0.0,0.0,0.0,0.0,21.42662500019651,0.0,0.0,0.0,0.0,0.0
2050-02-20 04:00:00,0.0,0.0,0.0,0.0,0.0,20.70712500018999,0.0,0.0,0.0,0.0,0.0
2050-02-20 05:00:00,0.0,0.0,0.0,0.0,0.0,20.60568750021048,0.0,0.0,0.0,0.0,0.0
2050-02-20 06:00:00,0.0,0.0,0.0,0.0,0.0,21.488062500255182,0.0,0.0,0.0,0.0,0.0
2050-02-20 07:00:00,0.0,0.0,0.0,0.0,0.0,22.237500000279397,0.0,0.0,0.0,0.0,0.0
2050-02-20 08:00:00,0.0,0.0,0.0,0.0,0.0,25.044062500237487,0.0,0.0,0.0,0.0,0.0
2050-02-20 09:00:00,0.0,0.0,0.0,0.0,0.0,27.46318750025239,0.0,0.0,0.0,0.0,0.0
2050-02-20 10:00:00,0.0,0.0,0.0,0.0,0.0,29.57081250019837,0.0,0.0,0.0,0.0,0.0
2050-02-20 11:00:00,0.0,0.0,0.0,0.0,0.0,31.397750000236556,0.0,0.0,0.0,0.0,0.0
2050-02-20 12:00:00,0.0,0.0,0.0,0.0,0.0,32.70862500020303,0.0,0.0,0.0,0.0,0.0
2050-02-20 13:00:00,0.0,0.0,0.0,0.0,0.0,32.69325000024401,0.0,0.0,0.0,0.0,0.0
2050-02-20 14:00:00,0.0,0.0,0.0,0.0,0.0,32.53000000026077,0.0,0.0,0.0,0.0,0.0
2050-02-20 15:00:00,0.0,0.0,0.0,0.0,0.0,36.065187500207685,0.0,0.0,0.0,0.0,0.0
2050-02-20 16:00:00,0.0,0.0,0.0,0.0,0.0,35.40150000026915,0.0,0.0,0.0,0.0,0.0
2050-02-20 17:00:00,0.0,0.0,0.0,0.0,0.0,34.2901875001844,0.0,0.0,0.0,0.0,0.0
2050-02-20 18:00:00,0.0,0.0,0.0,0.0,0.0,33.53037500020582,0.0,0.0,0.0,0.0,0.0
2050-02-20 19:00:00,0.0,0.0,0.0,0.0,0.0,32.7806250002468,0.0,0.0,0.0,0.0,0.0
2050-02-20 20:00:00,0.0,0.0,0.0,0.0,0.0,32.094562500249594,0.0,0.0,0.0,0.0,0.0
2050-02-20 21:00:00,0.0,0.0,0.0,0.0,0.0,33.910937500186265,3.0969698793666773,0.0,0.0,2.167878915556674,0.0
2050-02-20 22:00:00,0.0,0.0,0.0,0.0,0.0,35.623062500264496,20.098137806020688,0.0,0.0,14.068696464214481,0.0
2050-02-20 23:00:00,0.0,0.0,0.0,0.0,0.0,33.67231250018813,16.544313684922273,0.0,0.0,11.58101957944559,0.0
2050-02-21 00:00:00,0.0,0.0,0.0,0.0,0.0,29.08881250023842,39.07747660094451,0.0,0.0,27.35423362066115,0.0
2050-02-21 01:00:00,0.0,0.0,0.0,0.0,0.0,25.598750000237487,39.07747660094452,0.0,0.0,27.35423362066115,0.0
2050-02-21 02:00:00,0.0,0.0,0.0,0.0,0.0,23.44068750028964,36.922903222530735,0.0,0.0,25.84603225577151,0.0
2050-02-21 03:00:00,0.0,0.0,0.0,0.0,0.0,22.169000000227243,25.06979381612908,0.0,0.0,17.548855671290355,0.0
2050-02-21 04:00:00,0.0,0.0,0.0,0.0,0.0,21.416500000283122,16.94845879467657,0.0,0.0,11.863921156273598,0.0
2050-02-21 05:00:00,0.0,0.0,0.0,0.0,0.0,21.130125000257976,9.35910342407713,0.0,0.0,6.55137239685399,0.0
2050-02-21 06:00:00,0.0,0.0,0.0,0.0,0.0,22.79912500025239,3.2854376605005164,0.0,0.0,2.2998063623503615,0.0
2050-02-21 07:00:00,0.0,0.0,0.0,0.0,0.0,24.207625000271946,0.0,2.0328889194885327,0.0,0.0,2.0743764484576865
2050-02-21 08:00:00,0.0,0.0,0.0,0.0,0.0,26.822062500286847,0.0,9.678901304303233,0.0,0.0,9.87642990235024
2050-02-21 09:00:00,0.0,0.0,0.0,0.0,0.0,31.89906250021886,0.0,23.044365569630322,0.0,0.0,23.514658744520737
2050-02-21 10:00:00,0.0,0.0,0.0,0.0,0.0,34.63243750028778,0.0,6.643245300153214,0.0,0.0,6.778821734850218
2050-02-21 11:00:00,0.0,0.0,0.0,0.0,0.0,36.267812500242144,0.0,0.0,0.0,0.0,0.0
2050-02-21 12:00:00,0.0,0.0,0.0,0.0,0.0,36.37637500022538,0.0,0.0,0.0,0.0,0.0
2050-02-21 13:00:00,0.0,0.0,0.0,0.0,0.0,36.18662500020582,0.0,31.2438332324273,0.0,0.0,31.881462482068674
2050-02-21 14:00:00,0.0,0.0,0.0,0.0,0.0,35.93200000026263,0.0,0.0,0.0,0.0,0.0
2050-02-21 15:00:00,0.0,0.0,0.0,0.0,0.0,36.898375000222586,0.0,0.0,0.0,0.0,0.0
2050-02-21 16:00:00,0.0,0.0,0.0,0.0,0.0,37.116000000271015,0.0,0.0,0.0,0.0,0.0
2050-02-21 17:00:00,0.0,0.0,0.0,0.0,0.0,36.47950000024866,0.0,0.0,0.0,0.0,0.0
2050-02-21 18:00:00,0.0,0.0,0.0,0.0,0.0,35.35712500021327,0.0,0.0,0.0,0.0,0.0
2050-02-21 19:00:00,0.0,0.0,0.0,0.0,0.0,33.80312500020955,0.0,0.0,0.0,0.0,0.0
2050-02-21 20:00:00,0.0,0.0,0.0,0.0,0.0,32.55325000023004,0.0,0.0,0.0,0.0,0.0
2050-02-21 21:00:00,0.0,0.0,0.0,0.0,0.0,34.3670000002021,0.0,0.0,0.0,0.0,0.0
2050-02-21 22:00:00,0.0,0.0,0.0,0.0,0.0,35.15775000024587,0.0,0.0,0.0,0.0,0.0
2050-02-21 23:00:00,0.0,0.0,0.0,0.0,0.0,32.47200000018347,0.0,0.0,0.0,0.0,0.0
2050-02-22 00:00:00,0.0,0.0,0.0,0.0,0.0,28.305375000229105,0.0,0.0,0.0,0.0,0.0
2050-02-22 01:00:00,0.0,0.0,0.0,0.0,0.0,25.11262500018347,0.0,0.0,0.0,0.0,0.0
2050-02-22 02:00:00,0.0,0.0,0.0,0.0,0.0,23.213250000262633,0.0,0.0,0.0,0.0,0.0
2050-02-22 03:00:00,0.0,0.0,0.0,0.0,0.0,22.15425000025425,0.0,0.0,0.0,0.0,0.0
2050-02-22 04:00:00,0.0,0.0,0.0,0.0,0.0,21.459625000250526,0.0,0.0,0.0,0.0,0.0
2050-02-22 05:00:00,0.0,0.0,0.0,0.0,0.0,21.420125000178814,0.0,0.0,0.0,0.0,0.0
2050-02-22 06:00:00,0.0,0.0,0.0,0.0,0.0,22.400125000276603,0.0,0.0,0.0,0.0,0.0
2050-02-22 07:00:00,0.0,0.0,0.0,0.0,0.0,22.851375000202097,0.0,0.0,0.0,0.0,0.0
2050-02-22 08:00:00,0.0,0.0,0.0,0.0,0.0,26.01900000020396,0.0,0.0,0.0,0.0,0.0
2050-02-22 09:00:00,0.0,0.0,0.0,0.0,0.0,29.538375000236556,0.0,0.0,0.0,0.0,0.0
2050-02-22 10:00:00,0.0,0.0,0.0,0.0,0.0,32.26275000022724,0.0,0.0,0.0,0.0,0.0
2050-02-22 11:00:00,0.0,0.0,0.0,0.0,0.0,34.01362500025425,0.0,0.0,0.0,0.0,0.0
2050-02-22 12:00:00,0.0,0.0,0.0,0.0,0.0,34.807250000187196,0.0,0.0,0.0,0.0,0.0
2050-02-22 13:00:00,0.0,0.0,0.0,0.0,0.0,33.964875000179745,0.0,0.0,0.0,0.0,0.0
2050-02-22 14:00:00,0.0,0.0,0.0,0.0,0.0,33.08437500020955,0.0,0.0,0.0,0.0,0.0
2050-02-22 15:00:00,0.0,0.0,0.0,0.0,0.0,33.42475000023842,0.0,0.0,0.0,0.0,0.0
2050-02-22 16:00:00,0.0,0.0,0.0,0.0,0.0,34.28625000023749,0.0,0.0,0.0,0.0,0.0
2050-02-22 17:00:00,0.0,0.0,0.0,0.0,0.0,32.59462500025984,0.0,0.0,0.0,0.0,0.0
2050-02-22 18:00:00,0.0,0.0,0.0,0.0,0.0,31.50400000018999,10.498088557896395,0.0,0.0,7.348661990527476,0.0
2050-02-22 19:00:00,0.0,0.0,0.0,0.0,0.0,30.99925000022631,0.0,0.0,0.0,0.0,0.0
2050-02-22 20:00:00,0.0,0.0,0.0,0.0,0.0,30.587750000180677,0.0,0.0,0.0,0.0,0.0
2050-02-22 21:00:00,0.0,0.0,0.0,0.0,0.0,32.37237500026822,0.0,0.0,0.0,0.0,0.0
2050-02-22 22:00:00,0.0,0.0,0.0,0.0,0.0,33.119125000201166,31.752710504455248,0.0,0.0,22.226897353118673,0.0
2050-02-22 23:00:00,0.0,0.0,0.0,0.0,0.0,31.492000000202097,29.85462171705391,0.0,0.0,20.898235201937734,0.0
2050-02-23 00:00:00,0.0,0.0,0.0,0.0,0.0,27.546000000205822,0.0,0.0,0.0,0.0,0.0
2050-02-23 01:00:00,0.0,0.0,0.0,0.0,0.0,24.384375000256114,14.420790585113316,0.0,0.0,10.094553409579321,0.0
2050-02-23 02:00:00,0.0,0.0,0.0,0.0,0.0,22.11400000017602,5.403881964650978,0.0,0.0,3.782717375255684,0.0
2050-02-23 03:00:00,0.0,0.0,0.0,0.0,0.0,20.351875000284053,0.0,0.8655206801546778,0.0,0.0,0.8831843675047734
2050-02-23 04:00:00,0.0,0.0,0.0,0.0,0.0,19.658000000286847,0.0,2.8838603440057393,0.0,0.0,2.942714636740551
2050-02-23 05:00:00,0.0,0.0,0.0,0.0,0.0,19.71762500028126,0.0,8.669261838267039,0.0,0.0,8.84618554925208
2050-02-23 06:00:00,0.0,0.0,0.0,0.0,0.0,20.635875000269152,0.0,14.492422466557585,0.0,0.0,14.788186190364884
2050-02-23 07:00:00,0.0,0.0,0.0,0.0,0.0,21.590875000227243,0.0,18.330757160342543,0.0,0.0,18.704854245247493
2050-02-23 08:00:00,0.0,0.0,0.0,0.0,0.0,24.963875000248663,0.0,25.81668067601581,0.0,0.0,26.343551710220215
2050-02-23 09:00:00,0.0,0.0,0.0,0.0,0.0,30.161500000278465,0.0,38.130935712947135,0.0,0.0,38.90911807443585
2050-02-23 10:00:00,0.0,0.0,0.0,0.0,0.0,32.76087500026915,0.0,11.253724288407566,0.0,0.0,11.483392131028129
2050-02-23 11:00:00,0.0,0.0,0.0,0.0,0.0,34.54550000024028,0.0,6.500168775277188,0.0,0.0,6.632825280895091
2050-02-23 12:00:00,0.0,0.0,0.0,0.0,0.0,35.39300000027288,0.0,2.5466828066756357,0.0,0.0,2.5986559251792207
2050-02-23 13:00:00,0.0,0.0,0.0,0.0,0.0,35.651750000193715,0.0,0.0,0.0,0.0,0.0
2050-02-23 14:00:00,0.0,0.0,0.0,0.0,0.0,34.84287500020582,0.0,0.0,0.0,0.0,0.0
2050-02-23 15:00:00,0.0,0.0,0.0,0.0,0.0,34.86237500025891,0.0,0.0,0.0,0.0,0.0
2050-02-23 16:00:00,0.0,0.0,0.0,0.0,0.0,35.76987500023097,0.0,0.0,0.0,0.0,0.0
2050-02-23 17:00:00,0.0,0.0,0.0,0.0,0.0,34.70362500019837,11.697104967654319,0.0,0.0,8.187973477358023,0.0
2050-02-23 18:00:00,0.0,0.0,0.0,0.0,0.0,33.43075000029057,36.589097470217084,0.0,0.0,25.612368229151958,0.0
2050-02-23 19:00:00,0.0,0.0,0.0,0.0,0.0,32.17150000028778,39.07747660094452,0.0,0.0,27.35423362066115,0.0
2050-02-23 20:00:00,0.0,0.0,0.0,0.0,0.0,32.2218750002794,39.07747660094452,0.0,0.0,27.354233620661162,0.0
2050-02-23 21:00:00,0.0,0.0,0.0,0.0,0.0,34.80500000028405,13.814928677372436,0.0,0.0,9.670450074160705,0.0
2050-02-23 22:00:00,0.0,0.0,0.0,0.0,0.0,35.49650000024121,39.07747660094452,0.0,0.0,27.354233620661162,0.0
2050-02-23 23:00:00,0.0,0.0,0.0,0.0,0.0,33.5802500002319,14.93817603887102,0.0,0.0,10.456723227209714,0.0
2050-02-24 00:00:00,0.0,0.0,0.0,0.0,0.0,28.87787500023842,39.07747660094452,0.0,0.0,27.354233620661162,0.0
2050-02-24 01:00:00,0.0,0.0,0.0,0.0,0.0,26.116750000277534,19.11579676755928,0.0,0.0,13.381057737291496,0.0
2050-02-24 02:00:00,0.0,0.0,0.0,0.0,0.0,24.399000000208616,39.07747660094451,0.0,0.0,27.35423362066115,0.0
2050-02-24 03:00:00,0.0,0.0,0.0,0.0,0.0,22.972500000265427,39.07747660094452,0.0,0.0,27.35423362066115,0.0
2050-02-24 04:00:00,0.0,0.0,0.0,0.0,0.0,22.09437500021886,39.07747660094452,0.0,0.0,27.35423362066115,0.0
2050-02-24 05:00:00,0.0,0.0,0.0,0.0,0.0,21.865625000209548,39.07747660094452,0.0,0.0,27.35423362066115,0.0
2050-02-24 06:00:00,0.0,0.0,0.0,0.0,0.0,21.935375000233762,39.07747660094452,0.0,0.0,27.354233620661162,0.0
2050-02-24 07:00:00,0.0,0.0,0.0,0.0,0.0,21.522625000216067,39.07747660094452,0.0,0.0,27.35423362066115,0.0
2050-02-24 08:00:00,0.0,0.0,0.0,0.0,0.0,22.868375000194646,37.59490633364153,0.0,0.0,26.31643443354907,0.0
2050-02-24 09:00:00,0.0,0.0,0.0,0.0,0.0,27.512500000186265,23.530668584537498,0.0,0.0,16.47146800917625,0.0
2050-02-24 10:00:00,0.0,0.0,0.0,0.0,0.0,30.82550000026822,33.591858139227455,0.0,0.0,23.514300697459216,0.0
2050-02-24 11:00:00,0.0,0.0,0.0,0.0,0.0,33.069875000277534,20.602813111369564,0.0,0.0,14.421969177958694,0.0
2050-02-24 12:00:00,0.0,0.0,0.0,0.0,0.0,34.102875000215136,8.14571156000434,0.0,0.0,5.701998092003038,0.0
2050-02-24 13:00:00,0.0,0.0,0.0,0.0,0.0,34.17087500018533,38.000438294529516,0.0,0.0,26.60030680617066,0.0
2050-02-24 14:00:00,0.0,0.0,0.0,0.0,0.0,33.65800000028685,29.925893613357545,0.0,0.0,20.94812552935028,0.0
2050-02-24 15:00:00,0.0,0.0,0.0,0.0,0.0,32.77712500025518,27.410193852648657,0.0,0.0,19.18713569685406,0.0
2050-02-24 16:00:00,0.0,0.0,0.0,0.0,0.0,32.164000000222586,26.994569899996492,0.0,0.0,18.896198929997542,0.0
2050-02-24 17:00:00,0.0,0.0,0.0,0.0,0.0,31.59050000028219,20.678219447803272,0.0,0.0,14.474753613462289,0.0
2050-02-24 18:00:00,0.0,0.0,0.0,0.0,0.0,30.313625000184402,21.027876871489468,0.0,0.0,14.719513810042626,0.0
2050-02-24 19:00:00,0.0,0.0,0.0,0.0,0.0,29.743875000276603,31.57930462266458,0.0,0.0,22.105513235865203,0.0
2050-02-24 20:00:00,0.0,0.0,0.0,0.0,0.0,29.562250000191852,38.66672847123597,0.0,0.0,27.066709929865176,0.0
2050-02-24 21:00:00,0.0,0.0,0.0,0.0,0.0,31.75287500023842,35.43533850671085,0.0,0.0,24.804736954697592,0.0
2050-02-24 22:00:00,0.0,0.0,0.0,0.0,0.0,32.50062500021886,18.749141125498888,0.0,0.0,13.12439878784922,0.0
2050-02-24 23:00:00,0.0,0.0,0.0,0.0,0.0,30.79887500021141,21.080464540029656,0.0,0.0,14.756325178020758,0.0
2050-02-25 00:00:00,0.0,0.0,0.0,0.0,0.0,28.519250000244938,18.440760393578127,0.0,0.0,12.908532275504689,0.0
2050-02-25 01:00:00,0.0,0.0,0.0,0.0,0.0,26.211750000249594,13.587254577086593,0.0,0.0,9.511078203960615,0.0
2050-02-25 02:00:00,0.0,0.0,0.0,0.0,0.0,24.34337500028778,12.669162487810514,0.0,0.0,8.868413741467359,0.0
2050-02-25 03:00:00,0.0,0.0,0.0,0.0,0.0,22.695375000243075,11.96217536443499,0.0,0.0,8.373522755104494,0.0
2050-02-25 04:00:00,0.0,0.0,0.0,0.0,0.0,22.04575000028126,9.42886263978978,0.0,0.0,6.600203847852846,0.0
2050-02-25 05:00:00,0.0,0.0,0.0,0.0,0.0,21.751125000184402,8.026923534228867,0.0,0.0,5.618846473960207,0.0
2050-02-25 06:00:00,0.0,0.0,0.0,0.0,0.0,20.861750000272878,8.513099854859334,0.0,0.0,5.959169898401534,0.0
2050-02-25 07:00:00,0.0,0.0,0.0,0.0,0.0,19.930000000284053,8.516075150390325,0.0,0.0,5.961252605273227,0.0
2050-02-25 08:00:00,0.0,0.0,0.0,0.0,0.0,20.088125000242144,2.979216094772834,0.0,0.0,2.085451266340984,0.0
2050-02-25 09:00:00,0.0,0.0,0.0,0.0,0.0,22.31112500024028,0.0,9.782006280586224,0.0,0.0,9.981639061822678
2050-02-25 10:00:00,0.0,0.0,0.0,0.0,0.0,24.63925000024028,0.0,32.8129660337378,0.0,0.0,33.482618401773266
2050-02-25 11:00:00,0.0,0.0,0.0,0.0,0.0,26.52862500026822,0.0,42.77098530835103,0.0,0.0,43.643862559541866
2050-02-25 12:00:00,0.0,0.0,0.0,0.0,0.0,27.87312500027474,0.0,43.73995049595425,0.0,0.0,44.63260254689209
2050-02-25 13:00:00,0.0,0.0,0.0,0.0,0.0,28.599625000264496,0.0,43.73995049595425,0.0,0.0,44.63260254689209
2050-02-25 14:00:00,0.0,0.0,0.0,0.0,0.0,29.20512500021141,0.0,18.350249158722516,0.0,0.0,18.72474403951277
2050-02-25 15:00:00,0.0,0.0,0.0,0.0,0.0,29.061000000219792,0.0,0.0,0.0,0.0,0.0
2050-02-25 16:00:00,0.0,0.0,0.0,0.0,0.0,27.823000000207685,0.0,0.0,0.0,0.0,0.0
2050-02-25 17:00:00,0.0,0.0,0.0,0.0,0.0,27.270625000237487,0.0,0.0,0.0,0.0,0.0
2050-02-25 18:00:00,0.0,0.0,0.0,0.0,0.0,27.7677500002319,0.0,0.0,0.0,0.0,0.0
2050-02-25 19:00:00,0.0,0.0,0.0,0.0,0.0,28.97225000022445,0.0,0.0,0.0,0.0,0.0
2050-02-25 20:00:00,0.0,0.0,0.0,0.0,0.0,29.189250000286847,10.724432980131535,0.0,0.0,7.507103086092074,0.0
2050-02-25 21:00:00,0.0,0.0,0.0,0.0,0.0,32.37862500024494,22.280500868115173,0.0,0.0,15.59635060768062,0.0
2050-02-25 22:00:00,0.0,0.0,0.0,0.0,0.0,33.32550000026822,21.249156494266686,0.0,0.0,14.874409545986678,0.0
2050-02-25 23:00:00,0.0,0.0,0.0,0.0,0.0,31.279125000233762,34.46163428654725,0.0,0.0,24.123144000583075,0.0
2050-02-26 00:00:00,0.0,0.0,0.0,0.0,0.0,28.636500000255182,39.07747660094452,0.0,0.0,27.354233620661162,0.0
2050-02-26 01:00:00,0.0,0.0,0.0,0.0,0.0,25.912750000250526,39.07747660094452,0.0,0.0,27.35423362066115,0.0
2050-02-26 02:00:00,0.0,0.0,0.0,0.0,0.0,23.6216250002617,39.07747660094452,0.0,0.0,27.35423362066115,0.0
2050-02-26 03:00:00,0.0,0.0,0.0,0.0,0.0,22.21412500028964,39.07747660094452,0.0,0.0,27.35423362066115,0.0
2050-02-26 04:00:00,0.0,0.0,0.0,0.0,0.0,21.53450000018347,39.07747660094452,0.0,0.0,27.35423362066115,0.0
2050-02-26 05:00:00,0.0,0.0,0.0,0.0,0.0,21.55,39.07747660094452,0.0,0.0,27.35423362066115,0.0
2050-02-26 06:00:00,0.0,0.0,0.0,0.0,0.0,22.47212500020396,39.07747660094452,0.0,0.0,27.35423362066115,0.0
2050-02-26 07:00:00,0.0,0.0,0.0,0.0,0.0,23.510750000248663,39.07747660094452,0.0,0.0,27.35423362066115,0.0
2050-02-26 08:00:00,0.0,0.0,0.0,0.0,0.0,26.616875000181608,39.07747660094452,0.0,0.0,27.35423362066115,0.0
2050-02-26 09:00:00,0.0,0.0,0.0,0.0,0.0,31.794000000227243,39.07747660094452,0.0,0.0,27.35423362066115,0.0
2050-02-26 10:00:00,0.0,0.0,0.0,0.0,0.0,34.52187500020955,39.07747660094452,0.0,0.0,27.35423362066115,0.0
2050-02-26 11:00:00,0.0,0.0,0.0,0.0,0.0,36.16512500029057,39.07747660094452,0.0,0.0,27.35423362066115,0.0
2050-02-26 12:00:00,0.0,0.0,0.0,0.0,0.0,37.25012500025332,39.07747660094452,0.0,0.0,27.35423362066115,0.0
2050-02-26 13:00:00,0.0,0.0,0.0,0.0,0.0,37.64112500019837,39.07747660094452,0.0,0.0,27.35423362066115,0.0
2050-02-26 14:00:00,0.0,0.0,0.0,0.0,0.0,36.9202500001993,39.07747660094452,0.0,0.0,27.35423362066115,0.0
2050-02-26 15:00:00,0.0,0.0,0.0,0.0,0.0,37.007375000277534,39.07747660094452,0.0,0.0,27.35423362066115,0.0
2050-02-26 16:00:00,0.0,0.0,0.0,0.0,0.0,36.07725000020582,39.07747660094452,0.0,0.0,27.35423362066115,0.0
2050-02-26 17:00:00,0.0,0.0,0.0,0.0,0.0,34.76437500026077,39.07747660094452,0.0,0.0,27.35423362066115,0.0
2050-02-26 18:00:00,0.0,0.0,0.0,0.0,0.0,33.789250000263564,39.07747660094452,0.0,0.0,27.354233620661162,0.0
2050-02-26 19:00:00,0.0,0.0,0.0,0.0,0.0,33.48312500026077,39.07747660094452,0.0,0.0,27.35423362066115,0.0
2050-02-26 20:00:00,0.0,0.0,0.0,0.0,0.0,33.179125000257045,39.07747660094452,0.0,0.0,27.35423362066115,0.0
2050-02-26 21:00:00,0.0,0.0,0.0,0.0,0.0,37.01150000025518,39.07747660094452,0.0,0.0,27.35423362066115,0.0
2050-02-26 22:00:00,0.0,0.0,0.0,0.0,0.0,36.34512500022538,39.07747660094452,0.0,0.0,27.35423362066115,0.0
2050-02-26 23:00:00,0.0,0.0,0.0,0.0,0.0,33.1556250002468,39.07747660094452,0.0,0.0,27.35423362066115,0.0
2050-02-27 00:00:00,0.0,0.0,0.0,0.0,0.0,28.655250000185333,39.07747660094452,0.0,0.0,27.35423362066115,0.0
2050-02-27 01:00:00,0.0,0.0,0.0,0.0,0.0,25.398250000202097,39.07747660094452,0.0,0.0,27.35423362066115,0.0
2050-02-27 02:00:00,0.0,0.0,0.0,0.0,0.0,23.631875000195578,39.07747660094452,0.0,0.0,27.35423362066115,0.0
2050-02-27 03:00:00,0.0,0.0,0.0,0.0,0.0,22.333375000278465,39.07747660094452,0.0,0.0,27.35423362066115,0.0
2050-02-27 04:00:00,0.0,0.0,0.0,0.0,0.0,21.645000000251457,39.07747660094452,0.0,0.0,27.35423362066115,0.0
2050-02-27 05:00:00,0.0,0.0,0.0,0.0,0.0,21.67737500020303,39.07747660094452,0.0,0.0,27.35423362066115,0.0
2050-02-27 06:00:00,0.0,0.0,0.0,0.0,0.0,22.395875000278465,39.07747660094452,0.0,0.0,27.35423362066115,0.0
2050-02-27 07:00:00,0.0,0.0,0.0,0.0,0.0,23.98324755881913,39.07747660094452,0.0,0.0,27.35423362066115,0.0
2050-02-27 08:00:00,0.0,0.0,0.0,0.0,0.0,26.771367675974034,39.07747660094452,0.0,0.0,27.35423362066115,0.0
2050-02-27 09:00:00,0.0,0.0,0.0,0.0,0.0,30.735485840123147,39.07747660094452,0.0,0.0,27.35423362066115,0.0
2050-02-27 10:00:00,0.0,0.0,0.0,0.0,0.0,33.264987304923125,39.07747660094452,0.0,0.0,27.35423362066115,0.0
2050-02-27 11:00:00,0.0,0.0,0.0,0.0,0.0,35.47227099630982,39.07747660094452,0.0,0.0,27.35423362066115,0.0
2050-02-27 12:00:00,0.0,0.0,0.0,0.0,0.0,36.5406113283243,39.07747660094452,0.0,0.0,27.35423362066115,0.0
2050-02-27 13:00:00,0.0,0.0,0.0,0.0,0.0,37.17391308618244,39.07747660094452,0.0,0.0,27.35423362066115,0.0
2050-02-27 14:00:00,0.0,0.0,0.0,0.0,0.0,35.51525488309562,39.07747660094452,0.0,0.0,27.35423362066115,0.0
2050-02-27 15:00:00,0.0,0.0,0.0,0.0,0.0,35.14870703150518,39.07747660094452,0.0,0.0,27.35423362066115,0.0
2050-02-27 16:00:00,0.0,0.0,0.0,0.0,0.0,35.478972656535916,39.07747660094452,0.0,0.0,27.35423362066115,0.0
2050-02-27 17:00:00,0.0,0.0,0.0,0.0,0.0,34.21615429711528,39.07747660094452,0.0,0.0,27.35423362066115,0.0
2050-02-27 18:00:00,0.0,0.0,0.0,0.0,0.0,32.862873047124594,39.07747660094452,0.0,0.0,27.35423362066115,0.0
2050-02-27 19:00:00,0.0,0.0,0.0,0.0,0.0,32.821060547139496,39.07747660094452,0.0,0.0,27.35423362066115,0.0
2050-02-27 20:00:00,0.0,0.0,0.0,0.0,0.0,33.207761719007976,39.07747660094452,0.0,0.0,27.35423362066115,0.0
2050-02-27 21:00:00,0.0,0.0,0.0,0.0,0.0,35.02826171903871,39.07747660094452,0.0,0.0,27.35423362066115,0.0
2050-02-27 22:00:00,0.0,0.0,0.0,0.0,0.0,34.696261718985625,30.616808058591488,0.0,0.0,21.43176564101404,0.0
2050-02-27 23:00:00,0.0,0.0,0.0,0.0,0.0,32.80031640653033,30.014400446018946,0.0,0.0,21.010080312213262,0.0
2050-02-28 00:00:00,0.0,0.0,0.0,0.0,0.0,29.309589843964204,36.220240885853,0.0,0.0,25.3541686200971,0.0
2050-02-28 01:00:00,0.0,0.0,0.0,0.0,0.0,25.393128906493075,35.79864783221444,0.0,0.0,25.05905348255011,0.0
2050-02-28 02:00:00,0.0,0.0,0.0,0.0,0.0,22.808347656507976,31.06467361720868,0.0,0.0,21.745271532046075,0.0
2050-02-28 03:00:00,0.0,0.0,0.0,0.0,0.0,21.36260156275239,23.64923117507891,0.0,0.0,16.554461822555236,0.0
2050-02-28 04:00:00,0.0,0.0,0.0,0.0,0.0,21.266699219006114,17.296414278288697,0.0,0.0,12.107489994802087,0.0
2050-02-28 05:00:00,0.0,0.0,0.0,0.0,0.0,21.4663515627617,16.81490880480238,0.0,0.0,11.770436163361664,0.0
2050-02-28 06:00:00,0.0,0.0,0.0,0.0,0.0,21.977343750186265,14.71353588319457,0.0,0.0,10.299475118236199,0.0
2050-02-28 07:00:00,0.0,0.0,0.0,0.0,0.0,23.480386718991213,8.337503678323927,0.0,0.0,5.836252574826748,0.0
2050-02-28 08:00:00,0.0,0.0,0.0,0.0,0.0,26.74951562518254,0.0,1.6295916348250987,0.0,0.0,1.6628486069643864
2050-02-28 09:00:00,0.0,0.0,0.0,0.0,0.0,30.20693750027567,0.0,16.032838364862045,0.0,0.0,16.360039147818412
2050-02-28 10:00:00,0.0,0.0,0.0,0.0,0.0,32.46673828153871,0.0,29.138956321134156,0.0,0.0,29.73362889911649
2050-02-28 11:00:00,0.0,0.0,0.0,0.0,0.0,34.36063281272072,0.0,27.85053293589646,0.0,0.0,28.41891115907802
2050-02-28 12:00:00,0.0,0.0,0.0,0.0,0.0,35.389226562692784,0.0,35.63916736299713,0.0,0.0,36.366497309180744
2050-02-28 13:00:00,0.0,0.0,0.0,0.0,0.0,36.13361328153405,0.0,4.59315139191956,0.0,0.0,4.686889175428123
2050-02-28 14:00:00,0.0,0.0,0.0,0.0,0.0,35.689378906507045,0.0,0.0,0.0,0.0,0.0
2050-02-28 15:00:00,0.0,0.0,0.0,0.0,0.0,35.26108593773097,0.0,0.0,0.0,0.0,0.0
2050-02-28 16:00:00,0.0,0.0,0.0,0.0,0.0,34.371156250243075,0.0,0.0,0.0,0.0,0.0
2050-02-28 17:00:00,0.0,0.0,0.0,0.0,0.0,33.220890625263564,0.0,0.0,0.0,0.0,0.0
2050-02-28 18:00:00,0.0,0.0,0.0,0.0,0.0,32.3958593752468,0.0,13.776739154792137,0.0,0.0,14.057897096726673
2050-02-28 19:00:00,0.0,0.0,0.0,0.0,0.0,31.87738281278871,0.0,25.357434633688165,0.0,0.0,25.8749332996818
2050-02-28 20:00:00,0.0,0.0,0.0,0.0,0.0,31.89329687517602,0.0,40.17405533792391,0.0,0.0,40.99393401828971
2050-02-28 21:00:00,0.0,0.0,0.0,0.0,0.0,34.70164062525146,0.0,43.73995049595425,0.0,0.0,44.63260254689209
2050-02-28 22:00:00,0.0,0.0,0.0,0.0,0.0,34.45344531268347,0.0,43.73995049595425,0.0,0.0,44.63260254689209
2050-02-28 23:00:00,0.0,0.0,0.0,0.0,0.0,31.944976562750526,0.0,43.73995049595425,0.0,0.0,44.63260254689209
2050-03-01 00:00:00,0.0,0.0,0.0,0.0,0.0,29.22064843773842,0.0,43.73995049595425,0.0,0.0,44.63260254689209
2050-03-01 01:00:00,0.0,0.0,0.0,0.0,0.0,26.375085937790573,0.0,43.73995049595425,0.0,0.0,44.63260254689209
2050-03-01 02:00:00,0.0,0.0,0.0,0.0,0.0,23.75593750027474,0.0,43.73995049595425,0.0,0.0,44.63260254689209
2050-03-01 03:00:00,0.0,0.0,0.0,0.0,0.0,22.632578125223517,0.0,43.73995049595425,0.0,0.0,44.63260254689209
2050-03-01 04:00:00,0.0,0.0,0.0,0.0,0.0,21.703093750285916,0.0,43.73995049595425,0.0,0.0,44.63260254689209
2050-03-01 05:00:00,0.0,0.0,0.0,0.0,0.0,21.695375000243075,0.0,43.73995049595425,0.0,0.0,44.63260254689209
2050-03-01 06:00:00,0.0,0.0,0.0,0.0,0.0,22.98970312520396,0.0,43.73995049595425,0.0,0.0,44.63260254689209
2050-03-01 07:00:00,0.0,0.0,0.0,0.0,0.0,24.822375000221655,0.0,43.73995049595425,0.0,0.0,44.63260254689209
2050-03-01 08:00:00,0.0,0.0,0.0,0.0,0.0,27.67903125018347,0.0,43.73995049595425,0.0,0.0,44.63260254689209
2050-03-01 09:00:00,0.0,0.0,0.0,0.0,0.0,31.350343750207685,0.0,43.73995049595425,0.0,0.0,44.63260254689209
2050-03-01 10:00:00,0.0,0.0,0.0,0.0,0.0,33.738484375178814,0.0,43.73995049595425,0.0,0.0,44.63260254689209
2050-03-01 11:00:00,0.0,0.0,0.0,0.0,0.0,35.736312500201166,0.0,43.73995049595425,0.0,0.0,44.63260254689209
2050-03-01 12:00:00,0.0,0.0,0.0,0.0,0.0,36.152531250263564,0.0,43.73995049595425,0.0,0.0,44.63260254689209
2050-03-01 13:00:00,0.0,0.0,0.0,0.0,0.0,36.99746875022538,0.0,43.73995049595425,0.0,0.0,44.63260254689209
2050-03-01 14:00:00,0.0,0.0,0.0,0.0,0.0,37.022828125278465,0.0,43.73995049595425,0.0,0.0,44.63260254689209
2050-03-01 15:00:00,0.0,0.0,0.0,0.0,0.0,36.48117187526077,0.0,43.73995049595425,0.0,0.0,44.63260254689209
2050-03-01 16:00:00,0.0,0.0,0.0,0.0,0.0,32.87807917173859,0.0,43.73995049595425,0.0,0.0,44.63260254689209
2050-03-01 17:00:00,0.0,0.0,0.0,0.0,0.0,34.4339218751993,0.0,43.73995049595425,0.0,0.0,44.63260254689209
2050-03-01 18:00:00,0.0,0.0,0.0,0.0,0.0,26.58801993671659,0.0,43.73995049595425,0.0,0.0,44.63260254689209
2050-03-01 19:00:00,0.0,0.0,0.0,0.0,0.0,29.028335468774003,0.0,43.73995049595425,0.0,0.0,44.63260254689209
2050-03-01 20:00:00,0.0,0.0,0.0,0.0,0.0,32.68306250020396,0.0,43.73995049595425,0.0,0.0,44.63260254689209
2050-03-01 21:00:00,0.0,0.0,0.0,0.0,0.0,34.039478319232785,0.0,43.73995049595425,0.0,0.0,44.63260254689209
2050-03-01 22:00:00,0.0,0.0,0.0,0.0,0.0,36.04971875017509,0.0,43.73995049595425,0.0,0.0,44.63260254689209
2050-03-01 23:00:00,0.0,0.0,0.0,0.0,0.0,29.701688098456543,0.0,43.73995049595425,0.0,0.0,44.63260254689209
2050-03-02 00:00:00,0.0,0.0,0.0,0.0,0.0,30.3442812502617,0.0,33.75440673000932,0.0,0.0,34.44327217347891
2050-03-02 01:00:00,0.0,0.0,0.0,0.0,0.0,26.823218750185333,0.0,6.956892441096481,0.0,0.0,7.098869837853552
2050-03-02 02:00:00,0.0,0.0,0.0,0.0,0.0,23.80931250017602,0.0,0.0,0.0,0.0,0.0
2050-03-02 03:00:00,0.0,0.0,0.0,0.0,0.0,22.0474062502617,0.0,0.0,0.0,0.0,0.0
2050-03-02 04:00:00,0.0,0.0,0.0,0.0,0.0,21.252906250185333,0.0,0.0,0.0,0.0,0.0
2050-03-02 05:00:00,0.0,0.0,0.0,0.0,0.0,20.727468750206754,0.0,0.0,0.0,0.0,0.0
2050-03-02 06:00:00,0.0,0.0,0.0,0.0,0.0,20.807765625184402,0.0,2.025269957703822,0.0,0.0,2.066601997656961
2050-03-02 07:00:00,0.0,0.0,0.0,0.0,0.0,20.353921875241213,0.0,13.226693536567106,0.0,0.0,13.496626057721539
2050-03-02 08:00:00,0.0,0.0,0.0,0.0,0.0,21.617875000229105,0.0,14.763744831603743,0.0,0.0,15.065045746534432
2050-03-02 09:00:00,0.0,0.0,0.0,0.0,974.8234062497504,1000.0,0.0,19.509433967265693,0.0,0.0,19.907585680883365
2050-03-02 10:00:00,0.0,0.0,0.0,0.0,0.0,27.75773437519092,0.0,35.400726344911895,0.0,0.0,36.12319014786929
2050-03-02 11:00:00,0.0,0.0,0.0,0.0,0.0,29.731468750280328,0.0,35.527199911767156,0.0,0.0,36.25224480792567
2050-03-02 12:00:00,0.0,0.0,0.0,0.0,0.0,30.809046875219792,0.0,34.90870624117566,0.0,0.0,35.621128817526184
2050-03-02 13:00:00,0.0,0.0,0.0,0.0,0.0,31.10281250020489,0.0,23.28873530576779,0.0,0.0,23.764015618130404
2050-03-02 14:00:00,0.0,0.0,0.0,0.0,0.0,30.925515625276603,0.0,0.0,0.0,0.0,0.0
2050-03-02 15:00:00,0.0,0.0,0.0,0.0,0.0,30.568843750283122,0.0,0.0,0.0,0.0,0.0
2050-03-02 16:00:00,0.0,0.0,0.0,0.0,0.0,31.55651562521234,0.0,0.0,0.0,0.0,0.0
2050-03-02 17:00:00,0.0,0.0,0.0,0.0,0.0,29.69326562527567,0.0,0.0,0.0,0.0,0.0
2050-03-02 18:00:00,0.0,0.0,0.0,0.0,0.0,29.290109375258908,0.0,0.0,0.0,0.0,0.0
2050-03-02 19:00:00,0.0,0.0,0.0,0.0,0.0,29.05668750021141,0.0,0.0,0.0,0.0,0.0
2050-03-02 20:00:00,0.0,0.0,0.0,0.0,0.0,29.62073437520303,0.0,0.0,0.0,0.0,0.0
2050-03-02 21:00:00,0.0,0.0,0.0,0.0,0.0,32.556703125243075,0.0,0.0,0.0,0.0,0.0
2050-03-02 22:00:00,0.0,0.0,0.0,0.0,0.0,32.97053125023376,0.0,0.0,0.0,0.0,0.0
2050-03-02 23:00:00,0.0,0.0,0.0,0.0,0.0,31.7310000002617,0.0,0.0,0.0,0.0,0.0
2050-03-03 00:00:00,0.0,0.0,0.0,0.0,0.0,29.553062500199303,0.0,0.0,0.0,0.0,0.0
2050-03-03 01:00:00,0.0,0.0,0.0,0.0,0.0,26.498562500230037,0.0,0.0,0.0,0.0,0.0
2050-03-03 02:00:00,0.0,0.0,0.0,0.0,0.0,24.162531250272878,0.0,0.0,0.0,0.0,0.0
2050-03-03 03:00:00,0.0,0.0,0.0,0.0,0.0,22.419078125269152,0.0,0.0,0.0,0.0,0.0
2050-03-03 04:00:00,0.0,0.0,0.0,0.0,0.0,21.240437500178814,0.0,0.0,0.0,0.0,0.0
2050-03-03 05:00:00,0.0,0.0,0.0,0.0,0.0,20.795281250262633,0.0,0.0,0.0,0.0,0.0
2050-03-03 06:00:00,0.0,0.0,0.0,0.0,0.0,21.030250000185333,14.942214106805768,0.0,0.0,10.459549874764036,0.0
2050-03-03 07:00:00,0.0,0.0,0.0,0.0,0.0,20.000687500229105,26.70303386187382,0.0,0.0,18.692123703311673,0.0
2050-03-03 08:00:00,0.0,0.0,0.0,0.0,0.0,19.95471875020303,24.868875890716218,0.0,0.0,17.40821312350135,0.0
2050-03-03 09:00:00,0.0,0.0,0.0,0.0,0.0,22.461843750206754,20.50358710067674,0.0,0.0,14.352510970473716,0.0
2050-03-03 10:00:00,0.0,0.0,0.0,0.0,0.0,24.67703125020489,0.0,0.0,0.0,0.0,0.0
2050-03-03 11:00:00,0.0,0.0,0.0,0.0,0.0,27.07023437519092,4.807834532945417,0.0,0.0,3.365484173061792,0.0
2050-03-03 12:00:00,0.0,0.0,0.0,0.0,0.0,28.656843750271946,4.5708264559502805,0.0,0.0,3.199578519165196,0.0
2050-03-03 13:00:00,0.0,0.0,0.0,0.0,0.0,30.74468750017695,31.44800331498636,0.0,0.0,22.01360232049045,0.0
2050-03-03 14:00:00,0.0,0.0,0.0,0.0,0.0,30.615203125285916,38.19040266859567,0.0,0.0,26.733281868016967,0.0
2050-03-03 15:00:00,0.0,0.0,0.0,0.0,0.0,29.74551562522538,39.07747660094452,0.0,0.0,27.35423362066115,0.0
2050-03-03 16:00:00,0.0,0.0,0.0,0.0,0.0,29.494140625,39.07747660094452,0.0,0.0,27.35423362066115,0.0
2050-03-03 17:00:00,0.0,0.0,0.0,0.0,0.0,29.030734375235625,39.07747660094452,0.0,0.0,27.35423362066115,0.0
2050-03-03 18:00:00,0.0,0.0,0.0,0.0,0.0,29.16668750019744,39.07747660094452,0.0,0.0,27.35423362066115,0.0
2050-03-03 19:00:00,0.0,0.0,0.0,0.0,0.0,29.70573437528219,39.07747660094452,0.0,0.0,27.35423362066115,0.0
2050-03-03 20:00:00,0.0,0.0,0.0,0.0,0.0,30.737968750181608,39.07747660094452,0.0,0.0,27.35423362066115,0.0
2050-03-03 21:00:00,0.0,0.0,0.0,0.0,0.0,34.90537500020582,39.07747660094452,0.0,0.0,27.35423362066115,0.0
2050-03-03 22:00:00,0.0,0.0,0.0,0.0,0.0,34.61300000024494,22.80999976055542,0.0,0.0,15.966999832388794,0.0
2050-03-03 23:00:00,0.0,0.0,0.0,0.0,0.0,31.803843750269152,24.61956955726143,0.0,0.0,17.233698690083,0.0
2050-03-04 00:00:00,0.0,0.0,0.0,0.0,0.0,28.490656250272878,20.19681903356947,0.0,0.0,14.137773323498626,0.0
2050-03-04 01:00:00,0.0,0.0,0.0,0.0,0.0,25.249312500236556,13.03426142044119,0.0,0.0,9.123982994308832,0.0
2050-03-04 02:00:00,0.0,0.0,0.0,0.0,0.0,23.133500000229105,15.140881215510362,0.0,0.0,10.598616850857253,0.0
2050-03-04 03:00:00,0.0,0.0,0.0,0.0,0.0,21.721656250185333,14.081687109867666,0.0,0.0,9.857180976907365,0.0
2050-03-04 04:00:00,0.0,0.0,0.0,0.0,0.0,21.157031250186265,39.07747660094451,0.0,0.0,27.35423362066115,0.0
2050-03-04 05:00:00,0.0,0.0,0.0,0.0,0.0,21.127062500221655,22.7839325924855,0.0,0.0,15.948752814739848,0.0
2050-03-04 06:00:00,0.0,0.0,0.0,0.0,0.0,23.1126562502468,23.061893628185764,0.0,0.0,16.143325539730036,0.0
2050-03-04 07:00:00,0.0,0.0,0.0,0.0,0.0,25.64706250024028,20.981411206715087,0.0,0.0,14.68698784470056,0.0
2050-03-04 08:00:00,0.0,0.0,0.0,0.0,0.0,27.756593750207685,39.07747660094452,0.0,0.0,27.354233620661162,0.0
2050-03-04 09:00:00,0.0,0.0,0.0,0.0,0.0,31.355812500230968,33.71357994246095,0.0,0.0,23.599505959722666,0.0
2050-03-04 10:00:00,0.0,0.0,0.0,0.0,0.0,33.86728125018999,39.07747660094452,0.0,0.0,27.35423362066115,0.0
2050-03-04 11:00:00,0.0,0.0,0.0,0.0,0.0,35.08171875018161,32.63542636778235,0.0,0.0,22.844798457447645,0.0
2050-03-04 12:00:00,0.0,0.0,0.0,0.0,964.2789374997374,1000.0,39.07747660094452,0.0,0.0,27.35423362066115,0.0
2050-03-04 13:00:00,0.0,0.0,0.0,0.0,0.0,35.92103125026915,39.07747660094452,0.0,0.0,27.35423362066115,0.0
2050-03-04 14:00:00,0.0,0.0,0.0,0.0,0.0,35.391187500208616,39.07747660094452,0.0,0.0,27.35423362066115,0.0
2050-03-04 15:00:00,0.0,0.0,0.0,0.0,0.0,35.2282500002766,39.07747660094452,0.0,0.0,27.35423362066115,0.0
2050-03-04 16:00:00,0.0,0.0,0.0,0.0,0.0,34.970812500221655,39.07747660094452,0.0,0.0,27.35423362066115,0.0
2050-03-04 17:00:00,0.0,0.0,0.0,0.0,0.0,33.58871875028126,39.07747660094452,0.0,0.0,27.354233620661162,0.0
2050-03-04 18:00:00,0.0,0.0,0.0,0.0,0.0,33.332000000285916,39.07747660094452,0.0,0.0,27.35423362066115,0.0
2050-03-04 19:00:00,0.0,0.0,0.0,0.0,0.0,32.462875000201166,39.07747660094452,0.0,0.0,27.35423362066115,0.0
2050-03-04 20:00:00,0.0,0.0,0.0,0.0,0.0,32.747312500257976,39.07747660094452,0.0,0.0,27.35423362066115,0.0
2050-03-04 21:00:00,0.0,0.0,0.0,0.0,0.0,35.84940625028685,39.07747660094452,0.0,0.0,27.35423362066115,0.0
2050-03-04 22:00:00,0.0,0.0,0.0,0.0,0.0,34.0384375002468,39.07747660094452,0.0,0.0,27.35423362066115,0.0
2050-03-04 23:00:00,0.0,0.0,0.0,0.0,0.0,30.823281250195578,39.07747660094452,0.0,0.0,27.35423362066115,0.0
2050-03-05 00:00:00,0.0,0.0,0.0,0.0,0.0,26.79518750018906,39.07747660094452,0.0,0.0,27.35423362066115,0.0
2050-03-05 01:00:00,0.0,0.0,0.0,0.0,0.0,24.132531250244938,39.07747660094452,0.0,0.0,27.35423362066115,0.0
2050-03-05 02:00:00,0.0,0.0,0.0,0.0,0.0,22.46675000025425,39.07747660094452,0.0,0.0,27.35423362066115,0.0
2050-03-05 03:00:00,0.0,0.0,0.0,0.0,0.0,21.961625000229105,39.07747660094452,0.0,0.0,27.354233620661162,0.0
2050-03-05 04:00:00,0.0,0.0,0.0,0.0,0.0,21.31706250028219,39.07747660094452,0.0,0.0,27.35423362066115,0.0
2050-03-05 05:00:00,0.0,0.0,0.0,0.0,0.0,21.34903125022538,39.07747660094452,0.0,0.0,27.35423362066115,0.0
2050-03-05 06:00:00,0.0,0.0,0.0,0.0,0.0,23.743000000249594,39.07747660094452,0.0,0.0,27.35423362066115,0.0
2050-03-05 07:00:00,0.0,0.0,0.0,0.0,0.0,27.556406250223517,39.07747660094452,0.0,0.0,27.35423362066115,0.0
2050-03-05 08:00:00,0.0,0.0,0.0,0.0,0.0,28.986093750223517,39.07747660094452,0.0,0.0,27.35423362066115,0.0
2050-03-05 09:00:00,0.0,0.0,0.0,0.0,0.0,32.14884375024121,39.07747660094452,0.0,0.0,27.35423362066115,0.0
2050-03-05 10:00:00,0.0,0.0,0.0,0.0,0.0,34.47690625023097,39.07747660094452,0.0,0.0,27.35423362066115,0.0
2050-03-05 11:00:00,0.0,0.0,0.0,0.0,0.0,36.347593750222586,39.07747660094452,0.0,0.0,27.35423362066115,0.0
2050-03-05 12:00:00,0.0,0.0,0.0,0.0,0.0,37.56906250026077,39.07747660094452,0.0,0.0,27.35423362066115,0.0
2050-03-05 13:00:00,0.0,0.0,0.0,0.0,0.0,40.198000000207685,39.07747660094452,0.0,0.0,27.35423362066115,0.0
2050-03-05 14:00:00,0.0,0.0,0.0,0.0,0.0,40.29621875018347,39.07747660094452,0.0,0.0,27.35423362066115,0.0
2050-03-05 15:00:00,0.0,0.0,0.0,0.0,0.0,40.411125000217,39.07747660094452,0.0,0.0,27.35423362066115,0.0
2050-03-05 16:00:00,0.0,0.0,0.0,0.0,0.0,40.07096875028219,39.07747660094452,0.0,0.0,27.35423362066115,0.0
2050-03-05 17:00:00,0.0,0.0,0.0,0.0,0.0,39.95828125020489,39.07747660094452,0.0,0.0,27.35423362066115,0.0
2050-03-05 18:00:00,0.0,0.0,0.0,0.0,0.0,40.10634375025984,39.07747660094452,0.0,0.0,27.35423362066115,0.0
2050-03-05 19:00:00,0.0,0.0,0.0,0.0,0.0,39.86603125021793,39.07747660094452,0.0,0.0,27.35423362066115,0.0
2050-03-05 20:00:00,0.0,0.0,0.0,0.0,0.0,39.61368750024121,26.917694897678214,0.0,0.0,18.84238642837475,0.0
2050-03-05 21:00:00,0.0,0.0,0.0,0.0,0.0,41.18509375024587,0.0,0.0,0.0,0.0,0.0
2050-03-05 22:00:00,0.0,0.0,0.0,0.0,0.0,38.81146875023842,0.0,9.07024078993739,0.0,0.0,9.255347744834072
2050-03-05 23:00:00,0.0,0.0,0.0,0.0,0.0,35.43115625018254,0.0,43.73995049595425,0.0,0.0,44.63260254689209
2050-03-06 00:00:00,0.0,0.0,0.0,0.0,0.0,28.688093750271946,0.0,43.73995049595425,0.0,0.0,44.63260254689209
2050-03-06 01:00:00,0.0,0.0,0.0,0.0,0.0,24.696312500280328,0.0,43.73995049595425,0.0,0.0,44.63260254689209
2050-03-06 02:00:00,0.0,0.0,0.0,0.0,0.0,22.092906250269152,0.0,40.16892045503482,0.0,0.0,40.98869434187227
2050-03-06 03:00:00,0.0,0.0,0.0,0.0,0.0,20.79381250019651,0.0,37.806931818539105,0.0,0.0,38.57850185565215
2050-03-06 04:00:00,0.0,0.0,0.0,0.0,0.0,20.505562500213273,0.0,37.28284090947867,0.0,0.0,38.04371521375376
2050-03-06 05:00:00,0.0,0.0,0.0,0.0,0.0,21.06437500019092,0.0,38.29886363671076,0.0,0.0,39.08047309868445
2050-03-06 06:00:00,0.0,0.0,0.0,0.0,0.0,23.49306250025984,0.0,42.71465909138152,0.0,0.0,43.58638682794034
2050-03-06 07:00:00,0.0,0.0,0.0,0.0,0.0,27.204062500270084,0.0,43.73995049595425,0.0,0.0,44.63260254689209
2050-03-06 08:00:00,0.0,0.0,0.0,0.0,0.0,28.97706250019837,0.0,43.73995049595425,0.0,0.0,44.63260254689209
2050-03-06 09:00:00,0.0,0.0,0.0,0.0,0.0,32.13015625020489,0.0,43.73995049595425,0.0,0.0,44.63260254689209
2050-03-06 10:00:00,0.0,0.0,0.0,0.0,0.0,33.57262500026263,0.0,0.0,0.0,0.0,0.0
2050-03-06 11:00:00,0.0,0.0,0.0,0.0,0.0,34.24231250025332,0.0,43.73995049595425,0.0,0.0,44.63260254689209
2050-03-06 12:00:00,0.0,0.0,0.0,0.0,0.0,34.82563964871224,0.0,0.0,0.0,0.0,0.0
2050-03-06 13:00:00,0.0,0.0,0.0,0.0,0.0,34.553044433821924,0.0,37.81797787729968,0.0,0.0,38.58977334418335
2050-03-06 14:00:00,0.0,0.0,0.0,0.0,0.0,34.01055908203125,0.0,29.91391895996633,0.0,0.0,30.52440710200646
2050-03-06 15:00:00,0.0,0.0,0.0,0.0,0.0,35.36440917989239,0.0,30.97182950720378,0.0,0.0,31.60390766041202
2050-03-06 16:00:00,0.0,0.0,0.0,0.0,0.0,35.74021679710131,0.0,1.9376227918755067,0.0,0.0,1.9771661141586803
2050-03-06 17:00:00,0.0,0.0,0.0,0.0,0.0,34.99090234399773,0.0,0.0,0.0,0.0,0.0
2050-03-06 18:00:00,0.0,0.0,0.0,0.0,0.0,34.403185547096655,0.0,0.0,0.0,0.0,0.0
2050-03-06 19:00:00,0.0,0.0,0.0,0.0,0.0,34.24652929708827,8.71850682138011,0.0,0.0,6.102954774966077,0.0
2050-03-06 20:00:00,0.0,0.0,0.0,0.0,0.0,34.51516210963018,10.15425179901655,0.0,0.0,7.107976259311584,0.0
2050-03-06 21:00:00,0.0,0.0,0.0,0.0,0.0,36.59392968774773,22.299310644194144,0.0,0.0,15.609517450935899,0.0
2050-03-06 22:00:00,0.0,0.0,0.0,0.0,0.0,35.153929687687196,18.411006868979733,0.0,0.0,12.887704808285813,0.0
2050-03-06 23:00:00,0.0,0.0,0.0,0.0,0.0,31.94007031270303,21.953049268404854,0.0,0.0,15.367134487883396,0.0
2050-03-07 00:00:00,0.0,0.0,0.0,0.0,0.0,28.2417421877617,31.84515672999793,0.0,0.0,22.29160971099855,0.0
2050-03-07 01:00:00,0.0,0.0,0.0,0.0,0.0,25.126359375193715,33.10529572712312,0.0,0.0,23.173707008986185,0.0
2050-03-07 02:00:00,0.0,0.0,0.0,0.0,0.0,23.221425781492144,32.36556449694922,0.0,0.0,22.655895147864452,0.0
2050-03-07 03:00:00,0.0,0.0,0.0,0.0,0.0,22.435144531540573,34.00518801167741,0.0,0.0,23.803631608174186,0.0
2050-03-07 04:00:00,0.0,0.0,0.0,0.0,0.0,21.519648437737487,39.07747660094452,0.0,0.0,27.354233620661162,0.0
2050-03-07 05:00:00,0.0,0.0,0.0,0.0,0.0,21.85034765652381,39.07747660094452,0.0,0.0,27.35423362066115,0.0
2050-03-07 06:00:00,0.0,0.0,0.0,0.0,0.0,24.60547265643254,39.07747660094452,0.0,0.0,27.35423362066115,0.0
2050-03-07 07:00:00,0.0,0.0,0.0,0.0,0.0,28.186898437677883,39.07747660094452,0.0,0.0,27.35423362066115,0.0
2050-03-07 08:00:00,0.0,0.0,0.0,0.0,0.0,30.07151562522631,39.07747660094452,0.0,0.0,27.35423362066115,0.0
2050-03-07 09:00:00,0.0,0.0,0.0,0.0,0.0,35.04148437525146,39.07747660094452,0.0,0.0,27.35423362066115,0.0
2050-03-07 10:00:00,0.0,0.0,0.0,0.0,0.0,37.12900781270582,39.07747660094452,0.0,0.0,27.35423362066115,0.0
2050-03-07 11:00:00,0.0,0.0,0.0,0.0,0.0,38.35746875021141,39.07747660094452,0.0,0.0,27.35423362066115,0.0
2050-03-07 12:00:00,0.0,0.0,0.0,0.0,0.0,38.870726562687196,39.07747660094452,0.0,0.0,27.35423362066115,0.0
2050-03-07 13:00:00,0.0,0.0,0.0,0.0,0.0,38.53790625021793,39.07747660094452,0.0,0.0,27.35423362066115,0.0
2050-03-07 14:00:00,0.0,0.0,0.0,0.0,0.0,37.63348437519744,39.07747660094452,0.0,0.0,27.35423362066115,0.0
2050-03-07 15:00:00,0.0,0.0,0.0,0.0,0.0,37.49165625020396,39.07747660094452,0.0,0.0,27.35423362066115,0.0
2050-03-07 16:00:00,0.0,0.0,0.0,0.0,0.0,37.30842187523376,39.07747660094452,0.0,0.0,27.35423362066115,0.0
2050-03-07 17:00:00,0.0,0.0,0.0,0.0,0.0,35.07141406275332,39.07747660094452,0.0,0.0,27.35423362066115,0.0
2050-03-07 18:00:00,0.0,0.0,0.0,0.0,0.0,33.776031250250526,39.07747660094452,0.0,0.0,27.35423362066115,0.0
2050-03-07 19:00:00,0.0,0.0,0.0,0.0,0.0,33.235156250186265,39.07747660094452,0.0,0.0,27.35423362066115,0.0
2050-03-07 20:00:00,0.0,0.0,0.0,0.0,0.0,33.926242187735625,39.07747660094452,0.0,0.0,27.35423362066115,0.0
2050-03-07 21:00:00,0.0,0.0,0.0,0.0,0.0,35.90109375026077,39.07747660094452,0.0,0.0,27.354233620661162,0.0
2050-03-07 22:00:00,0.0,0.0,0.0,0.0,0.0,33.864226562785916,39.07747660094452,0.0,0.0,27.35423362066115,0.0
2050-03-07 23:00:00,0.0,0.0,0.0,0.0,0.0,30.069343750248663,31.786250177289624,0.0,0.0,22.250375124102735,0.0
2050-03-08 00:00:00,0.0,0.0,0.0,0.0,0.0,26.660593750188127,25.794214404527267,0.0,0.0,18.055950083169087,0.0
2050-03-08 01:00:00,0.0,0.0,0.0,0.0,0.0,23.470500000286847,20.0787804047076,0.0,0.0,14.05514628329532,0.0
2050-03-08 02:00:00,0.0,0.0,0.0,0.0,0.0,21.75748437526636,13.172579988258967,0.0,0.0,9.220805991781276,0.0
2050-03-08 03:00:00,0.0,0.0,0.0,0.0,0.0,20.581156250205822,11.383830079964707,0.0,0.0,7.968681055975294,0.0
2050-03-08 04:00:00,0.0,0.0,0.0,0.0,0.0,20.26314062520396,39.07747660094451,0.0,0.0,27.35423362066115,0.0
2050-03-08 05:00:00,0.0,0.0,0.0,0.0,0.0,20.248078125179745,39.07747660094452,0.0,0.0,27.35423362066115,0.0
2050-03-08 06:00:00,0.0,0.0,0.0,0.0,0.0,22.73251562518999,39.07747660094452,0.0,0.0,27.354233620661162,0.0
2050-03-08 07:00:00,0.0,0.0,0.0,0.0,0.0,27.249156250269152,3.707775739950346,0.0,0.0,2.595443017965242,0.0
2050-03-08 08:00:00,0.0,0.0,0.0,0.0,0.0,29.275671875220723,3.358455329016877,0.0,0.0,2.3509187303118138,0.0
2050-03-08 09:00:00,0.0,0.0,0.0,0.0,0.0,31.421078125247732,13.609292178115481,0.0,0.0,9.526504524680837,0.0
2050-03-08 10:00:00,0.0,0.0,0.0,0.0,0.0,33.43289062520489,10.750945966442156,0.0,0.0,7.525662176509509,0.0
2050-03-08 11:00:00,0.0,0.0,0.0,0.0,0.0,35.2815781251993,9.937264003982811,0.0,0.0,6.956084802787967,0.0
2050-03-08 12:00:00,0.0,0.0,0.0,0.0,0.0,36.12284375028685,39.07747660094452,0.0,0.0,27.35423362066115,0.0
2050-03-08 13:00:00,0.0,0.0,0.0,0.0,0.0,36.34770312521141,39.07747660094452,0.0,0.0,27.35423362066115,0.0
2050-03-08 14:00:00,0.0,0.0,0.0,0.0,0.0,35.973843750194646,39.07747660094452,0.0,0.0,27.35423362066115,0.0
2050-03-08 15:00:00,0.0,0.0,0.0,0.0,0.0,36.153703125193715,39.07747660094452,0.0,0.0,27.35423362066115,0.0
2050-03-08 16:00:00,0.0,0.0,0.0,0.0,0.0,35.20082812523469,39.07747660094452,0.0,0.0,27.354233620661162,0.0
2050-03-08 17:00:00,0.0,0.0,0.0,0.0,0.0,35.4112812501844,39.07747660094452,0.0,0.0,27.35423362066115,0.0
2050-03-08 18:00:00,0.0,0.0,0.0,0.0,0.0,34.85214062524028,39.07747660094452,0.0,0.0,27.35423362066115,0.0
2050-03-08 19:00:00,0.0,0.0,0.0,0.0,0.0,33.47037500026636,39.07747660094452,0.0,0.0,27.35423362066115,0.0
2050-03-08 20:00:00,0.0,0.0,0.0,0.0,0.0,33.840703125228174,39.07747660094452,0.0,0.0,27.35423362066115,0.0
2050-03-08 21:00:00,0.0,0.0,0.0,0.0,0.0,34.97885937523097,39.07747660094452,0.0,0.0,27.35423362066115,0.0
2050-03-08 22:00:00,0.0,0.0,0.0,0.0,0.0,33.11935937521048,39.07747660094452,0.0,0.0,27.35423362066115,0.0
2050-03-08 23:00:00,0.0,0.0,0.0,0.0,0.0,30.842703125206754,39.07747660094452,0.0,0.0,27.35423362066115,0.0
2050-03-09 00:00:00,0.0,0.0,0.0,0.0,0.0,27.75926562526729,39.07747660094452,0.0,0.0,27.35423362066115,0.0
2050-03-09 01:00:00,0.0,0.0,0.0,0.0,0.0,24.942593750194646,39.07747660094452,0.0,0.0,27.35423362066115,0.0
2050-03-09 02:00:00,0.0,0.0,0.0,0.0,0.0,22.931250000256114,39.07747660094452,0.0,0.0,27.35423362066115,0.0
2050-03-09 03:00:00,0.0,0.0,0.0,0.0,0.0,21.397593750269152,39.07747660094452,0.0,0.0,27.35423362066115,0.0
2050-03-09 04:00:00,0.0,0.0,0.0,0.0,0.0,20.472265625256114,39.07747660094452,0.0,0.0,27.35423362066115,0.0
2050-03-09 05:00:00,0.0,0.0,0.0,0.0,0.0,20.408656250219792,39.07747660094452,0.0,0.0,27.35423362066115,0.0
2050-03-09 06:00:00,0.0,0.0,0.0,0.0,0.0,20.57451562525239,39.07747660094452,0.0,0.0,27.35423362066115,0.0
2050-03-09 07:00:00,0.0,0.0,0.0,0.0,0.0,21.58203125,39.07747660094452,0.0,0.0,27.35423362066115,0.0
2050-03-09 08:00:00,0.0,0.0,0.0,0.0,0.0,22.156687500188127,39.07747660094452,0.0,0.0,27.35423362066115,0.0
2050-03-09 09:00:00,0.0,0.0,0.0,0.0,0.0,25.419312500278465,39.07747660094452,0.0,0.0,27.35423362066115,0.0
2050-03-09 10:00:00,0.0,0.0,0.0,0.0,0.0,28.92404687521048,23.070764978096413,0.0,0.0,16.14953548466749,0.0
2050-03-09 11:00:00,0.0,0.0,0.0,0.0,0.0,32.23207812523469,20.702841956934403,0.0,0.0,14.491989369854082,0.0
2050-03-09 12:00:00,0.0,0.0,0.0,0.0,0.0,34.364546875236556,37.95930256167944,0.0,0.0,26.57151179317561,0.0
2050-03-09 13:00:00,0.0,0.0,0.0,0.0,0.0,34.55826562526636,31.99263487027424,0.0,0.0,22.39484440919197,0.0
2050-03-09 14:00:00,0.0,0.0,0.0,0.0,0.0,33.98284375027288,39.07747660094451,0.0,0.0,27.35423362066115,0.0
2050-03-09 15:00:00,0.0,0.0,0.0,0.0,0.0,32.90362500026822,39.07747660094452,0.0,0.0,27.35423362066115,0.0
2050-03-09 16:00:00,0.0,0.0,0.0,0.0,0.0,31.79875000019092,39.07747660094452,0.0,0.0,27.35423362066115,0.0
2050-03-09 17:00:00,0.0,0.0,0.0,0.0,0.0,31.01134375028778,39.07747660094452,0.0,0.0,27.35423362066115,0.0
2050-03-09 18:00:00,0.0,0.0,0.0,0.0,0.0,31.609437500243075,39.07747660094452,0.0,0.0,27.35423362066115,0.0
2050-03-09 19:00:00,0.0,0.0,0.0,0.0,0.0,31.777156250202097,39.07747660094452,0.0,0.0,27.35423362066115,0.0
2050-03-09 20:00:00,0.0,0.0,0.0,0.0,0.0,32.53618750022724,39.07747660094452,0.0,0.0,27.35423362066115,0.0
2050-03-09 21:00:00,0.0,0.0,0.0,0.0,0.0,34.60581250023097,39.07747660094452,0.0,0.0,27.35423362066115,0.0
2050-03-09 22:00:00,0.0,0.0,0.0,0.0,0.0,33.22500000020955,39.07747660094452,0.0,0.0,27.35423362066115,0.0
2050-03-09 23:00:00,0.0,0.0,0.0,0.0,0.0,31.17346875020303,39.07747660094452,0.0,0.0,27.35423362066115,0.0
2050-03-10 00:00:00,0.0,0.0,0.0,0.0,0.0,28.339531250181608,39.07747660094452,0.0,0.0,27.35423362066115,0.0
2050-03-10 01:00:00,0.0,0.0,0.0,0.0,0.0,25.744250000221655,39.07747660094452,0.0,0.0,27.35423362066115,0.0
2050-03-10 02:00:00,0.0,0.0,0.0,0.0,0.0,23.93675000022631,39.07747660094452,0.0,0.0,27.35423362066115,0.0
2050-03-10 03:00:00,0.0,0.0,0.0,0.0,0.0,22.21803125028964,39.07747660094452,0.0,0.0,27.35423362066115,0.0
2050-03-10 04:00:00,0.0,0.0,0.0,0.0,0.0,21.367625000188127,39.07747660094452,0.0,0.0,27.35423362066115,0.0
2050-03-10 05:00:00,0.0,0.0,0.0,0.0,0.0,20.852375000249594,39.07747660094452,0.0,0.0,27.35423362066115,0.0
2050-03-10 06:00:00,0.0,0.0,0.0,0.0,0.0,20.700906250276603,39.07747660094452,0.0,0.0,27.35423362066115,0.0
2050-03-10 07:00:00,0.0,0.0,0.0,0.0,0.0,20.24290625017602,39.07747660094452,0.0,0.0,27.35423362066115,0.0
2050-03-10 08:00:00,0.0,0.0,0.0,0.0,0.0,19.74925000022631,39.07747660094452,0.0,0.0,27.35423362066115,0.0
2050-03-10 09:00:00,0.0,0.0,0.0,0.0,0.0,21.56993750028778,39.07747660094452,0.0,0.0,27.35423362066115,0.0
2050-03-10 10:00:00,0.0,0.0,0.0,0.0,0.0,24.523468750179745,20.921293776687477,0.0,0.0,14.644905643681232,0.0
2050-03-10 11:00:00,0.0,0.0,0.0,0.0,0.0,27.42506250028964,27.545988930125528,0.0,0.0,19.282192251087867,0.0
2050-03-10 12:00:00,0.0,0.0,0.0,0.0,0.0,28.87237500026822,34.20263040416091,0.0,0.0,23.941841282912634,0.0
2050-03-10 13:00:00,0.0,0.0,0.0,0.0,0.0,30.417531250277534,35.11566696818198,0.0,0.0,24.580966877727388,0.0
2050-03-10 14:00:00,0.0,0.0,0.0,0.0,0.0,30.30037500022445,39.07747660094452,0.0,0.0,27.35423362066115,0.0
2050-03-10 15:00:00,0.0,0.0,0.0,0.0,0.0,29.910843750229105,39.07747660094452,0.0,0.0,27.35423362066115,0.0
2050-03-10 16:00:00,0.0,0.0,0.0,0.0,0.0,29.343593750265427,39.07747660094452,0.0,0.0,27.35423362066115,0.0
2050-03-10 17:00:00,0.0,0.0,0.0,0.0,0.0,29.066218750202097,39.07747660094452,0.0,0.0,27.35423362066115,0.0
2050-03-10 18:00:00,0.0,0.0,0.0,0.0,0.0,29.474718750221655,39.07747660094452,0.0,0.0,27.35423362066115,0.0
2050-03-10 19:00:00,0.0,0.0,0.0,0.0,0.0,30.215437500271946,39.07747660094452,0.0,0.0,27.35423362066115,0.0
2050-03-10 20:00:00,0.0,0.0,0.0,0.0,0.0,32.384375000256114,39.07747660094452,0.0,0.0,27.35423362066115,0.0
2050-03-10 21:00:00,0.0,0.0,0.0,0.0,964.5989374998026,1000.0,39.07747660094452,0.0,0.0,27.35423362066115,0.0
2050-03-10 22:00:00,0.0,0.0,0.0,0.0,0.0,33.492218750179745,39.07747660094452,0.0,0.0,27.35423362066115,0.0
2050-03-10 23:00:00,0.0,0.0,0.0,0.0,0.0,30.04459375026636,39.07747660094452,0.0,0.0,27.35423362066115,0.0
2050-03-11 00:00:00,0.0,0.0,0.0,0.0,0.0,26.518093750230037,39.07747660094452,0.0,0.0,27.35423362066115,0.0
2050-03-11 01:00:00,0.0,0.0,0.0,0.0,0.0,24.12721875018906,39.07747660094452,0.0,0.0,27.35423362066115,0.0
2050-03-11 02:00:00,0.0,0.0,0.0,0.0,0.0,22.082343750284053,39.07747660094452,0.0,0.0,27.35423362066115,0.0
2050-03-11 03:00:00,0.0,0.0,0.0,0.0,0.0,20.97353125025984,39.07747660094452,0.0,0.0,27.35423362066115,0.0
2050-03-11 04:00:00,0.0,0.0,0.0,0.0,0.0,19.741937500191852,39.07747660094452,0.0,0.0,27.35423362066115,0.0
2050-03-11 05:00:00,0.0,0.0,0.0,0.0,0.0,19.818843750283122,39.07747660094452,0.0,0.0,27.35423362066115,0.0
2050-03-11 06:00:00,0.0,0.0,0.0,0.0,0.0,22.51587500027381,39.07747660094452,0.0,0.0,27.35423362066115,0.0
2050-03-11 07:00:00,0.0,0.0,0.0,0.0,0.0,26.980437500285916,39.07747660094452,0.0,0.0,27.35423362066115,0.0
2050-03-11 08:00:00,0.0,0.0,0.0,0.0,0.0,28.047656250186265,39.07747660094452,0.0,0.0,27.35423362066115,0.0
2050-03-11 09:00:00,0.0,0.0,0.0,0.0,0.0,31.770968750235625,39.07747660094452,0.0,0.0,27.35423362066115,0.0
2050-03-11 10:00:00,0.0,0.0,0.0,0.0,0.0,33.65962500020396,39.07747660094452,0.0,0.0,27.35423362066115,0.0
2050-03-11 11:00:00,0.0,0.0,0.0,0.0,0.0,35.06981250026729,39.07747660094452,0.0,0.0,27.35423362066115,0.0
2050-03-11 12:00:00,0.0,0.0,0.0,0.0,0.0,36.10140625026543,39.07747660094452,0.0,0.0,27.35423362066115,0.0
2050-03-11 13:00:00,0.0,0.0,0.0,0.0,0.0,36.204312500194646,39.07747660094452,0.0,0.0,27.35423362066115,0.0
2050-03-11 14:00:00,0.0,0.0,0.0,0.0,0.0,35.53696875018068,39.07747660094452,0.0,0.0,27.35423362066115,0.0
2050-03-11 15:00:00,0.0,0.0,0.0,0.0,0.0,35.59946875018068,39.07747660094452,0.0,0.0,27.35423362066115,0.0
2050-03-11 16:00:00,0.0,0.0,0.0,0.0,0.0,36.17225000017788,39.07747660094452,0.0,0.0,27.35423362066115,0.0
2050-03-11 17:00:00,0.0,0.0,0.0,0.0,0.0,34.52306250028778,39.07747660094452,0.0,0.0,27.35423362066115,0.0
2050-03-11 18:00:00,0.0,0.0,0.0,0.0,0.0,34.21434375026729,39.07747660094452,0.0,0.0,27.354233620661162,0.0
2050-03-11 19:00:00,0.0,0.0,0.0,0.0,0.0,34.87778125028126,35.58422091432331,0.0,0.0,24.908954640026316,0.0
2050-03-11 20:00:00,0.0,0.0,0.0,0.0,0.0,36.5662187502021,18.6284597779919,0.0,0.0,13.039921844594328,0.0
2050-03-11 21:00:00,0.0,0.0,0.0,0.0,0.0,37.75571875018068,6.8295944350456,0.0,0.0,4.780716104531919,0.0
2050-03-11 22:00:00,0.0,0.0,0.0,0.0,0.0,35.27243750018533,0.0,0.0,0.0,0.0,0.0
2050-03-11 23:00:00,0.0,0.0,0.0,0.0,0.0,31.946843750192784,0.0,10.870663305663976,0.0,0.0,11.092513577208141
2050-03-12 00:00:00,0.0,0.0,0.0,0.0,0.0,27.95775000017602,0.0,7.052684283420821,0.0,0.0,7.1966166157355325
2050-03-12 01:00:00,0.0,0.0,0.0,0.0,0.0,25.12912500021048,0.0,10.505212734386978,0.0,0.0,10.719604831007121
2050-03-12 02:00:00,0.0,0.0,0.0,0.0,0.0,22.592187500209548,0.0,10.442208223780627,0.0,0.0,10.655314514061864
2050-03-12 03:00:00,0.0,0.0,0.0,0.0,0.0,22.57381250022445,0.0,10.356118071755237,0.0,0.0,10.567467420158405
2050-03-12 04:00:00,0.0,0.0,0.0,0.0,0.0,20.926562500186265,0.0,5.353193745285422,0.0,0.0,5.462442597230022
2050-03-12 05:00:00,0.0,0.0,0.0,0.0,0.0,20.82115625019651,0.0,9.66445277429343,0.0,0.0,9.861686504381051
2050-03-12 06:00:00,0.0,0.0,0.0,0.0,0.0,23.13090625021141,0.0,20.703764642614477,0.0,0.0,21.126290451647424
2050-03-12 07:00:00,0.0,0.0,0.0,0.0,0.0,27.08490625023842,0.0,33.58193698175249,0.0,0.0,34.267282634441315
2050-03-12 08:00:00,0.0,0.0,0.0,0.0,0.0,29.047062500263564,0.0,36.74714451273614,0.0,0.0,37.49708623748586
2050-03-12 09:00:00,0.0,0.0,0.0,0.0,0.0,32.177093750215136,0.0,42.70177523404694,0.0,0.0,43.57324003474178
2050-03-12 10:00:00,0.0,0.0,0.0,0.0,0.0,35.77834375028033,0.0,43.73995049595425,0.0,0.0,44.63260254689209
2050-03-12 11:00:00,0.0,0.0,0.0,0.0,0.0,37.22893750027288,0.0,43.73995049595425,0.0,0.0,44.63260254689209
2050-03-12 12:00:00,0.0,0.0,0.0,0.0,0.0,37.843062500236556,0.0,43.73995049595425,0.0,0.0,44.63260254689209
2050-03-12 13:00:00,0.0,0.0,0.0,0.0,0.0,38.2029375002021,0.0,43.73995049595425,0.0,0.0,44.63260254689209
2050-03-12 14:00:00,0.0,0.0,0.0,0.0,0.0,38.299468750250526,0.0,43.73995049595425,0.0,0.0,44.63260254689209
2050-03-12 15:00:00,0.0,0.0,0.0,0.0,0.0,37.77134375018068,0.0,43.73995049595425,0.0,0.0,44.63260254689209
2050-03-12 16:00:00,0.0,0.0,0.0,0.0,0.0,36.65075000026263,0.0,43.73995049595425,0.0,0.0,44.63260254689209
2050-03-12 17:00:00,0.0,0.0,0.0,0.0,0.0,35.932375000207685,0.0,43.73995049595425,0.0,0.0,44.63260254689209
2050-03-12 18:00:00,0.0,0.0,0.0,0.0,0.0,35.038500000257045,0.0,43.73995049595425,0.0,0.0,44.63260254689209
2050-03-12 19:00:00,0.0,0.0,0.0,0.0,0.0,34.554875000263564,0.0,43.73995049595425,0.0,0.0,44.63260254689209
2050-03-12 20:00:00,0.0,0.0,0.0,0.0,0.0,34.5948750001844,0.0,43.73995049595425,0.0,0.0,44.63260254689209
2050-03-12 21:00:00,0.0,0.0,0.0,0.0,0.0,37.41125000023749,0.0,43.73995049595425,0.0,0.0,44.63260254689209
2050-03-12 22:00:00,0.0,0.0,0.0,0.0,0.0,35.94075000018347,0.0,43.73995049595425,0.0,0.0,44.63260254689209
2050-03-12 23:00:00,0.0,0.0,0.0,0.0,0.0,31.044125000247732,0.0,43.73995049595425,0.0,0.0,44.63260254689209
2050-03-13 00:00:00,0.0,0.0,0.0,0.0,0.0,26.528250000206754,0.0,43.73995049595425,0.0,0.0,44.63260254689209
2050-03-13 01:00:00,0.0,0.0,0.0,0.0,0.0,23.991625000257045,0.0,43.73995049595425,0.0,0.0,44.63260254689209
2050-03-13 02:00:00,0.0,0.0,0.0,0.0,0.0,22.36643750022631,0.0,43.73995049595425,0.0,0.0,44.63260254689209
2050-03-13 03:00:00,0.0,0.0,0.0,0.0,0.0,21.099937500199303,0.0,43.73995049595425,0.0,0.0,44.63260254689209
2050-03-13 04:00:00,0.0,0.0,0.0,0.0,0.0,20.57443750021048,0.0,43.73995049595425,0.0,0.0,44.63260254689209
2050-03-13 05:00:00,0.0,0.0,0.0,0.0,0.0,20.75287500023842,0.0,22.464594481311014,0.0,0.0,22.923055593174503
2050-03-13 06:00:00,0.0,0.0,0.0,0.0,0.0,23.247812500223517,0.0,43.73995049595425,0.0,0.0,44.63260254689209
2050-03-13 07:00:00,0.0,0.0,0.0,0.0,0.0,27.399125000229105,0.0,43.73995049595425,0.0,0.0,44.63260254689209
2050-03-13 08:00:00,0.0,0.0,0.0,0.0,0.0,29.702937500202097,0.0,43.73995049595425,0.0,0.0,44.63260254689209
2050-03-13 09:00:00,0.0,0.0,0.0,0.0,0.0,33.52706250024494,0.0,43.73995049595425,0.0,0.0,44.63260254689209
2050-03-13 10:00:00,0.0,0.0,0.0,0.0,0.0,36.35531250026543,0.0,43.73995049595425,0.0,0.0,44.63260254689209
2050-03-13 11:00:00,0.0,0.0,0.0,0.0,0.0,36.730625000200234,0.0,43.73995049595425,0.0,0.0,44.63260254689209
2050-03-13 12:00:00,0.0,0.0,0.0,0.0,0.0,37.26750000019092,0.0,43.73995049595425,0.0,0.0,44.63260254689209
2050-03-13 13:00:00,0.0,0.0,0.0,0.0,0.0,36.109562500263564,0.0,43.73995049595425,0.0,0.0,44.63260254689209
2050-03-13 14:00:00,0.0,0.0,0.0,0.0,0.0,35.26800000027288,0.0,43.73995049595425,0.0,0.0,44.63260254689209
2050-03-13 15:00:00,0.0,0.0,0.0,0.0,0.0,35.6780625001993,0.0,43.73995049595425,0.0,0.0,44.63260254689209
2050-03-13 16:00:00,0.0,0.0,0.0,0.0,0.0,35.37281250022352,0.0,43.73995049595425,0.0,0.0,44.63260254689209
2050-03-13 17:00:00,0.0,0.0,0.0,0.0,0.0,36.00843750021886,0.0,43.73995049595425,0.0,0.0,44.63260254689209
2050-03-13 18:00:00,0.0,0.0,0.0,0.0,0.0,35.64400000020396,0.0,43.73995049595425,0.0,0.0,44.63260254689209
2050-03-13 19:00:00,0.0,0.0,0.0,0.0,0.0,34.9607500002021,0.0,43.73995049595425,0.0,0.0,44.63260254689209
2050-03-13 20:00:00,0.0,0.0,0.0,0.0,0.0,35.912312500178814,0.0,43.73995049595425,0.0,0.0,44.63260254689209
2050-03-13 21:00:00,0.0,0.0,0.0,0.0,0.0,38.03306250018068,0.0,43.73995049595425,0.0,0.0,44.63260254689209
2050-03-13 22:00:00,0.0,0.0,0.0,0.0,0.0,28.86770325592579,0.0,43.73995049595425,0.0,0.0,44.63260254689209
2050-03-13 23:00:00,0.0,0.0,0.0,0.0,0.0,33.28312500019092,0.0,43.73995049595425,0.0,0.0,44.63260254689209
2050-03-14 00:00:00,0.0,0.0,0.0,0.0,0.0,27.101312500191852,0.0,43.73995049595425,0.0,0.0,44.63260254689209
2050-03-14 01:00:00,0.0,0.0,0.0,0.0,0.0,23.34268750017509,0.0,43.73995049595425,0.0,0.0,44.63260254689209
2050-03-14 02:00:00,0.0,0.0,0.0,0.0,0.0,21.36793750023935,0.0,43.73995049595425,0.0,0.0,44.63260254689209
2050-03-14 03:00:00,0.0,0.0,0.0,0.0,0.0,20.543562500271946,0.0,43.73995049595425,0.0,0.0,44.63260254689209
2050-03-14 04:00:00,0.0,0.0,0.0,0.0,0.0,19.950250000227243,0.0,43.73995049595425,0.0,0.0,44.63260254689209
2050-03-14 05:00:00,0.0,0.0,0.0,0.0,0.0,20.073750000214204,0.0,43.73995049595425,0.0,0.0,44.63260254689209
2050-03-14 06:00:00,0.0,0.0,0.0,0.0,0.0,22.734375,0.0,43.73995049595425,0.0,0.0,44.63260254689209
2050-03-14 07:00:00,0.0,0.0,0.0,0.0,0.0,27.273625000263564,0.0,43.73995049595425,0.0,0.0,44.63260254689209
2050-03-14 08:00:00,0.0,0.0,0.0,0.0,0.0,29.001312500215136,0.0,43.73995049595425,0.0,0.0,44.63260254689209
2050-03-14 09:00:00,0.0,0.0,0.0,0.0,0.0,32.85206250019837,0.0,43.73995049595425,0.0,0.0,44.63260254689209
2050-03-14 10:00:00,0.0,0.0,0.0,0.0,0.0,35.81262500025332,0.0,43.73995049595425,0.0,0.0,44.63260254689209
2050-03-14 11:00:00,0.0,0.0,0.0,0.0,0.0,24.423096106653702,0.0,43.73995049595425,0.0,0.0,44.63260254689209
2050-03-14 12:00:00,0.0,0.0,0.0,0.0,0.0,26.887497053743118,0.0,43.73995049595425,0.0,0.0,44.63260254689209
2050-03-14 13:00:00,0.0,0.0,0.0,0.0,0.0,30.684677908309368,0.0,43.73995049595425,0.0,0.0,44.63260254689209
2050-03-14 14:00:00,0.0,0.0,0.0,0.0,0.0,35.79331250023097,0.0,43.73995049595425,0.0,0.0,44.63260254689209
2050-03-14 15:00:00,0.0,0.0,0.0,0.0,0.0,35.511250000214204,0.0,33.48851742984636,0.0,0.0,34.171956561067724
2050-03-14 16:00:00,0.0,0.0,0.0,0.0,0.0,34.73968750028871,0.0,23.488479422917532,0.0,0.0,23.967836145834216
2050-03-14 17:00:00,0.0,0.0,0.0,0.0,0.0,33.93931250018068,0.0,18.181571066018083,0.0,0.0,18.552623536753146
2050-03-14 18:00:00,0.0,0.0,0.0,0.0,0.0,33.08793750021141,0.0,10.679882127672812,0.0,0.0,10.897838905788586
2050-03-14 19:00:00,0.0,0.0,0.0,0.0,0.0,33.22243750025518,0.0,11.904336885338928,0.0,0.0,12.14728253606013
2050-03-14 20:00:00,0.0,0.0,0.0,0.0,0.0,34.334625000250526,0.0,14.407929955985114,0.0,0.0,14.701969342841954
2050-03-14 21:00:00,0.0,0.0,0.0,0.0,0.0,35.730500000179745,0.0,20.044364918631732,0.0,0.0,20.453433590440543
2050-03-14 22:00:00,0.0,0.0,0.0,0.0,0.0,33.894062500214204,0.0,42.85515616676581,0.0,0.0,43.72975119057736
2050-03-14 23:00:00,0.0,0.0,0.0,0.0,0.0,30.758875000290573,0.0,40.0505315470013,0.0,0.0,40.8678893336748
2050-03-15 00:00:00,0.0,0.0,0.0,0.0,0.0,27.078437500284053,0.0,24.353228189382467,0.0,0.0,24.850232846308643
2050-03-15 01:00:00,0.0,0.0,0.0,0.0,0.0,23.854375000228174,0.0,8.644239908031556,0.0,0.0,8.82065296737914
2050-03-15 02:00:00,0.0,0.0,0.0,0.0,0.0,22.083187500247732,0.0,0.36304816356756026,0.0,0.0,0.3704573097628166
2050-03-15 03:00:00,0.0,0.0,0.0,0.0,0.0,21.25025000027381,0.0,0.178760587141033,0.0,0.0,0.18240876238880918
2050-03-15 04:00:00,0.0,0.0,0.0,0.0,0.0,21.151562500279397,0.0,0.0,0.0,0.0,0.0
2050-03-15 05:00:00,0.0,0.0,0.0,0.0,0.0,21.307000000262633,0.0,3.5743063042651877,0.0,0.0,3.6472513308828445
2050-03-15 06:00:00,0.0,0.0,0.0,0.0,0.0,24.020625000237487,0.0,0.0,0.0,0.0,0.0
2050-03-15 07:00:00,0.0,0.0,0.0,0.0,0.0,28.69912500027567,0.0,0.0,0.0,0.0,0.0
2050-03-15 08:00:00,0.0,0.0,0.0,0.0,0.0,29.577250000205822,0.0,0.0,0.0,0.0,0.0
2050-03-15 09:00:00,0.0,0.0,0.0,0.0,0.0,35.04043750022538,3.461281600784293,0.0,0.0,2.422897120549005,0.0
2050-03-15 10:00:00,0.0,0.0,0.0,0.0,0.0,36.765062500257045,0.0,0.0,0.0,0.0,0.0
2050-03-15 11:00:00,0.0,0.0,0.0,0.0,0.0,37.43931250018068,3.210836268738177,0.0,0.0,2.2475853881167236,0.0
2050-03-15 12:00:00,0.0,0.0,0.0,0.0,0.0,37.40043750021141,39.07747660094452,0.0,0.0,27.35423362066115,0.0
2050-03-15 13:00:00,0.0,0.0,0.0,0.0,0.0,36.81337500025984,39.07747660094451,0.0,0.0,27.35423362066115,0.0
2050-03-15 14:00:00,0.0,0.0,0.0,0.0,0.0,36.95343750028405,39.07747660094452,0.0,0.0,27.354233620661162,0.0
2050-03-15 15:00:00,0.0,0.0,0.0,0.0,0.0,37.101750000263564,39.07747660094452,0.0,0.0,27.354233620661162,0.0
2050-03-15 16:00:00,0.0,0.0,0.0,0.0,0.0,35.651875000214204,39.07747660094452,0.0,0.0,27.35423362066115,0.0
2050-03-15 17:00:00,0.0,0.0,0.0,0.0,0.0,33.09018750023097,39.07747660094452,0.0,0.0,27.35423362066115,0.0
2050-03-15 18:00:00,0.0,0.0,0.0,0.0,0.0,32.68006250017788,39.07747660094451,0.0,0.0,27.35423362066115,0.0
2050-03-15 19:00:00,0.0,0.0,0.0,0.0,0.0,32.47918750019744,39.07747660094452,0.0,0.0,27.35423362066115,0.0
2050-03-15 20:00:00,0.0,0.0,0.0,0.0,0.0,34.218687500222586,32.29056496177844,0.0,0.0,22.60339547324491,0.0
2050-03-15 21:00:00,0.0,0.0,0.0,0.0,0.0,35.87731250026263,14.45093369952356,0.0,0.0,10.115653589666492,0.0
2050-03-15 22:00:00,0.0,0.0,0.0,0.0,0.0,34.524625000194646,0.0,32.01499455839954,0.0,0.0,32.668361794285246
2050-03-15 23:00:00,0.0,0.0,0.0,0.0,0.0,32.01350000023376,0.0,18.151322052603273,0.0,0.0,18.52175719653395
2050-03-16 00:00:00,0.0,0.0,0.0,0.0,0.0,28.499937500222586,0.0,20.71159925118578,0.0,0.0,21.134284950189574
2050-03-16 01:00:00,0.0,0.0,0.0,0.0,0.0,25.37687500019092,0.0,24.151768493883942,0.0,0.0,24.644661728453002
2050-03-16 02:00:00,0.0,0.0,0.0,0.0,0.0,23.8046875,0.0,28.46689280062031,0.0,0.0,29.04784979655134
2050-03-16 03:00:00,0.0,0.0,0.0,0.0,0.0,22.47331250028219,0.0,28.62884513010212,0.0,0.0,29.21310727561441
2050-03-16 04:00:00,0.0,0.0,0.0,0.0,0.0,21.692937500192784,0.0,32.059705982064116,0.0,0.0,32.713985695983794
2050-03-16 05:00:00,0.0,0.0,0.0,0.0,0.0,21.459000000264496,0.0,33.446599719918744,0.0,0.0,34.129183387672185
2050-03-16 06:00:00,0.0,0.0,0.0,0.0,0.0,21.720562500180677,0.0,28.117105805761355,0.0,0.0,28.690924291593223
2050-03-16 07:00:00,0.0,0.0,0.0,0.0,0.0,22.67250000021886,0.0,29.07236092606453,0.0,0.0,29.665674414351564
2050-03-16 08:00:00,0.0,0.0,0.0,0.0,0.0,23.372000000206754,0.0,23.307649347946455,0.0,0.0,23.78331566116985
2050-03-16 09:00:00,0.0,0.0,0.0,0.0,0.0,27.159937500255182,0.0,18.720621569584157,0.0,0.0,19.102675071004242
2050-03-16 10:00:00,0.0,0.0,0.0,0.0,0.0,30.892187500256114,0.0,23.360781877130496,0.0,0.0,23.837532527684182
2050-03-16 11:00:00,0.0,0.0,0.0,0.0,0.0,33.70843750028871,0.0,27.377635790405915,0.0,0.0,27.936363051434608
2050-03-16 12:00:00,0.0,0.0,0.0,0.0,0.0,35.135000000242144,0.0,39.1782928574384,0.0,0.0,39.97784985452898
2050-03-16 13:00:00,0.0,0.0,0.0,0.0,0.0,34.9308125001844,0.0,43.73995049595425,0.0,0.0,44.63260254689209
2050-03-16 14:00:00,0.0,0.0,0.0,0.0,0.0,34.718312500277534,0.0,43.73995049595425,0.0,0.0,44.63260254689209
2050-03-16 15:00:00,0.0,0.0,0.0,0.0,0.0,33.823000000207685,0.0,43.73995049595425,0.0,0.0,44.63260254689209
2050-03-16 16:00:00,0.0,0.0,0.0,0.0,0.0,32.719437500229105,0.0,43.73995049595425,0.0,0.0,44.63260254689209
2050-03-16 17:00:00,0.0,0.0,0.0,0.0,0.0,31.866375000216067,0.0,43.73995049595425,0.0,0.0,44.63260254689209
2050-03-16 18:00:00,0.0,0.0,0.0,0.0,0.0,32.47200000018347,0.0,43.73995049595425,0.0,0.0,44.63260254689209
2050-03-16 19:00:00,0.0,0.0,0.0,0.0,0.0,33.52218750026077,0.0,43.73995049595425,0.0,0.0,44.63260254689209
2050-03-16 20:00:00,0.0,0.0,0.0,0.0,0.0,35.400500000221655,0.0,43.73995049595425,0.0,0.0,44.63260254689209
2050-03-16 21:00:00,0.0,0.0,0.0,0.0,0.0,35.76312500028871,0.0,43.73995049595425,0.0,0.0,44.63260254689209
2050-03-16 22:00:00,0.0,0.0,0.0,0.0,0.0,33.45787500019651,0.0,43.73995049595425,0.0,0.0,44.63260254689209
2050-03-16 23:00:00,0.0,0.0,0.0,0.0,0.0,32.27125000022352,0.0,40.978794813173124,0.0,0.0,41.81509674813584
2050-03-17 00:00:00,0.0,0.0,0.0,0.0,0.0,29.616250000195578,0.0,36.043137863118886,0.0,0.0,36.778712105223356
2050-03-17 01:00:00,0.0,0.0,0.0,0.0,0.0,26.72412500018254,0.0,34.26432952204557,0.0,0.0,34.96360155310773
2050-03-17 02:00:00,0.0,0.0,0.0,0.0,0.0,24.214000000269152,0.0,30.20091257492867,0.0,0.0,30.81725772951905
2050-03-17 03:00:00,0.0,0.0,0.0,0.0,0.0,22.427750000264496,0.0,22.03480341232042,0.0,0.0,22.48449327787798
2050-03-17 04:00:00,0.0,0.0,0.0,0.0,0.0,21.485187500249594,0.0,15.202636925017313,0.0,0.0,15.512894821446238
2050-03-17 05:00:00,0.0,0.0,0.0,0.0,0.0,21.009125000215136,0.0,22.80073126259531,0.0,0.0,23.26605230877073
2050-03-17 06:00:00,0.0,0.0,0.0,0.0,0.0,20.94493750028778,0.0,26.610134060851948,0.0,0.0,27.153198021277497
2050-03-17 07:00:00,0.0,0.0,0.0,0.0,0.0,20.968500000191852,0.0,32.553697233618166,0.0,0.0,33.21805840165119
2050-03-17 08:00:00,0.0,0.0,0.0,0.0,0.0,19.94493750028778,0.0,36.096332039212705,0.0,0.0,36.83299187674766
2050-03-17 09:00:00,0.0,0.0,0.0,0.0,0.0,22.273625000263564,0.0,40.28353111289506,0.0,0.0,41.105643992750075
2050-03-17 10:00:00,0.0,0.0,0.0,0.0,0.0,25.383500000229105,0.0,40.011116661204404,0.0,0.0,40.82767006245347
2050-03-17 11:00:00,0.0,0.0,0.0,0.0,0.0,27.35181250027381,0.0,43.54940587891353,0.0,0.0,44.438169264197484
2050-03-17 12:00:00,0.0,0.0,0.0,0.0,0.0,28.825187500216998,0.0,40.994631500943434,0.0,0.0,41.83125663361575
2050-03-17 13:00:00,0.0,0.0,0.0,0.0,0.0,32.05650000018068,0.0,0.0,0.0,0.0,0.0
2050-03-17 14:00:00,0.0,0.0,0.0,0.0,0.0,31.08275000017602,0.0,16.996908580554813,0.0,0.0,17.34378426587226
2050-03-17 15:00:00,0.0,0.0,0.0,0.0,0.0,30.41606250021141,0.0,0.0,0.0,0.0,0.0
2050-03-17 16:00:00,0.0,0.0,0.0,0.0,0.0,29.650187500286847,0.0,0.0,0.0,0.0,0.0
2050-03-17 17:00:00,0.0,0.0,0.0,0.0,0.0,29.694625000236556,3.589498203805338,0.0,0.0,2.5126487426637363,0.0
2050-03-17 18:00:00,0.0,0.0,0.0,0.0,0.0,30.12850000022445,16.942085220566472,0.0,0.0,11.85945965439653,0.0
2050-03-17 19:00:00,0.0,0.0,0.0,0.0,0.0,30.894062500214204,33.76796553139462,0.0,0.0,23.637575871976235,0.0
2050-03-17 20:00:00,0.0,0.0,0.0,0.0,0.0,33.441375000285916,39.07747660094452,0.0,0.0,27.35423362066115,0.0
2050-03-17 21:00:00,0.0,0.0,0.0,0.0,0.0,36.21456250024494,39.07747660094452,0.0,0.0,27.35423362066115,0.0
2050-03-17 22:00:00,0.0,0.0,0.0,0.0,0.0,34.42643750028219,39.07747660094452,0.0,0.0,27.35423362066115,0.0
2050-03-17 23:00:00,0.0,0.0,0.0,0.0,0.0,30.94781250017695,39.07747660094452,0.0,0.0,27.35423362066115,0.0
2050-03-18 00:00:00,0.0,0.0,0.0,0.0,0.0,27.133375000208616,39.07747660094452,0.0,0.0,27.35423362066115,0.0
2050-03-18 01:00:00,0.0,0.0,0.0,0.0,0.0,23.528312500216998,39.07747660094452,0.0,0.0,27.35423362066115,0.0
2050-03-18 02:00:00,0.0,0.0,0.0,0.0,0.0,21.362937500234693,39.07747660094452,0.0,0.0,27.35423362066115,0.0
2050-03-18 03:00:00,0.0,0.0,0.0,0.0,0.0,20.38243750028778,39.07747660094452,0.0,0.0,27.35423362066115,0.0
2050-03-18 04:00:00,0.0,0.0,0.0,0.0,0.0,19.971062500262633,39.07747660094452,0.0,0.0,27.35423362066115,0.0
2050-03-18 05:00:00,0.0,0.0,0.0,0.0,0.0,20.697625000262633,39.07747660094452,0.0,0.0,27.35423362066115,0.0
2050-03-18 06:00:00,0.0,0.0,0.0,0.0,0.0,24.264937500236556,39.07747660094452,0.0,0.0,27.35423362066115,0.0
2050-03-18 07:00:00,0.0,0.0,0.0,0.0,0.0,29.428062500199303,39.07747660094452,0.0,0.0,27.35423362066115,0.0
2050-03-18 08:00:00,0.0,0.0,0.0,0.0,0.0,30.601017334265634,39.07747660094452,0.0,0.0,27.35423362066115,0.0
2050-03-18 09:00:00,0.0,0.0,0.0,0.0,0.0,33.654326904565096,39.07747660094452,0.0,0.0,27.35423362066115,0.0
2050-03-18 10:00:00,0.0,0.0,0.0,0.0,0.0,36.05316162109375,36.71751730745432,0.0,0.0,25.702262115218023,0.0
2050-03-18 11:00:00,0.0,0.0,0.0,0.0,0.0,37.125310547067784,39.07747660094452,0.0,0.0,27.35423362066115,0.0
2050-03-18 12:00:00,0.0,0.0,0.0,0.0,0.0,37.97453417989891,39.07747660094452,0.0,0.0,27.35423362066115,0.0
2050-03-18 13:00:00,0.0,0.0,0.0,0.0,0.0,37.84365527366754,39.07747660094452,0.0,0.0,27.35423362066115,0.0
2050-03-18 14:00:00,0.0,0.0,0.0,0.0,0.0,37.137532226741314,39.07747660094452,0.0,0.0,27.35423362066115,0.0
2050-03-18 15:00:00,0.0,0.0,0.0,0.0,0.0,36.56048535183072,39.07747660094452,0.0,0.0,27.35423362066115,0.0
2050-03-18 16:00:00,0.0,0.0,0.0,0.0,0.0,37.08786718768533,39.07747660094452,0.0,0.0,27.354233620661162,0.0
2050-03-18 17:00:00,0.0,0.0,0.0,0.0,0.0,36.25472656276543,39.07747660094452,0.0,0.0,27.35423362066115,0.0
2050-03-18 18:00:00,0.0,0.0,0.0,0.0,0.0,35.393437500228174,39.07747660094452,0.0,0.0,27.35423362066115,0.0
2050-03-18 19:00:00,0.0,0.0,0.0,0.0,0.0,35.3856699221069,39.07747660094452,0.0,0.0,27.35423362066115,0.0
2050-03-18 20:00:00,0.0,0.0,0.0,0.0,0.0,37.12436328153126,39.07747660094452,0.0,0.0,27.35423362066115,0.0
2050-03-18 21:00:00,0.0,0.0,0.0,0.0,0.0,38.44376367214136,39.07747660094452,0.0,0.0,27.35423362066115,0.0
2050-03-18 22:00:00,0.0,0.0,0.0,0.0,0.0,36.28695312526543,39.07747660094451,0.0,0.0,27.35423362066115,0.0
2050-03-18 23:00:00,0.0,0.0,0.0,0.0,0.0,32.55778125021607,29.730867597229746,0.0,0.0,20.811607318060823,0.0
2050-03-19 00:00:00,0.0,0.0,0.0,0.0,0.0,28.87750000017695,21.141215761717717,0.0,0.0,14.798851033202402,0.0
2050-03-19 01:00:00,0.0,0.0,0.0,0.0,0.0,25.62103515653871,39.07747660094452,0.0,0.0,27.354233620661162,0.0
2050-03-19 02:00:00,0.0,0.0,0.0,0.0,0.0,23.74960546893999,19.022590806698673,0.0,0.0,13.315813564689071,0.0
2050-03-19 03:00:00,0.0,0.0,0.0,0.0,0.0,22.76700390642509,39.07747660094451,0.0,0.0,27.35423362066115,0.0
2050-03-19 04:00:00,0.0,0.0,0.0,0.0,0.0,22.205867187702097,16.584292217235607,0.0,0.0,11.609004552064924,0.0
2050-03-19 05:00:00,0.0,0.0,0.0,0.0,0.0,22.41876171901822,14.306063432836766,0.0,0.0,10.014244402985735,0.0
2050-03-19 06:00:00,0.0,0.0,0.0,0.0,0.0,25.176933593931608,15.511923505428811,0.0,0.0,10.858346453800166,0.0
2050-03-19 07:00:00,0.0,0.0,0.0,0.0,0.0,30.281566406483762,12.736913798319577,0.0,0.0,8.915839658823703,0.0
2050-03-19 08:00:00,0.0,0.0,0.0,0.0,0.0,31.77712109393906,10.73300896442759,0.0,0.0,7.513106275099313,0.0
2050-03-19 09:00:00,0.0,0.0,0.0,0.0,0.0,35.17829296900891,8.514794955436848,0.0,0.0,5.960356468805793,0.0
2050-03-19 10:00:00,0.0,0.0,0.0,0.0,0.0,37.42052734398749,0.0,0.0,0.0,0.0,0.0
2050-03-19 11:00:00,0.0,0.0,0.0,0.0,0.0,40.000691406428814,0.0,0.0,0.0,0.0,0.0
2050-03-19 12:00:00,0.0,0.0,0.0,0.0,0.0,40.173878906527534,0.0,0.0,0.0,0.0,0.0
2050-03-19 13:00:00,0.0,0.0,0.0,0.0,0.0,39.872359375236556,0.0,0.0,0.0,0.0,0.0
2050-03-19 14:00:00,0.0,0.0,0.0,0.0,0.0,38.525496094021946,27.99893546579496,0.0,0.0,19.599254826056473,0.0
2050-03-19 15:00:00,0.0,0.0,0.0,0.0,0.0,38.313843750278465,39.07747660094452,0.0,0.0,27.35423362066115,0.0
2050-03-19 16:00:00,0.0,0.0,0.0,0.0,0.0,38.53783593769185,39.07747660094452,0.0,0.0,27.35423362066115,0.0
2050-03-19 17:00:00,0.0,0.0,0.0,0.0,0.0,38.12765625026077,39.07747660094452,0.0,0.0,27.35423362066115,0.0
2050-03-19 18:00:00,0.0,0.0,0.0,0.0,0.0,37.79307031270582,39.07747660094452,0.0,0.0,27.35423362066115,0.0
2050-03-19 19:00:00,0.0,0.0,0.0,0.0,0.0,37.643187500187196,39.07747660094452,0.0,0.0,27.35423362066115,0.0
2050-03-19 20:00:00,0.0,0.0,0.0,0.0,0.0,39.36473437526729,39.07747660094452,0.0,0.0,27.35423362066115,0.0
2050-03-19 21:00:00,0.0,0.0,0.0,0.0,0.0,40.33810937521048,39.07747660094452,0.0,0.0,27.35423362066115,0.0
2050-03-19 22:00:00,0.0,0.0,0.0,0.0,0.0,36.33565625024494,39.07747660094452,0.0,0.0,27.35423362066115,0.0
2050-03-19 23:00:00,0.0,0.0,0.0,0.0,0.0,32.66706250025891,39.07747660094452,0.0,0.0,27.35423362066115,0.0
2050-03-20 00:00:00,0.0,0.0,0.0,0.0,0.0,28.43620312528219,39.07747660094452,0.0,0.0,27.35423362066115,0.0
2050-03-20 01:00:00,0.0,0.0,0.0,0.0,0.0,24.985820312751457,39.07747660094452,0.0,0.0,27.35423362066115,0.0
2050-03-20 02:00:00,0.0,0.0,0.0,0.0,0.0,23.136960937757976,39.07747660094452,0.0,0.0,27.35423362066115,0.0
2050-03-20 03:00:00,0.0,0.0,0.0,0.0,0.0,21.884570312686265,39.07747660094452,0.0,0.0,27.35423362066115,0.0
2050-03-20 04:00:00,0.0,0.0,0.0,0.0,0.0,21.605507812695578,39.07747660094452,0.0,0.0,27.35423362066115,0.0
2050-03-20 05:00:00,0.0,0.0,0.0,0.0,0.0,22.144937500241213,39.07747660094452,0.0,0.0,27.35423362066115,0.0
2050-03-20 06:00:00,0.0,0.0,0.0,0.0,0.0,24.764835937763564,39.07747660094452,0.0,0.0,27.35423362066115,0.0
2050-03-20 07:00:00,0.0,0.0,0.0,0.0,0.0,29.928125000209548,39.07747660094452,0.0,0.0,27.35423362066115,0.0
2050-03-20 08:00:00,0.0,0.0,0.0,0.0,0.0,31.2734375,39.07747660094452,0.0,0.0,27.35423362066115,0.0
2050-03-20 09:00:00,0.0,0.0,0.0,0.0,0.0,34.14027343771886,39.07747660094452,0.0,0.0,27.35423362066115,0.0
2050-03-20 10:00:00,0.0,0.0,0.0,0.0,0.0,35.816593750263564,39.07747660094452,0.0,0.0,27.35423362066115,0.0
2050-03-20 11:00:00,0.0,0.0,0.0,0.0,0.0,37.22172656271141,39.07747660094452,0.0,0.0,27.35423362066115,0.0
2050-03-20 12:00:00,0.0,0.0,0.0,0.0,0.0,37.784320312784985,39.07747660094452,0.0,0.0,27.35423362066115,0.0
2050-03-20 13:00:00,0.0,0.0,0.0,0.0,0.0,37.30767187522724,39.07747660094452,0.0,0.0,27.35423362066115,0.0
2050-03-20 14:00:00,0.0,0.0,0.0,0.0,0.0,36.42432812519837,39.07747660094452,0.0,0.0,27.35423362066115,0.0
2050-03-20 15:00:00,0.0,0.0,0.0,0.0,0.0,36.32269531278871,39.07747660094452,0.0,0.0,27.35423362066115,0.0
2050-03-20 16:00:00,0.0,0.0,0.0,0.0,0.0,35.77823437517509,39.07747660094452,0.0,0.0,27.35423362066115,0.0
2050-03-20 17:00:00,0.0,0.0,0.0,0.0,0.0,34.828414062736556,39.07747660094452,0.0,0.0,27.35423362066115,0.0
2050-03-20 18:00:00,0.0,0.0,0.0,0.0,0.0,33.95887500024401,39.07747660094452,0.0,0.0,27.35423362066115,0.0
2050-03-20 19:00:00,0.0,0.0,0.0,0.0,0.0,34.02760156278964,39.07747660094452,0.0,0.0,27.35423362066115,0.0
2050-03-20 20:00:00,0.0,0.0,0.0,0.0,0.0,36.29654687526636,39.07747660094452,0.0,0.0,27.35423362066115,0.0
2050-03-20 21:00:00,0.0,0.0,0.0,0.0,0.0,37.75614062522072,39.07747660094452,0.0,0.0,27.35423362066115,0.0
2050-03-20 22:00:00,0.0,0.0,0.0,0.0,0.0,34.862671875278465,29.05421507081209,0.0,0.0,20.33795054956846,0.0
2050-03-20 23:00:00,0.0,0.0,0.0,0.0,0.0,31.378312500193715,35.12864569749752,0.0,0.0,24.590051988248263,0.0
2050-03-21 00:00:00,0.0,0.0,0.0,0.0,0.0,27.727015625219792,35.475150958788504,0.0,0.0,24.832605671151953,0.0
2050-03-21 01:00:00,0.0,0.0,0.0,0.0,0.0,24.53404687519651,32.662542993705976,0.0,0.0,22.863780095594183,0.0
2050-03-21 02:00:00,0.0,0.0,0.0,0.0,0.0,22.505515625234693,28.64709253826284,0.0,0.0,20.052964776783988,0.0
2050-03-21 03:00:00,0.0,0.0,0.0,0.0,0.0,21.533640625188127,21.35242016426406,0.0,0.0,14.946694114984842,0.0
2050-03-21 04:00:00,0.0,0.0,0.0,0.0,0.0,20.876968750264496,12.467737897762685,0.0,0.0,8.72741652843388,0.0
2050-03-21 05:00:00,0.0,0.0,0.0,0.0,0.0,20.99268750019837,6.657939403277798,0.0,0.0,4.660557582294458,0.0
2050-03-21 06:00:00,0.0,0.0,0.0,0.0,0.0,23.505437500192784,0.0,0.0,0.0,0.0,0.0
2050-03-21 07:00:00,0.0,0.0,0.0,0.0,0.0,28.461046875221655,0.0,0.0,0.0,0.0,0.0
2050-03-21 08:00:00,0.0,0.0,0.0,0.0,0.0,29.762875000247732,0.0,0.0,0.0,0.0,0.0
2050-03-21 09:00:00,0.0,0.0,0.0,0.0,0.0,33.66529687528964,0.0,0.0,0.0,0.0,0.0
2050-03-21 10:00:00,0.0,0.0,0.0,0.0,0.0,35.24990625027567,0.0,0.0,0.0,0.0,0.0
2050-03-21 11:00:00,0.0,0.0,0.0,0.0,0.0,37.24460937525146,0.0,0.0,0.0,0.0,0.0
2050-03-21 12:00:00,0.0,0.0,0.0,0.0,0.0,38.344718750217,0.0,0.0,0.0,0.0,0.0
2050-03-21 13:00:00,0.0,0.0,0.0,0.0,0.0,37.667453125235625,0.0,0.0,0.0,0.0,0.0
2050-03-21 14:00:00,0.0,0.0,0.0,0.0,0.0,36.53578125021886,0.0,0.0,0.0,0.0,0.0
2050-03-21 15:00:00,0.0,0.0,0.0,0.0,0.0,36.610109375207685,10.570358918730264,0.0,0.0,7.399251243111184,0.0
2050-03-21 16:00:00,0.0,0.0,0.0,0.0,0.0,36.425171875278465,0.0,0.0,0.0,0.0,0.0
2050-03-21 17:00:00,0.0,0.0,0.0,0.0,0.0,36.12675000028685,19.20876302423593,0.0,0.0,13.446134116965151,0.0
2050-03-21 18:00:00,0.0,0.0,0.0,0.0,0.0,35.36095312528778,1.2257574602774852,0.0,0.0,0.8580302221942396,0.0
2050-03-21 19:00:00,0.0,0.0,0.0,0.0,0.0,35.03590625023935,29.761321082518773,0.0,0.0,20.83292475776314,0.0
2050-03-21 20:00:00,0.0,0.0,0.0,0.0,0.0,37.77717187523376,0.0,0.0,0.0,0.0,0.0
2050-03-21 21:00:00,0.0,0.0,0.0,0.0,0.0,38.64168750029057,0.0,0.0,0.0,0.0,0.0
2050-03-21 22:00:00,0.0,0.0,0.0,0.0,0.0,36.17567187524401,0.0,12.372948646444076,0.0,0.0,12.625457802493955
2050-03-21 23:00:00,0.0,0.0,0.0,0.0,0.0,33.00921875028871,0.0,14.248761969664901,0.0,0.0,14.539553030270307
2050-03-22 00:00:00,0.0,0.0,0.0,0.0,0.0,27.816687500220723,0.0,9.91356735802112,0.0,0.0,10.115885059205226
2050-03-22 01:00:00,0.0,0.0,0.0,0.0,0.0,25.293562500271946,0.0,13.208468487034697,0.0,0.0,13.478029068402755
2050-03-22 02:00:00,0.0,0.0,0.0,0.0,0.0,23.023015625192784,0.0,19.82120486538328,0.0,0.0,20.2257192503911
2050-03-22 03:00:00,0.0,0.0,0.0,0.0,0.0,21.911671875277534,0.0,25.836001926286894,0.0,0.0,26.36326727172132
2050-03-22 04:00:00,0.0,0.0,0.0,0.0,0.0,21.835906250285916,0.0,25.594642311350665,0.0,0.0,26.116981950357825
2050-03-22 05:00:00,0.0,0.0,0.0,0.0,0.0,21.94065625022631,0.0,22.807280125813815,0.0,0.0,23.272734822259
2050-03-22 06:00:00,0.0,0.0,0.0,0.0,975.4784999997355,1000.0,0.0,22.54136805857042,0.0,0.0,23.001395978133083
2050-03-22 07:00:00,0.0,0.0,0.0,0.0,0.0,29.425765625201166,0.0,30.404610292461808,0.0,0.0,31.02511254332838
2050-03-22 08:00:00,0.0,0.0,0.0,0.0,0.0,30.581968750222586,0.0,31.485961195876936,0.0,0.0,32.12853183252749
2050-03-22 09:00:00,0.0,0.0,0.0,0.0,0.0,36.13228125020396,0.0,43.73995049595425,0.0,0.0,44.63260254689209
2050-03-22 10:00:00,0.0,0.0,0.0,0.0,0.0,38.10639062523842,0.0,43.73995049595425,0.0,0.0,44.63260254689209
2050-03-22 11:00:00,0.0,0.0,0.0,0.0,0.0,39.11439062526915,0.0,43.73995049595425,0.0,0.0,44.63260254689209
2050-03-22 12:00:00,0.0,0.0,0.0,0.0,0.0,39.08090625028126,0.0,43.73995049595425,0.0,0.0,44.63260254689209
2050-03-22 13:00:00,0.0,0.0,0.0,0.0,0.0,38.60450000024866,0.0,43.73995049595425,0.0,0.0,44.63260254689209
2050-03-22 14:00:00,0.0,0.0,0.0,0.0,0.0,37.99571875028778,0.0,43.73995049595425,0.0,0.0,44.63260254689209
2050-03-22 15:00:00,0.0,0.0,0.0,0.0,0.0,38.217984375194646,0.0,43.73995049595425,0.0,0.0,44.63260254689209
2050-03-22 16:00:00,0.0,0.0,0.0,0.0,0.0,37.96028125018347,0.0,43.73995049595425,0.0,0.0,44.63260254689209
2050-03-22 17:00:00,0.0,0.0,0.0,0.0,0.0,37.16773437522352,0.0,43.73995049595425,0.0,0.0,44.63260254689209
2050-03-22 18:00:00,0.0,0.0,0.0,0.0,0.0,36.29264062526636,0.0,43.73995049595425,0.0,0.0,44.63260254689209
2050-03-22 19:00:00,0.0,0.0,0.0,0.0,0.0,36.5934843752766,0.0,43.73995049595425,0.0,0.0,44.63260254689209
2050-03-22 20:00:00,0.0,0.0,0.0,0.0,0.0,39.07178125018254,0.0,43.73995049595425,0.0,0.0,44.63260254689209
2050-03-22 21:00:00,0.0,0.0,0.0,0.0,0.0,38.7732500002021,0.0,43.73995049595425,0.0,0.0,44.63260254689209
2050-03-22 22:00:00,0.0,0.0,0.0,0.0,0.0,36.7145781252766,0.0,43.73995049595425,0.0,0.0,44.63260254689209
2050-03-22 23:00:00,0.0,0.0,0.0,0.0,0.0,34.75984375027474,0.0,43.73995049595425,0.0,0.0,44.63260254689209
2050-03-23 00:00:00,0.0,0.0,0.0,0.0,0.0,31.319406250258908,0.0,43.73995049595425,0.0,0.0,44.63260254689209
2050-03-23 01:00:00,0.0,0.0,0.0,0.0,0.0,27.241375000216067,0.0,43.73995049595425,0.0,0.0,44.63260254689209
2050-03-23 02:00:00,0.0,0.0,0.0,0.0,0.0,24.63729687524028,0.0,43.73995049595425,0.0,0.0,44.63260254689209
2050-03-23 03:00:00,0.0,0.0,0.0,0.0,0.0,23.581390625215136,0.0,43.73995049595425,0.0,0.0,44.63260254689209
2050-03-23 04:00:00,0.0,0.0,0.0,0.0,0.0,22.75768750021234,0.0,43.73995049595425,0.0,0.0,44.63260254689209
2050-03-23 05:00:00,0.0,0.0,0.0,0.0,0.0,22.373015625285916,0.0,43.73995049595425,0.0,0.0,44.63260254689209
2050-03-23 06:00:00,0.0,0.0,0.0,0.0,0.0,22.527625000220723,0.0,43.73995049595425,0.0,0.0,44.63260254689209
2050-03-23 07:00:00,0.0,0.0,0.0,0.0,0.0,23.721171875251457,0.0,43.73995049595425,0.0,0.0,44.63260254689209
2050-03-23 08:00:00,0.0,0.0,0.0,0.0,0.0,23.99564062524587,0.0,43.73995049595425,0.0,0.0,44.63260254689209
2050-03-23 09:00:00,0.0,0.0,0.0,0.0,0.0,29.137656250270084,0.0,43.73995049595425,0.0,0.0,44.63260254689209
2050-03-23 10:00:00,0.0,0.0,0.0,0.0,0.0,33.27756250021048,0.0,43.73995049595425,0.0,0.0,44.63260254689209
2050-03-23 11:00:00,0.0,0.0,0.0,0.0,0.0,35.287750000250526,0.0,43.73995049595425,0.0,0.0,44.63260254689209
2050-03-23 12:00:00,0.0,0.0,0.0,0.0,0.0,36.046937500243075,0.0,43.73995049595425,0.0,0.0,44.63260254689209
2050-03-23 13:00:00,0.0,0.0,0.0,0.0,0.0,36.31293750018813,0.0,43.73995049595425,0.0,0.0,44.63260254689209
2050-03-23 14:00:00,0.0,0.0,0.0,0.0,0.0,30.96304298267978,0.0,43.73995049595425,0.0,0.0,44.63260254689209
2050-03-23 15:00:00,0.0,0.0,0.0,0.0,0.0,33.16768624687211,0.0,43.73995049595425,0.0,0.0,44.63260254689209
2050-03-23 16:00:00,0.0,0.0,0.0,0.0,0.0,34.00940625020303,0.0,43.73995049595425,0.0,0.0,44.63260254689209
2050-03-23 17:00:00,0.0,0.0,0.0,0.0,0.0,33.63556250021793,0.0,43.73995049595425,0.0,0.0,44.63260254689209
2050-03-23 18:00:00,0.0,0.0,0.0,0.0,0.0,33.83481250028126,0.0,43.73995049595425,0.0,0.0,44.63260254689209
2050-03-23 19:00:00,0.0,0.0,0.0,0.0,0.0,34.49853125028312,0.0,43.73995049595425,0.0,0.0,44.63260254689209
2050-03-23 20:00:00,0.0,0.0,0.0,0.0,0.0,37.851625000243075,0.0,43.73995049595425,0.0,0.0,44.63260254689209
2050-03-23 21:00:00,0.0,0.0,0.0,0.0,0.0,36.980369912092556,0.0,43.73995049595425,0.0,0.0,44.63260254689209
2050-03-23 22:00:00,0.0,0.0,0.0,0.0,0.0,34.199543988752794,0.0,43.73995049595425,0.0,0.0,44.63260254689209
2050-03-23 23:00:00,0.0,0.0,0.0,0.0,0.0,33.87921875028405,0.0,41.57625823316382,0.0,0.0,42.42475329914676
2050-03-24 00:00:00,0.0,0.0,0.0,0.0,0.0,30.236125000286847,0.0,25.552591757759423,0.0,0.0,26.07407322220349
2050-03-24 01:00:00,0.0,0.0,0.0,0.0,0.0,27.17315625026822,0.0,16.92118674387068,0.0,0.0,17.266517085582333
2050-03-24 02:00:00,0.0,0.0,0.0,0.0,0.0,25.238687500241213,0.0,2.086832346425702,0.0,0.0,2.1294207616588796
2050-03-24 03:00:00,0.0,0.0,0.0,0.0,0.0,23.92578125,0.0,0.0,0.0,0.0,0.0
2050-03-24 04:00:00,0.0,0.0,0.0,0.0,0.0,22.87034375022631,0.0,0.0,0.0,0.0,0.0
2050-03-24 05:00:00,0.0,0.0,0.0,0.0,0.0,22.262156250188127,0.0,0.0,0.0,0.0,0.0
2050-03-24 06:00:00,0.0,0.0,0.0,0.0,0.0,21.714687500265427,0.0,0.0,0.0,0.0,0.0
2050-03-24 07:00:00,0.0,0.0,0.0,0.0,0.0,21.575125000206754,0.0,0.0,0.0,0.0,0.0
2050-03-24 08:00:00,0.0,0.0,0.0,0.0,0.0,21.075875000213273,0.0,0.0,0.0,0.0,0.0
2050-03-24 09:00:00,0.0,0.0,0.0,0.0,0.0,23.728750000242144,0.0,0.0,0.0,0.0,0.0
2050-03-24 10:00:00,0.0,0.0,0.0,0.0,0.0,26.167375000193715,0.0,0.0,0.0,0.0,0.0
2050-03-24 11:00:00,0.0,0.0,0.0,0.0,0.0,28.001656250213273,0.0,0.0,0.0,0.0,0.0
2050-03-24 12:00:00,0.0,0.0,0.0,0.0,0.0,29.716562500223517,0.0,0.0,0.0,0.0,0.0
2050-03-24 13:00:00,0.0,0.0,0.0,0.0,0.0,31.031406250200234,0.0,0.0,0.0,0.0,0.0
2050-03-24 14:00:00,0.0,0.0,0.0,0.0,0.0,31.396593750221655,0.0,0.0,0.0,0.0,0.0
2050-03-24 15:00:00,0.0,0.0,0.0,0.0,0.0,30.50515625020489,0.0,0.0,0.0,0.0,0.0
2050-03-24 16:00:00,0.0,0.0,0.0,0.0,0.0,30.28643750026822,0.0,0.0,0.0,0.0,0.0
2050-03-24 17:00:00,0.0,0.0,0.0,0.0,0.0,30.22287500021048,0.0,0.0,0.0,0.0,0.0
2050-03-24 18:00:00,0.0,0.0,0.0,0.0,0.0,30.643312500207685,0.0,0.0,0.0,0.0,0.0
2050-03-24 19:00:00,0.0,0.0,0.0,0.0,0.0,31.98578125028871,0.0,0.0,0.0,0.0,0.0
2050-03-24 20:00:00,0.0,0.0,0.0,0.0,0.0,36.29590625024866,0.0,0.0,0.0,0.0,0.0
2050-03-24 21:00:00,0.0,0.0,0.0,0.0,0.0,37.185156250256114,0.0,0.0,0.0,0.0,0.0
2050-03-24 22:00:00,0.0,0.0,0.0,0.0,0.0,34.99081250024028,0.0,0.0,0.0,0.0,0.0
2050-03-24 23:00:00,0.0,0.0,0.0,0.0,0.0,31.795906250248663,0.0,0.0,0.0,0.0,0.0
2050-03-25 00:00:00,0.0,0.0,0.0,0.0,0.0,28.318375000264496,0.0,0.0,0.0,0.0,0.0
2050-03-25 01:00:00,0.0,0.0,0.0,0.0,0.0,25.314937500283122,0.0,0.0,0.0,0.0,0.0
2050-03-25 02:00:00,0.0,0.0,0.0,0.0,0.0,22.95828125020489,0.0,0.0,0.0,0.0,0.0
2050-03-25 03:00:00,0.0,0.0,0.0,0.0,0.0,21.516937500215136,0.0,0.0,0.0,0.0,0.0
2050-03-25 04:00:00,0.0,0.0,0.0,0.0,0.0,21.007468750234693,0.0,0.0,0.0,0.0,0.0
2050-03-25 05:00:00,0.0,0.0,0.0,0.0,0.0,21.241218750248663,0.0,0.0,0.0,0.0,0.0
2050-03-25 06:00:00,0.0,0.0,0.0,0.0,0.0,24.586500000208616,0.0,0.0,0.0,0.0,0.0
2050-03-25 07:00:00,0.0,0.0,0.0,0.0,0.0,30.164000000222586,0.0,0.0,0.0,0.0,0.0
2050-03-25 08:00:00,0.0,0.0,0.0,0.0,0.0,32.15540625026915,0.0,0.0,0.0,0.0,0.0
2050-03-25 09:00:00,0.0,0.0,0.0,0.0,0.0,34.71921875025146,0.0,0.0,0.0,0.0,0.0
2050-03-25 10:00:00,0.0,0.0,0.0,0.0,0.0,37.36200000019744,0.0,0.0,0.0,0.0,0.0
2050-03-25 11:00:00,0.0,0.0,0.0,0.0,0.0,39.36306250025518,0.0,0.0,0.0,0.0,0.0
2050-03-25 12:00:00,0.0,0.0,0.0,0.0,0.0,39.666000000201166,0.0,0.0,0.0,0.0,0.0
2050-03-25 13:00:00,0.0,0.0,0.0,0.0,0.0,40.43443750019651,0.0,0.0,0.0,0.0,0.0
2050-03-25 14:00:00,0.0,0.0,0.0,0.0,0.0,39.56228125025518,0.0,0.0,0.0,0.0,0.0
2050-03-25 15:00:00,0.0,0.0,0.0,0.0,0.0,39.1310312502319,0.0,0.0,0.0,0.0,0.0
2050-03-25 16:00:00,0.0,0.0,0.0,0.0,0.0,38.88871875021141,0.0,0.0,0.0,0.0,0.0
2050-03-25 17:00:00,0.0,0.0,0.0,0.0,0.0,37.861937500187196,0.0,0.0,0.0,0.0,0.0
2050-03-25 18:00:00,0.0,0.0,0.0,0.0,0.0,36.321000000229105,0.0,0.0,0.0,0.0,0.0
2050-03-25 19:00:00,0.0,0.0,0.0,0.0,0.0,37.11696875025518,0.0,0.0,0.0,0.0,0.0
2050-03-25 20:00:00,0.0,0.0,0.0,0.0,0.0,40.99509375018533,0.0,0.0,0.0,0.0,0.0
2050-03-25 21:00:00,0.0,0.0,0.0,0.0,0.0,39.267812500242144,0.0,0.0,0.0,0.0,0.0
2050-03-25 22:00:00,0.0,0.0,0.0,0.0,0.0,36.52565625018906,0.0,0.0,0.0,0.0,0.0
2050-03-25 23:00:00,0.0,0.0,0.0,0.0,0.0,32.79912500025239,0.0,0.0,0.0,0.0,0.0
2050-03-26 00:00:00,0.0,0.0,0.0,0.0,0.0,27.725093750283122,0.0,0.0,0.0,0.0,0.0
2050-03-26 01:00:00,0.0,0.0,0.0,0.0,0.0,24.982625000178814,0.0,0.0,0.0,0.0,0.0
2050-03-26 02:00:00,0.0,0.0,0.0,0.0,0.0,22.852781250257976,0.0,0.0,0.0,0.0,0.0
2050-03-26 03:00:00,0.0,0.0,0.0,0.0,0.0,21.54184375028126,0.0,0.0,0.0,0.0,0.0
2050-03-26 04:00:00,0.0,0.0,0.0,0.0,0.0,21.72718750021886,0.0,0.0,0.0,0.0,0.0
2050-03-26 05:00:00,0.0,0.0,0.0,0.0,0.0,21.774750000215136,0.0,0.0,0.0,0.0,0.0
2050-03-26 06:00:00,0.0,0.0,0.0,0.0,0.0,24.043562500271946,0.0,0.0,0.0,0.0,0.0
2050-03-26 07:00:00,0.0,0.0,0.0,0.0,0.0,29.626968750264496,0.0,0.0,0.0,0.0,0.0
2050-03-26 08:00:00,0.0,0.0,0.0,0.0,0.0,31.642593750264496,0.0,0.0,0.0,0.0,0.0
2050-03-26 09:00:00,0.0,0.0,0.0,0.0,0.0,35.62171875021886,0.0,0.0,0.0,0.0,0.0
2050-03-26 10:00:00,0.0,0.0,0.0,0.0,0.0,37.82462500024121,0.0,0.0,0.0,0.0,0.0
2050-03-26 11:00:00,0.0,0.0,0.0,0.0,0.0,38.78856250026729,0.0,0.0,0.0,0.0,0.0
2050-03-26 12:00:00,0.0,0.0,0.0,0.0,0.0,37.80778125021607,0.0,0.0,0.0,0.0,0.0
2050-03-26 13:00:00,0.0,0.0,0.0,0.0,0.0,37.29584375023842,0.0,0.0,0.0,0.0,0.0
2050-03-26 14:00:00,0.0,0.0,0.0,0.0,0.0,35.90871875023004,0.0,0.0,0.0,0.0,0.0
2050-03-26 15:00:00,0.0,0.0,0.0,0.0,0.0,36.306875000242144,0.0,0.0,0.0,0.0,0.0
2050-03-26 16:00:00,0.0,0.0,0.0,0.0,0.0,36.188812500215136,0.0,0.0,0.0,0.0,0.0
2050-03-26 17:00:00,0.0,0.0,0.0,0.0,0.0,35.90981250023469,0.0,0.0,0.0,0.0,0.0
2050-03-26 18:00:00,0.0,0.0,0.0,0.0,0.0,34.96865625027567,0.0,0.0,0.0,0.0,0.0
2050-03-26 19:00:00,0.0,0.0,0.0,0.0,0.0,35.71434375026729,0.0,0.0,0.0,0.0,0.0
2050-03-26 20:00:00,0.0,0.0,0.0,0.0,0.0,38.80228125024587,0.0,0.0,0.0,0.0,0.0
2050-03-26 21:00:00,0.0,0.0,0.0,0.0,0.0,38.464375000214204,0.0,0.0,0.0,0.0,0.0
2050-03-26 22:00:00,0.0,0.0,0.0,0.0,0.0,35.8225937501993,0.0,0.0,0.0,0.0,0.0
2050-03-26 23:00:00,0.0,0.0,0.0,0.0,0.0,32.43078125023749,0.0,0.0,0.0,0.0,0.0
2050-03-27 00:00:00,0.0,0.0,0.0,0.0,0.0,27.239468750194646,0.0,0.0,0.0,0.0,0.0
2050-03-27 01:00:00,0.0,0.0,0.0,0.0,0.0,23.848968750215136,0.0,0.0,0.0,0.0,0.0
2050-03-27 02:00:00,0.0,0.0,0.0,0.0,0.0,21.808625000179745,0.0,0.0,0.0,0.0,0.0
2050-03-27 03:00:00,0.0,0.0,0.0,0.0,0.0,20.619781250250526,0.0,0.0,0.0,0.0,0.0
2050-03-27 04:00:00,0.0,0.0,0.0,0.0,0.0,20.749312500236556,0.0,0.0,0.0,0.0,0.0
2050-03-27 05:00:00,0.0,0.0,0.0,0.0,0.0,21.02140625019092,0.0,0.0,0.0,0.0,0.0
2050-03-27 06:00:00,0.0,0.0,0.0,0.0,0.0,23.31568750028964,0.0,0.0,0.0,0.0,0.0
2050-03-27 07:00:00,0.0,0.0,0.0,0.0,0.0,28.738437500200234,0.0,0.0,0.0,0.0,0.0
2050-03-27 08:00:00,0.0,0.0,0.0,0.0,0.0,31.21243750024587,0.0,0.0,0.0,0.0,0.0
2050-03-27 09:00:00,0.0,0.0,0.0,0.0,0.0,34.18596875027288,16.04623311887601,0.0,0.0,11.232363183213208,0.0
2050-03-27 10:00:00,0.0,0.0,0.0,0.0,0.0,36.085968750179745,23.995326985622448,0.0,0.0,16.796728889935714,0.0
2050-03-27 11:00:00,0.0,0.0,0.0,0.0,0.0,36.755968750221655,39.07747660094452,0.0,0.0,27.35423362066115,0.0
2050-03-27 12:00:00,0.0,0.0,0.0,0.0,0.0,36.94881250022445,39.07747660094452,0.0,0.0,27.35423362066115,0.0
2050-03-27 13:00:00,0.0,0.0,0.0,0.0,0.0,36.54637500026729,39.07747660094452,0.0,0.0,27.35423362066115,0.0
2050-03-27 14:00:00,0.0,0.0,0.0,0.0,0.0,36.08971875021234,39.07747660094452,0.0,0.0,27.35423362066115,0.0
2050-03-27 15:00:00,0.0,0.0,0.0,0.0,0.0,37.34521875018254,25.452829853116853,0.0,0.0,17.816980897181796,0.0
2050-03-27 16:00:00,0.0,0.0,0.0,0.0,0.0,38.30690625018906,39.07747660094452,0.0,0.0,27.354233620661162,0.0
2050-03-27 17:00:00,0.0,0.0,0.0,0.0,0.0,38.49128125025891,25.437936601663594,0.0,0.0,17.806555621164513,0.0
2050-03-27 18:00:00,0.0,0.0,0.0,0.0,0.0,37.613343750243075,37.877617652605785,0.0,0.0,26.51433235682405,0.0
2050-03-27 19:00:00,0.0,0.0,0.0,0.0,0.0,37.966281250235625,0.0,0.0,0.0,0.0,0.0
2050-03-27 20:00:00,0.0,0.0,0.0,0.0,0.0,39.15134375018533,21.141052623494293,0.0,0.0,14.798736836446004,0.0
2050-03-27 21:00:00,0.0,0.0,0.0,0.0,0.0,38.201281250221655,0.0,0.0,0.0,0.0,0.0
2050-03-27 22:00:00,0.0,0.0,0.0,0.0,0.0,36.50575000024401,0.0,20.955155896151755,0.0,0.0,21.382812138930365
2050-03-27 23:00:00,0.0,0.0,0.0,0.0,0.0,33.08303125028033,0.0,32.029685157048064,0.0,0.0,32.683352201069454
2050-03-28 00:00:00,0.0,0.0,0.0,0.0,0.0,29.37043750018347,0.0,30.032355905426826,0.0,0.0,30.64526112798656
2050-03-28 01:00:00,0.0,0.0,0.0,0.0,0.0,26.037531250272878,0.0,27.33001228712198,0.0,0.0,27.88776763992039
2050-03-28 02:00:00,0.0,0.0,0.0,0.0,0.0,23.64462500018999,0.0,26.766143118512588,0.0,0.0,27.312390937257742
2050-03-28 03:00:00,0.0,0.0,0.0,0.0,0.0,22.980218750191852,0.0,21.848317228140814,0.0,0.0,22.294201253204914
2050-03-28 04:00:00,0.0,0.0,0.0,0.0,0.0,21.911375000257976,0.0,23.54553213168478,0.0,0.0,24.026053195596713
2050-03-28 05:00:00,0.0,0.0,0.0,0.0,0.0,22.072687500272878,0.0,23.223232532135643,0.0,0.0,23.697176053199637
2050-03-28 06:00:00,0.0,0.0,0.0,0.0,0.0,24.26131250022445,0.0,0.0,0.0,0.0,0.0
2050-03-28 07:00:00,0.0,0.0,0.0,0.0,0.0,29.178843750269152,0.0,26.158196576871152,0.0,0.0,26.692037323337914
2050-03-28 08:00:00,0.0,0.0,0.0,0.0,0.0,31.45237500022631,0.0,0.0,0.0,0.0,0.0
2050-03-28 09:00:00,0.0,0.0,0.0,0.0,0.0,35.65725000028033,0.0,0.0,0.0,0.0,0.0
2050-03-28 10:00:00,0.0,0.0,0.0,0.0,0.0,37.72568750020582,0.0,0.0,0.0,0.0,0.0
2050-03-28 11:00:00,0.0,0.0,0.0,0.0,0.0,38.23175000026822,0.0,0.0,0.0,0.0,0.0
2050-03-28 12:00:00,0.0,0.0,0.0,0.0,0.0,38.067187500186265,0.0,0.0,0.0,0.0,0.0
2050-03-28 13:00:00,0.0,0.0,0.0,0.0,0.0,37.71750000026077,0.0,0.0,0.0,0.0,0.0
2050-03-28 14:00:00,0.0,0.0,0.0,0.0,0.0,36.92437500017695,0.0,0.0,0.0,0.0,0.0
2050-03-28 15:00:00,0.0,0.0,0.0,0.0,0.0,36.56568750028964,0.0,0.0,0.0,0.0,0.0
2050-03-28 16:00:00,0.0,0.0,0.0,0.0,0.0,35.970812500221655,0.0,0.0,0.0,0.0,0.0
2050-03-28 17:00:00,0.0,0.0,0.0,0.0,0.0,34.98618750018068,0.0,0.0,0.0,0.0,0.0
2050-03-28 18:00:00,0.0,0.0,0.0,0.0,0.0,34.54000000027008,0.0,0.0,0.0,0.0,0.0
2050-03-28 19:00:00,0.0,0.0,0.0,0.0,0.0,34.87681250018068,0.0,0.0,0.0,0.0,0.0
2050-03-28 20:00:00,0.0,0.0,0.0,0.0,0.0,37.832812500186265,0.0,0.0,0.0,0.0,0.0
2050-03-28 21:00:00,0.0,0.0,0.0,0.0,0.0,37.57218750019092,0.0,0.0,0.0,0.0,0.0
2050-03-28 22:00:00,0.0,0.0,0.0,0.0,0.0,35.70637500018347,0.0,0.0,0.0,0.0,0.0
2050-03-28 23:00:00,0.0,0.0,0.0,0.0,0.0,33.186812500236556,0.0,0.0,0.0,0.0,0.0
2050-03-29 00:00:00,0.0,0.0,0.0,0.0,0.0,28.565437500248663,0.0,0.0,0.0,0.0,0.0
2050-03-29 01:00:00,0.0,0.0,0.0,0.0,0.0,25.98187500028871,0.0,0.0,0.0,0.0,0.0
2050-03-29 02:00:00,0.0,0.0,0.0,0.0,0.0,23.734937500208616,0.0,0.0,0.0,0.0,0.0
2050-03-29 03:00:00,0.0,0.0,0.0,0.0,0.0,22.201000000233762,0.0,0.0,0.0,0.0,0.0
2050-03-29 04:00:00,0.0,0.0,0.0,0.0,0.0,21.41162500018254,0.0,0.0,0.0,0.0,0.0
2050-03-29 05:00:00,0.0,0.0,0.0,0.0,0.0,21.120000000228174,0.0,0.0,0.0,0.0,0.0
2050-03-29 06:00:00,0.0,0.0,0.0,0.0,0.0,21.26193750021048,0.0,0.0,0.0,0.0,0.0
2050-03-29 07:00:00,0.0,0.0,0.0,0.0,0.0,22.30418750026729,0.0,0.0,0.0,0.0,0.0
2050-03-29 08:00:00,0.0,0.0,0.0,0.0,0.0,22.233937500277534,0.0,0.0,0.0,0.0,0.0
2050-03-29 09:00:00,0.0,0.0,0.0,0.0,0.0,24.022928711143322,0.0,0.0,0.0,0.0,0.0
2050-03-29 10:00:00,0.0,0.0,0.0,0.0,0.0,26.683349609375,0.0,0.0,0.0,0.0,0.0
2050-03-29 11:00:00,0.0,0.0,0.0,0.0,0.0,29.433513183845207,0.0,0.0,0.0,0.0,0.0
2050-03-29 12:00:00,0.0,0.0,0.0,0.0,0.0,30.881979980738834,0.0,0.0,0.0,0.0,0.0
2050-03-29 13:00:00,0.0,0.0,0.0,0.0,0.0,32.02317089866847,0.0,0.0,0.0,0.0,0.0
2050-03-29 14:00:00,0.0,0.0,0.0,0.0,0.0,31.634807617403567,0.0,0.0,0.0,0.0,0.0
2050-03-29 15:00:00,0.0,0.0,0.0,0.0,0.0,30.541465820511803,0.0,0.0,0.0,0.0,0.0
2050-03-29 16:00:00,0.0,0.0,0.0,0.0,0.0,29.797364258090965,0.0,0.0,0.0,0.0,0.0
2050-03-29 17:00:00,0.0,0.0,0.0,0.0,0.0,29.32600976584945,0.0,0.0,0.0,0.0,0.0
2050-03-29 18:00:00,0.0,0.0,0.0,0.0,0.0,29.584998047095723,0.0,0.0,0.0,0.0,0.0
2050-03-29 19:00:00,0.0,0.0,0.0,0.0,0.0,30.623779296875,0.0,0.0,0.0,0.0,0.0
2050-03-29 20:00:00,0.0,0.0,0.0,0.0,0.0,34.200406250194646,0.0,0.0,0.0,0.0,0.0
2050-03-29 21:00:00,0.0,0.0,0.0,0.0,0.0,34.122560547082685,0.0,0.0,0.0,0.0,0.0
2050-03-29 22:00:00,0.0,0.0,0.0,0.0,0.0,32.57642773457337,0.0,0.0,0.0,0.0,0.0
2050-03-29 23:00:00,0.0,0.0,0.0,0.0,0.0,30.67627343768254,0.0,0.0,0.0,0.0,0.0
2050-03-30 00:00:00,0.0,0.0,0.0,0.0,0.0,28.4298593752319,0.0,0.0,0.0,0.0,0.0
2050-03-30 01:00:00,0.0,0.0,0.0,0.0,0.0,25.85303906269837,0.0,0.0,0.0,0.0,0.0
2050-03-30 02:00:00,0.0,0.0,0.0,0.0,0.0,23.534890625276603,0.0,0.0,0.0,0.0,0.0
2050-03-30 03:00:00,0.0,0.0,0.0,0.0,0.0,22.060566406464204,0.0,0.0,0.0,0.0,0.0
2050-03-30 04:00:00,0.0,0.0,0.0,0.0,0.0,21.102421875228174,0.0,0.0,0.0,0.0,0.0
2050-03-30 05:00:00,0.0,0.0,0.0,0.0,0.0,20.67071484401822,0.0,0.0,0.0,0.0,0.0
2050-03-30 06:00:00,0.0,0.0,0.0,0.0,0.0,20.554582031443715,0.0,0.0,0.0,0.0,0.0
2050-03-30 07:00:00,0.0,0.0,0.0,0.0,0.0,21.2516367189819,0.0,0.0,0.0,0.0,0.0
2050-03-30 08:00:00,0.0,0.0,0.0,0.0,0.0,21.512230469030328,0.0,0.0,0.0,0.0,0.0
2050-03-30 09:00:00,0.0,0.0,0.0,0.0,0.0,23.85916015645489,0.0,0.0,0.0,0.0,0.0
2050-03-30 10:00:00,0.0,0.0,0.0,0.0,0.0,27.10259765642695,0.0,0.0,0.0,0.0,0.0
2050-03-30 11:00:00,0.0,0.0,0.0,0.0,0.0,29.437800781452097,0.0,0.0,0.0,0.0,0.0
2050-03-30 12:00:00,0.0,0.0,0.0,0.0,0.0,30.371339843957685,0.0,0.0,0.0,0.0,0.0
2050-03-30 13:00:00,0.0,0.0,0.0,0.0,0.0,31.482621093979105,0.0,0.0,0.0,0.0,0.0
2050-03-30 14:00:00,0.0,0.0,0.0,0.0,0.0,31.17289843771141,0.0,0.0,0.0,0.0,0.0
2050-03-30 15:00:00,0.0,0.0,0.0,0.0,0.0,30.6426210940117,0.0,0.0,0.0,0.0,0.0
2050-03-30 16:00:00,0.0,0.0,0.0,0.0,0.0,31.699812500271946,32.478868304199054,0.0,0.0,22.735207812939336,0.0
2050-03-30 17:00:00,0.0,0.0,0.0,0.0,0.0,32.01619531272445,39.07747660094451,0.0,0.0,27.35423362066115,0.0
2050-03-30 18:00:00,0.0,0.0,0.0,0.0,0.0,32.496335937757976,39.07747660094452,0.0,0.0,27.35423362066115,0.0
2050-03-30 19:00:00,0.0,0.0,0.0,0.0,0.0,33.81702343770303,39.07747660094452,0.0,0.0,27.35423362066115,0.0
2050-03-30 20:00:00,0.0,0.0,0.0,0.0,0.0,36.662445312715136,39.07747660094452,0.0,0.0,27.35423362066115,0.0
2050-03-30 21:00:00,0.0,0.0,0.0,0.0,0.0,36.33916406275239,39.07747660094452,0.0,0.0,27.35423362066115,0.0
2050-03-30 22:00:00,0.0,0.0,0.0,0.0,0.0,34.51157812518068,16.730584304277862,0.0,0.0,11.711409012994503,0.0
2050-03-30 23:00:00,0.0,0.0,0.0,0.0,0.0,32.83916406275239,23.942866097615124,0.0,0.0,16.760006268330585,0.0
2050-03-31 00:00:00,0.0,0.0,0.0,0.0,0.0,28.90983593778219,39.07747660094452,0.0,0.0,27.35423362066115,0.0
2050-03-31 01:00:00,0.0,0.0,0.0,0.0,0.0,25.586898437701166,39.07747660094452,0.0,0.0,27.35423362066115,0.0
2050-03-31 02:00:00,0.0,0.0,0.0,0.0,0.0,23.470132812741213,39.07747660094452,0.0,0.0,27.35423362066115,0.0
2050-03-31 03:00:00,0.0,0.0,0.0,0.0,0.0,21.87685156275984,39.07747660094452,0.0,0.0,27.35423362066115,0.0
2050-03-31 04:00:00,0.0,0.0,0.0,0.0,0.0,20.995710937771946,39.07747660094452,0.0,0.0,27.354233620661162,0.0
2050-03-31 05:00:00,0.0,0.0,0.0,0.0,0.0,20.546234375215136,39.07747660094452,0.0,0.0,27.35423362066115,0.0
2050-03-31 06:00:00,0.0,0.0,0.0,0.0,0.0,20.36771093774587,39.07747660094452,0.0,0.0,27.35423362066115,0.0
2050-03-31 07:00:00,0.0,0.0,0.0,0.0,0.0,20.80068750027567,39.07747660094452,0.0,0.0,27.35423362066115,0.0
2050-03-31 08:00:00,0.0,0.0,0.0,0.0,0.0,21.089328125235625,39.07747660094452,0.0,0.0,27.35423362066115,0.0
2050-03-31 09:00:00,0.0,0.0,0.0,0.0,0.0,22.287210937705822,39.07747660094452,0.0,0.0,27.35423362066115,0.0
2050-03-31 10:00:00,0.0,0.0,0.0,0.0,0.0,25.219109375262633,0.0,0.0,0.0,0.0,0.0
2050-03-31 11:00:00,0.0,0.0,0.0,0.0,0.0,27.79274218773935,0.0,0.0,0.0,0.0,0.0
2050-03-31 12:00:00,0.0,0.0,0.0,0.0,0.0,29.52627343777567,14.94078799666643,0.0,0.0,10.4585515976665,0.0
2050-03-31 13:00:00,0.0,0.0,0.0,0.0,0.0,31.022578125237487,28.601223415589736,0.0,0.0,20.020856390912815,0.0
2050-03-31 14:00:00,0.0,0.0,0.0,0.0,0.0,31.26783593778964,18.568111677889732,0.0,0.0,12.997678174522811,0.0
2050-03-31 15:00:00,0.0,0.0,0.0,0.0,0.0,30.120250000269152,17.56524885313557,0.0,0.0,12.295674197194899,0.0
2050-03-31 16:00:00,0.0,0.0,0.0,0.0,0.0,29.286812500213273,16.797304865113183,0.0,0.0,11.758113405579227,0.0
2050-03-31 17:00:00,0.0,0.0,0.0,0.0,0.0,29.315445312764496,15.1075732419988,0.0,0.0,10.575301269399159,0.0
2050-03-31 18:00:00,0.0,0.0,0.0,0.0,0.0,29.90266406268347,5.400878795569874,0.0,0.0,3.7806151568989113,0.0
2050-03-31 19:00:00,0.0,0.0,0.0,0.0,0.0,32.00582031277008,8.043422532204271,0.0,0.0,5.63039577254299,0.0
2050-03-31 20:00:00,0.0,0.0,0.0,0.0,0.0,37.54336718772538,1.7473140899455823,0.0,0.0,1.2231198629619076,0.0
2050-03-31 21:00:00,0.0,0.0,0.0,0.0,0.0,37.31473437522072,0.0,0.0,0.0,0.0,0.0
2050-03-31 22:00:00,0.0,0.0,0.0,0.0,0.0,34.9161875002319,0.0,0.0,0.0,0.0,0.0
2050-03-31 23:00:00,0.0,0.0,0.0,0.0,0.0,31.4552500002319,0.0,0.0,0.0,0.0,0.0
2050-04-01 00:00:00,0.0,0.0,0.0,0.0,0.0,27.63664062519092,0.0,0.0,0.0,0.0,0.0
2050-04-01 01:00:00,0.0,0.0,0.0,0.0,0.0,24.281687500188127,0.0,0.0,0.0,0.0,0.0
2050-04-01 02:00:00,0.0,0.0,0.0,0.0,0.0,22.248781250207685,0.0,0.0,0.0,0.0,0.0
2050-04-01 03:00:00,0.0,0.0,0.0,0.0,0.0,21.308203125256114,12.878061056982872,0.0,0.0,9.01464273988801,0.0
2050-04-01 04:00:00,0.0,0.0,0.0,0.0,0.0,21.381203125230968,4.383237246927561,0.0,0.0,3.0682660728492928,0.0
2050-04-01 05:00:00,0.0,0.0,0.0,0.0,0.0,21.090656250249594,0.0,0.0,0.0,0.0,0.0
2050-04-01 06:00:00,0.0,0.0,0.0,0.0,0.0,23.296687500202097,0.0,0.0,0.0,0.0,0.0
2050-04-01 07:00:00,0.0,0.0,0.0,0.0,0.0,29.201203125179745,0.0,5.560263996514565,0.0,0.0,5.673738771953638
2050-04-01 08:00:00,0.0,0.0,0.0,0.0,0.0,30.821968750213273,0.0,6.31719956517267,0.0,0.0,6.446122005278235
2050-04-01 09:00:00,0.0,0.0,0.0,0.0,0.0,33.563140625250526,0.0,6.589363492967721,0.0,0.0,6.723840298946655
2050-04-01 10:00:00,0.0,0.0,0.0,0.0,0.0,37.0978281252319,0.0,5.943633666903877,0.0,0.0,6.064932313167223
2050-04-01 11:00:00,0.0,0.0,0.0,0.0,0.0,38.562468750285916,0.0,0.8127322475217303,0.0,0.0,0.8293186199201331
2050-04-01 12:00:00,0.0,0.0,0.0,0.0,0.0,39.33168750023469,0.0,15.855465465682805,0.0,0.0,16.179046393553882
2050-04-01 13:00:00,0.0,0.0,0.0,0.0,0.0,38.75204687518999,0.0,25.739609079325504,0.0,0.0,26.264907223801536
2050-04-01 14:00:00,0.0,0.0,0.0,0.0,0.0,37.87232812528964,0.0,23.00111825330617,0.0,0.0,23.47052882990426
2050-04-01 15:00:00,0.0,0.0,0.0,0.0,0.0,37.75354687520303,0.0,30.33394370543476,0.0,0.0,30.95300378105588
2050-04-01 16:00:00,0.0,0.0,0.0,0.0,0.0,37.86203125026077,0.0,40.454975951617136,0.0,0.0,41.28058770573178
2050-04-01 17:00:00,0.0,0.0,0.0,0.0,0.0,37.57862500019837,0.0,40.958547119861244,0.0,0.0,41.79443583659311
2050-04-01 18:00:00,0.0,0.0,0.0,0.0,0.0,37.53748437517788,0.0,42.690374293076225,0.0,0.0,43.561606421506355
2050-04-01 19:00:00,0.0,0.0,0.0,0.0,0.0,39.09557812521234,0.0,43.73995049595425,0.0,0.0,44.63260254689209
2050-04-01 20:00:00,0.0,0.0,0.0,0.0,0.0,41.400421875179745,0.0,43.73995049595425,0.0,0.0,44.63260254689209
2050-04-01 21:00:00,0.0,0.0,0.0,0.0,0.0,40.774000000208616,0.0,43.73995049595425,0.0,0.0,44.63260254689209
2050-04-01 22:00:00,0.0,0.0,0.0,0.0,0.0,37.53745312523097,0.0,43.73995049595425,0.0,0.0,44.63260254689209
2050-04-01 23:00:00,0.0,0.0,0.0,0.0,0.0,34.29734375025146,0.0,32.67343853496385,0.0,0.0,33.34024340302434
2050-04-02 00:00:00,0.0,0.0,0.0,0.0,0.0,30.536515625193715,0.0,43.73995049595425,0.0,0.0,44.63260254689209
2050-04-02 01:00:00,0.0,0.0,0.0,0.0,0.0,26.85146875027567,0.0,42.330002398945794,0.0,0.0,43.19387999892429
2050-04-02 02:00:00,0.0,0.0,0.0,0.0,0.0,24.27920312527567,0.0,0.0,0.0,0.0,0.0
2050-04-02 03:00:00,0.0,0.0,0.0,0.0,0.0,23.97660937521141,0.0,0.0,0.0,0.0,0.0
2050-04-02 04:00:00,0.0,0.0,0.0,0.0,0.0,24.37978125025984,0.0,0.0,0.0,0.0,0.0
2050-04-02 05:00:00,0.0,0.0,0.0,0.0,0.0,24.393312500207685,0.0,0.0,0.0,0.0,0.0
2050-04-02 06:00:00,0.0,0.0,0.0,0.0,0.0,26.19345312518999,0.0,0.0,0.0,0.0,0.0
2050-04-02 07:00:00,0.0,0.0,0.0,0.0,0.0,31.094828125205822,0.0,0.0,0.0,0.0,0.0
2050-04-02 08:00:00,0.0,0.0,0.0,0.0,0.0,33.97503125027288,0.0,0.0,0.0,0.0,0.0
2050-04-02 09:00:00,0.0,0.0,0.0,0.0,0.0,35.13715625018813,0.0,0.0,0.0,0.0,0.0
2050-04-02 10:00:00,0.0,0.0,0.0,0.0,0.0,36.188234375207685,0.0,0.0,0.0,0.0,0.0
2050-04-02 11:00:00,0.0,0.0,0.0,0.0,0.0,38.16187500022352,0.0,0.0,0.0,0.0,0.0
2050-04-02 12:00:00,0.0,0.0,0.0,0.0,0.0,37.96115625021048,0.0,0.0,0.0,0.0,0.0
2050-04-02 13:00:00,0.0,0.0,0.0,0.0,0.0,37.24951562518254,0.0,0.0,0.0,0.0,0.0
2050-04-02 14:00:00,0.0,0.0,0.0,0.0,0.0,36.3005937502021,0.0,0.0,0.0,0.0,0.0
2050-04-02 15:00:00,0.0,0.0,0.0,0.0,0.0,36.13796875020489,0.0,0.0,0.0,0.0,0.0
2050-04-02 16:00:00,0.0,0.0,0.0,0.0,0.0,36.5993437502766,0.0,0.0,0.0,0.0,0.0
2050-04-02 17:00:00,0.0,0.0,0.0,0.0,962.6412656247849,1000.0,0.0,0.0,0.0,0.0,0.0
2050-04-02 18:00:00,0.0,0.0,0.0,0.0,0.0,36.93878125026822,0.0,0.0,0.0,0.0,0.0
2050-04-02 19:00:00,0.0,0.0,0.0,0.0,0.0,37.90123437519651,0.0,0.0,0.0,0.0,0.0
2050-04-02 20:00:00,0.0,0.0,0.0,0.0,0.0,41.15532812522724,0.0,0.0,0.0,0.0,0.0
2050-04-02 21:00:00,0.0,0.0,0.0,0.0,0.0,40.728000000235625,0.0,0.0,0.0,0.0,0.0
2050-04-02 22:00:00,0.0,0.0,0.0,0.0,0.0,38.0220156252617,0.0,0.0,0.0,0.0,0.0
2050-04-02 23:00:00,0.0,0.0,0.0,0.0,0.0,34.5079843752319,0.0,0.0,0.0,0.0,0.0
2050-04-03 00:00:00,0.0,0.0,0.0,0.0,0.0,28.93346875021234,0.0,0.0,0.0,0.0,0.0
2050-04-03 01:00:00,0.0,0.0,0.0,0.0,0.0,24.22220312524587,0.0,0.0,0.0,0.0,0.0
2050-04-03 02:00:00,0.0,0.0,0.0,0.0,0.0,22.52565625018906,0.0,0.0,0.0,0.0,0.0
2050-04-03 03:00:00,0.0,0.0,0.0,0.0,0.0,21.56964062526822,0.0,0.0,0.0,0.0,0.0
2050-04-03 04:00:00,0.0,0.0,0.0,0.0,0.0,21.577328125247732,0.0,0.0,0.0,0.0,0.0
2050-04-03 05:00:00,0.0,0.0,0.0,0.0,0.0,21.658437500242144,0.0,0.0,0.0,0.0,0.0
2050-04-03 06:00:00,0.0,0.0,0.0,0.0,0.0,24.322546875220723,0.0,0.0,0.0,0.0,0.0
2050-04-03 07:00:00,0.0,0.0,0.0,0.0,0.0,31.65554687520489,0.0,0.0,0.0,0.0,0.0
2050-04-03 08:00:00,0.0,0.0,0.0,0.0,0.0,34.043031250243075,38.995390084309804,0.0,0.0,27.29677305901686,0.0
2050-04-03 09:00:00,0.0,0.0,0.0,0.0,0.0,36.46851562522352,0.0,0.0,0.0,0.0,0.0
2050-04-03 10:00:00,0.0,0.0,0.0,0.0,0.0,38.64312500017695,39.07747660094452,0.0,0.0,27.35423362066115,0.0
2050-04-03 11:00:00,0.0,0.0,0.0,0.0,0.0,40.344937500194646,39.07747660094451,0.0,0.0,27.35423362066115,0.0
2050-04-03 12:00:00,0.0,0.0,0.0,0.0,0.0,40.30165625025984,39.07747660094452,0.0,0.0,27.35423362066115,0.0
2050-04-03 13:00:00,0.0,0.0,0.0,0.0,0.0,39.72900000028312,39.07747660094452,0.0,0.0,27.35423362066115,0.0
2050-04-03 14:00:00,0.0,0.0,0.0,0.0,0.0,38.89537500019651,39.07747660094451,0.0,0.0,27.35423362066115,0.0
2050-04-03 15:00:00,0.0,0.0,0.0,0.0,0.0,39.69806250021793,39.07747660094452,0.0,0.0,27.35423362066115,0.0
2050-04-03 16:00:00,0.0,0.0,0.0,0.0,0.0,39.539843750186265,39.07747660094452,0.0,0.0,27.35423362066115,0.0
2050-04-03 17:00:00,0.0,0.0,0.0,0.0,0.0,39.749968750285916,39.07747660094452,0.0,0.0,27.35423362066115,0.0
2050-04-03 18:00:00,0.0,0.0,0.0,0.0,0.0,38.796812500222586,39.07747660094452,0.0,0.0,27.35423362066115,0.0
2050-04-03 19:00:00,0.0,0.0,0.0,0.0,0.0,38.7185625002021,39.07747660094452,0.0,0.0,27.35423362066115,0.0
2050-04-03 20:00:00,0.0,0.0,0.0,0.0,0.0,41.55890625028405,39.07747660094452,0.0,0.0,27.35423362066115,0.0
2050-04-03 21:00:00,0.0,0.0,0.0,0.0,0.0,40.13637500023469,39.07747660094452,0.0,0.0,27.35423362066115,0.0
2050-04-03 22:00:00,0.0,0.0,0.0,0.0,0.0,37.94278125022538,39.07747660094452,0.0,0.0,27.35423362066115,0.0
2050-04-03 23:00:00,0.0,0.0,0.0,0.0,0.0,35.353531250264496,39.07747660094452,0.0,0.0,27.35423362066115,0.0
2050-04-04 00:00:00,0.0,0.0,0.0,0.0,0.0,28.864312500227243,39.07747660094452,0.0,0.0,27.35423362066115,0.0
2050-04-04 01:00:00,0.0,0.0,0.0,0.0,0.0,25.040187500184402,39.07747660094452,0.0,0.0,27.35423362066115,0.0
2050-04-04 02:00:00,0.0,0.0,0.0,0.0,0.0,23.212687500286847,39.07747660094452,0.0,0.0,27.35423362066115,0.0
2050-04-04 03:00:00,0.0,0.0,0.0,0.0,0.0,21.951312500284985,39.07747660094452,0.0,0.0,27.35423362066115,0.0
2050-04-04 04:00:00,0.0,0.0,0.0,0.0,0.0,21.438406250206754,39.07747660094452,0.0,0.0,27.35423362066115,0.0
2050-04-04 05:00:00,0.0,0.0,0.0,0.0,0.0,21.617593750241213,39.07747660094452,0.0,0.0,27.35423362066115,0.0
2050-04-04 06:00:00,0.0,0.0,0.0,0.0,0.0,23.811156250187196,39.07747660094452,0.0,0.0,27.35423362066115,0.0
2050-04-04 07:00:00,0.0,0.0,0.0,0.0,0.0,29.61128125025425,39.07747660094452,0.0,0.0,27.35423362066115,0.0
2050-04-04 08:00:00,0.0,0.0,0.0,0.0,0.0,31.414375000284053,39.07747660094452,0.0,0.0,27.35423362066115,0.0
2050-04-04 09:00:00,0.0,0.0,0.0,0.0,0.0,33.848968750215136,39.07747660094452,0.0,0.0,27.35423362066115,0.0
2050-04-04 10:00:00,0.0,0.0,0.0,0.0,0.0,36.12746875023004,39.07747660094452,0.0,0.0,27.35423362066115,0.0
2050-04-04 11:00:00,0.0,0.0,0.0,0.0,0.0,36.918156250263564,39.07747660094452,0.0,0.0,27.35423362066115,0.0
2050-04-04 12:00:00,0.0,0.0,0.0,0.0,0.0,37.53875000018161,39.07747660094452,0.0,0.0,27.35423362066115,0.0
2050-04-04 13:00:00,0.0,0.0,0.0,0.0,0.0,36.90509375021793,39.07747660094452,0.0,0.0,27.35423362066115,0.0
2050-04-04 14:00:00,0.0,0.0,0.0,0.0,0.0,36.45165625028312,39.07747660094452,0.0,0.0,27.354233620661162,0.0
2050-04-04 15:00:00,0.0,0.0,0.0,0.0,0.0,37.42121875018347,39.07747660094452,0.0,0.0,27.35423362066115,0.0
2050-04-04 16:00:00,0.0,0.0,0.0,0.0,0.0,38.254687500186265,39.07747660094452,0.0,0.0,27.35423362066115,0.0
2050-04-04 17:00:00,0.0,0.0,0.0,0.0,0.0,38.012312500271946,39.07747660094452,0.0,0.0,27.35423362066115,0.0
2050-04-04 18:00:00,0.0,0.0,0.0,0.0,0.0,37.709218750242144,39.07747660094452,0.0,0.0,27.35423362066115,0.0
2050-04-04 19:00:00,0.0,0.0,0.0,0.0,0.0,38.71259375021327,39.07747660094452,0.0,0.0,27.35423362066115,0.0
2050-04-04 20:00:00,0.0,0.0,0.0,0.0,0.0,40.86175000027288,39.07747660094452,0.0,0.0,27.35423362066115,0.0
2050-04-04 21:00:00,0.0,0.0,0.0,0.0,0.0,40.39481250022072,39.07747660094452,0.0,0.0,27.35423362066115,0.0
2050-04-04 22:00:00,0.0,0.0,0.0,0.0,0.0,36.81103125028312,39.07747660094452,0.0,0.0,27.35423362066115,0.0
2050-04-04 23:00:00,0.0,0.0,0.0,0.0,0.0,33.21975000028033,39.07747660094452,0.0,0.0,27.35423362066115,0.0
2050-04-05 00:00:00,0.0,0.0,0.0,0.0,0.0,28.494781250250526,36.024262251451155,0.0,0.0,25.216983576015807,0.0
2050-04-05 01:00:00,0.0,0.0,0.0,0.0,0.0,24.97856250021141,17.012533954696547,0.0,0.0,11.908773768287583,0.0
2050-04-05 02:00:00,0.0,0.0,0.0,0.0,0.0,23.029093750286847,39.07747660094451,0.0,0.0,27.35423362066115,0.0
2050-04-05 03:00:00,0.0,0.0,0.0,0.0,0.0,22.32081250019837,39.07747660094452,0.0,0.0,27.35423362066115,0.0
2050-04-05 04:00:00,0.0,0.0,0.0,0.0,0.0,21.78678125026636,35.59240167856784,0.0,0.0,24.914681174997487,0.0
2050-04-05 05:00:00,0.0,0.0,0.0,0.0,0.0,21.89603125024587,29.99803055225064,0.0,0.0,20.998621386575447,0.0
2050-04-05 06:00:00,0.0,0.0,0.0,0.0,0.0,23.756093750242144,39.07747660094452,0.0,0.0,27.35423362066115,0.0
2050-04-05 07:00:00,0.0,0.0,0.0,0.0,0.0,28.226406250265427,39.07747660094451,0.0,0.0,27.35423362066115,0.0
2050-04-05 08:00:00,0.0,0.0,0.0,0.0,0.0,31.310750000178814,39.07747660094452,0.0,0.0,27.35423362066115,0.0
2050-04-05 09:00:00,0.0,0.0,0.0,0.0,0.0,33.08643750019837,39.07747660094452,0.0,0.0,27.35423362066115,0.0
2050-04-05 10:00:00,0.0,0.0,0.0,0.0,0.0,35.16043750022072,39.07747660094452,0.0,0.0,27.35423362066115,0.0
2050-04-05 11:00:00,0.0,0.0,0.0,0.0,0.0,36.323125000228174,39.07747660094452,0.0,0.0,27.35423362066115,0.0
2050-04-05 12:00:00,0.0,0.0,0.0,0.0,0.0,36.5724375002319,39.07747660094452,0.0,0.0,27.35423362066115,0.0
2050-04-05 13:00:00,0.0,0.0,0.0,0.0,0.0,35.993531250278465,39.07747660094452,0.0,0.0,27.35423362066115,0.0
2050-04-05 14:00:00,0.0,0.0,0.0,0.0,0.0,35.44825000024866,39.07747660094452,0.0,0.0,27.35423362066115,0.0
2050-04-05 15:00:00,0.0,0.0,0.0,0.0,0.0,36.55396875028964,39.07747660094452,0.0,0.0,27.35423362066115,0.0
2050-04-05 16:00:00,0.0,0.0,0.0,0.0,0.0,36.714812500285916,39.07747660094452,0.0,0.0,27.35423362066115,0.0
2050-04-05 17:00:00,0.0,0.0,0.0,0.0,0.0,36.445375000243075,39.07747660094452,0.0,0.0,27.35423362066115,0.0
2050-04-05 18:00:00,0.0,0.0,0.0,0.0,0.0,36.68400000024121,39.07747660094452,0.0,0.0,27.35423362066115,0.0
2050-04-05 19:00:00,0.0,0.0,0.0,0.0,0.0,36.93934375024401,39.07747660094452,0.0,0.0,27.35423362066115,0.0
2050-04-05 20:00:00,0.0,0.0,0.0,0.0,0.0,39.37571875017602,39.07747660094452,0.0,0.0,27.35423362066115,0.0
2050-04-05 21:00:00,0.0,0.0,0.0,0.0,0.0,38.33912500028964,39.07747660094452,0.0,0.0,27.35423362066115,0.0
2050-04-05 22:00:00,0.0,0.0,0.0,0.0,0.0,36.01553125027567,39.07747660094452,0.0,0.0,27.35423362066115,0.0
2050-04-05 23:00:00,0.0,0.0,0.0,0.0,0.0,33.52081250026822,39.07747660094452,0.0,0.0,27.35423362066115,0.0
2050-04-06 00:00:00,0.0,0.0,0.0,0.0,0.0,28.896875000209548,39.07747660094452,0.0,0.0,27.35423362066115,0.0
2050-04-06 01:00:00,0.0,0.0,0.0,0.0,0.0,25.81525000021793,39.07747660094452,0.0,0.0,27.35423362066115,0.0
2050-04-06 02:00:00,0.0,0.0,0.0,0.0,0.0,23.48562500020489,39.07747660094452,0.0,0.0,27.35423362066115,0.0
2050-04-06 03:00:00,0.0,0.0,0.0,0.0,0.0,22.344781250227243,39.07747660094452,0.0,0.0,27.35423362066115,0.0
2050-04-06 04:00:00,0.0,0.0,0.0,0.0,0.0,22.56009375024587,39.07747660094452,0.0,0.0,27.35423362066115,0.0
2050-04-06 05:00:00,0.0,0.0,0.0,0.0,0.0,21.79850000026636,39.07747660094452,0.0,0.0,27.35423362066115,0.0
2050-04-06 06:00:00,0.0,0.0,0.0,0.0,0.0,21.639750000205822,39.07747660094452,0.0,0.0,27.35423362066115,0.0
2050-04-06 07:00:00,0.0,0.0,0.0,0.0,0.0,23.500937500270084,39.07747660094452,0.0,0.0,27.35423362066115,0.0
2050-04-06 08:00:00,0.0,0.0,0.0,0.0,0.0,25.557031250209548,39.07747660094452,0.0,0.0,27.35423362066115,0.0
2050-04-06 09:00:00,0.0,0.0,0.0,0.0,0.0,28.104031250230037,39.07747660094452,0.0,0.0,27.35423362066115,0.0
2050-04-06 10:00:00,0.0,0.0,0.0,0.0,0.0,30.458062500227243,39.07747660094452,0.0,0.0,27.35423362066115,0.0
2050-04-06 11:00:00,0.0,0.0,0.0,0.0,0.0,32.98603125021327,39.07747660094452,0.0,0.0,27.35423362066115,0.0
2050-04-06 12:00:00,0.0,0.0,0.0,0.0,0.0,34.75500000023749,39.07747660094452,0.0,0.0,27.35423362066115,0.0
2050-04-06 13:00:00,0.0,0.0,0.0,0.0,0.0,35.34671875019558,39.07747660094452,0.0,0.0,27.35423362066115,0.0
2050-04-06 14:00:00,0.0,0.0,0.0,0.0,0.0,35.04359375021886,39.07747660094452,0.0,0.0,27.35423362066115,0.0
2050-04-06 15:00:00,0.0,0.0,0.0,0.0,0.0,34.47540625021793,39.07747660094452,0.0,0.0,27.35423362066115,0.0
2050-04-06 16:00:00,0.0,0.0,0.0,0.0,0.0,34.541250000242144,39.07747660094452,0.0,0.0,27.35423362066115,0.0
2050-04-06 17:00:00,0.0,0.0,0.0,0.0,0.0,35.331437500193715,39.07747660094452,0.0,0.0,27.354233620661162,0.0
2050-04-06 18:00:00,0.0,0.0,0.0,0.0,0.0,35.15993750025518,39.07747660094452,0.0,0.0,27.35423362066115,0.0
2050-04-06 19:00:00,0.0,0.0,0.0,0.0,0.0,36.127062500221655,39.07747660094452,0.0,0.0,27.35423362066115,0.0
2050-04-06 20:00:00,0.0,0.0,0.0,0.0,0.0,39.181000000215136,39.07747660094452,0.0,0.0,27.35423362066115,0.0
2050-04-06 21:00:00,0.0,0.0,0.0,0.0,0.0,39.07321875018533,39.07747660094452,0.0,0.0,27.35423362066115,0.0
2050-04-06 22:00:00,0.0,0.0,0.0,0.0,0.0,35.98046875,39.07747660094452,0.0,0.0,27.35423362066115,0.0
2050-04-06 23:00:00,0.0,0.0,0.0,0.0,0.0,32.429218750214204,39.07747660094452,0.0,0.0,27.35423362066115,0.0
2050-04-07 00:00:00,0.0,0.0,0.0,0.0,0.0,29.57550000026822,39.07747660094452,0.0,0.0,27.35423362066115,0.0
2050-04-07 01:00:00,0.0,0.0,0.0,0.0,0.0,27.219718750216998,39.07747660094452,0.0,0.0,27.35423362066115,0.0
2050-04-07 02:00:00,0.0,0.0,0.0,0.0,0.0,24.92237500019837,39.07747660094452,0.0,0.0,27.35423362066115,0.0
2050-04-07 03:00:00,0.0,0.0,0.0,0.0,0.0,23.189781250199303,39.07747660094452,0.0,0.0,27.35423362066115,0.0
2050-04-07 04:00:00,0.0,0.0,0.0,0.0,0.0,22.12384375021793,39.07747660094452,0.0,0.0,27.35423362066115,0.0
2050-04-07 05:00:00,0.0,0.0,0.0,0.0,0.0,21.638281250256114,39.07747660094452,0.0,0.0,27.35423362066115,0.0
2050-04-07 06:00:00,0.0,0.0,0.0,0.0,0.0,21.43821875017602,39.07747660094452,0.0,0.0,27.35423362066115,0.0
2050-04-07 07:00:00,0.0,0.0,0.0,0.0,0.0,21.61590625019744,39.07747660094452,0.0,0.0,27.35423362066115,0.0
2050-04-07 08:00:00,0.0,0.0,0.0,0.0,0.0,21.416468750219792,39.07747660094452,0.0,0.0,27.35423362066115,0.0
2050-04-07 09:00:00,0.0,0.0,0.0,0.0,0.0,22.377562500187196,39.07747660094452,0.0,0.0,27.35423362066115,0.0
2050-04-07 10:00:00,0.0,0.0,0.0,0.0,0.0,24.70009375025984,39.07747660094452,0.0,0.0,27.35423362066115,0.0
2050-04-07 11:00:00,0.0,0.0,0.0,0.0,0.0,27.523718750220723,31.18899880670054,0.0,0.0,21.832299164690376,0.0
2050-04-07 12:00:00,0.0,0.0,0.0,0.0,0.0,30.133218750241213,6.846453847237136,0.0,0.0,4.792517693065995,0.0
2050-04-07 13:00:00,0.0,0.0,0.0,0.0,0.0,31.83975000027567,0.0,25.419935043192154,0.0,0.0,25.9387092277471
2050-04-07 14:00:00,0.0,0.0,0.0,0.0,0.0,32.2472187501844,0.0,4.26364997166037,0.0,0.0,4.350663236388133
2050-04-07 15:00:00,0.0,0.0,0.0,0.0,0.0,31.55237500020303,0.0,0.0,0.0,0.0,0.0
2050-04-07 16:00:00,0.0,0.0,0.0,0.0,0.0,31.341593750286847,0.0,0.0,0.0,0.0,0.0
2050-04-07 17:00:00,0.0,0.0,0.0,0.0,0.0,32.38187500019558,0.0,0.0,0.0,0.0,0.0
2050-04-07 18:00:00,0.0,0.0,0.0,0.0,0.0,33.65518750017509,0.0,17.870249282153846,0.0,0.0,18.234948247095765
2050-04-07 19:00:00,0.0,0.0,0.0,0.0,0.0,36.02921875019092,0.0,23.717422150483717,0.0,0.0,24.20145117396298
2050-04-07 20:00:00,0.0,0.0,0.0,0.0,0.0,38.593781250179745,0.0,38.670742122887965,0.0,0.0,39.459940941722415
2050-04-07 21:00:00,0.0,0.0,0.0,0.0,0.0,38.30656250019092,0.0,43.73995049595425,0.0,0.0,44.63260254689209
2050-04-07 22:00:00,0.0,0.0,0.0,0.0,0.0,35.385406250250526,0.0,43.73995049595425,0.0,0.0,44.63260254689209
2050-04-07 23:00:00,0.0,0.0,0.0,0.0,0.0,31.265437500202097,0.0,43.73995049595425,0.0,0.0,44.63260254689209
2050-04-08 00:00:00,0.0,0.0,0.0,0.0,0.0,27.53865625022445,0.0,43.73995049595425,0.0,0.0,44.63260254689209
2050-04-08 01:00:00,0.0,0.0,0.0,0.0,0.0,24.29043750022538,0.0,41.91299907059033,0.0,0.0,42.76836639856156
2050-04-08 02:00:00,0.0,0.0,0.0,0.0,0.0,21.923218750278465,0.0,39.71275161257182,0.0,0.0,40.52321593119574
2050-04-08 03:00:00,0.0,0.0,0.0,0.0,0.0,20.88809375022538,0.0,37.97835227313705,0.0,0.0,38.75342068687455
2050-04-08 04:00:00,0.0,0.0,0.0,0.0,0.0,20.603000000235625,0.0,37.46000000042841,0.0,0.0,38.22448979635552
2050-04-08 05:00:00,0.0,0.0,0.0,0.0,0.0,21.000906250206754,0.0,38.18346590946682,0.0,0.0,38.96272031578248
2050-04-08 06:00:00,0.0,0.0,0.0,0.0,0.0,22.930625000270084,0.0,41.692045455036514,0.0,0.0,42.542903525547466
2050-04-08 07:00:00,0.0,0.0,0.0,0.0,0.0,28.42450000019744,0.0,43.73995049595425,0.0,0.0,44.63260254689209
2050-04-08 08:00:00,0.0,0.0,0.0,0.0,0.0,32.524031250271946,0.0,43.73995049595425,0.0,0.0,44.63260254689209
2050-04-08 09:00:00,0.0,0.0,0.0,0.0,0.0,34.340750000206754,0.0,43.73995049595425,0.0,0.0,44.63260254689209
2050-04-08 10:00:00,0.0,0.0,0.0,0.0,0.0,36.700750000192784,0.0,43.73995049595425,0.0,0.0,44.63260254689209
2050-04-08 11:00:00,0.0,0.0,0.0,0.0,0.0,38.64150000025984,0.0,43.73995049595425,0.0,0.0,44.63260254689209
2050-04-08 12:00:00,0.0,0.0,0.0,0.0,0.0,38.31662500021048,0.0,43.73995049595425,0.0,0.0,44.63260254689209
2050-04-08 13:00:00,0.0,0.0,0.0,0.0,0.0,37.80881250021048,0.0,0.0,0.0,0.0,0.0
2050-04-08 14:00:00,0.0,0.0,0.0,0.0,0.0,37.00043750018813,0.0,25.963683901945622,0.0,0.0,26.493555001985328
2050-04-08 15:00:00,0.0,0.0,0.0,0.0,0.0,36.38818750018254,0.0,0.0,0.0,0.0,0.0
2050-04-08 16:00:00,0.0,0.0,0.0,0.0,0.0,36.702437500236556,0.0,0.0,0.0,0.0,0.0
2050-04-08 17:00:00,0.0,0.0,0.0,0.0,0.0,36.12275000021327,11.305365694784104,0.0,0.0,7.913755986348872,0.0
2050-04-08 18:00:00,0.0,0.0,0.0,0.0,0.0,36.41493750025984,0.0,0.0,0.0,0.0,0.0
2050-04-08 19:00:00,0.0,0.0,0.0,0.0,0.0,38.60575000022072,0.0,0.0,0.0,0.0,0.0
2050-04-08 20:00:00,0.0,0.0,0.0,0.0,0.0,40.822250000201166,0.0,0.0,0.0,0.0,0.0
2050-04-08 21:00:00,0.0,0.0,0.0,0.0,0.0,38.96825000026729,0.0,0.0,0.0,0.0,0.0
2050-04-08 22:00:00,0.0,0.0,0.0,0.0,0.0,35.62593750027008,16.396373153349096,0.0,0.0,11.477461207344366,0.0
2050-04-08 23:00:00,0.0,0.0,0.0,0.0,0.0,32.05631250026636,2.246284628998552,0.0,0.0,1.5723992402989864,0.0
2050-04-09 00:00:00,0.0,0.0,0.0,0.0,0.0,28.552312500192784,5.96875931339337,0.0,0.0,4.178131519375359,0.0
2050-04-09 01:00:00,0.0,0.0,0.0,0.0,0.0,26.159312500269152,38.207830437969264,0.0,0.0,26.745481306578483,0.0
2050-04-09 02:00:00,0.0,0.0,0.0,0.0,0.0,24.45387500023935,36.69659701987548,0.0,0.0,25.687617913912838,0.0
2050-04-09 03:00:00,0.0,0.0,0.0,0.0,0.0,22.534312500269152,28.1939149973872,0.0,0.0,19.73574049817104,0.0
2050-04-09 04:00:00,0.0,0.0,0.0,0.0,0.0,22.104875000193715,16.03141807995716,0.0,0.0,11.221992655970011,0.0
2050-04-09 05:00:00,0.0,0.0,0.0,0.0,0.0,22.09837500017602,8.387043244810318,0.0,0.0,5.8709302713672225,0.0
2050-04-09 06:00:00,0.0,0.0,0.0,0.0,0.0,24.20275000028778,0.0,4.163025627392891,0.0,0.0,4.24798533407438
2050-04-09 07:00:00,0.0,0.0,0.0,0.0,0.0,29.17512500018347,0.0,26.500391529496575,0.0,0.0,27.04121584642508
2050-04-09 08:00:00,0.0,0.0,0.0,0.0,0.0,32.741000000271015,0.0,43.73480599442342,0.0,0.0,44.6273530555341
2050-04-09 09:00:00,0.0,0.0,0.0,0.0,0.0,36.350875000236556,0.0,43.73995049595425,0.0,0.0,44.63260254689209
2050-04-09 10:00:00,0.0,0.0,0.0,0.0,0.0,37.749312500236556,0.0,43.73995049595425,0.0,0.0,44.63260254689209
2050-04-09 11:00:00,0.0,0.0,0.0,0.0,0.0,39.11562500020955,0.0,43.73995049595425,0.0,0.0,44.63260254689209
2050-04-09 12:00:00,0.0,0.0,0.0,0.0,0.0,40.298937500221655,0.0,43.73995049595425,0.0,0.0,44.63260254689209
2050-04-09 13:00:00,0.0,0.0,0.0,0.0,0.0,39.62475000019185,0.0,43.73995049595425,0.0,0.0,44.63260254689209
2050-04-09 14:00:00,0.0,0.0,0.0,0.0,0.0,38.51350000023376,0.0,43.73995049595425,0.0,0.0,44.63260254689209
2050-04-09 15:00:00,0.0,0.0,0.0,0.0,0.0,38.58362500020303,0.0,43.73995049595425,0.0,0.0,44.63260254689209
2050-04-09 16:00:00,0.0,0.0,0.0,0.0,0.0,37.34400000027381,0.0,43.73995049595425,0.0,0.0,44.63260254689209
2050-04-09 17:00:00,0.0,0.0,0.0,0.0,0.0,37.247437500278465,0.0,43.73995049595425,0.0,0.0,44.63260254689209
2050-04-09 18:00:00,0.0,0.0,0.0,0.0,0.0,36.75612500018906,0.0,36.289525574544435,0.0,0.0,37.03012813729024
2050-04-09 19:00:00,0.0,0.0,0.0,0.0,0.0,37.42625000025146,0.0,26.880660422599583,0.0,0.0,27.429245329183253
2050-04-09 20:00:00,0.0,0.0,0.0,0.0,0.0,40.13525000028312,0.0,31.54134406295584,0.0,0.0,32.18504496219984
2050-04-09 21:00:00,0.0,0.0,0.0,0.0,0.0,39.23131250019651,0.0,25.401434992461308,0.0,0.0,25.91983162496052
2050-04-09 22:00:00,0.0,0.0,0.0,0.0,0.0,37.67943750019185,0.0,22.47064099457372,0.0,0.0,22.929225504667066
2050-04-09 23:00:00,0.0,0.0,0.0,0.0,0.0,34.38318750017788,0.0,23.852456825949112,0.0,0.0,24.339241659131748
2050-04-10 00:00:00,0.0,0.0,0.0,0.0,0.0,29.487375000258908,0.0,21.945668191931862,0.0,0.0,22.393538971359042
2050-04-10 01:00:00,0.0,0.0,0.0,0.0,0.0,25.363437500200234,0.0,23.92793277213928,0.0,0.0,24.416257930754366
2050-04-10 02:00:00,0.0,0.0,0.0,0.0,0.0,23.786187500227243,0.0,30.07879008408351,0.0,0.0,30.692642942942364
2050-04-10 03:00:00,0.0,0.0,0.0,0.0,0.0,21.898250000202097,0.0,38.25562307561245,0.0,0.0,39.03635007715556
2050-04-10 04:00:00,0.0,0.0,0.0,0.0,0.0,21.14806250028778,0.0,38.27627716721005,0.0,0.0,39.05742568082659
2050-04-10 05:00:00,0.0,0.0,0.0,0.0,0.0,21.34775000018999,0.0,36.805862054190634,0.0,0.0,37.55700209611289
2050-04-10 06:00:00,0.0,0.0,0.0,0.0,0.0,24.105000000214204,0.0,39.3380973888845,0.0,0.0,40.140915702943374
2050-04-10 07:00:00,0.0,0.0,0.0,0.0,0.0,29.326687500230037,0.0,43.73995049595425,0.0,0.0,44.63260254689209
2050-04-10 08:00:00,0.0,0.0,0.0,0.0,0.0,32.20693750027567,0.0,43.73995049595425,0.0,0.0,44.63260254689209
2050-04-10 09:00:00,0.0,0.0,0.0,0.0,0.0,34.15400000021327,0.0,43.73995049595425,0.0,0.0,44.63260254689209
2050-04-10 10:00:00,0.0,0.0,0.0,0.0,0.0,35.90475000021979,0.0,43.73995049595425,0.0,0.0,44.63260254689209
2050-04-10 11:00:00,0.0,0.0,0.0,0.0,0.0,37.2498125002021,0.0,43.73995049595425,0.0,0.0,44.63260254689209
2050-04-10 12:00:00,0.0,0.0,0.0,0.0,0.0,37.43068750028033,0.0,8.693781491655912,0.0,0.0,8.871205603730523
2050-04-10 13:00:00,0.0,0.0,0.0,0.0,0.0,36.945375000243075,0.0,23.74868639352815,0.0,0.0,24.23335346278383
2050-04-10 14:00:00,0.0,0.0,0.0,0.0,0.0,36.24443750025239,0.0,0.0,0.0,0.0,0.0
2050-04-10 15:00:00,0.0,0.0,0.0,0.0,0.0,36.434562500217,4.109120458162798,0.0,0.0,2.8763843207139588,0.0
2050-04-10 16:00:00,0.0,0.0,0.0,0.0,0.0,37.094312500208616,12.139613740638353,0.0,0.0,8.497729618446847,0.0
2050-04-10 17:00:00,0.0,0.0,0.0,0.0,0.0,36.146625000284985,26.34701627164393,0.0,0.0,18.44291139015075,0.0
2050-04-10 18:00:00,0.0,0.0,0.0,0.0,0.0,34.794312500278465,33.72879346689935,0.0,0.0,23.610155426829543,0.0
2050-04-10 19:00:00,0.0,0.0,0.0,0.0,0.0,35.62687500019092,31.739391735747375,0.0,0.0,22.217574215023163,0.0
2050-04-10 20:00:00,0.0,0.0,0.0,0.0,0.0,38.35393750027288,25.11769007263787,0.0,0.0,17.58238305084651,0.0
2050-04-10 21:00:00,0.0,0.0,0.0,0.0,0.0,37.39112500019837,36.9048096334363,0.0,0.0,25.83336674340541,0.0
2050-04-10 22:00:00,0.0,0.0,0.0,0.0,0.0,35.357625000178814,14.824709994999836,0.0,0.0,10.377296996499885,0.0
2050-04-10 23:00:00,0.0,0.0,0.0,0.0,0.0,33.1873125002021,33.074981611430076,0.0,0.0,23.152487128001052,0.0
2050-04-11 00:00:00,0.0,0.0,0.0,0.0,0.0,29.62450000026729,39.07747660094452,0.0,0.0,27.35423362066115,0.0
2050-04-11 01:00:00,0.0,0.0,0.0,0.0,0.0,24.905937500181608,39.07747660094452,0.0,0.0,27.35423362066115,0.0
2050-04-11 02:00:00,0.0,0.0,0.0,0.0,0.0,22.46185000636615,39.07747660094452,0.0,0.0,27.35423362066115,0.0
2050-04-11 03:00:00,0.0,0.0,0.0,0.0,0.0,21.29723324603401,39.07747660094452,0.0,0.0,27.35423362066115,0.0
2050-04-11 04:00:00,0.0,0.0,0.0,0.0,0.0,20.86827221699059,39.07747660094452,0.0,0.0,27.35423362066115,0.0
2050-04-11 05:00:00,0.0,0.0,0.0,0.0,0.0,20.693505859584548,39.07747660094452,0.0,0.0,27.35423362066115,0.0
2050-04-11 06:00:00,0.0,0.0,0.0,0.0,0.0,23.66426367207896,39.07747660094452,0.0,0.0,27.35423362066115,0.0
2050-04-11 07:00:00,0.0,0.0,0.0,0.0,0.0,28.640240234555677,39.07747660094452,0.0,0.0,27.35423362066115,0.0
2050-04-11 08:00:00,0.0,0.0,0.0,0.0,0.0,32.083724609576166,39.07747660094452,0.0,0.0,27.354233620661162,0.0
2050-04-11 09:00:00,0.0,0.0,0.0,0.0,0.0,34.49780859402381,21.242921949919293,0.0,0.0,14.870045364943504,0.0
2050-04-11 10:00:00,0.0,0.0,0.0,0.0,0.0,36.09591015649494,8.701832887656622,0.0,0.0,6.091283021359635,0.0
2050-04-11 11:00:00,0.0,0.0,0.0,0.0,0.0,36.871818359592,0.0,0.0,0.0,0.0,0.0
2050-04-11 12:00:00,0.0,0.0,0.0,0.0,0.0,36.68391992209945,0.0,0.0,0.0,0.0,0.0
2050-04-11 13:00:00,0.0,0.0,0.0,0.0,0.0,36.40571093768813,0.0,0.0,0.0,0.0,0.0
2050-04-11 14:00:00,0.0,0.0,0.0,0.0,0.0,35.45297460956499,14.271846347209419,0.0,0.0,9.990292443046592,0.0
2050-04-11 15:00:00,0.0,0.0,0.0,0.0,0.0,35.09200390649494,25.68126167368049,0.0,0.0,17.97688317157634,0.0
2050-04-11 16:00:00,0.0,0.0,0.0,0.0,0.0,35.073095703381114,29.65014703287524,0.0,0.0,20.755102923012664,0.0
2050-04-11 17:00:00,0.0,0.0,0.0,0.0,0.0,34.53866015654057,36.107536562084775,0.0,0.0,25.27527559345934,0.0
2050-04-11 18:00:00,0.0,0.0,0.0,0.0,0.0,34.76891015644651,23.81481587562468,0.0,0.0,16.670371112937275,0.0
2050-04-11 19:00:00,0.0,0.0,0.0,0.0,0.0,36.38181250018533,22.63545990307543,0.0,0.0,15.844821932152799,0.0
2050-04-11 20:00:00,0.0,0.0,0.0,0.0,0.0,38.39771093777381,13.273137425415385,0.0,0.0,9.291196197790768,0.0
2050-04-11 21:00:00,0.0,0.0,0.0,0.0,0.0,38.479296875186265,2.785364266463155,0.0,0.0,1.9497549865242083,0.0
2050-04-11 22:00:00,0.0,0.0,0.0,0.0,0.0,36.10421875026077,0.0,0.0,0.0,0.0,0.0
2050-04-11 23:00:00,0.0,0.0,0.0,0.0,0.0,33.01165234402288,0.0,0.0,0.0,0.0,0.0
2050-04-12 00:00:00,0.0,0.0,0.0,0.0,0.0,29.20251171896234,0.0,0.0,0.0,0.0,0.0
2050-04-12 01:00:00,0.0,0.0,0.0,0.0,0.0,26.31941796897445,0.0,0.0,0.0,0.0,0.0
2050-04-12 02:00:00,0.0,0.0,0.0,0.0,0.0,24.51392968778964,0.0,0.0,0.0,0.0,0.0
2050-04-12 03:00:00,0.0,0.0,0.0,0.0,0.0,22.79861328145489,6.612501795912458,0.0,0.0,4.62875125713872,0.0
2050-04-12 04:00:00,0.0,0.0,0.0,0.0,0.0,22.455910156480968,12.634165430161303,0.0,0.0,8.843915801112912,0.0
2050-04-12 05:00:00,0.0,0.0,0.0,0.0,0.0,22.681500000180677,7.256068514364511,0.0,0.0,5.079247960055158,0.0
2050-04-12 06:00:00,0.0,0.0,0.0,0.0,0.0,24.371335937757976,0.0,0.0,0.0,0.0,0.0
2050-04-12 07:00:00,0.0,0.0,0.0,0.0,0.0,29.633601562702097,0.0,0.0,0.0,0.0,0.0
2050-04-12 08:00:00,0.0,0.0,0.0,0.0,0.0,33.537492187693715,17.222675396914365,0.0,0.0,12.055872777840055,0.0
2050-04-12 09:00:00,0.0,0.0,0.0,0.0,0.0,35.56332031276543,0.0,0.0,0.0,0.0,0.0
2050-04-12 10:00:00,0.0,0.0,0.0,0.0,0.0,37.14356250024866,0.0,0.0,0.0,0.0,0.0
2050-04-12 11:00:00,0.0,0.0,0.0,0.0,0.0,38.52294531278312,2.7483660878824168,0.0,0.0,1.9238562615176915,0.0
2050-04-12 12:00:00,0.0,0.0,0.0,0.0,0.0,38.58823437523097,39.07747660094452,0.0,0.0,27.354233620661162,0.0
2050-04-12 13:00:00,0.0,0.0,0.0,0.0,0.0,37.78868750028778,39.07747660094452,0.0,0.0,27.35423362066115,0.0
2050-04-12 14:00:00,0.0,0.0,0.0,0.0,0.0,37.47189843771048,39.07747660094452,0.0,0.0,27.35423362066115,0.0
2050-04-12 15:00:00,0.0,0.0,0.0,0.0,0.0,37.58075781271327,39.07747660094452,0.0,0.0,27.35423362066115,0.0
2050-04-12 16:00:00,0.0,0.0,0.0,0.0,0.0,37.22360937518533,39.07747660094452,0.0,0.0,27.35423362066115,0.0
2050-04-12 17:00:00,0.0,0.0,0.0,0.0,0.0,36.29099218768533,39.07747660094452,0.0,0.0,27.35423362066115,0.0
2050-04-12 18:00:00,0.0,0.0,0.0,0.0,0.0,36.64012500026729,39.07747660094452,0.0,0.0,27.35423362066115,0.0
2050-04-12 19:00:00,0.0,0.0,0.0,0.0,0.0,38.40750781272072,39.07747660094452,0.0,0.0,27.35423362066115,0.0
2050-04-12 20:00:00,0.0,0.0,0.0,0.0,0.0,40.5929687502794,39.07747660094452,0.0,0.0,27.35423362066115,0.0
2050-04-12 21:00:00,0.0,0.0,0.0,0.0,0.0,38.86246875021607,39.07747660094452,0.0,0.0,27.35423362066115,0.0
2050-04-12 22:00:00,0.0,0.0,0.0,0.0,0.0,35.34142187528778,39.07747660094452,0.0,0.0,27.35423362066115,0.0
2050-04-12 23:00:00,0.0,0.0,0.0,0.0,0.0,33.021320312749594,39.07747660094452,0.0,0.0,27.35423362066115,0.0
2050-04-13 00:00:00,0.0,0.0,0.0,0.0,0.0,30.14102343772538,39.07747660094452,0.0,0.0,27.35423362066115,0.0
2050-04-13 01:00:00,0.0,0.0,0.0,0.0,0.0,27.10214062524028,39.07747660094452,0.0,0.0,27.354233620661162,0.0
2050-04-13 02:00:00,0.0,0.0,0.0,0.0,0.0,24.71156250021886,39.07747660094452,0.0,0.0,27.35423362066115,0.0
2050-04-13 03:00:00,0.0,0.0,0.0,0.0,0.0,23.862843750277534,39.07747660094452,0.0,0.0,27.35423362066115,0.0
2050-04-13 04:00:00,0.0,0.0,0.0,0.0,0.0,23.216226562741213,39.07747660094452,0.0,0.0,27.35423362066115,0.0
2050-04-13 05:00:00,0.0,0.0,0.0,0.0,0.0,22.576976562733762,39.07747660094452,0.0,0.0,27.35423362066115,0.0
2050-04-13 06:00:00,0.0,0.0,0.0,0.0,0.0,22.961125000263564,39.07747660094452,0.0,0.0,27.35423362066115,0.0
2050-04-13 07:00:00,0.0,0.0,0.0,0.0,0.0,23.800343750277534,39.07747660094452,0.0,0.0,27.35423362066115,0.0
2050-04-13 08:00:00,0.0,0.0,0.0,0.0,0.0,26.18043750023935,38.943772134666425,0.0,0.0,27.260640494266497,0.0
2050-04-13 09:00:00,0.0,0.0,0.0,0.0,0.0,29.30810937518254,30.500024908745722,0.0,0.0,21.350017436122005,0.0
2050-04-13 10:00:00,0.0,0.0,0.0,0.0,0.0,33.33509375026915,30.90864038963742,0.0,0.0,21.63604827274619,0.0
2050-04-13 11:00:00,0.0,0.0,0.0,0.0,0.0,35.50207812525332,22.920661393332697,0.0,0.0,16.044462975332888,0.0
2050-04-13 12:00:00,0.0,0.0,0.0,0.0,0.0,36.659562500193715,0.0,8.354467242278735,0.0,0.0,8.524966573753812
2050-04-13 13:00:00,0.0,0.0,0.0,0.0,0.0,37.46296875027474,0.0,36.3423002104997,0.0,0.0,37.08397980663235
2050-04-13 14:00:00,0.0,0.0,0.0,0.0,0.0,37.00628125027288,0.0,43.73995049595425,0.0,0.0,44.63260254689209
2050-04-13 15:00:00,0.0,0.0,0.0,0.0,0.0,36.23293750023004,0.0,27.46569216460259,0.0,0.0,28.02621649449244
2050-04-13 16:00:00,0.0,0.0,0.0,0.0,0.0,35.074203125201166,0.0,20.35408656083481,0.0,0.0,20.7694760824845
2050-04-13 17:00:00,0.0,0.0,0.0,0.0,0.0,34.40960937528871,0.0,9.452779849193734,0.0,0.0,9.645693723667076
2050-04-13 18:00:00,0.0,0.0,0.0,0.0,0.0,33.70603125018533,0.0,9.770840505608142,0.0,0.0,9.970245413885861
2050-04-13 19:00:00,0.0,0.0,0.0,0.0,0.0,36.877093750284985,0.0,16.54415466698501,0.0,0.0,16.881790476515317
2050-04-13 20:00:00,0.0,0.0,0.0,0.0,0.0,38.52010937524028,0.0,17.24226958861081,0.0,0.0,17.594152641439603
2050-04-13 21:00:00,0.0,0.0,0.0,0.0,0.0,37.62779687519651,0.0,33.52039508811524,0.0,0.0,34.20448478379107
2050-04-13 22:00:00,0.0,0.0,0.0,0.0,0.0,35.991578125278465,0.0,43.73995049595425,0.0,0.0,44.63260254689209
2050-04-13 23:00:00,0.0,0.0,0.0,0.0,0.0,34.83003125025425,0.0,43.73995049595425,0.0,0.0,44.63260254689209
2050-04-14 00:00:00,0.0,0.0,0.0,0.0,0.0,31.172515625250526,0.0,0.0,0.0,0.0,0.0
2050-04-14 01:00:00,0.0,0.0,0.0,0.0,0.0,28.021250000223517,0.0,0.0,0.0,0.0,0.0
2050-04-14 02:00:00,0.0,0.0,0.0,0.0,0.0,25.462921875179745,0.0,35.196493802416434,0.0,0.0,35.91478959430248
2050-04-14 03:00:00,0.0,0.0,0.0,0.0,0.0,24.283359375200234,0.0,11.725381073737697,0.0,0.0,11.964674565038466
2050-04-14 04:00:00,0.0,0.0,0.0,0.0,0.0,23.171843750285916,0.0,0.0,0.0,0.0,0.0
2050-04-14 05:00:00,0.0,0.0,0.0,0.0,0.0,22.693546875263564,0.0,0.0,0.0,0.0,0.0
2050-04-14 06:00:00,0.0,0.0,0.0,0.0,0.0,21.77742187527474,0.0,0.0,0.0,0.0,0.0
2050-04-14 07:00:00,0.0,0.0,0.0,0.0,0.0,22.06001562520396,0.0,0.0,0.0,0.0,0.0
2050-04-14 08:00:00,0.0,0.0,0.0,0.0,0.0,22.90948437526822,0.0,0.0,0.0,0.0,0.0
2050-04-14 09:00:00,0.0,0.0,0.0,0.0,0.0,23.03329687518999,0.0,0.0,0.0,0.0,0.0
2050-04-14 10:00:00,0.0,0.0,0.0,0.0,0.0,25.298625000286847,9.529833916599301,0.0,0.0,6.670883741619511,0.0
2050-04-14 11:00:00,0.0,0.0,0.0,0.0,0.0,28.915109375258908,21.173213799619987,0.0,0.0,14.82124965973399,0.0
2050-04-14 12:00:00,0.0,0.0,0.0,0.0,0.0,31.757531250244938,8.251466095602026,0.0,0.0,5.776026266921418,0.0
2050-04-14 13:00:00,0.0,0.0,0.0,0.0,0.0,32.86745312518906,2.838965724545236,0.0,0.0,1.9872760071816653,0.0
2050-04-14 14:00:00,0.0,0.0,0.0,0.0,0.0,33.161640625214204,0.0,0.0,0.0,0.0,0.0
2050-04-14 15:00:00,0.0,0.0,0.0,0.0,0.0,32.46595312526915,0.0,0.0,0.0,0.0,0.0
2050-04-14 16:00:00,0.0,0.0,0.0,0.0,0.0,31.273171875276603,0.0,0.0,0.0,0.0,0.0
2050-04-14 17:00:00,0.0,0.0,0.0,0.0,0.0,30.471046875230968,0.0,0.0,0.0,0.0,0.0
2050-04-14 18:00:00,0.0,0.0,0.0,0.0,0.0,31.126171875279397,0.0,0.0,0.0,0.0,0.0
2050-04-14 19:00:00,0.0,0.0,0.0,0.0,0.0,35.961171875242144,0.0,0.0,0.0,0.0,0.0
2050-04-14 20:00:00,0.0,0.0,0.0,0.0,0.0,37.77131250023376,0.0,0.0,0.0,0.0,0.0
2050-04-14 21:00:00,0.0,0.0,0.0,0.0,0.0,38.22914062521886,0.0,0.0,0.0,0.0,0.0
2050-04-14 22:00:00,0.0,0.0,0.0,0.0,0.0,35.834140625200234,0.0,0.0,0.0,0.0,0.0
2050-04-14 23:00:00,0.0,0.0,0.0,0.0,0.0,32.51331250020303,0.0,0.0,0.0,0.0,0.0
2050-04-15 00:00:00,0.0,0.0,0.0,0.0,0.0,28.342187500209548,14.381759328603628,0.0,0.0,10.06723153002254,0.0
2050-04-15 01:00:00,0.0,0.0,0.0,0.0,0.0,25.621875000186265,36.77916925032611,0.0,0.0,25.745418475228277,0.0
2050-04-15 02:00:00,0.0,0.0,0.0,0.0,0.0,23.157312500290573,39.07747660094452,0.0,0.0,27.35423362066115,0.0
2050-04-15 03:00:00,0.0,0.0,0.0,0.0,0.0,22.047875000280328,39.07747660094452,0.0,0.0,27.35423362066115,0.0
2050-04-15 04:00:00,0.0,0.0,0.0,0.0,0.0,21.381718750228174,39.07747660094452,0.0,0.0,27.35423362066115,0.0
2050-04-15 05:00:00,0.0,0.0,0.0,0.0,0.0,22.241546875215136,39.07747660094452,0.0,0.0,27.35423362066115,0.0
2050-04-15 06:00:00,0.0,0.0,0.0,0.0,0.0,24.62878125021234,39.07747660094452,0.0,0.0,27.354233620661162,0.0
2050-04-15 07:00:00,0.0,0.0,0.0,0.0,0.0,30.014093750272878,39.07747660094452,0.0,0.0,27.35423362066115,0.0
2050-04-15 08:00:00,0.0,0.0,0.0,0.0,0.0,32.92312500020489,33.878405048292194,0.0,0.0,23.714883533804535,0.0
2050-04-15 09:00:00,0.0,0.0,0.0,0.0,0.0,35.315312500228174,32.37784333851803,0.0,0.0,22.664490336962622,0.0
2050-04-15 10:00:00,0.0,0.0,0.0,0.0,0.0,36.79750000021886,10.517678724228894,0.0,0.0,7.362375106960225,0.0
2050-04-15 11:00:00,0.0,0.0,0.0,0.0,0.0,37.848343750229105,23.12645616871646,0.0,0.0,16.18851931810152,0.0
2050-04-15 12:00:00,0.0,0.0,0.0,0.0,0.0,38.18453125027008,39.07747660094451,0.0,0.0,27.35423362066115,0.0
2050-04-15 13:00:00,0.0,0.0,0.0,0.0,0.0,37.528906250256114,39.07747660094452,0.0,0.0,27.35423362066115,0.0
2050-04-15 14:00:00,0.0,0.0,0.0,0.0,0.0,36.78615625028033,39.07747660094452,0.0,0.0,27.354233620661162,0.0
2050-04-15 15:00:00,0.0,0.0,0.0,0.0,0.0,36.555468750186265,39.07747660094452,0.0,0.0,27.35423362066115,0.0
2050-04-15 16:00:00,0.0,0.0,0.0,0.0,0.0,37.0187500002794,39.07747660094452,0.0,0.0,27.35423362066115,0.0
2050-04-15 17:00:00,0.0,0.0,0.0,0.0,0.0,37.81993750028778,39.07747660094452,0.0,0.0,27.35423362066115,0.0
2050-04-15 18:00:00,0.0,0.0,0.0,0.0,0.0,37.44556250027381,39.07747660094452,0.0,0.0,27.35423362066115,0.0
2050-04-15 19:00:00,0.0,0.0,0.0,0.0,0.0,40.42565625021234,39.07747660094451,0.0,0.0,27.35423362066115,0.0
2050-04-15 20:00:00,0.0,0.0,0.0,0.0,0.0,42.123656250187196,39.07747660094452,0.0,0.0,27.35423362066115,0.0
2050-04-15 21:00:00,0.0,0.0,0.0,0.0,0.0,40.707000000285916,39.07747660094452,0.0,0.0,27.35423362066115,0.0
2050-04-15 22:00:00,0.0,0.0,0.0,0.0,0.0,38.21912500017788,39.07747660094452,0.0,0.0,27.35423362066115,0.0
2050-04-15 23:00:00,0.0,0.0,0.0,0.0,0.0,35.53162500017788,20.20459688096522,0.0,0.0,14.143217816675653,0.0
2050-04-16 00:00:00,0.0,0.0,0.0,0.0,0.0,30.057781250216067,38.30282058779096,0.0,0.0,26.811974411453672,0.0
2050-04-16 01:00:00,0.0,0.0,0.0,0.0,0.0,26.167093750205822,39.07747660094452,0.0,0.0,27.35423362066115,0.0
2050-04-16 02:00:00,0.0,0.0,0.0,0.0,0.0,23.80456250021234,39.07747660094452,0.0,0.0,27.35423362066115,0.0
2050-04-16 03:00:00,0.0,0.0,0.0,0.0,0.0,22.631093750242144,39.07747660094452,0.0,0.0,27.354233620661162,0.0
2050-04-16 04:00:00,0.0,0.0,0.0,0.0,0.0,22.120125000248663,39.07747660094452,0.0,0.0,27.35423362066115,0.0
2050-04-16 05:00:00,0.0,0.0,0.0,0.0,0.0,22.29231250018347,35.268377341588256,0.0,0.0,24.687864139111777,0.0
2050-04-16 06:00:00,0.0,0.0,0.0,0.0,0.0,24.826156250201166,25.792309132244377,0.0,0.0,18.054616392571063,0.0
2050-04-16 07:00:00,0.0,0.0,0.0,0.0,0.0,30.24659375019837,15.542925215091877,0.0,0.0,10.880047650564313,0.0
2050-04-16 08:00:00,0.0,0.0,0.0,0.0,0.0,33.43406250025146,4.098921804265537,0.0,0.0,2.8692452629858756,0.0
2050-04-16 09:00:00,0.0,0.0,0.0,0.0,0.0,35.76656250027008,0.0,0.0,0.0,0.0,0.0
2050-04-16 10:00:00,0.0,0.0,0.0,0.0,0.0,38.878875000285916,1.8710951140979617,0.0,0.0,1.3097665798685731,0.0
2050-04-16 11:00:00,0.0,0.0,0.0,0.0,0.0,40.69503125024494,9.19473206944058,0.0,0.0,6.436312448608406,0.0
2050-04-16 12:00:00,0.0,0.0,0.0,0.0,0.0,41.022875000257045,13.596928806222568,0.0,0.0,9.517850164355798,0.0
2050-04-16 13:00:00,0.0,0.0,0.0,0.0,0.0,40.53940625023097,0.0,0.0,0.0,0.0,0.0
2050-04-16 14:00:00,0.0,0.0,0.0,0.0,0.0,38.7990000002319,16.49067059411393,0.0,0.0,11.54346941587975,0.0
2050-04-16 15:00:00,0.0,0.0,0.0,0.0,0.0,38.435531250201166,39.07747660094452,0.0,0.0,27.35423362066115,0.0
2050-04-16 16:00:00,0.0,0.0,0.0,0.0,0.0,37.88818750018254,39.07747660094452,0.0,0.0,27.35423362066115,0.0
2050-04-16 17:00:00,0.0,0.0,0.0,0.0,0.0,37.03506250027567,39.07747660094452,0.0,0.0,27.35423362066115,0.0
2050-04-16 18:00:00,0.0,0.0,0.0,0.0,0.0,36.72528125019744,39.07747660094452,0.0,0.0,27.35423362066115,0.0
2050-04-16 19:00:00,0.0,0.0,0.0,0.0,0.0,39.655156250228174,39.07747660094452,0.0,0.0,27.35423362066115,0.0
2050-04-16 20:00:00,0.0,0.0,0.0,0.0,0.0,42.080218750284985,39.07747660094452,0.0,0.0,27.35423362066115,0.0
2050-04-16 21:00:00,0.0,0.0,0.0,0.0,0.0,39.99846875027288,39.07747660094452,0.0,0.0,27.354233620661162,0.0
2050-04-16 22:00:00,0.0,0.0,0.0,0.0,0.0,38.23756250028964,12.592027631068454,0.0,0.0,8.814419341747918,0.0
2050-04-16 23:00:00,0.0,0.0,0.0,0.0,0.0,34.72528125019744,7.6140065413045335,0.0,0.0,5.329804578913173,0.0
2050-04-17 00:00:00,0.0,0.0,0.0,0.0,0.0,29.274406250216998,8.53007970523273,0.0,0.0,5.97105579366291,0.0
2050-04-17 01:00:00,0.0,0.0,0.0,0.0,0.0,25.76965625025332,0.0,0.0,0.0,0.0,0.0
2050-04-17 02:00:00,0.0,0.0,0.0,0.0,0.0,24.094437500229105,12.880333570311286,0.0,0.0,9.0162334992179,0.0
2050-04-17 03:00:00,0.0,0.0,0.0,0.0,0.0,22.558625000179745,18.529172827254893,0.0,0.0,12.970420979078424,0.0
2050-04-17 04:00:00,0.0,0.0,0.0,0.0,0.0,21.675937500200234,13.829857836391525,0.0,0.0,9.680900485474067,0.0
2050-04-17 05:00:00,0.0,0.0,0.0,0.0,0.0,22.220531250233762,39.07747660094451,0.0,0.0,27.35423362066115,0.0
2050-04-17 06:00:00,0.0,0.0,0.0,0.0,0.0,24.94025000021793,39.07747660094452,0.0,0.0,27.35423362066115,0.0
2050-04-17 07:00:00,0.0,0.0,0.0,0.0,0.0,30.302218750235625,39.07747660094452,0.0,0.0,27.35423362066115,0.0
2050-04-17 08:00:00,0.0,0.0,0.0,0.0,0.0,33.05250000022352,39.07747660094452,0.0,0.0,27.35423362066115,0.0
2050-04-17 09:00:00,0.0,0.0,0.0,0.0,0.0,34.381468750187196,39.07747660094452,0.0,0.0,27.35423362066115,0.0
2050-04-17 10:00:00,0.0,0.0,0.0,0.0,0.0,36.22328125021886,39.07747660094452,0.0,0.0,27.35423362066115,0.0
2050-04-17 11:00:00,0.0,0.0,0.0,0.0,0.0,37.488468750263564,39.07747660094452,0.0,0.0,27.35423362066115,0.0
2050-04-17 12:00:00,0.0,0.0,0.0,0.0,0.0,37.262687500217,39.07747660094452,0.0,0.0,27.35423362066115,0.0
2050-04-17 13:00:00,0.0,0.0,0.0,0.0,0.0,37.89881250017788,39.07747660094452,0.0,0.0,27.35423362066115,0.0
2050-04-17 14:00:00,0.0,0.0,0.0,0.0,0.0,38.56943750020582,39.07747660094452,0.0,0.0,27.35423362066115,0.0
2050-04-17 15:00:00,0.0,0.0,0.0,0.0,0.0,38.41846875019837,39.07747660094452,0.0,0.0,27.35423362066115,0.0
2050-04-17 16:00:00,0.0,0.0,0.0,0.0,0.0,38.7516875002766,39.07747660094452,0.0,0.0,27.35423362066115,0.0
2050-04-17 17:00:00,0.0,0.0,0.0,0.0,0.0,38.01943750027567,39.07747660094452,0.0,0.0,27.35423362066115,0.0
2050-04-17 18:00:00,0.0,0.0,0.0,0.0,0.0,38.19465625018347,39.07747660094452,0.0,0.0,27.35423362066115,0.0
2050-04-17 19:00:00,0.0,0.0,0.0,0.0,0.0,41.459593750187196,39.07747660094452,0.0,0.0,27.35423362066115,0.0
2050-04-17 20:00:00,0.0,0.0,0.0,0.0,0.0,42.438187500229105,39.07747660094452,0.0,0.0,27.35423362066115,0.0
2050-04-17 21:00:00,0.0,0.0,0.0,0.0,0.0,40.30593750020489,39.07747660094452,0.0,0.0,27.35423362066115,0.0
2050-04-17 22:00:00,0.0,0.0,0.0,0.0,0.0,38.12803125020582,39.07747660094452,0.0,0.0,27.35423362066115,0.0
2050-04-17 23:00:00,0.0,0.0,0.0,0.0,0.0,35.12346875027288,39.07747660094452,0.0,0.0,27.35423362066115,0.0
2050-04-18 00:00:00,0.0,0.0,0.0,0.0,0.0,31.739093750249594,39.07747660094452,0.0,0.0,27.35423362066115,0.0
2050-04-18 01:00:00,0.0,0.0,0.0,0.0,0.0,28.416375000262633,39.07747660094452,0.0,0.0,27.35423362066115,0.0
2050-04-18 02:00:00,0.0,0.0,0.0,0.0,0.0,24.480000000214204,39.07747660094452,0.0,0.0,27.35423362066115,0.0
2050-04-18 03:00:00,0.0,0.0,0.0,0.0,0.0,23.473750000237487,39.07747660094452,0.0,0.0,27.35423362066115,0.0
2050-04-18 04:00:00,0.0,0.0,0.0,0.0,0.0,23.34246875019744,39.07747660094452,0.0,0.0,27.35423362066115,0.0
2050-04-18 05:00:00,0.0,0.0,0.0,0.0,0.0,23.327656250214204,39.07747660094452,0.0,0.0,27.35423362066115,0.0
2050-04-18 06:00:00,0.0,0.0,0.0,0.0,0.0,25.46168750023935,39.07747660094452,0.0,0.0,27.35423362066115,0.0
2050-04-18 07:00:00,0.0,0.0,0.0,0.0,0.0,30.673093750257976,39.07747660094452,0.0,0.0,27.35423362066115,0.0
2050-04-18 08:00:00,0.0,0.0,0.0,0.0,0.0,35.6320312502794,39.07747660094452,0.0,0.0,27.35423362066115,0.0
2050-04-18 09:00:00,0.0,0.0,0.0,0.0,0.0,37.73740625020582,39.07747660094452,0.0,0.0,27.35423362066115,0.0
2050-04-18 10:00:00,0.0,0.0,0.0,0.0,0.0,38.82975000026636,39.07747660094452,0.0,0.0,27.35423362066115,0.0
2050-04-18 11:00:00,0.0,0.0,0.0,0.0,0.0,40.44387500023004,39.07747660094452,0.0,0.0,27.354233620661162,0.0
2050-04-18 12:00:00,0.0,0.0,0.0,0.0,0.0,41.506000000284985,39.07747660094452,0.0,0.0,27.354233620661162,0.0
2050-04-18 13:00:00,0.0,0.0,0.0,0.0,0.0,41.82081250019837,30.656848804323158,0.0,0.0,21.45979416302621,0.0
2050-04-18 14:00:00,0.0,0.0,0.0,0.0,0.0,40.80825000023469,22.228792142192354,0.0,0.0,15.560154499534647,0.0
2050-04-18 15:00:00,0.0,0.0,0.0,0.0,0.0,40.97328125021886,10.032351421855218,0.0,0.0,7.022645995298652,0.0
2050-04-18 16:00:00,0.0,0.0,0.0,0.0,0.0,41.47759375022724,2.4261521010561538,0.0,0.0,1.6983064707393076,0.0
2050-04-18 17:00:00,0.0,0.0,0.0,0.0,0.0,41.85053125023842,4.615013208378478,0.0,0.0,3.2305092458649347,0.0
2050-04-18 18:00:00,0.0,0.0,0.0,0.0,0.0,43.8265000001993,0.0,26.4789522330269,0.0,0.0,27.019339013292758
2050-04-18 19:00:00,0.0,0.0,0.0,0.0,0.0,44.618750000256114,0.0,39.469442217327895,0.0,0.0,40.274941038089686
2050-04-18 20:00:00,0.0,0.0,0.0,0.0,0.0,43.975875000236556,0.0,22.17637553734173,0.0,0.0,22.62895462994054
2050-04-18 21:00:00,0.0,0.0,0.0,0.0,0.0,41.91859375021886,0.0,8.952187692367772,0.0,0.0,9.134885400375278
2050-04-18 22:00:00,0.0,0.0,0.0,0.0,0.0,38.61896875023376,0.0,13.457497206927847,0.0,0.0,13.732140007069233
2050-04-18 23:00:00,0.0,0.0,0.0,0.0,0.0,34.50556250021327,0.0,0.0,0.0,0.0,0.0
2050-04-19 00:00:00,0.0,0.0,0.0,0.0,0.0,29.047562500229105,0.0,0.0,0.0,0.0,0.0
2050-04-19 01:00:00,0.0,0.0,0.0,0.0,0.0,25.7404062502319,15.945380339727755,0.0,0.0,11.161766237809427,0.0
2050-04-19 02:00:00,0.0,0.0,0.0,0.0,0.0,23.80984375020489,29.79244782981759,0.0,0.0,20.854713480872313,0.0
2050-04-19 03:00:00,0.0,0.0,0.0,0.0,0.0,22.916125000221655,32.52513162927326,0.0,0.0,22.76759214049128,0.0
2050-04-19 04:00:00,0.0,0.0,0.0,0.0,0.0,22.722625000285916,39.07747660094452,0.0,0.0,27.35423362066115,0.0
2050-04-19 05:00:00,0.0,0.0,0.0,0.0,0.0,22.985937500256114,39.07747660094452,0.0,0.0,27.35423362066115,0.0
2050-04-19 06:00:00,0.0,0.0,0.0,0.0,0.0,24.412312500178814,39.07747660094452,0.0,0.0,27.35423362066115,0.0
2050-04-19 07:00:00,0.0,0.0,0.0,0.0,0.0,29.42903125018347,39.07747660094452,0.0,0.0,27.35423362066115,0.0
2050-04-19 08:00:00,0.0,0.0,0.0,0.0,0.0,33.27125000022352,39.07747660094452,0.0,0.0,27.35423362066115,0.0
2050-04-19 09:00:00,0.0,0.0,0.0,0.0,0.0,35.90550000022631,39.07747660094452,0.0,0.0,27.35423362066115,0.0
2050-04-19 10:00:00,0.0,0.0,0.0,0.0,0.0,38.70296875026543,39.07747660094452,0.0,0.0,27.35423362066115,0.0
2050-04-19 11:00:00,0.0,0.0,0.0,0.0,0.0,40.343906250200234,39.07747660094452,0.0,0.0,27.35423362066115,0.0
2050-04-19 12:00:00,0.0,0.0,0.0,0.0,0.0,40.388656250201166,39.07747660094452,0.0,0.0,27.35423362066115,0.0
2050-04-19 13:00:00,0.0,0.0,0.0,0.0,0.0,39.86581250024028,39.07747660094452,0.0,0.0,27.35423362066115,0.0
2050-04-19 14:00:00,0.0,0.0,0.0,0.0,0.0,39.58075000019744,39.07747660094452,0.0,0.0,27.35423362066115,0.0
2050-04-19 15:00:00,0.0,0.0,0.0,0.0,0.0,39.695375000243075,39.07747660094452,0.0,0.0,27.35423362066115,0.0
2050-04-19 16:00:00,0.0,0.0,0.0,0.0,0.0,38.42568750027567,39.07747660094452,0.0,0.0,27.35423362066115,0.0
2050-04-19 17:00:00,0.0,0.0,0.0,0.0,0.0,37.507375000277534,39.07747660094452,0.0,0.0,27.35423362066115,0.0
2050-04-19 18:00:00,0.0,0.0,0.0,0.0,0.0,37.46318750025239,39.07747660094452,0.0,0.0,27.35423362066115,0.0
2050-04-19 19:00:00,0.0,0.0,0.0,0.0,0.0,40.90481250023004,39.07747660094452,0.0,0.0,27.35423362066115,0.0
2050-04-19 20:00:00,0.0,0.0,0.0,0.0,0.0,41.85187500028405,39.07747660094452,0.0,0.0,27.35423362066115,0.0
2050-04-19 21:00:00,0.0,0.0,0.0,0.0,0.0,40.12737500027288,39.07747660094452,0.0,0.0,27.35423362066115,0.0
2050-04-19 22:00:00,0.0,0.0,0.0,0.0,0.0,37.86843750020489,39.07747660094452,0.0,0.0,27.35423362066115,0.0
2050-04-19 23:00:00,0.0,0.0,0.0,0.0,0.0,35.51531250018161,39.07747660094452,0.0,0.0,27.35423362066115,0.0
2050-04-20 00:00:00,0.0,0.0,0.0,0.0,0.0,32.70743750024121,39.07747660094452,0.0,0.0,27.35423362066115,0.0
2050-04-20 01:00:00,0.0,0.0,0.0,0.0,0.0,29.36806250025984,39.07747660094452,0.0,0.0,27.35423362066115,0.0
2050-04-20 02:00:00,0.0,0.0,0.0,0.0,0.0,25.095437500276603,39.07747660094452,0.0,0.0,27.35423362066115,0.0
2050-04-20 03:00:00,0.0,0.0,0.0,0.0,0.0,23.16693750023842,39.07747660094452,0.0,0.0,27.35423362066115,0.0
2050-04-20 04:00:00,0.0,0.0,0.0,0.0,0.0,22.492125000222586,39.07747660094452,0.0,0.0,27.35423362066115,0.0
2050-04-20 05:00:00,0.0,0.0,0.0,0.0,0.0,21.951562500209548,39.07747660094452,0.0,0.0,27.35423362066115,0.0
2050-04-20 06:00:00,0.0,0.0,0.0,0.0,0.0,21.931125000235625,39.07747660094452,0.0,0.0,27.35423362066115,0.0
2050-04-20 07:00:00,0.0,0.0,0.0,0.0,0.0,23.122437500278465,39.07747660094452,0.0,0.0,27.35423362066115,0.0
2050-04-20 08:00:00,0.0,0.0,0.0,0.0,0.0,25.722937500220723,39.07747660094452,0.0,0.0,27.35423362066115,0.0
2050-04-20 09:00:00,0.0,0.0,0.0,0.0,0.0,29.61593750026077,39.07747660094452,0.0,0.0,27.35423362066115,0.0
2050-04-20 10:00:00,0.0,0.0,0.0,0.0,0.0,33.084187500178814,39.07747660094452,0.0,0.0,27.35423362066115,0.0
2050-04-20 11:00:00,0.0,0.0,0.0,0.0,0.0,35.62825000018347,39.07747660094452,0.0,0.0,27.35423362066115,0.0
2050-04-20 12:00:00,0.0,0.0,0.0,0.0,0.0,36.51118750020396,39.07747660094452,0.0,0.0,27.35423362066115,0.0
2050-04-20 13:00:00,0.0,0.0,0.0,0.0,0.0,36.318562500178814,39.07747660094452,0.0,0.0,27.35423362066115,0.0
2050-04-20 14:00:00,0.0,0.0,0.0,0.0,0.0,35.954562500235625,39.07747660094452,0.0,0.0,27.35423362066115,0.0
2050-04-20 15:00:00,0.0,0.0,0.0,0.0,0.0,35.344937500194646,39.07747660094452,0.0,0.0,27.35423362066115,0.0
2050-04-20 16:00:00,0.0,0.0,0.0,0.0,0.0,34.65962500020396,39.07747660094452,0.0,0.0,27.35423362066115,0.0
2050-04-20 17:00:00,0.0,0.0,0.0,0.0,0.0,34.43737500021234,39.07747660094452,0.0,0.0,27.35423362066115,0.0
2050-04-20 18:00:00,0.0,0.0,0.0,0.0,0.0,35.07581250020303,39.07747660094452,0.0,0.0,27.35423362066115,0.0
2050-04-20 19:00:00,0.0,0.0,0.0,0.0,0.0,39.403562500257976,39.07747660094452,0.0,0.0,27.35423362066115,0.0
2050-04-20 20:00:00,0.0,0.0,0.0,0.0,0.0,40.48525000025984,39.07747660094452,0.0,0.0,27.35423362066115,0.0
2050-04-20 21:00:00,0.0,0.0,0.0,0.0,0.0,39.36812500027008,39.07747660094452,0.0,0.0,27.35423362066115,0.0
2050-04-20 22:00:00,0.0,0.0,0.0,0.0,0.0,37.63143750024028,39.07747660094452,0.0,0.0,27.35423362066115,0.0
2050-04-20 23:00:00,0.0,0.0,0.0,0.0,0.0,35.028875000192784,39.07747660094452,0.0,0.0,27.35423362066115,0.0
2050-04-21 00:00:00,0.0,0.0,0.0,0.0,0.0,31.397562500205822,39.07747660094452,0.0,0.0,27.35423362066115,0.0
2050-04-21 01:00:00,0.0,0.0,0.0,0.0,0.0,27.864375000237487,39.07747660094452,0.0,0.0,27.35423362066115,0.0
2050-04-21 02:00:00,0.0,0.0,0.0,0.0,0.0,25.44668750022538,39.07747660094452,0.0,0.0,27.35423362066115,0.0
2050-04-21 03:00:00,0.0,0.0,0.0,0.0,0.0,23.731375000206754,39.07747660094452,0.0,0.0,27.35423362066115,0.0
2050-04-21 04:00:00,0.0,0.0,0.0,0.0,0.0,22.745750000234693,39.07747660094452,0.0,0.0,27.35423362066115,0.0
2050-04-21 05:00:00,0.0,0.0,0.0,0.0,0.0,22.488312500179745,39.07747660094452,0.0,0.0,27.35423362066115,0.0
2050-04-21 06:00:00,0.0,0.0,0.0,0.0,0.0,22.07106250023935,39.07747660094452,0.0,0.0,27.35423362066115,0.0
2050-04-21 07:00:00,0.0,0.0,0.0,0.0,0.0,22.381500000250526,39.07747660094452,0.0,0.0,27.35423362066115,0.0
2050-04-21 08:00:00,0.0,0.0,0.0,0.0,0.0,23.23068750021048,39.07747660094452,0.0,0.0,27.35423362066115,0.0
2050-04-21 09:00:00,0.0,0.0,0.0,0.0,0.0,23.602750000194646,39.07747660094452,0.0,0.0,27.35423362066115,0.0
2050-04-21 10:00:00,0.0,0.0,0.0,0.0,0.0,25.7833750002319,39.07747660094452,0.0,0.0,27.35423362066115,0.0
2050-04-21 11:00:00,0.0,0.0,0.0,0.0,0.0,28.343187500257045,39.07747660094452,0.0,0.0,27.35423362066115,0.0
2050-04-21 12:00:00,0.0,0.0,0.0,0.0,0.0,30.244625000283122,39.07747660094452,0.0,0.0,27.35423362066115,0.0
2050-04-21 13:00:00,0.0,0.0,0.0,0.0,0.0,31.620750000234693,39.07747660094452,0.0,0.0,27.35423362066115,0.0
2050-04-21 14:00:00,0.0,0.0,0.0,0.0,0.0,31.899375000270084,39.07747660094452,0.0,0.0,27.354233620661162,0.0
2050-04-21 15:00:00,0.0,0.0,0.0,0.0,0.0,31.12175000028219,39.07747660094452,0.0,0.0,27.35423362066115,0.0
2050-04-21 16:00:00,0.0,0.0,0.0,0.0,0.0,31.01587500027381,39.07747660094452,0.0,0.0,27.35423362066115,0.0
2050-04-21 17:00:00,0.0,0.0,0.0,0.0,0.0,30.88950000028126,39.07747660094452,0.0,0.0,27.35423362066115,0.0
2050-04-21 18:00:00,0.0,0.0,0.0,0.0,0.0,32.06800000020303,25.050050106403752,0.0,0.0,17.535035074482625,0.0
2050-04-21 19:00:00,0.0,0.0,0.0,0.0,0.0,35.991000000271015,7.600323865821743,0.0,0.0,5.3202267060752195,0.0
2050-04-21 20:00:00,0.0,0.0,0.0,0.0,0.0,37.710375000257045,0.0,0.0,0.0,0.0,0.0
2050-04-21 21:00:00,0.0,0.0,0.0,0.0,0.0,38.125687500229105,0.0,0.0,0.0,0.0,0.0
2050-04-21 22:00:00,0.0,0.0,0.0,0.0,0.0,35.92887500021607,0.0,0.0,0.0,0.0,0.0
2050-04-21 23:00:00,0.0,0.0,0.0,0.0,0.0,32.41731250018347,0.0,0.0,0.0,0.0,0.0
2050-04-22 00:00:00,0.0,0.0,0.0,0.0,0.0,29.20125000027474,0.0,0.0,0.0,0.0,0.0
2050-04-22 01:00:00,0.0,0.0,0.0,0.0,0.0,25.947687500272878,0.0,33.89035088538874,0.0,0.0,34.58199069937627
2050-04-22 02:00:00,0.0,0.0,0.0,0.0,0.0,22.842437500250526,0.0,31.152140396352394,0.0,0.0,31.78789836362489
2050-04-22 03:00:00,0.0,0.0,0.0,0.0,0.0,21.767375000286847,0.0,31.126613550849587,0.0,0.0,31.76185056209142
2050-04-22 04:00:00,0.0,0.0,0.0,0.0,0.0,21.620875000255182,0.0,33.66308072600085,0.0,0.0,34.35008237347026
2050-04-22 05:00:00,0.0,0.0,0.0,0.0,0.0,21.580312500242144,0.0,33.60477708262878,0.0,0.0,34.29058885982529
2050-04-22 06:00:00,0.0,0.0,0.0,0.0,0.0,24.501562500256114,0.0,33.595847625850865,0.0,0.0,34.28147716923558
2050-04-22 07:00:00,0.0,0.0,0.0,0.0,0.0,29.74768750020303,0.0,36.96963516757382,0.0,0.0,37.72411751793247
2050-04-22 08:00:00,0.0,0.0,0.0,0.0,0.0,34.157812500256114,0.0,36.25616890752424,0.0,0.0,36.99609072196351
2050-04-22 09:00:00,0.0,0.0,0.0,0.0,0.0,36.770125000271946,0.0,27.17460327440826,0.0,0.0,27.72918701470231
2050-04-22 10:00:00,0.0,0.0,0.0,0.0,0.0,38.29012500029057,0.0,34.81317761356629,0.0,0.0,35.52365062608805
2050-04-22 11:00:00,0.0,0.0,0.0,0.0,0.0,38.99112500017509,0.0,24.618915528047435,0.0,0.0,25.121342375558612
2050-04-22 12:00:00,0.0,0.0,0.0,0.0,0.0,39.51318750018254,0.0,18.249946108404266,0.0,0.0,18.62239398816762
2050-04-22 13:00:00,0.0,0.0,0.0,0.0,0.0,40.00231250026263,0.0,24.13402515158943,0.0,0.0,24.626556277132075
2050-04-22 14:00:00,0.0,0.0,0.0,0.0,0.0,39.80012500018347,0.0,21.45947395013348,0.0,0.0,21.89742239809539
2050-04-22 15:00:00,0.0,0.0,0.0,0.0,0.0,40.164875000249594,0.0,24.49033664214494,0.0,0.0,24.99013943076014
2050-04-22 16:00:00,0.0,0.0,0.0,0.0,0.0,39.82856250018813,4.270427920154631,0.0,0.0,2.989299544108242,0.0
2050-04-22 17:00:00,0.0,0.0,0.0,0.0,0.0,39.49887500028126,9.700938443093683,0.0,0.0,6.790656910165578,0.0
2050-04-22 18:00:00,0.0,0.0,0.0,0.0,0.0,39.92756250023376,4.061671008604904,0.0,0.0,2.8431697060234327,0.0
2050-04-22 19:00:00,0.0,0.0,0.0,0.0,0.0,42.57937500020489,0.0,0.0,0.0,0.0,0.0
2050-04-22 20:00:00,0.0,0.0,0.0,0.0,0.0,42.325437500257976,1.9811692877178189,0.0,0.0,1.3868185014024732,0.0
2050-04-22 21:00:00,0.0,0.0,0.0,0.0,0.0,40.949375000200234,22.021973167324326,0.0,0.0,15.415381217127027,0.0
2050-04-22 22:00:00,0.0,0.0,0.0,0.0,0.0,38.663375000236556,18.705629671875865,0.0,0.0,13.093940770313106,0.0
2050-04-22 23:00:00,0.0,0.0,0.0,0.0,0.0,35.559500000206754,0.0,0.0,0.0,0.0,0.0
2050-04-23 00:00:00,0.0,0.0,0.0,0.0,0.0,30.4240000002319,0.0,0.0,0.0,0.0,0.0
2050-04-23 01:00:00,0.0,0.0,0.0,0.0,0.0,26.094312500208616,0.25337143819687924,0.0,0.0,0.17736000673781546,0.0
2050-04-23 02:00:00,0.0,0.0,0.0,0.0,0.0,23.932125000283122,0.0,0.0,0.0,0.0,0.0
2050-04-23 03:00:00,0.0,0.0,0.0,0.0,0.0,22.611812500283122,0.0,0.0,0.0,0.0,0.0
2050-04-23 04:00:00,0.0,0.0,0.0,0.0,0.0,22.160437500220723,0.0,0.0,0.0,0.0,0.0
2050-04-23 05:00:00,0.0,0.0,0.0,0.0,0.0,22.083375000278465,0.0,0.0,0.0,0.0,0.0
2050-04-23 06:00:00,0.0,0.0,0.0,0.0,0.0,24.41037500021048,0.0,0.0,0.0,0.0,0.0
2050-04-23 07:00:00,0.0,0.0,0.0,0.0,0.0,29.679000000236556,0.0,0.0,0.0,0.0,0.0
2050-04-23 08:00:00,0.0,0.0,0.0,0.0,0.0,34.106062500271946,0.0,0.0,0.0,0.0,0.0
2050-04-23 09:00:00,0.0,0.0,0.0,0.0,0.0,36.67325000022538,0.0,0.0,0.0,0.0,0.0
2050-04-23 10:00:00,0.0,0.0,0.0,0.0,0.0,39.730625000200234,0.0,0.0,0.0,0.0,0.0
2050-04-23 11:00:00,0.0,0.0,0.0,0.0,0.0,40.99643750023097,0.0,0.0,0.0,0.0,0.0
2050-04-23 12:00:00,0.0,0.0,0.0,0.0,0.0,41.06893750024028,0.0,9.944974336271295,0.0,0.0,10.1479329961952
2050-04-23 13:00:00,0.0,0.0,0.0,0.0,0.0,40.771625000284985,0.0,43.73995049595425,0.0,0.0,44.63260254689209
2050-04-23 14:00:00,0.0,0.0,0.0,0.0,0.0,39.4079375002766,0.0,43.73995049595425,0.0,0.0,44.63260254689209
2050-04-23 15:00:00,0.0,0.0,0.0,0.0,0.0,39.364812500192784,0.0,42.73768929521996,0.0,0.0,43.60988703593873
2050-04-23 16:00:00,0.0,0.0,0.0,0.0,0.0,38.03750000020955,0.0,3.105763925625705,0.0,0.0,3.1691468628833723
2050-04-23 17:00:00,0.0,0.0,0.0,0.0,0.0,37.36506250023376,0.0,1.3372909268075066,0.0,0.0,1.364582578375007
2050-04-23 18:00:00,0.0,0.0,0.0,0.0,0.0,38.02418750023935,0.0,5.2292065807721855,0.0,0.0,5.335925082420598
2050-04-23 19:00:00,0.0,0.0,0.0,0.0,0.0,40.55375000019558,0.0,3.3607367852046104,0.0,0.0,3.4293232502087867
2050-04-23 20:00:00,0.0,0.0,0.0,0.0,0.0,39.82487500028219,0.0,10.639248498639672,0.0,0.0,10.856376019020074
2050-04-23 21:00:00,0.0,0.0,0.0,0.0,0.0,38.0802500002319,0.0,3.02105826856822,0.0,0.0,3.0827125189471634
2050-04-23 22:00:00,0.0,0.0,0.0,0.0,0.0,35.61993750021793,1.329969569120074,0.0,0.0,0.9309786983840517,0.0
2050-04-23 23:00:00,0.0,0.0,0.0,0.0,0.0,32.507375000277534,14.5937412060454,0.0,0.0,10.21561884423178,0.0
2050-04-24 00:00:00,0.0,0.0,0.0,0.0,0.0,28.896875000209548,23.51345390987776,0.0,0.0,16.459417736914432,0.0
2050-04-24 01:00:00,0.0,0.0,0.0,0.0,0.0,26.447625000262633,30.11919799138918,0.0,0.0,21.083438593972424,0.0
2050-04-24 02:00:00,0.0,0.0,0.0,0.0,0.0,24.5044375002617,36.97108255829124,0.0,0.0,25.87975779080387,0.0
2050-04-24 03:00:00,0.0,0.0,0.0,0.0,0.0,22.943125000223517,39.07747660094452,0.0,0.0,27.35423362066115,0.0
2050-04-24 04:00:00,0.0,0.0,0.0,0.0,0.0,22.203125,39.07747660094452,0.0,0.0,27.35423362066115,0.0
2050-04-24 05:00:00,0.0,0.0,0.0,0.0,0.0,22.289437500177883,30.376852611100293,0.0,0.0,21.263796827770204,0.0
2050-04-24 06:00:00,0.0,0.0,0.0,0.0,0.0,24.695062500191852,3.0148547552244196,0.0,0.0,2.1103983286570935,0.0
2050-04-24 07:00:00,0.0,0.0,0.0,0.0,0.0,30.000062500243075,0.4471226724240438,0.0,0.0,0.31298587069683065,0.0
2050-04-24 08:00:00,0.0,0.0,0.0,0.0,0.0,33.60593750025146,3.4882063693765133,0.0,0.0,2.441744458563559,0.0
2050-04-24 09:00:00,0.0,0.0,0.0,0.0,0.0,38.294500000192784,0.0,0.0,0.0,0.0,0.0
2050-04-24 10:00:00,0.0,0.0,0.0,0.0,0.0,39.161500000278465,0.0,0.0,0.0,0.0,0.0
2050-04-24 11:00:00,0.0,0.0,0.0,0.0,0.0,40.25518750026822,0.0,22.95657268876784,0.0,0.0,23.42507417221208
2050-04-24 12:00:00,0.0,0.0,0.0,0.0,0.0,41.3872500002617,0.0,43.73995049595425,0.0,0.0,44.63260254689209
2050-04-24 13:00:00,0.0,0.0,0.0,0.0,0.0,41.31287500017788,0.0,43.73995049595425,0.0,0.0,44.63260254689209
2050-04-24 14:00:00,0.0,0.0,0.0,0.0,0.0,40.38968750019558,0.0,43.73995049595425,0.0,0.0,44.63260254689209
2050-04-24 15:00:00,0.0,0.0,0.0,0.0,0.0,40.262687500217,0.0,33.990175369260086,0.0,0.0,34.683852417612336
2050-04-24 16:00:00,0.0,0.0,0.0,0.0,0.0,38.35656250023749,0.0,15.176309462148772,0.0,0.0,15.486030063417116
2050-04-24 17:00:00,0.0,0.0,0.0,0.0,0.0,37.684187500271946,0.0,13.956066869732911,0.0,0.0,14.240884560951951
2050-04-24 18:00:00,0.0,0.0,0.0,0.0,0.0,38.01737500028685,0.0,23.126549540208938,0.0,0.0,23.598519938988712
2050-04-24 19:00:00,0.0,0.0,0.0,0.0,0.0,41.20087500021327,0.0,39.222985325776456,0.0,0.0,40.02345441405761
2050-04-24 20:00:00,0.0,0.0,0.0,0.0,0.0,41.25831250019837,0.0,43.73995049595425,0.0,0.0,44.63260254689209
2050-04-24 21:00:00,0.0,0.0,0.0,0.0,0.0,39.629812500206754,0.0,43.73995049595425,0.0,0.0,44.63260254689209
2050-04-24 22:00:00,0.0,0.0,0.0,0.0,0.0,37.25687500019558,0.0,43.73995049595425,0.0,0.0,44.63260254689209
2050-04-24 23:00:00,0.0,0.0,0.0,0.0,0.0,34.32506250019651,0.0,43.73995049595425,0.0,0.0,44.63260254689209
2050-04-25 00:00:00,0.0,0.0,0.0,0.0,0.0,30.45500000019092,0.0,43.73995049595425,0.0,0.0,44.63260254689209
2050-04-25 01:00:00,0.0,0.0,0.0,0.0,0.0,27.030375000205822,0.0,43.73995049595425,0.0,0.0,44.63260254689209
2050-04-25 02:00:00,0.0,0.0,0.0,0.0,0.0,24.82612500025425,0.0,43.73995049595425,0.0,0.0,44.63260254689209
2050-04-25 03:00:00,0.0,0.0,0.0,0.0,0.0,23.53000000026077,0.0,42.781818182292305,0.0,0.0,43.65491651254317
2050-04-25 04:00:00,0.0,0.0,0.0,0.0,0.0,23.058750000200234,0.0,41.92500000036406,0.0,0.0,42.780612245269445
2050-04-25 05:00:00,0.0,0.0,0.0,0.0,0.0,23.022500000195578,0.0,41.614062358825606,0.0,0.0,42.46332893757716
2050-04-25 06:00:00,0.0,0.0,0.0,0.0,0.0,25.07487500028219,0.0,39.11004446210504,0.0,0.0,39.908208634801056
2050-04-25 07:00:00,0.0,0.0,0.0,0.0,0.0,30.505750000244007,0.0,43.73995049595425,0.0,0.0,44.63260254689209
2050-04-25 08:00:00,0.0,0.0,0.0,0.0,0.0,34.13787500024773,0.0,43.73995049595425,0.0,0.0,44.63260254689209
2050-04-25 09:00:00,0.0,0.0,0.0,0.0,0.0,37.60243750025984,0.0,43.73995049595425,0.0,0.0,44.63260254689209
2050-04-25 10:00:00,0.0,0.0,0.0,0.0,0.0,38.12681250018068,0.0,43.73995049595425,0.0,0.0,44.63260254689209
2050-04-25 11:00:00,0.0,0.0,0.0,0.0,0.0,25.04356337539548,0.0,43.73995049595425,0.0,0.0,44.63260254689209
2050-04-25 12:00:00,0.0,0.0,0.0,0.0,0.0,26.568167478054875,0.0,43.73995049595425,0.0,0.0,44.63260254689209
2050-04-25 13:00:00,0.0,0.0,0.0,0.0,0.0,39.80062500026543,0.0,43.73995049595425,0.0,0.0,44.63260254689209
2050-04-25 14:00:00,0.0,0.0,0.0,0.0,0.0,39.60406250017695,0.0,43.73995049595425,0.0,0.0,44.63260254689209
2050-04-25 15:00:00,0.0,0.0,0.0,0.0,0.0,39.358812500257045,0.0,43.73995049595425,0.0,0.0,44.63260254689209
2050-04-25 16:00:00,0.0,0.0,0.0,0.0,0.0,40.391437500249594,0.0,43.73995049595425,0.0,0.0,44.63260254689209
2050-04-25 17:00:00,0.0,0.0,0.0,0.0,0.0,40.18537500023376,0.0,43.73995049595425,0.0,0.0,44.63260254689209
2050-04-25 18:00:00,0.0,0.0,0.0,0.0,0.0,34.1467760934479,0.0,43.73995049595425,0.0,0.0,44.63260254689209
2050-04-25 19:00:00,0.0,0.0,0.0,0.0,0.0,43.61518750025425,0.0,43.73995049595425,0.0,0.0,44.63260254689209
2050-04-25 20:00:00,0.0,0.0,0.0,0.0,0.0,29.68415752472356,0.0,43.73995049595425,0.0,0.0,44.63260254689209
2050-04-25 21:00:00,0.0,0.0,0.0,0.0,0.0,29.093164814795273,0.0,43.73995049595425,0.0,0.0,44.63260254689209
2050-04-25 22:00:00,0.0,0.0,0.0,0.0,0.0,37.887687500217,0.0,43.73995049595425,0.0,0.0,44.63260254689209
2050-04-25 23:00:00,0.0,0.0,0.0,0.0,0.0,33.774875000235625,0.0,43.73995049595425,0.0,0.0,44.63260254689209
2050-04-26 00:00:00,0.0,0.0,0.0,0.0,0.0,30.090187500230968,0.0,37.493862574690034,0.0,0.0,38.25904344356126
2050-04-26 01:00:00,0.0,0.0,0.0,0.0,0.0,26.566062500234693,0.0,20.295498387058014,0.0,0.0,20.709692231691854
2050-04-26 02:00:00,0.0,0.0,0.0,0.0,0.0,24.4630625002319,0.0,4.07696815500578,0.0,0.0,4.160171586740592
2050-04-26 03:00:00,0.0,0.0,0.0,0.0,0.0,23.574500000220723,2.022311106253973,0.0,0.0,1.415617774377781,0.0
2050-04-26 04:00:00,0.0,0.0,0.0,0.0,0.0,22.779000000213273,7.194274853747672,0.0,0.0,5.03599239762337,0.0
2050-04-26 05:00:00,0.0,0.0,0.0,0.0,0.0,22.4609375,11.830500445154136,0.0,0.0,8.281350311607895,0.0
2050-04-26 06:00:00,0.0,0.0,0.0,0.0,0.0,24.668937500216998,15.242337477934264,0.0,0.0,10.669636234553984,0.0
2050-04-26 07:00:00,0.0,0.0,0.0,0.0,0.0,29.740875000250526,21.768119034029468,0.0,0.0,15.237683323820626,0.0
2050-04-26 08:00:00,0.0,0.0,0.0,0.0,0.0,32.64893750019837,39.07747660094452,0.0,0.0,27.354233620661162,0.0
2050-04-26 09:00:00,0.0,0.0,0.0,0.0,0.0,35.536125000217,39.07747660094452,0.0,0.0,27.354233620661162,0.0
2050-04-26 10:00:00,0.0,0.0,0.0,0.0,0.0,37.967437500250526,22.696477157057483,0.0,0.0,15.887534009940238,0.0
2050-04-26 11:00:00,0.0,0.0,0.0,0.0,0.0,39.467000000178814,16.162886970920567,0.0,0.0,11.314020879644396,0.0
2050-04-26 12:00:00,0.0,0.0,0.0,0.0,0.0,39.86031250027008,7.93971492701391,0.0,0.0,5.557800448909736,0.0
2050-04-26 13:00:00,0.0,0.0,0.0,0.0,0.0,40.41825000022072,0.0,0.0,0.0,0.0,0.0
2050-04-26 14:00:00,0.0,0.0,0.0,0.0,0.0,39.912312500178814,0.0,0.0,0.0,0.0,0.0
2050-04-26 15:00:00,0.0,0.0,0.0,0.0,0.0,39.49581250024494,0.0,0.0,0.0,0.0,0.0
2050-04-26 16:00:00,0.0,0.0,0.0,0.0,0.0,38.846437500207685,0.0,0.0,0.0,0.0,0.0
2050-04-26 17:00:00,0.0,0.0,0.0,0.0,0.0,38.559562500217,0.0,0.0,0.0,0.0,0.0
2050-04-26 18:00:00,0.0,0.0,0.0,0.0,0.0,38.70650000020396,0.0,0.0,0.0,0.0,0.0
2050-04-26 19:00:00,0.0,0.0,0.0,0.0,0.0,42.18475000024773,0.0,0.0,0.0,0.0,0.0
2050-04-26 20:00:00,0.0,0.0,0.0,0.0,0.0,42.51862500025891,0.0,0.0,0.0,0.0,0.0
2050-04-26 21:00:00,0.0,0.0,0.0,0.0,0.0,40.70993750018533,0.0,0.0,0.0,0.0,0.0
2050-04-26 22:00:00,0.0,0.0,0.0,0.0,0.0,37.76281250023749,0.0,0.0,0.0,0.0,0.0
2050-04-26 23:00:00,0.0,0.0,0.0,0.0,0.0,35.76100000028964,0.0,0.0,0.0,0.0,0.0
2050-04-27 00:00:00,0.0,0.0,0.0,0.0,0.0,31.853250000276603,0.0,0.0,0.0,0.0,0.0
2050-04-27 01:00:00,0.0,0.0,0.0,0.0,0.0,28.145562500227243,0.0,8.30105124743909,0.0,0.0,8.470460456570502
2050-04-27 02:00:00,0.0,0.0,0.0,0.0,0.0,25.034375000279397,0.0,11.920837550310669,0.0,0.0,12.164119949296602
2050-04-27 03:00:00,0.0,0.0,0.0,0.0,0.0,23.120625000214204,0.0,13.282144107805337,0.0,0.0,13.553208273270753
2050-04-27 04:00:00,0.0,0.0,0.0,0.0,0.0,22.26725000026636,0.0,14.602432859090625,0.0,0.0,14.900441692949617
2050-04-27 05:00:00,0.0,0.0,0.0,0.0,0.0,21.983937500277534,0.0,20.708834601869977,0.0,0.0,21.13146387945916
2050-04-27 06:00:00,0.0,0.0,0.0,0.0,0.0,21.831062500248663,0.0,27.206584781013966,0.0,0.0,27.76182120511629
2050-04-27 07:00:00,0.0,0.0,0.0,0.0,0.0,22.747250000247732,0.0,34.90824849494063,0.0,0.0,35.62066172953126
2050-04-27 08:00:00,0.0,0.0,0.0,0.0,0.0,25.62900000018999,0.0,43.73995049595425,0.0,0.0,44.63260254689209
2050-04-27 09:00:00,0.0,0.0,0.0,0.0,0.0,29.01243750017602,0.0,43.73995049595425,0.0,0.0,44.63260254689209
2050-04-27 10:00:00,0.0,0.0,0.0,0.0,0.0,31.568375000264496,0.0,43.73995049595425,0.0,0.0,44.63260254689209
2050-04-27 11:00:00,0.0,0.0,0.0,0.0,0.0,34.05012500018347,0.0,43.73995049595425,0.0,0.0,44.63260254689209
2050-04-27 12:00:00,0.0,0.0,0.0,0.0,0.0,35.015187500277534,0.0,43.73995049595425,0.0,0.0,44.63260254689209
2050-04-27 13:00:00,0.0,0.0,0.0,0.0,0.0,35.63956250017509,0.0,43.73995049595425,0.0,0.0,44.63260254689209
2050-04-27 14:00:00,0.0,0.0,0.0,0.0,0.0,35.248187500284985,0.0,43.73995049595425,0.0,0.0,44.63260254689209
2050-04-27 15:00:00,0.0,0.0,0.0,0.0,0.0,35.1482500002021,0.0,43.73995049595425,0.0,0.0,44.63260254689209
2050-04-27 16:00:00,0.0,0.0,0.0,0.0,0.0,34.62687500019092,0.0,43.73995049595425,0.0,0.0,44.63260254689209
2050-04-27 17:00:00,0.0,0.0,0.0,0.0,0.0,34.27450000029057,0.0,43.73995049595425,0.0,0.0,44.63260254689209
2050-04-27 18:00:00,0.0,0.0,0.0,0.0,0.0,35.34562500019092,0.0,43.73995049595425,0.0,0.0,44.63260254689209
2050-04-27 19:00:00,0.0,0.0,0.0,0.0,0.0,38.81375000020489,0.0,43.73995049595425,0.0,0.0,44.63260254689209
2050-04-27 20:00:00,0.0,0.0,0.0,0.0,0.0,38.676375000271946,0.0,43.73995049595425,0.0,0.0,44.63260254689209
2050-04-27 21:00:00,0.0,0.0,0.0,0.0,0.0,33.928940398582654,0.0,43.73995049595425,0.0,0.0,44.63260254689209
2050-04-27 22:00:00,0.0,0.0,0.0,0.0,0.0,32.43920665245969,0.0,43.73995049595425,0.0,0.0,44.63260254689209
2050-04-27 23:00:00,0.0,0.0,0.0,0.0,0.0,32.34912500018254,0.0,42.413205868201835,0.0,0.0,43.27878149816514
2050-04-28 00:00:00,0.0,0.0,0.0,0.0,0.0,29.589625000255182,0.0,38.89190263414818,0.0,0.0,39.68561493280427
2050-04-28 01:00:00,0.0,0.0,0.0,0.0,0.0,27.774750000215136,0.0,37.24305803825636,0.0,0.0,38.00312044720037
2050-04-28 02:00:00,0.0,0.0,0.0,0.0,0.0,25.025000000256114,0.0,35.24666950601204,0.0,0.0,35.96598929184902
2050-04-28 03:00:00,0.0,0.0,0.0,0.0,0.0,23.18500000028871,0.0,36.505008485266906,0.0,0.0,37.250008658435625
2050-04-28 04:00:00,0.0,0.0,0.0,0.0,0.0,22.84775000018999,0.0,39.73623583673825,0.0,0.0,40.547179425243115
2050-04-28 05:00:00,0.0,0.0,0.0,0.0,0.0,22.135750000248663,0.0,40.05614917269199,0.0,0.0,40.87362160478774
2050-04-28 06:00:00,0.0,0.0,0.0,0.0,0.0,21.462500000256114,0.0,38.88257792256636,0.0,0.0,39.67609992098608
2050-04-28 07:00:00,0.0,0.0,0.0,0.0,0.0,21.868125000270084,0.0,39.68090963712392,0.0,0.0,40.49072411951421
2050-04-28 08:00:00,0.0,0.0,0.0,0.0,0.0,23.115375000284985,0.0,41.994299251902895,0.0,0.0,42.85132576724785
2050-04-28 09:00:00,0.0,0.0,0.0,0.0,0.0,23.56712500017602,0.0,42.84931818213821,0.0,0.0,43.723794063406345
2050-04-28 10:00:00,0.0,0.0,0.0,0.0,0.0,24.05697277277477,0.0,43.73995049595425,0.0,0.0,44.63260254689209
2050-04-28 11:00:00,0.0,0.0,0.0,0.0,0.0,24.05697277277477,0.0,43.73995049595425,0.0,0.0,44.63260254689209
2050-04-28 12:00:00,0.0,0.0,0.0,0.0,0.0,24.05697277277477,0.0,43.73995049595425,0.0,0.0,44.63260254689209
2050-04-28 13:00:00,0.0,0.0,0.0,0.0,0.0,33.071750000235625,0.0,43.73995049595425,0.0,0.0,44.63260254689209
2050-04-28 14:00:00,0.0,0.0,0.0,0.0,0.0,26.225485616880178,0.0,43.73995049595425,0.0,0.0,44.63260254689209
2050-04-28 15:00:00,0.0,0.0,0.0,0.0,0.0,28.960297161150265,0.0,43.73995049595425,0.0,0.0,44.63260254689209
2050-04-28 16:00:00,0.0,0.0,0.0,0.0,0.0,32.59250000026077,0.0,43.73995049595425,0.0,0.0,44.63260254689209
2050-04-28 17:00:00,0.0,0.0,0.0,0.0,0.0,32.73675000027288,0.0,43.73995049595425,0.0,0.0,44.63260254689209
2050-04-28 18:00:00,0.0,0.0,0.0,0.0,0.0,27.398030195986394,0.0,43.73995049595425,0.0,0.0,44.63260254689209
2050-04-28 19:00:00,0.0,0.0,0.0,0.0,0.0,38.3845000002766,0.0,43.73995049595425,0.0,0.0,44.63260254689209
2050-04-28 20:00:00,0.0,0.0,0.0,0.0,0.0,38.977250000229105,0.0,43.73995049595425,0.0,0.0,44.63260254689209
2050-04-28 21:00:00,0.0,0.0,0.0,0.0,0.0,37.960250000236556,0.0,43.73995049595425,0.0,0.0,44.63260254689209
2050-04-28 22:00:00,0.0,0.0,0.0,0.0,0.0,24.05697277277477,0.0,43.73995049595425,0.0,0.0,44.63260254689209
2050-04-28 23:00:00,0.0,0.0,0.0,0.0,0.0,32.73875000025146,0.0,43.73995049595425,0.0,0.0,44.63260254689209
2050-04-29 00:00:00,0.0,0.0,0.0,0.0,0.0,24.06610635914967,0.0,43.73995049595425,0.0,0.0,44.63260254689209
2050-04-29 01:00:00,0.0,0.0,0.0,0.0,0.0,26.407375000184402,0.0,43.73995049595425,0.0,0.0,44.63260254689209
2050-04-29 02:00:00,0.0,0.0,0.0,0.0,0.0,23.997625000192784,0.0,43.361421860942286,0.0,0.0,44.24634883769622
2050-04-29 03:00:00,0.0,0.0,0.0,0.0,0.0,23.04362500028219,0.0,34.177251331839294,0.0,0.0,34.87474625697888
2050-04-29 04:00:00,0.0,0.0,0.0,0.0,0.0,22.62175000028219,0.0,19.538695474670078,0.0,0.0,19.937444361908245
2050-04-29 05:00:00,0.0,0.0,0.0,0.0,0.0,23.09650000021793,6.214305967356161,0.0,0.0,4.350014177149312,0.0
2050-04-29 06:00:00,0.0,0.0,0.0,0.0,0.0,25.217250000219792,24.929081069317725,0.0,0.0,17.450356748522406,0.0
2050-04-29 07:00:00,0.0,0.0,0.0,0.0,0.0,30.92387500021141,39.07747660094452,0.0,0.0,27.35423362066115,0.0
2050-04-29 08:00:00,0.0,0.0,0.0,0.0,0.0,34.4001250002766,39.07747660094452,0.0,0.0,27.35423362066115,0.0
2050-04-29 09:00:00,0.0,0.0,0.0,0.0,0.0,36.31537500023842,39.07747660094452,0.0,0.0,27.35423362066115,0.0
2050-04-29 10:00:00,0.0,0.0,0.0,0.0,0.0,37.963000000221655,39.07747660094452,0.0,0.0,27.35423362066115,0.0
2050-04-29 11:00:00,0.0,0.0,0.0,0.0,0.0,39.413625000277534,39.07747660094452,0.0,0.0,27.35423362066115,0.0
2050-04-29 12:00:00,0.0,0.0,0.0,0.0,0.0,40.185125000192784,39.07747660094452,0.0,0.0,27.35423362066115,0.0
2050-04-29 13:00:00,0.0,0.0,0.0,0.0,0.0,40.50812500028405,39.07747660094452,0.0,0.0,27.35423362066115,0.0
2050-04-29 14:00:00,0.0,0.0,0.0,0.0,0.0,40.10712500021327,39.07747660094452,0.0,0.0,27.35423362066115,0.0
2050-04-29 15:00:00,0.0,0.0,0.0,0.0,0.0,39.99512500024866,39.07747660094452,0.0,0.0,27.35423362066115,0.0
2050-04-29 16:00:00,0.0,0.0,0.0,0.0,0.0,41.089375000214204,39.07747660094452,0.0,0.0,27.35423362066115,0.0
2050-04-29 17:00:00,0.0,0.0,0.0,0.0,0.0,40.39162500028033,39.07747660094452,0.0,0.0,27.35423362066115,0.0
2050-04-29 18:00:00,0.0,0.0,0.0,0.0,0.0,40.4396250002319,39.07747660094452,0.0,0.0,27.35423362066115,0.0
2050-04-29 19:00:00,0.0,0.0,0.0,0.0,0.0,43.76537500019185,39.07747660094452,0.0,0.0,27.35423362066115,0.0
2050-04-29 20:00:00,0.0,0.0,0.0,0.0,0.0,42.681750000221655,39.07747660094452,0.0,0.0,27.35423362066115,0.0
2050-04-29 21:00:00,0.0,0.0,0.0,0.0,0.0,40.71650000021327,39.07747660094452,0.0,0.0,27.35423362066115,0.0
2050-04-29 22:00:00,0.0,0.0,0.0,0.0,0.0,38.20175000024028,39.07747660094452,0.0,0.0,27.35423362066115,0.0
2050-04-29 23:00:00,0.0,0.0,0.0,0.0,0.0,35.2796250001993,39.07747660094452,0.0,0.0,27.35423362066115,0.0
2050-04-30 00:00:00,0.0,0.0,0.0,0.0,0.0,30.03012500028126,35.965217642306726,0.0,0.0,25.175652349614708,0.0
2050-04-30 01:00:00,0.0,0.0,0.0,0.0,0.0,26.89225000026636,24.27251551357589,0.0,0.0,16.990760859503123,0.0
2050-04-30 02:00:00,0.0,0.0,0.0,0.0,0.0,24.537500000209548,12.353157741816283,0.0,0.0,8.647210419271397,0.0
2050-04-30 03:00:00,0.0,0.0,0.0,0.0,0.0,23.366000000271015,3.5712114870467566,0.0,0.0,2.4998480409327293,0.0
2050-04-30 04:00:00,0.0,0.0,0.0,0.0,0.0,22.772000000230037,0.0,0.0,0.0,0.0,0.0
2050-04-30 05:00:00,0.0,0.0,0.0,0.0,0.0,22.520500000216998,0.0,12.728089100312433,0.0,0.0,12.987846020726973
2050-04-30 06:00:00,0.0,0.0,0.0,0.0,0.0,24.79950000019744,0.0,39.04901053261735,0.0,0.0,39.84592911491566
2050-04-30 07:00:00,0.0,0.0,0.0,0.0,0.0,30.389125000219792,0.0,43.73995049595425,0.0,0.0,44.63260254689209
2050-04-30 08:00:00,0.0,0.0,0.0,0.0,0.0,34.75087500025984,0.0,43.73995049595425,0.0,0.0,44.63260254689209
2050-04-30 09:00:00,0.0,0.0,0.0,0.0,0.0,38.78225000028033,0.0,43.73995049595425,0.0,0.0,44.63260254689209
2050-04-30 10:00:00,0.0,0.0,0.0,0.0,0.0,40.66512500029057,0.0,43.73995049595425,0.0,0.0,44.63260254689209
2050-04-30 11:00:00,0.0,0.0,0.0,0.0,0.0,41.81150000018533,0.0,43.73995049595425,0.0,0.0,44.63260254689209
2050-04-30 12:00:00,0.0,0.0,0.0,0.0,0.0,41.76337500021327,0.0,43.73995049595425,0.0,0.0,44.63260254689209
2050-04-30 13:00:00,0.0,0.0,0.0,0.0,0.0,41.15812500019092,0.0,43.73995049595425,0.0,0.0,44.63260254689209
2050-04-30 14:00:00,0.0,0.0,0.0,0.0,0.0,40.20062500028871,0.0,43.73995049595425,0.0,0.0,44.63260254689209
2050-04-30 15:00:00,0.0,0.0,0.0,0.0,0.0,40.087250000215136,0.0,43.73995049595425,0.0,0.0,44.63260254689209
2050-04-30 16:00:00,0.0,0.0,0.0,0.0,0.0,39.7052500002319,0.0,41.74072046588298,0.0,0.0,42.592571903962224
2050-04-30 17:00:00,0.0,0.0,0.0,0.0,0.0,39.421875,0.0,36.90517130478711,0.0,0.0,37.6583380661093
2050-04-30 18:00:00,0.0,0.0,0.0,0.0,0.0,39.28550000023097,0.0,35.63288450630134,0.0,0.0,36.36008623091974
2050-04-30 19:00:00,0.0,0.0,0.0,0.0,0.0,42.15137500024866,0.0,38.93686646605967,0.0,0.0,39.731496393938436
2050-04-30 20:00:00,0.0,0.0,0.0,0.0,0.0,41.90862500027288,0.0,43.33636922148167,0.0,0.0,44.220784919879264
2050-04-30 21:00:00,0.0,0.0,0.0,0.0,0.0,40.37800000025891,0.0,40.34130395573364,0.0,0.0,41.164595873197605
2050-04-30 22:00:00,0.0,0.0,0.0,0.0,0.0,34.16498601320018,0.0,43.73995049595425,0.0,0.0,44.63260254689209
2050-04-30 23:00:00,0.0,0.0,0.0,0.0,0.0,35.83775000018068,0.0,43.73995049595425,0.0,0.0,44.63260254689209
2050-05-01 00:00:00,0.0,0.0,0.0,0.0,0.0,38.68275000026915,0.0,43.73995049595425,0.0,0.0,44.63260254689209
2050-05-01 01:00:00,0.0,0.0,0.0,0.0,0.0,27.952875000191852,0.0,13.160486184687342,0.0,0.0,13.429067535395248
2050-05-01 02:00:00,0.0,0.0,0.0,0.0,0.0,25.732125000213273,6.232282173340572,0.0,0.0,4.3625975213384,0.0
2050-05-01 03:00:00,0.0,0.0,0.0,0.0,0.0,24.269500000285916,19.49898217138854,0.0,0.0,13.649287519971978,0.0
2050-05-01 04:00:00,0.0,0.0,0.0,0.0,0.0,23.51825000019744,29.059919360947497,0.0,0.0,20.341943552663245,0.0
2050-05-01 05:00:00,0.0,0.0,0.0,0.0,0.0,23.052875000284985,34.64821962701239,0.0,0.0,24.25375373890867,0.0
2050-05-01 06:00:00,0.0,0.0,0.0,0.0,0.0,23.21550000028219,38.23592282011694,0.0,0.0,26.765145974081857,0.0
2050-05-01 07:00:00,0.0,0.0,0.0,0.0,0.0,23.77175000018906,39.07747660094452,0.0,0.0,27.35423362066115,0.0
2050-05-01 08:00:00,0.0,0.0,0.0,0.0,0.0,24.392375000286847,39.07747660094452,0.0,0.0,27.35423362066115,0.0
2050-05-01 09:00:00,0.0,0.0,0.0,0.0,0.0,24.695750000188127,39.07747660094452,0.0,0.0,27.35423362066115,0.0
2050-05-01 10:00:00,0.0,0.0,0.0,0.0,0.0,27.237500000279397,39.07747660094452,0.0,0.0,27.35423362066115,0.0
2050-05-01 11:00:00,0.0,0.0,0.0,0.0,0.0,29.668250000220723,39.07747660094452,0.0,0.0,27.35423362066115,0.0
2050-05-01 12:00:00,0.0,0.0,0.0,0.0,0.0,31.84387500025332,28.190270744542786,0.0,0.0,19.73318952117995,0.0
2050-05-01 13:00:00,0.0,0.0,0.0,0.0,0.0,32.82950000022538,7.879307302433814,0.0,0.0,5.515515111703669,0.0
2050-05-01 14:00:00,0.0,0.0,0.0,0.0,0.0,31.473250000271946,14.665538993700856,0.0,0.0,10.265877295590599,0.0
2050-05-01 15:00:00,0.0,0.0,0.0,0.0,0.0,30.819000000250526,27.691478074377756,0.0,0.0,19.38403465206443,0.0
2050-05-01 16:00:00,0.0,0.0,0.0,0.0,0.0,30.542375000193715,33.93130221824825,0.0,0.0,23.751911552773773,0.0
2050-05-01 17:00:00,0.0,0.0,0.0,0.0,0.0,31.20262500026729,29.279776757575412,0.0,0.0,20.495843730302788,0.0
2050-05-01 18:00:00,0.0,0.0,0.0,0.0,0.0,33.7531250002794,36.9952602297536,0.0,0.0,25.896682160827517,0.0
2050-05-01 19:00:00,0.0,0.0,0.0,0.0,0.0,37.28375000017695,38.344566639714145,0.0,0.0,26.8411966477999,0.0
2050-05-01 20:00:00,0.0,0.0,0.0,0.0,0.0,37.215000000200234,37.28271831977046,0.0,0.0,26.09790282383932,0.0
2050-05-01 21:00:00,0.0,0.0,0.0,0.0,0.0,36.03700000024401,30.992487085320228,0.0,0.0,21.694740959724157,0.0
2050-05-01 22:00:00,0.0,0.0,0.0,0.0,0.0,33.8577500001993,30.6722811611603,0.0,0.0,21.470596812812207,0.0
2050-05-01 23:00:00,0.0,0.0,0.0,0.0,0.0,30.70925000018906,30.15743939091591,0.0,0.0,21.110207573641137,0.0
2050-05-02 00:00:00,0.0,0.0,0.0,0.0,0.0,27.416875000228174,32.16284292643074,0.0,0.0,22.51399004850152,0.0
2050-05-02 01:00:00,0.0,0.0,0.0,0.0,0.0,24.66100000019651,6.8738429317473155,0.0,0.0,4.8116900522231205,0.0
2050-05-02 02:00:00,0.0,0.0,0.0,0.0,0.0,23.253625000244938,0.0,0.0,0.0,0.0,0.0
2050-05-02 03:00:00,0.0,0.0,0.0,0.0,0.0,21.929000000236556,0.0,0.0,0.0,0.0,0.0
2050-05-02 04:00:00,0.0,0.0,0.0,0.0,0.0,21.617750000208616,0.0,0.0,0.0,0.0,0.0
2050-05-02 05:00:00,0.0,0.0,0.0,0.0,0.0,22.167625000234693,0.0,0.0,0.0,0.0,0.0
2050-05-02 06:00:00,0.0,0.0,0.0,0.0,0.0,25.709000000264496,0.0,0.0,0.0,0.0,0.0
2050-05-02 07:00:00,0.0,0.0,0.0,0.0,0.0,30.723000000230968,0.0,0.0,0.0,0.0,0.0
2050-05-02 08:00:00,0.0,0.0,0.0,0.0,0.0,35.73737500025891,0.0,0.0,0.0,0.0,0.0
2050-05-02 09:00:00,0.0,0.0,0.0,0.0,0.0,37.89150000025984,0.0,5.053961266087199,0.0,0.0,5.1571033327420395
2050-05-02 10:00:00,0.0,0.0,0.0,0.0,0.0,39.01712500024587,0.0,24.427761559017796,0.0,0.0,24.9262873051202
2050-05-02 11:00:00,0.0,0.0,0.0,0.0,0.0,40.54550000024028,0.0,43.73995049595425,0.0,0.0,44.63260254689209
2050-05-02 12:00:00,0.0,0.0,0.0,0.0,0.0,40.666750000207685,0.0,35.54914410576274,0.0,0.0,36.274636842615045
2050-05-02 13:00:00,0.0,0.0,0.0,0.0,0.0,39.99887500028126,0.0,23.79409253563802,0.0,0.0,24.279686260855122
2050-05-02 14:00:00,0.0,0.0,0.0,0.0,0.0,39.52437500027008,0.0,16.540818644799103,0.0,0.0,16.878386372243988
2050-05-02 15:00:00,0.0,0.0,0.0,0.0,0.0,39.713000000221655,0.0,4.2886575554595066,0.0,0.0,4.376181179040313
2050-05-02 16:00:00,0.0,0.0,0.0,0.0,0.0,38.33975000027567,0.0,0.0,0.0,0.0,0.0
2050-05-02 17:00:00,0.0,0.0,0.0,0.0,0.0,36.21275000018068,0.0,0.0,0.0,0.0,0.0
2050-05-02 18:00:00,0.0,0.0,0.0,0.0,0.0,37.98250000027474,0.0,0.0,0.0,0.0,0.0
2050-05-02 19:00:00,0.0,0.0,0.0,0.0,0.0,40.13975000020582,0.0,0.0,0.0,0.0,0.0
2050-05-02 20:00:00,0.0,0.0,0.0,0.0,0.0,39.6528750002617,0.0,0.0,0.0,0.0,0.0
2050-05-02 21:00:00,0.0,0.0,0.0,0.0,0.0,37.84650000021793,0.0,0.0,0.0,0.0,0.0
2050-05-02 22:00:00,0.0,0.0,0.0,0.0,0.0,36.024000000208616,0.0,0.6303714765176044,0.0,0.0,0.6432362005281678
2050-05-02 23:00:00,0.0,0.0,0.0,0.0,0.0,33.3312500002794,0.0,17.190067161735893,0.0,0.0,17.540884858914175
2050-05-03 00:00:00,0.0,0.0,0.0,0.0,0.0,29.630250000278465,0.0,13.094834602308365,0.0,0.0,13.362076124804457
2050-05-03 01:00:00,0.0,0.0,0.0,0.0,0.0,26.117375000263564,0.0,6.899982624034241,0.0,0.0,7.040798595953307
2050-05-03 02:00:00,0.0,0.0,0.0,0.0,0.0,24.225125000230037,0.0,7.692405769085555,0.0,0.0,7.849393641924037
2050-05-03 03:00:00,0.0,0.0,0.0,0.0,0.0,23.429625000222586,0.0,9.191602052025328,0.0,0.0,9.379185767372784
2050-05-03 04:00:00,0.0,0.0,0.0,0.0,0.0,23.194625000236556,0.0,11.491364941680084,0.0,0.0,11.725882593551109
2050-05-03 05:00:00,0.0,0.0,0.0,0.0,0.0,23.569125000271015,0.0,16.33985034937472,0.0,0.0,16.67331668303543
2050-05-03 06:00:00,0.0,0.0,0.0,0.0,0.0,27.31137500028126,0.0,26.90909467551421,0.0,0.0,27.458259872973688
2050-05-03 07:00:00,0.0,0.0,0.0,0.0,0.0,32.14412500022445,0.0,39.774477156693365,0.0,0.0,40.58620118029936
2050-05-03 08:00:00,0.0,0.0,0.0,0.0,0.0,37.164250000263564,0.0,43.73995049595425,0.0,0.0,44.63260254689209
2050-05-03 09:00:00,0.0,0.0,0.0,0.0,0.0,30.64786320560961,0.0,43.73995049595425,0.0,0.0,44.63260254689209
2050-05-03 10:00:00,0.0,0.0,0.0,0.0,0.0,42.25337500020396,0.0,43.73995049595425,0.0,0.0,44.63260254689209
2050-05-03 11:00:00,0.0,0.0,0.0,0.0,0.0,24.127624418832966,0.0,43.73995049595425,0.0,0.0,44.63260254689209
2050-05-03 12:00:00,0.0,0.0,0.0,0.0,0.0,43.37512500025332,0.0,43.73995049595425,0.0,0.0,44.63260254689209
2050-05-03 13:00:00,0.0,0.0,0.0,0.0,0.0,42.946875000256114,0.0,43.73995049595425,0.0,0.0,44.63260254689209
2050-05-03 14:00:00,0.0,0.0,0.0,0.0,0.0,28.610515475503234,0.0,43.73995049595425,0.0,0.0,44.63260254689209
2050-05-03 15:00:00,0.0,0.0,0.0,0.0,0.0,42.80187500023749,0.0,43.73995049595425,0.0,0.0,44.63260254689209
2050-05-03 16:00:00,0.0,0.0,0.0,0.0,0.0,31.511246492940245,0.0,43.73995049595425,0.0,0.0,44.63260254689209
2050-05-03 17:00:00,0.0,0.0,0.0,0.0,0.0,38.01362500025425,0.0,43.73995049595425,0.0,0.0,44.63260254689209
2050-05-03 18:00:00,0.0,0.0,0.0,0.0,0.0,30.692067579088416,0.0,43.73995049595425,0.0,0.0,44.63260254689209
2050-05-03 19:00:00,0.0,0.0,0.0,0.0,0.0,32.39883338999198,0.0,43.73995049595425,0.0,0.0,44.63260254689209
2050-05-03 20:00:00,0.0,0.0,0.0,0.0,0.0,29.53904277151878,0.0,43.73995049595425,0.0,0.0,44.63260254689209
2050-05-03 21:00:00,0.0,0.0,0.0,0.0,0.0,26.50550479801177,0.0,43.73995049595425,0.0,0.0,44.63260254689209
2050-05-03 22:00:00,0.0,0.0,0.0,0.0,0.0,24.183453460764213,0.0,43.73995049595425,0.0,0.0,44.63260254689209
2050-05-03 23:00:00,0.0,0.0,0.0,0.0,0.0,34.509375000256114,0.0,43.73995049595425,0.0,0.0,44.63260254689209
2050-05-04 00:00:00,0.0,0.0,0.0,0.0,0.0,31.37575000023935,0.0,43.73995049595425,0.0,0.0,44.63260254689209
2050-05-04 01:00:00,0.0,0.0,0.0,0.0,0.0,28.444375000195578,0.0,43.73995049595425,0.0,0.0,44.63260254689209
2050-05-04 02:00:00,0.0,0.0,0.0,0.0,0.0,25.26862902673065,0.0,43.73995049595425,0.0,0.0,44.63260254689209
2050-05-04 03:00:00,0.0,0.0,0.0,0.0,0.0,23.87037500028964,0.0,42.27514076071268,0.0,0.0,43.1378987354211
2050-05-04 04:00:00,0.0,0.0,0.0,0.0,0.0,22.78325000021141,0.0,28.304235139077548,0.0,0.0,28.88187259089546
2050-05-04 05:00:00,0.0,0.0,0.0,0.0,0.0,0.11489854330147864,0.0,0.0,0.0,0.0,0.0
2050-05-04 06:00:00,0.0,0.0,0.0,0.0,0.0,23.088625000207685,0.0,0.0,0.0,0.0,0.0
2050-05-04 07:00:00,0.0,0.0,0.0,0.0,0.0,24.39225000026636,0.0,0.0,0.0,0.0,0.0
2050-05-04 08:00:00,0.0,0.0,0.0,0.0,0.0,28.074625000241213,0.0,0.0,0.0,0.0,0.0
2050-05-04 09:00:00,0.0,0.0,0.0,0.0,0.0,0.07572907715029942,0.0,0.0,0.0,0.0,0.0
2050-05-04 10:00:00,0.0,0.0,0.0,0.0,0.0,0.18566784401400582,0.0,0.0,0.0,0.0,0.0
2050-05-04 11:00:00,0.0,0.0,0.0,0.0,0.0,35.85687500028871,0.0,0.0,0.0,0.0,0.0
2050-05-04 12:00:00,0.0,0.0,0.0,0.0,0.0,0.08237363652688146,0.0,0.0,0.0,0.0,0.0
2050-05-04 13:00:00,0.0,0.0,0.0,0.0,0.0,37.434375000186265,0.0,0.0,0.0,0.0,0.0
2050-05-04 14:00:00,0.0,0.0,0.0,0.0,0.0,37.054125000257045,0.0,0.0,0.0,0.0,0.0
2050-05-04 15:00:00,0.0,0.0,0.0,0.0,0.0,7.487268788923302,0.0,0.0,0.0,0.0,0.0
2050-05-04 16:00:00,0.0,0.0,0.0,0.0,0.0,9.402695835935901,0.0,0.0,0.0,0.0,0.0
2050-05-04 17:00:00,0.0,0.0,0.0,0.0,0.0,34.89112500019837,0.0,0.0,0.0,0.0,0.0
2050-05-04 18:00:00,0.0,0.0,0.0,0.0,0.0,11.006909391922363,0.0,0.0,0.0,0.0,0.0
2050-05-04 19:00:00,0.0,0.0,0.0,0.0,0.0,13.499949797367208,0.0,0.0,0.0,0.0,0.0
2050-05-04 20:00:00,0.0,0.0,0.0,0.0,0.0,38.677875000284985,0.0,0.0,0.0,0.0,0.0
2050-05-04 21:00:00,0.0,0.0,0.0,0.0,0.0,37.183625000179745,0.0,0.0,0.0,0.0,0.0
2050-05-04 22:00:00,0.0,0.0,0.0,0.0,0.0,5.489021732953006,0.0,0.0,0.0,0.0,0.0
2050-05-04 23:00:00,0.0,0.0,0.0,0.0,0.0,32.70712500018999,0.0,0.0,0.0,0.0,0.0
2050-05-05 00:00:00,0.0,0.0,0.0,0.0,0.0,20.095255943961547,0.0,0.0,0.0,0.0,0.0
2050-05-05 01:00:00,0.0,0.0,0.0,0.0,0.0,27.564875000272878,1.861765824600628,0.0,0.0,1.3032360772204394,0.0
2050-05-05 02:00:00,0.0,0.0,0.0,0.0,0.0,25.602000000188127,15.75226090619779,0.0,0.0,11.026582634338453,0.0
2050-05-05 03:00:00,0.0,0.0,0.0,0.0,0.0,23.856250000186265,25.75503319519673,0.0,0.0,18.02852323663771,0.0
2050-05-05 04:00:00,0.0,0.0,0.0,0.0,0.0,22.823375000269152,39.07747660094452,0.0,0.0,27.35423362066115,0.0
2050-05-05 05:00:00,0.0,0.0,0.0,0.0,0.0,22.428375000250526,39.07747660094452,0.0,0.0,27.35423362066115,0.0
2050-05-05 06:00:00,0.0,0.0,0.0,0.0,0.0,22.342125000199303,39.07747660094452,0.0,0.0,27.35423362066115,0.0
2050-05-05 07:00:00,0.0,0.0,0.0,0.0,0.0,22.879875000216998,39.07747660094452,0.0,0.0,27.35423362066115,0.0
2050-05-05 08:00:00,0.0,0.0,0.0,0.0,0.0,24.202125000185333,39.07747660094452,0.0,0.0,27.35423362066115,0.0
2050-05-05 09:00:00,0.0,0.0,0.0,0.0,0.0,24.79937500017695,39.07747660094452,0.0,0.0,27.35423362066115,0.0
2050-05-05 10:00:00,0.0,0.0,0.0,0.0,0.0,27.157250000280328,39.07747660094452,0.0,0.0,27.35423362066115,0.0
2050-05-05 11:00:00,0.0,0.0,0.0,0.0,0.0,29.798000000184402,39.07747660094452,0.0,0.0,27.35423362066115,0.0
2050-05-05 12:00:00,0.0,0.0,0.0,0.0,0.0,32.948625000193715,39.07747660094452,0.0,0.0,27.35423362066115,0.0
2050-05-05 13:00:00,0.0,0.0,0.0,0.0,0.0,34.75037500017788,39.07747660094452,0.0,0.0,27.35423362066115,0.0
2050-05-05 14:00:00,0.0,0.0,0.0,0.0,0.0,35.06212500028778,39.07747660094452,0.0,0.0,27.35423362066115,0.0
2050-05-05 15:00:00,0.0,0.0,0.0,0.0,0.0,34.490250000264496,32.50187922652948,0.0,0.0,22.751315458570637,0.0
2050-05-05 16:00:00,0.0,0.0,0.0,0.0,0.0,33.93287500028964,38.378901935936234,0.0,0.0,26.865231355155363,0.0
2050-05-05 17:00:00,0.0,0.0,0.0,0.0,0.0,34.0011250001844,39.07747660094452,0.0,0.0,27.35423362066115,0.0
2050-05-05 18:00:00,0.0,0.0,0.0,0.0,0.0,36.944750000257045,31.70064651267888,0.0,0.0,22.190452558875215,0.0
2050-05-05 19:00:00,0.0,0.0,0.0,0.0,0.0,39.710875000222586,7.601782266236891,0.0,0.0,5.321247586365824,0.0
2050-05-05 20:00:00,0.0,0.0,0.0,0.0,0.0,39.50075000023935,9.49301463496869,0.0,0.0,6.645110244478082,0.0
2050-05-05 21:00:00,0.0,0.0,0.0,0.0,0.0,38.29150000028312,5.991653024499108,0.0,0.0,4.194157117149375,0.0
2050-05-05 22:00:00,0.0,0.0,0.0,0.0,0.0,35.92462500021793,0.0,0.0,0.0,0.0,0.0
2050-05-05 23:00:00,0.0,0.0,0.0,0.0,0.0,32.7483750001993,2.47481009330329,0.0,0.0,1.7323670653123031,0.0
2050-05-06 00:00:00,0.0,0.0,0.0,0.0,0.0,29.303125000209548,12.718783785274063,0.0,0.0,8.903148649691843,0.0
2050-05-06 01:00:00,0.0,0.0,0.0,0.0,0.0,26.48837500018999,14.211868065899779,0.0,0.0,9.948307646129845,0.0
2050-05-06 02:00:00,0.0,0.0,0.0,0.0,0.0,24.132000000216067,13.675230588727267,0.0,0.0,9.572661412109086,0.0
2050-05-06 03:00:00,0.0,0.0,0.0,0.0,0.0,23.005875000264496,10.670254368181304,0.0,0.0,7.4691780577269125,0.0
2050-05-06 04:00:00,0.0,0.0,0.0,0.0,0.0,23.010875000269152,7.006943682299205,0.0,0.0,4.904860577609443,0.0
2050-05-06 05:00:00,0.0,0.0,0.0,0.0,0.0,23.430750000290573,1.7469268392328985,0.0,0.0,1.222848787463029,0.0
2050-05-06 06:00:00,0.0,0.0,0.0,0.0,0.0,27.178125000209548,0.0,0.0,0.0,0.0,0.0
2050-05-06 07:00:00,0.0,0.0,0.0,0.0,0.0,31.876750000286847,0.0,0.0,0.0,0.0,0.0
2050-05-06 08:00:00,0.0,0.0,0.0,0.0,0.0,36.53937500028405,0.0,0.0,0.0,0.0,0.0
2050-05-06 09:00:00,0.0,0.0,0.0,0.0,0.0,38.64412500022445,0.0,0.0,0.0,0.0,0.0
2050-05-06 10:00:00,0.0,0.0,0.0,0.0,0.0,41.480500000179745,0.0,0.0,0.0,0.0,0.0
2050-05-06 11:00:00,0.0,0.0,0.0,0.0,0.0,42.99787500023376,0.0,0.0,0.0,0.0,0.0
2050-05-06 12:00:00,0.0,0.0,0.0,0.0,0.0,43.332000000285916,0.0,0.0,0.0,0.0,0.0
2050-05-06 13:00:00,0.0,0.0,0.0,0.0,0.0,42.58287500019651,3.7947812442193722,0.0,0.0,2.6563468709535605,0.0
2050-05-06 14:00:00,0.0,0.0,0.0,0.0,0.0,41.855000000214204,4.918472317478482,0.0,0.0,3.4429306222349374,0.0
2050-05-06 15:00:00,0.0,0.0,0.0,0.0,0.0,42.08100000023842,6.731112323623677,0.0,0.0,4.7117786265365735,0.0
2050-05-06 16:00:00,0.0,0.0,0.0,0.0,0.0,40.56137500028126,14.369473079522976,0.0,0.0,10.058631155666083,0.0
2050-05-06 17:00:00,0.0,0.0,0.0,0.0,0.0,37.680375000229105,24.308826073205196,0.0,0.0,17.016178251243637,0.0
2050-05-06 18:00:00,0.0,0.0,0.0,0.0,0.0,40.08775000018068,28.6530954635884,0.0,0.0,20.057166824511878,0.0
2050-05-06 19:00:00,0.0,0.0,0.0,0.0,0.0,41.979875000193715,32.98948385815312,0.0,0.0,23.092638700707184,0.0
2050-05-06 20:00:00,0.0,0.0,0.0,0.0,0.0,40.84287500020582,34.95569694469056,0.0,0.0,24.468987861283388,0.0
2050-05-06 21:00:00,0.0,0.0,0.0,0.0,0.0,39.01475000020582,36.699658351473104,0.0,0.0,25.68976084603117,0.0
2050-05-06 22:00:00,0.0,0.0,0.0,0.0,0.0,36.92287500028033,17.946353439685694,0.0,0.0,12.562447407779985,0.0
2050-05-06 23:00:00,0.0,0.0,0.0,0.0,0.0,33.62850000022445,39.07747660094452,0.0,0.0,27.35423362066115,0.0
2050-05-07 00:00:00,0.0,0.0,0.0,0.0,0.0,29.940625000279397,39.07747660094452,0.0,0.0,27.35423362066115,0.0
2050-05-07 01:00:00,0.0,0.0,0.0,0.0,0.0,27.025125000276603,39.07747660094452,0.0,0.0,27.35423362066115,0.0
2050-05-07 02:00:00,0.0,0.0,0.0,0.0,0.0,24.944625000236556,39.07747660094452,0.0,0.0,27.35423362066115,0.0
2050-05-07 03:00:00,0.0,0.0,0.0,0.0,0.0,23.948000000207685,39.07747660094452,0.0,0.0,27.35423362066115,0.0
2050-05-07 04:00:00,0.0,0.0,0.0,0.0,0.0,23.354625000269152,39.07747660094452,0.0,0.0,27.35423362066115,0.0
2050-05-07 05:00:00,0.0,0.0,0.0,0.0,0.0,23.79762500023935,39.07747660094452,0.0,0.0,27.35423362066115,0.0
2050-05-07 06:00:00,0.0,0.0,0.0,0.0,0.0,27.76687500020489,39.07747660094452,0.0,0.0,27.35423362066115,0.0
2050-05-07 07:00:00,0.0,0.0,0.0,0.0,0.0,32.586125000263564,39.07747660094452,0.0,0.0,27.35423362066115,0.0
2050-05-07 08:00:00,0.0,0.0,0.0,0.0,0.0,37.05925000028219,39.07747660094452,0.0,0.0,27.35423362066115,0.0
2050-05-07 09:00:00,0.0,0.0,0.0,0.0,0.0,39.195250000222586,39.07747660094452,0.0,0.0,27.35423362066115,0.0
2050-05-07 10:00:00,0.0,0.0,0.0,0.0,0.0,39.97575000021607,39.07747660094452,0.0,0.0,27.35423362066115,0.0
2050-05-07 11:00:00,0.0,0.0,0.0,0.0,0.0,40.95450000022538,39.07747660094452,0.0,0.0,27.35423362066115,0.0
2050-05-07 12:00:00,0.0,0.0,0.0,0.0,0.0,41.45087500021327,39.07747660094452,0.0,0.0,27.35423362066115,0.0
2050-05-07 13:00:00,0.0,0.0,0.0,0.0,0.0,40.75750000018161,39.07747660094452,0.0,0.0,27.35423362066115,0.0
2050-05-07 14:00:00,0.0,0.0,0.0,0.0,0.0,40.57550000026822,39.07747660094452,0.0,0.0,27.35423362066115,0.0
2050-05-07 15:00:00,0.0,0.0,0.0,0.0,0.0,41.03550000023097,39.07747660094452,0.0,0.0,27.35423362066115,0.0
2050-05-07 16:00:00,0.0,0.0,0.0,0.0,0.0,40.600250000250526,39.07747660094452,0.0,0.0,27.35423362066115,0.0
2050-05-07 17:00:00,0.0,0.0,0.0,0.0,0.0,39.11512500024401,39.07747660094452,0.0,0.0,27.35423362066115,0.0
2050-05-07 18:00:00,0.0,0.0,0.0,0.0,0.0,41.86300000024494,39.07747660094452,0.0,0.0,27.35423362066115,0.0
2050-05-07 19:00:00,0.0,0.0,0.0,0.0,0.0,42.2171250001993,39.07747660094452,0.0,0.0,27.35423362066115,0.0
2050-05-07 20:00:00,0.0,0.0,0.0,0.0,0.0,40.98512500023935,39.07747660094452,0.0,0.0,27.35423362066115,0.0
2050-05-07 21:00:00,0.0,0.0,0.0,0.0,0.0,39.057375000207685,39.07747660094452,0.0,0.0,27.35423362066115,0.0
2050-05-07 22:00:00,0.0,0.0,0.0,0.0,0.0,36.80225000018254,18.578442260355445,0.0,0.0,13.00490958224881,0.0
2050-05-07 23:00:00,0.0,0.0,0.0,0.0,0.0,33.53687500022352,1.4996901896421946,0.0,0.0,1.0497831327495362,0.0
2050-05-08 00:00:00,0.0,0.0,0.0,0.0,0.0,30.00325000018347,0.0,0.0,0.0,0.0,0.0
2050-05-08 01:00:00,0.0,0.0,0.0,0.0,0.0,26.991250000195578,0.0,0.0,0.0,0.0,0.0
2050-05-08 02:00:00,0.0,0.0,0.0,0.0,0.0,25.256250000209548,0.0,0.0,0.0,0.0,0.0
2050-05-08 03:00:00,0.0,0.0,0.0,0.0,0.0,23.982250000233762,7.339744680151469,0.0,0.0,5.137821276106028,0.0
2050-05-08 04:00:00,0.0,0.0,0.0,0.0,0.0,23.589250000193715,16.44165351754141,0.0,0.0,11.509157462278987,0.0
2050-05-08 05:00:00,0.0,0.0,0.0,0.0,0.0,24.112500000279397,20.954442038193065,0.0,0.0,14.668109426735144,0.0
2050-05-08 06:00:00,0.0,0.0,0.0,0.0,0.0,28.244625000283122,22.81190055726703,0.0,0.0,15.968330390086921,0.0
2050-05-08 07:00:00,0.0,0.0,0.0,0.0,0.0,33.40812500019092,18.35629518363345,0.0,0.0,12.849406628543413,0.0
2050-05-08 08:00:00,0.0,0.0,0.0,0.0,0.0,39.119250000221655,9.797127983121264,0.0,0.0,6.857989588184885,0.0
2050-05-08 09:00:00,0.0,0.0,0.0,0.0,0.0,41.90087500028312,7.234847652667263,0.0,0.0,5.064393356867083,0.0
2050-05-08 10:00:00,0.0,0.0,0.0,0.0,0.0,42.68825000023935,0.0,0.0,0.0,0.0,0.0
2050-05-08 11:00:00,0.0,0.0,0.0,0.0,0.0,43.717000000178814,0.0,0.0,0.0,0.0,0.0
2050-05-08 12:00:00,0.0,0.0,0.0,0.0,0.0,43.88975000020582,0.0,0.0,0.0,0.0,0.0
2050-05-08 13:00:00,0.0,0.0,0.0,0.0,0.0,41.95050000026822,4.4519876785030235,0.0,0.0,3.116391374952116,0.0
2050-05-08 14:00:00,0.0,0.0,0.0,0.0,0.0,40.55187500023749,7.290303386664071,0.0,0.0,5.103212370664849,0.0
2050-05-08 15:00:00,0.0,0.0,0.0,0.0,0.0,40.9552500002319,4.9425987303802685,0.0,0.0,3.459819111266188,0.0
2050-05-08 16:00:00,0.0,0.0,0.0,0.0,0.0,40.384250000235625,12.726499319338448,0.0,0.0,8.908549523536912,0.0
2050-05-08 17:00:00,0.0,0.0,0.0,0.0,0.0,39.05037500022445,19.687275951874643,0.0,0.0,13.78109316631225,0.0
2050-05-08 18:00:00,0.0,0.0,0.0,0.0,0.0,41.317750000278465,11.805819656911957,0.0,0.0,8.26407375983837,0.0
2050-05-08 19:00:00,0.0,0.0,0.0,0.0,0.0,41.98537500028033,9.36184349511128,0.0,0.0,6.553290446577896,0.0
2050-05-08 20:00:00,0.0,0.0,0.0,0.0,0.0,40.75262500019744,13.732056017868146,0.0,0.0,9.612439212507702,0.0
2050-05-08 21:00:00,0.0,0.0,0.0,0.0,0.0,38.82737500022631,19.981636733256234,0.0,0.0,13.987145713279363,0.0
2050-05-08 22:00:00,0.0,0.0,0.0,0.0,0.0,36.743625000235625,10.264638446340747,0.0,0.0,7.185246912438522,0.0
2050-05-08 23:00:00,0.0,0.0,0.0,0.0,0.0,33.45025000022724,23.632362768882544,0.0,0.0,16.54265393821778,0.0
2050-05-09 00:00:00,0.0,0.0,0.0,0.0,0.0,29.58087500021793,39.07747660094452,0.0,0.0,27.35423362066115,0.0
2050-05-09 01:00:00,0.0,0.0,0.0,0.0,0.0,26.721125000272878,39.07747660094452,0.0,0.0,27.35423362066115,0.0
2050-05-09 02:00:00,0.0,0.0,0.0,0.0,0.0,24.461875000270084,39.07747660094452,0.0,0.0,27.35423362066115,0.0
2050-05-09 03:00:00,0.0,0.0,0.0,0.0,0.0,23.37700000021141,39.07747660094452,0.0,0.0,27.35423362066115,0.0
2050-05-09 04:00:00,0.0,0.0,0.0,0.0,0.0,23.039125000243075,39.07747660094452,0.0,0.0,27.35423362066115,0.0
2050-05-09 05:00:00,0.0,0.0,0.0,0.0,0.0,23.545375000219792,39.07747660094452,0.0,0.0,27.35423362066115,0.0
2050-05-09 06:00:00,0.0,0.0,0.0,0.0,0.0,27.274000000208616,39.07747660094452,0.0,0.0,27.35423362066115,0.0
2050-05-09 07:00:00,0.0,0.0,0.0,0.0,0.0,32.12625000020489,39.07747660094452,0.0,0.0,27.35423362066115,0.0
2050-05-09 08:00:00,0.0,0.0,0.0,0.0,0.0,36.87150000024121,39.07747660094452,0.0,0.0,27.35423362066115,0.0
2050-05-09 09:00:00,0.0,0.0,0.0,0.0,0.0,38.72000000020489,39.07747660094452,0.0,0.0,27.35423362066115,0.0
2050-05-09 10:00:00,0.0,0.0,0.0,0.0,0.0,39.916125000221655,39.07747660094452,0.0,0.0,27.35423362066115,0.0
2050-05-09 11:00:00,0.0,0.0,0.0,0.0,0.0,40.93700000026729,39.07747660094452,0.0,0.0,27.35423362066115,0.0
2050-05-09 12:00:00,0.0,0.0,0.0,0.0,0.0,41.102750000194646,39.07747660094452,0.0,0.0,27.35423362066115,0.0
2050-05-09 13:00:00,0.0,0.0,0.0,0.0,0.0,40.53187500021886,39.07747660094452,0.0,0.0,27.35423362066115,0.0
2050-05-09 14:00:00,0.0,0.0,0.0,0.0,0.0,40.368750000256114,39.07747660094452,0.0,0.0,27.35423362066115,0.0
2050-05-09 15:00:00,0.0,0.0,0.0,0.0,0.0,40.65925000025891,31.66550589506111,0.0,0.0,22.165854126542776,0.0
2050-05-09 16:00:00,0.0,0.0,0.0,0.0,0.0,39.56037500023376,30.679967952734103,0.0,0.0,21.47597756691387,0.0
2050-05-09 17:00:00,0.0,0.0,0.0,0.0,0.0,37.78562500025146,37.50823190370993,0.0,0.0,26.255762332596948,0.0
2050-05-09 18:00:00,0.0,0.0,0.0,0.0,0.0,40.36487500020303,33.83341137514904,0.0,0.0,23.68338796260433,0.0
2050-05-09 19:00:00,0.0,0.0,0.0,0.0,0.0,41.92212500027381,14.142870265627145,0.0,0.0,9.900009185939002,0.0
2050-05-09 20:00:00,0.0,0.0,0.0,0.0,0.0,40.77712500025518,0.0,0.0,0.0,0.0,0.0
2050-05-09 21:00:00,0.0,0.0,0.0,0.0,0.0,38.89600000018254,0.0,0.0,0.0,0.0,0.0
2050-05-09 22:00:00,0.0,0.0,0.0,0.0,0.0,36.85850000020582,0.0,0.0,0.0,0.0,0.0
2050-05-09 23:00:00,0.0,0.0,0.0,0.0,0.0,33.88125000020955,0.0,0.0,0.0,0.0,0.0
2050-05-10 00:00:00,0.0,0.0,0.0,0.0,0.0,30.2778750002617,0.0,0.0,0.0,0.0,0.0
2050-05-10 01:00:00,0.0,0.0,0.0,0.0,0.0,26.787500000209548,0.9273357029751566,0.0,0.0,0.6491349920826095,0.0
2050-05-10 02:00:00,0.0,0.0,0.0,0.0,0.0,24.340625000186265,12.204166875936629,0.0,0.0,8.542916813155639,0.0
2050-05-10 03:00:00,0.0,0.0,0.0,0.0,0.0,23.176250000251457,28.964804665740296,0.0,0.0,20.275363266018207,0.0
2050-05-10 04:00:00,0.0,0.0,0.0,0.0,0.0,22.385000000242144,39.07747660094452,0.0,0.0,27.354233620661162,0.0
2050-05-10 05:00:00,0.0,0.0,0.0,0.0,0.0,22.658625000272878,39.07747660094452,0.0,0.0,27.35423362066115,0.0
2050-05-10 06:00:00,0.0,0.0,0.0,0.0,0.0,26.36400000017602,39.07747660094452,0.0,0.0,27.35423362066115,0.0
2050-05-10 07:00:00,0.0,0.0,0.0,0.0,0.0,31.689875000272878,39.07747660094452,0.0,0.0,27.35423362066115,0.0
2050-05-10 08:00:00,0.0,0.0,0.0,0.0,0.0,36.194750000257045,39.07747660094452,0.0,0.0,27.35423362066115,0.0
2050-05-10 09:00:00,0.0,0.0,0.0,0.0,0.0,37.94625000027008,39.07747660094452,0.0,0.0,27.35423362066115,0.0
2050-05-10 10:00:00,0.0,0.0,0.0,0.0,0.0,39.083000000217,39.07747660094452,0.0,0.0,27.35423362066115,0.0
2050-05-10 11:00:00,0.0,0.0,0.0,0.0,0.0,40.50162500026636,39.07747660094452,0.0,0.0,27.35423362066115,0.0
2050-05-10 12:00:00,0.0,0.0,0.0,0.0,0.0,39.95500000019092,39.07747660094452,0.0,0.0,27.35423362066115,0.0
2050-05-10 13:00:00,0.0,0.0,0.0,0.0,0.0,39.067000000271946,39.07747660094452,0.0,0.0,27.35423362066115,0.0
2050-05-10 14:00:00,0.0,0.0,0.0,0.0,0.0,38.6271250002319,39.07747660094452,0.0,0.0,27.35423362066115,0.0
2050-05-10 15:00:00,0.0,0.0,0.0,0.0,0.0,38.25287500023842,39.07747660094452,0.0,0.0,27.35423362066115,0.0
2050-05-10 16:00:00,0.0,0.0,0.0,0.0,0.0,36.523375000222586,39.07747660094452,0.0,0.0,27.35423362066115,0.0
2050-05-10 17:00:00,0.0,0.0,0.0,0.0,0.0,35.09162500023376,39.07747660094452,0.0,0.0,27.35423362066115,0.0
2050-05-10 18:00:00,0.0,0.0,0.0,0.0,0.0,38.16787500027567,39.07747660094452,0.0,0.0,27.35423362066115,0.0
2050-05-10 19:00:00,0.0,0.0,0.0,0.0,0.0,40.009250000235625,39.07747660094452,0.0,0.0,27.35423362066115,0.0
2050-05-10 20:00:00,0.0,0.0,0.0,0.0,0.0,38.24062500020955,39.07747660094452,0.0,0.0,27.35423362066115,0.0
2050-05-10 21:00:00,0.0,0.0,0.0,0.0,0.0,36.37775000021793,39.07747660094452,0.0,0.0,27.35423362066115,0.0
2050-05-10 22:00:00,0.0,0.0,0.0,0.0,0.0,34.787750000250526,39.07747660094452,0.0,0.0,27.35423362066115,0.0
2050-05-10 23:00:00,0.0,0.0,0.0,0.0,0.0,32.62137500022072,39.07747660094452,0.0,0.0,27.35423362066115,0.0
2050-05-11 00:00:00,0.0,0.0,0.0,0.0,0.0,29.498375000199303,39.07747660094452,0.0,0.0,27.35423362066115,0.0
2050-05-11 01:00:00,0.0,0.0,0.0,0.0,0.0,27.026375000248663,39.07747660094452,0.0,0.0,27.35423362066115,0.0
2050-05-11 02:00:00,0.0,0.0,0.0,0.0,0.0,24.820625000284053,39.07747660094452,0.0,0.0,27.35423362066115,0.0
2050-05-11 03:00:00,0.0,0.0,0.0,0.0,0.0,23.513500000233762,39.07747660094452,0.0,0.0,27.35423362066115,0.0
2050-05-11 04:00:00,0.0,0.0,0.0,0.0,0.0,23.01237500028219,39.07747660094452,0.0,0.0,27.35423362066115,0.0
2050-05-11 05:00:00,0.0,0.0,0.0,0.0,0.0,23.06375000020489,39.07747660094452,0.0,0.0,27.35423362066115,0.0
2050-05-11 06:00:00,0.0,0.0,0.0,0.0,0.0,23.550500000244938,39.07747660094452,0.0,0.0,27.35423362066115,0.0
2050-05-11 07:00:00,0.0,0.0,0.0,0.0,0.0,25.25612500018906,39.07747660094452,0.0,0.0,27.35423362066115,0.0
2050-05-11 08:00:00,0.0,0.0,0.0,0.0,0.0,28.05787500028964,39.07747660094452,0.0,0.0,27.35423362066115,0.0
2050-05-11 09:00:00,0.0,0.0,0.0,0.0,0.0,30.15425000025425,39.07747660094452,0.0,0.0,27.35423362066115,0.0
2050-05-11 10:00:00,0.0,0.0,0.0,0.0,0.0,33.31875000020955,20.594749143754576,0.0,0.0,14.416324400628202,0.0
2050-05-11 11:00:00,0.0,0.0,0.0,0.0,0.0,35.28475000022445,6.6237743699185,0.0,0.0,4.63664205894295,0.0
2050-05-11 12:00:00,0.0,0.0,0.0,0.0,0.0,36.1105000001844,0.0,0.0,0.0,0.0,0.0
2050-05-11 13:00:00,0.0,0.0,0.0,0.0,0.0,37.12100000027567,0.0,0.0,0.0,0.0,0.0
2050-05-11 14:00:00,0.0,0.0,0.0,0.0,0.0,36.29087500018068,0.0,0.0,0.0,0.0,0.0
2050-05-11 15:00:00,0.0,0.0,0.0,0.0,0.0,35.290375000215136,0.0,0.0,0.0,0.0,0.0
2050-05-11 16:00:00,0.0,0.0,0.0,0.0,0.0,34.14562500023749,0.0,0.0,0.0,0.0,0.0
2050-05-11 17:00:00,0.0,0.0,0.0,0.0,0.0,34.772750000236556,0.0,0.0,0.0,0.0,0.0
2050-05-11 18:00:00,0.0,0.0,0.0,0.0,0.0,37.80325000023004,0.0,16.451540821849594,0.0,0.0,16.787286552907748
2050-05-11 19:00:00,0.0,0.0,0.0,0.0,0.0,38.38512500026263,0.0,37.987524753436965,0.0,0.0,38.76278036064996
2050-05-11 20:00:00,0.0,0.0,0.0,0.0,0.0,37.473625000217,0.0,17.032774883348306,0.0,0.0,17.380382534028886
2050-05-11 21:00:00,0.0,0.0,0.0,0.0,0.0,36.47212500020396,0.0,1.0706194209831856,0.0,0.0,1.092468796921618
2050-05-11 22:00:00,0.0,0.0,0.0,0.0,0.0,35.37850000022445,0.0,17.621278167633204,0.0,0.0,17.980896089421638
2050-05-11 23:00:00,0.0,0.0,0.0,0.0,0.0,32.92112500022631,16.461326791852215,0.0,0.0,11.52292875429655,0.0
2050-05-12 00:00:00,0.0,0.0,0.0,0.0,0.0,30.195125000202097,39.07747660094452,0.0,0.0,27.35423362066115,0.0
2050-05-12 01:00:00,0.0,0.0,0.0,0.0,0.0,27.771250000223517,39.07747660094452,0.0,0.0,27.35423362066115,0.0
2050-05-12 02:00:00,0.0,0.0,0.0,0.0,0.0,25.790000000270084,39.07747660094452,0.0,0.0,27.35423362066115,0.0
2050-05-12 03:00:00,0.0,0.0,0.0,0.0,0.0,24.25475000019651,39.07747660094452,0.0,0.0,27.35423362066115,0.0
2050-05-12 04:00:00,0.0,0.0,0.0,0.0,0.0,23.191875000251457,39.07747660094452,0.0,0.0,27.35423362066115,0.0
2050-05-12 05:00:00,0.0,0.0,0.0,0.0,0.0,22.618875000276603,39.07747660094452,0.0,0.0,27.35423362066115,0.0
2050-05-12 06:00:00,0.0,0.0,0.0,0.0,0.0,22.656625000177883,39.07747660094452,0.0,0.0,27.35423362066115,0.0
2050-05-12 07:00:00,0.0,0.0,0.0,0.0,0.0,23.09325000026729,39.07747660094452,0.0,0.0,27.35423362066115,0.0
2050-05-12 08:00:00,0.0,0.0,0.0,0.0,0.0,25.011875000200234,39.07747660094452,0.0,0.0,27.35423362066115,0.0
2050-05-12 09:00:00,0.0,0.0,0.0,0.0,0.0,25.741750000277534,39.07747660094452,0.0,0.0,27.35423362066115,0.0
2050-05-12 10:00:00,0.0,0.0,0.0,0.0,0.0,28.54762500023935,8.845768548804713,0.0,0.0,6.192037984163299,0.0
2050-05-12 11:00:00,0.0,0.0,0.0,0.0,0.0,30.99987500021234,39.07747660094452,0.0,0.0,27.35423362066115,0.0
2050-05-12 12:00:00,0.0,0.0,0.0,0.0,0.0,32.695500000263564,39.07747660094452,0.0,0.0,27.35423362066115,0.0
2050-05-12 13:00:00,0.0,0.0,0.0,0.0,0.0,33.10575000022072,39.07747660094452,0.0,0.0,27.35423362066115,0.0
2050-05-12 14:00:00,0.0,0.0,0.0,0.0,0.0,32.61237500025891,39.07747660094452,0.0,0.0,27.35423362066115,0.0
2050-05-12 15:00:00,0.0,0.0,0.0,0.0,0.0,31.620500000193715,27.621961964909666,0.0,0.0,19.335373375436763,0.0
2050-05-12 16:00:00,0.0,0.0,0.0,0.0,0.0,30.994000000180677,0.0,0.0,0.0,0.0,0.0
2050-05-12 17:00:00,0.0,0.0,0.0,0.0,0.0,31.090750000206754,0.0,0.0,0.0,0.0,0.0
2050-05-12 18:00:00,0.0,0.0,0.0,0.0,0.0,34.601500000222586,25.374370495537185,0.0,0.0,17.76205934687603,0.0
2050-05-12 19:00:00,0.0,0.0,0.0,0.0,0.0,36.67725000018254,21.919810483336274,0.0,0.0,15.343867338335391,0.0
2050-05-12 20:00:00,0.0,0.0,0.0,0.0,0.0,36.77587500028312,20.78841279249107,0.0,0.0,14.551888954743747,0.0
2050-05-12 21:00:00,0.0,0.0,0.0,0.0,0.0,35.96925000019837,25.822148611450793,0.0,0.0,18.075504028015555,0.0
2050-05-12 22:00:00,0.0,0.0,0.0,0.0,0.0,34.11950000026263,19.854060636889116,0.0,0.0,13.89784244582238,0.0
2050-05-12 23:00:00,0.0,0.0,0.0,0.0,0.0,30.932000000262633,39.07747660094452,0.0,0.0,27.35423362066115,0.0
2050-05-13 00:00:00,0.0,0.0,0.0,0.0,0.0,27.62750000017695,39.07747660094452,0.0,0.0,27.35423362066115,0.0
2050-05-13 01:00:00,0.0,0.0,0.0,0.0,0.0,24.430625000270084,39.07747660094452,0.0,0.0,27.35423362066115,0.0
2050-05-13 02:00:00,0.0,0.0,0.0,0.0,0.0,22.38175000017509,39.07747660094452,0.0,0.0,27.35423362066115,0.0
2050-05-13 03:00:00,0.0,0.0,0.0,0.0,0.0,21.307000000262633,39.07747660094452,0.0,0.0,27.35423362066115,0.0
2050-05-13 04:00:00,0.0,0.0,0.0,0.0,0.0,20.938500000280328,39.07747660094452,0.0,0.0,27.35423362066115,0.0
2050-05-13 05:00:00,0.0,0.0,0.0,0.0,0.0,21.46475000027567,39.07747660094452,0.0,0.0,27.35423362066115,0.0
2050-05-13 06:00:00,0.0,0.0,0.0,0.0,0.0,25.261375000234693,39.07747660094452,0.0,0.0,27.35423362066115,0.0
2050-05-13 07:00:00,0.0,0.0,0.0,0.0,0.0,30.152750000241213,39.07747660094452,0.0,0.0,27.35423362066115,0.0
2050-05-13 08:00:00,0.0,0.0,0.0,0.0,0.0,34.87312500027474,39.07747660094452,0.0,0.0,27.35423362066115,0.0
2050-05-13 09:00:00,0.0,0.0,0.0,0.0,0.0,37.5968750002794,39.07747660094452,0.0,0.0,27.35423362066115,0.0
2050-05-13 10:00:00,0.0,0.0,0.0,0.0,0.0,38.540250000194646,39.07747660094452,0.0,0.0,27.35423362066115,0.0
2050-05-13 11:00:00,0.0,0.0,0.0,0.0,0.0,39.832000000285916,39.07747660094452,0.0,0.0,27.35423362066115,0.0
2050-05-13 12:00:00,0.0,0.0,0.0,0.0,0.0,40.28187500021886,39.07747660094452,0.0,0.0,27.35423362066115,0.0
2050-05-13 13:00:00,0.0,0.0,0.0,0.0,0.0,39.7,39.07747660094452,0.0,0.0,27.35423362066115,0.0
2050-05-13 14:00:00,0.0,0.0,0.0,0.0,0.0,38.51450000028126,39.07747660094452,0.0,0.0,27.35423362066115,0.0
2050-05-13 15:00:00,0.0,0.0,0.0,0.0,0.0,38.949250000179745,39.07747660094452,0.0,0.0,27.35423362066115,0.0
2050-05-13 16:00:00,0.0,0.0,0.0,0.0,0.0,38.14350000023842,39.07747660094452,0.0,0.0,27.35423362066115,0.0
2050-05-13 17:00:00,0.0,0.0,0.0,0.0,0.0,36.26925000024494,39.07747660094452,0.0,0.0,27.35423362066115,0.0
2050-05-13 18:00:00,0.0,0.0,0.0,0.0,0.0,39.06925000017509,39.07747660094452,0.0,0.0,27.35423362066115,0.0
2050-05-13 19:00:00,0.0,0.0,0.0,0.0,0.0,41.417500000214204,39.07747660094452,0.0,0.0,27.35423362066115,0.0
2050-05-13 20:00:00,0.0,0.0,0.0,0.0,0.0,39.24850000021979,39.07747660094452,0.0,0.0,27.35423362066115,0.0
2050-05-13 21:00:00,0.0,0.0,0.0,0.0,0.0,37.29550000024028,39.07747660094452,0.0,0.0,27.35423362066115,0.0
2050-05-13 22:00:00,0.0,0.0,0.0,0.0,0.0,34.70400000025984,39.07747660094452,0.0,0.0,27.35423362066115,0.0
2050-05-13 23:00:00,0.0,0.0,0.0,0.0,0.0,31.037000000244007,39.07747660094452,0.0,0.0,27.35423362066115,0.0
2050-05-14 00:00:00,0.0,0.0,0.0,0.0,0.0,27.523250000202097,39.07747660094452,0.0,0.0,27.35423362066115,0.0
2050-05-14 01:00:00,0.0,0.0,0.0,0.0,0.0,24.893750000279397,39.07747660094452,0.0,0.0,27.35423362066115,0.0
2050-05-14 02:00:00,0.0,0.0,0.0,0.0,0.0,22.988750000251457,39.07747660094452,0.0,0.0,27.35423362066115,0.0
2050-05-14 03:00:00,0.0,0.0,0.0,0.0,0.0,21.993500000215136,39.07747660094452,0.0,0.0,27.35423362066115,0.0
2050-05-14 04:00:00,0.0,0.0,0.0,0.0,0.0,21.583000000216998,39.07747660094452,0.0,0.0,27.35423362066115,0.0
2050-05-14 05:00:00,0.0,0.0,0.0,0.0,0.0,22.23175000026822,39.07747660094452,0.0,0.0,27.35423362066115,0.0
2050-05-14 06:00:00,0.0,0.0,0.0,0.0,0.0,25.698000000207685,34.50405878705607,0.0,0.0,24.152841150939246,0.0
2050-05-14 07:00:00,0.0,0.0,0.0,0.0,0.0,30.541250000242144,4.207538169984559,0.0,0.0,2.9452767189891915,0.0
2050-05-14 08:00:00,0.0,0.0,0.0,0.0,0.0,35.888250000192784,0.0,0.0,0.0,0.0,0.0
2050-05-14 09:00:00,0.0,0.0,0.0,0.0,0.0,37.6875,0.0,0.0,0.0,0.0,0.0
2050-05-14 10:00:00,0.0,0.0,0.0,0.0,0.0,38.041000000201166,37.1825521141179,0.0,0.0,26.027786479882526,0.0
2050-05-14 11:00:00,0.0,0.0,0.0,0.0,0.0,38.40575000026729,39.07747660094452,0.0,0.0,27.35423362066115,0.0
2050-05-14 12:00:00,0.0,0.0,0.0,0.0,0.0,38.305250000208616,36.1066097180653,0.0,0.0,25.27462680264571,0.0
2050-05-14 13:00:00,0.0,0.0,0.0,0.0,0.0,37.667500000214204,26.47854713487976,0.0,0.0,18.53498299441583,0.0
2050-05-14 14:00:00,0.0,0.0,0.0,0.0,0.0,36.743000000249594,28.78328030901624,0.0,0.0,20.14829621631137,0.0
2050-05-14 15:00:00,0.0,0.0,0.0,0.0,0.0,37.162750000250526,29.925894894583067,0.0,0.0,20.948126426208145,0.0
2050-05-14 16:00:00,0.0,0.0,0.0,0.0,0.0,37.14150000025984,35.370436013860505,0.0,0.0,24.75930520970235,0.0
2050-05-14 17:00:00,0.0,0.0,0.0,0.0,0.0,35.67075000028126,39.07747660094452,0.0,0.0,27.35423362066115,0.0
2050-05-14 18:00:00,0.0,0.0,0.0,0.0,0.0,38.98525000025984,38.056044804899976,0.0,0.0,26.63923136342998,0.0
2050-05-14 19:00:00,0.0,0.0,0.0,0.0,0.0,40.06500000017695,32.49826832805016,0.0,0.0,22.74878782963511,0.0
2050-05-14 20:00:00,0.0,0.0,0.0,0.0,0.0,37.83225000021048,20.48068079233183,0.0,0.0,14.33647655463228,0.0
2050-05-14 21:00:00,0.0,0.0,0.0,0.0,0.0,35.98250000027474,0.0,0.0,0.0,0.0,0.0
2050-05-14 22:00:00,0.0,0.0,0.0,0.0,0.0,34.04425000026822,0.0,0.0,0.0,0.0,0.0
2050-05-14 23:00:00,0.0,0.0,0.0,0.0,0.0,32.368500000215136,0.0,0.0,0.0,0.0,0.0
2050-05-15 00:00:00,0.0,0.0,0.0,0.0,0.0,28.620500000193715,0.0,0.0,0.0,0.0,0.0
2050-05-15 01:00:00,0.0,0.0,0.0,0.0,0.0,25.969750000280328,0.0,0.0,0.0,0.0,0.0
2050-05-15 02:00:00,0.0,0.0,0.0,0.0,0.0,24.14475000021048,0.0,0.0,0.0,0.0,0.0
2050-05-15 03:00:00,0.0,0.0,0.0,0.0,0.0,23.04775000025984,0.0,0.0,0.0,0.0,0.0
2050-05-15 04:00:00,0.0,0.0,0.0,0.0,0.0,22.690500000258908,0.0,14.429356888711572,0.0,0.0,14.723833559909767
2050-05-15 05:00:00,0.0,0.0,0.0,0.0,0.0,23.1685000002617,0.0,19.873672862811006,0.0,0.0,20.279258023276537
2050-05-15 06:00:00,0.0,0.0,0.0,0.0,0.0,26.559500000206754,0.0,28.175173007201415,0.0,0.0,28.750176537960627
2050-05-15 07:00:00,0.0,0.0,0.0,0.0,0.0,31.246250000200234,0.0,38.41391593751021,0.0,0.0,39.19787340562267
2050-05-15 08:00:00,0.0,0.0,0.0,0.0,0.0,35.505250000278465,0.0,43.73995049595425,0.0,0.0,44.63260254689209
2050-05-15 09:00:00,0.0,0.0,0.0,0.0,0.0,37.62075000023469,0.0,43.73995049595425,0.0,0.0,44.63260254689209
2050-05-15 10:00:00,0.0,0.0,0.0,0.0,0.0,38.209750000271015,0.0,43.73995049595425,0.0,0.0,44.63260254689209
2050-05-15 11:00:00,0.0,0.0,0.0,0.0,0.0,39.74125000019558,0.0,43.73995049595425,0.0,0.0,44.63260254689209
2050-05-15 12:00:00,0.0,0.0,0.0,0.0,0.0,40.14250000019092,0.0,43.73995049595425,0.0,0.0,44.63260254689209
2050-05-15 13:00:00,0.0,0.0,0.0,0.0,0.0,39.54950000019744,0.0,43.73995049595425,0.0,0.0,44.63260254689209
2050-05-15 14:00:00,0.0,0.0,0.0,0.0,0.0,38.997000000206754,0.0,30.878603571419383,0.0,0.0,31.50877915450958
2050-05-15 15:00:00,0.0,0.0,0.0,0.0,0.0,39.520500000217,0.0,17.067916483637074,0.0,0.0,17.416241309833747
2050-05-15 16:00:00,0.0,0.0,0.0,0.0,0.0,36.880250000278465,0.0,11.110788863564625,0.0,0.0,11.337539656698597
2050-05-15 17:00:00,0.0,0.0,0.0,0.0,0.0,35.51025000028312,0.0,8.335171944540132,0.0,0.0,8.505277494428707
2050-05-15 18:00:00,0.0,0.0,0.0,0.0,0.0,38.71725000021979,0.0,8.009918040185646,0.0,0.0,8.173385755291475
2050-05-15 19:00:00,0.0,0.0,0.0,0.0,0.0,39.49875000026077,0.0,2.372535957264109,0.0,0.0,2.4209550584327646
2050-05-15 20:00:00,0.0,0.0,0.0,0.0,0.0,37.95650000020396,0.0,0.0,0.0,0.0,0.0
2050-05-15 21:00:00,0.0,0.0,0.0,0.0,0.0,36.17425000027288,0.0,0.0,0.0,0.0,0.0
2050-05-15 22:00:00,0.0,0.0,0.0,0.0,0.0,35.44250000023749,0.0,17.70947861827849,0.0,0.0,18.070896549263765
2050-05-15 23:00:00,0.0,0.0,0.0,0.0,0.0,33.8872500002617,0.0,5.845175209846674,0.0,0.0,5.964464499843545
2050-05-16 00:00:00,0.0,0.0,0.0,0.0,0.0,30.35925000021234,0.0,0.0,0.0,0.0,0.0
2050-05-16 01:00:00,0.0,0.0,0.0,0.0,0.0,27.370000000228174,0.0,0.0,0.0,0.0,0.0
2050-05-16 02:00:00,0.0,0.0,0.0,0.0,0.0,24.618250000290573,0.0,0.0,0.0,0.0,0.0
2050-05-16 03:00:00,0.0,0.0,0.0,0.0,0.0,22.999750000191852,0.0,0.0,0.0,0.0,0.0
2050-05-16 04:00:00,0.0,0.0,0.0,0.0,0.0,21.883250000188127,0.0,0.0,0.0,0.0,0.0
2050-05-16 05:00:00,0.0,0.0,0.0,0.0,0.0,23.55025000020396,0.0,3.76615044340301,0.0,0.0,3.843010656533684
2050-05-16 06:00:00,0.0,0.0,0.0,0.0,0.0,27.15825000021141,0.0,21.139986301276316,0.0,0.0,21.5714145931391
2050-05-16 07:00:00,0.0,0.0,0.0,0.0,0.0,31.492750000208616,0.0,27.796209327609382,0.0,0.0,28.363478905723863
2050-05-16 08:00:00,0.0,0.0,0.0,0.0,0.0,35.90550000022631,0.0,31.55949663600918,0.0,0.0,32.203567995927735
2050-05-16 09:00:00,0.0,0.0,0.0,0.0,0.0,36.96200000029057,0.0,27.554307581602462,0.0,0.0,28.116640389390266
2050-05-16 10:00:00,0.0,0.0,0.0,0.0,0.0,37.01925000024494,0.0,43.73995049595425,0.0,0.0,44.63260254689209
2050-05-16 11:00:00,0.0,0.0,0.0,0.0,0.0,38.72750000027008,0.0,43.73995049595425,0.0,0.0,44.63260254689209
2050-05-16 12:00:00,0.0,0.0,0.0,0.0,0.0,38.728500000201166,0.0,43.73995049595425,0.0,0.0,44.63260254689209
2050-05-16 13:00:00,0.0,0.0,0.0,0.0,0.0,37.945250000222586,0.0,43.73995049595425,0.0,0.0,44.63260254689209
2050-05-16 14:00:00,0.0,0.0,0.0,0.0,0.0,36.918750000186265,0.0,43.73995049595425,0.0,0.0,44.63260254689209
2050-05-16 15:00:00,0.0,0.0,0.0,0.0,0.0,36.64300000027288,0.0,43.73995049595425,0.0,0.0,44.63260254689209
2050-05-16 16:00:00,0.0,0.0,0.0,0.0,0.0,36.228000000235625,0.0,43.73995049595425,0.0,0.0,44.63260254689209
2050-05-16 17:00:00,0.0,0.0,0.0,0.0,0.0,35.19025000021793,0.0,43.73995049595425,0.0,0.0,44.63260254689209
2050-05-16 18:00:00,0.0,0.0,0.0,0.0,0.0,39.083000000217,0.0,43.73995049595425,0.0,0.0,44.63260254689209
2050-05-16 19:00:00,0.0,0.0,0.0,0.0,0.0,39.29550000024028,0.0,43.73995049595425,0.0,0.0,44.63260254689209
2050-05-16 20:00:00,0.0,0.0,0.0,0.0,0.0,38.05925000028219,0.0,43.73995049595425,0.0,0.0,44.63260254689209
2050-05-16 21:00:00,0.0,0.0,0.0,0.0,0.0,37.242750000208616,0.0,43.73995049595425,0.0,0.0,44.63260254689209
2050-05-16 22:00:00,0.0,0.0,0.0,0.0,0.0,35.5150000002468,0.0,43.73995049595425,0.0,0.0,44.63260254689209
2050-05-16 23:00:00,0.0,0.0,0.0,0.0,0.0,33.34450000023935,0.0,43.73995049595425,0.0,0.0,44.63260254689209
2050-05-17 00:00:00,0.0,0.0,0.0,0.0,0.0,30.06050000025425,0.0,43.73995049595425,0.0,0.0,44.63260254689209
2050-05-17 01:00:00,0.0,0.0,0.0,0.0,0.0,27.459838164540997,0.0,43.73995049595425,0.0,0.0,44.63260254689209
2050-05-17 02:00:00,0.0,0.0,0.0,0.0,0.0,24.05697277277477,0.0,43.73995049595425,0.0,0.0,44.63260254689209
2050-05-17 03:00:00,0.0,0.0,0.0,0.0,0.0,24.136807724921255,0.0,43.73995049595425,0.0,0.0,44.63260254689209
2050-05-17 04:00:00,0.0,0.0,0.0,0.0,0.0,24.20300000021234,0.0,43.73995049595425,0.0,0.0,44.63260254689209
2050-05-17 05:00:00,0.0,0.0,0.0,0.0,0.0,25.04675000021234,0.0,43.73995049595425,0.0,0.0,44.63260254689209
2050-05-17 06:00:00,0.0,0.0,0.0,0.0,0.0,26.963500000187196,0.0,43.73995049595425,0.0,0.0,44.63260254689209
2050-05-17 07:00:00,0.0,0.0,0.0,0.0,0.0,30.512000000220723,0.0,43.73995049595425,0.0,0.0,44.63260254689209
2050-05-17 08:00:00,0.0,0.0,0.0,0.0,0.0,27.262859194021075,0.0,43.73995049595425,0.0,0.0,44.63260254689209
2050-05-17 09:00:00,0.0,0.0,0.0,0.0,0.0,37.04325000022072,0.0,43.73995049595425,0.0,0.0,44.63260254689209
2050-05-17 10:00:00,0.0,0.0,0.0,0.0,0.0,24.05697277277477,0.0,43.73995049595425,0.0,0.0,44.63260254689209
2050-05-17 11:00:00,0.0,0.0,0.0,0.0,0.0,24.094309014290502,0.0,43.73995049595425,0.0,0.0,44.63260254689209
2050-05-17 12:00:00,0.0,0.0,0.0,0.0,0.0,27.91061270432192,0.0,43.73995049595425,0.0,0.0,44.63260254689209
2050-05-17 13:00:00,0.0,0.0,0.0,0.0,0.0,37.68975000025239,0.0,38.74783735789171,0.0,0.0,39.5386095488691
2050-05-17 14:00:00,0.0,0.0,0.0,0.0,0.0,36.6060000002617,0.0,2.0412682650270786,0.0,0.0,2.0829268010480395
2050-05-17 15:00:00,0.0,0.0,0.0,0.0,0.0,36.67475000023842,12.422765578970207,0.0,0.0,8.695935905279145,0.0
2050-05-17 16:00:00,0.0,0.0,0.0,0.0,0.0,35.26750000019092,17.850140501134504,0.0,0.0,12.495098350794152,0.0
2050-05-17 17:00:00,0.0,0.0,0.0,0.0,0.0,34.556750000221655,28.87860144393757,0.0,0.0,20.215021010756296,0.0
2050-05-17 18:00:00,0.0,0.0,0.0,0.0,0.0,38.288500000257045,39.07747660094452,0.0,0.0,27.35423362066115,0.0
2050-05-17 19:00:00,0.0,0.0,0.0,0.0,0.0,38.75325000018347,25.02425702429882,0.0,0.0,17.516979917009174,0.0
2050-05-17 20:00:00,0.0,0.0,0.0,0.0,0.0,37.40025000018068,11.931570468804882,0.0,0.0,8.352099328163417,0.0
2050-05-17 21:00:00,0.0,0.0,0.0,0.0,0.0,35.76700000022538,0.0,0.0,0.0,0.0,0.0
2050-05-17 22:00:00,0.0,0.0,0.0,0.0,0.0,34.791250000242144,0.0,0.0,0.0,0.0,0.0
2050-05-17 23:00:00,0.0,0.0,0.0,0.0,0.0,33.664000000222586,0.0,0.0,0.0,0.0,0.0
2050-05-18 00:00:00,0.0,0.0,0.0,0.0,0.0,31.214250000193715,5.061949573439648,0.0,0.0,3.543364701407753,0.0
2050-05-18 01:00:00,0.0,0.0,0.0,0.0,0.0,28.820250000222586,4.878792055244059,0.0,0.0,3.4151544386708412,0.0
2050-05-18 02:00:00,0.0,0.0,0.0,0.0,0.0,27.01450000028126,0.0,0.0,0.0,0.0,0.0
2050-05-18 03:00:00,0.0,0.0,0.0,0.0,0.0,25.42275000025984,8.79623217473074,0.0,0.0,6.157362522311518,0.0
2050-05-18 04:00:00,0.0,0.0,0.0,0.0,0.0,24.681500000180677,39.07747660094452,0.0,0.0,27.354233620661162,0.0
2050-05-18 05:00:00,0.0,0.0,0.0,0.0,0.0,24.51975000021048,39.07747660094452,0.0,0.0,27.35423362066115,0.0
2050-05-18 06:00:00,0.0,0.0,0.0,0.0,0.0,25.1060000002617,39.07747660094452,0.0,0.0,27.35423362066115,0.0
2050-05-18 07:00:00,0.0,0.0,0.0,0.0,0.0,26.745250000269152,39.07747660094452,0.0,0.0,27.35423362066115,0.0
2050-05-18 08:00:00,0.0,0.0,0.0,0.0,0.0,30.44850000028964,39.07747660094452,0.0,0.0,27.35423362066115,0.0
2050-05-18 09:00:00,0.0,0.0,0.0,0.0,0.0,32.9375,39.07747660094452,0.0,0.0,27.35423362066115,0.0
2050-05-18 10:00:00,0.0,0.0,0.0,0.0,0.0,35.20925000018906,39.07747660094452,0.0,0.0,27.35423362066115,0.0
2050-05-18 11:00:00,0.0,0.0,0.0,0.0,0.0,36.46650000021327,39.07747660094452,0.0,0.0,27.35423362066115,0.0
2050-05-18 12:00:00,0.0,0.0,0.0,0.0,0.0,35.57800000021234,39.07747660094452,0.0,0.0,27.35423362066115,0.0
2050-05-18 13:00:00,0.0,0.0,0.0,0.0,0.0,35.43275000026915,39.07747660094452,0.0,0.0,27.35423362066115,0.0
2050-05-18 14:00:00,0.0,0.0,0.0,0.0,0.0,34.79975000023842,39.07747660094452,0.0,0.0,27.35423362066115,0.0
2050-05-18 15:00:00,0.0,0.0,0.0,0.0,0.0,34.35675000026822,39.07747660094452,0.0,0.0,27.35423362066115,0.0
2050-05-18 16:00:00,0.0,0.0,0.0,0.0,0.0,33.55300000018906,39.07747660094452,0.0,0.0,27.35423362066115,0.0
2050-05-18 17:00:00,0.0,0.0,0.0,0.0,0.0,34.12600000028033,39.07747660094452,0.0,0.0,27.35423362066115,0.0
2050-05-18 18:00:00,0.0,0.0,0.0,0.0,0.0,38.17450000019744,39.07747660094452,0.0,0.0,27.35423362066115,0.0
2050-05-18 19:00:00,0.0,0.0,0.0,0.0,0.0,39.132250000257045,39.07747660094452,0.0,0.0,27.35423362066115,0.0
2050-05-18 20:00:00,0.0,0.0,0.0,0.0,0.0,38.17750000022352,39.07747660094452,0.0,0.0,27.35423362066115,0.0
2050-05-18 21:00:00,0.0,0.0,0.0,0.0,0.0,36.68525000021327,39.07747660094452,0.0,0.0,27.35423362066115,0.0
2050-05-18 22:00:00,0.0,0.0,0.0,0.0,0.0,35.01800000027288,39.07747660094452,0.0,0.0,27.35423362066115,0.0
2050-05-18 23:00:00,0.0,0.0,0.0,0.0,0.0,32.93425000028219,39.07747660094452,0.0,0.0,27.35423362066115,0.0
2050-05-19 00:00:00,0.0,0.0,0.0,0.0,0.0,30.74925000022631,39.07747660094452,0.0,0.0,27.35423362066115,0.0
2050-05-19 01:00:00,0.0,0.0,0.0,0.0,0.0,27.856500000227243,39.07747660094452,0.0,0.0,27.35423362066115,0.0
2050-05-19 02:00:00,0.0,0.0,0.0,0.0,0.0,25.40625,39.07747660094452,0.0,0.0,27.35423362066115,0.0
2050-05-19 03:00:00,0.0,0.0,0.0,0.0,0.0,24.1427500002319,39.07747660094452,0.0,0.0,27.35423362066115,0.0
2050-05-19 04:00:00,0.0,0.0,0.0,0.0,0.0,23.376000000280328,39.07747660094452,0.0,0.0,27.35423362066115,0.0
2050-05-19 05:00:00,0.0,0.0,0.0,0.0,0.0,23.023750000284053,39.07747660094452,0.0,0.0,27.35423362066115,0.0
2050-05-19 06:00:00,0.0,0.0,0.0,0.0,0.0,22.918750000186265,39.07747660094452,0.0,0.0,27.35423362066115,0.0
2050-05-19 07:00:00,0.0,0.0,0.0,0.0,0.0,23.365250000264496,39.07747660094452,0.0,0.0,27.35423362066115,0.0
2050-05-19 08:00:00,0.0,0.0,0.0,0.0,0.0,24.123500000219792,39.07747660094452,0.0,0.0,27.35423362066115,0.0
2050-05-19 09:00:00,0.0,0.0,0.0,0.0,0.0,25.93425000028219,39.07747660094452,0.0,0.0,27.35423362066115,0.0
2050-05-19 10:00:00,0.0,0.0,0.0,0.0,0.0,28.117250000243075,39.07747660094452,0.0,0.0,27.35423362066115,0.0
2050-05-19 11:00:00,0.0,0.0,0.0,0.0,0.0,30.885750000248663,39.07747660094452,0.0,0.0,27.35423362066115,0.0
2050-05-19 12:00:00,0.0,0.0,0.0,0.0,0.0,32.87750000017695,39.07747660094452,0.0,0.0,27.35423362066115,0.0
2050-05-19 13:00:00,0.0,0.0,0.0,0.0,0.0,34.55050000024494,39.07747660094452,0.0,0.0,27.35423362066115,0.0
2050-05-19 14:00:00,0.0,0.0,0.0,0.0,0.0,35.043000000179745,39.07747660094452,0.0,0.0,27.35423362066115,0.0
2050-05-19 15:00:00,0.0,0.0,0.0,0.0,0.0,34.180500000249594,39.07747660094452,0.0,0.0,27.35423362066115,0.0
2050-05-19 16:00:00,0.0,0.0,0.0,0.0,0.0,32.84400000027381,39.07747660094452,0.0,0.0,27.35423362066115,0.0
2050-05-19 17:00:00,0.0,0.0,0.0,0.0,0.0,33.79850000026636,39.07747660094452,0.0,0.0,27.35423362066115,0.0
2050-05-19 18:00:00,0.0,0.0,0.0,0.0,0.0,36.678500000271015,39.07747660094452,0.0,0.0,27.35423362066115,0.0
2050-05-19 19:00:00,0.0,0.0,0.0,0.0,0.0,37.746250000200234,39.07747660094452,0.0,0.0,27.35423362066115,0.0
2050-05-19 20:00:00,0.0,0.0,0.0,0.0,0.0,37.13800000026822,39.07747660094452,0.0,0.0,27.35423362066115,0.0
2050-05-19 21:00:00,0.0,0.0,0.0,0.0,0.0,36.289250000263564,39.07747660094452,0.0,0.0,27.35423362066115,0.0
2050-05-19 22:00:00,0.0,0.0,0.0,0.0,0.0,34.2062500002794,39.07747660094452,0.0,0.0,27.35423362066115,0.0
2050-05-19 23:00:00,0.0,0.0,0.0,0.0,0.0,31.011500000255182,39.07747660094452,0.0,0.0,27.35423362066115,0.0
2050-05-20 00:00:00,0.0,0.0,0.0,0.0,0.0,27.894250000244938,39.07747660094452,0.0,0.0,27.35423362066115,0.0
2050-05-20 01:00:00,0.0,0.0,0.0,0.0,0.0,24.91025000018999,39.07747660094452,0.0,0.0,27.35423362066115,0.0
2050-05-20 02:00:00,0.0,0.0,0.0,0.0,0.0,22.840250000241213,39.07747660094452,0.0,0.0,27.35423362066115,0.0
2050-05-20 03:00:00,0.0,0.0,0.0,0.0,0.0,21.554750000243075,39.07747660094452,0.0,0.0,27.35423362066115,0.0
2050-05-20 04:00:00,0.0,0.0,0.0,0.0,0.0,21.25225000025239,39.07747660094452,0.0,0.0,27.35423362066115,0.0
2050-05-20 05:00:00,0.0,0.0,0.0,0.0,0.0,21.42600000021048,39.07747660094452,0.0,0.0,27.35423362066115,0.0
2050-05-20 06:00:00,0.0,0.0,0.0,0.0,0.0,24.15375000028871,39.07747660094452,0.0,0.0,27.35423362066115,0.0
2050-05-20 07:00:00,0.0,0.0,0.0,0.0,0.0,27.974500000244007,39.07747660094452,0.0,0.0,27.35423362066115,0.0
2050-05-20 08:00:00,0.0,0.0,0.0,0.0,0.0,31.62900000018999,39.07747660094452,0.0,0.0,27.35423362066115,0.0
2050-05-20 09:00:00,0.0,0.0,0.0,0.0,0.0,36.13925000024028,39.07747660094452,0.0,0.0,27.35423362066115,0.0
2050-05-20 10:00:00,0.0,0.0,0.0,0.0,0.0,37.81475000025239,39.07747660094452,0.0,0.0,27.35423362066115,0.0
2050-05-20 11:00:00,0.0,0.0,0.0,0.0,0.0,39.61125000019092,39.07747660094452,0.0,0.0,27.35423362066115,0.0
2050-05-20 12:00:00,0.0,0.0,0.0,0.0,0.0,39.96950000023935,39.07747660094452,0.0,0.0,27.35423362066115,0.0
2050-05-20 13:00:00,0.0,0.0,0.0,0.0,0.0,40.37800000025891,39.07747660094452,0.0,0.0,27.35423362066115,0.0
2050-05-20 14:00:00,0.0,0.0,0.0,0.0,0.0,40.34625000017695,39.07747660094452,0.0,0.0,27.35423362066115,0.0
2050-05-20 15:00:00,0.0,0.0,0.0,0.0,0.0,39.55,39.07747660094452,0.0,0.0,27.35423362066115,0.0
2050-05-20 16:00:00,0.0,0.0,0.0,0.0,0.0,37.97500000020955,39.07747660094452,0.0,0.0,27.35423362066115,0.0
2050-05-20 17:00:00,0.0,0.0,0.0,0.0,0.0,36.490250000264496,39.07747660094452,0.0,0.0,27.35423362066115,0.0
2050-05-20 18:00:00,0.0,0.0,0.0,0.0,0.0,39.13700000022072,39.07747660094452,0.0,0.0,27.35423362066115,0.0
2050-05-20 19:00:00,0.0,0.0,0.0,0.0,0.0,37.19825000024866,39.07747660094452,0.0,0.0,27.35423362066115,0.0
2050-05-20 20:00:00,0.0,0.0,0.0,0.0,0.0,36.60400000028312,39.07747660094452,0.0,0.0,27.35423362066115,0.0
2050-05-20 21:00:00,0.0,0.0,0.0,0.0,0.0,35.226750000263564,39.07747660094452,0.0,0.0,27.35423362066115,0.0
2050-05-20 22:00:00,0.0,0.0,0.0,0.0,0.0,33.98403784201946,39.07747660094452,0.0,0.0,27.35423362066115,0.0
2050-05-20 23:00:00,0.0,0.0,0.0,0.0,0.0,32.04781323263887,39.07747660094452,0.0,0.0,27.35423362066115,0.0
2050-05-21 00:00:00,0.0,0.0,0.0,0.0,0.0,29.95877246116288,39.07747660094452,0.0,0.0,27.35423362066115,0.0
2050-05-21 01:00:00,0.0,0.0,0.0,0.0,0.0,26.701076660421677,39.07747660094452,0.0,0.0,27.35423362066115,0.0
2050-05-21 02:00:00,0.0,0.0,0.0,0.0,0.0,24.085273926029913,39.07747660094452,0.0,0.0,27.35423362066115,0.0
2050-05-21 03:00:00,0.0,0.0,0.0,0.0,0.0,22.48481396504212,39.07747660094452,0.0,0.0,27.35423362066115,0.0
2050-05-21 04:00:00,0.0,0.0,0.0,0.0,0.0,21.72972558613401,39.07747660094452,0.0,0.0,27.35423362066115,0.0
2050-05-21 05:00:00,0.0,0.0,0.0,0.0,0.0,21.52517578145489,39.07747660094452,0.0,0.0,27.35423362066115,0.0
2050-05-21 06:00:00,0.0,0.0,0.0,0.0,0.0,21.77948046894744,39.07747660094452,0.0,0.0,27.35423362066115,0.0
2050-05-21 07:00:00,0.0,0.0,0.0,0.0,0.0,23.103874023654498,39.07747660094452,0.0,0.0,27.35423362066115,0.0
2050-05-21 08:00:00,0.0,0.0,0.0,0.0,0.0,24.974261719034985,39.07747660094452,0.0,0.0,27.35423362066115,0.0
2050-05-21 09:00:00,0.0,0.0,0.0,0.0,0.0,26.643135742400773,39.07747660094452,0.0,0.0,27.35423362066115,0.0
2050-05-21 10:00:00,0.0,0.0,0.0,0.0,0.0,29.21748242212925,39.07747660094452,0.0,0.0,27.35423362066115,0.0
2050-05-21 11:00:00,0.0,0.0,0.0,0.0,0.0,30.61684960965067,39.07747660094452,0.0,0.0,27.35423362066115,0.0
2050-05-21 12:00:00,0.0,0.0,0.0,0.0,0.0,31.78282617207151,39.07747660094452,0.0,0.0,27.35423362066115,0.0
2050-05-21 13:00:00,0.0,0.0,0.0,0.0,0.0,32.63745703152381,39.07747660094452,0.0,0.0,27.35423362066115,0.0
2050-05-21 14:00:00,0.0,0.0,0.0,0.0,0.0,32.9221757814521,39.07747660094452,0.0,0.0,27.35423362066115,0.0
2050-05-21 15:00:00,0.0,0.0,0.0,0.0,0.0,32.413755859597586,39.07747660094452,0.0,0.0,27.35423362066115,0.0
2050-05-21 16:00:00,0.0,0.0,0.0,0.0,0.0,31.631974609568715,39.07747660094452,0.0,0.0,27.35423362066115,0.0
2050-05-21 17:00:00,0.0,0.0,0.0,0.0,0.0,31.944316406501457,39.07747660094452,0.0,0.0,27.35423362066115,0.0
2050-05-21 18:00:00,0.0,0.0,0.0,0.0,0.0,36.17454882839229,39.07747660094452,0.0,0.0,27.35423362066115,0.0
2050-05-21 19:00:00,0.0,0.0,0.0,0.0,0.0,37.36136718769558,39.07747660094452,0.0,0.0,27.35423362066115,0.0
2050-05-21 20:00:00,0.0,0.0,0.0,0.0,0.0,36.97913671901915,39.07747660094452,0.0,0.0,27.35423362066115,0.0
2050-05-21 21:00:00,0.0,0.0,0.0,0.0,0.0,35.50943750026636,39.07747660094452,0.0,0.0,27.35423362066115,0.0
2050-05-21 22:00:00,0.0,0.0,0.0,0.0,0.0,33.06812890653964,39.07747660094452,0.0,0.0,27.35423362066115,0.0
2050-05-21 23:00:00,0.0,0.0,0.0,0.0,0.0,30.183703125221655,39.07747660094452,0.0,0.0,27.35423362066115,0.0
2050-05-22 00:00:00,0.0,0.0,0.0,0.0,0.0,27.013703125179745,39.07747660094452,0.0,0.0,27.35423362066115,0.0
2050-05-22 01:00:00,0.0,0.0,0.0,0.0,0.0,24.816308593959548,39.07747660094452,0.0,0.0,27.35423362066115,0.0
2050-05-22 02:00:00,0.0,0.0,0.0,0.0,0.0,22.637875000247732,39.07747660094452,0.0,0.0,27.35423362066115,0.0
2050-05-22 03:00:00,0.0,0.0,0.0,0.0,0.0,21.688230469007976,39.07747660094452,0.0,0.0,27.35423362066115,0.0
2050-05-22 04:00:00,0.0,0.0,0.0,0.0,0.0,21.188437500270084,39.07747660094452,0.0,0.0,27.35423362066115,0.0
2050-05-22 05:00:00,0.0,0.0,0.0,0.0,0.0,21.670339843956754,39.07747660094452,0.0,0.0,27.35423362066115,0.0
2050-05-22 06:00:00,0.0,0.0,0.0,0.0,0.0,26.888531250180677,25.40278630139059,0.0,0.0,17.781950410973412,0.0
2050-05-22 07:00:00,0.0,0.0,0.0,0.0,0.0,31.724585937685333,5.909529884399003,0.0,0.0,4.136670919079302,0.0
2050-05-22 08:00:00,0.0,0.0,0.0,0.0,0.0,36.30016015644651,0.0,24.60437940514315,0.0,0.0,25.106509597084845
2050-05-22 09:00:00,0.0,0.0,0.0,0.0,0.0,40.26702343777288,0.0,43.73995049595425,0.0,0.0,44.63260254689209
2050-05-22 10:00:00,0.0,0.0,0.0,0.0,0.0,40.87228515651077,0.0,43.73995049595425,0.0,0.0,44.63260254689209
2050-05-22 11:00:00,0.0,0.0,0.0,0.0,0.0,41.48916406277567,0.0,43.73995049595425,0.0,0.0,44.63260254689209
2050-05-22 12:00:00,0.0,0.0,0.0,0.0,0.0,41.56525390653405,0.0,43.73995049595425,0.0,0.0,44.63260254689209
2050-05-22 13:00:00,0.0,0.0,0.0,0.0,0.0,41.104734375257976,0.0,43.73995049595425,0.0,0.0,44.63260254689209
2050-05-22 14:00:00,0.0,0.0,0.0,0.0,0.0,40.053070312715136,0.0,43.73995049595425,0.0,0.0,44.63260254689209
2050-05-22 15:00:00,0.0,0.0,0.0,0.0,0.0,40.110414062743075,0.0,43.73995049595425,0.0,0.0,44.63260254689209
2050-05-22 16:00:00,0.0,0.0,0.0,0.0,0.0,38.25958593771793,0.0,43.73995049595425,0.0,0.0,44.63260254689209
2050-05-22 17:00:00,0.0,0.0,0.0,0.0,0.0,37.84747656271793,0.0,43.73995049595425,0.0,0.0,44.63260254689209
2050-05-22 18:00:00,0.0,0.0,0.0,0.0,0.0,41.279937500250526,0.0,43.73995049595425,0.0,0.0,44.63260254689209
2050-05-22 19:00:00,0.0,0.0,0.0,0.0,0.0,25.338277563980682,0.0,43.73995049595425,0.0,0.0,44.63260254689209
2050-05-22 20:00:00,0.0,0.0,0.0,0.0,0.0,24.195360122641887,0.0,43.73995049595425,0.0,0.0,44.63260254689209
2050-05-22 21:00:00,0.0,0.0,0.0,0.0,0.0,38.19834375020582,0.0,43.73995049595425,0.0,0.0,44.63260254689209
2050-05-22 22:00:00,0.0,0.0,0.0,0.0,0.0,25.21038656713972,0.0,43.73995049595425,0.0,0.0,44.63260254689209
2050-05-22 23:00:00,0.0,0.0,0.0,0.0,0.0,32.143742187763564,0.0,43.73995049595425,0.0,0.0,44.63260254689209
2050-05-23 00:00:00,0.0,0.0,0.0,0.0,0.0,28.73432812525425,0.0,43.73995049595425,0.0,0.0,44.63260254689209
2050-05-23 01:00:00,0.0,0.0,0.0,0.0,0.0,26.036890625255182,0.0,35.40569091234088,0.0,0.0,36.1282560330009
2050-05-23 02:00:00,0.0,0.0,0.0,0.0,0.0,24.229421875206754,0.0,24.75056770052642,0.0,0.0,25.25568132706778
2050-05-23 03:00:00,0.0,0.0,0.0,0.0,0.0,23.560023437719792,0.0,24.709309627632255,0.0,0.0,25.213581252685973
2050-05-23 04:00:00,0.0,0.0,0.0,0.0,0.0,22.646820312715136,0.0,31.887372823559534,0.0,0.0,32.538135534244425
2050-05-23 05:00:00,0.0,0.0,0.0,0.0,0.0,23.213570312713273,0.0,42.01298605652871,0.0,0.0,42.87039393523338
2050-05-23 06:00:00,0.0,0.0,0.0,0.0,0.0,26.347343750181608,0.0,43.73995049595425,0.0,0.0,44.63260254689209
2050-05-23 07:00:00,0.0,0.0,0.0,0.0,0.0,31.281789062777534,0.0,43.73995049595425,0.0,0.0,44.63260254689209
2050-05-23 08:00:00,0.0,0.0,0.0,0.0,0.0,24.05697277277477,0.0,43.73995049595425,0.0,0.0,44.63260254689209
2050-05-23 09:00:00,0.0,0.0,0.0,0.0,0.0,39.98423437518068,0.0,43.73995049595425,0.0,0.0,44.63260254689209
2050-05-23 10:00:00,0.0,0.0,0.0,0.0,0.0,29.387999628808302,0.0,43.73995049595425,0.0,0.0,44.63260254689209
2050-05-23 11:00:00,0.0,0.0,0.0,0.0,0.0,41.42974218772724,0.0,43.73995049595425,0.0,0.0,44.63260254689209
2050-05-23 12:00:00,0.0,0.0,0.0,0.0,0.0,41.512101562693715,0.0,43.73995049595425,0.0,0.0,44.63260254689209
2050-05-23 13:00:00,0.0,0.0,0.0,0.0,0.0,40.18425000028219,0.0,43.73995049595425,0.0,0.0,44.63260254689209
2050-05-23 14:00:00,0.0,0.0,0.0,0.0,0.0,39.57196875021327,0.0,43.73995049595425,0.0,0.0,44.63260254689209
2050-05-23 15:00:00,0.0,0.0,0.0,0.0,0.0,24.675839210307913,0.0,43.73995049595425,0.0,0.0,44.63260254689209
2050-05-23 16:00:00,0.0,0.0,0.0,0.0,0.0,24.48609131998819,0.0,43.73995049595425,0.0,0.0,44.63260254689209
2050-05-23 17:00:00,0.0,0.0,0.0,0.0,0.0,36.47331250028219,0.0,43.73995049595425,0.0,0.0,44.63260254689209
2050-05-23 18:00:00,0.0,0.0,0.0,0.0,0.0,24.721900960035327,0.0,43.73995049595425,0.0,0.0,44.63260254689209
2050-05-23 19:00:00,0.0,0.0,0.0,0.0,0.0,24.316539233772346,0.0,43.73995049595425,0.0,0.0,44.63260254689209
2050-05-23 20:00:00,0.0,0.0,0.0,0.0,0.0,25.62528287478017,0.0,43.73995049595425,0.0,0.0,44.63260254689209
2050-05-23 21:00:00,0.0,0.0,0.0,0.0,0.0,36.7298437502468,0.0,43.73995049595425,0.0,0.0,44.63260254689209
2050-05-23 22:00:00,0.0,0.0,0.0,0.0,0.0,34.52698437520303,0.0,43.73995049595425,0.0,0.0,44.63260254689209
2050-05-23 23:00:00,0.0,0.0,0.0,0.0,0.0,31.379046875284985,0.0,42.227631251084134,0.0,0.0,43.0894196439634
2050-05-24 00:00:00,0.0,0.0,0.0,0.0,0.0,27.946000000229105,0.0,19.067633959193426,0.0,0.0,19.456769346115742
2050-05-24 01:00:00,0.0,0.0,0.0,0.0,0.0,25.20498437527567,5.853815337844523,0.0,0.0,4.097670736491166,0.0
2050-05-24 02:00:00,0.0,0.0,0.0,0.0,0.0,22.959921875270084,24.86993215770481,0.0,0.0,17.408952510393366,0.0
2050-05-24 03:00:00,0.0,0.0,0.0,0.0,0.0,21.899046875187196,39.07747660094452,0.0,0.0,27.35423362066115,0.0
2050-05-24 04:00:00,0.0,0.0,0.0,0.0,0.0,21.567484375205822,39.07747660094452,0.0,0.0,27.35423362066115,0.0
2050-05-24 05:00:00,0.0,0.0,0.0,0.0,0.0,21.953359375242144,39.07747660094452,0.0,0.0,27.35423362066115,0.0
2050-05-24 06:00:00,0.0,0.0,0.0,0.0,0.0,25.92075000028126,34.555853876345346,0.0,0.0,24.18909771344174,0.0
2050-05-24 07:00:00,0.0,0.0,0.0,0.0,0.0,31.17587500018999,34.00420087859213,0.0,0.0,23.80294061501449,0.0
2050-05-24 08:00:00,0.0,0.0,0.0,0.0,0.0,35.88004687521607,28.42807982787525,0.0,0.0,19.899655879512675,0.0
2050-05-24 09:00:00,0.0,0.0,0.0,0.0,0.0,37.8970156252617,17.88104995816485,0.0,0.0,12.516734970715396,0.0
2050-05-24 10:00:00,0.0,0.0,0.0,0.0,0.0,40.78315625025425,0.0,0.0,0.0,0.0,0.0
2050-05-24 11:00:00,0.0,0.0,0.0,0.0,0.0,41.940937500214204,16.791686316725453,0.0,0.0,11.754180421707817,0.0
2050-05-24 12:00:00,0.0,0.0,0.0,0.0,0.0,40.978515625,37.522149763264565,0.0,0.0,26.265504834285196,0.0
2050-05-24 13:00:00,0.0,0.0,0.0,0.0,0.0,39.72876562527381,39.07747660094452,0.0,0.0,27.35423362066115,0.0
2050-05-24 14:00:00,0.0,0.0,0.0,0.0,0.0,39.55673437518999,39.07747660094452,0.0,0.0,27.35423362066115,0.0
2050-05-24 15:00:00,0.0,0.0,0.0,0.0,0.0,39.79501562518999,27.97864418111636,0.0,0.0,19.58505092678145,0.0
2050-05-24 16:00:00,0.0,0.0,0.0,0.0,0.0,37.47501562524121,22.5560638224071,0.0,0.0,15.78924467568497,0.0
2050-05-24 17:00:00,0.0,0.0,0.0,0.0,0.0,35.863875000271946,20.814669803429442,0.0,0.0,14.570268862400608,0.0
2050-05-24 18:00:00,0.0,0.0,0.0,0.0,0.0,39.52823437517509,8.970453388048789,0.0,0.0,6.279317371634152,0.0
2050-05-24 19:00:00,0.0,0.0,0.0,0.0,0.0,40.38404687528964,0.0,0.0,0.0,0.0,0.0
2050-05-24 20:00:00,0.0,0.0,0.0,0.0,0.0,39.07879687519744,0.0,0.0,0.0,0.0,0.0
2050-05-24 21:00:00,0.0,0.0,0.0,0.0,0.0,37.68128125020303,0.0,0.0,0.0,0.0,0.0
2050-05-24 22:00:00,0.0,0.0,0.0,0.0,0.0,36.27489062526729,0.0,0.0,0.0,0.0,0.0
2050-05-24 23:00:00,0.0,0.0,0.0,0.0,0.0,34.01196875027381,0.0,0.0,0.0,0.0,0.0
2050-05-25 00:00:00,0.0,0.0,0.0,0.0,0.0,31.096843750216067,0.0,0.0,0.0,0.0,0.0
2050-05-25 01:00:00,0.0,0.0,0.0,0.0,0.0,28.28129687521141,0.0,0.0,0.0,0.0,0.0
2050-05-25 02:00:00,0.0,0.0,0.0,0.0,0.0,25.815500000258908,0.0,0.0,0.0,0.0,0.0
2050-05-25 03:00:00,0.0,0.0,0.0,0.0,0.0,24.28960937517695,0.0,0.0,0.0,0.0,0.0
2050-05-25 04:00:00,0.0,0.0,0.0,0.0,0.0,23.442625000257976,0.0,0.0,0.0,0.0,0.0
2050-05-25 05:00:00,0.0,0.0,0.0,0.0,0.0,23.3654062502319,0.0,0.0,0.0,0.0,0.0
2050-05-25 06:00:00,0.0,0.0,0.0,0.0,0.0,23.90807812521234,0.0,0.0,0.0,0.0,0.0
2050-05-25 07:00:00,0.0,0.0,0.0,0.0,0.0,27.200281250290573,0.0,0.0,0.0,0.0,0.0
2050-05-25 08:00:00,0.0,0.0,0.0,0.0,0.0,30.611718750209548,0.0,0.0,0.0,0.0,0.0
2050-05-25 09:00:00,0.0,0.0,0.0,0.0,0.0,34.25829687528312,0.0,0.0,0.0,0.0,0.0
2050-05-25 10:00:00,0.0,0.0,0.0,0.0,0.0,36.55970312526915,0.0,20.08409765850084,0.0,0.0,20.49397720255188
2050-05-25 11:00:00,0.0,0.0,0.0,0.0,0.0,38.26210937520955,0.0,43.73995049595425,0.0,0.0,44.63260254689209
2050-05-25 12:00:00,0.0,0.0,0.0,0.0,0.0,38.62970312521793,0.0,43.73995049595425,0.0,0.0,44.63260254689209
2050-05-25 13:00:00,0.0,0.0,0.0,0.0,0.0,38.717531250207685,0.0,43.73995049595425,0.0,0.0,44.63260254689209
2050-05-25 14:00:00,0.0,0.0,0.0,0.0,0.0,37.08900000026915,0.0,43.73995049595425,0.0,0.0,44.63260254689209
2050-05-25 15:00:00,0.0,0.0,0.0,0.0,0.0,36.66290625021793,0.0,43.73995049595425,0.0,0.0,44.63260254689209
2050-05-25 16:00:00,0.0,0.0,0.0,0.0,0.0,35.89226562518161,0.0,35.20455029232076,0.0,0.0,35.92301050236813
2050-05-25 17:00:00,0.0,0.0,0.0,0.0,0.0,35.96278125024401,0.0,27.5533858976561,0.0,0.0,28.11569989556745
2050-05-25 18:00:00,0.0,0.0,0.0,0.0,0.0,39.39545312523842,0.0,35.98360744004075,0.0,0.0,36.71796677555179
2050-05-25 19:00:00,0.0,0.0,0.0,0.0,0.0,39.51709375018254,0.0,38.52580172393643,0.0,0.0,39.31204257544534
2050-05-25 20:00:00,0.0,0.0,0.0,0.0,0.0,38.12210937519558,0.0,43.73995049595425,0.0,0.0,44.63260254689209
2050-05-25 21:00:00,0.0,0.0,0.0,0.0,0.0,36.690359375206754,0.0,43.73995049595425,0.0,0.0,44.63260254689209
2050-05-25 22:00:00,0.0,0.0,0.0,0.0,0.0,34.927312500192784,0.0,42.004905294149644,0.0,0.0,42.86214825933638
2050-05-25 23:00:00,0.0,0.0,0.0,0.0,0.0,32.83818750025239,0.0,37.58996295974676,0.0,0.0,38.35710506096608
2050-05-26 00:00:00,0.0,0.0,0.0,0.0,0.0,30.46159375028219,0.0,29.830893749926794,0.0,0.0,30.439687499925302
2050-05-26 01:00:00,0.0,0.0,0.0,0.0,0.0,27.736296875285916,0.0,23.285499810573874,0.0,0.0,23.760714092422322
2050-05-26 02:00:00,0.0,0.0,0.0,0.0,0.0,25.323343750205822,0.0,20.17178064040486,0.0,0.0,20.583449633066184
2050-05-26 03:00:00,0.0,0.0,0.0,0.0,0.0,23.80543750023935,0.0,20.45435787057311,0.0,0.0,20.871793745482766
2050-05-26 04:00:00,0.0,0.0,0.0,0.0,0.0,22.967781250248663,0.0,19.332812001254496,0.0,0.0,19.72735918495357
2050-05-26 05:00:00,0.0,0.0,0.0,0.0,0.0,22.638156250235625,0.0,18.168071016321424,0.0,0.0,18.538847975838188
2050-05-26 06:00:00,0.0,0.0,0.0,0.0,0.0,22.581093750195578,0.0,19.52019419999382,0.0,0.0,19.918565510197777
2050-05-26 07:00:00,0.0,0.0,0.0,0.0,0.0,23.201812500250526,0.0,17.29999934888946,0.0,0.0,17.653060560091287
2050-05-26 08:00:00,0.0,0.0,0.0,0.0,0.0,24.865390625200234,0.0,20.628245580904945,0.0,0.0,21.049230184596887
2050-05-26 09:00:00,0.0,0.0,0.0,0.0,0.0,26.343687500222586,0.0,24.741297597229405,0.0,0.0,25.246222037989188
2050-05-26 10:00:00,0.0,0.0,0.0,0.0,0.0,28.495359375257976,0.0,36.399172891398734,0.0,0.0,37.1420131544885
2050-05-26 11:00:00,0.0,0.0,0.0,0.0,0.0,31.242343750200234,0.0,36.966404071789384,0.0,0.0,37.72082048141774
2050-05-26 12:00:00,0.0,0.0,0.0,0.0,0.0,33.35221875028219,0.0,40.73972288363982,0.0,0.0,41.57114579963247
2050-05-26 13:00:00,0.0,0.0,0.0,0.0,0.0,34.53176689887914,0.0,43.73995049595425,0.0,0.0,44.63260254689209
2050-05-26 14:00:00,0.0,0.0,0.0,0.0,0.0,34.885375000187196,0.0,36.66273964510523,0.0,0.0,37.41095882153596
2050-05-26 15:00:00,0.0,0.0,0.0,0.0,0.0,34.29796875023749,0.0,33.65910749717799,0.0,0.0,34.3460280583449
2050-05-26 16:00:00,0.0,0.0,0.0,0.0,0.0,34.067187500186265,0.0,32.806453951091136,0.0,0.0,33.47597341948075
2050-05-26 17:00:00,0.0,0.0,0.0,0.0,0.0,34.82781250018161,0.0,26.503509879797576,0.0,0.0,27.04439783652814
2050-05-26 18:00:00,0.0,0.0,0.0,0.0,0.0,39.17663940449711,0.0,32.211956224396516,0.0,0.0,32.869343086118896
2050-05-26 19:00:00,0.0,0.0,0.0,0.0,0.0,40.094271240523085,0.0,31.97509707413308,0.0,0.0,32.627650075646
2050-05-26 20:00:00,0.0,0.0,0.0,0.0,0.0,39.72719482448883,0.0,28.5267173478308,0.0,0.0,29.108895252888576
2050-05-26 21:00:00,0.0,0.0,0.0,0.0,0.0,38.60121093771886,0.0,30.0413199628655,0.0,0.0,30.65440812537296
2050-05-26 22:00:00,0.0,0.0,0.0,0.0,0.0,35.91175292991102,0.0,39.26518766227183,0.0,0.0,40.06651802272636
2050-05-26 23:00:00,0.0,0.0,0.0,0.0,0.0,32.762502929894254,0.0,43.73995049595425,0.0,0.0,44.63260254689209
2050-05-27 00:00:00,0.0,0.0,0.0,0.0,0.0,29.320292969001457,0.0,40.837314638558546,0.0,0.0,41.670729223018924
2050-05-27 01:00:00,0.0,0.0,0.0,0.0,0.0,26.174144531483762,0.0,37.68680248605835,0.0,0.0,38.45592090414117
2050-05-27 02:00:00,0.0,0.0,0.0,0.0,0.0,23.901677734567784,0.0,34.12238345352358,0.0,0.0,34.81875862604448
2050-05-27 03:00:00,0.0,0.0,0.0,0.0,0.0,22.858871093951166,0.0,33.26350449978133,0.0,0.0,33.94235153038911
2050-05-27 04:00:00,0.0,0.0,0.0,0.0,0.0,22.426160156494007,0.0,32.690070753735924,0.0,0.0,33.35721505483258
2050-05-27 05:00:00,0.0,0.0,0.0,0.0,0.0,22.840822265832685,0.0,33.73486484762768,0.0,0.0,34.4233314771711
2050-05-27 06:00:00,0.0,0.0,0.0,0.0,0.0,26.75295117206406,0.0,41.700950374653864,0.0,0.0,42.551990178218226
2050-05-27 07:00:00,0.0,0.0,0.0,0.0,0.0,31.787779297097586,0.0,43.73995049595425,0.0,0.0,44.63260254689209
2050-05-27 08:00:00,0.0,0.0,0.0,0.0,0.0,29.075646782319836,0.0,43.73995049595425,0.0,0.0,44.63260254689209
2050-05-27 09:00:00,0.0,0.0,0.0,0.0,0.0,40.06374609400518,0.0,43.73995049595425,0.0,0.0,44.63260254689209
2050-05-27 10:00:00,0.0,0.0,0.0,0.0,0.0,30.536805398899105,0.0,43.73995049595425,0.0,0.0,44.63260254689209
2050-05-27 11:00:00,0.0,0.0,0.0,0.0,0.0,41.93745312525425,0.0,43.73995049595425,0.0,0.0,44.63260254689209
2050-05-27 12:00:00,0.0,0.0,0.0,0.0,0.0,42.260757812764496,0.0,36.47509021814292,0.0,0.0,37.21947981443155
2050-05-27 13:00:00,0.0,0.0,0.0,0.0,0.0,41.60578125028405,0.0,20.12602761707932,0.0,0.0,20.536762874570737
2050-05-27 14:00:00,0.0,0.0,0.0,0.0,0.0,40.6564453127794,0.0,0.0,0.0,0.0,0.0
2050-05-27 15:00:00,0.0,0.0,0.0,0.0,0.0,41.20438281272072,0.0,0.0,0.0,0.0,0.0
2050-05-27 16:00:00,0.0,0.0,0.0,0.0,0.0,40.61985937517602,2.0438355530759296,0.0,0.0,1.4306848871531506,0.0
2050-05-27 17:00:00,0.0,0.0,0.0,0.0,0.0,40.31803906278219,1.0427559081977194,0.0,0.0,0.7299291357384035,0.0
2050-05-27 18:00:00,0.0,0.0,0.0,0.0,0.0,42.81778906274121,0.0,0.0,0.0,0.0,0.0
2050-05-27 19:00:00,0.0,0.0,0.0,0.0,0.0,42.34020312526263,0.0,0.0,0.0,0.0,0.0
2050-05-27 20:00:00,0.0,0.0,0.0,0.0,0.0,40.6700703126844,0.0,0.0,0.0,0.0,0.0
2050-05-27 21:00:00,0.0,0.0,0.0,0.0,0.0,38.60134375025518,0.0,0.0,0.0,0.0,0.0
2050-05-27 22:00:00,0.0,0.0,0.0,0.0,0.0,36.382953125284985,0.0,0.0,0.0,0.0,0.0
2050-05-27 23:00:00,0.0,0.0,0.0,0.0,0.0,33.32222656277008,0.0,0.0,0.0,0.0,0.0
2050-05-28 00:00:00,0.0,0.0,0.0,0.0,0.0,29.85800000024028,0.0,37.17705626105896,0.0,0.0,37.93577169495812
2050-05-28 01:00:00,0.0,0.0,0.0,0.0,0.0,26.79629687522538,0.0,42.42483197466764,0.0,0.0,43.29064487210984
2050-05-28 02:00:00,0.0,0.0,0.0,0.0,0.0,24.647046875208616,0.0,43.73995049595425,0.0,0.0,44.63260254689209
2050-05-28 03:00:00,0.0,0.0,0.0,0.0,0.0,23.64167968777474,0.0,42.88224234551379,0.0,0.0,43.75739014848346
2050-05-28 04:00:00,0.0,0.0,0.0,0.0,0.0,23.13433593767695,0.0,42.04642775770565,0.0,0.0,42.90451812010781
2050-05-28 05:00:00,0.0,0.0,0.0,0.0,0.0,23.523093750234693,0.0,42.71873661619182,0.0,0.0,43.59054756754267
2050-05-28 06:00:00,0.0,0.0,0.0,0.0,0.0,27.37424218771048,0.0,43.73995049595425,0.0,0.0,44.63260254689209
2050-05-28 07:00:00,0.0,0.0,0.0,0.0,0.0,32.15727343771141,0.0,43.73995049595425,0.0,0.0,44.63260254689209
2050-05-28 08:00:00,0.0,0.0,0.0,0.0,0.0,36.6536484376993,0.0,43.73995049595425,0.0,0.0,44.63260254689209
2050-05-28 09:00:00,0.0,0.0,0.0,0.0,0.0,40.50983593775891,0.0,43.73995049595425,0.0,0.0,44.63260254689209
2050-05-28 10:00:00,0.0,0.0,0.0,0.0,0.0,28.595469774690173,0.0,43.73995049595425,0.0,0.0,44.63260254689209
2050-05-28 11:00:00,0.0,0.0,0.0,0.0,0.0,41.597414062707685,0.0,43.73995049595425,0.0,0.0,44.63260254689209
2050-05-28 12:00:00,0.0,0.0,0.0,0.0,0.0,41.55074218777008,0.0,43.73995049595425,0.0,0.0,44.63260254689209
2050-05-28 13:00:00,0.0,0.0,0.0,0.0,0.0,38.50130632319497,0.0,43.73995049595425,0.0,0.0,44.63260254689209
2050-05-28 14:00:00,0.0,0.0,0.0,0.0,0.0,40.57192187523469,0.0,41.054857348945454,0.0,0.0,41.892711580556586
2050-05-28 15:00:00,0.0,0.0,0.0,0.0,0.0,40.9446875002468,0.0,38.37642233735565,0.0,0.0,39.159614629954746
2050-05-28 16:00:00,0.0,0.0,0.0,0.0,0.0,40.33039062528405,0.0,27.095251968367375,0.0,0.0,27.648216294252425
2050-05-28 17:00:00,0.0,0.0,0.0,0.0,0.0,40.62875000026543,0.0,17.224365623700535,0.0,0.0,17.575883289490346
2050-05-28 18:00:00,0.0,0.0,0.0,0.0,0.0,42.73868750024121,0.0,9.683018469979858,0.0,0.0,9.880631091816182
2050-05-28 19:00:00,0.0,0.0,0.0,0.0,0.0,41.82762500026729,7.362481560783287,0.0,0.0,5.153737092548301,0.0
2050-05-28 20:00:00,0.0,0.0,0.0,0.0,0.0,39.9197343752021,28.65017377517306,0.0,0.0,20.05512164262114,0.0
2050-05-28 21:00:00,0.0,0.0,0.0,0.0,0.0,38.31790625024587,22.179765185002402,0.0,0.0,15.52583562950168,0.0
2050-05-28 22:00:00,0.0,0.0,0.0,0.0,0.0,36.21082812524401,11.88258894150384,0.0,0.0,8.317812259052689,0.0
2050-05-28 23:00:00,0.0,0.0,0.0,0.0,0.0,32.14520312519744,24.881755809588725,0.0,0.0,17.417229066712107,0.0
2050-05-29 00:00:00,0.0,0.0,0.0,0.0,0.0,29.74443750025239,32.69410865476743,0.0,0.0,22.885876058337203,0.0
2050-05-29 01:00:00,0.0,0.0,0.0,0.0,0.0,26.710968750179745,32.25417231735891,0.0,0.0,22.577920622151233,0.0
2050-05-29 02:00:00,0.0,0.0,0.0,0.0,0.0,24.112406250205822,29.286099631430844,0.0,0.0,20.50026974200159,0.0
2050-05-29 03:00:00,0.0,0.0,0.0,0.0,0.0,23.231687500257976,27.722035487054704,0.0,0.0,19.40542484093829,0.0
2050-05-29 04:00:00,0.0,0.0,0.0,0.0,0.0,22.113000000244938,35.05044501958096,0.0,0.0,24.535311513706674,0.0
2050-05-29 05:00:00,0.0,0.0,0.0,0.0,0.0,22.404937500250526,3.430916469679744,0.0,0.0,2.4016415287758206,0.0
2050-05-29 06:00:00,0.0,0.0,0.0,0.0,0.0,26.758281250251457,0.0,0.0,0.0,0.0,0.0
2050-05-29 07:00:00,0.0,0.0,0.0,0.0,0.0,30.825375000247732,0.0,0.0,0.0,0.0,0.0
2050-05-29 08:00:00,0.0,0.0,0.0,0.0,0.0,34.56040625018068,0.0,0.0,0.0,0.0,0.0
2050-05-29 09:00:00,0.0,0.0,0.0,0.0,0.0,38.38504687522072,0.0,0.0,0.0,0.0,0.0
2050-05-29 10:00:00,0.0,0.0,0.0,0.0,0.0,39.10376562527381,0.0,0.0,0.0,0.0,0.0
2050-05-29 11:00:00,0.0,0.0,0.0,0.0,0.0,40.05304687528405,0.0,0.0,0.0,0.0,0.0
2050-05-29 12:00:00,0.0,0.0,0.0,0.0,0.0,40.26868750026915,0.0,0.0,0.0,0.0,0.0
2050-05-29 13:00:00,0.0,0.0,0.0,0.0,0.0,39.53423437522724,0.0,0.0,0.0,0.0,0.0
2050-05-29 14:00:00,0.0,0.0,0.0,0.0,0.0,38.91410937521141,0.0,0.0,0.0,0.0,0.0
2050-05-29 15:00:00,0.0,0.0,0.0,0.0,0.0,39.40289062517695,0.0,0.0,0.0,0.0,0.0
2050-05-29 16:00:00,0.0,0.0,0.0,0.0,0.0,39.42370312521234,0.0,0.0,0.0,0.0,0.0
2050-05-29 17:00:00,0.0,0.0,0.0,0.0,0.0,38.96915625024121,0.0,0.0,0.0,0.0,0.0
2050-05-29 18:00:00,0.0,0.0,0.0,0.0,0.0,41.77409375028219,0.0,0.0,0.0,0.0,0.0
2050-05-29 19:00:00,0.0,0.0,0.0,0.0,0.0,41.171984375221655,0.0,0.0,0.0,0.0,0.0
2050-05-29 20:00:00,0.0,0.0,0.0,0.0,0.0,39.742203125264496,0.0,0.0,0.0,0.0,0.0
2050-05-29 21:00:00,0.0,0.0,0.0,0.0,0.0,37.768312500207685,0.0,0.0,0.0,0.0,0.0
2050-05-29 22:00:00,0.0,0.0,0.0,0.0,0.0,35.16309375024866,0.0,0.0,0.0,0.0,0.0
2050-05-29 23:00:00,0.0,0.0,0.0,0.0,0.0,32.264937500236556,0.0,0.0,0.0,0.0,0.0
2050-05-30 00:00:00,0.0,0.0,0.0,0.0,0.0,28.529984375229105,0.0,19.769096771592867,0.0,0.0,20.17254772611517
2050-05-30 01:00:00,0.0,0.0,0.0,0.0,0.0,25.450203125248663,0.0,30.13106842707002,0.0,0.0,30.745988190887775
2050-05-30 02:00:00,0.0,0.0,0.0,0.0,0.0,23.44876562524587,0.0,26.928322960190496,0.0,0.0,27.477880571622954
2050-05-30 03:00:00,0.0,0.0,0.0,0.0,0.0,22.33682812517509,0.0,25.641355295802324,0.0,0.0,26.16464826102278
2050-05-30 04:00:00,0.0,0.0,0.0,0.0,0.0,22.01392187527381,0.0,26.684874106826136,0.0,0.0,27.229463374312385
2050-05-30 05:00:00,0.0,0.0,0.0,0.0,0.0,22.338078125263564,0.0,28.68087017657996,0.0,0.0,29.26619405773465
2050-05-30 06:00:00,0.0,0.0,0.0,0.0,0.0,26.15296875021886,0.0,37.184606466683285,0.0,0.0,37.943475986411514
2050-05-30 07:00:00,0.0,0.0,0.0,0.0,0.0,29.312998447306654,0.0,43.73995049595425,0.0,0.0,44.63260254689209
2050-05-30 08:00:00,0.0,0.0,0.0,0.0,0.0,28.76182693546707,0.0,43.73995049595425,0.0,0.0,44.63260254689209
2050-05-30 09:00:00,0.0,0.0,0.0,0.0,0.0,38.55846875021234,0.0,43.73995049595425,0.0,0.0,44.63260254689209
2050-05-30 10:00:00,0.0,0.0,0.0,0.0,0.0,25.433656854371293,0.0,43.73995049595425,0.0,0.0,44.63260254689209
2050-05-30 11:00:00,0.0,0.0,0.0,0.0,0.0,40.193562500178814,0.0,43.73995049595425,0.0,0.0,44.63260254689209
2050-05-30 12:00:00,0.0,0.0,0.0,0.0,0.0,39.79153125023004,0.0,43.73995049595425,0.0,0.0,44.63260254689209
2050-05-30 13:00:00,0.0,0.0,0.0,0.0,0.0,24.713925870878484,0.0,43.73995049595425,0.0,0.0,44.63260254689209
2050-05-30 14:00:00,0.0,0.0,0.0,0.0,0.0,26.6265529081943,0.0,43.73995049595425,0.0,0.0,44.63260254689209
2050-05-30 15:00:00,0.0,0.0,0.0,0.0,0.0,28.38610626791933,0.0,43.73995049595425,0.0,0.0,44.63260254689209
2050-05-30 16:00:00,0.0,0.0,0.0,0.0,0.0,38.19250000023749,0.0,43.73995049595425,0.0,0.0,44.63260254689209
2050-05-30 17:00:00,0.0,0.0,0.0,0.0,0.0,37.89628125028685,0.0,43.73995049595425,0.0,0.0,44.63260254689209
2050-05-30 18:00:00,0.0,0.0,0.0,0.0,0.0,33.02756761258752,0.0,43.73995049595425,0.0,0.0,44.63260254689209
2050-05-30 19:00:00,0.0,0.0,0.0,0.0,0.0,41.90571875020396,0.0,43.73995049595425,0.0,0.0,44.63260254689209
2050-05-30 20:00:00,0.0,0.0,0.0,0.0,0.0,32.57020706102185,0.0,43.73995049595425,0.0,0.0,44.63260254689209
2050-05-30 21:00:00,0.0,0.0,0.0,0.0,0.0,38.92931250028778,0.0,43.73995049595425,0.0,0.0,44.63260254689209
2050-05-30 22:00:00,0.0,0.0,0.0,0.0,0.0,28.721471006560478,0.0,43.73995049595425,0.0,0.0,44.63260254689209
2050-05-30 23:00:00,0.0,0.0,0.0,0.0,0.0,33.68387500022072,0.0,43.73995049595425,0.0,0.0,44.63260254689209
2050-05-31 00:00:00,0.0,0.0,0.0,0.0,0.0,26.381956039110264,0.0,43.73995049595425,0.0,0.0,44.63260254689209
2050-05-31 01:00:00,0.0,0.0,0.0,0.0,0.0,26.831062500248663,0.0,43.73995049595425,0.0,0.0,44.63260254689209
2050-05-31 02:00:00,0.0,0.0,0.0,0.0,0.0,24.17890990686601,0.0,43.73995049595425,0.0,0.0,44.63260254689209
2050-05-31 03:00:00,0.0,0.0,0.0,0.0,0.0,23.501125000184402,0.0,42.05748522432813,0.0,0.0,42.91580124931442
2050-05-31 04:00:00,0.0,0.0,0.0,0.0,0.0,22.991843750234693,0.0,36.198276878477856,0.0,0.0,36.93701722293659
2050-05-31 05:00:00,0.0,0.0,0.0,0.0,0.0,23.39250000019092,0.0,26.404372929637347,0.0,0.0,26.943237683303416
2050-05-31 06:00:00,0.0,0.0,0.0,0.0,0.0,27.02934375021141,0.0,27.431526097914613,0.0,0.0,27.991353161137365
2050-05-31 07:00:00,0.0,0.0,0.0,0.0,0.0,23.953357829722336,0.0,20.470512663867964,0.0,0.0,20.8882782284367
2050-05-31 08:00:00,0.0,0.0,0.0,0.0,0.0,36.63543750019744,0.0,0.0,0.0,0.0,0.0
2050-05-31 09:00:00,0.0,0.0,0.0,0.0,0.0,11.853218486238347,0.0,0.0,0.0,0.0,0.0
2050-05-31 10:00:00,0.0,0.0,0.0,0.0,0.0,42.38581250025891,0.0,0.0,0.0,0.0,0.0
2050-05-31 11:00:00,0.0,0.0,0.0,0.0,0.0,43.40596875024494,0.0,0.0,0.0,0.0,0.0
2050-05-31 12:00:00,0.0,0.0,0.0,0.0,0.0,43.195375000243075,0.0,0.0,0.0,0.0,0.0
2050-05-31 13:00:00,0.0,0.0,0.0,0.0,0.0,6.002037328128608,0.0,0.0,0.0,0.0,0.0
2050-05-31 14:00:00,0.0,0.0,0.0,0.0,0.0,8.807348725923475,0.0,0.0,0.0,0.0,0.0
2050-05-31 15:00:00,0.0,0.0,0.0,0.0,0.0,42.75109375023749,0.0,0.0,0.0,0.0,0.0
2050-05-31 16:00:00,0.0,0.0,0.0,0.0,0.0,11.057723422896743,0.0,0.0,0.0,0.0,0.0
2050-05-31 17:00:00,0.0,0.0,0.0,0.0,0.0,39.52925000025425,0.0,0.0,0.0,0.0,0.0
2050-05-31 18:00:00,0.0,0.0,0.0,0.0,0.0,42.12865625019185,0.0,0.0,0.0,0.0,0.0
2050-05-31 19:00:00,0.0,0.0,0.0,0.0,0.0,18.06015471120554,0.0,0.0,0.0,0.0,0.0
2050-05-31 20:00:00,0.0,0.0,0.0,0.0,0.0,19.051761013142368,0.0,0.0,0.0,0.0,0.0
2050-05-31 21:00:00,0.0,0.0,0.0,0.0,0.0,38.25806250027381,0.0,0.0,0.0,0.0,0.0
2050-05-31 22:00:00,0.0,0.0,0.0,0.0,0.0,7.5201384785909795,0.0,0.0,0.0,0.0,0.0
2050-05-31 23:00:00,0.0,0.0,0.0,0.0,0.0,12.053251834797265,0.0,0.0,0.0,0.0,0.0
2050-06-01 00:00:00,0.0,0.0,0.0,0.0,0.0,561.4792774652597,0.0,0.0,0.0,0.0,0.0
2050-06-01 01:00:00,0.0,0.0,0.0,0.0,0.0,28.70384375017602,4.3077731817437055,0.0,0.0,3.0154412272205935,0.0
2050-06-01 02:00:00,0.0,0.0,0.0,0.0,0.0,26.11668750026729,11.886715115689704,0.0,0.0,8.320700580982793,0.0
2050-06-01 03:00:00,0.0,0.0,0.0,0.0,0.0,24.56084375025239,21.513044765100254,0.0,0.0,15.059131335570177,0.0
2050-06-01 04:00:00,0.0,0.0,0.0,0.0,0.0,23.312843750230968,39.07747660094452,0.0,0.0,27.354233620661162,0.0
2050-06-01 05:00:00,0.0,0.0,0.0,0.0,0.0,23.235906250192784,39.07747660094452,0.0,0.0,27.354233620661162,0.0
2050-06-01 06:00:00,0.0,0.0,0.0,0.0,0.0,23.608437500195578,39.07747660094452,0.0,0.0,27.354233620661162,0.0
2050-06-01 07:00:00,0.0,0.0,0.0,0.0,0.0,26.502906250185333,39.07747660094452,0.0,0.0,27.354233620661162,0.0
2050-06-01 08:00:00,0.0,0.0,0.0,0.0,0.0,29.342312500230037,39.07747660094452,0.0,0.0,27.354233620661162,0.0
2050-06-01 09:00:00,0.0,0.0,0.0,0.0,0.0,33.4255937502021,39.07747660094452,0.0,0.0,27.35423362066115,0.0
2050-06-01 10:00:00,0.0,0.0,0.0,0.0,0.0,35.09218750020955,39.07747660094452,0.0,0.0,27.35423362066115,0.0
2050-06-01 11:00:00,0.0,0.0,0.0,0.0,0.0,37.349718750221655,39.07747660094452,0.0,0.0,27.35423362066115,0.0
2050-06-01 12:00:00,0.0,0.0,0.0,0.0,0.0,37.97231250023469,39.07747660094452,0.0,0.0,27.35423362066115,0.0
2050-06-01 13:00:00,0.0,0.0,0.0,0.0,0.0,38.469718750217,39.07747660094452,0.0,0.0,27.35423362066115,0.0
2050-06-01 14:00:00,0.0,0.0,0.0,0.0,0.0,38.358062500250526,39.07747660094452,0.0,0.0,27.35423362066115,0.0
2050-06-01 15:00:00,0.0,0.0,0.0,0.0,0.0,38.78487500024494,39.07747660094452,0.0,0.0,27.35423362066115,0.0
2050-06-01 16:00:00,0.0,0.0,0.0,0.0,0.0,38.08931250020396,39.07747660094452,0.0,0.0,27.35423362066115,0.0
2050-06-01 17:00:00,0.0,0.0,0.0,0.0,0.0,36.45156250020955,39.07747660094452,0.0,0.0,27.35423362066115,0.0
2050-06-01 18:00:00,0.0,0.0,0.0,0.0,0.0,39.46325000026263,39.07747660094452,0.0,0.0,27.35423362066115,0.0
2050-06-01 19:00:00,0.0,0.0,0.0,0.0,0.0,40.71218750020489,39.07747660094452,0.0,0.0,27.35423362066115,0.0
2050-06-01 20:00:00,0.0,0.0,0.0,0.0,0.0,40.01628125028219,39.07747660094452,0.0,0.0,27.35423362066115,0.0
2050-06-01 21:00:00,0.0,0.0,0.0,0.0,0.0,38.27418750023935,39.07747660094452,0.0,0.0,27.35423362066115,0.0
2050-06-01 22:00:00,0.0,0.0,0.0,0.0,0.0,36.337125000194646,39.07747660094452,0.0,0.0,27.35423362066115,0.0
2050-06-01 23:00:00,0.0,0.0,0.0,0.0,0.0,33.869281250284985,39.07747660094452,0.0,0.0,27.35423362066115,0.0
2050-06-02 00:00:00,0.0,0.0,0.0,0.0,0.0,31.702906250255182,39.07747660094452,0.0,0.0,27.35423362066115,0.0
2050-06-02 01:00:00,0.0,0.0,0.0,0.0,0.0,29.135875000269152,39.07747660094452,0.0,0.0,27.35423362066115,0.0
2050-06-02 02:00:00,0.0,0.0,0.0,0.0,0.0,26.452156250248663,39.07747660094452,0.0,0.0,27.35423362066115,0.0
2050-06-02 03:00:00,0.0,0.0,0.0,0.0,0.0,24.29837500024587,39.07747660094452,0.0,0.0,27.35423362066115,0.0
2050-06-02 04:00:00,0.0,0.0,0.0,0.0,0.0,23.227687500184402,39.07747660094452,0.0,0.0,27.35423362066115,0.0
2050-06-02 05:00:00,0.0,0.0,0.0,0.0,0.0,22.86403125023935,39.07747660094452,0.0,0.0,27.35423362066115,0.0
2050-06-02 06:00:00,0.0,0.0,0.0,0.0,0.0,22.696218750206754,39.07747660094452,0.0,0.0,27.35423362066115,0.0
2050-06-02 07:00:00,0.0,0.0,0.0,0.0,0.0,22.856375000206754,39.07747660094452,0.0,0.0,27.35423362066115,0.0
2050-06-02 08:00:00,0.0,0.0,0.0,0.0,0.0,24.33843750017695,38.65210699956307,0.0,0.0,27.056474899694145,0.0
2050-06-02 09:00:00,0.0,0.0,0.0,0.0,0.0,25.955093750264496,23.49269951207237,0.0,0.0,16.44488965845066,0.0
2050-06-02 10:00:00,0.0,0.0,0.0,0.0,0.0,27.210687500191852,2.791266924407271,0.0,0.0,1.9538868470850896,0.0
2050-06-02 11:00:00,0.0,0.0,0.0,0.0,0.0,30.6946875002468,0.0,0.0,0.0,0.0,0.0
2050-06-02 12:00:00,0.0,0.0,0.0,0.0,0.0,32.71368750021793,0.0,0.0,0.0,0.0,0.0
2050-06-02 13:00:00,0.0,0.0,0.0,0.0,0.0,34.634875000221655,0.0,0.6104326162258127,0.0,0.0,0.622890424720217
2050-06-02 14:00:00,0.0,0.0,0.0,0.0,0.0,34.93150000018068,0.0,43.73995049595425,0.0,0.0,44.63260254689209
2050-06-02 15:00:00,0.0,0.0,0.0,0.0,0.0,34.49075000023004,0.0,43.73995049595425,0.0,0.0,44.63260254689209
2050-06-02 16:00:00,0.0,0.0,0.0,0.0,0.0,34.24978125025518,0.0,43.73995049595425,0.0,0.0,44.63260254689209
2050-06-02 17:00:00,0.0,0.0,0.0,0.0,0.0,34.356281250249594,0.0,43.73995049595425,0.0,0.0,44.63260254689209
2050-06-02 18:00:00,0.0,0.0,0.0,0.0,0.0,38.435656250221655,0.0,43.73995049595425,0.0,0.0,44.63260254689209
2050-06-02 19:00:00,0.0,0.0,0.0,0.0,0.0,25.595378417688153,0.0,43.73995049595425,0.0,0.0,44.63260254689209
2050-06-02 20:00:00,0.0,0.0,0.0,0.0,0.0,39.20340625022072,0.0,43.73995049595425,0.0,0.0,44.63260254689209
2050-06-02 21:00:00,0.0,0.0,0.0,0.0,0.0,38.81843750027474,0.0,43.73995049595425,0.0,0.0,44.63260254689209
2050-06-02 22:00:00,0.0,0.0,0.0,0.0,0.0,24.05697277277477,0.0,43.73995049595425,0.0,0.0,44.63260254689209
2050-06-02 23:00:00,0.0,0.0,0.0,0.0,0.0,24.05697277277477,0.0,43.73995049595425,0.0,0.0,44.63260254689209
2050-06-03 00:00:00,0.0,0.0,0.0,0.0,0.0,30.056218750192784,0.0,43.73995049595425,0.0,0.0,44.63260254689209
2050-06-03 01:00:00,0.0,0.0,0.0,0.0,0.0,25.97607201178471,0.0,43.73995049595425,0.0,0.0,44.63260254689209
2050-06-03 02:00:00,0.0,0.0,0.0,0.0,0.0,23.95062500028871,0.0,34.61969019728726,0.0,0.0,35.32621448702782
2050-06-03 03:00:00,0.0,0.0,0.0,0.0,0.0,22.29306250018999,0.0,23.146207238633043,0.0,0.0,23.618578814931677
2050-06-03 04:00:00,0.0,0.0,0.0,0.0,0.0,21.950187500216998,0.0,9.991614515341514,0.0,0.0,10.195525015654608
2050-06-03 05:00:00,0.0,0.0,0.0,0.0,0.0,22.20240625028964,0.0,5.25656648014055,0.0,0.0,5.363843347082194
2050-06-03 06:00:00,0.0,0.0,0.0,0.0,0.0,25.16237500018906,1.4803978381625598,0.0,0.0,1.0362784867137917,0.0
2050-06-03 07:00:00,0.0,0.0,0.0,0.0,0.0,30.926875000237487,2.623230316784621,0.0,0.0,1.8362612217492347,0.0
2050-06-03 08:00:00,0.0,0.0,0.0,0.0,0.0,35.06106250023004,10.071959623226569,0.0,0.0,7.050371736258597,0.0
2050-06-03 09:00:00,0.0,0.0,0.0,0.0,0.0,39.5078125,21.753979397906235,0.0,0.0,15.227785578534364,0.0
2050-06-03 10:00:00,0.0,0.0,0.0,0.0,0.0,40.34793750022072,4.290507480921448,0.0,0.0,3.003355236645014,0.0
2050-06-03 11:00:00,0.0,0.0,0.0,0.0,0.0,41.09275000018533,32.423557354860606,0.0,0.0,22.69649014840242,0.0
2050-06-03 12:00:00,0.0,0.0,0.0,0.0,0.0,41.519562500179745,17.169459176012403,0.0,0.0,12.018621423208682,0.0
2050-06-03 13:00:00,0.0,0.0,0.0,0.0,0.0,41.26331250020303,8.213062191435384,0.0,0.0,5.7491435340047685,0.0
2050-06-03 14:00:00,0.0,0.0,0.0,0.0,0.0,40.336500000208616,15.904061704090864,0.0,0.0,11.132843192863604,0.0
2050-06-03 15:00:00,0.0,0.0,0.0,0.0,0.0,40.75687500019558,13.345957988053712,0.0,0.0,9.342170591637597,0.0
2050-06-03 16:00:00,0.0,0.0,0.0,0.0,0.0,40.636875000200234,0.0,0.0,0.0,0.0,0.0
2050-06-03 17:00:00,0.0,0.0,0.0,0.0,0.0,39.58993750018999,0.0,0.0,0.0,0.0,0.0
2050-06-03 18:00:00,0.0,0.0,0.0,0.0,0.0,42.521062500192784,0.0,0.0,0.0,0.0,0.0
2050-06-03 19:00:00,0.0,0.0,0.0,0.0,0.0,42.75931250024587,0.0,0.0,0.0,0.0,0.0
2050-06-03 20:00:00,0.0,0.0,0.0,0.0,0.0,41.32993750018068,0.0,0.0,0.0,0.0,0.0
2050-06-03 21:00:00,0.0,0.0,0.0,0.0,0.0,39.80318750021979,0.0,43.73995049595425,0.0,0.0,44.63260254689209
2050-06-03 22:00:00,0.0,0.0,0.0,0.0,0.0,34.2809200059919,0.0,43.73995049595425,0.0,0.0,44.63260254689209
2050-06-03 23:00:00,0.0,0.0,0.0,0.0,0.0,34.61025000025984,0.0,43.73995049595425,0.0,0.0,44.63260254689209
2050-06-04 00:00:00,0.0,0.0,0.0,0.0,0.0,31.101875000284053,0.0,32.744282197268355,0.0,0.0,33.41253285435546
2050-06-04 01:00:00,0.0,0.0,0.0,0.0,0.0,27.8125,0.0,20.290557165154087,0.0,0.0,20.704650168524584
2050-06-04 02:00:00,0.0,0.0,0.0,0.0,0.0,25.29575000028126,0.0,5.929252645110865,0.0,0.0,6.050257801133536
2050-06-04 03:00:00,0.0,0.0,0.0,0.0,0.0,23.853625000221655,0.0,0.0,0.0,0.0,0.0
2050-06-04 04:00:00,0.0,0.0,0.0,0.0,0.0,23.218437500181608,3.405900456958541,0.0,0.0,2.3841303198709785,0.0
2050-06-04 05:00:00,0.0,0.0,0.0,0.0,0.0,23.437687500263564,11.718843750129949,0.0,0.0,8.203190625090963,0.0
2050-06-04 06:00:00,0.0,0.0,0.0,0.0,0.0,26.052750000264496,0.0,0.0,0.0,0.0,0.0
2050-06-04 07:00:00,0.0,0.0,0.0,0.0,0.0,31.690062500187196,0.0,0.0,0.0,0.0,0.0
2050-06-04 08:00:00,0.0,0.0,0.0,0.0,0.0,35.56293750018813,0.0,0.0,0.0,0.0,0.0
2050-06-04 09:00:00,0.0,0.0,0.0,0.0,0.0,39.92475000023842,0.0,5.361908528793537,0.0,0.0,5.471335233462793
2050-06-04 10:00:00,0.0,0.0,0.0,0.0,0.0,40.81143750017509,0.0,21.181526203771117,0.0,0.0,21.613802248746037
2050-06-04 11:00:00,0.0,0.0,0.0,0.0,0.0,41.2048125002766,0.0,21.89675347668296,0.0,0.0,22.34362599661527
2050-06-04 12:00:00,0.0,0.0,0.0,0.0,0.0,33.233904512023855,0.0,43.73995049595425,0.0,0.0,44.63260254689209
2050-06-04 13:00:00,0.0,0.0,0.0,0.0,0.0,40.676375000271946,0.0,16.55833842499931,0.0,0.0,16.89626369897889
2050-06-04 14:00:00,0.0,0.0,0.0,0.0,0.0,4.051442165628487,0.0,0.0,0.0,0.0,0.0
2050-06-04 15:00:00,0.0,0.0,0.0,0.0,0.0,6.603595876257714,0.0,0.0,0.0,0.0,0.0
2050-06-04 16:00:00,0.0,0.0,0.0,0.0,0.0,40.55056250025518,0.0,0.0,0.0,0.0,0.0
2050-06-04 17:00:00,0.0,0.0,0.0,0.0,0.0,39.34006250021048,0.0,0.0,0.0,0.0,0.0
2050-06-04 18:00:00,0.0,0.0,0.0,0.0,0.0,1.4509068129095795,0.0,0.0,0.0,0.0,0.0
2050-06-04 19:00:00,0.0,0.0,0.0,0.0,0.0,42.76487500022631,0.0,0.0,0.0,0.0,0.0
2050-06-04 20:00:00,0.0,0.0,0.0,0.0,0.0,41.352875000215136,0.0,0.0,0.0,0.0,0.0
2050-06-04 21:00:00,0.0,0.0,0.0,0.0,0.0,39.897750000236556,0.0,0.0,0.0,0.0,0.0
2050-06-04 22:00:00,0.0,0.0,0.0,0.0,0.0,0.5964839482339812,0.0,0.0,0.0,0.0,0.0
2050-06-04 23:00:00,0.0,0.0,0.0,0.0,0.0,34.63325000018813,0.0,0.0,0.0,0.0,0.0
2050-06-05 00:00:00,0.0,0.0,0.0,0.0,0.0,0.025250347455312294,0.0,0.0,0.0,0.0,0.0
2050-06-05 01:00:00,0.0,0.0,0.0,0.0,0.0,27.543562500271946,0.0,0.0,0.0,0.0,0.0
2050-06-05 02:00:00,0.0,0.0,0.0,0.0,0.0,24.93231250019744,0.0,0.0,0.0,0.0,0.0
2050-06-05 03:00:00,0.0,0.0,0.0,0.0,0.0,23.48387500026729,0.0,0.0,0.0,0.0,0.0
2050-06-05 04:00:00,0.0,0.0,0.0,0.0,0.0,0.0,0.0,0.0,0.0,0.0,0.0
2050-06-05 05:00:00,0.0,0.0,0.0,0.0,0.0,0.06163606966993029,0.0,0.0,0.0,0.0,0.0
2050-06-05 06:00:00,0.0,0.0,0.0,0.0,0.0,25.54106250021141,0.0,0.0,0.0,0.0,0.0
2050-06-05 07:00:00,0.0,0.0,0.0,0.0,0.0,1.8254565560714582,0.0,0.0,0.0,0.0,0.0
2050-06-05 08:00:00,0.0,0.0,0.0,0.0,0.0,5.171811220794552,0.0,0.0,0.0,0.0,0.0
2050-06-05 09:00:00,0.0,0.0,0.0,0.0,0.0,39.21781250019558,0.0,0.0,0.0,0.0,0.0
2050-06-05 10:00:00,0.0,0.0,0.0,0.0,0.0,40.06681250024121,0.0,0.0,0.0,0.0,0.0
2050-06-05 11:00:00,0.0,0.0,0.0,0.0,0.0,40.882250000257045,0.0,0.0,0.0,0.0,0.0
2050-06-05 12:00:00,0.0,0.0,0.0,0.0,0.0,7.616157022452171,0.0,0.0,0.0,0.0,0.0
2050-06-05 13:00:00,0.0,0.0,0.0,0.0,0.0,40.89637500024401,0.0,0.0,0.0,0.0,0.0
2050-06-05 14:00:00,0.0,0.0,0.0,0.0,0.0,21.062448141628465,0.0,0.0,0.0,0.0,0.0
2050-06-05 15:00:00,0.0,0.0,0.0,0.0,0.0,40.773500000243075,0.0,0.0,0.0,0.0,0.0
2050-06-05 16:00:00,0.0,0.0,0.0,0.0,0.0,39.95349732147952,0.0,0.0,0.0,0.0,0.0
2050-06-05 17:00:00,0.0,0.0,0.0,0.0,0.0,39.590625000186265,15.271016445633798,0.0,0.0,10.689711511943658,0.0
2050-06-05 18:00:00,0.0,0.0,0.0,0.0,0.0,42.48850000021048,28.37171322028849,0.0,0.0,19.86019925420194,0.0
2050-06-05 19:00:00,0.0,0.0,0.0,0.0,0.0,42.297562500229105,39.07747660094452,0.0,0.0,27.354233620661162,0.0
2050-06-05 20:00:00,0.0,0.0,0.0,0.0,0.0,40.4920000002021,39.07747660094452,0.0,0.0,27.354233620661162,0.0
2050-06-05 21:00:00,0.0,0.0,0.0,0.0,0.0,38.48756250028964,39.07747660094452,0.0,0.0,27.354233620661162,0.0
2050-06-05 22:00:00,0.0,0.0,0.0,0.0,0.0,36.22368750022724,39.07747660094452,0.0,0.0,27.354233620661162,0.0
2050-06-05 23:00:00,0.0,0.0,0.0,0.0,0.0,33.75843750021886,39.07747660094452,0.0,0.0,27.354233620661162,0.0
2050-06-06 00:00:00,0.0,0.0,0.0,0.0,0.0,30.210062500205822,39.07747660094452,0.0,0.0,27.35423362066115,0.0
2050-06-06 01:00:00,0.0,0.0,0.0,0.0,0.0,26.967750000185333,39.07747660094452,0.0,0.0,27.35423362066115,0.0
2050-06-06 02:00:00,0.0,0.0,0.0,0.0,0.0,24.420250000199303,39.07747660094452,0.0,0.0,27.35423362066115,0.0
2050-06-06 03:00:00,0.0,0.0,0.0,0.0,0.0,23.163125000195578,39.07747660094452,0.0,0.0,27.35423362066115,0.0
2050-06-06 04:00:00,0.0,0.0,0.0,0.0,0.0,22.609125000191852,39.07747660094452,0.0,0.0,27.35423362066115,0.0
2050-06-06 05:00:00,0.0,0.0,0.0,0.0,0.0,22.686000000219792,39.07747660094452,0.0,0.0,27.35423362066115,0.0
2050-06-06 06:00:00,0.0,0.0,0.0,0.0,0.0,25.223562500206754,39.07747660094452,0.0,0.0,27.35423362066115,0.0
2050-06-06 07:00:00,0.0,0.0,0.0,0.0,0.0,30.49693750019651,39.07747660094452,0.0,0.0,27.35423362066115,0.0
2050-06-06 08:00:00,0.0,0.0,0.0,0.0,0.0,34.622000000206754,39.07747660094452,0.0,0.0,27.35423362066115,0.0
2050-06-06 09:00:00,0.0,0.0,0.0,0.0,0.0,39.4542500001844,30.833031861676048,0.0,0.0,21.583122303173234,0.0
2050-06-06 10:00:00,0.0,0.0,0.0,0.0,0.0,40.830312500242144,34.164865766721036,0.0,0.0,23.915406036704724,0.0
2050-06-06 11:00:00,0.0,0.0,0.0,0.0,0.0,41.21593750023749,34.81830153092022,0.0,0.0,24.372811071644154,0.0
2050-06-06 12:00:00,0.0,0.0,0.0,0.0,0.0,42.00768750021234,22.06924735555822,0.0,0.0,15.448473148890752,0.0
2050-06-06 13:00:00,0.0,0.0,0.0,0.0,0.0,42.22856250021141,13.441788726458284,0.0,0.0,9.409252108520798,0.0
2050-06-06 14:00:00,0.0,0.0,0.0,0.0,0.0,41.59400000027381,16.163008753522874,0.0,0.0,11.314106127466012,0.0
2050-06-06 15:00:00,0.0,0.0,0.0,0.0,0.0,41.76937500026543,12.502195599702816,0.0,0.0,8.75153691979197,0.0
2050-06-06 16:00:00,0.0,0.0,0.0,0.0,0.0,41.564437500201166,5.777175255911196,0.0,0.0,4.044022679137837,0.0
2050-06-06 17:00:00,0.0,0.0,0.0,0.0,0.0,40.71875,13.639546452256766,0.0,0.0,9.547682516579735,0.0
2050-06-06 18:00:00,0.0,0.0,0.0,0.0,0.0,42.7453125002794,21.43773096742649,0.0,0.0,15.00641167719854,0.0
2050-06-06 19:00:00,0.0,0.0,0.0,0.0,0.0,42.26750000019092,10.795307489297592,0.0,0.0,7.5567152425083135,0.0
2050-06-06 20:00:00,0.0,0.0,0.0,0.0,0.0,40.968812500243075,0.0,0.0,0.0,0.0,0.0
2050-06-06 21:00:00,0.0,0.0,0.0,0.0,0.0,39.34050000028219,0.0,0.0,0.0,0.0,0.0
2050-06-06 22:00:00,0.0,0.0,0.0,0.0,0.0,37.27268750022631,0.0,0.0,0.0,0.0,0.0
2050-06-06 23:00:00,0.0,0.0,0.0,0.0,0.0,34.63456250028685,0.0,0.0,0.0,0.0,0.0
2050-06-07 00:00:00,0.0,0.0,0.0,0.0,0.0,31.09387500025332,0.0,0.0,0.0,0.0,0.0
2050-06-07 01:00:00,0.0,0.0,0.0,0.0,0.0,27.844875000184402,0.0,0.0,0.0,0.0,0.0
2050-06-07 02:00:00,0.0,0.0,0.0,0.0,0.0,25.35831250017509,0.0,0.0,0.0,0.0,0.0
2050-06-07 03:00:00,0.0,0.0,0.0,0.0,0.0,24.213750000228174,0.0,0.0,0.0,0.0,0.0
2050-06-07 04:00:00,0.0,0.0,0.0,0.0,0.0,23.380562500213273,0.0,0.0,0.0,0.0,0.0
2050-06-07 05:00:00,0.0,0.0,0.0,0.0,0.0,23.43900000024587,0.0,0.0,0.0,0.0,0.0
2050-06-07 06:00:00,0.0,0.0,0.0,0.0,0.0,25.479500000248663,0.0,0.0,0.0,0.0,0.0
2050-06-07 07:00:00,0.0,0.0,0.0,0.0,0.0,30.34268750017509,0.0,23.709556054657284,0.0,0.0,24.193424545568657
2050-06-07 08:00:00,0.0,0.0,0.0,0.0,0.0,34.46806396509055,0.0,43.73995049595425,0.0,0.0,44.63260254689209
2050-06-07 09:00:00,0.0,0.0,0.0,0.0,0.0,40.038209961145185,0.0,43.73995049595425,0.0,0.0,44.63260254689209
2050-06-07 10:00:00,0.0,0.0,0.0,0.0,0.0,26.94548471824055,0.0,43.73995049595425,0.0,0.0,44.63260254689209
2050-06-07 11:00:00,0.0,0.0,0.0,0.0,0.0,42.504766357596964,0.0,43.73995049595425,0.0,0.0,44.63260254689209
2050-06-07 12:00:00,0.0,0.0,0.0,0.0,0.0,29.990059685267624,0.0,43.73995049595425,0.0,0.0,44.63260254689209
2050-06-07 13:00:00,0.0,0.0,0.0,0.0,0.0,30.10229739647093,0.0,43.73995049595425,0.0,0.0,44.63260254689209
2050-06-07 14:00:00,0.0,0.0,0.0,0.0,0.0,42.17725292989053,0.0,43.73995049595425,0.0,0.0,44.63260254689209
2050-06-07 15:00:00,0.0,0.0,0.0,0.0,0.0,43.228866211138666,0.0,43.73995049595425,0.0,0.0,44.63260254689209
2050-06-07 16:00:00,0.0,0.0,0.0,0.0,0.0,34.77703902922576,0.0,43.73995049595425,0.0,0.0,44.63260254689209
2050-06-07 17:00:00,0.0,0.0,0.0,0.0,0.0,38.80857031268533,0.0,43.73995049595425,0.0,0.0,44.63260254689209
2050-06-07 18:00:00,0.0,0.0,0.0,0.0,0.0,41.80362695339136,0.0,36.42023207606306,0.0,0.0,37.163502118431694
2050-06-07 19:00:00,0.0,0.0,0.0,0.0,0.0,41.41007617209107,0.0,40.82068024620186,0.0,0.0,41.653755353267215
2050-06-07 20:00:00,0.0,0.0,0.0,0.0,0.0,17.775785693416765,0.0,1.9681465930273394,0.0,0.0,2.0083128500278975
2050-06-07 21:00:00,0.0,0.0,0.0,0.0,0.0,38.322988281492144,0.0,0.0,0.0,0.0,0.0
2050-06-07 22:00:00,0.0,0.0,0.0,0.0,0.0,36.765597656485625,0.0,0.0,0.0,0.0,0.0
2050-06-07 23:00:00,0.0,0.0,0.0,0.0,0.0,34.959136719000526,0.0,0.0,0.0,0.0,0.0
2050-06-08 00:00:00,0.0,0.0,0.0,0.0,0.0,31.94629296893254,0.0,0.0,0.0,0.0,0.0
2050-06-08 01:00:00,0.0,0.0,0.0,0.0,0.0,28.699777344008908,0.0,0.0,0.0,0.0,0.0
2050-06-08 02:00:00,0.0,0.0,0.0,0.0,0.0,7.690123037211833,0.0,0.0,0.0,0.0,0.0
2050-06-08 03:00:00,0.0,0.0,0.0,0.0,0.0,7.109929330364594,0.0,0.0,0.0,0.0,0.0
2050-06-08 04:00:00,0.0,0.0,0.0,0.0,0.0,23.945339843980037,0.0,0.0,0.0,0.0,0.0
2050-06-08 05:00:00,0.0,0.0,0.0,0.0,0.0,23.70352343772538,0.0,0.0,0.0,0.0,0.0
2050-06-08 06:00:00,0.0,0.0,0.0,0.0,0.0,2.31845542923611,0.0,0.0,0.0,0.0,0.0
2050-06-08 07:00:00,0.0,0.0,0.0,0.0,0.0,24.65323437517509,0.0,0.0,0.0,0.0,0.0
2050-06-08 08:00:00,0.0,0.0,0.0,0.0,0.0,0.1193818603278487,0.0,0.0,0.0,0.0,0.0
2050-06-08 09:00:00,0.0,0.0,0.0,0.0,0.0,31.72939843777567,0.0,0.0,0.0,0.0,0.0
2050-06-08 10:00:00,0.0,0.0,0.0,0.0,0.0,0.09192313036055566,0.0,0.0,0.0,0.0,0.0
2050-06-08 11:00:00,0.0,0.0,0.0,0.0,0.0,0.0,0.0,0.0,0.0,0.0,0.0
2050-06-08 12:00:00,0.0,0.0,0.0,0.0,0.0,37.71196093771141,0.0,0.0,0.0,0.0,0.0
2050-06-08 13:00:00,0.0,0.0,0.0,0.0,0.0,38.11322656273842,0.0,0.0,0.0,0.0,0.0
2050-06-08 14:00:00,0.0,0.0,0.0,0.0,0.0,37.46817968774121,0.0,0.0,0.0,0.0,0.0
2050-06-08 15:00:00,0.0,0.0,0.0,0.0,0.0,4.307069744486398,0.0,0.0,0.0,0.0,0.0
2050-06-08 16:00:00,0.0,0.0,0.0,0.0,0.0,6.830729642079859,0.0,0.0,0.0,0.0,0.0
2050-06-08 17:00:00,0.0,0.0,0.0,0.0,0.0,36.48114062519744,0.0,0.0,0.0,0.0,0.0
2050-06-08 18:00:00,0.0,0.0,0.0,0.0,0.0,14.31319762599287,0.0,0.0,0.0,0.0,0.0
2050-06-08 19:00:00,0.0,0.0,0.0,0.0,0.0,40.75835937517695,0.0,0.0,0.0,0.0,0.0
2050-06-08 20:00:00,0.0,0.0,0.0,0.0,0.0,0.3331618211127534,0.0,0.0,0.0,0.0,0.0
2050-06-08 21:00:00,0.0,0.0,0.0,0.0,0.0,38.583984375,0.0,0.0,0.0,0.0,0.0
2050-06-08 22:00:00,0.0,0.0,0.0,0.0,0.0,0.07648290132419788,0.0,0.0,0.0,0.0,0.0
2050-06-08 23:00:00,0.0,0.0,0.0,0.0,0.0,34.88504687522072,0.0,0.0,0.0,0.0,0.0
2050-06-09 00:00:00,0.0,0.0,0.0,0.0,0.0,0.09427755320848519,0.0,0.0,0.0,0.0,0.0
2050-06-09 01:00:00,0.0,0.0,0.0,0.0,0.0,0.09445272320954246,0.0,0.0,0.0,0.0,0.0
2050-06-09 02:00:00,0.0,0.0,0.0,0.0,0.0,26.95595312525984,0.0,0.0,0.0,0.0,0.0
2050-06-09 03:00:00,0.0,0.0,0.0,0.0,0.0,1.8395557777093927,0.0,0.0,0.0,0.0,0.0
2050-06-09 04:00:00,0.0,0.0,0.0,0.0,0.0,3.711482693536709,0.0,0.0,0.0,0.0,0.0
2050-06-09 05:00:00,0.0,0.0,0.0,0.0,0.0,23.29478906269651,0.0,0.0,0.0,0.0,0.0
2050-06-09 06:00:00,0.0,0.0,0.0,0.0,0.0,7.1903046126990375,0.0,0.0,0.0,0.0,0.0
2050-06-09 07:00:00,0.0,0.0,0.0,0.0,0.0,10.497334040919213,0.0,0.0,0.0,0.0,0.0
2050-06-09 08:00:00,0.0,0.0,0.0,0.0,0.0,24.34693750028964,0.0,0.0,0.0,0.0,0.0
2050-06-09 09:00:00,0.0,0.0,0.0,0.0,0.0,26.380796875222586,0.0,0.0,0.0,0.0,0.0
2050-06-09 10:00:00,0.0,0.0,0.0,0.0,0.0,27.848468750249594,0.0,0.0,0.0,0.0,0.0
2050-06-09 11:00:00,0.0,0.0,0.0,0.0,0.0,30.16951562522445,0.0,0.0,0.0,0.0,0.0
2050-06-09 12:00:00,0.0,0.0,0.0,0.0,0.0,32.60576562525239,0.0,0.0,0.0,0.0,0.0
2050-06-09 13:00:00,0.0,0.0,0.0,0.0,0.0,34.68084375024773,0.0,0.0,0.0,0.0,0.0
2050-06-09 14:00:00,0.0,0.0,0.0,0.0,0.0,35.06920312519651,0.0,0.0,0.0,0.0,0.0
2050-06-09 15:00:00,0.0,0.0,0.0,0.0,0.0,34.58165625028778,0.0,0.0,0.0,0.0,0.0
2050-06-09 16:00:00,0.0,0.0,0.0,0.0,0.0,34.29190625017509,0.0,0.0,0.0,0.0,0.0
2050-06-09 17:00:00,0.0,0.0,0.0,0.0,0.0,35.14814062521327,0.0,0.0,0.0,0.0,0.0
2050-06-09 18:00:00,0.0,0.0,0.0,0.0,0.0,39.00693750020582,0.0,0.0,0.0,0.0,0.0
2050-06-09 19:00:00,0.0,0.0,0.0,0.0,0.0,39.953109375201166,0.0,0.0,0.0,0.0,0.0
2050-06-09 20:00:00,0.0,0.0,0.0,0.0,0.0,39.686859375215136,0.0,0.0,0.0,0.0,0.0
2050-06-09 21:00:00,0.0,0.0,0.0,0.0,0.0,38.78703125019092,0.0,0.0,0.0,0.0,0.0
2050-06-09 22:00:00,0.0,0.0,0.0,0.0,0.0,36.86356250022072,0.0,0.0,0.0,0.0,0.0
2050-06-09 23:00:00,0.0,0.0,0.0,0.0,0.0,33.82918750029057,0.0,0.0,0.0,0.0,0.0
2050-06-10 00:00:00,0.0,0.0,0.0,0.0,0.0,30.491937500191852,0.0,0.0,0.0,0.0,0.0
2050-06-10 01:00:00,0.0,0.0,0.0,0.0,0.0,14.37167038574944,0.0,0.0,0.0,0.0,0.0
2050-06-10 02:00:00,0.0,0.0,0.0,0.0,0.0,21.98050006416088,0.0,0.0,0.0,0.0,0.0
2050-06-10 03:00:00,0.0,0.0,0.0,0.0,0.0,23.216062500257976,6.662724276753952,0.0,0.0,4.663906993727766,0.0
2050-06-10 04:00:00,0.0,0.0,0.0,0.0,0.0,22.556406250223517,13.928586294275696,0.0,0.0,9.750010405992986,0.0
2050-06-10 05:00:00,0.0,0.0,0.0,0.0,0.0,22.619609375251457,22.443888562736326,0.0,0.0,15.710721993915428,0.0
2050-06-10 06:00:00,0.0,0.0,0.0,0.0,0.0,25.00793750025332,25.833737709247885,0.0,0.0,18.083616396473516,0.0
2050-06-10 07:00:00,0.0,0.0,0.0,0.0,0.0,30.128062500269152,22.19429354008846,0.0,0.0,15.53600547806192,0.0
2050-06-10 08:00:00,0.0,0.0,0.0,0.0,0.0,34.76059375028126,16.180202548897007,0.0,0.0,11.326141784227904,0.0
2050-06-10 09:00:00,0.0,0.0,0.0,0.0,0.0,39.832218750263564,11.217642740513945,0.0,0.0,7.852349918359761,0.0
2050-06-10 10:00:00,0.0,0.0,0.0,0.0,0.0,41.39342187519651,27.514962170568907,0.0,0.0,19.260473519398232,0.0
2050-06-10 11:00:00,0.0,0.0,0.0,0.0,0.0,42.490843750187196,25.2061964189203,0.0,0.0,17.64433749324421,0.0
2050-06-10 12:00:00,0.0,0.0,0.0,0.0,0.0,43.01853125018533,31.032513569189604,0.0,0.0,21.722759498432723,0.0
2050-06-10 13:00:00,0.0,0.0,0.0,0.0,0.0,42.70295312523376,39.07747660094452,0.0,0.0,27.354233620661162,0.0
2050-06-10 14:00:00,0.0,0.0,0.0,0.0,0.0,41.55793750018347,39.07747660094452,0.0,0.0,27.354233620661162,0.0
2050-06-10 15:00:00,0.0,0.0,0.0,0.0,0.0,41.76343750022352,39.07747660094452,0.0,0.0,27.354233620661162,0.0
2050-06-10 16:00:00,0.0,0.0,0.0,0.0,0.0,41.61060937528964,39.07747660094452,0.0,0.0,27.354233620661162,0.0
2050-06-10 17:00:00,0.0,0.0,0.0,0.0,0.0,40.703812500229105,39.07747660094452,0.0,0.0,27.354233620661162,0.0
2050-06-10 18:00:00,0.0,0.0,0.0,0.0,0.0,43.37189062521793,39.07747660094452,0.0,0.0,27.354233620661162,0.0
2050-06-10 19:00:00,0.0,0.0,0.0,0.0,0.0,42.90217187523376,39.07747660094452,0.0,0.0,27.354233620661162,0.0
2050-06-10 20:00:00,0.0,0.0,0.0,0.0,0.0,41.53523437527474,39.07747660094452,0.0,0.0,27.354233620661162,0.0
2050-06-10 21:00:00,0.0,0.0,0.0,0.0,0.0,39.68518750020303,39.07747660094452,0.0,0.0,27.354233620661162,0.0
2050-06-10 22:00:00,0.0,0.0,0.0,0.0,0.0,37.515609375201166,39.07747660094452,0.0,0.0,27.354233620661162,0.0
2050-06-10 23:00:00,0.0,0.0,0.0,0.0,0.0,34.87926562526263,39.07747660094452,0.0,0.0,27.354233620661162,0.0
2050-06-11 00:00:00,0.0,0.0,0.0,0.0,0.0,30.95442187518347,39.07747660094452,0.0,0.0,27.354233620661162,0.0
2050-06-11 01:00:00,0.0,0.0,0.0,0.0,0.0,27.45175000024028,39.07747660094452,0.0,0.0,27.354233620661162,0.0
2050-06-11 02:00:00,0.0,0.0,0.0,0.0,0.0,24.936984375235625,39.07747660094452,0.0,0.0,27.354233620661162,0.0
2050-06-11 03:00:00,0.0,0.0,0.0,0.0,0.0,23.641078125219792,16.39464269637891,0.0,0.0,11.476249887465237,0.0
2050-06-11 04:00:00,0.0,0.0,0.0,0.0,0.0,22.919687500223517,0.0,0.0,0.0,0.0,0.0
2050-06-11 05:00:00,0.0,0.0,0.0,0.0,0.0,23.27140625019092,0.0,0.0,0.0,0.0,0.0
2050-06-11 06:00:00,0.0,0.0,0.0,0.0,0.0,25.814437500201166,0.0,0.0,0.0,0.0,0.0
2050-06-11 07:00:00,0.0,0.0,0.0,0.0,0.0,31.300531250191852,0.0,0.0,0.0,0.0,0.0
2050-06-11 08:00:00,0.0,0.0,0.0,0.0,0.0,35.6110625002766,0.0,5.235455483218945,0.0,0.0,5.342301513488719
2050-06-11 09:00:00,0.0,0.0,0.0,0.0,0.0,40.89790625020396,0.0,9.316184492434,0.0,0.0,9.506310706565305
2050-06-11 10:00:00,0.0,0.0,0.0,0.0,0.0,42.907781250192784,0.0,36.14588187610592,0.0,0.0,36.883552934801955
2050-06-11 11:00:00,0.0,0.0,0.0,0.0,0.0,43.06825000024401,0.0,28.223828960958404,0.0,0.0,28.799825470365718
2050-06-11 12:00:00,0.0,0.0,0.0,0.0,0.0,43.28225000028033,0.0,18.90774287667284,0.0,0.0,19.29361518027841
2050-06-11 13:00:00,0.0,0.0,0.0,0.0,0.0,42.96400000026915,0.0,28.12216968553253,0.0,0.0,28.69609151584952
2050-06-11 14:00:00,0.0,0.0,0.0,0.0,0.0,41.33309375029057,0.0,35.279594860808594,0.0,0.0,35.99958659266183
2050-06-11 15:00:00,0.0,0.0,0.0,0.0,0.0,41.144562500179745,0.0,42.41295762108984,0.0,0.0,43.27852818478556
2050-06-11 16:00:00,0.0,0.0,0.0,0.0,0.0,39.17994684881023,0.0,43.73995049595425,0.0,0.0,44.63260254689209
2050-06-11 17:00:00,0.0,0.0,0.0,0.0,0.0,39.45218750019558,0.0,43.73995049595425,0.0,0.0,44.63260254689209
2050-06-11 18:00:00,0.0,0.0,0.0,0.0,0.0,42.54131250025239,0.0,43.73995049595425,0.0,0.0,44.63260254689209
2050-06-11 19:00:00,0.0,0.0,0.0,0.0,0.0,42.918156250263564,0.0,43.73995049595425,0.0,0.0,44.63260254689209
2050-06-11 20:00:00,0.0,0.0,0.0,0.0,0.0,29.194573490762195,0.0,43.73995049595425,0.0,0.0,44.63260254689209
2050-06-11 21:00:00,0.0,0.0,0.0,0.0,0.0,39.597187500214204,0.0,43.73995049595425,0.0,0.0,44.63260254689209
2050-06-11 22:00:00,0.0,0.0,0.0,0.0,0.0,24.125900969613667,0.0,43.73995049595425,0.0,0.0,44.63260254689209
2050-06-11 23:00:00,0.0,0.0,0.0,0.0,0.0,34.61756250017788,0.0,3.7171654243271814,0.0,0.0,3.7930259431910014
2050-06-12 00:00:00,0.0,0.0,0.0,0.0,0.0,2.839498932765764,0.0,0.0,0.0,0.0,0.0
2050-06-12 01:00:00,0.0,0.0,0.0,0.0,0.0,6.48703277965933,0.0,0.0,0.0,0.0,0.0
2050-06-12 02:00:00,0.0,0.0,0.0,0.0,0.0,7.88957080196451,0.0,0.0,0.0,0.0,0.0
2050-06-12 03:00:00,0.0,0.0,0.0,0.0,0.0,23.686281250207685,0.0,0.0,0.0,0.0,0.0
2050-06-12 04:00:00,0.0,0.0,0.0,0.0,0.0,5.8551075051127555,0.0,0.0,0.0,0.0,0.0
2050-06-12 05:00:00,0.0,0.0,0.0,0.0,0.0,4.235901147894765,0.0,0.0,0.0,0.0,0.0
2050-06-12 06:00:00,0.0,0.0,0.0,0.0,0.0,25.37903125025332,0.0,0.0,0.0,0.0,0.0
2050-06-12 07:00:00,0.0,0.0,0.0,0.0,0.0,5.250529625496256,0.0,0.0,0.0,0.0,0.0
2050-06-12 08:00:00,0.0,0.0,0.0,0.0,0.0,36.42453125026077,0.0,0.0,0.0,0.0,0.0
2050-06-12 09:00:00,0.0,0.0,0.0,0.0,0.0,40.910093750222586,0.0,0.0,0.0,0.0,0.0
2050-06-12 10:00:00,0.0,0.0,0.0,0.0,0.0,1.9115188022315124,0.0,0.0,0.0,0.0,0.0
2050-06-12 11:00:00,0.0,0.0,0.0,0.0,0.0,43.50184375024401,0.0,0.0,0.0,0.0,0.0
2050-06-12 12:00:00,0.0,0.0,0.0,0.0,0.0,43.467562500271015,0.0,0.0,0.0,0.0,0.0
2050-06-12 13:00:00,0.0,0.0,0.0,0.0,0.0,2.980042179308384,0.0,0.0,0.0,0.0,0.0
2050-06-12 14:00:00,0.0,0.0,0.0,0.0,0.0,42.271593750221655,0.0,0.0,0.0,0.0,0.0
2050-06-12 15:00:00,0.0,0.0,0.0,0.0,0.0,5.759047046007254,0.0,0.0,0.0,0.0,0.0
2050-06-12 16:00:00,0.0,0.0,0.0,0.0,0.0,42.19575000018813,0.0,0.0,0.0,0.0,0.0
2050-06-12 17:00:00,0.0,0.0,0.0,0.0,0.0,5.448994447971472,0.0,0.0,0.0,0.0,0.0
2050-06-12 18:00:00,0.0,0.0,0.0,0.0,0.0,42.034593750257045,0.0,0.0,0.0,0.0,0.0
2050-06-12 19:00:00,0.0,0.0,0.0,0.0,0.0,7.929310216278736,0.0,0.0,0.0,0.0,0.0
2050-06-12 20:00:00,0.0,0.0,0.0,0.0,0.0,4.794213749338269,0.0,0.0,0.0,0.0,0.0
2050-06-12 21:00:00,0.0,0.0,0.0,0.0,0.0,38.87246875022538,0.0,0.0,0.0,0.0,0.0
2050-06-12 22:00:00,0.0,0.0,0.0,0.0,0.0,0.04249831701827134,0.0,0.0,0.0,0.0,0.0
2050-06-12 23:00:00,0.0,0.0,0.0,0.0,0.0,33.954437500215136,0.0,0.0,0.0,0.0,0.0
2050-06-13 00:00:00,0.0,0.0,0.0,0.0,0.0,0.1307508640661581,0.0,0.0,0.0,0.0,0.0
2050-06-13 01:00:00,0.0,0.0,0.0,0.0,0.0,26.699500000220723,0.0,0.0,0.0,0.0,0.0
2050-06-13 02:00:00,0.0,0.0,0.0,0.0,0.0,0.10303439754807187,0.0,0.0,0.0,0.0,0.0
2050-06-13 03:00:00,0.0,0.0,0.0,0.0,0.0,22.625343750230968,0.0,0.0,0.0,0.0,0.0
2050-06-13 04:00:00,0.0,0.0,0.0,0.0,0.0,22.069375000195578,0.0,0.0,0.0,0.0,0.0
2050-06-13 05:00:00,0.0,0.0,0.0,0.0,0.0,0.392231105758583,0.0,0.0,0.0,0.0,0.0
2050-06-13 06:00:00,0.0,0.0,0.0,0.0,0.0,1.0773299083712118,0.0,0.0,0.0,0.0,0.0
2050-06-13 07:00:00,0.0,0.0,0.0,0.0,0.0,2.3341330256257606,0.0,0.0,0.0,0.0,0.0
2050-06-13 08:00:00,0.0,0.0,0.0,0.0,0.0,35.09187500027474,0.0,0.0,0.0,0.0,0.0
2050-06-13 09:00:00,0.0,0.0,0.0,0.0,0.0,3.7238536397444477,0.0,0.0,0.0,0.0,0.0
2050-06-13 10:00:00,0.0,0.0,0.0,0.0,0.0,40.52996875019744,0.0,0.0,0.0,0.0,0.0
2050-06-13 11:00:00,0.0,0.0,0.0,0.0,0.0,1.0966086035450644,0.0,0.0,0.0,0.0,0.0
2050-06-13 12:00:00,0.0,0.0,0.0,0.0,0.0,43.79009375022724,0.0,0.0,0.0,0.0,0.0
2050-06-13 13:00:00,0.0,0.0,0.0,0.0,0.0,41.48175000026822,0.0,0.0,0.0,0.0,0.0
2050-06-13 14:00:00,0.0,0.0,0.0,0.0,0.0,6.019072966931617,0.0,0.0,0.0,0.0,0.0
2050-06-13 15:00:00,0.0,0.0,0.0,0.0,0.0,42.0427812502021,0.0,0.0,0.0,0.0,0.0
2050-06-13 16:00:00,0.0,0.0,0.0,0.0,0.0,10.727054547023272,0.0,0.0,0.0,0.0,0.0
2050-06-13 17:00:00,0.0,0.0,0.0,0.0,0.0,38.70459375018254,0.0,0.0,0.0,0.0,0.0
2050-06-13 18:00:00,0.0,0.0,0.0,0.0,0.0,14.742374970062883,0.0,0.0,0.0,0.0,0.0
2050-06-13 19:00:00,0.0,0.0,0.0,0.0,0.0,41.97975000028964,0.0,0.0,0.0,0.0,0.0
2050-06-13 20:00:00,0.0,0.0,0.0,0.0,0.0,40.785218750243075,0.0,0.0,0.0,0.0,0.0
2050-06-13 21:00:00,0.0,0.0,0.0,0.0,0.0,19.920860381201692,0.0,0.0,0.0,0.0,0.0
2050-06-13 22:00:00,0.0,0.0,0.0,0.0,0.0,37.72365625028033,0.0,0.0,0.0,0.0,0.0
2050-06-13 23:00:00,0.0,0.0,0.0,0.0,0.0,33.82081250019837,0.0,0.0,0.0,0.0,0.0
2050-06-14 00:00:00,0.0,0.0,0.0,0.0,0.0,24.95571861944927,0.0,0.0,0.0,0.0,0.0
2050-06-14 01:00:00,0.0,0.0,0.0,0.0,0.0,27.245000000228174,0.0,0.0,0.0,0.0,0.0
2050-06-14 02:00:00,0.0,0.0,0.0,0.0,0.0,25.16787500027567,0.0,0.0,0.0,0.0,0.0
2050-06-14 03:00:00,0.0,0.0,0.0,0.0,0.0,23.77725000027567,0.0,0.0,0.0,0.0,0.0
2050-06-14 04:00:00,0.0,0.0,0.0,0.0,0.0,23.117625000188127,0.0,0.0,0.0,0.0,0.0
2050-06-14 05:00:00,0.0,0.0,0.0,0.0,0.0,6.889916727464879,0.0,0.0,0.0,0.0,0.0
2050-06-14 06:00:00,0.0,0.0,0.0,0.0,0.0,4.153719447471303,0.0,0.0,0.0,0.0,0.0
2050-06-14 07:00:00,0.0,0.0,0.0,0.0,0.0,30.572031250223517,0.0,0.0,0.0,0.0,0.0
2050-06-14 08:00:00,0.0,0.0,0.0,0.0,0.0,2.5864871137659975,0.0,0.0,0.0,0.0,0.0
2050-06-14 09:00:00,0.0,0.0,0.0,0.0,0.0,39.39528125023935,0.0,0.0,0.0,0.0,0.0
2050-06-14 10:00:00,0.0,0.0,0.0,0.0,0.0,41.85790625028312,0.0,0.0,0.0,0.0,0.0
2050-06-14 11:00:00,0.0,0.0,0.0,0.0,0.0,3.985853077793763,0.0,0.0,0.0,0.0,0.0
2050-06-14 12:00:00,0.0,0.0,0.0,0.0,0.0,4.76975632752783,0.0,0.0,0.0,0.0,0.0
2050-06-14 13:00:00,0.0,0.0,0.0,0.0,0.0,39.254875000217,0.0,0.0,0.0,0.0,0.0
2050-06-14 14:00:00,0.0,0.0,0.0,0.0,0.0,10.618533181781913,0.0,0.0,0.0,0.0,0.0
2050-06-14 15:00:00,0.0,0.0,0.0,0.0,0.0,15.40364648888135,0.0,0.0,0.0,0.0,0.0
2050-06-14 16:00:00,0.0,0.0,0.0,0.0,0.0,38.87393750017509,0.0,0.0,0.0,0.0,0.0
2050-06-14 17:00:00,0.0,0.0,0.0,0.0,0.0,38.227250000229105,0.0,0.0,0.0,0.0,0.0
2050-06-14 18:00:00,0.0,0.0,0.0,0.0,0.0,41.07525000022724,0.0,0.0,0.0,0.0,0.0
2050-06-14 19:00:00,0.0,0.0,0.0,0.0,0.0,22.26867396456464,0.0,0.0,0.0,0.0,0.0
2050-06-14 20:00:00,0.0,0.0,0.0,0.0,0.0,22.492895982213668,0.0,0.0,0.0,0.0,0.0
2050-06-14 21:00:00,0.0,0.0,0.0,0.0,0.0,19.772605527226915,0.0,0.0,0.0,0.0,0.0
2050-06-14 22:00:00,0.0,0.0,0.0,0.0,0.0,35.69012500019744,0.0,0.0,0.0,0.0,0.0
2050-06-14 23:00:00,0.0,0.0,0.0,0.0,0.0,6.7574599672007025,0.0,0.0,0.0,0.0,0.0
2050-06-15 00:00:00,0.0,0.0,0.0,0.0,0.0,30.373500000219792,0.0,0.0,0.0,0.0,0.0
2050-06-15 01:00:00,0.0,0.0,0.0,0.0,0.0,9.7423248249288,0.0,0.0,0.0,0.0,0.0
2050-06-15 02:00:00,0.0,0.0,0.0,0.0,0.0,24.328062500222586,0.0,0.0,0.0,0.0,0.0
2050-06-15 03:00:00,0.0,0.0,0.0,0.0,0.0,22.56143750017509,0.0,0.0,0.0,0.0,0.0
2050-06-15 04:00:00,0.0,0.0,0.0,0.0,0.0,8.944872472529369,0.0,0.0,0.0,0.0,0.0
2050-06-15 05:00:00,0.0,0.0,0.0,0.0,0.0,22.093187500257045,0.0,0.0,0.0,0.0,0.0
2050-06-15 06:00:00,0.0,0.0,0.0,0.0,0.0,12.626281950605517,0.0,0.0,0.0,0.0,0.0
2050-06-15 07:00:00,0.0,0.0,0.0,0.0,0.0,24.089812500285916,0.0,0.0,0.0,0.0,0.0
2050-06-15 08:00:00,0.0,0.0,0.0,0.0,0.0,13.9562040017031,0.0,0.0,0.0,0.0,0.0
2050-06-15 09:00:00,0.0,0.0,0.0,0.0,0.0,19.791963811730056,0.0,0.0,0.0,0.0,0.0
2050-06-15 10:00:00,0.0,0.0,0.0,0.0,0.0,10.964428430836051,0.0,0.0,0.0,0.0,0.0
2050-06-15 11:00:00,0.0,0.0,0.0,0.0,0.0,25.410890586220376,0.0,0.0,0.0,0.0,0.0
2050-06-15 12:00:00,0.0,0.0,0.0,0.0,0.0,37.12131250021048,9.491557652462951,0.0,0.0,6.644090356724066,0.0
2050-06-15 13:00:00,0.0,0.0,0.0,0.0,0.0,37.754875000217,28.811703081587027,0.0,0.0,20.168192157110916,0.0
2050-06-15 14:00:00,0.0,0.0,0.0,0.0,0.0,37.0167500001844,39.07747660094452,0.0,0.0,27.354233620661162,0.0
2050-06-15 15:00:00,0.0,0.0,0.0,0.0,0.0,36.18062500027008,39.07747660094452,0.0,0.0,27.354233620661162,0.0
2050-06-15 16:00:00,0.0,0.0,0.0,0.0,0.0,36.16831250023097,39.07747660094452,0.0,0.0,27.354233620661162,0.0
2050-06-15 17:00:00,0.0,0.0,0.0,0.0,0.0,36.21631250018254,39.07747660094452,0.0,0.0,27.354233620661162,0.0
2050-06-15 18:00:00,0.0,0.0,0.0,0.0,0.0,39.71443750022445,39.07747660094452,0.0,0.0,27.354233620661162,0.0
2050-06-15 19:00:00,0.0,0.0,0.0,0.0,0.0,40.42768750025425,39.07747660094452,0.0,0.0,27.35423362066115,0.0
2050-06-15 20:00:00,0.0,0.0,0.0,0.0,0.0,40.049562500207685,39.07747660094452,0.0,0.0,27.35423362066115,0.0
2050-06-15 21:00:00,0.0,0.0,0.0,0.0,0.0,38.47168750024866,39.07747660094452,0.0,0.0,27.35423362066115,0.0
2050-06-15 22:00:00,0.0,0.0,0.0,0.0,0.0,36.517187500256114,39.07747660094452,0.0,0.0,27.35423362066115,0.0
2050-06-15 23:00:00,0.0,0.0,0.0,0.0,0.0,34.34987500018906,39.07747660094452,0.0,0.0,27.35423362066115,0.0
2050-06-16 00:00:00,0.0,0.0,0.0,0.0,0.0,31.69075000018347,39.07747660094452,0.0,0.0,27.35423362066115,0.0
2050-06-16 01:00:00,0.0,0.0,0.0,0.0,0.0,28.94718750019092,39.07747660094452,0.0,0.0,27.35423362066115,0.0
2050-06-16 02:00:00,0.0,0.0,0.0,0.0,0.0,25.942437500227243,39.07747660094452,0.0,0.0,27.35423362066115,0.0
2050-06-16 03:00:00,0.0,0.0,0.0,0.0,0.0,23.594812500290573,39.07747660094452,0.0,0.0,27.35423362066115,0.0
2050-06-16 04:00:00,0.0,0.0,0.0,0.0,0.0,23.29318750021048,39.07747660094452,0.0,0.0,27.35423362066115,0.0
2050-06-16 05:00:00,0.0,0.0,0.0,0.0,0.0,22.360687500215136,39.07747660094452,0.0,0.0,27.35423362066115,0.0
2050-06-16 06:00:00,0.0,0.0,0.0,0.0,0.0,21.857750000199303,39.07747660094452,0.0,0.0,27.35423362066115,0.0
2050-06-16 07:00:00,0.0,0.0,0.0,0.0,0.0,22.25062500021886,39.07747660094452,0.0,0.0,27.35423362066115,0.0
2050-06-16 08:00:00,0.0,0.0,0.0,0.0,0.0,23.372062500216998,39.07747660094452,0.0,0.0,27.35423362066115,0.0
2050-06-16 09:00:00,0.0,0.0,0.0,0.0,0.0,25.84125000028871,39.07747660094452,0.0,0.0,27.35423362066115,0.0
2050-06-16 10:00:00,0.0,0.0,0.0,0.0,0.0,27.600562500185333,39.07747660094452,0.0,0.0,27.35423362066115,0.0
2050-06-16 11:00:00,0.0,0.0,0.0,0.0,0.0,30.786687500192784,39.07747660094452,0.0,0.0,27.35423362066115,0.0
2050-06-16 12:00:00,0.0,0.0,0.0,0.0,0.0,32.70437500020489,39.07747660094452,0.0,0.0,27.35423362066115,0.0
2050-06-16 13:00:00,0.0,0.0,0.0,0.0,0.0,34.39250000019092,39.07747660094452,0.0,0.0,27.35423362066115,0.0
2050-06-16 14:00:00,0.0,0.0,0.0,0.0,0.0,34.5843125001993,39.07747660094452,0.0,0.0,27.35423362066115,0.0
2050-06-16 15:00:00,0.0,0.0,0.0,0.0,0.0,33.934937500278465,39.07747660094452,0.0,0.0,27.35423362066115,0.0
2050-06-16 16:00:00,0.0,0.0,0.0,0.0,0.0,34.01812500017695,39.07747660094452,0.0,0.0,27.35423362066115,0.0
2050-06-16 17:00:00,0.0,0.0,0.0,0.0,0.0,33.85631250019651,39.07747660094452,0.0,0.0,27.35423362066115,0.0
2050-06-16 18:00:00,0.0,0.0,0.0,0.0,0.0,37.85243750025984,39.07747660094452,0.0,0.0,27.35423362066115,0.0
2050-06-16 19:00:00,0.0,0.0,0.0,0.0,0.0,39.53700000024401,39.07747660094452,0.0,0.0,27.35423362066115,0.0
2050-06-16 20:00:00,0.0,0.0,0.0,0.0,0.0,39.359312500222586,39.07747660094452,0.0,0.0,27.35423362066115,0.0
2050-06-16 21:00:00,0.0,0.0,0.0,0.0,0.0,38.92937500018161,39.07747660094452,0.0,0.0,27.35423362066115,0.0
2050-06-16 22:00:00,0.0,0.0,0.0,0.0,0.0,37.369750000187196,39.07747660094452,0.0,0.0,27.35423362066115,0.0
2050-06-16 23:00:00,0.0,0.0,0.0,0.0,0.0,33.857000000192784,39.07747660094452,0.0,0.0,27.35423362066115,0.0
2050-06-17 00:00:00,0.0,0.0,0.0,0.0,0.0,30.263500000233762,39.07747660094452,0.0,0.0,27.35423362066115,0.0
2050-06-17 01:00:00,0.0,0.0,0.0,0.0,0.0,27.085687500191852,39.07747660094452,0.0,0.0,27.35423362066115,0.0
2050-06-17 02:00:00,0.0,0.0,0.0,0.0,0.0,24.685937500209548,39.07747660094452,0.0,0.0,27.35423362066115,0.0
2050-06-17 03:00:00,0.0,0.0,0.0,0.0,0.0,23.276250000228174,39.07747660094452,0.0,0.0,27.35423362066115,0.0
2050-06-17 04:00:00,0.0,0.0,0.0,0.0,0.0,22.591000000247732,39.07747660094452,0.0,0.0,27.35423362066115,0.0
2050-06-17 05:00:00,0.0,0.0,0.0,0.0,0.0,22.57900000025984,39.07747660094452,0.0,0.0,27.35423362066115,0.0
2050-06-17 06:00:00,0.0,0.0,0.0,0.0,0.0,25.671875,39.07747660094452,0.0,0.0,27.35423362066115,0.0
2050-06-17 07:00:00,0.0,0.0,0.0,0.0,0.0,31.172187500284053,39.07747660094452,0.0,0.0,27.35423362066115,0.0
2050-06-17 08:00:00,0.0,0.0,0.0,0.0,0.0,34.86243750026915,35.302194702363124,0.0,0.0,24.711536291654184,0.0
2050-06-17 09:00:00,0.0,0.0,0.0,0.0,0.0,39.49506250023842,26.651062646161975,0.0,0.0,18.655743852313382,0.0
2050-06-17 10:00:00,0.0,0.0,0.0,0.0,0.0,40.850250000250526,0.0,0.0,0.0,0.0,0.0
2050-06-17 11:00:00,0.0,0.0,0.0,0.0,0.0,41.95112500025425,0.0,0.0,0.0,0.0,0.0
2050-06-17 12:00:00,0.0,0.0,0.0,0.0,0.0,42.47175000025891,23.315836570289036,0.0,0.0,16.321085599202323,0.0
2050-06-17 13:00:00,0.0,0.0,0.0,0.0,0.0,42.708250000257976,22.05128460899965,0.0,0.0,15.435899226299755,0.0
2050-06-17 14:00:00,0.0,0.0,0.0,0.0,0.0,41.72237500024494,15.054950381658436,0.0,0.0,10.538465267160905,0.0
2050-06-17 15:00:00,0.0,0.0,0.0,0.0,0.0,41.644562500179745,3.2306147470448954,0.0,0.0,2.2614303229314268,0.0
2050-06-17 16:00:00,0.0,0.0,0.0,0.0,0.0,41.07600000023376,0.0,0.0,0.0,0.0,0.0
2050-06-17 17:00:00,0.0,0.0,0.0,0.0,0.0,40.33856250019744,0.0,0.0,0.0,0.0,0.0
2050-06-17 18:00:00,0.0,0.0,0.0,0.0,0.0,43.263687500264496,0.0,0.0,0.0,0.0,0.0
2050-06-17 19:00:00,0.0,0.0,0.0,0.0,0.0,43.889437500271015,0.0,0.0,0.0,0.0,0.0
2050-06-17 20:00:00,0.0,0.0,0.0,0.0,0.0,42.72256250027567,0.0,0.0,0.0,0.0,0.0
2050-06-17 21:00:00,0.0,0.0,0.0,0.0,0.0,40.550937500200234,0.0,0.0,0.0,0.0,0.0
2050-06-17 22:00:00,0.0,0.0,0.0,0.0,0.0,38.28018750017509,0.0,7.719897947088539,0.0,0.0,7.8774468847842245
2050-06-17 23:00:00,0.0,0.0,0.0,0.0,0.0,34.90350000024773,0.0,7.3907059853902455,0.0,0.0,7.541536719785966
2050-06-18 00:00:00,0.0,0.0,0.0,0.0,0.0,31.40912500023842,0.0,36.748376106350065,0.0,0.0,37.49834296566333
2050-06-18 01:00:00,0.0,0.0,0.0,0.0,0.0,27.586125000263564,0.0,23.067907374285515,0.0,0.0,23.538680994168892
2050-06-18 02:00:00,0.0,0.0,0.0,0.0,0.0,24.92081250017509,0.0,11.177077488149544,0.0,0.0,11.405181110356681
2050-06-18 03:00:00,0.0,0.0,0.0,0.0,0.0,23.283812500187196,0.0,2.9497531475823275,0.0,0.0,3.0099521914105387
2050-06-18 04:00:00,0.0,0.0,0.0,0.0,0.0,22.566750000230968,0.0,0.0,0.0,0.0,0.0
2050-06-18 05:00:00,0.0,0.0,0.0,0.0,0.0,22.810437500244007,0.0,0.0,0.0,0.0,0.0
2050-06-18 06:00:00,0.0,0.0,0.0,0.0,0.0,25.390625,0.0,0.0,0.0,0.0,0.0
2050-06-18 07:00:00,0.0,0.0,0.0,0.0,0.0,30.43231250019744,0.0,2.7660968784852273,0.0,0.0,2.822547835189008
2050-06-18 08:00:00,0.0,0.0,0.0,0.0,0.0,34.22381250024773,0.0,27.68504417803282,0.0,0.0,28.25004507962533
2050-06-18 09:00:00,0.0,0.0,0.0,0.0,0.0,39.59525000024587,0.0,24.55846437056043,0.0,0.0,25.059657520980032
2050-06-18 10:00:00,0.0,0.0,0.0,0.0,0.0,40.027500000200234,0.0,13.34976925726809,0.0,0.0,13.62221352782458
2050-06-18 11:00:00,0.0,0.0,0.0,0.0,0.0,41.50175000028685,10.198772151057192,0.0,0.0,7.139140505740033,0.0
2050-06-18 12:00:00,0.0,0.0,0.0,0.0,0.0,42.27000000025146,10.707843191340409,0.0,0.0,7.495490233938286,0.0
2050-06-18 13:00:00,0.0,0.0,0.0,0.0,0.0,41.96962500025984,11.976674934172983,0.0,0.0,8.383672453921088,0.0
2050-06-18 14:00:00,0.0,0.0,0.0,0.0,0.0,41.02956250018906,13.931791971581433,0.0,0.0,9.752254380107003,0.0
2050-06-18 15:00:00,0.0,0.0,0.0,0.0,0.0,41.0954375002766,29.444311783002192,0.0,0.0,20.611018248101534,0.0
2050-06-18 16:00:00,0.0,0.0,0.0,0.0,0.0,40.53875000018161,38.94203345867023,0.0,0.0,27.25942342106916,0.0
2050-06-18 17:00:00,0.0,0.0,0.0,0.0,0.0,40.322875000187196,39.07747660094452,0.0,0.0,27.35423362066115,0.0
2050-06-18 18:00:00,0.0,0.0,0.0,0.0,0.0,43.303375000250526,27.873195510405,0.0,0.0,19.5112368572835,0.0
2050-06-18 19:00:00,0.0,0.0,0.0,0.0,0.0,42.99068750021979,19.4307105350306,0.0,0.0,13.601497374521418,0.0
2050-06-18 20:00:00,0.0,0.0,0.0,0.0,0.0,41.632375000277534,23.952480863734323,0.0,0.0,16.766736604614024,0.0
2050-06-18 21:00:00,0.0,0.0,0.0,0.0,0.0,39.860937500256114,26.465588397312985,0.0,0.0,18.52591187811909,0.0
2050-06-18 22:00:00,0.0,0.0,0.0,0.0,0.0,37.67618750024121,4.327756096756126,0.0,0.0,3.029429267729288,0.0
2050-06-18 23:00:00,0.0,0.0,0.0,0.0,0.0,34.985562500194646,17.31466658939054,0.0,0.0,12.120266612573378,0.0
2050-06-19 00:00:00,0.0,0.0,0.0,0.0,0.0,31.64906250021886,24.250256253438025,0.0,0.0,16.975179377406615,0.0
2050-06-19 01:00:00,0.0,0.0,0.0,0.0,0.0,28.091062500257976,31.02239121233707,0.0,0.0,21.715673848635948,0.0
2050-06-19 02:00:00,0.0,0.0,0.0,0.0,0.0,25.41393750021234,39.07747660094452,0.0,0.0,27.35423362066115,0.0
2050-06-19 03:00:00,0.0,0.0,0.0,0.0,0.0,23.92781250027474,39.07747660094452,0.0,0.0,27.35423362066115,0.0
2050-06-19 04:00:00,0.0,0.0,0.0,0.0,0.0,23.219687500270084,39.07747660094452,0.0,0.0,27.35423362066115,0.0
2050-06-19 05:00:00,0.0,0.0,0.0,0.0,0.0,23.7599375002319,39.07747660094452,0.0,0.0,27.354233620661162,0.0
2050-06-19 06:00:00,0.0,0.0,0.0,0.0,0.0,25.38093750027474,39.07747660094452,0.0,0.0,27.354233620661162,0.0
2050-06-19 07:00:00,0.0,0.0,0.0,0.0,0.0,29.20768750028219,39.07747660094452,0.0,0.0,27.354233620661162,0.0
2050-06-19 08:00:00,0.0,0.0,0.0,0.0,0.0,34.36506250023376,39.07747660094452,0.0,0.0,27.35423362066115,0.0
2050-06-19 09:00:00,0.0,0.0,0.0,0.0,0.0,39.839875000179745,39.07747660094452,0.0,0.0,27.35423362066115,0.0
2050-06-19 10:00:00,0.0,0.0,0.0,0.0,0.0,41.34681250026915,0.7482633529017662,0.0,0.0,0.5237843470312363,0.0
2050-06-19 11:00:00,0.0,0.0,0.0,0.0,0.0,43.5921250001993,10.79529393778714,0.0,0.0,7.556705756450997,0.0
2050-06-19 12:00:00,0.0,0.0,0.0,0.0,0.0,44.399750000215136,32.90147789174606,0.0,0.0,23.031034524222243,0.0
2050-06-19 13:00:00,0.0,0.0,0.0,0.0,0.0,44.446500000194646,39.07747660094452,0.0,0.0,27.35423362066115,0.0
2050-06-19 14:00:00,0.0,0.0,0.0,0.0,0.0,43.43987500027288,39.07747660094452,0.0,0.0,27.35423362066115,0.0
2050-06-19 15:00:00,0.0,0.0,0.0,0.0,0.0,43.32262500026263,39.07747660094452,0.0,0.0,27.35423362066115,0.0
2050-06-19 16:00:00,0.0,0.0,0.0,0.0,0.0,42.286375000257976,39.07747660094452,0.0,0.0,27.35423362066115,0.0
2050-06-19 17:00:00,0.0,0.0,0.0,0.0,0.0,41.041625000187196,39.07747660094452,0.0,0.0,27.35423362066115,0.0
2050-06-19 18:00:00,0.0,0.0,0.0,0.0,0.0,43.898625000263564,39.07747660094452,0.0,0.0,27.35423362066115,0.0
2050-06-19 19:00:00,0.0,0.0,0.0,0.0,0.0,43.971562500228174,39.07747660094452,0.0,0.0,27.35423362066115,0.0
2050-06-19 20:00:00,0.0,0.0,0.0,0.0,0.0,42.57606250024401,39.07747660094452,0.0,0.0,27.35423362066115,0.0
2050-06-19 21:00:00,0.0,0.0,0.0,0.0,0.0,40.82043750025332,39.07747660094452,0.0,0.0,27.35423362066115,0.0
2050-06-19 22:00:00,0.0,0.0,0.0,0.0,0.0,39.13512500026263,39.07747660094452,0.0,0.0,27.35423362066115,0.0
2050-06-19 23:00:00,0.0,0.0,0.0,0.0,0.0,37.10537500027567,39.07747660094452,0.0,0.0,27.35423362066115,0.0
2050-06-20 00:00:00,0.0,0.0,0.0,0.0,0.0,33.68400000024121,39.07747660094452,0.0,0.0,27.35423362066115,0.0
2050-06-20 01:00:00,0.0,0.0,0.0,0.0,0.0,30.50137500022538,39.07747660094452,0.0,0.0,27.35423362066115,0.0
2050-06-20 02:00:00,0.0,0.0,0.0,0.0,0.0,27.55931250017602,39.07747660094452,0.0,0.0,27.35423362066115,0.0
2050-06-20 03:00:00,0.0,0.0,0.0,0.0,0.0,25.36768750019837,39.07747660094452,0.0,0.0,27.35423362066115,0.0
2050-06-20 04:00:00,0.0,0.0,0.0,0.0,0.0,24.295437500230037,39.07747660094452,0.0,0.0,27.35423362066115,0.0
2050-06-20 05:00:00,0.0,0.0,0.0,0.0,0.0,23.76637500023935,39.07747660094452,0.0,0.0,27.35423362066115,0.0
2050-06-20 06:00:00,0.0,0.0,0.0,0.0,0.0,23.811812500236556,39.07747660094452,0.0,0.0,27.35423362066115,0.0
2050-06-20 07:00:00,0.0,0.0,0.0,0.0,0.0,24.405687500257045,39.07747660094452,0.0,0.0,27.35423362066115,0.0
2050-06-20 08:00:00,0.0,0.0,0.0,0.0,0.0,26.150375000201166,30.89346778488266,0.0,0.0,21.62542744941786,0.0
2050-06-20 09:00:00,0.0,0.0,0.0,0.0,0.0,29.347625000285916,16.423368933195434,0.0,0.0,11.496358253236803,0.0
2050-06-20 10:00:00,0.0,0.0,0.0,0.0,0.0,31.39200000022538,17.099489354322237,0.0,0.0,11.969642548025565,0.0
2050-06-20 11:00:00,0.0,0.0,0.0,0.0,0.0,34.62362500024028,4.464891377161912,0.0,0.0,3.125423964013338,0.0
2050-06-20 12:00:00,0.0,0.0,0.0,0.0,0.0,36.73893750028219,0.0,0.0,0.0,0.0,0.0
2050-06-20 13:00:00,0.0,0.0,0.0,0.0,0.0,38.317312500206754,0.0,0.0,0.0,0.0,0.0
2050-06-20 14:00:00,0.0,0.0,0.0,0.0,0.0,38.155562500236556,0.0,43.73995049595425,0.0,0.0,44.63260254689209
2050-06-20 15:00:00,0.0,0.0,0.0,0.0,0.0,37.75562500022352,0.0,36.09187597244794,0.0,0.0,36.82844486984484
2050-06-20 16:00:00,0.0,0.0,0.0,0.0,0.0,37.38950000028126,0.0,35.81116142916671,0.0,0.0,36.54200145833339
2050-06-20 17:00:00,0.0,0.0,0.0,0.0,0.0,37.34793750022072,0.0,43.73995049595425,0.0,0.0,44.63260254689209
2050-06-20 18:00:00,0.0,0.0,0.0,0.0,0.0,41.069875000277534,0.0,43.73995049595425,0.0,0.0,44.63260254689209
2050-06-20 19:00:00,0.0,0.0,0.0,0.0,0.0,42.24718750023749,0.0,43.73995049595425,0.0,0.0,44.63260254689209
2050-06-20 20:00:00,0.0,0.0,0.0,0.0,0.0,41.79381250019651,0.0,43.73995049595425,0.0,0.0,44.63260254689209
2050-06-20 21:00:00,0.0,0.0,0.0,0.0,0.0,40.82156250020489,0.0,43.73995049595425,0.0,0.0,44.63260254689209
2050-06-20 22:00:00,0.0,0.0,0.0,0.0,0.0,38.94912500027567,0.0,43.73995049595425,0.0,0.0,44.63260254689209
2050-06-20 23:00:00,0.0,0.0,0.0,0.0,0.0,36.52493750024587,0.0,41.016770686446904,0.0,0.0,41.85384763923154
2050-06-21 00:00:00,0.0,0.0,0.0,0.0,0.0,33.01056250021793,0.0,27.580805005508257,0.0,0.0,28.143678577049247
2050-06-21 01:00:00,0.0,0.0,0.0,0.0,0.0,29.557125000283122,0.0,23.999057649420102,0.0,0.0,24.48883433614296
2050-06-21 02:00:00,0.0,0.0,0.0,0.0,0.0,26.779125000233762,0.0,24.4724584500899,0.0,0.0,24.971896377642757
2050-06-21 03:00:00,0.0,0.0,0.0,0.0,0.0,25.042937500285916,0.0,29.001051083074245,0.0,0.0,29.59290926844311
2050-06-21 04:00:00,0.0,0.0,0.0,0.0,0.0,24.137062500230968,0.0,33.83858170241617,0.0,0.0,34.52916500246549
2050-06-21 05:00:00,0.0,0.0,0.0,0.0,0.0,24.083250000257976,0.0,40.35548496324437,0.0,0.0,41.17906628902487
2050-06-21 06:00:00,0.0,0.0,0.0,0.0,0.0,25.86187500017695,0.0,43.73995049595425,0.0,0.0,44.63260254689209
2050-06-21 07:00:00,0.0,0.0,0.0,0.0,0.0,30.055625000270084,0.0,43.73995049595425,0.0,0.0,44.63260254689209
2050-06-21 08:00:00,0.0,0.0,0.0,0.0,0.0,34.88975000020582,0.0,43.73995049595425,0.0,0.0,44.63260254689209
2050-06-21 09:00:00,0.0,0.0,0.0,0.0,0.0,39.98350000020582,0.0,43.73995049595425,0.0,0.0,44.63260254689209
2050-06-21 10:00:00,0.0,0.0,0.0,0.0,0.0,41.48993750021327,0.0,43.73995049595425,0.0,0.0,44.63260254689209
2050-06-21 11:00:00,0.0,0.0,0.0,0.0,0.0,43.15075000026263,0.0,43.73995049595425,0.0,0.0,44.63260254689209
2050-06-21 12:00:00,0.0,0.0,0.0,0.0,0.0,26.08972138377385,0.0,43.73995049595425,0.0,0.0,44.63260254689209
2050-06-21 13:00:00,0.0,0.0,0.0,0.0,0.0,43.23056250018999,0.0,43.73995049595425,0.0,0.0,44.63260254689209
2050-06-21 14:00:00,0.0,0.0,0.0,0.0,0.0,36.702761667122104,0.0,43.73995049595425,0.0,0.0,44.63260254689209
2050-06-21 15:00:00,0.0,0.0,0.0,0.0,0.0,42.22762500029057,0.0,36.63744483486852,0.0,0.0,37.38514779068217
2050-06-21 16:00:00,0.0,0.0,0.0,0.0,0.0,42.066375000285916,1.4926279238175653,0.0,0.0,1.0448395466722957,0.0
2050-06-21 17:00:00,0.0,0.0,0.0,0.0,0.0,40.649625000194646,10.975627560246672,0.0,0.0,7.682939292172669,0.0
2050-06-21 18:00:00,0.0,0.0,0.0,0.0,0.0,43.93325000023469,0.0,0.0,0.0,0.0,0.0
2050-06-21 19:00:00,0.0,0.0,0.0,0.0,0.0,44.761250000214204,0.0,0.0,0.0,0.0,0.0
2050-06-21 20:00:00,0.0,0.0,0.0,0.0,0.0,43.568375000264496,0.0,0.0,0.0,0.0,0.0
2050-06-21 21:00:00,0.0,0.0,0.0,0.0,0.0,41.695375000243075,0.0,0.0,0.0,0.0,0.0
2050-06-21 22:00:00,0.0,0.0,0.0,0.0,0.0,39.714875000179745,0.0,0.0,0.0,0.0,0.0
2050-06-21 23:00:00,0.0,0.0,0.0,0.0,0.0,37.67650000017602,0.0,0.0,0.0,0.0,0.0
2050-06-22 00:00:00,0.0,0.0,0.0,0.0,0.0,34.65262500022072,0.0,0.0,0.0,0.0,0.0
2050-06-22 01:00:00,0.0,0.0,0.0,0.0,0.0,31.128000000258908,0.3750901580994963,0.0,0.0,0.2625631106696474,0.0
2050-06-22 02:00:00,0.0,0.0,0.0,0.0,0.0,28.056375000276603,13.679685145099981,0.0,0.0,9.575779601569986,0.0
2050-06-22 03:00:00,0.0,0.0,0.0,0.0,0.0,26.085625000181608,28.372447500072177,0.0,0.0,19.860713250050523,0.0
2050-06-22 04:00:00,0.0,0.0,0.0,0.0,0.0,24.760000000242144,34.24687268807262,0.0,0.0,23.972810881650833,0.0
2050-06-22 05:00:00,0.0,0.0,0.0,0.0,0.0,24.462625000276603,39.05395970023238,0.0,0.0,27.337771790162666,0.0
2050-06-22 06:00:00,0.0,0.0,0.0,0.0,0.0,24.595500000286847,23.071529380955067,0.0,0.0,16.150070566668546,0.0
2050-06-22 07:00:00,0.0,0.0,0.0,0.0,0.0,25.71925000019837,19.119597503007626,0.0,0.0,13.383718252105337,0.0
2050-06-22 08:00:00,0.0,0.0,0.0,0.0,0.0,28.65712500025984,17.399608187075103,0.0,0.0,12.17972573095257,0.0
2050-06-22 09:00:00,0.0,0.0,0.0,0.0,0.0,33.04337500024121,8.816916647366313,0.0,0.0,6.171841653156418,0.0
2050-06-22 10:00:00,0.0,0.0,0.0,0.0,0.0,35.885000000242144,0.0,0.0,0.0,0.0,0.0
2050-06-22 11:00:00,0.0,0.0,0.0,0.0,0.0,38.72050000028685,0.0,0.0,0.0,0.0,0.0
2050-06-22 12:00:00,0.0,0.0,0.0,0.0,0.0,40.2107500002021,0.0,0.0,0.0,0.0,0.0
2050-06-22 13:00:00,0.0,0.0,0.0,0.0,0.0,40.69437500019558,0.0,0.0,0.0,0.0,0.0
2050-06-22 14:00:00,0.0,0.0,0.0,0.0,0.0,39.92600000021048,0.0,0.0,0.0,0.0,0.0
2050-06-22 15:00:00,0.0,0.0,0.0,0.0,0.0,39.3781250002794,0.0,0.0,0.0,0.0,0.0
2050-06-22 16:00:00,0.0,0.0,0.0,0.0,0.0,38.59150000021327,0.0,0.0,0.0,0.0,0.0
2050-06-22 17:00:00,0.0,0.0,0.0,0.0,0.0,38.29137500026263,0.0,5.30776059717063,0.0,0.0,5.416082242010847
2050-06-22 18:00:00,0.0,0.0,0.0,0.0,0.0,41.54337500024121,0.0,43.73995049595425,0.0,0.0,44.63260254689209
2050-06-22 19:00:00,0.0,0.0,0.0,0.0,0.0,42.307500000228174,0.0,43.73995049595425,0.0,0.0,44.63260254689209
2050-06-22 20:00:00,0.0,0.0,0.0,0.0,0.0,41.472625000285916,0.0,43.73995049595425,0.0,0.0,44.63260254689209
2050-06-22 21:00:00,0.0,0.0,0.0,0.0,0.0,40.03800000017509,0.0,43.73995049595425,0.0,0.0,44.63260254689209
2050-06-22 22:00:00,0.0,0.0,0.0,0.0,0.0,38.20412500028033,0.0,43.73995049595425,0.0,0.0,44.63260254689209
2050-06-22 23:00:00,0.0,0.0,0.0,0.0,0.0,36.15437500027474,0.0,43.73995049595425,0.0,0.0,44.63260254689209
2050-06-23 00:00:00,0.0,0.0,0.0,0.0,0.0,32.79150000028312,0.0,29.071110909262355,0.0,0.0,29.664398887002406
2050-06-23 01:00:00,0.0,0.0,0.0,0.0,0.0,29.67050000024028,0.0,1.4821416618768135,0.0,0.0,1.5123894508947078
2050-06-23 02:00:00,0.0,0.0,0.0,0.0,0.0,27.186500000185333,12.157504174672354,0.0,0.0,8.510252922270647,0.0
2050-06-23 03:00:00,0.0,0.0,0.0,0.0,0.0,24.67112500022631,30.18389300684693,0.0,0.0,21.12872510479285,0.0
2050-06-23 04:00:00,0.0,0.0,0.0,0.0,0.0,23.695250000222586,39.07747660094452,0.0,0.0,27.35423362066115,0.0
2050-06-23 05:00:00,0.0,0.0,0.0,0.0,0.0,23.069375000195578,39.07747660094452,0.0,0.0,27.35423362066115,0.0
2050-06-23 06:00:00,0.0,0.0,0.0,0.0,0.0,22.988875000271946,32.668582226782114,0.0,0.0,22.86800755874748,0.0
2050-06-23 07:00:00,0.0,0.0,0.0,0.0,0.0,24.036375000257976,18.05468858731757,0.0,0.0,12.6382820111223,0.0
2050-06-23 08:00:00,0.0,0.0,0.0,0.0,0.0,25.55012500018347,3.7764395329133507,0.0,0.0,2.643507673039345,0.0
2050-06-23 09:00:00,0.0,0.0,0.0,0.0,0.0,27.769500000285916,0.0,0.0,0.0,0.0,0.0
2050-06-23 10:00:00,0.0,0.0,0.0,0.0,0.0,29.674875000258908,0.0,0.0,0.0,0.0,0.0
2050-06-23 11:00:00,0.0,0.0,0.0,0.0,0.0,32.33487500017509,0.0,0.0,0.0,0.0,0.0
2050-06-23 12:00:00,0.0,0.0,0.0,0.0,0.0,34.31400000024587,0.0,0.0,0.0,0.0,0.0
2050-06-23 13:00:00,0.0,0.0,0.0,0.0,0.0,36.19225000019651,0.0,0.0,0.0,0.0,0.0
2050-06-23 14:00:00,0.0,0.0,0.0,0.0,0.0,36.45500000019092,0.0,0.0,0.0,0.0,0.0
2050-06-23 15:00:00,0.0,0.0,0.0,0.0,0.0,36.293750000186265,0.0,9.378309977723278,0.0,0.0,9.569704058901305
2050-06-23 16:00:00,0.0,0.0,0.0,0.0,0.0,36.617250000243075,0.0,42.39225820834558,0.0,0.0,43.25740633504651
2050-06-23 17:00:00,0.0,0.0,0.0,0.0,0.0,36.9542500001844,0.0,43.73995049595425,0.0,0.0,44.63260254689209
2050-06-23 18:00:00,0.0,0.0,0.0,0.0,0.0,40.75262500019744,0.0,43.73995049595425,0.0,0.0,44.63260254689209
2050-06-23 19:00:00,0.0,0.0,0.0,0.0,0.0,41.757375000277534,0.0,43.73995049595425,0.0,0.0,44.63260254689209
2050-06-23 20:00:00,0.0,0.0,0.0,0.0,0.0,41.37212500022724,0.0,43.45042043263125,0.0,0.0,44.33716370676658
2050-06-23 21:00:00,0.0,0.0,0.0,0.0,0.0,40.524625000194646,0.0,43.10162326042936,0.0,0.0,43.98124822492793
2050-06-23 22:00:00,0.0,0.0,0.0,0.0,0.0,39.449375000200234,0.0,43.73995049595425,0.0,0.0,44.63260254689209
2050-06-23 23:00:00,0.0,0.0,0.0,0.0,0.0,36.620625000214204,0.0,43.73995049595425,0.0,0.0,44.63260254689209
2050-06-24 00:00:00,0.0,0.0,0.0,0.0,0.0,33.20787500019651,0.0,40.041805906543274,0.0,0.0,40.85898561892171
2050-06-24 01:00:00,0.0,0.0,0.0,0.0,0.0,29.324500000220723,0.0,33.78158252852274,0.0,0.0,34.47100258012525
2050-06-24 02:00:00,0.0,0.0,0.0,0.0,0.0,26.386500000255182,0.0,35.80766226159083,0.0,0.0,36.538430879174314
2050-06-24 03:00:00,0.0,0.0,0.0,0.0,0.0,24.10950000025332,0.0,10.041560459066474,0.0,0.0,10.246490264353545
2050-06-24 04:00:00,0.0,0.0,0.0,0.0,0.0,23.326000000233762,39.07747660094452,0.0,0.0,27.35423362066115,0.0
2050-06-24 05:00:00,0.0,0.0,0.0,0.0,0.0,23.583750000223517,39.07747660094452,0.0,0.0,27.35423362066115,0.0
2050-06-24 06:00:00,0.0,0.0,0.0,0.0,0.0,24.461625000229105,39.07747660094452,0.0,0.0,27.35423362066115,0.0
2050-06-24 07:00:00,0.0,0.0,0.0,0.0,0.0,28.292375000193715,39.07747660094452,0.0,0.0,27.35423362066115,0.0
2050-06-24 08:00:00,0.0,0.0,0.0,0.0,0.0,33.46012500021607,35.28588054337288,0.0,0.0,24.700116380361017,0.0
2050-06-24 09:00:00,0.0,0.0,0.0,0.0,0.0,38.59550000028685,6.704500030409335,0.0,0.0,4.6931500212865345,0.0
2050-06-24 10:00:00,0.0,0.0,0.0,0.0,0.0,40.32587500021327,21.976141066579466,0.0,0.0,15.383298746605625,0.0
2050-06-24 11:00:00,0.0,0.0,0.0,0.0,0.0,43.12825000018347,30.91205327761412,0.0,0.0,21.638437294329883,0.0
2050-06-24 12:00:00,0.0,0.0,0.0,0.0,0.0,43.994875000207685,32.52950175291316,0.0,0.0,22.770651227039213,0.0
2050-06-24 13:00:00,0.0,0.0,0.0,0.0,0.0,43.96850000019185,18.69571831244309,0.0,0.0,13.087002818710163,0.0
2050-06-24 14:00:00,0.0,0.0,0.0,0.0,0.0,42.555250000208616,15.366200216864513,0.0,0.0,10.756340151805158,0.0
2050-06-24 15:00:00,0.0,0.0,0.0,0.0,0.0,43.09462500025984,27.038881667542356,0.0,0.0,18.927217167279647,0.0
2050-06-24 16:00:00,0.0,0.0,0.0,0.0,0.0,42.9396250002319,36.69195253078611,0.0,0.0,25.684366771550277,0.0
2050-06-24 17:00:00,0.0,0.0,0.0,0.0,0.0,42.84162500023376,34.93937680011158,0.0,0.0,24.457563760078106,0.0
2050-06-24 18:00:00,0.0,0.0,0.0,0.0,0.0,45.45725000021048,38.9656697378052,0.0,0.0,27.27596881646364,0.0
2050-06-24 19:00:00,0.0,0.0,0.0,0.0,0.0,44.334000000264496,39.07747660094452,0.0,0.0,27.35423362066115,0.0
2050-06-24 20:00:00,0.0,0.0,0.0,0.0,0.0,42.9093750002794,39.07747660094452,0.0,0.0,27.35423362066115,0.0
2050-06-24 21:00:00,0.0,0.0,0.0,0.0,0.0,41.50550000020303,36.42808358810895,0.0,0.0,25.499658511676262,0.0
2050-06-24 22:00:00,0.0,0.0,0.0,0.0,0.0,39.53287500026636,35.95982854432293,0.0,0.0,25.171879981026052,0.0
2050-06-24 23:00:00,0.0,0.0,0.0,0.0,0.0,37.078125,35.84025244739773,0.0,0.0,25.08817671317841,0.0
2050-06-25 00:00:00,0.0,0.0,0.0,0.0,0.0,33.15337500022724,38.297915939833445,0.0,0.0,26.80854115788341,0.0
2050-06-25 01:00:00,0.0,0.0,0.0,0.0,0.0,29.354250000207685,37.150700992869076,0.0,0.0,26.00549069500835,0.0
2050-06-25 02:00:00,0.0,0.0,0.0,0.0,0.0,26.379875000216998,32.680655392371705,0.0,0.0,22.876458774660193,0.0
2050-06-25 03:00:00,0.0,0.0,0.0,0.0,0.0,24.544625000213273,37.9068266226269,0.0,0.0,26.53477863583883,0.0
2050-06-25 04:00:00,0.0,0.0,0.0,0.0,0.0,23.840875000227243,39.07747660094452,0.0,0.0,27.35423362066115,0.0
2050-06-25 05:00:00,0.0,0.0,0.0,0.0,0.0,24.129375000251457,39.07747660094452,0.0,0.0,27.35423362066115,0.0
2050-06-25 06:00:00,0.0,0.0,0.0,0.0,0.0,25.41862500028219,39.07747660094452,0.0,0.0,27.35423362066115,0.0
2050-06-25 07:00:00,0.0,0.0,0.0,0.0,0.0,29.37775000021793,39.07747660094452,0.0,0.0,27.35423362066115,0.0
2050-06-25 08:00:00,0.0,0.0,0.0,0.0,0.0,34.00150000024587,39.07747660094452,0.0,0.0,27.35423362066115,0.0
2050-06-25 09:00:00,0.0,0.0,0.0,0.0,0.0,39.39762500021607,37.35090050896741,0.0,0.0,26.145630356277188,0.0
2050-06-25 10:00:00,0.0,0.0,0.0,0.0,0.0,41.01081408711616,0.34400613302388905,0.0,0.0,0.24080429311672233,0.0
2050-06-25 11:00:00,0.0,0.0,0.0,0.0,0.0,43.33349890157115,13.444490573362941,0.0,0.0,9.411143401354058,0.0
2050-06-25 12:00:00,0.0,0.0,0.0,0.0,0.0,44.46295166015625,20.712035765380975,0.0,0.0,14.498425035766681,0.0
2050-06-25 13:00:00,0.0,0.0,0.0,0.0,0.0,44.060743164271116,31.41124782589833,0.0,0.0,21.98787347812883,0.0
2050-06-25 14:00:00,0.0,0.0,0.0,0.0,0.0,43.109423828311265,30.697057824096355,0.0,0.0,21.487940476867447,0.0
2050-06-25 15:00:00,0.0,0.0,0.0,0.0,0.0,43.70426953153219,22.724192479501426,0.0,0.0,15.906934735650998,0.0
2050-06-25 16:00:00,0.0,0.0,0.0,0.0,0.0,43.138550781528465,4.712962667071359,0.0,0.0,3.2990738669499513,0.0
2050-06-25 17:00:00,0.0,0.0,0.0,0.0,0.0,42.75002929707989,0.0,0.0,0.0,0.0,0.0
2050-06-25 18:00:00,0.0,0.0,0.0,0.0,0.0,45.3019062501844,0.0,5.589744645793262,0.0,0.0,5.703821067135982
2050-06-25 19:00:00,0.0,0.0,0.0,0.0,0.0,44.82044140645303,0.0,43.73995049595425,0.0,0.0,44.63260254689209
2050-06-25 20:00:00,0.0,0.0,0.0,0.0,0.0,43.40332812524866,0.0,43.73995049595425,0.0,0.0,44.63260254689209
2050-06-25 21:00:00,0.0,0.0,0.0,0.0,0.0,42.16918359394185,0.0,43.73995049595425,0.0,0.0,44.63260254689209
2050-06-25 22:00:00,0.0,0.0,0.0,0.0,0.0,39.80038281274028,0.0,43.73995049595425,0.0,0.0,44.63260254689209
2050-06-25 23:00:00,0.0,0.0,0.0,0.0,0.0,37.578156250179745,0.0,43.73995049595425,0.0,0.0,44.63260254689209
2050-06-26 00:00:00,0.0,0.0,0.0,0.0,0.0,34.92798437527381,0.0,43.73995049595425,0.0,0.0,44.63260254689209
2050-06-26 01:00:00,0.0,0.0,0.0,0.0,0.0,30.975421875249594,0.0,43.73995049595425,0.0,0.0,44.63260254689209
2050-06-26 02:00:00,0.0,0.0,0.0,0.0,0.0,27.914117187727243,0.0,43.73995049595425,0.0,0.0,44.63260254689209
2050-06-26 03:00:00,0.0,0.0,0.0,0.0,0.0,24.05697277277477,0.0,43.73995049595425,0.0,0.0,44.63260254689209
2050-06-26 04:00:00,0.0,0.0,0.0,0.0,0.0,24.714601562707685,0.0,43.73995049595425,0.0,0.0,44.63260254689209
2050-06-26 05:00:00,0.0,0.0,0.0,0.0,0.0,24.972492187749594,0.0,36.47994028410716,0.0,0.0,37.22442886133384
2050-06-26 06:00:00,0.0,0.0,0.0,0.0,0.0,26.189343750244007,0.0,28.1398878821413,0.0,0.0,28.71417130830745
2050-06-26 07:00:00,0.0,0.0,0.0,0.0,0.0,29.51913281274028,0.0,26.681414647437283,0.0,0.0,27.225933313711515
2050-06-26 08:00:00,0.0,0.0,0.0,0.0,0.0,34.5237656251993,0.0,34.764218431719165,0.0,0.0,35.473692277264455
2050-06-26 09:00:00,0.0,0.0,0.0,0.0,0.0,39.24066406278871,0.0,40.14284034700825,0.0,0.0,40.962081986743115
2050-06-26 10:00:00,0.0,0.0,0.0,0.0,0.0,40.725164062692784,0.0,11.334118299556879,0.0,0.0,11.56542683628253
2050-06-26 11:00:00,0.0,0.0,0.0,0.0,0.0,42.38206250022631,0.0,15.774807638522036,0.0,0.0,16.096742488287795
2050-06-26 12:00:00,0.0,0.0,0.0,0.0,0.0,43.55646093771793,0.0,28.281874460869584,0.0,0.0,28.859055572315903
2050-06-26 13:00:00,0.0,0.0,0.0,0.0,0.0,43.725117187714204,0.0,34.29918911844109,0.0,0.0,34.999172569837846
2050-06-26 14:00:00,0.0,0.0,0.0,0.0,0.0,42.71960156271234,0.0,32.16453917229425,0.0,0.0,32.820958339075766
2050-06-26 15:00:00,0.0,0.0,0.0,0.0,0.0,43.000289062736556,0.0,29.360230462463328,0.0,0.0,29.959418839248293
2050-06-26 16:00:00,0.0,0.0,0.0,0.0,0.0,42.90838085964788,0.0,23.572575176256645,0.0,0.0,24.053648139037392
2050-06-26 17:00:00,0.0,0.0,0.0,0.0,0.0,42.0515688478481,0.0,15.717339598967483,0.0,0.0,16.03810163159947
2050-06-26 18:00:00,0.0,0.0,0.0,0.0,0.0,44.45112011744641,0.021809614545659883,0.0,0.0,0.015266730181961917,0.0
2050-06-26 19:00:00,0.0,0.0,0.0,0.0,0.0,43.88478271511849,11.165607361821138,0.0,0.0,7.815925153274796,0.0
2050-06-26 20:00:00,0.0,0.0,0.0,0.0,0.0,42.13553710957058,15.433890701242483,0.0,0.0,10.803723490869737,0.0
2050-06-26 21:00:00,0.0,0.0,0.0,0.0,0.0,40.565185546875,14.418855842597488,0.0,0.0,10.09319908981824,0.0
2050-06-26 22:00:00,0.0,0.0,0.0,0.0,0.0,38.79316015646327,7.56155075764994,0.0,0.0,5.293085530354958,0.0
2050-06-26 23:00:00,0.0,0.0,0.0,0.0,0.0,36.63550878933165,15.056483317637046,0.0,0.0,10.539538322345932,0.0
2050-06-27 00:00:00,0.0,0.0,0.0,0.0,0.0,33.18499218777288,26.78608252647816,0.0,0.0,18.750257768534713,0.0
2050-06-27 01:00:00,0.0,0.0,0.0,0.0,0.0,29.632380859577097,30.652735935352432,0.0,0.0,21.4569151547467,0.0
2050-06-27 02:00:00,0.0,0.0,0.0,0.0,0.0,26.650703125284053,34.34299185620286,0.0,0.0,24.040094299341998,0.0
2050-06-27 03:00:00,0.0,0.0,0.0,0.0,0.0,24.806257812771946,36.077198766981205,0.0,0.0,25.254039136886842,0.0
2050-06-27 04:00:00,0.0,0.0,0.0,0.0,0.0,23.923164062784053,34.8850239265688,0.0,0.0,24.41951674859816,0.0
2050-06-27 05:00:00,0.0,0.0,0.0,0.0,0.0,23.965787109569646,33.28415092020302,0.0,0.0,23.29890564414211,0.0
2050-06-27 06:00:00,0.0,0.0,0.0,0.0,0.0,25.28638867207337,31.690570202935092,0.0,0.0,22.18339914205456,0.0
2050-06-27 07:00:00,0.0,0.0,0.0,0.0,0.0,28.834617187734693,24.031948656192398,0.0,0.0,16.822364059334678,0.0
2050-06-27 08:00:00,0.0,0.0,0.0,0.0,0.0,33.4856523439521,0.0,0.0,0.0,0.0,0.0
2050-06-27 09:00:00,0.0,0.0,0.0,0.0,0.0,38.877302734646946,0.0,0.0,0.0,0.0,0.0
2050-06-27 10:00:00,0.0,0.0,0.0,0.0,0.0,40.63175000017509,0.0,0.0,0.0,0.0,0.0
2050-06-27 11:00:00,0.0,0.0,0.0,0.0,0.0,42.29680664080661,0.0,0.0,0.0,0.0,0.0
2050-06-27 12:00:00,0.0,0.0,0.0,0.0,0.0,43.30527734395582,0.0,0.0,0.0,0.0,0.0
2050-06-27 13:00:00,0.0,0.0,0.0,0.0,0.0,43.40539843775332,0.0,0.0,0.0,0.0,0.0
2050-06-27 14:00:00,0.0,0.0,0.0,0.0,0.0,42.42931640648749,0.0,0.0,0.0,0.0,0.0
2050-06-27 15:00:00,0.0,0.0,0.0,0.0,0.0,42.64193359401543,0.0,0.0,0.0,0.0,0.0
2050-06-27 16:00:00,0.0,0.0,0.0,0.0,0.0,42.04371484403964,0.0,0.0,0.0,0.0,0.0
2050-06-27 17:00:00,0.0,0.0,0.0,0.0,0.0,40.99040234403219,0.0,0.0,0.0,0.0,0.0
2050-06-27 18:00:00,0.0,0.0,0.0,0.0,0.0,43.56976953148842,0.0,0.0,0.0,0.0,0.0
2050-06-27 19:00:00,0.0,0.0,0.0,0.0,0.0,43.568726562778465,0.0,0.0,0.0,0.0,0.0
2050-06-27 20:00:00,0.0,0.0,0.0,0.0,0.0,42.4001250002766,0.0,0.0,0.0,0.0,0.0
2050-06-27 21:00:00,0.0,0.0,0.0,0.0,0.0,41.2277617190266,0.0,0.0,0.0,0.0,0.0
2050-06-27 22:00:00,0.0,0.0,0.0,0.0,0.0,39.283128906507045,0.0,0.0,0.0,0.0,0.0
2050-06-27 23:00:00,0.0,0.0,0.0,0.0,0.0,37.036730468971655,0.0,0.0,0.0,0.0,0.0
2050-06-28 00:00:00,0.0,0.0,0.0,0.0,0.0,33.948871094034985,0.0,0.0,0.0,0.0,0.0
2050-06-28 01:00:00,0.0,0.0,0.0,0.0,0.0,30.461316406494007,0.0,0.0,0.0,0.0,0.0
2050-06-28 02:00:00,0.0,0.0,0.0,0.0,0.0,27.607804687693715,0.0,8.510627749377816,0.0,0.0,8.684314029977363
2050-06-28 03:00:00,0.0,0.0,0.0,0.0,0.0,25.936609375290573,0.0,31.960349213290872,0.0,0.0,32.612601238051916
2050-06-28 04:00:00,0.0,0.0,0.0,0.0,0.0,24.887671875185333,0.0,33.38797536003933,0.0,0.0,34.069362612285026
2050-06-28 05:00:00,0.0,0.0,0.0,0.0,0.0,24.702667968929745,0.0,32.79345788665006,0.0,0.0,33.46271212923476
2050-06-28 06:00:00,0.0,0.0,0.0,0.0,0.0,26.007648437749594,0.0,34.704502675600985,0.0,0.0,35.4127578322459
2050-06-28 07:00:00,0.0,0.0,0.0,0.0,0.0,29.53525000018999,0.0,41.804507241648395,0.0,0.0,42.65766045066163
2050-06-28 08:00:00,0.0,0.0,0.0,0.0,0.0,29.437982978357923,0.0,43.73995049595425,0.0,0.0,44.63260254689209
2050-06-28 09:00:00,0.0,0.0,0.0,0.0,0.0,35.987414062721655,0.0,43.73995049595425,0.0,0.0,44.63260254689209
2050-06-28 10:00:00,0.0,0.0,0.0,0.0,0.0,31.80134493574087,0.0,43.73995049595425,0.0,0.0,44.63260254689209
2050-06-28 11:00:00,0.0,0.0,0.0,0.0,0.0,42.08533593767788,0.0,43.73995049595425,0.0,0.0,44.63260254689209
2050-06-28 12:00:00,0.0,0.0,0.0,0.0,0.0,35.79964229007692,0.0,43.73995049595425,0.0,0.0,44.63260254689209
2050-06-28 13:00:00,0.0,0.0,0.0,0.0,0.0,42.95680468773935,0.0,43.73995049595425,0.0,0.0,44.63260254689209
2050-06-28 14:00:00,0.0,0.0,0.0,0.0,0.0,35.17114165969042,0.0,43.73995049595425,0.0,0.0,44.63260254689209
2050-06-28 15:00:00,0.0,0.0,0.0,0.0,0.0,40.067770785355606,0.0,43.73995049595425,0.0,0.0,44.63260254689209
2050-06-28 16:00:00,0.0,0.0,0.0,0.0,0.0,40.3052187502617,0.0,21.909032612019136,0.0,0.0,22.35615572655014
2050-06-28 17:00:00,0.0,0.0,0.0,0.0,0.0,39.126968750264496,0.0,3.332706417438173,0.0,0.0,3.4007208341205852
2050-06-28 18:00:00,0.0,0.0,0.0,0.0,0.0,41.95071093773004,0.0,0.0,0.0,0.0,0.0
2050-06-28 19:00:00,0.0,0.0,0.0,0.0,0.0,42.78943750017788,0.0,0.0,0.0,0.0,0.0
2050-06-28 20:00:00,0.0,0.0,0.0,0.0,0.0,41.565765625215136,0.0,0.0,0.0,0.0,0.0
2050-06-28 21:00:00,0.0,0.0,0.0,0.0,0.0,39.990445312694646,0.0,0.0,0.0,0.0,0.0
2050-06-28 22:00:00,0.0,0.0,0.0,0.0,0.0,38.521687500178814,0.0,0.0,0.0,0.0,0.0
2050-06-28 23:00:00,0.0,0.0,0.0,0.0,0.0,36.9150390625,0.0,0.0,0.0,0.0,0.0
2050-06-29 00:00:00,0.0,0.0,0.0,0.0,0.0,34.23016406269744,0.0,0.0,0.0,0.0,0.0
2050-06-29 01:00:00,0.0,0.0,0.0,0.0,0.0,31.151648437720723,0.0,7.307391215485039,0.0,0.0,7.456521648454121
2050-06-29 02:00:00,0.0,0.0,0.0,0.0,0.0,28.59132031269837,0.0,26.198860700790156,0.0,0.0,26.733531327336898
2050-06-29 03:00:00,0.0,0.0,0.0,0.0,0.0,26.505609375191852,0.0,28.420010949337254,0.0,0.0,29.000011172793116
2050-06-29 04:00:00,0.0,0.0,0.0,0.0,0.0,25.091210937709548,0.0,30.895060150078606,0.0,0.0,31.525571581712864
2050-06-29 05:00:00,0.0,0.0,0.0,0.0,0.0,12.529414039984204,0.0,8.530642194398073,0.0,0.0,8.704736933059259
2050-06-29 06:00:00,0.0,0.0,0.0,0.0,0.0,7.431096742680438,0.0,0.0,0.0,0.0,0.0
2050-06-29 07:00:00,0.0,0.0,0.0,0.0,0.0,25.066515625221655,0.0,0.0,0.0,0.0,0.0
2050-06-29 08:00:00,0.0,0.0,0.0,0.0,0.0,7.902552960207231,0.0,0.0,0.0,0.0,0.0
2050-06-29 09:00:00,0.0,0.0,0.0,0.0,0.0,29.53279687522445,0.0,0.0,0.0,0.0,0.0
2050-06-29 10:00:00,0.0,0.0,0.0,0.0,0.0,31.40885156276636,0.0,0.0,0.0,0.0,0.0
2050-06-29 11:00:00,0.0,0.0,0.0,0.0,0.0,34.23441406269558,0.0,0.0,0.0,0.0,0.0
2050-06-29 12:00:00,0.0,0.0,0.0,0.0,0.0,12.621790153531038,0.0,0.0,0.0,0.0,0.0
2050-06-29 13:00:00,0.0,0.0,0.0,0.0,0.0,19.83327341521226,0.0,0.0,0.0,0.0,0.0
2050-06-29 14:00:00,0.0,0.0,0.0,0.0,0.0,37.85618750017602,0.0,0.0,0.0,0.0,0.0
2050-06-29 15:00:00,0.0,0.0,0.0,0.0,0.0,36.8052187502617,7.158142616374938,0.0,0.0,5.010699831462457,0.0
2050-06-29 16:00:00,0.0,0.0,0.0,0.0,0.0,36.26845312525984,18.95251160556784,0.0,0.0,13.266758123897487,0.0
2050-06-29 17:00:00,0.0,0.0,0.0,0.0,0.0,36.781187500222586,22.131161202675187,0.0,0.0,15.49181284187263,0.0
2050-06-29 18:00:00,0.0,0.0,0.0,0.0,0.0,39.90340625029057,6.505899316838873,0.0,0.0,4.55412952178721,0.0
2050-06-29 19:00:00,0.0,0.0,0.0,0.0,0.0,40.743375000194646,0.0,0.0,0.0,0.0,0.0
2050-06-29 20:00:00,0.0,0.0,0.0,0.0,0.0,40.27253125025891,0.0,0.0,0.0,0.0,0.0
2050-06-29 21:00:00,0.0,0.0,0.0,0.0,0.0,38.84910937526729,0.0,0.0,0.0,0.0,0.0
2050-06-29 22:00:00,0.0,0.0,0.0,0.0,0.0,36.89703125017695,0.0,0.0,0.0,0.0,0.0
2050-06-29 23:00:00,0.0,0.0,0.0,0.0,0.0,35.0415468752617,0.0,0.0,0.0,0.0,0.0
2050-06-30 00:00:00,0.0,0.0,0.0,0.0,0.0,33.10787500021979,0.0,0.0,0.0,0.0,0.0
2050-06-30 01:00:00,0.0,0.0,0.0,0.0,0.0,30.59442187519744,0.0,0.0,0.0,0.0,0.0
2050-06-30 02:00:00,0.0,0.0,0.0,0.0,0.0,27.975390625186265,0.0,0.0,0.0,0.0,0.0
2050-06-30 03:00:00,0.0,0.0,0.0,0.0,0.0,26.372359375236556,0.0,0.0,0.0,0.0,0.0
2050-06-30 04:00:00,0.0,0.0,0.0,0.0,0.0,24.888906250242144,0.0,0.0,0.0,0.0,0.0
2050-06-30 05:00:00,0.0,0.0,0.0,0.0,0.0,24.651250000228174,0.0,0.0,0.0,0.0,0.0
2050-06-30 06:00:00,0.0,0.0,0.0,0.0,0.0,24.390828125178814,0.0,0.0,0.0,0.0,0.0
2050-06-30 07:00:00,0.0,0.0,0.0,0.0,0.0,24.779000000213273,0.0,0.0,0.0,0.0,0.0
2050-06-30 08:00:00,0.0,0.0,0.0,0.0,0.0,25.45201562519651,0.0,0.0,0.0,0.0,0.0
2050-06-30 09:00:00,0.0,0.0,0.0,0.0,0.0,26.755062500247732,0.0,0.0,0.0,0.0,0.0
2050-06-30 10:00:00,0.0,0.0,0.0,0.0,0.0,28.015031250193715,0.0,0.0,0.0,0.0,0.0
2050-06-30 11:00:00,0.0,0.0,0.0,0.0,0.0,30.93115625018254,0.0,0.0,0.0,0.0,0.0
2050-06-30 12:00:00,0.0,0.0,0.0,0.0,0.0,33.97114062518813,0.0,36.47804196660119,0.0,0.0,37.222491802654275
2050-06-30 13:00:00,0.0,0.0,0.0,0.0,0.0,8.269543321251149,0.0,0.25606227633905027,0.0,0.0,0.26128803708066356
2050-06-30 14:00:00,0.0,0.0,0.0,0.0,0.0,14.273850314915762,0.0,0.0,0.0,0.0,0.0
2050-06-30 15:00:00,0.0,0.0,0.0,0.0,0.0,35.94606250023935,0.0,0.0,0.0,0.0,0.0
2050-06-30 16:00:00,0.0,0.0,0.0,0.0,0.0,35.57926562521607,20.453332245128493,0.0,0.0,14.317332571589944,0.0
2050-06-30 17:00:00,0.0,0.0,0.0,0.0,0.0,35.82550000026822,32.54409243444934,0.0,0.0,22.780864704114535,0.0
2050-06-30 18:00:00,0.0,0.0,0.0,0.0,0.0,39.32325000024866,39.07747660094452,0.0,0.0,27.354233620661162,0.0
2050-06-30 19:00:00,0.0,0.0,0.0,0.0,0.0,40.93200000026263,39.07747660094452,0.0,0.0,27.354233620661162,0.0
2050-06-30 20:00:00,0.0,0.0,0.0,0.0,0.0,40.33012500021141,39.07747660094452,0.0,0.0,27.354233620661162,0.0
2050-06-30 21:00:00,0.0,0.0,0.0,0.0,0.0,39.70418750029057,39.07747660094452,0.0,0.0,27.354233620661162,0.0
2050-06-30 22:00:00,0.0,0.0,0.0,0.0,0.0,38.29014062520582,39.07747660094452,0.0,0.0,27.354233620661162,0.0
2050-06-30 23:00:00,0.0,0.0,0.0,0.0,0.0,35.35984375025146,32.71192105853775,0.0,0.0,22.898344740976423,0.0
2050-07-01 00:00:00,0.0,0.0,0.0,0.0,0.0,31.798234375193715,23.73477959984504,0.0,0.0,16.614345719891528,0.0
2050-07-01 01:00:00,0.0,0.0,0.0,0.0,0.0,28.13268750021234,15.14056936733364,0.0,0.0,10.598398557133548,0.0
2050-07-01 02:00:00,0.0,0.0,0.0,0.0,0.0,25.696578125236556,0.0,0.0,0.0,0.0,0.0
2050-07-01 03:00:00,0.0,0.0,0.0,0.0,0.0,24.591187500278465,0.0,0.0,0.0,0.0,0.0
2050-07-01 04:00:00,0.0,0.0,0.0,0.0,0.0,23.763640625285916,0.0,0.0,0.0,0.0,0.0
2050-07-01 05:00:00,0.0,0.0,0.0,0.0,0.0,23.249390625278465,0.0,0.0,0.0,0.0,0.0
2050-07-01 06:00:00,0.0,0.0,0.0,0.0,0.0,24.036953125265427,0.0,0.0,0.0,0.0,0.0
2050-07-01 07:00:00,0.0,0.0,0.0,0.0,0.0,27.23170312528964,0.0,0.0,0.0,0.0,0.0
2050-07-01 08:00:00,0.0,0.0,0.0,0.0,0.0,31.817546875216067,0.0,0.0,0.0,0.0,0.0
2050-07-01 09:00:00,0.0,0.0,0.0,0.0,0.0,36.62704687518999,0.0,35.97849966281999,0.0,0.0,36.71275475797958
2050-07-01 10:00:00,0.0,0.0,0.0,0.0,0.0,38.733328125206754,0.0,43.73995049595425,0.0,0.0,44.63260254689209
2050-07-01 11:00:00,0.0,0.0,0.0,0.0,0.0,25.136826823430965,0.0,43.73995049595425,0.0,0.0,44.63260254689209
2050-07-01 12:00:00,0.0,0.0,0.0,0.0,0.0,24.662822744649475,0.0,43.73995049595425,0.0,0.0,44.63260254689209
2050-07-01 13:00:00,0.0,0.0,0.0,0.0,0.0,24.1957567849754,0.0,43.73995049595425,0.0,0.0,44.63260254689209
2050-07-01 14:00:00,0.0,0.0,0.0,0.0,0.0,40.2706562501844,0.0,3.8533794820746565,0.0,0.0,3.932019879668017
2050-07-01 15:00:00,0.0,0.0,0.0,0.0,0.0,2.8768219364146717,0.0,0.0,0.0,0.0,0.0
2050-07-01 16:00:00,0.0,0.0,0.0,0.0,0.0,41.847718750243075,0.0,0.0,0.0,0.0,0.0
2050-07-01 17:00:00,0.0,0.0,0.0,0.0,0.0,5.795286999668406,0.0,0.0,0.0,0.0,0.0
2050-07-01 18:00:00,0.0,0.0,0.0,0.0,0.0,41.83426562522072,0.0,0.0,0.0,0.0,0.0
2050-07-01 19:00:00,0.0,0.0,0.0,0.0,0.0,42.6907812502468,0.0,0.0,0.0,0.0,0.0
2050-07-01 20:00:00,0.0,0.0,0.0,0.0,0.0,16.98296815943104,0.0,0.0,0.0,0.0,0.0
2050-07-01 21:00:00,0.0,0.0,0.0,0.0,0.0,39.108015625271946,0.0,0.0,0.0,0.0,0.0
2050-07-01 22:00:00,0.0,0.0,0.0,0.0,0.0,37.43253125017509,0.0,0.0,0.0,0.0,0.0
2050-07-01 23:00:00,0.0,0.0,0.0,0.0,0.0,34.752715495731536,0.0,0.0,0.0,0.0,0.0
2050-07-02 00:00:00,0.0,0.0,0.0,0.0,0.0,32.35265625023749,0.0,0.0,0.0,0.0,0.0
2050-07-02 01:00:00,0.0,0.0,0.0,0.0,0.0,30.03112500021234,0.0,0.0,0.0,0.0,0.0
2050-07-02 02:00:00,0.0,0.0,0.0,0.0,0.0,26.449703125283122,0.0,0.0,0.0,0.0,0.0
2050-07-02 03:00:00,0.0,0.0,0.0,0.0,0.0,25.04957812523935,0.0,0.0,0.0,0.0,0.0
2050-07-02 04:00:00,0.0,0.0,0.0,0.0,0.0,23.69654687528964,0.0,0.0,0.0,0.0,0.0
2050-07-02 05:00:00,0.0,0.0,0.0,0.0,0.0,23.594765625195578,0.0,0.0,0.0,0.0,0.0
2050-07-02 06:00:00,0.0,0.0,0.0,0.0,0.0,25.561312500271015,0.0,0.0,0.0,0.0,0.0
2050-07-02 07:00:00,0.0,0.0,0.0,0.0,0.0,29.266937500215136,0.0,0.0,0.0,0.0,0.0
2050-07-02 08:00:00,0.0,0.0,0.0,0.0,0.0,14.721069169699604,0.0,0.0,0.0,0.0,0.0
2050-07-02 09:00:00,0.0,0.0,0.0,0.0,0.0,39.106859375257045,0.0,0.0,0.0,0.0,0.0
2050-07-02 10:00:00,0.0,0.0,0.0,0.0,0.0,40.29953125026077,0.0,0.0,0.0,0.0,0.0
2050-07-02 11:00:00,0.0,0.0,0.0,0.0,0.0,3.4623064639572476,0.0,0.0,0.0,0.0,0.0
2050-07-02 12:00:00,0.0,0.0,0.0,0.0,0.0,2.1950961162619933,0.0,0.0,0.0,0.0,0.0
2050-07-02 13:00:00,0.0,0.0,0.0,0.0,0.0,42.85906250018161,0.0,0.0,0.0,0.0,0.0
2050-07-02 14:00:00,0.0,0.0,0.0,0.0,0.0,2.647981184072705,0.0,0.0,0.0,0.0,0.0
2050-07-02 15:00:00,0.0,0.0,0.0,0.0,0.0,41.89737500017509,0.0,0.0,0.0,0.0,0.0
2050-07-02 16:00:00,0.0,0.0,0.0,0.0,0.0,6.651599855577388,0.0,0.0,0.0,0.0,0.0
2050-07-02 17:00:00,0.0,0.0,0.0,0.0,0.0,40.19043750024866,0.0,0.0,0.0,0.0,0.0
2050-07-02 18:00:00,0.0,0.0,0.0,0.0,0.0,42.692593750194646,0.0,0.0,0.0,0.0,0.0
2050-07-02 19:00:00,0.0,0.0,0.0,0.0,0.0,8.737820846342402,0.0,0.0,0.0,0.0,0.0
2050-07-02 20:00:00,0.0,0.0,0.0,0.0,0.0,41.04950000019744,0.0,0.0,0.0,0.0,0.0
2050-07-02 21:00:00,0.0,0.0,0.0,0.0,0.0,7.258297633771235,0.0,0.0,0.0,0.0,0.0
2050-07-02 22:00:00,0.0,0.0,0.0,0.0,0.0,39.47212500020396,0.0,0.0,0.0,0.0,0.0
2050-07-02 23:00:00,0.0,0.0,0.0,0.0,0.0,5.737271243840041,0.0,0.0,0.0,0.0,0.0
2050-07-03 00:00:00,0.0,0.0,0.0,0.0,0.0,6.1512372999332,0.0,0.0,0.0,0.0,0.0
2050-07-03 01:00:00,0.0,0.0,0.0,0.0,0.0,6.848244412897202,0.0,0.0,0.0,0.0,0.0
2050-07-03 02:00:00,0.0,0.0,0.0,0.0,0.0,7.879574640367082,0.0,0.0,0.0,0.0,0.0
2050-07-03 03:00:00,0.0,0.0,0.0,0.0,0.0,25.530250000185333,0.0,0.0,0.0,0.0,0.0
2050-07-03 04:00:00,0.0,0.0,0.0,0.0,0.0,24.713656250271015,0.0,0.0,0.0,0.0,0.0
2050-07-03 05:00:00,0.0,0.0,0.0,0.0,0.0,24.92440625024028,0.0,0.0,0.0,0.0,0.0
2050-07-03 06:00:00,0.0,0.0,0.0,0.0,0.0,10.67892751789077,0.0,0.0,0.0,0.0,0.0
2050-07-03 07:00:00,0.0,0.0,0.0,0.0,0.0,9.348711091492078,0.0,0.0,0.0,0.0,0.0
2050-07-03 08:00:00,0.0,0.0,0.0,0.0,0.0,34.07740625028964,0.0,0.0,0.0,0.0,0.0
2050-07-03 09:00:00,0.0,0.0,0.0,0.0,0.0,7.9094499599209485,0.0,0.0,0.0,0.0,0.0
2050-07-03 10:00:00,0.0,0.0,0.0,0.0,0.0,40.730437500285916,0.0,0.0,0.0,0.0,0.0
2050-07-03 11:00:00,0.0,0.0,0.0,0.0,0.0,7.512798889278201,0.0,0.0,0.0,0.0,0.0
2050-07-03 12:00:00,0.0,0.0,0.0,0.0,0.0,42.32434375025332,0.0,0.0,0.0,0.0,0.0
2050-07-03 13:00:00,0.0,0.0,0.0,0.0,0.0,9.14450642239126,0.0,0.0,0.0,0.0,0.0
2050-07-03 14:00:00,0.0,0.0,0.0,0.0,0.0,41.164968750206754,0.0,0.0,0.0,0.0,0.0
2050-07-03 15:00:00,0.0,0.0,0.0,0.0,0.0,41.438843750278465,0.0,0.0,0.0,0.0,0.0
2050-07-03 16:00:00,0.0,0.0,0.0,0.0,0.0,11.240695484971639,0.0,0.0,0.0,0.0,0.0
2050-07-03 17:00:00,0.0,0.0,0.0,0.0,0.0,11.428231123465594,0.0,0.0,0.0,0.0,0.0
2050-07-03 18:00:00,0.0,0.0,0.0,0.0,0.0,10.104795489362914,0.0,0.0,0.0,0.0,0.0
2050-07-03 19:00:00,0.0,0.0,0.0,0.0,0.0,38.296906250179745,0.0,0.0,0.0,0.0,0.0
2050-07-03 20:00:00,0.0,0.0,0.0,0.0,0.0,39.082937500206754,0.0,0.0,0.0,0.0,0.0
2050-07-03 21:00:00,0.0,0.0,0.0,0.0,0.0,37.12600000028033,0.0,0.0,0.0,0.0,0.0
2050-07-03 22:00:00,0.0,0.0,0.0,0.0,0.0,37.03021875023842,0.0,0.0,0.0,0.0,0.0
2050-07-03 23:00:00,0.0,0.0,0.0,0.0,0.0,4.940738752760808,0.0,0.0,0.0,0.0,0.0
2050-07-04 00:00:00,0.0,0.0,0.0,0.0,0.0,31.15121875028126,0.0,0.0,0.0,0.0,0.0
2050-07-04 01:00:00,0.0,0.0,0.0,0.0,0.0,3.428481128075873,0.0,0.0,0.0,0.0,0.0
2050-07-04 02:00:00,0.0,0.0,0.0,0.0,0.0,24.862500000279397,0.0,0.0,0.0,0.0,0.0
2050-07-04 03:00:00,0.0,0.0,0.0,0.0,0.0,0.408183593927788,0.0,0.0,0.0,0.0,0.0
2050-07-04 04:00:00,0.0,0.0,0.0,0.0,0.0,0.14174918839307793,0.0,0.0,0.0,0.0,0.0
2050-07-04 05:00:00,0.0,0.0,0.0,0.0,0.0,22.68346875021234,0.0,0.0,0.0,0.0,0.0
2050-07-04 06:00:00,0.0,0.0,0.0,0.0,0.0,0.12285668443018949,0.0,0.0,0.0,0.0,0.0
2050-07-04 07:00:00,0.0,0.0,0.0,0.0,0.0,28.98956250026822,0.0,0.0,0.0,0.0,0.0
2050-07-04 08:00:00,0.0,0.0,0.0,0.0,0.0,0.19096109751353652,0.0,0.0,0.0,0.0,0.0
2050-07-04 09:00:00,0.0,0.0,0.0,0.0,0.0,38.00971875025425,0.0,0.0,0.0,0.0,0.0
2050-07-04 10:00:00,0.0,0.0,0.0,0.0,0.0,39.839406250277534,0.0,0.0,0.0,0.0,0.0
2050-07-04 11:00:00,0.0,0.0,0.0,0.0,0.0,2.618353235970062,0.0,0.0,0.0,0.0,0.0
2050-07-04 12:00:00,0.0,0.0,0.0,0.0,0.0,2.0775785315740904,0.0,0.0,0.0,0.0,0.0
2050-07-04 13:00:00,0.0,0.0,0.0,0.0,0.0,42.85612500028219,0.0,0.0,0.0,0.0,0.0
2050-07-04 14:00:00,0.0,0.0,0.0,0.0,0.0,6.475276307892727,0.0,0.0,0.0,0.0,0.0
2050-07-04 15:00:00,0.0,0.0,0.0,0.0,0.0,42.396718750242144,0.0,0.0,0.0,0.0,0.0
2050-07-04 16:00:00,0.0,0.0,0.0,0.0,0.0,11.243935231672822,0.0,0.0,0.0,0.0,0.0
2050-07-04 17:00:00,0.0,0.0,0.0,0.0,0.0,41.22843750019092,0.0,0.0,0.0,0.0,0.0
2050-07-04 18:00:00,0.0,0.0,0.0,0.0,0.0,43.481281250249594,0.0,0.0,0.0,0.0,0.0
2050-07-04 19:00:00,0.0,0.0,0.0,0.0,0.0,16.69893536919608,0.0,0.0,0.0,0.0,0.0
2050-07-04 20:00:00,0.0,0.0,0.0,0.0,0.0,41.81487500027288,0.0,0.0,0.0,0.0,0.0
2050-07-04 21:00:00,0.0,0.0,0.0,0.0,0.0,17.71816260394644,0.0,0.0,0.0,0.0,0.0
2050-07-04 22:00:00,0.0,0.0,0.0,0.0,0.0,38.57328125019558,0.0,0.0,0.0,0.0,0.0
2050-07-04 23:00:00,0.0,0.0,0.0,0.0,0.0,14.86891195925773,0.0,0.0,0.0,0.0,0.0
2050-07-05 00:00:00,0.0,0.0,0.0,0.0,0.0,19.4100264196818,0.0,0.0,0.0,0.0,0.0
2050-07-05 01:00:00,0.0,0.0,0.0,0.0,0.0,29.751218750257976,0.0,0.0,0.0,0.0,0.0
2050-07-05 02:00:00,0.0,0.0,0.0,0.0,0.0,26.76625000021886,4.981608924320071,0.0,0.0,3.487126247024049,0.0
2050-07-05 03:00:00,0.0,0.0,0.0,0.0,0.0,25.001531250192784,17.676516789128392,0.0,0.0,12.373561752389874,0.0
2050-07-05 04:00:00,0.0,0.0,0.0,0.0,0.0,24.038218750269152,26.561095240049035,0.0,0.0,18.592766668034322,0.0
2050-07-05 05:00:00,0.0,0.0,0.0,0.0,0.0,23.318500000284985,31.38868322289077,0.0,0.0,21.972078256023536,0.0
2050-07-05 06:00:00,0.0,0.0,0.0,0.0,0.0,24.26625000021886,38.68852722031341,0.0,0.0,27.081969054219385,0.0
2050-07-05 07:00:00,0.0,0.0,0.0,0.0,0.0,28.20575000019744,32.978138276691396,0.0,0.0,23.084696793683975,0.0
2050-07-05 08:00:00,0.0,0.0,0.0,0.0,0.0,33.27781250025146,3.3785680184433176,0.0,0.0,2.3649976129103223,0.0
2050-07-05 09:00:00,0.0,0.0,0.0,0.0,0.0,39.12975000019651,0.0,0.0,0.0,0.0,0.0
2050-07-05 10:00:00,0.0,0.0,0.0,0.0,0.0,40.88037500018254,0.0,0.0,0.0,0.0,0.0
2050-07-05 11:00:00,0.0,0.0,0.0,0.0,0.0,42.719968750257976,0.0,0.0,0.0,0.0,0.0
2050-07-05 12:00:00,0.0,0.0,0.0,0.0,0.0,43.949281250243075,0.0,0.0,0.0,0.0,0.0
2050-07-05 13:00:00,0.0,0.0,0.0,0.0,0.0,44.17990625021048,0.0,0.0,0.0,0.0,0.0
2050-07-05 14:00:00,0.0,0.0,0.0,0.0,0.0,43.20231250021607,0.0,0.0,0.0,0.0,0.0
2050-07-05 15:00:00,0.0,0.0,0.0,0.0,0.0,43.07596875028685,9.369172084204997,0.0,0.0,6.558420458943498,0.0
2050-07-05 16:00:00,0.0,0.0,0.0,0.0,0.0,40.4944687501993,39.07747660094452,0.0,0.0,27.35423362066115,0.0
2050-07-05 17:00:00,0.0,0.0,0.0,0.0,0.0,38.649656250257976,39.07747660094452,0.0,0.0,27.35423362066115,0.0
2050-07-05 18:00:00,0.0,0.0,0.0,0.0,0.0,41.16000000026543,39.07747660094452,0.0,0.0,27.35423362066115,0.0
2050-07-05 19:00:00,0.0,0.0,0.0,0.0,0.0,42.050312500214204,39.07747660094452,0.0,0.0,27.35423362066115,0.0
2050-07-05 20:00:00,0.0,0.0,0.0,0.0,0.0,41.122406250215136,39.07747660094452,0.0,0.0,27.35423362066115,0.0
2050-07-05 21:00:00,0.0,0.0,0.0,0.0,0.0,39.886656250222586,39.07747660094452,0.0,0.0,27.35423362066115,0.0
2050-07-05 22:00:00,0.0,0.0,0.0,0.0,0.0,38.404500000178814,39.07747660094452,0.0,0.0,27.35423362066115,0.0
2050-07-05 23:00:00,0.0,0.0,0.0,0.0,0.0,36.5857500002021,39.07747660094452,0.0,0.0,27.35423362066115,0.0
2050-07-06 00:00:00,0.0,0.0,0.0,0.0,0.0,33.72190625022631,31.346926831664323,0.0,0.0,21.942848782165026,0.0
2050-07-06 01:00:00,0.0,0.0,0.0,0.0,0.0,31.002562500187196,0.0,0.0,0.0,0.0,0.0
2050-07-06 02:00:00,0.0,0.0,0.0,0.0,0.0,27.92706250026822,0.0,0.0,0.0,0.0,0.0
2050-07-06 03:00:00,0.0,0.0,0.0,0.0,0.0,26.284718750277534,0.0,0.0,0.0,0.0,0.0
2050-07-06 04:00:00,0.0,0.0,0.0,0.0,0.0,24.99290625017602,0.0,0.0,0.0,0.0,0.0
2050-07-06 05:00:00,0.0,0.0,0.0,0.0,0.0,24.083093750290573,0.0,0.0,0.0,0.0,0.0
2050-07-06 06:00:00,0.0,0.0,0.0,0.0,0.0,23.767906250199303,0.0,0.0,0.0,0.0,0.0
2050-07-06 07:00:00,0.0,0.0,0.0,0.0,0.0,24.80300000018906,0.0,0.0,0.0,0.0,0.0
2050-07-06 08:00:00,0.0,0.0,0.0,0.0,0.0,28.794156250194646,3.9563333699931675,0.0,0.0,2.769433358995217,0.0
2050-07-06 09:00:00,0.0,0.0,0.0,0.0,0.0,32.649343750206754,12.826647842709882,0.0,0.0,8.978653489896917,0.0
2050-07-06 10:00:00,0.0,0.0,0.0,0.0,0.0,35.37159375019837,10.073268632323078,0.0,0.0,7.051288042626154,0.0
2050-07-06 11:00:00,0.0,0.0,0.0,0.0,0.0,37.63531250017695,12.633518955831633,0.0,0.0,8.843463269082143,0.0
2050-07-06 12:00:00,0.0,0.0,0.0,0.0,0.0,37.4513437502319,38.24431998941026,0.0,0.0,26.77102399258718,0.0
2050-07-06 13:00:00,0.0,0.0,0.0,0.0,0.0,38.28700000024401,39.07747660094452,0.0,0.0,27.354233620661162,0.0
2050-07-06 14:00:00,0.0,0.0,0.0,0.0,0.0,38.578812500229105,39.07747660094452,0.0,0.0,27.354233620661162,0.0
2050-07-06 15:00:00,0.0,0.0,0.0,0.0,0.0,38.41637500026263,39.07747660094452,0.0,0.0,27.35423362066115,0.0
2050-07-06 16:00:00,0.0,0.0,0.0,0.0,0.0,37.91696875018533,39.07747660094452,0.0,0.0,27.35423362066115,0.0
2050-07-06 17:00:00,0.0,0.0,0.0,0.0,0.0,36.99528125021607,34.74982869665336,0.0,0.0,24.324880087657352,0.0
2050-07-06 18:00:00,0.0,0.0,0.0,0.0,0.0,36.98184375022538,20.02371051792059,0.0,0.0,14.016597362544413,0.0
2050-07-06 19:00:00,0.0,0.0,0.0,0.0,0.0,39.19318750023376,6.8395529410536255,0.0,0.0,4.7876870587375375,0.0
2050-07-06 20:00:00,0.0,0.0,0.0,0.0,0.0,38.26459375023842,0.0,0.0,0.0,0.0,0.0
2050-07-06 21:00:00,0.0,0.0,0.0,0.0,0.0,36.961718750186265,0.0,0.0,0.0,0.0,0.0
2050-07-06 22:00:00,0.0,0.0,0.0,0.0,0.0,36.355406250222586,0.0,1.954934797859451,0.0,0.0,1.9948314263871951
2050-07-06 23:00:00,0.0,0.0,0.0,0.0,0.0,35.33881250023842,0.0,0.30827850158257386,0.0,0.0,0.31456989957405496
2050-07-07 00:00:00,0.0,0.0,0.0,0.0,0.0,33.10768750018906,0.0,0.0,0.0,0.0,0.0
2050-07-07 01:00:00,0.0,0.0,0.0,0.0,0.0,30.241750000277534,0.0,18.919882673180265,0.0,0.0,19.306002727734963
2050-07-07 02:00:00,0.0,0.0,0.0,0.0,0.0,27.092843750258908,0.0,42.692969495152454,0.0,0.0,43.564254586890264
2050-07-07 03:00:00,0.0,0.0,0.0,0.0,0.0,24.981500000227243,0.0,41.73629689366173,0.0,0.0,42.58805805475688
2050-07-07 04:00:00,0.0,0.0,0.0,0.0,0.0,23.957375000230968,0.0,43.33531423949653,0.0,0.0,44.21970840764953
2050-07-07 05:00:00,0.0,0.0,0.0,0.0,0.0,23.788718750234693,0.0,43.186699376494815,0.0,0.0,44.06806058826002
2050-07-07 06:00:00,0.0,0.0,0.0,0.0,0.0,23.623156250221655,0.0,42.95119318222119,0.0,0.0,43.827748145123664
2050-07-07 07:00:00,0.0,0.0,0.0,0.0,0.0,23.890937500284053,0.0,43.43806818233464,0.0,0.0,44.32455936972922
2050-07-07 08:00:00,0.0,0.0,0.0,0.0,0.0,24.494125000201166,0.0,43.73995049595425,0.0,0.0,44.63260254689209
2050-07-07 09:00:00,0.0,0.0,0.0,0.0,0.0,26.23450000025332,0.0,43.73995049595425,0.0,0.0,44.63260254689209
2050-07-07 10:00:00,0.0,0.0,0.0,0.0,0.0,24.05697277277477,0.0,43.73995049595425,0.0,0.0,44.63260254689209
2050-07-07 11:00:00,0.0,0.0,0.0,0.0,0.0,24.05697277277477,0.0,43.73995049595425,0.0,0.0,44.63260254689209
2050-07-07 12:00:00,0.0,0.0,0.0,0.0,0.0,24.1594356579094,0.0,43.73995049595425,0.0,0.0,44.63260254689209
2050-07-07 13:00:00,0.0,0.0,0.0,0.0,0.0,33.86375000025146,0.0,42.02202170841284,0.0,0.0,42.87961398817637
2050-07-07 14:00:00,0.0,0.0,0.0,0.0,0.0,0.0639153895212985,0.0,0.0,0.0,0.0,0.0
2050-07-07 15:00:00,0.0,0.0,0.0,0.0,0.0,35.45412500028033,0.0,0.0,0.0,0.0,0.0
2050-07-07 16:00:00,0.0,0.0,0.0,0.0,0.0,34.20843750028871,0.0,0.0,0.0,0.0,0.0
2050-07-07 17:00:00,0.0,0.0,0.0,0.0,0.0,1.905085006655554,0.0,0.0,0.0,0.0,0.0
2050-07-07 18:00:00,0.0,0.0,0.0,0.0,0.0,35.52978125028312,0.0,0.0,0.0,0.0,0.0
2050-07-07 19:00:00,0.0,0.0,0.0,0.0,0.0,36.18034375028219,0.0,0.0,0.0,0.0,0.0
2050-07-07 20:00:00,0.0,0.0,0.0,0.0,0.0,35.368718750192784,0.0,0.0,0.0,0.0,0.0
2050-07-07 21:00:00,0.0,0.0,0.0,0.0,0.0,8.848820471836007,0.0,0.0,0.0,0.0,0.0
2050-07-07 22:00:00,0.0,0.0,0.0,0.0,0.0,9.166824003020338,0.0,0.0,0.0,0.0,0.0
2050-07-07 23:00:00,0.0,0.0,0.0,0.0,0.0,13.479548491583955,0.0,0.0,0.0,0.0,0.0
2050-07-08 00:00:00,0.0,0.0,0.0,0.0,0.0,15.265538664482392,0.0,0.0,0.0,0.0,0.0
2050-07-08 01:00:00,0.0,0.0,0.0,0.0,0.0,16.27815024199208,0.0,0.0,0.0,0.0,0.0
2050-07-08 02:00:00,0.0,0.0,0.0,0.0,0.0,17.033698516272125,0.0,0.0,0.0,0.0,0.0
2050-07-08 03:00:00,0.0,0.0,0.0,0.0,0.0,23.507375000277534,0.0,0.0,0.0,0.0,0.0
2050-07-08 04:00:00,0.0,0.0,0.0,0.0,0.0,22.824531250284053,0.0,0.0,0.0,0.0,0.0
2050-07-08 05:00:00,0.0,0.0,0.0,0.0,0.0,20.17009532049815,0.0,0.0,0.0,0.0,0.0
2050-07-08 06:00:00,0.0,0.0,0.0,0.0,0.0,23.647468750248663,0.0,0.0,0.0,0.0,0.0
2050-07-08 07:00:00,0.0,0.0,0.0,0.0,0.0,26.7376562502468,0.0,0.0,0.0,0.0,0.0
2050-07-08 08:00:00,0.0,0.0,0.0,0.0,0.0,13.558583891608123,0.0,0.0,0.0,0.0,0.0
2050-07-08 09:00:00,0.0,0.0,0.0,0.0,0.0,36.616718750214204,0.0,0.0,0.0,0.0,0.0
2050-07-08 10:00:00,0.0,0.0,0.0,0.0,0.0,7.80250173541026,0.0,0.0,0.0,0.0,0.0
2050-07-08 11:00:00,0.0,0.0,0.0,0.0,0.0,39.648406250285916,0.0,0.0,0.0,0.0,0.0
2050-07-08 12:00:00,0.0,0.0,0.0,0.0,0.0,7.544640393633017,0.0,0.0,0.0,0.0,0.0
2050-07-08 13:00:00,0.0,0.0,0.0,0.0,0.0,40.88075000024401,0.0,0.0,0.0,0.0,0.0
2050-07-08 14:00:00,0.0,0.0,0.0,0.0,0.0,40.10912500019185,0.0,0.0,0.0,0.0,0.0
2050-07-08 15:00:00,0.0,0.0,0.0,0.0,0.0,5.897870397344377,0.0,0.0,0.0,0.0,0.0
2050-07-08 16:00:00,0.0,0.0,0.0,0.0,0.0,39.36493750021327,0.0,0.0,0.0,0.0,0.0
2050-07-08 17:00:00,0.0,0.0,0.0,0.0,0.0,2.0261736886945982,0.0,0.0,0.0,0.0,0.0
2050-07-08 18:00:00,0.0,0.0,0.0,0.0,0.0,40.69706250028685,0.0,0.0,0.0,0.0,0.0
2050-07-08 19:00:00,0.0,0.0,0.0,0.0,0.0,0.884728039606216,0.0,0.0,0.0,0.0,0.0
2050-07-08 20:00:00,0.0,0.0,0.0,0.0,0.0,40.25562500022352,0.0,0.0,0.0,0.0,0.0
2050-07-08 21:00:00,0.0,0.0,0.0,0.0,0.0,38.70693750027567,0.0,0.0,0.0,0.0,0.0
2050-07-08 22:00:00,0.0,0.0,0.0,0.0,0.0,37.157562500215136,0.0,0.0,0.0,0.0,0.0
2050-07-08 23:00:00,0.0,0.0,0.0,0.0,0.0,0.0,0.0,0.0,0.0,0.0,0.0
2050-07-09 00:00:00,0.0,0.0,0.0,0.0,0.0,30.90962500020396,0.0,0.0,0.0,0.0,0.0
2050-07-09 01:00:00,0.0,0.0,0.0,0.0,0.0,0.013759521186329948,0.0,0.0,0.0,0.0,0.0
2050-07-09 02:00:00,0.0,0.0,0.0,0.0,0.0,25.263500000233762,0.0,0.0,0.0,0.0,0.0
2050-07-09 03:00:00,0.0,0.0,0.0,0.0,0.0,0.07879806357050256,0.0,0.0,0.0,0.0,0.0
2050-07-09 04:00:00,0.0,0.0,0.0,0.0,0.0,22.51887500018347,0.0,0.0,0.0,0.0,0.0
2050-07-09 05:00:00,0.0,0.0,0.0,0.0,0.0,0.2318817597024463,0.0,0.0,0.0,0.0,0.0
2050-07-09 06:00:00,0.0,0.0,0.0,0.0,0.0,24.23912500019651,0.0,0.0,0.0,0.0,0.0
2050-07-09 07:00:00,0.0,0.0,0.0,0.0,0.0,1.3685030235010345,0.0,0.0,0.0,0.0,0.0
2050-07-09 08:00:00,0.0,0.0,0.0,0.0,0.0,30.883812500280328,0.0,0.0,0.0,0.0,0.0
2050-07-09 09:00:00,0.0,0.0,0.0,0.0,0.0,2.2161999491554525,0.0,0.0,0.0,0.0,0.0
2050-07-09 10:00:00,0.0,0.0,0.0,0.0,0.0,38.72531250026077,0.0,0.0,0.0,0.0,0.0
2050-07-09 11:00:00,0.0,0.0,0.0,0.0,0.0,0.0,0.0,0.0,0.0,0.0,0.0
2050-07-09 12:00:00,0.0,0.0,0.0,0.0,0.0,40.82368750020396,0.0,0.0,0.0,0.0,0.0
2050-07-09 13:00:00,0.0,0.0,0.0,0.0,0.0,0.038697105738265236,0.0,0.0,0.0,0.0,0.0
2050-07-09 14:00:00,0.0,0.0,0.0,0.0,0.0,0.18108537386706303,0.0,0.0,0.0,0.0,0.0
2050-07-09 15:00:00,0.0,0.0,0.0,0.0,0.0,0.6099395769761031,0.0,0.0,0.0,0.0,0.0
2050-07-09 16:00:00,0.0,0.0,0.0,0.0,0.0,38.985687500215136,0.0,0.0,0.0,0.0,0.0
2050-07-09 17:00:00,0.0,0.0,0.0,0.0,0.0,5.579896104368345,0.0,0.0,0.0,0.0,0.0
2050-07-09 18:00:00,0.0,0.0,0.0,0.0,0.0,39.60068750020582,0.0,0.0,0.0,0.0,0.0
2050-07-09 19:00:00,0.0,0.0,0.0,0.0,0.0,5.8202808203336645,0.0,0.0,0.0,0.0,0.0
2050-07-09 20:00:00,0.0,0.0,0.0,0.0,0.0,39.27137500024401,0.0,0.0,0.0,0.0,0.0
2050-07-09 21:00:00,0.0,0.0,0.0,0.0,0.0,5.401272747670646,0.0,0.0,0.0,0.0,0.0
2050-07-09 22:00:00,0.0,0.0,0.0,0.0,0.0,4.12758328199061,0.0,0.0,0.0,0.0,0.0
2050-07-09 23:00:00,0.0,0.0,0.0,0.0,0.0,33.98618750018068,0.0,0.0,0.0,0.0,0.0
2050-07-10 00:00:00,0.0,0.0,0.0,0.0,0.0,6.463466589270865,0.0,0.0,0.0,0.0,0.0
2050-07-10 01:00:00,0.0,0.0,0.0,0.0,0.0,28.123562500230037,0.0,0.0,0.0,0.0,0.0
2050-07-10 02:00:00,0.0,0.0,0.0,0.0,0.0,8.820840302405486,0.0,0.0,0.0,0.0,0.0
2050-07-10 03:00:00,0.0,0.0,0.0,0.0,0.0,9.694942001392064,0.0,0.0,0.0,0.0,0.0
2050-07-10 04:00:00,0.0,0.0,0.0,0.0,0.0,22.955062500201166,0.0,0.0,0.0,0.0,0.0
2050-07-10 05:00:00,0.0,0.0,0.0,0.0,0.0,10.147592667653498,0.0,0.0,0.0,0.0,0.0
2050-07-10 06:00:00,0.0,0.0,0.0,0.0,0.0,24.012937500257976,0.0,0.0,0.0,0.0,0.0
2050-07-10 07:00:00,0.0,0.0,0.0,0.0,0.0,27.409250000258908,0.0,0.0,0.0,0.0,0.0
2050-07-10 08:00:00,0.0,0.0,0.0,0.0,0.0,6.593553584419624,0.0,0.0,0.0,0.0,0.0
2050-07-10 09:00:00,0.0,0.0,0.0,0.0,0.0,5.9087505082570715,0.0,0.0,0.0,0.0,0.0
2050-07-10 10:00:00,0.0,0.0,0.0,0.0,0.0,0.992604587722326,0.0,0.0,0.0,0.0,0.0
2050-07-10 11:00:00,0.0,0.0,0.0,0.0,0.0,39.50381250027567,0.0,0.0,0.0,0.0,0.0
2050-07-10 12:00:00,0.0,0.0,0.0,0.0,0.0,39.82125000027008,0.0,0.0,0.0,0.0,0.0
2050-07-10 13:00:00,0.0,0.0,0.0,0.0,0.0,39.90318750019651,0.0,0.0,0.0,0.0,0.0
2050-07-10 14:00:00,0.0,0.0,0.0,0.0,0.0,39.15862500027288,0.0,0.0,0.0,0.0,0.0
2050-07-10 15:00:00,0.0,0.0,0.0,0.0,0.0,8.98774325491604,0.0,0.0,0.0,0.0,0.0
2050-07-10 16:00:00,0.0,0.0,0.0,0.0,0.0,38.38068750023376,0.0,0.0,0.0,0.0,0.0
2050-07-10 17:00:00,0.0,0.0,0.0,0.0,0.0,10.109777913809012,0.0,0.0,0.0,0.0,0.0
2050-07-10 18:00:00,0.0,0.0,0.0,0.0,0.0,38.79381250019651,0.0,0.0,0.0,0.0,0.0
2050-07-10 19:00:00,0.0,0.0,0.0,0.0,0.0,5.984845863896226,0.0,0.0,0.0,0.0,0.0
2050-07-10 20:00:00,0.0,0.0,0.0,0.0,0.0,7.32763577407286,0.0,0.0,0.0,0.0,0.0
2050-07-10 21:00:00,0.0,0.0,0.0,0.0,0.0,38.30568750028033,0.0,0.0,0.0,0.0,0.0
2050-07-10 22:00:00,0.0,0.0,0.0,0.0,0.0,5.347828688115442,0.0,0.0,0.0,0.0,0.0
2050-07-10 23:00:00,0.0,0.0,0.0,0.0,0.0,34.87100000027567,0.0,0.0,0.0,0.0,0.0
2050-07-11 00:00:00,0.0,0.0,0.0,0.0,0.0,6.442929610837382,0.0,0.0,0.0,0.0,0.0
2050-07-11 01:00:00,0.0,0.0,0.0,0.0,0.0,29.07093750021886,0.0,0.0,0.0,0.0,0.0
2050-07-11 02:00:00,0.0,0.0,0.0,0.0,0.0,5.496992382922599,0.0,0.0,0.0,0.0,0.0
2050-07-11 03:00:00,0.0,0.0,0.0,0.0,0.0,24.731437500216998,0.0,0.0,0.0,0.0,0.0
2050-07-11 04:00:00,0.0,0.0,0.0,0.0,0.0,4.235560230692954,0.0,0.0,0.0,0.0,0.0
2050-07-11 05:00:00,0.0,0.0,0.0,0.0,0.0,22.97425000020303,0.0,0.0,0.0,0.0,0.0
2050-07-11 06:00:00,0.0,0.0,0.0,0.0,0.0,2.770116460594636,0.0,0.0,0.0,0.0,0.0
2050-07-11 07:00:00,0.0,0.0,0.0,0.0,0.0,27.648250000202097,0.0,0.0,0.0,0.0,0.0
2050-07-11 08:00:00,0.0,0.0,0.0,0.0,0.0,1.031038933443142,0.0,0.0,0.0,0.0,0.0
2050-07-11 09:00:00,0.0,0.0,0.0,0.0,0.0,37.0669375002617,0.0,0.0,0.0,0.0,0.0
2050-07-11 10:00:00,0.0,0.0,0.0,0.0,0.0,38.25806250027381,0.0,0.0,0.0,0.0,0.0
2050-07-11 11:00:00,0.0,0.0,0.0,0.0,0.0,0.09484503879548356,0.0,0.0,0.0,0.0,0.0
2050-07-11 12:00:00,0.0,0.0,0.0,0.0,0.0,0.1116198316531154,0.0,0.0,0.0,0.0,0.0
2050-07-11 13:00:00,0.0,0.0,0.0,0.0,0.0,39.2650000002468,0.0,0.0,0.0,0.0,0.0
2050-07-11 14:00:00,0.0,0.0,0.0,0.0,0.0,1.4320680914120203,0.0,0.0,0.0,0.0,0.0
2050-07-11 15:00:00,0.0,0.0,0.0,0.0,0.0,39.49831250018906,0.0,0.0,0.0,0.0,0.0
2050-07-11 16:00:00,0.0,0.0,0.0,0.0,0.0,5.326651961908283,0.0,0.0,0.0,0.0,0.0
2050-07-11 17:00:00,0.0,0.0,0.0,0.0,0.0,37.12450000026729,0.0,0.0,0.0,0.0,0.0
2050-07-11 18:00:00,0.0,0.0,0.0,0.0,0.0,6.529452107019097,0.0,0.0,0.0,0.0,0.0
2050-07-11 19:00:00,0.0,0.0,0.0,0.0,0.0,40.495500000193715,0.0,0.0,0.0,0.0,0.0
2050-07-11 20:00:00,0.0,0.0,0.0,0.0,0.0,12.908621239338117,0.0,0.0,0.0,0.0,0.0
2050-07-11 21:00:00,0.0,0.0,0.0,0.0,0.0,26.946360031234235,0.0,0.0,0.0,0.0,0.0
2050-07-11 22:00:00,0.0,0.0,0.0,0.0,0.0,35.866625000257045,0.0,0.0,0.0,0.0,0.0
2050-07-11 23:00:00,0.0,0.0,0.0,0.0,0.0,29.623317694600246,0.0,0.0,0.0,0.0,0.0
2050-07-12 00:00:00,0.0,0.0,0.0,0.0,0.0,31.185562500264496,0.0,0.0,0.0,0.0,0.0
2050-07-12 01:00:00,0.0,0.0,0.0,0.0,0.0,27.821000000229105,0.0,0.0,0.0,0.0,0.0
2050-07-12 02:00:00,0.0,0.0,0.0,0.0,0.0,25.191437500179745,0.0,0.0,0.0,0.0,0.0
2050-07-12 03:00:00,0.0,0.0,0.0,0.0,0.0,24.468562500202097,0.0,0.0,0.0,0.0,0.0
2050-07-12 04:00:00,0.0,0.0,0.0,0.0,0.0,22.59964375191612,0.0,0.0,0.0,0.0,0.0
2050-07-12 05:00:00,0.0,0.0,0.0,0.0,0.0,23.09425000019837,0.0,0.0,0.0,0.0,0.0
2050-07-12 06:00:00,0.0,0.0,0.0,0.0,0.0,24.01312500028871,0.0,0.0,0.0,0.0,0.0
2050-07-12 07:00:00,0.0,0.0,0.0,0.0,0.0,26.659562500193715,0.0,0.0,0.0,0.0,0.0
2050-07-12 08:00:00,0.0,0.0,0.0,0.0,0.0,31.0802500002319,0.0,0.0,0.0,0.0,0.0
2050-07-12 09:00:00,0.0,0.0,0.0,0.0,0.0,20.359482751693122,0.0,0.0,0.0,0.0,0.0
2050-07-12 10:00:00,0.0,0.0,0.0,0.0,0.0,36.66081250028219,0.0,0.0,0.0,0.0,0.0
2050-07-12 11:00:00,0.0,0.0,0.0,0.0,0.0,9.247792950331586,0.0,0.0,0.0,0.0,0.0
2050-07-12 12:00:00,0.0,0.0,0.0,0.0,0.0,38.51656250027008,0.0,0.0,0.0,0.0,0.0
2050-07-12 13:00:00,0.0,0.0,0.0,0.0,0.0,14.379715561676676,0.0,0.0,0.0,0.0,0.0
2050-07-12 14:00:00,0.0,0.0,0.0,0.0,0.0,20.921119073891532,0.0,0.0,0.0,0.0,0.0
2050-07-12 15:00:00,0.0,0.0,0.0,0.0,0.0,38.48562500020489,0.0,0.0,0.0,0.0,0.0
2050-07-12 16:00:00,0.0,0.0,0.0,0.0,0.0,23.825758218713872,0.0,0.0,0.0,0.0,0.0
2050-07-12 17:00:00,0.0,0.0,0.0,0.0,0.0,37.157437500194646,0.0,0.0,0.0,0.0,0.0
2050-07-12 18:00:00,0.0,0.0,0.0,0.0,0.0,25.46789030677064,0.0,0.0,0.0,0.0,0.0
2050-07-12 19:00:00,0.0,0.0,0.0,0.0,0.0,40.612062500207685,0.0,0.0,0.0,0.0,0.0
2050-07-12 20:00:00,0.0,0.0,0.0,0.0,0.0,17.284118907804896,0.0,0.0,0.0,0.0,0.0
2050-07-12 21:00:00,0.0,0.0,0.0,0.0,0.0,38.04487500025425,0.0,0.0,0.0,0.0,0.0
2050-07-12 22:00:00,0.0,0.0,0.0,0.0,0.0,8.809599623651593,0.0,0.0,0.0,0.0,0.0
2050-07-12 23:00:00,0.0,0.0,0.0,0.0,0.0,34.975250000250526,0.0,0.0,0.0,0.0,0.0
2050-07-13 00:00:00,0.0,0.0,0.0,0.0,0.0,13.528355411338453,0.0,0.0,0.0,0.0,0.0
2050-07-13 01:00:00,0.0,0.0,0.0,0.0,0.0,29.73725000023842,0.0,0.0,0.0,0.0,0.0
2050-07-13 02:00:00,0.0,0.0,0.0,0.0,0.0,13.971880547444016,0.0,0.0,0.0,0.0,0.0
2050-07-13 03:00:00,0.0,0.0,0.0,0.0,0.0,25.70787500019651,0.0,0.0,0.0,0.0,0.0
2050-07-13 04:00:00,0.0,0.0,0.0,0.0,0.0,21.839053881718428,0.0,0.0,0.0,0.0,0.0
2050-07-13 05:00:00,0.0,0.0,0.0,0.0,0.0,23.807500000228174,0.0,0.0,0.0,0.0,0.0
2050-07-13 06:00:00,0.0,0.0,0.0,0.0,0.0,23.825312500237487,0.0,0.0,0.0,0.0,0.0
2050-07-13 07:00:00,0.0,0.0,0.0,0.0,0.0,19.86801186860157,0.0,0.0,0.0,0.0,0.0
2050-07-13 08:00:00,0.0,0.0,0.0,0.0,0.0,27.441187500255182,0.0,0.0,0.0,0.0,0.0
2050-07-13 09:00:00,0.0,0.0,0.0,0.0,0.0,31.12687500019092,0.0,0.0,0.0,0.0,0.0
2050-07-13 10:00:00,0.0,0.0,0.0,0.0,0.0,33.183750000200234,0.0,0.0,0.0,0.0,0.0
2050-07-13 11:00:00,0.0,0.0,0.0,0.0,0.0,28.544118063099177,0.0,0.0,0.0,0.0,0.0
2050-07-13 12:00:00,0.0,0.0,0.0,0.0,0.0,36.67812500020955,0.0,0.0,0.0,0.0,0.0
2050-07-13 13:00:00,0.0,0.0,0.0,0.0,0.0,28.770766280826592,0.0,0.0,0.0,0.0,0.0
2050-07-13 14:00:00,0.0,0.0,0.0,0.0,0.0,34.98293750023004,0.0,0.0,0.0,0.0,0.0
2050-07-13 15:00:00,0.0,0.0,0.0,0.0,0.0,34.317187500186265,0.0,0.0,0.0,0.0,0.0
2050-07-13 16:00:00,0.0,0.0,0.0,0.0,0.0,8.482419452147042,0.0,0.0,0.0,0.0,0.0
2050-07-13 17:00:00,0.0,0.0,0.0,0.0,0.0,7.469860268521188,0.0,0.0,0.0,0.0,0.0
2050-07-13 18:00:00,0.0,0.0,0.0,0.0,0.0,37.08887500024866,0.0,0.0,0.0,0.0,0.0
2050-07-13 19:00:00,0.0,0.0,0.0,0.0,0.0,6.1003207196663425,0.0,0.0,0.0,0.0,0.0
2050-07-13 20:00:00,0.0,0.0,0.0,0.0,0.0,37.902500000200234,0.0,0.0,0.0,0.0,0.0
2050-07-13 21:00:00,0.0,0.0,0.0,0.0,0.0,0.0692164263145969,0.0,0.0,0.0,0.0,0.0
2050-07-13 22:00:00,0.0,0.0,0.0,0.0,0.0,35.12537500017788,0.0,0.0,0.0,0.0,0.0
2050-07-13 23:00:00,0.0,0.0,0.0,0.0,0.0,33.934812500257976,0.0,0.0,0.0,0.0,0.0
2050-07-14 00:00:00,0.0,0.0,0.0,0.0,0.0,0.04826390247490053,0.0,0.0,0.0,0.0,0.0
2050-07-14 01:00:00,0.0,0.0,0.0,0.0,0.0,29.60612500028219,0.0,0.0,0.0,0.0,0.0
2050-07-14 02:00:00,0.0,0.0,0.0,0.0,0.0,0.1400269622477026,0.0,0.0,0.0,0.0,0.0
2050-07-14 03:00:00,0.0,0.0,0.0,0.0,0.0,24.96293750021141,0.0,0.0,0.0,0.0,0.0
2050-07-14 04:00:00,0.0,0.0,0.0,0.0,0.0,0.09718144939643025,0.0,0.0,0.0,0.0,0.0
2050-07-14 05:00:00,0.0,0.0,0.0,0.0,0.0,0.07704141221120153,0.0,0.0,0.0,0.0,0.0
2050-07-14 06:00:00,0.0,0.0,0.0,0.0,0.0,0.07078081390636726,0.0,0.0,0.0,0.0,0.0
2050-07-14 07:00:00,0.0,0.0,0.0,0.0,0.0,0.08956245674562524,0.0,0.0,0.0,0.0,0.0
2050-07-14 08:00:00,0.0,0.0,0.0,0.0,0.0,0.07266779208339358,0.0,0.0,0.0,0.0,0.0
2050-07-14 09:00:00,0.0,0.0,0.0,0.0,0.0,25.570875000208616,0.0,0.0,0.0,0.0,0.0
2050-07-14 10:00:00,0.0,0.0,0.0,0.0,999.9778341010781,1000.0,0.0,0.0,0.0,0.0,0.0
2050-07-14 11:00:00,0.0,0.0,0.0,0.0,0.0,29.71143750019837,0.0,0.0,0.0,0.0,0.0
2050-07-14 12:00:00,0.0,0.0,0.0,0.0,0.0,0.09605142349801099,0.0,0.0,0.0,0.0,0.0
2050-07-14 13:00:00,0.0,0.0,0.0,0.0,0.0,33.93781250028405,0.0,0.0,0.0,0.0,0.0
2050-07-14 14:00:00,0.0,0.0,0.0,0.0,0.0,1.4725873706561288,0.0,0.0,0.0,0.0,0.0
2050-07-14 15:00:00,0.0,0.0,0.0,0.0,0.0,34.62056250020396,0.0,0.0,0.0,0.0,0.0
2050-07-14 16:00:00,0.0,0.0,0.0,0.0,0.0,34.16200000024401,0.0,0.0,0.0,0.0,0.0
2050-07-14 17:00:00,0.0,0.0,0.0,0.0,0.0,8.151675736448396,0.0,0.0,0.0,0.0,0.0
2050-07-14 18:00:00,0.0,0.0,0.0,0.0,0.0,36.41293750028126,0.0,0.0,0.0,0.0,0.0
2050-07-14 19:00:00,0.0,0.0,0.0,0.0,0.0,38.61075000022538,0.0,0.0,0.0,0.0,0.0
2050-07-14 20:00:00,0.0,0.0,0.0,0.0,0.0,38.39287500025239,0.0,0.0,0.0,0.0,0.0
2050-07-14 21:00:00,0.0,0.0,0.0,0.0,0.0,1.6504752520413604,0.0,0.0,0.0,0.0,0.0
2050-07-14 22:00:00,0.0,0.0,0.0,0.0,0.0,0.1327086201686143,0.0,0.0,0.0,0.0,0.0
2050-07-14 23:00:00,0.0,0.0,0.0,0.0,0.0,6.89030315144646,0.0,0.0,0.0,0.0,0.0
2050-07-15 00:00:00,0.0,0.0,0.0,0.0,0.0,10.509220942194588,0.0,0.0,0.0,0.0,0.0
2050-07-15 01:00:00,0.0,0.0,0.0,0.0,0.0,15.723395212948617,0.0,0.0,0.0,0.0,0.0
2050-07-15 02:00:00,0.0,0.0,0.0,0.0,0.0,17.729716255432322,0.0,0.0,0.0,0.0,0.0
2050-07-15 03:00:00,0.0,0.0,0.0,0.0,0.0,24.955500000272878,0.0,0.0,0.0,0.0,0.0
2050-07-15 04:00:00,0.0,0.0,0.0,0.0,0.0,23.822750000283122,0.0,0.0,0.0,0.0,0.0
2050-07-15 05:00:00,0.0,0.0,0.0,0.0,0.0,6.11858033981116,0.0,0.0,0.0,0.0,0.0
2050-07-15 06:00:00,0.0,0.0,0.0,0.0,0.0,24.60962500027381,0.0,0.0,0.0,0.0,0.0
2050-07-15 07:00:00,0.0,0.0,0.0,0.0,0.0,27.235812500235625,0.0,0.0,0.0,0.0,0.0
2050-07-15 08:00:00,0.0,0.0,0.0,0.0,0.0,0.04454444934026469,0.0,0.0,0.0,0.0,0.0
2050-07-15 09:00:00,0.0,0.0,0.0,0.0,0.0,35.82525000022724,0.0,0.0,0.0,0.0,0.0
2050-07-15 10:00:00,0.0,0.0,0.0,0.0,0.0,12.10523530376986,0.0,0.0,0.0,0.0,0.0
2050-07-15 11:00:00,0.0,0.0,0.0,0.0,0.0,14.699137748199519,0.0,0.0,0.0,0.0,0.0
2050-07-15 12:00:00,0.0,0.0,0.0,0.0,0.0,41.16656250017695,0.0,0.0,0.0,0.0,0.0
2050-07-15 13:00:00,0.0,0.0,0.0,0.0,0.0,32.04195328672222,0.0,0.0,0.0,0.0,0.0
2050-07-15 14:00:00,0.0,0.0,0.0,0.0,0.0,40.875429309392985,0.0,0.0,0.0,0.0,0.0
2050-07-15 15:00:00,0.0,0.0,0.0,0.0,0.0,40.4630625002319,0.0,0.0,0.0,0.0,0.0
2050-07-15 16:00:00,0.0,0.0,0.0,0.0,0.0,38.827687500277534,0.0,0.0,0.0,0.0,0.0
2050-07-15 17:00:00,0.0,0.0,0.0,0.0,0.0,23.90967381242308,0.0,0.0,0.0,0.0,0.0
2050-07-15 18:00:00,0.0,0.0,0.0,0.0,0.0,39.18525000021327,0.0,0.0,0.0,0.0,0.0
2050-07-15 19:00:00,0.0,0.0,0.0,0.0,0.0,14.954165362985805,0.0,0.0,0.0,0.0,0.0
2050-07-15 20:00:00,0.0,0.0,0.0,0.0,0.0,15.917308518311074,0.0,0.0,0.0,0.0,0.0
2050-07-15 21:00:00,0.0,0.0,0.0,0.0,0.0,28.459166846377684,0.0,0.0,0.0,0.0,0.0
2050-07-15 22:00:00,0.0,0.0,0.0,0.0,0.0,35.51043750019744,0.0,0.0,0.0,0.0,0.0
2050-07-15 23:00:00,0.0,0.0,0.0,0.0,0.0,33.83918750018347,30.45960006796203,0.0,0.0,21.321720047573418,0.0
2050-07-16 00:00:00,0.0,0.0,0.0,0.0,0.0,31.118500000215136,39.07747660094452,0.0,0.0,27.35423362066115,0.0
2050-07-16 01:00:00,0.0,0.0,0.0,0.0,0.0,28.576375000178814,39.07747660094452,0.0,0.0,27.35423362066115,0.0
2050-07-16 02:00:00,0.0,0.0,0.0,0.0,0.0,26.55218750028871,39.07747660094452,0.0,0.0,27.35423362066115,0.0
2050-07-16 03:00:00,0.0,0.0,0.0,0.0,0.0,24.108500000205822,39.07747660094452,0.0,0.0,27.35423362066115,0.0
2050-07-16 04:00:00,0.0,0.0,0.0,0.0,0.0,22.89793750026729,39.07747660094452,0.0,0.0,27.35423362066115,0.0
2050-07-16 05:00:00,0.0,0.0,0.0,0.0,0.0,22.273875000188127,39.07747660094452,0.0,0.0,27.35423362066115,0.0
2050-07-16 06:00:00,0.0,0.0,0.0,0.0,0.0,22.485437500290573,39.07747660094452,0.0,0.0,27.35423362066115,0.0
2050-07-16 07:00:00,0.0,0.0,0.0,0.0,0.0,23.919500000192784,39.07747660094452,0.0,0.0,27.35423362066115,0.0
2050-07-16 08:00:00,0.0,0.0,0.0,0.0,0.0,25.373250000178814,39.07747660094452,0.0,0.0,27.35423362066115,0.0
2050-07-16 09:00:00,0.0,0.0,0.0,0.0,0.0,27.811000000219792,39.07747660094452,0.0,0.0,27.35423362066115,0.0
2050-07-16 10:00:00,0.0,0.0,0.0,0.0,0.0,29.48362500022631,39.07747660094452,0.0,0.0,27.35423362066115,0.0
2050-07-16 11:00:00,0.0,0.0,0.0,0.0,0.0,32.437062500277534,39.07747660094452,0.0,0.0,27.35423362066115,0.0
2050-07-16 12:00:00,0.0,0.0,0.0,0.0,0.0,34.53368750028312,39.07747660094452,0.0,0.0,27.35423362066115,0.0
2050-07-16 13:00:00,0.0,0.0,0.0,0.0,0.0,35.38318750017788,39.07747660094452,0.0,0.0,27.35423362066115,0.0
2050-07-16 14:00:00,0.0,0.0,0.0,0.0,0.0,35.471562500228174,39.07747660094452,0.0,0.0,27.35423362066115,0.0
2050-07-16 15:00:00,0.0,0.0,0.0,0.0,0.0,34.79787500028033,39.07747660094452,0.0,0.0,27.35423362066115,0.0
2050-07-16 16:00:00,0.0,0.0,0.0,0.0,0.0,34.20275000028778,39.07747660094452,0.0,0.0,27.35423362066115,0.0
2050-07-16 17:00:00,0.0,0.0,0.0,0.0,0.0,34.324250000179745,25.387772988152225,0.0,0.0,17.771441091706556,0.0
2050-07-16 18:00:00,0.0,0.0,0.0,0.0,0.0,37.88168750028126,24.97672040846259,0.0,0.0,17.48370428592381,0.0
2050-07-16 19:00:00,0.0,0.0,0.0,0.0,0.0,38.83931250020396,39.07747660094452,0.0,0.0,27.35423362066115,0.0
2050-07-16 20:00:00,0.0,0.0,0.0,0.0,0.0,38.17287500028033,33.78397955184486,0.0,0.0,23.6487856862914,0.0
2050-07-16 21:00:00,0.0,0.0,0.0,0.0,0.0,37.729250000207685,14.666364799776744,0.0,0.0,10.26645535984372,0.0
2050-07-16 22:00:00,0.0,0.0,0.0,0.0,0.0,35.88850000023376,0.0,0.0,0.0,0.0,0.0
2050-07-16 23:00:00,0.0,0.0,0.0,0.0,0.0,33.99093750026077,0.0,0.0,0.0,0.0,0.0
2050-07-17 00:00:00,0.0,0.0,0.0,0.0,0.0,30.804625000222586,0.0,0.0,0.0,0.0,0.0
2050-07-17 01:00:00,0.0,0.0,0.0,0.0,0.0,28.454187500290573,0.0,0.0,0.0,0.0,0.0
2050-07-17 02:00:00,0.0,0.0,0.0,0.0,0.0,25.88600000028964,0.0,0.0,0.0,0.0,0.0
2050-07-17 03:00:00,0.0,0.0,0.0,0.0,0.0,23.420937500195578,0.0,0.0,0.0,0.0,0.0
2050-07-17 04:00:00,0.0,0.0,0.0,0.0,0.0,22.36287500022445,0.0,0.0,0.0,0.0,0.0
2050-07-17 05:00:00,0.0,0.0,0.0,0.0,0.0,22.06906250026077,0.0,0.0,0.0,0.0,0.0
2050-07-17 06:00:00,0.0,0.0,0.0,0.0,0.0,24.03200000023935,0.0,0.0,0.0,0.0,0.0
2050-07-17 07:00:00,0.0,0.0,0.0,0.0,0.0,27.524250000249594,0.0,0.0,0.0,0.0,0.0
2050-07-17 08:00:00,0.0,0.0,0.0,0.0,0.0,32.725250000250526,0.0,0.0,0.0,0.0,0.0
2050-07-17 09:00:00,0.0,0.0,0.0,0.0,0.0,37.01350000023376,0.0,0.0,0.0,0.0,0.0
2050-07-17 10:00:00,0.0,0.0,0.0,0.0,0.0,38.745625000214204,0.0,0.0,0.0,0.0,0.0
2050-07-17 11:00:00,0.0,0.0,0.0,0.0,0.0,40.115375000284985,0.0,0.0,0.0,0.0,0.0
2050-07-17 12:00:00,0.0,0.0,0.0,0.0,0.0,41.15093750017695,0.0,0.0,0.0,0.0,0.0
2050-07-17 13:00:00,0.0,0.0,0.0,0.0,0.0,41.68075000029057,0.0,0.0,0.0,0.0,0.0
2050-07-17 14:00:00,0.0,0.0,0.0,0.0,0.0,40.889312500250526,0.0,0.0,0.0,0.0,0.0
2050-07-17 15:00:00,0.0,0.0,0.0,0.0,0.0,40.918000000179745,0.0,0.0,0.0,0.0,0.0
2050-07-17 16:00:00,0.0,0.0,0.0,0.0,0.0,40.104125000187196,0.0,3.9293853889533423,0.0,0.0,4.009576927503411
2050-07-17 17:00:00,0.0,0.0,0.0,0.0,0.0,38.178375000250526,0.0,12.425002839610764,0.0,0.0,12.678574326133432
2050-07-17 18:00:00,0.0,0.0,0.0,0.0,0.0,40.224625000264496,0.0,0.0,0.0,0.0,0.0
2050-07-17 19:00:00,0.0,0.0,0.0,0.0,0.0,40.81062500027474,0.0,0.0,0.0,0.0,0.0
2050-07-17 20:00:00,0.0,0.0,0.0,0.0,0.0,40.037125000264496,0.0,0.0,0.0,0.0,0.0
2050-07-17 21:00:00,0.0,0.0,0.0,0.0,0.0,38.42606250022072,0.0,0.0,0.0,0.0,0.0
2050-07-17 22:00:00,0.0,0.0,0.0,0.0,0.0,36.47450000024401,0.0,27.94184027793508,0.0,0.0,28.512081916260286
2050-07-17 23:00:00,0.0,0.0,0.0,0.0,0.0,34.24631250021048,0.0,18.569052538576095,0.0,0.0,18.948012794465402
2050-07-18 00:00:00,0.0,0.0,0.0,0.0,0.0,31.402812500251457,0.0,19.758643520851894,0.0,0.0,20.161881143726426
2050-07-18 01:00:00,0.0,0.0,0.0,0.0,0.0,27.737500000279397,0.0,26.074135799475883,0.0,0.0,26.60626101987335
2050-07-18 02:00:00,0.0,0.0,0.0,0.0,0.0,25.191125000244938,0.0,32.84003919033418,0.0,0.0,33.51024407176958
2050-07-18 03:00:00,0.0,0.0,0.0,0.0,0.0,23.180687500280328,0.0,32.15955764568722,0.0,0.0,32.81587514866043
2050-07-18 04:00:00,0.0,0.0,0.0,0.0,0.0,22.717187500209548,0.0,32.838513902351,0.0,0.0,33.50868765546021
2050-07-18 05:00:00,0.0,0.0,0.0,0.0,0.0,22.933437500265427,0.0,36.26773162050119,0.0,0.0,37.00788940867468
2050-07-18 06:00:00,0.0,0.0,0.0,0.0,0.0,24.109562500263564,0.0,37.53096639111904,0.0,0.0,38.29690448073372
2050-07-18 07:00:00,0.0,0.0,0.0,0.0,0.0,29.04562500026077,0.0,43.73995049595425,0.0,0.0,44.63260254689209
2050-07-18 08:00:00,0.0,0.0,0.0,0.0,0.0,32.48731250024866,0.0,43.73995049595425,0.0,0.0,44.63260254689209
2050-07-18 09:00:00,0.0,0.0,0.0,0.0,0.0,36.57775000028778,0.0,43.73995049595425,0.0,0.0,44.63260254689209
2050-07-18 10:00:00,0.0,0.0,0.0,0.0,0.0,37.56200000026729,0.0,43.73995049595425,0.0,0.0,44.63260254689209
2050-07-18 11:00:00,0.0,0.0,0.0,0.0,0.0,40.27725000027567,0.0,43.73995049595425,0.0,0.0,44.63260254689209
2050-07-18 12:00:00,0.0,0.0,0.0,0.0,0.0,39.827197490835715,0.0,43.73995049595425,0.0,0.0,44.63260254689209
2050-07-18 13:00:00,0.0,0.0,0.0,0.0,0.0,40.474750000284985,0.0,14.53813906379887,0.0,0.0,14.834835779386603
2050-07-18 14:00:00,0.0,0.0,0.0,0.0,0.0,39.44162500021048,0.0,0.0,0.0,0.0,0.0
2050-07-18 15:00:00,0.0,0.0,0.0,0.0,0.0,39.99875000026077,0.0,0.0,0.0,0.0,0.0
2050-07-18 16:00:00,0.0,0.0,0.0,0.0,0.0,38.328812500229105,0.0,0.0,0.0,0.0,0.0
2050-07-18 17:00:00,0.0,0.0,0.0,0.0,0.0,36.73218750022352,0.0,0.0,0.0,0.0,0.0
2050-07-18 18:00:00,0.0,0.0,0.0,0.0,0.0,39.07393750024494,0.0,0.0,0.0,0.0,0.0
2050-07-18 19:00:00,0.0,0.0,0.0,0.0,0.0,40.133375000208616,0.0,0.0,0.0,0.0,0.0
2050-07-18 20:00:00,0.0,0.0,0.0,0.0,0.0,39.04562500026077,0.0,0.0,0.0,0.0,0.0
2050-07-18 21:00:00,0.0,0.0,0.0,0.0,0.0,37.36368750024121,0.0,0.0,0.0,0.0,0.0
2050-07-18 22:00:00,0.0,0.0,0.0,0.0,0.0,35.29412500024773,0.0,0.0,0.0,0.0,0.0
2050-07-18 23:00:00,0.0,0.0,0.0,0.0,0.0,33.46862500021234,0.0,0.0,0.0,0.0,0.0
2050-07-19 00:00:00,0.0,0.0,0.0,0.0,0.0,30.13243750028778,0.0,0.0,0.0,0.0,0.0
2050-07-19 01:00:00,0.0,0.0,0.0,0.0,0.0,27.392437500180677,0.0,0.0,0.0,0.0,0.0
2050-07-19 02:00:00,0.0,0.0,0.0,0.0,0.0,24.98250000027474,0.0,0.0,0.0,0.0,0.0
2050-07-19 03:00:00,0.0,0.0,0.0,0.0,0.0,22.748250000178814,0.0,0.0,0.0,0.0,0.0
2050-07-19 04:00:00,0.0,0.0,0.0,0.0,0.0,22.069625000236556,0.0,0.0,0.0,0.0,0.0
2050-07-19 05:00:00,0.0,0.0,0.0,0.0,0.0,22.10862500022631,0.0,0.0,0.0,0.0,0.0
2050-07-19 06:00:00,0.0,0.0,0.0,0.0,0.0,23.281437500263564,0.0,0.0,0.0,0.0,0.0
2050-07-19 07:00:00,0.0,0.0,0.0,0.0,0.0,28.279312500264496,0.0,0.0,0.0,0.0,0.0
2050-07-19 08:00:00,0.0,0.0,0.0,0.0,0.0,32.98193750018254,0.0,0.0,0.0,0.0,0.0
2050-07-19 09:00:00,0.0,0.0,0.0,0.0,0.0,37.62700000021141,0.0,0.0,0.0,0.0,0.0
2050-07-19 10:00:00,0.0,0.0,0.0,0.0,0.0,38.85981250018813,0.0,0.0,0.0,0.0,0.0
2050-07-19 11:00:00,0.0,0.0,0.0,0.0,0.0,40.507375000277534,0.0,0.0,0.0,0.0,0.0
2050-07-19 12:00:00,0.0,0.0,0.0,0.0,0.0,41.101750000263564,0.0,0.0,0.0,0.0,0.0
2050-07-19 13:00:00,0.0,0.0,0.0,0.0,0.0,41.10387500026263,0.0,0.0,0.0,0.0,0.0
2050-07-19 14:00:00,0.0,0.0,0.0,0.0,0.0,40.78800000017509,0.0,0.0,0.0,0.0,0.0
2050-07-19 15:00:00,0.0,0.0,0.0,0.0,0.0,40.707062500179745,0.0,0.0,0.0,0.0,0.0
2050-07-19 16:00:00,0.0,0.0,0.0,0.0,0.0,38.15381250018254,0.0,0.0,0.0,0.0,0.0
2050-07-19 17:00:00,0.0,0.0,0.0,0.0,0.0,36.1671875002794,0.0,0.0,0.0,0.0,0.0
2050-07-19 18:00:00,0.0,0.0,0.0,0.0,0.0,39.202562500257045,0.0,0.0,0.0,0.0,0.0
2050-07-19 19:00:00,0.0,0.0,0.0,0.0,0.0,40.37956250028219,0.0,0.0,0.0,0.0,0.0
2050-07-19 20:00:00,0.0,0.0,0.0,0.0,0.0,38.754500000271946,0.0,0.0,0.0,0.0,0.0
2050-07-19 21:00:00,0.0,0.0,0.0,0.0,0.0,37.01132486748975,0.0,0.0,0.0,0.0,0.0
2050-07-19 22:00:00,0.0,0.0,0.0,0.0,0.0,34.971340660355054,0.0,0.0,0.0,0.0,0.0
2050-07-19 23:00:00,0.0,0.0,0.0,0.0,0.0,33.275435302988626,0.0,0.0,0.0,0.0,0.0
2050-07-20 00:00:00,0.0,0.0,0.0,0.0,0.0,30.849055420141667,0.0,0.0,0.0,0.0,0.0
2050-07-20 01:00:00,0.0,0.0,0.0,0.0,0.0,28.12527319358196,0.0,0.0,0.0,0.0,0.0
2050-07-20 02:00:00,0.0,0.0,0.0,0.0,0.0,25.951269775629044,0.0,0.0,0.0,0.0,0.0
2050-07-20 03:00:00,0.0,0.0,0.0,0.0,0.0,23.96725341817364,0.0,0.0,0.0,0.0,0.0
2050-07-20 04:00:00,0.0,0.0,0.0,0.0,0.0,23.13637402362656,0.0,0.0,0.0,0.0,0.0
2050-07-20 05:00:00,0.0,0.0,0.0,0.0,0.0,22.59278857440222,0.0,0.0,0.0,0.0,0.0
2050-07-20 06:00:00,0.0,0.0,0.0,0.0,0.0,23.052407226758078,0.0,0.0,0.0,0.0,0.0
2050-07-20 07:00:00,0.0,0.0,0.0,0.0,0.0,25.96864160185214,0.0,0.0,0.0,0.0,0.0
2050-07-20 08:00:00,0.0,0.0,0.0,0.0,0.0,28.78051464864984,0.0,0.0,0.0,0.0,0.0
2050-07-20 09:00:00,0.0,0.0,0.0,0.0,0.0,32.01419531274587,0.0,0.0,0.0,0.0,0.0
2050-07-20 10:00:00,0.0,0.0,0.0,0.0,0.0,33.161636719014496,0.0,0.0,0.0,0.0,0.0
2050-07-20 11:00:00,0.0,0.0,0.0,0.0,0.0,35.01906445331406,0.0,0.0,0.0,0.0,0.0
2050-07-20 12:00:00,0.0,0.0,0.0,0.0,0.0,34.79526269552298,0.0,0.0,0.0,0.0,0.0
2050-07-20 13:00:00,0.0,0.0,0.0,0.0,0.0,35.15986132831313,0.0,0.0,0.0,0.0,0.0
2050-07-20 14:00:00,0.0,0.0,0.0,0.0,0.0,36.73895507841371,0.0,0.0,0.0,0.0,0.0
2050-07-20 15:00:00,0.0,0.0,0.0,0.0,0.0,37.54499414085876,0.0,0.0,0.0,0.0,0.0
2050-07-20 16:00:00,0.0,0.0,0.0,0.0,0.0,36.33634960965719,0.0,0.0,0.0,0.0,0.0
2050-07-20 17:00:00,0.0,0.0,0.0,0.0,0.0,35.661320312763564,0.0,0.0,0.0,0.0,0.0
2050-07-20 18:00:00,0.0,0.0,0.0,0.0,0.0,36.888812500284985,0.0,0.0,0.0,0.0,0.0
2050-07-20 19:00:00,0.0,0.0,0.0,0.0,0.0,38.581974609638564,0.0,0.0,0.0,0.0,0.0
2050-07-20 20:00:00,0.0,0.0,0.0,0.0,0.0,37.53592968778685,0.0,0.0,0.0,0.0,0.0
2050-07-20 21:00:00,0.0,0.0,0.0,0.0,0.0,36.16916601581033,0.0,0.0,0.0,0.0,0.0
2050-07-20 22:00:00,0.0,0.0,0.0,0.0,0.0,34.38324218778871,0.0,0.0,0.0,0.0,0.0
2050-07-20 23:00:00,0.0,0.0,0.0,0.0,0.0,32.542865234659985,0.0,0.0,0.0,0.0,0.0
2050-07-21 00:00:00,0.0,0.0,0.0,0.0,0.0,31.38566406269092,0.0,0.0,0.0,0.0,0.0
2050-07-21 01:00:00,0.0,0.0,0.0,0.0,0.0,28.790779297123663,0.0,0.0,0.0,0.0,0.0
2050-07-21 02:00:00,0.0,0.0,0.0,0.0,0.0,25.816162109375,0.0,0.0,0.0,0.0,0.0
2050-07-21 03:00:00,0.0,0.0,0.0,0.0,0.0,23.95361718768254,0.0,0.0,0.0,0.0,0.0
2050-07-21 04:00:00,0.0,0.0,0.0,0.0,0.0,22.619164062780328,0.0,0.0,0.0,0.0,0.0
2050-07-21 05:00:00,0.0,0.0,0.0,0.0,0.0,22.08894531277474,0.0,0.0,0.0,0.0,0.0
2050-07-21 06:00:00,0.0,0.0,0.0,0.0,0.0,22.463875000248663,0.0,0.0,0.0,0.0,0.0
2050-07-21 07:00:00,0.0,0.0,0.0,0.0,0.0,22.668621093966067,0.0,0.0,0.0,0.0,0.0
2050-07-21 08:00:00,0.0,0.0,0.0,0.0,0.0,23.303195312735625,0.0,0.0,0.0,0.0,0.0
2050-07-21 09:00:00,0.0,0.0,0.0,0.0,0.0,24.564308593980968,0.0,0.0,0.0,0.0,0.0
2050-07-21 10:00:00,0.0,0.0,0.0,0.0,0.0,25.175121093983762,0.0,0.0,0.0,0.0,0.0
2050-07-21 11:00:00,0.0,0.0,0.0,0.0,0.0,27.69046484399587,0.0,0.0,0.0,0.0,0.0
2050-07-21 12:00:00,0.0,0.0,0.0,0.0,0.0,30.13757031271234,0.0,0.0,0.0,0.0,0.0
2050-07-21 13:00:00,0.0,0.0,0.0,0.0,0.0,32.48025000025518,0.0,0.0,0.0,0.0,0.0
2050-07-21 14:00:00,0.0,0.0,0.0,0.0,0.0,33.360902343993075,0.0,0.0,0.0,0.0,0.0
2050-07-21 15:00:00,0.0,0.0,0.0,0.0,0.0,33.104417969007045,0.0,0.0,0.0,0.0,0.0
2050-07-21 16:00:00,0.0,0.0,0.0,0.0,0.0,32.76676562521607,0.0,0.0,0.0,0.0,0.0
2050-07-21 17:00:00,0.0,0.0,0.0,0.0,0.0,33.10959375021048,0.0,0.0,0.0,0.0,0.0
2050-07-21 18:00:00,0.0,0.0,0.0,0.0,0.0,35.95141015644185,0.0,0.0,0.0,0.0,0.0
2050-07-21 19:00:00,0.0,0.0,0.0,0.0,0.0,37.45350000017788,0.0,0.0,0.0,0.0,0.0
2050-07-21 20:00:00,0.0,0.0,0.0,0.0,0.0,37.31640234403312,0.0,0.0,0.0,0.0,0.0
2050-07-21 21:00:00,0.0,0.0,0.0,0.0,0.0,36.76321875024587,0.0,0.0,0.0,0.0,0.0
2050-07-21 22:00:00,0.0,0.0,0.0,0.0,0.0,35.65358593768906,0.0,0.0,0.0,0.0,0.0
2050-07-21 23:00:00,0.0,0.0,0.0,0.0,0.0,32.50989990262315,0.0,0.0,0.0,0.0,0.0
2050-07-22 00:00:00,0.0,0.0,0.0,0.0,0.0,29.093654052936472,0.0,0.0,0.0,0.0,0.0
2050-07-22 01:00:00,0.0,0.0,0.0,0.0,0.0,25.951731201377697,0.0,0.0,0.0,0.0,0.0
2050-07-22 02:00:00,0.0,0.0,0.0,0.0,0.0,23.828675293247215,0.0,0.0,0.0,0.0,0.0
2050-07-22 03:00:00,0.0,0.0,0.0,0.0,0.0,22.477624023682438,0.0,0.0,0.0,0.0,0.0
2050-07-22 04:00:00,0.0,0.0,0.0,0.0,0.0,21.857976074446924,0.0,0.0,0.0,0.0,0.0
2050-07-22 05:00:00,0.0,0.0,0.0,0.0,0.0,22.145242187776603,0.0,0.0,0.0,0.0,0.0
2050-07-22 06:00:00,0.0,0.0,0.0,0.0,0.0,24.79963867214974,0.0,0.0,0.0,0.0,0.0
2050-07-22 07:00:00,0.0,0.0,0.0,0.0,0.0,29.20287792989984,11.546253835263116,0.0,0.0,8.08237768468418,0.0
2050-07-22 08:00:00,0.0,0.0,0.0,0.0,0.0,32.583910156507045,27.942740887180214,0.0,0.0,19.55991862102615,0.0
2050-07-22 09:00:00,0.0,0.0,0.0,0.0,0.0,36.56241308618337,30.039736706980534,0.0,0.0,21.02781569488637,0.0
2050-07-22 10:00:00,0.0,0.0,0.0,0.0,0.0,37.925539062707685,35.71819672141426,0.0,0.0,25.00273770498998,0.0
2050-07-22 11:00:00,0.0,0.0,0.0,0.0,0.0,39.562134765903465,38.952018893031905,0.0,0.0,27.26641322512233,0.0
2050-07-22 12:00:00,0.0,0.0,0.0,0.0,0.0,39.51036914088763,39.07747660094452,0.0,0.0,27.354233620661162,0.0
2050-07-22 13:00:00,0.0,0.0,0.0,0.0,0.0,39.36319726589136,39.07747660094452,0.0,0.0,27.35423362066115,0.0
2050-07-22 14:00:00,0.0,0.0,0.0,0.0,0.0,38.59000976581592,39.07747660094452,0.0,0.0,27.35423362066115,0.0
2050-07-22 15:00:00,0.0,0.0,0.0,0.0,0.0,38.64743554708548,39.07747660094452,0.0,0.0,27.35423362066115,0.0
2050-07-22 16:00:00,0.0,0.0,0.0,0.0,0.0,37.98183984402567,39.07747660094452,0.0,0.0,27.35423362066115,0.0
2050-07-22 17:00:00,0.0,0.0,0.0,0.0,0.0,36.54178906278685,39.07747660094452,0.0,0.0,27.35423362066115,0.0
2050-07-22 18:00:00,0.0,0.0,0.0,0.0,0.0,38.93035546899773,39.07747660094452,0.0,0.0,27.35423362066115,0.0
2050-07-22 19:00:00,0.0,0.0,0.0,0.0,0.0,40.44882031274028,39.07747660094452,0.0,0.0,27.35423362066115,0.0
2050-07-22 20:00:00,0.0,0.0,0.0,0.0,0.0,39.9319687501993,39.07747660094452,0.0,0.0,27.35423362066115,0.0
2050-07-22 21:00:00,0.0,0.0,0.0,0.0,0.0,38.49457031278871,39.07747660094452,0.0,0.0,27.35423362066115,0.0
2050-07-22 22:00:00,0.0,0.0,0.0,0.0,0.0,36.73714843776543,39.07747660094452,0.0,0.0,27.35423362066115,0.0
2050-07-22 23:00:00,0.0,0.0,0.0,0.0,0.0,33.37970703153405,39.07747660094452,0.0,0.0,27.35423362066115,0.0
2050-07-23 00:00:00,0.0,0.0,0.0,0.0,0.0,30.91662890650332,39.07747660094452,0.0,0.0,27.35423362066115,0.0
2050-07-23 01:00:00,0.0,0.0,0.0,0.0,0.0,27.951515625230968,39.07747660094452,0.0,0.0,27.35423362066115,0.0
2050-07-23 02:00:00,0.0,0.0,0.0,0.0,0.0,25.239332031458616,39.07747660094452,0.0,0.0,27.35423362066115,0.0
2050-07-23 03:00:00,0.0,0.0,0.0,0.0,0.0,23.905097656534053,39.07747660094452,0.0,0.0,27.35423362066115,0.0
2050-07-23 04:00:00,0.0,0.0,0.0,0.0,0.0,22.530238281469792,39.07747660094452,0.0,0.0,27.35423362066115,0.0
2050-07-23 05:00:00,0.0,0.0,0.0,0.0,0.0,22.043007812695578,39.07747660094452,0.0,0.0,27.35423362066115,0.0
2050-07-23 06:00:00,0.0,0.0,0.0,0.0,0.0,24.556738281506114,39.07747660094452,0.0,0.0,27.35423362066115,0.0
2050-07-23 07:00:00,0.0,0.0,0.0,0.0,0.0,30.47162500023842,39.07747660094452,0.0,0.0,27.35423362066115,0.0
2050-07-23 08:00:00,0.0,0.0,0.0,0.0,0.0,34.45145312522072,39.07747660094452,0.0,0.0,27.354233620661162,0.0
2050-07-23 09:00:00,0.0,0.0,0.0,0.0,0.0,39.426914062700234,39.07747660094452,0.0,0.0,27.354233620661162,0.0
2050-07-23 10:00:00,0.0,0.0,0.0,0.0,0.0,38.66509375022724,2.95585789809612,0.0,0.0,2.069100528667284,0.0
2050-07-23 11:00:00,0.0,0.0,0.0,0.0,0.0,39.80557812517509,17.20838098223134,0.0,0.0,12.045866687561936,0.0
2050-07-23 12:00:00,0.0,0.0,0.0,0.0,0.0,40.56022656278219,27.936945328798817,0.0,0.0,19.555861730159172,0.0
2050-07-23 13:00:00,0.0,0.0,0.0,0.0,0.0,40.428648437722586,25.231879459202425,0.0,0.0,17.662315621441696,0.0
2050-07-23 14:00:00,0.0,0.0,0.0,0.0,0.0,39.387632812722586,25.170451562457288,0.0,0.0,17.6193160937201,0.0
2050-07-23 15:00:00,0.0,0.0,0.0,0.0,0.0,39.53052343777381,15.695337347215052,0.0,0.0,10.986736143050535,0.0
2050-07-23 16:00:00,0.0,0.0,0.0,0.0,0.0,39.46414843772072,0.0,3.51221216283481,0.0,0.0,3.583889962076337
2050-07-23 17:00:00,0.0,0.0,0.0,0.0,0.0,38.3288359377766,0.0,11.099795341092062,0.0,0.0,11.326321776624555
2050-07-23 18:00:00,0.0,0.0,0.0,0.0,0.0,38.07103125017602,0.0,20.70597004876358,0.0,0.0,21.128540866085284
2050-07-23 19:00:00,0.0,0.0,0.0,0.0,0.0,42.152054687729105,0.0,33.45208192658078,0.0,0.0,34.13477747610285
2050-07-23 20:00:00,0.0,0.0,0.0,0.0,0.0,40.6987734377617,0.0,36.96523107330098,0.0,0.0,37.71962354418467
2050-07-23 21:00:00,0.0,0.0,0.0,0.0,0.0,38.86021875019651,0.0,43.73995049595425,0.0,0.0,44.63260254689209
2050-07-23 22:00:00,0.0,0.0,0.0,0.0,0.0,35.89106250018813,0.0,43.73995049595425,0.0,0.0,44.63260254689209
2050-07-23 23:00:00,0.0,0.0,0.0,0.0,0.0,32.94229687517509,0.0,10.857303955694432,0.0,0.0,11.078881587443298
2050-07-24 00:00:00,0.0,0.0,0.0,0.0,0.0,29.28798437525984,0.0,0.16222712691968347,0.0,0.0,0.16553788461192193
2050-07-24 01:00:00,0.0,0.0,0.0,0.0,0.0,26.223117187735625,0.0,0.0,0.0,0.0,0.0
2050-07-24 02:00:00,0.0,0.0,0.0,0.0,0.0,24.249539062730037,0.0,0.0,0.0,0.0,0.0
2050-07-24 03:00:00,0.0,0.0,0.0,0.0,0.0,23.428820312721655,0.0,0.0,0.0,0.0,0.0
2050-07-24 04:00:00,0.0,0.0,0.0,0.0,0.0,23.103218750213273,0.0,0.0,0.0,0.0,0.0
2050-07-24 05:00:00,0.0,0.0,0.0,0.0,0.0,23.221562500228174,0.0,0.0,0.0,0.0,0.0
2050-07-24 06:00:00,0.0,0.0,0.0,0.0,0.0,25.812492187716998,0.2246326248780477,0.0,0.0,0.15724283741463338,0.0
2050-07-24 07:00:00,0.0,0.0,0.0,0.0,0.0,31.025226562749594,0.0,0.0,0.0,0.0,0.0
2050-07-24 08:00:00,0.0,0.0,0.0,0.0,0.0,33.78719531279057,24.797637306946122,0.0,0.0,17.358346114862282,0.0
2050-07-24 09:00:00,0.0,0.0,0.0,0.0,0.0,37.70577343774494,0.0,0.0,0.0,0.0,0.0
2050-07-24 10:00:00,0.0,0.0,0.0,0.0,0.0,39.37326562521048,8.434454332522566,0.0,0.0,5.904118032765796,0.0
2050-07-24 11:00:00,0.0,0.0,0.0,0.0,0.0,39.88028906274121,9.62786251409225,0.0,0.0,6.739503759864575,0.0
2050-07-24 12:00:00,0.0,0.0,0.0,0.0,0.0,40.16890625027008,8.149014528974355,0.0,0.0,5.7043101702820485,0.0
2050-07-24 13:00:00,0.0,0.0,0.0,0.0,0.0,40.78948437527288,0.0,0.0,0.0,0.0,0.0
2050-07-24 14:00:00,0.0,0.0,0.0,0.0,0.0,39.039093750179745,0.0,0.0,0.0,0.0,0.0
2050-07-24 15:00:00,0.0,0.0,0.0,0.0,0.0,38.68915625021327,0.0,0.0,0.0,0.0,0.0
2050-07-24 16:00:00,0.0,0.0,0.0,0.0,0.0,38.5759062502766,0.0,0.0,0.0,0.0,0.0
2050-07-24 17:00:00,0.0,0.0,0.0,0.0,0.0,37.929828125284985,0.0,0.0,0.0,0.0,0.0
2050-07-24 18:00:00,0.0,0.0,0.0,0.0,0.0,39.530562500236556,0.0,0.0,0.0,0.0,0.0
2050-07-24 19:00:00,0.0,0.0,0.0,0.0,0.0,41.63579687522724,0.0,0.0,0.0,0.0,0.0
2050-07-24 20:00:00,0.0,0.0,0.0,0.0,0.0,41.32026562525425,0.0,0.0,0.0,0.0,0.0
2050-07-24 21:00:00,0.0,0.0,0.0,0.0,0.0,39.47801562526729,0.0,0.0,0.0,0.0,0.0
2050-07-24 22:00:00,0.0,0.0,0.0,0.0,0.0,36.779859375208616,0.0,0.0,0.0,0.0,0.0
2050-07-24 23:00:00,0.0,0.0,0.0,0.0,0.0,34.3138281252468,3.5346468758115535,0.0,0.0,2.4742528130680874,0.0
2050-07-25 00:00:00,0.0,0.0,0.0,0.0,0.0,30.570421875221655,34.989238875135996,0.0,0.0,24.492467212595194,0.0
2050-07-25 01:00:00,0.0,0.0,0.0,0.0,0.0,27.501156250247732,11.906200278210434,0.0,0.0,8.334340194747304,0.0
2050-07-25 02:00:00,0.0,0.0,0.0,0.0,0.0,25.420359375188127,19.422696798424326,0.0,0.0,13.595887758897028,0.0
2050-07-25 03:00:00,0.0,0.0,0.0,0.0,0.0,24.41685937519651,8.42920063160151,0.0,0.0,5.900440442121057,0.0
2050-07-25 04:00:00,0.0,0.0,0.0,0.0,0.0,23.21439062524587,20.688249943380637,0.0,0.0,14.481774960366444,0.0
2050-07-25 05:00:00,0.0,0.0,0.0,0.0,0.0,22.571984375244938,5.233262071506825,0.0,0.0,3.6632834500547773,0.0
2050-07-25 06:00:00,0.0,0.0,0.0,0.0,0.0,24.812343750265427,0.0,8.596825676794728,0.0,0.0,8.77227109877013
2050-07-25 07:00:00,0.0,0.0,0.0,0.0,0.0,29.900359375285916,0.0,29.612480805861313,0.0,0.0,30.21681714883808
2050-07-25 08:00:00,0.0,0.0,0.0,0.0,0.0,33.929000000236556,0.0,39.52217411723547,0.0,0.0,40.32874909921987
2050-07-25 09:00:00,0.0,0.0,0.0,0.0,0.0,37.342609375249594,0.0,43.09241263360343,0.0,0.0,43.97184962612596
2050-07-25 10:00:00,0.0,0.0,0.0,0.0,0.0,38.03985937521793,0.0,43.73995049595425,0.0,0.0,44.63260254689209
2050-07-25 11:00:00,0.0,0.0,0.0,0.0,0.0,40.1203125002794,0.0,43.73995049595425,0.0,0.0,44.63260254689209
2050-07-25 12:00:00,0.0,0.0,0.0,0.0,0.0,40.370703125256114,0.0,16.843229418440043,0.0,0.0,17.186968794326575
2050-07-25 13:00:00,0.0,0.0,0.0,0.0,0.0,40.5376406252617,0.0,3.391019097700733,0.0,0.0,3.460223569082381
2050-07-25 14:00:00,0.0,0.0,0.0,0.0,0.0,39.21968750027008,0.0,0.0,0.0,0.0,0.0
2050-07-25 15:00:00,0.0,0.0,0.0,0.0,0.0,38.552921875263564,0.0,0.0,0.0,0.0,0.0
2050-07-25 16:00:00,0.0,0.0,0.0,0.0,0.0,38.20515625027474,23.506242604863246,0.0,0.0,16.45436982340427,0.0
2050-07-25 17:00:00,0.0,0.0,0.0,0.0,0.0,36.93192187522072,39.07747660094452,0.0,0.0,27.35423362066115,0.0
2050-07-25 18:00:00,0.0,0.0,0.0,0.0,0.0,39.29842187522445,39.07747660094452,0.0,0.0,27.35423362066115,0.0
2050-07-25 19:00:00,0.0,0.0,0.0,0.0,0.0,41.04526562523097,39.07747660094452,0.0,0.0,27.35423362066115,0.0
2050-07-25 20:00:00,0.0,0.0,0.0,0.0,0.0,40.22115625021979,39.07747660094452,0.0,0.0,27.354233620661162,0.0
2050-07-25 21:00:00,0.0,0.0,0.0,0.0,0.0,38.186156250187196,36.06003565293373,0.0,0.0,25.24202495705361,0.0
2050-07-25 22:00:00,0.0,0.0,0.0,0.0,0.0,35.98857812525239,28.89483190509479,0.0,0.0,20.226382333566352,0.0
2050-07-25 23:00:00,0.0,0.0,0.0,0.0,0.0,33.39590625022538,3.418151248959191,0.0,0.0,2.3927058742714333,0.0
2050-07-26 00:00:00,0.0,0.0,0.0,0.0,0.0,30.079109375248663,31.17613901413332,0.0,0.0,21.823297309893324,0.0
2050-07-26 01:00:00,0.0,0.0,0.0,0.0,0.0,27.41156250028871,39.07747660094452,0.0,0.0,27.35423362066115,0.0
2050-07-26 02:00:00,0.0,0.0,0.0,0.0,0.0,25.36475000018254,39.07747660094452,0.0,0.0,27.35423362066115,0.0
2050-07-26 03:00:00,0.0,0.0,0.0,0.0,0.0,24.356953125214204,39.07747660094452,0.0,0.0,27.35423362066115,0.0
2050-07-26 04:00:00,0.0,0.0,0.0,0.0,0.0,24.147656250279397,39.07747660094452,0.0,0.0,27.35423362066115,0.0
2050-07-26 05:00:00,0.0,0.0,0.0,0.0,0.0,24.378515625256114,39.07747660094452,0.0,0.0,27.35423362066115,0.0
2050-07-26 06:00:00,0.0,0.0,0.0,0.0,0.0,26.231156250229105,39.07747660094452,0.0,0.0,27.35423362066115,0.0
2050-07-26 07:00:00,0.0,0.0,0.0,0.0,0.0,32.22195312520489,39.07747660094452,0.0,0.0,27.35423362066115,0.0
2050-07-26 08:00:00,0.0,0.0,0.0,0.0,0.0,36.830265625263564,39.07747660094452,0.0,0.0,27.35423362066115,0.0
2050-07-26 09:00:00,0.0,0.0,0.0,0.0,0.0,40.15148437523749,39.07747660094452,0.0,0.0,27.35423362066115,0.0
2050-07-26 10:00:00,0.0,0.0,0.0,0.0,0.0,41.104859375278465,39.07747660094452,0.0,0.0,27.35423362066115,0.0
2050-07-26 11:00:00,0.0,0.0,0.0,0.0,0.0,42.908359375200234,39.07747660094452,0.0,0.0,27.35423362066115,0.0
2050-07-26 12:00:00,0.0,0.0,0.0,0.0,0.0,43.65593750018161,39.07747660094452,0.0,0.0,27.35423362066115,0.0
2050-07-26 13:00:00,0.0,0.0,0.0,0.0,0.0,43.573781250277534,39.07747660094452,0.0,0.0,27.35423362066115,0.0
2050-07-26 14:00:00,0.0,0.0,0.0,0.0,0.0,42.72157812525984,39.07747660094452,0.0,0.0,27.35423362066115,0.0
2050-07-26 15:00:00,0.0,0.0,0.0,0.0,0.0,42.48357812524773,39.07747660094452,0.0,0.0,27.35423362066115,0.0
2050-07-26 16:00:00,0.0,0.0,0.0,0.0,0.0,40.35892187524587,39.07747660094452,0.0,0.0,27.35423362066115,0.0
2050-07-26 17:00:00,0.0,0.0,0.0,0.0,0.0,38.4880937502021,39.07747660094452,0.0,0.0,27.35423362066115,0.0
2050-07-26 18:00:00,0.0,0.0,0.0,0.0,0.0,40.62396875023842,39.07747660094452,0.0,0.0,27.35423362066115,0.0
2050-07-26 19:00:00,0.0,0.0,0.0,0.0,0.0,42.39357812528033,39.07747660094452,0.0,0.0,27.35423362066115,0.0
2050-07-26 20:00:00,0.0,0.0,0.0,0.0,0.0,41.074281250243075,39.07747660094452,0.0,0.0,27.35423362066115,0.0
2050-07-26 21:00:00,0.0,0.0,0.0,0.0,0.0,39.522750000236556,39.07747660094452,0.0,0.0,27.35423362066115,0.0
2050-07-26 22:00:00,0.0,0.0,0.0,0.0,0.0,37.96578125027008,39.07747660094452,0.0,0.0,27.35423362066115,0.0
2050-07-26 23:00:00,0.0,0.0,0.0,0.0,0.0,36.12434375018347,39.07747660094452,0.0,0.0,27.35423362066115,0.0
2050-07-27 00:00:00,0.0,0.0,0.0,0.0,0.0,32.53814062522724,39.07747660094452,0.0,0.0,27.35423362066115,0.0
2050-07-27 01:00:00,0.0,0.0,0.0,0.0,0.0,29.621078125201166,39.07747660094452,0.0,0.0,27.354233620661162,0.0
2050-07-27 02:00:00,0.0,0.0,0.0,0.0,0.0,27.515343750244938,39.07747660094452,0.0,0.0,27.35423362066115,0.0
2050-07-27 03:00:00,0.0,0.0,0.0,0.0,0.0,25.75050000019837,39.07747660094452,0.0,0.0,27.35423362066115,0.0
2050-07-27 04:00:00,0.0,0.0,0.0,0.0,0.0,24.63143750024028,39.07747660094452,0.0,0.0,27.35423362066115,0.0
2050-07-27 05:00:00,0.0,0.0,0.0,0.0,0.0,24.09728125028778,39.07747660094452,0.0,0.0,27.35423362066115,0.0
2050-07-27 06:00:00,0.0,0.0,0.0,0.0,0.0,24.217656250228174,39.07747660094452,0.0,0.0,27.35423362066115,0.0
2050-07-27 07:00:00,0.0,0.0,0.0,0.0,0.0,27.407968750223517,39.07747660094452,0.0,0.0,27.35423362066115,0.0
2050-07-27 08:00:00,0.0,0.0,0.0,0.0,0.0,29.90425000025425,39.07747660094452,0.0,0.0,27.35423362066115,0.0
2050-07-27 09:00:00,0.0,0.0,0.0,0.0,0.0,32.86781250021886,39.07747660094452,0.0,0.0,27.35423362066115,0.0
2050-07-27 10:00:00,0.0,0.0,0.0,0.0,0.0,35.410312500200234,39.07747660094452,0.0,0.0,27.35423362066115,0.0
2050-07-27 11:00:00,0.0,0.0,0.0,0.0,0.0,38.91709375020582,39.07747660094452,0.0,0.0,27.35423362066115,0.0
2050-07-27 12:00:00,0.0,0.0,0.0,0.0,0.0,40.25150000024587,39.07747660094452,0.0,0.0,27.35423362066115,0.0
2050-07-27 13:00:00,0.0,0.0,0.0,0.0,0.0,40.39125000021886,39.07747660094452,0.0,0.0,27.35423362066115,0.0
2050-07-27 14:00:00,0.0,0.0,0.0,0.0,0.0,40.330843750271015,39.07747660094452,0.0,0.0,27.35423362066115,0.0
2050-07-27 15:00:00,0.0,0.0,0.0,0.0,0.0,39.67993750027381,39.07747660094452,0.0,0.0,27.35423362066115,0.0
2050-07-27 16:00:00,0.0,0.0,0.0,0.0,0.0,37.77734375,39.07747660094452,0.0,0.0,27.35423362066115,0.0
2050-07-27 17:00:00,0.0,0.0,0.0,0.0,0.0,36.79921875020955,39.07747660094452,0.0,0.0,27.35423362066115,0.0
2050-07-27 18:00:00,0.0,0.0,0.0,0.0,0.0,38.42853125021793,39.07747660094452,0.0,0.0,27.35423362066115,0.0
2050-07-27 19:00:00,0.0,0.0,0.0,0.0,0.0,40.48400000028778,39.07747660094452,0.0,0.0,27.35423362066115,0.0
2050-07-27 20:00:00,0.0,0.0,0.0,0.0,0.0,39.7023437502794,39.07747660094452,0.0,0.0,27.35423362066115,0.0
2050-07-27 21:00:00,0.0,0.0,0.0,0.0,0.0,38.19515625026543,39.07747660094452,0.0,0.0,27.35423362066115,0.0
2050-07-27 22:00:00,0.0,0.0,0.0,0.0,0.0,36.59325000026729,39.07747660094452,0.0,0.0,27.35423362066115,0.0
2050-07-27 23:00:00,0.0,0.0,0.0,0.0,0.0,34.54637500026729,39.07747660094452,0.0,0.0,27.35423362066115,0.0
2050-07-28 00:00:00,0.0,0.0,0.0,0.0,0.0,32.26796875020955,39.07747660094452,0.0,0.0,27.35423362066115,0.0
2050-07-28 01:00:00,0.0,0.0,0.0,0.0,0.0,29.280781250214204,39.07747660094452,0.0,0.0,27.35423362066115,0.0
2050-07-28 02:00:00,0.0,0.0,0.0,0.0,0.0,26.95790625025984,39.07747660094452,0.0,0.0,27.35423362066115,0.0
2050-07-28 03:00:00,0.0,0.0,0.0,0.0,0.0,25.285125000285916,39.07747660094452,0.0,0.0,27.35423362066115,0.0
2050-07-28 04:00:00,0.0,0.0,0.0,0.0,0.0,24.002593750250526,39.07747660094452,0.0,0.0,27.35423362066115,0.0
2050-07-28 05:00:00,0.0,0.0,0.0,0.0,0.0,22.936187500250526,39.07747660094452,0.0,0.0,27.35423362066115,0.0
2050-07-28 06:00:00,0.0,0.0,0.0,0.0,0.0,22.524875000235625,39.07747660094452,0.0,0.0,27.35423362066115,0.0
2050-07-28 07:00:00,0.0,0.0,0.0,0.0,0.0,22.973062500241213,39.07747660094452,0.0,0.0,27.35423362066115,0.0
2050-07-28 08:00:00,0.0,0.0,0.0,0.0,0.0,23.990843750187196,39.07747660094452,0.0,0.0,27.35423362066115,0.0
2050-07-28 09:00:00,0.0,0.0,0.0,0.0,0.0,25.458812500233762,39.07747660094452,0.0,0.0,27.35423362066115,0.0
2050-07-28 10:00:00,0.0,0.0,0.0,0.0,0.0,27.438812500215136,39.07747660094452,0.0,0.0,27.35423362066115,0.0
2050-07-28 11:00:00,0.0,0.0,0.0,0.0,0.0,30.82493750017602,39.07747660094452,0.0,0.0,27.35423362066115,0.0
2050-07-28 12:00:00,0.0,0.0,0.0,0.0,0.0,33.35746875021141,39.07747660094452,0.0,0.0,27.35423362066115,0.0
2050-07-28 13:00:00,0.0,0.0,0.0,0.0,0.0,34.868156250217,39.07747660094452,0.0,0.0,27.35423362066115,0.0
2050-07-28 14:00:00,0.0,0.0,0.0,0.0,0.0,35.08562500018161,39.07747660094452,0.0,0.0,27.35423362066115,0.0
2050-07-28 15:00:00,0.0,0.0,0.0,0.0,0.0,35.31396875018254,39.07747660094452,0.0,0.0,27.35423362066115,0.0
2050-07-28 16:00:00,0.0,0.0,0.0,0.0,0.0,34.31325000023935,39.07747660094452,0.0,0.0,27.35423362066115,0.0
2050-07-28 17:00:00,0.0,0.0,0.0,0.0,0.0,33.40634375018999,39.07747660094452,0.0,0.0,27.35423362066115,0.0
2050-07-28 18:00:00,0.0,0.0,0.0,0.0,0.0,35.70356250018813,12.981190023856982,0.0,0.0,9.086833016699886,0.0
2050-07-28 19:00:00,0.0,0.0,0.0,0.0,0.0,39.76637500023935,0.0,25.72846856010733,0.0,0.0,26.253539347048296
2050-07-28 20:00:00,0.0,0.0,0.0,0.0,0.0,39.772125000250526,0.0,43.73995049595425,0.0,0.0,44.63260254689209
2050-07-28 21:00:00,0.0,0.0,0.0,0.0,0.0,39.20121875021141,0.0,43.73995049595425,0.0,0.0,44.63260254689209
2050-07-28 22:00:00,0.0,0.0,0.0,0.0,0.0,37.10390625020955,0.0,43.73995049595425,0.0,0.0,44.63260254689209
2050-07-28 23:00:00,0.0,0.0,0.0,0.0,0.0,34.024625000194646,0.0,43.73995049595425,0.0,0.0,44.63260254689209
2050-07-29 00:00:00,0.0,0.0,0.0,0.0,0.0,30.442218750249594,0.0,43.73995049595425,0.0,0.0,44.63260254689209
2050-07-29 01:00:00,0.0,0.0,0.0,0.0,0.0,26.965750000206754,0.0,43.73995049595425,0.0,0.0,44.63260254689209
2050-07-29 02:00:00,0.0,0.0,0.0,0.0,0.0,23.790843750233762,0.0,33.59038240341273,0.0,0.0,34.275900411645644
2050-07-29 03:00:00,0.0,0.0,0.0,0.0,0.0,22.790156250237487,0.0,1.6996053929950055,0.0,0.0,1.7342912173418423
2050-07-29 04:00:00,0.0,0.0,0.0,0.0,0.0,22.695625000284053,0.0,7.150460104984087,0.0,0.0,7.29638786222866
2050-07-29 05:00:00,0.0,0.0,0.0,0.0,0.0,23.30006250028964,0.0,19.63784212874817,0.0,0.0,20.03861441708997
2050-07-29 06:00:00,0.0,0.0,0.0,0.0,0.0,25.17209375021048,0.0,30.361067018249354,0.0,0.0,30.98068063086669
2050-07-29 07:00:00,0.0,0.0,0.0,0.0,0.0,30.525500000221655,0.0,43.73995049595425,0.0,0.0,44.63260254689209
2050-07-29 08:00:00,0.0,0.0,0.0,0.0,0.0,34.81290625024121,0.0,43.73995049595425,0.0,0.0,44.63260254689209
2050-07-29 09:00:00,0.0,0.0,0.0,0.0,0.0,38.8292500001844,0.0,43.73995049595425,0.0,0.0,44.63260254689209
2050-07-29 10:00:00,0.0,0.0,0.0,0.0,0.0,39.073781250277534,0.0,43.73995049595425,0.0,0.0,44.63260254689209
2050-07-29 11:00:00,0.0,0.0,0.0,0.0,0.0,40.706343750236556,0.0,43.73995049595425,0.0,0.0,44.63260254689209
2050-07-29 12:00:00,0.0,0.0,0.0,0.0,0.0,41.137906250194646,0.0,43.73995049595425,0.0,0.0,44.63260254689209
2050-07-29 13:00:00,0.0,0.0,0.0,0.0,0.0,40.72962500026915,0.0,43.73995049595425,0.0,0.0,44.63260254689209
2050-07-29 14:00:00,0.0,0.0,0.0,0.0,0.0,39.580718750250526,0.0,43.73995049595425,0.0,0.0,44.63260254689209
2050-07-29 15:00:00,0.0,0.0,0.0,0.0,0.0,39.677750000264496,0.0,43.73995049595425,0.0,0.0,44.63260254689209
2050-07-29 16:00:00,0.0,0.0,0.0,0.0,0.0,39.74053125025239,0.0,43.73995049595425,0.0,0.0,44.63260254689209
2050-07-29 17:00:00,0.0,0.0,0.0,0.0,0.0,38.31934375024866,0.0,43.73995049595425,0.0,0.0,44.63260254689209
2050-07-29 18:00:00,0.0,0.0,0.0,0.0,0.0,40.386281250277534,0.0,43.73995049595425,0.0,0.0,44.63260254689209
2050-07-29 19:00:00,0.0,0.0,0.0,0.0,0.0,43.09815625019837,0.0,43.73995049595425,0.0,0.0,44.63260254689209
2050-07-29 20:00:00,0.0,0.0,0.0,0.0,0.0,37.799014743492535,0.0,43.73995049595425,0.0,0.0,44.63260254689209
2050-07-29 21:00:00,0.0,0.0,0.0,0.0,0.0,39.43084375024773,0.0,37.00003178286439,0.0,0.0,37.7551344723106
2050-07-29 22:00:00,0.0,0.0,0.0,0.0,0.0,36.885500000207685,0.0,28.568144773551644,0.0,0.0,29.15116813627719
2050-07-29 23:00:00,0.0,0.0,0.0,0.0,0.0,34.47556250018533,0.0,5.946900432341082,0.0,0.0,6.0682657472868184
2050-07-30 00:00:00,0.0,0.0,0.0,0.0,0.0,30.536187500227243,5.880945243247304,0.0,0.0,4.116661670273112,0.0
2050-07-30 01:00:00,0.0,0.0,0.0,0.0,0.0,27.58343750028871,11.449006159973813,0.0,0.0,8.014304311981668,0.0
2050-07-30 02:00:00,0.0,0.0,0.0,0.0,0.0,25.296437500277534,19.099255363816,0.0,0.0,13.3694787546712,0.0
2050-07-30 03:00:00,0.0,0.0,0.0,0.0,0.0,24.413156250258908,11.49742188087551,0.0,0.0,8.048195316612857,0.0
2050-07-30 04:00:00,0.0,0.0,0.0,0.0,0.0,23.729281250271015,29.02591238124633,0.0,0.0,20.31813866687243,0.0
2050-07-30 05:00:00,0.0,0.0,0.0,0.0,0.0,23.766093750251457,33.13815790621081,0.0,0.0,23.196710534347563,0.0
2050-07-30 06:00:00,0.0,0.0,0.0,0.0,0.0,26.43625000026077,34.31381329162351,0.0,0.0,24.019669304136457,0.0
2050-07-30 07:00:00,0.0,0.0,0.0,0.0,0.0,32.42928125022445,29.404717217528443,0.0,0.0,20.583302052269907,0.0
2050-07-30 08:00:00,0.0,0.0,0.0,0.0,0.0,36.94034375017509,30.818852986039815,0.0,0.0,21.57319709022787,0.0
2050-07-30 09:00:00,0.0,0.0,0.0,0.0,0.0,42.44565625023097,27.43725117233396,0.0,0.0,19.20607582063377,0.0
2050-07-30 10:00:00,0.0,0.0,0.0,0.0,0.0,43.26343750022352,8.052621995022584,0.0,0.0,5.636835396515808,0.0
2050-07-30 11:00:00,0.0,0.0,0.0,0.0,0.0,44.640187500277534,13.635775251296344,0.0,0.0,9.54504267590744,0.0
2050-07-30 12:00:00,0.0,0.0,0.0,0.0,0.0,45.1183125001844,19.991288736541264,0.0,0.0,13.993902115578884,0.0
2050-07-30 13:00:00,0.0,0.0,0.0,0.0,0.0,44.40931250026915,28.963279864365788,0.0,0.0,20.27429590505605,0.0
2050-07-30 14:00:00,0.0,0.0,0.0,0.0,0.0,43.52581250027288,35.308259607188134,0.0,0.0,24.715781725031693,0.0
2050-07-30 15:00:00,0.0,0.0,0.0,0.0,0.0,43.39009375020396,39.07747660094452,0.0,0.0,27.35423362066115,0.0
2050-07-30 16:00:00,0.0,0.0,0.0,0.0,0.0,41.77650000026915,39.07747660094452,0.0,0.0,27.35423362066115,0.0
2050-07-30 17:00:00,0.0,0.0,0.0,0.0,0.0,39.71571875025984,39.07747660094452,0.0,0.0,27.35423362066115,0.0
2050-07-30 18:00:00,0.0,0.0,0.0,0.0,0.0,41.06021875026636,39.07747660094452,0.0,0.0,27.35423362066115,0.0
2050-07-30 19:00:00,0.0,0.0,0.0,0.0,0.0,42.73968750028871,39.07747660094452,0.0,0.0,27.35423362066115,0.0
2050-07-30 20:00:00,0.0,0.0,0.0,0.0,0.0,41.74281250021886,39.07747660094452,0.0,0.0,27.35423362066115,0.0
2050-07-30 21:00:00,0.0,0.0,0.0,0.0,0.0,40.040593750192784,39.07747660094452,0.0,0.0,27.35423362066115,0.0
2050-07-30 22:00:00,0.0,0.0,0.0,0.0,0.0,38.187656250200234,38.55604335696947,0.0,0.0,26.989230349878625,0.0
2050-07-30 23:00:00,0.0,0.0,0.0,0.0,0.0,35.5421875002794,39.07747660094451,0.0,0.0,27.35423362066115,0.0
2050-07-31 00:00:00,0.0,0.0,0.0,0.0,0.0,31.629906250280328,39.07747660094452,0.0,0.0,27.35423362066115,0.0
2050-07-31 01:00:00,0.0,0.0,0.0,0.0,0.0,28.380062500247732,39.07747660094451,0.0,0.0,27.35423362066115,0.0
2050-07-31 02:00:00,0.0,0.0,0.0,0.0,0.0,26.139781250269152,39.07747660094452,0.0,0.0,27.35423362066115,0.0
2050-07-31 03:00:00,0.0,0.0,0.0,0.0,0.0,24.676375000271946,39.07747660094452,0.0,0.0,27.35423362066115,0.0
2050-07-31 04:00:00,0.0,0.0,0.0,0.0,0.0,23.678843750269152,13.730124745005867,0.0,0.0,9.611087321504106,0.0
2050-07-31 05:00:00,0.0,0.0,0.0,0.0,0.0,23.741000000271015,32.955830483764174,0.0,0.0,23.06908133863492,0.0
2050-07-31 06:00:00,0.0,0.0,0.0,0.0,0.0,25.795906250248663,20.3576508944482,0.0,0.0,14.250355626113738,0.0
2050-07-31 07:00:00,0.0,0.0,0.0,0.0,0.0,31.30846875021234,4.7303057664497565,0.0,0.0,3.3112140365148295,0.0
2050-07-31 08:00:00,0.0,0.0,0.0,0.0,0.0,35.27859375020489,0.0,13.38376500749408,0.0,0.0,13.656903068871511
2050-07-31 09:00:00,0.0,0.0,0.0,0.0,0.0,40.05065625021234,0.0,38.96423434273333,0.0,0.0,39.759422798707476
2050-07-31 10:00:00,0.0,0.0,0.0,0.0,0.0,40.879718750249594,0.0,43.73995049595425,0.0,0.0,44.63260254689209
2050-07-31 11:00:00,0.0,0.0,0.0,0.0,0.0,42.220718750264496,0.0,43.73995049595425,0.0,0.0,44.63260254689209
2050-07-31 12:00:00,0.0,0.0,0.0,0.0,0.0,42.6583750002319,0.0,43.73995049595425,0.0,0.0,44.63260254689209
2050-07-31 13:00:00,0.0,0.0,0.0,0.0,0.0,42.19993750017602,0.0,43.73995049595425,0.0,0.0,44.63260254689209
2050-07-31 14:00:00,0.0,0.0,0.0,0.0,0.0,41.118000000249594,0.0,43.73995049595425,0.0,0.0,44.63260254689209
2050-07-31 15:00:00,0.0,0.0,0.0,0.0,0.0,41.78718750027474,0.0,43.73995049595425,0.0,0.0,44.63260254689209
2050-07-31 16:00:00,0.0,0.0,0.0,0.0,0.0,41.53562500025146,0.0,43.73995049595425,0.0,0.0,44.63260254689209
2050-07-31 17:00:00,0.0,0.0,0.0,0.0,0.0,40.55278125021141,0.0,43.73995049595425,0.0,0.0,44.63260254689209
2050-07-31 18:00:00,0.0,0.0,0.0,0.0,0.0,25.060651130723727,0.0,43.73995049595425,0.0,0.0,44.63260254689209
2050-07-31 19:00:00,0.0,0.0,0.0,0.0,0.0,25.737921793614532,0.0,43.73995049595425,0.0,0.0,44.63260254689209
2050-07-31 20:00:00,0.0,0.0,0.0,0.0,0.0,25.694089840978904,0.0,43.73995049595425,0.0,0.0,44.63260254689209
2050-07-31 21:00:00,0.0,0.0,0.0,0.0,0.0,39.601500000222586,0.0,43.73995049595425,0.0,0.0,44.63260254689209
2050-07-31 22:00:00,0.0,0.0,0.0,0.0,0.0,24.0910247485549,0.0,43.73995049595425,0.0,0.0,44.63260254689209
2050-07-31 23:00:00,0.0,0.0,0.0,0.0,0.0,34.89731250028126,0.0,43.73995049595425,0.0,0.0,44.63260254689209
2050-08-01 00:00:00,0.0,0.0,0.0,0.0,0.0,24.05697277277477,0.0,43.73995049595425,0.0,0.0,44.63260254689209
2050-08-01 01:00:00,0.0,0.0,0.0,0.0,0.0,24.05697277277477,0.0,43.73995049595425,0.0,0.0,44.63260254689209
2050-08-01 02:00:00,0.0,0.0,0.0,0.0,0.0,24.05697277277477,0.0,43.73995049595425,0.0,0.0,44.63260254689209
2050-08-01 03:00:00,0.0,0.0,0.0,0.0,0.0,24.64581250026822,0.0,43.73995049595425,0.0,0.0,44.63260254689209
2050-08-01 04:00:00,0.0,0.0,0.0,0.0,0.0,24.032250000280328,0.0,43.73995049595425,0.0,0.0,44.63260254689209
2050-08-01 05:00:00,0.0,0.0,0.0,0.0,0.0,24.254343750188127,0.0,43.73995049595425,0.0,0.0,44.63260254689209
2050-08-01 06:00:00,0.0,0.0,0.0,0.0,0.0,27.192625000257976,0.0,43.73995049595425,0.0,0.0,44.63260254689209
2050-08-01 07:00:00,0.0,0.0,0.0,0.0,0.0,32.41900000022724,0.0,43.73995049595425,0.0,0.0,44.63260254689209
2050-08-01 08:00:00,0.0,0.0,0.0,0.0,0.0,33.88008103350603,0.0,43.73995049595425,0.0,0.0,44.63260254689209
2050-08-01 09:00:00,0.0,0.0,0.0,0.0,0.0,40.70662500022445,0.0,40.59615475361161,0.0,0.0,41.424647707766944
2050-08-01 10:00:00,0.0,0.0,0.0,0.0,0.0,41.66187500022352,0.0,43.73995049595425,0.0,0.0,44.63260254689209
2050-08-01 11:00:00,0.0,0.0,0.0,0.0,0.0,42.52975000021979,0.0,22.984513800451946,0.0,0.0,23.453585510665253
2050-08-01 12:00:00,0.0,0.0,0.0,0.0,0.0,43.21843750018161,0.0,12.678123799055394,0.0,0.0,12.936861019444281
2050-08-01 13:00:00,0.0,0.0,0.0,0.0,0.0,42.904937500250526,0.0,14.768602909944402,0.0,0.0,15.070002969331023
2050-08-01 14:00:00,0.0,0.0,0.0,0.0,0.0,41.60618750017602,0.0,3.217818542342379,0.0,0.0,3.2834883085126316
2050-08-01 15:00:00,0.0,0.0,0.0,0.0,0.0,41.582625000271946,0.0,0.0,0.0,0.0,0.0
2050-08-01 16:00:00,0.0,0.0,0.0,0.0,0.0,41.06743750022724,0.0,0.0,0.0,0.0,0.0
2050-08-01 17:00:00,0.0,0.0,0.0,0.0,0.0,39.944625000236556,15.570679725928244,0.0,0.0,10.89947580814977,0.0
2050-08-01 18:00:00,0.0,0.0,0.0,0.0,0.0,40.86356250022072,38.49247795663309,0.0,0.0,26.94473456964316,0.0
2050-08-01 19:00:00,0.0,0.0,0.0,0.0,0.0,42.271500000264496,39.07747660094452,0.0,0.0,27.354233620661162,0.0
2050-08-01 20:00:00,0.0,0.0,0.0,0.0,0.0,41.047562500229105,16.177362537612254,0.0,0.0,11.324153776328577,0.0
2050-08-01 21:00:00,0.0,0.0,0.0,0.0,0.0,39.40518750017509,36.14282563244011,0.0,0.0,25.299977942708075,0.0
2050-08-01 22:00:00,0.0,0.0,0.0,0.0,0.0,37.65950000018347,22.375963382160506,0.0,0.0,15.663174367512353,0.0
2050-08-01 23:00:00,0.0,0.0,0.0,0.0,0.0,35.73687500017695,20.181915564082246,0.0,0.0,14.127340894857571,0.0
2050-08-02 00:00:00,0.0,0.0,0.0,0.0,0.0,32.14931250025984,20.993844862373713,0.0,0.0,14.695691403661598,0.0
2050-08-02 01:00:00,0.0,0.0,0.0,0.0,0.0,28.606687500257976,0.0,0.0,0.0,0.0,0.0
2050-08-02 02:00:00,0.0,0.0,0.0,0.0,0.0,25.940312500228174,3.3406816221086686,0.0,0.0,2.338477135476068,0.0
2050-08-02 03:00:00,0.0,0.0,0.0,0.0,0.0,24.440062500187196,23.271659806971762,0.0,0.0,16.290161864880233,0.0
2050-08-02 04:00:00,0.0,0.0,0.0,0.0,0.0,23.768687500269152,0.0,0.0,0.0,0.0,0.0
2050-08-02 05:00:00,0.0,0.0,0.0,0.0,0.0,23.754062500200234,7.2563102246312425,0.0,0.0,5.07941715724187,0.0
2050-08-02 06:00:00,0.0,0.0,0.0,0.0,0.0,25.84637500019744,3.5802070581773116,0.0,0.0,2.506144940724118,0.0
2050-08-02 07:00:00,0.0,0.0,0.0,0.0,0.0,30.634250000235625,0.0,0.0,0.0,0.0,0.0
2050-08-02 08:00:00,0.0,0.0,0.0,0.0,0.0,34.4603125002468,0.0,0.0,0.0,0.0,0.0
2050-08-02 09:00:00,0.0,0.0,0.0,0.0,0.0,38.499937500222586,12.667431319247065,0.0,0.0,8.867201923472944,0.0
2050-08-02 10:00:00,0.0,0.0,0.0,0.0,0.0,39.94581250019837,0.0,0.0,0.0,0.0,0.0
2050-08-02 11:00:00,0.0,0.0,0.0,0.0,0.0,40.6946875002468,0.0,0.0,0.0,0.0,0.0
2050-08-02 12:00:00,0.0,0.0,0.0,0.0,0.0,41.186812500236556,0.0,0.0,0.0,0.0,0.0
2050-08-02 13:00:00,0.0,0.0,0.0,0.0,0.0,41.438937500235625,0.0,0.0,0.0,0.0,0.0
2050-08-02 14:00:00,0.0,0.0,0.0,0.0,0.0,41.80193750024773,0.0,0.0,0.0,0.0,0.0
2050-08-02 15:00:00,0.0,0.0,0.0,0.0,0.0,42.18675000022631,0.0,0.0,0.0,0.0,0.0
2050-08-02 16:00:00,0.0,0.0,0.0,0.0,0.0,41.55762500024866,0.0,0.0,0.0,0.0,0.0
2050-08-02 17:00:00,0.0,0.0,0.0,0.0,0.0,39.984437500243075,0.0,0.0,0.0,0.0,0.0
2050-08-02 18:00:00,0.0,0.0,0.0,0.0,0.0,42.02250000019558,0.0,0.0,0.0,0.0,0.0
2050-08-02 19:00:00,0.0,0.0,0.0,0.0,0.0,42.33637500018813,0.0,0.0,0.0,0.0,0.0
2050-08-02 20:00:00,0.0,0.0,0.0,0.0,0.0,40.82593750022352,0.0,0.0,0.0,0.0,0.0
2050-08-02 21:00:00,0.0,0.0,0.0,0.0,0.0,39.2884375002468,29.929010081357873,0.0,0.0,20.95030705695051,0.0
2050-08-02 22:00:00,0.0,0.0,0.0,0.0,0.0,37.580812500207685,39.07747660094452,0.0,0.0,27.35423362066115,0.0
2050-08-02 23:00:00,0.0,0.0,0.0,0.0,0.0,35.76456250017509,39.07747660094452,0.0,0.0,27.35423362066115,0.0
2050-08-03 00:00:00,0.0,0.0,0.0,0.0,0.0,33.22731250023935,39.07747660094452,0.0,0.0,27.35423362066115,0.0
2050-08-03 01:00:00,0.0,0.0,0.0,0.0,0.0,30.163187500205822,39.07747660094452,0.0,0.0,27.35423362066115,0.0
2050-08-03 02:00:00,0.0,0.0,0.0,0.0,0.0,27.21612500026822,39.07747660094452,0.0,0.0,27.35423362066115,0.0
2050-08-03 03:00:00,0.0,0.0,0.0,0.0,0.0,25.38737500028219,39.07747660094452,0.0,0.0,27.35423362066115,0.0
2050-08-03 04:00:00,0.0,0.0,0.0,0.0,0.0,24.518937500193715,39.07747660094452,0.0,0.0,27.35423362066115,0.0
2050-08-03 05:00:00,0.0,0.0,0.0,0.0,0.0,24.369375000242144,39.07747660094452,0.0,0.0,27.35423362066115,0.0
2050-08-03 06:00:00,0.0,0.0,0.0,0.0,0.0,24.635250000283122,39.07747660094452,0.0,0.0,27.35423362066115,0.0
2050-08-03 07:00:00,0.0,0.0,0.0,0.0,0.0,26.093312500277534,39.07747660094452,0.0,0.0,27.354233620661162,0.0
2050-08-03 08:00:00,0.0,0.0,0.0,0.0,0.0,29.0540625002468,39.07747660094452,0.0,0.0,27.35423362066115,0.0
2050-08-03 09:00:00,0.0,0.0,0.0,0.0,0.0,32.167937500285916,39.07747660094452,0.0,0.0,27.35423362066115,0.0
2050-08-03 10:00:00,0.0,0.0,0.0,0.0,0.0,34.67600000021048,39.07747660094452,0.0,0.0,27.35423362066115,0.0
2050-08-03 11:00:00,0.0,0.0,0.0,0.0,0.0,37.25612500018906,39.07747660094452,0.0,0.0,27.35423362066115,0.0
2050-08-03 12:00:00,0.0,0.0,0.0,0.0,0.0,38.789875000249594,39.07747660094452,0.0,0.0,27.35423362066115,0.0
2050-08-03 13:00:00,0.0,0.0,0.0,0.0,0.0,40.031437500263564,39.07747660094452,0.0,0.0,27.35423362066115,0.0
2050-08-03 14:00:00,0.0,0.0,0.0,0.0,0.0,39.64793750026729,39.07747660094452,0.0,0.0,27.35423362066115,0.0
2050-08-03 15:00:00,0.0,0.0,0.0,0.0,0.0,39.02112500020303,39.07747660094452,0.0,0.0,27.35423362066115,0.0
2050-08-03 16:00:00,0.0,0.0,0.0,0.0,0.0,38.27743750018999,39.07747660094452,0.0,0.0,27.35423362066115,0.0
2050-08-03 17:00:00,0.0,0.0,0.0,0.0,0.0,37.44693750026636,39.07747660094452,0.0,0.0,27.35423362066115,0.0
2050-08-03 18:00:00,0.0,0.0,0.0,0.0,0.0,39.19775000028312,39.07747660094452,0.0,0.0,27.35423362066115,0.0
2050-08-03 19:00:00,0.0,0.0,0.0,0.0,0.0,40.9341250002617,39.07747660094452,0.0,0.0,27.35423362066115,0.0
2050-08-03 20:00:00,0.0,0.0,0.0,0.0,0.0,40.40206250024494,39.07747660094452,0.0,0.0,27.35423362066115,0.0
2050-08-03 21:00:00,0.0,0.0,0.0,0.0,0.0,38.315812500193715,39.07747660094452,0.0,0.0,27.35423362066115,0.0
2050-08-03 22:00:00,0.0,0.0,0.0,0.0,0.0,36.55281250027474,39.07747660094452,0.0,0.0,27.35423362066115,0.0
2050-08-03 23:00:00,0.0,0.0,0.0,0.0,0.0,34.74131250020582,39.07747660094452,0.0,0.0,27.35423362066115,0.0
2050-08-04 00:00:00,0.0,0.0,0.0,0.0,0.0,32.43593750020955,39.07747660094452,0.0,0.0,27.35423362066115,0.0
2050-08-04 01:00:00,0.0,0.0,0.0,0.0,0.0,30.207000000285916,39.07747660094452,0.0,0.0,27.35423362066115,0.0
2050-08-04 02:00:00,0.0,0.0,0.0,0.0,0.0,27.443375000264496,39.07747660094452,0.0,0.0,27.35423362066115,0.0
2050-08-04 03:00:00,0.0,0.0,0.0,0.0,0.0,25.161875000223517,39.07747660094452,0.0,0.0,27.35423362066115,0.0
2050-08-04 04:00:00,0.0,0.0,0.0,0.0,0.0,23.882875000243075,39.07747660094452,0.0,0.0,27.35423362066115,0.0
2050-08-04 05:00:00,0.0,0.0,0.0,0.0,0.0,23.60431250021793,39.07747660094452,0.0,0.0,27.35423362066115,0.0
2050-08-04 06:00:00,0.0,0.0,0.0,0.0,0.0,23.368500000215136,39.07747660094452,0.0,0.0,27.35423362066115,0.0
2050-08-04 07:00:00,0.0,0.0,0.0,0.0,0.0,24.152687500230968,39.07747660094452,0.0,0.0,27.35423362066115,0.0
2050-08-04 08:00:00,0.0,0.0,0.0,0.0,0.0,25.4240000002319,39.07747660094452,0.0,0.0,27.35423362066115,0.0
2050-08-04 09:00:00,0.0,0.0,0.0,0.0,0.0,26.706812500255182,39.07747660094452,0.0,0.0,27.35423362066115,0.0
2050-08-04 10:00:00,0.0,0.0,0.0,0.0,0.0,28.04612500022631,39.07747660094452,0.0,0.0,27.35423362066115,0.0
2050-08-04 11:00:00,0.0,0.0,0.0,0.0,0.0,30.86412500019651,39.07747660094452,0.0,0.0,27.35423362066115,0.0
2050-08-04 12:00:00,0.0,0.0,0.0,0.0,0.0,33.4529375002021,22.308387347819384,0.0,0.0,15.615871143473568,0.0
2050-08-04 13:00:00,0.0,0.0,0.0,0.0,0.0,35.37937500025146,0.0,7.532602585503825,0.0,0.0,7.686329168881454
2050-08-04 14:00:00,0.0,0.0,0.0,0.0,0.0,35.52193750021979,0.0,26.25218110291544,0.0,0.0,26.787939900934123
2050-08-04 15:00:00,0.0,0.0,0.0,0.0,0.0,35.27093750028871,0.0,38.77118874510836,0.0,0.0,39.56243749500854
2050-08-04 16:00:00,0.0,0.0,0.0,0.0,0.0,34.805500000249594,0.0,42.5705956304769,0.0,0.0,43.43938329640501
2050-08-04 17:00:00,0.0,0.0,0.0,0.0,0.0,34.21631250018254,0.0,43.73995049595425,0.0,0.0,44.63260254689209
2050-08-04 18:00:00,0.0,0.0,0.0,0.0,0.0,35.62937500025146,0.0,43.73995049595425,0.0,0.0,44.63260254689209
2050-08-04 19:00:00,0.0,0.0,0.0,0.0,0.0,39.76475000020582,0.0,43.73995049595425,0.0,0.0,44.63260254689209
2050-08-04 20:00:00,0.0,0.0,0.0,0.0,0.0,40.33368750021327,0.0,43.73995049595425,0.0,0.0,44.63260254689209
2050-08-04 21:00:00,0.0,0.0,0.0,0.0,0.0,40.05368750018533,0.0,43.73995049595425,0.0,0.0,44.63260254689209
2050-08-04 22:00:00,0.0,0.0,0.0,0.0,0.0,38.4313750002766,0.0,43.73995049595425,0.0,0.0,44.63260254689209
2050-08-04 23:00:00,0.0,0.0,0.0,0.0,0.0,35.34250000026077,0.0,43.73995049595425,0.0,0.0,44.63260254689209
2050-08-05 00:00:00,0.0,0.0,0.0,0.0,0.0,31.856250000186265,0.0,40.856262941017604,0.0,0.0,41.69006422552817
2050-08-05 01:00:00,0.0,0.0,0.0,0.0,0.0,28.470812500221655,0.0,9.096854489055497,0.0,0.0,9.282504580668874
2050-08-05 02:00:00,0.0,0.0,0.0,0.0,0.0,25.73206250020303,0.0,0.0,0.0,0.0,0.0
2050-08-05 03:00:00,0.0,0.0,0.0,0.0,0.0,23.714062500279397,0.0,0.0,0.0,0.0,0.0
2050-08-05 04:00:00,0.0,0.0,0.0,0.0,0.0,22.75931250024587,0.0,0.0,0.0,0.0,0.0
2050-08-05 05:00:00,0.0,0.0,0.0,0.0,0.0,22.998687500250526,0.0,0.0,0.0,0.0,0.0
2050-08-05 06:00:00,0.0,0.0,0.0,0.0,0.0,25.895437500206754,0.14972046071321898,0.0,0.0,0.10480432249925328,0.0
2050-08-05 07:00:00,0.0,0.0,0.0,0.0,0.0,31.27156250027474,6.228932525657612,0.0,0.0,4.360252767960328,0.0
2050-08-05 08:00:00,0.0,0.0,0.0,0.0,0.0,35.292375000193715,17.50311901387174,0.0,0.0,12.252183309710217,0.0
2050-08-05 09:00:00,0.0,0.0,0.0,0.0,0.0,38.85493750020396,26.001444039231387,0.0,0.0,18.20101082746197,0.0
2050-08-05 10:00:00,0.0,0.0,0.0,0.0,0.0,39.884875000221655,21.795578373948032,0.0,0.0,15.256904861763621,0.0
2050-08-05 11:00:00,0.0,0.0,0.0,0.0,0.0,41.71762500028126,37.17181993799531,0.0,0.0,26.020273956596714,0.0
2050-08-05 12:00:00,0.0,0.0,0.0,0.0,0.0,42.21850000019185,39.07747660094452,0.0,0.0,27.35423362066115,0.0
2050-08-05 13:00:00,0.0,0.0,0.0,0.0,0.0,41.658812500187196,39.07747660094452,0.0,0.0,27.35423362066115,0.0
2050-08-05 14:00:00,0.0,0.0,0.0,0.0,0.0,40.845062500215136,39.07747660094452,0.0,0.0,27.35423362066115,0.0
2050-08-05 15:00:00,0.0,0.0,0.0,0.0,0.0,40.75506250024773,39.07747660094452,0.0,0.0,27.35423362066115,0.0
2050-08-05 16:00:00,0.0,0.0,0.0,0.0,0.0,40.70631250028964,39.07747660094452,0.0,0.0,27.35423362066115,0.0
2050-08-05 17:00:00,0.0,0.0,0.0,0.0,0.0,39.13431250024587,39.07747660094452,0.0,0.0,27.35423362066115,0.0
2050-08-05 18:00:00,0.0,0.0,0.0,0.0,0.0,39.28581250028219,39.07747660094452,0.0,0.0,27.35423362066115,0.0
2050-08-05 19:00:00,0.0,0.0,0.0,0.0,0.0,42.62075000023469,39.07747660094452,0.0,0.0,27.35423362066115,0.0
2050-08-05 20:00:00,0.0,0.0,0.0,0.0,0.0,42.248812500271015,39.07747660094452,0.0,0.0,27.35423362066115,0.0
2050-08-05 21:00:00,0.0,0.0,0.0,0.0,0.0,40.73931250022724,39.07747660094452,0.0,0.0,27.35423362066115,0.0
2050-08-05 22:00:00,0.0,0.0,0.0,0.0,0.0,38.35512500023469,39.07747660094452,0.0,0.0,27.35423362066115,0.0
2050-08-05 23:00:00,0.0,0.0,0.0,0.0,0.0,35.64168750029057,39.07747660094452,0.0,0.0,27.35423362066115,0.0
2050-08-06 00:00:00,0.0,0.0,0.0,0.0,0.0,31.896625000284985,39.07747660094452,0.0,0.0,27.35423362066115,0.0
2050-08-06 01:00:00,0.0,0.0,0.0,0.0,0.0,28.33331250026822,39.07747660094452,0.0,0.0,27.35423362066115,0.0
2050-08-06 02:00:00,0.0,0.0,0.0,0.0,0.0,25.64087500027381,39.07747660094452,0.0,0.0,27.35423362066115,0.0
2050-08-06 03:00:00,0.0,0.0,0.0,0.0,0.0,24.439687500242144,39.07747660094452,0.0,0.0,27.35423362066115,0.0
2050-08-06 04:00:00,0.0,0.0,0.0,0.0,0.0,23.961875000270084,39.07747660094452,0.0,0.0,27.35423362066115,0.0
2050-08-06 05:00:00,0.0,0.0,0.0,0.0,0.0,23.98662500025239,39.07747660094452,0.0,0.0,27.35423362066115,0.0
2050-08-06 06:00:00,0.0,0.0,0.0,0.0,0.0,26.484937500208616,39.07747660094452,0.0,0.0,27.35423362066115,0.0
2050-08-06 07:00:00,0.0,0.0,0.0,0.0,0.0,32.239187500206754,39.07747660094452,0.0,0.0,27.35423362066115,0.0
2050-08-06 08:00:00,0.0,0.0,0.0,0.0,0.0,36.51081250025891,39.07747660094452,0.0,0.0,27.35423362066115,0.0
2050-08-06 09:00:00,0.0,0.0,0.0,0.0,0.0,40.356062500271946,39.07747660094452,0.0,0.0,27.35423362066115,0.0
2050-08-06 10:00:00,0.0,0.0,0.0,0.0,0.0,41.34406250028405,39.07747660094452,0.0,0.0,27.35423362066115,0.0
2050-08-06 11:00:00,0.0,0.0,0.0,0.0,0.0,42.77187500020955,39.07747660094452,0.0,0.0,27.35423362066115,0.0
2050-08-06 12:00:00,0.0,0.0,0.0,0.0,0.0,43.30543750023935,39.07747660094452,0.0,0.0,27.35423362066115,0.0
2050-08-06 13:00:00,0.0,0.0,0.0,0.0,0.0,42.90993750025518,39.07747660094452,0.0,0.0,27.35423362066115,0.0
2050-08-06 14:00:00,0.0,0.0,0.0,0.0,0.0,42.7654375002021,39.07747660094452,0.0,0.0,27.35423362066115,0.0
2050-08-06 15:00:00,0.0,0.0,0.0,0.0,0.0,42.95006250019651,39.07747660094452,0.0,0.0,27.35423362066115,0.0
2050-08-06 16:00:00,0.0,0.0,0.0,0.0,0.0,42.014937500236556,39.07747660094452,0.0,0.0,27.35423362066115,0.0
2050-08-06 17:00:00,0.0,0.0,0.0,0.0,0.0,40.550750000285916,39.07747660094452,0.0,0.0,27.35423362066115,0.0
2050-08-06 18:00:00,0.0,0.0,0.0,0.0,0.0,41.26537500019185,39.07747660094452,0.0,0.0,27.35423362066115,0.0
2050-08-06 19:00:00,0.0,0.0,0.0,0.0,0.0,43.59012500022072,39.07747660094452,0.0,0.0,27.35423362066115,0.0
2050-08-06 20:00:00,0.0,0.0,0.0,0.0,0.0,42.472187500214204,39.07747660094452,0.0,0.0,27.35423362066115,0.0
2050-08-06 21:00:00,0.0,0.0,0.0,0.0,0.0,40.74193750019185,39.07747660094452,0.0,0.0,27.35423362066115,0.0
2050-08-06 22:00:00,0.0,0.0,0.0,0.0,0.0,38.57762500026729,39.07747660094452,0.0,0.0,27.35423362066115,0.0
2050-08-06 23:00:00,0.0,0.0,0.0,0.0,0.0,35.96718750020955,39.07747660094452,0.0,0.0,27.35423362066115,0.0
2050-08-07 00:00:00,0.0,0.0,0.0,0.0,0.0,32.30012500018347,39.07747660094452,0.0,0.0,27.35423362066115,0.0
2050-08-07 01:00:00,0.0,0.0,0.0,0.0,0.0,29.05731250019744,39.07747660094452,0.0,0.0,27.35423362066115,0.0
2050-08-07 02:00:00,0.0,0.0,0.0,0.0,0.0,26.463375000283122,39.07747660094452,0.0,0.0,27.35423362066115,0.0
2050-08-07 03:00:00,0.0,0.0,0.0,0.0,0.0,24.796187500236556,39.07747660094452,0.0,0.0,27.35423362066115,0.0
2050-08-07 04:00:00,0.0,0.0,0.0,0.0,0.0,23.910000000265427,39.07747660094452,0.0,0.0,27.35423362066115,0.0
2050-08-07 05:00:00,0.0,0.0,0.0,0.0,0.0,24.098125000251457,39.07747660094452,0.0,0.0,27.35423362066115,0.0
2050-08-07 06:00:00,0.0,0.0,0.0,0.0,0.0,26.246687500271946,39.07747660094452,0.0,0.0,27.35423362066115,0.0
2050-08-07 07:00:00,0.0,0.0,0.0,0.0,0.0,31.784812500234693,39.07747660094452,0.0,0.0,27.35423362066115,0.0
2050-08-07 08:00:00,0.0,0.0,0.0,0.0,0.0,36.705812500207685,39.07747660094452,0.0,0.0,27.35423362066115,0.0
2050-08-07 09:00:00,0.0,0.0,0.0,0.0,0.0,39.709125000284985,39.07747660094452,0.0,0.0,27.35423362066115,0.0
2050-08-07 10:00:00,0.0,0.0,0.0,0.0,0.0,41.402937500271946,39.07747660094452,0.0,0.0,27.35423362066115,0.0
2050-08-07 11:00:00,0.0,0.0,0.0,0.0,0.0,42.35018750024028,39.07747660094452,0.0,0.0,27.35423362066115,0.0
2050-08-07 12:00:00,0.0,0.0,0.0,0.0,0.0,42.63737500028219,39.07747660094452,0.0,0.0,27.35423362066115,0.0
2050-08-07 13:00:00,0.0,0.0,0.0,0.0,0.0,42.12362500024028,39.07747660094452,0.0,0.0,27.35423362066115,0.0
2050-08-07 14:00:00,0.0,0.0,0.0,0.0,0.0,41.17250000021886,39.07747660094452,0.0,0.0,27.35423362066115,0.0
2050-08-07 15:00:00,0.0,0.0,0.0,0.0,0.0,41.92150000028778,39.07747660094452,0.0,0.0,27.35423362066115,0.0
2050-08-07 16:00:00,0.0,0.0,0.0,0.0,0.0,41.31756250024773,39.07747660094452,0.0,0.0,27.35423362066115,0.0
2050-08-07 17:00:00,0.0,0.0,0.0,0.0,0.0,39.78043750021607,39.07747660094452,0.0,0.0,27.35423362066115,0.0
2050-08-07 18:00:00,0.0,0.0,0.0,0.0,0.0,40.80043750023469,39.07747660094452,0.0,0.0,27.35423362066115,0.0
2050-08-07 19:00:00,0.0,0.0,0.0,0.0,0.0,42.88068750023376,39.07747660094452,0.0,0.0,27.35423362066115,0.0
2050-08-07 20:00:00,0.0,0.0,0.0,0.0,0.0,42.082000000285916,39.07747660094452,0.0,0.0,27.35423362066115,0.0
2050-08-07 21:00:00,0.0,0.0,0.0,0.0,0.0,40.978625000221655,39.07747660094452,0.0,0.0,27.35423362066115,0.0
2050-08-07 22:00:00,0.0,0.0,0.0,0.0,0.0,37.16693750023842,39.07747660094452,0.0,0.0,27.35423362066115,0.0
2050-08-07 23:00:00,0.0,0.0,0.0,0.0,0.0,34.63168750028126,39.07747660094452,0.0,0.0,27.35423362066115,0.0
2050-08-08 00:00:00,0.0,0.0,0.0,0.0,0.0,31.43131250026636,39.07747660094452,0.0,0.0,27.35423362066115,0.0
2050-08-08 01:00:00,0.0,0.0,0.0,0.0,0.0,28.328187500243075,39.07747660094452,0.0,0.0,27.35423362066115,0.0
2050-08-08 02:00:00,0.0,0.0,0.0,0.0,0.0,25.569000000250526,39.07747660094452,0.0,0.0,27.35423362066115,0.0
2050-08-08 03:00:00,0.0,0.0,0.0,0.0,0.0,24.360500000184402,39.07747660094452,0.0,0.0,27.35423362066115,0.0
2050-08-08 04:00:00,0.0,0.0,0.0,0.0,0.0,24.089625000255182,39.07747660094452,0.0,0.0,27.35423362066115,0.0
2050-08-08 05:00:00,0.0,0.0,0.0,0.0,0.0,24.009875000221655,39.07747660094452,0.0,0.0,27.35423362066115,0.0
2050-08-08 06:00:00,0.0,0.0,0.0,0.0,0.0,25.92525000020396,39.07747660094452,0.0,0.0,27.35423362066115,0.0
2050-08-08 07:00:00,0.0,0.0,0.0,0.0,0.0,31.351312500191852,39.07747660094452,0.0,0.0,27.35423362066115,0.0
2050-08-08 08:00:00,0.0,0.0,0.0,0.0,0.0,36.43781250028405,39.07747660094452,0.0,0.0,27.354233620661162,0.0
2050-08-08 09:00:00,0.0,0.0,0.0,0.0,0.0,40.004062500200234,39.07747660094452,0.0,0.0,27.35423362066115,0.0
2050-08-08 10:00:00,0.0,0.0,0.0,0.0,0.0,41.19281250028871,25.041369192325234,0.0,0.0,17.52895843462766,0.0
2050-08-08 11:00:00,0.0,0.0,0.0,0.0,0.0,42.254687500186265,35.36196321902919,0.0,0.0,24.753374253320434,0.0
2050-08-08 12:00:00,0.0,0.0,0.0,0.0,0.0,42.64493750024121,39.07747660094452,0.0,0.0,27.35423362066115,0.0
2050-08-08 13:00:00,0.0,0.0,0.0,0.0,0.0,42.13250000018161,39.07747660094452,0.0,0.0,27.35423362066115,0.0
2050-08-08 14:00:00,0.0,0.0,0.0,0.0,0.0,41.26537500019185,39.07747660094452,0.0,0.0,27.35423362066115,0.0
2050-08-08 15:00:00,0.0,0.0,0.0,0.0,0.0,40.88231250026729,39.07747660094452,0.0,0.0,27.35423362066115,0.0
2050-08-08 16:00:00,0.0,0.0,0.0,0.0,0.0,40.54912500025239,39.07747660094452,0.0,0.0,27.35423362066115,0.0
2050-08-08 17:00:00,0.0,0.0,0.0,0.0,0.0,38.47306250024121,39.07747660094452,0.0,0.0,27.35423362066115,0.0
2050-08-08 18:00:00,0.0,0.0,0.0,0.0,0.0,38.46981250029057,39.07747660094452,0.0,0.0,27.35423362066115,0.0
2050-08-08 19:00:00,0.0,0.0,0.0,0.0,0.0,40.96768750017509,39.07747660094452,0.0,0.0,27.35423362066115,0.0
2050-08-08 20:00:00,0.0,0.0,0.0,0.0,0.0,41.31675000023097,39.07747660094452,0.0,0.0,27.35423362066115,0.0
2050-08-08 21:00:00,0.0,0.0,0.0,0.0,0.0,40.06050000025425,39.07747660094452,0.0,0.0,27.35423362066115,0.0
2050-08-08 22:00:00,0.0,0.0,0.0,0.0,0.0,37.7687500002794,39.07747660094452,0.0,0.0,27.35423362066115,0.0
2050-08-08 23:00:00,0.0,0.0,0.0,0.0,0.0,35.14762500021607,39.07747660094452,0.0,0.0,27.35423362066115,0.0
2050-08-09 00:00:00,0.0,0.0,0.0,0.0,0.0,30.082937500206754,39.07747660094452,0.0,0.0,27.35423362066115,0.0
2050-08-09 01:00:00,0.0,0.0,0.0,0.0,0.0,26.866375000216067,39.07747660094452,0.0,0.0,27.35423362066115,0.0
2050-08-09 02:00:00,0.0,0.0,0.0,0.0,0.0,24.792500000214204,39.07747660094452,0.0,0.0,27.35423362066115,0.0
2050-08-09 03:00:00,0.0,0.0,0.0,0.0,0.0,23.710062500205822,39.07747660094452,0.0,0.0,27.35423362066115,0.0
2050-08-09 04:00:00,0.0,0.0,0.0,0.0,0.0,23.15375000028871,39.07747660094452,0.0,0.0,27.35423362066115,0.0
2050-08-09 05:00:00,0.0,0.0,0.0,0.0,0.0,23.738687500241213,39.07747660094452,0.0,0.0,27.35423362066115,0.0
2050-08-09 06:00:00,0.0,0.0,0.0,0.0,0.0,25.802875000284985,39.07747660094452,0.0,0.0,27.35423362066115,0.0
2050-08-09 07:00:00,0.0,0.0,0.0,0.0,0.0,30.92600000021048,39.07747660094452,0.0,0.0,27.35423362066115,0.0
2050-08-09 08:00:00,0.0,0.0,0.0,0.0,0.0,35.138250000192784,39.07747660094452,0.0,0.0,27.35423362066115,0.0
2050-08-09 09:00:00,0.0,0.0,0.0,0.0,0.0,40.55143750028219,39.07747660094452,0.0,0.0,27.35423362066115,0.0
2050-08-09 10:00:00,0.0,0.0,0.0,0.0,0.0,42.10662500024773,39.07747660094452,0.0,0.0,27.35423362066115,0.0
2050-08-09 11:00:00,0.0,0.0,0.0,0.0,0.0,43.24512500024866,39.07747660094452,0.0,0.0,27.35423362066115,0.0
2050-08-09 12:00:00,0.0,0.0,0.0,0.0,0.0,43.953937500249594,39.07747660094452,0.0,0.0,27.35423362066115,0.0
2050-08-09 13:00:00,0.0,0.0,0.0,0.0,0.0,43.6828125002794,39.07747660094452,0.0,0.0,27.35423362066115,0.0
2050-08-09 14:00:00,0.0,0.0,0.0,0.0,0.0,43.24137500021607,39.07747660094452,0.0,0.0,27.35423362066115,0.0
2050-08-09 15:00:00,0.0,0.0,0.0,0.0,0.0,43.321500000194646,39.07747660094452,0.0,0.0,27.35423362066115,0.0
2050-08-09 16:00:00,0.0,0.0,0.0,0.0,0.0,41.303500000271015,39.07747660094452,0.0,0.0,27.35423362066115,0.0
2050-08-09 17:00:00,0.0,0.0,0.0,0.0,0.0,39.489812500192784,39.07747660094452,0.0,0.0,27.35423362066115,0.0
2050-08-09 18:00:00,0.0,0.0,0.0,0.0,0.0,40.287875000271015,39.07747660094452,0.0,0.0,27.35423362066115,0.0
2050-08-09 19:00:00,0.0,0.0,0.0,0.0,0.0,42.03018750017509,39.07747660094452,0.0,0.0,27.35423362066115,0.0
2050-08-09 20:00:00,0.0,0.0,0.0,0.0,0.0,41.13506250025239,39.07747660094452,0.0,0.0,27.35423362066115,0.0
2050-08-09 21:00:00,0.0,0.0,0.0,0.0,0.0,38.977375000249594,39.07747660094452,0.0,0.0,27.35423362066115,0.0
2050-08-09 22:00:00,0.0,0.0,0.0,0.0,0.0,37.48131250019651,39.07747660094452,0.0,0.0,27.35423362066115,0.0
2050-08-09 23:00:00,0.0,0.0,0.0,0.0,0.0,35.86487500020303,39.07747660094452,0.0,0.0,27.35423362066115,0.0
2050-08-10 00:00:00,0.0,0.0,0.0,0.0,0.0,32.66162500018254,39.07747660094452,0.0,0.0,27.35423362066115,0.0
2050-08-10 01:00:00,0.0,0.0,0.0,0.0,0.0,29.849625000264496,39.07747660094452,0.0,0.0,27.35423362066115,0.0
2050-08-10 02:00:00,0.0,0.0,0.0,0.0,0.0,27.5200625002617,39.07747660094452,0.0,0.0,27.35423362066115,0.0
2050-08-10 03:00:00,0.0,0.0,0.0,0.0,0.0,25.75593750027474,39.07747660094452,0.0,0.0,27.35423362066115,0.0
2050-08-10 04:00:00,0.0,0.0,0.0,0.0,0.0,24.510375000187196,39.07747660094452,0.0,0.0,27.35423362066115,0.0
2050-08-10 05:00:00,0.0,0.0,0.0,0.0,0.0,24.239062500186265,39.07747660094452,0.0,0.0,27.35423362066115,0.0
2050-08-10 06:00:00,0.0,0.0,0.0,0.0,0.0,24.484062500181608,39.07747660094452,0.0,0.0,27.35423362066115,0.0
2050-08-10 07:00:00,0.0,0.0,0.0,0.0,0.0,25.754687500186265,39.07747660094452,0.0,0.0,27.35423362066115,0.0
2050-08-10 08:00:00,0.0,0.0,0.0,0.0,0.0,28.81500000017695,39.07747660094452,0.0,0.0,27.35423362066115,0.0
2050-08-10 09:00:00,0.0,0.0,0.0,0.0,0.0,32.083375000278465,39.07747660094452,0.0,0.0,27.35423362066115,0.0
2050-08-10 10:00:00,0.0,0.0,0.0,0.0,0.0,35.26525000028778,38.125157932646914,0.0,0.0,26.68761055285284,0.0
2050-08-10 11:00:00,0.0,0.0,0.0,0.0,0.0,37.68781250028405,32.102255337144314,0.0,0.0,22.471578736001018,0.0
2050-08-10 12:00:00,0.0,0.0,0.0,0.0,0.0,38.81568750028964,34.84787999151659,0.0,0.0,24.393515994061612,0.0
2050-08-10 13:00:00,0.0,0.0,0.0,0.0,0.0,39.267812500242144,33.20376804204112,0.0,0.0,23.24263762942878,0.0
2050-08-10 14:00:00,0.0,0.0,0.0,0.0,0.0,38.892062500235625,36.259507043012476,0.0,0.0,25.38165493010873,0.0
2050-08-10 15:00:00,0.0,0.0,0.0,0.0,0.0,38.1560625002021,25.56862200079459,0.0,0.0,17.89803540055621,0.0
2050-08-10 16:00:00,0.0,0.0,0.0,0.0,0.0,36.793125000200234,39.07747660094452,0.0,0.0,27.35423362066115,0.0
2050-08-10 17:00:00,0.0,0.0,0.0,0.0,0.0,35.44900000025518,38.900610593730185,0.0,0.0,27.23042741561113,0.0
2050-08-10 18:00:00,0.0,0.0,0.0,0.0,0.0,36.20375000021886,39.07747660094452,0.0,0.0,27.35423362066115,0.0
2050-08-10 19:00:00,0.0,0.0,0.0,0.0,0.0,39.48162500024773,30.751282271926495,0.0,0.0,21.525897590348546,0.0
2050-08-10 20:00:00,0.0,0.0,0.0,0.0,0.0,39.558125000214204,26.620246917304467,0.0,0.0,18.634172842113127,0.0
2050-08-10 21:00:00,0.0,0.0,0.0,0.0,0.0,38.07725000020582,34.70185408639737,0.0,0.0,24.291297860478156,0.0
2050-08-10 22:00:00,0.0,0.0,0.0,0.0,0.0,36.5563750002766,22.01243696797723,0.0,0.0,15.40870587758406,0.0
2050-08-10 23:00:00,0.0,0.0,0.0,0.0,0.0,34.742875000229105,28.42822764553422,0.0,0.0,19.899759351873954,0.0
2050-08-11 00:00:00,0.0,0.0,0.0,0.0,0.0,32.36062500020489,37.06254193139364,0.0,0.0,25.943779351975547,0.0
2050-08-11 01:00:00,0.0,0.0,0.0,0.0,0.0,29.366500000236556,39.07747660094452,0.0,0.0,27.35423362066115,0.0
2050-08-11 02:00:00,0.0,0.0,0.0,0.0,0.0,26.416500000283122,39.07747660094452,0.0,0.0,27.35423362066115,0.0
2050-08-11 03:00:00,0.0,0.0,0.0,0.0,0.0,24.592750000185333,38.79610899264429,0.0,0.0,27.157276294851002,0.0
2050-08-11 04:00:00,0.0,0.0,0.0,0.0,0.0,23.772500000195578,37.37299108819752,0.0,0.0,26.161093761738265,0.0
2050-08-11 05:00:00,0.0,0.0,0.0,0.0,0.0,23.306875000242144,37.10671832715542,0.0,0.0,25.97470282900879,0.0
2050-08-11 06:00:00,0.0,0.0,0.0,0.0,0.0,23.79937500017695,19.951383325768944,0.0,0.0,13.96596832803826,0.0
2050-08-11 07:00:00,0.0,0.0,0.0,0.0,0.0,24.35800000024028,9.006008901878094,0.0,0.0,6.304206231314665,0.0
2050-08-11 08:00:00,0.0,0.0,0.0,0.0,0.0,25.6685000002617,6.28258084241687,0.0,0.0,4.397806589691808,0.0
2050-08-11 09:00:00,0.0,0.0,0.0,0.0,0.0,26.93775000027381,2.2811735046904857,0.0,0.0,1.59682145328334,0.0
2050-08-11 10:00:00,0.0,0.0,0.0,0.0,0.0,28.790000000270084,0.0,0.0,0.0,0.0,0.0
2050-08-11 11:00:00,0.0,0.0,0.0,0.0,0.0,31.645750000257976,0.0,0.0,0.0,0.0,0.0
2050-08-11 12:00:00,0.0,0.0,0.0,0.0,0.0,33.44762500026263,0.0,0.0,0.0,0.0,0.0
2050-08-11 13:00:00,0.0,0.0,0.0,0.0,0.0,35.70187500026077,0.0,0.0,0.0,0.0,0.0
2050-08-11 14:00:00,0.0,0.0,0.0,0.0,0.0,36.753875000285916,0.0,0.0,0.0,0.0,0.0
2050-08-11 15:00:00,0.0,0.0,0.0,0.0,0.0,35.73087500024121,0.0,0.14850621807014552,0.0,0.0,0.15153695721443422
2050-08-11 16:00:00,0.0,0.0,0.0,0.0,0.0,35.19037500023842,0.0,0.0,0.0,0.0,0.0
2050-08-11 17:00:00,0.0,0.0,0.0,0.0,0.0,34.162250000284985,0.0,0.0,0.0,0.0,0.0
2050-08-11 18:00:00,0.0,0.0,0.0,0.0,0.0,35.94375000020955,0.0,5.153472180904317,0.0,0.0,5.258645082555426
2050-08-11 19:00:00,0.0,0.0,0.0,0.0,0.0,38.79825000022538,0.0,26.866598619197436,0.0,0.0,27.41489655020147
2050-08-11 20:00:00,0.0,0.0,0.0,0.0,0.0,38.95412500028033,0.0,43.22674591875987,0.0,0.0,44.10892440689783
2050-08-11 21:00:00,0.0,0.0,0.0,0.0,0.0,38.070375000243075,0.0,42.0661085334535,0.0,0.0,42.92460054434031
2050-08-11 22:00:00,0.0,0.0,0.0,0.0,0.0,36.24312500027008,0.0,43.73995049595425,0.0,0.0,44.63260254689209
2050-08-11 23:00:00,0.0,0.0,0.0,0.0,0.0,34.20937500020955,0.0,40.973800018133836,0.0,0.0,41.810000018503914
2050-08-12 00:00:00,0.0,0.0,0.0,0.0,0.0,30.868875000276603,0.0,31.809604111500985,0.0,0.0,32.45877970561325
2050-08-12 01:00:00,0.0,0.0,0.0,0.0,0.0,27.29812500020489,0.0,23.441746523565687,0.0,0.0,23.92014951384254
2050-08-12 02:00:00,0.0,0.0,0.0,0.0,0.0,24.853625000221655,0.0,19.725394434530827,0.0,0.0,20.127953504623292
2050-08-12 03:00:00,0.0,0.0,0.0,0.0,0.0,23.45262500026729,0.0,18.525722970647973,0.0,0.0,18.903798949640787
2050-08-12 04:00:00,0.0,0.0,0.0,0.0,0.0,23.316750000230968,0.0,18.710392838085664,0.0,0.0,19.092237589883332
2050-08-12 05:00:00,0.0,0.0,0.0,0.0,0.0,23.694875000277534,0.0,19.993681170008664,0.0,0.0,20.40171547960068
2050-08-12 06:00:00,0.0,0.0,0.0,0.0,0.0,26.02875000028871,0.0,25.878244649329183,0.0,0.0,26.40637209115223
2050-08-12 07:00:00,0.0,0.0,0.0,0.0,0.0,32.00400000018999,0.0,38.088799583276455,0.0,0.0,38.866122023751494
2050-08-12 08:00:00,0.0,0.0,0.0,0.0,0.0,36.178500000271015,0.0,43.73995049595425,0.0,0.0,44.63260254689209
2050-08-12 09:00:00,0.0,0.0,0.0,0.0,0.0,41.08287500019651,0.0,43.73995049595425,0.0,0.0,44.63260254689209
2050-08-12 10:00:00,0.0,0.0,0.0,0.0,0.0,42.93200000026263,0.0,43.73995049595425,0.0,0.0,44.63260254689209
2050-08-12 11:00:00,0.0,0.0,0.0,0.0,0.0,43.71675000025425,0.0,43.73995049595425,0.0,0.0,44.63260254689209
2050-08-12 12:00:00,0.0,0.0,0.0,0.0,0.0,30.942809931857482,0.0,43.73995049595425,0.0,0.0,44.63260254689209
2050-08-12 13:00:00,0.0,0.0,0.0,0.0,0.0,43.121875000186265,0.0,43.73995049595425,0.0,0.0,44.63260254689209
2050-08-12 14:00:00,0.0,0.0,0.0,0.0,0.0,37.162702175383856,0.0,43.73995049595425,0.0,0.0,44.63260254689209
2050-08-12 15:00:00,0.0,0.0,0.0,0.0,0.0,42.370500000193715,0.0,43.73995049595425,0.0,0.0,44.63260254689209
2050-08-12 16:00:00,0.0,0.0,0.0,0.0,0.0,39.35316381419943,0.0,43.73995049595425,0.0,0.0,44.63260254689209
2050-08-12 17:00:00,0.0,0.0,0.0,0.0,0.0,40.890625,0.0,38.28020718122474,0.0,0.0,39.06143589920892
2050-08-12 18:00:00,0.0,0.0,0.0,0.0,0.0,41.352750000194646,0.0,38.69155920353935,0.0,0.0,39.48118286075444
2050-08-12 19:00:00,0.0,0.0,0.0,0.0,0.0,43.71062500018161,0.0,42.38175178362689,0.0,0.0,43.246685493496834
2050-08-12 20:00:00,0.0,0.0,0.0,0.0,0.0,42.79225000028964,0.0,40.87773468100144,0.0,0.0,41.711974164287184
2050-08-12 21:00:00,0.0,0.0,0.0,0.0,0.0,40.22690969656969,0.0,43.73995049595425,0.0,0.0,44.63260254689209
2050-08-12 22:00:00,0.0,0.0,0.0,0.0,0.0,38.12450000026729,0.0,43.73995049595425,0.0,0.0,44.63260254689209
2050-08-12 23:00:00,0.0,0.0,0.0,0.0,0.0,34.75337500020396,0.0,43.55971547895827,0.0,0.0,44.44868926424313
2050-08-13 00:00:00,0.0,0.0,0.0,0.0,0.0,30.892375000286847,0.0,33.97156655822561,0.0,0.0,34.66486383492409
2050-08-13 01:00:00,0.0,0.0,0.0,0.0,0.0,28.03387500019744,0.0,27.30920588738804,0.0,0.0,27.866536619783716
2050-08-13 02:00:00,0.0,0.0,0.0,0.0,0.0,24.94025000021793,0.0,20.381738490536918,0.0,0.0,20.79769233728257
2050-08-13 03:00:00,0.0,0.0,0.0,0.0,0.0,23.98175000026822,0.0,21.664144650396825,0.0,0.0,22.10627005142533
2050-08-13 04:00:00,0.0,0.0,0.0,0.0,0.0,23.510250000283122,0.0,21.641343836170208,0.0,0.0,22.083003914459397
2050-08-13 05:00:00,0.0,0.0,0.0,0.0,0.0,23.98250000027474,0.0,25.05180148913725,0.0,0.0,25.563062744017603
2050-08-13 06:00:00,0.0,0.0,0.0,0.0,0.0,26.1372500002617,0.0,29.743212228145786,0.0,0.0,30.350216559332434
2050-08-13 07:00:00,0.0,0.0,0.0,0.0,0.0,31.745250000269152,0.0,37.96867687277823,0.0,0.0,38.743547829365546
2050-08-13 08:00:00,0.0,0.0,0.0,0.0,0.0,35.10768219936881,0.0,43.73995049595425,0.0,0.0,44.63260254689209
2050-08-13 09:00:00,0.0,0.0,0.0,0.0,0.0,31.155042922054236,0.0,43.73995049595425,0.0,0.0,44.63260254689209
2050-08-13 10:00:00,0.0,0.0,0.0,0.0,0.0,32.57574138334985,0.0,43.73995049595425,0.0,0.0,44.63260254689209
2050-08-13 11:00:00,0.0,0.0,0.0,0.0,0.0,42.59512500022538,0.0,43.73995049595425,0.0,0.0,44.63260254689209
2050-08-13 12:00:00,0.0,0.0,0.0,0.0,0.0,34.614980685466435,0.0,43.73995049595425,0.0,0.0,44.63260254689209
2050-08-13 13:00:00,0.0,0.0,0.0,0.0,0.0,43.09412500017788,0.0,43.73995049595425,0.0,0.0,44.63260254689209
2050-08-13 14:00:00,0.0,0.0,0.0,0.0,0.0,35.77299701625452,0.0,43.73995049595425,0.0,0.0,44.63260254689209
2050-08-13 15:00:00,0.0,0.0,0.0,0.0,0.0,39.73581725800659,0.0,43.73995049595425,0.0,0.0,44.63260254689209
2050-08-13 16:00:00,0.0,0.0,0.0,0.0,0.0,41.607000000192784,0.0,36.17842996421386,0.0,0.0,36.91676526960598
2050-08-13 17:00:00,0.0,0.0,0.0,0.0,0.0,39.15800000028685,0.0,17.406953021040547,0.0,0.0,17.762196960245458
2050-08-13 18:00:00,0.0,0.0,0.0,0.0,0.0,39.43937500019092,0.0,0.9621753619310879,0.0,0.0,0.9818115938072327
2050-08-13 19:00:00,0.0,0.0,0.0,0.0,0.0,42.78100000019185,5.916197628107113,0.0,0.0,4.141338339674979,0.0
2050-08-13 20:00:00,0.0,0.0,0.0,0.0,0.0,42.58112500025891,3.618379445233934,0.0,0.0,2.5328656116637536,0.0
2050-08-13 21:00:00,0.0,0.0,0.0,0.0,0.0,40.79775000025984,1.9986919240271703,0.0,0.0,1.399084346819019,0.0
2050-08-13 22:00:00,0.0,0.0,0.0,0.0,0.0,38.08162500022445,0.0,0.0,0.0,0.0,0.0
2050-08-13 23:00:00,0.0,0.0,0.0,0.0,0.0,34.97100000025239,13.747494957411803,0.0,0.0,9.623246470188262,0.0
2050-08-14 00:00:00,0.0,0.0,0.0,0.0,0.0,30.84712500020396,26.187516653437243,0.0,0.0,18.331261657406067,0.0
2050-08-14 01:00:00,0.0,0.0,0.0,0.0,0.0,28.11225000023842,1.1947350256544809,0.0,0.0,0.8363145179581366,0.0
2050-08-14 02:00:00,0.0,0.0,0.0,0.0,0.0,25.941375000285916,0.0,0.0,0.0,0.0,0.0
2050-08-14 03:00:00,0.0,0.0,0.0,0.0,0.0,24.413125000195578,0.0,0.0,0.0,0.0,0.0
2050-08-14 04:00:00,0.0,0.0,0.0,0.0,0.0,23.861750000272878,0.0,0.0,0.0,0.0,0.0
2050-08-14 05:00:00,0.0,0.0,0.0,0.0,0.0,24.342750000185333,0.0,0.0,0.0,0.0,0.0
2050-08-14 06:00:00,0.0,0.0,0.0,0.0,0.0,27.035000000265427,0.0,0.0,0.0,0.0,0.0
2050-08-14 07:00:00,0.0,0.0,0.0,0.0,0.0,32.431875000242144,0.0,0.0,0.0,0.0,0.0
2050-08-14 08:00:00,0.0,0.0,0.0,0.0,0.0,36.20862500020303,0.0,0.0,0.0,0.0,0.0
2050-08-14 09:00:00,0.0,0.0,0.0,0.0,0.0,40.2843750002794,0.0,0.0,0.0,0.0,0.0
2050-08-14 10:00:00,0.0,0.0,0.0,0.0,0.0,41.758625000249594,0.0,0.0,0.0,0.0,0.0
2050-08-14 11:00:00,0.0,0.0,0.0,0.0,0.0,43.09637500019744,0.0,0.0,0.0,0.0,0.0
2050-08-14 12:00:00,0.0,0.0,0.0,0.0,0.0,43.476500000222586,0.0,0.0,0.0,0.0,0.0
2050-08-14 13:00:00,0.0,0.0,0.0,0.0,0.0,42.64225000026636,0.0,0.0,0.0,0.0,0.0
2050-08-14 14:00:00,0.0,0.0,0.0,0.0,0.0,42.17875000019558,0.0,0.0,0.0,0.0,0.0
2050-08-14 15:00:00,0.0,0.0,0.0,0.0,0.0,42.69225000019651,0.0,0.0,0.0,0.0,0.0
2050-08-14 16:00:00,0.0,0.0,0.0,0.0,0.0,40.7,0.0,0.0,0.0,0.0,0.0
2050-08-14 17:00:00,0.0,0.0,0.0,0.0,0.0,38.99537500028964,0.0,0.0,0.0,0.0,0.0
2050-08-14 18:00:00,0.0,0.0,0.0,0.0,0.0,38.289875000249594,0.0,0.0,0.0,0.0,0.0
2050-08-14 19:00:00,0.0,0.0,0.0,0.0,0.0,41.0747500002617,0.0,0.0,0.0,0.0,0.0
2050-08-14 20:00:00,0.0,0.0,0.0,0.0,0.0,40.61512500024401,0.0,0.0,0.0,0.0,0.0
2050-08-14 21:00:00,0.0,0.0,0.0,0.0,0.0,39.12250000028871,0.0,0.0,0.0,0.0,0.0
2050-08-14 22:00:00,0.0,0.0,0.0,0.0,0.0,37.68325000023469,0.0,6.783424727648562,0.0,0.0,6.921861966988328
2050-08-14 23:00:00,0.0,0.0,0.0,0.0,0.0,35.54362500028219,0.0,43.73995049595425,0.0,0.0,44.63260254689209
2050-08-15 00:00:00,0.0,0.0,0.0,0.0,0.0,32.274750000215136,0.0,43.73995049595425,0.0,0.0,44.63260254689209
2050-08-15 01:00:00,0.0,0.0,0.0,0.0,0.0,29.45775000017602,0.0,43.73995049595425,0.0,0.0,44.63260254689209
2050-08-15 02:00:00,0.0,0.0,0.0,0.0,0.0,26.887625000206754,0.0,41.95294513492281,0.0,0.0,42.80912768869674
2050-08-15 03:00:00,0.0,0.0,0.0,0.0,0.0,25.22100000025239,0.0,38.03457078965035,0.0,0.0,38.81078652005138
2050-08-15 04:00:00,0.0,0.0,0.0,0.0,0.0,24.482125000213273,0.0,37.21105048342042,0.0,0.0,37.970459676959614
2050-08-15 05:00:00,0.0,0.0,0.0,0.0,0.0,23.948375000269152,0.0,35.92972340913191,0.0,0.0,36.662983070542765
2050-08-15 06:00:00,0.0,0.0,0.0,0.0,0.0,23.95575000019744,0.0,34.953974274305544,0.0,0.0,35.66732068806688
2050-08-15 07:00:00,0.0,0.0,0.0,0.0,0.0,24.838500000187196,0.0,36.130064678645006,0.0,0.0,36.867412937392864
2050-08-15 08:00:00,0.0,0.0,0.0,0.0,0.0,26.34625000017695,0.0,38.339701868759825,0.0,0.0,39.12214476404064
2050-08-15 09:00:00,0.0,0.0,0.0,0.0,0.0,27.741625000257045,0.0,41.291704967431784,0.0,0.0,42.13439282390999
2050-08-15 10:00:00,0.0,0.0,0.0,0.0,0.0,30.40675000019837,0.0,33.46263337047463,0.0,0.0,34.14554425558636
2050-08-15 11:00:00,0.0,0.0,0.0,0.0,0.0,32.819000000250526,0.0,37.314492216662515,0.0,0.0,38.07601246598216
2050-08-15 12:00:00,0.0,0.0,0.0,0.0,0.0,34.47900000028312,0.0,36.389509503767805,0.0,0.0,37.13215255486511
2050-08-15 13:00:00,0.0,0.0,0.0,0.0,0.0,35.791000000201166,0.0,43.08134414895002,0.0,0.0,43.960555254030645
2050-08-15 14:00:00,0.0,0.0,0.0,0.0,0.0,35.64200000022538,0.0,40.37692476073894,0.0,0.0,41.200943633407086
2050-08-15 15:00:00,0.0,0.0,0.0,0.0,0.0,34.80375000019558,0.0,27.804836687944007,0.0,0.0,28.372282334636743
2050-08-15 16:00:00,0.0,0.0,0.0,0.0,0.0,33.94425000017509,0.0,20.648500860533225,0.0,0.0,21.069898837278803
2050-08-15 17:00:00,0.0,0.0,0.0,0.0,0.0,34.12037500028964,0.0,16.04328105929615,0.0,0.0,16.37069495846546
2050-08-15 18:00:00,0.0,0.0,0.0,0.0,0.0,35.10750000027474,0.0,20.600680973085023,0.0,0.0,21.02110303376023
2050-08-15 19:00:00,0.0,0.0,0.0,0.0,0.0,38.61075000022538,0.0,35.89998442068711,0.0,0.0,36.63263716396644
2050-08-15 20:00:00,0.0,0.0,0.0,0.0,0.0,38.57950000022538,0.0,40.49918041465453,0.0,0.0,41.3256943006679
2050-08-15 21:00:00,0.0,0.0,0.0,0.0,0.0,34.69361281366719,0.0,43.73995049595425,0.0,0.0,44.63260254689209
2050-08-15 22:00:00,0.0,0.0,0.0,0.0,0.0,30.312603042488718,0.0,43.73995049595425,0.0,0.0,44.63260254689209
2050-08-15 23:00:00,0.0,0.0,0.0,0.0,0.0,29.716492348238262,0.0,43.73995049595425,0.0,0.0,44.63260254689209
2050-08-16 00:00:00,0.0,0.0,0.0,0.0,0.0,29.806625000201166,0.0,43.248376503224414,0.0,0.0,44.13099643186165
2050-08-16 01:00:00,0.0,0.0,0.0,0.0,0.0,26.620625000214204,0.0,33.84764643341251,0.0,0.0,34.538414727971954
2050-08-16 02:00:00,0.0,0.0,0.0,0.0,0.0,24.35800000024028,0.0,27.51420181819228,0.0,0.0,28.075716141012535
2050-08-16 03:00:00,0.0,0.0,0.0,0.0,0.0,23.62900000018999,0.0,24.628077840046085,0.0,0.0,25.130691673516413
2050-08-16 04:00:00,0.0,0.0,0.0,0.0,0.0,23.129875000216998,0.0,23.47178374843301,0.0,0.0,23.950799743298987
2050-08-16 05:00:00,0.0,0.0,0.0,0.0,0.0,23.296625000191852,0.0,23.76621768697671,0.0,0.0,24.25124253773134
2050-08-16 06:00:00,0.0,0.0,0.0,0.0,0.0,25.135250000283122,0.0,27.94738922768945,0.0,0.0,28.517744109887193
2050-08-16 07:00:00,0.0,0.0,0.0,0.0,0.0,29.56650000018999,0.0,35.079243543996974,0.0,0.0,35.7951464734663
2050-08-16 08:00:00,0.0,0.0,0.0,0.0,0.0,34.075750000192784,0.0,41.00929152957806,0.0,0.0,41.84621584650822
2050-08-16 09:00:00,0.0,0.0,0.0,0.0,0.0,37.39812500018161,0.0,43.73995049595425,0.0,0.0,44.63260254689209
2050-08-16 10:00:00,0.0,0.0,0.0,0.0,0.0,29.10410452435599,0.0,43.73995049595425,0.0,0.0,44.63260254689209
2050-08-16 11:00:00,0.0,0.0,0.0,0.0,0.0,30.11598768651129,0.0,43.73995049595425,0.0,0.0,44.63260254689209
2050-08-16 12:00:00,0.0,0.0,0.0,0.0,0.0,30.649954067581803,0.0,43.73995049595425,0.0,0.0,44.63260254689209
2050-08-16 13:00:00,0.0,0.0,0.0,0.0,0.0,35.423440515593484,0.0,43.73995049595425,0.0,0.0,44.63260254689209
2050-08-16 14:00:00,0.0,0.0,0.0,0.0,0.0,41.36075000022538,0.0,42.6382310047033,0.0,0.0,43.50839898439112
2050-08-16 15:00:00,0.0,0.0,0.0,0.0,0.0,41.12150000024121,0.0,39.81987599066041,0.0,0.0,40.63252652108205
2050-08-16 16:00:00,0.0,0.0,0.0,0.0,0.0,39.5296250001993,0.0,33.71847900257919,0.0,0.0,34.40661122712162
2050-08-16 17:00:00,0.0,0.0,0.0,0.0,0.0,37.87850000022445,0.0,20.11258828063422,0.0,0.0,20.52304926595329
2050-08-16 18:00:00,0.0,0.0,0.0,0.0,0.0,37.72500000020955,0.0,13.702978359701767,0.0,0.0,13.982630979287517
2050-08-16 19:00:00,0.0,0.0,0.0,0.0,0.0,40.77925000025425,0.0,18.785978012086712,0.0,0.0,19.169365318455828
2050-08-16 20:00:00,0.0,0.0,0.0,0.0,0.0,40.6702500001993,0.0,9.682270843001604,0.0,0.0,9.879868207144494
2050-08-16 21:00:00,0.0,0.0,0.0,0.0,0.0,38.772875000257045,0.0,8.772147214593595,0.0,0.0,8.951170627136321
2050-08-16 22:00:00,0.0,0.0,0.0,0.0,0.0,37.32525000022724,0.0,12.582922461667994,0.0,0.0,12.839716797620403
2050-08-16 23:00:00,0.0,0.0,0.0,0.0,0.0,35.47062500019092,0.0,4.07123846692922,0.0,0.0,4.154324966254306
2050-08-17 00:00:00,0.0,0.0,0.0,0.0,0.0,32.83175000024494,2.0369535338530227,0.0,0.0,1.4258674736971158,0.0
2050-08-17 01:00:00,0.0,0.0,0.0,0.0,0.0,29.62387500028126,7.442278249215981,0.0,0.0,5.209594774451187,0.0
2050-08-17 02:00:00,0.0,0.0,0.0,0.0,0.0,26.634875000221655,2.9205347439947076,0.0,0.0,2.044374320796295,0.0
2050-08-17 03:00:00,0.0,0.0,0.0,0.0,0.0,24.76512500026729,0.0,0.0,0.0,0.0,0.0
2050-08-17 04:00:00,0.0,0.0,0.0,0.0,0.0,23.94212500017602,0.0,0.0,0.0,0.0,0.0
2050-08-17 05:00:00,0.0,0.0,0.0,0.0,0.0,23.813500000280328,0.0,0.0,0.0,0.0,0.0
2050-08-17 06:00:00,0.0,0.0,0.0,0.0,0.0,24.001000000280328,0.0,0.0,0.0,0.0,0.0
2050-08-17 07:00:00,0.0,0.0,0.0,0.0,0.0,25.295125000178814,0.0,0.0,0.0,0.0,0.0
2050-08-17 08:00:00,0.0,0.0,0.0,0.0,0.0,28.32900000025984,0.0,0.0,0.0,0.0,0.0
2050-08-17 09:00:00,0.0,0.0,0.0,0.0,0.0,32.07700000028126,0.0,0.0,0.0,0.0,0.0
2050-08-17 10:00:00,0.0,0.0,0.0,0.0,0.0,35.388250000192784,0.0,0.0,0.0,0.0,0.0
2050-08-17 11:00:00,0.0,0.0,0.0,0.0,0.0,37.74775000021327,0.0,0.0,0.0,0.0,0.0
2050-08-17 12:00:00,0.0,0.0,0.0,0.0,0.0,39.01637500023935,0.0,0.0,0.0,0.0,0.0
2050-08-17 13:00:00,0.0,0.0,0.0,0.0,0.0,40.208375000278465,0.0,0.0,0.0,0.0,0.0
2050-08-17 14:00:00,0.0,0.0,0.0,0.0,0.0,39.7042500001844,0.0,0.0,0.0,0.0,0.0
2050-08-17 15:00:00,0.0,0.0,0.0,0.0,0.0,39.03100000019185,0.0,19.194562412062535,0.0,0.0,19.586288175574015
2050-08-17 16:00:00,0.0,0.0,0.0,0.0,0.0,37.942000000271946,0.0,40.447755606874075,0.0,0.0,41.273220007014366
2050-08-17 17:00:00,0.0,0.0,0.0,0.0,0.0,36.6997500002617,0.0,38.66560638362916,0.0,0.0,39.45470039145833
2050-08-17 18:00:00,0.0,0.0,0.0,0.0,0.0,37.21387500024866,0.0,40.69038576400577,0.0,0.0,41.520801800005884
2050-08-17 19:00:00,0.0,0.0,0.0,0.0,0.0,40.153875000192784,0.0,43.73995049595425,0.0,0.0,44.63260254689209
2050-08-17 20:00:00,0.0,0.0,0.0,0.0,0.0,38.98037500027567,0.0,43.73995049595425,0.0,0.0,44.63260254689209
2050-08-17 21:00:00,0.0,0.0,0.0,0.0,0.0,38.06387500022538,0.0,43.73995049595425,0.0,0.0,44.63260254689209
2050-08-17 22:00:00,0.0,0.0,0.0,0.0,0.0,26.13083570325034,0.0,43.73995049595425,0.0,0.0,44.63260254689209
2050-08-17 23:00:00,0.0,0.0,0.0,0.0,0.0,34.32950000022538,0.0,43.73995049595425,0.0,0.0,44.63260254689209
2050-08-18 00:00:00,0.0,0.0,0.0,0.0,0.0,26.46948670530537,0.0,43.73995049595425,0.0,0.0,44.63260254689209
2050-08-18 01:00:00,0.0,0.0,0.0,0.0,0.0,28.26712500024587,0.0,43.73995049595425,0.0,0.0,44.63260254689209
2050-08-18 02:00:00,0.0,0.0,0.0,0.0,0.0,25.365750000230037,0.0,43.209250487081185,0.0,0.0,44.09107192559305
2050-08-18 03:00:00,0.0,0.0,0.0,0.0,0.0,23.75012500025332,0.0,36.41926185149735,0.0,0.0,37.162512093364654
2050-08-18 04:00:00,0.0,0.0,0.0,0.0,0.0,22.650500000221655,0.0,32.41874443148663,0.0,0.0,33.08035146070064
2050-08-18 05:00:00,0.0,0.0,0.0,0.0,0.0,22.12725000025239,0.0,31.253806312673575,0.0,0.0,31.891639094564876
2050-08-18 06:00:00,0.0,0.0,0.0,0.0,0.0,21.91787500027567,0.0,26.97216637999862,0.0,0.0,27.522618755100634
2050-08-18 07:00:00,0.0,0.0,0.0,0.0,0.0,22.55237500020303,0.0,23.989234875608457,0.0,0.0,24.47881109755965
2050-08-18 08:00:00,0.0,0.0,0.0,0.0,0.0,23.24962500028778,0.0,20.95151808802981,0.0,0.0,21.379100089826338
2050-08-18 09:00:00,0.0,0.0,0.0,0.0,0.0,24.054750000243075,0.0,19.266650725114758,0.0,0.0,19.659847678688532
2050-08-18 10:00:00,0.0,0.0,0.0,0.0,0.0,26.094875000184402,0.0,29.5710191696466,0.0,0.0,30.17450935678225
2050-08-18 11:00:00,0.0,0.0,0.0,0.0,0.0,28.63950000028126,0.0,30.77207287668563,0.0,0.0,31.400074363964933
2050-08-18 12:00:00,0.0,0.0,0.0,0.0,0.0,30.70500000019092,0.0,24.17820890922335,0.0,0.0,24.67164174410546
2050-08-18 13:00:00,0.0,0.0,0.0,0.0,0.0,32.504500000271946,0.0,14.235846360436858,0.0,0.0,14.526373837180467
2050-08-18 14:00:00,0.0,0.0,0.0,0.0,0.0,32.91962500021327,0.0,10.304902773364965,0.0,0.0,10.515206911596904
2050-08-18 15:00:00,0.0,0.0,0.0,0.0,0.0,32.591375000192784,0.0,15.600945700499672,0.0,0.0,15.919332347448647
2050-08-18 16:00:00,0.0,0.0,0.0,0.0,0.0,32.40700000023935,0.0,22.68351925953231,0.0,0.0,23.146448224012563
2050-08-18 17:00:00,0.0,0.0,0.0,0.0,0.0,32.194625000236556,0.0,22.11391147632899,0.0,0.0,22.56521579217244
2050-08-18 18:00:00,0.0,0.0,0.0,0.0,0.0,33.176375000271946,0.0,22.91853735357158,0.0,0.0,23.38626260568529
2050-08-18 19:00:00,0.0,0.0,0.0,0.0,0.0,37.164750000229105,0.0,27.972486956927458,0.0,0.0,28.54335403768108
2050-08-18 20:00:00,0.0,0.0,0.0,0.0,0.0,38.4681250002468,0.0,30.070145709975325,0.0,0.0,30.68382215303605
2050-08-18 21:00:00,0.0,0.0,0.0,0.0,0.0,37.618750000256114,0.0,30.168565370909608,0.0,0.0,30.784250378479193
2050-08-18 22:00:00,0.0,0.0,0.0,0.0,0.0,35.32337500026915,0.0,32.45423447479408,0.0,0.0,33.1165657906062
2050-08-18 23:00:00,0.0,0.0,0.0,0.0,0.0,32.29487500025425,0.0,17.507054316939794,0.0,0.0,17.864341139734485
2050-08-19 00:00:00,0.0,0.0,0.0,0.0,0.0,29.062875000177883,0.0,2.688109323747418,0.0,0.0,2.742968697701447
2050-08-19 01:00:00,0.0,0.0,0.0,0.0,0.0,25.654500000178814,0.0,0.0,0.0,0.0,0.0
2050-08-19 02:00:00,0.0,0.0,0.0,0.0,0.0,23.473250000271946,0.0,0.0,0.0,0.0,0.0
2050-08-19 03:00:00,0.0,0.0,0.0,0.0,0.0,22.215250000241213,0.0,0.0,0.0,0.0,0.0
2050-08-19 04:00:00,0.0,0.0,0.0,0.0,0.0,21.915375000215136,0.0,0.0,0.0,0.0,0.0
2050-08-19 05:00:00,0.0,0.0,0.0,0.0,0.0,21.77800000028219,0.0,0.0,0.0,0.0,0.0
2050-08-19 06:00:00,0.0,0.0,0.0,0.0,0.0,24.885375000187196,0.0,3.0018621360855344,0.0,0.0,3.063124628658709
2050-08-19 07:00:00,0.0,0.0,0.0,0.0,0.0,30.106500000227243,0.0,18.28187902910138,0.0,0.0,18.65497860112386
2050-08-19 08:00:00,0.0,0.0,0.0,0.0,0.0,34.48787500022445,0.0,21.763384439641904,0.0,0.0,22.20753514249174
2050-08-19 09:00:00,0.0,0.0,0.0,0.0,0.0,36.24537500028964,0.0,29.85721728958081,0.0,0.0,30.466548254674297
2050-08-19 10:00:00,0.0,0.0,0.0,0.0,0.0,37.98712500021793,0.0,22.309986024911872,0.0,0.0,22.765291862154974
2050-08-19 11:00:00,0.0,0.0,0.0,0.0,0.0,39.22000000020489,0.0,39.78555319782586,0.0,0.0,40.59750326308762
2050-08-19 12:00:00,0.0,0.0,0.0,0.0,0.0,33.829908463389984,0.0,43.73995049595425,0.0,0.0,44.63260254689209
2050-08-19 13:00:00,0.0,0.0,0.0,0.0,0.0,39.023375000222586,0.0,43.73995049595425,0.0,0.0,44.63260254689209
2050-08-19 14:00:00,0.0,0.0,0.0,0.0,0.0,33.42619448088362,0.0,43.73995049595425,0.0,0.0,44.63260254689209
2050-08-19 15:00:00,0.0,0.0,0.0,0.0,0.0,37.276750000193715,0.0,43.73995049595425,0.0,0.0,44.63260254689209
2050-08-19 16:00:00,0.0,0.0,0.0,0.0,0.0,34.87423477167113,0.0,43.73995049595425,0.0,0.0,44.63260254689209
2050-08-19 17:00:00,0.0,0.0,0.0,0.0,0.0,35.2355000001844,0.0,42.391773393852716,0.0,0.0,43.25691162638032
2050-08-19 18:00:00,0.0,0.0,0.0,0.0,0.0,35.351000000257045,0.0,40.95046824172187,0.0,0.0,41.78619208338967
2050-08-19 19:00:00,0.0,0.0,0.0,0.0,0.0,38.291750000207685,0.0,43.73995049595425,0.0,0.0,44.63260254689209
2050-08-19 20:00:00,0.0,0.0,0.0,0.0,0.0,39.2153750002617,0.0,43.73995049595425,0.0,0.0,44.63260254689209
2050-08-19 21:00:00,0.0,0.0,0.0,0.0,0.0,29.1680273046577,0.0,43.73995049595425,0.0,0.0,44.63260254689209
2050-08-19 22:00:00,0.0,0.0,0.0,0.0,0.0,28.220543191403067,0.0,43.73995049595425,0.0,0.0,44.63260254689209
2050-08-19 23:00:00,0.0,0.0,0.0,0.0,0.0,32.880250000278465,0.0,15.877333156311973,0.0,0.0,16.201360363583646
2050-08-20 00:00:00,0.0,0.0,0.0,0.0,0.0,7.955203526734294,0.0,0.0,0.0,0.0,0.0
2050-08-20 01:00:00,0.0,0.0,0.0,0.0,0.0,26.11212500021793,0.0,0.0,0.0,0.0,0.0
2050-08-20 02:00:00,0.0,0.0,0.0,0.0,0.0,10.189874001526732,0.0,0.0,0.0,0.0,0.0
2050-08-20 03:00:00,0.0,0.0,0.0,0.0,0.0,23.15812500019092,0.0,0.0,0.0,0.0,0.0
2050-08-20 04:00:00,0.0,0.0,0.0,0.0,0.0,22.62312500027474,0.0,0.0,0.0,0.0,0.0
2050-08-20 05:00:00,0.0,0.0,0.0,0.0,0.0,9.43664585937131,0.0,0.0,0.0,0.0,0.0
2050-08-20 06:00:00,0.0,0.0,0.0,0.0,0.0,25.164250000263564,0.0,0.0,0.0,0.0,0.0
2050-08-20 07:00:00,0.0,0.0,0.0,0.0,0.0,8.859811599804743,0.0,0.0,0.0,0.0,0.0
2050-08-20 08:00:00,0.0,0.0,0.0,0.0,0.0,8.047917616357608,0.0,0.0,0.0,0.0,0.0
2050-08-20 09:00:00,0.0,0.0,0.0,0.0,0.0,37.84187500027474,0.0,0.0,0.0,0.0,0.0
2050-08-20 10:00:00,0.0,0.0,0.0,0.0,0.0,4.32036443396828,0.0,0.0,0.0,0.0,0.0
2050-08-20 11:00:00,0.0,0.0,0.0,0.0,0.0,4.111208792066918,0.0,0.0,0.0,0.0,0.0
2050-08-20 12:00:00,0.0,0.0,0.0,0.0,0.0,4.121486424532577,0.0,0.0,0.0,0.0,0.0
2050-08-20 13:00:00,0.0,0.0,0.0,0.0,0.0,39.23737500025891,0.0,0.0,0.0,0.0,0.0
2050-08-20 14:00:00,0.0,0.0,0.0,0.0,0.0,38.36112500028685,0.0,0.0,0.0,0.0,0.0
2050-08-20 15:00:00,0.0,0.0,0.0,0.0,0.0,14.734896288653545,0.0,0.0,0.0,0.0,0.0
2050-08-20 16:00:00,0.0,0.0,0.0,0.0,0.0,18.07700959746262,0.0,0.0,0.0,0.0,0.0
2050-08-20 17:00:00,0.0,0.0,0.0,0.0,0.0,20.94689204120732,0.0,0.0,0.0,0.0,0.0
2050-08-20 18:00:00,0.0,0.0,0.0,0.0,0.0,36.29462500021327,0.0,0.0,0.0,0.0,0.0
2050-08-20 19:00:00,0.0,0.0,0.0,0.0,0.0,39.35750000027474,0.0,0.0,0.0,0.0,0.0
2050-08-20 20:00:00,0.0,0.0,0.0,0.0,0.0,21.86659154935296,0.0,0.0,0.0,0.0,0.0
2050-08-20 21:00:00,0.0,0.0,0.0,0.0,0.0,38.69087500020396,0.0,0.0,0.0,0.0,0.0
2050-08-20 22:00:00,0.0,0.0,0.0,0.0,0.0,15.573070191238003,0.0,0.0,0.0,0.0,0.0
2050-08-20 23:00:00,0.0,0.0,0.0,0.0,0.0,34.50012500025332,0.0,0.0,0.0,0.0,0.0
2050-08-21 00:00:00,0.0,0.0,0.0,0.0,0.0,14.825437807964136,0.0,0.0,0.0,0.0,0.0
2050-08-21 01:00:00,0.0,0.0,0.0,0.0,0.0,14.000980617118785,0.0,0.0,0.0,0.0,0.0
2050-08-21 02:00:00,0.0,0.0,0.0,0.0,0.0,14.816274827881898,0.0,0.0,0.0,0.0,0.0
2050-08-21 03:00:00,0.0,0.0,0.0,0.0,0.0,23.92462500021793,0.0,0.0,0.0,0.0,0.0
2050-08-21 04:00:00,0.0,0.0,0.0,0.0,0.0,19.549944484656862,0.0,0.0,0.0,0.0,0.0
2050-08-21 05:00:00,0.0,0.0,0.0,0.0,0.0,22.16369867952153,0.0,0.0,0.0,0.0,0.0
2050-08-21 06:00:00,0.0,0.0,0.0,0.0,0.0,23.962054135401104,0.0,0.0,0.0,0.0,0.0
2050-08-21 07:00:00,0.0,0.0,0.0,0.0,0.0,26.94542248990956,0.0,0.0,0.0,0.0,0.0
2050-08-21 08:00:00,0.0,0.0,0.0,0.0,0.0,34.97012500022538,2.478017795250158,0.0,0.0,1.7346124566751107,0.0
2050-08-21 09:00:00,0.0,0.0,0.0,0.0,0.0,36.68837500025984,0.0,0.0,0.0,0.0,0.0
2050-08-21 10:00:00,0.0,0.0,0.0,0.0,0.0,37.99812500027474,0.0,0.0,0.0,0.0,0.0
2050-08-21 11:00:00,0.0,0.0,0.0,0.0,0.0,39.58187500026543,1.1190466906139207,0.0,0.0,0.7833326834297445,0.0
2050-08-21 12:00:00,0.0,0.0,0.0,0.0,0.0,39.99125000019558,16.76424582880864,0.0,0.0,11.734972080166047,0.0
2050-08-21 13:00:00,0.0,0.0,0.0,0.0,0.0,39.55225000018254,37.70233680271966,0.0,0.0,26.391635761903757,0.0
2050-08-21 14:00:00,0.0,0.0,0.0,0.0,0.0,38.45062500028871,39.07747660094452,0.0,0.0,27.35423362066115,0.0
2050-08-21 15:00:00,0.0,0.0,0.0,0.0,0.0,38.229875000193715,39.07747660094452,0.0,0.0,27.35423362066115,0.0
2050-08-21 16:00:00,0.0,0.0,0.0,0.0,0.0,37.495625000214204,39.07747660094452,0.0,0.0,27.35423362066115,0.0
2050-08-21 17:00:00,0.0,0.0,0.0,0.0,0.0,35.539125000243075,31.2052460162846,0.0,0.0,21.84367221139922,0.0
2050-08-21 18:00:00,0.0,0.0,0.0,0.0,0.0,35.963625000207685,1.6541926662971065,0.0,0.0,1.1579348664079745,0.0
2050-08-21 19:00:00,0.0,0.0,0.0,0.0,0.0,38.632750000222586,4.4932445353579595,0.0,0.0,3.1452711747505715,0.0
2050-08-21 20:00:00,0.0,0.0,0.0,0.0,0.0,39.507250000257045,0.0,0.0,0.0,0.0,0.0
2050-08-21 21:00:00,0.0,0.0,0.0,0.0,0.0,38.49737500026822,0.0,0.0,0.0,0.0,0.0
2050-08-21 22:00:00,0.0,0.0,0.0,0.0,0.0,36.73237500025425,0.0,0.0,0.0,0.0,0.0
2050-08-21 23:00:00,0.0,0.0,0.0,0.0,0.0,33.57062500028405,0.0,0.0,0.0,0.0,0.0
2050-08-22 00:00:00,0.0,0.0,0.0,0.0,0.0,30.389000000199303,0.0,0.0,0.0,0.0,0.0
2050-08-22 01:00:00,0.0,0.0,0.0,0.0,0.0,27.31862500018906,0.0,0.0,0.0,0.0,0.0
2050-08-22 02:00:00,0.0,0.0,0.0,0.0,0.0,24.636875000200234,0.0,0.0,0.0,0.0,0.0
2050-08-22 03:00:00,0.0,0.0,0.0,0.0,0.0,23.45562500017695,0.0,0.0,0.0,0.0,0.0
2050-08-22 04:00:00,0.0,0.0,0.0,0.0,0.0,22.70125000027474,0.0,0.0,0.0,0.0,0.0
2050-08-22 05:00:00,0.0,0.0,0.0,0.0,0.0,22.74925000022631,0.0,11.917802934035903,0.0,0.0,12.161023402077452
2050-08-22 06:00:00,0.0,0.0,0.0,0.0,0.0,24.05697277277477,0.0,43.73995049595425,0.0,0.0,44.63260254689209
2050-08-22 07:00:00,0.0,0.0,0.0,0.0,0.0,24.05697277277477,0.0,43.73995049595425,0.0,0.0,44.63260254689209
2050-08-22 08:00:00,0.0,0.0,0.0,0.0,0.0,35.1896250002319,0.0,43.33149376614994,0.0,0.0,44.21580996545912
2050-08-22 09:00:00,0.0,0.0,0.0,0.0,0.0,37.20512500021141,0.0,0.0,0.0,0.0,0.0
2050-08-22 10:00:00,0.0,0.0,0.0,0.0,0.0,0.0,0.0,0.0,0.0,0.0,0.0
2050-08-22 11:00:00,0.0,0.0,0.0,0.0,0.0,40.61962500028312,0.0,0.0,0.0,0.0,0.0
2050-08-22 12:00:00,0.0,0.0,0.0,0.0,0.0,0.0859992457790213,0.0,0.0,0.0,0.0,0.0
2050-08-22 13:00:00,0.0,0.0,0.0,0.0,0.0,41.13000000023749,0.0,0.0,0.0,0.0,0.0
2050-08-22 14:00:00,0.0,0.0,0.0,0.0,0.0,6.869535948977045,0.0,0.0,0.0,0.0,0.0
2050-08-22 15:00:00,0.0,0.0,0.0,0.0,0.0,40.005125000257976,0.0,0.0,0.0,0.0,0.0
2050-08-22 16:00:00,0.0,0.0,0.0,0.0,0.0,38.65512500028126,0.0,0.0,0.0,0.0,0.0
2050-08-22 17:00:00,0.0,0.0,0.0,0.0,0.0,16.42095575626172,0.0,0.0,0.0,0.0,0.0
2050-08-22 18:00:00,0.0,0.0,0.0,0.0,0.0,11.033571842300262,0.0,0.0,0.0,0.0,0.0
2050-08-22 19:00:00,0.0,0.0,0.0,0.0,0.0,38.990875000250526,0.0,0.0,0.0,0.0,0.0
2050-08-22 20:00:00,0.0,0.0,0.0,0.0,0.0,39.396500000264496,0.0,0.0,0.0,0.0,0.0
2050-08-22 21:00:00,0.0,0.0,0.0,0.0,0.0,37.976625000243075,0.0,0.0,0.0,0.0,0.0
2050-08-22 22:00:00,0.0,0.0,0.0,0.0,0.0,35.678375000250526,0.0,0.0,0.0,0.0,0.0
2050-08-22 23:00:00,0.0,0.0,0.0,0.0,0.0,32.95550000027288,0.0,0.0,0.0,0.0,0.0
2050-08-23 00:00:00,0.0,0.0,0.0,0.0,0.0,0.10215748942300706,0.0,0.0,0.0,0.0,0.0
2050-08-23 01:00:00,0.0,0.0,0.0,0.0,0.0,25.93350000027567,0.0,0.0,0.0,0.0,0.0
2050-08-23 02:00:00,0.0,0.0,0.0,0.0,0.0,3.072050302248954,0.0,0.0,0.0,0.0,0.0
2050-08-23 03:00:00,0.0,0.0,0.0,0.0,0.0,22.949375000200234,0.0,0.0,0.0,0.0,0.0
2050-08-23 04:00:00,0.0,0.0,0.0,0.0,0.0,12.745783604568715,0.0,0.0,0.0,0.0,0.0
2050-08-23 05:00:00,0.0,0.0,0.0,0.0,0.0,21.735615626286744,0.0,0.0,0.0,0.0,0.0
2050-08-23 06:00:00,0.0,0.0,0.0,0.0,0.0,24.94087500020396,0.0,0.0,0.0,0.0,0.0
2050-08-23 07:00:00,0.0,0.0,0.0,0.0,0.0,30.408000000286847,0.0,0.0,0.0,0.0,0.0
2050-08-23 08:00:00,0.0,0.0,0.0,0.0,0.0,35.44900000025518,0.0,0.0,0.0,0.0,0.0
2050-08-23 09:00:00,0.0,0.0,0.0,0.0,0.0,38.06050000025425,0.0,0.0,0.0,0.0,0.0
2050-08-23 10:00:00,0.0,0.0,0.0,0.0,0.0,39.744250000221655,0.0,0.0,0.0,0.0,0.0
2050-08-23 11:00:00,0.0,0.0,0.0,0.0,0.0,41.21975000028033,0.0,0.0,0.0,0.0,0.0
2050-08-23 12:00:00,0.0,0.0,0.0,0.0,0.0,41.479375000228174,0.0,0.0,0.0,0.0,0.0
2050-08-23 13:00:00,0.0,0.0,0.0,0.0,0.0,38.06910426102104,0.0,0.0,0.0,0.0,0.0
2050-08-23 14:00:00,0.0,0.0,0.0,0.0,0.0,39.98675000027288,0.0,0.0,0.0,0.0,0.0
2050-08-23 15:00:00,0.0,0.0,0.0,0.0,0.0,39.364625000278465,0.0,0.0,0.0,0.0,0.0
2050-08-23 16:00:00,0.0,0.0,0.0,0.0,0.0,35.79137500026263,0.0,0.0,0.0,0.0,0.0
2050-08-23 17:00:00,0.0,0.0,0.0,0.0,0.0,34.4185000002617,0.0,0.0,0.0,0.0,0.0
2050-08-23 18:00:00,0.0,0.0,0.0,0.0,0.0,34.97137500019744,0.0,0.0,0.0,0.0,0.0
2050-08-23 19:00:00,0.0,0.0,0.0,0.0,0.0,37.6685000002617,0.0,0.0,0.0,0.0,0.0
2050-08-23 20:00:00,0.0,0.0,0.0,0.0,0.0,38.400500000221655,0.0,0.0,0.0,0.0,0.0
2050-08-23 21:00:00,0.0,0.0,0.0,0.0,0.0,37.37250000028871,0.0,0.0,0.0,0.0,0.0
2050-08-23 22:00:00,0.0,0.0,0.0,0.0,0.0,24.34915582491203,0.0,0.0,0.0,0.0,0.0
2050-08-23 23:00:00,0.0,0.0,0.0,0.0,0.0,34.26587500027381,0.0,0.0,0.0,0.0,0.0
2050-08-24 00:00:00,0.0,0.0,0.0,0.0,0.0,10.551296594531777,0.0,0.0,0.0,0.0,0.0
2050-08-24 01:00:00,0.0,0.0,0.0,0.0,0.0,28.31600000022445,0.0,0.0,0.0,0.0,0.0
2050-08-24 02:00:00,0.0,0.0,0.0,0.0,0.0,25.413750000181608,0.0,0.0,0.0,0.0,0.0
2050-08-24 03:00:00,0.0,0.0,0.0,0.0,0.0,10.358542978454352,0.0,0.0,0.0,0.0,0.0
2050-08-24 04:00:00,0.0,0.0,0.0,0.0,0.0,7.226294146328655,0.0,0.0,0.0,0.0,0.0
2050-08-24 05:00:00,0.0,0.0,0.0,0.0,0.0,6.1084022652667045,0.0,0.0,0.0,0.0,0.0
2050-08-24 06:00:00,0.0,0.0,0.0,0.0,0.0,6.163554302133889,0.0,0.0,0.0,0.0,0.0
2050-08-24 07:00:00,0.0,0.0,0.0,0.0,0.0,25.365375000284985,0.0,0.0,0.0,0.0,0.0
2050-08-24 08:00:00,0.0,0.0,0.0,0.0,0.0,7.476466803284438,0.0,0.0,0.0,0.0,0.0
2050-08-24 09:00:00,0.0,0.0,0.0,0.0,0.0,7.785101743414998,0.0,0.0,0.0,0.0,0.0
2050-08-24 10:00:00,0.0,0.0,0.0,0.0,0.0,35.56950000021607,0.0,0.0,0.0,0.0,0.0
2050-08-24 11:00:00,0.0,0.0,0.0,0.0,0.0,3.7474383393960125,0.0,0.0,0.0,0.0,0.0
2050-08-24 12:00:00,0.0,0.0,0.0,0.0,0.0,3.8946353777409968,0.0,0.0,0.0,0.0,0.0
2050-08-24 13:00:00,0.0,0.0,0.0,0.0,0.0,38.02875000028871,0.0,0.0,0.0,0.0,0.0
2050-08-24 14:00:00,0.0,0.0,0.0,0.0,0.0,8.073211719443862,0.0,0.0,0.0,0.0,0.0
2050-08-24 15:00:00,0.0,0.0,0.0,0.0,0.0,36.520500000217,0.0,0.0,0.0,0.0,0.0
2050-08-24 16:00:00,0.0,0.0,0.0,0.0,0.0,35.35850000020582,10.601957975677898,0.0,0.0,7.421370582974528,0.0
2050-08-24 17:00:00,0.0,0.0,0.0,0.0,0.0,34.61262500018347,27.85501111619809,0.0,0.0,19.49850778133866,0.0
2050-08-24 18:00:00,0.0,0.0,0.0,0.0,0.0,34.834625000250526,25.81718229688646,0.0,0.0,18.072027607820523,0.0
2050-08-24 19:00:00,0.0,0.0,0.0,0.0,0.0,38.22025000024587,19.40308246420487,0.0,0.0,13.582157724943409,0.0
2050-08-24 20:00:00,0.0,0.0,0.0,0.0,0.0,38.365875000250526,16.905076528988726,0.0,0.0,11.833553570292107,0.0
2050-08-24 21:00:00,0.0,0.0,0.0,0.0,0.0,37.37550000019837,18.34666501350261,0.0,0.0,12.842665509451825,0.0
2050-08-24 22:00:00,0.0,0.0,0.0,0.0,0.0,35.68762500025332,15.187401822150953,0.0,0.0,10.631181275505666,0.0
2050-08-24 23:00:00,0.0,0.0,0.0,0.0,0.0,33.10812500026077,26.981484440653006,0.0,0.0,18.887039108457103,0.0
2050-08-25 00:00:00,0.0,0.0,0.0,0.0,0.0,30.189875000272878,39.07747660094452,0.0,0.0,27.354233620661162,0.0
2050-08-25 01:00:00,0.0,0.0,0.0,0.0,0.0,27.802000000257976,39.07747660094452,0.0,0.0,27.35423362066115,0.0
2050-08-25 02:00:00,0.0,0.0,0.0,0.0,0.0,24.981625000247732,21.41718612225003,0.0,0.0,14.99203028557502,0.0
2050-08-25 03:00:00,0.0,0.0,0.0,0.0,0.0,23.41175000020303,7.099465325317674,0.0,0.0,4.969625727722371,0.0
2050-08-25 04:00:00,0.0,0.0,0.0,0.0,0.0,22.419500000192784,0.0,0.0,0.0,0.0,0.0
2050-08-25 05:00:00,0.0,0.0,0.0,0.0,0.0,22.28262500022538,0.0,0.0,0.0,0.0,0.0
2050-08-25 06:00:00,0.0,0.0,0.0,0.0,0.0,22.206875000265427,0.0,0.0,0.0,0.0,0.0
2050-08-25 07:00:00,0.0,0.0,0.0,0.0,0.0,22.73487500019837,0.0,0.0,0.0,0.0,0.0
2050-08-25 08:00:00,0.0,0.0,0.0,0.0,0.0,23.97062500019092,0.0,0.0,0.0,0.0,0.0
2050-08-25 09:00:00,0.0,0.0,0.0,0.0,0.0,25.39112500019837,0.0,0.0,0.0,0.0,0.0
2050-08-25 10:00:00,0.0,0.0,0.0,0.0,0.0,27.712250000215136,0.0,0.0,0.0,0.0,0.0
2050-08-25 11:00:00,0.0,0.0,0.0,0.0,0.0,30.977875000215136,0.0,0.0,0.0,0.0,0.0
2050-08-25 12:00:00,0.0,0.0,0.0,0.0,0.0,33.32325000024866,0.0,0.0,0.0,0.0,0.0
2050-08-25 13:00:00,0.0,0.0,0.0,0.0,0.0,35.04462500021327,0.0,0.0,0.0,0.0,0.0
2050-08-25 14:00:00,0.0,0.0,0.0,0.0,0.0,35.44000000017695,0.0,0.0,0.0,0.0,0.0
2050-08-25 15:00:00,0.0,0.0,0.0,0.0,0.0,34.99987500021234,0.0,0.0,0.0,0.0,0.0
2050-08-25 16:00:00,0.0,0.0,0.0,0.0,0.0,34.22100000025239,0.0,0.0,0.0,0.0,0.0
2050-08-25 17:00:00,0.0,0.0,0.0,0.0,0.0,33.97075000021141,0.0,0.0,0.0,0.0,0.0
2050-08-25 18:00:00,0.0,0.0,0.0,0.0,0.0,34.70050000026822,0.0,0.0,0.0,0.0,0.0
2050-08-25 19:00:00,0.0,0.0,0.0,0.0,0.0,37.92387500021141,0.0,0.0,0.0,0.0,0.0
2050-08-25 20:00:00,0.0,0.0,0.0,0.0,0.0,38.96387500024866,0.0,0.0,0.0,0.0,0.0
2050-08-25 21:00:00,0.0,0.0,0.0,0.0,0.0,38.278125000186265,0.0,0.0,0.0,0.0,0.0
2050-08-25 22:00:00,0.0,0.0,0.0,0.0,0.0,36.32675000024028,0.0,2.767171245702057,0.0,0.0,2.8236441282674054
2050-08-25 23:00:00,0.0,0.0,0.0,0.0,0.0,33.71825000026729,0.0,8.82392093093599,0.0,0.0,9.004000949934685
2050-08-26 00:00:00,0.0,0.0,0.0,0.0,0.0,30.019875000230968,21.65018376564249,0.0,0.0,15.15512863594974,0.0
2050-08-26 01:00:00,0.0,0.0,0.0,0.0,0.0,26.521625000284985,39.07747660094452,0.0,0.0,27.354233620661162,0.0
2050-08-26 02:00:00,0.0,0.0,0.0,0.0,0.0,24.59050000028219,39.07747660094452,0.0,0.0,27.35423362066115,0.0
2050-08-26 03:00:00,0.0,0.0,0.0,0.0,0.0,23.472625000285916,39.07747660094452,0.0,0.0,27.35423362066115,0.0
2050-08-26 04:00:00,0.0,0.0,0.0,0.0,0.0,22.884750000201166,39.07747660094452,0.0,0.0,27.35423362066115,0.0
2050-08-26 05:00:00,0.0,0.0,0.0,0.0,0.0,22.896250000223517,39.07747660094452,0.0,0.0,27.35423362066115,0.0
2050-08-26 06:00:00,0.0,0.0,0.0,0.0,0.0,25.59637500019744,39.07747660094452,0.0,0.0,27.35423362066115,0.0
2050-08-26 07:00:00,0.0,0.0,0.0,0.0,0.0,31.19037500023842,39.07747660094452,0.0,0.0,27.35423362066115,0.0
2050-08-26 08:00:00,0.0,0.0,0.0,0.0,0.0,35.00537500018254,39.07747660094452,0.0,0.0,27.35423362066115,0.0
2050-08-26 09:00:00,0.0,0.0,0.0,0.0,0.0,36.8118750002468,39.07747660094452,0.0,0.0,27.35423362066115,0.0
2050-08-26 10:00:00,0.0,0.0,0.0,0.0,0.0,37.762625000206754,39.07747660094452,0.0,0.0,27.35423362066115,0.0
2050-08-26 11:00:00,0.0,0.0,0.0,0.0,0.0,39.54587500018533,34.73467706812398,0.0,0.0,24.31427394768679,0.0
2050-08-26 12:00:00,0.0,0.0,0.0,0.0,0.0,39.57125000027008,21.947097934374263,0.0,0.0,15.362968554061982,0.0
2050-08-26 13:00:00,0.0,0.0,0.0,0.0,0.0,38.366750000277534,39.07747660094452,0.0,0.0,27.35423362066115,0.0
2050-08-26 14:00:00,0.0,0.0,0.0,0.0,0.0,37.05375000019558,39.07747660094452,0.0,0.0,27.35423362066115,0.0
2050-08-26 15:00:00,0.0,0.0,0.0,0.0,0.0,37.50175000028685,39.07747660094452,0.0,0.0,27.35423362066115,0.0
2050-08-26 16:00:00,0.0,0.0,0.0,0.0,0.0,38.67212500027381,39.07747660094452,0.0,0.0,27.35423362066115,0.0
2050-08-26 17:00:00,0.0,0.0,0.0,0.0,0.0,35.666875000228174,39.07747660094452,0.0,0.0,27.35423362066115,0.0
2050-08-26 18:00:00,0.0,0.0,0.0,0.0,0.0,35.63075000024401,39.07747660094452,0.0,0.0,27.35423362066115,0.0
2050-08-26 19:00:00,0.0,0.0,0.0,0.0,0.0,38.118375000194646,39.07747660094452,0.0,0.0,27.35423362066115,0.0
2050-08-26 20:00:00,0.0,0.0,0.0,0.0,0.0,39.745500000193715,39.07747660094452,0.0,0.0,27.35423362066115,0.0
2050-08-26 21:00:00,0.0,0.0,0.0,0.0,0.0,39.1261250001844,39.07747660094452,0.0,0.0,27.35423362066115,0.0
2050-08-26 22:00:00,0.0,0.0,0.0,0.0,0.0,37.100875000236556,39.07747660094452,0.0,0.0,27.35423362066115,0.0
2050-08-26 23:00:00,0.0,0.0,0.0,0.0,0.0,33.758375000208616,39.07747660094452,0.0,0.0,27.35423362066115,0.0
2050-08-27 00:00:00,0.0,0.0,0.0,0.0,0.0,29.75262500019744,39.07747660094452,0.0,0.0,27.35423362066115,0.0
2050-08-27 01:00:00,0.0,0.0,0.0,0.0,0.0,26.43875000020489,39.07747660094452,0.0,0.0,27.35423362066115,0.0
2050-08-27 02:00:00,0.0,0.0,0.0,0.0,0.0,24.15900000021793,39.07747660094452,0.0,0.0,27.35423362066115,0.0
2050-08-27 03:00:00,0.0,0.0,0.0,0.0,0.0,23.429625000222586,39.07747660094452,0.0,0.0,27.35423362066115,0.0
2050-08-27 04:00:00,0.0,0.0,0.0,0.0,0.0,22.913125000195578,39.07747660094452,0.0,0.0,27.35423362066115,0.0
2050-08-27 05:00:00,0.0,0.0,0.0,0.0,0.0,22.78150000027381,39.07747660094452,0.0,0.0,27.35423362066115,0.0
2050-08-27 06:00:00,0.0,0.0,0.0,0.0,0.0,25.36075000022538,39.07747660094452,0.0,0.0,27.35423362066115,0.0
2050-08-27 07:00:00,0.0,0.0,0.0,0.0,0.0,30.560250000213273,39.07747660094452,0.0,0.0,27.35423362066115,0.0
2050-08-27 08:00:00,0.0,0.0,0.0,0.0,0.0,33.74400000018068,39.07747660094452,0.0,0.0,27.35423362066115,0.0
2050-08-27 09:00:00,0.0,0.0,0.0,0.0,0.0,35.7208750002319,39.07747660094452,0.0,0.0,27.35423362066115,0.0
2050-08-27 10:00:00,0.0,0.0,0.0,0.0,0.0,37.78762500023004,39.07747660094452,0.0,0.0,27.35423362066115,0.0
2050-08-27 11:00:00,0.0,0.0,0.0,0.0,0.0,38.78662500018254,39.07747660094452,0.0,0.0,27.35423362066115,0.0
2050-08-27 12:00:00,0.0,0.0,0.0,0.0,0.0,39.97437500022352,39.07747660094452,0.0,0.0,27.35423362066115,0.0
2050-08-27 13:00:00,0.0,0.0,0.0,0.0,0.0,40.65875000017695,39.07747660094452,0.0,0.0,27.35423362066115,0.0
2050-08-27 14:00:00,0.0,0.0,0.0,0.0,0.0,39.11637500021607,39.07747660094452,0.0,0.0,27.35423362066115,0.0
2050-08-27 15:00:00,0.0,0.0,0.0,0.0,0.0,39.16962500021327,39.07747660094452,0.0,0.0,27.35423362066115,0.0
2050-08-27 16:00:00,0.0,0.0,0.0,0.0,0.0,37.904500000178814,39.07747660094452,0.0,0.0,27.35423362066115,0.0
2050-08-27 17:00:00,0.0,0.0,0.0,0.0,0.0,36.34412500017788,39.07747660094452,0.0,0.0,27.35423362066115,0.0
2050-08-27 18:00:00,0.0,0.0,0.0,0.0,0.0,36.81100000021979,39.07747660094452,0.0,0.0,27.35423362066115,0.0
2050-08-27 19:00:00,0.0,0.0,0.0,0.0,0.0,39.278125000186265,39.07747660094452,0.0,0.0,27.35423362066115,0.0
2050-08-27 20:00:00,0.0,0.0,0.0,0.0,0.0,39.461500000208616,39.07747660094452,0.0,0.0,27.35423362066115,0.0
2050-08-27 21:00:00,0.0,0.0,0.0,0.0,0.0,38.57262500026263,39.07747660094452,0.0,0.0,27.35423362066115,0.0
2050-08-27 22:00:00,0.0,0.0,0.0,0.0,0.0,36.62912500021048,39.07747660094452,0.0,0.0,27.35423362066115,0.0
2050-08-27 23:00:00,0.0,0.0,0.0,0.0,0.0,33.67225000017788,39.07747660094452,0.0,0.0,27.35423362066115,0.0
2050-08-28 00:00:00,0.0,0.0,0.0,0.0,0.0,28.949250000179745,39.07747660094452,0.0,0.0,27.35423362066115,0.0
2050-08-28 01:00:00,0.0,0.0,0.0,0.0,0.0,25.352500000270084,39.07747660094452,0.0,0.0,27.35423362066115,0.0
2050-08-28 02:00:00,0.0,0.0,0.0,0.0,0.0,23.134500000276603,39.07747660094452,0.0,0.0,27.35423362066115,0.0
2050-08-28 03:00:00,0.0,0.0,0.0,0.0,0.0,21.506500000250526,39.07747660094452,0.0,0.0,27.35423362066115,0.0
2050-08-28 04:00:00,0.0,0.0,0.0,0.0,0.0,21.724750000284985,39.07747660094452,0.0,0.0,27.35423362066115,0.0
2050-08-28 05:00:00,0.0,0.0,0.0,0.0,0.0,23.069625000236556,39.07747660094452,0.0,0.0,27.35423362066115,0.0
2050-08-28 06:00:00,0.0,0.0,0.0,0.0,0.0,25.661500000278465,39.07747660094452,0.0,0.0,27.35423362066115,0.0
2050-08-28 07:00:00,0.0,0.0,0.0,0.0,0.0,31.50012500025332,39.07747660094452,0.0,0.0,27.35423362066115,0.0
2050-08-28 08:00:00,0.0,0.0,0.0,0.0,0.0,34.946750000235625,39.07747660094452,0.0,0.0,27.35423362066115,0.0
2050-08-28 09:00:00,0.0,0.0,0.0,0.0,0.0,37.16862500028219,39.07747660094452,0.0,0.0,27.35423362066115,0.0
2050-08-28 10:00:00,0.0,0.0,0.0,0.0,0.0,39.184375000186265,39.07747660094452,0.0,0.0,27.35423362066115,0.0
2050-08-28 11:00:00,0.0,0.0,0.0,0.0,0.0,40.89050000021234,39.07747660094452,0.0,0.0,27.35423362066115,0.0
2050-08-28 12:00:00,0.0,0.0,0.0,0.0,0.0,41.42662500019651,39.07747660094452,0.0,0.0,27.35423362066115,0.0
2050-08-28 13:00:00,0.0,0.0,0.0,0.0,0.0,40.88862500025425,39.07747660094452,0.0,0.0,27.35423362066115,0.0
2050-08-28 14:00:00,0.0,0.0,0.0,0.0,0.0,39.73475000017788,39.07747660094452,0.0,0.0,27.35423362066115,0.0
2050-08-28 15:00:00,0.0,0.0,0.0,0.0,0.0,40.12912500021048,39.07747660094452,0.0,0.0,27.35423362066115,0.0
2050-08-28 16:00:00,0.0,0.0,0.0,0.0,0.0,38.39537500019651,39.07747660094452,0.0,0.0,27.35423362066115,0.0
2050-08-28 17:00:00,0.0,0.0,0.0,0.0,0.0,36.64325000019744,39.07747660094452,0.0,0.0,27.35423362066115,0.0
2050-08-28 18:00:00,0.0,0.0,0.0,0.0,0.0,36.3688750002766,39.07747660094452,0.0,0.0,27.35423362066115,0.0
2050-08-28 19:00:00,0.0,0.0,0.0,0.0,0.0,38.615250000264496,39.07747660094452,0.0,0.0,27.35423362066115,0.0
2050-08-28 20:00:00,0.0,0.0,0.0,0.0,0.0,40.00262500019744,39.07747660094452,0.0,0.0,27.35423362066115,0.0
2050-08-28 21:00:00,0.0,0.0,0.0,0.0,0.0,39.12762500019744,39.07747660094452,0.0,0.0,27.35423362066115,0.0
2050-08-28 22:00:00,0.0,0.0,0.0,0.0,0.0,36.64500000025146,39.07747660094452,0.0,0.0,27.35423362066115,0.0
2050-08-28 23:00:00,0.0,0.0,0.0,0.0,0.0,32.91100000019651,39.07747660094452,0.0,0.0,27.35423362066115,0.0
2050-08-29 00:00:00,0.0,0.0,0.0,0.0,0.0,28.61612500017509,39.07747660094452,0.0,0.0,27.35423362066115,0.0
2050-08-29 01:00:00,0.0,0.0,0.0,0.0,0.0,25.271375000244007,39.07747660094452,0.0,0.0,27.35423362066115,0.0
2050-08-29 02:00:00,0.0,0.0,0.0,0.0,0.0,23.296000000205822,39.07747660094452,0.0,0.0,27.35423362066115,0.0
2050-08-29 03:00:00,0.0,0.0,0.0,0.0,0.0,22.254500000271946,39.07747660094452,0.0,0.0,27.35423362066115,0.0
2050-08-29 04:00:00,0.0,0.0,0.0,0.0,0.0,21.71887500025332,39.07747660094452,0.0,0.0,27.35423362066115,0.0
2050-08-29 05:00:00,0.0,0.0,0.0,0.0,0.0,21.90812500019092,39.07747660094452,0.0,0.0,27.35423362066115,0.0
2050-08-29 06:00:00,0.0,0.0,0.0,0.0,0.0,24.95637500018347,39.07747660094452,0.0,0.0,27.35423362066115,0.0
2050-08-29 07:00:00,0.0,0.0,0.0,0.0,0.0,31.358500000205822,39.07747660094452,0.0,0.0,27.35423362066115,0.0
2050-08-29 08:00:00,0.0,0.0,0.0,0.0,0.0,34.30100000021048,39.07747660094452,0.0,0.0,27.35423362066115,0.0
2050-08-29 09:00:00,0.0,0.0,0.0,0.0,0.0,36.10987500019837,39.07747660094452,0.0,0.0,27.35423362066115,0.0
2050-08-29 10:00:00,0.0,0.0,0.0,0.0,0.0,37.43200000026263,39.07747660094452,0.0,0.0,27.35423362066115,0.0
2050-08-29 11:00:00,0.0,0.0,0.0,0.0,0.0,38.634875000221655,39.07747660094452,0.0,0.0,27.35423362066115,0.0
2050-08-29 12:00:00,0.0,0.0,0.0,0.0,0.0,39.387500000186265,39.07747660094452,0.0,0.0,27.35423362066115,0.0
2050-08-29 13:00:00,0.0,0.0,0.0,0.0,0.0,39.49575000023469,39.07747660094452,0.0,0.0,27.35423362066115,0.0
2050-08-29 14:00:00,0.0,0.0,0.0,0.0,0.0,39.21462500025518,39.07747660094452,0.0,0.0,27.35423362066115,0.0
2050-08-29 15:00:00,0.0,0.0,0.0,0.0,0.0,39.60525000025518,39.07747660094452,0.0,0.0,27.35423362066115,0.0
2050-08-29 16:00:00,0.0,0.0,0.0,0.0,0.0,39.287750000250526,39.07747660094452,0.0,0.0,27.35423362066115,0.0
2050-08-29 17:00:00,0.0,0.0,0.0,0.0,0.0,38.098875000257976,39.07747660094452,0.0,0.0,27.35423362066115,0.0
2050-08-29 18:00:00,0.0,0.0,0.0,0.0,0.0,37.06600000022445,39.07747660094452,0.0,0.0,27.35423362066115,0.0
2050-08-29 19:00:00,0.0,0.0,0.0,0.0,0.0,38.913375000236556,39.07747660094452,0.0,0.0,27.35423362066115,0.0
2050-08-29 20:00:00,0.0,0.0,0.0,0.0,0.0,38.47762500029057,39.07747660094452,0.0,0.0,27.35423362066115,0.0
2050-08-29 21:00:00,0.0,0.0,0.0,0.0,0.0,36.87800000025891,38.18911978605526,0.0,0.0,26.73238385023869,0.0
2050-08-29 22:00:00,0.0,0.0,0.0,0.0,0.0,35.193375000264496,26.84747996405453,0.0,0.0,18.79323597483817,0.0
2050-08-29 23:00:00,0.0,0.0,0.0,0.0,0.0,33.4562500002794,18.25981470487867,0.0,0.0,12.78187029341507,0.0
2050-08-30 00:00:00,0.0,0.0,0.0,0.0,0.0,30.226625000243075,10.689024478220219,0.0,0.0,7.482317134754153,0.0
2050-08-30 01:00:00,0.0,0.0,0.0,0.0,0.0,27.23112500028219,6.586554772283343,0.0,0.0,4.61058834059834,0.0
2050-08-30 02:00:00,0.0,0.0,0.0,0.0,0.0,25.005875000264496,1.5383259653617642,0.0,0.0,1.076828175753235,0.0
2050-08-30 03:00:00,0.0,0.0,0.0,0.0,0.0,24.147625000216067,0.0,0.0,0.0,0.0,0.0
2050-08-30 04:00:00,0.0,0.0,0.0,0.0,0.0,23.528125000186265,0.0,0.0,0.0,0.0,0.0
2050-08-30 05:00:00,0.0,0.0,0.0,0.0,0.0,23.62237500026822,0.0,0.0,0.0,0.0,0.0
2050-08-30 06:00:00,0.0,0.0,0.0,0.0,0.0,25.507750000222586,0.0,0.0,0.0,0.0,0.0
2050-08-30 07:00:00,0.0,0.0,0.0,0.0,0.0,31.86100000026636,0.0,40.31891897932769,0.0,0.0,41.141754060538005
2050-08-30 08:00:00,0.0,0.0,0.0,0.0,0.0,35.11762500018813,0.0,43.73995049595425,0.0,0.0,44.63260254689209
2050-08-30 09:00:00,0.0,0.0,0.0,0.0,0.0,36.87487500021234,0.0,43.73995049595425,0.0,0.0,44.63260254689209
2050-08-30 10:00:00,0.0,0.0,0.0,0.0,0.0,38.01700000022538,0.0,43.73995049595425,0.0,0.0,44.63260254689209
2050-08-30 11:00:00,0.0,0.0,0.0,0.0,0.0,39.8376250002766,0.0,43.73995049595425,0.0,0.0,44.63260254689209
2050-08-30 12:00:00,0.0,0.0,0.0,0.0,0.0,40.19025000021793,0.0,43.73995049595425,0.0,0.0,44.63260254689209
2050-08-30 13:00:00,0.0,0.0,0.0,0.0,0.0,38.994125000201166,0.0,43.73995049595425,0.0,0.0,44.63260254689209
2050-08-30 14:00:00,0.0,0.0,0.0,0.0,0.0,37.48625000019092,0.0,43.73995049595425,0.0,0.0,44.63260254689209
2050-08-30 15:00:00,0.0,0.0,0.0,0.0,0.0,37.084125000284985,0.0,37.60400170813309,0.0,0.0,38.371430314421524
2050-08-30 16:00:00,0.0,0.0,0.0,0.0,0.0,35.39537500019651,0.3942030218416619,0.0,0.0,0.2759421152891633,0.0
2050-08-30 17:00:00,0.0,0.0,0.0,0.0,0.0,33.82450000022072,10.109077403372947,0.0,0.0,7.0763541823610625,0.0
2050-08-30 18:00:00,0.0,0.0,0.0,0.0,0.0,34.73075000022072,8.979916831052577,0.0,0.0,6.2859417817368035,0.0
2050-08-30 19:00:00,0.0,0.0,0.0,0.0,0.0,36.68800000019837,0.0,0.0,0.0,0.0,0.0
2050-08-30 20:00:00,0.0,0.0,0.0,0.0,0.0,38.223875000257976,0.0,0.0,0.0,0.0,0.0
2050-08-30 21:00:00,0.0,0.0,0.0,0.0,0.0,37.22900000028312,0.0,0.0,0.0,0.0,0.0
2050-08-30 22:00:00,0.0,0.0,0.0,0.0,0.0,35.865875000250526,0.0,0.0,0.0,0.0,0.0
2050-08-30 23:00:00,0.0,0.0,0.0,0.0,0.0,34.543875000206754,0.0,0.0,0.0,0.0,0.0
2050-08-31 00:00:00,0.0,0.0,0.0,0.0,0.0,33.089875000179745,0.0,0.0,0.0,0.0,0.0
2050-08-31 01:00:00,0.0,0.0,0.0,0.0,0.0,30.52175000018906,0.0,0.0,0.0,0.0,0.0
2050-08-31 02:00:00,0.0,0.0,0.0,0.0,0.0,28.237375000258908,9.044368500730876,0.0,0.0,6.331057950511613,0.0
2050-08-31 03:00:00,0.0,0.0,0.0,0.0,0.0,26.62250000028871,31.877251930973472,0.0,0.0,22.31407635168143,0.0
2050-08-31 04:00:00,0.0,0.0,0.0,0.0,0.0,25.883000000263564,36.15643341586714,0.0,0.0,25.309503391106997,0.0
2050-08-31 05:00:00,0.0,0.0,0.0,0.0,0.0,25.199625000241213,36.918306002970986,0.0,0.0,25.84281420207969,0.0
2050-08-31 06:00:00,0.0,0.0,0.0,0.0,0.0,25.32825000025332,39.07747660094452,0.0,0.0,27.35423362066115,0.0
2050-08-31 07:00:00,0.0,0.0,0.0,0.0,0.0,27.147250000271015,39.07747660094452,0.0,0.0,27.35423362066115,0.0
2050-08-31 08:00:00,0.0,0.0,0.0,0.0,0.0,29.582625000271946,39.07747660094452,0.0,0.0,27.35423362066115,0.0
2050-08-31 09:00:00,0.0,0.0,0.0,0.0,0.0,31.367625000188127,39.07747660094452,0.0,0.0,27.35423362066115,0.0
2050-08-31 10:00:00,0.0,0.0,0.0,0.0,0.0,33.85200000018813,39.07747660094452,0.0,0.0,27.35423362066115,0.0
2050-08-31 11:00:00,0.0,0.0,0.0,0.0,0.0,35.44500000018161,39.07747660094452,0.0,0.0,27.35423362066115,0.0
2050-08-31 12:00:00,0.0,0.0,0.0,0.0,0.0,37.12250000028871,39.07747660094452,0.0,0.0,27.35423362066115,0.0
2050-08-31 13:00:00,0.0,0.0,0.0,0.0,0.0,37.7310000002617,39.07747660094452,0.0,0.0,27.35423362066115,0.0
2050-08-31 14:00:00,0.0,0.0,0.0,0.0,0.0,37.17825000023004,39.07747660094452,0.0,0.0,27.35423362066115,0.0
2050-08-31 15:00:00,0.0,0.0,0.0,0.0,0.0,36.465750000206754,39.07747660094452,0.0,0.0,27.35423362066115,0.0
2050-08-31 16:00:00,0.0,0.0,0.0,0.0,0.0,35.20350000017788,39.07747660094452,0.0,0.0,27.35423362066115,0.0
2050-08-31 17:00:00,0.0,0.0,0.0,0.0,0.0,34.34600000025239,39.07747660094452,0.0,0.0,27.35423362066115,0.0
2050-08-31 18:00:00,0.0,0.0,0.0,0.0,0.0,34.86375000025146,39.07747660094452,0.0,0.0,27.35423362066115,0.0
2050-08-31 19:00:00,0.0,0.0,0.0,0.0,0.0,36.49400000018068,39.07747660094452,0.0,0.0,27.35423362066115,0.0
2050-08-31 20:00:00,0.0,0.0,0.0,0.0,0.0,36.804750000243075,39.07747660094452,0.0,0.0,27.35423362066115,0.0
2050-08-31 21:00:00,0.0,0.0,0.0,0.0,0.0,35.55225000018254,39.07747660094452,0.0,0.0,27.35423362066115,0.0
2050-08-31 22:00:00,0.0,0.0,0.0,0.0,0.0,34.01025000028312,39.07747660094452,0.0,0.0,27.35423362066115,0.0
2050-08-31 23:00:00,0.0,0.0,0.0,0.0,0.0,31.923000000184402,39.07747660094452,0.0,0.0,27.35423362066115,0.0
2050-09-01 00:00:00,0.0,0.0,0.0,0.0,0.0,30.15625,39.07747660094452,0.0,0.0,27.35423362066115,0.0
2050-09-01 01:00:00,0.0,0.0,0.0,0.0,0.0,27.644250000244938,39.07747660094452,0.0,0.0,27.35423362066115,0.0
2050-09-01 02:00:00,0.0,0.0,0.0,0.0,0.0,25.072250000201166,39.07747660094452,0.0,0.0,27.35423362066115,0.0
2050-09-01 03:00:00,0.0,0.0,0.0,0.0,0.0,23.24750000028871,39.07747660094452,0.0,0.0,27.35423362066115,0.0
2050-09-01 04:00:00,0.0,0.0,0.0,0.0,0.0,22.791000000201166,39.07747660094452,0.0,0.0,27.35423362066115,0.0
2050-09-01 05:00:00,0.0,0.0,0.0,0.0,0.0,21.94100000022445,39.07747660094452,0.0,0.0,27.35423362066115,0.0
2050-09-01 06:00:00,0.0,0.0,0.0,0.0,0.0,21.492500000284053,39.07747660094452,0.0,0.0,27.35423362066115,0.0
2050-09-01 07:00:00,0.0,0.0,0.0,0.0,0.0,21.94000000017695,39.07747660094452,0.0,0.0,27.35423362066115,0.0
2050-09-01 08:00:00,0.0,0.0,0.0,0.0,0.0,22.156000000191852,39.07747660094452,0.0,0.0,27.35423362066115,0.0
2050-09-01 09:00:00,0.0,0.0,0.0,0.0,0.0,23.487500000279397,39.07747660094452,0.0,0.0,27.35423362066115,0.0
2050-09-01 10:00:00,0.0,0.0,0.0,0.0,0.0,26.57950000022538,39.07747660094452,0.0,0.0,27.35423362066115,0.0
2050-09-01 11:00:00,0.0,0.0,0.0,0.0,0.0,29.08100000023842,39.07747660094452,0.0,0.0,27.35423362066115,0.0
2050-09-01 12:00:00,0.0,0.0,0.0,0.0,0.0,30.932750000269152,39.07747660094452,0.0,0.0,27.35423362066115,0.0
2050-09-01 13:00:00,0.0,0.0,0.0,0.0,0.0,32.446750000235625,39.07747660094452,0.0,0.0,27.35423362066115,0.0
2050-09-01 14:00:00,0.0,0.0,0.0,0.0,0.0,32.239500000257976,39.07747660094452,0.0,0.0,27.35423362066115,0.0
2050-09-01 15:00:00,0.0,0.0,0.0,0.0,0.0,31.17325000022538,39.07747660094452,0.0,0.0,27.35423362066115,0.0
2050-09-01 16:00:00,0.0,0.0,0.0,0.0,0.0,30.56525000021793,39.07747660094452,0.0,0.0,27.35423362066115,0.0
2050-09-01 17:00:00,0.0,0.0,0.0,0.0,0.0,30.218500000191852,39.07747660094452,0.0,0.0,27.35423362066115,0.0
2050-09-01 18:00:00,0.0,0.0,0.0,0.0,0.0,31.27175000018906,39.07747660094452,0.0,0.0,27.35423362066115,0.0
2050-09-01 19:00:00,0.0,0.0,0.0,0.0,0.0,34.364500000257976,39.07747660094452,0.0,0.0,27.35423362066115,0.0
2050-09-01 20:00:00,0.0,0.0,0.0,0.0,0.0,36.868750000256114,39.07747660094452,0.0,0.0,27.35423362066115,0.0
2050-09-01 21:00:00,0.0,0.0,0.0,0.0,0.0,36.590750000206754,39.07747660094452,0.0,0.0,27.35423362066115,0.0
2050-09-01 22:00:00,0.0,0.0,0.0,0.0,0.0,34.46000000019558,39.07747660094452,0.0,0.0,27.35423362066115,0.0
2050-09-01 23:00:00,0.0,0.0,0.0,0.0,0.0,31.261750000179745,39.07747660094452,0.0,0.0,27.35423362066115,0.0
2050-09-02 00:00:00,0.0,0.0,0.0,0.0,0.0,27.823250000248663,39.07747660094452,0.0,0.0,27.35423362066115,0.0
2050-09-02 01:00:00,0.0,0.0,0.0,0.0,0.0,25.253750000265427,39.07747660094452,0.0,0.0,27.35423362066115,0.0
2050-09-02 02:00:00,0.0,0.0,0.0,0.0,0.0,23.541250000242144,39.07747660094452,0.0,0.0,27.35423362066115,0.0
2050-09-02 03:00:00,0.0,0.0,0.0,0.0,0.0,22.58225000021048,39.07747660094452,0.0,0.0,27.35423362066115,0.0
2050-09-02 04:00:00,0.0,0.0,0.0,0.0,0.0,22.09450000023935,39.07747660094452,0.0,0.0,27.35423362066115,0.0
2050-09-02 05:00:00,0.0,0.0,0.0,0.0,0.0,21.824000000255182,39.07747660094452,0.0,0.0,27.35423362066115,0.0
2050-09-02 06:00:00,0.0,0.0,0.0,0.0,0.0,24.80100000021048,39.07747660094452,0.0,0.0,27.35423362066115,0.0
2050-09-02 07:00:00,0.0,0.0,0.0,0.0,0.0,29.798000000184402,39.07747660094452,0.0,0.0,27.35423362066115,0.0
2050-09-02 08:00:00,0.0,0.0,0.0,0.0,0.0,31.853250000276603,37.58486466767591,0.0,0.0,26.309405267373144,0.0
2050-09-02 09:00:00,0.0,0.0,0.0,0.0,0.0,34.72375000023749,31.367005757327384,0.0,0.0,21.956904030129166,0.0
2050-09-02 10:00:00,0.0,0.0,0.0,0.0,0.0,37.53950000018813,17.03582509458856,0.0,0.0,11.925077566211991,0.0
2050-09-02 11:00:00,0.0,0.0,0.0,0.0,0.0,38.85525000025518,14.57372190980449,0.0,0.0,10.201605336863143,0.0
2050-09-02 12:00:00,0.0,0.0,0.0,0.0,0.0,39.47050000028685,21.958877591229253,0.0,0.0,15.371214313860476,0.0
2050-09-02 13:00:00,0.0,0.0,0.0,0.0,0.0,39.308000000193715,38.452951810150594,0.0,0.0,26.917066267105415,0.0
2050-09-02 14:00:00,0.0,0.0,0.0,0.0,0.0,38.80900000024121,36.73409769612006,0.0,0.0,25.71386838728404,0.0
2050-09-02 15:00:00,0.0,0.0,0.0,0.0,0.0,38.927750000264496,39.07747660094452,0.0,0.0,27.35423362066115,0.0
2050-09-02 16:00:00,0.0,0.0,0.0,0.0,0.0,37.71000000019558,39.07747660094452,0.0,0.0,27.35423362066115,0.0
2050-09-02 17:00:00,0.0,0.0,0.0,0.0,0.0,35.4607500002021,39.07747660094452,0.0,0.0,27.35423362066115,0.0
2050-09-02 18:00:00,0.0,0.0,0.0,0.0,0.0,35.56100000021979,39.07747660094452,0.0,0.0,27.35423362066115,0.0
2050-09-02 19:00:00,0.0,0.0,0.0,0.0,0.0,36.744750000187196,39.07747660094452,0.0,0.0,27.35423362066115,0.0
2050-09-02 20:00:00,0.0,0.0,0.0,0.0,0.0,38.88775000022724,39.07747660094452,0.0,0.0,27.35423362066115,0.0
2050-09-02 21:00:00,0.0,0.0,0.0,0.0,0.0,38.149000000208616,39.07747660094452,0.0,0.0,27.35423362066115,0.0
2050-09-02 22:00:00,0.0,0.0,0.0,0.0,0.0,36.227750000194646,39.07747660094452,0.0,0.0,27.35423362066115,0.0
2050-09-02 23:00:00,0.0,0.0,0.0,0.0,0.0,33.53125,39.07747660094452,0.0,0.0,27.35423362066115,0.0
2050-09-03 00:00:00,0.0,0.0,0.0,0.0,0.0,28.47100000025239,39.07747660094452,0.0,0.0,27.35423362066115,0.0
2050-09-03 01:00:00,0.0,0.0,0.0,0.0,0.0,25.461000000243075,39.07747660094452,0.0,0.0,27.35423362066115,0.0
2050-09-03 02:00:00,0.0,0.0,0.0,0.0,0.0,23.63800000026822,39.07747660094452,0.0,0.0,27.35423362066115,0.0
2050-09-03 03:00:00,0.0,0.0,0.0,0.0,0.0,22.50475000019651,39.07747660094452,0.0,0.0,27.35423362066115,0.0
2050-09-03 04:00:00,0.0,0.0,0.0,0.0,0.0,22.65975000022445,39.07747660094452,0.0,0.0,27.35423362066115,0.0
2050-09-03 05:00:00,0.0,0.0,0.0,0.0,0.0,22.698000000207685,39.07747660094452,0.0,0.0,27.35423362066115,0.0
2050-09-03 06:00:00,0.0,0.0,0.0,0.0,0.0,25.17325000022538,39.07747660094452,0.0,0.0,27.35423362066115,0.0
2050-09-03 07:00:00,0.0,0.0,0.0,0.0,0.0,30.331750000244938,39.07747660094452,0.0,0.0,27.35423362066115,0.0
2050-09-03 08:00:00,0.0,0.0,0.0,0.0,0.0,32.349000000278465,39.07747660094452,0.0,0.0,27.35423362066115,0.0
2050-09-03 09:00:00,0.0,0.0,0.0,0.0,0.0,34.97375000023749,39.07747660094452,0.0,0.0,27.35423362066115,0.0
2050-09-03 10:00:00,0.0,0.0,0.0,0.0,0.0,37.53700000024401,39.07747660094452,0.0,0.0,27.35423362066115,0.0
2050-09-03 11:00:00,0.0,0.0,0.0,0.0,0.0,38.118750000256114,39.07747660094452,0.0,0.0,27.35423362066115,0.0
2050-09-03 12:00:00,0.0,0.0,0.0,0.0,0.0,37.975250000250526,39.07747660094452,0.0,0.0,27.35423362066115,0.0
2050-09-03 13:00:00,0.0,0.0,0.0,0.0,0.0,37.6875,39.07747660094452,0.0,0.0,27.35423362066115,0.0
2050-09-03 14:00:00,0.0,0.0,0.0,0.0,0.0,37.00150000024587,38.691161140461304,0.0,0.0,27.083812798322924,0.0
2050-09-03 15:00:00,0.0,0.0,0.0,0.0,0.0,36.79775000025984,36.67521864188992,0.0,0.0,25.672653049322943,0.0
2050-09-03 16:00:00,0.0,0.0,0.0,0.0,0.0,36.36175000027288,16.700537623548925,0.0,0.0,11.690376336484247,0.0
2050-09-03 17:00:00,0.0,0.0,0.0,0.0,0.0,34.50325000018347,7.170624226311233,0.0,0.0,5.019436958417863,0.0
2050-09-03 18:00:00,0.0,0.0,0.0,0.0,0.0,34.635000000242144,3.5587876489133627,0.0,0.0,2.4911513542393537,0.0
2050-09-03 19:00:00,0.0,0.0,0.0,0.0,0.0,36.75,0.0,0.0,0.0,0.0,0.0
2050-09-03 20:00:00,0.0,0.0,0.0,0.0,0.0,39.03200000023935,0.0,0.0,0.0,0.0,0.0
2050-09-03 21:00:00,0.0,0.0,0.0,0.0,0.0,37.572500000242144,0.0,1.331149969616273,0.0,0.0,1.358316295526809
2050-09-03 22:00:00,0.0,0.0,0.0,0.0,0.0,35.495000000228174,0.0,33.35786837030558,0.0,0.0,34.03864119418937
2050-09-03 23:00:00,0.0,0.0,0.0,0.0,0.0,33.59100000024773,0.0,29.350350927571526,0.0,0.0,29.949337681195434
2050-09-04 00:00:00,0.0,0.0,0.0,0.0,0.0,30.184750000247732,0.0,16.06203607195278,0.0,0.0,16.389832726482428
2050-09-04 01:00:00,0.0,0.0,0.0,0.0,0.0,26.5122500002617,0.0,2.2232017126571497,0.0,0.0,2.268573176180765
2050-09-04 02:00:00,0.0,0.0,0.0,0.0,0.0,23.855750000220723,0.0,0.0,0.0,0.0,0.0
2050-09-04 03:00:00,0.0,0.0,0.0,0.0,0.0,22.66100000019651,0.0,0.0,0.0,0.0,0.0
2050-09-04 04:00:00,0.0,0.0,0.0,0.0,0.0,22.08000000019092,0.0,0.0,0.0,0.0,0.0
2050-09-04 05:00:00,0.0,0.0,0.0,0.0,0.0,23.1427500002319,0.0,0.0,0.0,0.0,0.0
2050-09-04 06:00:00,0.0,0.0,0.0,0.0,0.0,25.264750000205822,0.0,7.11625368194582,0.0,0.0,7.261483348924307
2050-09-04 07:00:00,0.0,0.0,0.0,0.0,0.0,30.62775000021793,0.0,18.10708788242565,0.0,0.0,18.47662028818944
2050-09-04 08:00:00,0.0,0.0,0.0,0.0,0.0,32.37675000028685,0.0,22.589857408471385,0.0,0.0,23.050874906603454
2050-09-04 09:00:00,0.0,0.0,0.0,0.0,0.0,34.675750000285916,0.0,25.210847388473514,0.0,0.0,25.7253544780342
2050-09-04 10:00:00,0.0,0.0,0.0,0.0,0.0,37.98425000021234,0.0,43.73995049595425,0.0,0.0,44.63260254689209
2050-09-04 11:00:00,0.0,0.0,0.0,0.0,0.0,39.42250000021886,0.0,43.73995049595425,0.0,0.0,44.63260254689209
2050-09-04 12:00:00,0.0,0.0,0.0,0.0,0.0,40.68550000025425,0.0,43.73995049595425,0.0,0.0,44.63260254689209
2050-09-04 13:00:00,0.0,0.0,0.0,0.0,0.0,39.90925000025891,0.0,32.17293730756352,0.0,0.0,32.82952786486074
2050-09-04 14:00:00,0.0,0.0,0.0,0.0,0.0,37.5490000002319,0.0,16.40963704526744,0.0,0.0,16.744527597211675
2050-09-04 15:00:00,0.0,0.0,0.0,0.0,0.0,36.963750000228174,0.0,7.013566250403089,0.0,0.0,7.156700255513358
2050-09-04 16:00:00,0.0,0.0,0.0,0.0,0.0,36.37175000028219,0.0,13.03826012891683,0.0,0.0,13.304347070323299
2050-09-04 17:00:00,0.0,0.0,0.0,0.0,0.0,34.929000000236556,0.0,9.451357789418601,0.0,0.0,9.64424264226388
2050-09-04 18:00:00,0.0,0.0,0.0,0.0,0.0,34.055250000208616,0.0,3.7677441867744217,0.0,0.0,3.8446369252800228
2050-09-04 19:00:00,0.0,0.0,0.0,0.0,0.0,36.47250000026543,0.0,9.813547555823723,0.0,0.0,10.01382403655482
2050-09-04 20:00:00,0.0,0.0,0.0,0.0,0.0,39.1125000002794,0.0,43.73995049595424,0.0,0.0,44.63260254689209
2050-09-04 21:00:00,0.0,0.0,0.0,0.0,0.0,37.647750000236556,0.0,43.73995049595425,0.0,0.0,44.63260254689209
2050-09-04 22:00:00,0.0,0.0,0.0,0.0,0.0,36.25625000020955,0.0,43.73995049595425,0.0,0.0,44.63260254689209
2050-09-04 23:00:00,0.0,0.0,0.0,0.0,0.0,33.61375000025146,0.0,43.73995049595425,0.0,0.0,44.63260254689209
2050-09-05 00:00:00,0.0,0.0,0.0,0.0,0.0,29.87425000022631,0.0,43.73995049595425,0.0,0.0,44.63260254689209
2050-09-05 01:00:00,0.0,0.0,0.0,0.0,0.0,26.632750000222586,0.0,43.73995049595425,0.0,0.0,44.63260254689209
2050-09-05 02:00:00,0.0,0.0,0.0,0.0,0.0,24.4525000002468,0.0,43.73995049595425,0.0,0.0,44.63260254689209
2050-09-05 03:00:00,0.0,0.0,0.0,0.0,0.0,22.87625000020489,0.0,43.73995049595425,0.0,0.0,44.63260254689209
2050-09-05 04:00:00,0.0,0.0,0.0,0.0,0.0,22.524500000290573,0.0,43.73995049595425,0.0,0.0,44.63260254689209
2050-09-05 05:00:00,0.0,0.0,0.0,0.0,0.0,23.013250000192784,0.0,43.73995049595425,0.0,0.0,44.63260254689209
2050-09-05 06:00:00,0.0,0.0,0.0,0.0,0.0,25.086500000208616,0.0,43.73995049595425,0.0,0.0,44.63260254689209
2050-09-05 07:00:00,0.0,0.0,0.0,0.0,0.0,32.388250000192784,0.0,43.73995049595425,0.0,0.0,44.63260254689209
2050-09-05 08:00:00,0.0,0.0,0.0,0.0,0.0,34.59325000026729,0.0,43.73995049595425,0.0,0.0,44.63260254689209
2050-09-05 09:00:00,0.0,0.0,0.0,0.0,0.0,35.496250000200234,0.0,43.73995049595425,0.0,0.0,44.63260254689209
2050-09-05 10:00:00,0.0,0.0,0.0,0.0,0.0,36.87425000022631,0.0,43.73995049595425,0.0,0.0,44.63260254689209
2050-09-05 11:00:00,0.0,0.0,0.0,0.0,0.0,39.115250000264496,0.0,43.73995049595425,0.0,0.0,44.63260254689209
2050-09-05 12:00:00,0.0,0.0,0.0,0.0,0.0,39.839250000193715,0.0,43.73995049595425,0.0,0.0,44.63260254689209
2050-09-05 13:00:00,0.0,0.0,0.0,0.0,0.0,38.89200000022538,0.0,43.73995049595425,0.0,0.0,44.63260254689209
2050-09-05 14:00:00,0.0,0.0,0.0,0.0,0.0,36.447250000201166,0.0,43.73995049595425,0.0,0.0,44.63260254689209
2050-09-05 15:00:00,0.0,0.0,0.0,0.0,0.0,36.97975000028964,0.0,43.73995049595425,0.0,0.0,44.63260254689209
2050-09-05 16:00:00,0.0,0.0,0.0,0.0,0.0,36.21525000024121,0.0,43.73995049595425,0.0,0.0,44.63260254689209
2050-09-05 17:00:00,0.0,0.0,0.0,0.0,0.0,34.353500000201166,0.0,43.73995049595425,0.0,0.0,44.63260254689209
2050-09-05 18:00:00,0.0,0.0,0.0,0.0,0.0,34.22700000018813,0.0,43.73995049595425,0.0,0.0,44.63260254689209
2050-09-05 19:00:00,0.0,0.0,0.0,0.0,0.0,36.113250000285916,0.0,43.73995049595425,0.0,0.0,44.63260254689209
2050-09-05 20:00:00,0.0,0.0,0.0,0.0,0.0,38.64625000022352,0.0,43.73995049595425,0.0,0.0,44.63260254689209
2050-09-05 21:00:00,0.0,0.0,0.0,0.0,0.0,37.39700000023004,0.0,43.73995049595425,0.0,0.0,44.63260254689209
2050-09-05 22:00:00,0.0,0.0,0.0,0.0,0.0,34.91725000028964,0.0,43.73995049595425,0.0,0.0,44.63260254689209
2050-09-05 23:00:00,0.0,0.0,0.0,0.0,0.0,32.34125000028871,0.0,43.73995049595425,0.0,0.0,44.63260254689209
2050-09-06 00:00:00,0.0,0.0,0.0,0.0,0.0,29.427983215544373,0.0,43.73995049595425,0.0,0.0,44.63260254689209
2050-09-06 01:00:00,0.0,0.0,0.0,0.0,0.0,27.170304382569157,0.0,43.73995049595425,0.0,0.0,44.63260254689209
2050-09-06 02:00:00,0.0,0.0,0.0,0.0,0.0,25.26388452167157,0.0,43.73995049595425,0.0,0.0,44.63260254689209
2050-09-06 03:00:00,0.0,0.0,0.0,0.0,0.0,24.491611084202304,0.0,43.73995049595425,0.0,0.0,44.63260254689209
2050-09-06 04:00:00,0.0,0.0,0.0,0.0,0.0,24.832239258103073,0.0,43.73995049595425,0.0,0.0,44.63260254689209
2050-09-06 05:00:00,0.0,0.0,0.0,0.0,0.0,25.058469726820476,0.0,43.73995049595425,0.0,0.0,44.63260254689209
2050-09-06 06:00:00,0.0,0.0,0.0,0.0,0.0,26.73917968769092,0.0,43.73995049595425,0.0,0.0,44.63260254689209
2050-09-06 07:00:00,0.0,0.0,0.0,0.0,0.0,31.68416113301646,0.0,43.73995049595425,0.0,0.0,44.63260254689209
2050-09-06 08:00:00,0.0,0.0,0.0,0.0,0.0,34.51267773460131,0.0,43.73995049595425,0.0,0.0,44.63260254689209
2050-09-06 09:00:00,0.0,0.0,0.0,0.0,0.0,36.79761816433165,0.0,43.73995049595425,0.0,0.0,44.63260254689209
2050-09-06 10:00:00,0.0,0.0,0.0,0.0,0.0,36.30072390394753,0.0,43.73995049595425,0.0,0.0,44.63260254689209
2050-09-06 11:00:00,0.0,0.0,0.0,0.0,0.0,29.995984587325893,0.0,43.73995049595425,0.0,0.0,44.63260254689209
2050-09-06 12:00:00,0.0,0.0,0.0,0.0,0.0,40.34105859394185,0.0,43.73995049595425,0.0,0.0,44.63260254689209
2050-09-06 13:00:00,0.0,0.0,0.0,0.0,0.0,39.88989648455754,0.0,43.73995049595425,0.0,0.0,44.63260254689209
2050-09-06 14:00:00,0.0,0.0,0.0,0.0,0.0,29.143784915170272,0.0,43.73995049595425,0.0,0.0,44.63260254689209
2050-09-06 15:00:00,0.0,0.0,0.0,0.0,0.0,38.35730859392788,0.0,43.73995049595425,0.0,0.0,44.63260254689209
2050-09-06 16:00:00,0.0,0.0,0.0,0.0,0.0,33.44463323990249,0.0,43.73995049595425,0.0,0.0,44.63260254689209
2050-09-06 17:00:00,0.0,0.0,0.0,0.0,0.0,32.87187344651693,0.0,43.73995049595425,0.0,0.0,44.63260254689209
2050-09-06 18:00:00,0.0,0.0,0.0,0.0,0.0,33.889026190632194,0.0,43.73995049595425,0.0,0.0,44.63260254689209
2050-09-06 19:00:00,0.0,0.0,0.0,0.0,0.0,31.016328533065916,0.0,43.73995049595425,0.0,0.0,44.63260254689209
2050-09-06 20:00:00,0.0,0.0,0.0,0.0,0.0,28.15326703771734,0.0,43.73995049595425,0.0,0.0,44.63260254689209
2050-09-06 21:00:00,0.0,0.0,0.0,0.0,0.0,36.484347656485625,0.0,43.73995049595425,0.0,0.0,44.63260254689209
2050-09-06 22:00:00,0.0,0.0,0.0,0.0,0.0,25.674907466532204,0.0,43.73995049595425,0.0,0.0,44.63260254689209
2050-09-06 23:00:00,0.0,0.0,0.0,0.0,0.0,32.619261718937196,0.0,43.73995049595425,0.0,0.0,44.63260254689209
2050-09-07 00:00:00,0.0,0.0,0.0,0.0,0.0,24.05697277277477,0.0,43.73995049595425,0.0,0.0,44.63260254689209
2050-09-07 01:00:00,0.0,0.0,0.0,0.0,0.0,24.05697277277477,0.0,43.73995049595425,0.0,0.0,44.63260254689209
2050-09-07 02:00:00,0.0,0.0,0.0,0.0,0.0,24.05697277277477,0.0,43.73995049595425,0.0,0.0,44.63260254689209
2050-09-07 03:00:00,0.0,0.0,0.0,0.0,0.0,22.939597656484693,0.0,43.73995049595425,0.0,0.0,44.63260254689209
2050-09-07 04:00:00,0.0,0.0,0.0,0.0,0.0,22.10164062527474,0.0,43.73995049595425,0.0,0.0,44.63260254689209
2050-09-07 05:00:00,0.0,0.0,0.0,0.0,0.0,23.17737109400332,0.0,43.73995049595425,0.0,0.0,44.63260254689209
2050-09-07 06:00:00,0.0,0.0,0.0,0.0,0.0,23.422250000177883,0.0,43.73995049595425,0.0,0.0,44.63260254689209
2050-09-07 07:00:00,0.0,0.0,0.0,0.0,0.0,23.937605469021946,0.0,43.73995049595425,0.0,0.0,44.63260254689209
2050-09-07 08:00:00,0.0,0.0,0.0,0.0,0.0,25.553910156479105,0.0,43.73995049595425,0.0,0.0,44.63260254689209
2050-09-07 09:00:00,0.0,0.0,0.0,0.0,0.0,30.624828125233762,0.0,43.73995049595425,0.0,0.0,44.63260254689209
2050-09-07 10:00:00,0.0,0.0,0.0,0.0,0.0,34.11114453151822,0.0,43.73995049595425,0.0,0.0,44.63260254689209
2050-09-07 11:00:00,0.0,0.0,0.0,0.0,0.0,36.41547656268813,0.0,43.73995049595425,0.0,0.0,44.63260254689209
2050-09-07 12:00:00,0.0,0.0,0.0,0.0,0.0,26.157424879159862,0.0,43.73995049595425,0.0,0.0,44.63260254689209
2050-09-07 13:00:00,0.0,0.0,0.0,0.0,0.0,37.37723437522072,0.0,43.73995049595425,0.0,0.0,44.63260254689209
2050-09-07 14:00:00,0.0,0.0,0.0,0.0,0.0,36.51742968778126,0.0,43.73995049595425,0.0,0.0,44.63260254689209
2050-09-07 15:00:00,0.0,0.0,0.0,0.0,0.0,36.96075781271793,0.0,43.71431121587458,0.0,0.0,44.606440016198555
2050-09-07 16:00:00,0.0,0.0,0.0,0.0,0.0,36.43746093777008,0.0,23.816751087277574,0.0,0.0,24.302807231915892
2050-09-07 17:00:00,0.0,0.0,0.0,0.0,0.0,34.82198437524494,2.719114496934729,0.0,0.0,1.9033801478543102,0.0
2050-09-07 18:00:00,0.0,0.0,0.0,0.0,0.0,34.75167187524494,5.106319808826612,0.0,0.0,3.5744238661786283,0.0
2050-09-07 19:00:00,0.0,0.0,0.0,0.0,0.0,36.22528857446741,10.208060950541665,0.0,0.0,7.145642665379165,0.0
2050-09-07 20:00:00,0.0,0.0,0.0,0.0,0.0,36.510246093967,0.0,0.0,0.0,0.0,0.0
2050-09-07 21:00:00,0.0,0.0,0.0,0.0,0.0,35.186177246272564,0.0,0.0,0.0,0.0,0.0
2050-09-07 22:00:00,0.0,0.0,0.0,0.0,0.0,33.62659277371131,0.0,0.0,0.0,0.0,0.0
2050-09-07 23:00:00,0.0,0.0,0.0,0.0,0.0,31.94522265647538,0.0,0.0,0.0,0.0,0.0
2050-09-08 00:00:00,0.0,0.0,0.0,0.0,0.0,29.31637695338577,6.217879852067163,0.0,0.0,4.352515896447014,0.0
2050-09-08 01:00:00,0.0,0.0,0.0,0.0,0.0,26.86553906276822,11.686631388696462,0.0,0.0,8.180641972087523,0.0
2050-09-08 02:00:00,0.0,0.0,0.0,0.0,0.0,24.424419922055677,15.318538775458698,0.0,0.0,10.722977142821088,0.0
2050-09-08 03:00:00,0.0,0.0,0.0,0.0,0.0,22.404841797077097,20.25515254562901,0.0,0.0,14.178606781940305,0.0
2050-09-08 04:00:00,0.0,0.0,0.0,0.0,0.0,21.369759765802883,19.202078870164804,0.0,0.0,13.441455209115363,0.0
2050-09-08 05:00:00,0.0,0.0,0.0,0.0,0.0,21.017246093950234,11.172481683671169,0.0,0.0,7.820737178569818,0.0
2050-09-08 06:00:00,0.0,0.0,0.0,0.0,0.0,21.8647890627617,0.0,0.0,0.0,0.0,0.0
2050-09-08 07:00:00,0.0,0.0,0.0,0.0,0.0,21.8353125002468,0.0,0.0,0.0,0.0,0.0
2050-09-08 08:00:00,0.0,0.0,0.0,0.0,0.0,21.37770703143906,0.0,0.0,0.0,0.0,0.0
2050-09-08 09:00:00,0.0,0.0,0.0,0.0,0.0,23.393335937755182,0.0,0.0,0.0,0.0,0.0
2050-09-08 10:00:00,0.0,0.0,0.0,0.0,0.0,26.580105468980037,0.0,0.0,0.0,0.0,0.0
2050-09-08 11:00:00,0.0,0.0,0.0,0.0,0.0,29.579789062729105,0.0,0.0,0.0,0.0,0.0
2050-09-08 12:00:00,0.0,0.0,0.0,0.0,0.0,31.120050781522878,7.149753985477805,0.0,0.0,5.004827789834463,0.0
2050-09-08 13:00:00,0.0,0.0,0.0,0.0,0.0,32.95573437528219,17.343263943271644,0.0,0.0,12.14028476029015,0.0
2050-09-08 14:00:00,0.0,0.0,0.0,0.0,0.0,32.596832031500526,19.739747803031108,0.0,0.0,13.817823462121773,0.0
2050-09-08 15:00:00,0.0,0.0,0.0,0.0,0.0,32.09098437521607,0.0,0.0,0.0,0.0,0.0
2050-09-08 16:00:00,0.0,0.0,0.0,0.0,0.0,31.468234375235625,20.7184518817039,0.0,0.0,14.502916317192728,0.0
2050-09-08 17:00:00,0.0,0.0,0.0,0.0,0.0,30.949019531486556,17.26379614511204,0.0,0.0,12.084657301578426,0.0
2050-09-08 18:00:00,0.0,0.0,0.0,0.0,0.0,31.27957031270489,2.6616603645339936,0.0,0.0,1.8631622551737954,0.0
2050-09-08 19:00:00,0.0,0.0,0.0,0.0,0.0,33.46048828144558,0.0,0.0,0.0,0.0,0.0
2050-09-08 20:00:00,0.0,0.0,0.0,0.0,0.0,36.763828125200234,0.0,0.0,0.0,0.0,0.0
2050-09-08 21:00:00,0.0,0.0,0.0,0.0,0.0,38.400773437693715,0.0,0.0,0.0,0.0,0.0
2050-09-08 22:00:00,0.0,0.0,0.0,0.0,0.0,36.720906250178814,0.0,0.0,0.0,0.0,0.0
2050-09-08 23:00:00,0.0,0.0,0.0,0.0,0.0,33.119070312706754,0.0,0.0,0.0,0.0,0.0
2050-09-09 00:00:00,0.0,0.0,0.0,0.0,0.0,28.788119995384477,0.0,0.0,0.0,0.0,0.0
2050-09-09 01:00:00,0.0,0.0,0.0,0.0,0.0,24.97558483912144,0.0,0.0,0.0,0.0,0.0
2050-09-09 02:00:00,0.0,0.0,0.0,0.0,0.0,22.96507592801936,0.0,0.0,0.0,0.0,0.0
2050-09-09 03:00:00,0.0,0.0,0.0,0.0,0.0,22.270354492473416,0.0,0.0,0.0,0.0,0.0
2050-09-09 04:00:00,0.0,0.0,0.0,0.0,0.0,21.442032715072855,0.0,0.42170673498662564,0.0,0.0,0.4303129948843119
2050-09-09 05:00:00,0.0,0.0,0.0,0.0,0.0,21.803273437777534,0.0,2.314451804604648,0.0,0.0,2.3616855149027023
2050-09-09 06:00:00,0.0,0.0,0.0,0.0,0.0,24.349733398645185,0.0,0.0,0.0,0.0,0.0
2050-09-09 07:00:00,0.0,0.0,0.0,0.0,0.0,30.143362304894254,0.0,6.279310308259708,0.0,0.0,6.407459498224192
2050-09-09 08:00:00,0.0,0.0,0.0,0.0,0.0,32.45640332053881,0.0,11.997623312615445,0.0,0.0,12.242472767974947
2050-09-09 09:00:00,0.0,0.0,0.0,0.0,0.0,35.821029297076166,0.0,29.82061845509273,0.0,0.0,30.429202505196663
2050-09-09 10:00:00,0.0,0.0,0.0,0.0,0.0,37.66310644557234,0.0,22.450879519681344,0.0,0.0,22.909060734368722
2050-09-09 11:00:00,0.0,0.0,0.0,0.0,0.0,39.162214844021946,0.0,19.78284559779347,0.0,0.0,20.186577140605586
2050-09-09 12:00:00,0.0,0.0,0.0,0.0,0.0,39.53254882839974,0.0,20.08712975786414,0.0,0.0,20.49707118149402
2050-09-09 13:00:00,0.0,0.0,0.0,0.0,0.0,39.72823632834479,0.0,21.171942504753893,0.0,0.0,21.604022964034588
2050-09-09 14:00:00,0.0,0.0,0.0,0.0,0.0,38.128279297146946,0.0,23.17345712262604,0.0,0.0,23.64638481900617
2050-09-09 15:00:00,0.0,0.0,0.0,0.0,0.0,36.95224414090626,0.0,19.300258181743636,0.0,0.0,19.694141001779222
2050-09-09 16:00:00,0.0,0.0,0.0,0.0,0.0,36.22254882834386,0.0,26.451956212101276,0.0,0.0,26.99179205316457
2050-09-09 17:00:00,0.0,0.0,0.0,0.0,0.0,34.72694921900984,0.0,30.830835559949524,0.0,0.0,31.460036285662785
2050-09-09 18:00:00,0.0,0.0,0.0,0.0,0.0,35.56806250021327,0.0,23.45587171786668,0.0,0.0,23.934562977414977
2050-09-09 19:00:00,0.0,0.0,0.0,0.0,0.0,36.73870312527288,0.0,29.6037692286676,0.0,0.0,30.20792778435469
2050-09-09 20:00:00,0.0,0.0,0.0,0.0,0.0,39.488347656442784,0.0,30.297971600827463,0.0,0.0,30.91629755186476
2050-09-09 21:00:00,0.0,0.0,0.0,0.0,0.0,38.38255468767602,0.0,31.737719454329635,0.0,0.0,32.38542801462208
2050-09-09 22:00:00,0.0,0.0,0.0,0.0,0.0,35.894015625235625,0.0,43.73995049595425,0.0,0.0,44.63260254689209
2050-09-09 23:00:00,0.0,0.0,0.0,0.0,0.0,32.878085937700234,0.0,42.95499865337437,0.0,0.0,43.83163127895344
2050-09-10 00:00:00,0.0,0.0,0.0,0.0,0.0,28.550242187688127,0.0,30.00406129110019,0.0,0.0,30.616389072551218
2050-09-10 01:00:00,0.0,0.0,0.0,0.0,0.0,25.330468750209548,0.0,17.752861732260488,0.0,0.0,18.115165032918867
2050-09-10 02:00:00,0.0,0.0,0.0,0.0,0.0,23.51008593768347,0.0,16.189775781297037,0.0,0.0,16.520179368670448
2050-09-10 03:00:00,0.0,0.0,0.0,0.0,0.0,22.263828125200234,0.0,12.922169777291186,0.0,0.0,13.185887527848152
2050-09-10 04:00:00,0.0,0.0,0.0,0.0,0.0,22.4189453125,0.0,12.311206651046986,0.0,0.0,12.562455766374475
2050-09-10 05:00:00,0.0,0.0,0.0,0.0,0.0,24.041972656501457,0.0,19.263484545689995,0.0,0.0,19.656616883357138
2050-09-10 06:00:00,0.0,0.0,0.0,0.0,0.0,26.931486938730814,0.0,27.806637457898645,0.0,0.0,28.374119854998618
2050-09-10 07:00:00,0.0,0.0,0.0,0.0,0.0,32.57533679227345,0.0,41.49683333335015,0.0,0.0,42.34370748301037
2050-09-10 08:00:00,0.0,0.0,0.0,0.0,0.0,34.91280419949908,0.0,43.73995049595425,0.0,0.0,44.63260254689209
2050-09-10 09:00:00,0.0,0.0,0.0,0.0,0.0,37.422243164270185,0.0,43.73995049595425,0.0,0.0,44.63260254689209
2050-09-10 10:00:00,0.0,0.0,0.0,0.0,0.0,39.449827148695476,0.0,43.73995049595425,0.0,0.0,44.63260254689209
2050-09-10 11:00:00,0.0,0.0,0.0,0.0,0.0,40.66500683617778,0.0,43.73995049595425,0.0,0.0,44.63260254689209
2050-09-10 12:00:00,0.0,0.0,0.0,0.0,0.0,41.75714062526822,0.0,43.73995049595425,0.0,0.0,44.63260254689209
2050-09-10 13:00:00,0.0,0.0,0.0,0.0,0.0,41.1554687502794,0.0,41.100744828357975,0.0,0.0,41.93953553914079
2050-09-10 14:00:00,0.0,0.0,0.0,0.0,0.0,40.07546875020489,0.0,21.389632837077578,0.0,0.0,21.82615595620161
2050-09-10 15:00:00,0.0,0.0,0.0,0.0,0.0,40.49158398457803,18.472174302715743,0.0,0.0,12.930522011901019,0.0
2050-09-10 16:00:00,0.0,0.0,0.0,0.0,0.0,38.88927148457151,39.07747660094452,0.0,0.0,27.35423362066115,0.0
2050-09-10 17:00:00,0.0,0.0,0.0,0.0,0.0,36.56907226587646,39.07747660094452,0.0,0.0,27.35423362066115,0.0
2050-09-10 18:00:00,0.0,0.0,0.0,0.0,0.0,35.51963281270582,39.07747660094452,0.0,0.0,27.35423362066115,0.0
2050-09-10 19:00:00,0.0,0.0,0.0,0.0,0.0,36.62603710964322,39.07747660094452,0.0,0.0,27.35423362066115,0.0
2050-09-10 20:00:00,0.0,0.0,0.0,0.0,0.0,38.916412109625526,39.07747660094452,0.0,0.0,27.35423362066115,0.0
2050-09-10 21:00:00,0.0,0.0,0.0,0.0,0.0,37.88169140648097,39.07747660094452,0.0,0.0,27.35423362066115,0.0
2050-09-10 22:00:00,0.0,0.0,0.0,0.0,0.0,35.46702734392602,39.07747660094452,0.0,0.0,27.35423362066115,0.0
2050-09-10 23:00:00,0.0,0.0,0.0,0.0,0.0,32.986605469021015,39.07747660094452,0.0,0.0,27.35423362066115,0.0
2050-09-11 00:00:00,0.0,0.0,0.0,0.0,0.0,29.558953125262633,39.07747660094452,0.0,0.0,27.35423362066115,0.0
2050-09-11 01:00:00,0.0,0.0,0.0,0.0,0.0,25.9205820314819,39.07747660094452,0.0,0.0,27.35423362066115,0.0
2050-09-11 02:00:00,0.0,0.0,0.0,0.0,0.0,23.587371094035916,39.07747660094452,0.0,0.0,27.35423362066115,0.0
2050-09-11 03:00:00,0.0,0.0,0.0,0.0,0.0,22.368761718971655,39.07747660094452,0.0,0.0,27.35423362066115,0.0
2050-09-11 04:00:00,0.0,0.0,0.0,0.0,0.0,22.093300781445578,39.07747660094452,0.0,0.0,27.35423362066115,0.0
2050-09-11 05:00:00,0.0,0.0,0.0,0.0,0.0,22.45621484401636,39.07747660094452,0.0,0.0,27.35423362066115,0.0
2050-09-11 06:00:00,0.0,0.0,0.0,0.0,0.0,26.304835937684402,39.07747660094452,0.0,0.0,27.35423362066115,0.0
2050-09-11 07:00:00,0.0,0.0,0.0,0.0,0.0,32.54994140646886,39.07747660094452,0.0,0.0,27.35423362066115,0.0
2050-09-11 08:00:00,0.0,0.0,0.0,0.0,0.0,34.72415625024587,39.07747660094452,0.0,0.0,27.35423362066115,0.0
2050-09-11 09:00:00,0.0,0.0,0.0,0.0,0.0,36.193511719000526,39.07747660094452,0.0,0.0,27.35423362066115,0.0
2050-09-11 10:00:00,0.0,0.0,0.0,0.0,0.0,37.95546484400984,39.07747660094452,0.0,0.0,27.35423362066115,0.0
2050-09-11 11:00:00,0.0,0.0,0.0,0.0,0.0,38.970144531456754,39.07747660094452,0.0,0.0,27.35423362066115,0.0
2050-09-11 12:00:00,0.0,0.0,0.0,0.0,0.0,39.29777343769092,39.07747660094452,0.0,0.0,27.35423362066115,0.0
2050-09-11 13:00:00,0.0,0.0,0.0,0.0,0.0,39.639312500250526,39.07747660094452,0.0,0.0,27.35423362066115,0.0
2050-09-11 14:00:00,0.0,0.0,0.0,0.0,0.0,38.18473437521607,39.07747660094452,0.0,0.0,27.35423362066115,0.0
2050-09-11 15:00:00,0.0,0.0,0.0,0.0,0.0,37.80771875020582,39.07747660094452,0.0,0.0,27.35423362066115,0.0
2050-09-11 16:00:00,0.0,0.0,0.0,0.0,0.0,35.807248169207014,39.07747660094452,0.0,0.0,27.35423362066115,0.0
2050-09-11 17:00:00,0.0,0.0,0.0,0.0,0.0,34.3793582766084,39.07747660094452,0.0,0.0,27.35423362066115,0.0
2050-09-11 18:00:00,0.0,0.0,0.0,0.0,0.0,34.17627001972869,39.07747660094452,0.0,0.0,27.35423362066115,0.0
2050-09-11 19:00:00,0.0,0.0,0.0,0.0,0.0,35.47325537132565,39.07747660094452,0.0,0.0,27.35423362066115,0.0
2050-09-11 20:00:00,0.0,0.0,0.0,0.0,0.0,38.23596875020303,39.07747660094452,0.0,0.0,27.35423362066115,0.0
2050-09-11 21:00:00,0.0,0.0,0.0,0.0,0.0,37.84215625026263,39.07747660094452,0.0,0.0,27.35423362066115,0.0
2050-09-11 22:00:00,0.0,0.0,0.0,0.0,0.0,35.916685058851726,39.07747660094452,0.0,0.0,27.35423362066115,0.0
2050-09-11 23:00:00,0.0,0.0,0.0,0.0,0.0,33.25020019558724,39.07747660094452,0.0,0.0,27.35423362066115,0.0
2050-09-12 00:00:00,0.0,0.0,0.0,0.0,0.0,29.122495605726726,39.07747660094452,0.0,0.0,27.35423362066115,0.0
2050-09-12 01:00:00,0.0,0.0,0.0,0.0,0.0,25.786693359608762,37.66554549308186,0.0,0.0,26.36588184515731,0.0
2050-09-12 02:00:00,0.0,0.0,0.0,0.0,0.0,23.42336132831406,24.358673843771356,0.0,0.0,17.051071690639947,0.0
2050-09-12 03:00:00,0.0,0.0,0.0,0.0,0.0,22.28735058614984,12.794307131273015,0.0,0.0,8.95601499189111,0.0
2050-09-12 04:00:00,0.0,0.0,0.0,0.0,0.0,21.715630859602243,1.4680674202556006,0.0,0.0,1.0276471941789203,0.0
2050-09-12 05:00:00,0.0,0.0,0.0,0.0,0.0,21.76453320332803,0.0,0.0,0.0,0.0,0.0
2050-09-12 06:00:00,0.0,0.0,0.0,0.0,0.0,24.41906445333734,0.0,0.0,0.0,0.0,0.0
2050-09-12 07:00:00,0.0,0.0,0.0,0.0,0.0,29.895410156459548,0.0,0.0,0.0,0.0,0.0
2050-09-12 08:00:00,0.0,0.0,0.0,0.0,0.0,32.28946875024121,0.0,0.0,0.0,0.0,0.0
2050-09-12 09:00:00,0.0,0.0,0.0,0.0,0.0,35.11395898461342,0.0,0.0,0.0,0.0,0.0
2050-09-12 10:00:00,0.0,0.0,0.0,0.0,0.0,36.77992773463484,0.0,8.443595596480172,0.0,0.0,8.615913873959359
2050-09-12 11:00:00,0.0,0.0,0.0,0.0,0.0,38.28974804712925,0.0,43.73995049595425,0.0,0.0,44.63260254689209
2050-09-12 12:00:00,0.0,0.0,0.0,0.0,0.0,38.57549414085224,0.0,43.73995049595425,0.0,0.0,44.63260254689209
2050-09-12 13:00:00,0.0,0.0,0.0,0.0,0.0,38.59276757831685,0.0,43.73995049595425,0.0,0.0,44.63260254689209
2050-09-12 14:00:00,0.0,0.0,0.0,0.0,0.0,37.74267578125,0.0,35.60794501344676,0.0,0.0,36.33463776882322
2050-09-12 15:00:00,0.0,0.0,0.0,0.0,0.0,37.80691015650518,0.0,23.990704849440526,0.0,0.0,24.48031107085768
2050-09-12 16:00:00,0.0,0.0,0.0,0.0,0.0,37.638810547068715,0.0,23.59157446527158,0.0,0.0,24.07303516864447
2050-09-12 17:00:00,0.0,0.0,0.0,0.0,0.0,36.04868750018068,0.0,25.143978950572357,0.0,0.0,25.657121378135063
2050-09-12 18:00:00,0.0,0.0,0.0,0.0,0.0,35.6768652346218,0.0,26.140477963353167,0.0,0.0,26.67395710546242
2050-09-12 19:00:00,0.0,0.0,0.0,0.0,0.0,36.957628906471655,0.0,27.175249618278063,0.0,0.0,27.729846549263332
2050-09-12 20:00:00,0.0,0.0,0.0,0.0,0.0,39.6763125002617,0.0,33.806089148163565,0.0,0.0,34.49600933486078
2050-09-12 21:00:00,0.0,0.0,0.0,0.0,0.0,38.47478515643161,0.0,32.24946645000458,0.0,0.0,32.9076188265353
2050-09-12 22:00:00,0.0,0.0,0.0,0.0,0.0,36.2058945314493,0.0,43.73995049595425,0.0,0.0,44.63260254689209
2050-09-12 23:00:00,0.0,0.0,0.0,0.0,0.0,34.775238281465136,0.0,39.06285661608717,0.0,0.0,39.86005777151752
2050-09-13 00:00:00,0.0,0.0,0.0,0.0,0.0,31.370972656528465,0.0,31.291033792905754,0.0,0.0,31.92962631929159
2050-09-13 01:00:00,0.0,0.0,0.0,0.0,0.0,28.311183593934402,0.0,22.378900853640882,0.0,0.0,22.835613115960083
2050-09-13 02:00:00,0.0,0.0,0.0,0.0,0.0,25.86381640646141,0.0,20.27427487210591,0.0,0.0,20.68803558378154
2050-09-13 03:00:00,0.0,0.0,0.0,0.0,0.0,24.39004687522538,0.0,20.42853912379218,0.0,0.0,20.845448085502227
2050-09-13 04:00:00,0.0,0.0,0.0,0.0,0.0,23.96713671903126,0.0,18.374734554304016,0.0,0.0,18.749729137044916
2050-09-13 05:00:00,0.0,0.0,0.0,0.0,0.0,23.90185937518254,0.0,14.299907885044359,0.0,0.0,14.591742739841182
2050-09-13 06:00:00,0.0,0.0,0.0,0.0,0.0,26.2389414064819,0.0,18.467639383486578,0.0,0.0,18.84452998314957
2050-09-13 07:00:00,0.0,0.0,0.0,0.0,0.0,31.909082031459548,0.0,32.556584272912744,0.0,0.0,33.22100436011505
2050-09-13 08:00:00,0.0,0.0,0.0,0.0,0.0,33.66041015647352,0.0,39.96677660325365,0.0,0.0,40.782425105360865
2050-09-13 09:00:00,0.0,0.0,0.0,0.0,0.0,37.262667968985625,0.0,43.73995049595425,0.0,0.0,44.63260254689209
2050-09-13 10:00:00,0.0,0.0,0.0,0.0,0.0,39.44149609399028,0.0,43.73995049595425,0.0,0.0,44.63260254689209
2050-09-13 11:00:00,0.0,0.0,0.0,0.0,0.0,40.446429687784985,0.0,43.73995049595425,0.0,0.0,44.63260254689209
2050-09-13 12:00:00,0.0,0.0,0.0,0.0,0.0,39.03950781270396,0.0,43.20713751604998,0.0,0.0,44.08891583270407
2050-09-13 13:00:00,0.0,0.0,0.0,0.0,0.0,39.408187500201166,0.0,37.80329767814637,0.0,0.0,38.57479354912895
2050-09-13 14:00:00,0.0,0.0,0.0,0.0,0.0,38.638109375257045,0.0,0.0,0.0,0.0,0.0
2050-09-13 15:00:00,0.0,0.0,0.0,0.0,0.0,38.08535156270955,0.0,0.0,0.0,0.0,0.0
2050-09-13 16:00:00,0.0,0.0,0.0,0.0,0.0,36.70472656271886,0.0,0.0,0.0,0.0,0.0
2050-09-13 17:00:00,0.0,0.0,0.0,0.0,0.0,34.98645312525332,0.0,0.0,0.0,0.0,0.0
2050-09-13 18:00:00,0.0,0.0,0.0,0.0,0.0,34.80274218774866,0.0,0.0,0.0,0.0,0.0
2050-09-13 19:00:00,0.0,0.0,0.0,0.0,0.0,35.566773437778465,0.0,0.0,0.0,0.0,0.0
2050-09-13 20:00:00,0.0,0.0,0.0,0.0,0.0,39.14750781271141,0.0,0.0,0.0,0.0,0.0
2050-09-13 21:00:00,0.0,0.0,0.0,0.0,0.0,37.59309375018347,0.0,0.0,0.0,0.0,0.0
2050-09-13 22:00:00,0.0,0.0,0.0,0.0,0.0,35.08917968778405,0.0,11.84209370728172,0.0,0.0,12.08376908906298
2050-09-13 23:00:00,0.0,0.0,0.0,0.0,0.0,32.886656250222586,0.0,4.595589926019646,0.0,0.0,4.689377475530252
2050-09-14 00:00:00,0.0,0.0,0.0,0.0,0.0,30.250593750271946,0.0,0.2790846239376001,0.0,0.0,0.2847802285077552
2050-09-14 01:00:00,0.0,0.0,0.0,0.0,0.0,27.39155468775425,0.0,0.0,0.0,0.0,0.0
2050-09-14 02:00:00,0.0,0.0,0.0,0.0,0.0,25.35439843777567,0.0,0.0,0.0,0.0,0.0
2050-09-14 03:00:00,0.0,0.0,0.0,0.0,0.0,24.309679687721655,0.0,0.0,0.0,0.0,0.0
2050-09-14 04:00:00,0.0,0.0,0.0,0.0,0.0,23.46448437520303,0.0,0.0,0.0,0.0,0.0
2050-09-14 05:00:00,0.0,0.0,0.0,0.0,0.0,23.152328125201166,0.0,0.0,0.0,0.0,0.0
2050-09-14 06:00:00,0.0,0.0,0.0,0.0,0.0,23.431125000235625,0.0,0.0,0.0,0.0,0.0
2050-09-14 07:00:00,0.0,0.0,0.0,0.0,0.0,24.446750000235625,0.0,0.0,0.0,0.0,0.0
2050-09-14 08:00:00,0.0,0.0,0.0,0.0,0.0,25.874226562678814,0.0,0.0,0.0,0.0,0.0
2050-09-14 09:00:00,0.0,0.0,0.0,0.0,0.0,29.90403906267602,0.0,0.0,0.0,0.0,0.0
2050-09-14 10:00:00,0.0,0.0,0.0,0.0,0.0,33.30935156275518,0.0,0.0,0.0,0.0,0.0
2050-09-14 11:00:00,0.0,0.0,0.0,0.0,0.0,35.712500000256114,0.0,0.0,0.0,0.0,0.0
2050-09-14 12:00:00,0.0,0.0,0.0,0.0,0.0,36.66165625024587,0.0,0.0,0.0,0.0,0.0
2050-09-14 13:00:00,0.0,0.0,0.0,0.0,0.0,37.205070312717,0.0,0.0,0.0,0.0,0.0
2050-09-14 14:00:00,0.0,0.0,0.0,0.0,0.0,36.16685937519651,0.0,0.0,0.0,0.0,0.0
2050-09-14 15:00:00,0.0,0.0,0.0,0.0,0.0,35.32186718774028,0.0,0.0,0.0,0.0,0.0
2050-09-14 16:00:00,0.0,0.0,0.0,0.0,0.0,33.5372578126844,0.0,0.0,0.0,0.0,0.0
2050-09-14 17:00:00,0.0,0.0,0.0,0.0,0.0,32.98844531271607,0.0,0.0,0.0,0.0,0.0
2050-09-14 18:00:00,0.0,0.0,0.0,0.0,0.0,32.892335937707685,0.0,26.02241353686532,0.0,0.0,26.55348320088298
2050-09-14 19:00:00,0.0,0.0,0.0,0.0,0.0,34.39328125026077,0.0,31.10302445606313,0.0,0.0,31.737780057207278
2050-09-14 20:00:00,0.0,0.0,0.0,0.0,0.0,36.41889062523842,0.0,34.44773359472202,0.0,0.0,35.150748566042886
2050-09-14 21:00:00,0.0,0.0,0.0,0.0,0.0,35.50261718768161,0.0,39.87344188461759,0.0,0.0,40.68718559654857
2050-09-14 22:00:00,0.0,0.0,0.0,0.0,0.0,33.87159375019837,0.0,40.58560742458779,0.0,0.0,41.4138851271304
2050-09-14 23:00:00,0.0,0.0,0.0,0.0,0.0,31.678515625186265,0.0,37.88402007965939,0.0,0.0,38.65716334659122
2050-09-15 00:00:00,0.0,0.0,0.0,0.0,0.0,29.170929687679745,0.0,35.003444580884704,0.0,0.0,35.71780059273949
2050-09-15 01:00:00,0.0,0.0,0.0,0.0,0.0,26.85533593769651,0.0,24.849146327817394,0.0,0.0,25.356271763078972
2050-09-15 02:00:00,0.0,0.0,0.0,0.0,0.0,24.384945312747732,0.0,6.46780658983621,0.0,0.0,6.59980264269001
2050-09-15 03:00:00,0.0,0.0,0.0,0.0,0.0,22.74458593770396,0.0,0.0,0.0,0.0,0.0
2050-09-15 04:00:00,0.0,0.0,0.0,0.0,0.0,21.739062500186265,0.0,0.0,0.0,0.0,0.0
2050-09-15 05:00:00,0.0,0.0,0.0,0.0,0.0,21.27582031278871,0.0,0.0,0.0,0.0,0.0
2050-09-15 06:00:00,0.0,0.0,0.0,0.0,0.0,21.10611718776636,0.0,0.0,0.0,0.0,0.0
2050-09-15 07:00:00,0.0,0.0,0.0,0.0,0.0,21.412867187755182,0.0,0.0,0.0,0.0,0.0
2050-09-15 08:00:00,0.0,0.0,0.0,0.0,0.0,20.88233593769837,0.0,0.0,0.0,0.0,0.0
2050-09-15 09:00:00,0.0,0.0,0.0,0.0,0.0,23.392726562684402,0.0,0.0,0.0,0.0,0.0
2050-09-15 10:00:00,0.0,0.0,0.0,0.0,0.0,26.350367187755182,0.0,0.0,0.0,0.0,0.0
2050-09-15 11:00:00,0.0,0.0,0.0,0.0,0.0,30.035359375178814,0.0,0.0,0.0,0.0,0.0
2050-09-15 12:00:00,0.0,0.0,0.0,0.0,0.0,31.7378359377617,0.0,0.0,0.0,0.0,0.0
2050-09-15 13:00:00,0.0,0.0,0.0,0.0,0.0,33.07289062521886,0.0,0.0,0.0,0.0,0.0
2050-09-15 14:00:00,0.0,0.0,0.0,0.0,0.0,32.92568750027567,0.0,0.0,0.0,0.0,0.0
2050-09-15 15:00:00,0.0,0.0,0.0,0.0,0.0,32.33868750021793,0.0,0.0,0.0,0.0,0.0
2050-09-15 16:00:00,0.0,0.0,0.0,0.0,0.0,31.15282031276729,0.0,0.0,0.0,0.0,0.0
2050-09-15 17:00:00,0.0,0.0,0.0,0.0,0.0,30.45300000021234,0.0,0.0,0.0,0.0,0.0
2050-09-15 18:00:00,0.0,0.0,0.0,0.0,0.0,30.400351562770084,0.0,0.0,0.0,0.0,0.0
2050-09-15 19:00:00,0.0,0.0,0.0,0.0,0.0,31.29544531274587,0.0,0.0,0.0,0.0,0.0
2050-09-15 20:00:00,0.0,0.0,0.0,0.0,0.0,35.142210937687196,0.0,0.0,0.0,0.0,0.0
2050-09-15 21:00:00,0.0,0.0,0.0,0.0,0.0,35.30764062528033,0.0,0.0,0.0,0.0,0.0
2050-09-15 22:00:00,0.0,0.0,0.0,0.0,0.0,33.50535156275146,0.0,0.0,0.0,0.0,0.0
2050-09-15 23:00:00,0.0,0.0,0.0,0.0,0.0,31.64608593774028,0.0,0.0,0.0,0.0,0.0
2050-09-16 00:00:00,0.0,0.0,0.0,0.0,0.0,28.453593750251457,0.0,0.0,0.0,0.0,0.0
2050-09-16 01:00:00,0.0,0.0,0.0,0.0,0.0,25.180679687764496,0.0,0.0,0.0,0.0,0.0
2050-09-16 02:00:00,0.0,0.0,0.0,0.0,0.0,22.746703125187196,0.0,0.0,0.0,0.0,0.0
2050-09-16 03:00:00,0.0,0.0,0.0,0.0,0.0,21.45187500026077,0.0,0.0,0.0,0.0,0.0
2050-09-16 04:00:00,0.0,0.0,0.0,0.0,0.0,20.857234375202097,0.0,0.0,0.0,0.0,0.0
2050-09-16 05:00:00,0.0,0.0,0.0,0.0,0.0,21.357250000233762,0.0,0.0,0.0,0.0,0.0
2050-09-16 06:00:00,0.0,0.0,0.0,0.0,0.0,22.51117187528871,0.0,0.0,0.0,0.0,0.0
2050-09-16 07:00:00,0.0,0.0,0.0,0.0,0.0,25.558375000255182,0.0,0.0,0.0,0.0,0.0
2050-09-16 08:00:00,0.0,0.0,0.0,0.0,0.0,28.166296875220723,0.0,0.0,0.0,0.0,0.0
2050-09-16 09:00:00,0.0,0.0,0.0,0.0,0.0,32.557203125208616,0.0,0.0,0.0,0.0,0.0
2050-09-16 10:00:00,0.0,0.0,0.0,0.0,0.0,34.47234375018161,0.0,0.0,0.0,0.0,0.0
2050-09-16 11:00:00,0.0,0.0,0.0,0.0,0.0,36.46048437524587,19.443941572363386,0.0,0.0,13.610759100654368,0.0
2050-09-16 12:00:00,0.0,0.0,0.0,0.0,0.0,36.94739062525332,34.32973340544393,0.0,0.0,24.030813383810752,0.0
2050-09-16 13:00:00,0.0,0.0,0.0,0.0,0.0,37.78817187529057,25.487621730066444,0.0,0.0,17.84133521104651,0.0
2050-09-16 14:00:00,0.0,0.0,0.0,0.0,0.0,37.571281250217,17.774420121004127,0.0,0.0,12.442094084702887,0.0
2050-09-16 15:00:00,0.0,0.0,0.0,0.0,0.0,37.83606250025332,25.441220657457354,0.0,0.0,17.808854460220147,0.0
2050-09-16 16:00:00,0.0,0.0,0.0,0.0,0.0,36.91060937521979,39.07747660094452,0.0,0.0,27.354233620661162,0.0
2050-09-16 17:00:00,0.0,0.0,0.0,0.0,0.0,34.99737500026822,24.646488230663635,0.0,0.0,17.252541761464542,0.0
2050-09-16 18:00:00,0.0,0.0,0.0,0.0,0.0,34.05065625021234,39.07747660094452,0.0,0.0,27.35423362066115,0.0
2050-09-16 19:00:00,0.0,0.0,0.0,0.0,0.0,34.33698437525891,39.07747660094452,0.0,0.0,27.35423362066115,0.0
2050-09-16 20:00:00,0.0,0.0,0.0,0.0,0.0,37.573453125194646,39.07747660094452,0.0,0.0,27.35423362066115,0.0
2050-09-16 21:00:00,0.0,0.0,0.0,0.0,0.0,37.06814062525518,39.07747660094452,0.0,0.0,27.35423362066115,0.0
2050-09-16 22:00:00,0.0,0.0,0.0,0.0,0.0,35.43790625024121,24.153184727095258,0.0,0.0,16.90722930896668,0.0
2050-09-16 23:00:00,0.0,0.0,0.0,0.0,0.0,33.00203125027474,0.0,2.9869152574359377,0.0,0.0,3.0478727116693243
2050-09-17 00:00:00,0.0,0.0,0.0,0.0,0.0,29.283687500283122,0.0,26.399553341741036,0.0,0.0,26.93831973647045
2050-09-17 01:00:00,0.0,0.0,0.0,0.0,0.0,26.616546875215136,0.0,36.053446187985195,0.0,0.0,36.789230804066534
2050-09-17 02:00:00,0.0,0.0,0.0,0.0,0.0,24.615296875243075,0.0,40.09615604962299,0.0,0.0,40.9144449485949
2050-09-17 03:00:00,0.0,0.0,0.0,0.0,0.0,22.58362500020303,0.0,40.264321786551484,0.0,0.0,41.08604263933825
2050-09-17 04:00:00,0.0,0.0,0.0,0.0,0.0,21.731562500237487,0.0,39.0813089786049,0.0,0.0,39.87888671286215
2050-09-17 05:00:00,0.0,0.0,0.0,0.0,0.0,21.598765625269152,0.0,36.262397605700464,0.0,0.0,37.00244653642905
2050-09-17 06:00:00,0.0,0.0,0.0,0.0,0.0,22.816593750263564,0.0,25.110552788158405,0.0,0.0,25.62301304914123
2050-09-17 07:00:00,0.0,0.0,0.0,0.0,0.0,26.037171875243075,0.0,0.0,0.0,0.0,0.0
2050-09-17 08:00:00,0.0,0.0,0.0,0.0,0.0,27.584765625186265,0.0,0.0,0.0,0.0,0.0
2050-09-17 09:00:00,0.0,0.0,0.0,0.0,0.0,31.686187500250526,0.0,0.0,0.0,0.0,0.0
2050-09-17 10:00:00,0.0,0.0,0.0,0.0,0.0,34.08251562528312,0.0,0.0,0.0,0.0,0.0
2050-09-17 11:00:00,0.0,0.0,0.0,0.0,0.0,35.54206250025891,0.0,0.0,0.0,0.0,0.0
2050-09-17 12:00:00,0.0,0.0,0.0,0.0,0.0,35.74945312528871,0.0,0.0,0.0,0.0,0.0
2050-09-17 13:00:00,0.0,0.0,0.0,0.0,0.0,35.04801562521607,0.0,0.0,0.0,0.0,0.0
2050-09-17 14:00:00,0.0,0.0,0.0,0.0,0.0,34.477906250278465,0.0,0.0,0.0,0.0,0.0
2050-09-17 15:00:00,0.0,0.0,0.0,0.0,0.0,34.18759375018999,0.0,0.0,0.0,0.0,0.0
2050-09-17 16:00:00,0.0,0.0,0.0,0.0,0.0,33.46710937528405,0.0,0.0,0.0,0.0,0.0
2050-09-17 17:00:00,0.0,0.0,0.0,0.0,0.0,32.287296875263564,0.0,0.0,0.0,0.0,0.0
2050-09-17 18:00:00,0.0,0.0,0.0,0.0,0.0,32.046890625264496,0.0,0.0,0.0,0.0,0.0
2050-09-17 19:00:00,0.0,0.0,0.0,0.0,0.0,32.53239062521607,0.0,0.0,0.0,0.0,0.0
2050-09-17 20:00:00,0.0,0.0,0.0,0.0,0.0,35.12890625,0.0,0.0,0.0,0.0,0.0
2050-09-17 21:00:00,0.0,0.0,0.0,0.0,0.0,34.768265625229105,0.0,0.0,0.0,0.0,0.0
2050-09-17 22:00:00,0.0,0.0,0.0,0.0,0.0,33.31735937518533,0.0,0.0,0.0,0.0,0.0
2050-09-17 23:00:00,0.0,0.0,0.0,0.0,0.0,31.93892187520396,0.0,0.0,0.0,0.0,0.0
2050-09-18 00:00:00,0.0,0.0,0.0,0.0,0.0,29.69851562520489,0.0,0.0,0.0,0.0,0.0
2050-09-18 01:00:00,0.0,0.0,0.0,0.0,0.0,26.714734375244007,0.0,0.0,0.0,0.0,0.0
2050-09-18 02:00:00,0.0,0.0,0.0,0.0,0.0,24.055062500177883,0.0,0.0,0.0,0.0,0.0
2050-09-18 03:00:00,0.0,0.0,0.0,0.0,0.0,22.555453125271015,0.0,0.0,0.0,0.0,0.0
2050-09-18 04:00:00,0.0,0.0,0.0,0.0,0.0,21.440093750250526,0.0,0.0,0.0,0.0,0.0
2050-09-18 05:00:00,0.0,0.0,0.0,0.0,0.0,21.026515625184402,0.0,0.0,0.0,0.0,0.0
2050-09-18 06:00:00,0.0,0.0,0.0,0.0,0.0,21.14415625028778,0.0,0.0,0.0,0.0,0.0
2050-09-18 07:00:00,0.0,0.0,0.0,0.0,0.0,21.447593750199303,0.0,0.0,0.0,0.0,0.0
2050-09-18 08:00:00,0.0,0.0,0.0,0.0,0.0,20.538421875215136,0.0,0.0,0.0,0.0,0.0
2050-09-18 09:00:00,0.0,0.0,0.0,0.0,0.0,22.625421875272878,0.0,0.0,0.0,0.0,0.0
2050-09-18 10:00:00,0.0,0.0,0.0,0.0,0.0,25.105000000214204,0.0,0.0,0.0,0.0,0.0
2050-09-18 11:00:00,0.0,0.0,0.0,0.0,0.0,27.152093750191852,0.0,0.0,0.0,0.0,0.0
2050-09-18 12:00:00,0.0,0.0,0.0,0.0,0.0,28.294671875191852,0.0,0.0,0.0,0.0,0.0
2050-09-18 13:00:00,0.0,0.0,0.0,0.0,0.0,28.52589062519837,0.0,0.0,0.0,0.0,0.0
2050-09-18 14:00:00,0.0,0.0,0.0,0.0,0.0,27.41809375025332,0.0,0.0,0.0,0.0,0.0
2050-09-18 15:00:00,0.0,0.0,0.0,0.0,0.0,26.420859375270084,0.0,0.0,0.0,0.0,0.0
2050-09-18 16:00:00,0.0,0.0,0.0,0.0,0.0,25.47615625022445,0.0,0.0,0.0,0.0,0.0
2050-09-18 17:00:00,0.0,0.0,0.0,0.0,0.0,24.54264062526636,0.0,0.0,0.0,0.0,0.0
2050-09-18 18:00:00,0.0,0.0,0.0,0.0,0.0,24.913296875194646,0.0,0.0,0.0,0.0,0.0
2050-09-18 19:00:00,0.0,0.0,0.0,0.0,0.0,25.838296875241213,0.0,0.0,0.0,0.0,0.0
2050-09-18 20:00:00,0.0,0.0,0.0,0.0,0.0,30.60889062518254,0.0,0.0,0.0,0.0,0.0
2050-09-18 21:00:00,0.0,0.0,0.0,0.0,0.0,31.58739062526729,0.0,0.0,0.0,0.0,0.0
2050-09-18 22:00:00,0.0,0.0,0.0,0.0,0.0,31.490062500233762,0.0,0.0,0.0,0.0,0.0
2050-09-18 23:00:00,0.0,0.0,0.0,0.0,0.0,30.25726562528871,0.0,0.0,0.0,0.0,0.0
2050-09-19 00:00:00,0.0,0.0,0.0,0.0,0.0,28.237765625235625,0.0,0.0,0.0,0.0,0.0
2050-09-19 01:00:00,0.0,0.0,0.0,0.0,0.0,25.62254687526729,0.0,0.0,0.0,0.0,0.0
2050-09-19 02:00:00,0.0,0.0,0.0,0.0,0.0,23.930093750241213,0.0,0.0,0.0,0.0,0.0
2050-09-19 03:00:00,0.0,0.0,0.0,0.0,0.0,22.667000000248663,0.0,0.0,0.0,0.0,0.0
2050-09-19 04:00:00,0.0,0.0,0.0,0.0,0.0,21.785000000265427,0.0,0.0,0.0,0.0,0.0
2050-09-19 05:00:00,0.0,0.0,0.0,0.0,0.0,21.368281250237487,0.0,0.0,0.0,0.0,0.0
2050-09-19 06:00:00,0.0,0.0,0.0,0.0,0.0,21.27564062527381,0.0,0.0,0.0,0.0,0.0
2050-09-19 07:00:00,0.0,0.0,0.0,0.0,0.0,21.066468750243075,0.0,0.0,0.0,0.0,0.0
2050-09-19 08:00:00,0.0,0.0,0.0,0.0,0.0,20.152796875219792,0.0,0.0,0.0,0.0,0.0
2050-09-19 09:00:00,0.0,0.0,0.0,0.0,0.0,22.05787500028964,0.0,0.0,0.0,0.0,0.0
2050-09-19 10:00:00,0.0,0.0,0.0,0.0,0.0,24.51006250025239,0.0,0.0,0.0,0.0,0.0
2050-09-19 11:00:00,0.0,0.0,0.0,0.0,0.0,26.57942187518347,0.0,0.0,0.0,0.0,0.0
2050-09-19 12:00:00,0.0,0.0,0.0,0.0,0.0,27.967906250269152,0.0,0.0,0.0,0.0,0.0
2050-09-19 13:00:00,0.0,0.0,0.0,0.0,0.0,29.05806250020396,0.0,0.0,0.0,0.0,0.0
2050-09-19 14:00:00,0.0,0.0,0.0,0.0,0.0,28.175718750222586,0.0,0.0,0.0,0.0,0.0
2050-09-19 15:00:00,0.0,0.0,0.0,0.0,0.0,26.784921875223517,0.0,0.0,0.0,0.0,0.0
2050-09-19 16:00:00,0.0,0.0,0.0,0.0,0.0,25.76634375017602,0.0,0.0,0.0,0.0,0.0
2050-09-19 17:00:00,0.0,0.0,0.0,0.0,0.0,25.067890625214204,0.0,0.0,0.0,0.0,0.0
2050-09-19 18:00:00,0.0,0.0,0.0,0.0,0.0,26.144875000230968,0.0,0.0,0.0,0.0,0.0
2050-09-19 19:00:00,0.0,0.0,0.0,0.0,0.0,27.372281250194646,0.0,0.0,0.0,0.0,0.0
2050-09-19 20:00:00,0.0,0.0,0.0,0.0,0.0,31.772562500205822,0.0,0.0,0.0,0.0,0.0
2050-09-19 21:00:00,0.0,0.0,0.0,0.0,0.0,32.80896875017788,0.0,0.0,0.0,0.0,0.0
2050-09-19 22:00:00,0.0,0.0,0.0,0.0,0.0,32.113343750243075,0.0,0.0,0.0,0.0,0.0
2050-09-19 23:00:00,0.0,0.0,0.0,0.0,0.0,30.745359375257976,0.0,0.0,0.0,0.0,0.0
2050-09-20 00:00:00,0.0,0.0,0.0,0.0,0.0,28.38173437525984,0.0,0.0,0.0,0.0,0.0
2050-09-20 01:00:00,0.0,0.0,0.0,0.0,0.0,25.550609375233762,0.0,0.0,0.0,0.0,0.0
2050-09-20 02:00:00,0.0,0.0,0.0,0.0,0.0,23.808968750177883,0.0,0.0,0.0,0.0,0.0
2050-09-20 03:00:00,0.0,0.0,0.0,0.0,0.0,22.354109375271946,0.0,0.0,0.0,0.0,0.0
2050-09-20 04:00:00,0.0,0.0,0.0,0.0,0.0,21.421593750244938,0.0,0.0,0.0,0.0,0.0
2050-09-20 05:00:00,0.0,0.0,0.0,0.0,0.0,21.510250000283122,0.0,0.0,0.0,0.0,0.0
2050-09-20 06:00:00,0.0,0.0,0.0,0.0,0.0,20.922343750251457,0.0,0.0,0.0,0.0,0.0
2050-09-20 07:00:00,0.0,0.0,0.0,0.0,0.0,21.51829687517602,0.0,0.0,0.0,0.0,0.0
2050-09-20 08:00:00,0.0,0.0,0.0,0.0,0.0,21.657734375214204,0.0,0.0,0.0,0.0,0.0
2050-09-20 09:00:00,0.0,0.0,0.0,0.0,0.0,23.9765625,0.0,0.0,0.0,0.0,0.0
2050-09-20 10:00:00,0.0,0.0,0.0,0.0,0.0,26.893046875251457,0.0,0.0,0.0,0.0,0.0
2050-09-20 11:00:00,0.0,0.0,0.0,0.0,0.0,29.20257812528871,0.0,0.0,0.0,0.0,0.0
2050-09-20 12:00:00,0.0,0.0,0.0,0.0,0.0,31.105890625272878,0.0,0.0,0.0,0.0,0.0
2050-09-20 13:00:00,0.0,0.0,0.0,0.0,0.0,32.232578125200234,0.0,0.0,0.0,0.0,0.0
2050-09-20 14:00:00,0.0,0.0,0.0,0.0,0.0,32.30768750025891,0.0,0.0,0.0,0.0,0.0
2050-09-20 15:00:00,0.0,0.0,0.0,0.0,0.0,31.539125000243075,0.0,0.0,0.0,0.0,0.0
2050-09-20 16:00:00,0.0,0.0,0.0,0.0,0.0,30.49485937517602,0.0,0.0,0.0,0.0,0.0
2050-09-20 17:00:00,0.0,0.0,0.0,0.0,0.0,29.940765625215136,0.0,0.0,0.0,0.0,0.0
2050-09-20 18:00:00,0.0,0.0,0.0,0.0,0.0,30.24950000026729,0.0,0.0,0.0,0.0,0.0
2050-09-20 19:00:00,0.0,0.0,0.0,0.0,0.0,30.50390625,0.0,0.0,0.0,0.0,0.0
2050-09-20 20:00:00,0.0,0.0,0.0,0.0,0.0,33.924515625229105,0.0,0.0,0.0,0.0,0.0
2050-09-20 21:00:00,0.0,0.0,0.0,0.0,0.0,34.09223437518813,0.0,0.0,0.0,0.0,0.0
2050-09-20 22:00:00,0.0,0.0,0.0,0.0,0.0,32.78267187520396,0.0,0.0,0.0,0.0,0.0
2050-09-20 23:00:00,0.0,0.0,0.0,0.0,0.0,31.04454687528778,0.0,0.0,0.0,0.0,0.0
2050-09-21 00:00:00,0.0,0.0,0.0,0.0,0.0,28.579968750244007,0.0,0.0,0.0,0.0,0.0
2050-09-21 01:00:00,0.0,0.0,0.0,0.0,0.0,25.995671875192784,0.0,0.0,0.0,0.0,0.0
2050-09-21 02:00:00,0.0,0.0,0.0,0.0,0.0,23.874312500236556,0.0,0.0,0.0,0.0,0.0
2050-09-21 03:00:00,0.0,0.0,0.0,0.0,0.0,22.22337500017602,0.0,0.0,0.0,0.0,0.0
2050-09-21 04:00:00,0.0,0.0,0.0,0.0,0.0,21.313859375193715,0.0,0.0,0.0,0.0,0.0
2050-09-21 05:00:00,0.0,0.0,0.0,0.0,0.0,20.73987500020303,0.0,0.0,0.0,0.0,0.0
2050-09-21 06:00:00,0.0,0.0,0.0,0.0,0.0,20.76264062523842,0.0,0.0,0.0,0.0,0.0
2050-09-21 07:00:00,0.0,0.0,0.0,0.0,0.0,21.259625000180677,0.0,0.0,0.0,0.0,0.0
2050-09-21 08:00:00,0.0,0.0,0.0,0.0,0.0,21.040625000256114,0.0,0.0,0.0,0.0,0.0
2050-09-21 09:00:00,0.0,0.0,0.0,0.0,0.0,23.820046875276603,0.0,0.0,0.0,0.0,0.0
2050-09-21 10:00:00,0.0,0.0,0.0,0.0,0.0,27.061515625216998,0.0,0.0,0.0,0.0,0.0
2050-09-21 11:00:00,0.0,0.0,0.0,0.0,0.0,29.798140625236556,0.0,0.0,0.0,0.0,0.0
2050-09-21 12:00:00,0.0,0.0,0.0,0.0,0.0,31.204656250192784,0.0,0.0,0.0,0.0,0.0
2050-09-21 13:00:00,0.0,0.0,0.0,0.0,0.0,33.08887500024866,0.0,0.0,0.0,0.0,0.0
2050-09-21 14:00:00,0.0,0.0,0.0,0.0,0.0,33.3046875,0.0,0.0,0.0,0.0,0.0
2050-09-21 15:00:00,0.0,0.0,0.0,0.0,0.0,32.86896875023376,0.0,0.0,0.0,0.0,0.0
2050-09-21 16:00:00,0.0,0.0,0.0,0.0,0.0,32.32567187526729,0.0,0.0,0.0,0.0,0.0
2050-09-21 17:00:00,0.0,0.0,0.0,0.0,0.0,31.276750000193715,0.0,0.0,0.0,0.0,0.0
2050-09-21 18:00:00,0.0,0.0,0.0,0.0,0.0,31.15104687528219,0.0,0.0,0.0,0.0,0.0
2050-09-21 19:00:00,0.0,0.0,0.0,0.0,0.0,32.16126562526915,0.0,0.0,0.0,0.0,0.0
2050-09-21 20:00:00,0.0,0.0,0.0,0.0,0.0,34.3050156251993,0.0,0.0,0.0,0.0,0.0
2050-09-21 21:00:00,0.0,0.0,0.0,0.0,0.0,34.09104687522631,0.0,0.0,0.0,0.0,0.0
2050-09-21 22:00:00,0.0,0.0,0.0,0.0,0.0,32.078812500229105,0.0,0.0,0.0,0.0,0.0
2050-09-21 23:00:00,0.0,0.0,0.0,0.0,0.0,30.26318750018254,0.0,0.0,0.0,0.0,0.0
2050-09-22 00:00:00,0.0,0.0,0.0,0.0,0.0,27.977921875193715,0.0,0.0,0.0,0.0,0.0
2050-09-22 01:00:00,0.0,0.0,0.0,0.0,0.0,25.789343750220723,0.0,0.0,0.0,0.0,0.0
2050-09-22 02:00:00,0.0,0.0,0.0,0.0,0.0,23.820171875180677,0.0,0.0,0.0,0.0,0.0
2050-09-22 03:00:00,0.0,0.0,0.0,0.0,0.0,22.79306250018999,0.0,0.0,0.0,0.0,0.0
2050-09-22 04:00:00,0.0,0.0,0.0,0.0,0.0,22.02426562528126,0.0,0.0,0.0,0.0,0.0
2050-09-22 05:00:00,0.0,0.0,0.0,0.0,0.0,21.692750000278465,0.0,0.0,0.0,0.0,0.0
2050-09-22 06:00:00,0.0,0.0,0.0,0.0,0.0,21.26842187519651,0.0,0.0,0.0,0.0,0.0
2050-09-22 07:00:00,0.0,0.0,0.0,0.0,0.0,21.128875000285916,0.0,0.0,0.0,0.0,0.0
2050-09-22 08:00:00,0.0,0.0,0.0,0.0,0.0,20.267406250233762,0.0,0.0,0.0,0.0,0.0
2050-09-22 09:00:00,0.0,0.0,0.0,0.0,0.0,22.649921875214204,0.0,0.0,0.0,0.0,0.0
2050-09-22 10:00:00,0.0,0.0,0.0,0.0,0.0,25.460875000222586,0.0,0.0,0.0,0.0,0.0
2050-09-22 11:00:00,0.0,0.0,0.0,0.0,0.0,28.088625000207685,0.0,0.0,0.0,0.0,0.0
2050-09-22 12:00:00,0.0,0.0,0.0,0.0,0.0,29.899406250216998,0.0,0.0,0.0,0.0,0.0
2050-09-22 13:00:00,0.0,0.0,0.0,0.0,0.0,30.792156250216067,0.0,0.0,0.0,0.0,0.0
2050-09-22 14:00:00,0.0,0.0,0.0,0.0,0.0,31.06843750027474,0.0,0.0,0.0,0.0,0.0
2050-09-22 15:00:00,0.0,0.0,0.0,0.0,0.0,30.610062500229105,0.0,0.0,0.0,0.0,0.0
2050-09-22 16:00:00,0.0,0.0,0.0,0.0,0.0,29.855500000179745,0.0,0.0,0.0,0.0,0.0
2050-09-22 17:00:00,0.0,0.0,0.0,0.0,0.0,29.433531250222586,0.0,0.0,0.0,0.0,0.0
2050-09-22 18:00:00,0.0,0.0,0.0,0.0,0.0,30.133593750186265,0.0,0.0,0.0,0.0,0.0
2050-09-22 19:00:00,0.0,0.0,0.0,0.0,0.0,32.14053125027567,0.0,0.0,0.0,0.0,0.0
2050-09-22 20:00:00,0.0,0.0,0.0,0.0,0.0,35.92512500018347,0.0,0.0,0.0,0.0,0.0
2050-09-22 21:00:00,0.0,0.0,0.0,0.0,0.0,35.88231250026729,0.0,0.0,0.0,0.0,0.0
2050-09-22 22:00:00,0.0,0.0,0.0,0.0,0.0,33.96431250020396,0.0,0.0,0.0,0.0,0.0
2050-09-22 23:00:00,0.0,0.0,0.0,0.0,0.0,31.09334375022445,0.0,0.0,0.0,0.0,0.0
2050-09-23 00:00:00,0.0,0.0,0.0,0.0,0.0,28.35496875026729,0.0,0.0,0.0,0.0,0.0
2050-09-23 01:00:00,0.0,0.0,0.0,0.0,0.0,24.09575000021141,0.0,0.0,0.0,0.0,0.0
2050-09-23 02:00:00,0.0,0.0,0.0,0.0,0.0,21.775593750178814,0.0,0.0,0.0,0.0,0.0
2050-09-23 03:00:00,0.0,0.0,0.0,0.0,0.0,20.615593750262633,0.0,0.0,0.0,0.0,0.0
2050-09-23 04:00:00,0.0,0.0,0.0,0.0,0.0,19.776750000193715,0.0,0.0,0.0,0.0,0.0
2050-09-23 05:00:00,0.0,0.0,0.0,0.0,0.0,19.98762500018347,0.0,0.0,0.0,0.0,0.0
2050-09-23 06:00:00,0.0,0.0,0.0,0.0,0.0,22.60693750018254,32.60689815847316,0.0,0.0,22.824828710931207,0.0
2050-09-23 07:00:00,0.0,0.0,0.0,0.0,0.0,27.60043750028126,24.45376139195468,0.0,0.0,17.117632974368274,0.0
2050-09-23 08:00:00,0.0,0.0,0.0,0.0,0.0,29.858031250187196,0.0,0.0,0.0,0.0,0.0
2050-09-23 09:00:00,0.0,0.0,0.0,0.0,0.0,33.44225000019651,29.197552190418378,0.0,0.0,20.438286533292864,0.0
2050-09-23 10:00:00,0.0,0.0,0.0,0.0,0.0,36.371687500271946,0.0,14.229684257387227,0.0,0.0,14.520085976925742
2050-09-23 11:00:00,0.0,0.0,0.0,0.0,0.0,38.554591919179074,0.0,43.73995049595425,0.0,0.0,44.63260254689209
2050-09-23 12:00:00,0.0,0.0,0.0,0.0,0.0,40.52089904807508,0.0,0.0,0.0,0.0,0.0
2050-09-23 13:00:00,0.0,0.0,0.0,0.0,0.0,40.7707463381812,0.0,0.0,0.0,0.0,0.0
2050-09-23 14:00:00,0.0,0.0,0.0,0.0,0.0,39.55024462915026,0.0,0.0,0.0,0.0,0.0
2050-09-23 15:00:00,0.0,0.0,0.0,0.0,0.0,39.92887255887035,0.0,0.0,0.0,0.0,0.0
2050-09-23 16:00:00,0.0,0.0,0.0,0.0,0.0,39.71946386736818,0.0,0.0,0.0,0.0,0.0
2050-09-23 17:00:00,0.0,0.0,0.0,0.0,0.0,38.04685742210131,0.0,0.0,0.0,0.0,0.0
2050-09-23 18:00:00,0.0,0.0,0.0,0.0,0.0,37.657185547053814,0.0,0.0,0.0,0.0,0.0
2050-09-23 19:00:00,0.0,0.0,0.0,0.0,0.0,37.63752343773376,0.0,0.0,0.0,0.0,0.0
2050-09-23 20:00:00,0.0,0.0,0.0,0.0,0.0,39.335314453346655,0.0,0.0,0.0,0.0,0.0
2050-09-23 21:00:00,0.0,0.0,0.0,0.0,0.0,37.82407617208082,0.0,0.0,0.0,0.0,0.0
2050-09-23 22:00:00,0.0,0.0,0.0,0.0,0.0,35.223373047076166,0.0,0.0,0.0,0.0,0.0
2050-09-23 23:00:00,0.0,0.0,0.0,0.0,0.0,32.07249804714229,0.0,0.0,0.0,0.0,0.0
2050-09-24 00:00:00,0.0,0.0,0.0,0.0,0.0,28.46969726588577,0.0,0.0,0.0,0.0,0.0
2050-09-24 01:00:00,0.0,0.0,0.0,0.0,0.0,25.826621094020084,0.0,0.0,0.0,0.0,0.0
2050-09-24 02:00:00,0.0,0.0,0.0,0.0,0.0,23.692886719014496,0.0,0.0,0.0,0.0,0.0
2050-09-24 03:00:00,0.0,0.0,0.0,0.0,0.0,22.276070312713273,0.0,0.0,0.0,0.0,0.0
2050-09-24 04:00:00,0.0,0.0,0.0,0.0,0.0,21.624976562685333,0.0,0.0,0.0,0.0,0.0
2050-09-24 05:00:00,0.0,0.0,0.0,0.0,0.0,22.620281250216067,0.0,0.0,0.0,0.0,0.0
2050-09-24 06:00:00,0.0,0.0,0.0,0.0,0.0,25.121738281450234,0.0,0.0,0.0,0.0,0.0
2050-09-24 07:00:00,0.0,0.0,0.0,0.0,0.0,30.85768750018906,0.0,0.0,0.0,0.0,0.0
2050-09-24 08:00:00,0.0,0.0,0.0,0.0,0.0,32.3865585939493,0.0,0.0,0.0,0.0,0.0
2050-09-24 09:00:00,0.0,0.0,0.0,0.0,0.0,35.80469921894837,0.0,0.0,0.0,0.0,0.0
2050-09-24 10:00:00,0.0,0.0,0.0,0.0,0.0,38.31884375028312,0.0,0.0,0.0,0.0,0.0
2050-09-24 11:00:00,0.0,0.0,0.0,0.0,0.0,39.95184375019744,0.0,0.0,0.0,0.0,0.0
2050-09-24 12:00:00,0.0,0.0,0.0,0.0,0.0,40.34251171897631,0.0,0.0,0.0,0.0,0.0
2050-09-24 13:00:00,0.0,0.0,0.0,0.0,0.0,40.78542187518906,0.0,0.0,0.0,0.0,0.0
2050-09-24 14:00:00,0.0,0.0,0.0,0.0,0.0,39.76986328151543,0.0,0.0,0.0,0.0,0.0
2050-09-24 15:00:00,0.0,0.0,0.0,0.0,0.0,40.03472265647724,0.0,0.0,0.0,0.0,0.0
2050-09-24 16:00:00,0.0,0.0,0.0,0.0,0.0,37.92527343775146,0.0,0.0,0.0,0.0,0.0
2050-09-24 17:00:00,0.0,0.0,0.0,0.0,0.0,36.302492187707685,0.0,0.0,0.0,0.0,0.0
2050-09-24 18:00:00,0.0,0.0,0.0,0.0,0.0,35.98807812528685,0.0,0.0,0.0,0.0,0.0
2050-09-24 19:00:00,0.0,0.0,0.0,0.0,0.0,36.77303125022445,0.0,0.0,0.0,0.0,0.0
2050-09-24 20:00:00,0.0,0.0,0.0,0.0,0.0,40.34766406274866,0.0,0.0,0.0,0.0,0.0
2050-09-24 21:00:00,0.0,0.0,0.0,0.0,0.0,40.161320312763564,0.0,0.0,0.0,0.0,0.0
2050-09-24 22:00:00,0.0,0.0,0.0,0.0,0.0,38.16067187523004,0.0,0.0,0.0,0.0,0.0
2050-09-24 23:00:00,0.0,0.0,0.0,0.0,0.0,35.53453906276263,0.0,0.0,0.0,0.0,0.0
2050-09-25 00:00:00,0.0,0.0,0.0,0.0,0.0,31.239250000216998,0.0,0.0,0.0,0.0,0.0
2050-09-25 01:00:00,0.0,0.0,0.0,0.0,0.0,27.05403125018347,0.0,0.0,0.0,0.0,0.0
2050-09-25 02:00:00,0.0,0.0,0.0,0.0,0.0,24.119835937744938,0.0,0.0,0.0,0.0,0.0
2050-09-25 03:00:00,0.0,0.0,0.0,0.0,0.0,22.662148437695578,0.0,0.0,0.0,0.0,0.0
2050-09-25 04:00:00,0.0,0.0,0.0,0.0,0.0,22.03570312517695,0.0,0.0,0.0,0.0,0.0
2050-09-25 05:00:00,0.0,0.0,0.0,0.0,0.0,22.18149218778126,0.0,0.0,0.0,0.0,0.0
2050-09-25 06:00:00,0.0,0.0,0.0,0.0,0.0,25.82585156278219,0.0,0.0,0.0,0.0,0.0
2050-09-25 07:00:00,0.0,0.0,0.0,0.0,0.0,29.75616406276822,0.0,0.0,0.0,0.0,0.0
2050-09-25 08:00:00,0.0,0.0,0.0,0.0,0.0,32.07541406271048,0.0,0.0,0.0,0.0,0.0
2050-09-25 09:00:00,0.0,0.0,0.0,0.0,0.0,35.97992187528871,0.0,0.0,0.0,0.0,0.0
2050-09-25 10:00:00,0.0,0.0,0.0,0.0,0.0,38.1554218751844,0.0,0.0,0.0,0.0,0.0
2050-09-25 11:00:00,0.0,0.0,0.0,0.0,0.0,39.5871093752794,0.0,0.0,0.0,0.0,0.0
2050-09-25 12:00:00,0.0,0.0,0.0,0.0,0.0,40.518437500228174,0.0,0.0,0.0,0.0,0.0
2050-09-25 13:00:00,0.0,0.0,0.0,0.0,0.0,40.41268750024028,0.0,0.0,0.0,0.0,0.0
2050-09-25 14:00:00,0.0,0.0,0.0,0.0,0.0,39.47251562518068,0.0,0.0,0.0,0.0,0.0
2050-09-25 15:00:00,0.0,0.0,0.0,0.0,0.0,38.32057031278964,0.0,0.0,0.0,0.0,0.0
2050-09-25 16:00:00,0.0,0.0,0.0,0.0,0.0,38.740421875263564,0.0,0.0,0.0,0.0,0.0
2050-09-25 17:00:00,0.0,0.0,0.0,0.0,0.0,38.2878203127766,0.0,0.0,0.0,0.0,0.0
2050-09-25 18:00:00,0.0,0.0,0.0,0.0,0.0,38.53603125025984,0.0,0.0,0.0,0.0,0.0
2050-09-25 19:00:00,0.0,0.0,0.0,0.0,0.0,38.356585937784985,0.0,0.0,0.0,0.0,0.0
2050-09-25 20:00:00,0.0,0.0,0.0,0.0,0.0,39.60630468768068,0.0,0.0,0.0,0.0,0.0
2050-09-25 21:00:00,0.0,0.0,0.0,0.0,0.0,39.15025000018068,0.0,0.0,0.0,0.0,0.0
2050-09-25 22:00:00,0.0,0.0,0.0,0.0,0.0,36.71142187528312,0.0,0.0,0.0,0.0,0.0
2050-09-25 23:00:00,0.0,0.0,0.0,0.0,0.0,33.28757812525146,0.0,0.0,0.0,0.0,0.0
2050-09-26 00:00:00,0.0,0.0,0.0,0.0,0.0,28.946046875207685,0.0,0.0,0.0,0.0,0.0
2050-09-26 01:00:00,0.0,0.0,0.0,0.0,0.0,25.51829687517602,0.0,0.0,0.0,0.0,0.0
2050-09-26 02:00:00,0.0,0.0,0.0,0.0,0.0,23.6478125002468,0.0,0.0,0.0,0.0,0.0
2050-09-26 03:00:00,0.0,0.0,0.0,0.0,0.0,23.45964062528219,34.46454939387257,0.0,0.0,24.1251845757108,0.0
2050-09-26 04:00:00,0.0,0.0,0.0,0.0,0.0,23.0005312502617,0.0,0.0,0.0,0.0,0.0
2050-09-26 05:00:00,0.0,0.0,0.0,0.0,0.0,22.309234375250526,39.07747660094452,0.0,0.0,27.35423362066115,0.0
2050-09-26 06:00:00,0.0,0.0,0.0,0.0,0.0,24.429218750214204,39.07747660094451,0.0,0.0,27.35423362066115,0.0
2050-09-26 07:00:00,0.0,0.0,0.0,0.0,0.0,28.56143750017509,39.07747660094452,0.0,0.0,27.354233620661162,0.0
2050-09-26 08:00:00,0.0,0.0,0.0,0.0,0.0,30.594859375269152,39.07747660094452,0.0,0.0,27.354233620661162,0.0
2050-09-26 09:00:00,0.0,0.0,0.0,0.0,0.0,33.760359375271946,39.07747660094452,0.0,0.0,27.35423362066115,0.0
2050-09-26 10:00:00,0.0,0.0,0.0,0.0,0.0,35.760734375217,10.059702415617515,0.0,0.0,7.04179169093226,0.0
2050-09-26 11:00:00,0.0,0.0,0.0,0.0,0.0,37.143171875271946,5.441875604296612,0.0,0.0,3.8093129230076284,0.0
2050-09-26 12:00:00,0.0,0.0,0.0,0.0,0.0,37.498015625285916,28.621713600378854,0.0,0.0,20.035199520265195,0.0
2050-09-26 13:00:00,0.0,0.0,0.0,0.0,0.0,38.87865625019185,39.05963074202434,0.0,0.0,27.341741519417035,0.0
2050-09-26 14:00:00,0.0,0.0,0.0,0.0,0.0,37.32392187521327,39.07747660094452,0.0,0.0,27.35423362066115,0.0
2050-09-26 15:00:00,0.0,0.0,0.0,0.0,0.0,36.18070312519558,39.07747660094452,0.0,0.0,27.35423362066115,0.0
2050-09-26 16:00:00,0.0,0.0,0.0,0.0,0.0,36.15940625022631,39.07747660094452,0.0,0.0,27.354233620661162,0.0
2050-09-26 17:00:00,0.0,0.0,0.0,0.0,0.0,35.73462500027381,39.07747660094452,0.0,0.0,27.35423362066115,0.0
2050-09-26 18:00:00,0.0,0.0,0.0,0.0,0.0,35.226140625192784,39.07747660094452,0.0,0.0,27.35423362066115,0.0
2050-09-26 19:00:00,0.0,0.0,0.0,0.0,0.0,35.33062500017695,39.07747660094452,0.0,0.0,27.35423362066115,0.0
2050-09-26 20:00:00,0.0,0.0,0.0,0.0,0.0,37.695468750200234,39.07747660094452,0.0,0.0,27.35423362066115,0.0
2050-09-26 21:00:00,0.0,0.0,0.0,0.0,0.0,37.673062500194646,37.54110878748611,0.0,0.0,26.278776151240276,0.0
2050-09-26 22:00:00,0.0,0.0,0.0,0.0,0.0,35.66300000017509,6.532038494533458,0.0,0.0,4.57242694617342,0.0
2050-09-26 23:00:00,0.0,0.0,0.0,0.0,0.0,32.436406250228174,15.68803159384403,0.0,0.0,10.98162211569082,0.0
2050-09-27 00:00:00,0.0,0.0,0.0,0.0,0.0,28.92448437528219,34.81747404909685,0.0,0.0,24.372231834367795,0.0
2050-09-27 01:00:00,0.0,0.0,0.0,0.0,0.0,25.531890625250526,39.07747660094452,0.0,0.0,27.35423362066115,0.0
2050-09-27 02:00:00,0.0,0.0,0.0,0.0,0.0,23.344781250227243,39.07747660094452,0.0,0.0,27.35423362066115,0.0
2050-09-27 03:00:00,0.0,0.0,0.0,0.0,0.0,22.428203125251457,28.481046702189655,0.0,0.0,19.936732691532757,0.0
2050-09-27 04:00:00,0.0,0.0,0.0,0.0,0.0,21.991312500205822,18.53308536939642,0.0,0.0,12.973159758577493,0.0
2050-09-27 05:00:00,0.0,0.0,0.0,0.0,0.0,22.163781250244938,15.851455516505144,0.0,0.0,11.0960188615536,0.0
2050-09-27 06:00:00,0.0,0.0,0.0,0.0,0.0,25.48907812521793,14.379255687898233,0.0,0.0,10.065478981528763,0.0
2050-09-27 07:00:00,0.0,0.0,0.0,0.0,0.0,30.9591562502319,11.160033298347411,0.0,0.0,7.812023308843187,0.0
2050-09-27 08:00:00,0.0,0.0,0.0,0.0,0.0,33.052671875222586,10.262496507621123,0.0,0.0,7.183747555334786,0.0
2050-09-27 09:00:00,0.0,0.0,0.0,0.0,0.0,36.418875000206754,2.6770721793175873,0.0,0.0,1.873950525522311,0.0
2050-09-27 10:00:00,0.0,0.0,0.0,0.0,0.0,38.3351562502794,0.0,1.7828895153371345,0.0,0.0,1.8192750156501372
2050-09-27 11:00:00,0.0,0.0,0.0,0.0,0.0,39.69798437517602,0.0,0.0,0.0,0.0,0.0
2050-09-27 12:00:00,0.0,0.0,0.0,0.0,0.0,40.16701562528033,0.0,0.0,0.0,0.0,0.0
2050-09-27 13:00:00,0.0,0.0,0.0,0.0,0.0,39.508406250271946,0.0,0.0,0.0,0.0,0.0
2050-09-27 14:00:00,0.0,0.0,0.0,0.0,0.0,39.02573437523097,0.0,0.0,0.0,0.0,0.0
2050-09-27 15:00:00,0.0,0.0,0.0,0.0,0.0,38.791828125249594,0.0,0.0,0.0,0.0,0.0
2050-09-27 16:00:00,0.0,0.0,0.0,0.0,0.0,37.10621875023935,0.0,0.0,0.0,0.0,0.0
2050-09-27 17:00:00,0.0,0.0,0.0,0.0,0.0,34.73517187521793,0.0,0.0,0.0,0.0,0.0
2050-09-27 18:00:00,0.0,0.0,0.0,0.0,0.0,34.05121875018813,5.958745561142096,0.0,0.0,4.171121892799467,0.0
2050-09-27 19:00:00,0.0,0.0,0.0,0.0,0.0,35.02190625027288,0.0,0.0,0.0,0.0,0.0
2050-09-27 20:00:00,0.0,0.0,0.0,0.0,0.0,37.927718750201166,0.0,0.0,0.0,0.0,0.0
2050-09-27 21:00:00,0.0,0.0,0.0,0.0,0.0,38.179843750200234,16.863948064893265,0.0,0.0,11.804763645425284,0.0
2050-09-27 22:00:00,0.0,0.0,0.0,0.0,0.0,35.63956250017509,0.0,0.0,0.0,0.0,0.0
2050-09-27 23:00:00,0.0,0.0,0.0,0.0,0.0,33.03095312521327,0.0,0.0,0.0,0.0,0.0
2050-09-28 00:00:00,0.0,0.0,0.0,0.0,0.0,30.23384375020396,0.0,0.0,0.0,0.0,0.0
2050-09-28 01:00:00,0.0,0.0,0.0,0.0,0.0,27.592140625230968,0.0,22.254676201259002,0.0,0.0,22.70885326659082
2050-09-28 02:00:00,0.0,0.0,0.0,0.0,0.0,25.17803125025239,0.0,0.0,0.0,0.0,0.0
2050-09-28 03:00:00,0.0,0.0,0.0,0.0,0.0,23.294750000233762,0.0,6.507965392786201,0.0,0.0,6.640781013047144
2050-09-28 04:00:00,0.0,0.0,0.0,0.0,0.0,22.41015625,0.0,0.0,0.0,0.0,0.0
2050-09-28 05:00:00,0.0,0.0,0.0,0.0,0.0,21.900187500286847,0.0,0.0,0.0,0.0,0.0
2050-09-28 06:00:00,0.0,0.0,0.0,0.0,0.0,22.25731250026729,0.0,0.0,0.0,0.0,0.0
2050-09-28 07:00:00,0.0,0.0,0.0,0.0,0.0,22.935343750286847,0.0,0.0,0.0,0.0,0.0
2050-09-28 08:00:00,0.0,0.0,0.0,0.0,0.0,25.0626718752319,0.0,4.430585458710344,0.0,0.0,4.521005570112597
2050-09-28 09:00:00,0.0,0.0,0.0,0.0,0.0,29.602625000290573,0.0,25.515729185697303,0.0,0.0,26.03645835275235
2050-09-28 10:00:00,0.0,0.0,0.0,0.0,0.0,33.07218750019092,0.0,40.37517945555455,0.0,0.0,41.199162709749544
2050-09-28 11:00:00,0.0,0.0,0.0,0.0,0.0,35.09525000024587,0.0,41.09886881292111,0.0,0.0,41.937621237674605
2050-09-28 12:00:00,0.0,0.0,0.0,0.0,0.0,35.625968750217,0.0,32.52895114762109,0.0,0.0,33.192807293490915
2050-09-28 13:00:00,0.0,0.0,0.0,0.0,0.0,36.45990625023842,0.0,28.167244463887993,0.0,0.0,28.74208618764081
2050-09-28 14:00:00,0.0,0.0,0.0,0.0,0.0,35.999437500257045,0.0,31.45514776808779,0.0,0.0,32.09708955927326
2050-09-28 15:00:00,0.0,0.0,0.0,0.0,0.0,35.114250000217,0.0,30.760571028045867,0.0,0.0,31.388337783720278
2050-09-28 16:00:00,0.0,0.0,0.0,0.0,0.0,34.20903125021141,0.0,0.0,0.0,0.0,0.0
2050-09-28 17:00:00,0.0,0.0,0.0,0.0,0.0,33.26812500017695,0.0,18.143042278468545,0.0,0.0,18.513308447416886
2050-09-28 18:00:00,0.0,0.0,0.0,0.0,0.0,33.16765625018161,0.0,0.0,0.0,0.0,0.0
2050-09-28 19:00:00,0.0,0.0,0.0,0.0,0.0,34.4054687502794,0.0,0.0,0.0,0.0,0.0
2050-09-28 20:00:00,0.0,0.0,0.0,0.0,0.0,36.33931250020396,0.0,14.117512050141958,0.0,0.0,14.405624540961181
2050-09-28 21:00:00,0.0,0.0,0.0,0.0,0.0,36.628468750277534,12.411148446198752,0.0,0.0,8.687803912339126,0.0
2050-09-28 22:00:00,0.0,0.0,0.0,0.0,0.0,35.38062500022352,0.0,0.0,0.0,0.0,0.0
2050-09-28 23:00:00,0.0,0.0,0.0,0.0,0.0,34.00031250028405,0.0,14.997935423847546,0.0,0.0,15.304015738619947
2050-09-29 00:00:00,0.0,0.0,0.0,0.0,0.0,30.91546875028871,0.0,29.032026399694686,0.0,0.0,29.624516734382333
2050-09-29 01:00:00,0.0,0.0,0.0,0.0,0.0,27.978375000180677,0.0,34.167825326257365,0.0,0.0,34.86512788393609
2050-09-29 02:00:00,0.0,0.0,0.0,0.0,0.0,25.45187500026077,0.0,23.947393419179036,0.0,0.0,24.43611573385616
2050-09-29 03:00:00,0.0,0.0,0.0,0.0,0.0,23.991343750269152,0.0,11.915599796211499,0.0,0.0,12.158775302256633
2050-09-29 04:00:00,0.0,0.0,0.0,0.0,0.0,22.87690625025425,0.0,11.897927175993535,0.0,0.0,12.140742016319935
2050-09-29 05:00:00,0.0,0.0,0.0,0.0,0.0,22.444531250279397,0.0,14.947070456482303,0.0,0.0,15.25211271069623
2050-09-29 06:00:00,0.0,0.0,0.0,0.0,0.0,22.59309375018347,0.0,20.969476470956735,0.0,0.0,21.397424970364018
2050-09-29 07:00:00,0.0,0.0,0.0,0.0,0.0,21.960250000236556,0.0,27.070980482699138,0.0,0.0,27.623449472141978
2050-09-29 08:00:00,0.0,0.0,0.0,0.0,0.0,21.862843750277534,0.0,27.365401544433798,0.0,0.0,27.923879126973265
2050-09-29 09:00:00,0.0,0.0,0.0,0.0,0.0,24.78675000020303,0.0,22.639641157039677,0.0,0.0,23.10167465004049
2050-09-29 10:00:00,0.0,0.0,0.0,0.0,0.0,27.391531250206754,0.0,0.0,0.0,0.0,0.0
2050-09-29 11:00:00,0.0,0.0,0.0,0.0,0.0,29.816875000251457,0.0,18.916176676917935,0.0,0.0,19.302221098895856
2050-09-29 12:00:00,0.0,0.0,0.0,0.0,0.0,31.551093750284053,0.0,41.87045595762305,0.0,0.0,42.72495505879903
2050-09-29 13:00:00,0.0,0.0,0.0,0.0,0.0,33.59462500025984,0.0,2.368002626130144,0.0,0.0,2.4163292103368814
2050-09-29 14:00:00,0.0,0.0,0.0,0.0,0.0,33.97296875028405,0.0,0.0,0.0,0.0,0.0
2050-09-29 15:00:00,0.0,0.0,0.0,0.0,0.0,33.320906250271946,0.0,0.0,0.0,0.0,0.0
2050-09-29 16:00:00,0.0,0.0,0.0,0.0,0.0,32.67743750021327,0.0,0.0,0.0,0.0,0.0
2050-09-29 17:00:00,0.0,0.0,0.0,0.0,0.0,32.08456250024028,0.0,0.0,0.0,0.0,0.0
2050-09-29 18:00:00,0.0,0.0,0.0,0.0,0.0,32.07234375027474,0.0,0.0,0.0,0.0,0.0
2050-09-29 19:00:00,0.0,0.0,0.0,0.0,0.0,33.02981250023004,0.0,0.0,0.0,0.0,0.0
2050-09-29 20:00:00,0.0,0.0,0.0,0.0,0.0,36.3644062501844,0.0,0.0,0.0,0.0,0.0
2050-09-29 21:00:00,0.0,0.0,0.0,0.0,0.0,38.21621875022538,0.0,0.0,0.0,0.0,0.0
2050-09-29 22:00:00,0.0,0.0,0.0,0.0,0.0,36.8571562502766,0.0,0.0,0.0,0.0,0.0
2050-09-29 23:00:00,0.0,0.0,0.0,0.0,0.0,33.65078125020955,0.0,0.0,0.0,0.0,0.0
2050-09-30 00:00:00,0.0,0.0,0.0,0.0,0.0,29.744562500272878,0.0,0.0,0.0,0.0,0.0
2050-09-30 01:00:00,0.0,0.0,0.0,0.0,0.0,26.24987500021234,0.0,0.0,0.0,0.0,0.0
2050-09-30 02:00:00,0.0,0.0,0.0,0.0,0.0,23.804437500191852,0.0,0.0,0.0,0.0,0.0
2050-09-30 03:00:00,0.0,0.0,0.0,0.0,0.0,22.486062500276603,0.0,0.0,0.0,0.0,0.0
2050-09-30 04:00:00,0.0,0.0,0.0,0.0,0.0,21.51787500025239,0.0,0.0,0.0,0.0,0.0
2050-09-30 05:00:00,0.0,0.0,0.0,0.0,0.0,22.058562500285916,0.0,0.0,0.0,0.0,0.0
2050-09-30 06:00:00,0.0,0.0,0.0,0.0,0.0,24.666500000283122,0.0,0.0,0.0,0.0,0.0
2050-09-30 07:00:00,0.0,0.0,0.0,0.0,0.0,29.007375000277534,0.0,0.0,0.0,0.0,0.0
2050-09-30 08:00:00,0.0,0.0,0.0,0.0,0.0,31.36021875019651,0.0,0.0,0.0,0.0,0.0
2050-09-30 09:00:00,0.0,0.0,0.0,0.0,0.0,36.111312500201166,0.0,0.0,0.0,0.0,0.0
2050-09-30 10:00:00,0.0,0.0,0.0,0.0,0.0,38.55443750019185,0.0,0.0,0.0,0.0,0.0
2050-09-30 11:00:00,0.0,0.0,0.0,0.0,0.0,40.4313750002766,0.0,0.0,0.0,0.0,0.0
2050-09-30 12:00:00,0.0,0.0,0.0,0.0,0.0,40.73246875021141,0.0,0.0,0.0,0.0,0.0
2050-09-30 13:00:00,0.0,0.0,0.0,0.0,0.0,40.60040625021793,0.0,0.0,0.0,0.0,0.0
2050-09-30 14:00:00,0.0,0.0,0.0,0.0,0.0,39.28387500019744,0.0,0.0,0.0,0.0,0.0
2050-09-30 15:00:00,0.0,0.0,0.0,0.0,0.0,39.087875000201166,0.0,0.0,0.0,0.0,0.0
2050-09-30 16:00:00,0.0,0.0,0.0,0.0,0.0,36.98134375025984,0.0,0.0,0.0,0.0,0.0
2050-09-30 17:00:00,0.0,0.0,0.0,0.0,0.0,36.10887500026729,0.0,0.0,0.0,0.0,0.0
2050-09-30 18:00:00,0.0,0.0,0.0,0.0,0.0,36.22140625026077,0.0,0.0,0.0,0.0,0.0
2050-09-30 19:00:00,0.0,0.0,0.0,0.0,0.0,37.33756250026636,0.0,0.0,0.0,0.0,0.0
2050-09-30 20:00:00,0.0,0.0,0.0,0.0,0.0,39.94606250023935,0.0,0.0,0.0,0.0,0.0
2050-09-30 21:00:00,0.0,0.0,0.0,0.0,0.0,38.72684375022072,0.0,0.0,0.0,0.0,0.0
2050-09-30 22:00:00,0.0,0.0,0.0,0.0,0.0,36.98500000021886,0.0,0.0,0.0,0.0,0.0
2050-09-30 23:00:00,0.0,0.0,0.0,0.0,0.0,33.70490625023376,0.0,0.0,0.0,0.0,0.0
2050-10-01 00:00:00,0.0,0.0,0.0,0.0,0.0,29.669718750286847,0.0,0.0,0.0,0.0,0.0
2050-10-01 01:00:00,0.0,0.0,0.0,0.0,0.0,26.411062500206754,0.0,0.0,0.0,0.0,0.0
2050-10-01 02:00:00,0.0,0.0,0.0,0.0,0.0,24.105812500230968,0.0,0.0,0.0,0.0,0.0
2050-10-01 03:00:00,0.0,0.0,0.0,0.0,0.0,23.18253125017509,0.0,0.0,0.0,0.0,0.0
2050-10-01 04:00:00,0.0,0.0,0.0,0.0,0.0,22.945875000208616,0.0,0.0,0.0,0.0,0.0
2050-10-01 05:00:00,0.0,0.0,0.0,0.0,0.0,23.043375000241213,0.0,0.0,0.0,0.0,0.0
2050-10-01 06:00:00,0.0,0.0,0.0,0.0,0.0,25.408218750264496,0.0,0.0,0.0,0.0,0.0
2050-10-01 07:00:00,0.0,0.0,0.0,0.0,0.0,29.242468750220723,0.0,0.0,0.0,0.0,0.0
2050-10-01 08:00:00,0.0,0.0,0.0,0.0,0.0,32.104156250250526,0.0,0.0,0.0,0.0,0.0
2050-10-01 09:00:00,0.0,0.0,0.0,0.0,0.0,35.89246875024401,0.0,0.0,0.0,0.0,0.0
2050-10-01 10:00:00,0.0,0.0,0.0,0.0,0.0,38.01687500020489,0.0,0.0,0.0,0.0,0.0
2050-10-01 11:00:00,0.0,0.0,0.0,0.0,0.0,39.26075000024866,0.0,0.0,0.0,0.0,0.0
2050-10-01 12:00:00,0.0,0.0,0.0,0.0,0.0,39.4386250001844,0.0,0.0,0.0,0.0,0.0
2050-10-01 13:00:00,0.0,0.0,0.0,0.0,0.0,39.208593750256114,0.0,0.0,0.0,0.0,0.0
2050-10-01 14:00:00,0.0,0.0,0.0,0.0,0.0,38.2913437501993,0.0,0.0,0.0,0.0,0.0
2050-10-01 15:00:00,0.0,0.0,0.0,0.0,0.0,38.283218750264496,0.0,0.0,0.0,0.0,0.0
2050-10-01 16:00:00,0.0,0.0,0.0,0.0,0.0,37.919406250235625,0.0,0.0,0.0,0.0,0.0
2050-10-01 17:00:00,0.0,0.0,0.0,0.0,0.0,37.18459375028033,0.0,0.0,0.0,0.0,0.0
2050-10-01 18:00:00,0.0,0.0,0.0,0.0,0.0,36.541218750178814,0.0,0.0,0.0,0.0,0.0
2050-10-01 19:00:00,0.0,0.0,0.0,0.0,0.0,36.21253125020303,0.0,0.0,0.0,0.0,0.0
2050-10-01 20:00:00,0.0,0.0,0.0,0.0,0.0,38.349750000284985,0.0,0.0,0.0,0.0,0.0
2050-10-01 21:00:00,0.0,0.0,0.0,0.0,0.0,39.32559375022538,0.0,0.0,0.0,0.0,0.0
2050-10-01 22:00:00,0.0,0.0,0.0,0.0,0.0,37.19993750017602,0.0,0.0,0.0,0.0,0.0
2050-10-01 23:00:00,0.0,0.0,0.0,0.0,0.0,33.45831250026822,0.0,0.0,0.0,0.0,0.0
2050-10-02 00:00:00,0.0,0.0,0.0,0.0,0.0,29.60534375021234,0.0,0.0,0.0,0.0,0.0
2050-10-02 01:00:00,0.0,0.0,0.0,0.0,0.0,26.742468750220723,0.0,0.0,0.0,0.0,0.0
2050-10-02 02:00:00,0.0,0.0,0.0,0.0,0.0,24.35493750020396,0.0,0.0,0.0,0.0,0.0
2050-10-02 03:00:00,0.0,0.0,0.0,0.0,0.0,22.912968750228174,0.0,0.0,0.0,0.0,0.0
2050-10-02 04:00:00,0.0,0.0,0.0,0.0,0.0,22.497312500257976,0.0,0.0,0.0,0.0,0.0
2050-10-02 05:00:00,0.0,0.0,0.0,0.0,0.0,22.65234375,0.0,0.0,0.0,0.0,0.0
2050-10-02 06:00:00,0.0,0.0,0.0,0.0,0.0,24.95753125019837,0.0,0.0,0.0,0.0,0.0
2050-10-02 07:00:00,0.0,0.0,0.0,0.0,0.0,29.07103125017602,0.0,0.0,0.0,0.0,0.0
2050-10-02 08:00:00,0.0,0.0,0.0,0.0,0.0,31.370250000269152,0.0,0.0,0.0,0.0,0.0
2050-10-02 09:00:00,0.0,0.0,0.0,0.0,0.0,34.95337500027381,0.0,0.0,0.0,0.0,0.0
2050-10-02 10:00:00,0.0,0.0,0.0,0.0,0.0,37.41493750025984,0.0,0.0,0.0,0.0,0.0
2050-10-02 11:00:00,0.0,0.0,0.0,0.0,0.0,39.67803125025239,0.0,0.0,0.0,0.0,0.0
2050-10-02 12:00:00,0.0,0.0,0.0,0.0,0.0,39.6020937502617,0.0,0.0,0.0,0.0,0.0
2050-10-02 13:00:00,0.0,0.0,0.0,0.0,0.0,38.552968750242144,0.0,0.0,0.0,0.0,0.0
2050-10-02 14:00:00,0.0,0.0,0.0,0.0,0.0,37.228531250264496,0.0,0.0,0.0,0.0,0.0
2050-10-02 15:00:00,0.0,0.0,0.0,0.0,0.0,36.900531250284985,0.0,0.0,0.0,0.0,0.0
2050-10-02 16:00:00,0.0,0.0,0.0,0.0,0.0,36.611968750250526,0.0,0.0,0.0,0.0,0.0
2050-10-02 17:00:00,0.0,0.0,0.0,0.0,0.0,36.88375000027008,0.0,0.0,0.0,0.0,0.0
2050-10-02 18:00:00,0.0,0.0,0.0,0.0,0.0,37.0267187502468,0.0,0.0,0.0,0.0,0.0
2050-10-02 19:00:00,0.0,0.0,0.0,0.0,0.0,35.990968750207685,0.0,0.0,0.0,0.0,0.0
2050-10-02 20:00:00,0.0,0.0,0.0,0.0,0.0,37.91821875027381,0.0,0.0,0.0,0.0,0.0
2050-10-02 21:00:00,0.0,0.0,0.0,0.0,0.0,38.72137500019744,0.0,0.0,0.0,0.0,0.0
2050-10-02 22:00:00,0.0,0.0,0.0,0.0,0.0,36.73428125027567,0.0,0.0,0.0,0.0,0.0
2050-10-02 23:00:00,0.0,0.0,0.0,0.0,0.0,33.306781250284985,0.0,0.0,0.0,0.0,0.0
2050-10-03 00:00:00,0.0,0.0,0.0,0.0,0.0,29.600250000250526,0.0,0.0,0.0,0.0,0.0
2050-10-03 01:00:00,0.0,0.0,0.0,0.0,0.0,25.921625000191852,0.0,0.0,0.0,0.0,0.0
2050-10-03 02:00:00,0.0,0.0,0.0,0.0,0.0,24.12071875028778,0.0,0.0,0.0,0.0,0.0
2050-10-03 03:00:00,0.0,0.0,0.0,0.0,0.0,23.158625000272878,0.0,0.0,0.0,0.0,0.0
2050-10-03 04:00:00,0.0,0.0,0.0,0.0,0.0,21.969031250220723,0.0,0.0,0.0,0.0,0.0
2050-10-03 05:00:00,0.0,0.0,0.0,0.0,0.0,21.88178125023842,0.0,0.0,0.0,0.0,0.0
2050-10-03 06:00:00,0.0,0.0,0.0,0.0,0.0,24.88893750018906,0.0,0.0,0.0,0.0,0.0
2050-10-03 07:00:00,0.0,0.0,0.0,0.0,0.0,28.157250000280328,0.0,0.0,0.0,0.0,0.0
2050-10-03 08:00:00,0.0,0.0,0.0,0.0,0.0,31.254812500206754,0.0,0.0,0.0,0.0,0.0
2050-10-03 09:00:00,0.0,0.0,0.0,0.0,0.0,36.21018750022631,0.0,0.0,0.0,0.0,0.0
2050-10-03 10:00:00,0.0,0.0,0.0,0.0,0.0,39.21393750025891,0.0,0.0,0.0,0.0,0.0
2050-10-03 11:00:00,0.0,0.0,0.0,0.0,0.0,40.57962500024587,0.0,0.0,0.0,0.0,0.0
2050-10-03 12:00:00,0.0,0.0,0.0,0.0,0.0,40.94593750021886,0.0,0.0,0.0,0.0,0.0
2050-10-03 13:00:00,0.0,0.0,0.0,0.0,0.0,40.423187500215136,0.0,0.0,0.0,0.0,0.0
2050-10-03 14:00:00,0.0,0.0,0.0,0.0,0.0,39.508500000229105,0.0,0.0,0.0,0.0,0.0
2050-10-03 15:00:00,0.0,0.0,0.0,0.0,0.0,39.13618750020396,0.0,0.0,0.0,0.0,0.0
2050-10-03 16:00:00,0.0,0.0,0.0,0.0,0.0,38.31681250024121,0.0,0.0,0.0,0.0,0.0
2050-10-03 17:00:00,0.0,0.0,0.0,0.0,0.0,37.666750000207685,0.0,0.0,0.0,0.0,0.0
2050-10-03 18:00:00,0.0,0.0,0.0,0.0,0.0,37.07668750023004,0.0,0.0,0.0,0.0,0.0
2050-10-03 19:00:00,0.0,0.0,0.0,0.0,0.0,36.90862500027288,0.0,0.0,0.0,0.0,0.0
2050-10-03 20:00:00,0.0,0.0,0.0,0.0,0.0,38.17606250022072,0.0,0.0,0.0,0.0,0.0
2050-10-03 21:00:00,0.0,0.0,0.0,0.0,0.0,39.36456250026822,0.0,0.0,0.0,0.0,0.0
2050-10-03 22:00:00,0.0,0.0,0.0,0.0,0.0,37.19112500024494,0.0,0.0,0.0,0.0,0.0
2050-10-03 23:00:00,0.0,0.0,0.0,0.0,0.0,34.2806250002468,0.0,0.0,0.0,0.0,0.0
2050-10-04 00:00:00,0.0,0.0,0.0,0.0,0.0,29.40006250026636,0.0,0.0,0.0,0.0,0.0
2050-10-04 01:00:00,0.0,0.0,0.0,0.0,0.0,25.473562500206754,0.0,0.0,0.0,0.0,0.0
2050-10-04 02:00:00,0.0,0.0,0.0,0.0,0.0,23.815625000279397,0.0,0.0,0.0,0.0,0.0
2050-10-04 03:00:00,0.0,0.0,0.0,0.0,0.0,22.83137500018347,0.0,0.0,0.0,0.0,0.0
2050-10-04 04:00:00,0.0,0.0,0.0,0.0,0.0,22.35831250017509,0.0,0.0,0.0,0.0,0.0
2050-10-04 05:00:00,0.0,0.0,0.0,0.0,0.0,22.720812500221655,0.0,0.0,0.0,0.0,0.0
2050-10-04 06:00:00,0.0,0.0,0.0,0.0,0.0,24.289375000284053,0.0,0.0,0.0,0.0,0.0
2050-10-04 07:00:00,0.0,0.0,0.0,0.0,0.0,26.69225000019651,0.0,0.0,0.0,0.0,0.0
2050-10-04 08:00:00,0.0,0.0,0.0,0.0,0.0,29.72856250021141,0.0,0.0,0.0,0.0,0.0
2050-10-04 09:00:00,0.0,0.0,0.0,0.0,0.0,33.54137500026263,0.0,0.0,0.0,0.0,0.0
2050-10-04 10:00:00,0.0,0.0,0.0,0.0,0.0,35.74168750026729,0.0,0.0,0.0,0.0,0.0
2050-10-04 11:00:00,0.0,0.0,0.0,0.0,0.0,37.02143750025425,0.0,0.0,0.0,0.0,0.0
2050-10-04 12:00:00,0.0,0.0,0.0,0.0,0.0,37.184500000206754,0.0,0.0,0.0,0.0,0.0
2050-10-04 13:00:00,0.0,0.0,0.0,0.0,0.0,36.8196875002468,0.0,0.0,0.0,0.0,0.0
2050-10-04 14:00:00,0.0,0.0,0.0,0.0,0.0,36.39162500028033,0.0,0.0,0.0,0.0,0.0
2050-10-04 15:00:00,0.0,0.0,0.0,0.0,0.0,36.970937500242144,0.0,0.0,0.0,0.0,0.0
2050-10-04 16:00:00,0.0,0.0,0.0,0.0,0.0,36.42512500018347,0.0,0.0,0.0,0.0,0.0
2050-10-04 17:00:00,0.0,0.0,0.0,0.0,0.0,35.67293750029057,14.573390926344626,0.0,0.0,10.201373648441237,0.0
2050-10-04 18:00:00,0.0,0.0,0.0,0.0,0.0,35.05706250027288,39.07747660094452,0.0,0.0,27.35423362066115,0.0
2050-10-04 19:00:00,0.0,0.0,0.0,0.0,0.0,34.916625000187196,39.07747660094452,0.0,0.0,27.354233620661162,0.0
2050-10-04 20:00:00,0.0,0.0,0.0,0.0,0.0,36.02062500023749,39.07747660094451,0.0,0.0,27.35423362066115,0.0
2050-10-04 21:00:00,0.0,0.0,0.0,0.0,0.0,37.149250000249594,39.07747660094452,0.0,0.0,27.354233620661162,0.0
2050-10-04 22:00:00,0.0,0.0,0.0,0.0,0.0,35.43337500025518,23.806721224505747,0.0,0.0,16.66470485715402,0.0
2050-10-04 23:00:00,0.0,0.0,0.0,0.0,0.0,33.3234375002794,29.729626817169333,0.0,0.0,20.81073877201853,0.0
2050-10-05 00:00:00,0.0,0.0,0.0,0.0,0.0,30.700437500257976,25.455681420003057,0.0,0.0,17.81897699400214,0.0
2050-10-05 01:00:00,0.0,0.0,0.0,0.0,0.0,27.55431250028778,28.79621114126168,0.0,0.0,20.157347798883173,0.0
2050-10-05 02:00:00,0.0,0.0,0.0,0.0,0.0,25.33681250025984,26.54835700737207,0.0,0.0,18.583849905160445,0.0
2050-10-05 03:00:00,0.0,0.0,0.0,0.0,0.0,23.816437500179745,18.92523094961018,0.0,0.0,13.247661664727126,0.0
2050-10-05 04:00:00,0.0,0.0,0.0,0.0,0.0,22.29437500028871,13.220220308480314,0.0,0.0,9.25415421593622,0.0
2050-10-05 05:00:00,0.0,0.0,0.0,0.0,0.0,22.176687500206754,7.1562555361756885,0.0,0.0,5.009378875322982,0.0
2050-10-05 06:00:00,0.0,0.0,0.0,0.0,0.0,22.49081250024028,4.181671474485288,0.0,0.0,2.9271700321397014,0.0
2050-10-05 07:00:00,0.0,0.0,0.0,0.0,0.0,22.67768750025425,0.5402738504686297,0.0,0.0,0.3781916953280408,0.0
2050-10-05 08:00:00,0.0,0.0,0.0,0.0,0.0,24.88950000028126,0.0,9.521401238266805,0.0,0.0,9.715715549251842
2050-10-05 09:00:00,0.0,0.0,0.0,0.0,0.0,29.15306250017602,0.0,21.714502438811923,0.0,0.0,22.157655549808084
2050-10-05 10:00:00,0.0,0.0,0.0,0.0,0.0,32.65725000028033,0.0,18.35982572277433,0.0,0.0,18.734516043647275
2050-10-05 11:00:00,0.0,0.0,0.0,0.0,0.0,34.112687500193715,0.0,21.29900997489465,0.0,0.0,21.733683647851684
2050-10-05 12:00:00,0.0,0.0,0.0,0.0,0.0,35.38075000024401,0.0,38.23964527576487,0.0,0.0,39.02004619976008
2050-10-05 13:00:00,0.0,0.0,0.0,0.0,0.0,35.438937500235625,0.0,35.0708977500569,0.0,0.0,35.78663035720093
2050-10-05 14:00:00,0.0,0.0,0.0,0.0,0.0,35.06437500019092,0.0,20.447398437436018,0.0,0.0,20.864692283097977
2050-10-05 15:00:00,0.0,0.0,0.0,0.0,0.0,34.15406250022352,0.0,20.994321234849046,0.0,0.0,21.422776770254128
2050-10-05 16:00:00,0.0,0.0,0.0,0.0,0.0,32.9575625002617,0.0,14.900750829424453,0.0,0.0,15.204847785126994
2050-10-05 17:00:00,0.0,0.0,0.0,0.0,0.0,32.160187500179745,0.0,12.846570106797872,0.0,0.0,13.108745006936607
2050-10-05 18:00:00,0.0,0.0,0.0,0.0,0.0,31.520000000251457,0.0,20.806364682354456,0.0,0.0,21.230984369749446
2050-10-05 19:00:00,0.0,0.0,0.0,0.0,0.0,31.33137500018347,0.0,0.24229693679894185,0.0,0.0,0.24724177224381824
2050-10-05 20:00:00,0.0,0.0,0.0,0.0,0.0,33.437687500263564,0.0,0.0,0.0,0.0,0.0
2050-10-05 21:00:00,0.0,0.0,0.0,0.0,0.0,34.84025000024121,0.0,0.0,0.0,0.0,0.0
2050-10-05 22:00:00,0.0,0.0,0.0,0.0,0.0,33.58656250021886,0.0,0.0,0.0,0.0,0.0
2050-10-05 23:00:00,0.0,0.0,0.0,0.0,0.0,31.47487500018906,0.0,0.0,0.0,0.0,0.0
2050-10-06 00:00:00,0.0,0.0,0.0,0.0,0.0,29.014312500250526,0.0,0.0,0.0,0.0,0.0
2050-10-06 01:00:00,0.0,0.0,0.0,0.0,0.0,26.441750000230968,0.0,0.0,0.0,0.0,0.0
2050-10-06 02:00:00,0.0,0.0,0.0,0.0,0.0,24.48687500017695,0.0,0.0,0.0,0.0,0.0
2050-10-06 03:00:00,0.0,0.0,0.0,0.0,0.0,22.481812500278465,0.0,0.0,0.0,0.0,0.0
2050-10-06 04:00:00,0.0,0.0,0.0,0.0,0.0,21.42137500026729,0.0,0.0,0.0,0.0,0.0
2050-10-06 05:00:00,0.0,0.0,0.0,0.0,0.0,20.987312500248663,0.0,0.0,0.0,0.0,0.0
2050-10-06 06:00:00,0.0,0.0,0.0,0.0,0.0,21.14012500026729,0.0,0.0,0.0,0.0,0.0
2050-10-06 07:00:00,0.0,0.0,0.0,0.0,0.0,20.887312500271946,0.0,0.0,0.0,0.0,0.0
2050-10-06 08:00:00,0.0,0.0,0.0,0.0,0.0,21.425312500214204,0.0,0.0,0.0,0.0,0.0
2050-10-06 09:00:00,0.0,0.0,0.0,0.0,0.0,24.514312500250526,0.0,0.0,0.0,0.0,0.0
2050-10-06 10:00:00,0.0,0.0,0.0,0.0,0.0,27.53506250027567,0.0,0.0,0.0,0.0,0.0
2050-10-06 11:00:00,0.0,0.0,0.0,0.0,0.0,29.685687500284985,0.0,0.0,0.0,0.0,0.0
2050-10-06 12:00:00,0.0,0.0,0.0,0.0,0.0,30.745187500258908,0.0,0.0,0.0,0.0,0.0
2050-10-06 13:00:00,0.0,0.0,0.0,0.0,0.0,31.688062500208616,0.0,0.0,0.0,0.0,0.0
2050-10-06 14:00:00,0.0,0.0,0.0,0.0,0.0,31.84131250018254,0.0,0.0,0.0,0.0,0.0
2050-10-06 15:00:00,0.0,0.0,0.0,0.0,0.0,31.022437500185333,0.0,0.0,0.0,0.0,0.0
2050-10-06 16:00:00,0.0,0.0,0.0,0.0,0.0,30.242375000263564,0.0,0.0,0.0,0.0,0.0
2050-10-06 17:00:00,0.0,0.0,0.0,0.0,0.0,29.581562500214204,0.0,0.0,0.0,0.0,0.0
2050-10-06 18:00:00,0.0,0.0,0.0,0.0,0.0,29.531312500243075,0.0,0.0,0.0,0.0,0.0
2050-10-06 19:00:00,0.0,0.0,0.0,0.0,0.0,31.02237500017509,0.0,0.0,0.0,0.0,0.0
2050-10-06 20:00:00,0.0,0.0,0.0,0.0,0.0,34.30731250019744,0.0,0.0,0.0,0.0,0.0
2050-10-06 21:00:00,0.0,0.0,0.0,0.0,0.0,36.488312500179745,0.0,0.0,0.0,0.0,0.0
2050-10-06 22:00:00,0.0,0.0,0.0,0.0,0.0,34.584625000250526,0.0,0.0,0.0,0.0,0.0
2050-10-06 23:00:00,0.0,0.0,0.0,0.0,0.0,31.491250000195578,0.0,0.0,0.0,0.0,0.0
2050-10-07 00:00:00,0.0,0.0,0.0,0.0,0.0,27.600750000216067,0.0,0.0,0.0,0.0,0.0
2050-10-07 01:00:00,0.0,0.0,0.0,0.0,0.0,24.46356250019744,0.0,0.0,0.0,0.0,0.0
2050-10-07 02:00:00,0.0,0.0,0.0,0.0,0.0,21.998500000219792,0.0,0.0,0.0,0.0,0.0
2050-10-07 03:00:00,0.0,0.0,0.0,0.0,0.0,20.85568750021048,0.0,0.0,0.0,0.0,0.0
2050-10-07 04:00:00,0.0,0.0,0.0,0.0,0.0,21.03662500018254,0.0,0.0,0.0,0.0,0.0
2050-10-07 05:00:00,0.0,0.0,0.0,0.0,0.0,21.924312500283122,0.0,0.0,0.0,0.0,0.0
2050-10-07 06:00:00,0.0,0.0,0.0,0.0,0.0,23.947750000283122,0.0,0.0,0.0,0.0,0.0
2050-10-07 07:00:00,0.0,0.0,0.0,0.0,0.0,28.23762500018347,0.0,0.0,0.0,0.0,0.0
2050-10-07 08:00:00,0.0,0.0,0.0,0.0,0.0,30.75675000017509,0.0,0.0,0.0,0.0,0.0
2050-10-07 09:00:00,0.0,0.0,0.0,0.0,0.0,36.250562500208616,0.0,0.0,0.0,0.0,0.0
2050-10-07 10:00:00,0.0,0.0,0.0,0.0,0.0,38.92756250023376,0.0,0.0,0.0,0.0,0.0
2050-10-07 11:00:00,0.0,0.0,0.0,0.0,0.0,40.53012500028126,0.0,0.0,0.0,0.0,0.0
2050-10-07 12:00:00,0.0,0.0,0.0,0.0,0.0,40.544937500264496,0.0,0.0,0.0,0.0,0.0
2050-10-07 13:00:00,0.0,0.0,0.0,0.0,0.0,39.873062500264496,0.0,0.0,0.0,0.0,0.0
2050-10-07 14:00:00,0.0,0.0,0.0,0.0,0.0,37.94387500023004,0.0,0.0,0.0,0.0,0.0
2050-10-07 15:00:00,0.0,0.0,0.0,0.0,0.0,37.20731250022072,0.0,0.0,0.0,0.0,0.0
2050-10-07 16:00:00,0.0,0.0,0.0,0.0,0.0,36.886125000193715,0.0,0.0,0.0,0.0,0.0
2050-10-07 17:00:00,0.0,0.0,0.0,0.0,0.0,36.21587500022724,0.0,0.0,0.0,0.0,0.0
2050-10-07 18:00:00,0.0,0.0,0.0,0.0,0.0,35.77318750019185,0.0,0.0,0.0,0.0,0.0
2050-10-07 19:00:00,0.0,0.0,0.0,0.0,0.0,35.7778750002617,0.0,0.0,0.0,0.0,0.0
2050-10-07 20:00:00,0.0,0.0,0.0,0.0,0.0,36.763812500284985,0.0,0.0,0.0,0.0,0.0
2050-10-07 21:00:00,0.0,0.0,0.0,0.0,0.0,37.401000000187196,0.0,0.0,0.0,0.0,0.0
2050-10-07 22:00:00,0.0,0.0,0.0,0.0,0.0,35.46518750023097,0.0,0.0,0.0,0.0,0.0
2050-10-07 23:00:00,0.0,0.0,0.0,0.0,0.0,32.93668750021607,0.0,0.0,0.0,0.0,0.0
2050-10-08 00:00:00,0.0,0.0,0.0,0.0,0.0,28.793000000179745,0.0,0.0,0.0,0.0,0.0
2050-10-08 01:00:00,0.0,0.0,0.0,0.0,0.0,26.064187500276603,0.0,0.0,0.0,0.0,0.0
2050-10-08 02:00:00,0.0,0.0,0.0,0.0,0.0,24.12256250018254,0.0,0.0,0.0,0.0,0.0
2050-10-08 03:00:00,0.0,0.0,0.0,0.0,0.0,23.571375000290573,0.0,0.0,0.0,0.0,0.0
2050-10-08 04:00:00,0.0,0.0,0.0,0.0,0.0,23.078062500222586,0.0,0.0,0.0,0.0,0.0
2050-10-08 05:00:00,0.0,0.0,0.0,0.0,0.0,23.491187500185333,0.0,0.0,0.0,0.0,0.0
2050-10-08 06:00:00,0.0,0.0,0.0,0.0,0.0,25.8325625002617,0.0,0.0,0.0,0.0,0.0
2050-10-08 07:00:00,0.0,0.0,0.0,0.0,0.0,30.18800000019837,0.0,0.0,0.0,0.0,0.0
2050-10-08 08:00:00,0.0,0.0,0.0,0.0,0.0,32.01281250023749,0.0,0.0,0.0,0.0,0.0
2050-10-08 09:00:00,0.0,0.0,0.0,0.0,0.0,36.61456250026822,0.0,0.0,0.0,0.0,0.0
2050-10-08 10:00:00,0.0,0.0,0.0,0.0,0.0,38.01575000025332,0.0,0.0,0.0,0.0,0.0
2050-10-08 11:00:00,0.0,0.0,0.0,0.0,0.0,38.668125000200234,0.0,0.0,0.0,0.0,0.0
2050-10-08 12:00:00,0.0,0.0,0.0,0.0,0.0,38.80700000026263,0.0,0.0,0.0,0.0,0.0
2050-10-08 13:00:00,0.0,0.0,0.0,0.0,0.0,38.44181250024121,0.0,0.0,0.0,0.0,0.0
2050-10-08 14:00:00,0.0,0.0,0.0,0.0,0.0,37.3312500002794,0.0,0.0,0.0,0.0,0.0
2050-10-08 15:00:00,0.0,0.0,0.0,0.0,0.0,37.367875000229105,0.0,0.0,0.0,0.0,0.0
2050-10-08 16:00:00,0.0,0.0,0.0,0.0,0.0,37.462875000201166,0.0,0.0,0.0,0.0,0.0
2050-10-08 17:00:00,0.0,0.0,0.0,0.0,0.0,36.75012500025332,0.0,0.0,0.0,0.0,0.0
2050-10-08 18:00:00,0.0,0.0,0.0,0.0,0.0,36.38787500024773,0.0,0.0,0.0,0.0,0.0
2050-10-08 19:00:00,0.0,0.0,0.0,0.0,0.0,36.85062500019558,0.0,0.0,0.0,0.0,0.0
2050-10-08 20:00:00,0.0,0.0,0.0,0.0,0.0,37.220937500242144,0.0,0.0,0.0,0.0,0.0
2050-10-08 21:00:00,0.0,0.0,0.0,0.0,0.0,37.46318750025239,0.0,0.0,0.0,0.0,0.0
2050-10-08 22:00:00,0.0,0.0,0.0,0.0,0.0,35.67956250021234,0.0,0.0,0.0,0.0,0.0
2050-10-08 23:00:00,0.0,0.0,0.0,0.0,0.0,33.114625000278465,0.0,0.0,0.0,0.0,0.0
2050-10-09 00:00:00,0.0,0.0,0.0,0.0,0.0,29.16300000017509,0.0,0.0,0.0,0.0,0.0
2050-10-09 01:00:00,0.0,0.0,0.0,0.0,0.0,26.099750000284985,0.0,0.0,0.0,0.0,0.0
2050-10-09 02:00:00,0.0,0.0,0.0,0.0,0.0,24.11806250025984,0.0,0.0,0.0,0.0,0.0
2050-10-09 03:00:00,0.0,0.0,0.0,0.0,0.0,22.861937500187196,0.0,0.0,0.0,0.0,0.0
2050-10-09 04:00:00,0.0,0.0,0.0,0.0,0.0,22.459625000250526,37.8888243749836,0.0,0.0,26.52217706248852,0.0
2050-10-09 05:00:00,0.0,0.0,0.0,0.0,0.0,22.496375000220723,39.07747660094452,0.0,0.0,27.35423362066115,0.0
2050-10-09 06:00:00,0.0,0.0,0.0,0.0,0.0,25.077437500236556,39.07747660094451,0.0,0.0,27.35423362066115,0.0
2050-10-09 07:00:00,0.0,0.0,0.0,0.0,0.0,29.14225000026636,39.07747660094452,0.0,0.0,27.35423362066115,0.0
2050-10-09 08:00:00,0.0,0.0,0.0,0.0,0.0,31.847500000265427,39.07747660094452,0.0,0.0,27.35423362066115,0.0
2050-10-09 09:00:00,0.0,0.0,0.0,0.0,0.0,36.661687500192784,39.07747660094452,0.0,0.0,27.35423362066115,0.0
2050-10-09 10:00:00,0.0,0.0,0.0,0.0,0.0,38.20775000017602,39.07747660094452,0.0,0.0,27.35423362066115,0.0
2050-10-09 11:00:00,0.0,0.0,0.0,0.0,0.0,40.06668750022072,19.120871472839422,0.0,0.0,13.384610030987595,0.0
2050-10-09 12:00:00,0.0,0.0,0.0,0.0,0.0,40.76943750027567,8.06388144569695,0.0,0.0,5.644717011987865,0.0
2050-10-09 13:00:00,0.0,0.0,0.0,0.0,0.0,40.102750000194646,39.07747660094452,0.0,0.0,27.35423362066115,0.0
2050-10-09 14:00:00,0.0,0.0,0.0,0.0,0.0,39.55543750023935,39.07747660094452,0.0,0.0,27.354233620661162,0.0
2050-10-09 15:00:00,0.0,0.0,0.0,0.0,0.0,39.312062500277534,39.07747660094452,0.0,0.0,27.35423362066115,0.0
2050-10-09 16:00:00,0.0,0.0,0.0,0.0,0.0,38.254812500206754,39.07747660094452,0.0,0.0,27.35423362066115,0.0
2050-10-09 17:00:00,0.0,0.0,0.0,0.0,0.0,37.320375000243075,39.07747660094452,0.0,0.0,27.35423362066115,0.0
2050-10-09 18:00:00,0.0,0.0,0.0,0.0,0.0,36.06806250021327,39.07747660094452,0.0,0.0,27.35423362066115,0.0
2050-10-09 19:00:00,0.0,0.0,0.0,0.0,0.0,35.81425000028685,39.07747660094452,0.0,0.0,27.35423362066115,0.0
2050-10-09 20:00:00,0.0,0.0,0.0,0.0,0.0,35.835375000257045,39.07747660094452,0.0,0.0,27.35423362066115,0.0
2050-10-09 21:00:00,0.0,0.0,0.0,0.0,0.0,37.09700000018347,39.07747660094452,0.0,0.0,27.35423362066115,0.0
2050-10-09 22:00:00,0.0,0.0,0.0,0.0,0.0,35.42437500017695,39.07747660094452,0.0,0.0,27.35423362066115,0.0
2050-10-09 23:00:00,0.0,0.0,0.0,0.0,0.0,32.60618750017602,39.07747660094452,0.0,0.0,27.35423362066115,0.0
2050-10-10 00:00:00,0.0,0.0,0.0,0.0,0.0,29.644062500214204,39.07747660094452,0.0,0.0,27.35423362066115,0.0
2050-10-10 01:00:00,0.0,0.0,0.0,0.0,0.0,25.566687500220723,39.07747660094452,0.0,0.0,27.35423362066115,0.0
2050-10-10 02:00:00,0.0,0.0,0.0,0.0,0.0,22.077687500277534,39.07747660094452,0.0,0.0,27.35423362066115,0.0
2050-10-10 03:00:00,0.0,0.0,0.0,0.0,0.0,22.729625000269152,39.07747660094452,0.0,0.0,27.35423362066115,0.0
2050-10-10 04:00:00,0.0,0.0,0.0,0.0,0.0,22.44406250026077,39.07747660094452,0.0,0.0,27.35423362066115,0.0
2050-10-10 05:00:00,0.0,0.0,0.0,0.0,0.0,21.982750000199303,39.07747660094452,0.0,0.0,27.35423362066115,0.0
2050-10-10 06:00:00,0.0,0.0,0.0,0.0,0.0,23.946250000270084,39.07747660094452,0.0,0.0,27.35423362066115,0.0
2050-10-10 07:00:00,0.0,0.0,0.0,0.0,0.0,27.19287500018254,39.07747660094452,0.0,0.0,27.35423362066115,0.0
2050-10-10 08:00:00,0.0,0.0,0.0,0.0,0.0,29.787562500219792,39.07747660094452,0.0,0.0,27.35423362066115,0.0
2050-10-10 09:00:00,0.0,0.0,0.0,0.0,0.0,33.31137500028126,39.07747660094452,0.0,0.0,27.35423362066115,0.0
2050-10-10 10:00:00,0.0,0.0,0.0,0.0,0.0,35.138812500284985,39.07747660094452,0.0,0.0,27.35423362066115,0.0
2050-10-10 11:00:00,0.0,0.0,0.0,0.0,0.0,36.10475000028964,39.07747660094452,0.0,0.0,27.35423362066115,0.0
2050-10-10 12:00:00,0.0,0.0,0.0,0.0,0.0,36.85168750025332,39.07747660094452,0.0,0.0,27.35423362066115,0.0
2050-10-10 13:00:00,0.0,0.0,0.0,0.0,0.0,37.16987500025425,39.07747660094452,0.0,0.0,27.35423362066115,0.0
2050-10-10 14:00:00,0.0,0.0,0.0,0.0,0.0,35.78931250027381,39.07747660094452,0.0,0.0,27.35423362066115,0.0
2050-10-10 15:00:00,0.0,0.0,0.0,0.0,0.0,35.74050000018906,39.07747660094452,0.0,0.0,27.35423362066115,0.0
2050-10-10 16:00:00,0.0,0.0,0.0,0.0,0.0,35.26100000028964,39.07747660094452,0.0,0.0,27.35423362066115,0.0
2050-10-10 17:00:00,0.0,0.0,0.0,0.0,0.0,34.73856250022072,39.07747660094452,0.0,0.0,27.35423362066115,0.0
2050-10-10 18:00:00,0.0,0.0,0.0,0.0,0.0,35.15300000028219,39.07747660094452,0.0,0.0,27.35423362066115,0.0
2050-10-10 19:00:00,0.0,0.0,0.0,0.0,0.0,34.86893750028685,39.07747660094452,0.0,0.0,27.35423362066115,0.0
2050-10-10 20:00:00,0.0,0.0,0.0,0.0,0.0,35.97468750027474,39.07747660094452,0.0,0.0,27.35423362066115,0.0
2050-10-10 21:00:00,0.0,0.0,0.0,0.0,0.0,37.32356250018347,39.07747660094452,0.0,0.0,27.35423362066115,0.0
2050-10-10 22:00:00,0.0,0.0,0.0,0.0,0.0,35.648500000243075,39.07747660094452,0.0,0.0,27.35423362066115,0.0
2050-10-10 23:00:00,0.0,0.0,0.0,0.0,0.0,32.625062500243075,39.07747660094452,0.0,0.0,27.35423362066115,0.0
2050-10-11 00:00:00,0.0,0.0,0.0,0.0,0.0,29.00531250028871,39.07747660094452,0.0,0.0,27.35423362066115,0.0
2050-10-11 01:00:00,0.0,0.0,0.0,0.0,0.0,26.45906250027474,39.07747660094452,0.0,0.0,27.35423362066115,0.0
2050-10-11 02:00:00,0.0,0.0,0.0,0.0,0.0,24.404500000178814,39.07747660094452,0.0,0.0,27.35423362066115,0.0
2050-10-11 03:00:00,0.0,0.0,0.0,0.0,0.0,23.61075000022538,39.07747660094451,0.0,0.0,27.35423362066115,0.0
2050-10-11 04:00:00,0.0,0.0,0.0,0.0,0.0,22.999312500236556,39.07747660094452,0.0,0.0,27.35423362066115,0.0
2050-10-11 05:00:00,0.0,0.0,0.0,0.0,0.0,22.75400000018999,16.235819409800065,0.0,0.0,11.365073586860046,0.0
2050-10-11 06:00:00,0.0,0.0,0.0,0.0,0.0,24.778125000186265,36.633619925404,0.0,0.0,25.643533947782796,0.0
2050-10-11 07:00:00,0.0,0.0,0.0,0.0,0.0,28.67568750027567,27.72993478795533,0.0,0.0,19.41095435156873,0.0
2050-10-11 08:00:00,0.0,0.0,0.0,0.0,0.0,31.485437500290573,39.07747660094452,0.0,0.0,27.35423362066115,0.0
2050-10-11 09:00:00,0.0,0.0,0.0,0.0,0.0,36.884125000215136,39.07747660094452,0.0,0.0,27.35423362066115,0.0
2050-10-11 10:00:00,0.0,0.0,0.0,0.0,0.0,38.48787500022445,39.07747660094451,0.0,0.0,27.35423362066115,0.0
2050-10-11 11:00:00,0.0,0.0,0.0,0.0,0.0,39.43531250022352,39.07747660094452,0.0,0.0,27.35423362066115,0.0
2050-10-11 12:00:00,0.0,0.0,0.0,0.0,0.0,39.5234375,39.07747660094452,0.0,0.0,27.35423362066115,0.0
2050-10-11 13:00:00,0.0,0.0,0.0,0.0,0.0,38.79656250018161,39.07747660094452,0.0,0.0,27.35423362066115,0.0
2050-10-11 14:00:00,0.0,0.0,0.0,0.0,0.0,38.33931250020396,39.07747660094452,0.0,0.0,27.35423362066115,0.0
2050-10-11 15:00:00,0.0,0.0,0.0,0.0,0.0,38.470937500242144,39.07747660094452,0.0,0.0,27.35423362066115,0.0
2050-10-11 16:00:00,0.0,0.0,0.0,0.0,0.0,37.433000000193715,39.07747660094452,0.0,0.0,27.35423362066115,0.0
2050-10-11 17:00:00,0.0,0.0,0.0,0.0,0.0,36.000562500208616,39.07747660094452,0.0,0.0,27.35423362066115,0.0
2050-10-11 18:00:00,0.0,0.0,0.0,0.0,0.0,35.95550000027288,39.07747660094452,0.0,0.0,27.35423362066115,0.0
2050-10-11 19:00:00,0.0,0.0,0.0,0.0,0.0,36.360687500215136,39.07747660094452,0.0,0.0,27.35423362066115,0.0
2050-10-11 20:00:00,0.0,0.0,0.0,0.0,0.0,36.690812500193715,39.07747660094452,0.0,0.0,27.35423362066115,0.0
2050-10-11 21:00:00,0.0,0.0,0.0,0.0,0.0,38.125562500208616,39.07747660094452,0.0,0.0,27.35423362066115,0.0
2050-10-11 22:00:00,0.0,0.0,0.0,0.0,0.0,37.517187500256114,39.07747660094452,0.0,0.0,27.35423362066115,0.0
2050-10-11 23:00:00,0.0,0.0,0.0,0.0,0.0,34.58368750021327,39.07747660094452,0.0,0.0,27.35423362066115,0.0
2050-10-12 00:00:00,0.0,0.0,0.0,0.0,0.0,30.36550000018906,39.07747660094452,0.0,0.0,27.35423362066115,0.0
2050-10-12 01:00:00,0.0,0.0,0.0,0.0,0.0,27.50050000019837,39.07747660094452,0.0,0.0,27.35423362066115,0.0
2050-10-12 02:00:00,0.0,0.0,0.0,0.0,0.0,25.00125000020489,39.07747660094452,0.0,0.0,27.35423362066115,0.0
2050-10-12 03:00:00,0.0,0.0,0.0,0.0,0.0,23.31600000022445,39.07747660094452,0.0,0.0,27.35423362066115,0.0
2050-10-12 04:00:00,0.0,0.0,0.0,0.0,0.0,22.56787500018254,39.07747660094452,0.0,0.0,27.35423362066115,0.0
2050-10-12 05:00:00,0.0,0.0,0.0,0.0,0.0,22.01750000019092,39.07747660094452,0.0,0.0,27.35423362066115,0.0
2050-10-12 06:00:00,0.0,0.0,0.0,0.0,0.0,21.27231250028126,39.07747660094452,0.0,0.0,27.35423362066115,0.0
2050-10-12 07:00:00,0.0,0.0,0.0,0.0,0.0,20.636750000179745,39.07747660094452,0.0,0.0,27.35423362066115,0.0
2050-10-12 08:00:00,0.0,0.0,0.0,0.0,0.0,23.294500000192784,39.07747660094452,0.0,0.0,27.35423362066115,0.0
2050-10-12 09:00:00,0.0,0.0,0.0,0.0,0.0,26.623812500271015,39.07747660094452,0.0,0.0,27.35423362066115,0.0
2050-10-12 10:00:00,0.0,0.0,0.0,0.0,0.0,29.58362500020303,39.07747660094452,0.0,0.0,27.35423362066115,0.0
2050-10-12 11:00:00,0.0,0.0,0.0,0.0,0.0,31.708812500233762,39.07747660094452,0.0,0.0,27.35423362066115,0.0
2050-10-12 12:00:00,0.0,0.0,0.0,0.0,0.0,32.67956250021234,39.07747660094452,0.0,0.0,27.35423362066115,0.0
2050-10-12 13:00:00,0.0,0.0,0.0,0.0,0.0,33.88112500018906,39.07747660094452,0.0,0.0,27.35423362066115,0.0
2050-10-12 14:00:00,0.0,0.0,0.0,0.0,0.0,32.852125000208616,39.07747660094452,0.0,0.0,27.35423362066115,0.0
2050-10-12 15:00:00,0.0,0.0,0.0,0.0,0.0,31.537500000209548,39.07747660094452,0.0,0.0,27.35423362066115,0.0
2050-10-12 16:00:00,0.0,0.0,0.0,0.0,0.0,30.859125000191852,39.07747660094452,0.0,0.0,27.35423362066115,0.0
2050-10-12 17:00:00,0.0,0.0,0.0,0.0,0.0,30.997437500278465,39.07747660094452,0.0,0.0,27.35423362066115,0.0
2050-10-12 18:00:00,0.0,0.0,0.0,0.0,0.0,31.117125000222586,39.07747660094452,0.0,0.0,27.35423362066115,0.0
2050-10-12 19:00:00,0.0,0.0,0.0,0.0,0.0,31.228125000256114,39.07747660094452,0.0,0.0,27.35423362066115,0.0
2050-10-12 20:00:00,0.0,0.0,0.0,0.0,0.0,33.19256250024773,39.07747660094452,0.0,0.0,27.35423362066115,0.0
2050-10-12 21:00:00,0.0,0.0,0.0,0.0,0.0,34.720937500242144,39.07747660094452,0.0,0.0,27.35423362066115,0.0
2050-10-12 22:00:00,0.0,0.0,0.0,0.0,0.0,33.57268750027288,39.07747660094452,0.0,0.0,27.35423362066115,0.0
2050-10-12 23:00:00,0.0,0.0,0.0,0.0,0.0,31.36743750027381,39.07747660094452,0.0,0.0,27.354233620661162,0.0
2050-10-13 00:00:00,0.0,0.0,0.0,0.0,0.0,28.87256250018254,39.07747660094452,0.0,0.0,27.35423362066115,0.0
2050-10-13 01:00:00,0.0,0.0,0.0,0.0,0.0,26.16693750023842,39.07747660094452,0.0,0.0,27.35423362066115,0.0
2050-10-13 02:00:00,0.0,0.0,0.0,0.0,0.0,24.233500000205822,39.07747660094452,0.0,0.0,27.35423362066115,0.0
2050-10-13 03:00:00,0.0,0.0,0.0,0.0,0.0,23.421562500181608,39.07747660094452,0.0,0.0,27.35423362066115,0.0
2050-10-13 04:00:00,0.0,0.0,0.0,0.0,0.0,23.202529123518616,39.07747660094452,0.0,0.0,27.35423362066115,0.0
2050-10-13 05:00:00,0.0,0.0,0.0,0.0,0.0,22.190136160119437,39.07747660094452,0.0,0.0,27.35423362066115,0.0
2050-10-13 06:00:00,0.0,0.0,0.0,0.0,0.0,21.439079834264703,39.07747660094452,0.0,0.0,27.35423362066115,0.0
2050-10-13 07:00:00,0.0,0.0,0.0,0.0,0.0,19.573982910369523,39.07747660094452,0.0,0.0,27.35423362066115,0.0
2050-10-13 08:00:00,0.0,0.0,0.0,0.0,0.0,20.846763183828443,39.07747660094452,0.0,0.0,27.35423362066115,0.0
2050-10-13 09:00:00,0.0,0.0,0.0,0.0,0.0,23.44432714872528,39.07747660094452,0.0,0.0,27.35423362066115,0.0
2050-10-13 10:00:00,0.0,0.0,0.0,0.0,0.0,25.801905273692682,0.0,0.0,0.0,0.0,0.0
2050-10-13 11:00:00,0.0,0.0,0.0,0.0,0.0,28.914721679873765,0.0,0.0,0.0,0.0,0.0
2050-10-13 12:00:00,0.0,0.0,0.0,0.0,0.0,31.00990820338484,0.0,0.0,0.0,0.0,0.0
2050-10-13 13:00:00,0.0,0.0,0.0,0.0,0.0,32.44045507838018,0.0,0.0,0.0,0.0,0.0
2050-10-13 14:00:00,0.0,0.0,0.0,0.0,0.0,32.4717871096218,24.756164386239547,0.0,0.0,17.32931507036768,0.0
2050-10-13 15:00:00,0.0,0.0,0.0,0.0,0.0,31.76065820339136,19.606953622012057,0.0,0.0,13.724867535408439,0.0
2050-10-13 16:00:00,0.0,0.0,0.0,0.0,0.0,30.88188281271141,14.595467148542687,0.0,0.0,10.21682700397988,0.0
2050-10-13 17:00:00,0.0,0.0,0.0,0.0,0.0,30.137460937723517,14.638374445328822,0.0,0.0,10.246862111730174,0.0
2050-10-13 18:00:00,0.0,0.0,0.0,0.0,0.0,29.927402343950234,14.686491358537719,0.0,0.0,10.280543950976403,0.0
2050-10-13 19:00:00,0.0,0.0,0.0,0.0,0.0,31.192035156534985,9.955005882965828,0.0,0.0,6.96850411807608,0.0
2050-10-13 20:00:00,0.0,0.0,0.0,0.0,0.0,32.954164062743075,6.310672427460908,0.0,0.0,4.417470699222635,0.0
2050-10-13 21:00:00,0.0,0.0,0.0,0.0,0.0,35.80416015652008,8.912690473894529,0.0,0.0,6.23888333172617,0.0
2050-10-13 22:00:00,0.0,0.0,0.0,0.0,0.0,34.87179687526077,0.0,0.0,0.0,0.0,0.0
2050-10-13 23:00:00,0.0,0.0,0.0,0.0,0.0,31.99289062526077,0.0,2.7382650488036764,0.0,0.0,2.7941480089833433
2050-10-14 00:00:00,0.0,0.0,0.0,0.0,0.0,28.39314843772445,0.0,0.0,0.0,0.0,0.0
2050-10-14 01:00:00,0.0,0.0,0.0,0.0,0.0,25.033796875271946,0.0,0.0,0.0,0.0,0.0
2050-10-14 02:00:00,0.0,0.0,0.0,0.0,0.0,22.641492187744007,0.0,0.0,0.0,0.0,0.0
2050-10-14 03:00:00,0.0,0.0,0.0,0.0,0.0,21.45200000028126,0.0,0.0,0.0,0.0,0.0
2050-10-14 04:00:00,0.0,0.0,0.0,0.0,0.0,21.00475781271234,0.0,0.0,0.0,0.0,0.0
2050-10-14 05:00:00,0.0,0.0,0.0,0.0,0.0,21.24418750021141,0.0,0.0,0.0,0.0,0.0
2050-10-14 06:00:00,0.0,0.0,0.0,0.0,0.0,23.63140625017695,0.0,0.0,0.0,0.0,0.0
2050-10-14 07:00:00,0.0,0.0,0.0,0.0,0.0,26.837507812771946,0.0,0.0,0.0,0.0,0.0
2050-10-14 08:00:00,0.0,0.0,0.0,0.0,0.0,30.494734375271946,0.0,0.0,0.0,0.0,0.0
2050-10-14 09:00:00,0.0,0.0,0.0,0.0,0.0,35.73521093768068,0.0,10.733065972650593,0.0,0.0,10.952108135357747
2050-10-14 10:00:00,0.0,0.0,0.0,0.0,0.0,37.798757812706754,0.0,41.567684357547265,0.0,0.0,42.4160044464768
2050-10-14 11:00:00,0.0,0.0,0.0,0.0,0.0,39.018171875271946,0.0,38.26346587321012,0.0,0.0,39.044352931847065
2050-10-14 12:00:00,0.0,0.0,0.0,0.0,0.0,39.16436718776822,0.0,29.409750308973084,0.0,0.0,30.009949294870495
2050-10-14 13:00:00,0.0,0.0,0.0,0.0,0.0,39.330687500187196,0.0,0.35196318496962864,0.0,0.0,0.359146107111866
2050-10-14 14:00:00,0.0,0.0,0.0,0.0,0.0,38.052000000257976,0.0,0.0,0.0,0.0,0.0
2050-10-14 15:00:00,0.0,0.0,0.0,0.0,0.0,37.95809375029057,0.0,0.0,0.0,0.0,0.0
2050-10-14 16:00:00,0.0,0.0,0.0,0.0,0.0,37.59267968777567,0.0,0.0,0.0,0.0,0.0
2050-10-14 17:00:00,0.0,0.0,0.0,0.0,0.0,36.899406250217,0.0,4.640425909675708,0.0,0.0,4.7351284792609265
2050-10-14 18:00:00,0.0,0.0,0.0,0.0,0.0,37.25520312518347,0.0,10.599295780964491,0.0,0.0,10.815607939759685
2050-10-14 19:00:00,0.0,0.0,0.0,0.0,0.0,37.301375000271946,0.0,14.731912994452967,0.0,0.0,15.03256428005405
2050-10-14 20:00:00,0.0,0.0,0.0,0.0,0.0,38.2784687501844,0.0,21.20750828171369,0.0,0.0,21.640314573177236
2050-10-14 21:00:00,0.0,0.0,0.0,0.0,0.0,39.90765625028871,0.0,29.181693450791496,0.0,0.0,29.777238215093366
2050-10-14 22:00:00,0.0,0.0,0.0,0.0,0.0,37.80435937526636,0.0,40.43283878969342,0.0,0.0,41.257998764993296
2050-10-14 23:00:00,0.0,0.0,0.0,0.0,0.0,34.56492187525146,0.0,37.279484584915885,0.0,0.0,38.04029039277131
2050-10-15 00:00:00,0.0,0.0,0.0,0.0,0.0,28.913546875235625,0.0,29.254761140463774,0.0,0.0,29.851797082105893
2050-10-15 01:00:00,0.0,0.0,0.0,0.0,0.0,25.25998437521048,0.0,28.806787694909218,0.0,0.0,29.394681321335938
2050-10-15 02:00:00,0.0,0.0,0.0,0.0,0.0,23.834390625241213,0.0,30.538921299705827,0.0,0.0,31.16216459153656
2050-10-15 03:00:00,0.0,0.0,0.0,0.0,0.0,22.516765625216067,0.0,32.871565834482475,0.0,0.0,33.542414116818854
2050-10-15 04:00:00,0.0,0.0,0.0,0.0,0.0,21.82937500020489,0.0,38.279730609333214,0.0,0.0,39.06094960136042
2050-10-15 05:00:00,0.0,0.0,0.0,0.0,0.0,21.975296875229105,0.0,40.04326297901912,0.0,0.0,40.860472427570535
2050-10-15 06:00:00,0.0,0.0,0.0,0.0,0.0,23.99925000022631,0.0,43.739950495954254,0.0,0.0,44.63260254689209
2050-10-15 07:00:00,0.0,0.0,0.0,0.0,0.0,27.254640625207685,0.0,43.73995049595425,0.0,0.0,44.63260254689209
2050-10-15 08:00:00,0.0,0.0,0.0,0.0,0.0,30.583765625255182,0.0,43.73995049595425,0.0,0.0,44.63260254689209
2050-10-15 09:00:00,0.0,0.0,0.0,0.0,0.0,32.97518750024028,0.0,43.73995049595425,0.0,0.0,44.63260254689209
2050-10-15 10:00:00,0.0,0.0,0.0,0.0,0.0,34.36571875028312,0.0,43.73995049595425,0.0,0.0,44.63260254689209
2050-10-15 11:00:00,0.0,0.0,0.0,0.0,0.0,35.52546875027474,0.0,43.73995049595425,0.0,0.0,44.63260254689209
2050-10-15 12:00:00,0.0,0.0,0.0,0.0,0.0,36.15579687524587,0.0,43.73995049595425,0.0,0.0,44.63260254689209
2050-10-15 13:00:00,0.0,0.0,0.0,0.0,0.0,35.98898437526077,0.0,43.73995049595425,0.0,0.0,44.63260254689209
2050-10-15 14:00:00,0.0,0.0,0.0,0.0,0.0,35.00318750028964,0.0,43.73995049595425,0.0,0.0,44.63260254689209
2050-10-15 15:00:00,0.0,0.0,0.0,0.0,0.0,35.32376562524587,0.0,43.73995049595425,0.0,0.0,44.63260254689209
2050-10-15 16:00:00,0.0,0.0,0.0,0.0,0.0,35.532609375193715,0.0,43.73995049595425,0.0,0.0,44.63260254689209
2050-10-15 17:00:00,0.0,0.0,0.0,0.0,0.0,35.61000000021886,0.0,43.73995049595425,0.0,0.0,44.63260254689209
2050-10-15 18:00:00,0.0,0.0,0.0,0.0,0.0,35.53345312527381,0.0,43.73995049595425,0.0,0.0,44.63260254689209
2050-10-15 19:00:00,0.0,0.0,0.0,0.0,0.0,35.31865625025239,0.0,43.73995049595425,0.0,0.0,44.63260254689209
2050-10-15 20:00:00,0.0,0.0,0.0,0.0,0.0,34.99525000026915,0.0,43.73995049595425,0.0,0.0,44.63260254689209
2050-10-15 21:00:00,0.0,0.0,0.0,0.0,0.0,36.93739062524401,0.0,43.73995049595425,0.0,0.0,44.63260254689209
2050-10-15 22:00:00,0.0,0.0,0.0,0.0,0.0,36.36078125028871,0.0,43.73995049595425,0.0,0.0,44.63260254689209
2050-10-15 23:00:00,0.0,0.0,0.0,0.0,0.0,33.28207812528126,0.0,43.73995049595425,0.0,0.0,44.63260254689209
2050-10-16 00:00:00,0.0,0.0,0.0,0.0,0.0,29.860062500229105,0.0,43.73995049595425,0.0,0.0,44.63260254689209
2050-10-16 01:00:00,0.0,0.0,0.0,0.0,0.0,26.701937500271015,0.0,43.73995049595425,0.0,0.0,44.63260254689209
2050-10-16 02:00:00,0.0,0.0,0.0,0.0,0.0,24.844078125199303,0.0,43.73995049595425,0.0,0.0,44.63260254689209
2050-10-16 03:00:00,0.0,0.0,0.0,0.0,0.0,23.56985937524587,0.0,43.73995049595425,0.0,0.0,44.63260254689209
2050-10-16 04:00:00,0.0,0.0,0.0,0.0,0.0,23.046718750265427,0.0,43.73995049595425,0.0,0.0,44.63260254689209
2050-10-16 05:00:00,0.0,0.0,0.0,0.0,0.0,23.167125000269152,0.0,43.73995049595425,0.0,0.0,44.63260254689209
2050-10-16 06:00:00,0.0,0.0,0.0,0.0,0.0,24.535093750222586,0.0,43.73995049595425,0.0,0.0,44.63260254689209
2050-10-16 07:00:00,0.0,0.0,0.0,0.0,0.0,26.820093750255182,0.0,43.73995049595425,0.0,0.0,44.63260254689209
2050-10-16 08:00:00,0.0,0.0,0.0,0.0,0.0,30.958343750215136,0.0,43.73995049595425,0.0,0.0,44.63260254689209
2050-10-16 09:00:00,0.0,0.0,0.0,0.0,0.0,36.42512500018347,0.0,43.73995049595425,0.0,0.0,44.63260254689209
2050-10-16 10:00:00,0.0,0.0,0.0,0.0,0.0,37.90978125028778,0.0,43.73995049595425,0.0,0.0,44.63260254689209
2050-10-16 11:00:00,0.0,0.0,0.0,0.0,0.0,38.764531250228174,0.0,43.73995049595425,0.0,0.0,44.63260254689209
2050-10-16 12:00:00,0.0,0.0,0.0,0.0,0.0,39.00309375021607,0.0,43.73995049595425,0.0,0.0,44.63260254689209
2050-10-16 13:00:00,0.0,0.0,0.0,0.0,0.0,38.80831250024494,0.0,43.73995049595425,0.0,0.0,44.63260254689209
2050-10-16 14:00:00,0.0,0.0,0.0,0.0,0.0,37.63018750026822,0.0,43.73995049595425,0.0,0.0,44.63260254689209
2050-10-16 15:00:00,0.0,0.0,0.0,0.0,0.0,38.12371875019744,0.0,43.73995049595425,0.0,0.0,44.63260254689209
2050-10-16 16:00:00,0.0,0.0,0.0,0.0,0.0,37.42762500024401,0.0,43.73995049595425,0.0,0.0,44.63260254689209
2050-10-16 17:00:00,0.0,0.0,0.0,0.0,0.0,35.6829687502468,0.0,43.73995049595425,0.0,0.0,44.63260254689209
2050-10-16 18:00:00,0.0,0.0,0.0,0.0,0.0,35.25050000019837,0.0,43.73995049595425,0.0,0.0,44.63260254689209
2050-10-16 19:00:00,0.0,0.0,0.0,0.0,0.0,35.18078125023749,0.0,43.73995049595425,0.0,0.0,44.63260254689209
2050-10-16 20:00:00,0.0,0.0,0.0,0.0,0.0,35.96746875019744,0.0,43.73995049595425,0.0,0.0,44.63260254689209
2050-10-16 21:00:00,0.0,0.0,0.0,0.0,0.0,37.72062500019092,0.0,43.73995049595425,0.0,0.0,44.63260254689209
2050-10-16 22:00:00,0.0,0.0,0.0,0.0,0.0,36.03090625023469,0.0,43.73995049595425,0.0,0.0,44.63260254689209
2050-10-16 23:00:00,0.0,0.0,0.0,0.0,0.0,33.14743750018533,0.0,43.73995049595425,0.0,0.0,44.63260254689209
2050-10-17 00:00:00,0.0,0.0,0.0,0.0,0.0,29.617750000208616,0.0,43.73995049595425,0.0,0.0,44.63260254689209
2050-10-17 01:00:00,0.0,0.0,0.0,0.0,0.0,26.468437500181608,0.0,43.73995049595425,0.0,0.0,44.63260254689209
2050-10-17 02:00:00,0.0,0.0,0.0,0.0,0.0,24.15181250020396,0.0,39.48905565241306,0.0,0.0,40.294954747360265
2050-10-17 03:00:00,0.0,0.0,0.0,0.0,0.0,22.972437500255182,0.0,28.126891098325792,0.0,0.0,28.700909284005913
2050-10-17 04:00:00,0.0,0.0,0.0,0.0,0.0,22.081125000258908,0.0,14.947825500621159,0.0,0.0,15.252883163899144
2050-10-17 05:00:00,0.0,0.0,0.0,0.0,0.0,22.174281250219792,0.0,0.9872257257761224,0.0,0.0,1.0073731895674718
2050-10-17 06:00:00,0.0,0.0,0.0,0.0,0.0,24.05153125023935,0.0,8.99431524903225,0.0,0.0,9.177872703094135
2050-10-17 07:00:00,0.0,0.0,0.0,0.0,0.0,27.15521875023842,0.0,12.07286404645477,0.0,0.0,12.319249026994664
2050-10-17 08:00:00,0.0,0.0,0.0,0.0,0.0,30.948375000269152,0.0,20.259034280636445,0.0,0.0,20.67248395983311
2050-10-17 09:00:00,0.0,0.0,0.0,0.0,0.0,33.80631250026636,0.0,25.656549416984706,0.0,0.0,26.180152466310926
2050-10-17 10:00:00,0.0,0.0,0.0,0.0,0.0,34.97509375028312,0.0,43.73995049595425,0.0,0.0,44.63260254689209
2050-10-17 11:00:00,0.0,0.0,0.0,0.0,0.0,36.20681250025518,0.0,43.73995049595425,0.0,0.0,44.63260254689209
2050-10-17 12:00:00,0.0,0.0,0.0,0.0,0.0,36.212375000235625,0.0,22.70887411499904,0.0,0.0,23.172320525509225
2050-10-17 13:00:00,0.0,0.0,0.0,0.0,0.0,36.276750000193715,0.0,0.0,0.0,0.0,0.0
2050-10-17 14:00:00,0.0,0.0,0.0,0.0,0.0,35.69709375023376,0.0,0.0,0.0,0.0,0.0
2050-10-17 15:00:00,0.0,0.0,0.0,0.0,0.0,35.651250000228174,0.0,0.0,0.0,0.0,0.0
2050-10-17 16:00:00,0.0,0.0,0.0,0.0,0.0,35.1673437502468,0.0,0.0,0.0,0.0,0.0
2050-10-17 17:00:00,0.0,0.0,0.0,0.0,0.0,34.10584375017788,0.0,0.0,0.0,0.0,0.0
2050-10-17 18:00:00,0.0,0.0,0.0,0.0,0.0,33.75818750017788,0.0,0.0,0.0,0.0,0.0
2050-10-17 19:00:00,0.0,0.0,0.0,0.0,0.0,33.421312500257045,0.0,0.0,0.0,0.0,0.0
2050-10-17 20:00:00,0.0,0.0,0.0,0.0,0.0,34.814562500221655,0.0,0.0,0.0,0.0,0.0
2050-10-17 21:00:00,0.0,0.0,0.0,0.0,0.0,37.60862500022631,0.0,0.0,0.0,0.0,0.0
2050-10-17 22:00:00,0.0,0.0,0.0,0.0,0.0,35.911125000217,0.0,0.0,0.0,0.0,0.0
2050-10-17 23:00:00,0.0,0.0,0.0,0.0,0.0,33.41937500028871,0.0,0.0,0.0,0.0,0.0
2050-10-18 00:00:00,0.0,0.0,0.0,0.0,0.0,29.955218750284985,0.0,0.0,0.0,0.0,0.0
2050-10-18 01:00:00,0.0,0.0,0.0,0.0,0.0,26.794187500257976,0.0,0.0,0.0,0.0,0.0
2050-10-18 02:00:00,0.0,0.0,0.0,0.0,0.0,24.502187500242144,0.0,0.0,0.0,0.0,0.0
2050-10-18 03:00:00,0.0,0.0,0.0,0.0,0.0,23.011125000193715,0.0,0.0,0.0,0.0,0.0
2050-10-18 04:00:00,0.0,0.0,0.0,0.0,0.0,22.51887500018347,0.0,0.0,0.0,0.0,0.0
2050-10-18 05:00:00,0.0,0.0,0.0,0.0,0.0,22.049687500228174,0.0,0.0,0.0,0.0,0.0
2050-10-18 06:00:00,0.0,0.0,0.0,0.0,0.0,23.323937500244938,0.0,0.0,0.0,0.0,0.0
2050-10-18 07:00:00,0.0,0.0,0.0,0.0,0.0,25.782468750257976,0.0,0.0,0.0,0.0,0.0
2050-10-18 08:00:00,0.0,0.0,0.0,0.0,0.0,30.884625000180677,0.0,0.0,0.0,0.0,0.0
2050-10-18 09:00:00,0.0,0.0,0.0,0.0,0.0,35.08753125020303,0.0,0.0,0.0,0.0,0.0
2050-10-18 10:00:00,0.0,0.0,0.0,0.0,0.0,36.75262500019744,0.0,0.0,0.0,0.0,0.0
2050-10-18 11:00:00,0.0,0.0,0.0,0.0,0.0,38.27371875022072,0.0,0.0,0.0,0.0,0.0
2050-10-18 12:00:00,0.0,0.0,0.0,0.0,0.0,39.091375000192784,0.0,0.0,0.0,0.0,0.0
2050-10-18 13:00:00,0.0,0.0,0.0,0.0,0.0,39.89440625021234,0.0,0.0,0.0,0.0,0.0
2050-10-18 14:00:00,0.0,0.0,0.0,0.0,0.0,38.34903125022538,0.0,0.0,0.0,0.0,0.0
2050-10-18 15:00:00,0.0,0.0,0.0,0.0,0.0,37.92421875020955,0.0,0.0,0.0,0.0,0.0
2050-10-18 16:00:00,0.0,0.0,0.0,0.0,0.0,37.02703125018161,0.0,0.0,0.0,0.0,0.0
2050-10-18 17:00:00,0.0,0.0,0.0,0.0,0.0,36.174468750250526,0.0,0.0,0.0,0.0,0.0
2050-10-18 18:00:00,0.0,0.0,0.0,0.0,0.0,36.37921875028405,0.0,0.0,0.0,0.0,0.0
2050-10-18 19:00:00,0.0,0.0,0.0,0.0,0.0,35.67915625020396,0.0,0.0,0.0,0.0,0.0
2050-10-18 20:00:00,0.0,0.0,0.0,0.0,0.0,35.85296875028871,0.0,0.0,0.0,0.0,0.0
2050-10-18 21:00:00,0.0,0.0,0.0,0.0,0.0,38.77771875017788,0.0,0.0,0.0,0.0,0.0
2050-10-18 22:00:00,0.0,0.0,0.0,0.0,0.0,37.664750000229105,0.0,0.0,0.0,0.0,0.0
2050-10-18 23:00:00,0.0,0.0,0.0,0.0,0.0,35.09968750027474,0.0,0.0,0.0,0.0,0.0
2050-10-19 00:00:00,0.0,0.0,0.0,0.0,0.0,30.62956250028219,0.0,0.0,0.0,0.0,0.0
2050-10-19 01:00:00,0.0,0.0,0.0,0.0,0.0,27.37056250020396,0.0,0.0,0.0,0.0,0.0
2050-10-19 02:00:00,0.0,0.0,0.0,0.0,0.0,25.77203125017695,0.0,0.0,0.0,0.0,0.0
2050-10-19 03:00:00,0.0,0.0,0.0,0.0,0.0,24.42540625028778,0.0,0.0,0.0,0.0,0.0
2050-10-19 04:00:00,0.0,0.0,0.0,0.0,0.0,22.952250000205822,0.0,0.0,0.0,0.0,0.0
2050-10-19 05:00:00,0.0,0.0,0.0,0.0,0.0,22.261656250222586,0.0,0.0,0.0,0.0,0.0
2050-10-19 06:00:00,0.0,0.0,0.0,0.0,0.0,22.17831250024028,0.0,0.0,0.0,0.0,0.0
2050-10-19 07:00:00,0.0,0.0,0.0,0.0,0.0,21.904125000233762,0.0,0.0,0.0,0.0,0.0
2050-10-19 08:00:00,0.0,0.0,0.0,0.0,0.0,25.109062500181608,0.0,0.0,0.0,0.0,0.0
2050-10-19 09:00:00,0.0,0.0,0.0,0.0,0.0,29.93106250022538,0.0,0.0,0.0,0.0,0.0
2050-10-19 10:00:00,0.0,0.0,0.0,0.0,0.0,33.39287500025239,0.0,0.0,0.0,0.0,0.0
2050-10-19 11:00:00,0.0,0.0,0.0,0.0,0.0,35.71468750026543,0.0,0.0,0.0,0.0,0.0
2050-10-19 12:00:00,0.0,0.0,0.0,0.0,0.0,36.70175000024028,0.0,0.0,0.0,0.0,0.0
2050-10-19 13:00:00,0.0,0.0,0.0,0.0,0.0,36.654857269488275,0.0,0.0,0.0,0.0,0.0
2050-10-19 14:00:00,0.0,0.0,0.0,0.0,0.0,35.4848580629332,0.0,0.0,0.0,0.0,0.0
2050-10-19 15:00:00,0.0,0.0,0.0,0.0,0.0,34.80619238305371,0.0,0.0,0.0,0.0,0.0
2050-10-19 16:00:00,0.0,0.0,0.0,0.0,0.0,32.16982568381354,0.0,0.0,0.0,0.0,0.0
2050-10-19 17:00:00,0.0,0.0,0.0,0.0,0.0,32.54098046896979,0.0,0.0,0.0,0.0,0.0
2050-10-19 18:00:00,0.0,0.0,0.0,0.0,0.0,32.56548828142695,0.0,0.0,0.0,0.0,0.0
2050-10-19 19:00:00,0.0,0.0,0.0,0.0,0.0,32.044219726813026,0.0,0.0,0.0,0.0,0.0
2050-10-19 20:00:00,0.0,0.0,0.0,0.0,0.0,32.331498047104105,0.0,0.0,0.0,0.0,0.0
2050-10-19 21:00:00,0.0,0.0,0.0,0.0,0.0,34.79592187528033,0.0,0.0,0.0,0.0,0.0
2050-10-19 22:00:00,0.0,0.0,0.0,0.0,0.0,33.73299804714043,0.0,0.0,0.0,0.0,0.0
2050-10-19 23:00:00,0.0,0.0,0.0,0.0,0.0,31.913078125216998,0.0,0.0,0.0,0.0,0.0
2050-10-20 00:00:00,0.0,0.0,0.0,0.0,0.0,29.680906250257976,0.0,0.0,0.0,0.0,0.0
2050-10-20 01:00:00,0.0,0.0,0.0,0.0,0.0,27.153863281477243,0.0,0.0,0.0,0.0,0.0
2050-10-20 02:00:00,0.0,0.0,0.0,0.0,0.0,24.595179687719792,0.0,0.0,0.0,0.0,0.0
2050-10-20 03:00:00,0.0,0.0,0.0,0.0,0.0,23.068367187748663,0.0,0.0,0.0,0.0,0.0
2050-10-20 04:00:00,0.0,0.0,0.0,0.0,0.0,22.313039062777534,0.0,0.0,0.0,0.0,0.0
2050-10-20 05:00:00,0.0,0.0,0.0,0.0,0.0,21.79983984399587,0.0,0.0,0.0,0.0,0.0
2050-10-20 06:00:00,0.0,0.0,0.0,0.0,0.0,20.982792968978174,0.0,0.0,0.0,0.0,0.0
2050-10-20 07:00:00,0.0,0.0,0.0,0.0,0.0,19.283531250199303,0.0,0.0,0.0,0.0,0.0
2050-10-20 08:00:00,0.0,0.0,0.0,0.0,0.0,20.58052343770396,0.0,0.0,0.0,0.0,0.0
2050-10-20 09:00:00,0.0,0.0,0.0,0.0,0.0,22.92129296902567,0.0,0.0,0.0,0.0,0.0
2050-10-20 10:00:00,0.0,0.0,0.0,0.0,0.0,25.464773437706754,0.0,0.0,0.0,0.0,0.0
2050-10-20 11:00:00,0.0,0.0,0.0,0.0,0.0,28.145664062700234,0.0,0.0,0.0,0.0,0.0
2050-10-20 12:00:00,0.0,0.0,0.0,0.0,0.0,30.07457421894651,0.0,0.0,0.0,0.0,0.0
2050-10-20 13:00:00,0.0,0.0,0.0,0.0,0.0,31.130062500247732,0.0,0.0,0.0,0.0,0.0
2050-10-20 14:00:00,0.0,0.0,0.0,0.0,0.0,30.629039062769152,0.0,0.0,0.0,0.0,0.0
2050-10-20 15:00:00,0.0,0.0,0.0,0.0,0.0,30.09245312528219,0.0,0.0,0.0,0.0,0.0
2050-10-20 16:00:00,0.0,0.0,0.0,0.0,0.0,29.691156250191852,0.0,0.0,0.0,0.0,0.0
2050-10-20 17:00:00,0.0,0.0,0.0,0.0,0.0,30.7158203125,0.0,0.0,0.0,0.0,0.0
2050-10-20 18:00:00,0.0,0.0,0.0,0.0,0.0,31.620539062772878,0.0,0.0,0.0,0.0,0.0
2050-10-20 19:00:00,0.0,0.0,0.0,0.0,0.0,32.24347656278405,0.0,0.0,0.0,0.0,0.0
2050-10-20 20:00:00,0.0,0.0,0.0,0.0,0.0,32.98761718778405,0.0,0.0,0.0,0.0,0.0
2050-10-20 21:00:00,0.0,0.0,0.0,0.0,0.0,35.12989062524866,0.0,0.0,0.0,0.0,0.0
2050-10-20 22:00:00,0.0,0.0,0.0,0.0,0.0,33.54830468771979,0.0,0.0,0.0,0.0,0.0
2050-10-20 23:00:00,0.0,0.0,0.0,0.0,0.0,30.054890625178814,0.0,0.0,0.0,0.0,0.0
2050-10-21 00:00:00,0.0,0.0,0.0,0.0,0.0,26.703664062777534,0.0,0.0,0.0,0.0,0.0
2050-10-21 01:00:00,0.0,0.0,0.0,0.0,0.0,24.419234375236556,0.0,0.0,0.0,0.0,0.0
2050-10-21 02:00:00,0.0,0.0,0.0,0.0,0.0,22.711406250251457,0.0,0.0,0.0,0.0,0.0
2050-10-21 03:00:00,0.0,0.0,0.0,0.0,0.0,21.309929687762633,0.0,0.0,0.0,0.0,0.0
2050-10-21 04:00:00,0.0,0.0,0.0,0.0,0.0,21.34067187528126,0.0,0.0,0.0,0.0,0.0
2050-10-21 05:00:00,0.0,0.0,0.0,0.0,0.0,19.591328125214204,0.0,0.0,0.0,0.0,0.0
2050-10-21 06:00:00,0.0,0.0,0.0,0.0,0.0,22.846460937755182,0.0,0.0,0.0,0.0,0.0
2050-10-21 07:00:00,0.0,0.0,0.0,0.0,0.0,25.932953125215136,0.0,0.0,0.0,0.0,0.0
2050-10-21 08:00:00,0.0,0.0,0.0,0.0,0.0,29.27582031278871,0.0,0.0,0.0,0.0,0.0
2050-10-21 09:00:00,0.0,0.0,0.0,0.0,0.0,33.72749218775425,0.0,0.0,0.0,0.0,0.0
2050-10-21 10:00:00,0.0,0.0,0.0,0.0,0.0,33.49108593771234,0.0,0.0,0.0,0.0,0.0
2050-10-21 11:00:00,0.0,0.0,0.0,0.0,0.0,38.38306250027381,0.0,0.0,0.0,0.0,0.0
2050-10-21 12:00:00,0.0,0.0,0.0,0.0,0.0,39.17079687525984,0.0,0.0,0.0,0.0,0.0
2050-10-21 13:00:00,0.0,0.0,0.0,0.0,0.0,36.978453125222586,0.0,0.0,0.0,0.0,0.0
2050-10-21 14:00:00,0.0,0.0,0.0,0.0,0.0,24.318875000230037,0.0,0.0,0.0,0.0,0.0
2050-10-21 15:00:00,0.0,0.0,0.0,0.0,0.0,30.18243750021793,0.0,0.0,0.0,0.0,0.0
2050-10-21 16:00:00,0.0,0.0,0.0,0.0,0.0,31.732000000192784,0.0,0.0,0.0,0.0,0.0
2050-10-21 17:00:00,0.0,0.0,0.0,0.0,0.0,30.95555651874747,0.0,0.0,0.0,0.0,0.0
2050-10-21 18:00:00,0.0,0.0,0.0,0.0,0.0,31.34157775901258,0.0,0.0,0.0,0.0,0.0
2050-10-21 19:00:00,0.0,0.0,0.0,0.0,0.0,31.33944531274028,0.0,0.0,0.0,0.0,0.0
2050-10-21 20:00:00,0.0,0.0,0.0,0.0,0.0,31.92687158228364,0.0,0.0,0.0,0.0,0.0
2050-10-21 21:00:00,0.0,0.0,0.0,0.0,0.0,33.36219042993616,0.0,0.0,0.0,0.0,0.0
2050-10-21 22:00:00,0.0,0.0,0.0,0.0,0.0,32.78718847676646,0.0,0.0,0.0,0.0,0.0
2050-10-21 23:00:00,0.0,0.0,0.0,0.0,0.0,30.662488281494007,0.0,0.0,0.0,0.0,0.0
2050-10-22 00:00:00,0.0,0.0,0.0,0.0,0.0,27.55626367207151,10.731000134201471,0.0,0.0,7.511700093941029,0.0
2050-10-22 01:00:00,0.0,0.0,0.0,0.0,0.0,25.70581445330754,39.07747660094451,0.0,0.0,27.35423362066115,0.0
2050-10-22 02:00:00,0.0,0.0,0.0,0.0,0.0,23.709546875208616,39.07747660094452,0.0,0.0,27.35423362066115,0.0
2050-10-22 03:00:00,0.0,0.0,0.0,0.0,0.0,22.25426953146234,39.07747660094451,0.0,0.0,27.35423362066115,0.0
2050-10-22 04:00:00,0.0,0.0,0.0,0.0,0.0,21.2701914064819,39.07747660094452,0.0,0.0,27.35423362066115,0.0
2050-10-22 05:00:00,0.0,0.0,0.0,0.0,0.0,21.65050390653778,39.07747660094452,0.0,0.0,27.35423362066115,0.0
2050-10-22 06:00:00,0.0,0.0,0.0,0.0,0.0,23.05810546875,39.07747660094452,0.0,0.0,27.35423362066115,0.0
2050-10-22 07:00:00,0.0,0.0,0.0,0.0,0.0,26.173146484652534,39.07747660094452,0.0,0.0,27.35423362066115,0.0
2050-10-22 08:00:00,0.0,0.0,0.0,0.0,0.0,31.65099218778778,39.07747660094452,0.0,0.0,27.35423362066115,0.0
2050-10-22 09:00:00,0.0,0.0,0.0,0.0,0.0,34.7314453125,39.07747660094452,0.0,0.0,27.35423362066115,0.0
2050-10-22 10:00:00,0.0,0.0,0.0,0.0,0.0,35.78681250021327,19.127848024610053,0.0,0.0,13.389493617227036,0.0
2050-10-22 11:00:00,0.0,0.0,0.0,0.0,0.0,37.066015625256114,39.07747660094452,0.0,0.0,27.35423362066115,0.0
2050-10-22 12:00:00,0.0,0.0,0.0,0.0,0.0,37.00031250028405,39.07747660094452,0.0,0.0,27.35423362066115,0.0
2050-10-22 13:00:00,0.0,0.0,0.0,0.0,0.0,37.13667578145396,39.07747660094452,0.0,0.0,27.35423362066115,0.0
2050-10-22 14:00:00,0.0,0.0,0.0,0.0,0.0,36.13778125029057,39.07747660094452,0.0,0.0,27.35423362066115,0.0
2050-10-22 15:00:00,0.0,0.0,0.0,0.0,0.0,36.53416015650146,39.07747660094452,0.0,0.0,27.35423362066115,0.0
2050-10-22 16:00:00,0.0,0.0,0.0,0.0,0.0,36.33632421900984,39.07747660094452,0.0,0.0,27.35423362066115,0.0
2050-10-22 17:00:00,0.0,0.0,0.0,0.0,0.0,35.24579687521327,39.07747660094452,0.0,0.0,27.35423362066115,0.0
2050-10-22 18:00:00,0.0,0.0,0.0,0.0,0.0,34.46952343778685,39.07747660094452,0.0,0.0,27.35423362066115,0.0
2050-10-22 19:00:00,0.0,0.0,0.0,0.0,0.0,34.207671875250526,39.07747660094452,0.0,0.0,27.354233620661162,0.0
2050-10-22 20:00:00,0.0,0.0,0.0,0.0,0.0,35.74015625019092,39.07747660094452,0.0,0.0,27.35423362066115,0.0
2050-10-22 21:00:00,0.0,0.0,0.0,0.0,0.0,38.56201562518254,39.07747660094452,0.0,0.0,27.354233620661162,0.0
2050-10-22 22:00:00,0.0,0.0,0.0,0.0,0.0,38.432453125249594,39.07747660094452,0.0,0.0,27.354233620661162,0.0
2050-10-22 23:00:00,0.0,0.0,0.0,0.0,0.0,34.750539062777534,39.07747660094452,0.0,0.0,27.35423362066115,0.0
2050-10-23 00:00:00,0.0,0.0,0.0,0.0,0.0,30.055804687784985,39.07747660094452,0.0,0.0,27.35423362066115,0.0
2050-10-23 01:00:00,0.0,0.0,0.0,0.0,0.0,26.11182812519837,38.41386916082969,0.0,0.0,26.88970841258078,0.0
2050-10-23 02:00:00,0.0,0.0,0.0,0.0,0.0,23.917234375257976,36.31396321367369,0.0,0.0,25.41977424957158,0.0
2050-10-23 03:00:00,0.0,0.0,0.0,0.0,0.0,23.844750000280328,32.04393198129564,0.0,0.0,22.43075238690695,0.0
2050-10-23 04:00:00,0.0,0.0,0.0,0.0,0.0,22.82426562521141,22.40742817922396,0.0,0.0,15.685199725456771,0.0
2050-10-23 05:00:00,0.0,0.0,0.0,0.0,0.0,22.648750000284053,8.44670977083073,0.0,0.0,5.9126968395815105,0.0
2050-10-23 06:00:00,0.0,0.0,0.0,0.0,0.0,23.53230468777474,0.0,9.841051457821488,0.0,0.0,10.041889242674989
2050-10-23 07:00:00,0.0,0.0,0.0,0.0,0.0,27.403523437678814,0.0,18.216021090967164,0.0,0.0,18.587776623435886
2050-10-23 08:00:00,0.0,0.0,0.0,0.0,0.0,30.843585937749594,0.0,0.0,0.0,0.0,0.0
2050-10-23 09:00:00,0.0,0.0,0.0,0.0,0.0,33.90928125020582,0.0,9.838487858972712,0.0,0.0,10.03927332548236
2050-10-23 10:00:00,0.0,0.0,0.0,0.0,0.0,35.29310156276915,0.0,24.86907624618009,0.0,0.0,25.37660841446948
2050-10-23 11:00:00,0.0,0.0,0.0,0.0,0.0,36.112445312784985,0.0,12.838746543885735,0.0,0.0,13.10076177947524
2050-10-23 12:00:00,0.0,0.0,0.0,0.0,0.0,36.175921875284985,0.0,0.0,0.0,0.0,0.0
2050-10-23 13:00:00,0.0,0.0,0.0,0.0,0.0,35.64580468775239,0.0,0.0,0.0,0.0,0.0
2050-10-23 14:00:00,0.0,0.0,0.0,0.0,0.0,35.18594531272538,0.0,0.0,0.0,0.0,0.0
2050-10-23 15:00:00,0.0,0.0,0.0,0.0,0.0,35.67635156272445,0.0,0.0,0.0,0.0,0.0
2050-10-23 16:00:00,0.0,0.0,0.0,0.0,0.0,37.22360937518533,0.0,0.0,0.0,0.0,0.0
2050-10-23 17:00:00,0.0,0.0,0.0,0.0,0.0,36.73282812524121,0.0,0.0,0.0,0.0,0.0
2050-10-23 18:00:00,0.0,0.0,0.0,0.0,0.0,36.275984375271946,0.0,0.0,0.0,0.0,0.0
2050-10-23 19:00:00,0.0,0.0,0.0,0.0,0.0,36.096296875271946,0.0,4.942496885809058,0.0,0.0,5.043364169192917
2050-10-23 20:00:00,0.0,0.0,0.0,0.0,0.0,36.53404687519651,0.0,19.853103595078725,0.0,0.0,20.25826897457013
2050-10-23 21:00:00,0.0,0.0,0.0,0.0,0.0,39.087890625,0.0,38.82246718921471,0.0,0.0,39.6147624379742
2050-10-23 22:00:00,0.0,0.0,0.0,0.0,0.0,37.55512500018813,0.0,4.34472722073671,0.0,0.0,4.433395123200724
2050-10-23 23:00:00,0.0,0.0,0.0,0.0,0.0,33.99593750026543,0.0,2.617438724572235,0.0,0.0,2.67085584140024
2050-10-24 00:00:00,0.0,0.0,0.0,0.0,0.0,29.159062500228174,0.0,0.0,0.0,0.0,0.0
2050-10-24 01:00:00,0.0,0.0,0.0,0.0,0.0,25.931468750233762,0.0,0.0,0.0,0.0,0.0
2050-10-24 02:00:00,0.0,0.0,0.0,0.0,0.0,22.941203125286847,0.0,0.0,0.0,0.0,0.0
2050-10-24 03:00:00,0.0,0.0,0.0,0.0,0.0,20.458812500233762,0.0,0.0,0.0,0.0,0.0
2050-10-24 04:00:00,0.0,0.0,0.0,0.0,0.0,21.042281250236556,0.0,0.0,0.0,0.0,0.0
2050-10-24 05:00:00,0.0,0.0,0.0,0.0,0.0,20.99601562519092,0.0,0.0,0.0,0.0,0.0
2050-10-24 06:00:00,0.0,0.0,0.0,0.0,0.0,21.614500000257976,0.0,0.0,0.0,0.0,0.0
2050-10-24 07:00:00,0.0,0.0,0.0,0.0,0.0,24.815843750257045,0.5772872277807579,0.0,0.0,0.4041010594465305,0.0
2050-10-24 08:00:00,0.0,0.0,0.0,0.0,0.0,30.075343750184402,9.021251734719598,0.0,0.0,6.314876214303719,0.0
2050-10-24 09:00:00,0.0,0.0,0.0,0.0,0.0,35.04204687522724,14.502602467161317,0.0,0.0,10.151821727012921,0.0
2050-10-24 10:00:00,0.0,0.0,0.0,0.0,0.0,37.22042187524494,0.0,0.0,0.0,0.0,0.0
2050-10-24 11:00:00,0.0,0.0,0.0,0.0,0.0,37.86562500020955,0.0,0.0,0.0,0.0,0.0
2050-10-24 12:00:00,0.0,0.0,0.0,0.0,0.0,38.82078125025146,0.0,0.0,0.0,0.0,0.0
2050-10-24 13:00:00,0.0,0.0,0.0,0.0,0.0,38.477296875207685,0.0,0.0,0.0,0.0,0.0
2050-10-24 14:00:00,0.0,0.0,0.0,0.0,0.0,37.11687500018161,21.796289395961544,0.0,0.0,15.25740257717308,0.0
2050-10-24 15:00:00,0.0,0.0,0.0,0.0,0.0,37.373187500284985,27.160051966612144,0.0,0.0,19.0120363766285,0.0
2050-10-24 16:00:00,0.0,0.0,0.0,0.0,0.0,36.83637500018813,39.07747660094452,0.0,0.0,27.35423362066115,0.0
2050-10-24 17:00:00,0.0,0.0,0.0,0.0,0.0,36.54153125023004,31.97617082205135,0.0,0.0,22.383319575435944,0.0
2050-10-24 18:00:00,0.0,0.0,0.0,0.0,0.0,35.96296875027474,39.07747660094452,0.0,0.0,27.35423362066115,0.0
2050-10-24 19:00:00,0.0,0.0,0.0,0.0,0.0,35.329390625236556,39.07747660094452,0.0,0.0,27.35423362066115,0.0
2050-10-24 20:00:00,0.0,0.0,0.0,0.0,0.0,33.492343750200234,39.07747660094452,0.0,0.0,27.35423362066115,0.0
2050-10-24 21:00:00,0.0,0.0,0.0,0.0,0.0,36.2192812502617,39.07747660094452,0.0,0.0,27.35423362066115,0.0
2050-10-24 22:00:00,0.0,0.0,0.0,0.0,0.0,35.36750000028405,21.366492506150955,0.0,0.0,14.956544754305668,0.0
2050-10-24 23:00:00,0.0,0.0,0.0,0.0,0.0,32.452437500236556,30.98733702390167,0.0,0.0,21.691135916731167,0.0
2050-10-25 00:00:00,0.0,0.0,0.0,0.0,0.0,28.486109375255182,26.69718052267617,0.0,0.0,18.688026365873316,0.0
2050-10-25 01:00:00,0.0,0.0,0.0,0.0,0.0,25.645500000216998,18.61817134103485,0.0,0.0,13.032719938724393,0.0
2050-10-25 02:00:00,0.0,0.0,0.0,0.0,0.0,23.34396875021048,16.299155856455293,0.0,0.0,11.409409099518705,0.0
2050-10-25 03:00:00,0.0,0.0,0.0,0.0,0.0,22.309546875185333,14.05270612193966,0.0,0.0,9.836894285357761,0.0
2050-10-25 04:00:00,0.0,0.0,0.0,0.0,0.0,21.96706250018906,5.658885498248466,0.0,0.0,3.961219848773926,0.0
2050-10-25 05:00:00,0.0,0.0,0.0,0.0,0.0,22.00660937523935,0.0,4.828069740370996,0.0,0.0,4.926601775888772
2050-10-25 06:00:00,0.0,0.0,0.0,0.0,0.0,23.19268750026822,0.0,17.10449832993776,0.0,0.0,17.453569724426284
2050-10-25 07:00:00,0.0,0.0,0.0,0.0,0.0,25.20046875020489,0.0,27.47795963527151,0.0,0.0,28.038734321705622
2050-10-25 08:00:00,0.0,0.0,0.0,0.0,0.0,28.867031250265427,0.0,38.33974916160791,0.0,0.0,39.1221930220489
2050-10-25 09:00:00,0.0,0.0,0.0,0.0,0.0,34.70059375022538,0.0,43.73995049595425,0.0,0.0,44.63260254689209
2050-10-25 10:00:00,0.0,0.0,0.0,0.0,0.0,37.74401562521234,0.0,43.73995049595425,0.0,0.0,44.63260254689209
2050-10-25 11:00:00,0.0,0.0,0.0,0.0,0.0,39.327164062764496,0.0,43.73995049595425,0.0,0.0,44.63260254689209
2050-10-25 12:00:00,0.0,0.0,0.0,0.0,0.0,40.18489599635359,0.0,42.185640963464856,0.0,0.0,43.04657241169883
2050-10-25 13:00:00,0.0,0.0,0.0,0.0,0.0,39.78547314472962,0.0,28.471307283797888,0.0,0.0,29.05235437122234
2050-10-25 14:00:00,0.0,0.0,0.0,0.0,0.0,39.39807519549504,0.0,17.328493288673997,0.0,0.0,17.68213600885102
2050-10-25 15:00:00,0.0,0.0,0.0,0.0,0.0,38.99714062525891,0.0,9.101954473548103,0.0,0.0,9.287708646477656
2050-10-25 16:00:00,0.0,0.0,0.0,0.0,0.0,38.594850586145185,0.0,0.0,0.0,0.0,0.0
2050-10-25 17:00:00,0.0,0.0,0.0,0.0,0.0,37.57797070336528,0.0,0.0,0.0,0.0,0.0
2050-10-25 18:00:00,0.0,0.0,0.0,0.0,0.0,36.68898828153033,0.0,0.0,0.0,0.0,0.0
2050-10-25 19:00:00,0.0,0.0,0.0,0.0,0.0,34.62794335966464,0.0,0.0,0.0,0.0,0.0
2050-10-25 20:00:00,0.0,0.0,0.0,0.0,0.0,33.57177734375,0.0,0.0,0.0,0.0,0.0
2050-10-25 21:00:00,0.0,0.0,0.0,0.0,0.0,35.0337988283718,0.0,0.0,0.0,0.0,0.0
2050-10-25 22:00:00,0.0,0.0,0.0,0.0,0.0,34.5403671876993,0.0,22.35223786673363,0.0,0.0,22.808405986462894
2050-10-25 23:00:00,0.0,0.0,0.0,0.0,0.0,32.69860156276263,0.0,41.62399487414847,0.0,0.0,42.47346415729436
2050-10-26 00:00:00,0.0,0.0,0.0,0.0,0.0,29.743308593984693,0.0,42.04327490375245,0.0,0.0,42.90130092219638
2050-10-26 01:00:00,0.0,0.0,0.0,0.0,0.0,26.669761718949303,0.0,34.79505930148081,0.0,0.0,35.505162552531445
2050-10-26 02:00:00,0.0,0.0,0.0,0.0,0.0,24.319511718931608,0.0,31.22588851194833,0.0,0.0,31.863151542804424
2050-10-26 03:00:00,0.0,0.0,0.0,0.0,0.0,22.843730469001457,0.0,32.138865821763986,0.0,0.0,32.794761042616315
2050-10-26 04:00:00,0.0,0.0,0.0,0.0,0.0,21.7574960939819,0.0,33.013302284465276,0.0,0.0,33.68704314741355
2050-10-26 05:00:00,0.0,0.0,0.0,0.0,0.0,21.42949609400239,0.0,29.687481188130235,0.0,0.0,30.293348151153303
2050-10-26 06:00:00,0.0,0.0,0.0,0.0,0.0,21.764753906521946,0.0,29.039562183138237,0.0,0.0,29.632206309324733
2050-10-26 07:00:00,0.0,0.0,0.0,0.0,0.0,22.943003906519152,0.0,36.26347441370832,0.0,0.0,37.00354532011053
2050-10-26 08:00:00,0.0,0.0,0.0,0.0,0.0,25.560511718969792,0.0,43.73995049595425,0.0,0.0,44.63260254689209
2050-10-26 09:00:00,0.0,0.0,0.0,0.0,0.0,29.169019531458616,0.0,43.73995049595425,0.0,0.0,44.63260254689209
2050-10-26 10:00:00,0.0,0.0,0.0,0.0,0.0,31.706093750195578,0.0,42.2278999006257,0.0,0.0,43.08969377614868
2050-10-26 11:00:00,0.0,0.0,0.0,0.0,0.0,32.64394140650984,0.0,3.085444317441954,0.0,0.0,3.148412568818321
2050-10-26 12:00:00,0.0,0.0,0.0,0.0,0.0,33.242785156471655,0.0,0.0,0.0,0.0,0.0
2050-10-26 13:00:00,0.0,0.0,0.0,0.0,0.0,33.5900156252319,0.0,0.0,0.0,0.0,0.0
2050-10-26 14:00:00,0.0,0.0,0.0,0.0,0.0,32.61257812520489,0.0,0.0,0.0,0.0,0.0
2050-10-26 15:00:00,0.0,0.0,0.0,0.0,0.0,31.93524218769744,38.63317660819751,0.0,0.0,27.043223625738253,0.0
2050-10-26 16:00:00,0.0,0.0,0.0,0.0,0.0,31.369867187691852,39.07747660094452,0.0,0.0,27.35423362066115,0.0
2050-10-26 17:00:00,0.0,0.0,0.0,0.0,0.0,30.732226562686265,39.07747660094452,0.0,0.0,27.35423362066115,0.0
2050-10-26 18:00:00,0.0,0.0,0.0,0.0,0.0,30.800765625201166,39.07747660094452,0.0,0.0,27.35423362066115,0.0
2050-10-26 19:00:00,0.0,0.0,0.0,0.0,0.0,30.849007812677883,39.07747660094452,0.0,0.0,27.35423362066115,0.0
2050-10-26 20:00:00,0.0,0.0,0.0,0.0,0.0,30.66849218774587,39.07747660094452,0.0,0.0,27.35423362066115,0.0
2050-10-26 21:00:00,0.0,0.0,0.0,0.0,0.0,32.98322656273376,25.13583830689861,0.0,0.0,17.595086814829024,0.0
2050-10-26 22:00:00,0.0,0.0,0.0,0.0,0.0,32.60671093768906,13.55327645179728,0.0,0.0,9.487293516258095,0.0
2050-10-26 23:00:00,0.0,0.0,0.0,0.0,0.0,30.611796875251457,39.07747660094452,0.0,0.0,27.354233620661162,0.0
2050-10-27 00:00:00,0.0,0.0,0.0,0.0,0.0,27.85266406275332,34.41512411376461,0.0,0.0,24.09058687963523,0.0
2050-10-27 01:00:00,0.0,0.0,0.0,0.0,0.0,25.314171875244938,39.07747660094452,0.0,0.0,27.35423362066115,0.0
2050-10-27 02:00:00,0.0,0.0,0.0,0.0,0.0,23.52716406271793,31.21858804814766,0.0,0.0,21.85301163370336,0.0
2050-10-27 03:00:00,0.0,0.0,0.0,0.0,0.0,21.823359375237487,30.42330733931624,0.0,0.0,21.296315137521365,0.0
2050-10-27 04:00:00,0.0,0.0,0.0,0.0,0.0,20.64249218767509,39.07747660094452,0.0,0.0,27.35423362066115,0.0
2050-10-27 05:00:00,0.0,0.0,0.0,0.0,0.0,20.353906250209548,39.07747660094452,0.0,0.0,27.35423362066115,0.0
2050-10-27 06:00:00,0.0,0.0,0.0,0.0,0.0,19.24000781273935,39.07747660094452,0.0,0.0,27.35423362066115,0.0
2050-10-27 07:00:00,0.0,0.0,0.0,0.0,0.0,18.81184375018347,24.304766447437714,0.0,0.0,17.013336513206397,0.0
2050-10-27 08:00:00,0.0,0.0,0.0,0.0,0.0,19.710382812772878,39.07747660094452,0.0,0.0,27.35423362066115,0.0
2050-10-27 09:00:00,0.0,0.0,0.0,0.0,0.0,22.235492187784985,39.07747660094452,0.0,0.0,27.35423362066115,0.0
2050-10-27 10:00:00,0.0,0.0,0.0,0.0,0.0,24.81374218768906,32.54046749972929,0.0,0.0,22.778327249810502,0.0
2050-10-27 11:00:00,0.0,0.0,0.0,0.0,0.0,27.177125000278465,27.30176179688393,0.0,0.0,19.11123325781875,0.0
2050-10-27 12:00:00,0.0,0.0,0.0,0.0,0.0,29.035945312702097,39.07747660094452,0.0,0.0,27.35423362066115,0.0
2050-10-27 13:00:00,0.0,0.0,0.0,0.0,0.0,30.25811718776822,39.07747660094452,0.0,0.0,27.35423362066115,0.0
2050-10-27 14:00:00,0.0,0.0,0.0,0.0,0.0,29.86961718776729,39.07747660094452,0.0,0.0,27.35423362066115,0.0
2050-10-27 15:00:00,0.0,0.0,0.0,0.0,0.0,28.930976562784053,39.07747660094452,0.0,0.0,27.35423362066115,0.0
2050-10-27 16:00:00,0.0,0.0,0.0,0.0,0.0,29.33305468771141,39.07747660094452,0.0,0.0,27.35423362066115,0.0
2050-10-27 17:00:00,0.0,0.0,0.0,0.0,0.0,29.434671875205822,39.07747660094452,0.0,0.0,27.35423362066115,0.0
2050-10-27 18:00:00,0.0,0.0,0.0,0.0,0.0,29.72473437525332,39.07747660094452,0.0,0.0,27.35423362066115,0.0
2050-10-27 19:00:00,0.0,0.0,0.0,0.0,0.0,30.30353125021793,39.07747660094452,0.0,0.0,27.35423362066115,0.0
2050-10-27 20:00:00,0.0,0.0,0.0,0.0,0.0,31.20440625026822,39.07747660094452,0.0,0.0,27.35423362066115,0.0
2050-10-27 21:00:00,0.0,0.0,0.0,0.0,0.0,33.984437500243075,39.07747660094452,0.0,0.0,27.35423362066115,0.0
2050-10-27 22:00:00,0.0,0.0,0.0,0.0,0.0,33.767734375200234,39.07747660094452,0.0,0.0,27.35423362066115,0.0
2050-10-27 23:00:00,0.0,0.0,0.0,0.0,0.0,30.962015625205822,39.07747660094452,0.0,0.0,27.35423362066115,0.0
2050-10-28 00:00:00,0.0,0.0,0.0,0.0,0.0,27.54053125018254,39.07747660094452,0.0,0.0,27.35423362066115,0.0
2050-10-28 01:00:00,0.0,0.0,0.0,0.0,0.0,24.530234375270084,39.07747660094452,0.0,0.0,27.35423362066115,0.0
2050-10-28 02:00:00,0.0,0.0,0.0,0.0,0.0,22.476046875235625,39.07747660094452,0.0,0.0,27.35423362066115,0.0
2050-10-28 03:00:00,0.0,0.0,0.0,0.0,0.0,21.639765625237487,39.07747660094452,0.0,0.0,27.35423362066115,0.0
2050-10-28 04:00:00,0.0,0.0,0.0,0.0,0.0,20.81765625020489,39.07747660094452,0.0,0.0,27.35423362066115,0.0
2050-10-28 05:00:00,0.0,0.0,0.0,0.0,0.0,20.887046875199303,39.07747660094452,0.0,0.0,27.35423362066115,0.0
2050-10-28 06:00:00,0.0,0.0,0.0,0.0,0.0,22.31375000020489,39.07747660094452,0.0,0.0,27.35423362066115,0.0
2050-10-28 07:00:00,0.0,0.0,0.0,0.0,0.0,26.70645312522538,39.07747660094452,0.0,0.0,27.35423362066115,0.0
2050-10-28 08:00:00,0.0,0.0,0.0,0.0,0.0,30.1171875,39.07747660094452,0.0,0.0,27.35423362066115,0.0
2050-10-28 09:00:00,0.0,0.0,0.0,0.0,0.0,34.82392187521327,39.07747660094452,0.0,0.0,27.35423362066115,0.0
2050-10-28 10:00:00,0.0,0.0,0.0,0.0,0.0,37.360562500194646,4.4071594600535775,0.0,0.0,3.085011622037504,0.0
2050-10-28 11:00:00,0.0,0.0,0.0,0.0,0.0,40.40275000024121,0.0,16.662146658327554,0.0,0.0,17.002190467681178
2050-10-28 12:00:00,0.0,0.0,0.0,0.0,0.0,41.537265625200234,0.0,19.591857364661394,0.0,0.0,19.991691188429993
2050-10-28 13:00:00,0.0,0.0,0.0,0.0,0.0,40.7087187502766,0.0,21.91278951336523,0.0,0.0,22.359989299352275
2050-10-28 14:00:00,0.0,0.0,0.0,0.0,0.0,39.664093750179745,0.0,27.278383266278876,0.0,0.0,27.835084965590692
2050-10-28 15:00:00,0.0,0.0,0.0,0.0,0.0,39.52078125020489,0.0,30.86664658133001,0.0,0.0,31.496578144214297
2050-10-28 16:00:00,0.0,0.0,0.0,0.0,0.0,38.81804687518161,0.0,29.37351046859692,0.0,0.0,29.97296986591523
2050-10-28 17:00:00,0.0,0.0,0.0,0.0,0.0,37.918656250229105,0.0,27.57430309569941,0.0,0.0,28.137043975203483
2050-10-28 18:00:00,0.0,0.0,0.0,0.0,0.0,36.112109375186265,0.0,26.37555956950882,0.0,0.0,26.913836295417163
2050-10-28 19:00:00,0.0,0.0,0.0,0.0,0.0,35.8102812502766,0.0,31.9135719130593,0.0,0.0,32.564869299040105
2050-10-28 20:00:00,0.0,0.0,0.0,0.0,0.0,36.29723437526263,0.0,36.39713478589508,0.0,0.0,37.13993345499498
2050-10-28 21:00:00,0.0,0.0,0.0,0.0,0.0,38.16218750027474,0.0,43.73995049595425,0.0,0.0,44.63260254689209
2050-10-28 22:00:00,0.0,0.0,0.0,0.0,0.0,37.391812500194646,0.0,43.73995049595425,0.0,0.0,44.63260254689209
2050-10-28 23:00:00,0.0,0.0,0.0,0.0,0.0,34.53226562519558,0.0,43.73995049595425,0.0,0.0,44.63260254689209
2050-10-29 00:00:00,0.0,0.0,0.0,0.0,0.0,29.141359375207685,0.0,43.73995049595425,0.0,0.0,44.63260254689209
2050-10-29 01:00:00,0.0,0.0,0.0,0.0,0.0,25.711359375272878,0.0,43.73995049595425,0.0,0.0,44.63260254689209
2050-10-29 02:00:00,0.0,0.0,0.0,0.0,0.0,23.311015625251457,0.0,42.27901527663528,0.0,0.0,43.14185232309723
2050-10-29 03:00:00,0.0,0.0,0.0,0.0,0.0,21.778859375277534,0.0,39.507937366061086,0.0,0.0,40.31422180210315
2050-10-29 04:00:00,0.0,0.0,0.0,0.0,0.0,21.1328125,0.0,38.25818884667861,0.0,0.0,39.03896821089655
2050-10-29 05:00:00,0.0,0.0,0.0,0.0,0.0,21.43451562523842,0.0,38.73132227947541,0.0,0.0,39.52175742803613
2050-10-29 06:00:00,0.0,0.0,0.0,0.0,0.0,23.399531250237487,0.0,42.293813941678,0.0,0.0,43.156953001712246
2050-10-29 07:00:00,0.0,0.0,0.0,0.0,0.0,26.736781250219792,0.0,43.73995049595425,0.0,0.0,44.63260254689209
2050-10-29 08:00:00,0.0,0.0,0.0,0.0,0.0,30.230296875233762,0.0,43.73995049595425,0.0,0.0,44.63260254689209
2050-10-29 09:00:00,0.0,0.0,0.0,0.0,0.0,34.302921875263564,0.0,43.73995049595425,0.0,0.0,44.63260254689209
2050-10-29 10:00:00,0.0,0.0,0.0,0.0,0.0,36.345937500242144,0.0,43.73995049595425,0.0,0.0,44.63260254689209
2050-10-29 11:00:00,0.0,0.0,0.0,0.0,0.0,37.48221875028685,0.0,43.73995049595425,0.0,0.0,44.63260254689209
2050-10-29 12:00:00,0.0,0.0,0.0,0.0,0.0,37.676687500206754,0.0,43.73995049595425,0.0,0.0,44.63260254689209
2050-10-29 13:00:00,0.0,0.0,0.0,0.0,0.0,36.97017187520396,0.0,43.73995049595425,0.0,0.0,44.63260254689209
2050-10-29 14:00:00,0.0,0.0,0.0,0.0,0.0,36.26142187521327,0.0,33.46352735639017,0.0,0.0,34.14645648611243
2050-10-29 15:00:00,0.0,0.0,0.0,0.0,0.0,36.15204687521327,0.0,23.471361746980786,0.0,0.0,23.950369129572234
2050-10-29 16:00:00,0.0,0.0,0.0,0.0,0.0,35.88251562521327,0.0,11.446354915865028,0.0,0.0,11.679953995780641
2050-10-29 17:00:00,0.0,0.0,0.0,0.0,0.0,35.125812500249594,0.0,2.4652473047694294,0.0,0.0,2.5155584742545205
2050-10-29 18:00:00,0.0,0.0,0.0,0.0,0.0,34.61553125025239,0.0,2.8411838345311544,0.0,0.0,2.8991671780930153
2050-10-29 19:00:00,0.0,0.0,0.0,0.0,0.0,34.138875000178814,0.0,6.744394615284809,0.0,0.0,6.882035321719194
2050-10-29 20:00:00,0.0,0.0,0.0,0.0,0.0,34.67071875021793,0.0,15.003202599204142,0.0,0.0,15.309390407351168
2050-10-29 21:00:00,0.0,0.0,0.0,0.0,0.0,36.886906250263564,0.0,6.561080873916526,0.0,0.0,6.694980483588292
2050-10-29 22:00:00,0.0,0.0,0.0,0.0,0.0,36.23546875023749,0.0,0.0,0.0,0.0,0.0
2050-10-29 23:00:00,0.0,0.0,0.0,0.0,0.0,34.33721875026822,0.0,21.34084947635139,0.0,0.0,21.776377016685093
2050-10-30 00:00:00,0.0,0.0,0.0,0.0,0.0,30.206218750216067,0.0,23.181442103111987,0.0,0.0,23.65453275827754
2050-10-30 01:00:00,0.0,0.0,0.0,0.0,0.0,26.483593750279397,0.0,0.0,0.0,0.0,0.0
2050-10-30 02:00:00,0.0,0.0,0.0,0.0,0.0,24.610593750257976,0.0,0.0,0.0,0.0,0.0
2050-10-30 03:00:00,0.0,0.0,0.0,0.0,0.0,23.59965625021141,0.0,0.0,0.0,0.0,0.0
2050-10-30 04:00:00,0.0,0.0,0.0,0.0,0.0,22.988593750284053,0.0,0.0,0.0,0.0,0.0
2050-10-30 05:00:00,0.0,0.0,0.0,0.0,0.0,22.544625000213273,0.0,0.0,0.0,0.0,0.0
2050-10-30 06:00:00,0.0,0.0,0.0,0.0,0.0,23.16478125017602,0.0,0.0,0.0,0.0,0.0
2050-10-30 07:00:00,0.0,0.0,0.0,0.0,0.0,28.545531250187196,0.0,0.0,0.0,0.0,0.0
2050-10-30 08:00:00,0.0,0.0,0.0,0.0,0.0,32.47150000021793,0.0,0.0,0.0,0.0,0.0
2050-10-30 09:00:00,0.0,0.0,0.0,0.0,0.0,34.62087500025518,0.0,0.0,0.0,0.0,0.0
2050-10-30 10:00:00,0.0,0.0,0.0,0.0,0.0,37.39581250026822,0.0,0.0,0.0,0.0,0.0
2050-10-30 11:00:00,0.0,0.0,0.0,0.0,0.0,38.352906250278465,0.0,0.0,0.0,0.0,0.0
2050-10-30 12:00:00,0.0,0.0,0.0,0.0,0.0,38.491093750228174,0.0,0.0,0.0,0.0,0.0
2050-10-30 13:00:00,0.0,0.0,0.0,0.0,0.0,37.19553125021048,0.0,0.0,0.0,0.0,0.0
2050-10-30 14:00:00,0.0,0.0,0.0,0.0,0.0,34.93259375018533,0.0,0.0,0.0,0.0,0.0
2050-10-30 15:00:00,0.0,0.0,0.0,0.0,0.0,35.84893750026822,0.0,0.0,0.0,0.0,0.0
2050-10-30 16:00:00,0.0,0.0,0.0,0.0,0.0,35.733156250207685,0.0,0.0,0.0,0.0,0.0
2050-10-30 17:00:00,0.0,0.0,0.0,0.0,0.0,35.03462500020396,0.0,0.0,0.0,0.0,0.0
2050-10-30 18:00:00,0.0,0.0,0.0,0.0,0.0,34.21318750025239,0.0,0.0,0.0,0.0,0.0
2050-10-30 19:00:00,0.0,0.0,0.0,0.0,0.0,33.81437500019092,0.0,0.0,0.0,0.0,0.0
2050-10-30 20:00:00,0.0,0.0,0.0,0.0,0.0,34.63506250025239,0.0,0.0,0.0,0.0,0.0
2050-10-30 21:00:00,0.0,0.0,0.0,0.0,0.0,37.38521875021979,0.0,0.0,0.0,0.0,0.0
2050-10-30 22:00:00,0.0,0.0,0.0,0.0,0.0,37.36340625025332,0.0,0.0,0.0,0.0,0.0
2050-10-30 23:00:00,0.0,0.0,0.0,0.0,0.0,35.260531250271015,0.0,0.0,0.0,0.0,0.0
2050-10-31 00:00:00,0.0,0.0,0.0,0.0,0.0,30.608531250269152,0.0,0.0,0.0,0.0,0.0
2050-10-31 01:00:00,0.0,0.0,0.0,0.0,0.0,27.498531250283122,0.0,0.0,0.0,0.0,0.0
2050-10-31 02:00:00,0.0,0.0,0.0,0.0,0.0,24.702343750279397,4.49286831580131,0.0,0.0,3.1450078210609167,0.0
2050-10-31 03:00:00,0.0,0.0,0.0,0.0,0.0,22.691562500200234,0.0,0.0,0.0,0.0,0.0
2050-10-31 04:00:00,0.0,0.0,0.0,0.0,0.0,21.72453125019092,0.0,0.0,0.0,0.0,0.0
2050-10-31 05:00:00,0.0,0.0,0.0,0.0,0.0,21.834218750242144,0.0,1.807021559743251,0.0,0.0,1.8438995507584195
2050-10-31 06:00:00,0.0,0.0,0.0,0.0,0.0,19.923625000286847,0.0,0.0,0.0,0.0,0.0
2050-10-31 07:00:00,0.0,0.0,0.0,0.0,0.0,19.957000000285916,0.0,0.0,0.0,0.0,0.0
2050-10-31 08:00:00,0.0,0.0,0.0,0.0,0.0,22.043437500251457,0.0,0.0,0.0,0.0,0.0
2050-10-31 09:00:00,0.0,0.0,0.0,0.0,0.0,24.91025000018999,0.0,0.0,0.0,0.0,0.0
2050-10-31 10:00:00,0.0,0.0,0.0,0.0,0.0,27.626750000286847,0.0,0.0,0.0,0.0,0.0
2050-10-31 11:00:00,0.0,0.0,0.0,0.0,0.0,30.165812500286847,0.0,1.2118105616760937,0.0,0.0,1.2365413894654018
2050-10-31 12:00:00,0.0,0.0,0.0,0.0,0.0,31.38293750025332,0.0,0.0,0.0,0.0,0.0
2050-10-31 13:00:00,0.0,0.0,0.0,0.0,0.0,32.0446562502766,0.0,0.0,0.0,0.0,0.0
2050-10-31 14:00:00,0.0,0.0,0.0,0.0,0.0,31.72721875028219,0.0,0.0,0.0,0.0,0.0
2050-10-31 15:00:00,0.0,0.0,0.0,0.0,0.0,31.04828125028871,0.0,0.0,0.0,0.0,0.0
2050-10-31 16:00:00,0.0,0.0,0.0,0.0,0.0,30.325968750286847,0.0,0.0,0.0,0.0,0.0
2050-10-31 17:00:00,0.0,0.0,0.0,0.0,0.0,29.20953125017695,0.0,0.0,0.0,0.0,0.0
2050-10-31 18:00:00,0.0,0.0,0.0,0.0,0.0,28.618406250257976,0.0,0.0,0.0,0.0,0.0
2050-10-31 19:00:00,0.0,0.0,0.0,0.0,0.0,28.860718750278465,0.0,0.0,0.0,0.0,0.0
2050-10-31 20:00:00,0.0,0.0,0.0,0.0,0.0,29.085250000236556,0.0,0.0,0.0,0.0,0.0
2050-10-31 21:00:00,0.0,0.0,0.0,0.0,0.0,31.626093750237487,0.0,0.0,0.0,0.0,0.0
2050-10-31 22:00:00,0.0,0.0,0.0,0.0,0.0,32.30821875028778,0.0,0.0,0.0,0.0,0.0
2050-10-31 23:00:00,0.0,0.0,0.0,0.0,0.0,30.380843750201166,0.0,0.0,0.0,0.0,0.0
2050-11-01 00:00:00,0.0,0.0,0.0,0.0,0.0,34.94168750022072,0.0,0.0,0.0,0.0,0.0
2050-11-01 01:00:00,0.0,0.0,0.0,0.0,0.0,25.940593750216067,0.0,0.0,0.0,0.0,0.0
2050-11-01 02:00:00,0.0,0.0,0.0,0.0,0.0,23.88031250028871,0.0,0.0,0.0,0.0,0.0
2050-11-01 03:00:00,0.0,0.0,0.0,0.0,0.0,22.82446875027381,0.0,0.0,0.0,0.0,0.0
2050-11-01 04:00:00,0.0,0.0,0.0,0.0,0.0,22.173437500256114,0.0,0.0,0.0,0.0,0.0
2050-11-01 05:00:00,0.0,0.0,0.0,0.0,0.0,21.6204687502468,0.0,0.0,0.0,0.0,0.0
2050-11-01 06:00:00,0.0,0.0,0.0,0.0,0.0,19.96887500025332,0.0,0.0,0.0,0.0,0.0
2050-11-01 07:00:00,0.0,0.0,0.0,0.0,0.0,20.08846875024028,0.0,0.0,0.0,0.0,0.0
2050-11-01 08:00:00,0.0,0.0,0.0,0.0,0.0,21.803906250279397,0.0,0.0,0.0,0.0,0.0
2050-11-01 09:00:00,0.0,0.0,0.0,0.0,0.0,24.870656250277534,0.0,0.0,0.0,0.0,0.0
2050-11-01 10:00:00,0.0,0.0,0.0,0.0,0.0,27.391625000280328,0.0,0.0,0.0,0.0,0.0
2050-11-01 11:00:00,0.0,0.0,0.0,0.0,0.0,29.330187500221655,0.0,0.0,0.0,0.0,0.0
2050-11-01 12:00:00,0.0,0.0,0.0,0.0,0.0,30.7716562502319,0.0,0.0,0.0,0.0,0.0
2050-11-01 13:00:00,0.0,0.0,0.0,0.0,0.0,31.53993750025984,10.350431064608804,0.0,0.0,7.245301745226162,0.0
2050-11-01 14:00:00,0.0,0.0,0.0,0.0,0.0,31.19206250028219,29.60666082459644,0.0,0.0,20.724662577217504,0.0
2050-11-01 15:00:00,0.0,0.0,0.0,0.0,0.0,30.558031250257045,36.16057240802158,0.0,0.0,25.312400685615103,0.0
2050-11-01 16:00:00,0.0,0.0,0.0,0.0,0.0,30.116625000257045,37.34717124068899,0.0,0.0,26.143019868482295,0.0
2050-11-01 17:00:00,0.0,0.0,0.0,0.0,0.0,30.79584375023842,34.187487993699634,0.0,0.0,23.931241595589743,0.0
2050-11-01 18:00:00,0.0,0.0,0.0,0.0,0.0,30.33150000020396,33.26789193160456,0.0,0.0,23.28752435212319,0.0
2050-11-01 19:00:00,0.0,0.0,0.0,0.0,0.0,30.714562500244938,25.974788544113657,0.0,0.0,18.18235198087956,0.0
2050-11-01 20:00:00,0.0,0.0,0.0,0.0,0.0,31.74418750021141,25.283520165277338,0.0,0.0,17.698464115694136,0.0
2050-11-01 21:00:00,0.0,0.0,0.0,0.0,0.0,33.423843750264496,19.364794324802958,0.0,0.0,13.55535602736207,0.0
2050-11-01 22:00:00,0.0,0.0,0.0,0.0,0.0,31.693593750242144,0.14708713653977767,0.0,0.0,0.10296099557784437,0.0
2050-11-01 23:00:00,0.0,0.0,0.0,0.0,0.0,29.560406250180677,5.3486694774737344,0.0,0.0,3.744068634231614,0.0
2050-11-02 00:00:00,0.0,0.0,0.0,0.0,0.0,26.911093750270084,4.2165632860997135,0.0,0.0,2.9515943002697993,0.0
2050-11-02 01:00:00,0.0,0.0,0.0,0.0,0.0,24.37184375023935,29.082031565769363,0.0,0.0,20.35742209603855,0.0
2050-11-02 02:00:00,0.0,0.0,0.0,0.0,0.0,22.38996875018347,39.07747660094452,0.0,0.0,27.35423362066115,0.0
2050-11-02 03:00:00,0.0,0.0,0.0,0.0,0.0,21.023156250244938,39.07747660094452,0.0,0.0,27.35423362066115,0.0
2050-11-02 04:00:00,0.0,0.0,0.0,0.0,0.0,22.025625000242144,39.07747660094452,0.0,0.0,27.35423362066115,0.0
2050-11-02 05:00:00,0.0,0.0,0.0,0.0,0.0,21.601593750179745,39.07747660094452,0.0,0.0,27.35423362066115,0.0
2050-11-02 06:00:00,0.0,0.0,0.0,0.0,0.0,19.0044375002617,39.07747660094452,0.0,0.0,27.35423362066115,0.0
2050-11-02 07:00:00,0.0,0.0,0.0,0.0,0.0,19.766625000280328,39.07747660094451,0.0,0.0,27.35423362066115,0.0
2050-11-02 08:00:00,0.0,0.0,0.0,0.0,0.0,23.36593750026077,39.07747660094452,0.0,0.0,27.35423362066115,0.0
2050-11-02 09:00:00,0.0,0.0,0.0,0.0,0.0,27.279125000233762,39.07747660094451,0.0,0.0,27.35423362066115,0.0
2050-11-02 10:00:00,0.0,0.0,0.0,0.0,0.0,29.990562500199303,39.07747660094452,0.0,0.0,27.35423362066115,0.0
2050-11-02 11:00:00,0.0,0.0,0.0,0.0,0.0,32.03696875018068,39.07747660094451,0.0,0.0,27.35423362066115,0.0
2050-11-02 12:00:00,0.0,0.0,0.0,0.0,0.0,33.59337500028778,39.07747660094451,0.0,0.0,27.35423362066115,0.0
2050-11-02 13:00:00,0.0,0.0,0.0,0.0,0.0,34.5450937502319,39.07747660094452,0.0,0.0,27.35423362066115,0.0
2050-11-02 14:00:00,0.0,0.0,0.0,0.0,0.0,33.317000000271946,39.07747660094452,0.0,0.0,27.35423362066115,0.0
2050-11-02 15:00:00,0.0,0.0,0.0,0.0,0.0,31.78768750024028,39.07747660094452,0.0,0.0,27.35423362066115,0.0
2050-11-02 16:00:00,0.0,0.0,0.0,0.0,0.0,30.215406250208616,39.07747660094452,0.0,0.0,27.35423362066115,0.0
2050-11-02 17:00:00,0.0,0.0,0.0,0.0,0.0,30.89340625028126,39.07747660094452,0.0,0.0,27.35423362066115,0.0
2050-11-02 18:00:00,0.0,0.0,0.0,0.0,0.0,30.941718750284053,39.07747660094452,0.0,0.0,27.35423362066115,0.0
2050-11-02 19:00:00,0.0,0.0,0.0,0.0,0.0,29.999562500277534,39.07747660094452,0.0,0.0,27.35423362066115,0.0
2050-11-02 20:00:00,0.0,0.0,0.0,0.0,0.0,30.121562500251457,39.07747660094452,0.0,0.0,27.35423362066115,0.0
2050-11-02 21:00:00,0.0,0.0,0.0,0.0,0.0,32.73109375021886,39.07747660094451,0.0,0.0,27.35423362066115,0.0
2050-11-02 22:00:00,0.0,0.0,0.0,0.0,0.0,32.0239687502617,39.07747660094452,0.0,0.0,27.35423362066115,0.0
2050-11-02 23:00:00,0.0,0.0,0.0,0.0,0.0,29.801468750229105,39.07747660094452,0.0,0.0,27.35423362066115,0.0
2050-11-03 00:00:00,0.0,0.0,0.0,0.0,0.0,27.447906250250526,39.07747660094452,0.0,0.0,27.35423362066115,0.0
2050-11-03 01:00:00,0.0,0.0,0.0,0.0,0.0,25.06046875019092,39.07747660094451,0.0,0.0,27.35423362066115,0.0
2050-11-03 02:00:00,0.0,0.0,0.0,0.0,0.0,23.874937500222586,39.07747660094451,0.0,0.0,27.35423362066115,0.0
2050-11-03 03:00:00,0.0,0.0,0.0,0.0,0.0,22.834937500185333,39.07747660094452,0.0,0.0,27.35423362066115,0.0
2050-11-03 04:00:00,0.0,0.0,0.0,0.0,0.0,22.10015625017695,39.07747660094451,0.0,0.0,27.35423362066115,0.0
2050-11-03 05:00:00,0.0,0.0,0.0,0.0,0.0,21.613031250191852,39.07747660094452,0.0,0.0,27.35423362066115,0.0
2050-11-03 06:00:00,0.0,0.0,0.0,0.0,0.0,19.869750000187196,39.07747660094451,0.0,0.0,27.35423362066115,0.0
2050-11-03 07:00:00,0.0,0.0,0.0,0.0,0.0,19.42918750026729,39.07747660094452,0.0,0.0,27.35423362066115,0.0
2050-11-03 08:00:00,0.0,0.0,0.0,0.0,0.0,21.19068750028964,39.07747660094452,0.0,0.0,27.35423362066115,0.0
2050-11-03 09:00:00,0.0,0.0,0.0,0.0,0.0,23.692750000278465,39.07747660094451,0.0,0.0,27.35423362066115,0.0
2050-11-03 10:00:00,0.0,0.0,0.0,0.0,0.0,26.27081250026822,39.07747660094452,0.0,0.0,27.35423362066115,0.0
2050-11-03 11:00:00,0.0,0.0,0.0,0.0,0.0,26.981687500257976,39.07747660094451,0.0,0.0,27.35423362066115,0.0
2050-11-03 12:00:00,0.0,0.0,0.0,0.0,0.0,30.088250000262633,39.07747660094451,0.0,0.0,27.35423362066115,0.0
2050-11-03 13:00:00,0.0,0.0,0.0,0.0,0.0,31.35737500025425,39.07747660094452,0.0,0.0,27.35423362066115,0.0
2050-11-03 14:00:00,0.0,0.0,0.0,0.0,0.0,30.86000000021886,39.07747660094452,0.0,0.0,27.35423362066115,0.0
2050-11-03 15:00:00,0.0,0.0,0.0,0.0,0.0,30.359437500243075,39.07747660094452,0.0,0.0,27.35423362066115,0.0
2050-11-03 16:00:00,0.0,0.0,0.0,0.0,0.0,30.031937500229105,39.07747660094452,0.0,0.0,27.35423362066115,0.0
2050-11-03 17:00:00,0.0,0.0,0.0,0.0,0.0,29.621062500285916,39.07747660094452,0.0,0.0,27.35423362066115,0.0
2050-11-03 18:00:00,0.0,0.0,0.0,0.0,0.0,30.129062500200234,39.07747660094452,0.0,0.0,27.35423362066115,0.0
2050-11-03 19:00:00,0.0,0.0,0.0,0.0,0.0,32.573625000193715,39.07747660094452,0.0,0.0,27.35423362066115,0.0
2050-11-03 20:00:00,0.0,0.0,0.0,0.0,0.0,32.803500000271015,39.07747660094452,0.0,0.0,27.35423362066115,0.0
2050-11-03 21:00:00,0.0,0.0,0.0,0.0,0.0,35.15412500023376,39.07747660094452,0.0,0.0,27.35423362066115,0.0
2050-11-03 22:00:00,0.0,0.0,0.0,0.0,0.0,34.03025000018533,39.07747660094452,0.0,0.0,27.35423362066115,0.0
2050-11-03 23:00:00,0.0,0.0,0.0,0.0,0.0,30.73700000019744,39.07747660094452,0.0,0.0,27.35423362066115,0.0
2050-11-04 00:00:00,0.0,0.0,0.0,0.0,0.0,26.501125000184402,39.07747660094452,0.0,0.0,27.35423362066115,0.0
2050-11-04 01:00:00,0.0,0.0,0.0,0.0,0.0,23.047187500284053,39.07747660094452,0.0,0.0,27.35423362066115,0.0
2050-11-04 02:00:00,0.0,0.0,0.0,0.0,0.0,21.31862500018906,39.07747660094452,0.0,0.0,27.35423362066115,0.0
2050-11-04 03:00:00,0.0,0.0,0.0,0.0,0.0,21.348875000257976,39.07747660094452,0.0,0.0,27.35423362066115,0.0
2050-11-04 04:00:00,0.0,0.0,0.0,0.0,0.0,20.859562500263564,39.07747660094452,0.0,0.0,27.35423362066115,0.0
2050-11-04 05:00:00,0.0,0.0,0.0,0.0,0.0,20.56768750026822,39.07747660094452,0.0,0.0,27.35423362066115,0.0
2050-11-04 06:00:00,0.0,0.0,0.0,0.0,0.0,21.95850000018254,39.07747660094452,0.0,0.0,27.35423362066115,0.0
2050-11-04 07:00:00,0.0,0.0,0.0,0.0,0.0,26.03931250027381,39.07747660094452,0.0,0.0,27.35423362066115,0.0
2050-11-04 08:00:00,0.0,0.0,0.0,0.0,0.0,29.86593750026077,39.07747660094452,0.0,0.0,27.35423362066115,0.0
2050-11-04 09:00:00,0.0,0.0,0.0,0.0,0.0,34.14950000029057,39.07747660094452,0.0,0.0,27.35423362066115,0.0
2050-11-04 10:00:00,0.0,0.0,0.0,0.0,0.0,36.18812500021886,39.07747660094452,0.0,0.0,27.35423362066115,0.0
2050-11-04 11:00:00,0.0,0.0,0.0,0.0,0.0,37.2048125002766,39.07747660094452,0.0,0.0,27.35423362066115,0.0
2050-11-04 12:00:00,0.0,0.0,0.0,0.0,0.0,37.63743750017602,39.07747660094452,0.0,0.0,27.35423362066115,0.0
2050-11-04 13:00:00,0.0,0.0,0.0,0.0,0.0,37.36606250028126,39.07747660094452,0.0,0.0,27.35423362066115,0.0
2050-11-04 14:00:00,0.0,0.0,0.0,0.0,0.0,35.873812500271015,39.07747660094452,0.0,0.0,27.35423362066115,0.0
2050-11-04 15:00:00,0.0,0.0,0.0,0.0,0.0,35.51150000025518,39.07747660094452,0.0,0.0,27.35423362066115,0.0
2050-11-04 16:00:00,0.0,0.0,0.0,0.0,0.0,34.953937500249594,39.07747660094452,0.0,0.0,27.35423362066115,0.0
2050-11-04 17:00:00,0.0,0.0,0.0,0.0,0.0,33.42556250025518,39.07747660094452,0.0,0.0,27.35423362066115,0.0
2050-11-04 18:00:00,0.0,0.0,0.0,0.0,0.0,34.16975000023376,39.07747660094452,0.0,0.0,27.35423362066115,0.0
2050-11-04 19:00:00,0.0,0.0,0.0,0.0,0.0,34.37900000018999,39.07747660094452,0.0,0.0,27.35423362066115,0.0
2050-11-04 20:00:00,0.0,0.0,0.0,0.0,0.0,34.591375000192784,39.07747660094452,0.0,0.0,27.35423362066115,0.0
2050-11-04 21:00:00,0.0,0.0,0.0,0.0,0.0,37.17450000019744,39.07747660094452,0.0,0.0,27.35423362066115,0.0
2050-11-04 22:00:00,0.0,0.0,0.0,0.0,0.0,36.09225000021979,39.07747660094452,0.0,0.0,27.35423362066115,0.0
2050-11-04 23:00:00,0.0,0.0,0.0,0.0,0.0,32.36500000022352,39.07747660094452,0.0,0.0,27.35423362066115,0.0
2050-11-05 00:00:00,0.0,0.0,0.0,0.0,0.0,28.647750000236556,39.07747660094452,0.0,0.0,27.35423362066115,0.0
2050-11-05 01:00:00,0.0,0.0,0.0,0.0,0.0,25.267562500201166,39.07747660094452,0.0,0.0,27.35423362066115,0.0
2050-11-05 02:00:00,0.0,0.0,0.0,0.0,0.0,21.83793750021141,39.07747660094452,0.0,0.0,27.35423362066115,0.0
2050-11-05 03:00:00,0.0,0.0,0.0,0.0,0.0,21.12662500026636,39.07747660094452,0.0,0.0,27.35423362066115,0.0
2050-11-05 04:00:00,0.0,0.0,0.0,0.0,0.0,20.977375000249594,39.07747660094452,0.0,0.0,27.35423362066115,0.0
2050-11-05 05:00:00,0.0,0.0,0.0,0.0,0.0,21.93106250022538,39.07747660094452,0.0,0.0,27.35423362066115,0.0
2050-11-05 06:00:00,0.0,0.0,0.0,0.0,0.0,25.3325625002617,39.07747660094452,0.0,0.0,27.35423362066115,0.0
2050-11-05 07:00:00,0.0,0.0,0.0,0.0,0.0,29.92506250028964,39.07747660094452,0.0,0.0,27.35423362066115,0.0
2050-11-05 08:00:00,0.0,0.0,0.0,0.0,0.0,33.48612500028685,39.07747660094452,0.0,0.0,27.35423362066115,0.0
2050-11-05 09:00:00,0.0,0.0,0.0,0.0,0.0,35.97806250024587,39.07747660094452,0.0,0.0,27.35423362066115,0.0
2050-11-05 10:00:00,0.0,0.0,0.0,0.0,0.0,38.01450000028126,39.07747660094452,0.0,0.0,27.35423362066115,0.0
2050-11-05 11:00:00,0.0,0.0,0.0,0.0,0.0,39.13318750017788,39.07747660094452,0.0,0.0,27.35423362066115,0.0
2050-11-05 12:00:00,0.0,0.0,0.0,0.0,0.0,39.21393750025891,39.07747660094452,0.0,0.0,27.35423362066115,0.0
2050-11-05 13:00:00,0.0,0.0,0.0,0.0,0.0,39.0490000002319,39.07747660094452,0.0,0.0,27.35423362066115,0.0
2050-11-05 14:00:00,0.0,0.0,0.0,0.0,0.0,38.07612500025425,39.07747660094452,0.0,0.0,27.35423362066115,0.0
2050-11-05 15:00:00,0.0,0.0,0.0,0.0,0.0,38.65206250024494,39.07747660094452,0.0,0.0,27.35423362066115,0.0
2050-11-05 16:00:00,0.0,0.0,0.0,0.0,0.0,38.798187500215136,39.07747660094452,0.0,0.0,27.35423362066115,0.0
2050-11-05 17:00:00,0.0,0.0,0.0,0.0,0.0,38.03218750027008,39.07747660094452,0.0,0.0,27.35423362066115,0.0
2050-11-05 18:00:00,0.0,0.0,0.0,0.0,0.0,37.42387500021141,39.07747660094452,0.0,0.0,27.35423362066115,0.0
2050-11-05 19:00:00,0.0,0.0,0.0,0.0,0.0,36.7249375001993,39.07747660094452,0.0,0.0,27.35423362066115,0.0
2050-11-05 20:00:00,0.0,0.0,0.0,0.0,0.0,37.466937500284985,39.07747660094452,0.0,0.0,27.35423362066115,0.0
2050-11-05 21:00:00,0.0,0.0,0.0,0.0,0.0,38.852875000215136,39.07747660094452,0.0,0.0,27.35423362066115,0.0
2050-11-05 22:00:00,0.0,0.0,0.0,0.0,0.0,37.229375000228174,39.07747660094452,0.0,0.0,27.35423362066115,0.0
2050-11-05 23:00:00,0.0,0.0,0.0,0.0,0.0,32.35506250022445,39.07747660094452,0.0,0.0,27.35423362066115,0.0
2050-11-06 00:00:00,0.0,0.0,0.0,0.0,0.0,28.38812500028871,39.07747660094452,0.0,0.0,27.35423362066115,0.0
2050-11-06 01:00:00,0.0,0.0,0.0,0.0,0.0,25.244875000207685,39.07747660094452,0.0,0.0,27.35423362066115,0.0
2050-11-06 02:00:00,0.0,0.0,0.0,0.0,0.0,22.893437500228174,39.07747660094452,0.0,0.0,27.35423362066115,0.0
2050-11-06 03:00:00,0.0,0.0,0.0,0.0,0.0,22.217812500195578,39.07747660094452,0.0,0.0,27.35423362066115,0.0
2050-11-06 04:00:00,0.0,0.0,0.0,0.0,0.0,21.762750000227243,39.07747660094452,0.0,0.0,27.35423362066115,0.0
2050-11-06 05:00:00,0.0,0.0,0.0,0.0,0.0,21.402125000255182,39.07747660094452,0.0,0.0,27.35423362066115,0.0
2050-11-06 06:00:00,0.0,0.0,0.0,0.0,0.0,23.566750000230968,39.07747660094452,0.0,0.0,27.35423362066115,0.0
2050-11-06 07:00:00,0.0,0.0,0.0,0.0,0.0,27.307250000187196,39.07747660094452,0.0,0.0,27.35423362066115,0.0
2050-11-06 08:00:00,0.0,0.0,0.0,0.0,0.0,31.104687500279397,39.07747660094452,0.0,0.0,27.35423362066115,0.0
2050-11-06 09:00:00,0.0,0.0,0.0,0.0,0.0,33.81162500020582,39.07747660094452,0.0,0.0,27.35423362066115,0.0
2050-11-06 10:00:00,0.0,0.0,0.0,0.0,0.0,35.84606250026263,39.07747660094452,0.0,0.0,27.35423362066115,0.0
2050-11-06 11:00:00,0.0,0.0,0.0,0.0,0.0,37.517687500221655,39.07747660094452,0.0,0.0,27.35423362066115,0.0
2050-11-06 12:00:00,0.0,0.0,0.0,0.0,0.0,39.07462500024121,39.07747660094452,0.0,0.0,27.35423362066115,0.0
2050-11-06 13:00:00,0.0,0.0,0.0,0.0,0.0,38.420562500250526,39.07747660094452,0.0,0.0,27.35423362066115,0.0
2050-11-06 14:00:00,0.0,0.0,0.0,0.0,0.0,37.79725000017788,39.07747660094452,0.0,0.0,27.35423362066115,0.0
2050-11-06 15:00:00,0.0,0.0,0.0,0.0,0.0,37.8703125002794,39.07747660094452,0.0,0.0,27.35423362066115,0.0
2050-11-06 16:00:00,0.0,0.0,0.0,0.0,0.0,36.743375000194646,39.07747660094452,0.0,0.0,27.35423362066115,0.0
2050-11-06 17:00:00,0.0,0.0,0.0,0.0,0.0,36.18143750028685,39.07747660094452,0.0,0.0,27.35423362066115,0.0
2050-11-06 18:00:00,0.0,0.0,0.0,0.0,0.0,35.49131250020582,39.07747660094452,0.0,0.0,27.35423362066115,0.0
2050-11-06 19:00:00,0.0,0.0,0.0,0.0,0.0,34.74393750028685,39.07747660094452,0.0,0.0,27.35423362066115,0.0
2050-11-06 20:00:00,0.0,0.0,0.0,0.0,0.0,34.129812500206754,39.07747660094452,0.0,0.0,27.35423362066115,0.0
2050-11-06 21:00:00,0.0,0.0,0.0,0.0,0.0,36.61806250025984,39.07747660094452,0.0,0.0,27.35423362066115,0.0
2050-11-06 22:00:00,0.0,0.0,0.0,0.0,0.0,36.73268750018906,39.07747660094452,0.0,0.0,27.35423362066115,0.0
2050-11-06 23:00:00,0.0,0.0,0.0,0.0,0.0,33.08731250022538,39.07747660094452,0.0,0.0,27.35423362066115,0.0
2050-11-07 00:00:00,0.0,0.0,0.0,0.0,0.0,28.887187500251457,39.07747660094452,0.0,0.0,27.35423362066115,0.0
2050-11-07 01:00:00,0.0,0.0,0.0,0.0,0.0,25.538125000195578,39.07747660094452,0.0,0.0,27.35423362066115,0.0
2050-11-07 02:00:00,0.0,0.0,0.0,0.0,0.0,22.26243750017602,39.07747660094452,0.0,0.0,27.35423362066115,0.0
2050-11-07 03:00:00,0.0,0.0,0.0,0.0,0.0,21.661812500213273,39.07747660094452,0.0,0.0,27.35423362066115,0.0
2050-11-07 04:00:00,0.0,0.0,0.0,0.0,0.0,21.285187500179745,39.07747660094452,0.0,0.0,27.35423362066115,0.0
2050-11-07 05:00:00,0.0,0.0,0.0,0.0,0.0,22.06018750020303,39.07747660094452,0.0,0.0,27.354233620661162,0.0
2050-11-07 06:00:00,0.0,0.0,0.0,0.0,0.0,24.146187500213273,39.07747660094452,0.0,0.0,27.354233620661162,0.0
2050-11-07 07:00:00,0.0,0.0,0.0,0.0,0.0,27.74356250022538,39.07747660094452,0.0,0.0,27.35423362066115,0.0
2050-11-07 08:00:00,0.0,0.0,0.0,0.0,0.0,31.838625000207685,39.07747660094452,0.0,0.0,27.35423362066115,0.0
2050-11-07 09:00:00,0.0,0.0,0.0,0.0,0.0,36.79106250021141,35.72485347757413,0.0,0.0,25.00739743430189,0.0
2050-11-07 10:00:00,0.0,0.0,0.0,0.0,0.0,39.009000000194646,17.055703591098812,0.0,0.0,11.938992513769168,0.0
2050-11-07 11:00:00,0.0,0.0,0.0,0.0,0.0,39.77718750026543,35.74725736006671,0.0,0.0,25.023080152046695,0.0
2050-11-07 12:00:00,0.0,0.0,0.0,0.0,0.0,40.22450000024401,39.07747660094452,0.0,0.0,27.35423362066115,0.0
2050-11-07 13:00:00,0.0,0.0,0.0,0.0,0.0,39.97450000024401,26.239186772679062,0.0,0.0,18.367430740875342,0.0
2050-11-07 14:00:00,0.0,0.0,0.0,0.0,0.0,39.31925000017509,21.537813064112502,0.0,0.0,15.07646914487875,0.0
2050-11-07 15:00:00,0.0,0.0,0.0,0.0,0.0,39.444875000277534,11.114046218013975,0.0,0.0,7.779832352609782,0.0
2050-11-07 16:00:00,0.0,0.0,0.0,0.0,0.0,39.35193750017788,34.26370734512881,0.0,0.0,23.984595141590162,0.0
2050-11-07 17:00:00,0.0,0.0,0.0,0.0,0.0,39.37256250018254,8.184053059279261,0.0,0.0,5.728837141495482,0.0
2050-11-07 18:00:00,0.0,0.0,0.0,0.0,0.0,38.946750000235625,12.158891339724967,0.0,0.0,8.511223937807475,0.0
2050-11-07 19:00:00,0.0,0.0,0.0,0.0,0.0,38.57168750022538,24.399601917944366,0.0,0.0,17.079721342561054,0.0
2050-11-07 20:00:00,0.0,0.0,0.0,0.0,0.0,38.20356250018813,21.502084839249317,0.0,0.0,15.051459387474521,0.0
2050-11-07 21:00:00,0.0,0.0,0.0,0.0,0.0,38.9938750002766,15.73450148436201,0.0,0.0,11.014151039053406,0.0
2050-11-07 22:00:00,0.0,0.0,0.0,0.0,0.0,37.580812500207685,14.625918360648093,0.0,0.0,10.238142852453665,0.0
2050-11-07 23:00:00,0.0,0.0,0.0,0.0,0.0,34.100250000250526,6.028847856386484,0.0,0.0,4.220193499470539,0.0
2050-11-08 00:00:00,0.0,0.0,0.0,0.0,0.0,30.502437500283122,11.067957801278148,0.0,0.0,7.7475704608947025,0.0
2050-11-08 01:00:00,0.0,0.0,0.0,0.0,0.0,27.19493750028778,15.499783185931769,0.0,0.0,10.849848230152237,0.0
2050-11-08 02:00:00,0.0,0.0,0.0,0.0,0.0,23.869000000180677,13.208039674535918,0.0,0.0,9.245627772175142,0.0
2050-11-08 03:00:00,0.0,0.0,0.0,0.0,0.0,23.233562500216067,9.580571404319791,0.0,0.0,6.706399983023854,0.0
2050-11-08 04:00:00,0.0,0.0,0.0,0.0,0.0,23.018750000279397,5.758965441517734,0.0,0.0,4.0312758090624135,0.0
2050-11-08 05:00:00,0.0,0.0,0.0,0.0,0.0,23.658812500187196,7.396863029703937,0.0,0.0,5.177804120792755,0.0
2050-11-08 06:00:00,0.0,0.0,0.0,0.0,0.0,27.131187500199303,9.184107416046317,0.0,0.0,6.428875191232422,0.0
2050-11-08 07:00:00,0.0,0.0,0.0,0.0,0.0,30.49675000028219,15.167337690339735,0.0,0.0,10.617136383237813,0.0
2050-11-08 08:00:00,0.0,0.0,0.0,0.0,0.0,33.77156250027474,14.751429454443432,0.0,0.0,10.326000618110402,0.0
2050-11-08 09:00:00,0.0,0.0,0.0,0.0,0.0,36.44556250027381,14.156941339173194,0.0,0.0,9.909858937421236,0.0
2050-11-08 10:00:00,0.0,0.0,0.0,0.0,0.0,38.600875000236556,0.0,0.0,0.0,0.0,0.0
2050-11-08 11:00:00,0.0,0.0,0.0,0.0,0.0,40.59743750025518,2.1914997213533027,0.0,0.0,1.534049804947312,0.0
2050-11-08 12:00:00,0.0,0.0,0.0,0.0,0.0,40.06606250023469,29.972774826809257,0.0,0.0,20.98094237876648,0.0
2050-11-08 13:00:00,0.0,0.0,0.0,0.0,0.0,39.180500000249594,39.07747660094452,0.0,0.0,27.35423362066115,0.0
2050-11-08 14:00:00,0.0,0.0,0.0,0.0,0.0,38.676562500186265,39.07747660094452,0.0,0.0,27.35423362066115,0.0
2050-11-08 15:00:00,0.0,0.0,0.0,0.0,0.0,39.360562500194646,39.07747660094452,0.0,0.0,27.354233620661162,0.0
2050-11-08 16:00:00,0.0,0.0,0.0,0.0,0.0,38.13743750017602,39.07747660094452,0.0,0.0,27.354233620661162,0.0
2050-11-08 17:00:00,0.0,0.0,0.0,0.0,0.0,37.13343750021886,39.07747660094452,0.0,0.0,27.35423362066115,0.0
2050-11-08 18:00:00,0.0,0.0,0.0,0.0,0.0,36.76356250024401,39.07747660094452,0.0,0.0,27.354233620661162,0.0
2050-11-08 19:00:00,0.0,0.0,0.0,0.0,0.0,36.39381250028964,39.07747660094452,0.0,0.0,27.35423362066115,0.0
2050-11-08 20:00:00,0.0,0.0,0.0,0.0,0.0,35.860187500249594,39.07747660094452,0.0,0.0,27.35423362066115,0.0
2050-11-08 21:00:00,0.0,0.0,0.0,0.0,0.0,37.131062500178814,36.86994240682844,0.0,0.0,25.808959684779907,0.0
2050-11-08 22:00:00,0.0,0.0,0.0,0.0,0.0,35.6606875002617,20.317205909190452,0.0,0.0,14.222044136433315,0.0
2050-11-08 23:00:00,0.0,0.0,0.0,0.0,0.0,33.34175000025425,10.183225015457346,0.0,0.0,7.128257510820141,0.0
2050-11-09 00:00:00,0.0,0.0,0.0,0.0,0.0,30.734750000177883,10.662363224316287,0.0,0.0,7.463654257021401,0.0
2050-11-09 01:00:00,0.0,0.0,0.0,0.0,0.0,27.260937500279397,8.285341109798352,0.0,0.0,5.799738776858846,0.0
2050-11-09 02:00:00,0.0,0.0,0.0,0.0,0.0,23.97931250021793,6.080237384886562,0.0,0.0,4.2561661694205934,0.0
2050-11-09 03:00:00,0.0,0.0,0.0,0.0,0.0,23.843562500202097,1.8641394570633913,0.0,0.0,1.3048976199443738,0.0
2050-11-09 04:00:00,0.0,0.0,0.0,0.0,0.0,23.318250000244007,0.5396824725988125,0.0,0.0,0.37777773081916877,0.0
2050-11-09 05:00:00,0.0,0.0,0.0,0.0,0.0,23.206250000279397,0.0,0.9260066120458467,0.0,0.0,0.9449047061692314
2050-11-09 06:00:00,0.0,0.0,0.0,0.0,0.0,22.83793750021141,0.0,5.069627516971089,0.0,0.0,5.173089303031724
2050-11-09 07:00:00,0.0,0.0,0.0,0.0,0.0,23.818062500213273,0.0,10.168313397186346,0.0,0.0,10.375829997128925
2050-11-09 08:00:00,0.0,0.0,0.0,0.0,0.0,27.37525000027381,0.0,21.430539200273167,0.0,0.0,21.867897143135888
2050-11-09 09:00:00,0.0,0.0,0.0,0.0,0.0,32.58518750022631,0.0,37.285539903823086,0.0,0.0,38.046469289615395
2050-11-09 10:00:00,0.0,0.0,0.0,0.0,0.0,35.006625000271015,0.0,43.73995049595425,0.0,0.0,44.63260254689209
2050-11-09 11:00:00,0.0,0.0,0.0,0.0,0.0,36.60012500023004,0.0,43.73995049595425,0.0,0.0,44.63260254689209
2050-11-09 12:00:00,0.0,0.0,0.0,0.0,0.0,37.19793750019744,0.0,43.73995049595425,0.0,0.0,44.63260254689209
2050-11-09 13:00:00,0.0,0.0,0.0,0.0,0.0,37.49325000029057,0.0,43.73995049595425,0.0,0.0,44.63260254689209
2050-11-09 14:00:00,0.0,0.0,0.0,0.0,0.0,37.05593750020489,0.0,43.73995049595425,0.0,0.0,44.63260254689209
2050-11-09 15:00:00,0.0,0.0,0.0,0.0,0.0,36.35243750025984,0.0,43.73995049595425,0.0,0.0,44.63260254689209
2050-11-09 16:00:00,0.0,0.0,0.0,0.0,0.0,35.79087500018068,0.0,43.73995049595425,0.0,0.0,44.63260254689209
2050-11-09 17:00:00,0.0,0.0,0.0,0.0,0.0,35.517687500221655,0.0,43.73995049595425,0.0,0.0,44.63260254689209
2050-11-09 18:00:00,0.0,0.0,0.0,0.0,0.0,34.479250000207685,0.0,43.73995049595425,0.0,0.0,44.63260254689209
2050-11-09 19:00:00,0.0,0.0,0.0,0.0,0.0,33.66025000018999,0.0,43.73995049595425,0.0,0.0,44.63260254689209
2050-11-09 20:00:00,0.0,0.0,0.0,0.0,0.0,32.87412500020582,0.0,43.73995049595425,0.0,0.0,44.63260254689209
2050-11-09 21:00:00,0.0,0.0,0.0,0.0,0.0,33.71968750027008,0.0,43.73995049595425,0.0,0.0,44.63260254689209
2050-11-09 22:00:00,0.0,0.0,0.0,0.0,0.0,33.6813750002766,0.0,43.73995049595425,0.0,0.0,44.63260254689209
2050-11-09 23:00:00,0.0,0.0,0.0,0.0,0.0,31.317500000237487,0.0,43.73995049595425,0.0,0.0,44.63260254689209
2050-11-10 00:00:00,0.0,0.0,0.0,0.0,0.0,28.581750000244938,0.0,43.73995049595425,0.0,0.0,44.63260254689209
2050-11-10 01:00:00,0.0,0.0,0.0,0.0,0.0,26.18431250017602,0.0,43.73995049595425,0.0,0.0,44.63260254689209
2050-11-10 02:00:00,0.0,0.0,0.0,0.0,0.0,24.45600000023842,0.0,36.20745933139949,0.0,0.0,36.94638707285662
2050-11-10 03:00:00,0.0,0.0,0.0,0.0,0.0,22.4005625002319,0.0,26.894278805548936,0.0,0.0,27.44314163831524
2050-11-10 04:00:00,0.0,0.0,0.0,0.0,0.0,21.826000000233762,0.0,19.34583016412426,0.0,0.0,19.740643024616595
2050-11-10 05:00:00,0.0,0.0,0.0,0.0,0.0,20.308375000255182,0.0,9.951297203001504,0.0,0.0,10.154384901021944
2050-11-10 06:00:00,0.0,0.0,0.0,0.0,0.0,18.718937500263564,0.0,1.735545934370173,0.0,0.0,1.770965239153238
2050-11-10 07:00:00,0.0,0.0,0.0,0.0,0.0,19.17737500020303,0.0,4.101498686382104,0.0,0.0,4.185202741206229
2050-11-10 08:00:00,0.0,0.0,0.0,0.0,0.0,20.253625000244938,0.0,14.220689094695372,0.0,0.0,14.510907239485075
2050-11-10 09:00:00,0.0,0.0,0.0,0.0,0.0,23.02493750024587,0.0,25.381623363676514,0.0,0.0,25.899615677220932
2050-11-10 10:00:00,0.0,0.0,0.0,0.0,0.0,25.445000000181608,0.0,37.1731811451759,0.0,0.0,37.93181749507746
2050-11-10 11:00:00,0.0,0.0,0.0,0.0,0.0,27.872875000233762,0.0,39.441355789734764,0.0,0.0,40.2462814180967
2050-11-10 12:00:00,0.0,0.0,0.0,0.0,0.0,29.957062500179745,0.0,35.31895719193964,0.0,0.0,36.0397522366731
2050-11-10 13:00:00,0.0,0.0,0.0,0.0,0.0,31.442937500192784,0.0,28.63364371478353,0.0,0.0,29.21800379059544
2050-11-10 14:00:00,0.0,0.0,0.0,0.0,0.0,30.718062500236556,0.0,20.13601388878574,0.0,0.0,20.546952947740554
2050-11-10 15:00:00,0.0,0.0,0.0,0.0,0.0,29.749937500222586,0.0,12.446381810771989,0.0,0.0,12.70038960282856
2050-11-10 16:00:00,0.0,0.0,0.0,0.0,0.0,29.16393750021234,0.0,9.114115666795954,0.0,0.0,9.300118027342812
2050-11-10 17:00:00,0.0,0.0,0.0,0.0,0.0,28.721687500248663,0.0,8.858728174750752,0.0,0.0,9.039518545664032
2050-11-10 18:00:00,0.0,0.0,0.0,0.0,0.0,28.93550000025425,0.0,9.641944142238849,0.0,0.0,9.838718512488624
2050-11-10 19:00:00,0.0,0.0,0.0,0.0,0.0,29.44656250020489,0.0,11.513774422492746,0.0,0.0,11.748749410706884
2050-11-10 20:00:00,0.0,0.0,0.0,0.0,0.0,30.08150000020396,0.0,16.254922949955503,0.0,0.0,16.586656071383167
2050-11-10 21:00:00,0.0,0.0,0.0,0.0,0.0,33.080937500228174,0.0,0.0,0.0,0.0,0.0
2050-11-10 22:00:00,0.0,0.0,0.0,0.0,0.0,34.91631250025239,0.0,0.0,0.0,0.0,0.0
2050-11-10 23:00:00,0.0,0.0,0.0,0.0,0.0,32.06375000020489,0.0,0.0,0.0,0.0,0.0
2050-11-11 00:00:00,0.0,0.0,0.0,0.0,0.0,27.86918750021141,0.0,0.0,0.0,0.0,0.0
2050-11-11 01:00:00,0.0,0.0,0.0,0.0,0.0,24.98837500018999,1.077412979659389,0.0,0.0,0.7541890857615723,0.0
2050-11-11 02:00:00,0.0,0.0,0.0,0.0,0.0,23.481812500278465,0.0,0.0,0.0,0.0,0.0
2050-11-11 03:00:00,0.0,0.0,0.0,0.0,0.0,22.63156250026077,9.12627711796782,0.0,0.0,6.388393982577474,0.0
2050-11-11 04:00:00,0.0,0.0,0.0,0.0,0.0,22.065062500187196,0.0,0.0,0.0,0.0,0.0
2050-11-11 05:00:00,0.0,0.0,0.0,0.0,0.0,21.875562500208616,0.0,0.0,0.0,0.0,0.0
2050-11-11 06:00:00,0.0,0.0,0.0,0.0,0.0,23.277750000241213,22.916665636986373,0.0,0.0,16.04166594589046,0.0
2050-11-11 07:00:00,0.0,0.0,0.0,0.0,0.0,27.771312500233762,0.0,0.0,0.0,0.0,0.0
2050-11-11 08:00:00,0.0,0.0,0.0,0.0,0.0,31.901750000193715,0.0,0.0,0.0,0.0,0.0
2050-11-11 09:00:00,0.0,0.0,0.0,0.0,0.0,35.071500000194646,0.0,0.0,0.0,0.0,0.0
2050-11-11 10:00:00,0.0,0.0,0.0,0.0,0.0,36.39756250020582,0.0,0.0,0.0,0.0,0.0
2050-11-11 11:00:00,0.0,0.0,0.0,0.0,0.0,36.93393750023097,8.398434555337815,0.0,0.0,5.87890418873647,0.0
2050-11-11 12:00:00,0.0,0.0,0.0,0.0,0.0,37.05881250021048,24.670411786977134,0.0,0.0,17.269288250883992,0.0
2050-11-11 13:00:00,0.0,0.0,0.0,0.0,0.0,36.638687500264496,13.026567914943858,0.0,0.0,9.1185975404607,0.0
2050-11-11 14:00:00,0.0,0.0,0.0,0.0,0.0,35.21256250026636,32.72560173377475,0.0,0.0,22.907921213642325,0.0
2050-11-11 15:00:00,0.0,0.0,0.0,0.0,0.0,35.31712500017602,9.94540528882607,0.0,0.0,6.9617837021782485,0.0
2050-11-11 16:00:00,0.0,0.0,0.0,0.0,0.0,35.12175000028219,3.5216000511197088,0.0,0.0,2.465120035783796,0.0
2050-11-11 17:00:00,0.0,0.0,0.0,0.0,0.0,34.30975000024773,0.0,13.583859887035315,0.0,0.0,13.861081517382976
2050-11-11 18:00:00,0.0,0.0,0.0,0.0,0.0,34.037875000271015,0.0,25.90166387464054,0.0,0.0,26.430269259837285
2050-11-11 19:00:00,0.0,0.0,0.0,0.0,0.0,33.42337500024587,0.0,34.833362974560906,0.0,0.0,35.544247933225414
2050-11-11 20:00:00,0.0,0.0,0.0,0.0,0.0,32.76712500024587,0.0,41.7986766727735,0.0,0.0,42.651710890585214
2050-11-11 21:00:00,0.0,0.0,0.0,0.0,0.0,34.68425000028219,0.0,43.73995049595425,0.0,0.0,44.63260254689209
2050-11-11 22:00:00,0.0,0.0,0.0,0.0,0.0,34.41987500025425,0.0,43.73995049595425,0.0,0.0,44.63260254689209
2050-11-11 23:00:00,0.0,0.0,0.0,0.0,0.0,31.666125000221655,0.0,43.73995049595425,0.0,0.0,44.63260254689209
2050-11-12 00:00:00,0.0,0.0,0.0,0.0,0.0,27.747250000247732,0.0,43.73995049595425,0.0,0.0,44.63260254689209
2050-11-12 01:00:00,0.0,0.0,0.0,0.0,0.0,24.11162500025239,0.0,43.73995049595425,0.0,0.0,44.63260254689209
2050-11-12 02:00:00,0.0,0.0,0.0,0.0,0.0,22.331750000244938,0.0,40.1226402467365,0.0,0.0,40.94146963952704
2050-11-12 03:00:00,0.0,0.0,0.0,0.0,0.0,21.20650000020396,0.0,31.884534270098907,0.0,0.0,32.53523905112134
2050-11-12 04:00:00,0.0,0.0,0.0,0.0,0.0,20.43425000028219,0.0,33.543071600370105,0.0,0.0,34.22762408201032
2050-11-12 05:00:00,0.0,0.0,0.0,0.0,0.0,19.98637500021141,0.0,29.430958481992235,0.0,0.0,30.031590287747182
2050-11-12 06:00:00,0.0,0.0,0.0,0.0,0.0,22.525250000180677,0.0,26.111969662400025,0.0,0.0,26.644867002449004
2050-11-12 07:00:00,0.0,0.0,0.0,0.0,0.0,26.41037500021048,0.0,27.54125644131748,0.0,0.0,28.10332289930355
2050-11-12 08:00:00,0.0,0.0,0.0,0.0,0.0,29.550500000244938,0.0,32.27813979482355,0.0,0.0,32.93687734165669
2050-11-12 09:00:00,0.0,0.0,0.0,0.0,0.0,32.15337500022724,0.0,33.06047171608688,0.0,0.0,33.735175220496814
2050-11-12 10:00:00,0.0,0.0,0.0,0.0,0.0,34.60800000024028,0.0,43.73995049595425,0.0,0.0,44.63260254689209
2050-11-12 11:00:00,0.0,0.0,0.0,0.0,0.0,36.348875000257976,0.0,43.73995049595425,0.0,0.0,44.63260254689209
2050-11-12 12:00:00,0.0,0.0,0.0,0.0,0.0,37.17562500026543,0.0,43.73995049595425,0.0,0.0,44.63260254689209
2050-11-12 13:00:00,0.0,0.0,0.0,0.0,0.0,36.873250000178814,0.0,43.73995049595425,0.0,0.0,44.63260254689209
2050-11-12 14:00:00,0.0,0.0,0.0,0.0,0.0,36.64212500024587,0.0,43.73995049595425,0.0,0.0,44.63260254689209
2050-11-12 15:00:00,0.0,0.0,0.0,0.0,0.0,38.552750000264496,0.0,15.017113811215987,0.0,0.0,15.323585521648969
2050-11-12 16:00:00,0.0,0.0,0.0,0.0,0.0,37.90575000026729,0.0,16.304902138413983,0.0,0.0,16.637655243279575
2050-11-12 17:00:00,0.0,0.0,0.0,0.0,0.0,36.2466250002617,0.0,8.763746837270915,0.0,0.0,8.942598813541752
2050-11-12 18:00:00,0.0,0.0,0.0,0.0,0.0,34.823000000207685,0.0,12.871217548321908,0.0,0.0,13.133895457471336
2050-11-12 19:00:00,0.0,0.0,0.0,0.0,0.0,33.786500000278465,0.0,9.412428590447405,0.0,0.0,9.604518969844293
2050-11-12 20:00:00,0.0,0.0,0.0,0.0,0.0,33.02437500027008,0.0,24.958805274365464,0.0,0.0,25.4681686473117
2050-11-12 21:00:00,0.0,0.0,0.0,0.0,0.0,34.47175000025891,0.0,38.923291720367416,0.0,0.0,39.717644612619814
2050-11-12 22:00:00,0.0,0.0,0.0,0.0,0.0,35.57000000018161,0.0,43.73995049595425,0.0,0.0,44.63260254689209
2050-11-12 23:00:00,0.0,0.0,0.0,0.0,0.0,32.41500000027008,0.0,43.73995049595425,0.0,0.0,44.63260254689209
2050-11-13 00:00:00,0.0,0.0,0.0,0.0,0.0,28.135375000187196,0.0,36.49668133970677,0.0,0.0,37.24151157112936
2050-11-13 01:00:00,0.0,0.0,0.0,0.0,0.0,25.492125000222586,0.0,33.644228004592,0.0,0.0,34.3308449026449
2050-11-13 02:00:00,0.0,0.0,0.0,0.0,0.0,22.4185000002617,0.0,32.561547266196925,0.0,0.0,33.226068638976464
2050-11-13 03:00:00,0.0,0.0,0.0,0.0,0.0,21.135625000228174,0.0,36.86629950108611,0.0,0.0,37.61867296029196
2050-11-13 04:00:00,0.0,0.0,0.0,0.0,0.0,20.800500000244938,0.0,37.768168066458934,0.0,0.0,38.538947006590746
2050-11-13 05:00:00,0.0,0.0,0.0,0.0,0.0,20.277500000200234,0.0,36.86818181854588,0.0,0.0,37.620593692393754
2050-11-13 06:00:00,0.0,0.0,0.0,0.0,0.0,23.020750000257976,0.0,41.681419623293095,0.0,0.0,42.532060840095006
2050-11-13 07:00:00,0.0,0.0,0.0,0.0,0.0,27.397625000216067,0.0,43.73995049595425,0.0,0.0,44.63260254689209
2050-11-13 08:00:00,0.0,0.0,0.0,0.0,0.0,32.291000000201166,0.0,43.73995049595425,0.0,0.0,44.63260254689209
2050-11-13 09:00:00,0.0,0.0,0.0,0.0,0.0,34.98775000020396,0.0,43.73995049595425,0.0,0.0,44.63260254689209
2050-11-13 10:00:00,0.0,0.0,0.0,0.0,0.0,35.743750000256114,0.0,43.73995049595425,0.0,0.0,44.63260254689209
2050-11-13 11:00:00,0.0,0.0,0.0,0.0,0.0,36.9212500002468,0.0,43.73995049595425,0.0,0.0,44.63260254689209
2050-11-13 12:00:00,0.0,0.0,0.0,0.0,0.0,37.63787500024773,0.0,43.73995049595425,0.0,0.0,44.63260254689209
2050-11-13 13:00:00,0.0,0.0,0.0,0.0,0.0,37.543875000206754,0.0,43.73995049595425,0.0,0.0,44.63260254689209
2050-11-13 14:00:00,0.0,0.0,0.0,0.0,0.0,36.67387500021141,0.0,43.73995049595425,0.0,0.0,44.63260254689209
2050-11-13 15:00:00,0.0,0.0,0.0,0.0,0.0,36.93525000021327,0.0,43.73995049595425,0.0,0.0,44.63260254689209
2050-11-13 16:00:00,0.0,0.0,0.0,0.0,0.0,36.868625000235625,0.0,43.73995049595425,0.0,0.0,44.63260254689209
2050-11-13 17:00:00,0.0,0.0,0.0,0.0,0.0,35.183000000193715,0.0,26.264721144868417,0.0,0.0,26.80073586211063
2050-11-13 18:00:00,0.0,0.0,0.0,0.0,0.0,34.33000000019092,0.0,19.20347165828378,0.0,0.0,19.595379243146716
2050-11-13 19:00:00,0.0,0.0,0.0,0.0,0.0,32.762625000206754,0.0,19.96309281041427,0.0,0.0,20.370502867769666
2050-11-13 20:00:00,0.0,0.0,0.0,0.0,0.0,32.39950000029057,0.0,26.746111699256502,0.0,0.0,27.291950713527047
2050-11-13 21:00:00,0.0,0.0,0.0,0.0,0.0,33.931625000201166,0.0,41.470723072737464,0.0,0.0,42.3170643599362
2050-11-13 22:00:00,0.0,0.0,0.0,0.0,0.0,34.11475000018254,0.0,43.73995049595425,0.0,0.0,44.63260254689209
2050-11-13 23:00:00,0.0,0.0,0.0,0.0,0.0,30.68350000027567,0.0,43.73995049595425,0.0,0.0,44.63260254689209
2050-11-14 00:00:00,0.0,0.0,0.0,0.0,0.0,26.848625000216998,0.0,43.60288631094803,0.0,0.0,44.49274113362044
2050-11-14 01:00:00,0.0,0.0,0.0,0.0,0.0,23.67062500026077,0.0,32.487636950905156,0.0,0.0,33.15064994990322
2050-11-14 02:00:00,0.0,0.0,0.0,0.0,0.0,21.81512500019744,0.0,23.40700804173124,0.0,0.0,23.884702083399223
2050-11-14 03:00:00,0.0,0.0,0.0,0.0,0.0,21.04937500017695,0.0,0.0,0.0,0.0,0.0
2050-11-14 04:00:00,0.0,0.0,0.0,0.0,0.0,20.400250000180677,0.0,0.0,0.0,0.0,0.0
2050-11-14 05:00:00,0.0,0.0,0.0,0.0,0.0,19.978250000276603,0.0,0.0,0.0,0.0,0.0
2050-11-14 06:00:00,0.0,0.0,0.0,0.0,0.0,21.872250000247732,0.0,0.0,0.0,0.0,0.0
2050-11-14 07:00:00,0.0,0.0,0.0,0.0,0.0,26.00350000022445,0.0,9.674302383171886,0.0,0.0,9.8717371256856
2050-11-14 08:00:00,0.0,0.0,0.0,0.0,0.0,30.558375000255182,0.0,0.0,0.0,0.0,0.0
2050-11-14 09:00:00,0.0,0.0,0.0,0.0,0.0,33.948625000193715,0.0,24.935532049117707,0.0,0.0,25.444420458283375
2050-11-14 10:00:00,0.0,0.0,0.0,0.0,0.0,35.196750000235625,0.0,0.0,0.0,0.0,0.0
2050-11-14 11:00:00,0.0,0.0,0.0,0.0,0.0,36.44075000018347,0.0,43.17048121546428,0.0,0.0,44.05151144435131
2050-11-14 12:00:00,0.0,0.0,0.0,0.0,0.0,37.498250000178814,0.0,26.085616559844446,0.0,0.0,26.617976081473927
2050-11-14 13:00:00,0.0,0.0,0.0,0.0,0.0,37.086625000229105,0.0,0.0,0.0,0.0,0.0
2050-11-14 14:00:00,0.0,0.0,0.0,0.0,0.0,36.823000000207685,7.819440702510972,0.0,0.0,5.47360849175768,0.0
2050-11-14 15:00:00,0.0,0.0,0.0,0.0,0.0,37.52575000026263,14.880877500990906,0.0,0.0,10.416614250693634,0.0
2050-11-14 16:00:00,0.0,0.0,0.0,0.0,0.0,36.99600000027567,38.0088528229078,0.0,0.0,26.606196976035456,0.0
2050-11-14 17:00:00,0.0,0.0,0.0,0.0,0.0,36.23462500027381,33.88981292702677,0.0,0.0,23.722869048918735,0.0
2050-11-14 18:00:00,0.0,0.0,0.0,0.0,0.0,35.88650000025518,27.66936823140314,0.0,0.0,19.368557761982196,0.0
2050-11-14 19:00:00,0.0,0.0,0.0,0.0,0.0,35.011125000193715,20.688995531262016,0.0,0.0,14.48229687188341,0.0
2050-11-14 20:00:00,0.0,0.0,0.0,0.0,0.0,34.25962500018068,16.369203449425193,0.0,0.0,11.458442414597634,0.0
2050-11-14 21:00:00,0.0,0.0,0.0,0.0,0.0,35.64875000028405,20.016009361761387,0.0,0.0,14.01120655323297,0.0
2050-11-14 22:00:00,0.0,0.0,0.0,0.0,0.0,35.05312500020955,33.21530287915642,0.0,0.0,23.25071201540949,0.0
2050-11-14 23:00:00,0.0,0.0,0.0,0.0,0.0,31.331750000244938,39.07747660094452,0.0,0.0,27.35423362066115,0.0
2050-11-15 00:00:00,0.0,0.0,0.0,0.0,0.0,28.12750000017695,39.07747660094452,0.0,0.0,27.35423362066115,0.0
2050-11-15 01:00:00,0.0,0.0,0.0,0.0,0.0,25.051750000216998,39.07747660094452,0.0,0.0,27.35423362066115,0.0
2050-11-15 02:00:00,0.0,0.0,0.0,0.0,0.0,22.802750000264496,39.07747660094452,0.0,0.0,27.35423362066115,0.0
2050-11-15 03:00:00,0.0,0.0,0.0,0.0,0.0,21.317375000216998,39.07747660094452,0.0,0.0,27.354233620661162,0.0
2050-11-15 04:00:00,0.0,0.0,0.0,0.0,0.0,21.371375000220723,39.07747660094452,0.0,0.0,27.35423362066115,0.0
2050-11-15 05:00:00,0.0,0.0,0.0,0.0,0.0,21.07900000025984,39.07747660094452,0.0,0.0,27.35423362066115,0.0
2050-11-15 06:00:00,0.0,0.0,0.0,0.0,0.0,23.003000000258908,39.07747660094452,0.0,0.0,27.35423362066115,0.0
2050-11-15 07:00:00,0.0,0.0,0.0,0.0,0.0,26.834750000271015,23.979595927584466,0.0,0.0,16.785717149309125,0.0
2050-11-15 08:00:00,0.0,0.0,0.0,0.0,0.0,30.193125000223517,0.0,7.550764674292777,0.0,0.0,7.704861912543651
2050-11-15 09:00:00,0.0,0.0,0.0,0.0,0.0,32.81100000021979,0.0,41.47487139786699,0.0,0.0,42.32129734476224
2050-11-15 10:00:00,0.0,0.0,0.0,0.0,0.0,34.47237500024494,0.0,43.73995049595425,0.0,0.0,44.63260254689209
2050-11-15 11:00:00,0.0,0.0,0.0,0.0,0.0,35.15337500022724,0.0,43.73995049595425,0.0,0.0,44.63260254689209
2050-11-15 12:00:00,0.0,0.0,0.0,0.0,0.0,35.42475000023842,0.0,0.0,0.0,0.0,0.0
2050-11-15 13:00:00,0.0,0.0,0.0,0.0,0.0,34.72350000019651,0.0,36.14792798548383,0.0,0.0,36.885640801514114
2050-11-15 14:00:00,0.0,0.0,0.0,0.0,0.0,34.64262500021141,0.0,0.0,0.0,0.0,0.0
2050-11-15 15:00:00,0.0,0.0,0.0,0.0,0.0,34.978500000201166,0.0,0.0,0.0,0.0,0.0
2050-11-15 16:00:00,0.0,0.0,0.0,0.0,0.0,34.35837500018533,0.0,0.0,0.0,0.0,0.0
2050-11-15 17:00:00,0.0,0.0,0.0,0.0,0.0,33.06037500023376,0.0,0.0,0.0,0.0,0.0
2050-11-15 18:00:00,0.0,0.0,0.0,0.0,0.0,32.338125000242144,11.827776507799605,0.0,0.0,8.279443555459723,0.0
2050-11-15 19:00:00,0.0,0.0,0.0,0.0,0.0,32.69325000024401,37.82677510590322,0.0,0.0,26.47874257413225,0.0
2050-11-15 20:00:00,0.0,0.0,0.0,0.0,0.0,31.459000000264496,39.07747660094452,0.0,0.0,27.35423362066115,0.0
2050-11-15 21:00:00,0.0,0.0,0.0,0.0,0.0,32.65950000018347,23.536292993719655,0.0,0.0,16.475405095603758,0.0
2050-11-15 22:00:00,0.0,0.0,0.0,0.0,0.0,33.636250000214204,9.536825533790878,0.0,0.0,6.675777873653614,0.0
2050-11-15 23:00:00,0.0,0.0,0.0,0.0,0.0,31.879250000230968,15.625112208053535,0.0,0.0,10.937578545637473,0.0
2050-11-16 00:00:00,0.0,0.0,0.0,0.0,0.0,29.322500000242144,27.248920977220187,0.0,0.0,19.07424468405413,0.0
2050-11-16 01:00:00,0.0,0.0,0.0,0.0,0.0,26.2833750002319,25.06981491926856,0.0,0.0,17.54887044348799,0.0
2050-11-16 02:00:00,0.0,0.0,0.0,0.0,0.0,24.40975000022445,26.544379107248723,0.0,0.0,18.581065375074104,0.0
2050-11-16 03:00:00,0.0,0.0,0.0,0.0,0.0,23.08062500017695,28.076543830660256,0.0,0.0,19.653580681462177,0.0
2050-11-16 04:00:00,0.0,0.0,0.0,0.0,0.0,22.31062500027474,26.242238463799453,0.0,0.0,18.369566924659615,0.0
2050-11-16 05:00:00,0.0,0.0,0.0,0.0,0.0,21.35475000028964,32.9816315591728,0.0,0.0,23.087142091420958,0.0
2050-11-16 06:00:00,0.0,0.0,0.0,0.0,0.0,20.957625000271946,27.426111441862723,0.0,0.0,19.198278009303905,0.0
2050-11-16 07:00:00,0.0,0.0,0.0,0.0,0.0,23.493750000256114,19.343506949311312,0.0,0.0,13.540454864517917,0.0
2050-11-16 08:00:00,0.0,0.0,0.0,0.0,0.0,26.264000000199303,15.372916475990209,0.0,0.0,10.761041533193145,0.0
2050-11-16 09:00:00,0.0,0.0,0.0,0.0,0.0,29.12587500025984,10.283742523258823,0.0,0.0,7.198619766281175,0.0
2050-11-16 10:00:00,0.0,0.0,0.0,0.0,0.0,33.45475000026636,1.8666913136617964,0.0,0.0,1.3066839195632574,0.0
2050-11-16 11:00:00,0.0,0.0,0.0,0.0,0.0,35.06875000020955,18.356472646502944,0.0,0.0,12.84953085255206,0.0
2050-11-16 12:00:00,0.0,0.0,0.0,0.0,0.0,35.83037500025239,13.898819639302438,0.0,0.0,9.729173747511705,0.0
2050-11-16 13:00:00,0.0,0.0,0.0,0.0,0.0,36.054625000222586,12.287636022043984,0.0,0.0,8.601345215430788,0.0
2050-11-16 14:00:00,0.0,0.0,0.0,0.0,0.0,34.81575000018347,39.07747660094452,0.0,0.0,27.35423362066115,0.0
2050-11-16 15:00:00,0.0,0.0,0.0,0.0,0.0,32.72037500026636,36.928484118618684,0.0,0.0,25.849938883033076,0.0
2050-11-16 16:00:00,0.0,0.0,0.0,0.0,0.0,31.776500000269152,38.55002290553435,0.0,0.0,26.985016033874043,0.0
2050-11-16 17:00:00,0.0,0.0,0.0,0.0,0.0,31.495250000269152,39.07747660094452,0.0,0.0,27.35423362066115,0.0
2050-11-16 18:00:00,0.0,0.0,0.0,0.0,0.0,30.872750000213273,31.020596434268768,0.0,0.0,21.714417503988138,0.0
2050-11-16 19:00:00,0.0,0.0,0.0,0.0,0.0,29.86187500017695,39.07747660094452,0.0,0.0,27.35423362066115,0.0
2050-11-16 20:00:00,0.0,0.0,0.0,0.0,0.0,30.214500000234693,39.07747660094452,0.0,0.0,27.35423362066115,0.0
2050-11-16 21:00:00,0.0,0.0,0.0,0.0,0.0,32.648625000263564,39.07747660094451,0.0,0.0,27.35423362066115,0.0
2050-11-16 22:00:00,0.0,0.0,0.0,0.0,0.0,33.9810000002617,4.673233994185239,0.0,0.0,3.271263795929667,0.0
2050-11-16 23:00:00,0.0,0.0,0.0,0.0,0.0,31.23625000019092,38.58278992870156,0.0,0.0,27.007952950091088,0.0
2050-11-17 00:00:00,0.0,0.0,0.0,0.0,0.0,28.340125000220723,39.07747660094452,0.0,0.0,27.354233620661162,0.0
2050-11-17 01:00:00,0.0,0.0,0.0,0.0,0.0,25.569125000271015,39.07747660094452,0.0,0.0,27.35423362066115,0.0
2050-11-17 02:00:00,0.0,0.0,0.0,0.0,0.0,23.87837500020396,39.07747660094452,0.0,0.0,27.35423362066115,0.0
2050-11-17 03:00:00,0.0,0.0,0.0,0.0,0.0,22.63812500028871,39.07747660094452,0.0,0.0,27.35423362066115,0.0
2050-11-17 04:00:00,0.0,0.0,0.0,0.0,0.0,21.253000000258908,39.07747660094452,0.0,0.0,27.35423362066115,0.0
2050-11-17 05:00:00,0.0,0.0,0.0,0.0,0.0,20.270125000271946,37.19702113182409,0.0,0.0,26.037914792276858,0.0
2050-11-17 06:00:00,0.0,0.0,0.0,0.0,0.0,17.71800000022631,39.07747660094451,0.0,0.0,27.35423362066115,0.0
2050-11-17 07:00:00,0.0,0.0,0.0,0.0,0.0,18.419500000192784,20.618199694229347,0.0,0.0,14.43273978596054,0.0
2050-11-17 08:00:00,0.0,0.0,0.0,0.0,0.0,19.803875000216067,15.385328228232488,0.0,0.0,10.769729759762741,0.0
2050-11-17 09:00:00,0.0,0.0,0.0,0.0,0.0,22.755875000264496,39.07747660094451,0.0,0.0,27.35423362066115,0.0
2050-11-17 10:00:00,0.0,0.0,0.0,0.0,0.0,25.072875000187196,25.628394864560708,0.0,0.0,17.939876405192493,0.0
2050-11-17 11:00:00,0.0,0.0,0.0,0.0,0.0,28.381000000284985,13.517042035072595,0.0,0.0,9.461929424550815,0.0
2050-11-17 12:00:00,0.0,0.0,0.0,0.0,0.0,30.500375000177883,39.07747660094452,0.0,0.0,27.354233620661162,0.0
2050-11-17 13:00:00,0.0,0.0,0.0,0.0,0.0,31.574375000200234,23.985890872094586,0.0,0.0,16.79012361046621,0.0
2050-11-17 14:00:00,0.0,0.0,0.0,0.0,0.0,31.21625000028871,39.07747660094451,0.0,0.0,27.35423362066115,0.0
2050-11-17 15:00:00,0.0,0.0,0.0,0.0,0.0,29.96762500028126,39.07747660094452,0.0,0.0,27.35423362066115,0.0
2050-11-17 16:00:00,0.0,0.0,0.0,0.0,0.0,29.023375000222586,39.07747660094452,0.0,0.0,27.35423362066115,0.0
2050-11-17 17:00:00,0.0,0.0,0.0,0.0,0.0,28.41100000019651,39.07747660094452,0.0,0.0,27.35423362066115,0.0
2050-11-17 18:00:00,0.0,0.0,0.0,0.0,0.0,28.486750000272878,39.07747660094452,0.0,0.0,27.35423362066115,0.0
2050-11-17 19:00:00,0.0,0.0,0.0,0.0,0.0,28.939875000272878,39.07747660094452,0.0,0.0,27.35423362066115,0.0
2050-11-17 20:00:00,0.0,0.0,0.0,0.0,0.0,29.64462500018999,39.07747660094452,0.0,0.0,27.35423362066115,0.0
2050-11-17 21:00:00,0.0,0.0,0.0,0.0,0.0,31.909875000244938,39.07747660094452,0.0,0.0,27.35423362066115,0.0
2050-11-17 22:00:00,0.0,0.0,0.0,0.0,0.0,34.72425000020303,39.07747660094452,0.0,0.0,27.35423362066115,0.0
2050-11-17 23:00:00,0.0,0.0,0.0,0.0,0.0,31.667750000255182,39.07747660094452,0.0,0.0,27.35423362066115,0.0
2050-11-18 00:00:00,0.0,0.0,0.0,0.0,0.0,27.634875000221655,39.07747660094452,0.0,0.0,27.35423362066115,0.0
2050-11-18 01:00:00,0.0,0.0,0.0,0.0,0.0,23.95200000028126,39.07747660094452,0.0,0.0,27.35423362066115,0.0
2050-11-18 02:00:00,0.0,0.0,0.0,0.0,0.0,22.306625000201166,34.06017466633698,0.0,0.0,23.842122266435883,0.0
2050-11-18 03:00:00,0.0,0.0,0.0,0.0,0.0,21.604875000193715,26.014293178313707,0.0,0.0,18.210005224819593,0.0
2050-11-18 04:00:00,0.0,0.0,0.0,0.0,0.0,21.26712500024587,17.7370983001613,0.0,0.0,12.41596881011291,0.0
2050-11-18 05:00:00,0.0,0.0,0.0,0.0,0.0,20.655375000205822,9.332950848481872,0.0,0.0,6.53306559393731,0.0
2050-11-18 06:00:00,0.0,0.0,0.0,0.0,0.0,23.206125000258908,0.27423730254195533,0.0,0.0,0.19196611177936873,0.0
2050-11-18 07:00:00,0.0,0.0,0.0,0.0,0.0,27.636875000200234,0.0,0.0,0.0,0.0,0.0
2050-11-18 08:00:00,0.0,0.0,0.0,0.0,0.0,31.570500000263564,0.0,0.0,0.0,0.0,0.0
2050-11-18 09:00:00,0.0,0.0,0.0,0.0,0.0,35.20187500026077,0.0,0.0,0.0,0.0,0.0
2050-11-18 10:00:00,0.0,0.0,0.0,0.0,0.0,36.92087500018533,0.0,0.0,0.0,0.0,0.0
2050-11-18 11:00:00,0.0,0.0,0.0,0.0,0.0,38.350875000236556,0.0,0.0,0.0,0.0,0.0
2050-11-18 12:00:00,0.0,0.0,0.0,0.0,0.0,38.240375000284985,11.159891496945939,0.0,0.0,7.811924047862156,0.0
2050-11-18 13:00:00,0.0,0.0,0.0,0.0,0.0,36.42550000024494,13.708668352747736,0.0,0.0,9.596067846923415,0.0
2050-11-18 14:00:00,0.0,0.0,0.0,0.0,0.0,37.48337500018533,19.086887405699258,0.0,0.0,13.36082118398948,0.0
2050-11-18 15:00:00,0.0,0.0,0.0,0.0,0.0,37.47375000023749,9.598075639795333,0.0,0.0,6.718652947856732,0.0
2050-11-18 16:00:00,0.0,0.0,0.0,0.0,0.0,37.02025000017602,7.035206475163939,0.0,0.0,4.9246445326147565,0.0
2050-11-18 17:00:00,0.0,0.0,0.0,0.0,0.0,36.23725000023842,9.457484083481898,0.0,0.0,6.620238858437328,0.0
2050-11-18 18:00:00,0.0,0.0,0.0,0.0,0.0,35.60400000028312,20.08528196639695,0.0,0.0,14.059697376477862,0.0
2050-11-18 19:00:00,0.0,0.0,0.0,0.0,0.0,33.382125000236556,0.0,0.0,0.0,0.0,0.0
2050-11-18 20:00:00,0.0,0.0,0.0,0.0,0.0,32.49637500022072,21.372334245528087,0.0,0.0,14.96063397186966,0.0
2050-11-18 21:00:00,0.0,0.0,0.0,0.0,0.0,32.94212500017602,0.0,0.0,0.0,0.0,0.0
2050-11-18 22:00:00,0.0,0.0,0.0,0.0,0.0,34.50875000027008,35.39797715733631,0.0,0.0,24.778584010135415,0.0
2050-11-18 23:00:00,0.0,0.0,0.0,0.0,0.0,30.927125000278465,36.905129819287396,0.0,0.0,25.833590873501176,0.0
2050-11-19 00:00:00,0.0,0.0,0.0,0.0,0.0,27.614250000216998,24.815771310104182,0.0,0.0,17.371039917072927,0.0
2050-11-19 01:00:00,0.0,0.0,0.0,0.0,0.0,24.14087500027381,15.370289119638635,0.0,0.0,10.759202383747043,0.0
2050-11-19 02:00:00,0.0,0.0,0.0,0.0,0.0,22.818250000244007,6.63371569411456,0.0,0.0,4.643600985880192,0.0
2050-11-19 03:00:00,0.0,0.0,0.0,0.0,0.0,21.757125000236556,1.7545876311549833,0.0,0.0,1.2282113418084881,0.0
2050-11-19 04:00:00,0.0,0.0,0.0,0.0,0.0,21.308375000255182,1.8176169034889718,0.0,0.0,1.27233183244228,0.0
2050-11-19 05:00:00,0.0,0.0,0.0,0.0,0.0,20.121500000241213,3.847622960117892,0.0,0.0,2.6933360720825243,0.0
2050-11-19 06:00:00,0.0,0.0,0.0,0.0,0.0,22.54750000021886,0.40608866279463385,0.0,0.0,0.28426206395624365,0.0
2050-11-19 07:00:00,0.0,0.0,0.0,0.0,0.0,27.355000000214204,0.0,18.943729101201818,0.0,0.0,19.330335817552875
2050-11-19 08:00:00,0.0,0.0,0.0,0.0,0.0,30.999000000185333,0.0,37.85217116137086,0.0,0.0,38.62466445037843
2050-11-19 09:00:00,0.0,0.0,0.0,0.0,0.0,33.56825000024401,0.0,43.73995049595425,0.0,0.0,44.63260254689209
2050-11-19 10:00:00,0.0,0.0,0.0,0.0,0.0,35.2375000002794,0.0,43.73995049595425,0.0,0.0,44.63260254689209
2050-11-19 11:00:00,0.0,0.0,0.0,0.0,0.0,36.08362500020303,0.0,43.73995049595425,0.0,0.0,44.63260254689209
2050-11-19 12:00:00,0.0,0.0,0.0,0.0,0.0,36.10475000028964,0.0,43.73995049595425,0.0,0.0,44.63260254689209
2050-11-19 13:00:00,0.0,0.0,0.0,0.0,0.0,35.838750000228174,0.0,43.73995049595425,0.0,0.0,44.63260254689209
2050-11-19 14:00:00,0.0,0.0,0.0,0.0,0.0,36.18325000023469,0.0,43.73995049595425,0.0,0.0,44.63260254689209
2050-11-19 15:00:00,0.0,0.0,0.0,0.0,0.0,36.5278750002617,0.0,40.4541063786114,0.0,0.0,41.27970038633817
2050-11-19 16:00:00,0.0,0.0,0.0,0.0,0.0,35.19950000022072,0.0,33.23203899314689,0.0,0.0,33.91024387055805
2050-11-19 17:00:00,0.0,0.0,0.0,0.0,0.0,33.96462500025518,0.0,0.0,0.0,0.0,0.0
2050-11-19 18:00:00,0.0,0.0,0.0,0.0,0.0,32.871250000200234,0.0,33.03819014321585,0.0,0.0,33.712438921648825
2050-11-19 19:00:00,0.0,0.0,0.0,0.0,0.0,33.65200000023469,0.0,0.0,0.0,0.0,0.0
2050-11-19 20:00:00,0.0,0.0,0.0,0.0,0.0,32.28112500021234,0.0,0.0,0.0,0.0,0.0
2050-11-19 21:00:00,0.0,0.0,0.0,0.0,0.0,31.597375000244938,0.0,0.0,0.0,0.0,0.0
2050-11-19 22:00:00,0.0,0.0,0.0,0.0,0.0,33.01075000024866,0.0,0.0,0.0,0.0,0.0
2050-11-19 23:00:00,0.0,0.0,0.0,0.0,0.0,30.90812500019092,2.6238340618784797,0.0,0.0,1.8366838433149357,0.0
2050-11-20 00:00:00,0.0,0.0,0.0,0.0,0.0,27.841500000213273,2.3163224446374224,0.0,0.0,1.6214257112461956,0.0
2050-11-20 01:00:00,0.0,0.0,0.0,0.0,0.0,24.316375000285916,18.456267456085413,0.0,0.0,12.91938721925979,0.0
2050-11-20 02:00:00,0.0,0.0,0.0,0.0,0.0,22.208750000223517,31.623420750371317,0.0,0.0,22.13639452525992,0.0
2050-11-20 03:00:00,0.0,0.0,0.0,0.0,0.0,21.42312500020489,39.07747660094452,0.0,0.0,27.35423362066115,0.0
2050-11-20 04:00:00,0.0,0.0,0.0,0.0,0.0,21.221875000279397,39.07747660094452,0.0,0.0,27.35423362066115,0.0
2050-11-20 05:00:00,0.0,0.0,0.0,0.0,0.0,20.838500000187196,39.07747660094452,0.0,0.0,27.35423362066115,0.0
2050-11-20 06:00:00,0.0,0.0,0.0,0.0,0.0,22.587250000215136,39.07747660094452,0.0,0.0,27.35423362066115,0.0
2050-11-20 07:00:00,0.0,0.0,0.0,0.0,0.0,26.54675000021234,39.07747660094452,0.0,0.0,27.35423362066115,0.0
2050-11-20 08:00:00,0.0,0.0,0.0,0.0,0.0,30.87787500023842,39.07747660094452,0.0,0.0,27.35423362066115,0.0
2050-11-20 09:00:00,0.0,0.0,0.0,0.0,0.0,34.23300000024028,29.285968725662975,0.0,0.0,20.500178107964082,0.0
2050-11-20 10:00:00,0.0,0.0,0.0,0.0,0.0,36.38787500024773,15.09298266847925,0.0,0.0,10.565087867935475,0.0
2050-11-20 11:00:00,0.0,0.0,0.0,0.0,0.0,37.212250000215136,18.582403248332632,0.0,0.0,13.007682273832842,0.0
2050-11-20 12:00:00,0.0,0.0,0.0,0.0,0.0,37.08700000029057,20.479424857933274,0.0,0.0,14.335597400553292,0.0
2050-11-20 13:00:00,0.0,0.0,0.0,0.0,0.0,36.81825000024401,23.622120291482112,0.0,0.0,16.535484204037477,0.0
2050-11-20 14:00:00,0.0,0.0,0.0,0.0,0.0,35.84612500027288,26.573213526518064,0.0,0.0,18.601249468562642,0.0
2050-11-20 15:00:00,0.0,0.0,0.0,0.0,0.0,35.6326250002021,26.798278201951504,0.0,0.0,18.758794741366053,0.0
2050-11-20 16:00:00,0.0,0.0,0.0,0.0,0.0,35.01462500018533,28.382899955849744,0.0,0.0,19.86802996909482,0.0
2050-11-20 17:00:00,0.0,0.0,0.0,0.0,0.0,34.368625000235625,38.313054418114,0.0,0.0,26.819138092679797,0.0
2050-11-20 18:00:00,0.0,0.0,0.0,0.0,0.0,33.51025000028312,39.07747660094452,0.0,0.0,27.35423362066115,0.0
2050-11-20 19:00:00,0.0,0.0,0.0,0.0,0.0,31.758000000263564,39.07747660094452,0.0,0.0,27.35423362066115,0.0
2050-11-20 20:00:00,0.0,0.0,0.0,0.0,0.0,30.647125000250526,39.07747660094452,0.0,0.0,27.35423362066115,0.0
2050-11-20 21:00:00,0.0,0.0,0.0,0.0,0.0,32.5921250001993,39.07747660094452,0.0,0.0,27.35423362066115,0.0
2050-11-20 22:00:00,0.0,0.0,0.0,0.0,0.0,33.729250000207685,14.18894448206354,0.0,0.0,9.932261137444478,0.0
2050-11-20 23:00:00,0.0,0.0,0.0,0.0,0.0,31.116375000216067,6.487127479937257,0.0,0.0,4.540989235956079,0.0
2050-11-21 00:00:00,0.0,0.0,0.0,0.0,0.0,28.042000000248663,0.0,0.0,0.0,0.0,0.0
2050-11-21 01:00:00,0.0,0.0,0.0,0.0,0.0,25.14325000019744,0.3744887826858765,0.0,0.0,0.26214214788011353,0.0
2050-11-21 02:00:00,0.0,0.0,0.0,0.0,0.0,22.777500000200234,2.67890719115967,0.0,0.0,1.875235033811769,0.0
2050-11-21 03:00:00,0.0,0.0,0.0,0.0,0.0,22.603500000201166,2.217540497780295,0.0,0.0,1.5522783484462064,0.0
2050-11-21 04:00:00,0.0,0.0,0.0,0.0,0.0,22.005875000264496,1.2607433880828545,0.0,0.0,0.882520371657998,0.0
2050-11-21 05:00:00,0.0,0.0,0.0,0.0,0.0,21.135500000207685,1.134788294049013,0.0,0.0,0.7943518058343091,0.0
2050-11-21 06:00:00,0.0,0.0,0.0,0.0,0.0,22.58075000019744,18.017264562331498,0.0,0.0,12.612085193632048,0.0
2050-11-21 07:00:00,0.0,0.0,0.0,0.0,0.0,27.491250000195578,0.0,0.0,0.0,0.0,0.0
2050-11-21 08:00:00,0.0,0.0,0.0,0.0,0.0,31.462250000215136,0.0,0.0,0.0,0.0,0.0
2050-11-21 09:00:00,0.0,0.0,0.0,0.0,0.0,34.48937500023749,0.0,0.0,0.0,0.0,0.0
2050-11-21 10:00:00,0.0,0.0,0.0,0.0,0.0,35.75550000020303,0.0,0.0,0.0,0.0,0.0
2050-11-21 11:00:00,0.0,0.0,0.0,0.0,0.0,37.07725000020582,0.0,0.0,0.0,0.0,0.0
2050-11-21 12:00:00,0.0,0.0,0.0,0.0,0.0,38.09112500026822,4.754191410760441,0.0,0.0,3.3279339875323086,0.0
2050-11-21 13:00:00,0.0,0.0,0.0,0.0,0.0,37.73987500020303,21.18556992400225,0.0,0.0,14.829898946801576,0.0
2050-11-21 14:00:00,0.0,0.0,0.0,0.0,0.0,36.508500000229105,34.90825479263311,0.0,0.0,24.435778354843176,0.0
2050-11-21 15:00:00,0.0,0.0,0.0,0.0,0.0,37.275000000256114,39.07747660094452,0.0,0.0,27.35423362066115,0.0
2050-11-21 16:00:00,0.0,0.0,0.0,0.0,0.0,37.18325000023469,39.07747660094452,0.0,0.0,27.35423362066115,0.0
2050-11-21 17:00:00,0.0,0.0,0.0,0.0,0.0,36.03412500023842,39.07747660094452,0.0,0.0,27.35423362066115,0.0
2050-11-21 18:00:00,0.0,0.0,0.0,0.0,0.0,34.29437500028871,39.07747660094452,0.0,0.0,27.35423362066115,0.0
2050-11-21 19:00:00,0.0,0.0,0.0,0.0,0.0,33.84237500024028,39.07747660094452,0.0,0.0,27.35423362066115,0.0
2050-11-21 20:00:00,0.0,0.0,0.0,0.0,0.0,33.526875000214204,39.07747660094452,0.0,0.0,27.35423362066115,0.0
2050-11-21 21:00:00,0.0,0.0,0.0,0.0,0.0,34.600875000236556,39.07747660094452,0.0,0.0,27.35423362066115,0.0
2050-11-21 22:00:00,0.0,0.0,0.0,0.0,0.0,35.010000000242144,39.07747660094452,0.0,0.0,27.35423362066115,0.0
2050-11-21 23:00:00,0.0,0.0,0.0,0.0,0.0,31.98462500027381,39.07747660094452,0.0,0.0,27.35423362066115,0.0
2050-11-22 00:00:00,0.0,0.0,0.0,0.0,0.0,28.232125000213273,39.07747660094452,0.0,0.0,27.35423362066115,0.0
2050-11-22 01:00:00,0.0,0.0,0.0,0.0,0.0,25.115000000223517,39.07747660094452,0.0,0.0,27.35423362066115,0.0
2050-11-22 02:00:00,0.0,0.0,0.0,0.0,0.0,22.960125000216067,39.07747660094452,0.0,0.0,27.35423362066115,0.0
2050-11-22 03:00:00,0.0,0.0,0.0,0.0,0.0,22.163500000257045,39.07747660094452,0.0,0.0,27.354233620661162,0.0
2050-11-22 04:00:00,0.0,0.0,0.0,0.0,0.0,22.103000000235625,39.07747660094452,0.0,0.0,27.35423362066115,0.0
2050-11-22 05:00:00,0.0,0.0,0.0,0.0,0.0,21.182750000269152,39.07747660094452,0.0,0.0,27.35423362066115,0.0
2050-11-22 06:00:00,0.0,0.0,0.0,0.0,0.0,22.638375000213273,39.07747660094452,0.0,0.0,27.35423362066115,0.0
2050-11-22 07:00:00,0.0,0.0,0.0,0.0,0.0,26.2935000002617,39.07747660094452,0.0,0.0,27.35423362066115,0.0
2050-11-22 08:00:00,0.0,0.0,0.0,0.0,0.0,29.583750000223517,39.07747660094452,0.0,0.0,27.35423362066115,0.0
2050-11-22 09:00:00,0.0,0.0,0.0,0.0,0.0,32.427750000264496,39.07747660094452,0.0,0.0,27.35423362066115,0.0
2050-11-22 10:00:00,0.0,0.0,0.0,0.0,0.0,34.44575000018813,39.07747660094452,0.0,0.0,27.35423362066115,0.0
2050-11-22 11:00:00,0.0,0.0,0.0,0.0,0.0,35.694125000271015,39.07747660094452,0.0,0.0,27.35423362066115,0.0
2050-11-22 12:00:00,0.0,0.0,0.0,0.0,0.0,36.76575000025332,39.07747660094452,0.0,0.0,27.35423362066115,0.0
2050-11-22 13:00:00,0.0,0.0,0.0,0.0,0.0,36.67075000028126,39.07747660094452,0.0,0.0,27.35423362066115,0.0
2050-11-22 14:00:00,0.0,0.0,0.0,0.0,0.0,35.99950000026729,39.07747660094452,0.0,0.0,27.35423362066115,0.0
2050-11-22 15:00:00,0.0,0.0,0.0,0.0,0.0,36.83062500017695,39.07747660094452,0.0,0.0,27.35423362066115,0.0
2050-11-22 16:00:00,0.0,0.0,0.0,0.0,0.0,35.509375000256114,39.07747660094452,0.0,0.0,27.354233620661162,0.0
2050-11-22 17:00:00,0.0,0.0,0.0,0.0,0.0,34.52450000029057,39.07747660094452,0.0,0.0,27.35423362066115,0.0
2050-11-22 18:00:00,0.0,0.0,0.0,0.0,0.0,36.37587500025984,39.07747660094452,0.0,0.0,27.354233620661162,0.0
2050-11-22 19:00:00,0.0,0.0,0.0,0.0,0.0,36.01900000020396,39.07747660094452,0.0,0.0,27.35423362066115,0.0
2050-11-22 20:00:00,0.0,0.0,0.0,0.0,0.0,34.58512500021607,39.07747660094452,0.0,0.0,27.35423362066115,0.0
2050-11-22 21:00:00,0.0,0.0,0.0,0.0,0.0,35.053375000250526,33.99571095136922,0.0,0.0,23.79699766595845,0.0
2050-11-22 22:00:00,0.0,0.0,0.0,0.0,0.0,36.46400000026915,15.158483925311828,0.0,0.0,10.61093874771828,0.0
2050-11-22 23:00:00,0.0,0.0,0.0,0.0,0.0,33.709000000264496,0.0,19.751322222951508,0.0,0.0,20.154410431583173
2050-11-23 00:00:00,0.0,0.0,0.0,0.0,0.0,28.773750000284053,0.0,25.503634158770236,0.0,0.0,26.024116488541058
2050-11-23 01:00:00,0.0,0.0,0.0,0.0,0.0,25.587875000201166,0.0,29.34309415469533,0.0,0.0,29.941932810913602
2050-11-23 02:00:00,0.0,0.0,0.0,0.0,0.0,23.48900000017602,0.0,38.45057424472129,0.0,0.0,39.235279841552334
2050-11-23 03:00:00,0.0,0.0,0.0,0.0,0.0,22.221750000258908,0.0,40.19282052348178,0.0,0.0,41.013082166818144
2050-11-23 04:00:00,0.0,0.0,0.0,0.0,0.0,21.583125000237487,0.0,25.863097926011495,0.0,0.0,26.39091625103214
2050-11-23 05:00:00,0.0,0.0,0.0,0.0,0.0,19.693750000209548,0.0,32.13830597633332,0.0,0.0,32.79418977176869
2050-11-23 06:00:00,0.0,0.0,0.0,0.0,0.0,19.09300000022631,0.0,28.368763971761947,0.0,0.0,28.947718338532603
2050-11-23 07:00:00,0.0,0.0,0.0,0.0,0.0,21.07862500019837,0.0,20.5122485566279,0.0,0.0,20.9308658741101
2050-11-23 08:00:00,0.0,0.0,0.0,0.0,0.0,25.050625000265427,0.0,28.24666584133505,0.0,0.0,28.823128409525562
2050-11-23 09:00:00,0.0,0.0,0.0,0.0,0.0,29.253875000285916,0.0,43.73995049595425,0.0,0.0,44.63260254689209
2050-11-23 10:00:00,0.0,0.0,0.0,0.0,0.0,31.730875000241213,0.0,43.73995049595425,0.0,0.0,44.63260254689209
2050-11-23 11:00:00,0.0,0.0,0.0,0.0,0.0,33.42725000018254,0.0,17.183903137035234,0.0,0.0,17.534595037791057
2050-11-23 12:00:00,0.0,0.0,0.0,0.0,0.0,34.758000000263564,0.0,0.0,0.0,0.0,0.0
2050-11-23 13:00:00,0.0,0.0,0.0,0.0,0.0,35.09462500025984,0.0,0.0,0.0,0.0,0.0
2050-11-23 14:00:00,0.0,0.0,0.0,0.0,0.0,34.18462500022724,0.0,0.0,0.0,0.0,0.0
2050-11-23 15:00:00,0.0,0.0,0.0,0.0,0.0,33.91250000020955,0.0,0.0,0.0,0.0,0.0
2050-11-23 16:00:00,0.0,0.0,0.0,0.0,0.0,34.68675000022631,14.016822337681699,0.0,0.0,9.811775636377188,0.0
2050-11-23 17:00:00,0.0,0.0,0.0,0.0,0.0,31.812875000177883,13.563928450353703,0.0,0.0,9.494749915247592,0.0
2050-11-23 18:00:00,0.0,0.0,0.0,0.0,0.0,29.916625000187196,20.51275102984205,0.0,0.0,14.358925720889435,0.0
2050-11-23 19:00:00,0.0,0.0,0.0,0.0,0.0,29.7365000002319,39.07747660094452,0.0,0.0,27.354233620661162,0.0
2050-11-23 20:00:00,0.0,0.0,0.0,0.0,0.0,29.456125000258908,36.00589155841986,0.0,0.0,25.204124090893902,0.0
2050-11-23 21:00:00,0.0,0.0,0.0,0.0,0.0,30.903250000206754,39.07747660094451,0.0,0.0,27.35423362066115,0.0
2050-11-23 22:00:00,0.0,0.0,0.0,0.0,0.0,33.199250000179745,21.793129432714494,0.0,0.0,15.255190602900145,0.0
2050-11-23 23:00:00,0.0,0.0,0.0,0.0,0.0,31.81000000028871,5.267589512105278,0.0,0.0,3.6873126584736946,0.0
2050-11-24 00:00:00,0.0,0.0,0.0,0.0,0.0,29.06062500027474,0.0,22.721763708872817,0.0,0.0,23.185473172319202
2050-11-24 01:00:00,0.0,0.0,0.0,0.0,0.0,26.499750000191852,0.0,43.73995049595425,0.0,0.0,44.63260254689209
2050-11-24 02:00:00,0.0,0.0,0.0,0.0,0.0,23.9212500002468,0.0,43.493181818630546,0.0,0.0,44.3807977741128
2050-11-24 03:00:00,0.0,0.0,0.0,0.0,0.0,22.62175000028219,0.0,21.910199638500533,0.0,0.0,22.357346569898507
2050-11-24 04:00:00,0.0,0.0,0.0,0.0,0.0,21.849000000278465,0.0,10.247778912289052,0.0,0.0,10.456917257437809
2050-11-24 05:00:00,0.0,0.0,0.0,0.0,0.0,19.72425000020303,0.0,6.115987088266898,0.0,0.0,6.240803151292753
2050-11-24 06:00:00,0.0,0.0,0.0,0.0,0.0,18.467750000185333,0.0,0.9476589823430197,0.0,0.0,0.9669989615745099
2050-11-24 07:00:00,0.0,0.0,0.0,0.0,0.0,19.425000000279397,0.0,11.386166658926658,0.0,0.0,11.618537407068018
2050-11-24 08:00:00,0.0,0.0,0.0,0.0,0.0,21.196500000194646,0.0,15.1063685827161,0.0,0.0,15.414661819098061
2050-11-24 09:00:00,0.0,0.0,0.0,0.0,0.0,24.20862500020303,0.0,37.419943915937175,0.0,0.0,38.18361624075222
2050-11-24 10:00:00,0.0,0.0,0.0,0.0,0.0,26.73687500017695,0.0,32.797082554277075,0.0,0.0,33.466410769670496
2050-11-24 11:00:00,0.0,0.0,0.0,0.0,0.0,28.834375000209548,0.0,26.494019171691548,0.0,0.0,27.03471344050158
2050-11-24 12:00:00,0.0,0.0,0.0,0.0,0.0,30.73625000019092,0.0,30.900569586467146,0.0,0.0,31.53119345557872
2050-11-24 13:00:00,0.0,0.0,0.0,0.0,0.0,31.98525000025984,0.0,0.0,0.0,0.0,0.0
2050-11-24 14:00:00,0.0,0.0,0.0,0.0,0.0,31.67537500022445,0.0,0.0,0.0,0.0,0.0
2050-11-24 15:00:00,0.0,0.0,0.0,0.0,0.0,30.87312500027474,0.0,0.0,0.0,0.0,0.0
2050-11-24 16:00:00,0.0,0.0,0.0,0.0,0.0,30.30300000018906,0.0,0.0,0.0,0.0,0.0
2050-11-24 17:00:00,0.0,0.0,0.0,0.0,0.0,30.067750000278465,0.0,0.0,0.0,0.0,0.0
2050-11-24 18:00:00,0.0,0.0,0.0,0.0,0.0,30.09337500028778,0.0,0.0,0.0,0.0,0.0
2050-11-24 19:00:00,0.0,0.0,0.0,0.0,0.0,30.686000000219792,0.0,0.0,0.0,0.0,0.0
2050-11-24 20:00:00,0.0,0.0,0.0,0.0,0.0,31.41100000019651,0.0,5.011246205868454,0.0,0.0,5.113516536600463
2050-11-24 21:00:00,0.0,0.0,0.0,0.0,0.0,32.67550000024494,0.0,18.85907049365679,0.0,0.0,19.243949483323256
2050-11-24 22:00:00,0.0,0.0,0.0,0.0,0.0,34.418750000186265,0.0,37.68932475859341,0.0,0.0,38.45849465162593
2050-11-24 23:00:00,0.0,0.0,0.0,0.0,0.0,31.936500000185333,0.0,43.73995049595425,0.0,0.0,44.63260254689209
2050-11-25 00:00:00,0.0,0.0,0.0,0.0,0.0,28.682000000262633,0.0,43.73995049595425,0.0,0.0,44.63260254689209
2050-11-25 01:00:00,0.0,0.0,0.0,0.0,0.0,25.152500000200234,0.0,36.56035742056061,0.0,0.0,37.30648716383735
2050-11-25 02:00:00,0.0,0.0,0.0,0.0,0.0,22.900625000242144,0.0,33.38429736778734,0.0,0.0,34.06560955896668
2050-11-25 03:00:00,0.0,0.0,0.0,0.0,0.0,21.957625000271946,0.0,36.21657519436631,0.0,0.0,36.95568897384317
2050-11-25 04:00:00,0.0,0.0,0.0,0.0,0.0,21.61200000019744,0.0,36.07811221468786,0.0,0.0,36.81440021906925
2050-11-25 05:00:00,0.0,0.0,0.0,0.0,0.0,20.6243750002468,0.0,34.15663459375622,0.0,0.0,34.853708769139004
2050-11-25 06:00:00,0.0,0.0,0.0,0.0,0.0,23.06575000018347,0.0,36.62297030047902,0.0,0.0,37.37037785763165
2050-11-25 07:00:00,0.0,0.0,0.0,0.0,0.0,26.612375000258908,0.0,42.41171965968142,0.0,0.0,43.27726495885859
2050-11-25 08:00:00,0.0,0.0,0.0,0.0,0.0,30.310875000199303,0.0,43.73995049595425,0.0,0.0,44.63260254689209
2050-11-25 09:00:00,0.0,0.0,0.0,0.0,0.0,34.71775000018533,0.0,43.73995049595425,0.0,0.0,44.63260254689209
2050-11-25 10:00:00,0.0,0.0,0.0,0.0,0.0,36.28625000023749,0.0,6.410504590659215,0.0,0.0,6.541331214958383
2050-11-25 11:00:00,0.0,0.0,0.0,0.0,0.0,37.6417500001844,0.0,43.73995049595425,0.0,0.0,44.63260254689209
2050-11-25 12:00:00,0.0,0.0,0.0,0.0,0.0,38.08350000018254,0.0,11.785479330168283,0.0,0.0,12.02599931649825
2050-11-25 13:00:00,0.0,0.0,0.0,0.0,0.0,37.848625000217,0.0,4.064405796656383,0.0,0.0,4.147352853731004
2050-11-25 14:00:00,0.0,0.0,0.0,0.0,0.0,37.210375000257045,0.0,0.0,0.0,0.0,0.0
2050-11-25 15:00:00,0.0,0.0,0.0,0.0,0.0,37.01237500028219,0.0,0.0,0.0,0.0,0.0
2050-11-25 16:00:00,0.0,0.0,0.0,0.0,0.0,37.05162500019651,2.2741297432020744,0.0,0.0,1.591890820241452,0.0
2050-11-25 17:00:00,0.0,0.0,0.0,0.0,0.0,35.80775000026915,18.256311269240584,0.0,0.0,12.779417888468409,0.0
2050-11-25 18:00:00,0.0,0.0,0.0,0.0,0.0,34.9827500001993,34.28772827110876,0.0,0.0,24.001409789776133,0.0
2050-11-25 19:00:00,0.0,0.0,0.0,0.0,0.0,34.712500000256114,34.3709635760982,0.0,0.0,24.059674503268738,0.0
2050-11-25 20:00:00,0.0,0.0,0.0,0.0,0.0,34.20787500019651,0.0,0.0,0.0,0.0,0.0
2050-11-25 21:00:00,0.0,0.0,0.0,0.0,0.0,33.86137500021141,0.0,0.0,0.0,0.0,0.0
2050-11-25 22:00:00,0.0,0.0,0.0,0.0,0.0,36.04712500027381,0.0,0.0,0.0,0.0,0.0
2050-11-25 23:00:00,0.0,0.0,0.0,0.0,0.0,33.04975000023842,0.0,0.0,0.0,0.0,0.0
2050-11-26 00:00:00,0.0,0.0,0.0,0.0,0.0,28.31062500027474,0.0,0.0,0.0,0.0,0.0
2050-11-26 01:00:00,0.0,0.0,0.0,0.0,0.0,25.298000000184402,10.852960506948342,0.0,0.0,7.5970723548638395,0.0
2050-11-26 02:00:00,0.0,0.0,0.0,0.0,0.0,23.527500000200234,21.861218304391265,0.0,0.0,15.302852813073885,0.0
2050-11-26 03:00:00,0.0,0.0,0.0,0.0,0.0,22.428125000209548,34.836764103653444,0.0,0.0,24.38573487255741,0.0
2050-11-26 04:00:00,0.0,0.0,0.0,0.0,0.0,22.142375000286847,39.07747660094452,0.0,0.0,27.35423362066115,0.0
2050-11-26 05:00:00,0.0,0.0,0.0,0.0,0.0,20.962500000256114,39.07747660094452,0.0,0.0,27.35423362066115,0.0
2050-11-26 06:00:00,0.0,0.0,0.0,0.0,0.0,23.292750000255182,39.07747660094452,0.0,0.0,27.35423362066115,0.0
2050-11-26 07:00:00,0.0,0.0,0.0,0.0,0.0,27.385500000207685,39.07747660094452,0.0,0.0,27.35423362066115,0.0
2050-11-26 08:00:00,0.0,0.0,0.0,0.0,0.0,30.91162500018254,35.19728327540372,0.0,0.0,24.6380982927826,0.0
2050-11-26 09:00:00,0.0,0.0,0.0,0.0,0.0,34.118750000256114,11.244066018876978,0.0,0.0,7.870846213213884,0.0
2050-11-26 10:00:00,0.0,0.0,0.0,0.0,0.0,35.682500000228174,0.44707388737249687,0.0,0.0,0.31295172116074776,0.0
2050-11-26 11:00:00,0.0,0.0,0.0,0.0,0.0,36.445250000222586,10.998005442384503,0.0,0.0,7.698603809669152,0.0
2050-11-26 12:00:00,0.0,0.0,0.0,0.0,0.0,37.25625000020955,8.067599223824239,0.0,0.0,5.647319456676967,0.0
2050-11-26 13:00:00,0.0,0.0,0.0,0.0,0.0,36.85337500018068,1.725234337409475,0.0,0.0,1.2076640361866324,0.0
2050-11-26 14:00:00,0.0,0.0,0.0,0.0,0.0,35.73725000023842,2.921166298197104,0.0,0.0,2.0448164087379728,0.0
2050-11-26 15:00:00,0.0,0.0,0.0,0.0,0.0,35.83225000021048,0.0,0.0,0.0,0.0,0.0
2050-11-26 16:00:00,0.0,0.0,0.0,0.0,0.0,35.692375000217,4.481960038065232,0.0,0.0,3.137372026645662,0.0
2050-11-26 17:00:00,0.0,0.0,0.0,0.0,0.0,34.98412500019185,11.691128311406487,0.0,0.0,8.183789817984541,0.0
2050-11-26 18:00:00,0.0,0.0,0.0,0.0,0.0,34.310750000178814,14.793408152401092,0.0,0.0,10.355385706680764,0.0
2050-11-26 19:00:00,0.0,0.0,0.0,0.0,0.0,34.16187500022352,19.894043875080097,0.0,0.0,13.925830712556067,0.0
2050-11-26 20:00:00,0.0,0.0,0.0,0.0,0.0,33.68812500021886,25.61018320166636,0.0,0.0,17.92712824116645,0.0
2050-11-26 21:00:00,0.0,0.0,0.0,0.0,0.0,33.319000000250526,33.99093058219039,0.0,0.0,23.793651407533268,0.0
2050-11-26 22:00:00,0.0,0.0,0.0,0.0,0.0,34.879875000217,27.24073162590836,0.0,0.0,19.06851213813585,0.0
2050-11-26 23:00:00,0.0,0.0,0.0,0.0,0.0,32.11237500025891,18.0482987597489,0.0,0.0,12.63380913182423,0.0
2050-11-27 00:00:00,0.0,0.0,0.0,0.0,0.0,28.62562500021886,8.660380860276621,0.0,0.0,6.062266602193635,0.0
2050-11-27 01:00:00,0.0,0.0,0.0,0.0,0.0,25.40162500028964,10.627231003697077,0.0,0.0,7.439061702587953,0.0
2050-11-27 02:00:00,0.0,0.0,0.0,0.0,0.0,23.76900000020396,10.522514631052083,0.0,0.0,7.365760241736457,0.0
2050-11-27 03:00:00,0.0,0.0,0.0,0.0,0.0,23.18887500022538,12.808049543296924,0.0,0.0,8.965634680307847,0.0
2050-11-27 04:00:00,0.0,0.0,0.0,0.0,0.0,22.56237500021234,13.059740522957227,0.0,0.0,9.141818366070058,0.0
2050-11-27 05:00:00,0.0,0.0,0.0,0.0,0.0,20.98525000025984,18.257670946655338,0.0,0.0,12.780369662658735,0.0
2050-11-27 06:00:00,0.0,0.0,0.0,0.0,0.0,23.81050000025425,14.366507017085056,0.0,0.0,10.056554911959537,0.0
2050-11-27 07:00:00,0.0,0.0,0.0,0.0,0.0,27.555250000208616,9.922586912828564,0.0,0.0,6.945810838979995,0.0
2050-11-27 08:00:00,0.0,0.0,0.0,0.0,0.0,31.149875000235625,3.933197218551072,0.0,0.0,2.7532380529857505,0.0
2050-11-27 09:00:00,0.0,0.0,0.0,0.0,0.0,34.06337500025984,2.218804306265021,0.0,0.0,1.5531630143855146,0.0
2050-11-27 10:00:00,0.0,0.0,0.0,0.0,0.0,35.65987500024494,8.00500417530219,0.0,0.0,5.603502922711533,0.0
2050-11-27 11:00:00,0.0,0.0,0.0,0.0,0.0,36.683000000193715,21.152023581200986,0.0,0.0,14.806416506840689,0.0
2050-11-27 12:00:00,0.0,0.0,0.0,0.0,0.0,36.97337500017602,29.028994141940146,0.0,0.0,20.3202958993581,0.0
2050-11-27 13:00:00,0.0,0.0,0.0,0.0,0.0,36.49312500027008,34.19063283828798,0.0,0.0,23.933442986801587,0.0
2050-11-27 14:00:00,0.0,0.0,0.0,0.0,0.0,35.83975000027567,35.689833477616816,0.0,0.0,24.982883434331768,0.0
2050-11-27 15:00:00,0.0,0.0,0.0,0.0,0.0,35.89012500026729,37.657610378549684,0.0,0.0,26.36032726498478,0.0
2050-11-27 16:00:00,0.0,0.0,0.0,0.0,0.0,35.90700000023935,39.07747660094452,0.0,0.0,27.35423362066115,0.0
2050-11-27 17:00:00,0.0,0.0,0.0,0.0,0.0,34.95450000022538,11.23584365569316,0.0,0.0,7.865090558985211,0.0
2050-11-27 18:00:00,0.0,0.0,0.0,0.0,0.0,34.287750000250526,39.07747660094452,0.0,0.0,27.354233620661162,0.0
2050-11-27 19:00:00,0.0,0.0,0.0,0.0,0.0,33.8743750002468,39.07747660094452,0.0,0.0,27.35423362066115,0.0
2050-11-27 20:00:00,0.0,0.0,0.0,0.0,0.0,33.10925000021234,36.50729757097049,0.0,0.0,25.555108299679343,0.0
2050-11-27 21:00:00,0.0,0.0,0.0,0.0,0.0,32.84550000028685,8.272464680409108,0.0,0.0,5.790725276286375,0.0
2050-11-27 22:00:00,0.0,0.0,0.0,0.0,0.0,34.77450000029057,0.0,0.0,0.0,0.0,0.0
2050-11-27 23:00:00,0.0,0.0,0.0,0.0,0.0,32.586125000263564,0.0,8.648755143338727,0.0,0.0,8.82526035034564
2050-11-28 00:00:00,0.0,0.0,0.0,0.0,0.0,28.68487500026822,0.0,13.977371926439748,0.0,0.0,14.26262441473444
2050-11-28 01:00:00,0.0,0.0,0.0,0.0,0.0,25.857125000213273,0.0,11.642468980142112,0.0,0.0,11.880070387900117
2050-11-28 02:00:00,0.0,0.0,0.0,0.0,0.0,24.022625000216067,0.0,16.66168527073166,0.0,0.0,17.001719664011897
2050-11-28 03:00:00,0.0,0.0,0.0,0.0,0.0,22.908000000286847,0.0,17.489938337793276,0.0,0.0,17.846875854891103
2050-11-28 04:00:00,0.0,0.0,0.0,0.0,0.0,22.211875000270084,0.0,17.06900375017802,0.0,0.0,17.417350765487775
2050-11-28 05:00:00,0.0,0.0,0.0,0.0,0.0,20.901500000269152,0.0,18.133020709902752,0.0,0.0,18.503082357043624
2050-11-28 06:00:00,0.0,0.0,0.0,0.0,0.0,22.78000000026077,0.0,23.935181746596825,0.0,0.0,24.423654843466153
2050-11-28 07:00:00,0.0,0.0,0.0,0.0,0.0,26.081875000265427,0.0,30.35893471245393,0.0,0.0,30.97850480862646
2050-11-28 08:00:00,0.0,0.0,0.0,0.0,0.0,29.04975000023842,0.0,33.274472852870865,0.0,0.0,33.95354372741925
2050-11-28 09:00:00,0.0,0.0,0.0,0.0,0.0,31.752375000272878,0.0,38.619846609941455,0.0,0.0,39.40800674483822
2050-11-28 10:00:00,0.0,0.0,0.0,0.0,0.0,33.74900000018533,0.0,43.73995049595425,0.0,0.0,44.63260254689209
2050-11-28 11:00:00,0.0,0.0,0.0,0.0,0.0,35.397750000236556,0.0,41.156609419633796,0.0,0.0,41.99654022411612
2050-11-28 12:00:00,0.0,0.0,0.0,0.0,0.0,36.582625000271946,0.0,34.25473089194108,0.0,0.0,34.95380703259295
2050-11-28 13:00:00,0.0,0.0,0.0,0.0,0.0,36.215625000186265,0.0,35.1157250815671,0.0,0.0,35.83237253221132
2050-11-28 14:00:00,0.0,0.0,0.0,0.0,0.0,34.87400000018533,0.0,29.833842334359126,0.0,0.0,30.44269625955013
2050-11-28 15:00:00,0.0,0.0,0.0,0.0,0.0,36.12675000028685,0.0,31.572262453694496,0.0,0.0,32.21659434050459
2050-11-28 16:00:00,0.0,0.0,0.0,0.0,0.0,36.12662500026636,0.0,33.24343482426976,0.0,0.0,33.92187226966303
2050-11-28 17:00:00,0.0,0.0,0.0,0.0,0.0,35.14387500018347,0.0,34.83750593634702,0.0,0.0,35.548475445252066
2050-11-28 18:00:00,0.0,0.0,0.0,0.0,0.0,34.45037500024773,0.0,32.54814287097691,0.0,0.0,33.21239068467032
2050-11-28 19:00:00,0.0,0.0,0.0,0.0,0.0,33.97175000025891,0.0,37.71399490518316,0.0,0.0,38.48366827059506
2050-11-28 20:00:00,0.0,0.0,0.0,0.0,0.0,32.99537500028964,0.0,42.71546106854914,0.0,0.0,43.58720517198893
2050-11-28 21:00:00,0.0,0.0,0.0,0.0,0.0,32.9028750002617,0.0,43.73995049595425,0.0,0.0,44.63260254689209
2050-11-28 22:00:00,0.0,0.0,0.0,0.0,0.0,36.45600000023842,0.0,43.73995049595425,0.0,0.0,44.63260254689209
2050-11-28 23:00:00,0.0,0.0,0.0,0.0,0.0,33.536500000278465,0.0,43.73995049595425,0.0,0.0,44.63260254689209
2050-11-29 00:00:00,0.0,0.0,0.0,0.0,0.0,27.821750000235625,0.0,43.73995049595425,0.0,0.0,44.63260254689209
2050-11-29 01:00:00,0.0,0.0,0.0,0.0,0.0,23.95600000023842,0.0,43.494938049509024,0.0,0.0,44.38258984643778
2050-11-29 02:00:00,0.0,0.0,0.0,0.0,0.0,22.316250000265427,0.0,40.57500000048259,0.0,0.0,41.403061224982245
2050-11-29 03:00:00,0.0,0.0,0.0,0.0,0.0,21.17375000019092,0.0,38.36611332376145,0.0,0.0,39.149095228328015
2050-11-29 04:00:00,0.0,0.0,0.0,0.0,0.0,20.492250000243075,0.0,37.012131032140566,0.0,0.0,37.767480645041395
2050-11-29 05:00:00,0.0,0.0,0.0,0.0,0.0,20.07550000026822,0.0,34.85941298333263,0.0,0.0,35.57082957482922
2050-11-29 06:00:00,0.0,0.0,0.0,0.0,0.0,21.98625000019092,0.0,38.22260562597336,0.0,0.0,39.00265880201364
2050-11-29 07:00:00,0.0,0.0,0.0,0.0,0.0,25.133250000188127,0.0,43.36077157748351,0.0,0.0,44.24568528314644
2050-11-29 08:00:00,0.0,0.0,0.0,0.0,0.0,29.027000000234693,0.0,43.73995049595425,0.0,0.0,44.63260254689209
2050-11-29 09:00:00,0.0,0.0,0.0,0.0,0.0,33.0480000001844,0.0,43.73995049595425,0.0,0.0,44.63260254689209
2050-11-29 10:00:00,0.0,0.0,0.0,0.0,0.0,34.992250000243075,0.0,43.73995049595425,0.0,0.0,44.63260254689209
2050-11-29 11:00:00,0.0,0.0,0.0,0.0,0.0,36.305500000249594,0.0,43.73995049595425,0.0,0.0,44.63260254689209
2050-11-29 12:00:00,0.0,0.0,0.0,0.0,0.0,36.65650000027381,0.0,43.73995049595425,0.0,0.0,44.63260254689209
2050-11-29 13:00:00,0.0,0.0,0.0,0.0,0.0,36.25300000025891,0.0,43.73995049595425,0.0,0.0,44.63260254689209
2050-11-29 14:00:00,0.0,0.0,0.0,0.0,0.0,35.62025000026915,0.0,40.50716228265116,0.0,0.0,41.33383906392975
2050-11-29 15:00:00,0.0,0.0,0.0,0.0,0.0,35.68150000018068,0.0,33.13460806910037,0.0,0.0,33.81082456030651
2050-11-29 16:00:00,0.0,0.0,0.0,0.0,0.0,34.56800000020303,0.0,21.744362472789234,0.0,0.0,22.188124972233915
2050-11-29 17:00:00,0.0,0.0,0.0,0.0,0.0,33.95050000026822,0.0,21.48779451896348,0.0,0.0,21.926320937717836
2050-11-29 18:00:00,0.0,0.0,0.0,0.0,0.0,34.10050000017509,0.0,26.09252513120652,0.0,0.0,26.62502564408829
2050-11-29 19:00:00,0.0,0.0,0.0,0.0,0.0,33.89050000021234,0.0,24.32332635890999,0.0,0.0,24.81972077439795
2050-11-29 20:00:00,0.0,0.0,0.0,0.0,0.0,33.52800000028219,0.0,21.168184006572705,0.0,0.0,21.600187761808883
2050-11-29 21:00:00,0.0,0.0,0.0,0.0,0.0,33.76475000020582,0.0,22.833988189885087,0.0,0.0,23.299987948862338
2050-11-29 22:00:00,0.0,0.0,0.0,0.0,0.0,36.212250000215136,0.0,38.50663057796472,0.0,0.0,39.29248018159665
2050-11-29 23:00:00,0.0,0.0,0.0,0.0,0.0,34.00875000027008,0.0,0.0,0.0,0.0,0.0
2050-11-30 00:00:00,0.0,0.0,0.0,0.0,0.0,29.681750000221655,0.0,33.996180919463974,0.0,0.0,34.68998053006528
2050-11-30 01:00:00,0.0,0.0,0.0,0.0,0.0,26.275000000256114,0.0,37.02914663966474,0.0,0.0,37.78484350986198
2050-11-30 02:00:00,0.0,0.0,0.0,0.0,0.0,22.751750000286847,0.0,22.819034106568946,0.0,0.0,23.284728680172393
2050-11-30 03:00:00,0.0,0.0,0.0,0.0,0.0,21.667000000248663,0.0,20.41579388531993,0.0,0.0,20.83244274012238
2050-11-30 04:00:00,0.0,0.0,0.0,0.0,0.0,20.669750000233762,0.0,16.8127144190605,0.0,0.0,17.155831039857656
2050-11-30 05:00:00,0.0,0.0,0.0,0.0,0.0,19.27800000028219,0.0,10.844956557002657,0.0,0.0,11.06628220102312
2050-11-30 06:00:00,0.0,0.0,0.0,0.0,0.0,19.58425000018906,0.0,0.0,0.0,0.0,0.0
2050-11-30 07:00:00,0.0,0.0,0.0,0.0,0.0,21.0625,0.0,2.7859149080643997,0.0,0.0,2.8427703143514287
2050-11-30 08:00:00,0.0,0.0,0.0,0.0,0.0,23.369500000262633,0.0,0.0,0.0,0.0,0.0
2050-11-30 09:00:00,0.0,0.0,0.0,0.0,0.0,27.04550000024028,0.0,0.0,0.0,0.0,0.0
2050-11-30 10:00:00,0.0,0.0,0.0,0.0,0.0,30.057750000269152,0.0,0.0,0.0,0.0,0.0
2050-11-30 11:00:00,0.0,0.0,0.0,0.0,0.0,31.82775000028778,0.0,0.0,0.0,0.0,0.0
2050-11-30 12:00:00,0.0,0.0,0.0,0.0,0.0,32.81675000023097,4.688682752145063,0.0,0.0,3.2820779265015436,0.0
2050-11-30 13:00:00,0.0,0.0,0.0,0.0,0.0,33.35950000025332,8.529674990722302,0.0,0.0,5.970772493505612,0.0
2050-11-30 14:00:00,0.0,0.0,0.0,0.0,0.0,32.25100000028033,13.429541770731198,0.0,0.0,9.400679239511838,0.0
2050-11-30 15:00:00,0.0,0.0,0.0,0.0,0.0,32.3670000002021,0.0,0.0,0.0,0.0,0.0
2050-11-30 16:00:00,0.0,0.0,0.0,0.0,0.0,30.9212500002468,27.868586419104457,0.0,0.0,19.508010493373117,0.0
2050-11-30 17:00:00,0.0,0.0,0.0,0.0,0.0,30.34850000019651,27.244412801703056,0.0,0.0,19.07108896119214,0.0
2050-11-30 18:00:00,0.0,0.0,0.0,0.0,0.0,30.671000000205822,37.527479783355474,0.0,0.0,26.26923584834883,0.0
2050-11-30 19:00:00,0.0,0.0,0.0,0.0,0.0,29.75475000019651,6.407342085128775,0.0,0.0,4.485139459590142,0.0
2050-11-30 20:00:00,0.0,0.0,0.0,0.0,0.0,29.18825000023935,6.625037752261171,0.0,0.0,4.63752642658282,0.0
2050-11-30 21:00:00,0.0,0.0,0.0,0.0,0.0,29.09175000025425,0.0,0.0,0.0,0.0,0.0
2050-11-30 22:00:00,0.0,0.0,0.0,0.0,0.0,31.10050000017509,0.0,0.0,0.0,0.0,0.0
2050-11-30 23:00:00,0.0,0.0,0.0,0.0,0.0,30.272000000230037,0.0,0.0,0.0,0.0,0.0
2050-12-01 00:00:00,0.0,0.0,0.0,0.0,0.0,710.6436029672623,0.0,43.73995049595425,0.0,0.0,44.63260254689209
2050-12-01 01:00:00,0.0,0.0,0.0,0.0,0.0,25.40825000021141,0.0,10.48204659090179,0.0,0.0,10.69596590908346
2050-12-01 02:00:00,0.0,0.0,0.0,0.0,0.0,23.802000000257976,0.0,18.088007029205365,0.0,0.0,18.457150029801397
2050-12-01 03:00:00,0.0,0.0,0.0,0.0,0.0,22.993750000256114,0.0,23.22374483682047,0.0,0.0,23.697698813082113
2050-12-01 04:00:00,0.0,0.0,0.0,0.0,0.0,21.460750000202097,0.0,34.214506433467626,0.0,0.0,34.9127616668037
2050-12-01 05:00:00,0.0,0.0,0.0,0.0,0.0,19.401750000193715,0.0,35.229834459622616,0.0,0.0,35.9488106730843
2050-12-01 06:00:00,0.0,0.0,0.0,0.0,0.0,17.977500000270084,0.0,32.45560253735602,0.0,0.0,33.117961772812265
2050-12-01 07:00:00,0.0,0.0,0.0,0.0,0.0,18.393750000279397,0.0,28.84916993596601,0.0,0.0,29.43792850608777
2050-12-01 08:00:00,0.0,0.0,0.0,0.0,0.0,19.72975000028964,0.0,29.63187940877413,0.0,0.0,30.236611641606256
2050-12-01 09:00:00,0.0,0.0,0.0,0.0,0.0,22.64150000025984,0.0,34.31130327200799,0.0,0.0,35.01153395102857
2050-12-01 10:00:00,0.0,0.0,0.0,0.0,0.0,24.278500000247732,0.0,35.333336558056665,0.0,0.0,36.054425059241495
2050-12-01 11:00:00,0.0,0.0,0.0,0.0,0.0,26.87850000022445,0.0,31.084145942040063,0.0,0.0,31.718516267387823
2050-12-01 12:00:00,0.0,0.0,0.0,0.0,0.0,28.678250000230037,0.0,21.080442013415432,0.0,0.0,21.51065511573003
2050-12-01 13:00:00,0.0,0.0,0.0,0.0,0.0,30.129500000271946,0.0,10.564451708697348,0.0,0.0,10.780052763976888
2050-12-01 14:00:00,0.0,0.0,0.0,0.0,0.0,30.10950000025332,0.0,4.451999299310752,0.0,0.0,4.542856427868115
2050-12-01 15:00:00,0.0,0.0,0.0,0.0,0.0,29.412250000284985,0.0,9.268034286594961,0.0,0.0,9.457177843464246
2050-12-01 16:00:00,0.0,0.0,0.0,0.0,0.0,28.961000000243075,0.0,17.20105961951057,0.0,0.0,17.552101652561806
2050-12-01 17:00:00,0.0,0.0,0.0,0.0,0.0,28.78275000024587,0.0,13.407116436086191,0.0,0.0,13.68073105723081
2050-12-01 18:00:00,0.0,0.0,0.0,0.0,0.0,28.76750000019092,0.0,9.792478287937461,0.0,0.0,9.992324783609655
2050-12-01 19:00:00,0.0,0.0,0.0,0.0,0.0,29.14250000019092,0.0,23.502702807229948,0.0,0.0,23.982349803295865
2050-12-01 20:00:00,0.0,0.0,0.0,0.0,0.0,29.475750000216067,0.0,31.03798593671942,0.0,0.0,31.671414221142264
2050-12-01 21:00:00,0.0,0.0,0.0,0.0,0.0,29.912750000250526,0.0,37.78834704290638,0.0,0.0,38.55953779888407
2050-12-01 22:00:00,0.0,0.0,0.0,0.0,0.0,32.13875000027474,0.0,43.73995049595425,0.0,0.0,44.63260254689209
2050-12-01 23:00:00,0.0,0.0,0.0,0.0,0.0,31.330500000272878,0.0,43.73995049595425,0.0,0.0,44.63260254689209
2050-12-02 00:00:00,0.0,0.0,0.0,0.0,0.0,27.50475000019651,0.0,43.73995049595425,0.0,0.0,44.63260254689209
2050-12-02 01:00:00,0.0,0.0,0.0,0.0,0.0,23.960500000277534,0.0,36.91121762557839,0.0,0.0,37.66450778120244
2050-12-02 02:00:00,0.0,0.0,0.0,0.0,0.0,21.613750000251457,0.0,24.352988174025864,0.0,0.0,24.849987932679458
2050-12-02 03:00:00,0.0,0.0,0.0,0.0,0.0,20.74050000018906,0.0,17.87540194399913,0.0,0.0,18.240206065305234
2050-12-02 04:00:00,0.0,0.0,0.0,0.0,0.0,19.879500000271946,0.0,14.794987901981695,0.0,0.0,15.09692643059357
2050-12-02 05:00:00,0.0,0.0,0.0,0.0,0.0,18.506500000250526,0.0,18.18836805369227,0.0,0.0,18.559559238461503
2050-12-02 06:00:00,0.0,0.0,0.0,0.0,0.0,19.654500000178814,0.0,26.732604400847986,0.0,0.0,27.278167755967335
2050-12-02 07:00:00,0.0,0.0,0.0,0.0,0.0,24.353750000242144,0.0,40.869564025891336,0.0,0.0,41.70363676111361
2050-12-02 08:00:00,0.0,0.0,0.0,0.0,0.0,28.076500000199303,0.0,43.73995049595425,0.0,0.0,44.63260254689209
2050-12-02 09:00:00,0.0,0.0,0.0,0.0,0.0,30.679750000243075,0.0,43.73995049595425,0.0,0.0,44.63260254689209
2050-12-02 10:00:00,0.0,0.0,0.0,0.0,0.0,33.12300000025425,0.0,2.1353691471779257,0.0,0.0,2.1789481093652303
2050-12-02 11:00:00,0.0,0.0,0.0,0.0,0.0,34.62375000026077,0.0,43.73995049595425,0.0,0.0,44.63260254689209
2050-12-02 12:00:00,0.0,0.0,0.0,0.0,0.0,35.36475000018254,0.0,43.73995049595425,0.0,0.0,44.63260254689209
2050-12-02 13:00:00,0.0,0.0,0.0,0.0,0.0,35.431750000221655,0.0,35.61994309462759,0.0,0.0,36.34688070880366
2050-12-02 14:00:00,0.0,0.0,0.0,0.0,0.0,34.55825000023469,0.0,21.588135490672045,0.0,0.0,22.028709684359228
2050-12-02 15:00:00,0.0,0.0,0.0,0.0,0.0,34.196750000235625,0.0,15.67144384368237,0.0,0.0,15.991269228247319
2050-12-02 16:00:00,0.0,0.0,0.0,0.0,0.0,33.97375000023749,0.0,13.8151488879414,0.0,0.0,14.097090701981022
2050-12-02 17:00:00,0.0,0.0,0.0,0.0,0.0,33.08350000018254,0.0,0.0,0.0,0.0,0.0
2050-12-02 18:00:00,0.0,0.0,0.0,0.0,0.0,32.74075000023004,0.0,0.0,0.0,0.0,0.0
2050-12-02 19:00:00,0.0,0.0,0.0,0.0,0.0,32.22550000017509,0.0,15.021144487002905,0.0,0.0,15.327698456125415
2050-12-02 20:00:00,0.0,0.0,0.0,0.0,0.0,31.488250000285916,0.0,0.0,0.0,0.0,0.0
2050-12-02 21:00:00,0.0,0.0,0.0,0.0,0.0,30.85750000027474,0.0,0.0,0.0,0.0,0.0
2050-12-02 22:00:00,0.0,0.0,0.0,0.0,0.0,32.71925000019837,0.0,0.0,0.0,0.0,0.0
2050-12-02 23:00:00,0.0,0.0,0.0,0.0,0.0,31.897750000236556,0.0,0.0,0.0,0.0,0.0
2050-12-03 00:00:00,0.0,0.0,0.0,0.0,0.0,28.286500000278465,0.0,0.0,0.0,0.0,0.0
2050-12-03 01:00:00,0.0,0.0,0.0,0.0,0.0,24.916750000207685,0.0,0.0,0.0,0.0,0.0
2050-12-03 02:00:00,0.0,0.0,0.0,0.0,0.0,22.37575000023935,0.0,0.0,0.0,0.0,0.0
2050-12-03 03:00:00,0.0,0.0,0.0,0.0,0.0,22.480000000214204,0.0,0.0,0.0,0.0,0.0
2050-12-03 04:00:00,0.0,0.0,0.0,0.0,0.0,21.79875000019092,0.0,0.0,0.0,0.0,0.0
2050-12-03 05:00:00,0.0,0.0,0.0,0.0,0.0,21.019500000285916,0.0,0.0,0.0,0.0,0.0
2050-12-03 06:00:00,0.0,0.0,0.0,0.0,0.0,22.45200000028126,0.0,0.0,0.0,0.0,0.0
2050-12-03 07:00:00,0.0,0.0,0.0,0.0,0.0,25.92325000022538,0.0,0.0,0.0,0.0,0.0
2050-12-03 08:00:00,0.0,0.0,0.0,0.0,0.0,29.43350000027567,0.0,0.0,0.0,0.0,0.0
2050-12-03 09:00:00,0.0,0.0,0.0,0.0,0.0,33.06175000022631,0.0,0.0,0.0,0.0,0.0
2050-12-03 10:00:00,0.0,0.0,0.0,0.0,0.0,35.898500000243075,0.0,0.0,0.0,0.0,0.0
2050-12-03 11:00:00,0.0,0.0,0.0,0.0,0.0,36.15475000021979,0.0,0.0,0.0,0.0,0.0
2050-12-03 12:00:00,0.0,0.0,0.0,0.0,0.0,36.51700000022538,0.0,0.0,0.0,0.0,0.0
2050-12-03 13:00:00,0.0,0.0,0.0,0.0,0.0,36.84475000028033,0.0,0.0,0.0,0.0,0.0
2050-12-03 14:00:00,0.0,0.0,0.0,0.0,0.0,36.4562500002794,0.0,0.0,0.0,0.0,0.0
2050-12-03 15:00:00,0.0,0.0,0.0,0.0,0.0,36.36575000023004,0.0,0.0,0.0,0.0,0.0
2050-12-03 16:00:00,0.0,0.0,0.0,0.0,0.0,36.114250000217,0.0,0.0,0.0,0.0,0.0
2050-12-03 17:00:00,0.0,0.0,0.0,0.0,0.0,35.195500000263564,0.0,0.0,0.0,0.0,0.0
2050-12-03 18:00:00,0.0,0.0,0.0,0.0,0.0,34.22500000020955,0.0,0.0,0.0,0.0,0.0
2050-12-03 19:00:00,0.0,0.0,0.0,0.0,0.0,33.67175000021234,0.0,0.0,0.0,0.0,0.0
2050-12-03 20:00:00,0.0,0.0,0.0,0.0,0.0,31.665500000235625,0.0,0.0,0.0,0.0,0.0
2050-12-03 21:00:00,0.0,0.0,0.0,0.0,0.0,31.135000000242144,0.0,0.0,0.0,0.0,0.0
2050-12-03 22:00:00,0.0,0.0,0.0,0.0,0.0,32.668750000186265,0.0,0.0,0.0,0.0,0.0
2050-12-03 23:00:00,0.0,0.0,0.0,0.0,0.0,33.28200000023935,0.0,0.0,0.0,0.0,0.0
2050-12-04 00:00:00,0.0,0.0,0.0,0.0,0.0,29.40300000028219,0.0,0.0,0.0,0.0,0.0
2050-12-04 01:00:00,0.0,0.0,0.0,0.0,0.0,25.071000000229105,0.0,0.0,0.0,0.0,0.0
2050-12-04 02:00:00,0.0,0.0,0.0,0.0,0.0,23.024750000215136,0.0,0.0,0.0,0.0,0.0
2050-12-04 03:00:00,0.0,0.0,0.0,0.0,0.0,21.491250000195578,0.0,0.0,0.0,0.0,0.0
2050-12-04 04:00:00,0.0,0.0,0.0,0.0,0.0,20.831750000244938,0.0,0.0,0.0,0.0,0.0
2050-12-04 05:00:00,0.0,0.0,0.0,0.0,0.0,19.132250000257045,0.0,0.0,0.0,0.0,0.0
2050-12-04 06:00:00,0.0,0.0,0.0,0.0,0.0,20.841000000247732,0.0,0.0,0.0,0.0,0.0
2050-12-04 07:00:00,0.0,0.0,0.0,0.0,0.0,25.51425000024028,0.0,0.0,0.0,0.0,0.0
2050-12-04 08:00:00,0.0,0.0,0.0,0.0,0.0,29.389750000205822,0.0,0.0,0.0,0.0,0.0
2050-12-04 09:00:00,0.0,0.0,0.0,0.0,0.0,32.47100000025239,0.0,0.0,0.0,0.0,0.0
2050-12-04 10:00:00,0.0,0.0,0.0,0.0,0.0,34.102750000194646,0.0,0.0,0.0,0.0,0.0
2050-12-04 11:00:00,0.0,0.0,0.0,0.0,0.0,35.40900000021793,0.0,0.0,0.0,0.0,0.0
2050-12-04 12:00:00,0.0,0.0,0.0,0.0,0.0,36.06800000020303,0.0,0.0,0.0,0.0,0.0
2050-12-04 13:00:00,0.0,0.0,0.0,0.0,0.0,36.29400000022724,0.0,0.0,0.0,0.0,0.0
2050-12-04 14:00:00,0.0,0.0,0.0,0.0,0.0,35.66825000022072,0.0,0.0,0.0,0.0,0.0
2050-12-04 15:00:00,0.0,0.0,0.0,0.0,0.0,35.87150000024121,0.0,0.0,0.0,0.0,0.0
2050-12-04 16:00:00,0.0,0.0,0.0,0.0,0.0,35.479250000207685,0.0,0.0,0.0,0.0,0.0
2050-12-04 17:00:00,0.0,0.0,0.0,0.0,0.0,34.8045000002021,0.0,0.0,0.0,0.0,0.0
2050-12-04 18:00:00,0.0,0.0,0.0,0.0,0.0,34.13600000028964,0.0,0.0,0.0,0.0,0.0
2050-12-04 19:00:00,0.0,0.0,0.0,0.0,0.0,33.43800000019837,0.0,0.0,0.0,0.0,0.0
2050-12-04 20:00:00,0.0,0.0,0.0,0.0,0.0,33.01650000025984,0.0,0.0,0.0,0.0,0.0
2050-12-04 21:00:00,0.0,0.0,0.0,0.0,0.0,32.636250000214204,0.0,0.0,0.0,0.0,0.0
2050-12-04 22:00:00,0.0,0.0,0.0,0.0,0.0,33.86025000025984,0.0,0.0,0.0,0.0,0.0
2050-12-04 23:00:00,0.0,0.0,0.0,0.0,0.0,33.65425000025425,0.0,0.0,0.0,0.0,0.0
2050-12-05 00:00:00,0.0,0.0,0.0,0.0,0.0,30.038750000181608,0.0,0.0,0.0,0.0,0.0
2050-12-05 01:00:00,0.0,0.0,0.0,0.0,0.0,26.831250000279397,0.0,0.0,0.0,0.0,0.0
2050-12-05 02:00:00,0.0,0.0,0.0,0.0,0.0,24.291750000207685,0.0,0.0,0.0,0.0,0.0
2050-12-05 03:00:00,0.0,0.0,0.0,0.0,0.0,22.91725000028964,0.0,0.0,0.0,0.0,0.0
2050-12-05 04:00:00,0.0,0.0,0.0,0.0,0.0,21.9,0.0,0.0,0.0,0.0,0.0
2050-12-05 05:00:00,0.0,0.0,0.0,0.0,0.0,21.486750000272878,0.0,0.0,0.0,0.0,0.0
2050-12-05 06:00:00,0.0,0.0,0.0,0.0,0.0,21.964250000193715,0.0,0.0,0.0,0.0,0.0
2050-12-05 07:00:00,0.0,0.0,0.0,0.0,0.0,26.37575000023935,0.0,0.0,0.0,0.0,0.0
2050-12-05 08:00:00,0.0,0.0,0.0,0.0,0.0,30.245500000193715,0.0,0.0,0.0,0.0,0.0
2050-12-05 09:00:00,0.0,0.0,0.0,0.0,0.0,34.16450000018813,0.0,0.0,0.0,0.0,0.0
2050-12-05 10:00:00,0.0,0.0,0.0,0.0,0.0,36.402500000200234,0.0,0.0,0.0,0.0,0.0
2050-12-05 11:00:00,0.0,0.0,0.0,0.0,0.0,37.73775000020396,0.0,0.0,0.0,0.0,0.0
2050-12-05 12:00:00,0.0,0.0,0.0,0.0,0.0,37.53950000018813,0.0,0.0,0.0,0.0,0.0
2050-12-05 13:00:00,0.0,0.0,0.0,0.0,0.0,37.388250000192784,0.0,0.0,0.0,0.0,0.0
2050-12-05 14:00:00,0.0,0.0,0.0,0.0,0.0,37.1400000002468,0.0,0.0,0.0,0.0,0.0
2050-12-05 15:00:00,0.0,0.0,0.0,0.0,0.0,37.40350000024773,0.0,0.0,0.0,0.0,0.0
2050-12-05 16:00:00,0.0,0.0,0.0,0.0,0.0,36.770500000217,0.0,0.0,0.0,0.0,0.0
2050-12-05 17:00:00,0.0,0.0,0.0,0.0,0.0,35.821750000235625,0.0,0.0,0.0,0.0,0.0
2050-12-05 18:00:00,0.0,0.0,0.0,0.0,0.0,34.85400000028312,0.0,0.0,0.0,0.0,0.0
2050-12-05 19:00:00,0.0,0.0,0.0,0.0,0.0,34.30975000024773,0.0,0.0,0.0,0.0,0.0
2050-12-05 20:00:00,0.0,0.0,0.0,0.0,0.0,33.804250000277534,0.0,0.0,0.0,0.0,0.0
2050-12-05 21:00:00,0.0,0.0,0.0,0.0,0.0,33.321500000194646,0.0,0.0,0.0,0.0,0.0
2050-12-05 22:00:00,0.0,0.0,0.0,0.0,0.0,34.38050000020303,0.0,0.0,0.0,0.0,0.0
2050-12-05 23:00:00,0.0,0.0,0.0,0.0,0.0,33.65625,0.0,0.0,0.0,0.0,0.0
2050-12-06 00:00:00,0.0,0.0,0.0,0.0,0.0,29.75675000017509,0.0,0.0,0.0,0.0,0.0
2050-12-06 01:00:00,0.0,0.0,0.0,0.0,0.0,26.33100000023842,0.0,0.0,0.0,0.0,0.0
2050-12-06 02:00:00,0.0,0.0,0.0,0.0,0.0,24.01825000019744,0.0,0.0,0.0,0.0,0.0
2050-12-06 03:00:00,0.0,0.0,0.0,0.0,0.0,23.323750000214204,0.0,0.0,0.0,0.0,0.0
2050-12-06 04:00:00,0.0,0.0,0.0,0.0,0.0,22.40625,0.0,0.0,0.0,0.0,0.0
2050-12-06 05:00:00,0.0,0.0,0.0,0.0,0.0,21.151750000193715,0.0,0.0,0.0,0.0,0.0
2050-12-06 06:00:00,0.0,0.0,0.0,0.0,0.0,21.526750000193715,0.0,0.0,0.0,0.0,0.0
2050-12-06 07:00:00,0.0,0.0,0.0,0.0,0.0,25.26425000024028,0.0,0.0,0.0,0.0,0.0
2050-12-06 08:00:00,0.0,0.0,0.0,0.0,0.0,28.86100000026636,0.0,0.0,0.0,0.0,0.0
2050-12-06 09:00:00,0.0,0.0,0.0,0.0,0.0,33.974000000278465,0.0,0.0,0.0,0.0,0.0
2050-12-06 10:00:00,0.0,0.0,0.0,0.0,0.0,36.980000000214204,0.0,0.0,0.0,0.0,0.0
2050-12-06 11:00:00,0.0,0.0,0.0,0.0,0.0,38.14525000017602,0.0,0.0,0.0,0.0,0.0
2050-12-06 12:00:00,0.0,0.0,0.0,0.0,0.0,38.40475000021979,0.0,0.0,0.0,0.0,0.0
2050-12-06 13:00:00,0.0,0.0,0.0,0.0,0.0,37.95650000020396,0.0,0.0,0.0,0.0,0.0
2050-12-06 14:00:00,0.0,0.0,0.0,0.0,0.0,37.15950000018347,0.0,0.0,0.0,0.0,0.0
2050-12-06 15:00:00,0.0,0.0,0.0,0.0,0.0,37.2640000001993,0.0,0.0,0.0,0.0,0.0
2050-12-06 16:00:00,0.0,0.0,0.0,0.0,0.0,36.90075000026263,0.0,0.0,0.0,0.0,0.0
2050-12-06 17:00:00,0.0,0.0,0.0,0.0,0.0,35.636750000179745,0.0,0.0,0.0,0.0,0.0
2050-12-06 18:00:00,0.0,0.0,0.0,0.0,0.0,35.570500000263564,0.0,0.0,0.0,0.0,0.0
2050-12-06 19:00:00,0.0,0.0,0.0,0.0,0.0,34.88700000022072,0.0,0.0,0.0,0.0,0.0
2050-12-06 20:00:00,0.0,0.0,0.0,0.0,0.0,34.29850000026636,0.0,0.0,0.0,0.0,0.0
2050-12-06 21:00:00,0.0,0.0,0.0,0.0,0.0,33.52650000026915,0.0,0.0,0.0,0.0,0.0
2050-12-06 22:00:00,0.0,0.0,0.0,0.0,0.0,34.56925000017509,0.0,0.0,0.0,0.0,0.0
2050-12-06 23:00:00,0.0,0.0,0.0,0.0,0.0,35.070500000263564,0.0,0.0,0.0,0.0,0.0
2050-12-07 00:00:00,0.0,0.0,0.0,0.0,0.0,30.492500000284053,0.0,0.0,0.0,0.0,0.0
2050-12-07 01:00:00,0.0,0.0,0.0,0.0,0.0,27.478500000201166,0.0,0.0,0.0,0.0,0.0
2050-12-07 02:00:00,0.0,0.0,0.0,0.0,0.0,24.648000000277534,0.0,0.0,0.0,0.0,0.0
2050-12-07 03:00:00,0.0,0.0,0.0,0.0,0.0,23.021500000264496,0.0,0.0,0.0,0.0,0.0
2050-12-07 04:00:00,0.0,0.0,0.0,0.0,0.0,22.071500000194646,0.0,0.0,0.0,0.0,0.0
2050-12-07 05:00:00,0.0,0.0,0.0,0.0,0.0,20.23775000020396,0.0,0.0,0.0,0.0,0.0
2050-12-07 06:00:00,0.0,0.0,0.0,0.0,0.0,19.64250000019092,0.0,0.0,0.0,0.0,0.0
2050-12-07 07:00:00,0.0,0.0,0.0,0.0,0.0,20.822750000283122,0.0,0.0,0.0,0.0,0.0
2050-12-07 08:00:00,0.0,0.0,0.0,0.0,0.0,23.32700000028126,0.0,0.0,0.0,0.0,0.0
2050-12-07 09:00:00,0.0,0.0,0.0,0.0,0.0,27.09850000019651,0.0,0.0,0.0,0.0,0.0
2050-12-07 10:00:00,0.0,0.0,0.0,0.0,0.0,29.73250000027474,0.0,0.0,0.0,0.0,0.0
2050-12-07 11:00:00,0.0,0.0,0.0,0.0,0.0,31.709500000230037,0.0,0.0,0.0,0.0,0.0
2050-12-07 12:00:00,0.0,0.0,0.0,0.0,0.0,31.844750000280328,0.0,0.0,0.0,0.0,0.0
2050-12-07 13:00:00,0.0,0.0,0.0,0.0,0.0,32.692000000271946,0.0,0.0,0.0,0.0,0.0
2050-12-07 14:00:00,0.0,0.0,0.0,0.0,0.0,31.961250000284053,0.0,0.0,0.0,0.0,0.0
2050-12-07 15:00:00,0.0,0.0,0.0,0.0,0.0,31.021500000264496,0.0,0.0,0.0,0.0,0.0
2050-12-07 16:00:00,0.0,0.0,0.0,0.0,0.0,30.352750000194646,0.0,0.0,0.0,0.0,0.0
2050-12-07 17:00:00,0.0,0.0,0.0,0.0,0.0,29.522750000236556,0.0,0.0,0.0,0.0,0.0
2050-12-07 18:00:00,0.0,0.0,0.0,0.0,0.0,29.1400000002468,0.0,0.0,0.0,0.0,0.0
2050-12-07 19:00:00,0.0,0.0,0.0,0.0,0.0,29.275750000262633,0.0,0.0,0.0,0.0,0.0
2050-12-07 20:00:00,0.0,0.0,0.0,0.0,0.0,29.849750000284985,0.0,0.0,0.0,0.0,0.0
2050-12-07 21:00:00,0.0,0.0,0.0,0.0,0.0,29.654750000219792,0.0,0.0,0.0,0.0,0.0
2050-12-07 22:00:00,0.0,0.0,0.0,0.0,0.0,30.936500000185333,0.0,0.0,0.0,0.0,0.0
2050-12-07 23:00:00,0.0,0.0,0.0,0.0,0.0,31.05,0.0,0.0,0.0,0.0,0.0
2050-12-08 00:00:00,0.0,0.0,0.0,0.0,0.0,28.610500000184402,0.0,0.0,0.0,0.0,0.0
2050-12-08 01:00:00,0.0,0.0,0.0,0.0,0.0,25.86075000022538,0.0,0.0,0.0,0.0,0.0
2050-12-08 02:00:00,0.0,0.0,0.0,0.0,0.0,23.588500000187196,0.0,0.0,0.0,0.0,0.0
2050-12-08 03:00:00,0.0,0.0,0.0,0.0,0.0,22.285500000230968,0.0,0.0,0.0,0.0,0.0
2050-12-08 04:00:00,0.0,0.0,0.0,0.0,0.0,20.559750000247732,0.0,0.0,0.0,0.0,0.0
2050-12-08 05:00:00,0.0,0.0,0.0,0.0,0.0,18.64250000019092,0.0,0.0,0.0,0.0,0.0
2050-12-08 06:00:00,0.0,0.0,0.0,0.0,0.0,18.026750000193715,0.0,0.0,0.0,0.0,0.0
2050-12-08 07:00:00,0.0,0.0,0.0,0.0,0.0,18.245000000228174,0.0,0.0,0.0,0.0,0.0
2050-12-08 08:00:00,0.0,0.0,0.0,0.0,0.0,19.28400000021793,0.0,0.0,0.0,0.0,0.0
2050-12-08 09:00:00,0.0,0.0,0.0,0.0,0.0,21.615250000264496,0.0,0.0,0.0,0.0,0.0
2050-12-08 10:00:00,0.0,0.0,0.0,0.0,0.0,24.124000000185333,0.0,0.0,0.0,0.0,0.0
2050-12-08 11:00:00,0.0,0.0,0.0,0.0,0.0,26.76425000024028,0.0,0.0,0.0,0.0,0.0
2050-12-08 12:00:00,0.0,0.0,0.0,0.0,0.0,28.09725000022445,0.0,0.0,0.0,0.0,0.0
2050-12-08 13:00:00,0.0,0.0,0.0,0.0,0.0,29.139750000205822,0.0,0.0,0.0,0.0,0.0
2050-12-08 14:00:00,0.0,0.0,0.0,0.0,0.0,29.54700000025332,0.0,0.0,0.0,0.0,0.0
2050-12-08 15:00:00,0.0,0.0,0.0,0.0,0.0,30.069500000216067,0.0,0.0,0.0,0.0,0.0
2050-12-08 16:00:00,0.0,0.0,0.0,0.0,0.0,29.453500000177883,0.0,0.0,0.0,0.0,0.0
2050-12-08 17:00:00,0.0,0.0,0.0,0.0,0.0,29.40225000027567,0.0,0.0,0.0,0.0,0.0
2050-12-08 18:00:00,0.0,0.0,0.0,0.0,0.0,29.721750000258908,0.0,0.0,0.0,0.0,0.0
2050-12-08 19:00:00,0.0,0.0,0.0,0.0,0.0,30.74950000026729,0.0,0.0,0.0,0.0,0.0
2050-12-08 20:00:00,0.0,0.0,0.0,0.0,0.0,31.475000000209548,0.0,0.0,0.0,0.0,0.0
2050-12-08 21:00:00,0.0,0.0,0.0,0.0,0.0,32.17225000017788,0.0,0.0,0.0,0.0,0.0
2050-12-08 22:00:00,0.0,0.0,0.0,0.0,0.0,33.15950000018347,0.0,0.0,0.0,0.0,0.0
2050-12-08 23:00:00,0.0,0.0,0.0,0.0,0.0,31.982000000192784,0.0,0.0,0.0,0.0,0.0
2050-12-09 00:00:00,0.0,0.0,0.0,0.0,0.0,28.01850000023842,0.0,0.0,0.0,0.0,0.0
2050-12-09 01:00:00,0.0,0.0,0.0,0.0,0.0,24.522000000230037,0.0,0.0,0.0,0.0,0.0
2050-12-09 02:00:00,0.0,0.0,0.0,0.0,0.0,22.168250000220723,0.0,0.0,0.0,0.0,0.0
2050-12-09 03:00:00,0.0,0.0,0.0,0.0,0.0,21.48725000023842,0.0,0.0,0.0,0.0,0.0
2050-12-09 04:00:00,0.0,0.0,0.0,0.0,0.0,20.95650000020396,0.0,0.0,0.0,0.0,0.0
2050-12-09 05:00:00,0.0,0.0,0.0,0.0,0.0,21.182500000228174,0.0,0.0,0.0,0.0,0.0
2050-12-09 06:00:00,0.0,0.0,0.0,0.0,0.0,21.604000000283122,0.0,0.0,0.0,0.0,0.0
2050-12-09 07:00:00,0.0,0.0,0.0,0.0,0.0,26.03375000017695,0.0,0.0,0.0,0.0,0.0
2050-12-09 08:00:00,0.0,0.0,0.0,0.0,0.0,30.00550000020303,0.0,0.0,0.0,0.0,0.0
2050-12-09 09:00:00,0.0,0.0,0.0,0.0,0.0,35.12900000018999,0.0,0.0,0.0,0.0,0.0
2050-12-09 10:00:00,0.0,0.0,0.0,0.0,0.0,37.42525000020396,0.0,0.0,0.0,0.0,0.0
2050-12-09 11:00:00,0.0,0.0,0.0,0.0,0.0,38.71200000029057,0.0,0.0,0.0,0.0,0.0
2050-12-09 12:00:00,0.0,0.0,0.0,0.0,0.0,38.92625000025146,0.0,0.0,0.0,0.0,0.0
2050-12-09 13:00:00,0.0,0.0,0.0,0.0,0.0,39.06475000025239,0.0,0.0,0.0,0.0,0.0
2050-12-09 14:00:00,0.0,0.0,0.0,0.0,0.0,37.632750000222586,0.0,0.0,0.0,0.0,0.0
2050-12-09 15:00:00,0.0,0.0,0.0,0.0,0.0,37.556250000256114,0.0,0.0,0.0,0.0,0.0
2050-12-09 16:00:00,0.0,0.0,0.0,0.0,0.0,37.492750000208616,0.0,0.0,0.0,0.0,0.0
2050-12-09 17:00:00,0.0,0.0,0.0,0.0,0.0,36.84425000019837,0.0,0.0,0.0,0.0,0.0
2050-12-09 18:00:00,0.0,0.0,0.0,0.0,0.0,34.31550000025891,0.0,0.0,0.0,0.0,0.0
2050-12-09 19:00:00,0.0,0.0,0.0,0.0,0.0,33.791250000242144,0.0,0.0,0.0,0.0,0.0
2050-12-09 20:00:00,0.0,0.0,0.0,0.0,0.0,33.26300000026822,0.0,0.0,0.0,0.0,0.0
2050-12-09 21:00:00,0.0,0.0,0.0,0.0,0.0,32.55300000018906,0.0,0.0,0.0,0.0,0.0
2050-12-09 22:00:00,0.0,0.0,0.0,0.0,0.0,33.50225000025239,0.0,0.0,0.0,0.0,0.0
2050-12-09 23:00:00,0.0,0.0,0.0,0.0,0.0,33.3045000002021,0.0,0.0,0.0,0.0,0.0
2050-12-10 00:00:00,0.0,0.0,0.0,0.0,0.0,29.182250000187196,0.0,0.0,0.0,0.0,0.0
2050-12-10 01:00:00,0.0,0.0,0.0,0.0,0.0,25.986750000272878,0.0,0.0,0.0,0.0,0.0
2050-12-10 02:00:00,0.0,0.0,0.0,0.0,0.0,23.386750000179745,0.0,0.0,0.0,0.0,0.0
2050-12-10 03:00:00,0.0,0.0,0.0,0.0,0.0,22.040500000235625,0.0,0.0,0.0,0.0,0.0
2050-12-10 04:00:00,0.0,0.0,0.0,0.0,0.0,21.71950000023935,0.0,0.0,0.0,0.0,0.0
2050-12-10 05:00:00,0.0,0.0,0.0,0.0,0.0,20.652750000241213,39.07747660094451,0.0,0.0,27.35423362066115,0.0
2050-12-10 06:00:00,0.0,0.0,0.0,0.0,0.0,21.263500000233762,39.07747660094452,0.0,0.0,27.354233620661162,0.0
2050-12-10 07:00:00,0.0,0.0,0.0,0.0,0.0,24.900500000221655,0.0,0.0,0.0,0.0,0.0
2050-12-10 08:00:00,0.0,0.0,0.0,0.0,0.0,28.141750000184402,39.07747660094452,0.0,0.0,27.35423362066115,0.0
2050-12-10 09:00:00,0.0,0.0,0.0,0.0,0.0,31.635000000242144,39.07747660094452,0.0,0.0,27.35423362066115,0.0
2050-12-10 10:00:00,0.0,0.0,0.0,0.0,0.0,33.52900000021327,26.314577944781195,0.0,0.0,18.420204561346836,0.0
2050-12-10 11:00:00,0.0,0.0,0.0,0.0,0.0,34.4497500002617,39.07747660094451,0.0,0.0,27.35423362066115,0.0
2050-12-10 12:00:00,0.0,0.0,0.0,0.0,0.0,34.98350000020582,25.626348470573667,0.0,0.0,17.938443929401565,0.0
2050-12-10 13:00:00,0.0,0.0,0.0,0.0,0.0,35.51350000023376,39.07747660094452,0.0,0.0,27.35423362066115,0.0
2050-12-10 14:00:00,0.0,0.0,0.0,0.0,0.0,35.458000000217,39.07747660094451,0.0,0.0,27.35423362066115,0.0
2050-12-10 15:00:00,0.0,0.0,0.0,0.0,0.0,35.19775000028312,39.07747660094452,0.0,0.0,27.35423362066115,0.0
2050-12-10 16:00:00,0.0,0.0,0.0,0.0,0.0,34.647750000236556,39.07747660094452,0.0,0.0,27.35423362066115,0.0
2050-12-10 17:00:00,0.0,0.0,0.0,0.0,0.0,33.786500000278465,39.07747660094452,0.0,0.0,27.35423362066115,0.0
2050-12-10 18:00:00,0.0,0.0,0.0,0.0,0.0,32.675750000285916,32.544333746772544,0.0,0.0,22.78103362274078,0.0
2050-12-10 19:00:00,0.0,0.0,0.0,0.0,0.0,32.93800000019837,22.075573302707692,0.0,0.0,15.452901311895383,0.0
2050-12-10 20:00:00,0.0,0.0,0.0,0.0,0.0,32.71875,5.330796413191422,0.0,0.0,3.731557489233995,0.0
2050-12-10 21:00:00,0.0,0.0,0.0,0.0,0.0,32.59325000026729,0.0,9.755071534892323,0.0,0.0,9.954154627441147
2050-12-10 22:00:00,0.0,0.0,0.0,0.0,0.0,33.901000000187196,0.0,37.32933037971161,0.0,0.0,38.09115344868531
2050-12-10 23:00:00,0.0,0.0,0.0,0.0,0.0,33.47125000017695,0.0,43.73995049595425,0.0,0.0,44.63260254689209
2050-12-11 00:00:00,0.0,0.0,0.0,0.0,0.0,29.709750000271015,0.0,43.73995049595425,0.0,0.0,44.63260254689209
2050-12-11 01:00:00,0.0,0.0,0.0,0.0,0.0,25.961000000243075,0.0,33.204286339971794,0.0,0.0,33.88192483670591
2050-12-11 02:00:00,0.0,0.0,0.0,0.0,0.0,23.8900000002468,0.0,28.910980344775325,0.0,0.0,29.501000351811555
2050-12-11 03:00:00,0.0,0.0,0.0,0.0,0.0,22.965750000206754,0.0,32.26294994016815,0.0,0.0,32.9213774899675
2050-12-11 04:00:00,0.0,0.0,0.0,0.0,0.0,22.141750000184402,0.0,38.379180585479304,0.0,0.0,39.162429168856434
2050-12-11 05:00:00,0.0,0.0,0.0,0.0,0.0,21.22975000028964,0.0,38.44984692342191,0.0,0.0,39.23453767696113
2050-12-11 06:00:00,0.0,0.0,0.0,0.0,0.0,21.80925000028219,0.0,31.705191562472866,0.0,0.0,32.35223628823762
2050-12-11 07:00:00,0.0,0.0,0.0,0.0,0.0,25.761500000255182,0.0,0.0,0.0,0.0,0.0
2050-12-11 08:00:00,0.0,0.0,0.0,0.0,0.0,30.514750000205822,0.0,0.0,0.0,0.0,0.0
2050-12-11 09:00:00,0.0,0.0,0.0,0.0,0.0,35.47975000028964,0.0,0.0,0.0,0.0,0.0
2050-12-11 10:00:00,0.0,0.0,0.0,0.0,0.0,36.930500000249594,0.0,0.0,0.0,0.0,0.0
2050-12-11 11:00:00,0.0,0.0,0.0,0.0,0.0,38.63075000024401,0.0,0.0,0.0,0.0,0.0
2050-12-11 12:00:00,0.0,0.0,0.0,0.0,0.0,39.18850000028033,0.0,0.0,0.0,0.0,0.0
2050-12-11 13:00:00,0.0,0.0,0.0,0.0,0.0,39.23850000021048,0.0,0.0,0.0,0.0,0.0
2050-12-11 14:00:00,0.0,0.0,0.0,0.0,0.0,37.886750000179745,0.0,0.0,0.0,0.0,0.0
2050-12-11 15:00:00,0.0,0.0,0.0,0.0,0.0,37.388250000192784,0.0,0.0,0.0,0.0,0.0
2050-12-11 16:00:00,0.0,0.0,0.0,0.0,0.0,37.18850000028033,0.0,0.0,0.0,0.0,0.0
2050-12-11 17:00:00,0.0,0.0,0.0,0.0,0.0,36.18675000022631,0.0,0.0,0.0,0.0,0.0
2050-12-11 18:00:00,0.0,0.0,0.0,0.0,0.0,33.71000000019558,0.0,0.0,0.0,0.0,0.0
2050-12-11 19:00:00,0.0,0.0,0.0,0.0,0.0,32.82350000028964,0.0,0.0,0.0,0.0,0.0
2050-12-11 20:00:00,0.0,0.0,0.0,0.0,0.0,32.27525000018068,0.0,0.0,0.0,0.0,0.0
2050-12-11 21:00:00,0.0,0.0,0.0,0.0,0.0,31.535000000265427,0.0,0.0,0.0,0.0,0.0
2050-12-11 22:00:00,0.0,0.0,0.0,0.0,0.0,32.974000000278465,0.0,0.0,0.0,0.0,0.0
2050-12-11 23:00:00,0.0,0.0,0.0,0.0,0.0,33.29550000024028,0.0,0.0,0.0,0.0,0.0
2050-12-12 00:00:00,0.0,0.0,0.0,0.0,0.0,29.60925000021234,0.0,0.0,0.0,0.0,0.0
2050-12-12 01:00:00,0.0,0.0,0.0,0.0,0.0,26.3560000002617,0.0,0.0,0.0,0.0,0.0
2050-12-12 02:00:00,0.0,0.0,0.0,0.0,0.0,23.652000000234693,0.0,0.0,0.0,0.0,0.0
2050-12-12 03:00:00,0.0,0.0,0.0,0.0,0.0,22.571500000194646,15.783828765628476,0.0,0.0,11.048680135939932,0.0
2050-12-12 04:00:00,0.0,0.0,0.0,0.0,0.0,21.26900000020396,22.108226469459233,0.0,0.0,15.475758528621462,0.0
2050-12-12 05:00:00,0.0,0.0,0.0,0.0,0.0,20.59425000019837,24.85375512078719,0.0,0.0,17.397628584551033,0.0
2050-12-12 06:00:00,0.0,0.0,0.0,0.0,0.0,20.492000000202097,39.07747660094452,0.0,0.0,27.35423362066115,0.0
2050-12-12 07:00:00,0.0,0.0,0.0,0.0,0.0,24.33350000018254,39.07747660094451,0.0,0.0,27.35423362066115,0.0
2050-12-12 08:00:00,0.0,0.0,0.0,0.0,0.0,28.740000000223517,39.07747660094452,0.0,0.0,27.35423362066115,0.0
2050-12-12 09:00:00,0.0,0.0,0.0,0.0,0.0,32.215000000200234,39.07747660094452,0.0,0.0,27.35423362066115,0.0
2050-12-12 10:00:00,0.0,0.0,0.0,0.0,0.0,33.34750000026543,39.07747660094452,0.0,0.0,27.35423362066115,0.0
2050-12-12 11:00:00,0.0,0.0,0.0,0.0,0.0,34.193500000284985,39.07747660094452,0.0,0.0,27.35423362066115,0.0
2050-12-12 12:00:00,0.0,0.0,0.0,0.0,0.0,34.98025000025518,39.07747660094452,0.0,0.0,27.35423362066115,0.0
2050-12-12 13:00:00,0.0,0.0,0.0,0.0,0.0,35.4865000002319,39.07747660094452,0.0,0.0,27.35423362066115,0.0
2050-12-12 14:00:00,0.0,0.0,0.0,0.0,0.0,35.209750000271015,39.07747660094452,0.0,0.0,27.35423362066115,0.0
2050-12-12 15:00:00,0.0,0.0,0.0,0.0,0.0,34.59675000025891,39.07747660094452,0.0,0.0,27.35423362066115,0.0
2050-12-12 16:00:00,0.0,0.0,0.0,0.0,0.0,33.97950000024866,39.07747660094452,0.0,0.0,27.35423362066115,0.0
2050-12-12 17:00:00,0.0,0.0,0.0,0.0,0.0,33.18425000028219,39.07747660094452,0.0,0.0,27.35423362066115,0.0
2050-12-12 18:00:00,0.0,0.0,0.0,0.0,0.0,32.20681214169599,39.07747660094452,0.0,0.0,27.35423362066115,0.0
2050-12-12 19:00:00,0.0,0.0,0.0,0.0,0.0,31.356650261208415,39.07747660094452,0.0,0.0,27.35423362066115,0.0
2050-12-12 20:00:00,0.0,0.0,0.0,0.0,0.0,31.503962402581237,38.562746762113555,0.0,0.0,26.993922733479486,0.0
2050-12-12 21:00:00,0.0,0.0,0.0,0.0,0.0,31.82185205107089,19.229191828266693,0.0,0.0,13.460434279786684,0.0
2050-12-12 22:00:00,0.0,0.0,0.0,0.0,0.0,32.488972168182954,7.431224865371856,0.0,0.0,5.201857405760299,0.0
2050-12-12 23:00:00,0.0,0.0,0.0,0.0,0.0,31.807626953348517,0.0,36.3032858696717,0.0,0.0,37.04416925476704
2050-12-13 00:00:00,0.0,0.0,0.0,0.0,0.0,27.829574218951166,0.0,43.73995049595425,0.0,0.0,44.63260254689209
2050-12-13 01:00:00,0.0,0.0,0.0,0.0,0.0,24.26246484403964,0.0,43.73995049595425,0.0,0.0,44.63260254689209
2050-12-13 02:00:00,0.0,0.0,0.0,0.0,0.0,22.258938476792537,0.0,40.34077208890459,0.0,0.0,41.16405315194347
2050-12-13 03:00:00,0.0,0.0,0.0,0.0,0.0,21.244212890858762,0.0,34.64633221601791,0.0,0.0,35.35340022042644
2050-12-13 04:00:00,0.0,0.0,0.0,0.0,0.0,20.97057226591278,0.0,24.760500204951395,0.0,0.0,25.26581653566469
2050-12-13 05:00:00,0.0,0.0,0.0,0.0,0.0,19.891531250206754,0.0,1.347944712514753,0.0,0.0,1.3754537882803601
2050-12-13 06:00:00,0.0,0.0,0.0,0.0,0.0,20.397837890894152,0.0,0.0,0.0,0.0,0.0
2050-12-13 07:00:00,0.0,0.0,0.0,0.0,0.0,24.36636523460038,0.0,0.0,0.0,0.0,0.0
2050-12-13 08:00:00,0.0,0.0,0.0,0.0,0.0,28.86426171893254,0.0,3.1284964104457265,0.0,0.0,3.192343275965027
2050-12-13 09:00:00,0.0,0.0,0.0,0.0,0.0,34.40758789086249,0.0,5.316243494395381,0.0,0.0,5.424738259587123
2050-12-13 10:00:00,0.0,0.0,0.0,0.0,0.0,36.10490234394092,0.0,27.11426031711029,0.0,0.0,27.66761256847989
2050-12-13 11:00:00,0.0,0.0,0.0,0.0,0.0,37.60572656278964,0.0,23.81546758144979,0.0,0.0,24.301497532091624
2050-12-13 12:00:00,0.0,0.0,0.0,0.0,0.0,37.62929687520955,0.0,27.85148523498658,0.0,0.0,28.41988289284345
2050-12-13 13:00:00,0.0,0.0,0.0,0.0,0.0,37.346164062735625,0.0,36.63580660276847,0.0,0.0,37.38347612527395
2050-12-13 14:00:00,0.0,0.0,0.0,0.0,0.0,36.10919531271793,0.0,41.24662315595734,0.0,0.0,42.08839097546667
2050-12-13 15:00:00,0.0,0.0,0.0,0.0,0.0,35.50417187518906,0.0,37.07557863967733,0.0,0.0,37.83222310171156
2050-12-13 16:00:00,0.0,0.0,0.0,0.0,0.0,34.325789062771946,0.0,25.914263165283852,0.0,0.0,26.443125678861076
2050-12-13 17:00:00,0.0,0.0,0.0,0.0,0.0,33.11457812518347,0.0,0.0,0.0,0.0,0.0
2050-12-13 18:00:00,0.0,0.0,0.0,0.0,0.0,32.4658203125,0.0,0.0,0.0,0.0,0.0
2050-12-13 19:00:00,0.0,0.0,0.0,0.0,0.0,31.101328125223517,0.0,0.0,0.0,0.0,0.0
2050-12-13 20:00:00,0.0,0.0,0.0,0.0,0.0,29.808398437686265,0.0,0.0,0.0,0.0,0.0
2050-12-13 21:00:00,0.0,0.0,0.0,0.0,0.0,30.399089843966067,0.0,0.0,0.0,0.0,0.0
2050-12-13 22:00:00,0.0,0.0,0.0,0.0,0.0,31.62607031268999,0.0,0.0,0.0,0.0,0.0
2050-12-13 23:00:00,0.0,0.0,0.0,0.0,0.0,32.190492187743075,0.0,0.0,0.0,0.0,0.0
2050-12-14 00:00:00,0.0,0.0,0.0,0.0,0.0,29.271695312694646,0.0,0.0,0.0,0.0,0.0
2050-12-14 01:00:00,0.0,0.0,0.0,0.0,0.0,26.102656250237487,0.0,0.0,0.0,0.0,0.0
2050-12-14 02:00:00,0.0,0.0,0.0,0.0,0.0,23.712183594005182,0.0,0.0,0.0,0.0,0.0
2050-12-14 03:00:00,0.0,0.0,0.0,0.0,0.0,23.706914062728174,0.0,0.0,0.0,0.0,0.0
2050-12-14 04:00:00,0.0,0.0,0.0,0.0,0.0,23.011382812750526,0.0,0.0,0.0,0.0,0.0
2050-12-14 05:00:00,0.0,0.0,0.0,0.0,0.0,21.72901562519837,0.0,0.0,0.0,0.0,0.0
2050-12-14 06:00:00,0.0,0.0,0.0,0.0,0.0,20.477468750206754,1.0711405619176608,0.0,0.0,0.7497983933423625,0.0
2050-12-14 07:00:00,0.0,0.0,0.0,0.0,0.0,23.245398437720723,3.099201027541291,0.0,0.0,2.1694407192789034,0.0
2050-12-14 08:00:00,0.0,0.0,0.0,0.0,0.0,25.043968750280328,7.132424236634776,0.0,0.0,4.992696965644343,0.0
2050-12-14 09:00:00,0.0,0.0,0.0,0.0,0.0,29.25688281271141,6.622395070388009,0.0,0.0,4.635676549271606,0.0
2050-12-14 10:00:00,0.0,0.0,0.0,0.0,0.0,31.914023437770084,0.0,0.0,0.0,0.0,0.0
2050-12-14 11:00:00,0.0,0.0,0.0,0.0,0.0,32.74683593772352,16.491624532562223,0.0,0.0,11.544137172793556,0.0
2050-12-14 12:00:00,0.0,0.0,0.0,0.0,0.0,33.8154296875,17.303798501256146,0.0,0.0,12.112658950879302,0.0
2050-12-14 13:00:00,0.0,0.0,0.0,0.0,0.0,35.17510937526822,24.05515658676609,0.0,0.0,16.83860961073626,0.0
2050-12-14 14:00:00,0.0,0.0,0.0,0.0,0.0,34.05453906278126,34.93705964672691,0.0,0.0,24.455941752708835,0.0
2050-12-14 15:00:00,0.0,0.0,0.0,0.0,0.0,32.27483593777288,39.07747660094452,0.0,0.0,27.354233620661162,0.0
2050-12-14 16:00:00,0.0,0.0,0.0,0.0,0.0,30.82705468777567,39.07747660094452,0.0,0.0,27.354233620661162,0.0
2050-12-14 17:00:00,0.0,0.0,0.0,0.0,0.0,30.279406250221655,39.07747660094452,0.0,0.0,27.35423362066115,0.0
2050-12-14 18:00:00,0.0,0.0,0.0,0.0,0.0,30.55907031276729,39.07747660094452,0.0,0.0,27.35423362066115,0.0
2050-12-14 19:00:00,0.0,0.0,0.0,0.0,0.0,30.240640625241213,39.07747660094452,0.0,0.0,27.35423362066115,0.0
2050-12-14 20:00:00,0.0,0.0,0.0,0.0,0.0,29.98912500019651,39.07747660094452,0.0,0.0,27.35423362066115,0.0
2050-12-14 21:00:00,0.0,0.0,0.0,0.0,0.0,29.330195312737487,39.07747660094452,0.0,0.0,27.35423362066115,0.0
2050-12-14 22:00:00,0.0,0.0,0.0,0.0,0.0,31.48232812527567,39.07747660094452,0.0,0.0,27.35423362066115,0.0
2050-12-14 23:00:00,0.0,0.0,0.0,0.0,0.0,31.565585937700234,39.07747660094452,0.0,0.0,27.35423362066115,0.0
2050-12-15 00:00:00,0.0,0.0,0.0,0.0,0.0,30.08390625019092,39.07747660094452,0.0,0.0,27.35423362066115,0.0
2050-12-15 01:00:00,0.0,0.0,0.0,0.0,0.0,26.30841406271793,39.07747660094452,0.0,0.0,27.354233620661162,0.0
2050-12-15 02:00:00,0.0,0.0,0.0,0.0,0.0,23.284242187743075,39.07747660094452,0.0,0.0,27.35423362066115,0.0
2050-12-15 03:00:00,0.0,0.0,0.0,0.0,0.0,21.925843750243075,39.07747660094452,0.0,0.0,27.35423362066115,0.0
2050-12-15 04:00:00,0.0,0.0,0.0,0.0,0.0,20.712375000235625,39.07747660094452,0.0,0.0,27.35423362066115,0.0
2050-12-15 05:00:00,0.0,0.0,0.0,0.0,0.0,20.18971875018906,39.07747660094452,0.0,0.0,27.35423362066115,0.0
2050-12-15 06:00:00,0.0,0.0,0.0,0.0,0.0,18.817132812691852,39.07747660094452,0.0,0.0,27.35423362066115,0.0
2050-12-15 07:00:00,0.0,0.0,0.0,0.0,0.0,18.98682031268254,39.07747660094452,0.0,0.0,27.35423362066115,0.0
2050-12-15 08:00:00,0.0,0.0,0.0,0.0,0.0,19.647351562744007,39.07747660094452,0.0,0.0,27.35423362066115,0.0
2050-12-15 09:00:00,0.0,0.0,0.0,0.0,0.0,20.96373437519651,39.07747660094452,0.0,0.0,27.35423362066115,0.0
2050-12-15 10:00:00,0.0,0.0,0.0,0.0,0.0,23.834804687765427,36.42155363674327,0.0,0.0,25.49508754572029,0.0
2050-12-15 11:00:00,0.0,0.0,0.0,0.0,0.0,26.232632812694646,33.922719708454316,0.0,0.0,23.74590379591802,0.0
2050-12-15 12:00:00,0.0,0.0,0.0,0.0,0.0,28.03282812528778,39.07747660094452,0.0,0.0,27.35423362066115,0.0
2050-12-15 13:00:00,0.0,0.0,0.0,0.0,0.0,29.37707812525332,39.07747660094452,0.0,0.0,27.35423362066115,0.0
2050-12-15 14:00:00,0.0,0.0,0.0,0.0,0.0,29.307453125249594,39.07747660094452,0.0,0.0,27.35423362066115,0.0
2050-12-15 15:00:00,0.0,0.0,0.0,0.0,0.0,28.78190625028219,39.07747660094452,0.0,0.0,27.35423362066115,0.0
2050-12-15 16:00:00,0.0,0.0,0.0,0.0,0.0,28.025406250264496,39.07747660094452,0.0,0.0,27.35423362066115,0.0
2050-12-15 17:00:00,0.0,0.0,0.0,0.0,0.0,27.784734375192784,39.07747660094452,0.0,0.0,27.35423362066115,0.0
2050-12-15 18:00:00,0.0,0.0,0.0,0.0,0.0,27.693015625234693,39.07747660094452,0.0,0.0,27.35423362066115,0.0
2050-12-15 19:00:00,0.0,0.0,0.0,0.0,0.0,28.001609375234693,39.07747660094452,0.0,0.0,27.354233620661162,0.0
2050-12-15 20:00:00,0.0,0.0,0.0,0.0,0.0,28.328531250241213,39.07747660094452,0.0,0.0,27.35423362066115,0.0
2050-12-15 21:00:00,0.0,0.0,0.0,0.0,0.0,28.633500000229105,39.07747660094452,0.0,0.0,27.35423362066115,0.0
2050-12-15 22:00:00,0.0,0.0,0.0,0.0,0.0,31.446656250278465,39.07747660094452,0.0,0.0,27.35423362066115,0.0
2050-12-15 23:00:00,0.0,0.0,0.0,0.0,0.0,32.49065625027288,34.98418750150446,0.0,0.0,24.48893125105312,0.0
2050-12-16 00:00:00,0.0,0.0,0.0,0.0,0.0,29.519843750284053,34.23498057696382,0.0,0.0,23.964486403874673,0.0
2050-12-16 01:00:00,0.0,0.0,0.0,0.0,0.0,26.1255312502617,16.953800679159894,0.0,0.0,11.867660475411926,0.0
2050-12-16 02:00:00,0.0,0.0,0.0,0.0,0.0,23.180656250216998,17.184905964848568,0.0,0.0,12.029434175393996,0.0
2050-12-16 03:00:00,0.0,0.0,0.0,0.0,0.0,21.891781250247732,13.847223536088539,0.0,0.0,9.693056475261976,0.0
2050-12-16 04:00:00,0.0,0.0,0.0,0.0,0.0,21.484687500284053,6.78449818335892,0.0,0.0,4.749148728351244,0.0
2050-12-16 05:00:00,0.0,0.0,0.0,0.0,0.0,19.514062500209548,4.002854022768478,0.0,0.0,2.801997815937934,0.0
2050-12-16 06:00:00,0.0,0.0,0.0,0.0,0.0,19.634562500286847,3.093613148693553,0.0,0.0,2.165529204085487,0.0
2050-12-16 07:00:00,0.0,0.0,0.0,0.0,0.0,22.89737500017509,0.0,3.37759331495815,0.0,0.0,3.446523790773623
2050-12-16 08:00:00,0.0,0.0,0.0,0.0,0.0,26.423625000286847,0.0,9.235199132383286,0.0,0.0,9.42367258406458
2050-12-16 09:00:00,0.0,0.0,0.0,0.0,0.0,30.419031250290573,0.0,17.91237918103921,0.0,0.0,18.27793793983593
2050-12-16 10:00:00,0.0,0.0,0.0,0.0,0.0,32.789750000229105,0.0,30.33477821542891,0.0,0.0,30.953855321866232
2050-12-16 11:00:00,0.0,0.0,0.0,0.0,0.0,35.013031250215136,0.0,15.345577558678286,0.0,0.0,15.658752610896212
2050-12-16 12:00:00,0.0,0.0,0.0,0.0,0.0,35.888781250221655,0.0,0.0,0.0,0.0,0.0
2050-12-16 13:00:00,0.0,0.0,0.0,0.0,0.0,36.666609375271946,0.0,14.5694087308675,0.0,0.0,14.866743602926022
2050-12-16 14:00:00,0.0,0.0,0.0,0.0,0.0,36.30048437521327,0.0,10.586782474602572,0.0,0.0,10.802839259798542
2050-12-16 15:00:00,0.0,0.0,0.0,0.0,0.0,36.35446875018533,0.0,0.0,0.0,0.0,0.0
2050-12-16 16:00:00,0.0,0.0,0.0,0.0,0.0,35.99693750019651,0.0,0.0,0.0,0.0,0.0
2050-12-16 17:00:00,0.0,0.0,0.0,0.0,0.0,35.42231250018813,0.0,0.0,0.0,0.0,0.0
2050-12-16 18:00:00,0.0,0.0,0.0,0.0,0.0,34.052875000284985,0.0,0.0,0.0,0.0,0.0
2050-12-16 19:00:00,0.0,0.0,0.0,0.0,0.0,33.54692187521141,0.0,0.0,0.0,0.0,0.0
2050-12-16 20:00:00,0.0,0.0,0.0,0.0,0.0,32.97373437520582,0.0,0.0,0.0,0.0,0.0
2050-12-16 21:00:00,0.0,0.0,0.0,0.0,0.0,32.795156250242144,0.0,0.0,0.0,0.0,0.0
2050-12-16 22:00:00,0.0,0.0,0.0,0.0,0.0,33.81885937519837,0.0,0.0,0.0,0.0,0.0
2050-12-16 23:00:00,0.0,0.0,0.0,0.0,0.0,33.17062500026077,0.0,4.8824178433812815,0.0,0.0,4.982059023858451
2050-12-17 00:00:00,0.0,0.0,0.0,0.0,0.0,29.57837500027381,0.0,0.0,0.0,0.0,0.0
2050-12-17 01:00:00,0.0,0.0,0.0,0.0,0.0,25.91085937526077,0.0,0.0,0.0,0.0,0.0
2050-12-17 02:00:00,0.0,0.0,0.0,0.0,0.0,24.38992187520489,0.0,0.0,0.0,0.0,0.0
2050-12-17 03:00:00,0.0,0.0,0.0,0.0,0.0,23.50964062521234,25.645018682710493,0.0,0.0,17.951513077897342,0.0
2050-12-17 04:00:00,0.0,0.0,0.0,0.0,0.0,22.64092187525239,13.362422241152942,0.0,0.0,9.353695568807058,0.0
2050-12-17 05:00:00,0.0,0.0,0.0,0.0,0.0,21.657234375248663,25.00309042180811,0.0,0.0,17.502163295265674,0.0
2050-12-17 06:00:00,0.0,0.0,0.0,0.0,0.0,22.002015625243075,39.07747660094451,0.0,0.0,27.35423362066115,0.0
2050-12-17 07:00:00,0.0,0.0,0.0,0.0,0.0,24.57967187522445,22.154675051447782,0.0,0.0,15.508272536013447,0.0
2050-12-17 08:00:00,0.0,0.0,0.0,0.0,0.0,28.89381250028964,39.07747660094452,0.0,0.0,27.354233620661162,0.0
2050-12-17 09:00:00,0.0,0.0,0.0,0.0,0.0,31.87903125025332,31.981592900732416,0.0,0.0,22.38711503051269,0.0
2050-12-17 10:00:00,0.0,0.0,0.0,0.0,0.0,35.01935937523376,0.0,36.593710328075,0.0,0.0,37.34052074293368
2050-12-17 11:00:00,0.0,0.0,0.0,0.0,0.0,36.81687500025146,0.0,43.73995049595425,0.0,0.0,44.63260254689209
2050-12-17 12:00:00,0.0,0.0,0.0,0.0,0.0,36.888062500278465,0.0,40.25680530096295,0.0,0.0,41.07837275608465
2050-12-17 13:00:00,0.0,0.0,0.0,0.0,0.0,36.82171875028871,0.0,6.0062410651220235,0.0,0.0,6.12881741338982
2050-12-17 14:00:00,0.0,0.0,0.0,0.0,0.0,36.140156250214204,0.0,0.0,0.0,0.0,0.0
2050-12-17 15:00:00,0.0,0.0,0.0,0.0,0.0,36.076953125186265,0.0,6.706568741141787,0.0,0.0,6.843437490961008
2050-12-17 16:00:00,0.0,0.0,0.0,0.0,0.0,35.25426562526263,0.0,0.0,0.0,0.0,0.0
2050-12-17 17:00:00,0.0,0.0,0.0,0.0,0.0,33.52507812518161,0.0,9.01677116293672,0.0,0.0,9.200786900955837
2050-12-17 18:00:00,0.0,0.0,0.0,0.0,0.0,33.08348437526729,0.0,20.28205911973885,0.0,0.0,20.695978693611075
2050-12-17 19:00:00,0.0,0.0,0.0,0.0,0.0,32.610718750278465,0.0,21.577497109783707,0.0,0.0,22.017854193656845
2050-12-17 20:00:00,0.0,0.0,0.0,0.0,0.0,30.984218750265427,0.0,18.683181130292414,0.0,0.0,19.06447054111471
2050-12-17 21:00:00,0.0,0.0,0.0,0.0,0.0,30.38110937527381,0.0,26.529508330997043,0.0,0.0,27.07092686836433
2050-12-17 22:00:00,0.0,0.0,0.0,0.0,0.0,31.578406250220723,0.0,36.07348910791341,0.0,0.0,36.80968276317695
2050-12-17 23:00:00,0.0,0.0,0.0,0.0,0.0,32.076312500284985,0.0,43.73995049595425,0.0,0.0,44.63260254689209
2050-12-18 00:00:00,0.0,0.0,0.0,0.0,0.0,28.503750000265427,0.0,43.73995049595425,0.0,0.0,44.63260254689209
2050-12-18 01:00:00,0.0,0.0,0.0,0.0,0.0,24.734203125233762,0.0,43.73995049595425,0.0,0.0,44.63260254689209
2050-12-18 02:00:00,0.0,0.0,0.0,0.0,0.0,22.030406250269152,0.0,43.73995049595425,0.0,0.0,44.63260254689209
2050-12-18 03:00:00,0.0,0.0,0.0,0.0,0.0,20.809593750280328,0.0,43.73995049595425,0.0,0.0,44.63260254689209
2050-12-18 04:00:00,0.0,0.0,0.0,0.0,0.0,19.941765625262633,0.0,43.06888963281149,0.0,0.0,43.94784656409336
2050-12-18 05:00:00,0.0,0.0,0.0,0.0,0.0,18.364500000257976,0.0,28.036947762338436,0.0,0.0,28.6091303697331
2050-12-18 06:00:00,0.0,0.0,0.0,0.0,0.0,19.275156250223517,0.0,27.73947155485681,0.0,0.0,28.305583219241644
2050-12-18 07:00:00,0.0,0.0,0.0,0.0,0.0,22.854500000248663,0.0,36.21155440126603,0.0,0.0,36.95056571557758
2050-12-18 08:00:00,0.0,0.0,0.0,0.0,0.0,26.993625000235625,0.0,43.73995049595425,0.0,0.0,44.63260254689209
2050-12-18 09:00:00,0.0,0.0,0.0,0.0,0.0,30.990343750221655,0.0,43.73995049595425,0.0,0.0,44.63260254689209
2050-12-18 10:00:00,0.0,0.0,0.0,0.0,0.0,33.48968750028871,0.0,43.73995049595425,0.0,0.0,44.63260254689209
2050-12-18 11:00:00,0.0,0.0,0.0,0.0,0.0,34.97625000018161,0.0,43.73995049595425,0.0,0.0,44.63260254689209
2050-12-18 12:00:00,0.0,0.0,0.0,0.0,0.0,37.3929062501993,0.0,43.73995049595425,0.0,0.0,44.63260254689209
2050-12-18 13:00:00,0.0,0.0,0.0,0.0,0.0,38.01471875025891,0.0,43.73995049595425,0.0,0.0,44.63260254689209
2050-12-18 14:00:00,0.0,0.0,0.0,0.0,0.0,37.51356250024401,0.0,43.73995049595425,0.0,0.0,44.63260254689209
2050-12-18 15:00:00,0.0,0.0,0.0,0.0,0.0,37.28412500023842,0.0,43.73995049595425,0.0,0.0,44.63260254689209
2050-12-18 16:00:00,0.0,0.0,0.0,0.0,0.0,37.313312500249594,0.0,43.73995049595425,0.0,0.0,44.63260254689209
2050-12-18 17:00:00,0.0,0.0,0.0,0.0,0.0,36.46940625028219,0.0,4.13366423106252,0.0,0.0,4.218024725574
2050-12-18 18:00:00,0.0,0.0,0.0,0.0,0.0,35.00403125025332,0.0,0.0,0.0,0.0,0.0
2050-12-18 19:00:00,0.0,0.0,0.0,0.0,0.0,34.6946875002468,0.0,0.0,0.0,0.0,0.0
2050-12-18 20:00:00,0.0,0.0,0.0,0.0,0.0,33.40300000028219,0.0,0.0,0.0,0.0,0.0
2050-12-18 21:00:00,0.0,0.0,0.0,0.0,0.0,31.928687500185333,0.0,0.0,0.0,0.0,0.0
2050-12-18 22:00:00,0.0,0.0,0.0,0.0,0.0,32.29675000021234,0.0,0.0,0.0,0.0,0.0
2050-12-18 23:00:00,0.0,0.0,0.0,0.0,0.0,32.374968750285916,0.0,0.0,0.0,0.0,0.0
2050-12-19 00:00:00,0.0,0.0,0.0,0.0,0.0,28.75768750021234,0.0,0.0,0.0,0.0,0.0
2050-12-19 01:00:00,0.0,0.0,0.0,0.0,0.0,25.141000000177883,0.0,0.0,0.0,0.0,0.0
2050-12-19 02:00:00,0.0,0.0,0.0,0.0,0.0,22.579562500235625,0.0,0.0,0.0,0.0,0.0
2050-12-19 03:00:00,0.0,0.0,0.0,0.0,0.0,21.36993750021793,0.0,0.0,0.0,0.0,0.0
2050-12-19 04:00:00,0.0,0.0,0.0,0.0,0.0,20.790125000290573,0.0,0.0,0.0,0.0,0.0
2050-12-19 05:00:00,0.0,0.0,0.0,0.0,0.0,19.63243750028778,0.0,0.0,0.0,0.0,0.0
2050-12-19 06:00:00,0.0,0.0,0.0,0.0,0.0,20.52621875028126,0.0,0.0,0.0,0.0,0.0
2050-12-19 07:00:00,0.0,0.0,0.0,0.0,0.0,23.62725000025239,0.0,0.0,0.0,0.0,0.0
2050-12-19 08:00:00,0.0,0.0,0.0,0.0,0.0,27.18546875019092,0.0,0.0,0.0,0.0,0.0
2050-12-19 09:00:00,0.0,0.0,0.0,0.0,0.0,31.137750000227243,0.0,0.0,0.0,0.0,0.0
2050-12-19 10:00:00,0.0,0.0,0.0,0.0,0.0,33.41256250021979,0.0,0.0,0.0,0.0,0.0
2050-12-19 11:00:00,0.0,0.0,0.0,0.0,0.0,35.905781250214204,0.0,0.0,0.0,0.0,0.0
2050-12-19 12:00:00,0.0,0.0,0.0,0.0,0.0,36.224218750256114,0.0,0.0,0.0,0.0,0.0
2050-12-19 13:00:00,0.0,0.0,0.0,0.0,0.0,37.17893750022631,0.0,0.0,0.0,0.0,0.0
2050-12-19 14:00:00,0.0,0.0,0.0,0.0,0.0,36.54875000019092,0.0,0.0,0.0,0.0,0.0
2050-12-19 15:00:00,0.0,0.0,0.0,0.0,0.0,35.950531250215136,0.0,0.0,0.0,0.0,0.0
2050-12-19 16:00:00,0.0,0.0,0.0,0.0,0.0,35.512625000206754,0.0,0.0,0.0,0.0,0.0
2050-12-19 17:00:00,0.0,0.0,0.0,0.0,0.0,34.53125,0.0,0.0,0.0,0.0,0.0
2050-12-19 18:00:00,0.0,0.0,0.0,0.0,0.0,33.53096875024494,0.0,0.0,0.0,0.0,0.0
2050-12-19 19:00:00,0.0,0.0,0.0,0.0,0.0,33.219937500194646,0.0,0.0,0.0,0.0,0.0
2050-12-19 20:00:00,0.0,0.0,0.0,0.0,0.0,31.61878125020303,0.0,0.0,0.0,0.0,0.0
2050-12-19 21:00:00,0.0,0.0,0.0,0.0,0.0,31.229656250216067,0.0,0.0,0.0,0.0,0.0
2050-12-19 22:00:00,0.0,0.0,0.0,0.0,0.0,31.998062500264496,0.0,0.0,0.0,0.0,0.0
2050-12-19 23:00:00,0.0,0.0,0.0,0.0,0.0,33.536468750215136,0.0,0.0,0.0,0.0,0.0
2050-12-20 00:00:00,0.0,0.0,0.0,0.0,0.0,30.0239687502617,0.0,0.0,0.0,0.0,0.0
2050-12-20 01:00:00,0.0,0.0,0.0,0.0,0.0,26.321218750206754,0.0,0.0,0.0,0.0,0.0
2050-12-20 02:00:00,0.0,0.0,0.0,0.0,0.0,23.41003125021234,0.0,0.0,0.0,0.0,0.0
2050-12-20 03:00:00,0.0,0.0,0.0,0.0,0.0,22.024656250257976,0.0,0.0,0.0,0.0,0.0
2050-12-20 04:00:00,0.0,0.0,0.0,0.0,0.0,21.258750000270084,0.0,0.0,0.0,0.0,0.0
2050-12-20 05:00:00,0.0,0.0,0.0,0.0,0.0,19.64603125024587,0.0,0.0,0.0,0.0,0.0
2050-12-20 06:00:00,0.0,0.0,0.0,0.0,0.0,20.346312500187196,0.0,0.0,0.0,0.0,0.0
2050-12-20 07:00:00,0.0,0.0,0.0,0.0,0.0,23.181656250264496,0.0,0.0,0.0,0.0,0.0
2050-12-20 08:00:00,0.0,0.0,0.0,0.0,0.0,26.642375000286847,0.0,0.0,0.0,0.0,0.0
2050-12-20 09:00:00,0.0,0.0,0.0,0.0,0.0,31.152312500285916,0.0,0.0,0.0,0.0,0.0
2050-12-20 10:00:00,0.0,0.0,0.0,0.0,0.0,33.459218750242144,0.0,0.0,0.0,0.0,0.0
2050-12-20 11:00:00,0.0,0.0,0.0,0.0,0.0,34.711625000229105,0.0,0.0,0.0,0.0,0.0
2050-12-20 12:00:00,0.0,0.0,0.0,0.0,0.0,35.18940625025425,0.0,0.0,0.0,0.0,0.0
2050-12-20 13:00:00,0.0,0.0,0.0,0.0,0.0,35.43656250019558,0.0,0.0,0.0,0.0,0.0
2050-12-20 14:00:00,0.0,0.0,0.0,0.0,0.0,34.86031250027008,0.0,0.0,0.0,0.0,0.0
2050-12-20 15:00:00,0.0,0.0,0.0,0.0,0.0,34.47740625019651,0.0,0.0,0.0,0.0,0.0
2050-12-20 16:00:00,0.0,0.0,0.0,0.0,0.0,33.722718750243075,0.0,0.0,0.0,0.0,0.0
2050-12-20 17:00:00,0.0,0.0,0.0,0.0,0.0,32.81781250028871,0.0,0.0,0.0,0.0,0.0
2050-12-20 18:00:00,0.0,0.0,0.0,0.0,0.0,34.043562500271946,0.0,0.0,0.0,0.0,0.0
2050-12-20 19:00:00,0.0,0.0,0.0,0.0,0.0,34.285093750222586,0.0,0.0,0.0,0.0,0.0
2050-12-20 20:00:00,0.0,0.0,0.0,0.0,0.0,33.694000000250526,0.0,0.0,0.0,0.0,0.0
2050-12-20 21:00:00,0.0,0.0,0.0,0.0,0.0,32.94450000021607,0.0,0.0,0.0,0.0,0.0
2050-12-20 22:00:00,0.0,0.0,0.0,0.0,0.0,34.29971875017509,0.0,0.0,0.0,0.0,0.0
2050-12-20 23:00:00,0.0,0.0,0.0,0.0,0.0,35.42750000022352,0.0,0.0,0.0,0.0,0.0
2050-12-21 00:00:00,0.0,0.0,0.0,0.0,0.0,32.312687500263564,0.0,0.0,0.0,0.0,0.0
2050-12-21 01:00:00,0.0,0.0,0.0,0.0,0.0,28.331437500193715,0.0,0.0,0.0,0.0,0.0
2050-12-21 02:00:00,0.0,0.0,0.0,0.0,0.0,25.434187500271946,0.0,0.0,0.0,0.0,0.0
2050-12-21 03:00:00,0.0,0.0,0.0,0.0,0.0,23.741875000181608,0.0,0.0,0.0,0.0,0.0
2050-12-21 04:00:00,0.0,0.0,0.0,0.0,0.0,22.630968750221655,0.0,0.0,0.0,0.0,0.0
2050-12-21 05:00:00,0.0,0.0,0.0,0.0,0.0,21.47540625021793,0.0,0.0,0.0,0.0,0.0
2050-12-21 06:00:00,0.0,0.0,0.0,0.0,0.0,20.08606250025332,0.0,0.0,0.0,0.0,0.0
2050-12-21 07:00:00,0.0,0.0,0.0,0.0,0.0,21.43287500028964,0.0,0.0,0.0,0.0,0.0
2050-12-21 08:00:00,0.0,0.0,0.0,0.0,0.0,23.901031250250526,0.0,0.0,0.0,0.0,0.0
2050-12-21 09:00:00,0.0,0.0,0.0,0.0,0.0,27.765062500257045,0.0,0.0,0.0,0.0,0.0
2050-12-21 10:00:00,0.0,0.0,0.0,0.0,0.0,30.696968750213273,0.0,0.0,0.0,0.0,0.0
2050-12-21 11:00:00,0.0,0.0,0.0,0.0,0.0,32.60181250027381,0.0,0.0,0.0,0.0,0.0
2050-12-21 12:00:00,0.0,0.0,0.0,0.0,0.0,32.46643750020303,0.0,0.0,0.0,0.0,0.0
2050-12-21 13:00:00,0.0,0.0,0.0,0.0,0.0,32.91659375024028,0.0,0.0,0.0,0.0,0.0
2050-12-21 14:00:00,0.0,0.0,0.0,0.0,0.0,32.76728125021327,0.0,0.0,0.0,0.0,0.0
2050-12-21 15:00:00,0.0,0.0,0.0,0.0,0.0,31.97843750019092,0.0,0.0,0.0,0.0,0.0
2050-12-21 16:00:00,0.0,0.0,0.0,0.0,0.0,31.334468750283122,0.0,0.0,0.0,0.0,0.0
2050-12-21 17:00:00,0.0,0.0,0.0,0.0,0.0,30.561062500230037,0.0,0.0,0.0,0.0,0.0
2050-12-21 18:00:00,0.0,0.0,0.0,0.0,0.0,30.03600000019651,0.0,0.0,0.0,0.0,0.0
2050-12-21 19:00:00,0.0,0.0,0.0,0.0,0.0,29.493500000215136,0.0,0.0,0.0,0.0,0.0
2050-12-21 20:00:00,0.0,0.0,0.0,0.0,0.0,29.36290625028778,0.0,0.0,0.0,0.0,0.0
2050-12-21 21:00:00,0.0,0.0,0.0,0.0,0.0,30.076812500250526,0.0,0.0,0.0,0.0,0.0
2050-12-21 22:00:00,0.0,0.0,0.0,0.0,0.0,31.658531250199303,0.0,0.0,0.0,0.0,0.0
2050-12-21 23:00:00,0.0,0.0,0.0,0.0,0.0,32.36009375017602,0.0,0.0,0.0,0.0,0.0
2050-12-22 00:00:00,0.0,0.0,0.0,0.0,0.0,30.485312500270084,0.0,0.0,0.0,0.0,0.0
2050-12-22 01:00:00,0.0,0.0,0.0,0.0,0.0,27.856375000206754,0.0,0.0,0.0,0.0,0.0
2050-12-22 02:00:00,0.0,0.0,0.0,0.0,0.0,25.205531250219792,0.0,0.0,0.0,0.0,0.0
2050-12-22 03:00:00,0.0,0.0,0.0,0.0,0.0,23.185406250180677,0.0,0.0,0.0,0.0,0.0
2050-12-22 04:00:00,0.0,0.0,0.0,0.0,0.0,21.901000000187196,0.0,0.0,0.0,0.0,0.0
2050-12-22 05:00:00,0.0,0.0,0.0,0.0,0.0,20.72468750027474,0.0,0.0,0.0,0.0,0.0
2050-12-22 06:00:00,0.0,0.0,0.0,0.0,0.0,19.167750000255182,0.0,0.0,0.0,0.0,0.0
2050-12-22 07:00:00,0.0,0.0,0.0,0.0,0.0,19.29712500027381,0.0,0.0,0.0,0.0,0.0
2050-12-22 08:00:00,0.0,0.0,0.0,0.0,0.0,20.742531250230968,0.0,0.0,0.0,0.0,0.0
2050-12-22 09:00:00,0.0,0.0,0.0,0.0,0.0,23.555500000249594,0.0,0.0,0.0,0.0,0.0
2050-12-22 10:00:00,0.0,0.0,0.0,0.0,0.0,25.96040625020396,0.0,0.0,0.0,0.0,0.0
2050-12-22 11:00:00,0.0,0.0,0.0,0.0,0.0,28.221156250219792,0.0,0.0,0.0,0.0,0.0
2050-12-22 12:00:00,0.0,0.0,0.0,0.0,0.0,29.889093750272878,0.0,0.0,0.0,0.0,0.0
2050-12-22 13:00:00,0.0,0.0,0.0,0.0,0.0,31.33996875025332,0.0,0.0,0.0,0.0,0.0
2050-12-22 14:00:00,0.0,0.0,0.0,0.0,0.0,31.683125000214204,0.0,0.0,0.0,0.0,0.0
2050-12-22 15:00:00,0.0,0.0,0.0,0.0,0.0,31.11665625020396,0.0,0.0,0.0,0.0,0.0
2050-12-22 16:00:00,0.0,0.0,0.0,0.0,0.0,30.763031250215136,0.0,0.0,0.0,0.0,0.0
2050-12-22 17:00:00,0.0,0.0,0.0,0.0,0.0,30.58871875028126,0.0,0.0,0.0,0.0,0.0
2050-12-22 18:00:00,0.0,0.0,0.0,0.0,0.0,31.18434375023935,0.0,0.0,0.0,0.0,0.0
2050-12-22 19:00:00,0.0,0.0,0.0,0.0,0.0,31.59600000025239,0.0,0.0,0.0,0.0,0.0
2050-12-22 20:00:00,0.0,0.0,0.0,0.0,0.0,31.99153125018347,0.0,0.0,0.0,0.0,0.0
2050-12-22 21:00:00,0.0,0.0,0.0,0.0,0.0,32.797062500263564,0.0,0.0,0.0,0.0,0.0
2050-12-22 22:00:00,0.0,0.0,0.0,0.0,0.0,34.41784375021234,0.0,0.0,0.0,0.0,0.0
2050-12-22 23:00:00,0.0,0.0,0.0,0.0,0.0,33.370625000214204,0.0,0.0,0.0,0.0,0.0
2050-12-23 00:00:00,0.0,0.0,0.0,0.0,0.0,29.767343750223517,0.0,0.0,0.0,0.0,0.0
2050-12-23 01:00:00,0.0,0.0,0.0,0.0,0.0,25.66787500027567,0.0,0.0,0.0,0.0,0.0
2050-12-23 02:00:00,0.0,0.0,0.0,0.0,0.0,22.45862500020303,0.0,0.0,0.0,0.0,0.0
2050-12-23 03:00:00,0.0,0.0,0.0,0.0,0.0,21.148781250230968,0.0,0.0,0.0,0.0,0.0
2050-12-23 04:00:00,0.0,0.0,0.0,0.0,0.0,20.270843750215136,0.0,0.0,0.0,0.0,0.0
2050-12-23 05:00:00,0.0,0.0,0.0,0.0,0.0,19.057750000269152,0.0,0.0,0.0,0.0,0.0
2050-12-23 06:00:00,0.0,0.0,0.0,0.0,0.0,19.23837500018999,0.0,0.0,0.0,0.0,0.0
2050-12-23 07:00:00,0.0,0.0,0.0,0.0,0.0,23.002437500283122,0.0,0.0,0.0,0.0,0.0
2050-12-23 08:00:00,0.0,0.0,0.0,0.0,0.0,27.503937500179745,0.0,0.0,0.0,0.0,0.0
2050-12-23 09:00:00,0.0,0.0,0.0,0.0,0.0,32.60971875023097,0.0,0.0,0.0,0.0,0.0
2050-12-23 10:00:00,0.0,0.0,0.0,0.0,0.0,35.23087500024121,0.0,0.0,0.0,0.0,0.0
2050-12-23 11:00:00,0.0,0.0,0.0,0.0,0.0,36.71278125024401,0.0,0.0,0.0,0.0,0.0
2050-12-23 12:00:00,0.0,0.0,0.0,0.0,0.0,37.80065625021234,0.0,0.0,0.0,0.0,0.0
2050-12-23 13:00:00,0.0,0.0,0.0,0.0,0.0,37.19825000024866,0.0,0.0,0.0,0.0,0.0
2050-12-23 14:00:00,0.0,0.0,0.0,0.0,0.0,35.755093750194646,0.0,0.0,0.0,0.0,0.0
2050-12-23 15:00:00,0.0,0.0,0.0,0.0,0.0,35.939468750264496,0.0,0.0,0.0,0.0,0.0
2050-12-23 16:00:00,0.0,0.0,0.0,0.0,0.0,35.35556250018999,0.0,0.0,0.0,0.0,0.0
2050-12-23 17:00:00,0.0,0.0,0.0,0.0,0.0,34.368000000249594,0.0,0.0,0.0,0.0,0.0
2050-12-23 18:00:00,0.0,0.0,0.0,0.0,0.0,34.25843750021886,0.0,0.0,0.0,0.0,0.0
2050-12-23 19:00:00,0.0,0.0,0.0,0.0,0.0,34.607437500264496,0.0,0.0,0.0,0.0,0.0
2050-12-23 20:00:00,0.0,0.0,0.0,0.0,0.0,33.26450000028126,0.0,0.0,0.0,0.0,0.0
2050-12-23 21:00:00,0.0,0.0,0.0,0.0,0.0,31.68737500021234,0.0,0.0,0.0,0.0,0.0
2050-12-23 22:00:00,0.0,0.0,0.0,0.0,0.0,33.062062500277534,0.0,0.0,0.0,0.0,0.0
2050-12-23 23:00:00,0.0,0.0,0.0,0.0,0.0,33.33100000023842,0.0,0.0,0.0,0.0,0.0
2050-12-24 00:00:00,0.0,0.0,0.0,0.0,0.0,30.191062500234693,0.0,0.0,0.0,0.0,0.0
2050-12-24 01:00:00,0.0,0.0,0.0,0.0,0.0,26.936937500257045,0.0,0.0,0.0,0.0,0.0
2050-12-24 02:00:00,0.0,0.0,0.0,0.0,0.0,23.89600000018254,0.0,0.0,0.0,0.0,0.0
2050-12-24 03:00:00,0.0,0.0,0.0,0.0,0.0,22.24893750017509,0.0,0.0,0.0,0.0,0.0
2050-12-24 04:00:00,0.0,0.0,0.0,0.0,0.0,20.85862500022631,0.0,0.0,0.0,0.0,0.0
2050-12-24 05:00:00,0.0,0.0,0.0,0.0,0.0,20.466187500278465,0.0,0.0,0.0,0.0,0.0
2050-12-24 06:00:00,0.0,0.0,0.0,0.0,0.0,21.594687500270084,0.0,0.0,0.0,0.0,0.0
2050-12-24 07:00:00,0.0,0.0,0.0,0.0,0.0,24.52481250022538,0.0,0.0,0.0,0.0,0.0
2050-12-24 08:00:00,0.0,0.0,0.0,0.0,0.0,27.641812500194646,0.0,0.0,0.0,0.0,0.0
2050-12-24 09:00:00,0.0,0.0,0.0,0.0,0.0,31.076500000199303,12.783266128310402,0.0,0.0,8.94828628981728,0.0
2050-12-24 10:00:00,0.0,0.0,0.0,0.0,0.0,33.19831250025891,0.0,8.593074759325242,0.0,0.0,8.768443631964534
2050-12-24 11:00:00,0.0,0.0,0.0,0.0,0.0,34.641312500229105,0.0,0.0,0.0,0.0,0.0
2050-12-24 12:00:00,0.0,0.0,0.0,0.0,0.0,34.64743750018533,0.0,0.0,0.0,0.0,0.0
2050-12-24 13:00:00,0.0,0.0,0.0,0.0,0.0,35.017562500201166,0.0,0.0,0.0,0.0,0.0
2050-12-24 14:00:00,0.0,0.0,0.0,0.0,0.0,35.05056250025518,0.0,0.0,0.0,0.0,0.0
2050-12-24 15:00:00,0.0,0.0,0.0,0.0,0.0,34.598562500206754,0.0,0.0,0.0,0.0,0.0
2050-12-24 16:00:00,0.0,0.0,0.0,0.0,0.0,34.12575000023935,0.0,0.0,0.0,0.0,0.0
2050-12-24 17:00:00,0.0,0.0,0.0,0.0,0.0,33.72531250026077,0.0,0.0,0.0,0.0,0.0
2050-12-24 18:00:00,0.0,0.0,0.0,0.0,0.0,32.65625,0.0,0.0,0.0,0.0,0.0
2050-12-24 19:00:00,0.0,0.0,0.0,0.0,0.0,31.82318750023842,0.0,0.0,0.0,0.0,0.0
2050-12-24 20:00:00,0.0,0.0,0.0,0.0,0.0,30.659875000244938,0.0,0.0,0.0,0.0,0.0
2050-12-24 21:00:00,0.0,0.0,0.0,0.0,0.0,29.161687500192784,0.0,0.0,0.0,0.0,0.0
2050-12-24 22:00:00,0.0,0.0,0.0,0.0,0.0,28.18875000020489,0.0,0.0,0.0,0.0,0.0
2050-12-24 23:00:00,0.0,0.0,0.0,0.0,0.0,28.672687500249594,0.0,0.0,0.0,0.0,0.0
2050-12-25 00:00:00,0.0,0.0,0.0,0.0,0.0,27.41368750028778,0.0,0.0,0.0,0.0,0.0
2050-12-25 01:00:00,0.0,0.0,0.0,0.0,0.0,26.85962500027381,0.0,0.0,0.0,0.0,0.0
2050-12-25 02:00:00,0.0,0.0,0.0,0.0,0.0,25.02293750026729,0.0,0.0,0.0,0.0,0.0
2050-12-25 03:00:00,0.0,0.0,0.0,0.0,0.0,23.121562500251457,0.0,0.0,0.0,0.0,0.0
2050-12-25 04:00:00,0.0,0.0,0.0,0.0,0.0,21.613625000230968,0.0,0.0,0.0,0.0,0.0
2050-12-25 05:00:00,0.0,0.0,0.0,0.0,0.0,20.511375000234693,0.0,0.0,0.0,0.0,0.0
2050-12-25 06:00:00,0.0,0.0,0.0,0.0,0.0,18.61075000022538,0.0,0.0,0.0,0.0,0.0
2050-12-25 07:00:00,0.0,0.0,0.0,0.0,0.0,18.53643750026822,0.0,0.0,0.0,0.0,0.0
2050-12-25 08:00:00,0.0,0.0,0.0,0.0,0.0,19.44856250018347,0.0,0.0,0.0,0.0,0.0
2050-12-25 09:00:00,0.0,0.0,0.0,0.0,0.0,20.443562500178814,0.0,0.0,0.0,0.0,0.0
2050-12-25 10:00:00,0.0,0.0,0.0,0.0,0.0,22.55225000018254,0.0,0.0,0.0,0.0,0.0
2050-12-25 11:00:00,0.0,0.0,0.0,0.0,0.0,23.996562500251457,0.0,0.0,0.0,0.0,0.0
2050-12-25 12:00:00,0.0,0.0,0.0,0.0,0.0,25.414625000208616,0.0,0.0,0.0,0.0,0.0
2050-12-25 13:00:00,0.0,0.0,0.0,0.0,0.0,26.786187500227243,0.0,0.0,0.0,0.0,0.0
2050-12-25 14:00:00,0.0,0.0,0.0,0.0,0.0,26.970500000286847,0.0,0.0,0.0,0.0,0.0
2050-12-25 15:00:00,0.0,0.0,0.0,0.0,0.0,26.119125000201166,0.0,0.0,0.0,0.0,0.0
2050-12-25 16:00:00,0.0,0.0,0.0,0.0,0.0,25.442000000271946,0.0,0.0,0.0,0.0,0.0
2050-12-25 17:00:00,0.0,0.0,0.0,0.0,0.0,25.390687500243075,0.0,0.0,0.0,0.0,0.0
2050-12-25 18:00:00,0.0,0.0,0.0,0.0,0.0,25.38037500018254,0.0,0.0,0.0,0.0,0.0
2050-12-25 19:00:00,0.0,0.0,0.0,0.0,0.0,26.22906250017695,0.0,0.0,0.0,0.0,0.0
2050-12-25 20:00:00,0.0,0.0,0.0,0.0,0.0,26.99206250021234,0.0,0.0,0.0,0.0,0.0
2050-12-25 21:00:00,0.0,0.0,0.0,0.0,0.0,27.4341250002617,0.0,0.0,0.0,0.0,0.0
2050-12-25 22:00:00,0.0,0.0,0.0,0.0,0.0,30.312062500277534,0.0,0.0,0.0,0.0,0.0
2050-12-25 23:00:00,0.0,0.0,0.0,0.0,0.0,31.859812500188127,0.0,0.0,0.0,0.0,0.0
2050-12-26 00:00:00,0.0,0.0,0.0,0.0,0.0,29.930625000270084,0.0,0.0,0.0,0.0,0.0
2050-12-26 01:00:00,0.0,0.0,0.0,0.0,0.0,26.78956250019837,0.0,0.0,0.0,0.0,0.0
2050-12-26 02:00:00,0.0,0.0,0.0,0.0,0.0,24.49800000025425,0.0,0.0,0.0,0.0,0.0
2050-12-26 03:00:00,0.0,0.0,0.0,0.0,0.0,23.13443750026636,0.0,0.0,0.0,0.0,0.0
2050-12-26 04:00:00,0.0,0.0,0.0,0.0,0.0,22.380125000257976,0.0,0.0,0.0,0.0,0.0
2050-12-26 05:00:00,0.0,0.0,0.0,0.0,0.0,21.971125000272878,0.0,0.0,0.0,0.0,0.0
2050-12-26 06:00:00,0.0,0.0,0.0,0.0,0.0,21.764312500250526,0.0,0.0,0.0,0.0,0.0
2050-12-26 07:00:00,0.0,0.0,0.0,0.0,0.0,24.11318750027567,0.0,0.0,0.0,0.0,0.0
2050-12-26 08:00:00,0.0,0.0,0.0,0.0,0.0,27.70006250019651,0.0,0.0,0.0,0.0,0.0
2050-12-26 09:00:00,0.0,0.0,0.0,0.0,0.0,31.05556250025984,0.0,0.0,0.0,0.0,0.0
2050-12-26 10:00:00,0.0,0.0,0.0,0.0,0.0,33.25675000017509,0.0,0.0,0.0,0.0,0.0
2050-12-26 11:00:00,0.0,0.0,0.0,0.0,0.0,34.596437500207685,0.0,0.0,0.0,0.0,0.0
2050-12-26 12:00:00,0.0,0.0,0.0,0.0,0.0,35.560562500264496,0.0,0.0,0.0,0.0,0.0
2050-12-26 13:00:00,0.0,0.0,0.0,0.0,0.0,36.848562500206754,0.0,0.0,0.0,0.0,0.0
2050-12-26 14:00:00,0.0,0.0,0.0,0.0,0.0,36.29106250021141,0.0,0.0,0.0,0.0,0.0
2050-12-26 15:00:00,0.0,0.0,0.0,0.0,0.0,34.83918750018347,0.0,0.0,0.0,0.0,0.0
2050-12-26 16:00:00,0.0,0.0,0.0,0.0,0.0,35.661062500206754,0.0,0.0,0.0,0.0,0.0
2050-12-26 17:00:00,0.0,0.0,0.0,0.0,0.0,34.84262500028126,0.0,0.0,0.0,0.0,0.0
2050-12-26 18:00:00,0.0,0.0,0.0,0.0,0.0,33.737687500193715,0.0,0.0,0.0,0.0,0.0
2050-12-26 19:00:00,0.0,0.0,0.0,0.0,0.0,34.6573750001844,0.0,0.0,0.0,0.0,0.0
2050-12-26 20:00:00,0.0,0.0,0.0,0.0,0.0,34.20050000026822,0.0,0.0,0.0,0.0,0.0
2050-12-26 21:00:00,0.0,0.0,0.0,0.0,0.0,34.03093750018161,0.0,0.0,0.0,0.0,0.0
2050-12-26 22:00:00,0.0,0.0,0.0,0.0,0.0,34.699812500271946,0.0,0.0,0.0,0.0,0.0
2050-12-26 23:00:00,0.0,0.0,0.0,0.0,0.0,36.09275000018533,0.0,0.0,0.0,0.0,0.0
2050-12-27 00:00:00,0.0,0.0,0.0,0.0,0.0,31.534187500248663,0.0,0.0,0.0,0.0,0.0
2050-12-27 01:00:00,0.0,0.0,0.0,0.0,0.0,27.251437500235625,0.0,0.0,0.0,0.0,0.0
2050-12-27 02:00:00,0.0,0.0,0.0,0.0,0.0,24.523875000188127,0.0,0.0,0.0,0.0,0.0
2050-12-27 03:00:00,0.0,0.0,0.0,0.0,0.0,22.671062500216067,0.0,0.0,0.0,0.0,0.0
2050-12-27 04:00:00,0.0,0.0,0.0,0.0,0.0,21.221187500283122,0.0,0.0,0.0,0.0,0.0
2050-12-27 05:00:00,0.0,0.0,0.0,0.0,0.0,19.49181250028778,0.0,0.0,0.0,0.0,0.0
2050-12-27 06:00:00,0.0,0.0,0.0,0.0,0.0,20.67175000021234,0.0,0.0,0.0,0.0,0.0
2050-12-27 07:00:00,0.0,0.0,0.0,0.0,0.0,25.427562500233762,0.0,0.0,0.0,0.0,0.0
2050-12-27 08:00:00,0.0,0.0,0.0,0.0,0.0,28.5591250002617,0.0,0.0,0.0,0.0,0.0
2050-12-27 09:00:00,0.0,0.0,0.0,0.0,0.0,31.57962500024587,0.0,0.0,0.0,0.0,0.0
2050-12-27 10:00:00,0.0,0.0,0.0,0.0,0.0,34.025500000221655,0.0,0.0,0.0,0.0,0.0
2050-12-27 11:00:00,0.0,0.0,0.0,0.0,0.0,35.850875000236556,0.0,0.0,0.0,0.0,0.0
2050-12-27 12:00:00,0.0,0.0,0.0,0.0,0.0,36.91862500028219,0.0,0.0,0.0,0.0,0.0
2050-12-27 13:00:00,0.0,0.0,0.0,0.0,0.0,37.35050000017509,0.0,0.0,0.0,0.0,0.0
2050-12-27 14:00:00,0.0,0.0,0.0,0.0,0.0,36.812062500277534,0.0,0.0,0.0,0.0,0.0
2050-12-27 15:00:00,0.0,0.0,0.0,0.0,0.0,37.16100000019651,0.0,0.0,0.0,0.0,0.0
2050-12-27 16:00:00,0.0,0.0,0.0,0.0,0.0,36.43131250026636,0.0,0.0,0.0,0.0,0.0
2050-12-27 17:00:00,0.0,0.0,0.0,0.0,0.0,35.201187500264496,0.0,0.0,0.0,0.0,0.0
2050-12-27 18:00:00,0.0,0.0,0.0,0.0,0.0,34.44668750022538,0.0,0.0,0.0,0.0,0.0
2050-12-27 19:00:00,0.0,0.0,0.0,0.0,0.0,34.36881250026636,0.0,0.0,0.0,0.0,0.0
2050-12-27 20:00:00,0.0,0.0,0.0,0.0,0.0,34.12650000024587,0.0,0.0,0.0,0.0,0.0
2050-12-27 21:00:00,0.0,0.0,0.0,0.0,0.0,33.86825000029057,0.0,0.0,0.0,0.0,0.0
2050-12-27 22:00:00,0.0,0.0,0.0,0.0,0.0,33.86487500020303,0.0,0.0,0.0,0.0,0.0
2050-12-27 23:00:00,0.0,0.0,0.0,0.0,0.0,34.57350000028964,0.0,0.0,0.0,0.0,0.0
2050-12-28 00:00:00,0.0,0.0,0.0,0.0,0.0,30.123062500264496,0.0,0.0,0.0,0.0,0.0
2050-12-28 01:00:00,0.0,0.0,0.0,0.0,0.0,27.035000000265427,0.0,0.0,0.0,0.0,0.0
2050-12-28 02:00:00,0.0,0.0,0.0,0.0,0.0,25.326812500250526,0.0,0.0,0.0,0.0,0.0
2050-12-28 03:00:00,0.0,0.0,0.0,0.0,0.0,23.534250000258908,0.0,0.0,0.0,0.0,0.0
2050-12-28 04:00:00,0.0,0.0,0.0,0.0,0.0,22.289625000208616,0.0,0.0,0.0,0.0,0.0
2050-12-28 05:00:00,0.0,0.0,0.0,0.0,0.0,20.438437500270084,0.0,0.0,0.0,0.0,0.0
2050-12-28 06:00:00,0.0,0.0,0.0,0.0,0.0,20.24506250023842,0.0,0.0,0.0,0.0,0.0
2050-12-28 07:00:00,0.0,0.0,0.0,0.0,0.0,23.24293750023935,0.0,0.0,0.0,0.0,0.0
2050-12-28 08:00:00,0.0,0.0,0.0,0.0,0.0,25.020000000251457,0.0,0.0,0.0,0.0,0.0
2050-12-28 09:00:00,0.0,0.0,0.0,0.0,0.0,28.35381250025239,0.0,0.0,0.0,0.0,0.0
2050-12-28 10:00:00,0.0,0.0,0.0,0.0,0.0,31.268000000272878,0.0,0.0,0.0,0.0,0.0
2050-12-28 11:00:00,0.0,0.0,0.0,0.0,0.0,33.218312500277534,0.0,0.0,0.0,0.0,0.0
2050-12-28 12:00:00,0.0,0.0,0.0,0.0,0.0,34.25231250026263,0.0,0.0,0.0,0.0,0.0
2050-12-28 13:00:00,0.0,0.0,0.0,0.0,0.0,34.96200000029057,0.0,0.0,0.0,0.0,0.0
2050-12-28 14:00:00,0.0,0.0,0.0,0.0,0.0,34.65887500019744,0.0,0.0,0.0,0.0,0.0
2050-12-28 15:00:00,0.0,0.0,0.0,0.0,0.0,34.18637500028126,0.0,0.0,0.0,0.0,0.0
2050-12-28 16:00:00,0.0,0.0,0.0,0.0,0.0,32.47275000018999,0.0,0.0,0.0,0.0,0.0
2050-12-28 17:00:00,0.0,0.0,0.0,0.0,0.0,31.31568750028964,0.0,0.0,0.0,0.0,0.0
2050-12-28 18:00:00,0.0,0.0,0.0,0.0,0.0,30.20206250017509,0.0,0.0,0.0,0.0,0.0
2050-12-28 19:00:00,0.0,0.0,0.0,0.0,0.0,29.967562500271015,0.0,0.0,0.0,0.0,0.0
2050-12-28 20:00:00,0.0,0.0,0.0,0.0,0.0,30.245750000234693,0.0,0.0,0.0,0.0,0.0
2050-12-28 21:00:00,0.0,0.0,0.0,0.0,0.0,30.0071875002468,0.0,0.0,0.0,0.0,0.0
2050-12-28 22:00:00,0.0,0.0,0.0,0.0,0.0,30.92200000025332,0.0,0.0,0.0,0.0,0.0
2050-12-28 23:00:00,0.0,0.0,0.0,0.0,0.0,32.59625000017695,0.0,0.0,0.0,0.0,0.0
2050-12-29 00:00:00,0.0,0.0,0.0,0.0,0.0,30.6841250002617,0.0,0.0,0.0,0.0,0.0
2050-12-29 01:00:00,0.0,0.0,0.0,0.0,0.0,28.260500000207685,0.0,0.0,0.0,0.0,0.0
2050-12-29 02:00:00,0.0,0.0,0.0,0.0,0.0,25.614812500192784,0.0,0.0,0.0,0.0,0.0
2050-12-29 03:00:00,0.0,0.0,0.0,0.0,0.0,23.781812500208616,0.0,0.0,0.0,0.0,0.0
2050-12-29 04:00:00,0.0,0.0,0.0,0.0,0.0,22.596687500248663,0.0,0.0,0.0,0.0,0.0
2050-12-29 05:00:00,0.0,0.0,0.0,0.0,0.0,20.420937500195578,0.0,0.0,0.0,0.0,0.0
2050-12-29 06:00:00,0.0,0.0,0.0,0.0,0.0,19.18318750022445,0.0,0.0,0.0,0.0,0.0
2050-12-29 07:00:00,0.0,0.0,0.0,0.0,0.0,19.537562500219792,0.0,0.0,0.0,0.0,0.0
2050-12-29 08:00:00,0.0,0.0,0.0,0.0,0.0,20.86087500024587,0.0,0.0,0.0,0.0,0.0
2050-12-29 09:00:00,0.0,0.0,0.0,0.0,0.0,23.137687500216998,0.0,0.0,0.0,0.0,0.0
2050-12-29 10:00:00,0.0,0.0,0.0,0.0,0.0,25.610062500229105,0.0,0.0,0.0,0.0,0.0
2050-12-29 11:00:00,0.0,0.0,0.0,0.0,0.0,28.25275000021793,0.0,0.0,0.0,0.0,0.0
2050-12-29 12:00:00,0.0,0.0,0.0,0.0,0.0,29.829187500290573,0.0,0.0,0.0,0.0,0.0
2050-12-29 13:00:00,0.0,0.0,0.0,0.0,0.0,31.409375000279397,0.0,0.0,0.0,0.0,0.0
2050-12-29 14:00:00,0.0,0.0,0.0,0.0,0.0,31.517312500276603,0.0,0.0,0.0,0.0,0.0
2050-12-29 15:00:00,0.0,0.0,0.0,0.0,0.0,30.49268750019837,0.0,0.0,0.0,0.0,0.0
2050-12-29 16:00:00,0.0,0.0,0.0,0.0,0.0,29.36993750021793,0.0,0.0,0.0,0.0,0.0
2050-12-29 17:00:00,0.0,0.0,0.0,0.0,0.0,27.870187500258908,0.0,0.0,0.0,0.0,0.0
2050-12-29 18:00:00,0.0,0.0,0.0,0.0,0.0,27.61681250028778,0.0,0.0,0.0,0.0,0.0
2050-12-29 19:00:00,0.0,0.0,0.0,0.0,0.0,27.931875000242144,0.0,0.0,0.0,0.0,0.0
2050-12-29 20:00:00,0.0,0.0,0.0,0.0,0.0,28.365750000230037,0.0,0.0,0.0,0.0,0.0
2050-12-29 21:00:00,0.0,0.0,0.0,0.0,0.0,29.343187500257045,0.0,0.0,0.0,0.0,0.0
2050-12-29 22:00:00,0.0,0.0,0.0,0.0,0.0,31.175562500255182,0.0,0.0,0.0,0.0,0.0
2050-12-29 23:00:00,0.0,0.0,0.0,0.0,0.0,31.755125000257976,0.0,0.0,0.0,0.0,0.0
2050-12-30 00:00:00,0.0,0.0,0.0,0.0,0.0,29.248562500230037,0.0,0.0,0.0,0.0,0.0
2050-12-30 01:00:00,0.0,0.0,0.0,0.0,0.0,25.856625000247732,0.0,0.0,0.0,0.0,0.0
2050-12-30 02:00:00,0.0,0.0,0.0,0.0,0.0,23.120750000234693,0.0,0.0,0.0,0.0,0.0
2050-12-30 03:00:00,0.0,0.0,0.0,0.0,0.0,21.458187500247732,0.0,0.0,0.0,0.0,0.0
2050-12-30 04:00:00,0.0,0.0,0.0,0.0,0.0,20.208000000216998,0.0,0.0,0.0,0.0,0.0
2050-12-30 05:00:00,0.0,0.0,0.0,0.0,0.0,20.199812500271946,0.0,0.0,0.0,0.0,0.0
2050-12-30 06:00:00,0.0,0.0,0.0,0.0,0.0,19.857937500230037,0.0,0.0,0.0,0.0,0.0
2050-12-30 07:00:00,0.0,0.0,0.0,0.0,0.0,22.503875000285916,0.0,0.0,0.0,0.0,0.0
2050-12-30 08:00:00,0.0,0.0,0.0,0.0,0.0,26.88531250017695,0.0,0.0,0.0,0.0,0.0
2050-12-30 09:00:00,0.0,0.0,0.0,0.0,0.0,32.279437500284985,0.0,0.0,0.0,0.0,0.0
2050-12-30 10:00:00,0.0,0.0,0.0,0.0,0.0,34.528125000186265,0.0,0.0,0.0,0.0,0.0
2050-12-30 11:00:00,0.0,0.0,0.0,0.0,0.0,36.57581250020303,0.0,0.0,0.0,0.0,0.0
2050-12-30 12:00:00,0.0,0.0,0.0,0.0,0.0,37.5563750002766,0.0,0.0,0.0,0.0,0.0
2050-12-30 13:00:00,0.0,0.0,0.0,0.0,0.0,38.06350000028033,0.0,0.0,0.0,0.0,0.0
2050-12-30 14:00:00,0.0,0.0,0.0,0.0,0.0,37.698000000207685,0.0,0.0,0.0,0.0,0.0
2050-12-30 15:00:00,0.0,0.0,0.0,0.0,0.0,37.701937500271015,0.0,0.0,0.0,0.0,0.0
2050-12-30 16:00:00,0.0,0.0,0.0,0.0,0.0,37.16975000023376,0.0,0.0,0.0,0.0,0.0
2050-12-30 17:00:00,0.0,0.0,0.0,0.0,0.0,36.14625000022352,0.0,0.0,0.0,0.0,0.0
2050-12-30 18:00:00,0.0,0.0,0.0,0.0,0.0,34.329437500215136,0.0,0.0,0.0,0.0,0.0
2050-12-30 19:00:00,0.0,0.0,0.0,0.0,0.0,34.25087500025984,0.0,0.0,0.0,0.0,0.0
2050-12-30 20:00:00,0.0,0.0,0.0,0.0,0.0,33.837125000194646,0.0,0.0,0.0,0.0,0.0
2050-12-30 21:00:00,0.0,0.0,0.0,0.0,0.0,33.30437500018161,0.0,0.0,0.0,0.0,0.0
2050-12-30 22:00:00,0.0,0.0,0.0,0.0,0.0,34.2640000001993,0.0,0.0,0.0,0.0,0.0
2050-12-30 23:00:00,0.0,0.0,0.0,0.0,0.0,34.17825000023004,0.0,0.0,0.0,0.0,0.0
2050-12-31 00:00:00,0.0,0.0,0.0,0.0,0.0,31.148750000284053,0.0,0.0,0.0,0.0,0.0
2050-12-31 01:00:00,0.0,0.0,0.0,0.0,0.0,27.631812500185333,0.0,0.0,0.0,0.0,0.0
2050-12-31 02:00:00,0.0,0.0,0.0,0.0,0.0,24.980312500265427,0.0,0.0,0.0,0.0,0.0
2050-12-31 03:00:00,0.0,0.0,0.0,0.0,0.0,23.02568750025239,0.0,0.0,0.0,0.0,0.0
2050-12-31 04:00:00,0.0,0.0,0.0,0.0,0.0,22.183312500244938,0.0,0.0,0.0,0.0,0.0
2050-12-31 05:00:00,0.0,0.0,0.0,0.0,0.0,21.52418750023935,0.0,0.0,0.0,0.0,0.0
2050-12-31 06:00:00,0.0,0.0,0.0,0.0,0.0,20.74050000018906,0.0,0.0,0.0,0.0,0.0
2050-12-31 07:00:00,0.0,0.0,0.0,0.0,0.0,22.787125000264496,0.0,0.0,0.0,0.0,0.0
2050-12-31 08:00:00,0.0,0.0,0.0,0.0,0.0,25.802312500192784,0.0,0.0,0.0,0.0,0.0
2050-12-31 09:00:00,0.0,0.0,0.0,0.0,0.0,30.48387500026729,0.0,0.0,0.0,0.0,0.0
2050-12-31 10:00:00,0.0,0.0,0.0,0.0,0.0,32.87006250023842,0.0,0.0,0.0,0.0,0.0
2050-12-31 11:00:00,0.0,0.0,0.0,0.0,0.0,34.28350000025239,0.0,0.0,0.0,0.0,0.0
2050-12-31 12:00:00,0.0,0.0,0.0,0.0,0.0,34.20575000019744,0.0,0.0,0.0,0.0,0.0
2050-12-31 13:00:00,0.0,0.0,0.0,0.0,0.0,34.556000000215136,0.0,0.0,0.0,0.0,0.0
2050-12-31 14:00:00,0.0,0.0,0.0,0.0,0.0,34.16087500017602,0.0,0.0,0.0,0.0,0.0
2050-12-31 15:00:00,0.0,0.0,0.0,0.0,0.0,33.64793750026729,0.0,0.0,0.0,0.0,0.0
2050-12-31 16:00:00,0.0,0.0,0.0,0.0,0.0,32.61443750024773,0.0,0.0,0.0,0.0,0.0
2050-12-31 17:00:00,0.0,0.0,0.0,0.0,0.0,32.392687500221655,0.0,0.0,0.0,0.0,0.0
2050-12-31 18:00:00,0.0,0.0,0.0,0.0,0.0,32.52231250028126,0.0,0.0,0.0,0.0,0.0
2050-12-31 19:00:00,0.0,0.0,0.0,0.0,0.0,31.72606250026729,0.0,0.0,0.0,0.0,0.0
2050-12-31 20:00:00,0.0,0.0,0.0,0.0,0.0,30.883000000263564,0.0,0.0,0.0,0.0,0.0
2050-12-31 21:00:00,0.0,0.0,0.0,0.0,0.0,30.096875000279397,0.0,0.0,0.0,0.0,0.0
2050-12-31 22:00:00,0.0,0.0,0.0,0.0,0.0,29.55418750026729,0.0,0.0,0.0,0.0,0.0
2050-12-31 23:00:00,0.0,0.0,0.0,0.0,0.0,29.85043750028126,0.0,0.0,0.0,0.0,0.0
