snapshot,gas_boiler_punta_arenas_1,heat_pump_punta_arenas_1,link_punta_arenas_1_to_punta_arenas_2,link_punta_arenas_2_to_punta_arenas_1,h2_electrolyzer_punta_arenas_2,h2_fuel_cell_punta_arenas_2,h2_turbine_punta_arenas_2,uhs_injection_punta_arenas_2,uhs_withdrawal_punta_arenas_2
2040-01-01 00:00:00,0.0,4.598434559753028,-0.0,40.478748863891624,0.0,-0.0,-0.0,0.0,-0.0
2040-01-01 01:00:00,0.0,4.771528586952004,-0.0,41.061938316017766,-0.0,-0.0,-0.0,-0.0,-0.0
2040-01-01 02:00:00,0.0,4.702699642701826,-0.0,40.81895463508341,-0.0,-0.0,-0.0,-0.0,-0.0
2040-01-01 03:00:00,0.0,4.599219134209862,-0.0,41.088809851886225,-0.0,-0.0,-0.0,-0.0,-0.0
2040-01-01 04:00:00,0.0,4.645578656648433,-0.0,40.13702739255394,-0.0,-0.0,-0.0,-0.0,-0.0
2040-01-01 05:00:00,0.0,4.416442141755042,-0.0,39.35625168270459,-0.0,-0.0,-0.0,-0.0,-0.0
2040-01-01 06:00:00,0.0,4.443895103606522,-0.0,38.91555382675453,-0.0,-0.0,-0.0,-0.0,-0.0
2040-01-01 07:00:00,0.0,4.389829809080877,-0.0,37.83290218507277,-0.0,-0.0,-0.0,-0.0,-0.0
2040-01-01 08:00:00,0.0,4.121008542655898,-0.0,36.28152350800021,-0.0,-0.0,-0.0,-0.0,-0.0
2040-01-01 09:00:00,0.0,4.100885884727223,-0.0,34.72843245293752,-0.0,-0.0,-0.0,-0.0,-0.0
2040-01-01 10:00:00,0.0,3.983667558344489,-0.0,33.618407525619034,-0.0,-0.0,-0.0,-0.0,-0.0
2040-01-01 11:00:00,0.0,3.8361240477783625,-0.0,32.818037617863865,-0.0,-0.0,-0.0,-0.0,-0.0
2040-01-01 12:00:00,0.0,3.898335948820305,-0.0,32.76631445085426,-0.0,-0.0,-0.0,-0.0,-0.0
2040-01-01 13:00:00,0.0,3.773990529023278,-0.0,32.67770100303812,-0.0,-0.0,-0.0,-0.0,-0.0
2040-01-01 14:00:00,0.0,3.8993109610943395,-0.0,32.401953391994326,-0.0,-0.0,-0.0,-0.0,-0.0
2040-01-01 15:00:00,0.0,4.028875844428246,-0.0,32.82242482009845,-0.0,-0.0,-0.0,-0.0,-0.0
2040-01-01 16:00:00,0.0,4.044848711684036,-0.0,34.317860043073914,-0.0,-0.0,-0.0,-0.0,-0.0
2040-01-01 17:00:00,0.0,4.143947053114586,-0.0,33.905554190085475,-0.0,-0.0,-0.0,-0.0,-0.0
2040-01-01 18:00:00,0.0,4.298086342016889,-0.0,36.04302515460776,-0.0,-0.0,-0.0,-0.0,-0.0
2040-01-01 19:00:00,0.0,4.2789372330709865,-0.0,37.43786289591886,-0.0,-0.0,-0.0,-0.0,-0.0
2040-01-01 20:00:00,0.0,4.527262693136371,-0.0,37.75926472408521,-0.0,-0.0,-0.0,-0.0,-0.0
2040-01-01 21:00:00,0.0,4.5476583234189,-0.0,38.623539329072656,-0.0,-0.0,-0.0,-0.0,-0.0
2040-01-01 22:00:00,0.0,4.439765294018297,-0.0,39.56593340299369,-0.0,-0.0,-0.0,-0.0,-0.0
2040-01-01 23:00:00,0.0,4.6524585376029775,-0.0,41.41865854106616,-0.0,-0.0,-0.0,-0.0,-0.0
2040-01-02 00:00:00,0.0,4.829154751276965,-0.0,43.7394970819257,-0.0,-0.0,-0.0,-0.0,-0.0
2040-01-02 01:00:00,0.0,4.876947054287577,-0.0,42.56746766416991,-0.0,-0.0,-0.0,-0.0,-0.0
2040-01-02 02:00:00,0.0,4.913883160575444,-0.0,43.59521330667468,-0.0,-0.0,-0.0,-0.0,-0.0
2040-01-02 03:00:00,0.0,4.805386647691503,-0.0,44.18050913928563,-0.0,-0.0,-0.0,-0.0,-0.0
2040-01-02 04:00:00,0.0,4.725412782972576,-0.0,43.397438162624326,-0.0,-0.0,-0.0,-0.0,-0.0
2040-01-02 05:00:00,0.0,4.703184376146092,-0.0,42.22715351789525,-0.0,-0.0,-0.0,-0.0,-0.0
2040-01-02 06:00:00,0.0,4.61977222559453,-0.0,40.49338763135808,-0.0,-0.0,-0.0,-0.0,-0.0
2040-01-02 07:00:00,0.0,4.341888097270763,-0.0,38.01137879572553,-0.0,-0.0,-0.0,-0.0,-0.0
2040-01-02 08:00:00,0.0,4.383872649536333,-0.0,38.372428860112855,-0.0,-0.0,-0.0,-0.0,-0.0
2040-01-02 09:00:00,0.0,4.304440958616278,-0.0,37.05066704514931,-0.0,-0.0,-0.0,-0.0,-0.0
2040-01-02 10:00:00,0.0,4.105385988512467,-0.0,36.1475717664505,-0.0,-0.0,-0.0,-0.0,-0.0
2040-01-02 11:00:00,0.0,4.136097725653072,-0.0,36.428752773537354,-0.0,-0.0,-0.0,-0.0,-0.0
2040-01-02 12:00:00,0.0,4.142341172909526,-0.0,35.16314818094144,-0.0,-0.0,-0.0,-0.0,-0.0
2040-01-02 13:00:00,0.0,4.022635446617576,-0.0,34.956978033639544,-0.0,-0.0,-0.0,-0.0,-0.0
2040-01-02 14:00:00,0.0,4.0395843984664905,-0.0,35.32088644880814,-0.0,-0.0,-0.0,-0.0,-0.0
2040-01-02 15:00:00,0.0,4.042816807135378,-0.0,35.20842899492749,-0.0,-0.0,-0.0,-0.0,-0.0
2040-01-02 16:00:00,0.0,4.120799863046847,-0.0,35.688748773948454,-0.0,-0.0,-0.0,-0.0,-0.0
2040-01-02 17:00:00,0.0,4.27713398541053,-0.0,36.654389924475694,-0.0,-0.0,-0.0,-0.0,-0.0
2040-01-02 18:00:00,0.0,4.274915573045394,-0.0,38.66818679666237,-0.0,-0.0,-0.0,-0.0,-0.0
2040-01-02 19:00:00,0.0,4.4946373036594105,-0.0,39.80686747805104,-0.0,-0.0,-0.0,-0.0,-0.0
2040-01-02 20:00:00,0.0,4.64207076949511,-0.0,40.334387543846304,-0.0,-0.0,-0.0,-0.0,-0.0
2040-01-02 21:00:00,0.0,4.760971442390886,-0.0,42.67230010592951,-0.0,-0.0,-0.0,-0.0,-0.0
2040-01-02 22:00:00,0.0,4.716605399113793,-0.0,42.78228436289184,-0.0,-0.0,-0.0,-0.0,-0.0
2040-01-02 23:00:00,0.0,4.752883750265387,-0.0,42.31098030169315,-0.0,-0.0,-0.0,-0.0,-0.0
2040-01-03 00:00:00,0.0,5.005573018859121,-0.0,44.47073182879301,-0.0,-0.0,-0.0,-0.0,-0.0
2040-01-03 01:00:00,0.0,4.786555962097392,-0.0,43.81291734652149,-0.0,-0.0,-0.0,-0.0,-0.0
2040-01-03 02:00:00,0.0,4.850050515966543,-0.0,42.806442238223966,-0.0,-0.0,-0.0,-0.0,-0.0
2040-01-03 03:00:00,0.0,4.825200082781285,-0.0,43.79665429642229,-0.0,-0.0,-0.0,-0.0,-0.0
2040-01-03 04:00:00,0.0,4.7853687694692715,-0.0,42.43135645555005,-0.0,-0.0,-0.0,-0.0,-0.0
2040-01-03 05:00:00,0.0,4.682824827503795,-0.0,41.43117697053497,-0.0,-0.0,-0.0,-0.0,-0.0
2040-01-03 06:00:00,0.0,4.50175308463263,-0.0,40.954502278099305,-0.0,-0.0,-0.0,-0.0,-0.0
2040-01-03 07:00:00,0.0,4.463099271923109,-0.0,37.873320284773776,-0.0,-0.0,-0.0,-0.0,-0.0
2040-01-03 08:00:00,0.0,4.2538665955727355,-0.0,37.246143111361825,-0.0,-0.0,-0.0,-0.0,-0.0
2040-01-03 09:00:00,0.0,4.194181805518679,-0.0,36.761205115849556,-0.0,-0.0,-0.0,-0.0,-0.0
2040-01-03 10:00:00,0.0,4.037530447076784,-0.0,36.174363075695155,-0.0,-0.0,-0.0,-0.0,-0.0
2040-01-03 11:00:00,0.0,4.0222536939139255,-0.0,34.91686815718839,-0.0,-0.0,-0.0,-0.0,-0.0
2040-01-03 12:00:00,0.0,4.0050299315682665,-0.0,34.281441347331935,-0.0,-0.0,-0.0,-0.0,-0.0
2040-01-03 13:00:00,0.0,3.9978385068429154,-0.0,34.099963500060106,-0.0,-0.0,-0.0,-0.0,-0.0
2040-01-03 14:00:00,0.0,4.03901646077141,-0.0,34.85877525937208,-0.0,-0.0,-0.0,-0.0,-0.0
2040-01-03 15:00:00,0.0,4.073047098056926,-0.0,35.806879229200135,-0.0,-0.0,-0.0,-0.0,-0.0
2040-01-03 16:00:00,0.0,4.080177228433121,-0.0,35.130309115179394,-0.0,-0.0,-0.0,-0.0,-0.0
2040-01-03 17:00:00,0.0,4.303387440773496,-0.0,35.78264733453751,-0.0,-0.0,-0.0,-0.0,-0.0
2040-01-03 18:00:00,0.0,4.363325646733512,-0.0,38.01915170398632,-0.0,-0.0,-0.0,-0.0,-0.0
2040-01-03 19:00:00,0.0,4.505588730329534,-0.0,39.18106071440661,-0.0,-2.5419396789877503e-14,-0.0,-0.0,-0.0
2040-01-03 20:00:00,0.0,4.655719719324364,-0.0,40.02844762502592,-0.0,-0.0,-0.0,-0.0,-0.0
2040-01-03 21:00:00,0.0,4.716466323752115,-0.0,42.20862465800176,-0.0,-0.0,-0.0,-0.0,-0.0
2040-01-03 22:00:00,0.0,4.737505313582264,-0.0,43.25494500427944,-0.0,-0.0,-0.0,-0.0,-0.0
2040-01-03 23:00:00,0.0,4.954965463765999,-0.0,43.09349439227218,-0.0,-0.0,-0.0,-0.0,-0.0
2040-01-04 00:00:00,0.0,4.952013271731305,-0.0,43.65843694568378,-0.0,-0.0,-0.0,-0.0,-0.0
2040-01-04 01:00:00,0.0,4.974852419144255,-0.0,44.53855164311602,-0.0,-0.0,-0.0,-0.0,-0.0
2040-01-04 02:00:00,0.0,4.79970276806085,-0.0,43.44005520717087,-0.0,-0.0,-0.0,-0.0,-0.0
2040-01-04 03:00:00,0.0,4.876312109867336,-0.0,42.350534972398044,-0.0,-0.0,-0.0,-0.0,-0.0
2040-01-04 04:00:00,0.0,4.839504599361252,-0.0,42.67846546866575,-0.0,-0.0,-0.0,-0.0,-0.0
2040-01-04 05:00:00,0.0,4.727135017993011,-0.0,41.07974385082753,-0.0,-0.0,-0.0,-0.0,-0.0
2040-01-04 06:00:00,0.0,4.456609279873187,-0.0,40.70219158609546,-0.0,-0.0,-0.0,-0.0,-0.0
2040-01-04 07:00:00,0.0,4.40784304204595,-0.0,38.98151182526497,-0.0,-0.0,-0.0,-0.0,-0.0
2040-01-04 08:00:00,0.0,4.30074677670225,-0.0,38.014511464409985,-0.0,-0.0,-0.0,-0.0,-0.0
2040-01-04 09:00:00,0.0,4.259878255887734,-0.0,37.43189047434824,-0.0,-0.0,-0.0,-0.0,-0.0
2040-01-04 10:00:00,0.0,4.176458585857625,-0.0,36.0595993936374,-0.0,-0.0,-0.0,-0.0,-0.0
2040-01-04 11:00:00,0.0,4.0901804020085795,-0.0,34.9902008944655,-0.0,-0.0,-0.0,-0.0,-0.0
2040-01-04 12:00:00,0.0,3.976797297383886,-0.0,34.23342006297772,-0.0,-0.0,-0.0,-0.0,-0.0
2040-01-04 13:00:00,0.0,4.062386078329588,-0.0,35.85570287200451,-0.0,-0.0,-0.0,-0.0,-0.0
2040-01-04 14:00:00,0.0,3.975054519103353,-0.0,35.53662936266202,-0.0,-0.0,-0.0,-0.0,-0.0
2040-01-04 15:00:00,0.0,4.040971280738812,-0.0,34.39665364722465,-0.0,-0.0,-0.0,-0.0,-0.0
2040-01-04 16:00:00,0.0,4.193101298742622,-0.0,35.48325533984865,-0.0,-0.0,-0.0,-0.0,-0.0
2040-01-04 17:00:00,0.0,4.240246866313966,-0.0,37.45467583100196,-0.0,-0.0,-0.0,-0.0,-0.0
2040-01-04 18:00:00,0.0,4.315007180701003,-0.0,37.75857048396739,-0.0,-0.0,-0.0,-0.0,-0.0
2040-01-04 19:00:00,0.0,4.39953802240188,-0.0,39.336678536796306,-0.0,-0.0,-0.0,-0.0,-0.0
2040-01-04 20:00:00,0.0,4.536012366869331,-0.0,41.133591904489776,-0.0,-0.0,-0.0,-0.0,-0.0
2040-01-04 21:00:00,0.0,4.661404908316211,-0.0,41.77890718004882,-0.0,-0.0,-0.0,-0.0,-0.0
2040-01-04 22:00:00,0.0,4.762515745791991,-0.0,42.554759457921044,-0.0,-0.0,-0.0,-0.0,-0.0
2040-01-04 23:00:00,0.0,4.847681271783557,-0.0,43.03869913812796,-0.0,-0.0,-0.0,-0.0,-0.0
2040-01-05 00:00:00,0.0,4.8399071397545566,-0.0,43.73099827957654,-0.0,-0.0,5.455453500789266e-14,-0.0,-0.0
2040-01-05 01:00:00,0.0,4.882138549627358,-0.0,44.28571443737194,-0.0,-0.0,-0.0,-0.0,-0.0
2040-01-05 02:00:00,0.0,4.919635402337799,-0.0,45.22973994670322,-0.0,-0.0,-0.0,-0.0,-0.0
2040-01-05 03:00:00,0.0,4.87640566136738,-0.0,44.237212913102496,-0.0,-0.0,-0.0,-0.0,-0.0
2040-01-05 04:00:00,0.0,4.787512556352551,-0.0,42.5105641824432,-0.0,-0.0,-0.0,-0.0,-0.0
2040-01-05 05:00:00,0.0,4.646230933351844,-0.0,42.331081090856095,-0.0,-0.0,-0.0,-0.0,-0.0
2040-01-05 06:00:00,0.0,4.677349260470849,-0.0,40.757749776306675,-0.0,-0.0,-0.0,-0.0,-0.0
2040-01-05 07:00:00,0.0,4.466153754299609,-0.0,38.34356728303537,-0.0,-0.0,-0.0,-0.0,-0.0
2040-01-05 08:00:00,0.0,4.362222761702857,-0.0,38.117535678443254,-0.0,-0.0,-0.0,-0.0,-0.0
2040-01-05 09:00:00,0.0,4.270465696225912,-0.0,37.74038139732855,-0.0,-0.0,-0.0,-0.0,-0.0
2040-01-05 10:00:00,0.0,4.145230257954335,-0.0,35.71356739115528,-0.0,-0.0,-0.0,-0.0,-0.0
2040-01-05 11:00:00,0.0,3.9632638343748354,-0.0,35.832517656002054,-0.0,-0.0,-0.0,-0.0,-0.0
2040-01-05 12:00:00,0.0,4.103291250662035,-0.0,34.77908144141222,-0.0,-0.0,-0.0,-0.0,-0.0
2040-01-05 13:00:00,0.0,3.9583397951265034,-0.0,34.69697192954352,-0.0,-0.0,-0.0,-0.0,-0.0
2040-01-05 14:00:00,0.0,4.037678905092902,-0.0,34.1674859589424,-0.0,-0.0,-0.0,-0.0,-0.0
2040-01-05 15:00:00,0.0,4.074730862950008,-0.0,36.65361513995216,-0.0,-0.0,-0.0,-0.0,-0.0
2040-01-05 16:00:00,0.0,4.093128546282567,-0.0,36.332275393408686,-0.0,-0.0,-0.0,-0.0,-0.0
2040-01-05 17:00:00,0.0,4.288684584396231,-0.0,37.7676201529943,-0.0,-0.0,-0.0,-0.0,-0.0
2040-01-05 18:00:00,0.0,4.325643368411314,-0.0,37.84683110680106,-0.0,-0.0,-0.0,-0.0,-0.0
2040-01-05 19:00:00,0.0,4.289152823659428,-0.0,38.17911954693846,-0.0,-0.0,-0.0,-0.0,-0.0
2040-01-05 20:00:00,0.0,4.63954256178317,-0.0,41.50787264052566,-0.0,-0.0,-0.0,-0.0,-0.0
2040-01-05 21:00:00,0.0,4.656240807481776,-0.0,41.13584243387608,-0.0,-0.0,-0.0,-0.0,-0.0
2040-01-05 22:00:00,0.0,4.817541550332792,-0.0,43.943071806199214,-0.0,-0.0,-0.0,-0.0,-0.0
2040-01-05 23:00:00,0.0,4.833097306167921,-0.0,43.24111695562078,-0.0,-0.0,-0.0,-0.0,-0.0
2040-01-06 00:00:00,0.0,4.837420289525126,-0.0,45.045893020723305,-0.0,-0.0,-0.0,-0.0,-0.0
2040-01-06 01:00:00,0.0,4.849017570313207,-0.0,43.36500413005366,-0.0,-0.0,-0.0,-0.0,-0.0
2040-01-06 02:00:00,0.0,4.824449815114221,-0.0,42.39372768427905,-0.0,-0.0,-0.0,-0.0,-0.0
2040-01-06 03:00:00,0.0,4.871768015433433,-0.0,43.93446874567036,-0.0,-0.0,-0.0,-0.0,-0.0
2040-01-06 04:00:00,0.0,4.775578188588322,-0.0,42.58336194705666,-0.0,-0.0,-0.0,-0.0,-0.0
2040-01-06 05:00:00,0.0,4.64322808266098,-0.0,41.63320844487088,-0.0,-0.0,-0.0,-0.0,-0.0
2040-01-06 06:00:00,0.0,4.454822631495573,-0.0,41.19149649145532,-0.0,-0.0,-0.0,-0.0,-0.0
2040-01-06 07:00:00,0.0,4.3850024085451915,-0.0,38.66739990185044,-0.0,-0.0,-0.0,-0.0,-0.0
2040-01-06 08:00:00,0.0,4.256927237750865,-0.0,37.195620104367485,-0.0,-0.0,-0.0,-0.0,-0.0
2040-01-06 09:00:00,0.0,4.201799683719892,-0.0,36.2394269935105,-0.0,-0.0,-0.0,-0.0,-0.0
2040-01-06 10:00:00,0.0,4.104528539110739,-0.0,34.96696890144906,-0.0,-0.0,-0.0,-0.0,-0.0
2040-01-06 11:00:00,0.0,3.942092799730491,-0.0,34.082319446199456,-0.0,-0.0,-0.0,-0.0,-0.0
2040-01-06 12:00:00,0.0,4.077596942371172,-0.0,34.13755555043506,-0.0,-0.0,-0.0,-0.0,-0.0
2040-01-06 13:00:00,0.0,3.8682832613990397,-0.0,33.98037770472955,-0.0,-0.0,-0.0,-0.0,-0.0
2040-01-06 14:00:00,0.0,3.9445307166104926,-0.0,34.51436882946922,-0.0,-0.0,-0.0,-0.0,-0.0
2040-01-06 15:00:00,0.0,4.0047445691881425,-0.0,34.51663876475964,-0.0,-0.0,-0.0,-0.0,-0.0
2040-01-06 16:00:00,0.0,4.233297312077401,-0.0,36.07460418949965,-0.0,-0.0,-0.0,-0.0,-0.0
2040-01-06 17:00:00,0.0,4.170458326912005,-0.0,37.45443841822633,-0.0,-0.0,-0.0,-0.0,-0.0
2040-01-06 18:00:00,0.0,4.340878157348349,-0.0,37.984862197273266,-0.0,-0.0,-0.0,-0.0,-0.0
2040-01-06 19:00:00,0.0,4.495191841682203,-0.0,39.65827089163601,-0.0,-0.0,-0.0,-0.0,-0.0
2040-01-06 20:00:00,0.0,4.5852884529410245,-0.0,39.87833015691685,-0.0,-0.0,-0.0,-0.0,-0.0
2040-01-06 21:00:00,0.0,4.793980038752957,-0.0,41.9614226832585,-0.0,-0.0,-0.0,-0.0,-0.0
2040-01-06 22:00:00,0.0,4.811994256557977,-0.0,42.97731019496918,-0.0,-0.0,-0.0,-0.0,-0.0
2040-01-06 23:00:00,0.0,4.919330385420325,-0.0,42.89078163922752,-0.0,-0.0,-0.0,-0.0,-0.0
2040-01-07 00:00:00,0.0,4.73570172247209,-0.0,40.14699997680056,-0.0,-0.0,-0.0,-0.0,-0.0
2040-01-07 01:00:00,0.0,4.772765901311562,-0.0,41.292324608597184,-0.0,-0.0,-0.0,-0.0,-0.0
2040-01-07 02:00:00,0.0,4.565586893002314,-0.0,41.07288691446845,-0.0,-0.0,-0.0,-0.0,-0.0
2040-01-07 03:00:00,9.806604485634008,1.7066525535619408,-0.0,38.84961844924718,-0.0,-0.0,-0.0,-0.0,-0.0
2040-01-07 04:00:00,0.0,4.513287877721315,-0.0,39.702215472814125,-0.0,-0.0,-0.0,-0.0,-0.0
2040-01-07 05:00:00,14.846517128341615,6.774938293084757e-17,-0.0,35.79311044659802,-0.0,-0.0,-0.0,-0.0,-0.0
2040-01-07 06:00:00,14.67175341780332,1.2825478887957954e-16,-0.0,32.092808952998666,-0.0,-0.0,-0.0,-0.0,-0.0
2040-01-07 07:00:00,14.072136644184408,-1.0415473405363276e-16,-0.0,32.48620540479601,-0.0,-0.0,-0.0,-0.0,-0.0
2040-01-07 08:00:00,13.744533712775612,7.590569866895723e-17,-0.0,31.35656682479219,-0.0,-0.0,-0.0,-0.0,-0.0
2040-01-07 09:00:00,0.0,3.897436051790244,-0.0,34.38037766037618,-0.0,-0.0,-0.0,-0.0,-0.0
2040-01-07 10:00:00,13.147014245640536,1.987520204294747e-16,-0.0,29.585530696013052,-0.0,-0.0,-0.0,-0.0,-0.0
2040-01-07 11:00:00,0.0,4.034458387780009,-0.0,33.28240598431372,-0.0,-0.0,-0.0,-0.0,-0.0
2040-01-07 12:00:00,12.459543019748608,2.6204645714466322e-17,-0.0,29.826005304954354,-0.0,-0.0,-0.0,-0.0,-0.0
2040-01-07 13:00:00,10.044752202642554,0.8262737821434069,-0.0,29.487398023382145,-0.0,-0.0,-0.0,-0.0,-0.0
2040-01-07 14:00:00,0.0,3.7822532240927473,-0.0,33.34656705949256,-0.0,-0.0,-7.956225373548258e-14,-0.0,-0.0
2040-01-07 15:00:00,0.0,3.901456021923737,-0.0,33.1176199896529,-0.0,-0.0,-0.0,-0.0,-0.0
2040-01-07 16:00:00,13.293199475863076,-2.1681323015360503e-16,-0.0,29.9586292938444,-0.0,-0.0,-0.0,-0.0,-0.0
2040-01-07 17:00:00,0.0,3.9604042292658086,-0.0,33.217215649923105,-0.0,-0.0,-0.0,-0.0,-0.0
2040-01-07 18:00:00,13.769669727648964,1.3493154943256747e-16,-0.0,31.70514335325947,-0.0,-0.0,-0.0,-0.0,-0.0
2040-01-07 19:00:00,0.0,4.277859984813177,-0.0,37.33527320775262,-0.0,-0.0,-0.0,-0.0,-0.0
2040-01-07 20:00:00,14.845832632344141,-2.2830502401441643e-16,-0.0,32.91818688247494,-0.0,-0.0,-0.0,-0.0,-0.0
2040-01-07 21:00:00,14.745565559161733,-1.0913910929934051e-16,-0.0,34.20360107465892,-0.0,-0.0,-0.0,-0.0,-0.0
2040-01-07 22:00:00,15.172381494792635,-1.1229818182610288e-16,-0.0,34.83372087855795,-0.0,-0.0,-0.0,-0.0,-0.0
2040-01-07 23:00:00,0.0,4.7129960579487635,-0.0,42.28542119389038,-0.0,-0.0,-0.0,-0.0,-0.0
2040-01-08 00:00:00,0.0,4.692739966160679,-0.0,40.418798952266954,-0.0,-0.0,-0.0,-0.0,-0.0
2040-01-08 01:00:00,0.0,4.589908635332695,-0.0,40.634606466083575,-0.0,-0.0,-0.0,-0.0,-0.0
2040-01-08 02:00:00,15.914898989094103,-5.858202063516433e-17,-0.0,34.472664955067025,-0.0,-0.0,-0.0,-0.0,-0.0
2040-01-08 03:00:00,15.411816966245633,1.819891129184782e-16,-0.0,34.912655000319944,-0.0,-0.0,-0.0,-0.0,-0.0
2040-01-08 04:00:00,0.0,4.65068346152021,-0.0,40.21289527191375,-0.0,-0.0,-0.0,-0.0,-0.0
2040-01-08 05:00:00,15.07133269443104,-5.233837581427992e-17,-0.0,33.727599625109285,-0.0,-0.0,-0.0,-0.0,-0.0
2040-01-08 06:00:00,14.83969791631216,-5.0623934054469776e-17,-0.0,31.81625379638315,-0.0,-0.0,-0.0,-0.0,-0.0
2040-01-08 07:00:00,14.205804660976192,1.3170350246707917e-16,-0.0,32.455248627826116,-0.0,-0.0,-0.0,-0.0,-0.0
2040-01-08 08:00:00,4.458685689693999,2.617626376636676,-0.0,34.310331066151385,-0.0,-0.0,-0.0,-0.0,-0.0
2040-01-08 09:00:00,0.0,4.132817401291951,-0.0,34.97833225386368,-0.0,-0.0,-0.0,-0.0,-0.0
2040-01-08 10:00:00,0.0,3.95611135329219,-0.0,34.04571684876194,-0.0,-0.0,-0.0,-0.0,-0.0
2040-01-08 11:00:00,0.5348852593064872,3.7224897864616353,-0.0,32.61873032267512,-0.0,-0.0,-0.0,-0.0,-0.0
2040-01-08 12:00:00,0.0,3.7699046161341343,-0.0,34.229219018168514,-0.0,-0.0,-0.0,-0.0,-0.0
2040-01-08 13:00:00,0.0,3.7215044510198383,-0.0,32.128489356000635,-0.0,-0.0,-0.0,-0.0,-0.0
2040-01-08 14:00:00,0.0,3.8151355065537405,-0.0,32.92491828895912,-0.0,-0.0,-0.0,-0.0,-0.0
2040-01-08 15:00:00,0.0,3.9613979012694798,-0.0,32.473338457680555,-0.0,-0.0,-0.0,-0.0,-0.0
2040-01-08 16:00:00,0.0,3.9713838920541327,-0.0,33.474161366235805,-0.0,-0.0,-0.0,-0.0,-0.0
2040-01-08 17:00:00,0.0,4.065088262052064,-0.0,33.81843443241859,-0.0,-0.0,-0.0,-0.0,-0.0
2040-01-08 18:00:00,0.0,4.15216832404604,-0.0,35.91366158080113,-0.0,-0.0,-0.0,-0.0,-0.0
2040-01-08 19:00:00,0.0,4.276578864526744,-0.0,36.65883267903777,-0.0,-0.0,-0.0,-0.0,-0.0
2040-01-08 20:00:00,0.0,4.37692279748054,-0.0,37.36276181903855,-0.0,-0.0,-0.0,-0.0,-0.0
2040-01-08 21:00:00,0.0,4.291036940142483,-0.0,37.51653243790308,-0.0,-0.0,-0.0,-0.0,-0.0
2040-01-08 22:00:00,0.0,4.5164944504334406,-0.0,40.31480799289536,-0.0,-0.0,-0.0,-0.0,-0.0
2040-01-08 23:00:00,0.0,4.565241235122191,-0.0,41.18447454332508,-0.0,-0.0,-0.0,-0.0,-0.0
2040-01-09 00:00:00,0.0,4.892156584657969,-0.0,44.27492319616939,-0.0,-0.0,-0.0,-0.0,-0.0
2040-01-09 01:00:00,0.0,4.934977383030135,-0.0,43.7522026006274,-0.0,-0.0,-0.0,-0.0,-0.0
2040-01-09 02:00:00,0.0,4.852639280710135,-0.0,44.12975630489958,-0.0,-0.0,-0.0,-0.0,-0.0
2040-01-09 03:00:00,0.0,4.672433638095995,-0.0,43.695844663263436,-0.0,-0.0,-0.0,-0.0,-0.0
2040-01-09 04:00:00,0.0,4.725879140388353,-0.0,42.77814612511999,-0.0,-0.0,-0.0,-0.0,-0.0
2040-01-09 05:00:00,0.0,4.558447655535416,-0.0,42.41564163766914,-0.0,-0.0,-0.0,-0.0,-0.0
2040-01-09 06:00:00,0.0,4.527030055183013,-0.0,40.22129375309543,-0.0,-0.0,-0.0,-0.0,-0.0
2040-01-09 07:00:00,0.0,4.53847274785798,-0.0,39.413643172732996,-0.0,-0.0,-0.0,-0.0,-0.0
2040-01-09 08:00:00,0.0,4.137384146404987,-0.0,36.78121498983516,-0.0,-0.0,-0.0,-0.0,-0.0
2040-01-09 09:00:00,0.0,4.201495688811955,-0.0,38.21087636473508,-0.0,-0.0,-0.0,-0.0,-0.0
2040-01-09 10:00:00,0.0,4.142537718647263,-0.0,35.46535582397848,-0.0,-0.0,-0.0,-0.0,-0.0
2040-01-09 11:00:00,0.0,4.137048665052112,-0.0,35.47402796672841,-0.0,-0.0,-0.0,-0.0,-0.0
2040-01-09 12:00:00,0.0,3.967889072048468,-0.0,35.07483695623009,-0.0,-0.0,-0.0,-0.0,-0.0
2040-01-09 13:00:00,0.0,3.9373461478743708,-0.0,34.02834054639759,-0.0,-0.0,-0.0,-0.0,-0.0
2040-01-09 14:00:00,0.0,3.985019657067278,-0.0,34.687331317095605,-0.0,-0.0,-0.0,-0.0,-0.0
2040-01-09 15:00:00,0.0,4.000993663209945,-0.0,35.57371329363693,-0.0,-0.0,-0.0,-0.0,-0.0
2040-01-09 16:00:00,0.0,4.1216674497290295,-0.0,35.875543271311,-0.0,-0.0,-0.0,-0.0,-0.0
2040-01-09 17:00:00,0.0,4.221415179738215,-0.0,36.70405813462529,-0.0,-0.0,-0.0,-0.0,-0.0
2040-01-09 18:00:00,0.0,4.417668500623911,-0.0,37.89310792541695,-0.0,-0.0,-0.0,-0.0,-0.0
2040-01-09 19:00:00,0.0,4.42100373187919,-0.0,38.70095344943546,-0.0,-0.0,-0.0,-0.0,-0.0
2040-01-09 20:00:00,0.0,4.462832175605933,-0.0,40.19329973413341,-0.0,-0.0,-0.0,-0.0,-0.0
2040-01-09 21:00:00,0.0,4.594852951252897,-0.0,41.721857060938625,-0.0,-0.0,-0.0,-0.0,-0.0
2040-01-09 22:00:00,0.0,4.7152353256125865,-0.0,42.781293074828085,-0.0,-0.0,-0.0,-0.0,-0.0
2040-01-09 23:00:00,0.0,4.8522756441105255,-0.0,44.075522819212914,-0.0,-0.0,-0.0,-0.0,-0.0
2040-01-10 00:00:00,0.0,4.775960035277838,-0.0,43.616077464276884,-0.0,-0.0,-0.0,-0.0,-0.0
2040-01-10 01:00:00,0.0,4.66571908985235,-0.0,43.214757894313436,-0.0,-0.0,-0.0,-0.0,-0.0
2040-01-10 02:00:00,0.0,4.790883799518699,-0.0,44.24314416873051,-0.0,-0.0,-0.0,-0.0,-0.0
2040-01-10 03:00:00,0.0,4.784726357842366,-0.0,43.44070348451411,-0.0,-0.0,-0.0,-0.0,-0.0
2040-01-10 04:00:00,0.0,4.621399812407408,-0.0,43.099202154806974,-0.0,5.403859253696733e-14,-0.0,-0.0,-0.0
2040-01-10 05:00:00,0.0,4.635801560883009,-0.0,41.63911894945889,-0.0,-0.0,-0.0,-0.0,-0.0
2040-01-10 06:00:00,0.0,4.685290524107642,-0.0,40.92610060166021,-0.0,-0.0,-0.0,-0.0,-0.0
2040-01-10 07:00:00,0.0,4.355765678837874,-0.0,39.40899559033332,-0.0,-0.0,-0.0,-0.0,-0.0
2040-01-10 08:00:00,0.0,4.332302511683943,-0.0,38.52399244394514,-0.0,-0.0,-0.0,-0.0,-0.0
2040-01-10 09:00:00,0.0,4.192360396305731,-0.0,36.25916884248762,-0.0,-0.0,-0.0,-0.0,-0.0
2040-01-10 10:00:00,0.0,4.130201734549938,-0.0,35.898747911625925,-0.0,-0.0,-0.0,-0.0,-0.0
2040-01-10 11:00:00,0.0,4.057228779778555,-0.0,35.34032699823494,-0.0,-0.0,-0.0,-0.0,-0.0
2040-01-10 12:00:00,0.0,3.8375091112060438,-0.0,35.63857874421377,-0.0,-0.0,-0.0,-0.0,-0.0
2040-01-10 13:00:00,0.0,3.9196519516137283,-0.0,34.48990128766899,-0.0,-0.0,-0.0,-0.0,-0.0
2040-01-10 14:00:00,0.0,4.040054503827338,-0.0,35.076280370678084,-0.0,-0.0,-0.0,-0.0,-0.0
2040-01-10 15:00:00,0.0,4.086212379033156,-0.0,35.14998106165471,-0.0,-0.0,-0.0,-0.0,-0.0
2040-01-10 16:00:00,0.0,4.040518508145935,-0.0,34.575965500213286,-0.0,-0.0,-0.0,-0.0,-0.0
2040-01-10 17:00:00,0.0,4.1778256280019885,-0.0,37.68705274223799,-0.0,-0.0,-0.0,-0.0,-0.0
2040-01-10 18:00:00,0.0,4.213469241051021,-0.0,38.37524868955444,-0.0,-0.0,-0.0,-0.0,-0.0
2040-01-10 19:00:00,0.0,4.378122386944781,-0.0,40.0282722863876,-0.0,-0.0,-0.0,-0.0,-0.0
2040-01-10 20:00:00,0.0,4.56014542891572,-0.0,39.463731976429244,-0.0,-0.0,-0.0,-0.0,-0.0
2040-01-10 21:00:00,0.0,4.657515270197538,-0.0,41.741732534411625,-0.0,-0.0,-0.0,-0.0,-0.0
2040-01-10 22:00:00,0.0,4.703277028235545,-0.0,42.57665451760018,-0.0,-0.0,-0.0,-0.0,-0.0
2040-01-10 23:00:00,0.0,4.834373747498149,-0.0,42.04788828227939,-0.0,-0.0,-0.0,-0.0,-0.0
2040-01-11 00:00:00,0.0,4.755667071950096,-0.0,43.92810557185675,-0.0,-0.0,-0.0,-0.0,-0.0
2040-01-11 01:00:00,0.0,4.910433971100089,-0.0,43.397651894175866,-0.0,-0.0,-0.0,-0.0,-0.0
2040-01-11 02:00:00,0.0,4.894704775683754,-0.0,44.08673042905627,-0.0,-0.0,-0.0,-0.0,-0.0
2040-01-11 03:00:00,0.0,4.801020757312332,-0.0,41.93456081195612,-0.0,-0.0,-0.0,-0.0,-0.0
2040-01-11 04:00:00,0.0,4.675114724542616,-0.0,41.749817119283826,-0.0,-0.0,-0.0,-0.0,-0.0
2040-01-11 05:00:00,0.0,4.596207902280535,-0.0,40.9475236775909,-0.0,-0.0,-0.0,-0.0,-0.0
2040-01-11 06:00:00,0.0,4.4383505535460355,-0.0,39.217536331196705,-0.0,-0.0,-0.0,-0.0,-0.0
2040-01-11 07:00:00,0.0,4.41805380852565,-0.0,39.23896920664834,-0.0,-0.0,-0.0,-0.0,-0.0
2040-01-11 08:00:00,0.0,4.277753349752257,-0.0,38.85486884011865,-0.0,-0.0,-0.0,-0.0,-0.0
2040-01-11 09:00:00,0.0,4.30342650226446,-0.0,36.986737619891805,-0.0,-0.0,-0.0,-0.0,-0.0
2040-01-11 10:00:00,0.0,4.185947943699426,-0.0,36.41501187319666,-0.0,-0.0,-0.0,-0.0,-0.0
2040-01-11 11:00:00,0.0,4.028503471424725,-0.0,36.106205335770454,-0.0,-0.0,-0.0,-0.0,-0.0
2040-01-11 12:00:00,0.0,4.015103701052912,-0.0,35.104653211435235,-0.0,-0.0,-0.0,-0.0,-0.0
2040-01-11 13:00:00,0.0,3.9066585437608494,-0.0,34.290290425415314,-0.0,-0.0,-0.0,-0.0,-0.0
2040-01-11 14:00:00,0.0,3.953298998744975,-0.0,33.536018700372956,-0.0,-0.0,-0.0,-0.0,-0.0
2040-01-11 15:00:00,0.0,4.004024620367434,-0.0,35.391012678261774,-0.0,-0.0,-0.0,-0.0,-0.0
2040-01-11 16:00:00,0.0,4.170851629593304,-0.0,35.79720633465344,-0.0,-0.0,-0.0,-0.0,-0.0
2040-01-11 17:00:00,0.0,4.083590112383585,-0.0,36.4852496191201,-0.0,-0.0,-0.0,-0.0,-0.0
2040-01-11 18:00:00,0.0,4.335315411959049,-0.0,38.526448350632506,-0.0,-0.0,-0.0,-0.0,-0.0
2040-01-11 19:00:00,0.0,4.494271118824822,-0.0,39.65807480253043,-0.0,-0.0,-0.0,-0.0,-0.0
2040-01-11 20:00:00,0.0,4.607444590903268,-0.0,39.3584588319974,-0.0,-0.0,-0.0,-0.0,-0.0
2040-01-11 21:00:00,0.0,4.637501245313737,-0.0,41.688679453117146,-0.0,-0.0,-0.0,-0.0,-0.0
2040-01-11 22:00:00,0.0,4.7070407366191045,-0.0,42.20333513562834,-0.0,-0.0,-0.0,-0.0,-0.0
2040-01-11 23:00:00,0.0,4.755996695468281,-0.0,43.80935064493062,-0.0,-0.0,-0.0,-0.0,-0.0
2040-01-12 00:00:00,0.0,4.824624603483933,-0.0,43.62051795798801,-0.0,-0.0,-0.0,-0.0,-0.0
2040-01-12 01:00:00,0.0,4.781298818227997,-0.0,44.451459200891726,-0.0,-0.0,-0.0,-0.0,-0.0
2040-01-12 02:00:00,0.0,4.889732342876395,-0.0,43.19220741272772,-0.0,-0.0,-5.543329629212778e-13,5.5438693399259e-13,-0.0
2040-01-12 03:00:00,0.0,4.850468091647345,-0.0,42.94269285772822,-0.0,-0.0,-0.0,-0.0,-0.0
2040-01-12 04:00:00,0.0,4.776961203890506,-0.0,42.10366173104409,-0.0,-0.0,-0.0,-0.0,-0.0
2040-01-12 05:00:00,0.0,4.67484155255162,-0.0,41.410352351619146,-0.0,-0.0,-0.0,-0.0,-0.0
2040-01-12 06:00:00,0.0,4.576820899294305,-0.0,40.26652363924898,-0.0,-0.0,-0.0,-0.0,-0.0
2040-01-12 07:00:00,0.0,4.475882130892033,-0.0,40.078648801901,-0.0,-0.0,-0.0,-0.0,-0.0
2040-01-12 08:00:00,0.0,4.268502984416874,-0.0,37.31258737460972,-0.0,-0.0,-0.0,-0.0,-0.0
2040-01-12 09:00:00,0.0,4.084865567053573,-0.0,36.83416458688335,-0.0,-0.0,-0.0,-0.0,-0.0
2040-01-12 10:00:00,0.0,4.082036911857884,-0.0,35.17499000193723,-0.0,-0.0,-0.0,-0.0,-0.0
2040-01-12 11:00:00,0.0,4.044258920188278,-0.0,34.31902019941728,-0.0,-0.0,-0.0,-0.0,-0.0
2040-01-12 12:00:00,0.0,4.021031690141935,-0.0,34.408069416404,-0.0,-0.0,5.343201923503223e-13,-0.0,5.445598337087527e-13
2040-01-12 13:00:00,0.0,3.8188747208197675,-0.0,33.51091969701638,-0.0,-0.0,-0.0,-0.0,-0.0
2040-01-12 14:00:00,0.0,3.9898319872774253,-0.0,34.84678810719991,-0.0,-0.0,-0.0,-0.0,-0.0
2040-01-12 15:00:00,0.0,4.013123724041358,-0.0,34.72663653709599,-0.0,-0.0,-0.0,-0.0,-0.0
2040-01-12 16:00:00,0.0,3.953466010999886,-0.0,35.44701988545026,-0.0,-0.0,-0.0,-0.0,-0.0
2040-01-12 17:00:00,0.0,4.121739135927815,-0.0,37.11003830211435,-0.0,-0.0,-0.0,-0.0,-0.0
2040-01-12 18:00:00,0.0,4.257071428168175,-0.0,38.99891476081065,-0.0,-0.0,-0.0,-0.0,-0.0
2040-01-12 19:00:00,0.0,4.48712508742896,-0.0,38.9026228311817,-0.0,-0.0,-0.0,-0.0,-0.0
2040-01-12 20:00:00,0.0,4.533626528629885,-0.0,39.00299319595085,-0.0,-0.0,-0.0,-0.0,-0.0
2040-01-12 21:00:00,0.0,4.628446900566514,-0.0,41.207121379329365,-0.0,-0.0,-0.0,-0.0,-0.0
2040-01-12 22:00:00,0.0,4.812540201402667,-0.0,42.54319872426476,-0.0,-0.0,-0.0,-0.0,-0.0
2040-01-12 23:00:00,0.0,4.709157252301143,-0.0,43.9741739046421,-0.0,-0.0,-0.0,-0.0,-0.0
2040-01-13 00:00:00,0.0,4.714315549516575,-0.0,43.493444418113675,-0.0,-0.0,-0.0,-0.0,-0.0
2040-01-13 01:00:00,0.0,4.839152468074134,-0.0,43.11144945008802,-0.0,-0.0,-0.0,-0.0,-0.0
2040-01-13 02:00:00,0.0,4.845008172747205,-0.0,44.37201242177147,-0.0,-0.0,-0.0,-0.0,-0.0
2040-01-13 03:00:00,0.0,4.725739927073919,-0.0,43.95231736930239,-0.0,-0.0,-0.0,-0.0,-0.0
2040-01-13 04:00:00,0.0,4.710532608559952,-0.0,42.306188477658445,-0.0,-0.0,-0.0,-0.0,-0.0
2040-01-13 05:00:00,0.0,4.767303539775387,-0.0,41.85469803668214,-0.0,-0.0,-0.0,-0.0,-0.0
2040-01-13 06:00:00,0.0,4.432360274875901,-0.0,40.559968017330675,-0.0,-0.0,-0.0,-0.0,-0.0
2040-01-13 07:00:00,0.0,4.4993290215280375,-0.0,41.077199712986086,-0.0,-0.0,-0.0,-0.0,-0.0
2040-01-13 08:00:00,0.0,4.349218365189491,-0.0,37.661530120716286,-0.0,-0.0,-0.0,-0.0,-0.0
2040-01-13 09:00:00,0.0,4.221685453172268,-0.0,36.66208244917119,-0.0,-0.0,-0.0,-0.0,-0.0
2040-01-13 10:00:00,0.0,4.0508770717241,-0.0,35.83381030005398,-0.0,-0.0,-0.0,-0.0,-0.0
2040-01-13 11:00:00,0.0,3.994696669056479,-0.0,35.62262626074667,-0.0,-0.0,-0.0,-0.0,-0.0
2040-01-13 12:00:00,0.0,4.018019314689996,-0.0,34.60311542477139,-0.0,-0.0,-0.0,-0.0,-0.0
2040-01-13 13:00:00,0.0,4.032750668168324,-0.0,34.97002512730946,-0.0,-0.0,-0.0,-0.0,-0.0
2040-01-13 14:00:00,0.0,3.8619297298887374,-0.0,35.18044994957617,-0.0,-0.0,-0.0,-0.0,-0.0
2040-01-13 15:00:00,0.0,4.09000931856039,-0.0,36.499944990379504,-0.0,-0.0,-0.0,-0.0,-0.0
2040-01-13 16:00:00,0.0,4.028908895132038,-0.0,35.78325747963111,-0.0,-0.0,-0.0,-0.0,-0.0
2040-01-13 17:00:00,0.0,4.079558151597008,-0.0,36.59580804278759,-0.0,-0.0,-0.0,-0.0,-0.0
2040-01-13 18:00:00,0.0,4.268935751314874,-0.0,37.77272392966361,-0.0,-0.0,-0.0,-0.0,-0.0
2040-01-13 19:00:00,0.0,4.462627722110376,-0.0,37.98931415062476,-0.0,-0.0,-0.0,-0.0,-0.0
2040-01-13 20:00:00,0.0,4.528374558389453,-0.0,39.57851088838778,-0.0,-0.0,-0.0,-0.0,-0.0
2040-01-13 21:00:00,0.0,4.510919526980381,-0.0,41.51823714302912,-0.0,-0.0,-0.0,-0.0,-0.0
2040-01-13 22:00:00,0.0,4.688958337154338,-0.0,42.56532306081353,-0.0,-0.0,-0.0,-0.0,-0.0
2040-01-13 23:00:00,0.0,4.872940761378508,-0.0,45.27278866733878,-0.0,-0.0,-0.0,-0.0,-0.0
2040-01-14 00:00:00,0.0,4.592482522532282,-0.0,41.9993500910889,-0.0,-5.3634483889597006e-14,-0.0,-0.0,-0.0
2040-01-14 01:00:00,0.0,4.676824347547802,-0.0,41.88144255318186,-0.0,-0.0,-0.0,-0.0,-0.0
2040-01-14 02:00:00,0.0,4.619362545747595,-0.0,42.19354188653122,-0.0,-0.0,-0.0,-0.0,-0.0
2040-01-14 03:00:00,0.0,4.6170548840658645,-0.0,40.26998518999964,-0.0,-0.0,-0.0,-0.0,-0.0
2040-01-14 04:00:00,0.0,4.609404262351743,-0.0,39.70314426675873,-0.0,-0.0,-0.0,-0.0,-0.0
2040-01-14 05:00:00,0.0,4.502026695804575,-0.0,38.667450033475724,-0.0,-0.0,-0.0,-0.0,-0.0
2040-01-14 06:00:00,0.0,4.424301064951979,-0.0,38.05072645456373,-0.0,-0.0,-0.0,-0.0,-0.0
2040-01-14 07:00:00,0.0,4.224585653241798,-0.0,38.34033730493103,-0.0,-0.0,-0.0,-0.0,-0.0
2040-01-14 08:00:00,0.0,4.015091669361987,-0.0,35.55126508842452,-0.0,-0.0,-0.0,-0.0,-0.0
2040-01-14 09:00:00,0.0,4.041037434441047,-0.0,34.40411504042458,-0.0,-0.0,-0.0,-0.0,-0.0
2040-01-14 10:00:00,0.0,3.8660809798460405,-0.0,33.833795815911486,-0.0,-0.0,-0.0,-0.0,-0.0
2040-01-14 11:00:00,0.0,3.8352693599503325,-0.0,33.64183299235695,-0.0,-0.0,-0.0,-0.0,-0.0
2040-01-14 12:00:00,0.0,3.937130289058729,-0.0,33.140227813119125,-0.0,-0.0,-0.0,-0.0,-0.0
2040-01-14 13:00:00,0.0,3.78051301962101,-0.0,33.063993844041356,-0.0,-0.0,-0.0,-0.0,-0.0
2040-01-14 14:00:00,0.0,3.8163697069454616,-0.0,32.054303570832396,-0.0,-0.0,-0.0,-0.0,-0.0
2040-01-14 15:00:00,0.0,3.812361177906484,-0.0,32.63096454812433,-0.0,-0.0,-0.0,-0.0,-0.0
2040-01-14 16:00:00,0.0,3.9888888457225797,-0.0,33.79893490716518,-0.0,-0.0,-0.0,-0.0,-0.0
2040-01-14 17:00:00,0.0,4.110287152198622,-0.0,34.928901565412325,-0.0,-0.0,-0.0,-0.0,-0.0
2040-01-14 18:00:00,0.0,4.086130503299232,-0.0,36.653803585042134,-0.0,-0.0,-0.0,-0.0,-0.0
2040-01-14 19:00:00,0.0,4.141546326223533,-0.0,36.044236111524675,-0.0,-0.0,-0.0,-0.0,-0.0
2040-01-14 20:00:00,0.0,4.3420444248118635,-0.0,38.51603062691571,-0.0,-0.0,-0.0,-0.0,-0.0
2040-01-14 21:00:00,0.0,4.4351551740592186,-0.0,38.96766885680017,-0.0,-0.0,-0.0,-0.0,-0.0
2040-01-14 22:00:00,0.0,4.628943038314847,-0.0,40.56624430439627,-0.0,-0.0,-0.0,-0.0,-0.0
2040-01-14 23:00:00,0.0,4.627219343376486,-0.0,40.28622355903062,-0.0,-0.0,-0.0,-0.0,-0.0
2040-01-15 00:00:00,0.0,4.698363267363749,-0.0,40.206106346958265,-0.0,5.39845674540785e-14,-0.0,-0.0,-0.0
2040-01-15 01:00:00,0.0,4.586879320111307,-0.0,42.10006291614921,-0.0,-0.0,-0.0,-0.0,-0.0
2040-01-15 02:00:00,0.0,4.695853568902436,-0.0,41.42654833954751,-0.0,-0.0,-0.0,-0.0,-0.0
2040-01-15 03:00:00,0.0,4.691491798070259,-0.0,39.424742074015164,-0.0,-0.0,-0.0,-0.0,-0.0
2040-01-15 04:00:00,0.0,4.523409712510708,-0.0,40.51826919332114,-0.0,-0.0,-0.0,-0.0,-0.0
2040-01-15 05:00:00,0.0,4.534309228124954,-0.0,38.530515343497264,-0.0,-0.0,-0.0,-0.0,-0.0
2040-01-15 06:00:00,0.0,4.297028429796893,-0.0,37.9688618254309,-0.0,-0.0,-0.0,-0.0,-0.0
2040-01-15 07:00:00,0.0,4.304792188007995,-0.0,37.01978689360145,-0.0,-0.0,-0.0,-0.0,-0.0
2040-01-15 08:00:00,0.0,4.071458607894304,-0.0,34.93122494835234,-0.0,-0.0,-0.0,-0.0,-0.0
2040-01-15 09:00:00,0.0,4.032171646311185,-0.0,35.471388582893375,-0.0,-0.0,-0.0,-0.0,-0.0
2040-01-15 10:00:00,0.0,3.9733037921348617,-0.0,33.60947441374842,-0.0,-0.0,-0.0,-0.0,-0.0
2040-01-15 11:00:00,0.0,3.916660290217099,-0.0,34.18901472915373,-0.0,-0.0,-0.0,-0.0,-0.0
2040-01-15 12:00:00,0.0,3.799047078076271,-0.0,33.00908256936393,-0.0,-0.0,-0.0,-0.0,-0.0
2040-01-15 13:00:00,0.0,3.7872733845997595,-0.0,32.87909722602012,-0.0,-0.0,-0.0,-0.0,-0.0
2040-01-15 14:00:00,0.0,3.920484657500283,-0.0,33.006365472421784,-0.0,-0.0,-0.0,-0.0,-0.0
2040-01-15 15:00:00,0.0,3.9114445611755158,-0.0,34.38507981487315,-0.0,-0.0,-0.0,-0.0,-0.0
2040-01-15 16:00:00,0.0,3.851243615026636,-0.0,33.19050383528245,-0.0,-0.0,-0.0,-0.0,-0.0
2040-01-15 17:00:00,0.0,4.059456099913404,-0.0,34.34395006146931,-0.0,-0.0,-0.0,-0.0,-0.0
2040-01-15 18:00:00,0.0,4.051646193583424,-0.0,35.34411781398095,-0.0,-0.0,-0.0,-0.0,-0.0
2040-01-15 19:00:00,0.0,4.080429372537338,-0.0,37.55552075310434,-0.0,-0.0,-0.0,-0.0,-0.0
2040-01-15 20:00:00,0.0,4.340788627288016,-0.0,38.789346263202184,-0.0,-0.0,-0.0,-0.0,-0.0
2040-01-15 21:00:00,0.0,4.386510755551055,-0.0,39.13663093137495,-0.0,-0.0,-0.0,-0.0,-0.0
2040-01-15 22:00:00,0.0,4.453727753541126,-0.0,40.14733368087527,-0.0,-0.0,-0.0,-0.0,-0.0
2040-01-15 23:00:00,0.0,4.553665159383612,-0.0,39.49812089215515,-0.0,-0.0,-0.0,-0.0,-0.0
2040-01-16 00:00:00,0.0,4.763393791028971,-0.0,44.76209339828365,-0.0,-0.0,-0.0,-0.0,-0.0
2040-01-16 01:00:00,0.0,5.08585291773026,-0.0,43.90687810143753,-0.0,-0.0,-0.0,-0.0,-0.0
2040-01-16 02:00:00,0.0,4.854531956890784,-0.0,43.79908823760575,-0.0,-0.0,-0.0,-0.0,-0.0
2040-01-16 03:00:00,0.0,4.688952960215153,-0.0,42.89208349298266,-0.0,-0.0,-0.0,-0.0,-0.0
2040-01-16 04:00:00,0.0,4.634521434953226,-0.0,42.896988724781515,-0.0,-0.0,-0.0,-0.0,-0.0
2040-01-16 05:00:00,0.0,4.576654827130679,-0.0,41.3241726839576,-0.0,-0.0,-0.0,-0.0,-0.0
2040-01-16 06:00:00,0.0,4.436480801898058,-0.0,40.42089773236662,-0.0,-0.0,-0.0,-0.0,-0.0
2040-01-16 07:00:00,0.0,4.4298336896730985,-0.0,39.30914998990136,-0.0,-0.0,-0.0,-0.0,-0.0
2040-01-16 08:00:00,0.0,4.242811195070625,-0.0,37.63776877284164,-0.0,-5.3957575170351463e-14,-0.0,-0.0,-0.0
2040-01-16 09:00:00,0.0,4.168302930164935,-0.0,36.498563657043704,-0.0,-0.0,-0.0,-0.0,-0.0
2040-01-16 10:00:00,0.0,4.125721316238747,-0.0,36.239886173871575,-0.0,-0.0,-0.0,-0.0,-0.0
2040-01-16 11:00:00,0.0,3.9543779222397064,-0.0,35.39382943751912,-0.0,-0.0,-0.0,-0.0,-0.0
2040-01-16 12:00:00,0.0,3.9602242727513732,-0.0,35.195336333938755,-0.0,-0.0,-0.0,-0.0,-0.0
2040-01-16 13:00:00,0.0,3.939814074316983,-0.0,35.46801367132159,-0.0,-0.0,-0.0,-0.0,-0.0
2040-01-16 14:00:00,0.0,3.953765817060211,-0.0,33.97983552776095,-0.0,-0.0,-0.0,-0.0,-0.0
2040-01-16 15:00:00,0.0,4.006234901151098,-0.0,34.062080210366034,-0.0,-0.0,-0.0,-0.0,-0.0
2040-01-16 16:00:00,0.0,4.050488102824898,-0.0,35.658748741768754,-0.0,-0.0,-6.980538942669129e-14,-0.0,-1.2631628253139775e-13
2040-01-16 17:00:00,0.0,4.089488360416806,-0.0,37.651742909307536,-0.0,-0.0,-0.0,-1.2949514572584004e-13,-0.0
2040-01-16 18:00:00,0.0,4.4031067436181015,-0.0,38.11239623120583,-0.0,-0.0,-0.0,-0.0,-0.0
2040-01-16 19:00:00,0.0,4.440151164827408,-0.0,37.99632489896558,-0.0,-0.0,-0.0,1.288846544526895e-13,-0.0
2040-01-16 20:00:00,0.0,4.709821922604408,-0.0,41.75363852753119,-0.0,-0.0,-0.0,-0.0,-0.0
2040-01-16 21:00:00,0.0,4.669336661662829,-0.0,41.94914111842833,-0.0,-0.0,-0.0,-0.0,1.8006754464615402e-12
2040-01-16 22:00:00,0.0,4.656444458048321,-0.0,41.3052295314475,-0.0,-0.0,-0.0,-0.0,-0.0
2040-01-16 23:00:00,0.0,4.711945519392697,-0.0,42.51452463569862,-0.0,-0.0,-0.0,-0.0,-0.0
2040-01-17 00:00:00,0.0,4.887357744877982,-0.0,43.82047504964748,-0.0,-0.0,-0.0,-0.0,-0.0
2040-01-17 01:00:00,0.0,4.708441591777979,-0.0,43.275315465174685,-0.0,-0.0,-0.0,-0.0,5.505875017382803e-14
2040-01-17 02:00:00,0.0,4.731374129508128,-0.0,43.482963231619046,-0.0,-0.0,-0.0,-0.0,-0.0
2040-01-17 03:00:00,0.0,4.688842008177966,-0.0,43.5254907962401,-0.0,-0.0,-0.0,-0.0,-0.0
2040-01-17 04:00:00,0.0,4.684930021095526,-0.0,42.46399909340848,-0.0,-0.0,-0.0,-0.0,-0.0
2040-01-17 05:00:00,0.0,4.578040362761954,-0.0,42.513376095687995,-0.0,-0.0,-0.0,-0.0,-0.0
2040-01-17 06:00:00,0.0,4.529410842038554,-0.0,40.2945673505342,-0.0,-0.0,-0.0,-0.0,-0.0
2040-01-17 07:00:00,0.0,4.467274550316019,-0.0,40.32431087204254,-0.0,-0.0,-0.0,-0.0,-0.0
2040-01-17 08:00:00,0.0,4.163464595259284,-0.0,37.50892207711025,-0.0,-0.0,-0.0,-0.0,-0.0
2040-01-17 09:00:00,0.0,4.07517309920334,-0.0,36.04415901478784,-0.0,5.39845674540785e-14,-0.0,-0.0,-0.0
2040-01-17 10:00:00,0.0,4.138683298878512,-0.0,34.67164894879717,-0.0,-0.0,-0.0,-0.0,-5.443393455097436e-13
2040-01-17 11:00:00,0.0,4.018350162222433,-0.0,34.679972355560906,-0.0,-0.0,-1.1223523762334427e-12,5.89220514984506e-13,-0.0
2040-01-17 12:00:00,0.0,3.890259166228368,-0.0,34.73112877788774,-0.0,-0.0,-0.0,-0.0,-0.0
2040-01-17 13:00:00,0.0,3.9173129246892078,-0.0,35.145028465605996,-0.0,-0.0,-0.0,-0.0,-0.0
2040-01-17 14:00:00,0.0,3.988228544656524,-0.0,32.66210620883367,-0.0,-0.0,-0.0,-0.0,-0.0
2040-01-17 15:00:00,0.0,3.8796510059606244,-0.0,35.0552236348567,-0.0,-0.0,-0.0,-0.0,-0.0
2040-01-17 16:00:00,0.0,4.161776097929895,-0.0,35.40824286237887,-0.0,-0.0,-0.0,-0.0,-0.0
2040-01-17 17:00:00,0.0,4.150819725007993,-0.0,37.34300868309588,-0.0,-0.0,-0.0,-5.884783738532947e-13,-0.0
2040-01-17 18:00:00,0.0,4.281333371671255,-0.0,37.67326440852927,-0.0,-0.0,-0.0,-0.0,-0.0
2040-01-17 19:00:00,0.0,4.325602582924773,-0.0,39.35295954904419,-0.0,-0.0,-0.0,-0.0,-0.0
2040-01-17 20:00:00,0.0,4.513046425431429,-0.0,41.70530604094983,-0.0,-0.0,-0.0,-0.0,-0.0
2040-01-17 21:00:00,0.0,4.622262685816121,-0.0,41.61129253688712,-0.0,-0.0,-0.0,-0.0,-5.443393455097436e-13
2040-01-17 22:00:00,0.0,4.69105649831759,-0.0,42.33641967880311,-0.0,-0.0,-0.0,-0.0,-0.0
2040-01-17 23:00:00,0.0,4.749375320698836,-0.0,43.93919950722441,-0.0,-0.0,-0.0,-0.0,-0.0
2040-01-18 00:00:00,0.0,4.8035684929104105,-0.0,43.88447534366672,-0.0,-0.0,-0.0,-0.0,-0.0
2040-01-18 01:00:00,0.0,4.739892844831762,-0.0,43.57991302036973,-0.0,-0.0,-0.0,-0.0,-0.0
2040-01-18 02:00:00,0.0,4.794539812781117,-0.0,42.404086336556325,-0.0,-0.0,-0.0,-0.0,-0.0
2040-01-18 03:00:00,0.0,4.816287199365317,-0.0,42.98002650032426,-0.0,-0.0,5.39845674540785e-14,-0.0,-0.0
2040-01-18 04:00:00,0.0,4.71100798302384,-0.0,41.22756622207487,-0.0,-0.0,-0.0,-0.0,-0.0
2040-01-18 05:00:00,0.0,4.632648319266804,-0.0,41.686127912454715,-0.0,-0.0,-0.0,-0.0,-0.0
2040-01-18 06:00:00,0.0,4.4549430098755005,-0.0,40.76186773870978,-0.0,-0.0,-0.0,-0.0,-0.0
2040-01-18 07:00:00,0.0,4.303416584203949,-0.0,39.161120295437335,-0.0,-0.0,-0.0,-0.0,-0.0
2040-01-18 08:00:00,0.0,4.287428560352164,-0.0,39.2598863909344,-0.0,-0.0,-0.0,-0.0,-0.0
2040-01-18 09:00:00,0.0,4.125542434796036,-0.0,36.1065038110307,-0.0,-0.0,-0.0,-0.0,-0.0
2040-01-18 10:00:00,0.0,3.9774201298517275,-0.0,36.09702603388832,-0.0,-0.0,-0.0,-0.0,-0.0
2040-01-18 11:00:00,0.0,4.085025235011167,-0.0,35.30466036232527,-0.0,-0.0,-0.0,-0.0,-0.0
2040-01-18 12:00:00,0.0,4.024315257597048,-0.0,34.07902122312254,-0.0,-0.0,-0.0,-0.0,-0.0
2040-01-18 13:00:00,0.0,3.882721102642854,-0.0,34.82296639293288,-0.0,-0.0,-0.0,-0.0,-0.0
2040-01-18 14:00:00,0.0,4.009168135933043,-0.0,35.29435436740454,-0.0,-0.0,-0.0,-0.0,-0.0
2040-01-18 15:00:00,0.0,3.974249313714185,-0.0,35.866061789747036,-0.0,-0.0,-0.0,-0.0,-0.0
2040-01-18 16:00:00,0.0,4.063079481863552,-0.0,35.815627696362625,-0.0,-0.0,-0.0,-0.0,-0.0
2040-01-18 17:00:00,0.0,4.169445212458112,-0.0,37.30826953429492,-0.0,-0.0,-0.0,-0.0,-0.0
2040-01-18 18:00:00,0.0,4.26598517661717,-0.0,37.55449341551804,-0.0,-0.0,-0.0,-0.0,-0.0
2040-01-18 19:00:00,0.0,4.424657924130328,-0.0,40.269167320528815,-0.0,-0.0,-0.0,-0.0,-0.0
2040-01-18 20:00:00,0.0,4.474632486534529,-0.0,41.65257968835912,-0.0,-0.0,-0.0,-0.0,-0.0
2040-01-18 21:00:00,0.0,4.710962612912195,-0.0,41.73131489656262,-0.0,-0.0,-0.0,-0.0,-0.0
2040-01-18 22:00:00,0.0,4.718684708821777,-0.0,42.66088627195742,-0.0,-0.0,-0.0,-0.0,-0.0
2040-01-18 23:00:00,0.0,4.734510260419857,-0.0,42.35707155853284,-0.0,-0.0,-0.0,-0.0,-0.0
2040-01-19 00:00:00,0.0,4.830377408272718,-0.0,43.705165657167406,-0.0,-0.0,-0.0,-0.0,-0.0
2040-01-19 01:00:00,0.0,4.769793088910698,-0.0,43.483835696054754,-0.0,-0.0,-0.0,-0.0,-0.0
2040-01-19 02:00:00,0.0,4.880940243218115,-0.0,43.91522745905933,-0.0,-0.0,-0.0,-0.0,-0.0
2040-01-19 03:00:00,0.0,4.752273010456943,-0.0,42.11709685741401,-0.0,-0.0,-0.0,-0.0,-0.0
2040-01-19 04:00:00,0.0,4.598620488649636,-0.0,43.70779146413474,-0.0,-0.0,-0.0,-0.0,-0.0
2040-01-19 05:00:00,0.0,4.660285295109763,-0.0,41.71313437705289,-0.0,-0.0,-0.0,-0.0,-0.0
2040-01-19 06:00:00,0.0,4.5204584440913225,-0.0,41.20113129724225,-0.0,-0.0,-0.0,-0.0,-0.0
2040-01-19 07:00:00,0.0,4.373167820814044,-0.0,39.540896460112386,-0.0,-0.0,-0.0,-0.0,-0.0
2040-01-19 08:00:00,0.0,4.276883840442448,-0.0,37.82808562455753,-0.0,-0.0,-0.0,-0.0,-0.0
2040-01-19 09:00:00,0.0,4.244837931899178,-0.0,38.23361917701535,-0.0,-0.0,-0.0,-0.0,-0.0
2040-01-19 10:00:00,0.0,4.14763593724592,-0.0,36.72693438118788,-0.0,-0.0,-0.0,-0.0,-0.0
2040-01-19 11:00:00,0.0,4.064584329314099,-0.0,34.350880595507654,-0.0,-0.0,-0.0,-0.0,-0.0
2040-01-19 12:00:00,0.0,3.867515468786729,-0.0,34.64477088675326,-0.0,-0.0,-0.0,-0.0,-0.0
2040-01-19 13:00:00,0.0,3.9978295284933085,-0.0,34.504877813965734,-0.0,-0.0,-0.0,-0.0,-0.0
2040-01-19 14:00:00,0.0,4.042424292638463,-0.0,34.342092350464696,-0.0,-0.0,-0.0,-0.0,-0.0
2040-01-19 15:00:00,0.0,4.155271707639572,-0.0,36.70535065280905,-0.0,-0.0,-0.0,-0.0,-0.0
2040-01-19 16:00:00,0.0,4.026766618153323,-0.0,35.12634782322625,-0.0,-0.0,-0.0,-0.0,-0.0
2040-01-19 17:00:00,0.0,4.070595939344904,-0.0,37.801108567300325,-0.0,-0.0,-0.0,-0.0,-0.0
2040-01-19 18:00:00,0.0,4.303999974491937,-0.0,36.897241126186714,-0.0,-0.0,-0.0,-0.0,-0.0
2040-01-19 19:00:00,0.0,4.320589690105789,-0.0,40.098331524248934,-0.0,-0.0,-0.0,-0.0,-0.0
2040-01-19 20:00:00,0.0,4.448305043228459,-0.0,39.982065871713694,-0.0,-0.0,-0.0,-0.0,-0.0
2040-01-19 21:00:00,0.0,4.659652970007176,-0.0,39.93001996048369,-0.0,-0.0,-0.0,-0.0,-0.0
2040-01-19 22:00:00,0.0,4.673133074414467,-0.0,42.66369211119415,-0.0,-0.0,-0.0,-0.0,-0.0
2040-01-19 23:00:00,0.0,4.846306673623718,-0.0,43.66480975976025,-0.0,-0.0,-0.0,-0.0,-0.0
2040-01-20 00:00:00,0.0,4.780180959119836,-0.0,42.948031570156786,-0.0,-0.0,-0.0,-0.0,-0.0
2040-01-20 01:00:00,0.0,4.799588671957789,-0.0,44.65449502882275,-0.0,-0.0,-0.0,-0.0,-0.0
2040-01-20 02:00:00,0.0,4.824282809326577,-0.0,42.39500733048001,-0.0,-0.0,-0.0,-0.0,-0.0
2040-01-20 03:00:00,15.894382750790243,7.817246791349715e-19,-0.0,39.3188892095816,-0.0,-0.0,-0.0,-0.0,-0.0
2040-01-20 04:00:00,15.897776364138931,2.376041854813258e-16,-0.0,38.2347348183667,-0.0,-0.0,-0.0,-0.0,-0.0
2040-01-20 05:00:00,15.186603056019276,2.428679253558143e-16,-0.0,38.244023633839745,-0.0,-0.0,-0.0,-0.0,-0.0
2040-01-20 06:00:00,0.0,4.485329279252441,-0.0,40.120849765421525,-0.0,-0.0,-0.0,-0.0,-0.0
2040-01-20 07:00:00,14.632192160381786,6.933570635872125e-17,-0.0,35.44898613219852,-0.0,-0.0,-0.0,-0.0,-0.0
2040-01-20 08:00:00,14.325854820414794,2.4923874208630484e-16,-0.0,33.3653107550328,-0.0,-0.0,-0.0,-0.0,-0.0
2040-01-20 09:00:00,0.0,4.101619475987234,-0.0,37.38693579726781,-0.0,-0.0,-0.0,-0.0,-0.0
2040-01-20 10:00:00,13.54334256871536,1.366067069188747e-16,-0.0,32.041689034249224,-0.0,-0.0,-0.0,-0.0,-0.0
2040-01-20 11:00:00,13.265738928141404,-1.5739808662460056e-16,-0.0,31.718737457114347,-0.0,-0.0,-0.0,-0.0,-0.0
2040-01-20 12:00:00,0.0,3.9365993638006445,-0.0,33.95413330068006,-0.0,-0.0,-0.0,-0.0,-0.0
2040-01-20 13:00:00,12.988144711681029,1.9992789119289679e-16,-0.0,30.959917023415635,-0.0,-0.0,-0.0,-0.0,-0.0
2040-01-20 14:00:00,13.28593456364684,-2.1675945900150939e-16,-0.0,31.030197159653866,-0.0,-0.0,-0.0,-0.0,-0.0
2040-01-20 15:00:00,13.430812357844879,2.5586338708605363e-16,-0.0,32.15721230709943,-0.0,-0.0,-0.0,-0.0,-0.0
2040-01-20 16:00:00,13.618758761130188,1.3604851496388467e-16,-0.0,31.67192024505703,-0.0,-0.0,-0.0,-0.0,-0.0
2040-01-20 17:00:00,13.84448702856401,-2.2089357771492392e-16,-0.0,32.634479210562795,-0.0,-0.0,-0.0,-0.0,-0.0
2040-01-20 18:00:00,14.097474782146142,-4.513037930139938e-17,-0.0,34.19409999634756,-0.0,-0.0,-0.0,-0.0,-0.0
2040-01-20 19:00:00,0.0,4.374048691511225,-0.0,39.58264595675194,-0.0,-0.0,-0.0,-0.0,-0.0
2040-01-20 20:00:00,14.904619963126072,-1.695282430223438e-16,-0.0,34.122957603839744,-0.0,-0.0,-0.0,-0.0,-0.0
2040-01-20 21:00:00,14.974442957524817,-1.7004503699587553e-16,-0.0,36.726048932907574,-0.0,-0.0,-0.0,-0.0,-0.0
2040-01-20 22:00:00,15.585236488252244,6.228176131678665e-17,-0.0,38.44408119597718,-0.0,-0.0,-0.0,-0.0,-0.0
2040-01-20 23:00:00,0.0,4.740468950603774,-0.0,42.93115762136192,-0.0,-0.0,-0.0,-0.0,-0.0
2040-01-21 00:00:00,0.0,4.534058800222155,-0.0,39.735179925128364,-0.0,-0.0,-0.0,-0.0,-0.0
2040-01-21 01:00:00,15.379000202378235,1.8223200576407336e-16,-0.0,36.42890969164111,-0.0,-0.0,-0.0,-0.0,-0.0
2040-01-21 02:00:00,15.452364845619762,1.224771036765973e-16,-0.0,36.52795146260529,-0.0,-0.0,-0.0,-0.0,-0.0
2040-01-21 03:00:00,15.137620702423186,-5.282900563247603e-17,-0.0,35.45829518976018,-0.0,-0.0,-0.0,-0.0,-0.0
2040-01-21 04:00:00,14.634461978615253,-2.267405669044172e-16,-0.0,35.583830404286296,-0.0,-0.0,-0.0,-0.0,-0.0
2040-01-21 05:00:00,14.545242951799459,1.0767365134319797e-17,-0.0,33.95189347643974,-0.0,-0.0,-0.0,-0.0,-0.0
2040-01-21 06:00:00,14.817937198666488,2.4559660084398922e-16,-0.0,33.63103300542606,-0.0,-0.0,-0.0,-0.0,-0.0
2040-01-21 07:00:00,11.222718399391098,0.7730341902484821,-0.0,33.56940041925495,-0.0,-0.0,-0.0,-0.0,-0.0
2040-01-21 08:00:00,0.0,4.149893753195583,-0.0,36.996469617779134,-0.0,-0.0,-0.0,-0.0,-0.0
2040-01-21 09:00:00,0.0,4.018088240240936,-0.0,35.011744215037396,-0.0,-0.0,-0.0,-0.0,-0.0
2040-01-21 10:00:00,0.0,3.9147857911417465,-0.0,34.63666884755498,-0.0,-0.0,-0.0,-0.0,-0.0
2040-01-21 11:00:00,0.0,3.8446127040841507,-0.0,33.31100543182746,-0.0,-0.0,-0.0,-0.0,-0.0
2040-01-21 12:00:00,0.0,3.758249553610534,-0.0,32.050163884715374,-0.0,-0.0,-5.341191406613694e-14,-0.0,-0.0
2040-01-21 13:00:00,0.0,3.7918994574046394,-0.0,31.941477737693617,-0.0,-0.0,-0.0,-0.0,-0.0
2040-01-21 14:00:00,0.0,3.8196438309207963,-0.0,33.22028890992925,-0.0,-0.0,-0.0,-0.0,-0.0
2040-01-21 15:00:00,0.0,3.8352443311655513,-0.0,32.2385449722053,-0.0,-0.0,-0.0,-0.0,-0.0
2040-01-21 16:00:00,0.0,3.914626545918104,-0.0,32.92547436751653,-0.0,-0.0,-0.0,-0.0,-0.0
2040-01-21 17:00:00,0.0,3.943016441051095,-0.0,35.27107580611858,-0.0,-0.0,-0.0,-0.0,-0.0
2040-01-21 18:00:00,0.0,4.111778112128344,-0.0,35.31872255116864,-0.0,-0.0,-0.0,-0.0,-0.0
2040-01-21 19:00:00,0.0,4.162144170779088,-0.0,36.15090867802736,-0.0,-0.0,-0.0,-0.0,-0.0
2040-01-21 20:00:00,0.0,4.394843178433779,-0.0,39.25682434700744,-0.0,-0.0,-0.0,-0.0,-0.0
2040-01-21 21:00:00,0.0,4.44888641429611,-0.0,38.54774967591539,-0.0,-0.0,-0.0,-0.0,-0.0
2040-01-21 22:00:00,0.0,4.507001777601026,-0.0,40.45253200832424,-0.0,-0.0,-0.0,-0.0,-0.0
2040-01-21 23:00:00,0.0,4.536341586682162,-0.0,40.649950484301044,-0.0,-0.0,-0.0,-0.0,-0.0
2040-01-22 00:00:00,0.0,4.706653565621503,-0.0,41.338602547690016,-0.0,-0.0,-0.0,-0.0,-0.0
2040-01-22 01:00:00,0.0,4.630275768973921,-0.0,41.33107114513615,-0.0,-0.0,-0.0,-0.0,-0.0
2040-01-22 02:00:00,0.0,4.613264902516391,-0.0,41.88042673202802,-0.0,-0.0,-0.0,-0.0,-0.0
2040-01-22 03:00:00,0.0,4.474134769534312,-0.0,41.68116266528542,-0.0,-0.0,-0.0,-0.0,-0.0
2040-01-22 04:00:00,0.0,4.6185986024547425,-0.0,39.47674270758401,-0.0,-0.0,-0.0,-0.0,-0.0
2040-01-22 05:00:00,0.0,4.310716755491816,-0.0,40.06806129547812,-0.0,-0.0,-0.0,-0.0,-0.0
2040-01-22 06:00:00,0.0,4.349133647175218,-0.0,37.959809499929236,-0.0,-0.0,-0.0,-0.0,-0.0
2040-01-22 07:00:00,0.0,4.261563659186388,-0.0,36.8891547140902,-0.0,-0.0,-0.0,-0.0,-0.0
2040-01-22 08:00:00,0.0,4.096503513040283,-0.0,36.249944200156264,-0.0,-0.0,-0.0,-0.0,-0.0
2040-01-22 09:00:00,0.0,4.024227154869519,-0.0,34.46582121738783,-0.0,-0.0,-0.0,-0.0,-0.0
2040-01-22 10:00:00,0.0,3.9814756806196523,-0.0,33.39120289663915,-0.0,-0.0,-0.0,-0.0,-0.0
2040-01-22 11:00:00,0.0,3.772801812225426,-0.0,33.99198900528407,-0.0,-0.0,-0.0,-0.0,-0.0
2040-01-22 12:00:00,0.0,3.8723773799026815,-0.0,32.48343810180267,-0.0,-0.0,-0.0,-0.0,-0.0
2040-01-22 13:00:00,0.0,3.8397360626690697,-0.0,31.43530267525883,-0.0,-0.0,-0.0,-0.0,-0.0
2040-01-22 14:00:00,0.0,3.8203048884721333,-0.0,30.869444650683835,-0.0,-0.0,-0.0,-0.0,-0.0
2040-01-22 15:00:00,0.0,3.882432581745133,-0.0,33.40483977377765,-0.0,-0.0,-0.0,-0.0,-0.0
2040-01-22 16:00:00,0.0,3.8994542126512743,-0.0,33.769289276649715,-0.0,-0.0,-0.0,-0.0,-0.0
2040-01-22 17:00:00,0.0,3.9706644391135293,-0.0,35.80115588361054,-0.0,-0.0,-0.0,-0.0,-0.0
2040-01-22 18:00:00,0.0,4.102703542559119,-0.0,35.086211933845256,-0.0,-0.0,-0.0,-0.0,-0.0
2040-01-22 19:00:00,0.0,4.200076415453361,-0.0,36.14717697136122,-0.0,-0.0,-0.0,-0.0,-0.0
2040-01-22 20:00:00,0.0,4.3975511194717845,-0.0,38.17507820610926,-0.0,-0.0,-0.0,-0.0,-0.0
2040-01-22 21:00:00,0.0,4.364505797946855,-0.0,39.98793113373458,-0.0,-0.0,-0.0,-0.0,-0.0
2040-01-22 22:00:00,0.0,4.479586531470186,-0.0,40.991793646758794,-0.0,-0.0,-0.0,-0.0,-0.0
2040-01-22 23:00:00,0.0,4.574344691179115,-0.0,40.74052040414918,-0.0,-0.0,-0.0,-0.0,-0.0
2040-01-23 00:00:00,0.0,4.836541449059245,-0.0,43.21183863176047,-0.0,-0.0,-0.0,-0.0,-0.0
2040-01-23 01:00:00,0.0,4.846293552671445,-0.0,43.96690467687783,-0.0,-0.0,-0.0,-0.0,-0.0
2040-01-23 02:00:00,0.0,4.845137709831401,-0.0,44.89565647805926,-0.0,-0.0,-0.0,-0.0,-0.0
2040-01-23 03:00:00,0.0,4.699643645409175,-0.0,43.09658429662774,-0.0,-0.0,-0.0,-0.0,-0.0
2040-01-23 04:00:00,0.0,4.695009955993171,-0.0,42.153165810331274,-0.0,-0.0,-0.0,-0.0,-0.0
2040-01-23 05:00:00,0.0,4.536391482415929,-0.0,41.79337436525052,-0.0,-0.0,-0.0,-0.0,-0.0
2040-01-23 06:00:00,0.0,4.4587357931183975,-0.0,40.52341269869209,-0.0,-0.0,-0.0,-0.0,-0.0
2040-01-23 07:00:00,0.0,4.4017905152629275,-0.0,39.31979571299911,-0.0,-0.0,-0.0,-0.0,-0.0
2040-01-23 08:00:00,0.0,4.299742143540434,-0.0,39.45286529810773,-0.0,-0.0,-0.0,-0.0,-0.0
2040-01-23 09:00:00,0.0,4.115350464788775,-0.0,37.30245035915701,-0.0,-0.0,-0.0,-0.0,-0.0
2040-01-23 10:00:00,0.0,4.112260186196221,-0.0,36.073189656165724,-0.0,-0.0,-0.0,-0.0,-0.0
2040-01-23 11:00:00,0.0,3.9308055548486656,-0.0,34.937464929015626,-0.0,-0.0,-0.0,-0.0,-0.0
2040-01-23 12:00:00,0.0,4.015209632800197,-0.0,34.65656940415366,-0.0,-0.0,-0.0,-0.0,-0.0
2040-01-23 13:00:00,0.0,3.9568041992555973,-0.0,34.93028541290947,-0.0,-0.0,-0.0,-0.0,-0.0
2040-01-23 14:00:00,0.0,4.029662710218434,-0.0,35.28063472426284,-0.0,-0.0,-0.0,-0.0,-0.0
2040-01-23 15:00:00,0.0,3.9623031151288757,-0.0,34.79657118567069,-0.0,-0.0,-0.0,-0.0,-0.0
2040-01-23 16:00:00,0.0,4.026850033225985,-0.0,35.585568349641164,-0.0,-0.0,-0.0,-0.0,-0.0
2040-01-23 17:00:00,0.0,4.16100340867061,-0.0,36.74157652712679,-0.0,-0.0,-0.0,-0.0,-0.0
2040-01-23 18:00:00,0.0,4.2515984335000345,-0.0,37.38903997567304,-0.0,-0.0,-0.0,-0.0,-0.0
2040-01-23 19:00:00,0.0,4.448186630310974,-0.0,40.054449788890686,-0.0,-0.0,-0.0,-0.0,-0.0
2040-01-23 20:00:00,0.0,4.452847267641276,-0.0,39.74230172031259,-0.0,-0.0,-0.0,-0.0,-0.0
2040-01-23 21:00:00,0.0,4.7144577625127395,-0.0,41.76674825290665,-0.0,-0.0,-0.0,-0.0,-0.0
2040-01-23 22:00:00,0.0,4.631674215922673,-0.0,43.17785779155352,-0.0,-0.0,-0.0,-0.0,-0.0
2040-01-23 23:00:00,0.0,4.807167227978241,-0.0,42.5264615596449,-0.0,-0.0,-0.0,-0.0,-0.0
2040-01-24 00:00:00,0.0,4.839316123437954,-0.0,43.07691994533842,-0.0,-0.0,-0.0,-0.0,-0.0
2040-01-24 01:00:00,0.0,4.875760456805806,-0.0,43.805560220600434,-0.0,-0.0,-0.0,-0.0,-0.0
2040-01-24 02:00:00,0.0,4.859327074215018,-0.0,44.14544850990139,-0.0,-0.0,-0.0,-0.0,-0.0
2040-01-24 03:00:00,0.0,4.925097384577896,-0.0,43.544568291968595,-0.0,-0.0,-0.0,-0.0,-0.0
2040-01-24 04:00:00,0.0,4.593363990946011,-0.0,42.44670296805743,-0.0,-0.0,-0.0,-0.0,-0.0
2040-01-24 05:00:00,0.0,4.614394501538221,-0.0,42.4810388187399,-0.0,-0.0,-0.0,-0.0,-0.0
2040-01-24 06:00:00,0.0,4.489881386737075,-0.0,40.022071480675685,-0.0,-0.0,-0.0,-0.0,-0.0
2040-01-24 07:00:00,0.0,4.402363494597249,-0.0,38.79087266589793,-0.0,-0.0,-0.0,-0.0,-0.0
2040-01-24 08:00:00,0.0,4.3002688219811045,-0.0,38.51214191443465,-0.0,-0.0,-0.0,-0.0,-0.0
2040-01-24 09:00:00,0.0,4.148938603694489,-0.0,36.992070894151254,-0.0,-0.0,-0.0,-0.0,-0.0
2040-01-24 10:00:00,0.0,4.184058391144094,-0.0,36.68421806608315,-0.0,-0.0,-0.0,-0.0,-0.0
2040-01-24 11:00:00,0.0,4.038455498421979,-0.0,35.94566572051095,-0.0,-0.0,-0.0,-0.0,-0.0
2040-01-24 12:00:00,0.0,4.122006609212582,-0.0,34.269169094713654,-0.0,-0.0,-0.0,-0.0,-0.0
2040-01-24 13:00:00,0.0,3.9006084929083262,-0.0,33.30347657742701,-0.0,-0.0,-0.0,-0.0,-0.0
2040-01-24 14:00:00,0.0,4.049242099039019,-0.0,35.20686205199124,-0.0,-0.0,-0.0,-0.0,-0.0
2040-01-24 15:00:00,0.0,3.9717913053477805,-0.0,35.18049210787727,-0.0,-0.0,-0.0,-0.0,-0.0
2040-01-24 16:00:00,0.0,4.166546371707417,-0.0,36.24563705525913,-0.0,-0.0,-0.0,-0.0,-0.0
2040-01-24 17:00:00,0.0,4.123080972219053,-0.0,36.302772197222055,-0.0,-0.0,-0.0,-0.0,-0.0
2040-01-24 18:00:00,0.0,4.3654254307419675,-0.0,38.67770494567177,-0.0,-0.0,-0.0,-0.0,-0.0
2040-01-24 19:00:00,0.0,4.43105538722273,-0.0,39.131988810730185,-0.0,-0.0,-0.0,-0.0,-0.0
2040-01-24 20:00:00,0.0,4.524812114704102,-0.0,40.859351695606286,-0.0,-0.0,-0.0,-0.0,-0.0
2040-01-24 21:00:00,0.0,4.546767029785993,-0.0,42.16584438759375,-0.0,-0.0,-0.0,-0.0,-0.0
2040-01-24 22:00:00,0.0,4.834556885837155,-0.0,42.73431817521438,-0.0,-0.0,-0.0,-0.0,-0.0
2040-01-24 23:00:00,0.0,4.794384165210096,-0.0,43.20794133219338,-0.0,-0.0,-0.0,-0.0,-0.0
2040-01-25 00:00:00,0.0,4.840366992241592,-0.0,43.215343094305624,-0.0,-0.0,-0.0,-0.0,-0.0
2040-01-25 01:00:00,0.0,4.807191110392202,-0.0,45.94613162379144,-0.0,-0.0,-0.0,-0.0,-0.0
2040-01-25 02:00:00,0.0,4.899510321289704,-0.0,42.75281736957269,-0.0,-0.0,-0.0,-0.0,-0.0
2040-01-25 03:00:00,0.0,4.860160495558473,-0.0,43.89073088315369,-0.0,-0.0,-0.0,-0.0,-0.0
2040-01-25 04:00:00,0.0,4.747312216376329,-0.0,41.443363036431016,-0.0,-0.0,-0.0,-0.0,-0.0
2040-01-25 05:00:00,0.0,4.711271932943458,-0.0,41.065760304315134,-0.0,-0.0,-0.0,-0.0,-0.0
2040-01-25 06:00:00,0.0,4.615801644648786,-0.0,41.570321043950486,-0.0,-0.0,-0.0,-0.0,-0.0
2040-01-25 07:00:00,0.0,4.342546665036141,-0.0,38.70260397391215,-0.0,-0.0,-0.0,-0.0,-0.0
2040-01-25 08:00:00,0.0,4.325175488863074,-0.0,38.82090145502707,-0.0,-0.0,-0.0,-0.0,-0.0
2040-01-25 09:00:00,0.0,4.2416360265388215,-0.0,36.76727649365522,-0.0,-0.0,-0.0,-0.0,-0.0
2040-01-25 10:00:00,0.0,4.018175836374146,-0.0,36.48298839661092,-0.0,-0.0,-0.0,-0.0,-0.0
2040-01-25 11:00:00,0.0,4.096985758621982,-0.0,34.46086693893184,-0.0,-0.0,-0.0,-0.0,-0.0
2040-01-25 12:00:00,0.0,4.01043231956404,-0.0,34.13851714435097,-0.0,-0.0,-0.0,-0.0,-0.0
2040-01-25 13:00:00,0.0,3.9708599172265946,-0.0,35.53974562078082,-0.0,-0.0,-0.0,-0.0,-0.0
2040-01-25 14:00:00,0.0,3.871904407624315,-0.0,34.89728886099291,-0.0,-0.0,-0.0,-0.0,-0.0
2040-01-25 15:00:00,0.0,3.998563049915489,-0.0,34.593474750594595,-0.0,-0.0,-0.0,-0.0,-0.0
2040-01-25 16:00:00,0.0,4.077774545461229,-0.0,35.67328426703666,-0.0,-0.0,-0.0,-0.0,-0.0
2040-01-25 17:00:00,0.0,4.330077925245022,-0.0,35.28392626323426,-0.0,-0.0,-0.0,-0.0,-0.0
2040-01-25 18:00:00,0.0,4.26435364156796,-0.0,37.821428888522725,-0.0,-0.0,-0.0,-0.0,-0.0
2040-01-25 19:00:00,0.0,4.3435281483329256,-0.0,38.27648633433837,-0.0,-0.0,-0.0,-0.0,-0.0
2040-01-25 20:00:00,0.0,4.539858800425304,-0.0,39.7813821081319,-0.0,-0.0,-0.0,-0.0,-0.0
2040-01-25 21:00:00,0.0,4.570258049250699,-0.0,42.616543623480865,-0.0,-0.0,-0.0,-0.0,-0.0
2040-01-25 22:00:00,0.0,4.724217857788509,-0.0,42.11918590650834,-0.0,-0.0,-0.0,-0.0,-0.0
2040-01-25 23:00:00,0.0,4.887956298366758,-0.0,42.87816986706517,-0.0,-0.0,-0.0,-0.0,-0.0
2040-01-26 00:00:00,0.0,4.8047900417625184,-0.0,42.83944778610675,-0.0,-0.0,-0.0,-0.0,-0.0
2040-01-26 01:00:00,0.0,4.824601661390548,-0.0,44.38235449786562,-0.0,-0.0,-0.0,-0.0,-0.0
2040-01-26 02:00:00,0.0,4.912786757950667,-0.0,44.23302579999349,-0.0,-0.0,-0.0,-0.0,-0.0
2040-01-26 03:00:00,0.0,4.872124073199308,-0.0,42.70083842447927,-0.0,-0.0,-0.0,-0.0,-0.0
2040-01-26 04:00:00,0.0,4.651829357490119,-0.0,41.21014282620138,-0.0,-0.0,-0.0,-0.0,-0.0
2040-01-26 05:00:00,0.0,4.660037370253432,-0.0,41.44489757271874,-0.0,-0.0,-0.0,-0.0,-0.0
2040-01-26 06:00:00,0.0,4.553616549445297,-0.0,40.575702409731996,-0.0,-0.0,-0.0,-0.0,-0.0
2040-01-26 07:00:00,0.0,4.447433892569829,-0.0,37.9169233888179,-0.0,-0.0,-0.0,-0.0,-0.0
2040-01-26 08:00:00,0.0,4.353130962514214,-0.0,38.88805040554342,-0.0,-0.0,-0.0,-0.0,-0.0
2040-01-26 09:00:00,0.0,4.306743203037567,-0.0,36.46614555490134,-0.0,-0.0,-0.0,-0.0,-0.0
2040-01-26 10:00:00,0.0,4.071550873468678,-0.0,36.02211432731484,-0.0,-0.0,-0.0,-0.0,-0.0
2040-01-26 11:00:00,0.0,4.020519619749093,-0.0,34.75724771842705,-0.0,-0.0,-0.0,-0.0,-0.0
2040-01-26 12:00:00,0.0,3.9521059892156827,-0.0,34.28670369468941,-0.0,-0.0,-0.0,-0.0,-0.0
2040-01-26 13:00:00,0.0,3.952945616024938,-0.0,35.18180168458481,-0.0,-0.0,-0.0,-0.0,-0.0
2040-01-26 14:00:00,0.0,3.8414487481275876,-0.0,34.70302712966889,-0.0,-0.0,-0.0,-0.0,-0.0
2040-01-26 15:00:00,0.0,4.108717619028711,-0.0,34.38552532816352,-0.0,-0.0,-0.0,-0.0,-0.0
2040-01-26 16:00:00,0.0,4.141681154608364,-0.0,36.24495822882305,-0.0,-0.0,-0.0,-0.0,-0.0
2040-01-26 17:00:00,0.0,4.221019782450082,-0.0,37.51089536783449,-0.0,-0.0,-0.0,-0.0,-0.0
2040-01-26 18:00:00,0.0,4.309064858033551,-0.0,37.95318411175777,-0.0,-0.0,-0.0,-0.0,-0.0
2040-01-26 19:00:00,0.0,4.3293593701395645,-0.0,39.91848431155299,-0.0,-0.0,-0.0,-0.0,-0.0
2040-01-26 20:00:00,0.0,4.5774063871801705,-0.0,39.83738201819428,-0.0,-0.0,-0.0,-0.0,-0.0
2040-01-26 21:00:00,0.0,4.484168501427875,-0.0,42.1148486481585,-0.0,-0.0,-0.0,-0.0,-0.0
2040-01-26 22:00:00,0.0,4.826588094974731,-0.0,42.78903242552833,-0.0,-0.0,-0.0,-0.0,-0.0
2040-01-26 23:00:00,0.0,4.614315136549025,-0.0,43.20380135232178,-0.0,-0.0,-0.0,-0.0,-0.0
2040-01-27 00:00:00,0.0,4.866142982236093,-0.0,44.82081395070888,-0.0,-0.0,-0.0,-0.0,-0.0
2040-01-27 01:00:00,0.0,4.800179604890899,-0.0,44.377705067414794,-0.0,-0.0,-0.0,-0.0,-0.0
2040-01-27 02:00:00,0.0,4.854373134915528,-0.0,43.501441983671185,-0.0,-0.0,-0.0,-0.0,-0.0
2040-01-27 03:00:00,0.0,4.825374174737615,-0.0,43.687652321276744,-0.0,-0.0,-0.0,-0.0,-0.0
2040-01-27 04:00:00,0.0,4.756138960191336,-0.0,42.05622098284373,-0.0,-0.0,-0.0,-0.0,-0.0
2040-01-27 05:00:00,0.0,4.654464206431591,-0.0,41.9717114629126,-0.0,-0.0,-0.0,-0.0,-0.0
2040-01-27 06:00:00,0.0,4.600116333558415,-0.0,41.47729118373199,-0.0,-0.0,-0.0,-0.0,-0.0
2040-01-27 07:00:00,0.0,4.388287640982504,-0.0,40.08516255853013,-0.0,-0.0,-0.0,-0.0,-0.0
2040-01-27 08:00:00,0.0,4.353266014442203,-0.0,37.64863954511315,-0.0,-0.0,-0.0,-0.0,-0.0
2040-01-27 09:00:00,0.0,4.166718535751373,-0.0,36.77250017799467,-0.0,-0.0,-0.0,-0.0,-0.0
2040-01-27 10:00:00,0.0,4.143727699508001,-0.0,36.447661178382184,-0.0,-0.0,-0.0,-0.0,-0.0
2040-01-27 11:00:00,0.0,3.89477356692127,-0.0,35.490627161235636,-0.0,-0.0,-0.0,-0.0,-0.0
2040-01-27 12:00:00,0.0,3.983422977152903,-0.0,34.3362840772892,-0.0,-0.0,-0.0,-0.0,-0.0
2040-01-27 13:00:00,0.0,3.9824847570678474,-0.0,34.784150525007504,-0.0,-0.0,-0.0,-0.0,-0.0
2040-01-27 14:00:00,0.0,4.054428556894901,-0.0,35.10501421379335,-0.0,-0.0,-0.0,-0.0,-0.0
2040-01-27 15:00:00,0.0,4.000134909488958,-0.0,36.180374355639934,-0.0,-0.0,-0.0,-0.0,-0.0
2040-01-27 16:00:00,0.0,4.142175685360638,-0.0,36.18647701909596,-0.0,-0.0,-0.0,-0.0,-0.0
2040-01-27 17:00:00,0.0,4.149888976530754,-0.0,36.857836027893676,-0.0,-0.0,-0.0,-0.0,-0.0
2040-01-27 18:00:00,0.0,4.271921362233578,-0.0,37.31202196018384,-0.0,-0.0,-0.0,-0.0,-0.0
2040-01-27 19:00:00,0.0,4.363317788059111,-0.0,38.25883458959084,-0.0,-0.0,-0.0,-0.0,-0.0
2040-01-27 20:00:00,0.0,4.554257048024359,-0.0,41.148500031279895,-0.0,-0.0,-0.0,-0.0,-0.0
2040-01-27 21:00:00,0.0,4.703046440880591,-0.0,41.695655152134236,-0.0,-0.0,-0.0,-0.0,-0.0
2040-01-27 22:00:00,0.0,4.844609349717999,-0.0,42.31426888288047,-0.0,-0.0,-0.0,-0.0,-0.0
2040-01-27 23:00:00,0.0,4.851356131215705,-0.0,44.07114295568921,-0.0,-0.0,-0.0,-0.0,-0.0
2040-01-28 00:00:00,0.0,4.810111852509582,-0.0,41.73149597648511,-0.0,-0.0,-0.0,-0.0,-0.0
2040-01-28 01:00:00,0.0,4.646459472154596,-0.0,41.27105397286918,-0.0,-0.0,-0.0,-0.0,-0.0
2040-01-28 02:00:00,0.0,4.697994178894463,-0.0,41.79176360338451,-0.0,-0.0,-0.0,-0.0,-0.0
2040-01-28 03:00:00,0.0,4.582943724515249,-0.0,40.464285272116335,-0.0,-0.0,-0.0,-0.0,-0.0
2040-01-28 04:00:00,0.0,4.6089912024107464,-0.0,40.67110101952678,-0.0,-0.0,-0.0,-0.0,-0.0
2040-01-28 05:00:00,0.0,4.593924770343913,-0.0,39.5976222799773,-0.0,-0.0,-0.0,-0.0,-0.0
2040-01-28 06:00:00,0.0,4.37455237102873,-0.0,37.87710564837785,-0.0,-0.0,-0.0,-0.0,-0.0
2040-01-28 07:00:00,0.0,4.331178113956947,-0.0,36.849410756290055,-0.0,-0.0,-0.0,-0.0,-0.0
2040-01-28 08:00:00,0.0,4.073565320555605,-0.0,35.364325649738134,-0.0,-0.0,-0.0,-0.0,-0.0
2040-01-28 09:00:00,0.0,4.022653133919559,-0.0,35.380947063563895,-0.0,-0.0,-0.0,-0.0,-0.0
2040-01-28 10:00:00,0.0,3.8668542356697397,-0.0,33.781003837830134,-0.0,-0.0,-0.0,-0.0,-0.0
2040-01-28 11:00:00,0.0,3.916040005655861,-0.0,32.68743910417871,-0.0,-0.0,-0.0,-0.0,-0.0
2040-01-28 12:00:00,0.0,3.780400601599998,-0.0,33.17191247713248,-0.0,-0.0,-0.0,-0.0,-0.0
2040-01-28 13:00:00,0.0,3.809308859080717,-0.0,32.92865860652196,-0.0,-0.0,-0.0,-0.0,-0.0
2040-01-28 14:00:00,0.0,3.871857500563889,-0.0,32.854885184440334,-0.0,-0.0,-0.0,-0.0,-0.0
2040-01-28 15:00:00,0.0,3.9298668027485384,-0.0,33.423823522120024,-0.0,-0.0,-0.0,-0.0,-0.0
2040-01-28 16:00:00,0.0,3.893949617058734,-0.0,33.66750886194456,-0.0,-0.0,-0.0,-0.0,-0.0
2040-01-28 17:00:00,0.0,4.060577977497628,-0.0,34.50647088618484,-0.0,-0.0,-0.0,-0.0,-0.0
2040-01-28 18:00:00,0.0,4.172920851795971,-0.0,36.47103695865778,-0.0,-0.0,-0.0,-0.0,-0.0
2040-01-28 19:00:00,0.0,4.239085155283053,-0.0,36.27669688089499,-0.0,-0.0,-0.0,-0.0,-0.0
2040-01-28 20:00:00,0.0,4.385057315461929,-0.0,37.14035612181642,-0.0,-0.0,-0.0,-0.0,-0.0
2040-01-28 21:00:00,0.0,4.556659346927481,-0.0,38.36976491905141,-0.0,-0.0,-0.0,-0.0,-0.0
2040-01-28 22:00:00,0.0,4.452873842554134,-0.0,40.61277538782556,-0.0,-0.0,-0.0,-0.0,-0.0
2040-01-28 23:00:00,0.0,4.636722189800914,-0.0,40.037148543144475,-0.0,-0.0,-0.0,-0.0,-0.0
2040-01-29 00:00:00,0.0,4.542826742915597,-0.0,40.91627103166809,-0.0,-0.0,-0.0,-0.0,-0.0
2040-01-29 01:00:00,0.0,4.651292682271939,-0.0,40.83035195817035,-0.0,-0.0,-0.0,-0.0,-0.0
2040-01-29 02:00:00,0.0,4.724069167928689,-0.0,40.55349495153053,-0.0,-0.0,-0.0,-0.0,-0.0
2040-01-29 03:00:00,0.0,4.654688378874756,-0.0,40.710175210547646,-0.0,-0.0,-0.0,-0.0,-0.0
2040-01-29 04:00:00,0.0,4.507776631005984,-0.0,39.97147202874108,-0.0,-0.0,-0.0,-0.0,-0.0
2040-01-29 05:00:00,0.0,4.565837383757367,-0.0,40.654747651853214,-0.0,-0.0,-0.0,-0.0,-0.0
2040-01-29 06:00:00,0.0,4.29952587400953,-0.0,37.86120233814165,-0.0,-0.0,-0.0,-0.0,-0.0
2040-01-29 07:00:00,0.0,4.203327182439211,-0.0,37.14432032041108,-0.0,-0.0,-0.0,-0.0,-0.0
2040-01-29 08:00:00,0.0,4.097910137329006,-0.0,37.130096513646905,-0.0,-0.0,-0.0,-0.0,-0.0
2040-01-29 09:00:00,0.0,4.101097076145847,-0.0,35.77988434034297,-0.0,-0.0,-0.0,-0.0,-0.0
2040-01-29 10:00:00,0.0,4.0022311337299215,-0.0,34.37122572268394,-0.0,-0.0,-0.0,-0.0,-0.0
2040-01-29 11:00:00,0.0,3.888329624443925,-0.0,33.79119105216844,-0.0,-0.0,-0.0,-0.0,-0.0
2040-01-29 12:00:00,0.0,3.81337980692575,-0.0,32.779587033665585,-0.0,-0.0,-0.0,-0.0,-0.0
2040-01-29 13:00:00,0.0,3.843191303884961,-0.0,33.17323042136078,-0.0,-0.0,-0.0,-0.0,-0.0
2040-01-29 14:00:00,0.0,3.8571781261807963,-0.0,33.001720810244095,-0.0,-0.0,-0.0,-0.0,-0.0
2040-01-29 15:00:00,0.0,3.8631033422304024,-0.0,32.765459146087494,-0.0,-0.0,-0.0,-0.0,-0.0
2040-01-29 16:00:00,0.0,3.974241712868943,-0.0,35.01618899954787,-0.0,-0.0,-0.0,-0.0,-0.0
2040-01-29 17:00:00,0.0,3.985421653567844,-0.0,34.80715819416001,-0.0,-0.0,-0.0,-0.0,-0.0
2040-01-29 18:00:00,0.0,4.165748694350101,-0.0,36.30195227131644,-0.0,-0.0,-0.0,-0.0,-0.0
2040-01-29 19:00:00,0.0,4.176823067825067,-0.0,36.640004399762375,-0.0,-0.0,-0.0,-0.0,-0.0
2040-01-29 20:00:00,0.0,4.3555637781058065,-0.0,37.35462156932129,-0.0,-0.0,-0.0,-0.0,-0.0
2040-01-29 21:00:00,0.0,4.503759689080901,-0.0,38.04660902595564,-0.0,-0.0,-0.0,-0.0,-0.0
2040-01-29 22:00:00,0.0,4.541062303057658,-0.0,37.78180808041424,-0.0,-0.0,-0.0,-0.0,-0.0
2040-01-29 23:00:00,0.0,4.608293507237999,-0.0,41.24173123460896,-0.0,-0.0,-0.0,-0.0,-0.0
2040-01-30 00:00:00,0.0,4.777257848414957,-0.0,42.36754032744792,-0.0,-0.0,-0.0,-0.0,-0.0
2040-01-30 01:00:00,0.0,4.790065691015318,-0.0,43.45796034112834,-0.0,-0.0,-0.0,-0.0,-0.0
2040-01-30 02:00:00,0.0,4.7770916617216495,-0.0,43.71323169643739,-0.0,-0.0,-0.0,-0.0,-0.0
2040-01-30 03:00:00,0.0,4.879419850175132,-0.0,42.256745694770224,-0.0,-0.0,-0.0,-0.0,-0.0
2040-01-30 04:00:00,0.0,4.686196436454426,-0.0,42.14662561521002,-0.0,-0.0,-0.0,-0.0,-0.0
2040-01-30 05:00:00,0.0,4.507459832727359,-0.0,41.76750614072459,-0.0,-0.0,-0.0,-0.0,-0.0
2040-01-30 06:00:00,0.0,4.644931322846053,-0.0,40.44601773262272,-0.0,-0.0,-0.0,-0.0,-0.0
2040-01-30 07:00:00,0.0,4.440280071588291,-0.0,39.72663949972463,-0.0,-0.0,-0.0,-0.0,-0.0
2040-01-30 08:00:00,0.0,4.226449533015582,-0.0,36.24543494000397,-0.0,-0.0,-0.0,-0.0,-0.0
2040-01-30 09:00:00,0.0,4.202575026091044,-0.0,37.38182644318935,-0.0,-0.0,-0.0,-0.0,-0.0
2040-01-30 10:00:00,0.0,4.113642886991157,-0.0,36.58610611480724,-0.0,-0.0,-0.0,-0.0,-0.0
2040-01-30 11:00:00,0.0,4.031702165426113,-0.0,34.45900548399936,-0.0,-0.0,-0.0,-0.0,-0.0
2040-01-30 12:00:00,0.0,3.9415557148696636,-0.0,35.25737771268653,-0.0,-0.0,-0.0,-0.0,-0.0
2040-01-30 13:00:00,0.0,3.9663840371542496,-0.0,34.428259312116666,-0.0,-0.0,-0.0,-0.0,-0.0
2040-01-30 14:00:00,0.0,4.030705276794471,-0.0,34.722855399714376,-0.0,-0.0,-0.0,-0.0,-0.0
2040-01-30 15:00:00,0.0,4.080048552998586,-0.0,35.68973026526455,-0.0,-0.0,-0.0,-0.0,-0.0
2040-01-30 16:00:00,0.0,4.114097994546345,-0.0,35.09839855085255,-0.0,-0.0,-0.0,-0.0,-0.0
2040-01-30 17:00:00,0.0,4.1592143889293665,-0.0,37.49370381659147,-0.0,-0.0,-0.0,-0.0,-0.0
2040-01-30 18:00:00,0.0,4.347190840127212,-0.0,37.665665755540765,-0.0,-0.0,-0.0,-0.0,-0.0
2040-01-30 19:00:00,0.0,4.41845206045475,-0.0,39.85010270623112,-0.0,-0.0,-0.0,-0.0,-0.0
2040-01-30 20:00:00,0.0,4.451619721212158,-0.0,40.370954296325415,-0.0,-0.0,-0.0,-0.0,-0.0
2040-01-30 21:00:00,0.0,4.662982287343866,-0.0,41.850494446871025,-0.0,-0.0,-0.0,-0.0,-0.0
2040-01-30 22:00:00,0.0,4.790366301856972,-0.0,42.01989045118928,-0.0,-0.0,-0.0,-0.0,-0.0
2040-01-30 23:00:00,0.0,4.865963077261239,-0.0,43.35198091077195,-0.0,-0.0,-0.0,-0.0,-0.0
2040-01-31 00:00:00,15.780214609314152,-1.7600894526525395e-16,-0.0,38.04790561039146,-0.0,-0.0,-0.0,-0.0,-0.0
2040-01-31 01:00:00,16.63128261440001,-4.672429957016374e-18,-0.0,38.556597536964006,-0.0,-0.0,-0.0,-0.0,-0.0
2040-01-31 02:00:00,16.581825047196116,-2.411539490113717e-16,-0.0,37.857698806830136,-0.0,-0.0,-0.0,-0.0,-0.0
2040-01-31 03:00:00,16.100618246616385,4.729504325461273e-16,-0.0,38.47775642305993,-0.0,-0.0,-0.0,-0.0,-0.0
2040-01-31 04:00:00,16.095838820566797,-4.74404506941708e-16,-0.0,37.11384593065001,-0.0,-0.0,-0.0,-0.0,-0.0
2040-01-31 05:00:00,15.710001573074589,-2.3470115904884895e-16,-0.0,38.722419189477094,-0.0,-0.0,-0.0,-0.0,-0.0
2040-01-31 06:00:00,15.104972586853588,6.624533611638928e-18,-0.0,35.353243693174456,-0.0,-0.0,-0.0,-0.0,5.563085535835936e-13
2040-01-31 07:00:00,15.169044185971844,6.536220316120968e-17,-0.0,33.39278259061008,-0.0,-0.0,-0.0,-0.0,-0.0
2040-01-31 08:00:00,14.262892061843885,2.497047601147004e-16,-0.0,34.56380798017821,-0.0,-0.0,-0.0,-0.0,-0.0
2040-01-31 09:00:00,14.298076614762866,2.4944434210962175e-16,-0.0,21.036434614452556,-0.0,-0.0,-0.0,-0.0,-0.0
2040-01-31 10:00:00,8.430569756933366,1.579737831910141,-0.0,33.82876736841738,-0.0,-0.0,-0.0,-0.0,-5.426264526021829e-13
2040-01-31 11:00:00,13.88675038720838,1.3406497847269305e-16,-0.0,31.3067283150965,-0.0,-0.0,-0.0,-0.0,-0.0
2040-01-31 12:00:00,13.449645576554484,1.8876414679092185e-17,-0.0,30.36716260549716,-0.0,-0.0,-0.0,-0.0,-0.0
2040-01-31 13:00:00,0.0,3.940512217882446,-0.0,34.28313943492564,-0.0,-0.0,-0.0,-0.0,-0.0
2040-01-31 14:00:00,13.082661295596761,-2.1525493458497606e-16,-0.0,30.185882941185007,-0.0,-0.0,-0.0,-0.0,-0.0
2040-01-31 15:00:00,0.0,4.025677745198657,-0.0,36.17630004638291,-0.0,-0.0,-0.0,-0.0,-0.0
2040-01-31 16:00:00,14.091223304620367,1.4127785573855913e-17,-0.0,32.35054671441712,-0.0,-0.0,-0.0,-0.0,-0.0
2040-01-31 17:00:00,14.216706614050072,2.500466010983225e-16,-0.0,31.939531510231745,-0.0,-0.0,-0.0,-0.0,-0.0
2040-01-31 18:00:00,0.0,4.315630508749835,-0.0,38.783392219610484,-0.0,-0.0,-0.0,-0.0,-0.0
2040-01-31 19:00:00,0.0,4.539989198583025,-0.0,39.83753018012348,-0.0,-0.0,-4.184209798911035e-14,-0.0,-4.2723561502895296e-14
2040-01-31 20:00:00,0.0,4.529052337562964,-0.0,39.33515964454776,-0.0,-0.0,-0.0,-0.0,-0.0
2040-01-31 21:00:00,0.0,4.714783550833194,-0.0,41.093260212249625,-0.0,-0.0,-0.0,-0.0,-0.0
2040-01-31 22:00:00,0.0,4.604400446922507,-0.0,42.75556433995394,-0.0,-0.0,-0.0,-0.0,-0.0
2040-01-31 23:00:00,0.0,4.859191733833418,-0.0,43.58927806860822,-0.0,-0.0,-0.0,-0.0,-0.0
2040-02-01 00:00:00,0.0,4.839074241776076,-0.0,45.38069288890671,-0.0,-0.0,-0.0,-0.0,-0.0
2040-02-01 01:00:00,0.0,4.892987878983784,-0.0,43.98106999838157,-0.0,-0.0,-0.0,-0.0,-0.0
2040-02-01 02:00:00,0.0,5.002300804144077,-0.0,44.68653154874146,-0.0,-0.0,-0.0,-0.0,-0.0
2040-02-01 03:00:00,0.0,4.879594370899889,-0.0,43.03515616839051,-0.0,-0.0,-0.0,-0.0,-0.0
2040-02-01 04:00:00,0.0,4.853706548266831,-0.0,42.630035220200455,-0.0,-0.0,-0.0,-0.0,-0.0
2040-02-01 05:00:00,0.0,4.795779380256061,-0.0,41.795011589948075,-0.0,-0.0,-5.5671427101905133e-14,-0.0,-0.0
2040-02-01 06:00:00,0.0,4.6181079626614805,-0.0,40.557825339423545,-0.0,-0.0,-0.0,-0.0,-0.0
2040-02-01 07:00:00,0.0,4.386615440391366,-0.0,39.42829284615089,-0.0,-0.0,-0.0,-0.0,-0.0
2040-02-01 08:00:00,0.0,4.492022764190698,-0.0,38.363488941560824,-0.0,-0.0,-0.0,-0.0,-0.0
2040-02-01 09:00:00,0.0,4.241404729031073,-0.0,35.97857841115136,-0.0,-0.0,-0.0,-0.0,-0.0
2040-02-01 10:00:00,0.0,4.097512869236318,-0.0,36.47821082564713,-0.0,-0.0,-0.0,-0.0,-0.0
2040-02-01 11:00:00,0.0,4.133859367011472,-0.0,34.69497631891256,-0.0,-0.0,-0.0,-0.0,-0.0
2040-02-01 12:00:00,0.0,4.117545310514386,-0.0,35.47670544908398,-0.0,-0.0,-0.0,-0.0,-0.0
2040-02-01 13:00:00,0.0,3.967160942276968,-0.0,35.07234656991348,-0.0,-0.0,-0.0,-0.0,5.448320148330229e-13
2040-02-01 14:00:00,0.0,4.080746309429585,-0.0,35.36113826374554,-0.0,-0.0,-0.0,-0.0,-0.0
2040-02-01 15:00:00,0.0,4.126412689121621,-0.0,35.02862964391446,-0.0,-0.0,-0.0,-0.0,-0.0
2040-02-01 16:00:00,0.0,4.159290251961036,-0.0,36.28243494361685,-0.0,-0.0,-0.0,-0.0,-0.0
2040-02-01 17:00:00,0.0,4.288199615228,-0.0,37.567824137615666,-0.0,-0.0,-0.0,-0.0,-0.0
2040-02-01 18:00:00,0.0,4.358636045381182,-0.0,37.81860090748993,-0.0,-0.0,-0.0,-0.0,-0.0
2040-02-01 19:00:00,0.0,4.405416066718857,-0.0,38.27996035588011,-0.0,-0.0,-0.0,-0.0,-0.0
2040-02-01 20:00:00,0.0,4.688875821543746,-0.0,41.91435842569006,-0.0,-0.0,-0.0,-0.0,-0.0
2040-02-01 21:00:00,0.0,4.536502961593095,-0.0,41.36244766745943,-0.0,-0.0,-0.0,-0.0,-0.0
2040-02-01 22:00:00,0.0,4.759965014096644,-0.0,42.254520635620224,-0.0,-0.0,-0.0,-0.0,-0.0
2040-02-01 23:00:00,0.0,4.700467333851878,-0.0,42.466967911474626,-0.0,-0.0,-0.0,-0.0,-0.0
2040-02-02 00:00:00,0.0,4.872406597610763,-0.0,42.88467584237701,-0.0,-0.0,-0.0,-0.0,-0.0
2040-02-02 01:00:00,0.0,4.976900849004994,-0.0,41.99710372722304,-0.0,-0.0,-0.0,-0.0,-0.0
2040-02-02 02:00:00,0.0,4.945211343267258,-0.0,43.0798557642503,-0.0,-0.0,-0.0,-0.0,-0.0
2040-02-02 03:00:00,0.0,4.902372255416579,-0.0,42.62128646358218,-0.0,-0.0,-0.0,-0.0,-0.0
2040-02-02 04:00:00,0.0,4.850528033501922,-0.0,42.079058095367394,-0.0,-0.0,-0.0,-0.0,-0.0
2040-02-02 05:00:00,0.0,4.750807239240068,-0.0,43.20661260566915,-0.0,-0.0,-0.0,-0.0,-5.459748974263811e-13
2040-02-02 06:00:00,0.0,4.678817194687068,-0.0,40.60946781303108,-0.0,-0.0,-0.0,-0.0,-0.0
2040-02-02 07:00:00,0.0,4.41940597646826,-0.0,39.07563347580107,-0.0,-0.0,-0.0,-0.0,-0.0
2040-02-02 08:00:00,0.0,4.422435762284729,-0.0,38.321438198276624,-0.0,-0.0,-0.0,-0.0,-0.0
2040-02-02 09:00:00,0.0,4.2155016621844075,-0.0,36.546153387170406,-0.0,-0.0,-0.0,-0.0,-0.0
2040-02-02 10:00:00,0.0,4.084111054142824,-0.0,36.88690584532437,-0.0,-0.0,-0.0,-0.0,-0.0
2040-02-02 11:00:00,0.0,4.057117515774,-0.0,36.140631443622276,-0.0,-0.0,-0.0,-0.0,-0.0
2040-02-02 12:00:00,0.0,4.12106151673755,-0.0,34.54778675117949,-0.0,-0.0,-0.0,-0.0,-0.0
2040-02-02 13:00:00,0.0,4.087400178002716,-0.0,35.44922323894271,-0.0,-0.0,-0.0,-0.0,-0.0
2040-02-02 14:00:00,0.0,4.074621754216867,-0.0,35.44051064359114,-0.0,-0.0,-0.0,-0.0,-0.0
2040-02-02 15:00:00,0.0,4.122726494237516,-0.0,37.099947593872166,-0.0,-0.0,-0.0,-0.0,-0.0
2040-02-02 16:00:00,0.0,4.068018925440132,-0.0,36.86022084998868,-0.0,-0.0,-0.0,-0.0,-0.0
2040-02-02 17:00:00,0.0,4.122694683273472,-0.0,36.06527016621114,-0.0,-0.0,-0.0,-0.0,-0.0
2040-02-02 18:00:00,0.0,4.492302787474802,-0.0,38.08999771349785,-0.0,-0.0,-0.0,-0.0,-0.0
2040-02-02 19:00:00,0.0,4.424693579319233,-0.0,39.94929133573156,-0.0,-0.0,-0.0,-0.0,-0.0
2040-02-02 20:00:00,0.0,4.62682149289619,-0.0,41.087171594452464,-0.0,-0.0,-0.0,-0.0,-0.0
2040-02-02 21:00:00,0.0,4.677434327347339,-0.0,42.662781339490344,-0.0,-0.0,-0.0,-0.0,-0.0
2040-02-02 22:00:00,0.0,4.852801865551344,-0.0,42.67627141272288,-0.0,-0.0,5.4065625349642145e-14,-0.0,-0.0
2040-02-02 23:00:00,0.0,4.937686103792466,-0.0,43.73258209061937,-0.0,-0.0,-0.0,-0.0,-0.0
2040-02-03 00:00:00,0.0,4.952706019198419,-0.0,45.13487872752921,-0.0,-0.0,-0.0,-0.0,-0.0
2040-02-03 01:00:00,0.0,4.9579946148513,-0.0,44.60581599352604,-0.0,-0.0,-0.0,-0.0,-0.0
2040-02-03 02:00:00,0.0,4.876985264718107,-0.0,43.893133643754034,-0.0,-0.0,-0.0,-0.0,-0.0
2040-02-03 03:00:00,0.0,4.801758940685281,-0.0,45.26518634714518,-0.0,-0.0,-0.0,-0.0,-0.0
2040-02-03 04:00:00,0.0,4.847032169827881,-0.0,42.742138113907814,-0.0,-0.0,-0.0,-0.0,-0.0
2040-02-03 05:00:00,0.0,4.833815022506962,-0.0,42.04261321470002,-0.0,-0.0,-0.0,-0.0,-0.0
2040-02-03 06:00:00,0.0,4.601488523011712,-0.0,40.05807591730511,-0.0,-0.0,-0.0,-0.0,-0.0
2040-02-03 07:00:00,0.0,4.534168192571049,-0.0,39.711069884425335,-0.0,-0.0,-0.0,-0.0,-0.0
2040-02-03 08:00:00,0.0,4.317369064758424,-0.0,37.05151696213296,-0.0,-0.0,-0.0,-0.0,-0.0
2040-02-03 09:00:00,0.0,4.190491756280149,-0.0,38.09240008703705,-0.0,-0.0,-0.0,-0.0,-0.0
2040-02-03 10:00:00,0.0,4.281719315085641,-0.0,34.885647358617035,-0.0,-0.0,-0.0,-0.0,-0.0
2040-02-03 11:00:00,0.0,4.10263284949005,-0.0,36.00083692041542,-0.0,-0.0,-0.0,-0.0,-0.0
2040-02-03 12:00:00,0.0,4.038659978517666,-0.0,34.44378112128271,-0.0,-0.0,-0.0,-0.0,-0.0
2040-02-03 13:00:00,0.0,4.030431967346687,-0.0,35.03562367391944,-0.0,-0.0,-0.0,-0.0,-0.0
2040-02-03 14:00:00,0.0,4.0723067163341105,-0.0,35.9345903647378,-0.0,-0.0,-0.0,-0.0,-0.0
2040-02-03 15:00:00,0.0,4.002094302225175,-0.0,35.35245665959407,-0.0,-0.0,-0.0,-0.0,-0.0
2040-02-03 16:00:00,0.0,4.117716395416163,-0.0,36.44997710563437,-0.0,-0.0,-0.0,-0.0,-0.0
2040-02-03 17:00:00,0.0,4.293330068891954,-0.0,36.75293179033116,-0.0,-0.0,-0.0,-0.0,-0.0
2040-02-03 18:00:00,0.0,4.256333085622821,-0.0,37.93930686643184,-0.0,-0.0,-0.0,-0.0,-0.0
2040-02-03 19:00:00,0.0,4.605668819338361,-0.0,40.436254899770965,-0.0,-0.0,-0.0,-0.0,-0.0
2040-02-03 20:00:00,0.0,4.691793753999867,-0.0,40.22710809306628,-0.0,-0.0,-0.0,-0.0,-0.0
2040-02-03 21:00:00,0.0,4.615994825295809,-0.0,42.34350947825702,-0.0,-0.0,-0.0,-0.0,-0.0
2040-02-03 22:00:00,0.0,4.801397854568001,-0.0,42.89325467142699,-0.0,-0.0,-0.0,-0.0,-0.0
2040-02-03 23:00:00,0.0,4.846625335399667,-0.0,43.14921300949545,-0.0,-0.0,-0.0,-0.0,-0.0
2040-02-04 00:00:00,9.750738172062821,1.8041660934313657,-0.0,39.217389126089664,-0.0,-0.0,-0.0,-0.0,-0.0
2040-02-04 01:00:00,15.23881487289026,-2.3121367689257034e-16,-0.0,36.14631800631578,-0.0,-0.0,-0.0,-0.0,-0.0
2040-02-04 02:00:00,15.849996043022534,1.7874593625216682e-16,-0.0,36.95247531176875,-0.0,-0.0,-0.0,-0.0,-0.0
2040-02-04 03:00:00,15.36767924133602,2.415276923548147e-16,-0.0,35.35415103886926,-0.0,-0.0,-0.0,-0.0,-0.0
2040-02-04 04:00:00,0.0,4.71177821462328,-0.0,40.21752999759727,-0.0,-0.0,-0.0,-0.0,-0.0
2040-02-04 05:00:00,15.039903730645683,1.2552992918730921e-16,-0.0,33.97359151601621,-0.0,-0.0,-0.0,-0.0,-0.0
2040-02-04 06:00:00,0.0,4.445512430344082,-0.0,38.485303707340485,-0.0,-0.0,-0.0,-0.0,-0.0
2040-02-04 07:00:00,0.0,4.2785566932844254,-0.0,37.76387126932883,-0.0,-0.0,-0.0,-0.0,-0.0
2040-02-04 08:00:00,13.88273285981561,1.9330660879545818e-16,-0.0,32.51373445699441,-0.0,-0.0,-0.0,-0.0,-0.0
2040-02-04 09:00:00,14.00613909987399,-1.628781487452268e-16,-0.0,31.188436786384706,-0.0,-0.0,-0.0,-0.0,-0.0
2040-02-04 10:00:00,0.0,3.9896121769436643,-0.0,34.23326599503997,-0.0,-0.0,-0.0,-0.0,-0.0
2040-02-04 11:00:00,13.164944877949258,1.9861930709057317e-16,-0.0,29.207014423452147,-0.0,-0.0,-0.0,-0.0,-0.0
2040-02-04 12:00:00,0.0,3.919584028868161,-0.0,32.77883488450454,-0.0,-0.0,-0.0,-0.0,-0.0
2040-02-04 13:00:00,13.161513907476065,-3.8202877213352583e-17,-0.0,28.39542826561334,-0.0,-0.0,-0.0,-0.0,-0.0
2040-02-04 14:00:00,12.801549339288572,-1.539623934956959e-16,-0.0,30.27332151639646,-0.0,-0.0,-0.0,-0.0,-0.0
2040-02-04 15:00:00,0.0,3.9486779649991917,-0.0,33.36656851460721,-0.0,-0.0,-0.0,-0.0,-0.0
2040-02-04 16:00:00,13.479610873577341,1.962903108678205e-16,-0.0,30.012582644337883,-0.0,-0.0,-0.0,-0.0,-0.0
2040-02-04 17:00:00,0.0,4.034596798118835,-0.0,35.03355607157031,-0.0,-0.0,-0.0,-0.0,-0.0
2040-02-04 18:00:00,0.0,4.1773356646252395,-0.0,35.5192138618327,-0.0,-0.0,-0.0,-0.0,-0.0
2040-02-04 19:00:00,14.507618528818648,-4.816605284114501e-17,-0.0,33.96043703381312,-0.0,-0.0,-0.0,-0.0,-0.0
2040-02-04 20:00:00,0.0,4.501944640052401,-0.0,38.10301642808458,-0.0,-0.0,-0.0,-0.0,-0.0
2040-02-04 21:00:00,0.0,4.44839391173996,-0.0,38.62327986670063,-0.0,-0.0,-0.0,-0.0,-0.0
2040-02-04 22:00:00,15.61831144023964,-1.1559872644480358e-16,-0.0,36.945001694514524,-0.0,-0.0,-0.0,-0.0,-0.0
2040-02-04 23:00:00,15.309299562604393,1.8274789413146017e-16,-0.0,37.17435248536901,-0.0,-0.0,-0.0,-0.0,-0.0
2040-02-05 00:00:00,15.787527393029734,2.3842019178910355e-16,-0.0,37.21055289592611,-0.0,-0.0,-0.0,-0.0,-0.0
2040-02-05 01:00:00,15.903386726508316,-2.3613249671526755e-16,-0.0,36.507701744684624,-0.0,-0.0,-0.0,-0.0,-0.0
2040-02-05 02:00:00,16.022764331599536,-2.3701606848724677e-16,-0.0,37.784018530318676,-0.0,-0.0,-0.0,-0.0,-0.0
2040-02-05 03:00:00,15.236746514349548,2.424967892093303e-16,-0.0,36.3332709054309,-0.0,-0.0,-0.0,-0.0,-0.0
2040-02-05 04:00:00,15.539394901176923,3.409162573154171e-18,-0.0,35.889775618828786,-0.0,-0.0,-0.0,-0.0,-0.0
2040-02-05 05:00:00,15.097269843718443,2.4352912395021506e-16,-0.0,35.681011287195396,-0.0,-0.0,-0.0,-0.0,-0.0
2040-02-05 06:00:00,14.620231816791023,-1.0821145325572452e-16,-0.0,34.043917387582646,-0.0,-0.0,-0.0,-0.0,-0.0
2040-02-05 07:00:00,14.47056198365142,1.8895579927660652e-16,-0.0,32.60268955610504,-0.0,-0.0,-0.0,-0.0,-0.0
2040-02-05 08:00:00,14.3058326148007,-1.058844317025683e-16,-0.0,30.50732315887741,-0.0,-0.0,-0.0,-0.0,-0.0
2040-02-05 09:00:00,13.441385888462857,2.557851272384292e-16,-0.0,31.628943410469173,-0.0,-0.0,-0.0,-0.0,-0.0
2040-02-05 10:00:00,13.549749979919294,-1.0028829603747102e-16,-0.0,11.695905075110725,-0.0,-0.0,-0.0,-0.0,-0.0
2040-02-05 11:00:00,0.0,4.000808057770569,-0.0,33.0158873349279,-0.0,-0.0,-0.0,-0.0,-0.0
2040-02-05 12:00:00,0.0,3.980691216897661,-0.0,32.514190495965906,-0.0,-0.0,-0.0,-0.0,-0.0
2040-02-05 13:00:00,12.627867471767523,-2.1188878408715915e-16,-0.0,28.598602155882844,-0.0,-0.0,-0.0,-0.0,-0.0
2040-02-05 14:00:00,12.979555766576906,-3.6856116429724355e-17,-0.0,28.802026826459002,-0.0,-0.0,-0.0,-0.0,-0.0
2040-02-05 15:00:00,13.024465053747631,1.9965906665939943e-16,-0.0,29.701389563543252,-0.0,-0.0,-0.0,-0.0,-0.0
2040-02-05 16:00:00,9.890959031612638,1.041477918834324,-0.0,30.889311099745406,-0.0,-0.0,-0.0,-0.0,-0.0
2040-02-05 17:00:00,0.0,4.173397630440394,-0.0,33.29999406160527,-0.0,-0.0,-0.0,-0.0,-0.0
2040-02-05 18:00:00,0.0,4.225412102839866,-0.0,36.01166098846443,-0.0,-0.0,-0.0,-0.0,-0.0
2040-02-05 19:00:00,0.0,4.278321722380942,-0.0,36.30113013311301,-0.0,-0.0,-0.0,-0.0,-0.0
2040-02-05 20:00:00,0.0,4.506722478319028,-0.0,38.045792387827845,-0.0,-0.0,-0.0,-0.0,-0.0
2040-02-05 21:00:00,0.0,4.55612846949457,-0.0,38.42974416848514,-0.0,-0.0,-0.0,-0.0,-0.0
2040-02-05 22:00:00,0.0,4.674987379273102,-0.0,40.16005185515657,-0.0,-0.0,-0.0,-0.0,-0.0
2040-02-05 23:00:00,0.0,4.764678986296481,-0.0,40.76301346164607,-0.0,-0.0,-0.0,-0.0,-0.0
2040-02-06 00:00:00,0.0,4.961724088848903,-0.0,44.53596917172588,-0.0,-0.0,-0.0,-0.0,-0.0
2040-02-06 01:00:00,0.0,5.048112764891941,-0.0,44.4947886139238,-0.0,-0.0,-0.0,-0.0,-0.0
2040-02-06 02:00:00,0.0,5.038230871687863,-0.0,44.74455411998755,-0.0,-0.0,-0.0,-0.0,-0.0
2040-02-06 03:00:00,0.0,4.984928689498239,-0.0,42.39845159463482,-0.0,-0.0,-0.0,-0.0,-0.0
2040-02-06 04:00:00,0.0,4.711252316364976,-0.0,43.637486871234756,-0.0,-0.0,-0.0,-0.0,-0.0
2040-02-06 05:00:00,0.0,4.717023379948569,-0.0,41.35186766841771,-0.0,-0.0,-0.0,-0.0,-0.0
2040-02-06 06:00:00,0.0,4.658502534682759,-0.0,40.975615920826606,-0.0,-0.0,-0.0,-0.0,-0.0
2040-02-06 07:00:00,0.0,4.458161074616051,-0.0,39.85196369647373,-0.0,-0.0,-0.0,-0.0,-0.0
2040-02-06 08:00:00,0.0,4.421876420694134,-0.0,38.77961648013506,-0.0,-0.0,-0.0,-0.0,-0.0
2040-02-06 09:00:00,0.0,4.33696747009116,-0.0,37.0893243116327,-0.0,-0.0,-0.0,-0.0,-0.0
2040-02-06 10:00:00,0.0,4.241546118107565,-0.0,35.320338366118854,-0.0,-0.0,-0.0,-0.0,-0.0
2040-02-06 11:00:00,0.0,4.06271392495649,-0.0,35.890350005011406,-0.0,-0.0,-0.0,-0.0,-0.0
2040-02-06 12:00:00,0.0,4.08494377407741,-0.0,35.771833381460176,-0.0,-0.0,-0.0,-0.0,-0.0
2040-02-06 13:00:00,0.0,4.082077268082112,-0.0,35.57898484479706,-0.0,-0.0,-0.0,-0.0,-0.0
2040-02-06 14:00:00,0.0,3.979931899775425,-0.0,35.60536232117812,-0.0,-0.0,-0.0,-0.0,-0.0
2040-02-06 15:00:00,0.0,4.15209693579299,-0.0,36.508101546340114,-0.0,-0.0,-0.0,-0.0,-0.0
2040-02-06 16:00:00,0.0,4.169250593497472,-0.0,36.77716823173361,-0.0,-0.0,-0.0,-0.0,-0.0
2040-02-06 17:00:00,0.0,4.203233077872302,-0.0,36.82869859888981,-0.0,-0.0,-0.0,-0.0,-0.0
2040-02-06 18:00:00,0.0,4.413271923253723,-0.0,38.816555556259466,-0.0,-0.0,-0.0,-0.0,-0.0
2040-02-06 19:00:00,0.0,4.479902219611858,-0.0,38.70397732494934,-0.0,-0.0,-0.0,-0.0,-0.0
2040-02-06 20:00:00,0.0,4.6327364154082415,-0.0,40.66921000208729,-0.0,-0.0,-0.0,-0.0,-0.0
2040-02-06 21:00:00,0.0,4.616819836946269,-0.0,41.78789414315189,-0.0,-0.0,-0.0,-0.0,-0.0
2040-02-06 22:00:00,0.0,4.766048281432302,-0.0,43.56228501246361,-0.0,-0.0,-0.0,-0.0,-0.0
2040-02-06 23:00:00,0.0,5.006649552693509,-0.0,43.39748702985854,-0.0,-0.0,-0.0,-0.0,-0.0
2040-02-07 00:00:00,0.0,5.039089830560117,-0.0,43.93580827311396,-0.0,-0.0,-0.0,-0.0,-0.0
2040-02-07 01:00:00,0.0,4.9259849509899505,-0.0,43.71700507618515,-0.0,-0.0,-0.0,-0.0,-0.0
2040-02-07 02:00:00,0.0,5.055300997338547,-0.0,44.49791357707918,-0.0,-0.0,-0.0,-0.0,-0.0
2040-02-07 03:00:00,0.0,5.088907135773645,-0.0,42.40874946295741,-0.0,-0.0,-0.0,-0.0,-0.0
2040-02-07 04:00:00,0.0,4.829528432055106,-0.0,41.099759025553176,-0.0,-0.0,-0.0,-0.0,-0.0
2040-02-07 05:00:00,0.0,4.802220839314223,-0.0,43.140167391496654,-0.0,-0.0,-0.0,-0.0,-0.0
2040-02-07 06:00:00,0.0,4.64372492856466,-0.0,41.61248301599976,-0.0,-0.0,-0.0,-0.0,-0.0
2040-02-07 07:00:00,0.0,4.59848446499734,-0.0,40.0570155993073,-0.0,-0.0,-0.0,-0.0,-0.0
2040-02-07 08:00:00,0.0,4.398986655179928,-0.0,38.55994275492199,-0.0,-0.0,-0.0,-0.0,-0.0
2040-02-07 09:00:00,0.0,4.302852778841043,-0.0,36.8102161404011,-0.0,-0.0,-0.0,-0.0,-0.0
2040-02-07 10:00:00,0.0,4.261744835554684,-0.0,35.330703946538435,-0.0,-0.0,-0.0,-0.0,-0.0
2040-02-07 11:00:00,0.0,4.212691216298125,-0.0,35.83994965895476,-0.0,-0.0,-0.0,-0.0,-0.0
2040-02-07 12:00:00,0.0,4.082323653228706,-0.0,34.33321680440761,-0.0,-0.0,-0.0,-0.0,-0.0
2040-02-07 13:00:00,0.0,4.0059793479477355,-0.0,35.38000793450628,-0.0,-0.0,-0.0,-0.0,-0.0
2040-02-07 14:00:00,0.0,4.0482419415161965,-0.0,35.14575838228785,-0.0,-0.0,-0.0,-0.0,-0.0
2040-02-07 15:00:00,0.0,4.1787605994098485,-0.0,34.66307410169385,-0.0,-0.0,-0.0,-0.0,-0.0
2040-02-07 16:00:00,0.0,4.27658156195944,-0.0,36.46613331886136,-0.0,-0.0,-0.0,-0.0,-0.0
2040-02-07 17:00:00,0.0,4.3250811550245665,-0.0,36.07588613669826,-0.0,-0.0,-0.0,-0.0,-0.0
2040-02-07 18:00:00,0.0,4.439774290907187,-0.0,37.86421655874738,-0.0,-0.0,-0.0,-0.0,5.5058750173828024e-14
2040-02-07 19:00:00,0.0,4.455810508929564,-0.0,40.112719958187185,-0.0,-0.0,-0.0,-0.0,-5.508629332048827e-14
2040-02-07 20:00:00,0.0,4.637958687094216,-0.0,40.21566497141737,-0.0,-0.0,-0.0,-0.0,-0.0
2040-02-07 21:00:00,0.0,4.649766023977677,-0.0,41.53256492592931,-0.0,-0.0,-0.0,-0.0,-0.0
2040-02-07 22:00:00,0.0,4.861604652497746,-0.0,42.34419975495773,-0.0,-0.0,-0.0,-0.0,-0.0
2040-02-07 23:00:00,0.0,4.821277020165193,-0.0,43.05576073212336,-0.0,-0.0,-0.0,-0.0,-0.0
2040-02-08 00:00:00,0.0,4.966563124852661,-0.0,44.80680327333389,-0.0,-0.0,-0.0,-0.0,-0.0
2040-02-08 01:00:00,0.0,4.940629960137314,-0.0,44.5346463942805,-0.0,-0.0,-0.0,-0.0,-0.0
2040-02-08 02:00:00,0.0,4.9718314737001625,-0.0,44.463839604474444,-0.0,-0.0,-0.0,-0.0,-0.0
2040-02-08 03:00:00,0.0,5.110914553767869,-0.0,42.62035651856862,-0.0,-0.0,-0.0,-0.0,-0.0
2040-02-08 04:00:00,0.0,4.737887033719857,-0.0,42.57226557313522,-0.0,-0.0,-0.0,-0.0,-0.0
2040-02-08 05:00:00,0.0,4.711291986687226,-0.0,41.31774731642013,-0.0,-0.0,-0.0,-0.0,-0.0
2040-02-08 06:00:00,0.0,4.654479298921195,-0.0,40.90710287960938,-0.0,-0.0,-0.0,-0.0,-0.0
2040-02-08 07:00:00,0.0,4.579658193782709,-0.0,38.94595036940633,-0.0,-0.0,-0.0,-0.0,-0.0
2040-02-08 08:00:00,0.0,4.399206286631163,-0.0,39.04062085149686,-0.0,-0.0,-0.0,-0.0,-0.0
2040-02-08 09:00:00,0.0,4.305234483373368,-0.0,39.03323860371393,-0.0,-0.0,-0.0,-0.0,-0.0
2040-02-08 10:00:00,0.0,4.324093381581359,-0.0,36.52573723900483,7.792447891480935e-14,-0.0,-0.0,-0.0,-0.0
2040-02-08 11:00:00,0.0,4.171773413455772,-0.0,35.267121443776674,-0.0,-0.0,-0.0,-0.0,-4.101307264172827e-14
2040-02-08 12:00:00,0.0,4.078815485988955,-0.0,35.59285261046835,-0.0,-0.0,-0.0,-0.0,-0.0
2040-02-08 13:00:00,0.0,3.978798261186578,-0.0,33.86985678463707,-0.0,-0.0,-0.0,-0.0,-0.0
2040-02-08 14:00:00,0.0,4.075641402044159,-0.0,34.7794554110674,-0.0,-0.0,-0.0,-0.0,-0.0
2040-02-08 15:00:00,0.0,4.134073318774655,-0.0,36.12547824715137,-0.0,-0.0,-0.0,-0.0,-0.0
2040-02-08 16:00:00,0.0,4.156812175564223,-0.0,36.0446047288884,-0.0,-0.0,-0.0,-0.0,-0.0
2040-02-08 17:00:00,0.0,4.404412356582978,-0.0,37.38188030004311,-0.0,-0.0,-0.0,-0.0,-0.0
2040-02-08 18:00:00,0.0,4.376944752679638,-0.0,39.31479506210542,-0.0,-0.0,-0.0,-0.0,-0.0
2040-02-08 19:00:00,0.0,4.61749731294184,-0.0,39.88352185167382,-0.0,-0.0,-0.0,-0.0,-0.0
2040-02-08 20:00:00,0.0,4.5871699678265125,-0.0,41.19678526322346,-0.0,-0.0,-0.0,-0.0,-0.0
2040-02-08 21:00:00,0.0,4.7566001661090125,-0.0,41.26628162150582,-0.0,-0.0,-0.0,-0.0,-0.0
2040-02-08 22:00:00,0.0,4.867813152764129,-0.0,44.56161023035167,-0.0,-0.0,-0.0,-0.0,-0.0
2040-02-08 23:00:00,0.0,5.012604501902015,-0.0,43.4905963723707,-0.0,-0.0,-0.0,-0.0,-0.0
2040-02-09 00:00:00,0.0,4.95720691127586,-0.0,44.52784206430139,-0.0,-0.0,-0.0,-0.0,-0.0
2040-02-09 01:00:00,0.0,4.861579891557178,-0.0,44.285091450952386,-0.0,-0.0,-0.0,-0.0,-0.0
2040-02-09 02:00:00,0.0,4.959572825687295,-0.0,44.14187056559494,-0.0,-0.0,-0.0,-0.0,-0.0
2040-02-09 03:00:00,0.0,4.925824526567021,-0.0,42.77628697207186,-0.0,-0.0,-0.0,-0.0,-0.0
2040-02-09 04:00:00,0.0,4.927400439184923,-0.0,42.85955080787459,-0.0,-0.0,-0.0,-0.0,-0.0
2040-02-09 05:00:00,0.0,4.8942719629849165,-0.0,42.233924135690046,-0.0,-0.0,-0.0,-0.0,-0.0
2040-02-09 06:00:00,0.0,4.594486849121597,-0.0,41.8351288005263,-0.0,-0.0,-0.0,-0.0,-0.0
2040-02-09 07:00:00,0.0,4.623424985504002,-0.0,39.897489934633604,-0.0,-0.0,-0.0,-0.0,-0.0
2040-02-09 08:00:00,0.0,4.483263769916948,-0.0,38.26029005933007,-0.0,-0.0,-0.0,-0.0,-0.0
2040-02-09 09:00:00,0.0,4.276565570695545,-0.0,37.46085733485688,-0.0,-0.0,-0.0,-0.0,-0.0
2040-02-09 10:00:00,0.0,4.240146574306866,-0.0,36.52919336028276,-0.0,-0.0,-0.0,-0.0,-0.0
2040-02-09 11:00:00,0.0,4.166505030708104,-0.0,35.616047150544176,-0.0,-0.0,-0.0,-0.0,-0.0
2040-02-09 12:00:00,0.0,3.9603055325097443,-0.0,35.20797164259432,-0.0,-0.0,-0.0,-0.0,-0.0
2040-02-09 13:00:00,0.0,4.046020423391183,-0.0,35.98409004697387,-0.0,-0.0,-0.0,-0.0,-0.0
2040-02-09 14:00:00,0.0,4.261340646294703,-0.0,35.35534986896717,-0.0,-0.0,-0.0,-0.0,-0.0
2040-02-09 15:00:00,0.0,4.040668192339001,-0.0,34.75757752363572,-0.0,-0.0,-0.0,-0.0,-0.0
2040-02-09 16:00:00,0.0,4.2560240305155235,-0.0,36.099398790713245,-0.0,-0.0,-0.0,-0.0,-0.0
2040-02-09 17:00:00,0.0,4.425940801349389,-0.0,37.29212398789203,-0.0,-0.0,-0.0,-0.0,-0.0
2040-02-09 18:00:00,0.0,4.554757818703389,-0.0,38.146494884907504,-0.0,-0.0,-0.0,-0.0,-0.0
2040-02-09 19:00:00,0.0,4.5468456154138766,-0.0,39.82295587356692,-0.0,-0.0,-0.0,-0.0,-0.0
2040-02-09 20:00:00,0.0,4.5653112591736456,-0.0,41.50152433225823,-0.0,-0.0,-0.0,-0.0,-0.0
2040-02-09 21:00:00,0.0,4.790266920581915,-0.0,40.62922781519001,-0.0,-0.0,-0.0,-0.0,-0.0
2040-02-09 22:00:00,0.0,4.780149371767255,-0.0,42.105774592882085,-0.0,-0.0,-0.0,-0.0,-0.0
2040-02-09 23:00:00,0.0,4.937822296948846,-0.0,43.396110692587804,-0.0,-0.0,-0.0,-0.0,-0.0
2040-02-10 00:00:00,0.0,5.019380498133159,-0.0,44.78418535110672,-0.0,-0.0,-0.0,-0.0,-0.0
2040-02-10 01:00:00,0.0,5.077245045892719,-0.0,43.095217967498115,-0.0,-0.0,-0.0,-0.0,-0.0
2040-02-10 02:00:00,0.0,5.171717317813892,-0.0,45.21072879010348,-0.0,-0.0,-0.0,-0.0,-0.0
2040-02-10 03:00:00,0.0,4.992891859881703,-0.0,44.99901892797777,-0.0,-0.0,-0.0,-0.0,-0.0
2040-02-10 04:00:00,0.0,5.035419771037598,-0.0,44.10698872193703,-0.0,-0.0,-0.0,-0.0,-0.0
2040-02-10 05:00:00,0.0,4.814352828572262,-0.0,42.29653679608129,-0.0,-0.0,-0.0,-0.0,-0.0
2040-02-10 06:00:00,0.0,4.6716913088666985,-0.0,40.028524500484956,-0.0,-0.0,-0.0,-0.0,-0.0
2040-02-10 07:00:00,0.0,4.5978895986328014,-0.0,39.43951538906889,-0.0,-0.0,-0.0,-0.0,-0.0
2040-02-10 08:00:00,0.0,4.389901978004321,-0.0,38.05819175303725,-0.0,-0.0,-0.0,-0.0,-0.0
2040-02-10 09:00:00,0.0,4.246571887279667,-0.0,37.398518740621576,-0.0,-0.0,-0.0,-0.0,-0.0
2040-02-10 10:00:00,0.0,4.223861688173143,-0.0,37.00292398289796,-0.0,-0.0,-0.0,-0.0,-0.0
2040-02-10 11:00:00,0.0,4.096912425703857,-0.0,35.98979598202394,-0.0,-0.0,-0.0,-0.0,4.664755959611038e-14
2040-02-10 12:00:00,0.0,4.110018127714512,-0.0,34.68692389564357,-0.0,-0.0,-0.0,-0.0,-0.0
2040-02-10 13:00:00,0.0,4.119064289662627,-0.0,35.68188283459239,-0.0,-0.0,-0.0,-0.0,-0.0
2040-02-10 14:00:00,0.0,4.067361979972219,-0.0,35.90558533963419,-0.0,-0.0,-0.0,-0.0,-0.0
2040-02-10 15:00:00,0.0,4.252105334487686,-0.0,35.20067094000912,-0.0,-0.0,-0.0,-0.0,-0.0
2040-02-10 16:00:00,0.0,4.120464564508875,-0.0,35.72350046765957,-0.0,-0.0,-0.0,-0.0,-0.0
2040-02-10 17:00:00,0.0,4.339154916311256,-0.0,37.118433348199844,-0.0,-0.0,-0.0,-5.2378095010547464e-14,-0.0
2040-02-10 18:00:00,0.0,4.472823038066536,-0.0,38.80617012574197,-0.0,-0.0,-0.0,-0.0,-0.0
2040-02-10 19:00:00,0.0,4.609799634842991,-0.0,39.116801884794064,-0.0,-0.0,-0.0,-0.0,-0.0
2040-02-10 20:00:00,0.0,4.723724923806537,-0.0,41.86461089330946,-0.0,-0.0,-0.0,-0.0,-0.0
2040-02-10 21:00:00,0.0,4.739431509318605,-0.0,42.1845181275473,-0.0,-0.0,-0.0,-0.0,-0.0
2040-02-10 22:00:00,0.0,4.856292927010515,-0.0,43.66215366969011,-0.0,-0.0,-0.0,-0.0,-0.0
2040-02-10 23:00:00,0.0,4.906634109510638,-0.0,43.337487941629966,-0.0,-0.0,-0.0,-0.0,-0.0
2040-02-11 00:00:00,0.0,4.8459289843753455,-0.0,41.17075156886724,-0.0,-0.0,-0.0,-0.0,-0.0
2040-02-11 01:00:00,0.0,4.752025181989665,-0.0,42.15176473320216,-0.0,-0.0,-0.0,-0.0,-0.0
2040-02-11 02:00:00,0.0,4.9045445822405425,-0.0,43.365245149939604,-0.0,-0.0,-0.0,-0.0,-0.0
2040-02-11 03:00:00,0.0,4.641941763188395,-0.0,41.78764345340112,-0.0,-0.0,-0.0,-0.0,-0.0
2040-02-11 04:00:00,0.0,4.632853746121175,-0.0,41.54518711864761,-0.0,-0.0,-0.0,-0.0,-0.0
2040-02-11 05:00:00,0.0,4.654196615091315,-0.0,39.49134309408821,-0.0,-0.0,-0.0,-0.0,-0.0
2040-02-11 06:00:00,0.0,4.6323296718707025,-0.0,38.419982023716656,-0.0,-0.0,-0.0,-0.0,-0.0
2040-02-11 07:00:00,0.0,4.426568489886201,-0.0,37.57032357340031,-0.0,-0.0,-0.0,-0.0,-0.0
2040-02-11 08:00:00,0.0,4.260298347547691,-0.0,36.76782568100927,-0.0,-0.0,-0.0,-0.0,-0.0
2040-02-11 09:00:00,0.0,4.075085611720895,-0.0,35.25986024109588,-0.0,-0.0,-0.0,-0.0,-0.0
2040-02-11 10:00:00,0.0,4.003224708771703,-0.0,33.627345757377036,-0.0,-0.0,-0.0,-0.0,-0.0
2040-02-11 11:00:00,0.0,4.003078227202173,-0.0,32.78477670096827,-0.0,-0.0,-0.0,-0.0,-0.0
2040-02-11 12:00:00,0.0,4.040043275737517,-0.0,33.48769710551785,-0.0,-0.0,-0.0,-0.0,-0.0
2040-02-11 13:00:00,0.0,3.9379189068507032,-0.0,32.99886236196916,-0.0,-0.0,-0.0,-0.0,-0.0
2040-02-11 14:00:00,0.0,4.040631164963711,-0.0,34.89621436778614,-0.0,-0.0,-0.0,-0.0,-0.0
2040-02-11 15:00:00,0.0,4.240521955444756,-0.0,33.580056035099965,-0.0,-0.0,-0.0,-0.0,-0.0
2040-02-11 16:00:00,0.0,4.120359589377018,-0.0,33.86262975599216,-0.0,-0.0,-0.0,-0.0,-0.0
2040-02-11 17:00:00,0.0,4.165710762493063,-0.0,35.725353726625436,-0.0,-0.0,-0.0,-0.0,-0.0
2040-02-11 18:00:00,0.0,4.3431266691199015,-0.0,36.2192082287584,-0.0,-0.0,-0.0,-0.0,-0.0
2040-02-11 19:00:00,0.0,4.341126569588478,-0.0,37.46457064024201,-0.0,-0.0,-0.0,-0.0,-0.0
2040-02-11 20:00:00,0.0,4.493435135753773,-0.0,39.283587591390265,-0.0,-0.0,-0.0,-0.0,-0.0
2040-02-11 21:00:00,0.0,4.588706371814911,-0.0,38.96177044460129,-0.0,-0.0,-0.0,-0.0,-0.0
2040-02-11 22:00:00,0.0,4.71626634552343,-0.0,40.268142487237704,-0.0,-0.0,-0.0,-0.0,-0.0
2040-02-11 23:00:00,0.0,4.745878537066704,-0.0,40.77864412333109,-0.0,-0.0,-0.0,-0.0,-0.0
2040-02-12 00:00:00,0.0,4.794779359989806,-0.0,41.210032102374136,-0.0,-0.0,-0.0,-0.0,-0.0
2040-02-12 01:00:00,0.0,4.893886199997582,-0.0,41.44814068873575,-0.0,-0.0,-0.0,-0.0,-0.0
2040-02-12 02:00:00,0.0,4.815044083389793,-0.0,41.508974817375645,-0.0,-0.0,-0.0,-0.0,-0.0
2040-02-12 03:00:00,0.0,4.730357698735747,-0.0,42.22769059246914,-0.0,-0.0,-0.0,-0.0,-0.0
2040-02-12 04:00:00,0.0,4.787524397889345,-0.0,40.54378038853476,-0.0,-0.0,-0.0,-0.0,-0.0
2040-02-12 05:00:00,0.0,4.643962184282019,-0.0,39.00142917932529,-0.0,-0.0,-0.0,-0.0,-0.0
2040-02-12 06:00:00,0.0,4.499809531785094,-0.0,38.500889984951534,-0.0,-0.0,-0.0,-0.0,-0.0
2040-02-12 07:00:00,0.0,4.37356650701819,-0.0,36.99501099394316,-0.0,-0.0,-0.0,-0.0,-0.0
2040-02-12 08:00:00,0.0,4.410820253577319,-0.0,36.50683227508944,-0.0,-0.0,-0.0,-0.0,-5.3520913812638386e-14
2040-02-12 09:00:00,0.0,4.2772115646087085,-0.0,35.3251421253749,-0.0,-0.0,-0.0,-0.0,-0.0
2040-02-12 10:00:00,0.0,4.066127827458518,-0.0,33.8598961737521,-0.0,-0.0,-0.0,-0.0,-0.0
2040-02-12 11:00:00,0.0,4.010906774420437,-0.0,33.46407574739832,-0.0,-0.0,-0.0,-5.553372276367705e-13,-0.0
2040-02-12 12:00:00,0.0,4.0450449907709185,-0.0,33.616451139505585,-0.0,-0.0,-0.0,-0.0,-0.0
2040-02-12 13:00:00,0.0,4.02037524855226,-0.0,33.88479881028292,-0.0,-0.0,-0.0,-0.0,-0.0
2040-02-12 14:00:00,0.0,3.95490001279907,-0.0,33.14010736184959,-0.0,-0.0,-0.0,-0.0,-0.0
2040-02-12 15:00:00,0.0,4.065789094718367,-0.0,34.50257735259094,-0.0,-0.0,-0.0,-0.0,-0.0
2040-02-12 16:00:00,0.0,4.1412505656613225,-0.0,35.03855046038653,-0.0,-0.0,-0.0,5.019516571348143e-13,-0.0
2040-02-12 17:00:00,0.0,4.224145303842561,-0.0,34.49460683611128,-0.0,-0.0,-0.0,-0.0,-0.0
2040-02-12 18:00:00,0.0,4.323042481566913,-0.0,36.04180194864399,-0.0,-0.0,-0.0,-0.0,-0.0
2040-02-12 19:00:00,0.0,4.426443621513523,-0.0,35.37131457273813,-0.0,-0.0,-0.0,-0.0,-0.0
2040-02-12 20:00:00,0.0,4.519627543310429,-0.0,37.87856371900375,-0.0,-0.0,-0.0,-0.0,-0.0
2040-02-12 21:00:00,0.0,4.813147978863317,-0.0,39.68306092482842,-0.0,-0.0,-0.0,-0.0,-0.0
2040-02-12 22:00:00,0.0,4.70780795727574,-0.0,39.94277711386426,-0.0,-0.0,-0.0,-0.0,-0.0
2040-02-12 23:00:00,0.0,4.963063664795309,-0.0,41.485155433706716,-0.0,-0.0,-0.0,-0.0,-0.0
2040-02-13 00:00:00,0.0,5.053277626376064,-0.0,44.03221655083579,-0.0,-0.0,-0.0,-0.0,-0.0
2040-02-13 01:00:00,0.0,5.146701085677783,-0.0,44.820876398442095,-0.0,-0.0,-0.0,-0.0,-0.0
2040-02-13 02:00:00,0.0,5.1009894843993715,-0.0,43.978211701719445,-0.0,-0.0,-0.0,-0.0,-0.0
2040-02-13 03:00:00,0.0,5.065592153315246,-0.0,44.23804873907135,-0.0,-0.0,-0.0,-0.0,-0.0
2040-02-13 04:00:00,0.0,4.996068169115481,-0.0,43.264816718550655,-0.0,-0.0,-0.0,-0.0,-0.0
2040-02-13 05:00:00,0.0,4.783284147087092,-0.0,42.26727018193876,-0.0,-0.0,-0.0,-0.0,-0.0
2040-02-13 06:00:00,0.0,4.709306059453962,-0.0,41.66839616678292,-0.0,-0.0,-0.0,-0.0,-0.0
2040-02-13 07:00:00,0.0,4.603297530825869,-0.0,39.26951035542946,-0.0,-0.0,-0.0,-0.0,-0.0
2040-02-13 08:00:00,0.0,4.512528979881123,-0.0,39.84391932211672,-0.0,-0.0,-0.0,-0.0,-0.0
2040-02-13 09:00:00,0.0,4.30790710406533,-0.0,37.42461619736973,-0.0,-0.0,-0.0,-0.0,-0.0
2040-02-13 10:00:00,0.0,4.247857847712778,-0.0,36.71347043497017,-0.0,-0.0,-0.0,-0.0,-0.0
2040-02-13 11:00:00,0.0,4.257987962615164,-0.0,35.725098479934935,-0.0,-0.0,-0.0,-0.0,-0.0
2040-02-13 12:00:00,0.0,4.144228125593674,-0.0,35.05507534794286,-0.0,-0.0,-0.0,-0.0,-0.0
2040-02-13 13:00:00,0.0,4.132269417994471,-0.0,34.329126366326484,-0.0,-0.0,-0.0,-0.0,-0.0
2040-02-13 14:00:00,0.0,4.246847597768433,-0.0,35.1274125218885,-0.0,-0.0,-0.0,-0.0,-0.0
2040-02-13 15:00:00,0.0,4.1425619321072995,-0.0,34.83646373721153,-0.0,-0.0,-0.0,-0.0,-0.0
2040-02-13 16:00:00,0.0,4.3893472542111835,-0.0,35.82740184235746,-0.0,-0.0,-0.0,-0.0,-0.0
2040-02-13 17:00:00,0.0,4.363502815890093,-0.0,38.48546570846163,-0.0,-0.0,-0.0,2.3235679834474283e-11,-0.0
2040-02-13 18:00:00,0.0,4.5050154136451575,-0.0,38.651386978426686,-0.0,-0.0,-0.0,-0.0,-0.0
2040-02-13 19:00:00,0.0,4.580166338090251,-0.0,39.619618850202535,-0.0,-0.0,-0.0,-0.0,-0.0
2040-02-13 20:00:00,0.0,4.7545439665138165,-0.0,40.3565963743038,-0.0,-0.0,-0.0,-0.0,-0.0
2040-02-13 21:00:00,0.0,4.890872609526066,-0.0,42.21289341899097,-0.0,-0.0,-0.0,-0.0,-0.0
2040-02-13 22:00:00,0.0,4.929928863332788,-0.0,43.14599728910582,-0.0,-0.0,-0.0,-0.0,-0.0
2040-02-13 23:00:00,0.0,4.954167504848868,-0.0,44.309947759546624,-0.0,-0.0,-0.0,-0.0,-0.0
2040-02-14 00:00:00,0.0,5.200921057352288,-0.0,44.41969553563437,-0.0,-0.0,-0.0,-0.0,-0.0
2040-02-14 01:00:00,0.0,5.093104569122252,-0.0,44.698946828868095,-0.0,-0.0,-0.0,-0.0,-0.0
2040-02-14 02:00:00,0.0,5.064792788947331,-0.0,45.340634135349326,-0.0,-0.0,-0.0,-0.0,-0.0
2040-02-14 03:00:00,0.0,5.021024021820543,-0.0,44.33180620116455,-0.0,-0.0,-0.0,-0.0,-0.0
2040-02-14 04:00:00,0.0,4.972089142243046,-0.0,44.011169348795875,-0.0,-0.0,-0.0,-0.0,-0.0
2040-02-14 05:00:00,0.0,4.862785502617412,-0.0,41.01459252562445,-0.0,-0.0,-0.0,-2.3096218245146407e-11,-0.0
2040-02-14 06:00:00,0.0,4.703501010450924,-0.0,40.83715761741955,-0.0,-0.0,-0.0,-0.0,5.5058750173828024e-14
2040-02-14 07:00:00,0.0,4.733350151562857,-0.0,40.80873512635064,-0.0,-0.0,-0.0,-0.0,-0.0
2040-02-14 08:00:00,0.0,4.480126020874416,-0.0,38.742598260647746,-0.0,-0.0,-0.0,-0.0,-0.0
2040-02-14 09:00:00,0.0,4.445005538667588,-0.0,38.521299517174256,-0.0,-0.0,-0.0,-0.0,-0.0
2040-02-14 10:00:00,0.0,4.363864943820009,-0.0,36.442748537204665,-0.0,-0.0,-0.0,-0.0,-0.0
2040-02-14 11:00:00,0.0,4.261518370393744,-0.0,36.5790982753524,-0.0,-0.0,-0.0,-0.0,-0.0
2040-02-14 12:00:00,0.0,4.255181200769786,-0.0,34.27485762635602,-0.0,-0.0,-0.0,-0.0,-0.0
2040-02-14 13:00:00,0.0,4.231837686892941,-0.0,34.78867788268487,-0.0,-0.0,-0.0,-0.0,-0.0
2040-02-14 14:00:00,0.0,4.192471368982463,-0.0,35.46661421708638,-0.0,-0.0,-0.0,-0.0,-0.0
2040-02-14 15:00:00,0.0,4.178469703307653,-0.0,35.02874382175453,-0.0,-0.0,-0.0,-0.0,-0.0
2040-02-14 16:00:00,0.0,4.490842276163427,-0.0,35.44195991725876,-0.0,-0.0,-0.0,-0.0,-0.0
2040-02-14 17:00:00,0.0,4.535253758511566,-0.0,38.20878097261042,-0.0,-0.0,-0.0,-0.0,-0.0
2040-02-14 18:00:00,0.0,4.514798831449406,-0.0,39.86945600392114,-0.0,-0.0,-0.0,-0.0,-0.0
2040-02-14 19:00:00,0.0,4.689633123009027,-0.0,40.1482741288201,-0.0,-0.0,-0.0,-0.0,-0.0
2040-02-14 20:00:00,0.0,4.712308904316248,-0.0,40.08964594077193,-0.0,-0.0,-0.0,-0.0,-0.0
2040-02-14 21:00:00,0.0,4.81605429507062,-0.0,42.141440947015,-0.0,-0.0,-0.0,5.6532608551244096e-14,-0.0
2040-02-14 22:00:00,0.0,4.971181318747244,-0.0,42.1778155747483,-0.0,-0.0,-0.0,-0.0,-0.0
2040-02-14 23:00:00,0.0,5.037017632840144,-0.0,42.31535511108205,-0.0,-0.0,-0.0,-0.0,-0.0
2040-02-15 00:00:00,0.0,4.994170491707085,-0.0,44.78551460048673,-0.0,-0.0,-0.0,-0.0,5.5058750173828024e-14
2040-02-15 01:00:00,0.0,5.159514972510621,-0.0,45.079164247143645,-0.0,-0.0,-0.0,-0.0,-0.0
2040-02-15 02:00:00,0.0,5.153132608772119,-0.0,44.57444823893881,-0.0,-0.0,-0.0,-0.0,-0.0
2040-02-15 03:00:00,0.0,5.07263180096714,-0.0,42.977645619005884,-0.0,-0.0,-0.0,5.629911215564057e-14,-0.0
2040-02-15 04:00:00,0.0,5.0686322847259,-0.0,41.363029797620165,-0.0,-0.0,-0.0,-0.0,5.5058750173828024e-14
2040-02-15 05:00:00,0.0,4.7876840031561,-0.0,42.58469606432071,-0.0,-0.0,-0.0,-0.0,-0.0
2040-02-15 06:00:00,0.0,4.766833623113801,-0.0,41.05075556423235,-0.0,-0.0,-0.0,-0.0,-0.0
2040-02-15 07:00:00,0.0,4.613264703827849,-0.0,40.579035635171714,-0.0,-0.0,-0.0,-0.0,-0.0
2040-02-15 08:00:00,0.0,4.5491169322798015,-0.0,37.59238600492695,-0.0,-0.0,-0.0,-0.0,-0.0
2040-02-15 09:00:00,0.0,4.503223551594285,-0.0,36.04073704477496,-0.0,-0.0,-0.0,-0.0,-0.0
2040-02-15 10:00:00,0.0,4.284454532622525,-0.0,37.127806163088586,-0.0,-0.0,-0.0,-0.0,-0.0
2040-02-15 11:00:00,0.0,4.2207030122087765,-0.0,36.76672651257469,-0.0,-0.0,-0.0,-0.0,-0.0
2040-02-15 12:00:00,0.0,4.14832049578638,-0.0,35.95239480741886,-0.0,-0.0,-0.0,-0.0,-0.0
2040-02-15 13:00:00,0.0,4.15897763045165,-0.0,35.5545599497764,-0.0,-0.0,-0.0,-0.0,-0.0
2040-02-15 14:00:00,0.0,4.2516926275649025,-0.0,35.492739428971866,-0.0,-0.0,-0.0,-0.0,-0.0
2040-02-15 15:00:00,0.0,4.235838909494203,-0.0,36.20635246879032,-0.0,-0.0,-0.0,5.663226451798048e-14,-0.0
2040-02-15 16:00:00,0.0,4.376882179815322,-0.0,36.21606042720258,-0.0,-0.0,-0.0,-0.0,5.5058750173828024e-14
2040-02-15 17:00:00,0.0,4.337275656560945,-0.0,38.87731603534589,-0.0,-0.0,-0.0,-0.0,-0.0
2040-02-15 18:00:00,0.0,4.435933134083818,-0.0,39.66151318003374,-0.0,-0.0,-0.0,-0.0,-0.0
2040-02-15 19:00:00,0.0,4.763788115887468,-0.0,38.72220236314227,-0.0,-0.0,-0.0,-0.0,-0.0
2040-02-15 20:00:00,0.0,4.744339668277536,-0.0,41.95598063280159,-0.0,-0.0,-0.0,-0.0,-0.0
2040-02-15 21:00:00,0.0,4.931701344016502,-0.0,40.513111345339844,-0.0,-0.0,-0.0,-0.0,-0.0
2040-02-15 22:00:00,0.0,4.894046967703535,-0.0,43.32442810424194,-0.0,-0.0,-0.0,-0.0,-0.0
2040-02-15 23:00:00,0.0,5.065396042834841,-0.0,43.660371867150836,-0.0,-0.0,-0.0,-0.0,-0.0
2040-02-16 00:00:00,0.0,5.249262669251595,-0.0,45.76101616944776,-0.0,-0.0,-0.0,-0.0,-0.0
2040-02-16 01:00:00,0.0,5.134250357405099,-0.0,44.69604648367154,-0.0,-0.0,-0.0,-0.0,-0.0
2040-02-16 02:00:00,0.0,5.028351840018077,-0.0,44.176123543761335,-0.0,-0.0,-0.0,-0.0,-0.0
2040-02-16 03:00:00,0.0,5.13738257781412,-0.0,45.00233647017292,-0.0,-0.0,-0.0,-0.0,-0.0
2040-02-16 04:00:00,0.0,5.041480085932036,-0.0,42.66769648643705,-0.0,-0.0,-0.0,-0.0,-0.0
2040-02-16 05:00:00,0.0,4.83265374565281,-0.0,41.58203846899178,-0.0,-0.0,-0.0,-0.0,-0.0
2040-02-16 06:00:00,0.0,4.837498819900791,-0.0,42.18934305871565,-0.0,5.401157324069885e-14,-0.0,-0.0,-0.0
2040-02-16 07:00:00,0.0,4.679250686870091,-0.0,40.26587768969324,-0.0,-0.0,-0.0,-0.0,-0.0
2040-02-16 08:00:00,0.0,4.5802950407333105,-0.0,38.8299278044647,-0.0,-0.0,-0.0,-0.0,-0.0
2040-02-16 09:00:00,0.0,4.524577428917278,-0.0,37.24804018378205,-0.0,-0.0,-0.0,-0.0,-0.0
2040-02-16 10:00:00,0.0,4.341263051851397,-0.0,36.50825408141222,-0.0,-0.0,-0.0,-0.0,-0.0
2040-02-16 11:00:00,0.0,4.27053397543891,-0.0,35.61019940455477,-0.0,-0.0,-0.0,-0.0,-0.0
2040-02-16 12:00:00,0.0,4.2651701012011545,-0.0,35.629781401320635,-0.0,-0.0,-0.0,-0.0,-0.0
2040-02-16 13:00:00,0.0,4.155979258562277,-0.0,35.286445440176884,-0.0,-0.0,-0.0,-0.0,-0.0
2040-02-16 14:00:00,0.0,4.247419257536936,-0.0,35.32955134411267,-0.0,-0.0,-0.0,-0.0,-0.0
2040-02-16 15:00:00,0.0,4.367583914535736,-0.0,35.92292228017806,-0.0,-0.0,-0.0,-0.0,-0.0
2040-02-16 16:00:00,0.0,4.351766509502415,-0.0,37.583082529775695,-0.0,-0.0,-0.0,-0.0,-0.0
2040-02-16 17:00:00,0.0,4.455556582738176,-0.0,38.03177178998142,-0.0,-0.0,-0.0,-0.0,-0.0
2040-02-16 18:00:00,0.0,4.403409544755042,-0.0,38.841336409736954,-0.0,-0.0,-0.0,-0.0,-0.0
2040-02-16 19:00:00,0.0,4.737758148112193,-0.0,39.92038233913039,-0.0,-0.0,-0.0,-0.0,-0.0
2040-02-16 20:00:00,0.0,4.870030357978547,-0.0,41.44001528811526,-0.0,-0.0,-0.0,-0.0,-0.0
2040-02-16 21:00:00,0.0,4.876888057471446,-0.0,42.22802371102215,-0.0,-0.0,-5.366154931181026e-14,-0.0,-0.0
2040-02-16 22:00:00,0.0,5.091718391795303,-0.0,43.509064050742055,-0.0,-0.0,-0.0,-0.0,-0.0
2040-02-16 23:00:00,0.0,5.2228411525678835,-0.0,44.483111704050245,-0.0,-0.0,-0.0,-0.0,-0.0
2040-02-17 00:00:00,0.0,5.291415900078874,-0.0,44.15057667847716,-0.0,-0.0,-0.0,-0.0,-0.0
2040-02-17 01:00:00,0.0,5.254441501064265,-0.0,44.22680663533958,-0.0,-0.0,-0.0,-0.0,-0.0
2040-02-17 02:00:00,0.0,5.243223129757349,-0.0,42.68545593140113,-0.0,-0.0,-0.0,-0.0,-0.0
2040-02-17 03:00:00,0.0,5.095746072314093,-0.0,43.127074579417844,-0.0,-0.0,5.39845674540785e-14,-0.0,-0.0
2040-02-17 04:00:00,0.0,4.948301684316718,-0.0,43.26945251046792,-0.0,-0.0,-0.0,-0.0,-0.0
2040-02-17 05:00:00,0.0,4.964087666140504,-0.0,43.87599994046104,-0.0,-0.0,-0.0,-0.0,-0.0
2040-02-17 06:00:00,0.0,4.763949343318971,-0.0,42.65727645651924,-0.0,-0.0,-0.0,-0.0,-0.0
2040-02-17 07:00:00,0.0,4.646901991090572,-0.0,39.74754921530933,-0.0,-0.0,-0.0,-0.0,-0.0
2040-02-17 08:00:00,0.0,4.530687811978768,-0.0,36.627324533465625,-0.0,-0.0,-0.0,-0.0,-0.0
2040-02-17 09:00:00,0.0,4.4993186971181345,-0.0,37.83219261517618,-0.0,-0.0,-0.0,-0.0,-0.0
2040-02-17 10:00:00,0.0,4.350776420585322,-0.0,36.86919375224056,-0.0,-0.0,-0.0,-0.0,-0.0
2040-02-17 11:00:00,7.336067318411281,2.1013579621758676,-0.0,34.62286378730603,-0.0,-0.0,-0.0,-0.0,-0.0
2040-02-17 12:00:00,14.303615252667043,-1.0586801992593685e-16,-0.0,30.68550343845338,-0.0,-0.0,-0.0,-0.0,-0.0
2040-02-17 13:00:00,14.518163170943197,-1.0745599351764073e-16,-0.0,30.857259090544986,-0.0,-0.0,-0.0,-0.0,-0.0
2040-02-17 14:00:00,3.815990683048985,3.0771398222513433,-0.0,34.09558150010981,-0.0,-0.0,-0.0,-0.0,-0.0
2040-02-17 15:00:00,14.652082766587542,1.8761227559218207e-16,-0.0,31.61897389027201,-0.0,-0.0,-0.0,-0.0,-0.0
2040-02-17 16:00:00,15.00390697406877,7.37256941371597e-18,-0.0,31.475703718004358,-0.0,-0.0,-0.0,-0.0,-0.0
2040-02-17 17:00:00,14.712210120505102,9.53155983396328e-18,-0.0,33.41089939320056,-0.0,-0.0,-0.0,-0.0,-0.0
2040-02-17 18:00:00,0.0,4.468913596119814,-0.0,38.17148997002131,-0.0,-0.0,-4.1431704674175937e-14,-0.0,-0.0
2040-02-17 19:00:00,15.639057316706158,-1.1575227677626463e-16,-0.0,35.360153133823246,-0.0,-0.0,-0.0,-0.0,-0.0
2040-02-17 20:00:00,15.828174798835576,1.271761963623951e-18,-0.0,36.30346352744651,-0.0,-0.0,-0.0,-0.0,-0.0
2040-02-17 21:00:00,16.489061511711636,-4.773149395118018e-16,-0.0,35.691835941623204,-0.0,-0.0,-0.0,-0.0,-0.0
2040-02-17 22:00:00,17.26418904510629,4.643382786043609e-16,-0.0,38.42951040291068,-0.0,-0.0,-0.0,-0.0,-0.0
2040-02-17 23:00:00,0.0,4.9750647445433644,-0.0,42.94884862708683,-0.0,-0.0,-0.0,-0.0,-0.0
2040-02-18 00:00:00,0.0,4.956515793928462,-0.0,41.19538404360684,-0.0,-0.0,-0.0,-0.0,-0.0
2040-02-18 01:00:00,17.04626294837205,-7.743901433965675e-18,-0.0,36.421667673422746,-0.0,-0.0,-0.0,-0.0,-0.0
2040-02-18 02:00:00,16.33083360972234,-2.3929623919225736e-16,-0.0,35.98305695445529,-0.0,-0.0,-0.0,-0.0,-0.0
2040-02-18 03:00:00,0.0,4.902954210006569,-0.0,41.33390298330561,-0.0,-0.0,-0.0,-0.0,-0.0
2040-02-18 04:00:00,0.0,4.691781756114827,-0.0,38.71593595125918,-0.0,-0.0,-0.0,-0.0,-0.0
2040-02-18 05:00:00,15.702188374936064,1.2062803811433015e-16,-0.0,34.654546192154314,-0.0,-0.0,-0.0,-0.0,-0.0
2040-02-18 06:00:00,15.660226240672417,1.8015051494515125e-16,-0.0,34.26155465195823,-0.0,-0.0,-0.0,-0.0,-0.0
2040-02-18 07:00:00,15.546393678501797,2.4020493980165225e-16,-0.0,33.395129423481244,-0.0,-0.0,-0.0,-0.0,-0.0
2040-02-18 08:00:00,14.439091009281796,1.1553047338931765e-17,-0.0,32.819147619421116,-0.0,-0.0,-0.0,-0.0,-0.0
2040-02-18 09:00:00,14.212516445095927,7.244193063863053e-17,-0.0,31.873953271014635,-0.0,-0.0,-0.0,-0.0,-0.0
2040-02-18 10:00:00,0.0,4.2332645714815955,-0.0,35.21507184285656,-0.0,-0.0,-0.0,-0.0,-0.0
2040-02-18 11:00:00,0.0,4.217252030795003,-0.0,33.83928480099338,-0.0,-0.0,-0.0,-0.0,-0.0
2040-02-18 12:00:00,0.0,4.085430116451328,-0.0,32.949838828605074,-0.0,-0.0,-0.0,-0.0,-0.0
2040-02-18 13:00:00,0.0,4.12172068724918,-0.0,32.30360845572616,-0.0,-0.0,-0.0,-0.0,-0.0
2040-02-18 14:00:00,0.0,4.044721322507003,-0.0,33.03425121046715,-0.0,-0.0,-0.0,-0.0,-0.0
2040-02-18 15:00:00,0.0,4.118153490289015,-0.0,33.89450619760191,-0.0,-0.0,-0.0,-0.0,-0.0
2040-02-18 16:00:00,0.0,4.192447455144085,-0.0,34.32359650287656,-0.0,-0.0,-0.0,-0.0,-0.0
2040-02-18 17:00:00,0.0,4.336548707916439,-0.0,34.93727736208514,-0.0,-0.0,-0.0,-0.0,-0.0
2040-02-18 18:00:00,0.0,4.426971625503264,-0.0,37.16047264945903,-0.0,-0.0,-0.0,-0.0,-0.0
2040-02-18 19:00:00,0.0,4.4693688523562525,-0.0,38.900181172381615,-0.0,-0.0,-0.0,-0.0,-0.0
2040-02-18 20:00:00,0.0,4.70214011813815,-0.0,38.738321974679735,-0.0,-0.0,-0.0,-0.0,-0.0
2040-02-18 21:00:00,0.0,4.7715410967688925,-0.0,40.902248654174855,-0.0,-0.0,-0.0,-0.0,-0.0
2040-02-18 22:00:00,0.0,4.841398959334822,-0.0,41.27559823148904,-0.0,-0.0,-0.0,-0.0,-0.0
2040-02-18 23:00:00,0.0,4.8675061266295465,-0.0,40.80929671218179,-0.0,-0.0,-0.0,-0.0,-0.0
2040-02-19 00:00:00,0.0,5.025414459244231,-0.0,42.210663358016085,-0.0,-0.0,-0.0,-0.0,5.435234078001918e-13
2040-02-19 01:00:00,0.0,5.098800015169618,-0.0,41.867832981278674,-0.0,-0.0,-0.0,-0.0,-0.0
2040-02-19 02:00:00,0.0,5.1130124417157825,-0.0,43.11995450461586,-0.0,-0.0,-0.0,-0.0,-0.0
2040-02-19 03:00:00,0.0,4.963837260200959,-0.0,42.56738703599164,-0.0,-0.0,-0.0,-0.0,-0.0
2040-02-19 04:00:00,0.0,4.7298040255972085,-0.0,41.15685598042935,-0.0,-0.0,-0.0,-0.0,-0.0
2040-02-19 05:00:00,0.0,4.698936523392535,-0.0,39.732289093394016,-0.0,-0.0,-0.0,-0.0,-0.0
2040-02-19 06:00:00,0.0,4.632766842484409,-0.0,39.272980435832125,-0.0,-0.0,-0.0,-0.0,-0.0
2040-02-19 07:00:00,0.0,4.56912062618408,-0.0,38.07106400355883,-0.0,-0.0,-0.0,-0.0,-0.0
2040-02-19 08:00:00,0.0,4.549551077522703,-0.0,37.58263540178097,-0.0,-0.0,-0.0,-0.0,-0.0
2040-02-19 09:00:00,0.0,4.3048852107855184,-0.0,36.306386541746924,-0.0,-0.0,-0.0,-0.0,-0.0
2040-02-19 10:00:00,0.0,4.3205021336783185,-0.0,35.24849193867686,-0.0,-0.0,-0.0,-0.0,-0.0
2040-02-19 11:00:00,0.0,4.2806375622328,-0.0,33.35178366854533,-0.0,-0.0,-0.0,-0.0,-0.0
2040-02-19 12:00:00,0.0,4.109486356276515,-0.0,33.909831507384055,-0.0,-0.0,-0.0,-0.0,-0.0
2040-02-19 13:00:00,0.0,3.9671795654085726,-0.0,33.86783322911918,-0.0,-0.0,-0.0,-0.0,-0.0
2040-02-19 14:00:00,0.0,4.080718430700138,-0.0,33.27221746794174,-0.0,-0.0,-0.0,-0.0,-0.0
2040-02-19 15:00:00,0.0,4.151022999015584,-0.0,33.40014968805707,-0.0,-0.0,-0.0,-0.0,-0.0
2040-02-19 16:00:00,0.0,4.2866169617598855,-0.0,35.18885677197426,-0.0,-0.0,-0.0,-0.0,-0.0
2040-02-19 17:00:00,0.0,4.292547318599653,-0.0,34.796474163477875,-0.0,-0.0,-0.0,-0.0,-0.0
2040-02-19 18:00:00,0.0,4.316969768057923,-0.0,36.19390801173088,-0.0,-0.0,-0.0,-0.0,-0.0
2040-02-19 19:00:00,0.0,4.548044236190035,-0.0,37.593492243215,-0.0,-0.0,-0.0,-0.0,-0.0
2040-02-19 20:00:00,0.0,4.654102299944472,-0.0,38.256563505678166,-0.0,-0.0,-0.0,-0.0,-0.0
2040-02-19 21:00:00,0.0,4.648643911676136,-0.0,38.52068832548361,-0.0,-0.0,-0.0,-0.0,-0.0
2040-02-19 22:00:00,0.0,4.870083966460234,-0.0,42.20920435677368,-0.0,-0.0,-0.0,-0.0,-0.0
2040-02-19 23:00:00,0.0,4.9482022457360175,-0.0,41.39295813254356,-0.0,-0.0,-0.0,-0.0,-0.0
2040-02-20 00:00:00,0.0,5.022265751307644,-0.0,43.420847970434366,-0.0,-0.0,-0.0,-0.0,-0.0
2040-02-20 01:00:00,0.0,5.0636187791815495,-0.0,46.13297732793609,-0.0,-0.0,-0.0,-0.0,-0.0
2040-02-20 02:00:00,0.0,5.3316900606036794,-0.0,44.98891086221481,-0.0,-0.0,-0.0,-0.0,-0.0
2040-02-20 03:00:00,0.0,5.170413665651749,-0.0,45.37435352755782,-0.0,-0.0,-0.0,-0.0,-0.0
2040-02-20 04:00:00,0.0,5.067895567713849,-0.0,44.71016962545907,-0.0,-0.0,-0.0,-0.0,-0.0
2040-02-20 05:00:00,0.0,5.16528809359797,-0.0,42.038934532453794,-0.0,-0.0,-0.0,-0.0,-0.0
2040-02-20 06:00:00,0.0,4.926895457100468,-0.0,41.99641142187312,-0.0,-0.0,-0.0,-0.0,-0.0
2040-02-20 07:00:00,0.0,4.805697186282309,-0.0,40.790659864488255,-0.0,-0.0,-0.0,-0.0,-0.0
2040-02-20 08:00:00,0.0,4.598557945061713,-0.0,38.33062763430808,-0.0,-0.0,-0.0,-0.0,-0.0
2040-02-20 09:00:00,0.0,4.553644124785049,-0.0,37.22300008588275,-0.0,-0.0,-0.0,-0.0,-0.0
2040-02-20 10:00:00,0.0,4.333545530236381,-0.0,37.48610602892754,-0.0,-0.0,-0.0,-0.0,-0.0
2040-02-20 11:00:00,0.0,4.428319827473236,-0.0,36.31235337774919,-0.0,-0.0,-0.0,-0.0,-0.0
2040-02-20 12:00:00,0.0,4.266892592977428,-0.0,34.91966908388892,-0.0,-0.0,-0.0,-0.0,-0.0
2040-02-20 13:00:00,0.0,4.242059428917486,-0.0,34.927005938155546,-0.0,-0.0,-0.0,-0.0,-0.0
2040-02-20 14:00:00,0.0,4.341885616191014,-0.0,35.664638256657135,-0.0,-0.0,-0.0,-0.0,-0.0
2040-02-20 15:00:00,0.0,4.324110555726061,-0.0,35.62320340234008,-0.0,-0.0,-0.0,-0.0,-0.0
2040-02-20 16:00:00,0.0,4.481177571743,-0.0,38.1618868585969,-0.0,-0.0,-0.0,-0.0,-0.0
2040-02-20 17:00:00,0.0,4.462478152901972,-0.0,39.2573953771913,-0.0,-0.0,-0.0,-0.0,-0.0
2040-02-20 18:00:00,0.0,4.6545383034684145,-0.0,39.59949269928519,-0.0,-0.0,-0.0,-0.0,-0.0
2040-02-20 19:00:00,0.0,4.814697736498303,-0.0,39.939700968545864,-0.0,-0.0,-0.0,-0.0,-0.0
2040-02-20 20:00:00,0.0,4.97737249723316,-0.0,40.72009915947933,-0.0,-0.0,-0.0,-0.0,-0.0
2040-02-20 21:00:00,0.0,5.022760697181021,-0.0,42.20227872968767,-0.0,-0.0,-0.0,-0.0,-0.0
2040-02-20 22:00:00,0.0,5.224986592703865,-0.0,45.56533914209895,-0.0,-0.0,-0.0,-0.0,-0.0
2040-02-20 23:00:00,0.0,5.124392998673703,-0.0,45.4251625985579,-0.0,-0.0,-0.0,-0.0,-0.0
2040-02-21 00:00:00,0.0,5.238700438101713,-0.0,44.24650654301928,-0.0,-0.0,-0.0,-0.0,-0.0
2040-02-21 01:00:00,0.0,5.26092505672679,-0.0,44.7898372989784,-0.0,-0.0,-0.0,-0.0,-0.0
2040-02-21 02:00:00,0.0,5.129158988821117,-0.0,45.662836627997535,-0.0,-0.0,-0.0,-0.0,-0.0
2040-02-21 03:00:00,0.0,5.135249820908091,-0.0,44.12127200891197,-0.0,-0.0,-0.0,5.703453831763418e-13,-0.0
2040-02-21 04:00:00,0.0,5.052087692553847,-0.0,43.33990152418326,-0.0,-0.0,5.476529604467125e-13,-0.0,5.587192961912468e-13
2040-02-21 05:00:00,0.0,5.086828721419597,-0.0,43.19961010097175,-0.0,-0.0,-0.0,-0.0,-0.0
2040-02-21 06:00:00,0.0,4.846414824691084,-0.0,42.17238935648527,-0.0,-0.0,-0.0,-0.0,-0.0
2040-02-21 07:00:00,0.0,4.742936910049297,-0.0,40.37580236829242,-0.0,-0.0,-0.0,-0.0,-0.0
2040-02-21 08:00:00,0.0,4.5874965566190555,-0.0,40.62915152560882,-0.0,-0.0,-0.0,-0.0,-0.0
2040-02-21 09:00:00,0.0,4.531879449415938,-0.0,38.07351994915922,-0.0,-0.0,-0.0,-0.0,-0.0
2040-02-21 10:00:00,0.0,4.379546488678393,-0.0,36.76520120391712,-0.0,-0.0,-0.0,-0.0,-0.0
2040-02-21 11:00:00,0.0,4.366470359695379,-0.0,35.09097724055087,-0.0,-0.0,-0.0,-0.0,-0.0
2040-02-21 12:00:00,0.0,4.306833255674242,-0.0,35.08042056138377,-0.0,-0.0,-0.0,-0.0,-0.0
2040-02-21 13:00:00,0.0,4.316431732365122,-0.0,35.55213707349318,-0.0,-0.0,-0.0,-0.0,-0.0
2040-02-21 14:00:00,0.0,4.392664125196807,-0.0,35.70465728684623,-0.0,-0.0,1.656821045038367e-13,-0.0,-0.0
2040-02-21 15:00:00,0.0,4.407265787318741,-0.0,35.39317981236085,-0.0,-0.0,-0.0,-0.0,-0.0
2040-02-21 16:00:00,0.0,4.461409199615112,-0.0,38.81542466229611,-0.0,-0.0,-0.0,-0.0,1.6924674710223642e-13
2040-02-21 17:00:00,0.0,4.624876789044946,-0.0,38.41731670355344,-0.0,-0.0,-0.0,-0.0,-0.0
2040-02-21 18:00:00,0.0,4.790451968922239,-0.0,39.46393824354448,-0.0,-0.0,-5.454713524036654e-14,-0.0,-0.0
2040-02-21 19:00:00,0.0,4.904987445934933,-0.0,40.344610948825135,-0.0,-0.0,-0.0,-0.0,-0.0
2040-02-21 20:00:00,0.0,4.986662050401108,-0.0,41.50563296387857,-0.0,-0.0,-0.0,-0.0,-0.0
2040-02-21 21:00:00,0.0,5.063835737091903,-0.0,41.2005972828252,-0.0,-0.0,-0.0,-0.0,-1.6828589986279582e-13
2040-02-21 22:00:00,0.0,5.027568824998354,-0.0,43.62762682149014,-0.0,-0.0,-0.0,-0.0,-0.0
2040-02-21 23:00:00,0.0,5.368255305249913,-0.0,43.77523223468527,-0.0,-0.0,-0.0,-0.0,-0.0
2040-02-22 00:00:00,0.0,5.312036577133996,-0.0,43.93863885443585,-0.0,-0.0,-0.0,-0.0,-0.0
2040-02-22 01:00:00,0.0,5.248609098235238,-0.0,46.400053179290175,-0.0,-0.0,-0.0,-0.0,-0.0
2040-02-22 02:00:00,0.0,5.2452578899994995,-0.0,44.96858769874684,-0.0,-0.0,-0.0,-0.0,-0.0
2040-02-22 03:00:00,0.0,5.318272872649679,-0.0,44.85716080392711,-0.0,-0.0,-0.0,-0.0,-0.0
2040-02-22 04:00:00,0.0,4.984115629920367,-0.0,43.48078039368174,-0.0,-0.0,-0.0,-0.0,-0.0
2040-02-22 05:00:00,0.0,5.052151258977703,-0.0,42.39501973909301,-0.0,-0.0,-0.0,-0.0,-0.0
2040-02-22 06:00:00,0.0,4.9986345763970625,-0.0,40.77862711914534,-0.0,-0.0,-0.0,-0.0,-0.0
2040-02-22 07:00:00,0.0,4.914097046514356,-0.0,41.028552015047,-0.0,-0.0,-0.0,-0.0,-0.0
2040-02-22 08:00:00,0.0,4.674956230797707,-0.0,38.440907291903486,-0.0,-0.0,-0.0,-0.0,-0.0
2040-02-22 09:00:00,7.351451261536232,2.4391724988584373,-0.0,35.06348265305549,-0.0,-0.0,-0.0,-0.0,-0.0
2040-02-22 10:00:00,0.0,4.365897007358114,-0.0,36.12448320616726,-0.0,-0.0,-0.0,-0.0,-0.0
2040-02-22 11:00:00,0.0,4.381460598696893,-0.0,36.488224725299986,-0.0,-0.0,-0.0,-0.0,-0.0
2040-02-22 12:00:00,14.790352194538057,-1.6868249163795078e-16,-0.0,31.748795948093345,-0.0,-0.0,-0.0,-0.0,-0.0
2040-02-22 13:00:00,12.016338144122093,0.5903161259974714,-0.0,32.3135999508701,-0.0,-0.0,-0.0,-0.0,-0.0
2040-02-22 14:00:00,3.6050664337012726,3.3736539367599554,-0.0,34.727374089127025,-0.0,-0.0,-0.0,-0.0,-0.0
2040-02-22 15:00:00,0.0,4.380406775682441,-0.0,36.14274060387682,-0.0,-0.0,-0.0,-0.0,-0.0
2040-02-22 16:00:00,14.840224101377371,6.77959606870495e-17,-0.0,33.39318840685042,-0.0,-0.0,-0.0,-0.0,-0.0
2040-02-22 17:00:00,0.0,4.596733304432255,-0.0,37.04316898035058,-0.0,-0.0,-0.0,-0.0,-0.0
2040-02-22 18:00:00,0.0,4.654705168857986,-0.0,39.564310013228436,-0.0,-0.0,-0.0,-0.0,-0.0
2040-02-22 19:00:00,0.0,4.75702887623832,-0.0,40.4306187234437,-0.0,-0.0,-0.0,-0.0,-0.0
2040-02-22 20:00:00,0.0,5.023341520217291,-0.0,41.311045583478375,-0.0,-0.0,-0.0,-0.0,-0.0
2040-02-22 21:00:00,0.0,5.126264590376028,-0.0,42.14948643304933,-0.0,-0.0,-0.0,-0.0,-0.0
2040-02-22 22:00:00,0.0,5.26300248527481,-0.0,42.62257976157651,-0.0,-0.0,-0.0,-0.0,-0.0
2040-02-22 23:00:00,0.0,5.138174419585416,-0.0,43.19419042459792,-0.0,-0.0,-0.0,-0.0,-0.0
2040-02-23 00:00:00,0.0,5.29376993338132,-0.0,44.06378087444109,-0.0,-0.0,-0.0,-0.0,1.761767222113045e-13
2040-02-23 01:00:00,0.0,5.223174287611109,-0.0,44.78659726936872,-0.0,-0.0,-0.0,-0.0,-0.0
2040-02-23 02:00:00,0.0,5.2662362482511424,-0.0,46.60052642777117,-0.0,-0.0,-0.0,-0.0,-0.0
2040-02-23 03:00:00,5.683424933609706,3.7281388988036257,-0.0,42.48000889432467,-0.0,-0.0,-0.0,-0.0,-0.0
2040-02-23 04:00:00,0.0,5.153231480857038,-0.0,43.60850136226528,-0.0,-0.0,-0.0,-0.0,-0.0
2040-02-23 05:00:00,0.0,5.07350063896017,-0.0,42.44506416657788,-0.0,-0.0,-0.0,-0.0,-0.0
2040-02-23 06:00:00,16.742295523987366,-2.4234166913207985e-16,-0.0,35.62379909729176,-0.0,-0.0,-0.0,-0.0,-0.0
2040-02-23 07:00:00,0.0,4.7991445286897845,-0.0,39.69880857252039,-0.0,-0.0,-0.0,-0.0,-0.0
2040-02-23 08:00:00,0.0,4.865401251970842,-0.0,40.368701241749534,-0.0,-0.0,-0.0,-0.0,-0.0
2040-02-23 09:00:00,15.163178743517914,-2.306538570770856e-16,-0.0,33.450818046533726,-0.0,-0.0,-0.0,-0.0,-0.0
2040-02-23 10:00:00,0.0,4.446056669248014,-0.0,36.02124925217597,-0.0,-0.0,-0.0,-0.0,-0.0
2040-02-23 11:00:00,0.0,4.37998025650846,-0.0,34.93162118972574,-0.0,-0.0,-0.0,-0.0,-0.0
2040-02-23 12:00:00,14.806048154315144,6.804891350916188e-17,-0.0,32.30051777179285,-0.0,-0.0,-0.0,-0.0,3.8512099823303523e-13
2040-02-23 13:00:00,14.91191167472026,-1.6958221252968243e-16,-0.0,31.102439139027897,-0.0,-0.0,-0.0,-0.0,-0.0
2040-02-23 14:00:00,13.748231298959038,0.2583241866402595,-0.0,30.85058146350061,-0.0,-0.0,3.764519887547707e-13,-0.0,-0.0
2040-02-23 15:00:00,0.0,4.360023191856052,-0.0,36.719441847295755,-0.0,-0.0,-0.0,-0.0,-0.0
2040-02-23 16:00:00,0.0,4.570763543200606,-0.0,36.9629737041727,-0.0,-0.0,-0.0,-0.0,-0.0
2040-02-23 17:00:00,0.0,4.604457367485626,-0.0,37.605710628280065,-0.0,-0.0,-0.0,-0.0,-0.0
2040-02-23 18:00:00,0.0,4.788381396271199,-0.0,39.21343666990576,-0.0,-0.0,-0.0,-0.0,-0.0
2040-02-23 19:00:00,0.0,4.960130533339945,-0.0,41.51395335746454,-0.0,-0.0,-0.0,-0.0,-0.0
2040-02-23 20:00:00,0.0,4.9710340889577855,-0.0,40.95016094468023,-0.0,-0.0,-0.0,-0.0,-0.0
2040-02-23 21:00:00,0.0,5.114842137441719,-0.0,43.40862666266431,-0.0,-0.0,-0.0,-0.0,-0.0
2040-02-23 22:00:00,0.0,5.195524494886399,-0.0,43.880219247692956,-0.0,-0.0,-0.0,-0.0,-0.0
2040-02-23 23:00:00,0.0,5.193081188140872,-0.0,44.03356360104421,-0.0,-0.0,-0.0,-0.0,-0.0
2040-02-24 00:00:00,0.0,5.293559882250386,-0.0,46.26817793862286,-0.0,-0.0,-0.0,-0.0,-0.0
2040-02-24 01:00:00,0.0,5.405187409613873,-0.0,45.013623004621536,-0.0,-0.0,-0.0,-0.0,-0.0
2040-02-24 02:00:00,0.0,5.3606040517184335,-0.0,45.23071821281835,-0.0,-0.0,-0.0,-0.0,-0.0
2040-02-24 03:00:00,0.0,5.245296185053504,-0.0,44.17816451878229,-0.0,-0.0,-0.0,-0.0,-0.0
2040-02-24 04:00:00,0.0,5.267571057653577,-0.0,42.88521139540817,-0.0,-0.0,-0.0,-0.0,-0.0
2040-02-24 05:00:00,0.0,5.06709702634181,-0.0,43.05830157187426,-0.0,-0.0,-0.0,-0.0,-0.0
2040-02-24 06:00:00,0.0,5.123826491609647,-0.0,41.054306855283514,-0.0,-0.0,-0.0,-0.0,-0.0
2040-02-24 07:00:00,0.0,4.9490143971493765,-0.0,41.814255392777405,-0.0,-0.0,-0.0,-0.0,-0.0
2040-02-24 08:00:00,0.0,4.712655164612271,-0.0,40.289021131634854,-0.0,-0.0,-0.0,-0.0,-0.0
2040-02-24 09:00:00,0.0,4.536673777814468,-0.0,37.62956714213545,-0.0,-0.0,-0.0,-0.0,-0.0
2040-02-24 10:00:00,0.0,4.4445325223512855,-0.0,36.647855801357025,-0.0,-0.0,-0.0,-0.0,-0.0
2040-02-24 11:00:00,0.0,4.417105737156491,-0.0,35.79178175824859,-0.0,-0.0,-0.0,-0.0,-0.0
2040-02-24 12:00:00,0.0,4.428418738649078,-0.0,36.99427710660554,-0.0,-0.0,-0.0,-0.0,-0.0
2040-02-24 13:00:00,0.0,4.329570579502431,-0.0,34.91667661138753,-0.0,-0.0,-0.0,-0.0,-0.0
2040-02-24 14:00:00,0.0,4.347735473814173,-0.0,35.12203881279033,-0.0,-0.0,-0.0,-0.0,-0.0
2040-02-24 15:00:00,0.0,4.468162180592727,-0.0,35.76131741173524,-0.0,-0.0,-0.0,-0.0,-0.0
2040-02-24 16:00:00,0.0,4.691717178328986,-0.0,36.69439160819031,-0.0,-0.0,-0.0,-0.0,-0.0
2040-02-24 17:00:00,0.0,4.629794106239579,-0.0,39.08494804223287,-0.0,-0.0,-0.0,-0.0,-0.0
2040-02-24 18:00:00,0.0,4.707042618112291,-0.0,38.947063633926334,-0.0,-0.0,-0.0,-0.0,-0.0
2040-02-24 19:00:00,0.0,4.866112032882239,-0.0,40.60586993066474,-0.0,-0.0,-0.0,-0.0,-0.0
2040-02-24 20:00:00,0.0,5.015442765748721,-0.0,41.592148142986595,-0.0,-0.0,-0.0,-0.0,-0.0
2040-02-24 21:00:00,0.0,5.071121035995588,-0.0,42.687677964036595,-0.0,-0.0,-0.0,-0.0,-0.0
2040-02-24 22:00:00,0.0,5.2865590242961655,-0.0,45.453248956070546,-0.0,-0.0,-0.0,-0.0,-0.0
2040-02-24 23:00:00,0.0,5.287817808282694,-0.0,46.01262593991338,-0.0,-0.0,-0.0,-0.0,-0.0
2040-02-25 00:00:00,0.0,5.028950802636146,-0.0,42.817496372397905,-0.0,-0.0,-0.0,-0.0,-0.0
2040-02-25 01:00:00,0.0,5.236774122004044,-0.0,42.27557342729685,-0.0,-0.0,-0.0,-0.0,-0.0
2040-02-25 02:00:00,0.0,5.237079385252803,-0.0,44.36865575402846,-0.0,-0.0,-0.0,-0.0,-0.0
2040-02-25 03:00:00,0.0,5.0778924208983165,-0.0,42.15015321689581,-0.0,-0.0,-4.794679911454701e-13,-0.0,-5.443393455097436e-13
2040-02-25 04:00:00,0.0,5.051147734487174,-0.0,40.73353279782075,-0.0,-0.0,-0.0,-0.0,5.5058750173828024e-14
2040-02-25 05:00:00,0.0,4.831051679203195,-0.0,39.76457763852814,-0.0,-0.0,-0.0,-0.0,-0.0
2040-02-25 06:00:00,0.0,4.64824510784189,-0.0,39.23068268631968,-0.0,-0.0,-0.0,-0.0,-0.0
2040-02-25 07:00:00,0.0,4.652416782170095,-0.0,38.635635010100465,-0.0,-0.0,-0.0,-0.0,-0.0
2040-02-25 08:00:00,0.0,4.719378838144471,-0.0,35.36792722195837,-0.0,-0.0,-0.0,-0.0,-0.0
2040-02-25 09:00:00,0.0,4.490370223184315,-0.0,36.2275442427841,-0.0,-0.0,-0.0,-0.0,-0.0
2040-02-25 10:00:00,0.0,4.243310487272709,-0.0,34.86595561663341,-0.0,-0.0,-0.0,-0.0,-5.508629332048827e-14
2040-02-25 11:00:00,0.0,4.298549559743734,-0.0,34.64240419906675,-0.0,-0.0,-0.0,-0.0,-0.0
2040-02-25 12:00:00,0.0,4.245254895635918,-0.0,33.3488733318145,-0.0,-0.0,-0.0,-0.0,5.5432277692432704e-14
2040-02-25 13:00:00,0.0,4.232422196471492,-0.0,34.301138936507925,-0.0,-0.0,-0.0,-0.0,-0.0
2040-02-25 14:00:00,0.0,4.3017583594504885,-0.0,33.64132336547746,-0.0,-0.0,-0.0,-0.0,-0.0
2040-02-25 15:00:00,0.0,4.291284026832888,-0.0,34.9950210094199,-0.0,-0.0,-0.0,-0.0,-5.508629332048827e-14
2040-02-25 16:00:00,0.0,4.374457119828939,-0.0,36.47461460486254,-0.0,-0.0,-0.0,-0.0,-0.0
2040-02-25 17:00:00,13.077590964903349,0.5089932617455049,-0.0,32.16972814564952,-0.0,-0.0,-0.0,-0.0,-0.0
2040-02-25 18:00:00,15.542653011963774,-5.582684693760311e-17,-0.0,32.703956987163494,-0.0,-0.0,-0.0,-0.0,-0.0
2040-02-25 19:00:00,0.0,4.73601789292998,-0.0,38.45469401084085,-0.0,-0.0,-0.0,-0.0,-0.0
2040-02-25 20:00:00,0.0,4.7207271172315055,-0.0,38.09900806922914,-0.0,-0.0,-0.0,-0.0,-0.0
2040-02-25 21:00:00,0.0,4.915109884436823,-0.0,40.76579372288353,-0.0,-0.0,-0.0,-0.0,-0.0
2040-02-25 22:00:00,0.0,5.0910164431764064,-0.0,40.34678067553832,-0.0,-0.0,-0.0,-0.0,-0.0
2040-02-25 23:00:00,0.0,5.076936515833025,-0.0,40.18565934468315,-0.0,-0.0,-0.0,-0.0,-0.0
2040-02-26 00:00:00,0.0,5.126941774658349,-0.0,42.51895607421274,-0.0,-0.0,-0.0,-0.0,-0.0
2040-02-26 01:00:00,0.0,5.090630334960049,-0.0,43.16398912966404,-0.0,-0.0,-0.0,-0.0,-0.0
2040-02-26 02:00:00,0.0,5.2014027519614245,-0.0,41.99457694695909,-0.0,-0.0,-0.0,-0.0,-0.0
2040-02-26 03:00:00,0.0,5.036485871718075,-0.0,40.82855972364471,-0.0,-0.0,-0.0,-0.0,-0.0
2040-02-26 04:00:00,0.0,5.021497657932223,-0.0,42.39340649507277,-0.0,-0.0,-0.0,-0.0,-0.0
2040-02-26 05:00:00,0.0,5.044547363301871,-0.0,39.44932366466863,-0.0,-0.0,-0.0,-0.0,-0.0
2040-02-26 06:00:00,0.0,4.8653046457207525,-0.0,40.181626610094426,-0.0,-0.0,-0.0,-0.0,-0.0
2040-02-26 07:00:00,0.0,4.799245958085741,-0.0,38.13787495383596,-0.0,-0.0,-0.0,-0.0,-0.0
2040-02-26 08:00:00,0.0,4.528810772653163,-0.0,36.287518082212046,-0.0,-0.0,-0.0,-0.0,-0.0
2040-02-26 09:00:00,0.0,4.495378461230928,-0.0,36.19523199105563,-0.0,-0.0,-0.0,-0.0,-0.0
2040-02-26 10:00:00,0.0,4.415478243102062,-0.0,33.57443657726062,-0.0,-0.0,-0.0,-0.0,-0.0
2040-02-26 11:00:00,0.0,4.404357817948779,-0.0,33.99589482088322,-0.0,-0.0,-0.0,-0.0,-0.0
2040-02-26 12:00:00,0.0,4.213483274699866,-0.0,33.83286203860671,-0.0,-0.0,-0.0,-0.0,-0.0
2040-02-26 13:00:00,0.0,4.322044147342751,-0.0,33.76751976378967,-0.0,-0.0,-0.0,-0.0,-0.0
2040-02-26 14:00:00,0.0,4.299845852838314,-0.0,34.7379489761329,-0.0,-0.0,-0.0,-0.0,-0.0
2040-02-26 15:00:00,0.0,4.358785307353793,-0.0,33.757017171051395,-0.0,-0.0,-0.0,-0.0,-0.0
2040-02-26 16:00:00,0.0,4.425171175516277,-0.0,35.4272571576191,-0.0,-0.0,-0.0,-0.0,-0.0
2040-02-26 17:00:00,0.0,4.565661818316958,-0.0,35.95398836104452,-0.0,-0.0,-0.0,-0.0,-0.0
2040-02-26 18:00:00,0.0,4.7093659508610335,-0.0,37.672419952564304,-0.0,-0.0,-0.0,-0.0,-0.0
2040-02-26 19:00:00,0.0,4.577495588273148,-0.0,38.35476608814906,-0.0,-0.0,-0.0,-0.0,-0.0
2040-02-26 20:00:00,0.0,4.771073082353269,-0.0,40.11413830987519,-0.0,-0.0,-0.0,-0.0,-0.0
2040-02-26 21:00:00,0.0,5.024804726445217,-0.0,40.46593518837209,-0.0,-0.0,-0.0,-0.0,-0.0
2040-02-26 22:00:00,0.0,4.913399914798172,-0.0,42.30758754262439,-0.0,-0.0,-0.0,-0.0,-0.0
2040-02-26 23:00:00,0.0,5.0929279993519785,-0.0,42.1081786479583,-0.0,-0.0,-0.0,-0.0,-0.0
2040-02-27 00:00:00,0.0,5.5141137264503755,-0.0,44.773984878060844,-0.0,-0.0,-0.0,-0.0,-0.0
2040-02-27 01:00:00,0.0,5.385012362107253,-0.0,45.418783333768204,-0.0,-0.0,-0.0,-0.0,-0.0
2040-02-27 02:00:00,0.0,5.3070515812263315,-0.0,45.27292882539778,-0.0,-0.0,-0.0,-0.0,-0.0
2040-02-27 03:00:00,0.0,5.208430023853843,-0.0,45.83830684788146,-0.0,-0.0,-0.0,-0.0,-0.0
2040-02-27 04:00:00,0.0,5.229010687530683,-0.0,43.07360897249437,-0.0,-0.0,-0.0,-0.0,-0.0
2040-02-27 05:00:00,0.0,5.139032395807798,-0.0,43.01634458395963,-0.0,-0.0,-0.0,-0.0,-0.0
2040-02-27 06:00:00,0.0,5.014587263996334,-0.0,40.91156002341477,-0.0,-0.0,-0.0,-0.0,-0.0
2040-02-27 07:00:00,0.0,5.043636068611007,-0.0,41.42865769855088,-0.0,-0.0,-0.0,-0.0,-0.0
2040-02-27 08:00:00,0.0,4.924183591802656,-0.0,40.14511795685989,-0.0,-0.0,-0.0,-0.0,-0.0
2040-02-27 09:00:00,0.0,4.712199893776585,-0.0,38.722358154570074,-0.0,-0.0,-0.0,-0.0,-0.0
2040-02-27 10:00:00,0.0,4.678512449543166,-0.0,36.439751170286094,-0.0,-0.0,-0.0,-0.0,-0.0
2040-02-27 11:00:00,0.0,4.418800017562266,-0.0,35.734039996653294,-0.0,-0.0,-0.0,-0.0,-0.0
2040-02-27 12:00:00,0.0,4.440828440179657,-0.0,35.96139011075533,-0.0,-0.0,-0.0,-0.0,-0.0
2040-02-27 13:00:00,0.0,4.451286774170224,-0.0,36.12047196157192,-0.0,-0.0,-0.0,-0.0,-0.0
2040-02-27 14:00:00,0.0,4.388515408825139,-0.0,36.42266795383206,-0.0,-0.0,-0.0,-0.0,-0.0
2040-02-27 15:00:00,0.0,4.509928657480651,-0.0,36.21505603967543,-0.0,-0.0,-0.0,-0.0,-0.0
2040-02-27 16:00:00,0.0,4.576362900864265,-0.0,37.363149787421946,-0.0,-0.0,-0.0,-0.0,-0.0
2040-02-27 17:00:00,0.0,4.774887815943291,-0.0,38.10588854935324,-0.0,-0.0,-0.0,-0.0,-0.0
2040-02-27 18:00:00,0.0,4.837974592524393,-0.0,39.1081773662179,-0.0,-0.0,-0.0,-0.0,-0.0
2040-02-27 19:00:00,0.0,4.945403085133495,-0.0,40.42422783678798,-0.0,-0.0,-0.0,-0.0,-0.0
2040-02-27 20:00:00,0.0,5.010824521948519,-0.0,41.04173709353635,-0.0,-0.0,-0.0,-0.0,-0.0
2040-02-27 21:00:00,0.0,5.184678446930207,-0.0,43.77389577936684,-0.0,-0.0,-0.0,-0.0,-0.0
2040-02-27 22:00:00,0.0,5.317394566240613,-0.0,45.156285472370634,-0.0,-0.0,-0.0,-0.0,-0.0
2040-02-27 23:00:00,0.0,5.4330928367046,-0.0,45.3365277183478,-0.0,-0.0,-0.0,-0.0,-0.0
2040-02-28 00:00:00,0.0,5.307103793951119,-0.0,44.86068630920354,-0.0,-0.0,-0.0,-0.0,-0.0
2040-02-28 01:00:00,0.0,5.647874889590916,-0.0,46.88784832065418,-0.0,-0.0,-0.0,-0.0,-0.0
2040-02-28 02:00:00,0.0,5.563796307854836,-0.0,44.70974387390989,-0.0,-0.0,-0.0,-0.0,-0.0
2040-02-28 03:00:00,0.0,5.3385943595963825,-0.0,45.727029574547934,-0.0,-0.0,-0.0,-0.0,-0.0
2040-02-28 04:00:00,9.559860494143114,2.36937049058015,-0.0,41.92340690391014,-0.0,-0.0,-0.0,-0.0,-0.0
2040-02-28 05:00:00,9.100109887967633,2.5155769278208546,-0.0,41.353783027048955,-0.0,-0.0,-0.0,-0.0,-0.0
2040-02-28 06:00:00,1.966789753024898,4.303110426252397,-0.0,39.90090419002892,-0.0,-0.0,-0.0,-0.0,-0.0
2040-02-28 07:00:00,16.441528223526873,-1.2169175462522588e-16,-0.0,36.01875568392218,-0.0,-0.0,-0.0,-0.0,-0.0
2040-02-28 08:00:00,16.340515560881304,-4.762154786129573e-16,-0.0,34.30922775463905,-0.0,-0.0,-0.0,-0.0,-0.0
2040-02-28 09:00:00,15.603092030727046,1.8057339304765204e-16,-0.0,34.15262853568869,-0.0,-0.0,-0.0,-0.0,-0.0
2040-02-28 10:00:00,15.190466612113612,6.520364535623685e-17,-0.0,32.85803283585311,-0.0,-0.0,-0.0,-0.0,-0.0
2040-02-28 11:00:00,14.88013806926491,6.750053797936353e-17,-0.0,30.697850873863032,-0.0,-0.0,-0.0,-0.0,-0.0
2040-02-28 12:00:00,15.137966193428937,2.432279104537698e-16,-0.0,32.0408319159431,-0.0,-0.0,-0.0,-0.0,-0.0
2040-02-28 13:00:00,15.059953523528291,1.8459342555600266e-16,-0.0,32.62388156231191,-0.0,-0.0,-0.0,-0.0,-0.0
2040-02-28 14:00:00,5.134516460480138,2.9344357874767035,-0.0,34.86935390067838,-0.0,-0.0,-0.0,-0.0,-0.0
2040-02-28 15:00:00,0.0,4.561806826205765,-0.0,37.1155151811291,-0.0,-0.0,-0.0,-0.0,-0.0
2040-02-28 16:00:00,0.0,4.585222807764844,-0.0,37.44713377222778,-0.0,-0.0,-0.0,-0.0,-0.0
2040-02-28 17:00:00,0.0,4.764482322915469,-0.0,38.76191473878771,-0.0,-0.0,-0.0,-0.0,-0.0
2040-02-28 18:00:00,15.980878732657066,-5.907036883824743e-17,-0.0,34.3186071919602,-0.0,-0.0,-0.0,-0.0,-0.0
2040-02-28 19:00:00,16.424055832157386,3.521327242227986e-16,-0.0,36.98658087591452,-0.0,-0.0,-0.0,-0.0,-0.0
2040-02-28 20:00:00,17.04845089342263,1.1066369381290591e-16,-0.0,38.6345531087229,-0.0,-0.0,-0.0,-0.0,-0.0
2040-02-28 21:00:00,17.51183109460041,1.0723399135621917e-16,-0.0,37.41811539871151,-0.0,-0.0,-0.0,-0.0,-0.0
2040-02-28 22:00:00,0.0,5.240603193620146,-0.0,44.481362979097156,-0.0,-0.0,-0.0,-0.0,-0.0
2040-02-28 23:00:00,17.99760008375529,-1.4785210713188436e-17,-0.0,39.24086482030956,-0.0,-5.454713524036654e-14,-0.0,-0.0,-0.0
2040-02-29 00:00:00,0.0,5.488226413764614,-0.0,46.82320504184526,-0.0,-0.0,-0.0,-0.0,-0.0
2040-02-29 01:00:00,0.0,5.547936707908814,-0.0,45.93029018007584,-0.0,-0.0,-0.0,-0.0,-0.0
2040-02-29 02:00:00,0.0,5.557137990333243,-0.0,46.28557292865874,-0.0,-0.0,-0.0,-0.0,-0.0
2040-02-29 03:00:00,0.0,5.278384276735644,-0.0,44.75154606699178,-0.0,-0.0,-0.0,-0.0,-0.0
2040-02-29 04:00:00,10.805969879871949,2.1250083217695024,-0.0,41.92340690391014,-0.0,-0.0,-0.0,-0.0,-0.0
2040-02-29 05:00:00,8.596751910558023,2.704290717899134,-0.0,41.353783027048955,-0.0,-0.0,-0.0,-0.0,-0.0
2040-02-29 06:00:00,7.992177150298711,2.6200251441295173,-0.0,39.90090419002892,-0.0,-0.0,-0.0,-0.0,-0.0
2040-02-29 07:00:00,16.496030924347522,-1.220951556475948e-16,-0.0,36.311389240751,-0.0,-0.0,-0.0,-0.0,3.2273872786896725e-14
2040-02-29 08:00:00,16.16169347944094,-1.1962056145206394e-16,-0.0,33.78409660337166,-0.0,-0.0,-0.0,-0.0,-0.0
2040-02-29 09:00:00,15.707854433496609,1.7979799550318654e-16,-0.0,34.328546689249684,-0.0,-0.0,-0.0,-0.0,-0.0
2040-02-29 10:00:00,15.509678275885076,-2.3321846880279146e-16,-0.0,32.195475803909474,-0.0,-0.0,-0.0,-0.0,-0.0
2040-02-29 11:00:00,15.129905984701482,-1.7119569454420525e-16,-0.0,31.805833909135128,-0.0,2.540105596577968e-14,-0.0,-0.0,-0.0
2040-02-29 12:00:00,0.0,4.601134979220737,-0.0,36.36631187292998,-0.0,-0.0,-0.0,-0.0,-0.0
2040-02-29 13:00:00,0.0,4.481119744395483,-0.0,36.53562550973641,-0.0,-0.0,-0.0,-0.0,-0.0
2040-02-29 14:00:00,6.569749746369785,2.5728446720302895,-0.0,34.86935390067838,-0.0,-0.0,-0.0,-0.0,-0.0
2040-02-29 15:00:00,0.0,4.585654574540736,-0.0,36.933741902906704,-0.0,-0.0,-0.0,-0.0,-0.0
2040-02-29 16:00:00,0.0,4.625346562865258,-0.0,37.63445318717716,-0.0,-0.0,-0.0,-0.0,-0.0
2040-02-29 17:00:00,0.0,4.848145735560208,-0.0,39.067989768929586,-0.0,-0.0,-0.0,-0.0,-0.0
2040-02-29 18:00:00,16.299034656009432,-1.2063709036176693e-16,-0.0,34.21138630780017,-0.0,-0.0,-0.0,-0.0,-0.0
2040-02-29 19:00:00,16.48859851802432,2.3323122308997785e-16,-0.0,35.920027496050274,-0.0,-0.0,-0.0,-0.0,-0.0
2040-02-29 20:00:00,17.198211022263745,4.648266140715544e-16,-0.0,36.513399813606995,-0.0,-0.0,-0.0,-0.0,-0.0
2040-02-29 21:00:00,17.380119213828497,-1.0214934186133112e-17,-0.0,36.735771308254094,-0.0,-0.0,-0.0,-0.0,-0.0
2040-02-29 22:00:00,17.7480328470439,3.423333257827887e-16,-0.0,38.03000256147141,-0.0,-0.0,-0.0,-0.0,-0.0
2040-02-29 23:00:00,0.0,5.363394597485324,-0.0,45.834538296706796,-0.0,-0.0,-0.0,-0.0,-0.0
2040-03-01 00:00:00,0.0,5.477655961733788,-0.0,45.082070874360184,-0.0,-0.0,-0.0,-0.0,-0.0
2040-03-01 01:00:00,18.36393202509111,-1.3592040104604953e-16,-0.0,38.89490921293336,-0.0,-0.0,-0.0,-0.0,-0.0
2040-03-01 02:00:00,18.74829355516565,2.165061200308745e-16,-0.0,40.09644730808898,-0.0,-0.0,-0.0,-0.0,-0.0
2040-03-01 03:00:00,2.4044360375416813,4.713684316611171,-0.0,43.866707570894256,-0.0,-0.0,-0.0,-0.0,-0.0
2040-03-01 04:00:00,17.929031240017647,-1.427769931925872e-17,-0.0,38.576728126154855,-0.0,-0.0,-0.0,-0.0,-0.0
2040-03-01 05:00:00,17.74107289549861,1.0553726118579439e-16,-0.0,37.79777838369175,-0.0,-0.0,-0.0,-0.0,-0.0
2040-03-01 06:00:00,17.401777667057058,-2.472228175291806e-16,-0.0,37.21474402815159,-0.0,-0.0,-0.0,-0.0,-0.0
2040-03-01 07:00:00,16.7359600285677,2.314003801272357e-16,-0.0,36.035953238158925,-0.0,-0.0,-0.0,-0.0,-0.0
2040-03-01 08:00:00,16.601304562354198,4.692446093738149e-16,-0.0,34.67006135845074,-0.0,-0.0,-0.0,-0.0,-0.0
2040-03-01 09:00:00,16.464215454115948,-2.4028346315700907e-16,-0.0,33.865935366117014,-0.0,-0.0,-0.0,-0.0,-0.0
2040-03-01 10:00:00,15.72873146981173,-2.348397881328918e-16,-0.0,32.78061076753837,-0.0,-0.0,-0.0,-0.0,-0.0
2040-03-01 11:00:00,15.17063463121137,6.535043150171416e-17,-0.0,32.3861783798886,-0.0,-0.0,-0.0,-0.0,-0.0
2040-03-01 12:00:00,15.182364220724082,2.4289929903942975e-16,-0.0,32.18237640289759,-0.0,-0.0,-0.0,-0.0,-0.0
2040-03-01 13:00:00,14.882009110752936,2.45122373430455e-16,-0.0,31.545052982064796,-0.0,-0.0,-0.0,-0.0,-0.0
2040-03-01 14:00:00,15.179047386851853,-2.30771308631745e-16,-0.0,32.98235318988697,-0.0,-0.0,-0.0,-0.0,-0.0
2040-03-01 15:00:00,15.154974868248098,-5.295745226228923e-17,-0.0,31.537970186434865,-0.0,-0.0,-0.0,-0.0,-0.0
2040-03-01 16:00:00,15.1601484010269,-5.2995744097020424e-17,-0.0,32.53284629308261,-0.0,-0.0,-0.0,-0.0,-0.0
2040-03-01 17:00:00,15.91671252014088,6.164511853506592e-19,-0.0,33.629002623675426,-0.0,-0.0,-0.0,-0.0,-0.0
2040-03-01 18:00:00,16.429165360305987,3.52094906117495e-16,-0.0,35.72014045810326,-0.0,-0.0,-0.0,-0.0,-0.0
2040-03-01 19:00:00,16.955172191209446,-7.069694394415928e-18,-0.0,36.64235082489441,-0.0,-1.7788775898556768e-14,-0.0,-0.0,-0.0
2040-03-01 20:00:00,6.942918368609625,3.1882967227440346,-0.0,40.518876768803516,-0.0,-0.0,-0.0,-0.0,-0.0
2040-03-01 21:00:00,17.304954145293046,-1.2808239021457923e-16,-0.0,37.502247617241636,-0.0,-0.0,-0.0,-0.0,-0.0
2040-03-01 22:00:00,18.048534859302105,2.2168537480307037e-16,-0.0,39.34386443950545,-0.0,-0.0,-0.0,-0.0,-0.0
2040-03-01 23:00:00,17.95299187571691,3.4081632423120486e-16,-0.0,39.65982492183075,-0.0,-4.5756835659854506e-14,-0.0,-0.0,-0.0
2040-03-02 00:00:00,18.195421392113353,-3.7152075040190913e-16,-0.0,39.93964698047384,-0.0,-0.0,-0.0,-0.0,-0.0
2040-03-02 01:00:00,18.50944739115231,-2.5542122040498555e-16,-0.0,41.302274496837406,-0.0,-0.0,-0.0,-0.0,-0.0
2040-03-02 02:00:00,18.13249604262922,1.0264014791702343e-16,-0.0,41.393945822329734,-0.0,-0.0,-0.0,-0.0,-0.0
2040-03-02 03:00:00,18.393080041139232,-4.914075075830247e-16,-0.0,40.01810543578088,-0.0,-0.0,-0.0,-0.0,-0.0
2040-03-02 04:00:00,17.996179424161475,-3.700460635999638e-16,-0.0,38.59105204121144,-0.0,-0.0,-0.0,-0.0,-0.0
2040-03-02 05:00:00,17.9108601645532,-3.694145742235566e-16,-0.0,38.36782959278421,-0.0,-0.0,-0.0,-0.0,-0.0
2040-03-02 06:00:00,17.524652526160896,-4.849798527673784e-16,-0.0,36.41372082556161,-0.0,-0.0,-0.0,-0.0,-0.0
2040-03-02 07:00:00,16.25467790642493,-4.755801523439087e-16,-0.0,34.94019733833863,-0.0,-0.0,-0.0,-0.0,-0.0
2040-03-02 08:00:00,17.067920080746536,-2.447517750007291e-16,-0.0,33.42407965946517,-0.0,-0.0,-0.0,-0.0,-0.0
2040-03-02 09:00:00,15.60280286987515,-1.7469583461216077e-16,-0.0,33.62501991736143,-0.0,-0.0,-0.0,-0.0,-0.0
2040-03-02 10:00:00,15.770599640951557,-1.7593778020353931e-16,-0.0,32.686985755059624,-0.0,-0.0,-0.0,-0.0,-0.0
2040-03-02 11:00:00,0.0,4.585794541911953,-0.0,36.29104030972393,-0.0,-0.0,-0.0,-0.0,-0.0
2040-03-02 12:00:00,15.352178595590138,-5.4417053053202785e-17,-0.0,31.41985361910747,-0.0,-0.0,-0.0,-0.0,-0.0
2040-03-02 13:00:00,0.0,4.4972368806393455,-0.0,35.887640078472224,-0.0,-0.0,-0.0,-0.0,5.589094546007521e-13
2040-03-02 14:00:00,15.082889958625788,6.7879778936571985e-18,-0.0,31.059788280862534,-0.0,5.468678398059676e-13,-0.0,-0.0,-0.0
2040-03-02 15:00:00,15.498930620632457,-2.3313892017397684e-16,-0.0,32.38962064916531,-0.0,-0.0,-0.0,-0.0,-0.0
2040-03-02 16:00:00,15.452626795716096,1.2247516485640895e-16,-0.0,33.87022655089844,-0.0,-0.0,-0.0,-0.0,-0.0
2040-03-02 17:00:00,0.0,4.860279232687549,-0.0,38.437720987226186,-0.0,-0.0,-0.0,-0.0,-0.0
2040-03-02 18:00:00,0.0,4.827744365280363,-0.0,38.42098128302651,-0.0,-0.0,-0.0,-0.0,-0.0
2040-03-02 19:00:00,5.9565040342027,3.2056053829234465,-0.0,39.04012615113776,-0.0,-0.0,-0.0,-0.0,-0.0
2040-03-02 20:00:00,0.0,5.298635054775987,-0.0,42.440325314163566,-0.0,-0.0,-0.0,-0.0,-0.0
2040-03-02 21:00:00,0.0,5.129097423790369,-0.0,43.63121814345089,-0.0,-0.0,-0.0,-0.0,-0.0
2040-03-02 22:00:00,17.717709645172075,4.609815518554619e-16,-0.0,39.753250903799426,-0.0,-0.0,-0.0,-0.0,-0.0
2040-03-02 23:00:00,18.456766944958783,-2.550313067762417e-16,-0.0,40.25506327754368,-0.0,-0.0,-0.0,-0.0,-0.0
2040-03-03 00:00:00,0.0,5.382668041240106,-0.0,43.888401539790316,-0.0,-0.0,-0.0,-0.0,-0.0
2040-03-03 01:00:00,0.0,5.419781899206072,-0.0,43.23401182550382,-0.0,-0.0,-0.0,-0.0,-0.0
2040-03-03 02:00:00,17.672175752773136,2.244709917737091e-16,-0.0,37.99484191822321,-0.0,-0.0,-0.0,-0.0,-0.0
2040-03-03 03:00:00,17.466405179404788,-2.477011572107319e-16,-0.0,36.807543775736924,-0.0,-0.0,-0.0,-0.0,-0.0
2040-03-03 04:00:00,0.0,5.25316402614452,-0.0,41.579672861640766,-0.0,-0.0,-0.0,-0.0,-0.0
2040-03-03 05:00:00,17.055256818030866,4.658846877315965e-16,-0.0,36.38437271765907,-0.0,-0.0,-0.0,-0.0,-0.0
2040-03-03 06:00:00,0.0,5.063375197285937,-0.0,39.76091371607923,-0.0,-0.0,-0.0,-0.0,-0.0
2040-03-03 07:00:00,0.0,4.978569043802977,-0.0,37.804693829495804,-0.0,-0.0,-0.0,-0.0,-0.0
2040-03-03 08:00:00,0.0,4.791480943276948,-0.0,36.28647792684215,-0.0,-0.0,-0.0,-0.0,-0.0
2040-03-03 09:00:00,0.0,4.708909653423707,-0.0,36.92065705341628,-0.0,-0.0,-0.0,-0.0,-0.0
2040-03-03 10:00:00,0.0,4.622663981074509,-0.0,35.319549577070134,-0.0,-0.0,-0.0,-0.0,-0.0
2040-03-03 11:00:00,0.0,4.360052847248529,-0.0,34.312478515378984,-0.0,-0.0,-0.0,-0.0,-0.0
2040-03-03 12:00:00,0.0,4.351993359206243,-0.0,33.747644059171314,-0.0,-0.0,-0.0,-0.0,-0.0
2040-03-03 13:00:00,0.0,4.385975674442237,-0.0,34.34935765577236,-0.0,-0.0,-0.0,-0.0,-0.0
2040-03-03 14:00:00,0.0,4.4301826886685,-0.0,34.24181766649682,-0.0,-0.0,-0.0,-0.0,-0.0
2040-03-03 15:00:00,0.0,4.496118097179116,-0.0,34.60793200598168,-0.0,-0.0,-0.0,-0.0,-0.0
2040-03-03 16:00:00,0.0,4.484496274004658,-0.0,35.2162850020889,-0.0,-0.0,-0.0,-0.0,-0.0
2040-03-03 17:00:00,0.0,4.696883706360435,-0.0,36.34030820161976,-0.0,-0.0,-0.0,-0.0,-0.0
2040-03-03 18:00:00,0.0,4.887841398381353,-0.0,38.197849346731346,-0.0,-0.0,-0.0,-0.0,-0.0
2040-03-03 19:00:00,0.0,4.856782258788054,-0.0,38.76227708820481,-0.0,-0.0,-0.0,-0.0,-0.0
2040-03-03 20:00:00,0.0,4.9548478907474065,-0.0,40.679119959504014,-0.0,-0.0,-0.0,-0.0,-0.0
2040-03-03 21:00:00,0.0,5.196554078781486,-0.0,39.66148785979551,-0.0,-0.0,-0.0,-0.0,-0.0
2040-03-03 22:00:00,0.0,5.157448397028648,-0.0,41.284050675957424,-0.0,-0.0,-0.0,-0.0,-0.0
2040-03-03 23:00:00,0.0,5.398772624054381,-0.0,43.28880990714668,-0.0,-0.0,-0.0,-0.0,-0.0
2040-03-04 00:00:00,0.0,5.312906352989842,-0.0,42.516517346335156,-0.0,-0.0,-0.0,-0.0,-0.0
2040-03-04 01:00:00,0.0,5.236211160659057,-0.0,42.98110270272578,-0.0,-0.0,-0.0,-0.0,-0.0
2040-03-04 02:00:00,0.0,5.474177380839595,-0.0,42.95059999720106,-0.0,-0.0,-0.0,-0.0,-0.0
2040-03-04 03:00:00,0.0,5.322844279080589,-0.0,42.73988509418564,-0.0,-0.0,-0.0,-0.0,-0.0
2040-03-04 04:00:00,0.0,5.3082856210037095,-0.0,42.230453483947585,-0.0,-0.0,-4.6985933349139e-13,-0.0,-5.345345928014985e-13
2040-03-04 05:00:00,0.0,5.1449485950723775,-0.0,42.38227992086894,-0.0,-0.0,-0.0,-0.0,-0.0
2040-03-04 06:00:00,0.0,5.015719136591929,-0.0,40.57337559348634,-0.0,-0.0,-1.0309228796746822e-14,-0.0,-0.0
2040-03-04 07:00:00,0.0,4.868620099795028,-0.0,38.81507419317473,-0.0,-0.0,-0.0,-0.0,-0.0
2040-03-04 08:00:00,0.0,4.842224705445212,-0.0,37.96296124877794,-0.0,-0.0,-0.0,-0.0,-0.0
2040-03-04 09:00:00,0.0,4.570619501713473,-0.0,36.70197760307629,-0.0,-0.0,-0.0,-0.0,-0.0
2040-03-04 10:00:00,0.0,4.667992827569384,-0.0,35.62272914781741,-0.0,-0.0,-0.0,-0.0,-0.0
2040-03-04 11:00:00,0.0,4.5475317994814795,-0.0,34.50435419608436,-0.0,-0.0,-0.0,-0.0,-0.0
2040-03-04 12:00:00,0.0,4.313222350860971,-0.0,34.48855548429267,-0.0,-0.0,-0.0,-0.0,-0.0
2040-03-04 13:00:00,0.0,4.419416721950648,-0.0,34.58505575551963,-0.0,-0.0,-0.0,-0.0,-0.0
2040-03-04 14:00:00,0.0,4.369224519097609,-0.0,33.88398537931819,-0.0,-0.0,-0.0,-0.0,-0.0
2040-03-04 15:00:00,0.0,4.3490863581734285,-0.0,34.59997901669579,-0.0,-0.0,-0.0,-0.0,-0.0
2040-03-04 16:00:00,0.0,4.607640093559308,-0.0,35.829885747527555,-0.0,-0.0,-0.0,-0.0,-0.0
2040-03-04 17:00:00,0.0,4.690366152740418,-0.0,36.73921309461367,-0.0,-0.0,-0.0,-0.0,-0.0
2040-03-04 18:00:00,0.0,4.694630278727713,-0.0,38.57342310158879,-0.0,-0.0,-0.0,-0.0,-0.0
2040-03-04 19:00:00,0.0,4.937992403913062,-0.0,38.61918200695807,-0.0,-0.0,-0.0,-0.0,-0.0
2040-03-04 20:00:00,0.0,4.97925544460467,-0.0,39.392430553220734,-0.0,-0.0,-0.0,-0.0,-0.0
2040-03-04 21:00:00,0.0,5.207227535035227,-0.0,41.41323377286455,-0.0,-0.0,-0.0,-0.0,-0.0
2040-03-04 22:00:00,0.0,5.20504596343757,-0.0,41.192947162028055,-0.0,-0.0,-0.0,-0.0,-0.0
2040-03-04 23:00:00,0.0,5.225249495703443,-0.0,42.41889911513379,-0.0,-0.0,-0.0,-0.0,-0.0
2040-03-05 00:00:00,0.0,5.7453607094875,-0.0,44.48666781861702,-0.0,-0.0,-0.0,-0.0,-0.0
2040-03-05 01:00:00,0.0,5.520296972831889,-0.0,46.23245278373836,-0.0,-0.0,-0.0,-0.0,-0.0
2040-03-05 02:00:00,0.0,5.502881202479915,-0.0,47.533766336765815,-0.0,-0.0,-0.0,-0.0,-0.0
2040-03-05 03:00:00,0.0,5.59511518529116,-0.0,45.060537135556515,-0.0,-0.0,-0.0,-0.0,-0.0
2040-03-05 04:00:00,0.0,5.6575126208653685,-0.0,44.48942845119936,-0.0,-0.0,-0.0,-0.0,-0.0
2040-03-05 05:00:00,0.0,5.234772469504921,-0.0,43.870680981179426,-0.0,-0.0,-0.0,-0.0,-0.0
2040-03-05 06:00:00,0.0,5.238635062904513,-0.0,43.1147978803537,-0.0,-0.0,-0.0,-0.0,-0.0
2040-03-05 07:00:00,0.0,5.23019231622911,-0.0,40.134988336983156,-0.0,-0.0,-0.0,-0.0,-0.0
2040-03-05 08:00:00,0.0,4.987639195107962,-0.0,39.739514965380536,-0.0,-0.0,-0.0,-0.0,-0.0
2040-03-05 09:00:00,0.0,4.828252388665394,-0.0,38.77505664024385,-0.0,-0.0,-0.0,-0.0,-0.0
2040-03-05 10:00:00,0.0,4.83555107611106,-0.0,37.82995720699008,-0.0,-0.0,-0.0,-0.0,-0.0
2040-03-05 11:00:00,0.0,4.67686958572304,-0.0,37.1416882027109,-0.0,-0.0,-0.0,-0.0,-0.0
2040-03-05 12:00:00,0.0,4.671274680673181,-0.0,36.42150918333573,-0.0,-0.0,-0.0,-0.0,-0.0
2040-03-05 13:00:00,0.0,4.5754737140572415,-0.0,36.12862771643895,-0.0,-0.0,-0.0,-0.0,-0.0
2040-03-05 14:00:00,0.0,4.6082933085467275,-0.0,35.77153276531713,-0.0,-0.0,-0.0,-0.0,-0.0
2040-03-05 15:00:00,0.0,4.735026066627513,-0.0,38.086385693438395,-0.0,-0.0,-0.0,-0.0,-6.015919081786492e-16
2040-03-05 16:00:00,0.0,4.694674448321702,-0.0,37.68122684661543,-0.0,-0.0,-0.0,-0.0,-0.0
2040-03-05 17:00:00,0.0,4.915569357124073,-0.0,39.5365735460463,-0.0,-0.0,-0.0,-0.0,-0.0
2040-03-05 18:00:00,0.0,4.965576884986607,-0.0,39.831449943478574,-0.0,-0.0,-0.0,-0.0,-0.0
2040-03-05 19:00:00,0.0,5.221932411737078,-0.0,41.335847825710744,-0.0,-0.0,-0.0,-0.0,-0.0
2040-03-05 20:00:00,0.0,5.229387159426188,-0.0,42.277798198545945,-0.0,-0.0,-0.0,-0.0,-0.0
2040-03-05 21:00:00,0.0,5.232236166445905,-0.0,43.865985899779986,-0.0,-0.0,-0.0,-0.0,-0.0
2040-03-05 22:00:00,18.603757140223063,-4.929668313574521e-16,-0.0,39.128425197535385,-0.0,-0.0,-0.0,-0.0,-0.0
2040-03-05 23:00:00,18.61016663882537,-3.7459048188359927e-16,-0.0,38.58725189051935,-0.0,-0.0,-0.0,-0.0,-0.0
2040-03-06 00:00:00,14.144742306422037,1.2767604043209635,-0.0,43.60888039445291,-0.0,-0.0,-0.0,-0.0,-0.0
2040-03-06 01:00:00,18.970944932486173,2.1485816879376952e-16,-0.0,40.58436123324354,-0.0,-0.0,-0.0,-0.0,-0.0
2040-03-06 02:00:00,18.34170771027995,-2.5417969736600046e-16,-0.0,39.71744631699649,-0.0,-0.0,-0.0,-0.0,-0.0
2040-03-06 03:00:00,19.041207766242906,3.32761908648372e-16,-0.0,38.67441818919268,-0.0,-0.0,-0.0,-0.0,-0.0
2040-03-06 04:00:00,18.53436297382724,-4.9245321134873665e-16,-0.0,38.54102007838747,-0.0,-0.0,-0.0,-0.0,-0.0
2040-03-06 05:00:00,17.7527694951587,-2.498206789226054e-16,-0.0,38.07662549199947,-0.0,-0.0,-0.0,-0.0,-0.0
2040-03-06 06:00:00,17.578809459213325,-1.301093267141142e-16,-0.0,36.53953527948343,-0.0,-0.0,-0.0,-0.0,-0.0
2040-03-06 07:00:00,17.69118455055582,1.0590650911390057e-16,-0.0,36.50424378617075,-0.0,-0.0,-0.0,-0.0,-0.0
2040-03-06 08:00:00,16.944674580938806,4.667031607031576e-16,-0.0,2.8031006135717824,-0.0,-0.0,-0.0,-0.0,4.189429527342674e-14
2040-03-06 09:00:00,16.49845373926994,-4.773844559603867e-16,-0.0,3.261599196140573,-0.0,-0.0,-0.0,-0.0,-4.091690201966701e-14
2040-03-06 10:00:00,16.0156266580339,2.3673191808305223e-16,-0.0,33.18863217999065,-0.0,-0.0,-0.0,-0.0,-0.0
2040-03-06 11:00:00,16.092815465621015,-1.1911076173984174e-16,-0.0,31.6973034901594,-0.0,-0.0,-0.0,-0.0,-0.0
2040-03-06 12:00:00,15.868693841210803,9.718608050856912e-19,-0.0,12.538892053813681,-0.0,-0.0,-0.0,-0.0,-0.0
2040-03-06 13:00:00,0.0,4.715407495966079,-0.0,35.95150918371193,-0.0,-0.0,-0.0,-0.0,-0.0
2040-03-06 14:00:00,14.968088204703076,2.444852601501729e-16,-0.0,31.97572850581442,-0.0,-0.0,-0.0,-0.0,-0.0
2040-03-06 15:00:00,15.76531638489745,2.385845862732942e-16,-0.0,32.10364271150016,-0.0,-0.0,-0.0,-0.0,-0.0
2040-03-06 16:00:00,16.2940929945226,-4.758718825993998e-16,-0.0,32.7669564532166,-0.0,-0.0,-0.0,-0.0,-0.0
2040-03-06 17:00:00,16.018555444607937,-1.3733787890592417e-19,-0.0,33.99003374482792,-0.0,-0.0,-0.0,-0.0,-0.0
2040-03-06 18:00:00,14.238652102336502,0.8291400521415082,-0.0,36.563919792450726,-0.0,-0.0,-0.0,-0.0,-0.0
2040-03-06 19:00:00,0.0,5.07519229163612,-0.0,40.72626723467097,-0.0,-0.0,-0.0,-0.0,-0.0
2040-03-06 20:00:00,0.0,5.282438134617745,-0.0,41.636104486818,-0.0,-0.0,-0.0,-0.0,-0.0
2040-03-06 21:00:00,0.0,5.445899135258361,-0.0,43.586169779527715,-0.0,-0.0,-0.0,-0.0,-0.0
2040-03-06 22:00:00,0.0,5.5667088289389,-0.0,44.62319936953923,-0.0,-0.0,-0.0,-0.0,-0.0
2040-03-06 23:00:00,0.0,5.714630305033741,-0.0,46.51131399431677,-0.0,-0.0,-0.0,-0.0,-0.0
2040-03-07 00:00:00,0.0,5.723409163025226,-0.0,46.75360679746436,-0.0,-0.0,-0.0,-0.0,-0.0
2040-03-07 01:00:00,0.0,5.768407702066814,-0.0,46.39733019728138,-0.0,-0.0,-0.0,-5.545175181491743e-13,-0.0
2040-03-07 02:00:00,0.0,5.615683720128973,-0.0,45.42577958358093,-0.0,-0.0,-0.0,-0.0,-0.0
2040-03-07 03:00:00,0.0,5.658333282393703,-0.0,46.62207679002819,-0.0,-0.0,-0.0,-0.0,-0.0
2040-03-07 04:00:00,0.0,5.532945873081782,-0.0,44.36527006769737,-0.0,-0.0,-0.0,5.541164184661699e-13,-0.0
2040-03-07 05:00:00,0.0,5.494969572985752,-0.0,44.241754130859874,-0.0,-0.0,-0.0,-5.540610068243233e-13,-0.0
2040-03-07 06:00:00,0.0,5.50021262740665,-0.0,43.23903652253694,-0.0,-0.0,-0.0,-0.0,-0.0
2040-03-07 07:00:00,0.0,5.182422784772176,-0.0,42.07502840846007,-0.0,-0.0,-0.0,-0.0,-0.0
2040-03-07 08:00:00,0.0,5.059043129837705,-0.0,39.74904318499601,-0.0,-0.0,-0.0,-0.0,-0.0
2040-03-07 09:00:00,0.0,4.9428885708143815,-0.0,40.09691523109216,-0.0,-0.0,-0.0,-0.0,-0.0
2040-03-07 10:00:00,0.0,4.812328498562713,-0.0,38.67640622109271,-0.0,-0.0,-0.0,-0.0,-0.0
2040-03-07 11:00:00,0.0,4.710903113476546,-0.0,37.06855734178227,-0.0,-0.0,-0.0,-0.0,-0.0
2040-03-07 12:00:00,0.0,4.697881645557681,-0.0,36.66790966534551,-0.0,-0.0,-0.0,-0.0,-0.0
2040-03-07 13:00:00,0.0,4.826804846118441,-0.0,35.61125322798607,-0.0,-0.0,-0.0,-0.0,-0.0
2040-03-07 14:00:00,0.0,4.752875372843762,-0.0,37.029456504731186,-0.0,-0.0,-0.0,-0.0,-0.0
2040-03-07 15:00:00,0.0,4.788250360889962,-0.0,37.66748874311487,-0.0,-0.0,-0.0,-0.0,-0.0
2040-03-07 16:00:00,0.0,4.830893025283143,-0.0,37.4793492275748,-0.0,-0.0,-0.0,-0.0,-0.0
2040-03-07 17:00:00,0.0,4.890757184193416,-0.0,38.995991452701844,-0.0,-0.0,-0.0,-0.0,-0.0
2040-03-07 18:00:00,0.0,5.03860468159297,-0.0,39.45279256886508,-0.0,-0.0,-0.0,-0.0,-0.0
2040-03-07 19:00:00,0.0,5.261140410895096,-0.0,43.31413242064434,-0.0,-0.0,-0.0,-0.0,-0.0
2040-03-07 20:00:00,0.0,5.302654462208774,-0.0,42.2655359526744,-0.0,-0.0,-0.0,-0.0,-5.616922723636418e-13
2040-03-07 21:00:00,0.0,5.44305924772445,-0.0,43.93188597225992,-0.0,-0.0,-0.0,-0.0,-0.0
2040-03-07 22:00:00,0.0,5.518836594018635,-0.0,45.2342892998213,-0.0,-0.0,-0.0,-0.0,-0.0
2040-03-07 23:00:00,0.0,5.736218638972147,-0.0,45.46529267049743,-0.0,-0.0,-0.0,-0.0,-0.0
2040-03-08 00:00:00,0.0,5.625825812667323,-0.0,46.44987033968719,-0.0,-0.0,-0.0,-0.0,-0.0
2040-03-08 01:00:00,0.0,5.751821685929798,-0.0,47.11094779230446,-0.0,-0.0,-0.0,-0.0,5.5058750173828024e-14
2040-03-08 02:00:00,0.0,5.728376642829796,-0.0,47.79795062095615,-0.0,-0.0,-0.0,-0.0,-0.0
2040-03-08 03:00:00,0.0,5.763399244344899,-0.0,46.69580047633817,-0.0,-0.0,-0.0,-0.0,-0.0
2040-03-08 04:00:00,0.0,5.805805061936412,-0.0,46.89803977577848,-0.0,-0.0,-0.0,-0.0,-0.0
2040-03-08 05:00:00,0.0,5.505275822326659,-0.0,43.13278560615834,-0.0,-0.0,-0.0,4.587534224679079e-14,-0.0
2040-03-08 06:00:00,0.0,5.428215178929816,-0.0,42.297725327222324,-0.0,-0.0,-0.0,-0.0,-0.0
2040-03-08 07:00:00,0.0,5.247173528937442,-0.0,40.745556222471585,-0.0,-0.0,-0.0,-0.0,-0.0
2040-03-08 08:00:00,0.0,5.279578540993388,-0.0,40.42370428828629,-0.0,-0.0,-0.0,-0.0,-0.0
2040-03-08 09:00:00,0.0,4.94640160866039,-0.0,38.72065649161099,-0.0,-0.0,-0.0,-0.0,-0.0
2040-03-08 10:00:00,0.0,4.793301975272638,-0.0,37.69922111237855,-0.0,-0.0,-0.0,-0.0,-0.0
2040-03-08 11:00:00,0.0,4.837996268071827,-0.0,37.37951063377374,-0.0,-0.0,-0.0,-0.0,-0.0
2040-03-08 12:00:00,0.0,4.886057391153148,-0.0,37.12447240475309,-0.0,-0.0,-0.0,-0.0,-0.0
2040-03-08 13:00:00,0.0,4.770475709443254,-0.0,36.14007898069948,-0.0,-0.0,-0.0,-0.0,-0.0
2040-03-08 14:00:00,0.0,4.71191109862852,-0.0,36.853442633219274,-0.0,-0.0,-0.0,-0.0,-0.0
2040-03-08 15:00:00,0.0,4.821334272805345,-0.0,37.296607487511594,-0.0,-0.0,-0.0,-0.0,-0.0
2040-03-08 16:00:00,0.0,4.791259368204894,-0.0,37.85343636842002,-0.0,-0.0,-0.0,-0.0,-0.0
2040-03-08 17:00:00,0.0,5.059472676653064,-0.0,39.95929538064942,-0.0,-0.0,-0.0,-0.0,-0.0
2040-03-08 18:00:00,0.0,4.994925552735906,-0.0,38.92008291017052,-0.0,-0.0,-0.0,-0.0,-0.0
2040-03-08 19:00:00,0.0,5.210963719059528,-0.0,41.113397501827976,-0.0,-0.0,-0.0,-0.0,-0.0
2040-03-08 20:00:00,0.0,5.3439454130629755,-0.0,42.31652861032748,-0.0,-0.0,-0.0,-0.0,-0.0
2040-03-08 21:00:00,0.0,5.506228881068737,-0.0,43.58582424997989,-0.0,-0.0,-0.0,-0.0,-0.0
2040-03-08 22:00:00,0.0,5.501729767587935,-0.0,44.45493897611525,-0.0,-0.0,-0.0,-0.0,-0.0
2040-03-08 23:00:00,0.0,5.79018951682808,-0.0,45.20552154537498,-0.0,-0.0,-0.0,-0.0,-0.0
2040-03-09 00:00:00,0.0,5.604354829532337,-0.0,45.6298764173208,-0.0,-0.0,-0.0,-0.0,-0.0
2040-03-09 01:00:00,0.0,5.646139374784348,-0.0,46.71636497287841,-0.0,-0.0,-0.0,-5.612315176212759e-13,-0.0
2040-03-09 02:00:00,0.0,5.855002058240462,-0.0,46.72539618366315,-0.0,-0.0,-0.0,-0.0,-0.0
2040-03-09 03:00:00,0.0,5.8159640614991455,-0.0,44.870530928713634,-0.0,-0.0,-0.0,-0.0,-0.0
2040-03-09 04:00:00,0.0,5.683989382226716,-0.0,43.62594369692951,-0.0,-0.0,-0.0,-0.0,-0.0
2040-03-09 05:00:00,0.0,5.557711449387539,-0.0,43.52129965644104,-0.0,-0.0,-0.0,-0.0,-0.0
2040-03-09 06:00:00,0.0,5.279750926459839,-0.0,41.41363563732264,-0.0,-0.0,-0.0,-0.0,-0.0
2040-03-09 07:00:00,0.0,5.260131695121611,-0.0,41.66148055274205,-0.0,-0.0,-0.0,-0.0,-0.0
2040-03-09 08:00:00,0.0,5.147637676084418,-0.0,40.456718673381275,-0.0,-0.0,-0.0,-0.0,-0.0
2040-03-09 09:00:00,0.0,4.931434185144023,-0.0,37.76312420804304,-0.0,-0.0,-0.0,-0.0,-0.0
2040-03-09 10:00:00,0.0,4.925147115049454,-0.0,38.44018699562302,-0.0,-0.0,-0.0,-0.0,-0.0
2040-03-09 11:00:00,0.0,4.673247886331121,-0.0,37.07938560289662,-0.0,-0.0,-0.0,-0.0,-0.0
2040-03-09 12:00:00,0.0,4.68559675382056,-0.0,36.05752851354298,-0.0,-0.0,-0.0,-0.0,-0.0
2040-03-09 13:00:00,0.0,4.746608410770653,-0.0,37.308938481578075,-0.0,-0.0,-0.0,-0.0,-0.0
2040-03-09 14:00:00,0.0,4.9080775640699805,-0.0,38.35795650520561,-0.0,-0.0,-0.0,-0.0,-0.0
2040-03-09 15:00:00,0.0,4.825617512903816,-0.0,37.27237271739606,-0.0,-0.0,-0.0,-0.0,-0.0
2040-03-09 16:00:00,0.0,4.813411041881516,-0.0,38.191955428985764,-0.0,-0.0,-0.0,-0.0,-0.0
2040-03-09 17:00:00,0.0,4.977002169884039,-0.0,38.42351251835662,-0.0,-0.0,-0.0,-0.0,-0.0
2040-03-09 18:00:00,0.0,5.082996203144863,-0.0,40.569915983427975,-0.0,-0.0,-0.0,-0.0,-0.0
2040-03-09 19:00:00,0.0,5.297675402214435,-0.0,41.32498917888442,-0.0,-0.0,-0.0,-0.0,-0.0
2040-03-09 20:00:00,0.0,5.423580646221783,-0.0,43.32896951619357,-0.0,-0.0,-0.0,-0.0,-0.0
2040-03-09 21:00:00,0.0,5.528370669422427,-0.0,43.90122608471461,-0.0,-0.0,-0.0,-0.0,-0.0
2040-03-09 22:00:00,0.0,5.608777086266737,-0.0,45.26243859378047,-0.0,-0.0,-0.0,-0.0,-0.0
2040-03-09 23:00:00,0.0,5.703746519172873,-0.0,45.40988456779083,-0.0,-0.0,-0.0,-0.0,-0.0
2040-03-10 00:00:00,0.0,5.414397029499079,-0.0,42.52135892590924,-0.0,-0.0,-0.0,-0.0,-0.0
2040-03-10 01:00:00,0.0,5.479978560818637,-0.0,44.06955590752986,-0.0,-0.0,-0.0,5.554483117446363e-13,-0.0
2040-03-10 02:00:00,0.0,5.4277754562837055,-0.0,44.886337681258006,-0.0,-0.0,-0.0,-5.553927669134618e-13,-0.0
2040-03-10 03:00:00,0.0,5.442364836727459,-0.0,41.4589743590516,-0.0,-0.0,-0.0,5.558372811350539e-13,-0.0
2040-03-10 04:00:00,0.0,5.456949196897391,-0.0,42.759866995407414,-0.0,-0.0,-0.0,-0.0,-0.0
2040-03-10 05:00:00,0.0,5.311550637261169,-0.0,40.86211913963712,-0.0,-0.0,-0.0,-0.0,-0.0
2040-03-10 06:00:00,0.0,5.203560773242391,-0.0,39.49788101883273,-0.0,-0.0,-0.0,-0.0,-0.0
2040-03-10 07:00:00,0.0,5.035857339056233,-0.0,39.37295762518888,-0.0,-0.0,-0.0,-0.0,-0.0
2040-03-10 08:00:00,0.0,4.964306788573263,-0.0,38.013222130786666,-0.0,-0.0,-0.0,-0.0,-0.0
2040-03-10 09:00:00,0.0,4.842151131902319,-0.0,37.07612285037553,-0.0,-0.0,-0.0,-0.0,-0.0
2040-03-10 10:00:00,0.0,4.647813443308746,-0.0,36.15667459987481,-0.0,-0.0,-0.0,-0.0,-0.0
2040-03-10 11:00:00,0.0,4.6388249021800885,-0.0,34.15702334489545,-0.0,-0.0,-0.0,-0.0,-0.0
2040-03-10 12:00:00,0.0,4.594825578220643,-0.0,35.69622194479791,-0.0,-0.0,-0.0,-0.0,-0.0
2040-03-10 13:00:00,0.0,4.598918935212022,-0.0,35.47786641076794,-0.0,-0.0,-0.0,-0.0,-0.0
2040-03-10 14:00:00,0.0,4.642268741799456,-0.0,34.493915342606336,-0.0,-0.0,-0.0,-0.0,-0.0
2040-03-10 15:00:00,0.0,4.731289245161259,-0.0,35.33604028691252,-0.0,-0.0,-0.0,-0.0,-0.0
2040-03-10 16:00:00,0.0,4.680634459240936,-0.0,35.20780380734527,-0.0,-0.0,-0.0,-0.0,-0.0
2040-03-10 17:00:00,0.0,4.8543328280439715,-0.0,37.11217418834115,-0.0,-0.0,-0.0,-0.0,-0.0
2040-03-10 18:00:00,0.0,4.901389093645685,-0.0,38.05069943846357,-0.0,-0.0,-0.0,-0.0,-0.0
2040-03-10 19:00:00,0.0,5.0285458601181015,-0.0,39.3364183669187,-0.0,-0.0,-0.0,-0.0,-0.0
2040-03-10 20:00:00,0.0,5.211818389714057,-0.0,40.268360256799106,-0.0,-0.0,-0.0,-0.0,-0.0
2040-03-10 21:00:00,0.0,5.385964281878241,-0.0,41.97552387373156,-0.0,-0.0,-0.0,-0.0,-0.0
2040-03-10 22:00:00,0.0,5.3992034950170655,-0.0,42.506678852627644,-0.0,-0.0,-0.0,-0.0,-0.0
2040-03-10 23:00:00,0.0,5.557729579236127,-0.0,43.12150764370515,-0.0,-0.0,-0.0,-0.0,-0.0
2040-03-11 00:00:00,0.0,5.5785627169734555,-0.0,43.94617634898956,-0.0,-0.0,-0.0,-0.0,-0.0
2040-03-11 01:00:00,0.0,5.7150776279262665,-0.0,44.4721722271228,-0.0,-0.0,-0.0,-0.0,-0.0
2040-03-11 02:00:00,0.0,5.541157929881439,-0.0,44.21431184145241,-0.0,-0.0,-0.0,-0.0,-0.0
2040-03-11 03:00:00,0.0,5.57967624274067,-0.0,43.638373799285176,-0.0,-0.0,-0.0,-0.0,-0.0
2040-03-11 04:00:00,0.0,5.470214123523515,-0.0,43.56087230204736,-0.0,-0.0,-0.0,-0.0,-0.0
2040-03-11 05:00:00,0.0,5.4571139130989295,-0.0,41.467734839757696,-0.0,-0.0,-0.0,-0.0,-0.0
2040-03-11 06:00:00,0.0,5.308437830397712,-0.0,41.46689896966271,-0.0,-0.0,-0.0,-0.0,-0.0
2040-03-11 07:00:00,0.0,4.977744010178796,-0.0,38.90267077749063,-0.0,-0.0,-0.0,-0.0,-0.0
2040-03-11 08:00:00,0.0,5.193421343177829,-0.0,38.106153482611276,-0.0,-0.0,-0.0,-0.0,-0.0
2040-03-11 09:00:00,0.0,4.8320454305615215,-0.0,36.76922960121256,-0.0,-0.0,-0.0,-0.0,-0.0
2040-03-11 10:00:00,0.0,4.752408076569471,-0.0,36.616510618088434,-0.0,-0.0,-0.0,-0.0,-0.0
2040-03-11 11:00:00,0.0,4.6457238845652284,-0.0,35.04423404169465,-0.0,-0.0,-0.0,-0.0,-0.0
2040-03-11 12:00:00,0.0,4.578959705211465,-0.0,34.234367139401506,-0.0,-0.0,-0.0,-0.0,-0.0
2040-03-11 13:00:00,0.0,4.614478672030961,-0.0,34.97113632656532,-0.0,-0.0,-0.0,-0.0,-0.0
2040-03-11 14:00:00,0.0,4.558594494050232,-0.0,34.34424085521999,-0.0,-0.0,-0.0,-0.0,-0.0
2040-03-11 15:00:00,0.0,4.585109436497444,-0.0,35.094667452820175,-0.0,-0.0,-0.0,-0.0,-0.0
2040-03-11 16:00:00,0.0,4.620436386987394,-0.0,35.89511777545463,-0.0,-0.0,-0.0,-0.0,-0.0
2040-03-11 17:00:00,0.0,4.727914380849281,-0.0,36.91545440544337,-0.0,-0.0,-0.0,-0.0,-0.0
2040-03-11 18:00:00,0.0,5.003240153105182,-0.0,38.78993112868421,-0.0,-0.0,-0.0,-0.0,-0.0
2040-03-11 19:00:00,0.0,5.002996048911846,-0.0,39.09595464467146,-0.0,-0.0,-0.0,-0.0,-0.0
2040-03-11 20:00:00,0.0,5.116167539267434,-0.0,39.465276377032595,-0.0,-0.0,-0.0,-0.0,-0.0
2040-03-11 21:00:00,0.0,5.384014127181154,-0.0,42.17237388625695,-0.0,-0.0,-0.0,-0.0,-0.0
2040-03-11 22:00:00,10.444568441672715,2.302787889375229,-0.0,38.831343769338666,-0.0,-0.0,-0.0,-0.0,-0.0
2040-03-11 23:00:00,18.27868970774904,-2.5371327045016243e-16,-0.0,36.90161472206862,-0.0,-0.0,-0.0,-0.0,-0.0
2040-03-12 00:00:00,19.710841647422686,-2.643133241714108e-16,-0.0,40.308019089716566,-0.0,-0.0,-0.0,-0.0,-0.0
2040-03-12 01:00:00,19.987795884054883,3.2575574916016233e-16,-0.0,41.36130246136783,-0.0,-0.0,-0.0,-0.0,-0.0
2040-03-12 02:00:00,19.77098203388898,-2.6475845244984237e-16,-0.0,39.55232509933625,-0.0,-0.0,-0.0,-0.0,-0.0
2040-03-12 03:00:00,0.0,5.866188634875656,-0.0,45.44422324834169,-0.0,-0.0,-0.0,-0.0,-0.0
2040-03-12 04:00:00,19.280217742763764,-4.979736455987354e-16,-0.0,40.254771698664655,-0.0,-0.0,-0.0,-0.0,-0.0
2040-03-12 05:00:00,18.845443874597496,4.526346418076884e-16,-0.0,39.88333901665136,-0.0,-0.0,-0.0,-0.0,-0.0
2040-03-12 06:00:00,18.390932318653903,-3.7296782194998327e-16,-0.0,37.56297271393607,-0.0,-0.0,-0.0,-0.0,-0.0
2040-03-12 07:00:00,17.34385467903172,4.637486344639917e-16,-0.0,37.01606819358432,-0.0,-0.0,-0.0,-0.0,-0.0
2040-03-12 08:00:00,17.653414337409775,-4.859328816176513e-16,-0.0,35.44324498501199,-0.0,-0.0,-0.0,-0.0,-0.0
2040-03-12 09:00:00,17.172037444258997,3.465965481711223e-16,-0.0,34.21540059940198,-0.0,-0.0,-0.0,-0.0,-0.0
2040-03-12 10:00:00,16.578923565887163,4.694102620244266e-16,-0.0,32.68343878585842,-0.0,-0.0,-0.0,-0.0,-0.0
2040-03-12 11:00:00,16.53766146291825,2.3286808434946346e-16,-0.0,32.714294531148475,-0.0,-0.0,-0.0,-0.0,-0.0
2040-03-12 12:00:00,16.119457320048678,4.728109953922131e-16,-0.0,31.86200974902136,-0.0,-0.0,-0.0,-0.0,-0.0
2040-03-12 13:00:00,16.236565401056826,2.350966428861469e-16,-0.0,24.461942902519198,-0.0,-0.0,-0.0,-0.0,-0.0
2040-03-12 14:00:00,0.0,4.85222224613583,-0.0,37.106045625809564,-0.0,-5.454713524036654e-14,-0.0,-0.0,-0.0
2040-03-12 15:00:00,0.0,4.875762544193633,-0.0,37.7022351143938,-0.0,-0.0,-0.0,-0.0,-0.0
2040-03-12 16:00:00,0.0,4.936429081632556,-0.0,37.68047457543889,-0.0,-0.0,-0.0,-0.0,-0.0
2040-03-12 17:00:00,0.0,5.138312573633162,-0.0,39.02277175348728,-0.0,-0.0,-0.0,-0.0,-0.0
2040-03-12 18:00:00,0.0,5.312328738412961,-0.0,41.06238036495457,-0.0,-0.0,-0.0,-0.0,-0.0
2040-03-12 19:00:00,17.882801049938738,-1.393552717620271e-17,-0.0,37.55225886835357,-0.0,-0.0,-0.0,-0.0,-0.0
2040-03-12 20:00:00,0.0,5.467243720024444,-0.0,43.072035523080466,-0.0,2.4798100831696587e-13,-0.0,-0.0,-0.0
2040-03-12 21:00:00,0.0,5.47147557867897,-0.0,44.64266186940628,-0.0,-0.0,-0.0,-0.0,-0.0
2040-03-12 22:00:00,18.982979330323687,3.331928856500082e-16,-0.0,40.09535405496947,-0.0,-0.0,-0.0,-0.0,-0.0
2040-03-12 23:00:00,19.415869740193585,-1.437063041912385e-16,-0.0,39.83442320272885,-0.0,-0.0,-0.0,-0.0,-0.0
2040-03-13 00:00:00,19.290764071137893,-3.7962791481596013e-16,-0.0,41.29449709175007,-0.0,-0.0,-0.0,-0.0,-0.0
2040-03-13 01:00:00,10.387324581041616,2.6851576050656925,-0.0,42.98127461705959,-0.0,-0.0,-0.0,-0.0,-0.0
2040-03-13 02:00:00,19.33647535251996,-1.4311866767643001e-16,-0.0,39.649640998960635,-0.0,-0.0,-0.0,-0.0,-0.0
2040-03-13 03:00:00,19.350859421369545,-2.480134187924399e-17,-0.0,39.84317805949598,-0.0,-0.0,-0.0,-0.0,-0.0
2040-03-13 04:00:00,0.0,5.765990542412754,-0.0,45.65030548009469,-0.0,2.8303006048959254e-13,-0.0,-0.0,-0.0
2040-03-13 05:00:00,18.668711228543945,-2.566000096000679e-16,-0.0,38.07305755950104,-0.0,-0.0,-0.0,-0.0,-0.0
2040-03-13 06:00:00,18.526137622291646,-2.5554475293096693e-16,-0.0,38.21628673951314,-0.0,-0.0,-0.0,-0.0,-0.0
2040-03-13 07:00:00,17.986106487898876,4.589950161585818e-16,-0.0,35.993215017266174,-0.0,-0.0,-0.0,-0.0,-0.0
2040-03-13 08:00:00,17.632711025420512,-1.2084489153208014e-17,-0.0,35.74174630377897,-0.0,-0.0,-0.0,-0.0,-0.0
2040-03-13 09:00:00,17.092335368246847,2.287626727437664e-16,-0.0,34.16457803159072,-0.0,-0.0,-0.0,-0.0,5.442849115751926e-13
2040-03-13 10:00:00,16.897014297110523,-6.639239507133693e-18,-0.0,34.25364532396921,-0.0,-0.0,-0.0,-0.0,-5.421501663478083e-13
2040-03-13 11:00:00,16.618199877974778,-4.782707554290539e-16,-0.0,32.476251227246735,-0.0,-0.0,-0.0,-0.0,-0.0
2040-03-13 12:00:00,16.170405961093568,4.724338996964704e-16,-0.0,32.18341913335529,-0.0,-0.0,-0.0,-0.0,-0.0
2040-03-13 13:00:00,16.254551538055768,4.718110973167117e-16,-0.0,32.02216873322902,-0.0,-0.0,-0.0,-0.0,-0.0
2040-03-13 14:00:00,16.45251604118716,4.703458656538121e-16,-0.0,31.617132537177934,-0.0,-0.0,-0.0,-0.0,-0.0
2040-03-13 15:00:00,16.169868976541952,-1.196810722861926e-16,-0.0,32.958359939369615,-0.0,-0.0,-0.0,-0.0,5.431995068066139e-13
2040-03-13 16:00:00,16.57846252328249,1.1414230654514345e-16,-0.0,32.81835913331686,-0.0,-0.0,-0.0,-0.0,-0.0
2040-03-13 17:00:00,16.919700558139137,-4.80502308742778e-16,-0.0,24.702471381485484,-0.0,-0.0,-0.0,-0.0,-0.0
2040-03-13 18:00:00,0.0,5.3428983647131885,-0.0,40.43676120479115,-0.0,-0.0,-0.0,-0.0,-0.0
2040-03-13 19:00:00,17.761857708220578,2.238072119615014e-16,-0.0,36.204693294968976,-0.0,-0.0,-0.0,-0.0,-0.0
2040-03-13 20:00:00,0.0,5.450213429480439,-0.0,44.06773274716748,-0.0,-0.0,-0.0,-0.0,-0.0
2040-03-13 21:00:00,0.0,5.645854518927078,-0.0,43.962244833153015,-0.0,-0.0,-0.0,-0.0,-0.0
2040-03-13 22:00:00,0.0,5.815494876941556,-0.0,46.41057336584497,-0.0,-0.0,-0.0,-0.0,-0.0
2040-03-13 23:00:00,19.37082667196989,-2.617967078083105e-16,-0.0,38.54261374124318,-0.0,-0.0,-0.0,-0.0,-5.443393455097436e-13
2040-03-14 00:00:00,0.0,6.048189069090459,-0.0,47.33395005024835,-0.0,-0.0,-0.0,-0.0,5.440671758369887e-13
2040-03-14 01:00:00,0.0,5.961683788057737,-0.0,46.72264386590656,-0.0,-0.0,-0.0,-0.0,-0.0
2040-03-14 02:00:00,19.66388690469706,-3.823895785548319e-16,-0.0,42.167585170771524,-0.0,-0.0,-0.0,-0.0,-5.43244865393207e-13
2040-03-14 03:00:00,0.0,5.897428770792931,-0.0,45.350509137322945,-0.0,-5.302584068381863e-14,-0.0,-0.0,-0.0
2040-03-14 04:00:00,19.557848306928896,3.289380004902095e-16,-0.0,39.57256507173442,-0.0,-0.0,-0.0,-0.0,-0.0
2040-03-14 05:00:00,18.495619191366554,2.1837628600702297e-16,-0.0,38.746863639621274,-0.0,-0.0,-0.0,-0.0,-0.0
2040-03-14 06:00:00,0.0,5.497341130655876,-0.0,41.37552137661521,-0.0,-0.0,-0.0,-0.0,-0.0
2040-03-14 07:00:00,0.0,5.444806365632701,-0.0,41.83180636813155,-0.0,-0.0,-0.0,-0.0,-0.0
2040-03-14 08:00:00,17.544556255053358,-3.667033806613104e-16,-0.0,37.23537355330765,-0.0,-0.0,-0.0,-0.0,-0.0
2040-03-14 09:00:00,0.0,5.099903929981605,-0.0,39.43304145793849,-0.0,-0.0,-0.0,-0.0,4.892016484896828e-13
2040-03-14 10:00:00,0.0,5.041614068973507,-0.0,38.945448736314376,-0.0,-0.0,-0.0,-0.0,-4.881671106340057e-13
2040-03-14 11:00:00,16.40160054496546,-2.9724411448177716e-18,-0.0,32.59807896894123,-0.0,-0.0,-0.0,-0.0,-0.0
2040-03-14 12:00:00,0.0,4.861714661474776,-0.0,38.02047841034563,-0.0,-0.0,-0.0,-0.0,-0.0
2040-03-14 13:00:00,0.0,4.872724383884739,-0.0,36.515950184576084,-0.0,-0.0,-0.0,-0.0,-0.0
2040-03-14 14:00:00,16.302999495245214,-3.5751401465385694e-16,-0.0,31.626457677786302,-0.0,-0.0,-0.0,-0.0,-0.0
2040-03-14 15:00:00,0.0,4.796979581798521,-0.0,37.98024106308681,-0.0,-0.0,-0.0,-0.0,-0.0
2040-03-14 16:00:00,16.56235517454255,1.142615248747218e-16,-0.0,32.594698915517725,-0.0,-0.0,-0.0,-0.0,-0.0
2040-03-14 17:00:00,17.21396292045597,-1.2740891986222614e-16,-0.0,34.33050347792739,-0.0,-0.0,-0.0,-0.0,-0.0
2040-03-14 18:00:00,17.317396555813676,-2.4659827184554154e-16,-0.0,34.00460703277099,-0.0,-0.0,-0.0,-0.0,-0.0
2040-03-14 19:00:00,0.0,5.618872032225781,-0.0,42.53999999653194,-0.0,-0.0,-0.0,-0.0,-0.0
2040-03-14 20:00:00,18.893634628625076,-4.951123557704149e-16,-0.0,37.26350261092096,-0.0,-0.0,-0.0,-0.0,-0.0
2040-03-14 21:00:00,18.744635481550596,-1.3873817266548753e-16,-0.0,38.72034559684289,-0.0,-0.0,-0.0,-0.0,-0.0
2040-03-14 22:00:00,19.49837589588392,2.109543954640068e-16,-0.0,39.65632362344957,-0.0,-0.0,-0.0,-0.0,-0.0
2040-03-14 23:00:00,19.76661599882549,4.458165984612832e-16,-0.0,40.47566357321177,-0.0,-0.0,-0.0,-0.0,-0.0
2040-03-15 00:00:00,0.0,6.000753072147771,-0.0,46.41733560818178,-0.0,-0.0,-0.0,-0.0,-0.0
2040-03-15 01:00:00,19.897377535751293,4.448487686677472e-16,-0.0,40.44495984993169,-0.0,-0.0,-0.0,-0.0,4.893097705804434e-13
2040-03-15 02:00:00,19.788198808712536,9.038548569808171e-17,-0.0,41.38800541926982,-0.0,-0.0,-0.0,-0.0,-0.0
2040-03-15 03:00:00,19.074106901469634,-3.7802432962785466e-16,-0.0,41.20706703674745,-0.0,-0.0,-0.0,-0.0,-0.0
2040-03-15 04:00:00,19.419684368552222,-4.990059059928495e-16,-0.0,38.46149677072825,-0.0,-0.0,-0.0,-0.0,-0.0
2040-03-15 05:00:00,0.0,5.7081230609441524,-0.0,43.88799549665569,-0.0,-0.0,-0.0,-0.0,-0.0
2040-03-15 06:00:00,18.55339873234726,-1.3732273638468748e-16,-0.0,37.33983531762921,-0.0,-0.0,-0.0,-0.0,-0.0
2040-03-15 07:00:00,17.948423447356827,4.592739266868996e-16,-0.0,36.04964553716299,-0.0,-0.0,-0.0,-0.0,-0.0
2040-03-15 08:00:00,15.244983832153357,0.7048237308141383,-0.0,36.738799539017556,-0.0,-0.0,-0.0,-0.0,-0.0
2040-03-15 09:00:00,0.0,5.060716468912538,-0.0,39.354722181518575,-0.0,-0.0,-0.0,-0.0,-0.0
2040-03-15 10:00:00,0.0,5.0734418889713355,-0.0,38.285106064421285,-0.0,-0.0,-0.0,-0.0,-0.0
2040-03-15 11:00:00,0.0,4.889579488911775,-0.0,37.83222652835773,-0.0,-0.0,-0.0,-0.0,-0.0
2040-03-15 12:00:00,0.0,4.81279989114783,-0.0,37.92191388116126,-0.0,-0.0,-0.0,-0.0,-0.0
2040-03-15 13:00:00,0.0,4.853281272461715,-0.0,35.732117764095925,-0.0,-0.0,-0.0,-0.0,-0.0
2040-03-15 14:00:00,0.0,4.933360147944903,-0.0,37.53841104956026,-0.0,-0.0,-0.0,-0.0,-0.0
2040-03-15 15:00:00,0.0,5.014565202374702,-0.0,37.60980061809637,-0.0,-0.0,-0.0,-0.0,-0.0
2040-03-15 16:00:00,0.0,5.116814801222755,-0.0,38.29281172603518,-0.0,-0.0,-0.0,-0.0,-0.0
2040-03-15 17:00:00,0.0,5.115930355070437,-0.0,39.39008339693586,-0.0,-0.0,-0.0,-0.0,-0.0
2040-03-15 18:00:00,0.0,5.06803512680705,-0.0,39.09382921841288,-0.0,-0.0,-0.0,-0.0,-0.0
2040-03-15 19:00:00,0.0,5.378669738419002,-0.0,41.835937798770296,-0.0,-0.0,-0.0,-0.0,-0.0
2040-03-15 20:00:00,0.0,5.626107834662993,-0.0,43.521814422520116,-0.0,-0.0,-0.0,-0.0,-0.0
2040-03-15 21:00:00,0.0,5.667966838592288,-0.0,44.078090033597434,-0.0,-0.0,-0.0,-0.0,-0.0
2040-03-15 22:00:00,19.238755049037504,-4.976667600171496e-16,-0.0,38.65435242380019,-0.0,-0.0,-0.0,-0.0,-0.0
2040-03-15 23:00:00,19.692375972560132,4.46366085038007e-16,-0.0,39.758843852833074,-0.0,-0.0,-0.0,-0.0,-0.0
2040-03-16 00:00:00,0.0,6.060545928318542,-0.0,47.47092872289374,-0.0,5.401157324069885e-14,-0.0,-0.0,-0.0
2040-03-16 01:00:00,0.0,6.071319494982028,-0.0,48.33161781359631,-0.0,-0.0,-0.0,-0.0,-0.0
2040-03-16 02:00:00,0.0,5.951731846512037,-0.0,46.78437524711272,-0.0,-0.0,-0.0,-0.0,-0.0
2040-03-16 03:00:00,0.0,6.1215211990092255,-0.0,47.045429106385754,-0.0,-0.0,-0.0,-0.0,-0.0
2040-03-16 04:00:00,19.698252982158333,-5.01067727917939e-16,-0.0,40.644903039610234,-0.0,-0.0,-0.0,-0.0,-0.0
2040-03-16 05:00:00,19.220640411829304,-4.975326847684077e-16,-0.0,39.02813146162853,-0.0,-0.0,-0.0,-0.0,-0.0
2040-03-16 06:00:00,18.71590155033854,-2.010170955867337e-17,-0.0,37.08010272981402,-0.0,-0.0,-0.0,-0.0,-0.0
2040-03-16 07:00:00,17.9258426650425,-1.4254099123571034e-17,-0.0,36.8160583289831,-0.0,-0.0,-0.0,-0.0,-0.0
2040-03-16 08:00:00,7.024547256915383,3.215648368837894,-0.0,39.83855670286514,-0.0,-0.0,-0.0,-0.0,-0.0
2040-03-16 09:00:00,17.768741537195247,-3.6836268507475043e-16,-0.0,33.99114458754511,-0.0,-0.0,-0.0,-0.0,-0.0
2040-03-16 10:00:00,17.03094111956895,3.476408707601948e-16,-0.0,33.21070530729405,-0.0,-0.0,-0.0,-0.0,-0.0
2040-03-16 11:00:00,16.667737669968343,2.3190532701597734e-16,-0.0,32.04859947936898,-0.0,-0.0,-0.0,-0.0,-0.0
2040-03-16 12:00:00,16.755804163873076,-4.792892317389965e-16,-0.0,32.44062202605426,-0.0,-0.0,-0.0,-0.0,-0.0
2040-03-16 13:00:00,16.394819439588353,-4.766174080560707e-16,-0.0,31.618346533963013,-0.0,-0.0,-0.0,-0.0,-0.0
2040-03-16 14:00:00,16.52332208761934,1.1455042775355072e-16,-0.0,32.86079283036288,-0.0,-0.0,-0.0,-0.0,-0.0
2040-03-16 15:00:00,16.64552329436389,-3.600492000422812e-16,-0.0,33.337239474083134,-0.0,-0.0,-0.0,-0.0,-0.0
2040-03-16 16:00:00,17.351600593706358,1.084199352984845e-16,-0.0,33.135421533312154,-0.0,-0.0,-0.0,-0.0,-0.0
2040-03-16 17:00:00,17.534325966248517,1.0706749585995441e-16,-0.0,34.18563982943653,-0.0,-0.0,-0.0,-0.0,5.464725171294204e-14
2040-03-16 18:00:00,17.748215106188347,2.2390818750078127e-16,-0.0,35.485405751060576,-0.0,-0.0,-0.0,-0.0,-0.0
2040-03-16 19:00:00,18.789783152867404,-2.5749612185353174e-16,-0.0,35.84264383560063,-0.0,-0.0,-0.0,-0.0,-0.0
2040-03-16 20:00:00,18.588605404970437,-3.744308966951655e-16,-0.0,37.321225306012565,-0.0,-0.0,-0.0,-0.0,-0.0
2040-03-16 21:00:00,19.52283730309475,-2.6074233906027886e-17,-0.0,37.95048753138966,-0.0,-0.0,-0.0,-0.0,-0.0
2040-03-16 22:00:00,19.66574086497757,-5.00827089910783e-16,-0.0,39.7165602588571,-0.0,-0.0,-0.0,-0.0,-0.0
2040-03-16 23:00:00,20.06807651974614,-5.038049719611277e-16,-0.0,10.515789328699867,-0.0,-0.0,-0.0,-0.0,-0.0
2040-03-17 00:00:00,19.92302677064388,8.938755831341864e-17,-0.0,39.43205989988268,-0.0,-0.0,-0.0,-0.0,-0.0
2040-03-17 01:00:00,0.0,5.878540748837775,-0.0,44.489984695984376,-0.0,-0.0,-0.0,-0.0,-0.0
2040-03-17 02:00:00,18.8980187861931,9.697414141183119e-17,-0.0,38.43949557557216,-0.0,-0.0,-0.0,-0.0,-0.0
2040-03-17 03:00:00,0.0,5.8663167910129275,-0.0,44.949626506838115,-0.0,-0.0,-0.0,-0.0,-0.0
2040-03-17 04:00:00,0.0,5.733515078600111,-0.0,44.07535568805336,-0.0,-0.0,-0.0,-0.0,-0.0
2040-03-17 05:00:00,0.0,5.399485960642213,-0.0,42.73159653519596,-0.0,-0.0,-0.0,-0.0,-0.0
2040-03-17 06:00:00,18.43906830835692,-2.549003105505093e-16,-0.0,36.43912086040778,-0.0,-0.0,-0.0,-0.0,-0.0
2040-03-17 07:00:00,0.0,5.331285522179843,-0.0,38.638308010982726,-0.0,-0.0,-0.0,-0.0,-0.0
2040-03-17 08:00:00,17.518456907392576,-1.1238838803255645e-17,-0.0,33.949599190312824,-0.0,-0.0,-0.0,-0.0,-0.0
2040-03-17 09:00:00,16.89603098875759,4.670631956100913e-16,-0.0,31.971351121491907,-0.0,-0.0,-0.0,-0.0,-0.0
2040-03-17 10:00:00,0.0,4.80565204606264,-0.0,36.25005214806385,-0.0,-0.0,-0.0,-0.0,-0.0
2040-03-17 11:00:00,16.222484548574776,-4.753418736297404e-16,-0.0,31.482186239834427,-0.0,-0.0,-0.0,-0.0,-0.0
2040-03-17 12:00:00,15.902231474357277,-5.848826219166031e-17,-0.0,31.030565776087414,-0.0,-0.0,-0.0,-0.0,-0.0
2040-03-17 13:00:00,0.0,4.763137683541646,-0.0,35.2713726790205,-0.0,-0.0,-0.0,-0.0,-0.0
2040-03-17 14:00:00,16.20344684873525,-4.752009663450888e-16,-0.0,30.12385818631536,-0.0,-0.0,-0.0,-0.0,-0.0
2040-03-17 15:00:00,15.993409613525342,1.7768446259872734e-16,-0.0,31.52879933167341,-0.0,-0.0,-0.0,-0.0,-0.0
2040-03-17 16:00:00,16.545343969035947,-4.036356205094515e-18,-0.0,31.304039043043844,-0.0,-0.0,-0.0,-0.0,-0.0
2040-03-17 17:00:00,1.990443615219538,4.52208635071785,-0.0,37.01969041305839,-0.0,-0.0,-0.0,-0.0,-0.0
2040-03-17 18:00:00,0.0,5.164283788440222,-0.0,38.70065541165991,-0.0,-0.0,-0.0,-0.0,-0.0
2040-03-17 19:00:00,0.0,5.168430221157881,-0.0,39.90283016281817,-0.0,-0.0,-0.0,-0.0,-0.0
2040-03-17 20:00:00,0.0,5.369445676706209,-0.0,40.210910801700166,-0.0,-0.0,-0.0,-0.0,-0.0
2040-03-17 21:00:00,0.0,5.718033236990092,-0.0,42.71772146446243,-0.0,-0.0,-0.0,-0.0,-0.0
2040-03-17 22:00:00,0.0,5.6014333781423185,-0.0,43.3243628451069,-0.0,-0.0,-0.0,-0.0,-0.0
2040-03-17 23:00:00,0.0,5.711366062305434,-0.0,43.34069757371937,-0.0,-0.0,-0.0,-0.0,-0.0
2040-03-18 00:00:00,0.0,5.865841010088051,-0.0,44.65450421216012,-0.0,-0.0,-0.0,-0.0,-0.0
2040-03-18 01:00:00,0.0,5.771682440592827,-0.0,45.34154082239963,-0.0,-0.0,-0.0,-0.0,-0.0
2040-03-18 02:00:00,0.0,5.935786245321576,-0.0,43.526965428237666,-0.0,-0.0,-0.0,-0.0,-0.0
2040-03-18 03:00:00,0.0,5.926183578215503,-0.0,43.886744488673486,-0.0,-0.0,-0.0,-0.0,-0.0
2040-03-18 04:00:00,0.0,5.596306672255621,-0.0,42.40082066366601,-0.0,-0.0,-0.0,-0.0,-0.0
2040-03-18 05:00:00,0.0,5.572136143873348,-0.0,41.78174542591083,-0.0,-0.0,-0.0,-0.0,-0.0
2040-03-18 06:00:00,0.0,5.501959003908207,-0.0,41.627383729566034,-0.0,-0.0,-0.0,-0.0,-0.0
2040-03-18 07:00:00,0.0,5.280432223805477,-0.0,39.55589601798573,-0.0,-0.0,-0.0,-0.0,-0.0
2040-03-18 08:00:00,0.0,5.266951681493076,-0.0,38.240396667480624,-0.0,-0.0,-0.0,-0.0,-0.0
2040-03-18 09:00:00,0.0,5.133476719889267,-0.0,38.24397010685335,-0.0,-0.0,-0.0,-0.0,-0.0
2040-03-18 10:00:00,0.0,4.930742891599302,-0.0,36.81184636455856,-0.0,-0.0,-0.0,-0.0,-0.0
2040-03-18 11:00:00,0.0,4.880871382479957,-0.0,36.287041184980275,-0.0,-0.0,-0.0,-0.0,-0.0
2040-03-18 12:00:00,0.0,4.7949669138604625,-0.0,36.647910365840914,-0.0,-0.0,-0.0,-0.0,-0.0
2040-03-18 13:00:00,0.0,4.815233383886979,-0.0,35.01713870295581,-0.0,-0.0,-0.0,-0.0,-0.0
2040-03-18 14:00:00,0.0,4.917475261691152,-0.0,34.39683589742225,-0.0,-0.0,-0.0,-0.0,-0.0
2040-03-18 15:00:00,0.0,4.8585761827084095,-0.0,37.014751246412516,-0.0,-0.0,-0.0,-0.0,-0.0
2040-03-18 16:00:00,0.0,4.913124052043573,-0.0,36.492680674457894,-0.0,-0.0,-0.0,-0.0,-0.0
2040-03-18 17:00:00,0.0,5.11767255994607,-0.0,37.687018254213214,-0.0,-0.0,-0.0,-0.0,-0.0
2040-03-18 18:00:00,0.0,5.206194379966241,-0.0,39.17182956740619,-0.0,-0.0,-0.0,-0.0,-0.0
2040-03-18 19:00:00,0.0,5.356246759834598,-0.0,40.25878385587882,-0.0,-0.0,-0.0,-0.0,-0.0
2040-03-18 20:00:00,0.0,5.560858169028893,-0.0,40.3119876609335,-0.0,-0.0,-0.0,-0.0,-0.0
2040-03-18 21:00:00,0.0,5.593186529388833,-0.0,41.48719773206788,-0.0,-0.0,-0.0,-0.0,-0.0
2040-03-18 22:00:00,0.0,5.762587972412168,-0.0,42.464082751679776,-0.0,-0.0,-0.0,-0.0,-0.0
2040-03-18 23:00:00,0.0,5.75928412161348,-0.0,43.34460710665742,-0.0,-0.0,-0.0,-0.0,-0.0
2040-03-19 00:00:00,0.0,6.195329781170734,-0.0,47.27596888904782,-0.0,-0.0,-0.0,-0.0,-0.0
2040-03-19 01:00:00,0.0,6.160434296907806,-0.0,47.809992625677886,-0.0,-0.0,-0.0,-0.0,-0.0
2040-03-19 02:00:00,0.0,6.310473763127892,-0.0,47.84898944732177,-0.0,-0.0,-0.0,-0.0,-0.0
2040-03-19 03:00:00,0.0,5.9707504176580235,-0.0,45.80177593814009,-0.0,-0.0,-0.0,-0.0,-0.0
2040-03-19 04:00:00,0.0,5.924495282437547,-0.0,45.766371136577725,-0.0,-0.0,-0.0,-0.0,-0.0
2040-03-19 05:00:00,0.0,6.057501725765068,-0.0,44.50020403294914,-0.0,-0.0,-0.0,-0.0,-0.0
2040-03-19 06:00:00,0.0,5.603785831555911,-0.0,43.18087702065036,-0.0,-0.0,-0.0,-0.0,-0.0
2040-03-19 07:00:00,0.0,5.7449703973286566,-0.0,43.01402891533609,-0.0,-0.0,-0.0,-0.0,-0.0
2040-03-19 08:00:00,0.0,5.539280736131475,-0.0,41.2629997285311,-0.0,-0.0,-0.0,-0.0,-0.0
2040-03-19 09:00:00,0.0,5.24765425937012,-0.0,39.186781144266156,-0.0,-0.0,-0.0,-0.0,-0.0
2040-03-19 10:00:00,0.0,5.217807488162712,-0.0,39.18258099544271,-0.0,-0.0,-0.0,-0.0,-0.0
2040-03-19 11:00:00,0.0,5.147304144747629,-0.0,38.38342497079978,-0.0,-0.0,-0.0,-0.0,-0.0
2040-03-19 12:00:00,0.0,5.112340324360926,-0.0,37.88090037349293,-0.0,-0.0,-0.0,-0.0,-0.0
2040-03-19 13:00:00,0.0,5.073169485766974,-0.0,37.42383662972281,-0.0,-4.703599520040427e-13,-0.0,-0.0,-0.0
2040-03-19 14:00:00,0.0,5.0903339450654554,-0.0,37.64780052065907,-0.0,-0.0,-0.0,-0.0,-0.0
2040-03-19 15:00:00,0.0,5.254418514202333,-0.0,38.841928578143815,-0.0,-0.0,-0.0,-0.0,-0.0
2040-03-19 16:00:00,0.0,5.059286827310719,-0.0,38.54029229129086,-0.0,-0.0,-0.0,-0.0,-0.0
2040-03-19 17:00:00,0.0,5.302306128574881,-0.0,40.157240152035385,-0.0,-0.0,-0.0,-0.0,-0.0
2040-03-19 18:00:00,0.0,5.296829619372972,-0.0,40.51074263609825,-0.0,-0.0,-0.0,-0.0,-0.0
2040-03-19 19:00:00,0.0,5.580003521656232,-0.0,42.898851517606154,-0.0,-0.0,-0.0,-0.0,-0.0
2040-03-19 20:00:00,0.0,5.863177698304415,-0.0,44.82609632236785,-0.0,-0.0,-0.0,-0.0,-0.0
2040-03-19 21:00:00,0.0,5.739774144099186,-0.0,44.65741803505916,-0.0,-0.0,-0.0,-0.0,-0.0
2040-03-19 22:00:00,0.0,5.787010203885277,-0.0,45.879035797549164,-0.0,-0.0,-0.0,-0.0,-0.0
2040-03-19 23:00:00,0.0,6.124911573082627,-0.0,46.9472542868999,-0.0,-0.0,-0.0,-0.0,-0.0
2040-03-20 00:00:00,0.0,6.221686905495001,-0.0,47.23657079009477,-0.0,-0.0,-0.0,-0.0,-0.0
2040-03-20 01:00:00,0.0,6.308004537237129,-0.0,48.838744992688895,-0.0,-0.0,-0.0,-0.0,-0.0
2040-03-20 02:00:00,0.0,6.145962409519311,-0.0,47.41275706949302,-0.0,-0.0,-0.0,-0.0,-0.0
2040-03-20 03:00:00,0.0,6.081215950632296,-0.0,45.81288064111257,-0.0,-0.0,-0.0,-0.0,-0.0
2040-03-20 04:00:00,0.0,6.243592005141035,-0.0,46.990801736806155,-0.0,-0.0,-0.0,-0.0,-0.0
2040-03-20 05:00:00,0.0,5.807960975529448,-0.0,44.47026201644629,-0.0,-0.0,-0.0,-0.0,-0.0
2040-03-20 06:00:00,0.0,5.855124716944483,-0.0,44.5418905001109,-0.0,-0.0,-0.0,-0.0,-0.0
2040-03-20 07:00:00,0.0,5.582459280607012,-0.0,40.95532567999203,-0.0,-0.0,-0.0,-0.0,-0.0
2040-03-20 08:00:00,0.0,5.315200226506333,-0.0,41.78295385099014,-0.0,-0.0,-0.0,-0.0,-0.0
2040-03-20 09:00:00,0.0,5.428026285590453,-0.0,39.41152819870052,-0.0,-0.0,-0.0,-0.0,-0.0
2040-03-20 10:00:00,0.0,5.4474553690551915,-0.0,38.94909753401329,-0.0,-0.0,-0.0,-0.0,-0.0
2040-03-20 11:00:00,0.0,5.129511861600828,-0.0,38.29033706265942,-0.0,-0.0,-0.0,-0.0,-0.0
2040-03-20 12:00:00,0.0,5.003781661860724,-0.0,37.9111605956556,-0.0,-0.0,-0.0,-0.0,-0.0
2040-03-20 13:00:00,0.0,5.076324299635048,-0.0,36.82877500562353,-0.0,-0.0,-0.0,-0.0,-0.0
2040-03-20 14:00:00,0.0,5.069633053877288,-0.0,38.02645118305721,-0.0,-0.0,-0.0,-0.0,-0.0
2040-03-20 15:00:00,0.0,5.201865923557255,-0.0,38.703738439825564,-0.0,-0.0,-0.0,-0.0,-0.0
2040-03-20 16:00:00,0.0,5.353853761127534,-0.0,39.05829233524851,-0.0,-0.0,-0.0,-0.0,-0.0
2040-03-20 17:00:00,0.0,5.4756255450084454,-0.0,40.14425953927613,-0.0,-0.0,-0.0,-0.0,-0.0
2040-03-20 18:00:00,0.0,5.432919412167872,-0.0,41.93335926666351,-0.0,-0.0,-0.0,-0.0,-0.0
2040-03-20 19:00:00,0.0,5.665414395774686,-0.0,42.1348780747834,-0.0,-0.0,-0.0,-0.0,-0.0
2040-03-20 20:00:00,0.0,5.7476111908616305,-0.0,44.16446266487323,-0.0,-0.0,-0.0,-0.0,-0.0
2040-03-20 21:00:00,0.0,6.00646564909405,-0.0,45.22473758097007,-0.0,-0.0,-0.0,-0.0,-0.0
2040-03-20 22:00:00,0.0,6.008974540410175,-0.0,45.94593103864271,-0.0,-0.0,-0.0,-0.0,-0.0
2040-03-20 23:00:00,0.0,6.172928052358511,-0.0,46.33044411221232,-0.0,-0.0,-0.0,-0.0,-0.0
2040-03-21 00:00:00,0.0,6.3139045109270535,-0.0,46.61791126434146,-0.0,-0.0,-0.0,-0.0,-0.0
2040-03-21 01:00:00,0.0,6.1863215282051085,-0.0,47.91701838842963,-0.0,-0.0,-0.0,-0.0,-0.0
2040-03-21 02:00:00,0.0,6.240942727338489,-0.0,47.93008324478028,-0.0,-0.0,-0.0,-0.0,-0.0
2040-03-21 03:00:00,0.0,6.1063425274518535,-0.0,47.4851244396463,-0.0,-0.0,-0.0,-0.0,-0.0
2040-03-21 04:00:00,0.0,6.11527778244303,-0.0,46.04581113079672,-0.0,-0.0,-0.0,-0.0,-0.0
2040-03-21 05:00:00,0.0,6.002858957990114,-0.0,45.31023633226127,-0.0,-0.0,-0.0,-0.0,-0.0
2040-03-21 06:00:00,0.0,5.704798684891081,-0.0,43.8487579845695,-0.0,-0.0,-0.0,-0.0,-0.0
2040-03-21 07:00:00,0.0,5.85293090748205,-0.0,43.040285240573425,-0.0,-0.0,-0.0,-0.0,-0.0
2040-03-21 08:00:00,0.0,5.600859398192927,-0.0,41.27186041302154,-0.0,-0.0,-0.0,-0.0,-5.25000905617655e-13
2040-03-21 09:00:00,0.0,5.300153838315472,-0.0,40.84090358944902,-0.0,-0.0,-0.0,-0.0,-0.0
2040-03-21 10:00:00,0.0,5.150086562119386,-0.0,38.64687627061296,-0.0,-0.0,-0.0,-0.0,-0.0
2040-03-21 11:00:00,0.0,5.177822653544651,-0.0,37.467647117529964,-0.0,-0.0,-0.0,-0.0,-0.0
2040-03-21 12:00:00,0.0,5.118543664013322,-0.0,37.703760128817535,-0.0,-0.0,-0.0,-0.0,-0.0
2040-03-21 13:00:00,0.0,5.013646687598171,-0.0,37.29579482741445,-0.0,-0.0,-0.0,-0.0,-0.0
2040-03-21 14:00:00,0.0,5.018787918565191,-0.0,38.90478502728342,-0.0,-0.0,-0.0,-0.0,-0.0
2040-03-21 15:00:00,0.0,5.085425690204823,-0.0,37.79753494090516,-0.0,-0.0,-0.0,-0.0,-0.0
2040-03-21 16:00:00,0.0,5.296115441975005,-0.0,38.43253595610859,-0.0,-0.0,-0.0,-0.0,-0.0
2040-03-21 17:00:00,0.0,5.2936028194464555,-0.0,40.780105731368,-0.0,-0.0,-0.0,-0.0,-0.0
2040-03-21 18:00:00,0.0,5.513495395203367,-0.0,42.54639361831034,-0.0,-0.0,-0.0,-0.0,-0.0
2040-03-21 19:00:00,0.0,5.592934915046572,-0.0,44.017397413277436,-0.0,-0.0,-0.0,-0.0,-0.0
2040-03-21 20:00:00,0.0,5.884101021715502,-0.0,43.4798387739435,-0.0,-0.0,-0.0,-0.0,-0.0
2040-03-21 21:00:00,0.0,6.0941531434269685,-0.0,44.62705340939053,-0.0,-0.0,-0.0,-0.0,-0.0
2040-03-21 22:00:00,20.283261011051064,4.4199265720707935e-16,-0.0,42.15433317685259,-0.0,-0.0,-0.0,-0.0,-0.0
2040-03-21 23:00:00,20.877844187420994,-2.729508781027586e-16,-0.0,40.590020407291455,-0.0,-0.0,-0.0,-0.0,-0.0
2040-03-22 00:00:00,20.73126607325766,2.0182917505231e-16,-0.0,40.306916174607665,-0.0,-0.0,-0.0,-0.0,-0.0
2040-03-22 01:00:00,20.97078020941265,-3.6791164258939865e-17,-0.0,41.940153101467565,-0.0,-0.0,-0.0,-0.0,-0.0
2040-03-22 02:00:00,21.164191209943642,-5.119178504057086e-16,-0.0,39.47843700825145,-0.0,-0.0,-0.0,-0.0,-0.0
2040-03-22 03:00:00,20.995120816823796,-5.106664781175481e-16,-0.0,39.26570518241097,-0.0,-0.0,-0.0,-0.0,-0.0
2040-03-22 04:00:00,20.598087797640982,2.028148923054401e-16,-0.0,39.83604977221468,-0.0,-0.0,-0.0,-0.0,-0.0
2040-03-22 05:00:00,0.0,5.959742173170909,-0.0,45.52368999303035,-0.0,-0.0,-0.0,-0.0,-0.0
2040-03-22 06:00:00,0.0,5.916892725688082,-0.0,43.95286260610905,-0.0,-0.0,-0.0,-0.0,-0.0
2040-03-22 07:00:00,0.0,5.742766305992358,-0.0,42.91559090880523,-0.0,-0.0,-0.0,-0.0,-0.0
2040-03-22 08:00:00,19.2328528606604,-1.4235170716755323e-16,-0.0,36.552050427771945,-0.0,-0.0,-0.0,-0.0,-0.0
2040-03-22 09:00:00,17.92595188496794,-1.4254907513410855e-17,-0.0,35.846429336318664,-0.0,-0.0,-0.0,-0.0,-0.0
2040-03-22 10:00:00,17.881736118303955,1.0449614419461791e-16,-0.0,33.29105141511098,-0.0,-0.0,-0.0,-0.0,-0.0
2040-03-22 11:00:00,17.12218655745848,2.2854172955993177e-16,-0.0,32.64855611943376,-0.0,-0.0,-0.0,-0.0,-0.0
2040-03-22 12:00:00,0.0,5.0414252982433005,-0.0,37.89268728719769,-0.0,-0.0,-0.0,-0.0,-0.0
2040-03-22 13:00:00,0.0,5.184002351646083,-0.0,37.41213950099499,-0.0,-0.0,-0.0,-0.0,-0.0
2040-03-22 14:00:00,16.958519800899285,-1.2551826097680007e-16,-0.0,32.16705966225012,-0.0,-0.0,-0.0,-0.0,-0.0
2040-03-22 15:00:00,17.42479461790084,2.263019799856633e-16,-0.0,32.98173677837654,-0.0,-0.0,-0.0,-0.0,-0.0
2040-03-22 16:00:00,18.06114458522967,1.0316825478932704e-16,-0.0,33.111524076823,-0.0,-0.0,-0.0,-0.0,-0.0
2040-03-22 17:00:00,0.0,5.442480767168019,-0.0,40.27956192619366,-0.0,-0.0,-0.0,-0.0,-0.0
2040-03-22 18:00:00,0.0,5.516614150495655,-0.0,41.86370955829062,-0.0,-0.0,-0.0,-0.0,-0.0
2040-03-22 19:00:00,18.81868881245304,9.756130116775866e-17,-0.0,36.84260568523799,-0.0,-0.0,-0.0,-0.0,-0.0
2040-03-22 20:00:00,19.578247467495434,-5.00179508681534e-16,-0.0,37.684929029467014,-0.0,-0.0,-0.0,-0.0,-0.0
2040-03-22 21:00:00,19.958189080418546,-2.6614406293937036e-16,-0.0,38.18629454567909,-0.0,-0.0,-0.0,-0.0,-0.0
2040-03-22 22:00:00,20.074217392207164,-5.038504235477778e-16,-0.0,39.44291372714942,-0.0,-0.0,-0.0,-0.0,-0.0
2040-03-22 23:00:00,0.0,6.150240585877127,-0.0,46.23753464793374,-0.0,-0.0,-0.0,-0.0,-0.0
2040-03-23 00:00:00,0.0,6.283785124545145,-0.0,48.8699613711451,-0.0,-0.0,-0.0,-0.0,-0.0
2040-03-23 01:00:00,0.0,6.254878396971981,-0.0,49.35684280027583,-0.0,-0.0,-0.0,-0.0,-0.0
2040-03-23 02:00:00,20.76224639827643,-1.5367149329538147e-16,-0.0,41.04733077191348,-0.0,-0.0,-0.0,-0.0,-0.0
2040-03-23 03:00:00,20.42894697245781,-3.8805216057116036e-16,-0.0,41.109525367195495,-0.0,-0.0,-0.0,-0.0,-0.0
2040-03-23 04:00:00,20.49903219453746,-2.7014710612606896e-16,-0.0,41.85955779630924,-0.0,-0.0,-0.0,-0.0,-0.0
2040-03-23 05:00:00,0.0,5.956289989720877,-0.0,44.559837501842416,-0.0,-0.0,-0.0,-0.0,-0.0
2040-03-23 06:00:00,0.0,5.838006231570119,-0.0,45.65454899429979,-0.0,-0.0,-0.0,-0.0,-0.0
2040-03-23 07:00:00,0.0,5.839550760544164,-0.0,42.56872519251816,-0.0,-0.0,-0.0,-0.0,-0.0
2040-03-23 08:00:00,18.955610500903873,3.3339545568053426e-16,-0.0,35.35444554107408,-0.0,-0.0,-0.0,-0.0,-0.0
2040-03-23 09:00:00,17.899834446409706,-1.32485388929217e-16,-0.0,36.349296144633556,-0.0,-0.0,-0.0,-0.0,-0.0
2040-03-23 10:00:00,0.0,5.419131650452694,-0.0,39.0260154293729,-0.0,-0.0,-0.0,-0.0,-0.0
2040-03-23 11:00:00,0.0,5.23783140301301,-0.0,38.70078313292171,-0.0,-0.0,-0.0,-0.0,-0.0
2040-03-23 12:00:00,0.0,5.2968844490952245,-0.0,38.66091664400419,-0.0,-0.0,-0.0,-0.0,-0.0
2040-03-23 13:00:00,17.504980853570554,-1.1139095968360339e-17,-0.0,32.66693264299402,-0.0,-0.0,-0.0,-0.0,-0.0
2040-03-23 14:00:00,0.0,5.243627172592961,-0.0,37.41518860540949,-0.0,-0.0,-0.0,-0.0,-0.0
2040-03-23 15:00:00,17.19641332046844,3.4641613044436803e-16,-0.0,32.942971865935704,-0.0,-0.0,-0.0,-0.0,-0.0
2040-03-23 16:00:00,17.42402109649906,1.078839159007819e-16,-0.0,34.455998836700076,-0.0,-0.0,-0.0,-0.0,-0.0
2040-03-23 17:00:00,18.48752809111496,1.0001238288563208e-16,-0.0,35.86618268369522,-0.0,-0.0,-0.0,-0.0,-0.0
2040-03-23 18:00:00,18.292872754735697,3.3830070038109487e-16,-0.0,36.40400262026698,-0.0,-0.0,-0.0,-0.0,-0.0
2040-03-23 19:00:00,18.669370175170435,3.355140596819041e-16,-0.0,35.974069179979026,-0.0,-0.0,-0.0,-0.0,-0.0
2040-03-23 20:00:00,19.44750333795475,-3.8078801843517975e-16,-0.0,38.618535553729494,-0.0,-0.0,-0.0,-0.0,-0.0
2040-03-23 21:00:00,0.0,5.9844646957191046,-0.0,44.8695788869639,-0.0,-0.0,-0.0,-0.0,-0.0
2040-03-23 22:00:00,0.0,6.147858587789834,-0.0,47.4213553479065,-0.0,-0.0,2.7448817013193585e-13,-0.0,-0.0
2040-03-23 23:00:00,20.92255132547925,-5.101293559830411e-16,-0.0,41.66429049247384,-0.0,-0.0,-0.0,-0.0,-0.0
2040-03-24 00:00:00,0.0,6.092362307166024,-0.0,44.66506682773225,-0.0,-0.0,2.047638056005413e-13,-0.0,-0.0
2040-03-24 01:00:00,20.41783196823004,-3.8796989301374383e-16,-0.0,38.355132506637936,-0.0,-0.0,-0.0,-0.0,-0.0
2040-03-24 02:00:00,20.166114209173855,-1.492592287483023e-16,-0.0,38.51441102253438,-0.0,-0.0,-0.0,-0.0,-0.0
2040-03-24 03:00:00,19.92088680067785,0.15368686872441856,-0.0,38.83187647449894,-0.0,-0.0,-0.0,-0.0,-0.0
2040-03-24 04:00:00,0.0,5.9086693687148,-0.0,44.259524627248,-0.0,-0.0,-0.0,-0.0,-0.0
2040-03-24 05:00:00,0.0,5.850162542355284,-0.0,42.261672032727645,-0.0,-0.0,-0.0,-0.0,-0.0
2040-03-24 06:00:00,0.0,5.61267077702934,-0.0,41.57912339518603,-0.0,-0.0,-0.0,-0.0,-0.0
2040-03-24 07:00:00,0.0,5.574146846926783,-0.0,41.466504795968866,-0.0,-0.0,-0.0,-0.0,-0.0
2040-03-24 08:00:00,0.0,5.542790603412077,-0.0,40.29103920427243,-0.0,-0.0,-0.0,-0.0,-0.0
2040-03-24 09:00:00,0.0,5.389623425247737,-0.0,37.76060470020345,-0.0,-0.0,-0.0,-0.0,-0.0
2040-03-24 10:00:00,0.0,5.15299809953978,-0.0,38.12414769905985,-0.0,-0.0,-0.0,-0.0,-0.0
2040-03-24 11:00:00,0.0,4.931031294779627,-0.0,36.90219013707615,-0.0,-0.0,-0.0,-0.0,-0.0
2040-03-24 12:00:00,0.0,4.960962148770659,-0.0,36.03037875985335,-0.0,-0.0,-0.0,-0.0,-0.0
2040-03-24 13:00:00,0.0,4.911022115238382,-0.0,36.14812639809075,-0.0,-0.0,-0.0,-0.0,-0.0
2040-03-24 14:00:00,0.0,5.061376744714861,-0.0,35.399006336198774,-0.0,-0.0,-0.0,-0.0,-0.0
2040-03-24 15:00:00,0.0,4.853727190235982,-0.0,36.25522754864484,-0.0,-0.0,-0.0,-0.0,-0.0
2040-03-24 16:00:00,0.0,5.196377617838624,-0.0,37.40772395411319,-0.0,-0.0,-0.0,-0.0,-0.0
2040-03-24 17:00:00,0.0,5.316827737852318,-0.0,38.5422426063257,-0.0,-0.0,-0.0,-0.0,-0.0
2040-03-24 18:00:00,0.0,5.389332233193419,-0.0,38.639592848009144,-0.0,-0.0,-0.0,-0.0,-0.0
2040-03-24 19:00:00,0.0,5.3754437486327555,-0.0,41.08696071966716,-0.0,-0.0,-0.0,-0.0,-0.0
2040-03-24 20:00:00,0.0,5.650489056267219,-0.0,41.68206301743236,-0.0,-0.0,-0.0,-0.0,-0.0
2040-03-24 21:00:00,0.0,5.90272826878845,-0.0,42.168847546019606,-0.0,-0.0,-0.0,-0.0,-0.0
2040-03-24 22:00:00,0.0,6.009507571887535,-0.0,45.12067518562635,-0.0,-0.0,-0.0,-0.0,-0.0
2040-03-24 23:00:00,0.0,6.093061671381374,-0.0,45.69862731881041,-0.0,-0.0,-0.0,-0.0,-0.0
2040-03-25 00:00:00,0.0,6.193023769826422,-0.0,45.266790108876506,-0.0,-0.0,-0.0,-0.0,-0.0
2040-03-25 01:00:00,0.0,6.294228826855304,-0.0,45.007283363994944,-0.0,-0.0,-0.0,-0.0,-0.0
2040-03-25 02:00:00,0.0,5.9623769029450955,-0.0,45.25504609166071,-0.0,-0.0,-0.0,-0.0,-0.0
2040-03-25 03:00:00,0.0,6.06429617543132,-0.0,43.78279979978207,-0.0,-0.0,-0.0,-0.0,-0.0
2040-03-25 04:00:00,0.0,6.036949279015101,-0.0,42.46416901683588,-0.0,-0.0,-0.0,-0.0,-0.0
2040-03-25 05:00:00,0.0,5.759971967225798,-0.0,44.148927103351994,-0.0,-0.0,-0.0,-0.0,-0.0
2040-03-25 06:00:00,0.0,5.7128470292550775,-0.0,43.699119222714984,-0.0,-0.0,-0.0,-0.0,-0.0
2040-03-25 07:00:00,0.0,5.551460105203733,-0.0,40.96386646137026,-0.0,-0.0,-0.0,-0.0,-0.0
2040-03-25 08:00:00,0.0,5.510639851012839,-0.0,39.61077317956586,-0.0,-0.0,-0.0,-0.0,-0.0
2040-03-25 09:00:00,0.0,5.146233578142851,-0.0,37.55029259577981,-0.0,-0.0,-0.0,-0.0,-0.0
2040-03-25 10:00:00,0.0,5.182260354659568,-0.0,36.428556272628015,-0.0,-0.0,-0.0,-0.0,-0.0
2040-03-25 11:00:00,0.0,5.103042355077188,-0.0,35.79931476969354,-0.0,-0.0,-0.0,-0.0,-0.0
2040-03-25 12:00:00,0.0,4.9885476585899555,-0.0,36.316144698865784,-0.0,-0.0,-0.0,-0.0,-0.0
2040-03-25 13:00:00,0.0,5.064340539492458,-0.0,35.776080249175735,-0.0,-0.0,-0.0,-0.0,-0.0
2040-03-25 14:00:00,0.0,5.141501473051054,-0.0,35.97902723937578,-0.0,-0.0,-0.0,-0.0,-0.0
2040-03-25 15:00:00,0.0,5.283066542893884,-0.0,37.065150445618514,-0.0,-0.0,-0.0,-0.0,-0.0
2040-03-25 16:00:00,0.0,5.267572036313818,-0.0,37.04741479347039,-0.0,-0.0,-0.0,-0.0,-0.0
2040-03-25 17:00:00,0.0,5.257809890009672,-0.0,38.73110299584859,-0.0,-0.0,-0.0,-0.0,-0.0
2040-03-25 18:00:00,0.0,5.401349230282381,-0.0,37.54361908385053,-0.0,-0.0,-0.0,-0.0,-0.0
2040-03-25 19:00:00,0.0,5.51110674488518,-0.0,40.386963875180086,-0.0,-0.0,-0.0,-0.0,-0.0
2040-03-25 20:00:00,0.0,5.790840659188153,-0.0,42.52542125349869,-0.0,-0.0,-0.0,-0.0,-0.0
2040-03-25 21:00:00,0.0,5.995098620546415,-0.0,44.32799114259811,-0.0,-0.0,-0.0,-0.0,-0.0
2040-03-25 22:00:00,0.0,5.983373525807461,-0.0,44.36957757156169,-0.0,-0.0,-0.0,-0.0,-0.0
2040-03-25 23:00:00,0.0,6.152265047278948,-0.0,45.44534233932641,-0.0,-0.0,-0.0,-0.0,-0.0
2040-03-26 00:00:00,0.0,6.322032270380528,-0.0,45.85871922600314,-0.0,-0.0,-0.0,-0.0,-0.0
2040-03-26 01:00:00,0.0,6.382616797080165,-0.0,48.476442792825665,-0.0,-0.0,-0.0,-0.0,-0.0
2040-03-26 02:00:00,0.0,6.33179586260465,-0.0,47.91681049231155,-0.0,-0.0,-0.0,-0.0,-0.0
2040-03-26 03:00:00,0.0,6.339640631686919,-0.0,46.565180020887134,-0.0,-0.0,-0.0,-0.0,-0.0
2040-03-26 04:00:00,0.0,6.3523017354989975,-0.0,46.75091790940689,-0.0,-0.0,-0.0,-0.0,-0.0
2040-03-26 05:00:00,0.0,6.149165590609286,-0.0,45.63314357158566,-0.0,-0.0,-0.0,-0.0,-0.0
2040-03-26 06:00:00,0.0,5.843188397976205,-0.0,43.95086700419383,-0.0,-0.0,-0.0,-0.0,-0.0
2040-03-26 07:00:00,0.0,5.893020159889947,-0.0,43.53345073957542,-0.0,-0.0,-0.0,-0.0,-0.0
2040-03-26 08:00:00,0.0,5.775009390674718,-0.0,42.82206978640982,-0.0,-0.0,-0.0,-0.0,-0.0
2040-03-26 09:00:00,0.0,5.6091972033625295,-0.0,41.07535290106037,-0.0,-0.0,-0.0,-0.0,-0.0
2040-03-26 10:00:00,0.0,5.348844820729769,-0.0,39.845658227222636,-0.0,-0.0,-0.0,-0.0,-0.0
2040-03-26 11:00:00,0.0,5.279950405058218,-0.0,38.04321299027932,-0.0,-0.0,-0.0,-0.0,-0.0
2040-03-26 12:00:00,0.0,5.198790973411219,-0.0,38.385290613908275,-0.0,-0.0,-0.0,-0.0,-0.0
2040-03-26 13:00:00,0.0,5.3625918009536635,-0.0,38.22482697067897,-0.0,-0.0,-0.0,-0.0,-0.0
2040-03-26 14:00:00,0.0,5.3838888584349505,-0.0,38.534593066976946,-0.0,-0.0,-0.0,-0.0,-0.0
2040-03-26 15:00:00,0.0,5.448838592498437,-0.0,39.53140224808103,-0.0,-0.0,-0.0,-0.0,-0.0
2040-03-26 16:00:00,0.0,5.452163044162045,-0.0,39.635650804657075,-0.0,-0.0,-0.0,-0.0,-0.0
2040-03-26 17:00:00,0.0,5.5496586728203186,-0.0,39.91373839897257,-0.0,-0.0,-0.0,-0.0,-0.0
2040-03-26 18:00:00,0.0,5.642417681392179,-0.0,42.190627873896304,-0.0,-0.0,-0.0,-0.0,-0.0
2040-03-26 19:00:00,0.0,5.815571715250969,-0.0,42.57440789379072,-0.0,-0.0,-0.0,-0.0,-0.0
2040-03-26 20:00:00,0.0,6.03540655941103,-0.0,44.231155967186,-0.0,-0.0,-0.0,-0.0,-0.0
2040-03-26 21:00:00,0.0,6.290966060317655,-0.0,45.50040139042091,-0.0,-0.0,-0.0,-5.547266620302331e-13,-0.0
2040-03-26 22:00:00,0.0,6.203582481315055,-0.0,46.56722732719301,-0.0,-0.0,-0.0,-0.0,-0.0
2040-03-26 23:00:00,0.0,6.311679834216483,-0.0,45.395312330595395,-0.0,-0.0,-0.0,-0.0,-0.0
2040-03-27 00:00:00,0.0,6.427743718593522,-0.0,47.292184534095625,-0.0,-0.0,-0.0,-0.0,-0.0
2040-03-27 01:00:00,0.0,6.597085015302247,-0.0,48.27895313280416,-0.0,-0.0,-0.0,-0.0,-0.0
2040-03-27 02:00:00,0.0,6.350816077756089,-0.0,47.893395771036985,-0.0,-0.0,-0.0,-0.0,-0.0
2040-03-27 03:00:00,0.0,6.3563687727152285,-0.0,47.303323622856624,-0.0,-0.0,-0.0,-0.0,-0.0
2040-03-27 04:00:00,0.0,6.332520455661957,-0.0,46.830797159843954,-0.0,-0.0,-0.0,-0.0,-0.0
2040-03-27 05:00:00,0.0,6.152870319703058,-0.0,45.88251369752788,-0.0,-0.0,-0.0,-0.0,-0.0
2040-03-27 06:00:00,0.0,6.193181300263411,-0.0,43.851542300395586,-0.0,-0.0,-0.0,-0.0,-0.0
2040-03-27 07:00:00,0.0,5.930807135688153,-0.0,44.25433488608989,-0.0,-0.0,-0.0,-0.0,-0.0
2040-03-27 08:00:00,0.0,5.733852270891375,-0.0,41.68915581607424,-0.0,-0.0,-0.0,-0.0,-0.0
2040-03-27 09:00:00,0.0,5.705461917591637,-0.0,40.80091056956869,-0.0,-0.0,-0.0,-0.0,-0.0
2040-03-27 10:00:00,0.0,5.347684335178496,-0.0,39.30433894302435,-0.0,-0.0,-0.0,-0.0,-0.0
2040-03-27 11:00:00,0.0,5.4152720772709655,-0.0,37.92763274944506,-0.0,-0.0,-0.0,-0.0,-0.0
2040-03-27 12:00:00,0.0,5.369449499538635,-0.0,37.45875380455272,-0.0,-0.0,-0.0,-0.0,-0.0
2040-03-27 13:00:00,0.0,5.4422391835936885,-0.0,38.0983775868317,-0.0,-0.0,-0.0,-0.0,-0.0
2040-03-27 14:00:00,0.0,5.388674964839725,-0.0,39.31348658706706,-0.0,-0.0,-0.0,-0.0,-5.437921328148464e-13
2040-03-27 15:00:00,0.0,5.3437179018894385,-0.0,38.04891239628619,-0.0,-0.0,-0.0,-0.0,-0.0
2040-03-27 16:00:00,0.0,5.444416032310442,-0.0,39.7060432870837,-0.0,-0.0,-0.0,-0.0,-0.0
2040-03-27 17:00:00,0.0,5.525993761576742,-0.0,39.785543101837426,-0.0,-0.0,-0.0,-0.0,-0.0
2040-03-27 18:00:00,0.0,5.658502170931314,-0.0,41.79649126212295,-0.0,-0.0,-0.0,-0.0,-0.0
2040-03-27 19:00:00,0.0,5.85539335312277,-0.0,42.35523649028545,-0.0,-0.0,-0.0,-0.0,-0.0
2040-03-27 20:00:00,0.0,6.256637265775787,-0.0,43.72350378315817,-0.0,-0.0,-0.0,-0.0,-0.0
2040-03-27 21:00:00,4.559439179175821,4.852708531391283,-0.0,43.41017303823188,-0.0,-0.0,-0.0,-0.0,-0.0
2040-03-27 22:00:00,20.94216543680447,2.0026820619038697e-16,-0.0,39.78287509106734,-0.0,-0.0,-0.0,-0.0,-0.0
2040-03-27 23:00:00,0.0,6.428044358584812,-0.0,47.44720629918923,-0.0,-0.0,-0.0,-0.0,-0.0
2040-03-28 00:00:00,21.642310277513868,-5.154566423879005e-16,-0.0,41.277588838772814,-0.0,-0.0,-0.0,-0.0,-0.0
2040-03-28 01:00:00,0.0,6.575219218341986,-0.0,47.67778426702471,-0.0,-0.0,-0.0,-0.0,-0.0
2040-03-28 02:00:00,21.438257779787012,-2.770987719264762e-16,-0.0,41.99635926117359,-0.0,-0.0,-0.0,-0.0,-0.0
2040-03-28 03:00:00,21.579410199801334,1.9555164746904748e-16,-0.0,41.52525553790147,-0.0,-0.0,-0.0,-0.0,-0.0
2040-03-28 04:00:00,21.24238838840955,-3.9407283649898244e-16,-0.0,40.34044436757636,-0.0,-0.0,-0.0,-0.0,-0.0
2040-03-28 05:00:00,21.445714829376374,4.3338877057929143e-16,-0.0,40.042135231079065,-0.0,-0.0,-0.0,-0.0,-0.0
2040-03-28 06:00:00,20.15930791849217,-5.044802199575051e-16,-0.0,38.37275171056515,-0.0,-0.0,-0.0,-0.0,-0.0
2040-03-28 07:00:00,19.665810017408983,-2.639800231548934e-16,-0.0,36.432814377672166,-0.0,-0.0,-0.0,-0.0,-0.0
2040-03-28 08:00:00,19.032566772637473,-3.7771687091135224e-16,-0.0,36.94152070530289,-0.0,-0.0,-0.0,-0.0,-0.0
2040-03-28 09:00:00,18.7487449286153,-2.0344799390468912e-17,-0.0,30.517771858814235,-0.0,-0.0,-0.0,-0.0,-0.0
2040-03-28 10:00:00,18.520263072951867,-2.5550127253139147e-16,-0.0,33.86122618225482,-0.0,-0.0,-0.0,-0.0,-0.0
2040-03-28 11:00:00,18.21315171819419,3.3889075458319734e-16,-0.0,31.161485935410898,-0.0,-0.0,-0.0,-0.0,-0.0
2040-03-28 12:00:00,18.0921458943408,-4.891801474585478e-16,-0.0,32.0236940738517,-0.0,-0.0,-0.0,-0.0,-0.0
2040-03-28 13:00:00,17.63410488984836,1.0632898347093534e-16,-0.0,32.245247662421725,-0.0,-0.0,-0.0,-0.0,-0.0
2040-03-28 14:00:00,17.956968151685597,4.592106831703369e-16,-0.0,32.465330859178295,-0.0,-0.0,-0.0,-0.0,-0.0
2040-03-28 15:00:00,18.2388834655243,-1.6571066485850934e-17,-0.0,34.16096349101244,-0.0,-0.0,-0.0,-0.0,-0.0
2040-03-28 16:00:00,18.644224733375967,-4.932663517152489e-16,-0.0,34.67706248791792,-0.0,-0.0,-0.0,-0.0,-0.0
2040-03-28 17:00:00,18.646255350370545,3.356851437532575e-16,-0.0,35.565307435689526,-0.0,-0.0,-0.0,-5.549486081788079e-13,-0.0
2040-03-28 18:00:00,16.407668259820603,0.9069819248827219,-0.0,36.574621385090225,-0.0,-0.0,-0.0,-0.0,-0.0
2040-03-28 19:00:00,0.0,5.832576202090703,-0.0,42.691584889894145,-0.0,-0.0,-0.0,-0.0,-0.0
2040-03-28 20:00:00,0.0,6.013594028773394,-0.0,43.690755934972714,-0.0,-0.0,-0.0,-0.0,-0.0
2040-03-28 21:00:00,0.0,6.321113873962574,-0.0,46.51025480780026,-0.0,-0.0,-0.0,-0.0,-0.0
2040-03-28 22:00:00,0.0,6.199194265147387,-0.0,45.94996977712559,-0.0,-0.0,-0.0,-0.0,-0.0
2040-03-28 23:00:00,0.0,6.550465271179241,-0.0,47.265909154831725,-0.0,-0.0,-0.0,-0.0,-0.0
2040-03-29 00:00:00,0.0,6.41210924212503,-0.0,46.893580065454856,-0.0,-0.0,-0.0,-0.0,-0.0
2040-03-29 01:00:00,0.0,6.4737781539493175,-0.0,48.744986481191866,-0.0,-0.0,-0.0,-0.0,-0.0
2040-03-29 02:00:00,0.0,6.677474848309683,-0.0,48.160146925825735,-0.0,-0.0,-0.0,-0.0,-0.0
2040-03-29 03:00:00,0.0,6.45755476633574,-0.0,48.98345902133423,-0.0,-0.0,-0.0,-0.0,-0.0
2040-03-29 04:00:00,0.0,6.358120069857293,-0.0,47.341914005000696,-0.0,-0.0,-0.0,-0.0,-0.0
2040-03-29 05:00:00,0.0,6.292651347992482,-0.0,45.24636537442335,-0.0,-0.0,-0.0,-0.0,-0.0
2040-03-29 06:00:00,0.0,6.232001764787429,-0.0,43.552744119085176,-0.0,-0.0,-0.0,-0.0,-0.0
2040-03-29 07:00:00,0.0,5.940666800911827,-0.0,42.326289536211675,-0.0,-0.0,-0.0,-0.0,-0.0
2040-03-29 08:00:00,0.0,5.781511145501046,-0.0,42.058405282362756,-0.0,-0.0,-0.0,-0.0,-0.0
2040-03-29 09:00:00,0.0,5.667765314041165,-0.0,40.514716853864556,-0.0,-0.0,-0.0,-0.0,-0.0
2040-03-29 10:00:00,0.0,5.628874403285008,-0.0,39.53796506573326,-0.0,-0.0,-0.0,-0.0,-0.0
2040-03-29 11:00:00,0.0,5.5382651133274265,-0.0,39.10557791240732,-0.0,-0.0,-0.0,-0.0,-0.0
2040-03-29 12:00:00,0.0,5.399141287962524,-0.0,37.44864904999687,-0.0,-0.0,-0.0,-0.0,-0.0
2040-03-29 13:00:00,0.0,5.488448786748271,-0.0,37.39091188846576,-0.0,-0.0,-0.0,-0.0,-0.0
2040-03-29 14:00:00,0.0,5.43767429735347,-0.0,38.01294756448594,-0.0,-0.0,-0.0,-0.0,-0.0
2040-03-29 15:00:00,0.0,5.416658869056924,-0.0,38.51596084973567,-0.0,-0.0,-0.0,-0.0,-0.0
2040-03-29 16:00:00,0.0,5.5739543929573925,-0.0,38.75120069829553,-0.0,-0.0,-0.0,-0.0,-0.0
2040-03-29 17:00:00,0.0,5.654774147202243,-0.0,41.600943214463214,-0.0,-0.0,-0.0,-0.0,-0.0
2040-03-29 18:00:00,0.0,5.667730370217652,-0.0,41.529895674364596,-0.0,-0.0,-0.0,-0.0,-0.0
2040-03-29 19:00:00,0.0,6.09513478590512,-0.0,42.172748876821856,-0.0,-0.0,-0.0,-0.0,-0.0
2040-03-29 20:00:00,0.0,6.185169780694793,-0.0,44.80844061967775,-0.0,-0.0,-0.0,-0.0,-5.443393455097436e-13
2040-03-29 21:00:00,0.0,6.3774202776356255,-0.0,46.59891923109285,-0.0,-0.0,-0.0,-0.0,-0.0
2040-03-29 22:00:00,0.0,6.279822356059597,-0.0,48.73203064194018,-0.0,-0.0,-0.0,-0.0,-0.0
2040-03-29 23:00:00,0.0,6.4054905478498325,-0.0,47.257366344437635,-0.0,-0.0,-0.0,-0.0,-0.0
2040-03-30 00:00:00,0.0,6.519504532964053,-0.0,48.382339518292454,-0.0,-0.0,-0.0,-0.0,-0.0
2040-03-30 01:00:00,0.0,6.443565673456697,-0.0,47.492116737304976,-0.0,-0.0,-0.0,-0.0,-0.0
2040-03-30 02:00:00,0.0,6.676287695952225,-0.0,47.68194140777209,-0.0,-0.0,-0.0,-0.0,-0.0
2040-03-30 03:00:00,0.0,6.547591781436416,-0.0,45.92523080912822,-0.0,-0.0,-0.0,-0.0,-0.0
2040-03-30 04:00:00,0.0,6.278940038853112,-0.0,46.53109541807587,-0.0,-0.0,-0.0,-0.0,-0.0
2040-03-30 05:00:00,0.0,6.348915061309028,-0.0,46.15320995433681,-0.0,-0.0,-0.0,-0.0,-0.0
2040-03-30 06:00:00,0.0,6.122413552726624,-0.0,43.42694761445567,-0.0,-0.0,-0.0,-0.0,-0.0
2040-03-30 07:00:00,0.0,6.042655664191116,-0.0,44.10549118068396,-0.0,-0.0,-0.0,-0.0,-0.0
2040-03-30 08:00:00,0.0,5.973575186922989,-0.0,44.42208820625271,-0.0,-0.0,-0.0,-0.0,-0.0
2040-03-30 09:00:00,0.0,5.621133752131077,-0.0,39.399044742186874,-0.0,-0.0,-0.0,-0.0,-0.0
2040-03-30 10:00:00,0.0,5.706596047672556,-0.0,40.0369886061954,-0.0,-0.0,-0.0,-0.0,-0.0
2040-03-30 11:00:00,0.0,5.346311493160889,-0.0,38.48560444583133,-0.0,-0.0,-0.0,-0.0,-0.0
2040-03-30 12:00:00,0.0,5.688787887190078,-0.0,38.688987876940196,-0.0,-0.0,-0.0,-0.0,-0.0
2040-03-30 13:00:00,0.0,5.372801695398834,-0.0,38.1241258106606,-0.0,-0.0,-0.0,-0.0,-0.0
2040-03-30 14:00:00,0.0,5.2494145506909975,-0.0,39.47638694597629,-0.0,-0.0,-0.0,-0.0,-0.0
2040-03-30 15:00:00,0.0,5.3067190142197065,-0.0,39.0798535084308,-0.0,-0.0,-0.0,-0.0,-0.0
2040-03-30 16:00:00,0.0,5.457747098874502,-0.0,39.96469681441786,-0.0,-0.0,-0.0,-0.0,-0.0
2040-03-30 17:00:00,0.0,5.891045677674892,-0.0,42.1456168943844,-0.0,-0.0,-0.0,-0.0,-0.0
2040-03-30 18:00:00,0.0,6.004444720303653,-0.0,42.16583188565599,-0.0,-0.0,-0.0,-0.0,-0.0
2040-03-30 19:00:00,0.0,6.228497924243094,-0.0,44.96599264865943,-0.0,-0.0,-0.0,-0.0,-0.0
2040-03-30 20:00:00,0.0,6.291926922588022,-0.0,44.240037941054624,-0.0,-0.0,-0.0,-0.0,-0.0
2040-03-30 21:00:00,0.0,6.484915261064327,-0.0,45.56961793911199,-0.0,-0.0,-0.0,-0.0,-0.0
2040-03-30 22:00:00,0.0,6.412230332633182,-0.0,47.2307857366048,-0.0,-0.0,-0.0,-0.0,-0.0
2040-03-30 23:00:00,0.0,6.289561696238587,-0.0,47.4599010147291,-0.0,-0.0,-0.0,-0.0,-0.0
2040-03-31 00:00:00,0.0,6.183816044146987,-0.0,45.43061205891386,-0.0,-0.0,-0.0,-0.0,-0.0
2040-03-31 01:00:00,0.0,6.373246418785823,-0.0,45.55835275390427,-0.0,-0.0,-0.0,-0.0,-0.0
2040-03-31 02:00:00,0.0,6.341648512974957,-0.0,44.21408859460617,-0.0,-0.0,-0.0,-0.0,-0.0
2040-03-31 03:00:00,0.0,6.240334899125666,-0.0,45.58844079244313,-0.0,-0.0,-0.0,-0.0,-0.0
2040-03-31 04:00:00,0.0,6.264243529900557,-0.0,44.23550395009448,-0.0,-0.0,-0.0,-0.0,-0.0
2040-03-31 05:00:00,0.0,6.156295547134211,-0.0,43.72056207766168,-0.0,-0.0,-0.0,-0.0,-0.0
2040-03-31 06:00:00,0.0,5.905461335018065,-0.0,41.968741876054516,-0.0,-0.0,-0.0,-0.0,-0.0
2040-03-31 07:00:00,0.0,5.802247641154076,-0.0,41.21036613137978,-0.0,-0.0,-0.0,-0.0,-0.0
2040-03-31 08:00:00,0.0,5.690516436719316,-0.0,38.69594530144639,-0.0,-0.0,-0.0,-0.0,-0.0
2040-03-31 09:00:00,0.0,5.551162790520469,-0.0,38.2250022596436,-0.0,-0.0,-0.0,-0.0,-0.0
2040-03-31 10:00:00,0.0,5.354934787198032,-0.0,37.26245405304815,-0.0,-0.0,-0.0,-0.0,-0.0
2040-03-31 11:00:00,0.0,5.286322249313121,-0.0,36.80965581603106,-0.0,-0.0,-0.0,-0.0,-0.0
2040-03-31 12:00:00,0.0,5.254897080482674,-0.0,37.090973794162466,-0.0,-0.0,-0.0,-0.0,-0.0
2040-03-31 13:00:00,0.0,5.299422007283834,-0.0,36.66183411946064,-0.0,-0.0,-0.0,-0.0,-0.0
2040-03-31 14:00:00,0.0,5.165858656890737,-0.0,37.277498089035774,-0.0,-0.0,-0.0,-0.0,-0.0
2040-03-31 15:00:00,0.0,5.229393822907329,-0.0,37.766318116570766,-0.0,-0.0,-0.0,-0.0,-0.0
2040-03-31 16:00:00,0.0,5.457363224160211,-0.0,37.60764490830224,-0.0,-0.0,-0.0,-0.0,-0.0
2040-03-31 17:00:00,0.0,5.474442389044409,-0.0,39.41154041410637,-0.0,-0.0,-0.0,-0.0,-0.0
2040-03-31 18:00:00,0.0,5.679925836913067,-0.0,40.25277565673138,-0.0,-0.0,-0.0,-0.0,-0.0
2040-03-31 19:00:00,0.0,5.662582375714667,-0.0,39.64546023979538,-0.0,-0.0,-0.0,-0.0,-0.0
2040-03-31 20:00:00,0.0,5.986444428771904,-0.0,42.172228382749246,-0.0,-0.0,-0.0,-0.0,-0.0
2040-03-31 21:00:00,9.566526201290511,3.137218216088008,-0.0,41.575339473369695,-0.0,-0.0,-0.0,-0.0,-0.0
2040-03-31 22:00:00,20.83996473882193,4.3787222189730686e-16,-0.0,39.630251596399,-0.0,-0.0,-0.0,-0.0,-0.0
2040-03-31 23:00:00,21.044988718978377,-5.110355747386265e-16,-0.0,38.722573267656,-0.0,-0.0,-0.0,-0.0,-0.0
2040-04-01 00:00:00,21.09024172831494,1.991722214688134e-16,-0.0,38.840936263120376,-0.0,-0.0,-0.0,-0.0,-0.0
2040-04-01 01:00:00,21.893636890129905,3.1164969205203395e-16,-0.0,39.92983190735854,-0.0,-0.0,-0.0,-0.0,-0.0
2040-04-01 02:00:00,21.96572301483925,-3.9942658821078836e-16,-0.0,39.396496927852574,-0.0,-0.0,-0.0,-0.0,-0.0
2040-04-01 03:00:00,21.04223015044335,4.3637515711685764e-16,-0.0,38.740104502650524,-0.0,-0.0,-0.0,-0.0,-0.0
2040-04-01 04:00:00,21.344639973580275,4.3413687479339473e-16,-0.0,38.517375012510335,-0.0,-0.0,-0.0,-0.0,-0.0
2040-04-01 05:00:00,20.799274347377725,-1.5394555517302752e-16,-0.0,36.18435099739095,-0.0,-0.0,-0.0,-0.0,-0.0
2040-04-01 06:00:00,20.525100849153326,-3.887638422232559e-16,-0.0,36.85927996449573,-0.0,-0.0,-0.0,-0.0,-0.0
2040-04-01 07:00:00,19.52280337446623,-3.8134535066378077e-16,-0.0,36.03724455281812,-0.0,-0.0,-0.0,-0.0,-0.0
2040-04-01 08:00:00,19.212313565864545,2.1307168203244303e-16,-0.0,34.08874491293576,-0.0,-0.0,-0.0,-0.0,-0.0
2040-04-01 09:00:00,18.43839655952546,-2.548953386103796e-16,-0.0,32.610976349873695,-0.0,-0.0,-4.263108681327807e-14,-0.0,-0.0
2040-04-01 10:00:00,4.115643158738773,4.095028815838529,-0.0,36.54399218453003,-0.0,-0.0,-0.0,-0.0,-0.0
2040-04-01 11:00:00,0.0,5.328786931270813,-0.0,37.30691225634405,-0.0,-0.0,-0.0,-0.0,-0.0
2040-04-01 12:00:00,10.265831212546152,2.2465381624431395,-0.0,33.21499833923699,-0.0,-0.0,-0.0,-0.0,-0.0
2040-04-01 13:00:00,0.0,5.458490581530159,-0.0,36.68280430629398,-0.0,-0.0,-0.0,-0.0,-0.0
2040-04-01 14:00:00,17.548448027741205,2.253867609011421e-16,-0.0,30.47270716669459,-0.0,-0.0,-0.0,-0.0,-0.0
2040-04-01 15:00:00,18.047361834074874,-4.888486788262582e-16,-0.0,30.2438384211068,-0.0,-0.0,-0.0,-0.0,-0.0
2040-04-01 16:00:00,18.712790450794323,-3.7535005067641753e-16,-0.0,32.70838056543538,-0.0,-0.0,-0.0,-0.0,-0.0
2040-04-01 17:00:00,18.432653268104513,4.556899060455383e-16,-0.0,33.26605988987758,-0.0,-0.0,-0.0,-0.0,-0.0
2040-04-01 18:00:00,18.745161791992793,-1.387420681452944e-16,-0.0,34.40874636791092,-0.0,-0.0,-0.0,-0.0,-0.0
2040-04-01 19:00:00,20.06131640336367,-1.4848356916869786e-16,-0.0,33.76397661423651,-0.0,-0.0,-0.0,-0.0,-0.0
2040-04-01 20:00:00,0.0,6.15951847134739,-0.0,42.04556764808593,-0.0,-0.0,-0.0,-0.0,-0.0
2040-04-01 21:00:00,20.769798314388833,-2.7215117799638503e-16,-0.0,37.822294416011296,-0.0,-0.0,-0.0,-0.0,-0.0
2040-04-01 22:00:00,20.814037167637093,-2.724786112861132e-16,-0.0,37.05443419843329,-0.0,-0.0,-0.0,-0.0,-0.0
2040-04-01 23:00:00,20.810782983452366,-3.5606946898024806e-17,-0.0,38.41936322466918,-0.0,-0.0,-0.0,-0.0,-0.0
2040-04-02 00:00:00,0.0,6.674617762202536,-0.0,47.36430765382022,-0.0,-0.0,-0.0,-0.0,-0.0
2040-04-02 01:00:00,0.0,6.898885894379441,-0.0,49.49683257347633,-0.0,-0.0,-0.0,-0.0,-0.0
2040-04-02 02:00:00,0.0,6.682173802761009,-0.0,48.776561892174705,-0.0,-0.0,-0.0,-0.0,-0.0
2040-04-02 03:00:00,0.0,6.599421187125038,-0.0,49.02823222542419,-0.0,-0.0,-0.0,-0.0,-0.0
2040-04-02 04:00:00,0.0,6.529454055183841,-0.0,45.75383334359024,-0.0,-0.0,-0.0,-0.0,-0.0
2040-04-02 05:00:00,0.0,6.528649108971625,-0.0,46.14522816961118,-0.0,-0.0,-0.0,-0.0,-0.0
2040-04-02 06:00:00,0.0,6.147927733251014,-0.0,44.22994121061594,-0.0,-0.0,-0.0,-0.0,-0.0
2040-04-02 07:00:00,0.0,6.2572895481594175,-0.0,45.15747493589239,-0.0,-0.0,-0.0,-0.0,-0.0
2040-04-02 08:00:00,0.0,6.050831826921861,-0.0,42.54225211048883,-0.0,-0.0,-0.0,-0.0,-0.0
2040-04-02 09:00:00,0.0,5.7701551327036436,-0.0,40.98968522602099,-0.0,-0.0,-0.0,-0.0,-0.0
2040-04-02 10:00:00,0.0,5.7846035165678416,-0.0,39.9068585966949,-0.0,-0.0,-0.0,-0.0,-0.0
2040-04-02 11:00:00,0.0,5.555266336322295,-0.0,38.57269787321167,-0.0,-0.0,-0.0,-0.0,-0.0
2040-04-02 12:00:00,0.0,5.575641940260927,-0.0,38.11521681710855,-0.0,-0.0,-0.0,-0.0,-0.0
2040-04-02 13:00:00,0.0,5.446181284492145,-0.0,38.195076782314274,-0.0,-0.0,-0.0,-0.0,-0.0
2040-04-02 14:00:00,0.0,5.56554593744454,-0.0,38.9717200821227,-0.0,-0.0,-0.0,-0.0,-0.0
2040-04-02 15:00:00,0.0,5.5677624145437,-0.0,38.58864424603433,-0.0,-0.0,-0.0,-0.0,-0.0
2040-04-02 16:00:00,0.0,5.680235530286594,-0.0,40.9931473958293,-0.0,-0.0,-0.0,-0.0,-0.0
2040-04-02 17:00:00,0.0,5.717258798921012,-0.0,41.217601474448955,-0.0,-0.0,-0.0,-0.0,-0.0
2040-04-02 18:00:00,0.0,5.781526199309499,-0.0,42.21051065300385,-0.0,-0.0,-0.0,-0.0,-0.0
2040-04-02 19:00:00,0.0,6.162760778376132,-0.0,44.337457735232455,-0.0,-0.0,-0.0,-0.0,-0.0
2040-04-02 20:00:00,0.0,6.320254076372315,-0.0,45.05690740496766,-0.0,-0.0,-0.0,-0.0,-0.0
2040-04-02 21:00:00,0.0,6.418189325485813,-0.0,45.35475708487502,-0.0,-0.0,-0.0,-0.0,-0.0
2040-04-02 22:00:00,0.0,6.598242912271625,-0.0,49.158371941688436,-0.0,-0.0,-0.0,-0.0,-0.0
2040-04-02 23:00:00,0.0,6.505246400417256,-0.0,45.467373097504094,-0.0,-0.0,-0.0,-0.0,-0.0
2040-04-03 00:00:00,0.0,6.600696585932149,-0.0,48.57982513165175,-0.0,-0.0,-0.0,-0.0,-0.0
2040-04-03 01:00:00,0.0,6.722855540492955,-0.0,49.414215450291394,-0.0,-0.0,-0.0,-0.0,-0.0
2040-04-03 02:00:00,0.0,6.706386569711984,-0.0,48.91802497353706,-0.0,-0.0,-0.0,-0.0,-0.0
2040-04-03 03:00:00,0.0,6.7544862649773485,-0.0,47.34790812130518,-0.0,-0.0,-0.0,-0.0,-0.0
2040-04-03 04:00:00,0.0,6.5794196134223775,-0.0,47.003528623287224,-0.0,-0.0,-0.0,-0.0,-0.0
2040-04-03 05:00:00,0.0,6.305317353335315,-0.0,45.71608072040708,-0.0,-0.0,-0.0,-0.0,-0.0
2040-04-03 06:00:00,0.0,6.359883603820463,-0.0,44.978807182258485,-0.0,-0.0,-0.0,-0.0,-0.0
2040-04-03 07:00:00,0.0,6.253346896716085,-0.0,43.62789249243498,-0.0,-0.0,-0.0,-0.0,-0.0
2040-04-03 08:00:00,0.0,5.872585393156574,-0.0,42.899687870917965,-0.0,-0.0,-0.0,-0.0,-0.0
2040-04-03 09:00:00,0.0,6.011084759125342,-0.0,41.15099077191103,-0.0,-0.0,-0.0,-0.0,-0.0
2040-04-03 10:00:00,0.0,5.669950173083641,-0.0,39.41722172147668,-0.0,-0.0,-0.0,-0.0,-0.0
2040-04-03 11:00:00,0.0,5.627414075628766,-0.0,39.683723177426046,-0.0,-0.0,-0.0,-0.0,-0.0
2040-04-03 12:00:00,0.0,5.624858381073797,-0.0,39.29623204436522,-0.0,-0.0,-0.0,-0.0,-0.0
2040-04-03 13:00:00,0.0,5.576395733900662,-0.0,39.6668875644548,-0.0,-0.0,-0.0,-0.0,-0.0
2040-04-03 14:00:00,0.0,5.526404622488662,-0.0,37.90954370654784,-0.0,-0.0,-0.0,-0.0,-0.0
2040-04-03 15:00:00,0.0,5.574171063560567,-0.0,38.972938272041326,-0.0,-0.0,-0.0,-0.0,-0.0
2040-04-03 16:00:00,0.0,5.6024400587180265,-0.0,39.357757508485776,-0.0,-0.0,-0.0,-0.0,-0.0
2040-04-03 17:00:00,0.0,5.938311488635247,-0.0,41.31151297920104,-0.0,-0.0,-0.0,-0.0,-0.0
2040-04-03 18:00:00,0.0,6.043086907662346,-0.0,41.99466696011281,-0.0,-0.0,-0.0,-0.0,-0.0
2040-04-03 19:00:00,0.0,6.307195333985345,-0.0,44.59902983959334,-0.0,-0.0,-0.0,-0.0,-0.0
2040-04-03 20:00:00,0.0,6.4097948085203695,-0.0,45.241723272009146,-0.0,-0.0,-0.0,-0.0,-0.0
2040-04-03 21:00:00,0.0,6.402056825227639,-0.0,45.90151853202855,-0.0,-0.0,-0.0,-0.0,-0.0
2040-04-03 22:00:00,0.0,6.644856397649935,-0.0,47.99466605844792,-0.0,-0.0,-0.0,-0.0,-0.0
2040-04-03 23:00:00,0.0,6.956087688652872,-0.0,48.58241523783194,-0.0,-0.0,-0.0,-0.0,-0.0
2040-04-04 00:00:00,0.0,6.649985981135768,-0.0,49.29858820800531,-0.0,-0.0,-0.0,-0.0,-0.0
2040-04-04 01:00:00,0.0,6.601228375537993,-0.0,50.753731755957155,-0.0,-0.0,-0.0,-0.0,-0.0
2040-04-04 02:00:00,0.0,6.833351316318918,-0.0,48.35920242657092,-0.0,-0.0,-0.0,-0.0,-0.0
2040-04-04 03:00:00,0.0,6.935993298956457,-0.0,48.12706177166618,-0.0,-0.0,-0.0,-0.0,-0.0
2040-04-04 04:00:00,0.0,6.739624807642062,-0.0,46.82902229058071,-0.0,-0.0,-0.0,-0.0,-0.0
2040-04-04 05:00:00,0.0,6.6415215953364815,-0.0,47.25299375495115,-0.0,-0.0,-0.0,-0.0,-0.0
2040-04-04 06:00:00,0.0,6.3648597355791,-0.0,45.655488881189505,-0.0,-0.0,-0.0,-0.0,-0.0
2040-04-04 07:00:00,0.0,6.132629159246297,-0.0,43.98085853137423,-0.0,-0.0,-0.0,-0.0,-0.0
2040-04-04 08:00:00,0.0,6.060662807817032,-0.0,43.012494875629734,-0.0,-0.0,-0.0,-0.0,-0.0
2040-04-04 09:00:00,0.0,5.855272376154196,-0.0,40.72781887124477,-0.0,-0.0,-0.0,-0.0,-0.0
2040-04-04 10:00:00,0.0,5.7688520103474445,-0.0,40.91189416368348,-0.0,-0.0,-0.0,-0.0,-0.0
2040-04-04 11:00:00,0.0,5.680165662020888,-0.0,39.35969764258416,-0.0,-0.0,-0.0,-0.0,-0.0
2040-04-04 12:00:00,0.0,5.387627225430939,-0.0,39.24225255353784,-0.0,-0.0,-0.0,-0.0,-0.0
2040-04-04 13:00:00,0.0,5.609587230240712,-0.0,38.481335144641484,-0.0,-0.0,-0.0,-0.0,-0.0
2040-04-04 14:00:00,0.0,5.566157067234253,-0.0,39.088141325457215,-0.0,-0.0,-0.0,-0.0,-0.0
2040-04-04 15:00:00,0.0,5.557500654062172,-0.0,38.916142481774564,-0.0,-0.0,-0.0,-0.0,-0.0
2040-04-04 16:00:00,0.0,5.718378821445306,-0.0,40.784930438561254,-0.0,-0.0,-0.0,-0.0,-0.0
2040-04-04 17:00:00,0.0,5.8207095688590025,-0.0,41.63809883279398,-0.0,-0.0,-0.0,-0.0,-0.0
2040-04-04 18:00:00,0.0,5.976798692557452,-0.0,42.556696416203,-0.0,-0.0,-0.0,-0.0,-0.0
2040-04-04 19:00:00,0.0,6.1826356975310555,-0.0,44.22962325315239,-0.0,-0.0,-0.0,-0.0,-0.0
2040-04-04 20:00:00,0.0,6.551034672788574,-0.0,45.23472087500481,-0.0,-0.0,-0.0,-0.0,-0.0
2040-04-04 21:00:00,0.0,6.473560795087216,-0.0,45.949236340496704,-0.0,-0.0,-0.0,-0.0,-0.0
2040-04-04 22:00:00,0.0,6.646434726784765,-0.0,48.74544304800351,-0.0,-0.0,-0.0,-0.0,-0.0
2040-04-04 23:00:00,0.0,6.627086825999213,-0.0,49.10537480069619,-0.0,-0.0,-0.0,-0.0,-0.0
2040-04-05 00:00:00,0.0,6.676803582292163,-0.0,49.61003016760942,-0.0,-0.0,-0.0,-0.0,-0.0
2040-04-05 01:00:00,0.0,6.862137927998678,-0.0,49.38853416537941,-0.0,-0.0,-0.0,-0.0,-0.0
2040-04-05 02:00:00,0.0,6.868943604706174,-0.0,49.766257537806325,-0.0,-0.0,-0.0,-0.0,-0.0
2040-04-05 03:00:00,0.0,6.837888706100007,-0.0,50.75773941830714,-0.0,-0.0,-0.0,-0.0,-0.0
2040-04-05 04:00:00,0.0,6.777728543291719,-0.0,46.030039263238095,-0.0,-0.0,-0.0,-0.0,-0.0
2040-04-05 05:00:00,0.0,6.703616734385161,-0.0,47.30915920354629,-0.0,-0.0,-0.0,-0.0,-0.0
2040-04-05 06:00:00,0.0,6.327460932482745,-0.0,46.143389957962576,-0.0,-0.0,-0.0,-0.0,-0.0
2040-04-05 07:00:00,0.0,6.267423158901128,-0.0,43.722277765166794,-0.0,-0.0,-0.0,-0.0,-0.0
2040-04-05 08:00:00,0.0,6.084172928752005,-0.0,42.73807386440017,-0.0,-0.0,-0.0,-0.0,-0.0
2040-04-05 09:00:00,0.0,5.975909160781875,-0.0,41.64376397264357,-0.0,-0.0,-0.0,-0.0,-0.0
2040-04-05 10:00:00,0.0,5.7686457627333025,-0.0,41.468909670984914,-0.0,-0.0,-0.0,-0.0,-0.0
2040-04-05 11:00:00,0.0,5.5117658692803895,-0.0,39.12947315269,-0.0,-0.0,-0.0,-0.0,-0.0
2040-04-05 12:00:00,0.0,5.6085610295535,-0.0,38.94454956256415,-0.0,-0.0,-0.0,-0.0,-0.0
2040-04-05 13:00:00,0.0,5.658086854979794,-0.0,39.862120790513906,-0.0,-0.0,-0.0,-0.0,-0.0
2040-04-05 14:00:00,0.0,5.571098839958701,-0.0,39.19592119208671,-0.0,-0.0,-0.0,-0.0,-0.0
2040-04-05 15:00:00,0.0,5.656901392176112,-0.0,38.97829594394721,-0.0,-0.0,-0.0,-0.0,-0.0
2040-04-05 16:00:00,0.0,5.727173306484588,-0.0,39.518048515410115,-0.0,-0.0,-0.0,-0.0,-0.0
2040-04-05 17:00:00,0.0,5.934467838067952,-0.0,42.96369891609482,-0.0,-0.0,-0.0,-0.0,-0.0
2040-04-05 18:00:00,0.0,6.07113062080548,-0.0,43.04545062265274,-0.0,-0.0,-0.0,-0.0,-0.0
2040-04-05 19:00:00,0.0,6.135652499996045,-0.0,44.61026231063158,-0.0,-0.0,-0.0,-0.0,-0.0
2040-04-05 20:00:00,0.0,6.4815871993359595,-0.0,45.525660506712036,-0.0,-0.0,-0.0,-0.0,-0.0
2040-04-05 21:00:00,0.0,6.7160826909544005,-0.0,47.00723631016561,-0.0,-0.0,-0.0,-0.0,-0.0
2040-04-05 22:00:00,0.0,6.781209623306854,-0.0,46.65246165514388,-0.0,-0.0,-0.0,-0.0,-0.0
2040-04-05 23:00:00,0.0,6.809528179452659,-0.0,49.652464969180286,-0.0,-0.0,-0.0,-0.0,-0.0
2040-04-06 00:00:00,0.0,7.0065214360226165,-0.0,48.20267092510979,-0.0,-0.0,-0.0,-0.0,-0.0
2040-04-06 01:00:00,0.0,6.8180863397409395,-0.0,48.185681963859984,-0.0,-0.0,-0.0,-0.0,-0.0
2040-04-06 02:00:00,0.0,7.002691648077594,-0.0,48.488073594170416,-0.0,-0.0,-0.0,-0.0,-0.0
2040-04-06 03:00:00,0.0,6.871767062854197,-0.0,49.28231635879136,-0.0,-0.0,-0.0,-0.0,-0.0
2040-04-06 04:00:00,0.0,6.79817142404488,-0.0,47.6162998633222,-0.0,-0.0,-0.0,-0.0,-0.0
2040-04-06 05:00:00,0.0,6.453603230715324,-0.0,47.94154502599337,-0.0,-0.0,-0.0,-0.0,-0.0
2040-04-06 06:00:00,0.0,6.47807555671488,-0.0,44.58266893466275,-0.0,-0.0,-0.0,-0.0,-0.0
2040-04-06 07:00:00,0.0,6.309281011312098,-0.0,45.109105249530245,-0.0,-0.0,-0.0,-0.0,-0.0
2040-04-06 08:00:00,0.0,6.225768189361532,-0.0,42.820327064159294,-0.0,-0.0,-0.0,-0.0,-0.0
2040-04-06 09:00:00,0.0,5.899252977016933,-0.0,40.98428519061206,-0.0,-0.0,-0.0,-0.0,-0.0
2040-04-06 10:00:00,0.0,5.872436798616127,-0.0,40.6014879194356,-0.0,-0.0,-0.0,-0.0,-0.0
2040-04-06 11:00:00,0.0,5.699182361633635,-0.0,40.122954389009166,-0.0,-0.0,-0.0,-0.0,-0.0
2040-04-06 12:00:00,0.0,5.582161186824546,-0.0,38.82493878372432,-0.0,-0.0,-0.0,-0.0,-0.0
2040-04-06 13:00:00,0.0,5.667311560803572,-0.0,39.72991655473594,-0.0,-0.0,-0.0,-0.0,-0.0
2040-04-06 14:00:00,0.0,5.722555782286193,-0.0,39.46109526986781,-0.0,-0.0,-0.0,-0.0,-0.0
2040-04-06 15:00:00,0.0,5.6798500578754,-0.0,39.870085153507205,-0.0,-0.0,-0.0,-0.0,-0.0
2040-04-06 16:00:00,0.0,5.835614966183226,-0.0,39.71025008844992,-0.0,-0.0,-0.0,-0.0,-0.0
2040-04-06 17:00:00,0.0,6.057266011078068,-0.0,41.293455668541974,-0.0,-0.0,-0.0,-0.0,-0.0
2040-04-06 18:00:00,0.0,6.1732079472358885,-0.0,41.9483094784606,-0.0,-0.0,-0.0,-0.0,-0.0
2040-04-06 19:00:00,0.0,6.435125762825671,-0.0,44.04885276048954,-0.0,-0.0,-0.0,-0.0,-0.0
2040-04-06 20:00:00,0.0,6.49667254684828,-0.0,46.12390397746587,-0.0,-0.0,-0.0,-0.0,-0.0
2040-04-06 21:00:00,0.0,6.734920871472306,-0.0,47.87914840504968,-0.0,-0.0,-0.0,-0.0,-0.0
2040-04-06 22:00:00,0.0,6.621001579920762,-0.0,46.609878660236305,-0.0,-0.0,-0.0,-0.0,-0.0
2040-04-06 23:00:00,0.0,6.724517673895472,-0.0,47.065629889474955,-0.0,-0.0,-0.0,-5.527884157089834e-13,-0.0
2040-04-07 00:00:00,0.0,6.683513489186585,-0.0,46.794111307637756,-0.0,-0.0,-0.0,-0.0,-0.0
2040-04-07 01:00:00,0.0,6.697215386999356,-0.0,46.49216568716399,-0.0,-0.0,-0.0,-0.0,-0.0
2040-04-07 02:00:00,0.0,6.687600379968967,-0.0,45.66736899653523,-0.0,-0.0,-0.0,-0.0,-0.0
2040-04-07 03:00:00,0.0,6.706014686970548,-0.0,46.727580727260474,-0.0,-0.0,-0.0,-0.0,-0.0
2040-04-07 04:00:00,0.0,6.468159670429819,-0.0,44.63345518330618,-0.0,-0.0,-0.0,-0.0,-0.0
2040-04-07 05:00:00,0.0,6.436924108660821,-0.0,43.72933075167464,-0.0,-0.0,-0.0,-0.0,-0.0
2040-04-07 06:00:00,0.0,6.229383647648411,-0.0,42.801543265539784,-0.0,-0.0,-0.0,-0.0,-0.0
2040-04-07 07:00:00,0.0,6.03576286468688,-0.0,41.53663420531677,-0.0,-0.0,-0.0,-0.0,-0.0
2040-04-07 08:00:00,0.0,5.927380183862195,-0.0,41.50851205665904,-0.0,-0.0,-0.0,-0.0,-0.0
2040-04-07 09:00:00,0.0,5.779646320527927,-0.0,39.40765376471482,-0.0,-0.0,-0.0,-0.0,-0.0
2040-04-07 10:00:00,0.0,5.713010431754316,-0.0,38.79797151892575,-0.0,-0.0,-0.0,-0.0,-0.0
2040-04-07 11:00:00,0.0,5.616848769420272,-0.0,37.18101674521253,-0.0,-0.0,-0.0,-0.0,-0.0
2040-04-07 12:00:00,0.0,5.519016189759127,-0.0,36.19441086196704,-0.0,-0.0,-0.0,-0.0,-0.0
2040-04-07 13:00:00,18.378578793444625,1.0081876967756772e-16,-0.0,32.390985155862744,-0.0,-0.0,-0.0,-0.0,-0.0
2040-04-07 14:00:00,18.02238673934607,-1.4968668818124024e-17,-0.0,32.707366888420296,-0.0,-0.0,-0.0,-0.0,-0.0
2040-04-07 15:00:00,0.0,5.461270675677098,-0.0,37.10723943282696,-0.0,-0.0,-0.0,-0.0,-0.0
2040-04-07 16:00:00,0.0,5.634512222101346,-0.0,37.39341988702323,-0.0,-0.0,-0.0,-0.0,-0.0
2040-04-07 17:00:00,0.0,5.756061903241033,-0.0,38.24765387247351,-0.0,-0.0,-0.0,-0.0,-0.0
2040-04-07 18:00:00,19.746610351451285,-2.645780657632345e-16,-0.0,34.054485474657284,-0.0,-0.0,-0.0,-0.0,-0.0
2040-04-07 19:00:00,20.12144954650142,-5.042000117157787e-16,-0.0,34.34964149838653,-0.0,-0.0,-0.0,-0.0,-0.0
2040-04-07 20:00:00,0.0,6.2665853227093224,-0.0,44.18902834486962,-0.0,-0.0,-0.0,-0.0,-0.0
2040-04-07 21:00:00,0.0,6.372480507701032,-0.0,42.87595524745695,-0.0,-0.0,-0.0,-0.0,-0.0
2040-04-07 22:00:00,0.0,6.443346050039266,-0.0,45.57836583828182,-0.0,-0.0,-0.0,-0.0,-0.0
2040-04-07 23:00:00,0.0,6.5242047470141395,-0.0,45.75727658265237,-0.0,-0.0,-0.0,-0.0,-0.0
2040-04-08 00:00:00,22.262736651553784,-2.832011414381592e-16,-0.0,38.771399728948715,-0.0,-0.0,-0.0,-0.0,-0.0
2040-04-08 01:00:00,21.863422078060882,-2.802456198810912e-16,-0.0,39.76664402832402,-0.0,-0.0,-0.0,-0.0,-0.0
2040-04-08 02:00:00,21.782716635228358,-4.280070102208957e-17,-0.0,40.62543938260001,-0.0,-0.0,-0.0,-0.0,-0.0
2040-04-08 03:00:00,0.0,6.551032318633389,-0.0,45.36257650275737,-0.0,-0.0,-0.0,-0.0,-0.0
2040-04-08 04:00:00,21.326430716879706,3.1584786107371324e-16,-0.0,39.048274250886095,-0.0,-0.0,-0.0,-0.0,-0.0
2040-04-08 05:00:00,0.0,6.35523828707412,-0.0,43.123078268628845,-0.0,-0.0,-0.0,-0.0,-0.0
2040-04-08 06:00:00,20.56096812799863,4.399372116381629e-16,-0.0,36.5023124175097,-0.0,-0.0,-0.0,-0.0,-0.0
2040-04-08 07:00:00,0.0,6.028775722242336,-0.0,41.442510724569395,-0.0,-0.0,-0.0,-0.0,-0.0
2040-04-08 08:00:00,0.0,6.090007609551885,-0.0,40.55939966601857,-0.0,-0.0,-0.0,-0.0,-0.0
2040-04-08 09:00:00,0.0,5.7356613800941005,-0.0,40.50105506790711,-0.0,-0.0,-0.0,-0.0,-0.0
2040-04-08 10:00:00,18.695830512259693,-2.5680073262135167e-16,-0.0,32.27525354295771,-0.0,-0.0,-0.0,-0.0,-0.0
2040-04-08 11:00:00,18.49473736942602,-3.7373613366624717e-16,-0.0,31.547495370404093,-0.0,-0.0,-0.0,-0.0,-0.0
2040-04-08 12:00:00,18.325813052351585,-3.7248584255801305e-16,-0.0,31.371696336084465,-0.0,-0.0,-0.0,-0.0,-0.0
2040-04-08 13:00:00,0.0,5.498524847441832,-0.0,36.422563020041196,-0.0,-0.0,-0.0,-0.0,-0.0
2040-04-08 14:00:00,18.8291760659617,-2.0940109394327335e-17,-0.0,31.79355171749032,-0.0,-0.0,-0.0,-0.0,-0.0
2040-04-08 15:00:00,18.52321716242538,-4.923707157724269e-16,-0.0,32.99369223599744,-0.0,-0.0,-0.0,-0.0,-0.0
2040-04-08 16:00:00,14.116540963567868,1.538410714381137,-0.0,36.554171382426205,-0.0,-0.0,-0.0,-0.0,-0.0
2040-04-08 17:00:00,0.0,5.796867868245113,-0.0,40.16346489042309,-0.0,-0.0,-0.0,-0.0,-0.0
2040-04-08 18:00:00,0.0,5.942013672635625,-0.0,40.232135890090596,-0.0,4.745092190126823e-13,-0.0,-0.0,-0.0
2040-04-08 19:00:00,0.0,6.19512676261584,-0.0,43.26239533607702,-0.0,-0.0,-0.0,-0.0,-0.0
2040-04-08 20:00:00,0.0,6.335514297690636,-0.0,41.89073986462688,-0.0,-0.0,-0.0,-0.0,-0.0
2040-04-08 21:00:00,0.0,6.373668945946883,-0.0,46.07500064086699,-0.0,-0.0,-0.0,-0.0,-0.0
2040-04-08 22:00:00,0.0,6.576292519552652,-0.0,44.670911915451924,-0.0,-0.0,-0.0,-0.0,-0.0
2040-04-08 23:00:00,0.0,6.706004303903108,-0.0,45.823375478660424,-0.0,-0.0,-0.0,-0.0,-0.0
2040-04-09 00:00:00,0.0,7.026350843275359,-0.0,48.98778602982701,-0.0,-0.0,-0.0,-0.0,-0.0
2040-04-09 01:00:00,0.0,7.044751180734743,-0.0,50.29553256049138,-0.0,-0.0,-0.0,-0.0,-0.0
2040-04-09 02:00:00,0.0,6.902151517039243,-0.0,48.80912019267792,-0.0,-0.0,-0.0,-0.0,-0.0
2040-04-09 03:00:00,0.0,7.05854899115863,-0.0,49.42367145184586,-0.0,-0.0,-0.0,-0.0,-0.0
2040-04-09 04:00:00,23.06736091698798,-4.075803466358902e-16,-0.0,41.767314315844125,-0.0,-0.0,-0.0,-0.0,-0.0
2040-04-09 05:00:00,21.86664060262047,7.500192613181636e-17,-0.0,40.22637239884735,-0.0,-0.0,-0.0,-0.0,-0.0
2040-04-09 06:00:00,21.770956427887366,1.9413392058437272e-16,-0.0,39.5900888270584,-0.0,-0.0,-0.0,-0.0,-0.0
2040-04-09 07:00:00,20.614793486091045,-1.5258012250767316e-16,-0.0,37.85361546042159,-0.0,-0.0,-0.0,-0.0,-0.0
2040-04-09 08:00:00,0.0,6.256992655794186,-0.0,44.85419294483648,-0.0,-0.0,-0.0,-0.0,-0.0
2040-04-09 09:00:00,20.0607298454226,-3.853268063545216e-16,-0.0,36.55635555313114,-0.0,-0.0,-0.0,-0.0,-0.0
2040-04-09 10:00:00,20.41851957147824,-3.270361442008014e-17,-0.0,35.14958176944024,-0.0,-0.0,-0.0,-0.0,-0.0
2040-04-09 11:00:00,20.167684000670235,3.244243096340102e-16,-0.0,33.239642166018285,-0.0,-0.0,-0.0,-0.0,-0.0
2040-04-09 12:00:00,19.18821392596605,-2.6044510197362055e-16,-0.0,33.99136024222571,-0.0,-0.0,-0.0,-0.0,-0.0
2040-04-09 13:00:00,0.0,5.806100653959092,-0.0,38.6005583478415,-0.0,-0.0,-0.0,-0.0,-0.0
2040-04-09 14:00:00,0.0,5.747048472049815,-0.0,38.903997955250546,-0.0,-0.0,-0.0,-0.0,-0.0
2040-04-09 15:00:00,19.366319258805113,-3.8018713554248026e-16,-0.0,35.13601821217334,-0.0,-0.0,-0.0,-0.0,-0.0
2040-04-09 16:00:00,0.0,5.882855971006613,-0.0,40.79766271187607,-0.0,-0.0,-0.0,-0.0,-0.0
2040-04-09 17:00:00,0.0,6.086393337288487,-0.0,41.08897910770805,-0.0,-0.0,-0.0,-0.0,-0.0
2040-04-09 18:00:00,0.0,5.988138834258468,-0.0,43.722477856437365,-0.0,-0.0,-0.0,-0.0,-0.0
2040-04-09 19:00:00,21.02070611209289,-1.5558447946349522e-16,-0.0,39.810899931609484,-0.0,-0.0,-0.0,-0.0,-0.0
2040-04-09 20:00:00,21.81432618454487,-4.303465868508435e-17,-0.0,38.152384329295664,-0.0,-0.0,-0.0,-0.0,-0.0
2040-04-09 21:00:00,22.56459330699355,3.0668361696855385e-16,-0.0,39.93811220497986,-0.0,-0.0,-0.0,-0.0,-0.0
2040-04-09 22:00:00,0.0,6.924899357256126,-0.0,48.068246403344844,-0.0,-0.0,-0.0,-0.0,-0.0
2040-04-09 23:00:00,23.297440875132683,-5.277070697094872e-16,-0.0,42.54278596497771,-0.0,-0.0,-0.0,-0.0,-0.0
2040-04-10 00:00:00,0.0,7.071609040858502,-0.0,49.23204227407554,-0.0,-0.0,-0.0,-0.0,-0.0
2040-04-10 01:00:00,0.0,7.168432683755509,-0.0,49.307254632861124,-0.0,-0.0,-0.0,-0.0,-0.0
2040-04-10 02:00:00,23.20874023427957,-5.270505530843263e-16,-0.0,41.89320824562492,-0.0,-0.0,-0.0,-0.0,-0.0
2040-04-10 03:00:00,23.110349110214475,-2.894747338885874e-16,-0.0,42.82493765497997,-0.0,-0.0,-0.0,-0.0,-0.0
2040-04-10 04:00:00,0.0,6.884783024876584,-0.0,47.71323385471409,-0.0,-0.0,-0.0,-0.0,-0.0
2040-04-10 05:00:00,22.30714371740242,7.174154812881625e-17,-0.0,40.891793769230624,-0.0,-0.0,-0.0,-0.0,-0.0
2040-04-10 06:00:00,21.681466790203153,3.132200662525386e-16,-0.0,38.508063372587834,-0.0,-0.0,-0.0,-0.0,-0.0
2040-04-10 07:00:00,0.0,6.329994689235561,-0.0,44.41953433627638,-0.0,-0.0,-0.0,-0.0,-0.0
2040-04-10 08:00:00,20.79624386450371,4.3819582137280574e-16,-0.0,35.79648103290305,-0.0,-0.0,-0.0,-0.0,-0.0
2040-04-10 09:00:00,0.0,6.230737224012312,-0.0,41.3947956680893,-0.0,-0.0,-0.0,-0.0,-0.0
2040-04-10 10:00:00,0.0,5.888037352079929,-0.0,40.79681308058682,-0.0,-0.0,-0.0,-0.0,-0.0
2040-04-10 11:00:00,0.0,5.8558473422089845,-0.0,40.02417826218215,-0.0,-0.0,-0.0,-0.0,-0.0
2040-04-10 12:00:00,19.671018340221583,-5.008661510743016e-16,-0.0,33.37914913560709,-0.0,-0.0,-0.0,-0.0,-0.0
2040-04-10 13:00:00,0.0,5.803774986840711,-0.0,40.25683043663051,-0.0,-0.0,-0.0,-0.0,-0.0
2040-04-10 14:00:00,0.0,5.718991440872235,-0.0,40.364421848149,-0.0,-0.0,-0.0,-0.0,-5.443393455097436e-13
2040-04-10 15:00:00,0.0,5.788984661930094,-0.0,39.860896563368904,-0.0,-0.0,-0.0,-0.0,-0.0
2040-04-10 16:00:00,0.0,6.003048781295572,-0.0,40.120200854765585,-0.0,-0.0,-0.0,-0.0,-0.0
2040-04-10 17:00:00,0.0,6.288866483968202,-0.0,41.51580276466073,-0.0,-0.0,-0.0,-0.0,5.441760600357267e-13
2040-04-10 18:00:00,0.0,6.311985241739919,-0.0,42.76173053188621,-0.0,-0.0,-9.154387675942109e-16,-0.0,-0.0
2040-04-10 19:00:00,0.0,6.440655393064077,-0.0,44.62713523240883,-0.0,-0.0,-0.0,-0.0,-0.0
2040-04-10 20:00:00,0.0,6.631712121241033,-0.0,46.29372310047727,-0.0,-0.0,-0.0,5.39845674540785e-14,-0.0
2040-04-10 21:00:00,0.0,6.901748897129157,-0.0,48.26701159014038,-0.0,-0.0,-0.0,4.175502268548565e-13,-0.0
2040-04-10 22:00:00,0.0,6.818617533238066,-0.0,48.748504715458495,-0.0,-0.0,-0.0,-0.0,-0.0
2040-04-10 23:00:00,0.0,6.922876555510321,-0.0,50.30414671278205,-0.0,-0.0,-0.0,-0.0,-0.0
2040-04-11 00:00:00,0.0,7.117124280865741,-0.0,49.587239215195964,-0.0,-0.0,-0.0,-0.0,-0.0
2040-04-11 01:00:00,0.0,7.3195818632855945,-0.0,48.65307835522657,-0.0,-0.0,-0.0,-0.0,-0.0
2040-04-11 02:00:00,0.0,6.953474603221385,-0.0,49.16834723816317,-0.0,-0.0,-0.0,-0.0,-0.0
2040-04-11 03:00:00,0.0,7.305314395434812,-0.0,50.014738424449156,-0.0,-0.0,-0.0,-0.0,-0.0
2040-04-11 04:00:00,0.0,6.896621885833902,-0.0,49.644524368486344,-0.0,-0.0,-0.0,-0.0,-0.0
2040-04-11 05:00:00,0.0,6.704617410473233,-0.0,47.23341457168618,-0.0,-0.0,-0.0,-3.199709418593398e-13,-0.0
2040-04-11 06:00:00,0.0,6.601015243737639,-0.0,46.785716468893476,-0.0,-0.0,-0.0,-0.0,-0.0
2040-04-11 07:00:00,0.0,6.366735418123395,-0.0,44.83300975204146,-0.0,-0.0,-0.0,-0.0,-0.0
2040-04-11 08:00:00,0.0,6.362642730542078,-0.0,44.95634637808487,-0.0,-0.0,-0.0,-0.0,-0.0
2040-04-11 09:00:00,0.0,6.133526548236056,-0.0,40.09439740344754,-0.0,-0.0,-0.0,-0.0,-0.0
2040-04-11 10:00:00,0.0,5.982307689525988,-0.0,40.37450207460419,-0.0,-0.0,-0.0,-0.0,-0.0
2040-04-11 11:00:00,0.0,6.000702749801964,-0.0,40.07968075651024,-0.0,-0.0,-0.0,-0.0,-0.0
2040-04-11 12:00:00,0.0,5.693869364498219,-0.0,39.9574739459275,-0.0,-0.0,-0.0,7.184974657816925e-12,-0.0
2040-04-11 13:00:00,0.0,5.729079695793518,-0.0,39.26213079834638,-0.0,-0.0,-0.0,-0.0,-0.0
2040-04-11 14:00:00,0.0,5.8889900454098445,-0.0,39.20521557713582,-0.0,-0.0,-0.0,-0.0,-0.0
2040-04-11 15:00:00,0.0,5.848378942070275,-0.0,39.99764532157891,-0.0,-0.0,-0.0,-0.0,-0.0
2040-04-11 16:00:00,0.0,5.910946524917512,-0.0,41.10361194159714,-0.0,-0.0,-0.0,-0.0,-0.0
2040-04-11 17:00:00,0.0,6.041761452946495,-0.0,41.69517261793908,-0.0,-0.0,-0.0,-0.0,-0.0
2040-04-11 18:00:00,0.0,6.268503254750345,-0.0,42.15388144760469,-0.0,-0.0,-0.0,-0.0,-0.0
2040-04-11 19:00:00,0.0,6.345496655619481,-0.0,44.088845471435775,-0.0,-0.0,-0.0,-0.0,-0.0
2040-04-11 20:00:00,0.0,6.74096910325989,-0.0,45.39915485955781,-0.0,-0.0,-0.0,-0.0,-0.0
2040-04-11 21:00:00,0.0,6.526909918398161,-0.0,47.6918464246403,-0.0,-0.0,-0.0,-0.0,-0.0
2040-04-11 22:00:00,0.0,7.043193837070741,-0.0,47.90522592376612,-0.0,-0.0,-0.0,-0.0,-0.0
2040-04-11 23:00:00,0.0,6.955408601092774,-0.0,49.32567394141002,-0.0,-0.0,-0.0,-0.0,-0.0
2040-04-12 00:00:00,0.0,7.056811005727769,-0.0,49.991650520505694,-0.0,-0.0,-0.0,-0.0,-0.0
2040-04-12 01:00:00,0.0,7.422667258556051,-0.0,49.861655656528235,-0.0,-0.0,-0.0,-0.0,-0.0
2040-04-12 02:00:00,0.0,7.319046843577197,-0.0,50.282765078666706,-0.0,-0.0,-0.0,-0.0,-0.0
2040-04-12 03:00:00,0.0,7.144818564918897,-0.0,49.71622939269762,-0.0,-0.0,-0.0,-0.0,-0.0
2040-04-12 04:00:00,0.0,7.129841646316201,-0.0,50.55562490114845,-0.0,-0.0,-0.0,-0.0,-0.0
2040-04-12 05:00:00,0.0,6.955753336789793,-0.0,46.81389461176816,-0.0,-0.0,-0.0,5.39845674540785e-14,-0.0
2040-04-12 06:00:00,0.0,6.580589781909366,-0.0,46.054984947918236,-0.0,-0.0,-0.0,-5.3979168997333094e-14,-0.0
2040-04-12 07:00:00,0.0,6.614118974366772,-0.0,45.50864438182913,-0.0,-0.0,-0.0,5.558372811350539e-13,-0.0
2040-04-12 08:00:00,0.0,6.4006669164257985,-0.0,43.147484814716066,-0.0,-0.0,-0.0,-0.0,-0.0
2040-04-12 09:00:00,0.0,6.214992427646103,-0.0,41.76975556948996,-0.0,-0.0,-5.552815828132392e-13,-0.0,-0.0
2040-04-12 10:00:00,0.0,5.97083416000785,-0.0,40.805182501647934,-0.0,-0.0,5.39845674540785e-14,-0.0,-0.0
2040-04-12 11:00:00,0.0,6.071857325626326,-0.0,41.08371034818949,-0.0,-0.0,-0.0,-0.0,-0.0
2040-04-12 12:00:00,0.0,5.88267068718272,-0.0,41.75804120821902,-0.0,-0.0,-0.0,-0.0,-0.0
2040-04-12 13:00:00,0.0,5.931749398256991,-0.0,39.0463625658315,-0.0,-0.0,-0.0,-0.0,-0.0
2040-04-12 14:00:00,0.0,5.8085112505389205,-0.0,38.26656824993619,-0.0,-0.0,-0.0,-0.0,-0.0
2040-04-12 15:00:00,0.0,5.976963829008116,-0.0,40.58437507949483,-0.0,-0.0,-0.0,-0.0,-0.0
2040-04-12 16:00:00,0.0,6.060225862339656,-0.0,40.333184032739766,-0.0,-0.0,-0.0,-0.0,-0.0
2040-04-12 17:00:00,0.0,6.192452508126681,-0.0,41.060862485446926,-0.0,-0.0,-0.0,-0.0,-0.0
2040-04-12 18:00:00,0.0,6.310613348190301,-0.0,42.51372672536718,-0.0,-0.0,-0.0,-0.0,-0.0
2040-04-12 19:00:00,0.0,6.519038633719269,-0.0,43.09620070550458,-0.0,-0.0,-0.0,-0.0,-0.0
2040-04-12 20:00:00,0.0,6.818806650029547,-0.0,47.69549709066543,-0.0,-0.0,-0.0,-0.0,-0.0
2040-04-12 21:00:00,0.0,7.03199277899427,-0.0,48.91517116762295,-0.0,-0.0,-0.0,-0.0,-0.0
2040-04-12 22:00:00,0.0,6.759585467584621,-0.0,49.3293989541663,-0.0,-0.0,-0.0,-0.0,-0.0
2040-04-12 23:00:00,0.0,6.878412365645262,-0.0,49.9682403093273,-0.0,-0.0,-0.0,-0.0,-0.0
2040-04-13 00:00:00,0.0,7.224586788173178,-0.0,50.25806750178051,-0.0,-0.0,-0.0,-0.0,-0.0
2040-04-13 01:00:00,0.0,7.318516013769116,-0.0,49.73882867756393,-0.0,-0.0,-0.0,-0.0,-0.0
2040-04-13 02:00:00,0.0,7.19828168911635,-0.0,48.95279592056179,-0.0,-0.0,-0.0,-0.0,-0.0
2040-04-13 03:00:00,0.0,7.121561969136814,-0.0,49.80380249030754,-0.0,-0.0,-0.0,-0.0,-0.0
2040-04-13 04:00:00,0.0,7.028244543368019,-0.0,50.49682874680838,-0.0,-0.0,-0.0,-0.0,-0.0
2040-04-13 05:00:00,0.0,6.852901219988279,-0.0,49.11730824454477,-0.0,-0.0,-0.0,-0.0,-0.0
2040-04-13 06:00:00,0.0,6.784368225637084,-0.0,46.17683915406157,-0.0,-0.0,-0.0,-0.0,-0.0
2040-04-13 07:00:00,0.0,6.375103409205374,-0.0,45.574991998852504,-0.0,-0.0,-0.0,-0.0,-0.0
2040-04-13 08:00:00,0.0,6.3907875562242,-0.0,43.4490604871568,-0.0,-0.0,-0.0,-0.0,-0.0
2040-04-13 09:00:00,0.0,6.0225791673934665,-0.0,42.92237846574525,-0.0,-0.0,-0.0,-0.0,-0.0
2040-04-13 10:00:00,0.0,6.143862251194894,-0.0,41.10714640797479,-0.0,-0.0,-4.5306954306508506e-15,-0.0,-0.0
2040-04-13 11:00:00,0.0,6.028099410455371,-0.0,39.669282181019824,-0.0,-0.0,-0.0,-0.0,-0.0
2040-04-13 12:00:00,0.0,5.8093685091540985,-0.0,38.730895053518715,-0.0,-0.0,-0.0,-0.0,-0.0
2040-04-13 13:00:00,0.0,6.08055414669042,-0.0,40.10583238445406,-0.0,-0.0,-0.0,-0.0,-0.0
2040-04-13 14:00:00,0.0,5.877159765849638,-0.0,40.20971264154069,-0.0,-0.0,-0.0,-0.0,-0.0
2040-04-13 15:00:00,0.0,6.085992048402162,-0.0,40.383545739189515,-0.0,-0.0,-0.0,-0.0,-0.0
2040-04-13 16:00:00,0.0,6.313280674165586,-0.0,40.47346351009283,-0.0,-0.0,-0.0,-0.0,1.2035149144998826e-12
2040-04-13 17:00:00,0.0,6.15163942726166,-0.0,41.21443926660818,-0.0,-0.0,-0.0,-0.0,-1.202956212739244e-12
2040-04-13 18:00:00,0.0,6.493593672007262,-0.0,42.82440818957346,-0.0,-0.0,4.787396159949609e-13,-0.0,-0.0
2040-04-13 19:00:00,0.0,6.495655532870187,-0.0,45.96745180703972,-0.0,-0.0,-0.0,-0.0,-0.0
2040-04-13 20:00:00,0.0,6.902456096520716,-0.0,44.60345117139217,-0.0,-0.0,-0.0,-0.0,-0.0
2040-04-13 21:00:00,0.0,6.965808776531162,-0.0,47.237358546815685,-0.0,-0.0,-0.0,-0.0,-0.0
2040-04-13 22:00:00,0.0,6.885254345788604,-0.0,48.04127538608204,-0.0,-0.0,-0.0,-0.0,5.442849115751926e-13
2040-04-13 23:00:00,0.0,7.161447831431114,-0.0,49.361262894521104,-0.0,-0.0,-0.0,-0.0,3.0543720213552764e-14
2040-04-14 00:00:00,0.0,6.772157381728218,-0.0,46.158014671943086,-0.0,-0.0,-0.0,-0.0,-0.0
2040-04-14 01:00:00,0.0,6.934240762841718,-0.0,48.081131532795894,-0.0,-0.0,-0.0,-0.0,-0.0
2040-04-14 02:00:00,0.0,6.901253386828461,-0.0,47.25194829412294,-0.0,-0.0,-0.0,-0.0,-0.0
2040-04-14 03:00:00,0.0,6.778563297307232,-0.0,46.2157431153431,-0.0,-0.0,-0.0,-0.0,-0.0
2040-04-14 04:00:00,20.638176798028116,0.716939024321253,-0.0,39.71715178222239,-0.0,-0.0,-0.0,-0.0,-0.0
2040-04-14 05:00:00,21.80682333855334,-4.297912646928425e-17,-0.0,38.09450508894214,-0.0,-0.0,-0.0,-0.0,3.3702654026947617e-13
2040-04-14 06:00:00,0.0,6.499247095677358,-0.0,43.78211714152924,-0.0,-0.0,1.1211220868571431e-14,-0.0,-0.0
2040-04-14 07:00:00,21.58023558273814,-3.965734080586398e-16,-0.0,35.50243085079883,-0.0,-0.0,-0.0,-0.0,-0.0
2040-04-14 08:00:00,20.27498645314851,2.05206322651726e-16,-0.0,33.71926172869155,-0.0,-0.0,-0.0,-0.0,-0.0
2040-04-14 09:00:00,20.082380259016755,-2.6706326231227083e-16,-0.0,33.39878766671755,-0.0,-0.0,-0.0,-0.0,-0.0
2040-04-14 10:00:00,6.053214797341013,4.232076108931328,-0.0,37.62385353528338,-0.0,-0.0,-6.915884184659337e-12,-0.0,-0.0
2040-04-14 11:00:00,0.0,5.722984878719885,-0.0,37.67670852749665,-0.0,-0.0,-0.0,-0.0,-0.0
2040-04-14 12:00:00,0.0,5.709221919200085,-0.0,36.93346603472589,-0.0,-0.0,-0.0,-0.0,-8.064309117162345e-12
2040-04-14 13:00:00,0.0,5.631234439281061,-0.0,38.15502162428634,-0.0,-0.0,8.175030274453585e-12,-0.0,-0.0
2040-04-14 14:00:00,0.0,5.803790799045038,-0.0,36.886031072631674,-0.0,-0.0,-0.0,-0.0,9.002942983375342e-12
2040-04-14 15:00:00,0.0,5.676935853547302,-0.0,38.672468824701674,-0.0,-0.0,-0.0,-1.122807343965161e-15,-0.0
2040-04-14 16:00:00,0.0,5.839296102330176,-0.0,37.32512615712701,-0.0,-0.0,-0.0,-0.0,-0.0
2040-04-14 17:00:00,0.0,5.991730584835715,-0.0,40.27014563841799,-0.0,-0.0,-0.0,-0.0,-0.0
2040-04-14 18:00:00,0.0,6.3658360915493235,-0.0,42.94750003199096,-0.0,-0.0,-0.0,-0.0,-0.0
2040-04-14 19:00:00,0.0,6.273215986924751,-0.0,43.18057163434196,-0.0,-0.0,-0.0,-0.0,-0.0
2040-04-14 20:00:00,0.0,6.526940748093277,-0.0,43.2868000702179,-0.0,-0.0,-3.789157652594818e-14,-0.0,-1.8780735068736106e-13
2040-04-14 21:00:00,0.0,6.723235434336687,-0.0,45.01143303918947,-0.0,-0.0,-0.0,-0.0,-5.547390493953699e-14
2040-04-14 22:00:00,0.0,6.6768092063330196,-0.0,46.28722158051503,-0.0,-0.0,-0.0,-0.0,-0.0
2040-04-14 23:00:00,0.0,6.840576887723901,-0.0,47.324348888657454,-0.0,-0.0,-0.0,-0.0,-2.4819239974235787e-13
2040-04-15 00:00:00,0.0,7.1443910352629665,-0.0,47.637801683156226,-0.0,-0.0,-0.0,-0.0,8.523061278089732e-12
2040-04-15 01:00:00,0.0,6.948730778280312,-0.0,45.57505891678741,-0.0,-0.0,-0.0,-0.0,-0.0
2040-04-15 02:00:00,0.0,6.986891423282678,-0.0,47.70821982734419,-0.0,-0.0,-0.0,-0.0,2.6624495547750753e-13
2040-04-15 03:00:00,0.0,6.75428332312294,-0.0,46.711514103172796,-0.0,-0.0,-0.0,-0.0,4.816477857740339e-13
2040-04-15 04:00:00,0.0,6.640335869303641,-0.0,45.26734423568713,-0.0,-0.0,-0.0,-0.0,4.8559589025012585e-14
2040-04-15 05:00:00,0.0,6.568586633027508,-0.0,44.74432615502921,-0.0,-0.0,-0.0,-0.0,-3.41176223324352e-13
2040-04-15 06:00:00,0.0,6.617307333794309,-0.0,43.266574962843734,-0.0,-0.0,-0.0,-0.0,-8.99157599555643e-12
2040-04-15 07:00:00,0.0,6.28661478036429,-0.0,44.08644810413023,-0.0,-0.0,-0.0,-0.0,9.009621083872922e-12
2040-04-15 08:00:00,0.0,6.330442697047267,-0.0,40.73455014605421,-0.0,-0.0,-0.0,-0.0,-0.0
2040-04-15 09:00:00,0.0,6.12200219270123,-0.0,41.27845357348587,-0.0,-0.0,-0.0,-0.0,-0.0
2040-04-15 10:00:00,0.0,5.92222773796459,-0.0,41.05793305991966,-0.0,-0.0,-0.0,-0.0,-0.0
2040-04-15 11:00:00,0.0,5.879382361591805,-0.0,38.35602912194015,-0.0,-0.0,-0.0,-0.0,-0.0
2040-04-15 12:00:00,0.0,5.872121066688028,-0.0,38.65948827647524,-0.0,-0.0,-0.0,-0.0,-9.177670392973133e-12
2040-04-15 13:00:00,0.0,5.862123741008673,-0.0,36.94319979461777,-0.0,-0.0,-9.19101459834454e-12,-0.0,-0.0
2040-04-15 14:00:00,0.0,5.779806607328493,-0.0,39.23140309671449,-0.0,-0.0,-0.0,-0.0,2.433530949417252e-13
2040-04-15 15:00:00,0.0,5.899733836104676,-0.0,38.19141123166294,-0.0,-0.0,-0.0,-0.0,4.852709211640886e-14
2040-04-15 16:00:00,0.0,6.103600471440168,-0.0,39.436089220504265,-0.0,-0.0,-0.0,-0.0,-0.0
2040-04-15 17:00:00,0.0,6.102243416101856,-0.0,40.36464645651659,-0.0,-0.0,-0.0,-0.0,4.439970728481054e-13
2040-04-15 18:00:00,0.0,6.168833441048851,-0.0,39.974116104870575,-0.0,-0.0,-0.0,-0.0,-5.25020472238754e-13
2040-04-15 19:00:00,0.0,6.467815568453498,-0.0,42.25877881982102,-0.0,-0.0,-0.0,-0.0,-0.0
2040-04-15 20:00:00,0.0,6.438618718539093,-0.0,44.6760860160482,-0.0,-0.0,-0.0,-0.0,7.832985151686037e-13
2040-04-15 21:00:00,0.0,6.635546288077285,-0.0,45.186477591325875,-0.0,-0.0,-0.0,-0.0,-5.443393455097436e-13
2040-04-15 22:00:00,0.0,6.749003128267817,-0.0,46.645104001011816,-0.0,-0.0,-0.0,-0.0,2.2690246016204022e-13
2040-04-15 23:00:00,0.0,6.841050942511821,-0.0,45.689099500112974,-0.0,-0.0,-0.0,-0.0,-0.0
2040-04-16 00:00:00,0.0,7.2541924484356946,-0.0,49.1578940664251,-0.0,-0.0,3.568351818395013e-14,-0.0,-0.0
2040-04-16 01:00:00,0.0,7.341662763578829,-0.0,50.93312574555991,-0.0,-0.0,-0.0,-0.0,5.442849115751926e-13
2040-04-16 02:00:00,0.0,7.260898230418017,-0.0,50.356421931678454,-0.0,-0.0,-0.0,-0.0,-5.443393455097436e-13
2040-04-16 03:00:00,0.0,7.2979254815597585,-0.0,49.575042933321846,-0.0,-0.0,-0.0,-0.0,-0.0
2040-04-16 04:00:00,0.0,7.2968305074208955,-0.0,48.95152357305835,-0.0,-0.0,-0.0,-0.0,-0.0
2040-04-16 05:00:00,0.0,7.171113872881601,-0.0,47.432129001092825,-0.0,-0.0,-0.0,-0.0,-0.0
2040-04-16 06:00:00,0.0,6.929690662376866,-0.0,47.328855202100556,-0.0,-0.0,-0.0,-0.0,-0.0
2040-04-16 07:00:00,0.0,6.700514283366625,-0.0,44.80941991369714,-0.0,-0.0,-0.0,-0.0,-0.0
2040-04-16 08:00:00,0.0,6.531255514022902,-0.0,43.98848750644222,-0.0,-0.0,-0.0,-0.0,-0.0
2040-04-16 09:00:00,0.0,6.264174999925157,-0.0,42.54252404027433,-0.0,-0.0,-0.0,-0.0,-0.0
2040-04-16 10:00:00,0.0,6.419748622089705,-0.0,41.51752645084064,-0.0,-0.0,-0.0,-0.0,-0.0
2040-04-16 11:00:00,0.0,5.9857095978078165,-0.0,40.96081530580688,-0.0,-0.0,-0.0,-0.0,-0.0
2040-04-16 12:00:00,0.0,5.963955706701557,-0.0,39.493912136014735,-0.0,-0.0,-0.0,-0.0,-0.0
2040-04-16 13:00:00,0.0,6.010825452680081,-0.0,39.84160557415641,-0.0,-0.0,-0.0,-0.0,-0.0
2040-04-16 14:00:00,0.0,6.000556720953866,-0.0,40.85343718710595,-0.0,-0.0,-0.0,-0.0,-0.0
2040-04-16 15:00:00,0.0,6.005004742878103,-0.0,40.41867178637675,-0.0,-0.0,-0.0,-0.0,-0.0
2040-04-16 16:00:00,0.0,6.363361826795596,-0.0,42.9578582168555,-0.0,-0.0,-0.0,-0.0,-0.0
2040-04-16 17:00:00,0.0,6.246066256436284,-0.0,41.81710108810035,-0.0,-0.0,-0.0,-0.0,-0.0
2040-04-16 18:00:00,0.0,6.506593444025541,-0.0,43.70392391086856,-0.0,-0.0,-0.0,-0.0,-0.0
2040-04-16 19:00:00,0.0,6.598009092211811,-0.0,44.85520261487304,-0.0,-0.0,-0.0,-0.0,-0.0
2040-04-16 20:00:00,0.0,6.8282730883418905,-0.0,46.17496392679509,-0.0,-0.0,-0.0,-0.0,-0.0
2040-04-16 21:00:00,0.0,6.9510506559702465,-0.0,48.5246884458995,-0.0,-0.0,-0.0,-0.0,-0.0
2040-04-16 22:00:00,0.0,7.039775971775494,-0.0,47.68990504384995,-0.0,-0.0,-0.0,-0.0,-0.0
2040-04-16 23:00:00,0.0,7.303064444684811,-0.0,49.12059764736699,-0.0,-0.0,-0.0,-0.0,-0.0
2040-04-17 00:00:00,0.0,7.304997628938164,-0.0,51.96040672713521,-0.0,-0.0,-0.0,-0.0,-0.0
2040-04-17 01:00:00,0.0,7.417576537374924,-0.0,50.71697612475643,-0.0,-0.0,-0.0,-0.0,-0.0
2040-04-17 02:00:00,0.0,7.2818934925498695,-0.0,51.9800969603765,-0.0,-0.0,-0.0,-0.0,-0.0
2040-04-17 03:00:00,0.0,7.188760655099802,-0.0,48.983239447672915,-0.0,-0.0,-0.0,-0.0,-0.0
2040-04-17 04:00:00,0.0,7.22963059299025,-0.0,50.529051336760205,-0.0,-0.0,-0.0,-0.0,-0.0
2040-04-17 05:00:00,0.0,7.044538403392308,-0.0,47.86028481554594,-0.0,-0.0,-0.0,-0.0,-0.0
2040-04-17 06:00:00,0.0,6.994781885630566,-0.0,46.84030239750474,-0.0,-0.0,-0.0,-0.0,-0.0
2040-04-17 07:00:00,0.0,6.769185346017882,-0.0,46.319027349486014,-0.0,-0.0,-0.0,-0.0,-0.0
2040-04-17 08:00:00,0.0,6.499998275765687,-0.0,43.83035587843544,-0.0,-0.0,-0.0,-0.0,-0.0
2040-04-17 09:00:00,0.0,6.513117552850808,-0.0,41.87241327340898,-0.0,-0.0,-0.0,-0.0,-0.0
2040-04-17 10:00:00,0.0,6.197023052584238,-0.0,41.97646699971542,-0.0,-0.0,-0.0,-0.0,-0.0
2040-04-17 11:00:00,0.0,6.00709300221736,-0.0,39.605723332159144,-0.0,-0.0,-0.0,-0.0,-0.0
2040-04-17 12:00:00,0.0,6.127316948774812,-0.0,40.24795547684604,-0.0,-0.0,-0.0,-0.0,-0.0
2040-04-17 13:00:00,0.0,6.106483720254835,-0.0,40.44380858397748,-0.0,-0.0,-0.0,-0.0,-0.0
2040-04-17 14:00:00,0.0,6.174056159636216,-0.0,40.66516318498242,-0.0,-0.0,-0.0,-0.0,-0.0
2040-04-17 15:00:00,0.0,6.212977768588438,-0.0,40.44125658846086,-0.0,-0.0,-0.0,-0.0,-0.0
2040-04-17 16:00:00,0.0,6.310108857189189,-0.0,42.11553695425211,-0.0,-0.0,-0.0,-0.0,-0.0
2040-04-17 17:00:00,0.0,6.417070963809337,-0.0,42.744392704787586,-0.0,-0.0,-0.0,-0.0,-0.0
2040-04-17 18:00:00,0.0,6.551955765703226,-0.0,44.168661854197865,-0.0,-0.0,-0.0,-0.0,-0.0
2040-04-17 19:00:00,0.0,6.762772460964396,-0.0,44.62703936169084,-0.0,-0.0,-0.0,-0.0,-0.0
2040-04-17 20:00:00,0.0,6.8950734823037445,-0.0,46.067426365229956,-0.0,-0.0,-0.0,-0.0,-0.0
2040-04-17 21:00:00,0.0,6.926882765259692,-0.0,46.2020730813473,-0.0,-0.0,-0.0,-0.0,-0.0
2040-04-17 22:00:00,0.0,7.307723341811798,-0.0,48.72114767599746,-0.0,-0.0,-0.0,-0.0,-0.0
2040-04-17 23:00:00,0.0,7.327912868997806,-0.0,49.3572891873015,-0.0,-0.0,-0.0,-0.0,-0.0
2040-04-18 00:00:00,0.0,7.549715443933665,-0.0,51.84150609993807,-0.0,-0.0,-0.0,-0.0,-0.0
2040-04-18 01:00:00,0.0,7.225452950168301,-0.0,51.02129627472178,-0.0,-0.0,-0.0,-0.0,-0.0
2040-04-18 02:00:00,0.0,7.532383729547949,-0.0,50.35346789626349,-0.0,-0.0,-0.0,-0.0,-0.0
2040-04-18 03:00:00,0.0,7.098480523699784,-0.0,48.39297111547301,-0.0,-0.0,-0.0,-0.0,-0.0
2040-04-18 04:00:00,0.0,7.224556601611393,-0.0,49.94444300769332,-0.0,-0.0,-0.0,-0.0,-0.0
2040-04-18 05:00:00,0.0,7.155388968379257,-0.0,46.96318025347797,-0.0,-0.0,-0.0,-0.0,-0.0
2040-04-18 06:00:00,0.0,6.965834648485285,-0.0,46.809129958114475,-0.0,-0.0,-0.0,-0.0,-0.0
2040-04-18 07:00:00,0.0,6.745270172497282,-0.0,45.817922500214024,-0.0,-0.0,-0.0,-0.0,-0.0
2040-04-18 08:00:00,0.0,6.669768819924099,-0.0,44.266867105705856,-0.0,-0.0,-0.0,-0.0,-0.0
2040-04-18 09:00:00,0.0,6.421565742822216,-0.0,41.692020465664235,-0.0,-0.0,-0.0,-0.0,-0.0
2040-04-18 10:00:00,0.0,6.1883473388670796,-0.0,40.65000996820822,-0.0,-0.0,-4.613285383186709e-15,-0.0,-0.0
2040-04-18 11:00:00,0.0,6.239021616045079,-0.0,39.71322193589468,-0.0,-0.0,-0.0,-0.0,-0.0
2040-04-18 12:00:00,0.0,6.192636199821327,-0.0,40.220518374994676,-0.0,-0.0,-0.0,-0.0,-0.0
2040-04-18 13:00:00,0.0,6.047144364984173,-0.0,40.627926836298016,-0.0,-0.0,-0.0,-0.0,-0.0
2040-04-18 14:00:00,0.0,6.213968787855593,-0.0,40.43674431390261,-0.0,-0.0,-0.0,-0.0,-0.0
2040-04-18 15:00:00,0.0,6.1563843043937965,-0.0,41.14595918132687,-0.0,-0.0,-0.0,-0.0,-0.0
2040-04-18 16:00:00,0.0,6.234286813363277,-0.0,42.64432422494194,-0.0,-0.0,-0.0,-0.0,-0.0
2040-04-18 17:00:00,0.0,6.512581303471792,-0.0,42.85288713165488,-0.0,-0.0,-0.0,-0.0,-0.0
2040-04-18 18:00:00,0.0,6.595228952054861,-0.0,43.85350157514285,-0.0,-0.0,-0.0,-0.0,-0.0
2040-04-18 19:00:00,0.0,6.8489512911436385,-0.0,45.232191880090795,-0.0,-0.0,-0.0,-0.0,-0.0
2040-04-18 20:00:00,0.0,6.755456685571715,-0.0,46.125948938203976,-0.0,-0.0,-0.0,-0.0,-0.0
2040-04-18 21:00:00,0.0,7.012905907416248,-0.0,47.517115631369734,-0.0,-0.0,-0.0,-0.0,-0.0
2040-04-18 22:00:00,0.0,7.236994572670764,-0.0,48.46293121176586,-0.0,-0.0,-0.0,-0.0,-0.0
2040-04-18 23:00:00,0.0,7.404986464214704,-0.0,50.3974325687775,-0.0,-0.0,-0.0,-0.0,-0.0
2040-04-19 00:00:00,0.0,7.395547559637479,-0.0,49.65591705165746,-0.0,-0.0,-0.0,-0.0,-0.0
2040-04-19 01:00:00,0.0,7.272733653857764,-0.0,50.45284738803214,-0.0,-0.0,-0.0,-0.0,-0.0
2040-04-19 02:00:00,0.0,7.292778112929752,-0.0,51.30266031939381,-0.0,-0.0,-0.0,-0.0,-0.0
2040-04-19 03:00:00,0.0,7.327913729511201,-0.0,50.48080599075782,-0.0,-0.0,-0.0,-0.0,-0.0
2040-04-19 04:00:00,0.0,7.227211200322519,-0.0,50.6217097639625,-0.0,-0.0,-0.0,-0.0,-0.0
2040-04-19 05:00:00,0.0,6.977792948460671,-0.0,47.16727165679522,-0.0,-0.0,-0.0,-9.494853942159197e-14,-0.0
2040-04-19 06:00:00,0.0,6.877070505061884,-0.0,46.80669937626767,-0.0,-0.0,-0.0,-0.0,-0.0
2040-04-19 07:00:00,0.0,6.867140847618696,-0.0,44.61224408577023,-0.0,-0.0,-0.0,-0.0,-1.3577947883011573e-11
2040-04-19 08:00:00,0.0,6.492297420372005,-0.0,43.60093481791796,-0.0,-0.0,-0.0,-0.0,-0.0
2040-04-19 09:00:00,0.0,6.672067783938996,-0.0,43.80377420876793,-0.0,-0.0,-0.0,-0.0,-0.0
2040-04-19 10:00:00,0.0,6.355714669092145,-0.0,41.235827737289874,-0.0,-0.0,-0.0,-0.0,-0.0
2040-04-19 11:00:00,0.0,6.102979676999186,-0.0,40.59748388060803,-0.0,-0.0,-0.0,-0.0,-0.0
2040-04-19 12:00:00,0.0,6.131837795997245,-0.0,40.85711435617565,-0.0,-0.0,-0.0,-0.0,-0.0
2040-04-19 13:00:00,0.0,6.192258222635431,-0.0,40.54377835073479,-0.0,-0.0,-0.0,-0.0,-0.0
2040-04-19 14:00:00,0.0,5.98913897736426,-0.0,38.81331298928322,-0.0,-0.0,-0.0,-0.0,-0.0
2040-04-19 15:00:00,0.0,6.216532046907491,-0.0,40.435998202963816,-0.0,-0.0,-0.0,-0.0,-0.0
2040-04-19 16:00:00,0.0,6.437454418158445,-0.0,42.76636866179929,-0.0,-0.0,-0.0,-0.0,-0.0
2040-04-19 17:00:00,0.0,6.486915512294124,-0.0,44.093056016208834,-0.0,-0.0,-0.0,-1.3240887362239122e-11,-0.0
2040-04-19 18:00:00,0.0,6.524340482242798,-0.0,44.311601017867005,-0.0,-0.0,-0.0,-0.0,-0.0
2040-04-19 19:00:00,0.0,6.739436241978595,-0.0,47.039411965400944,-0.0,-0.0,-0.0,-0.0,-0.0
2040-04-19 20:00:00,0.0,7.03981208138264,-0.0,47.550824066373885,-0.0,-0.0,-0.0,-0.0,-0.0
2040-04-19 21:00:00,0.0,7.088419411719521,-0.0,48.261018452520425,-0.0,-0.0,-0.0,-0.0,-1.2971152080904879e-11
2040-04-19 22:00:00,0.0,7.457556536517345,-0.0,48.99343506973799,-0.0,-0.0,-0.0,-0.0,-0.0
2040-04-19 23:00:00,0.0,7.420401279553114,-0.0,50.04803265280459,-0.0,-0.0,-0.0,-0.0,-0.0
2040-04-20 00:00:00,0.0,7.550057886294776,-0.0,50.78316869955037,-0.0,-0.0,-0.0,-0.0,-0.0
2040-04-20 01:00:00,0.0,7.467697262407199,-0.0,49.46230947497023,-0.0,-0.0,-0.0,-0.0,-0.0
2040-04-20 02:00:00,0.0,7.432638508132378,-0.0,50.494660999618404,-0.0,-0.0,-0.0,-0.0,-0.0
2040-04-20 03:00:00,0.0,7.59391104545078,-0.0,50.49137036713408,-0.0,-0.0,-0.0,-0.0,-0.0
2040-04-20 04:00:00,0.0,7.200782890052198,-0.0,49.42900050597624,-0.0,-0.0,-0.0,-0.0,-0.0
2040-04-20 05:00:00,0.0,7.292087088300311,-0.0,48.00839093132288,-0.0,-0.0,-0.0,-0.0,-0.0
2040-04-20 06:00:00,0.0,6.989052266758485,-0.0,48.66580013200538,-0.0,-0.0,-0.0,-0.0,-0.0
2040-04-20 07:00:00,0.0,6.888722580417458,-0.0,44.44276397088511,-0.0,-0.0,-0.0,-0.0,-0.0
2040-04-20 08:00:00,0.0,6.58924739433061,-0.0,43.34291081890387,-0.0,-0.0,-0.0,-0.0,-0.0
2040-04-20 09:00:00,0.0,6.521162800793827,-0.0,45.171748881230826,-0.0,-0.0,-0.0,-0.0,-0.0
2040-04-20 10:00:00,0.0,6.459227225700637,-0.0,41.640504715585294,-0.0,-0.0,-0.0,-0.0,-0.0
2040-04-20 11:00:00,0.0,6.401929122690507,-0.0,41.470847978273525,-0.0,-0.0,-0.0,-0.0,-0.0
2040-04-20 12:00:00,0.0,6.07771543167338,-0.0,40.09082326706274,-0.0,-0.0,-0.0,-0.0,-0.0
2040-04-20 13:00:00,0.0,6.11140785350701,-0.0,39.624319152661684,-0.0,-0.0,-0.0,-0.0,-0.0
2040-04-20 14:00:00,0.0,6.1208591325744806,-0.0,40.000482973699434,-0.0,-0.0,-0.0,-0.0,-0.0
2040-04-20 15:00:00,0.0,6.213440765916753,-0.0,40.60406797781386,-0.0,-0.0,-0.0,-0.0,-0.0
2040-04-20 16:00:00,0.0,6.415959026272758,-0.0,40.73285690086929,-0.0,-0.0,-0.0,-0.0,-0.0
2040-04-20 17:00:00,0.0,6.520438797186749,-0.0,43.48089315482666,-0.0,-0.0,-0.0,-0.0,-0.0
2040-04-20 18:00:00,0.0,6.746703075716248,-0.0,44.65743134320871,-0.0,-0.0,-0.0,-0.0,-0.0
2040-04-20 19:00:00,0.0,6.787304752472854,-0.0,45.187106795754545,-0.0,-0.0,-0.0,-0.0,-0.0
2040-04-20 20:00:00,0.0,7.077676073360617,-0.0,47.19000602456801,-0.0,-0.0,-0.0,-0.0,-0.0
2040-04-20 21:00:00,0.0,7.054832422741774,-0.0,48.99866167776977,-0.0,-0.0,-0.0,-0.0,-0.0
2040-04-20 22:00:00,0.0,7.4808648105512505,-0.0,49.93266619081266,-0.0,-0.0,-0.0,-0.0,-0.0
2040-04-20 23:00:00,0.0,7.488236844676449,-0.0,50.619830618855445,-0.0,-0.0,-0.0,-0.0,-0.0
2040-04-21 00:00:00,0.0,7.123737181306969,-0.0,48.40885313544173,-0.0,-0.0,-0.0,-0.0,-0.0
2040-04-21 01:00:00,0.0,7.206798751660582,-0.0,48.77106457705324,-0.0,-0.0,-0.0,-0.0,-0.0
2040-04-21 02:00:00,0.0,7.288078491360468,-0.0,48.03920451215615,-0.0,-0.0,-0.0,-0.0,-0.0
2040-04-21 03:00:00,0.0,7.198085589199877,-0.0,48.35946309812068,-0.0,-0.0,-0.0,-0.0,-0.0
2040-04-21 04:00:00,0.0,7.109574163923289,-0.0,47.473105851271725,-0.0,-0.0,-0.0,-0.0,-0.0
2040-04-21 05:00:00,0.0,6.8354468057170195,-0.0,44.31533717978834,-0.0,-0.0,-0.0,-0.0,-0.0
2040-04-21 06:00:00,0.0,6.701204476662298,-0.0,43.808694648846945,-0.0,-0.0,-0.0,-0.0,-0.0
2040-04-21 07:00:00,0.0,6.614927424401761,-0.0,43.651130003903965,-0.0,-0.0,-0.0,-0.0,-0.0
2040-04-21 08:00:00,0.0,6.443975697521281,-0.0,41.95723722067121,-0.0,-0.0,-0.0,-0.0,-0.0
2040-04-21 09:00:00,0.0,6.199891345559423,-0.0,40.42238113293708,-0.0,-0.0,-0.0,-0.0,-0.0
2040-04-21 10:00:00,0.0,6.237858153768761,-0.0,38.973020573920685,-0.0,-0.0,-0.0,-0.0,-0.0
2040-04-21 11:00:00,0.0,6.214255553469637,-0.0,39.99611922163521,-0.0,-0.0,-0.0,-0.0,-0.0
2040-04-21 12:00:00,0.0,6.005870761989296,-0.0,38.06341373545568,-0.0,-0.0,-0.0,-0.0,-0.0
2040-04-21 13:00:00,0.0,5.955140193500067,-0.0,37.94100267557469,-0.0,-0.0,-0.0,-0.0,-0.0
2040-04-21 14:00:00,0.0,6.080045744513828,-0.0,38.60782690069254,-0.0,-0.0,-0.0,-0.0,-0.0
2040-04-21 15:00:00,0.0,6.013487662620086,-0.0,37.258000123487896,-0.0,-0.0,-0.0,-0.0,-0.0
2040-04-21 16:00:00,0.0,6.173366191003986,-0.0,40.69025624515763,-0.0,-0.0,-1.2494587346385473e-11,-0.0,-0.0
2040-04-21 17:00:00,0.0,6.250795280778008,-0.0,40.56434816965062,-0.0,5.284523880150029e-13,1.1970032184727718e-11,-0.0,-0.0
2040-04-21 18:00:00,0.0,6.289261061854179,-0.0,41.743547962508664,-0.0,-0.0,-0.0,-0.0,-0.0
2040-04-21 19:00:00,0.0,6.655469236052601,-0.0,42.84721826623399,-0.0,-4.2550495384997555e-14,-0.0,-0.0,-0.0
2040-04-21 20:00:00,23.164151861300933,-2.898729542422165e-16,-0.0,38.22922169559566,-0.0,-0.0,-0.0,-0.0,-0.0
2040-04-21 21:00:00,22.703005424837894,1.87235372207751e-16,-0.0,37.54344796081005,-0.0,-0.0,-0.0,-0.0,-0.0
2040-04-21 22:00:00,0.0,7.127219079373446,-0.0,46.168413713325506,-0.0,-0.0,-0.0,-0.0,-0.0
2040-04-21 23:00:00,0.0,6.951271470840574,-0.0,48.49100407705473,-0.0,-0.0,-0.0,-0.0,-0.0
2040-04-22 00:00:00,24.212033493229743,4.1291389941888934e-16,-0.0,40.71396309693575,-0.0,-0.0,-0.0,-0.0,-0.0
2040-04-22 01:00:00,23.977493895743823,-2.958928945991096e-16,-0.0,39.34718502055659,-0.0,-0.0,-0.0,-0.0,-0.0
2040-04-22 02:00:00,0.0,7.322010693381862,-0.0,48.1332679080175,-0.0,-0.0,-0.0,-0.0,-0.0
2040-04-22 03:00:00,0.0,6.989956043142438,-0.0,46.518655792971316,-0.0,-0.0,-0.0,-0.0,-0.0
2040-04-22 04:00:00,0.0,7.267659828663369,-0.0,45.904416446021365,-0.0,-0.0,-0.0,-0.0,-0.0
2040-04-22 05:00:00,22.633852860928233,-2.8594795317455335e-16,-0.0,39.35250854520091,-0.0,-0.0,-0.0,-0.0,-0.0
2040-04-22 06:00:00,0.0,6.796581171083603,-0.0,44.16356856269338,-0.0,-0.0,-0.0,-0.0,-0.0
2040-04-22 07:00:00,0.0,6.6873051317412076,-0.0,44.564845201684115,-0.0,-0.0,-0.0,-0.0,5.442849115751926e-13
2040-04-22 08:00:00,21.579859264884554,3.139721130130979e-16,-0.0,34.898208163694186,-0.0,5.326508418520479e-13,-0.0,-0.0,-0.0
2040-04-22 09:00:00,21.054064622188697,-1.5583138203666559e-16,-0.0,34.81795916183758,-0.0,-0.0,-0.0,-0.0,-0.0
2040-04-22 10:00:00,19.78887037650444,-3.833146420754862e-16,-0.0,32.58578735613785,-0.0,-0.0,-0.0,-0.0,-0.0
2040-04-22 11:00:00,20.29138572460716,-3.870340028067606e-16,-0.0,31.900603818156394,-0.0,-0.0,-0.0,-0.0,-0.0
2040-04-22 12:00:00,20.00951601008992,-2.665239585334002e-16,-0.0,32.77720523668254,-0.0,-0.0,-0.0,-0.0,-0.0
2040-04-22 13:00:00,20.701433188738953,-3.900689637125491e-16,-0.0,31.694126786971328,-0.0,-0.0,-0.0,-0.0,-0.0
2040-04-22 14:00:00,0.0,5.9168084309749736,-0.0,38.50300415594844,-0.0,-0.0,-0.0,-0.0,-0.0
2040-04-22 15:00:00,20.761597923632404,4.384522528479066e-16,-0.0,32.853229805729455,-0.0,-0.0,-0.0,-0.0,-0.0
2040-04-22 16:00:00,0.0,5.998866183862315,-0.0,39.972399874646484,-0.0,-0.0,-0.0,-0.0,-0.0
2040-04-22 17:00:00,0.0,6.258321798976084,-0.0,40.57175104782515,-0.0,-0.0,-0.0,-0.0,-0.0
2040-04-22 18:00:00,0.0,6.2659113944115665,-0.0,41.555454419193254,-0.0,-0.0,-0.0,-0.0,-0.0
2040-04-22 19:00:00,0.0,6.5099080818260004,-0.0,43.18577716500795,-0.0,-0.0,-0.0,-0.0,-0.0
2040-04-22 20:00:00,0.0,6.7002979186851155,-0.0,44.7451845222494,-0.0,-0.0,-0.0,-0.0,-0.0
2040-04-22 21:00:00,0.0,6.964158834330843,-0.0,46.06537441267498,-0.0,-0.0,-0.0,-0.0,-0.0
2040-04-22 22:00:00,0.0,7.298636622691312,-0.0,46.66213049258085,-0.0,-0.0,-0.0,-0.0,-0.0
2040-04-22 23:00:00,0.0,7.029330563542904,-0.0,48.83999673479722,-0.0,-0.0,-0.0,-0.0,-0.0
2040-04-23 00:00:00,0.0,7.72970244396609,-0.0,50.650256058941224,-0.0,-0.0,-0.0,-0.0,-0.0
2040-04-23 01:00:00,0.0,7.778769809956352,-0.0,51.09232059774558,-0.0,-0.0,-0.0,-0.0,-0.0
2040-04-23 02:00:00,0.0,7.698020585038505,-0.0,49.51095859322691,-0.0,-0.0,-0.0,-0.0,-0.0
2040-04-23 03:00:00,24.8545548618735,4.081582859703429e-16,-0.0,42.61740953792353,-0.0,-5.454713524036654e-14,-0.0,-0.0,-0.0
2040-04-23 04:00:00,25.183343268721586,2.8730097361357575e-16,-0.0,42.43644823772553,-0.0,-0.0,-0.0,-0.0,-0.0
2040-04-23 05:00:00,24.764903265055857,5.27245630376902e-16,-0.0,42.11383889618226,-0.0,-0.0,-0.0,-0.0,-0.0
2040-04-23 06:00:00,23.775193818311365,2.9772337322663365e-16,-0.0,40.47725013561636,-0.0,-0.0,-0.0,-0.0,-0.0
2040-04-23 07:00:00,22.916870434826997,-1.696189147273097e-16,-0.0,40.10296450303812,-0.0,-0.0,-0.0,-0.0,-0.0
2040-04-23 08:00:00,22.344474862349823,4.2673661003115816e-16,-0.0,38.57262767535939,-0.0,-0.0,-0.0,-0.0,-0.0
2040-04-23 09:00:00,22.247152094805337,3.09033153920129e-16,-0.0,36.41908810825824,-0.0,-0.0,-0.0,-0.0,-0.0
2040-04-23 10:00:00,21.54707869490191,-5.147517870833185e-16,-0.0,37.53062489531965,-0.0,-0.0,-0.0,-0.0,-0.0
2040-04-23 11:00:00,20.714007931958182,2.019569109578628e-16,-0.0,35.994927635018335,-0.0,-0.0,-0.0,-0.0,-0.0
2040-04-23 12:00:00,20.67202182177896,4.3911524918613234e-16,-0.0,35.56002185143502,-0.0,-0.0,-0.0,-0.0,-0.0
2040-04-23 13:00:00,20.625688762451595,8.418681483452598e-17,-0.0,33.3642628046877,-0.0,-0.0,-0.0,-0.0,-0.0
2040-04-23 14:00:00,21.386177836730905,-2.7671330291379586e-16,-0.0,35.085337825293756,-0.0,-0.0,-0.0,-0.0,-0.0
2040-04-23 15:00:00,21.537302500223984,-2.7783185012045416e-16,-0.0,34.03392071507411,-0.0,-0.0,-0.0,-0.0,-0.0
2040-04-23 16:00:00,6.994002557185771,4.468911819434716,-0.0,40.42652781303963,-0.0,-0.0,-0.0,-0.0,-0.0
2040-04-23 17:00:00,0.0,6.611612257790829,-0.0,44.68146614104813,-0.0,-0.0,-0.0,-0.0,-0.0
2040-04-23 18:00:00,13.317282562689481,2.75019960352794,-0.0,38.715902518067175,-0.0,-0.0,-0.0,-0.0,-0.0
2040-04-23 19:00:00,12.972349370704066,3.0050659121365655,-0.0,42.20782101482697,-0.0,-0.0,-0.0,-0.0,-0.0
2040-04-23 20:00:00,23.730780139871595,4.164758897760646e-16,-0.0,41.079616294692464,-0.0,-0.0,-0.0,-0.0,-0.0
2040-04-23 21:00:00,23.83768905540243,-4.132819202077859e-16,-0.0,40.80939160818449,-0.0,-0.0,-0.0,-0.0,-0.0
2040-04-23 22:00:00,25.06960345317384,-4.2239991839960626e-16,-0.0,41.822870108175294,-0.0,-0.0,-0.0,-0.0,-0.0
2040-04-23 23:00:00,0.0,7.482067735726808,-0.0,49.87785716734774,-0.0,-0.0,-0.0,-0.0,-0.0
2040-04-24 00:00:00,0.0,7.635232903666201,-0.0,51.721325569493956,-0.0,-0.0,-0.0,-0.0,-0.0
2040-04-24 01:00:00,0.0,7.432716395841819,-0.0,51.83534706179202,-0.0,-0.0,-0.0,-0.0,-0.0
2040-04-24 02:00:00,0.0,7.586454158262317,-0.0,52.36183217968596,-0.0,-0.0,-0.0,-0.0,-0.0
2040-04-24 03:00:00,0.0,7.547089142741743,-0.0,50.53529612514963,-0.0,-0.0,-0.0,-0.0,-0.0
2040-04-24 04:00:00,0.0,7.453105216381268,-0.0,51.39104101330043,-0.0,-0.0,-0.0,-0.0,-0.0
2040-04-24 05:00:00,0.0,7.33468312842916,-0.0,48.017099806087415,-0.0,-0.0,-0.0,-0.0,-0.0
2040-04-24 06:00:00,0.0,7.376297112908503,-0.0,46.71467309534776,-0.0,-0.0,-0.0,-0.0,-0.0
2040-04-24 07:00:00,0.0,7.003685871788697,-0.0,45.47154339451477,-0.0,-0.0,-0.0,-0.0,-0.0
2040-04-24 08:00:00,0.0,6.772975928676069,-0.0,43.55408219767599,-0.0,-0.0,-0.0,-0.0,-0.0
2040-04-24 09:00:00,0.0,6.710952542172113,-0.0,42.8022213299936,-0.0,-0.0,-0.0,-0.0,-0.0
2040-04-24 10:00:00,21.932176365084846,-5.176020824177625e-16,-0.0,35.64366071980113,-0.0,-0.0,-0.0,-0.0,-0.0
2040-04-24 11:00:00,0.0,6.38634983983187,-0.0,41.920009470645915,-0.0,-0.0,-0.0,-0.0,-0.0
2040-04-24 12:00:00,20.925641830568768,2.003905054443384e-16,-0.0,35.23721669473295,-0.0,-0.0,-0.0,-0.0,-0.0
2040-04-24 13:00:00,21.020649723530486,-3.716027281094315e-17,-0.0,34.7403950402436,-0.0,-0.0,-0.0,-0.0,-0.0
2040-04-24 14:00:00,21.91386495973264,4.299237635546061e-16,-0.0,35.104819947537045,-0.0,-0.0,-0.0,-0.0,-0.0
2040-04-24 15:00:00,21.430897772893164,1.9665086024102355e-16,-0.0,33.94425146295885,-0.0,-0.0,-0.0,-0.0,-0.0
2040-04-24 16:00:00,21.16796790283426,-5.119458035484027e-16,-0.0,35.989399321410396,-0.0,-0.0,-0.0,-0.0,-0.0
2040-04-24 17:00:00,22.380005413619653,-5.20916683222958e-16,-0.0,38.304759969122195,-0.0,-0.0,-0.0,-0.0,-0.0
2040-04-24 18:00:00,22.533168297118795,4.253399980586507e-16,-0.0,37.52761094971427,-0.0,-0.0,-0.0,-0.0,-0.0
2040-04-24 19:00:00,23.974845212502565,5.939807747506972e-17,-0.0,39.21515025317949,-0.0,-0.0,-0.0,-0.0,-0.0
2040-04-24 20:00:00,24.155581136203725,4.1333173079598697e-16,-0.0,40.30843008024904,-0.0,-0.0,-0.0,-0.0,-0.0
2040-04-24 21:00:00,0.0,7.372933689534591,-0.0,49.35106905996688,-0.0,-0.0,-0.0,-0.0,-0.0
2040-04-24 22:00:00,25.15877189239044,5.243304169186063e-16,-0.0,42.70076542869659,-0.0,-0.0,-0.0,-0.0,-0.0
2040-04-24 23:00:00,25.32165156128695,-1.874178705658421e-16,-0.0,41.225227431409394,-0.0,-0.0,-0.0,-0.0,-0.0
2040-04-25 00:00:00,0.0,7.792347692305,-0.0,51.04194976046501,-0.0,-0.0,-0.0,-0.0,-0.0
2040-04-25 01:00:00,0.0,7.611656719651408,-0.0,50.85596672491802,-0.0,-0.0,-0.0,-0.0,-0.0
2040-04-25 02:00:00,0.0,7.722219180707087,-0.0,51.6507465800657,-0.0,-0.0,-0.0,-0.0,-0.0
2040-04-25 03:00:00,25.276787652897802,5.234569248213801e-16,-0.0,42.48800560585489,-0.0,-0.0,-0.0,-0.0,-0.0
2040-04-25 04:00:00,0.0,7.62231459939525,-0.0,49.427025941439396,-0.0,-0.0,-0.0,-0.0,-0.0
2040-04-25 05:00:00,25.225839231220025,-3.0513250615997025e-16,-0.0,41.66226303479228,-0.0,-0.0,-0.0,-0.0,-0.0
2040-04-25 06:00:00,23.815125804466383,-4.1311491860312196e-16,-0.0,40.72212275408202,-0.0,-0.0,-0.0,-0.0,-0.0
2040-04-25 07:00:00,0.0,7.086781924279659,-0.0,47.429909289235994,-0.0,-0.0,-0.0,-0.0,-0.0
2040-04-25 08:00:00,22.42957139168808,-4.0285975586353886e-16,-0.0,37.40767092559177,-0.0,-0.0,-0.0,-0.0,-0.0
2040-04-25 09:00:00,0.0,6.653794195491415,-0.0,45.34692973872754,-0.0,-0.0,-0.0,-0.0,-0.0
2040-04-25 10:00:00,0.0,6.565833327692938,-0.0,42.5501876732469,-0.0,-0.0,-0.0,-0.0,-0.0
2040-04-25 11:00:00,0.0,6.367270011754159,-0.0,42.68329830809911,-0.0,-0.0,-0.0,-0.0,-0.0
2040-04-25 12:00:00,21.1806651056077,8.007916473923144e-17,-0.0,34.825459690296476,-0.0,-0.0,-0.0,-0.0,-0.0
2040-04-25 13:00:00,20.710925257856314,2.0197972732963151e-16,-0.0,34.29891823078229,-0.0,-0.0,-0.0,-0.0,-0.0
2040-04-25 14:00:00,0.0,6.351507551679049,-0.0,41.515267438626765,-0.0,-0.0,-0.0,-0.0,1.5610025680741903e-14
2040-04-25 15:00:00,21.51614701167849,3.144436784161653e-16,-0.0,35.0247449913322,-0.0,-0.0,-0.0,-0.0,-0.0
2040-04-25 16:00:00,0.0,6.542279720802749,-0.0,43.01303951620197,-0.0,-0.0,-0.0,-0.0,-0.0
2040-04-25 17:00:00,21.923067481376727,3.1143186191849693e-16,-0.0,36.25580276036552,-0.0,-0.0,-0.0,-0.0,-0.0
2040-04-25 18:00:00,0.0,6.795977864828818,-0.0,43.870632321532504,-0.0,-0.0,-0.0,-0.0,-0.0
2040-04-25 19:00:00,23.307562618485875,-4.093581963662709e-16,-0.0,40.01139387854119,-0.0,-0.0,-0.0,-0.0,-0.0
2040-04-25 20:00:00,0.0,7.346294098482718,-0.0,45.910954360144046,-0.0,-0.0,-0.0,-0.0,-0.0
2040-04-25 21:00:00,0.0,7.151476935905815,-0.0,48.93386433454985,-0.0,-0.0,-0.0,-0.0,-0.0
2040-04-25 22:00:00,0.0,7.300112977880399,-0.0,48.9212560194007,-0.0,-0.0,-0.0,-0.0,-0.0
2040-04-25 23:00:00,0.0,7.564501128701875,-0.0,51.23045763417882,-0.0,-0.0,-0.0,-0.0,-0.0
2040-04-26 00:00:00,0.0,7.96760725852322,-0.0,51.48012432377142,-0.0,-0.0,-0.0,-0.0,-0.0
2040-04-26 01:00:00,0.0,7.635534856366633,-0.0,51.16729031342369,-0.0,-0.0,-0.0,-0.0,-0.0
2040-04-26 02:00:00,0.0,7.578165235633481,-0.0,51.14034952489345,-0.0,-0.0,-0.0,-0.0,-0.0
2040-04-26 03:00:00,25.961051755085663,4.469719590682384e-17,-0.0,42.85507638169998,-0.0,-0.0,-0.0,-0.0,-0.0
2040-04-26 04:00:00,24.84524597072291,-6.546797156779645e-17,-0.0,43.62310773935047,-0.0,-0.0,-0.0,-0.0,-0.0
2040-04-26 05:00:00,24.627122733771166,5.28265411164751e-16,-0.0,42.10687503632636,-0.0,-0.0,-0.0,-0.0,-0.0
2040-04-26 06:00:00,13.334712029784347,3.2779149791105135,-0.0,43.11462553562678,-0.0,-0.0,-0.0,-0.0,-0.0
2040-04-26 07:00:00,0.0,7.0964022624544185,-0.0,45.811840207661845,-0.0,-0.0,-0.0,-0.0,-0.0
2040-04-26 08:00:00,0.0,6.683443362348573,-0.0,46.02190179433252,-0.0,-0.0,-0.0,-0.0,-0.0
2040-04-26 09:00:00,0.0,6.779525116745984,-0.0,43.65982063342628,-0.0,-0.0,-0.0,-0.0,-0.0
2040-04-26 10:00:00,0.0,6.611557126659394,-0.0,43.221757154705806,-0.0,-0.0,-0.0,-0.0,-0.0
2040-04-26 11:00:00,0.0,6.501115947677999,-0.0,41.66529722790921,-0.0,-0.0,-0.0,-0.0,-0.0
2040-04-26 12:00:00,0.0,6.499564857226569,-0.0,41.17933543537502,-0.0,-0.0,-0.0,-0.0,-0.0
2040-04-26 13:00:00,0.0,6.270127677026313,-0.0,40.07526819567025,-0.0,-0.0,-0.0,-0.0,-0.0
2040-04-26 14:00:00,0.0,6.306650599412138,-0.0,41.844418432874185,-0.0,-0.0,-0.0,-0.0,-0.0
2040-04-26 15:00:00,0.0,6.345582652124949,-0.0,42.493120081856844,-0.0,-0.0,-0.0,-0.0,-0.0
2040-04-26 16:00:00,0.0,6.500943562390969,-0.0,41.6314160923409,-0.0,2.0713219479508232e-12,-0.0,-0.0,-0.0
2040-04-26 17:00:00,2.7589148522780014,5.769750787783654,-0.0,43.12868485727683,-0.0,-0.0,-0.0,-0.0,-0.0
2040-04-26 18:00:00,7.0386418452095025,4.971703953888516,-0.0,44.148209705724476,-0.0,-2.0692511438333594e-12,-0.0,-0.0,-0.0
2040-04-26 19:00:00,2.8671879035161636,6.302210830983124,-0.0,45.68609066268184,-0.0,5.4065625349642145e-14,-0.0,-0.0,-0.0
2040-04-26 20:00:00,16.1442704189628,2.33733593134243,-0.0,42.49328699520771,-0.0,-0.0,-0.0,-0.0,-0.0
2040-04-26 21:00:00,22.40334401213583,0.6386849351433888,-0.0,41.462446155956314,-0.0,-0.0,-0.0,-0.0,-0.0
2040-04-26 22:00:00,0.0,7.680972581110076,-0.0,51.2433884635077,-0.0,-0.0,-0.0,-0.0,-0.0
2040-04-26 23:00:00,25.770336160142588,-7.231501442212027e-17,-0.0,43.29984691799247,-0.0,-0.0,-0.0,-0.0,-0.0
2040-04-27 00:00:00,26.19383044820923,3.98245655355221e-16,-0.0,44.17647039135292,-0.0,-0.0,-0.0,-0.0,-0.0
2040-04-27 01:00:00,26.16179257604012,5.169065725375187e-16,-0.0,43.232733727512546,-0.0,-0.0,-0.0,-0.0,-0.0
2040-04-27 02:00:00,25.83893929087679,-3.0967035817750357e-16,-0.0,42.21600664263983,-0.0,-0.0,-0.0,-0.0,5.4976203335747574e-14
2040-04-27 03:00:00,0.0,7.684057849172805,-0.0,49.93660232051762,-0.0,-0.0,-0.0,-0.0,-0.0
2040-04-27 04:00:00,25.837114011550305,5.193096766568443e-16,-0.0,42.06401992709778,-0.0,-0.0,-0.0,-0.0,-0.0
2040-04-27 05:00:00,24.90899857728682,-6.593983564571059e-17,-0.0,41.79736963722912,-0.0,-0.0,-0.0,-0.0,-0.0
2040-04-27 06:00:00,0.0,7.352945952302433,-0.0,48.70882115730952,-0.0,-0.0,-0.0,-0.0,-0.0
2040-04-27 07:00:00,23.842549537954735,-5.80465271253382e-17,-0.0,39.507716458896425,-0.0,-0.0,-0.0,-0.0,-0.0
2040-04-27 08:00:00,0.0,7.036958769398834,-0.0,44.95221850173976,-0.0,-0.0,-0.0,-0.0,-0.0
2040-04-27 09:00:00,22.00115174852191,1.9243013295017645e-16,-0.0,37.182451200188176,-0.0,-0.0,-0.0,-0.0,-0.0
2040-04-27 10:00:00,0.0,6.494470640814506,-0.0,41.975867341926296,-0.0,-0.0,-0.0,-0.0,-0.0
2040-04-27 11:00:00,0.0,6.402808764324007,-0.0,41.66586685400031,-0.0,-0.0,-0.0,-0.0,-0.0
2040-04-27 12:00:00,21.606408537198643,-5.151909161297533e-16,-0.0,33.90093672493472,-0.0,-0.0,-0.0,-0.0,-0.0
2040-04-27 13:00:00,21.05325917323549,3.1786973665655463e-16,-0.0,34.747584957351876,-0.0,-0.0,-0.0,-0.0,-0.0
2040-04-27 14:00:00,0.0,6.53541332190798,-0.0,40.321414562069045,-0.0,-0.0,-0.0,-0.0,-0.0
2040-04-27 15:00:00,0.0,6.480739286086195,-0.0,41.2063726388732,-0.0,-0.0,-0.0,-0.0,-0.0
2040-04-27 16:00:00,22.13862210862541,-4.5434930696459716e-17,-0.0,35.848659724200175,-0.0,-0.0,-0.0,-0.0,-0.0
2040-04-27 17:00:00,22.61887724627592,-4.8989532773220514e-17,-0.0,37.1462904577174,-0.0,-0.0,-0.0,-0.0,-0.0
2040-04-27 18:00:00,0.0,7.108030127438394,-0.0,45.195969925236135,-0.0,-0.0,-0.0,-0.0,-5.897720707472945e-13
2040-04-27 19:00:00,0.0,7.2595741560802365,-0.0,46.64062643531796,-0.0,-0.0,-0.0,-0.0,-0.0
2040-04-27 20:00:00,24.208082499579792,-6.075201452704194e-17,-0.0,40.87759087900036,-0.0,-0.0,-0.0,-0.0,-0.0
2040-04-27 21:00:00,24.61119969883631,2.915356867114282e-16,-0.0,41.76236021485722,-0.0,-0.0,-0.0,-0.0,-0.0
2040-04-27 22:00:00,25.803807810127793,2.82708613481358e-16,-0.0,43.13627510525885,-0.0,-0.0,-0.0,-0.0,5.90396382519385e-13
2040-04-27 23:00:00,25.293719067397618,-1.8721112858016784e-16,-0.0,43.63458440839869,-0.0,-0.0,-0.0,-0.0,-0.0
2040-04-28 00:00:00,0.0,7.588511825107527,-0.0,49.02053163491899,-0.0,-0.0,-0.0,-0.0,-0.0
2040-04-28 01:00:00,0.0,7.656638383828653,-0.0,47.59655914076613,-0.0,-0.0,-0.0,-0.0,-0.0
2040-04-28 02:00:00,0.0,7.43217500618658,-0.0,49.797019286428835,-0.0,-0.0,-0.0,-0.0,-0.0
2040-04-28 03:00:00,24.995559129217284,-1.8500430172424371e-16,-0.0,40.720906036005864,-0.0,-0.0,-0.0,-0.0,-5.898271362931078e-13
2040-04-28 04:00:00,0.0,7.547070267621283,-0.0,47.05884577360736,-0.0,-0.0,-0.0,-0.0,-0.0
2040-04-28 05:00:00,0.0,7.169344085309429,-0.0,47.254768517231874,-0.0,-0.0,-0.0,-0.0,-0.0
2040-04-28 06:00:00,0.0,7.059927421850909,-0.0,45.39658690058362,-0.0,-0.0,-0.0,-0.0,-0.0
2040-04-28 07:00:00,0.0,6.765105765257445,-0.0,43.12062288430773,-0.0,-0.0,-0.0,-0.0,-0.0
2040-04-28 08:00:00,0.0,6.694273328625061,-0.0,42.291888276221826,-0.0,-0.0,-0.0,-0.0,-0.0
2040-04-28 09:00:00,0.0,6.639261126189531,-0.0,41.722530595511905,-0.0,-0.0,-0.0,-0.0,-0.0
2040-04-28 10:00:00,0.0,6.360258034734813,-0.0,40.129310399577186,-0.0,-0.0,-0.0,-0.0,-0.0
2040-04-28 11:00:00,21.41336376994479,4.336282165196378e-16,-0.0,33.92744458849405,-0.0,-0.0,-0.0,-0.0,-0.0
2040-04-28 12:00:00,20.872632561676895,3.192066421433038e-16,-0.0,32.76386060194408,-0.0,-0.0,-0.0,-0.0,-0.0
2040-04-28 13:00:00,0.0,6.416005431544643,-0.0,37.47657933759847,-0.0,-0.0,-0.0,-0.0,-0.0
2040-04-28 14:00:00,0.0,6.366932296832007,-0.0,39.79230196174128,-0.0,-0.0,-0.0,-0.0,-0.0
2040-04-28 15:00:00,20.76540799833297,2.0157647404348577e-16,-0.0,32.22162696249961,-0.0,-0.0,-0.0,-0.0,-0.0
2040-04-28 16:00:00,0.0,6.382520484498028,-0.0,38.71646150352914,-0.0,-0.0,-0.0,-0.0,-0.0
2040-04-28 17:00:00,0.0,6.562737665300652,-0.0,40.70303457432227,-0.0,-0.0,-0.0,-0.0,-0.0
2040-04-28 18:00:00,0.0,6.64256151624653,-0.0,42.770779222720776,-0.0,-0.0,-0.0,-0.0,-0.0
2040-04-28 19:00:00,0.0,6.869990739672275,-0.0,42.687876082184054,-0.0,-0.0,-0.0,-0.0,-0.0
2040-04-28 20:00:00,0.0,7.191068326847248,-0.0,44.69784696510044,-0.0,-0.0,-0.0,-0.0,-0.0
2040-04-28 21:00:00,0.0,7.050693245197443,-0.0,46.90702641425056,-0.0,-0.0,-0.0,-0.0,-0.0
2040-04-28 22:00:00,24.166788379567198,-2.972939552282779e-16,-0.0,41.12858762823472,-0.0,-0.0,-0.0,-0.0,-0.0
2040-04-28 23:00:00,24.961152345543205,-1.8474964036798866e-16,-0.0,41.390741114796185,-0.0,-0.0,-0.0,-0.0,-0.0
2040-04-29 00:00:00,25.320786005593764,-3.0583525346012766e-16,-0.0,40.76807378595861,-0.0,-0.0,-0.0,-0.0,-0.0
2040-04-29 01:00:00,25.727438283250905,-4.272688742312858e-16,-0.0,41.50802806016776,-0.0,-3.937209952999901e-14,-0.0,-0.0,5.431973752731532e-13
2040-04-29 02:00:00,0.0,7.7040126982826855,-0.0,49.838010359350505,-0.0,-0.0,-0.0,-0.0,-0.0
2040-04-29 03:00:00,25.020494004452587,-1.851888568749263e-16,-0.0,40.7368344789659,-0.0,-0.0,-0.0,-0.0,-0.0
2040-04-29 04:00:00,0.0,7.356554236278606,-0.0,48.09984034775833,-0.0,-0.0,-0.0,-0.0,-0.0
2040-04-29 05:00:00,23.800570538642827,4.1595933705864064e-16,-0.0,39.29596031249793,-0.0,-0.0,-0.0,-0.0,-0.0
2040-04-29 06:00:00,0.0,7.035469420888101,-0.0,43.52935470089167,-0.0,-0.0,-0.0,-0.0,-0.0
2040-04-29 07:00:00,0.0,6.9439506630419485,-0.0,43.33569155404976,-0.0,-0.0,-0.0,-0.0,-0.0
2040-04-29 08:00:00,0.0,6.787849608377219,-0.0,43.178748909128764,-0.0,-0.0,-0.0,-0.0,-5.492619676914329e-13
2040-04-29 09:00:00,0.0,6.358965675051497,-0.0,40.78720979369629,-0.0,-0.0,-0.0,-0.0,-0.0
2040-04-29 10:00:00,0.0,6.402639580426193,-0.0,39.54658952640402,-0.0,-0.0,-0.0,-0.0,-0.0
2040-04-29 11:00:00,0.0,6.399856654573001,-0.0,39.9296816038945,-0.0,-0.0,-0.0,-0.0,-0.0
2040-04-29 12:00:00,0.0,6.144909728618995,-0.0,38.40365297642683,-0.0,-0.0,-0.0,-0.0,-0.0
2040-04-29 13:00:00,0.0,6.403725406911165,-0.0,39.69708666677575,-0.0,-0.0,-0.0,-0.0,-0.0
2040-04-29 14:00:00,0.0,6.19733799837281,-0.0,38.37448237206063,-0.0,-0.0,-0.0,-0.0,-0.0
2040-04-29 15:00:00,0.0,6.330322983228691,-0.0,39.78905640597287,-0.0,-0.0,-0.0,-0.0,-0.0
2040-04-29 16:00:00,0.0,6.523890483693932,-0.0,39.95952644535502,-0.0,-0.0,-0.0,-0.0,-0.0
2040-04-29 17:00:00,0.0,6.530284617698215,-0.0,41.94971484264524,-0.0,-0.0,-0.0,-0.0,-0.0
2040-04-29 18:00:00,0.0,6.66962299711328,-0.0,42.015190873860355,-0.0,-0.0,-0.0,-0.0,-0.0
2040-04-29 19:00:00,0.0,6.884356888543315,-0.0,43.89305809405866,-0.0,-0.0,-0.0,-0.0,-0.0
2040-04-29 20:00:00,0.0,6.969560898637268,-0.0,44.69665978822466,-0.0,-0.0,-0.0,-0.0,-0.0
2040-04-29 21:00:00,0.0,7.585497794156819,-0.0,47.0978282543676,-0.0,-0.0,-0.0,-0.0,-0.0
2040-04-29 22:00:00,0.0,7.285184501515523,-0.0,47.357064062457205,-0.0,-0.0,-0.0,-0.0,-0.0
2040-04-29 23:00:00,0.0,7.500378829247357,-0.0,48.80503835755238,-0.0,-0.0,-0.0,-0.0,-0.0
2040-04-30 00:00:00,0.0,7.8296976488256576,-0.0,51.72529663026983,-0.0,-0.0,-0.0,-0.0,-0.0
2040-04-30 01:00:00,0.0,7.826379675455573,-0.0,51.627550942982886,-0.0,-0.0,-0.0,-0.0,-0.0
2040-04-30 02:00:00,26.837871741319475,3.82074243257019e-17,-0.0,44.9881253119979,-0.0,-0.0,-0.0,-0.0,-0.0
2040-04-30 03:00:00,25.803015755006776,4.5866897280205465e-17,-0.0,43.9185565189917,-0.0,-0.0,-0.0,-0.0,-0.0
2040-04-30 04:00:00,0.0,7.8537066804305065,-0.0,51.73303969046213,-0.0,-0.0,-0.0,-0.0,-0.0
2040-04-30 05:00:00,24.97349271444433,4.072779690208522e-16,-0.0,41.051648407051935,-0.0,-0.0,-0.0,-0.0,-0.0
2040-04-30 06:00:00,25.012645061072924,5.254119727362344e-16,-0.0,41.878833876581425,-0.0,-0.0,-0.0,-0.0,5.432517004431976e-13
2040-04-30 07:00:00,0.0,7.241617266840017,-0.0,46.699452664867074,-0.0,-0.0,-0.0,-0.0,-0.0
2040-04-30 08:00:00,23.888538474508348,-5.32082070807004e-16,-0.0,38.027517643213486,-0.0,-0.0,-0.0,-0.0,-0.0
2040-04-30 09:00:00,22.62843887116052,-1.674840923072353e-16,-0.0,36.27728888209165,-0.0,-0.0,-0.0,-0.0,-0.0
2040-04-30 10:00:00,0.0,6.74132883822736,-0.0,41.91556937331652,-0.0,-0.0,-0.0,-0.0,-0.0
2040-04-30 11:00:00,21.895305622530802,1.9321355165779446e-16,-0.0,35.48696197782313,-0.0,-0.0,-0.0,-0.0,-0.0
2040-04-30 12:00:00,21.504693351657423,7.768087394327606e-17,-0.0,35.36748396180044,-0.0,-0.0,-0.0,-0.0,-0.0
2040-04-30 13:00:00,0.0,6.352691993644993,-0.0,41.13012296617227,-0.0,-0.0,-0.0,-0.0,-0.0
2040-04-30 14:00:00,0.0,6.5478949753403874,-0.0,41.87297245922329,-0.0,-0.0,-0.0,-0.0,-0.0
2040-04-30 15:00:00,22.23739254002387,3.0910538913631884e-16,-0.0,34.580280683050745,-0.0,5.39845674540785e-14,-0.0,-0.0,-0.0
2040-04-30 16:00:00,22.361799072925784,3.0818459582137555e-16,-0.0,36.18299267497322,-0.0,-0.0,-0.0,-0.0,-0.0
2040-04-30 17:00:00,22.687466009978166,3.057741762755442e-16,-0.0,36.87660934739655,-0.0,-0.0,-0.0,-0.0,-0.0
2040-04-30 18:00:00,0.0,7.196574343916747,-0.0,46.387313515181894,-0.0,-0.0,-0.0,-0.0,-0.0
2040-04-30 19:00:00,24.137256939611266,-6.022780007764843e-17,-0.0,38.479608353129976,-0.0,-0.0,-0.0,-0.0,-0.0
2040-04-30 20:00:00,24.543437086818702,4.1046102008524947e-16,-0.0,39.66240039321228,-0.0,-0.0,-0.0,-0.0,-0.0
2040-04-30 21:00:00,25.540412288799814,-1.8903702520963232e-16,-0.0,41.81359055993635,-0.0,-0.0,-0.0,-0.0,-0.0
2040-04-30 22:00:00,26.463312903830808,-3.1429165125130317e-16,-0.0,42.82292394144947,-0.0,-0.0,-0.0,-0.0,-5.437921328148464e-13
2040-04-30 23:00:00,0.0,7.885742339480754,-0.0,51.130017061889916,-0.0,-0.0,-0.0,-0.0,-0.0
2040-05-01 00:00:00,26.149776871706646,-3.1197101843854414e-16,-0.0,44.200572617230144,-0.0,-0.0,-0.0,-0.0,5.986886679415028e-13
2040-05-01 01:00:00,27.136546989689506,5.0969194058159505e-16,-0.0,44.638638816986635,-0.0,-5.821983683667668e-13,-0.0,-0.0,-5.940799677211907e-13
2040-05-01 02:00:00,25.856375454076957,-3.0979941170980985e-16,-0.0,43.61467525800051,-0.0,-0.0,-0.0,-0.0,-0.0
2040-05-01 03:00:00,19.211863315974966,2.2274857850771035,-0.0,47.28141910093176,-0.0,-0.0,-0.0,-0.0,-0.0
2040-05-01 04:00:00,0.0,7.695875124881721,-0.0,49.497796871111476,-0.0,-0.0,-0.0,-0.0,-0.0
2040-05-01 05:00:00,0.0,7.6478697727085425,-0.0,50.1326390050952,-0.0,-0.0,-0.0,-0.0,-0.0
2040-05-01 06:00:00,0.0,7.412864189680378,-0.0,46.01339339849812,-0.0,-0.0,-0.0,-0.0,-0.0
2040-05-01 07:00:00,0.0,7.335002607172978,-0.0,47.548423331047246,-0.0,-0.0,-0.0,-0.0,-0.0
2040-05-01 08:00:00,0.0,7.084564691112944,-0.0,44.60086075815274,-0.0,-0.0,-0.0,-0.0,-0.0
2040-05-01 09:00:00,0.0,7.150373335731747,-0.0,44.39520717904197,-0.0,-0.0,-0.0,-0.0,-0.0
2040-05-01 10:00:00,0.0,6.807308091062922,-0.0,42.9420923615987,-0.0,-0.0,-0.0,-0.0,-0.0
2040-05-01 11:00:00,0.0,6.77362169009647,-0.0,41.55635679652943,-0.0,-0.0,-0.0,-0.0,-0.0
2040-05-01 12:00:00,0.0,6.607189162771523,-0.0,41.31192703714948,-0.0,-0.0,-0.0,-0.0,-0.0
2040-05-01 13:00:00,0.0,6.498427369014435,-0.0,40.84373057951802,-0.0,-0.0,-0.0,-0.0,-0.0
2040-05-01 14:00:00,0.0,6.507699843411468,-0.0,41.104030639445114,-0.0,-0.0,-0.0,-0.0,-0.0
2040-05-01 15:00:00,0.0,6.620978941514302,-0.0,42.515104380304415,-0.0,-0.0,-0.0,-0.0,-0.0
2040-05-01 16:00:00,0.0,6.792258929422907,-0.0,41.72840134643367,-0.0,-0.0,-0.0,-0.0,-0.0
2040-05-01 17:00:00,0.0,6.849931714135411,-0.0,44.37277298535395,-0.0,-0.0,-0.0,-0.0,-0.0
2040-05-01 18:00:00,0.0,7.157020043753183,-0.0,44.81086199912065,-0.0,-0.0,-0.0,-0.0,-0.0
2040-05-01 19:00:00,0.0,7.409812644926196,-0.0,47.430429109548236,-0.0,-0.0,-0.0,-0.0,-0.0
2040-05-01 20:00:00,0.0,7.489392106726194,-0.0,48.40361687800335,-0.0,-0.0,-0.0,-0.0,-0.0
2040-05-01 21:00:00,0.0,7.555864080415449,-0.0,49.898185113609536,-0.0,-0.0,-0.0,-0.0,-0.0
2040-05-01 22:00:00,0.0,7.79858486283629,-0.0,50.53362660838909,-0.0,-0.0,-0.0,-0.0,-0.0
2040-05-01 23:00:00,0.0,7.822031824538946,-0.0,51.67548206447291,-0.0,-0.0,-0.0,-0.0,-0.0
2040-05-02 00:00:00,0.0,7.95072067715316,-0.0,51.84301862325023,-0.0,-0.0,-0.0,-0.0,-0.0
2040-05-02 01:00:00,0.0,7.990735676272423,-0.0,52.28927834034747,-0.0,-0.0,-0.0,-0.0,-0.0
2040-05-02 02:00:00,7.606051059289196,5.674268378815692,-0.0,50.232020738224655,-0.0,-0.0,-0.0,-0.0,-0.0
2040-05-02 03:00:00,23.682201028047984,0.8780145359425094,-0.0,45.530230637833185,-0.0,-0.0,-0.0,-0.0,-0.0
2040-05-02 04:00:00,25.95653965880677,2.815781707147116e-16,-0.0,43.33948534116746,-0.0,-0.0,-0.0,-0.0,-0.0
2040-05-02 05:00:00,25.840011889972498,1.6401686016781492e-16,-0.0,41.595828613906136,-0.0,5.320817001292464e-13,-0.0,-4.780971326751679e-13,-0.0
2040-05-02 06:00:00,24.73676218782831,-1.8308881957069302e-16,-0.0,39.560765152488344,-0.0,-0.0,-0.0,-0.0,-0.0
2040-05-02 07:00:00,0.0,7.482781180654382,-0.0,46.75622786701776,-0.0,-0.0,-0.0,-0.0,-4.687136029132754e-13
2040-05-02 08:00:00,0.0,6.863197183329057,-0.0,45.230148158479956,-0.0,-0.0,-0.0,-0.0,-0.0
2040-05-02 09:00:00,23.251411986468344,4.2002392685060014e-16,-0.0,36.98329738562999,-0.0,-0.0,-0.0,-0.0,-0.0
2040-05-02 10:00:00,23.076236612347294,6.604911719519347e-17,-0.0,36.975495290485334,-0.0,-0.0,-0.0,-0.0,-0.0
2040-05-02 11:00:00,22.419212426354783,7.091207305535672e-17,-0.0,36.255580472594716,-0.0,-0.0,-0.0,-0.0,-0.0
2040-05-02 12:00:00,21.457348065814255,-5.140876470138038e-16,-0.0,35.15133624346826,-0.0,-0.0,-0.0,-0.0,-0.0
2040-05-02 13:00:00,21.642166981526707,-3.9703179249118856e-16,-0.0,34.047797773105096,-0.0,-0.0,-0.0,-0.0,-0.0
2040-05-02 14:00:00,22.216753778976887,-4.0128458910568737e-16,-0.0,35.124011778822464,-0.0,-0.0,-0.0,-0.0,4.671542034056748e-13
2040-05-02 15:00:00,22.330995689250265,-4.0213014910010516e-16,-0.0,35.13339764078192,-0.0,-0.0,-0.0,-0.0,-0.0
2040-05-02 16:00:00,22.371562702576856,-4.715903743495809e-17,-0.0,34.95278807223437,-0.0,-0.0,-5.454713524036654e-14,-0.0,-0.0
2040-05-02 17:00:00,23.202077327804716,6.511770879695259e-17,-0.0,36.965501091183874,-0.0,-0.0,-0.0,-0.0,-0.0
2040-05-02 18:00:00,23.84092383839522,-4.1330586241150766e-16,-0.0,37.893152824619634,-0.0,-0.0,-0.0,-0.0,-0.0
2040-05-02 19:00:00,23.296069588757543,-5.400176297804014e-17,-0.0,39.884910974308056,-0.0,-0.0,-0.0,-0.0,-0.0
2040-05-02 20:00:00,25.36678435003434,-3.061757096007448e-16,-0.0,39.241151356200795,-0.0,-0.0,-0.0,-0.0,-0.0
2040-05-02 21:00:00,25.6049515152254,5.210280243160067e-16,-0.0,40.48572912665778,-0.0,-0.0,-0.0,-0.0,-0.0
2040-05-02 22:00:00,26.49555848058765,1.5916484071037851e-16,-0.0,43.01455957498292,-0.0,-0.0,-0.0,-0.0,-0.0
2040-05-02 23:00:00,26.34161553766574,-4.3181469909163525e-16,-0.0,44.902450006888145,-0.0,-0.0,-0.0,-0.0,-0.0
2040-05-03 00:00:00,27.25337720378843,-8.329172317625184e-17,-0.0,44.30600309083917,-0.0,-0.0,-0.0,-0.0,-0.0
2040-05-03 01:00:00,26.62171101809527,-1.9704024351471057e-16,-0.0,44.446815472585854,-0.0,-0.0,-0.0,-0.0,8.847892404847913e-14
2040-05-03 02:00:00,26.742179142923472,3.9418705971258833e-16,-0.0,44.375559358382354,-0.0,-0.0,-0.0,-0.0,-0.0
2040-05-03 03:00:00,26.255858069173307,5.162103480288575e-16,-0.0,43.27723428408607,-0.0,-0.0,-0.0,-0.0,-0.0
2040-05-03 04:00:00,26.17815970147159,-3.121810935792712e-16,-0.0,33.018470329791086,-0.0,-0.0,-0.0,-0.0,-0.0
2040-05-03 05:00:00,0.0,7.643013316875932,-0.0,49.48267125403948,-0.0,-0.0,-0.0,-0.0,-0.0
2040-05-03 06:00:00,0.0,7.622992997064227,-0.0,48.12052527092422,-0.0,-0.0,-0.0,-0.0,-0.0
2040-05-03 07:00:00,0.0,7.355843721186936,-0.0,45.9998606063929,-0.0,-0.0,-0.0,-0.0,-0.0
2040-05-03 08:00:00,0.0,7.378340786210735,-0.0,47.19267640215095,-0.0,-0.0,-0.0,-0.0,-0.0
2040-05-03 09:00:00,23.181894298704567,-5.268518532457065e-16,-0.0,36.45076304617696,-0.0,-0.0,-0.0,-0.0,-0.0
2040-05-03 10:00:00,22.581034819980264,-5.224045997267465e-16,-0.0,36.734493297411575,-0.0,-0.0,-0.0,-0.0,-0.0
2040-05-03 11:00:00,0.0,6.801577061474539,-0.0,43.87300183824282,-0.0,-0.0,-0.0,-0.0,-0.0
2040-05-03 12:00:00,0.0,6.765504796672978,-0.0,41.741512667706154,-0.0,-0.0,-0.0,-0.0,-0.0
2040-05-03 13:00:00,0.0,6.522180180540708,-0.0,41.12500573229811,-0.0,-0.0,-0.0,-0.0,-0.0
2040-05-03 14:00:00,22.382594868561114,-4.0251205974625626e-16,-0.0,34.62680257788091,-0.0,-0.0,-0.0,-0.0,-0.0
2040-05-03 15:00:00,22.285290627525633,-4.017918636876478e-16,-0.0,35.99007747930628,-0.0,-0.0,-0.0,-0.0,-0.0
2040-05-03 16:00:00,22.523674387478923,-2.851324686542768e-16,-0.0,36.40878304016685,-0.0,-0.0,-0.0,-0.0,-0.0
2040-05-03 17:00:00,23.42267947647869,-1.7336265368801167e-16,-0.0,37.34513603836561,-0.0,-0.0,-0.0,-0.0,-0.0
2040-05-03 18:00:00,0.0,7.089454714610016,-0.0,43.70879288076652,-0.0,-0.0,-0.0,-0.0,-0.0
2040-05-03 19:00:00,0.0,7.310860337157038,-0.0,47.134401442234825,-0.0,-0.0,-0.0,-0.0,-0.0
2040-05-03 20:00:00,0.0,7.537520125465941,-0.0,48.16392202130554,-0.0,-0.0,-0.0,-0.0,-0.0
2040-05-03 21:00:00,25.742586837216354,1.6473795041278287e-16,-0.0,42.449241046672746,-0.0,-0.0,-0.0,-0.0,-0.0
2040-05-03 22:00:00,0.0,7.839953736284794,-0.0,49.7797148550558,-0.0,-0.0,-0.0,-0.0,-0.0
2040-05-03 23:00:00,0.0,7.9755013938235075,-0.0,51.61826757490267,-0.0,-0.0,-0.0,-0.0,-0.0
2040-05-04 00:00:00,0.0,8.145872567943409,-0.0,52.55168978037628,-0.0,-0.0,-0.0,-0.0,-0.0
2040-05-04 01:00:00,0.0,8.15540606768669,-0.0,52.89516394219642,-0.0,-0.0,-0.0,-0.0,-0.0
2040-05-04 02:00:00,0.0,8.373415584503151,-0.0,53.16434778252182,-0.0,-0.0,-0.0,-0.0,-0.0
2040-05-04 03:00:00,0.0,8.075095039923811,-0.0,50.917074487963674,-0.0,-0.0,-0.0,-0.0,-0.0
2040-05-04 04:00:00,26.219559834253207,1.61207641056551e-16,-0.0,43.77410011707224,-0.0,-0.0,-0.0,-0.0,-0.0
2040-05-04 05:00:00,0.0,7.684598037200826,-0.0,50.2618557942339,-0.0,-0.0,-0.0,-0.0,-0.0
2040-05-04 06:00:00,25.470097588827585,-1.8851659188377379e-16,-0.0,39.9156310933714,-0.0,-0.0,-0.0,-0.0,-0.0
2040-05-04 07:00:00,24.772869132511467,2.903390925271331e-16,-0.0,39.6928868635768,-0.0,-0.0,-0.0,-0.0,-0.0
2040-05-04 08:00:00,0.0,7.318890368726933,-0.0,45.868925877040546,-0.0,-0.0,-0.0,-0.0,-0.0
2040-05-04 09:00:00,0.0,7.1765276869566526,-0.0,44.42471072511089,-0.0,-0.0,-0.0,-0.0,-0.0
2040-05-04 10:00:00,0.0,6.7466863383108695,-0.0,41.68642868866176,-0.0,-0.0,-0.0,-0.0,-0.0
2040-05-04 11:00:00,22.214607001202776,-5.196924890516136e-16,-0.0,35.69718090017072,-0.0,-0.0,-0.0,-0.0,-0.0
2040-05-04 12:00:00,22.104500505012687,-1.6360616939002325e-16,-0.0,35.81162510104805,-0.0,-0.0,-0.0,-0.0,-0.0
2040-05-04 13:00:00,21.8400349653432,-1.6164873118095002e-16,-0.0,33.81017514937284,-0.0,-0.0,-0.0,-0.0,-0.0
2040-05-04 14:00:00,0.0,6.593059578435347,-0.0,41.94224011355785,-0.0,-0.0,-0.0,-0.0,-0.0
2040-05-04 15:00:00,22.422817675050666,7.088538885461226e-17,-0.0,36.8897693826319,-0.0,-0.0,-0.0,-0.0,-0.0
2040-05-04 16:00:00,23.48180351757737,-1.7380025949958925e-16,-0.0,36.024695596979996,-0.0,-0.0,-0.0,-0.0,-0.0
2040-05-04 17:00:00,0.0,7.220828935021249,-0.0,45.61598781618366,-0.0,-0.0,-0.0,-0.0,-0.0
2040-05-04 18:00:00,0.0,7.262073980940268,-0.0,47.504279028608785,-0.0,-0.0,-0.0,-0.0,-0.0
2040-05-04 19:00:00,0.0,7.415148936268611,-0.0,47.209406375600906,-0.0,-0.0,-0.0,-0.0,-0.0
2040-05-04 20:00:00,0.0,7.334796114231255,-0.0,49.13969840143045,-0.0,-0.0,-0.0,-0.0,-0.0
2040-05-04 21:00:00,25.210874301721944,-1.865979541380158e-16,-0.0,43.214331739067624,-0.0,-0.0,-0.0,-0.0,-0.0
2040-05-04 22:00:00,25.901509213636174,2.819854778299367e-16,-0.0,42.63555215469967,-0.0,-0.0,-0.0,-0.0,-0.0
2040-05-04 23:00:00,0.0,7.8088546019248035,-0.0,51.93008959571357,-0.0,-0.0,-0.0,-0.0,-0.0
2040-05-05 00:00:00,26.10488278365265,2.8048021102972e-16,-0.0,42.554829573112386,-0.0,-0.0,-0.0,-0.0,-0.0
2040-05-05 01:00:00,26.490062030644463,1.5920552261224936e-16,-0.0,42.586387305246106,-0.0,-0.0,-0.0,-0.0,-0.0
2040-05-05 02:00:00,16.47923312608325,2.940435375560397,-0.0,44.67342810415093,-0.0,-0.0,-0.0,-0.0,-0.0
2040-05-05 03:00:00,0.0,7.7464800674647165,-0.0,48.67631168495017,-0.0,-0.0,-0.0,-0.0,-0.0
2040-05-05 04:00:00,0.0,7.585123449833181,-0.0,49.287792878599674,-0.0,-0.0,-0.0,-0.0,-0.0
2040-05-05 05:00:00,0.0,7.413557387587893,-0.0,48.813760567499884,-0.0,-0.0,-0.0,-0.0,-0.0
2040-05-05 06:00:00,0.0,7.368546968292617,-0.0,46.5051930952598,-0.0,-0.0,-0.0,-0.0,-0.0
2040-05-05 07:00:00,0.0,7.154093798699043,-0.0,45.094482907419504,-0.0,-0.0,-0.0,-0.0,-0.0
2040-05-05 08:00:00,0.0,6.9655861812135464,-0.0,42.522114522037604,-0.0,-0.0,-0.0,-0.0,-0.0
2040-05-05 09:00:00,0.0,6.8783456006852965,-0.0,41.388282097699474,-0.0,-0.0,-0.0,-0.0,-0.0
2040-05-05 10:00:00,0.0,6.595074022976416,-0.0,40.452914529380976,-0.0,-0.0,-0.0,-0.0,-0.0
2040-05-05 11:00:00,0.0,6.550276796933855,-0.0,40.47364869760279,-0.0,-0.0,-0.0,-0.0,-0.0
2040-05-05 12:00:00,0.0,6.297347039683319,-0.0,39.930451933450776,-0.0,-0.0,-0.0,-0.0,-0.0
2040-05-05 13:00:00,0.0,6.377631619090295,-0.0,39.444038387538775,-0.0,-0.0,-0.0,-0.0,-0.0
2040-05-05 14:00:00,0.0,6.51812538903762,-0.0,39.31299155938178,-0.0,-0.0,-0.0,-0.0,-0.0
2040-05-05 15:00:00,0.0,6.510491043463618,-0.0,40.01728897979528,-0.0,-0.0,-0.0,-0.0,-0.0
2040-05-05 16:00:00,0.0,6.739429721614957,-0.0,41.28444272261896,-0.0,-0.0,-0.0,-0.0,-0.0
2040-05-05 17:00:00,0.0,6.998231560595123,-0.0,41.948990472994296,-0.0,-0.0,-0.0,-0.0,-0.0
2040-05-05 18:00:00,0.0,6.939760465079167,-0.0,42.689784743402285,-0.0,-0.0,-0.0,-0.0,-0.0
2040-05-05 19:00:00,0.0,7.002708199791178,-0.0,45.84896387725794,-0.0,-0.0,-0.0,-0.0,-0.0
2040-05-05 20:00:00,0.0,7.321829799947815,-0.0,45.07813213490773,-0.0,-0.0,-0.0,-0.0,-0.0
2040-05-05 21:00:00,0.0,7.324310382297946,-0.0,46.888516008043936,-0.0,-0.0,-0.0,-0.0,-0.0
2040-05-05 22:00:00,0.0,7.686305601588639,-0.0,49.52836042397492,-0.0,-0.0,-0.0,-0.0,-0.0
2040-05-05 23:00:00,0.0,7.768004369982197,-0.0,49.07720652298279,-0.0,-0.0,-0.0,-0.0,-0.0
2040-05-06 00:00:00,0.0,7.853510623930291,-0.0,50.74391039960696,-0.0,-0.0,-0.0,-0.0,-0.0
2040-05-06 01:00:00,0.0,7.8066239513222335,-0.0,50.31654703308406,-0.0,-0.0,-0.0,-0.0,-5.508629332048827e-14
2040-05-06 02:00:00,0.0,7.777558587890261,-0.0,49.02064566068744,-0.0,-0.0,-0.0,-0.0,5.508078469115622e-14
2040-05-06 03:00:00,0.0,7.63153932332401,-0.0,48.79365193678897,-0.0,-0.0,-0.0,-0.0,-0.0
2040-05-06 04:00:00,0.0,7.829260844427132,-0.0,47.67793197337439,-0.0,-0.0,-0.0,-0.0,-0.0
2040-05-06 05:00:00,0.0,7.586540742967512,-0.0,47.61409136445774,-0.0,-0.0,-0.0,-0.0,-0.0
2040-05-06 06:00:00,0.0,7.291508630250651,-0.0,46.421938085965,-0.0,-0.0,-0.0,-0.0,-0.0
2040-05-06 07:00:00,0.0,7.105333412006293,-0.0,44.04002442655526,-0.0,-0.0,-0.0,-0.0,-0.0
2040-05-06 08:00:00,0.0,7.054232273865235,-0.0,43.788982094845665,-0.0,-0.0,-0.0,-0.0,-0.0
2040-05-06 09:00:00,0.0,6.794563750715919,-0.0,41.67260743209376,-0.0,-0.0,-0.0,-0.0,-0.0
2040-05-06 10:00:00,0.0,6.544664588982656,-0.0,38.88776391872638,-0.0,-0.0,-0.0,-0.0,-0.0
2040-05-06 11:00:00,0.0,6.538649017242856,-0.0,38.6877710808919,-0.0,-0.0,-0.0,5.39845674540785e-14,-0.0
2040-05-06 12:00:00,0.0,6.4179055282271795,-0.0,39.911752702166886,-0.0,-0.0,-0.0,-0.0,-0.0
2040-05-06 13:00:00,0.0,6.555851936653734,-0.0,40.40992297950528,-0.0,-0.0,-0.0,-0.0,-0.0
2040-05-06 14:00:00,0.0,6.577225954540822,-0.0,40.92148666969673,-0.0,5.402234477463753e-14,-0.0,-5.3968373703325316e-14,-0.0
2040-05-06 15:00:00,0.0,6.38235411942964,-0.0,39.169217957597894,-0.0,-0.0,-0.0,-0.0,-0.0
2040-05-06 16:00:00,0.0,6.639503348383823,-0.0,41.407154518050305,-0.0,-0.0,-0.0,-0.0,-0.0
2040-05-06 17:00:00,0.0,6.939948877332515,-0.0,42.079540857374994,-0.0,-0.0,-0.0,-0.0,-0.0
2040-05-06 18:00:00,0.0,6.874350596219063,-0.0,43.095685656008484,-0.0,-0.0,-0.0,-0.0,-0.0
2040-05-06 19:00:00,0.0,7.310464153527671,-0.0,43.40899986365379,-0.0,-0.0,-0.0,-0.0,-0.0
2040-05-06 20:00:00,0.0,7.4559398575532425,-0.0,46.68964526130016,-0.0,-0.0,-0.0,-0.0,-0.0
2040-05-06 21:00:00,0.0,7.617174952563004,-0.0,47.27536910021657,-0.0,-0.0,-0.0,-0.0,-0.0
2040-05-06 22:00:00,0.0,7.733620919374011,-0.0,48.35903872475455,-0.0,-0.0,-0.0,-0.0,-0.0
2040-05-06 23:00:00,0.0,7.887777282858582,-0.0,49.94031676082635,-0.0,-0.0,-0.0,-0.0,-0.0
2040-05-07 00:00:00,0.0,8.111467007390328,-0.0,52.87962969879922,-0.0,-0.0,-0.0,-0.0,-0.0
2040-05-07 01:00:00,0.0,8.278509476556815,-0.0,51.86708283749109,-0.0,-0.0,-0.0,-0.0,-0.0
2040-05-07 02:00:00,0.0,8.357704321684595,-0.0,54.30514901774148,-0.0,-0.0,-0.0,-0.0,-0.0
2040-05-07 03:00:00,0.0,8.314925899470703,-0.0,50.786185614976425,-0.0,-0.0,-0.0,-0.0,-0.0
2040-05-07 04:00:00,0.0,8.153634836248441,-0.0,51.39319346367088,-0.0,-0.0,-0.0,-0.0,-0.0
2040-05-07 05:00:00,0.0,8.039793968244973,-0.0,49.97862266430735,-0.0,-0.0,-0.0,-0.0,-0.0
2040-05-07 06:00:00,0.0,7.728716819696377,-0.0,50.14575533223584,-0.0,-0.0,-0.0,-0.0,-0.0
2040-05-07 07:00:00,0.0,7.605129888582435,-0.0,46.86647996567251,-0.0,-5.411591135926427e-14,-0.0,-0.0,-0.0
2040-05-07 08:00:00,0.0,7.394558857899232,-0.0,44.8262665085239,-0.0,-0.0,-0.0,-0.0,-0.0
2040-05-07 09:00:00,0.0,7.089368137265332,-0.0,44.890104557810474,-0.0,-0.0,-0.0,-0.0,-0.0
2040-05-07 10:00:00,0.0,7.030792996438137,-0.0,42.64333385237015,-0.0,-0.0,-0.0,-0.0,-0.0
2040-05-07 11:00:00,0.0,6.773009139616909,-0.0,40.77805190967173,-0.0,-0.0,-0.0,-0.0,-0.0
2040-05-07 12:00:00,0.0,6.9027780229589055,-0.0,41.3661454977994,-0.0,-0.0,-0.0,-0.0,-0.0
2040-05-07 13:00:00,0.0,6.8828712111199755,-0.0,41.91826407701698,-0.0,-0.0,-0.0,-0.0,-0.0
2040-05-07 14:00:00,0.0,6.903418728782847,-0.0,41.47461764279923,-0.0,-0.0,-0.0,-0.0,-0.0
2040-05-07 15:00:00,0.0,6.849935996382506,-0.0,43.812614426677364,-0.0,-0.0,-0.0,-0.0,-0.0
2040-05-07 16:00:00,0.0,6.968165689621884,-0.0,42.68840629428898,-0.0,-0.0,-0.0,-0.0,-0.0
2040-05-07 17:00:00,0.0,7.156426508683434,-0.0,44.04304650803352,-0.0,-0.0,-0.0,-0.0,-0.0
2040-05-07 18:00:00,0.0,7.271079158800468,-0.0,45.43668841822928,-0.0,-0.0,-0.0,-0.0,-0.0
2040-05-07 19:00:00,0.0,7.7234086462858835,-0.0,47.8543018455375,-0.0,-0.0,-0.0,-0.0,-0.0
2040-05-07 20:00:00,0.0,7.720725274700157,-0.0,49.46882333594662,-0.0,-0.0,-0.0,-0.0,-0.0
2040-05-07 21:00:00,0.0,7.936734663934168,-0.0,49.83138223802879,-0.0,-0.0,-0.0,-0.0,-0.0
2040-05-07 22:00:00,0.0,7.971227909166792,-0.0,51.28108294847638,-0.0,-0.0,-0.0,-0.0,-0.0
2040-05-07 23:00:00,0.0,8.092225416594557,-0.0,50.57838973035367,-0.0,-0.0,-0.0,-0.0,-0.0
2040-05-08 00:00:00,0.0,8.158044494887987,-0.0,53.52594553031173,-0.0,-0.0,-0.0,-0.0,-0.0
2040-05-08 01:00:00,0.0,8.317382589770508,-0.0,53.322850718150164,-0.0,-0.0,-0.0,-0.0,-0.0
2040-05-08 02:00:00,0.0,8.520235837778941,-0.0,53.246762966335766,-0.0,-0.0,-0.0,-0.0,-0.0
2040-05-08 03:00:00,0.0,8.251877882988428,-0.0,53.08831264824788,-0.0,-0.0,-0.0,-0.0,-0.0
2040-05-08 04:00:00,0.0,8.279617198625452,-0.0,51.89547607467916,-0.0,-0.0,-0.0,-0.0,-0.0
2040-05-08 05:00:00,0.0,7.998180154333677,-0.0,49.66631074647412,-0.0,-0.0,-0.0,-0.0,-0.0
2040-05-08 06:00:00,0.0,7.6934698382755995,-0.0,48.43194373312374,-0.0,-0.0,-0.0,-0.0,-0.0
2040-05-08 07:00:00,0.0,7.419527354651993,-0.0,47.72657181517205,-0.0,-0.0,-0.0,-0.0,-0.0
2040-05-08 08:00:00,0.0,7.311404680662851,-0.0,46.858952236328896,-0.0,-0.0,-0.0,-0.0,-0.0
2040-05-08 09:00:00,0.0,7.274750363798769,-0.0,43.899273899282626,-0.0,-0.0,-0.0,-0.0,-0.0
2040-05-08 10:00:00,0.0,6.793391109613836,-0.0,43.431230806542295,-0.0,-0.0,-0.0,-0.0,-0.0
2040-05-08 11:00:00,0.0,6.801665495083888,-0.0,41.70690661184729,-0.0,-0.0,-0.0,-0.0,-0.0
2040-05-08 12:00:00,0.0,6.633872891102932,-0.0,42.96006942903449,-0.0,-0.0,-0.0,-0.0,-0.0
2040-05-08 13:00:00,0.0,6.8974759793075835,-0.0,42.757068207029356,-0.0,-0.0,-0.0,-0.0,-0.0
2040-05-08 14:00:00,0.0,6.948901413205122,-0.0,41.49447987778639,-0.0,-0.0,-0.0,-0.0,-0.0
2040-05-08 15:00:00,0.0,7.0178623461759315,-0.0,43.80128946771281,-0.0,-0.0,-0.0,-0.0,-0.0
2040-05-08 16:00:00,0.0,7.075584784726015,-0.0,42.88096252168275,-0.0,-0.0,-0.0,-0.0,-0.0
2040-05-08 17:00:00,0.0,7.225742221192829,-0.0,44.4788618767326,-0.0,-0.0,-0.0,-0.0,-0.0
2040-05-08 18:00:00,0.0,7.428775387790882,-0.0,46.611251224130655,-0.0,-0.0,-0.0,-0.0,-0.0
2040-05-08 19:00:00,0.0,7.690199791498724,-0.0,48.954738189432675,-0.0,-0.0,-0.0,-0.0,-0.0
2040-05-08 20:00:00,0.0,7.9263754169813465,-0.0,48.18053248928797,-0.0,-0.0,-0.0,-0.0,-0.0
2040-05-08 21:00:00,0.0,8.176068275881752,-0.0,51.535662200562676,-0.0,-0.0,-5.3957575170351463e-14,-0.0,-0.0
2040-05-08 22:00:00,0.0,8.065751155781323,-0.0,51.45875226575715,-0.0,-0.0,-0.0,-0.0,-0.0
2040-05-08 23:00:00,0.0,8.269432487438296,-0.0,52.00667324294191,-0.0,-0.0,-0.0,-0.0,-0.0
2040-05-09 00:00:00,0.0,8.409628265157489,-0.0,52.72566898097296,-0.0,-0.0,-0.0,-0.0,-0.0
2040-05-09 01:00:00,0.0,8.322543585783038,-0.0,53.12594720678879,-0.0,-0.0,-0.0,-0.0,-0.0
2040-05-09 02:00:00,0.0,8.147443669756326,-0.0,52.5544708767798,-0.0,-0.0,-0.0,-0.0,-0.0
2040-05-09 03:00:00,0.0,8.168346335993904,-0.0,51.99454577507827,-0.0,-0.0,-0.0,-0.0,-0.0
2040-05-09 04:00:00,0.0,8.087121580081062,-0.0,51.633332125069614,-0.0,-0.0,-0.0,-0.0,-0.0
2040-05-09 05:00:00,0.0,7.911738877507378,-0.0,49.9348210124914,-0.0,-0.0,-0.0,-0.0,-0.0
2040-05-09 06:00:00,0.0,7.894104798776092,-0.0,50.31889894608575,-0.0,-0.0,-0.0,-0.0,-0.0
2040-05-09 07:00:00,0.0,7.789760942925768,-0.0,49.04958772139091,-0.0,-0.0,-0.0,-0.0,-0.0
2040-05-09 08:00:00,0.0,7.3776291447649855,-0.0,46.61831919170936,-0.0,-0.0,-0.0,-0.0,-0.0
2040-05-09 09:00:00,0.0,7.256425258305761,-0.0,45.05157192511301,-0.0,-0.0,-0.0,-0.0,-0.0
2040-05-09 10:00:00,0.0,7.000219768822915,-0.0,44.50840471917642,-0.0,-0.0,-0.0,-0.0,-0.0
2040-05-09 11:00:00,0.0,6.986671380623087,-0.0,42.32116560813451,-0.0,-0.0,-0.0,-0.0,-0.0
2040-05-09 12:00:00,0.0,6.812206139931054,-0.0,42.550829324844074,-0.0,-0.0,-0.0,-0.0,-0.0
2040-05-09 13:00:00,0.0,6.9511911957834265,-0.0,42.44516290572078,-0.0,-0.0,-0.0,-0.0,-0.0
2040-05-09 14:00:00,0.0,6.896216907680993,-0.0,43.44201521197192,-0.0,-0.0,-0.0,-0.0,-0.0
2040-05-09 15:00:00,0.0,6.82562137795244,-0.0,41.75058903593167,-0.0,-0.0,-0.0,-0.0,-0.0
2040-05-09 16:00:00,0.0,6.941685963263052,-0.0,43.91381842491672,-0.0,-0.0,-0.0,-0.0,-0.0
2040-05-09 17:00:00,0.0,7.438357792201267,-0.0,45.98326511217061,-0.0,-0.0,-0.0,-0.0,-0.0
2040-05-09 18:00:00,0.0,7.43990443043024,-0.0,46.18896722252835,-0.0,-0.0,-0.0,-0.0,-0.0
2040-05-09 19:00:00,0.0,7.367968559076142,-0.0,47.72302706544041,-0.0,-0.0,-0.0,-0.0,-0.0
2040-05-09 20:00:00,0.0,7.850461758018928,-0.0,49.16117397454567,-0.0,-0.0,-0.0,-0.0,-0.0
2040-05-09 21:00:00,0.0,8.03426670426154,-0.0,49.19281438063962,-0.0,-0.0,-0.0,-0.0,-0.0
2040-05-09 22:00:00,0.0,8.43857623857677,-0.0,51.00456247103039,-0.0,-0.0,-0.0,-0.0,-0.0
2040-05-09 23:00:00,0.0,8.263863532859409,-0.0,52.70655714227686,-0.0,-0.0,-0.0,-0.0,-0.0
2040-05-10 00:00:00,0.0,8.21972755523989,-0.0,54.44180013722367,-0.0,-0.0,-0.0,-0.0,-0.0
2040-05-10 01:00:00,0.0,8.203900115152896,-0.0,51.62484095540389,-0.0,-0.0,-0.0,-0.0,-0.0
2040-05-10 02:00:00,0.0,8.304710676143669,-0.0,52.72661966605908,-0.0,-0.0,-0.0,-0.0,-0.0
2040-05-10 03:00:00,0.0,8.395983401423694,-0.0,53.867794680245105,-0.0,-0.0,-0.0,-0.0,-0.0
2040-05-10 04:00:00,0.0,8.006048999700877,-0.0,51.64264000094445,-0.0,-0.0,-0.0,-0.0,-0.0
2040-05-10 05:00:00,0.0,7.91847088125066,-0.0,50.55733649146052,-0.0,-0.0,-0.0,-0.0,-0.0
2040-05-10 06:00:00,0.0,7.762875141112311,-0.0,49.14665924173269,-0.0,-0.0,-0.0,-0.0,-0.0
2040-05-10 07:00:00,0.0,7.641118300544902,-0.0,47.104255481148705,-0.0,-0.0,-0.0,-0.0,-0.0
2040-05-10 08:00:00,0.0,7.384842090877091,-0.0,44.86163277383147,-0.0,-0.0,-0.0,-0.0,-0.0
2040-05-10 09:00:00,0.0,7.481600856678497,-0.0,45.62284936374983,-0.0,-0.0,-0.0,-0.0,-0.0
2040-05-10 10:00:00,0.0,7.243672191001598,-0.0,44.71167387524598,-0.0,-0.0,-0.0,-0.0,-0.0
2040-05-10 11:00:00,0.0,6.9989201780692545,-0.0,44.4529476140245,-0.0,-0.0,-0.0,-0.0,-0.0
2040-05-10 12:00:00,0.0,6.904241355113477,-0.0,43.12611696788024,-0.0,-0.0,-0.0,-0.0,-0.0
2040-05-10 13:00:00,0.0,6.7982187111126,-0.0,40.19236282953277,-0.0,-0.0,-0.0,-0.0,-0.0
2040-05-10 14:00:00,0.0,7.032183685827035,-0.0,42.58745727639311,-0.0,-0.0,-0.0,-0.0,-0.0
2040-05-10 15:00:00,0.0,6.7503491592350295,-0.0,42.13277143647304,-0.0,-0.0,-0.0,-0.0,-0.0
2040-05-10 16:00:00,0.0,6.998271514448305,-0.0,43.91360996673845,-0.0,-0.0,-0.0,-0.0,-0.0
2040-05-10 17:00:00,0.0,7.239455820764971,-0.0,45.48565818879834,-0.0,-0.0,-0.0,-0.0,-0.0
2040-05-10 18:00:00,0.0,7.258515335102982,-0.0,45.137961059933694,-0.0,-4.779657044766807e-13,-0.0,-0.0,-5.428063999293463e-13
2040-05-10 19:00:00,0.0,7.783679602834751,-0.0,48.48573938947621,-0.0,-0.0,-0.0,-0.0,-0.0
2040-05-10 20:00:00,0.0,7.757079130199775,-0.0,49.28317139271074,-0.0,-0.0,-0.0,-0.0,-0.0
2040-05-10 21:00:00,0.0,8.144636699879207,-0.0,51.423203133084506,-0.0,-0.0,-0.0,-0.0,-0.0
2040-05-10 22:00:00,0.0,8.14306742182716,-0.0,52.16317900545627,-0.0,-0.0,-0.0,-0.0,-0.0
2040-05-10 23:00:00,0.0,8.358926883149092,-0.0,53.230949604088366,-0.0,-0.0,-0.0,-0.0,-0.0
2040-05-11 00:00:00,0.0,8.425817981637756,-0.0,52.25099322275411,-0.0,-0.0,-0.0,-0.0,-0.0
2040-05-11 01:00:00,0.0,8.290603590297454,-0.0,53.253055126579994,-0.0,-0.0,-0.0,-0.0,-0.0
2040-05-11 02:00:00,0.0,8.44463471680798,-0.0,54.03302377557837,-0.0,-0.0,-0.0,-0.0,-0.0
2040-05-11 03:00:00,0.0,8.537683705145623,-0.0,52.602499052779216,-0.0,-0.0,-0.0,-0.0,-0.0
2040-05-11 04:00:00,0.0,8.076879005118668,-0.0,52.76171106773548,-0.0,-0.0,-0.0,-0.0,-0.0
2040-05-11 05:00:00,0.0,8.022076380266348,-0.0,49.5369186509426,-0.0,-0.0,-0.0,-0.0,-0.0
2040-05-11 06:00:00,0.0,7.918110146900759,-0.0,49.35786915052221,-0.0,-0.0,5.354634253709887e-13,-0.0,5.463637072318996e-13
2040-05-11 07:00:00,0.0,7.663885908499,-0.0,48.389394252973176,-0.0,-0.0,-0.0,-0.0,-5.445026799792014e-13
2040-05-11 08:00:00,0.0,7.416155036601545,-0.0,47.39685425336156,-0.0,-0.0,-0.0,-0.0,-0.0
2040-05-11 09:00:00,0.0,7.377025754739461,-0.0,44.906237630679435,-0.0,-0.0,-0.0,-0.0,-0.0
2040-05-11 10:00:00,0.0,7.144360361386219,-0.0,46.18389829135169,-0.0,-0.0,-0.0,-0.0,-0.0
2040-05-11 11:00:00,0.0,6.947991650213307,-0.0,43.29308817496501,-0.0,-5.324113747543444e-13,-0.0,-0.0,-0.0
2040-05-11 12:00:00,0.0,6.998558678711359,-0.0,41.92460623285301,-0.0,-0.0,-0.0,-0.0,-0.0
2040-05-11 13:00:00,0.0,7.014662448652378,-0.0,41.38061109642558,-0.0,-0.0,-0.0,-0.0,-0.0
2040-05-11 14:00:00,0.0,6.960815910501565,-0.0,41.7824870230247,-0.0,-0.0,-0.0,-0.0,-0.0
2040-05-11 15:00:00,0.0,6.854524709834279,-0.0,42.591226104082125,-0.0,-0.0,-0.0,-0.0,-0.0
2040-05-11 16:00:00,0.0,7.206557134588372,-0.0,44.17388823158892,-0.0,-0.0,-0.0,-0.0,-0.0
2040-05-11 17:00:00,0.0,7.372387960935509,-0.0,44.90116564485335,-0.0,-0.0,-0.0,-0.0,-0.0
2040-05-11 18:00:00,0.0,7.529073232731111,-0.0,47.941959956074555,-0.0,-0.0,-0.0,-0.0,-0.0
2040-05-11 19:00:00,0.0,7.681955033395067,-0.0,49.154268725168365,-0.0,-0.0,-0.0,-0.0,-0.0
2040-05-11 20:00:00,0.0,8.040245580321999,-0.0,50.41387138760757,-0.0,-0.0,-0.0,-0.0,-0.0
2040-05-11 21:00:00,0.0,7.9821698793237905,-0.0,52.338037948798494,-0.0,-0.0,-0.0,-0.0,-0.0
2040-05-11 22:00:00,0.0,8.25217714475184,-0.0,51.42449673443666,-0.0,-0.0,-0.0,-0.0,-0.0
2040-05-11 23:00:00,0.0,8.374098995310128,-0.0,52.35166096436004,-0.0,-0.0,-0.0,-0.0,-0.0
2040-05-12 00:00:00,0.0,8.10065682866369,-0.0,50.528605602273274,-0.0,-0.0,-0.0,-0.0,-0.0
2040-05-12 01:00:00,0.0,8.09770893123009,-0.0,50.57899385274153,-0.0,-0.0,-0.0,-0.0,-0.0
2040-05-12 02:00:00,0.0,8.008240618226873,-0.0,50.44074424460671,-0.0,-0.0,-0.0,-0.0,-0.0
2040-05-12 03:00:00,0.0,7.935926420886022,-0.0,51.327663323248785,-0.0,-0.0,-0.0,-0.0,-0.0
2040-05-12 04:00:00,0.0,7.986462549185307,-0.0,50.436319263209235,-0.0,-0.0,-0.0,-0.0,-0.0
2040-05-12 05:00:00,0.0,7.572226749850709,-0.0,47.88779103551426,-0.0,-0.0,-0.0,-0.0,-0.0
2040-05-12 06:00:00,0.0,7.545744362554347,-0.0,45.93263480941296,-0.0,-0.0,-0.0,-0.0,-0.0
2040-05-12 07:00:00,0.0,7.272164067047462,-0.0,43.95758213824961,-0.0,-0.0,-0.0,-0.0,-0.0
2040-05-12 08:00:00,0.0,7.085331009261538,-0.0,44.517661170838466,-0.0,-0.0,-0.0,-0.0,-0.0
2040-05-12 09:00:00,0.0,6.896065422401847,-0.0,44.230002034523515,-0.0,-0.0,-0.0,-0.0,-0.0
2040-05-12 10:00:00,0.0,6.787067752317196,-0.0,41.90767707138228,-0.0,-0.0,-0.0,-0.0,-0.0
2040-05-12 11:00:00,0.0,6.696632155114177,-0.0,40.447110763091715,-0.0,-0.0,-0.0,-0.0,-0.0
2040-05-12 12:00:00,0.0,6.698168439016659,-0.0,39.8644724295344,-0.0,-0.0,-0.0,-0.0,-0.0
2040-05-12 13:00:00,0.0,6.570676182176814,-0.0,39.39610600614685,-0.0,-0.0,-0.0,-0.0,-0.0
2040-05-12 14:00:00,0.0,6.744431777524629,-0.0,40.62484790148422,-0.0,-0.0,-0.0,-0.0,-0.0
2040-05-12 15:00:00,0.0,6.72310581243192,-0.0,40.48429786580445,-0.0,-0.0,-0.0,-0.0,-0.0
2040-05-12 16:00:00,0.0,6.760439488900212,-0.0,42.33770075013152,-0.0,-0.0,-0.0,-0.0,-0.0
2040-05-12 17:00:00,0.0,6.826232595905073,-0.0,40.85270826885474,-0.0,-0.0,-0.0,-0.0,-0.0
2040-05-12 18:00:00,0.0,7.232977126095086,-0.0,43.63682690230797,-0.0,-0.0,-0.0,-0.0,-0.0
2040-05-12 19:00:00,0.0,7.503562054642713,-0.0,45.83830315377163,-0.0,-0.0,-0.0,-0.0,-0.0
2040-05-12 20:00:00,0.0,7.598794170582466,-0.0,46.334670885105744,-0.0,-0.0,-0.0,-0.0,-0.0
2040-05-12 21:00:00,0.0,7.810221447189908,-0.0,47.64595830530327,-0.0,-0.0,-0.0,-0.0,-0.0
2040-05-12 22:00:00,0.0,8.004558681293139,-0.0,49.2685836593314,-0.0,-0.0,-0.0,-0.0,-0.0
2040-05-12 23:00:00,0.0,8.050301754320468,-0.0,49.912717296925024,-0.0,-0.0,-0.0,-0.0,-0.0
2040-05-13 00:00:00,0.0,7.921975117886563,-0.0,49.137811209331915,-0.0,-0.0,-0.0,-0.0,-0.0
2040-05-13 01:00:00,0.0,8.207863874014711,-0.0,50.645829551190324,-0.0,-0.0,-0.0,-0.0,-0.0
2040-05-13 02:00:00,0.0,8.340825360371367,-0.0,50.128600956583135,-0.0,-0.0,-0.0,-0.0,-0.0
2040-05-13 03:00:00,0.0,8.059271413283694,-0.0,50.171360908093035,-0.0,-0.0,-0.0,-0.0,-0.0
2040-05-13 04:00:00,0.0,7.9628124939501745,-0.0,47.8346397217332,-0.0,-0.0,-0.0,-0.0,-0.0
2040-05-13 05:00:00,0.0,7.717076002356511,-0.0,47.86703114216403,-0.0,-0.0,-0.0,-0.0,-0.0
2040-05-13 06:00:00,0.0,7.80359371530801,-0.0,45.70008076638869,-0.0,-0.0,-0.0,-0.0,-0.0
2040-05-13 07:00:00,0.0,7.4862209045309775,-0.0,44.25026721128343,-0.0,-0.0,-0.0,-0.0,-0.0
2040-05-13 08:00:00,0.0,7.199042540168326,-0.0,43.75079675047445,-0.0,-0.0,-0.0,-0.0,-0.0
2040-05-13 09:00:00,0.0,7.169441932229534,-0.0,42.580193575964,-0.0,-0.0,-0.0,-0.0,-0.0
2040-05-13 10:00:00,0.0,6.882360347991195,-0.0,42.840780064037105,-0.0,-0.0,-0.0,-0.0,-0.0
2040-05-13 11:00:00,0.0,6.741501244777702,-0.0,40.74604115339801,-0.0,-0.0,-0.0,-0.0,-0.0
2040-05-13 12:00:00,0.0,6.667670985340401,-0.0,41.07793682837995,-0.0,-0.0,-0.0,-0.0,-0.0
2040-05-13 13:00:00,0.0,6.685703439629953,-0.0,41.271875245273314,-0.0,-0.0,-0.0,-0.0,-0.0
2040-05-13 14:00:00,0.0,6.794599255167445,-0.0,39.60751976793472,-0.0,-0.0,-0.0,-0.0,-0.0
2040-05-13 15:00:00,0.0,6.858598212302624,-0.0,41.297692148213706,-0.0,-0.0,-0.0,-0.0,-0.0
2040-05-13 16:00:00,0.0,6.862443228461996,-0.0,41.65164118580855,-0.0,-0.0,-0.0,-0.0,-0.0
2040-05-13 17:00:00,0.0,6.966178531086039,-0.0,41.645939456233194,-0.0,-0.0,-0.0,-0.0,-0.0
2040-05-13 18:00:00,0.0,7.261484300980509,-0.0,44.01440455597948,-0.0,-0.0,-0.0,-0.0,-0.0
2040-05-13 19:00:00,0.0,7.430205210645727,-0.0,44.86696937330976,-0.0,-0.0,-0.0,-0.0,-0.0
2040-05-13 20:00:00,0.0,7.736011983757169,-0.0,45.414096651779964,-0.0,-0.0,-0.0,-0.0,-0.0
2040-05-13 21:00:00,0.0,7.969355343668917,-0.0,48.535692869501375,-0.0,-0.0,-0.0,-0.0,-0.0
2040-05-13 22:00:00,0.0,8.091790576153587,-0.0,49.492537628965465,-0.0,-0.0,-0.0,-0.0,-0.0
2040-05-13 23:00:00,0.0,8.166421275056994,-0.0,50.01929499588846,-0.0,-0.0,-0.0,-0.0,-0.0
2040-05-14 00:00:00,0.0,8.513972185097527,-0.0,53.38910054769912,-0.0,-0.0,-0.0,-0.0,-0.0
2040-05-14 01:00:00,0.0,8.551380740509954,-0.0,53.84820525062121,-0.0,-0.0,-0.0,-0.0,-0.0
2040-05-14 02:00:00,0.0,8.429861927439214,-0.0,53.902776738639304,-0.0,-0.0,-0.0,-0.0,-0.0
2040-05-14 03:00:00,0.0,8.466090117256364,-0.0,51.26080247987657,-0.0,-0.0,-0.0,-0.0,-0.0
2040-05-14 04:00:00,0.0,8.30930918411594,-0.0,52.847588274533386,-0.0,-0.0,-0.0,-0.0,-0.0
2040-05-14 05:00:00,0.0,8.035835932446629,-0.0,49.955565232215875,-0.0,-0.0,-0.0,-0.0,-0.0
2040-05-14 06:00:00,0.0,8.059205408492842,-0.0,50.635877049930215,-0.0,-0.0,-0.0,-0.0,-0.0
2040-05-14 07:00:00,0.0,7.7786666378868,-0.0,48.034522895346015,-0.0,-0.0,-0.0,-0.0,-0.0
2040-05-14 08:00:00,0.0,7.438903243633767,-0.0,46.39459820278216,-0.0,-0.0,-0.0,-0.0,-0.0
2040-05-14 09:00:00,0.0,7.332479589783271,-0.0,45.19087900246407,-0.0,-0.0,-0.0,-0.0,-0.0
2040-05-14 10:00:00,0.0,7.113195043359734,-0.0,45.387834688976646,-7.701508163698608e-14,-0.0,-0.0,-0.0,5.613046604459368e-14
2040-05-14 11:00:00,0.0,7.181728309952672,-0.0,44.38770542726088,-0.0,-0.0,-0.0,-0.0,-5.5194085197786285e-14
2040-05-14 12:00:00,0.0,7.154254172417846,-0.0,42.64952587549397,-0.0,-0.0,-0.0,-0.0,-0.0
2040-05-14 13:00:00,0.0,6.897777306448874,-0.0,42.38327226238684,-0.0,-0.0,-0.0,-0.0,-0.0
2040-05-14 14:00:00,0.0,7.235228835053096,-0.0,43.31345608693553,-0.0,-0.0,-0.0,-5.390122056443529e-14,-0.0
2040-05-14 15:00:00,0.0,7.040487847413263,-0.0,43.12044767137639,-0.0,-0.0,-0.0,-0.0,-0.0
2040-05-14 16:00:00,0.0,7.270174051749655,-0.0,44.24063573858243,-0.0,-0.0,-0.0,-0.0,-0.0
2040-05-14 17:00:00,0.0,7.187708095912373,-0.0,44.70796354019251,7.40227891128075e-14,-0.0,-0.0,-0.0,-0.0
2040-05-14 18:00:00,0.0,7.59408985258147,-0.0,48.018555137561876,-0.0,-0.0,-0.0,5.39845674540785e-14,-0.0
2040-05-14 19:00:00,0.0,7.806676998415935,-0.0,47.14268208295732,-0.0,-0.0,-0.0,-0.0,-0.0
2040-05-14 20:00:00,0.0,7.966703664391843,-0.0,48.297474794036745,-0.0,-0.0,-0.0,-0.0,-0.0
2040-05-14 21:00:00,0.0,8.172202120981401,-0.0,49.98236495745101,-0.0,-0.0,-0.0,-0.0,-0.0
2040-05-14 22:00:00,0.0,8.370728695628724,-0.0,51.64874518507443,-0.0,-0.0,-0.0,-0.0,-0.0
2040-05-14 23:00:00,28.0,0.13891833839498302,-0.0,44.575335121426214,-0.0,-0.0,-0.0,-0.0,-0.0
2040-05-15 00:00:00,28.0,0.3329095816263539,-0.0,44.986169438880175,-0.0,-0.0,-0.0,-0.0,-0.0
2040-05-15 01:00:00,0.0,8.480110268794675,-0.0,54.98047542409016,-0.0,-0.0,-0.0,-0.0,-0.0
2040-05-15 02:00:00,0.0,8.490564818143683,-0.0,52.35248084963209,-0.0,-0.0,-0.0,-0.0,-0.0
2040-05-15 03:00:00,0.0,8.69131473529083,-0.0,52.62102634811366,-0.0,-0.0,-0.0,-0.0,-0.0
2040-05-15 04:00:00,0.0,8.13085049515146,-0.0,53.032488775239514,-0.0,-0.0,-0.0,-0.0,-0.0
2040-05-15 05:00:00,27.455851661139825,-4.4006170308596863e-16,-0.0,42.62681126563464,-0.0,-0.0,-0.0,-0.0,-0.0
2040-05-15 06:00:00,0.0,8.025946369826269,-0.0,49.935083980072605,-0.0,-0.0,-0.0,-0.0,-0.0
2040-05-15 07:00:00,0.0,7.730493086171818,-0.0,49.21545246292533,-0.0,-0.0,-0.0,-0.0,-0.0
2040-05-15 08:00:00,25.56662416267468,-7.080724275557861e-17,-0.0,38.74662907322326,-0.0,-0.0,-0.0,-0.0,-0.0
2040-05-15 09:00:00,24.76834488803867,-1.8332257851038216e-16,-0.0,38.2672220052104,-0.0,-0.0,-0.0,-0.0,-0.0
2040-05-15 10:00:00,24.153853182859095,-4.1562200483353864e-16,-0.0,36.55820902812842,-0.0,-0.0,-0.0,-0.0,-0.0
2040-05-15 11:00:00,0.0,7.097836041029606,-0.0,42.26832780329788,-0.0,-0.0,-0.0,-0.0,-0.0
2040-05-15 12:00:00,23.641797465628944,1.8028691528094392e-16,-0.0,35.26915962398337,-0.0,-0.0,-0.0,-0.0,-0.0
2040-05-15 13:00:00,23.312656683151115,-2.9097211072545605e-16,-0.0,35.51594776968049,-0.0,-0.0,-0.0,-0.0,-0.0
2040-05-15 14:00:00,0.0,7.156949395047192,-0.0,43.71792514268978,-0.0,-0.0,-0.0,-0.0,-0.0
2040-05-15 15:00:00,23.743746489613695,4.163799195092044e-16,-0.0,36.82812439568286,-0.0,-0.0,-0.0,-0.0,-0.0
2040-05-15 16:00:00,24.18993263686621,2.9465368932286417e-16,-0.0,37.524142602833344,-0.0,-0.0,-0.0,-0.0,-0.0
2040-05-15 17:00:00,0.0,7.463718886687585,-0.0,45.952305180950674,-0.0,-0.0,-0.0,-0.0,-0.0
2040-05-15 18:00:00,0.0,7.6833955289605695,-0.0,46.71242588052721,-0.0,-0.0,-0.0,-0.0,-0.0
2040-05-15 19:00:00,22.154385176793408,1.1931899004788238,-0.0,41.66971418260559,-0.0,-0.0,-0.0,-0.0,-0.0
2040-05-15 20:00:00,13.848387353787999,3.766032989108075,-0.0,45.26209111348066,-0.0,-0.0,5.336416586025381e-13,-0.0,5.442849115751926e-13
2040-05-15 21:00:00,13.732809702715823,3.9573467543736083,-0.0,47.0035763955576,-0.0,-0.0,-0.0,-0.0,-0.0
2040-05-15 22:00:00,27.69481922526548,-3.234066290714912e-16,-0.0,45.64459217448156,-0.0,-0.0,-0.0,-0.0,-0.0
2040-05-15 23:00:00,28.0,0.05421102889464965,-0.0,44.94529608846164,-0.0,-0.0,-0.0,-0.0,-0.0
2040-05-16 00:00:00,3.775544467634286,7.345731537870955,-0.0,52.64030343163069,-0.0,-0.0,-0.0,-0.0,-0.0
2040-05-16 01:00:00,0.0,8.740886305305507,-0.0,54.876889574920945,-0.0,-0.0,-0.0,-0.0,-0.0
2040-05-16 02:00:00,6.547837238802336,6.804878512511081,-0.0,52.21434857570697,-0.0,-0.0,-0.0,-0.0,-0.0
2040-05-16 03:00:00,0.0,8.424765166043708,-0.0,52.21225730739613,-0.0,-0.0,-0.0,-0.0,-0.0
2040-05-16 04:00:00,27.994742299942903,3.8491623000112067e-16,-0.0,43.83329359224939,-0.0,-0.0,-0.0,-0.0,-0.0
2040-05-16 05:00:00,0.0,8.312434295082852,-0.0,52.117489674593656,-0.0,-0.0,-0.0,-0.0,-0.0
2040-05-16 06:00:00,26.510077599787746,-3.146377795325764e-16,-0.0,42.117928820854004,-0.0,-0.0,-0.0,-0.0,-0.0
2040-05-16 07:00:00,25.902231889672926,-4.285626068073325e-16,-0.0,40.45579149057726,-0.0,-0.0,-0.0,-0.0,-0.0
2040-05-16 08:00:00,25.315828689525212,5.231679631029202e-16,-0.0,38.760030309147865,-0.0,-0.0,-0.0,-0.0,-0.0
2040-05-16 09:00:00,24.914649336791534,-4.2125302754781906e-16,-0.0,37.55586875677521,-0.0,-0.0,-0.0,-0.0,-0.0
2040-05-16 10:00:00,0.0,7.3457980609356754,-0.0,44.192710455974066,-0.0,-0.0,-0.0,-0.0,-0.0
2040-05-16 11:00:00,23.658399733084607,-1.7510733406304127e-16,-0.0,36.36148000859087,-0.0,-0.0,-0.0,-0.0,-0.0
2040-05-16 12:00:00,0.0,7.199650012476664,-0.0,42.37895588224733,-0.0,-0.0,-0.0,-0.0,-0.0
2040-05-16 13:00:00,0.0,7.249051719881501,-0.0,43.16416650991781,-0.0,-0.0,-0.0,-0.0,-0.0
2040-05-16 14:00:00,23.439498771830223,6.336043710564012e-17,-0.0,36.474791835198175,-0.0,-0.0,-0.0,-0.0,-0.0
2040-05-16 15:00:00,24.417531648525316,-2.9914982823139177e-16,-0.0,33.75353268565354,-0.0,-0.0,-0.0,-0.0,-0.0
2040-05-16 16:00:00,24.079263408041346,-2.9664614030416017e-16,-0.0,37.99457729185399,-0.0,-0.0,-0.0,-0.0,-0.0
2040-05-16 17:00:00,25.176810381306595,5.241969052804452e-16,-0.0,38.4200196238313,-0.0,-0.0,-0.0,-0.0,-0.0
2040-05-16 18:00:00,25.479785336088646,5.219544401425532e-16,-0.0,39.43161097048099,-0.0,-0.0,-0.0,-0.0,-0.0
2040-05-16 19:00:00,0.0,7.813292497973367,-0.0,48.91593600086616,-0.0,-0.0,-0.0,-0.0,-0.0
2040-05-16 20:00:00,0.0,8.052132290582476,-0.0,48.87535955423565,-0.0,-0.0,-0.0,-0.0,-0.0
2040-05-16 21:00:00,0.0,8.344899119182418,-0.0,51.81058963823389,-0.0,-0.0,-0.0,-0.0,-0.0
2040-05-16 22:00:00,0.0,8.57288196596124,-0.0,51.456679146111014,-0.0,-0.0,-0.0,-0.0,-0.0
2040-05-16 23:00:00,28.0,0.3036948918513344,-0.0,44.92140454797425,-0.0,-0.0,-0.0,-0.0,-0.0
2040-05-17 00:00:00,28.0,0.32437069280396197,-0.0,45.06692612182494,-0.0,-0.0,-0.0,-0.0,-0.0
2040-05-17 01:00:00,0.06813881531850158,8.76590375123231,-0.0,54.82390454775235,-0.0,-0.0,-0.0,-0.0,-0.0
2040-05-17 02:00:00,0.49150218372066923,8.76590375123231,-0.0,54.39761414085884,-0.0,-0.0,-0.0,-0.0,-0.0
2040-05-17 03:00:00,0.0,8.470581091659954,-0.0,53.48255864781435,-0.0,-0.0,-0.0,-0.0,-0.0
2040-05-17 04:00:00,0.0,8.641370360986624,-0.0,53.10514314729251,-0.0,-0.0,-0.0,-0.0,-0.0
2040-05-17 05:00:00,0.0,8.296265321267924,-0.0,52.42409826065341,-0.0,-0.0,-0.0,-0.0,-0.0
2040-05-17 06:00:00,0.0,8.273832589232253,-0.0,50.53554072340073,-0.0,-0.0,-0.0,-0.0,-0.0
2040-05-17 07:00:00,0.0,7.832591410591328,-0.0,48.44099891598468,-0.0,-0.0,-0.0,-0.0,-0.0
2040-05-17 08:00:00,0.0,7.321976248335827,-0.0,47.530580047765476,-0.0,-0.0,-0.0,-0.0,-0.0
2040-05-17 09:00:00,24.910227673965082,-1.843727220819386e-16,-0.0,38.08703839141731,-0.0,-0.0,-7.4613328632764e-14,-0.0,-0.0
2040-05-17 10:00:00,24.190328962928163,5.780317733403585e-17,-0.0,36.823025174337026,-0.0,-0.0,-0.0,-0.0,-0.0
2040-05-17 11:00:00,0.0,7.089455338455782,-0.0,44.0664926363671,-0.0,-0.0,-0.0,-0.0,-0.0
2040-05-17 12:00:00,0.0,7.018072814452431,-0.0,43.341534432927524,-0.0,-0.0,-0.0,-0.0,-0.0
2040-05-17 13:00:00,23.69494013799867,2.9831736978459405e-16,-0.0,36.6083055955888,-0.0,-0.0,-0.0,-0.0,-0.0
2040-05-17 14:00:00,12.634094099234972,3.3550044427931227,-0.0,38.62273360287834,-0.0,-0.0,-0.0,-0.0,-0.0
2040-05-17 15:00:00,0.0,7.325490811658875,-0.0,43.192820525722404,-0.0,-0.0,-0.0,-0.0,-0.0
2040-05-17 16:00:00,0.0,7.323449282395619,-0.0,44.2202452756818,-0.0,-0.0,-0.0,-0.0,-0.0
2040-05-17 17:00:00,0.0,7.339804247589298,-0.0,46.242709936771405,-0.0,-0.0,-0.0,-0.0,-0.0
2040-05-17 18:00:00,0.0,7.632836079975964,-0.0,48.0776042130529,-0.0,-0.0,-0.0,-0.0,-0.0
2040-05-17 19:00:00,0.0,7.633203159124572,-0.0,48.920669876664505,-0.0,-0.0,-0.0,-0.0,-0.0
2040-05-17 20:00:00,0.0,8.075063175556616,-0.0,49.85181163439362,-0.0,-0.0,-0.0,-0.0,-0.0
2040-05-17 21:00:00,0.0,8.156133161061993,-0.0,50.67645483894617,-0.0,-0.0,-0.0,-0.0,-0.0
2040-05-17 22:00:00,0.0,8.439700185389507,-0.0,51.82290509589879,-0.0,-0.0,-0.0,-0.0,-0.0
2040-05-17 23:00:00,0.0,8.693231374523501,-0.0,50.89722393297836,-0.0,-0.0,-0.0,-0.0,-0.0
2040-05-18 00:00:00,0.0,8.438147679002471,-0.0,54.05275489440301,-0.0,-0.0,-0.0,-0.0,-0.0
2040-05-18 01:00:00,0.0,8.575816725909641,-0.0,52.44503573009068,-0.0,-0.0,-0.0,-0.0,-0.0
2040-05-18 02:00:00,0.0,8.571475028900139,-0.0,52.83199110586674,-0.0,-0.0,-0.0,-0.0,-0.0
2040-05-18 03:00:00,0.0,8.763939615149283,-0.0,53.132340943760774,-0.0,-0.0,-0.0,-0.0,-0.0
2040-05-18 04:00:00,0.0,8.385639206472066,-0.0,53.44043513433613,-0.0,-0.0,-0.0,-0.0,-0.0
2040-05-18 05:00:00,0.0,8.32281908281057,-0.0,51.124792052553715,-0.0,-0.0,-0.0,-0.0,-0.0
2040-05-18 06:00:00,0.0,8.133645038831292,-0.0,50.389937755205125,-0.0,-0.0,-0.0,-0.0,-0.0
2040-05-18 07:00:00,0.0,7.8455755102154825,-0.0,49.89774526392476,-0.0,-0.0,-0.0,-0.0,-0.0
2040-05-18 08:00:00,0.0,7.695932422468179,-0.0,47.090542538842996,-0.0,-0.0,-0.0,-0.0,-0.0
2040-05-18 09:00:00,0.0,7.395510265288067,-0.0,44.931736485346974,3.5594177642128576e-14,-0.0,-0.0,-0.0,-5.445026799792014e-13
2040-05-18 10:00:00,0.0,7.375913947530193,-0.0,45.3227251874104,-0.0,-0.0,-0.0,-0.0,-0.0
2040-05-18 11:00:00,0.0,7.372798860911303,-0.0,44.37258622755982,-0.0,-0.0,-0.0,-0.0,-0.0
2040-05-18 12:00:00,0.0,7.148048147943008,-0.0,42.70430327615814,-0.0,-0.0,-0.0,-0.0,-0.0
2040-05-18 13:00:00,0.0,7.135738971142172,-0.0,44.34119992826252,-0.0,-0.0,-0.0,-5.553927669134618e-13,-0.0
2040-05-18 14:00:00,0.0,7.195279226394782,-0.0,42.843335730567595,-0.0,-0.0,-0.0,-0.0,-0.0
2040-05-18 15:00:00,0.0,7.356336071679337,-0.0,43.96386622222528,-0.0,-0.0,-0.0,-0.0,-0.0
2040-05-18 16:00:00,0.0,7.434145332021145,-0.0,44.872081767533686,-0.0,-0.0,-0.0,-0.0,-0.0
2040-05-18 17:00:00,0.0,7.505547335525506,-0.0,44.87856153663761,-0.0,-0.0,-0.0,-0.0,-0.0
2040-05-18 18:00:00,0.0,7.682319929061855,-0.0,46.4996047441098,-0.0,-0.0,-0.0,-0.0,-0.0
2040-05-18 19:00:00,0.0,7.875448042389617,-0.0,48.42974351871853,-0.0,-0.0,-0.0,-0.0,-0.0
2040-05-18 20:00:00,0.0,8.146628902368406,-0.0,50.77271513813155,-0.0,-0.0,-0.0,-0.0,-0.0
2040-05-18 21:00:00,0.0,8.534544510579122,-0.0,52.26656691185131,-0.0,-0.0,-0.0,-0.0,-0.0
2040-05-18 22:00:00,0.0,8.616508005807873,-0.0,53.04527578946247,-0.0,-0.0,-0.0,-0.0,-0.0
2040-05-18 23:00:00,0.0,8.552813465777335,-0.0,51.858685786019606,-0.0,-0.0,-0.0,-0.0,-0.0
2040-05-19 00:00:00,0.0,8.262993289546376,-0.0,51.06860051133829,-0.0,-0.0,-0.0,-0.0,-0.0
2040-05-19 01:00:00,0.0,8.371672072521797,-0.0,51.25410622831182,-0.0,-0.0,-0.0,-0.0,-0.0
2040-05-19 02:00:00,0.0,8.360597747788827,-0.0,52.14078341341394,-0.0,-0.0,-0.0,-0.0,-0.0
2040-05-19 03:00:00,0.0,8.567926544653234,-0.0,50.86825370676527,-0.0,-0.0,-0.0,-0.0,-0.0
2040-05-19 04:00:00,0.0,8.121365044188208,-0.0,51.07872692380748,-0.0,-0.0,-0.0,-0.0,-0.0
2040-05-19 05:00:00,0.0,8.059012272737222,-0.0,49.332130918305324,-0.0,-0.0,-0.0,-0.0,-0.0
2040-05-19 06:00:00,0.0,8.00904820998482,-0.0,47.70095789805144,-0.0,-0.0,-0.0,-0.0,-0.0
2040-05-19 07:00:00,0.0,7.643518698294446,-0.0,45.54483509646245,-0.0,-0.0,-0.0,-0.0,-0.0
2040-05-19 08:00:00,0.0,7.431473204808114,-0.0,44.702846263210205,-0.0,-0.0,-0.0,-0.0,-0.0
2040-05-19 09:00:00,0.0,7.358985402379546,-0.0,42.87070240870893,-0.0,-0.0,-0.0,-0.0,-0.0
2040-05-19 10:00:00,0.0,6.964495694090954,-0.0,42.48145564755691,-0.0,-0.0,-0.0,-0.0,-0.0
2040-05-19 11:00:00,0.0,6.832309922165007,-0.0,39.9513349969254,-0.0,-0.0,-0.0,-0.0,-0.0
2040-05-19 12:00:00,0.0,6.874034372762812,-0.0,40.40319344911752,-0.0,-0.0,-0.0,-0.0,-0.0
2040-05-19 13:00:00,0.0,6.8518557379014675,-0.0,40.42026159071988,-0.0,-0.0,-0.0,-0.0,-5.443393455097436e-13
2040-05-19 14:00:00,0.0,6.886663967612826,-0.0,39.43738768908606,-0.0,-0.0,-0.0,-0.0,5.442849115751926e-13
2040-05-19 15:00:00,0.0,6.790321174181702,-0.0,41.20746958166607,-0.0,-0.0,-0.0,-0.0,-0.0
2040-05-19 16:00:00,0.0,7.180220869593993,-0.0,42.655535832300856,-0.0,-0.0,-0.0,-0.0,-0.0
2040-05-19 17:00:00,0.0,7.389200861034602,-0.0,43.70380389171896,-0.0,-0.0,-0.0,-0.0,-0.0
2040-05-19 18:00:00,0.0,7.437309626928692,-0.0,44.56479100398062,-0.0,-0.0,-0.0,-0.0,-0.0
2040-05-19 19:00:00,0.0,7.500358234937807,-0.0,45.191717588898484,-0.0,-0.0,-0.0,-0.0,-0.0
2040-05-19 20:00:00,0.0,7.772433530808318,-0.0,46.5859068037678,-0.0,-0.0,-0.0,-0.0,-0.0
2040-05-19 21:00:00,0.0,8.03504354569661,-0.0,48.623691769796665,-0.0,-0.0,-0.0,-0.0,-0.0
2040-05-19 22:00:00,0.0,8.151676022010237,-0.0,50.322919521978214,-0.0,-0.0,-0.0,-0.0,-0.0
2040-05-19 23:00:00,0.0,8.3293344102884,-0.0,50.616691861894694,-0.0,-0.0,-0.0,-0.0,-0.0
2040-05-20 00:00:00,0.0,8.280170897234605,-0.0,49.574731052337306,6.133171864865252e-13,-0.0,-0.0,-0.0,-5.443937848882324e-13
2040-05-20 01:00:00,0.0,8.48365162324164,-0.0,51.0447072634461,-0.0,-0.0,-0.0,-0.0,-0.0
2040-05-20 02:00:00,0.0,8.56956791396381,-0.0,51.01459603834201,-0.0,-0.0,-0.0,-0.0,-0.0
2040-05-20 03:00:00,0.0,8.347358546343878,-0.0,50.864064225777106,-0.0,-0.0,-0.0,-0.0,-0.0
2040-05-20 04:00:00,0.0,8.240290016173383,-0.0,49.13158796725908,-0.0,-0.0,-0.0,-0.0,-0.0
2040-05-20 05:00:00,0.0,8.100841431631425,-0.0,48.66679835728331,-0.0,-0.0,-0.0,-0.0,-0.0
2040-05-20 06:00:00,0.0,7.898225816005746,-0.0,47.44707185329816,-0.0,-0.0,-0.0,-0.0,-0.0
2040-05-20 07:00:00,0.0,7.859514484497997,-0.0,45.94485370104151,-0.0,-0.0,-0.0,-0.0,-0.0
2040-05-20 08:00:00,0.0,7.5888367713182285,-0.0,45.67942717341347,-0.0,-0.0,-0.0,-0.0,-0.0
2040-05-20 09:00:00,0.0,7.351159863179695,-0.0,43.64170891379256,-0.0,-0.0,-0.0,-0.0,-0.0
2040-05-20 10:00:00,0.0,7.063681842958388,-0.0,42.64643649438488,-0.0,-0.0,-0.0,-0.0,-0.0
2040-05-20 11:00:00,0.0,6.91611646091544,-0.0,40.84414034689734,-0.0,-0.0,-0.0,-0.0,-0.0
2040-05-20 12:00:00,0.0,6.977749228490147,-0.0,41.04218446505581,-0.0,-0.0,-0.0,-0.0,-0.0
2040-05-20 13:00:00,0.0,6.831130040407778,-0.0,39.206176398227335,-0.0,-0.0,-0.0,-0.0,-0.0
2040-05-20 14:00:00,0.0,7.02636192486451,-0.0,41.99817245673266,-0.0,-0.0,-0.0,-0.0,-0.0
2040-05-20 15:00:00,0.0,6.944521087365014,-0.0,41.05421075786934,-0.0,-0.0,-0.0,-0.0,-0.0
2040-05-20 16:00:00,0.0,6.934896260640245,-0.0,42.496245659310425,-0.0,-0.0,-0.0,-0.0,-0.0
2040-05-20 17:00:00,0.0,7.386412232495423,-0.0,42.52820903161886,-0.0,-0.0,-0.0,-0.0,-0.0
2040-05-20 18:00:00,0.0,7.381297923015218,-0.0,45.746034500330474,-0.0,-0.0,-0.0,-0.0,-0.0
2040-05-20 19:00:00,0.0,7.911449784092626,-0.0,45.27930782776968,-0.0,-0.0,-0.0,-0.0,-0.0
2040-05-20 20:00:00,0.0,7.892548168767289,-0.0,46.79882709057038,-0.0,-0.0,-0.0,-0.0,-0.0
2040-05-20 21:00:00,0.0,7.808361891589896,-0.0,48.22410483411573,-0.0,-0.0,-0.0,-0.0,-0.0
2040-05-20 22:00:00,0.0,8.060885461450745,-0.0,49.42065935138111,-0.0,-0.0,-0.0,-0.0,-0.0
2040-05-20 23:00:00,0.0,8.426874565683098,-0.0,49.861106950047144,-0.0,-0.0,-0.0,-0.0,-0.0
2040-05-21 00:00:00,1.0331635246505053,8.76590375123231,-0.0,54.02995143614449,-0.0,-0.0,-0.0,-0.0,-0.0
2040-05-21 01:00:00,0.4151822203099096,8.76590375123231,-0.0,55.657297002366995,-0.0,-0.0,-0.0,-0.0,-0.0
2040-05-21 02:00:00,0.44786269699045034,8.76590375123231,-0.0,54.53333747573307,-0.0,-0.0,-0.0,-0.0,-0.0
2040-05-21 03:00:00,0.0,8.69904781107542,-0.0,54.89623319258865,-0.0,-0.0,-0.0,-0.0,-0.0
2040-05-21 04:00:00,0.0,8.67736363365754,-0.0,53.982320323008715,-0.0,-0.0,-0.0,-0.0,-0.0
2040-05-21 05:00:00,0.0,8.631830646966561,-0.0,51.96723587742704,-0.0,-0.0,-0.0,-0.0,-0.0
2040-05-21 06:00:00,0.0,8.185857475594487,-0.0,50.61217657121713,-0.0,-0.0,-0.0,-0.0,-0.0
2040-05-21 07:00:00,0.0,8.169832545517837,-0.0,49.190813462895605,-0.0,-0.0,-0.0,-0.0,-0.0
2040-05-21 08:00:00,0.0,8.021325711766861,-0.0,46.92265960443932,-0.0,-0.0,-0.0,-0.0,-0.0
2040-05-21 09:00:00,0.0,7.589950021536832,-0.0,46.081581693361805,-0.0,-0.0,-0.0,-0.0,-0.0
2040-05-21 10:00:00,0.0,7.45459192364327,-0.0,45.27372362542553,-0.0,-0.0,-0.0,-0.0,-0.0
2040-05-21 11:00:00,0.0,7.4446077274192755,-0.0,43.783738962729046,-0.0,-0.0,-0.0,-0.0,-0.0
2040-05-21 12:00:00,0.0,7.302738656658263,-0.0,43.543580029310604,-0.0,-0.0,-0.0,-0.0,-0.0
2040-05-21 13:00:00,0.0,7.305388438517061,-0.0,42.39694823130332,-0.0,-0.0,-0.0,-0.0,-0.0
2040-05-21 14:00:00,0.0,7.08532036055318,-0.0,43.973423841836976,-0.0,-0.0,-0.0,-0.0,-0.0
2040-05-21 15:00:00,0.0,7.157643614845338,-0.0,43.42060645489786,-0.0,-0.0,-0.0,-0.0,-0.0
2040-05-21 16:00:00,0.0,7.553170232164905,-0.0,43.95266232481643,-0.0,-0.0,-0.0,-0.0,-0.0
2040-05-21 17:00:00,0.0,7.5886081953173345,-0.0,46.646944409741366,-0.0,-0.0,-0.0,-0.0,-0.0
2040-05-21 18:00:00,0.0,7.787793841187203,-0.0,48.02091300827232,-0.0,-0.0,-0.0,-0.0,-0.0
2040-05-21 19:00:00,0.0,7.947908920994064,-0.0,48.90104362784721,-0.0,-0.0,-0.0,-0.0,-0.0
2040-05-21 20:00:00,0.0,8.365684307865587,-0.0,50.91210407630768,-0.0,-0.0,-0.0,-0.0,-0.0
2040-05-21 21:00:00,0.0,8.501016789858026,-0.0,52.281226418619,-0.0,-0.0,-0.0,-0.0,-0.0
2040-05-21 22:00:00,0.0,8.427876994580956,-0.0,52.71503993249344,-0.0,-0.0,-0.0,-0.0,-0.0
2040-05-21 23:00:00,0.0,8.73625579574532,-0.0,54.02367244717178,-0.0,-0.0,-0.0,-0.0,-0.0
2040-05-22 00:00:00,0.0,8.592518953463559,-0.0,54.242475013045805,-0.0,-0.0,-0.0,-0.0,-0.0
2040-05-22 01:00:00,0.5638745918862644,8.76590375123231,-0.0,56.03343549175814,-0.0,-0.0,-0.0,-0.0,-0.0
2040-05-22 02:00:00,0.12423841358719155,8.76590375123231,-0.0,54.234203422677254,-0.0,-0.0,-0.0,-0.0,-0.0
2040-05-22 03:00:00,0.0,8.66080898001643,-0.0,52.16472644246308,-0.0,-0.0,-0.0,-0.0,-0.0
2040-05-22 04:00:00,0.0,8.730696993996993,-0.0,52.874965756385585,-0.0,-0.0,-0.0,-0.0,-0.0
2040-05-22 05:00:00,0.0,8.484882665370275,-0.0,53.40645301595464,-0.0,-0.0,-0.0,-0.0,-0.0
2040-05-22 06:00:00,0.0,8.119091473411675,-0.0,49.578345288948825,-0.0,-0.0,-0.0,-0.0,-0.0
2040-05-22 07:00:00,23.352321729038177,1.0858851644318523,-0.0,40.91984620803926,-0.0,-0.0,-0.0,-0.0,-0.0
2040-05-22 08:00:00,26.26807341485614,2.792723577219518e-16,-0.0,39.410740364542605,-0.0,-0.0,-0.0,-0.0,-0.0
2040-05-22 09:00:00,25.693060885938635,2.835283053822995e-16,-0.0,39.89552243453268,-0.0,-0.0,-0.0,-0.0,-0.0
2040-05-22 10:00:00,25.736263965307803,-3.0891040810745307e-16,-0.0,36.57749469731463,-0.0,-0.0,-0.0,-0.0,-0.0
2040-05-22 11:00:00,0.0,7.317619151820281,-0.0,43.98522263752202,-0.0,-0.0,-0.0,-0.0,-0.0
2040-05-22 12:00:00,24.67420055906771,-3.010495597926559e-16,-0.0,34.47645473309324,-0.0,-0.0,-0.0,-0.0,-0.0
2040-05-22 13:00:00,24.077858598652504,5.863562525408129e-17,-0.0,35.89904588259226,-0.0,-0.0,-0.0,-0.0,-0.0
2040-05-22 14:00:00,0.0,7.321269564907145,-0.0,42.712830266219555,-0.0,-0.0,-0.0,-0.0,-0.0
2040-05-22 15:00:00,24.35801251534417,-4.1713308744431887e-16,-0.0,37.674584877186284,-0.0,-0.0,-0.0,-0.0,-0.0
2040-05-22 16:00:00,0.0,7.540903162796244,-0.0,43.73550264001473,-0.0,-0.0,-0.0,-0.0,-0.0
2040-05-22 17:00:00,25.141093392611594,5.244612641019083e-16,-0.0,38.07713379629166,-0.0,-0.0,-0.0,-0.0,-0.0
2040-05-22 18:00:00,0.0,7.860967156360346,-0.0,46.69837639854534,-0.0,-0.0,-0.0,-0.0,-0.0
2040-05-22 19:00:00,0.0,8.103843194430885,-0.0,49.922742899566686,-0.0,-0.0,-0.0,-0.0,-0.0
2040-05-22 20:00:00,27.65204635706265,-3.2309004625077095e-16,-0.0,43.419201685906984,-0.0,-0.0,-0.0,-0.0,-0.0
2040-05-22 21:00:00,0.0,8.517961875737464,-0.0,51.40863107102009,-0.0,-0.0,-0.0,-0.0,-0.0
2040-05-22 22:00:00,28.0,0.11768869777030681,-0.0,44.6037141521582,-0.0,-0.0,-0.0,-0.0,-0.0
2040-05-22 23:00:00,0.3143734734077646,8.76590375123231,-0.0,53.82851174125081,-0.0,-0.0,-0.0,-0.0,-0.0
2040-05-23 00:00:00,0.2926255897182222,8.76590375123231,-0.0,54.92747258154142,-0.0,-0.0,-0.0,-0.0,-0.0
2040-05-23 01:00:00,0.35178101620216484,8.76590375123231,-0.0,53.72724588219538,-0.0,-0.0,-0.0,-0.0,-0.0
2040-05-23 02:00:00,0.6992555024234794,8.76590375123231,-0.0,52.46181364125896,-0.0,-0.0,-0.0,-0.0,-0.0
2040-05-23 03:00:00,0.0,8.750287445942726,-0.0,53.63805235619847,-0.0,-0.0,-0.0,-0.0,-0.0
2040-05-23 04:00:00,28.0,0.25803899016356696,-0.0,44.06347369363637,-0.0,-0.0,-0.0,-0.0,-0.0
2040-05-23 05:00:00,0.0,8.457295941881066,-0.0,51.22500810626143,-0.0,-0.0,-0.0,-0.0,-0.0
2040-05-23 06:00:00,0.0,8.443035120716145,-0.0,50.052471706249136,-0.0,-0.0,-0.0,-0.0,-0.0
2040-05-23 07:00:00,26.472608415540936,-7.75128732721115e-17,-0.0,39.81093889112288,-0.0,-0.0,-0.0,-0.0,-0.0
2040-05-23 08:00:00,0.0,7.907178416792029,-0.0,47.87087187840188,-0.0,-0.0,-0.0,-0.0,-0.0
2040-05-23 09:00:00,0.0,7.8758544403046455,-0.0,46.46743030838831,-0.0,-0.0,-0.0,-0.0,-0.0
2040-05-23 10:00:00,24.892258032878743,2.894554371533169e-16,-0.0,37.29161201396316,-0.0,-0.0,-0.0,-0.0,-0.0
2040-05-23 11:00:00,0.0,7.355648856683152,-0.0,43.72235045259216,-0.0,-0.0,-0.0,-0.0,-0.0
2040-05-23 12:00:00,0.0,7.2460426858890115,-0.0,42.97044553018276,-0.0,-0.0,-0.0,-0.0,-0.0
2040-05-23 13:00:00,0.0,7.205935921655976,-0.0,42.390213199035195,-0.0,-0.0,-0.0,-0.0,-0.0
2040-05-23 14:00:00,0.0,7.330771130947395,-0.0,44.06314318922027,-0.0,-0.0,-0.0,-0.0,-0.0
2040-05-23 15:00:00,0.0,7.517595913151934,-0.0,45.10661880158288,-0.0,-0.0,-0.0,-0.0,-0.0
2040-05-23 16:00:00,0.0,7.629340565914622,-0.0,44.32709485397143,-0.0,-0.0,-0.0,-0.0,-0.0
2040-05-23 17:00:00,24.85208035873217,-3.023661347873439e-16,-0.0,37.952820680393415,-0.0,-0.0,-0.0,-0.0,-0.0
2040-05-23 18:00:00,0.0,7.745101238580389,-0.0,46.12940985312771,-0.0,-0.0,-0.0,-0.0,-0.0
2040-05-23 19:00:00,0.0,8.244617147870658,-0.0,49.28217706000969,-0.0,-0.0,-0.0,-0.0,-0.0
2040-05-23 20:00:00,0.0,8.166614091758566,-0.0,51.48451439888855,-0.0,-0.0,-0.0,-0.0,-0.0
2040-05-23 21:00:00,0.0,8.347599844845563,-0.0,51.72178917750677,-0.0,-0.0,-0.0,-0.0,-0.0
2040-05-23 22:00:00,28.0,0.3995590162636691,-0.0,45.54877504195104,-0.0,-0.0,-0.0,-0.0,-0.0
2040-05-23 23:00:00,0.11809637210960934,8.76590375123231,-0.0,51.77853734185066,-0.0,-0.0,-0.0,-0.0,-0.0
2040-05-24 00:00:00,1.3337682820404249,8.76590375123231,-0.0,52.44564404857396,-0.0,-0.0,-0.0,-0.0,-0.0
2040-05-24 01:00:00,28.0,0.5628927465267833,-0.0,47.67675564350803,-0.0,-0.0,-0.0,-0.0,-0.0
2040-05-24 02:00:00,6.842095638091266,6.930934448953348,-0.0,51.668763956658815,-0.0,-0.0,-0.0,-0.0,-0.0
2040-05-24 03:00:00,0.9511489919365059,8.76590375123231,-0.0,53.47415006046976,-0.0,-0.0,-0.0,-0.0,-0.0
2040-05-24 04:00:00,0.0,8.475138368960279,-0.0,52.37700442292467,-0.0,-0.0,-0.0,-0.0,-0.0
2040-05-24 05:00:00,0.0,8.5708810050188,-0.0,53.49523558152416,-0.0,-0.0,-0.0,-0.0,-0.0
2040-05-24 06:00:00,0.0,8.375481343951005,-0.0,49.98348249206683,-0.0,-0.0,-0.0,-0.0,-0.0
2040-05-24 07:00:00,0.0,8.283328979873565,-0.0,48.15815409926821,-0.0,-0.0,-0.0,-0.0,-0.0
2040-05-24 08:00:00,0.0,7.910959322219415,-0.0,49.042392015602275,-0.0,-0.0,-0.0,-0.0,-0.0
2040-05-24 09:00:00,0.0,7.700577275406997,-0.0,46.18988589972069,-0.0,-0.0,-0.0,-0.0,-0.0
2040-05-24 10:00:00,0.0,7.574023144043047,-0.0,45.02935179821298,-0.0,-0.0,-0.0,-0.0,-0.0
2040-05-24 11:00:00,0.0,7.434723346830683,-0.0,43.0565850418664,-0.0,-0.0,-0.0,-0.0,-0.0
2040-05-24 12:00:00,0.0,7.380391880796523,-0.0,44.205776171061295,-0.0,-0.0,-0.0,-0.0,-0.0
2040-05-24 13:00:00,0.0,7.071146976135055,-0.0,43.42458921603521,-0.0,-0.0,-0.0,-0.0,-0.0
2040-05-24 14:00:00,0.0,7.4349702128831865,-0.0,43.54745856898839,-0.0,-0.0,-0.0,-0.0,-0.0
2040-05-24 15:00:00,0.0,7.538238358863925,-0.0,43.7606411593823,-0.0,-0.0,-0.0,-0.0,-0.0
2040-05-24 16:00:00,0.0,7.528855280053802,-0.0,45.56264311469072,-0.0,-0.0,-0.0,-0.0,-0.0
2040-05-24 17:00:00,0.0,7.852592388008695,-0.0,46.420449626867104,-0.0,-0.0,-0.0,-0.0,-0.0
2040-05-24 18:00:00,0.0,7.964115621937684,-0.0,47.36481216259927,-0.0,-0.0,-0.0,-0.0,-0.0
2040-05-24 19:00:00,0.0,8.162762845876166,-0.0,47.77796432920885,-0.0,-0.0,-0.0,-0.0,-0.0
2040-05-24 20:00:00,0.0,8.47132753091571,-0.0,50.88803062460115,-0.0,-0.0,-0.0,-0.0,-0.0
2040-05-24 21:00:00,2.469167250986833,7.766843310809861,-0.0,52.95097201859534,-0.0,-0.0,-0.0,-0.0,-0.0
2040-05-24 22:00:00,0.0,8.578309400721453,-0.0,52.95085224737976,-0.0,-0.0,-0.0,-0.0,-0.0
2040-05-24 23:00:00,28.0,0.520949674636361,-0.0,46.34998403021206,-0.0,-0.0,-0.0,-0.0,-0.0
2040-05-25 00:00:00,28.0,0.5549273041906188,-0.0,46.2993727462869,-0.0,-0.0,-0.0,-0.0,6.05836274530499e-14
2040-05-25 01:00:00,28.0,0.6379832975527916,-0.0,46.436164195029875,-0.0,-0.0,-0.0,-0.0,-0.0
2040-05-25 02:00:00,28.0,0.6218308503686939,-0.0,47.00725318103661,-0.0,-0.0,-0.0,-0.0,-0.0
2040-05-25 03:00:00,0.0,8.717510231228752,-0.0,53.476187924717294,-0.0,5.39845674540785e-14,-0.0,-0.0,-0.0
2040-05-25 04:00:00,28.0,0.06766157848346739,-0.0,43.86886996384377,-0.0,-0.0,-0.0,-0.0,-0.0
2040-05-25 05:00:00,28.0,0.2494993119349315,-0.0,42.60184714714817,-0.0,-0.0,-0.0,-0.0,-5.912988821331111e-14
2040-05-25 06:00:00,0.0,8.571270362222705,-0.0,51.31835097644837,-0.0,-0.0,-0.0,-0.0,-0.0
2040-05-25 07:00:00,27.93932973063153,-3.2521637035695867e-16,-0.0,42.314157142856466,-0.0,-0.0,-0.0,-0.0,-0.0
2040-05-25 08:00:00,0.0,7.871934082809376,-0.0,46.411079958947525,-0.0,-0.0,-0.0,-0.0,-0.0
2040-05-25 09:00:00,25.55387683091083,-4.2598426142745026e-16,-0.0,38.42674525952439,-0.0,-0.0,-0.0,-0.0,-0.0
2040-05-25 10:00:00,0.0,7.503948063121378,-0.0,44.52425459395878,-0.0,-5.938111140947342e-14,-0.0,-0.0,-0.0
2040-05-25 11:00:00,24.551623416612582,1.7355285048638716e-16,-0.0,36.60229567254512,-0.0,-0.0,-0.0,-0.0,-0.0
2040-05-25 12:00:00,25.338496752069318,2.861526071498194e-16,-0.0,36.276326781508374,-0.0,-0.0,-0.0,-0.0,-0.0
2040-05-25 13:00:00,24.46592179877953,-2.995079872912404e-16,-0.0,36.071428722829666,-0.0,-0.0,-0.0,-0.0,-0.0
2040-05-25 14:00:00,24.45243025188279,-2.994081297845566e-16,-0.0,36.589270751711545,-0.0,-0.0,-0.0,-0.0,-0.0
2040-05-25 15:00:00,25.09205988071045,-1.85718550765586e-16,-0.0,36.83902136392675,-0.0,-0.0,-0.0,-0.0,-0.0
2040-05-25 16:00:00,24.778230236522106,5.3451833799699526e-17,-0.0,37.89862196270984,-0.0,-0.0,-0.0,-0.0,-0.0
2040-05-25 17:00:00,0.0,7.6781828151371485,-0.0,45.344660027113214,-0.0,-0.0,-0.0,-0.0,-0.0
2040-05-25 18:00:00,25.843990921984986,-3.097077477586251e-16,-0.0,40.47451695911529,-0.0,-0.0,-0.0,-0.0,-0.0
2040-05-25 19:00:00,27.257052044360663,5.088000240063975e-16,-0.0,40.58211301679328,-0.0,-0.0,-0.0,-0.0,-0.0
2040-05-25 20:00:00,28.0,0.18729752976894862,-0.0,42.30561282956259,-0.0,-0.0,-0.0,-0.0,-0.0
2040-05-25 21:00:00,28.0,0.21762262079774267,-0.0,43.731100948788274,-0.0,-0.0,-0.0,-0.0,-0.0
2040-05-25 22:00:00,28.0,0.43181465989538453,-0.0,44.57869425792092,-0.0,-0.0,-0.0,-0.0,-0.0
2040-05-25 23:00:00,28.0,0.499461565289441,-0.0,45.621603053551354,-0.0,-0.0,-0.0,-0.0,5.952342614571784e-14
2040-05-26 00:00:00,0.0,8.619659491385354,-0.0,52.35392260087471,-0.0,-0.0,-0.0,-0.0,-1.1444029042738884e-14
2040-05-26 01:00:00,26.521115702088217,0.7951093817481445,-0.0,44.897857619355975,-0.0,-0.0,-0.0,-0.0,-5.437921328148464e-13
2040-05-26 02:00:00,28.0,0.4321044181180258,-0.0,43.89003968419342,-0.0,-0.0,-4.79790949619068e-13,-0.0,-0.0
2040-05-26 03:00:00,28.0,0.3207615255845708,-0.0,43.3467991152377,-0.0,-0.0,-0.0,-0.0,-0.0
2040-05-26 04:00:00,24.005245326328982,1.0458143430777136,-0.0,41.76352033971568,-0.0,-0.0,-0.0,-0.0,-0.0
2040-05-26 05:00:00,26.76084236786691,3.940489240989486e-16,-0.0,41.09408066620064,-0.0,-0.0,-0.0,-0.0,-0.0
2040-05-26 06:00:00,27.991108170052016,2.665193386722996e-16,-0.0,38.30008012280149,-0.0,-0.0,-0.0,-0.0,-0.0
2040-05-26 07:00:00,6.26620939563369,5.861418979092714,-0.0,43.22411877209648,-0.0,-0.0,-0.0,-0.0,-0.0
2040-05-26 08:00:00,25.63412199643885,-1.8973061637664397e-16,-0.0,36.531936819912055,-0.0,-0.0,-0.0,-0.0,-0.0
2040-05-26 09:00:00,24.874395116562884,1.7116385999983897e-16,-0.0,38.3609572685761,-0.0,-0.0,-0.0,-0.0,-0.0
2040-05-26 10:00:00,24.520520437419773,4.106306373639825e-16,-0.0,35.16697953125497,-0.0,-0.0,-0.0,-0.0,-0.0
2040-05-26 11:00:00,23.924865277341166,-5.323509431597774e-16,-0.0,33.65580578590421,-0.0,-0.0,-0.0,-0.0,-0.0
2040-05-26 12:00:00,23.41190278335558,3.004122670376191e-16,-0.0,34.78436281900052,-0.0,-0.0,-0.0,-0.0,-0.0
2040-05-26 13:00:00,23.596889203391836,-5.299234325676127e-16,-0.0,34.62737889633053,-0.0,-0.0,-0.0,-0.0,-0.0
2040-05-26 14:00:00,0.0,7.121907590874805,-0.0,41.432937508230296,-0.0,-0.0,-0.0,-0.0,-0.0
2040-05-26 15:00:00,0.0,7.276616024193341,-0.0,42.29745907243735,-0.0,-0.0,-0.0,-0.0,-0.0
2040-05-26 16:00:00,0.0,7.198150150743551,-0.0,41.82143981969079,-0.0,-5.454713524036654e-14,-0.0,-0.0,-0.0
2040-05-26 17:00:00,25.013356121748643,2.885591312433071e-16,-0.0,37.02481512838597,-0.0,-0.0,-0.0,-0.0,-0.0
2040-05-26 18:00:00,24.944617534613354,4.0749168828410914e-16,-0.0,36.26145914805022,-0.0,-0.0,-0.0,-0.0,-0.0
2040-05-26 19:00:00,26.361588046483668,-4.3196252535262986e-16,-0.0,38.05031265359183,-0.0,-0.0,-0.0,-0.0,-0.0
2040-05-26 20:00:00,26.79505121318609,-3.1674700797927956e-16,-0.0,39.52366042502553,-0.0,-0.0,-0.0,-0.0,-0.0
2040-05-26 21:00:00,26.813596653318864,-8.003669322349427e-17,-0.0,39.69341332536125,-0.0,-0.0,-0.0,-0.0,-0.0
2040-05-26 22:00:00,0.0,8.58014086822367,-0.0,49.881883323560764,-0.0,-0.0,-0.0,-0.0,-0.0
2040-05-26 23:00:00,28.0,0.20213231992649675,-0.0,44.48292962633309,-0.0,-0.0,-0.0,-0.0,-0.0
2040-05-27 00:00:00,28.0,0.27842349907364844,-0.0,42.18431772137587,-0.0,-0.0,-0.0,-0.0,-0.0
2040-05-27 01:00:00,0.0,8.707259543494395,-0.0,53.0440706337284,-0.0,-0.0,-0.0,-0.0,-0.0
2040-05-27 02:00:00,0.0,8.72485885373194,-0.0,50.502951405928954,-0.0,-0.0,-0.0,-0.0,-0.0
2040-05-27 03:00:00,0.0,8.442628699650493,-0.0,50.53262152479339,-0.0,-0.0,-0.0,-0.0,-0.0
2040-05-27 04:00:00,0.0,8.53183046951783,-0.0,51.94269887440099,-0.0,-0.0,-0.0,-0.0,-0.0
2040-05-27 05:00:00,27.830809071030668,-8.756557753734938e-17,-0.0,41.9156949955665,-0.0,-0.0,-0.0,-0.0,-0.0
2040-05-27 06:00:00,0.0,8.276449255666163,-0.0,47.21410623543936,-0.0,-0.0,-0.0,-0.0,-0.0
2040-05-27 07:00:00,0.0,7.96045539888651,-0.0,47.5664392704566,-0.0,-0.0,-0.0,-0.0,-0.0
2040-05-27 08:00:00,25.506790135083346,4.0333077518507456e-16,-0.0,37.14550327783326,-0.0,-0.0,-0.0,-0.0,-0.0
2040-05-27 09:00:00,0.0,7.614289117677248,-0.0,44.629870452712204,-0.0,-0.0,-0.0,-0.0,-0.0
2040-05-27 10:00:00,24.3671349168185,-1.8035302819199666e-16,-0.0,35.83658271125187,-0.0,-0.0,-0.0,-0.0,-0.0
2040-05-27 11:00:00,24.053759945154887,5.881399112058474e-17,-0.0,34.73495121314437,-0.0,-0.0,-0.0,-0.0,-0.0
2040-05-27 12:00:00,23.5161424363075,1.8121694932569469e-16,-0.0,34.20965052355666,-0.0,-0.0,-0.0,-0.0,-0.0
2040-05-27 13:00:00,23.887297949607973,4.1531742526850975e-16,-0.0,33.70743518192772,-0.0,-0.0,-0.0,-0.0,-0.0
2040-05-27 14:00:00,0.0,7.067779252563558,-0.0,42.414486855449006,-0.0,-0.0,-0.0,-0.0,-0.0
2040-05-27 15:00:00,0.0,7.081097268063746,-0.0,41.50841368064219,-0.0,-0.0,-0.0,-0.0,-0.0
2040-05-27 16:00:00,0.0,7.21508814120734,-0.0,41.905719988439664,-0.0,-0.0,-0.0,-0.0,-0.0
2040-05-27 17:00:00,0.0,7.661264834088974,-0.0,44.32866814532778,-0.0,-0.0,-0.0,-0.0,-0.0
2040-05-27 18:00:00,0.0,7.4795309286548175,-0.0,44.18784578421532,-0.0,-0.0,-0.0,-0.0,-0.0
2040-05-27 19:00:00,2.270183935201568,7.336489560963404,-0.0,45.87702078852376,-0.0,-0.0,-0.0,-0.0,-0.0
2040-05-27 20:00:00,27.47154265743113,-2.0333026120168133e-16,-0.0,40.16098344757687,-0.0,-0.0,-0.0,-0.0,-0.0
2040-05-27 21:00:00,28.0,0.06079499672931806,-0.0,40.72364397355842,-0.0,-0.0,-0.0,-0.0,-0.0
2040-05-27 22:00:00,0.0,8.486715444618115,-0.0,49.68828183262601,-0.0,-0.0,-0.0,-0.0,-0.0
2040-05-27 23:00:00,28.0,0.12104718127917928,-0.0,42.82730639417803,-0.0,-0.0,-0.0,-0.0,-0.0
2040-05-28 00:00:00,28.0,0.7997067691815919,-0.0,46.64163485493858,-0.0,-0.0,-0.0,-0.0,-0.0
2040-05-28 01:00:00,0.6144534454091527,8.76590375123231,-0.0,54.50891064853224,-0.0,-0.0,-0.0,-0.0,-0.0
2040-05-28 02:00:00,0.750127455279107,8.765903751232308,-0.0,53.93989939459061,-0.0,-0.0,-0.0,-0.0,-0.0
2040-05-28 03:00:00,1.0290384899929892,8.76590375123231,-0.0,55.00139471600845,-0.0,-0.0,-0.0,-0.0,-0.0
2040-05-28 04:00:00,1.2360207043247535,8.76590375123231,-0.0,54.43585004942358,-0.0,-0.0,-0.0,-0.0,-0.0
2040-05-28 05:00:00,28.0,0.3226604786060932,-0.0,43.80869681918245,-0.0,-0.0,-0.0,-0.0,-0.0
2040-05-28 06:00:00,0.0,8.608113574939237,-0.0,50.42524917751992,-0.0,-0.0,-0.0,-0.0,-0.0
2040-05-28 07:00:00,27.386446866473,5.078423099345549e-16,-0.0,40.985078203982006,-0.0,-0.0,-0.0,-0.0,-0.0
2040-05-28 08:00:00,0.0,8.060541881644903,-0.0,47.002979771112,-0.0,-0.0,-0.0,-0.0,-0.0
2040-05-28 09:00:00,25.938357255745835,2.8171274753152e-16,-0.0,38.38930396197781,-0.0,-0.0,-0.0,-0.0,-0.0
2040-05-28 10:00:00,26.10996651036631,3.988663731867473e-16,-0.0,37.62897006413322,-0.0,-0.0,-0.0,-0.0,-0.0
2040-05-28 11:00:00,0.0,7.574138510153047,-0.0,44.25822422406569,-0.0,-0.0,-0.0,-0.0,-0.0
2040-05-28 12:00:00,24.67845859485988,1.7261408158490324e-16,-0.0,36.23434645791198,-0.0,-0.0,-0.0,-0.0,-0.0
2040-05-28 13:00:00,0.0,7.593866727733148,-0.0,43.49646472934228,-0.0,-0.0,-0.0,-0.0,-0.0
2040-05-28 14:00:00,24.893761257680048,5.2596732468046175e-17,-0.0,37.49521746235825,-0.0,-0.0,-0.0,-0.0,-0.0
2040-05-28 15:00:00,24.99925241827022,-6.660784826118146e-17,-0.0,36.46839500729253,-0.0,-0.0,-0.0,-0.0,-0.0
2040-05-28 16:00:00,25.175616607665155,2.8735816239363126e-16,-0.0,37.06677947250436,-0.0,-0.0,-0.0,-0.0,-0.0
2040-05-28 17:00:00,26.534894683216443,-4.3324525214210367e-16,-0.0,40.41383444364546,-0.0,-0.0,-0.0,-0.0,-0.0
2040-05-28 18:00:00,16.954511364639966,3.017172832212492,-0.0,41.33528951814141,-0.0,-0.0,-0.0,-0.0,-0.0
2040-05-28 19:00:00,0.0,8.357895417577724,-0.0,50.545083616254246,-0.0,-0.0,-0.0,-0.0,-0.0
2040-05-28 20:00:00,0.0,8.397058259395015,-0.0,50.53456596151822,-0.0,-0.0,-0.0,-0.0,-0.0
2040-05-28 21:00:00,0.0,8.532576849952966,-0.0,53.41656896645798,-0.0,6.177650303256756e-13,-0.0,-0.0,5.758605225331537e-13
2040-05-28 22:00:00,11.258778706579378,5.265651406253364,-0.0,51.95348103253212,-0.0,-0.0,-0.0,-0.0,-0.0
2040-05-28 23:00:00,0.024515995200467187,8.76590375123231,-0.0,55.25556100426025,-0.0,-0.0,-0.0,-0.0,-0.0
2040-05-29 00:00:00,0.9618738332111053,8.76590375123231,-0.0,54.186600123566905,-0.0,-0.0,-0.0,-0.0,-0.0
2040-05-29 01:00:00,0.803226106079839,8.76590375123231,-0.0,54.40169379555116,-0.0,-0.0,-0.0,-0.0,-0.0
2040-05-29 02:00:00,1.3619667331434067,8.76590375123231,-0.0,53.65386206300926,-0.0,-0.0,-0.0,-0.0,-0.0
2040-05-29 03:00:00,0.8009966738945756,8.76590375123231,-0.0,54.548972852320816,-0.0,-0.0,-0.0,-0.0,-0.0
2040-05-29 04:00:00,0.23444728750106444,8.76590375123231,-0.0,54.5174782388106,-0.0,-0.0,-0.0,-0.0,-0.0
2040-05-29 05:00:00,0.2739598526069888,8.76590375123231,-0.0,51.85697089333988,-0.0,-0.0,-0.0,-0.0,-0.0
2040-05-29 06:00:00,0.0,8.392266757992658,-0.0,52.88884497006441,-0.0,-0.0,-0.0,-0.0,-0.0
2040-05-29 07:00:00,0.0,8.385570903005123,-0.0,49.298602869184485,-0.0,-0.0,-0.0,-0.0,-0.0
2040-05-29 08:00:00,0.0,8.10744482384149,-0.0,46.566810140801124,-0.0,-5.959760440404248e-14,-0.0,-0.0,-0.0
2040-05-29 09:00:00,0.0,7.7968876883199085,-0.0,47.48258017533851,-0.0,-0.0,-0.0,-0.0,-0.0
2040-05-29 10:00:00,21.909553690916137,1.062487804366631,-0.0,39.327502111696795,-0.0,-0.0,-0.0,-0.0,-0.0
2040-05-29 11:00:00,17.401276487021516,2.339153099110498,-0.0,39.9520239853743,-0.0,-0.0,-0.0,-0.0,-0.0
2040-05-29 12:00:00,3.8393489056452763,6.268595952130352,-0.0,41.77592307997667,-0.0,-0.0,-0.0,-0.0,-0.0
2040-05-29 13:00:00,0.0,7.578464711583247,-0.0,43.97198455805377,-0.0,-0.0,-0.0,-0.0,-5.670108185862951e-13
2040-05-29 14:00:00,0.0,7.40716986808481,-0.0,43.5578275853563,-0.0,-0.0,-0.0,-5.553927669134618e-13,-0.0
2040-05-29 15:00:00,0.0,7.552108509016809,-0.0,45.31498617443963,-0.0,-0.0,-0.0,-0.0,-0.0
2040-05-29 16:00:00,0.0,7.9381245462119265,-0.0,46.39313408696651,-0.0,-0.0,-0.0,-0.0,-0.0
2040-05-29 17:00:00,10.009796681780449,4.995874624852235,-0.0,43.50179935279267,-0.0,-0.0,-0.0,-0.0,-0.0
2040-05-29 18:00:00,0.9096406759387795,7.726449766324014,-0.0,47.787125854098356,-0.0,-0.0,-0.0,-0.0,-0.0
2040-05-29 19:00:00,28.0,0.11977929451490803,-0.0,39.760152241992024,-0.0,-0.0,-0.0,-0.0,-0.0
2040-05-29 20:00:00,27.934114675099057,-8.833019260541294e-17,-0.0,42.16544145143671,-0.0,-0.0,-0.0,-0.0,-0.0
2040-05-29 21:00:00,28.0,0.30566280689166875,-0.0,43.92414510688419,-0.0,-0.0,-0.0,-0.0,-0.0
2040-05-29 22:00:00,28.0,0.3264395340162222,-0.0,45.43737461339048,-0.0,-0.0,-0.0,-0.0,-0.0
2040-05-29 23:00:00,28.0,0.5170046541006547,-0.0,46.96041886485539,-0.0,-0.0,-0.0,-0.0,-0.0
2040-05-30 00:00:00,28.0,0.9498570598703391,-0.0,45.99085989121892,-0.0,-0.0,-0.0,-0.0,-0.0
2040-05-30 01:00:00,0.6512119738578794,8.76590375123231,-0.0,54.89752229741162,-0.0,-0.0,-0.0,-0.0,-0.0
2040-05-30 02:00:00,1.0631287116791328,8.765903751232308,-0.0,56.60069643927442,-0.0,-0.0,-0.0,-0.0,-0.0
2040-05-30 03:00:00,1.4322877250226194,8.76590375123231,-0.0,55.77188057460547,-0.0,-0.0,-0.0,-0.0,-0.0
2040-05-30 04:00:00,0.9763377377138315,8.76590375123231,-0.0,54.72326400670556,-0.0,-0.0,-0.0,-0.0,-0.0
2040-05-30 05:00:00,0.01906504602884497,8.76590375123231,-0.0,52.09278869993921,-0.0,-0.0,-0.0,-0.0,-0.0
2040-05-30 06:00:00,0.0,8.686747093331016,-0.0,50.22965806579518,-0.0,-0.0,-0.0,-0.0,-0.0
2040-05-30 07:00:00,0.0,8.542943616709492,-0.0,49.82253740263346,-0.0,-0.0,-0.0,-0.0,-0.0
2040-05-30 08:00:00,0.0,8.351555371197792,-0.0,47.847062002644805,-0.0,-0.0,-0.0,-0.0,-0.0
2040-05-30 09:00:00,25.98521423589563,-3.107530102567415e-16,-0.0,39.12730438469596,-0.0,-0.0,-0.0,-0.0,-0.0
2040-05-30 10:00:00,25.654502563559728,-3.0830525216914414e-16,-0.0,38.22737435480935,-0.0,-0.0,-0.0,-0.0,-0.0
2040-05-30 11:00:00,25.493104049686362,-3.0711066319419415e-16,-0.0,38.34929256091608,-0.0,-0.0,-0.0,-0.0,-0.0
2040-05-30 12:00:00,0.0,7.569285934621598,-0.0,43.636475112966735,-0.0,-0.0,-0.0,-0.0,-0.0
2040-05-30 13:00:00,0.0,7.6569835066101914,-0.0,44.81604921469911,-0.0,-0.0,-0.0,-0.0,-0.0
2040-05-30 14:00:00,0.0,7.67197449249369,-0.0,45.4355224032649,-0.0,-0.0,-0.0,-0.0,-0.0
2040-05-30 15:00:00,25.196375971813715,-4.23338223526831e-16,-0.0,37.20271832210349,-0.0,-0.0,-0.0,-0.0,-0.0
2040-05-30 16:00:00,0.0,7.654854140033296,-0.0,45.53991635816188,-0.0,-0.0,-0.0,-0.0,-0.0
2040-05-30 17:00:00,26.32856140472784,3.972484459548428e-16,-0.0,36.69699290262794,-0.0,-0.0,-0.0,-0.0,-0.0
2040-05-30 18:00:00,0.0,8.1725993916503,-0.0,48.68309615503312,-0.0,-0.0,-0.0,-0.0,-0.0
2040-05-30 19:00:00,28.0,0.017624771709205362,-0.0,41.76205287715852,-0.0,-0.0,-0.0,-0.0,-0.0
2040-05-30 20:00:00,27.8361714760327,-8.760526730735352e-17,-0.0,44.047328949095345,-0.0,-0.0,-0.0,-0.0,-0.0
2040-05-30 21:00:00,28.0,0.18071238596459294,-0.0,43.09819195935809,-0.0,-0.0,-0.0,-0.0,-0.0
2040-05-30 22:00:00,28.0,0.7280113034441906,-0.0,45.6536523639259,-0.0,-0.0,-0.0,-0.0,-0.0
2040-05-30 23:00:00,28.0,0.5543251176361461,-0.0,45.50276799110885,-0.0,-0.0,-0.0,-0.0,-0.0
2040-05-31 00:00:00,28.0,0.9042159378803182,-0.0,45.876945079386424,-0.0,-0.0,-0.0,-0.0,-0.0
2040-05-31 01:00:00,28.0,1.1095312175300864,-0.0,50.77629288029363,-0.0,-0.0,-0.0,-0.0,-0.0
2040-05-31 02:00:00,28.0,0.8353195098271141,-0.0,46.697437331916646,-0.0,-0.0,-0.0,-0.0,-0.0
2040-05-31 03:00:00,28.0,0.8400159467457994,-0.0,48.19367348114385,-0.0,-0.0,-0.0,-0.0,-0.0
2040-05-31 04:00:00,28.0,0.4495063643304114,-0.0,42.92678287439519,-0.0,-0.0,-0.0,-0.0,-0.0
2040-05-31 05:00:00,28.0,0.5282208372662439,-0.0,24.32144093461763,-0.0,-0.0,-0.0,-0.0,-0.0
2040-05-31 06:00:00,0.0,8.51645555574776,-0.0,50.581012261310754,-0.0,-0.0,-0.0,-0.0,-0.0
2040-05-31 07:00:00,19.757665625963178,2.4111145679138315,-0.0,44.46957868404877,-0.0,-0.0,-0.0,-0.0,-0.0
2040-05-31 08:00:00,27.253471967236212,-3.201400031533627e-16,-0.0,39.839460847021684,-0.0,-0.0,-0.0,-0.0,-0.0
2040-05-31 09:00:00,17.829758729889587,2.436403043698945,-0.0,41.24335682496294,-0.0,-0.0,-0.0,-0.0,-0.0
2040-05-31 10:00:00,25.462558222218505,5.220819463989963e-16,-0.0,37.867715748579435,-0.0,-0.0,-0.0,-0.0,-0.0
2040-05-31 11:00:00,25.177181165528328,1.6892279304586086e-16,-0.0,36.7870560331682,-0.0,-0.0,-0.0,-0.0,-0.0
2040-05-31 12:00:00,25.009259540015513,-4.219532837210439e-16,-0.0,36.854595731709864,-0.0,-0.0,-0.0,-0.0,-0.0
2040-05-31 13:00:00,0.0,7.476031376636083,-0.0,44.283747342872815,-0.0,-0.0,-0.0,-0.0,-0.0
2040-05-31 14:00:00,0.0,7.392116268623397,-0.0,44.78830838306325,-0.0,-0.0,-0.0,-0.0,-0.0
2040-05-31 15:00:00,24.948503471095243,2.890391372830629e-16,-0.0,37.160794801141414,-0.0,-0.0,-0.0,-0.0,-0.0
2040-05-31 16:00:00,0.0,7.6327291348752935,-0.0,45.54393619553419,-0.0,-0.0,-0.0,-0.0,-0.0
2040-05-31 17:00:00,0.0,8.077835817818487,-0.0,46.992082303415934,-0.0,-0.0,-0.0,-0.0,-0.0
2040-05-31 18:00:00,0.0,7.936614736660132,-0.0,47.89128172239929,-0.0,-0.0,-0.0,-0.0,-0.0
2040-05-31 19:00:00,27.776670669440517,-8.716487287093745e-17,-0.0,40.195623491321555,-0.0,-0.0,-0.0,-0.0,-0.0
2040-05-31 20:00:00,0.0,8.451523309333487,-0.0,50.38786822165948,-0.0,-0.0,-0.0,-0.0,-0.0
2040-05-31 21:00:00,28.0,0.04477604564573978,-0.0,44.27682365426082,-0.0,-0.0,-0.0,-0.0,-0.0
2040-05-31 22:00:00,0.5353952363734285,8.76590375123231,-0.0,54.431890053855604,-0.0,-0.0,-0.0,-0.0,-0.0
2040-05-31 23:00:00,28.0,0.6963006615634515,-0.0,46.351024103074565,-0.0,-0.0,-0.0,-0.0,-0.0
2040-06-01 00:00:00,28.0,0.4761470529617564,-0.0,47.43500012320742,-0.0,-0.0,-0.0,-0.0,-0.0
2040-06-01 01:00:00,28.0,0.6855697738690002,-0.0,45.39121642213133,-0.0,-0.0,-0.0,-0.0,-0.0
2040-06-01 02:00:00,28.0,0.7120839214560225,-0.0,47.42505226527975,-0.0,-0.0,-5.570058243945355e-13,5.570058243945355e-13,-0.0
2040-06-01 03:00:00,16.05926684367418,4.089467742306937,-0.0,49.77186149520647,-0.0,-0.0,-0.0,-0.0,-0.0
2040-06-01 04:00:00,0.8301578227561881,8.76590375123231,-0.0,53.5065590675475,-0.0,-0.0,-0.0,-0.0,-0.0
2040-06-01 05:00:00,0.0,8.598809510125156,-0.0,52.225323463052995,-0.0,-0.0,-0.0,-0.0,-0.0
2040-06-01 06:00:00,0.0,8.679967622783957,-0.0,50.91981380922181,-0.0,-0.0,-0.0,-0.0,-0.0
2040-06-01 07:00:00,0.0,8.410359843412175,-0.0,49.91414901149809,-0.0,-0.0,-0.0,-0.0,-0.0
2040-06-01 08:00:00,0.0,8.116033765781289,-0.0,48.91144998303581,-0.0,-0.0,-0.0,-0.0,-0.0
2040-06-01 09:00:00,0.0,8.108080029051177,-0.0,47.59236422876006,-0.0,-0.0,-0.0,-0.0,-0.0
2040-06-01 10:00:00,0.0,7.736858535284441,-0.0,45.95101031096315,-0.0,-0.0,-0.0,-0.0,-0.0
2040-06-01 11:00:00,0.0,7.74685451320881,-0.0,44.1293183547671,-0.0,-0.0,-0.0,-0.0,-0.0
2040-06-01 12:00:00,0.0,7.3360191404157105,-0.0,42.87480189069606,-0.0,-0.0,-0.0,-0.0,-0.0
2040-06-01 13:00:00,0.0,7.4427469301209,-0.0,44.77692382015602,-0.0,-0.0,-0.0,-0.0,-0.0
2040-06-01 14:00:00,0.0,7.376999483767082,-0.0,42.74520755942861,-0.0,-0.0,-0.0,-0.0,-0.0
2040-06-01 15:00:00,0.0,7.685456378541674,-0.0,43.96941507931818,-0.0,-0.0,-0.0,-0.0,-0.0
2040-06-01 16:00:00,0.0,7.635990685057116,-0.0,44.781188010809025,-0.0,-0.0,-0.0,-0.0,-0.0
2040-06-01 17:00:00,0.0,7.975240254516501,-0.0,46.93292230706912,-0.0,-0.0,-0.0,-0.0,-0.0
2040-06-01 18:00:00,0.0,8.229068030434169,-0.0,48.0502032647238,-0.0,-0.0,-0.0,-0.0,-0.0
2040-06-01 19:00:00,0.0,8.245552455782441,-0.0,49.34756517033941,-0.0,-0.0,-0.0,-0.0,-0.0
2040-06-01 20:00:00,0.0,8.605602672216184,-0.0,50.16770404684357,-0.0,-0.0,-0.0,-0.0,-0.0
2040-06-01 21:00:00,0.0,8.645050716058071,-0.0,50.360078934450996,-0.0,-0.0,-0.0,-0.0,-0.0
2040-06-01 22:00:00,0.6887186035355825,8.76590375123231,-0.0,54.75963167943697,-0.0,-0.0,-0.0,-0.0,-0.0
2040-06-01 23:00:00,0.3930693323478538,8.76590375123231,-0.0,55.36634081812758,-0.0,-0.0,-0.0,-0.0,-0.0
2040-06-02 00:00:00,0.08104509664014231,8.76590375123231,-0.0,51.92397913246327,-0.0,-0.0,-0.0,-0.0,-0.0
2040-06-02 01:00:00,0.37222260472602847,8.76590375123231,-0.0,52.66396547697044,-0.0,-0.0,-0.0,-0.0,-0.0
2040-06-02 02:00:00,0.0,8.742333609497324,-0.0,51.47645608808173,-0.0,-0.0,-0.0,-0.0,-0.0
2040-06-02 03:00:00,0.44429327059538415,8.76590375123231,-0.0,52.41214403933557,-0.0,-0.0,-0.0,-0.0,-0.0
2040-06-02 04:00:00,0.2263748695555939,8.76590375123231,-0.0,52.2037293537274,-0.0,-0.0,-0.0,-0.0,-0.0
2040-06-02 05:00:00,0.0,8.587081778369585,-0.0,50.16875514303448,-0.0,-0.0,-0.0,-0.0,-0.0
2040-06-02 06:00:00,0.0,8.215631032369206,-0.0,46.830202771621884,-0.0,-0.0,-0.0,-0.0,-0.0
2040-06-02 07:00:00,0.0,8.234741392291072,-0.0,46.08857823161116,-0.0,-0.0,-0.0,-0.0,-0.0
2040-06-02 08:00:00,0.0,7.9634349130671565,-0.0,47.277399775115335,-0.0,-0.0,-0.0,-0.0,-0.0
2040-06-02 09:00:00,0.0,7.4871528577149355,-0.0,44.98272622161649,-0.0,-0.0,-0.0,-0.0,-0.0
2040-06-02 10:00:00,0.0,7.532673193099714,-0.0,42.16819356434391,-0.0,-0.0,5.39845674540785e-14,-0.0,-0.0
2040-06-02 11:00:00,0.0,7.535525017564134,-0.0,43.045057268594654,-0.0,-0.0,-0.0,-0.0,-0.0
2040-06-02 12:00:00,0.0,7.479014088090824,-0.0,40.72780567733506,-0.0,-0.0,-0.0,-0.0,-0.0
2040-06-02 13:00:00,0.0,7.475579647247808,-0.0,41.568161754158204,-0.0,-0.0,-0.0,-0.0,-0.0
2040-06-02 14:00:00,0.0,7.287528080364031,-0.0,41.05945302843219,-0.0,-0.0,-0.0,-0.0,-0.0
2040-06-02 15:00:00,0.0,7.319208735921894,-0.0,42.674493742398894,-0.0,-0.0,-0.0,-0.0,-0.0
2040-06-02 16:00:00,0.0,7.333486937946961,-0.0,43.47390776726781,-0.0,-0.0,-0.0,-0.0,-0.0
2040-06-02 17:00:00,13.497517598114328,3.559938773094809,-0.0,39.46670617382359,-0.0,-0.0,-0.0,-0.0,-0.0
2040-06-02 18:00:00,25.78574597507751,2.828422979156234e-16,-0.0,37.689098830197786,-0.0,-0.0,-0.0,-0.0,-0.0
2040-06-02 19:00:00,0.0,8.158055390037038,-0.0,47.82665314418249,-0.0,-0.0,-0.0,-0.0,-0.0
2040-06-02 20:00:00,0.0,8.128461510450103,-0.0,50.03534151177406,-0.0,-0.0,-0.0,-0.0,-0.0
2040-06-02 21:00:00,0.0,8.577612449748877,-0.0,50.23816731598983,-0.0,-0.0,-0.0,-0.0,-0.0
2040-06-02 22:00:00,0.0,8.371401549087535,-0.0,51.19630741225388,-0.0,-0.0,-0.0,-0.0,-0.0
2040-06-02 23:00:00,0.0,8.698996786304825,-0.0,50.92422659495206,-0.0,-0.0,-0.0,-0.0,-0.0
2040-06-03 00:00:00,28.0,0.5288962336572326,-0.0,43.88945203185894,-0.0,-0.0,-0.0,-0.0,-0.0
2040-06-03 01:00:00,0.7958662836254454,8.76590375123231,-0.0,54.25312946808113,-0.0,-0.0,-0.0,-0.0,-0.0
2040-06-03 02:00:00,0.7803792961112549,8.76590375123231,-0.0,52.76229592123432,-0.0,-0.0,-0.0,-0.0,-0.0
2040-06-03 03:00:00,0.09730166302051274,8.76590375123231,-0.0,51.95098630249218,-0.0,-0.0,-0.0,-0.0,-0.0
2040-06-03 04:00:00,0.0,8.516792570064341,-0.0,50.83116286281336,-0.0,-0.0,-0.0,-0.0,-0.0
2040-06-03 05:00:00,0.0,8.409375885465382,-0.0,51.30895627156162,-0.0,-0.0,-0.0,-0.0,-0.0
2040-06-03 06:00:00,0.0,8.264281127191614,-0.0,48.36675143952115,-0.0,-0.0,-0.0,-0.0,-0.0
2040-06-03 07:00:00,17.36861242305468,2.897233723447468,-0.0,41.12452286001942,-0.0,-0.0,-0.0,-0.0,-0.0
2040-06-03 08:00:00,0.0,7.796030606979262,-0.0,45.307521528230424,-0.0,-0.0,-0.0,-0.0,-0.0
2040-06-03 09:00:00,0.0,7.856935364642976,-0.0,44.74629768356648,-0.0,-0.0,-0.0,-0.0,-0.0
2040-06-03 10:00:00,0.0,7.5362661782215445,-0.0,43.4846710537682,-0.0,-0.0,-0.0,-0.0,-0.0
2040-06-03 11:00:00,0.0,7.412784655297831,-0.0,41.80975868156053,-0.0,-0.0,-0.0,-0.0,-0.0
2040-06-03 12:00:00,0.0,7.194380870285063,-0.0,42.27331221498876,-0.0,-0.0,-0.0,-0.0,-0.0
2040-06-03 13:00:00,0.0,7.225230232746637,-0.0,41.86101073645637,-0.0,-0.0,-0.0,-0.0,-0.0
2040-06-03 14:00:00,0.0,7.280151273854792,-0.0,42.55908234445978,-0.0,-0.0,-0.0,-0.0,-0.0
2040-06-03 15:00:00,0.0,7.288849120941897,-0.0,42.463686135085744,-0.0,-0.0,-0.0,-0.0,-0.0
2040-06-03 16:00:00,0.0,7.367530791937811,-0.0,41.96182567745512,-0.0,-0.0,-0.0,-0.0,-0.0
2040-06-03 17:00:00,26.380521176102082,-7.683129078211694e-17,-0.0,36.0120727397314,-0.0,-0.0,-0.0,-0.0,-0.0
2040-06-03 18:00:00,0.0,7.931224680993078,-0.0,46.181312009041356,-0.0,-0.0,-0.0,-0.0,-0.0
2040-06-03 19:00:00,26.61057479186932,5.135849168771462e-16,-0.0,38.12481565317336,-0.0,-0.0,-0.0,-0.0,-0.0
2040-06-03 20:00:00,0.0,8.260844930996527,-0.0,48.469051190202045,-0.0,-0.0,-0.0,-0.0,-0.0
2040-06-03 21:00:00,28.0,0.08670120430784396,-0.0,40.5216190021805,-0.0,-0.0,-0.0,-0.0,-0.0
2040-06-03 22:00:00,0.0,8.751321989969178,-0.0,50.92591791970892,-0.0,-0.0,-0.0,-0.0,-0.0
2040-06-03 23:00:00,0.08218488904352929,8.76590375123231,-0.0,53.76484685380656,-0.0,-0.0,-0.0,-0.0,-0.0
2040-06-04 00:00:00,1.9466483634794989,8.76590375123231,-0.0,53.21285434637451,-0.0,-0.0,-0.0,-0.0,-0.0
2040-06-04 01:00:00,2.254699377284944,8.76590375123231,-0.0,55.937217374459046,-0.0,-0.0,-0.0,-0.0,-0.0
2040-06-04 02:00:00,28.0,0.9335919743976535,-0.0,48.87670175669507,-0.0,-0.0,-0.0,-0.0,-0.0
2040-06-04 03:00:00,24.592844051498258,1.8483784806670982,-0.0,47.4962886582498,-0.0,-5.4972962656830765e-14,-0.0,-0.0,-0.0
2040-06-04 04:00:00,0.9510417724902186,8.76590375123231,-0.0,54.567504065688105,-0.0,-0.0,-0.0,-0.0,-0.0
2040-06-04 05:00:00,0.0,8.643505953810127,-0.0,53.339527370213325,-0.0,-0.0,-0.0,-0.0,-0.0
2040-06-04 06:00:00,3.78020583333831,7.607241098816274,-0.0,50.304509351517076,-0.0,-0.0,-0.0,-0.0,-0.0
2040-06-04 07:00:00,28.0,0.11532658530659819,-0.0,40.94409400687478,-0.0,5.39845674540785e-14,-0.0,-0.0,-0.0
2040-06-04 08:00:00,26.966483154978707,-3.18015859238842e-16,-0.0,39.2432513782914,-0.0,-0.0,-0.0,-0.0,-0.0
2040-06-04 09:00:00,26.615670271180925,-1.9699553300597564e-16,-0.0,39.416945565072,-0.0,-0.0,-0.0,-0.0,-0.0
2040-06-04 10:00:00,26.129775713412737,3.9871975563126986e-16,-0.0,38.86779528295453,-0.0,-0.0,-0.0,-0.0,-0.0
2040-06-04 11:00:00,25.692704926771782,2.8353094000938525e-16,-0.0,37.01497162798982,-0.0,-0.0,-0.0,-0.0,-0.0
2040-06-04 12:00:00,25.746587576118184,-7.21392395902127e-17,-0.0,36.016449135743684,-0.0,-0.0,-0.0,-0.0,-0.0
2040-06-04 13:00:00,25.463053437959896,-7.004066540054214e-17,-0.0,37.03157384966126,-0.0,-0.0,-0.0,-0.0,-0.0
2040-06-04 14:00:00,26.09515173846897,-4.2999050052760296e-16,-0.0,15.509379863659664,-0.0,-0.0,-0.0,-0.0,-0.0
2040-06-04 15:00:00,25.96030096015655,5.183979100790044e-16,-0.0,8.458202866024287,-0.0,-0.0,-0.0,-0.0,-0.0
2040-06-04 16:00:00,26.076014814855803,-4.298488588394974e-16,-0.0,38.64350220436636,-0.0,-0.0,-0.0,-0.0,-0.0
2040-06-04 17:00:00,27.10861062514024,-8.222023525084233e-17,-0.0,38.339609657743225,-0.0,-0.0,-0.0,-0.0,-0.0
2040-06-04 18:00:00,28.0,0.006323282893216042,-0.0,40.48016992097892,-0.0,-0.0,-0.0,-0.0,-0.0
2040-06-04 19:00:00,0.0,8.214712578011985,-0.0,47.87879524511851,-0.0,-0.0,-0.0,-0.0,-0.0
2040-06-04 20:00:00,0.4018604678710848,8.76590375123231,-0.0,52.488996072413904,-0.0,-0.0,-0.0,-0.0,-0.0
2040-06-04 21:00:00,28.0,0.5577552468016816,-0.0,44.790987889159766,-0.0,-0.0,-0.0,-0.0,-0.0
2040-06-04 22:00:00,0.9634176290614259,8.765903751232308,-0.0,52.57935785057875,-0.0,-0.0,-0.0,-0.0,-0.0
2040-06-04 23:00:00,1.7866828097447167,8.76590375123231,-0.0,54.938835852920676,-0.0,-0.0,-0.0,-0.0,-0.0
2040-06-05 00:00:00,1.7407074805523957,8.76590375123231,-0.0,55.17402671827535,-0.0,-0.0,-0.0,-0.0,-0.0
2040-06-05 01:00:00,1.4722030716020216,8.76590375123231,-0.0,55.285324626986906,-0.0,-0.0,-0.0,-0.0,-0.0
2040-06-05 02:00:00,2.07625340659926,8.76590375123231,-0.0,54.248149367197605,-0.0,-0.0,-0.0,-0.0,-0.0
2040-06-05 03:00:00,1.3440327393174152,8.76590375123231,-0.0,56.01078146693517,-0.0,-0.0,-0.0,-0.0,-0.0
2040-06-05 04:00:00,28.0,0.7621975456897915,-0.0,45.083516589719586,-0.0,-0.0,-0.0,-0.0,-0.0
2040-06-05 05:00:00,0.7574747706356543,8.765903751232308,-0.0,52.94702199857645,-0.0,-0.0,-0.0,-0.0,-0.0
2040-06-05 06:00:00,28.0,0.394899513596044,-0.0,43.432629959962945,-0.0,-0.0,-0.0,-0.0,-0.0
2040-06-05 07:00:00,0.0,8.4670661311686,-0.0,49.18673998493419,-0.0,-0.0,-0.0,-0.0,-0.0
2040-06-05 08:00:00,27.20139524986128,1.5394059915788103e-16,-0.0,40.51804563408429,-0.0,5.449837934276241e-13,-0.0,-0.0,-0.0
2040-06-05 09:00:00,0.0,8.041688902017878,-0.0,47.32318536864133,-0.0,-0.0,-0.0,-0.0,-0.0
2040-06-05 10:00:00,0.0,7.899514724263088,-0.0,45.7806012479529,-0.0,-0.0,-0.0,-0.0,-0.0
2040-06-05 11:00:00,0.0,7.77264727551015,-0.0,45.600607495337485,-0.0,-0.0,-0.0,-0.0,-0.0
2040-06-05 12:00:00,24.674194463669835,2.9106943178910135e-16,-0.0,36.5481724439,-0.0,-0.0,-0.0,-0.0,-0.0
2040-06-05 13:00:00,0.0,7.577297786448359,-0.0,43.72492788974101,-0.0,-0.0,-0.0,-0.0,-0.0
2040-06-05 14:00:00,25.668569469240985,4.686199969375556e-17,-0.0,38.30407867206336,-0.0,-0.0,-0.0,-0.0,-0.0
2040-06-05 15:00:00,25.27847730631213,1.6817305099383522e-16,-0.0,37.233797554053425,-0.0,-0.0,-0.0,-0.0,-0.0
2040-06-05 16:00:00,6.993801398173882,5.873063457254825,-0.0,44.004669004782706,-0.0,-0.0,-0.0,-0.0,-0.0
2040-06-05 17:00:00,0.0,8.172881771802388,-0.0,47.22135689119907,-0.0,-0.0,-0.0,-0.0,-0.0
2040-06-05 18:00:00,0.0,8.25408546755615,-0.0,48.87301222890865,-0.0,-0.0,-0.0,-0.0,-0.0
2040-06-05 19:00:00,0.0,8.374168760323803,-0.0,48.87490124691501,-0.0,-0.0,-0.0,-0.0,6.084114365029246e-13
2040-06-05 20:00:00,0.0,8.601135531916947,-0.0,50.006763571294044,-0.0,-0.0,-0.0,-0.0,-0.0
2040-06-05 21:00:00,0.3940344192892562,8.76590375123231,-0.0,52.40008695343653,-0.0,-0.0,-0.0,-0.0,-0.0
2040-06-05 22:00:00,0.9040833010440262,8.76590375123231,-0.0,53.59651364470579,-0.0,-0.0,-0.0,-0.0,-0.0
2040-06-05 23:00:00,1.7713503298820643,8.76590375123231,-0.0,54.1943176748799,-0.0,-0.0,-0.0,-0.0,-0.0
2040-06-06 00:00:00,2.1689784737682603,8.76590375123231,-0.0,54.654960033174845,-0.0,-0.0,-0.0,-0.0,-6.064087634633193e-13
2040-06-06 01:00:00,3.083253620160178,8.76590375123231,-0.0,56.269310722465164,-0.0,-0.0,-0.0,-0.0,-0.0
2040-06-06 02:00:00,2.1924600839608694,8.76590375123231,-0.0,54.56529599048849,-0.0,-0.0,-0.0,-0.0,-0.0
2040-06-06 03:00:00,1.5109677521250071,8.76590375123231,-0.0,56.02780609346966,-0.0,-0.0,-0.0,-0.0,-0.0
2040-06-06 04:00:00,1.6196050101538093,8.76590375123231,-0.0,53.976433465126696,-0.0,-0.0,-0.0,-0.0,-0.0
2040-06-06 05:00:00,0.09058427578970406,8.76590375123231,-0.0,53.149543338426774,-0.0,-0.0,-0.0,-0.0,-0.0
2040-06-06 06:00:00,0.3236720945553637,8.76590375123231,-0.0,51.96337815862944,-0.0,-0.0,-0.0,-0.0,-0.0
2040-06-06 07:00:00,0.0,8.688155111723027,-0.0,49.81123262273301,-0.0,-0.0,-0.0,-0.0,-0.0
2040-06-06 08:00:00,0.0,8.194691853734108,-0.0,47.904706560148234,-0.0,-0.0,-0.0,-0.0,-0.0
2040-06-06 09:00:00,0.0,8.19987478914729,-0.0,47.64491151092281,-0.0,-0.0,-0.0,-0.0,-0.0
2040-06-06 10:00:00,0.0,7.876575356625241,-0.0,45.9866931759997,-0.0,-0.0,-0.0,-0.0,-0.0
2040-06-06 11:00:00,0.0,7.7439558007537785,-0.0,45.94717375333799,-0.0,-0.0,-0.0,-0.0,-0.0
2040-06-06 12:00:00,0.0,7.699647304676531,-0.0,44.44863571702371,-0.0,-0.0,-0.0,-0.0,-0.0
2040-06-06 13:00:00,0.0,7.617434991920533,-0.0,43.8507330808235,-0.0,-0.0,-0.0,-0.0,-0.0
2040-06-06 14:00:00,0.0,7.7719678942279655,-0.0,44.19026440916624,-0.0,-0.0,-0.0,-0.0,-0.0
2040-06-06 15:00:00,0.0,7.810821227643747,-0.0,45.1906660099615,-0.0,-0.0,-0.0,-0.0,-0.0
2040-06-06 16:00:00,0.0,8.059592053866107,-0.0,46.28384952734992,-0.0,-0.0,-0.0,-0.0,-0.0
2040-06-06 17:00:00,0.0,7.991810892123858,-0.0,46.843994244648044,-0.0,-0.0,-0.0,-0.0,-0.0
2040-06-06 18:00:00,0.0,8.164808560701989,-0.0,48.89795612911668,-0.0,-0.0,-0.0,-0.0,-0.0
2040-06-06 19:00:00,0.0,8.355822559062856,-0.0,51.34204945923964,-0.0,-0.0,-0.0,-0.0,-0.0
2040-06-06 20:00:00,20.067260420026496,2.8900765337595598,-0.0,46.11664687745877,-0.0,-0.0,-0.0,-0.0,-0.0
2040-06-06 21:00:00,28.0,0.5677304971710302,-0.0,44.22957318077239,-0.0,-0.0,-0.0,-0.0,-0.0
2040-06-06 22:00:00,28.0,0.7207475422813346,-0.0,45.65363091703575,-0.0,-0.0,-0.0,-0.0,-0.0
2040-06-06 23:00:00,1.4434895176276314,8.76590375123231,-0.0,54.369504286316406,-0.0,-0.0,-0.0,-0.0,-0.0
2040-06-07 00:00:00,28.0,0.9789554288452353,-0.0,45.858501653819296,-0.0,-0.0,-0.0,-0.0,-0.0
2040-06-07 01:00:00,28.0,0.9085945561419974,-0.0,47.33478226547841,-0.0,-0.0,-0.0,-0.0,-0.0
2040-06-07 02:00:00,28.0,0.8149768726101558,-0.0,47.79063710124684,-0.0,-0.0,-0.0,-0.0,-0.0
2040-06-07 03:00:00,2.14672790169343,8.76590375123231,-0.0,54.287470536970446,-0.0,-0.0,-0.0,-0.0,-0.0
2040-06-07 04:00:00,2.2360989354050362,8.76590375123231,-0.0,52.8788372430015,-0.0,-0.0,-0.0,-0.0,-0.0
2040-06-07 05:00:00,0.7342913164128253,8.76590375123231,-0.0,52.08140243632601,-0.0,-0.0,-0.0,-0.0,-0.0
2040-06-07 06:00:00,0.6528526923124891,8.76590375123231,-0.0,53.135190397378146,-0.0,-0.0,-0.0,-0.0,-0.0
2040-06-07 07:00:00,0.0,8.582970701357103,-0.0,50.69311676790717,-0.0,-0.0,-0.0,-0.0,-0.0
2040-06-07 08:00:00,0.0,8.439324078195801,-0.0,47.984605778146594,-0.0,-0.0,-0.0,-0.0,-0.0
2040-06-07 09:00:00,0.0,8.046105536690755,-0.0,47.56856099518663,-0.0,-0.0,-0.0,-0.0,-0.0
2040-06-07 10:00:00,0.0,7.769645844701695,-0.0,45.263187130209644,-0.0,-0.0,-0.0,-0.0,5.440672302654802e-13
2040-06-07 11:00:00,0.0,7.74707607647736,-0.0,45.576751975546316,-0.0,-0.0,-0.0,-0.0,-0.0
2040-06-07 12:00:00,24.578190240459833,2.917800057828947e-16,-0.0,35.67982433461036,-0.0,-0.0,-0.0,-0.0,-0.0
2040-06-07 13:00:00,25.971534358551818,3.9989097693536635e-16,-0.0,36.787423472496876,-0.0,-0.0,-0.0,-0.0,-0.0
2040-06-07 14:00:00,25.72546022493688,5.201360806880763e-16,-0.0,37.30557197551565,-0.0,-0.0,-0.0,-0.0,-0.0
2040-06-07 15:00:00,25.946254435603535,-1.9204086051459761e-16,-0.0,38.077418303210884,-0.0,-0.0,-0.0,-0.0,-0.0
2040-06-07 16:00:00,26.567134650915317,-7.821250795840335e-17,-0.0,37.81180669412545,-0.0,-0.0,-0.0,-0.0,-0.0
2040-06-07 17:00:00,27.57319453564824,5.064600995204653e-16,-0.0,38.28705931469584,-0.0,-0.0,-0.0,-0.0,-0.0
2040-06-07 18:00:00,28.0,0.03701296243076587,-0.0,40.5702187884552,-0.0,-0.0,-0.0,-0.0,-0.0
2040-06-07 19:00:00,28.0,0.19797739898957026,-0.0,42.307693574074456,-0.0,-0.0,-0.0,-0.0,-0.0
2040-06-07 20:00:00,14.510956351974258,4.405536692213913,-0.0,46.51584791076012,-0.0,-0.0,-0.0,-0.0,-0.0
2040-06-07 21:00:00,28.0,0.5174469569266201,-0.0,44.51091207039367,-0.0,-0.0,-0.0,-0.0,-0.0
2040-06-07 22:00:00,28.0,0.4856250427188982,-0.0,44.980067907611634,-0.0,-0.0,-0.0,-0.0,-0.0
2040-06-07 23:00:00,28.0,0.9064365174147487,-0.0,47.85459755637891,-0.0,-0.0,-0.0,-0.0,-0.0
2040-06-08 00:00:00,28.0,1.069430699939457,-0.0,43.848064195819155,-0.0,-0.0,-0.0,-0.0,-0.0
2040-06-08 01:00:00,2.8033258904797984,8.76590375123231,-0.0,56.37694719908828,-0.0,-0.0,-0.0,-0.0,-0.0
2040-06-08 02:00:00,2.164593738338041,8.76590375123231,-0.0,54.50420653744249,-0.0,-0.0,-0.0,-0.0,-0.0
2040-06-08 03:00:00,2.0110046052804984,8.76590375123231,-0.0,55.78326897807415,-0.0,-0.0,-0.0,-0.0,-0.0
2040-06-08 04:00:00,1.4666266079669783,8.765903751232308,-0.0,54.7726309391931,-0.0,-0.0,-0.0,-0.0,-0.0
2040-06-08 05:00:00,1.6648842804357855,8.415071871767774,-0.0,51.14900448851993,-0.0,-0.0,-0.0,-0.0,-0.0
2040-06-08 06:00:00,28.0,0.43372612956622403,-0.0,42.40782410487667,-0.0,-0.0,-0.0,-0.0,-0.0
2040-06-08 07:00:00,27.732941384011568,2.684301567393368e-16,-0.0,41.51186408460792,-0.0,1.0372761234792572e-14,-0.0,-0.0,-0.0
2040-06-08 08:00:00,27.887746156276215,2.672843712560697e-16,-0.0,39.27231694870181,-0.0,-0.0,-0.0,-0.0,-0.0
2040-06-08 09:00:00,27.147576372407713,5.09610306750654e-16,-0.0,38.33030056358264,-0.0,-0.0,-0.0,-0.0,-0.0
2040-06-08 10:00:00,26.419596405486676,1.5972707300888122e-16,-0.0,38.0572818955381,-0.0,-0.0,-0.0,-0.0,-0.0
2040-06-08 11:00:00,26.411046276446086,-1.9548101120367302e-16,-0.0,37.45521071926194,-0.0,-7.83167307983973e-14,-0.0,-0.0,-0.0
2040-06-08 12:00:00,25.109428415234174,1.6942426413491585e-16,-0.0,37.7513824713628,-0.0,-0.0,-0.0,-0.0,-0.0
2040-06-08 13:00:00,25.91241469750019,5.187523396214334e-16,-0.0,35.33477199282558,-0.0,-0.0,-0.0,-0.0,-0.0
2040-06-08 14:00:00,26.22551187188025,5.164349550084879e-16,-0.0,37.61740969944184,-0.0,-0.0,-0.0,-0.0,-0.0
2040-06-08 15:00:00,25.80492079701041,-4.2784236003649673e-16,-0.0,36.95914020654006,-0.0,-0.0,-0.0,-0.0,-0.0
2040-06-08 16:00:00,25.945214056198754,-3.104569494534841e-16,-0.0,37.12396597111059,-0.0,-0.0,-0.0,-0.0,-0.0
2040-06-08 17:00:00,17.473710468140716,2.8071214183704902,-0.0,41.61818582841065,-0.0,-0.0,-0.0,-0.0,-0.0
2040-06-08 18:00:00,17.96179899355091,2.60728317152787,-0.0,44.02024039490499,-0.0,-0.0,-0.0,-0.0,-0.0
2040-06-08 19:00:00,28.0,0.20384168449410067,-0.0,40.65315944448157,-0.0,-0.0,-0.0,-0.0,-0.0
2040-06-08 20:00:00,28.0,0.4031123231973252,-0.0,43.63672570179619,-0.0,-0.0,-0.0,-0.0,-0.0
2040-06-08 21:00:00,28.0,0.37310795322827134,-0.0,43.31168158100007,-0.0,-0.0,-0.0,-0.0,-0.0
2040-06-08 22:00:00,28.0,0.6290676144431061,-0.0,43.712057877041396,-0.0,-0.0,-0.0,-0.0,-0.0
2040-06-08 23:00:00,28.0,0.580631992263762,-0.0,46.96169092174202,-0.0,-0.0,-0.0,-0.0,-0.0
2040-06-09 00:00:00,1.1537374183176465,8.76590375123231,-0.0,52.357942809193005,-0.0,-0.0,-0.0,-0.0,-0.0
2040-06-09 01:00:00,0.8682070345609411,8.76590375123231,-0.0,53.87447096221305,-0.0,-0.0,-0.0,-0.0,-0.0
2040-06-09 02:00:00,28.0,0.6849215644127962,-0.0,44.18690035062568,-0.0,-0.0,-0.0,-0.0,-0.0
2040-06-09 03:00:00,0.7235216472186096,8.76590375123231,-0.0,50.41856549941456,-0.0,-0.0,-0.0,-0.0,-0.0
2040-06-09 04:00:00,0.18366437403891303,8.76590375123231,-0.0,52.202459316128774,-0.0,-0.0,-0.0,-0.0,-0.0
2040-06-09 05:00:00,0.6678433777261963,8.76590375123231,-0.0,50.658997115397085,-0.0,-0.0,-0.0,-0.0,-0.0
2040-06-09 06:00:00,27.35618866101533,3.437110847037438e-17,-0.0,40.319911433765476,-0.0,-0.0,-0.0,-0.0,-0.0
2040-06-09 07:00:00,28.0,0.1321645566450118,-0.0,39.715227130889154,-0.0,-0.0,-0.0,-0.0,-0.0
2040-06-09 08:00:00,0.0,8.066953213815081,-0.0,46.981440496645796,-0.0,-0.0,-0.0,-0.0,-0.0
2040-06-09 09:00:00,10.888117177595216,4.649079231402486,-0.0,42.14250640307878,-0.0,-0.0,-0.0,-0.0,-0.0
2040-06-09 10:00:00,0.0,7.673546608760179,-0.0,42.56573645212106,-0.0,-0.0,-0.0,-0.0,-0.0
2040-06-09 11:00:00,0.0,7.4588443698584035,-0.0,42.26777706691454,-0.0,-0.0,-0.0,-0.0,-0.0
2040-06-09 12:00:00,0.0,7.518158301466964,-0.0,42.3078884116568,-0.0,-4.521977716943782e-13,-0.0,-0.0,-0.0
2040-06-09 13:00:00,0.0,7.325134846305564,-0.0,41.752280114838285,-0.0,-1.3577881684865748e-13,-0.0,-0.0,-0.0
2040-06-09 14:00:00,0.0,7.40081335025564,-0.0,42.08008959068427,-0.0,-0.0,-0.0,-0.0,-0.0
2040-06-09 15:00:00,0.0,7.615988477955288,-0.0,42.57841533714549,-0.0,-0.0,-0.0,-0.0,-0.0
2040-06-09 16:00:00,3.0462063070365986,6.719648500330621,-0.0,41.43179176513892,-0.0,-0.0,-0.0,-0.0,-0.0
2040-06-09 17:00:00,11.20609761162631,4.670441280978071,-0.0,41.94581151581693,-0.0,-0.0,-0.0,-0.0,-5.985468061324187e-13
2040-06-09 18:00:00,0.0,8.041974206827517,-0.0,45.86016265081869,-0.0,-0.0,-0.0,-0.0,-0.0
2040-06-09 19:00:00,0.0,8.314286633920782,-0.0,46.23790520243738,-0.0,-0.0,-0.0,-0.0,-0.0
2040-06-09 20:00:00,28.0,0.1814401092870971,-0.0,41.825669554834086,-0.0,-0.0,-0.0,-0.0,-0.0
2040-06-09 21:00:00,28.0,0.47853003086932305,-0.0,41.64209750997283,-0.0,-0.0,-0.0,-0.0,-0.0
2040-06-09 22:00:00,28.0,0.31249246061306907,-0.0,43.19981423886113,-0.0,-0.0,-0.0,-0.0,-0.0
2040-06-09 23:00:00,28.0,0.4353672025034032,-0.0,42.83864288956949,-0.0,-0.0,-0.0,-0.0,-0.0
2040-06-10 00:00:00,1.8001927406877338,8.76590375123231,-0.0,52.59451734089819,-0.0,-0.0,-0.0,-0.0,-0.0
2040-06-10 01:00:00,0.5922878162548656,8.76590375123231,-0.0,52.43295006759059,-0.0,-0.0,-0.0,-0.0,-0.0
2040-06-10 02:00:00,0.7966854633629585,8.76590375123231,-0.0,54.065430342546286,-0.0,-0.0,-0.0,-0.0,-0.0
2040-06-10 03:00:00,28.0,0.5444360472915437,-0.0,42.47708988785766,-0.0,-0.0,-0.0,-0.0,-0.0
2040-06-10 04:00:00,28.0,0.6581591614238067,-0.0,43.58301838565983,-0.0,-0.0,5.39845674540785e-14,-0.0,-0.0
2040-06-10 05:00:00,4.952850760035356,7.322291477798967,-0.0,48.68037515678056,-0.0,-0.0,-0.0,-0.0,-0.0
2040-06-10 06:00:00,0.0,8.40113705173521,-0.0,49.29995566341557,-0.0,-0.0,-0.0,-0.0,-0.0
2040-06-10 07:00:00,0.0,8.44161839087269,-0.0,47.72490590854962,-0.0,-0.0,-0.0,-0.0,-0.0
2040-06-10 08:00:00,0.0,7.796115739146464,-0.0,45.35515782378923,-0.0,-0.0,-0.0,-0.0,-0.0
2040-06-10 09:00:00,0.0,7.944373292355569,-0.0,45.35380491942496,-0.0,-0.0,-0.0,-0.0,-0.0
2040-06-10 10:00:00,0.0,7.530865699490499,-0.0,43.33627060481521,-0.0,-0.0,-0.0,-0.0,-0.0
2040-06-10 11:00:00,0.0,7.671968939419441,-0.0,43.44666170636736,-0.0,-0.0,-0.0,-0.0,-0.0
2040-06-10 12:00:00,0.0,7.429976746034549,-0.0,42.38698100694724,-0.0,-0.0,-0.0,-0.0,-0.0
2040-06-10 13:00:00,0.0,7.436986767971253,-0.0,41.50239417280623,-0.0,-0.0,-0.0,-0.0,-0.0
2040-06-10 14:00:00,0.0,7.761072046890885,-0.0,42.91949416478456,-0.0,-0.0,-0.0,-0.0,-0.0
2040-06-10 15:00:00,0.0,7.587717190407093,-0.0,41.33376824714445,-0.0,-0.0,-0.0,-0.0,-0.0
2040-06-10 16:00:00,0.0,7.747414987414181,-0.0,43.20427457179185,-0.0,-0.0,-0.0,-0.0,-0.0
2040-06-10 17:00:00,0.0,7.917289854960003,-0.0,45.091227780307214,-0.0,-0.0,-0.0,-0.0,-0.0
2040-06-10 18:00:00,0.0,8.049937164347577,-0.0,46.99798965258016,-0.0,-0.0,-0.0,-0.0,5.5058750173828024e-14
2040-06-10 19:00:00,0.0,8.475475222399263,-0.0,47.11428331201673,-0.0,-0.0,-0.0,-0.0,-0.0
2040-06-10 20:00:00,0.0,8.49707408664261,-0.0,48.03732636793539,-0.0,-0.0,-0.0,-0.0,-0.0
2040-06-10 21:00:00,0.0,8.661960388127488,-0.0,51.31417523196863,-0.0,-0.0,-0.0,-0.0,-0.0
2040-06-10 22:00:00,0.38505414790242626,8.76590375123231,-0.0,52.38912359662518,-0.0,-0.0,-0.0,-0.0,-0.0
2040-06-10 23:00:00,0.3846563863463605,8.76590375123231,-0.0,52.427314798852564,-0.0,-0.0,-0.0,-0.0,-0.0
2040-06-11 00:00:00,2.1009492389275892,8.765903751232308,-0.0,55.439706772452624,-0.0,-0.0,-0.0,-0.0,-0.0
2040-06-11 01:00:00,1.979946125497889,8.76590375123231,-0.0,54.74723956362394,-0.0,-0.0,-0.0,-0.0,-0.0
2040-06-11 02:00:00,2.3198163666451843,8.76590375123231,-0.0,55.7926852112553,-0.0,-0.0,-0.0,-0.0,-0.0
2040-06-11 03:00:00,2.1435816528241314,8.76590375123231,-0.0,54.15849382013528,-0.0,-0.0,-0.0,-0.0,-0.0
2040-06-11 04:00:00,24.762421736843457,1.8428062492138666,-0.0,45.63952119649145,-0.0,-0.0,-0.0,-0.0,-0.0
2040-06-11 05:00:00,28.0,0.5898358473438926,-0.0,42.46080664514693,-0.0,-0.0,-0.0,-0.0,-0.0
2040-06-11 06:00:00,0.316212312157566,8.76590375123231,-0.0,52.26271531464755,-0.0,-0.0,-0.0,-0.0,-0.0
2040-06-11 07:00:00,28.0,0.295915436082373,-0.0,42.22409864483872,-0.0,-0.0,-0.0,-0.0,-0.0
2040-06-11 08:00:00,27.44300682801238,-4.3996663222273156e-16,-0.0,38.5619627962548,-0.0,-0.0,-0.0,-0.0,-0.0
2040-06-11 09:00:00,0.0,8.346760553450997,-0.0,46.889674722520766,-0.0,-0.0,-0.0,-0.0,-0.0
2040-06-11 10:00:00,26.540117396125645,4.0411249190477746e-17,-0.0,37.39000755462346,-0.0,-0.0,-0.0,-0.0,-0.0
2040-06-11 11:00:00,25.862312434033594,4.0069938157132636e-16,-0.0,36.52602799476357,-0.0,-0.0,-0.0,-0.0,-0.0
2040-06-11 12:00:00,25.377340496513632,4.9017527100154487e-17,-0.0,35.637836701094876,-0.0,-0.0,-0.0,-0.0,-0.0
2040-06-11 13:00:00,26.13053784211801,4.344274686564428e-17,-0.0,36.89869227447001,-0.0,-0.0,-0.0,-0.0,-0.0
2040-06-11 14:00:00,25.77298301624412,5.197843413740513e-16,-0.0,36.68408261673532,-0.0,-0.0,-0.0,-0.0,-0.0
2040-06-11 15:00:00,0.0,7.8442247944752905,-0.0,44.66913132274542,-0.0,-0.0,-0.0,-0.0,-0.0
2040-06-11 16:00:00,0.0,8.1017500647196,-0.0,44.05044493870324,-0.0,-0.0,-0.0,-0.0,-0.0
2040-06-11 17:00:00,27.490427550215358,2.7022511968647462e-16,-0.0,40.43070324933565,-0.0,-0.0,-0.0,-0.0,-0.0
2040-06-11 18:00:00,27.467426228460944,5.072429422532318e-16,-0.0,40.006577868942195,-0.0,-0.0,-0.0,-0.0,-0.0
2040-06-11 19:00:00,0.0,8.583369695781291,-0.0,51.42498031330321,-0.0,-0.0,-0.0,-0.0,-0.0
2040-06-11 20:00:00,1.4641499567755063,8.76590375123231,-0.0,52.00559362480906,-0.0,-0.0,-0.0,-0.0,-0.0
2040-06-11 21:00:00,28.0,0.8791181015129731,-0.0,44.716302529908305,-0.0,-0.0,-0.0,-0.0,-0.0
2040-06-11 22:00:00,28.0,0.8406061921552571,-0.0,45.532455784395545,-0.0,-0.0,-0.0,-0.0,-0.0
2040-06-11 23:00:00,28.0,1.098068593069271,-0.0,47.266112204205875,-0.0,-0.0,-0.0,-0.0,-0.0
2040-06-12 00:00:00,28.0,1.3133329071569249,-0.0,48.72957996011864,-0.0,-0.0,-0.0,-0.0,-0.0
2040-06-12 01:00:00,3.0546436617919666,8.704715168889981,-0.0,54.77305700010661,-0.0,-0.0,-0.0,-0.0,-0.0
2040-06-12 02:00:00,28.0,1.3493600757017812,-0.0,48.59290744956009,-0.0,-0.0,-0.0,-0.0,-2.2437922028196996e-14
2040-06-12 03:00:00,28.0,0.8488547438654837,-0.0,45.544786817152634,-0.0,-0.0,-0.0,-0.0,-0.0
2040-06-12 04:00:00,28.0,0.9901016280155441,-0.0,46.24189831903965,-0.0,-0.0,6.335069582806285e-13,-5.794953850399297e-13,-0.0
2040-06-12 05:00:00,1.1145717980919725,8.76590375123231,-0.0,53.89105415606091,-0.0,-0.0,-0.0,-0.0,-0.0
2040-06-12 06:00:00,0.0,8.689570728787585,-0.0,53.37856774763775,-0.0,1.9661485600479394e-12,-0.0,-0.0,-0.0
2040-06-12 07:00:00,0.0,8.415377975343938,-0.0,52.5275828481476,-0.0,-0.0,-0.0,-0.0,-0.0
2040-06-12 08:00:00,0.0,8.459450416867641,-0.0,48.760364359465704,-0.0,-0.0,-0.0,-0.0,-0.0
2040-06-12 09:00:00,0.0,8.35212409844892,-0.0,47.10285713277541,-0.0,-0.0,-0.0,-0.0,-0.0
2040-06-12 10:00:00,0.0,8.307760166649205,-0.0,45.72075535425709,-0.0,-2.0160689520971308e-12,-0.0,-0.0,-0.0
2040-06-12 11:00:00,25.126377784683843,-3.0439634357325694e-16,-0.0,36.50506869998259,-0.0,-0.0,-0.0,-0.0,-0.0
2040-06-12 12:00:00,25.51394853849814,-1.8884115411028e-16,-0.0,35.93055665469987,-0.0,-0.0,-0.0,-0.0,-0.0
2040-06-12 13:00:00,0.0,7.773858913437099,-0.0,45.22499625989704,-0.0,-0.0,-0.0,-0.0,-0.0
2040-06-12 14:00:00,26.078637699367746,4.382688508872877e-17,-0.0,37.0953943836427,-0.0,-0.0,-0.0,-0.0,-0.0
2040-06-12 15:00:00,0.0,8.048486513328475,-0.0,46.032257490782136,-0.0,-0.0,-0.0,-0.0,-0.0
2040-06-12 16:00:00,26.42823254614384,-4.324557937392122e-16,-0.0,37.655568827627484,-0.0,-0.0,-0.0,-0.0,-0.0
2040-06-12 17:00:00,26.78057902564072,2.7547905419300103e-16,-0.0,39.66506278064291,-0.0,-0.0,-0.0,-0.0,-0.0
2040-06-12 18:00:00,0.0,8.393494352473166,-0.0,49.063196090770276,-0.0,-0.0,-0.0,-0.0,-0.0
2040-06-12 19:00:00,28.0,0.40502917594909443,-0.0,42.84029977915518,-0.0,-0.0,-0.0,-0.0,-0.0
2040-06-12 20:00:00,0.43886811751939186,8.76590375123231,-0.0,51.749229519550134,-0.0,-0.0,-0.0,-0.0,-0.0
2040-06-12 21:00:00,1.1637260896136334,8.76590375123231,-0.0,53.06512087790434,-0.0,2.2960384920013924e-12,-0.0,-0.0,-0.0
2040-06-12 22:00:00,1.3086542297107102,8.765903751232308,-0.0,53.59169964915392,-0.0,-0.0,-0.0,-0.0,-0.0
2040-06-12 23:00:00,2.4091782666924773,8.76590375123231,-0.0,55.81491880630891,-0.0,-0.0,-0.0,-0.0,-0.0
2040-06-13 00:00:00,3.2507987199080968,8.76590375123231,-0.0,55.23088291443884,-0.0,-0.0,-0.0,-0.0,-0.0
2040-06-13 01:00:00,2.2119802621540203,8.765903751232308,-0.0,54.888126951855774,-0.0,-2.2953249270177508e-12,-0.0,-0.0,-0.0
2040-06-13 02:00:00,2.082379939489616,8.76590375123231,-0.0,53.577621148176576,-0.0,-0.0,-0.0,-0.0,-0.0
2040-06-13 03:00:00,2.8619376741558145,8.76590375123231,-0.0,55.57644322896266,-0.0,-0.0,-0.0,-0.0,-0.0
2040-06-13 04:00:00,1.121757216835977,8.76590375123231,-0.0,53.410352706799586,-0.0,-0.0,-0.0,-0.0,-0.0
2040-06-13 05:00:00,0.8569767008629261,8.76590375123231,-0.0,53.25529257837021,-0.0,-0.0,-0.0,-0.0,-0.0
2040-06-13 06:00:00,0.0,8.740541551635227,-0.0,51.77300987609032,-0.0,-0.0,-0.0,-0.0,-0.0
2040-06-13 07:00:00,28.0,0.1914775116430548,-0.0,43.3965211517767,-0.0,-0.0,-0.0,-0.0,-0.0
2040-06-13 08:00:00,28.0,0.28792954758456757,-0.0,40.37508984132421,-0.0,-0.0,-0.0,-0.0,-0.0
2040-06-13 09:00:00,0.0,8.173651205666232,-0.0,47.56767042972313,-0.0,-0.0,-0.0,-0.0,-0.0
2040-06-13 10:00:00,26.964227882190904,5.109673581864471e-16,-0.0,39.60327777519273,-0.0,-0.0,-0.0,-0.0,-0.0
2040-06-13 11:00:00,26.772887955537428,-1.9815917762631458e-16,-0.0,37.170714185198904,-0.0,-0.0,-0.0,-0.0,-0.0
2040-06-13 12:00:00,0.0,7.798100361238333,-0.0,44.95898658105502,-0.0,-0.0,-0.0,-0.0,-0.0
2040-06-13 13:00:00,26.63857384901481,2.76530103637708e-16,-0.0,36.01982566083376,-0.0,-0.0,-0.0,-0.0,-0.0
2040-06-13 14:00:00,26.48660898373269,-7.761649829320698e-17,-0.0,37.75849443614033,-0.0,-0.0,-0.0,-0.0,-0.0
2040-06-13 15:00:00,26.87924447068903,2.747487832008175e-16,-0.0,37.98469962400746,-0.0,-0.0,-0.0,-0.0,-0.0
2040-06-13 16:00:00,0.0,7.960210977487049,-0.0,46.15733853625819,-0.0,-0.0,-0.0,-0.0,-0.0
2040-06-13 17:00:00,0.0,8.295352706669895,-0.0,48.524689000070694,-0.0,-0.0,-0.0,-0.0,-0.0
2040-06-13 18:00:00,28.0,0.1261243404061013,-0.0,40.83753647773113,-0.0,-0.0,-0.0,-0.0,-0.0
2040-06-13 19:00:00,28.0,0.377193101626879,-0.0,43.43773905684114,-0.0,-0.0,-0.0,-0.0,-0.0
2040-06-13 20:00:00,0.9983345583894919,8.76590375123231,-0.0,50.06257644736147,-0.0,-0.0,-0.0,-0.0,-0.0
2040-06-13 21:00:00,28.0,0.7022245486101713,-0.0,46.10511238404447,-0.0,-0.0,-0.0,-0.0,-0.0
2040-06-13 22:00:00,28.0,0.8819880815902551,-0.0,46.3135156933588,-0.0,-0.0,-0.0,-0.0,-0.0
2040-06-13 23:00:00,2.594531799672116,8.76590375123231,-0.0,56.82319499886297,-0.0,-0.0,-0.0,-0.0,-0.0
2040-06-14 00:00:00,2.3882035751297446,8.76590375123231,-0.0,56.552801257099524,-0.0,-0.0,-0.0,-0.0,-0.0
2040-06-14 01:00:00,28.0,1.2288499846292373,-0.0,48.80004468306584,-0.0,-0.0,-0.0,-0.0,-0.0
2040-06-14 02:00:00,2.914134412646567,8.765903751232308,-0.0,56.77379066197056,-0.0,-0.0,-0.0,-0.0,-0.0
2040-06-14 03:00:00,2.6555801997270545,8.76590375123231,-0.0,54.014798563966394,-0.0,-0.0,-0.0,-0.0,-0.0
2040-06-14 04:00:00,1.8789541270757708,8.76590375123231,-0.0,54.6363847528469,-0.0,-0.0,-0.0,-0.0,-0.0
2040-06-14 05:00:00,28.0,1.0546605502929636,-0.0,45.978793320497076,-0.0,-0.0,-0.0,-0.0,-0.0
2040-06-14 06:00:00,28.0,0.6765306874097194,-0.0,42.34679846606108,-0.0,-0.0,-0.0,-0.0,-0.0
2040-06-14 07:00:00,0.0,8.493535827912229,-0.0,50.38999692979618,-0.0,-0.0,-0.0,-0.0,-0.0
2040-06-14 08:00:00,28.0,0.04189818643591847,-0.0,41.56670559906254,-0.0,-0.0,-0.0,-0.0,-0.0
2040-06-14 09:00:00,0.0,8.111638464599809,-0.0,47.93477250587345,-0.0,-0.0,-0.0,-0.0,-0.0
2040-06-14 10:00:00,27.285293303832795,2.717434181096283e-16,-0.0,38.33838510311308,-0.0,-0.0,-0.0,-0.0,-0.0
2040-06-14 11:00:00,0.0,7.816992527713574,-0.0,46.25042022577343,-0.0,-0.0,-0.0,-0.0,-0.0
2040-06-14 12:00:00,0.0,7.907405516380295,-0.0,44.99180284086642,-0.0,5.4092671685484885e-14,-0.0,-0.0,-0.0
2040-06-14 13:00:00,0.0,7.886267588289517,-0.0,45.26765632330627,-0.0,-0.0,-0.0,-0.0,-0.0
2040-06-14 14:00:00,25.72439274498485,-3.0882254342656677e-16,-0.0,35.991105824925256,-0.0,-0.0,-0.0,-0.0,-0.0
2040-06-14 15:00:00,25.917680378145306,5.187133657554832e-16,-0.0,37.830344232918584,-0.0,-0.0,-0.0,-0.0,-0.0
2040-06-14 16:00:00,27.22155356470463,-8.305618093066389e-17,-0.0,38.536856260201716,-0.0,-0.0,-0.0,-0.0,-0.0
2040-06-14 17:00:00,0.0,8.497396585647701,-0.0,46.45328493505063,-0.0,-0.0,-0.0,-0.0,5.5058750173828024e-14
2040-06-14 18:00:00,28.0,0.026401709525094724,-0.0,39.49291152980309,-0.0,-0.0,-0.0,-0.0,-0.0
2040-06-14 19:00:00,0.5304006480655715,8.76590375123231,-0.0,51.60364554883752,-0.0,-0.0,-0.0,-0.0,-0.0
2040-06-14 20:00:00,28.0,0.5054665460781153,-0.0,43.45165690482341,-0.0,-0.0,-0.0,-0.0,-0.0
2040-06-14 21:00:00,28.0,0.7276881200945821,-0.0,46.30473210402945,-0.0,-0.0,-0.0,-0.0,-0.0
2040-06-14 22:00:00,1.980402587990647,8.76590375123231,-0.0,55.20020708624705,-0.0,-0.0,-0.0,-0.0,-0.0
2040-06-14 23:00:00,2.890411361269851,8.76590375123231,-0.0,54.37785863667767,-0.0,-0.0,-0.0,-0.0,-0.0
2040-06-15 00:00:00,28.0,1.2869205725070698,-0.0,46.956224431135944,-0.0,-0.0,-0.0,-0.0,-0.0
2040-06-15 01:00:00,28.0,1.2681018708876273,-0.0,48.091714500382324,-0.0,-0.0,-0.0,-0.0,-0.0
2040-06-15 02:00:00,2.8455714190136847,8.76590375123231,-0.0,55.32445418500586,-0.0,-0.0,-0.0,-0.0,-0.0
2040-06-15 03:00:00,2.7917254557016835,8.76590375123231,-0.0,54.11596937784369,-0.0,-5.405506578129322e-14,-0.0,-0.0,-0.0
2040-06-15 04:00:00,28.0,1.0400322249866327,-0.0,46.704694189394026,-0.0,-0.0,-0.0,-0.0,-0.0
2040-06-15 05:00:00,1.7778078178235712,8.76590375123231,-0.0,53.766159887719084,-0.0,-0.0,-0.0,-0.0,-0.0
2040-06-15 06:00:00,0.7227092476877978,8.76590375123231,-0.0,53.71728225026231,-0.0,-0.0,-0.0,-0.0,-0.0
2040-06-15 07:00:00,28.0,0.26614728236453145,-0.0,42.078923719805836,-0.0,-0.0,-0.0,-0.0,-0.0
2040-06-15 08:00:00,0.0,8.500965108594029,-0.0,49.07548122810565,-0.0,-0.0,-0.0,-0.0,-0.0
2040-06-15 09:00:00,0.0,8.291869976155493,-0.0,48.87919229715956,-0.0,-0.0,-0.0,-0.0,-0.0
2040-06-15 10:00:00,26.502934490218635,4.068645797888063e-17,-0.0,39.526112107011265,-0.0,-0.0,-0.0,-0.0,-5.436357306761993e-14
2040-06-15 11:00:00,0.0,8.046472794421527,-0.0,45.54825233803242,-0.0,-0.0,-0.0,-0.0,-0.0
2040-06-15 12:00:00,0.0,7.922100611209349,-0.0,44.67805733191719,-0.0,-0.0,-0.0,-0.0,-0.0
2040-06-15 13:00:00,0.0,8.080087572642732,-0.0,44.52008765294361,-0.0,-0.0,-0.0,-0.0,-0.0
2040-06-15 14:00:00,0.0,8.067928919073212,-0.0,45.70315491550866,-0.0,-0.0,-0.0,-0.0,-0.0
2040-06-15 15:00:00,0.0,7.96821197009687,-0.0,45.33016778613556,-0.0,-0.0,-0.0,-0.0,-0.0
2040-06-15 16:00:00,0.0,8.02335593163317,-0.0,45.91444676264565,-0.0,-0.0,-0.0,-0.0,-0.0
2040-06-15 17:00:00,0.0,8.456463935107678,-0.0,47.75015625897437,-0.0,-0.0,-0.0,-0.0,-0.0
2040-06-15 18:00:00,0.0,8.658657773748638,-0.0,49.83657796015438,-0.0,-0.0,-0.0,-0.0,-0.0
2040-06-15 19:00:00,0.055244918945826484,8.76590375123231,-0.0,50.95401849887736,-0.0,-0.0,-0.0,-0.0,-0.0
2040-06-15 20:00:00,0.6296205657646098,8.76590375123231,-0.0,52.40357237544572,-0.0,-0.0,-0.0,-0.0,-0.0
2040-06-15 21:00:00,1.657557008160271,8.765903751232308,-0.0,54.45153479905393,-0.0,-0.0,-0.0,-0.0,-0.0
2040-06-15 22:00:00,2.0403725979898497,8.76590375123231,-0.0,54.10177898502594,-0.0,-0.0,-0.0,-0.0,-0.0
2040-06-15 23:00:00,1.9226538282461496,8.76590375123231,-0.0,54.52072170276216,-0.0,-0.0,-0.0,-0.0,-0.0
2040-06-16 00:00:00,1.7120560816749029,8.76590375123231,-0.0,54.72440283861473,-0.0,-0.0,-0.0,-0.0,-0.0
2040-06-16 01:00:00,2.4274588104426984,8.76590375123231,-0.0,52.503471565781986,-0.0,-0.0,-0.0,-0.0,-0.0
2040-06-16 02:00:00,1.0469804228487225,8.765903751232308,-0.0,52.999217833695965,-0.0,-0.0,-0.0,-0.0,-0.0
2040-06-16 03:00:00,0.8373072243637135,8.765903751232308,-0.0,50.77556567664092,-0.0,-0.0,-0.0,-0.0,-0.0
2040-06-16 04:00:00,0.7727163698172992,8.76590375123231,-0.0,51.91966239045039,-0.0,-0.0,-0.0,-0.0,-0.0
2040-06-16 05:00:00,0.0,8.693917868089281,-0.0,50.585367442960745,-0.0,-0.0,-0.0,-0.0,-0.0
2040-06-16 06:00:00,0.0,8.396410089430452,-0.0,50.83702888761654,-0.0,-0.0,-0.0,-0.0,-0.0
2040-06-16 07:00:00,0.0,8.362796008124834,-0.0,46.9015055682186,-0.0,-0.0,-0.0,-0.0,-0.0
2040-06-16 08:00:00,0.0,8.289958011705362,-0.0,44.69556785627361,-0.0,-0.0,-0.0,-0.0,-0.0
2040-06-16 09:00:00,0.0,7.752230747780721,-0.0,44.04223102782441,-0.0,-0.0,-0.0,-0.0,-0.0
2040-06-16 10:00:00,0.0,7.9299607296989505,-0.0,43.45098534625814,-0.0,-0.0,-0.0,-0.0,-0.0
2040-06-16 11:00:00,0.0,7.6719646426617585,-0.0,41.99868176065923,-0.0,-0.0,-0.0,-0.0,-0.0
2040-06-16 12:00:00,0.0,7.7590495720307,-0.0,43.068107214898234,-0.0,-0.0,-0.0,-0.0,-0.0
2040-06-16 13:00:00,0.0,7.333230356972723,-0.0,42.45875355390876,-0.0,-0.0,-0.0,-0.0,-0.0
2040-06-16 14:00:00,0.0,7.675767827640659,-0.0,42.026135469429434,-0.0,-0.0,-0.0,-0.0,-0.0
2040-06-16 15:00:00,0.0,7.70601588777683,-0.0,43.32268388255238,-0.0,-0.0,-0.0,-0.0,-0.0
2040-06-16 16:00:00,0.0,7.886356978927906,-0.0,43.74691932514171,-0.0,-0.0,-0.0,-0.0,-0.0
2040-06-16 17:00:00,0.0,8.018244200935149,-0.0,45.194685498563175,-0.0,-0.0,-0.0,-0.0,-0.0
2040-06-16 18:00:00,0.0,8.090739871887198,-0.0,46.0238879046985,-0.0,-0.0,-0.0,-0.0,-0.0
2040-06-16 19:00:00,0.0,8.418240799099548,-0.0,48.77766889562528,-0.0,-0.0,-0.0,-0.0,-0.0
2040-06-16 20:00:00,0.0,8.652543532760612,-0.0,49.123166858927874,-0.0,-0.0,-0.0,-0.0,-0.0
2040-06-16 21:00:00,0.4750928764379372,8.76590375123231,-0.0,50.70807101352619,-0.0,-0.0,-0.0,-0.0,-0.0
2040-06-16 22:00:00,0.4250868747518183,8.76590375123231,-0.0,52.25452636470843,-0.0,-0.0,-0.0,-0.0,-0.0
2040-06-16 23:00:00,1.3764669594917647,8.76590375123231,-0.0,52.14158832167921,-0.0,-0.0,-0.0,-0.0,-0.0
2040-06-17 00:00:00,1.9975854860330609,8.76590375123231,-0.0,52.764040318539216,-0.0,-0.0,-0.0,-0.0,-0.0
2040-06-17 01:00:00,1.5366220514970121,8.76590375123231,-0.0,54.50919423270285,-0.0,-0.0,-0.0,-0.0,-0.0
2040-06-17 02:00:00,1.8152415029945195,8.76590375123231,-0.0,53.574835008430945,-0.0,-0.0,-0.0,-0.0,-0.0
2040-06-17 03:00:00,1.6989416955595682,8.76590375123231,-0.0,52.994191003272,-0.0,-0.0,-0.0,-0.0,-0.0
2040-06-17 04:00:00,0.17401335741900298,8.76590375123231,-0.0,51.243715705678646,-0.0,-0.0,-0.0,-0.0,-0.0
2040-06-17 05:00:00,0.1297391785418502,8.76590375123231,-0.0,51.56148874626032,-0.0,-0.0,-0.0,-0.0,-0.0
2040-06-17 06:00:00,0.0,8.683039253256451,-0.0,50.127115910138976,-0.0,-0.0,-0.0,-0.0,-0.0
2040-06-17 07:00:00,0.0,8.385722296975397,-0.0,48.17297446547203,-0.0,-0.0,-0.0,-0.0,-5.443393455097436e-13
2040-06-17 08:00:00,0.0,7.999091111674079,-0.0,46.605840656515056,-0.0,-0.0,-0.0,-0.0,-0.0
2040-06-17 09:00:00,0.0,8.13297138327287,-0.0,45.10181035659269,-0.0,-0.0,-0.0,-0.0,-0.0
2040-06-17 10:00:00,0.0,7.7828385170083365,-0.0,45.13622003075914,-0.0,-0.0,-0.0,-0.0,-0.0
2040-06-17 11:00:00,0.0,7.713538215605471,-0.0,42.524479502172085,-0.0,-0.0,-0.0,-0.0,-0.0
2040-06-17 12:00:00,0.0,7.421339849448709,-0.0,42.85147964485885,-0.0,-0.0,-0.0,-0.0,-0.0
2040-06-17 13:00:00,0.0,7.658873452867368,-0.0,42.00400052825732,-0.0,-0.0,-0.0,-0.0,-0.0
2040-06-17 14:00:00,0.0,7.638716787251852,-0.0,42.11052449236062,-0.0,-0.0,-0.0,-0.0,-0.0
2040-06-17 15:00:00,0.0,7.693880627415286,-0.0,43.08243181090948,-0.0,-0.0,-0.0,-0.0,-0.0
2040-06-17 16:00:00,0.0,7.774367718302439,-0.0,44.245587272409374,-0.0,-0.0,-0.0,-0.0,5.439584222600995e-13
2040-06-17 17:00:00,0.0,7.971531933866641,-0.0,45.59292594078851,-0.0,-0.0,-0.0,-0.0,-0.0
2040-06-17 18:00:00,0.059903023182338686,8.16880826051179,-0.0,46.38507409520023,-0.0,-0.0,-0.0,-0.0,-0.0
2040-06-17 19:00:00,27.57959951799133,-3.2255383192544897e-16,-0.0,39.41349054112746,-0.0,-0.0,-0.0,-0.0,-0.0
2040-06-17 20:00:00,28.0,0.21564058010371742,-0.0,42.435413818673965,-0.0,-0.0,-0.0,-0.0,-0.0
2040-06-17 21:00:00,28.0,0.6463416357405936,-0.0,41.812097698701564,-0.0,-0.0,-0.0,-0.0,-0.0
2040-06-17 22:00:00,28.0,0.5771779505303564,-0.0,43.2581915263879,-0.0,-0.0,-0.0,-0.0,-0.0
2040-06-17 23:00:00,28.0,0.5456135464955886,-0.0,44.701011672601126,-0.0,-0.0,-0.0,-0.0,-0.0
2040-06-18 00:00:00,4.097773193302424,8.765903751232308,-0.0,55.44736366945307,-0.0,-0.0,-0.0,-0.0,-0.0
2040-06-18 01:00:00,28.0,1.2853175512943689,-0.0,49.027351293284184,-0.0,-0.0,-0.0,-0.0,-0.0
2040-06-18 02:00:00,3.5293093763290595,8.76590375123231,-0.0,54.38669234687866,-0.0,-0.0,-0.0,-0.0,-0.0
2040-06-18 03:00:00,28.0,1.105371783411083,-0.0,47.452856129592064,-0.0,-0.0,-0.0,-0.0,-0.0
2040-06-18 04:00:00,2.8188872127611484,8.76590375123231,-0.0,53.7358251604535,-0.0,-0.0,-0.0,-0.0,-0.0
2040-06-18 05:00:00,1.684317096853855,8.76590375123231,-0.0,53.78662382912104,-0.0,-0.0,-0.0,-0.0,-5.443893250326091e-13
2040-06-18 06:00:00,0.5372974156976983,8.76590375123231,-0.0,51.63819569328547,-0.0,-0.0,-0.0,-0.0,-0.0
2040-06-18 07:00:00,28.0,0.4012416661767773,-0.0,43.597650737729275,-0.0,-0.0,-0.0,-0.0,-0.0
2040-06-18 08:00:00,28.0,0.1395318655179317,-0.0,40.888198453465655,-0.0,-0.0,-0.0,-0.0,-0.0
2040-06-18 09:00:00,27.31582995561485,-3.206015449831445e-16,-0.0,40.352081361800536,-0.0,-0.0,-0.0,-0.0,-0.0
2040-06-18 10:00:00,28.0,0.0006498683465667732,-0.0,38.66296697357344,-0.0,-0.0,-0.0,-0.0,-0.0
2040-06-18 11:00:00,0.0,7.994177343527331,-0.0,47.02637948697143,-0.0,-0.0,-0.0,-0.0,-0.0
2040-06-18 12:00:00,0.0,7.721776122771544,-0.0,44.48146492230238,-0.0,-0.0,-0.0,-0.0,-0.0
2040-06-18 13:00:00,0.0,7.936362197794885,-0.0,44.252445252689114,-0.0,-0.0,-0.0,-0.0,-0.0
2040-06-18 14:00:00,0.0,7.8865865965623305,-0.0,45.392469088525765,-0.0,-0.0,-0.0,-0.0,-0.0
2040-06-18 15:00:00,0.0,8.02172296443923,-0.0,44.51498593023751,-0.0,-0.0,-0.0,-0.0,-0.0
2040-06-18 16:00:00,0.0,8.062124743860371,-0.0,46.116089663962875,-0.0,-0.0,-0.0,-0.0,-0.0
2040-06-18 17:00:00,0.0,8.165276665629017,-0.0,47.01453830577558,-0.0,-0.0,-0.0,-0.0,-0.0
2040-06-18 18:00:00,0.0,8.5662194258813,-0.0,49.04856317373191,-0.0,-0.0,-0.0,-0.0,-0.0
2040-06-18 19:00:00,0.0,8.558645586157745,-0.0,50.127677298663706,-0.0,-0.0,-0.0,-0.0,-0.0
2040-06-18 20:00:00,0.8952443979754212,8.76590375123231,-0.0,50.649765015186595,-0.0,-0.0,-0.0,-0.0,-0.0
2040-06-18 21:00:00,1.6718991281547533,8.76590375123231,-0.0,52.173488177413255,-0.0,-0.0,-0.0,-0.0,-0.0
2040-06-18 22:00:00,2.3884917343650742,8.765903751232308,-0.0,54.841508284617696,-0.0,-0.0,-0.0,-0.0,-0.0
2040-06-18 23:00:00,2.7729399372103054,8.76590375123231,-0.0,56.06209832520907,-0.0,-0.0,-0.0,-0.0,-0.0
2040-06-19 00:00:00,3.6088805038109473,8.76590375123231,-0.0,54.66240977361393,-0.0,-0.0,-0.0,-0.0,-0.0
2040-06-19 01:00:00,3.96612416147562,8.76590375123231,-0.0,55.666899243433726,-0.0,-0.0,-0.0,-0.0,-0.0
2040-06-19 02:00:00,2.9549506739870433,8.76590375123231,-0.0,56.382158682519076,-0.0,-0.0,-0.0,-0.0,-0.0
2040-06-19 03:00:00,2.271350640784078,8.76590375123231,-0.0,55.43321507014692,-0.0,-0.0,-0.0,-0.0,-0.0
2040-06-19 04:00:00,1.7083076434903797,8.76590375123231,-0.0,55.819266147721684,-0.0,-0.0,-0.0,-0.0,-0.0
2040-06-19 05:00:00,1.9468026034704056,8.76590375123231,-0.0,54.34255078320032,-0.0,-0.0,-0.0,-0.0,-0.0
2040-06-19 06:00:00,0.5308506225500241,8.76590375123231,-0.0,50.959937478143935,-0.0,-0.0,-0.0,-0.0,-0.0
2040-06-19 07:00:00,0.3945811443485671,8.76590375123231,-0.0,51.534993990460805,-0.0,-0.0,-0.0,-0.0,-0.0
2040-06-19 08:00:00,0.06777895844492193,8.76590375123231,-0.0,49.90592059563511,-0.0,-0.0,-0.0,-0.0,-0.0
2040-06-19 09:00:00,0.0,8.480020636292503,-0.0,48.46098422499774,-0.0,-0.0,-0.0,-0.0,-0.0
2040-06-19 10:00:00,0.0,8.373388577901139,-0.0,47.82962341662091,-0.0,-0.0,-0.0,-0.0,-0.0
2040-06-19 11:00:00,0.0,8.298497735279557,-0.0,46.91965058800139,-0.0,-0.0,-0.0,-0.0,-0.0
2040-06-19 12:00:00,0.0,8.074523842025892,-0.0,45.54541671404312,-0.0,-0.0,-0.0,-0.0,-0.0
2040-06-19 13:00:00,0.0,7.853870420441072,-0.0,44.78228955761545,-0.0,-0.0,-0.0,-0.0,-0.0
2040-06-19 14:00:00,0.0,8.08932430992107,-0.0,45.09951341745589,-0.0,-0.0,-0.0,-0.0,-0.0
2040-06-19 15:00:00,0.0,7.9577334079650965,-0.0,46.0541358256174,-0.0,-0.0,-0.0,-0.0,-0.0
2040-06-19 16:00:00,0.0,8.162225649315802,-0.0,46.65949647085504,-0.0,-0.0,-0.0,-0.0,-0.0
2040-06-19 17:00:00,0.0,8.4425292309606,-0.0,49.06524526419074,-0.0,-0.0,-0.0,-0.0,-0.0
2040-06-19 18:00:00,0.0,8.66922228180678,-0.0,49.63472245662156,-0.0,-0.0,-0.0,-0.0,-0.0
2040-06-19 19:00:00,0.13351859931788204,8.76590375123231,-0.0,50.44152429863868,-0.0,-0.0,-0.0,-0.0,-0.0
2040-06-19 20:00:00,1.1936288443303895,8.765903751232308,-0.0,51.82610008410838,-0.0,-0.0,-0.0,-0.0,-0.0
2040-06-19 21:00:00,1.875190694391141,8.76590375123231,-0.0,54.43795973142045,-0.0,-0.0,-0.0,-0.0,-0.0
2040-06-19 22:00:00,1.909281947657735,8.76590375123231,-0.0,55.60111438904438,-0.0,-0.0,-0.0,-0.0,-0.0
2040-06-19 23:00:00,2.4360032341570332,8.765903751232308,-0.0,54.03485771657822,-0.0,-0.0,-0.0,-0.0,-0.0
2040-06-20 00:00:00,3.248348323472636,8.76590375123231,-0.0,53.733391678281805,-0.0,-0.0,-0.0,-0.0,-0.0
2040-06-20 01:00:00,3.356243586143672,8.76590375123231,-0.0,56.48599601079053,-0.0,-0.0,-0.0,-0.0,-0.0
2040-06-20 02:00:00,2.804174467700071,8.76590375123231,-0.0,55.45748420634001,-0.0,-0.0,-0.0,-0.0,-0.0
2040-06-20 03:00:00,3.343796261569038,8.76590375123231,-0.0,54.49078911877993,-0.0,-0.0,-0.0,-0.0,-0.0
2040-06-20 04:00:00,2.5997600150702334,8.76590375123231,-0.0,53.011013496892986,-0.0,-0.0,-0.0,-0.0,-0.0
2040-06-20 05:00:00,2.0487877294982533,8.76590375123231,-0.0,53.79022881695486,-0.0,-0.0,-0.0,-0.0,-0.0
2040-06-20 06:00:00,1.3350941447402271,8.76590375123231,-0.0,52.353040055232114,-0.0,-0.0,-0.0,-0.0,-0.0
2040-06-20 07:00:00,0.0,8.733721764438608,-0.0,51.20949655842037,-0.0,-0.0,-0.0,-0.0,-0.0
2040-06-20 08:00:00,0.0,8.551152649346866,-0.0,47.85563591541889,-0.0,-0.0,-0.0,-0.0,5.448865636485786e-13
2040-06-20 09:00:00,0.0,8.453165121730253,-0.0,48.30812744615109,-0.0,-0.0,-0.0,-0.0,-0.0
2040-06-20 10:00:00,0.0,8.19403137188703,-0.0,46.44569387791222,-0.0,-0.0,-0.0,-0.0,-0.0
2040-06-20 11:00:00,9.218388651767029,5.130360450279052,-0.0,42.755598238936116,-0.0,-0.0,-0.0,-0.0,-0.0
2040-06-20 12:00:00,26.925340601743773,-3.177113431728867e-16,-0.0,36.62024215995123,-0.0,-0.0,-0.0,-0.0,-5.437378739139306e-13
2040-06-20 13:00:00,26.31610683951181,4.206926037522292e-17,-0.0,35.42016636031332,-0.0,-0.0,-0.0,-0.0,-0.0
2040-06-20 14:00:00,0.0,7.88317995738769,-0.0,45.233761179895616,-0.0,-0.0,-0.0,-0.0,-0.0
2040-06-20 15:00:00,26.33340718969149,1.6036500135454923e-16,-0.0,37.61638688021716,-0.0,-0.0,-0.0,-0.0,-0.0
2040-06-20 16:00:00,0.0,8.039084600234697,-0.0,46.60739837806714,-0.0,-0.0,-0.0,-0.0,-0.0
2040-06-20 17:00:00,28.0,0.0005744221833334784,-0.0,40.37971152546949,-0.0,-0.0,-0.0,-0.0,-0.0
2040-06-20 18:00:00,0.0,8.58255711098672,-0.0,49.204945573550745,-0.0,-0.0,-0.0,-0.0,-0.0
2040-06-20 19:00:00,0.0,8.617052527807608,-0.0,49.84744840188062,-0.0,-0.0,-0.0,-0.0,-0.0
2040-06-20 20:00:00,1.7524511457772607,8.76590375123231,-0.0,52.17063715446323,-0.0,-0.0,-0.0,-0.0,-0.0
2040-06-20 21:00:00,28.0,0.9007599577732814,-0.0,45.779185337616774,-0.0,-0.0,-0.0,-0.0,-0.0
2040-06-20 22:00:00,2.7788804600394643,8.76590375123231,-0.0,54.39675302271503,-0.0,-0.0,-0.0,-0.0,-0.0
2040-06-20 23:00:00,2.6578797739153623,8.76590375123231,-0.0,55.40666022486279,-0.0,-0.0,-0.0,-0.0,-0.0
2040-06-21 00:00:00,2.777388752169307,8.76590375123231,-0.0,55.77398545355964,-0.0,-0.0,-0.0,-0.0,-0.0
2040-06-21 01:00:00,28.0,1.2741974929792887,-0.0,48.57604931678302,-0.0,-0.0,-0.0,-0.0,-0.0
2040-06-21 02:00:00,28.0,1.1881237915875462,-0.0,47.08412643189327,-0.0,-0.0,-0.0,-0.0,-0.0
2040-06-21 03:00:00,28.0,1.2402992012013512,-0.0,47.36123409262283,-0.0,-0.0,-0.0,-0.0,-0.0
2040-06-21 04:00:00,2.2651413439157992,8.765903751232308,-0.0,54.459575018826946,-0.0,-0.0,-0.0,-0.0,-0.0
2040-06-21 05:00:00,1.1186058510964327,8.76590375123231,-0.0,53.19011248954724,-0.0,-0.0,-0.0,-0.0,-0.0
2040-06-21 06:00:00,1.5475744590286202,8.76590375123231,-0.0,51.77892229220537,-0.0,-0.0,-0.0,-0.0,-0.0
2040-06-21 07:00:00,0.3284439081293072,8.76590375123231,-0.0,51.13183099796749,-0.0,-0.0,-0.0,-0.0,-0.0
2040-06-21 08:00:00,0.0,8.630394205735191,-0.0,47.873756881384985,-0.0,-0.0,-0.0,-0.0,-0.0
2040-06-21 09:00:00,0.0,8.424130043658598,-0.0,47.26178215331098,-0.0,-0.0,-0.0,-0.0,-0.0
2040-06-21 10:00:00,0.0,8.244599711358164,-0.0,47.73744182456513,-0.0,-0.0,-0.0,-0.0,-0.0
2040-06-21 11:00:00,26.946412134502204,5.110992212083465e-16,-0.0,37.149207496169254,-0.0,-0.0,-0.0,-0.0,-0.0
2040-06-21 12:00:00,27.282357515295825,1.5334135801647275e-16,-0.0,37.48249374553674,-0.0,-0.0,-0.0,-0.0,-0.0
2040-06-21 13:00:00,26.50929790978544,-3.1463200866729225e-16,-0.0,37.16942367094849,-0.0,-0.0,-0.0,-0.0,-0.0
2040-06-21 14:00:00,0.0,8.17691606397568,-0.0,44.86262527409222,-0.0,-0.0,-0.0,-0.0,-0.0
2040-06-21 15:00:00,26.620668609129872,3.9815050448219226e-17,-0.0,38.305304433045755,-0.0,-0.0,-0.0,-0.0,-0.0
2040-06-21 16:00:00,0.0,8.26574338076721,-0.0,46.96943228764069,-0.0,-0.0,-0.0,-0.0,-0.0
2040-06-21 17:00:00,0.0,8.4682474811601,-0.0,47.868419395718654,-0.0,-0.0,-0.0,-0.0,-0.0
2040-06-21 18:00:00,0.0,8.534010111000084,-0.0,50.12062033215984,-0.0,-0.0,-0.0,-0.0,-0.0
2040-06-21 19:00:00,0.0,8.696696836555999,-0.0,51.02837736160168,-0.0,-0.0,-0.0,-0.0,-0.0
2040-06-21 20:00:00,2.055553258073075,8.76590375123231,-0.0,51.781140434559035,-0.0,-0.0,-0.0,-0.0,-0.0
2040-06-21 21:00:00,28.0,0.6622350462458667,-0.0,44.829487007175274,-0.0,-0.0,5.39845674540785e-14,-0.0,-0.0
2040-06-21 22:00:00,28.0,1.2906414840289109,-0.0,49.314871115399136,-0.0,-0.0,-0.0,-0.0,-0.0
2040-06-21 23:00:00,2.3974965191413142,8.76590375123231,-0.0,56.832559621642666,-0.0,-0.0,-0.0,-0.0,-0.0
2040-06-22 00:00:00,4.120374093718613,8.765903751232308,-0.0,56.14119257892907,-0.0,-0.0,-0.0,-0.0,-0.0
2040-06-22 01:00:00,28.0,1.2963292540083162,-0.0,46.70342955468001,-0.0,-0.0,-0.0,-0.0,-0.0
2040-06-22 02:00:00,28.0,1.2803610817892739,-0.0,48.373043763801974,-0.0,-0.0,-0.0,-0.0,-0.0
2040-06-22 03:00:00,3.184287427574772,8.765903751232308,-0.0,54.245465498521305,-0.0,-0.0,-0.0,-0.0,-0.0
2040-06-22 04:00:00,2.2892002677358954,8.76590375123231,-0.0,55.31631465119736,-0.0,-0.0,-0.0,-0.0,-0.0
2040-06-22 05:00:00,2.0292159875463165,8.76590375123231,-0.0,53.83296976584891,-0.0,-0.0,-0.0,-0.0,-0.0
2040-06-22 06:00:00,0.8767602600679572,8.76590375123231,-0.0,52.40558893613998,-0.0,-0.0,-0.0,-0.0,-0.0
2040-06-22 07:00:00,0.0,8.72786972107543,-0.0,51.91277909483028,-0.0,-0.0,-0.0,-0.0,-0.0
2040-06-22 08:00:00,0.0,8.59694542654929,-0.0,48.081970990991806,-0.0,-0.0,-0.0,-0.0,-0.0
2040-06-22 09:00:00,0.0,8.395839160099518,-0.0,48.95052998308557,-0.0,-0.0,-0.0,-0.0,-0.0
2040-06-22 10:00:00,0.0,8.004770303979235,-0.0,46.82558154886292,-0.0,-0.0,-0.0,-0.0,-0.0
2040-06-22 11:00:00,0.0,8.231023020571916,-0.0,45.239530311873686,-0.0,-0.0,-0.0,-0.0,-0.0
2040-06-22 12:00:00,20.67703074572973,1.9368277338830273,-0.0,39.836427147886745,-0.0,-0.0,-0.0,-0.0,-0.0
2040-06-22 13:00:00,27.179178026790023,3.909526182285607e-16,-0.0,37.525216705912584,-0.0,-0.0,-0.0,-0.0,-0.0
2040-06-22 14:00:00,27.081531980772883,1.5482776556553959e-16,-0.0,37.96197844038058,-0.0,-0.0,-0.0,-0.0,-0.0
2040-06-22 15:00:00,27.38761996227433,2.7098604869473e-16,-0.0,37.819720934044355,-0.0,-0.0,-0.0,-0.0,-0.0
2040-06-22 16:00:00,26.96962037295019,-4.364628686096934e-16,-0.0,38.293765125085464,-0.0,-0.0,-0.0,-0.0,-0.0
2040-06-22 17:00:00,28.0,0.06366648736394091,-0.0,39.27684800207194,-0.0,-0.0,-0.0,-0.0,-0.0
2040-06-22 18:00:00,0.0,8.45757263737279,-0.0,50.744557680292054,-0.0,-0.0,-0.0,-0.0,-0.0
2040-06-22 19:00:00,0.2340861740824538,8.76590375123231,-0.0,51.3630170957919,-0.0,-0.0,-0.0,-0.0,-0.0
2040-06-22 20:00:00,0.6482017405801116,8.76590375123231,-0.0,52.52861950179055,-0.0,-0.0,-0.0,-0.0,-0.0
2040-06-22 21:00:00,28.0,1.043055657527028,-0.0,45.212448253600606,-0.0,-0.0,-0.0,-0.0,-0.0
2040-06-22 22:00:00,2.3451338388265826,8.765903751232308,-0.0,55.30666393097795,-0.0,-0.0,-0.0,-0.0,-0.0
2040-06-22 23:00:00,2.710797061084604,8.765903751232308,-0.0,56.23395870754791,-0.0,-0.0,-0.0,-0.0,-0.0
2040-06-23 00:00:00,28.0,0.8258556062279889,-0.0,43.33471804530084,-0.0,-0.0,-0.0,-0.0,-0.0
2040-06-23 01:00:00,28.0,0.8645214820811536,-0.0,46.51923997153725,-0.0,-0.0,-0.0,-0.0,-0.0
2040-06-23 02:00:00,27.975026602132647,0.7573772724442931,-0.0,42.50182455959469,-0.0,-0.0,-0.0,-0.0,-0.0
2040-06-23 03:00:00,1.3429160039636607,8.76590375123231,-0.0,51.7876535449458,-0.0,-0.0,-0.0,-0.0,-0.0
2040-06-23 04:00:00,1.37650920334996,8.76590375123231,-0.0,51.05112739487276,-0.0,-0.0,-0.0,-0.0,-0.0
2040-06-23 05:00:00,0.6908908298675293,8.76590375123231,-0.0,51.69551673788608,-0.0,-0.0,-0.0,-0.0,-0.0
2040-06-23 06:00:00,0.0,8.72959412139499,-0.0,50.297730809903875,-0.0,-0.0,-0.0,-0.0,-0.0
2040-06-23 07:00:00,0.0,8.508455325906276,-0.0,47.64721588482089,-0.0,-0.0,-0.0,-0.0,-0.0
2040-06-23 08:00:00,0.0,8.417772573398764,-0.0,47.336352453938645,-0.0,-0.0,-0.0,-0.0,-0.0
2040-06-23 09:00:00,0.0,8.10330233971099,-0.0,44.96795934221953,-0.0,-0.0,-0.0,-0.0,-0.0
2040-06-23 10:00:00,26.20679612771291,-7.554546712427841e-17,-0.0,36.18781371168528,-0.0,-0.0,-0.0,-0.0,-0.0
2040-06-23 11:00:00,26.31842745913631,4.2052084339632815e-17,-0.0,33.921352371087224,-0.0,-0.0,-0.0,-0.0,-0.0
2040-06-23 12:00:00,25.662854719878133,5.205994545093063e-16,-0.0,35.51413072003491,-0.0,-0.0,-0.0,-0.0,-0.0
2040-06-23 13:00:00,25.040837873039237,5.150814683634144e-17,-0.0,34.24836404180209,-0.0,-0.0,-0.0,-0.0,-0.0
2040-06-23 14:00:00,25.925879407124523,-7.346626571628228e-17,-0.0,35.32051430135656,-0.0,-0.0,-0.0,-0.0,-0.0
2040-06-23 15:00:00,26.042917398393097,3.9936263630603616e-16,-0.0,36.03883014730148,-0.0,-0.0,-0.0,-0.0,-0.0
2040-06-23 16:00:00,26.427104023331914,2.7809529476761877e-16,-0.0,35.88063573018767,-0.0,-0.0,-0.0,-0.0,-0.0
2040-06-23 17:00:00,0.0,8.114338567394059,-0.0,44.338394043951354,-0.0,-0.0,-0.0,-0.0,-0.0
2040-06-23 18:00:00,0.0,8.143096708509907,-0.0,46.6033514836605,-0.0,-0.0,-0.0,-0.0,-0.0
2040-06-23 19:00:00,0.0,8.548511515173741,-0.0,49.06106547415339,-0.0,-0.0,-0.0,-0.0,-0.0
2040-06-23 20:00:00,28.0,0.5018713707321688,-0.0,41.83036101868252,-0.0,-0.0,-0.0,-0.0,-0.0
2040-06-23 21:00:00,28.0,0.52924613156802,-0.0,42.297969146896314,-0.0,-0.0,-0.0,-0.0,-0.0
2040-06-23 22:00:00,28.0,0.35774905331718737,-0.0,44.157978006279315,-0.0,-0.0,-0.0,-0.0,-0.0
2040-06-23 23:00:00,28.0,0.9586296490530546,-0.0,44.45101633679249,-0.0,-0.0,-0.0,-0.0,-0.0
2040-06-24 00:00:00,28.0,0.9940220567601451,-0.0,45.14940153735185,-0.0,-0.0,-0.0,-0.0,-0.0
2040-06-24 01:00:00,1.7355953227200938,8.76590375123231,-0.0,53.531738652356836,-0.0,-0.0,-0.0,-0.0,-0.0
2040-06-24 02:00:00,1.2304032416610817,8.76590375123231,-0.0,53.4416819218107,-0.0,-0.0,-0.0,-0.0,-0.0
2040-06-24 03:00:00,28.0,0.7685796908520355,-0.0,43.28301327596788,-0.0,-0.0,-0.0,-0.0,-0.0
2040-06-24 04:00:00,1.2469574815734328,8.76590375123231,-0.0,52.152190307846155,-0.0,-0.0,-0.0,-0.0,-0.0
2040-06-24 05:00:00,0.6212721833571254,8.76590375123231,-0.0,51.043562497666535,-0.0,-0.0,-0.0,-0.0,-0.0
2040-06-24 06:00:00,0.27834731066079826,8.76590375123231,-0.0,49.066318981622686,-0.0,-0.0,-0.0,-0.0,-0.0
2040-06-24 07:00:00,0.0,8.634268851557737,-0.0,46.342901524180625,-0.0,-0.0,-0.0,-0.0,-0.0
2040-06-24 08:00:00,0.0,8.191608154512894,-0.0,46.13578974354648,-0.0,-0.0,-0.0,-0.0,-0.0
2040-06-24 09:00:00,0.0,8.052589098709694,-0.0,46.28402513926345,-0.0,-0.0,-0.0,-0.0,-0.0
2040-06-24 10:00:00,0.0,7.888659440156604,-0.0,45.83020080783093,-0.0,-0.0,-0.0,-0.0,-0.0
2040-06-24 11:00:00,0.0,7.815155708891198,-0.0,43.946379978456385,-0.0,-0.0,-0.0,-0.0,-0.0
2040-06-24 12:00:00,0.0,7.785402473960431,-0.0,43.77126667741866,-0.0,-0.0,-0.0,-0.0,-0.0
2040-06-24 13:00:00,0.0,7.754581365235527,-0.0,42.7874085362604,-0.0,-0.0,-0.0,-0.0,-0.0
2040-06-24 14:00:00,0.0,7.59741059635013,-0.0,42.842773819875646,-0.0,-0.0,-0.0,-0.0,-0.0
2040-06-24 15:00:00,0.0,7.775972289581688,-0.0,43.62796613264168,-0.0,-0.0,-0.0,-0.0,-0.0
2040-06-24 16:00:00,0.0,7.890289153618024,-0.0,43.37034673451727,-0.0,-0.0,-0.0,-0.0,-0.0
2040-06-24 17:00:00,0.0,8.14664289273569,-0.0,45.43727503672781,-0.0,-0.0,-0.0,-0.0,-0.0
2040-06-24 18:00:00,0.0,8.304607338466388,-0.0,47.01307094821952,-0.0,-0.0,-0.0,-0.0,-0.0
2040-06-24 19:00:00,0.0,8.667961805259333,-0.0,48.40211487096918,-0.0,-0.0,-0.0,-0.0,-0.0
2040-06-24 20:00:00,0.28793174117980264,8.76590375123231,-0.0,49.7768006138689,-0.0,-0.0,-0.0,-0.0,-0.0
2040-06-24 21:00:00,0.05260656340856538,8.76590375123231,-0.0,50.66373733394577,-0.0,-0.0,-0.0,-0.0,-0.0
2040-06-24 22:00:00,0.6713132733276941,8.76590375123231,-0.0,51.62101036539631,-0.0,-0.0,-0.0,-0.0,-0.0
2040-06-24 23:00:00,1.4024578293984538,8.765903751232308,-0.0,52.82868051611277,-0.0,-0.0,-0.0,-0.0,-0.0
2040-06-25 00:00:00,4.122359112368735,8.765903751232308,-0.0,55.691910283291755,-0.0,-0.0,-0.0,-0.0,-0.0
2040-06-25 01:00:00,2.7599443737742755,8.76590375123231,-0.0,56.69307139507529,-0.0,-0.0,-0.0,-0.0,-0.0
2040-06-25 02:00:00,3.5471400541674103,8.76590375123231,-0.0,56.27498984626348,-0.0,-0.0,-0.0,-0.0,-0.0
2040-06-25 03:00:00,3.297836783479648,8.76590375123231,-0.0,54.57212756247249,-0.0,-0.0,-0.0,-0.0,-0.0
2040-06-25 04:00:00,2.5942349957218576,8.76590375123231,-0.0,55.07617937333152,-0.0,-0.0,-0.0,-0.0,-0.0
2040-06-25 05:00:00,2.4232070762376297,8.765903751232308,-0.0,53.78930173099831,-0.0,-0.0,-0.0,-0.0,-0.0
2040-06-25 06:00:00,2.104034856667591,8.76590375123231,-0.0,51.6923701918381,-0.0,-0.0,-0.0,-0.0,-0.0
2040-06-25 07:00:00,0.5824838150701586,8.76590375123231,-0.0,50.70400870236777,-0.0,-0.0,-0.0,-0.0,-0.0
2040-06-25 08:00:00,0.6196529142630435,8.76590375123231,-0.0,50.21684736730824,-0.0,-0.0,-0.0,-0.0,-0.0
2040-06-25 09:00:00,0.0,8.364031052065881,-0.0,46.993813377731165,-0.0,-0.0,-0.0,-0.0,-0.0
2040-06-25 10:00:00,0.0,8.35118162638232,-0.0,47.56173807977088,-0.0,-0.0,-0.0,-0.0,-0.0
2040-06-25 11:00:00,0.0,8.306967857919195,-0.0,47.18906964149574,-0.0,-0.0,-0.0,-0.0,-0.0
2040-06-25 12:00:00,0.0,7.936333506058479,-0.0,44.94945959444474,-0.0,-0.0,-0.0,-0.0,-0.0
2040-06-25 13:00:00,0.0,7.98591032670021,-0.0,46.083330997516185,-0.0,-0.0,-0.0,-0.0,-0.0
2040-06-25 14:00:00,0.0,8.093079850197284,-0.0,45.60876793133869,-0.0,-0.0,-0.0,-0.0,-0.0
2040-06-25 15:00:00,0.0,8.176045268793674,-0.0,45.92105543064788,-0.0,-0.0,-0.0,-0.0,-0.0
2040-06-25 16:00:00,0.0,8.161873773147878,-0.0,47.29777261664229,-0.0,-0.0,-0.0,-0.0,-0.0
2040-06-25 17:00:00,0.0,8.61545021662083,-0.0,48.14011595950471,-0.0,-0.0,-0.0,-0.0,-0.0
2040-06-25 18:00:00,10.314018457018175,5.833175549690438,-0.0,46.67412126848411,-0.0,-0.0,-0.0,-0.0,-0.0
2040-06-25 19:00:00,0.3179415495149434,8.76590375123231,-0.0,49.46211178767744,-0.0,-0.0,-0.0,-0.0,-0.0
2040-06-25 20:00:00,1.9592217733293071,8.76590375123231,-0.0,53.36623608903345,-0.0,-0.0,-0.0,-0.0,-0.0
2040-06-25 21:00:00,28.0,0.9889843595018285,-0.0,44.91066065128745,-0.0,-0.0,-0.0,-0.0,-0.0
2040-06-25 22:00:00,28.0,1.293338911723098,-0.0,46.280297111125904,-0.0,-0.0,-0.0,-0.0,-0.0
2040-06-25 23:00:00,3.21180896619738,8.765903751232308,-0.0,55.81317245874823,-0.0,-0.0,-0.0,-0.0,-0.0
2040-06-26 00:00:00,3.265147125146999,8.76590375123231,-0.0,55.76952725499888,-0.0,-0.0,-0.0,-0.0,-0.0
2040-06-26 01:00:00,3.253539341757636,8.76590375123231,-0.0,55.31599095396896,-0.0,-0.0,-0.0,-0.0,-0.0
2040-06-26 02:00:00,3.4054247358370904,8.76590375123231,-0.0,56.080210770255825,-0.0,-0.0,-0.0,-0.0,-0.0
2040-06-26 03:00:00,3.547638414062445,8.76590375123231,-0.0,54.93772678097962,-0.0,-0.0,-0.0,-0.0,-0.0
2040-06-26 04:00:00,2.709932649231704,8.76590375123231,-0.0,54.47677647036065,-0.0,-0.0,-0.0,-0.0,-0.0
2040-06-26 05:00:00,2.209450061973057,8.765903751232308,-0.0,53.62218950202113,-0.0,-1.2775648913972044e-13,-0.0,-0.0,-0.0
2040-06-26 06:00:00,28.0,0.6626424786791717,-0.0,44.12467849672626,-0.0,-0.0,-0.0,-0.0,-0.0
2040-06-26 07:00:00,28.0,0.44924239056769083,-0.0,41.228992707101945,-0.0,-0.0,-0.0,-0.0,-0.0
2040-06-26 08:00:00,0.08139285734496199,8.76590375123231,-0.0,49.99927864477406,-0.0,-0.0,-0.0,-0.0,-0.0
2040-06-26 09:00:00,28.0,0.17273799588186453,-0.0,39.51277754140866,-0.0,2.3439745007018402e-14,-0.0,-0.0,-0.0
2040-06-26 10:00:00,27.424115438356477,-8.455543997092716e-17,-0.0,38.97076984383477,-0.0,-0.0,-0.0,-0.0,-0.0
2040-06-26 11:00:00,26.08359439746981,4.379019815300193e-17,-0.0,37.35604505268305,-0.0,-2.7292266651298992e-14,-0.0,-0.0,-0.0
2040-06-26 12:00:00,0.0,8.083987723658499,-0.0,45.284759056516975,-0.0,-0.0,-0.0,-0.0,-0.0
2040-06-26 13:00:00,0.0,8.144263452659308,-0.0,46.05031592429567,-0.0,-0.0,-0.0,-0.0,-0.0
2040-06-26 14:00:00,0.0,8.221820192418969,-0.0,44.50608640497641,-0.0,-0.0,-0.0,-0.0,-0.0
2040-06-26 15:00:00,0.0,8.224957690676002,-0.0,44.8895203990173,-0.0,-0.0,-0.0,-0.0,-0.0
2040-06-26 16:00:00,0.0,8.377721934861741,-0.0,46.63271761799163,-0.0,-0.0,-0.0,-0.0,-0.0
2040-06-26 17:00:00,0.0,8.421550895099033,-0.0,48.28231077071325,-0.0,-0.0,-0.0,-0.0,-0.0
2040-06-26 18:00:00,0.22235142683473055,8.76590375123231,-0.0,49.78307394668612,-0.0,-0.0,-0.0,-0.0,-0.0
2040-06-26 19:00:00,0.6702657756306972,8.765903751232308,-0.0,51.50273652512922,-0.0,-0.0,-0.0,-0.0,-0.0
2040-06-26 20:00:00,1.0956365641480372,8.76590375123231,-0.0,52.11160050425849,-0.0,-0.0,-0.0,-0.0,-0.0
2040-06-26 21:00:00,1.901409754566638,8.76590375123231,-0.0,54.482414888826334,-0.0,-0.0,-0.0,-0.0,-0.0
2040-06-26 22:00:00,1.9588583085814024,8.76590375123231,-0.0,53.58297242718978,-0.0,-0.0,-0.0,-0.0,-0.0
2040-06-26 23:00:00,4.1302775792343684,8.76590375123231,-0.0,55.6450635846559,-0.0,-0.0,-0.0,-0.0,-0.0
2040-06-27 00:00:00,2.960908334904881,8.76590375123231,-0.0,57.22267538775094,-0.0,-0.0,-0.0,-0.0,-0.0
2040-06-27 01:00:00,4.314728732333689,8.76590375123231,-0.0,56.354225051218236,-0.0,-0.0,-0.0,-0.0,-0.0
2040-06-27 02:00:00,3.591430457417922,8.76590375123231,-0.0,55.04073767412117,-0.0,-0.0,-0.0,-0.0,-0.0
2040-06-27 03:00:00,3.783796644059183,8.76590375123231,-0.0,55.53450941368526,-0.0,-0.0,-0.0,-0.0,-0.0
2040-06-27 04:00:00,2.950541413604521,8.76590375123231,-0.0,53.93005769686809,-0.0,-0.0,-0.0,-0.0,-0.0
2040-06-27 05:00:00,2.2852875487502673,8.765903751232308,-0.0,53.18477046437573,-0.0,-0.0,-0.0,-0.0,-0.0
2040-06-27 06:00:00,1.943393662174333,8.76590375123231,-0.0,51.64558345328214,-0.0,-0.0,-0.0,-0.0,-0.0
2040-06-27 07:00:00,0.7955539125238559,8.76590375123231,-0.0,50.21677593110795,-0.0,-0.0,-0.0,-0.0,-0.0
2040-06-27 08:00:00,0.11302955256680956,8.76590375123231,-0.0,48.4814835439776,-0.0,-0.0,-0.0,-0.0,-0.0
2040-06-27 09:00:00,0.0,8.47599081248423,-0.0,49.14814032229398,-0.0,-0.0,-0.0,-0.0,-0.0
2040-06-27 10:00:00,0.0,8.249865070931344,-0.0,47.76430245945005,-0.0,-0.0,-0.0,-0.0,-0.0
2040-06-27 11:00:00,0.0,8.182833788850001,-0.0,45.70609955845525,-0.0,-0.0,-0.0,-0.0,-0.0
2040-06-27 12:00:00,0.0,7.966698000971756,-0.0,43.94816481465339,-0.0,-0.0,-0.0,-0.0,-0.0
2040-06-27 13:00:00,0.0,8.086535612676949,-0.0,45.91404673178018,-0.0,-0.0,-0.0,-0.0,-0.0
2040-06-27 14:00:00,0.0,8.124399965438203,-0.0,44.23058804533673,-0.0,-0.0,-0.0,-0.0,-0.0
2040-06-27 15:00:00,0.0,8.157148881962678,-0.0,45.64732273789291,-0.0,-0.0,-0.0,-0.0,-0.0
2040-06-27 16:00:00,7.85955969488659,5.998253017741714,-0.0,45.12295363096601,-0.0,-0.0,-0.0,-0.0,-0.0
2040-06-27 17:00:00,15.32020797569281,3.981696953795848,-0.0,43.34106155552536,-0.0,-0.0,-0.0,-0.0,-0.0
2040-06-27 18:00:00,28.0,0.296815411861126,-0.0,42.24526900076434,-0.0,-1.2294962767586815e-13,-0.0,-0.0,-0.0
2040-06-27 19:00:00,28.0,0.7191713523843263,-0.0,42.75284138641653,-0.0,-0.0,-0.0,-0.0,-0.0
2040-06-27 20:00:00,28.0,0.8809878170010239,-0.0,44.12472126381603,-0.0,-0.0,-0.0,-0.0,-0.0
2040-06-27 21:00:00,28.0,1.0826297429144354,-0.0,45.68096334267322,-0.0,-0.0,-0.0,-0.0,-0.0
2040-06-27 22:00:00,2.7310262479850786,8.76590375123231,-0.0,54.942141866021835,-0.0,-0.0,-0.0,-0.0,-0.0
2040-06-27 23:00:00,3.3048858682221125,8.76590375123231,-0.0,54.822552618248366,-0.0,-0.0,-0.0,-0.0,-0.0
2040-06-28 00:00:00,2.9901699872231555,8.76590375123231,-0.0,54.90248722111465,-0.0,-0.0,-0.0,-0.0,-0.0
2040-06-28 01:00:00,28.0,1.5428714042808933,-0.0,48.00368839842021,-0.0,-0.0,-0.0,-0.0,-0.0
2040-06-28 02:00:00,2.8509657054243585,8.76590375123231,-0.0,55.78925523448206,-0.0,-0.0,-0.0,-0.0,-0.0
2040-06-28 03:00:00,28.0,1.3821679320830742,-0.0,47.027870005171145,-0.0,-0.0,-0.0,-0.0,-0.0
2040-06-28 04:00:00,28.0,1.153284991365686,-0.0,45.28308858013361,-0.0,-0.0,-0.0,-0.0,-0.0
2040-06-28 05:00:00,2.4519689265152964,8.76590375123231,-0.0,53.732937861300634,-0.0,-0.0,-0.0,-0.0,-0.0
2040-06-28 06:00:00,28.0,0.6969844339907717,-0.0,44.86371177106589,-0.0,-0.0,-0.0,-0.0,-0.0
2040-06-28 07:00:00,0.6071718946074028,8.76590375123231,-0.0,50.539240267620464,-0.0,-0.0,-0.0,-0.0,-0.0
2040-06-28 08:00:00,0.33802441949490686,8.76590375123231,-0.0,49.77034724715807,-0.0,-0.0,-0.0,-0.0,-0.0
2040-06-28 09:00:00,0.0,8.634900050494108,-0.0,48.15539990507358,-0.0,-0.0,-0.0,-0.0,-0.0
2040-06-28 10:00:00,27.544117813174786,-4.407150038478638e-16,-0.0,38.43817830838284,-0.0,-0.0,-0.0,5.39845674540785e-14,-0.0
2040-06-28 11:00:00,27.509571779648503,3.323584533773865e-17,-0.0,36.980882958098874,-0.0,-0.0,-0.0,-0.0,-0.0
2040-06-28 12:00:00,0.0,8.14560230421151,-0.0,45.01692758748924,-0.0,-0.0,-0.0,-0.0,-0.0
2040-06-28 13:00:00,27.03102383294291,1.5520160095655296e-16,-0.0,36.92696338404562,-0.0,-0.0,-0.0,-0.0,-0.0
2040-06-28 14:00:00,27.172159522761206,-2.0111438087304797e-16,-0.0,37.444939953595146,-0.0,-0.0,-0.0,-0.0,-0.0
2040-06-28 15:00:00,27.517241913984257,5.06874232112862e-16,-0.0,37.74094660832961,-0.0,-0.0,-0.0,-0.0,-0.0
2040-06-28 16:00:00,28.0,0.049624394860241505,-0.0,40.50799924746565,-0.0,-0.0,-0.0,-0.0,-0.0
2040-06-28 17:00:00,20.664996593936944,2.172260956868059,-0.0,41.86887215240008,-0.0,-0.0,-0.0,-0.0,-0.0
2040-06-28 18:00:00,0.2134772270491808,8.76590375123231,-0.0,50.90059557516628,-0.0,-0.0,-0.0,-0.0,-0.0
2040-06-28 19:00:00,0.3350849844417197,8.76590375123231,-0.0,52.04588102722836,-0.0,-0.0,-0.0,-0.0,-0.0
2040-06-28 20:00:00,1.380525448935947,8.76590375123231,-0.0,51.67535400761692,-0.0,-0.0,-0.0,-0.0,-0.0
2040-06-28 21:00:00,2.0852716235026736,8.76590375123231,-0.0,52.59567282604474,-0.0,-0.0,-0.0,-0.0,-0.0
2040-06-28 22:00:00,28.0,1.28526385117523,-0.0,48.65852739989443,-0.0,-0.0,-0.0,-0.0,-0.0
2040-06-28 23:00:00,3.7359656625798907,8.76590375123231,-0.0,54.178495944634925,-0.0,-0.0,-0.0,-0.0,-0.0
2040-06-29 00:00:00,4.154369414573374,8.76590375123231,-0.0,54.621538455490295,-0.0,-0.0,-0.0,-0.0,-0.0
2040-06-29 01:00:00,4.063790699231938,8.765903751232308,-0.0,57.066478538661926,-0.0,-0.0,-0.0,-0.0,-0.0
2040-06-29 02:00:00,28.0,1.5616384679722108,-0.0,48.75205227919398,-0.0,-0.0,-0.0,-0.0,-0.0
2040-06-29 03:00:00,28.0,1.1415727899060282,-0.0,48.08782557086525,-0.0,-0.0,-0.0,-0.0,-0.0
2040-06-29 04:00:00,28.0,1.2780960178404797,-0.0,47.16372609208822,-0.0,-0.0,-0.0,-0.0,-0.0
2040-06-29 05:00:00,28.0,1.1171752957904846,-0.0,45.339911987005195,-0.0,-0.0,-0.0,-0.0,-0.0
2040-06-29 06:00:00,28.0,1.1517751172856967,-0.0,43.81891641865146,-0.0,-0.0,-0.0,-0.0,-0.0
2040-06-29 07:00:00,28.0,0.8786799649675383,-0.0,44.23328283093898,-0.0,-0.0,-0.0,-0.0,-0.0
2040-06-29 08:00:00,28.0,0.3713283571130108,-0.0,41.84188769062933,-0.0,-0.0,-0.0,-0.0,-0.0
2040-06-29 09:00:00,28.0,0.23710094268168858,-0.0,40.5208463668454,-0.0,-0.0,-0.0,-0.0,-0.0
2040-06-29 10:00:00,0.0,8.283587889664723,-0.0,45.76407930859647,-0.0,-0.0,-0.0,-0.0,-0.0
2040-06-29 11:00:00,0.0,8.29576969891105,-0.0,46.180287058291846,-0.0,-0.0,-0.0,-0.0,-0.0
2040-06-29 12:00:00,26.759789778873454,5.124805041158719e-16,-0.0,37.4529152328229,-0.0,-0.0,-0.0,-0.0,-0.0
2040-06-29 13:00:00,27.92491762167563,3.8543303643778314e-16,-0.0,37.82250207259102,-0.0,-0.0,-0.0,-0.0,-0.0
2040-06-29 14:00:00,26.938135739242117,3.9273668954552077e-16,-0.0,38.11510210944439,-0.0,-0.0,-0.0,-0.0,-0.0
2040-06-29 15:00:00,0.0,8.353060217783396,-0.0,45.87869530719801,-0.0,-0.0,-0.0,-0.0,-0.0
2040-06-29 16:00:00,0.0,8.260875964789877,-0.0,46.9718125591263,-0.0,-0.0,-0.0,-0.0,-0.0
2040-06-29 17:00:00,0.0,8.552082556557197,-0.0,48.55178349423114,-0.0,-0.0,-0.0,-0.0,-0.0
2040-06-29 18:00:00,0.0,8.76493813174991,-0.0,50.45543523952423,-0.0,-0.0,-0.0,-0.0,-0.0
2040-06-29 19:00:00,1.2351628859268389,8.76590375123231,-0.0,50.86690236251928,-0.0,-0.0,-0.0,-0.0,-0.0
2040-06-29 20:00:00,1.2245763324819543,8.76590375123231,-0.0,50.5669517080203,-0.0,-0.0,-0.0,-0.0,-0.0
2040-06-29 21:00:00,2.658658092255688,8.76590375123231,-0.0,54.43837380110106,-0.0,-0.0,-0.0,-0.0,-0.0
2040-06-29 22:00:00,2.6316165463333507,8.76590375123231,-0.0,53.34295077696155,-0.0,-0.0,-0.0,-0.0,-0.0
2040-06-29 23:00:00,7.26515110738139,7.57846625751543,-0.0,53.43213318376668,-0.0,-0.0,-0.0,-0.0,-0.0
2040-06-30 00:00:00,28.0,1.1849612783274668,-0.0,45.92007874122668,-0.0,-0.0,-0.0,-0.0,-0.0
2040-06-30 01:00:00,28.0,1.1233890429605071,-0.0,45.992010453165044,-0.0,-0.0,-0.0,-0.0,-0.0
2040-06-30 02:00:00,3.1370104599679283,8.76590375123231,-0.0,55.75940329593706,-0.0,-0.0,-0.0,-0.0,-0.0
2040-06-30 03:00:00,28.0,0.9268580203106475,-0.0,45.06990920192241,-0.0,-0.0,-0.0,-0.0,-0.0
2040-06-30 04:00:00,28.0,0.6949271240960821,-0.0,45.35939381663619,-0.0,-0.0,-0.0,-0.0,-0.0
2040-06-30 05:00:00,1.2508693519286505,8.76590375123231,-0.0,50.48324095850854,-0.0,-0.0,-0.0,-0.0,-0.0
2040-06-30 06:00:00,0.7616994031789669,8.76590375123231,-0.0,50.74672822689555,-0.0,-0.0,-0.0,-0.0,-0.0
2040-06-30 07:00:00,28.0,0.17517810804601983,-0.0,39.29520126643607,-0.0,-0.0,-0.0,-0.0,-0.0
2040-06-30 08:00:00,0.0,8.334760749070304,-0.0,47.41423989201812,-0.0,-0.0,-0.0,-0.0,-0.0
2040-06-30 09:00:00,0.0,8.176437902927512,-0.0,44.58117123723831,-0.0,-0.0,-0.0,-0.0,-0.0
2040-06-30 10:00:00,26.848314392253513,-4.355650239910655e-16,-0.0,35.69765125668767,-0.0,-0.0,-0.0,-0.0,-0.0
2040-06-30 11:00:00,0.0,7.98408924198693,-0.0,43.20289042666262,-0.0,-0.0,-0.0,-0.0,-0.0
2040-06-30 12:00:00,0.0,7.730151936122906,-0.0,42.63547666164281,-0.0,-0.0,-0.0,-0.0,-0.0
2040-06-30 13:00:00,0.0,7.781680414469456,-0.0,41.65176379282901,-0.0,-0.0,-0.0,-0.0,-0.0
2040-06-30 14:00:00,26.327300609051466,-7.643737945596227e-17,-0.0,34.24982165209545,-0.0,-0.0,-0.0,-0.0,-0.0
2040-06-30 15:00:00,23.168747190057886,0.8043704743665688,-0.0,36.52021293338092,-0.0,-0.0,-0.0,-0.0,-0.0
2040-06-30 16:00:00,0.0,8.325985617879525,-0.0,45.22805008322943,-0.0,-0.0,-0.0,-0.0,-0.0
2040-06-30 17:00:00,0.0,8.253706383261049,-0.0,44.84525948252259,-0.0,-0.0,-0.0,-0.0,-0.0
2040-06-30 18:00:00,0.0,8.439521345775768,-0.0,48.20584930656373,-0.0,-0.0,-0.0,-0.0,-0.0
2040-06-30 19:00:00,0.0,8.623117365855043,-0.0,48.67358203190761,-0.0,-0.0,-0.0,-0.0,-0.0
2040-06-30 20:00:00,0.027509109605557653,8.76590375123231,-0.0,49.98664994545192,-0.0,-0.0,-0.0,-0.0,-0.0
2040-06-30 21:00:00,1.9866067109793848,8.76590375123231,-0.0,50.56401372126432,-0.0,-0.0,-0.0,-0.0,-0.0
2040-06-30 22:00:00,1.57308941764803,8.76590375123231,-0.0,52.84582286736565,-0.0,-0.0,-0.0,-0.0,-0.0
2040-06-30 23:00:00,1.9670408264408765,8.76590375123231,-0.0,52.60578357482164,-0.0,-0.0,-0.0,-0.0,-0.0
2040-07-01 00:00:00,2.1873165432448802,8.76590375123231,-0.0,51.84630701433978,-0.0,-0.0,-0.0,-0.0,-0.0
2040-07-01 01:00:00,2.740284385303506,8.76590375123231,-0.0,55.09169932970502,-0.0,-0.0,-0.0,-0.0,5.3645323472350876e-14
2040-07-01 02:00:00,28.0,1.1768092433731243,-0.0,46.21698872775348,-0.0,-0.0,-0.0,-0.0,-0.0
2040-07-01 03:00:00,28.0,0.8507975262088491,-0.0,45.13354353689827,-0.0,-0.0,-0.0,5.39845674540785e-14,-0.0
2040-07-01 04:00:00,28.0,0.8741295955341495,-0.0,41.70648116845397,-0.0,-0.0,-0.0,-0.0,-0.0
2040-07-01 05:00:00,0.6029980936506273,8.76590375123231,-0.0,50.39482681847182,-0.0,-0.0,-0.0,-0.0,-0.0
2040-07-01 06:00:00,0.721411958670663,8.76590375123231,-0.0,49.62497325234626,-0.0,-0.0,-0.0,-0.0,-0.0
2040-07-01 07:00:00,0.0,8.521546018906749,-0.0,48.87866824946806,-0.0,-0.0,-0.0,-0.0,-0.0
2040-07-01 08:00:00,28.0,0.14443643197839937,-0.0,39.15610269225386,-0.0,-0.0,-0.0,-0.0,-0.0
2040-07-01 09:00:00,0.0,8.24606982858396,-0.0,45.19338894459601,-0.0,-0.0,-0.0,-0.0,-0.0
2040-07-01 10:00:00,26.711947659290793,-4.3455570741287804e-16,-0.0,36.29056213585533,-0.0,-0.0,-0.0,-0.0,-0.0
2040-07-01 11:00:00,0.0,8.000385299300385,-0.0,42.22361788811884,-0.0,-0.0,-0.0,-0.0,-0.0
2040-07-01 12:00:00,26.435932806405255,5.148775272326692e-16,-0.0,35.05484428781439,-0.0,-0.0,-0.0,-0.0,-0.0
2040-07-01 13:00:00,26.49064650400328,2.776249859337311e-16,-0.0,34.55842060074238,-0.0,-0.0,-0.0,-0.0,-0.0
2040-07-01 14:00:00,0.0,7.840137399773677,-0.0,42.99622475304745,-0.0,-0.0,-0.0,-0.0,-0.0
2040-07-01 15:00:00,26.165451532207904,-4.3051082352517205e-16,-0.0,37.57096259009981,-0.0,-0.0,-0.0,-0.0,-0.0
2040-07-01 16:00:00,26.965243580409332,1.556884726294092e-16,-0.0,37.32667596953952,-0.0,-0.0,-0.0,-0.0,-0.0
2040-07-01 17:00:00,27.653728358028058,3.874402402013343e-16,-0.0,38.2761822082157,-0.0,-0.0,-0.0,-0.0,-0.0
2040-07-01 18:00:00,0.0,8.673287444726865,-0.0,47.6952030841274,-0.0,-0.0,-0.0,-0.0,-0.0
2040-07-01 19:00:00,0.0,8.734819960156528,-0.0,48.35660144444207,-0.0,-0.0,-0.0,-0.0,-0.0
2040-07-01 20:00:00,28.0,0.5288115571757118,-0.0,41.591547520807346,-0.0,-0.0,-0.0,-0.0,-0.0
2040-07-01 21:00:00,2.478609578217212,8.76590375123231,-0.0,52.10510844553528,-0.0,-0.0,-0.0,-0.0,-0.0
2040-07-01 22:00:00,28.0,1.0061381070327136,-0.0,42.838653907263684,-0.0,-0.0,-0.0,-0.0,-0.0
2040-07-01 23:00:00,28.0,0.961644654332289,-0.0,44.86779192457623,-0.0,-0.0,-0.0,-0.0,-0.0
2040-07-02 00:00:00,28.0,1.6235385054209515,-0.0,48.70699354609966,-0.0,-0.0,-0.0,-0.0,-0.0
2040-07-02 01:00:00,28.0,1.437759026839317,-0.0,50.222522956849716,-0.0,-0.0,-0.0,-0.0,-0.0
2040-07-02 02:00:00,28.0,1.4776809114955618,-0.0,49.77717127371088,-0.0,-0.0,-0.0,-0.0,-0.0
2040-07-02 03:00:00,3.448662470747563,8.76590375123231,-0.0,54.81347395383288,-0.0,-0.0,-0.0,-0.0,-0.0
2040-07-02 04:00:00,3.7835345064608767,8.76590375123231,-0.0,55.425860005172105,-0.0,-0.0,-0.0,-0.0,-0.0
2040-07-02 05:00:00,2.292126533843137,8.765903751232308,-0.0,53.65616871369358,-0.0,-0.0,-0.0,-0.0,-0.0
2040-07-02 06:00:00,28.0,0.8693424949132047,-0.0,44.008782765805776,-0.0,1.573738381030745e-12,-0.0,-0.0,-0.0
2040-07-02 07:00:00,1.187011074661182,8.765903751232308,-0.0,51.04723837215956,-0.0,-0.0,-0.0,-0.0,-0.0
2040-07-02 08:00:00,28.0,0.4111107583463389,-0.0,40.90403144675971,-0.0,-0.0,-0.0,-0.0,1.6585431450677412e-12
2040-07-02 09:00:00,28.0,0.0963411283767684,-0.0,38.855377409684294,-0.0,-0.0,-0.0,-0.0,-0.0
2040-07-02 10:00:00,0.0,8.550524847719815,-0.0,45.83661195334164,-0.0,-0.0,-0.0,-0.0,-0.0
2040-07-02 11:00:00,27.362916025695526,2.7116889455598774e-16,-0.0,37.14398987112838,-0.0,-0.0,-0.0,-0.0,-0.0
2040-07-02 12:00:00,27.224943950952863,3.5342514463518417e-17,-0.0,36.78792553087973,-0.0,-0.0,-0.0,-0.0,-0.0
2040-07-02 13:00:00,26.78381584085222,-4.3508763881226096e-16,-0.0,37.506278476579695,-0.0,-0.0,-0.0,-0.0,-0.0
2040-07-02 14:00:00,0.0,8.267457277541064,-0.0,45.897509798177786,-0.0,-0.0,-0.0,-0.0,-0.0
2040-07-02 15:00:00,27.318599845840573,5.083444787642772e-16,-0.0,37.30283300234487,-0.0,-0.0,-0.0,-0.0,-0.0
2040-07-02 16:00:00,0.0,8.43093566088123,-0.0,47.031255163324936,-0.0,-0.0,-0.0,-0.0,-0.0
2040-07-02 17:00:00,28.0,0.484300846893211,-0.0,40.371026183811665,-0.0,-0.0,-0.0,-0.0,-0.0
2040-07-02 18:00:00,0.05724481027394736,8.76590375123231,-0.0,50.45270610088727,-0.0,-0.0,-0.0,-0.0,-0.0
2040-07-02 19:00:00,0.8514154896713805,8.76590375123231,-0.0,51.00700390703529,-0.0,-0.0,-0.0,-0.0,-0.0
2040-07-02 20:00:00,2.3442922219404623,8.765903751232308,-0.0,52.35176603996859,-0.0,-0.0,-0.0,-0.0,-0.0
2040-07-02 21:00:00,1.549128977829107,8.76590375123231,-0.0,52.348558599941924,-0.0,-0.0,-0.0,-0.0,-0.0
2040-07-02 22:00:00,28.0,1.274324550910866,-0.0,46.69087541764952,-0.0,-0.0,-0.0,-0.0,-0.0
2040-07-02 23:00:00,2.2921328584120646,8.76590375123231,-0.0,53.292472418878106,-0.0,-0.0,-0.0,-0.0,-0.0
2040-07-03 00:00:00,28.0,1.5902164996686692,-0.0,51.02530640402148,-0.0,-0.0,-0.0,-0.0,-0.0
2040-07-03 01:00:00,4.512481673349184,8.76590375123231,-0.0,56.35261581491505,-0.0,-0.0,-0.0,-0.0,-0.0
2040-07-03 02:00:00,28.0,1.3815799412948635,-0.0,49.890506221143845,-0.0,-0.0,-0.0,-0.0,-0.0
2040-07-03 03:00:00,3.508099036015237,8.765903751232308,-0.0,55.40927939231943,-0.0,-0.0,-0.0,-0.0,-0.0
2040-07-03 04:00:00,3.0173131616277034,8.765903751232308,-0.0,55.91576654841276,-0.0,-0.0,-0.0,-0.0,-0.0
2040-07-03 05:00:00,2.1190372974471816,8.76590375123231,-0.0,53.853071290314695,-0.0,-0.0,-0.0,-0.0,-0.0
2040-07-03 06:00:00,28.0,0.8978114489832474,-0.0,45.491596134164595,-0.0,-0.0,-0.0,-0.0,-0.0
2040-07-03 07:00:00,28.0,1.0248461654922976,-0.0,43.52798295100864,-0.0,-0.0,-0.0,-0.0,-0.0
2040-07-03 08:00:00,28.0,0.8520469203598924,-0.0,42.69238650694456,-0.0,-0.0,-0.0,-0.0,-0.0
2040-07-03 09:00:00,0.0,8.56482532853247,-0.0,48.32637429490909,-0.0,-0.0,-0.0,-0.0,-0.0
2040-07-03 10:00:00,0.0,8.431988045144763,-0.0,46.80943560061675,-0.0,-0.0,-0.0,-0.0,-0.0
2040-07-03 11:00:00,27.125559989570522,3.9134947142493605e-16,-0.0,36.72228125847576,-0.0,-0.0,-0.0,-0.0,-0.0
2040-07-03 12:00:00,0.0,8.224109413579209,-0.0,46.454004105535375,-0.0,-0.0,-0.0,-0.0,-0.0
2040-07-03 13:00:00,26.41508439693094,-3.1393468859261303e-16,-0.0,37.41361241926334,-0.0,-0.0,-0.0,-0.0,-0.0
2040-07-03 14:00:00,27.42080498450806,5.075880087763861e-16,-0.0,37.30976053016623,-0.0,-1.6255120689493766e-12,-0.0,-0.0,-0.0
2040-07-03 15:00:00,0.0,8.21700995700503,-0.0,46.826875617921594,-0.0,-0.0,-0.0,-0.0,-0.0
2040-07-03 16:00:00,28.0,0.21326252078034194,-0.0,38.830642376170736,-0.0,-0.0,-0.0,-0.0,-0.0
2040-07-03 17:00:00,0.0,8.538923819482603,-0.0,48.0976729297969,-0.0,-0.0,-0.0,-0.0,-0.0
2040-07-03 18:00:00,28.0,0.3940748443452497,-0.0,42.38756291363726,-0.0,-0.0,-0.0,-0.0,-0.0
2040-07-03 19:00:00,28.0,0.703586631705448,-0.0,42.63061218192819,-0.0,-0.0,-0.0,-0.0,-1.6545432148222385e-12
2040-07-03 20:00:00,0.8261630056907412,8.76590375123231,-0.0,52.1894413811528,-0.0,-0.0,-0.0,-0.0,-0.0
2040-07-03 21:00:00,1.8574490202871046,8.76590375123231,-0.0,53.78605417294623,-0.0,-0.0,-0.0,-0.0,-0.0
2040-07-03 22:00:00,3.965146671258253,8.76590375123231,-0.0,53.27371500006202,-0.0,-0.0,-0.0,-0.0,-0.0
2040-07-03 23:00:00,3.1998524771231085,8.76590375123231,-0.0,55.4278465268185,-0.0,-0.0,-0.0,-0.0,-0.0
2040-07-04 00:00:00,28.0,1.6522695984096702,-0.0,47.42109488674543,-0.0,5.403859253696733e-14,-0.0,-0.0,-0.0
2040-07-04 01:00:00,3.3189236794734245,8.76590375123231,-0.0,56.7763499309618,-0.0,-0.0,-0.0,-0.0,-0.0
2040-07-04 02:00:00,3.554271007866834,8.76590375123231,-0.0,55.62431191979506,-0.0,-0.0,-0.0,-0.0,-0.0
2040-07-04 03:00:00,3.355264850202768,8.76590375123231,-0.0,54.873353904912555,-0.0,-0.0,-0.0,-0.0,-0.0
2040-07-04 04:00:00,28.0,1.2455755734787586,-0.0,45.82877375143704,-0.0,-0.0,-0.0,-0.0,-1.0496360346084732e-13
2040-07-04 05:00:00,1.6933352426494972,8.76590375123231,-0.0,53.88582813025844,-0.0,-0.0,-0.0,-0.0,-0.0
2040-07-04 06:00:00,2.142980356500389,8.76590375123231,-0.0,52.97764427986919,-0.0,-0.0,-0.0,-0.0,-0.0
2040-07-04 07:00:00,0.5878907426281671,8.76590375123231,-0.0,52.172800128563054,-0.0,-0.0,-0.0,-0.0,-0.0
2040-07-04 08:00:00,28.0,0.38171866960977213,-0.0,40.929574562477136,-0.0,-0.0,-0.0,-0.0,-0.0
2040-07-04 09:00:00,0.0,8.351960403238763,-0.0,47.8056656597025,-0.0,-0.0,-0.0,-0.0,-0.0
2040-07-04 10:00:00,0.0,8.35727459295967,-0.0,47.0610124552159,-0.0,-0.0,-0.0,-0.0,-0.0
2040-07-04 11:00:00,0.0,8.255271620746093,-0.0,47.213125602086414,-0.0,-0.0,-0.0,-0.0,-0.0
2040-07-04 12:00:00,26.798435923224748,1.5692309730734323e-16,-0.0,36.92312305611591,-0.0,-0.0,-0.0,-0.0,-0.0
2040-07-04 13:00:00,27.07079726887961,-4.372117280724997e-16,-0.0,38.65514947949438,-0.0,-0.0,-0.0,-0.0,-0.0
2040-07-04 14:00:00,27.00616237529062,3.696182341461169e-17,-0.0,38.56207615580231,-0.0,-0.0,-0.0,-0.0,-0.0
2040-07-04 15:00:00,0.0,8.12085582789153,-0.0,47.6775794884378,-0.0,-0.0,-0.0,-0.0,-0.0
2040-07-04 16:00:00,0.0,8.339299436685229,-0.0,48.22006632011547,-0.0,-0.0,-0.0,-0.0,-0.0
2040-07-04 17:00:00,28.0,0.257960903023762,-0.0,41.195400757412216,-0.0,-0.0,-0.0,-0.0,-0.0
2040-07-04 18:00:00,0.6475387368289641,8.76590375123231,-0.0,49.95013376749038,-0.0,-0.0,-0.0,-0.0,-0.0
2040-07-04 19:00:00,0.5818200209006018,8.765903751232308,-0.0,51.760712119306476,-0.0,-0.0,-0.0,-0.0,-0.0
2040-07-04 20:00:00,28.0,0.9036948163003061,-0.0,45.738040140232236,-0.0,-0.0,-0.0,-0.0,-0.0
2040-07-04 21:00:00,28.0,1.0710845220733354,-0.0,47.744404277951126,-0.0,-0.0,-0.0,-0.0,-0.0
2040-07-04 22:00:00,3.0015410726678255,8.76590375123231,-0.0,54.454523195643716,-0.0,-0.0,-0.0,-0.0,-0.0
2040-07-04 23:00:00,3.3129901657997616,8.76590375123231,-0.0,54.57049134458977,-0.0,-0.0,-0.0,-0.0,-0.0
2040-07-05 00:00:00,2.835045506042616,8.76590375123231,-0.0,56.99631297366308,-0.0,-0.0,-0.0,-0.0,-0.0
2040-07-05 01:00:00,3.394109389191295,8.76590375123231,-0.0,56.734955785682175,-0.0,-0.0,-0.0,-0.0,-0.0
2040-07-05 02:00:00,28.0,1.4044123336670984,-0.0,47.52987921488786,-0.0,-0.0,-0.0,-0.0,-0.0
2040-07-05 03:00:00,28.0,1.2399423286516185,-0.0,48.086602578128804,-0.0,-0.0,-0.0,-0.0,-0.0
2040-07-05 04:00:00,3.988408344720777,8.52871408694913,-0.0,54.66050574045637,-0.0,-0.0,-0.0,-0.0,-0.0
2040-07-05 05:00:00,1.9209485836528382,8.76590375123231,-0.0,55.11895164029379,-0.0,-0.0,-0.0,-0.0,-0.0
2040-07-05 06:00:00,1.011735323761325,8.76590375123231,-0.0,52.075327909910264,-0.0,-0.0,-0.0,-0.0,-0.0
2040-07-05 07:00:00,1.151553256152566,8.765903751232308,-0.0,51.74074693600435,-0.0,-0.0,-0.0,-0.0,-0.0
2040-07-05 08:00:00,0.23346632813482385,8.76590375123231,-0.0,49.28144553448127,-0.0,-0.0,-0.0,-0.0,-0.0
2040-07-05 09:00:00,0.0,8.628700568191219,-0.0,48.488843349446114,-0.0,-0.0,-0.0,-0.0,-0.0
2040-07-05 10:00:00,0.0,8.319198370435723,-0.0,47.56209683951429,-0.0,-0.0,-0.0,-0.0,-0.0
2040-07-05 11:00:00,0.0,8.243413320642555,-0.0,46.48537127746022,-0.0,-0.0,-0.0,-0.0,-0.0
2040-07-05 12:00:00,0.0,8.297057178753226,-0.0,46.181437800276974,-0.0,-0.0,-0.0,-0.0,-0.0
2040-07-05 13:00:00,0.0,8.179057939056944,-0.0,45.93307407131671,-0.0,-0.0,-0.0,-0.0,-0.0
2040-07-05 14:00:00,0.0,8.123671281996357,-0.0,46.03678630770592,-0.0,-0.0,-0.0,-0.0,-0.0
2040-07-05 15:00:00,0.0,8.20850479640783,-0.0,46.610639463900405,-0.0,-0.0,-0.0,-0.0,-0.0
2040-07-05 16:00:00,0.0,8.549470627327594,-0.0,47.81892255314563,-0.0,-0.0,-0.0,-0.0,-0.0
2040-07-05 17:00:00,0.11187735683325518,8.76590375123231,-0.0,49.98275925342663,-0.0,-0.0,-0.0,-0.0,-0.0
2040-07-05 18:00:00,0.0,8.630033699654998,-0.0,48.52264216731848,-0.0,-0.0,-0.0,-0.0,-0.0
2040-07-05 19:00:00,0.9342986739777902,8.76590375123231,-0.0,51.313383904401036,-0.0,-0.0,-0.0,-0.0,-0.0
2040-07-05 20:00:00,0.7524218912086361,8.76590375123231,-0.0,52.949115999835875,-0.0,-0.0,-0.0,-0.0,-0.0
2040-07-05 21:00:00,2.2472128377258302,8.76590375123231,-0.0,54.129854389053705,-0.0,-0.0,-0.0,-0.0,-0.0
2040-07-05 22:00:00,2.609714257656121,8.765903751232308,-0.0,55.43320695384934,-0.0,-0.0,-0.0,-0.0,-0.0
2040-07-05 23:00:00,3.749430494961483,8.76590375123231,-0.0,56.97208103950897,-0.0,-0.0,-0.0,-0.0,-0.0
2040-07-06 00:00:00,3.8044227545557585,8.76590375123231,-0.0,54.51595094791491,-0.0,-0.0,-0.0,-0.0,-0.0
2040-07-06 01:00:00,22.970302248439296,3.154059482802115,-0.0,50.420393630411276,-0.0,-0.0,-0.0,4.967556392420928e-14,-0.0
2040-07-06 02:00:00,28.0,1.5181693959699696,-0.0,49.45225485066418,-0.0,-0.0,-0.0,-0.0,-0.0
2040-07-06 03:00:00,28.0,1.3584485300629754,-0.0,50.2416241274092,-0.0,-0.0,-0.0,-0.0,-0.0
2040-07-06 04:00:00,28.0,1.4265491085338229,-0.0,47.24770764701472,-0.0,-0.0,-0.0,-0.0,-0.0
2040-07-06 05:00:00,28.0,1.0158731038333388,-0.0,46.17131941187433,-0.0,-0.0,-0.0,-0.0,-0.0
2040-07-06 06:00:00,28.0,0.9472280326795667,-0.0,44.55901397547237,-0.0,-0.0,-0.0,-0.0,-0.0
2040-07-06 07:00:00,28.0,0.8013677222623126,-0.0,35.662628606756826,-0.0,-0.0,-0.0,-0.0,-0.0
2040-07-06 08:00:00,28.0,0.37885295298813376,-0.0,35.3791026935576,-0.0,-0.0,-0.0,-0.0,-0.0
2040-07-06 09:00:00,0.0,8.57431294002283,-0.0,49.02892304892619,3.4318696637620622e-15,-0.0,-0.0,-0.0,-0.0
2040-07-06 10:00:00,0.0,8.34616169693597,-0.0,47.358555495586295,-0.0,-0.0,-0.0,-0.0,-0.0
2040-07-06 11:00:00,0.0,8.242433350307776,-0.0,45.80499207053759,-0.0,-0.0,-0.0,-0.0,-0.0
2040-07-06 12:00:00,0.0,7.963397500333616,-0.0,46.58484838929838,-0.0,-0.0,-0.0,-0.0,-0.0
2040-07-06 13:00:00,0.0,8.250795215904672,-0.0,46.073022745281946,-0.0,-0.0,-0.0,-0.0,-0.0
2040-07-06 14:00:00,0.0,7.999629905454118,-0.0,43.21154120332238,-0.0,-0.0,-0.0,-0.0,-1.6733877722164806e-13
2040-07-06 15:00:00,0.0,8.26402587633695,-0.0,46.572055824596234,-0.0,-0.0,-0.0,-0.0,-0.0
2040-07-06 16:00:00,0.0,8.36798061354997,-0.0,48.12190589088475,-0.0,-0.0,-0.0,-0.0,-0.0
2040-07-06 17:00:00,0.0,8.74633442235226,-0.0,48.97652863475781,-0.0,-0.0,-0.0,-0.0,-0.0
2040-07-06 18:00:00,0.785269848751961,8.76590375123231,-0.0,49.02789390070276,-0.0,-0.0,-0.0,-0.0,-0.0
2040-07-06 19:00:00,0.13938025512372904,8.76590375123231,-0.0,51.51099091070882,-0.0,-0.0,-0.0,-0.0,-0.0
2040-07-06 20:00:00,1.8652823125850904,8.76590375123231,-0.0,53.29916614544648,-0.0,-0.0,-0.0,-0.0,-0.0
2040-07-06 21:00:00,28.0,0.9023533501538874,-0.0,45.99895603054076,-0.0,-0.0,-0.0,-0.0,-0.0
2040-07-06 22:00:00,28.0,1.3976159013866314,-0.0,46.94516362404914,-0.0,-0.0,-0.0,-0.0,-0.0
2040-07-06 23:00:00,3.4011801941395414,8.76590375123231,-0.0,55.55811741398878,-0.0,-0.0,-0.0,-0.0,-0.0
2040-07-07 00:00:00,28.0,1.196256601113745,-0.0,45.99783807439871,-0.0,-0.0,-0.0,-0.0,-0.0
2040-07-07 01:00:00,2.9565597859322845,8.76590375123231,-0.0,54.56953209093621,-0.0,-0.0,-0.0,-0.0,-0.0
2040-07-07 02:00:00,3.237758484505473,8.76590375123231,-0.0,53.477081915470016,-0.0,-0.0,-0.0,-0.0,-0.0
2040-07-07 03:00:00,28.0,1.0930934974793713,-0.0,44.43518587116949,-0.0,-0.0,-0.0,-0.0,-0.0
2040-07-07 04:00:00,2.4112365564700875,8.76590375123231,-0.0,50.80853902900961,-0.0,-0.0,-0.0,-0.0,-0.0
2040-07-07 05:00:00,28.0,0.5410254108186036,-0.0,42.22133501361075,-0.0,-0.0,-0.0,-0.0,-0.0
2040-07-07 06:00:00,1.2822475114884637,8.76590375123231,-0.0,50.46952949902032,-0.0,-0.0,-0.0,-0.0,-0.0
2040-07-07 07:00:00,0.6121625764115585,8.76590375123231,-0.0,49.11535859475644,-0.0,-0.0,-0.0,-0.0,-0.0
2040-07-07 08:00:00,0.0,8.481351678076942,-0.0,46.61169816422828,-0.0,-0.0,-0.0,-0.0,-0.0
2040-07-07 09:00:00,27.40141567523176,2.7088393990695357e-16,-0.0,36.40711165452896,-0.0,-0.0,-0.0,-0.0,-0.0
2040-07-07 10:00:00,0.0,8.160641852388432,-0.0,45.70535029991587,-0.0,-0.0,-0.0,-0.0,-0.0
2040-07-07 11:00:00,0.0,7.568593888558843,-0.0,42.48444996480022,-0.0,-0.0,-0.0,-0.0,-0.0
2040-07-07 12:00:00,26.153342631606435,-4.304211996568344e-16,-0.0,34.96227659611483,-0.0,-0.0,-0.0,-0.0,-0.0
2040-07-07 13:00:00,26.95467446931751,-1.9950466811408114e-16,-0.0,34.89714012213572,-0.0,-0.0,-0.0,-0.0,-0.0
2040-07-07 14:00:00,0.0,7.899750406026716,-0.0,43.39330486938597,-0.0,-0.0,-0.0,-0.0,-0.0
2040-07-07 15:00:00,0.0,8.059907297927374,-0.0,44.74324196702611,-0.0,-0.0,-0.0,-0.0,-0.0
2040-07-07 16:00:00,0.0,7.870556571145511,-0.0,45.30217549001351,-0.0,-0.0,-0.0,-0.0,-0.0
2040-07-07 17:00:00,27.93506944985083,-2.0676104865151463e-16,-0.0,36.56676651410067,-0.0,-0.0,-0.0,-0.0,-0.0
2040-07-07 18:00:00,0.0,8.492372278069366,-0.0,47.437733849993926,-0.0,-0.0,-0.0,-0.0,-0.0
2040-07-07 19:00:00,0.1362452508593224,8.76590375123231,-0.0,49.00121985113112,-0.0,-0.0,-0.0,-0.0,-0.0
2040-07-07 20:00:00,0.1458467149550448,8.76590375123231,-0.0,49.79693491111039,-0.0,-0.0,-0.0,-0.0,-0.0
2040-07-07 21:00:00,1.9318750078974456,8.76590375123231,-0.0,50.36668285209897,-0.0,-0.0,-0.0,-0.0,-0.0
2040-07-07 22:00:00,28.0,0.8214821358617151,-0.0,43.50070907726819,-0.0,-0.0,-0.0,-0.0,-0.0
2040-07-07 23:00:00,2.372060535429271,8.76590375123231,-0.0,53.270708899053204,-0.0,-0.0,-0.0,-0.0,-0.0
2040-07-08 00:00:00,3.3545961769930828,8.76590375123231,-0.0,53.435547632194165,-0.0,-0.0,-0.0,-0.0,-0.0
2040-07-08 01:00:00,1.993530793470668,8.76590375123231,-0.0,52.44072376745819,-0.0,-0.0,-0.0,-0.0,-0.0
2040-07-08 02:00:00,2.627292838583155,8.76590375123231,-0.0,54.36930205793346,-0.0,-0.0,-0.0,-0.0,-0.0
2040-07-08 03:00:00,2.688979999598758,8.76590375123231,-0.0,52.40617432640369,-0.0,-0.0,-0.0,-0.0,-0.0
2040-07-08 04:00:00,28.0,0.9394538245863523,-0.0,45.11785603786831,-0.0,-0.0,-0.0,-0.0,-0.0
2040-07-08 05:00:00,2.2485238755321597,8.76590375123231,-0.0,50.67034556577296,-0.0,-0.0,-0.0,-0.0,-0.0
2040-07-08 06:00:00,28.0,0.5036900323752186,-0.0,41.17011140024926,-0.0,-0.0,-0.0,-0.0,-0.0
2040-07-08 07:00:00,28.0,0.3972632651110959,-0.0,38.48825710339086,-0.0,-0.0,-0.0,-0.0,-0.0
2040-07-08 08:00:00,0.0,8.685846523915917,-0.0,46.483726406719384,-0.0,-0.0,-0.0,-0.0,-0.0
2040-07-08 09:00:00,0.0,8.24328042238094,-0.0,47.54410554301088,-0.0,-0.0,-0.0,-0.0,-0.0
2040-07-08 10:00:00,0.0,8.221277541408135,-0.0,45.57503044416195,-0.0,-0.0,-0.0,-0.0,-0.0
2040-07-08 11:00:00,25.700632946621084,-4.270704748852241e-16,-0.0,36.41751729795169,-0.0,-0.0,-0.0,-0.0,-0.0
2040-07-08 12:00:00,26.484899412635414,-1.9602763421859414e-16,-0.0,35.09746966020476,-0.0,-0.0,-0.0,-0.0,-0.0
2040-07-08 13:00:00,0.0,7.889094924556404,-0.0,42.50329170768623,-0.0,-0.0,-0.0,-0.0,-0.0
2040-07-08 14:00:00,0.0,7.83035136679358,-0.0,43.88052369862945,-0.0,-0.0,-0.0,-0.0,-0.0
2040-07-08 15:00:00,27.01249007073454,-8.150880023323603e-17,-0.0,36.09088063253479,-0.0,-0.0,-0.0,-0.0,-0.0
2040-07-08 16:00:00,0.0,7.8623473879809,-0.0,44.3253810399519,-0.0,-0.0,-0.0,-0.0,-0.0
2040-07-08 17:00:00,0.0,8.236079895087958,-0.0,45.24502267025234,-0.0,-0.0,-0.0,-0.0,-0.0
2040-07-08 18:00:00,28.0,0.24419836019357963,-0.0,37.5065167131237,-0.0,-0.0,-0.0,-0.0,-0.0
2040-07-08 19:00:00,28.0,0.22515050503680886,-0.0,40.06313792761419,-0.0,-0.0,-0.0,-0.0,-0.0
2040-07-08 20:00:00,1.0322390543534679,8.76590375123231,-0.0,49.56342689709968,-0.0,-0.0,-0.0,-0.0,-0.0
2040-07-08 21:00:00,0.8869160982009807,8.76590375123231,-0.0,50.38447908907467,-0.0,-0.0,-0.0,-0.0,-0.0
2040-07-08 22:00:00,2.0748822100845987,8.76590375123231,-0.0,50.4879447671624,-0.0,-0.0,-0.0,-0.0,-0.0
2040-07-08 23:00:00,28.0,1.1381689321337383,-0.0,46.17591614258909,-0.0,-0.0,-0.0,-0.0,2.324449721522074e-13
2040-07-09 00:00:00,28.0,1.2294786946220984,-0.0,48.97147588699189,-0.0,-0.0,-0.0,-0.0,-0.0
2040-07-09 01:00:00,4.533309073389092,8.765903751232308,-0.0,55.620236705150866,-0.0,-0.0,-0.0,-0.0,-0.0
2040-07-09 02:00:00,4.238524176486341,8.76590375123231,-0.0,54.84850094906788,-0.0,-0.0,-0.0,-0.0,-0.0
2040-07-09 03:00:00,3.630127044558763,8.76590375123231,-0.0,56.30367240226887,-0.0,-0.0,-0.0,-0.0,-0.0
2040-07-09 04:00:00,3.31088018985985,8.765903751232308,-0.0,53.887952710305086,-0.0,-0.0,-0.0,-0.0,-0.0
2040-07-09 05:00:00,3.278723447499299,8.76590375123231,-0.0,51.78680278082452,-0.0,-0.0,-0.0,-0.0,-0.0
2040-07-09 06:00:00,2.0333768494289717,8.76590375123231,-0.0,52.73094787032669,-0.0,-0.0,-0.0,-0.0,-0.0
2040-07-09 07:00:00,1.0624627241210236,8.76590375123231,-0.0,50.76779910769145,-0.0,-0.0,-0.0,-0.0,-0.0
2040-07-09 08:00:00,0.8989690797703481,8.76590375123231,-0.0,48.966653489737794,-0.0,-0.0,-0.0,-0.0,-0.0
2040-07-09 09:00:00,0.19941214036364338,8.76590375123231,-0.0,48.34644559309196,-0.0,-0.0,-0.0,-0.0,-0.0
2040-07-09 10:00:00,28.0,0.18866802487015807,-0.0,39.03701266280077,-0.0,-0.0,-0.0,-0.0,-0.0
2040-07-09 11:00:00,0.0,8.061009556651348,-0.0,45.37587787681215,-0.0,-0.0,-0.0,-0.0,-0.0
2040-07-09 12:00:00,27.171700037935388,2.7258417717123943e-16,-0.0,36.53429404198502,-0.0,-0.0,-0.0,-0.0,-0.0
2040-07-09 13:00:00,27.461700907170123,-8.483362832338209e-17,-0.0,36.9502501634889,-0.0,-0.0,-0.0,-0.0,-0.0
2040-07-09 14:00:00,0.0,8.027065701165641,-0.0,45.562683162605936,-0.0,-0.0,-0.0,2.3772126398551126e-13,-0.0
2040-07-09 15:00:00,27.922215923329926,-3.2508970273759044e-16,-0.0,38.60451860734685,-0.0,-0.0,-0.0,-0.0,-0.0
2040-07-09 16:00:00,27.64716745916301,3.874888006078824e-16,-0.0,38.4142786585098,-0.0,-0.0,-0.0,-2.3748360215184177e-13,-0.0
2040-07-09 17:00:00,28.0,0.14819026621774448,-0.0,39.607375249307815,-0.0,-2.3832506194188783e-13,-0.0,-0.0,-0.0
2040-07-09 18:00:00,0.33291802137804744,8.76590375123231,-0.0,47.857632667566726,-0.0,-0.0,-0.0,-0.0,-0.0
2040-07-09 19:00:00,1.3129408468819244,8.76590375123231,-0.0,52.24055035931389,-0.0,-0.0,-0.0,-0.0,-0.0
2040-07-09 20:00:00,2.6546153910895742,8.76590375123231,-0.0,52.55978047582374,-0.0,-0.0,-0.0,-0.0,-0.0
2040-07-09 21:00:00,1.771559677044609,8.76590375123231,-0.0,53.8829500343288,-0.0,-0.0,-0.0,-0.0,-0.0
2040-07-09 22:00:00,28.0,1.1105421637146853,-0.0,47.807542217159146,-0.0,-0.0,-0.0,2.3772984480185617e-13,-0.0
2040-07-09 23:00:00,3.845477597504565,8.76590375123231,-0.0,55.86461327756619,-0.0,-0.0,-0.0,-0.0,-0.0
2040-07-10 00:00:00,28.0,1.3911830927121644,-0.0,48.77134066904106,-0.0,-0.0,-0.0,-0.0,-0.0
2040-07-10 01:00:00,21.210627267425107,3.487635529644213,-0.0,49.07619612280893,-0.0,-0.0,-0.0,-0.0,-0.0
2040-07-10 02:00:00,28.0,1.3793280992502168,-0.0,48.20532161470359,-0.0,-0.0,-0.0,-0.0,-0.0
2040-07-10 03:00:00,28.0,1.5307308260118389,-0.0,48.53466470151097,-0.0,-0.0,-0.0,-0.0,-0.0
2040-07-10 04:00:00,28.0,1.215869763449544,-0.0,47.90837151752719,-0.0,-0.0,-0.0,-0.0,-0.0
2040-07-10 05:00:00,28.0,0.9960853278969668,-0.0,45.609365899218844,-0.0,-0.0,-0.0,-0.0,-0.0
2040-07-10 06:00:00,28.0,0.7024991446806944,-0.0,43.21658810184541,-0.0,-0.0,-0.0,-0.0,-0.0
2040-07-10 07:00:00,28.0,0.587033152252279,-0.0,42.81658710749128,-0.0,-0.0,-0.0,-0.0,-0.0
2040-07-10 08:00:00,28.0,0.5168584786491807,-0.0,41.54551139582962,-0.0,-0.0,-0.0,-0.0,-0.0
2040-07-10 09:00:00,28.0,0.4350329651562504,-0.0,40.918534125761525,-0.0,-0.0,-0.0,-5.00255972543664e-13,-0.0
2040-07-10 10:00:00,28.0,0.02058073715252773,-0.0,39.485613955727324,-0.0,5.39845674540785e-14,-0.0,-0.0,-0.0
2040-07-10 11:00:00,27.962122533485356,-2.0696128169376905e-16,-0.0,37.710530801928826,-0.0,-0.0,-0.0,-0.0,-4.903160932986976e-13
2040-07-10 12:00:00,27.3830328252905,3.417242174200697e-17,-0.0,38.99024301869602,-0.0,-0.0,-0.0,-0.0,-0.0
2040-07-10 13:00:00,27.028456039569377,-2.0005076143465863e-16,-0.0,38.23326964944538,-0.0,-0.0,-0.0,-0.0,-0.0
2040-07-10 14:00:00,27.854327906560528,-2.0616344118215022e-16,-0.0,37.19607587938708,-0.0,-0.0,-0.0,-0.0,-0.0
2040-07-10 15:00:00,27.828279987958755,3.861482986111016e-16,-0.0,37.333025034838016,-0.0,-0.0,-0.0,-0.0,5.442849115751926e-13
2040-07-10 16:00:00,22.705734170131677,1.4101082475735844,-0.0,39.770923164839466,-0.0,-0.0,-0.0,-0.0,-0.0
2040-07-10 17:00:00,28.0,0.08189836644658355,-0.0,40.551082494715644,-0.0,-0.0,-0.0,-0.0,-0.0
2040-07-10 18:00:00,28.0,0.4377055072898967,-0.0,41.13566851854367,-0.0,-0.0,-0.0,-0.0,-0.0
2040-07-10 19:00:00,28.0,0.5310244554601856,-0.0,19.41902869210076,-0.0,-0.0,-0.0,-0.0,-0.0
2040-07-10 20:00:00,28.0,0.9749556486830483,-0.0,44.655343311781294,-0.0,-0.0,-0.0,-0.0,-0.0
2040-07-10 21:00:00,28.0,1.13548054129919,-0.0,7.924157881924408,-0.0,-0.0,-0.0,-0.0,-0.0
2040-07-10 22:00:00,2.815704337795555,8.76590375123231,-0.0,55.54828631272865,-0.0,-0.0,-0.0,-0.0,-0.0
2040-07-10 23:00:00,3.9960508866910938,8.76590375123231,-0.0,56.10659499105991,-0.0,-0.0,-0.0,-0.0,-0.0
2040-07-11 00:00:00,4.25603134117638,8.76590375123231,-0.0,55.92685598596848,-0.0,-0.0,-0.0,-0.0,-0.0
2040-07-11 01:00:00,3.402232391098265,8.765903751232308,-0.0,57.21523878890116,-0.0,-0.0,-0.0,-0.0,-0.0
2040-07-11 02:00:00,28.0,1.664857777119389,-0.0,50.980149468594355,-0.0,-0.0,-0.0,-0.0,-0.0
2040-07-11 03:00:00,4.324229081727148,8.765903751232308,-0.0,55.29850278049189,-0.0,-0.0,-0.0,-0.0,-0.0
2040-07-11 04:00:00,3.9117286467263974,8.76590375123231,-0.0,54.287070378440156,-0.0,-0.0,-0.0,-0.0,-0.0
2040-07-11 05:00:00,2.731452478438334,8.76590375123231,-0.0,53.64268887542517,-0.0,-0.0,-0.0,-0.0,-0.0
2040-07-11 06:00:00,2.384257603549773,8.76590375123231,-0.0,51.40693973498248,-0.0,-0.0,-0.0,-0.0,-0.0
2040-07-11 07:00:00,1.0057686650391369,8.76590375123231,-0.0,51.62573655413459,-0.0,-0.0,-0.0,-0.0,-0.0
2040-07-11 08:00:00,0.3185150312347445,8.76590375123231,-0.0,50.80407117007854,-0.0,-0.0,-0.0,-0.0,-0.0
2040-07-11 09:00:00,0.0,8.692662210813644,-0.0,48.50387822142625,-0.0,-0.0,-0.0,-0.0,-0.0
2040-07-11 10:00:00,28.0,0.1520686311152685,-0.0,38.95122478884279,-0.0,-0.0,-0.0,-0.0,-0.0
2040-07-11 11:00:00,27.1088530034192,5.09896917256268e-16,-0.0,37.0549652878515,-0.0,-0.0,-0.0,-0.0,-0.0
2040-07-11 12:00:00,0.0,8.345924437726225,-0.0,46.88239656580336,-0.0,-0.0,-0.0,-0.0,-0.0
2040-07-11 13:00:00,26.95005604385746,1.5580088298119068e-16,-0.0,36.44148773362013,-0.0,-0.0,-0.0,-0.0,-0.0
2040-07-11 14:00:00,0.0,8.174485940228053,-0.0,45.641143514230706,-0.0,-0.0,-0.0,-0.0,-0.0
2040-07-11 15:00:00,0.0,8.369161973570794,-0.0,46.42007538233733,-0.0,-0.0,-0.0,-0.0,-0.0
2040-07-11 16:00:00,0.0,8.63025493917996,-0.0,47.79689133890376,-0.0,-0.0,-0.0,-0.0,-0.0
2040-07-11 17:00:00,28.0,0.43543358232618895,-0.0,40.41067076201318,-0.0,-0.0,-0.0,-0.0,-0.0
2040-07-11 18:00:00,28.0,0.2648004611178136,-0.0,41.02580432672847,-0.0,-0.0,-0.0,-0.0,-0.0
2040-07-11 19:00:00,0.6935458318643967,8.76590375123231,-0.0,51.609074522003574,-0.0,-0.0,-0.0,-0.0,-0.0
2040-07-11 20:00:00,2.304629042498329,8.76590375123231,-0.0,51.491897224072545,-0.0,-0.0,-0.0,-0.0,-0.0
2040-07-11 21:00:00,1.023105011320928,8.765903751232308,-0.0,53.36497525320216,-0.0,-0.0,-0.0,-0.0,-0.0
2040-07-11 22:00:00,28.0,1.565253999360025,-0.0,47.37553078366139,-0.0,-0.0,-0.0,-0.0,-0.0
2040-07-11 23:00:00,28.0,1.732594633034164,-0.0,48.07560533660254,-0.0,-0.0,-0.0,-0.0,-0.0
2040-07-12 00:00:00,28.0,1.4613540464961505,-0.0,49.0608525398179,-0.0,-0.0,-0.0,-0.0,-0.0
2040-07-12 01:00:00,28.0,1.6647955731116666,-0.0,48.52598089917904,-0.0,-0.0,-0.0,-0.0,-0.0
2040-07-12 02:00:00,4.169344705416147,8.765903751232308,-0.0,56.52737154437148,-0.0,-0.0,-0.0,-0.0,-0.0
2040-07-12 03:00:00,28.0,1.5434055615865208,-0.0,49.16829528944766,-0.0,-0.0,-0.0,-0.0,-0.0
2040-07-12 04:00:00,3.458282206787468,8.76590375123231,-0.0,55.13096662001469,-0.0,-0.0,-0.0,-0.0,-0.0
2040-07-12 05:00:00,2.6320960143794943,8.76590375123231,-0.0,53.063050528243146,-0.0,-0.0,-0.0,-0.0,-0.0
2040-07-12 06:00:00,2.0950601006251732,8.76590375123231,-0.0,52.59263167215144,-0.0,-0.0,-0.0,-0.0,-0.0
2040-07-12 07:00:00,28.0,0.6522796314293772,-0.0,43.73734368685023,-0.0,-0.0,-0.0,-0.0,-0.0
2040-07-12 08:00:00,0.3188014392267992,8.76590375123231,-0.0,49.94183393818488,-0.0,-0.0,-0.0,-0.0,-0.0
2040-07-12 09:00:00,0.0,8.57363027474193,-0.0,48.939969754900524,-0.0,-0.0,-0.0,-0.0,-0.0
2040-07-12 10:00:00,27.71677485685357,2.685498130771971e-16,-0.0,40.06108257306269,-0.0,-0.0,-0.0,-0.0,-0.0
2040-07-12 11:00:00,0.0,8.431315718037382,-0.0,47.71283943167697,-0.0,-0.0,-0.0,5.42281064491097e-14,-0.0
2040-07-12 12:00:00,27.217156129742072,-4.3829500125374917e-16,-0.0,38.676436435414864,-0.0,-0.0,-0.0,-0.0,-0.0
2040-07-12 13:00:00,0.0,8.352563142864083,-0.0,46.4493411895028,-0.0,-0.0,-0.0,-0.0,-0.0
2040-07-12 14:00:00,27.19995238995087,1.539512784665067e-16,-0.0,36.65332845125611,-0.0,-0.0,-0.0,-0.0,-0.0
2040-07-12 15:00:00,27.18668988286954,-8.279813784868706e-17,-0.0,38.904816569983225,-0.0,-0.0,-0.0,-0.0,-0.0
2040-07-12 16:00:00,28.0,0.0438447231573534,-0.0,39.65276095024513,-0.0,-0.0,-0.0,-0.0,-0.0
2040-07-12 17:00:00,28.0,0.12110756247320446,-0.0,40.92370345618659,-0.0,-0.0,-0.0,-0.0,-0.0
2040-07-12 18:00:00,28.0,0.6241229556025382,-0.0,43.15335031900178,-0.0,-0.0,-0.0,-0.0,-0.0
2040-07-12 19:00:00,1.1417587817945405,8.76590375123231,-0.0,51.58189595678341,-0.0,-0.0,-0.0,-0.0,-0.0
2040-07-12 20:00:00,28.0,1.126779482565756,-0.0,45.25259237379482,-0.0,-0.0,-0.0,-0.0,-0.0
2040-07-12 21:00:00,2.8155999629962625,8.76590375123231,-0.0,54.09260143142238,-0.0,-0.0,-0.0,-0.0,-0.0
2040-07-12 22:00:00,2.8883529658345064,8.76590375123231,-0.0,54.940674041007085,-0.0,-0.0,-0.0,-0.0,-0.0
2040-07-12 23:00:00,28.0,1.5002633637972742,-0.0,46.22127077562102,-0.0,-0.0,-0.0,-0.0,-0.0
2040-07-13 00:00:00,3.834855318958048,8.76590375123231,-0.0,55.62681022966192,-0.0,-0.0,-0.0,-0.0,-0.0
2040-07-13 01:00:00,4.925207806271033,8.765903751232308,-0.0,56.81195774522971,-0.0,-0.0,-0.0,-0.0,-0.0
2040-07-13 02:00:00,28.0,1.727226487776712,-0.0,48.63245300101318,-0.0,-0.0,-0.0,-0.0,-0.0
2040-07-13 03:00:00,28.0,1.6112682913413994,-0.0,47.57330867055371,-0.0,-0.0,-0.0,-0.0,-0.0
2040-07-13 04:00:00,28.0,1.485900315587026,-0.0,47.163441823174814,-0.0,-0.0,-0.0,-0.0,-0.0
2040-07-13 05:00:00,28.0,1.0038843785120508,-0.0,46.19498308123972,-0.0,-0.0,-0.0,-0.0,-0.0
2040-07-13 06:00:00,2.639319186635057,8.76590375123231,-0.0,51.85442791855116,-0.0,-0.0,-0.0,-0.0,-0.0
2040-07-13 07:00:00,28.0,0.8429626294198521,-0.0,44.6786728379869,-0.0,-0.0,-0.0,-0.0,-0.0
2040-07-13 08:00:00,28.0,0.5352788926856623,-0.0,41.31386242526144,-0.0,-0.0,-0.0,-0.0,-0.0
2040-07-13 09:00:00,23.06243892055503,1.8910751444225193,-0.0,42.59604846732914,-0.0,-0.0,-0.0,-0.0,-0.0
2040-07-13 10:00:00,3.036983907744286,7.856659223038901,-0.0,46.75744663312895,-0.0,-0.0,-0.0,-0.0,5.5303832832040424e-14
2040-07-13 11:00:00,27.344927582080167,-2.023931213888861e-16,-0.0,38.685019197393444,-0.0,-0.0,-0.0,-0.0,-0.0
2040-07-13 12:00:00,27.224478583031743,1.537697481714081e-16,-0.0,37.113625757619914,-0.0,-0.0,-0.0,-0.0,-5.443393455097436e-13
2040-07-13 13:00:00,27.00210339104119,2.738394445197805e-16,-0.0,38.2283537711688,-0.0,-0.0,-0.0,-0.0,5.440671758369887e-13
2040-07-13 14:00:00,27.158344191095757,-4.378597054643626e-16,-0.0,37.490915056355774,-0.0,-0.0,-0.0,-0.0,-4.886278485600699e-13
2040-07-13 15:00:00,27.523478187437465,-3.2213845063642564e-16,-0.0,37.87353305332441,-0.0,-4.792054240130891e-13,-0.0,-0.0,-0.0
2040-07-13 16:00:00,27.678803750874795,-8.644051216199892e-17,-0.0,39.564931246602065,-0.0,-0.0,-0.0,-0.0,-0.0
2040-07-13 17:00:00,28.0,0.23276262897578995,-0.0,40.732438119647426,-0.0,-0.0,-0.0,-0.0,-0.0
2040-07-13 18:00:00,28.0,0.438151812960948,-0.0,40.90927170946831,-0.0,-0.0,-0.0,-0.0,-0.0
2040-07-13 19:00:00,28.0,0.6001541947992565,-0.0,42.16752964945847,-0.0,-0.0,-0.0,-0.0,-0.0
2040-07-13 20:00:00,28.0,1.0633883937800845,-0.0,46.71094846765239,-0.0,-0.0,-0.0,-0.0,-0.0
2040-07-13 21:00:00,2.3622657368233577,8.76590375123231,-0.0,53.78712600923589,-0.0,-0.0,-0.0,-0.0,-0.0
2040-07-13 22:00:00,3.9100573535719847,8.765903751232308,-0.0,53.897603516717616,-0.0,-0.0,-0.0,-0.0,-0.0
2040-07-13 23:00:00,4.013674199079561,8.765903751232308,-0.0,56.139342412954726,-0.0,-0.0,-0.0,-0.0,-0.0
2040-07-14 00:00:00,2.9295544836175,8.76590375123231,-0.0,53.55309024693678,-0.0,-0.0,-0.0,-0.0,-0.0
2040-07-14 01:00:00,2.5545359290284617,8.76590375123231,-0.0,54.298021894098206,-0.0,-0.0,-0.0,-0.0,-0.0
2040-07-14 02:00:00,3.500386512583009,8.76590375123231,-0.0,53.44805391202528,-0.0,-0.0,-0.0,-0.0,-0.0
2040-07-14 03:00:00,2.11759004298657,8.76590375123231,-0.0,52.619383797530915,-0.0,-0.0,-0.0,-0.0,-0.0
2040-07-14 04:00:00,1.7862709471315172,8.76590375123231,-0.0,52.366270920109045,-0.0,-0.0,-0.0,-0.0,-0.0
2040-07-14 05:00:00,28.0,0.7217824504198798,-0.0,44.31308685543483,-0.0,-0.0,-0.0,-0.0,-0.0
2040-07-14 06:00:00,28.0,0.43586570455888046,-0.0,41.60486168642898,-0.0,-0.0,-0.0,-0.0,-0.0
2040-07-14 07:00:00,0.5007298443665092,8.76590375123231,-0.0,48.55219145353035,-0.0,-0.0,-0.0,-0.0,-0.0
2040-07-14 08:00:00,0.0,8.580713036297265,-0.0,47.35859806239935,-0.0,-0.0,-0.0,-0.0,-0.0
2040-07-14 09:00:00,0.0,8.176051084617455,-0.0,45.95757160576628,-0.0,-0.0,-0.0,-0.0,-0.0
2040-07-14 10:00:00,0.0,8.16364139619054,-0.0,44.48433391102135,-0.0,-0.0,-0.0,-0.0,-0.0
2040-07-14 11:00:00,26.69492172124307,-4.344296901566352e-16,-0.0,35.86991479598297,-0.0,-0.0,-0.0,-0.0,-0.0
2040-07-14 12:00:00,0.0,7.793004804861861,-0.0,42.613501527291646,-0.0,-0.0,-0.0,-0.0,-0.0
2040-07-14 13:00:00,0.0,7.958356686033224,-0.0,42.55657260752734,-0.0,-0.0,-0.0,-0.0,-5.508629332048827e-14
2040-07-14 14:00:00,0.0,7.948151879726364,-0.0,43.04200155912484,-0.0,-0.0,-0.0,-0.0,-0.0
2040-07-14 15:00:00,26.600116369878297,1.5839095686973396e-16,-0.0,36.59127106456466,-0.0,-0.0,-0.0,-0.0,-0.0
2040-07-14 16:00:00,0.0,8.175635325787733,-0.0,45.56497613041976,-0.0,-0.0,-0.0,-0.0,-0.0
2040-07-14 17:00:00,0.0,8.37595065035943,-0.0,46.37680059471232,-0.0,-0.0,-0.0,-0.0,-0.0
2040-07-14 18:00:00,0.0,8.66601320476618,-0.0,47.2980847514788,-0.0,-0.0,-0.0,-0.0,-0.0
2040-07-14 19:00:00,28.0,0.38876771083325873,-0.0,40.34494262352782,-0.0,-0.0,-0.0,-0.0,-0.0
2040-07-14 20:00:00,0.14946223933792022,8.76590375123231,-0.0,48.633408029215566,-0.0,-0.0,-0.0,-0.0,5.549356964294479e-14
2040-07-14 21:00:00,1.0944487579810422,8.76590375123231,-0.0,52.16471560369001,-0.0,-0.0,-0.0,-0.0,-0.0
2040-07-14 22:00:00,2.293132789580159,8.76590375123231,-0.0,51.43937460846936,-0.0,-0.0,-0.0,-0.0,-0.0
2040-07-14 23:00:00,2.94159930914443,8.76590375123231,-0.0,52.072459297439565,-0.0,-0.0,-0.0,-0.0,-0.0
2040-07-15 00:00:00,28.0,1.068996526100253,-0.0,45.52095299761518,-0.0,-0.0,-0.0,-0.0,-0.0
2040-07-15 01:00:00,1.8854951723020905,8.76590375123231,-0.0,53.722261262095365,-0.0,-0.0,-0.0,-0.0,-0.0
2040-07-15 02:00:00,28.0,1.3242846752833368,-0.0,45.88584217289908,-0.0,-0.0,-0.0,-0.0,-0.0
2040-07-15 03:00:00,2.646975731211358,8.76590375123231,-0.0,51.323461030722484,-0.0,-0.0,-0.0,-0.0,-0.0
2040-07-15 04:00:00,28.0,1.202398481913532,-0.0,45.618480485474116,-0.0,-0.0,-0.0,-0.0,-0.0
2040-07-15 05:00:00,1.4345466308928332,8.76590375123231,-0.0,50.82277813321442,-0.0,-0.0,-0.0,-0.0,-0.0
2040-07-15 06:00:00,28.0,0.5765164759358726,-0.0,41.1090311207546,-0.0,-0.0,-0.0,-0.0,-0.0
2040-07-15 07:00:00,28.0,0.4145136148446495,-0.0,40.37340606037441,-0.0,-0.0,-0.0,-0.0,-0.0
2040-07-15 08:00:00,0.0,8.344835483093528,-0.0,47.92910274650909,-0.0,-0.0,-0.0,-0.0,-0.0
2040-07-15 09:00:00,28.0,0.05455561394582942,-0.0,38.52271509999314,-0.0,-0.0,-0.0,-0.0,-0.0
2040-07-15 10:00:00,0.0,8.171353652425642,-0.0,45.11235900776309,-0.0,-0.0,-0.0,-0.0,-0.0
2040-07-15 11:00:00,26.52201546971456,2.773928089471222e-16,-0.0,35.83268985714278,-0.0,-0.0,-0.0,-0.0,-0.0
2040-07-15 12:00:00,0.0,7.925425807275109,-0.0,43.75261576396664,-0.0,-0.0,-0.0,-0.0,-0.0
2040-07-15 13:00:00,26.21211812103489,-1.9400864708111488e-16,-0.0,35.034918462104855,-0.0,-0.0,-0.0,-0.0,-0.0
2040-07-15 14:00:00,0.0,7.991245425644176,-0.0,43.45715412929331,-0.0,-0.0,-0.0,-0.0,-0.0
2040-07-15 15:00:00,0.0,8.034149369435498,-0.0,43.200338763970585,-0.0,-0.0,-0.0,-0.0,-0.0
2040-07-15 16:00:00,22.126910604285612,1.4634764836107241,-0.0,39.4055033679168,-0.0,-0.0,-0.0,-0.0,-0.0
2040-07-15 17:00:00,0.0,8.341338309784271,-0.0,45.4732751864077,-0.0,-0.0,-0.0,-0.0,-0.0
2040-07-15 18:00:00,28.0,0.14430252648272276,-0.0,38.86397034071867,-0.0,-0.0,-0.0,-0.0,-0.0
2040-07-15 19:00:00,0.010126356947388813,8.76590375123231,-0.0,48.465223681688,-0.0,-0.0,-0.0,-0.0,-0.0
2040-07-15 20:00:00,28.0,0.4943742007687801,-0.0,42.17163560517823,-0.0,-0.0,-0.0,-0.0,-0.0
2040-07-15 21:00:00,28.0,0.7126267775126022,-0.0,43.140464593084594,-0.0,-0.0,-0.0,-0.0,-0.0
2040-07-15 22:00:00,1.8904437324318013,8.76590375123231,-0.0,51.239951746668694,-0.0,-0.0,-0.0,-0.0,-0.0
2040-07-15 23:00:00,2.4083033085301397,8.76590375123231,-0.0,52.02104712252793,-0.0,-0.0,-0.0,-0.0,-0.0
2040-07-16 00:00:00,4.458071192507892,8.76590375123231,-0.0,55.92282505318406,-0.0,-0.0,-0.0,-0.0,-0.0
2040-07-16 01:00:00,4.167711666129719,8.76590375123231,-0.0,58.35653550267651,-0.0,-0.0,-0.0,-0.0,-0.0
2040-07-16 02:00:00,4.17506964429677,8.765903751232308,-0.0,58.3868872798781,-0.0,-0.0,-0.0,-0.0,-0.0
2040-07-16 03:00:00,4.232597372644349,8.76590375123231,-0.0,56.05747761780888,-7.712081064868358e-14,-0.0,-0.0,-0.0,-0.0
2040-07-16 04:00:00,2.934210635518404,8.76590375123231,-0.0,54.808154219972195,-0.0,-0.0,-0.0,-0.0,-0.0
2040-07-16 05:00:00,2.6394911491495727,8.76590375123231,-0.0,53.108917112666404,-0.0,-0.0,-0.0,-0.0,-0.0
2040-07-16 06:00:00,2.388002353501857,8.76590375123231,-0.0,52.63667756913689,-0.0,-0.0,-0.0,-0.0,-0.0
2040-07-16 07:00:00,0.5961767282670107,8.76590375123231,-0.0,49.881001422346486,-0.0,-0.0,-0.0,-0.0,-0.0
2040-07-16 08:00:00,0.37441967347601796,8.76590375123231,-0.0,48.99158921556479,-0.0,-0.0,-0.0,-0.0,-0.0
2040-07-16 09:00:00,0.0,8.524635013550515,-0.0,48.51863828724326,-0.0,-0.0,-0.0,-0.0,-0.0
2040-07-16 10:00:00,0.0,8.348867697320177,-0.0,47.92484502501509,-0.0,-0.0,-0.0,-0.0,-0.0
2040-07-16 11:00:00,0.0,8.502865423153711,-0.0,46.8881005430287,-0.0,-0.0,-0.0,-0.0,-0.0
2040-07-16 12:00:00,0.0,8.13080137535148,-0.0,45.11737552925074,-0.0,-0.0,-0.0,-0.0,-0.0
2040-07-16 13:00:00,0.0,8.175843949582148,-0.0,45.63740458815718,-0.0,-0.0,-0.0,-0.0,-0.0
2040-07-16 14:00:00,0.0,8.280410199030591,-0.0,45.52669307478296,-0.0,-0.0,-0.0,-0.0,-0.0
2040-07-16 15:00:00,0.0,8.342136255287203,-0.0,46.030558828638604,-0.0,-0.0,-0.0,-0.0,-0.0
2040-07-16 16:00:00,0.0,8.685901189483843,-0.0,47.75015462105406,-0.0,-0.0,-0.0,-0.0,-0.0
2040-07-16 17:00:00,0.0,8.60859509571993,-0.0,47.73360754717875,-0.0,-0.0,-0.0,-0.0,-0.0
2040-07-16 18:00:00,0.9643885221908387,8.76590375123231,-0.0,50.06805855765424,-0.0,-0.0,-0.0,-0.0,-0.0
2040-07-16 19:00:00,1.3559666305102653,8.765903751232308,-0.0,50.90056542643607,-0.0,-0.0,-0.0,-0.0,-0.0
2040-07-16 20:00:00,1.3032152084455726,8.76590375123231,-0.0,52.40510055883671,-0.0,-0.0,-0.0,-0.0,-0.0
2040-07-16 21:00:00,3.167962020630337,8.76590375123231,-0.0,52.95034535092298,-0.0,-0.0,-0.0,-0.0,-0.0
2040-07-16 22:00:00,28.0,1.2365448864052893,-0.0,48.014414897185446,-0.0,-0.0,-0.0,-0.0,-0.0
2040-07-16 23:00:00,28.0,1.6051432990929022,-0.0,48.437733649497304,-0.0,-0.0,-0.0,-0.0,-0.0
2040-07-17 00:00:00,3.9501293873318617,8.765903751232308,-0.0,57.205310510480196,-0.0,-0.0,-0.0,-0.0,-0.0
2040-07-17 01:00:00,3.3843965659994057,8.76590375123231,-0.0,56.24044588112395,-0.0,-0.0,-0.0,-0.0,-0.0
2040-07-17 02:00:00,28.0,1.418270910468,-0.0,48.20014005067075,-0.0,-0.0,-0.0,-0.0,-0.0
2040-07-17 03:00:00,28.0,1.4433958752272005,-0.0,49.49271841513922,-0.0,-0.0,-0.0,-0.0,-0.0
2040-07-17 04:00:00,28.0,1.375712464502792,-0.0,46.351194806681626,-0.0,-0.0,-0.0,-0.0,-0.0
2040-07-17 05:00:00,2.4762572512293297,8.76590375123231,-0.0,53.90546915206065,-0.0,-0.0,-0.0,-0.0,-0.0
2040-07-17 06:00:00,28.0,0.9305203162975467,-0.0,44.09790821073492,-0.0,-0.0,-0.0,-0.0,-0.0
2040-07-17 07:00:00,28.0,0.9158682232563685,-0.0,42.6978498699986,-0.0,-0.0,-0.0,-0.0,-0.0
2040-07-17 08:00:00,24.831372340778586,1.419823337369493,-0.0,43.44136598063944,-0.0,-0.0,-0.0,-0.0,-0.0
2040-07-17 09:00:00,26.067490282451736,0.8472200603734548,-0.0,41.532081145860666,-0.0,-0.0,-0.0,-0.0,-0.0
2040-07-17 10:00:00,28.0,0.20964185797974796,-0.0,39.19589110338764,-0.0,-0.0,-0.0,-0.0,-0.0
2040-07-17 11:00:00,27.42642228129952,-3.2142009262529097e-16,-0.0,38.11651936598466,-0.0,-5.3769006698578504e-14,-0.0,-0.0,-0.0
2040-07-17 12:00:00,0.0,8.220061198407224,-0.0,44.960879281995425,-0.0,-0.0,-0.0,5.39845674540785e-14,-0.0
2040-07-17 13:00:00,26.871873929909277,-4.357393995987652e-16,-0.0,35.873585965090214,-0.0,-0.0,-0.0,-0.0,-0.0
2040-07-17 14:00:00,17.059093165476565,3.1655908764390848,-0.0,40.28452242376848,-0.0,-0.0,-0.0,-0.0,-0.0
2040-07-17 15:00:00,0.0,8.246914367240034,-0.0,46.96555005395449,-0.0,-0.0,-0.0,-0.0,-0.0
2040-07-17 16:00:00,27.041474659533804,3.670046000781909e-17,-0.0,39.525133341750106,-0.0,5.553340539296614e-13,-0.0,-5.552261657446155e-13,-0.0
2040-07-17 17:00:00,28.0,0.24874846872759404,-0.0,42.03666437357829,-0.0,-0.0,-0.0,-0.0,-0.0
2040-07-17 18:00:00,12.86669826999038,5.158372841189636,-0.0,46.086433350187846,-0.0,-0.0,-0.0,-0.0,-0.0
2040-07-17 19:00:00,0.7530718366289582,8.76590375123231,-0.0,51.121365953637934,-0.0,-0.0,-0.0,-0.0,-0.0
2040-07-17 20:00:00,23.488442076986594,2.1847987800363993,-0.0,45.9206508075903,-0.0,-0.0,-0.0,-0.0,-0.0
2040-07-17 21:00:00,28.0,1.202661828073458,-0.0,45.676144994846915,-0.0,-0.0,-0.0,-0.0,-0.0
2040-07-17 22:00:00,28.0,1.2581983611096426,-0.0,48.42730436914906,-0.0,-0.0,-0.0,-0.0,-0.0
2040-07-17 23:00:00,28.0,1.6650412030519461,-0.0,48.6115616268136,-0.0,-0.0,-0.0,-0.0,-0.0
2040-07-18 00:00:00,28.0,1.6983867794794192,-0.0,48.75841368023411,-0.0,-5.3957575170351463e-14,-0.0,-0.0,-0.0
2040-07-18 01:00:00,28.0,1.8677781185035711,-0.0,49.35786087037292,-0.0,-0.0,-0.0,-0.0,-0.0
2040-07-18 02:00:00,28.0,1.5977143831692457,-0.0,49.73716664696459,-0.0,-0.0,-0.0,-0.0,-0.0
2040-07-18 03:00:00,4.442181981981495,8.765903751232308,-0.0,54.432900922806915,-0.0,-0.0,-0.0,-0.0,-0.0
2040-07-18 04:00:00,3.367274982808813,8.76590375123231,-0.0,54.89749611543299,-0.0,-0.0,-0.0,-0.0,-0.0
2040-07-18 05:00:00,28.0,1.2233986156968757,-0.0,45.93928294265234,-0.0,-0.0,-0.0,-0.0,-0.0
2040-07-18 06:00:00,1.9834401026364357,8.76590375123231,-0.0,53.84920900218532,-0.0,-0.0,-0.0,-0.0,-0.0
2040-07-18 07:00:00,28.0,0.7700890357542174,-0.0,43.593152371464335,-0.0,-0.0,-0.0,-0.0,-0.0
2040-07-18 08:00:00,0.6662511817678417,8.76590375123231,-0.0,49.5301130782277,-0.0,-0.0,-0.0,-0.0,-0.0
2040-07-18 09:00:00,0.0,8.673528833587879,-0.0,47.106646120123116,-0.0,-0.0,-0.0,-0.0,-0.0
2040-07-18 10:00:00,28.0,0.0269604026141456,-0.0,39.77460860729996,-0.0,-0.0,-0.0,-0.0,-0.0
2040-07-18 11:00:00,0.0,8.183042859309873,-0.0,45.41537301451257,-0.0,-0.0,-0.0,-0.0,-0.0
2040-07-18 12:00:00,27.36934149561809,1.5269754723162394e-16,-0.0,37.89042726993168,-0.0,-0.0,-0.0,-0.0,-0.0
2040-07-18 13:00:00,26.94023589949259,3.9272114523708425e-16,-0.0,38.64521815990819,-0.0,-0.0,-0.0,-0.0,-0.0
2040-07-18 14:00:00,0.0,8.269851091340598,-0.0,45.21194217570792,-0.0,-0.0,-0.0,-0.0,-0.0
2040-07-18 15:00:00,0.0,8.405893472754128,-0.0,47.357396007073326,-0.0,-0.0,-0.0,-0.0,-0.0
2040-07-18 16:00:00,0.0,8.520852780502928,-0.0,45.957141154490444,-0.0,-0.0,-0.0,-0.0,-0.0
2040-07-18 17:00:00,0.0,8.602859035921647,-0.0,48.399308328632664,-0.0,-0.0,-0.0,-0.0,-0.0
2040-07-18 18:00:00,1.1079651190648467,8.765903751232308,-0.0,49.94605419211656,-0.0,-0.0,-0.0,-0.0,-0.0
2040-07-18 19:00:00,1.0340665844944998,8.765903751232308,-0.0,52.353965848502256,-0.0,-0.0,-0.0,-0.0,-0.0
2040-07-18 20:00:00,1.619116568071136,8.76590375123231,-0.0,53.82721461468861,-0.0,-0.0,-0.0,-0.0,-0.0
2040-07-18 21:00:00,1.7784995365730742,8.76590375123231,-0.0,53.99216865003025,-0.0,-0.0,-0.0,-0.0,-0.0
2040-07-18 22:00:00,2.606089237730399,8.76590375123231,-0.0,54.702063575191104,-0.0,-0.0,-0.0,-0.0,-0.0
2040-07-18 23:00:00,4.501018889668197,8.76590375123231,-0.0,56.89893334669855,-0.0,-0.0,-0.0,-0.0,-0.0
2040-07-19 00:00:00,3.2816285993115466,8.76590375123231,-0.0,56.22682440604518,-0.0,-0.0,-0.0,-0.0,-0.0
2040-07-19 01:00:00,3.9017650055408746,8.76590375123231,-0.0,57.230794741420205,-0.0,-0.0,-0.0,-0.0,-0.0
2040-07-19 02:00:00,3.78451285476432,8.76590375123231,-0.0,58.3720211255777,-0.0,-0.0,-0.0,-0.0,-0.0
2040-07-19 03:00:00,3.751047819372277,8.76590375123231,-0.0,55.42192428792089,-0.0,-0.0,-0.0,-0.0,-0.0
2040-07-19 04:00:00,3.2456500565104336,8.765903751232308,-0.0,54.62549437471679,-0.0,-0.0,-0.0,-0.0,-0.0
2040-07-19 05:00:00,2.7881249814367837,8.76590375123231,-0.0,53.34504215003136,-0.0,-0.0,-0.0,-0.0,-0.0
2040-07-19 06:00:00,1.8350955124881578,8.76590375123231,-0.0,52.1793371296111,-0.0,-0.0,-0.0,-0.0,-0.0
2040-07-19 07:00:00,0.527529377456968,8.76590375123231,-0.0,52.3818486130119,-0.0,-0.0,-0.0,-0.0,-0.0
2040-07-19 08:00:00,0.2848991004822752,8.76590375123231,-0.0,49.52407687893897,-0.0,-0.0,-0.0,-0.0,-0.0
2040-07-19 09:00:00,0.0,8.679600618415371,-0.0,48.81248153338411,-0.0,-0.0,-0.0,-0.0,-0.0
2040-07-19 10:00:00,0.0,8.516735082217615,-0.0,47.99691192703068,-0.0,-0.0,-0.0,-0.0,-0.0
2040-07-19 11:00:00,0.0,8.446625799184558,-0.0,45.17576498118896,-0.0,-0.0,-0.0,-0.0,-0.0
2040-07-19 12:00:00,0.0,8.183784154250866,-0.0,47.50191532480113,-0.0,-0.0,-0.0,-0.0,-0.0
2040-07-19 13:00:00,0.0,8.195549195965695,-0.0,46.610482504656645,-0.0,-0.0,-0.0,-0.0,-0.0
2040-07-19 14:00:00,0.0,8.391103959743749,-0.0,46.34917645033481,-0.0,-0.0,-0.0,-0.0,-0.0
2040-07-19 15:00:00,0.0,8.300858436358114,-0.0,47.223730640959204,-0.0,-0.0,-0.0,-0.0,-0.0
2040-07-19 16:00:00,0.0,8.361476544247283,-0.0,47.41595111678471,-0.0,-0.0,-0.0,-0.0,-0.0
2040-07-19 17:00:00,0.0,8.589787400836755,-0.0,48.24611629985792,-0.0,-0.0,-0.0,-0.0,-0.0
2040-07-19 18:00:00,0.0,8.691218604692557,-0.0,50.235641277585955,-0.0,-0.0,-0.0,-0.0,-0.0
2040-07-19 19:00:00,0.7546965404955477,8.76590375123231,-0.0,50.57946196939699,-0.0,-0.0,-0.0,-0.0,-0.0
2040-07-19 20:00:00,2.5362503654371347,8.76590375123231,-0.0,52.15899519244762,-0.0,-0.0,-0.0,-0.0,-0.0
2040-07-19 21:00:00,2.206528152492578,8.76590375123231,-0.0,54.38855846391182,-0.0,-0.0,-0.0,-0.0,-0.0
2040-07-19 22:00:00,3.9591779964198013,8.76590375123231,-0.0,55.93784660090954,-0.0,-0.0,-0.0,-0.0,-0.0
2040-07-19 23:00:00,3.545873829180326,8.76590375123231,-0.0,55.03524681049922,-0.0,-0.0,-0.0,-0.0,-0.0
2040-07-20 00:00:00,3.7145549394779454,8.76590375123231,-0.0,56.42974866923171,-0.0,-0.0,-0.0,-0.0,-0.0
2040-07-20 01:00:00,3.97766196705946,8.76590375123231,-0.0,55.08721532869886,-0.0,-0.0,-0.0,-0.0,-0.0
2040-07-20 02:00:00,3.8825974648752046,8.76590375123231,-0.0,57.17418958010676,-0.0,-0.0,-0.0,-0.0,-0.0
2040-07-20 03:00:00,4.063434028654972,8.76590375123231,-0.0,54.77826093314407,-0.0,-0.0,-0.0,-0.0,-0.0
2040-07-20 04:00:00,2.8997248077650313,8.76590375123231,-0.0,55.032229696367224,-0.0,-0.0,-0.0,-0.0,-0.0
2040-07-20 05:00:00,3.012531468803956,8.76590375123231,-0.0,53.91182705913931,-0.0,-0.0,-0.0,-0.0,-0.0
2040-07-20 06:00:00,2.2499348562611616,8.765903751232308,-0.0,52.78060826341151,-0.0,-0.0,-0.0,-0.0,-0.0
2040-07-20 07:00:00,1.2046729925528994,8.765903751232308,-0.0,50.17970814827373,-0.0,-0.0,-0.0,-0.0,-0.0
2040-07-20 08:00:00,0.5653134992513041,8.765903751232308,-0.0,49.42081286507844,-0.0,-0.0,-0.0,-0.0,-0.0
2040-07-20 09:00:00,0.0,8.668780080375525,-0.0,48.70752377433036,-0.0,-0.0,-0.0,-0.0,-0.0
2040-07-20 10:00:00,0.0,8.627211341308419,-0.0,47.54448916032141,-0.0,-0.0,-0.0,-0.0,-0.0
2040-07-20 11:00:00,0.0,8.432453218687272,-0.0,45.68247374156665,-0.0,5.39845674540785e-14,-0.0,-0.0,-0.0
2040-07-20 12:00:00,15.408392249392122,3.5798369502616305,-0.0,40.554092803811585,-0.0,-0.0,-0.0,-0.0,-0.0
2040-07-20 13:00:00,24.482677008562682,1.0042054225489225,-0.0,37.879005773022634,-0.0,-5.393059638276629e-14,-0.0,-0.0,-0.0
2040-07-20 14:00:00,9.328391728857403,5.561745978325338,-0.0,43.88776991957226,-0.0,-0.0,-0.0,-0.0,-0.0
2040-07-20 15:00:00,0.0,8.31420149015752,-0.0,47.56273826290888,-0.0,-0.0,-0.0,-0.0,-0.0
2040-07-20 16:00:00,0.0,8.541086117146412,-0.0,46.1986529118029,-0.0,-0.0,-0.0,-0.0,-0.0
2040-07-20 17:00:00,0.0,8.658117852669756,-0.0,48.09330827316544,-0.0,-0.0,-0.0,-0.0,-0.0
2040-07-20 18:00:00,0.6133077345209109,8.76590375123231,-0.0,49.060529746865996,-0.0,-0.0,-0.0,-0.0,-5.443393455097436e-13
2040-07-20 19:00:00,0.6574378550188115,8.76590375123231,-0.0,52.384104825737445,-0.0,-0.0,-0.0,-0.0,-0.0
2040-07-20 20:00:00,2.1823040735086736,8.765903751232308,-0.0,52.03167549489293,-0.0,-0.0,-0.0,-0.0,5.442849115751926e-13
2040-07-20 21:00:00,2.1591193878700987,8.76590375123231,-0.0,55.546151397995104,-0.0,-0.0,-0.0,-0.0,-0.0
2040-07-20 22:00:00,3.903823272216562,8.76590375123231,-0.0,54.869538265540754,-0.0,-0.0,-0.0,-0.0,-0.0
2040-07-20 23:00:00,3.6653902874572006,8.76590375123231,-0.0,56.12646672992651,-0.0,-0.0,-0.0,-0.0,-0.0
2040-07-21 00:00:00,16.24503329971655,4.552336034067773,-0.0,49.75047095046593,-0.0,-0.0,-0.0,-0.0,-5.443393455097436e-13
2040-07-21 01:00:00,28.0,0.8802380820249781,-0.0,46.26442759159293,-0.0,-0.0,-0.0,-0.0,-0.0
2040-07-21 02:00:00,28.0,1.030703999076525,-0.0,45.35534159748891,-0.0,-0.0,-0.0,-0.0,-0.0
2040-07-21 03:00:00,28.0,1.3944951047058392,-0.0,47.84696154639546,-0.0,-0.0,-0.0,-0.0,-0.0
2040-07-21 04:00:00,28.0,0.7162352608994781,-0.0,44.16274492310028,-0.0,-0.0,-0.0,-0.0,5.442849115751926e-13
2040-07-21 05:00:00,28.0,1.0182933108120038,-0.0,42.95114403307741,-0.0,-0.0,-0.0,-0.0,-0.0
2040-07-21 06:00:00,0.7795802638111432,8.76590375123231,-0.0,50.26614400031019,-0.0,-0.0,-0.0,-0.0,-0.0
2040-07-21 07:00:00,0.0,8.7134196461574,-0.0,49.27314870384942,-0.0,-0.0,-0.0,-0.0,-0.0
2040-07-21 08:00:00,0.0,8.491389542122743,-0.0,47.982933168005474,-0.0,-0.0,-0.0,-0.0,-0.0
2040-07-21 09:00:00,12.922206939603456,4.470318087659073,-0.0,40.784953155039496,-0.0,-0.0,-0.0,-0.0,-0.0
2040-07-21 10:00:00,0.0,8.048876938366131,-0.0,44.25093953660195,-0.0,-0.0,-0.0,-0.0,-0.0
2040-07-21 11:00:00,0.0,8.141598929270726,-0.0,43.09053578607978,-0.0,-0.0,-0.0,-0.0,-0.0
2040-07-21 12:00:00,0.0,8.034117106334891,-0.0,44.15462571175499,-0.0,-0.0,-0.0,-0.0,-0.0
2040-07-21 13:00:00,0.0,7.781556881488758,-0.0,43.738829672981396,-0.0,-0.0,-0.0,-0.0,-0.0
2040-07-21 14:00:00,0.0,7.93791878865797,-0.0,43.76616004161704,-0.0,-0.0,-0.0,-0.0,-5.443393455097436e-13
2040-07-21 15:00:00,0.0,7.964112657747452,-0.0,43.00480743237865,-0.0,-0.0,-0.0,-0.0,-0.0
2040-07-21 16:00:00,0.0,8.083434979555824,-0.0,44.72739614994322,-0.0,-0.0,-0.0,-0.0,-0.0
2040-07-21 17:00:00,0.0,8.390923689010135,-0.0,45.53067731394021,-0.0,-0.0,-0.0,-0.0,-0.0
2040-07-21 18:00:00,0.0,8.404355442099423,-0.0,46.059221671166426,-0.0,-0.0,-0.0,-0.0,-0.0
2040-07-21 19:00:00,0.17023567876210158,8.76590375123231,-0.0,48.068392452338514,-0.0,-0.0,-0.0,-0.0,-0.0
2040-07-21 20:00:00,0.18271698654750515,8.76590375123231,-0.0,50.733785203860435,-0.0,-0.0,-0.0,-0.0,-0.0
2040-07-21 21:00:00,1.554011052191266,8.76590375123231,-0.0,51.37174746398371,-0.0,-0.0,-0.0,-0.0,-0.0
2040-07-21 22:00:00,1.3071958648929785,8.765903751232308,-0.0,53.33910747295033,-0.0,-0.0,-0.0,-0.0,-0.0
2040-07-21 23:00:00,2.4039190648064364,8.76590375123231,-0.0,53.38743068031282,-0.0,-0.0,-0.0,-0.0,-0.0
2040-07-22 00:00:00,3.6448052577338914,8.76590375123231,-0.0,54.65873105281202,-0.0,-0.0,-0.0,-0.0,-0.0
2040-07-22 01:00:00,2.554643435110697,8.765903751232308,-0.0,54.39204097176573,-0.0,-0.0,-0.0,-0.0,-0.0
2040-07-22 02:00:00,2.211714504441342,8.76590375123231,-0.0,53.377104180916675,-0.0,-0.0,-0.0,-0.0,-0.0
2040-07-22 03:00:00,2.363882526683549,8.76590375123231,-0.0,53.7152716665099,-0.0,-0.0,-0.0,-0.0,-0.0
2040-07-22 04:00:00,1.6952386828458255,8.76590375123231,-0.0,52.402870989810154,-0.0,-0.0,-0.0,-0.0,-0.0
2040-07-22 05:00:00,1.9604951910882806,8.76590375123231,-0.0,50.797429502793335,-0.0,-0.0,-0.0,-0.0,-0.0
2040-07-22 06:00:00,1.0429161874710038,8.765903751232308,-0.0,50.59017238478565,-0.0,-0.0,-0.0,-0.0,-0.0
2040-07-22 07:00:00,0.0,8.697850343368978,-0.0,49.58132709367092,-0.0,-0.0,-0.0,-0.0,-0.0
2040-07-22 08:00:00,0.0,8.679552497986087,-0.0,46.24919005171325,-0.0,-0.0,-0.0,-0.0,-0.0
2040-07-22 09:00:00,0.0,8.354928538254272,-0.0,46.989302148361986,-0.0,-0.0,-0.0,-0.0,-0.0
2040-07-22 10:00:00,0.0,8.104654016850992,-0.0,45.102675719471364,-0.0,-0.0,-0.0,-0.0,-0.0
2040-07-22 11:00:00,0.0,8.04325175006741,-0.0,46.17855889702306,-0.0,-0.0,-0.0,-0.0,-0.0
2040-07-22 12:00:00,0.0,7.846937441627733,-0.0,42.78770200050376,-0.0,-0.0,-0.0,-0.0,5.435234078001918e-13
2040-07-22 13:00:00,0.0,7.7807699014250185,-0.0,43.48560172802373,-0.0,-0.0,-0.0,-0.0,-0.0
2040-07-22 14:00:00,0.0,7.830811693705646,-0.0,43.24532088675885,-0.0,-0.0,-0.0,-0.0,-0.0
2040-07-22 15:00:00,0.0,8.159139435418579,-0.0,42.7189257517316,-0.0,-0.0,-0.0,-0.0,-0.0
2040-07-22 16:00:00,0.0,7.888355480262799,-0.0,44.78915832566848,-0.0,-0.0,-0.0,-0.0,-0.0
2040-07-22 17:00:00,0.0,8.234057788940934,-0.0,46.718988444025754,-0.0,-0.0,-0.0,-0.0,-0.0
2040-07-22 18:00:00,0.0,8.27232867001376,-0.0,46.52605102954837,-0.0,-0.0,-0.0,-0.0,-0.0
2040-07-22 19:00:00,0.0,8.653727835310926,-0.0,48.07475919233752,-0.0,-0.0,-0.0,-0.0,-0.0
2040-07-22 20:00:00,0.6565875170656464,8.76590375123231,-0.0,49.292606946093485,-0.0,-0.0,-0.0,-0.0,-0.0
2040-07-22 21:00:00,0.7065249468743209,8.76590375123231,-0.0,50.87497569443957,-0.0,-0.0,-0.0,-0.0,-0.0
2040-07-22 22:00:00,1.78627170077587,8.76590375123231,-0.0,51.5980324816624,-0.0,-0.0,-0.0,-0.0,-0.0
2040-07-22 23:00:00,2.766825703396983,8.76590375123231,-0.0,52.50427290409815,-0.0,-0.0,-0.0,-0.0,-0.0
2040-07-23 00:00:00,4.061421047459332,8.76590375123231,-0.0,57.23365792904315,-0.0,-0.0,-0.0,-0.0,-0.0
2040-07-23 01:00:00,3.5657532990254213,8.76590375123231,-0.0,59.51709721629182,-0.0,-0.0,-0.0,-0.0,-0.0
2040-07-23 02:00:00,4.225721860969312,8.765903751232308,-0.0,55.519493577258054,-0.0,-0.0,-0.0,-0.0,-0.0
2040-07-23 03:00:00,3.711761845494302,8.76590375123231,-0.0,56.70021321499307,-0.0,-0.0,-0.0,-0.0,-0.0
2040-07-23 04:00:00,3.5875893022331824,8.765903751232308,-0.0,55.28808369248355,-0.0,-0.0,-0.0,-0.0,-0.0
2040-07-23 05:00:00,2.0925621981427818,8.76590375123231,-0.0,54.791048865616766,-0.0,-0.0,-0.0,-0.0,-0.0
2040-07-23 06:00:00,1.723710358321806,8.76590375123231,-0.0,53.235350658737936,-0.0,-0.0,-0.0,-0.0,-0.0
2040-07-23 07:00:00,1.1184610996396267,8.76590375123231,-0.0,53.023153443800744,-0.0,-0.0,-0.0,-0.0,-0.0
2040-07-23 08:00:00,0.9384953522264489,8.76590375123231,-0.0,50.75956934696238,-0.0,-0.0,-0.0,-0.0,-0.0
2040-07-23 09:00:00,0.35573471961791814,8.76590375123231,-0.0,50.37083124157609,-0.0,-0.0,-0.0,-0.0,-0.0
2040-07-23 10:00:00,0.0,8.23009691212932,-0.0,47.070132199846014,-0.0,-0.0,-0.0,-0.0,-0.0
2040-07-23 11:00:00,0.0,8.27608458359579,-0.0,44.96722866158881,-0.0,-0.0,-0.0,-0.0,-0.0
2040-07-23 12:00:00,0.0,8.31058805417694,-0.0,45.91833207395516,-0.0,-0.0,-0.0,-0.0,-0.0
2040-07-23 13:00:00,0.0,8.13462924797656,-0.0,44.95505650478562,-0.0,-0.0,-0.0,-0.0,-0.0
2040-07-23 14:00:00,0.0,8.33128712310759,-0.0,46.22604555291852,-0.0,-0.0,-0.0,-0.0,-0.0
2040-07-23 15:00:00,0.0,8.341124069799044,-0.0,45.85363240363705,-0.0,-0.0,-0.0,-0.0,-0.0
2040-07-23 16:00:00,0.0,8.321480449635485,-0.0,46.57729471417883,-0.0,-0.0,-0.0,-0.0,-0.0
2040-07-23 17:00:00,0.0,8.411938657285289,-0.0,47.80054451756334,-0.0,-0.0,-0.0,-0.0,-0.0
2040-07-23 18:00:00,0.4528727167026275,8.76590375123231,-0.0,49.72716544491145,-0.0,-0.0,-0.0,-0.0,-0.0
2040-07-23 19:00:00,0.9999179826462711,8.76590375123231,-0.0,50.75647148081251,-0.0,-0.0,-0.0,-0.0,-0.0
2040-07-23 20:00:00,2.139647494649022,8.76590375123231,-0.0,53.49689157157295,-0.0,5.39845674540785e-14,-0.0,-0.0,-0.0
2040-07-23 21:00:00,2.687954488171538,8.76590375123231,-0.0,52.19413697223019,-0.0,-0.0,-0.0,-0.0,-0.0
2040-07-23 22:00:00,2.814714482287358,8.76590375123231,-0.0,56.846223073401354,-0.0,-0.0,-0.0,-0.0,-0.0
2040-07-23 23:00:00,17.850228541181444,4.673653918803211,-0.0,51.69987229083386,-0.0,-0.0,-0.0,-0.0,-0.0
2040-07-24 00:00:00,4.455626517700574,8.76590375123231,-0.0,57.397265745930476,-0.0,-0.0,-0.0,-0.0,-0.0
2040-07-24 01:00:00,4.5001753095666555,8.76590375123231,-0.0,56.558961975957956,-0.0,-0.0,-0.0,-0.0,-0.0
2040-07-24 02:00:00,3.820978071646551,8.76590375123231,-0.0,53.29425406200441,-0.0,-0.0,-0.0,-0.0,1.4408409315507435e-14
2040-07-24 03:00:00,3.0932711045603756,8.76590375123231,-0.0,55.68187168800176,-0.0,-0.0,-0.0,-0.0,-0.0
2040-07-24 04:00:00,3.309334264298982,8.76590375123231,-0.0,56.425936965857446,-0.0,-0.0,-0.0,-0.0,-0.0
2040-07-24 05:00:00,3.1272419511066305,8.76590375123231,-0.0,52.78599742789881,-0.0,-4.141084685664013e-14,-0.0,-0.0,-0.0
2040-07-24 06:00:00,1.5714653878795035,8.76590375123231,-0.0,52.209218355367994,-0.0,-0.0,-0.0,-0.0,-0.0
2040-07-24 07:00:00,0.5064717388066607,8.76590375123231,-0.0,52.19934894507137,-0.0,-0.0,-0.0,-0.0,-0.0
2040-07-24 08:00:00,0.09746296817907042,8.76590375123231,-0.0,49.490072671999584,-0.0,-0.0,-0.0,-0.0,-0.0
2040-07-24 09:00:00,0.0,8.581782279989659,-0.0,48.00992633836224,-0.0,-0.0,-0.0,-0.0,-0.0
2040-07-24 10:00:00,0.0,8.483818921782749,-0.0,46.47336823568914,-0.0,-0.0,-0.0,-0.0,-0.0
2040-07-24 11:00:00,0.0,8.2163544236389,-0.0,46.537035502760844,-0.0,-0.0,-0.0,-0.0,-0.0
2040-07-24 12:00:00,0.0,8.20507286168567,-0.0,46.022836025272206,-0.0,-0.0,-0.0,-0.0,-0.0
2040-07-24 13:00:00,0.0,8.162075538599526,-0.0,46.61160030473687,-0.0,-0.0,-0.0,-0.0,-0.0
2040-07-24 14:00:00,0.0,8.105003726476253,-0.0,46.22647637282237,-0.0,-0.0,-0.0,-0.0,-0.0
2040-07-24 15:00:00,0.0,8.46365925323272,-0.0,48.2320225105664,-0.0,-0.0,-0.0,-0.0,-0.0
2040-07-24 16:00:00,0.0,8.394038903223908,-0.0,47.34419794200007,-0.0,-0.0,-0.0,-0.0,-0.0
2040-07-24 17:00:00,0.0,8.436626879632149,-0.0,47.65637930458479,-0.0,-0.0,-0.0,-0.0,-0.0
2040-07-24 18:00:00,0.23437023183560127,8.76590375123231,-0.0,49.286269214983385,-0.0,-0.0,-0.0,-0.0,-0.0
2040-07-24 19:00:00,1.2208661635688451,8.76590375123231,-0.0,50.542871061016854,-0.0,-0.0,-0.0,-0.0,-0.0
2040-07-24 20:00:00,2.718036511853442,8.76590375123231,-0.0,52.1714014410886,-0.0,-0.0,-0.0,-0.0,-0.0
2040-07-24 21:00:00,2.598110441450868,8.76590375123231,-0.0,52.813103100136345,-0.0,-0.0,-0.0,-0.0,-0.0
2040-07-24 22:00:00,3.520317730753516,8.76590375123231,-0.0,55.822805608505604,-0.0,-0.0,-0.0,-0.0,-0.0
2040-07-24 23:00:00,3.771840414146961,8.76590375123231,-0.0,57.18073736314805,-0.0,-0.0,-0.0,-0.0,-0.0
2040-07-25 00:00:00,3.440938467661083,8.765903751232308,-0.0,57.36729374040152,-0.0,-0.0,-0.0,-0.0,-0.0
2040-07-25 01:00:00,3.8002994119421283,8.76590375123231,-0.0,58.82650264562907,-0.0,-0.0,-0.0,-0.0,-0.0
2040-07-25 02:00:00,4.550945744541449,8.76590375123231,-0.0,57.26998615782887,-0.0,-0.0,-0.0,-0.0,-0.0
2040-07-25 03:00:00,3.245598196268383,8.76590375123231,-0.0,55.577166809252205,-0.0,-0.0,-0.0,-0.0,-0.0
2040-07-25 04:00:00,3.0908068727774336,8.765903751232308,-0.0,55.44324662638349,-0.0,-0.0,-0.0,-0.0,-0.0
2040-07-25 05:00:00,3.040557751860606,8.76590375123231,-0.0,53.27420276056009,-0.0,-0.0,-0.0,-0.0,-0.0
2040-07-25 06:00:00,23.40620140678189,2.427178885933213,-0.0,47.20870503035779,-0.0,-0.0,-0.0,-0.0,-0.0
2040-07-25 07:00:00,1.4891698555195996,8.76590375123231,-0.0,50.298973303688676,-0.0,-0.0,-0.0,-0.0,-0.0
2040-07-25 08:00:00,1.0078673561167002,8.76590375123231,-0.0,51.438835275072165,-0.0,-0.0,-0.0,-0.0,-0.0
2040-07-25 09:00:00,28.0,0.4133472752669441,-0.0,42.01051053609356,-0.0,-0.0,-0.0,-0.0,-0.0
2040-07-25 10:00:00,0.0,8.499375662793748,-0.0,46.140305935584436,-0.0,-0.0,-0.0,-0.0,-0.0
2040-07-25 11:00:00,0.0,8.466570115443654,-0.0,46.61904776983642,-0.0,-0.0,-0.0,-0.0,-0.0
2040-07-25 12:00:00,27.84943291591064,2.675679462000821e-16,-0.0,37.341251586369225,-0.0,-0.0,-0.0,-0.0,-0.0
2040-07-25 13:00:00,26.317155495035244,-4.31633658408224e-16,-0.0,38.13586748014845,-0.0,-0.0,-0.0,-0.0,-0.0
2040-07-25 14:00:00,0.0,8.055390054789386,-0.0,45.40171973201469,-0.0,-0.0,-0.0,-0.0,-0.0
2040-07-25 15:00:00,27.89979804301481,-3.2492377709166284e-16,-0.0,37.950603237490014,-0.0,-0.0,-0.0,-0.0,-0.0
2040-07-25 16:00:00,0.0,8.4822378440119,-0.0,46.865262234316106,-0.0,-0.0,-0.0,-0.0,-0.0
2040-07-25 17:00:00,0.0,8.50764040092573,-0.0,48.67727640428788,-0.0,-0.0,-0.0,-0.0,-0.0
2040-07-25 18:00:00,0.0,8.68447856795675,-0.0,48.37104675115906,-0.0,-0.0,-0.0,-0.0,-0.0
2040-07-25 19:00:00,1.1974406913910536,8.76590375123231,-0.0,50.89740733598914,-0.0,-0.0,-0.0,-0.0,-0.0
2040-07-25 20:00:00,2.572603059148786,8.76590375123231,-0.0,53.303781741752424,-0.0,-0.0,-0.0,-0.0,-0.0
2040-07-25 21:00:00,3.7043714734633455,8.765903751232308,-0.0,55.656214694056814,-0.0,-0.0,-0.0,-0.0,-0.0
2040-07-25 22:00:00,2.621600072259583,8.76590375123231,-0.0,53.443063907555725,-0.0,-0.0,-0.0,-0.0,-0.0
2040-07-25 23:00:00,3.921795544050155,8.76590375123231,-0.0,54.99848491130236,-0.0,-0.0,-0.0,-0.0,-0.0
2040-07-26 00:00:00,4.369150412386016,8.76590375123231,-0.0,56.124034973781974,-0.0,-0.0,-0.0,-0.0,-0.0
2040-07-26 01:00:00,4.4184558450215,8.76590375123231,-0.0,57.24335436721444,-0.0,-0.0,-0.0,-0.0,-0.0
2040-07-26 02:00:00,4.454447241310179,8.76590375123231,-0.0,56.58924768375847,-0.0,-0.0,-0.0,-0.0,-0.0
2040-07-26 03:00:00,3.6930986679836475,8.76590375123231,-0.0,56.5058561608863,-0.0,-0.0,-0.0,-0.0,-0.0
2040-07-26 04:00:00,2.920728620961046,8.76590375123231,-0.0,54.4103990744245,-0.0,-0.0,-0.0,-0.0,-0.0
2040-07-26 05:00:00,2.9703939922443654,8.76590375123231,-0.0,54.50387884732653,-0.0,-0.0,-0.0,-0.0,-0.0
2040-07-26 06:00:00,1.2268097782149103,8.765903751232308,-0.0,52.3730380191644,-0.0,-0.0,-0.0,-0.0,-0.0
2040-07-26 07:00:00,0.5481339356319687,8.76590375123231,-0.0,52.11406769333372,-0.0,-0.0,-0.0,-0.0,-0.0
2040-07-26 08:00:00,0.41401287878998233,8.76590375123231,-0.0,50.78528725384963,-0.0,-0.0,-0.0,-0.0,-0.0
2040-07-26 09:00:00,0.0,8.615652165754247,-0.0,48.27401408658697,-0.0,-0.0,-0.0,-0.0,-0.0
2040-07-26 10:00:00,0.0,8.249836877299908,-0.0,47.35304100860433,-0.0,-0.0,-0.0,-0.0,-0.0
2040-07-26 11:00:00,0.0,8.21346570700983,-0.0,46.962986439875245,-0.0,-0.0,-0.0,-0.0,-0.0
2040-07-26 12:00:00,0.0,8.335646275359258,-0.0,45.91769063183084,-0.0,-0.0,-0.0,-0.0,-0.0
2040-07-26 13:00:00,0.0,8.16063148090288,-0.0,45.489595806598906,-0.0,-0.0,-0.0,-0.0,-0.0
2040-07-26 14:00:00,0.0,8.07264986991491,-0.0,45.80212727020329,-0.0,-0.0,-0.0,-0.0,-0.0
2040-07-26 15:00:00,0.0,8.139434390929928,-0.0,46.788183047500645,-0.0,-0.0,-0.0,-0.0,-0.0
2040-07-26 16:00:00,0.0,8.519885728709665,-0.0,48.13695242083524,-0.0,-0.0,-0.0,-0.0,-0.0
2040-07-26 17:00:00,0.0,8.647487125178928,-0.0,47.77271103774075,-0.0,-0.0,-0.0,-0.0,-0.0
2040-07-26 18:00:00,0.12221945152709633,8.76590375123231,-0.0,50.4472895126997,-0.0,-0.0,-0.0,-0.0,-0.0
2040-07-26 19:00:00,1.1620027716898809,8.76590375123231,-0.0,51.64832408297997,-0.0,-0.0,-0.0,-0.0,-0.0
2040-07-26 20:00:00,1.3413830608085566,8.76590375123231,-0.0,52.264847880722286,-0.0,-0.0,-0.0,-0.0,-0.0
2040-07-26 21:00:00,2.023512641893172,8.76590375123231,-0.0,52.834012739686045,-0.0,-0.0,-0.0,-0.0,-0.0
2040-07-26 22:00:00,2.6335129477374752,8.76590375123231,-0.0,55.75833090897566,-0.0,-0.0,-0.0,-0.0,-0.0
2040-07-26 23:00:00,3.4364747814313654,8.76590375123231,-0.0,55.533614764856104,-0.0,-0.0,-0.0,-0.0,-0.0
2040-07-27 00:00:00,3.7589793397842786,8.76590375123231,-0.0,57.19549278863602,-0.0,-0.0,-0.0,-0.0,-0.0
2040-07-27 01:00:00,4.625638182722572,8.76590375123231,-0.0,57.26824681728691,-0.0,-0.0,-0.0,-0.0,-0.0
2040-07-27 02:00:00,3.7681517546340033,8.76590375123231,-0.0,55.83174292253717,-0.0,-0.0,-0.0,-0.0,-0.0
2040-07-27 03:00:00,2.922260847594766,8.76590375123231,-0.0,55.0576592208299,-0.0,-0.0,-0.0,-0.0,-0.0
2040-07-27 04:00:00,3.9406077876332612,8.76590375123231,-0.0,56.14474344279989,-0.0,-0.0,-0.0,-0.0,-0.0
2040-07-27 05:00:00,3.0926936099040554,8.76590375123231,-0.0,53.10653725419059,-0.0,-0.0,-0.0,-0.0,-0.0
2040-07-27 06:00:00,2.694943271425258,8.765903751232308,-0.0,52.86914370452675,-0.0,-0.0,-0.0,-0.0,-0.0
2040-07-27 07:00:00,0.6962891658915115,8.76590375123231,-0.0,51.3390683360592,-0.0,-0.0,-0.0,-0.0,-0.0
2040-07-27 08:00:00,0.3849931061689095,8.76590375123231,-0.0,50.27701217480242,-0.0,-0.0,-0.0,-0.0,-0.0
2040-07-27 09:00:00,0.0,8.406938118150002,-0.0,49.16883690819112,-0.0,-0.0,-0.0,-0.0,-0.0
2040-07-27 10:00:00,0.0,8.698292356957607,-0.0,48.4186572253119,-0.0,-0.0,-0.0,-0.0,-0.0
2040-07-27 11:00:00,0.0,8.589422009912951,-0.0,46.65606428131252,-0.0,-0.0,-0.0,-0.0,-0.0
2040-07-27 12:00:00,0.0,8.276158911844362,-0.0,46.88355843546145,-0.0,-0.0,-0.0,-0.0,-0.0
2040-07-27 13:00:00,0.0,8.038307665278035,-0.0,44.59716683656594,-0.0,-0.0,-0.0,-0.0,-0.0
2040-07-27 14:00:00,0.0,8.112903998539394,-0.0,46.312874201677154,-0.0,-0.0,-0.0,-0.0,-0.0
2040-07-27 15:00:00,0.0,8.457351494181685,-0.0,45.63331566111834,-0.0,-0.0,-0.0,-0.0,-0.0
2040-07-27 16:00:00,0.0,8.456481871741715,-0.0,46.45158628552521,-0.0,-0.0,-0.0,-0.0,-0.0
2040-07-27 17:00:00,0.0,8.519250976948415,-0.0,48.50661138507196,-0.0,-0.0,-0.0,-0.0,-0.0
2040-07-27 18:00:00,0.0,8.74323699329524,-0.0,50.07145883986085,-0.0,-0.0,-0.0,-0.0,-0.0
2040-07-27 19:00:00,1.2950800691321627,8.76590375123231,-0.0,49.77458905423373,-0.0,-0.0,-0.0,-0.0,-0.0
2040-07-27 20:00:00,2.0865870688855765,8.765903751232308,-0.0,53.205692606105416,-0.0,-0.0,-0.0,-0.0,-0.0
2040-07-27 21:00:00,2.697543209301526,8.76590375123231,-0.0,55.51442269713921,-0.0,-0.0,-0.0,-0.0,-0.0
2040-07-27 22:00:00,2.2349640529124444,8.76590375123231,-0.0,56.12286383053493,-0.0,-0.0,-0.0,-0.0,-0.0
2040-07-27 23:00:00,3.541839297446111,8.76590375123231,-0.0,54.831831932833126,-0.0,-0.0,-0.0,-0.0,-0.0
2040-07-28 00:00:00,2.726311822184596,8.76590375123231,-0.0,52.35700561587923,-0.0,-0.0,-0.0,-0.0,-0.0
2040-07-28 01:00:00,3.6690086377886177,8.76590375123231,-0.0,51.96216828616842,-0.0,-0.0,-0.0,-0.0,-0.0
2040-07-28 02:00:00,2.391141991646417,8.76590375123231,-0.0,52.85061374143606,-0.0,-0.0,-0.0,-0.0,-0.0
2040-07-28 03:00:00,3.0812652045811726,8.76590375123231,-0.0,51.69799284774594,-0.0,-0.0,-0.0,-0.0,-0.0
2040-07-28 04:00:00,2.042485856281082,8.76590375123231,-0.0,53.59540356528602,-0.0,-0.0,-0.0,-0.0,-0.0
2040-07-28 05:00:00,1.069612651419329,8.76590375123231,-0.0,50.01659321736708,-0.0,-0.0,-0.0,-0.0,-0.0
2040-07-28 06:00:00,0.9702891685948314,8.76590375123231,-0.0,50.94718190239015,-0.0,-0.0,-0.0,-0.0,-0.0
2040-07-28 07:00:00,0.357066990690113,8.76590375123231,-0.0,49.09884300304058,-0.0,-0.0,-0.0,-0.0,-0.0
2040-07-28 08:00:00,0.0,8.49908808706307,-0.0,47.9711662255947,-0.0,-0.0,-0.0,-0.0,-0.0
2040-07-28 09:00:00,0.0,8.499298847366223,-0.0,46.009317381483285,-0.0,-0.0,-0.0,-0.0,-0.0
2040-07-28 10:00:00,0.0,8.10699705147369,-0.0,44.50699606901745,-0.0,-0.0,-0.0,-0.0,-0.0
2040-07-28 11:00:00,0.0,8.017181316927655,-0.0,43.202459091586036,-0.0,-0.0,-0.0,-0.0,-0.0
2040-07-28 12:00:00,0.0,8.010140206946167,-0.0,41.54573616724616,-0.0,-0.0,-0.0,-0.0,-0.0
2040-07-28 13:00:00,0.0,7.816883715294163,-0.0,42.51147378086726,-0.0,-0.0,-0.0,-0.0,-0.0
2040-07-28 14:00:00,0.0,7.9607389411854514,-0.0,42.86457677702104,-0.0,-0.0,-0.0,-0.0,-0.0
2040-07-28 15:00:00,0.0,7.8674310072438525,-0.0,43.40416574527944,-0.0,-0.0,-0.0,-0.0,-0.0
2040-07-28 16:00:00,0.0,7.955859051019968,-0.0,44.29032192051569,-0.0,-0.0,-0.0,-0.0,-0.0
2040-07-28 17:00:00,0.0,8.198376412600078,-0.0,45.08315357480175,-0.0,-0.0,-0.0,-0.0,-0.0
2040-07-28 18:00:00,0.0,8.615580350234369,-0.0,47.63998538751752,-0.0,-0.0,-0.0,-0.0,-0.0
2040-07-28 19:00:00,28.0,0.4143991947737808,-0.0,39.711174875836456,-0.0,-0.0,-0.0,-0.0,-0.0
2040-07-28 20:00:00,28.0,0.5926021418868284,-0.0,42.05114621589736,-0.0,-0.0,-0.0,-0.0,-0.0
2040-07-28 21:00:00,28.0,0.6338307038848453,-0.0,42.55215383546874,-0.0,-0.0,-0.0,-0.0,-0.0
2040-07-28 22:00:00,28.0,1.0540256181758074,-0.0,43.632409292638656,-0.0,-0.0,-0.0,-0.0,-0.0
2040-07-28 23:00:00,28.0,1.0715983606861346,-0.0,45.567839089706425,-0.0,-0.0,-0.0,-0.0,-0.0
2040-07-29 00:00:00,28.0,1.0131333687980166,-0.0,45.417796882861985,-0.0,-0.0,-0.0,-0.0,-0.0
2040-07-29 01:00:00,28.0,1.2924519035436108,-0.0,45.62131361538522,-0.0,-0.0,-0.0,-0.0,-0.0
2040-07-29 02:00:00,28.0,1.1711859388626358,-0.0,45.54065911524725,-0.0,-0.0,-0.0,-0.0,-0.0
2040-07-29 03:00:00,6.39387935580622,7.518974503607758,-0.0,52.04830251749773,-0.0,-0.0,-0.0,-0.0,-0.0
2040-07-29 04:00:00,28.0,0.6858318243984836,-0.0,44.58962609308394,-0.0,-0.0,-0.0,-0.0,-0.0
2040-07-29 05:00:00,28.0,0.7239933543700631,-0.0,42.77747101568213,-0.0,-0.0,-0.0,-0.0,-0.0
2040-07-29 06:00:00,28.0,0.3502901501855038,-0.0,28.199527520235172,-0.0,-0.0,-0.0,-0.0,-0.0
2040-07-29 07:00:00,0.5697960170988153,8.76590375123231,-0.0,49.004382364141115,-0.0,-0.0,-0.0,-0.0,-0.0
2040-07-29 08:00:00,0.0,8.232977211791413,-0.0,46.7825258466578,-0.0,-0.0,-0.0,-0.0,-0.0
2040-07-29 09:00:00,0.0,8.297368027130808,-0.0,45.11929039325601,-0.0,-0.0,-0.0,-0.0,-0.0
2040-07-29 10:00:00,27.1962901975032,3.9082596272238016e-16,-0.0,36.30342725684568,-0.0,-0.0,-0.0,-0.0,-0.0
2040-07-29 11:00:00,0.0,8.018658548765993,-0.0,44.11516569050452,-0.0,-0.0,-0.0,-0.0,-0.0
2040-07-29 12:00:00,0.0,7.876342317453339,-0.0,43.27671078358911,-0.0,-0.0,-0.0,-0.0,-0.0
2040-07-29 13:00:00,0.0,7.863005948989001,-0.0,44.33274511154805,-0.0,-0.0,-0.0,-0.0,-0.0
2040-07-29 14:00:00,0.0,7.801263845882905,-0.0,43.57041037848838,-0.0,-0.0,-0.0,-0.0,-0.0
2040-07-29 15:00:00,0.0,8.034657882165378,-0.0,43.02140790393581,-0.0,-0.0,-0.0,-0.0,-0.0
2040-07-29 16:00:00,0.0,7.990718193856918,-0.0,42.66452221396516,-0.0,-0.0,-0.0,-0.0,-0.0
2040-07-29 17:00:00,0.0,8.25488676260953,-0.0,46.452043019434534,-0.0,-0.0,-0.0,-0.0,-0.0
2040-07-29 18:00:00,0.0,8.330838051766397,-0.0,48.544991494434406,-0.0,-0.0,-0.0,-0.0,-0.0
2040-07-29 19:00:00,28.0,0.3059291676341173,-0.0,39.398372331719884,-0.0,-0.0,-0.0,-0.0,-0.0
2040-07-29 20:00:00,28.0,0.437239376599676,-0.0,41.23266843707841,-0.0,-0.0,-0.0,-0.0,-0.0
2040-07-29 21:00:00,28.0,0.8670520802869469,-0.0,42.379163454606214,-0.0,-0.0,-0.0,-0.0,-0.0
2040-07-29 22:00:00,28.0,1.1087479554177768,-0.0,44.921598670880655,-0.0,-0.0,-0.0,-0.0,-0.0
2040-07-29 23:00:00,2.5738396905890157,8.76590375123231,-0.0,50.955455225211956,-0.0,-0.0,-0.0,-0.0,-0.0
2040-07-30 00:00:00,28.0,1.6731716849812897,-0.0,49.130873675221814,-0.0,-0.0,-0.0,-0.0,-0.0
2040-07-30 01:00:00,28.0,1.6074051452219815,-0.0,48.28315954946219,-0.0,-0.0,-0.0,-0.0,-0.0
2040-07-30 02:00:00,28.0,1.3390914760343153,-0.0,48.0141732404319,-0.0,-0.0,-0.0,-0.0,-0.0
2040-07-30 03:00:00,9.200549825675449,6.941569821908789,-0.0,53.594761435783795,-0.0,-0.0,-0.0,-0.0,-0.0
2040-07-30 04:00:00,3.614208826615802,8.76590375123231,-0.0,53.8988922131011,-0.0,-0.0,-0.0,-0.0,-0.0
2040-07-30 05:00:00,2.185705154703092,8.76590375123231,-0.0,53.942064244120196,-0.0,-0.0,-0.0,-0.0,-0.0
2040-07-30 06:00:00,1.2981417227284404,8.76590375123231,-0.0,53.184588584251266,-0.0,-0.0,-0.0,-0.0,-0.0
2040-07-30 07:00:00,0.8865220586845751,8.76590375123231,-0.0,51.07973069271202,-0.0,-0.0,-0.0,-0.0,-0.0
2040-07-30 08:00:00,0.19068519879243312,8.76590375123231,-0.0,48.7019122224135,-0.0,-0.0,-0.0,-0.0,-0.0
2040-07-30 09:00:00,0.0,8.485433424203167,-0.0,49.24373173325678,-0.0,-0.0,-0.0,-0.0,-0.0
2040-07-30 10:00:00,0.0,8.283938996060584,-0.0,46.591279968151156,-0.0,-0.0,-0.0,-0.0,-0.0
2040-07-30 11:00:00,0.0,8.211305661006254,-0.0,47.29481711992946,-0.0,-0.0,-0.0,-0.0,-0.0
2040-07-30 12:00:00,0.0,7.928375540631578,-0.0,44.58900840615849,-0.0,-0.0,-0.0,-0.0,-0.0
2040-07-30 13:00:00,0.0,8.164732710613748,-0.0,46.36364376149564,-0.0,-0.0,-0.0,-0.0,-0.0
2040-07-30 14:00:00,0.0,8.066848133266083,-0.0,45.81762745380326,-0.0,-0.0,-0.0,-0.0,-0.0
2040-07-30 15:00:00,0.0,8.417931062336669,-0.0,44.783942252570725,-0.0,-0.0,-0.0,-0.0,-0.0
2040-07-30 16:00:00,0.0,8.520458643504684,-0.0,46.468967267433946,-0.0,-0.0,-0.0,-0.0,-0.0
2040-07-30 17:00:00,0.0,8.560397057038369,-0.0,49.760889103701814,-0.0,-0.0,-0.0,-0.0,-0.0
2040-07-30 18:00:00,1.2378467631519827,8.76590375123231,-0.0,52.09769373179638,-0.0,-0.0,-0.0,-0.0,-0.0
2040-07-30 19:00:00,1.5153728381886773,8.76590375123231,-0.0,51.53746651112873,-0.0,-0.0,-0.0,-0.0,-0.0
2040-07-30 20:00:00,2.5392908439373714,8.76590375123231,-0.0,52.181036685129264,-0.0,-0.0,-0.0,-0.0,-0.0
2040-07-30 21:00:00,2.7606566069290404,8.76590375123231,-0.0,52.27610200870873,-0.0,-0.0,-0.0,-0.0,-0.0
2040-07-30 22:00:00,3.299175418938129,8.76590375123231,-0.0,53.676199621276375,-0.0,-0.0,-0.0,-0.0,-0.0
2040-07-30 23:00:00,3.937320008170597,8.76590375123231,-0.0,55.036271646022094,-0.0,-0.0,-0.0,-0.0,-0.0
2040-07-31 00:00:00,4.601256145883018,8.76590375123231,-0.0,55.5732160122976,-0.0,-0.0,-0.0,-0.0,-0.0
2040-07-31 01:00:00,3.5532945665774807,8.76590375123231,-0.0,55.11702121651321,-0.0,-0.0,-0.0,-0.0,-0.0
2040-07-31 02:00:00,4.910761507512476,8.76590375123231,-0.0,56.05543608894284,-0.0,-0.0,-0.0,-0.0,-0.0
2040-07-31 03:00:00,3.801507539549618,8.76590375123231,-0.0,55.77593309764731,-0.0,-0.0,-0.0,-0.0,-0.0
2040-07-31 04:00:00,2.165548478196857,8.76590375123231,-0.0,52.95060550608721,-0.0,-0.0,-0.0,-0.0,-0.0
2040-07-31 05:00:00,1.9839076599941552,8.76590375123231,-0.0,53.515873521477594,-0.0,-0.0,-0.0,-0.0,-5.443393455097436e-13
2040-07-31 06:00:00,8.727718163361876,6.804948277781799,-0.0,49.85792447172108,-0.0,-0.0,-0.0,-0.0,5.440671758369887e-13
2040-07-31 07:00:00,28.0,0.6842614294406052,-0.0,42.505542933962595,-0.0,-0.0,-0.0,-0.0,-0.0
2040-07-31 08:00:00,28.0,0.537841347547272,-0.0,41.06213959545753,-0.0,-0.0,-0.0,-0.0,-0.0
2040-07-31 09:00:00,28.0,0.2741212403399298,-0.0,40.45163594380807,-0.0,-0.0,-0.0,-0.0,-0.0
2040-07-31 10:00:00,27.82888975081204,3.0872417579322995e-17,-0.0,38.772969457405225,-0.0,-0.0,-0.0,-0.0,-0.0
2040-07-31 11:00:00,0.0,8.390796550355073,-0.0,46.809776285392644,-0.0,-0.0,-0.0,-0.0,-0.0
2040-07-31 12:00:00,27.370781035973987,1.5268689249263733e-16,-0.0,38.319954058552796,-0.0,-0.0,-0.0,-0.0,-0.0
2040-07-31 13:00:00,0.0,8.08206118190237,-0.0,44.490762756538444,-0.0,-0.0,-0.0,-0.0,-0.0
2040-07-31 14:00:00,0.0,8.065502727825855,-0.0,45.592909184823625,-0.0,-0.0,-0.0,-0.0,-0.0
2040-07-31 15:00:00,0.0,8.275723346118864,-0.0,45.39940762512675,-0.0,-0.0,-0.0,-0.0,-0.0
2040-07-31 16:00:00,28.0,0.19673022543775978,-0.0,37.890949806773875,-0.0,-0.0,-0.0,-0.0,-0.0
2040-07-31 17:00:00,28.0,0.13507166281386138,-0.0,39.47151824360409,-0.0,-0.0,-0.0,-0.0,-0.0
2040-07-31 18:00:00,28.0,0.7311752402273023,-0.0,41.23548853575412,-0.0,-0.0,-0.0,-0.0,-0.0
2040-07-31 19:00:00,28.0,0.6045028532493038,-0.0,41.841282222323166,-0.0,-0.0,5.87911067224489e-14,-0.0,-0.0
2040-07-31 20:00:00,2.0090779589893404,8.76590375123231,-0.0,52.489593262594575,-0.0,-0.0,-0.0,-0.0,-0.0
2040-07-31 21:00:00,28.0,0.8926415049907118,-0.0,46.324379077969425,-0.0,-0.0,-0.0,-0.0,5.993094929949299e-14
2040-07-31 22:00:00,9.447636114916829,6.768816038357877,-0.0,52.48405041527174,-0.0,-0.0,-0.0,-0.0,-0.0
2040-07-31 23:00:00,28.0,1.2562174864953692,-0.0,48.18769436272397,-0.0,-0.0,-0.0,-0.0,-0.0
2040-08-01 00:00:00,2.8575634941337875,8.76590375123231,-0.0,56.237068993577864,-0.0,-0.0,-0.0,-0.0,-0.0
2040-08-01 01:00:00,4.204406759067515,8.76590375123231,-0.0,56.842326326328,-0.0,-0.0,-0.0,-0.0,-0.0
2040-08-01 02:00:00,21.879435940554878,3.3812080776195415,-0.0,50.72493020998675,-0.0,-0.0,-0.0,-0.0,-0.0
2040-08-01 03:00:00,28.0,1.3562890857177485,-0.0,46.79319567643544,-0.0,-0.0,-0.0,-0.0,-5.508629332048827e-14
2040-08-01 04:00:00,28.0,1.226050901272478,-0.0,46.94522044807858,-0.0,-0.0,-0.0,-0.0,-0.0
2040-08-01 05:00:00,28.0,0.8159394935933721,-0.0,46.78116023044304,-0.0,-0.0,-5.5109421742761434e-14,-0.0,-0.0
2040-08-01 06:00:00,28.0,0.8987561174547104,-0.0,44.85677263054351,-0.0,-0.0,-0.0,-0.0,-0.0
2040-08-01 07:00:00,28.0,0.7361452298861096,-0.0,42.54105707220324,-0.0,-0.0,-0.0,-0.0,-0.0
2040-08-01 08:00:00,28.0,0.5691260067663305,-0.0,43.187267081465386,-0.0,-0.0,-0.0,-0.0,-0.0
2040-08-01 09:00:00,28.0,0.17156534056914863,-0.0,40.679749372925876,-0.0,-0.0,-0.0,-0.0,-0.0
2040-08-01 10:00:00,28.0,0.20098983606441653,-0.0,39.363553819618396,-0.0,-0.0,-0.0,-0.0,-0.0
2040-08-01 11:00:00,27.66841378779969,-8.636361098712568e-17,-0.0,38.8173192881913,-0.0,-0.0,-0.0,-0.0,-0.0
2040-08-01 12:00:00,24.825542267686227,0.8653172838421449,-0.0,38.490280485499866,-0.0,-0.0,-0.0,-0.0,-0.0
2040-08-01 13:00:00,27.3376231756144,1.5293230995942746e-16,-0.0,38.172833225805824,-0.0,-0.0,-0.0,-0.0,-0.0
2040-08-01 14:00:00,6.387503282608881,6.433148353461165,-0.0,43.92086818943151,-0.0,-0.0,-0.0,-0.0,-0.0
2040-08-01 15:00:00,0.0,8.47830416500959,-0.0,47.65570038430725,-0.0,-0.0,-0.0,-0.0,-0.0
2040-08-01 16:00:00,0.0,8.45952608260108,-0.0,47.388764643676325,-0.0,-0.0,-0.0,-0.0,-0.0
2040-08-01 17:00:00,0.0,8.656420928348902,-0.0,47.291396900274755,-0.0,-0.0,-0.0,-0.0,-0.0
2040-08-01 18:00:00,0.0,8.722218123874187,-0.0,49.20799647257305,7.36298866551202e-13,-0.0,-0.0,-0.0,-0.0
2040-08-01 19:00:00,0.5140384237214481,8.76590375123231,-0.0,51.86943042526679,-0.0,-0.0,-0.0,-0.0,-0.0
2040-08-01 20:00:00,1.1856426939588447,8.76590375123231,-0.0,52.98104891643853,-0.0,-0.0,-0.0,-0.0,-0.0
2040-08-01 21:00:00,2.4320496422720583,8.76590375123231,-0.0,54.949397030426674,-0.0,-0.0,-0.0,5.6862104672252e-13,-0.0
2040-08-01 22:00:00,3.210680147999081,8.76590375123231,-0.0,52.35568882099772,-0.0,-0.0,-0.0,-0.0,-0.0
2040-08-01 23:00:00,3.114164323470727,8.76590375123231,-0.0,56.15422055341933,-0.0,-0.0,-0.0,-0.0,-0.0
2040-08-02 00:00:00,3.407896039992747,8.76590375123231,-0.0,55.229072470278595,-0.0,-0.0,-0.0,-5.684504774665661e-13,-0.0
2040-08-02 01:00:00,4.273819646643596,8.765903751232308,-0.0,55.613086965146266,-0.0,-0.0,-0.0,-0.0,-0.0
2040-08-02 02:00:00,4.825757086190356,8.76590375123231,-0.0,55.78332538364814,-0.0,-0.0,-0.0,-0.0,-0.0
2040-08-02 03:00:00,3.4460666293180084,8.76590375123231,-0.0,55.607009076931746,-0.0,-0.0,-0.0,-0.0,-0.0
2040-08-02 04:00:00,3.334027157248609,8.76590375123231,-0.0,53.70270955720374,-0.0,-0.0,-0.0,5.674761802983046e-13,-0.0
2040-08-02 05:00:00,2.145185368465868,8.76590375123231,-0.0,53.5090217865679,-0.0,-0.0,-0.0,-0.0,-0.0
2040-08-02 06:00:00,1.325685545933358,8.76590375123231,-0.0,52.30315444960401,-0.0,-0.0,-0.0,-5.673626907370068e-13,-0.0
2040-08-02 07:00:00,1.8820438556723227,8.76590375123231,-0.0,51.819004630812906,-0.0,-0.0,-0.0,-0.0,-5.236208296008899e-13
2040-08-02 08:00:00,0.15021171208703848,8.76590375123231,-0.0,49.33625764765468,-0.0,-0.0,-0.0,-5.342535382836019e-13,-0.0
2040-08-02 09:00:00,0.0,8.539288289009653,-0.0,48.86393955980234,-0.0,-0.0,-0.0,-0.0,-0.0
2040-08-02 10:00:00,0.0,8.551213748245083,-0.0,46.734171805015066,-0.0,-0.0,-0.0,-0.0,-0.0
2040-08-02 11:00:00,0.0,8.290910512476781,-0.0,45.53915914398843,-0.0,-0.0,-0.0,-0.0,-5.443393455097436e-13
2040-08-02 12:00:00,0.0,8.269901105782262,-0.0,45.465947924663524,-0.0,-0.0,-0.0,-5.553927669134618e-13,-0.0
2040-08-02 13:00:00,0.0,8.150435691695085,-0.0,43.70096137335998,-0.0,-0.0,-0.0,-0.0,-0.0
2040-08-02 14:00:00,0.0,8.186379460041644,-0.0,46.08224106870735,-0.0,-0.0,-0.0,-0.0,-0.0
2040-08-02 15:00:00,0.0,8.156588148318079,-0.0,45.89273610094244,-0.0,-0.0,-0.0,-0.0,-5.935654330582756e-13
2040-08-02 16:00:00,0.0,8.422346389048414,-0.0,47.00779676326172,-0.0,-0.0,-0.0,-6.056184454234386e-13,-0.0
2040-08-02 17:00:00,0.0,8.475249555120625,-0.0,46.72079811333141,-0.0,-0.0,-0.0,-0.0,-0.0
2040-08-02 18:00:00,0.19273290189309214,8.76590375123231,-0.0,49.10363859139551,-0.0,-0.0,-0.0,-0.0,-0.0
2040-08-02 19:00:00,0.0,8.706327969065633,-0.0,52.585238606125124,-0.0,-0.0,-0.0,-0.0,-0.0
2040-08-02 20:00:00,1.1279136691875231,8.76590375123231,-0.0,53.11604558303587,-0.0,-0.0,-0.0,-0.0,-0.0
2040-08-02 21:00:00,2.3372960527191475,8.76590375123231,-0.0,53.11799379424375,-8.621662178987785e-13,-0.0,-0.0,-0.0,-0.0
2040-08-02 22:00:00,3.2798398962341233,8.76590375123231,-0.0,54.918322784827396,-0.0,-0.0,-0.0,-0.0,-0.0
2040-08-02 23:00:00,3.3411610501462214,8.76590375123231,-0.0,54.845982240317895,-0.0,-0.0,-0.0,-0.0,-0.0
2040-08-03 00:00:00,4.090883096727865,8.76590375123231,-0.0,55.48424652977647,-0.0,-0.0,-0.0,-0.0,-0.0
2040-08-03 01:00:00,3.5889591582017752,8.76590375123231,-0.0,55.59353739425272,-0.0,-0.0,-0.0,-0.0,-0.0
2040-08-03 02:00:00,2.8274787825756507,8.76590375123231,-0.0,56.612867688150516,-0.0,-0.0,-0.0,-0.0,-0.0
2040-08-03 03:00:00,2.7815148761758253,8.765903751232308,-0.0,56.28514134130165,-0.0,-0.0,-0.0,-0.0,-0.0
2040-08-03 04:00:00,2.6291721294269927,8.76590375123231,-0.0,55.41064864200469,-0.0,-0.0,-0.0,-0.0,-0.0
2040-08-03 05:00:00,1.6672736065413583,8.76590375123231,-0.0,54.693688980144536,-0.0,-0.0,-0.0,-0.0,-0.0
2040-08-03 06:00:00,0.9274413110468959,8.76590375123231,-0.0,52.37029795865435,-0.0,-0.0,-0.0,-0.0,-0.0
2040-08-03 07:00:00,1.4704149070398633,8.765903751232308,-0.0,51.61151740163704,-0.0,-0.0,-0.0,-0.0,-0.0
2040-08-03 08:00:00,0.0,8.710441730304941,-0.0,48.78087819727488,-0.0,-0.0,-0.0,-0.0,-0.0
2040-08-03 09:00:00,0.0,8.536203608579077,-0.0,47.862394206291896,-0.0,-0.0,-0.0,-0.0,-0.0
2040-08-03 10:00:00,0.0,8.591679697265251,-0.0,47.94598784482632,-0.0,-0.0,-0.0,-0.0,-0.0
2040-08-03 11:00:00,0.0,8.175099897867907,-0.0,44.532649027717795,-0.0,-0.0,-0.0,-0.0,-0.0
2040-08-03 12:00:00,0.0,8.560148590735764,-0.0,47.21027272388109,-0.0,-0.0,-0.0,-0.0,-0.0
2040-08-03 13:00:00,0.0,8.16674377248803,-0.0,45.647369313579574,-0.0,-0.0,-0.0,-0.0,-0.0
2040-08-03 14:00:00,0.0,8.260077033564015,-0.0,46.56433203821421,-0.0,-0.0,-0.0,-0.0,-0.0
2040-08-03 15:00:00,0.0,8.383860571628501,-0.0,46.44994059930008,-0.0,-0.0,-0.0,-0.0,-0.0
2040-08-03 16:00:00,0.0,8.422018548166621,-0.0,47.33205479551754,-0.0,-0.0,-0.0,-0.0,-0.0
2040-08-03 17:00:00,0.0,8.474869558721892,-0.0,48.388403436437486,-0.0,-0.0,-0.0,-0.0,-0.0
2040-08-03 18:00:00,0.4315023249118087,8.76590375123231,-0.0,49.94968967293286,-0.0,-0.0,-0.0,-0.0,-0.0
2040-08-03 19:00:00,1.0179791348707932,8.76590375123231,-0.0,51.39485419358294,-0.0,-0.0,-0.0,-0.0,-0.0
2040-08-03 20:00:00,1.550116399348057,8.76590375123231,-0.0,52.099155667780714,-0.0,-0.0,-0.0,-0.0,-0.0
2040-08-03 21:00:00,2.4968936741289194,8.76590375123231,-0.0,53.60336514528379,-0.0,-0.0,-0.0,-0.0,-0.0
2040-08-03 22:00:00,2.9225356584988433,8.765903751232308,-0.0,55.66067558230265,-0.0,-0.0,-0.0,-0.0,-0.0
2040-08-03 23:00:00,3.520159218578089,8.76590375123231,-0.0,55.916381027441446,-0.0,-0.0,-0.0,-0.0,-0.0
2040-08-04 00:00:00,3.082737207751047,8.76590375123231,-0.0,53.63461196078447,-0.0,-0.0,-0.0,-0.0,-0.0
2040-08-04 01:00:00,2.817754391254824,8.76590375123231,-0.0,54.67164524891332,-0.0,-0.0,-0.0,-0.0,-0.0
2040-08-04 02:00:00,3.2170635566657433,8.76590375123231,-0.0,53.87612793027136,-0.0,-0.0,-0.0,-0.0,-0.0
2040-08-04 03:00:00,2.0084709642975036,8.76590375123231,-0.0,54.06625805353997,-0.0,-0.0,-0.0,-0.0,-0.0
2040-08-04 04:00:00,1.3578875106371897,8.76590375123231,-0.0,51.10394430893393,-0.0,-0.0,-0.0,-0.0,-0.0
2040-08-04 05:00:00,1.5871476327053111,8.76590375123231,-0.0,49.2487962669275,-0.0,-0.0,-0.0,-0.0,-0.0
2040-08-04 06:00:00,0.5448796953939519,8.76590375123231,-0.0,49.07434984916817,-0.0,-0.0,-0.0,-0.0,-0.0
2040-08-04 07:00:00,0.04873756186246652,8.76590375123231,-0.0,47.474148995174886,-0.0,-0.0,-0.0,-0.0,-0.0
2040-08-04 08:00:00,0.0,8.248725564129616,-0.0,46.452560328660944,-0.0,-0.0,-0.0,-0.0,-0.0
2040-08-04 09:00:00,0.0,8.21909687812896,-0.0,46.17260519932484,-0.0,-0.0,-0.0,-0.0,-0.0
2040-08-04 10:00:00,0.0,8.256375834239389,-0.0,45.20450010094916,-0.0,-0.0,-0.0,-0.0,-0.0
2040-08-04 11:00:00,0.0,7.9115035180207505,-0.0,43.07626768565437,-0.0,-0.0,-0.0,-0.0,-0.0
2040-08-04 12:00:00,0.0,7.7102479426857435,-0.0,43.08718480749543,-0.0,-0.0,-0.0,-0.0,-0.0
2040-08-04 13:00:00,26.103516351133557,5.173379032487153e-16,-0.0,35.22631849444535,-0.0,-0.0,-0.0,-0.0,-0.0
2040-08-04 14:00:00,25.856765104184706,1.6389286147344913e-16,-0.0,35.07586827018579,-0.0,-0.0,-0.0,-0.0,-0.0
2040-08-04 15:00:00,26.383703792042983,3.96840310301309e-16,-0.0,34.749268225141556,-0.0,-0.0,-0.0,-0.0,-0.0
2040-08-04 16:00:00,26.492504658090134,5.144588114174276e-16,-0.0,36.95562313367874,-0.0,-0.0,-0.0,-0.0,-0.0
2040-08-04 17:00:00,0.0,8.229931391355713,-0.0,45.642050550837716,-0.0,-0.0,-0.0,-0.0,-0.0
2040-08-04 18:00:00,0.0,8.58026043281451,-0.0,48.15071863665582,-0.0,-0.0,-0.0,-0.0,-0.0
2040-08-04 19:00:00,0.0,8.758003503212514,-0.0,48.09365984397277,-0.0,-0.0,-0.0,-0.0,-0.0
2040-08-04 20:00:00,28.0,0.5413329840954222,-0.0,41.2874602014495,-0.0,-0.0,-0.0,-0.0,-0.0
2040-08-04 21:00:00,0.42704246072116187,8.76590375123231,-0.0,51.11826117958355,-0.0,-0.0,-0.0,-0.0,-0.0
2040-08-04 22:00:00,2.2034891424168053,8.76590375123231,-0.0,52.33582992357447,-0.0,-0.0,-0.0,-0.0,-0.0
2040-08-04 23:00:00,28.0,1.2651439197442123,-0.0,46.89217287788968,-0.0,-0.0,-0.0,-0.0,-0.0
2040-08-05 00:00:00,2.397455248683229,8.76590375123231,-0.0,52.98358194343253,-0.0,-0.0,-0.0,-0.0,-0.0
2040-08-05 01:00:00,28.0,0.8553218037519197,-0.0,46.7939257480751,-0.0,-0.0,-0.0,-0.0,-0.0
2040-08-05 02:00:00,2.839533293075239,8.76590375123231,-0.0,53.704249065645335,-0.0,-0.0,-0.0,-0.0,-0.0
2040-08-05 03:00:00,28.0,0.8969578237531901,-0.0,44.57219183227903,-0.0,-0.0,-0.0,-0.0,-0.0
2040-08-05 04:00:00,28.0,0.9337059680150589,-0.0,43.02021765364404,-0.0,-0.0,-0.0,-0.0,-0.0
2040-08-05 05:00:00,28.0,0.6306499212720355,-0.0,43.599939364832544,-0.0,-0.0,-0.0,-0.0,-0.0
2040-08-05 06:00:00,28.0,0.5844934420252303,-0.0,41.90915926988244,-0.0,-0.0,-0.0,-0.0,-0.0
2040-08-05 07:00:00,0.0,8.587615054055123,-0.0,48.74452827332472,-0.0,-0.0,-0.0,-0.0,-0.0
2040-08-05 08:00:00,0.0,8.464535757696034,-0.0,46.99366885085614,-0.0,-0.0,-0.0,-0.0,-0.0
2040-08-05 09:00:00,0.0,8.231864708755186,-0.0,45.87456273757509,-0.0,-0.0,-0.0,-0.0,-0.0
2040-08-05 10:00:00,0.0,8.081834088680159,-0.0,44.168256472274216,-0.0,-0.0,-0.0,-0.0,-0.0
2040-08-05 11:00:00,0.0,7.788657713526038,-0.0,43.39152944909483,-0.0,-0.0,-0.0,-0.0,-0.0
2040-08-05 12:00:00,0.0,7.891138152674149,-0.0,42.814621665874725,-0.0,-0.0,-0.0,-0.0,-0.0
2040-08-05 13:00:00,0.0,7.959479169048087,-0.0,43.57748885316664,-0.0,-0.0,-0.0,-0.0,-0.0
2040-08-05 14:00:00,0.0,7.820593713859451,-0.0,41.92070304734363,-0.0,-0.0,-0.0,-0.0,-0.0
2040-08-05 15:00:00,0.0,7.765490907241336,-0.0,43.791150645469685,-0.0,-0.0,-0.0,-0.0,-0.0
2040-08-05 16:00:00,0.0,8.027939204026703,-0.0,44.40577808284263,-0.0,-0.0,-0.0,-0.0,-0.0
2040-08-05 17:00:00,0.0,8.353660045220954,-0.0,46.350867506613014,-0.0,-0.0,-0.0,-0.0,-0.0
2040-08-05 18:00:00,0.0,8.732810956208317,-0.0,46.60907742922337,-0.0,-0.0,-0.0,-0.0,-0.0
2040-08-05 19:00:00,0.0,8.739230252653392,-0.0,48.09564272092684,-0.0,-0.0,-0.0,-0.0,-0.0
2040-08-05 20:00:00,0.6438570111798597,8.76590375123231,-0.0,50.87965970258784,-0.0,-0.0,-0.0,-0.0,-0.0
2040-08-05 21:00:00,0.8166829187458082,8.76590375123231,-0.0,50.01163814642762,-0.0,-0.0,-0.0,-0.0,-0.0
2040-08-05 22:00:00,1.6866162868355288,8.76590375123231,-0.0,53.414590013892735,-0.0,-0.0,-0.0,-0.0,-0.0
2040-08-05 23:00:00,1.9362240281783736,8.76590375123231,-0.0,55.025303257763305,-0.0,-0.0,-0.0,-0.0,-0.0
2040-08-06 00:00:00,3.8023910596069883,8.765903751232308,-0.0,56.413178134398706,-0.0,-0.0,-0.0,-0.0,-0.0
2040-08-06 01:00:00,4.071548257245954,8.76590375123231,-0.0,55.44169527505343,-0.0,-0.0,-0.0,-0.0,-0.0
2040-08-06 02:00:00,3.919324218302165,8.76590375123231,-0.0,56.01708631788838,-0.0,-0.0,-0.0,-0.0,-0.0
2040-08-06 03:00:00,3.640214238571662,8.76590375123231,-0.0,55.80117824300891,-0.0,-0.0,-0.0,-0.0,-0.0
2040-08-06 04:00:00,2.496574851848503,8.76590375123231,-0.0,53.303397133346145,-0.0,-0.0,-0.0,-0.0,-0.0
2040-08-06 05:00:00,3.0447949372850767,8.76590375123231,-0.0,54.01009522339099,-0.0,-0.0,-0.0,-0.0,-0.0
2040-08-06 06:00:00,0.8143690649517538,8.76590375123231,-0.0,52.75925735806885,-0.0,-0.0,-0.0,-0.0,-5.443393455097436e-13
2040-08-06 07:00:00,1.05671990529821,8.76590375123231,-0.0,50.80462498997866,-0.0,-0.0,-0.0,-0.0,-0.0
2040-08-06 08:00:00,0.0,8.659199054391761,-0.0,49.99407758760185,-0.0,-0.0,-0.0,-0.0,-0.0
2040-08-06 09:00:00,0.0,8.483298046460513,-0.0,48.10413828170422,-0.0,-0.0,-0.0,-5.552816939140068e-13,-0.0
2040-08-06 10:00:00,0.0,8.358354412670105,-0.0,47.47941513491019,-0.0,-0.0,-0.0,-0.0,-0.0
2040-08-06 11:00:00,0.0,8.281407710840222,-0.0,46.28352858230299,-0.0,-0.0,-0.0,-0.0,-0.0
2040-08-06 12:00:00,0.0,8.09010879408938,-0.0,44.958702907527865,-0.0,-0.0,-0.0,-0.0,-0.0
2040-08-06 13:00:00,0.0,8.115764078952214,-0.0,43.96312071896965,-0.0,-0.0,-0.0,-0.0,-0.0
2040-08-06 14:00:00,0.0,8.155300030722634,-0.0,45.21914808918323,-0.0,-0.0,-0.0,-0.0,-0.0
2040-08-06 15:00:00,0.0,8.403813640803362,-0.0,46.57959913200422,-0.0,5.39845674540785e-14,-0.0,-0.0,-0.0
2040-08-06 16:00:00,0.0,8.419634066882303,-0.0,46.28749286092823,-0.0,-0.0,-0.0,-0.0,-0.0
2040-08-06 17:00:00,0.0,8.659426463644083,-0.0,47.974391142635724,-0.0,-0.0,-0.0,-0.0,-0.0
2040-08-06 18:00:00,0.0,8.547164635717936,-0.0,49.38610540080113,-0.0,-0.0,-6.031027476219827e-13,-0.0,-0.0
2040-08-06 19:00:00,0.30479328289545854,8.76590375123231,-0.0,51.57198623059974,-0.0,-0.0,-0.0,-0.0,-0.0
2040-08-06 20:00:00,0.9653531564678107,8.76590375123231,-0.0,51.44777529488432,-0.0,-0.0,-0.0,-0.0,-0.0
2040-08-06 21:00:00,2.206669714287084,8.76590375123231,-0.0,54.216949603445485,-0.0,-0.0,-0.0,-0.0,-0.0
2040-08-06 22:00:00,2.148913509986723,8.76590375123231,-0.0,54.91116278265571,-0.0,-0.0,-0.0,-0.0,-0.0
2040-08-06 23:00:00,3.604061798293627,8.765903751232308,-0.0,55.1254589891619,-0.0,-0.0,-0.0,-0.0,-0.0
2040-08-07 00:00:00,4.072762429843594,8.76590375123231,-0.0,56.231922735404744,-0.0,-0.0,-0.0,-0.0,-0.0
2040-08-07 01:00:00,3.2341288345337036,8.76590375123231,-0.0,55.11124157383371,-0.0,-0.0,-0.0,-0.0,-0.0
2040-08-07 02:00:00,3.489865594273111,8.76590375123231,-0.0,56.15310667912309,-0.0,-0.0,-0.0,-0.0,-0.0
2040-08-07 03:00:00,2.9720051398240117,8.76590375123231,-0.0,54.78214554020316,-0.0,-0.0,-0.0,-0.0,-0.0
2040-08-07 04:00:00,3.0720163284796826,8.76590375123231,-0.0,54.76334159454625,-0.0,-0.0,-0.0,-0.0,-0.0
2040-08-07 05:00:00,2.802422561762525,8.76590375123231,-0.0,53.06897154235627,-0.0,-0.0,-0.0,-0.0,-0.0
2040-08-07 06:00:00,1.4673786250517127,8.76590375123231,-0.0,52.30717256246311,-0.0,-0.0,-0.0,-0.0,-0.0
2040-08-07 07:00:00,0.6661922087227751,8.76590375123231,-0.0,51.618184988730604,-0.0,-0.0,-0.0,-0.0,-0.0
2040-08-07 08:00:00,0.11239690406882939,8.76590375123231,-0.0,50.91812679820872,-0.0,-0.0,-0.0,-0.0,-0.0
2040-08-07 09:00:00,0.0,8.75190329924723,-0.0,47.333527055746025,-0.0,-0.0,-0.0,-0.0,-0.0
2040-08-07 10:00:00,0.0,8.387257755428466,-0.0,47.644246181483794,-0.0,-0.0,-0.0,-0.0,-0.0
2040-08-07 11:00:00,0.0,8.306951836241401,-0.0,47.11146478577162,-0.0,-0.0,-0.0,-0.0,-0.0
2040-08-07 12:00:00,0.0,8.091568796115014,-0.0,44.9813641454484,-0.0,-0.0,-0.0,-0.0,-0.0
2040-08-07 13:00:00,0.0,8.018836079650725,-0.0,45.5722624120398,-0.0,-0.0,-0.0,-0.0,-0.0
2040-08-07 14:00:00,0.0,8.2219073370657,-0.0,45.32813010325532,-0.0,-0.0,-0.0,-0.0,-0.0
2040-08-07 15:00:00,0.0,8.277609028149415,-0.0,47.44415160353231,-0.0,-0.0,-0.0,-0.0,-0.0
2040-08-07 16:00:00,0.0,8.297808449945327,-0.0,47.25326587537125,-0.0,-0.0,-0.0,-0.0,-0.0
2040-08-07 17:00:00,0.0026990652993440526,8.76590375123231,-0.0,50.35531407232317,-0.0,-0.0,-0.0,-0.0,-0.0
2040-08-07 18:00:00,0.0,8.721008006654277,-0.0,49.82093939639037,-0.0,-0.0,-0.0,-0.0,-0.0
2040-08-07 19:00:00,0.0,8.635499894395391,-0.0,49.42289827532328,-0.0,-0.0,-0.0,-0.0,-0.0
2040-08-07 20:00:00,1.6447286414975328,8.76590375123231,-0.0,52.44242819354398,-0.0,-0.0,-0.0,-0.0,-0.0
2040-08-07 21:00:00,1.966995746492107,8.76590375123231,-0.0,52.40424330214241,-0.0,-0.0,-0.0,-0.0,-0.0
2040-08-07 22:00:00,2.111575244026595,8.76590375123231,-0.0,53.163035635368935,-0.0,-0.0,-0.0,-0.0,-0.0
2040-08-07 23:00:00,3.4468377673260173,8.76590375123231,-0.0,56.81365867994744,-0.0,-0.0,-0.0,-0.0,-0.0
2040-08-08 00:00:00,2.9857940404951586,8.76590375123231,-0.0,55.49572378816841,-0.0,-0.0,-0.0,-0.0,-0.0
2040-08-08 01:00:00,4.5600358797145555,8.76590375123231,-0.0,55.3162285759436,-0.0,-0.0,-0.0,-0.0,-0.0
2040-08-08 02:00:00,2.112183777705284,8.76590375123231,-0.0,56.79097938506642,-0.0,-0.0,-0.0,-0.0,-0.0
2040-08-08 03:00:00,3.1713327416957613,8.76590375123231,-0.0,55.882185488308764,-0.0,-0.0,-0.0,-0.0,-0.0
2040-08-08 04:00:00,2.715250441836925,8.76590375123231,-0.0,55.97498140367235,-0.0,-0.0,-0.0,-0.0,-0.0
2040-08-08 05:00:00,2.498640712033739,8.76590375123231,-0.0,53.48558199477876,-0.0,-0.0,-0.0,-0.0,-0.0
2040-08-08 06:00:00,1.3656026508704509,8.76590375123231,-0.0,52.77234534565283,-0.0,-0.0,-0.0,-0.0,-0.0
2040-08-08 07:00:00,0.868973836990097,8.76590375123231,-0.0,51.35788659258576,-0.0,-0.0,-0.0,-0.0,-0.0
2040-08-08 08:00:00,0.0,8.595327883088414,-0.0,48.69119737368892,-0.0,-0.0,-0.0,-0.0,-0.0
2040-08-08 09:00:00,0.0,8.379203025382989,-0.0,47.16918819967216,-0.0,-0.0,-0.0,-0.0,-0.0
2040-08-08 10:00:00,0.0,8.323406363483121,-0.0,47.351445992859,-0.0,-0.0,-0.0,-0.0,-0.0
2040-08-08 11:00:00,0.0,8.105905226434446,-0.0,44.58665052137813,-0.0,-0.0,-0.0,-0.0,-0.0
2040-08-08 12:00:00,0.0,8.178784041530626,-0.0,45.0487403354108,-0.0,-0.0,-0.0,-0.0,-0.0
2040-08-08 13:00:00,0.0,8.069575978531633,-0.0,45.10286504702155,-0.0,-0.0,-0.0,-0.0,-5.431363421649428e-13
2040-08-08 14:00:00,0.0,8.13045390966631,-0.0,46.2939371876093,-0.0,-0.0,-0.0,-0.0,-0.0
2040-08-08 15:00:00,0.0,8.323682037414594,-0.0,45.31403653332772,-0.0,-0.0,-0.0,-0.0,-0.0
2040-08-08 16:00:00,0.0,8.098853926092742,-0.0,46.33971649032707,-0.0,-0.0,-0.0,-0.0,-0.0
2040-08-08 17:00:00,0.0,8.551635541732338,-0.0,50.040470508313746,-0.0,5.4092671685484885e-14,-0.0,-0.0,-0.0
2040-08-08 18:00:00,0.0,8.700445833034665,-0.0,49.17200604267906,-0.0,-0.0,-0.0,-0.0,-0.0
2040-08-08 19:00:00,0.20211152836918672,8.76590375123231,-0.0,49.675290467877126,-0.0,-0.0,-0.0,-0.0,-0.0
2040-08-08 20:00:00,0.9858570717557323,8.765903751232308,-0.0,52.23052346220934,-0.0,-0.0,-0.0,-0.0,-0.0
2040-08-08 21:00:00,2.2707714816349296,8.765903751232308,-0.0,53.6691705657332,-0.0,-0.0,-0.0,-0.0,-0.0
2040-08-08 22:00:00,2.654139036323968,8.76590375123231,-0.0,54.97633143726221,-0.0,-0.0,-0.0,-0.0,-0.0
2040-08-08 23:00:00,3.591248358290637,8.76590375123231,-0.0,54.984837729925296,-0.0,-0.0,-0.0,-0.0,-0.0
2040-08-09 00:00:00,3.4850658188862966,8.76590375123231,-0.0,57.22483895310537,-0.0,-0.0,-0.0,-0.0,-0.0
2040-08-09 01:00:00,4.174468880371029,8.76590375123231,-0.0,56.77608129870871,-0.0,-0.0,-0.0,-0.0,-0.0
2040-08-09 02:00:00,3.00910032146098,8.76590375123231,-0.0,55.894905233652935,-0.0,-0.0,-0.0,-0.0,-0.0
2040-08-09 03:00:00,2.2052963375051258,8.76590375123231,-0.0,54.42067325697425,-0.0,-0.0,-0.0,-0.0,-0.0
2040-08-09 04:00:00,2.513025026521045,8.76590375123231,-0.0,54.44533140841179,-0.0,-0.0,-0.0,-0.0,-0.0
2040-08-09 05:00:00,2.369752019014413,8.76590375123231,-0.0,52.4725631243379,-0.0,-0.0,-0.0,-0.0,-0.0
2040-08-09 06:00:00,0.7929587462945411,8.76590375123231,-0.0,52.669634448896765,-0.0,-0.0,-0.0,-0.0,-0.0
2040-08-09 07:00:00,1.152020910806957,8.765903751232308,-0.0,52.0899270638893,-0.0,-0.0,-0.0,-0.0,-0.0
2040-08-09 08:00:00,0.0,8.712638541919274,-0.0,50.21006703632276,-0.0,-0.0,-0.0,-0.0,-0.0
2040-08-09 09:00:00,0.0,8.64419342873185,-0.0,48.077740972899804,-0.0,-0.0,-0.0,-0.0,-0.0
2040-08-09 10:00:00,0.0,8.401718348481113,-0.0,46.88276747172175,-0.0,-0.0,-0.0,-0.0,-0.0
2040-08-09 11:00:00,0.0,8.144498756503264,-0.0,45.1678182952098,-0.0,-0.0,-0.0,-0.0,-0.0
2040-08-09 12:00:00,0.0,7.99652797097939,-0.0,44.93930040615338,-0.0,-0.0,-0.0,-0.0,-0.0
2040-08-09 13:00:00,0.0,8.015547020108864,-0.0,45.9252892200786,-0.0,-0.0,-0.0,-0.0,-0.0
2040-08-09 14:00:00,0.0,8.105874188503423,-0.0,45.94017556834083,-0.0,-0.0,-0.0,-0.0,-0.0
2040-08-09 15:00:00,0.0,8.182509740909216,-0.0,45.734629482086206,-0.0,-0.0,-0.0,-0.0,-0.0
2040-08-09 16:00:00,0.0,8.351502509427796,-0.0,46.28009760126151,-0.0,-0.0,-0.0,-0.0,-0.0
2040-08-09 17:00:00,0.0,8.548544682265316,-0.0,47.55555194498143,-0.0,-0.0,-0.0,-0.0,-0.0
2040-08-09 18:00:00,0.0,8.601065706520725,-0.0,51.33398641609959,-0.0,-0.0,-0.0,-0.0,-0.0
2040-08-09 19:00:00,0.5169792980349847,8.76590375123231,-0.0,52.471923866162825,-0.0,-0.0,-0.0,-0.0,-0.0
2040-08-09 20:00:00,1.6533425436501177,8.76590375123231,-0.0,52.30988224015613,-0.0,-0.0,-0.0,-0.0,-0.0
2040-08-09 21:00:00,1.8494296519493985,8.76590375123231,-0.0,53.63449275483444,-0.0,-0.0,-0.0,-0.0,-0.0
2040-08-09 22:00:00,3.004979172597136,8.76590375123231,-0.0,52.56136411947331,-0.0,-0.0,-0.0,-0.0,-0.0
2040-08-09 23:00:00,3.553134972536671,8.76590375123231,-0.0,56.70700237216693,-0.0,-0.0,-0.0,-0.0,-0.0
2040-08-10 00:00:00,2.961477408032269,8.76590375123231,-0.0,55.16674471989465,-0.0,-0.0,-0.0,-0.0,-0.0
2040-08-10 01:00:00,3.808792370612426,8.76590375123231,-0.0,56.916812392310256,-0.0,-0.0,-0.0,-0.0,-0.0
2040-08-10 02:00:00,3.2025124024377947,8.76590375123231,-0.0,56.32787141720767,-0.0,-0.0,-0.0,-0.0,-0.0
2040-08-10 03:00:00,3.268678606193347,8.76590375123231,-0.0,55.88235390942238,-0.0,-0.0,-0.0,-0.0,-0.0
2040-08-10 04:00:00,2.565527302441631,8.76590375123231,-0.0,54.72504624985595,-0.0,-0.0,-0.0,-0.0,-0.0
2040-08-10 05:00:00,2.306891215871143,8.76590375123231,-0.0,53.106775268496456,-0.0,-0.0,-0.0,-0.0,-0.0
2040-08-10 06:00:00,1.3861459996069088,8.765903751232308,-0.0,52.41701882581264,-0.0,-0.0,-0.0,-0.0,-0.0
2040-08-10 07:00:00,0.27737010850775895,8.76590375123231,-0.0,52.279057444180076,-0.0,-0.0,-0.0,-0.0,-0.0
2040-08-10 08:00:00,0.0,8.439264645862758,-0.0,48.604480913833115,-0.0,-0.0,-0.0,-0.0,-0.0
2040-08-10 09:00:00,0.0,8.581509773910613,-0.0,48.619880434817965,-0.0,-0.0,-0.0,-0.0,-0.0
2040-08-10 10:00:00,0.0,8.133604537630722,-0.0,46.216444261469384,-0.0,-0.0,-0.0,-0.0,-0.0
2040-08-10 11:00:00,0.0,8.145821685906549,-0.0,44.9668847036692,-0.0,-0.0,-0.0,-0.0,-0.0
2040-08-10 12:00:00,0.0,8.087994209043464,-0.0,45.88860621071134,-0.0,-0.0,-0.0,-0.0,-0.0
2040-08-10 13:00:00,0.0,8.101944592754194,-0.0,45.54618629837557,-0.0,-0.0,-0.0,-0.0,-0.0
2040-08-10 14:00:00,0.0,8.133553126539416,-0.0,45.760335579075885,-0.0,-0.0,-0.0,-0.0,-0.0
2040-08-10 15:00:00,0.0,8.32895051793022,-0.0,47.56898186387461,-0.0,-0.0,-0.0,-0.0,-0.0
2040-08-10 16:00:00,0.0,8.345619036928097,-0.0,46.615391643316116,-0.0,-0.0,-0.0,-0.0,-0.0
2040-08-10 17:00:00,0.0,8.726272894237153,-0.0,48.40289693848774,-0.0,-0.0,-0.0,-0.0,-0.0
2040-08-10 18:00:00,0.4699167056781375,8.76590375123231,-0.0,50.08227019834007,-0.0,-0.0,-0.0,-0.0,-0.0
2040-08-10 19:00:00,0.17112952769830841,8.76590375123231,-0.0,51.47041314865616,-0.0,-0.0,-0.0,-0.0,-0.0
2040-08-10 20:00:00,1.0907202875948436,8.76590375123231,-0.0,53.04618028698694,-0.0,-0.0,-0.0,-0.0,-0.0
2040-08-10 21:00:00,1.9209336096707008,8.76590375123231,-0.0,55.13994473289131,-0.0,-0.0,-0.0,-0.0,-0.0
2040-08-10 22:00:00,2.414378313761479,8.76590375123231,-0.0,53.277790935975915,-0.0,-0.0,-0.0,-0.0,-0.0
2040-08-10 23:00:00,2.8755500531823004,8.765903751232308,-0.0,56.39337849676278,-0.0,-0.0,-0.0,-0.0,-0.0
2040-08-11 00:00:00,1.6968765926630178,8.76590375123231,-0.0,54.54020856899655,-0.0,-0.0,-0.0,-0.0,-0.0
2040-08-11 01:00:00,1.9936847794613408,8.76590375123231,-0.0,55.24995760103065,-0.0,-0.0,-0.0,-0.0,-0.0
2040-08-11 02:00:00,1.8623542925349676,8.76590375123231,-0.0,53.01706156389322,-0.0,-0.0,-0.0,-0.0,-0.0
2040-08-11 03:00:00,1.4856828691611086,8.765903751232308,-0.0,50.645082901489175,-0.0,-0.0,-0.0,-0.0,-0.0
2040-08-11 04:00:00,0.6861659572276056,8.76590375123231,-0.0,50.35611983608808,-0.0,-0.0,-0.0,-0.0,-0.0
2040-08-11 05:00:00,1.1326916663125421,8.76590375123231,-0.0,51.333748559144205,-0.0,-0.0,-0.0,-0.0,-0.0
2040-08-11 06:00:00,4.955523936719715,7.271066893396295,-0.0,47.262272707536496,-0.0,-0.0,-0.0,-0.0,-0.0
2040-08-11 07:00:00,27.58083979264704,-2.041392225086298e-16,-0.0,38.23317875771479,-0.0,-0.0,-0.0,-0.0,-0.0
2040-08-11 08:00:00,27.599523070067207,-2.04277506540412e-16,-0.0,38.18056624135025,-0.0,-0.0,-0.0,-0.0,-0.0
2040-08-11 09:00:00,25.685619168562,-4.269593506046387e-16,-0.0,37.73954787935914,-0.0,-0.0,-0.0,-0.0,-0.0
2040-08-11 10:00:00,25.474390416036844,-3.069721544811802e-16,-0.0,36.691096591405355,-0.0,-0.0,-0.0,-0.0,-0.0
2040-08-11 11:00:00,25.818789402389328,-4.2794500833657086e-16,-0.0,36.09755189408218,-0.0,-0.0,-0.0,-0.0,-0.0
2040-08-11 12:00:00,26.332615451012945,-3.133242957754482e-16,-0.0,34.36909246010245,-0.0,-0.0,-0.0,-0.0,-0.0
2040-08-11 13:00:00,25.927764796647107,-7.348022040200469e-17,-0.0,34.6519659413321,-0.0,-0.0,-0.0,-0.0,-0.0
2040-08-11 14:00:00,25.85220599638867,4.550281635641182e-17,-0.0,35.61722889961919,-0.0,-0.0,-0.0,-0.0,-0.0
2040-08-11 15:00:00,25.62858858372849,-7.126587160198864e-17,-0.0,35.13846447592245,-0.0,-0.0,-0.0,-0.0,-0.0
2040-08-11 16:00:00,7.685248891250302,5.714794351119842,-0.0,42.558103323683355,-0.0,-0.0,-0.0,-0.0,-0.0
2040-08-11 17:00:00,0.0,8.01240792689713,-0.0,44.86213458163526,-0.0,-0.0,-0.0,-0.0,-0.0
2040-08-11 18:00:00,0.0,8.393757466373243,-0.0,46.39874637608379,-0.0,-0.0,-0.0,-0.0,-0.0
2040-08-11 19:00:00,28.0,0.1130629796981822,-0.0,40.176972251397736,-0.0,-0.0,-0.0,-0.0,-0.0
2040-08-11 20:00:00,28.0,0.32947424382165336,-0.0,41.206508071107066,-0.0,-0.0,-0.0,-0.0,-0.0
2040-08-11 21:00:00,28.0,0.45595753537816064,-0.0,40.86362074308026,-0.0,-0.0,-0.0,-0.0,-0.0
2040-08-11 22:00:00,1.1545353569788128,8.76590375123231,-0.0,53.22813883302001,-0.0,-0.0,-0.0,-0.0,-0.0
2040-08-11 23:00:00,2.1436065219753497,8.76590375123231,-0.0,53.79234433246938,-0.0,-0.0,-0.0,-0.0,-0.0
2040-08-12 00:00:00,28.0,0.8889198588881319,-0.0,45.33226744065765,-0.0,-0.0,-0.0,-0.0,-0.0
2040-08-12 01:00:00,28.0,0.7300168544180022,-0.0,45.2553441940185,-0.0,-0.0,-0.0,-0.0,-0.0
2040-08-12 02:00:00,28.0,0.9653473629084561,-0.0,45.735309182477906,-0.0,-0.0,-0.0,-0.0,-0.0
2040-08-12 03:00:00,28.0,0.6655960193434866,-0.0,44.9540262478064,-0.0,-0.0,-0.0,-0.0,-0.0
2040-08-12 04:00:00,0.6707201562036038,8.76590375123231,-0.0,52.76912843227406,-0.0,-0.0,-0.0,-0.0,-0.0
2040-08-12 05:00:00,0.41434007920655674,8.76590375123231,-0.0,50.578180341153505,-0.0,-0.0,-0.0,-0.0,-0.0
2040-08-12 06:00:00,0.8012608880016486,8.76590375123231,-0.0,50.30691803075385,-0.0,-0.0,-0.0,-0.0,-0.0
2040-08-12 07:00:00,28.0,0.3496169710253845,-0.0,40.78378140980271,-0.0,-0.0,-0.0,-0.0,-0.0
2040-08-12 08:00:00,0.0,8.363726472971747,-0.0,46.459769991701464,-0.0,-0.0,-0.0,-0.0,-0.0
2040-08-12 09:00:00,26.71085728071271,5.128426773566085e-16,-0.0,36.681915253573614,-0.0,-0.0,-0.0,-0.0,-0.0
2040-08-12 10:00:00,0.0,7.763937734453695,-0.0,45.791413731933176,-0.0,-0.0,-0.0,-0.0,-0.0
2040-08-12 11:00:00,25.613216910501002,-1.8957588765837753e-16,-0.0,34.783137715062836,-0.0,-0.0,-0.0,-0.0,-0.0
2040-08-12 12:00:00,26.219659741117287,1.612069015972122e-16,-0.0,36.38744792836948,-0.0,-0.0,-0.0,-0.0,-0.0
2040-08-12 13:00:00,26.10824309464485,2.804553397321637e-16,-0.0,35.66991975763479,-0.0,-0.0,-0.0,-0.0,-0.0
2040-08-12 14:00:00,26.79060235328878,3.938286559587628e-16,-0.0,36.142876403130565,-0.0,-0.0,-0.0,-0.0,-0.0
2040-08-12 15:00:00,26.801288918052713,-1.9836938697635447e-16,-0.0,35.71206705772727,-0.0,-0.0,-0.0,-0.0,-0.0
2040-08-12 16:00:00,26.665363507113362,-1.9736333683731112e-16,-0.0,36.33820266283169,-0.0,-0.0,-0.0,-0.0,-0.0
2040-08-12 17:00:00,0.0,8.12515902183739,-0.0,46.05384536740309,-0.0,-0.0,-0.0,-0.0,-0.0
2040-08-12 18:00:00,27.158794170966832,-3.194392466911025e-16,-0.0,37.842817967089424,-0.0,-0.0,-0.0,-0.0,-0.0
2040-08-12 19:00:00,0.0,8.732506355317101,-0.0,48.12838292049145,-0.0,-0.0,-0.0,-0.0,-0.0
2040-08-12 20:00:00,28.0,0.20293419719334413,-0.0,41.80835989620538,-0.0,-0.0,-0.0,-0.0,-0.0
2040-08-12 21:00:00,28.0,0.43196888197824945,-0.0,44.41383191633167,-0.0,-0.0,-0.0,-0.0,-0.0
2040-08-12 22:00:00,28.0,0.8659158589893331,-0.0,44.4017409567443,-0.0,-0.0,-0.0,-0.0,-0.0
2040-08-12 23:00:00,28.0,0.7965834371888157,-0.0,45.0265489311501,-0.0,-0.0,-0.0,-0.0,-0.0
2040-08-13 00:00:00,28.0,1.5141428476880523,-0.0,49.25252714954891,-0.0,-0.0,-0.0,-0.0,-0.0
2040-08-13 01:00:00,28.0,1.2300746163487963,-0.0,50.41352544246248,-0.0,-0.0,-0.0,-0.0,-0.0
2040-08-13 02:00:00,28.0,1.6218320194646476,-0.0,47.973608985190715,-0.0,-0.0,-0.0,-0.0,-0.0
2040-08-13 03:00:00,28.0,1.3278823594774454,-0.0,13.03494701565028,-0.0,-0.0,-0.0,-0.0,-0.0
2040-08-13 04:00:00,28.0,0.7924755853978852,-0.0,46.74374512199469,-0.0,-0.0,-5.847724166640332e-14,-0.0,-0.0
2040-08-13 05:00:00,28.0,0.9658834997450607,-0.0,44.475053770847985,-0.0,-0.0,-0.0,-0.0,-0.0
2040-08-13 06:00:00,28.0,0.6913256736320892,-0.0,46.90524687361968,-0.0,-0.0,-0.0,-0.0,-0.0
2040-08-13 07:00:00,28.0,0.42608208909689393,-0.0,43.52783273860297,-0.0,-0.0,-0.0,-0.0,-0.0
2040-08-13 08:00:00,28.0,0.14024895033473875,-0.0,41.83100258705647,-0.0,-0.0,-0.0,-0.0,-0.0
2040-08-13 09:00:00,28.0,0.12561836908203197,-0.0,40.08713423045113,-0.0,-0.0,-0.0,-0.0,-0.0
2040-08-13 10:00:00,26.978578916132385,-4.365291751490799e-16,-0.0,38.85638432467626,-0.0,-0.0,-0.0,-0.0,-0.0
2040-08-13 11:00:00,0.0,8.06099287764574,-0.0,45.453981994039005,-0.0,-0.0,-0.0,-0.0,-0.0
2040-08-13 12:00:00,0.0,8.123277765985204,-0.0,46.24394323394658,-0.0,-0.0,-0.0,-0.0,-0.0
2040-08-13 13:00:00,26.820833606572457,3.8333531855653936e-17,-0.0,36.85653375761984,-0.0,-0.0,-0.0,-0.0,-0.0
2040-08-13 14:00:00,0.0,8.000381109338372,-0.0,45.04473909943198,-0.0,-0.0,-0.0,-0.0,2.0512304837955437e-14
2040-08-13 15:00:00,0.0,8.091000094294406,-0.0,46.21197751994565,-0.0,-0.0,-0.0,-0.0,-0.0
2040-08-13 16:00:00,27.650318290841778,3.874654797687058e-16,-0.0,38.891582816736026,-0.0,-0.0,-0.0,-0.0,-0.0
2040-08-13 17:00:00,27.987722126602957,-3.2557454603845374e-16,-0.0,40.7664879000194,-0.0,-0.0,-0.0,-0.0,-0.0
2040-08-13 18:00:00,23.659502022031187,1.295439821615712,-0.0,42.65942932260373,-0.0,-0.0,-0.0,-0.0,-0.0
2040-08-13 19:00:00,0.9573480019305641,8.76590375123231,-0.0,50.77631432485628,-0.0,-0.0,-0.0,-0.0,-0.0
2040-08-13 20:00:00,0.3810529124762496,8.740304167181046,-0.0,50.32347881328473,-0.0,-0.0,-0.0,-0.0,-0.0
2040-08-13 21:00:00,25.23199057749634,1.583005228292616,-0.0,47.447624328201464,-0.0,-0.0,-0.0,-0.0,-0.0
2040-08-13 22:00:00,28.0,0.9231855405239867,-0.0,45.9896723316582,-0.0,-0.0,-0.0,-0.0,-0.0
2040-08-13 23:00:00,14.269259526252966,5.346433025211138,-0.0,52.62872879678447,-0.0,-0.0,-0.0,-0.0,-0.0
2040-08-14 00:00:00,2.3353716038865664,8.76590375123231,-0.0,57.07508252441181,-0.0,-0.0,-0.0,-0.0,-0.0
2040-08-14 01:00:00,20.502839030700954,3.853522523711323,-0.0,50.256848925451095,-0.0,-0.0,-0.0,-0.0,-0.0
2040-08-14 02:00:00,28.0,1.3471141756133156,-0.0,48.734490463247916,-0.0,-0.0,-0.0,-0.0,-0.0
2040-08-14 03:00:00,28.0,1.5021000859468532,-0.0,45.9573275239375,-0.0,-0.0,-0.0,-0.0,-0.0
2040-08-14 04:00:00,28.0,1.0481627760016567,-0.0,46.797170684004385,-0.0,-0.0,-0.0,-0.0,-0.0
2040-08-14 05:00:00,28.0,0.9443018659581806,-0.0,46.27496950368599,-0.0,-0.0,-0.0,-0.0,-0.0
2040-08-14 06:00:00,28.0,0.5245373290777257,-0.0,45.52700199903206,-0.0,-0.0,-0.0,-0.0,-0.0
2040-08-14 07:00:00,28.0,0.6519971921917486,-0.0,43.37172166695281,-0.0,-0.0,-0.0,-0.0,-0.0
2040-08-14 08:00:00,28.0,0.333872962983381,-0.0,41.58476950530644,-0.0,-0.0,-0.0,-0.0,-0.0
2040-08-14 09:00:00,28.0,0.2067514093746238,-0.0,39.27309818794231,-0.0,-0.0,-0.0,-0.0,-0.0
2040-08-14 10:00:00,27.425958676546127,3.8912607449928616e-16,-0.0,38.72132291678909,-0.0,-0.0,-0.0,-0.0,-0.0
2040-08-14 11:00:00,26.580527261043052,-1.967354224792443e-16,-0.0,37.5415552029949,-0.0,9.946440743194388e-14,-0.0,-0.0,-0.0
2040-08-14 12:00:00,0.0,8.118098550471384,-0.0,45.786023475396604,-0.0,-0.0,-0.0,-0.0,-0.0
2040-08-14 13:00:00,0.0,7.917502745704173,-0.0,44.62438684779259,-0.0,-0.0,-0.0,-0.0,-0.0
2040-08-14 14:00:00,0.0,7.967569166582169,-0.0,46.301705809088446,-0.0,-0.0,-0.0,-0.0,-0.0
2040-08-14 15:00:00,0.0,8.378283637441639,-0.0,45.74010630837554,-0.0,-0.0,-0.0,-0.0,-0.0
2040-08-14 16:00:00,0.0,8.429002497085039,-0.0,46.59512136207145,-0.0,-0.0,-0.0,-0.0,-0.0
2040-08-14 17:00:00,0.0,8.262282862331602,-0.0,47.36205758614705,-0.0,-0.0,-0.0,-0.0,1.011901907679675e-13
2040-08-14 18:00:00,28.0,0.2985753980969892,-0.0,41.32867974404741,-0.0,-4.998284772384311e-14,-0.0,1.0396741517792161e-13,-0.0
2040-08-14 19:00:00,0.7695172941940903,8.76590375123231,-0.0,51.45646535596687,-0.0,-0.0,-0.0,-0.0,-0.0
2040-08-14 20:00:00,0.5023266837379491,8.765903751232308,-0.0,51.798922378633996,-0.0,-0.0,-0.0,-0.0,-0.0
2040-08-14 21:00:00,28.0,0.9121696536495322,-0.0,45.156636071991926,-0.0,-0.0,-0.0,-0.0,-0.0
2040-08-14 22:00:00,28.0,1.149531930388698,-0.0,47.46443624176987,-0.0,-5.387667926903262e-14,-0.0,-0.0,-0.0
2040-08-14 23:00:00,3.0962848028425634,8.76590375123231,-0.0,55.55248394683446,-0.0,-0.0,-0.0,-0.0,-0.0
2040-08-15 00:00:00,3.328654646109986,8.76590375123231,-0.0,54.36987818498987,-0.0,-0.0,-0.0,-0.0,-0.0
2040-08-15 01:00:00,3.3798483435614686,8.765903751232308,-0.0,54.18487235411532,-0.0,-0.0,-0.0,-0.0,-0.0
2040-08-15 02:00:00,2.932443923692047,8.765903751232308,-0.0,54.63564856898581,-0.0,-0.0,-0.0,-0.0,-0.0
2040-08-15 03:00:00,2.394480186485708,8.76590375123231,-0.0,54.74622215624876,-0.0,-0.0,-0.0,-0.0,-0.0
2040-08-15 04:00:00,2.595586638796916,8.76590375123231,-0.0,55.730591365620874,-0.0,-0.0,-0.0,-0.0,-0.0
2040-08-15 05:00:00,1.5189896618949925,8.76590375123231,-0.0,54.00665733085974,-0.0,-0.0,-0.0,-0.0,-0.0
2040-08-15 06:00:00,28.0,0.5786873348292327,-0.0,45.283416510890014,-0.0,6.093773343675404e-13,-0.0,-5.553927669134618e-13,-0.0
2040-08-15 07:00:00,28.0,0.43894343046139833,-0.0,42.095294376670125,-0.0,-0.0,-0.0,-0.0,-0.0
2040-08-15 08:00:00,0.0,8.63129141490563,-0.0,49.708506534071155,-0.0,-0.0,-0.0,-0.0,-0.0
2040-08-15 09:00:00,0.0,8.422495717555355,-0.0,46.816579460180606,-0.0,-0.0,-0.0,-0.0,-0.0
2040-08-15 10:00:00,27.52961057679838,1.515113177378781e-16,-0.0,39.2842625916376,-0.0,-0.0,-0.0,-0.0,-0.0
2040-08-15 11:00:00,26.35754497815918,1.6018634583108016e-16,-0.0,37.70229872518366,-0.0,-0.0,-0.0,-0.0,-0.0
2040-08-15 12:00:00,26.38520249708007,3.968292176557137e-16,-0.0,37.89309660753978,-0.0,-0.0,-0.0,-0.0,-0.0
2040-08-15 13:00:00,0.0,8.007217184111953,-0.0,45.17150454637561,-0.0,-0.0,-0.0,-0.0,-0.0
2040-08-15 14:00:00,0.0,7.829670126978356,-0.0,45.759968694692894,-0.0,-0.0,-0.0,-0.0,-5.443393455097436e-13
2040-08-15 15:00:00,26.909539616225704,3.9294834337343967e-16,-0.0,39.03197235877306,-0.0,-0.0,-0.0,-0.0,-0.0
2040-08-15 16:00:00,0.0,8.4713330489556,-0.0,47.39196727907755,-0.0,-0.0,-0.0,-0.0,-0.0
2040-08-15 17:00:00,0.0,8.5428696447719,-0.0,49.362263545107865,-0.0,-0.0,-0.0,-0.0,5.442304830840351e-13
2040-08-15 18:00:00,28.0,0.16395368211004854,-0.0,39.54434378789732,-0.0,-0.0,-0.0,-0.0,-0.0
2040-08-15 19:00:00,28.0,0.4452576285196564,-0.0,42.5609496517376,-0.0,-0.0,-0.0,-0.0,-0.0
2040-08-15 20:00:00,28.0,0.5877669576744888,-0.0,44.877134371708486,-0.0,-0.0,-0.0,-0.0,-0.0
2040-08-15 21:00:00,28.0,0.832852666101055,-0.0,45.931628560080654,-0.0,-0.0,-0.0,-0.0,-0.0
2040-08-15 22:00:00,28.0,1.1973546458442341,-0.0,46.38345427430402,-0.0,-0.0,-0.0,-0.0,-0.0
2040-08-15 23:00:00,28.0,1.403068056720961,-0.0,46.83733706520998,-0.0,-0.0,-0.0,-0.0,-0.0
2040-08-16 00:00:00,28.0,1.421678796252295,-0.0,47.72325204125022,-0.0,-0.0,-0.0,-0.0,-0.0
2040-08-16 01:00:00,28.0,1.358031251663509,-0.0,48.16391996534578,-0.0,-0.0,-0.0,-0.0,-0.0
2040-08-16 02:00:00,28.0,1.1909004313743672,-0.0,27.704840076230447,-0.0,-0.0,-0.0,-0.0,-0.0
2040-08-16 03:00:00,28.0,1.1877991967829848,-0.0,46.857990177115035,-0.0,-0.0,-0.0,-0.0,-0.0
2040-08-16 04:00:00,28.0,1.0249151518429858,-0.0,46.90721032112561,-0.0,-0.0,-0.0,-0.0,-0.0
2040-08-16 05:00:00,28.0,0.6830979518578016,-0.0,43.83824933526628,-0.0,-0.0,-0.0,-0.0,-0.0
2040-08-16 06:00:00,28.0,0.8677880472094865,-0.0,43.53239354863595,-0.0,-0.0,-0.0,-0.0,-0.0
2040-08-16 07:00:00,28.0,0.3747854277144742,-0.0,24.4893875352927,-0.0,-0.0,-0.0,-0.0,-0.0
2040-08-16 08:00:00,28.0,0.19670126971308788,-0.0,41.83113215393704,-0.0,-0.0,-0.0,-0.0,-0.0
2040-08-16 09:00:00,28.0,0.004282467957801146,-0.0,41.18725127708544,-0.0,-0.0,-7.495554880778262e-14,-0.0,-0.0
2040-08-16 10:00:00,27.04228600517259,1.551182441371084e-16,-0.0,37.468240383073656,-0.0,-0.0,-0.0,-0.0,-0.0
2040-08-16 11:00:00,27.213640154003787,-3.198451885122747e-16,-0.0,39.8174284911029,-0.0,-0.0,-0.0,-0.0,-0.0
2040-08-16 12:00:00,26.789581820037135,5.122599987155353e-16,-0.0,7.122145805780733,-0.0,-0.0,-0.0,-0.0,-0.0
2040-08-16 13:00:00,26.392219438794953,4.1505913973968166e-17,-0.0,36.52252737773971,-0.0,-0.0,-0.0,-0.0,-0.0
2040-08-16 14:00:00,26.336116112888476,5.156163191752311e-16,-0.0,20.410957541473373,-0.0,-0.0,-0.0,-0.0,-0.0
2040-08-16 15:00:00,0.0,8.111807851611296,-0.0,46.38743405959231,-0.0,-0.0,-0.0,-0.0,-0.0
2040-08-16 16:00:00,0.0,8.036706361413783,-0.0,46.528463889288325,-0.0,-0.0,-0.0,-0.0,-0.0
2040-08-16 17:00:00,27.731425927048267,1.5001758408074333e-16,-0.0,38.677813474935505,-0.0,-0.0,-0.0,-0.0,-0.0
2040-08-16 18:00:00,28.0,0.05247075113627231,-0.0,40.44977012790735,-0.0,-0.0,-0.0,-0.0,-0.0
2040-08-16 19:00:00,28.0,0.3926169691921764,-0.0,41.93615352804602,-0.0,-0.0,-0.0,-0.0,-0.0
2040-08-16 20:00:00,28.0,0.6688202783961669,-0.0,44.756812237607576,-0.0,-0.0,-0.0,-0.0,-0.0
2040-08-16 21:00:00,1.110291649964157,8.765903751232308,-0.0,54.084884927377914,-0.0,-0.0,-0.0,-0.0,-0.0
2040-08-16 22:00:00,28.0,1.1211158118169027,-0.0,47.33119426488828,-0.0,-0.0,-0.0,-0.0,-0.0
2040-08-16 23:00:00,28.0,1.1687485488931186,-0.0,45.62470185920937,-0.0,-0.0,-0.0,-0.0,-0.0
2040-08-17 00:00:00,3.557427971292136,8.76590375123231,-0.0,56.220643422555284,-0.0,-0.0,-0.0,-0.0,-0.0
2040-08-17 01:00:00,28.0,1.244313308652819,-0.0,47.231353749022404,-0.0,-0.0,-0.0,-0.0,-0.0
2040-08-17 02:00:00,28.0,1.3024823820389062,-0.0,49.74590314627719,-0.0,-0.0,-0.0,-0.0,-0.0
2040-08-17 03:00:00,18.932983271938397,3.836431852877582,-0.0,49.665710462245514,-0.0,-0.0,-0.0,-0.0,-0.0
2040-08-17 04:00:00,1.1959624755100398,8.76590375123231,-0.0,52.0599041230616,-0.0,-0.0,-0.0,-0.0,-0.0
2040-08-17 05:00:00,10.522553568037173,6.15459924017247,-0.0,51.12190643308742,-0.0,-0.0,-0.0,-0.0,-0.0
2040-08-17 06:00:00,15.910539969528752,4.339361602215694,-0.0,49.48003806070402,-0.0,-0.0,-0.0,-0.0,-0.0
2040-08-17 07:00:00,28.0,0.44834976663957776,-0.0,42.67509329946895,-0.0,-0.0,-0.0,-0.0,-0.0
2040-08-17 08:00:00,28.0,0.3334693222178073,-0.0,40.42764954037417,-0.0,-0.0,-0.0,-0.0,-0.0
2040-08-17 09:00:00,27.928917423797387,2.66979642661703e-16,-0.0,39.96947691527248,-0.0,-0.0,-0.0,-0.0,-0.0
2040-08-17 10:00:00,27.477223024827346,-4.4021988295285877e-16,-0.0,39.152072358362375,-0.0,-0.0,-0.0,-0.0,-0.0
2040-08-17 11:00:00,26.633775411768443,3.949894085011456e-16,-0.0,38.000408470177675,-0.0,-0.0,-0.0,-0.0,-0.0
2040-08-17 12:00:00,26.957077901676033,-8.109866779368153e-17,-0.0,37.83096529886653,-0.0,-0.0,-0.0,-0.0,-0.0
2040-08-17 13:00:00,26.11924662051861,5.172214758670164e-16,-0.0,37.4766453783925,-0.0,-0.0,-0.0,-0.0,-0.0
2040-08-17 14:00:00,0.0,7.8972527774820955,-0.0,46.053891671404415,-0.0,-0.0,-0.0,-0.0,-0.0
2040-08-17 15:00:00,0.0,7.80366118693767,-0.0,45.789618423288736,-0.0,-0.0,-0.0,-0.0,-0.0
2040-08-17 16:00:00,27.1495839790505,-3.193710775769243e-16,-0.0,37.016587465172734,-0.0,-0.0,-0.0,-0.0,-0.0
2040-08-17 17:00:00,0.0,8.525955159907083,-0.0,49.29097363419034,-0.0,-0.0,-0.0,-0.0,-0.0
2040-08-17 18:00:00,0.0,8.59975977138752,-0.0,49.11761013977202,-0.0,-0.0,-0.0,-0.0,-0.0
2040-08-17 19:00:00,0.0,8.531116666269012,-0.0,51.210614157070026,-0.0,-0.0,-0.0,-0.0,-0.0
2040-08-17 20:00:00,1.0857153727176923,8.76590375123231,-0.0,52.64698856264702,-0.0,-0.0,-0.0,-0.0,-0.0
2040-08-17 21:00:00,28.0,0.890082260716552,-0.0,45.22398693618568,-0.0,-0.0,-0.0,-0.0,-0.0
2040-08-17 22:00:00,28.0,0.8697569720674975,-0.0,47.420648163561786,-0.0,-0.0,-0.0,-0.0,-0.0
2040-08-17 23:00:00,2.5253117897559827,8.76590375123231,-0.0,53.595752705991835,-0.0,-0.0,-0.0,-0.0,-0.0
2040-08-18 00:00:00,28.0,1.1148974969450225,-0.0,45.52997868800881,-0.0,-0.0,-0.0,-0.0,-0.0
2040-08-18 01:00:00,1.319017933863301,8.76590375123231,-0.0,52.226072597681,-0.0,-0.0,-0.0,-0.0,-0.0
2040-08-18 02:00:00,1.8726352724356536,8.76590375123231,-0.0,52.91698762539976,-0.0,-0.0,-0.0,-0.0,-0.0
2040-08-18 03:00:00,1.0426439882193497,8.765903751232308,-0.0,53.74163607217194,-0.0,-0.0,-0.0,-0.0,-0.0
2040-08-18 04:00:00,1.1039488231056547,8.76590375123231,-0.0,52.206048686111174,-0.0,-0.0,-0.0,-0.0,-0.0
2040-08-18 05:00:00,0.0,8.64055781800301,-0.0,50.69239984068401,-0.0,-0.0,-0.0,-0.0,-0.0
2040-08-18 06:00:00,0.0,8.466011041740975,-0.0,48.207041673402856,-0.0,-0.0,-0.0,-0.0,-0.0
2040-08-18 07:00:00,27.356774033106106,-2.0248080274014668e-16,-0.0,39.746559721181924,-0.0,-0.0,-0.0,-0.0,-0.0
2040-08-18 08:00:00,0.0,8.219674746545179,-0.0,45.51796189474866,-0.0,-0.0,-0.0,-0.0,-0.0
2040-08-18 09:00:00,0.0,7.927169171904576,-0.0,44.3900539457074,-0.0,-0.0,-0.0,-0.0,-0.0
2040-08-18 10:00:00,25.62718481969566,1.65592096925714e-16,-0.0,36.0117324132357,-0.0,-0.0,-0.0,-0.0,-0.0
2040-08-18 11:00:00,25.130934398612585,-6.758249070454366e-17,-0.0,35.07302820160313,-0.0,-0.0,-0.0,-0.0,-0.0
2040-08-18 12:00:00,0.0,7.544124154388776,-0.0,42.49849414867515,-0.0,-0.0,-0.0,-0.0,-0.0
2040-08-18 13:00:00,24.33123856938639,-2.9851113114255284e-16,-0.0,33.75536334198034,-0.0,-0.0,-0.0,-0.0,-0.0
2040-08-18 14:00:00,25.877632064052687,4.0058599353148676e-16,-0.0,34.324491840437105,-0.0,-0.0,-0.0,-0.0,-0.0
2040-08-18 15:00:00,25.189734007597167,5.040609405724878e-17,-0.0,34.3465137682365,-0.0,-0.0,-0.0,-0.0,-0.0
2040-08-18 16:00:00,0.0,7.693030503947468,-0.0,44.34625066793139,-0.0,-0.0,-0.0,-0.0,-0.0
2040-08-18 17:00:00,26.266954311599815,1.608568514566158e-16,-0.0,37.5675133429996,-0.0,-0.0,-0.0,-0.0,-0.0
2040-08-18 18:00:00,27.66970542961081,3.8732198611641926e-16,-0.0,38.95512839014095,-0.0,-0.0,-0.0,-0.0,-0.0
2040-08-18 19:00:00,27.7307072449855,1.5002290339656647e-16,-0.0,38.64277729141994,-0.0,-0.0,-0.0,-0.0,-0.0
2040-08-18 20:00:00,0.10156707850903592,8.76590375123231,-0.0,50.37054824369915,-0.0,-0.0,-0.0,-0.0,-0.0
2040-08-18 21:00:00,0.29818980310757076,8.76590375123231,-0.0,50.32934641172298,-0.0,-0.0,-0.0,-0.0,-0.0
2040-08-18 22:00:00,1.4810858395505329,8.76590375123231,-0.0,50.408415326061586,-0.0,-0.0,-0.0,-0.0,-0.0
2040-08-18 23:00:00,28.0,0.7550009325312206,-0.0,44.74201360242582,-0.0,-0.0,-0.0,-0.0,-0.0
2040-08-19 00:00:00,28.0,1.0105695349639958,-0.0,44.55137048924903,-0.0,-0.0,-0.0,-0.0,-0.0
2040-08-19 01:00:00,2.1367268798523287,8.76590375123231,-0.0,54.35231858103549,-0.0,-0.0,-0.0,-0.0,-0.0
2040-08-19 02:00:00,28.0,0.5640271650698069,-0.0,45.29859052253428,-0.0,-0.0,-0.0,-0.0,-0.0
2040-08-19 03:00:00,28.0,0.5763363900236835,-0.0,43.39700036543444,-0.0,-0.0,-0.0,-0.0,-0.0
2040-08-19 04:00:00,28.0,0.6851842277322949,-0.0,43.82193570786517,-0.0,-0.0,-0.0,-0.0,-0.0
2040-08-19 05:00:00,28.0,0.6559352063785897,-0.0,41.33818005544617,-0.0,-0.0,-0.0,-0.0,-0.0
2040-08-19 06:00:00,28.0,0.1646479284966295,-0.0,40.44309373142989,-0.0,-0.0,-0.0,-0.0,-0.0
2040-08-19 07:00:00,28.0,0.22450870187535163,-0.0,39.21452951560136,-0.0,-0.0,-0.0,-0.0,-0.0
2040-08-19 08:00:00,26.88069812107416,2.7473802402663534e-16,-0.0,39.59242751313711,-0.0,-0.0,-0.0,-0.0,5.534889368104308e-14
2040-08-19 09:00:00,27.078085102626176,2.7327706688209996e-16,-0.0,37.62119391932818,-0.0,-0.0,-0.0,-0.0,-0.0
2040-08-19 10:00:00,25.633722485008388,4.0239128706869753e-16,-0.0,35.8509306572533,-0.0,-0.0,-0.0,-0.0,-0.0
2040-08-19 11:00:00,25.825393055042287,4.009726398687331e-16,-0.0,35.2265102321961,-0.0,5.1802942593523646e-14,-0.0,-0.0,-0.0
2040-08-19 12:00:00,0.0,7.644870318875321,-0.0,43.00822517790485,-0.0,-0.0,-0.0,-0.0,-0.0
2040-08-19 13:00:00,0.0,7.405616558845171,-0.0,41.81490916856947,-0.0,-0.0,-0.0,-0.0,-0.0
2040-08-19 14:00:00,0.0,7.427080302922928,-0.0,42.90580884843321,-0.0,-0.0,-0.0,-0.0,-0.0
2040-08-19 15:00:00,0.0,7.719447115030339,-0.0,43.62266394124128,-0.0,-0.0,-0.0,5.39845674540785e-14,-0.0
2040-08-19 16:00:00,25.952336709805486,4.476170019969519e-17,-0.0,36.024971465900144,-0.0,-5.3957575170351463e-14,-0.0,-0.0,-0.0
2040-08-19 17:00:00,0.0,7.921851191852425,-0.0,45.35192543511878,-0.0,-0.0,-0.0,-0.0,-0.0
2040-08-19 18:00:00,0.0,8.209802255480293,-0.0,46.455363503387325,-0.0,-0.0,-0.0,-0.0,-0.0
2040-08-19 19:00:00,0.0,8.416205331604571,-0.0,49.31236195785338,-0.0,-0.0,-0.0,-0.0,-0.0
2040-08-19 20:00:00,0.0,8.505537772438773,-0.0,49.2921417324957,-0.0,-0.0,-0.0,-0.0,-0.0
2040-08-19 21:00:00,0.0,8.628524661133655,-0.0,48.72020990097887,-0.0,-0.0,-0.0,-0.0,-0.0
2040-08-19 22:00:00,28.0,0.7038848564638106,-0.0,44.79675388788022,-0.0,-0.0,5.39845674540785e-14,-0.0,-0.0
2040-08-19 23:00:00,28.0,0.7840963787429808,-0.0,44.789236477675985,-0.0,-0.0,-5.555879872868866e-13,5.556149795706137e-13,-0.0
2040-08-20 00:00:00,18.467312154107656,4.271712789317772,-0.0,52.79530642123164,-0.0,-0.0,-0.0,-0.0,-0.0
2040-08-20 01:00:00,28.0,1.245803779806112,-0.0,49.16879959983181,-0.0,-0.0,-0.0,-0.0,-0.0
2040-08-20 02:00:00,28.0,1.0527738889417846,-0.0,47.387693284625165,-0.0,-0.0,-0.0,-0.0,-0.0
2040-08-20 03:00:00,28.0,0.9557148434610817,-0.0,47.98121779304778,-0.0,-0.0,-0.0,-0.0,-0.0
2040-08-20 04:00:00,28.0,1.1921841890515366,-0.0,46.16373355923328,-0.0,-0.0,-0.0,-0.0,-0.0
2040-08-20 05:00:00,1.1758990192673786,8.76590375123231,-0.0,52.92783362171576,-0.0,-0.0,-0.0,-0.0,-0.0
2040-08-20 06:00:00,0.16618499088007108,8.76590375123231,-0.0,52.252820118506875,-0.0,-0.0,-0.0,-0.0,-0.0
2040-08-20 07:00:00,0.5861605959576554,8.76590375123231,-0.0,51.588377205000725,-0.0,-0.0,-0.0,-0.0,-0.0
2040-08-20 08:00:00,28.0,0.15282331791449102,-0.0,41.2780288949755,-0.0,-0.0,-0.0,-0.0,-0.0
2040-08-20 09:00:00,0.0,8.308075903180795,-0.0,49.294470045448044,-0.0,-0.0,-0.0,-0.0,-0.0
2040-08-20 10:00:00,26.835828485661942,2.750701260422432e-16,-0.0,39.13127569408894,-0.0,-0.0,-0.0,-0.0,-0.0
2040-08-20 11:00:00,0.0,7.737699636855695,-0.0,45.65886234146214,-0.0,-0.0,-0.0,-0.0,-0.0
2040-08-20 12:00:00,26.674314195031172,-1.974295852360617e-16,-0.0,38.4745689780696,-0.0,-0.0,-0.0,-0.0,-0.0
2040-08-20 13:00:00,0.0,7.969161961636938,-0.0,43.60987968976257,-0.0,-0.0,-0.0,-0.0,-0.0
2040-08-20 14:00:00,0.0,7.880509877292376,-0.0,45.171559798237396,-0.0,-0.0,-0.0,-0.0,-0.0
2040-08-20 15:00:00,26.300719512456475,4.218314947378473e-17,-0.0,36.686162216274745,-0.0,-0.0,-0.0,-0.0,-0.0
2040-08-20 16:00:00,0.0,8.106401774944516,-0.0,47.22972255136678,-0.0,-0.0,-0.0,-0.0,-0.0
2040-08-20 17:00:00,0.0,8.3183761247509,-0.0,47.341227354439816,-0.0,-0.0,-0.0,-0.0,-0.0
2040-08-20 18:00:00,28.0,0.11053294312348146,-0.0,41.33754414790332,-0.0,-0.0,-0.0,-0.0,-0.0
2040-08-20 19:00:00,28.0,0.36379088978129986,-0.0,41.87391365289496,-0.0,-0.0,-0.0,-0.0,-0.0
2040-08-20 20:00:00,28.0,0.865809731897646,-0.0,43.22312522098426,-0.0,-0.0,-0.0,-0.0,-0.0
2040-08-20 21:00:00,28.0,0.6630877921536699,-0.0,48.34703390647511,-0.0,-0.0,-0.0,-0.0,5.675168678440783e-14
2040-08-20 22:00:00,28.0,0.7725698799718633,-0.0,49.59967862498852,-0.0,4.777347820389396e-13,-0.0,-0.0,4.874844714683057e-13
2040-08-20 23:00:00,28.0,0.8876103807853736,-0.0,47.674934802884366,-0.0,-0.0,-0.0,-0.0,-0.0
2040-08-21 00:00:00,2.6368947886242,8.76590375123231,-0.0,55.29385353437861,-0.0,-0.0,-0.0,-0.0,-0.0
2040-08-21 01:00:00,28.0,1.1132716100185855,-0.0,47.205378537338724,-0.0,-0.0,-0.0,-0.0,-0.0
2040-08-21 02:00:00,2.287314897309804,8.76590375123231,-0.0,56.787524937634345,-0.0,-0.0,-0.0,-0.0,-0.0
2040-08-21 03:00:00,28.0,0.9344332305158759,-0.0,46.61493159114646,-0.0,-0.0,-0.0,-0.0,-0.0
2040-08-21 04:00:00,28.0,0.8952002370161346,-0.0,47.31156363909539,-0.0,-0.0,-0.0,-0.0,-0.0
2040-08-21 05:00:00,28.0,0.7213974762598213,-0.0,44.360547044042086,-0.0,-0.0,-0.0,-0.0,-0.0
2040-08-21 06:00:00,0.187143785673291,8.76590375123231,-0.0,51.94435698607354,-0.0,-0.0,-0.0,-0.0,-0.0
2040-08-21 07:00:00,28.0,0.4355560242875695,-0.0,40.768749188425026,-0.0,-0.0,-0.0,-0.0,-0.0
2040-08-21 08:00:00,28.0,0.0543530661357828,-0.0,41.48151328694751,-0.0,-0.0,-0.0,-0.0,-0.0
2040-08-21 09:00:00,0.0,8.11643432696321,-0.0,46.04023717678795,-0.0,-0.0,-0.0,-0.0,-0.0
2040-08-21 10:00:00,27.458122730028478,-2.0323093378573984e-16,-0.0,38.40806687313506,-0.0,-0.0,-0.0,-0.0,-0.0
2040-08-21 11:00:00,3.717540575004653,6.891323008319788,-0.0,43.96765071067687,-0.0,-0.0,-0.0,-0.0,-0.0
2040-08-21 12:00:00,0.0,7.894807603203044,-0.0,46.107622570159656,-0.0,-0.0,-0.0,-0.0,-0.0
2040-08-21 13:00:00,0.0,7.765459307956665,-0.0,44.65879995149314,-0.0,-0.0,-0.0,-0.0,-0.0
2040-08-21 14:00:00,0.0,7.774875395319628,-0.0,44.05628325741101,-0.0,-0.0,-0.0,-0.0,-0.0
2040-08-21 15:00:00,0.0,7.742486167383299,-0.0,46.66045580552148,-0.0,-0.0,-0.0,-0.0,-0.0
2040-08-21 16:00:00,0.0,8.072589061046315,-0.0,47.16987055316797,-0.0,-0.0,-0.0,-0.0,-0.0
2040-08-21 17:00:00,0.0,8.347703742945301,-0.0,48.31206920982669,-0.0,-0.0,-0.0,-0.0,-0.0
2040-08-21 18:00:00,0.0,8.354319346432757,-0.0,47.83582536927668,-0.0,-0.0,-0.0,-0.0,-0.0
2040-08-21 19:00:00,0.16167399260854956,8.76590375123231,-0.0,51.793810237647804,-0.0,-0.0,-0.0,-0.0,-0.0
2040-08-21 20:00:00,1.3423130294970904,8.765903751232308,-0.0,50.454576407822714,-0.0,-0.0,-0.0,-0.0,-0.0
2040-08-21 21:00:00,2.120966260231287,8.76590375123231,-0.0,53.165917648879145,-0.0,-0.0,-0.0,-0.0,-0.0
2040-08-21 22:00:00,1.289439044153796,8.76590375123231,-0.0,52.84027260635665,-0.0,-0.0,-0.0,-0.0,-0.0
2040-08-21 23:00:00,28.0,1.2123332620902103,-0.0,48.58607846641348,-0.0,-0.0,-0.0,-0.0,-5.443393455097436e-13
2040-08-22 00:00:00,1.2125663696965114,8.76590375123231,-0.0,54.97643384986064,-0.0,-0.0,-0.0,-0.0,-0.0
2040-08-22 01:00:00,28.0,1.2047211278975836,-0.0,46.346306442606334,-0.0,-0.0,-0.0,-0.0,-0.0
2040-08-22 02:00:00,28.0,1.0621601684172204,-0.0,47.54375137969197,-0.0,-0.0,-0.0,-0.0,5.441760600357267e-13
2040-08-22 03:00:00,2.609666243351506,8.76590375123231,-0.0,56.41337122120734,-0.0,-0.0,-0.0,-0.0,-0.0
2040-08-22 04:00:00,2.06796637845877,8.76590375123231,-0.0,54.40131185725694,-0.0,-0.0,-0.0,-0.0,-0.0
2040-08-22 05:00:00,1.6114015436018776,8.76590375123231,-0.0,51.64194328170503,-0.0,-0.0,-0.0,-0.0,-0.0
2040-08-22 06:00:00,28.0,0.6168039806354145,-0.0,43.264905708630224,-0.0,-0.0,-0.0,-0.0,-0.0
2040-08-22 07:00:00,0.0,8.506163924869659,-0.0,51.50621285240949,-0.0,-0.0,-0.0,-0.0,-0.0
2040-08-22 08:00:00,0.0,8.210666434781006,-0.0,48.03126227458143,-0.0,-0.0,-0.0,-0.0,-0.0
2040-08-22 09:00:00,0.0,8.264302511595433,-0.0,47.092364711953536,-0.0,-0.0,-0.0,-0.0,-0.0
2040-08-22 10:00:00,0.0,8.032305739002693,-0.0,45.391516206048685,-0.0,-0.0,-0.0,-0.0,-0.0
2040-08-22 11:00:00,0.0,7.981675331835002,-0.0,45.51908110606196,-0.0,-0.0,-0.0,-0.0,-0.0
2040-08-22 12:00:00,0.0,7.608026490750689,-0.0,44.34069330481614,-0.0,-0.0,-0.0,-0.0,-0.0
2040-08-22 13:00:00,0.0,7.552938056193362,-0.0,43.85828831708342,-0.0,-0.0,-0.0,-0.0,-0.0
2040-08-22 14:00:00,0.0,7.786888049150978,-0.0,45.48642868944326,-0.0,-0.0,-0.0,-0.0,-0.0
2040-08-22 15:00:00,0.0,7.846356386294874,-0.0,45.23224731484244,-0.0,-0.0,-0.0,-0.0,-0.0
2040-08-22 16:00:00,26.268532438691157,3.976927495564319e-16,-0.0,38.40936467603766,-0.0,-0.0,-0.0,-0.0,-0.0
2040-08-22 17:00:00,0.0,8.494244348766943,-0.0,47.87726504354758,-0.0,-0.0,-0.0,-0.0,-0.0
2040-08-22 18:00:00,0.0,8.38143585627246,-0.0,48.977670887523175,-0.0,-0.0,-0.0,-0.0,-0.0
2040-08-22 19:00:00,0.5159684491302376,8.76590375123231,-0.0,51.16187811725304,-0.0,-0.0,-0.0,-0.0,-0.0
2040-08-22 20:00:00,0.23391738754045446,8.76590375123231,-0.0,51.20024536509877,-0.0,-0.0,-0.0,-0.0,-0.0
2040-08-22 21:00:00,0.7738943767466713,8.76590375123231,-0.0,52.50859430059473,-0.0,-0.0,-0.0,-0.0,-0.0
2040-08-22 22:00:00,2.2878252236489467,8.76590375123231,-0.0,55.33822426827519,-0.0,-0.0,-0.0,-0.0,-0.0
2040-08-22 23:00:00,28.0,1.153711600751498,-0.0,46.48863327155075,-0.0,-0.0,-0.0,-0.0,-0.0
2040-08-23 00:00:00,3.0762524208023367,8.76590375123231,-0.0,56.2864436375783,-0.0,-0.0,-0.0,-0.0,-0.0
2040-08-23 01:00:00,2.4593511049976997,8.76590375123231,-0.0,55.78128960157253,-0.0,-0.0,-0.0,-0.0,-0.0
2040-08-23 02:00:00,2.3802277469701503,8.76590375123231,-0.0,55.34099642270305,-0.0,-0.0,-0.0,-0.0,-0.0
2040-08-23 03:00:00,1.795252733149245,8.76590375123231,-0.0,55.804907655030526,-0.0,-0.0,-0.0,-0.0,-0.0
2040-08-23 04:00:00,1.7509189564924208,8.76590375123231,-0.0,55.0864304449897,-0.0,-0.0,-0.0,-0.0,-0.0
2040-08-23 05:00:00,28.0,0.5668778738181497,-0.0,44.80051852307721,-0.0,-0.0,-0.0,-0.0,-0.0
2040-08-23 06:00:00,28.0,0.5775202394458622,-0.0,42.93005528927426,-0.0,-0.0,-0.0,-0.0,-0.0
2040-08-23 07:00:00,28.0,0.29073650236801596,-0.0,42.662176762942224,-0.0,-0.0,-0.0,-0.0,-0.0
2040-08-23 08:00:00,15.394214214105162,3.5817251604052722,-0.0,43.94319835125815,-0.0,-0.0,-0.0,-0.0,-0.0
2040-08-23 09:00:00,20.42413100725085,1.9616028245421473,-0.0,40.03111472983438,-0.0,-0.0,-0.0,-0.0,-0.0
2040-08-23 10:00:00,0.0,8.033350608825637,-0.0,46.3581952107914,-0.0,-0.0,-0.0,-0.0,-0.0
2040-08-23 11:00:00,25.73653899206441,-1.9048865442102018e-16,-0.0,37.35198973875735,-0.0,-0.0,-0.0,-0.0,-0.0
2040-08-23 12:00:00,25.487564059010218,2.850492874405884e-16,-0.0,37.078069219760124,-0.0,-0.0,-0.0,-0.0,-5.443393455097436e-13
2040-08-23 13:00:00,12.797413656754227,3.9505341246397445,-0.0,41.150529786874095,-0.0,-0.0,-0.0,-0.0,-0.0
2040-08-23 14:00:00,0.0,7.783425813418554,-0.0,45.991030120255495,-0.0,-0.0,-0.0,-0.0,-0.0
2040-08-23 15:00:00,0.0,8.09972642768311,-0.0,45.10971528473118,-0.0,-0.0,-0.0,-0.0,-0.0
2040-08-23 16:00:00,0.0,8.003342673953354,-0.0,47.9609654822762,-0.0,-4.784018859404161e-13,-0.0,-0.0,-0.0
2040-08-23 17:00:00,0.0,8.467170172923536,-0.0,46.429125953700414,-0.0,-0.0,-0.0,-0.0,-0.0
2040-08-23 18:00:00,0.0,8.336669628870942,-0.0,50.52125614820661,-0.0,4.808577033970156e-13,-0.0,-0.0,-0.0
2040-08-23 19:00:00,28.0,0.24305496929847292,-0.0,42.99663843033949,-0.0,-0.0,-0.0,-0.0,-0.0
2040-08-23 20:00:00,0.6250957606487567,8.76590375123231,-0.0,52.53254467614915,-0.0,-0.0,-0.0,-0.0,-0.0
2040-08-23 21:00:00,28.0,0.6935931410702518,-0.0,44.94552842156922,-0.0,-0.0,-0.0,-0.0,-0.0
2040-08-23 22:00:00,28.0,0.8852725717933386,-0.0,45.24097976033405,-0.0,-0.0,-0.0,-0.0,-0.0
2040-08-23 23:00:00,2.1879673435963385,8.76590375123231,-0.0,54.28882113789507,-0.0,-0.0,-0.0,-0.0,-0.0
2040-08-24 00:00:00,28.0,0.9243919977386367,-0.0,45.6839232226258,-0.0,-0.0,-0.0,-0.0,-0.0
2040-08-24 01:00:00,2.75768928923899,8.76590375123231,-0.0,56.93329054764118,-0.0,-0.0,-0.0,-0.0,5.437952510516301e-13
2040-08-24 02:00:00,28.0,1.3140073274574398,-0.0,48.60902647210136,-0.0,-0.0,-0.0,-0.0,-0.0
2040-08-24 03:00:00,1.868021668501215,8.76590375123231,-0.0,54.27738282188136,-0.0,-0.0,-0.0,-0.0,-0.0
2040-08-24 04:00:00,1.7100481783385755,8.76590375123231,-0.0,54.67282328803798,-0.0,-0.0,-0.0,-0.0,-0.0
2040-08-24 05:00:00,28.0,0.6562757920704724,-0.0,44.646303619054365,-0.0,-0.0,-0.0,-0.0,-0.0
2040-08-24 06:00:00,0.0,8.733851764025202,-0.0,51.27506039629692,-0.0,-0.0,-0.0,-0.0,-0.0
2040-08-24 07:00:00,28.0,0.3531954390444123,-0.0,42.36387100352371,-0.0,-0.0,-0.0,-0.0,-0.0
2040-08-24 08:00:00,28.0,0.13301448414802364,-0.0,39.28133088233105,-0.0,-0.0,-0.0,-0.0,-0.0
2040-08-24 09:00:00,26.57832161597854,2.769760597470543e-16,-0.0,39.16011209618,-0.0,-0.0,-0.0,-0.0,-0.0
2040-08-24 10:00:00,0.0,7.964445780074119,-0.0,47.358054928372084,-0.0,-0.0,-0.0,-0.0,-0.0
2040-08-24 11:00:00,26.26053453995409,3.9775194589860866e-16,-0.0,36.80222222890226,-0.0,-0.0,-0.0,-0.0,-0.0
2040-08-24 12:00:00,0.0,7.903151401830365,-0.0,43.87105303085449,-0.0,-0.0,-0.0,-0.0,-0.0
2040-08-24 13:00:00,25.47624295589992,2.851330804361698e-16,-0.0,36.51277003577272,-0.0,-0.0,-0.0,-0.0,-0.0
2040-08-24 14:00:00,0.0,7.872143319137007,-0.0,45.187604294657305,-0.0,-0.0,-0.0,-0.0,-0.0
2040-08-24 15:00:00,26.201986262698732,2.797615009083322e-16,-0.0,37.4249458120243,-0.0,-0.0,-0.0,-0.0,-0.0
2040-08-24 16:00:00,0.0,7.9891129020992295,-0.0,46.79348389930963,-0.0,-0.0,-0.0,-0.0,-0.0
2040-08-24 17:00:00,0.0,8.30515958170666,-0.0,47.27922216202161,-0.0,-0.0,-0.0,-0.0,-0.0
2040-08-24 18:00:00,0.0,8.350546873487682,-0.0,49.546263929918666,-0.0,-0.0,-0.0,-0.0,-0.0
2040-08-24 19:00:00,0.0,8.68059910614496,-0.0,50.22980540077005,-0.0,-0.0,-0.0,-0.0,-0.0
2040-08-24 20:00:00,0.3476168574439547,8.76590375123231,-0.0,51.4367378098174,-0.0,-0.0,-0.0,-0.0,-0.0
2040-08-24 21:00:00,0.8923168960018489,8.76590375123231,-0.0,52.880238090273394,-0.0,-0.0,-0.0,-0.0,-0.0
2040-08-24 22:00:00,1.6827791163309895,8.76590375123231,-0.0,55.963367230256786,-0.0,-0.0,-0.0,-0.0,-0.0
2040-08-24 23:00:00,2.728122324056463,8.76590375123231,-0.0,54.95103775097571,-0.0,-0.0,-0.0,-0.0,-0.0
2040-08-25 00:00:00,1.3754443009901676,8.76590375123231,-0.0,53.01617802803597,-0.0,-0.0,-0.0,-0.0,-0.0
2040-08-25 01:00:00,0.6749062527972141,8.76590375123231,-0.0,53.06954568612811,-0.0,-0.0,-0.0,-0.0,-0.0
2040-08-25 02:00:00,0.12612272043204195,8.76590375123231,-0.0,51.810326385493354,-0.0,-0.0,-0.0,-0.0,-0.0
2040-08-25 03:00:00,0.9512603390908946,8.765903751232308,-0.0,50.43798048470469,-0.0,-0.0,-0.0,-0.0,-0.0
2040-08-25 04:00:00,0.0,8.71966328193704,-0.0,50.620525397156364,-0.0,-0.0,-0.0,-0.0,-0.0
2040-08-25 05:00:00,0.1056955465462067,8.76590375123231,-0.0,50.29808618571731,-0.0,-0.0,-0.0,-0.0,-0.0
2040-08-25 06:00:00,0.0,8.5029774305484,-0.0,48.546609608714,-0.0,-0.0,-0.0,-0.0,-0.0
2040-08-25 07:00:00,0.0,8.00608520307597,-0.0,48.217483758873854,-0.0,-0.0,-0.0,-0.0,-0.0
2040-08-25 08:00:00,25.74361296053797,0.28105481910564306,-0.0,38.20363268544195,-0.0,-0.0,-0.0,-0.0,-0.0
2040-08-25 09:00:00,26.43812405676447,1.5958994084194235e-16,-0.0,37.69834702038421,-0.0,-0.0,-0.0,-0.0,-0.0
2040-08-25 10:00:00,25.311813595739203,-4.241926335800983e-16,-0.0,36.035757395808176,-0.0,-0.0,-0.0,-0.0,-0.0
2040-08-25 11:00:00,24.893689343816344,-6.58265245557887e-17,-0.0,35.320076081682714,-0.0,-0.0,-0.0,-0.0,-0.0
2040-08-25 12:00:00,24.689991012873712,2.9095251383819624e-16,-0.0,33.93398655816984,-0.0,-0.0,-0.0,-0.0,-0.0
2040-08-25 13:00:00,25.126924504720275,-6.755281152770668e-17,-0.0,35.14343097225121,-0.0,-0.0,-0.0,-0.0,-0.0
2040-08-25 14:00:00,25.076422327360525,-4.2245038820710013e-16,-0.0,35.17525515388863,-0.0,-0.0,-0.0,-0.0,-0.0
2040-08-25 15:00:00,25.073530834335767,4.0653753819389427e-16,-0.0,34.700252540742625,-0.0,-0.0,-0.0,-0.0,-0.0
2040-08-25 16:00:00,15.116893338984621,3.1094716320217817,-0.0,41.13440300740896,-0.0,-0.0,-0.0,-0.0,-0.0
2040-08-25 17:00:00,0.0,7.812356184779774,-0.0,44.956977512022334,-0.0,-0.0,-0.0,-0.0,-0.0
2040-08-25 18:00:00,7.803408718854689,5.73362488711564,-0.0,45.444416632289375,-0.0,-0.0,-0.0,-0.0,-0.0
2040-08-25 19:00:00,20.80067634717677,2.083566191913666,-0.0,41.13589855887875,-0.0,-0.0,-0.0,-0.0,-0.0
2040-08-25 20:00:00,0.0,8.376901656339932,-0.0,47.81115173067519,-0.0,-0.0,-0.0,-0.0,-0.0
2040-08-25 21:00:00,28.0,0.2978907133587252,-0.0,41.804337572320264,-0.0,-0.0,-0.0,-0.0,-0.0
2040-08-25 22:00:00,28.0,0.32455192654249343,-0.0,43.07648372036572,-0.0,-0.0,-0.0,-0.0,-0.0
2040-08-25 23:00:00,28.0,0.4987131364586494,-0.0,45.26347586597486,-0.0,-0.0,-0.0,-0.0,-0.0
2040-08-26 00:00:00,1.1792039896715907,8.765903751232308,-0.0,52.43655850293777,-0.0,-0.0,-0.0,-0.0,-0.0
2040-08-26 01:00:00,0.9437098372562749,8.76590375123231,-0.0,52.33744373250331,-0.0,-0.0,-0.0,-0.0,-0.0
2040-08-26 02:00:00,0.9458912053470442,8.76590375123231,-0.0,52.84869277825192,-0.0,-0.0,-0.0,-0.0,-0.0
2040-08-26 03:00:00,0.3036015046000182,8.76590375123231,-0.0,53.35484726680158,-0.0,-0.0,-0.0,-0.0,-0.0
2040-08-26 04:00:00,1.1001447852228106,8.76590375123231,-0.0,51.17309633258695,-0.0,-0.0,-0.0,-0.0,-0.0
2040-08-26 05:00:00,0.0,8.654535759902107,-0.0,50.02390603121037,-0.0,-0.0,-0.0,-0.0,-0.0
2040-08-26 06:00:00,0.0,8.437014732732655,-0.0,48.214506291319914,-0.0,-0.0,-0.0,-0.0,-0.0
2040-08-26 07:00:00,0.0,8.14064927474346,-0.0,46.80368437619711,-0.0,-0.0,-0.0,-0.0,-0.0
2040-08-26 08:00:00,0.0,7.972859414211328,-0.0,45.217231919426865,-0.0,-0.0,-0.0,-0.0,-0.0
2040-08-26 09:00:00,0.0,8.04194840438359,-0.0,42.82538511896499,-0.0,-0.0,-0.0,-0.0,-0.0
2040-08-26 10:00:00,0.0,7.968981240990254,-0.0,45.42710395420792,-0.0,-0.0,-0.0,-0.0,-0.0
2040-08-26 11:00:00,0.0,7.766312513393232,-0.0,42.18786643535344,-0.0,-0.0,-0.0,-0.0,-0.0
2040-08-26 12:00:00,0.0,7.263191680381172,-0.0,40.832165430532186,-0.0,5.39845674540785e-14,-0.0,-0.0,-0.0
2040-08-26 13:00:00,0.0,7.28616719801749,-0.0,41.70924927853851,-0.0,-0.0,-0.0,-0.0,-0.0
2040-08-26 14:00:00,0.0,7.62597435462085,-0.0,41.03758444517103,-0.0,-0.0,-0.0,-0.0,-0.0
2040-08-26 15:00:00,0.0,7.489514664362848,-0.0,42.49560073496112,-0.0,-0.0,-0.0,-0.0,-0.0
2040-08-26 16:00:00,0.0,7.955101213412892,-0.0,43.91033084557523,-0.0,-0.0,-0.0,-0.0,-0.0
2040-08-26 17:00:00,0.0,7.961977884164863,-0.0,45.313718270043765,-0.0,-0.0,-0.0,-0.0,-0.0
2040-08-26 18:00:00,0.0,7.807192337554212,-0.0,45.464441101127086,-0.0,-0.0,-0.0,-0.0,-0.0
2040-08-26 19:00:00,0.0,8.352283504169277,-0.0,46.95947197195021,-0.0,-0.0,-0.0,-0.0,-0.0
2040-08-26 20:00:00,0.0,8.426067779404235,-0.0,48.505216404717046,-0.0,-0.0,-0.0,-0.0,-0.0
2040-08-26 21:00:00,0.0,8.508417998130016,-0.0,50.46895597137073,-0.0,-0.0,-0.0,-0.0,-0.0
2040-08-26 22:00:00,0.18916938360837057,8.76590375123231,-0.0,51.5050481894167,-0.0,-0.0,-0.0,-0.0,5.541337360371984e-14
2040-08-26 23:00:00,0.2726629575040353,8.76590375123231,-0.0,51.88589728651068,-0.0,-0.0,-0.0,-0.0,-0.0
2040-08-27 00:00:00,2.022543504515345,8.76590375123231,-0.0,55.42561239638198,-0.0,-0.0,-0.0,-0.0,-0.0
2040-08-27 01:00:00,2.7931403357663904,8.76590375123231,-0.0,55.22377962851961,-0.0,-0.0,-0.0,-0.0,-0.0
2040-08-27 02:00:00,2.1247056702264078,8.76590375123231,-0.0,56.2432874722258,-0.0,-0.0,-0.0,-0.0,-0.0
2040-08-27 03:00:00,1.6415982922848007,8.765903751232308,-0.0,55.03475494186084,-0.0,-0.0,-0.0,-0.0,-0.0
2040-08-27 04:00:00,0.8862480237166428,8.76590375123231,-0.0,52.26549698642189,-0.0,-0.0,-0.0,-0.0,-0.0
2040-08-27 05:00:00,0.6035735851735257,8.76590375123231,-0.0,52.57063839734031,-0.0,-0.0,-0.0,-0.0,-0.0
2040-08-27 06:00:00,0.08917121333443224,8.76590375123231,-0.0,49.72283160973675,-0.0,-0.0,-0.0,-0.0,-0.0
2040-08-27 07:00:00,0.0,8.664773463620653,-0.0,50.532015172782025,-0.0,-0.0,-0.0,-0.0,-0.0
2040-08-27 08:00:00,0.0,8.342938757420601,-0.0,47.17075720690971,-0.0,-0.0,-0.0,-0.0,-0.0
2040-08-27 09:00:00,0.0,8.122049244424538,-0.0,47.206060356170916,-0.0,-0.0,-0.0,-0.0,-0.0
2040-08-27 10:00:00,0.0,7.99928945340946,-0.0,45.42226294036927,-0.0,-0.0,-0.0,-0.0,-0.0
2040-08-27 11:00:00,0.0,7.8917534087267205,-0.0,46.72543192633939,-0.0,-0.0,-0.0,-0.0,-0.0
2040-08-27 12:00:00,0.0,7.504423418134081,-0.0,45.184748822091095,-0.0,-0.0,-0.0,-0.0,-0.0
2040-08-27 13:00:00,0.0,7.863913616224231,-0.0,44.42117999187725,-0.0,-0.0,-0.0,-0.0,-0.0
2040-08-27 14:00:00,0.0,7.808195042170641,-0.0,43.6432948172898,-0.0,-0.0,-0.0,-0.0,-0.0
2040-08-27 15:00:00,0.0,7.80572756356566,-0.0,46.30798535869754,-0.0,-0.0,-0.0,-0.0,-0.0
2040-08-27 16:00:00,0.0,7.911956862604758,-0.0,46.58805960788017,-0.0,-0.0,-0.0,-0.0,-0.0
2040-08-27 17:00:00,0.0,8.16101119238958,-0.0,47.81159103073921,-0.0,-0.0,-0.0,-0.0,-0.0
2040-08-27 18:00:00,0.0,8.502104198980609,-0.0,47.99667309320218,-0.0,-0.0,-0.0,-0.0,-0.0
2040-08-27 19:00:00,0.0,8.675361507556902,-0.0,50.23708931956847,-0.0,-0.0,-0.0,-0.0,-0.0
2040-08-27 20:00:00,0.0,8.584318199717861,-0.0,51.65726878994563,-0.0,-0.0,-0.0,-0.0,-0.0
2040-08-27 21:00:00,0.8344077509735125,8.76590375123231,-0.0,51.98567548823023,-0.0,-0.0,-0.0,-0.0,-0.0
2040-08-27 22:00:00,0.6787457573252996,8.76590375123231,-0.0,53.98670259979089,-0.0,-0.0,-0.0,-0.0,-0.0
2040-08-27 23:00:00,2.2810187530561294,8.765903751232308,-0.0,54.355370190098505,-0.0,-0.0,-0.0,-0.0,-0.0
2040-08-28 00:00:00,1.7367389162669875,8.76590375123231,-0.0,55.94665194468755,-0.0,-0.0,-0.0,-0.0,-0.0
2040-08-28 01:00:00,2.257190831091763,8.76590375123231,-0.0,54.94164229224804,-0.0,-0.0,-0.0,-0.0,-0.0
2040-08-28 02:00:00,1.8151586510954358,8.76590375123231,-0.0,54.721324809971534,-0.0,-0.0,-0.0,-0.0,-0.0
2040-08-28 03:00:00,1.8245794062042608,8.76590375123231,-0.0,53.44056410730326,-0.0,-0.0,-0.0,-0.0,-0.0
2040-08-28 04:00:00,1.2774981649292991,8.76590375123231,-0.0,53.55464635569489,-0.0,-0.0,-0.0,-0.0,-0.0
2040-08-28 05:00:00,0.7122889731569643,8.76590375123231,-0.0,53.16896482281701,-0.0,-0.0,-0.0,-0.0,-0.0
2040-08-28 06:00:00,0.0,8.752591283123587,-0.0,52.984817594710094,-0.0,-0.0,-0.0,-0.0,-0.0
2040-08-28 07:00:00,0.0,8.400951066497859,-0.0,48.81571764149074,-0.0,-0.0,-0.0,-0.0,-0.0
2040-08-28 08:00:00,0.0,8.457339620852734,-0.0,49.25272844855239,-0.0,-0.0,-0.0,-0.0,-0.0
2040-08-28 09:00:00,0.0,7.938939728554974,-0.0,47.289133340584996,-0.0,-0.0,-0.0,-0.0,-0.0
2040-08-28 10:00:00,0.0,7.649828392808117,-0.0,44.34861103221495,-0.0,-0.0,-0.0,-0.0,-0.0
2040-08-28 11:00:00,0.0,7.62239544813037,-0.0,45.34335708842307,-0.0,-0.0,-0.0,-0.0,-0.0
2040-08-28 12:00:00,0.0,7.75149734159464,-0.0,44.98215863075648,-0.0,-0.0,-0.0,-0.0,-0.0
2040-08-28 13:00:00,0.0,7.564631103301312,-0.0,44.979836361618524,-0.0,-0.0,-0.0,-0.0,-0.0
2040-08-28 14:00:00,0.0,7.799165240209749,-0.0,44.87600398901077,-0.0,-0.0,-0.0,-0.0,-0.0
2040-08-28 15:00:00,0.0,7.861725606619333,-0.0,44.462075103182784,-0.0,-0.0,-0.0,-0.0,-0.0
2040-08-28 16:00:00,0.0,7.87619204941776,-0.0,46.0306729173257,-0.0,-0.0,-0.0,-0.0,-0.0
2040-08-28 17:00:00,0.0,8.277290452550858,-0.0,47.50533050396015,-0.0,-0.0,-0.0,-0.0,-0.0
2040-08-28 18:00:00,0.0,8.200045020333627,-0.0,49.31871905922923,-0.0,-0.0,-0.0,-0.0,-0.0
2040-08-28 19:00:00,0.0,8.406518769358089,-0.0,50.066134883207916,-0.0,-0.0,-0.0,-0.0,-0.0
2040-08-28 20:00:00,0.6233748445119157,8.76590375123231,-0.0,50.71099700163831,-0.0,-0.0,-0.0,-0.0,-0.0
2040-08-28 21:00:00,0.5641815221485904,8.76590375123231,-0.0,52.6153495833619,-0.0,-0.0,-0.0,-0.0,-0.0
2040-08-28 22:00:00,0.5221530560977141,8.76590375123231,-0.0,53.85784138398009,-0.0,-0.0,-0.0,-0.0,-0.0
2040-08-28 23:00:00,1.6415241558452238,8.76590375123231,-0.0,54.62764711515784,-0.0,-0.0,-0.0,-0.0,-0.0
2040-08-29 00:00:00,1.2068671885779272,8.76590375123231,-0.0,54.526611460495616,-0.0,-0.0,-0.0,-0.0,-0.0
2040-08-29 01:00:00,2.207000739118967,8.76590375123231,-0.0,55.89095377237202,-0.0,-0.0,-0.0,-0.0,-0.0
2040-08-29 02:00:00,1.6422710339344002,8.76590375123231,-0.0,54.41760422244038,-0.0,-0.0,-0.0,-0.0,-0.0
2040-08-29 03:00:00,1.618461545758053,8.76590375123231,-0.0,54.90147755591264,-0.0,-0.0,-0.0,-0.0,-0.0
2040-08-29 04:00:00,1.1567768810435444,8.76590375123231,-0.0,54.23374634763789,-0.0,-0.0,-0.0,-0.0,-0.0
2040-08-29 05:00:00,0.4115753031099117,8.76590375123231,-0.0,54.164202405102735,-0.0,-0.0,-0.0,-0.0,-0.0
2040-08-29 06:00:00,0.18223848987101923,8.76590375123231,-0.0,51.3456556977805,-0.0,-0.0,-0.0,-0.0,-0.0
2040-08-29 07:00:00,0.0,8.642602041916541,-0.0,50.81036922681121,-0.0,-0.0,-0.0,-0.0,-0.0
2040-08-29 08:00:00,0.0,8.224153082651297,-0.0,49.48602905288698,-0.0,-0.0,-0.0,-0.0,-0.0
2040-08-29 09:00:00,0.0,8.294541983436233,-0.0,48.61776320312013,-0.0,-0.0,-0.0,-0.0,-0.0
2040-08-29 10:00:00,0.0,7.929200660432201,-0.0,46.50269303246652,-0.0,-0.0,-0.0,-0.0,-5.977294061740397e-13
2040-08-29 11:00:00,0.0,7.8032182008474225,-0.0,44.61307676302846,-0.0,-0.0,-0.0,-0.0,-0.0
2040-08-29 12:00:00,0.0,7.705920939512208,-0.0,44.721969557199294,-0.0,-0.0,-0.0,-0.0,-0.0
2040-08-29 13:00:00,0.0,7.680275661369413,-0.0,43.34331572697922,-0.0,-0.0,-0.0,-0.0,5.980355418660101e-13
2040-08-29 14:00:00,0.0,7.354339873134158,-0.0,44.64131948522404,-0.0,-0.0,-0.0,-0.0,-0.0
2040-08-29 15:00:00,0.0,7.911330378463217,-0.0,45.12035125639405,-0.0,-0.0,-0.0,-0.0,-0.0
2040-08-29 16:00:00,0.0,7.936877314714056,-0.0,45.36517132793771,-0.0,-0.0,-0.0,-0.0,-5.964320499535476e-13
2040-08-29 17:00:00,0.0,8.164404520475083,-0.0,47.217648508889575,-0.0,-0.0,-0.0,-0.0,-0.0
2040-08-29 18:00:00,0.0,8.240767457742882,-0.0,49.32785478830629,-0.0,-0.0,-0.0,-0.0,-0.0
2040-08-29 19:00:00,0.0,8.728230605259592,-0.0,49.94306853902359,-0.0,-0.0,-0.0,-0.0,-0.0
2040-08-29 20:00:00,0.02463638533831439,8.76590375123231,-0.0,52.466628265510394,-0.0,-0.0,-0.0,-0.0,5.970430517538647e-13
2040-08-29 21:00:00,1.3624666239869052,8.76590375123231,-0.0,52.82423112666876,-0.0,-0.0,-0.0,-0.0,-0.0
2040-08-29 22:00:00,0.7234352515340772,8.76590375123231,-0.0,52.83344683286131,-0.0,-0.0,-0.0,-0.0,-0.0
2040-08-29 23:00:00,1.6632451174975147,8.76590375123231,-0.0,55.035413855829546,-0.0,-0.0,-0.0,-0.0,-0.0
2040-08-30 00:00:00,28.0,0.9147947687566259,-0.0,47.75976184221403,-0.0,-0.0,-0.0,-0.0,-0.0
2040-08-30 01:00:00,28.0,0.656683385441572,-0.0,45.34791115110605,-0.0,-0.0,-0.0,-0.0,-0.0
2040-08-30 02:00:00,28.0,1.053042117319596,-0.0,46.91308276110421,-0.0,-0.0,-0.0,-0.0,-0.0
2040-08-30 03:00:00,28.0,0.9977791988341044,-0.0,47.31881805552707,-0.0,-0.0,-0.0,-0.0,-0.0
2040-08-30 04:00:00,28.0,0.5292063031250739,-0.0,45.066916000791515,-0.0,-0.0,-0.0,-0.0,-0.0
2040-08-30 05:00:00,1.481284737497777,8.765903751232308,-0.0,52.74493285095621,-0.0,-0.0,-0.0,-0.0,-0.0
2040-08-30 06:00:00,28.0,0.31873306922770633,-0.0,42.6413089067452,-0.0,-0.0,-0.0,-0.0,-0.0
2040-08-30 07:00:00,0.17957269424802855,8.76590375123231,-0.0,50.17693740266375,-0.0,-0.0,-0.0,-0.0,-0.0
2040-08-30 08:00:00,27.97397026377632,1.482223953665572e-16,-0.0,39.24378274303575,-0.0,-0.0,-0.0,-0.0,-0.0
2040-08-30 09:00:00,0.0,7.9813345954706305,-0.0,48.46154637652471,-0.0,-0.0,-0.0,-0.0,-0.0
2040-08-30 10:00:00,0.0,7.727046445773399,-0.0,44.18008094172542,-0.0,-0.0,-0.0,-0.0,-0.0
2040-08-30 11:00:00,26.109187480632514,-4.300943858883874e-16,-0.0,38.221576696343355,-0.0,-0.0,-0.0,-0.0,-0.0
2040-08-30 12:00:00,25.80712115451218,2.8268408980653097e-16,-0.0,36.636015333858836,-0.0,-0.0,-0.0,-0.0,-0.0
2040-08-30 13:00:00,24.77874695874993,4.0871937716698516e-16,-0.0,35.994612516697266,-0.0,-0.0,-0.0,-0.0,-0.0
2040-08-30 14:00:00,0.0,7.6886481607403,-0.0,44.48172985279566,-0.0,-5.845238120046817e-13,-0.0,-0.0,-5.964528693925323e-13
2040-08-30 15:00:00,25.23543786815782,-3.052035503448593e-16,-0.0,37.5267977703152,-0.0,-0.0,-0.0,-0.0,-0.0
2040-08-30 16:00:00,15.581821128433972,3.1366348171433245,-0.0,40.931093192392865,-0.0,-0.0,-0.0,-0.0,-0.0
2040-08-30 17:00:00,0.0,8.130223183302569,-0.0,47.72706329080651,-0.0,-0.0,-0.0,-0.0,-0.0
2040-08-30 18:00:00,0.0,8.263043490205012,-0.0,48.88867964825735,-0.0,-0.0,-0.0,-0.0,-0.0
2040-08-30 19:00:00,0.0,8.31364943657081,-0.0,49.332275060392746,-0.0,-0.0,-0.0,-0.0,-0.0
2040-08-30 20:00:00,0.0,8.50319456191251,-0.0,50.05626070145081,-0.0,-0.0,-0.0,-0.0,-0.0
2040-08-30 21:00:00,4.329409186493105,7.6922868130858575,-0.0,51.05798092229806,-0.0,-0.0,-0.0,-0.0,-0.0
2040-08-30 22:00:00,1.123491854559038,8.76590375123231,-0.0,54.32160887580352,-0.0,-0.0,-0.0,-0.0,-0.0
2040-08-30 23:00:00,28.0,0.9927813566064816,-0.0,45.465818838793325,-0.0,-0.0,-0.0,-0.0,-0.0
2040-08-31 00:00:00,1.790009200419742,8.76590375123231,-0.0,56.36718286321281,-0.0,5.878120978101708e-13,-0.0,-0.0,-0.0
2040-08-31 01:00:00,28.0,1.0335906219029058,-0.0,48.3851075952305,-0.0,-0.0,-0.0,-0.0,-0.0
2040-08-31 02:00:00,28.0,0.8210058857764445,-0.0,47.412453182470536,-0.0,-0.0,-0.0,-0.0,-0.0
2040-08-31 03:00:00,1.2325693983051946,8.76590375123231,-0.0,55.254841320516775,-0.0,-0.0,-0.0,-0.0,5.989090004582168e-13
2040-08-31 04:00:00,0.7704891820205034,8.76590375123231,-0.0,54.974302565769044,-0.0,-0.0,-0.0,-0.0,-0.0
2040-08-31 05:00:00,1.6885709059569431,8.76590375123231,-0.0,51.68131331987017,-0.0,-0.0,-0.0,-0.0,-0.0
2040-08-31 06:00:00,0.0,8.518264799498047,-0.0,50.73502263001488,-0.0,-0.0,-0.0,-0.0,-0.0
2040-08-31 07:00:00,0.0,8.567298052023398,-0.0,52.17138128841692,-0.0,-0.0,-0.0,-0.0,-0.0
2040-08-31 08:00:00,0.0,8.170477088358824,-0.0,49.135881103863,-0.0,-0.0,-0.0,-0.0,-0.0
2040-08-31 09:00:00,0.0,8.250928145603503,-0.0,46.59852752889477,-0.0,-0.0,-0.0,-0.0,-0.0
2040-08-31 10:00:00,0.0,7.7739795690658156,-0.0,46.952987937900275,-0.0,-0.0,-0.0,-0.0,-0.0
2040-08-31 11:00:00,0.0,7.901833823422021,-0.0,45.81532618936226,-0.0,-0.0,-0.0,-0.0,-0.0
2040-08-31 12:00:00,0.0,7.603008308875984,-0.0,44.316675527300994,-0.0,-0.0,-0.0,-0.0,-0.0
2040-08-31 13:00:00,0.0,7.660180440331409,-0.0,44.82593349707014,-0.0,-0.0,-0.0,-0.0,-0.0
2040-08-31 14:00:00,0.0,7.74208000561575,-0.0,44.17993630414926,-0.0,-0.0,-0.0,-0.0,-0.0
2040-08-31 15:00:00,0.0,7.618080812697296,-0.0,45.7391817492419,-0.0,-0.0,-0.0,-0.0,-0.0
2040-08-31 16:00:00,0.0,7.824715071612331,-0.0,45.83542078932925,-0.0,-0.0,-0.0,-0.0,-0.0
2040-08-31 17:00:00,0.0,8.32781666448282,-0.0,46.51909811197797,-0.0,-0.0,-0.0,-0.0,-0.0
2040-08-31 18:00:00,0.0,8.436967492969904,-0.0,47.3943488036341,-0.0,-0.0,-0.0,-0.0,-0.0
2040-08-31 19:00:00,0.0,8.404666460777927,-0.0,48.430051385369616,-0.0,-0.0,-0.0,-0.0,-0.0
2040-08-31 20:00:00,0.05173378196950385,8.76590375123231,-0.0,52.42488988346113,-0.0,-0.0,-0.0,-0.0,-0.0
2040-08-31 21:00:00,0.8149695862093519,8.765903751232308,-0.0,53.60290147014808,-0.0,-0.0,-0.0,-0.0,-0.0
2040-08-31 22:00:00,0.7766717088565291,8.76590375123231,-0.0,53.98751855618614,-0.0,-0.0,-0.0,-0.0,-0.0
2040-08-31 23:00:00,0.8619009880525169,8.76590375123231,-0.0,55.67174300921224,-0.0,-0.0,-0.0,-0.0,-0.0
2040-09-01 00:00:00,0.50478479513488,8.76590375123231,-0.0,51.96964842339317,-0.0,-0.0,-0.0,-0.0,-0.0
2040-09-01 01:00:00,0.13176972517625857,8.76590375123231,-0.0,53.80720577346996,-0.0,-0.0,-0.0,-0.0,-0.0
2040-09-01 02:00:00,0.12098092419721095,8.76590375123231,-0.0,53.25047463073494,-0.0,-0.0,-0.0,-0.0,-0.0
2040-09-01 03:00:00,0.10752387876529303,8.76590375123231,-0.0,52.77805016852876,-0.0,-0.0,-0.0,-0.0,-0.0
2040-09-01 04:00:00,0.0,8.533335070324455,-0.0,50.81762733763617,-0.0,-0.0,-0.0,-0.0,-0.0
2040-09-01 05:00:00,0.0,8.20054133148773,-0.0,49.417252942730734,-0.0,-0.0,-0.0,-0.0,-0.0
2040-09-01 06:00:00,0.0,8.394725250824104,-0.0,49.23203269159642,-0.0,-0.0,-0.0,-0.0,-0.0
2040-09-01 07:00:00,0.0,8.08122836622262,-0.0,45.95585141263979,-0.0,-0.0,-0.0,-0.0,-0.0
2040-09-01 08:00:00,0.0,7.877595450357995,-0.0,45.25474856733833,-0.0,-0.0,-0.0,-0.0,-0.0
2040-09-01 09:00:00,0.0,7.648596699370297,-0.0,44.76636694492905,-0.0,-0.0,-0.0,-0.0,-0.0
2040-09-01 10:00:00,0.0,7.7402284190857165,-0.0,44.63870870179425,-0.0,-0.0,-0.0,-0.0,-0.0
2040-09-01 11:00:00,0.0,7.2455111547320366,-0.0,41.95591468661316,-0.0,-0.0,-0.0,-0.0,-0.0
2040-09-01 12:00:00,0.0,7.244832090559534,-0.0,43.59136141773217,-0.0,-0.0,-0.0,-0.0,-0.0
2040-09-01 13:00:00,0.0,7.281885615730264,-0.0,41.057097517208305,-0.0,-0.0,-0.0,-0.0,-0.0
2040-09-01 14:00:00,0.0,7.44021994904335,-0.0,41.472661362223675,-0.0,-0.0,-0.0,-0.0,-0.0
2040-09-01 15:00:00,0.0,7.432143545035632,-0.0,42.10966490890188,-0.0,-0.0,-0.0,-0.0,-0.0
2040-09-01 16:00:00,0.0,7.3859902371605095,-0.0,42.70747131217573,-0.0,-0.0,-0.0,-0.0,-0.0
2040-09-01 17:00:00,0.0,7.773787911878664,-0.0,45.06135419064449,-0.0,-0.0,-0.0,-0.0,-0.0
2040-09-01 18:00:00,0.0,7.858840222470646,-0.0,44.44382805199066,-0.0,-0.0,-0.0,-0.0,-0.0
2040-09-01 19:00:00,0.0,8.0148332565245,-0.0,47.600643381554946,-0.0,-0.0,-0.0,-0.0,-0.0
2040-09-01 20:00:00,0.0,8.274897421626811,-0.0,46.90829202095262,-0.0,-0.0,-0.0,-0.0,-0.0
2040-09-01 21:00:00,0.0,8.422986989409274,-0.0,50.86139820536133,-0.0,-0.0,-0.0,-0.0,-0.0
2040-09-01 22:00:00,0.0,8.584184189781254,-0.0,49.98741578126401,-0.0,-0.0,-0.0,-0.0,-0.0
2040-09-01 23:00:00,0.22740419833265188,8.76590375123231,-0.0,51.99184236895239,-0.0,-0.0,-0.0,-0.0,-0.0
2040-09-02 00:00:00,0.4431787074331289,8.76590375123231,-0.0,51.76297683670169,-0.0,-0.0,-0.0,-0.0,-0.0
2040-09-02 01:00:00,0.7599533790317291,8.765903751232308,-0.0,52.66328972691302,-0.0,-0.0,-0.0,-0.0,-0.0
2040-09-02 02:00:00,0.8181342188880583,8.76590375123231,-0.0,52.06956391281005,-0.0,-0.0,-0.0,-0.0,-0.0
2040-09-02 03:00:00,0.23771312027063818,8.76590375123231,-0.0,52.818599964897885,-0.0,-0.0,-0.0,-0.0,-0.0
2040-09-02 04:00:00,0.0,8.633298170740494,-0.0,50.84471719206731,-0.0,-0.0,-0.0,-0.0,-0.0
2040-09-02 05:00:00,0.0,8.466264771713258,-0.0,49.52511847218476,-0.0,-0.0,-0.0,-0.0,-0.0
2040-09-02 06:00:00,0.0,8.463994176979584,-0.0,49.20970224265612,-0.0,-0.0,-0.0,-0.0,-0.0
2040-09-02 07:00:00,0.0,8.232339444197681,-0.0,46.579100130982255,-0.0,-0.0,-0.0,-0.0,-0.0
2040-09-02 08:00:00,0.0,7.654504923274605,-0.0,45.278473487092086,-0.0,-0.0,-0.0,-0.0,-0.0
2040-09-02 09:00:00,0.0,7.590321904492405,-0.0,45.525998986147975,-0.0,-0.0,-0.0,-0.0,-0.0
2040-09-02 10:00:00,0.0,7.4881185487868125,-0.0,41.67111503696223,-0.0,-0.0,-0.0,-0.0,-0.0
2040-09-02 11:00:00,0.0,7.458614792956989,-0.0,42.80575897556323,-0.0,-0.0,-0.0,-0.0,-0.0
2040-09-02 12:00:00,0.0,7.388690196273746,-0.0,41.07397678922467,-0.0,-0.0,-0.0,-0.0,-0.0
2040-09-02 13:00:00,0.0,7.429571978966968,-0.0,40.38114834492233,-0.0,-0.0,-0.0,-0.0,-0.0
2040-09-02 14:00:00,0.0,7.248893898704266,-0.0,42.2015009934953,-0.0,-0.0,-0.0,-0.0,-0.0
2040-09-02 15:00:00,0.0,7.082287495416854,-0.0,43.436337734622704,-0.0,-0.0,-0.0,-0.0,-0.0
2040-09-02 16:00:00,0.0,7.574999626732516,-0.0,42.89807191578474,-0.0,-0.0,-0.0,-0.0,-0.0
2040-09-02 17:00:00,0.0,7.713838785091926,-0.0,44.135154863083585,-0.0,-0.0,-0.0,-0.0,-0.0
2040-09-02 18:00:00,0.0,7.782450556174063,-0.0,45.4817418707275,-0.0,-0.0,-0.0,-0.0,-0.0
2040-09-02 19:00:00,0.0,7.962008370010243,-0.0,47.32958971803459,-0.0,-0.0,-0.0,5.4773244958183846e-14,-0.0
2040-09-02 20:00:00,0.0,8.314928145306661,-0.0,48.04362165720584,-0.0,-0.0,-0.0,-0.0,-0.0
2040-09-02 21:00:00,0.0,8.559085622998149,-0.0,49.62684351852714,-0.0,-0.0,-0.0,-0.0,-0.0
2040-09-02 22:00:00,0.0,8.561259937207792,-0.0,50.95125065926105,-0.0,-0.0,-0.0,-0.0,-0.0
2040-09-02 23:00:00,0.9070238316651993,8.76590375123231,-0.0,50.9323617868054,-0.0,-0.0,-0.0,-0.0,-0.0
2040-09-03 00:00:00,0.9701075253696533,8.76590375123231,-0.0,56.49998946582534,-0.0,-0.0,-0.0,-0.0,-0.0
2040-09-03 01:00:00,1.358335908252672,8.76590375123231,-0.0,56.32309518504762,-0.0,-0.0,-0.0,-0.0,-0.0
2040-09-03 02:00:00,0.7457730265583379,8.76590375123231,-0.0,56.00901724146944,-0.0,-0.0,-0.0,-0.0,-0.0
2040-09-03 03:00:00,0.7844347722397721,8.76590375123231,-0.0,53.18004671032646,-0.0,-0.0,-0.0,-0.0,-0.0
2040-09-03 04:00:00,1.1133766261754088,8.76590375123231,-0.0,53.50578215425641,-0.0,-0.0,-0.0,-0.0,-0.0
2040-09-03 05:00:00,0.0007986762899460365,8.76590375123231,-0.0,53.90348732806509,-0.0,-0.0,-0.0,-0.0,-0.0
2040-09-03 06:00:00,0.0,8.627002854411884,-0.0,49.94435629480973,-0.0,-0.0,-0.0,-0.0,-0.0
2040-09-03 07:00:00,0.0,8.347704893124462,-0.0,50.69677910961137,-0.0,-0.0,-0.0,-0.0,-0.0
2040-09-03 08:00:00,0.0,8.341099151289123,-0.0,47.594264070240264,-0.0,-0.0,-0.0,-0.0,-0.0
2040-09-03 09:00:00,0.0,7.960472045000027,-0.0,48.138581940641316,-0.0,-0.0,-0.0,-0.0,-0.0
2040-09-03 10:00:00,0.0,7.773331941121189,-0.0,46.555299407847315,-0.0,-0.0,-0.0,-0.0,-0.0
2040-09-03 11:00:00,0.0,7.722308531496076,-0.0,44.139171537912745,-0.0,-0.0,-0.0,-0.0,-0.0
2040-09-03 12:00:00,0.0,7.613276845781026,-0.0,44.60151127433437,-0.0,-0.0,-0.0,-0.0,-0.0
2040-09-03 13:00:00,0.0,7.565516934766937,-0.0,42.73957348961713,-0.0,-0.0,-0.0,-0.0,-0.0
2040-09-03 14:00:00,0.0,7.610441942494272,-0.0,45.74262382213963,-0.0,-0.0,-0.0,-0.0,-0.0
2040-09-03 15:00:00,0.0,7.7065395544677076,-0.0,43.27630280699073,-0.0,-0.0,-0.0,-0.0,-0.0
2040-09-03 16:00:00,0.0,8.128592063731316,-0.0,47.08395115817155,-0.0,-0.0,-0.0,-0.0,-0.0
2040-09-03 17:00:00,0.0,7.901094436188878,-0.0,46.54740326311454,-0.0,-0.0,-0.0,-0.0,-0.0
2040-09-03 18:00:00,0.0,8.008870959178946,-0.0,47.797200770721986,-0.0,-0.0,-0.0,-0.0,-0.0
2040-09-03 19:00:00,5.85795132201369,6.536129556298294,-0.0,47.07741596527092,-0.0,-0.0,-0.0,-0.0,-0.0
2040-09-03 20:00:00,0.0,8.573160200006987,-0.0,51.67780162482061,-0.0,-0.0,-0.0,-0.0,-0.0
2040-09-03 21:00:00,0.112931416391878,8.76590375123231,-0.0,52.330475279019474,-0.0,-0.0,-0.0,-0.0,-0.0
2040-09-03 22:00:00,28.0,0.3663413305673712,-0.0,43.90471807510909,-0.0,-0.0,-0.0,-0.0,-0.0
2040-09-03 23:00:00,1.4119854956056708,8.76590375123231,-0.0,55.13553243812653,-0.0,-0.0,-0.0,-0.0,-0.0
2040-09-04 00:00:00,0.6991260164317609,8.76590375123231,-0.0,55.19376097376104,-0.0,-0.0,-0.0,-0.0,-0.0
2040-09-04 01:00:00,28.0,0.7420348079727227,-0.0,46.37108723922594,-0.0,-0.0,-0.0,-0.0,-0.0
2040-09-04 02:00:00,28.0,0.7499023067332398,-0.0,46.909121257445086,-0.0,-0.0,-0.0,-0.0,-0.0
2040-09-04 03:00:00,28.0,0.7008913182853607,-0.0,46.264058840914345,-0.0,-0.0,-0.0,-0.0,-0.0
2040-09-04 04:00:00,0.6287096840210429,8.76590375123231,-0.0,54.49917527674397,-0.0,-0.0,-0.0,-0.0,-0.0
2040-09-04 05:00:00,28.0,0.5317624549621018,-0.0,43.29283649222289,-0.0,-0.0,-0.0,-0.0,-0.0
2040-09-04 06:00:00,28.0,0.17118468184316363,-0.0,42.27839065033232,-0.0,-0.0,-0.0,-0.0,-5.443393455097436e-13
2040-09-04 07:00:00,0.0,8.472925476794131,-0.0,50.578785810870656,-0.0,-0.0,-0.0,-0.0,-0.0
2040-09-04 08:00:00,28.0,0.02455207426522395,-0.0,40.265702471256304,-0.0,-0.0,-0.0,-0.0,-0.0
2040-09-04 09:00:00,0.0,8.0124391927988,-0.0,47.910814455645784,-0.0,-0.0,-0.0,-0.0,-0.0
2040-09-04 10:00:00,0.0,7.558429531815494,-0.0,44.71455986155215,-0.0,-0.0,-0.0,-0.0,-0.0
2040-09-04 11:00:00,0.0,7.67819629716945,-0.0,43.0329484090186,-0.0,-0.0,-0.0,-0.0,5.509063947929069e-13
2040-09-04 12:00:00,25.277467179523075,-3.0551462973943827e-16,-0.0,35.90596079283175,-0.0,-0.0,-0.0,-0.0,-0.0
2040-09-04 13:00:00,24.42356858899952,-2.9919451056681013e-16,-0.0,36.325183459944874,-0.0,-0.0,-0.0,-0.0,-0.0
2040-09-04 14:00:00,0.0,7.478251964640055,-0.0,43.75442201809544,-0.0,-0.0,-0.0,-0.0,-0.0
2040-09-04 15:00:00,24.407002536717737,0.1784402488369181,-0.0,37.29842730680215,-0.0,-0.0,-0.0,-0.0,-0.0
2040-09-04 16:00:00,26.220252058425825,-3.1249263960494674e-16,-0.0,38.35830705838774,-0.0,-0.0,-0.0,-0.0,-0.0
2040-09-04 17:00:00,25.96453055951963,2.8151902616831884e-16,-0.0,38.26618197057951,-0.0,-0.0,-0.0,-0.0,-0.0
2040-09-04 18:00:00,26.991300141376268,-8.135196325014447e-17,-0.0,40.17708083959427,-0.0,-0.0,-0.0,-0.0,-0.0
2040-09-04 19:00:00,0.0,8.464532084651706,-0.0,51.085926029636894,-0.0,-0.0,-0.0,-0.0,-0.0
2040-09-04 20:00:00,28.0,0.3082454017441599,-0.0,42.65600411319116,-0.0,-0.0,-0.0,-0.0,-0.0
2040-09-04 21:00:00,28.0,0.6472246804057108,-0.0,45.359706492549485,-0.0,-0.0,-0.0,-0.0,-0.0
2040-09-04 22:00:00,28.0,0.34242549528674787,-0.0,45.874737296683044,-0.0,-0.0,-0.0,-0.0,-0.0
2040-09-04 23:00:00,28.0,0.772762770171393,-0.0,45.86194576075349,-0.0,-0.0,-0.0,-0.0,-0.0
2040-09-05 00:00:00,28.0,0.88223263266126,-0.0,46.99896229946942,-0.0,-0.0,-0.0,-0.0,-0.0
2040-09-05 01:00:00,1.4119000014442908,8.76590375123231,-0.0,54.874017398050725,-0.0,-0.0,-0.0,-0.0,-0.0
2040-09-05 02:00:00,28.0,0.6711115989562594,-0.0,45.92125238289526,-0.0,-0.0,-0.0,-0.0,-0.0
2040-09-05 03:00:00,0.6682633235156931,8.76590375123231,-0.0,53.47526788165397,-0.0,-0.0,-0.0,-0.0,-0.0
2040-09-05 04:00:00,0.47222239687079415,8.76590375123231,-0.0,52.72799629600629,-0.0,-0.0,-0.0,-0.0,-0.0
2040-09-05 05:00:00,0.0,8.655612451098987,-0.0,51.64404793375216,-0.0,-0.0,-0.0,-0.0,-0.0
2040-09-05 06:00:00,0.0,8.572882406084856,-0.0,50.58223554529452,-0.0,-0.0,-0.0,-0.0,-0.0
2040-09-05 07:00:00,27.964339395121147,3.85141256700778e-16,-0.0,40.45300119162635,-0.0,-0.0,-0.0,-0.0,-0.0
2040-09-05 08:00:00,27.700609324088813,-3.2344948441168135e-16,-0.0,38.78917991878404,-0.0,-0.0,-0.0,-0.0,-0.0
2040-09-05 09:00:00,0.0,7.9106061620135195,-0.0,45.418133998670996,-0.0,-5.89028852831731e-14,-0.0,-0.0,-0.0
2040-09-05 10:00:00,0.0,7.754438718337146,-0.0,46.29210176019556,-0.0,-0.0,-0.0,-0.0,-0.0
2040-09-05 11:00:00,0.0,7.485532416597601,-0.0,43.38212401685583,-0.0,-0.0,-0.0,-0.0,-0.0
2040-09-05 12:00:00,0.0,7.414197050850588,-0.0,45.314231936092526,-0.0,-0.0,-0.0,-0.0,-0.0
2040-09-05 13:00:00,24.836566036143616,2.898676407337348e-16,-0.0,36.154795527364314,-0.0,-0.0,-0.0,-0.0,-0.0
2040-09-05 14:00:00,0.0,7.397417365409079,-0.0,44.084133781936416,-0.0,-0.0,-0.0,-0.0,-0.0
2040-09-05 15:00:00,0.0,7.653531967448921,-0.0,46.06612850067091,-0.0,-0.0,-0.0,-0.0,-0.0
2040-09-05 16:00:00,0.0,7.744654548468474,-0.0,46.11221132987466,-0.0,-0.0,-0.0,-0.0,-0.0
2040-09-05 17:00:00,0.0,7.86429446946581,-0.0,47.68827013251919,-0.0,-0.0,-0.0,-0.0,-0.0
2040-09-05 18:00:00,26.566155054477257,4.021853180508253e-17,-0.0,39.73187460801904,-0.0,-0.0,-0.0,-0.0,-0.0
2040-09-05 19:00:00,28.0,0.11853234872198189,-0.0,41.94938759165711,-0.0,-0.0,-0.0,-0.0,-0.0
2040-09-05 20:00:00,28.0,0.10875435243969116,-0.0,43.01472010952957,-0.0,-0.0,5.39845674540785e-14,-0.0,-0.0
2040-09-05 21:00:00,0.7291765084910423,8.76590375123231,-0.0,52.09351747354082,-0.0,-0.0,-0.0,-0.0,-0.0
2040-09-05 22:00:00,28.0,0.4917388727035757,-0.0,45.473250386964935,-0.0,-0.0,-0.0,-0.0,-0.0
2040-09-05 23:00:00,0.16640780623184023,8.76590375123231,-0.0,54.10453588858596,-0.0,-0.0,-0.0,-0.0,-0.0
2040-09-06 00:00:00,1.0021871290366087,8.76590375123231,-0.0,54.60795187838756,-0.0,-0.0,-0.0,-0.0,5.503122079874111e-14
2040-09-06 01:00:00,28.0,0.6106073856599461,-0.0,46.47003985031091,-0.0,-0.0,-0.0,-0.0,-0.0
2040-09-06 02:00:00,1.0510824523223534,8.765903751232308,-0.0,54.04724638617414,-0.0,-0.0,-0.0,-0.0,-0.0
2040-09-06 03:00:00,28.0,0.6629835182724887,-0.0,46.25061995312902,-0.0,-0.0,-1.0921737992763665e-13,-0.0,-0.0
2040-09-06 04:00:00,28.0,0.4550143757596395,-0.0,45.18865124452126,-0.0,-0.0,-0.0,-0.0,-0.0
2040-09-06 05:00:00,18.102070150702712,3.3645983806517155,-0.0,46.33479026105743,-0.0,-0.0,-0.0,-0.0,-0.0
2040-09-06 06:00:00,28.0,0.13240042076811967,-0.0,42.22849057720213,-0.0,-0.0,-0.0,-0.0,-0.0
2040-09-06 07:00:00,27.833694374405248,2.676844348077708e-16,-0.0,41.97324803594279,-0.0,-0.0,-0.0,-0.0,-0.0
2040-09-06 08:00:00,27.263681996869114,3.9032716320686714e-16,-0.0,40.01037166269163,-0.0,-0.0,-0.0,-0.0,-0.0
2040-09-06 09:00:00,25.916222665810622,-1.9181858076596872e-16,-0.0,38.088340080238034,-0.0,-0.0,-0.0,-0.0,-0.0
2040-09-06 10:00:00,26.102979345204332,2.8049429930432853e-16,-0.0,37.715616450072076,-0.0,-0.0,-0.0,-0.0,-1.1244215879750723e-13
2040-09-06 11:00:00,25.071231645384,1.6970697702394234e-16,-0.0,37.46511137283308,-0.0,-0.0,-0.0,-0.0,-0.0
2040-09-06 12:00:00,24.23978889994502,5.74371002615517e-17,-0.0,37.24770294834959,-0.0,-0.0,-0.0,-0.0,-0.0
2040-09-06 13:00:00,24.86061624997559,4.0811342268612874e-16,-0.0,35.58279426085176,-0.0,-0.0,-0.0,5.411973155126051e-14,-0.0
2040-09-06 14:00:00,23.95510555851953,-5.887960902927965e-17,-0.0,37.007934090695585,-0.0,-0.0,-0.0,-0.0,-0.0
2040-09-06 15:00:00,25.22400826991462,5.0152413556069586e-17,-0.0,36.840695860762416,-0.0,-0.0,-0.0,-0.0,-0.0
2040-09-06 16:00:00,24.435739519792826,5.598677432925433e-17,-0.0,37.64416590752849,-0.0,-0.0,-0.0,-0.0,-0.0
2040-09-06 17:00:00,26.31493651559499,-7.634586678106895e-17,-0.0,38.59359818097462,-0.0,-0.0,-0.0,-0.0,-0.0
2040-09-06 18:00:00,25.498725830377918,0.12499932399591711,-0.0,41.06514039976483,-0.0,-0.0,-0.0,-0.0,-0.0
2040-09-06 19:00:00,27.774140775711395,5.049727985709322e-16,-0.0,40.732880167507126,-0.0,-0.0,-0.0,-0.0,5.5058750173828024e-14
2040-09-06 20:00:00,27.81128860885433,3.8627406007978073e-16,-0.0,43.08834777720047,-0.0,-0.0,-0.0,-0.0,-0.0
2040-09-06 21:00:00,28.0,0.07732448364992998,-0.0,43.544399134956414,-0.0,-0.0,-0.0,-0.0,-0.0
2040-09-06 22:00:00,28.0,0.3188525855474971,-0.0,45.063559750727435,-0.0,-0.0,-0.0,-0.0,-0.0
2040-09-06 23:00:00,28.0,0.6061378594576877,-0.0,46.292234050761316,-0.0,-0.0,-0.0,-0.0,-0.0
2040-09-07 00:00:00,28.0,0.7128770463623056,-0.0,35.6837859871091,-0.0,-0.0,-0.0,-0.0,-0.0
2040-09-07 01:00:00,0.9902476822157297,8.76590375123231,-0.0,51.5586480861122,-0.0,-0.0,-0.0,-0.0,-0.0
2040-09-07 02:00:00,1.0474237189845454,8.765903751232308,-0.0,53.50001382643624,-0.0,-0.0,-0.0,-0.0,-0.0
2040-09-07 03:00:00,0.7811030583977313,8.76590375123231,-0.0,54.94170113622966,-0.0,-0.0,-0.0,-0.0,-0.0
2040-09-07 04:00:00,28.0,0.3932423586240499,-0.0,45.03520950257793,-0.0,-0.0,-0.0,-0.0,-0.0
2040-09-07 05:00:00,0.0,8.286603138342429,-0.0,49.76958577306932,-0.0,-0.0,-0.0,-0.0,-0.0
2040-09-07 06:00:00,0.0,8.670313260286653,-0.0,51.50512303097469,-0.0,-0.0,-0.0,-0.0,-0.0
2040-09-07 07:00:00,27.795652168935035,2.679660036905745e-16,-0.0,40.565897439440235,-0.0,-0.0,5.39845674540785e-14,-0.0,-0.0
2040-09-07 08:00:00,0.0,7.6979912182215315,-0.0,47.43631763296326,-0.0,-0.0,-0.0,-5.3957575170351463e-14,-0.0
2040-09-07 09:00:00,25.94626955279297,2.81654184769124e-16,-0.0,39.14536011085933,-0.0,-0.0,-6.656709528681536e-13,6.656709528681536e-13,-0.0
2040-09-07 10:00:00,0.0,7.67136809058901,-0.0,44.41037696847143,-0.0,-0.0,-0.0,-0.0,-0.0
2040-09-07 11:00:00,0.0,7.456238920101584,-0.0,44.881416831916134,-0.0,-0.0,-0.0,-0.0,-0.0
2040-09-07 12:00:00,24.91443145701717,1.7086753155321178e-16,-0.0,36.11661831326517,-0.0,-0.0,5.39845674540785e-14,-0.0,-0.0
2040-09-07 13:00:00,0.0,7.398171702427118,-0.0,43.81817625714515,-0.0,-0.0,-0.0,-0.0,-0.0
2040-09-07 14:00:00,25.01046517502257,-6.669083933262132e-17,-0.0,36.68321968051066,-0.0,-0.0,-0.0,-0.0,-0.0
2040-09-07 15:00:00,0.0,7.218350843205325,-0.0,41.75920815570491,-0.0,-0.0,-0.0,-0.0,-0.0
2040-09-07 16:00:00,25.662984616344183,4.690333590892339e-17,-0.0,38.015481590448175,-0.0,-0.0,-0.0,-0.0,-0.0
2040-09-07 17:00:00,13.925907072471471,3.856536961776901,-0.0,42.159775904362526,-0.0,-0.0,-0.0,-0.0,-0.0
2040-09-07 18:00:00,16.50339683323528,3.097339355110677,-0.0,44.03527131075918,-0.0,-0.0,-0.0,-0.0,-0.0
2040-09-07 19:00:00,0.0,8.221760272532029,-0.0,50.345439271337405,-0.0,-0.0,-0.0,-0.0,-0.0
2040-09-07 20:00:00,3.2231053056879473,7.674908642618038,-0.0,50.306558256375936,-0.0,-0.0,-0.0,-0.0,-0.0
2040-09-07 21:00:00,28.0,0.2808741928325437,-0.0,43.539839671134466,-0.0,-0.0,-0.0,-0.0,-0.0
2040-09-07 22:00:00,0.3905864240390686,8.76590375123231,-0.0,53.18572634602262,-0.0,-0.0,-0.0,-0.0,-0.0
2040-09-07 23:00:00,28.0,0.8036157961212385,-0.0,48.235687554531296,-0.0,-0.0,-0.0,-0.0,-0.0
2040-09-08 00:00:00,28.0,0.2681796397892131,-0.0,42.36888307233493,-0.0,-0.0,-0.0,-0.0,-0.0
2040-09-08 01:00:00,28.0,0.2848915408361689,-0.0,44.90394556601573,-0.0,-0.0,-0.0,-0.0,-0.0
2040-09-08 02:00:00,28.0,0.3047140756563193,-0.0,42.99804237494517,-0.0,-0.0,-0.0,-0.0,-0.0
2040-09-08 03:00:00,21.97943192789507,2.284960474105424,-0.0,46.083962049436074,-0.0,-0.0,-0.0,-0.0,-0.0
2040-09-08 04:00:00,21.843860322810308,1.9300302138264323,-0.0,43.828207218116,-0.0,-0.0,-0.0,-0.0,-0.0
2040-09-08 05:00:00,0.0,8.338250515317254,-0.0,50.56984042356779,-0.0,-0.0,-0.0,-0.0,-0.0
2040-09-08 06:00:00,27.239506238500944,3.523473188400447e-17,-0.0,38.923697263040125,-0.0,-0.0,-0.0,-0.0,-0.0
2040-09-08 07:00:00,0.0,7.945537436570696,-0.0,45.79437660540842,-0.0,1.5714261585686898e-14,-0.0,-0.0,-0.0
2040-09-08 08:00:00,26.093981994886168,-7.471047480582928e-17,-0.0,38.21390812835017,-0.0,-0.0,-0.0,-0.0,-0.0
2040-09-08 09:00:00,25.160075070127952,5.062561429234371e-17,-0.0,36.69426477680513,-0.0,-0.0,-0.0,-0.0,-0.0
2040-09-08 10:00:00,24.31967399738571,-2.984255361151856e-16,-0.0,34.86929606898643,-0.0,-0.0,-0.0,-0.0,-0.0
2040-09-08 11:00:00,23.908134730398093,-2.953795336502055e-16,-0.0,35.274661429477085,-0.0,-0.0,-0.0,-0.0,-0.0
2040-09-08 12:00:00,0.0,7.1258004087588,-0.0,41.272250772327986,-0.0,-0.0,-0.0,-0.0,-0.0
2040-09-08 13:00:00,0.0,6.924418687459723,-0.0,42.11213415543019,-0.0,-0.0,-0.0,-0.0,-0.0
2040-09-08 14:00:00,0.0,7.454264668086753,-0.0,41.33917064637581,-0.0,-0.0,-0.0,-0.0,-0.0
2040-09-08 15:00:00,0.0,7.203360264736684,-0.0,41.87464538091548,-0.0,-0.0,-0.0,-0.0,-0.0
2040-09-08 16:00:00,0.0,7.387281171099768,-0.0,42.31727534273852,-0.0,-0.0,-0.0,-0.0,-0.0
2040-09-08 17:00:00,0.0,7.260577688148788,-0.0,42.64890648768224,-0.0,-0.0,-0.0,-0.0,-0.0
2040-09-08 18:00:00,0.0,7.7532194822292935,-0.0,45.23949838168096,-0.0,-0.0,-0.0,-0.0,-0.0
2040-09-08 19:00:00,0.0,8.001618107569042,-0.0,46.48472650376486,-0.0,-0.0,-0.0,-0.0,-2.6681176988180708e-14
2040-09-08 20:00:00,26.705176125712637,-7.923422011622465e-17,-0.0,40.21486634048509,-0.0,-0.0,-0.0,-0.0,-0.0
2040-09-08 21:00:00,28.0,0.02940085926614418,-0.0,42.06122325753659,-0.0,-0.0,-0.0,-0.0,-0.0
2040-09-08 22:00:00,0.0,8.561175598045596,-0.0,50.94831827550075,-0.0,-0.0,-0.0,-0.0,-0.0
2040-09-08 23:00:00,0.0,8.426963421114216,-0.0,50.26639620174609,-0.0,-0.0,-0.0,-0.0,-0.0
2040-09-09 00:00:00,28.0,0.17182286368372557,-0.0,43.80365054374428,-0.0,-0.0,-0.0,-0.0,-0.0
2040-09-09 01:00:00,28.0,0.47356394478832514,-0.0,43.965099840537334,-0.0,-0.0,-0.0,-0.0,-0.0
2040-09-09 02:00:00,0.0,8.546860316271776,-0.0,51.83018425901421,-0.0,-0.0,-0.0,-0.0,-0.0
2040-09-09 03:00:00,0.0,8.552173969921201,-0.0,51.55397454842699,-0.0,-0.0,-0.0,-0.0,-0.0
2040-09-09 04:00:00,28.0,0.13978962735296419,-0.0,41.16192920115252,-0.0,-0.0,-0.0,-0.0,-0.0
2040-09-09 05:00:00,27.570993375068543,-3.224901336719417e-16,-0.0,42.826632592984744,-0.0,-0.0,-0.0,-0.0,-0.0
2040-09-09 06:00:00,27.101068490886043,3.6259377049866536e-17,-0.0,40.350145912339215,-0.0,-0.0,-0.0,-0.0,-0.0
2040-09-09 07:00:00,26.871636206700302,-4.3573764009356456e-16,-0.0,37.73185510459851,-0.0,-0.0,-0.0,-0.0,-0.0
2040-09-09 08:00:00,24.78913436706066,5.3371127021116705e-17,-0.0,38.18429852079584,-0.0,-0.0,-0.0,-0.0,-0.0
2040-09-09 09:00:00,24.936610419864223,2.891271635451278e-16,-0.0,35.781427518739264,-0.0,-0.0,-0.0,-0.0,-0.0
2040-09-09 10:00:00,0.0,7.2028064766253905,-0.0,41.27597885125693,-0.0,-0.0,-0.0,-0.0,-0.0
2040-09-09 11:00:00,24.440417011422145,-2.993192139434915e-16,-0.0,33.28716596376792,-0.0,-0.0,-0.0,-0.0,-8.250929998421932e-14
2040-09-09 12:00:00,23.883518703530605,2.9692160801523184e-16,-0.0,33.88036305131157,-0.0,-0.0,-0.0,-0.0,-0.0
2040-09-09 13:00:00,23.164495072409373,3.022434519520343e-16,-0.0,34.87861575087205,-0.0,-0.0,-0.0,-0.0,-0.0
2040-09-09 14:00:00,23.87649654488622,-5.319929426234879e-16,-0.0,34.468157579157946,-0.0,-0.0,-0.0,-0.0,-0.0
2040-09-09 15:00:00,24.58641614881363,1.7329533253719235e-16,-0.0,35.66109378549039,-0.0,-0.0,-0.0,-0.0,-0.0
2040-09-09 16:00:00,0.0,7.335720332212293,-0.0,42.42974973246839,-0.0,-0.0,-0.0,-0.0,-0.0
2040-09-09 17:00:00,0.0,7.63566769385843,-0.0,43.092597190730096,-0.0,-0.0,-0.0,-0.0,2.5918549293954213e-13
2040-09-09 18:00:00,0.0,7.643453906297677,-0.0,43.56666294768923,-0.0,-0.0,-0.0,-0.0,-0.0
2040-09-09 19:00:00,26.10771363095221,-1.9323589862268794e-16,-0.0,40.12815389568985,-0.0,-0.0,-0.0,-0.0,-0.0
2040-09-09 20:00:00,0.0,7.857401950096327,-0.0,47.00324807695997,-0.0,-0.0,-0.0,-0.0,-0.0
2040-09-09 21:00:00,0.0,8.296104902912605,-0.0,48.842894916710684,-0.0,-0.0,-0.0,-0.0,-0.0
2040-09-09 22:00:00,28.0,0.002863869580101911,-0.0,39.92718769431908,-0.0,-0.0,-0.0,-0.0,-0.0
2040-09-09 23:00:00,28.0,0.17135063182173438,-0.0,42.342919270758564,-0.0,-0.0,-0.0,-0.0,-0.0
2040-09-10 00:00:00,28.0,0.7296283694186303,-0.0,46.17239346884875,-0.0,-0.0,-0.0,-0.0,-0.0
2040-09-10 01:00:00,28.0,0.5755849363085974,-0.0,47.5519670244018,-0.0,-0.0,-0.0,-0.0,-0.0
2040-09-10 02:00:00,0.23722581365222073,8.76590375123231,-0.0,54.686877249704835,-0.0,-0.0,-0.0,-0.0,-0.0
2040-09-10 03:00:00,28.0,0.37004433386820496,-0.0,44.972713210217655,-0.0,-0.0,-0.0,-0.0,-0.0
2040-09-10 04:00:00,28.0,0.28707222798145393,-0.0,46.14362820620271,-0.0,-0.0,-0.0,-0.0,-0.0
2040-09-10 05:00:00,28.0,0.0689671861503925,-0.0,42.03560016074751,-0.0,-0.0,-0.0,-0.0,-0.0
2040-09-10 06:00:00,0.0,8.2792847704629,-0.0,49.836874373717094,-0.0,-0.0,-0.0,-0.0,-1.6085439594353286e-13
2040-09-10 07:00:00,26.801275757983163,-1.9836928957227302e-16,-0.0,40.515487751791795,-0.0,-0.0,-0.0,-0.0,-0.0
2040-09-10 08:00:00,0.0,7.473085012346789,-0.0,47.35948883954377,-0.0,-4.101007763615044e-13,-0.0,-0.0,-0.0
2040-09-10 09:00:00,26.285613518858636,-3.129764115935843e-16,-0.0,38.10304314537397,-0.0,-0.0,-0.0,-0.0,-0.0
2040-09-10 10:00:00,0.0,7.659155229019313,-0.0,46.853216153259915,-0.0,1.0271515707303481e-14,-0.0,-0.0,2.3155328205306694e-14
2040-09-10 11:00:00,24.481618839147036,-2.996241687288036e-16,-0.0,36.59811719274582,-0.0,-0.0,-0.0,-0.0,-0.0
2040-09-10 12:00:00,24.771195230167272,5.271990604799898e-16,-0.0,36.88804679351801,-0.0,-0.0,-0.0,-0.0,-0.0
2040-09-10 13:00:00,24.5111912369047,5.29123476612087e-16,-0.0,35.804858749378624,-0.0,-0.0,-0.0,-0.0,-0.0
2040-09-10 14:00:00,24.677012628577202,5.420099459195229e-17,-0.0,35.76402281935692,-0.0,-0.0,-0.0,-0.0,-0.0
2040-09-10 15:00:00,0.0,7.7756303226099845,-0.0,45.80275233769083,-0.0,-0.0,-0.0,-0.0,-0.0
2040-09-10 16:00:00,0.0,7.818455910699426,-0.0,45.57854392125644,-0.0,-0.0,-0.0,-0.0,-0.0
2040-09-10 17:00:00,0.0,7.6889481999128435,-0.0,46.79102951578234,-0.0,-0.0,-0.0,-0.0,-0.0
2040-09-10 18:00:00,0.0,7.805190229049782,-0.0,47.465351170011886,-0.0,-0.0,-0.0,-0.0,-0.0
2040-09-10 19:00:00,0.0,8.158816262476893,-0.0,49.62198924516052,-0.0,-0.0,-0.0,-0.0,-0.0
2040-09-10 20:00:00,0.0,8.311536075030544,-0.0,50.06992992756872,-0.0,-0.0,-0.0,-0.0,-0.0
2040-09-10 21:00:00,0.0,8.424028313096413,-0.0,50.278263103639,-0.0,-0.0,-0.0,-0.0,-0.0
2040-09-10 22:00:00,0.6152223841584309,8.76590375123231,-0.0,52.6929326612056,-0.0,-0.0,-0.0,-0.0,-0.0
2040-09-10 23:00:00,0.3195582200006865,8.76590375123231,-0.0,54.36772099649131,-0.0,-0.0,-0.0,-0.0,-0.0
2040-09-11 00:00:00,0.6456728352897961,8.76590375123231,-0.0,52.58260417567133,-0.0,-0.0,-0.0,-0.0,-0.0
2040-09-11 01:00:00,0.5969915835240168,8.765903751232308,-0.0,55.6052260014222,-0.0,-0.0,-0.0,-0.0,-0.0
2040-09-11 02:00:00,0.5229775997982432,8.76590375123231,-0.0,53.98468023119304,-0.0,-0.0,-0.0,-0.0,-2.1255798951278115e-14
2040-09-11 03:00:00,0.38510838948831577,8.76590375123231,-0.0,54.39838120297016,-0.0,-0.0,-0.0,-0.0,-0.0
2040-09-11 04:00:00,0.0,8.692231279047894,-0.0,52.29758011535791,-0.0,-0.0,-0.0,-0.0,-0.0
2040-09-11 05:00:00,0.0,8.516548972933602,-0.0,51.73039131311309,-0.0,-0.0,-0.0,-0.0,-0.0
2040-09-11 06:00:00,0.0,8.268207460134725,-0.0,51.36415597872554,-0.0,-0.0,-0.0,-0.0,-0.0
2040-09-11 07:00:00,0.0,8.03329325362062,-0.0,48.77863967462592,-0.0,-0.0,-0.0,-0.0,-0.0
2040-09-11 08:00:00,0.0,8.040451537745989,-0.0,47.66577075318844,-0.0,-0.0,-0.0,-0.0,-0.0
2040-09-11 09:00:00,0.0,7.773418614823608,-0.0,46.11868989703953,-0.0,-0.0,-0.0,-0.0,-0.0
2040-09-11 10:00:00,0.0,7.510877451386023,-0.0,43.47836851479095,-0.0,-0.0,-0.0,-0.0,-0.0
2040-09-11 11:00:00,0.0,7.4266546846395585,-0.0,44.73639278705227,-0.0,-0.0,-0.0,-0.0,-0.0
2040-09-11 12:00:00,0.0,7.509548671313371,-0.0,43.43788769654682,-0.0,-0.0,-0.0,-0.0,-0.0
2040-09-11 13:00:00,0.0,7.211576883678372,-0.0,45.18499864664959,-0.0,-0.0,-0.0,-0.0,-0.0
2040-09-11 14:00:00,0.0,7.33649882584023,-0.0,44.09455129268715,-0.0,-0.0,-0.0,-0.0,-0.0
2040-09-11 15:00:00,0.0,7.476234580768167,-0.0,43.66237865606314,-0.0,-0.0,-0.0,-0.0,-0.0
2040-09-11 16:00:00,0.0,7.6945637731357985,-0.0,45.930273317173125,-0.0,-0.0,-0.0,-0.0,-0.0
2040-09-11 17:00:00,0.0,7.688544367859596,-0.0,45.96498137423062,-0.0,-0.0,-0.0,-0.0,-0.0
2040-09-11 18:00:00,0.0,7.985718610054792,-0.0,47.73878975148281,-0.0,-0.0,-0.0,-0.0,-0.0
2040-09-11 19:00:00,0.0,8.13240782878403,-0.0,49.82393522985828,-0.0,-0.0,-0.0,-0.0,-0.0
2040-09-11 20:00:00,0.0,8.298950821767637,-0.0,50.78544463652116,-0.0,-0.0,-0.0,-0.0,-0.0
2040-09-11 21:00:00,0.0,8.713587623725491,-0.0,52.02186804254303,-0.0,-0.0,-0.0,-0.0,-0.0
2040-09-11 22:00:00,0.6334487203110416,8.76590375123231,-0.0,52.204261540011,-0.0,-0.0,-0.0,-0.0,-0.0
2040-09-11 23:00:00,0.0,8.730026976946194,-0.0,55.28671935186642,-0.0,-0.0,-0.0,-0.0,-0.0
2040-09-12 00:00:00,0.0,8.76590375123231,-0.0,54.77729922690234,-0.0,-0.0,-0.0,-0.0,-0.0
2040-09-12 01:00:00,0.2974047761007042,8.76590375123231,-0.0,53.75341968039978,-0.0,-0.0,-0.0,-0.0,-0.0
2040-09-12 02:00:00,8.840592931241247,6.110124310358845,-0.0,51.61710706817507,-0.0,-0.0,-0.0,-0.0,-0.0
2040-09-12 03:00:00,28.0,0.5389370755263777,-0.0,45.49286019804084,-0.0,-0.0,-0.0,-0.0,-0.0
2040-09-12 04:00:00,28.0,0.30205582006193127,-0.0,45.60989128601929,-0.0,-0.0,-0.0,-0.0,-0.0
2040-09-12 05:00:00,0.0,8.291120818127725,-0.0,52.18481115588824,-0.0,-0.0,-0.0,-0.0,-0.0
2040-09-12 06:00:00,0.0,8.410831899156145,-0.0,50.15052231711425,-0.0,-0.0,-0.0,-0.0,-0.0
2040-09-12 07:00:00,0.0,8.356165062409888,-0.0,48.30904039093544,-0.0,-0.0,-0.0,-0.0,-0.0
2040-09-12 08:00:00,0.0,7.920148675642179,-0.0,47.758129717042905,-0.0,-0.0,-0.0,-0.0,-0.0
2040-09-12 09:00:00,26.09107821199785,-3.115365610817219e-16,-0.0,39.15876770594864,-0.0,-0.0,-0.0,-0.0,-0.0
2040-09-12 10:00:00,0.0,7.542490680871385,-0.0,45.544861337170175,-0.0,-0.0,-0.0,-0.0,-0.0
2040-09-12 11:00:00,24.8497833535936,5.266173915193898e-16,-0.0,35.77039225878195,-0.0,-0.0,-0.0,-0.0,-0.0
2040-09-12 12:00:00,0.0,7.206362136668623,-0.0,43.06235359336058,-0.0,-0.0,-0.0,-0.0,-0.0
2040-09-12 13:00:00,24.880509338814115,5.2694816371015664e-17,-0.0,35.77313547361867,-0.0,-0.0,-0.0,-0.0,-0.0
2040-09-12 14:00:00,24.310270938549724,-6.150836091234143e-17,-0.0,36.218471236899674,-0.0,-0.0,-0.0,-0.0,-0.0
2040-09-12 15:00:00,24.601339983828936,-1.8208649391118906e-16,-0.0,35.38804913376289,-0.0,-0.0,-0.0,-0.0,-0.0
2040-09-12 16:00:00,24.69744207747277,1.724735755883406e-16,-0.0,37.57022656890073,-0.0,-0.0,-0.0,-0.0,-0.0
2040-09-12 17:00:00,26.280555509369698,-4.3136276409631173e-16,-0.0,37.37161389163472,-0.0,-0.0,-0.0,-0.0,-0.0
2040-09-12 18:00:00,26.851572616993376,-3.171653504052195e-16,-0.0,39.82300973947494,-0.0,-0.0,-0.0,-0.0,-2.2026727169336637e-13
2040-09-12 19:00:00,26.620109852579237,3.950905539575205e-16,-0.0,42.54345306634228,-0.0,-0.0,-0.0,-0.0,-0.0
2040-09-12 20:00:00,0.0,8.4704249778656,-0.0,51.489829034418214,-0.0,-0.0,-0.0,-0.0,-0.0
2040-09-12 21:00:00,28.0,0.07925342187764484,-0.0,43.05209322880238,-0.0,-0.0,-0.0,-4.944372515741737e-13,-0.0
2040-09-12 22:00:00,0.6519477643505558,8.76590375123231,-0.0,52.04180664867172,-0.0,-0.0,-0.0,-0.0,-0.0
2040-09-12 23:00:00,0.03979695602362645,8.76590375123231,-0.0,53.309068348902564,-0.0,5.479545111726113e-13,-0.0,-0.0,-0.0
2040-09-13 00:00:00,28.0,0.2583387812368083,-0.0,45.921345917923084,-0.0,-0.0,-0.0,-0.0,-0.0
2040-09-13 01:00:00,0.0,8.747124945525004,-0.0,55.97672991394565,-0.0,-0.0,-0.0,-0.0,-0.0
2040-09-13 02:00:00,0.0,8.73752149692545,-0.0,52.06117663005655,-0.0,-0.0,-0.0,-0.0,-2.6437516522612796e-13
2040-09-13 03:00:00,28.0,0.5344328211680766,-0.0,45.02977684036974,-0.0,-0.0,-0.0,-0.0,-0.0
2040-09-13 04:00:00,28.0,0.24095369545373257,-0.0,44.20122735409711,-0.0,-0.0,-0.0,-0.0,-0.0
2040-09-13 05:00:00,28.0,0.3237891963419872,-0.0,44.25710976396243,-0.0,-0.0,-0.0,-0.0,3.19528506427364e-13
2040-09-13 06:00:00,15.105574958033046,3.796564929953651,-0.0,45.81126678937946,-0.0,-0.0,-0.0,-0.0,-0.0
2040-09-13 07:00:00,26.667837742815138,2.763135073131259e-16,-0.0,39.81970126024528,-0.0,-0.0,-0.0,-0.0,-0.0
2040-09-13 08:00:00,25.630102921901965,4.714670933731298e-17,-0.0,40.17824047122085,-0.0,-0.0,-0.0,-0.0,-0.0
2040-09-13 09:00:00,25.361721144663722,1.6755692282052779e-16,-0.0,40.42328795416948,-0.0,-0.0,-0.0,-0.0,-0.0
2040-09-13 10:00:00,25.456335113409008,4.0370421736354665e-16,-0.0,37.45974508866374,-0.0,-0.0,-0.0,-0.0,-0.0
2040-09-13 11:00:00,24.17639136149379,-2.973650315725443e-16,-0.0,36.446287319679236,-0.0,-0.0,-0.0,-0.0,-0.0
2040-09-13 12:00:00,24.18479894713737,-2.974272602069644e-16,-0.0,36.15477865991978,-0.0,-0.0,-0.0,-0.0,-0.0
2040-09-13 13:00:00,24.31524601366952,-2.9839276245202306e-16,-0.0,35.40396752431917,-0.0,-0.0,-0.0,-0.0,-0.0
2040-09-13 14:00:00,23.982605661733327,4.1461200649233697e-16,-0.0,35.93681509075111,-0.0,-0.0,-0.0,-0.0,-3.1623165238754683e-13
2040-09-13 15:00:00,24.43150585212327,1.744418990581067e-16,-0.0,36.82621413316116,-0.0,-0.0,-0.0,-0.0,5.677939843600894e-13
2040-09-13 16:00:00,24.73506015247309,-4.199238005651258e-16,-0.0,38.15478639012212,-0.0,-0.0,-0.0,-0.0,-0.0
2040-09-13 17:00:00,25.386140078427566,-1.878951814761984e-16,-0.0,38.51337078440437,-0.0,-0.0,-0.0,-0.0,-0.0
2040-09-13 18:00:00,26.307262183965797,2.7898230256347005e-16,-0.0,37.78975122001191,-0.0,-0.0,-0.0,-0.0,-0.0
2040-09-13 19:00:00,26.757420265262958,5.124980420396555e-16,-0.0,39.58130158354047,-0.0,-0.0,-0.0,-0.0,-0.0
2040-09-13 20:00:00,27.281475182920694,3.492409929457767e-17,-0.0,42.17511810212288,-0.0,-0.0,-0.0,-0.0,-0.0
2040-09-13 21:00:00,28.0,0.013277384972924041,-0.0,43.42103583644205,-0.0,-0.0,-0.0,-0.0,-0.0
2040-09-13 22:00:00,28.0,0.30267520042968793,-0.0,45.25112823700884,-0.0,-0.0,-0.0,-0.0,-0.0
2040-09-13 23:00:00,28.0,0.5026557469413713,-0.0,46.619118277499865,-0.0,-0.0,-0.0,-0.0,-0.0
2040-09-14 00:00:00,28.0,0.3592491624734874,-0.0,45.162342629809295,-0.0,-0.0,-0.0,-0.0,-0.0
2040-09-14 01:00:00,28.0,0.5292977681214887,-0.0,44.224276682088274,-0.0,-0.0,-0.0,-0.0,-0.0
2040-09-14 02:00:00,28.0,0.5433959223685482,-0.0,27.499191304988077,-0.0,-0.0,-0.0,-0.0,-0.0
2040-09-14 03:00:00,0.0,8.69918378827866,-0.0,54.03965280431,-0.0,-0.0,-0.0,-0.0,-0.0
2040-09-14 04:00:00,0.0,8.658833920081392,-0.0,54.32723487339728,-0.0,-0.0,-0.0,-0.0,-0.0
2040-09-14 05:00:00,28.0,0.002081391628393714,-0.0,43.92644089783457,-0.0,-0.0,-0.0,-0.0,-0.0
2040-09-14 06:00:00,14.007808096428084,3.882638783306755,-0.0,46.92246450151039,-0.0,-0.0,-0.0,-0.0,-0.0
2040-09-14 07:00:00,0.0,7.767640520368122,-0.0,48.270305856475886,-0.0,-0.0,-0.0,-0.0,-0.0
2040-09-14 08:00:00,0.0,7.8050107285049295,-0.0,46.33232495521816,-0.0,-0.0,-0.0,-0.0,-0.0
2040-09-14 09:00:00,0.0,7.533406224121109,-0.0,46.03662428447743,-0.0,-0.0,-0.0,-0.0,-0.0
2040-09-14 10:00:00,8.280429656079965,4.957333578092539,-0.0,42.102838974825836,-0.0,-0.0,-0.0,-0.0,-0.0
2040-09-14 11:00:00,22.229042500512175,0.6601752418468549,-0.0,35.4777757041616,-0.0,-0.0,-0.0,-0.0,-0.0
2040-09-14 12:00:00,23.359847209704693,-5.447381219958242e-17,-0.0,36.65981048191351,-0.0,-0.0,-0.0,-0.0,-0.0
2040-09-14 13:00:00,24.194150238753473,5.31470051384738e-16,-0.0,35.16410360916579,-0.0,-0.0,-0.0,-0.0,-0.0
2040-09-14 14:00:00,24.826974284497346,5.267862125439293e-16,-0.0,36.53232755162436,-0.0,-0.0,-0.0,-0.0,-0.0
2040-09-14 15:00:00,24.349561835712606,2.9347219590978595e-16,-0.0,37.01272223121212,-0.0,-0.0,-0.0,-0.0,-0.0
2040-09-14 16:00:00,0.0,7.461399547555992,-0.0,44.84111815824879,-0.0,-0.0,-0.0,-0.0,-0.0
2040-09-14 17:00:00,0.0,7.754566388045245,-0.0,45.80092101122297,-0.0,-0.0,-0.0,-0.0,-0.0
2040-09-14 18:00:00,26.036983290201935,-3.111361782304344e-16,-0.0,40.22546985092902,-0.0,-0.0,-0.0,-0.0,-0.0
2040-09-14 19:00:00,27.17929987545055,-3.195910193927957e-16,-0.0,40.34165912349154,-0.0,-0.0,-0.0,-0.0,-0.0
2040-09-14 20:00:00,26.95210745131689,-1.9948566836415505e-16,-0.0,42.32355085295281,-0.0,-0.0,-0.0,-0.0,-0.0
2040-09-14 21:00:00,28.0,0.07477080916211139,-0.0,42.95940623577683,-0.0,-0.0,-0.0,-0.0,-0.0
2040-09-14 22:00:00,0.0,8.453182349170376,-0.0,52.23255401510818,-0.0,2.247509947100616e-13,-0.0,-0.0,-0.0
2040-09-14 23:00:00,28.0,0.1485265728717553,-0.0,44.224763626769715,-0.0,-0.0,-0.0,-0.0,-0.0
2040-09-15 00:00:00,13.18443083493662,4.419633760269349,-0.0,47.68613759613811,-0.0,-0.0,-0.0,-0.0,-0.0
2040-09-15 01:00:00,28.0,0.1413846255295049,-0.0,41.94159025282187,-0.0,-0.0,-0.0,-0.0,-0.0
2040-09-15 02:00:00,27.516915694847008,5.068766466195103e-16,-0.0,44.38483531988133,-0.0,-0.0,-0.0,-0.0,-0.0
2040-09-15 03:00:00,27.348336744100617,-3.2084214355003467e-16,-0.0,42.09101909653071,-0.0,-0.0,-0.0,-0.0,-0.0
2040-09-15 04:00:00,27.5822943216412,5.06392747574275e-16,-0.0,40.95867418720833,-0.0,-0.0,-0.0,-0.0,-0.0
2040-09-15 05:00:00,26.933145374179816,5.111974149601604e-16,-0.0,39.086083923209316,-0.0,-0.0,-0.0,-0.0,-0.0
2040-09-15 06:00:00,26.40045634302153,5.151401058092084e-16,-0.0,40.259475607461376,-0.0,-0.0,-0.0,-0.0,-0.0
2040-09-15 07:00:00,0.0,7.664366687235962,-0.0,46.98824412340296,-0.0,-0.0,-0.0,-0.0,-0.0
2040-09-15 08:00:00,0.0,7.6622718076238305,-0.0,44.983439805554916,-0.0,-0.0,-0.0,-0.0,-0.0
2040-09-15 09:00:00,0.0,7.456527126604732,-0.0,43.54288967473749,-0.0,-0.0,-0.0,-0.0,-0.0
2040-09-15 10:00:00,0.0,7.145211500960946,-0.0,41.69636704972443,-0.0,-0.0,-0.0,-0.0,-0.0
2040-09-15 11:00:00,0.0,6.938929069735342,-0.0,40.8824727570533,-0.0,-0.0,-0.0,-0.0,-0.0
2040-09-15 12:00:00,0.0,6.871073753278483,-0.0,40.35143247894209,-0.0,-0.0,-0.0,-0.0,-0.0
2040-09-15 13:00:00,0.0,6.998605697388878,-0.0,40.288658339734454,-0.0,-0.0,-0.0,-0.0,-0.0
2040-09-15 14:00:00,0.0,6.90204164487718,-0.0,41.08021035215986,-0.0,-0.0,-0.0,-0.0,-0.0
2040-09-15 15:00:00,0.0,7.126900353531059,-0.0,40.34999149771134,-0.0,-0.0,-0.0,-0.0,-0.0
2040-09-15 16:00:00,0.0,7.03033165050446,-0.0,42.41814686742781,-0.0,-0.0,-0.0,-0.0,-0.0
2040-09-15 17:00:00,0.0,7.178562030742469,-0.0,43.55700978722296,-0.0,-0.0,-0.0,-0.0,-0.0
2040-09-15 18:00:00,0.0,7.477664915702948,-0.0,44.05764262296635,-0.0,-0.0,-0.0,-0.0,-0.0
2040-09-15 19:00:00,0.0,7.623429505557069,-0.0,46.33892933030485,-0.0,-0.0,-0.0,-0.0,-1.418571372973985e-12
2040-09-15 20:00:00,0.0,7.936115771294113,-0.0,47.05434140320761,-0.0,-0.0,-0.0,-0.0,-0.0
2040-09-15 21:00:00,0.0,8.183741655267598,-0.0,47.869561735429265,-0.0,-0.0,-0.0,-0.0,-0.0
2040-09-15 22:00:00,0.0,8.149208068605823,-0.0,49.34453617402016,-0.0,-0.0,-0.0,-0.0,-0.0
2040-09-15 23:00:00,0.0,8.354571963999037,-0.0,50.426062635000726,-0.0,-0.0,-0.0,-0.0,-0.0
2040-09-16 00:00:00,0.0,8.249737200110651,-0.0,50.445632840705784,-0.0,-0.0,-0.0,-0.0,-0.0
2040-09-16 01:00:00,0.0,8.488891745400048,-0.0,51.53062090450237,-0.0,-0.0,-0.0,-0.0,-0.0
2040-09-16 02:00:00,0.0,8.423398877064042,-0.0,51.90974434788603,-0.0,-0.0,-0.0,-0.0,-0.0
2040-09-16 03:00:00,0.0,8.489155143573646,-0.0,51.70980362381494,-0.0,-0.0,-0.0,-0.0,-0.0
2040-09-16 04:00:00,0.0,8.177627086902989,-0.0,50.18839456589641,-0.0,-0.0,-0.0,-0.0,-0.0
2040-09-16 05:00:00,0.0,8.18003693055516,-0.0,48.0118100813138,-0.0,-0.0,-0.0,-0.0,-0.0
2040-09-16 06:00:00,0.0,7.765533814955963,-0.0,46.93083985796644,-0.0,-0.0,-0.0,-0.0,-0.0
2040-09-16 07:00:00,0.0,7.7156635968743315,-0.0,46.44327206474871,-0.0,-0.0,-0.0,-0.0,-0.0
2040-09-16 08:00:00,0.0,7.39826189210321,-0.0,44.20214720000116,-0.0,-0.0,-0.0,-0.0,-0.0
2040-09-16 09:00:00,0.0,7.3017729887740375,-0.0,43.26515893298359,-0.0,-0.0,-0.0,5.3952174015457836e-14,-0.0
2040-09-16 10:00:00,0.0,6.920423213777487,-0.0,40.125491239044536,-0.0,-0.0,-0.0,-0.0,-0.0
2040-09-16 11:00:00,0.0,6.872965288484349,-0.0,40.27887816755723,-0.0,-0.0,-0.0,-0.0,-0.0
2040-09-16 12:00:00,0.0,6.729954625596832,-0.0,40.985209437304256,-0.0,-0.0,-0.0,-0.0,-0.0
2040-09-16 13:00:00,0.0,6.759246028850041,-0.0,40.169498216416294,-0.0,-0.0,-0.0,-5.393059638276629e-14,-0.0
2040-09-16 14:00:00,0.0,6.894564131827014,-0.0,41.69405410039849,-0.0,-0.0,-0.0,-0.0,-0.0
2040-09-16 15:00:00,0.0,7.006852477245128,-0.0,41.83741254065268,-0.0,-0.0,-0.0,-0.0,-0.0
2040-09-16 16:00:00,0.0,7.125870990657432,-0.0,42.13271620803567,-0.0,-0.0,-0.0,-0.0,-0.0
2040-09-16 17:00:00,0.0,7.285917170594537,-0.0,43.22588402335659,-0.0,-0.0,-0.0,-0.0,-0.0
2040-09-16 18:00:00,0.0,7.4774165101194185,-0.0,45.38491179324161,-0.0,-0.0,-0.0,-0.0,-0.0
2040-09-16 19:00:00,0.0,7.563807808666096,-0.0,45.887928674944476,-0.0,-0.0,-0.0,-0.0,-0.0
2040-09-16 20:00:00,0.0,7.904148052374997,-0.0,46.686570573875926,-0.0,-0.0,-0.0,-0.0,-0.0
2040-09-16 21:00:00,0.0,8.007325127875992,-0.0,49.42845219054909,-0.0,-0.0,-0.0,-0.0,-0.0
2040-09-16 22:00:00,0.0,8.084716637254447,-0.0,50.26363357641101,-0.0,-0.0,-0.0,-0.0,-0.0
2040-09-16 23:00:00,0.0,8.307108861038271,-0.0,50.62494142027685,-0.0,-0.0,-0.0,-0.0,-0.0
2040-09-17 00:00:00,0.0,8.548548175642443,-0.0,53.92225955865184,-0.0,-0.0,-0.0,-0.0,-0.0
2040-09-17 01:00:00,0.0,8.657418472327999,-0.0,54.489174309334494,-0.0,-0.0,-0.0,-0.0,-0.0
2040-09-17 02:00:00,0.0,8.671133332803896,-0.0,53.013657510388335,-0.0,-0.0,-0.0,-0.0,-0.0
2040-09-17 03:00:00,0.0,8.53501708686195,-0.0,53.34886547467178,-0.0,-0.0,-0.0,-0.0,-0.0
2040-09-17 04:00:00,0.0,8.49299605415108,-0.0,52.13451797217343,-0.0,-0.0,-0.0,-0.0,-0.0
2040-09-17 05:00:00,0.0,8.2370332028448,-0.0,50.98927890472192,-0.0,-0.0,-0.0,-0.0,-0.0
2040-09-17 06:00:00,0.0,8.16631284989377,-0.0,50.76111794808869,-0.0,-0.0,-0.0,-0.0,-0.0
2040-09-17 07:00:00,0.0,7.779464527502275,-0.0,47.587382564873195,-0.0,-0.0,-0.0,-0.0,-0.0
2040-09-17 08:00:00,0.0,7.690925261216776,-0.0,48.402500571066604,-0.0,-0.0,-0.0,-0.0,-0.0
2040-09-17 09:00:00,0.0,7.663117780078681,-0.0,46.53438026254439,-0.0,-0.0,-0.0,-0.0,-0.0
2040-09-17 10:00:00,7.325419458672329,5.2538225969330155,-0.0,41.924948713381845,-0.0,-0.0,-0.0,-0.0,-0.0
2040-09-17 11:00:00,24.343907851952086,-2.98604902670619e-16,-0.0,37.516838780952966,-0.0,-0.0,-0.0,-0.0,-0.0
2040-09-17 12:00:00,16.049683286100844,2.465649533605525,-0.0,37.67668139684811,-0.0,-0.0,-0.0,-0.0,-0.0
2040-09-17 13:00:00,0.0,7.282982479809488,-0.0,43.30879967547095,-0.0,-0.0,-0.0,-0.0,-0.0
2040-09-17 14:00:00,0.0,7.2770922590755065,-0.0,42.95382574767324,-0.0,-0.0,-0.0,-0.0,-0.0
2040-09-17 15:00:00,0.0,7.15565869334791,-0.0,44.773489041385595,-0.0,-0.0,-0.0,-0.0,-0.0
2040-09-17 16:00:00,0.0,7.232349126722416,-0.0,44.7549280998859,-0.0,-0.0,-0.0,-0.0,-0.0
2040-09-17 17:00:00,0.0,7.371188481205951,-0.0,46.226963497387324,-0.0,-0.0,-0.0,-0.0,-0.0
2040-09-17 18:00:00,0.0,7.505132815055198,-0.0,46.931288641202165,-0.0,-0.0,-0.0,-0.0,-0.0
2040-09-17 19:00:00,0.0,7.961385365886742,-0.0,49.17157365007929,-0.0,-0.0,-0.0,-0.0,-0.0
2040-09-17 20:00:00,0.0,8.187231245743432,-0.0,50.52945563075111,-0.0,-0.0,-0.0,-0.0,-0.0
2040-09-17 21:00:00,0.0,8.291134892841272,-0.0,51.50561539317988,-0.0,-0.0,-0.0,-0.0,-0.0
2040-09-17 22:00:00,0.0,8.624686857597426,-0.0,52.53535914424674,-0.0,-0.0,-0.0,-0.0,-0.0
2040-09-17 23:00:00,0.0,8.558240261003233,-0.0,52.863518250156524,-0.0,-0.0,-0.0,-0.0,-0.0
2040-09-18 00:00:00,0.0,8.589755790953548,-0.0,53.10806760643026,-0.0,-0.0,-0.0,-0.0,-0.0
2040-09-18 01:00:00,0.0,8.68893051431433,-0.0,54.28502063047834,-0.0,-0.0,-0.0,-0.0,-0.0
2040-09-18 02:00:00,0.0,8.70531571193934,-0.0,52.43936303124348,-0.0,-0.0,-0.0,-0.0,-0.0
2040-09-18 03:00:00,0.0,8.559924462383796,-0.0,54.1087568290086,-0.0,-0.0,-0.0,-0.0,-0.0
2040-09-18 04:00:00,0.0,8.503489227266218,-0.0,52.29588861244946,-0.0,-0.0,-0.0,-0.0,-0.0
2040-09-18 05:00:00,0.0,8.03599712474515,-0.0,50.820733899692236,-0.0,-0.0,-0.0,-0.0,-0.0
2040-09-18 06:00:00,0.0,8.24106369632831,-0.0,51.392119815304405,-0.0,-0.0,-0.0,-0.0,-0.0
2040-09-18 07:00:00,0.0,7.91458850134158,-0.0,48.72207593455292,-0.0,-0.0,-0.0,-0.0,-0.0
2040-09-18 08:00:00,0.0,7.752603658892622,-0.0,46.84831133784738,-0.0,-0.0,-0.0,-0.0,-0.0
2040-09-18 09:00:00,0.0,7.557037912549984,-0.0,45.451695348658276,-0.0,-0.0,-0.0,-0.0,-0.0
2040-09-18 10:00:00,0.0,7.3983286588876735,-0.0,45.56968326553174,-0.0,-0.0,-0.0,-0.0,-0.0
2040-09-18 11:00:00,0.0,6.9405319650689385,-0.0,44.78206000245834,-0.0,-0.0,-0.0,-0.0,-0.0
2040-09-18 12:00:00,0.0,7.113436860293434,-0.0,43.221085582156405,-0.0,-0.0,-0.0,-0.0,-0.0
2040-09-18 13:00:00,3.7030784589468864,5.943920016309103,-0.0,41.87452822648518,-0.0,-0.0,-0.0,-0.0,-0.0
2040-09-18 14:00:00,23.511988932469986,-5.559988715705019e-17,-0.0,35.74494181880791,-0.0,-0.0,-0.0,-0.0,-0.0
2040-09-18 15:00:00,0.0,7.114758640558034,-0.0,43.59975237652644,-0.0,-0.0,-0.0,-0.0,-0.0
2040-09-18 16:00:00,0.0,7.1937286081513285,-0.0,43.86011847183795,-0.0,-0.0,-0.0,-0.0,-5.437378137607557e-13
2040-09-18 17:00:00,0.0,7.710504619433547,-0.0,46.48067948547746,-0.0,-0.0,-0.0,-0.0,-0.0
2040-09-18 18:00:00,0.0,7.865040527910523,-0.0,45.736679955191676,-0.0,-0.0,-0.0,-0.0,-0.0
2040-09-18 19:00:00,0.0,7.92512450054327,-0.0,48.574953775701815,-0.0,-0.0,-0.0,-5.552816939140068e-13,-0.0
2040-09-18 20:00:00,0.0,8.056144214944602,-0.0,50.295593851801236,-0.0,-0.0,-0.0,-0.0,-0.0
2040-09-18 21:00:00,0.0,8.173186938612103,-0.0,51.29643986027268,-0.0,-0.0,-0.0,-0.0,-0.0
2040-09-18 22:00:00,0.0,8.271967138737063,-0.0,53.12606825374289,-0.0,-0.0,-0.0,-0.0,-0.0
2040-09-18 23:00:00,0.0,8.261575472527534,-0.0,53.911651917876306,-0.0,-0.0,-0.0,-0.0,-0.0
2040-09-19 00:00:00,0.0,8.610105825746238,-0.0,52.15431460655429,-0.0,-0.0,-0.0,-0.0,-0.0
2040-09-19 01:00:00,0.0,8.751531319814243,-0.0,52.8782086077699,-0.0,-0.0,-0.0,-0.0,-0.0
2040-09-19 02:00:00,0.0,8.571478553022088,-0.0,53.8350049555378,-0.0,-0.0,-0.0,-0.0,-0.0
2040-09-19 03:00:00,0.0,8.696578595153698,-0.0,51.72015700816477,-0.0,-0.0,-0.0,-0.0,-0.0
2040-09-19 04:00:00,0.0,8.15746912401064,-0.0,51.417177348772405,-0.0,-0.0,-0.0,-0.0,-0.0
2040-09-19 05:00:00,0.0,8.326452295541056,-0.0,50.28545246795912,-0.0,-0.0,-0.0,-0.0,-0.0
2040-09-19 06:00:00,0.0,8.051970805897444,-0.0,50.5407979016631,-0.0,-0.0,-0.0,-0.0,-0.0
2040-09-19 07:00:00,0.0,7.839309696581118,-0.0,47.41337653088623,-0.0,-0.0,-0.0,-0.0,-0.0
2040-09-19 08:00:00,0.0,7.551452113882306,-0.0,47.12690888370481,-0.0,-0.0,-0.0,-0.0,-0.0
2040-09-19 09:00:00,0.0,7.480429779024348,-0.0,46.20474878207667,-0.0,-0.0,-0.0,-0.0,-0.0
2040-09-19 10:00:00,0.0,7.302012122889162,-0.0,43.36867831554468,-0.0,-0.0,-0.0,-0.0,-0.0
2040-09-19 11:00:00,0.0,7.034048378558971,-0.0,42.874649854785645,-0.0,-0.0,-0.0,-0.0,-0.0
2040-09-19 12:00:00,0.0,7.206761864634172,-0.0,42.190968585599414,-0.0,-0.0,-0.0,-0.0,-0.0
2040-09-19 13:00:00,0.0,7.0382305149929225,-0.0,42.117649610306856,-0.0,-0.0,-0.0,-0.0,-0.0
2040-09-19 14:00:00,0.0,7.109164449801686,-0.0,42.603551647054445,-0.0,-0.0,-0.0,-0.0,-0.0
2040-09-19 15:00:00,0.0,7.262915738814885,-0.0,44.46966472620024,-0.0,-0.0,-0.0,-0.0,-0.0
2040-09-19 16:00:00,0.0,7.349521133217434,-0.0,44.182603087020034,-0.0,-0.0,-0.0,-0.0,-0.0
2040-09-19 17:00:00,0.0,7.49310843790413,-0.0,45.987101996610946,-0.0,-0.0,-0.0,-0.0,-0.0
2040-09-19 18:00:00,0.0,7.65139427383829,-0.0,47.15426911207959,-0.0,-0.0,-0.0,-0.0,-0.0
2040-09-19 19:00:00,0.0,7.777456016235725,-0.0,48.4799111238637,-0.0,-0.0,-0.0,-0.0,-0.0
2040-09-19 20:00:00,0.0,8.06627971789567,-0.0,49.81567195792057,-0.0,-0.0,-0.0,-0.0,-0.0
2040-09-19 21:00:00,0.0,8.204948090241148,-0.0,51.02674078075203,-0.0,-0.0,-0.0,-0.0,-0.0
2040-09-19 22:00:00,0.0,8.462409388102484,-0.0,53.0655171267909,-0.0,-0.0,-0.0,-0.0,-0.0
2040-09-19 23:00:00,0.0,8.332636283049602,-0.0,52.357782873885505,-0.0,-0.0,-0.0,-0.0,-0.0
2040-09-20 00:00:00,0.0,8.458527981286187,-0.0,52.94779507201017,-0.0,-0.0,-0.0,-0.0,-0.0
2040-09-20 01:00:00,0.0,8.417172964874617,-0.0,53.186690233151765,-0.0,-0.0,-0.0,-0.0,-0.0
2040-09-20 02:00:00,0.0,8.606603228050917,-0.0,52.96695582443096,-0.0,-0.0,4.551664017801805e-14,-0.0,-0.0
2040-09-20 03:00:00,0.0,8.510871352095526,-0.0,54.38167909911455,-0.0,-0.0,-0.0,-0.0,-0.0
2040-09-20 04:00:00,0.0,8.380561736410407,-0.0,51.658353033659566,-0.0,-0.0,-0.0,-0.0,-0.0
2040-09-20 05:00:00,0.0,7.9974817279513735,-0.0,50.827709645536984,-0.0,-0.0,-0.0,-0.0,-0.0
2040-09-20 06:00:00,0.0,8.119152993916085,-0.0,49.11982479209847,-0.0,-0.0,-0.0,-0.0,-0.0
2040-09-20 07:00:00,0.0,7.8031759715090905,-0.0,48.14006862348964,-0.0,-0.0,-0.0,-0.0,-0.0
2040-09-20 08:00:00,0.0,7.685590736144076,-0.0,47.042814343842664,-0.0,-0.0,-0.0,-0.0,-0.0
2040-09-20 09:00:00,0.0,7.427963540258175,-0.0,45.96362396808312,-0.0,-0.0,-0.0,-0.0,-0.0
2040-09-20 10:00:00,0.0,7.267751335396002,-0.0,43.62560183055856,-0.0,-0.0,-0.0,-0.0,-0.0
2040-09-20 11:00:00,0.0,7.161583149430662,-0.0,42.91243371331098,-0.0,-0.0,-0.0,-0.0,-0.0
2040-09-20 12:00:00,0.0,6.996607625675234,-0.0,42.78506953352466,-0.0,-0.0,-0.0,-0.0,-0.0
2040-09-20 13:00:00,0.0,7.098803246198766,-0.0,41.97450170798588,-0.0,-0.0,-0.0,-0.0,-0.0
2040-09-20 14:00:00,0.0,6.983065598629011,-0.0,42.62278321418476,-0.0,-0.0,-0.0,-0.0,-0.0
2040-09-20 15:00:00,0.0,6.999105008697884,-0.0,43.121183040061226,-0.0,-0.0,-0.0,-0.0,-0.0
2040-09-20 16:00:00,0.0,7.3673486985507575,-0.0,45.69976125869968,-0.0,-0.0,-0.0,-0.0,-0.0
2040-09-20 17:00:00,0.0,7.4814875750940155,-0.0,44.89981870158903,-0.0,-0.0,-0.0,-0.0,-0.0
2040-09-20 18:00:00,0.0,7.644984016123286,-0.0,46.41623683728524,-0.0,-0.0,-0.0,-0.0,-0.0
2040-09-20 19:00:00,0.0,7.646221066289381,-0.0,47.25514186023355,-0.0,-0.0,-0.0,-0.0,-0.0
2040-09-20 20:00:00,0.0,8.06161229532541,-0.0,50.26893973102705,-0.0,-0.0,-0.0,-0.0,-0.0
2040-09-20 21:00:00,0.0,8.271433187102438,-0.0,49.930194862312916,-0.0,-0.0,-0.0,-0.0,-0.0
2040-09-20 22:00:00,0.0,8.28904047268089,-0.0,50.974762610315906,-0.0,-0.0,-0.0,-0.0,-0.0
2040-09-20 23:00:00,0.0,8.42297944798616,-0.0,52.84414728002327,-0.0,-0.0,-0.0,-0.0,-0.0
2040-09-21 00:00:00,0.0,8.349025814405385,-0.0,53.106567377267346,-0.0,-0.0,-0.0,-0.0,-0.0
2040-09-21 01:00:00,0.0,8.416173718694452,-0.0,54.93647373217974,-0.0,-0.0,-0.0,-0.0,-0.0
2040-09-21 02:00:00,0.0,8.598936715458942,-0.0,53.020547341715265,-0.0,-0.0,-0.0,-0.0,-0.0
2040-09-21 03:00:00,0.0,8.434945202687844,-0.0,52.6851446198723,-0.0,-0.0,-0.0,-0.0,-0.0
2040-09-21 04:00:00,0.0,8.51539554455893,-0.0,52.9745268741744,-0.0,-0.0,-0.0,-0.0,-0.0
2040-09-21 05:00:00,0.0,8.36713491516649,-0.0,50.77883702333883,-0.0,-0.0,-0.0,-0.0,-0.0
2040-09-21 06:00:00,0.0,8.05838418199844,-0.0,49.168020872585096,-0.0,-0.0,-0.0,-0.0,-0.0
2040-09-21 07:00:00,0.0,7.809762343227124,-0.0,48.15339101201597,-0.0,-0.0,-0.0,-0.0,-0.0
2040-09-21 08:00:00,0.0,7.673906517165254,-0.0,48.14973323061226,-0.0,-0.0,-0.0,-0.0,-0.0
2040-09-21 09:00:00,0.0,7.437111790326472,-0.0,45.02357236187253,-0.0,-0.0,-0.0,-0.0,-0.0
2040-09-21 10:00:00,0.0,7.38841281790598,-0.0,44.38521584137062,-0.0,-0.0,-0.0,-0.0,-0.0
2040-09-21 11:00:00,0.0,7.039346977290754,-0.0,43.17589584206494,-0.0,-0.0,-0.0,-0.0,-0.0
2040-09-21 12:00:00,0.0,7.032324236615373,-0.0,43.40723193757597,-0.0,-0.0,-0.0,-0.0,-0.0
2040-09-21 13:00:00,0.0,6.975592711047142,-0.0,41.67046411648964,-0.0,-0.0,-0.0,-0.0,-0.0
2040-09-21 14:00:00,0.0,7.047558065146865,-0.0,43.53802787108051,-0.0,-0.0,-0.0,-0.0,-0.0
2040-09-21 15:00:00,0.0,7.111842563153388,-0.0,43.200102418262105,-0.0,-0.0,-0.0,-0.0,-0.0
2040-09-21 16:00:00,0.0,7.095492137829621,-0.0,43.54995249407438,-0.0,-0.0,-0.0,-0.0,-0.0
2040-09-21 17:00:00,0.0,7.426572717645249,-0.0,45.74220342687827,-0.0,-0.0,-0.0,-0.0,-0.0
2040-09-21 18:00:00,0.0,7.705245142982567,-0.0,46.38057683196588,-0.0,-0.0,-0.0,-0.0,-0.0
2040-09-21 19:00:00,0.0,7.8606751677012525,-0.0,47.86660202949954,-0.0,-0.0,-0.0,-0.0,-0.0
2040-09-21 20:00:00,0.0,7.978101324555031,-0.0,48.56153119561177,-0.0,-0.0,-0.0,-0.0,-0.0
2040-09-21 21:00:00,0.0,8.19843467979593,-0.0,51.34049703496888,-0.0,-0.0,-0.0,-0.0,-0.0
2040-09-21 22:00:00,0.0,8.400823665863099,-0.0,52.916132603684204,-0.0,-0.0,-0.0,-0.0,-0.0
2040-09-21 23:00:00,0.0,8.42625284348699,-0.0,52.50953497176426,-0.0,-0.0,-0.0,-0.0,-0.0
2040-09-22 00:00:00,0.0,8.338451480576465,-0.0,49.126618461366434,-0.0,-0.0,-0.0,-0.0,-0.0
2040-09-22 01:00:00,0.0,8.356146641581937,-0.0,50.59779902473635,-0.0,-0.0,-0.0,-0.0,-0.0
2040-09-22 02:00:00,0.0,8.20668472411751,-0.0,50.84172357706278,-0.0,-0.0,-0.0,-0.0,-0.0
2040-09-22 03:00:00,0.0,8.037231596087427,-0.0,50.67681033155888,-0.0,-0.0,-0.0,-0.0,-0.0
2040-09-22 04:00:00,0.0,8.026288600096452,-0.0,49.84183908426135,-0.0,-0.0,-0.0,-0.0,-0.0
2040-09-22 05:00:00,0.0,7.776490479627346,-0.0,47.526188229089264,-0.0,-0.0,-0.0,-0.0,-0.0
2040-09-22 06:00:00,0.0,7.629857998815101,-0.0,45.563350077722816,-0.0,-0.0,-0.0,-0.0,-0.0
2040-09-22 07:00:00,0.0,7.378754980800355,-0.0,46.63675602036446,-0.0,-0.0,-0.0,-0.0,-0.0
2040-09-22 08:00:00,0.0,7.092554471536719,-0.0,43.99722408415772,-0.0,-0.0,-0.0,-0.0,-0.0
2040-09-22 09:00:00,0.0,7.004216503060083,-0.0,42.39710762800065,-0.0,-0.0,-0.0,-0.0,-0.0
2040-09-22 10:00:00,0.0,6.919581509446687,-0.0,41.264525537069275,-0.0,-0.0,-0.0,-0.0,-0.0
2040-09-22 11:00:00,0.0,6.712055139631919,-0.0,41.06310186171738,-0.0,-0.0,-0.0,-0.0,-0.0
2040-09-22 12:00:00,0.0,6.633792143144478,-0.0,40.79799415438842,-0.0,-0.0,-0.0,-0.0,-0.0
2040-09-22 13:00:00,0.0,6.705720189065196,-0.0,39.78793775647553,-0.0,-0.0,-0.0,-0.0,-0.0
2040-09-22 14:00:00,0.0,6.6918120755979755,-0.0,40.149503372060984,-0.0,-0.0,-0.0,-0.0,-0.0
2040-09-22 15:00:00,0.0,6.859083099451617,-0.0,41.40006796508448,-0.0,-0.0,-0.0,-0.0,-0.0
2040-09-22 16:00:00,0.0,6.911223344810555,-0.0,42.098052009886686,-0.0,-0.0,-0.0,-0.0,-0.0
2040-09-22 17:00:00,0.0,7.015425539328923,-0.0,44.04846080720119,-0.0,-0.0,-0.0,-0.0,-0.0
2040-09-22 18:00:00,0.0,7.269769256629702,-0.0,43.239594893918834,-0.0,-0.0,-0.0,-0.0,-0.0
2040-09-22 19:00:00,0.0,7.318460817403767,-0.0,46.17959964821657,-0.0,-0.0,-0.0,-0.0,-0.0
2040-09-22 20:00:00,0.0,7.433943799807398,-0.0,46.58052690126618,-0.0,-0.0,-0.0,-0.0,-0.0
2040-09-22 21:00:00,0.0,7.707186737250686,-0.0,46.292919867836964,-0.0,-0.0,-0.0,-0.0,-0.0
2040-09-22 22:00:00,0.0,8.026510623593726,-0.0,50.269442536092825,-0.0,-0.0,-0.0,-0.0,-0.0
2040-09-22 23:00:00,0.0,7.934604160521913,-0.0,49.43931799920843,-0.0,-0.0,-0.0,-0.0,-0.0
2040-09-23 00:00:00,0.0,8.123771535114509,-0.0,51.76635462878162,-0.0,-0.0,-0.0,-0.0,-0.0
2040-09-23 01:00:00,0.0,8.243611156158023,-0.0,51.01732214003678,-0.0,-0.0,-0.0,-0.0,-0.0
2040-09-23 02:00:00,0.0,7.9051355072135365,-0.0,50.34217615540468,-0.0,-0.0,-0.0,-0.0,-0.0
2040-09-23 03:00:00,0.0,8.090718765452928,-0.0,50.827884137231564,-0.0,-0.0,-0.0,-0.0,-0.0
2040-09-23 04:00:00,0.0,7.890039947727204,-0.0,48.98513515444103,-0.0,-0.0,-0.0,-0.0,-0.0
2040-09-23 05:00:00,0.0,7.670246364751255,-0.0,49.185588957572264,-0.0,-0.0,-0.0,-0.0,-0.0
2040-09-23 06:00:00,0.0,7.484651746295725,-0.0,47.00771237061063,-0.0,-0.0,-0.0,-0.0,-0.0
2040-09-23 07:00:00,0.0,7.417386675103326,-0.0,43.77479076938405,-0.0,-0.0,-0.0,-0.0,-0.0
2040-09-23 08:00:00,0.0,7.216497182419235,-0.0,43.87666588248059,-0.0,-0.0,-0.0,-0.0,-0.0
2040-09-23 09:00:00,0.0,7.053342650701832,-0.0,42.90975164337397,-0.0,-0.0,-0.0,-0.0,-0.0
2040-09-23 10:00:00,0.0,6.857488829023873,-0.0,41.63930376999277,-0.0,-0.0,-0.0,-0.0,-0.0
2040-09-23 11:00:00,0.0,6.78875811481958,-0.0,41.515020455719466,-0.0,-0.0,-0.0,-0.0,-0.0
2040-09-23 12:00:00,0.0,6.840641852840129,-0.0,40.65988666826267,-0.0,-0.0,-0.0,-0.0,-0.0
2040-09-23 13:00:00,0.0,6.483896964795666,-0.0,38.734879092806516,-0.0,-0.0,-0.0,-0.0,-0.0
2040-09-23 14:00:00,0.0,6.865995439771058,-0.0,40.10103857632848,-0.0,-0.0,-0.0,-0.0,-0.0
2040-09-23 15:00:00,0.0,6.858891542826844,-0.0,40.549477176559684,-0.0,-0.0,-0.0,-0.0,-0.0
2040-09-23 16:00:00,0.0,6.872364894451731,-0.0,42.443627191227286,-0.0,-0.0,-0.0,-0.0,-0.0
2040-09-23 17:00:00,0.0,7.027855579499215,-0.0,42.283745624207334,-0.0,-0.0,-0.0,-0.0,-0.0
2040-09-23 18:00:00,0.0,7.101735608217215,-0.0,43.80515205191516,-0.0,-0.0,-0.0,-0.0,-0.0
2040-09-23 19:00:00,0.0,7.386956379841698,-0.0,44.376640665121016,-0.0,-0.0,-0.0,-0.0,-0.0
2040-09-23 20:00:00,0.0,7.503341582900947,-0.0,46.83870163378757,-0.0,-0.0,-0.0,-0.0,-0.0
2040-09-23 21:00:00,0.0,7.943354646160778,-0.0,49.05986200024195,-0.0,-0.0,-0.0,-0.0,-0.0
2040-09-23 22:00:00,0.0,7.779394062229997,-0.0,48.96546950753898,-0.0,-0.0,-0.0,-0.0,-0.0
2040-09-23 23:00:00,0.0,8.138406433786875,-0.0,49.85653985789494,-0.0,-0.0,-0.0,-0.0,-0.0
2040-09-24 00:00:00,0.0,8.247683909200394,-0.0,55.12447179065835,-0.0,-0.0,-0.0,-0.0,-0.0
2040-09-24 01:00:00,0.0,8.326780269493435,-0.0,54.305433480404695,-0.0,-0.0,-0.0,-0.0,-0.0
2040-09-24 02:00:00,0.0,8.5166900703956,-0.0,53.47332002635907,-0.0,-0.0,-0.0,-0.0,-0.0
2040-09-24 03:00:00,0.0,8.249413750059029,-0.0,52.98237097016342,-0.0,-0.0,-0.0,-0.0,-0.0
2040-09-24 04:00:00,0.0,8.343147133718565,-0.0,50.92643643929762,-0.0,-0.0,-0.0,-0.0,-0.0
2040-09-24 05:00:00,0.0,7.951510084312982,-0.0,50.32682626771377,-0.0,-0.0,-0.0,-0.0,-0.0
2040-09-24 06:00:00,0.0,8.076956386814649,-0.0,50.39308423793228,-0.0,-0.0,-0.0,-0.0,-0.0
2040-09-24 07:00:00,0.0,7.632654284206038,-0.0,48.2789556925235,-0.0,-0.0,-0.0,-0.0,-0.0
2040-09-24 08:00:00,0.0,7.430855726811565,-0.0,46.04821026227888,-0.0,-0.0,-0.0,-0.0,-0.0
2040-09-24 09:00:00,0.0,7.173592487452223,-0.0,45.264712214127684,-0.0,-0.0,-0.0,-0.0,-0.0
2040-09-24 10:00:00,0.0,6.967293440758198,-0.0,43.45786923776887,-0.0,-0.0,-0.0,-0.0,-0.0
2040-09-24 11:00:00,0.0,6.96649007188099,-0.0,42.02339010106304,-0.0,-0.0,-0.0,-0.0,-0.0
2040-09-24 12:00:00,0.0,6.82064366129229,-0.0,42.399353545169255,-0.0,-0.0,-0.0,-0.0,-0.0
2040-09-24 13:00:00,0.0,7.118130363106361,-0.0,42.876607725407546,-0.0,-0.0,-0.0,-0.0,-0.0
2040-09-24 14:00:00,0.0,6.991445882617398,-0.0,41.01976778067315,-0.0,-0.0,-0.0,-0.0,-0.0
2040-09-24 15:00:00,0.0,6.723136103707978,-0.0,42.82720236694768,-0.0,-0.0,-0.0,-0.0,-0.0
2040-09-24 16:00:00,0.0,7.2378459739296845,-0.0,45.24938929735548,-0.0,-0.0,-0.0,-0.0,-0.0
2040-09-24 17:00:00,0.0,7.422433179509812,-0.0,45.74746940677357,-0.0,-0.0,-0.0,-0.0,-0.0
2040-09-24 18:00:00,0.0,7.480816478936041,-0.0,46.19582819566815,-0.0,-0.0,-0.0,-0.0,-0.0
2040-09-24 19:00:00,0.0,7.590354989860457,-0.0,48.632739729788625,-0.0,-0.0,-0.0,-0.0,-0.0
2040-09-24 20:00:00,0.0,7.879220714927822,-0.0,48.47836741051856,-0.0,-0.0,-0.0,-0.0,-0.0
2040-09-24 21:00:00,0.0,7.9293054725981404,-0.0,48.82908717411231,-0.0,-0.0,-0.0,-0.0,-0.0
2040-09-24 22:00:00,0.0,8.374723396525905,-0.0,53.482403590807635,-0.0,-0.0,-0.0,-0.0,-0.0
2040-09-24 23:00:00,0.0,8.2313392168241,-0.0,50.468493233442686,-0.0,-0.0,-0.0,-0.0,-0.0
2040-09-25 00:00:00,0.0,8.17300449082911,-0.0,52.26461729518771,-0.0,-0.0,-0.0,-0.0,-0.0
2040-09-25 01:00:00,0.0,8.478163111083765,-0.0,53.404068153872124,-0.0,-0.0,-0.0,-0.0,-0.0
2040-09-25 02:00:00,0.0,8.25264401067159,-0.0,53.11933311107025,-0.0,-0.0,-0.0,-0.0,-0.0
2040-09-25 03:00:00,0.0,8.12326261752497,-0.0,52.729797335842136,-7.621543975485322e-13,-0.0,-0.0,-0.0,-0.0
2040-09-25 04:00:00,0.0,7.987438677708952,-0.0,54.04324396547757,-0.0,-0.0,-0.0,-0.0,-0.0
2040-09-25 05:00:00,0.0,7.945718823988297,-0.0,51.14082358047915,-0.0,-0.0,-0.0,-0.0,5.449438748713258e-13
2040-09-25 06:00:00,0.0,8.022722416487321,-0.0,50.03571648003747,-0.0,-0.0,-0.0,-0.0,-0.0
2040-09-25 07:00:00,0.0,7.903342542125539,-0.0,48.072976562038434,-0.0,-0.0,-0.0,-0.0,-0.0
2040-09-25 08:00:00,0.0,7.345088064109653,-0.0,45.563036733263736,-0.0,-0.0,-0.0,-0.0,-0.0
2040-09-25 09:00:00,0.0,7.290057292485848,-0.0,46.065489349997996,-0.0,-0.0,-0.0,-0.0,-0.0
2040-09-25 10:00:00,0.0,7.164215224378605,-0.0,43.32573887228321,-0.0,-0.0,-0.0,-0.0,-0.0
2040-09-25 11:00:00,0.0,6.896303361359749,-0.0,43.39031836685026,-0.0,-0.0,-0.0,-0.0,-0.0
2040-09-25 12:00:00,0.0,6.848057570331227,-0.0,43.19806370360833,-0.0,-0.0,-0.0,-0.0,-0.0
2040-09-25 13:00:00,0.0,6.914719358557231,-0.0,41.05277531653319,-0.0,-0.0,-0.0,-0.0,-0.0
2040-09-25 14:00:00,0.0,6.898699011988711,-0.0,41.76512642232732,-0.0,-0.0,-0.0,-0.0,-0.0
2040-09-25 15:00:00,0.0,6.9783707547392835,-0.0,42.98628535227558,8.509432458486855e-13,-0.0,-0.0,-0.0,-0.0
2040-09-25 16:00:00,0.0,7.193672707911851,-0.0,44.06799600946914,-0.0,-0.0,-0.0,-0.0,-0.0
2040-09-25 17:00:00,0.0,7.255996679006588,-0.0,44.43177669836276,-0.0,-0.0,-0.0,-0.0,-0.0
2040-09-25 18:00:00,0.0,7.29889527865969,-0.0,45.757267384770664,-0.0,-0.0,-0.0,-0.0,-0.0
2040-09-25 19:00:00,0.0,7.5883039819001015,-0.0,47.36523522461233,-0.0,-0.0,-0.0,-0.0,-0.0
2040-09-25 20:00:00,0.0,7.7429063930060265,-0.0,50.08161736784497,-0.0,-0.0,-0.0,-0.0,-0.0
2040-09-25 21:00:00,0.0,8.162493524174684,-0.0,51.27089387384898,-0.0,-0.0,-0.0,-0.0,-0.0
2040-09-25 22:00:00,0.0,8.314631895176934,-0.0,51.83726177550086,-0.0,-0.0,-0.0,-0.0,-0.0
2040-09-25 23:00:00,0.0,8.316005340210944,-0.0,52.543135273400736,-0.0,-0.0,-0.0,-0.0,-0.0
2040-09-26 00:00:00,0.0,8.264002108969551,-0.0,53.072609462501866,-0.0,-0.0,-0.0,-0.0,-0.0
2040-09-26 01:00:00,0.0,8.291133118671171,-0.0,54.048562131957816,-0.0,-0.0,-0.0,-0.0,-0.0
2040-09-26 02:00:00,0.0,8.423264526944886,-0.0,52.63287748502814,-0.0,-0.0,-0.0,-0.0,-0.0
2040-09-26 03:00:00,0.0,8.068298072356193,-0.0,52.13761470228,-0.0,-0.0,-0.0,-0.0,-0.0
2040-09-26 04:00:00,0.0,8.180710036392055,-0.0,50.50827986085661,-0.0,-0.0,-0.0,-0.0,-0.0
2040-09-26 05:00:00,0.0,8.064009104399469,-0.0,50.340784797735125,-0.0,-0.0,-0.0,-0.0,-5.443393455097436e-13
2040-09-26 06:00:00,0.0,7.7847070084819014,-0.0,48.40048683396945,-0.0,-0.0,-0.0,-0.0,-0.0
2040-09-26 07:00:00,0.0,7.5510838067596495,-0.0,46.72616785293946,-0.0,-0.0,-0.0,-0.0,-0.0
2040-09-26 08:00:00,0.0,7.289521821236559,-0.0,45.587496262376085,-0.0,-0.0,-0.0,-0.0,-0.0
2040-09-26 09:00:00,0.0,7.2108442835106645,-0.0,44.319324679985364,-0.0,-0.0,-0.0,-0.0,-0.0
2040-09-26 10:00:00,0.0,7.100516134463437,-0.0,42.99291830102928,-0.0,-0.0,5.39845674540785e-14,-0.0,-0.0
2040-09-26 11:00:00,0.0,6.7989999648789246,-0.0,41.665526719895546,-0.0,-0.0,-0.0,-0.0,-0.0
2040-09-26 12:00:00,0.0,7.089048382207068,-0.0,42.128016531930086,-0.0,-0.0,-0.0,-0.0,-0.0
2040-09-26 13:00:00,0.0,6.924371499213191,-0.0,43.748704740913965,-0.0,-0.0,-0.0,-0.0,-0.0
2040-09-26 14:00:00,0.0,6.973820354944071,-0.0,42.664499945385906,-0.0,-0.0,-0.0,-0.0,-0.0
2040-09-26 15:00:00,0.0,6.951223329008773,-0.0,42.419276765511725,-0.0,-0.0,-0.0,-0.0,-0.0
2040-09-26 16:00:00,0.0,7.003783994968217,-0.0,44.82768767014189,-0.0,-0.0,-0.0,-0.0,-0.0
2040-09-26 17:00:00,0.0,7.022731509309696,-0.0,43.929026192256295,-0.0,-0.0,-0.0,-0.0,-0.0
2040-09-26 18:00:00,0.0,7.205368479559468,-0.0,46.13142890669533,-0.0,-0.0,-0.0,-0.0,-0.0
2040-09-26 19:00:00,0.0,7.601040207759851,-0.0,46.69494440078192,-0.0,-0.0,-0.0,-0.0,-0.0
2040-09-26 20:00:00,0.0,7.818807911652255,-0.0,48.99864674262042,-0.0,-0.0,-0.0,-0.0,-0.0
2040-09-26 21:00:00,0.0,7.85314571076075,-0.0,49.912058734320496,-0.0,-0.0,-0.0,-0.0,-0.0
2040-09-26 22:00:00,0.0,8.21982676199127,-0.0,51.478032487472845,-0.0,-0.0,-0.0,-0.0,-0.0
2040-09-26 23:00:00,0.0,8.496966949951327,-0.0,52.60296235782522,-0.0,-0.0,-0.0,-0.0,-0.0
2040-09-27 00:00:00,0.0,8.115628877318747,-0.0,54.164834134486405,-0.0,-0.0,-0.0,-0.0,-0.0
2040-09-27 01:00:00,0.0,8.519321045620963,-0.0,52.41101626283942,-0.0,-0.0,-0.0,-0.0,-0.0
2040-09-27 02:00:00,0.0,8.257801752609943,-0.0,52.4115289837309,-0.0,-0.0,-0.0,-0.0,-0.0
2040-09-27 03:00:00,0.0,8.358333903235183,-0.0,52.600762109851765,-0.0,-0.0,-0.0,-0.0,-0.0
2040-09-27 04:00:00,0.0,7.901424983743783,-0.0,51.68033759361052,-0.0,-0.0,-0.0,-0.0,-0.0
2040-09-27 05:00:00,0.0,7.83449453404909,-0.0,50.64025521368246,-0.0,-0.0,-0.0,-0.0,-0.0
2040-09-27 06:00:00,0.0,7.59762420362556,-0.0,48.130490796175394,-0.0,-0.0,-0.0,-0.0,-0.0
2040-09-27 07:00:00,0.0,7.484251138170973,-0.0,47.30067710729347,-0.0,-0.0,-0.0,-0.0,-0.0
2040-09-27 08:00:00,0.0,7.44138517774847,-0.0,46.07560384620933,-0.0,-0.0,-0.0,-0.0,-0.0
2040-09-27 09:00:00,0.0,7.1348155404252305,-0.0,45.96890846509699,-0.0,-0.0,-0.0,-0.0,-0.0
2040-09-27 10:00:00,0.0,7.130278206674408,-0.0,43.84561417923078,-0.0,-0.0,-0.0,-0.0,-0.0
2040-09-27 11:00:00,0.0,6.966289328811221,-0.0,42.563327754103106,-0.0,-0.0,-0.0,-0.0,-0.0
2040-09-27 12:00:00,0.0,6.863340969182748,-0.0,40.81940039759863,-0.0,-0.0,-0.0,-0.0,-0.0
2040-09-27 13:00:00,0.0,6.898591309393278,-0.0,41.622644678906155,-0.0,-0.0,-0.0,-0.0,-0.0
2040-09-27 14:00:00,0.0,6.877210758188532,-0.0,42.758054509142255,-0.0,-0.0,-0.0,-0.0,-0.0
2040-09-27 15:00:00,0.0,6.956062810389824,-0.0,43.32494699179092,-0.0,-0.0,-0.0,-0.0,-0.0
2040-09-27 16:00:00,0.0,6.96920216740138,-0.0,43.04463274460038,-0.0,-0.0,-0.0,-0.0,-0.0
2040-09-27 17:00:00,0.0,7.271717371264111,-0.0,45.48764001972385,-0.0,-0.0,-0.0,-0.0,-0.0
2040-09-27 18:00:00,0.0,7.298716766971155,-0.0,45.40714077250763,-0.0,-0.0,-0.0,-0.0,-0.0
2040-09-27 19:00:00,0.0,7.42353931816416,-0.0,47.00317045738275,-0.0,-0.0,-0.0,-0.0,-0.0
2040-09-27 20:00:00,0.0,7.604127724379128,-0.0,49.73812142015765,-0.0,-0.0,-0.0,-0.0,-0.0
2040-09-27 21:00:00,0.0,7.874922754141523,-0.0,50.24093897729725,-0.0,-0.0,-0.0,-0.0,-0.0
2040-09-27 22:00:00,0.0,8.11382461131328,-0.0,50.47805835820519,-0.0,-0.0,-0.0,-0.0,-0.0
2040-09-27 23:00:00,27.61860615385617,5.061239860263325e-16,-0.0,44.05529771345738,-0.0,-0.0,-0.0,-0.0,-0.0
2040-09-28 00:00:00,28.0,0.07478002164284166,-0.0,42.82499045010096,-0.0,-0.0,-0.0,-0.0,-0.0
2040-09-28 01:00:00,27.488272314923428,3.3393493045405116e-17,-0.0,44.86611111005128,-0.0,-0.0,-0.0,-0.0,-0.0
2040-09-28 02:00:00,27.87723782494521,3.051456994533011e-17,-0.0,42.47018052071016,-0.0,-0.0,-0.0,-0.0,-0.0
2040-09-28 03:00:00,0.0,8.152999845253428,-0.0,51.40305590194838,-0.0,-0.0,-0.0,-0.0,-0.0
2040-09-28 04:00:00,0.0,7.926571886975938,-0.0,51.59659684378971,-0.0,-0.0,-0.0,-0.0,-0.0
2040-09-28 05:00:00,23.92825170312963,0.6480639339332483,-0.0,43.02343205647925,-0.0,-0.0,-0.0,-0.0,-0.0
2040-09-28 06:00:00,17.28333053064913,2.5321300503707667,-0.0,44.32919164280778,-0.0,-0.0,-0.0,-0.0,-0.0
2040-09-28 07:00:00,25.24214911166174,2.868657229414781e-16,-0.0,38.12352848197385,-0.0,-0.0,-0.0,-0.0,-0.0
2040-09-28 08:00:00,24.223245823749412,-6.086424567119506e-17,-0.0,38.980233011320855,-0.0,-0.0,-0.0,-0.0,-0.0
2040-09-28 09:00:00,0.0,7.059394706323263,-0.0,43.601773018345284,-0.0,-0.0,-0.0,-0.0,-0.0
2040-09-28 10:00:00,23.30959598323429,6.432191088472159e-17,-0.0,36.5618587897886,-0.0,-0.0,-0.0,-0.0,-0.0
2040-09-28 11:00:00,23.085391677263267,-1.708662224839176e-16,-0.0,36.030459127419874,-0.0,-0.0,-0.0,-0.0,-0.0
2040-09-28 12:00:00,22.56949098708192,3.0664736685387814e-16,-0.0,35.45099897465578,-0.0,-0.0,5.68664611714777e-13,-0.0,-0.0
2040-09-28 13:00:00,0.0,6.761440130119162,-0.0,43.48977842054018,-0.0,-0.0,-0.0,-0.0,-0.0
2040-09-28 14:00:00,0.0,6.659014043544019,-0.0,42.25728474829287,-0.0,-0.0,-0.0,-0.0,-0.0
2040-09-28 15:00:00,0.0,6.820335280160009,-0.0,43.47604257656818,-0.0,-0.0,-0.0,-0.0,6.343762454016461e-13
2040-09-28 16:00:00,23.210552379676912,-1.7179259777457017e-16,-0.0,36.75647150432116,-0.0,-0.0,-0.0,-0.0,-0.0
2040-09-28 17:00:00,0.0,7.118553217394221,-0.0,46.00814864835866,-0.0,-0.0,-0.0,-0.0,-0.0
2040-09-28 18:00:00,0.0,7.22379932058703,-0.0,45.101675391445355,-0.0,-0.0,-0.0,-0.0,-0.0
2040-09-28 19:00:00,25.145061536470983,5.073673676399005e-17,-0.0,39.79819091478638,-0.0,-0.0,-0.0,-0.0,-0.0
2040-09-28 20:00:00,0.0,7.511140280792438,-0.0,47.62847919428748,-0.0,-0.0,-0.0,-0.0,-0.0
2040-09-28 21:00:00,0.0,7.705679507080267,-0.0,51.003441624685316,-0.0,-0.0,-0.0,-0.0,-0.0
2040-09-28 22:00:00,27.081550617631308,2.7325141691842743e-16,-0.0,42.17011588657573,-0.0,-0.0,-0.0,-0.0,-0.0
2040-09-28 23:00:00,27.416645820996184,3.8919500347699655e-16,-0.0,43.08235912132449,-0.0,-0.0,-0.0,-0.0,-0.0
2040-09-29 00:00:00,26.598962190298174,-4.337194469520535e-16,-0.0,41.48072030223957,-0.0,-0.0,-0.0,-0.0,-0.0
2040-09-29 01:00:00,0.0,7.767074032146982,-0.0,49.24250895904558,-0.0,-0.0,-0.0,-0.0,-0.0
2040-09-29 02:00:00,26.293862585056655,-7.618988836171554e-17,-0.0,43.007827256971545,-0.0,-0.0,-0.0,-0.0,-5.163596519364891e-14
2040-09-29 03:00:00,25.80567567885135,5.19542367062299e-16,-0.0,42.54439590098718,-0.0,-0.0,-0.0,-0.0,-0.0
2040-09-29 04:00:00,0.0,7.644073534314734,-0.0,49.01185306465255,-0.0,-0.0,-0.0,-0.0,-0.0
2040-09-29 05:00:00,0.0,7.523577870625915,-0.0,47.40764179928688,-0.0,-0.0,-0.0,-0.0,-0.0
2040-09-29 06:00:00,24.313471170905014,4.121631097834254e-16,-0.0,39.32243624034363,-0.0,-0.0,-0.0,-0.0,-0.0
2040-09-29 07:00:00,0.0,7.216838384069187,-0.0,45.22507809575295,-0.0,-0.0,-0.0,-0.0,-0.0
2040-09-29 08:00:00,23.154659394359875,-4.0822648516651017e-16,-0.0,37.0022009953665,-0.0,-0.0,-0.0,-0.0,-0.0
2040-09-29 09:00:00,22.49340499711063,-4.0333221945343854e-16,-0.0,35.82607288063994,-0.0,-0.0,-5.454713524036654e-14,-0.0,-0.0
2040-09-29 10:00:00,21.83088988993416,1.9369032385430707e-16,-0.0,33.79210648901889,-0.0,-0.0,-0.0,-0.0,-0.0
2040-09-29 11:00:00,22.12302071943043,-1.637432465131404e-16,-0.0,32.3141455106284,-0.0,-0.0,-0.0,-0.0,-0.0
2040-09-29 12:00:00,21.954554849779242,7.4351229989228e-17,-0.0,32.792862364804584,-0.0,-0.0,-0.0,-0.0,-0.0
2040-09-29 13:00:00,0.0,6.474276052952505,-0.0,38.80411962125226,-0.0,-0.0,-0.0,-0.0,-0.0
2040-09-29 14:00:00,21.129735874247284,-5.116628296923001e-16,-0.0,33.136865201824214,-0.0,-0.0,-0.0,-0.0,-0.0
2040-09-29 15:00:00,21.66938658947527,1.9488568840578982e-16,-0.0,33.93167581361992,-0.0,-0.0,-0.0,-0.0,-0.0
2040-09-29 16:00:00,0.0,6.588545422306564,-0.0,41.46541061504724,-0.0,-0.0,-0.0,-0.0,-0.0
2040-09-29 17:00:00,0.0,6.881281003426292,-0.0,42.75115953733312,-0.0,-0.0,-0.0,-0.0,-0.0
2040-09-29 18:00:00,18.550476669901222,1.6317588036531907,-0.0,37.90495897471617,-0.0,-0.0,-0.0,-0.0,-0.0
2040-09-29 19:00:00,0.0,6.989257607265838,-0.0,45.101012670745305,-0.0,-0.0,-0.0,-0.0,-5.670108185862951e-13
2040-09-29 20:00:00,0.0,7.3163581928721895,-0.0,46.75630304616982,-0.0,-0.0,-0.0,-5.553927669134618e-13,-0.0
2040-09-29 21:00:00,0.0,7.506952568385841,-0.0,47.305731950741446,-0.0,-0.0,-0.0,-0.0,-0.0
2040-09-29 22:00:00,0.0,7.873352776156717,-0.0,47.890051956626834,-0.0,-0.0,-0.0,-0.0,-0.0
2040-09-29 23:00:00,0.0,7.789360680814407,-0.0,50.53055514394592,-0.0,-0.0,-0.0,-0.0,-0.0
2040-09-30 00:00:00,0.0,7.886054604632013,-0.0,49.46721385956004,-0.0,-0.0,-0.0,-0.0,-0.0
2040-09-30 01:00:00,0.0,7.68205528583001,-0.0,50.275073920692165,-0.0,-0.0,-0.0,-0.0,-0.0
2040-09-30 02:00:00,0.0,7.960299316961328,-0.0,51.36583959627095,-0.0,-0.0,-0.0,-0.0,-0.0
2040-09-30 03:00:00,0.0,7.863411381546359,-0.0,49.79019640245902,-0.0,-0.0,-0.0,-0.0,-0.0
2040-09-30 04:00:00,0.0,7.570567369258377,-0.0,46.69684257269681,-0.0,-0.0,-0.0,-0.0,-0.0
2040-09-30 05:00:00,0.0,7.683023878088964,-0.0,46.94749003127504,-0.0,-0.0,-0.0,-0.0,-0.0
2040-09-30 06:00:00,0.0,7.335515421356571,-0.0,45.60061014925046,-0.0,-0.0,-0.0,-0.0,-0.0
2040-09-30 07:00:00,0.0,7.089217080536732,-0.0,45.23436536240212,-0.0,-0.0,-0.0,-0.0,-0.0
2040-09-30 08:00:00,0.0,6.8979573418505895,-0.0,42.30647044338487,-0.0,-0.0,-0.0,-0.0,-0.0
2040-09-30 09:00:00,0.0,6.6564276930937,-0.0,41.12914638067363,-0.0,-0.0,-0.0,-0.0,-0.0
2040-09-30 10:00:00,0.0,6.6519344588516764,-0.0,40.15148175900792,-0.0,-0.0,-0.0,-0.0,-0.0
2040-09-30 11:00:00,0.0,6.808577031348882,-0.0,38.96575874527323,-0.0,-0.0,-0.0,-0.0,-0.0
2040-09-30 12:00:00,0.0,6.514251981149833,-0.0,39.67465739414841,-0.0,-0.0,-0.0,-0.0,-0.0
2040-09-30 13:00:00,0.0,6.609448767019276,-0.0,40.82082389844588,-0.0,-0.0,-0.0,-0.0,-0.0
2040-09-30 14:00:00,0.0,6.2723236721532905,-0.0,38.39569691080342,-0.0,-0.0,-0.0,-0.0,-0.0
2040-09-30 15:00:00,0.0,6.519646097805757,-0.0,39.630957457236526,-0.0,-0.0,-0.0,-0.0,-0.0
2040-09-30 16:00:00,0.0,6.641530912924292,-0.0,39.988903433817924,-0.0,-0.0,-0.0,-0.0,-0.0
2040-09-30 17:00:00,0.0,6.7707212858172285,-0.0,41.2757667786618,-0.0,-0.0,-0.0,-0.0,-0.0
2040-09-30 18:00:00,0.0,6.9671132749869855,-0.0,42.50430263775803,-0.0,-0.0,-0.0,-0.0,-0.0
2040-09-30 19:00:00,0.0,7.121430983489778,-0.0,45.44071914528632,-0.0,-0.0,-0.0,-0.0,-0.0
2040-09-30 20:00:00,0.0,7.4120854612170435,-0.0,47.26781017262272,-0.0,-0.0,-0.0,-0.0,-0.0
2040-09-30 21:00:00,0.0,7.453743622694994,-0.0,47.34642247251304,-0.0,-0.0,-0.0,-0.0,-0.0
2040-09-30 22:00:00,0.0,7.617903490740294,-0.0,46.82264606744868,-0.0,-0.0,-0.0,-0.0,-0.0
2040-09-30 23:00:00,0.0,7.751878034253224,-0.0,50.25299718481034,-0.0,-0.0,-0.0,-0.0,-0.0
2040-10-01 00:00:00,0.0,8.171580965803868,-0.0,51.64417834682634,-0.0,-0.0,-0.0,-0.0,-0.0
2040-10-01 01:00:00,0.0,8.308976558541705,-0.0,53.358417854728685,-0.0,-0.0,-0.0,-0.0,-0.0
2040-10-01 02:00:00,0.0,8.051076704616568,-0.0,52.555093426313974,-0.0,-0.0,-0.0,-0.0,-0.0
2040-10-01 03:00:00,0.0,7.930966631090397,-0.0,52.3663054178087,-0.0,-0.0,-0.0,-0.0,-0.0
2040-10-01 04:00:00,0.0,7.801973719058537,-0.0,51.24645780651224,-0.0,-0.0,-0.0,-0.0,-0.0
2040-10-01 05:00:00,0.0,7.824582513103107,-0.0,50.471585764481844,-0.0,-0.0,-0.0,-0.0,-0.0
2040-10-01 06:00:00,0.0,7.596581377074968,-0.0,49.653802757100856,-0.0,-0.0,-0.0,-0.0,-0.0
2040-10-01 07:00:00,0.0,7.238828974620657,-0.0,46.275427531527065,-0.0,-0.0,-0.0,-0.0,-0.0
2040-10-01 08:00:00,0.0,7.098978743614356,-0.0,45.26128229123561,-0.0,-0.0,-0.0,-0.0,-0.0
2040-10-01 09:00:00,0.0,7.103159718603945,-0.0,43.520759163267776,-0.0,5.39845674540785e-14,-0.0,-0.0,-0.0
2040-10-01 10:00:00,0.0,6.971427046547531,-0.0,43.19105122985944,-0.0,-0.0,-0.0,-0.0,-0.0
2040-10-01 11:00:00,0.0,6.791349969933797,-0.0,41.77074648800149,-0.0,-0.0,-0.0,-0.0,-0.0
2040-10-01 12:00:00,0.0,6.842380519738636,-0.0,42.65022055385535,-0.0,-0.0,-0.0,-0.0,-0.0
2040-10-01 13:00:00,0.0,6.670592756241226,-0.0,42.18901244803599,-0.0,-0.0,-0.0,-0.0,-0.0
2040-10-01 14:00:00,0.0,6.723473376373209,-0.0,40.70129437497611,-0.0,-0.0,-0.0,-0.0,-0.0
2040-10-01 15:00:00,0.0,6.823326080225063,-0.0,43.421945185054554,-0.0,-5.393059638276629e-14,-0.0,-0.0,-0.0
2040-10-01 16:00:00,0.0,6.745421653802624,-0.0,43.23086065156543,-0.0,-0.0,-0.0,-0.0,-0.0
2040-10-01 17:00:00,0.0,7.028930572278256,-0.0,43.51515724108248,-0.0,-0.0,-0.0,-0.0,-0.0
2040-10-01 18:00:00,0.0,7.235173196181637,-0.0,46.07439470691814,-0.0,-0.0,-0.0,-0.0,-0.0
2040-10-01 19:00:00,0.0,7.509573790371248,-0.0,46.57547119135958,-0.0,-0.0,-0.0,-0.0,-0.0
2040-10-01 20:00:00,0.0,7.656415618347228,-0.0,48.2814185053574,-0.0,-0.0,-0.0,-0.0,-0.0
2040-10-01 21:00:00,0.0,7.7176853185588845,-0.0,48.98422682433333,-0.0,-0.0,-0.0,-0.0,-0.0
2040-10-01 22:00:00,0.0,8.016197262578766,-0.0,52.0989488399045,-0.0,-0.0,-0.0,-0.0,-0.0
2040-10-01 23:00:00,0.0,8.199374954118953,-0.0,51.732420162239656,-0.0,-0.0,-0.0,-0.0,-0.0
2040-10-02 00:00:00,0.0,8.016628880588131,-0.0,52.04332176410745,-0.0,-0.0,-0.0,-0.0,-5.443937848882324e-13
2040-10-02 01:00:00,0.0,8.175904951658612,-0.0,52.32673310166656,-0.0,-0.0,-0.0,-0.0,-0.0
2040-10-02 02:00:00,0.0,8.065771895202873,-0.0,52.23560881523769,-0.0,-0.0,-0.0,-5.553927669134618e-13,-0.0
2040-10-02 03:00:00,0.0,8.093438065275578,-0.0,52.37290371574604,-0.0,-0.0,-0.0,-0.0,-0.0
2040-10-02 04:00:00,0.0,7.717661967261184,-0.0,50.214654021806126,-0.0,-0.0,-0.0,-0.0,-0.0
2040-10-02 05:00:00,0.0,7.6317894729810485,-0.0,49.266451023131,-0.0,-0.0,-0.0,-0.0,-0.0
2040-10-02 06:00:00,0.0,7.584058505205255,-0.0,49.093805655304486,-0.0,-0.0,-0.0,-0.0,-0.0
2040-10-02 07:00:00,0.0,7.202449161560184,-0.0,47.47685523722387,-0.0,-0.0,-0.0,-0.0,-0.0
2040-10-02 08:00:00,0.0,7.11200783889072,-0.0,44.67555342918473,-0.0,-0.0,-0.0,-0.0,-0.0
2040-10-02 09:00:00,0.0,6.90941061299153,-0.0,44.214800135273336,-0.0,-0.0,-0.0,-0.0,-0.0
2040-10-02 10:00:00,0.0,6.815836909556012,-0.0,43.00169427496738,-0.0,-0.0,-0.0,-0.0,-0.0
2040-10-02 11:00:00,0.0,6.896451169763562,-0.0,42.564084301174915,-0.0,-0.0,-0.0,-0.0,-0.0
2040-10-02 12:00:00,0.0,6.756567356399221,-0.0,41.667726542275545,-0.0,-0.0,-0.0,-0.0,-0.0
2040-10-02 13:00:00,0.0,6.515302233069363,-0.0,41.260492512010494,-0.0,-0.0,-0.0,-0.0,-0.0
2040-10-02 14:00:00,0.0,6.711562614456622,-0.0,41.50373293773628,-0.0,-0.0,-0.0,-0.0,-0.0
2040-10-02 15:00:00,0.0,6.647388436786525,-0.0,41.79210455868308,-0.0,-0.0,-0.0,-0.0,-0.0
2040-10-02 16:00:00,0.0,6.575306338503601,-0.0,43.078219697171825,-0.0,-0.0,-0.0,-0.0,-0.0
2040-10-02 17:00:00,0.0,7.063336091988284,-0.0,44.140252959017545,-0.0,-0.0,-0.0,-0.0,-0.0
2040-10-02 18:00:00,0.0,7.157752151643815,-0.0,44.6191701463552,-0.0,-0.0,-0.0,-0.0,-0.0
2040-10-02 19:00:00,0.0,7.3479856189566775,-0.0,46.47918063337681,-0.0,-0.0,-0.0,-0.0,-0.0
2040-10-02 20:00:00,0.0,7.62333479234141,-0.0,49.36379998801257,-0.0,-0.0,-0.0,-0.0,-0.0
2040-10-02 21:00:00,0.0,7.793089376681358,-0.0,51.12634658384746,-0.0,-0.0,-0.0,-0.0,-0.0
2040-10-02 22:00:00,0.0,7.712203547885667,-0.0,48.869116416150575,-0.0,-0.0,-0.0,-0.0,-0.0
2040-10-02 23:00:00,0.0,8.027039342224333,-0.0,51.35425919327061,-0.0,-0.0,-0.0,-0.0,-0.0
2040-10-03 00:00:00,0.0,7.816893343195697,-0.0,51.23924555651846,-0.0,-0.0,-0.0,-0.0,-0.0
2040-10-03 01:00:00,0.0,8.051493613681616,-0.0,52.076905760931616,-0.0,-0.0,-0.0,-0.0,-0.0
2040-10-03 02:00:00,0.0,8.159442554508871,-0.0,51.759771410407566,-0.0,-0.0,-0.0,-0.0,-0.0
2040-10-03 03:00:00,0.0,8.041692125194029,-0.0,53.1063165449484,-0.0,-0.0,-0.0,-0.0,-0.0
2040-10-03 04:00:00,0.0,7.702277262038909,-0.0,49.49062687691751,-0.0,-0.0,-0.0,-0.0,-0.0
2040-10-03 05:00:00,0.0,7.803469122941693,-0.0,48.73695407157804,-0.0,-0.0,-0.0,-0.0,-0.0
2040-10-03 06:00:00,0.0,7.679138384334574,-0.0,48.08643692222039,-0.0,-0.0,-0.0,-0.0,-0.0
2040-10-03 07:00:00,0.0,7.34264525507293,-0.0,47.497989414503415,-0.0,-0.0,-0.0,-0.0,-0.0
2040-10-03 08:00:00,0.0,7.241613425356363,-0.0,45.960752341120795,-0.0,-0.0,-0.0,-0.0,-0.0
2040-10-03 09:00:00,0.0,6.808812283420679,-0.0,44.56613441246332,-0.0,-0.0,-0.0,-0.0,-0.0
2040-10-03 10:00:00,0.0,6.676908425830615,-0.0,43.249177202418316,-0.0,-0.0,-0.0,-0.0,-0.0
2040-10-03 11:00:00,0.0,6.8202887190880555,-0.0,42.5969574696108,-0.0,-0.0,-0.0,-0.0,-0.0
2040-10-03 12:00:00,0.0,6.473523560973917,-0.0,41.029512617696355,-0.0,-0.0,-0.0,-0.0,-0.0
2040-10-03 13:00:00,0.0,6.443008943348604,-0.0,41.84701486412792,-0.0,-0.0,-0.0,-0.0,-0.0
2040-10-03 14:00:00,0.0,6.5483856265522755,-0.0,41.751293989579,-0.0,-0.0,-0.0,-0.0,-0.0
2040-10-03 15:00:00,0.0,6.614564103896444,-0.0,40.55063081576503,-0.0,-0.0,-0.0,-0.0,-0.0
2040-10-03 16:00:00,0.0,6.910882919453953,-0.0,43.356803902337866,-0.0,-0.0,-0.0,-0.0,-0.0
2040-10-03 17:00:00,0.0,6.917758944975826,-0.0,44.840394939379074,-0.0,-0.0,-0.0,-0.0,-0.0
2040-10-03 18:00:00,0.0,7.215417968087787,-0.0,46.409772826010816,-0.0,-0.0,-0.0,-0.0,-0.0
2040-10-03 19:00:00,0.0,7.427162654708131,-0.0,45.9129553249031,-0.0,-0.0,-0.0,-0.0,-0.0
2040-10-03 20:00:00,0.0,7.52151964547222,-0.0,48.4481299379559,-0.0,-0.0,-0.0,-0.0,-0.0
2040-10-03 21:00:00,0.0,7.8736376062420845,-0.0,51.672729174068735,-0.0,-0.0,-0.0,-0.0,-0.0
2040-10-03 22:00:00,0.0,7.930903503349765,-0.0,50.146013191457925,-0.0,-0.0,-0.0,-0.0,-0.0
2040-10-03 23:00:00,0.0,7.917103468581008,-0.0,53.387294808182375,-0.0,-0.0,-0.0,-0.0,-0.0
2040-10-04 00:00:00,0.0,8.09499588870536,-0.0,51.51273357515431,-0.0,-0.0,-0.0,-0.0,-0.0
2040-10-04 01:00:00,0.0,8.061674459019798,-0.0,52.749246702081784,-0.0,-0.0,-0.0,-0.0,-0.0
2040-10-04 02:00:00,0.0,8.202028661452115,-0.0,51.850756632948105,-0.0,-0.0,-0.0,-0.0,-0.0
2040-10-04 03:00:00,0.0,7.718200179105,-0.0,51.45305493238755,-0.0,-0.0,-0.0,-0.0,-0.0
2040-10-04 04:00:00,0.0,7.835939362261294,-0.0,51.07899705488564,-0.0,-0.0,-0.0,-0.0,-0.0
2040-10-04 05:00:00,0.0,7.5958500537911915,-0.0,47.7310458069703,-0.0,-0.0,-0.0,-0.0,-0.0
2040-10-04 06:00:00,0.0,7.517674680341895,-0.0,49.16688354614825,-0.0,-0.0,-0.0,-0.0,-0.0
2040-10-04 07:00:00,0.0,7.364817311186049,-0.0,47.4829162198304,-0.0,-0.0,-0.0,-0.0,-0.0
2040-10-04 08:00:00,0.0,7.118823378502135,-0.0,46.76347642582495,-0.0,-0.0,-0.0,-0.0,-0.0
2040-10-04 09:00:00,0.0,6.937423603463827,-0.0,45.16609281482165,-0.0,-0.0,-0.0,-0.0,-0.0
2040-10-04 10:00:00,0.0,6.681938552677145,-0.0,43.25799645413293,-0.0,-0.0,-0.0,-0.0,-0.0
2040-10-04 11:00:00,0.0,6.592025107001512,-0.0,42.00139775525635,-0.0,-0.0,-0.0,-0.0,-0.0
2040-10-04 12:00:00,0.0,6.555428980604584,-0.0,40.796346328324304,-0.0,-0.0,-0.0,-0.0,-0.0
2040-10-04 13:00:00,0.0,6.507563194341194,-0.0,42.3087562814606,-0.0,-0.0,-0.0,-0.0,-0.0
2040-10-04 14:00:00,0.0,6.486633053508439,-0.0,41.25739160909327,-0.0,-0.0,-0.0,-0.0,-0.0
2040-10-04 15:00:00,0.0,6.688248980956295,-0.0,42.272899609025224,-0.0,-0.0,-0.0,-0.0,-0.0
2040-10-04 16:00:00,0.0,6.612809073359988,-0.0,42.67981717493458,-0.0,-0.0,-0.0,-0.0,-0.0
2040-10-04 17:00:00,0.0,7.061593985631553,-0.0,43.689497535779,-0.0,-0.0,-0.0,-0.0,-0.0
2040-10-04 18:00:00,0.0,7.284057831291549,-0.0,45.648584449104476,-0.0,-0.0,-0.0,-0.0,-0.0
2040-10-04 19:00:00,0.0,7.505013698771729,-0.0,47.00802252704843,-0.0,-0.0,-0.0,-0.0,-0.0
2040-10-04 20:00:00,0.0,7.515095192488765,-0.0,49.26634090515915,-0.0,-0.0,-0.0,-0.0,-0.0
2040-10-04 21:00:00,0.0,7.45181949453596,-0.0,48.691840413336344,-0.0,-0.0,-0.0,-0.0,-0.0
2040-10-04 22:00:00,0.0,7.847308435135094,-0.0,50.61851609899338,-0.0,-0.0,-0.0,-0.0,-0.0
2040-10-04 23:00:00,0.0,8.1118165280279,-0.0,50.65196737104319,-0.0,-0.0,-0.0,-0.0,-0.0
2040-10-05 00:00:00,0.0,7.986006065623048,-0.0,52.14915002032498,-0.0,-0.0,-0.0,-0.0,-0.0
2040-10-05 01:00:00,0.0,8.262672838843656,-0.0,53.188208506158624,-0.0,-0.0,-0.0,-0.0,-0.0
2040-10-05 02:00:00,0.0,8.014599318572367,-0.0,52.79659704702362,-0.0,-0.0,-0.0,-0.0,-0.0
2040-10-05 03:00:00,19.22523740132237,2.0831486181534298,-0.0,46.17219146693285,-0.0,-0.0,-0.0,-0.0,-0.0
2040-10-05 04:00:00,25.86448539478867,1.6383571984421368e-16,-0.0,43.169701542845104,-0.0,-0.0,-0.0,-0.0,-0.0
2040-10-05 05:00:00,25.770734157229583,2.829534076877317e-16,-0.0,40.94294220936453,-0.0,-0.0,-0.0,-0.0,-0.0
2040-10-05 06:00:00,25.007155053005707,4.0702881766529505e-16,-0.0,41.6800116476522,-0.0,-0.0,-0.0,-0.0,-0.0
2040-10-05 07:00:00,23.754291780922394,-4.126646563789944e-16,-0.0,38.995505984395145,-0.0,-0.0,-0.0,-0.0,-0.0
2040-10-05 08:00:00,23.36866469711941,4.1915608245683664e-16,-0.0,38.96556795122525,-0.0,-0.0,-0.0,-0.0,-0.0
2040-10-05 09:00:00,22.57049109444108,6.979238598572982e-17,-0.0,36.37635534422289,-0.0,-0.0,-0.0,-0.0,-0.0
2040-10-05 10:00:00,22.295726509480573,-1.6502152614380538e-16,-0.0,36.967487457312316,-0.0,-0.0,-0.0,-0.0,-0.0
2040-10-05 11:00:00,21.829950120421127,-2.7999787762741834e-16,-0.0,35.17364944526042,-0.0,-0.0,-0.0,-0.0,-0.0
2040-10-05 12:00:00,0.0,6.644829424532035,-0.0,42.0765444691263,-0.0,-0.0,-0.0,-0.0,-0.0
2040-10-05 13:00:00,21.759531690615557,4.3106605921353584e-16,-0.0,33.87504503194694,-0.0,-0.0,-0.0,-0.0,-0.0
2040-10-05 14:00:00,0.0,6.40527827515076,-0.0,42.0350156319337,-0.0,-0.0,-0.0,-0.0,-0.0
2040-10-05 15:00:00,22.85340793242878,6.769838073514256e-17,-0.0,35.14945511888332,-0.0,-0.0,-5.959760440404248e-14,-0.0,-0.0
2040-10-05 16:00:00,0.0,6.516842817913417,-0.0,42.820251000595505,-0.0,-0.0,-0.0,-0.0,-0.0
2040-10-05 17:00:00,0.0,6.76238125536272,-0.0,43.605558659541984,-0.0,-0.0,-0.0,-0.0,-0.0
2040-10-05 18:00:00,23.47786980936304,4.183478022567056e-16,-0.0,38.06257504442324,-0.0,-0.0,-0.0,-0.0,-0.0
2040-10-05 19:00:00,24.171340224788022,-6.048006706403576e-17,-0.0,40.1300963185233,-0.0,-0.0,-0.0,-0.0,-0.0
2040-10-05 20:00:00,0.0,7.413805922771304,-0.0,48.881098803692986,-0.0,-0.0,-0.0,-0.0,-0.0
2040-10-05 21:00:00,25.271997058536723,-6.862656412429464e-17,-0.0,41.05620457808847,-0.0,-0.0,-0.0,-0.0,-0.0
2040-10-05 22:00:00,0.0,7.776808379017003,-0.0,51.9343377674679,-0.0,-0.0,-0.0,-0.0,-0.0
2040-10-05 23:00:00,26.845943852724567,5.118428358728402e-16,-0.0,43.38954940424896,-0.0,-0.0,-0.0,-0.0,-0.0
2040-10-06 00:00:00,25.633876348052684,4.023901482534014e-16,-0.0,39.629689912896936,-0.0,-0.0,-0.0,-0.0,-0.0
2040-10-06 01:00:00,25.609831201139592,-4.263984069618261e-16,-0.0,41.70639134004074,-0.0,-0.0,-0.0,-0.0,-0.0
2040-10-06 02:00:00,24.846883820143702,2.8979127379133477e-16,-0.0,42.18782344957225,-0.0,-0.0,-0.0,-0.0,-0.0
2040-10-06 03:00:00,19.096765148259585,1.6536543139872846,-0.0,43.547479759169256,-0.0,-0.0,-0.0,-0.0,-0.0
2040-10-06 04:00:00,0.0,7.255045783019864,-0.0,47.73996559608358,-0.0,-0.0,-0.0,-0.0,-0.0
2040-10-06 05:00:00,0.0,7.22565877704793,-0.0,46.51918224169786,-0.0,-0.0,-0.0,-0.0,-0.0
2040-10-06 06:00:00,0.0,6.960805803311962,-0.0,44.996878948951746,-0.0,-0.0,-0.0,-0.0,-0.0
2040-10-06 07:00:00,0.0,6.940355959178617,-0.0,43.37736028848053,-0.0,-0.0,-0.0,-0.0,-0.0
2040-10-06 08:00:00,0.0,6.576479382634404,-0.0,40.76348134222023,-0.0,-0.0,-0.0,-0.0,-0.0
2040-10-06 09:00:00,0.0,6.734496888079299,-0.0,40.814153824367494,-0.0,-0.0,-0.0,-0.0,-0.0
2040-10-06 10:00:00,0.0,6.472132869826832,-0.0,39.658247138341714,-0.0,-0.0,-0.0,-0.0,-0.0
2040-10-06 11:00:00,0.0,6.252434602948251,-0.0,40.840093651671545,-0.0,-0.0,-0.0,-0.0,-0.0
2040-10-06 12:00:00,0.0,6.184778261480553,-0.0,39.63389133063626,-0.0,-0.0,-0.0,-0.0,-0.0
2040-10-06 13:00:00,0.0,6.240138934741232,-0.0,39.67956710706754,-0.0,-0.0,-0.0,-0.0,-0.0
2040-10-06 14:00:00,0.0,6.256781993176609,-0.0,38.64292355652444,-0.0,-0.0,-0.0,-0.0,-0.0
2040-10-06 15:00:00,0.0,6.384546037529689,-0.0,40.18047320752057,-0.0,-0.0,-0.0,-0.0,-0.0
2040-10-06 16:00:00,0.0,6.516432588958782,-0.0,40.97179983140762,-0.0,-0.0,-0.0,-0.0,-0.0
2040-10-06 17:00:00,0.0,6.534134801329948,-0.0,39.84718265056639,-0.0,-0.0,-0.0,-0.0,-0.0
2040-10-06 18:00:00,0.0,6.793776534403712,-0.0,42.76906923565475,-0.0,-0.0,-0.0,-0.0,-0.0
2040-10-06 19:00:00,0.0,6.800571708320224,-0.0,42.61409693705596,-0.0,-0.0,-0.0,-0.0,-0.0
2040-10-06 20:00:00,0.0,6.925544957248383,-0.0,45.76121782600266,-0.0,-0.0,-0.0,-0.0,-0.0
2040-10-06 21:00:00,0.0,7.293603328473462,-0.0,47.43490142129108,-0.0,-0.0,-0.0,-0.0,-0.0
2040-10-06 22:00:00,0.0,7.4356990924261295,-0.0,47.53221675258382,-0.0,-0.0,-0.0,-0.0,-0.0
2040-10-06 23:00:00,0.0,7.460046698266781,-0.0,47.67237202680745,-0.0,-0.0,-0.0,-0.0,-0.0
2040-10-07 00:00:00,0.0,7.5836920324712045,-0.0,48.985684853168884,-0.0,-0.0,-0.0,-0.0,-0.0
2040-10-07 01:00:00,0.0,7.5742764358212495,-0.0,49.48721219115668,-0.0,-0.0,-0.0,-0.0,-0.0
2040-10-07 02:00:00,0.0,7.621818730446002,-0.0,49.047728669856234,-0.0,-0.0,-0.0,-0.0,-0.0
2040-10-07 03:00:00,0.0,7.721242343878951,-0.0,47.627042606109576,-0.0,-0.0,-0.0,-0.0,-0.0
2040-10-07 04:00:00,0.0,7.2363477128542755,-0.0,46.76733821080335,-0.0,-0.0,-0.0,-0.0,-0.0
2040-10-07 05:00:00,0.0,7.337339279450956,-0.0,45.92321568652548,-0.0,-0.0,-0.0,-0.0,-0.0
2040-10-07 06:00:00,0.0,7.1766441479407135,-0.0,45.058354479805566,-0.0,-0.0,-0.0,-0.0,-0.0
2040-10-07 07:00:00,0.0,6.787910055813544,-0.0,43.914899815466114,-0.0,-0.0,-0.0,-0.0,-0.0
2040-10-07 08:00:00,0.0,6.6842985368209895,-0.0,44.04032068666545,-0.0,-0.0,-0.0,-0.0,-0.0
2040-10-07 09:00:00,0.0,6.507558094445379,-0.0,41.01716549827315,-0.0,-0.0,-0.0,-0.0,-0.0
2040-10-07 10:00:00,0.0,6.217556142881996,-0.0,40.97882461166768,-0.0,-0.0,-0.0,-0.0,-0.0
2040-10-07 11:00:00,0.0,6.188264173809292,-0.0,39.78429332242313,-0.0,-0.0,-0.0,-0.0,-0.0
2040-10-07 12:00:00,0.0,6.270018872199928,-0.0,39.01591562115418,-0.0,-0.0,-0.0,-0.0,-0.0
2040-10-07 13:00:00,0.0,6.1441545879984005,-0.0,38.608671685202154,-0.0,-0.0,-0.0,-0.0,-0.0
2040-10-07 14:00:00,0.0,6.081613146313775,-0.0,39.92997032242759,-0.0,-0.0,-0.0,-0.0,-0.0
2040-10-07 15:00:00,0.0,6.313046853789834,-0.0,39.88446720345721,-0.0,-0.0,-0.0,-0.0,-0.0
2040-10-07 16:00:00,0.0,6.304271023656075,-0.0,40.03698537355466,-0.0,-0.0,-0.0,-0.0,-0.0
2040-10-07 17:00:00,0.0,6.492140525537536,-0.0,41.92314582823914,-0.0,-0.0,-0.0,-0.0,-0.0
2040-10-07 18:00:00,0.0,6.655952428871529,-0.0,41.41196244148033,-0.0,-0.0,-0.0,-0.0,-0.0
2040-10-07 19:00:00,0.0,6.98692108407728,-0.0,42.274699167284304,-0.0,-0.0,-0.0,-0.0,-0.0
2040-10-07 20:00:00,0.0,7.1271674451271325,-0.0,44.15345085134445,-0.0,-0.0,-0.0,-0.0,-0.0
2040-10-07 21:00:00,0.0,7.190567994839778,-0.0,45.47492684251192,-0.0,-0.0,-0.0,-0.0,-0.0
2040-10-07 22:00:00,0.0,7.451090728388391,-0.0,47.050165714666875,-0.0,-0.0,-0.0,-0.0,-0.0
2040-10-07 23:00:00,0.0,7.453475001843011,-0.0,47.90683617960916,-0.0,-0.0,-0.0,-0.0,-0.0
2040-10-08 00:00:00,0.0,7.736847158609703,-0.0,52.05441282139154,-0.0,-0.0,-0.0,-0.0,-0.0
2040-10-08 01:00:00,0.0,7.680870968385648,-0.0,52.707922898983796,-0.0,-0.0,-0.0,-0.0,-0.0
2040-10-08 02:00:00,0.0,7.860749845765234,-0.0,52.72722329752656,-0.0,-0.0,-0.0,-0.0,-0.0
2040-10-08 03:00:00,0.0,7.902439212745624,-0.0,53.33310813787741,-0.0,-0.0,-0.0,-0.0,-0.0
2040-10-08 04:00:00,0.0,7.521077167834925,-0.0,50.286757318696516,-0.0,-0.0,-0.0,-0.0,-0.0
2040-10-08 05:00:00,0.0,7.252889661691896,-0.0,48.42910913500576,-0.0,-0.0,-0.0,-0.0,-0.0
2040-10-08 06:00:00,0.0,7.242091424007042,-0.0,48.62510804317124,-0.0,-0.0,-0.0,-0.0,-0.0
2040-10-08 07:00:00,0.0,7.162805943947681,-0.0,45.72288738607114,-0.0,-0.0,-0.0,-0.0,-0.0
2040-10-08 08:00:00,0.0,7.077247196649238,-0.0,45.717577667927344,-0.0,-0.0,-0.0,-0.0,-0.0
2040-10-08 09:00:00,0.0,6.647058027237069,-0.0,43.45770357526736,-0.0,-0.0,-0.0,-0.0,-0.0
2040-10-08 10:00:00,0.0,6.491685590209403,-0.0,43.40205685720694,-0.0,-0.0,-0.0,-0.0,-0.0
2040-10-08 11:00:00,0.0,6.3812951227451045,-0.0,42.56146638320632,-0.0,-0.0,-0.0,-0.0,-0.0
2040-10-08 12:00:00,0.0,6.354890260539537,-0.0,40.1127275779844,-0.0,-0.0,-0.0,-0.0,-0.0
2040-10-08 13:00:00,0.0,6.462480999012057,-0.0,40.143186320659154,-0.0,-0.0,-0.0,-0.0,-0.0
2040-10-08 14:00:00,0.0,6.429664455960046,-0.0,40.65396288203665,-0.0,-0.0,-0.0,-0.0,-0.0
2040-10-08 15:00:00,0.0,6.561379206698706,-0.0,42.93285839669026,-0.0,-0.0,-0.0,-0.0,-0.0
2040-10-08 16:00:00,0.0,6.762447053831662,-0.0,42.954946327001764,-0.0,-0.0,-0.0,-0.0,-0.0
2040-10-08 17:00:00,0.0,6.8584008051817245,-0.0,42.795011842948064,-0.0,-0.0,-0.0,-0.0,-0.0
2040-10-08 18:00:00,0.0,6.992823703920134,-0.0,46.07975328426758,-0.0,-0.0,-0.0,-0.0,-0.0
2040-10-08 19:00:00,0.0,7.161310784798077,-0.0,46.81635495102674,-0.0,-0.0,-0.0,-0.0,-0.0
2040-10-08 20:00:00,0.0,7.287908647652763,-0.0,48.719256678194355,-0.0,-0.0,-0.0,-0.0,-0.0
2040-10-08 21:00:00,0.0,7.545508761509758,-0.0,48.73011509867247,-0.0,-0.0,-0.0,-0.0,-0.0
2040-10-08 22:00:00,0.0,7.607571198969872,-0.0,51.04873031878972,-0.0,-0.0,-0.0,-0.0,-0.0
2040-10-08 23:00:00,0.0,7.558116090429561,-0.0,50.947134925427406,-0.0,-0.0,-0.0,-0.0,-0.0
2040-10-09 00:00:00,0.0,7.839049105179832,-0.0,51.921005125522115,-0.0,-0.0,-0.0,-0.0,-0.0
2040-10-09 01:00:00,0.0,7.737013114825348,-0.0,50.06009689237302,-0.0,-0.0,-0.0,-0.0,-0.0
2040-10-09 02:00:00,0.0,7.8345124686984855,-0.0,51.135036822670536,-0.0,-0.0,-0.0,-0.0,-0.0
2040-10-09 03:00:00,0.0,7.6118419629336715,-0.0,51.74056896895252,-0.0,-0.0,-0.0,-0.0,-0.0
2040-10-09 04:00:00,0.0,7.702713687798653,-0.0,51.161197046716936,-0.0,-0.0,-0.0,-0.0,-0.0
2040-10-09 05:00:00,0.0,7.49158484952097,-0.0,49.85567078761927,-0.0,-0.0,-0.0,-0.0,-0.0
2040-10-09 06:00:00,0.0,7.470612714528554,-0.0,47.99484483381406,-0.0,-0.0,-0.0,-0.0,-0.0
2040-10-09 07:00:00,0.0,7.108393779614736,-0.0,46.464401755063314,-0.0,-0.0,-0.0,-0.0,-0.0
2040-10-09 08:00:00,0.0,6.937787829083905,-0.0,45.56805566829677,-0.0,-0.0,-0.0,-0.0,-0.0
2040-10-09 09:00:00,0.0,6.785534323796348,-0.0,43.55865517271169,-0.0,-0.0,-0.0,-0.0,-0.0
2040-10-09 10:00:00,0.0,6.726183015031098,-0.0,42.51049005693789,-0.0,-0.0,-0.0,-0.0,-0.0
2040-10-09 11:00:00,0.0,6.556603244223287,-0.0,42.02825146854145,-0.0,-0.0,-0.0,-0.0,-0.0
2040-10-09 12:00:00,0.0,6.367083021629157,-0.0,41.48111342527025,-0.0,-0.0,-0.0,-0.0,-0.0
2040-10-09 13:00:00,0.0,6.3743415649476285,-0.0,40.46352797874898,-0.0,-0.0,-0.0,-0.0,-0.0
2040-10-09 14:00:00,0.0,6.507133145061581,-0.0,42.033491084331764,-0.0,-0.0,-0.0,-0.0,-0.0
2040-10-09 15:00:00,0.0,6.4527438807964295,-0.0,42.2279794386329,-0.0,-0.0,-0.0,-0.0,-0.0
2040-10-09 16:00:00,0.0,6.576172398871885,-0.0,42.56236036222058,-0.0,-0.0,-0.0,-0.0,-0.0
2040-10-09 17:00:00,0.0,6.764093957552482,-0.0,43.13252465475897,-0.0,-0.0,-0.0,-0.0,-0.0
2040-10-09 18:00:00,0.0,6.830184763497155,-0.0,45.388905524796364,-0.0,-0.0,-0.0,-0.0,-0.0
2040-10-09 19:00:00,0.0,7.216960928149458,-0.0,47.221749245403075,-0.0,-0.0,-0.0,-0.0,-0.0
2040-10-09 20:00:00,0.0,7.428313329299416,-0.0,47.83016134451814,-0.0,-0.0,-0.0,-0.0,-0.0
2040-10-09 21:00:00,0.0,7.525518498350839,-0.0,48.96314419989571,-0.0,-0.0,-0.0,-0.0,-0.0
2040-10-09 22:00:00,0.0,7.652041401446,-0.0,50.74245631638461,-0.0,-0.0,-0.0,-0.0,-0.0
2040-10-09 23:00:00,0.0,7.737894818951632,-0.0,50.994192804065804,-0.0,-0.0,-0.0,-0.0,-0.0
2040-10-10 00:00:00,0.0,7.508925909238518,-0.0,53.0607890546824,-0.0,-0.0,-0.0,-0.0,-0.0
2040-10-10 01:00:00,0.0,7.630184751374678,-0.0,51.97113148995968,-0.0,-0.0,-0.0,-0.0,-0.0
2040-10-10 02:00:00,0.0,7.538744497253057,-0.0,51.71223335428187,-0.0,-0.0,-0.0,-0.0,-0.0
2040-10-10 03:00:00,0.0,7.53156282651739,-0.0,51.97585826181716,-0.0,-0.0,-0.0,-0.0,-0.0
2040-10-10 04:00:00,0.0,7.468584714238993,-0.0,50.58634170672867,-0.0,-0.0,-0.0,-0.0,-0.0
2040-10-10 05:00:00,0.0,7.370795461117258,-0.0,49.68864690365973,-0.0,-0.0,-0.0,-0.0,-0.0
2040-10-10 06:00:00,0.0,7.361154468862008,-0.0,47.60169931776012,-0.0,-0.0,-0.0,-0.0,-0.0
2040-10-10 07:00:00,0.0,6.941881733245622,-0.0,46.13956967353579,-0.0,-0.0,-0.0,-0.0,-0.0
2040-10-10 08:00:00,0.0,6.83088071521934,-0.0,44.803069168447635,-0.0,-0.0,-0.0,-0.0,-0.0
2040-10-10 09:00:00,0.0,6.57885953200612,-0.0,44.127940756985836,-0.0,-0.0,-0.0,-0.0,-0.0
2040-10-10 10:00:00,0.0,6.618747124636221,-0.0,43.16813274065897,-0.0,-0.0,-0.0,-0.0,-0.0
2040-10-10 11:00:00,0.0,6.319523503408863,-0.0,40.835480240426506,-0.0,-0.0,-0.0,-0.0,-0.0
2040-10-10 12:00:00,0.0,6.313563668269136,-0.0,41.07174605159524,-0.0,-0.0,-0.0,-0.0,-0.0
2040-10-10 13:00:00,0.0,6.142254581889535,-0.0,40.07903883677386,-0.0,-0.0,-0.0,-0.0,-0.0
2040-10-10 14:00:00,0.0,6.3886710943228335,-0.0,42.20338316521738,-0.0,-0.0,-0.0,-0.0,-0.0
2040-10-10 15:00:00,0.0,6.446633514995547,-0.0,41.552120499266806,-0.0,-0.0,-0.0,-0.0,-0.0
2040-10-10 16:00:00,0.0,6.4508053575275675,-0.0,41.31846979907736,-0.0,-0.0,-0.0,-0.0,-0.0
2040-10-10 17:00:00,0.0,6.787866083300773,-0.0,44.059370277354766,-0.0,-0.0,-0.0,-0.0,-0.0
2040-10-10 18:00:00,0.0,6.869918213858927,-0.0,44.165358656837725,-0.0,-0.0,-0.0,-0.0,-0.0
2040-10-10 19:00:00,0.0,7.099686856498682,-0.0,45.97461632145601,-0.0,-0.0,-0.0,-0.0,-0.0
2040-10-10 20:00:00,0.0,7.2021274837700355,-0.0,48.457267238933156,-0.0,-0.0,-0.0,-0.0,-0.0
2040-10-10 21:00:00,0.0,7.628718118045174,-0.0,49.799144907179674,-0.0,-0.0,-0.0,-0.0,-0.0
2040-10-10 22:00:00,0.0,7.701606322923145,-0.0,49.29795704419337,-0.0,-0.0,-0.0,-0.0,-0.0
2040-10-10 23:00:00,0.0,7.624228618166685,-0.0,51.50265490967245,-0.0,-0.0,-0.0,-0.0,-0.0
2040-10-11 00:00:00,0.0,7.547463354127942,-0.0,49.65124475068285,-0.0,-0.0,-0.0,-0.0,-0.0
2040-10-11 01:00:00,0.0,7.722921016078939,-0.0,50.54945065772992,-0.0,-0.0,-0.0,-0.0,-0.0
2040-10-11 02:00:00,0.0,7.6614093091266,-0.0,50.909464026283985,-0.0,-0.0,-0.0,-0.0,-0.0
2040-10-11 03:00:00,0.0,7.585318927829099,-0.0,52.02192055770771,-0.0,-0.0,-0.0,-0.0,-0.0
2040-10-11 04:00:00,0.0,7.561720228304982,-0.0,49.98355890174698,-0.0,-0.0,-0.0,-0.0,-0.0
2040-10-11 05:00:00,0.0,7.342479459476494,-0.0,49.24900211738538,-0.0,-0.0,-0.0,-0.0,-0.0
2040-10-11 06:00:00,0.0,6.980981947654748,-0.0,48.43752926983424,-0.0,-0.0,-0.0,-0.0,-0.0
2040-10-11 07:00:00,0.0,6.922504278489346,-0.0,45.749353531925145,-0.0,-0.0,-0.0,-0.0,-0.0
2040-10-11 08:00:00,0.0,6.817809056966552,-0.0,44.79154303344562,-0.0,-0.0,-0.0,-0.0,-0.0
2040-10-11 09:00:00,0.0,6.730710007537101,-0.0,43.39397325686303,-0.0,-0.0,-0.0,-0.0,-0.0
2040-10-11 10:00:00,0.0,6.577653932453274,-0.0,42.600273878447936,-0.0,-0.0,-0.0,-0.0,-0.0
2040-10-11 11:00:00,0.0,6.300514852680894,-0.0,42.28159724150083,-0.0,-0.0,-0.0,-0.0,-0.0
2040-10-11 12:00:00,0.0,6.303857433780867,-0.0,40.412513282898765,-0.0,-0.0,-0.0,-0.0,-0.0
2040-10-11 13:00:00,0.0,6.373063699851944,-0.0,39.843253893204434,-0.0,-0.0,-0.0,-0.0,-0.0
2040-10-11 14:00:00,0.0,6.292178072737976,-0.0,40.28082265124755,-0.0,-0.0,-0.0,-0.0,-0.0
2040-10-11 15:00:00,0.0,6.291675887851415,-0.0,41.374522035063706,-0.0,-0.0,-0.0,-0.0,-0.0
2040-10-11 16:00:00,0.0,6.53955178944327,-0.0,42.5836293587211,-0.0,-0.0,-0.0,-0.0,-0.0
2040-10-11 17:00:00,0.0,6.753896041943914,-0.0,42.915729155124936,-0.0,-0.0,-0.0,-0.0,-0.0
2040-10-11 18:00:00,0.0,6.865389299152071,-0.0,43.89459517020424,-0.0,-0.0,-0.0,-0.0,-0.0
2040-10-11 19:00:00,0.0,7.01694881044974,-0.0,46.317375924197385,-0.0,-0.0,-0.0,-0.0,-0.0
2040-10-11 20:00:00,0.0,7.142526426810254,-0.0,48.52502369270022,-0.0,-0.0,-0.0,-0.0,-0.0
2040-10-11 21:00:00,0.0,7.300687650977174,-0.0,48.385837578411504,-0.0,-0.0,-0.0,-0.0,-0.0
2040-10-11 22:00:00,0.0,7.380519829626134,-0.0,50.790302154797956,-0.0,-0.0,-0.0,-0.0,-0.0
2040-10-11 23:00:00,0.0,7.66025480134142,-0.0,49.45337000653282,-0.0,-0.0,-0.0,-0.0,-0.0
2040-10-12 00:00:00,0.0,7.5567935380604245,-0.0,49.993562567347524,-0.0,-0.0,-0.0,-0.0,-0.0
2040-10-12 01:00:00,0.0,7.709186948638236,-0.0,52.238018542070705,-0.0,-0.0,-0.0,-0.0,-0.0
2040-10-12 02:00:00,0.0,7.65863955622547,-0.0,50.189382812614326,-0.0,-0.0,-0.0,-0.0,-0.0
2040-10-12 03:00:00,0.0,7.389669356386673,-0.0,51.838691049709794,-0.0,-0.0,-0.0,-0.0,-0.0
2040-10-12 04:00:00,0.0,7.390873810427007,-0.0,49.55964118487643,-0.0,-0.0,-0.0,-0.0,-0.0
2040-10-12 05:00:00,0.0,7.355888055973296,-0.0,48.02626973733594,-0.0,-0.0,-0.0,-0.0,-0.0
2040-10-12 06:00:00,0.0,7.266659676617208,-0.0,47.700179746988844,-0.0,-0.0,-0.0,-0.0,-0.0
2040-10-12 07:00:00,0.0,6.898058804908575,-0.0,45.05290175600152,-0.0,-0.0,-0.0,-0.0,-0.0
2040-10-12 08:00:00,0.0,6.885143265807414,-0.0,45.055490009457365,-0.0,-0.0,-0.0,-0.0,-0.0
2040-10-12 09:00:00,0.0,6.594178888468533,-0.0,43.393660389147115,-0.0,-0.0,-0.0,-0.0,-0.0
2040-10-12 10:00:00,0.0,6.312260597475192,-0.0,41.32289050226858,-0.0,-0.0,-0.0,-0.0,-0.0
2040-10-12 11:00:00,0.0,6.412066660957585,-0.0,42.69562227519831,-0.0,-0.0,-0.0,-0.0,-0.0
2040-10-12 12:00:00,0.0,6.196276076811568,-0.0,40.133426685827004,-0.0,-0.0,-0.0,-0.0,-0.0
2040-10-12 13:00:00,0.0,6.194945702208638,-0.0,41.40327985995963,-0.0,-0.0,-0.0,-0.0,-0.0
2040-10-12 14:00:00,0.0,6.269677717742785,-0.0,40.44417374802021,-0.0,-0.0,-0.0,-0.0,-0.0
2040-10-12 15:00:00,0.0,6.233599709051205,-0.0,42.30735752888746,-0.0,-0.0,-0.0,-0.0,-0.0
2040-10-12 16:00:00,0.0,6.438167948378283,-0.0,42.07333589683964,-0.0,-0.0,-0.0,-0.0,-0.0
2040-10-12 17:00:00,0.0,6.47780501524382,-0.0,42.53511664197485,-0.0,-0.0,-0.0,-0.0,-0.0
2040-10-12 18:00:00,0.0,6.7819731717221,-0.0,44.0735315890641,-0.0,-0.0,-0.0,-0.0,-0.0
2040-10-12 19:00:00,0.0,7.075154107149975,-0.0,46.857859200760096,-0.0,-0.0,5.3395007384063427e-14,-0.0,-0.0
2040-10-12 20:00:00,0.0,7.372821545842402,-0.0,47.67286365401328,-0.0,-0.0,-0.0,-0.0,-0.0
2040-10-12 21:00:00,0.0,7.35368935305942,-0.0,50.392258772854156,-0.0,-0.0,-0.0,-0.0,-0.0
2040-10-12 22:00:00,0.0,7.5012427465810925,-0.0,50.16066357585773,-0.0,-0.0,-0.0,-0.0,-0.0
2040-10-12 23:00:00,0.0,7.432074024978931,-0.0,50.3334933668685,-0.0,-0.0,-0.0,-0.0,-0.0
2040-10-13 00:00:00,0.0,7.191842060309438,-0.0,47.691655103902,-0.0,-0.0,-0.0,-0.0,-0.0
2040-10-13 01:00:00,0.0,7.476032808034991,-0.0,48.65419136366269,-0.0,-0.0,-0.0,-0.0,-0.0
2040-10-13 02:00:00,0.0,7.171141898371978,-0.0,47.91913466219361,-0.0,-0.0,-5.961823331130879e-13,-0.0,-0.0
2040-10-13 03:00:00,0.0,7.204904689361733,-0.0,47.40628363734692,-0.0,-0.0,-0.0,-0.0,-0.0
2040-10-13 04:00:00,0.0,7.162988962623877,-0.0,46.23917898960851,-0.0,-0.0,-0.0,-0.0,-0.0
2040-10-13 05:00:00,0.0,6.961478845164593,-0.0,47.42296745105546,-0.0,-0.0,-0.0,-0.0,-0.0
2040-10-13 06:00:00,0.0,6.800927224018667,-0.0,44.09918336760663,-0.0,-0.0,-0.0,-0.0,-0.0
2040-10-13 07:00:00,0.0,6.675078237516748,-0.0,44.240602109326275,-0.0,-0.0,-0.0,-0.0,-0.0
2040-10-13 08:00:00,0.0,6.327445219107869,-0.0,41.37065718055675,-0.0,-0.0,-0.0,-0.0,-0.0
2040-10-13 09:00:00,0.0,6.3965757655426785,-0.0,41.43189360874599,-0.0,-0.0,-0.0,-0.0,-0.0
2040-10-13 10:00:00,0.0,6.151355489842396,-0.0,38.760111247034494,-0.0,-0.0,-0.0,-0.0,-0.0
2040-10-13 11:00:00,0.0,5.908199905503115,-0.0,39.285569127799256,-0.0,-0.0,-0.0,-0.0,-0.0
2040-10-13 12:00:00,0.0,6.098447583225114,-0.0,38.65974911868095,-0.0,-0.0,-0.0,-0.0,-0.0
2040-10-13 13:00:00,0.0,5.962546240482911,-0.0,37.89678596913752,-0.0,-0.0,-0.0,-0.0,-0.0
2040-10-13 14:00:00,0.0,6.035769804984102,-0.0,37.744205823120666,-0.0,-0.0,-0.0,-0.0,-5.411635357904852e-13
2040-10-13 15:00:00,0.0,5.94056749626728,-0.0,38.83370754157754,-0.0,-0.0,5.39845674540785e-14,-0.0,-0.0
2040-10-13 16:00:00,0.0,6.228781277209262,-0.0,39.818693411885846,-0.0,-0.0,-0.0,-0.0,-0.0
2040-10-13 17:00:00,0.0,6.25332426206566,-0.0,39.33883164933392,-0.0,-0.0,-0.0,-0.0,-0.0
2040-10-13 18:00:00,0.0,6.4588823992754785,-0.0,42.18114280872615,-0.0,-0.0,-0.0,-0.0,-0.0
2040-10-13 19:00:00,0.0,6.769030137718328,-0.0,42.489692669925205,-0.0,-0.0,-0.0,-0.0,-0.0
2040-10-13 20:00:00,0.0,6.81581454848007,-0.0,44.23059910030648,-0.0,-0.0,-0.0,-0.0,-0.0
2040-10-13 21:00:00,0.0,6.87655621304723,-0.0,45.8635110417026,-0.0,-0.0,-0.0,-0.0,-0.0
2040-10-13 22:00:00,23.519501508121152,-1.7407928068014798e-16,-0.0,40.96756066842441,-0.0,-0.0,-0.0,-0.0,-0.0
2040-10-13 23:00:00,23.79937216626379,4.159682067960225e-16,-0.0,42.011697518327246,-0.0,-0.0,-0.0,-0.0,-0.0
2040-10-14 00:00:00,24.14512912458907,-1.7870985524444157e-16,-0.0,40.435233109053826,-0.0,-0.0,-0.0,-0.0,-0.0
2040-10-14 01:00:00,23.821234728400793,1.7895881274357712e-16,-0.0,40.20743464479621,-0.0,-0.0,-0.0,-0.0,-0.0
2040-10-14 02:00:00,0.0,7.354408654754708,-0.0,48.65793824405624,-0.0,-0.0,-0.0,-0.0,-0.0
2040-10-14 03:00:00,0.0,7.069015275688067,-0.0,47.54355552871205,-0.0,-0.0,-0.0,-0.0,-0.0
2040-10-14 04:00:00,23.560951065332475,2.9930908814140864e-16,-0.0,40.80970594542822,-0.0,-0.0,-0.0,-0.0,-0.0
2040-10-14 05:00:00,23.001521106062803,-1.702454555556828e-16,-0.0,40.375318920005995,-0.0,-0.0,-0.0,-0.0,-0.0
2040-10-14 06:00:00,23.05752281653951,-4.0750753006498044e-16,-0.0,37.9043086786276,-0.0,-0.0,-0.0,-0.0,-0.0
2040-10-14 07:00:00,21.888243282634093,3.1168961276688487e-16,-0.0,36.9817063942007,-0.0,-0.0,-0.0,-0.0,-0.0
2040-10-14 08:00:00,21.74373463616282,3.127591916106837e-16,-0.0,34.90217767471324,-0.0,-0.0,-0.0,-0.0,-0.0
2040-10-14 09:00:00,20.934191340011846,-3.652035222391471e-17,-0.0,33.815720478279765,-0.0,-0.0,-0.0,-0.0,-0.0
2040-10-14 10:00:00,20.839878496590487,-3.910936648354031e-16,-0.0,33.43808170640075,-0.0,-0.0,-0.0,-0.0,-0.0
2040-10-14 11:00:00,0.0,6.036685053685044,-0.0,38.12327063099204,-0.0,-0.0,-0.0,-0.0,-0.0
2040-10-14 12:00:00,20.138191337194627,8.77950206076311e-17,-0.0,33.10143683367327,-0.0,-0.0,-0.0,-0.0,-0.0
2040-10-14 13:00:00,0.0,5.912063277099726,-0.0,38.356253817876016,-0.0,-0.0,-0.0,-0.0,-0.0
2040-10-14 14:00:00,0.0,5.920185447578823,-0.0,38.88511877820129,-0.0,-0.0,-0.0,-0.0,-0.0
2040-10-14 15:00:00,0.0,6.034291603647142,-0.0,36.75601788332059,-0.0,-0.0,-0.0,-0.0,-0.0
2040-10-14 16:00:00,0.0,6.226785859092971,-0.0,38.94768523842083,-0.0,-0.0,-0.0,-0.0,-0.0
2040-10-14 17:00:00,7.000749624420095,4.308655353934707,-0.0,38.38384212575506,-0.0,-0.0,-0.0,-0.0,-0.0
2040-10-14 18:00:00,21.383966423538435,-3.984935658147419e-17,-0.0,36.04092669446912,-0.0,-0.0,-0.0,-0.0,-0.0
2040-10-14 19:00:00,21.65156275914634,1.9501761125124443e-16,-0.0,36.13861380689949,-0.0,-0.0,-0.0,-0.0,-0.0
2040-10-14 20:00:00,22.25010095872971,-1.646838292307733e-16,-0.0,38.112789508879615,-0.0,-0.0,-0.0,-0.0,-0.0
2040-10-14 21:00:00,23.036783426419746,3.0318870801797074e-16,-0.0,38.51595826093522,-0.0,-0.0,-0.0,-0.0,5.5460552223183706e-14
2040-10-14 22:00:00,24.043504426852067,-1.7795768138245363e-16,-0.0,38.84433831582413,-0.0,-0.0,-0.0,-0.0,-0.0
2040-10-14 23:00:00,23.77927863811865,-5.312733855668265e-16,-0.0,39.87795240600958,-0.0,-0.0,-0.0,-0.0,-0.0
2040-10-15 00:00:00,25.764398443401184,-1.9069485578320358e-16,-0.0,43.0590667932121,-0.0,-0.0,-0.0,-0.0,-0.0
2040-10-15 01:00:00,0.0,7.373756137687245,-0.0,51.54608704089048,-0.0,-0.0,-0.0,-0.0,-5.576489329699561e-14
2040-10-15 02:00:00,0.0,7.548719809272559,-0.0,50.767525506195994,-0.0,-0.0,-0.0,-0.0,6.27116773516166e-14
2040-10-15 03:00:00,25.139717106228733,1.692000827873964e-16,-0.0,44.06877217092995,-0.0,-0.0,-0.0,-0.0,-0.0
2040-10-15 04:00:00,24.64906332966099,5.440786095981169e-17,-0.0,43.1792035222318,-0.0,-0.0,-0.0,-0.0,-0.0
2040-10-15 05:00:00,24.254407325260352,5.732890217909271e-17,-0.0,41.27267619312707,-0.0,-0.0,-0.0,-0.0,-0.0
2040-10-15 06:00:00,0.0,6.877355860763917,-0.0,46.679060824805376,-0.0,-0.0,-0.0,-0.0,-0.0
2040-10-15 07:00:00,0.0,6.650295551993285,-0.0,45.80616778029031,-0.0,-0.0,-0.0,-0.0,-6.18040869946095e-14
2040-10-15 08:00:00,22.20495622051661,-2.827734803387576e-16,-0.0,37.81719376875265,-0.0,-0.0,-0.0,-0.0,-0.0
2040-10-15 09:00:00,0.0,6.523496176642554,-0.0,42.67151438766522,-0.0,-0.0,-0.0,-0.0,-0.0
2040-10-15 10:00:00,21.350938767136164,3.1566646506249066e-16,-0.0,36.517840696590945,-0.0,-0.0,-0.0,-0.0,-0.0
2040-10-15 11:00:00,0.0,6.2927890405033855,-0.0,41.90661397277938,-0.0,-0.0,-0.0,-0.0,-0.0
2040-10-15 12:00:00,0.0,6.1626897942997685,-0.0,39.590424612454875,-0.0,-0.0,-0.0,-0.0,-0.0
2040-10-15 13:00:00,0.0,6.2627226610208195,-0.0,41.17422913605311,-0.0,-0.0,-0.0,-0.0,-0.0
2040-10-15 14:00:00,20.49185132545121,4.4044877874200703e-16,-0.0,34.04232316444809,-0.0,-0.0,-0.0,-0.0,-0.0
2040-10-15 15:00:00,0.0,6.3515623239100405,-0.0,40.95987946031221,-0.0,-0.0,-0.0,-0.0,-0.0
2040-10-15 16:00:00,21.043689543457546,-3.9260216961476817e-16,-0.0,36.23235681879977,-0.0,-0.0,-0.0,-0.0,-0.0
2040-10-15 17:00:00,0.0,6.44426960084749,-0.0,43.62930717566286,-0.0,-0.0,-0.0,-0.0,-0.0
2040-10-15 18:00:00,0.0,6.681121246288623,-0.0,44.948032208864596,-0.0,-0.0,-0.0,-0.0,-0.0
2040-10-15 19:00:00,0.0,6.727427855491186,-0.0,45.60854846428144,-0.0,-0.0,-0.0,-0.0,-0.0
2040-10-15 20:00:00,0.0,6.897222186220599,-0.0,48.26129740456716,-0.0,-0.0,-0.0,-0.0,-0.0
2040-10-15 21:00:00,0.0,7.272344042029698,-0.0,49.34210743534414,-0.0,-0.0,-0.0,-0.0,2.7760150708695457e-13
2040-10-15 22:00:00,0.0,7.287946419300589,-0.0,49.959838754978385,-0.0,-0.0,-0.0,-0.0,-0.0
2040-10-15 23:00:00,25.251090514423304,5.236471218533892e-16,-0.0,41.6529576420983,-0.0,-0.0,-0.0,-0.0,-2.777092750355691e-13
2040-10-16 00:00:00,0.0,7.606636513877838,-0.0,52.75616809992259,-0.0,-0.0,-0.0,-0.0,-0.0
2040-10-16 01:00:00,24.815362108557128,1.7160079203117811e-16,-0.0,43.767828652352215,-0.0,-0.0,-0.0,-0.0,-0.0
2040-10-16 02:00:00,0.0,7.587714683787591,-0.0,50.13471464600996,-0.0,-0.0,-0.0,-0.0,-0.0
2040-10-16 03:00:00,0.0,7.422909489803338,-0.0,50.13608545915679,-0.0,-0.0,-0.0,-0.0,-0.0
2040-10-16 04:00:00,24.965171880914703,-1.8477939090610686e-16,-0.0,41.3270635218085,-0.0,-0.0,-0.0,-0.0,-0.0
2040-10-16 05:00:00,0.0,7.154555491557081,-0.0,47.319543526014996,-0.0,-0.0,-0.0,-0.0,-0.0
2040-10-16 06:00:00,0.0,7.058064644815148,-0.0,48.06494620469851,-0.0,-0.0,-0.0,-0.0,-0.0
2040-10-16 07:00:00,22.279869690048674,-4.648037281025122e-17,-0.0,39.50133088903873,-0.0,-0.0,-0.0,-0.0,-0.0
2040-10-16 08:00:00,21.99509106245894,-3.9964395542849283e-16,-0.0,38.71362978158728,-0.0,-0.0,-0.0,-0.0,3.3996223652281927e-13
2040-10-16 09:00:00,0.0,6.459716913195375,-0.0,42.30918427721229,-0.0,-0.0,-0.0,-0.0,-0.0
2040-10-16 10:00:00,0.0,6.401999800373988,-0.0,42.24545497910013,-0.0,-0.0,-0.0,-0.0,-3.918717131605717e-13
2040-10-16 11:00:00,0.0,6.169090347842846,-0.0,41.07624807160927,-0.0,-0.0,-0.0,-0.0,3.9167577730399137e-13
2040-10-16 12:00:00,0.0,6.20074957433591,-0.0,39.931045186380814,-0.0,-0.0,-0.0,-0.0,-3.917454721519695e-13
2040-10-16 13:00:00,20.52741453074066,-2.7035717761370526e-16,-0.0,33.19165200148119,-0.0,-0.0,-0.0,-0.0,-0.0
2040-10-16 14:00:00,0.0,6.156862822285188,-0.0,39.186059352910874,-0.0,-0.0,-0.0,-0.0,-0.0
2040-10-16 15:00:00,20.48439077793977,2.0365641929946373e-16,-0.0,34.82384729251872,-0.0,-0.0,-0.0,-0.0,4.142996689905123e-13
2040-10-16 16:00:00,0.0,6.257883702624859,-0.0,42.625991311401776,-0.0,-0.0,-0.0,-0.0,-0.0
2040-10-16 17:00:00,21.49798653788433,-3.9596464283630563e-16,-0.0,36.377451211464695,-0.0,-0.0,-0.0,-0.0,-4.3167280096230324e-13
2040-10-16 18:00:00,21.535137282800974,3.143031221745383e-16,-0.0,35.91252371455001,-0.0,-0.0,-0.0,-0.0,4.314569645618221e-13
2040-10-16 19:00:00,22.937682183211017,-1.6977295260890065e-16,-0.0,39.274790324497815,-0.0,-0.0,-0.0,-0.0,-4.3152268129107443e-13
2040-10-16 20:00:00,23.13668755692557,-2.896696775550642e-16,-0.0,40.04883880442199,-0.0,-0.0,-0.0,-0.0,-0.0
2040-10-16 21:00:00,0.0,7.126139512881274,-0.0,48.42047788287413,-0.0,-0.0,-0.0,-0.0,-0.0
2040-10-16 22:00:00,0.0,7.306961472105539,-0.0,48.38638527059562,-0.0,-0.0,-0.0,-0.0,4.597820527018751e-13
2040-10-16 23:00:00,24.205978681319078,1.7611113544280925e-16,-0.0,44.148867376785844,-0.0,-0.0,-0.0,-0.0,-0.0
2040-10-17 00:00:00,24.44656597342592,5.296017996486645e-16,-0.0,44.53888169479892,-0.0,-0.0,-0.0,-0.0,-0.0
2040-10-17 01:00:00,0.0,7.315436499124838,-0.0,50.72574017827118,-0.0,-0.0,-0.0,-0.0,-0.0
2040-10-17 02:00:00,25.650750314553946,2.8384146651920832e-16,-0.0,43.65234500715185,-0.0,-0.0,-0.0,-0.0,-4.771612557284887e-13
2040-10-17 03:00:00,0.0,7.213534640521689,-0.0,49.58364302983786,-0.0,-0.0,-0.0,-0.0,-0.0
2040-10-17 04:00:00,0.0,7.292741880959142,-0.0,48.615372792955064,-0.0,-0.0,-0.0,-0.0,-0.0
2040-10-17 05:00:00,0.0,7.0218886784697085,-0.0,48.013341967689534,-0.0,-0.0,-0.0,-0.0,-0.0
2040-10-17 06:00:00,22.9980756022279,3.0347520346897696e-16,-0.0,39.558175056559705,-0.0,-0.0,-0.0,-0.0,-0.0
2040-10-17 07:00:00,0.0,6.837991215491122,-0.0,45.3335924733786,-0.0,-0.0,-0.0,-0.0,-0.0
2040-10-17 08:00:00,21.63132369867031,-5.153753253692739e-16,-0.0,36.94415706769293,-0.0,-0.0,-0.0,-0.0,-0.0
2040-10-17 09:00:00,20.895798792223832,-5.099313474604597e-16,-0.0,35.89500559270658,-0.0,-0.0,-0.0,-0.0,-0.0
2040-10-17 10:00:00,20.880002090092123,-2.7296684979096113e-16,-0.0,35.209350518083234,-0.0,-0.0,-0.0,-0.0,5.101301524179458e-13
2040-10-17 11:00:00,21.085065493310537,-1.560608345760183e-16,-0.0,35.18668209520381,-0.0,-0.0,-0.0,-0.0,-5.447751438076304e-13
2040-10-17 12:00:00,20.054792652904272,4.4368366275116515e-16,-0.0,33.379715934454346,-0.0,-0.0,-0.0,-0.0,-0.0
2040-10-17 13:00:00,0.27606984932657946,5.95220600053321,-0.0,40.374674402478846,-0.0,-0.0,-0.0,-0.0,5.442849115751926e-13
2040-10-17 14:00:00,0.0,6.144286610734714,-0.0,40.345527507492264,-0.0,-0.0,-0.0,-0.0,-0.0
2040-10-17 15:00:00,0.0,5.958174725753988,-0.0,40.22537555068398,-0.0,-0.0,-0.0,-0.0,-0.0
2040-10-17 16:00:00,0.0,6.198261717506225,-0.0,41.67729146432125,-0.0,-0.0,-0.0,-0.0,-0.0
2040-10-17 17:00:00,0.0,6.495279740132773,-0.0,43.89304110718429,-0.0,-0.0,-0.0,-0.0,-0.0
2040-10-17 18:00:00,0.0,6.39664933403953,-0.0,44.41024677026602,-0.0,-0.0,-0.0,-0.0,-0.0
2040-10-17 19:00:00,0.0,6.661184317519975,-0.0,46.78007264418674,-0.0,-0.0,-0.0,-0.0,-0.0
2040-10-17 20:00:00,0.0,6.764768957668093,-0.0,47.28082492566257,-0.0,-0.0,-0.0,-0.0,-0.0
2040-10-17 21:00:00,0.0,6.851005037453295,-0.0,48.147990368964635,-0.0,-0.0,-0.0,-0.0,-0.0
2040-10-17 22:00:00,0.0,7.184586018985283,-0.0,47.54666910649137,-0.0,-0.0,-0.0,-0.0,-0.0
2040-10-17 23:00:00,0.0,7.33531566055873,-0.0,50.4131551566266,-0.0,-0.0,-0.0,-0.0,-0.0
2040-10-18 00:00:00,0.0,7.248663207559879,-0.0,51.59533611541259,-0.0,-0.0,-0.0,-0.0,-0.0
2040-10-18 01:00:00,0.0,7.389865067290955,-0.0,51.781058774157145,-0.0,-0.0,-0.0,-0.0,-0.0
2040-10-18 02:00:00,0.0,7.430588370684878,-0.0,50.22933981840026,-0.0,-0.0,-0.0,-0.0,-0.0
2040-10-18 03:00:00,0.0,7.379316062619942,-0.0,50.16936871044649,-0.0,-0.0,-0.0,-0.0,-0.0
2040-10-18 04:00:00,0.0,7.246884685096201,-0.0,49.6750428022034,-0.0,-0.0,-0.0,-0.0,-0.0
2040-10-18 05:00:00,0.0,7.029560652248246,-0.0,47.76759216656745,-0.0,-0.0,-0.0,-0.0,-0.0
2040-10-18 06:00:00,0.0,6.766115460363213,-0.0,45.1814148342436,-0.0,-0.0,-0.0,-0.0,-0.0
2040-10-18 07:00:00,0.0,6.764122994182258,-0.0,46.03511042866092,-0.0,-0.0,-0.0,-0.0,-0.0
2040-10-18 08:00:00,0.0,6.508790757959717,-0.0,43.98853087906881,-0.0,-0.0,-0.0,-0.0,-0.0
2040-10-18 09:00:00,0.0,6.4151536460958205,-0.0,41.73444533700193,-0.0,-0.0,-0.0,-0.0,-0.0
2040-10-18 10:00:00,0.0,6.064196755381736,-0.0,40.52320151426992,-0.0,-0.0,-0.0,-0.0,-0.0
2040-10-18 11:00:00,0.0,6.24889843683032,-0.0,40.61731195520426,-0.0,-0.0,-0.0,-0.0,-0.0
2040-10-18 12:00:00,0.0,6.2149769029339526,-0.0,40.835703687584655,-0.0,-0.0,-0.0,-0.0,-0.0
2040-10-18 13:00:00,0.0,6.027838126349604,-0.0,39.35233002934497,-0.0,-0.0,-0.0,-0.0,-0.0
2040-10-18 14:00:00,0.0,6.147235218140888,-0.0,40.52529557264582,-0.0,-0.0,-0.0,-0.0,-0.0
2040-10-18 15:00:00,0.0,6.157773159712044,-0.0,39.90927728274096,-0.0,-0.0,-0.0,-0.0,-0.0
2040-10-18 16:00:00,0.0,6.105093455778863,-0.0,41.79134462292046,-0.0,-0.0,-0.0,-0.0,-0.0
2040-10-18 17:00:00,0.0,6.479082428268202,-0.0,43.25228837508896,-0.0,-0.0,-0.0,-0.0,-0.0
2040-10-18 18:00:00,0.0,6.500861361321488,-0.0,44.82963690314376,-0.0,-0.0,-0.0,-0.0,-0.0
2040-10-18 19:00:00,0.0,6.523042967359195,-0.0,44.699413038570086,-0.0,-0.0,-0.0,-0.0,-0.0
2040-10-18 20:00:00,0.0,6.830986252700218,-0.0,48.322117782131,-0.0,-0.0,-0.0,-0.0,-0.0
2040-10-18 21:00:00,0.0,7.016304468938529,-0.0,47.17872853329309,-0.0,-0.0,-0.0,-0.0,-0.0
2040-10-18 22:00:00,0.0,7.25537873193564,-0.0,49.00633295809208,-0.0,-0.0,-0.0,-0.0,-0.0
2040-10-18 23:00:00,0.0,7.173675006010201,-0.0,49.812778333133906,-0.0,-0.0,-0.0,-0.0,-0.0
2040-10-19 00:00:00,0.0,7.382838032440006,-0.0,48.89122675288645,-0.0,-0.0,-0.0,-0.0,-0.0
2040-10-19 01:00:00,0.0,7.411339686555254,-0.0,49.64527687776571,-0.0,-0.0,-0.0,-0.0,-0.0
2040-10-19 02:00:00,0.0,7.189194930331699,-0.0,48.555694574344116,-0.0,-0.0,-0.0,-0.0,-0.0
2040-10-19 03:00:00,0.0,7.144040161676307,-0.0,48.93257693795602,-0.0,-0.0,-0.0,-0.0,-0.0
2040-10-19 04:00:00,0.0,7.131927221731899,-0.0,49.901360193660054,-0.0,-0.0,-0.0,-0.0,-0.0
2040-10-19 05:00:00,0.0,7.002951678461155,-0.0,48.24861148970382,-0.0,-0.0,-0.0,-0.0,-0.0
2040-10-19 06:00:00,0.0,6.975783080397126,-0.0,46.88313348011177,-0.0,-0.0,-0.0,-0.0,-0.0
2040-10-19 07:00:00,0.0,6.665110852345703,-0.0,45.029666219552325,-0.0,-0.0,-0.0,-0.0,-0.0
2040-10-19 08:00:00,0.0,6.548960291442369,-0.0,44.865690571493104,-0.0,-0.0,-0.0,-0.0,-0.0
2040-10-19 09:00:00,0.0,6.342386105621525,-0.0,42.62253874421627,-0.0,-0.0,-0.0,-0.0,-0.0
2040-10-19 10:00:00,0.0,6.190058729551411,-0.0,40.183255890379144,-0.0,-0.0,-0.0,-0.0,-0.0
2040-10-19 11:00:00,0.0,6.139380169016783,-0.0,40.76258394555027,-0.0,-0.0,-0.0,-0.0,-0.0
2040-10-19 12:00:00,0.0,6.1044964320299835,-0.0,40.39593148407246,-0.0,-0.0,-0.0,-0.0,-0.0
2040-10-19 13:00:00,0.0,6.052531995041677,-0.0,38.91624630694749,-0.0,-0.0,-0.0,-0.0,-0.0
2040-10-19 14:00:00,0.0,5.97769747037534,-0.0,41.08990224977517,-0.0,-0.0,-0.0,-0.0,-0.0
2040-10-19 15:00:00,0.0,6.078303614265539,-0.0,41.27194945001984,-0.0,-0.0,-0.0,-0.0,-0.0
2040-10-19 16:00:00,0.0,6.126687536118301,-0.0,40.08699490468965,-0.0,-0.0,-0.0,-0.0,-0.0
2040-10-19 17:00:00,0.0,6.332248598460789,-0.0,41.85980335727373,-0.0,-0.0,-0.0,-0.0,-0.0
2040-10-19 18:00:00,0.0,6.534121620174244,-0.0,43.484816294296586,-0.0,-0.0,-0.0,-0.0,-0.0
2040-10-19 19:00:00,0.0,6.827907444288314,-0.0,46.06710146941644,-0.0,-0.0,-0.0,-0.0,-0.0
2040-10-19 20:00:00,0.0,6.734854787984662,-0.0,46.36591905553138,-0.0,-0.0,-0.0,-0.0,-0.0
2040-10-19 21:00:00,0.0,7.093337024552507,-0.0,48.11663340538098,-0.0,-0.0,-0.0,-0.0,-0.0
2040-10-19 22:00:00,0.0,7.104428177107184,-0.0,49.18974411329711,-0.0,-0.0,-0.0,-0.0,-0.0
2040-10-19 23:00:00,0.0,7.4391730088834285,-0.0,49.43417880427286,-0.0,-0.0,-0.0,-0.0,-0.0
2040-10-20 00:00:00,0.0,7.1444504065416625,-0.0,47.80154345339005,-0.0,-0.0,-0.0,-0.0,-0.0
2040-10-20 01:00:00,0.0,7.012455735597011,-0.0,47.22934322371624,-0.0,-0.0,-0.0,-0.0,-0.0
2040-10-20 02:00:00,0.0,6.916555163036499,-0.0,47.16740528504119,-0.0,-0.0,-0.0,-0.0,-0.0
2040-10-20 03:00:00,0.0,7.023377820605336,-0.0,47.13350722051685,-0.0,-0.0,-0.0,-0.0,-0.0
2040-10-20 04:00:00,0.0,6.88592674591018,-0.0,45.45252477508767,-0.0,-0.0,-0.0,-0.0,-0.0
2040-10-20 05:00:00,0.0,6.734653447541864,-0.0,45.265440204506355,-0.0,-0.0,-0.0,-0.0,-0.0
2040-10-20 06:00:00,0.0,6.51805060131336,-0.0,43.3912144622948,-0.0,-0.0,-0.0,-0.0,-0.0
2040-10-20 07:00:00,0.0,6.4428902912402135,-0.0,42.120181018112746,-0.0,-0.0,-0.0,-0.0,-0.0
2040-10-20 08:00:00,0.0,6.1942230285489,-0.0,40.83542749072307,-0.0,-0.0,-0.0,-0.0,-0.0
2040-10-20 09:00:00,0.0,6.2072331328719565,-0.0,40.63388932560553,-0.0,-0.0,-0.0,-0.0,-0.0
2040-10-20 10:00:00,0.0,5.943773994145432,-0.0,39.550703768501386,-0.0,-0.0,-0.0,-0.0,-0.0
2040-10-20 11:00:00,0.0,5.794174524443581,-0.0,38.48272648156542,-0.0,-0.0,-0.0,-0.0,-0.0
2040-10-20 12:00:00,0.0,5.725388702943459,-0.0,37.63962200289883,-0.0,-0.0,-0.0,-0.0,-0.0
2040-10-20 13:00:00,0.0,5.7519896880027455,-0.0,37.15369080043643,-0.0,-0.0,-0.0,-0.0,-0.0
2040-10-20 14:00:00,0.0,5.681515276024185,-0.0,38.14205450119506,-0.0,-0.0,-0.0,-0.0,-0.0
2040-10-20 15:00:00,0.0,5.897423474697778,-0.0,37.259390391022755,-0.0,-0.0,-0.0,-0.0,-0.0
2040-10-20 16:00:00,0.0,6.050882562217296,-0.0,38.82518561812516,-0.0,-0.0,-0.0,-0.0,-0.0
2040-10-20 17:00:00,0.0,6.1371632637045535,-0.0,40.1674368160897,-0.0,-0.0,-0.0,-0.0,-0.0
2040-10-20 18:00:00,0.0,6.220701415980831,-0.0,42.216296742238775,-0.0,-0.0,-0.0,-0.0,-0.0
2040-10-20 19:00:00,0.0,6.261687773311922,-0.0,41.83432998510729,-0.0,-0.0,-0.0,-0.0,-0.0
2040-10-20 20:00:00,0.0,6.60121930001623,-0.0,42.79594632030024,-0.0,-0.0,-0.0,-0.0,-0.0
2040-10-20 21:00:00,0.0,6.7211829936037155,-0.0,44.58461070899057,-0.0,-0.0,-0.0,-0.0,-0.0
2040-10-20 22:00:00,0.0,6.703265869739497,-0.0,46.333709158675255,-0.0,-0.0,-0.0,-0.0,-0.0
2040-10-20 23:00:00,0.0,6.870552747106494,-0.0,46.60285202836006,-0.0,-0.0,-0.0,-0.0,-0.0
2040-10-21 00:00:00,0.0,6.80589845038509,-0.0,47.50469724479113,-0.0,-0.0,-0.0,-0.0,-0.0
2040-10-21 01:00:00,0.0,7.132096450419258,-0.0,47.36801578524012,-0.0,-0.0,-0.0,-0.0,-0.0
2040-10-21 02:00:00,0.0,6.986650216497346,-0.0,47.38959345482321,-0.0,-0.0,-0.0,-0.0,-0.0
2040-10-21 03:00:00,0.0,7.05930007487711,-0.0,46.36824987024496,-0.0,-0.0,-0.0,-0.0,-0.0
2040-10-21 04:00:00,0.0,6.821423957537415,-0.0,46.38882787321196,-0.0,-0.0,-0.0,-0.0,-0.0
2040-10-21 05:00:00,0.0,6.617111774503756,-0.0,43.43875006031603,-0.0,-0.0,-0.0,-0.0,-0.0
2040-10-21 06:00:00,0.0,6.5374429248936465,-0.0,42.94990937135987,-0.0,-0.0,-0.0,-0.0,-0.0
2040-10-21 07:00:00,0.0,6.331975677144519,-0.0,43.09173470614572,-0.0,-0.0,-0.0,-0.0,-0.0
2040-10-21 08:00:00,0.0,6.163282454280645,-0.0,40.91111048701985,-0.0,-0.0,-0.0,-0.0,-0.0
2040-10-21 09:00:00,0.0,6.07037121847262,-0.0,39.671160318466306,-0.0,-0.0,-0.0,-0.0,-0.0
2040-10-21 10:00:00,0.0,5.782079657597044,-0.0,38.6012243018289,-0.0,-0.0,-0.0,-0.0,-0.0
2040-10-21 11:00:00,0.0,5.761603888763234,-0.0,37.54642375059735,-0.0,-0.0,-0.0,-0.0,-0.0
2040-10-21 12:00:00,0.0,5.69416654584295,-0.0,36.911190151998206,-0.0,-0.0,-0.0,-0.0,-0.0
2040-10-21 13:00:00,0.0,5.6448456903501,-0.0,38.265476521911836,-0.0,-0.0,-0.0,-0.0,-0.0
2040-10-21 14:00:00,0.0,5.650466550719123,-0.0,36.960689040104114,-0.0,-0.0,-0.0,-0.0,-0.0
2040-10-21 15:00:00,0.0,5.718145730442937,-0.0,38.28425207331139,-0.0,-0.0,-0.0,-0.0,-0.0
2040-10-21 16:00:00,0.0,5.995557677819327,-0.0,39.994329282113505,-0.0,-0.0,-0.0,-0.0,-0.0
2040-10-21 17:00:00,0.0,5.910589572597171,-0.0,39.50280412567973,-0.0,-0.0,-0.0,-0.0,-0.0
2040-10-21 18:00:00,0.0,6.153375524546051,-0.0,40.221764035708,-0.0,-0.0,-0.0,-0.0,-0.0
2040-10-21 19:00:00,0.0,6.289778100150801,-0.0,42.83642085686533,-0.0,-0.0,-0.0,-0.0,-0.0
2040-10-21 20:00:00,0.0,6.534968351533376,-0.0,43.678927854857065,-0.0,-0.0,-0.0,-0.0,-0.0
2040-10-21 21:00:00,0.0,6.726155128609528,-0.0,44.251695460474885,-0.0,-0.0,-0.0,-0.0,-0.0
2040-10-21 22:00:00,0.0,6.793941804569599,-0.0,45.54065761040465,-0.0,-0.0,-0.0,-0.0,-0.0
2040-10-21 23:00:00,0.0,6.88723278324165,-0.0,46.4618719442397,-0.0,-0.0,-0.0,-0.0,-0.0
2040-10-22 00:00:00,0.0,7.118200034601911,-0.0,50.185434208790085,-0.0,-0.0,-0.0,-0.0,-0.0
2040-10-22 01:00:00,0.0,7.309606405969517,-0.0,49.244917350990036,-0.0,-0.0,-0.0,-0.0,-0.0
2040-10-22 02:00:00,0.0,7.107206776417802,-0.0,50.38937290820414,-0.0,-0.0,-0.0,-0.0,-0.0
2040-10-22 03:00:00,0.0,6.874489301853349,-0.0,49.68394162953185,-0.0,-0.0,-0.0,-0.0,-0.0
2040-10-22 04:00:00,0.0,6.998096322275701,-0.0,47.856288351791875,-0.0,-0.0,-0.0,-0.0,-0.0
2040-10-22 05:00:00,0.0,6.928492133515111,-0.0,47.457320093502695,-0.0,-0.0,-0.0,-0.0,-0.0
2040-10-22 06:00:00,0.0,6.834166767774569,-0.0,45.707950980336264,-0.0,-0.0,-0.0,-0.0,-0.0
2040-10-22 07:00:00,0.0,6.561352318789678,-0.0,45.06756704428418,-0.0,-0.0,-0.0,-0.0,-0.0
2040-10-22 08:00:00,0.0,6.449064528537973,-0.0,43.72822042161497,-0.0,-0.0,-0.0,-0.0,-0.0
2040-10-22 09:00:00,0.0,6.145029080476444,-0.0,43.678887984372935,-0.0,-0.0,-0.0,-0.0,-0.0
2040-10-22 10:00:00,0.0,6.020405527873899,-0.0,40.75690908645133,-0.0,-0.0,-0.0,-0.0,-0.0
2040-10-22 11:00:00,0.0,5.954048173895234,-0.0,39.78370242904154,-0.0,-0.0,-0.0,-0.0,-0.0
2040-10-22 12:00:00,0.0,5.8403692487717045,-0.0,39.74894842155457,-0.0,-0.0,-0.0,-0.0,-0.0
2040-10-22 13:00:00,0.0,5.8618170686723765,-0.0,39.36237980548067,-0.0,-0.0,-0.0,-0.0,-0.0
2040-10-22 14:00:00,0.0,5.9259951288187755,-0.0,39.62366536186048,-0.0,-0.0,-0.0,-0.0,-5.4468231826857726e-14
2040-10-22 15:00:00,0.0,5.970674399410293,-0.0,40.6771260131624,-0.0,-0.0,-0.0,-0.0,-0.0
2040-10-22 16:00:00,0.0,6.072813801513575,-0.0,41.383393940937665,-0.0,-0.0,-0.0,-0.0,5.5058750173828024e-14
2040-10-22 17:00:00,0.0,6.216869552275653,-0.0,43.286683427357254,-0.0,-0.0,-0.0,-0.0,-0.0
2040-10-22 18:00:00,0.0,6.42013618024183,-0.0,44.91466362384895,-0.0,-0.0,-0.0,-0.0,-0.0
2040-10-22 19:00:00,0.0,6.560337390894484,-0.0,44.602665620837726,-0.0,-0.0,-0.0,-0.0,-0.0
2040-10-22 20:00:00,0.0,6.591192832687157,-0.0,45.852132825446546,-0.0,-0.0,-0.0,-0.0,-0.0
2040-10-22 21:00:00,0.0,6.840858929161512,-0.0,48.79166567075697,-0.0,-0.0,-0.0,-0.0,-0.0
2040-10-22 22:00:00,0.0,7.017730430389574,-0.0,49.468529369700796,-0.0,-0.0,-0.0,-0.0,-0.0
2040-10-22 23:00:00,0.0,7.136992089350554,-0.0,48.93394532547991,-0.0,-0.0,-0.0,-0.0,-0.0
2040-10-23 00:00:00,0.0,7.052706208106348,-0.0,49.77125204616104,-0.0,-0.0,-0.0,-0.0,-0.0
2040-10-23 01:00:00,0.0,7.189725648175968,-0.0,49.82482180924033,-0.0,-0.0,-0.0,-0.0,-0.0
2040-10-23 02:00:00,0.0,7.170947581880763,-0.0,49.61033687312776,-0.0,-0.0,-0.0,-0.0,-0.0
2040-10-23 03:00:00,0.0,6.985772538191733,-0.0,48.8809245954455,-0.0,-0.0,-0.0,-0.0,-0.0
2040-10-23 04:00:00,0.0,6.835920072110494,-0.0,47.570717464297005,-0.0,-0.0,-0.0,-0.0,-0.0
2040-10-23 05:00:00,0.0,6.889987110972992,-0.0,48.20262303400209,-0.0,-0.0,-0.0,-0.0,-0.0
2040-10-23 06:00:00,11.975201370565406,3.1599827095000266,-0.0,42.4129723859676,-0.0,-0.0,-0.0,-0.0,-5.508629332048827e-14
2040-10-23 07:00:00,21.19740447992722,-2.7531609939940096e-16,-0.0,38.745055367452785,-0.0,-0.0,-0.0,-0.0,5.568225628696915e-14
2040-10-23 08:00:00,21.756262480939913,-4.2604900947502784e-17,-0.0,35.66016672453275,-0.0,-0.0,-0.0,-0.0,-0.0
2040-10-23 09:00:00,20.61214259217206,-3.413671265789182e-17,-0.0,37.21639379883876,-0.0,-0.0,-0.0,-0.0,-5.508629332048827e-14
2040-10-23 10:00:00,20.242317205497567,-2.682470335154124e-16,-0.0,34.90092770798375,-0.0,-0.0,-0.0,-0.0,-0.0
2040-10-23 11:00:00,19.7579703322097,-5.015097250979165e-16,-0.0,34.550108897340465,-0.0,-0.0,-0.0,-0.0,-0.0
2040-10-23 12:00:00,0.0,5.92977411130173,-0.0,39.52187008116177,-0.0,-0.0,-0.0,-0.0,-0.0
2040-10-23 13:00:00,4.796139274797445,4.288522432395618,-0.0,37.68372378884037,-0.0,-0.0,-0.0,-0.0,-0.0
2040-10-23 14:00:00,14.258481948151788,1.806541309128969,-0.0,35.68470900793647,-0.0,-0.0,-0.0,-0.0,-0.0
2040-10-23 15:00:00,0.0,5.8840324007542835,-0.0,40.827238795925204,-0.0,-0.0,-0.0,-0.0,-0.0
2040-10-23 16:00:00,0.0,6.097085251770076,-0.0,41.07376162177897,-0.0,-0.0,-0.0,-0.0,-0.0
2040-10-23 17:00:00,0.0,6.144586136684453,-0.0,42.64827740707593,-0.0,-0.0,-0.0,-0.0,-0.0
2040-10-23 18:00:00,1.921515115669171,5.5569021560917315,-0.0,43.59884832326698,-0.0,-0.0,-0.0,-0.0,-0.0
2040-10-23 19:00:00,0.0,6.686124542901587,-0.0,44.365981940491906,-0.0,-0.0,-0.0,-0.0,-0.0
2040-10-23 20:00:00,22.143581780915014,-1.638954289389465e-16,-0.0,38.93153192365941,-0.0,-0.0,-0.0,-0.0,-0.0
2040-10-23 21:00:00,22.938895447464738,-1.697819325682969e-16,-0.0,38.85584241955246,-0.0,-0.0,-0.0,-0.0,-0.0
2040-10-23 22:00:00,0.0,7.057680240261436,-0.0,48.16335128539644,-0.0,-0.0,-0.0,-0.0,-0.0
2040-10-23 23:00:00,0.0,6.971674858467179,-0.0,50.223964715436985,-0.0,-0.0,-0.0,-0.0,-0.0
2040-10-24 00:00:00,23.736829845937525,-2.9411162280381303e-16,-0.0,42.31329303970199,-0.0,-0.0,-0.0,-0.0,-0.0
2040-10-24 01:00:00,23.554475163840216,-1.7433813773237875e-16,-0.0,43.006410664518754,-0.0,-0.0,-0.0,-0.0,-0.0
2040-10-24 02:00:00,23.922019329863527,-2.9548230033030035e-16,-0.0,42.60694487878094,-0.0,-0.0,-0.0,-0.0,-0.0
2040-10-24 03:00:00,24.004761533596778,2.9602423080516395e-16,-0.0,42.378974433286075,-0.0,-0.0,-0.0,-0.0,-0.0
2040-10-24 04:00:00,0.0,6.889009228281663,-0.0,48.77067925615833,-0.0,-0.0,-0.0,-0.0,-0.0
2040-10-24 05:00:00,0.0,6.829977275374873,-0.0,47.008856149144414,-0.0,-0.0,-0.0,-0.0,-0.0
2040-10-24 06:00:00,0.0,6.731836150089656,-0.0,46.404446267444605,-0.0,-0.0,-0.0,-0.0,-0.0
2040-10-24 07:00:00,0.0,6.346488471501755,-0.0,42.203372554897314,-0.0,-0.0,-0.0,-0.0,-0.0
2040-10-24 08:00:00,0.0,6.437686313595113,-0.0,43.2577772164834,-0.0,-0.0,-0.0,-0.0,-0.0
2040-10-24 09:00:00,0.0,6.253841546080134,-0.0,42.02003908387359,-0.0,-4.779028615809999e-13,-0.0,-0.0,-0.0
2040-10-24 10:00:00,0.0,5.985294417951029,-0.0,40.040039360323476,-0.0,-0.0,-0.0,-0.0,-0.0
2040-10-24 11:00:00,0.0,5.959311324729401,-0.0,39.49493815368155,-0.0,-0.0,-0.0,-0.0,-0.0
2040-10-24 12:00:00,0.0,5.828047929367796,-0.0,39.22427968711518,-0.0,-0.0,-0.0,-0.0,-0.0
2040-10-24 13:00:00,0.0,5.7885312182106246,-0.0,39.06111853533152,-0.0,-0.0,-0.0,-0.0,-0.0
2040-10-24 14:00:00,0.0,5.8294745184023045,-0.0,39.60197215220324,-0.0,-0.0,-0.0,-0.0,-0.0
2040-10-24 15:00:00,0.0,5.869826594072035,-0.0,37.919461574405645,-0.0,-0.0,-0.0,-0.0,-0.0
2040-10-24 16:00:00,0.0,5.914098227261966,-0.0,40.73934408306053,-0.0,-0.0,-0.0,-0.0,-0.0
2040-10-24 17:00:00,0.0,6.197951992869463,-0.0,42.688499663484386,-0.0,-0.0,-0.0,-0.0,-0.0
2040-10-24 18:00:00,0.0,6.221004356732926,-0.0,43.698792151783124,-0.0,-0.0,-0.0,-0.0,-0.0
2040-10-24 19:00:00,0.0,6.421268011007665,-0.0,45.298378357073176,-0.0,-0.0,-0.0,-0.0,-0.0
2040-10-24 20:00:00,0.0,6.670157022820038,-0.0,45.51701087296578,-0.0,-0.0,-0.0,-0.0,-5.400683000501962e-13
2040-10-24 21:00:00,0.0,6.83380490575114,-0.0,47.61071928851758,-0.0,-0.0,-0.0,-0.0,-0.0
2040-10-24 22:00:00,0.0,6.875219946642317,-0.0,48.37900038540954,-0.0,-0.0,-0.0,-0.0,-0.0
2040-10-24 23:00:00,0.0,7.268339800229467,-0.0,49.18372654512568,-0.0,-0.0,-0.0,-0.0,-0.0
2040-10-25 00:00:00,0.0,6.934764237145479,-0.0,48.78906279400239,-0.0,-0.0,-0.0,-0.0,-0.0
2040-10-25 01:00:00,5.11348650492702,5.563496742504223,-0.0,48.08150175106634,-0.0,-0.0,-0.0,-0.0,-0.0
2040-10-25 02:00:00,19.648921036150735,1.0142637542960844,-0.0,42.82495293408335,-0.0,-0.0,-0.0,-0.0,-0.0
2040-10-25 03:00:00,23.457268659450097,-5.288900329503139e-16,-0.0,41.06720242828334,-0.0,-0.0,-0.0,-0.0,-0.0
2040-10-25 04:00:00,22.69640033151642,-2.864108974544138e-16,-0.0,41.607506475845966,-0.0,-0.0,-0.0,-0.0,-0.0
2040-10-25 05:00:00,0.0,6.77834192627028,-0.0,46.906478355908575,-0.0,-0.0,-0.0,-0.0,-0.0
2040-10-25 06:00:00,0.0,6.639992354718179,-0.0,46.63215223269394,-0.0,-0.0,-0.0,-0.0,-0.0
2040-10-25 07:00:00,0.0,6.429886183906898,-0.0,44.784334029260336,-0.0,-0.0,-0.0,-0.0,-0.0
2040-10-25 08:00:00,0.0,6.386338116872667,-0.0,44.294278504493285,-0.0,-0.0,-0.0,-0.0,-0.0
2040-10-25 09:00:00,20.355626853273453,-2.690856933812321e-16,-0.0,35.993849642659285,-0.0,-0.0,-0.0,-0.0,-0.0
2040-10-25 10:00:00,20.00898106870232,8.875136870828549e-17,-0.0,36.53503976761034,-0.0,-0.0,-0.0,-0.0,-0.0
2040-10-25 11:00:00,19.721452974823187,3.277270826953269e-16,-0.0,33.3230575749009,-0.0,-0.0,-0.0,-0.0,-0.0
2040-10-25 12:00:00,0.0,5.769256986633793,-0.0,39.28556768843482,-0.0,-0.0,-0.0,-0.0,-0.0
2040-10-25 13:00:00,0.0,5.839462588446483,-0.0,39.17574609370272,-0.0,-0.0,-0.0,-0.0,-0.0
2040-10-25 14:00:00,0.0,5.9451652416859915,-0.0,38.41134784602864,-0.0,-0.0,-0.0,-0.0,-0.0
2040-10-25 15:00:00,4.163985416934703,4.691377388553682,-0.0,38.59736978459836,-0.0,-0.0,-0.0,-0.0,-0.0
2040-10-25 16:00:00,0.0,6.078270815934704,-0.0,39.76862135160835,-0.0,-0.0,-0.0,-0.0,-0.0
2040-10-25 17:00:00,0.0,6.298833707779316,-0.0,43.08168014015751,-0.0,-0.0,-0.0,-0.0,-0.0
2040-10-25 18:00:00,0.0,6.116633860806679,-0.0,45.096614349396845,-0.0,-0.0,-0.0,-0.0,-0.0
2040-10-25 19:00:00,17.056017354886517,1.302292901997617,-0.0,39.68775989898576,-0.0,-0.0,-0.0,-0.0,5.484413161784094e-13
2040-10-25 20:00:00,13.392645586235002,2.6749543613398767,-0.0,41.69808968987807,-0.0,-0.0,-0.0,-0.0,-0.0
2040-10-25 21:00:00,18.969176575360034,1.0989551065672525,-0.0,40.788248526472685,-0.0,-0.0,-0.0,-0.0,-0.0
2040-10-25 22:00:00,22.907973998110524,1.8571830001193872e-16,-0.0,40.736086881295435,-0.0,-0.0,-0.0,-0.0,-0.0
2040-10-25 23:00:00,23.798465325901173,-5.314153955837762e-16,-0.0,42.581314531806555,-0.0,-0.0,-0.0,-0.0,-0.0
2040-10-26 00:00:00,0.0,7.243538910791048,-0.0,49.05805677054436,-0.0,-0.0,-0.0,-0.0,-0.0
2040-10-26 01:00:00,0.0,6.917828820899499,-0.0,50.58667276407901,-0.0,-0.0,-0.0,-0.0,-0.0
2040-10-26 02:00:00,0.0,7.129754923143885,-0.0,49.80989375247733,-0.0,-0.0,-0.0,-0.0,-5.443393455097436e-13
2040-10-26 03:00:00,23.438247496139237,1.8179348769953872e-16,-0.0,41.431338221408886,-0.0,-0.0,-0.0,-0.0,-0.0
2040-10-26 04:00:00,0.0,6.7032977114934695,-0.0,47.838127919514186,-0.0,-0.0,-0.0,-0.0,-0.0
2040-10-26 05:00:00,22.38255527430059,-2.8408797739650837e-16,-0.0,41.48136701142172,-0.0,-0.0,-0.0,-0.0,-0.0
2040-10-26 06:00:00,21.919623520616618,-1.6223780482469137e-16,-0.0,39.937875682419744,-0.0,-0.0,-0.0,-0.0,-0.0
2040-10-26 07:00:00,21.080733190366068,8.081880949387244e-17,-0.0,38.45664430234956,-0.0,-0.0,-0.0,-0.0,-0.0
2040-10-26 08:00:00,0.0,6.1524355010626435,-0.0,42.71059801257414,-0.0,-0.0,-0.0,-0.0,-0.0
2040-10-26 09:00:00,0.0,6.090662477674236,-0.0,42.96855446293377,-0.0,-0.0,-0.0,-0.0,-0.0
2040-10-26 10:00:00,19.861667946719425,2.08265494134001e-16,-0.0,34.29079541522855,-0.0,-0.0,-0.0,-0.0,-0.0
2040-10-26 11:00:00,0.0,5.967027777977546,-0.0,38.349351627661456,-0.0,-0.0,-0.0,-0.0,-0.0
2040-10-26 12:00:00,0.0,5.757355597913243,-0.0,39.39265380103737,-0.0,-0.0,-0.0,-0.0,-0.0
2040-10-26 13:00:00,0.0,5.782957010359244,-0.0,39.04080201660861,-0.0,-0.0,-0.0,-0.0,5.470198808157941e-13
2040-10-26 14:00:00,0.0,5.773626286699597,-0.0,38.56592033418685,-0.0,-0.0,-0.0,-0.0,-0.0
2040-10-26 15:00:00,0.0,5.71332626166188,-0.0,40.62820186480768,-0.0,-0.0,-0.0,-0.0,-0.0
2040-10-26 16:00:00,0.0,5.966032962128843,-0.0,41.378028028990386,-0.0,-0.0,-0.0,-0.0,-4.902919883545075e-13
2040-10-26 17:00:00,0.0,6.130132996910288,-0.0,42.57592141887415,-0.0,-0.0,-0.0,5.788378848944007e-14,-0.0
2040-10-26 18:00:00,0.0,6.2644704718637945,-0.0,42.340706487523406,-0.0,-0.0,-0.0,-0.0,-0.0
2040-10-26 19:00:00,0.0,6.453048522521137,-0.0,43.969480719691454,-0.0,-0.0,-0.0,-0.0,-0.0
2040-10-26 20:00:00,0.0,6.513480542049017,-0.0,46.03778790975971,-0.0,-0.0,-0.0,-0.0,-0.0
2040-10-26 21:00:00,0.0,6.7895427097036185,-0.0,48.65793702028571,-0.0,-0.0,-0.0,-0.0,-0.0
2040-10-26 22:00:00,0.0,6.966434625255833,-0.0,48.40354821929667,-0.0,-0.0,-0.0,-0.0,-0.0
2040-10-26 23:00:00,0.0,7.0089339671786695,-0.0,48.361831318647916,-0.0,-0.0,-0.0,-0.0,-0.0
2040-10-27 00:00:00,0.0,6.907320603908158,-0.0,47.434750398238606,-0.0,-0.0,-0.0,-0.0,-0.0
2040-10-27 01:00:00,0.0,6.794315753436767,-0.0,47.318570923791945,-0.0,-0.0,-0.0,-0.0,-0.0
2040-10-27 02:00:00,0.0,6.822837437004363,-0.0,47.13189689699722,-0.0,-0.0,-0.0,-0.0,-0.0
2040-10-27 03:00:00,0.0,6.6989344057331826,-0.0,45.09432720940479,-0.0,-0.0,-0.0,-0.0,-0.0
2040-10-27 04:00:00,0.0,6.514955608049708,-0.0,45.19559416900982,-0.0,-0.0,-0.0,-0.0,-0.0
2040-10-27 05:00:00,0.0,6.319488432349625,-0.0,44.21127261989993,-0.0,-0.0,-0.0,-0.0,-0.0
2040-10-27 06:00:00,0.0,6.299425996676434,-0.0,44.47947682809112,-0.0,-0.0,-0.0,-0.0,-0.0
2040-10-27 07:00:00,0.0,6.114115234982687,-0.0,42.81190800634436,-0.0,-0.0,-0.0,-0.0,-0.0
2040-10-27 08:00:00,0.0,5.949578924173267,-0.0,39.906616593257894,-0.0,-0.0,-0.0,-0.0,-0.0
2040-10-27 09:00:00,0.0,5.780905671425967,-0.0,39.885951859359544,-0.0,-0.0,-0.0,-0.0,-0.0
2040-10-27 10:00:00,0.0,5.641258532067899,-0.0,36.43484085400383,-0.0,-0.0,-0.0,-0.0,-0.0
2040-10-27 11:00:00,0.0,5.496038015401027,-0.0,38.84568027390894,-0.0,-0.0,-0.0,-0.0,-0.0
2040-10-27 12:00:00,0.0,5.535266211001564,-0.0,37.01884206421231,-0.0,-0.0,-0.0,-0.0,-0.0
2040-10-27 13:00:00,0.0,5.385198379481167,-0.0,37.46010802545226,-0.0,-0.0,-0.0,-0.0,-0.0
2040-10-27 14:00:00,0.0,5.442415008498355,-0.0,36.460847102687616,-0.0,-0.0,-0.0,-0.0,-0.0
2040-10-27 15:00:00,0.0,5.53719977556879,-0.0,38.50865406805816,-0.0,-0.0,-0.0,-0.0,-0.0
2040-10-27 16:00:00,0.0,5.624272681067928,-0.0,39.304573009158865,-0.0,-0.0,-0.0,-0.0,-0.0
2040-10-27 17:00:00,0.0,5.72607348627652,-0.0,39.32795516817631,-0.0,-0.0,-0.0,-0.0,-0.0
2040-10-27 18:00:00,0.0,5.891147666603825,-0.0,40.77470992678438,-0.0,-0.0,-0.0,-0.0,-0.0
2040-10-27 19:00:00,0.0,6.07272552393317,-0.0,41.392445293848056,-0.0,-0.0,-0.0,-0.0,-0.0
2040-10-27 20:00:00,0.0,6.183357140983748,-0.0,41.765768299341886,-0.0,-0.0,-0.0,-0.0,-0.0
2040-10-27 21:00:00,0.0,6.486836266823587,-0.0,45.658972359114166,-0.0,-0.0,-0.0,-0.0,-0.0
2040-10-27 22:00:00,0.0,6.710674521227381,-0.0,46.10072016249119,-0.0,-0.0,-0.0,-0.0,-0.0
2040-10-27 23:00:00,0.0,6.427736925723835,-0.0,46.16655202316225,-0.0,-0.0,-0.0,-0.0,-0.0
2040-10-28 00:00:00,0.0,6.872486963856576,-0.0,46.935553550781286,-0.0,-0.0,-0.0,-0.0,-0.0
2040-10-28 01:00:00,0.0,6.627745372263583,-0.0,45.84282420952612,-0.0,-0.0,-0.0,-0.0,-0.0
2040-10-28 02:00:00,0.0,6.59673299827363,-0.0,45.46899331896007,-0.0,-0.0,-0.0,-0.0,-0.0
2040-10-28 03:00:00,0.0,6.5983178438746535,-0.0,45.37655283206898,-0.0,-0.0,-0.0,-0.0,-0.0
2040-10-28 04:00:00,0.0,6.666042669167344,-0.0,45.39466706895754,-0.0,-0.0,-0.0,-0.0,-0.0
2040-10-28 05:00:00,0.0,6.473524980608903,-0.0,44.75388287395511,-0.0,-0.0,-0.0,-0.0,-0.0
2040-10-28 06:00:00,0.0,6.146962496484174,-0.0,42.22487597501928,-0.0,-0.0,-0.0,-0.0,-0.0
2040-10-28 07:00:00,0.0,5.979631608064762,-0.0,41.41922073147204,-0.0,-0.0,-0.0,-0.0,-0.0
2040-10-28 08:00:00,0.0,5.8524721589194,-0.0,39.0722262889562,8.109387393892122e-14,-0.0,-0.0,-0.0,-0.0
2040-10-28 09:00:00,0.0,5.7984079269720645,-0.0,39.92377380649333,-0.0,-0.0,-0.0,-0.0,-0.0
2040-10-28 10:00:00,0.0,5.651211462890352,-0.0,38.799476665237,-0.0,-0.0,-0.0,-0.0,-0.0
2040-10-28 11:00:00,0.0,5.612946346685903,-0.0,37.909649608281114,-0.0,-0.0,-0.0,-0.0,-0.0
2040-10-28 12:00:00,0.0,5.41115992852085,-0.0,37.70575028172338,-0.0,-0.0,-0.0,-0.0,-0.0
2040-10-28 13:00:00,0.0,5.426735662173702,-0.0,35.88329920293487,-0.0,-0.0,-0.0,-0.0,-0.0
2040-10-28 14:00:00,0.0,5.385534432460137,-0.0,37.035987350680706,-0.0,-0.0,-0.0,-0.0,-0.0
2040-10-28 15:00:00,0.0,5.535106491578094,-0.0,38.198708425635864,-0.0,-0.0,5.39845674540785e-14,-0.0,-0.0
2040-10-28 16:00:00,0.0,5.672905915279212,-0.0,38.3242250030744,-0.0,-0.0,-0.0,-0.0,-0.0
2040-10-28 17:00:00,19.408447370983232,-3.8049894620997454e-16,-0.0,33.55235936360708,-0.0,-0.0,-0.0,-0.0,-0.0
2040-10-28 18:00:00,19.26092814005658,4.495594404884741e-16,-0.0,34.64337198838117,-0.0,-0.0,-0.0,-0.0,-0.0
2040-10-28 19:00:00,21.132582519736573,-3.9326010980805105e-16,-0.0,35.880538683208684,-0.0,-0.0,-0.0,-0.0,-0.0
2040-10-28 20:00:00,0.0,6.273736899629744,-0.0,44.30688212380009,-0.0,-0.0,-0.0,-0.0,-0.0
2040-10-28 21:00:00,20.92497180569275,-1.548759032554155e-16,-0.0,37.43966074220745,-0.0,-0.0,-0.0,-0.0,-0.0
2040-10-28 22:00:00,21.438858893336114,1.9659193611290638e-16,-0.0,37.88172841675317,-0.0,-0.0,-0.0,-0.0,-0.0
2040-10-28 23:00:00,0.0,6.476241075804933,-0.0,45.691123232019116,-0.0,-0.0,-0.0,-0.0,-0.0
2040-10-29 00:00:00,22.623567415409756,-5.227194041716992e-16,-0.0,41.50511604636543,-0.0,-0.0,-0.0,-0.0,-0.0
2040-10-29 01:00:00,0.0,6.9735029013507885,-0.0,48.51784800327602,-0.0,-0.0,-0.0,-0.0,-0.0
2040-10-29 02:00:00,0.0,6.986258979667965,-0.0,49.89621865299265,-0.0,-0.0,-0.0,-0.0,-0.0
2040-10-29 03:00:00,0.0,6.787340089318891,-0.0,47.28793168236273,-0.0,-0.0,-0.0,-0.0,-0.0
2040-10-29 04:00:00,22.00823026146974,-1.6289362645023891e-16,-0.0,40.45935800636249,-0.0,-0.0,-0.0,-0.0,-0.0
2040-10-29 05:00:00,22.348503764909236,4.2670679016192196e-16,-0.0,38.95133888295099,-0.0,-0.0,-0.0,-0.0,-0.0
2040-10-29 06:00:00,0.0,6.473944859289905,-0.0,45.09203225999086,-0.0,-0.0,-0.0,-0.0,-0.0
2040-10-29 07:00:00,0.0,6.328994334303261,-0.0,43.82045631796913,-0.0,-0.0,-0.0,-0.0,-0.0
2040-10-29 08:00:00,0.0,6.178438767981869,-0.0,42.721503047031774,-0.0,-0.0,-0.0,-0.0,-0.0
2040-10-29 09:00:00,0.0,5.9990012238828605,-0.0,42.32016458174277,-0.0,-0.0,-0.0,-0.0,-0.0
2040-10-29 10:00:00,19.077404998722262,-2.2777372571186702e-17,-0.0,34.31831268602802,-0.0,-0.0,-0.0,-0.0,-0.0
2040-10-29 11:00:00,0.0,5.65355690449379,-0.0,38.91701370206545,-0.0,-5.71113977857823e-14,-0.0,-0.0,-0.0
2040-10-29 12:00:00,0.0,5.654165728444801,-0.0,39.359411605437614,-0.0,-0.0,-0.0,-0.0,-0.0
2040-10-29 13:00:00,0.0,5.568504336320001,-0.0,39.09735183612681,-0.0,-0.0,-0.0,-0.0,-0.0
2040-10-29 14:00:00,19.023083253571155,-2.2375310889822846e-17,-0.0,33.418407099869256,-0.0,-0.0,-0.0,-0.0,-0.0
2040-10-29 15:00:00,19.549525464911977,4.474233911891429e-16,-0.0,34.01545819572044,-0.0,-0.0,-0.0,-0.0,-0.0
2040-10-29 16:00:00,19.573163465461924,-3.8171809021408503e-16,-0.0,36.29254219720072,-0.0,-0.0,-0.0,-0.0,-0.0
2040-10-29 17:00:00,0.0,5.930942340015702,-0.0,40.47442229089014,-0.0,-0.0,-0.0,-0.0,-0.0
2040-10-29 18:00:00,0.0,6.209857858626694,-0.0,43.2691912340124,-0.0,-0.0,-0.0,-0.0,-0.0
2040-10-29 19:00:00,20.60403944509829,-2.709243159082371e-16,-0.0,38.749443486551236,-0.0,-0.0,-0.0,-0.0,-0.0
2040-10-29 20:00:00,21.046482125771725,3.179198968841096e-16,-0.0,39.48407072158689,-0.0,-0.0,-0.0,-0.0,-0.0
2040-10-29 21:00:00,22.189179564663743,-4.5809131041527933e-17,-0.0,39.67118994194696,-0.0,-0.0,-0.0,-0.0,-0.0
2040-10-29 22:00:00,0.0,6.629871381304056,-0.0,48.631319985584526,-0.0,-0.0,-0.0,-0.0,-0.0
2040-10-29 23:00:00,22.552882049936652,-4.850107019661711e-17,-0.0,42.40701868693213,-0.0,-0.0,-0.0,-0.0,-0.0
2040-10-30 00:00:00,22.820177701782253,-5.0479455443691613e-17,-0.0,41.735734654544615,-0.0,-0.0,-0.0,-0.0,-0.0
2040-10-30 01:00:00,22.905901944167937,-1.6953773158814254e-16,-0.0,44.256461813095086,-0.0,-0.0,-0.0,-0.0,-0.0
2040-10-30 02:00:00,0.0,6.8010560933459105,-0.0,48.76166813635998,-0.0,-0.0,-0.0,-0.0,-0.0
2040-10-30 03:00:00,22.274825482375466,-4.644303817358598e-17,-0.0,41.59621521446352,-0.0,-0.0,-0.0,-0.0,-0.0
2040-10-30 04:00:00,0.0,7.054729313745703,-0.0,49.216440173891144,-0.0,5.923946671035116e-13,-0.0,-0.0,-0.0
2040-10-30 05:00:00,21.694208935873707,-5.158407696242888e-16,-0.0,40.33686645308555,-0.0,-0.0,-0.0,-0.0,6.041821120101631e-13
2040-10-30 06:00:00,4.270592488333284,5.0961043669878885,-0.0,43.77537491596581,-0.0,-0.0,-0.0,-0.0,-0.0
2040-10-30 07:00:00,0.0,6.247992731175966,-0.0,44.823120942970874,-0.0,-0.0,-0.0,-0.0,-0.0
2040-10-30 08:00:00,0.0,6.002549018338654,-0.0,43.65346035577175,-0.0,-0.0,-0.0,-0.0,-0.0
2040-10-30 09:00:00,0.0,6.063546407982112,-0.0,42.97927463307678,-0.0,-0.0,-0.0,-0.0,-0.0
2040-10-30 10:00:00,0.0,5.687322988487883,-0.0,40.85682309008028,-0.0,-0.0,-0.0,5.411973155126051e-14,-0.0
2040-10-30 11:00:00,0.0,5.6454297946716565,-0.0,39.4259751406646,-0.0,-0.0,-0.0,-0.0,-0.0
2040-10-30 12:00:00,0.0,5.769833438139085,-0.0,39.592469885946805,-0.0,-0.0,-0.0,-0.0,-0.0
2040-10-30 13:00:00,0.0,5.779240602230554,-0.0,39.03127777252292,-0.0,-0.0,-0.0,-0.0,-0.0
2040-10-30 14:00:00,0.0,5.713244097913178,-0.0,39.21456823587694,-0.0,-0.0,-0.0,-0.0,-0.0
2040-10-30 15:00:00,0.0,5.753936201577972,-0.0,39.58890268198497,-0.0,-0.0,-0.0,-0.0,-0.0
2040-10-30 16:00:00,0.0,5.8277181460345915,-0.0,40.144392622746466,-0.0,-0.0,-0.0,-0.0,-0.0
2040-10-30 17:00:00,0.0,5.934886364515024,-0.0,40.94115959533966,-0.0,-0.0,-0.0,-0.0,-0.0
2040-10-30 18:00:00,0.0,6.128165566471142,-0.0,42.93195167809454,-0.0,-0.0,-0.0,-0.0,-0.0
2040-10-30 19:00:00,0.0,6.119946890011922,-0.0,43.98785146545514,-0.0,-0.0,-0.0,-0.0,-0.0
2040-10-30 20:00:00,0.0,6.317723178078786,-0.0,44.88133621751743,-0.0,-0.0,-0.0,-0.0,-0.0
2040-10-30 21:00:00,0.0,6.641140903218047,-0.0,46.33103864337399,-0.0,-0.0,-0.0,-0.0,-0.0
2040-10-30 22:00:00,0.0,6.5750227817608575,-0.0,48.01189645957244,-0.0,-0.0,-0.0,-0.0,-0.0
2040-10-30 23:00:00,0.0,6.89395573710996,-0.0,48.36959957090958,-0.0,-0.0,-0.0,-0.0,-0.0
2040-10-31 00:00:00,0.0,6.87127284221836,-0.0,49.45262348810703,-0.0,-0.0,-0.0,-0.0,-0.0
2040-10-31 01:00:00,0.0,6.842386913258445,-0.0,48.78795906097813,-0.0,-0.0,-0.0,-0.0,-0.0
2040-10-31 02:00:00,0.0,7.01857140202443,-0.0,48.08333415099657,-0.0,-0.0,-0.0,-0.0,-0.0
2040-10-31 03:00:00,0.0,6.843478407581973,-0.0,46.85311562049908,-0.0,-0.0,-0.0,-0.0,-0.0
2040-10-31 04:00:00,0.0,6.693247182857527,-0.0,47.42020464085967,-0.0,-0.0,-0.0,-0.0,-0.0
2040-10-31 05:00:00,0.0,6.60587008019144,-0.0,47.14444305617242,-0.0,-0.0,-0.0,-0.0,-0.0
2040-10-31 06:00:00,0.0,6.481961468084946,-0.0,45.25455483308735,-0.0,-5.534889324462707e-14,-0.0,-0.0,-0.0
2040-10-31 07:00:00,0.0,6.123986989517541,-0.0,43.16920595168915,-0.0,-0.0,-0.0,-0.0,-0.0
2040-10-31 08:00:00,0.0,6.125395955142227,-0.0,43.63066074262192,-0.0,-0.0,-0.0,-0.0,-0.0
2040-10-31 09:00:00,15.62011493332065,1.284520459756583,-0.0,35.629094018913236,-0.0,-0.0,-0.0,-0.0,-0.0
2040-10-31 10:00:00,19.213985700204375,3.314830950454974e-16,-0.0,34.525901071739774,-0.0,-0.0,-0.0,-0.0,-0.0
2040-10-31 11:00:00,19.32197486595,-4.982827103960919e-16,-0.0,32.73320126645194,-0.0,-0.0,-0.0,-0.0,-0.0
2040-10-31 12:00:00,18.36443685815384,4.56194808905435e-16,-0.0,32.75823333418545,-0.0,-0.0,-0.0,-0.0,-0.0
2040-10-31 13:00:00,0.0,5.603653486454387,-0.0,39.08876956866969,-0.0,-0.0,-0.0,-0.0,-0.0
2040-10-31 14:00:00,0.0,5.677775635274084,-0.0,38.32688053419548,-0.0,-0.0,-0.0,-0.0,-0.0
2040-10-31 15:00:00,0.0,5.575345646702941,-0.0,39.344496563489166,-0.0,-0.0,-0.0,-0.0,-0.0
2040-10-31 16:00:00,0.0,5.837349310354841,-0.0,39.671252536716004,-0.0,-0.0,-0.0,-0.0,-0.0
2040-10-31 17:00:00,0.0,5.946572799464256,-0.0,41.40658193496801,-0.0,-0.0,-0.0,-0.0,-0.0
2040-10-31 18:00:00,0.0,6.116752714500936,-0.0,43.81963042439591,-0.0,-0.0,-0.0,-0.0,-0.0
2040-10-31 19:00:00,0.0,6.088839047910262,-0.0,44.178937322786574,-0.0,-0.0,-0.0,-0.0,-0.0
2040-10-31 20:00:00,0.0,6.442305017095848,-0.0,46.29465168769886,-0.0,-0.0,-0.0,-0.0,-0.0
2040-10-31 21:00:00,0.0,6.639124714867577,-0.0,45.373380752284014,-0.0,-0.0,-0.0,-0.0,-0.0
2040-10-31 22:00:00,0.0,6.613879206304049,-0.0,48.095037786913394,-0.0,-0.0,-0.0,-0.0,-0.0
2040-10-31 23:00:00,0.0,6.721151914916237,-0.0,49.766507289190066,-0.0,-0.0,-0.0,-0.0,-0.0
2040-11-01 00:00:00,0.0,6.664550540589226,-0.0,48.34735776067597,-0.0,-0.0,-0.0,-0.0,-0.0
2040-11-01 01:00:00,0.0,6.962610218346909,-0.0,49.27646599080996,-0.0,-0.0,-0.0,-0.0,-0.0
2040-11-01 02:00:00,0.0,6.453893436316736,-0.0,48.85663621799506,-0.0,-0.0,-0.0,-0.0,-0.0
2040-11-01 03:00:00,0.0,6.548136971158218,-0.0,48.638448998588586,-0.0,-0.0,-0.0,-0.0,-0.0
2040-11-01 04:00:00,0.0,6.47332211159911,-0.0,47.6403996172564,-0.0,-0.0,-0.0,-0.0,-0.0
2040-11-01 05:00:00,0.0,6.4164623678844634,-0.0,46.33152719112494,-0.0,-0.0,-0.0,-0.0,-0.0
2040-11-01 06:00:00,0.0,6.281486515678672,-0.0,46.31735166329195,-0.0,-0.0,-0.0,-0.0,-0.0
2040-11-01 07:00:00,0.0,6.22662708911312,-0.0,43.568507173927074,-0.0,-0.0,-0.0,-0.0,-0.0
2040-11-01 08:00:00,0.0,5.991829351704976,-0.0,42.887970407886414,-0.0,-0.0,-0.0,-0.0,-0.0
2040-11-01 09:00:00,0.0,5.798362373046486,-0.0,41.053022389180015,-0.0,-0.0,-0.0,-0.0,-0.0
2040-11-01 10:00:00,0.0,5.620830098491065,-0.0,39.57345275081303,-0.0,-0.0,-0.0,-0.0,-0.0
2040-11-01 11:00:00,0.0,5.722130065094263,-0.0,40.094355222097256,-0.0,-0.0,-0.0,-0.0,-0.0
2040-11-01 12:00:00,0.0,5.525404588244981,-0.0,40.16191975918792,-0.0,-0.0,-0.0,-0.0,-0.0
2040-11-01 13:00:00,0.0,5.375210942862321,-0.0,37.029154862087054,-0.0,-0.0,-0.0,-0.0,-0.0
2040-11-01 14:00:00,0.0,5.690081597672383,-0.0,40.02018393599631,-0.0,-0.0,-0.0,-0.0,-0.0
2040-11-01 15:00:00,0.0,5.836961191338335,-0.0,41.07106581062623,-0.0,-0.0,-0.0,-0.0,-0.0
2040-11-01 16:00:00,0.0,5.726921710370086,-0.0,41.04473757651254,-0.0,-0.0,-0.0,-0.0,-0.0
2040-11-01 17:00:00,0.0,5.9125873678678005,-0.0,41.120136347835476,-0.0,-0.0,-0.0,-0.0,-0.0
2040-11-01 18:00:00,0.0,5.963534794300838,-0.0,42.34580883239647,-0.0,-0.0,-0.0,-0.0,-0.0
2040-11-01 19:00:00,0.0,6.099912280597267,-0.0,43.51289789308948,-0.0,-0.0,5.401157324069885e-14,-0.0,-0.0
2040-11-01 20:00:00,0.0,6.350491999633256,-0.0,45.50520062654597,-0.0,-0.0,-0.0,-0.0,-0.0
2040-11-01 21:00:00,0.0,6.48393973282122,-0.0,46.55572403576978,-0.0,-0.0,-5.454713524036654e-14,-0.0,-0.0
2040-11-01 22:00:00,0.0,6.469998018583728,-0.0,47.16638440584573,-0.0,-0.0,-0.0,-0.0,-0.0
2040-11-01 23:00:00,0.0,6.68559613095383,-0.0,47.71795819429312,-0.0,-0.0,-0.0,-0.0,-0.0
2040-11-02 00:00:00,0.0,6.738701968274174,-0.0,49.546013093622605,-0.0,-0.0,-0.0,-0.0,-0.0
2040-11-02 01:00:00,0.0,6.858238646976983,-0.0,48.99506388361502,-0.0,-0.0,-0.0,-0.0,-0.0
2040-11-02 02:00:00,0.0,6.631245880729381,-0.0,50.174856621281016,-0.0,-0.0,-0.0,-0.0,-0.0
2040-11-02 03:00:00,0.0,6.78911916463299,-0.0,47.38813353102167,-0.0,-0.0,-0.0,-0.0,-0.0
2040-11-02 04:00:00,0.0,6.78542123490023,-0.0,47.501601506382926,-0.0,-0.0,-0.0,-0.0,-0.0
2040-11-02 05:00:00,0.0,6.4261806308907765,-0.0,46.66299407487481,-0.0,-0.0,-0.0,-0.0,-0.0
2040-11-02 06:00:00,0.0,6.389986021611484,-0.0,45.21701115215359,-0.0,-0.0,-0.0,-0.0,-0.0
2040-11-02 07:00:00,0.0,5.959779815884578,-0.0,44.45824333002035,-0.0,-5.530108258323986e-14,-0.0,-0.0,-0.0
2040-11-02 08:00:00,0.0,5.916102805389678,-0.0,42.93681099220611,-0.0,-0.0,-0.0,-0.0,-0.0
2040-11-02 09:00:00,0.0,5.795337920029909,-0.0,41.31006882435793,-0.0,-0.0,-0.0,-0.0,-0.0
2040-11-02 10:00:00,0.0,5.566545170157311,-0.0,39.124578557006686,-0.0,-0.0,-0.0,-0.0,-0.0
2040-11-02 11:00:00,0.0,5.53030232469765,-0.0,38.41703659847024,-0.0,-0.0,-0.0,-0.0,-0.0
2040-11-02 12:00:00,0.0,5.561440672415052,-0.0,38.10971750057341,-0.0,-0.0,-0.0,-0.0,-0.0
2040-11-02 13:00:00,0.0,5.53526257428836,-0.0,38.31103044313696,-0.0,-0.0,-0.0,-0.0,-0.0
2040-11-02 14:00:00,0.0,5.704807424460629,-0.0,39.27268344674687,-0.0,-0.0,-0.0,-0.0,-0.0
2040-11-02 15:00:00,0.0,5.577044773276628,-0.0,40.0842034856348,-0.0,-0.0,-0.0,-0.0,-0.0
2040-11-02 16:00:00,0.0,5.666392048300904,-0.0,40.409341343694436,-0.0,-0.0,-0.0,-0.0,-0.0
2040-11-02 17:00:00,0.0,5.820570026324166,-0.0,41.687560853596594,-0.0,-0.0,-0.0,-0.0,-0.0
2040-11-02 18:00:00,0.0,6.112115497358592,-0.0,43.28137405521296,-0.0,-0.0,-0.0,-0.0,-0.0
2040-11-02 19:00:00,0.0,5.982243364678234,-0.0,43.03481170134869,-0.0,-0.0,-0.0,-0.0,-0.0
2040-11-02 20:00:00,0.0,6.155448984958539,-0.0,44.22407115506162,-0.0,-0.0,-0.0,-0.0,-0.0
2040-11-02 21:00:00,0.0,6.39835061691236,-0.0,45.112316026943,-0.0,-0.0,-0.0,-0.0,-0.0
2040-11-02 22:00:00,0.0,6.598908840614257,-0.0,48.04585443214731,-0.0,-0.0,-0.0,-0.0,-0.0
2040-11-02 23:00:00,0.0,6.5578459374502485,-0.0,48.424261237085105,-0.0,-0.0,-0.0,-0.0,-0.0
2040-11-03 00:00:00,0.0,6.421888820633246,-0.0,46.3367603270205,-0.0,-0.0,-0.0,-0.0,-0.0
2040-11-03 01:00:00,0.0,6.400807881180557,-0.0,45.364950333375106,-0.0,-0.0,-0.0,-0.0,-0.0
2040-11-03 02:00:00,0.0,6.401665393788218,-0.0,46.332890531860365,-0.0,-0.0,-0.0,-0.0,-0.0
2040-11-03 03:00:00,0.0,6.398038978107542,-0.0,47.044349331213056,-0.0,-0.0,-0.0,-0.0,-0.0
2040-11-03 04:00:00,0.0,6.216776191277032,-0.0,43.811326124195496,-0.0,-0.0,-0.0,-0.0,-0.0
2040-11-03 05:00:00,0.0,6.0394269289983145,-0.0,43.093648684729686,-0.0,-0.0,-0.0,-0.0,-0.0
2040-11-03 06:00:00,0.0,6.137792454113895,-0.0,42.44748231018304,-0.0,-0.0,-0.0,-0.0,-0.0
2040-11-03 07:00:00,0.0,5.738853335076698,-0.0,40.07336372931791,-0.0,-0.0,-0.0,-0.0,-0.0
2040-11-03 08:00:00,0.0,5.728622289854098,-0.0,39.429296415560145,-0.0,-0.0,-0.0,-0.0,-0.0
2040-11-03 09:00:00,0.0,5.701323158295003,-0.0,39.20579185249089,-0.0,-0.0,-0.0,-0.0,-0.0
2040-11-03 10:00:00,0.0,5.39624727633385,-0.0,37.82351211333677,-0.0,-0.0,-0.0,-0.0,-0.0
2040-11-03 11:00:00,0.0,5.324699063768212,-0.0,36.79185591237102,-0.0,-0.0,-0.0,-0.0,-0.0
2040-11-03 12:00:00,0.0,5.240419641253308,-0.0,35.22187633009759,-0.0,-0.0,-0.0,-0.0,-0.0
2040-11-03 13:00:00,0.0,5.2814344742421016,-0.0,35.464891709397456,-0.0,-0.0,-0.0,-0.0,-0.0
2040-11-03 14:00:00,0.0,5.2112910534609975,-0.0,35.40650948579777,-0.0,-0.0,-0.0,-0.0,-0.0
2040-11-03 15:00:00,0.0,5.412881307791918,-0.0,37.462602170117144,-0.0,-0.0,-0.0,-0.0,-0.0
2040-11-03 16:00:00,0.0,5.308609037703563,-0.0,38.089280915232735,-0.0,-0.0,-0.0,-0.0,-0.0
2040-11-03 17:00:00,0.0,5.4668636644530615,-0.0,38.35468397706657,-0.0,-0.0,-0.0,-0.0,-0.0
2040-11-03 18:00:00,0.0,5.830341185197832,-0.0,40.59665695622661,-0.0,-0.0,-0.0,-0.0,-0.0
2040-11-03 19:00:00,0.0,5.842282203517553,-0.0,41.64296394357373,-0.0,-0.0,-0.0,-0.0,-0.0
2040-11-03 20:00:00,0.0,5.982563007797573,-0.0,41.6247759164053,-0.0,-0.0,-0.0,-0.0,-0.0
2040-11-03 21:00:00,0.0,5.95754915981906,-0.0,44.298201973973356,-0.0,-0.0,-0.0,-0.0,-0.0
2040-11-03 22:00:00,0.0,6.17277786957311,-0.0,45.185721511558434,-0.0,-0.0,-0.0,-0.0,-0.0
2040-11-03 23:00:00,0.0,6.401573338181336,-0.0,45.29802439479865,-0.0,-0.0,-0.0,-0.0,-0.0
2040-11-04 00:00:00,0.0,6.298156094584617,-0.0,46.264615177841165,-0.0,-0.0,-0.0,-0.0,-0.0
2040-11-04 01:00:00,0.0,6.409427488265528,-0.0,45.52678864559409,-0.0,-0.0,-0.0,-0.0,-0.0
2040-11-04 02:00:00,0.0,6.508883605266444,-0.0,45.43150459288553,-0.0,-0.0,-0.0,-0.0,-0.0
2040-11-04 03:00:00,0.0,6.397245824735177,-0.0,44.861695448541596,-0.0,-0.0,-0.0,-0.0,-0.0
2040-11-04 04:00:00,0.0,6.2533802022982385,-0.0,44.026504639411,-0.0,-0.0,-0.0,-0.0,-0.0
2040-11-04 05:00:00,0.0,5.90681205396947,-0.0,42.75304479153491,-0.0,-0.0,-0.0,-0.0,-0.0
2040-11-04 06:00:00,0.0,5.8924767018749655,-0.0,42.22218765133901,-0.0,-0.0,-0.0,-0.0,-0.0
2040-11-04 07:00:00,0.0,5.695594632343455,-0.0,40.57407811907408,-0.0,-0.0,-0.0,-0.0,-0.0
2040-11-04 08:00:00,0.0,5.645841001489678,-0.0,40.580208922265285,-0.0,-0.0,-0.0,-0.0,-0.0
2040-11-04 09:00:00,0.0,5.495880199609135,-0.0,38.819386944109276,-0.0,-0.0,-0.0,-0.0,-0.0
2040-11-04 10:00:00,0.0,5.300498170756195,-0.0,36.828433998981005,-0.0,-0.0,-0.0,-0.0,-0.0
2040-11-04 11:00:00,0.0,5.347728940643244,-0.0,37.08448539066699,-0.0,-0.0,-0.0,-0.0,-0.0
2040-11-04 12:00:00,0.0,5.101239758510357,-0.0,35.628790053679936,-0.0,-0.0,-0.0,-0.0,-0.0
2040-11-04 13:00:00,0.0,5.278893543676911,-0.0,36.54724906445751,-0.0,-0.0,-0.0,-0.0,-0.0
2040-11-04 14:00:00,0.0,5.230141691325318,-0.0,36.01554706942005,-0.0,-0.0,-0.0,-0.0,-0.0
2040-11-04 15:00:00,0.0,5.150683820691509,-0.0,36.3514264059502,-0.0,-0.0,-0.0,-0.0,-0.0
2040-11-04 16:00:00,0.0,5.462195622184178,-0.0,37.27021798620729,-0.0,-0.0,-0.0,-0.0,-0.0
2040-11-04 17:00:00,0.0,5.503977709503624,-0.0,38.02146161995295,-0.0,-0.0,-0.0,-0.0,-0.0
2040-11-04 18:00:00,0.0,5.572539154393045,-0.0,38.89074943065974,-0.0,-0.0,-0.0,-0.0,-0.0
2040-11-04 19:00:00,0.0,5.809855122233202,-0.0,40.76948092909463,-0.0,-0.0,-0.0,-0.0,-0.0
2040-11-04 20:00:00,0.0,5.903073527805373,-0.0,42.27450419199924,-0.0,-0.0,-0.0,-0.0,-0.0
2040-11-04 21:00:00,0.0,6.129910220460791,-0.0,42.43452685830229,-0.0,-0.0,-0.0,-0.0,-0.0
2040-11-04 22:00:00,0.0,6.346946117511462,-0.0,44.20342544273675,-0.0,-0.0,-0.0,-0.0,-0.0
2040-11-04 23:00:00,0.0,6.481427939956021,-0.0,45.36416382201109,-0.0,-0.0,-0.0,-0.0,-0.0
2040-11-05 00:00:00,0.0,6.569463400083548,-0.0,47.864954787346136,-0.0,-0.0,-0.0,-0.0,-0.0
2040-11-05 01:00:00,0.0,6.479560011582035,-0.0,48.22745120898779,-0.0,-0.0,-0.0,-0.0,-0.0
2040-11-05 02:00:00,0.0,6.573668184762378,-0.0,48.81029142927142,-0.0,-0.0,-0.0,-0.0,-0.0
2040-11-05 03:00:00,0.0,6.427836014964371,-0.0,48.567792736656074,-0.0,-0.0,-0.0,-0.0,-0.0
2040-11-05 04:00:00,0.0,6.3723277838227,-0.0,46.86731111385801,-0.0,-0.0,-0.0,-0.0,-0.0
2040-11-05 05:00:00,0.0,6.309271386319118,-0.0,44.836178946903715,-0.0,-0.0,-0.0,-0.0,-0.0
2040-11-05 06:00:00,0.0,6.075357819428838,-0.0,44.16143302104137,-0.0,-0.0,-0.0,-0.0,-0.0
2040-11-05 07:00:00,0.0,6.114003548957875,-0.0,42.07969676202102,-0.0,-0.0,-0.0,-0.0,-0.0
2040-11-05 08:00:00,0.0,5.675257450288522,-0.0,42.005843665246424,-0.0,-0.0,-0.0,-0.0,-0.0
2040-11-05 09:00:00,0.0,5.6997512527411685,-0.0,40.841719009991486,-0.0,-0.0,-0.0,-0.0,-0.0
2040-11-05 10:00:00,0.0,5.598767656404533,-0.0,38.283733463081994,-0.0,-0.0,-0.0,-0.0,-0.0
2040-11-05 11:00:00,0.0,5.43175810318541,-0.0,39.66078552132313,-0.0,-0.0,-0.0,-0.0,-0.0
2040-11-05 12:00:00,0.0,5.500118737624046,-0.0,37.77495078525091,-0.0,-0.0,-0.0,-0.0,-0.0
2040-11-05 13:00:00,0.0,5.387746215033719,-0.0,37.75314484436677,-0.0,-0.0,-0.0,-0.0,-0.0
2040-11-05 14:00:00,0.0,5.314292192570621,-0.0,38.423706322015995,-0.0,-0.0,-0.0,-0.0,-0.0
2040-11-05 15:00:00,0.0,5.42290693065782,-0.0,37.761696341241716,-0.0,-0.0,-0.0,-0.0,-0.0
2040-11-05 16:00:00,0.0,5.490706614835829,-0.0,39.527852651694275,-0.0,-0.0,-0.0,-0.0,-0.0
2040-11-05 17:00:00,0.0,5.7524795749474436,-0.0,41.443283853041,-0.0,-0.0,-0.0,-0.0,-0.0
2040-11-05 18:00:00,0.0,5.894037767223651,-0.0,43.38432275456476,-0.0,-0.0,-0.0,-0.0,-0.0
2040-11-05 19:00:00,0.0,6.111096369242724,-0.0,42.894979700367784,-0.0,-0.0,-0.0,-0.0,-0.0
2040-11-05 20:00:00,0.0,6.174060915425216,-0.0,45.71433175321434,-0.0,-0.0,-0.0,-0.0,-0.0
2040-11-05 21:00:00,0.0,6.3451351481401765,-0.0,46.12915498324392,-0.0,-0.0,-0.0,-0.0,-0.0
2040-11-05 22:00:00,0.0,6.453873676130873,-0.0,46.498923571224644,-0.0,-0.0,-0.0,-0.0,-0.0
2040-11-05 23:00:00,0.0,6.454119549209629,-0.0,47.056366931981366,-0.0,-0.0,-0.0,-0.0,-0.0
2040-11-06 00:00:00,0.0,6.484859880167083,-0.0,48.42920578151052,-0.0,-0.0,-0.0,-0.0,-0.0
2040-11-06 01:00:00,0.0,6.537363886248131,-0.0,49.365042666267044,-0.0,-0.0,-0.0,-0.0,-0.0
2040-11-06 02:00:00,0.0,6.605103017758708,-0.0,46.85625194781163,-0.0,-0.0,-0.0,-0.0,-0.0
2040-11-06 03:00:00,0.0,6.556686603595399,-0.0,49.12102572088219,-0.0,-0.0,-0.0,-0.0,-0.0
2040-11-06 04:00:00,0.0,6.477662420670604,-0.0,48.96554449732107,-0.0,-0.0,-0.0,-0.0,-0.0
2040-11-06 05:00:00,0.0,6.1943252619436855,-0.0,46.28326219400543,-0.0,-0.0,-0.0,-0.0,-0.0
2040-11-06 06:00:00,0.0,6.081424687540935,-0.0,44.3431036778139,-0.0,-0.0,-0.0,-0.0,-0.0
2040-11-06 07:00:00,0.0,6.029399534743813,-0.0,44.3387010327681,-0.0,-0.0,-0.0,-0.0,-0.0
2040-11-06 08:00:00,0.0,5.764647617959004,-0.0,42.60983882282935,-0.0,-0.0,-0.0,-0.0,-0.0
2040-11-06 09:00:00,0.0,5.798627796479784,-0.0,40.81642275875538,-0.0,-0.0,-0.0,-0.0,-0.0
2040-11-06 10:00:00,0.0,5.688740874448463,-0.0,41.04279195805748,-0.0,-0.0,-0.0,-0.0,-0.0
2040-11-06 11:00:00,0.0,5.263001593947053,-0.0,37.58710298111169,-0.0,-0.0,-0.0,-0.0,-0.0
2040-11-06 12:00:00,0.0,5.291588840581117,-0.0,37.48030170451392,-0.0,-0.0,-0.0,-0.0,-0.0
2040-11-06 13:00:00,0.0,5.368267265622333,-0.0,39.26491742084291,-0.0,-0.0,-0.0,-0.0,-0.0
2040-11-06 14:00:00,0.0,5.444108163688845,-0.0,37.773406935444896,-0.0,-0.0,-0.0,-0.0,-0.0
2040-11-06 15:00:00,0.0,5.539094925386092,-0.0,39.65784357504235,-0.0,-0.0,-0.0,-0.0,-0.0
2040-11-06 16:00:00,0.0,5.739658064786629,-0.0,38.91326829422546,-0.0,-0.0,-0.0,-0.0,-0.0
2040-11-06 17:00:00,0.0,5.540751813901678,-0.0,40.69354915721376,-0.0,-0.0,-0.0,-0.0,-0.0
2040-11-06 18:00:00,0.0,5.722028289601855,-0.0,42.17299105425185,-0.0,-0.0,-0.0,-0.0,-0.0
2040-11-06 19:00:00,0.0,6.0298224382091306,-0.0,43.00762406596605,-0.0,-0.0,-0.0,-0.0,-0.0
2040-11-06 20:00:00,0.0,6.111808455065618,-0.0,44.192368927004,-0.0,-0.0,-0.0,-0.0,-0.0
2040-11-06 21:00:00,0.0,6.12383214286687,-0.0,44.96980253032701,-0.0,-0.0,-0.0,-0.0,-0.0
2040-11-06 22:00:00,0.0,6.3965002385296446,-0.0,48.57794238515824,-0.0,-0.0,-0.0,-0.0,-0.0
2040-11-06 23:00:00,0.0,6.465198323430465,-0.0,48.04138796024778,-0.0,-0.0,-0.0,-0.0,-0.0
2040-11-07 00:00:00,0.0,6.470158154612637,-0.0,48.87791551254503,-0.0,-0.0,-0.0,-0.0,-0.0
2040-11-07 01:00:00,0.0,6.556505892241746,-0.0,49.20267329549383,-0.0,-0.0,-0.0,-0.0,-0.0
2040-11-07 02:00:00,0.0,6.504471959675274,-0.0,48.32790581797826,-0.0,-0.0,-0.0,-0.0,-0.0
2040-11-07 03:00:00,0.0,6.383163430065822,-0.0,45.75361797141353,-0.0,-0.0,-0.0,-0.0,-0.0
2040-11-07 04:00:00,0.0,6.4947137793007625,-0.0,45.91787332383371,-0.0,-0.0,-0.0,-0.0,-0.0
2040-11-07 05:00:00,0.0,6.379166738566494,-0.0,46.25390332622691,-0.0,-0.0,-0.0,-0.0,-0.0
2040-11-07 06:00:00,0.0,5.866711244989332,-0.0,43.61303983942795,-0.0,-0.0,-0.0,-0.0,-0.0
2040-11-07 07:00:00,0.0,5.976676662981727,-0.0,44.029611586308306,-0.0,-0.0,-0.0,-0.0,-0.0
2040-11-07 08:00:00,0.0,5.767280712535496,-0.0,41.67352342492557,-0.0,-0.0,-0.0,-0.0,-0.0
2040-11-07 09:00:00,0.0,5.62500713003966,-0.0,41.0467846441529,-0.0,-0.0,-0.0,-0.0,-0.0
2040-11-07 10:00:00,0.0,5.4980603794085425,-0.0,40.311004413941255,-0.0,5.401157324069885e-14,-0.0,-0.0,-0.0
2040-11-07 11:00:00,0.0,5.527005019348459,-0.0,39.12260274978969,-0.0,-0.0,-0.0,-0.0,-0.0
2040-11-07 12:00:00,0.0,5.3608075072789525,-0.0,37.80407905555765,-0.0,-0.0,-0.0,-0.0,-0.0
2040-11-07 13:00:00,0.0,5.3722888104695,-0.0,38.56615274286181,-0.0,-0.0,-0.0,-0.0,-0.0
2040-11-07 14:00:00,0.0,5.23838603016993,-0.0,37.636590107333575,-0.0,-0.0,-0.0,-0.0,-0.0
2040-11-07 15:00:00,0.0,5.364158561034603,-0.0,38.640741347337425,-0.0,-0.0,-0.0,-0.0,-0.0
2040-11-07 16:00:00,0.0,5.623028733904018,-0.0,39.67295828061336,-0.0,-0.0,-0.0,-0.0,-0.0
2040-11-07 17:00:00,0.0,5.739221459225603,-0.0,40.963500827405305,-0.0,-0.0,-0.0,-0.0,-0.0
2040-11-07 18:00:00,0.0,5.785410281277584,-0.0,41.301829909807594,-0.0,-0.0,-0.0,-0.0,-5.447177734848853e-13
2040-11-07 19:00:00,0.0,5.886810991205974,-0.0,42.803276576788775,-0.0,-0.0,-0.0,-0.0,-0.0
2040-11-07 20:00:00,0.0,6.008782519495135,-0.0,44.41194247223854,-0.0,-0.0,-0.0,-0.0,-0.0
2040-11-07 21:00:00,0.0,6.164227318653815,-0.0,45.41864815952794,-0.0,-0.0,-0.0,-0.0,-0.0
2040-11-07 22:00:00,0.0,6.411822897918765,-0.0,47.09771649931248,-0.0,-0.0,-0.0,-0.0,-0.0
2040-11-07 23:00:00,0.0,6.430247122944242,-0.0,46.327998984572986,-0.0,-0.0,-0.0,-0.0,-0.0
2040-11-08 00:00:00,0.0,6.555460185790658,-0.0,48.19985106072853,-0.0,-5.319542275661634e-13,-0.0,-0.0,-0.0
2040-11-08 01:00:00,0.0,6.437187376739147,-0.0,48.38048732652344,-0.0,-0.0,-0.0,-0.0,-0.0
2040-11-08 02:00:00,0.0,6.454400858019238,-0.0,46.79481883902642,-0.0,-0.0,-0.0,-0.0,-0.0
2040-11-08 03:00:00,0.0,6.331010200827333,-0.0,48.08579187136901,-0.0,-0.0,-0.0,-0.0,-0.0
2040-11-08 04:00:00,0.0,6.439162189566467,-0.0,45.244427276973994,-0.0,-0.0,-0.0,-0.0,-0.0
2040-11-08 05:00:00,0.0,6.133451763988045,-0.0,46.16256200014554,-0.0,-0.0,-0.0,-0.0,-0.0
2040-11-08 06:00:00,0.0,6.096145515101026,-0.0,45.03331962087835,-0.0,-0.0,-0.0,-0.0,-0.0
2040-11-08 07:00:00,0.0,5.780409722585309,-0.0,42.9422615379883,-0.0,-0.0,-0.0,-0.0,-0.0
2040-11-08 08:00:00,0.0,5.602750597759788,-0.0,40.30770724918448,-0.0,-0.0,-0.0,-0.0,-0.0
2040-11-08 09:00:00,0.0,5.562296619089628,-0.0,41.913278912394105,-0.0,-0.0,-0.0,-0.0,-0.0
2040-11-08 10:00:00,0.0,5.395931919472967,-0.0,40.30663581394955,-0.0,-0.0,-0.0,-0.0,-0.0
2040-11-08 11:00:00,0.0,5.344210132988192,-0.0,39.04880019820309,-0.0,-0.0,-0.0,-0.0,-0.0
2040-11-08 12:00:00,0.0,5.216576004878212,-0.0,38.73155961304973,-0.0,-0.0,-0.0,-0.0,-0.0
2040-11-08 13:00:00,0.0,5.185108989835718,-0.0,37.284372781107805,-0.0,-0.0,-0.0,-0.0,-0.0
2040-11-08 14:00:00,0.0,5.305295512256499,-0.0,38.966879314106095,-0.0,-0.0,-0.0,-0.0,-0.0
2040-11-08 15:00:00,0.0,5.371887614852653,-0.0,39.17378407961803,-0.0,-0.0,-0.0,-0.0,-0.0
2040-11-08 16:00:00,0.0,5.438980039865119,-0.0,40.919427157234445,-0.0,-0.0,-0.0,-0.0,-0.0
2040-11-08 17:00:00,0.0,5.567289894997164,-0.0,40.50856894843301,-0.0,-0.0,-0.0,-0.0,-0.0
2040-11-08 18:00:00,0.0,5.693688571138169,-0.0,41.44880453033818,-0.0,-0.0,-0.0,-0.0,-0.0
2040-11-08 19:00:00,0.0,5.7967514149425945,-0.0,42.05729058623052,-0.0,-0.0,-0.0,-0.0,-0.0
2040-11-08 20:00:00,0.0,6.113966000577933,-0.0,44.823253674916586,-0.0,-0.0,-0.0,-0.0,-0.0
2040-11-08 21:00:00,0.0,6.23497746709945,-0.0,45.412429850192886,-0.0,-0.0,-0.0,-0.0,-0.0
2040-11-08 22:00:00,0.0,6.359505648590073,-0.0,46.35065199647729,-0.0,-0.0,-0.0,-0.0,-0.0
2040-11-08 23:00:00,0.0,6.420911924996709,-0.0,46.46843916893243,-0.0,-0.0,-0.0,-0.0,-0.0
2040-11-09 00:00:00,8.432173479829952,3.9280659528089545,-0.0,44.891308780426314,-0.0,-0.0,4.794416381733373e-13,-0.0,5.442849115751926e-13
2040-11-09 01:00:00,21.557889848955742,4.3255850864912613e-16,-0.0,42.93888244768709,-0.0,-0.0,-0.0,-0.0,-0.0
2040-11-09 02:00:00,21.05411799823483,8.101580148793194e-17,-0.0,41.504791804875744,-0.0,-0.0,-0.0,-0.0,-5.461381341736913e-13
2040-11-09 03:00:00,20.931509388576263,-3.65005017956833e-17,-0.0,41.31787345139972,-0.0,-0.0,-0.0,-0.0,-0.0
2040-11-09 04:00:00,20.436920737884595,-2.696873889976088e-16,-0.0,40.165019202328985,-0.0,-0.0,-0.0,-0.0,-0.0
2040-11-09 05:00:00,20.864454979362495,-2.728517780556383e-16,-0.0,38.99954453261418,-0.0,-0.0,-0.0,-0.0,-0.0
2040-11-09 06:00:00,20.36584902937061,-2.691613526829977e-16,-0.0,38.9654454068088,-0.0,-0.0,-0.0,-0.0,-0.0
2040-11-09 07:00:00,0.0,5.937367504165704,-0.0,43.66765219701795,-0.0,-0.0,-0.0,-0.0,-0.0
2040-11-09 08:00:00,18.064974737410477,2.2156369526175075e-16,-0.0,35.938832816005814,-0.0,-0.0,-0.0,-0.0,-0.0
2040-11-09 09:00:00,0.0,5.534114316948911,-0.0,41.00127840584823,-0.0,-0.0,-0.0,-0.0,-0.0
2040-11-09 10:00:00,18.13602472287229,-2.5265733744337594e-16,-0.0,33.402661376545545,-0.0,-0.0,-0.0,-0.0,-0.0
2040-11-09 11:00:00,17.959504504259893,4.591919103901599e-16,-0.0,34.24837622343114,-0.0,-0.0,-0.0,-0.0,5.442849115751926e-13
2040-11-09 12:00:00,17.44723865604541,3.4455965002625554e-16,-0.0,32.75351980021218,-0.0,-0.0,-0.0,-0.0,-0.0
2040-11-09 13:00:00,17.49539549812229,-4.847633072596412e-16,-0.0,32.84468952545974,-0.0,-0.0,-0.0,-0.0,-0.0
2040-11-09 14:00:00,17.28653950511241,-9.522305204437693e-18,-0.0,32.33552136444867,-0.0,-0.0,-0.0,-0.0,-0.0
2040-11-09 15:00:00,0.0,5.368600970999758,-0.0,38.746647502364254,-0.0,-0.0,-0.0,-0.0,-0.0
2040-11-09 16:00:00,0.0,5.4704454225899255,-0.0,38.84725958512876,-0.0,-0.0,-0.0,-0.0,-0.0
2040-11-09 17:00:00,0.0,5.399534486120495,-0.0,40.93747853418444,-0.0,-0.0,-0.0,-0.0,-0.0
2040-11-09 18:00:00,18.617773244260697,3.3589595368654396e-16,-0.0,35.537035932734895,-0.0,-0.0,-0.0,-0.0,-0.0
2040-11-09 19:00:00,0.0,5.703781271809461,-0.0,43.00039599425368,-0.0,-0.0,-0.0,-0.0,-5.464625333305232e-13
2040-11-09 20:00:00,20.07020331441883,-3.01255562304894e-17,-0.0,37.963185263956845,-0.0,-0.0,-0.0,-0.0,-0.0
2040-11-09 21:00:00,0.0,6.107970461905023,-0.0,45.590160410114564,-0.0,-0.0,-0.0,-0.0,-0.0
2040-11-09 22:00:00,0.0,6.1068907650453745,-0.0,45.66797488859733,-0.0,-0.0,-0.0,-0.0,-0.0
2040-11-09 23:00:00,0.0,6.3401569922285,-0.0,46.8775644298267,-0.0,-0.0,-0.0,-0.0,-0.0
2040-11-10 00:00:00,0.0,6.123692502908747,-0.0,45.42775291755496,-0.0,-0.0,-0.0,-0.0,-0.0
2040-11-10 01:00:00,20.379567185680166,3.22856059030484e-16,-0.0,39.32537899667415,-0.0,-0.0,-0.0,-0.0,-0.0
2040-11-10 02:00:00,20.57892483728693,-2.707384304692597e-16,-0.0,39.26293171974243,-0.0,-0.0,-0.0,-0.0,-0.0
2040-11-10 03:00:00,20.266293362063564,3.236944537442605e-16,-0.0,40.503664436663435,-0.0,-0.0,-0.0,-0.0,-0.0
2040-11-10 04:00:00,0.0,6.130694493599346,-0.0,43.56733008205816,-0.0,-0.0,-0.0,-0.0,-0.0
2040-11-10 05:00:00,19.596225111615258,-5.003125699777363e-16,-0.0,35.354766858967764,-0.0,-0.0,-0.0,-0.0,-0.0
2040-11-10 06:00:00,18.93163636898263,3.3357289990223004e-16,-0.0,34.898362326253654,-0.0,-0.0,-0.0,-0.0,-0.0
2040-11-10 07:00:00,18.560799066406133,9.947006872693207e-17,-0.0,35.09802883581795,-0.0,-0.0,-0.0,-0.0,-0.0
2040-11-10 08:00:00,0.0,5.4396332177854445,-0.0,39.65594406600398,-0.0,-0.0,-0.0,-0.0,5.441216424297232e-13
2040-11-10 09:00:00,17.476800376595047,4.627646386342606e-16,-0.0,31.265600068009057,-0.0,-0.0,-0.0,-0.0,-0.0
2040-11-10 10:00:00,0.0,5.2375449007082215,-0.0,36.623760267012855,-0.0,-0.0,-4.798937398289752e-13,-0.0,-0.0
2040-11-10 11:00:00,16.859727870602622,-6.3632645123665906e-18,-0.0,31.675646287602714,-0.0,-0.0,-0.0,-0.0,-0.0
2040-11-10 12:00:00,17.143970511537727,-1.268908719693594e-16,-0.0,31.681352449661333,-0.0,-0.0,-0.0,-0.0,-5.443393455097436e-13
2040-11-10 13:00:00,0.0,5.047815477032155,-0.0,35.084567837092564,-0.0,-0.0,-0.0,-0.0,-0.0
2040-11-10 14:00:00,0.0,5.131149653943445,-0.0,36.490569942360146,-0.0,-0.0,-0.0,-0.0,-0.0
2040-11-10 15:00:00,16.925693597945408,2.299960696121194e-16,-0.0,30.768925782427477,-0.0,-0.0,-0.0,-0.0,-0.0
2040-11-10 16:00:00,16.90508217306558,4.669962033886323e-16,-0.0,32.23920473126314,-0.0,-0.0,-0.0,-0.0,-0.0
2040-11-10 17:00:00,17.448430933369096,-1.0720542478704508e-17,-0.0,33.07540961432113,-0.0,-0.0,-0.0,-0.0,-0.0
2040-11-10 18:00:00,17.99638258725164,-1.4776199428850086e-17,-0.0,34.56790891226082,-0.0,-0.0,-0.0,-0.0,-0.0
2040-11-10 19:00:00,18.639737852504787,-3.748093528322193e-16,-0.0,35.209790392753746,-0.0,-0.0,-0.0,-0.0,-0.0
2040-11-10 20:00:00,0.0,5.642469215688941,-0.0,41.516657942532966,-0.0,-0.0,-0.0,-0.0,-0.0
2040-11-10 21:00:00,0.0,6.1368268777433235,-0.0,42.463732288096466,-0.0,-0.0,-0.0,-0.0,-0.0
2040-11-10 22:00:00,0.0,5.991356837903969,-0.0,43.64532314552727,-0.0,-0.0,-0.0,-0.0,-0.0
2040-11-10 23:00:00,0.0,5.991680232360967,-0.0,44.06597663407733,-0.0,-0.0,-0.0,-0.0,-0.0
2040-11-11 00:00:00,20.091704637953143,-1.4870848728682415e-16,-0.0,40.20305938495146,-0.0,-0.0,-0.0,-0.0,-0.0
2040-11-11 01:00:00,20.718493335002425,-2.7177144486710027e-16,-0.0,39.74209387366576,-0.0,-0.0,-0.0,-0.0,-0.0
2040-11-11 02:00:00,0.0,5.934669204973982,-0.0,42.96135528624917,-0.0,-0.0,-0.0,-0.0,-0.0
2040-11-11 03:00:00,20.15267988282478,-3.073600546539846e-17,-0.0,38.26779532500978,-0.0,-0.0,-0.0,-0.0,-0.0
2040-11-11 04:00:00,16.601321947344992,0.813531552460377,-0.0,38.709716851035616,-0.0,-0.0,-0.0,-0.0,-0.0
2040-11-11 05:00:00,0.0,5.93429614141787,-0.0,41.6816298708864,-0.0,-0.0,-0.0,-0.0,-0.0
2040-11-11 06:00:00,0.0,5.670515298902849,-0.0,42.43278400269965,-0.0,5.57261735462341e-13,-0.0,-5.572347431786139e-13,-0.0
2040-11-11 07:00:00,0.0,5.578573478624612,-0.0,41.72399101607904,-0.0,-0.0,-0.0,-0.0,-0.0
2040-11-11 08:00:00,0.0,5.4856848174470665,-0.0,39.3423981828046,-0.0,-0.0,-0.0,-0.0,-0.0
2040-11-11 09:00:00,0.0,5.329214749388834,-0.0,37.72165093609921,7.792447891480935e-14,-0.0,-0.0,-0.0,-0.0
2040-11-11 10:00:00,0.0,5.035655558468336,-0.0,36.915329449962854,-0.0,-0.0,-0.0,-0.0,-0.0
2040-11-11 11:00:00,0.0,4.924917429026627,-0.0,37.74086846820001,-0.0,-0.0,-0.0,-0.0,-0.0
2040-11-11 12:00:00,0.0,5.090122805762824,-0.0,36.985814419921276,-0.0,-0.0,-0.0,-0.0,-0.0
2040-11-11 13:00:00,0.0,5.032484126167905,-0.0,35.20228243689,-0.0,-0.0,-0.0,-0.0,-0.0
2040-11-11 14:00:00,0.0,4.901511478658719,-0.0,36.16585812088982,-0.0,-0.0,-0.0,-0.0,-0.0
2040-11-11 15:00:00,0.0,5.044233273731624,-0.0,36.19540397009887,-0.0,-0.0,-0.0,-0.0,-0.0
2040-11-11 16:00:00,0.0,5.150730723681809,-0.0,37.4136189967898,-0.0,-0.0,-0.0,-0.0,-0.0
2040-11-11 17:00:00,17.38116872833275,2.2662487643278497e-16,-0.0,34.287408987301404,-0.0,-0.0,-0.0,-0.0,-0.0
2040-11-11 18:00:00,17.977940017758847,1.0378409229972761e-16,-0.0,32.93276162337752,-0.0,-0.0,-0.0,-0.0,-0.0
2040-11-11 19:00:00,18.54753815421689,2.1799200848721562e-16,-0.0,35.450072950893656,-0.0,-0.0,5.401157324069885e-14,-0.0,-0.0
2040-11-11 20:00:00,18.91104144058328,-2.583936134731903e-16,-0.0,36.383374310265864,-0.0,-0.0,-0.0,-0.0,-0.0
2040-11-11 21:00:00,0.0,5.926260433042372,-0.0,43.285259197543965,-0.0,-0.0,-0.0,-0.0,-0.0
2040-11-11 22:00:00,0.0,5.975633251624253,-0.0,42.32505634438402,-0.0,-0.0,-0.0,-0.0,-0.0
2040-11-11 23:00:00,0.0,6.001162235574295,-0.0,45.625375056586776,-0.0,-0.0,-0.0,-0.0,-0.0
2040-11-12 00:00:00,21.192091724935853,4.3526595864680325e-16,-0.0,42.53327892950234,-0.0,-0.0,-0.0,-0.0,-0.0
2040-11-12 01:00:00,21.28260695025033,-5.127943029481521e-16,-0.0,41.791606121818475,-0.0,-0.0,-0.0,-0.0,-0.0
2040-11-12 02:00:00,21.268057867839573,-3.9426282881293814e-16,-0.0,41.59124706831032,-0.0,-0.0,-0.0,-0.0,-0.0
2040-11-12 03:00:00,0.0,6.153704128141974,-0.0,46.919858590873204,-0.0,-0.0,-0.0,-0.0,-0.0
2040-11-12 04:00:00,0.0,5.990497969651013,-0.0,46.957734017076746,-0.0,-0.0,-0.0,-0.0,-0.0
2040-11-12 05:00:00,20.187821570794636,-2.678436847928207e-16,-0.0,39.66475280011791,-0.0,-0.0,-0.0,-0.0,-0.0
2040-11-12 06:00:00,18.810835069579454,-3.7607572663118984e-16,-0.0,38.51913858733801,-0.0,-0.0,-0.0,-0.0,-0.0
2040-11-12 07:00:00,0.0,5.56127891504104,-0.0,42.894018433342126,-0.0,-0.0,-0.0,-0.0,5.5058750173828024e-14
2040-11-12 08:00:00,18.646535168198817,-1.3801208448811362e-16,-0.0,37.071957412881005,-0.0,-0.0,-0.0,-0.0,-5.972034106466189e-13
2040-11-12 09:00:00,18.42619987256367,1.0046630288759798e-16,-0.0,33.778148163174656,-0.0,-0.0,-5.315717053784063e-13,-0.0,-0.0
2040-11-12 10:00:00,17.712910238421955,4.610170746013187e-16,-0.0,33.381255638494615,-0.0,-0.0,-0.0,-0.0,-0.0
2040-11-12 11:00:00,18.107589587764352,-3.708706644586916e-16,-0.0,34.07848575121059,-0.0,-0.0,-0.0,-0.0,-0.0
2040-11-12 12:00:00,0.0,5.19163737504515,-0.0,37.09508458270179,-0.0,-0.0,-0.0,-0.0,-0.0
2040-11-12 13:00:00,17.430199069886008,1.0783818971211717e-16,-0.0,32.48656964122827,-0.0,-0.0,-0.0,-0.0,-0.0
2040-11-12 14:00:00,0.0,5.140330239189649,-0.0,38.18736373119323,-0.0,-0.0,-0.0,-0.0,-0.0
2040-11-12 15:00:00,10.52390761107084,2.1708550176043095,-0.0,33.83312453699298,-0.0,-0.0,-0.0,-0.0,-0.0
2040-11-12 16:00:00,0.0,5.286218887915013,-0.0,38.72355898791962,-0.0,-0.0,-0.0,-0.0,-0.0
2040-11-12 17:00:00,14.766845044500343,1.1028830925538067,-0.0,35.53473467243499,-0.0,-0.0,-0.0,-0.0,-0.0
2040-11-12 18:00:00,18.74386735801149,-2.5715627670257843e-16,-0.0,36.48317852393101,-0.0,-0.0,-0.0,-0.0,-0.0
2040-11-12 19:00:00,19.208608090988033,4.499466866426435e-16,-0.0,37.23882712488587,-0.0,-0.0,-0.0,-0.0,-0.0
2040-11-12 20:00:00,0.0,5.884364795419927,-0.0,45.529377504442834,-0.0,-0.0,-0.0,-0.0,-0.0
2040-11-12 21:00:00,0.0,6.117308158951065,-0.0,45.28318275625169,-0.0,-0.0,-0.0,-0.0,-0.0
2040-11-12 22:00:00,20.46039764191089,-2.6986115299358825e-16,-0.0,39.808967866001936,-0.0,-0.0,-0.0,-0.0,-0.0
2040-11-12 23:00:00,20.807827305507587,-1.5400885977999036e-16,-0.0,39.83818258430908,-0.0,-0.0,-0.0,-0.0,-0.0
2040-11-13 00:00:00,21.207659106805796,1.9830315828820224e-16,-0.0,40.40491467852192,-0.0,-0.0,-0.0,-0.0,-0.0
2040-11-13 01:00:00,21.546648824103137,3.1421791965318774e-16,-0.0,40.76273901273633,-0.0,-0.0,-0.0,-0.0,-0.0
2040-11-13 02:00:00,20.900020607922507,-3.9153880588040557e-16,-0.0,40.569274066171594,-0.0,-0.0,-0.0,-0.0,-0.0
2040-11-13 03:00:00,20.32011127512198,-3.8724661459060456e-16,-0.0,40.28608556594417,-0.0,-0.0,-0.0,-0.0,-0.0
2040-11-13 04:00:00,20.07577267059495,-3.854381456269333e-16,-0.0,41.00751156767435,-0.0,-0.0,-0.0,-0.0,-0.0
2040-11-13 05:00:00,20.123120637443257,8.790656619337232e-17,-0.0,0.0,-0.0,-0.0,-0.0,-0.0,-0.0
2040-11-13 06:00:00,0.0,5.800869883810807,-0.0,43.757613313001286,-0.0,-0.0,-0.0,-0.0,-0.0
2040-11-13 07:00:00,0.0,5.6687377509619585,-0.0,41.876504824312285,-0.0,-0.0,-0.0,-0.0,-0.0
2040-11-13 08:00:00,0.0,5.4830210434927364,-0.0,40.4128211991072,-0.0,-0.0,-0.0,-0.0,-0.0
2040-11-13 09:00:00,18.139662549168616,4.578584729932991e-16,-0.0,35.5485569674274,-0.0,-0.0,-0.0,-0.0,-0.0
2040-11-13 10:00:00,0.0,5.405236363825586,-0.0,39.45167833988458,-0.0,-0.0,-0.0,-0.0,-0.0
2040-11-13 11:00:00,0.0,5.236841681235689,-0.0,38.54045232904388,-0.0,-0.0,-0.0,-0.0,-0.0
2040-11-13 12:00:00,17.06328992789205,-7.869926398651846e-18,-0.0,32.471577330772675,-0.0,-0.0,-0.0,-0.0,-0.0
2040-11-13 13:00:00,0.0,5.063358325388281,-0.0,37.59876274352847,-0.0,-0.0,-0.0,-0.0,-0.0
2040-11-13 14:00:00,16.916419577967133,-2.436304460245426e-16,-0.0,33.38314958251123,-0.0,-0.0,-0.0,-0.0,-0.0
2040-11-13 15:00:00,17.480949359880388,-2.4780880577098733e-16,-0.0,33.39121384360504,-0.0,-0.0,-0.0,-0.0,-0.0
2040-11-13 16:00:00,17.770650176243798,2.2374213462521704e-16,-0.0,34.16684422888508,-0.0,-0.0,-0.0,-0.0,-0.0
2040-11-13 17:00:00,17.942814206376827,4.593154434101441e-16,-0.0,35.6162059538261,-0.0,-0.0,-0.0,-0.0,-0.0
2040-11-13 18:00:00,0.0,5.500265539885308,-0.0,41.53031647988637,-0.0,-0.0,-0.0,-0.0,-0.0
2040-11-13 19:00:00,18.653281834894962,9.87855587338829e-17,-0.0,38.01555554252256,-0.0,-0.0,-0.0,-0.0,-0.0
2040-11-13 20:00:00,0.0,5.892962668927307,-0.0,43.38059935634281,-0.0,-0.0,-0.0,-0.0,-0.0
2040-11-13 21:00:00,19.826212392052454,3.2695170724829855e-16,-0.0,39.87170482932311,-0.0,-0.0,-0.0,-0.0,-0.0
2040-11-13 22:00:00,0.0,6.0817934501670265,-0.0,46.49950334621083,-0.0,-0.0,-0.0,-0.0,-0.0
2040-11-13 23:00:00,20.993098663789066,-3.6956354005091496e-17,-0.0,40.92914491271386,-0.0,-0.0,-0.0,-0.0,-0.0
2040-11-14 00:00:00,0.0,6.175988643813484,-0.0,46.96490150744897,-0.0,-5.5671427101905133e-14,-0.0,-0.0,-0.0
2040-11-14 01:00:00,0.0,6.375608681072262,-0.0,49.12514832055685,-0.0,-0.0,-0.0,-0.0,-0.0
2040-11-14 02:00:00,0.0,6.188466611902282,-0.0,46.89184484478753,-0.0,-0.0,-0.0,-0.0,-0.0
2040-11-14 03:00:00,20.635321302257243,-3.4308269575343036e-17,-0.0,39.99218006798779,-0.0,-0.0,-0.0,-0.0,-0.0
2040-11-14 04:00:00,19.996059348263664,-1.4800056993475613e-16,-0.0,40.265853655001095,-0.0,-0.0,-0.0,-0.0,-0.0
2040-11-14 05:00:00,17.400211226091287,0.6345512360411747,-0.0,40.32391505866194,-0.0,-0.0,-0.0,-0.0,-0.0
2040-11-14 06:00:00,18.922679364263935,9.679161646799913e-17,-0.0,37.30816382242241,-0.0,-0.0,-0.0,-0.0,-0.0
2040-11-14 07:00:00,18.37271672689007,1.0086215768597275e-16,-0.0,37.17245293306263,-0.0,-0.0,-0.0,-0.0,-0.0
2040-11-14 08:00:00,18.61779565629287,-3.746469479559172e-16,-0.0,36.26334013202024,-0.0,-0.0,-0.0,-0.0,-0.0
2040-11-14 09:00:00,18.090693907761022,-1.3389803271894889e-16,-0.0,34.89337056652088,-0.0,-0.0,-0.0,-0.0,5.453263795669463e-13
2040-11-14 10:00:00,0.0,5.284310899289195,-0.0,38.69738527451999,-0.0,5.335630819796046e-13,-0.0,-0.0,-0.0
2040-11-14 11:00:00,17.648261084290834,3.4307178517089463e-16,-0.0,32.13027275315286,-0.0,-0.0,-0.0,-0.0,-0.0
2040-11-14 12:00:00,17.064742256234283,-4.815758329611511e-16,-0.0,32.75399627728805,-0.0,-0.0,-0.0,-0.0,-0.0
2040-11-14 13:00:00,4.095655836891202,3.980792371789974,-0.0,37.08185072718184,-0.0,-0.0,-0.0,-0.0,-0.0
2040-11-14 14:00:00,0.0,5.187331738616716,-0.0,38.42319590539971,-0.0,-0.0,-0.0,-0.0,-0.0
2040-11-14 15:00:00,0.0,5.2509596331387645,-0.0,39.43628104727557,-0.0,-0.0,-0.0,-0.0,-0.0
2040-11-14 16:00:00,0.0,5.426897669131126,-0.0,39.32093970507664,-0.0,-0.0,-0.0,-0.0,-0.0
2040-11-14 17:00:00,0.0,5.412326463963158,-0.0,41.0295233477637,-0.0,-0.0,-0.0,-0.0,-0.0
2040-11-14 18:00:00,0.0,5.548129682820967,-0.0,40.634515958942444,-0.0,-0.0,-0.0,-0.0,-0.0
2040-11-14 19:00:00,0.0,5.595698721249318,-0.0,42.27031521129304,-0.0,-0.0,-0.0,-0.0,-0.0
2040-11-14 20:00:00,0.0,5.648648412780708,-0.0,44.56713220555829,-0.0,-0.0,-0.0,-0.0,-0.0
2040-11-14 21:00:00,0.0,6.013870936287617,-0.0,45.96138245945156,-0.0,-0.0,-0.0,-0.0,-0.0
2040-11-14 22:00:00,0.0,6.153490281760264,-0.0,46.66704294141221,-0.0,-0.0,-0.0,-0.0,-0.0
2040-11-14 23:00:00,0.0,6.063809184977892,-0.0,45.77144370348688,-0.0,-0.0,-0.0,-0.0,-0.0
2040-11-15 00:00:00,0.0,6.080829473020537,-0.0,47.621432835181594,-0.0,-0.0,-0.0,-0.0,-0.0
2040-11-15 01:00:00,0.0,6.269558042325191,-0.0,47.79729846707821,-0.0,-0.0,-0.0,-0.0,-0.0
2040-11-15 02:00:00,0.0,6.212042392050972,-0.0,48.082192816531965,-0.0,-0.0,-0.0,-0.0,-0.0
2040-11-15 03:00:00,0.0,6.0497086565752936,-0.0,46.290605464652,-0.0,-0.0,-0.0,-0.0,-0.0
2040-11-15 04:00:00,0.0,6.121744301223,-0.0,45.38420316285078,-0.0,-0.0,-0.0,-0.0,-0.0
2040-11-15 05:00:00,0.0,5.907135575263092,-0.0,43.3875280560708,-0.0,-0.0,-0.0,-0.0,-0.0
2040-11-15 06:00:00,0.0,5.732979432602985,-0.0,45.55604733556129,-0.0,-0.0,-0.0,-0.0,-0.0
2040-11-15 07:00:00,0.0,5.724677514103682,-0.0,42.90367375024341,-0.0,-0.0,-0.0,-0.0,-0.0
2040-11-15 08:00:00,0.0,5.620327825767604,-0.0,42.698541629117926,-0.0,-0.0,-0.0,-0.0,-0.0
2040-11-15 09:00:00,0.0,5.430311666003591,-0.0,39.42100469466894,-0.0,-0.0,-0.0,-0.0,-0.0
2040-11-15 10:00:00,0.0,5.149407177224827,-0.0,38.29868197950515,-0.0,-0.0,-0.0,-0.0,-0.0
2040-11-15 11:00:00,0.0,5.261313106456462,-0.0,39.09634029199539,-0.0,-0.0,-0.0,-0.0,-0.0
2040-11-15 12:00:00,0.0,4.923624065079815,-0.0,38.453615088831924,-0.0,-0.0,-0.0,-0.0,-0.0
2040-11-15 13:00:00,0.0,5.015395642573942,-0.0,37.64502679551473,-0.0,-0.0,-0.0,-0.0,-0.0
2040-11-15 14:00:00,0.0,5.129916916114227,-0.0,37.31630344819163,-0.0,-0.0,-0.0,-0.0,-0.0
2040-11-15 15:00:00,0.0,5.214019221712546,-0.0,37.95433113111459,-0.0,-0.0,-0.0,-0.0,-0.0
2040-11-15 16:00:00,0.0,5.2025763405913885,-0.0,38.29191304084232,-0.0,-0.0,-0.0,-0.0,-0.0
2040-11-15 17:00:00,0.0,5.368371025131736,-0.0,38.585926491897666,-0.0,-0.0,-0.0,-0.0,-0.0
2040-11-15 18:00:00,0.0,5.704170151108957,-0.0,41.719109520996135,-0.0,-0.0,-0.0,-0.0,-0.0
2040-11-15 19:00:00,0.0,5.5236471056449545,-0.0,42.070427740531535,-0.0,-0.0,-0.0,-0.0,-0.0
2040-11-15 20:00:00,0.0,5.649869002000521,-0.0,44.72598212839255,-0.0,-0.0,-0.0,-0.0,-0.0
2040-11-15 21:00:00,0.0,5.876745484748604,-0.0,45.27620189184589,-0.0,-0.0,-0.0,-0.0,-0.0
2040-11-15 22:00:00,0.0,5.92579864912577,-0.0,45.290783510853586,-0.0,-0.0,5.39845674540785e-14,-0.0,-0.0
2040-11-15 23:00:00,0.0,5.990705121022617,-0.0,45.484982118195795,-0.0,-0.0,-0.0,-0.0,-0.0
2040-11-16 00:00:00,0.0,6.160956248192936,-0.0,47.48519069836554,-0.0,-0.0,-0.0,-0.0,-0.0
2040-11-16 01:00:00,0.0,6.253815385749365,-0.0,46.70520064483868,-0.0,-0.0,-0.0,-0.0,-0.0
2040-11-16 02:00:00,0.0,6.083748896172287,-0.0,47.362286090687775,-0.0,-0.0,-0.0,-0.0,-0.0
2040-11-16 03:00:00,0.0,6.194503621907661,-0.0,47.91811946695725,-0.0,-0.0,-0.0,-0.0,-0.0
2040-11-16 04:00:00,0.0,6.069406540280732,-0.0,46.8470837404156,-0.0,-0.0,-0.0,-0.0,-0.0
2040-11-16 05:00:00,0.0,5.792492306517615,-0.0,44.65608214014572,-0.0,-0.0,-0.0,-0.0,-0.0
2040-11-16 06:00:00,0.0,5.618767068572462,-0.0,42.91374087471799,-0.0,-0.0,-0.0,-0.0,-0.0
2040-11-16 07:00:00,0.0,5.616530973872567,-0.0,42.05479894726029,-0.0,-0.0,-0.0,-0.0,-0.0
2040-11-16 08:00:00,0.0,5.579155409851538,-0.0,41.44646243807711,-0.0,-0.0,-0.0,-0.0,-0.0
2040-11-16 09:00:00,0.0,5.293348298872894,-0.0,40.328156682891155,-0.0,-0.0,-0.0,-0.0,-0.0
2040-11-16 10:00:00,0.0,5.275440250871243,-0.0,38.674565264223375,-0.0,-0.0,-0.0,-0.0,-0.0
2040-11-16 11:00:00,0.0,5.139353942813082,-0.0,38.41090756365237,-0.0,-0.0,-0.0,-0.0,-0.0
2040-11-16 12:00:00,0.0,5.084002451240445,-0.0,37.928640908155266,-0.0,-0.0,-0.0,-0.0,-0.0
2040-11-16 13:00:00,0.0,5.061684522357624,-0.0,37.63360248064611,-0.0,-0.0,-0.0,-0.0,-0.0
2040-11-16 14:00:00,0.0,4.842540087274117,-0.0,37.82119324185697,-0.0,-0.0,-0.0,-0.0,-0.0
2040-11-16 15:00:00,0.0,5.187759562393556,-0.0,36.41352281112401,-0.0,-0.0,-0.0,-0.0,-0.0
2040-11-16 16:00:00,0.0,5.07994740796252,-0.0,39.016105365450755,-0.0,-0.0,-0.0,-0.0,-0.0
2040-11-16 17:00:00,0.0,5.2198887236293805,-0.0,40.11642661483127,-0.0,-0.0,-0.0,-0.0,-0.0
2040-11-16 18:00:00,0.0,5.364035119114644,-0.0,42.471924423421065,-0.0,-0.0,-0.0,-0.0,-0.0
2040-11-16 19:00:00,0.0,5.683584023801793,-0.0,41.06319932876394,-0.0,-0.0,-0.0,-0.0,-0.0
2040-11-16 20:00:00,0.0,5.660187336826147,-0.0,43.73882519565821,-0.0,-0.0,-0.0,-0.0,-0.0
2040-11-16 21:00:00,0.0,5.908244942941234,-0.0,45.58601730323197,-0.0,-0.0,-0.0,-0.0,-0.0
2040-11-16 22:00:00,0.0,5.7820980844492995,-0.0,44.87784023328046,-0.0,-0.0,-0.0,-0.0,-0.0
2040-11-16 23:00:00,0.0,5.956186753632603,-0.0,47.37710349094859,-0.0,-0.0,-0.0,-0.0,-0.0
2040-11-17 00:00:00,0.0,5.849800858410795,-0.0,45.32699311277538,-0.0,-0.0,-0.0,-0.0,-0.0
2040-11-17 01:00:00,0.0,5.879371094517335,-0.0,44.741321021908036,-0.0,-0.0,-0.0,-0.0,-0.0
2040-11-17 02:00:00,0.0,5.85191924221741,-0.0,44.427455570308524,-0.0,-0.0,-0.0,-0.0,-0.0
2040-11-17 03:00:00,0.0,5.799786218641444,-0.0,45.1504142574513,-0.0,-0.0,-0.0,-0.0,-0.0
2040-11-17 04:00:00,0.0,5.73929406736976,-0.0,43.24647148054869,-0.0,-0.0,-0.0,-0.0,-0.0
2040-11-17 05:00:00,0.0,5.602487906183494,-0.0,42.72856168908392,-0.0,-0.0,-0.0,-0.0,-0.0
2040-11-17 06:00:00,0.0,5.524252762654711,-0.0,41.014952826189315,-0.0,-0.0,-0.0,-0.0,-0.0
2040-11-17 07:00:00,0.0,5.136973558722118,-0.0,40.12096790295091,-0.0,-0.0,-0.0,-0.0,-0.0
2040-11-17 08:00:00,0.0,5.185574996006211,-0.0,38.363317087376664,-0.0,-0.0,-0.0,-0.0,-0.0
2040-11-17 09:00:00,0.0,5.0251062477315624,-0.0,37.95862847851824,-0.0,-0.0,-0.0,-0.0,-0.0
2040-11-17 10:00:00,0.0,5.069056817694128,-0.0,37.494719600355914,-0.0,-0.0,-0.0,-0.0,-0.0
2040-11-17 11:00:00,0.0,4.799379656392674,-0.0,36.428799668338506,-0.0,-0.0,-0.0,5.569501238120961e-13,-0.0
2040-11-17 12:00:00,0.0,4.743204848660756,-0.0,33.88542298570013,-0.0,-0.0,-0.0,-0.0,-0.0
2040-11-17 13:00:00,0.0,4.721661003958386,-0.0,33.88192663367643,-0.0,-0.0,-0.0,-0.0,-0.0
2040-11-17 14:00:00,0.0,4.710992134134387,-0.0,35.13374893531652,-0.0,-0.0,-0.0,-0.0,-0.0
2040-11-17 15:00:00,0.0,4.894440296115831,-0.0,35.648209060536075,-0.0,-0.0,-0.0,-0.0,-0.0
2040-11-17 16:00:00,0.0,4.888881703183645,-0.0,34.74638170227923,7.908828930288416e-13,-0.0,-0.0,-0.0,-0.0
2040-11-17 17:00:00,0.0,5.0041431063035455,-0.0,38.87625215109424,-0.0,-0.0,-0.0,-0.0,-0.0
2040-11-17 18:00:00,0.0,5.182653295760574,-0.0,38.36411300746626,-0.0,-0.0,-0.0,-0.0,-0.0
2040-11-17 19:00:00,0.0,5.308233059927912,-0.0,38.444793183222586,-0.0,-0.0,-0.0,-0.0,-0.0
2040-11-17 20:00:00,0.0,5.3062278650566155,-0.0,40.22810920851699,-0.0,-0.0,-0.0,-0.0,-0.0
2040-11-17 21:00:00,0.0,5.440140476253034,-0.0,42.27397302302128,-0.0,-0.0,-0.0,-0.0,-0.0
2040-11-17 22:00:00,0.0,5.712937509429484,-0.0,43.184335165598,-0.0,-0.0,-0.0,-0.0,-0.0
2040-11-17 23:00:00,0.0,5.811668463011624,-0.0,44.0724330547235,-0.0,-0.0,-0.0,-0.0,-0.0
2040-11-18 00:00:00,0.0,5.8036166620452,-0.0,45.38957725869403,-0.0,-0.0,-0.0,-0.0,-0.0
2040-11-18 01:00:00,0.0,5.831516147230992,-0.0,43.46767370093176,-0.0,-0.0,-0.0,-0.0,-0.0
2040-11-18 02:00:00,0.0,5.715801606440024,-0.0,44.62895455577221,-0.0,-0.0,-0.0,-0.0,-0.0
2040-11-18 03:00:00,0.0,5.645660451491749,-0.0,43.26438563834992,-0.0,-0.0,-0.0,-0.0,-0.0
2040-11-18 04:00:00,0.0,5.725821592686475,-0.0,43.53172260946085,-0.0,-0.0,-0.0,-0.0,-0.0
2040-11-18 05:00:00,0.0,5.641772754284962,-0.0,42.49010950800121,-0.0,-0.0,-0.0,-0.0,-0.0
2040-11-18 06:00:00,0.0,5.418954861250625,-0.0,39.133335491701516,-0.0,-0.0,-0.0,-0.0,-0.0
2040-11-18 07:00:00,0.0,5.2989799913119064,-0.0,40.430891436023515,-0.0,-0.0,-0.0,-0.0,-0.0
2040-11-18 08:00:00,0.0,5.257850373961963,-0.0,38.33185554462486,-0.0,-0.0,-0.0,-0.0,-0.0
2040-11-18 09:00:00,0.0,4.894449429964584,-0.0,37.356153628990654,-0.0,-0.0,-0.0,-0.0,-0.0
2040-11-18 10:00:00,0.0,4.976547695125574,-0.0,37.43433253968927,-0.0,-0.0,-0.0,-0.0,-0.0
2040-11-18 11:00:00,0.0,4.7151918958128345,-0.0,34.955050727344705,-0.0,-0.0,-0.0,-0.0,-0.0
2040-11-18 12:00:00,0.0,4.810885923239656,-0.0,34.87596875681643,-0.0,-0.0,-0.0,-0.0,-0.0
2040-11-18 13:00:00,0.0,4.710194586900879,-0.0,34.644444351554654,-0.0,-0.0,-0.0,-0.0,-0.0
2040-11-18 14:00:00,0.0,4.830964733401937,-0.0,35.80977516623066,-0.0,-0.0,-0.0,-0.0,-0.0
2040-11-18 15:00:00,0.0,4.793587924387427,-0.0,34.46385100257333,-0.0,-0.0,-0.0,-0.0,-0.0
2040-11-18 16:00:00,0.0,4.920115802599634,-0.0,37.434260135257865,-0.0,-0.0,-0.0,-0.0,-0.0
2040-11-18 17:00:00,0.0,5.127958052295512,-0.0,36.65936527856118,-0.0,-0.0,-0.0,-0.0,-0.0
2040-11-18 18:00:00,0.0,5.033392159511069,-0.0,38.419946582756076,-0.0,-0.0,-0.0,-0.0,-0.0
2040-11-18 19:00:00,0.0,5.238819990906757,-0.0,40.049532130514606,-0.0,-0.0,-0.0,-0.0,-0.0
2040-11-18 20:00:00,0.0,5.460442988351093,-0.0,41.650121128493886,-0.0,-0.0,-0.0,-0.0,-0.0
2040-11-18 21:00:00,0.0,5.486583499973086,-0.0,43.30308224111998,-0.0,-0.0,-0.0,-0.0,-0.0
2040-11-18 22:00:00,0.0,5.617345768464893,-0.0,43.12986745747584,-0.0,-0.0,-0.0,-0.0,-0.0
2040-11-18 23:00:00,0.0,5.662251147212676,-0.0,43.30423618752542,-0.0,-0.0,-0.0,-0.0,-0.0
2040-11-19 00:00:00,0.0,5.991813498628186,-0.0,46.45598963175708,-0.0,-0.0,-0.0,-0.0,-0.0
2040-11-19 01:00:00,18.227938252241223,0.6379556713150398,-0.0,42.68240106183713,-0.0,-0.0,-0.0,-0.0,-0.0
2040-11-19 02:00:00,19.96233261074997,-5.030223098112516e-16,-0.0,39.56339307288354,-0.0,-0.0,-5.5109421742761434e-14,-0.0,-0.0
2040-11-19 03:00:00,19.75419536105481,-2.7786627525226676e-17,-0.0,41.89609055803579,-0.0,-0.0,-0.0,-0.0,-0.0
2040-11-19 04:00:00,0.0,5.841699283148434,-0.0,46.682105158642564,-0.0,-0.0,-0.0,-0.0,-0.0
2040-11-19 05:00:00,19.21204773101159,-2.606215075677938e-16,-0.0,38.65364210996406,-0.0,-0.0,-0.0,-0.0,-0.0
2040-11-19 06:00:00,19.053512245187747,-1.4102431996389865e-16,-0.0,37.67443741159992,-0.0,-0.0,-0.0,-0.0,-0.0
2040-11-19 07:00:00,17.73913797953051,-2.4971978543919903e-16,-0.0,35.04364773018294,-0.0,-0.0,-0.0,-0.0,-0.0
2040-11-19 08:00:00,17.797468618892797,-1.3303940311573091e-17,-0.0,35.686301094639965,-0.0,-0.0,-0.0,-0.0,-0.0
2040-11-19 09:00:00,17.376894811120696,-4.838862259853541e-16,-0.0,35.59276637372896,-0.0,-0.0,-0.0,-0.0,-0.0
2040-11-19 10:00:00,16.866246509885386,-4.80106669308573e-16,-0.0,33.77823406851935,-0.0,-0.0,-0.0,-0.0,-0.0
2040-11-19 11:00:00,0.0,4.9090511848368275,-0.0,36.19410845215773,-0.0,-0.0,-0.0,-0.0,-0.0
2040-11-19 12:00:00,16.65841504885508,-1.2329703960667407e-16,-0.0,33.403283239031985,-0.0,-0.0,-0.0,-0.0,-0.0
2040-11-19 13:00:00,16.49517140743179,-4.773601618245122e-16,-0.0,32.70037026193292,-0.0,-0.0,-0.0,-0.0,-0.0
2040-11-19 14:00:00,16.99318335976077,-1.2577482285122322e-16,-0.0,32.556978390306895,-0.0,-0.0,-0.0,-0.0,-0.0
2040-11-19 15:00:00,16.888645800382406,-6.577300188806653e-18,-0.0,32.66975395785456,-0.0,-0.0,-0.0,-0.0,-0.0
2040-11-19 16:00:00,0.0,5.02108295379731,-0.0,38.8994668657038,-0.0,-0.0,5.3395007384063427e-14,-0.0,-0.0
2040-11-19 17:00:00,0.0,5.263311853755554,-0.0,38.452542053952904,-0.0,-0.0,-5.454713524036654e-14,-0.0,-0.0
2040-11-19 18:00:00,17.544303625807608,3.4384122493082524e-16,-0.0,35.80212240633811,-0.0,-0.0,-0.0,-0.0,-0.0
2040-11-19 19:00:00,18.481820094902343,-1.8369158748919813e-17,-0.0,36.26273881757887,-0.0,-0.0,-0.0,-0.0,-0.0
2040-11-19 20:00:00,0.0,5.765762346446132,-0.0,44.42509695615586,-0.0,-0.0,5.3395007384063427e-14,-0.0,-0.0
2040-11-19 21:00:00,0.0,5.835429592135957,-0.0,43.87951606900809,-0.0,-0.0,-5.454713524036654e-14,-0.0,-0.0
2040-11-19 22:00:00,0.0,5.863416087841354,-0.0,45.22704295249911,-0.0,-0.0,-0.0,-0.0,-0.0
2040-11-19 23:00:00,15.168874084627031,1.4289867559115623,-0.0,40.03801802823391,-0.0,-0.0,-0.0,-0.0,-0.0
2040-11-20 00:00:00,0.0,5.947778587478371,-0.0,47.66074520566926,-0.0,-0.0,-0.0,-0.0,-0.0
2040-11-20 01:00:00,0.0,5.776002015731247,-0.0,46.80495122395366,-8.154588115871776e-13,-0.0,-0.0,-0.0,-0.0
2040-11-20 02:00:00,0.0,6.086787471897703,-0.0,46.8878614821179,-0.0,-0.0,-0.0,-5.705149356758131e-13,-0.0
2040-11-20 03:00:00,0.0,5.8497808880351805,-0.0,46.21294840625427,-0.0,-0.0,-0.0,-0.0,-0.0
2040-11-20 04:00:00,0.0,5.959440490097227,-0.0,45.86221637389373,-0.0,-0.0,-0.0,-0.0,-0.0
2040-11-20 05:00:00,0.0,5.808886040632951,-0.0,45.11192519912562,-0.0,-0.0,-0.0,-0.0,-0.0
2040-11-20 06:00:00,0.0,5.5574355197501335,-0.0,43.58331445345609,-0.0,-0.0,-0.0,-0.0,-0.0
2040-11-20 07:00:00,0.0,5.408285899626843,-0.0,42.32982806283399,-0.0,-0.0,-0.0,-0.0,-0.0
2040-11-20 08:00:00,0.0,5.3804368006806795,-0.0,39.872779294936855,-0.0,-0.0,-0.0,-0.0,-0.0
2040-11-20 09:00:00,0.0,5.1661438248454745,-0.0,39.0492144548716,-0.0,-0.0,-0.0,-0.0,-0.0
2040-11-20 10:00:00,0.0,5.11483414573609,-0.0,38.30545577307292,-0.0,-0.0,-0.0,-0.0,-0.0
2040-11-20 11:00:00,0.0,4.830989827926429,-0.0,37.854770185466606,-0.0,-0.0,-0.0,-0.0,-0.0
2040-11-20 12:00:00,0.0,4.9168842699217885,-0.0,37.001707983920035,-0.0,-0.0,-0.0,-0.0,-0.0
2040-11-20 13:00:00,0.0,4.965345167058552,-0.0,36.708810804676695,-0.0,-0.0,-0.0,5.39845674540785e-14,-0.0
2040-11-20 14:00:00,0.0,4.910530524884087,-0.0,37.75659536599848,-0.0,-0.0,-0.0,-5.395757517035147e-14,-0.0
2040-11-20 15:00:00,0.0,4.880635655270063,-0.0,37.440336175920095,-0.0,-0.0,-0.0,-0.0,-0.0
2040-11-20 16:00:00,0.0,5.125392375091324,-0.0,39.049383733986446,-0.0,-0.0,-0.0,-0.0,-0.0
2040-11-20 17:00:00,0.0,5.159847543722381,-0.0,39.13861264484762,-0.0,-0.0,-0.0,-0.0,-0.0
2040-11-20 18:00:00,0.0,5.207815437745712,-0.0,39.974140554786544,-0.0,-0.0,-0.0,-0.0,-0.0
2040-11-20 19:00:00,0.0,5.383153255161107,-0.0,42.25514234587144,-0.0,-0.0,-0.0,-0.0,-0.0
2040-11-20 20:00:00,0.0,5.670016175167255,-0.0,42.97475309724111,-0.0,-0.0,-0.0,-0.0,-0.0
2040-11-20 21:00:00,0.0,5.776362375625353,-0.0,44.590020590944334,-0.0,-0.0,-0.0,-0.0,-0.0
2040-11-20 22:00:00,0.0,5.9082312709545945,-0.0,46.346800043520176,-0.0,-0.0,-0.0,-0.0,-0.0
2040-11-20 23:00:00,0.0,5.866809623705225,-0.0,46.22375386290136,-0.0,-5.342100443362653e-13,-0.0,-0.0,-0.0
2040-11-21 00:00:00,0.0,5.901690821331216,-0.0,48.030316726391526,-0.0,-0.0,-0.0,-0.0,-5.9992626783091e-13
2040-11-21 01:00:00,0.0,5.958417701564481,-0.0,45.81866153211394,-0.0,-0.0,-0.0,-0.0,-0.0
2040-11-21 02:00:00,0.0,5.8931693938603145,-0.0,46.40500879937953,-0.0,-0.0,-0.0,-0.0,6.004078203255944e-13
2040-11-21 03:00:00,0.0,5.858435666263788,-0.0,46.581532090386204,-0.0,-0.0,-0.0,-0.0,-5.439010279058153e-13
2040-11-21 04:00:00,0.0,5.895002892117041,-0.0,44.25660167167388,-0.0,-0.0,-0.0,-0.0,-0.0
2040-11-21 05:00:00,0.0,5.683034004808246,-0.0,43.2781395698845,-0.0,-0.0,-0.0,-0.0,-0.0
2040-11-21 06:00:00,0.0,5.619788359726528,-0.0,43.200682106950936,-0.0,5.39845674540785e-14,-0.0,-0.0,-0.0
2040-11-21 07:00:00,0.0,5.4514014026790285,-0.0,41.160686884626614,-0.0,-0.0,-0.0,-0.0,-0.0
2040-11-21 08:00:00,0.0,5.309174020995036,-0.0,40.84758457531438,-0.0,-0.0,-0.0,-0.0,-0.0
2040-11-21 09:00:00,0.0,5.124298311015553,-0.0,40.04618684113558,-0.0,-0.0,-0.0,-0.0,-0.0
2040-11-21 10:00:00,0.0,5.100819269502817,-0.0,37.78880560175776,-0.0,-0.0,-0.0,-0.0,-0.0
2040-11-21 11:00:00,0.0,4.9745687689784726,-0.0,37.99203019784444,-0.0,-0.0,-0.0,-0.0,-0.0
2040-11-21 12:00:00,0.0,5.0111679501606385,-0.0,36.52922215934778,-0.0,-0.0,-0.0,-0.0,-0.0
2040-11-21 13:00:00,0.0,4.932341488333633,-0.0,37.06937441450834,-0.0,-0.0,-0.0,-0.0,-0.0
2040-11-21 14:00:00,0.0,4.812745275876292,-0.0,38.40724027413496,-0.0,-0.0,-0.0,-0.0,-0.0
2040-11-21 15:00:00,0.0,4.946060009786037,-0.0,37.93117481108315,-0.0,-0.0,-0.0,-0.0,-0.0
2040-11-21 16:00:00,0.0,5.142687787283796,-0.0,38.03237983168929,-0.0,-0.0,-0.0,-0.0,-0.0
2040-11-21 17:00:00,0.0,5.023943982375994,-0.0,39.17580949708239,-0.0,-0.0,-0.0,-0.0,-0.0
2040-11-21 18:00:00,0.0,5.202405407386666,-0.0,41.67355769034652,-0.0,-0.0,-0.0,-0.0,-0.0
2040-11-21 19:00:00,0.0,5.575035610862085,-0.0,41.983940459898236,-0.0,-0.0,-0.0,-0.0,-0.0
2040-11-21 20:00:00,0.0,5.547113875749453,-0.0,43.428720330829336,-0.0,-0.0,-0.0,-0.0,-0.0
2040-11-21 21:00:00,0.0,5.824087042546441,-0.0,43.9366042001963,-0.0,-0.0,-0.0,-0.0,-0.0
2040-11-21 22:00:00,0.0,5.777208160748798,-0.0,45.81857062267738,-0.0,-0.0,-0.0,-0.0,-0.0
2040-11-21 23:00:00,0.0,5.948030715666062,-0.0,45.612084977136945,-0.0,-0.0,-0.0,-0.0,-0.0
2040-11-22 00:00:00,0.0,6.024785761016957,-0.0,46.91919630203778,-0.0,-0.0,-0.0,-0.0,-0.0
2040-11-22 01:00:00,0.0,5.950119944505975,-0.0,46.80374076079927,-0.0,-0.0,-0.0,-0.0,-0.0
2040-11-22 02:00:00,0.0,5.818017782710985,-0.0,44.81778199512061,-0.0,-0.0,-0.0,-0.0,-0.0
2040-11-22 03:00:00,0.0,5.9060573065540725,-0.0,46.16684205015281,-0.0,-0.0,-0.0,-0.0,-0.0
2040-11-22 04:00:00,0.0,5.636866188605455,-0.0,45.73307674686872,-0.0,-0.0,-0.0,-0.0,-0.0
2040-11-22 05:00:00,0.0,5.625693971923788,-0.0,44.25022924251372,-0.0,-0.0,-0.0,-0.0,-0.0
2040-11-22 06:00:00,0.0,5.611693927864869,-0.0,43.58495613481532,-0.0,-0.0,-0.0,-0.0,-0.0
2040-11-22 07:00:00,0.0,5.496937238069474,-0.0,41.135773085288506,-0.0,-0.0,-0.0,-0.0,-0.0
2040-11-22 08:00:00,0.0,5.230416163674241,-0.0,42.01004449584596,-0.0,-0.0,-0.0,-0.0,-0.0
2040-11-22 09:00:00,0.0,5.081098313969464,-0.0,39.24293372842135,-0.0,-0.0,-0.0,-0.0,-0.0
2040-11-22 10:00:00,0.0,5.106968202054907,-0.0,38.376851125121796,-0.0,-0.0,-0.0,-0.0,-0.0
2040-11-22 11:00:00,0.0,4.905415995980829,-0.0,37.48050053325784,-0.0,-0.0,-0.0,-0.0,-0.0
2040-11-22 12:00:00,0.0,4.856731517022616,-0.0,35.98720281067462,-0.0,-0.0,-0.0,-0.0,-0.0
2040-11-22 13:00:00,0.0,4.8539601248532085,-0.0,37.459479948657744,-0.0,-0.0,-0.0,-0.0,-0.0
2040-11-22 14:00:00,0.0,4.875319465371568,-0.0,37.882510057634285,-0.0,-0.0,-0.0,-0.0,-0.0
2040-11-22 15:00:00,0.0,4.801385606818537,-0.0,37.799735569701596,-0.0,-0.0,-0.0,-0.0,-0.0
2040-11-22 16:00:00,0.0,5.139457273059367,-0.0,39.23739517006429,-0.0,-0.0,-0.0,-0.0,-0.0
2040-11-22 17:00:00,0.0,5.140573893674004,-0.0,39.14751777656402,-0.0,-0.0,-0.0,-0.0,-0.0
2040-11-22 18:00:00,0.0,5.233536097930229,-0.0,40.239472272622166,-0.0,-0.0,-0.0,-0.0,-0.0
2040-11-22 19:00:00,0.0,5.304461676017105,-0.0,41.34948330589865,-0.0,-0.0,-0.0,-0.0,-0.0
2040-11-22 20:00:00,0.0,5.4257512835635415,-0.0,41.976714963159864,-0.0,-0.0,-0.0,-0.0,-0.0
2040-11-22 21:00:00,0.0,5.638223743866842,-0.0,43.658865885263666,-0.0,-0.0,-0.0,-0.0,-0.0
2040-11-22 22:00:00,0.0,5.902944908107689,-0.0,44.34982531412367,-0.0,-0.0,-0.0,-0.0,-0.0
2040-11-22 23:00:00,19.253545793354167,2.127665022436726e-16,-0.0,41.218274355229894,-0.0,-0.0,-0.0,-0.0,-0.0
2040-11-23 00:00:00,0.0,5.845113078720772,-0.0,44.902040030398524,-0.0,-0.0,-0.0,-0.0,-0.0
2040-11-23 01:00:00,19.742561029223566,-3.829718840514423e-16,-0.0,40.794193956156874,-0.0,-0.0,-0.0,-0.0,-0.0
2040-11-23 02:00:00,20.129512589804573,-2.6741211163790337e-16,-0.0,38.41841039529694,-0.0,-0.0,-0.0,-0.0,-0.0
2040-11-23 03:00:00,19.21541222046482,-1.4222262049882433e-16,-0.0,40.17360095944906,-0.0,-0.0,-0.0,-0.0,-0.0
2040-11-23 04:00:00,19.516219747602655,9.23985351371492e-17,-0.0,40.40222112371936,-0.0,-0.0,-0.0,-0.0,-0.0
2040-11-23 05:00:00,19.12439348112757,3.3214621067513963e-16,-0.0,38.944901115798444,-0.0,-0.0,-0.0,-0.0,-0.0
2040-11-23 06:00:00,17.64842850694783,-3.674721897657964e-16,-0.0,37.15590976481324,-0.0,-0.0,-0.0,-0.0,-0.0
2040-11-23 07:00:00,17.925798323421986,-1.3267756022300079e-16,-0.0,37.254440679172916,-0.0,-0.0,-0.0,-0.0,-0.0
2040-11-23 08:00:00,16.9332204285788,1.1151657058095843e-16,-0.0,36.42329914459819,-0.0,-0.0,-0.0,-0.0,-0.0
2040-11-23 09:00:00,16.833370962340517,-1.2459197349631314e-16,-0.0,5.218211063997227,-0.0,-0.0,-0.0,-0.0,-0.0
2040-11-23 10:00:00,16.50624331633495,-3.746953239051046e-18,-0.0,0.6115495355139351,-0.0,-0.0,-0.0,-0.0,-0.0
2040-11-23 11:00:00,16.00271513560131,-2.0096040397025405e-20,-0.0,32.06294569428758,-0.0,-0.0,-0.0,-0.0,-0.0
2040-11-23 12:00:00,16.07669729352832,-1.1899146330136052e-16,-0.0,32.23780515760201,-0.0,-0.0,-0.0,-0.0,-0.0
2040-11-23 13:00:00,16.176411461412783,1.1711808218489508e-16,-0.0,32.56566071439535,-0.0,-0.0,-0.0,-0.0,-0.0
2040-11-23 14:00:00,15.949865539900506,-1.7726461439382765e-16,-0.0,31.823569831235535,-0.0,-0.0,-0.0,-0.0,-0.0
2040-11-23 15:00:00,0.0,5.082790705276444,-0.0,37.460494197575414,-0.0,-0.0,-0.0,-0.0,-0.0
2040-11-23 16:00:00,0.0,4.98383839989949,-0.0,38.72184233138682,-0.0,-0.0,-0.0,-0.0,-0.0
2040-11-23 17:00:00,0.0,4.984212444354578,-0.0,39.212601534806296,-0.0,-0.0,-0.0,-0.0,-0.0
2040-11-23 18:00:00,0.0,5.2193490216441365,-0.0,40.10799184986257,-0.0,-0.0,-0.0,-0.0,-0.0
2040-11-23 19:00:00,0.0,5.395022347413273,-0.0,41.430119121820596,-0.0,-0.0,-0.0,-0.0,-0.0
2040-11-23 20:00:00,0.0,5.480447984694355,-0.0,41.51831263221454,-0.0,-0.0,-0.0,-0.0,-0.0
2040-11-23 21:00:00,0.0,5.645916332614109,-0.0,43.06498962489561,-0.0,-0.0,-0.0,-0.0,-0.0
2040-11-23 22:00:00,0.0,5.724090943910422,-0.0,43.29193390479392,-0.0,-0.0,-0.0,-0.0,-0.0
2040-11-23 23:00:00,16.02474103285843,1.0762316123806384,-0.0,40.708407009222626,-0.0,-0.0,-0.0,-0.0,-0.0
2040-11-24 00:00:00,19.18381366570421,-4.972601120919404e-16,-0.0,37.683876500961205,-0.0,-0.0,-0.0,-0.0,-0.0
2040-11-24 01:00:00,18.690085143016237,2.1693694882684216e-16,-0.0,38.27223670877936,-0.0,-0.0,-0.0,-0.0,-0.0
2040-11-24 02:00:00,18.68250787118512,-2.5670212526888627e-16,-0.0,37.740009579997555,-0.0,-0.0,-0.0,-0.0,-0.0
2040-11-24 03:00:00,18.61661444165941,4.543283198420869e-16,-0.0,37.52264533681438,-0.0,-0.0,-0.0,-0.0,-0.0
2040-11-24 04:00:00,18.471396217836524,4.554031506133092e-16,-0.0,37.54717554363575,-0.0,-0.0,-0.0,-0.0,-0.0
2040-11-24 05:00:00,18.25123354923523,-1.3508626476114712e-16,-0.0,36.806126941212966,-0.0,-0.0,-0.0,-0.0,-0.0
2040-11-24 06:00:00,0.0,5.265226908402339,-0.0,41.65571803997833,-0.0,-6.015736567185555e-14,-0.0,-0.0,-0.0
2040-11-24 07:00:00,0.0,5.17459715675748,-0.0,39.181257953317,-0.0,-0.0,-0.0,-0.0,-0.0
2040-11-24 08:00:00,0.0,4.961757892145809,-0.0,37.200484013893536,-0.0,-0.0,-0.0,-0.0,-0.0
2040-11-24 09:00:00,16.350412766442293,-4.76288732649579e-16,-0.0,31.918216117944585,-0.0,-0.0,-0.0,-0.0,-0.0
2040-11-24 10:00:00,0.0,4.7375108491590785,-0.0,36.85350000009346,-0.0,-0.0,-0.0,-0.0,-0.0
2040-11-24 11:00:00,15.464166487129596,-1.1445782460432e-16,-0.0,31.437884817060276,-0.0,-0.0,-0.0,-0.0,-0.0
2040-11-24 12:00:00,15.247972993139609,2.4241369657440904e-16,-0.0,30.431555082174203,-0.0,-0.0,-0.0,-0.0,-0.0
2040-11-24 13:00:00,15.369608039652348,4.6658377927770094e-18,-0.0,30.209491774803386,-0.0,-0.0,-0.0,-0.0,-0.0
2040-11-24 14:00:00,15.74050011455319,1.7955636892476263e-16,-0.0,30.00074584088834,-0.0,-0.0,-0.0,-0.0,-0.0
2040-11-24 15:00:00,0.0,4.7238512659346865,-0.0,35.45103853967371,-0.0,-4.220276343491958e-14,-0.0,-0.0,-0.0
2040-11-24 16:00:00,0.0,4.771117138527739,-0.0,35.44367084540227,-0.0,-0.0,-0.0,-0.0,-0.0
2040-11-24 17:00:00,0.0,4.888163935626845,-0.0,36.759836410925026,-0.0,-0.0,-0.0,-0.0,-0.0
2040-11-24 18:00:00,0.0,4.796529779076865,-0.0,38.330190011872126,-0.0,-0.0,-0.0,-0.0,-0.0
2040-11-24 19:00:00,0.0,5.044522112102129,-0.0,39.184284064918366,-0.0,-0.0,-0.0,-0.0,-0.0
2040-11-24 20:00:00,17.999619333304416,3.404712117179156e-16,-0.0,34.75779977688619,-0.0,-0.0,-0.0,-0.0,-0.0
2040-11-24 21:00:00,0.0,5.382050152094656,-0.0,41.30987235415466,-0.0,-0.0,-0.0,-0.0,-0.0
2040-11-24 22:00:00,0.0,5.556159965656788,-0.0,41.65087386464944,-0.0,-0.0,-0.0,-0.0,-0.0
2040-11-24 23:00:00,0.0,5.606468503525156,-0.0,43.5955840023033,-0.0,-0.0,-0.0,-0.0,-0.0
2040-11-25 00:00:00,0.0,5.455817755651299,-0.0,43.312117619864374,-0.0,-0.0,-0.0,-0.0,-0.0
2040-11-25 01:00:00,0.0,5.538700954525282,-0.0,43.71017787728021,-0.0,-0.0,-0.0,-0.0,-0.0
2040-11-25 02:00:00,18.663159259382024,-2.5655891677343073e-16,-0.0,38.136076719036,-0.0,-0.0,-0.0,-0.0,-0.0
2040-11-25 03:00:00,18.408923511375082,-2.5467719423263e-16,-0.0,38.06978736986551,-0.0,-0.0,-0.0,-0.0,-0.0
2040-11-25 04:00:00,0.0,5.44289206600756,-0.0,41.69005010939111,-0.0,-0.0,-0.0,-0.0,-0.0
2040-11-25 05:00:00,0.0,5.332017821908626,-0.0,41.906481897154414,-0.0,-0.0,-0.0,-0.0,-0.0
2040-11-25 06:00:00,17.526330825264615,-1.2972090679604264e-16,-0.0,35.036372525561575,-0.0,-0.0,-0.0,-0.0,-0.0
2040-11-25 07:00:00,17.172482383232584,-4.823732700922813e-16,-0.0,34.05155306538384,-0.0,-0.0,-0.0,-0.0,-0.0
2040-11-25 08:00:00,16.116584190234907,-4.745580535221073e-16,-0.0,33.878673900403854,-0.0,-0.0,-0.0,-0.0,-0.0
2040-11-25 09:00:00,16.43450119093366,-1.2163974413602737e-16,-0.0,31.839746235191598,-0.0,-0.0,-0.0,-0.0,-0.0
2040-11-25 10:00:00,15.913247520844106,-2.3620548125468546e-16,-0.0,30.97698011469793,-0.0,-0.0,-0.0,-0.0,-0.0
2040-11-25 11:00:00,0.0,4.690527326904998,-0.0,35.21725421151448,-0.0,-0.0,-0.0,-0.0,5.683084728221857e-13
2040-11-25 12:00:00,15.333789390410404,1.8256663299346458e-16,-0.0,30.336129759794524,-0.0,-0.0,5.56074272144044e-13,-0.0,-0.0
2040-11-25 13:00:00,0.0,4.413027641537989,-0.0,34.82078063342449,-0.0,-0.0,-0.0,-0.0,-0.0
2040-11-25 14:00:00,0.0,4.595047975787917,-0.0,34.78065418965973,-0.0,-0.0,-0.0,-0.0,-0.0
2040-11-25 15:00:00,0.0,4.717688309721142,-0.0,34.13656683036962,-0.0,-0.0,-0.0,-0.0,-0.0
2040-11-25 16:00:00,0.0,4.721075849926561,-0.0,34.81899804024473,-0.0,-0.0,-0.0,-0.0,-0.0
2040-11-25 17:00:00,0.0,4.927031165275385,-0.0,38.23911365738225,-0.0,-0.0,-0.0,-0.0,-0.0
2040-11-25 18:00:00,0.0,4.9374294963641985,-0.0,38.151927641530634,-0.0,-0.0,-0.0,-0.0,-5.443393455097436e-13
2040-11-25 19:00:00,0.0,4.9974752080490115,-0.0,39.99879868512709,-0.0,-0.0,-0.0,-5.553927669134618e-13,-0.0
2040-11-25 20:00:00,0.0,5.098342280499596,-0.0,39.66741577315683,-0.0,-0.0,-0.0,-0.0,-0.0
2040-11-25 21:00:00,0.0,5.21900113980426,-0.0,42.190036066233425,-0.0,-0.0,-0.0,-0.0,-0.0
2040-11-25 22:00:00,0.0,5.394363223385326,-0.0,42.21407037754077,-0.0,-0.0,-0.0,-0.0,-0.0
2040-11-25 23:00:00,0.0,5.6233820164677395,-0.0,43.54730002156196,-0.0,-0.0,-0.0,-0.0,-0.0
2040-11-26 00:00:00,0.0,5.878715580639816,-0.0,46.349022343490375,-0.0,-0.0,-0.0,-0.0,-0.0
2040-11-26 01:00:00,0.0,5.815500871875961,-0.0,47.21753836924075,-0.0,-0.0,-0.0,-0.0,-0.0
2040-11-26 02:00:00,0.0,6.007822439859161,-0.0,46.995527335622036,-0.0,-0.0,-0.0,-0.0,-0.0
2040-11-26 03:00:00,0.0,5.747126024008513,-0.0,46.30689832269326,-0.0,-0.0,-0.0,-0.0,-0.0
2040-11-26 04:00:00,0.0,5.531312557632873,-0.0,43.689540462287546,-0.0,-0.0,-0.0,-0.0,-0.0
2040-11-26 05:00:00,0.0,5.671103069982067,-0.0,43.10503501162133,-0.0,-0.0,-0.0,-0.0,-0.0
2040-11-26 06:00:00,0.0,5.378264655412569,-0.0,43.4104862407779,-0.0,-0.0,-0.0,-0.0,-0.0
2040-11-26 07:00:00,0.0,5.2843358710126545,-0.0,40.86089742464833,-0.0,-0.0,-0.0,-0.0,-0.0
2040-11-26 08:00:00,0.0,5.066770155569421,-0.0,40.9023671044576,-0.0,-0.0,-0.0,-0.0,-0.0
2040-11-26 09:00:00,0.0,5.003507907964207,-0.0,39.06782054985328,-0.0,-0.0,-0.0,-0.0,-0.0
2040-11-26 10:00:00,0.0,4.86148614119326,-0.0,37.9434324454307,-0.0,-0.0,-0.0,-0.0,-0.0
2040-11-26 11:00:00,0.0,4.747171563940319,-0.0,39.03671065482866,-0.0,-0.0,-5.584545366333788e-13,-0.0,-0.0
2040-11-26 12:00:00,0.0,4.694245802630529,-0.0,35.84967402031137,-0.0,-0.0,-0.0,-8.143075750794953e-14,-0.0
2040-11-26 13:00:00,0.0,4.780415232257838,-0.0,36.237341705741215,-0.0,-0.0,-0.0,-0.0,-0.0
2040-11-26 14:00:00,0.0,4.704475444281596,-0.0,36.35301474896169,-0.0,-0.0,-0.0,6.706645701670573e-14,-0.0
2040-11-26 15:00:00,0.0,4.789208706863798,-0.0,38.267895943112755,-0.0,-0.0,-0.0,-1.1063867686047873e-13,-0.0
2040-11-26 16:00:00,0.0,4.996475828594959,-0.0,38.09252341754216,-0.0,-0.0,-0.0,3.118831773246882e-14,-0.0
2040-11-26 17:00:00,0.0,5.00106143092707,-0.0,39.14165373007893,-0.0,-0.0,-0.0,9.511951920712536e-14,-0.0
2040-11-26 18:00:00,0.0,5.078897307438456,-0.0,40.21494807493686,-0.0,-0.0,-0.0,5.550009260789272e-13,-0.0
2040-11-26 19:00:00,0.0,5.215769173188057,-0.0,40.84999416041145,-0.0,-0.0,-0.0,-0.0,-0.0
2040-11-26 20:00:00,0.0,5.4614862778675635,-0.0,43.05699837006466,-0.0,-0.0,5.39845674540785e-14,-0.0,-0.0
2040-11-26 21:00:00,0.0,5.5596408792703285,-0.0,44.55372837198396,-0.0,-0.0,-0.0,-0.0,-0.0
2040-11-26 22:00:00,0.0,5.657763205596481,-0.0,46.010190638250855,-0.0,-0.0,-0.0,-0.0,-0.0
2040-11-26 23:00:00,0.0,5.856998979573732,-0.0,45.03304809125504,-0.0,-0.0,-0.0,-0.0,-0.0
2040-11-27 00:00:00,0.0,5.735057136803402,-0.0,46.73197223376283,-0.0,-0.0,-0.0,-0.0,-0.0
2040-11-27 01:00:00,0.0,5.757516966531625,-0.0,46.69157212848596,-0.0,-0.0,-0.0,-0.0,-0.0
2040-11-27 02:00:00,0.0,5.747684698552855,-0.0,46.07105261722258,-0.0,-0.0,-0.0,-0.0,-0.0
2040-11-27 03:00:00,0.0,5.841938953191047,-0.0,46.61183547665475,-0.0,-0.0,-0.0,-0.0,-0.0
2040-11-27 04:00:00,0.0,5.5731295346728915,-0.0,45.26935880874947,-0.0,-0.0,-0.0,-0.0,-0.0
2040-11-27 05:00:00,0.0,5.574996634055537,-0.0,44.63486642173025,-0.0,-0.0,-0.0,-0.0,-0.0
2040-11-27 06:00:00,0.0,5.41667149841665,-0.0,43.2588909520711,-0.0,-0.0,-0.0,-0.0,-0.0
2040-11-27 07:00:00,0.0,5.188044187284625,-0.0,41.747236121302855,-0.0,-0.0,-0.0,-0.0,-0.0
2040-11-27 08:00:00,0.0,5.05965258879589,-0.0,39.897050222932755,-0.0,-0.0,-0.0,-0.0,-0.0
2040-11-27 09:00:00,0.0,4.943579697430991,-0.0,39.15962629224672,-0.0,-0.0,-0.0,-0.0,-0.0
2040-11-27 10:00:00,0.0,4.917002189170675,-0.0,37.87294970760036,-0.0,-0.0,-0.0,-0.0,-0.0
2040-11-27 11:00:00,0.0,4.850341231268296,-0.0,38.32367344106202,-0.0,-0.0,-0.0,-0.0,-0.0
2040-11-27 12:00:00,0.0,4.680788100975442,-0.0,37.150569654116005,-0.0,-0.0,-0.0,-0.0,-0.0
2040-11-27 13:00:00,0.0,4.596029875424054,-0.0,37.20339659829461,-0.0,-0.0,-0.0,-0.0,-0.0
2040-11-27 14:00:00,0.0,4.932142446990351,-0.0,37.0191880378749,-0.0,-0.0,-0.0,-0.0,-1.6952412967973292e-13
2040-11-27 15:00:00,0.0,4.739385958338105,-0.0,37.7205735626481,-0.0,-0.0,-0.0,-0.0,-0.0
2040-11-27 16:00:00,0.0,4.883108276933485,-0.0,37.78349954690334,-0.0,-0.0,-0.0,-0.0,1.287967885003945e-13
2040-11-27 17:00:00,0.0,5.07524387465175,-0.0,39.67099018957706,-0.0,-0.0,-0.0,-0.0,-0.0
2040-11-27 18:00:00,0.0,5.001253604806448,-0.0,41.17533460193394,-0.0,-0.0,-0.0,-0.0,-0.0
2040-11-27 19:00:00,0.0,5.378790149810314,-0.0,41.4012453347467,-0.0,-0.0,-0.0,-0.0,-0.0
2040-11-27 20:00:00,0.0,5.356922205715338,-0.0,43.86097040359485,-0.0,-0.0,-0.0,-0.0,-3.079821047059492e-14
2040-11-27 21:00:00,0.0,5.425949074712752,-0.0,42.83739286077075,-0.0,-0.0,-0.0,-0.0,3.191093801457619e-14
2040-11-27 22:00:00,7.99364653916579,3.140891185050852,-0.0,42.49050421763483,-0.0,-0.0,-0.0,-0.0,-0.0
2040-11-27 23:00:00,19.161640711948536,9.502294720003311e-17,-0.0,40.99689156442555,-0.0,-0.0,-0.0,-0.0,-0.0
2040-11-28 00:00:00,19.345556177468602,9.366169930399958e-17,-0.0,39.99146937211571,-0.0,-0.0,-0.0,-0.0,-0.0
2040-11-28 01:00:00,19.021949752275777,2.144806572917877e-16,-0.0,40.33613885863414,-0.0,-0.0,-0.0,-0.0,-0.0
2040-11-28 02:00:00,18.99933876583212,-1.4062335566986752e-16,-0.0,40.47852345379628,-0.0,-0.0,-0.0,-0.0,-1.3681036314023343e-13
2040-11-28 03:00:00,18.88049512363189,-1.397437360171941e-16,-0.0,40.66555195566857,-0.0,-0.0,-0.0,-0.0,-0.0
2040-11-28 04:00:00,18.34445556175144,-1.735245696577971e-17,-0.0,39.528593352606606,-0.0,-0.0,-0.0,-0.0,-5.563725930622172e-14
2040-11-28 05:00:00,8.351871081825049,2.9807717026472207,-0.0,40.244244429807964,-0.0,-0.0,-0.0,-0.0,-0.0
2040-11-28 06:00:00,17.81848203539914,4.602356863362845e-16,-0.0,37.11476610019695,-0.0,-0.0,-0.0,-0.0,-0.0
2040-11-28 07:00:00,16.907130478357153,1.1170967500394108e-16,-0.0,36.729081436582675,-0.0,-0.0,-0.0,-0.0,6.455494717221744e-14
2040-11-28 08:00:00,17.201349721465384,-3.641631420227027e-16,-0.0,34.07757937234734,-0.0,-0.0,-0.0,-0.0,-6.471177715151712e-14
2040-11-28 09:00:00,16.260758409825947,1.1649378935699398e-16,-0.0,34.06260389795716,-0.0,-0.0,-0.0,-0.0,6.467942126294137e-14
2040-11-28 10:00:00,15.830593646345527,1.2538588956332546e-18,-0.0,32.30373885070728,-0.0,-0.0,-0.0,-0.0,-0.0
2040-11-28 11:00:00,0.0,4.803552951711691,-0.0,36.151457353481646,-0.0,-0.0,-0.0,-0.0,-0.0
2040-11-28 12:00:00,15.886300053050762,6.005344330668637e-17,-0.0,31.689855564713756,-0.0,-0.0,-0.0,-0.0,-0.0
2040-11-28 13:00:00,15.443122583228828,-1.1430206842672914e-16,-0.0,30.819447184820397,-0.0,-0.0,-0.0,-0.0,-0.0
2040-11-28 14:00:00,15.794835669842662,1.1994231038116653e-16,-0.0,31.55610877348417,-0.0,-0.0,-0.0,-0.0,-0.0
2040-11-28 15:00:00,15.618872274558374,-2.34026666745978e-16,-0.0,33.28323240512105,-0.0,-0.0,-0.0,-0.0,-0.0
2040-11-28 16:00:00,16.08708008345359,-4.743396792643098e-16,-0.0,25.60441150328752,-0.0,-0.0,-0.0,-0.0,-0.0
2040-11-28 17:00:00,0.0,4.845635248550137,-0.0,38.2912285359345,-0.0,-0.0,-0.0,-0.0,-0.0
2040-11-28 18:00:00,16.719190134717746,-4.790182334843796e-16,-0.0,34.28172550781126,-0.0,-0.0,-0.0,-0.0,-0.0
2040-11-28 19:00:00,0.0,5.160159162433881,-0.0,41.16434966210669,-0.0,-0.0,-0.0,-0.0,-0.0
2040-11-28 20:00:00,0.0,5.328039704299317,-0.0,43.54748771658799,-0.0,-0.0,9.854249680873031e-14,-0.0,-0.0
2040-11-28 21:00:00,0.0,5.3777324870182595,-0.0,43.469922674789,-0.0,-0.0,-0.0,-0.0,-0.0
2040-11-28 22:00:00,0.0,5.661682553203268,-0.0,44.58415614634723,-0.0,-0.0,-6.334996995871985e-13,-0.0,-0.0
2040-11-28 23:00:00,0.0,5.70767592162614,-0.0,45.6604991499302,-0.0,-0.0,-0.0,-0.0,-0.0
2040-11-29 00:00:00,19.518644819744512,2.1080437529097745e-16,-0.0,39.20396659449274,-0.0,-0.0,-0.0,-0.0,-0.0
2040-11-29 01:00:00,18.920828375499898,2.152291058303102e-16,-0.0,40.372904875339046,-0.0,-0.0,-0.0,-0.0,-0.0
2040-11-29 02:00:00,0.0,5.772349322212228,-0.0,45.839719611184414,-0.0,-0.0,-0.0,-0.0,-0.0
2040-11-29 03:00:00,0.0,5.6111415316384585,-0.0,45.64882411898643,-0.0,-0.0,-0.0,-0.0,-0.0
2040-11-29 04:00:00,0.0,5.530535920033377,-0.0,43.895590191428944,-0.0,-0.0,-0.0,-0.0,-5.443393455097436e-13
2040-11-29 05:00:00,0.0,5.463266420617779,-0.0,43.53622281635709,-0.0,-0.0,5.39845674540785e-14,-0.0,-0.0
2040-11-29 06:00:00,17.47480861340423,-4.846109337035127e-16,-0.0,37.037012784609985,-0.0,-0.0,-0.0,-0.0,-0.0
2040-11-29 07:00:00,0.0,5.166621323229659,-0.0,41.134242503675495,-0.0,-0.0,-0.0,-0.0,-0.0
2040-11-29 08:00:00,16.934292534902813,-1.2533894318658006e-16,-0.0,34.65334056687709,-0.0,-0.0,-0.0,-0.0,-0.0
2040-11-29 09:00:00,16.09736497120008,1.1770314374122808e-16,-0.0,32.98893400410407,-0.0,-0.0,-0.0,-0.0,-0.0
2040-11-29 10:00:00,16.352369240648784,3.52663311585797e-16,-0.0,32.3762664182505,-0.0,-0.0,-0.0,-0.0,-0.0
2040-11-29 11:00:00,15.737058568205285,1.2036994683805935e-16,-0.0,32.18465097064155,-0.0,-0.0,-5.387667926903262e-14,-0.0,-0.0
2040-11-29 12:00:00,0.0,4.718559412015741,-0.0,36.140596472225845,-0.0,-0.0,-0.0,-0.0,-0.0
2040-11-29 13:00:00,0.0,4.706448550248933,-0.0,36.8485975717216,-0.0,-0.0,-0.0,-0.0,-0.0
2040-11-29 14:00:00,0.0,4.4906809559061545,-0.0,36.987280356550514,-0.0,-0.0,-0.0,-0.0,-0.0
2040-11-29 15:00:00,15.697872249744039,6.144808921142412e-17,-0.0,31.847580941504052,-0.0,-0.0,-0.0,-0.0,-0.0
2040-11-29 16:00:00,0.0,4.861321497664234,-0.0,38.18240893673636,-0.0,-0.0,-0.0,-0.0,-0.0
2040-11-29 17:00:00,0.0,4.9666838882575055,-0.0,39.11358857119514,-0.0,-0.0,-0.0,-0.0,-0.0
2040-11-29 18:00:00,0.0,5.071197964947825,-0.0,40.34977566069167,-0.0,-0.0,-0.0,-0.0,-0.0
2040-11-29 19:00:00,0.0,5.124107014170842,-0.0,41.276326930830486,-0.0,-0.0,-0.0,-0.0,-0.0
2040-11-29 20:00:00,16.95529069194543,1.1135321781729727e-16,-0.0,37.29883761053967,-0.0,-0.0,-0.0,-0.0,-0.0
2040-11-29 21:00:00,0.0,5.521960902938827,-0.0,43.353296513434564,-0.0,-0.0,-0.0,-0.0,-0.0
2040-11-29 22:00:00,18.19353837688653,1.0218834388389457e-16,-0.0,39.157520411481265,-0.0,-0.0,-0.0,-0.0,-0.0
2040-11-29 23:00:00,18.50868261201439,3.367033865644824e-16,-0.0,39.15699609629435,-0.0,-0.0,-0.0,-0.0,-0.0
2040-11-30 00:00:00,18.37187112216163,-3.7282674075516573e-16,-0.0,39.288834008494774,-0.0,-0.0,-0.0,-0.0,-0.0
2040-11-30 01:00:00,0.0,5.733226594438567,-0.0,45.987395751832345,-0.0,-0.0,-0.0,-0.0,-0.0
2040-11-30 02:00:00,19.123212391281058,3.321549524960846e-16,-0.0,39.36976605976842,-0.0,-0.0,-0.0,-0.0,-0.0
2040-11-30 03:00:00,19.07075642974063,-4.964233204488254e-16,-0.0,39.32890233403539,-0.0,-0.0,-0.0,-0.0,-0.0
2040-11-30 04:00:00,0.0,5.328640673771148,-0.0,45.26714056082248,-0.0,-0.0,-0.0,-0.0,-0.0
2040-11-30 05:00:00,17.41593651622061,-1.2890382477145438e-16,-0.0,39.01866191839729,-0.0,-0.0,-0.0,-0.0,-0.0
2040-11-30 06:00:00,0.0,5.281079099028635,-0.0,43.25874347542792,-0.0,-0.0,-0.0,-0.0,-0.0
2040-11-30 07:00:00,16.960758240930254,4.665841177055392e-16,-0.0,36.871248134961974,-0.0,-0.0,-0.0,-0.0,-0.0
2040-11-30 08:00:00,16.329727292363284,3.5283089566785654e-16,-0.0,34.957372049885464,-0.0,-0.0,-0.0,-0.0,-0.0
2040-11-30 09:00:00,16.130027596636065,4.727327596292532e-16,-0.0,33.04425014712456,-0.0,-0.0,-0.0,-0.0,-0.0
2040-11-30 10:00:00,16.230033151574837,1.1672120195131355e-16,-0.0,33.559023365566816,-0.0,-0.0,-0.0,-0.0,-0.0
2040-11-30 11:00:00,15.4721394336572,1.8154263697032805e-16,-0.0,31.981090493481663,-0.0,-0.0,-0.0,-0.0,-0.0
2040-11-30 12:00:00,0.0,4.612359883426356,-0.0,35.68795216990697,-0.0,-0.0,-0.0,-0.0,-0.0
2040-11-30 13:00:00,0.0,4.6864349495473006,-0.0,35.59498068631433,-0.0,-0.0,-0.0,-0.0,-0.0
2040-11-30 14:00:00,0.0,4.604323650566934,-0.0,35.44532276490618,-0.0,-0.0,-0.0,-0.0,-0.0
2040-11-30 15:00:00,0.0,4.743160520204981,-0.0,37.90592956338379,-0.0,-0.0,-0.0,-0.0,-0.0
2040-11-30 16:00:00,0.0,4.724590136245483,-0.0,37.00200558614908,-0.0,-0.0,-0.0,-0.0,-0.0
2040-11-30 17:00:00,0.0,4.9756973392447446,-0.0,38.94985995663281,-0.0,-0.0,-0.0,-0.0,-0.0
2040-11-30 18:00:00,0.0,4.882860158294023,-0.0,39.57436423566366,-0.0,-0.0,-0.0,-0.0,-0.0
2040-11-30 19:00:00,0.0,5.252200248885342,-0.0,42.27628087070502,-0.0,-0.0,-0.0,-0.0,-0.0
2040-11-30 20:00:00,0.0,5.296616216327174,-0.0,42.15420822846201,-0.0,-0.0,-0.0,-0.0,-0.0
2040-11-30 21:00:00,0.0,5.390029440847695,-0.0,43.77018896960074,-0.0,-0.0,-0.0,-0.0,-0.0
2040-11-30 22:00:00,6.917935223693898,3.320768964888091,-0.0,42.02360393236893,-0.0,-0.0,-0.0,-5.553927669134618e-13,-0.0
2040-11-30 23:00:00,18.756390519319073,4.532937690440233e-16,-0.0,38.574925312542995,-0.0,-0.0,-0.0,-0.0,-0.0
2040-12-01 00:00:00,17.87171908173409,-2.5070108272117635e-16,-0.0,38.119223858379996,-0.0,-0.0,-0.0,-0.0,-0.0
2040-12-01 01:00:00,0.0,5.486809568500264,-0.0,41.81435914885086,-0.0,-0.0,-0.0,-0.0,-0.0
2040-12-01 02:00:00,0.0,5.386475140441113,-0.0,44.53903657141667,-0.0,-0.0,-0.0,-0.0,-0.0
2040-12-01 03:00:00,17.73892220916803,4.608245473423976e-16,-0.0,38.441779587422445,-0.0,-0.0,6.074759025140139e-13,-0.0,-0.0
2040-12-01 04:00:00,0.0,5.319965204179426,-0.0,42.16633431909564,-0.0,-0.0,-0.0,-0.0,-0.0
2040-12-01 05:00:00,0.0,5.172225951753949,-0.0,40.72683254033167,-0.0,-0.0,-0.0,-0.0,-0.0
2040-12-01 06:00:00,0.0,5.025179557221088,-0.0,39.79656711407166,-0.0,-0.0,-0.0,-0.0,-0.0
2040-12-01 07:00:00,16.511654322413964,2.3306057585741364e-16,-0.0,32.95778916717779,-0.0,-0.0,-5.454713524036654e-14,-0.0,-0.0
2040-12-01 08:00:00,0.0,4.788746380070006,-0.0,36.3360969076271,-0.0,-0.0,-0.0,-0.0,-0.0
2040-12-01 09:00:00,15.461393000556958,-1.7364919132665215e-16,-0.0,32.202154489567334,-0.0,-0.0,-0.0,-0.0,-0.0
2040-12-01 10:00:00,15.315243572486589,6.428011032724472e-17,-0.0,30.57338158261632,-0.0,-0.0,-0.0,-0.0,-0.0
2040-12-01 11:00:00,14.914622179926182,-5.1178485004918926e-17,-0.0,30.146780252664342,-0.0,-0.0,-0.0,-0.0,-0.0
2040-12-01 12:00:00,14.492704865261517,7.036811973662262e-17,-0.0,29.926533959737018,-0.0,-0.0,-0.0,-0.0,-0.0
2040-12-01 13:00:00,14.784428077853223,-1.6863864436632365e-16,-0.0,29.996320003798292,-0.0,-0.0,-0.0,-0.0,-0.0
2040-12-01 14:00:00,13.977404593849013,0.300845223424491,-0.0,30.4129875793067,-0.0,-0.0,-0.0,-0.0,-0.0
2040-12-01 15:00:00,15.111336760091314,1.842131132072558e-16,-0.0,30.12996781406093,-0.0,-0.0,-0.0,-0.0,-0.0
2040-12-01 16:00:00,15.162186501307598,-2.3064651300943296e-16,-0.0,30.999535672220098,-0.0,-0.0,-0.0,-0.0,-0.0
2040-12-01 17:00:00,15.215543861218086,-5.340575286611349e-17,-0.0,31.76666650823811,-0.0,-0.0,-0.0,-0.0,-0.0
2040-12-01 18:00:00,16.03372114236271,1.1817420270223173e-16,-0.0,32.71380481184259,-0.0,-0.0,-0.0,-0.0,-0.0
2040-12-01 19:00:00,16.8775266452914,-3.6176636978888063e-16,-0.0,32.3438806693094,-0.0,-0.0,-0.0,-0.0,-0.0
2040-12-01 20:00:00,16.692665959174924,-4.788219151484006e-16,-0.0,34.95790964136301,-0.0,-0.0,-0.0,-0.0,-0.0
2040-12-01 21:00:00,17.632161414058633,-1.2080421211950985e-17,-0.0,36.255903477925116,-0.0,-0.0,-0.0,-0.0,-0.0
2040-12-01 22:00:00,0.0,5.375165348512803,-0.0,41.29641963598432,-0.0,-0.0,-0.0,-0.0,-0.0
2040-12-01 23:00:00,0.0,5.260809607273357,-0.0,42.780634871688626,-0.0,-0.0,-0.0,-0.0,-0.0
2040-12-02 00:00:00,0.0,5.21116981313618,-0.0,42.948470699732866,-0.0,-0.0,-0.0,-0.0,-0.0
2040-12-02 01:00:00,0.0,5.313625663455751,-0.0,42.55422446326879,-0.0,-0.0,-0.0,-0.0,-0.0
2040-12-02 02:00:00,0.0,5.379139243463629,-0.0,43.23672535879966,-0.0,-0.0,-0.0,-0.0,-0.0
2040-12-02 03:00:00,17.647970198621866,-1.2197429722707257e-17,-0.0,38.234577635421104,-0.0,-0.0,-0.0,-0.0,-0.0
2040-12-02 04:00:00,17.42209493892244,1.0789817233071936e-16,-0.0,36.09242606793871,-0.0,-0.0,-0.0,-0.0,-0.0
2040-12-02 05:00:00,17.004507042912188,-2.44282424236295e-16,-0.0,35.5291068942851,-0.0,-0.0,-0.0,-0.0,-0.0
2040-12-02 06:00:00,16.483946549185166,2.332656545760783e-16,-0.0,35.294559245897005,-0.0,-0.0,-0.0,-0.0,-0.0
2040-12-02 07:00:00,16.221713542275012,-4.753361670367662e-16,-0.0,35.92004075966033,-0.0,-0.0,-0.0,-0.0,-0.0
2040-12-02 08:00:00,0.0,4.762767986266671,-0.0,36.81221050402411,-0.0,-0.0,-0.0,-0.0,-0.0
2040-12-02 09:00:00,15.061370754102793,-2.299003265841559e-16,-0.0,31.932288227218898,-0.0,-0.0,-0.0,-0.0,-0.0
2040-12-02 10:00:00,15.16267379912282,-1.7143822509112002e-16,-0.0,30.778810251717662,-0.0,-0.0,-0.0,-0.0,-0.0
2040-12-02 11:00:00,0.0,4.35285678080624,-0.0,35.21179814819155,-0.0,-0.0,-0.0,-0.0,-0.0
2040-12-02 12:00:00,14.926656094062565,1.263681300781023e-16,-0.0,29.949696180618098,-0.0,-0.0,-0.0,-0.0,-0.0
2040-12-02 13:00:00,14.920011075300323,2.448411023903117e-16,-0.0,30.886624491540907,-0.0,-0.0,-0.0,-0.0,-0.0
2040-12-02 14:00:00,14.663328433531278,6.910525164304401e-17,-0.0,29.790409974508794,-0.0,-0.0,-0.0,-0.0,-0.0
2040-12-02 15:00:00,14.69889813156603,0.02526971497306334,-0.0,30.17466835037311,-0.0,-0.0,-0.0,-0.0,-0.0
2040-12-02 16:00:00,12.764730839795913,0.6247248892851451,-0.0,31.08550179534182,-0.0,-0.0,-0.0,-0.0,-0.0
2040-12-02 17:00:00,15.266212076131492,0.10510646900637563,-0.0,31.96613428392198,-0.0,-0.0,-0.0,-0.0,-0.0
2040-12-02 18:00:00,0.0,4.768359979800462,-0.0,38.06721456762391,-0.0,-0.0,-0.0,-0.0,-0.0
2040-12-02 19:00:00,0.0,4.852429422439628,-0.0,38.25789390449494,-0.0,-0.0,-0.0,-0.0,-0.0
2040-12-02 20:00:00,0.0,4.931064498281043,-0.0,41.159556581456435,-0.0,-0.0,-0.0,-0.0,-0.0
2040-12-02 21:00:00,0.0,5.14914008256539,-0.0,40.80642310300752,-0.0,-0.0,-0.0,-0.0,-0.0
2040-12-02 22:00:00,0.0,5.193925985629117,-0.0,42.93512721703868,-0.0,-0.0,-0.0,-0.0,-0.0
2040-12-02 23:00:00,0.0,5.480158821931993,-0.0,42.965496163557546,-0.0,-0.0,-0.0,-0.0,-0.0
2040-12-03 00:00:00,0.0,5.541952711359524,-0.0,46.80164332964904,-0.0,-0.0,-0.0,-0.0,-0.0
2040-12-03 01:00:00,0.0,5.653822397422268,-0.0,44.450528554689775,-0.0,-0.0,-0.0,-0.0,-0.0
2040-12-03 02:00:00,0.0,5.6342728589656055,-0.0,46.212907091816476,-0.0,-0.0,-0.0,-0.0,-0.0
2040-12-03 03:00:00,0.0,5.49526064869724,-0.0,45.62427549691307,-0.0,-0.0,-0.0,-0.0,-0.0
2040-12-03 04:00:00,0.0,5.309675642807607,-0.0,44.162248331642175,-0.0,-0.0,-0.0,-0.0,-0.0
2040-12-03 05:00:00,0.0,5.338218586177661,-0.0,42.879203474257125,-0.0,-0.0,-0.0,-0.0,-0.0
2040-12-03 06:00:00,0.0,5.157096264338162,-0.0,42.60714074436702,-0.0,-0.0,-0.0,-0.0,-0.0
2040-12-03 07:00:00,0.0,4.938627141580533,-0.0,41.347095153787514,-0.0,-0.0,-0.0,-0.0,-0.0
2040-12-03 08:00:00,0.0,4.771852576097616,-0.0,38.153856703276276,-0.0,-0.0,-0.0,-0.0,-0.0
2040-12-03 09:00:00,0.0,4.827735699563676,-0.0,37.24372762361298,-0.0,-0.0,-0.0,-0.0,-0.0
2040-12-03 10:00:00,0.0,4.763095698667095,-0.0,37.53967362909398,-0.0,-0.0,-0.0,-0.0,-0.0
2040-12-03 11:00:00,0.0,4.559352191343277,-0.0,36.75090203527162,-0.0,-0.0,-0.0,-0.0,-0.0
2040-12-03 12:00:00,0.0,4.568398022281015,-0.0,36.721504974205146,-0.0,-0.0,-0.0,-0.0,-0.0
2040-12-03 13:00:00,0.0,4.581203710451729,-0.0,35.137790084436624,-0.0,-0.0,-0.0,-0.0,-0.0
2040-12-03 14:00:00,0.0,4.7128766642954645,-0.0,35.41093387820977,-0.0,-0.0,-0.0,-0.0,-0.0
2040-12-03 15:00:00,0.0,4.6220326448226485,-0.0,36.700907888465714,-0.0,-0.0,-0.0,-0.0,-0.0
2040-12-03 16:00:00,0.0,4.603038673179128,-0.0,37.62037667313289,-0.0,-0.0,-0.0,-0.0,-0.0
2040-12-03 17:00:00,0.0,4.792169360231382,-0.0,39.100589088456694,-0.0,-0.0,-0.0,-0.0,-0.0
2040-12-03 18:00:00,0.0,4.837061554070185,-0.0,40.06917872344658,-0.0,-0.0,-0.0,-0.0,-0.0
2040-12-03 19:00:00,0.0,5.051330530339826,-0.0,40.50808171824321,-0.0,-0.0,-0.0,-0.0,-0.0
2040-12-03 20:00:00,0.0,5.11234354954369,-0.0,41.18681246132503,-0.0,-0.0,-0.0,-0.0,-0.0
2040-12-03 21:00:00,0.0,5.365740039875697,-0.0,43.924484170842824,-0.0,-0.0,-0.0,-0.0,-0.0
2040-12-03 22:00:00,0.0,5.57048403736529,-0.0,45.05188150652205,-0.0,-0.0,-0.0,-0.0,-0.0
2040-12-03 23:00:00,0.0,5.450758423297344,-0.0,44.95751749799204,-0.0,-0.0,-0.0,-0.0,-0.0
2040-12-04 00:00:00,0.0,5.508305741578703,-0.0,45.50504119111492,-0.0,-0.0,-0.0,-0.0,-0.0
2040-12-04 01:00:00,0.0,5.555935935146937,-0.0,46.176384832591445,-0.0,-0.0,-0.0,-0.0,-0.0
2040-12-04 02:00:00,0.0,5.464666595840579,-0.0,45.41969237027149,-0.0,-0.0,-0.0,-0.0,-0.0
2040-12-04 03:00:00,0.0,5.35566472530293,-0.0,44.26793657554214,-0.0,-0.0,-0.0,-0.0,-0.0
2040-12-04 04:00:00,0.0,5.3433629530541635,-0.0,42.71179994574465,-0.0,-0.0,-0.0,-0.0,-0.0
2040-12-04 05:00:00,0.0,5.252443146990785,-0.0,43.00382288607945,-0.0,-0.0,-0.0,-0.0,-0.0
2040-12-04 06:00:00,0.0,5.327324176003634,-0.0,41.15255655137666,-0.0,-0.0,-0.0,-0.0,-0.0
2040-12-04 07:00:00,0.0,4.97639538274456,-0.0,39.80184645399237,-0.0,-0.0,-0.0,-0.0,-0.0
2040-12-04 08:00:00,0.0,4.87024117327202,-0.0,38.30553125168382,-0.0,-0.0,-0.0,-0.0,-0.0
2040-12-04 09:00:00,0.0,4.745723125215978,-0.0,39.72036932349799,-0.0,-0.0,-0.0,-0.0,-0.0
2040-12-04 10:00:00,0.0,4.67326589431929,-0.0,36.54047282482032,-0.0,-0.0,-0.0,-0.0,-0.0
2040-12-04 11:00:00,0.0,4.545518882232265,-0.0,36.994414010779174,-0.0,-0.0,-0.0,-0.0,-0.0
2040-12-04 12:00:00,0.0,4.541778577748897,-0.0,36.43248480380828,-0.0,-0.0,-0.0,-0.0,-0.0
2040-12-04 13:00:00,0.0,4.613134611260204,-0.0,35.613566783833775,-0.0,-0.0,-0.0,-0.0,-0.0
2040-12-04 14:00:00,0.0,4.407145089665106,-0.0,36.809111673260375,-0.0,-0.0,-0.0,-0.0,-0.0
2040-12-04 15:00:00,0.0,4.6366065462102135,-0.0,37.408374363249195,-0.0,-0.0,-0.0,-0.0,-0.0
2040-12-04 16:00:00,0.0,4.6040616847539235,-0.0,37.324336783390315,-0.0,-0.0,-0.0,-0.0,-0.0
2040-12-04 17:00:00,0.0,4.700922027349322,-0.0,38.05403741051038,-0.0,-0.0,-0.0,-0.0,-0.0
2040-12-04 18:00:00,0.0,4.864141662538029,-0.0,39.636111053183164,-0.0,-0.0,-0.0,-0.0,-0.0
2040-12-04 19:00:00,0.0,4.935391650909138,-0.0,40.573486363403134,-0.0,-0.0,-0.0,-0.0,-0.0
2040-12-04 20:00:00,0.0,5.263570258408449,-0.0,41.90740746723713,-0.0,-0.0,-0.0,-0.0,-0.0
2040-12-04 21:00:00,0.0,5.301442494452299,-0.0,43.12099931746286,-0.0,-0.0,-0.0,-0.0,-0.0
2040-12-04 22:00:00,0.0,5.311526422224785,-0.0,45.17968381159127,-0.0,-0.0,-0.0,-0.0,-0.0
2040-12-04 23:00:00,0.0,5.521105351281978,-0.0,45.34807799152803,-0.0,-0.0,-0.0,-0.0,-0.0
2040-12-05 00:00:00,0.0,5.620626829960073,-0.0,45.343376182788745,-0.0,-0.0,-0.0,-0.0,-0.0
2040-12-05 01:00:00,0.0,5.508271559630464,-0.0,46.11574818435172,-0.0,4.670307496043798e-14,-0.0,-0.0,-0.0
2040-12-05 02:00:00,0.0,5.466801012335684,-0.0,44.811566227184535,-0.0,-0.0,-0.0,-0.0,-0.0
2040-12-05 03:00:00,0.0,5.263436137584081,-0.0,44.50279291229533,-0.0,-0.0,-0.0,-0.0,-0.0
2040-12-05 04:00:00,0.0,5.249258065902422,-0.0,43.62347973087471,-0.0,-0.0,-0.0,-0.0,-0.0
2040-12-05 05:00:00,0.0,5.339844592267887,-0.0,43.291843908400395,-0.0,-0.0,-0.0,-0.0,-0.0
2040-12-05 06:00:00,0.0,5.160882825092038,-0.0,41.89096663320674,-0.0,-0.0,-0.0,-0.0,-0.0
2040-12-05 07:00:00,0.0,5.125065277277774,-0.0,39.47455678634069,-0.0,-0.0,-0.0,-0.0,-0.0
2040-12-05 08:00:00,0.0,4.857656615126166,-0.0,39.09088984195343,-0.0,-0.0,-0.0,-0.0,-0.0
2040-12-05 09:00:00,0.0,4.882094783838943,-0.0,39.103485273690275,-0.0,-0.0,-0.0,-0.0,-0.0
2040-12-05 10:00:00,0.0,4.6634972418718945,-0.0,37.607619802518116,-0.0,-0.0,-0.0,-0.0,-0.0
2040-12-05 11:00:00,0.0,4.549437714825367,-0.0,37.261132882435504,-0.0,-0.0,-0.0,-0.0,-0.0
2040-12-05 12:00:00,0.0,4.50522768959872,-0.0,36.413708500809385,-0.0,-0.0,-0.0,-0.0,-0.0
2040-12-05 13:00:00,0.0,4.5028849535289455,-0.0,35.84875573872661,-0.0,-0.0,-0.0,-0.0,-0.0
2040-12-05 14:00:00,0.0,4.537359647878252,-0.0,35.35391493515688,-0.0,-0.0,-0.0,-0.0,-0.0
2040-12-05 15:00:00,0.0,4.53653942479394,-0.0,36.485534950005345,-0.0,-0.0,-0.0,-0.0,-0.0
2040-12-05 16:00:00,0.0,4.533023058017177,-0.0,37.67676538673949,-0.0,-0.0,-0.0,-0.0,-0.0
2040-12-05 17:00:00,0.0,4.80593774778687,-0.0,39.399780771590514,-0.0,-0.0,-0.0,-0.0,-0.0
2040-12-05 18:00:00,0.0,4.917095043091552,-0.0,39.53770395171391,-0.0,-0.0,-0.0,-0.0,-0.0
2040-12-05 19:00:00,0.0,5.01527930439554,-0.0,40.51624432976846,-0.0,-0.0,-0.0,-0.0,-0.0
2040-12-05 20:00:00,0.0,5.302322470194697,-0.0,42.2169121568256,-0.0,-0.0,-0.0,-0.0,-0.0
2040-12-05 21:00:00,0.0,5.256872175436768,-0.0,43.444711694750076,-0.0,-0.0,-0.0,-0.0,-0.0
2040-12-05 22:00:00,0.0,5.32133948077021,-0.0,44.65132677757461,-0.0,-0.0,-0.0,-0.0,-0.0
2040-12-05 23:00:00,0.0,5.506030062647255,-0.0,46.17917217534349,-0.0,-0.0,-0.0,-0.0,-0.0
2040-12-06 00:00:00,0.0,5.495095338209553,-0.0,45.98303345485945,-0.0,-0.0,-0.0,-0.0,-0.0
2040-12-06 01:00:00,0.0,5.3120022011622945,-0.0,44.266417689447906,-0.0,-0.0,-0.0,-0.0,-0.0
2040-12-06 02:00:00,0.0,5.288920306882317,-0.0,45.53790479682813,-0.0,-0.0,-0.0,-0.0,-0.0
2040-12-06 03:00:00,0.0,5.367902791522646,-0.0,45.62017474248847,-0.0,-0.0,-0.0,-0.0,-0.0
2040-12-06 04:00:00,0.0,5.223237003430858,-0.0,43.00685374431077,-0.0,-0.0,-0.0,-0.0,-0.0
2040-12-06 05:00:00,0.0,5.142040219354694,-0.0,41.959192239701764,-0.0,-0.0,-0.0,-0.0,-0.0
2040-12-06 06:00:00,0.0,5.152291859420016,-0.0,41.816343109036715,-0.0,-0.0,-0.0,-0.0,-0.0
2040-12-06 07:00:00,0.0,4.930304164445432,-0.0,41.71026837794763,-0.0,-0.0,-0.0,-0.0,-0.0
2040-12-06 08:00:00,0.0,4.812651645666734,-0.0,41.03188299553562,-0.0,-0.0,-0.0,-0.0,-0.0
2040-12-06 09:00:00,0.0,4.768746577416159,-0.0,39.14568961527723,-0.0,-0.0,-0.0,-0.0,-0.0
2040-12-06 10:00:00,0.0,4.598154398047467,-0.0,37.399048031034624,-0.0,-0.0,-0.0,-0.0,-0.0
2040-12-06 11:00:00,0.0,4.523292551439947,-0.0,36.869099464483696,-0.0,-0.0,-0.0,-0.0,-0.0
2040-12-06 12:00:00,0.0,4.562880245744451,-0.0,36.00781253996693,-0.0,-0.0,-0.0,-0.0,-0.0
2040-12-06 13:00:00,0.0,4.4092867290046875,-0.0,36.38202723212837,-0.0,-0.0,-0.0,-0.0,-0.0
2040-12-06 14:00:00,0.0,4.466748643393078,-0.0,35.49170331980579,-0.0,-0.0,-0.0,-0.0,-0.0
2040-12-06 15:00:00,0.0,4.487495421802862,-0.0,36.10686742047368,-0.0,-0.0,-0.0,-0.0,-0.0
2040-12-06 16:00:00,0.0,4.7578323843836765,-0.0,36.26020142213868,-0.0,-0.0,-0.0,-0.0,-0.0
2040-12-06 17:00:00,0.0,4.69979782341741,-0.0,38.7821150008885,-0.0,-0.0,-0.0,-0.0,-0.0
2040-12-06 18:00:00,0.0,4.779028832745867,-0.0,40.263046963453185,-0.0,-0.0,-0.0,-0.0,-0.0
2040-12-06 19:00:00,0.0,4.905279564575064,-0.0,40.73874907015836,-0.0,-0.0,-0.0,-0.0,-0.0
2040-12-06 20:00:00,0.0,5.077467564407518,-0.0,42.16724949672924,-0.0,-0.0,-0.0,-0.0,-0.0
2040-12-06 21:00:00,0.0,5.11309070031779,-0.0,43.98528174172521,-0.0,-0.0,-0.0,-0.0,-0.0
2040-12-06 22:00:00,0.0,5.372503024308571,-0.0,43.69399135852107,-0.0,-0.0,-0.0,-0.0,-0.0
2040-12-06 23:00:00,0.0,5.403780466968111,-0.0,45.77452657340305,-0.0,-0.0,-0.0,-0.0,-0.0
2040-12-07 00:00:00,0.0,5.459444930220403,-0.0,45.38274144977656,-0.0,-0.0,-0.0,-0.0,-0.0
2040-12-07 01:00:00,0.0,5.449963738415469,-0.0,45.35764365070372,-0.0,-0.0,-0.0,-0.0,-0.0
2040-12-07 02:00:00,0.0,5.383609137730542,-0.0,45.12647237233839,-0.0,-0.0,-0.0,-0.0,-0.0
2040-12-07 03:00:00,0.0,5.384059788590263,-0.0,46.112022449208,-0.0,-0.0,-0.0,-0.0,-0.0
2040-12-07 04:00:00,0.0,5.282896801842102,-0.0,42.95716383930233,-0.0,-0.0,-0.0,-0.0,-0.0
2040-12-07 05:00:00,0.0,5.274693209115643,-0.0,43.74587655842994,-0.0,-0.0,-0.0,-0.0,-0.0
2040-12-07 06:00:00,0.0,5.113819561530772,-0.0,41.31719618876372,-0.0,-0.0,-0.0,-0.0,-0.0
2040-12-07 07:00:00,0.0,5.080232049973272,-0.0,40.85935870022348,-0.0,-0.0,-0.0,-0.0,-0.0
2040-12-07 08:00:00,0.0,4.83915756745647,-0.0,38.43438973298839,-0.0,-0.0,-0.0,-0.0,-0.0
2040-12-07 09:00:00,0.0,4.717786303332814,-0.0,38.09612397022599,-0.0,-0.0,-0.0,-0.0,-0.0
2040-12-07 10:00:00,0.0,4.612891797303406,-0.0,37.78141807875613,-0.0,-0.0,-0.0,-0.0,-0.0
2040-12-07 11:00:00,0.0,4.642289493351346,-0.0,36.284802344442305,-0.0,-0.0,-0.0,-0.0,-0.0
2040-12-07 12:00:00,0.0,4.654209552256554,-0.0,35.97925850142148,-0.0,-0.0,-0.0,-0.0,-0.0
2040-12-07 13:00:00,0.0,4.435147118659766,-0.0,35.62613017201878,-0.0,-0.0,-0.0,-0.0,-0.0
2040-12-07 14:00:00,0.0,4.492536608624758,-0.0,35.68156664211503,-0.0,-0.0,-0.0,-0.0,-0.0
2040-12-07 15:00:00,0.0,4.409055803757713,-0.0,37.01086690369276,-0.0,-0.0,-0.0,-0.0,-0.0
2040-12-07 16:00:00,0.0,4.58001565533399,-0.0,37.1924102013676,-0.0,-0.0,-0.0,-0.0,-0.0
2040-12-07 17:00:00,0.0,4.623029938950233,-0.0,37.87823986376719,-0.0,-0.0,-0.0,-0.0,-0.0
2040-12-07 18:00:00,0.0,4.698163395180074,-0.0,39.80962955924932,-0.0,-0.0,-0.0,-0.0,-0.0
2040-12-07 19:00:00,0.0,4.941003431658671,-0.0,39.673776384059046,-0.0,-0.0,-0.0,-0.0,-0.0
2040-12-07 20:00:00,0.0,5.077517325043389,-0.0,41.82520371661353,-0.0,-0.0,-0.0,-0.0,-0.0
2040-12-07 21:00:00,0.0,5.245381108628702,-0.0,42.68564020347329,-0.0,-0.0,-0.0,-0.0,-0.0
2040-12-07 22:00:00,0.0,5.240188087428712,-0.0,44.58201122820735,-0.0,-0.0,-0.0,-0.0,-0.0
2040-12-07 23:00:00,0.0,5.299246128450917,-0.0,44.500302523836204,-0.0,-0.0,-0.0,-0.0,-0.0
2040-12-08 00:00:00,0.0,5.030955723553615,-0.0,42.74857483236802,-0.0,-0.0,-0.0,-0.0,-0.0
2040-12-08 01:00:00,0.0,5.129400412043813,-0.0,42.00315040979916,-0.0,-0.0,-0.0,-0.0,-0.0
2040-12-08 02:00:00,0.0,5.202170180336329,-0.0,43.62726726607369,-0.0,-0.0,-0.0,-0.0,-0.0
2040-12-08 03:00:00,0.0,5.174690149438215,-0.0,41.338774656698064,-0.0,-0.0,-0.0,-0.0,-0.0
2040-12-08 04:00:00,0.0,5.088762317989494,-0.0,41.39192465021192,-0.0,-0.0,-0.0,-0.0,-0.0
2040-12-08 05:00:00,0.0,4.9758520474955885,-0.0,40.23253269949043,-0.0,-0.0,-0.0,-0.0,-0.0
2040-12-08 06:00:00,0.0,4.9322668242628795,-0.0,40.70759775351964,-0.0,-0.0,-0.0,-0.0,-0.0
2040-12-08 07:00:00,0.0,4.796386538741916,-0.0,37.69591994329577,-0.0,-0.0,-0.0,-0.0,-0.0
2040-12-08 08:00:00,0.0,4.674331232929828,-0.0,37.657047149532836,-0.0,-0.0,-0.0,-0.0,-0.0
2040-12-08 09:00:00,0.0,4.500045047368435,-0.0,36.45304568960502,-0.0,-0.0,-0.0,-0.0,-0.0
2040-12-08 10:00:00,0.0,4.268738992180688,-0.0,34.20301001002555,-0.0,-0.0,-0.0,-0.0,-0.0
2040-12-08 11:00:00,0.0,4.270716265939828,-0.0,34.77214427715395,-0.0,-0.0,-0.0,-0.0,-0.0
2040-12-08 12:00:00,0.0,4.326787372237693,-0.0,34.22416929333069,-0.0,-0.0,-0.0,-0.0,-0.0
2040-12-08 13:00:00,0.0,4.285881067081301,-0.0,33.78961619357435,-0.0,-0.0,-0.0,-0.0,-0.0
2040-12-08 14:00:00,0.0,4.247100917886356,-0.0,33.786350254604145,-0.0,-0.0,-0.0,-0.0,-0.0
2040-12-08 15:00:00,0.0,4.352207257340178,-0.0,34.91527680625305,-0.0,-0.0,-0.0,-0.0,-0.0
2040-12-08 16:00:00,0.0,4.5127305430578835,-0.0,34.672886826612775,-0.0,-0.0,-0.0,-0.0,-0.0
2040-12-08 17:00:00,0.0,4.514142461697045,-0.0,36.17881875300223,-0.0,-0.0,-0.0,-0.0,-0.0
2040-12-08 18:00:00,0.0,4.472534413348973,-0.0,36.80978485718979,-0.0,-0.0,-5.454713524036654e-14,-0.0,-0.0
2040-12-08 19:00:00,0.0,4.636257500789186,-0.0,37.35288903397679,-0.0,-0.0,5.39845674540785e-14,-0.0,-0.0
2040-12-08 20:00:00,0.0,4.894521726408308,-0.0,38.02517994070097,-0.0,-0.0,-0.0,-0.0,-0.0
2040-12-08 21:00:00,0.0,5.041243385606016,-0.0,39.97135622424714,-0.0,-0.0,-0.0,-0.0,-0.0
2040-12-08 22:00:00,0.0,5.026052547926856,-0.0,41.05424664145255,-0.0,-0.0,-0.0,-0.0,-0.0
2040-12-08 23:00:00,0.0,5.091309286734402,-0.0,41.66383665420408,-0.0,-0.0,-0.0,-0.0,-0.0
2040-12-09 00:00:00,0.0,5.186430107093667,-0.0,42.43500419026297,-0.0,-0.0,-0.0,-0.0,-0.0
2040-12-09 01:00:00,0.0,5.114891219780423,-0.0,41.913284007943,-0.0,-0.0,-0.0,-0.0,-0.0
2040-12-09 02:00:00,0.0,5.131507475921409,-0.0,41.892893427853785,-0.0,-0.0,-0.0,-0.0,-0.0
2040-12-09 03:00:00,0.0,5.017119262018972,-0.0,41.8236335438901,-0.0,-0.0,-0.0,-0.0,-0.0
2040-12-09 04:00:00,0.0,5.106283340815042,-0.0,41.349663173976104,-0.0,-0.0,-0.0,-0.0,-0.0
2040-12-09 05:00:00,0.0,4.994630514381395,-0.0,39.9235510884415,-0.0,-0.0,-0.0,-0.0,-0.0
2040-12-09 06:00:00,0.0,4.8625482068204295,-0.0,39.49047315695105,-0.0,-0.0,-0.0,-0.0,-0.0
2040-12-09 07:00:00,0.0,4.71498266704976,-0.0,38.19747002949879,-0.0,-0.0,-0.0,-0.0,-0.0
2040-12-09 08:00:00,0.0,4.570284867655528,-0.0,37.37950086713804,-0.0,-0.0,-0.0,-0.0,-0.0
2040-12-09 09:00:00,0.0,4.409888026900886,-0.0,36.46231525778206,-0.0,-0.0,-0.0,-0.0,-0.0
2040-12-09 10:00:00,0.0,4.288671369669324,-0.0,35.051098176900034,-0.0,-0.0,-0.0,-0.0,-0.0
2040-12-09 11:00:00,0.0,4.442139589185239,-0.0,35.12159637868575,-0.0,-0.0,-0.0,-0.0,-0.0
2040-12-09 12:00:00,0.0,4.23673093529232,-0.0,33.60765825073124,-0.0,-0.0,-0.0,-0.0,-0.0
2040-12-09 13:00:00,0.0,4.267705978728352,-0.0,32.606410978064446,-0.0,-0.0,-0.0,-0.0,-0.0
2040-12-09 14:00:00,0.0,4.241431821411154,-0.0,34.58161347775714,-0.0,-0.0,-0.0,-0.0,-0.0
2040-12-09 15:00:00,0.0,4.319258705414042,-0.0,34.18663371122152,-0.0,-0.0,-0.0,-0.0,-0.0
2040-12-09 16:00:00,0.0,4.358667530703331,-0.0,34.21456201722577,-0.0,-0.0,-0.0,-0.0,-0.0
2040-12-09 17:00:00,0.0,4.561463436889196,-0.0,36.81660124080679,-0.0,-0.0,-0.0,-0.0,-0.0
2040-12-09 18:00:00,0.0,4.468810434335019,-0.0,37.11219999390413,-0.0,-0.0,-0.0,-0.0,-0.0
2040-12-09 19:00:00,0.0,4.609291725271915,-0.0,37.371844272997535,-0.0,-0.0,-0.0,-0.0,-0.0
2040-12-09 20:00:00,0.0,4.733723395024435,-0.0,39.7192492752623,-0.0,-0.0,-0.0,-0.0,-0.0
2040-12-09 21:00:00,0.0,4.950429414948469,-0.0,40.63093394144959,-0.0,-0.0,-0.0,-0.0,-0.0
2040-12-09 22:00:00,0.0,5.039969965549416,-0.0,41.6828389376671,-0.0,-0.0,-0.0,-0.0,-0.0
2040-12-09 23:00:00,0.0,5.040365422370076,-0.0,41.688073318306536,-0.0,-0.0,-0.0,-0.0,-0.0
2040-12-10 00:00:00,0.0,5.281835039311855,-0.0,44.94849710093007,-0.0,-0.0,-0.0,-0.0,-0.0
2040-12-10 01:00:00,0.0,5.358958767734354,-0.0,46.47472350286289,-0.0,-0.0,-0.0,-0.0,-0.0
2040-12-10 02:00:00,0.0,5.412851133279531,-0.0,45.31628567186645,-0.0,-0.0,-0.0,-0.0,-0.0
2040-12-10 03:00:00,0.0,5.347931559993634,-0.0,45.7329343861268,-0.0,-0.0,-0.0,-0.0,-0.0
2040-12-10 04:00:00,0.0,5.232325105026624,-0.0,43.83461229415904,-0.0,-0.0,-0.0,-0.0,-0.0
2040-12-10 05:00:00,0.0,5.054072184775422,-0.0,43.66334256774209,-0.0,-0.0,-0.0,-0.0,-0.0
2040-12-10 06:00:00,0.0,5.0366613012249974,-0.0,41.882539631303956,-0.0,-0.0,-0.0,-0.0,-0.0
2040-12-10 07:00:00,0.0,4.905004340541595,-0.0,40.138188128903906,-0.0,-0.0,-0.0,-0.0,-0.0
2040-12-10 08:00:00,0.0,4.691642033845347,-0.0,38.28803901764416,-0.0,-0.0,-0.0,-0.0,-0.0
2040-12-10 09:00:00,0.0,4.585676556414747,-0.0,38.80594796583993,-0.0,-0.0,-0.0,-0.0,-0.0
2040-12-10 10:00:00,0.0,4.427488439669895,-0.0,36.03629702617064,-0.0,-0.0,-0.0,-0.0,-0.0
2040-12-10 11:00:00,0.0,4.453124469669776,-0.0,35.68900481093137,-0.0,-0.0,-0.0,-0.0,-0.0
2040-12-10 12:00:00,0.0,4.4622075051092365,-0.0,36.83180916092889,-0.0,-0.0,-0.0,-0.0,-0.0
2040-12-10 13:00:00,0.0,4.389596411277336,-0.0,35.34578435113906,-0.0,-0.0,-0.0,-0.0,-0.0
2040-12-10 14:00:00,0.0,4.5006619063080935,-0.0,36.00997893955582,-0.0,-0.0,-0.0,-0.0,-0.0
2040-12-10 15:00:00,0.0,4.405177791698666,-0.0,35.207508462889706,-0.0,-0.0,-0.0,-0.0,-0.0
2040-12-10 16:00:00,0.0,4.626917688574637,-0.0,38.262358294503294,-0.0,-0.0,-0.0,-0.0,-0.0
2040-12-10 17:00:00,0.0,4.722194241947353,-0.0,38.52020620980332,-0.0,-0.0,-0.0,-0.0,-0.0
2040-12-10 18:00:00,0.0,4.63982149367471,-0.0,39.19632456518334,-0.0,-0.0,-0.0,-0.0,-0.0
2040-12-10 19:00:00,0.0,4.824293731424195,-0.0,40.68368497809027,-0.0,-0.0,-0.0,-0.0,-0.0
2040-12-10 20:00:00,0.0,5.128874284836376,-0.0,41.70695230602209,-0.0,-0.0,-0.0,-0.0,-0.0
2040-12-10 21:00:00,17.01922319714482,4.661513901020518e-16,-0.0,36.63518304422977,-0.0,-0.0,-0.0,-0.0,-0.0
2040-12-10 22:00:00,0.0,5.215385898487193,-0.0,44.19709180805982,-0.0,-0.0,-0.0,-0.0,-0.0
2040-12-10 23:00:00,0.0,5.4801612801668425,-0.0,44.97145599453089,-0.0,-0.0,-0.0,-0.0,-0.0
2040-12-11 00:00:00,17.73304081433362,-3.680984466446388e-16,-0.0,39.38292860680859,-0.0,-0.0,-0.0,-0.0,-0.0
2040-12-11 01:00:00,17.729226718983522,-4.864940059614836e-16,-0.0,40.41545001905807,-0.0,-0.0,-0.0,-0.0,-0.0
2040-12-11 02:00:00,17.55107837686082,1.0694350311342272e-16,-0.0,40.24842076348368,-0.0,-0.0,-0.0,-0.0,-0.0
2040-12-11 03:00:00,0.0,5.117107514741982,-0.0,44.78783472757251,-0.0,-0.0,-0.0,-0.0,-0.0
2040-12-11 04:00:00,17.069480227173973,1.1050804547608412e-16,-0.0,39.3074721578583,-0.0,-0.0,-0.0,-0.0,-0.0
2040-12-11 05:00:00,0.0,5.220856576235952,-0.0,41.968321593468296,-0.0,-0.0,5.555241391728561e-13,-5.552816939140068e-13,-0.0
2040-12-11 06:00:00,15.763671768832458,6.096107493741597e-17,-0.0,36.77022919556712,-0.0,-0.0,-0.0,-0.0,-0.0
2040-12-11 07:00:00,0.0,4.881810558554967,-0.0,40.10546297724933,-0.0,-0.0,-0.0,-0.0,-0.0
2040-12-11 08:00:00,15.816727875125851,1.789921701587401e-16,-0.0,34.0553557085166,-0.0,-0.0,-0.0,-0.0,-0.0
2040-12-11 09:00:00,15.225488846287046,-2.311150444821593e-16,-0.0,33.31314895210293,-0.0,-0.0,-0.0,-0.0,-0.0
2040-12-11 10:00:00,15.12209645699743,-1.1192599778107366e-16,-0.0,32.08644049924121,-0.0,-0.0,-0.0,-0.0,-0.0
2040-12-11 11:00:00,14.550102166434671,-1.6690428421883596e-16,-0.0,30.55058660746752,-0.0,-0.0,-0.0,-0.0,-0.0
2040-12-11 12:00:00,0.0,4.404729307326227,-0.0,36.15903545241418,-0.0,-0.0,-0.0,-0.0,-0.0
2040-12-11 13:00:00,0.0,4.349995317612588,-0.0,34.75742828417575,-0.0,-0.0,-0.0,-0.0,-5.443393455097436e-13
2040-12-11 14:00:00,0.0,4.441629687177699,-0.0,35.45255859217373,-0.0,-0.0,-0.0,-5.553927669134618e-13,-0.0
2040-12-11 15:00:00,0.0,4.3397231334890245,-0.0,36.62677467093683,-0.0,-0.0,-0.0,-0.0,-5.443393455097436e-13
2040-12-11 16:00:00,0.0,4.473153433591316,-0.0,36.854659371969774,-0.0,-0.0,-0.0,-0.0,-0.0
2040-12-11 17:00:00,0.0,4.707111454960868,-0.0,38.10335232136423,-0.0,-0.0,-0.0,-0.0,-0.0
2040-12-11 18:00:00,0.0,4.499954435267633,-0.0,39.38511245116587,-0.0,-0.0,-0.0,-0.0,-0.0
2040-12-11 19:00:00,0.0,4.889341356474184,-0.0,39.96711767299351,-0.0,-0.0,-0.0,-0.0,-0.0
2040-12-11 20:00:00,0.0,4.83188517276768,-0.0,42.30870055070107,-0.0,-0.0,-0.0,-0.0,-0.0
2040-12-11 21:00:00,0.0,5.102732163398036,-0.0,42.386690165816795,-0.0,-0.0,-0.0,-0.0,-0.0
2040-12-11 22:00:00,0.0,5.201404794987185,-0.0,45.465183190714455,-0.0,-0.0,-0.0,-0.0,-0.0
2040-12-11 23:00:00,0.0,5.006644371635773,-0.0,43.816041985728475,-0.0,-0.0,-0.0,-0.0,-0.0
2040-12-12 00:00:00,0.0,5.30513484342929,-0.0,45.293380189234156,-0.0,-0.0,-0.0,-0.0,-0.0
2040-12-12 01:00:00,0.0,5.390238764671362,-0.0,44.95224079309508,-0.0,-0.0,-0.0,-0.0,-0.0
2040-12-12 02:00:00,0.0,5.393005648050514,-0.0,45.48263368125337,-0.0,-0.0,-0.0,-0.0,-0.0
2040-12-12 03:00:00,0.0,5.196396743787338,-0.0,44.59980335031429,-0.0,-0.0,-0.0,-0.0,-0.0
2040-12-12 04:00:00,0.0,5.28871345640708,-0.0,43.88184264309074,-0.0,-0.0,-0.0,-4.760109327923544e-13,-0.0
2040-12-12 05:00:00,0.0,5.080710616150214,-0.0,43.06425116865837,-0.0,-0.0,-0.0,-0.0,-0.0
2040-12-12 06:00:00,0.0,4.903515529664547,-0.0,41.390305701844156,-0.0,-0.0,-0.0,-0.0,-4.65520643622071e-13
2040-12-12 07:00:00,0.0,4.907079382922178,-0.0,40.70811273768337,-0.0,-0.0,-0.0,-0.0,-0.0
2040-12-12 08:00:00,0.0,4.724372087476666,-0.0,39.62098245016066,-0.0,-0.0,-0.0,-0.0,-0.0
2040-12-12 09:00:00,0.0,4.563371929950891,-0.0,37.76742219457694,-0.0,-0.0,-0.0,-0.0,-0.0
2040-12-12 10:00:00,0.0,4.502420030817366,-0.0,37.19903020677745,-0.0,-0.0,-0.0,-0.0,-0.0
2040-12-12 11:00:00,0.0,4.4699347053336185,-0.0,35.98502664254752,-0.0,-0.0,-0.0,-0.0,-0.0
2040-12-12 12:00:00,0.0,4.379650170080322,-0.0,35.29274879042074,-0.0,-0.0,-0.0,-0.0,-0.0
2040-12-12 13:00:00,0.0,4.363139187988778,-0.0,37.14999619604266,-0.0,-0.0,-0.0,-0.0,-0.0
2040-12-12 14:00:00,0.0,4.466586202370067,-0.0,37.2424126355716,-0.0,-0.0,-0.0,-0.0,-0.0
2040-12-12 15:00:00,0.0,4.448453565838155,-0.0,35.81632095965241,-0.0,-0.0,-0.0,-0.0,-0.0
2040-12-12 16:00:00,0.0,4.532182245840785,-0.0,36.90963944596883,-0.0,-0.0,-0.0,-0.0,-0.0
2040-12-12 17:00:00,0.0,4.560120511247862,-0.0,38.38689636691657,-0.0,-0.0,-0.0,-0.0,-0.0
2040-12-12 18:00:00,0.0,4.727586840151489,-0.0,38.40945831269207,-0.0,-0.0,-0.0,-0.0,-0.0
2040-12-12 19:00:00,0.0,4.807052555999209,-0.0,40.07503406559935,-0.0,-0.0,-0.0,-0.0,-0.0
2040-12-12 20:00:00,0.0,4.918152938902888,-0.0,40.288247422160715,-0.0,-0.0,-0.0,-0.0,-0.0
2040-12-12 21:00:00,0.0,5.0345859766473735,-0.0,43.38022624098113,-0.0,-0.0,-0.0,-0.0,-0.0
2040-12-12 22:00:00,0.0,5.108626330693927,-0.0,42.76423990882317,-0.0,-0.0,-0.0,-0.0,-0.0
2040-12-12 23:00:00,17.36591248002183,4.635853739404463e-16,-0.0,40.48774531390346,-0.0,-0.0,-4.510319536778737e-13,-0.0,-0.0
2040-12-13 00:00:00,0.0,5.162184227462176,-0.0,45.67880517713871,-0.0,-0.0,-0.0,-0.0,-0.0
2040-12-13 01:00:00,17.650370970403447,3.430561688766176e-16,-0.0,39.904557466146855,-0.0,-0.0,-0.0,-0.0,-0.0
2040-12-13 02:00:00,0.0,5.367892760612016,-0.0,45.11965920995642,-0.0,-0.0,-0.0,-0.0,-0.0
2040-12-13 03:00:00,17.47660855046569,1.0749469055278077e-16,-0.0,39.45739721799881,-0.0,-0.0,-0.0,-0.0,-0.0
2040-12-13 04:00:00,17.01557697866311,2.293307989534265e-16,-0.0,39.52154553103017,-0.0,-0.0,-0.0,-0.0,-0.0
2040-12-13 05:00:00,16.57846569861038,-4.2815062503541334e-18,-0.0,37.09462603078192,-0.0,-0.0,-0.0,-0.0,-0.0
2040-12-13 06:00:00,16.14762346160113,-1.1951642240031297e-16,-0.0,37.70625394564326,-0.0,-0.0,-0.0,-0.0,-0.0
2040-12-13 07:00:00,15.718387231709272,-1.163394360974514e-16,-0.0,35.52194278573727,-0.0,-0.0,-0.0,-0.0,-0.0
2040-12-13 08:00:00,0.0,4.59174315507458,-0.0,38.75093973102004,-0.0,-0.0,-0.0,-0.0,-0.0
2040-12-13 09:00:00,15.16170817030767,0.034300498917567174,-0.0,34.14322921427834,-0.0,-0.0,-0.0,-0.0,-0.0
2040-12-13 10:00:00,15.044008575549471,6.62876525851362e-17,-0.0,32.38058978343328,-0.0,-0.0,-0.0,-0.0,-0.0
2040-12-13 11:00:00,14.519885980311546,2.478026230115575e-16,-0.0,31.727543825327594,-0.0,-0.0,-0.0,-0.0,-0.0
2040-12-13 12:00:00,14.525867268940061,-2.25936804590858e-16,-0.0,30.78199917811691,-0.0,-0.0,-0.0,-0.0,-0.0
2040-12-13 13:00:00,0.0,4.354390699883145,-0.0,35.28038424096116,-0.0,-0.0,-0.0,-0.0,-0.0
2040-12-13 14:00:00,14.69951541421838,1.872612034753908e-16,-0.0,32.78328032307256,-0.0,-0.0,-0.0,-0.0,-0.0
2040-12-13 15:00:00,0.0,4.371378609810807,-0.0,35.46729863872485,-0.0,-0.0,-0.0,-0.0,-0.0
2040-12-13 16:00:00,0.0,4.443396976642802,-0.0,36.703054743105824,-0.0,-6.896159497915923e-14,-0.0,-0.0,-0.0
2040-12-13 17:00:00,15.368566297425433,6.388544288082567e-17,-0.0,33.150509741720455,-0.0,-0.0,-0.0,-0.0,-0.0
2040-12-13 18:00:00,15.676280401338216,1.8003169028640323e-16,-0.0,34.35606051283863,-0.0,-0.0,-0.0,-0.0,-0.0
2040-12-13 19:00:00,16.004537809715263,1.183902027545017e-16,-0.0,35.53287789850488,-0.0,-0.0,-0.0,-0.0,-0.0
2040-12-13 20:00:00,16.464623708397543,2.334086723277022e-16,-0.0,35.700194215349086,-0.0,-0.0,1.2175264549140896e-13,-0.0,6.91511000380923e-14
2040-12-13 21:00:00,16.594394997696753,-1.2282319604111637e-16,-0.0,37.94658780559656,-0.0,-0.0,-0.0,-0.0,-0.0
2040-12-13 22:00:00,17.034888679907116,-3.6293108281576215e-16,-0.0,39.23460449813724,-0.0,-0.0,-5.454713524036654e-14,-0.0,-0.0
2040-12-13 23:00:00,17.476730924544498,3.443413633893481e-16,-0.0,40.61398891047459,-0.0,-0.0,-0.0,-0.0,-0.0
2040-12-14 00:00:00,16.92779273461002,-4.8056220288036e-16,-0.0,38.814721592365046,-0.0,-0.0,-0.0,-0.0,-0.0
2040-12-14 01:00:00,17.20487829034089,-3.641892586787664e-16,-0.0,40.308484804678045,-0.0,-0.0,-0.0,-0.0,-0.0
2040-12-14 02:00:00,17.083638774273204,-1.2644432741051465e-16,-0.0,37.98625900898959,-0.0,-0.0,-0.0,-0.0,-5.451195739100512e-14
2040-12-14 03:00:00,0.0,5.045769014818853,-0.0,44.155518380970825,-0.0,-0.0,-0.0,-0.0,-0.0
2040-12-14 04:00:00,16.85371486579887,3.4895260854355215e-16,-0.0,38.67527720972235,-0.0,-0.0,-0.0,-0.0,-0.0
2040-12-14 05:00:00,16.22309110511624,-2.384987844632942e-16,-0.0,36.540561286919484,-0.0,-0.0,-0.0,-0.0,-0.0
2040-12-14 06:00:00,16.282101533533666,-1.2051176007875764e-16,-0.0,35.74901420439301,-0.0,-0.0,-0.0,-0.0,-0.0
2040-12-14 07:00:00,15.884076793442105,2.377055826734264e-16,-0.0,35.58329758146639,-0.0,-0.0,-5.454713524036654e-14,-0.0,-0.0
2040-12-14 08:00:00,14.354467872524287,0.3348498714146186,-0.0,34.75892803418209,-0.0,-0.0,-0.0,-0.0,-0.0
2040-12-14 09:00:00,0.0,4.516146153896309,-0.0,36.393453663938246,-0.0,-0.0,-0.0,-0.0,-0.0
2040-12-14 10:00:00,2.9782866029661412,3.5831440001918886,-0.0,35.98279523950515,-0.0,-0.0,-0.0,-0.0,-0.0
2040-12-14 11:00:00,0.0,4.342039629730744,-0.0,37.49923268719858,-0.0,-0.0,-0.0,-0.0,-0.0
2040-12-14 12:00:00,0.0,4.257319991981507,-0.0,35.66423071529042,-0.0,-0.0,-0.0,-0.0,-0.0
2040-12-14 13:00:00,0.0,4.259273566341543,-0.0,36.12983371155233,-0.0,-0.0,-0.0,-0.0,-0.0
2040-12-14 14:00:00,0.0,4.203217983087442,-0.0,35.78839022437196,-0.0,-0.0,-0.0,-0.0,-0.0
2040-12-14 15:00:00,0.0,4.378517820183388,-0.0,34.71115861357019,-0.0,-0.0,-0.0,-0.0,-0.0
2040-12-14 16:00:00,0.0,4.376175843205427,-0.0,36.690876401504724,-0.0,-0.0,-0.0,-0.0,-0.0
2040-12-14 17:00:00,0.0,4.52130902563751,-0.0,37.6530915753366,-0.0,-0.0,-0.0,-0.0,-0.0
2040-12-14 18:00:00,0.0,4.770048926297105,-0.0,39.47157019213227,-0.0,-0.0,-0.0,-0.0,-0.0
2040-12-14 19:00:00,0.0,4.946643115230711,-0.0,40.0171987413955,-0.0,-0.0,-0.0,-0.0,-0.0
2040-12-14 20:00:00,0.0,4.9083424860128515,-0.0,40.747802479350725,-0.0,-0.0,-0.0,-0.0,-0.0
2040-12-14 21:00:00,0.0,5.044703303901844,-0.0,42.29480810963143,-0.0,-0.0,-0.0,-0.0,-0.0
2040-12-14 22:00:00,0.0,5.104726707396735,-0.0,43.37118496620845,-0.0,-0.0,-0.0,-0.0,-0.0
2040-12-14 23:00:00,0.0,5.114356189044172,-0.0,44.22477385142207,-0.0,-0.0,-0.0,-0.0,-0.0
2040-12-15 00:00:00,0.0,5.106188244637575,-0.0,41.31800014848149,-0.0,-0.0,-0.0,-0.0,-0.0
2040-12-15 01:00:00,0.0,4.87368452353032,-0.0,42.503950233415225,-0.0,-0.0,-0.0,-0.0,-0.0
2040-12-15 02:00:00,0.0,5.124965533845812,-0.0,42.29389742492514,-0.0,-0.0,-0.0,-0.0,-0.0
2040-12-15 03:00:00,0.0,5.028821683711173,-0.0,40.547003998448325,-0.0,-0.0,-0.0,-0.0,-0.0
2040-12-15 04:00:00,0.0,4.962495635125002,-0.0,41.195092870825036,-0.0,-0.0,-0.0,-0.0,-0.0
2040-12-15 05:00:00,0.0,4.833582534495734,-0.0,40.04327427117517,-0.0,-0.0,-0.0,-0.0,-0.0
2040-12-15 06:00:00,0.0,4.6829539416611,-0.0,39.0968589623992,-0.0,-0.0,-0.0,-0.0,-0.0
2040-12-15 07:00:00,0.0,4.559221970483381,-0.0,36.995508132662046,-0.0,-0.0,-0.0,-0.0,-0.0
2040-12-15 08:00:00,0.0,4.323157629203152,-0.0,36.40809386030418,-0.0,-0.0,-0.0,-0.0,-0.0
2040-12-15 09:00:00,0.0,4.30354862813631,-0.0,35.422120031342004,-0.0,-0.0,-0.0,-0.0,-0.0
2040-12-15 10:00:00,0.0,4.24619336047236,-0.0,34.651472794203094,-0.0,-0.0,-0.0,-0.0,-0.0
2040-12-15 11:00:00,0.0,4.162397342426538,-0.0,33.524768955712545,-0.0,-0.0,-0.0,-0.0,-0.0
2040-12-15 12:00:00,0.0,4.291591635471641,-0.0,34.91481495330431,-0.0,-0.0,-0.0,-0.0,-0.0
2040-12-15 13:00:00,0.0,4.1421026993622165,-0.0,32.61416886833779,-0.0,-0.0,-0.0,-0.0,-0.0
2040-12-15 14:00:00,0.0,4.19419328534957,-0.0,34.30559972551491,-0.0,-0.0,-0.0,-0.0,-0.0
2040-12-15 15:00:00,0.0,4.1730775973002,-0.0,33.31819132868565,-0.0,-0.0,-0.0,-0.0,-0.0
2040-12-15 16:00:00,0.0,4.19325758148931,-0.0,34.10027865831767,-0.0,-0.0,-0.0,-0.0,-0.0
2040-12-15 17:00:00,0.0,4.392339823683849,-0.0,35.314568149471214,-0.0,-0.0,-0.0,-0.0,-0.0
2040-12-15 18:00:00,0.0,4.389141962963871,-0.0,37.73241183846802,-0.0,-0.0,-0.0,-0.0,-0.0
2040-12-15 19:00:00,0.0,4.60876336017055,-0.0,38.67877360030092,-0.0,-0.0,-0.0,-0.0,-0.0
2040-12-15 20:00:00,0.0,4.704931439065608,-0.0,38.66497843184657,-0.0,-0.0,-0.0,-0.0,-0.0
2040-12-15 21:00:00,0.0,4.805961486996627,-0.0,40.73397383266019,-0.0,-0.0,-0.0,-0.0,-0.0
2040-12-15 22:00:00,0.0,4.93548412086233,-0.0,41.38468615861339,-0.0,-0.0,-0.0,-2.1169827977283987e-13,-0.0
2040-12-15 23:00:00,0.0,4.926473846376232,-0.0,42.611101750129926,-0.0,-0.0,-0.0,2.656580559825956e-13,-0.0
2040-12-16 00:00:00,0.0,5.023651906646237,-0.0,42.813522307509416,-0.0,-0.0,-0.0,-0.0,-0.0
2040-12-16 01:00:00,0.0,5.057238339522443,-0.0,42.23038766955672,-0.0,-0.0,-0.0,-0.0,-0.0
2040-12-16 02:00:00,0.0,5.028580907709515,-0.0,42.08440656100798,-0.0,-0.0,-0.0,-0.0,-0.0
2040-12-16 03:00:00,0.0,4.931532271593902,-0.0,41.33537534739663,-0.0,-0.0,-0.0,-0.0,-0.0
2040-12-16 04:00:00,0.0,4.891921965813439,-0.0,40.07857139823044,-0.0,-0.0,-0.0,-0.0,-0.0
2040-12-16 05:00:00,0.0,4.8416367171614745,-0.0,39.229458881540396,-0.0,-0.0,-0.0,-0.0,-0.0
2040-12-16 06:00:00,0.0,4.731317242581854,-0.0,39.39737599803163,-0.0,-0.0,-0.0,-0.0,5.401640007130328e-14
2040-12-16 07:00:00,0.0,4.520315518326844,-0.0,36.32560249497058,-0.0,-0.0,-0.0,-0.0,-0.0
2040-12-16 08:00:00,0.0,4.421251622217352,-0.0,36.483940853566594,-0.0,-0.0,-0.0,-0.0,-0.0
2040-12-16 09:00:00,0.0,4.25082803036839,-0.0,35.953030832433946,-0.0,5.347606527962707e-14,-0.0,-0.0,-0.0
2040-12-16 10:00:00,0.0,4.257126564607263,-0.0,34.33351821999188,-0.0,-0.0,-0.0,-0.0,-0.0
2040-12-16 11:00:00,0.0,4.164735137174504,-0.0,34.30837323551801,-0.0,-0.0,-0.0,-0.0,-0.0
2040-12-16 12:00:00,0.0,4.024975192224706,-0.0,32.965762380785705,-0.0,-0.0,-0.0,-0.0,-0.0
2040-12-16 13:00:00,0.0,4.184800878635248,-0.0,33.84889338702236,-0.0,-0.0,-0.0,-0.0,-0.0
2040-12-16 14:00:00,0.0,4.222352274645808,-0.0,32.79656572532747,-0.0,5.587622088348705e-13,-0.0,-0.0,-0.0
2040-12-16 15:00:00,0.0,4.15387052949642,-0.0,34.84899691492338,-0.0,-0.0,-0.0,-0.0,-0.0
2040-12-16 16:00:00,0.0,4.065961797985204,-0.0,34.14903188979841,-0.0,-0.0,-0.0,-0.0,-0.0
2040-12-16 17:00:00,0.0,4.248213662408406,-0.0,36.09077047382316,-0.0,-0.0,-0.0,-0.0,-0.0
2040-12-16 18:00:00,0.0,4.2476954460243475,-0.0,35.60721304782362,-0.0,-0.0,-0.0,-0.0,-0.0
2040-12-16 19:00:00,0.0,4.569526783045538,-0.0,38.09691085278733,-0.0,-0.0,-0.0,-0.0,-0.0
2040-12-16 20:00:00,0.0,4.563247378715423,-0.0,39.08350532630676,-0.0,-0.0,-0.0,-0.0,-0.0
2040-12-16 21:00:00,0.0,4.903065069682455,-0.0,38.93820361512343,-0.0,-0.0,-0.0,-0.0,-0.0
2040-12-16 22:00:00,0.0,4.784039265954133,-0.0,41.55131280617044,-0.0,-0.0,-0.0,-6.102463185602328e-13,-0.0
2040-12-16 23:00:00,0.0,4.933932501716331,-0.0,41.84203778851874,-0.0,-0.0,-0.0,-0.0,-0.0
2040-12-17 00:00:00,0.0,5.21789421241463,-0.0,43.66299137180396,-0.0,-0.0,-0.0,6.103464213990048e-13,-0.0
2040-12-17 01:00:00,1.7624079201992753,4.741442858680932,-0.0,43.35521378844524,-0.0,-0.0,-0.0,-0.0,-0.0
2040-12-17 02:00:00,17.184529440836116,2.2808029952961594e-16,-0.0,38.13030734078202,-0.0,-0.0,-0.0,-0.0,-0.0
2040-12-17 03:00:00,0.0,4.990561114109963,-0.0,44.79654566143112,-0.0,-0.0,-0.0,-5.553927669134618e-13,-0.0
2040-12-17 04:00:00,0.0,4.964693320067287,-0.0,42.616053494679065,-0.0,-0.0,-0.0,-0.0,-0.0
2040-12-17 05:00:00,0.0,4.848695788680572,-0.0,42.34043652895379,-0.0,-0.0,-0.0,-0.0,-0.0
2040-12-17 06:00:00,0.0,4.885055958812941,-0.0,41.22133795407342,-0.0,-0.0,-0.0,-0.0,-0.0
2040-12-17 07:00:00,0.0,4.750386862000336,-0.0,40.26983474334189,-0.0,-0.0,-0.0,-0.0,-0.0
2040-12-17 08:00:00,0.0,4.600732205491604,-0.0,38.42144200025985,-0.0,-0.0,-0.0,-0.0,-0.0
2040-12-17 09:00:00,0.0,4.46155373876234,-0.0,37.87938797320588,-0.0,-0.0,-0.0,-0.0,-0.0
2040-12-17 10:00:00,14.809544112504348,-2.2803643501271176e-16,-0.0,33.39235507788264,-0.0,-0.0,-0.0,-0.0,-5.426975432393522e-13
2040-12-17 11:00:00,14.319550237108494,1.3086161608327025e-16,-0.0,31.8283888319138,-0.0,-0.0,-0.0,-0.0,-0.0
2040-12-17 12:00:00,14.376724604219527,7.122654611136165e-17,-0.0,31.007446928441603,-0.0,-0.0,-0.0,-0.0,-0.0
2040-12-17 13:00:00,0.0,4.205865703068412,-0.0,35.53916896663958,-0.0,-0.0,-0.0,-0.0,-0.0
2040-12-17 14:00:00,0.0,4.324520140440203,-0.0,35.36325223746002,-0.0,-5.32305169549788e-13,-0.0,-0.0,-0.0
2040-12-17 15:00:00,4.037187193387268,3.124588035783898,-0.0,35.51613369317335,-0.0,-0.0,-0.0,-0.0,-0.0
2040-12-17 16:00:00,0.0,4.280372867976368,-0.0,38.083065711582606,-0.0,-0.0,-0.0,-0.0,-0.0
2040-12-17 17:00:00,0.0,4.552774109229483,-0.0,38.230742191102536,-0.0,-0.0,-0.0,-0.0,-0.0
2040-12-17 18:00:00,0.0,4.543754073849676,-0.0,39.42681163229058,-0.0,-0.0,-0.0,-0.0,-0.0
2040-12-17 19:00:00,0.0,4.73076305932126,-0.0,39.016965553261045,-0.0,5.295931819575919e-13,-0.0,-0.0,5.953499213132551e-13
2040-12-17 20:00:00,15.941748482975548,2.372787264228327e-16,-0.0,36.9920462718104,-0.0,-0.0,-0.0,-0.0,-5.10599032370888e-14
2040-12-17 21:00:00,0.0,5.068082442719849,-0.0,42.162638434098895,-0.0,-0.0,-0.0,-0.0,-0.0
2040-12-17 22:00:00,16.379458192094692,-4.765037119850412e-16,-0.0,36.99780984945535,-0.0,-0.0,-0.0,-0.0,-0.0
2040-12-17 23:00:00,16.813792743438434,-1.2444706556693818e-16,-0.0,38.78131319189859,-0.0,-0.0,-0.0,-0.0,-0.0
2040-12-18 00:00:00,17.091359588683943,4.656174735500511e-16,-0.0,39.95686186495603,-0.0,-0.0,-0.0,-0.0,-0.0
2040-12-18 01:00:00,17.75165746633668,4.607302875041765e-16,-0.0,39.63612625051407,-0.0,-0.0,-0.0,-0.0,-0.0
2040-12-18 02:00:00,17.14462121901535,3.4679946900121436e-16,-0.0,39.98057497797941,-0.0,-0.0,-0.0,-0.0,-0.0
2040-12-18 03:00:00,17.0690173258372,4.657828395142823e-16,-0.0,38.224394122475104,-0.0,-0.0,-0.0,-0.0,-0.0
2040-12-18 04:00:00,16.68655449838589,-5.0815240784532795e-18,-0.0,37.389691235619594,-0.0,-0.0,-0.0,-0.0,-0.0
2040-12-18 05:00:00,16.29673601347971,-1.206200769893544e-16,-0.0,38.65875269303096,-0.0,-0.0,-0.0,-0.0,-0.0
2040-12-18 06:00:00,15.9981734971463,-2.3683405974988194e-16,-0.0,36.63112837899564,-0.0,-0.0,-0.0,-0.0,-0.0
2040-12-18 07:00:00,15.55103877801415,3.3229805720835837e-18,-0.0,35.89689349418819,-0.0,-0.0,-0.0,-0.0,-0.0
2040-12-18 08:00:00,15.151907982171371,-1.713585420387307e-16,-0.0,34.946903137711104,-0.0,-0.0,-0.0,-0.0,-0.0
2040-12-18 09:00:00,14.645651418157225,1.0024193192868512e-17,-0.0,32.67275742935792,-0.0,-0.0,-0.0,-0.0,-0.0
2040-12-18 10:00:00,14.451460357240471,-1.069622935204404e-16,-0.0,14.733873776403689,-0.0,-0.0,-0.0,-0.0,-0.0
2040-12-18 11:00:00,9.502644859235499,1.4888438600191505,-0.0,33.096713327957524,-0.0,-0.0,-0.0,-0.0,-0.0
2040-12-18 12:00:00,10.223308089342828,1.1426700939157663,-0.0,33.06093137888545,-0.0,-0.0,-0.0,-0.0,-0.0
2040-12-18 13:00:00,13.839869039697382,-1.616475030844676e-16,-0.0,31.210994742077705,-0.0,-0.0,-0.0,-0.0,-0.0
2040-12-18 14:00:00,14.34766850008574,7.144160448346322e-17,-0.0,32.3597535569775,-0.0,-0.0,-0.0,-0.0,-0.0
2040-12-18 15:00:00,14.6934994070491,2.4651762551990346e-16,-0.0,31.41705865389474,-0.0,-0.0,-0.0,-0.0,-0.0
2040-12-18 16:00:00,14.521804434906723,1.0940845008435666e-17,-0.0,32.86820166930153,-0.0,-0.0,-0.0,-0.0,-0.0
2040-12-18 17:00:00,15.00114217823272,-1.7024265092633863e-16,-0.0,20.872202633344727,-0.0,-0.0,-0.0,-0.0,-0.0
2040-12-18 18:00:00,15.189463487838477,-1.124246139726761e-16,-0.0,15.808108063761253,-0.0,-0.0,-5.454713524036654e-14,-0.0,-0.0
2040-12-18 19:00:00,15.557946855782518,2.401194291121547e-16,-0.0,35.1221578750735,-0.0,-0.0,-0.0,-0.0,-0.0
2040-12-18 20:00:00,0.32793983758337397,4.626237829559534,-0.0,40.86997222853326,-0.0,-0.0,-0.0,-0.0,-0.0
2040-12-18 21:00:00,0.0,4.848450238643232,-0.0,41.76798285164763,-0.0,-0.0,-0.0,-0.0,-0.0
2040-12-18 22:00:00,0.0,5.020870683975123,-0.0,44.617097577249,-0.0,-0.0,-0.0,-0.0,-0.0
2040-12-18 23:00:00,0.0,5.189900421650777,-0.0,44.95088298668905,-0.0,-0.0,-0.0,-0.0,-0.0
2040-12-19 00:00:00,0.0,5.219331955138114,-0.0,44.08266596288301,-0.0,-0.0,-0.0,-0.0,-0.0
2040-12-19 01:00:00,0.0,5.070990722056133,-0.0,45.267557867986476,-0.0,-0.0,-0.0,-0.0,-0.0
2040-12-19 02:00:00,0.0,5.205592344282038,-0.0,44.90925480860471,-0.0,-0.0,-0.0,-0.0,-0.0
2040-12-19 03:00:00,0.0,5.120455219038139,-0.0,43.91788622381608,-0.0,-0.0,-0.0,-0.0,-0.0
2040-12-19 04:00:00,0.0,4.920952079350206,-0.0,42.4872876154068,-0.0,-0.0,-0.0,-0.0,-0.0
2040-12-19 05:00:00,0.0,4.965236194057221,-0.0,42.59683692127986,-0.0,-0.0,-0.0,-0.0,-0.0
2040-12-19 06:00:00,0.0,4.810941889538467,-0.0,41.24071676299662,-0.0,-0.0,-0.0,-0.0,-0.0
2040-12-19 07:00:00,0.0,4.624306867478512,-0.0,40.69822338795251,-0.0,-0.0,-0.0,-0.0,-0.0
2040-12-19 08:00:00,0.0,4.515804989583807,-0.0,39.39197002521379,-0.0,-0.0,-0.0,-0.0,-0.0
2040-12-19 09:00:00,0.0,4.416844485666358,-0.0,36.44323086935924,-0.0,-0.0,-0.0,-0.0,-0.0
2040-12-19 10:00:00,0.0,4.226852756684212,-0.0,36.487006205999364,-0.0,-0.0,-0.0,-0.0,-0.0
2040-12-19 11:00:00,0.0,4.229818676248388,-0.0,36.598497852823236,-0.0,-0.0,-0.0,-0.0,-0.0
2040-12-19 12:00:00,0.0,4.197727279808464,-0.0,34.97487496547942,-0.0,-0.0,-0.0,-0.0,-0.0
2040-12-19 13:00:00,0.0,4.255070709670618,-0.0,34.811510660147135,-0.0,-0.0,-0.0,-0.0,-0.0
2040-12-19 14:00:00,0.0,4.20044894026266,-0.0,35.11486232879662,-0.0,-0.0,-0.0,-0.0,-0.0
2040-12-19 15:00:00,0.0,4.178018337040899,-0.0,35.26593230910698,-0.0,-0.0,-0.0,-0.0,-0.0
2040-12-19 16:00:00,0.0,4.2842121254161425,-0.0,37.02187896526756,-0.0,-0.0,-0.0,-0.0,-0.0
2040-12-19 17:00:00,0.0,4.496185265771538,-0.0,38.0378286240468,-0.0,-0.0,-0.0,-0.0,-0.0
2040-12-19 18:00:00,0.0,4.384774314599215,-0.0,38.86994918671618,-0.0,-0.0,-0.0,-0.0,-0.0
2040-12-19 19:00:00,0.0,4.756187063544448,-0.0,40.24166629680871,-0.0,-0.0,-0.0,-0.0,-0.0
2040-12-19 20:00:00,0.0,4.830895392046916,-0.0,41.035373044522075,-0.0,-0.0,-0.0,-0.0,-0.0
2040-12-19 21:00:00,0.0,4.872725397001008,-0.0,43.19978154991098,-0.0,-0.0,-0.0,-0.0,-0.0
2040-12-19 22:00:00,0.0,4.92501740755027,-0.0,44.422832526706166,-0.0,-0.0,-0.0,-0.0,-0.0
2040-12-19 23:00:00,0.0,4.943441073867284,-0.0,44.973251343282215,-0.0,-0.0,-0.0,-0.0,-0.0
2040-12-20 00:00:00,0.0,5.1073160039128505,-0.0,44.74232461113578,-0.0,-0.0,-0.0,-0.0,-0.0
2040-12-20 01:00:00,0.0,5.155315236978045,-0.0,45.80483456718006,-0.0,-0.0,-0.0,-0.0,-0.0
2040-12-20 02:00:00,0.0,5.071867692439031,-0.0,45.50615919278034,-0.0,-0.0,-0.0,-0.0,-0.0
2040-12-20 03:00:00,0.0,5.097006168139198,-0.0,43.48323888066944,-0.0,-0.0,-0.0,-0.0,-0.0
2040-12-20 04:00:00,0.0,4.968888174104271,-0.0,43.644395576082445,-0.0,-0.0,-0.0,-0.0,-0.0
2040-12-20 05:00:00,0.0,4.968251776989837,-0.0,43.67049926071694,-0.0,-0.0,-0.0,-0.0,-0.0
2040-12-20 06:00:00,0.0,4.814609045436478,-0.0,40.89077778022827,-0.0,-0.0,-0.0,-0.0,-0.0
2040-12-20 07:00:00,0.0,4.740610053251833,-0.0,39.28502959571309,-0.0,-0.0,-0.0,-0.0,-0.0
2040-12-20 08:00:00,0.0,4.601477572277774,-0.0,38.37170991823641,-0.0,-0.0,-0.0,-0.0,-0.0
2040-12-20 09:00:00,0.0,4.455023940122815,-0.0,37.24419008166679,-0.0,-0.0,-0.0,-0.0,-0.0
2040-12-20 10:00:00,0.0,4.211458126920763,-0.0,36.52388877822671,-0.0,-0.0,-0.0,-0.0,-0.0
2040-12-20 11:00:00,0.0,4.186844297212777,-0.0,36.14533072840777,-0.0,-0.0,-0.0,-0.0,-0.0
2040-12-20 12:00:00,0.0,4.140925087519768,-0.0,36.221925948399615,-0.0,-0.0,-0.0,-0.0,-0.0
2040-12-20 13:00:00,0.0,4.1595565400787535,-0.0,35.864729050800804,-0.0,-0.0,-0.0,-0.0,-0.0
2040-12-20 14:00:00,0.0,4.163943111899929,-0.0,34.38142501999559,-0.0,-0.0,-0.0,-0.0,-0.0
2040-12-20 15:00:00,0.0,4.224993228123247,-0.0,35.61029465826662,-0.0,-0.0,-0.0,-0.0,-0.0
2040-12-20 16:00:00,0.0,4.368753154941364,-0.0,36.833817494191884,-0.0,-0.0,-0.0,-0.0,-0.0
2040-12-20 17:00:00,0.0,4.415565385000601,-0.0,38.46073115572108,-0.0,-0.0,-0.0,-0.0,-0.0
2040-12-20 18:00:00,0.0,4.4888974472397765,-0.0,38.123486728110095,-0.0,-0.0,-0.0,-0.0,-0.0
2040-12-20 19:00:00,0.0,4.634943417349379,-0.0,41.469439916135364,-0.0,-0.0,-0.0,-0.0,-0.0
2040-12-20 20:00:00,0.0,4.7936696448647105,-0.0,40.282397969124276,-0.0,-0.0,-0.0,-0.0,-0.0
2040-12-20 21:00:00,0.0,4.903705324447379,-0.0,41.88203420364429,-0.0,-0.0,-0.0,-0.0,-0.0
2040-12-20 22:00:00,0.0,4.973092950220464,-0.0,44.16404867465371,-0.0,-0.0,-0.0,-0.0,-0.0
2040-12-20 23:00:00,0.0,5.069930454698865,-0.0,43.24696396140527,-0.0,-0.0,-0.0,-0.0,-0.0
2040-12-21 00:00:00,0.0,4.984087129705363,-0.0,43.91388703626382,-0.0,-0.0,-0.0,-0.0,-0.0
2040-12-21 01:00:00,0.0,5.018484418426396,-0.0,42.988461966529044,-0.0,-0.0,-0.0,-0.0,-0.0
2040-12-21 02:00:00,0.0,5.099098704228685,-0.0,44.7386433814604,-0.0,-0.0,-0.0,-0.0,-0.0
2040-12-21 03:00:00,0.0,5.105524492192749,-0.0,45.226128664777036,-0.0,-0.0,-0.0,-0.0,-0.0
2040-12-21 04:00:00,0.0,4.935042299086178,-0.0,43.48302477653939,-0.0,-0.0,-0.0,-0.0,-0.0
2040-12-21 05:00:00,0.0,4.819688656180696,-0.0,41.927266212629384,-0.0,-0.0,-0.0,-0.0,-0.0
2040-12-21 06:00:00,0.0,4.802729074467554,-0.0,41.99790682928418,-0.0,-0.0,-0.0,-0.0,-0.0
2040-12-21 07:00:00,0.0,4.609770011494956,-0.0,40.360077658226416,-0.0,-0.0,-0.0,-0.0,-0.0
2040-12-21 08:00:00,0.0,4.525010932351912,-0.0,38.92229858450112,-0.0,-0.0,-0.0,-0.0,-0.0
2040-12-21 09:00:00,0.0,4.34300385983834,-0.0,37.160438848514566,-0.0,-0.0,-0.0,-0.0,-0.0
2040-12-21 10:00:00,0.0,4.359447525040847,-0.0,36.6100085332029,-0.0,-0.0,-0.0,-0.0,-0.0
2040-12-21 11:00:00,0.0,4.379858003315627,-0.0,35.72296213185939,-0.0,-0.0,-0.0,-0.0,-0.0
2040-12-21 12:00:00,0.0,4.342419271240464,-0.0,35.08613789183257,-0.0,-0.0,-0.0,-0.0,-0.0
2040-12-21 13:00:00,0.0,4.263006655786513,-0.0,35.34778067467262,-0.0,-0.0,-0.0,-0.0,-0.0
2040-12-21 14:00:00,0.0,4.1606510419822875,-0.0,35.635268325509955,-0.0,-0.0,-0.0,-0.0,-0.0
2040-12-21 15:00:00,0.0,4.199276121980117,-0.0,35.60670247112298,-0.0,-0.0,-0.0,-0.0,-0.0
2040-12-21 16:00:00,0.0,4.303976518177098,-0.0,36.52805676626822,-0.0,-0.0,-0.0,-0.0,-0.0
2040-12-21 17:00:00,0.0,4.4682385869451,-0.0,38.294405631318,-0.0,-0.0,-0.0,-0.0,-0.0
2040-12-21 18:00:00,0.0,4.603316104932763,-0.0,39.1365611363439,-0.0,-0.0,-0.0,-0.0,-0.0
2040-12-21 19:00:00,0.0,4.62053973418467,-0.0,39.801245728845856,-0.0,-0.0,-0.0,-0.0,-0.0
2040-12-21 20:00:00,0.0,4.834588566368204,-0.0,40.264170954722964,-0.0,-0.0,-0.0,-0.0,-0.0
2040-12-21 21:00:00,0.0,4.893049786484691,-0.0,42.19912349108438,-0.0,-0.0,-0.0,-0.0,-0.0
2040-12-21 22:00:00,0.0,5.069174168167333,-0.0,43.53986585793304,-0.0,-0.0,-0.0,-0.0,-0.0
2040-12-21 23:00:00,0.0,5.061337417007991,-0.0,43.553174077711255,-0.0,-0.0,-0.0,-0.0,-0.0
2040-12-22 00:00:00,0.0,4.864318052612826,-0.0,41.18854058859496,-0.0,-0.0,-0.0,-0.0,-0.0
2040-12-22 01:00:00,0.0,4.8960325583287565,-0.0,42.08346905189874,-0.0,-0.0,-0.0,-0.0,-0.0
2040-12-22 02:00:00,0.0,4.793332823537753,-0.0,41.511077352299885,-0.0,-0.0,-0.0,-0.0,-0.0
2040-12-22 03:00:00,0.0,4.75472744857264,-0.0,41.101293996020495,-0.0,-0.0,-0.0,-0.0,-0.0
2040-12-22 04:00:00,0.0,4.780440187635229,-0.0,41.558013273345956,-0.0,5.39845674540785e-14,-0.0,-0.0,-0.0
2040-12-22 05:00:00,0.0,4.68074463520356,-0.0,39.76615204669811,-0.0,-0.0,-0.0,-0.0,-0.0
2040-12-22 06:00:00,0.0,4.482663676209349,-0.0,38.478028129683516,-0.0,-0.0,-0.0,-0.0,-0.0
2040-12-22 07:00:00,0.0,4.44999350523962,-0.0,38.54344287790647,-0.0,-0.0,-0.0,-0.0,-0.0
2040-12-22 08:00:00,0.0,4.369237263912958,-0.0,36.09884839385904,-0.0,-0.0,-0.0,-0.0,-0.0
2040-12-22 09:00:00,0.0,4.201413578227219,-0.0,35.35649867732258,-0.0,-0.0,-0.0,-0.0,-0.0
2040-12-22 10:00:00,0.0,4.145340468764032,-0.0,34.82856211656982,-0.0,-0.0,-0.0,-0.0,-0.0
2040-12-22 11:00:00,0.0,4.071770496006749,-0.0,33.676431416500186,-0.0,-0.0,-0.0,-0.0,-0.0
2040-12-22 12:00:00,0.0,3.946494097664847,-0.0,32.77675658478403,-0.0,-0.0,-0.0,-0.0,-0.0
2040-12-22 13:00:00,0.0,4.050278743819649,-0.0,32.583529475797015,-0.0,-0.0,-0.0,-0.0,-0.0
2040-12-22 14:00:00,0.0,3.912263256900612,-0.0,34.35267384930202,-0.0,-0.0,-0.0,-0.0,-0.0
2040-12-22 15:00:00,0.0,3.9445861868582397,-0.0,33.3417568070763,-0.0,-0.0,-0.0,-0.0,-0.0
2040-12-22 16:00:00,0.0,4.014650198346168,-0.0,34.817881543350545,-0.0,-0.0,-0.0,-0.0,-0.0
2040-12-22 17:00:00,0.0,4.102777619541342,-0.0,35.750186250620295,-0.0,-0.0,-0.0,-0.0,-0.0
2040-12-22 18:00:00,0.0,4.249929348628696,-0.0,36.243858118404276,-0.0,-0.0,-0.0,-0.0,-0.0
2040-12-22 19:00:00,0.0,4.4431363925878316,-0.0,37.36560413875148,-0.0,-0.0,-0.0,-0.0,-0.0
2040-12-22 20:00:00,0.0,4.509255615695092,-0.0,38.37550600488757,-0.0,-0.0,-6.07168470590347e-14,-0.0,-0.0
2040-12-22 21:00:00,0.0,4.747757932483132,-0.0,39.04438598264643,-0.0,-0.0,-0.0,-0.0,-0.0
2040-12-22 22:00:00,0.0,4.744182656075633,-0.0,39.94576325991099,-0.0,-0.0,-0.0,-0.0,-0.0
2040-12-22 23:00:00,0.0,4.807454600052298,-0.0,41.22343390163267,-0.0,-0.0,-0.0,-0.0,-0.0
2040-12-23 00:00:00,0.0,4.770854431962476,-0.0,41.52123478436754,-0.0,-0.0,-0.0,-0.0,-0.0
2040-12-23 01:00:00,0.0,4.874504880853404,-0.0,41.9029727396081,-0.0,-0.0,-0.0,-0.0,-0.0
2040-12-23 02:00:00,0.0,4.727237360356368,-0.0,41.87906855497182,-0.0,-0.0,-0.0,-0.0,-0.0
2040-12-23 03:00:00,0.0,4.69418169185683,-0.0,41.34387580321378,-0.0,-0.0,-0.0,-0.0,-0.0
2040-12-23 04:00:00,0.0,4.785098448127031,-0.0,41.26673242056516,-0.0,-0.0,-0.0,-0.0,-0.0
2040-12-23 05:00:00,0.0,4.590145419635548,-0.0,38.92040693680886,-0.0,-0.0,-0.0,-0.0,-0.0
2040-12-23 06:00:00,0.0,4.4297925928786634,-0.0,36.543134336385634,-0.0,-0.0,-0.0,-0.0,-0.0
2040-12-23 07:00:00,0.0,4.354469656693152,-0.0,38.48608946069909,-0.0,-0.0,-0.0,-0.0,-0.0
2040-12-23 08:00:00,0.0,4.382704197088119,-0.0,36.11809210747334,-0.0,-0.0,-0.0,-0.0,-0.0
2040-12-23 09:00:00,0.0,4.200723010133949,-0.0,35.37672987548528,-0.0,-0.0,-0.0,-0.0,-0.0
2040-12-23 10:00:00,0.0,4.130724275181273,-0.0,34.648324758032345,-0.0,-0.0,-0.0,-0.0,-0.0
2040-12-23 11:00:00,0.0,4.028197800915541,-0.0,33.834423997803846,-0.0,-0.0,-0.0,-0.0,-0.0
2040-12-23 12:00:00,0.0,3.9686104466545413,-0.0,33.54139148400152,-0.0,-0.0,-0.0,-0.0,-0.0
2040-12-23 13:00:00,0.0,3.98978595871113,-0.0,33.35108519823308,-0.0,-0.0,-0.0,-0.0,-0.0
2040-12-23 14:00:00,0.0,4.0627717339982645,-0.0,34.14979325681563,-0.0,-0.0,-0.0,-0.0,-0.0
2040-12-23 15:00:00,0.0,4.041693318383518,-0.0,33.779555188307086,-0.0,-0.0,-0.0,-0.0,-0.0
2040-12-23 16:00:00,0.0,4.152303859900648,-0.0,34.82601787574332,-0.0,-0.0,-0.0,-0.0,-0.0
2040-12-23 17:00:00,0.0,4.234143621018432,-0.0,35.558066439980415,-0.0,-0.0,-0.0,-0.0,-0.0
2040-12-23 18:00:00,0.0,4.280637479029397,-0.0,36.60904205033048,-0.0,-0.0,-0.0,-0.0,-0.0
2040-12-23 19:00:00,0.0,4.471610676288106,-0.0,38.85494759898103,-0.0,-0.0,-0.0,-0.0,-0.0
2040-12-23 20:00:00,0.0,4.557710415264282,-0.0,38.15135290902122,-0.0,-0.0,-0.0,-0.0,-0.0
2040-12-23 21:00:00,0.0,4.492327118366316,-0.0,39.451696661577024,-0.0,-0.0,-0.0,-0.0,-0.0
2040-12-23 22:00:00,0.0,4.803000785657712,-0.0,39.29235514365678,-0.0,-0.0,-0.0,-0.0,-0.0
2040-12-23 23:00:00,0.0,4.854405986496838,-0.0,42.4071360101539,-0.0,-0.0,-0.0,-0.0,-0.0
2040-12-24 00:00:00,0.0,5.043596889887486,-0.0,45.034082771599266,-0.0,-0.0,-0.0,-0.0,-0.0
2040-12-24 01:00:00,0.0,5.007285001064677,-0.0,44.99940965446865,-0.0,-0.0,-0.0,-0.0,-0.0
2040-12-24 02:00:00,0.0,5.03998117606266,-0.0,44.341042316889094,-0.0,-0.0,-0.0,-0.0,-0.0
2040-12-24 03:00:00,0.0,4.996573050945792,-0.0,43.867114956342085,-0.0,-0.0,-0.0,-0.0,-0.0
2040-12-24 04:00:00,0.0,4.874120114834541,-0.0,43.786978036841866,-0.0,-0.0,-0.0,-0.0,-0.0
2040-12-24 05:00:00,0.0,4.8462040511009645,-0.0,42.092126804757626,-0.0,-0.0,-0.0,-0.0,-0.0
2040-12-24 06:00:00,0.0,4.760289225402462,-0.0,39.9741302722237,-0.0,-0.0,-0.0,-0.0,-0.0
2040-12-24 07:00:00,0.0,4.603449534203616,-0.0,38.54551885357566,-0.0,-0.0,-0.0,-0.0,-0.0
2040-12-24 08:00:00,0.0,4.494193131217044,-0.0,38.35309972060675,-0.0,-0.0,-0.0,-0.0,-0.0
2040-12-24 09:00:00,0.0,4.449819998879602,-0.0,36.51393411773161,-0.0,-0.0,-0.0,-0.0,-0.0
2040-12-24 10:00:00,0.0,4.318575938810719,-0.0,36.33446228990007,-0.0,-0.0,-0.0,-0.0,-0.0
2040-12-24 11:00:00,0.0,4.252418532664119,-0.0,36.323368097598426,-0.0,-0.0,-0.0,-0.0,-0.0
2040-12-24 12:00:00,0.0,4.158401909271388,-0.0,34.9672965599316,-0.0,-0.0,-0.0,-0.0,-0.0
2040-12-24 13:00:00,0.0,4.078235954452092,-0.0,35.479585584969975,-0.0,-0.0,-0.0,-0.0,-0.0
2040-12-24 14:00:00,0.0,4.023005989555609,-0.0,33.66639267434165,-0.0,-0.0,-0.0,-0.0,-0.0
2040-12-24 15:00:00,0.0,4.176826034823974,-0.0,34.930418660116665,-0.0,-0.0,-0.0,-0.0,-0.0
2040-12-24 16:00:00,0.0,4.207738634320584,-0.0,37.333875966605326,-0.0,-0.0,-0.0,-0.0,-0.0
2040-12-24 17:00:00,0.0,4.327788645048574,-0.0,37.670929752078315,-0.0,-0.0,-0.0,-0.0,-0.0
2040-12-24 18:00:00,0.0,4.537931841235793,-0.0,38.94279420186143,-0.0,-0.0,-0.0,-0.0,-0.0
2040-12-24 19:00:00,0.0,4.57940789488944,-0.0,39.01704888033817,-0.0,-0.0,-0.0,-0.0,-0.0
2040-12-24 20:00:00,0.0,4.757354559603787,-0.0,41.168776335366076,-0.0,-0.0,-0.0,-0.0,-0.0
2040-12-24 21:00:00,0.0,4.771397147352842,-0.0,43.13105865462218,-0.0,-0.0,-0.0,-0.0,-0.0
2040-12-24 22:00:00,0.0,4.920673208292514,-0.0,43.822375779660675,-0.0,-0.0,-0.0,-0.0,-0.0
2040-12-24 23:00:00,0.0,4.922717772471937,-0.0,44.161489962275574,-0.0,-0.0,-0.0,-0.0,-0.0
2040-12-25 00:00:00,0.0,4.995522639030887,-0.0,44.0519730087667,-0.0,-0.0,-0.0,-0.0,-0.0
2040-12-25 01:00:00,0.0,5.020609615735695,-0.0,43.111988665704146,-0.0,-0.0,-0.0,-0.0,-0.0
2040-12-25 02:00:00,0.0,4.951756080299586,-0.0,43.79441451835077,-0.0,-0.0,-0.0,-0.0,-0.0
2040-12-25 03:00:00,0.0,4.935882000324921,-0.0,43.418186943102675,-0.0,-0.0,-0.0,-0.0,-0.0
2040-12-25 04:00:00,0.0,4.817003528371104,-0.0,43.14833839473536,-0.0,-0.0,-0.0,-0.0,-0.0
2040-12-25 05:00:00,0.0,4.830966091103321,-0.0,41.84819615853652,-0.0,-0.0,-0.0,-0.0,-0.0
2040-12-25 06:00:00,0.0,4.763838139774154,-0.0,41.031774072563216,-0.0,-0.0,-0.0,-0.0,-0.0
2040-12-25 07:00:00,0.0,4.580468305154018,-0.0,39.394188120745845,-0.0,-0.0,-0.0,-0.0,-0.0
2040-12-25 08:00:00,0.0,4.4265275171928335,-0.0,37.94680938952519,-0.0,-0.0,-0.0,-0.0,-0.0
2040-12-25 09:00:00,0.0,4.371348454489918,-0.0,37.36180843119775,-0.0,-0.0,-0.0,-0.0,-0.0
2040-12-25 10:00:00,0.0,4.163366549776961,-0.0,35.33661783503508,-0.0,-0.0,-0.0,-0.0,-0.0
2040-12-25 11:00:00,0.0,4.1127656762638205,-0.0,34.46951048394777,-0.0,-0.0,-0.0,-0.0,-0.0
2040-12-25 12:00:00,0.0,4.106022710708407,-0.0,35.0790703135678,-0.0,-0.0,-0.0,-0.0,-0.0
2040-12-25 13:00:00,0.0,4.096136038240725,-0.0,35.667782628287455,-0.0,-0.0,-0.0,-0.0,-0.0
2040-12-25 14:00:00,0.0,4.1307805384101135,-0.0,34.4755875379127,-0.0,-0.0,-0.0,-0.0,-0.0
2040-12-25 15:00:00,0.0,4.225892432692712,-0.0,36.11786336969174,-0.0,-0.0,-0.0,-0.0,-0.0
2040-12-25 16:00:00,0.0,4.234777503705883,-0.0,37.59276419171495,-0.0,-0.0,-0.0,-0.0,-0.0
2040-12-25 17:00:00,0.0,4.300183483558616,-0.0,36.87931935116326,-0.0,-0.0,-0.0,-0.0,-0.0
2040-12-25 18:00:00,0.0,4.390917991904897,-0.0,37.337384491396286,-0.0,-0.0,-0.0,-0.0,-0.0
2040-12-25 19:00:00,0.0,4.573078908714716,-0.0,39.28343235014637,-0.0,-0.0,-0.0,-0.0,-0.0
2040-12-25 20:00:00,0.0,4.641787535049075,-0.0,41.167638535877146,-0.0,-0.0,-0.0,-0.0,-0.0
2040-12-25 21:00:00,0.0,4.82538618858839,-0.0,42.47188477346132,-0.0,-0.0,-0.0,-0.0,-0.0
2040-12-25 22:00:00,0.0,4.966645619616429,-0.0,43.213923182800976,-0.0,-0.0,-0.0,-0.0,-0.0
2040-12-25 23:00:00,0.0,5.068117797313712,-0.0,43.45001234789693,-0.0,-0.0,-0.0,-0.0,-0.0
2040-12-26 00:00:00,0.0,4.88809323822113,-0.0,44.4840670229674,-0.0,-0.0,-0.0,-0.0,-0.0
2040-12-26 01:00:00,0.0,5.0582130284114895,-0.0,43.848107988373826,-0.0,-0.0,-0.0,-0.0,-0.0
2040-12-26 02:00:00,0.0,4.959815531438976,-0.0,44.12983234998149,-0.0,-0.0,-0.0,-0.0,-0.0
2040-12-26 03:00:00,0.0,4.925675138006284,-0.0,43.82028859549999,-0.0,-0.0,-0.0,-0.0,-0.0
2040-12-26 04:00:00,0.0,4.82209582224154,-0.0,44.34129781684287,-0.0,-0.0,-0.0,-0.0,-0.0
2040-12-26 05:00:00,0.0,4.687610095382909,-0.0,41.800978122357215,-0.0,-0.0,-0.0,-0.0,-0.0
2040-12-26 06:00:00,0.0,4.695916638014411,-0.0,40.862311912297905,-0.0,-0.0,-0.0,-0.0,-0.0
2040-12-26 07:00:00,0.0,4.560821803470325,-0.0,39.95075552061015,-0.0,-0.0,-0.0,-0.0,-0.0
2040-12-26 08:00:00,0.0,4.41370717524776,-0.0,39.57480052612513,-0.0,-0.0,-0.0,-0.0,-0.0
2040-12-26 09:00:00,0.0,4.436879507242867,-0.0,36.8308490716737,-0.0,-0.0,-0.0,-0.0,-0.0
2040-12-26 10:00:00,0.0,4.238210371592873,-0.0,37.135859677077434,-0.0,-0.0,-0.0,-0.0,-0.0
2040-12-26 11:00:00,0.0,4.280774194363988,-0.0,35.303733982923085,-0.0,-0.0,-0.0,-0.0,-0.0
2040-12-26 12:00:00,0.0,4.101493161468006,-0.0,34.488126044116015,-0.0,-0.0,-0.0,-0.0,-0.0
2040-12-26 13:00:00,0.0,4.171963414635514,-0.0,34.875017569429495,-0.0,-0.0,-0.0,-0.0,-0.0
2040-12-26 14:00:00,0.0,4.128959099019087,-0.0,34.16216799279943,-0.0,-0.0,-0.0,-0.0,-0.0
2040-12-26 15:00:00,0.0,4.147597460651624,-0.0,34.91909676451267,-0.0,-0.0,-0.0,-0.0,-0.0
2040-12-26 16:00:00,0.0,4.210264158378194,-0.0,36.43054924190309,-0.0,-0.0,-0.0,-0.0,-0.0
2040-12-26 17:00:00,0.0,4.383072215981117,-0.0,37.43441753323771,-0.0,-0.0,-0.0,-0.0,-0.0
2040-12-26 18:00:00,0.0,4.475292985646695,-0.0,38.5380067344666,-0.0,-0.0,-0.0,-0.0,-0.0
2040-12-26 19:00:00,0.0,4.667525752647255,-0.0,40.84264315705927,-0.0,-0.0,-0.0,-0.0,-0.0
2040-12-26 20:00:00,0.0,4.778076392662936,-0.0,39.4908845523918,-0.0,-0.0,-0.0,-0.0,-0.0
2040-12-26 21:00:00,0.0,4.827029498603792,-0.0,42.0542089177941,-0.0,-0.0,-0.0,-0.0,-0.0
2040-12-26 22:00:00,0.0,4.784374472033961,-0.0,43.390558834284384,-0.0,-0.0,-0.0,-0.0,-0.0
2040-12-26 23:00:00,0.0,4.88137035721303,-0.0,44.2525509311004,-0.0,-0.0,-0.0,-0.0,-0.0
2040-12-27 00:00:00,0.0,4.960744984136878,-0.0,43.64070634676349,-0.0,-0.0,-0.0,-0.0,-0.0
2040-12-27 01:00:00,0.0,5.023521710550214,-0.0,44.80165005589423,-0.0,-0.0,-0.0,-0.0,-0.0
2040-12-27 02:00:00,0.0,5.043816776058921,-0.0,43.40725851221413,-0.0,-0.0,-0.0,-0.0,-0.0
2040-12-27 03:00:00,0.0,5.018936032320353,-0.0,43.59393214461621,-0.0,-0.0,-0.0,-0.0,-0.0
2040-12-27 04:00:00,0.0,4.899567362638055,-0.0,43.75913544677236,-0.0,-0.0,-0.0,-0.0,-0.0
2040-12-27 05:00:00,0.0,4.736063580748289,-0.0,41.811329535962685,-0.0,-0.0,-0.0,-0.0,-0.0
2040-12-27 06:00:00,0.0,4.574213143785854,-0.0,40.840868684319894,-0.0,-0.0,-0.0,-0.0,-0.0
2040-12-27 07:00:00,0.0,4.582095906736909,-0.0,40.60103117737164,-0.0,-0.0,-0.0,-0.0,-0.0
2040-12-27 08:00:00,0.0,4.534235162767401,-0.0,37.624131654667586,-0.0,-0.0,-0.0,-0.0,-0.0
2040-12-27 09:00:00,0.0,4.172983196906432,-0.0,37.211321220900466,-0.0,-0.0,-0.0,-0.0,-0.0
2040-12-27 10:00:00,0.0,4.180121733536678,-0.0,36.244283792138454,-0.0,-0.0,-0.0,-0.0,-0.0
2040-12-27 11:00:00,0.0,4.011589061095957,-0.0,35.21142938112822,-0.0,-0.0,-0.0,-0.0,-0.0
2040-12-27 12:00:00,0.0,4.005589139668529,-0.0,34.59160776235336,-0.0,-0.0,-0.0,-0.0,-0.0
2040-12-27 13:00:00,0.0,4.164405987199299,-0.0,34.935095748826626,-0.0,-0.0,-0.0,-0.0,-0.0
2040-12-27 14:00:00,0.0,4.205165433847785,-0.0,35.071215331592285,-0.0,-0.0,-0.0,-0.0,-0.0
2040-12-27 15:00:00,0.0,4.134922300529037,-0.0,36.050811043017,-0.0,-0.0,-0.0,-0.0,-0.0
2040-12-27 16:00:00,0.0,4.144309253296901,-0.0,36.011720897088374,-0.0,-0.0,-0.0,-0.0,-0.0
2040-12-27 17:00:00,0.0,4.352953653341559,-0.0,38.212590593197405,-0.0,-0.0,-0.0,-0.0,-0.0
2040-12-27 18:00:00,0.0,4.407303642475,-0.0,38.240325359644046,-0.0,-0.0,-0.0,-0.0,-0.0
2040-12-27 19:00:00,0.0,4.501780148350081,-0.0,40.10791972449698,-0.0,-0.0,-0.0,-0.0,-0.0
2040-12-27 20:00:00,0.0,4.600422328673612,-0.0,41.40810728775823,-0.0,-0.0,-0.0,-0.0,-0.0
2040-12-27 21:00:00,0.0,4.580948669465466,-0.0,41.563859255738656,-0.0,-0.0,-0.0,-0.0,-0.0
2040-12-27 22:00:00,0.0,4.780756669657265,-0.0,43.43762291952333,-0.0,-0.0,-0.0,-0.0,-0.0
2040-12-27 23:00:00,0.0,4.822297872379576,-0.0,42.64918016753204,-0.0,-0.0,-0.0,-0.0,-0.0
2040-12-28 00:00:00,0.0,4.890597306354159,-0.0,43.41717619267582,-0.0,-0.0,-0.0,-0.0,-0.0
2040-12-28 01:00:00,0.0,5.025063498282415,-0.0,44.048465772548646,-0.0,-0.0,-0.0,-0.0,-0.0
2040-12-28 02:00:00,0.0,4.93570353534913,-0.0,44.90869903854108,-0.0,-0.0,-0.0,-0.0,-0.0
2040-12-28 03:00:00,0.0,4.956099512325893,-0.0,43.45759042034633,-0.0,-0.0,-0.0,-0.0,-0.0
2040-12-28 04:00:00,0.0,4.914069585904971,-0.0,42.1176321807933,-0.0,-0.0,-0.0,-0.0,-0.0
2040-12-28 05:00:00,0.0,4.797877375442375,-0.0,42.33729105970381,-0.0,-0.0,-0.0,-0.0,-0.0
2040-12-28 06:00:00,0.0,4.704211368813524,-0.0,41.16863960086371,-0.0,-0.0,-0.0,-0.0,-0.0
2040-12-28 07:00:00,0.0,4.628002990176918,-0.0,39.34120012958973,-0.0,-0.0,-0.0,-0.0,-0.0
2040-12-28 08:00:00,0.0,4.477746373543222,-0.0,38.406784434884884,-0.0,-0.0,-0.0,-0.0,-0.0
2040-12-28 09:00:00,0.0,4.289080124524269,-0.0,36.86007499076513,-0.0,-0.0,-0.0,-0.0,-0.0
2040-12-28 10:00:00,0.0,4.218001417205081,-0.0,37.06041079569412,-0.0,-0.0,-0.0,-0.0,-0.0
2040-12-28 11:00:00,0.0,4.134616306439363,-0.0,35.69684109917183,-0.0,-0.0,-0.0,-0.0,-0.0
2040-12-28 12:00:00,0.0,4.047461164882196,-0.0,35.16832865447295,-0.0,-0.0,-0.0,-0.0,-0.0
2040-12-28 13:00:00,0.0,3.9360133397786945,-0.0,34.316625574375074,-0.0,-0.0,-0.0,-0.0,-0.0
2040-12-28 14:00:00,0.0,4.067146419338414,-0.0,35.7356293516535,-0.0,-0.0,-0.0,-0.0,-0.0
2040-12-28 15:00:00,0.0,4.188465084951168,-0.0,35.40749009038981,-0.0,-0.0,-0.0,-0.0,-0.0
2040-12-28 16:00:00,0.0,4.198982648065642,-0.0,34.90341226148672,-0.0,-0.0,-0.0,-0.0,-0.0
2040-12-28 17:00:00,0.0,4.385871823540168,-0.0,38.44319062682467,-0.0,-0.0,-0.0,-0.0,-0.0
2040-12-28 18:00:00,0.0,4.366046412585707,-0.0,38.985659928278764,-0.0,-0.0,-0.0,-0.0,-0.0
2040-12-28 19:00:00,0.0,4.5899164752549355,-0.0,39.63667553833819,-0.0,-0.0,-0.0,-0.0,-0.0
2040-12-28 20:00:00,0.0,4.591114440231127,-0.0,38.632311701384666,-0.0,-0.0,-0.0,-0.0,-0.0
2040-12-28 21:00:00,0.0,4.809969603280748,-0.0,42.77862191296253,-0.0,-0.0,-0.0,-0.0,-0.0
2040-12-28 22:00:00,0.0,4.804636119106984,-0.0,42.00256581391709,-0.0,-0.0,-0.0,-0.0,-0.0
2040-12-28 23:00:00,0.0,4.904753996380667,-0.0,41.955659937891795,-0.0,-0.0,-0.0,-0.0,-0.0
2040-12-29 00:00:00,0.0,4.902411022533496,-0.0,39.29045183886595,-0.0,-0.0,-0.0,-0.0,-0.0
2040-12-29 01:00:00,0.0,4.8642505491265755,-0.0,42.947527235869245,-0.0,-0.0,-0.0,-0.0,-0.0
2040-12-29 02:00:00,0.0,4.738150179543864,-0.0,42.10159184218093,-0.0,-0.0,-0.0,-0.0,-0.0
2040-12-29 03:00:00,0.0,4.564839652875769,-0.0,41.90312832581966,-0.0,-0.0,-0.0,-0.0,-0.0
2040-12-29 04:00:00,0.0,4.573044379279062,-0.0,39.80218603544784,-0.0,-0.0,-0.0,-0.0,-0.0
2040-12-29 05:00:00,0.0,4.506454492197299,-0.0,40.57142390364868,-0.0,-0.0,-0.0,-0.0,-0.0
2040-12-29 06:00:00,0.0,4.49940639895202,-0.0,39.09278819162947,-0.0,-0.0,-0.0,-0.0,-0.0
2040-12-29 07:00:00,0.0,4.279670571670149,-0.0,37.067950468766,-0.0,-0.0,-0.0,-0.0,-0.0
2040-12-29 08:00:00,0.0,4.245785514403774,-0.0,35.42398549439701,-0.0,-0.0,-0.0,-0.0,-0.0
2040-12-29 09:00:00,0.0,4.1750797587915605,-0.0,35.85305812348409,-0.0,-0.0,-0.0,-0.0,-0.0
2040-12-29 10:00:00,0.0,4.071147405342679,-0.0,34.498265356621616,-0.0,-0.0,-0.0,-0.0,-0.0
2040-12-29 11:00:00,0.0,4.005205782091859,-0.0,33.84473251814444,-0.0,-0.0,-0.0,-0.0,-0.0
2040-12-29 12:00:00,0.0,3.958233842896698,-0.0,32.80613465824858,-0.0,-0.0,-0.0,-0.0,-0.0
2040-12-29 13:00:00,0.0,3.7845878727575424,-0.0,32.69988269360728,-0.0,-0.0,-0.0,-0.0,-0.0
2040-12-29 14:00:00,0.0,3.8356015259626823,-0.0,32.89954339657148,-0.0,-0.0,-0.0,-0.0,-0.0
2040-12-29 15:00:00,0.0,3.9086623907016826,-0.0,33.2238724296014,-0.0,-0.0,-0.0,-0.0,-0.0
2040-12-29 16:00:00,0.0,4.026440043662793,-0.0,34.63538408430323,-0.0,-0.0,-0.0,-0.0,-0.0
2040-12-29 17:00:00,0.0,4.204483794624323,-0.0,35.581576576879314,-0.0,-0.0,-0.0,-0.0,-0.0
2040-12-29 18:00:00,0.0,4.310194405116291,-0.0,34.789490754145355,-0.0,-0.0,-0.0,-0.0,-0.0
2040-12-29 19:00:00,0.0,4.467366132818137,-0.0,37.37081984454481,-0.0,-0.0,-0.0,-0.0,-0.0
2040-12-29 20:00:00,0.0,4.429424685292362,-0.0,38.44468820856211,-0.0,-0.0,-0.0,-0.0,-0.0
2040-12-29 21:00:00,0.0,4.526071380834828,-0.0,39.65624668422818,-0.0,-0.0,-0.0,-0.0,-0.0
2040-12-29 22:00:00,0.0,4.595104548275468,-0.0,40.97153560009116,-0.0,-0.0,-0.0,-0.0,-0.0
2040-12-29 23:00:00,0.0,4.7150187653171205,-0.0,41.17400838204549,-0.0,-0.0,-0.0,-0.0,-0.0
2040-12-30 00:00:00,0.0,4.659099684811172,-0.0,41.03821100654859,-0.0,-0.0,-0.0,-0.0,-0.0
2040-12-30 01:00:00,0.0,4.771942582906013,-0.0,41.703160461651564,-0.0,-0.0,-0.0,-0.0,-0.0
2040-12-30 02:00:00,0.0,4.848744203011926,-0.0,41.040296148872,-0.0,-0.0,5.39845674540785e-14,-0.0,-0.0
2040-12-30 03:00:00,0.0,4.717837958249458,-0.0,40.50235055989684,-0.0,-0.0,-0.0,-0.0,-0.0
2040-12-30 04:00:00,0.0,4.70276011748184,-0.0,39.860523113098836,-0.0,-0.0,-0.0,-0.0,-0.0
2040-12-30 05:00:00,0.0,4.458228235642331,-0.0,38.48922403944306,-0.0,-0.0,-0.0,-0.0,-0.0
2040-12-30 06:00:00,0.0,4.31947380016399,-0.0,39.54844866371274,-0.0,-0.0,-0.0,-0.0,-0.0
2040-12-30 07:00:00,0.0,4.2825492576016115,-0.0,38.46879048675639,-0.0,-0.0,-5.454713524036654e-14,-0.0,-0.0
2040-12-30 08:00:00,0.0,4.089839105610108,-0.0,37.17908134381727,-0.0,-0.0,-0.0,-0.0,-0.0
2040-12-30 09:00:00,0.0,4.05717035767788,-0.0,36.20495336544967,-0.0,-0.0,-0.0,-0.0,-0.0
2040-12-30 10:00:00,0.0,4.0274562541021135,-0.0,34.01878284147803,-0.0,-0.0,-0.0,-0.0,-0.0
2040-12-30 11:00:00,0.0,3.9996467613941005,-0.0,32.50609785559947,-0.0,-0.0,-0.0,-0.0,-0.0
2040-12-30 12:00:00,0.0,3.9061867314001035,-0.0,32.48535579095949,-0.0,-0.0,-0.0,-0.0,-0.0
2040-12-30 13:00:00,0.0,3.8696601859902313,-0.0,31.870505933282463,-0.0,-0.0,-0.0,-0.0,-0.0
2040-12-30 14:00:00,0.0,3.7793718802388674,-0.0,33.367975834939784,-0.0,-0.0,-0.0,-0.0,-0.0
2040-12-30 15:00:00,0.0,3.9842492571697554,-0.0,33.603960241057166,-0.0,-0.0,-0.0,-0.0,-0.0
2040-12-30 16:00:00,0.0,4.086611683659188,-0.0,34.5986258768252,-0.0,-0.0,-0.0,-0.0,-0.0
2040-12-30 17:00:00,0.0,4.037990790932371,-0.0,34.865362318680894,-0.0,-0.0,-0.0,-0.0,-0.0
2040-12-30 18:00:00,0.0,4.1651277757713,-0.0,35.095683206434344,-0.0,-0.0,-0.0,-0.0,-0.0
2040-12-30 19:00:00,0.0,4.342353608162042,-0.0,36.59462735877284,-0.0,-0.0,-0.0,-0.0,-0.0
2040-12-30 20:00:00,0.0,4.396471462244132,-0.0,38.019419800497325,-0.0,-0.0,-0.0,-0.0,-0.0
2040-12-30 21:00:00,0.0,4.5934424997336505,-0.0,39.80024241471923,-0.0,-0.0,-0.0,-0.0,-0.0
2040-12-30 22:00:00,0.0,4.654491269072147,-0.0,39.60360822689021,-0.0,-0.0,-0.0,-0.0,-0.0
2040-12-30 23:00:00,0.0,4.642686296119176,-0.0,40.591072258194615,-0.0,-0.0,-0.0,-0.0,-0.0
2040-12-31 00:00:00,0.0,4.899381239260825,-0.0,45.44281663284473,-0.0,-0.0,-0.0,-0.0,-0.0
2040-12-31 01:00:00,0.0,4.946695446036055,-0.0,45.60955916289926,-0.0,-0.0,-0.0,-0.0,-0.0
2040-12-31 02:00:00,0.0,5.055564582530199,-0.0,44.36538571219282,-0.0,-0.0,-0.0,-0.0,-0.0
2040-12-31 03:00:00,0.0,4.818285380151383,-0.0,44.659438337084886,-0.0,-0.0,-0.0,-0.0,-0.0
2040-12-31 04:00:00,0.0,4.816533450964422,-0.0,42.39774717511687,-0.0,-0.0,-0.0,-0.0,-0.0
2040-12-31 05:00:00,0.0,4.756343938506626,-0.0,39.60122111928246,-0.0,-0.0,-0.0,-0.0,-0.0
2040-12-31 06:00:00,0.0,4.488927725394409,-0.0,41.45942627170513,-0.0,-0.0,-0.0,-0.0,-0.0
2040-12-31 07:00:00,0.0,4.500636387335714,-0.0,39.498618898808644,-0.0,-0.0,-0.0,-0.0,-0.0
2040-12-31 08:00:00,0.0,4.423665392419581,-0.0,38.72624525342145,-0.0,-0.0,-0.0,-0.0,-0.0
2040-12-31 09:00:00,0.0,4.1625818907744,-0.0,36.67182045756422,-0.0,-0.0,-0.0,-0.0,-0.0
2040-12-31 10:00:00,0.0,4.163928903396327,-0.0,36.18808939326948,-0.0,-0.0,-0.0,-0.0,-0.0
2040-12-31 11:00:00,0.0,4.117144562291595,-0.0,35.474456892513494,-0.0,-0.0,-0.0,-0.0,-0.0
2040-12-31 12:00:00,0.0,3.8671240645033698,-0.0,34.15925411114714,-0.0,-0.0,-0.0,-0.0,-0.0
2040-12-31 13:00:00,0.0,4.0938640344549535,-0.0,34.2992591420793,-0.0,-0.0,-0.0,-0.0,-0.0
2040-12-31 14:00:00,0.0,4.1371311008451235,-0.0,34.2675700598471,-0.0,-0.0,-0.0,-0.0,-0.0
2040-12-31 15:00:00,0.0,4.120331066629224,-0.0,35.70086129680866,-0.0,-0.0,-0.0,-0.0,-0.0
2040-12-31 16:00:00,0.0,4.219770226138699,-0.0,35.15636167083105,-0.0,-0.0,-0.0,-0.0,-0.0
2040-12-31 17:00:00,0.0,4.29499410683715,-0.0,38.04508486516503,-0.0,-0.0,-0.0,-0.0,-0.0
2040-12-31 18:00:00,0.0,4.360704737751767,-0.0,38.865786355618894,-0.0,-0.0,-0.0,-0.0,-0.0
2040-12-31 19:00:00,0.0,4.313422947309329,-0.0,38.19050077207324,-0.0,-0.0,-0.0,-0.0,-0.0
2040-12-31 20:00:00,0.0,4.618338352887778,-0.0,40.34841308224186,-0.0,-0.0,-0.0,-0.0,-0.0
2040-12-31 21:00:00,0.0,4.655307168670478,-0.0,41.47218338740939,-0.0,-0.0,-0.0,-0.0,-0.0
2040-12-31 22:00:00,0.0,4.908701295910948,-0.0,43.86061445406172,-0.0,-0.0,-0.0,-0.0,-0.0
2040-12-31 23:00:00,0.0,4.772929770386047,-0.0,43.305073936699124,-0.0,-0.0,-0.0,-0.0,-0.0
