snapshot,link_punta_arenas_1_to_punta_arenas_2,link_punta_arenas_2_to_punta_arenas_1,h2_electrolyzer_punta_arenas_2,h2_fuel_cell_punta_arenas_2,h2_turbine_punta_arenas_2,uhs_injection_punta_arenas_2,uhs_withdrawal_punta_arenas_2
2025-01-01 00:00:00,0.0,21.43696875,0.0,0.0,0.0,0.0,0.0
2025-01-01 01:00:00,0.0,27.861515625,0.0,0.0,0.0,0.0,0.0
2025-01-01 02:00:00,0.0,26.104046875,0.0,0.0,0.0,0.0,0.0
2025-01-01 03:00:00,0.0,23.83128125,0.0,0.0,0.0,0.0,0.0
2025-01-01 04:00:00,0.0,21.9120625,0.0,0.0,0.0,0.0,0.0
2025-01-01 05:00:00,0.0,20.408828125,0.0,0.0,0.0,0.0,0.0
2025-01-01 06:00:00,0.0,18.348296875,0.0,0.0,0.0,0.0,0.0
2025-01-01 07:00:00,0.0,18.565390625,0.0,0.0,0.0,0.0,0.0
2025-01-01 08:00:00,0.0,18.607,0.0,0.0,0.0,0.0,0.0
2025-01-01 09:00:00,0.0,19.0760625,0.0,0.0,0.0,0.0,0.0
2025-01-01 10:00:00,0.0,20.253140625,0.0,0.0,0.0,0.0,0.0
2025-01-01 11:00:00,0.0,21.789375,0.0,0.0,0.0,0.0,0.0
2025-01-01 12:00:00,0.0,23.116953125,0.0,0.0,0.0,0.0,0.0
2025-01-01 13:00:00,0.0,23.374671875,0.0,0.0,0.0,0.0,0.0
2025-01-01 14:00:00,0.0,23.621875,0.0,0.0,0.0,0.0,0.0
2025-01-01 15:00:00,0.0,23.864171875,0.0,0.0,0.0,0.0,0.0
2025-01-01 16:00:00,0.0,23.296296875,0.0,0.0,0.0,0.0,0.0
2025-01-01 17:00:00,0.0,22.399921875,0.0,0.0,0.0,0.0,0.0
2025-01-01 18:00:00,0.0,22.42853125,0.0,0.0,0.0,0.0,0.0
2025-01-01 19:00:00,0.0,23.135875,0.0,0.0,0.0,0.0,0.0
2025-01-01 20:00:00,0.0,23.65721875,0.0,0.0,0.0,0.0,0.0
2025-01-01 21:00:00,0.0,25.131125,0.0,0.0,0.0,0.0,0.0
2025-01-01 22:00:00,0.0,28.0764375,0.0,0.0,0.0,0.0,0.0
2025-01-01 23:00:00,0.0,31.24388610839844,0.0,0.0,0.0,0.0,0.0
2025-01-02 00:00:00,0.0,29.08146228027344,0.0,0.0,0.0,0.0,0.0
2025-01-02 01:00:00,0.0,25.927666748046867,0.0,0.0,0.0,0.0,0.0
2025-01-02 02:00:00,0.0,23.56259619140625,0.0,0.0,0.0,0.0,0.0
2025-01-02 03:00:00,0.0,22.0883896484375,0.0,0.0,0.0,0.0,0.0
2025-01-02 04:00:00,0.0,20.5373603515625,0.0,0.0,0.0,0.0,0.0
2025-01-02 05:00:00,0.0,19.51739453125,0.0,0.0,0.0,0.0,0.0
2025-01-02 06:00:00,0.0,19.118904296875,0.0,0.0,0.0,0.0,0.0
2025-01-02 07:00:00,0.0,21.1115830078125,0.0,0.0,0.0,0.0,0.0
2025-01-02 08:00:00,0.0,25.3162646484375,0.0,0.0,0.0,0.0,0.0
2025-01-02 09:00:00,0.0,29.0630341796875,0.0,0.0,0.0,0.0,0.0
2025-01-02 10:00:00,0.0,31.7990732421875,0.0,0.0,0.0,0.0,0.0
2025-01-02 11:00:00,0.0,33.90319140625,0.0,0.0,0.0,0.0,0.0
2025-01-02 12:00:00,0.0,34.1589609375,0.0,0.0,0.0,0.0,0.0
2025-01-02 13:00:00,0.0,35.1561875,0.0,0.0,0.0,0.0,0.0
2025-01-02 14:00:00,0.0,34.485107421875,0.0,0.0,0.0,0.0,0.0
2025-01-02 15:00:00,0.0,34.662953125,0.0,0.0,0.0,0.0,0.0
2025-01-02 16:00:00,0.0,34.346779296875,0.0,0.0,0.0,0.0,0.0
2025-01-02 17:00:00,0.0,33.235017578125,0.0,0.0,0.0,0.0,0.0
2025-01-02 18:00:00,0.0,32.26444140625,0.0,0.0,0.0,0.0,0.0
2025-01-02 19:00:00,0.0,32.211703125,0.0,0.0,0.0,0.0,0.0
2025-01-02 20:00:00,0.0,31.7709296875,0.0,0.0,0.0,0.0,0.0
2025-01-02 21:00:00,0.0,31.2496171875,0.0,0.0,0.0,0.0,0.0
2025-01-02 22:00:00,0.0,32.3666328125,0.0,0.0,0.0,0.0,0.0
2025-01-02 23:00:00,0.0,32.57700390625,0.0,0.0,0.0,0.0,0.0
2025-01-03 00:00:00,0.0,29.31769921875,0.0,0.0,0.0,0.0,0.0
2025-01-03 01:00:00,0.0,26.215890625,0.0,0.0,0.0,0.0,0.0
2025-01-03 02:00:00,0.0,24.04918359375,0.0,0.0,0.0,0.0,0.0
2025-01-03 03:00:00,0.0,23.004765625,0.0,0.0,0.0,0.0,0.0
2025-01-03 04:00:00,0.0,22.1942421875,0.0,0.0,0.0,0.0,0.0
2025-01-03 05:00:00,0.0,20.56401171875,0.0,0.0,0.0,0.0,0.0
2025-01-03 06:00:00,0.0,19.49637109375,0.0,0.0,0.0,0.0,0.0
2025-01-03 07:00:00,0.0,22.63359375,0.0,0.0,0.0,0.0,0.0
2025-01-03 08:00:00,0.0,27.00433984375,0.0,0.0,0.0,0.0,0.0
2025-01-03 09:00:00,0.0,30.85897265625,0.0,0.0,0.0,0.0,0.0
2025-01-03 10:00:00,0.0,32.8131328125,0.0,0.0,0.0,0.0,0.0
2025-01-03 11:00:00,0.0,35.7642734375,0.0,0.0,0.0,0.0,0.0
2025-01-03 12:00:00,0.0,37.8941875,0.0,0.0,0.0,0.0,0.0
2025-01-03 13:00:00,0.0,38.842734375,0.0,0.0,0.0,0.0,0.0
2025-01-03 14:00:00,0.0,38.7358046875,0.0,0.0,0.0,0.0,0.0
2025-01-03 15:00:00,0.0,38.4755390625,0.0,0.0,0.0,0.0,0.0
2025-01-03 16:00:00,0.0,37.7718515625,0.0,0.0,0.0,0.0,0.0
2025-01-03 17:00:00,0.0,36.2892734375,0.0,0.0,0.0,0.0,0.0
2025-01-03 18:00:00,0.0,35.979546875,0.0,0.0,0.0,0.0,0.0
2025-01-03 19:00:00,0.0,34.214546875,0.0,0.0,0.0,0.0,0.0
2025-01-03 20:00:00,0.0,32.7633203125,0.0,0.0,0.0,0.0,0.0
2025-01-03 21:00:00,0.0,31.9139453125,0.0,0.0,0.0,0.0,0.0
2025-01-03 22:00:00,0.0,32.3503125,0.0,0.0,0.0,0.0,0.0
2025-01-03 23:00:00,0.0,33.35065625,0.0,0.0,0.0,0.0,0.0
2025-01-04 00:00:00,0.0,29.835390625,0.0,0.0,0.0,0.0,0.0
2025-01-04 01:00:00,0.0,26.9745390625,0.0,0.0,0.0,0.0,0.0
2025-01-04 02:00:00,0.0,24.5770234375,0.0,0.0,0.0,0.0,0.0
2025-01-04 03:00:00,0.0,24.101734375,0.0,0.0,0.0,0.0,0.0
2025-01-04 04:00:00,0.0,22.483046875,0.0,0.0,0.0,0.0,0.0
2025-01-04 05:00:00,0.0,20.70621875,0.0,0.0,0.0,0.0,0.0
2025-01-04 06:00:00,0.0,20.5391796875,0.0,0.0,0.0,0.0,0.0
2025-01-04 07:00:00,0.0,23.0828203125,0.0,0.0,0.0,0.0,0.0
2025-01-04 08:00:00,0.0,27.3574609375,0.0,0.0,0.0,0.0,0.0
2025-01-04 09:00:00,0.0,31.515859375,0.0,0.0,0.0,0.0,0.0
2025-01-04 10:00:00,0.0,35.610515625,0.0,0.0,0.0,0.0,0.0
2025-01-04 11:00:00,0.0,37.5535625,0.0,0.0,0.0,0.0,0.0
2025-01-04 12:00:00,0.0,38.1504609375,0.0,0.0,0.0,0.0,0.0
2025-01-04 13:00:00,0.0,39.328671875,0.0,0.0,0.0,0.0,0.0
2025-01-04 14:00:00,0.0,38.0742421875,0.0,0.0,0.0,0.0,0.0
2025-01-04 15:00:00,0.0,38.526453125,0.0,0.0,0.0,0.0,0.0
2025-01-04 16:00:00,0.0,38.3721640625,0.0,0.0,0.0,0.0,0.0
2025-01-04 17:00:00,0.0,37.7608125,0.0,0.0,0.0,0.0,0.0
2025-01-04 18:00:00,0.0,36.933234375,0.0,0.0,0.0,0.0,0.0
2025-01-04 19:00:00,0.0,37.34949621582031,0.0,0.0,0.0,0.0,0.0
2025-01-04 20:00:00,0.0,36.32831726074219,0.0,0.0,0.0,0.0,0.0
2025-01-04 21:00:00,0.0,34.17271875,0.0,0.0,0.0,0.0,0.0
2025-01-04 22:00:00,0.0,35.107873046875,0.0,0.0,0.0,0.0,0.0
2025-01-04 23:00:00,0.0,34.80843359375,0.0,0.0,0.0,0.0,0.0
2025-01-05 00:00:00,0.0,30.7033828125,0.0,0.0,0.0,0.0,0.0
2025-01-05 01:00:00,0.0,26.93468359375,0.0,0.0,0.0,0.0,0.0
2025-01-05 02:00:00,0.0,24.3770400390625,0.0,0.0,0.0,0.0,0.0
2025-01-05 03:00:00,0.0,23.047447265625,0.0,0.0,0.0,0.0,0.0
2025-01-05 04:00:00,0.0,22.409271484375,0.0,0.0,0.0,0.0,0.0
2025-01-05 05:00:00,0.0,21.78286328125,0.0,0.0,0.0,0.0,0.0
2025-01-05 06:00:00,0.0,20.77948828125,0.0,0.0,0.0,0.0,0.0
2025-01-05 07:00:00,0.0,23.849287109375,0.0,0.0,0.0,0.0,0.0
2025-01-05 08:00:00,0.0,27.78101953125,0.0,0.0,0.0,0.0,0.0
2025-01-05 09:00:00,0.0,31.99907421875,0.0,0.0,0.0,0.0,0.0
2025-01-05 10:00:00,0.0,34.201267578125,0.0,0.0,0.0,0.0,0.0
2025-01-05 11:00:00,0.0,34.8877890625,0.0,0.0,0.0,0.0,0.0
2025-01-05 12:00:00,0.0,35.34533984375,0.0,0.0,0.0,0.0,0.0
2025-01-05 13:00:00,0.0,35.7558671875,0.0,0.0,0.0,0.0,0.0
2025-01-05 14:00:00,0.0,35.37130859375,0.0,0.0,0.0,0.0,0.0
2025-01-05 15:00:00,0.0,34.97296484375,0.0,0.0,0.0,0.0,0.0
2025-01-05 16:00:00,0.0,34.7309375,0.0,0.0,0.0,0.0,0.0
2025-01-05 17:00:00,0.0,33.889390625,0.0,0.0,0.0,0.0,0.0
2025-01-05 18:00:00,0.0,32.5661875,0.0,0.0,0.0,0.0,0.0
2025-01-05 19:00:00,0.0,31.93377734375,0.0,0.0,0.0,0.0,0.0
2025-01-05 20:00:00,0.0,31.7105,0.0,0.0,0.0,0.0,0.0
2025-01-05 21:00:00,0.0,31.28124609375,0.0,0.0,0.0,0.0,0.0
2025-01-05 22:00:00,0.0,31.35264453125,0.0,0.0,0.0,0.0,0.0
2025-01-05 23:00:00,0.0,32.4170546875,0.0,0.0,0.0,0.0,0.0
2025-01-06 00:00:00,0.0,30.0279921875,0.0,0.0,0.0,0.0,0.0
2025-01-06 01:00:00,0.0,27.0476328125,0.0,0.0,0.0,0.0,0.0
2025-01-06 02:00:00,0.0,24.3976640625,0.0,0.0,0.0,0.0,0.0
2025-01-06 03:00:00,0.0,23.19984375,0.0,0.0,0.0,0.0,0.0
2025-01-06 04:00:00,0.0,22.74196875,0.0,0.0,0.0,0.0,0.0
2025-01-06 05:00:00,0.0,21.026203125,0.0,0.0,0.0,0.0,0.0
2025-01-06 06:00:00,0.0,18.9022890625,0.0,0.0,0.0,0.0,0.0
2025-01-06 07:00:00,0.0,19.8682265625,0.0,0.0,0.0,0.0,0.0
2025-01-06 08:00:00,0.0,22.0565625,0.0,0.0,0.0,0.0,0.0
2025-01-06 09:00:00,0.0,24.711328125,0.0,0.0,0.0,0.0,0.0
2025-01-06 10:00:00,0.0,27.6733359375,0.0,0.0,0.0,0.0,0.0
2025-01-06 11:00:00,0.0,29.8109921875,0.0,0.0,0.0,0.0,0.0
2025-01-06 12:00:00,0.0,30.3754765625,0.0,0.0,0.0,0.0,0.0
2025-01-06 13:00:00,0.0,31.233640625,0.0,0.0,0.0,0.0,0.0
2025-01-06 14:00:00,0.0,32.42128125,0.0,0.0,0.0,0.0,0.0
2025-01-06 15:00:00,0.0,32.1576015625,0.0,0.0,0.0,0.0,0.0
2025-01-06 16:00:00,0.0,31.6013515625,0.0,0.0,0.0,0.0,0.0
2025-01-06 17:00:00,0.0,30.8498125,0.0,0.0,0.0,0.0,0.0
2025-01-06 18:00:00,0.0,30.89171875,0.0,0.0,0.0,0.0,0.0
2025-01-06 19:00:00,0.0,31.322796875,0.0,0.0,0.0,0.0,0.0
2025-01-06 20:00:00,0.0,31.053859375,0.0,0.0,0.0,0.0,0.0
2025-01-06 21:00:00,0.0,30.5651328125,0.0,0.0,0.0,0.0,0.0
2025-01-06 22:00:00,0.0,31.4314296875,0.0,0.0,0.0,0.0,0.0
2025-01-06 23:00:00,0.0,32.494109375,0.0,0.0,0.0,0.0,0.0
2025-01-07 00:00:00,0.0,29.71896875,0.0,0.0,0.0,0.0,0.0
2025-01-07 01:00:00,0.0,26.3578671875,0.0,0.0,0.0,0.0,0.0
2025-01-07 02:00:00,0.0,24.21365625,0.0,0.0,0.0,0.0,0.0
2025-01-07 03:00:00,0.0,22.0385625,0.0,0.0,0.0,0.0,0.0
2025-01-07 04:00:00,0.0,21.073625,0.0,0.0,0.0,0.0,0.0
2025-01-07 05:00:00,0.0,19.718328125,0.0,0.0,0.0,0.0,0.0
2025-01-07 06:00:00,0.0,18.0874375,0.0,0.0,0.0,0.0,0.0
2025-01-07 07:00:00,0.0,18.14021875,0.0,0.0,0.0,0.0,0.0
2025-01-07 08:00:00,0.0,18.864953125,0.0,0.0,0.0,0.0,0.0
2025-01-07 09:00:00,0.0,21.2049375,0.0,0.0,0.0,0.0,0.0
2025-01-07 10:00:00,0.0,23.32153125,0.0,0.0,0.0,0.0,0.0
2025-01-07 11:00:00,0.0,25.500890625,0.0,0.0,0.0,0.0,0.0
2025-01-07 12:00:00,0.0,26.95065625,0.0,0.0,0.0,0.0,0.0
2025-01-07 13:00:00,0.0,28.258484375,0.0,0.0,0.0,0.0,0.0
2025-01-07 14:00:00,0.0,28.526328125,0.0,0.0,0.0,0.0,0.0
2025-01-07 15:00:00,0.0,27.818625,0.0,0.0,0.0,0.0,0.0
2025-01-07 16:00:00,0.0,27.388109375,0.0,0.0,0.0,0.0,0.0
2025-01-07 17:00:00,0.0,27.14234375,0.0,0.0,0.0,0.0,0.0
2025-01-07 18:00:00,0.0,27.424375,0.0,0.0,0.0,0.0,0.0
2025-01-07 19:00:00,0.0,27.7931875,0.0,0.0,0.0,0.0,0.0
2025-01-07 20:00:00,0.0,28.888109375,0.0,0.0,0.0,0.0,0.0
2025-01-07 21:00:00,0.0,29.682515625,0.0,0.0,0.0,0.0,0.0
2025-01-07 22:00:00,0.0,30.24771875,0.0,0.0,0.0,0.0,0.0
2025-01-07 23:00:00,0.0,30.629265625,0.0,0.0,0.0,0.0,0.0
2025-01-08 00:00:00,0.0,27.802125,0.0,0.0,0.0,0.0,0.0
2025-01-08 01:00:00,0.0,24.600546875,0.0,0.0,0.0,0.0,0.0
2025-01-08 02:00:00,0.0,22.338359375,0.0,0.0,0.0,0.0,0.0
2025-01-08 03:00:00,0.0,20.647703125,0.0,0.0,0.0,0.0,0.0
2025-01-08 04:00:00,0.0,19.975078125,0.0,0.0,0.0,0.0,0.0
2025-01-08 05:00:00,0.0,19.46525,0.0,0.0,0.0,0.0,0.0
2025-01-08 06:00:00,0.0,18.847265625,0.0,0.0,0.0,0.0,0.0
2025-01-08 07:00:00,0.0,21.371375,0.0,0.0,0.0,0.0,0.0
2025-01-08 08:00:00,0.0,24.846515625,0.0,0.0,0.0,0.0,0.0
2025-01-08 09:00:00,0.0,29.22328125,0.0,0.0,0.0,0.0,0.0
2025-01-08 10:00:00,0.0,31.917375,0.0,0.0,0.0,0.0,0.0
2025-01-08 11:00:00,0.0,33.53246875,0.0,0.0,0.0,0.0,0.0
2025-01-08 12:00:00,0.0,36.318265625,0.0,0.0,0.0,0.0,0.0
2025-01-08 13:00:00,0.0,36.364140625,0.0,0.0,0.0,0.0,0.0
2025-01-08 14:00:00,0.0,35.91528125,0.0,0.0,0.0,0.0,0.0
2025-01-08 15:00:00,0.0,35.7354375,0.0,0.0,0.0,0.0,0.0
2025-01-08 16:00:00,0.0,35.120671875,0.0,0.0,0.0,0.0,0.0
2025-01-08 17:00:00,0.0,34.6023125,0.0,0.0,0.0,0.0,0.0
2025-01-08 18:00:00,0.0,33.960109375,0.0,0.0,0.0,0.0,0.0
2025-01-08 19:00:00,0.0,33.163171875,0.0,0.0,0.0,0.0,0.0
2025-01-08 20:00:00,0.0,32.278765625,0.0,0.0,0.0,0.0,0.0
2025-01-08 21:00:00,0.0,31.933765625,0.0,0.0,0.0,0.0,0.0
2025-01-08 22:00:00,0.0,32.645359375,0.0,0.0,0.0,0.0,0.0
2025-01-08 23:00:00,0.0,33.140421875,0.0,0.0,0.0,0.0,0.0
2025-01-09 00:00:00,0.0,28.803828125,0.0,0.0,0.0,0.0,0.0
2025-01-09 01:00:00,0.0,25.131546875,0.0,0.0,0.0,0.0,0.0
2025-01-09 02:00:00,0.0,22.2033125,0.0,0.0,0.0,0.0,0.0
2025-01-09 03:00:00,0.0,20.886078125,0.0,0.0,0.0,0.0,0.0
2025-01-09 04:00:00,0.0,20.24903125,0.0,0.0,0.0,0.0,0.0
2025-01-09 05:00:00,0.0,19.180484375,0.0,0.0,0.0,0.0,0.0
2025-01-09 06:00:00,0.0,19.26559375,0.0,0.0,0.0,0.0,0.0
2025-01-09 07:00:00,0.0,21.894515625,0.0,0.0,0.0,0.0,0.0
2025-01-09 08:00:00,0.0,25.645984375,0.0,0.0,0.0,0.0,0.0
2025-01-09 09:00:00,0.0,30.800359375,0.0,0.0,0.0,0.0,0.0
2025-01-09 10:00:00,0.0,34.12634375,0.0,0.0,0.0,0.0,0.0
2025-01-09 11:00:00,0.0,35.521875,0.0,0.0,0.0,0.0,0.0
2025-01-09 12:00:00,0.0,36.379203125,0.0,0.0,0.0,0.0,0.0
2025-01-09 13:00:00,0.0,36.870609375,0.0,0.0,0.0,0.0,0.0
2025-01-09 14:00:00,0.0,36.23934375,0.0,0.0,0.0,0.0,0.0
2025-01-09 15:00:00,0.0,36.70925,0.0,0.0,0.0,0.0,0.0
2025-01-09 16:00:00,0.0,36.36559375,0.0,0.0,0.0,0.0,0.0
2025-01-09 17:00:00,0.0,36.0375625,0.0,0.0,0.0,0.0,0.0
2025-01-09 18:00:00,0.0,35.17771875,0.0,0.0,0.0,0.0,0.0
2025-01-09 19:00:00,0.0,34.500375,0.0,0.0,0.0,0.0,0.0
2025-01-09 20:00:00,0.0,33.484875,0.0,0.0,0.0,0.0,0.0
2025-01-09 21:00:00,0.0,33.6859375,0.0,0.0,0.0,0.0,0.0
2025-01-09 22:00:00,0.0,33.518,0.0,0.0,0.0,0.0,0.0
2025-01-09 23:00:00,0.0,33.95396875,0.0,0.0,0.0,0.0,0.0
2025-01-10 00:00:00,0.0,30.483375,0.0,0.0,0.0,0.0,0.0
2025-01-10 01:00:00,0.0,26.371125,0.0,0.0,0.0,0.0,0.0
2025-01-10 02:00:00,0.0,24.24875,0.0,0.0,0.0,0.0,0.0
2025-01-10 03:00:00,0.0,22.86253125,0.0,0.0,0.0,0.0,0.0
2025-01-10 04:00:00,0.0,21.85215625,0.0,0.0,0.0,0.0,0.0
2025-01-10 05:00:00,0.0,21.552,0.0,0.0,0.0,0.0,0.0
2025-01-10 06:00:00,0.0,20.699875,0.0,0.0,0.0,0.0,0.0
2025-01-10 07:00:00,0.0,23.40765625,0.0,0.0,0.0,0.0,0.0
2025-01-10 08:00:00,0.0,27.95965625,0.0,0.0,0.0,0.0,0.0
2025-01-10 09:00:00,0.0,31.2501875,0.0,0.0,0.0,0.0,0.0
2025-01-10 10:00:00,0.0,33.1926875,0.0,0.0,0.0,0.0,0.0
2025-01-10 11:00:00,0.0,34.67265625,0.0,0.0,0.0,0.0,0.0
2025-01-10 12:00:00,0.0,34.8140625,0.0,0.0,0.0,0.0,0.0
2025-01-10 13:00:00,0.0,36.61334375,0.0,0.0,0.0,0.0,0.0
2025-01-10 14:00:00,0.0,36.10971875,0.0,0.0,0.0,0.0,0.0
2025-01-10 15:00:00,0.0,36.6348125,0.0,0.0,0.0,0.0,0.0
2025-01-10 16:00:00,0.0,35.1553125,0.0,0.0,0.0,0.0,0.0
2025-01-10 17:00:00,0.0,33.68565625,0.0,0.0,0.0,0.0,0.0
2025-01-10 18:00:00,0.0,32.8465,0.0,0.0,0.0,0.0,0.0
2025-01-10 19:00:00,0.0,32.129375,0.0,0.0,0.0,0.0,0.0
2025-01-10 20:00:00,0.0,31.0305,0.0,0.0,0.0,0.0,0.0
2025-01-10 21:00:00,0.0,30.40609375,0.0,0.0,0.0,0.0,0.0
2025-01-10 22:00:00,0.0,31.033625,0.0,0.0,0.0,0.0,0.0
2025-01-10 23:00:00,0.0,32.35303125,0.0,0.0,0.0,0.0,0.0
2025-01-11 00:00:00,0.0,29.23140625,0.0,0.0,0.0,0.0,0.0
2025-01-11 01:00:00,0.0,26.02784375,0.0,0.0,0.0,0.0,0.0
2025-01-11 02:00:00,0.0,23.71009375,0.0,0.0,0.0,0.0,0.0
2025-01-11 03:00:00,0.0,22.47528125,0.0,0.0,0.0,0.0,0.0
2025-01-11 04:00:00,0.0,21.47503125,0.0,0.0,0.0,0.0,0.0
2025-01-11 05:00:00,0.0,21.02234375,0.0,0.0,0.0,0.0,0.0
2025-01-11 06:00:00,0.0,20.77953125,0.0,0.0,0.0,0.0,0.0
2025-01-11 07:00:00,0.0,24.7395625,0.0,0.0,0.0,0.0,0.0
2025-01-11 08:00:00,0.0,27.91484375,0.0,0.0,0.0,0.0,0.0
2025-01-11 09:00:00,0.0,30.16403125,0.0,0.0,0.0,0.0,0.0
2025-01-11 10:00:00,0.0,32.5970625,0.0,0.0,0.0,0.0,0.0
2025-01-11 11:00:00,0.0,34.659,0.0,0.0,0.0,0.0,0.0
2025-01-11 12:00:00,0.0,35.07128125,0.0,0.0,0.0,0.0,0.0
2025-01-11 13:00:00,0.0,34.92934375,0.0,0.0,0.0,0.0,0.0
2025-01-11 14:00:00,0.0,34.6743125,0.0,0.0,0.0,0.0,0.0
2025-01-11 15:00:00,0.0,35.3989375,0.0,0.0,0.0,0.0,0.0
2025-01-11 16:00:00,0.0,35.61959375,0.0,0.0,0.0,0.0,0.0
2025-01-11 17:00:00,0.0,34.1974375,0.0,0.0,0.0,0.0,0.0
2025-01-11 18:00:00,0.0,33.229,0.0,0.0,0.0,0.0,0.0
2025-01-11 19:00:00,0.0,32.70009375,0.0,0.0,0.0,0.0,0.0
2025-01-11 20:00:00,0.0,31.91178125,0.0,0.0,0.0,0.0,0.0
2025-01-11 21:00:00,0.0,31.61584375,0.0,0.0,0.0,0.0,0.0
2025-01-11 22:00:00,0.0,32.64675,0.0,0.0,0.0,0.0,0.0
2025-01-11 23:00:00,0.0,34.21521875,0.0,0.0,0.0,0.0,0.0
2025-01-12 00:00:00,0.0,30.3881875,0.0,0.0,0.0,0.0,0.0
2025-01-12 01:00:00,0.0,27.05921875,0.0,0.0,0.0,0.0,0.0
2025-01-12 02:00:00,0.0,24.87103125,0.0,0.0,0.0,0.0,0.0
2025-01-12 03:00:00,0.0,23.312,0.0,0.0,0.0,0.0,0.0
2025-01-12 04:00:00,0.0,22.3243125,0.0,0.0,0.0,0.0,0.0
2025-01-12 05:00:00,0.0,21.82090625,0.0,0.0,0.0,0.0,0.0
2025-01-12 06:00:00,0.0,21.6923125,0.0,0.0,0.0,0.0,0.0
2025-01-12 07:00:00,0.0,24.73096875,0.0,0.0,0.0,0.0,0.0
2025-01-12 08:00:00,0.0,27.70203125,0.0,0.0,0.0,0.0,0.0
2025-01-12 09:00:00,0.0,30.8485,0.0,0.0,0.0,0.0,0.0
2025-01-12 10:00:00,0.0,33.35978125,0.0,0.0,0.0,0.0,0.0
2025-01-12 11:00:00,0.0,35.0895,0.0,0.0,0.0,0.0,0.0
2025-01-12 12:00:00,0.0,36.01203125,0.0,0.0,0.0,0.0,0.0
2025-01-12 13:00:00,0.0,35.71521875,0.0,0.0,0.0,0.0,0.0
2025-01-12 14:00:00,0.0,35.39196875,0.0,0.0,0.0,0.0,0.0
2025-01-12 15:00:00,0.0,35.9715,0.0,0.0,0.0,0.0,0.0
2025-01-12 16:00:00,0.0,35.05246875,0.0,0.0,0.0,0.0,0.0
2025-01-12 17:00:00,0.0,33.9865,0.0,0.0,0.0,0.0,0.0
2025-01-12 18:00:00,0.0,33.11715625,0.0,0.0,0.0,0.0,0.0
2025-01-12 19:00:00,0.0,32.517875,0.0,0.0,0.0,0.0,0.0
2025-01-12 20:00:00,0.0,31.3795,0.0,0.0,0.0,0.0,0.0
2025-01-12 21:00:00,0.0,30.7435,0.0,0.0,0.0,0.0,0.0
2025-01-12 22:00:00,0.0,32.35528125,0.0,0.0,0.0,0.0,0.0
2025-01-12 23:00:00,0.0,33.21590625,0.0,0.0,0.0,0.0,0.0
2025-01-13 00:00:00,0.0,31.232125,0.0,0.0,0.0,0.0,0.0
2025-01-13 01:00:00,0.0,28.18278125,0.0,0.0,0.0,0.0,0.0
2025-01-13 02:00:00,0.0,25.961875,0.0,0.0,0.0,0.0,0.0
2025-01-13 03:00:00,0.0,25.16771875,0.0,0.0,0.0,0.0,0.0
2025-01-13 04:00:00,0.0,23.72771875,0.0,0.0,0.0,0.0,0.0
2025-01-13 05:00:00,0.0,23.11684375,0.0,0.0,0.0,0.0,0.0
2025-01-13 06:00:00,0.0,20.53265625,0.0,0.0,0.0,0.0,0.0
2025-01-13 07:00:00,0.0,20.80353125,0.0,0.0,0.0,0.0,0.0
2025-01-13 08:00:00,0.0,21.4065,0.0,0.0,0.0,0.0,0.0
2025-01-13 09:00:00,0.0,24.92065625,0.0,0.0,0.0,0.0,0.0
2025-01-13 10:00:00,0.0,28.33003125,0.0,0.0,0.0,0.0,0.0
2025-01-13 11:00:00,0.0,30.8025,0.0,0.0,0.0,0.0,0.0
2025-01-13 12:00:00,0.0,33.28928125,0.0,0.0,0.0,0.0,0.0
2025-01-13 13:00:00,0.0,33.030875,0.0,0.0,0.0,0.0,0.0
2025-01-13 14:00:00,0.0,32.8825625,0.0,0.0,0.0,0.0,0.0
2025-01-13 15:00:00,0.0,32.3874375,0.0,0.0,0.0,0.0,0.0
2025-01-13 16:00:00,0.0,30.759625,0.0,0.0,0.0,0.0,0.0
2025-01-13 17:00:00,0.0,29.7018125,0.0,0.0,0.0,0.0,0.0
2025-01-13 18:00:00,0.0,29.250625,0.0,0.0,0.0,0.0,0.0
2025-01-13 19:00:00,0.0,29.361375,0.0,0.0,0.0,0.0,0.0
2025-01-13 20:00:00,0.0,28.89190625,0.0,0.0,0.0,0.0,0.0
2025-01-13 21:00:00,0.0,28.6204375,0.0,0.0,0.0,0.0,0.0
2025-01-13 22:00:00,0.0,29.3421875,0.0,0.0,0.0,0.0,0.0
2025-01-13 23:00:00,0.0,30.53278125,0.0,0.0,0.0,0.0,0.0
2025-01-14 00:00:00,0.0,28.3009375,0.0,0.0,0.0,0.0,0.0
2025-01-14 01:00:00,0.0,25.995083984375,0.0,0.0,0.0,0.0,0.0
2025-01-14 02:00:00,0.0,23.9447392578125,0.0,0.0,0.0,0.0,0.0
2025-01-14 03:00:00,0.0,22.89221435546875,0.0,0.0,0.0,0.0,0.0
2025-01-14 04:00:00,0.0,21.60155126953125,0.0,0.0,0.0,0.0,0.0
2025-01-14 05:00:00,0.0,19.747828125,0.0,0.0,0.0,0.0,0.0
2025-01-14 06:00:00,0.0,17.530111328125,0.0,0.0,0.0,0.0,0.0
2025-01-14 07:00:00,0.0,18.00125,0.0,0.0,0.0,0.0,0.0
2025-01-14 08:00:00,0.0,19.166771484375,0.0,0.0,0.0,0.0,0.0
2025-01-14 09:00:00,0.0,21.0479248046875,0.0,0.0,0.0,0.0,0.0
2025-01-14 10:00:00,0.0,24.031158203125,0.0,0.0,0.0,0.0,0.0
2025-01-14 11:00:00,0.0,27.4872578125,0.0,0.0,0.0,0.0,0.0
2025-01-14 12:00:00,0.0,29.291138671875,0.0,0.0,0.0,0.0,0.0
2025-01-14 13:00:00,0.0,31.160845703125,0.0,0.0,0.0,0.0,0.0
2025-01-14 14:00:00,0.0,31.32155859375,0.0,0.0,0.0,0.0,0.0
2025-01-14 15:00:00,0.0,31.10384375,0.0,0.0,0.0,0.0,0.0
2025-01-14 16:00:00,0.0,30.31198046875,0.0,0.0,0.0,0.0,0.0
2025-01-14 17:00:00,0.0,30.02838671875,0.0,0.0,0.0,0.0,0.0
2025-01-14 18:00:00,0.0,29.44210546875,0.0,0.0,0.0,0.0,0.0
2025-01-14 19:00:00,0.0,29.4109453125,0.0,0.0,0.0,0.0,0.0
2025-01-14 20:00:00,0.0,29.643796875,0.0,0.0,0.0,0.0,0.0
2025-01-14 21:00:00,0.0,30.0192734375,0.0,0.0,0.0,0.0,0.0
2025-01-14 22:00:00,0.0,31.8303828125,0.0,0.0,0.0,0.0,0.0
2025-01-14 23:00:00,0.0,32.010125,0.0,0.0,0.0,0.0,0.0
2025-01-15 00:00:00,0.0,28.59565625,0.0,0.0,0.0,0.0,0.0
2025-01-15 01:00:00,0.0,24.91705859375,0.0,0.0,0.0,0.0,0.0
2025-01-15 02:00:00,0.0,22.01358203125,0.0,0.0,0.0,0.0,0.0
2025-01-15 03:00:00,0.0,21.347,0.0,0.0,0.0,0.0,0.0
2025-01-15 04:00:00,0.0,20.2825078125,0.0,0.0,0.0,0.0,0.0
2025-01-15 05:00:00,0.0,19.486484375,0.0,0.0,0.0,0.0,0.0
2025-01-15 06:00:00,0.0,18.58765625,0.0,0.0,0.0,0.0,0.0
2025-01-15 07:00:00,0.0,21.8043671875,0.0,0.0,0.0,0.0,0.0
2025-01-15 08:00:00,0.0,25.5821953125,0.0,0.0,0.0,0.0,0.0
2025-01-15 09:00:00,0.0,29.8151328125,0.0,0.0,0.0,0.0,0.0
2025-01-15 10:00:00,0.0,32.8785859375,0.0,0.0,0.0,0.0,0.0
2025-01-15 11:00:00,0.0,34.57675,0.0,0.0,0.0,0.0,0.0
2025-01-15 12:00:00,0.0,35.227203125,0.0,0.0,0.0,0.0,0.0
2025-01-15 13:00:00,0.0,35.768015625,0.0,0.0,0.0,0.0,0.0
2025-01-15 14:00:00,0.0,34.9007421875,0.0,0.0,0.0,0.0,0.0
2025-01-15 15:00:00,0.0,34.90953125,0.0,0.0,0.0,0.0,0.0
2025-01-15 16:00:00,0.0,33.9790625,0.0,0.0,0.0,0.0,0.0
2025-01-15 17:00:00,0.0,33.2558828125,0.0,0.0,0.0,0.0,0.0
2025-01-15 18:00:00,0.0,32.617125,0.0,0.0,0.0,0.0,0.0
2025-01-15 19:00:00,0.0,32.332875,0.0,0.0,0.0,0.0,0.0
2025-01-15 20:00:00,0.0,31.60190625,0.0,0.0,0.0,0.0,0.0
2025-01-15 21:00:00,0.0,30.88559375,0.0,0.0,0.0,0.0,0.0
2025-01-15 22:00:00,0.0,32.2374375,0.0,0.0,0.0,0.0,0.0
2025-01-15 23:00:00,0.0,31.9772265625,0.0,0.0,0.0,0.0,0.0
2025-01-16 00:00:00,0.0,28.81953125,0.0,0.0,0.0,0.0,0.0
2025-01-16 01:00:00,0.0,25.396078125,0.0,0.0,0.0,0.0,0.0
2025-01-16 02:00:00,0.0,23.027421875,0.0,0.0,0.0,0.0,0.0
2025-01-16 03:00:00,0.0,21.8513359375,0.0,0.0,0.0,0.0,0.0
2025-01-16 04:00:00,0.0,21.30921875,0.0,0.0,0.0,0.0,0.0
2025-01-16 05:00:00,0.0,21.691265625,0.0,0.0,0.0,0.0,0.0
2025-01-16 06:00:00,0.0,21.156140625,0.0,0.0,0.0,0.0,0.0
2025-01-16 07:00:00,0.0,23.89559375,0.0,0.0,0.0,0.0,0.0
2025-01-16 08:00:00,0.0,27.97090625,0.0,0.0,0.0,0.0,0.0
2025-01-16 09:00:00,0.0,32.12834375,0.0,0.0,0.0,0.0,0.0
2025-01-16 10:00:00,0.0,35.0043125,0.0,0.0,0.0,0.0,0.0
2025-01-16 11:00:00,0.0,36.59409375,0.0,0.0,0.0,0.0,0.0
2025-01-16 12:00:00,0.0,38.644,0.0,0.0,0.0,0.0,0.0
2025-01-16 13:00:00,0.0,39.6788125,0.0,0.0,0.0,0.0,0.0
2025-01-16 14:00:00,0.0,38.964296875,0.0,0.0,0.0,0.0,0.0
2025-01-16 15:00:00,0.0,39.276140625,0.0,0.0,0.0,0.0,0.0
2025-01-16 16:00:00,0.0,38.00246875,0.0,0.0,0.0,0.0,0.0
2025-01-16 17:00:00,0.0,36.279375,0.0,0.0,0.0,0.0,0.0
2025-01-16 18:00:00,0.0,33.283390625,0.0,0.0,0.0,0.0,0.0
2025-01-16 19:00:00,0.0,32.78696875,0.0,0.0,0.0,0.0,0.0
2025-01-16 20:00:00,0.0,32.02078125,0.0,0.0,0.0,0.0,0.0
2025-01-16 21:00:00,0.0,31.2855625,0.0,0.0,0.0,0.0,0.0
2025-01-16 22:00:00,0.0,32.76340625,0.0,0.0,0.0,0.0,0.0
2025-01-16 23:00:00,0.0,33.8910625,0.0,0.0,0.0,0.0,0.0
2025-01-17 00:00:00,0.0,30.81734375,0.0,0.0,0.0,0.0,0.0
2025-01-17 01:00:00,0.0,27.535015625,0.0,0.0,0.0,0.0,0.0
2025-01-17 02:00:00,0.0,25.6995,0.0,0.0,0.0,0.0,0.0
2025-01-17 03:00:00,0.0,23.6586875,0.0,0.0,0.0,0.0,0.0
2025-01-17 04:00:00,0.0,21.96478125,0.0,0.0,0.0,0.0,0.0
2025-01-17 05:00:00,0.0,21.273609375,0.0,0.0,0.0,0.0,0.0
2025-01-17 06:00:00,0.0,20.5144375,0.0,0.0,0.0,0.0,0.0
2025-01-17 07:00:00,0.0,22.84846875,0.0,0.0,0.0,0.0,0.0
2025-01-17 08:00:00,0.0,26.866109375,0.0,0.0,0.0,0.0,0.0
2025-01-17 09:00:00,0.0,30.798484375,0.0,0.0,0.0,0.0,0.0
2025-01-17 10:00:00,0.0,33.271421875,0.0,0.0,0.0,0.0,0.0
2025-01-17 11:00:00,0.0,34.94078125,0.0,0.0,0.0,0.0,0.0
2025-01-17 12:00:00,0.0,35.38065625,0.0,0.0,0.0,0.0,0.0
2025-01-17 13:00:00,0.0,35.67925,0.0,0.0,0.0,0.0,0.0
2025-01-17 14:00:00,0.0,35.072265625,0.0,0.0,0.0,0.0,0.0
2025-01-17 15:00:00,0.0,35.663015625,0.0,0.0,0.0,0.0,0.0
2025-01-17 16:00:00,0.0,35.362328125,0.0,0.0,0.0,0.0,0.0
2025-01-17 17:00:00,0.0,35.010109375,0.0,0.0,0.0,0.0,0.0
2025-01-17 18:00:00,0.0,32.521875,0.0,0.0,0.0,0.0,0.0
2025-01-17 19:00:00,0.0,31.404921875,0.0,0.0,0.0,0.0,0.0
2025-01-17 20:00:00,0.0,30.436109375,0.0,0.0,0.0,0.0,0.0
2025-01-17 21:00:00,0.0,29.771890625,0.0,0.0,0.0,0.0,0.0
2025-01-17 22:00:00,0.0,31.525671875,0.0,0.0,0.0,0.0,0.0
2025-01-17 23:00:00,0.0,32.376046875,0.0,0.0,0.0,0.0,0.0
2025-01-18 00:00:00,0.0,28.426921875,0.0,0.0,0.0,0.0,0.0
2025-01-18 01:00:00,0.0,25.375234375,0.0,0.0,0.0,0.0,0.0
2025-01-18 02:00:00,0.0,22.902640625,0.0,0.0,0.0,0.0,0.0
2025-01-18 03:00:00,0.0,21.537015625,0.0,0.0,0.0,0.0,0.0
2025-01-18 04:00:00,0.0,20.99384375,0.0,0.0,0.0,0.0,0.0
2025-01-18 05:00:00,0.0,20.506109375,0.0,0.0,0.0,0.0,0.0
2025-01-18 06:00:00,0.0,19.92934375,0.0,0.0,0.0,0.0,0.0
2025-01-18 07:00:00,0.0,22.40965625,0.0,0.0,0.0,0.0,0.0
2025-01-18 08:00:00,0.0,26.7925625,0.0,0.0,0.0,0.0,0.0
2025-01-18 09:00:00,0.0,32.57184375,0.0,0.0,0.0,0.0,0.0
2025-01-18 10:00:00,0.0,35.10446875,0.0,0.0,0.0,0.0,0.0
2025-01-18 11:00:00,0.0,36.56815625,0.0,0.0,0.0,0.0,0.0
2025-01-18 12:00:00,0.0,37.06246875,0.0,0.0,0.0,0.0,0.0
2025-01-18 13:00:00,0.0,37.63503125,0.0,0.0,0.0,0.0,0.0
2025-01-18 14:00:00,0.0,36.48621875,0.0,0.0,0.0,0.0,0.0
2025-01-18 15:00:00,0.0,36.6488125,0.0,0.0,0.0,0.0,0.0
2025-01-18 16:00:00,0.0,36.01834375,0.0,0.0,0.0,0.0,0.0
2025-01-18 17:00:00,0.0,35.09125,0.0,0.0,0.0,0.0,0.0
2025-01-18 18:00:00,0.0,33.77453125,0.0,0.0,0.0,0.0,0.0
2025-01-18 19:00:00,0.0,32.132125,0.0,0.0,0.0,0.0,0.0
2025-01-18 20:00:00,0.0,32.2705625,0.0,0.0,0.0,0.0,0.0
2025-01-18 21:00:00,0.0,32.09115625,0.0,0.0,0.0,0.0,0.0
2025-01-18 22:00:00,0.0,33.881375,0.0,0.0,0.0,0.0,0.0
2025-01-18 23:00:00,0.0,32.4946875,0.0,0.0,0.0,0.0,0.0
2025-01-19 00:00:00,0.0,29.539625,0.0,0.0,0.0,0.0,0.0
2025-01-19 01:00:00,0.0,26.48471875,0.0,0.0,0.0,0.0,0.0
2025-01-19 02:00:00,0.0,23.97775,0.0,0.0,0.0,0.0,0.0
2025-01-19 03:00:00,0.0,23.1506875,0.0,0.0,0.0,0.0,0.0
2025-01-19 04:00:00,0.0,22.06103125,0.0,0.0,0.0,0.0,0.0
2025-01-19 05:00:00,0.0,20.65515625,0.0,0.0,0.0,0.0,0.0
2025-01-19 06:00:00,0.0,19.54165625,0.0,0.0,0.0,0.0,0.0
2025-01-19 07:00:00,0.0,21.95184375,0.0,0.0,0.0,0.0,0.0
2025-01-19 08:00:00,0.0,25.931875,0.0,0.0,0.0,0.0,0.0
2025-01-19 09:00:00,0.0,31.17096875,0.0,0.0,0.0,0.0,0.0
2025-01-19 10:00:00,0.0,35.28640625,0.0,0.0,0.0,0.0,0.0
2025-01-19 11:00:00,0.0,36.888875,0.0,0.0,0.0,0.0,0.0
2025-01-19 12:00:00,0.0,37.2095,0.0,0.0,0.0,0.0,0.0
2025-01-19 13:00:00,0.0,37.517125,0.0,0.0,0.0,0.0,0.0
2025-01-19 14:00:00,0.0,36.70703125,0.0,0.0,0.0,0.0,0.0
2025-01-19 15:00:00,0.0,36.306125,0.0,0.0,0.0,0.0,0.0
2025-01-19 16:00:00,0.0,35.7975,0.0,0.0,0.0,0.0,0.0
2025-01-19 17:00:00,0.0,35.0576875,0.0,0.0,0.0,0.0,0.0
2025-01-19 18:00:00,0.0,35.02465625,0.0,0.0,0.0,0.0,0.0
2025-01-19 19:00:00,0.0,34.2965625,0.0,0.0,0.0,0.0,0.0
2025-01-19 20:00:00,0.0,33.590375,0.0,0.0,0.0,0.0,0.0
2025-01-19 21:00:00,0.0,33.682875,0.0,0.0,0.0,0.0,0.0
2025-01-19 22:00:00,0.0,34.62684375,0.0,0.0,0.0,0.0,0.0
2025-01-19 23:00:00,0.0,34.6178125,0.0,0.0,0.0,0.0,0.0
2025-01-20 00:00:00,0.0,30.61390625,0.0,0.0,0.0,0.0,0.0
2025-01-20 01:00:00,0.0,28.00659375,0.0,0.0,0.0,0.0,0.0
2025-01-20 02:00:00,0.0,26.232875,0.0,0.0,0.0,0.0,0.0
2025-01-20 03:00:00,0.0,24.50321875,0.0,0.0,0.0,0.0,0.0
2025-01-20 04:00:00,0.0,22.5793125,0.0,0.0,0.0,0.0,0.0
2025-01-20 05:00:00,0.0,22.16065625,0.0,0.0,0.0,0.0,0.0
2025-01-20 06:00:00,0.0,19.964,0.0,0.0,0.0,0.0,0.0
2025-01-20 07:00:00,0.0,20.34321875,0.0,0.0,0.0,0.0,0.0
2025-01-20 08:00:00,0.0,22.6428125,0.0,0.0,0.0,0.0,0.0
2025-01-20 09:00:00,0.0,27.30228125,0.0,0.0,0.0,0.0,0.0
2025-01-20 10:00:00,0.0,29.99640625,0.0,0.0,0.0,0.0,0.0
2025-01-20 11:00:00,0.0,32.09671875,0.0,0.0,0.0,0.0,0.0
2025-01-20 12:00:00,0.0,33.235125,0.0,0.0,0.0,0.0,0.0
2025-01-20 13:00:00,0.0,33.84471875,0.0,0.0,0.0,0.0,0.0
2025-01-20 14:00:00,0.0,33.32634375,0.0,0.0,0.0,0.0,0.0
2025-01-20 15:00:00,0.0,32.14184375,0.0,0.0,0.0,0.0,0.0
2025-01-20 16:00:00,0.0,31.647125,0.0,0.0,0.0,0.0,0.0
2025-01-20 17:00:00,0.0,30.99175,0.0,0.0,0.0,0.0,0.0
2025-01-20 18:00:00,0.0,31.14940625,0.0,0.0,0.0,0.0,0.0
2025-01-20 19:00:00,0.0,31.4924375,0.0,0.0,0.0,0.0,0.0
2025-01-20 20:00:00,0.0,31.85246875,0.0,0.0,0.0,0.0,0.0
2025-01-20 21:00:00,0.0,31.68865625,0.0,0.0,0.0,0.0,0.0
2025-01-20 22:00:00,0.0,32.7926875,0.0,0.0,0.0,0.0,0.0
2025-01-20 23:00:00,0.0,32.3295625,0.0,0.0,0.0,0.0,0.0
2025-01-21 00:00:00,0.0,28.57453125,0.0,0.0,0.0,0.0,0.0
2025-01-21 01:00:00,0.0,26.24725,0.0,0.0,0.0,0.0,0.0
2025-01-21 02:00:00,0.0,24.0485625,0.0,0.0,0.0,0.0,0.0
2025-01-21 03:00:00,0.0,22.5296875,0.0,0.0,0.0,0.0,0.0
2025-01-21 04:00:00,0.0,21.5434375,0.0,0.0,0.0,0.0,0.0
2025-01-21 05:00:00,0.0,21.02915625,0.0,0.0,0.0,0.0,0.0
2025-01-21 06:00:00,0.0,19.2389375,0.0,0.0,0.0,0.0,0.0
2025-01-21 07:00:00,0.0,18.831625,0.0,0.0,0.0,0.0,0.0
2025-01-21 08:00:00,0.0,19.6064375,0.0,0.0,0.0,0.0,0.0
2025-01-21 09:00:00,0.0,21.49575,0.0,0.0,0.0,0.0,0.0
2025-01-21 10:00:00,0.0,23.83146875,0.0,0.0,0.0,0.0,0.0
2025-01-21 11:00:00,0.0,26.19959375,0.0,0.0,0.0,0.0,0.0
2025-01-21 12:00:00,0.0,28.17490625,0.0,0.0,0.0,0.0,0.0
2025-01-21 13:00:00,0.0,29.59896875,0.0,0.0,0.0,0.0,0.0
2025-01-21 14:00:00,0.0,29.3609375,0.0,0.0,0.0,0.0,0.0
2025-01-21 15:00:00,0.0,28.86921875,0.0,0.0,0.0,0.0,0.0
2025-01-21 16:00:00,0.0,28.45028125,0.0,0.0,0.0,0.0,0.0
2025-01-21 17:00:00,0.0,28.25121875,0.0,0.0,0.0,0.0,0.0
2025-01-21 18:00:00,0.0,28.53453125,0.0,0.0,0.0,0.0,0.0
2025-01-21 19:00:00,0.0,28.87484375,0.0,0.0,0.0,0.0,0.0
2025-01-21 20:00:00,0.0,30.18009375,0.0,0.0,0.0,0.0,0.0
2025-01-21 21:00:00,0.0,31.7851875,0.0,0.0,0.0,0.0,0.0
2025-01-21 22:00:00,0.0,33.1989375,0.0,0.0,0.0,0.0,0.0
2025-01-21 23:00:00,0.0,31.97209375,0.0,0.0,0.0,0.0,0.0
2025-01-22 00:00:00,0.0,28.520625,0.0,0.0,0.0,0.0,0.0
2025-01-22 01:00:00,0.0,25.64915625,0.0,0.0,0.0,0.0,0.0
2025-01-22 02:00:00,0.0,23.23946875,0.0,0.0,0.0,0.0,0.0
2025-01-22 03:00:00,0.0,22.04171875,0.0,0.0,0.0,0.0,0.0
2025-01-22 04:00:00,0.0,21.4888125,0.0,0.0,0.0,0.0,0.0
2025-01-22 05:00:00,0.0,21.34653125,0.0,0.0,0.0,0.0,0.0
2025-01-22 06:00:00,0.0,20.1555,0.0,0.0,0.0,0.0,0.0
2025-01-22 07:00:00,0.0,22.6590625,0.0,0.0,0.0,0.0,0.0
2025-01-22 08:00:00,0.0,26.53646875,0.0,0.0,0.0,0.0,0.0
2025-01-22 09:00:00,0.0,30.09196875,0.0,0.0,0.0,0.0,0.0
2025-01-22 10:00:00,0.0,32.41959375,0.0,0.0,0.0,0.0,0.0
2025-01-22 11:00:00,0.0,34.638875,0.0,0.0,0.0,0.0,0.0
2025-01-22 12:00:00,0.0,37.563125,0.0,0.0,0.0,0.0,0.0
2025-01-22 13:00:00,0.0,37.9758125,0.0,0.0,0.0,0.0,0.0
2025-01-22 14:00:00,0.0,37.5494375,0.0,0.0,0.0,0.0,0.0
2025-01-22 15:00:00,0.0,37.7613125,0.0,0.0,0.0,0.0,0.0
2025-01-22 16:00:00,0.0,37.45725,0.0,0.0,0.0,0.0,0.0
2025-01-22 17:00:00,0.0,36.57825,0.0,0.0,0.0,0.0,0.0
2025-01-22 18:00:00,0.0,36.3770625,0.0,0.0,0.0,0.0,0.0
2025-01-22 19:00:00,0.0,35.5259375,0.0,0.0,0.0,0.0,0.0
2025-01-22 20:00:00,0.0,33.8180625,0.0,0.0,0.0,0.0,0.0
2025-01-22 21:00:00,0.0,32.998125,0.0,0.0,0.0,0.0,0.0
2025-01-22 22:00:00,0.0,34.4541875,0.0,0.0,0.0,0.0,0.0
2025-01-22 23:00:00,0.0,34.6579375,0.0,0.0,0.0,0.0,0.0
2025-01-23 00:00:00,0.0,30.3345625,0.0,0.0,0.0,0.0,0.0
2025-01-23 01:00:00,0.0,26.525375,0.0,0.0,0.0,0.0,0.0
2025-01-23 02:00:00,0.0,24.047,0.0,0.0,0.0,0.0,0.0
2025-01-23 03:00:00,0.0,23.17175,0.0,0.0,0.0,0.0,0.0
2025-01-23 04:00:00,0.0,22.2033125,0.0,0.0,0.0,0.0,0.0
2025-01-23 05:00:00,0.0,21.5083125,0.0,0.0,0.0,0.0,0.0
2025-01-23 06:00:00,0.0,21.148375,0.0,0.0,0.0,0.0,0.0
2025-01-23 07:00:00,0.0,23.1336875,0.0,0.0,0.0,0.0,0.0
2025-01-23 08:00:00,0.0,26.879125,0.0,0.0,0.0,0.0,0.0
2025-01-23 09:00:00,0.0,30.9380625,0.0,0.0,0.0,0.0,0.0
2025-01-23 10:00:00,0.0,33.6479375,0.0,0.0,0.0,0.0,0.0
2025-01-23 11:00:00,0.0,35.1113125,0.0,0.0,0.0,0.0,0.0
2025-01-23 12:00:00,0.0,35.417625,0.0,0.0,0.0,0.0,0.0
2025-01-23 13:00:00,0.0,36.079,0.0,0.0,0.0,0.0,0.0
2025-01-23 14:00:00,0.0,36.185625,0.0,0.0,0.0,0.0,0.0
2025-01-23 15:00:00,0.0,36.148375,0.0,0.0,0.0,0.0,0.0
2025-01-23 16:00:00,0.0,35.7809375,0.0,0.0,0.0,0.0,0.0
2025-01-23 17:00:00,0.0,34.8025625,0.0,0.0,0.0,0.0,0.0
2025-01-23 18:00:00,0.0,33.9143125,0.0,0.0,0.0,0.0,0.0
2025-01-23 19:00:00,0.0,33.0414375,0.0,0.0,0.0,0.0,0.0
2025-01-23 20:00:00,0.0,32.048625,0.0,0.0,0.0,0.0,0.0
2025-01-23 21:00:00,0.0,31.502875,0.0,0.0,0.0,0.0,0.0
2025-01-23 22:00:00,0.0,32.924375,0.0,0.0,0.0,0.0,0.0
2025-01-23 23:00:00,0.0,33.0510625,0.0,0.0,0.0,0.0,0.0
2025-01-24 00:00:00,0.0,29.790875,0.0,0.0,0.0,0.0,0.0
2025-01-24 01:00:00,0.0,26.432375,0.0,0.0,0.0,0.0,0.0
2025-01-24 02:00:00,0.0,24.109875,0.0,0.0,0.0,0.0,0.0
2025-01-24 03:00:00,0.0,23.0510625,0.0,0.0,0.0,0.0,0.0
2025-01-24 04:00:00,0.0,21.91,0.0,0.0,0.0,0.0,0.0
2025-01-24 05:00:00,0.0,21.1155625,0.0,0.0,0.0,0.0,0.0
2025-01-24 06:00:00,0.0,20.4358125,0.0,0.0,0.0,0.0,0.0
2025-01-24 07:00:00,0.0,23.2001875,0.0,0.0,0.0,0.0,0.0
2025-01-24 08:00:00,0.0,27.53725,0.0,0.0,0.0,0.0,0.0
2025-01-24 09:00:00,0.0,30.7199375,0.0,0.0,0.0,0.0,0.0
2025-01-24 10:00:00,0.0,33.5243125,0.0,0.0,0.0,0.0,0.0
2025-01-24 11:00:00,0.0,35.0363125,0.0,0.0,0.0,0.0,0.0
2025-01-24 12:00:00,0.0,35.75275,0.0,0.0,0.0,0.0,0.0
2025-01-24 13:00:00,0.0,35.889125,0.0,0.0,0.0,0.0,0.0
2025-01-24 14:00:00,0.0,35.715625,0.0,0.0,0.0,0.0,0.0
2025-01-24 15:00:00,0.0,36.2638125,0.0,0.0,0.0,0.0,0.0
2025-01-24 16:00:00,0.0,35.7238125,0.0,0.0,0.0,0.0,0.0
2025-01-24 17:00:00,0.0,37.1125,0.0,0.0,0.0,0.0,0.0
2025-01-24 18:00:00,0.0,36.835875,0.0,0.0,0.0,0.0,0.0
2025-01-24 19:00:00,0.0,36.1164375,0.0,0.0,0.0,0.0,0.0
2025-01-24 20:00:00,0.0,35.312625,0.0,0.0,0.0,0.0,0.0
2025-01-24 21:00:00,0.0,33.8086875,0.0,0.0,0.0,0.0,0.0
2025-01-24 22:00:00,0.0,34.6278125,0.0,0.0,0.0,0.0,0.0
2025-01-24 23:00:00,0.0,34.4849375,0.0,0.0,0.0,0.0,0.0
2025-01-25 00:00:00,0.0,29.92575,0.0,0.0,0.0,0.0,0.0
2025-01-25 01:00:00,0.0,27.3679375,0.0,0.0,0.0,0.0,0.0
2025-01-25 02:00:00,0.0,25.315375,0.0,0.0,0.0,0.0,0.0
2025-01-25 03:00:00,0.0,23.8454375,0.0,0.0,0.0,0.0,0.0
2025-01-25 04:00:00,0.0,22.293375,0.0,0.0,0.0,0.0,0.0
2025-01-25 05:00:00,0.0,22.151875,0.0,0.0,0.0,0.0,0.0
2025-01-25 06:00:00,0.0,21.9198125,0.0,0.0,0.0,0.0,0.0
2025-01-25 07:00:00,0.0,23.5111875,0.0,0.0,0.0,0.0,0.0
2025-01-25 08:00:00,0.0,27.3833125,0.0,0.0,0.0,0.0,0.0
2025-01-25 09:00:00,0.0,31.554625,0.0,0.0,0.0,0.0,0.0
2025-01-25 10:00:00,0.0,35.0643125,0.0,0.0,0.0,0.0,0.0
2025-01-25 11:00:00,0.0,37.15025,0.0,0.0,0.0,0.0,0.0
2025-01-25 12:00:00,0.0,37.82075,0.0,0.0,0.0,0.0,0.0
2025-01-25 13:00:00,0.0,38.3201875,0.0,0.0,0.0,0.0,0.0
2025-01-25 14:00:00,0.0,37.9413125,0.0,0.0,0.0,0.0,0.0
2025-01-25 15:00:00,0.0,36.868875,0.0,0.0,0.0,0.0,0.0
2025-01-25 16:00:00,0.0,35.51875,0.0,0.0,0.0,0.0,0.0
2025-01-25 17:00:00,0.0,34.1300625,0.0,0.0,0.0,0.0,0.0
2025-01-25 18:00:00,0.0,35.3243125,0.0,0.0,0.0,0.0,0.0
2025-01-25 19:00:00,0.0,34.928875,0.0,0.0,0.0,0.0,0.0
2025-01-25 20:00:00,0.0,33.0721875,0.0,0.0,0.0,0.0,0.0
2025-01-25 21:00:00,0.0,32.401875,0.0,0.0,0.0,0.0,0.0
2025-01-25 22:00:00,0.0,34.6290625,0.0,0.0,0.0,0.0,0.0
2025-01-25 23:00:00,0.0,33.772625,0.0,0.0,0.0,0.0,0.0
2025-01-26 00:00:00,0.0,30.487,0.0,0.0,0.0,0.0,0.0
2025-01-26 01:00:00,0.0,27.231125,0.0,0.0,0.0,0.0,0.0
2025-01-26 02:00:00,0.0,24.8463125,0.0,0.0,0.0,0.0,0.0
2025-01-26 03:00:00,0.0,23.7640625,0.0,0.0,0.0,0.0,0.0
2025-01-26 04:00:00,0.0,21.9851875,0.0,0.0,0.0,0.0,0.0
2025-01-26 05:00:00,0.0,21.627,0.0,0.0,0.0,0.0,0.0
2025-01-26 06:00:00,0.0,20.7195625,0.0,0.0,0.0,0.0,0.0
2025-01-26 07:00:00,0.0,22.6630625,0.0,0.0,0.0,0.0,0.0
2025-01-26 08:00:00,0.0,26.823875,0.0,0.0,0.0,0.0,0.0
2025-01-26 09:00:00,0.0,31.149125,0.0,0.0,0.0,0.0,0.0
2025-01-26 10:00:00,0.0,33.2859375,0.0,0.0,0.0,0.0,0.0
2025-01-26 11:00:00,0.0,36.412,0.0,0.0,0.0,0.0,0.0
2025-01-26 12:00:00,0.0,36.27275,0.0,0.0,0.0,0.0,0.0
2025-01-26 13:00:00,0.0,37.3791875,0.0,0.0,0.0,0.0,0.0
2025-01-26 14:00:00,0.0,36.9876875,0.0,0.0,0.0,0.0,0.0
2025-01-26 15:00:00,0.0,37.158125,0.0,0.0,0.0,0.0,0.0
2025-01-26 16:00:00,0.0,37.9706875,0.0,0.0,0.0,0.0,0.0
2025-01-26 17:00:00,0.0,36.4786875,0.0,0.0,0.0,0.0,0.0
2025-01-26 18:00:00,0.0,34.4134375,0.0,0.0,0.0,0.0,0.0
2025-01-26 19:00:00,0.0,33.5514375,0.0,0.0,0.0,0.0,0.0
2025-01-26 20:00:00,0.0,32.1650625,0.0,0.0,0.0,0.0,0.0
2025-01-26 21:00:00,0.0,31.789875,0.0,0.0,0.0,0.0,0.0
2025-01-26 22:00:00,0.0,33.189375,0.0,0.0,0.0,0.0,0.0
2025-01-26 23:00:00,0.0,32.588375,0.0,0.0,0.0,0.0,0.0
2025-01-27 00:00:00,0.0,28.2204375,0.0,0.0,0.0,0.0,0.0
2025-01-27 01:00:00,0.0,25.35275,0.0,0.0,0.0,0.0,0.0
2025-01-27 02:00:00,0.0,23.2666875,0.0,0.0,0.0,0.0,0.0
2025-01-27 03:00:00,0.0,22.163625,0.0,0.0,0.0,0.0,0.0
2025-01-27 04:00:00,0.0,20.9068125,0.0,0.0,0.0,0.0,0.0
2025-01-27 05:00:00,0.0,20.2215,0.0,0.0,0.0,0.0,0.0
2025-01-27 06:00:00,0.0,18.5244375,0.0,0.0,0.0,0.0,0.0
2025-01-27 07:00:00,0.0,18.7415,0.0,0.0,0.0,0.0,0.0
2025-01-27 08:00:00,0.0,20.93425,0.0,0.0,0.0,0.0,0.0
2025-01-27 09:00:00,0.0,25.3224375,0.0,0.0,0.0,0.0,0.0
2025-01-27 10:00:00,0.0,28.2299375,0.0,0.0,0.0,0.0,0.0
2025-01-27 11:00:00,0.0,29.961625,0.0,0.0,0.0,0.0,0.0
2025-01-27 12:00:00,0.0,31.157125,0.0,0.0,0.0,0.0,0.0
2025-01-27 13:00:00,0.0,32.6495625,0.0,0.0,0.0,0.0,0.0
2025-01-27 14:00:00,0.0,33.446625,0.0,0.0,0.0,0.0,0.0
2025-01-27 15:00:00,0.0,32.424875,0.0,0.0,0.0,0.0,0.0
2025-01-27 16:00:00,0.0,31.1933125,0.0,0.0,0.0,0.0,0.0
2025-01-27 17:00:00,0.0,30.811,0.0,0.0,0.0,0.0,0.0
2025-01-27 18:00:00,0.0,30.5330625,0.0,0.0,0.0,0.0,0.0
2025-01-27 19:00:00,0.0,30.450875,0.0,0.0,0.0,0.0,0.0
2025-01-27 20:00:00,0.0,29.871125,0.0,0.0,0.0,0.0,0.0
2025-01-27 21:00:00,0.0,29.7746875,0.0,0.0,0.0,0.0,0.0
2025-01-27 22:00:00,0.0,31.8481875,0.0,0.0,0.0,0.0,0.0
2025-01-27 23:00:00,0.0,32.895375,0.0,0.0,0.0,0.0,0.0
2025-01-28 00:00:00,0.0,28.9401875,0.0,0.0,0.0,0.0,0.0
2025-01-28 01:00:00,0.0,25.5489375,0.0,0.0,0.0,0.0,0.0
2025-01-28 02:00:00,0.0,23.508875,0.0,0.0,0.0,0.0,0.0
2025-01-28 03:00:00,0.0,22.341,0.0,0.0,0.0,0.0,0.0
2025-01-28 04:00:00,0.0,21.7443125,0.0,0.0,0.0,0.0,0.0
2025-01-28 05:00:00,0.0,21.666625,0.0,0.0,0.0,0.0,0.0
2025-01-28 06:00:00,0.0,19.6724375,0.0,0.0,0.0,0.0,0.0
2025-01-28 07:00:00,0.0,19.0513125,0.0,0.0,0.0,0.0,0.0
2025-01-28 08:00:00,0.0,19.3179375,0.0,0.0,0.0,0.0,0.0
2025-01-28 09:00:00,0.0,20.9424375,0.0,0.0,0.0,0.0,0.0
2025-01-28 10:00:00,0.0,23.266125,0.0,0.0,0.0,0.0,0.0
2025-01-28 11:00:00,0.0,25.4808125,0.0,0.0,0.0,0.0,0.0
2025-01-28 12:00:00,0.0,26.9865625,0.0,0.0,0.0,0.0,0.0
2025-01-28 13:00:00,0.0,28.239625,0.0,0.0,0.0,0.0,0.0
2025-01-28 14:00:00,0.0,28.259,0.0,0.0,0.0,0.0,0.0
2025-01-28 15:00:00,0.0,28.252625,0.0,0.0,0.0,0.0,0.0
2025-01-28 16:00:00,0.0,28.2215625,0.0,0.0,0.0,0.0,0.0
2025-01-28 17:00:00,0.0,27.6101875,0.0,0.0,0.0,0.0,0.0
2025-01-28 18:00:00,0.0,27.7693125,0.0,0.0,0.0,0.0,0.0
2025-01-28 19:00:00,0.0,27.864375,0.0,0.0,0.0,0.0,0.0
2025-01-28 20:00:00,0.0,28.4748125,0.0,0.0,0.0,0.0,0.0
2025-01-28 21:00:00,0.0,29.923,0.0,0.0,0.0,0.0,0.0
2025-01-28 22:00:00,0.0,32.567875,0.0,0.0,0.0,0.0,0.0
2025-01-28 23:00:00,0.0,31.7965,0.0,0.0,0.0,0.0,0.0
2025-01-29 00:00:00,0.0,28.805625,0.0,0.0,0.0,0.0,0.0
2025-01-29 01:00:00,0.0,25.3094375,0.0,0.0,0.0,0.0,0.0
2025-01-29 02:00:00,0.0,23.032,0.0,0.0,0.0,0.0,0.0
2025-01-29 03:00:00,0.0,22.0828125,0.0,0.0,0.0,0.0,0.0
2025-01-29 04:00:00,0.0,21.3531875,0.0,0.0,0.0,0.0,0.0
2025-01-29 05:00:00,0.0,21.7134375,0.0,0.0,0.0,0.0,0.0
2025-01-29 06:00:00,0.0,20.869625,0.0,0.0,0.0,0.0,0.0
2025-01-29 07:00:00,0.0,23.455125,0.0,0.0,0.0,0.0,0.0
2025-01-29 08:00:00,0.0,27.41175,0.0,0.0,0.0,0.0,0.0
2025-01-29 09:00:00,0.0,30.7973125,0.0,0.0,0.0,0.0,0.0
2025-01-29 10:00:00,0.0,33.7485,0.0,0.0,0.0,0.0,0.0
2025-01-29 11:00:00,0.0,35.586125,0.0,0.0,0.0,0.0,0.0
2025-01-29 12:00:00,0.0,35.7365625,0.0,0.0,0.0,0.0,0.0
2025-01-29 13:00:00,0.0,35.927625,0.0,0.0,0.0,0.0,0.0
2025-01-29 14:00:00,0.0,35.8396875,0.0,0.0,0.0,0.0,0.0
2025-01-29 15:00:00,0.0,35.285375,0.0,0.0,0.0,0.0,0.0
2025-01-29 16:00:00,0.0,34.43175,0.0,0.0,0.0,0.0,0.0
2025-01-29 17:00:00,0.0,33.49975,0.0,0.0,0.0,0.0,0.0
2025-01-29 18:00:00,0.0,32.777,0.0,0.0,0.0,0.0,0.0
2025-01-29 19:00:00,0.0,32.1675,0.0,0.0,0.0,0.0,0.0
2025-01-29 20:00:00,0.0,31.8319375,0.0,0.0,0.0,0.0,0.0
2025-01-29 21:00:00,0.0,32.583125,0.0,0.0,0.0,0.0,0.0
2025-01-29 22:00:00,0.0,35.32975,0.0,0.0,0.0,0.0,0.0
2025-01-29 23:00:00,0.0,33.9965625,0.0,0.0,0.0,0.0,0.0
2025-01-30 00:00:00,0.0,30.5415,0.0,0.0,0.0,0.0,0.0
2025-01-30 01:00:00,0.0,27.1185,0.0,0.0,0.0,0.0,0.0
2025-01-30 02:00:00,0.0,24.6051875,0.0,0.0,0.0,0.0,0.0
2025-01-30 03:00:00,0.0,23.200875,0.0,0.0,0.0,0.0,0.0
2025-01-30 04:00:00,0.0,22.7493125,0.0,0.0,0.0,0.0,0.0
2025-01-30 05:00:00,0.0,22.6818125,0.0,0.0,0.0,0.0,0.0
2025-01-30 06:00:00,0.0,22.5216875,0.0,0.0,0.0,0.0,0.0
2025-01-30 07:00:00,0.0,23.698,0.0,0.0,0.0,0.0,0.0
2025-01-30 08:00:00,0.0,27.950875,0.0,0.0,0.0,0.0,0.0
2025-01-30 09:00:00,0.0,32.6291875,0.0,0.0,0.0,0.0,0.0
2025-01-30 10:00:00,0.0,36.3118125,0.0,0.0,0.0,0.0,0.0
2025-01-30 11:00:00,0.0,38.2675625,0.0,0.0,0.0,0.0,0.0
2025-01-30 12:00:00,0.0,38.13275,0.0,0.0,0.0,0.0,0.0
2025-01-30 13:00:00,0.0,38.283875,0.0,0.0,0.0,0.0,0.0
2025-01-30 14:00:00,0.0,37.68225,0.0,0.0,0.0,0.0,0.0
2025-01-30 15:00:00,0.0,37.8455,0.0,0.0,0.0,0.0,0.0
2025-01-30 16:00:00,0.0,38.9060625,0.0,0.0,0.0,0.0,0.0
2025-01-30 17:00:00,0.0,38.2289375,0.0,0.0,0.0,0.0,0.0
2025-01-30 18:00:00,0.0,36.199625,0.0,0.0,0.0,0.0,0.0
2025-01-30 19:00:00,0.0,35.92975,0.0,0.0,0.0,0.0,0.0
2025-01-30 20:00:00,0.0,34.8674375,0.0,0.0,0.0,0.0,0.0
2025-01-30 21:00:00,0.0,34.1385,0.0,0.0,0.0,0.0,0.0
2025-01-30 22:00:00,0.0,35.1690625,0.0,0.0,0.0,0.0,0.0
2025-01-30 23:00:00,0.0,35.067375,0.0,0.0,0.0,0.0,0.0
2025-01-31 00:00:00,0.0,31.1868125,0.0,0.0,0.0,0.0,0.0
2025-01-31 01:00:00,0.0,28.0405,0.0,0.0,0.0,0.0,0.0
2025-01-31 02:00:00,0.0,24.504625,0.0,0.0,0.0,0.0,0.0
2025-01-31 03:00:00,0.0,22.89125,0.0,0.0,0.0,0.0,0.0
2025-01-31 04:00:00,0.0,22.0991875,0.0,0.0,0.0,0.0,0.0
2025-01-31 05:00:00,0.0,21.97,0.0,0.0,0.0,0.0,0.0
2025-01-31 06:00:00,0.0,22.53725,0.0,0.0,0.0,0.0,0.0
2025-01-31 07:00:00,0.0,24.4199375,0.0,0.0,0.0,0.0,0.0
2025-01-31 08:00:00,0.0,28.944625,0.0,0.0,0.0,0.0,0.0
2025-01-31 09:00:00,0.0,33.9446875,0.0,0.0,0.0,0.0,0.0
2025-01-31 10:00:00,0.0,36.7283125,0.0,0.0,0.0,0.0,0.0
2025-01-31 11:00:00,0.0,38.813625,0.0,0.0,0.0,0.0,0.0
2025-01-31 12:00:00,0.0,39.129875,0.0,0.0,0.0,0.0,0.0
2025-01-31 13:00:00,0.0,38.870125,0.0,0.0,0.0,0.0,0.0
2025-01-31 14:00:00,0.0,37.588625,0.0,0.0,0.0,0.0,0.0
2025-01-31 15:00:00,0.0,37.455375,0.0,0.0,0.0,0.0,0.0
2025-01-31 16:00:00,0.0,36.41325,0.0,0.0,0.0,0.0,0.0
2025-01-31 17:00:00,0.0,34.8005625,0.0,0.0,0.0,0.0,0.0
2025-01-31 18:00:00,0.0,34.4403125,0.0,0.0,0.0,0.0,0.0
2025-01-31 19:00:00,0.0,34.014875,0.0,0.0,0.0,0.0,0.0
2025-01-31 20:00:00,0.0,33.5320625,0.0,0.0,0.0,0.0,0.0
2025-01-31 21:00:00,0.0,33.7115,0.0,0.0,0.0,0.0,0.0
2025-01-31 22:00:00,0.0,35.2794375,0.0,0.0,0.0,0.0,0.0
2025-01-31 23:00:00,0.0,33.8608125,0.0,0.0,0.0,0.0,0.0
2025-02-01 00:00:00,0.0,30.4350625,0.0,0.0,0.0,0.0,0.0
2025-02-01 01:00:00,0.0,27.0453125,0.0,0.0,0.0,0.0,0.0
2025-02-01 02:00:00,0.0,24.5515625,0.0,0.0,0.0,0.0,0.0
2025-02-01 03:00:00,0.0,23.288875,0.0,0.0,0.0,0.0,0.0
2025-02-01 04:00:00,0.0,22.3238125,0.0,0.0,0.0,0.0,0.0
2025-02-01 05:00:00,0.0,21.2383125,0.0,0.0,0.0,0.0,0.0
2025-02-01 06:00:00,0.0,21.9341875,0.0,0.0,0.0,0.0,0.0
2025-02-01 07:00:00,0.0,23.1835625,0.0,0.0,0.0,0.0,0.0
2025-02-01 08:00:00,0.0,26.9540625,0.0,0.0,0.0,0.0,0.0
2025-02-01 09:00:00,0.0,31.8396875,0.0,0.0,0.0,0.0,0.0
2025-02-01 10:00:00,0.0,34.3290625,0.0,0.0,0.0,0.0,0.0
2025-02-01 11:00:00,0.0,35.7848125,0.0,0.0,0.0,0.0,0.0
2025-02-01 12:00:00,0.0,36.40975,0.0,0.0,0.0,0.0,0.0
2025-02-01 13:00:00,0.0,36.677375,0.0,0.0,0.0,0.0,0.0
2025-02-01 14:00:00,0.0,37.0251875,0.0,0.0,0.0,0.0,0.0
2025-02-01 15:00:00,0.0,36.85925,0.0,0.0,0.0,0.0,0.0
2025-02-01 16:00:00,0.0,35.482125,0.0,0.0,0.0,0.0,0.0
2025-02-01 17:00:00,0.0,33.602125,0.0,0.0,0.0,0.0,0.0
2025-02-01 18:00:00,0.0,33.0965625,0.0,0.0,0.0,0.0,0.0
2025-02-01 19:00:00,0.0,33.2401875,0.0,0.0,0.0,0.0,0.0
2025-02-01 20:00:00,0.0,31.6685625,0.0,0.0,0.0,0.0,0.0
2025-02-01 21:00:00,0.0,30.437,0.0,0.0,0.0,0.0,0.0
2025-02-01 22:00:00,0.0,33.2635625,0.0,0.0,0.0,0.0,0.0
2025-02-01 23:00:00,0.0,33.71725,0.0,0.0,0.0,0.0,0.0
2025-02-02 00:00:00,0.0,30.4064375,0.0,0.0,0.0,0.0,0.0
2025-02-02 01:00:00,0.0,27.47375,0.0,0.0,0.0,0.0,0.0
2025-02-02 02:00:00,0.0,25.38075,0.0,0.0,0.0,0.0,0.0
2025-02-02 03:00:00,0.0,24.0971875,0.0,0.0,0.0,0.0,0.0
2025-02-02 04:00:00,0.0,23.3088125,0.0,0.0,0.0,0.0,0.0
2025-02-02 05:00:00,0.0,23.0669375,0.0,0.0,0.0,0.0,0.0
2025-02-02 06:00:00,0.0,23.5249375,0.0,0.0,0.0,0.0,0.0
2025-02-02 07:00:00,0.0,24.6985625,0.0,0.0,0.0,0.0,0.0
2025-02-02 08:00:00,0.0,28.4104375,0.0,0.0,0.0,0.0,0.0
2025-02-02 09:00:00,0.0,32.2085,0.0,0.0,0.0,0.0,0.0
2025-02-02 10:00:00,0.0,35.0286875,0.0,0.0,0.0,0.0,0.0
2025-02-02 11:00:00,0.0,37.077625,0.0,0.0,0.0,0.0,0.0
2025-02-02 12:00:00,0.0,38.1045625,0.0,0.0,0.0,0.0,0.0
2025-02-02 13:00:00,0.0,38.695,0.0,0.0,0.0,0.0,0.0
2025-02-02 14:00:00,0.0,37.4809375,0.0,0.0,0.0,0.0,0.0
2025-02-02 15:00:00,0.0,37.5055625,0.0,0.0,0.0,0.0,0.0
2025-02-02 16:00:00,0.0,36.352625,0.0,0.0,0.0,0.0,0.0
2025-02-02 17:00:00,0.0,35.7130625,0.0,0.0,0.0,0.0,0.0
2025-02-02 18:00:00,0.0,35.0065625,0.0,0.0,0.0,0.0,0.0
2025-02-02 19:00:00,0.0,34.3680625,0.0,0.0,0.0,0.0,0.0
2025-02-02 20:00:00,0.0,34.1555625,0.0,0.0,0.0,0.0,0.0
2025-02-02 21:00:00,0.0,34.775375,0.0,0.0,0.0,0.0,0.0
2025-02-02 22:00:00,0.0,35.4878125,0.0,0.0,0.0,0.0,0.0
2025-02-02 23:00:00,0.0,33.178375,0.0,0.0,0.0,0.0,0.0
2025-02-03 00:00:00,0.0,29.560125,0.0,0.0,0.0,0.0,0.0
2025-02-03 01:00:00,0.0,27.7045625,0.0,0.0,0.0,0.0,0.0
2025-02-03 02:00:00,0.0,25.623,0.0,0.0,0.0,0.0,0.0
2025-02-03 03:00:00,0.0,24.3724375,0.0,0.0,0.0,0.0,0.0
2025-02-03 04:00:00,0.0,23.82925,0.0,0.0,0.0,0.0,0.0
2025-02-03 05:00:00,0.0,23.371125,0.0,0.0,0.0,0.0,0.0
2025-02-03 06:00:00,0.0,22.3155625,0.0,0.0,0.0,0.0,0.0
2025-02-03 07:00:00,0.0,21.905,0.0,0.0,0.0,0.0,0.0
2025-02-03 08:00:00,0.0,23.4890625,0.0,0.0,0.0,0.0,0.0
2025-02-03 09:00:00,0.0,26.820625,0.0,0.0,0.0,0.0,0.0
2025-02-03 10:00:00,0.0,30.63925,0.0,0.0,0.0,0.0,0.0
2025-02-03 11:00:00,0.0,32.194125,0.0,0.0,0.0,0.0,0.0
2025-02-03 12:00:00,0.0,33.0656875,0.0,0.0,0.0,0.0,0.0
2025-02-03 13:00:00,0.0,33.4883125,0.0,0.0,0.0,0.0,0.0
2025-02-03 14:00:00,0.0,33.0594375,0.0,0.0,0.0,0.0,0.0
2025-02-03 15:00:00,0.0,32.4349375,0.0,0.0,0.0,0.0,0.0
2025-02-03 16:00:00,0.0,32.19675,0.0,0.0,0.0,0.0,0.0
2025-02-03 17:00:00,0.0,31.2236875,0.0,0.0,0.0,0.0,0.0
2025-02-03 18:00:00,0.0,31.0938125,0.0,0.0,0.0,0.0,0.0
2025-02-03 19:00:00,0.0,31.680625,0.0,0.0,0.0,0.0,0.0
2025-02-03 20:00:00,0.0,32.5861875,0.0,0.0,0.0,0.0,0.0
2025-02-03 21:00:00,0.0,33.2443125,0.0,0.0,0.0,0.0,0.0
2025-02-03 22:00:00,0.0,34.8495,0.0,0.0,0.0,0.0,0.0
2025-02-03 23:00:00,0.0,33.2084375,0.0,0.0,0.0,0.0,0.0
2025-02-04 00:00:00,0.0,29.5526875,0.0,0.0,0.0,0.0,0.0
2025-02-04 01:00:00,0.0,27.179875,0.0,0.0,0.0,0.0,0.0
2025-02-04 02:00:00,0.0,25.034375,0.0,0.0,0.0,0.0,0.0
2025-02-04 03:00:00,0.0,23.4061875,0.0,0.0,0.0,0.0,0.0
2025-02-04 04:00:00,0.0,22.630875,0.0,0.0,0.0,0.0,0.0
2025-02-04 05:00:00,0.0,22.3718125,0.0,0.0,0.0,0.0,0.0
2025-02-04 06:00:00,0.0,22.159,0.0,0.0,0.0,0.0,0.0
2025-02-04 07:00:00,0.0,20.1908125,0.0,0.0,0.0,0.0,0.0
2025-02-04 08:00:00,0.0,20.7110625,0.0,0.0,0.0,0.0,0.0
2025-02-04 09:00:00,0.0,23.180875,0.0,0.0,0.0,0.0,0.0
2025-02-04 10:00:00,0.0,25.4903125,0.0,0.0,0.0,0.0,0.0
2025-02-04 11:00:00,0.0,27.6604375,0.0,0.0,0.0,0.0,0.0
2025-02-04 12:00:00,0.0,28.616125,0.0,0.0,0.0,0.0,0.0
2025-02-04 13:00:00,0.0,30.090375,0.0,0.0,0.0,0.0,0.0
2025-02-04 14:00:00,0.0,27.4699375,0.0,0.0,0.0,0.0,0.0
2025-02-04 15:00:00,0.0,30.398125,0.0,0.0,0.0,0.0,0.0
2025-02-04 16:00:00,0.0,29.2031875,0.0,0.0,0.0,0.0,0.0
2025-02-04 17:00:00,0.0,28.7483125,0.0,0.0,0.0,0.0,0.0
2025-02-04 18:00:00,0.0,28.30675,0.0,0.0,0.0,0.0,0.0
2025-02-04 19:00:00,0.0,28.596,0.0,0.0,0.0,0.0,0.0
2025-02-04 20:00:00,0.0,29.0351875,0.0,0.0,0.0,0.0,0.0
2025-02-04 21:00:00,0.0,29.5295625,0.0,0.0,0.0,0.0,0.0
2025-02-04 22:00:00,0.0,32.1481875,0.0,0.0,0.0,0.0,0.0
2025-02-04 23:00:00,0.0,30.5129375,0.0,0.0,0.0,0.0,0.0
2025-02-05 00:00:00,0.0,28.061,0.0,0.0,0.0,0.0,0.0
2025-02-05 01:00:00,0.0,25.2781875,0.0,0.0,0.0,0.0,0.0
2025-02-05 02:00:00,0.0,22.748875,0.0,0.0,0.0,0.0,0.0
2025-02-05 03:00:00,0.0,21.3215625,0.0,0.0,0.0,0.0,0.0
2025-02-05 04:00:00,0.0,20.61225,0.0,0.0,0.0,0.0,0.0
2025-02-05 05:00:00,0.0,20.4065,0.0,0.0,0.0,0.0,0.0
2025-02-05 06:00:00,0.0,20.171,0.0,0.0,0.0,0.0,0.0
2025-02-05 07:00:00,0.0,22.1896875,0.0,0.0,0.0,0.0,0.0
2025-02-05 08:00:00,0.0,25.919875,0.0,0.0,0.0,0.0,0.0
2025-02-05 09:00:00,0.0,29.8564375,0.0,0.0,0.0,0.0,0.0
2025-02-05 10:00:00,0.0,34.0731875,0.0,0.0,0.0,0.0,0.0
2025-02-05 11:00:00,0.0,36.4465625,0.0,0.0,0.0,0.0,0.0
2025-02-05 12:00:00,0.0,37.146,0.0,0.0,0.0,0.0,0.0
2025-02-05 13:00:00,0.0,37.9595625,0.0,0.0,0.0,0.0,0.0
2025-02-05 14:00:00,0.0,38.38225,0.0,0.0,0.0,0.0,0.0
2025-02-05 15:00:00,0.0,38.9948125,0.0,0.0,0.0,0.0,0.0
2025-02-05 16:00:00,0.0,38.1811875,0.0,0.0,0.0,0.0,0.0
2025-02-05 17:00:00,0.0,36.60575,0.0,0.0,0.0,0.0,0.0
2025-02-05 18:00:00,0.0,35.186125,0.0,0.0,0.0,0.0,0.0
2025-02-05 19:00:00,0.0,34.7191875,0.0,0.0,0.0,0.0,0.0
2025-02-05 20:00:00,0.0,34.563875,0.0,0.0,0.0,0.0,0.0
2025-02-05 21:00:00,0.0,33.4333125,0.0,0.0,0.0,0.0,0.0
2025-02-05 22:00:00,0.0,35.6599375,0.0,0.0,0.0,0.0,0.0
2025-02-05 23:00:00,0.0,34.238375,0.0,0.0,0.0,0.0,0.0
2025-02-06 00:00:00,0.0,29.7239375,0.0,0.0,0.0,0.0,0.0
2025-02-06 01:00:00,0.0,26.8648125,0.0,0.0,0.0,0.0,0.0
2025-02-06 02:00:00,0.0,24.8860625,0.0,0.0,0.0,0.0,0.0
2025-02-06 03:00:00,0.0,23.893625,0.0,0.0,0.0,0.0,0.0
2025-02-06 04:00:00,0.0,22.807625,0.0,0.0,0.0,0.0,0.0
2025-02-06 05:00:00,0.0,22.3431875,0.0,0.0,0.0,0.0,0.0
2025-02-06 06:00:00,0.0,22.818375,0.0,0.0,0.0,0.0,0.0
2025-02-06 07:00:00,0.0,23.62425,0.0,0.0,0.0,0.0,0.0
2025-02-06 08:00:00,0.0,27.8625,0.0,0.0,0.0,0.0,0.0
2025-02-06 09:00:00,0.0,31.1093125,0.0,0.0,0.0,0.0,0.0
2025-02-06 10:00:00,0.0,32.495875,0.0,0.0,0.0,0.0,0.0
2025-02-06 11:00:00,0.0,34.0954375,0.0,0.0,0.0,0.0,0.0
2025-02-06 12:00:00,0.0,34.6366875,0.0,0.0,0.0,0.0,0.0
2025-02-06 13:00:00,0.0,34.76925,0.0,0.0,0.0,0.0,0.0
2025-02-06 14:00:00,0.0,35.2970625,0.0,0.0,0.0,0.0,0.0
2025-02-06 15:00:00,0.0,35.3621875,0.0,0.0,0.0,0.0,0.0
2025-02-06 16:00:00,0.0,34.6395625,0.0,0.0,0.0,0.0,0.0
2025-02-06 17:00:00,0.0,33.6696875,0.0,0.0,0.0,0.0,0.0
2025-02-06 18:00:00,0.0,32.924375,0.0,0.0,0.0,0.0,0.0
2025-02-06 19:00:00,0.0,32.808375,0.0,0.0,0.0,0.0,0.0
2025-02-06 20:00:00,0.0,32.0954375,0.0,0.0,0.0,0.0,0.0
2025-02-06 21:00:00,0.0,32.9560625,0.0,0.0,0.0,0.0,0.0
2025-02-06 22:00:00,0.0,34.1510625,0.0,0.0,0.0,0.0,0.0
2025-02-06 23:00:00,0.0,32.0843125,0.0,0.0,0.0,0.0,0.0
2025-02-07 00:00:00,0.0,29.207875,0.0,0.0,0.0,0.0,0.0
2025-02-07 01:00:00,0.0,26.9096875,0.0,0.0,0.0,0.0,0.0
2025-02-07 02:00:00,0.0,25.1274375,0.0,0.0,0.0,0.0,0.0
2025-02-07 03:00:00,0.0,23.7201875,0.0,0.0,0.0,0.0,0.0
2025-02-07 04:00:00,0.0,22.281875,0.0,0.0,0.0,0.0,0.0
2025-02-07 05:00:00,0.0,21.6761875,0.0,0.0,0.0,0.0,0.0
2025-02-07 06:00:00,0.0,21.6635,0.0,0.0,0.0,0.0,0.0
2025-02-07 07:00:00,0.0,22.632875,0.0,0.0,0.0,0.0,0.0
2025-02-07 08:00:00,0.0,26.144625,0.0,0.0,0.0,0.0,0.0
2025-02-07 09:00:00,0.0,29.3570625,0.0,0.0,0.0,0.0,0.0
2025-02-07 10:00:00,0.0,31.9959375,0.0,0.0,0.0,0.0,0.0
2025-02-07 11:00:00,0.0,33.929875,0.0,0.0,0.0,0.0,0.0
2025-02-07 12:00:00,0.0,35.33475,0.0,0.0,0.0,0.0,0.0
2025-02-07 13:00:00,0.0,35.7991875,0.0,0.0,0.0,0.0,0.0
2025-02-07 14:00:00,0.0,27.1038125,0.0,0.0,0.0,0.0,0.0
2025-02-07 15:00:00,0.0,24.991125,0.0,0.0,0.0,0.0,0.0
2025-02-07 16:00:00,0.0,34.475625,0.0,0.0,0.0,0.0,0.0
2025-02-07 17:00:00,0.0,35.7196875,0.0,0.0,0.0,0.0,0.0
2025-02-07 18:00:00,0.0,35.222,0.0,0.0,0.0,0.0,0.0
2025-02-07 19:00:00,0.0,34.0449375,0.0,0.0,0.0,0.0,0.0
2025-02-07 20:00:00,0.0,33.2715,0.0,0.0,0.0,0.0,0.0
2025-02-07 21:00:00,0.0,32.93075,0.0,0.0,0.0,0.0,0.0
2025-02-07 22:00:00,0.0,33.7423125,0.0,0.0,0.0,0.0,0.0
2025-02-07 23:00:00,0.0,32.9334375,0.0,0.0,0.0,0.0,0.0
2025-02-08 00:00:00,0.0,28.6558125,0.0,0.0,0.0,0.0,0.0
2025-02-08 01:00:00,0.0,25.4218125,0.0,0.0,0.0,0.0,0.0
2025-02-08 02:00:00,0.0,23.501375,0.0,0.0,0.0,0.0,0.0
2025-02-08 03:00:00,0.0,23.548375,0.0,0.0,0.0,0.0,0.0
2025-02-08 04:00:00,0.0,21.5839375,0.0,0.0,0.0,0.0,0.0
2025-02-08 05:00:00,0.0,21.191375,0.0,0.0,0.0,0.0,0.0
2025-02-08 06:00:00,0.0,21.0065625,0.0,0.0,0.0,0.0,0.0
2025-02-08 07:00:00,0.0,22.1806875,0.0,0.0,0.0,0.0,0.0
2025-02-08 08:00:00,0.0,26.6261875,0.0,0.0,0.0,0.0,0.0
2025-02-08 09:00:00,0.0,30.583625,0.0,0.0,0.0,0.0,0.0
2025-02-08 10:00:00,0.0,33.310375,0.0,0.0,0.0,0.0,0.0
2025-02-08 11:00:00,0.0,35.0395,0.0,0.0,0.0,0.0,0.0
2025-02-08 12:00:00,0.0,35.2680625,0.0,0.0,0.0,0.0,0.0
2025-02-08 13:00:00,0.0,34.7706875,0.0,0.0,0.0,0.0,0.0
2025-02-08 14:00:00,0.0,34.256375,0.0,0.0,0.0,0.0,0.0
2025-02-08 15:00:00,0.0,34.3888125,0.0,0.0,0.0,0.0,0.0
2025-02-08 16:00:00,0.0,33.9348125,0.0,0.0,0.0,0.0,0.0
2025-02-08 17:00:00,0.0,32.6909375,0.0,0.0,0.0,0.0,0.0
2025-02-08 18:00:00,0.0,31.8593125,0.0,0.0,0.0,0.0,0.0
2025-02-08 19:00:00,0.0,31.6573125,0.0,0.0,0.0,0.0,0.0
2025-02-08 20:00:00,0.0,31.509375,0.0,0.0,0.0,0.0,0.0
2025-02-08 21:00:00,0.0,32.4476875,0.0,0.0,0.0,0.0,0.0
2025-02-08 22:00:00,0.0,34.844375,0.0,0.0,0.0,0.0,0.0
2025-02-08 23:00:00,0.0,33.3261875,0.0,0.0,0.0,0.0,0.0
2025-02-09 00:00:00,0.0,29.813875,0.0,0.0,0.0,0.0,0.0
2025-02-09 01:00:00,0.0,26.728875,0.0,0.0,0.0,0.0,0.0
2025-02-09 02:00:00,0.0,24.9470625,0.0,0.0,0.0,0.0,0.0
2025-02-09 03:00:00,0.0,23.737,0.0,0.0,0.0,0.0,0.0
2025-02-09 04:00:00,0.0,22.2969375,0.0,0.0,0.0,0.0,0.0
2025-02-09 05:00:00,0.0,22.17275,0.0,0.0,0.0,0.0,0.0
2025-02-09 06:00:00,0.0,22.051625,0.0,0.0,0.0,0.0,0.0
2025-02-09 07:00:00,0.0,23.365,0.0,0.0,0.0,0.0,0.0
2025-02-09 08:00:00,0.0,27.7916875,0.0,0.0,0.0,0.0,0.0
2025-02-09 09:00:00,0.0,31.073,0.0,0.0,0.0,0.0,0.0
2025-02-09 10:00:00,0.0,32.6173125,0.0,0.0,0.0,0.0,0.0
2025-02-09 11:00:00,0.0,34.453,0.0,0.0,0.0,0.0,0.0
2025-02-09 12:00:00,0.0,35.15525,0.0,0.0,0.0,0.0,0.0
2025-02-09 13:00:00,0.0,35.5849375,0.0,0.0,0.0,0.0,0.0
2025-02-09 14:00:00,0.0,34.873,0.0,0.0,0.0,0.0,0.0
2025-02-09 15:00:00,0.0,35.3573125,0.0,0.0,0.0,0.0,0.0
2025-02-09 16:00:00,0.0,34.3614375,0.0,0.0,0.0,0.0,0.0
2025-02-09 17:00:00,0.0,33.2544375,0.0,0.0,0.0,0.0,0.0
2025-02-09 18:00:00,0.0,32.6780625,0.0,0.0,0.0,0.0,0.0
2025-02-09 19:00:00,0.0,32.846875,0.0,0.0,0.0,0.0,0.0
2025-02-09 20:00:00,0.0,31.9594375,0.0,0.0,0.0,0.0,0.0
2025-02-09 21:00:00,0.0,31.355875,0.0,0.0,0.0,0.0,0.0
2025-02-09 22:00:00,0.0,34.10975,0.0,0.0,0.0,0.0,0.0
2025-02-09 23:00:00,0.0,32.74225,0.0,0.0,0.0,0.0,0.0
2025-02-10 00:00:00,0.0,30.830625,0.0,0.0,0.0,0.0,0.0
2025-02-10 01:00:00,0.0,28.318875,0.0,0.0,0.0,0.0,0.0
2025-02-10 02:00:00,0.0,25.6288125,0.0,0.0,0.0,0.0,0.0
2025-02-10 03:00:00,0.0,23.69875,0.0,0.0,0.0,0.0,0.0
2025-02-10 04:00:00,0.0,22.02575,0.0,0.0,0.0,0.0,0.0
2025-02-10 05:00:00,0.0,21.736875,0.0,0.0,0.0,0.0,0.0
2025-02-10 06:00:00,0.0,20.6813125,0.0,0.0,0.0,0.0,0.0
2025-02-10 07:00:00,0.0,20.127625,0.0,0.0,0.0,0.0,0.0
2025-02-10 08:00:00,0.0,23.0398125,0.0,0.0,0.0,0.0,0.0
2025-02-10 09:00:00,0.0,26.7270625,0.0,0.0,0.0,0.0,0.0
2025-02-10 10:00:00,0.0,29.758875,0.0,0.0,0.0,0.0,0.0
2025-02-10 11:00:00,0.0,31.7818125,0.0,0.0,0.0,0.0,0.0
2025-02-10 12:00:00,0.0,33.388125,0.0,0.0,0.0,0.0,0.0
2025-02-10 13:00:00,0.0,32.7845625,0.0,0.0,0.0,0.0,0.0
2025-02-10 14:00:00,0.0,32.380625,0.0,0.0,0.0,0.0,0.0
2025-02-10 15:00:00,0.0,31.9745,0.0,0.0,0.0,0.0,0.0
2025-02-10 16:00:00,0.0,30.91525,0.0,0.0,0.0,0.0,0.0
2025-02-10 17:00:00,0.0,29.800625,0.0,0.0,0.0,0.0,0.0
2025-02-10 18:00:00,0.0,29.052,0.0,0.0,0.0,0.0,0.0
2025-02-10 19:00:00,0.0,29.3453125,0.0,0.0,0.0,0.0,0.0
2025-02-10 20:00:00,0.0,29.873625,0.0,0.0,0.0,0.0,0.0
2025-02-10 21:00:00,0.0,31.1115,0.0,0.0,0.0,0.0,0.0
2025-02-10 22:00:00,0.0,33.0925,0.0,0.0,0.0,0.0,0.0
2025-02-10 23:00:00,0.0,31.7644375,0.0,0.0,0.0,0.0,0.0
2025-02-11 00:00:00,0.0,29.424875,0.0,0.0,0.0,0.0,0.0
2025-02-11 01:00:00,0.0,26.9273125,0.0,0.0,0.0,0.0,0.0
2025-02-11 02:00:00,0.0,23.985,0.0,0.0,0.0,0.0,0.0
2025-02-11 03:00:00,0.0,23.2208125,0.0,0.0,0.0,0.0,0.0
2025-02-11 04:00:00,0.0,22.6895625,0.0,0.0,0.0,0.0,0.0
2025-02-11 05:00:00,0.0,22.2775625,0.0,0.0,0.0,0.0,0.0
2025-02-11 06:00:00,0.0,21.7511875,0.0,0.0,0.0,0.0,0.0
2025-02-11 07:00:00,0.0,19.9535,0.0,0.0,0.0,0.0,0.0
2025-02-11 08:00:00,0.0,20.663,0.0,0.0,0.0,0.0,0.0
2025-02-11 09:00:00,0.0,22.2808125,0.0,0.0,0.0,0.0,0.0
2025-02-11 10:00:00,0.0,23.6111875,0.0,0.0,0.0,0.0,0.0
2025-02-11 11:00:00,0.0,25.6445625,0.0,0.0,0.0,0.0,0.0
2025-02-11 12:00:00,0.0,26.3058125,0.0,0.0,0.0,0.0,0.0
2025-02-11 13:00:00,0.0,27.7895,0.0,0.0,0.0,0.0,0.0
2025-02-11 14:00:00,0.0,27.6805,0.0,0.0,0.0,0.0,0.0
2025-02-11 15:00:00,0.0,27.1744375,0.0,0.0,0.0,0.0,0.0
2025-02-11 16:00:00,0.0,26.7289375,0.0,0.0,0.0,0.0,0.0
2025-02-11 17:00:00,0.0,26.5165625,0.0,0.0,0.0,0.0,0.0
2025-02-11 18:00:00,0.0,26.4010625,0.0,0.0,0.0,0.0,0.0
2025-02-11 19:00:00,0.0,26.6373125,0.0,0.0,0.0,0.0,0.0
2025-02-11 20:00:00,0.0,26.732375,0.0,0.0,0.0,0.0,0.0
2025-02-11 21:00:00,0.0,28.285875,0.0,0.0,0.0,0.0,0.0
2025-02-11 22:00:00,0.0,30.7650625,0.0,0.0,0.0,0.0,0.0
2025-02-11 23:00:00,0.0,30.102875,0.0,0.0,0.0,0.0,0.0
2025-02-12 00:00:00,0.0,27.8045625,0.0,0.0,0.0,0.0,0.0
2025-02-12 01:00:00,0.0,23.9155,0.0,0.0,0.0,0.0,0.0
2025-02-12 02:00:00,0.0,21.2546875,0.0,0.0,0.0,0.0,0.0
2025-02-12 03:00:00,0.0,19.6456875,0.0,0.0,0.0,0.0,0.0
2025-02-12 04:00:00,0.0,19.33325,0.0,0.0,0.0,0.0,0.0
2025-02-12 05:00:00,0.0,19.158125,0.0,0.0,0.0,0.0,0.0
2025-02-12 06:00:00,0.0,20.1331875,0.0,0.0,0.0,0.0,0.0
2025-02-12 07:00:00,0.0,22.3348125,0.0,0.0,0.0,0.0,0.0
2025-02-12 08:00:00,0.0,26.1550625,0.0,0.0,0.0,0.0,0.0
2025-02-12 09:00:00,0.0,31.2489375,0.0,0.0,0.0,0.0,0.0
2025-02-12 10:00:00,0.0,33.6893125,0.0,0.0,0.0,0.0,0.0
2025-02-12 11:00:00,0.0,35.2986875,0.0,0.0,0.0,0.0,0.0
2025-02-12 12:00:00,0.0,36.3698125,0.0,0.0,0.0,0.0,0.0
2025-02-12 13:00:00,0.0,36.3039375,0.0,0.0,0.0,0.0,0.0
2025-02-12 14:00:00,0.0,35.23775,0.0,0.0,0.0,0.0,0.0
2025-02-12 15:00:00,0.0,35.4763125,0.0,0.0,0.0,0.0,0.0
2025-02-12 16:00:00,0.0,35.5585,0.0,0.0,0.0,0.0,0.0
2025-02-12 17:00:00,0.0,33.066625,0.0,0.0,0.0,0.0,0.0
2025-02-12 18:00:00,0.0,31.2675,0.0,0.0,0.0,0.0,0.0
2025-02-12 19:00:00,0.0,30.781125,0.0,0.0,0.0,0.0,0.0
2025-02-12 20:00:00,0.0,30.7325625,0.0,0.0,0.0,0.0,0.0
2025-02-12 21:00:00,0.0,31.5959375,0.0,0.0,0.0,0.0,0.0
2025-02-12 22:00:00,0.0,31.731625,0.0,0.0,0.0,0.0,0.0
2025-02-12 23:00:00,0.0,30.221375,0.0,0.0,0.0,0.0,0.0
2025-02-13 00:00:00,0.0,26.8276875,0.0,0.0,0.0,0.0,0.0
2025-02-13 01:00:00,0.0,24.595375,0.0,0.0,0.0,0.0,0.0
2025-02-13 02:00:00,0.0,22.84525,0.0,0.0,0.0,0.0,0.0
2025-02-13 03:00:00,0.0,21.843,0.0,0.0,0.0,0.0,0.0
2025-02-13 04:00:00,0.0,20.5804375,0.0,0.0,0.0,0.0,0.0
2025-02-13 05:00:00,0.0,20.491625,0.0,0.0,0.0,0.0,0.0
2025-02-13 06:00:00,0.0,21.8664375,0.0,0.0,0.0,0.0,0.0
2025-02-13 07:00:00,0.0,22.49125,0.0,0.0,0.0,0.0,0.0
2025-02-13 08:00:00,0.0,25.2211875,0.0,0.0,0.0,0.0,0.0
2025-02-13 09:00:00,0.0,29.72675,0.0,0.0,0.0,0.0,0.0
2025-02-13 10:00:00,0.0,31.473125,0.0,0.0,0.0,0.0,0.0
2025-02-13 11:00:00,0.0,32.9463125,0.0,0.0,0.0,0.0,0.0
2025-02-13 12:00:00,0.0,34.9111875,0.0,0.0,0.0,0.0,0.0
2025-02-13 13:00:00,0.0,35.663,0.0,0.0,0.0,0.0,0.0
2025-02-13 14:00:00,0.0,34.9191875,0.0,0.0,0.0,0.0,0.0
2025-02-13 15:00:00,0.0,35.0073125,0.0,0.0,0.0,0.0,0.0
2025-02-13 16:00:00,0.0,34.795,0.0,0.0,0.0,0.0,0.0
2025-02-13 17:00:00,0.0,33.7283125,0.0,0.0,0.0,0.0,0.0
2025-02-13 18:00:00,0.0,33.114,0.0,0.0,0.0,0.0,0.0
2025-02-13 19:00:00,0.0,32.2499375,0.0,0.0,0.0,0.0,0.0
2025-02-13 20:00:00,0.0,31.953125,0.0,0.0,0.0,0.0,0.0
2025-02-13 21:00:00,0.0,33.510375,0.0,0.0,0.0,0.0,0.0
2025-02-13 22:00:00,0.0,34.2905,0.0,0.0,0.0,0.0,0.0
2025-02-13 23:00:00,0.0,32.93175,0.0,0.0,0.0,0.0,0.0
2025-02-14 00:00:00,0.0,28.421875,0.0,0.0,0.0,0.0,0.0
2025-02-14 01:00:00,0.0,25.515125,0.0,0.0,0.0,0.0,0.0
2025-02-14 02:00:00,0.0,23.4534375,0.0,0.0,0.0,0.0,0.0
2025-02-14 03:00:00,0.0,22.493875,0.0,0.0,0.0,0.0,0.0
2025-02-14 04:00:00,0.0,21.7611875,0.0,0.0,0.0,0.0,0.0
2025-02-14 05:00:00,0.0,21.814625,0.0,0.0,0.0,0.0,0.0
2025-02-14 06:00:00,0.0,22.8048125,0.0,0.0,0.0,0.0,0.0
2025-02-14 07:00:00,0.0,24.15825,0.0,0.0,0.0,0.0,0.0
2025-02-14 08:00:00,0.0,27.8055625,0.0,0.0,0.0,0.0,0.0
2025-02-14 09:00:00,0.0,33.0310625,0.0,0.0,0.0,0.0,0.0
2025-02-14 10:00:00,0.0,35.27375,0.0,0.0,0.0,0.0,0.0
2025-02-14 11:00:00,0.0,36.9175,0.0,0.0,0.0,0.0,0.0
2025-02-14 12:00:00,0.0,37.8959375,0.0,0.0,0.0,0.0,0.0
2025-02-14 13:00:00,0.0,38.1906875,0.0,0.0,0.0,0.0,0.0
2025-02-14 14:00:00,0.0,37.2738125,0.0,0.0,0.0,0.0,0.0
2025-02-14 15:00:00,0.0,37.810625,0.0,0.0,0.0,0.0,0.0
2025-02-14 16:00:00,0.0,37.6270625,0.0,0.0,0.0,0.0,0.0
2025-02-14 17:00:00,0.0,36.3758125,0.0,0.0,0.0,0.0,0.0
2025-02-14 18:00:00,0.0,35.892375,0.0,0.0,0.0,0.0,0.0
2025-02-14 19:00:00,0.0,33.9049375,0.0,0.0,0.0,0.0,0.0
2025-02-14 20:00:00,0.0,31.9155625,0.0,0.0,0.0,0.0,0.0
2025-02-14 21:00:00,0.0,32.0094375,0.0,0.0,0.0,0.0,0.0
2025-02-14 22:00:00,0.0,32.5341875,0.0,0.0,0.0,0.0,0.0
2025-02-14 23:00:00,0.0,31.0365,0.0,0.0,0.0,0.0,0.0
2025-02-15 00:00:00,0.0,28.1530625,0.0,0.0,0.0,0.0,0.0
2025-02-15 01:00:00,0.0,25.0151875,0.0,0.0,0.0,0.0,0.0
2025-02-15 02:00:00,0.0,22.6778125,0.0,0.0,0.0,0.0,0.0
2025-02-15 03:00:00,0.0,21.539875,0.0,0.0,0.0,0.0,0.0
2025-02-15 04:00:00,0.0,21.1000625,0.0,0.0,0.0,0.0,0.0
2025-02-15 05:00:00,0.0,20.83175,0.0,0.0,0.0,0.0,0.0
2025-02-15 06:00:00,0.0,21.9164375,0.0,0.0,0.0,0.0,0.0
2025-02-15 07:00:00,0.0,22.780375,0.0,0.0,0.0,0.0,0.0
2025-02-15 08:00:00,0.0,26.2365,0.0,0.0,0.0,0.0,0.0
2025-02-15 09:00:00,0.0,29.977125,0.0,0.0,0.0,0.0,0.0
2025-02-15 10:00:00,0.0,31.964,0.0,0.0,0.0,0.0,0.0
2025-02-15 11:00:00,0.0,33.5343125,0.0,0.0,0.0,0.0,0.0
2025-02-15 12:00:00,0.0,34.36725,0.0,0.0,0.0,0.0,0.0
2025-02-15 13:00:00,0.0,35.8254375,0.0,0.0,0.0,0.0,0.0
2025-02-15 14:00:00,0.0,35.95525,0.0,0.0,0.0,0.0,0.0
2025-02-15 15:00:00,0.0,33.547,0.0,0.0,0.0,0.0,0.0
2025-02-15 16:00:00,0.0,37.9268125,0.0,0.0,0.0,0.0,0.0
2025-02-15 17:00:00,0.0,36.2755,0.0,0.0,0.0,0.0,0.0
2025-02-15 18:00:00,0.0,35.2770625,0.0,0.0,0.0,0.0,0.0
2025-02-15 19:00:00,0.0,33.19425,0.0,0.0,0.0,0.0,0.0
2025-02-15 20:00:00,0.0,32.472375,0.0,0.0,0.0,0.0,0.0
2025-02-15 21:00:00,0.0,33.4785625,0.0,0.0,0.0,0.0,0.0
2025-02-15 22:00:00,0.0,34.724625,0.0,0.0,0.0,0.0,0.0
2025-02-15 23:00:00,0.0,32.5365,0.0,0.0,0.0,0.0,0.0
2025-02-16 00:00:00,0.0,28.0074375,0.0,0.0,0.0,0.0,0.0
2025-02-16 01:00:00,0.0,25.3705625,0.0,0.0,0.0,0.0,0.0
2025-02-16 02:00:00,0.0,23.3524375,0.0,0.0,0.0,0.0,0.0
2025-02-16 03:00:00,0.0,22.021625,0.0,0.0,0.0,0.0,0.0
2025-02-16 04:00:00,0.0,21.0250625,0.0,0.0,0.0,0.0,0.0
2025-02-16 05:00:00,0.0,21.2525625,0.0,0.0,0.0,0.0,0.0
2025-02-16 06:00:00,0.0,21.85925,0.0,0.0,0.0,0.0,0.0
2025-02-16 07:00:00,0.0,22.9133125,0.0,0.0,0.0,0.0,0.0
2025-02-16 08:00:00,0.0,26.7180625,0.0,0.0,0.0,0.0,0.0
2025-02-16 09:00:00,0.0,30.5766875,0.0,0.0,0.0,0.0,0.0
2025-02-16 10:00:00,0.0,33.9876875,0.0,0.0,0.0,0.0,0.0
2025-02-16 11:00:00,0.0,35.764625,0.0,0.0,0.0,0.0,0.0
2025-02-16 12:00:00,0.0,36.4465,0.0,0.0,0.0,0.0,0.0
2025-02-16 13:00:00,0.0,36.261125,0.0,0.0,0.0,0.0,0.0
2025-02-16 14:00:00,0.0,36.268375,0.0,0.0,0.0,0.0,0.0
2025-02-16 15:00:00,0.0,36.4930625,0.0,0.0,0.0,0.0,0.0
2025-02-16 16:00:00,0.0,35.492875,0.0,0.0,0.0,0.0,0.0
2025-02-16 17:00:00,0.0,34.2716875,0.0,0.0,0.0,0.0,0.0
2025-02-16 18:00:00,0.0,32.1274375,0.0,0.0,0.0,0.0,0.0
2025-02-16 19:00:00,0.0,30.8051875,0.0,0.0,0.0,0.0,0.0
2025-02-16 20:00:00,0.0,30.480875,0.0,0.0,0.0,0.0,0.0
2025-02-16 21:00:00,0.0,31.8910625,0.0,0.0,0.0,0.0,0.0
2025-02-16 22:00:00,0.0,32.6321875,0.0,0.0,0.0,0.0,0.0
2025-02-16 23:00:00,0.0,30.5128125,0.0,0.0,0.0,0.0,0.0
2025-02-17 00:00:00,0.0,27.98675,0.0,0.0,0.0,0.0,0.0
2025-02-17 01:00:00,0.0,26.581,0.0,0.0,0.0,0.0,0.0
2025-02-17 02:00:00,0.0,24.613625,0.0,0.0,0.0,0.0,0.0
2025-02-17 03:00:00,0.0,23.258625,0.0,0.0,0.0,0.0,0.0
2025-02-17 04:00:00,0.0,22.348375,0.0,0.0,0.0,0.0,0.0
2025-02-17 05:00:00,0.0,21.507375,0.0,0.0,0.0,0.0,0.0
2025-02-17 06:00:00,0.0,21.674,0.0,0.0,0.0,0.0,0.0
2025-02-17 07:00:00,0.0,19.7789375,0.0,0.0,0.0,0.0,0.0
2025-02-17 08:00:00,0.0,21.599875,0.0,0.0,0.0,0.0,0.0
2025-02-17 09:00:00,0.0,26.648375,0.0,0.0,0.0,0.0,0.0
2025-02-17 10:00:00,0.0,29.4225625,0.0,0.0,0.0,0.0,0.0
2025-02-17 11:00:00,0.0,31.327625,0.0,0.0,0.0,0.0,0.0
2025-02-17 12:00:00,0.0,31.956625,0.0,0.0,0.0,0.0,0.0
2025-02-17 13:00:00,0.0,31.7536875,0.0,0.0,0.0,0.0,0.0
2025-02-17 14:00:00,0.0,31.097625,0.0,0.0,0.0,0.0,0.0
2025-02-17 15:00:00,0.0,30.5736875,0.0,0.0,0.0,0.0,0.0
2025-02-17 16:00:00,0.0,28.2550625,0.0,0.0,0.0,0.0,0.0
2025-02-17 17:00:00,0.0,27.6315625,0.0,0.0,0.0,0.0,0.0
2025-02-17 18:00:00,0.0,27.6866875,0.0,0.0,0.0,0.0,0.0
2025-02-17 19:00:00,0.0,28.0804375,0.0,0.0,0.0,0.0,0.0
2025-02-17 20:00:00,0.0,28.3709375,0.0,0.0,0.0,0.0,0.0
2025-02-17 21:00:00,0.0,30.517875,0.0,0.0,0.0,0.0,0.0
2025-02-17 22:00:00,0.0,31.2555625,0.0,0.0,0.0,0.0,0.0
2025-02-17 23:00:00,0.0,29.7461875,0.0,0.0,0.0,0.0,0.0
2025-02-18 00:00:00,0.0,27.1740625,0.0,0.0,0.0,0.0,0.0
2025-02-18 01:00:00,0.0,24.9866875,0.0,0.0,0.0,0.0,0.0
2025-02-18 02:00:00,0.0,23.1771875,0.0,0.0,0.0,0.0,0.0
2025-02-18 03:00:00,0.0,22.0040625,0.0,0.0,0.0,0.0,0.0
2025-02-18 04:00:00,0.0,21.358,0.0,0.0,0.0,0.0,0.0
2025-02-18 05:00:00,0.0,20.7865625,0.0,0.0,0.0,0.0,0.0
2025-02-18 06:00:00,0.0,20.22725,0.0,0.0,0.0,0.0,0.0
2025-02-18 07:00:00,0.0,19.2674375,0.0,0.0,0.0,0.0,0.0
2025-02-18 08:00:00,0.0,19.3394375,0.0,0.0,0.0,0.0,0.0
2025-02-18 09:00:00,0.0,21.0135625,0.0,0.0,0.0,0.0,0.0
2025-02-18 10:00:00,0.0,23.5308125,0.0,0.0,0.0,0.0,0.0
2025-02-18 11:00:00,0.0,26.4231875,0.0,0.0,0.0,0.0,0.0
2025-02-18 12:00:00,0.0,27.4044375,0.0,0.0,0.0,0.0,0.0
2025-02-18 13:00:00,0.0,28.12625,0.0,0.0,0.0,0.0,0.0
2025-02-18 14:00:00,0.0,28.2015625,0.0,0.0,0.0,0.0,0.0
2025-02-18 15:00:00,0.0,27.5440625,0.0,0.0,0.0,0.0,0.0
2025-02-18 16:00:00,0.0,27.9160625,0.0,0.0,0.0,0.0,0.0
2025-02-18 17:00:00,0.0,27.1711875,0.0,0.0,0.0,0.0,0.0
2025-02-18 18:00:00,0.0,26.5364375,0.0,0.0,0.0,0.0,0.0
2025-02-18 19:00:00,0.0,27.0344375,0.0,0.0,0.0,0.0,0.0
2025-02-18 20:00:00,0.0,27.4213125,0.0,0.0,0.0,0.0,0.0
2025-02-18 21:00:00,0.0,29.358375,0.0,0.0,0.0,0.0,0.0
2025-02-18 22:00:00,0.0,32.0095625,0.0,0.0,0.0,0.0,0.0
2025-02-18 23:00:00,0.0,30.4053125,0.0,0.0,0.0,0.0,0.0
2025-02-19 00:00:00,0.0,27.8764375,0.0,0.0,0.0,0.0,0.0
2025-02-19 01:00:00,0.0,25.424875,0.0,0.0,0.0,0.0,0.0
2025-02-19 02:00:00,0.0,23.3500625,0.0,0.0,0.0,0.0,0.0
2025-02-19 03:00:00,0.0,22.1573125,0.0,0.0,0.0,0.0,0.0
2025-02-19 04:00:00,0.0,21.6234375,0.0,0.0,0.0,0.0,0.0
2025-02-19 05:00:00,0.0,21.5646875,0.0,0.0,0.0,0.0,0.0
2025-02-19 06:00:00,0.0,22.32325,0.0,0.0,0.0,0.0,0.0
2025-02-19 07:00:00,0.0,23.0396875,0.0,0.0,0.0,0.0,0.0
2025-02-19 08:00:00,0.0,25.9830625,0.0,0.0,0.0,0.0,0.0
2025-02-19 09:00:00,0.0,30.819375,0.0,0.0,0.0,0.0,0.0
2025-02-19 10:00:00,0.0,34.5614375,0.0,0.0,0.0,0.0,0.0
2025-02-19 11:00:00,0.0,36.377625,0.0,0.0,0.0,0.0,0.0
2025-02-19 12:00:00,0.0,37.6855,0.0,0.0,0.0,0.0,0.0
2025-02-19 13:00:00,0.0,38.47825,0.0,0.0,0.0,0.0,0.0
2025-02-19 14:00:00,0.0,36.7096875,0.0,0.0,0.0,0.0,0.0
2025-02-19 15:00:00,0.0,36.1725,0.0,0.0,0.0,0.0,0.0
2025-02-19 16:00:00,0.0,36.4528125,0.0,0.0,0.0,0.0,0.0
2025-02-19 17:00:00,0.0,36.662875,0.0,0.0,0.0,0.0,0.0
2025-02-19 18:00:00,0.0,36.55825,0.0,0.0,0.0,0.0,0.0
2025-02-19 19:00:00,0.0,36.2503125,0.0,0.0,0.0,0.0,0.0
2025-02-19 20:00:00,0.0,34.8483125,0.0,0.0,0.0,0.0,0.0
2025-02-19 21:00:00,0.0,36.0165625,0.0,0.0,0.0,0.0,0.0
2025-02-19 22:00:00,0.0,35.5546875,0.0,0.0,0.0,0.0,0.0
2025-02-19 23:00:00,0.0,32.6674375,0.0,0.0,0.0,0.0,0.0
2025-02-20 00:00:00,0.0,28.489875,0.0,0.0,0.0,0.0,0.0
2025-02-20 01:00:00,0.0,24.8124375,0.0,0.0,0.0,0.0,0.0
2025-02-20 02:00:00,0.0,22.4141875,0.0,0.0,0.0,0.0,0.0
2025-02-20 03:00:00,0.0,21.426625,0.0,0.0,0.0,0.0,0.0
2025-02-20 04:00:00,0.0,20.707125,0.0,0.0,0.0,0.0,0.0
2025-02-20 05:00:00,0.0,20.6056875,0.0,0.0,0.0,0.0,0.0
2025-02-20 06:00:00,0.0,21.4880625,0.0,0.0,0.0,0.0,0.0
2025-02-20 07:00:00,0.0,22.2375,0.0,0.0,0.0,0.0,0.0
2025-02-20 08:00:00,0.0,25.0440625,0.0,0.0,0.0,0.0,0.0
2025-02-20 09:00:00,0.0,27.4631875,0.0,0.0,0.0,0.0,0.0
2025-02-20 10:00:00,0.0,29.5708125,0.0,0.0,0.0,0.0,0.0
2025-02-20 11:00:00,0.0,31.39775,0.0,0.0,0.0,0.0,0.0
2025-02-20 12:00:00,0.0,32.708625,0.0,0.0,0.0,0.0,0.0
2025-02-20 13:00:00,0.0,32.69325,0.0,0.0,0.0,0.0,0.0
2025-02-20 14:00:00,0.0,32.53,0.0,0.0,0.0,0.0,0.0
2025-02-20 15:00:00,0.0,36.0651875,0.0,0.0,0.0,0.0,0.0
2025-02-20 16:00:00,0.0,35.4015,0.0,0.0,0.0,0.0,0.0
2025-02-20 17:00:00,0.0,34.2901875,0.0,0.0,0.0,0.0,0.0
2025-02-20 18:00:00,0.0,33.530375,0.0,0.0,0.0,0.0,0.0
2025-02-20 19:00:00,0.0,32.780625,0.0,0.0,0.0,0.0,0.0
2025-02-20 20:00:00,0.0,32.0945625,0.0,0.0,0.0,0.0,0.0
2025-02-20 21:00:00,0.0,33.9109375,0.0,0.0,0.0,0.0,0.0
2025-02-20 22:00:00,0.0,35.6230625,0.0,0.0,0.0,0.0,0.0
2025-02-20 23:00:00,0.0,33.6723125,0.0,0.0,0.0,0.0,0.0
2025-02-21 00:00:00,0.0,29.0888125,0.0,0.0,0.0,0.0,0.0
2025-02-21 01:00:00,0.0,25.59875,0.0,0.0,0.0,0.0,0.0
2025-02-21 02:00:00,0.0,23.4406875,0.0,0.0,0.0,0.0,0.0
2025-02-21 03:00:00,0.0,22.169,0.0,0.0,0.0,0.0,0.0
2025-02-21 04:00:00,0.0,21.4165,0.0,0.0,0.0,0.0,0.0
2025-02-21 05:00:00,0.0,21.130125,0.0,0.0,0.0,0.0,0.0
2025-02-21 06:00:00,0.0,22.799125,0.0,0.0,0.0,0.0,0.0
2025-02-21 07:00:00,0.0,24.207625,0.0,0.0,0.0,0.0,0.0
2025-02-21 08:00:00,0.0,26.8220625,0.0,0.0,0.0,0.0,0.0
2025-02-21 09:00:00,0.0,31.8990625,0.0,0.0,0.0,0.0,0.0
2025-02-21 10:00:00,0.0,34.6324375,0.0,0.0,0.0,0.0,0.0
2025-02-21 11:00:00,0.0,36.2678125,0.0,0.0,0.0,0.0,0.0
2025-02-21 12:00:00,0.0,36.376375,0.0,0.0,0.0,0.0,0.0
2025-02-21 13:00:00,0.0,36.186625,0.0,0.0,0.0,0.0,0.0
2025-02-21 14:00:00,0.0,35.932,0.0,0.0,0.0,0.0,0.0
2025-02-21 15:00:00,0.0,36.898375,0.0,0.0,0.0,0.0,0.0
2025-02-21 16:00:00,0.0,37.116,0.0,0.0,0.0,0.0,0.0
2025-02-21 17:00:00,0.0,36.4795,0.0,0.0,0.0,0.0,0.0
2025-02-21 18:00:00,0.0,35.357125,0.0,0.0,0.0,0.0,0.0
2025-02-21 19:00:00,0.0,33.803125,0.0,0.0,0.0,0.0,0.0
2025-02-21 20:00:00,0.0,32.55325,0.0,0.0,0.0,0.0,0.0
2025-02-21 21:00:00,0.0,34.367,0.0,0.0,0.0,0.0,0.0
2025-02-21 22:00:00,0.0,35.15775,0.0,0.0,0.0,0.0,0.0
2025-02-21 23:00:00,0.0,32.472,0.0,0.0,0.0,0.0,0.0
2025-02-22 00:00:00,0.0,28.305375,0.0,0.0,0.0,0.0,0.0
2025-02-22 01:00:00,0.0,25.112625,0.0,0.0,0.0,0.0,0.0
2025-02-22 02:00:00,0.0,23.21325,0.0,0.0,0.0,0.0,0.0
2025-02-22 03:00:00,0.0,22.15425,0.0,0.0,0.0,0.0,0.0
2025-02-22 04:00:00,0.0,21.459625,0.0,0.0,0.0,0.0,0.0
2025-02-22 05:00:00,0.0,21.420125,0.0,0.0,0.0,0.0,0.0
2025-02-22 06:00:00,0.0,22.400125,0.0,0.0,0.0,0.0,0.0
2025-02-22 07:00:00,0.0,22.851375,0.0,0.0,0.0,0.0,0.0
2025-02-22 08:00:00,0.0,26.019,0.0,0.0,0.0,0.0,0.0
2025-02-22 09:00:00,0.0,29.538375,0.0,0.0,0.0,0.0,0.0
2025-02-22 10:00:00,0.0,32.26275,0.0,0.0,0.0,0.0,0.0
2025-02-22 11:00:00,0.0,34.013625,0.0,0.0,0.0,0.0,0.0
2025-02-22 12:00:00,0.0,34.80725,0.0,0.0,0.0,0.0,0.0
2025-02-22 13:00:00,0.0,33.964875,0.0,0.0,0.0,0.0,0.0
2025-02-22 14:00:00,0.0,33.084375,0.0,0.0,0.0,0.0,0.0
2025-02-22 15:00:00,0.0,33.42475,0.0,0.0,0.0,0.0,0.0
2025-02-22 16:00:00,0.0,34.28625,0.0,0.0,0.0,0.0,0.0
2025-02-22 17:00:00,0.0,32.594625,0.0,0.0,0.0,0.0,0.0
2025-02-22 18:00:00,0.0,31.504,0.0,0.0,0.0,0.0,0.0
2025-02-22 19:00:00,0.0,30.99925,0.0,0.0,0.0,0.0,0.0
2025-02-22 20:00:00,0.0,30.58775,0.0,0.0,0.0,0.0,0.0
2025-02-22 21:00:00,0.0,32.372375,0.0,0.0,0.0,0.0,0.0
2025-02-22 22:00:00,0.0,33.119125,0.0,0.0,0.0,0.0,0.0
2025-02-22 23:00:00,0.0,31.492,0.0,0.0,0.0,0.0,0.0
2025-02-23 00:00:00,0.0,27.546,0.0,0.0,0.0,0.0,0.0
2025-02-23 01:00:00,0.0,24.384375,0.0,0.0,0.0,0.0,0.0
2025-02-23 02:00:00,0.0,22.114,0.0,0.0,0.0,0.0,0.0
2025-02-23 03:00:00,0.0,20.351875,0.0,0.0,0.0,0.0,0.0
2025-02-23 04:00:00,0.0,19.658,0.0,0.0,0.0,0.0,0.0
2025-02-23 05:00:00,0.0,19.717625,0.0,0.0,0.0,0.0,0.0
2025-02-23 06:00:00,0.0,20.635875,0.0,0.0,0.0,0.0,0.0
2025-02-23 07:00:00,0.0,21.590875,0.0,0.0,0.0,0.0,0.0
2025-02-23 08:00:00,0.0,24.963875,0.0,0.0,0.0,0.0,0.0
2025-02-23 09:00:00,0.0,30.1615,0.0,0.0,0.0,0.0,0.0
2025-02-23 10:00:00,0.0,32.760875,0.0,0.0,0.0,0.0,0.0
2025-02-23 11:00:00,0.0,34.5455,0.0,0.0,0.0,0.0,0.0
2025-02-23 12:00:00,0.0,35.393,0.0,0.0,0.0,0.0,0.0
2025-02-23 13:00:00,0.0,35.65175,0.0,0.0,0.0,0.0,0.0
2025-02-23 14:00:00,0.0,34.842875,0.0,0.0,0.0,0.0,0.0
2025-02-23 15:00:00,0.0,34.862375,0.0,0.0,0.0,0.0,0.0
2025-02-23 16:00:00,0.0,35.769875,0.0,0.0,0.0,0.0,0.0
2025-02-23 17:00:00,0.0,34.703625,0.0,0.0,0.0,0.0,0.0
2025-02-23 18:00:00,0.0,33.43075,0.0,0.0,0.0,0.0,0.0
2025-02-23 19:00:00,0.0,32.1715,0.0,0.0,0.0,0.0,0.0
2025-02-23 20:00:00,0.0,32.221875,0.0,0.0,0.0,0.0,0.0
2025-02-23 21:00:00,0.0,34.805,0.0,0.0,0.0,0.0,0.0
2025-02-23 22:00:00,0.0,35.4965,0.0,0.0,0.0,0.0,0.0
2025-02-23 23:00:00,0.0,33.58025,0.0,0.0,0.0,0.0,0.0
2025-02-24 00:00:00,0.0,28.877875,0.0,0.0,0.0,0.0,0.0
2025-02-24 01:00:00,0.0,26.11675,0.0,0.0,0.0,0.0,0.0
2025-02-24 02:00:00,0.0,24.399,0.0,0.0,0.0,0.0,0.0
2025-02-24 03:00:00,0.0,22.9725,0.0,0.0,0.0,0.0,0.0
2025-02-24 04:00:00,0.0,22.094375,0.0,0.0,0.0,0.0,0.0
2025-02-24 05:00:00,0.0,21.865625,0.0,0.0,0.0,0.0,0.0
2025-02-24 06:00:00,0.0,21.935375,0.0,0.0,0.0,0.0,0.0
2025-02-24 07:00:00,0.0,21.522625,0.0,0.0,0.0,0.0,0.0
2025-02-24 08:00:00,0.0,22.868375,0.0,0.0,0.0,0.0,0.0
2025-02-24 09:00:00,0.0,27.5125,0.0,0.0,0.0,0.0,0.0
2025-02-24 10:00:00,0.0,30.8255,0.0,0.0,0.0,0.0,0.0
2025-02-24 11:00:00,0.0,33.069875,0.0,0.0,0.0,0.0,0.0
2025-02-24 12:00:00,0.0,34.102875,0.0,0.0,0.0,0.0,0.0
2025-02-24 13:00:00,0.0,34.170875,0.0,0.0,0.0,0.0,0.0
2025-02-24 14:00:00,0.0,33.658,0.0,0.0,0.0,0.0,0.0
2025-02-24 15:00:00,0.0,32.777125,0.0,0.0,0.0,0.0,0.0
2025-02-24 16:00:00,0.0,32.164,0.0,0.0,0.0,0.0,0.0
2025-02-24 17:00:00,0.0,31.5905,0.0,0.0,0.0,0.0,0.0
2025-02-24 18:00:00,0.0,30.313625,0.0,0.0,0.0,0.0,0.0
2025-02-24 19:00:00,0.0,29.743875,0.0,0.0,0.0,0.0,0.0
2025-02-24 20:00:00,0.0,29.56225,0.0,0.0,0.0,0.0,0.0
2025-02-24 21:00:00,0.0,31.752875,0.0,0.0,0.0,0.0,0.0
2025-02-24 22:00:00,0.0,32.500625,0.0,0.0,0.0,0.0,0.0
2025-02-24 23:00:00,0.0,30.798875,0.0,0.0,0.0,0.0,0.0
2025-02-25 00:00:00,0.0,28.51925,0.0,0.0,0.0,0.0,0.0
2025-02-25 01:00:00,0.0,26.21175,0.0,0.0,0.0,0.0,0.0
2025-02-25 02:00:00,0.0,24.343375,0.0,0.0,0.0,0.0,0.0
2025-02-25 03:00:00,0.0,22.695375,0.0,0.0,0.0,0.0,0.0
2025-02-25 04:00:00,0.0,22.04575,0.0,0.0,0.0,0.0,0.0
2025-02-25 05:00:00,0.0,21.751125,0.0,0.0,0.0,0.0,0.0
2025-02-25 06:00:00,0.0,20.86175,0.0,0.0,0.0,0.0,0.0
2025-02-25 07:00:00,0.0,19.93,0.0,0.0,0.0,0.0,0.0
2025-02-25 08:00:00,0.0,20.088125,0.0,0.0,0.0,0.0,0.0
2025-02-25 09:00:00,0.0,22.311125,0.0,0.0,0.0,0.0,0.0
2025-02-25 10:00:00,0.0,24.63925,0.0,0.0,0.0,0.0,0.0
2025-02-25 11:00:00,0.0,26.528625,0.0,0.0,0.0,0.0,0.0
2025-02-25 12:00:00,0.0,27.873125,0.0,0.0,0.0,0.0,0.0
2025-02-25 13:00:00,0.0,28.599625,0.0,0.0,0.0,0.0,0.0
2025-02-25 14:00:00,0.0,29.205125,0.0,0.0,0.0,0.0,0.0
2025-02-25 15:00:00,0.0,29.061,0.0,0.0,0.0,0.0,0.0
2025-02-25 16:00:00,0.0,27.823,0.0,0.0,0.0,0.0,0.0
2025-02-25 17:00:00,0.0,27.270625,0.0,0.0,0.0,0.0,0.0
2025-02-25 18:00:00,0.0,27.76775,0.0,0.0,0.0,0.0,0.0
2025-02-25 19:00:00,0.0,28.97225,0.0,0.0,0.0,0.0,0.0
2025-02-25 20:00:00,0.0,29.18925,0.0,0.0,0.0,0.0,0.0
2025-02-25 21:00:00,0.0,32.378625,0.0,0.0,0.0,0.0,0.0
2025-02-25 22:00:00,0.0,33.3255,0.0,0.0,0.0,0.0,0.0
2025-02-25 23:00:00,0.0,31.279125,0.0,0.0,0.0,0.0,0.0
2025-02-26 00:00:00,0.0,28.6365,0.0,0.0,0.0,0.0,0.0
2025-02-26 01:00:00,0.0,25.91275,0.0,0.0,0.0,0.0,0.0
2025-02-26 02:00:00,0.0,23.621625,0.0,0.0,0.0,0.0,0.0
2025-02-26 03:00:00,0.0,22.214125,0.0,0.0,0.0,0.0,0.0
2025-02-26 04:00:00,0.0,21.5345,0.0,0.0,0.0,0.0,0.0
2025-02-26 05:00:00,0.0,21.55,0.0,0.0,0.0,0.0,0.0
2025-02-26 06:00:00,0.0,22.472125,0.0,0.0,0.0,0.0,0.0
2025-02-26 07:00:00,0.0,23.51075,0.0,0.0,0.0,0.0,0.0
2025-02-26 08:00:00,0.0,26.616875,0.0,0.0,0.0,0.0,0.0
2025-02-26 09:00:00,0.0,31.794,0.0,0.0,0.0,0.0,0.0
2025-02-26 10:00:00,0.0,34.521875,0.0,0.0,0.0,0.0,0.0
2025-02-26 11:00:00,0.0,36.165125,0.0,0.0,0.0,0.0,0.0
2025-02-26 12:00:00,0.0,37.250125,0.0,0.0,0.0,0.0,0.0
2025-02-26 13:00:00,0.0,37.641125,0.0,0.0,0.0,0.0,0.0
2025-02-26 14:00:00,0.0,36.92025,0.0,0.0,0.0,0.0,0.0
2025-02-26 15:00:00,0.0,37.007375,0.0,0.0,0.0,0.0,0.0
2025-02-26 16:00:00,0.0,36.07725,0.0,0.0,0.0,0.0,0.0
2025-02-26 17:00:00,0.0,34.764375,0.0,0.0,0.0,0.0,0.0
2025-02-26 18:00:00,0.0,33.78925,0.0,0.0,0.0,0.0,0.0
2025-02-26 19:00:00,0.0,33.483125,0.0,0.0,0.0,0.0,0.0
2025-02-26 20:00:00,0.0,33.179125,0.0,0.0,0.0,0.0,0.0
2025-02-26 21:00:00,0.0,37.0115,0.0,0.0,0.0,0.0,0.0
2025-02-26 22:00:00,0.0,36.345125,0.0,0.0,0.0,0.0,0.0
2025-02-26 23:00:00,0.0,33.155625,0.0,0.0,0.0,0.0,0.0
2025-02-27 00:00:00,0.0,28.65525,0.0,0.0,0.0,0.0,0.0
2025-02-27 01:00:00,0.0,25.39825,0.0,0.0,0.0,0.0,0.0
2025-02-27 02:00:00,0.0,23.631875,0.0,0.0,0.0,0.0,0.0
2025-02-27 03:00:00,0.0,22.333375,0.0,0.0,0.0,0.0,0.0
2025-02-27 04:00:00,0.0,21.645,0.0,0.0,0.0,0.0,0.0
2025-02-27 05:00:00,0.0,21.677375,0.0,0.0,0.0,0.0,0.0
2025-02-27 06:00:00,0.0,22.395875,0.0,0.0,0.0,0.0,0.0
2025-02-27 07:00:00,0.0,23.98324755859375,0.0,0.0,0.0,0.0,0.0
2025-02-27 08:00:00,0.0,26.77136767578125,0.0,0.0,0.0,0.0,0.0
2025-02-27 09:00:00,0.0,30.73548583984375,0.0,0.0,0.0,0.0,0.0
2025-02-27 10:00:00,0.0,33.2649873046875,0.0,0.0,0.0,0.0,0.0
2025-02-27 11:00:00,0.0,35.47227099609375,0.0,0.0,0.0,0.0,0.0
2025-02-27 12:00:00,0.0,36.540611328125,0.0,0.0,0.0,0.0,0.0
2025-02-27 13:00:00,0.0,37.1739130859375,0.0,0.0,0.0,0.0,0.0
2025-02-27 14:00:00,0.0,35.5152548828125,0.0,0.0,0.0,0.0,0.0
2025-02-27 15:00:00,0.0,35.14870703125,0.0,0.0,0.0,0.0,0.0
2025-02-27 16:00:00,0.0,35.47897265625,0.0,0.0,0.0,0.0,0.0
2025-02-27 17:00:00,0.0,34.216154296875,0.0,0.0,0.0,0.0,0.0
2025-02-27 18:00:00,0.0,32.862873046875,0.0,0.0,0.0,0.0,0.0
2025-02-27 19:00:00,0.0,32.821060546875,0.0,0.0,0.0,0.0,0.0
2025-02-27 20:00:00,0.0,33.20776171875,0.0,0.0,0.0,0.0,0.0
2025-02-27 21:00:00,0.0,35.02826171875,0.0,0.0,0.0,0.0,0.0
2025-02-27 22:00:00,0.0,34.69626171875,0.0,0.0,0.0,0.0,0.0
2025-02-27 23:00:00,0.0,32.80031640625,0.0,0.0,0.0,0.0,0.0
2025-02-28 00:00:00,0.0,29.30958984375,0.0,0.0,0.0,0.0,0.0
2025-02-28 01:00:00,0.0,25.39312890625,0.0,0.0,0.0,0.0,0.0
2025-02-28 02:00:00,0.0,22.80834765625,0.0,0.0,0.0,0.0,0.0
2025-02-28 03:00:00,0.0,21.3626015625,0.0,0.0,0.0,0.0,0.0
2025-02-28 04:00:00,0.0,21.26669921875,0.0,0.0,0.0,0.0,0.0
2025-02-28 05:00:00,0.0,21.4663515625,0.0,0.0,0.0,0.0,0.0
2025-02-28 06:00:00,0.0,21.97734375,0.0,0.0,0.0,0.0,0.0
2025-02-28 07:00:00,0.0,23.48038671875,0.0,0.0,0.0,0.0,0.0
2025-02-28 08:00:00,0.0,26.749515625,0.0,0.0,0.0,0.0,0.0
2025-02-28 09:00:00,0.0,30.2069375,0.0,0.0,0.0,0.0,0.0
2025-02-28 10:00:00,0.0,32.46673828125,0.0,0.0,0.0,0.0,0.0
2025-02-28 11:00:00,0.0,34.3606328125,0.0,0.0,0.0,0.0,0.0
2025-02-28 12:00:00,0.0,35.3892265625,0.0,0.0,0.0,0.0,0.0
2025-02-28 13:00:00,0.0,36.13361328125,0.0,0.0,0.0,0.0,0.0
2025-02-28 14:00:00,0.0,35.68937890625,0.0,0.0,0.0,0.0,0.0
2025-02-28 15:00:00,0.0,35.2610859375,0.0,0.0,0.0,0.0,0.0
2025-02-28 16:00:00,0.0,34.37115625,0.0,0.0,0.0,0.0,0.0
2025-02-28 17:00:00,0.0,33.220890625,0.0,0.0,0.0,0.0,0.0
2025-02-28 18:00:00,0.0,32.395859375,0.0,0.0,0.0,0.0,0.0
2025-02-28 19:00:00,0.0,31.8773828125,0.0,0.0,0.0,0.0,0.0
2025-02-28 20:00:00,0.0,31.893296875,0.0,0.0,0.0,0.0,0.0
2025-02-28 21:00:00,0.0,34.701640625,0.0,0.0,0.0,0.0,0.0
2025-02-28 22:00:00,0.0,34.4534453125,0.0,0.0,0.0,0.0,0.0
2025-02-28 23:00:00,0.0,31.9449765625,0.0,0.0,0.0,0.0,0.0
2025-03-01 00:00:00,0.0,29.2206484375,0.0,0.0,0.0,0.0,0.0
2025-03-01 01:00:00,0.0,26.3750859375,0.0,0.0,0.0,0.0,0.0
2025-03-01 02:00:00,0.0,23.7559375,0.0,0.0,0.0,0.0,0.0
2025-03-01 03:00:00,0.0,22.632578125,0.0,0.0,0.0,0.0,0.0
2025-03-01 04:00:00,0.0,21.70309375,0.0,0.0,0.0,0.0,0.0
2025-03-01 05:00:00,0.0,21.695375,0.0,0.0,0.0,0.0,0.0
2025-03-01 06:00:00,0.0,22.989703125,0.0,0.0,0.0,0.0,0.0
2025-03-01 07:00:00,0.0,24.822375,0.0,0.0,0.0,0.0,0.0
2025-03-01 08:00:00,0.0,27.67903125,0.0,0.0,0.0,0.0,0.0
2025-03-01 09:00:00,0.0,31.35034375,0.0,0.0,0.0,0.0,0.0
2025-03-01 10:00:00,0.0,33.738484375,0.0,0.0,0.0,0.0,0.0
2025-03-01 11:00:00,0.0,35.7363125,0.0,0.0,0.0,0.0,0.0
2025-03-01 12:00:00,0.0,36.15253125,0.0,0.0,0.0,0.0,0.0
2025-03-01 13:00:00,0.0,36.99746875,0.0,0.0,0.0,0.0,0.0
2025-03-01 14:00:00,0.0,37.022828125,0.0,0.0,0.0,0.0,0.0
2025-03-01 15:00:00,0.0,36.481171875,0.0,0.0,0.0,0.0,0.0
2025-03-01 16:00:00,0.0,36.1725625,0.0,0.0,0.0,0.0,0.0
2025-03-01 17:00:00,0.0,34.433921875,0.0,0.0,0.0,0.0,0.0
2025-03-01 18:00:00,0.0,33.384359375,0.0,0.0,0.0,0.0,0.0
2025-03-01 19:00:00,0.0,33.4818125,0.0,0.0,0.0,0.0,0.0
2025-03-01 20:00:00,0.0,32.6830625,0.0,0.0,0.0,0.0,0.0
2025-03-01 21:00:00,0.0,35.854125,0.0,0.0,0.0,0.0,0.0
2025-03-01 22:00:00,0.0,36.04971875,0.0,0.0,0.0,0.0,0.0
2025-03-01 23:00:00,0.0,33.941640625,0.0,0.0,0.0,0.0,0.0
2025-03-02 00:00:00,0.0,30.34428125,0.0,0.0,0.0,0.0,0.0
2025-03-02 01:00:00,0.0,26.82321875,0.0,0.0,0.0,0.0,0.0
2025-03-02 02:00:00,0.0,23.8093125,0.0,0.0,0.0,0.0,0.0
2025-03-02 03:00:00,0.0,22.04740625,0.0,0.0,0.0,0.0,0.0
2025-03-02 04:00:00,0.0,21.25290625,0.0,0.0,0.0,0.0,0.0
2025-03-02 05:00:00,0.0,20.72746875,0.0,0.0,0.0,0.0,0.0
2025-03-02 06:00:00,0.0,20.807765625,0.0,0.0,0.0,0.0,0.0
2025-03-02 07:00:00,0.0,20.353921875,0.0,0.0,0.0,0.0,0.0
2025-03-02 08:00:00,0.0,21.617875,0.0,0.0,0.0,0.0,0.0
2025-03-02 09:00:00,0.0,25.17659375,0.0,0.0,0.0,0.0,0.0
2025-03-02 10:00:00,0.0,27.757734375,0.0,0.0,0.0,0.0,0.0
2025-03-02 11:00:00,0.0,29.73146875,0.0,0.0,0.0,0.0,0.0
2025-03-02 12:00:00,0.0,30.809046875,0.0,0.0,0.0,0.0,0.0
2025-03-02 13:00:00,0.0,31.1028125,0.0,0.0,0.0,0.0,0.0
2025-03-02 14:00:00,0.0,30.925515625,0.0,0.0,0.0,0.0,0.0
2025-03-02 15:00:00,0.0,30.56884375,0.0,0.0,0.0,0.0,0.0
2025-03-02 16:00:00,0.0,31.556515625,0.0,0.0,0.0,0.0,0.0
2025-03-02 17:00:00,0.0,29.693265625,0.0,0.0,0.0,0.0,0.0
2025-03-02 18:00:00,0.0,29.290109375,0.0,0.0,0.0,0.0,0.0
2025-03-02 19:00:00,0.0,29.0566875,0.0,0.0,0.0,0.0,0.0
2025-03-02 20:00:00,0.0,29.620734375,0.0,0.0,0.0,0.0,0.0
2025-03-02 21:00:00,0.0,32.556703125,0.0,0.0,0.0,0.0,0.0
2025-03-02 22:00:00,0.0,32.97053125,0.0,0.0,0.0,0.0,0.0
2025-03-02 23:00:00,0.0,31.731,0.0,0.0,0.0,0.0,0.0
2025-03-03 00:00:00,0.0,29.5530625,0.0,0.0,0.0,0.0,0.0
2025-03-03 01:00:00,0.0,26.4985625,0.0,0.0,0.0,0.0,0.0
2025-03-03 02:00:00,0.0,24.16253125,0.0,0.0,0.0,0.0,0.0
2025-03-03 03:00:00,0.0,22.419078125,0.0,0.0,0.0,0.0,0.0
2025-03-03 04:00:00,0.0,21.2404375,0.0,0.0,0.0,0.0,0.0
2025-03-03 05:00:00,0.0,20.79528125,0.0,0.0,0.0,0.0,0.0
2025-03-03 06:00:00,0.0,21.03025,0.0,0.0,0.0,0.0,0.0
2025-03-03 07:00:00,0.0,20.0006875,0.0,0.0,0.0,0.0,0.0
2025-03-03 08:00:00,0.0,19.95471875,0.0,0.0,0.0,0.0,0.0
2025-03-03 09:00:00,0.0,22.46184375,0.0,0.0,0.0,0.0,0.0
2025-03-03 10:00:00,0.0,24.67703125,0.0,0.0,0.0,0.0,0.0
2025-03-03 11:00:00,0.0,27.070234375,0.0,0.0,0.0,0.0,0.0
2025-03-03 12:00:00,0.0,28.65684375,0.0,0.0,0.0,0.0,0.0
2025-03-03 13:00:00,0.0,30.7446875,0.0,0.0,0.0,0.0,0.0
2025-03-03 14:00:00,0.0,30.615203125,0.0,0.0,0.0,0.0,0.0
2025-03-03 15:00:00,0.0,29.745515625,0.0,0.0,0.0,0.0,0.0
2025-03-03 16:00:00,0.0,29.494140625,0.0,0.0,0.0,0.0,0.0
2025-03-03 17:00:00,0.0,29.030734375,0.0,0.0,0.0,0.0,0.0
2025-03-03 18:00:00,0.0,29.1666875,0.0,0.0,0.0,0.0,0.0
2025-03-03 19:00:00,0.0,29.705734375,0.0,0.0,0.0,0.0,0.0
2025-03-03 20:00:00,0.0,30.73796875,0.0,0.0,0.0,0.0,0.0
2025-03-03 21:00:00,0.0,34.905375,0.0,0.0,0.0,0.0,0.0
2025-03-03 22:00:00,0.0,34.613,0.0,0.0,0.0,0.0,0.0
2025-03-03 23:00:00,0.0,31.80384375,0.0,0.0,0.0,0.0,0.0
2025-03-04 00:00:00,0.0,28.49065625,0.0,0.0,0.0,0.0,0.0
2025-03-04 01:00:00,0.0,25.2493125,0.0,0.0,0.0,0.0,0.0
2025-03-04 02:00:00,0.0,23.1335,0.0,0.0,0.0,0.0,0.0
2025-03-04 03:00:00,0.0,21.72165625,0.0,0.0,0.0,0.0,0.0
2025-03-04 04:00:00,0.0,21.15703125,0.0,0.0,0.0,0.0,0.0
2025-03-04 05:00:00,0.0,21.1270625,0.0,0.0,0.0,0.0,0.0
2025-03-04 06:00:00,0.0,23.11265625,0.0,0.0,0.0,0.0,0.0
2025-03-04 07:00:00,0.0,25.6470625,0.0,0.0,0.0,0.0,0.0
2025-03-04 08:00:00,0.0,27.75659375,0.0,0.0,0.0,0.0,0.0
2025-03-04 09:00:00,0.0,31.3558125,0.0,0.0,0.0,0.0,0.0
2025-03-04 10:00:00,0.0,33.86728125,0.0,0.0,0.0,0.0,0.0
2025-03-04 11:00:00,0.0,35.08171875,0.0,0.0,0.0,0.0,0.0
2025-03-04 12:00:00,0.0,35.7210625,0.0,0.0,0.0,0.0,0.0
2025-03-04 13:00:00,0.0,35.92103125,0.0,0.0,0.0,0.0,0.0
2025-03-04 14:00:00,0.0,35.3911875,0.0,0.0,0.0,0.0,0.0
2025-03-04 15:00:00,0.0,35.22825,0.0,0.0,0.0,0.0,0.0
2025-03-04 16:00:00,0.0,34.9708125,0.0,0.0,0.0,0.0,0.0
2025-03-04 17:00:00,0.0,33.58871875,0.0,0.0,0.0,0.0,0.0
2025-03-04 18:00:00,0.0,33.332,0.0,0.0,0.0,0.0,0.0
2025-03-04 19:00:00,0.0,32.462875,0.0,0.0,0.0,0.0,0.0
2025-03-04 20:00:00,0.0,32.7473125,0.0,0.0,0.0,0.0,0.0
2025-03-04 21:00:00,0.0,35.84940625,0.0,0.0,0.0,0.0,0.0
2025-03-04 22:00:00,0.0,34.0384375,0.0,0.0,0.0,0.0,0.0
2025-03-04 23:00:00,0.0,30.82328125,0.0,0.0,0.0,0.0,0.0
2025-03-05 00:00:00,0.0,26.7951875,0.0,0.0,0.0,0.0,0.0
2025-03-05 01:00:00,0.0,24.13253125,0.0,0.0,0.0,0.0,0.0
2025-03-05 02:00:00,0.0,22.46675,0.0,0.0,0.0,0.0,0.0
2025-03-05 03:00:00,0.0,21.961625,0.0,0.0,0.0,0.0,0.0
2025-03-05 04:00:00,0.0,21.3170625,0.0,0.0,0.0,0.0,0.0
2025-03-05 05:00:00,0.0,21.34903125,0.0,0.0,0.0,0.0,0.0
2025-03-05 06:00:00,0.0,23.743,0.0,0.0,0.0,0.0,0.0
2025-03-05 07:00:00,0.0,27.55640625,0.0,0.0,0.0,0.0,0.0
2025-03-05 08:00:00,0.0,28.98609375,0.0,0.0,0.0,0.0,0.0
2025-03-05 09:00:00,0.0,32.14884375,0.0,0.0,0.0,0.0,0.0
2025-03-05 10:00:00,0.0,34.47690625,0.0,0.0,0.0,0.0,0.0
2025-03-05 11:00:00,0.0,36.34759375,0.0,0.0,0.0,0.0,0.0
2025-03-05 12:00:00,0.0,37.5690625,0.0,0.0,0.0,0.0,0.0
2025-03-05 13:00:00,0.0,40.198,0.0,0.0,0.0,0.0,0.0
2025-03-05 14:00:00,0.0,40.29621875,0.0,0.0,0.0,0.0,0.0
2025-03-05 15:00:00,0.0,40.411125,0.0,0.0,0.0,0.0,0.0
2025-03-05 16:00:00,0.0,40.07096875,0.0,0.0,0.0,0.0,0.0
2025-03-05 17:00:00,0.0,39.95828125,0.0,0.0,0.0,0.0,0.0
2025-03-05 18:00:00,0.0,40.10634375,0.0,0.0,0.0,0.0,0.0
2025-03-05 19:00:00,0.0,39.86603125,0.0,0.0,0.0,0.0,0.0
2025-03-05 20:00:00,0.0,39.6136875,0.0,0.0,0.0,0.0,0.0
2025-03-05 21:00:00,0.0,41.18509375,0.0,0.0,0.0,0.0,0.0
2025-03-05 22:00:00,0.0,38.81146875,0.0,0.0,0.0,0.0,0.0
2025-03-05 23:00:00,0.0,35.43115625,0.0,0.0,0.0,0.0,0.0
2025-03-06 00:00:00,0.0,28.68809375,0.0,0.0,0.0,0.0,0.0
2025-03-06 01:00:00,0.0,24.6963125,0.0,0.0,0.0,0.0,0.0
2025-03-06 02:00:00,0.0,22.09290625,0.0,0.0,0.0,0.0,0.0
2025-03-06 03:00:00,0.0,20.7938125,0.0,0.0,0.0,0.0,0.0
2025-03-06 04:00:00,0.0,20.5055625,0.0,0.0,0.0,0.0,0.0
2025-03-06 05:00:00,0.0,21.064375,0.0,0.0,0.0,0.0,0.0
2025-03-06 06:00:00,0.0,23.4930625,0.0,0.0,0.0,0.0,0.0
2025-03-06 07:00:00,0.0,27.2040625,0.0,0.0,0.0,0.0,0.0
2025-03-06 08:00:00,0.0,28.9770625,0.0,0.0,0.0,0.0,0.0
2025-03-06 09:00:00,0.0,32.13015625,0.0,0.0,0.0,0.0,0.0
2025-03-06 10:00:00,0.0,33.572625,0.0,0.0,0.0,0.0,0.0
2025-03-06 11:00:00,0.0,34.2423125,0.0,0.0,0.0,0.0,0.0
2025-03-06 12:00:00,0.0,34.8256396484375,0.0,0.0,0.0,0.0,0.0
2025-03-06 13:00:00,0.0,34.55304443359375,0.0,0.0,0.0,0.0,0.0
2025-03-06 14:00:00,0.0,34.01055908203125,0.0,0.0,0.0,0.0,0.0
2025-03-06 15:00:00,0.0,35.3644091796875,0.0,0.0,0.0,0.0,0.0
2025-03-06 16:00:00,0.0,35.740216796875,0.0,0.0,0.0,0.0,0.0
2025-03-06 17:00:00,0.0,34.99090234375,0.0,0.0,0.0,0.0,0.0
2025-03-06 18:00:00,0.0,34.403185546875,0.0,0.0,0.0,0.0,0.0
2025-03-06 19:00:00,0.0,34.246529296875,0.0,0.0,0.0,0.0,0.0
2025-03-06 20:00:00,0.0,34.515162109375,0.0,0.0,0.0,0.0,0.0
2025-03-06 21:00:00,0.0,36.5939296875,0.0,0.0,0.0,0.0,0.0
2025-03-06 22:00:00,0.0,35.1539296875,0.0,0.0,0.0,0.0,0.0
2025-03-06 23:00:00,0.0,31.9400703125,0.0,0.0,0.0,0.0,0.0
2025-03-07 00:00:00,0.0,28.2417421875,0.0,0.0,0.0,0.0,0.0
2025-03-07 01:00:00,0.0,25.126359375,0.0,0.0,0.0,0.0,0.0
2025-03-07 02:00:00,0.0,23.22142578125,0.0,0.0,0.0,0.0,0.0
2025-03-07 03:00:00,0.0,22.43514453125,0.0,0.0,0.0,0.0,0.0
2025-03-07 04:00:00,0.0,21.5196484375,0.0,0.0,0.0,0.0,0.0
2025-03-07 05:00:00,0.0,21.85034765625,0.0,0.0,0.0,0.0,0.0
2025-03-07 06:00:00,0.0,24.60547265625,0.0,0.0,0.0,0.0,0.0
2025-03-07 07:00:00,0.0,28.1868984375,0.0,0.0,0.0,0.0,0.0
2025-03-07 08:00:00,0.0,30.071515625,0.0,0.0,0.0,0.0,0.0
2025-03-07 09:00:00,0.0,35.041484375,0.0,0.0,0.0,0.0,0.0
2025-03-07 10:00:00,0.0,37.1290078125,0.0,0.0,0.0,0.0,0.0
2025-03-07 11:00:00,0.0,38.35746875,0.0,0.0,0.0,0.0,0.0
2025-03-07 12:00:00,0.0,38.8707265625,0.0,0.0,0.0,0.0,0.0
2025-03-07 13:00:00,0.0,38.53790625,0.0,0.0,0.0,0.0,0.0
2025-03-07 14:00:00,0.0,37.633484375,0.0,0.0,0.0,0.0,0.0
2025-03-07 15:00:00,0.0,37.49165625,0.0,0.0,0.0,0.0,0.0
2025-03-07 16:00:00,0.0,37.308421875,0.0,0.0,0.0,0.0,0.0
2025-03-07 17:00:00,0.0,35.0714140625,0.0,0.0,0.0,0.0,0.0
2025-03-07 18:00:00,0.0,33.77603125,0.0,0.0,0.0,0.0,0.0
2025-03-07 19:00:00,0.0,33.23515625,0.0,0.0,0.0,0.0,0.0
2025-03-07 20:00:00,0.0,33.9262421875,0.0,0.0,0.0,0.0,0.0
2025-03-07 21:00:00,0.0,35.90109375,0.0,0.0,0.0,0.0,0.0
2025-03-07 22:00:00,0.0,33.8642265625,0.0,0.0,0.0,0.0,0.0
2025-03-07 23:00:00,0.0,30.06934375,0.0,0.0,0.0,0.0,0.0
2025-03-08 00:00:00,0.0,26.66059375,0.0,0.0,0.0,0.0,0.0
2025-03-08 01:00:00,0.0,23.4705,0.0,0.0,0.0,0.0,0.0
2025-03-08 02:00:00,0.0,21.757484375,0.0,0.0,0.0,0.0,0.0
2025-03-08 03:00:00,0.0,20.58115625,0.0,0.0,0.0,0.0,0.0
2025-03-08 04:00:00,0.0,20.263140625,0.0,0.0,0.0,0.0,0.0
2025-03-08 05:00:00,0.0,20.248078125,0.0,0.0,0.0,0.0,0.0
2025-03-08 06:00:00,0.0,22.732515625,0.0,0.0,0.0,0.0,0.0
2025-03-08 07:00:00,0.0,27.24915625,0.0,0.0,0.0,0.0,0.0
2025-03-08 08:00:00,0.0,29.275671875,0.0,0.0,0.0,0.0,0.0
2025-03-08 09:00:00,0.0,31.421078125,0.0,0.0,0.0,0.0,0.0
2025-03-08 10:00:00,0.0,33.432890625,0.0,0.0,0.0,0.0,0.0
2025-03-08 11:00:00,0.0,35.281578125,0.0,0.0,0.0,0.0,0.0
2025-03-08 12:00:00,0.0,36.12284375,0.0,0.0,0.0,0.0,0.0
2025-03-08 13:00:00,0.0,36.347703125,0.0,0.0,0.0,0.0,0.0
2025-03-08 14:00:00,0.0,35.97384375,0.0,0.0,0.0,0.0,0.0
2025-03-08 15:00:00,0.0,36.153703125,0.0,0.0,0.0,0.0,0.0
2025-03-08 16:00:00,0.0,35.200828125,0.0,0.0,0.0,0.0,0.0
2025-03-08 17:00:00,0.0,35.41128125,0.0,0.0,0.0,0.0,0.0
2025-03-08 18:00:00,0.0,34.852140625,0.0,0.0,0.0,0.0,0.0
2025-03-08 19:00:00,0.0,33.470375,0.0,0.0,0.0,0.0,0.0
2025-03-08 20:00:00,0.0,33.840703125,0.0,0.0,0.0,0.0,0.0
2025-03-08 21:00:00,0.0,34.978859375,0.0,0.0,0.0,0.0,0.0
2025-03-08 22:00:00,0.0,33.119359375,0.0,0.0,0.0,0.0,0.0
2025-03-08 23:00:00,0.0,30.842703125,0.0,0.0,0.0,0.0,0.0
2025-03-09 00:00:00,0.0,27.759265625,0.0,0.0,0.0,0.0,0.0
2025-03-09 01:00:00,0.0,24.94259375,0.0,0.0,0.0,0.0,0.0
2025-03-09 02:00:00,0.0,22.93125,0.0,0.0,0.0,0.0,0.0
2025-03-09 03:00:00,0.0,21.39759375,0.0,0.0,0.0,0.0,0.0
2025-03-09 04:00:00,0.0,20.472265625,0.0,0.0,0.0,0.0,0.0
2025-03-09 05:00:00,0.0,20.40865625,0.0,0.0,0.0,0.0,0.0
2025-03-09 06:00:00,0.0,20.574515625,0.0,0.0,0.0,0.0,0.0
2025-03-09 07:00:00,0.0,21.58203125,0.0,0.0,0.0,0.0,0.0
2025-03-09 08:00:00,0.0,22.1566875,0.0,0.0,0.0,0.0,0.0
2025-03-09 09:00:00,0.0,25.4193125,0.0,0.0,0.0,0.0,0.0
2025-03-09 10:00:00,0.0,28.924046875,0.0,0.0,0.0,0.0,0.0
2025-03-09 11:00:00,0.0,32.232078125,0.0,0.0,0.0,0.0,0.0
2025-03-09 12:00:00,0.0,34.364546875,0.0,0.0,0.0,0.0,0.0
2025-03-09 13:00:00,0.0,34.558265625,0.0,0.0,0.0,0.0,0.0
2025-03-09 14:00:00,0.0,33.98284375,0.0,0.0,0.0,0.0,0.0
2025-03-09 15:00:00,0.0,32.903625,0.0,0.0,0.0,0.0,0.0
2025-03-09 16:00:00,0.0,31.79875,0.0,0.0,0.0,0.0,0.0
2025-03-09 17:00:00,0.0,31.01134375,0.0,0.0,0.0,0.0,0.0
2025-03-09 18:00:00,0.0,31.6094375,0.0,0.0,0.0,0.0,0.0
2025-03-09 19:00:00,0.0,31.77715625,0.0,0.0,0.0,0.0,0.0
2025-03-09 20:00:00,0.0,32.5361875,0.0,0.0,0.0,0.0,0.0
2025-03-09 21:00:00,0.0,34.6058125,0.0,0.0,0.0,0.0,0.0
2025-03-09 22:00:00,0.0,33.225,0.0,0.0,0.0,0.0,0.0
2025-03-09 23:00:00,0.0,31.17346875,0.0,0.0,0.0,0.0,0.0
2025-03-10 00:00:00,0.0,28.33953125,0.0,0.0,0.0,0.0,0.0
2025-03-10 01:00:00,0.0,25.74425,0.0,0.0,0.0,0.0,0.0
2025-03-10 02:00:00,0.0,23.93675,0.0,0.0,0.0,0.0,0.0
2025-03-10 03:00:00,0.0,22.21803125,0.0,0.0,0.0,0.0,0.0
2025-03-10 04:00:00,0.0,21.367625,0.0,0.0,0.0,0.0,0.0
2025-03-10 05:00:00,0.0,20.852375,0.0,0.0,0.0,0.0,0.0
2025-03-10 06:00:00,0.0,20.70090625,0.0,0.0,0.0,0.0,0.0
2025-03-10 07:00:00,0.0,20.24290625,0.0,0.0,0.0,0.0,0.0
2025-03-10 08:00:00,0.0,19.74925,0.0,0.0,0.0,0.0,0.0
2025-03-10 09:00:00,0.0,21.5699375,0.0,0.0,0.0,0.0,0.0
2025-03-10 10:00:00,0.0,24.52346875,0.0,0.0,0.0,0.0,0.0
2025-03-10 11:00:00,0.0,27.4250625,0.0,0.0,0.0,0.0,0.0
2025-03-10 12:00:00,0.0,28.872375,0.0,0.0,0.0,0.0,0.0
2025-03-10 13:00:00,0.0,30.41753125,0.0,0.0,0.0,0.0,0.0
2025-03-10 14:00:00,0.0,30.300375,0.0,0.0,0.0,0.0,0.0
2025-03-10 15:00:00,0.0,29.91084375,0.0,0.0,0.0,0.0,0.0
2025-03-10 16:00:00,0.0,29.34359375,0.0,0.0,0.0,0.0,0.0
2025-03-10 17:00:00,0.0,29.06621875,0.0,0.0,0.0,0.0,0.0
2025-03-10 18:00:00,0.0,29.47471875,0.0,0.0,0.0,0.0,0.0
2025-03-10 19:00:00,0.0,30.2154375,0.0,0.0,0.0,0.0,0.0
2025-03-10 20:00:00,0.0,32.384375,0.0,0.0,0.0,0.0,0.0
2025-03-10 21:00:00,0.0,35.4010625,0.0,0.0,0.0,0.0,0.0
2025-03-10 22:00:00,0.0,33.49221875,0.0,0.0,0.0,0.0,0.0
2025-03-10 23:00:00,0.0,30.04459375,0.0,0.0,0.0,0.0,0.0
2025-03-11 00:00:00,0.0,26.51809375,0.0,0.0,0.0,0.0,0.0
2025-03-11 01:00:00,0.0,24.12721875,0.0,0.0,0.0,0.0,0.0
2025-03-11 02:00:00,0.0,22.08234375,0.0,0.0,0.0,0.0,0.0
2025-03-11 03:00:00,0.0,20.97353125,0.0,0.0,0.0,0.0,0.0
2025-03-11 04:00:00,0.0,19.7419375,0.0,0.0,0.0,0.0,0.0
2025-03-11 05:00:00,0.0,19.81884375,0.0,0.0,0.0,0.0,0.0
2025-03-11 06:00:00,0.0,22.515875,0.0,0.0,0.0,0.0,0.0
2025-03-11 07:00:00,0.0,26.9804375,0.0,0.0,0.0,0.0,0.0
2025-03-11 08:00:00,0.0,28.04765625,0.0,0.0,0.0,0.0,0.0
2025-03-11 09:00:00,0.0,31.77096875,0.0,0.0,0.0,0.0,0.0
2025-03-11 10:00:00,0.0,33.659625,0.0,0.0,0.0,0.0,0.0
2025-03-11 11:00:00,0.0,35.0698125,0.0,0.0,0.0,0.0,0.0
2025-03-11 12:00:00,0.0,36.10140625,0.0,0.0,0.0,0.0,0.0
2025-03-11 13:00:00,0.0,36.2043125,0.0,0.0,0.0,0.0,0.0
2025-03-11 14:00:00,0.0,35.53696875,0.0,0.0,0.0,0.0,0.0
2025-03-11 15:00:00,0.0,35.59946875,0.0,0.0,0.0,0.0,0.0
2025-03-11 16:00:00,0.0,36.17225,0.0,0.0,0.0,0.0,0.0
2025-03-11 17:00:00,0.0,34.5230625,0.0,0.0,0.0,0.0,0.0
2025-03-11 18:00:00,0.0,34.21434375,0.0,0.0,0.0,0.0,0.0
2025-03-11 19:00:00,0.0,34.87778125,0.0,0.0,0.0,0.0,0.0
2025-03-11 20:00:00,0.0,36.56621875,0.0,0.0,0.0,0.0,0.0
2025-03-11 21:00:00,0.0,37.75571875,0.0,0.0,0.0,0.0,0.0
2025-03-11 22:00:00,0.0,35.2724375,0.0,0.0,0.0,0.0,0.0
2025-03-11 23:00:00,0.0,31.94684375,0.0,0.0,0.0,0.0,0.0
2025-03-12 00:00:00,0.0,27.95775,0.0,0.0,0.0,0.0,0.0
2025-03-12 01:00:00,0.0,25.129125,0.0,0.0,0.0,0.0,0.0
2025-03-12 02:00:00,0.0,22.5921875,0.0,0.0,0.0,0.0,0.0
2025-03-12 03:00:00,0.0,22.5738125,0.0,0.0,0.0,0.0,0.0
2025-03-12 04:00:00,0.0,20.9265625,0.0,0.0,0.0,0.0,0.0
2025-03-12 05:00:00,0.0,20.82115625,0.0,0.0,0.0,0.0,0.0
2025-03-12 06:00:00,0.0,23.13090625,0.0,0.0,0.0,0.0,0.0
2025-03-12 07:00:00,0.0,27.08490625,0.0,0.0,0.0,0.0,0.0
2025-03-12 08:00:00,0.0,29.0470625,0.0,0.0,0.0,0.0,0.0
2025-03-12 09:00:00,0.0,32.17709375,0.0,0.0,0.0,0.0,0.0
2025-03-12 10:00:00,0.0,35.77834375,0.0,0.0,0.0,0.0,0.0
2025-03-12 11:00:00,0.0,37.2289375,0.0,0.0,0.0,0.0,0.0
2025-03-12 12:00:00,0.0,37.8430625,0.0,0.0,0.0,0.0,0.0
2025-03-12 13:00:00,0.0,38.2029375,0.0,0.0,0.0,0.0,0.0
2025-03-12 14:00:00,0.0,38.29946875,0.0,0.0,0.0,0.0,0.0
2025-03-12 15:00:00,0.0,37.77134375,0.0,0.0,0.0,0.0,0.0
2025-03-12 16:00:00,0.0,36.65075,0.0,0.0,0.0,0.0,0.0
2025-03-12 17:00:00,0.0,35.932375,0.0,0.0,0.0,0.0,0.0
2025-03-12 18:00:00,0.0,35.0385,0.0,0.0,0.0,0.0,0.0
2025-03-12 19:00:00,0.0,34.554875,0.0,0.0,0.0,0.0,0.0
2025-03-12 20:00:00,0.0,34.594875,0.0,0.0,0.0,0.0,0.0
2025-03-12 21:00:00,0.0,37.41125,0.0,0.0,0.0,0.0,0.0
2025-03-12 22:00:00,0.0,35.94075,0.0,0.0,0.0,0.0,0.0
2025-03-12 23:00:00,0.0,31.044125,0.0,0.0,0.0,0.0,0.0
2025-03-13 00:00:00,0.0,26.52825,0.0,0.0,0.0,0.0,0.0
2025-03-13 01:00:00,0.0,23.991625,0.0,0.0,0.0,0.0,0.0
2025-03-13 02:00:00,0.0,22.3664375,0.0,0.0,0.0,0.0,0.0
2025-03-13 03:00:00,0.0,21.0999375,0.0,0.0,0.0,0.0,0.0
2025-03-13 04:00:00,0.0,20.5744375,0.0,0.0,0.0,0.0,0.0
2025-03-13 05:00:00,0.0,20.752875,0.0,0.0,0.0,0.0,0.0
2025-03-13 06:00:00,0.0,23.2478125,0.0,0.0,0.0,0.0,0.0
2025-03-13 07:00:00,0.0,27.399125,0.0,0.0,0.0,0.0,0.0
2025-03-13 08:00:00,0.0,29.7029375,0.0,0.0,0.0,0.0,0.0
2025-03-13 09:00:00,0.0,33.5270625,0.0,0.0,0.0,0.0,0.0
2025-03-13 10:00:00,0.0,36.3553125,0.0,0.0,0.0,0.0,0.0
2025-03-13 11:00:00,0.0,36.730625,0.0,0.0,0.0,0.0,0.0
2025-03-13 12:00:00,0.0,37.2675,0.0,0.0,0.0,0.0,0.0
2025-03-13 13:00:00,0.0,36.1095625,0.0,0.0,0.0,0.0,0.0
2025-03-13 14:00:00,0.0,35.268,0.0,0.0,0.0,0.0,0.0
2025-03-13 15:00:00,0.0,35.6780625,0.0,0.0,0.0,0.0,0.0
2025-03-13 16:00:00,0.0,35.3728125,0.0,0.0,0.0,0.0,0.0
2025-03-13 17:00:00,0.0,36.0084375,0.0,0.0,0.0,0.0,0.0
2025-03-13 18:00:00,0.0,35.644,0.0,0.0,0.0,0.0,0.0
2025-03-13 19:00:00,0.0,34.96075,0.0,0.0,0.0,0.0,0.0
2025-03-13 20:00:00,0.0,35.9123125,0.0,0.0,0.0,0.0,0.0
2025-03-13 21:00:00,0.0,38.0330625,0.0,0.0,0.0,0.0,0.0
2025-03-13 22:00:00,0.0,36.639875,0.0,0.0,0.0,0.0,0.0
2025-03-13 23:00:00,0.0,33.283125,0.0,0.0,0.0,0.0,0.0
2025-03-14 00:00:00,0.0,27.1013125,0.0,0.0,0.0,0.0,0.0
2025-03-14 01:00:00,0.0,23.3426875,0.0,0.0,0.0,0.0,0.0
2025-03-14 02:00:00,0.0,21.3679375,0.0,0.0,0.0,0.0,0.0
2025-03-14 03:00:00,0.0,20.5435625,0.0,0.0,0.0,0.0,0.0
2025-03-14 04:00:00,0.0,19.95025,0.0,0.0,0.0,0.0,0.0
2025-03-14 05:00:00,0.0,20.07375,0.0,0.0,0.0,0.0,0.0
2025-03-14 06:00:00,0.0,22.734375,0.0,0.0,0.0,0.0,0.0
2025-03-14 07:00:00,0.0,27.273625,0.0,0.0,0.0,0.0,0.0
2025-03-14 08:00:00,0.0,29.0013125,0.0,0.0,0.0,0.0,0.0
2025-03-14 09:00:00,0.0,32.8520625,0.0,0.0,0.0,0.0,0.0
2025-03-14 10:00:00,0.0,35.812625,0.0,0.0,0.0,0.0,0.0
2025-03-14 11:00:00,0.0,37.052375,0.0,0.0,0.0,0.0,0.0
2025-03-14 12:00:00,0.0,37.17725,0.0,0.0,0.0,0.0,0.0
2025-03-14 13:00:00,0.0,36.615375,0.0,0.0,0.0,0.0,0.0
2025-03-14 14:00:00,0.0,35.7933125,0.0,0.0,0.0,0.0,0.0
2025-03-14 15:00:00,0.0,35.51125,0.0,0.0,0.0,0.0,0.0
2025-03-14 16:00:00,0.0,34.7396875,0.0,0.0,0.0,0.0,0.0
2025-03-14 17:00:00,0.0,33.9393125,0.0,0.0,0.0,0.0,0.0
2025-03-14 18:00:00,0.0,33.0879375,0.0,0.0,0.0,0.0,0.0
2025-03-14 19:00:00,0.0,33.2224375,0.0,0.0,0.0,0.0,0.0
2025-03-14 20:00:00,0.0,34.334625,0.0,0.0,0.0,0.0,0.0
2025-03-14 21:00:00,0.0,35.7305,0.0,0.0,0.0,0.0,0.0
2025-03-14 22:00:00,0.0,33.8940625,0.0,0.0,0.0,0.0,0.0
2025-03-14 23:00:00,0.0,30.758875,0.0,0.0,0.0,0.0,0.0
2025-03-15 00:00:00,0.0,27.0784375,0.0,0.0,0.0,0.0,0.0
2025-03-15 01:00:00,0.0,23.854375,0.0,0.0,0.0,0.0,0.0
2025-03-15 02:00:00,0.0,22.0831875,0.0,0.0,0.0,0.0,0.0
2025-03-15 03:00:00,0.0,21.25025,0.0,0.0,0.0,0.0,0.0
2025-03-15 04:00:00,0.0,21.1515625,0.0,0.0,0.0,0.0,0.0
2025-03-15 05:00:00,0.0,21.307,0.0,0.0,0.0,0.0,0.0
2025-03-15 06:00:00,0.0,24.020625,0.0,0.0,0.0,0.0,0.0
2025-03-15 07:00:00,0.0,28.699125,0.0,0.0,0.0,0.0,0.0
2025-03-15 08:00:00,0.0,29.57725,0.0,0.0,0.0,0.0,0.0
2025-03-15 09:00:00,0.0,35.0404375,0.0,0.0,0.0,0.0,0.0
2025-03-15 10:00:00,0.0,36.7650625,0.0,0.0,0.0,0.0,0.0
2025-03-15 11:00:00,0.0,37.4393125,0.0,0.0,0.0,0.0,0.0
2025-03-15 12:00:00,0.0,37.4004375,0.0,0.0,0.0,0.0,0.0
2025-03-15 13:00:00,0.0,36.813375,0.0,0.0,0.0,0.0,0.0
2025-03-15 14:00:00,0.0,36.9534375,0.0,0.0,0.0,0.0,0.0
2025-03-15 15:00:00,0.0,37.10175,0.0,0.0,0.0,0.0,0.0
2025-03-15 16:00:00,0.0,35.651875,0.0,0.0,0.0,0.0,0.0
2025-03-15 17:00:00,0.0,33.0901875,0.0,0.0,0.0,0.0,0.0
2025-03-15 18:00:00,0.0,32.6800625,0.0,0.0,0.0,0.0,0.0
2025-03-15 19:00:00,0.0,32.4791875,0.0,0.0,0.0,0.0,0.0
2025-03-15 20:00:00,0.0,34.2186875,0.0,0.0,0.0,0.0,0.0
2025-03-15 21:00:00,0.0,35.8773125,0.0,0.0,0.0,0.0,0.0
2025-03-15 22:00:00,0.0,34.524625,0.0,0.0,0.0,0.0,0.0
2025-03-15 23:00:00,0.0,32.0135,0.0,0.0,0.0,0.0,0.0
2025-03-16 00:00:00,0.0,28.4999375,0.0,0.0,0.0,0.0,0.0
2025-03-16 01:00:00,0.0,25.376875,0.0,0.0,0.0,0.0,0.0
2025-03-16 02:00:00,0.0,23.8046875,0.0,0.0,0.0,0.0,0.0
2025-03-16 03:00:00,0.0,22.4733125,0.0,0.0,0.0,0.0,0.0
2025-03-16 04:00:00,0.0,21.6929375,0.0,0.0,0.0,0.0,0.0
2025-03-16 05:00:00,0.0,21.459,0.0,0.0,0.0,0.0,0.0
2025-03-16 06:00:00,0.0,21.7205625,0.0,0.0,0.0,0.0,0.0
2025-03-16 07:00:00,0.0,22.6725,0.0,0.0,0.0,0.0,0.0
2025-03-16 08:00:00,0.0,23.372,0.0,0.0,0.0,0.0,0.0
2025-03-16 09:00:00,0.0,27.1599375,0.0,0.0,0.0,0.0,0.0
2025-03-16 10:00:00,0.0,30.8921875,0.0,0.0,0.0,0.0,0.0
2025-03-16 11:00:00,0.0,33.7084375,0.0,0.0,0.0,0.0,0.0
2025-03-16 12:00:00,0.0,35.135,0.0,0.0,0.0,0.0,0.0
2025-03-16 13:00:00,0.0,34.9308125,0.0,0.0,0.0,0.0,0.0
2025-03-16 14:00:00,0.0,34.7183125,0.0,0.0,0.0,0.0,0.0
2025-03-16 15:00:00,0.0,33.823,0.0,0.0,0.0,0.0,0.0
2025-03-16 16:00:00,0.0,32.7194375,0.0,0.0,0.0,0.0,0.0
2025-03-16 17:00:00,0.0,31.866375,0.0,0.0,0.0,0.0,0.0
2025-03-16 18:00:00,0.0,32.472,0.0,0.0,0.0,0.0,0.0
2025-03-16 19:00:00,0.0,33.5221875,0.0,0.0,0.0,0.0,0.0
2025-03-16 20:00:00,0.0,35.4005,0.0,0.0,0.0,0.0,0.0
2025-03-16 21:00:00,0.0,35.763125,0.0,0.0,0.0,0.0,0.0
2025-03-16 22:00:00,0.0,33.457875,0.0,0.0,0.0,0.0,0.0
2025-03-16 23:00:00,0.0,32.27125,0.0,0.0,0.0,0.0,0.0
2025-03-17 00:00:00,0.0,29.61625,0.0,0.0,0.0,0.0,0.0
2025-03-17 01:00:00,0.0,26.724125,0.0,0.0,0.0,0.0,0.0
2025-03-17 02:00:00,0.0,24.214,0.0,0.0,0.0,0.0,0.0
2025-03-17 03:00:00,0.0,22.42775,0.0,0.0,0.0,0.0,0.0
2025-03-17 04:00:00,0.0,21.4851875,0.0,0.0,0.0,0.0,0.0
2025-03-17 05:00:00,0.0,21.009125,0.0,0.0,0.0,0.0,0.0
2025-03-17 06:00:00,0.0,20.9449375,0.0,0.0,0.0,0.0,0.0
2025-03-17 07:00:00,0.0,20.9685,0.0,0.0,0.0,0.0,0.0
2025-03-17 08:00:00,0.0,19.9449375,0.0,0.0,0.0,0.0,0.0
2025-03-17 09:00:00,0.0,22.273625,0.0,0.0,0.0,0.0,0.0
2025-03-17 10:00:00,0.0,25.3835,0.0,0.0,0.0,0.0,0.0
2025-03-17 11:00:00,0.0,27.3518125,0.0,0.0,0.0,0.0,0.0
2025-03-17 12:00:00,0.0,28.8251875,0.0,0.0,0.0,0.0,0.0
2025-03-17 13:00:00,0.0,32.0565,0.0,0.0,0.0,0.0,0.0
2025-03-17 14:00:00,0.0,31.08275,0.0,0.0,0.0,0.0,0.0
2025-03-17 15:00:00,0.0,30.4160625,0.0,0.0,0.0,0.0,0.0
2025-03-17 16:00:00,0.0,29.6501875,0.0,0.0,0.0,0.0,0.0
2025-03-17 17:00:00,0.0,29.694625,0.0,0.0,0.0,0.0,0.0
2025-03-17 18:00:00,0.0,30.1285,0.0,0.0,0.0,0.0,0.0
2025-03-17 19:00:00,0.0,30.8940625,0.0,0.0,0.0,0.0,0.0
2025-03-17 20:00:00,0.0,33.441375,0.0,0.0,0.0,0.0,0.0
2025-03-17 21:00:00,0.0,36.2145625,0.0,0.0,0.0,0.0,0.0
2025-03-17 22:00:00,0.0,34.4264375,0.0,0.0,0.0,0.0,0.0
2025-03-17 23:00:00,0.0,30.9478125,0.0,0.0,0.0,0.0,0.0
2025-03-18 00:00:00,0.0,27.133375,0.0,0.0,0.0,0.0,0.0
2025-03-18 01:00:00,0.0,23.5283125,0.0,0.0,0.0,0.0,0.0
2025-03-18 02:00:00,0.0,21.3629375,0.0,0.0,0.0,0.0,0.0
2025-03-18 03:00:00,0.0,20.3824375,0.0,0.0,0.0,0.0,0.0
2025-03-18 04:00:00,0.0,19.9710625,0.0,0.0,0.0,0.0,0.0
2025-03-18 05:00:00,0.0,20.697625,0.0,0.0,0.0,0.0,0.0
2025-03-18 06:00:00,0.0,24.2649375,0.0,0.0,0.0,0.0,0.0
2025-03-18 07:00:00,0.0,29.4280625,0.0,0.0,0.0,0.0,0.0
2025-03-18 08:00:00,0.0,30.601017333984384,0.0,0.0,0.0,0.0,0.0
2025-03-18 09:00:00,0.0,33.654326904296866,0.0,0.0,0.0,0.0,0.0
2025-03-18 10:00:00,0.0,36.05316162109375,0.0,0.0,0.0,0.0,0.0
2025-03-18 11:00:00,0.0,37.125310546875,0.0,0.0,0.0,0.0,0.0
2025-03-18 12:00:00,0.0,37.9745341796875,0.0,0.0,0.0,0.0,0.0
2025-03-18 13:00:00,0.0,37.8436552734375,0.0,0.0,0.0,0.0,0.0
2025-03-18 14:00:00,0.0,37.1375322265625,0.0,0.0,0.0,0.0,0.0
2025-03-18 15:00:00,0.0,36.5604853515625,0.0,0.0,0.0,0.0,0.0
2025-03-18 16:00:00,0.0,37.0878671875,0.0,0.0,0.0,0.0,0.0
2025-03-18 17:00:00,0.0,36.2547265625,0.0,0.0,0.0,0.0,0.0
2025-03-18 18:00:00,0.0,35.3934375,0.0,0.0,0.0,0.0,0.0
2025-03-18 19:00:00,0.0,35.385669921875,0.0,0.0,0.0,0.0,0.0
2025-03-18 20:00:00,0.0,37.12436328125,0.0,0.0,0.0,0.0,0.0
2025-03-18 21:00:00,0.0,38.443763671875,0.0,0.0,0.0,0.0,0.0
2025-03-18 22:00:00,0.0,36.286953125,0.0,0.0,0.0,0.0,0.0
2025-03-18 23:00:00,0.0,32.55778125,0.0,0.0,0.0,0.0,0.0
2025-03-19 00:00:00,0.0,28.8775,0.0,0.0,0.0,0.0,0.0
2025-03-19 01:00:00,0.0,25.62103515625,0.0,0.0,0.0,0.0,0.0
2025-03-19 02:00:00,0.0,23.74960546875,0.0,0.0,0.0,0.0,0.0
2025-03-19 03:00:00,0.0,22.76700390625,0.0,0.0,0.0,0.0,0.0
2025-03-19 04:00:00,0.0,22.2058671875,0.0,0.0,0.0,0.0,0.0
2025-03-19 05:00:00,0.0,22.41876171875,0.0,0.0,0.0,0.0,0.0
2025-03-19 06:00:00,0.0,25.17693359375,0.0,0.0,0.0,0.0,0.0
2025-03-19 07:00:00,0.0,30.28156640625,0.0,0.0,0.0,0.0,0.0
2025-03-19 08:00:00,0.0,31.77712109375,0.0,0.0,0.0,0.0,0.0
2025-03-19 09:00:00,0.0,35.17829296875,0.0,0.0,0.0,0.0,0.0
2025-03-19 10:00:00,0.0,37.42052734375,0.0,0.0,0.0,0.0,0.0
2025-03-19 11:00:00,0.0,40.00069140625,0.0,0.0,0.0,0.0,0.0
2025-03-19 12:00:00,0.0,40.17387890625,0.0,0.0,0.0,0.0,0.0
2025-03-19 13:00:00,0.0,39.872359375,0.0,0.0,0.0,0.0,0.0
2025-03-19 14:00:00,0.0,38.52549609375,0.0,0.0,0.0,0.0,0.0
2025-03-19 15:00:00,0.0,38.31384375,0.0,0.0,0.0,0.0,0.0
2025-03-19 16:00:00,0.0,38.5378359375,0.0,0.0,0.0,0.0,0.0
2025-03-19 17:00:00,0.0,38.12765625,0.0,0.0,0.0,0.0,0.0
2025-03-19 18:00:00,0.0,37.7930703125,0.0,0.0,0.0,0.0,0.0
2025-03-19 19:00:00,0.0,37.6431875,0.0,0.0,0.0,0.0,0.0
2025-03-19 20:00:00,0.0,39.364734375,0.0,0.0,0.0,0.0,0.0
2025-03-19 21:00:00,0.0,40.338109375,0.0,0.0,0.0,0.0,0.0
2025-03-19 22:00:00,0.0,36.33565625,0.0,0.0,0.0,0.0,0.0
2025-03-19 23:00:00,0.0,32.6670625,0.0,0.0,0.0,0.0,0.0
2025-03-20 00:00:00,0.0,28.436203125,0.0,0.0,0.0,0.0,0.0
2025-03-20 01:00:00,0.0,24.9858203125,0.0,0.0,0.0,0.0,0.0
2025-03-20 02:00:00,0.0,23.1369609375,0.0,0.0,0.0,0.0,0.0
2025-03-20 03:00:00,0.0,21.8845703125,0.0,0.0,0.0,0.0,0.0
2025-03-20 04:00:00,0.0,21.6055078125,0.0,0.0,0.0,0.0,0.0
2025-03-20 05:00:00,0.0,22.1449375,0.0,0.0,0.0,0.0,0.0
2025-03-20 06:00:00,0.0,24.7648359375,0.0,0.0,0.0,0.0,0.0
2025-03-20 07:00:00,0.0,29.928125,0.0,0.0,0.0,0.0,0.0
2025-03-20 08:00:00,0.0,31.2734375,0.0,0.0,0.0,0.0,0.0
2025-03-20 09:00:00,0.0,34.1402734375,0.0,0.0,0.0,0.0,0.0
2025-03-20 10:00:00,0.0,35.81659375,0.0,0.0,0.0,0.0,0.0
2025-03-20 11:00:00,0.0,37.2217265625,0.0,0.0,0.0,0.0,0.0
2025-03-20 12:00:00,0.0,37.7843203125,0.0,0.0,0.0,0.0,0.0
2025-03-20 13:00:00,0.0,37.307671875,0.0,0.0,0.0,0.0,0.0
2025-03-20 14:00:00,0.0,36.424328125,0.0,0.0,0.0,0.0,0.0
2025-03-20 15:00:00,0.0,36.3226953125,0.0,0.0,0.0,0.0,0.0
2025-03-20 16:00:00,0.0,35.778234375,0.0,0.0,0.0,0.0,0.0
2025-03-20 17:00:00,0.0,34.8284140625,0.0,0.0,0.0,0.0,0.0
2025-03-20 18:00:00,0.0,33.958875,0.0,0.0,0.0,0.0,0.0
2025-03-20 19:00:00,0.0,34.0276015625,0.0,0.0,0.0,0.0,0.0
2025-03-20 20:00:00,0.0,36.296546875,0.0,0.0,0.0,0.0,0.0
2025-03-20 21:00:00,0.0,37.756140625,0.0,0.0,0.0,0.0,0.0
2025-03-20 22:00:00,0.0,34.862671875,0.0,0.0,0.0,0.0,0.0
2025-03-20 23:00:00,0.0,31.3783125,0.0,0.0,0.0,0.0,0.0
2025-03-21 00:00:00,0.0,27.727015625,0.0,0.0,0.0,0.0,0.0
2025-03-21 01:00:00,0.0,24.534046875,0.0,0.0,0.0,0.0,0.0
2025-03-21 02:00:00,0.0,22.505515625,0.0,0.0,0.0,0.0,0.0
2025-03-21 03:00:00,0.0,21.533640625,0.0,0.0,0.0,0.0,0.0
2025-03-21 04:00:00,0.0,20.87696875,0.0,0.0,0.0,0.0,0.0
2025-03-21 05:00:00,0.0,20.9926875,0.0,0.0,0.0,0.0,0.0
2025-03-21 06:00:00,0.0,23.5054375,0.0,0.0,0.0,0.0,0.0
2025-03-21 07:00:00,0.0,28.461046875,0.0,0.0,0.0,0.0,0.0
2025-03-21 08:00:00,0.0,29.762875,0.0,0.0,0.0,0.0,0.0
2025-03-21 09:00:00,0.0,33.665296875,0.0,0.0,0.0,0.0,0.0
2025-03-21 10:00:00,0.0,35.24990625,0.0,0.0,0.0,0.0,0.0
2025-03-21 11:00:00,0.0,37.244609375,0.0,0.0,0.0,0.0,0.0
2025-03-21 12:00:00,0.0,38.34471875,0.0,0.0,0.0,0.0,0.0
2025-03-21 13:00:00,0.0,37.667453125,0.0,0.0,0.0,0.0,0.0
2025-03-21 14:00:00,0.0,36.53578125,0.0,0.0,0.0,0.0,0.0
2025-03-21 15:00:00,0.0,36.610109375,0.0,0.0,0.0,0.0,0.0
2025-03-21 16:00:00,0.0,36.425171875,0.0,0.0,0.0,0.0,0.0
2025-03-21 17:00:00,0.0,36.12675,0.0,0.0,0.0,0.0,0.0
2025-03-21 18:00:00,0.0,35.360953125,0.0,0.0,0.0,0.0,0.0
2025-03-21 19:00:00,0.0,35.03590625,0.0,0.0,0.0,0.0,0.0
2025-03-21 20:00:00,0.0,37.777171875,0.0,0.0,0.0,0.0,0.0
2025-03-21 21:00:00,0.0,38.6416875,0.0,0.0,0.0,0.0,0.0
2025-03-21 22:00:00,0.0,36.175671875,0.0,0.0,0.0,0.0,0.0
2025-03-21 23:00:00,0.0,33.00921875,0.0,0.0,0.0,0.0,0.0
2025-03-22 00:00:00,0.0,27.8166875,0.0,0.0,0.0,0.0,0.0
2025-03-22 01:00:00,0.0,25.2935625,0.0,0.0,0.0,0.0,0.0
2025-03-22 02:00:00,0.0,23.023015625,0.0,0.0,0.0,0.0,0.0
2025-03-22 03:00:00,0.0,21.911671875,0.0,0.0,0.0,0.0,0.0
2025-03-22 04:00:00,0.0,21.83590625,0.0,0.0,0.0,0.0,0.0
2025-03-22 05:00:00,0.0,21.94065625,0.0,0.0,0.0,0.0,0.0
2025-03-22 06:00:00,0.0,24.5215,0.0,0.0,0.0,0.0,0.0
2025-03-22 07:00:00,0.0,29.425765625,0.0,0.0,0.0,0.0,0.0
2025-03-22 08:00:00,0.0,30.58196875,0.0,0.0,0.0,0.0,0.0
2025-03-22 09:00:00,0.0,36.13228125,0.0,0.0,0.0,0.0,0.0
2025-03-22 10:00:00,0.0,38.106390625,0.0,0.0,0.0,0.0,0.0
2025-03-22 11:00:00,0.0,39.114390625,0.0,0.0,0.0,0.0,0.0
2025-03-22 12:00:00,0.0,39.08090625,0.0,0.0,0.0,0.0,0.0
2025-03-22 13:00:00,0.0,38.6045,0.0,0.0,0.0,0.0,0.0
2025-03-22 14:00:00,0.0,37.99571875,0.0,0.0,0.0,0.0,0.0
2025-03-22 15:00:00,0.0,38.217984375,0.0,0.0,0.0,0.0,0.0
2025-03-22 16:00:00,0.0,37.96028125,0.0,0.0,0.0,0.0,0.0
2025-03-22 17:00:00,0.0,37.167734375,0.0,0.0,0.0,0.0,0.0
2025-03-22 18:00:00,0.0,36.292640625,0.0,0.0,0.0,0.0,0.0
2025-03-22 19:00:00,0.0,36.593484375,0.0,0.0,0.0,0.0,0.0
2025-03-22 20:00:00,0.0,39.07178125,0.0,0.0,0.0,0.0,0.0
2025-03-22 21:00:00,0.0,38.77325,0.0,0.0,0.0,0.0,0.0
2025-03-22 22:00:00,0.0,36.714578125,0.0,0.0,0.0,0.0,0.0
2025-03-22 23:00:00,0.0,34.75984375,0.0,0.0,0.0,0.0,0.0
2025-03-23 00:00:00,0.0,31.31940625,0.0,0.0,0.0,0.0,0.0
2025-03-23 01:00:00,0.0,27.241375,0.0,0.0,0.0,0.0,0.0
2025-03-23 02:00:00,0.0,24.637296875,0.0,0.0,0.0,0.0,0.0
2025-03-23 03:00:00,0.0,23.581390625,0.0,0.0,0.0,0.0,0.0
2025-03-23 04:00:00,0.0,22.7576875,0.0,0.0,0.0,0.0,0.0
2025-03-23 05:00:00,0.0,22.373015625,0.0,0.0,0.0,0.0,0.0
2025-03-23 06:00:00,0.0,22.527625,0.0,0.0,0.0,0.0,0.0
2025-03-23 07:00:00,0.0,23.721171875,0.0,0.0,0.0,0.0,0.0
2025-03-23 08:00:00,0.0,23.995640625,0.0,0.0,0.0,0.0,0.0
2025-03-23 09:00:00,0.0,29.13765625,0.0,0.0,0.0,0.0,0.0
2025-03-23 10:00:00,0.0,33.2775625,0.0,0.0,0.0,0.0,0.0
2025-03-23 11:00:00,0.0,35.28775,0.0,0.0,0.0,0.0,0.0
2025-03-23 12:00:00,0.0,36.0469375,0.0,0.0,0.0,0.0,0.0
2025-03-23 13:00:00,0.0,36.3129375,0.0,0.0,0.0,0.0,0.0
2025-03-23 14:00:00,0.0,35.60284375,0.0,0.0,0.0,0.0,0.0
2025-03-23 15:00:00,0.0,34.91225,0.0,0.0,0.0,0.0,0.0
2025-03-23 16:00:00,0.0,34.00940625,0.0,0.0,0.0,0.0,0.0
2025-03-23 17:00:00,0.0,33.6355625,0.0,0.0,0.0,0.0,0.0
2025-03-23 18:00:00,0.0,33.8348125,0.0,0.0,0.0,0.0,0.0
2025-03-23 19:00:00,0.0,34.49853125,0.0,0.0,0.0,0.0,0.0
2025-03-23 20:00:00,0.0,37.851625,0.0,0.0,0.0,0.0,0.0
2025-03-23 21:00:00,0.0,38.06446875,0.0,0.0,0.0,0.0,0.0
2025-03-23 22:00:00,0.0,36.3130625,0.0,0.0,0.0,0.0,0.0
2025-03-23 23:00:00,0.0,33.87921875,0.0,0.0,0.0,0.0,0.0
2025-03-24 00:00:00,0.0,30.236125,0.0,0.0,0.0,0.0,0.0
2025-03-24 01:00:00,0.0,27.17315625,0.0,0.0,0.0,0.0,0.0
2025-03-24 02:00:00,0.0,25.2386875,0.0,0.0,0.0,0.0,0.0
2025-03-24 03:00:00,0.0,23.92578125,0.0,0.0,0.0,0.0,0.0
2025-03-24 04:00:00,0.0,22.87034375,0.0,0.0,0.0,0.0,0.0
2025-03-24 05:00:00,0.0,22.26215625,0.0,0.0,0.0,0.0,0.0
2025-03-24 06:00:00,0.0,21.7146875,0.0,0.0,0.0,0.0,0.0
2025-03-24 07:00:00,0.0,21.575125,0.0,0.0,0.0,0.0,0.0
2025-03-24 08:00:00,0.0,21.075875,0.0,0.0,0.0,0.0,0.0
2025-03-24 09:00:00,0.0,23.72875,0.0,0.0,0.0,0.0,0.0
2025-03-24 10:00:00,0.0,26.167375,0.0,0.0,0.0,0.0,0.0
2025-03-24 11:00:00,0.0,28.00165625,0.0,0.0,0.0,0.0,0.0
2025-03-24 12:00:00,0.0,29.7165625,0.0,0.0,0.0,0.0,0.0
2025-03-24 13:00:00,0.0,31.03140625,0.0,0.0,0.0,0.0,0.0
2025-03-24 14:00:00,0.0,31.39659375,0.0,0.0,0.0,0.0,0.0
2025-03-24 15:00:00,0.0,30.50515625,0.0,0.0,0.0,0.0,0.0
2025-03-24 16:00:00,0.0,30.2864375,0.0,0.0,0.0,0.0,0.0
2025-03-24 17:00:00,0.0,30.222875,0.0,0.0,0.0,0.0,0.0
2025-03-24 18:00:00,0.0,30.6433125,0.0,0.0,0.0,0.0,0.0
2025-03-24 19:00:00,0.0,31.98578125,0.0,0.0,0.0,0.0,0.0
2025-03-24 20:00:00,0.0,36.29590625,0.0,0.0,0.0,0.0,0.0
2025-03-24 21:00:00,0.0,37.18515625,0.0,0.0,0.0,0.0,0.0
2025-03-24 22:00:00,0.0,34.9908125,0.0,0.0,0.0,0.0,0.0
2025-03-24 23:00:00,0.0,31.79590625,0.0,0.0,0.0,0.0,0.0
2025-03-25 00:00:00,0.0,28.318375,0.0,0.0,0.0,0.0,0.0
2025-03-25 01:00:00,0.0,25.3149375,0.0,0.0,0.0,0.0,0.0
2025-03-25 02:00:00,0.0,22.95828125,0.0,0.0,0.0,0.0,0.0
2025-03-25 03:00:00,0.0,21.5169375,0.0,0.0,0.0,0.0,0.0
2025-03-25 04:00:00,0.0,21.00746875,0.0,0.0,0.0,0.0,0.0
2025-03-25 05:00:00,0.0,21.24121875,0.0,0.0,0.0,0.0,0.0
2025-03-25 06:00:00,0.0,24.5865,0.0,0.0,0.0,0.0,0.0
2025-03-25 07:00:00,0.0,30.164,0.0,0.0,0.0,0.0,0.0
2025-03-25 08:00:00,0.0,32.15540625,0.0,0.0,0.0,0.0,0.0
2025-03-25 09:00:00,0.0,34.71921875,0.0,0.0,0.0,0.0,0.0
2025-03-25 10:00:00,0.0,37.362,0.0,0.0,0.0,0.0,0.0
2025-03-25 11:00:00,0.0,39.3630625,0.0,0.0,0.0,0.0,0.0
2025-03-25 12:00:00,0.0,39.666,0.0,0.0,0.0,0.0,0.0
2025-03-25 13:00:00,0.0,40.4344375,0.0,0.0,0.0,0.0,0.0
2025-03-25 14:00:00,0.0,39.56228125,0.0,0.0,0.0,0.0,0.0
2025-03-25 15:00:00,0.0,39.13103125,0.0,0.0,0.0,0.0,0.0
2025-03-25 16:00:00,0.0,38.88871875,0.0,0.0,0.0,0.0,0.0
2025-03-25 17:00:00,0.0,37.8619375,0.0,0.0,0.0,0.0,0.0
2025-03-25 18:00:00,0.0,36.321,0.0,0.0,0.0,0.0,0.0
2025-03-25 19:00:00,0.0,37.11696875,0.0,0.0,0.0,0.0,0.0
2025-03-25 20:00:00,0.0,40.99509375,0.0,0.0,0.0,0.0,0.0
2025-03-25 21:00:00,0.0,39.2678125,0.0,0.0,0.0,0.0,0.0
2025-03-25 22:00:00,0.0,36.52565625,0.0,0.0,0.0,0.0,0.0
2025-03-25 23:00:00,0.0,32.799125,0.0,0.0,0.0,0.0,0.0
2025-03-26 00:00:00,0.0,27.72509375,0.0,0.0,0.0,0.0,0.0
2025-03-26 01:00:00,0.0,24.982625,0.0,0.0,0.0,0.0,0.0
2025-03-26 02:00:00,0.0,22.85278125,0.0,0.0,0.0,0.0,0.0
2025-03-26 03:00:00,0.0,21.54184375,0.0,0.0,0.0,0.0,0.0
2025-03-26 04:00:00,0.0,21.7271875,0.0,0.0,0.0,0.0,0.0
2025-03-26 05:00:00,0.0,21.77475,0.0,0.0,0.0,0.0,0.0
2025-03-26 06:00:00,0.0,24.0435625,0.0,0.0,0.0,0.0,0.0
2025-03-26 07:00:00,0.0,29.62696875,0.0,0.0,0.0,0.0,0.0
2025-03-26 08:00:00,0.0,31.64259375,0.0,0.0,0.0,0.0,0.0
2025-03-26 09:00:00,0.0,35.62171875,0.0,0.0,0.0,0.0,0.0
2025-03-26 10:00:00,0.0,37.824625,0.0,0.0,0.0,0.0,0.0
2025-03-26 11:00:00,0.0,38.7885625,0.0,0.0,0.0,0.0,0.0
2025-03-26 12:00:00,0.0,37.80778125,0.0,0.0,0.0,0.0,0.0
2025-03-26 13:00:00,0.0,37.29584375,0.0,0.0,0.0,0.0,0.0
2025-03-26 14:00:00,0.0,35.90871875,0.0,0.0,0.0,0.0,0.0
2025-03-26 15:00:00,0.0,36.306875,0.0,0.0,0.0,0.0,0.0
2025-03-26 16:00:00,0.0,36.1888125,0.0,0.0,0.0,0.0,0.0
2025-03-26 17:00:00,0.0,35.9098125,0.0,0.0,0.0,0.0,0.0
2025-03-26 18:00:00,0.0,34.96865625,0.0,0.0,0.0,0.0,0.0
2025-03-26 19:00:00,0.0,35.71434375,0.0,0.0,0.0,0.0,0.0
2025-03-26 20:00:00,0.0,38.80228125,0.0,0.0,0.0,0.0,0.0
2025-03-26 21:00:00,0.0,38.464375,0.0,0.0,0.0,0.0,0.0
2025-03-26 22:00:00,0.0,35.82259375,0.0,0.0,0.0,0.0,0.0
2025-03-26 23:00:00,0.0,32.43078125,0.0,0.0,0.0,0.0,0.0
2025-03-27 00:00:00,0.0,27.23946875,0.0,0.0,0.0,0.0,0.0
2025-03-27 01:00:00,0.0,23.84896875,0.0,0.0,0.0,0.0,0.0
2025-03-27 02:00:00,0.0,21.808625,0.0,0.0,0.0,0.0,0.0
2025-03-27 03:00:00,0.0,20.61978125,0.0,0.0,0.0,0.0,0.0
2025-03-27 04:00:00,0.0,20.7493125,0.0,0.0,0.0,0.0,0.0
2025-03-27 05:00:00,0.0,21.02140625,0.0,0.0,0.0,0.0,0.0
2025-03-27 06:00:00,0.0,23.3156875,0.0,0.0,0.0,0.0,0.0
2025-03-27 07:00:00,0.0,28.7384375,0.0,0.0,0.0,0.0,0.0
2025-03-27 08:00:00,0.0,31.2124375,0.0,0.0,0.0,0.0,0.0
2025-03-27 09:00:00,0.0,34.18596875,0.0,0.0,0.0,0.0,0.0
2025-03-27 10:00:00,0.0,36.08596875,0.0,0.0,0.0,0.0,0.0
2025-03-27 11:00:00,0.0,36.75596875,0.0,0.0,0.0,0.0,0.0
2025-03-27 12:00:00,0.0,36.9488125,0.0,0.0,0.0,0.0,0.0
2025-03-27 13:00:00,0.0,36.546375,0.0,0.0,0.0,0.0,0.0
2025-03-27 14:00:00,0.0,36.08971875,0.0,0.0,0.0,0.0,0.0
2025-03-27 15:00:00,0.0,37.34521875,0.0,0.0,0.0,0.0,0.0
2025-03-27 16:00:00,0.0,38.30690625,0.0,0.0,0.0,0.0,0.0
2025-03-27 17:00:00,0.0,38.49128125,0.0,0.0,0.0,0.0,0.0
2025-03-27 18:00:00,0.0,37.61334375,0.0,0.0,0.0,0.0,0.0
2025-03-27 19:00:00,0.0,37.96628125,0.0,0.0,0.0,0.0,0.0
2025-03-27 20:00:00,0.0,39.15134375,0.0,0.0,0.0,0.0,0.0
2025-03-27 21:00:00,0.0,38.20128125,0.0,0.0,0.0,0.0,0.0
2025-03-27 22:00:00,0.0,36.50575,0.0,0.0,0.0,0.0,0.0
2025-03-27 23:00:00,0.0,33.08303125,0.0,0.0,0.0,0.0,0.0
2025-03-28 00:00:00,0.0,29.3704375,0.0,0.0,0.0,0.0,0.0
2025-03-28 01:00:00,0.0,26.03753125,0.0,0.0,0.0,0.0,0.0
2025-03-28 02:00:00,0.0,23.644625,0.0,0.0,0.0,0.0,0.0
2025-03-28 03:00:00,0.0,22.98021875,0.0,0.0,0.0,0.0,0.0
2025-03-28 04:00:00,0.0,21.911375,0.0,0.0,0.0,0.0,0.0
2025-03-28 05:00:00,0.0,22.0726875,0.0,0.0,0.0,0.0,0.0
2025-03-28 06:00:00,0.0,24.2613125,0.0,0.0,0.0,0.0,0.0
2025-03-28 07:00:00,0.0,29.17884375,0.0,0.0,0.0,0.0,0.0
2025-03-28 08:00:00,0.0,31.452375,0.0,0.0,0.0,0.0,0.0
2025-03-28 09:00:00,0.0,35.65725,0.0,0.0,0.0,0.0,0.0
2025-03-28 10:00:00,0.0,37.7256875,0.0,0.0,0.0,0.0,0.0
2025-03-28 11:00:00,0.0,38.23175,0.0,0.0,0.0,0.0,0.0
2025-03-28 12:00:00,0.0,38.0671875,0.0,0.0,0.0,0.0,0.0
2025-03-28 13:00:00,0.0,37.7175,0.0,0.0,0.0,0.0,0.0
2025-03-28 14:00:00,0.0,36.924375,0.0,0.0,0.0,0.0,0.0
2025-03-28 15:00:00,0.0,36.5656875,0.0,0.0,0.0,0.0,0.0
2025-03-28 16:00:00,0.0,35.9708125,0.0,0.0,0.0,0.0,0.0
2025-03-28 17:00:00,0.0,34.9861875,0.0,0.0,0.0,0.0,0.0
2025-03-28 18:00:00,0.0,34.54,0.0,0.0,0.0,0.0,0.0
2025-03-28 19:00:00,0.0,34.8768125,0.0,0.0,0.0,0.0,0.0
2025-03-28 20:00:00,0.0,37.8328125,0.0,0.0,0.0,0.0,0.0
2025-03-28 21:00:00,0.0,37.5721875,0.0,0.0,0.0,0.0,0.0
2025-03-28 22:00:00,0.0,35.706375,0.0,0.0,0.0,0.0,0.0
2025-03-28 23:00:00,0.0,33.1868125,0.0,0.0,0.0,0.0,0.0
2025-03-29 00:00:00,0.0,28.5654375,0.0,0.0,0.0,0.0,0.0
2025-03-29 01:00:00,0.0,25.981875,0.0,0.0,0.0,0.0,0.0
2025-03-29 02:00:00,0.0,23.7349375,0.0,0.0,0.0,0.0,0.0
2025-03-29 03:00:00,0.0,22.201,0.0,0.0,0.0,0.0,0.0
2025-03-29 04:00:00,0.0,21.411625,0.0,0.0,0.0,0.0,0.0
2025-03-29 05:00:00,0.0,21.12,0.0,0.0,0.0,0.0,0.0
2025-03-29 06:00:00,0.0,21.2619375,0.0,0.0,0.0,0.0,0.0
2025-03-29 07:00:00,0.0,22.3041875,0.0,0.0,0.0,0.0,0.0
2025-03-29 08:00:00,0.0,22.2339375,0.0,0.0,0.0,0.0,0.0
2025-03-29 09:00:00,0.0,24.0229287109375,0.0,0.0,0.0,0.0,0.0
2025-03-29 10:00:00,0.0,26.683349609375,0.0,0.0,0.0,0.0,0.0
2025-03-29 11:00:00,0.0,29.43351318359375,0.0,0.0,0.0,0.0,0.0
2025-03-29 12:00:00,0.0,30.88197998046875,0.0,0.0,0.0,0.0,0.0
2025-03-29 13:00:00,0.0,32.0231708984375,0.0,0.0,0.0,0.0,0.0
2025-03-29 14:00:00,0.0,31.6348076171875,0.0,0.0,0.0,0.0,0.0
2025-03-29 15:00:00,0.0,30.5414658203125,0.0,0.0,0.0,0.0,0.0
2025-03-29 16:00:00,0.0,29.7973642578125,0.0,0.0,0.0,0.0,0.0
2025-03-29 17:00:00,0.0,29.326009765625,0.0,0.0,0.0,0.0,0.0
2025-03-29 18:00:00,0.0,29.584998046875,0.0,0.0,0.0,0.0,0.0
2025-03-29 19:00:00,0.0,30.623779296875,0.0,0.0,0.0,0.0,0.0
2025-03-29 20:00:00,0.0,34.20040625,0.0,0.0,0.0,0.0,0.0
2025-03-29 21:00:00,0.0,34.122560546875,0.0,0.0,0.0,0.0,0.0
2025-03-29 22:00:00,0.0,32.576427734375,0.0,0.0,0.0,0.0,0.0
2025-03-29 23:00:00,0.0,30.6762734375,0.0,0.0,0.0,0.0,0.0
2025-03-30 00:00:00,0.0,28.429859375,0.0,0.0,0.0,0.0,0.0
2025-03-30 01:00:00,0.0,25.8530390625,0.0,0.0,0.0,0.0,0.0
2025-03-30 02:00:00,0.0,23.534890625,0.0,0.0,0.0,0.0,0.0
2025-03-30 03:00:00,0.0,22.06056640625,0.0,0.0,0.0,0.0,0.0
2025-03-30 04:00:00,0.0,21.102421875,0.0,0.0,0.0,0.0,0.0
2025-03-30 05:00:00,0.0,20.67071484375,0.0,0.0,0.0,0.0,0.0
2025-03-30 06:00:00,0.0,20.55458203125,0.0,0.0,0.0,0.0,0.0
2025-03-30 07:00:00,0.0,21.25163671875,0.0,0.0,0.0,0.0,0.0
2025-03-30 08:00:00,0.0,21.51223046875,0.0,0.0,0.0,0.0,0.0
2025-03-30 09:00:00,0.0,23.85916015625,0.0,0.0,0.0,0.0,0.0
2025-03-30 10:00:00,0.0,27.10259765625,0.0,0.0,0.0,0.0,0.0
2025-03-30 11:00:00,0.0,29.43780078125,0.0,0.0,0.0,0.0,0.0
2025-03-30 12:00:00,0.0,30.37133984375,0.0,0.0,0.0,0.0,0.0
2025-03-30 13:00:00,0.0,31.48262109375,0.0,0.0,0.0,0.0,0.0
2025-03-30 14:00:00,0.0,31.1728984375,0.0,0.0,0.0,0.0,0.0
2025-03-30 15:00:00,0.0,30.64262109375,0.0,0.0,0.0,0.0,0.0
2025-03-30 16:00:00,0.0,31.6998125,0.0,0.0,0.0,0.0,0.0
2025-03-30 17:00:00,0.0,32.0161953125,0.0,0.0,0.0,0.0,0.0
2025-03-30 18:00:00,0.0,32.4963359375,0.0,0.0,0.0,0.0,0.0
2025-03-30 19:00:00,0.0,33.8170234375,0.0,0.0,0.0,0.0,0.0
2025-03-30 20:00:00,0.0,36.6624453125,0.0,0.0,0.0,0.0,0.0
2025-03-30 21:00:00,0.0,36.3391640625,0.0,0.0,0.0,0.0,0.0
2025-03-30 22:00:00,0.0,34.511578125,0.0,0.0,0.0,0.0,0.0
2025-03-30 23:00:00,0.0,32.8391640625,0.0,0.0,0.0,0.0,0.0
2025-03-31 00:00:00,0.0,28.9098359375,0.0,0.0,0.0,0.0,0.0
2025-03-31 01:00:00,0.0,25.5868984375,0.0,0.0,0.0,0.0,0.0
2025-03-31 02:00:00,0.0,23.4701328125,0.0,0.0,0.0,0.0,0.0
2025-03-31 03:00:00,0.0,21.8768515625,0.0,0.0,0.0,0.0,0.0
2025-03-31 04:00:00,0.0,20.9957109375,0.0,0.0,0.0,0.0,0.0
2025-03-31 05:00:00,0.0,20.546234375,0.0,0.0,0.0,0.0,0.0
2025-03-31 06:00:00,0.0,20.3677109375,0.0,0.0,0.0,0.0,0.0
2025-03-31 07:00:00,0.0,20.8006875,0.0,0.0,0.0,0.0,0.0
2025-03-31 08:00:00,0.0,21.089328125,0.0,0.0,0.0,0.0,0.0
2025-03-31 09:00:00,0.0,22.2872109375,0.0,0.0,0.0,0.0,0.0
2025-03-31 10:00:00,0.0,25.219109375,0.0,0.0,0.0,0.0,0.0
2025-03-31 11:00:00,0.0,27.7927421875,0.0,0.0,0.0,0.0,0.0
2025-03-31 12:00:00,0.0,29.5262734375,0.0,0.0,0.0,0.0,0.0
2025-03-31 13:00:00,0.0,31.022578125,0.0,0.0,0.0,0.0,0.0
2025-03-31 14:00:00,0.0,31.2678359375,0.0,0.0,0.0,0.0,0.0
2025-03-31 15:00:00,0.0,30.12025,0.0,0.0,0.0,0.0,0.0
2025-03-31 16:00:00,0.0,29.2868125,0.0,0.0,0.0,0.0,0.0
2025-03-31 17:00:00,0.0,29.3154453125,0.0,0.0,0.0,0.0,0.0
2025-03-31 18:00:00,0.0,29.9026640625,0.0,0.0,0.0,0.0,0.0
2025-03-31 19:00:00,0.0,32.0058203125,0.0,0.0,0.0,0.0,0.0
2025-03-31 20:00:00,0.0,37.5433671875,0.0,0.0,0.0,0.0,0.0
2025-03-31 21:00:00,0.0,37.314734375,0.0,0.0,0.0,0.0,0.0
2025-03-31 22:00:00,0.0,34.9161875,0.0,0.0,0.0,0.0,0.0
2025-03-31 23:00:00,0.0,31.45525,0.0,0.0,0.0,0.0,0.0
2025-04-01 00:00:00,0.0,27.636640625,0.0,0.0,0.0,0.0,0.0
2025-04-01 01:00:00,0.0,24.2816875,0.0,0.0,0.0,0.0,0.0
2025-04-01 02:00:00,0.0,22.24878125,0.0,0.0,0.0,0.0,0.0
2025-04-01 03:00:00,0.0,21.308203125,0.0,0.0,0.0,0.0,0.0
2025-04-01 04:00:00,0.0,21.381203125,0.0,0.0,0.0,0.0,0.0
2025-04-01 05:00:00,0.0,21.09065625,0.0,0.0,0.0,0.0,0.0
2025-04-01 06:00:00,0.0,23.2966875,0.0,0.0,0.0,0.0,0.0
2025-04-01 07:00:00,0.0,29.201203125,0.0,0.0,0.0,0.0,0.0
2025-04-01 08:00:00,0.0,30.82196875,0.0,0.0,0.0,0.0,0.0
2025-04-01 09:00:00,0.0,33.563140625,0.0,0.0,0.0,0.0,0.0
2025-04-01 10:00:00,0.0,37.097828125,0.0,0.0,0.0,0.0,0.0
2025-04-01 11:00:00,0.0,38.56246875,0.0,0.0,0.0,0.0,0.0
2025-04-01 12:00:00,0.0,39.3316875,0.0,0.0,0.0,0.0,0.0
2025-04-01 13:00:00,0.0,38.752046875,0.0,0.0,0.0,0.0,0.0
2025-04-01 14:00:00,0.0,37.872328125,0.0,0.0,0.0,0.0,0.0
2025-04-01 15:00:00,0.0,37.753546875,0.0,0.0,0.0,0.0,0.0
2025-04-01 16:00:00,0.0,37.86203125,0.0,0.0,0.0,0.0,0.0
2025-04-01 17:00:00,0.0,37.578625,0.0,0.0,0.0,0.0,0.0
2025-04-01 18:00:00,0.0,37.537484375,0.0,0.0,0.0,0.0,0.0
2025-04-01 19:00:00,0.0,39.095578125,0.0,0.0,0.0,0.0,0.0
2025-04-01 20:00:00,0.0,41.400421875,0.0,0.0,0.0,0.0,0.0
2025-04-01 21:00:00,0.0,40.774,0.0,0.0,0.0,0.0,0.0
2025-04-01 22:00:00,0.0,37.537453125,0.0,0.0,0.0,0.0,0.0
2025-04-01 23:00:00,0.0,34.29734375,0.0,0.0,0.0,0.0,0.0
2025-04-02 00:00:00,0.0,30.536515625,0.0,0.0,0.0,0.0,0.0
2025-04-02 01:00:00,0.0,26.85146875,0.0,0.0,0.0,0.0,0.0
2025-04-02 02:00:00,0.0,24.279203125,0.0,0.0,0.0,0.0,0.0
2025-04-02 03:00:00,0.0,23.976609375,0.0,0.0,0.0,0.0,0.0
2025-04-02 04:00:00,0.0,24.37978125,0.0,0.0,0.0,0.0,0.0
2025-04-02 05:00:00,0.0,24.3933125,0.0,0.0,0.0,0.0,0.0
2025-04-02 06:00:00,0.0,26.193453125,0.0,0.0,0.0,0.0,0.0
2025-04-02 07:00:00,0.0,31.094828125,0.0,0.0,0.0,0.0,0.0
2025-04-02 08:00:00,0.0,33.97503125,0.0,0.0,0.0,0.0,0.0
2025-04-02 09:00:00,0.0,35.13715625,0.0,0.0,0.0,0.0,0.0
2025-04-02 10:00:00,0.0,36.188234375,0.0,0.0,0.0,0.0,0.0
2025-04-02 11:00:00,0.0,38.161875,0.0,0.0,0.0,0.0,0.0
2025-04-02 12:00:00,0.0,37.96115625,0.0,0.0,0.0,0.0,0.0
2025-04-02 13:00:00,0.0,37.249515625,0.0,0.0,0.0,0.0,0.0
2025-04-02 14:00:00,0.0,36.30059375,0.0,0.0,0.0,0.0,0.0
2025-04-02 15:00:00,0.0,36.13796875,0.0,0.0,0.0,0.0,0.0
2025-04-02 16:00:00,0.0,36.59934375,0.0,0.0,0.0,0.0,0.0
2025-04-02 17:00:00,0.0,37.358734375,0.0,0.0,0.0,0.0,0.0
2025-04-02 18:00:00,0.0,36.93878125,0.0,0.0,0.0,0.0,0.0
2025-04-02 19:00:00,0.0,37.901234375,0.0,0.0,0.0,0.0,0.0
2025-04-02 20:00:00,0.0,41.155328125,0.0,0.0,0.0,0.0,0.0
2025-04-02 21:00:00,0.0,40.728,0.0,0.0,0.0,0.0,0.0
2025-04-02 22:00:00,0.0,38.022015625,0.0,0.0,0.0,0.0,0.0
2025-04-02 23:00:00,0.0,34.507984375,0.0,0.0,0.0,0.0,0.0
2025-04-03 00:00:00,0.0,28.93346875,0.0,0.0,0.0,0.0,0.0
2025-04-03 01:00:00,0.0,24.222203125,0.0,0.0,0.0,0.0,0.0
2025-04-03 02:00:00,0.0,22.52565625,0.0,0.0,0.0,0.0,0.0
2025-04-03 03:00:00,0.0,21.569640625,0.0,0.0,0.0,0.0,0.0
2025-04-03 04:00:00,0.0,21.577328125,0.0,0.0,0.0,0.0,0.0
2025-04-03 05:00:00,0.0,21.6584375,0.0,0.0,0.0,0.0,0.0
2025-04-03 06:00:00,0.0,24.322546875,0.0,0.0,0.0,0.0,0.0
2025-04-03 07:00:00,0.0,31.655546875,0.0,0.0,0.0,0.0,0.0
2025-04-03 08:00:00,0.0,34.04303125,0.0,0.0,0.0,0.0,0.0
2025-04-03 09:00:00,0.0,36.468515625,0.0,0.0,0.0,0.0,0.0
2025-04-03 10:00:00,0.0,38.643125,0.0,0.0,0.0,0.0,0.0
2025-04-03 11:00:00,0.0,40.3449375,0.0,0.0,0.0,0.0,0.0
2025-04-03 12:00:00,0.0,40.30165625,0.0,0.0,0.0,0.0,0.0
2025-04-03 13:00:00,0.0,39.729,0.0,0.0,0.0,0.0,0.0
2025-04-03 14:00:00,0.0,38.895375,0.0,0.0,0.0,0.0,0.0
2025-04-03 15:00:00,0.0,39.6980625,0.0,0.0,0.0,0.0,0.0
2025-04-03 16:00:00,0.0,39.53984375,0.0,0.0,0.0,0.0,0.0
2025-04-03 17:00:00,0.0,39.74996875,0.0,0.0,0.0,0.0,0.0
2025-04-03 18:00:00,0.0,38.7968125,0.0,0.0,0.0,0.0,0.0
2025-04-03 19:00:00,0.0,38.7185625,0.0,0.0,0.0,0.0,0.0
2025-04-03 20:00:00,0.0,41.55890625,0.0,0.0,0.0,0.0,0.0
2025-04-03 21:00:00,0.0,40.136375,0.0,0.0,0.0,0.0,0.0
2025-04-03 22:00:00,0.0,37.94278125,0.0,0.0,0.0,0.0,0.0
2025-04-03 23:00:00,0.0,35.35353125,0.0,0.0,0.0,0.0,0.0
2025-04-04 00:00:00,0.0,28.8643125,0.0,0.0,0.0,0.0,0.0
2025-04-04 01:00:00,0.0,25.0401875,0.0,0.0,0.0,0.0,0.0
2025-04-04 02:00:00,0.0,23.2126875,0.0,0.0,0.0,0.0,0.0
2025-04-04 03:00:00,0.0,21.9513125,0.0,0.0,0.0,0.0,0.0
2025-04-04 04:00:00,0.0,21.43840625,0.0,0.0,0.0,0.0,0.0
2025-04-04 05:00:00,0.0,21.61759375,0.0,0.0,0.0,0.0,0.0
2025-04-04 06:00:00,0.0,23.81115625,0.0,0.0,0.0,0.0,0.0
2025-04-04 07:00:00,0.0,29.61128125,0.0,0.0,0.0,0.0,0.0
2025-04-04 08:00:00,0.0,31.414375,0.0,0.0,0.0,0.0,0.0
2025-04-04 09:00:00,0.0,33.84896875,0.0,0.0,0.0,0.0,0.0
2025-04-04 10:00:00,0.0,36.12746875,0.0,0.0,0.0,0.0,0.0
2025-04-04 11:00:00,0.0,36.91815625,0.0,0.0,0.0,0.0,0.0
2025-04-04 12:00:00,0.0,37.53875,0.0,0.0,0.0,0.0,0.0
2025-04-04 13:00:00,0.0,36.90509375,0.0,0.0,0.0,0.0,0.0
2025-04-04 14:00:00,0.0,36.45165625,0.0,0.0,0.0,0.0,0.0
2025-04-04 15:00:00,0.0,37.42121875,0.0,0.0,0.0,0.0,0.0
2025-04-04 16:00:00,0.0,38.2546875,0.0,0.0,0.0,0.0,0.0
2025-04-04 17:00:00,0.0,38.0123125,0.0,0.0,0.0,0.0,0.0
2025-04-04 18:00:00,0.0,37.70921875,0.0,0.0,0.0,0.0,0.0
2025-04-04 19:00:00,0.0,38.71259375,0.0,0.0,0.0,0.0,0.0
2025-04-04 20:00:00,0.0,40.86175,0.0,0.0,0.0,0.0,0.0
2025-04-04 21:00:00,0.0,40.3948125,0.0,0.0,0.0,0.0,0.0
2025-04-04 22:00:00,0.0,36.81103125,0.0,0.0,0.0,0.0,0.0
2025-04-04 23:00:00,0.0,33.21975,0.0,0.0,0.0,0.0,0.0
2025-04-05 00:00:00,0.0,28.49478125,0.0,0.0,0.0,0.0,0.0
2025-04-05 01:00:00,0.0,24.9785625,0.0,0.0,0.0,0.0,0.0
2025-04-05 02:00:00,0.0,23.02909375,0.0,0.0,0.0,0.0,0.0
2025-04-05 03:00:00,0.0,22.3208125,0.0,0.0,0.0,0.0,0.0
2025-04-05 04:00:00,0.0,21.78678125,0.0,0.0,0.0,0.0,0.0
2025-04-05 05:00:00,0.0,21.89603125,0.0,0.0,0.0,0.0,0.0
2025-04-05 06:00:00,0.0,23.75609375,0.0,0.0,0.0,0.0,0.0
2025-04-05 07:00:00,0.0,28.22640625,0.0,0.0,0.0,0.0,0.0
2025-04-05 08:00:00,0.0,31.31075,0.0,0.0,0.0,0.0,0.0
2025-04-05 09:00:00,0.0,33.0864375,0.0,0.0,0.0,0.0,0.0
2025-04-05 10:00:00,0.0,35.1604375,0.0,0.0,0.0,0.0,0.0
2025-04-05 11:00:00,0.0,36.323125,0.0,0.0,0.0,0.0,0.0
2025-04-05 12:00:00,0.0,36.5724375,0.0,0.0,0.0,0.0,0.0
2025-04-05 13:00:00,0.0,35.99353125,0.0,0.0,0.0,0.0,0.0
2025-04-05 14:00:00,0.0,35.44825,0.0,0.0,0.0,0.0,0.0
2025-04-05 15:00:00,0.0,36.55396875,0.0,0.0,0.0,0.0,0.0
2025-04-05 16:00:00,0.0,36.7148125,0.0,0.0,0.0,0.0,0.0
2025-04-05 17:00:00,0.0,36.445375,0.0,0.0,0.0,0.0,0.0
2025-04-05 18:00:00,0.0,36.684,0.0,0.0,0.0,0.0,0.0
2025-04-05 19:00:00,0.0,36.93934375,0.0,0.0,0.0,0.0,0.0
2025-04-05 20:00:00,0.0,39.37571875,0.0,0.0,0.0,0.0,0.0
2025-04-05 21:00:00,0.0,38.339125,0.0,0.0,0.0,0.0,0.0
2025-04-05 22:00:00,0.0,36.01553125,0.0,0.0,0.0,0.0,0.0
2025-04-05 23:00:00,0.0,33.5208125,0.0,0.0,0.0,0.0,0.0
2025-04-06 00:00:00,0.0,28.896875,0.0,0.0,0.0,0.0,0.0
2025-04-06 01:00:00,0.0,25.81525,0.0,0.0,0.0,0.0,0.0
2025-04-06 02:00:00,0.0,23.485625,0.0,0.0,0.0,0.0,0.0
2025-04-06 03:00:00,0.0,22.34478125,0.0,0.0,0.0,0.0,0.0
2025-04-06 04:00:00,0.0,22.56009375,0.0,0.0,0.0,0.0,0.0
2025-04-06 05:00:00,0.0,21.7985,0.0,0.0,0.0,0.0,0.0
2025-04-06 06:00:00,0.0,21.63975,0.0,0.0,0.0,0.0,0.0
2025-04-06 07:00:00,0.0,23.5009375,0.0,0.0,0.0,0.0,0.0
2025-04-06 08:00:00,0.0,25.55703125,0.0,0.0,0.0,0.0,0.0
2025-04-06 09:00:00,0.0,28.10403125,0.0,0.0,0.0,0.0,0.0
2025-04-06 10:00:00,0.0,30.4580625,0.0,0.0,0.0,0.0,0.0
2025-04-06 11:00:00,0.0,32.98603125,0.0,0.0,0.0,0.0,0.0
2025-04-06 12:00:00,0.0,34.755,0.0,0.0,0.0,0.0,0.0
2025-04-06 13:00:00,0.0,35.34671875,0.0,0.0,0.0,0.0,0.0
2025-04-06 14:00:00,0.0,35.04359375,0.0,0.0,0.0,0.0,0.0
2025-04-06 15:00:00,0.0,34.47540625,0.0,0.0,0.0,0.0,0.0
2025-04-06 16:00:00,0.0,34.54125,0.0,0.0,0.0,0.0,0.0
2025-04-06 17:00:00,0.0,35.3314375,0.0,0.0,0.0,0.0,0.0
2025-04-06 18:00:00,0.0,35.1599375,0.0,0.0,0.0,0.0,0.0
2025-04-06 19:00:00,0.0,36.1270625,0.0,0.0,0.0,0.0,0.0
2025-04-06 20:00:00,0.0,39.181,0.0,0.0,0.0,0.0,0.0
2025-04-06 21:00:00,0.0,39.07321875,0.0,0.0,0.0,0.0,0.0
2025-04-06 22:00:00,0.0,35.98046875,0.0,0.0,0.0,0.0,0.0
2025-04-06 23:00:00,0.0,32.42921875,0.0,0.0,0.0,0.0,0.0
2025-04-07 00:00:00,0.0,29.5755,0.0,0.0,0.0,0.0,0.0
2025-04-07 01:00:00,0.0,27.21971875,0.0,0.0,0.0,0.0,0.0
2025-04-07 02:00:00,0.0,24.922375,0.0,0.0,0.0,0.0,0.0
2025-04-07 03:00:00,0.0,23.18978125,0.0,0.0,0.0,0.0,0.0
2025-04-07 04:00:00,0.0,22.12384375,0.0,0.0,0.0,0.0,0.0
2025-04-07 05:00:00,0.0,21.63828125,0.0,0.0,0.0,0.0,0.0
2025-04-07 06:00:00,0.0,21.43821875,0.0,0.0,0.0,0.0,0.0
2025-04-07 07:00:00,0.0,21.61590625,0.0,0.0,0.0,0.0,0.0
2025-04-07 08:00:00,0.0,21.41646875,0.0,0.0,0.0,0.0,0.0
2025-04-07 09:00:00,0.0,22.3775625,0.0,0.0,0.0,0.0,0.0
2025-04-07 10:00:00,0.0,24.70009375,0.0,0.0,0.0,0.0,0.0
2025-04-07 11:00:00,0.0,27.52371875,0.0,0.0,0.0,0.0,0.0
2025-04-07 12:00:00,0.0,30.13321875,0.0,0.0,0.0,0.0,0.0
2025-04-07 13:00:00,0.0,31.83975,0.0,0.0,0.0,0.0,0.0
2025-04-07 14:00:00,0.0,32.24721875,0.0,0.0,0.0,0.0,0.0
2025-04-07 15:00:00,0.0,31.552375,0.0,0.0,0.0,0.0,0.0
2025-04-07 16:00:00,0.0,31.34159375,0.0,0.0,0.0,0.0,0.0
2025-04-07 17:00:00,0.0,32.381875,0.0,0.0,0.0,0.0,0.0
2025-04-07 18:00:00,0.0,33.6551875,0.0,0.0,0.0,0.0,0.0
2025-04-07 19:00:00,0.0,36.02921875,0.0,0.0,0.0,0.0,0.0
2025-04-07 20:00:00,0.0,38.59378125,0.0,0.0,0.0,0.0,0.0
2025-04-07 21:00:00,0.0,38.3065625,0.0,0.0,0.0,0.0,0.0
2025-04-07 22:00:00,0.0,35.38540625,0.0,0.0,0.0,0.0,0.0
2025-04-07 23:00:00,0.0,31.2654375,0.0,0.0,0.0,0.0,0.0
2025-04-08 00:00:00,0.0,27.53865625,0.0,0.0,0.0,0.0,0.0
2025-04-08 01:00:00,0.0,24.2904375,0.0,0.0,0.0,0.0,0.0
2025-04-08 02:00:00,0.0,21.92321875,0.0,0.0,0.0,0.0,0.0
2025-04-08 03:00:00,0.0,20.88809375,0.0,0.0,0.0,0.0,0.0
2025-04-08 04:00:00,0.0,20.603,0.0,0.0,0.0,0.0,0.0
2025-04-08 05:00:00,0.0,21.00090625,0.0,0.0,0.0,0.0,0.0
2025-04-08 06:00:00,0.0,22.930625,0.0,0.0,0.0,0.0,0.0
2025-04-08 07:00:00,0.0,28.4245,0.0,0.0,0.0,0.0,0.0
2025-04-08 08:00:00,0.0,32.52403125,0.0,0.0,0.0,0.0,0.0
2025-04-08 09:00:00,0.0,34.34075,0.0,0.0,0.0,0.0,0.0
2025-04-08 10:00:00,0.0,36.70075,0.0,0.0,0.0,0.0,0.0
2025-04-08 11:00:00,0.0,38.6415,0.0,0.0,0.0,0.0,0.0
2025-04-08 12:00:00,0.0,38.316625,0.0,0.0,0.0,0.0,0.0
2025-04-08 13:00:00,0.0,37.8088125,0.0,0.0,0.0,0.0,0.0
2025-04-08 14:00:00,0.0,37.0004375,0.0,0.0,0.0,0.0,0.0
2025-04-08 15:00:00,0.0,36.3881875,0.0,0.0,0.0,0.0,0.0
2025-04-08 16:00:00,0.0,36.7024375,0.0,0.0,0.0,0.0,0.0
2025-04-08 17:00:00,0.0,36.12275,0.0,0.0,0.0,0.0,0.0
2025-04-08 18:00:00,0.0,36.4149375,0.0,0.0,0.0,0.0,0.0
2025-04-08 19:00:00,0.0,38.60575,0.0,0.0,0.0,0.0,0.0
2025-04-08 20:00:00,0.0,40.82225,0.0,0.0,0.0,0.0,0.0
2025-04-08 21:00:00,0.0,38.96825,0.0,0.0,0.0,0.0,0.0
2025-04-08 22:00:00,0.0,35.6259375,0.0,0.0,0.0,0.0,0.0
2025-04-08 23:00:00,0.0,32.0563125,0.0,0.0,0.0,0.0,0.0
2025-04-09 00:00:00,0.0,28.5523125,0.0,0.0,0.0,0.0,0.0
2025-04-09 01:00:00,0.0,26.1593125,0.0,0.0,0.0,0.0,0.0
2025-04-09 02:00:00,0.0,24.453875,0.0,0.0,0.0,0.0,0.0
2025-04-09 03:00:00,0.0,22.5343125,0.0,0.0,0.0,0.0,0.0
2025-04-09 04:00:00,0.0,22.104875,0.0,0.0,0.0,0.0,0.0
2025-04-09 05:00:00,0.0,22.098375,0.0,0.0,0.0,0.0,0.0
2025-04-09 06:00:00,0.0,24.20275,0.0,0.0,0.0,0.0,0.0
2025-04-09 07:00:00,0.0,29.175125,0.0,0.0,0.0,0.0,0.0
2025-04-09 08:00:00,0.0,32.741,0.0,0.0,0.0,0.0,0.0
2025-04-09 09:00:00,0.0,36.350875,0.0,0.0,0.0,0.0,0.0
2025-04-09 10:00:00,0.0,37.7493125,0.0,0.0,0.0,0.0,0.0
2025-04-09 11:00:00,0.0,39.115625,0.0,0.0,0.0,0.0,0.0
2025-04-09 12:00:00,0.0,40.2989375,0.0,0.0,0.0,0.0,0.0
2025-04-09 13:00:00,0.0,39.62475,0.0,0.0,0.0,0.0,0.0
2025-04-09 14:00:00,0.0,38.5135,0.0,0.0,0.0,0.0,0.0
2025-04-09 15:00:00,0.0,38.583625,0.0,0.0,0.0,0.0,0.0
2025-04-09 16:00:00,0.0,37.344,0.0,0.0,0.0,0.0,0.0
2025-04-09 17:00:00,0.0,37.2474375,0.0,0.0,0.0,0.0,0.0
2025-04-09 18:00:00,0.0,36.756125,0.0,0.0,0.0,0.0,0.0
2025-04-09 19:00:00,0.0,37.42625,0.0,0.0,0.0,0.0,0.0
2025-04-09 20:00:00,0.0,40.13525,0.0,0.0,0.0,0.0,0.0
2025-04-09 21:00:00,0.0,39.2313125,0.0,0.0,0.0,0.0,0.0
2025-04-09 22:00:00,0.0,37.6794375,0.0,0.0,0.0,0.0,0.0
2025-04-09 23:00:00,0.0,34.3831875,0.0,0.0,0.0,0.0,0.0
2025-04-10 00:00:00,0.0,29.487375,0.0,0.0,0.0,0.0,0.0
2025-04-10 01:00:00,0.0,25.3634375,0.0,0.0,0.0,0.0,0.0
2025-04-10 02:00:00,0.0,23.7861875,0.0,0.0,0.0,0.0,0.0
2025-04-10 03:00:00,0.0,21.89825,0.0,0.0,0.0,0.0,0.0
2025-04-10 04:00:00,0.0,21.1480625,0.0,0.0,0.0,0.0,0.0
2025-04-10 05:00:00,0.0,21.34775,0.0,0.0,0.0,0.0,0.0
2025-04-10 06:00:00,0.0,24.105,0.0,0.0,0.0,0.0,0.0
2025-04-10 07:00:00,0.0,29.3266875,0.0,0.0,0.0,0.0,0.0
2025-04-10 08:00:00,0.0,32.2069375,0.0,0.0,0.0,0.0,0.0
2025-04-10 09:00:00,0.0,34.154,0.0,0.0,0.0,0.0,0.0
2025-04-10 10:00:00,0.0,35.90475,0.0,0.0,0.0,0.0,0.0
2025-04-10 11:00:00,0.0,37.2498125,0.0,0.0,0.0,0.0,0.0
2025-04-10 12:00:00,0.0,37.4306875,0.0,0.0,0.0,0.0,0.0
2025-04-10 13:00:00,0.0,36.945375,0.0,0.0,0.0,0.0,0.0
2025-04-10 14:00:00,0.0,36.2444375,0.0,0.0,0.0,0.0,0.0
2025-04-10 15:00:00,0.0,36.4345625,0.0,0.0,0.0,0.0,0.0
2025-04-10 16:00:00,0.0,37.0943125,0.0,0.0,0.0,0.0,0.0
2025-04-10 17:00:00,0.0,36.146625,0.0,0.0,0.0,0.0,0.0
2025-04-10 18:00:00,0.0,34.7943125,0.0,0.0,0.0,0.0,0.0
2025-04-10 19:00:00,0.0,35.626875,0.0,0.0,0.0,0.0,0.0
2025-04-10 20:00:00,0.0,38.3539375,0.0,0.0,0.0,0.0,0.0
2025-04-10 21:00:00,0.0,37.391125,0.0,0.0,0.0,0.0,0.0
2025-04-10 22:00:00,0.0,35.357625,0.0,0.0,0.0,0.0,0.0
2025-04-10 23:00:00,0.0,33.1873125,0.0,0.0,0.0,0.0,0.0
2025-04-11 00:00:00,0.0,29.6245,0.0,0.0,0.0,0.0,0.0
2025-04-11 01:00:00,0.0,24.9059375,0.0,0.0,0.0,0.0,0.0
2025-04-11 02:00:00,0.0,22.461850006103514,0.0,0.0,0.0,0.0,0.0
2025-04-11 03:00:00,0.0,21.297233245849604,0.0,0.0,0.0,0.0,0.0
2025-04-11 04:00:00,0.0,20.86827221679688,0.0,0.0,0.0,0.0,0.0
2025-04-11 05:00:00,0.0,20.693505859375,0.0,0.0,0.0,0.0,0.0
2025-04-11 06:00:00,0.0,23.664263671875,0.0,0.0,0.0,0.0,0.0
2025-04-11 07:00:00,0.0,28.640240234375,0.0,0.0,0.0,0.0,0.0
2025-04-11 08:00:00,0.0,32.083724609375,0.0,0.0,0.0,0.0,0.0
2025-04-11 09:00:00,0.0,34.49780859375,0.0,0.0,0.0,0.0,0.0
2025-04-11 10:00:00,0.0,36.09591015625,0.0,0.0,0.0,0.0,0.0
2025-04-11 11:00:00,0.0,36.871818359375,0.0,0.0,0.0,0.0,0.0
2025-04-11 12:00:00,0.0,36.683919921875,0.0,0.0,0.0,0.0,0.0
2025-04-11 13:00:00,0.0,36.4057109375,0.0,0.0,0.0,0.0,0.0
2025-04-11 14:00:00,0.0,35.452974609375,0.0,0.0,0.0,0.0,0.0
2025-04-11 15:00:00,0.0,35.09200390625,0.0,0.0,0.0,0.0,0.0
2025-04-11 16:00:00,0.0,35.073095703125,0.0,0.0,0.0,0.0,0.0
2025-04-11 17:00:00,0.0,34.53866015625,0.0,0.0,0.0,0.0,0.0
2025-04-11 18:00:00,0.0,34.76891015625,0.0,0.0,0.0,0.0,0.0
2025-04-11 19:00:00,0.0,36.3818125,0.0,0.0,0.0,0.0,0.0
2025-04-11 20:00:00,0.0,38.3977109375,0.0,0.0,0.0,0.0,0.0
2025-04-11 21:00:00,0.0,38.479296875,0.0,0.0,0.0,0.0,0.0
2025-04-11 22:00:00,0.0,36.10421875,0.0,0.0,0.0,0.0,0.0
2025-04-11 23:00:00,0.0,33.01165234375,0.0,0.0,0.0,0.0,0.0
2025-04-12 00:00:00,0.0,29.20251171875,0.0,0.0,0.0,0.0,0.0
2025-04-12 01:00:00,0.0,26.31941796875,0.0,0.0,0.0,0.0,0.0
2025-04-12 02:00:00,0.0,24.5139296875,0.0,0.0,0.0,0.0,0.0
2025-04-12 03:00:00,0.0,22.79861328125,0.0,0.0,0.0,0.0,0.0
2025-04-12 04:00:00,0.0,22.45591015625,0.0,0.0,0.0,0.0,0.0
2025-04-12 05:00:00,0.0,22.6815,0.0,0.0,0.0,0.0,0.0
2025-04-12 06:00:00,0.0,24.3713359375,0.0,0.0,0.0,0.0,0.0
2025-04-12 07:00:00,0.0,29.6336015625,0.0,0.0,0.0,0.0,0.0
2025-04-12 08:00:00,0.0,33.5374921875,0.0,0.0,0.0,0.0,0.0
2025-04-12 09:00:00,0.0,35.5633203125,0.0,0.0,0.0,0.0,0.0
2025-04-12 10:00:00,0.0,37.1435625,0.0,0.0,0.0,0.0,0.0
2025-04-12 11:00:00,0.0,38.5229453125,0.0,0.0,0.0,0.0,0.0
2025-04-12 12:00:00,0.0,38.588234375,0.0,0.0,0.0,0.0,0.0
2025-04-12 13:00:00,0.0,37.7886875,0.0,0.0,0.0,0.0,0.0
2025-04-12 14:00:00,0.0,37.4718984375,0.0,0.0,0.0,0.0,0.0
2025-04-12 15:00:00,0.0,37.5807578125,0.0,0.0,0.0,0.0,0.0
2025-04-12 16:00:00,0.0,37.223609375,0.0,0.0,0.0,0.0,0.0
2025-04-12 17:00:00,0.0,36.2909921875,0.0,0.0,0.0,0.0,0.0
2025-04-12 18:00:00,0.0,36.640125,0.0,0.0,0.0,0.0,0.0
2025-04-12 19:00:00,0.0,38.4075078125,0.0,0.0,0.0,0.0,0.0
2025-04-12 20:00:00,0.0,40.59296875,0.0,0.0,0.0,0.0,0.0
2025-04-12 21:00:00,0.0,38.86246875,0.0,0.0,0.0,0.0,0.0
2025-04-12 22:00:00,0.0,35.341421875,0.0,0.0,0.0,0.0,0.0
2025-04-12 23:00:00,0.0,33.0213203125,0.0,0.0,0.0,0.0,0.0
2025-04-13 00:00:00,0.0,30.1410234375,0.0,0.0,0.0,0.0,0.0
2025-04-13 01:00:00,0.0,27.102140625,0.0,0.0,0.0,0.0,0.0
2025-04-13 02:00:00,0.0,24.7115625,0.0,0.0,0.0,0.0,0.0
2025-04-13 03:00:00,0.0,23.86284375,0.0,0.0,0.0,0.0,0.0
2025-04-13 04:00:00,0.0,23.2162265625,0.0,0.0,0.0,0.0,0.0
2025-04-13 05:00:00,0.0,22.5769765625,0.0,0.0,0.0,0.0,0.0
2025-04-13 06:00:00,0.0,22.961125,0.0,0.0,0.0,0.0,0.0
2025-04-13 07:00:00,0.0,23.80034375,0.0,0.0,0.0,0.0,0.0
2025-04-13 08:00:00,0.0,26.1804375,0.0,0.0,0.0,0.0,0.0
2025-04-13 09:00:00,0.0,29.308109375,0.0,0.0,0.0,0.0,0.0
2025-04-13 10:00:00,0.0,33.33509375,0.0,0.0,0.0,0.0,0.0
2025-04-13 11:00:00,0.0,35.502078125,0.0,0.0,0.0,0.0,0.0
2025-04-13 12:00:00,0.0,36.6595625,0.0,0.0,0.0,0.0,0.0
2025-04-13 13:00:00,0.0,37.46296875,0.0,0.0,0.0,0.0,0.0
2025-04-13 14:00:00,0.0,37.00628125,0.0,0.0,0.0,0.0,0.0
2025-04-13 15:00:00,0.0,36.2329375,0.0,0.0,0.0,0.0,0.0
2025-04-13 16:00:00,0.0,35.074203125,0.0,0.0,0.0,0.0,0.0
2025-04-13 17:00:00,0.0,34.409609375,0.0,0.0,0.0,0.0,0.0
2025-04-13 18:00:00,0.0,33.70603125,0.0,0.0,0.0,0.0,0.0
2025-04-13 19:00:00,0.0,36.87709375,0.0,0.0,0.0,0.0,0.0
2025-04-13 20:00:00,0.0,38.520109375,0.0,0.0,0.0,0.0,0.0
2025-04-13 21:00:00,0.0,37.627796875,0.0,0.0,0.0,0.0,0.0
2025-04-13 22:00:00,0.0,35.991578125,0.0,0.0,0.0,0.0,0.0
2025-04-13 23:00:00,0.0,34.83003125,0.0,0.0,0.0,0.0,0.0
2025-04-14 00:00:00,0.0,31.172515625,0.0,0.0,0.0,0.0,0.0
2025-04-14 01:00:00,0.0,28.02125,0.0,0.0,0.0,0.0,0.0
2025-04-14 02:00:00,0.0,25.462921875,0.0,0.0,0.0,0.0,0.0
2025-04-14 03:00:00,0.0,24.283359375,0.0,0.0,0.0,0.0,0.0
2025-04-14 04:00:00,0.0,23.17184375,0.0,0.0,0.0,0.0,0.0
2025-04-14 05:00:00,0.0,22.693546875,0.0,0.0,0.0,0.0,0.0
2025-04-14 06:00:00,0.0,21.777421875,0.0,0.0,0.0,0.0,0.0
2025-04-14 07:00:00,0.0,22.060015625,0.0,0.0,0.0,0.0,0.0
2025-04-14 08:00:00,0.0,22.909484375,0.0,0.0,0.0,0.0,0.0
2025-04-14 09:00:00,0.0,23.033296875,0.0,0.0,0.0,0.0,0.0
2025-04-14 10:00:00,0.0,25.298625,0.0,0.0,0.0,0.0,0.0
2025-04-14 11:00:00,0.0,28.915109375,0.0,0.0,0.0,0.0,0.0
2025-04-14 12:00:00,0.0,31.75753125,0.0,0.0,0.0,0.0,0.0
2025-04-14 13:00:00,0.0,32.867453125,0.0,0.0,0.0,0.0,0.0
2025-04-14 14:00:00,0.0,33.161640625,0.0,0.0,0.0,0.0,0.0
2025-04-14 15:00:00,0.0,32.465953125,0.0,0.0,0.0,0.0,0.0
2025-04-14 16:00:00,0.0,31.273171875,0.0,0.0,0.0,0.0,0.0
2025-04-14 17:00:00,0.0,30.471046875,0.0,0.0,0.0,0.0,0.0
2025-04-14 18:00:00,0.0,31.126171875,0.0,0.0,0.0,0.0,0.0
2025-04-14 19:00:00,0.0,35.961171875,0.0,0.0,0.0,0.0,0.0
2025-04-14 20:00:00,0.0,37.7713125,0.0,0.0,0.0,0.0,0.0
2025-04-14 21:00:00,0.0,38.229140625,0.0,0.0,0.0,0.0,0.0
2025-04-14 22:00:00,0.0,35.834140625,0.0,0.0,0.0,0.0,0.0
2025-04-14 23:00:00,0.0,32.5133125,0.0,0.0,0.0,0.0,0.0
2025-04-15 00:00:00,0.0,28.3421875,0.0,0.0,0.0,0.0,0.0
2025-04-15 01:00:00,0.0,25.621875,0.0,0.0,0.0,0.0,0.0
2025-04-15 02:00:00,0.0,23.1573125,0.0,0.0,0.0,0.0,0.0
2025-04-15 03:00:00,0.0,22.047875,0.0,0.0,0.0,0.0,0.0
2025-04-15 04:00:00,0.0,21.38171875,0.0,0.0,0.0,0.0,0.0
2025-04-15 05:00:00,0.0,22.241546875,0.0,0.0,0.0,0.0,0.0
2025-04-15 06:00:00,0.0,24.62878125,0.0,0.0,0.0,0.0,0.0
2025-04-15 07:00:00,0.0,30.01409375,0.0,0.0,0.0,0.0,0.0
2025-04-15 08:00:00,0.0,32.923125,0.0,0.0,0.0,0.0,0.0
2025-04-15 09:00:00,0.0,35.3153125,0.0,0.0,0.0,0.0,0.0
2025-04-15 10:00:00,0.0,36.7975,0.0,0.0,0.0,0.0,0.0
2025-04-15 11:00:00,0.0,37.84834375,0.0,0.0,0.0,0.0,0.0
2025-04-15 12:00:00,0.0,38.18453125,0.0,0.0,0.0,0.0,0.0
2025-04-15 13:00:00,0.0,37.52890625,0.0,0.0,0.0,0.0,0.0
2025-04-15 14:00:00,0.0,36.78615625,0.0,0.0,0.0,0.0,0.0
2025-04-15 15:00:00,0.0,36.55546875,0.0,0.0,0.0,0.0,0.0
2025-04-15 16:00:00,0.0,37.01875,0.0,0.0,0.0,0.0,0.0
2025-04-15 17:00:00,0.0,37.8199375,0.0,0.0,0.0,0.0,0.0
2025-04-15 18:00:00,0.0,37.4455625,0.0,0.0,0.0,0.0,0.0
2025-04-15 19:00:00,0.0,40.42565625,0.0,0.0,0.0,0.0,0.0
2025-04-15 20:00:00,0.0,42.12365625,0.0,0.0,0.0,0.0,0.0
2025-04-15 21:00:00,0.0,40.707,0.0,0.0,0.0,0.0,0.0
2025-04-15 22:00:00,0.0,38.219125,0.0,0.0,0.0,0.0,0.0
2025-04-15 23:00:00,0.0,35.531625,0.0,0.0,0.0,0.0,0.0
2025-04-16 00:00:00,0.0,30.05778125,0.0,0.0,0.0,0.0,0.0
2025-04-16 01:00:00,0.0,26.16709375,0.0,0.0,0.0,0.0,0.0
2025-04-16 02:00:00,0.0,23.8045625,0.0,0.0,0.0,0.0,0.0
2025-04-16 03:00:00,0.0,22.63109375,0.0,0.0,0.0,0.0,0.0
2025-04-16 04:00:00,0.0,22.120125,0.0,0.0,0.0,0.0,0.0
2025-04-16 05:00:00,0.0,22.2923125,0.0,0.0,0.0,0.0,0.0
2025-04-16 06:00:00,0.0,24.82615625,0.0,0.0,0.0,0.0,0.0
2025-04-16 07:00:00,0.0,30.24659375,0.0,0.0,0.0,0.0,0.0
2025-04-16 08:00:00,0.0,33.4340625,0.0,0.0,0.0,0.0,0.0
2025-04-16 09:00:00,0.0,35.7665625,0.0,0.0,0.0,0.0,0.0
2025-04-16 10:00:00,0.0,38.878875,0.0,0.0,0.0,0.0,0.0
2025-04-16 11:00:00,0.0,40.69503125,0.0,0.0,0.0,0.0,0.0
2025-04-16 12:00:00,0.0,41.022875,0.0,0.0,0.0,0.0,0.0
2025-04-16 13:00:00,0.0,40.53940625,0.0,0.0,0.0,0.0,0.0
2025-04-16 14:00:00,0.0,38.799,0.0,0.0,0.0,0.0,0.0
2025-04-16 15:00:00,0.0,38.43553125,0.0,0.0,0.0,0.0,0.0
2025-04-16 16:00:00,0.0,37.8881875,0.0,0.0,0.0,0.0,0.0
2025-04-16 17:00:00,0.0,37.0350625,0.0,0.0,0.0,0.0,0.0
2025-04-16 18:00:00,0.0,36.72528125,0.0,0.0,0.0,0.0,0.0
2025-04-16 19:00:00,0.0,39.65515625,0.0,0.0,0.0,0.0,0.0
2025-04-16 20:00:00,0.0,42.08021875,0.0,0.0,0.0,0.0,0.0
2025-04-16 21:00:00,0.0,39.99846875,0.0,0.0,0.0,0.0,0.0
2025-04-16 22:00:00,0.0,38.2375625,0.0,0.0,0.0,0.0,0.0
2025-04-16 23:00:00,0.0,34.72528125,0.0,0.0,0.0,0.0,0.0
2025-04-17 00:00:00,0.0,29.27440625,0.0,0.0,0.0,0.0,0.0
2025-04-17 01:00:00,0.0,25.76965625,0.0,0.0,0.0,0.0,0.0
2025-04-17 02:00:00,0.0,24.0944375,0.0,0.0,0.0,0.0,0.0
2025-04-17 03:00:00,0.0,22.558625,0.0,0.0,0.0,0.0,0.0
2025-04-17 04:00:00,0.0,21.6759375,0.0,0.0,0.0,0.0,0.0
2025-04-17 05:00:00,0.0,22.22053125,0.0,0.0,0.0,0.0,0.0
2025-04-17 06:00:00,0.0,24.94025,0.0,0.0,0.0,0.0,0.0
2025-04-17 07:00:00,0.0,30.30221875,0.0,0.0,0.0,0.0,0.0
2025-04-17 08:00:00,0.0,33.0525,0.0,0.0,0.0,0.0,0.0
2025-04-17 09:00:00,0.0,34.38146875,0.0,0.0,0.0,0.0,0.0
2025-04-17 10:00:00,0.0,36.22328125,0.0,0.0,0.0,0.0,0.0
2025-04-17 11:00:00,0.0,37.48846875,0.0,0.0,0.0,0.0,0.0
2025-04-17 12:00:00,0.0,37.2626875,0.0,0.0,0.0,0.0,0.0
2025-04-17 13:00:00,0.0,37.8988125,0.0,0.0,0.0,0.0,0.0
2025-04-17 14:00:00,0.0,38.5694375,0.0,0.0,0.0,0.0,0.0
2025-04-17 15:00:00,0.0,38.41846875,0.0,0.0,0.0,0.0,0.0
2025-04-17 16:00:00,0.0,38.7516875,0.0,0.0,0.0,0.0,0.0
2025-04-17 17:00:00,0.0,38.0194375,0.0,0.0,0.0,0.0,0.0
2025-04-17 18:00:00,0.0,38.19465625,0.0,0.0,0.0,0.0,0.0
2025-04-17 19:00:00,0.0,41.45959375,0.0,0.0,0.0,0.0,0.0
2025-04-17 20:00:00,0.0,42.4381875,0.0,0.0,0.0,0.0,0.0
2025-04-17 21:00:00,0.0,40.3059375,0.0,0.0,0.0,0.0,0.0
2025-04-17 22:00:00,0.0,38.12803125,0.0,0.0,0.0,0.0,0.0
2025-04-17 23:00:00,0.0,35.12346875,0.0,0.0,0.0,0.0,0.0
2025-04-18 00:00:00,0.0,31.73909375,0.0,0.0,0.0,0.0,0.0
2025-04-18 01:00:00,0.0,28.416375,0.0,0.0,0.0,0.0,0.0
2025-04-18 02:00:00,0.0,24.48,0.0,0.0,0.0,0.0,0.0
2025-04-18 03:00:00,0.0,23.47375,0.0,0.0,0.0,0.0,0.0
2025-04-18 04:00:00,0.0,23.34246875,0.0,0.0,0.0,0.0,0.0
2025-04-18 05:00:00,0.0,23.32765625,0.0,0.0,0.0,0.0,0.0
2025-04-18 06:00:00,0.0,25.4616875,0.0,0.0,0.0,0.0,0.0
2025-04-18 07:00:00,0.0,30.67309375,0.0,0.0,0.0,0.0,0.0
2025-04-18 08:00:00,0.0,35.63203125,0.0,0.0,0.0,0.0,0.0
2025-04-18 09:00:00,0.0,37.73740625,0.0,0.0,0.0,0.0,0.0
2025-04-18 10:00:00,0.0,38.82975,0.0,0.0,0.0,0.0,0.0
2025-04-18 11:00:00,0.0,40.443875,0.0,0.0,0.0,0.0,0.0
2025-04-18 12:00:00,0.0,41.506,0.0,0.0,0.0,0.0,0.0
2025-04-18 13:00:00,0.0,41.8208125,0.0,0.0,0.0,0.0,0.0
2025-04-18 14:00:00,0.0,40.80825,0.0,0.0,0.0,0.0,0.0
2025-04-18 15:00:00,0.0,40.97328125,0.0,0.0,0.0,0.0,0.0
2025-04-18 16:00:00,0.0,41.47759375,0.0,0.0,0.0,0.0,0.0
2025-04-18 17:00:00,0.0,41.85053125,0.0,0.0,0.0,0.0,0.0
2025-04-18 18:00:00,0.0,43.8265,0.0,0.0,0.0,0.0,0.0
2025-04-18 19:00:00,0.0,44.61875,0.0,0.0,0.0,0.0,0.0
2025-04-18 20:00:00,0.0,43.975875,0.0,0.0,0.0,0.0,0.0
2025-04-18 21:00:00,0.0,41.91859375,0.0,0.0,0.0,0.0,0.0
2025-04-18 22:00:00,0.0,38.61896875,0.0,0.0,0.0,0.0,0.0
2025-04-18 23:00:00,0.0,34.5055625,0.0,0.0,0.0,0.0,0.0
2025-04-19 00:00:00,0.0,29.0475625,0.0,0.0,0.0,0.0,0.0
2025-04-19 01:00:00,0.0,25.74040625,0.0,0.0,0.0,0.0,0.0
2025-04-19 02:00:00,0.0,23.80984375,0.0,0.0,0.0,0.0,0.0
2025-04-19 03:00:00,0.0,22.916125,0.0,0.0,0.0,0.0,0.0
2025-04-19 04:00:00,0.0,22.722625,0.0,0.0,0.0,0.0,0.0
2025-04-19 05:00:00,0.0,22.9859375,0.0,0.0,0.0,0.0,0.0
2025-04-19 06:00:00,0.0,24.4123125,0.0,0.0,0.0,0.0,0.0
2025-04-19 07:00:00,0.0,29.42903125,0.0,0.0,0.0,0.0,0.0
2025-04-19 08:00:00,0.0,33.27125,0.0,0.0,0.0,0.0,0.0
2025-04-19 09:00:00,0.0,35.9055,0.0,0.0,0.0,0.0,0.0
2025-04-19 10:00:00,0.0,38.70296875,0.0,0.0,0.0,0.0,0.0
2025-04-19 11:00:00,0.0,40.34390625,0.0,0.0,0.0,0.0,0.0
2025-04-19 12:00:00,0.0,40.38865625,0.0,0.0,0.0,0.0,0.0
2025-04-19 13:00:00,0.0,39.8658125,0.0,0.0,0.0,0.0,0.0
2025-04-19 14:00:00,0.0,39.58075,0.0,0.0,0.0,0.0,0.0
2025-04-19 15:00:00,0.0,39.695375,0.0,0.0,0.0,0.0,0.0
2025-04-19 16:00:00,0.0,38.4256875,0.0,0.0,0.0,0.0,0.0
2025-04-19 17:00:00,0.0,37.507375,0.0,0.0,0.0,0.0,0.0
2025-04-19 18:00:00,0.0,37.4631875,0.0,0.0,0.0,0.0,0.0
2025-04-19 19:00:00,0.0,40.9048125,0.0,0.0,0.0,0.0,0.0
2025-04-19 20:00:00,0.0,41.851875,0.0,0.0,0.0,0.0,0.0
2025-04-19 21:00:00,0.0,40.127375,0.0,0.0,0.0,0.0,0.0
2025-04-19 22:00:00,0.0,37.8684375,0.0,0.0,0.0,0.0,0.0
2025-04-19 23:00:00,0.0,35.5153125,0.0,0.0,0.0,0.0,0.0
2025-04-20 00:00:00,0.0,32.7074375,0.0,0.0,0.0,0.0,0.0
2025-04-20 01:00:00,0.0,29.3680625,0.0,0.0,0.0,0.0,0.0
2025-04-20 02:00:00,0.0,25.0954375,0.0,0.0,0.0,0.0,0.0
2025-04-20 03:00:00,0.0,23.1669375,0.0,0.0,0.0,0.0,0.0
2025-04-20 04:00:00,0.0,22.492125,0.0,0.0,0.0,0.0,0.0
2025-04-20 05:00:00,0.0,21.9515625,0.0,0.0,0.0,0.0,0.0
2025-04-20 06:00:00,0.0,21.931125,0.0,0.0,0.0,0.0,0.0
2025-04-20 07:00:00,0.0,23.1224375,0.0,0.0,0.0,0.0,0.0
2025-04-20 08:00:00,0.0,25.7229375,0.0,0.0,0.0,0.0,0.0
2025-04-20 09:00:00,0.0,29.6159375,0.0,0.0,0.0,0.0,0.0
2025-04-20 10:00:00,0.0,33.0841875,0.0,0.0,0.0,0.0,0.0
2025-04-20 11:00:00,0.0,35.62825,0.0,0.0,0.0,0.0,0.0
2025-04-20 12:00:00,0.0,36.5111875,0.0,0.0,0.0,0.0,0.0
2025-04-20 13:00:00,0.0,36.3185625,0.0,0.0,0.0,0.0,0.0
2025-04-20 14:00:00,0.0,35.9545625,0.0,0.0,0.0,0.0,0.0
2025-04-20 15:00:00,0.0,35.3449375,0.0,0.0,0.0,0.0,0.0
2025-04-20 16:00:00,0.0,34.659625,0.0,0.0,0.0,0.0,0.0
2025-04-20 17:00:00,0.0,34.437375,0.0,0.0,0.0,0.0,0.0
2025-04-20 18:00:00,0.0,35.0758125,0.0,0.0,0.0,0.0,0.0
2025-04-20 19:00:00,0.0,39.4035625,0.0,0.0,0.0,0.0,0.0
2025-04-20 20:00:00,0.0,40.48525,0.0,0.0,0.0,0.0,0.0
2025-04-20 21:00:00,0.0,39.368125,0.0,0.0,0.0,0.0,0.0
2025-04-20 22:00:00,0.0,37.6314375,0.0,0.0,0.0,0.0,0.0
2025-04-20 23:00:00,0.0,35.028875,0.0,0.0,0.0,0.0,0.0
2025-04-21 00:00:00,0.0,31.3975625,0.0,0.0,0.0,0.0,0.0
2025-04-21 01:00:00,0.0,27.864375,0.0,0.0,0.0,0.0,0.0
2025-04-21 02:00:00,0.0,25.4466875,0.0,0.0,0.0,0.0,0.0
2025-04-21 03:00:00,0.0,23.731375,0.0,0.0,0.0,0.0,0.0
2025-04-21 04:00:00,0.0,22.74575,0.0,0.0,0.0,0.0,0.0
2025-04-21 05:00:00,0.0,22.4883125,0.0,0.0,0.0,0.0,0.0
2025-04-21 06:00:00,0.0,22.0710625,0.0,0.0,0.0,0.0,0.0
2025-04-21 07:00:00,0.0,22.3815,0.0,0.0,0.0,0.0,0.0
2025-04-21 08:00:00,0.0,23.2306875,0.0,0.0,0.0,0.0,0.0
2025-04-21 09:00:00,0.0,23.60275,0.0,0.0,0.0,0.0,0.0
2025-04-21 10:00:00,0.0,25.783375,0.0,0.0,0.0,0.0,0.0
2025-04-21 11:00:00,0.0,28.3431875,0.0,0.0,0.0,0.0,0.0
2025-04-21 12:00:00,0.0,30.244625,0.0,0.0,0.0,0.0,0.0
2025-04-21 13:00:00,0.0,31.62075,0.0,0.0,0.0,0.0,0.0
2025-04-21 14:00:00,0.0,31.899375,0.0,0.0,0.0,0.0,0.0
2025-04-21 15:00:00,0.0,31.12175,0.0,0.0,0.0,0.0,0.0
2025-04-21 16:00:00,0.0,31.015875,0.0,0.0,0.0,0.0,0.0
2025-04-21 17:00:00,0.0,30.8895,0.0,0.0,0.0,0.0,0.0
2025-04-21 18:00:00,0.0,32.068,0.0,0.0,0.0,0.0,0.0
2025-04-21 19:00:00,0.0,35.991,0.0,0.0,0.0,0.0,0.0
2025-04-21 20:00:00,0.0,37.710375,0.0,0.0,0.0,0.0,0.0
2025-04-21 21:00:00,0.0,38.1256875,0.0,0.0,0.0,0.0,0.0
2025-04-21 22:00:00,0.0,35.928875,0.0,0.0,0.0,0.0,0.0
2025-04-21 23:00:00,0.0,32.4173125,0.0,0.0,0.0,0.0,0.0
2025-04-22 00:00:00,0.0,29.20125,0.0,0.0,0.0,0.0,0.0
2025-04-22 01:00:00,0.0,25.9476875,0.0,0.0,0.0,0.0,0.0
2025-04-22 02:00:00,0.0,22.8424375,0.0,0.0,0.0,0.0,0.0
2025-04-22 03:00:00,0.0,21.767375,0.0,0.0,0.0,0.0,0.0
2025-04-22 04:00:00,0.0,21.620875,0.0,0.0,0.0,0.0,0.0
2025-04-22 05:00:00,0.0,21.5803125,0.0,0.0,0.0,0.0,0.0
2025-04-22 06:00:00,0.0,24.5015625,0.0,0.0,0.0,0.0,0.0
2025-04-22 07:00:00,0.0,29.7476875,0.0,0.0,0.0,0.0,0.0
2025-04-22 08:00:00,0.0,34.1578125,0.0,0.0,0.0,0.0,0.0
2025-04-22 09:00:00,0.0,36.770125,0.0,0.0,0.0,0.0,0.0
2025-04-22 10:00:00,0.0,38.290125,0.0,0.0,0.0,0.0,0.0
2025-04-22 11:00:00,0.0,38.991125,0.0,0.0,0.0,0.0,0.0
2025-04-22 12:00:00,0.0,39.5131875,0.0,0.0,0.0,0.0,0.0
2025-04-22 13:00:00,0.0,40.0023125,0.0,0.0,0.0,0.0,0.0
2025-04-22 14:00:00,0.0,39.800125,0.0,0.0,0.0,0.0,0.0
2025-04-22 15:00:00,0.0,40.164875,0.0,0.0,0.0,0.0,0.0
2025-04-22 16:00:00,0.0,39.8285625,0.0,0.0,0.0,0.0,0.0
2025-04-22 17:00:00,0.0,39.498875,0.0,0.0,0.0,0.0,0.0
2025-04-22 18:00:00,0.0,39.9275625,0.0,0.0,0.0,0.0,0.0
2025-04-22 19:00:00,0.0,42.579375,0.0,0.0,0.0,0.0,0.0
2025-04-22 20:00:00,0.0,42.3254375,0.0,0.0,0.0,0.0,0.0
2025-04-22 21:00:00,0.0,40.949375,0.0,0.0,0.0,0.0,0.0
2025-04-22 22:00:00,0.0,38.663375,0.0,0.0,0.0,0.0,0.0
2025-04-22 23:00:00,0.0,35.5595,0.0,0.0,0.0,0.0,0.0
2025-04-23 00:00:00,0.0,30.424,0.0,0.0,0.0,0.0,0.0
2025-04-23 01:00:00,0.0,26.0943125,0.0,0.0,0.0,0.0,0.0
2025-04-23 02:00:00,0.0,23.932125,0.0,0.0,0.0,0.0,0.0
2025-04-23 03:00:00,0.0,22.6118125,0.0,0.0,0.0,0.0,0.0
2025-04-23 04:00:00,0.0,22.1604375,0.0,0.0,0.0,0.0,0.0
2025-04-23 05:00:00,0.0,22.083375,0.0,0.0,0.0,0.0,0.0
2025-04-23 06:00:00,0.0,24.410375,0.0,0.0,0.0,0.0,0.0
2025-04-23 07:00:00,0.0,29.679,0.0,0.0,0.0,0.0,0.0
2025-04-23 08:00:00,0.0,34.1060625,0.0,0.0,0.0,0.0,0.0
2025-04-23 09:00:00,0.0,36.67325,0.0,0.0,0.0,0.0,0.0
2025-04-23 10:00:00,0.0,39.730625,0.0,0.0,0.0,0.0,0.0
2025-04-23 11:00:00,0.0,40.9964375,0.0,0.0,0.0,0.0,0.0
2025-04-23 12:00:00,0.0,41.0689375,0.0,0.0,0.0,0.0,0.0
2025-04-23 13:00:00,0.0,40.771625,0.0,0.0,0.0,0.0,0.0
2025-04-23 14:00:00,0.0,39.4079375,0.0,0.0,0.0,0.0,0.0
2025-04-23 15:00:00,0.0,39.3648125,0.0,0.0,0.0,0.0,0.0
2025-04-23 16:00:00,0.0,38.0375,0.0,0.0,0.0,0.0,0.0
2025-04-23 17:00:00,0.0,37.3650625,0.0,0.0,0.0,0.0,0.0
2025-04-23 18:00:00,0.0,38.0241875,0.0,0.0,0.0,0.0,0.0
2025-04-23 19:00:00,0.0,40.55375,0.0,0.0,0.0,0.0,0.0
2025-04-23 20:00:00,0.0,39.824875,0.0,0.0,0.0,0.0,0.0
2025-04-23 21:00:00,0.0,38.08025,0.0,0.0,0.0,0.0,0.0
2025-04-23 22:00:00,0.0,35.6199375,0.0,0.0,0.0,0.0,0.0
2025-04-23 23:00:00,0.0,32.507375,0.0,0.0,0.0,0.0,0.0
2025-04-24 00:00:00,0.0,28.896875,0.0,0.0,0.0,0.0,0.0
2025-04-24 01:00:00,0.0,26.447625,0.0,0.0,0.0,0.0,0.0
2025-04-24 02:00:00,0.0,24.5044375,0.0,0.0,0.0,0.0,0.0
2025-04-24 03:00:00,0.0,22.943125,0.0,0.0,0.0,0.0,0.0
2025-04-24 04:00:00,0.0,22.203125,0.0,0.0,0.0,0.0,0.0
2025-04-24 05:00:00,0.0,22.2894375,0.0,0.0,0.0,0.0,0.0
2025-04-24 06:00:00,0.0,24.6950625,0.0,0.0,0.0,0.0,0.0
2025-04-24 07:00:00,0.0,30.0000625,0.0,0.0,0.0,0.0,0.0
2025-04-24 08:00:00,0.0,33.6059375,0.0,0.0,0.0,0.0,0.0
2025-04-24 09:00:00,0.0,38.2945,0.0,0.0,0.0,0.0,0.0
2025-04-24 10:00:00,0.0,39.1615,0.0,0.0,0.0,0.0,0.0
2025-04-24 11:00:00,0.0,40.2551875,0.0,0.0,0.0,0.0,0.0
2025-04-24 12:00:00,0.0,41.38725,0.0,0.0,0.0,0.0,0.0
2025-04-24 13:00:00,0.0,41.312875,0.0,0.0,0.0,0.0,0.0
2025-04-24 14:00:00,0.0,40.3896875,0.0,0.0,0.0,0.0,0.0
2025-04-24 15:00:00,0.0,40.2626875,0.0,0.0,0.0,0.0,0.0
2025-04-24 16:00:00,0.0,38.3565625,0.0,0.0,0.0,0.0,0.0
2025-04-24 17:00:00,0.0,37.6841875,0.0,0.0,0.0,0.0,0.0
2025-04-24 18:00:00,0.0,38.017375,0.0,0.0,0.0,0.0,0.0
2025-04-24 19:00:00,0.0,41.200875,0.0,0.0,0.0,0.0,0.0
2025-04-24 20:00:00,0.0,41.2583125,0.0,0.0,0.0,0.0,0.0
2025-04-24 21:00:00,0.0,39.6298125,0.0,0.0,0.0,0.0,0.0
2025-04-24 22:00:00,0.0,37.256875,0.0,0.0,0.0,0.0,0.0
2025-04-24 23:00:00,0.0,34.3250625,0.0,0.0,0.0,0.0,0.0
2025-04-25 00:00:00,0.0,30.455,0.0,0.0,0.0,0.0,0.0
2025-04-25 01:00:00,0.0,27.030375,0.0,0.0,0.0,0.0,0.0
2025-04-25 02:00:00,0.0,24.826125,0.0,0.0,0.0,0.0,0.0
2025-04-25 03:00:00,0.0,23.53,0.0,0.0,0.0,0.0,0.0
2025-04-25 04:00:00,0.0,23.05875,0.0,0.0,0.0,0.0,0.0
2025-04-25 05:00:00,0.0,23.0225,0.0,0.0,0.0,0.0,0.0
2025-04-25 06:00:00,0.0,25.074875,0.0,0.0,0.0,0.0,0.0
2025-04-25 07:00:00,0.0,30.50575,0.0,0.0,0.0,0.0,0.0
2025-04-25 08:00:00,0.0,34.137875,0.0,0.0,0.0,0.0,0.0
2025-04-25 09:00:00,0.0,37.6024375,0.0,0.0,0.0,0.0,0.0
2025-04-25 10:00:00,0.0,38.1268125,0.0,0.0,0.0,0.0,0.0
2025-04-25 11:00:00,0.0,39.0515625,0.0,0.0,0.0,0.0,0.0
2025-04-25 12:00:00,0.0,39.1964375,0.0,0.0,0.0,0.0,0.0
2025-04-25 13:00:00,0.0,39.800625,0.0,0.0,0.0,0.0,0.0
2025-04-25 14:00:00,0.0,39.6040625,0.0,0.0,0.0,0.0,0.0
2025-04-25 15:00:00,0.0,39.3588125,0.0,0.0,0.0,0.0,0.0
2025-04-25 16:00:00,0.0,40.3914375,0.0,0.0,0.0,0.0,0.0
2025-04-25 17:00:00,0.0,40.185375,0.0,0.0,0.0,0.0,0.0
2025-04-25 18:00:00,0.0,41.8334375,0.0,0.0,0.0,0.0,0.0
2025-04-25 19:00:00,0.0,43.6151875,0.0,0.0,0.0,0.0,0.0
2025-04-25 20:00:00,0.0,42.355625,0.0,0.0,0.0,0.0,0.0
2025-04-25 21:00:00,0.0,40.9370625,0.0,0.0,0.0,0.0,0.0
2025-04-25 22:00:00,0.0,37.8876875,0.0,0.0,0.0,0.0,0.0
2025-04-25 23:00:00,0.0,33.774875,0.0,0.0,0.0,0.0,0.0
2025-04-26 00:00:00,0.0,30.0901875,0.0,0.0,0.0,0.0,0.0
2025-04-26 01:00:00,0.0,26.5660625,0.0,0.0,0.0,0.0,0.0
2025-04-26 02:00:00,0.0,24.4630625,0.0,0.0,0.0,0.0,0.0
2025-04-26 03:00:00,0.0,23.5745,0.0,0.0,0.0,0.0,0.0
2025-04-26 04:00:00,0.0,22.779,0.0,0.0,0.0,0.0,0.0
2025-04-26 05:00:00,0.0,22.4609375,0.0,0.0,0.0,0.0,0.0
2025-04-26 06:00:00,0.0,24.6689375,0.0,0.0,0.0,0.0,0.0
2025-04-26 07:00:00,0.0,29.740875,0.0,0.0,0.0,0.0,0.0
2025-04-26 08:00:00,0.0,32.6489375,0.0,0.0,0.0,0.0,0.0
2025-04-26 09:00:00,0.0,35.536125,0.0,0.0,0.0,0.0,0.0
2025-04-26 10:00:00,0.0,37.9674375,0.0,0.0,0.0,0.0,0.0
2025-04-26 11:00:00,0.0,39.467,0.0,0.0,0.0,0.0,0.0
2025-04-26 12:00:00,0.0,39.8603125,0.0,0.0,0.0,0.0,0.0
2025-04-26 13:00:00,0.0,40.41825,0.0,0.0,0.0,0.0,0.0
2025-04-26 14:00:00,0.0,39.9123125,0.0,0.0,0.0,0.0,0.0
2025-04-26 15:00:00,0.0,39.4958125,0.0,0.0,0.0,0.0,0.0
2025-04-26 16:00:00,0.0,38.8464375,0.0,0.0,0.0,0.0,0.0
2025-04-26 17:00:00,0.0,38.5595625,0.0,0.0,0.0,0.0,0.0
2025-04-26 18:00:00,0.0,38.7065,0.0,0.0,0.0,0.0,0.0
2025-04-26 19:00:00,0.0,42.18475,0.0,0.0,0.0,0.0,0.0
2025-04-26 20:00:00,0.0,42.518625,0.0,0.0,0.0,0.0,0.0
2025-04-26 21:00:00,0.0,40.7099375,0.0,0.0,0.0,0.0,0.0
2025-04-26 22:00:00,0.0,37.7628125,0.0,0.0,0.0,0.0,0.0
2025-04-26 23:00:00,0.0,35.761,0.0,0.0,0.0,0.0,0.0
2025-04-27 00:00:00,0.0,31.85325,0.0,0.0,0.0,0.0,0.0
2025-04-27 01:00:00,0.0,28.1455625,0.0,0.0,0.0,0.0,0.0
2025-04-27 02:00:00,0.0,25.034375,0.0,0.0,0.0,0.0,0.0
2025-04-27 03:00:00,0.0,23.120625,0.0,0.0,0.0,0.0,0.0
2025-04-27 04:00:00,0.0,22.26725,0.0,0.0,0.0,0.0,0.0
2025-04-27 05:00:00,0.0,21.9839375,0.0,0.0,0.0,0.0,0.0
2025-04-27 06:00:00,0.0,21.8310625,0.0,0.0,0.0,0.0,0.0
2025-04-27 07:00:00,0.0,22.74725,0.0,0.0,0.0,0.0,0.0
2025-04-27 08:00:00,0.0,25.629,0.0,0.0,0.0,0.0,0.0
2025-04-27 09:00:00,0.0,29.0124375,0.0,0.0,0.0,0.0,0.0
2025-04-27 10:00:00,0.0,31.568375,0.0,0.0,0.0,0.0,0.0
2025-04-27 11:00:00,0.0,34.050125,0.0,0.0,0.0,0.0,0.0
2025-04-27 12:00:00,0.0,35.0151875,0.0,0.0,0.0,0.0,0.0
2025-04-27 13:00:00,0.0,35.6395625,0.0,0.0,0.0,0.0,0.0
2025-04-27 14:00:00,0.0,35.2481875,0.0,0.0,0.0,0.0,0.0
2025-04-27 15:00:00,0.0,35.14825,0.0,0.0,0.0,0.0,0.0
2025-04-27 16:00:00,0.0,34.626875,0.0,0.0,0.0,0.0,0.0
2025-04-27 17:00:00,0.0,34.2745,0.0,0.0,0.0,0.0,0.0
2025-04-27 18:00:00,0.0,35.345625,0.0,0.0,0.0,0.0,0.0
2025-04-27 19:00:00,0.0,38.81375,0.0,0.0,0.0,0.0,0.0
2025-04-27 20:00:00,0.0,38.676375,0.0,0.0,0.0,0.0,0.0
2025-04-27 21:00:00,0.0,36.97325,0.0,0.0,0.0,0.0,0.0
2025-04-27 22:00:00,0.0,34.98,0.0,0.0,0.0,0.0,0.0
2025-04-27 23:00:00,0.0,32.349125,0.0,0.0,0.0,0.0,0.0
2025-04-28 00:00:00,0.0,29.589625,0.0,0.0,0.0,0.0,0.0
2025-04-28 01:00:00,0.0,27.77475,0.0,0.0,0.0,0.0,0.0
2025-04-28 02:00:00,0.0,25.025,0.0,0.0,0.0,0.0,0.0
2025-04-28 03:00:00,0.0,23.185,0.0,0.0,0.0,0.0,0.0
2025-04-28 04:00:00,0.0,22.84775,0.0,0.0,0.0,0.0,0.0
2025-04-28 05:00:00,0.0,22.13575,0.0,0.0,0.0,0.0,0.0
2025-04-28 06:00:00,0.0,21.4625,0.0,0.0,0.0,0.0,0.0
2025-04-28 07:00:00,0.0,21.868125,0.0,0.0,0.0,0.0,0.0
2025-04-28 08:00:00,0.0,23.115375,0.0,0.0,0.0,0.0,0.0
2025-04-28 09:00:00,0.0,23.567125,0.0,0.0,0.0,0.0,0.0
2025-04-28 10:00:00,0.0,26.134125,0.0,0.0,0.0,0.0,0.0
2025-04-28 11:00:00,0.0,29.054875,0.0,0.0,0.0,0.0,0.0
2025-04-28 12:00:00,0.0,31.410375,0.0,0.0,0.0,0.0,0.0
2025-04-28 13:00:00,0.0,33.07175,0.0,0.0,0.0,0.0,0.0
2025-04-28 14:00:00,0.0,33.284125,0.0,0.0,0.0,0.0,0.0
2025-04-28 15:00:00,0.0,32.60675,0.0,0.0,0.0,0.0,0.0
2025-04-28 16:00:00,0.0,32.5925,0.0,0.0,0.0,0.0,0.0
2025-04-28 17:00:00,0.0,32.73675,0.0,0.0,0.0,0.0,0.0
2025-04-28 18:00:00,0.0,34.451,0.0,0.0,0.0,0.0,0.0
2025-04-28 19:00:00,0.0,38.3845,0.0,0.0,0.0,0.0,0.0
2025-04-28 20:00:00,0.0,38.97725,0.0,0.0,0.0,0.0,0.0
2025-04-28 21:00:00,0.0,37.96025,0.0,0.0,0.0,0.0,0.0
2025-04-28 22:00:00,0.0,35.416875,0.0,0.0,0.0,0.0,0.0
2025-04-28 23:00:00,0.0,32.73875,0.0,0.0,0.0,0.0,0.0
2025-04-29 00:00:00,0.0,29.23975,0.0,0.0,0.0,0.0,0.0
2025-04-29 01:00:00,0.0,26.407375,0.0,0.0,0.0,0.0,0.0
2025-04-29 02:00:00,0.0,23.997625,0.0,0.0,0.0,0.0,0.0
2025-04-29 03:00:00,0.0,23.043625,0.0,0.0,0.0,0.0,0.0
2025-04-29 04:00:00,0.0,22.62175,0.0,0.0,0.0,0.0,0.0
2025-04-29 05:00:00,0.0,23.0965,0.0,0.0,0.0,0.0,0.0
2025-04-29 06:00:00,0.0,25.21725,0.0,0.0,0.0,0.0,0.0
2025-04-29 07:00:00,0.0,30.923875,0.0,0.0,0.0,0.0,0.0
2025-04-29 08:00:00,0.0,34.400125,0.0,0.0,0.0,0.0,0.0
2025-04-29 09:00:00,0.0,36.315375,0.0,0.0,0.0,0.0,0.0
2025-04-29 10:00:00,0.0,37.963,0.0,0.0,0.0,0.0,0.0
2025-04-29 11:00:00,0.0,39.413625,0.0,0.0,0.0,0.0,0.0
2025-04-29 12:00:00,0.0,40.185125,0.0,0.0,0.0,0.0,0.0
2025-04-29 13:00:00,0.0,40.508125,0.0,0.0,0.0,0.0,0.0
2025-04-29 14:00:00,0.0,40.107125,0.0,0.0,0.0,0.0,0.0
2025-04-29 15:00:00,0.0,39.995125,0.0,0.0,0.0,0.0,0.0
2025-04-29 16:00:00,0.0,41.089375,0.0,0.0,0.0,0.0,0.0
2025-04-29 17:00:00,0.0,40.391625,0.0,0.0,0.0,0.0,0.0
2025-04-29 18:00:00,0.0,40.439625,0.0,0.0,0.0,0.0,0.0
2025-04-29 19:00:00,0.0,43.765375,0.0,0.0,0.0,0.0,0.0
2025-04-29 20:00:00,0.0,42.68175,0.0,0.0,0.0,0.0,0.0
2025-04-29 21:00:00,0.0,40.7165,0.0,0.0,0.0,0.0,0.0
2025-04-29 22:00:00,0.0,38.20175,0.0,0.0,0.0,0.0,0.0
2025-04-29 23:00:00,0.0,35.279625,0.0,0.0,0.0,0.0,0.0
2025-04-30 00:00:00,0.0,30.030125,0.0,0.0,0.0,0.0,0.0
2025-04-30 01:00:00,0.0,26.89225,0.0,0.0,0.0,0.0,0.0
2025-04-30 02:00:00,0.0,24.5375,0.0,0.0,0.0,0.0,0.0
2025-04-30 03:00:00,0.0,23.366,0.0,0.0,0.0,0.0,0.0
2025-04-30 04:00:00,0.0,22.772,0.0,0.0,0.0,0.0,0.0
2025-04-30 05:00:00,0.0,22.5205,0.0,0.0,0.0,0.0,0.0
2025-04-30 06:00:00,0.0,24.7995,0.0,0.0,0.0,0.0,0.0
2025-04-30 07:00:00,0.0,30.389125,0.0,0.0,0.0,0.0,0.0
2025-04-30 08:00:00,0.0,34.750875,0.0,0.0,0.0,0.0,0.0
2025-04-30 09:00:00,0.0,38.78225,0.0,0.0,0.0,0.0,0.0
2025-04-30 10:00:00,0.0,40.665125,0.0,0.0,0.0,0.0,0.0
2025-04-30 11:00:00,0.0,41.8115,0.0,0.0,0.0,0.0,0.0
2025-04-30 12:00:00,0.0,41.763375,0.0,0.0,0.0,0.0,0.0
2025-04-30 13:00:00,0.0,41.158125,0.0,0.0,0.0,0.0,0.0
2025-04-30 14:00:00,0.0,40.200625,0.0,0.0,0.0,0.0,0.0
2025-04-30 15:00:00,0.0,40.08725,0.0,0.0,0.0,0.0,0.0
2025-04-30 16:00:00,0.0,39.70525,0.0,0.0,0.0,0.0,0.0
2025-04-30 17:00:00,0.0,39.421875,0.0,0.0,0.0,0.0,0.0
2025-04-30 18:00:00,0.0,39.2855,0.0,0.0,0.0,0.0,0.0
2025-04-30 19:00:00,0.0,42.151375,0.0,0.0,0.0,0.0,0.0
2025-04-30 20:00:00,0.0,41.908625,0.0,0.0,0.0,0.0,0.0
2025-04-30 21:00:00,0.0,40.378,0.0,0.0,0.0,0.0,0.0
2025-04-30 22:00:00,0.0,38.509875,0.0,0.0,0.0,0.0,0.0
2025-04-30 23:00:00,0.0,35.83775,0.0,0.0,0.0,0.0,0.0
2025-05-01 00:00:00,0.0,38.68275,0.0,0.0,0.0,0.0,0.0
2025-05-01 01:00:00,0.0,27.952875,0.0,0.0,0.0,0.0,0.0
2025-05-01 02:00:00,0.0,25.732125,0.0,0.0,0.0,0.0,0.0
2025-05-01 03:00:00,0.0,24.2695,0.0,0.0,0.0,0.0,0.0
2025-05-01 04:00:00,0.0,23.51825,0.0,0.0,0.0,0.0,0.0
2025-05-01 05:00:00,0.0,23.052875,0.0,0.0,0.0,0.0,0.0
2025-05-01 06:00:00,0.0,23.2155,0.0,0.0,0.0,0.0,0.0
2025-05-01 07:00:00,0.0,23.77175,0.0,0.0,0.0,0.0,0.0
2025-05-01 08:00:00,0.0,24.392375,0.0,0.0,0.0,0.0,0.0
2025-05-01 09:00:00,0.0,24.69575,0.0,0.0,0.0,0.0,0.0
2025-05-01 10:00:00,0.0,27.2375,0.0,0.0,0.0,0.0,0.0
2025-05-01 11:00:00,0.0,29.66825,0.0,0.0,0.0,0.0,0.0
2025-05-01 12:00:00,0.0,31.843875,0.0,0.0,0.0,0.0,0.0
2025-05-01 13:00:00,0.0,32.8295,0.0,0.0,0.0,0.0,0.0
2025-05-01 14:00:00,0.0,31.47325,0.0,0.0,0.0,0.0,0.0
2025-05-01 15:00:00,0.0,30.819,0.0,0.0,0.0,0.0,0.0
2025-05-01 16:00:00,0.0,30.542375,0.0,0.0,0.0,0.0,0.0
2025-05-01 17:00:00,0.0,31.202625,0.0,0.0,0.0,0.0,0.0
2025-05-01 18:00:00,0.0,33.753125,0.0,0.0,0.0,0.0,0.0
2025-05-01 19:00:00,0.0,37.28375,0.0,0.0,0.0,0.0,0.0
2025-05-01 20:00:00,0.0,37.215,0.0,0.0,0.0,0.0,0.0
2025-05-01 21:00:00,0.0,36.037,0.0,0.0,0.0,0.0,0.0
2025-05-01 22:00:00,0.0,33.85775,0.0,0.0,0.0,0.0,0.0
2025-05-01 23:00:00,0.0,30.70925,0.0,0.0,0.0,0.0,0.0
2025-05-02 00:00:00,0.0,27.416875,0.0,0.0,0.0,0.0,0.0
2025-05-02 01:00:00,0.0,24.661,0.0,0.0,0.0,0.0,0.0
2025-05-02 02:00:00,0.0,23.253625,0.0,0.0,0.0,0.0,0.0
2025-05-02 03:00:00,0.0,21.929,0.0,0.0,0.0,0.0,0.0
2025-05-02 04:00:00,0.0,21.61775,0.0,0.0,0.0,0.0,0.0
2025-05-02 05:00:00,0.0,22.167625,0.0,0.0,0.0,0.0,0.0
2025-05-02 06:00:00,0.0,25.709,0.0,0.0,0.0,0.0,0.0
2025-05-02 07:00:00,0.0,30.723,0.0,0.0,0.0,0.0,0.0
2025-05-02 08:00:00,0.0,35.737375,0.0,0.0,0.0,0.0,0.0
2025-05-02 09:00:00,0.0,37.8915,0.0,0.0,0.0,0.0,0.0
2025-05-02 10:00:00,0.0,39.017125,0.0,0.0,0.0,0.0,0.0
2025-05-02 11:00:00,0.0,40.5455,0.0,0.0,0.0,0.0,0.0
2025-05-02 12:00:00,0.0,40.66675,0.0,0.0,0.0,0.0,0.0
2025-05-02 13:00:00,0.0,39.998875,0.0,0.0,0.0,0.0,0.0
2025-05-02 14:00:00,0.0,39.524375,0.0,0.0,0.0,0.0,0.0
2025-05-02 15:00:00,0.0,39.713,0.0,0.0,0.0,0.0,0.0
2025-05-02 16:00:00,0.0,38.33975,0.0,0.0,0.0,0.0,0.0
2025-05-02 17:00:00,0.0,36.21275,0.0,0.0,0.0,0.0,0.0
2025-05-02 18:00:00,0.0,37.9825,0.0,0.0,0.0,0.0,0.0
2025-05-02 19:00:00,0.0,40.13975,0.0,0.0,0.0,0.0,0.0
2025-05-02 20:00:00,0.0,39.652875,0.0,0.0,0.0,0.0,0.0
2025-05-02 21:00:00,0.0,37.8465,0.0,0.0,0.0,0.0,0.0
2025-05-02 22:00:00,0.0,36.024,0.0,0.0,0.0,0.0,0.0
2025-05-02 23:00:00,0.0,33.33125,0.0,0.0,0.0,0.0,0.0
2025-05-03 00:00:00,0.0,29.63025,0.0,0.0,0.0,0.0,0.0
2025-05-03 01:00:00,0.0,26.117375,0.0,0.0,0.0,0.0,0.0
2025-05-03 02:00:00,0.0,24.225125,0.0,0.0,0.0,0.0,0.0
2025-05-03 03:00:00,0.0,23.429625,0.0,0.0,0.0,0.0,0.0
2025-05-03 04:00:00,0.0,23.194625,0.0,0.0,0.0,0.0,0.0
2025-05-03 05:00:00,0.0,23.569125,0.0,0.0,0.0,0.0,0.0
2025-05-03 06:00:00,0.0,27.311375,0.0,0.0,0.0,0.0,0.0
2025-05-03 07:00:00,0.0,32.144125,0.0,0.0,0.0,0.0,0.0
2025-05-03 08:00:00,0.0,37.16425,0.0,0.0,0.0,0.0,0.0
2025-05-03 09:00:00,0.0,39.872125,0.0,0.0,0.0,0.0,0.0
2025-05-03 10:00:00,0.0,42.253375,0.0,0.0,0.0,0.0,0.0
2025-05-03 11:00:00,0.0,43.552625,0.0,0.0,0.0,0.0,0.0
2025-05-03 12:00:00,0.0,43.375125,0.0,0.0,0.0,0.0,0.0
2025-05-03 13:00:00,0.0,42.946875,0.0,0.0,0.0,0.0,0.0
2025-05-03 14:00:00,0.0,42.705,0.0,0.0,0.0,0.0,0.0
2025-05-03 15:00:00,0.0,42.801875,0.0,0.0,0.0,0.0,0.0
2025-05-03 16:00:00,0.0,40.461875,0.0,0.0,0.0,0.0,0.0
2025-05-03 17:00:00,0.0,38.013625,0.0,0.0,0.0,0.0,0.0
2025-05-03 18:00:00,0.0,40.659875,0.0,0.0,0.0,0.0,0.0
2025-05-03 19:00:00,0.0,41.0815,0.0,0.0,0.0,0.0,0.0
2025-05-03 20:00:00,0.0,39.70575,0.0,0.0,0.0,0.0,0.0
2025-05-03 21:00:00,0.0,38.104625,0.0,0.0,0.0,0.0,0.0
2025-05-03 22:00:00,0.0,36.65425,0.0,0.0,0.0,0.0,0.0
2025-05-03 23:00:00,0.0,34.509375,0.0,0.0,0.0,0.0,0.0
2025-05-04 00:00:00,0.0,31.37575,0.0,0.0,0.0,0.0,0.0
2025-05-04 01:00:00,0.0,28.444375,0.0,0.0,0.0,0.0,0.0
2025-05-04 02:00:00,0.0,25.755375,0.0,0.0,0.0,0.0,0.0
2025-05-04 03:00:00,0.0,23.870375,0.0,0.0,0.0,0.0,0.0
2025-05-04 04:00:00,0.0,22.78325,0.0,0.0,0.0,0.0,0.0
2025-05-04 05:00:00,0.0,22.6785,0.0,0.0,0.0,0.0,0.0
2025-05-04 06:00:00,0.0,23.088625,0.0,0.0,0.0,0.0,0.0
2025-05-04 07:00:00,0.0,24.39225,0.0,0.0,0.0,0.0,0.0
2025-05-04 08:00:00,0.0,28.074625,0.0,0.0,0.0,0.0,0.0
2025-05-04 09:00:00,0.0,30.76125,0.0,0.0,0.0,0.0,0.0
2025-05-04 10:00:00,0.0,33.868375,0.0,0.0,0.0,0.0,0.0
2025-05-04 11:00:00,0.0,35.856875,0.0,0.0,0.0,0.0,0.0
2025-05-04 12:00:00,0.0,36.857625,0.0,0.0,0.0,0.0,0.0
2025-05-04 13:00:00,0.0,37.434375,0.0,0.0,0.0,0.0,0.0
2025-05-04 14:00:00,0.0,37.054125,0.0,0.0,0.0,0.0,0.0
2025-05-04 15:00:00,0.0,35.8455,0.0,0.0,0.0,0.0,0.0
2025-05-04 16:00:00,0.0,34.87025,0.0,0.0,0.0,0.0,0.0
2025-05-04 17:00:00,0.0,34.891125,0.0,0.0,0.0,0.0,0.0
2025-05-04 18:00:00,0.0,37.45525,0.0,0.0,0.0,0.0,0.0
2025-05-04 19:00:00,0.0,39.90075,0.0,0.0,0.0,0.0,0.0
2025-05-04 20:00:00,0.0,38.677875,0.0,0.0,0.0,0.0,0.0
2025-05-04 21:00:00,0.0,37.183625,0.0,0.0,0.0,0.0,0.0
2025-05-04 22:00:00,0.0,34.93375,0.0,0.0,0.0,0.0,0.0
2025-05-04 23:00:00,0.0,32.707125,0.0,0.0,0.0,0.0,0.0
2025-05-05 00:00:00,0.0,30.159,0.0,0.0,0.0,0.0,0.0
2025-05-05 01:00:00,0.0,27.564875,0.0,0.0,0.0,0.0,0.0
2025-05-05 02:00:00,0.0,25.602,0.0,0.0,0.0,0.0,0.0
2025-05-05 03:00:00,0.0,23.85625,0.0,0.0,0.0,0.0,0.0
2025-05-05 04:00:00,0.0,22.823375,0.0,0.0,0.0,0.0,0.0
2025-05-05 05:00:00,0.0,22.428375,0.0,0.0,0.0,0.0,0.0
2025-05-05 06:00:00,0.0,22.342125,0.0,0.0,0.0,0.0,0.0
2025-05-05 07:00:00,0.0,22.879875,0.0,0.0,0.0,0.0,0.0
2025-05-05 08:00:00,0.0,24.202125,0.0,0.0,0.0,0.0,0.0
2025-05-05 09:00:00,0.0,24.799375,0.0,0.0,0.0,0.0,0.0
2025-05-05 10:00:00,0.0,27.15725,0.0,0.0,0.0,0.0,0.0
2025-05-05 11:00:00,0.0,29.798,0.0,0.0,0.0,0.0,0.0
2025-05-05 12:00:00,0.0,32.948625,0.0,0.0,0.0,0.0,0.0
2025-05-05 13:00:00,0.0,34.750375,0.0,0.0,0.0,0.0,0.0
2025-05-05 14:00:00,0.0,35.062125,0.0,0.0,0.0,0.0,0.0
2025-05-05 15:00:00,0.0,34.49025,0.0,0.0,0.0,0.0,0.0
2025-05-05 16:00:00,0.0,33.932875,0.0,0.0,0.0,0.0,0.0
2025-05-05 17:00:00,0.0,34.001125,0.0,0.0,0.0,0.0,0.0
2025-05-05 18:00:00,0.0,36.94475,0.0,0.0,0.0,0.0,0.0
2025-05-05 19:00:00,0.0,39.710875,0.0,0.0,0.0,0.0,0.0
2025-05-05 20:00:00,0.0,39.50075,0.0,0.0,0.0,0.0,0.0
2025-05-05 21:00:00,0.0,38.2915,0.0,0.0,0.0,0.0,0.0
2025-05-05 22:00:00,0.0,35.924625,0.0,0.0,0.0,0.0,0.0
2025-05-05 23:00:00,0.0,32.748375,0.0,0.0,0.0,0.0,0.0
2025-05-06 00:00:00,0.0,29.303125,0.0,0.0,0.0,0.0,0.0
2025-05-06 01:00:00,0.0,26.488375,0.0,0.0,0.0,0.0,0.0
2025-05-06 02:00:00,0.0,24.132,0.0,0.0,0.0,0.0,0.0
2025-05-06 03:00:00,0.0,23.005875,0.0,0.0,0.0,0.0,0.0
2025-05-06 04:00:00,0.0,23.010875,0.0,0.0,0.0,0.0,0.0
2025-05-06 05:00:00,0.0,23.43075,0.0,0.0,0.0,0.0,0.0
2025-05-06 06:00:00,0.0,27.178125,0.0,0.0,0.0,0.0,0.0
2025-05-06 07:00:00,0.0,31.87675,0.0,0.0,0.0,0.0,0.0
2025-05-06 08:00:00,0.0,36.539375,0.0,0.0,0.0,0.0,0.0
2025-05-06 09:00:00,0.0,38.644125,0.0,0.0,0.0,0.0,0.0
2025-05-06 10:00:00,0.0,41.4805,0.0,0.0,0.0,0.0,0.0
2025-05-06 11:00:00,0.0,42.997875,0.0,0.0,0.0,0.0,0.0
2025-05-06 12:00:00,0.0,43.332,0.0,0.0,0.0,0.0,0.0
2025-05-06 13:00:00,0.0,42.582875,0.0,0.0,0.0,0.0,0.0
2025-05-06 14:00:00,0.0,41.855,0.0,0.0,0.0,0.0,0.0
2025-05-06 15:00:00,0.0,42.081,0.0,0.0,0.0,0.0,0.0
2025-05-06 16:00:00,0.0,40.561375,0.0,0.0,0.0,0.0,0.0
2025-05-06 17:00:00,0.0,37.680375,0.0,0.0,0.0,0.0,0.0
2025-05-06 18:00:00,0.0,40.08775,0.0,0.0,0.0,0.0,0.0
2025-05-06 19:00:00,0.0,41.979875,0.0,0.0,0.0,0.0,0.0
2025-05-06 20:00:00,0.0,40.842875,0.0,0.0,0.0,0.0,0.0
2025-05-06 21:00:00,0.0,39.01475,0.0,0.0,0.0,0.0,0.0
2025-05-06 22:00:00,0.0,36.922875,0.0,0.0,0.0,0.0,0.0
2025-05-06 23:00:00,0.0,33.6285,0.0,0.0,0.0,0.0,0.0
2025-05-07 00:00:00,0.0,29.940625,0.0,0.0,0.0,0.0,0.0
2025-05-07 01:00:00,0.0,27.025125,0.0,0.0,0.0,0.0,0.0
2025-05-07 02:00:00,0.0,24.944625,0.0,0.0,0.0,0.0,0.0
2025-05-07 03:00:00,0.0,23.948,0.0,0.0,0.0,0.0,0.0
2025-05-07 04:00:00,0.0,23.354625,0.0,0.0,0.0,0.0,0.0
2025-05-07 05:00:00,0.0,23.797625,0.0,0.0,0.0,0.0,0.0
2025-05-07 06:00:00,0.0,27.766875,0.0,0.0,0.0,0.0,0.0
2025-05-07 07:00:00,0.0,32.586125,0.0,0.0,0.0,0.0,0.0
2025-05-07 08:00:00,0.0,37.05925,0.0,0.0,0.0,0.0,0.0
2025-05-07 09:00:00,0.0,39.19525,0.0,0.0,0.0,0.0,0.0
2025-05-07 10:00:00,0.0,39.97575,0.0,0.0,0.0,0.0,0.0
2025-05-07 11:00:00,0.0,40.9545,0.0,0.0,0.0,0.0,0.0
2025-05-07 12:00:00,0.0,41.450875,0.0,0.0,0.0,0.0,0.0
2025-05-07 13:00:00,0.0,40.7575,0.0,0.0,0.0,0.0,0.0
2025-05-07 14:00:00,0.0,40.5755,0.0,0.0,0.0,0.0,0.0
2025-05-07 15:00:00,0.0,41.0355,0.0,0.0,0.0,0.0,0.0
2025-05-07 16:00:00,0.0,40.60025,0.0,0.0,0.0,0.0,0.0
2025-05-07 17:00:00,0.0,39.115125,0.0,0.0,0.0,0.0,0.0
2025-05-07 18:00:00,0.0,41.863,0.0,0.0,0.0,0.0,0.0
2025-05-07 19:00:00,0.0,42.217125,0.0,0.0,0.0,0.0,0.0
2025-05-07 20:00:00,0.0,40.985125,0.0,0.0,0.0,0.0,0.0
2025-05-07 21:00:00,0.0,39.057375,0.0,0.0,0.0,0.0,0.0
2025-05-07 22:00:00,0.0,36.80225,0.0,0.0,0.0,0.0,0.0
2025-05-07 23:00:00,0.0,33.536875,0.0,0.0,0.0,0.0,0.0
2025-05-08 00:00:00,0.0,30.00325,0.0,0.0,0.0,0.0,0.0
2025-05-08 01:00:00,0.0,26.99125,0.0,0.0,0.0,0.0,0.0
2025-05-08 02:00:00,0.0,25.25625,0.0,0.0,0.0,0.0,0.0
2025-05-08 03:00:00,0.0,23.98225,0.0,0.0,0.0,0.0,0.0
2025-05-08 04:00:00,0.0,23.58925,0.0,0.0,0.0,0.0,0.0
2025-05-08 05:00:00,0.0,24.1125,0.0,0.0,0.0,0.0,0.0
2025-05-08 06:00:00,0.0,28.244625,0.0,0.0,0.0,0.0,0.0
2025-05-08 07:00:00,0.0,33.408125,0.0,0.0,0.0,0.0,0.0
2025-05-08 08:00:00,0.0,39.11925,0.0,0.0,0.0,0.0,0.0
2025-05-08 09:00:00,0.0,41.900875,0.0,0.0,0.0,0.0,0.0
2025-05-08 10:00:00,0.0,42.68825,0.0,0.0,0.0,0.0,0.0
2025-05-08 11:00:00,0.0,43.717,0.0,0.0,0.0,0.0,0.0
2025-05-08 12:00:00,0.0,43.88975,0.0,0.0,0.0,0.0,0.0
2025-05-08 13:00:00,0.0,41.9505,0.0,0.0,0.0,0.0,0.0
2025-05-08 14:00:00,0.0,40.551875,0.0,0.0,0.0,0.0,0.0
2025-05-08 15:00:00,0.0,40.95525,0.0,0.0,0.0,0.0,0.0
2025-05-08 16:00:00,0.0,40.38425,0.0,0.0,0.0,0.0,0.0
2025-05-08 17:00:00,0.0,39.050375,0.0,0.0,0.0,0.0,0.0
2025-05-08 18:00:00,0.0,41.31775,0.0,0.0,0.0,0.0,0.0
2025-05-08 19:00:00,0.0,41.985375,0.0,0.0,0.0,0.0,0.0
2025-05-08 20:00:00,0.0,40.752625,0.0,0.0,0.0,0.0,0.0
2025-05-08 21:00:00,0.0,38.827375,0.0,0.0,0.0,0.0,0.0
2025-05-08 22:00:00,0.0,36.743625,0.0,0.0,0.0,0.0,0.0
2025-05-08 23:00:00,0.0,33.45025,0.0,0.0,0.0,0.0,0.0
2025-05-09 00:00:00,0.0,29.580875,0.0,0.0,0.0,0.0,0.0
2025-05-09 01:00:00,0.0,26.721125,0.0,0.0,0.0,0.0,0.0
2025-05-09 02:00:00,0.0,24.461875,0.0,0.0,0.0,0.0,0.0
2025-05-09 03:00:00,0.0,23.377,0.0,0.0,0.0,0.0,0.0
2025-05-09 04:00:00,0.0,23.039125,0.0,0.0,0.0,0.0,0.0
2025-05-09 05:00:00,0.0,23.545375,0.0,0.0,0.0,0.0,0.0
2025-05-09 06:00:00,0.0,27.274,0.0,0.0,0.0,0.0,0.0
2025-05-09 07:00:00,0.0,32.12625,0.0,0.0,0.0,0.0,0.0
2025-05-09 08:00:00,0.0,36.8715,0.0,0.0,0.0,0.0,0.0
2025-05-09 09:00:00,0.0,38.72,0.0,0.0,0.0,0.0,0.0
2025-05-09 10:00:00,0.0,39.916125,0.0,0.0,0.0,0.0,0.0
2025-05-09 11:00:00,0.0,40.937,0.0,0.0,0.0,0.0,0.0
2025-05-09 12:00:00,0.0,41.10275,0.0,0.0,0.0,0.0,0.0
2025-05-09 13:00:00,0.0,40.531875,0.0,0.0,0.0,0.0,0.0
2025-05-09 14:00:00,0.0,40.36875,0.0,0.0,0.0,0.0,0.0
2025-05-09 15:00:00,0.0,40.65925,0.0,0.0,0.0,0.0,0.0
2025-05-09 16:00:00,0.0,39.560375,0.0,0.0,0.0,0.0,0.0
2025-05-09 17:00:00,0.0,37.785625,0.0,0.0,0.0,0.0,0.0
2025-05-09 18:00:00,0.0,40.364875,0.0,0.0,0.0,0.0,0.0
2025-05-09 19:00:00,0.0,41.922125,0.0,0.0,0.0,0.0,0.0
2025-05-09 20:00:00,0.0,40.777125,0.0,0.0,0.0,0.0,0.0
2025-05-09 21:00:00,0.0,38.896,0.0,0.0,0.0,0.0,0.0
2025-05-09 22:00:00,0.0,36.8585,0.0,0.0,0.0,0.0,0.0
2025-05-09 23:00:00,0.0,33.88125,0.0,0.0,0.0,0.0,0.0
2025-05-10 00:00:00,0.0,30.277875,0.0,0.0,0.0,0.0,0.0
2025-05-10 01:00:00,0.0,26.7875,0.0,0.0,0.0,0.0,0.0
2025-05-10 02:00:00,0.0,24.340625,0.0,0.0,0.0,0.0,0.0
2025-05-10 03:00:00,0.0,23.17625,0.0,0.0,0.0,0.0,0.0
2025-05-10 04:00:00,0.0,22.385,0.0,0.0,0.0,0.0,0.0
2025-05-10 05:00:00,0.0,22.658625,0.0,0.0,0.0,0.0,0.0
2025-05-10 06:00:00,0.0,26.364,0.0,0.0,0.0,0.0,0.0
2025-05-10 07:00:00,0.0,31.689875,0.0,0.0,0.0,0.0,0.0
2025-05-10 08:00:00,0.0,36.19475,0.0,0.0,0.0,0.0,0.0
2025-05-10 09:00:00,0.0,37.94625,0.0,0.0,0.0,0.0,0.0
2025-05-10 10:00:00,0.0,39.083,0.0,0.0,0.0,0.0,0.0
2025-05-10 11:00:00,0.0,40.501625,0.0,0.0,0.0,0.0,0.0
2025-05-10 12:00:00,0.0,39.955,0.0,0.0,0.0,0.0,0.0
2025-05-10 13:00:00,0.0,39.067,0.0,0.0,0.0,0.0,0.0
2025-05-10 14:00:00,0.0,38.627125,0.0,0.0,0.0,0.0,0.0
2025-05-10 15:00:00,0.0,38.252875,0.0,0.0,0.0,0.0,0.0
2025-05-10 16:00:00,0.0,36.523375,0.0,0.0,0.0,0.0,0.0
2025-05-10 17:00:00,0.0,35.091625,0.0,0.0,0.0,0.0,0.0
2025-05-10 18:00:00,0.0,38.167875,0.0,0.0,0.0,0.0,0.0
2025-05-10 19:00:00,0.0,40.00925,0.0,0.0,0.0,0.0,0.0
2025-05-10 20:00:00,0.0,38.240625,0.0,0.0,0.0,0.0,0.0
2025-05-10 21:00:00,0.0,36.37775,0.0,0.0,0.0,0.0,0.0
2025-05-10 22:00:00,0.0,34.78775,0.0,0.0,0.0,0.0,0.0
2025-05-10 23:00:00,0.0,32.621375,0.0,0.0,0.0,0.0,0.0
2025-05-11 00:00:00,0.0,29.498375,0.0,0.0,0.0,0.0,0.0
2025-05-11 01:00:00,0.0,27.026375,0.0,0.0,0.0,0.0,0.0
2025-05-11 02:00:00,0.0,24.820625,0.0,0.0,0.0,0.0,0.0
2025-05-11 03:00:00,0.0,23.5135,0.0,0.0,0.0,0.0,0.0
2025-05-11 04:00:00,0.0,23.012375,0.0,0.0,0.0,0.0,0.0
2025-05-11 05:00:00,0.0,23.06375,0.0,0.0,0.0,0.0,0.0
2025-05-11 06:00:00,0.0,23.5505,0.0,0.0,0.0,0.0,0.0
2025-05-11 07:00:00,0.0,25.256125,0.0,0.0,0.0,0.0,0.0
2025-05-11 08:00:00,0.0,28.057875,0.0,0.0,0.0,0.0,0.0
2025-05-11 09:00:00,0.0,30.15425,0.0,0.0,0.0,0.0,0.0
2025-05-11 10:00:00,0.0,33.31875,0.0,0.0,0.0,0.0,0.0
2025-05-11 11:00:00,0.0,35.28475,0.0,0.0,0.0,0.0,0.0
2025-05-11 12:00:00,0.0,36.1105,0.0,0.0,0.0,0.0,0.0
2025-05-11 13:00:00,0.0,37.121,0.0,0.0,0.0,0.0,0.0
2025-05-11 14:00:00,0.0,36.290875,0.0,0.0,0.0,0.0,0.0
2025-05-11 15:00:00,0.0,35.290375,0.0,0.0,0.0,0.0,0.0
2025-05-11 16:00:00,0.0,34.145625,0.0,0.0,0.0,0.0,0.0
2025-05-11 17:00:00,0.0,34.77275,0.0,0.0,0.0,0.0,0.0
2025-05-11 18:00:00,0.0,37.80325,0.0,0.0,0.0,0.0,0.0
2025-05-11 19:00:00,0.0,38.385125,0.0,0.0,0.0,0.0,0.0
2025-05-11 20:00:00,0.0,37.473625,0.0,0.0,0.0,0.0,0.0
2025-05-11 21:00:00,0.0,36.472125,0.0,0.0,0.0,0.0,0.0
2025-05-11 22:00:00,0.0,35.3785,0.0,0.0,0.0,0.0,0.0
2025-05-11 23:00:00,0.0,32.921125,0.0,0.0,0.0,0.0,0.0
2025-05-12 00:00:00,0.0,30.195125,0.0,0.0,0.0,0.0,0.0
2025-05-12 01:00:00,0.0,27.77125,0.0,0.0,0.0,0.0,0.0
2025-05-12 02:00:00,0.0,25.79,0.0,0.0,0.0,0.0,0.0
2025-05-12 03:00:00,0.0,24.25475,0.0,0.0,0.0,0.0,0.0
2025-05-12 04:00:00,0.0,23.191875,0.0,0.0,0.0,0.0,0.0
2025-05-12 05:00:00,0.0,22.618875,0.0,0.0,0.0,0.0,0.0
2025-05-12 06:00:00,0.0,22.656625,0.0,0.0,0.0,0.0,0.0
2025-05-12 07:00:00,0.0,23.09325,0.0,0.0,0.0,0.0,0.0
2025-05-12 08:00:00,0.0,25.011875,0.0,0.0,0.0,0.0,0.0
2025-05-12 09:00:00,0.0,25.74175,0.0,0.0,0.0,0.0,0.0
2025-05-12 10:00:00,0.0,28.547625,0.0,0.0,0.0,0.0,0.0
2025-05-12 11:00:00,0.0,30.999875,0.0,0.0,0.0,0.0,0.0
2025-05-12 12:00:00,0.0,32.6955,0.0,0.0,0.0,0.0,0.0
2025-05-12 13:00:00,0.0,33.10575,0.0,0.0,0.0,0.0,0.0
2025-05-12 14:00:00,0.0,32.612375,0.0,0.0,0.0,0.0,0.0
2025-05-12 15:00:00,0.0,31.6205,0.0,0.0,0.0,0.0,0.0
2025-05-12 16:00:00,0.0,30.994,0.0,0.0,0.0,0.0,0.0
2025-05-12 17:00:00,0.0,31.09075,0.0,0.0,0.0,0.0,0.0
2025-05-12 18:00:00,0.0,34.6015,0.0,0.0,0.0,0.0,0.0
2025-05-12 19:00:00,0.0,36.67725,0.0,0.0,0.0,0.0,0.0
2025-05-12 20:00:00,0.0,36.775875,0.0,0.0,0.0,0.0,0.0
2025-05-12 21:00:00,0.0,35.96925,0.0,0.0,0.0,0.0,0.0
2025-05-12 22:00:00,0.0,34.1195,0.0,0.0,0.0,0.0,0.0
2025-05-12 23:00:00,0.0,30.932,0.0,0.0,0.0,0.0,0.0
2025-05-13 00:00:00,0.0,27.6275,0.0,0.0,0.0,0.0,0.0
2025-05-13 01:00:00,0.0,24.430625,0.0,0.0,0.0,0.0,0.0
2025-05-13 02:00:00,0.0,22.38175,0.0,0.0,0.0,0.0,0.0
2025-05-13 03:00:00,0.0,21.307,0.0,0.0,0.0,0.0,0.0
2025-05-13 04:00:00,0.0,20.9385,0.0,0.0,0.0,0.0,0.0
2025-05-13 05:00:00,0.0,21.46475,0.0,0.0,0.0,0.0,0.0
2025-05-13 06:00:00,0.0,25.261375,0.0,0.0,0.0,0.0,0.0
2025-05-13 07:00:00,0.0,30.15275,0.0,0.0,0.0,0.0,0.0
2025-05-13 08:00:00,0.0,34.873125,0.0,0.0,0.0,0.0,0.0
2025-05-13 09:00:00,0.0,37.596875,0.0,0.0,0.0,0.0,0.0
2025-05-13 10:00:00,0.0,38.54025,0.0,0.0,0.0,0.0,0.0
2025-05-13 11:00:00,0.0,39.832,0.0,0.0,0.0,0.0,0.0
2025-05-13 12:00:00,0.0,40.281875,0.0,0.0,0.0,0.0,0.0
2025-05-13 13:00:00,0.0,39.7,0.0,0.0,0.0,0.0,0.0
2025-05-13 14:00:00,0.0,38.5145,0.0,0.0,0.0,0.0,0.0
2025-05-13 15:00:00,0.0,38.94925,0.0,0.0,0.0,0.0,0.0
2025-05-13 16:00:00,0.0,38.1435,0.0,0.0,0.0,0.0,0.0
2025-05-13 17:00:00,0.0,36.26925,0.0,0.0,0.0,0.0,0.0
2025-05-13 18:00:00,0.0,39.06925,0.0,0.0,0.0,0.0,0.0
2025-05-13 19:00:00,0.0,41.4175,0.0,0.0,0.0,0.0,0.0
2025-05-13 20:00:00,0.0,39.2485,0.0,0.0,0.0,0.0,0.0
2025-05-13 21:00:00,0.0,37.2955,0.0,0.0,0.0,0.0,0.0
2025-05-13 22:00:00,0.0,34.704,0.0,0.0,0.0,0.0,0.0
2025-05-13 23:00:00,0.0,31.037,0.0,0.0,0.0,0.0,0.0
2025-05-14 00:00:00,0.0,27.52325,0.0,0.0,0.0,0.0,0.0
2025-05-14 01:00:00,0.0,24.89375,0.0,0.0,0.0,0.0,0.0
2025-05-14 02:00:00,0.0,22.98875,0.0,0.0,0.0,0.0,0.0
2025-05-14 03:00:00,0.0,21.9935,0.0,0.0,0.0,0.0,0.0
2025-05-14 04:00:00,0.0,21.583,0.0,0.0,0.0,0.0,0.0
2025-05-14 05:00:00,0.0,22.23175,0.0,0.0,0.0,0.0,0.0
2025-05-14 06:00:00,0.0,25.698,0.0,0.0,0.0,0.0,0.0
2025-05-14 07:00:00,0.0,30.54125,0.0,0.0,0.0,0.0,0.0
2025-05-14 08:00:00,0.0,35.88825,0.0,0.0,0.0,0.0,0.0
2025-05-14 09:00:00,0.0,37.6875,0.0,0.0,0.0,0.0,0.0
2025-05-14 10:00:00,0.0,38.041,0.0,0.0,0.0,0.0,0.0
2025-05-14 11:00:00,0.0,38.40575,0.0,0.0,0.0,0.0,0.0
2025-05-14 12:00:00,0.0,38.30525,0.0,0.0,0.0,0.0,0.0
2025-05-14 13:00:00,0.0,37.6675,0.0,0.0,0.0,0.0,0.0
2025-05-14 14:00:00,0.0,36.743,0.0,0.0,0.0,0.0,0.0
2025-05-14 15:00:00,0.0,37.16275,0.0,0.0,0.0,0.0,0.0
2025-05-14 16:00:00,0.0,37.1415,0.0,0.0,0.0,0.0,0.0
2025-05-14 17:00:00,0.0,35.67075,0.0,0.0,0.0,0.0,0.0
2025-05-14 18:00:00,0.0,38.98525,0.0,0.0,0.0,0.0,0.0
2025-05-14 19:00:00,0.0,40.065,0.0,0.0,0.0,0.0,0.0
2025-05-14 20:00:00,0.0,37.83225,0.0,0.0,0.0,0.0,0.0
2025-05-14 21:00:00,0.0,35.9825,0.0,0.0,0.0,0.0,0.0
2025-05-14 22:00:00,0.0,34.04425,0.0,0.0,0.0,0.0,0.0
2025-05-14 23:00:00,0.0,32.3685,0.0,0.0,0.0,0.0,0.0
2025-05-15 00:00:00,0.0,28.6205,0.0,0.0,0.0,0.0,0.0
2025-05-15 01:00:00,0.0,25.96975,0.0,0.0,0.0,0.0,0.0
2025-05-15 02:00:00,0.0,24.14475,0.0,0.0,0.0,0.0,0.0
2025-05-15 03:00:00,0.0,23.04775,0.0,0.0,0.0,0.0,0.0
2025-05-15 04:00:00,0.0,22.6905,0.0,0.0,0.0,0.0,0.0
2025-05-15 05:00:00,0.0,23.1685,0.0,0.0,0.0,0.0,0.0
2025-05-15 06:00:00,0.0,26.5595,0.0,0.0,0.0,0.0,0.0
2025-05-15 07:00:00,0.0,31.24625,0.0,0.0,0.0,0.0,0.0
2025-05-15 08:00:00,0.0,35.50525,0.0,0.0,0.0,0.0,0.0
2025-05-15 09:00:00,0.0,37.62075,0.0,0.0,0.0,0.0,0.0
2025-05-15 10:00:00,0.0,38.20975,0.0,0.0,0.0,0.0,0.0
2025-05-15 11:00:00,0.0,39.74125,0.0,0.0,0.0,0.0,0.0
2025-05-15 12:00:00,0.0,40.1425,0.0,0.0,0.0,0.0,0.0
2025-05-15 13:00:00,0.0,39.5495,0.0,0.0,0.0,0.0,0.0
2025-05-15 14:00:00,0.0,38.997,0.0,0.0,0.0,0.0,0.0
2025-05-15 15:00:00,0.0,39.5205,0.0,0.0,0.0,0.0,0.0
2025-05-15 16:00:00,0.0,36.88025,0.0,0.0,0.0,0.0,0.0
2025-05-15 17:00:00,0.0,35.51025,0.0,0.0,0.0,0.0,0.0
2025-05-15 18:00:00,0.0,38.71725,0.0,0.0,0.0,0.0,0.0
2025-05-15 19:00:00,0.0,39.49875,0.0,0.0,0.0,0.0,0.0
2025-05-15 20:00:00,0.0,37.9565,0.0,0.0,0.0,0.0,0.0
2025-05-15 21:00:00,0.0,36.17425,0.0,0.0,0.0,0.0,0.0
2025-05-15 22:00:00,0.0,35.4425,0.0,0.0,0.0,0.0,0.0
2025-05-15 23:00:00,0.0,33.88725,0.0,0.0,0.0,0.0,0.0
2025-05-16 00:00:00,0.0,30.35925,0.0,0.0,0.0,0.0,0.0
2025-05-16 01:00:00,0.0,27.37,0.0,0.0,0.0,0.0,0.0
2025-05-16 02:00:00,0.0,24.61825,0.0,0.0,0.0,0.0,0.0
2025-05-16 03:00:00,0.0,22.99975,0.0,0.0,0.0,0.0,0.0
2025-05-16 04:00:00,0.0,21.88325,0.0,0.0,0.0,0.0,0.0
2025-05-16 05:00:00,0.0,23.55025,0.0,0.0,0.0,0.0,0.0
2025-05-16 06:00:00,0.0,27.15825,0.0,0.0,0.0,0.0,0.0
2025-05-16 07:00:00,0.0,31.49275,0.0,0.0,0.0,0.0,0.0
2025-05-16 08:00:00,0.0,35.9055,0.0,0.0,0.0,0.0,0.0
2025-05-16 09:00:00,0.0,36.962,0.0,0.0,0.0,0.0,0.0
2025-05-16 10:00:00,0.0,37.01925,0.0,0.0,0.0,0.0,0.0
2025-05-16 11:00:00,0.0,38.7275,0.0,0.0,0.0,0.0,0.0
2025-05-16 12:00:00,0.0,38.7285,0.0,0.0,0.0,0.0,0.0
2025-05-16 13:00:00,0.0,37.94525,0.0,0.0,0.0,0.0,0.0
2025-05-16 14:00:00,0.0,36.91875,0.0,0.0,0.0,0.0,0.0
2025-05-16 15:00:00,0.0,36.643,0.0,0.0,0.0,0.0,0.0
2025-05-16 16:00:00,0.0,36.228,0.0,0.0,0.0,0.0,0.0
2025-05-16 17:00:00,0.0,35.19025,0.0,0.0,0.0,0.0,0.0
2025-05-16 18:00:00,0.0,39.083,0.0,0.0,0.0,0.0,0.0
2025-05-16 19:00:00,0.0,39.2955,0.0,0.0,0.0,0.0,0.0
2025-05-16 20:00:00,0.0,38.05925,0.0,0.0,0.0,0.0,0.0
2025-05-16 21:00:00,0.0,37.24275,0.0,0.0,0.0,0.0,0.0
2025-05-16 22:00:00,0.0,35.515,0.0,0.0,0.0,0.0,0.0
2025-05-16 23:00:00,0.0,33.3445,0.0,0.0,0.0,0.0,0.0
2025-05-17 00:00:00,0.0,30.0605,0.0,0.0,0.0,0.0,0.0
2025-05-17 01:00:00,0.0,27.48325,0.0,0.0,0.0,0.0,0.0
2025-05-17 02:00:00,0.0,25.54875,0.0,0.0,0.0,0.0,0.0
2025-05-17 03:00:00,0.0,24.336,0.0,0.0,0.0,0.0,0.0
2025-05-17 04:00:00,0.0,24.203,0.0,0.0,0.0,0.0,0.0
2025-05-17 05:00:00,0.0,25.04675,0.0,0.0,0.0,0.0,0.0
2025-05-17 06:00:00,0.0,26.9635,0.0,0.0,0.0,0.0,0.0
2025-05-17 07:00:00,0.0,30.512,0.0,0.0,0.0,0.0,0.0
2025-05-17 08:00:00,0.0,35.34825,0.0,0.0,0.0,0.0,0.0
2025-05-17 09:00:00,0.0,37.04325,0.0,0.0,0.0,0.0,0.0
2025-05-17 10:00:00,0.0,37.6205,0.0,0.0,0.0,0.0,0.0
2025-05-17 11:00:00,0.0,38.4915,0.0,0.0,0.0,0.0,0.0
2025-05-17 12:00:00,0.0,39.051,0.0,0.0,0.0,0.0,0.0
2025-05-17 13:00:00,0.0,37.68975,0.0,0.0,0.0,0.0,0.0
2025-05-17 14:00:00,0.0,36.606,0.0,0.0,0.0,0.0,0.0
2025-05-17 15:00:00,0.0,36.67475,0.0,0.0,0.0,0.0,0.0
2025-05-17 16:00:00,0.0,35.2675,0.0,0.0,0.0,0.0,0.0
2025-05-17 17:00:00,0.0,34.55675,0.0,0.0,0.0,0.0,0.0
2025-05-17 18:00:00,0.0,38.2885,0.0,0.0,0.0,0.0,0.0
2025-05-17 19:00:00,0.0,38.75325,0.0,0.0,0.0,0.0,0.0
2025-05-17 20:00:00,0.0,37.40025,0.0,0.0,0.0,0.0,0.0
2025-05-17 21:00:00,0.0,35.767,0.0,0.0,0.0,0.0,0.0
2025-05-17 22:00:00,0.0,34.79125,0.0,0.0,0.0,0.0,0.0
2025-05-17 23:00:00,0.0,33.664,0.0,0.0,0.0,0.0,0.0
2025-05-18 00:00:00,0.0,31.21425,0.0,0.0,0.0,0.0,0.0
2025-05-18 01:00:00,0.0,28.82025,0.0,0.0,0.0,0.0,0.0
2025-05-18 02:00:00,0.0,27.0145,0.0,0.0,0.0,0.0,0.0
2025-05-18 03:00:00,0.0,25.42275,0.0,0.0,0.0,0.0,0.0
2025-05-18 04:00:00,0.0,24.6815,0.0,0.0,0.0,0.0,0.0
2025-05-18 05:00:00,0.0,24.51975,0.0,0.0,0.0,0.0,0.0
2025-05-18 06:00:00,0.0,25.106,0.0,0.0,0.0,0.0,0.0
2025-05-18 07:00:00,0.0,26.74525,0.0,0.0,0.0,0.0,0.0
2025-05-18 08:00:00,0.0,30.4485,0.0,0.0,0.0,0.0,0.0
2025-05-18 09:00:00,0.0,32.9375,0.0,0.0,0.0,0.0,0.0
2025-05-18 10:00:00,0.0,35.20925,0.0,0.0,0.0,0.0,0.0
2025-05-18 11:00:00,0.0,36.4665,0.0,0.0,0.0,0.0,0.0
2025-05-18 12:00:00,0.0,35.578,0.0,0.0,0.0,0.0,0.0
2025-05-18 13:00:00,0.0,35.43275,0.0,0.0,0.0,0.0,0.0
2025-05-18 14:00:00,0.0,34.79975,0.0,0.0,0.0,0.0,0.0
2025-05-18 15:00:00,0.0,34.35675,0.0,0.0,0.0,0.0,0.0
2025-05-18 16:00:00,0.0,33.553,0.0,0.0,0.0,0.0,0.0
2025-05-18 17:00:00,0.0,34.126,0.0,0.0,0.0,0.0,0.0
2025-05-18 18:00:00,0.0,38.1745,0.0,0.0,0.0,0.0,0.0
2025-05-18 19:00:00,0.0,39.13225,0.0,0.0,0.0,0.0,0.0
2025-05-18 20:00:00,0.0,38.1775,0.0,0.0,0.0,0.0,0.0
2025-05-18 21:00:00,0.0,36.68525,0.0,0.0,0.0,0.0,0.0
2025-05-18 22:00:00,0.0,35.018,0.0,0.0,0.0,0.0,0.0
2025-05-18 23:00:00,0.0,32.93425,0.0,0.0,0.0,0.0,0.0
2025-05-19 00:00:00,0.0,30.74925,0.0,0.0,0.0,0.0,0.0
2025-05-19 01:00:00,0.0,27.8565,0.0,0.0,0.0,0.0,0.0
2025-05-19 02:00:00,0.0,25.40625,0.0,0.0,0.0,0.0,0.0
2025-05-19 03:00:00,0.0,24.14275,0.0,0.0,0.0,0.0,0.0
2025-05-19 04:00:00,0.0,23.376,0.0,0.0,0.0,0.0,0.0
2025-05-19 05:00:00,0.0,23.02375,0.0,0.0,0.0,0.0,0.0
2025-05-19 06:00:00,0.0,22.91875,0.0,0.0,0.0,0.0,0.0
2025-05-19 07:00:00,0.0,23.36525,0.0,0.0,0.0,0.0,0.0
2025-05-19 08:00:00,0.0,24.1235,0.0,0.0,0.0,0.0,0.0
2025-05-19 09:00:00,0.0,25.93425,0.0,0.0,0.0,0.0,0.0
2025-05-19 10:00:00,0.0,28.11725,0.0,0.0,0.0,0.0,0.0
2025-05-19 11:00:00,0.0,30.88575,0.0,0.0,0.0,0.0,0.0
2025-05-19 12:00:00,0.0,32.8775,0.0,0.0,0.0,0.0,0.0
2025-05-19 13:00:00,0.0,34.5505,0.0,0.0,0.0,0.0,0.0
2025-05-19 14:00:00,0.0,35.043,0.0,0.0,0.0,0.0,0.0
2025-05-19 15:00:00,0.0,34.1805,0.0,0.0,0.0,0.0,0.0
2025-05-19 16:00:00,0.0,32.844,0.0,0.0,0.0,0.0,0.0
2025-05-19 17:00:00,0.0,33.7985,0.0,0.0,0.0,0.0,0.0
2025-05-19 18:00:00,0.0,36.6785,0.0,0.0,0.0,0.0,0.0
2025-05-19 19:00:00,0.0,37.74625,0.0,0.0,0.0,0.0,0.0
2025-05-19 20:00:00,0.0,37.138,0.0,0.0,0.0,0.0,0.0
2025-05-19 21:00:00,0.0,36.28925,0.0,0.0,0.0,0.0,0.0
2025-05-19 22:00:00,0.0,34.20625,0.0,0.0,0.0,0.0,0.0
2025-05-19 23:00:00,0.0,31.0115,0.0,0.0,0.0,0.0,0.0
2025-05-20 00:00:00,0.0,27.89425,0.0,0.0,0.0,0.0,0.0
2025-05-20 01:00:00,0.0,24.91025,0.0,0.0,0.0,0.0,0.0
2025-05-20 02:00:00,0.0,22.84025,0.0,0.0,0.0,0.0,0.0
2025-05-20 03:00:00,0.0,21.55475,0.0,0.0,0.0,0.0,0.0
2025-05-20 04:00:00,0.0,21.25225,0.0,0.0,0.0,0.0,0.0
2025-05-20 05:00:00,0.0,21.426,0.0,0.0,0.0,0.0,0.0
2025-05-20 06:00:00,0.0,24.15375,0.0,0.0,0.0,0.0,0.0
2025-05-20 07:00:00,0.0,27.9745,0.0,0.0,0.0,0.0,0.0
2025-05-20 08:00:00,0.0,31.629,0.0,0.0,0.0,0.0,0.0
2025-05-20 09:00:00,0.0,36.13925,0.0,0.0,0.0,0.0,0.0
2025-05-20 10:00:00,0.0,37.81475,0.0,0.0,0.0,0.0,0.0
2025-05-20 11:00:00,0.0,39.61125,0.0,0.0,0.0,0.0,0.0
2025-05-20 12:00:00,0.0,39.9695,0.0,0.0,0.0,0.0,0.0
2025-05-20 13:00:00,0.0,40.378,0.0,0.0,0.0,0.0,0.0
2025-05-20 14:00:00,0.0,40.34625,0.0,0.0,0.0,0.0,0.0
2025-05-20 15:00:00,0.0,39.55,0.0,0.0,0.0,0.0,0.0
2025-05-20 16:00:00,0.0,37.975,0.0,0.0,0.0,0.0,0.0
2025-05-20 17:00:00,0.0,36.49025,0.0,0.0,0.0,0.0,0.0
2025-05-20 18:00:00,0.0,39.137,0.0,0.0,0.0,0.0,0.0
2025-05-20 19:00:00,0.0,37.19825,0.0,0.0,0.0,0.0,0.0
2025-05-20 20:00:00,0.0,36.604,0.0,0.0,0.0,0.0,0.0
2025-05-20 21:00:00,0.0,35.22675,0.0,0.0,0.0,0.0,0.0
2025-05-20 22:00:00,0.0,33.98403784179688,0.0,0.0,0.0,0.0,0.0
2025-05-20 23:00:00,0.0,32.04781323242187,0.0,0.0,0.0,0.0,0.0
2025-05-21 00:00:00,0.0,29.9587724609375,0.0,0.0,0.0,0.0,0.0
2025-05-21 01:00:00,0.0,26.70107666015625,0.0,0.0,0.0,0.0,0.0
2025-05-21 02:00:00,0.0,24.08527392578125,0.0,0.0,0.0,0.0,0.0
2025-05-21 03:00:00,0.0,22.48481396484375,0.0,0.0,0.0,0.0,0.0
2025-05-21 04:00:00,0.0,21.7297255859375,0.0,0.0,0.0,0.0,0.0
2025-05-21 05:00:00,0.0,21.52517578125,0.0,0.0,0.0,0.0,0.0
2025-05-21 06:00:00,0.0,21.77948046875,0.0,0.0,0.0,0.0,0.0
2025-05-21 07:00:00,0.0,23.1038740234375,0.0,0.0,0.0,0.0,0.0
2025-05-21 08:00:00,0.0,24.97426171875,0.0,0.0,0.0,0.0,0.0
2025-05-21 09:00:00,0.0,26.6431357421875,0.0,0.0,0.0,0.0,0.0
2025-05-21 10:00:00,0.0,29.217482421875,0.0,0.0,0.0,0.0,0.0
2025-05-21 11:00:00,0.0,30.616849609375,0.0,0.0,0.0,0.0,0.0
2025-05-21 12:00:00,0.0,31.782826171875,0.0,0.0,0.0,0.0,0.0
2025-05-21 13:00:00,0.0,32.63745703125,0.0,0.0,0.0,0.0,0.0
2025-05-21 14:00:00,0.0,32.92217578125,0.0,0.0,0.0,0.0,0.0
2025-05-21 15:00:00,0.0,32.413755859375,0.0,0.0,0.0,0.0,0.0
2025-05-21 16:00:00,0.0,31.631974609375,0.0,0.0,0.0,0.0,0.0
2025-05-21 17:00:00,0.0,31.94431640625,0.0,0.0,0.0,0.0,0.0
2025-05-21 18:00:00,0.0,36.174548828125,0.0,0.0,0.0,0.0,0.0
2025-05-21 19:00:00,0.0,37.3613671875,0.0,0.0,0.0,0.0,0.0
2025-05-21 20:00:00,0.0,36.97913671875,0.0,0.0,0.0,0.0,0.0
2025-05-21 21:00:00,0.0,35.5094375,0.0,0.0,0.0,0.0,0.0
2025-05-21 22:00:00,0.0,33.06812890625,0.0,0.0,0.0,0.0,0.0
2025-05-21 23:00:00,0.0,30.183703125,0.0,0.0,0.0,0.0,0.0
2025-05-22 00:00:00,0.0,27.013703125,0.0,0.0,0.0,0.0,0.0
2025-05-22 01:00:00,0.0,24.81630859375,0.0,0.0,0.0,0.0,0.0
2025-05-22 02:00:00,0.0,22.637875,0.0,0.0,0.0,0.0,0.0
2025-05-22 03:00:00,0.0,21.68823046875,0.0,0.0,0.0,0.0,0.0
2025-05-22 04:00:00,0.0,21.1884375,0.0,0.0,0.0,0.0,0.0
2025-05-22 05:00:00,0.0,21.67033984375,0.0,0.0,0.0,0.0,0.0
2025-05-22 06:00:00,0.0,26.88853125,0.0,0.0,0.0,0.0,0.0
2025-05-22 07:00:00,0.0,31.7245859375,0.0,0.0,0.0,0.0,0.0
2025-05-22 08:00:00,0.0,36.30016015625,0.0,0.0,0.0,0.0,0.0
2025-05-22 09:00:00,0.0,40.2670234375,0.0,0.0,0.0,0.0,0.0
2025-05-22 10:00:00,0.0,40.87228515625,0.0,0.0,0.0,0.0,0.0
2025-05-22 11:00:00,0.0,41.4891640625,0.0,0.0,0.0,0.0,0.0
2025-05-22 12:00:00,0.0,41.56525390625,0.0,0.0,0.0,0.0,0.0
2025-05-22 13:00:00,0.0,41.104734375,0.0,0.0,0.0,0.0,0.0
2025-05-22 14:00:00,0.0,40.0530703125,0.0,0.0,0.0,0.0,0.0
2025-05-22 15:00:00,0.0,40.1104140625,0.0,0.0,0.0,0.0,0.0
2025-05-22 16:00:00,0.0,38.2595859375,0.0,0.0,0.0,0.0,0.0
2025-05-22 17:00:00,0.0,37.8474765625,0.0,0.0,0.0,0.0,0.0
2025-05-22 18:00:00,0.0,41.2799375,0.0,0.0,0.0,0.0,0.0
2025-05-22 19:00:00,0.0,41.3089453125,0.0,0.0,0.0,0.0,0.0
2025-05-22 20:00:00,0.0,40.1870703125,0.0,0.0,0.0,0.0,0.0
2025-05-22 21:00:00,0.0,38.19834375,0.0,0.0,0.0,0.0,0.0
2025-05-22 22:00:00,0.0,35.6067734375,0.0,0.0,0.0,0.0,0.0
2025-05-22 23:00:00,0.0,32.1437421875,0.0,0.0,0.0,0.0,0.0
2025-05-23 00:00:00,0.0,28.734328125,0.0,0.0,0.0,0.0,0.0
2025-05-23 01:00:00,0.0,26.036890625,0.0,0.0,0.0,0.0,0.0
2025-05-23 02:00:00,0.0,24.229421875,0.0,0.0,0.0,0.0,0.0
2025-05-23 03:00:00,0.0,23.5600234375,0.0,0.0,0.0,0.0,0.0
2025-05-23 04:00:00,0.0,22.6468203125,0.0,0.0,0.0,0.0,0.0
2025-05-23 05:00:00,0.0,23.2135703125,0.0,0.0,0.0,0.0,0.0
2025-05-23 06:00:00,0.0,26.34734375,0.0,0.0,0.0,0.0,0.0
2025-05-23 07:00:00,0.0,31.2817890625,0.0,0.0,0.0,0.0,0.0
2025-05-23 08:00:00,0.0,35.977421875,0.0,0.0,0.0,0.0,0.0
2025-05-23 09:00:00,0.0,39.984234375,0.0,0.0,0.0,0.0,0.0
2025-05-23 10:00:00,0.0,40.2139921875,0.0,0.0,0.0,0.0,0.0
2025-05-23 11:00:00,0.0,41.4297421875,0.0,0.0,0.0,0.0,0.0
2025-05-23 12:00:00,0.0,41.5121015625,0.0,0.0,0.0,0.0,0.0
2025-05-23 13:00:00,0.0,40.18425,0.0,0.0,0.0,0.0,0.0
2025-05-23 14:00:00,0.0,39.57196875,0.0,0.0,0.0,0.0,0.0
2025-05-23 15:00:00,0.0,39.90509375,0.0,0.0,0.0,0.0,0.0
2025-05-23 16:00:00,0.0,37.5894609375,0.0,0.0,0.0,0.0,0.0
2025-05-23 17:00:00,0.0,36.4733125,0.0,0.0,0.0,0.0,0.0
2025-05-23 18:00:00,0.0,39.937078125,0.0,0.0,0.0,0.0,0.0
2025-05-23 19:00:00,0.0,39.946328125,0.0,0.0,0.0,0.0,0.0
2025-05-23 20:00:00,0.0,38.613296875,0.0,0.0,0.0,0.0,0.0
2025-05-23 21:00:00,0.0,36.72984375,0.0,0.0,0.0,0.0,0.0
2025-05-23 22:00:00,0.0,34.526984375,0.0,0.0,0.0,0.0,0.0
2025-05-23 23:00:00,0.0,31.379046875,0.0,0.0,0.0,0.0,0.0
2025-05-24 00:00:00,0.0,27.946,0.0,0.0,0.0,0.0,0.0
2025-05-24 01:00:00,0.0,25.204984375,0.0,0.0,0.0,0.0,0.0
2025-05-24 02:00:00,0.0,22.959921875,0.0,0.0,0.0,0.0,0.0
2025-05-24 03:00:00,0.0,21.899046875,0.0,0.0,0.0,0.0,0.0
2025-05-24 04:00:00,0.0,21.567484375,0.0,0.0,0.0,0.0,0.0
2025-05-24 05:00:00,0.0,21.953359375,0.0,0.0,0.0,0.0,0.0
2025-05-24 06:00:00,0.0,25.92075,0.0,0.0,0.0,0.0,0.0
2025-05-24 07:00:00,0.0,31.175875,0.0,0.0,0.0,0.0,0.0
2025-05-24 08:00:00,0.0,35.880046875,0.0,0.0,0.0,0.0,0.0
2025-05-24 09:00:00,0.0,37.897015625,0.0,0.0,0.0,0.0,0.0
2025-05-24 10:00:00,0.0,40.78315625,0.0,0.0,0.0,0.0,0.0
2025-05-24 11:00:00,0.0,41.9409375,0.0,0.0,0.0,0.0,0.0
2025-05-24 12:00:00,0.0,40.978515625,0.0,0.0,0.0,0.0,0.0
2025-05-24 13:00:00,0.0,39.728765625,0.0,0.0,0.0,0.0,0.0
2025-05-24 14:00:00,0.0,39.556734375,0.0,0.0,0.0,0.0,0.0
2025-05-24 15:00:00,0.0,39.795015625,0.0,0.0,0.0,0.0,0.0
2025-05-24 16:00:00,0.0,37.475015625,0.0,0.0,0.0,0.0,0.0
2025-05-24 17:00:00,0.0,35.863875,0.0,0.0,0.0,0.0,0.0
2025-05-24 18:00:00,0.0,39.528234375,0.0,0.0,0.0,0.0,0.0
2025-05-24 19:00:00,0.0,40.384046875,0.0,0.0,0.0,0.0,0.0
2025-05-24 20:00:00,0.0,39.078796875,0.0,0.0,0.0,0.0,0.0
2025-05-24 21:00:00,0.0,37.68128125,0.0,0.0,0.0,0.0,0.0
2025-05-24 22:00:00,0.0,36.274890625,0.0,0.0,0.0,0.0,0.0
2025-05-24 23:00:00,0.0,34.01196875,0.0,0.0,0.0,0.0,0.0
2025-05-25 00:00:00,0.0,31.09684375,0.0,0.0,0.0,0.0,0.0
2025-05-25 01:00:00,0.0,28.281296875,0.0,0.0,0.0,0.0,0.0
2025-05-25 02:00:00,0.0,25.8155,0.0,0.0,0.0,0.0,0.0
2025-05-25 03:00:00,0.0,24.289609375,0.0,0.0,0.0,0.0,0.0
2025-05-25 04:00:00,0.0,23.442625,0.0,0.0,0.0,0.0,0.0
2025-05-25 05:00:00,0.0,23.36540625,0.0,0.0,0.0,0.0,0.0
2025-05-25 06:00:00,0.0,23.908078125,0.0,0.0,0.0,0.0,0.0
2025-05-25 07:00:00,0.0,27.20028125,0.0,0.0,0.0,0.0,0.0
2025-05-25 08:00:00,0.0,30.61171875,0.0,0.0,0.0,0.0,0.0
2025-05-25 09:00:00,0.0,34.258296875,0.0,0.0,0.0,0.0,0.0
2025-05-25 10:00:00,0.0,36.559703125,0.0,0.0,0.0,0.0,0.0
2025-05-25 11:00:00,0.0,38.262109375,0.0,0.0,0.0,0.0,0.0
2025-05-25 12:00:00,0.0,38.629703125,0.0,0.0,0.0,0.0,0.0
2025-05-25 13:00:00,0.0,38.71753125,0.0,0.0,0.0,0.0,0.0
2025-05-25 14:00:00,0.0,37.089,0.0,0.0,0.0,0.0,0.0
2025-05-25 15:00:00,0.0,36.66290625,0.0,0.0,0.0,0.0,0.0
2025-05-25 16:00:00,0.0,35.892265625,0.0,0.0,0.0,0.0,0.0
2025-05-25 17:00:00,0.0,35.96278125,0.0,0.0,0.0,0.0,0.0
2025-05-25 18:00:00,0.0,39.395453125,0.0,0.0,0.0,0.0,0.0
2025-05-25 19:00:00,0.0,39.51709375,0.0,0.0,0.0,0.0,0.0
2025-05-25 20:00:00,0.0,38.122109375,0.0,0.0,0.0,0.0,0.0
2025-05-25 21:00:00,0.0,36.690359375,0.0,0.0,0.0,0.0,0.0
2025-05-25 22:00:00,0.0,34.9273125,0.0,0.0,0.0,0.0,0.0
2025-05-25 23:00:00,0.0,32.8381875,0.0,0.0,0.0,0.0,0.0
2025-05-26 00:00:00,0.0,30.46159375,0.0,0.0,0.0,0.0,0.0
2025-05-26 01:00:00,0.0,27.736296875,0.0,0.0,0.0,0.0,0.0
2025-05-26 02:00:00,0.0,25.32334375,0.0,0.0,0.0,0.0,0.0
2025-05-26 03:00:00,0.0,23.8054375,0.0,0.0,0.0,0.0,0.0
2025-05-26 04:00:00,0.0,22.96778125,0.0,0.0,0.0,0.0,0.0
2025-05-26 05:00:00,0.0,22.63815625,0.0,0.0,0.0,0.0,0.0
2025-05-26 06:00:00,0.0,22.58109375,0.0,0.0,0.0,0.0,0.0
2025-05-26 07:00:00,0.0,23.2018125,0.0,0.0,0.0,0.0,0.0
2025-05-26 08:00:00,0.0,24.865390625,0.0,0.0,0.0,0.0,0.0
2025-05-26 09:00:00,0.0,26.3436875,0.0,0.0,0.0,0.0,0.0
2025-05-26 10:00:00,0.0,28.495359375,0.0,0.0,0.0,0.0,0.0
2025-05-26 11:00:00,0.0,31.24234375,0.0,0.0,0.0,0.0,0.0
2025-05-26 12:00:00,0.0,33.35221875,0.0,0.0,0.0,0.0,0.0
2025-05-26 13:00:00,0.0,34.8901875,0.0,0.0,0.0,0.0,0.0
2025-05-26 14:00:00,0.0,34.885375,0.0,0.0,0.0,0.0,0.0
2025-05-26 15:00:00,0.0,34.29796875,0.0,0.0,0.0,0.0,0.0
2025-05-26 16:00:00,0.0,34.0671875,0.0,0.0,0.0,0.0,0.0
2025-05-26 17:00:00,0.0,34.8278125,0.0,0.0,0.0,0.0,0.0
2025-05-26 18:00:00,0.0,39.17663940429688,0.0,0.0,0.0,0.0,0.0
2025-05-26 19:00:00,0.0,40.09427124023438,0.0,0.0,0.0,0.0,0.0
2025-05-26 20:00:00,0.0,39.72719482421875,0.0,0.0,0.0,0.0,0.0
2025-05-26 21:00:00,0.0,38.6012109375,0.0,0.0,0.0,0.0,0.0
2025-05-26 22:00:00,0.0,35.9117529296875,0.0,0.0,0.0,0.0,0.0
2025-05-26 23:00:00,0.0,32.7625029296875,0.0,0.0,0.0,0.0,0.0
2025-05-27 00:00:00,0.0,29.32029296875,0.0,0.0,0.0,0.0,0.0
2025-05-27 01:00:00,0.0,26.17414453125,0.0,0.0,0.0,0.0,0.0
2025-05-27 02:00:00,0.0,23.901677734375,0.0,0.0,0.0,0.0,0.0
2025-05-27 03:00:00,0.0,22.85887109375,0.0,0.0,0.0,0.0,0.0
2025-05-27 04:00:00,0.0,22.42616015625,0.0,0.0,0.0,0.0,0.0
2025-05-27 05:00:00,0.0,22.840822265625,0.0,0.0,0.0,0.0,0.0
2025-05-27 06:00:00,0.0,26.752951171875,0.0,0.0,0.0,0.0,0.0
2025-05-27 07:00:00,0.0,31.787779296875,0.0,0.0,0.0,0.0,0.0
2025-05-27 08:00:00,0.0,36.305798828125,0.0,0.0,0.0,0.0,0.0
2025-05-27 09:00:00,0.0,40.06374609375,0.0,0.0,0.0,0.0,0.0
2025-05-27 10:00:00,0.0,40.89495703125,0.0,0.0,0.0,0.0,0.0
2025-05-27 11:00:00,0.0,41.937453125,0.0,0.0,0.0,0.0,0.0
2025-05-27 12:00:00,0.0,42.2607578125,0.0,0.0,0.0,0.0,0.0
2025-05-27 13:00:00,0.0,41.60578125,0.0,0.0,0.0,0.0,0.0
2025-05-27 14:00:00,0.0,40.6564453125,0.0,0.0,0.0,0.0,0.0
2025-05-27 15:00:00,0.0,41.2043828125,0.0,0.0,0.0,0.0,0.0
2025-05-27 16:00:00,0.0,40.619859375,0.0,0.0,0.0,0.0,0.0
2025-05-27 17:00:00,0.0,40.3180390625,0.0,0.0,0.0,0.0,0.0
2025-05-27 18:00:00,0.0,42.8177890625,0.0,0.0,0.0,0.0,0.0
2025-05-27 19:00:00,0.0,42.340203125,0.0,0.0,0.0,0.0,0.0
2025-05-27 20:00:00,0.0,40.6700703125,0.0,0.0,0.0,0.0,0.0
2025-05-27 21:00:00,0.0,38.60134375,0.0,0.0,0.0,0.0,0.0
2025-05-27 22:00:00,0.0,36.382953125,0.0,0.0,0.0,0.0,0.0
2025-05-27 23:00:00,0.0,33.3222265625,0.0,0.0,0.0,0.0,0.0
2025-05-28 00:00:00,0.0,29.858,0.0,0.0,0.0,0.0,0.0
2025-05-28 01:00:00,0.0,26.796296875,0.0,0.0,0.0,0.0,0.0
2025-05-28 02:00:00,0.0,24.647046875,0.0,0.0,0.0,0.0,0.0
2025-05-28 03:00:00,0.0,23.6416796875,0.0,0.0,0.0,0.0,0.0
2025-05-28 04:00:00,0.0,23.1343359375,0.0,0.0,0.0,0.0,0.0
2025-05-28 05:00:00,0.0,23.52309375,0.0,0.0,0.0,0.0,0.0
2025-05-28 06:00:00,0.0,27.3742421875,0.0,0.0,0.0,0.0,0.0
2025-05-28 07:00:00,0.0,32.1572734375,0.0,0.0,0.0,0.0,0.0
2025-05-28 08:00:00,0.0,36.6536484375,0.0,0.0,0.0,0.0,0.0
2025-05-28 09:00:00,0.0,40.5098359375,0.0,0.0,0.0,0.0,0.0
2025-05-28 10:00:00,0.0,40.9219921875,0.0,0.0,0.0,0.0,0.0
2025-05-28 11:00:00,0.0,41.5974140625,0.0,0.0,0.0,0.0,0.0
2025-05-28 12:00:00,0.0,41.5507421875,0.0,0.0,0.0,0.0,0.0
2025-05-28 13:00:00,0.0,40.6127421875,0.0,0.0,0.0,0.0,0.0
2025-05-28 14:00:00,0.0,40.571921875,0.0,0.0,0.0,0.0,0.0
2025-05-28 15:00:00,0.0,40.9446875,0.0,0.0,0.0,0.0,0.0
2025-05-28 16:00:00,0.0,40.330390625,0.0,0.0,0.0,0.0,0.0
2025-05-28 17:00:00,0.0,40.62875,0.0,0.0,0.0,0.0,0.0
2025-05-28 18:00:00,0.0,42.7386875,0.0,0.0,0.0,0.0,0.0
2025-05-28 19:00:00,0.0,41.827625,0.0,0.0,0.0,0.0,0.0
2025-05-28 20:00:00,0.0,39.919734375,0.0,0.0,0.0,0.0,0.0
2025-05-28 21:00:00,0.0,38.31790625,0.0,0.0,0.0,0.0,0.0
2025-05-28 22:00:00,0.0,36.210828125,0.0,0.0,0.0,0.0,0.0
2025-05-28 23:00:00,0.0,32.145203125,0.0,0.0,0.0,0.0,0.0
2025-05-29 00:00:00,0.0,29.7444375,0.0,0.0,0.0,0.0,0.0
2025-05-29 01:00:00,0.0,26.71096875,0.0,0.0,0.0,0.0,0.0
2025-05-29 02:00:00,0.0,24.11240625,0.0,0.0,0.0,0.0,0.0
2025-05-29 03:00:00,0.0,23.2316875,0.0,0.0,0.0,0.0,0.0
2025-05-29 04:00:00,0.0,22.113,0.0,0.0,0.0,0.0,0.0
2025-05-29 05:00:00,0.0,22.4049375,0.0,0.0,0.0,0.0,0.0
2025-05-29 06:00:00,0.0,26.75828125,0.0,0.0,0.0,0.0,0.0
2025-05-29 07:00:00,0.0,30.825375,0.0,0.0,0.0,0.0,0.0
2025-05-29 08:00:00,0.0,34.56040625,0.0,0.0,0.0,0.0,0.0
2025-05-29 09:00:00,0.0,38.385046875,0.0,0.0,0.0,0.0,0.0
2025-05-29 10:00:00,0.0,39.103765625,0.0,0.0,0.0,0.0,0.0
2025-05-29 11:00:00,0.0,40.053046875,0.0,0.0,0.0,0.0,0.0
2025-05-29 12:00:00,0.0,40.2686875,0.0,0.0,0.0,0.0,0.0
2025-05-29 13:00:00,0.0,39.534234375,0.0,0.0,0.0,0.0,0.0
2025-05-29 14:00:00,0.0,38.914109375,0.0,0.0,0.0,0.0,0.0
2025-05-29 15:00:00,0.0,39.402890625,0.0,0.0,0.0,0.0,0.0
2025-05-29 16:00:00,0.0,39.423703125,0.0,0.0,0.0,0.0,0.0
2025-05-29 17:00:00,0.0,38.96915625,0.0,0.0,0.0,0.0,0.0
2025-05-29 18:00:00,0.0,41.77409375,0.0,0.0,0.0,0.0,0.0
2025-05-29 19:00:00,0.0,41.171984375,0.0,0.0,0.0,0.0,0.0
2025-05-29 20:00:00,0.0,39.742203125,0.0,0.0,0.0,0.0,0.0
2025-05-29 21:00:00,0.0,37.7683125,0.0,0.0,0.0,0.0,0.0
2025-05-29 22:00:00,0.0,35.16309375,0.0,0.0,0.0,0.0,0.0
2025-05-29 23:00:00,0.0,32.2649375,0.0,0.0,0.0,0.0,0.0
2025-05-30 00:00:00,0.0,28.529984375,0.0,0.0,0.0,0.0,0.0
2025-05-30 01:00:00,0.0,25.450203125,0.0,0.0,0.0,0.0,0.0
2025-05-30 02:00:00,0.0,23.448765625,0.0,0.0,0.0,0.0,0.0
2025-05-30 03:00:00,0.0,22.336828125,0.0,0.0,0.0,0.0,0.0
2025-05-30 04:00:00,0.0,22.013921875,0.0,0.0,0.0,0.0,0.0
2025-05-30 05:00:00,0.0,22.338078125,0.0,0.0,0.0,0.0,0.0
2025-05-30 06:00:00,0.0,26.15296875,0.0,0.0,0.0,0.0,0.0
2025-05-30 07:00:00,0.0,31.383921875,0.0,0.0,0.0,0.0,0.0
2025-05-30 08:00:00,0.0,35.35965625,0.0,0.0,0.0,0.0,0.0
2025-05-30 09:00:00,0.0,38.55846875,0.0,0.0,0.0,0.0,0.0
2025-05-30 10:00:00,0.0,39.685875,0.0,0.0,0.0,0.0,0.0
2025-05-30 11:00:00,0.0,40.1935625,0.0,0.0,0.0,0.0,0.0
2025-05-30 12:00:00,0.0,39.79153125,0.0,0.0,0.0,0.0,0.0
2025-05-30 13:00:00,0.0,38.87453125,0.0,0.0,0.0,0.0,0.0
2025-05-30 14:00:00,0.0,38.4851875,0.0,0.0,0.0,0.0,0.0
2025-05-30 15:00:00,0.0,38.95959375,0.0,0.0,0.0,0.0,0.0
2025-05-30 16:00:00,0.0,38.1925,0.0,0.0,0.0,0.0,0.0
2025-05-30 17:00:00,0.0,37.89628125,0.0,0.0,0.0,0.0,0.0
2025-05-30 18:00:00,0.0,41.84046875,0.0,0.0,0.0,0.0,0.0
2025-05-30 19:00:00,0.0,41.90571875,0.0,0.0,0.0,0.0,0.0
2025-05-30 20:00:00,0.0,40.36484375,0.0,0.0,0.0,0.0,0.0
2025-05-30 21:00:00,0.0,38.9293125,0.0,0.0,0.0,0.0,0.0
2025-05-30 22:00:00,0.0,36.7195,0.0,0.0,0.0,0.0,0.0
2025-05-30 23:00:00,0.0,33.683875,0.0,0.0,0.0,0.0,0.0
2025-05-31 00:00:00,0.0,29.85490625,0.0,0.0,0.0,0.0,0.0
2025-05-31 01:00:00,0.0,26.8310625,0.0,0.0,0.0,0.0,0.0
2025-05-31 02:00:00,0.0,24.59978125,0.0,0.0,0.0,0.0,0.0
2025-05-31 03:00:00,0.0,23.501125,0.0,0.0,0.0,0.0,0.0
2025-05-31 04:00:00,0.0,22.99184375,0.0,0.0,0.0,0.0,0.0
2025-05-31 05:00:00,0.0,23.3925,0.0,0.0,0.0,0.0,0.0
2025-05-31 06:00:00,0.0,27.02934375,0.0,0.0,0.0,0.0,0.0
2025-05-31 07:00:00,0.0,31.9515625,0.0,0.0,0.0,0.0,0.0
2025-05-31 08:00:00,0.0,36.6354375,0.0,0.0,0.0,0.0,0.0
2025-05-31 09:00:00,0.0,42.15003125,0.0,0.0,0.0,0.0,0.0
2025-05-31 10:00:00,0.0,42.3858125,0.0,0.0,0.0,0.0,0.0
2025-05-31 11:00:00,0.0,43.40596875,0.0,0.0,0.0,0.0,0.0
2025-05-31 12:00:00,0.0,43.195375,0.0,0.0,0.0,0.0,0.0
2025-05-31 13:00:00,0.0,42.69440625,0.0,0.0,0.0,0.0,0.0
2025-05-31 14:00:00,0.0,42.69440625,0.0,0.0,0.0,0.0,0.0
2025-05-31 15:00:00,0.0,42.75109375,0.0,0.0,0.0,0.0,0.0
2025-05-31 16:00:00,0.0,39.9873125,0.0,0.0,0.0,0.0,0.0
2025-05-31 17:00:00,0.0,39.52925,0.0,0.0,0.0,0.0,0.0
2025-05-31 18:00:00,0.0,42.12865625,0.0,0.0,0.0,0.0,0.0
2025-05-31 19:00:00,0.0,41.586625,0.0,0.0,0.0,0.0,0.0
2025-05-31 20:00:00,0.0,39.93575,0.0,0.0,0.0,0.0,0.0
2025-05-31 21:00:00,0.0,38.2580625,0.0,0.0,0.0,0.0,0.0
2025-05-31 22:00:00,0.0,36.252375,0.0,0.0,0.0,0.0,0.0
2025-05-31 23:00:00,0.0,34.18871875,0.0,0.0,0.0,0.0,0.0
2025-06-01 00:00:00,0.0,31.44628125,0.0,0.0,0.0,0.0,0.0
2025-06-01 01:00:00,0.0,28.70384375,0.0,0.0,0.0,0.0,0.0
2025-06-01 02:00:00,0.0,26.1166875,0.0,0.0,0.0,0.0,0.0
2025-06-01 03:00:00,0.0,24.56084375,0.0,0.0,0.0,0.0,0.0
2025-06-01 04:00:00,0.0,23.31284375,0.0,0.0,0.0,0.0,0.0
2025-06-01 05:00:00,0.0,23.23590625,0.0,0.0,0.0,0.0,0.0
2025-06-01 06:00:00,0.0,23.6084375,0.0,0.0,0.0,0.0,0.0
2025-06-01 07:00:00,0.0,26.50290625,0.0,0.0,0.0,0.0,0.0
2025-06-01 08:00:00,0.0,29.3423125,0.0,0.0,0.0,0.0,0.0
2025-06-01 09:00:00,0.0,33.42559375,0.0,0.0,0.0,0.0,0.0
2025-06-01 10:00:00,0.0,35.0921875,0.0,0.0,0.0,0.0,0.0
2025-06-01 11:00:00,0.0,37.34971875,0.0,0.0,0.0,0.0,0.0
2025-06-01 12:00:00,0.0,37.9723125,0.0,0.0,0.0,0.0,0.0
2025-06-01 13:00:00,0.0,38.46971875,0.0,0.0,0.0,0.0,0.0
2025-06-01 14:00:00,0.0,38.3580625,0.0,0.0,0.0,0.0,0.0
2025-06-01 15:00:00,0.0,38.784875,0.0,0.0,0.0,0.0,0.0
2025-06-01 16:00:00,0.0,38.0893125,0.0,0.0,0.0,0.0,0.0
2025-06-01 17:00:00,0.0,36.4515625,0.0,0.0,0.0,0.0,0.0
2025-06-01 18:00:00,0.0,39.46325,0.0,0.0,0.0,0.0,0.0
2025-06-01 19:00:00,0.0,40.7121875,0.0,0.0,0.0,0.0,0.0
2025-06-01 20:00:00,0.0,40.01628125,0.0,0.0,0.0,0.0,0.0
2025-06-01 21:00:00,0.0,38.2741875,0.0,0.0,0.0,0.0,0.0
2025-06-01 22:00:00,0.0,36.337125,0.0,0.0,0.0,0.0,0.0
2025-06-01 23:00:00,0.0,33.86928125,0.0,0.0,0.0,0.0,0.0
2025-06-02 00:00:00,0.0,31.70290625,0.0,0.0,0.0,0.0,0.0
2025-06-02 01:00:00,0.0,29.135875,0.0,0.0,0.0,0.0,0.0
2025-06-02 02:00:00,0.0,26.45215625,0.0,0.0,0.0,0.0,0.0
2025-06-02 03:00:00,0.0,24.298375,0.0,0.0,0.0,0.0,0.0
2025-06-02 04:00:00,0.0,23.2276875,0.0,0.0,0.0,0.0,0.0
2025-06-02 05:00:00,0.0,22.86403125,0.0,0.0,0.0,0.0,0.0
2025-06-02 06:00:00,0.0,22.69621875,0.0,0.0,0.0,0.0,0.0
2025-06-02 07:00:00,0.0,22.856375,0.0,0.0,0.0,0.0,0.0
2025-06-02 08:00:00,0.0,24.3384375,0.0,0.0,0.0,0.0,0.0
2025-06-02 09:00:00,0.0,25.95509375,0.0,0.0,0.0,0.0,0.0
2025-06-02 10:00:00,0.0,27.2106875,0.0,0.0,0.0,0.0,0.0
2025-06-02 11:00:00,0.0,30.6946875,0.0,0.0,0.0,0.0,0.0
2025-06-02 12:00:00,0.0,32.7136875,0.0,0.0,0.0,0.0,0.0
2025-06-02 13:00:00,0.0,34.634875,0.0,0.0,0.0,0.0,0.0
2025-06-02 14:00:00,0.0,34.9315,0.0,0.0,0.0,0.0,0.0
2025-06-02 15:00:00,0.0,34.49075,0.0,0.0,0.0,0.0,0.0
2025-06-02 16:00:00,0.0,34.24978125,0.0,0.0,0.0,0.0,0.0
2025-06-02 17:00:00,0.0,34.35628125,0.0,0.0,0.0,0.0,0.0
2025-06-02 18:00:00,0.0,38.43565625,0.0,0.0,0.0,0.0,0.0
2025-06-02 19:00:00,0.0,39.16621875,0.0,0.0,0.0,0.0,0.0
2025-06-02 20:00:00,0.0,39.20340625,0.0,0.0,0.0,0.0,0.0
2025-06-02 21:00:00,0.0,38.8184375,0.0,0.0,0.0,0.0,0.0
2025-06-02 22:00:00,0.0,36.88628125,0.0,0.0,0.0,0.0,0.0
2025-06-02 23:00:00,0.0,33.49534375,0.0,0.0,0.0,0.0,0.0
2025-06-03 00:00:00,0.0,30.05621875,0.0,0.0,0.0,0.0,0.0
2025-06-03 01:00:00,0.0,26.7925625,0.0,0.0,0.0,0.0,0.0
2025-06-03 02:00:00,0.0,23.950625,0.0,0.0,0.0,0.0,0.0
2025-06-03 03:00:00,0.0,22.2930625,0.0,0.0,0.0,0.0,0.0
2025-06-03 04:00:00,0.0,21.9501875,0.0,0.0,0.0,0.0,0.0
2025-06-03 05:00:00,0.0,22.20240625,0.0,0.0,0.0,0.0,0.0
2025-06-03 06:00:00,0.0,25.162375,0.0,0.0,0.0,0.0,0.0
2025-06-03 07:00:00,0.0,30.926875,0.0,0.0,0.0,0.0,0.0
2025-06-03 08:00:00,0.0,35.0610625,0.0,0.0,0.0,0.0,0.0
2025-06-03 09:00:00,0.0,39.5078125,0.0,0.0,0.0,0.0,0.0
2025-06-03 10:00:00,0.0,40.3479375,0.0,0.0,0.0,0.0,0.0
2025-06-03 11:00:00,0.0,41.09275,0.0,0.0,0.0,0.0,0.0
2025-06-03 12:00:00,0.0,41.5195625,0.0,0.0,0.0,0.0,0.0
2025-06-03 13:00:00,0.0,41.2633125,0.0,0.0,0.0,0.0,0.0
2025-06-03 14:00:00,0.0,40.3365,0.0,0.0,0.0,0.0,0.0
2025-06-03 15:00:00,0.0,40.756875,0.0,0.0,0.0,0.0,0.0
2025-06-03 16:00:00,0.0,40.636875,0.0,0.0,0.0,0.0,0.0
2025-06-03 17:00:00,0.0,39.5899375,0.0,0.0,0.0,0.0,0.0
2025-06-03 18:00:00,0.0,42.5210625,0.0,0.0,0.0,0.0,0.0
2025-06-03 19:00:00,0.0,42.7593125,0.0,0.0,0.0,0.0,0.0
2025-06-03 20:00:00,0.0,41.3299375,0.0,0.0,0.0,0.0,0.0
2025-06-03 21:00:00,0.0,39.8031875,0.0,0.0,0.0,0.0,0.0
2025-06-03 22:00:00,0.0,37.4885625,0.0,0.0,0.0,0.0,0.0
2025-06-03 23:00:00,0.0,34.61025,0.0,0.0,0.0,0.0,0.0
2025-06-04 00:00:00,0.0,31.101875,0.0,0.0,0.0,0.0,0.0
2025-06-04 01:00:00,0.0,27.8125,0.0,0.0,0.0,0.0,0.0
2025-06-04 02:00:00,0.0,25.29575,0.0,0.0,0.0,0.0,0.0
2025-06-04 03:00:00,0.0,23.853625,0.0,0.0,0.0,0.0,0.0
2025-06-04 04:00:00,0.0,23.2184375,0.0,0.0,0.0,0.0,0.0
2025-06-04 05:00:00,0.0,23.4376875,0.0,0.0,0.0,0.0,0.0
2025-06-04 06:00:00,0.0,26.05275,0.0,0.0,0.0,0.0,0.0
2025-06-04 07:00:00,0.0,31.6900625,0.0,0.0,0.0,0.0,0.0
2025-06-04 08:00:00,0.0,35.5629375,0.0,0.0,0.0,0.0,0.0
2025-06-04 09:00:00,0.0,39.92475,0.0,0.0,0.0,0.0,0.0
2025-06-04 10:00:00,0.0,40.8114375,0.0,0.0,0.0,0.0,0.0
2025-06-04 11:00:00,0.0,41.2048125,0.0,0.0,0.0,0.0,0.0
2025-06-04 12:00:00,0.0,41.2126875,0.0,0.0,0.0,0.0,0.0
2025-06-04 13:00:00,0.0,40.676375,0.0,0.0,0.0,0.0,0.0
2025-06-04 14:00:00,0.0,40.202375,0.0,0.0,0.0,0.0,0.0
2025-06-04 15:00:00,0.0,40.376,0.0,0.0,0.0,0.0,0.0
2025-06-04 16:00:00,0.0,40.5505625,0.0,0.0,0.0,0.0,0.0
2025-06-04 17:00:00,0.0,39.3400625,0.0,0.0,0.0,0.0,0.0
2025-06-04 18:00:00,0.0,42.5520625,0.0,0.0,0.0,0.0,0.0
2025-06-04 19:00:00,0.0,42.764875,0.0,0.0,0.0,0.0,0.0
2025-06-04 20:00:00,0.0,41.352875,0.0,0.0,0.0,0.0,0.0
2025-06-04 21:00:00,0.0,39.89775,0.0,0.0,0.0,0.0,0.0
2025-06-04 22:00:00,0.0,37.624625,0.0,0.0,0.0,0.0,0.0
2025-06-04 23:00:00,0.0,34.63325,0.0,0.0,0.0,0.0,0.0
2025-06-05 00:00:00,0.0,30.8794375,0.0,0.0,0.0,0.0,0.0
2025-06-05 01:00:00,0.0,27.5435625,0.0,0.0,0.0,0.0,0.0
2025-06-05 02:00:00,0.0,24.9323125,0.0,0.0,0.0,0.0,0.0
2025-06-05 03:00:00,0.0,23.483875,0.0,0.0,0.0,0.0,0.0
2025-06-05 04:00:00,0.0,22.8976875,0.0,0.0,0.0,0.0,0.0
2025-06-05 05:00:00,0.0,23.0730625,0.0,0.0,0.0,0.0,0.0
2025-06-05 06:00:00,0.0,25.5410625,0.0,0.0,0.0,0.0,0.0
2025-06-05 07:00:00,0.0,31.0998125,0.0,0.0,0.0,0.0,0.0
2025-06-05 08:00:00,0.0,35.0579375,0.0,0.0,0.0,0.0,0.0
2025-06-05 09:00:00,0.0,39.2178125,0.0,0.0,0.0,0.0,0.0
2025-06-05 10:00:00,0.0,40.0668125,0.0,0.0,0.0,0.0,0.0
2025-06-05 11:00:00,0.0,40.88225,0.0,0.0,0.0,0.0,0.0
2025-06-05 12:00:00,0.0,41.3764375,0.0,0.0,0.0,0.0,0.0
2025-06-05 13:00:00,0.0,40.896375,0.0,0.0,0.0,0.0,0.0
2025-06-05 14:00:00,0.0,40.1649375,0.0,0.0,0.0,0.0,0.0
2025-06-05 15:00:00,0.0,40.7735,0.0,0.0,0.0,0.0,0.0
2025-06-05 16:00:00,0.0,40.13625,0.0,0.0,0.0,0.0,0.0
2025-06-05 17:00:00,0.0,39.590625,0.0,0.0,0.0,0.0,0.0
2025-06-05 18:00:00,0.0,42.4885,0.0,0.0,0.0,0.0,0.0
2025-06-05 19:00:00,0.0,42.2975625,0.0,0.0,0.0,0.0,0.0
2025-06-05 20:00:00,0.0,40.492,0.0,0.0,0.0,0.0,0.0
2025-06-05 21:00:00,0.0,38.4875625,0.0,0.0,0.0,0.0,0.0
2025-06-05 22:00:00,0.0,36.2236875,0.0,0.0,0.0,0.0,0.0
2025-06-05 23:00:00,0.0,33.7584375,0.0,0.0,0.0,0.0,0.0
2025-06-06 00:00:00,0.0,30.2100625,0.0,0.0,0.0,0.0,0.0
2025-06-06 01:00:00,0.0,26.96775,0.0,0.0,0.0,0.0,0.0
2025-06-06 02:00:00,0.0,24.42025,0.0,0.0,0.0,0.0,0.0
2025-06-06 03:00:00,0.0,23.163125,0.0,0.0,0.0,0.0,0.0
2025-06-06 04:00:00,0.0,22.609125,0.0,0.0,0.0,0.0,0.0
2025-06-06 05:00:00,0.0,22.686,0.0,0.0,0.0,0.0,0.0
2025-06-06 06:00:00,0.0,25.2235625,0.0,0.0,0.0,0.0,0.0
2025-06-06 07:00:00,0.0,30.4969375,0.0,0.0,0.0,0.0,0.0
2025-06-06 08:00:00,0.0,34.622,0.0,0.0,0.0,0.0,0.0
2025-06-06 09:00:00,0.0,39.45425,0.0,0.0,0.0,0.0,0.0
2025-06-06 10:00:00,0.0,40.8303125,0.0,0.0,0.0,0.0,0.0
2025-06-06 11:00:00,0.0,41.2159375,0.0,0.0,0.0,0.0,0.0
2025-06-06 12:00:00,0.0,42.0076875,0.0,0.0,0.0,0.0,0.0
2025-06-06 13:00:00,0.0,42.2285625,0.0,0.0,0.0,0.0,0.0
2025-06-06 14:00:00,0.0,41.594,0.0,0.0,0.0,0.0,0.0
2025-06-06 15:00:00,0.0,41.769375,0.0,0.0,0.0,0.0,0.0
2025-06-06 16:00:00,0.0,41.5644375,0.0,0.0,0.0,0.0,0.0
2025-06-06 17:00:00,0.0,40.71875,0.0,0.0,0.0,0.0,0.0
2025-06-06 18:00:00,0.0,42.7453125,0.0,0.0,0.0,0.0,0.0
2025-06-06 19:00:00,0.0,42.2675,0.0,0.0,0.0,0.0,0.0
2025-06-06 20:00:00,0.0,40.9688125,0.0,0.0,0.0,0.0,0.0
2025-06-06 21:00:00,0.0,39.3405,0.0,0.0,0.0,0.0,0.0
2025-06-06 22:00:00,0.0,37.2726875,0.0,0.0,0.0,0.0,0.0
2025-06-06 23:00:00,0.0,34.6345625,0.0,0.0,0.0,0.0,0.0
2025-06-07 00:00:00,0.0,31.093875,0.0,0.0,0.0,0.0,0.0
2025-06-07 01:00:00,0.0,27.844875,0.0,0.0,0.0,0.0,0.0
2025-06-07 02:00:00,0.0,25.3583125,0.0,0.0,0.0,0.0,0.0
2025-06-07 03:00:00,0.0,24.21375,0.0,0.0,0.0,0.0,0.0
2025-06-07 04:00:00,0.0,23.3805625,0.0,0.0,0.0,0.0,0.0
2025-06-07 05:00:00,0.0,23.439,0.0,0.0,0.0,0.0,0.0
2025-06-07 06:00:00,0.0,25.4795,0.0,0.0,0.0,0.0,0.0
2025-06-07 07:00:00,0.0,30.3426875,0.0,0.0,0.0,0.0,0.0
2025-06-07 08:00:00,0.0,34.46806396484375,0.0,0.0,0.0,0.0,0.0
2025-06-07 09:00:00,0.0,40.0382099609375,0.0,0.0,0.0,0.0,0.0
2025-06-07 10:00:00,0.0,41.89675708007813,0.0,0.0,0.0,0.0,0.0
2025-06-07 11:00:00,0.0,42.504766357421865,0.0,0.0,0.0,0.0,0.0
2025-06-07 12:00:00,0.0,43.11691552734375,0.0,0.0,0.0,0.0,0.0
2025-06-07 13:00:00,0.0,42.59538671875,0.0,0.0,0.0,0.0,0.0
2025-06-07 14:00:00,0.0,42.1772529296875,0.0,0.0,0.0,0.0,0.0
2025-06-07 15:00:00,0.0,43.2288662109375,0.0,0.0,0.0,0.0,0.0
2025-06-07 16:00:00,0.0,41.31469921875,0.0,0.0,0.0,0.0,0.0
2025-06-07 17:00:00,0.0,38.8085703125,0.0,0.0,0.0,0.0,0.0
2025-06-07 18:00:00,0.0,41.803626953125,0.0,0.0,0.0,0.0,0.0
2025-06-07 19:00:00,0.0,41.410076171875,0.0,0.0,0.0,0.0,0.0
2025-06-07 20:00:00,0.0,39.900109375,0.0,0.0,0.0,0.0,0.0
2025-06-07 21:00:00,0.0,38.32298828125,0.0,0.0,0.0,0.0,0.0
2025-06-07 22:00:00,0.0,36.76559765625,0.0,0.0,0.0,0.0,0.0
2025-06-07 23:00:00,0.0,34.95913671875,0.0,0.0,0.0,0.0,0.0
2025-06-08 00:00:00,0.0,31.94629296875,0.0,0.0,0.0,0.0,0.0
2025-06-08 01:00:00,0.0,28.69977734375,0.0,0.0,0.0,0.0,0.0
2025-06-08 02:00:00,0.0,26.69894921875,0.0,0.0,0.0,0.0,0.0
2025-06-08 03:00:00,0.0,24.85068359375,0.0,0.0,0.0,0.0,0.0
2025-06-08 04:00:00,0.0,23.94533984375,0.0,0.0,0.0,0.0,0.0
2025-06-08 05:00:00,0.0,23.7035234375,0.0,0.0,0.0,0.0,0.0
2025-06-08 06:00:00,0.0,23.76488671875,0.0,0.0,0.0,0.0,0.0
2025-06-08 07:00:00,0.0,24.653234375,0.0,0.0,0.0,0.0,0.0
2025-06-08 08:00:00,0.0,27.5405625,0.0,0.0,0.0,0.0,0.0
2025-06-08 09:00:00,0.0,31.7293984375,0.0,0.0,0.0,0.0,0.0
2025-06-08 10:00:00,0.0,33.9630546875,0.0,0.0,0.0,0.0,0.0
2025-06-08 11:00:00,0.0,36.6741328125,0.0,0.0,0.0,0.0,0.0
2025-06-08 12:00:00,0.0,37.7119609375,0.0,0.0,0.0,0.0,0.0
2025-06-08 13:00:00,0.0,38.1132265625,0.0,0.0,0.0,0.0,0.0
2025-06-08 14:00:00,0.0,37.4681796875,0.0,0.0,0.0,0.0,0.0
2025-06-08 15:00:00,0.0,37.106765625,0.0,0.0,0.0,0.0,0.0
2025-06-08 16:00:00,0.0,36.474359375,0.0,0.0,0.0,0.0,0.0
2025-06-08 17:00:00,0.0,36.481140625,0.0,0.0,0.0,0.0,0.0
2025-06-08 18:00:00,0.0,39.98065625,0.0,0.0,0.0,0.0,0.0
2025-06-08 19:00:00,0.0,40.758359375,0.0,0.0,0.0,0.0,0.0
2025-06-08 20:00:00,0.0,39.794828125,0.0,0.0,0.0,0.0,0.0
2025-06-08 21:00:00,0.0,38.583984375,0.0,0.0,0.0,0.0,0.0
2025-06-08 22:00:00,0.0,36.9440390625,0.0,0.0,0.0,0.0,0.0
2025-06-08 23:00:00,0.0,34.885046875,0.0,0.0,0.0,0.0,0.0
2025-06-09 00:00:00,0.0,32.291640625,0.0,0.0,0.0,0.0,0.0
2025-06-09 01:00:00,0.0,29.5054765625,0.0,0.0,0.0,0.0,0.0
2025-06-09 02:00:00,0.0,26.955953125,0.0,0.0,0.0,0.0,0.0
2025-06-09 03:00:00,0.0,25.0275234375,0.0,0.0,0.0,0.0,0.0
2025-06-09 04:00:00,0.0,23.87671875,0.0,0.0,0.0,0.0,0.0
2025-06-09 05:00:00,0.0,23.2947890625,0.0,0.0,0.0,0.0,0.0
2025-06-09 06:00:00,0.0,23.1248984375,0.0,0.0,0.0,0.0,0.0
2025-06-09 07:00:00,0.0,23.393765625,0.0,0.0,0.0,0.0,0.0
2025-06-09 08:00:00,0.0,24.3469375,0.0,0.0,0.0,0.0,0.0
2025-06-09 09:00:00,0.0,26.380796875,0.0,0.0,0.0,0.0,0.0
2025-06-09 10:00:00,0.0,27.84846875,0.0,0.0,0.0,0.0,0.0
2025-06-09 11:00:00,0.0,30.169515625,0.0,0.0,0.0,0.0,0.0
2025-06-09 12:00:00,0.0,32.605765625,0.0,0.0,0.0,0.0,0.0
2025-06-09 13:00:00,0.0,34.68084375,0.0,0.0,0.0,0.0,0.0
2025-06-09 14:00:00,0.0,35.069203125,0.0,0.0,0.0,0.0,0.0
2025-06-09 15:00:00,0.0,34.58165625,0.0,0.0,0.0,0.0,0.0
2025-06-09 16:00:00,0.0,34.29190625,0.0,0.0,0.0,0.0,0.0
2025-06-09 17:00:00,0.0,35.148140625,0.0,0.0,0.0,0.0,0.0
2025-06-09 18:00:00,0.0,39.0069375,0.0,0.0,0.0,0.0,0.0
2025-06-09 19:00:00,0.0,39.953109375,0.0,0.0,0.0,0.0,0.0
2025-06-09 20:00:00,0.0,39.686859375,0.0,0.0,0.0,0.0,0.0
2025-06-09 21:00:00,0.0,38.78703125,0.0,0.0,0.0,0.0,0.0
2025-06-09 22:00:00,0.0,36.8635625,0.0,0.0,0.0,0.0,0.0
2025-06-09 23:00:00,0.0,33.8291875,0.0,0.0,0.0,0.0,0.0
2025-06-10 00:00:00,0.0,30.4919375,0.0,0.0,0.0,0.0,0.0
2025-06-10 01:00:00,0.0,27.152375,0.0,0.0,0.0,0.0,0.0
2025-06-10 02:00:00,0.0,24.616875,0.0,0.0,0.0,0.0,0.0
2025-06-10 03:00:00,0.0,23.2160625,0.0,0.0,0.0,0.0,0.0
2025-06-10 04:00:00,0.0,22.55640625,0.0,0.0,0.0,0.0,0.0
2025-06-10 05:00:00,0.0,22.619609375,0.0,0.0,0.0,0.0,0.0
2025-06-10 06:00:00,0.0,25.0079375,0.0,0.0,0.0,0.0,0.0
2025-06-10 07:00:00,0.0,30.1280625,0.0,0.0,0.0,0.0,0.0
2025-06-10 08:00:00,0.0,34.76059375,0.0,0.0,0.0,0.0,0.0
2025-06-10 09:00:00,0.0,39.83221875,0.0,0.0,0.0,0.0,0.0
2025-06-10 10:00:00,0.0,41.393421875,0.0,0.0,0.0,0.0,0.0
2025-06-10 11:00:00,0.0,42.49084375,0.0,0.0,0.0,0.0,0.0
2025-06-10 12:00:00,0.0,43.01853125,0.0,0.0,0.0,0.0,0.0
2025-06-10 13:00:00,0.0,42.702953125,0.0,0.0,0.0,0.0,0.0
2025-06-10 14:00:00,0.0,41.5579375,0.0,0.0,0.0,0.0,0.0
2025-06-10 15:00:00,0.0,41.7634375,0.0,0.0,0.0,0.0,0.0
2025-06-10 16:00:00,0.0,41.610609375,0.0,0.0,0.0,0.0,0.0
2025-06-10 17:00:00,0.0,40.7038125,0.0,0.0,0.0,0.0,0.0
2025-06-10 18:00:00,0.0,43.371890625,0.0,0.0,0.0,0.0,0.0
2025-06-10 19:00:00,0.0,42.902171875,0.0,0.0,0.0,0.0,0.0
2025-06-10 20:00:00,0.0,41.535234375,0.0,0.0,0.0,0.0,0.0
2025-06-10 21:00:00,0.0,39.6851875,0.0,0.0,0.0,0.0,0.0
2025-06-10 22:00:00,0.0,37.515609375,0.0,0.0,0.0,0.0,0.0
2025-06-10 23:00:00,0.0,34.879265625,0.0,0.0,0.0,0.0,0.0
2025-06-11 00:00:00,0.0,30.954421875,0.0,0.0,0.0,0.0,0.0
2025-06-11 01:00:00,0.0,27.45175,0.0,0.0,0.0,0.0,0.0
2025-06-11 02:00:00,0.0,24.936984375,0.0,0.0,0.0,0.0,0.0
2025-06-11 03:00:00,0.0,23.641078125,0.0,0.0,0.0,0.0,0.0
2025-06-11 04:00:00,0.0,22.9196875,0.0,0.0,0.0,0.0,0.0
2025-06-11 05:00:00,0.0,23.27140625,0.0,0.0,0.0,0.0,0.0
2025-06-11 06:00:00,0.0,25.8144375,0.0,0.0,0.0,0.0,0.0
2025-06-11 07:00:00,0.0,31.30053125,0.0,0.0,0.0,0.0,0.0
2025-06-11 08:00:00,0.0,35.6110625,0.0,0.0,0.0,0.0,0.0
2025-06-11 09:00:00,0.0,40.89790625,0.0,0.0,0.0,0.0,0.0
2025-06-11 10:00:00,0.0,42.90778125,0.0,0.0,0.0,0.0,0.0
2025-06-11 11:00:00,0.0,43.06825,0.0,0.0,0.0,0.0,0.0
2025-06-11 12:00:00,0.0,43.28225,0.0,0.0,0.0,0.0,0.0
2025-06-11 13:00:00,0.0,42.964,0.0,0.0,0.0,0.0,0.0
2025-06-11 14:00:00,0.0,41.33309375,0.0,0.0,0.0,0.0,0.0
2025-06-11 15:00:00,0.0,41.1445625,0.0,0.0,0.0,0.0,0.0
2025-06-11 16:00:00,0.0,41.26953125,0.0,0.0,0.0,0.0,0.0
2025-06-11 17:00:00,0.0,39.4521875,0.0,0.0,0.0,0.0,0.0
2025-06-11 18:00:00,0.0,42.5413125,0.0,0.0,0.0,0.0,0.0
2025-06-11 19:00:00,0.0,42.91815625,0.0,0.0,0.0,0.0,0.0
2025-06-11 20:00:00,0.0,41.5355625,0.0,0.0,0.0,0.0,0.0
2025-06-11 21:00:00,0.0,39.5971875,0.0,0.0,0.0,0.0,0.0
2025-06-11 22:00:00,0.0,37.21209375,0.0,0.0,0.0,0.0,0.0
2025-06-11 23:00:00,0.0,34.6175625,0.0,0.0,0.0,0.0,0.0
2025-06-12 00:00:00,0.0,30.5484375,0.0,0.0,0.0,0.0,0.0
2025-06-12 01:00:00,0.0,27.0511875,0.0,0.0,0.0,0.0,0.0
2025-06-12 02:00:00,0.0,24.68578125,0.0,0.0,0.0,0.0,0.0
2025-06-12 03:00:00,0.0,23.68628125,0.0,0.0,0.0,0.0,0.0
2025-06-12 04:00:00,0.0,23.033875,0.0,0.0,0.0,0.0,0.0
2025-06-12 05:00:00,0.0,22.99365625,0.0,0.0,0.0,0.0,0.0
2025-06-12 06:00:00,0.0,25.37903125,0.0,0.0,0.0,0.0,0.0
2025-06-12 07:00:00,0.0,31.51734375,0.0,0.0,0.0,0.0,0.0
2025-06-12 08:00:00,0.0,36.42453125,0.0,0.0,0.0,0.0,0.0
2025-06-12 09:00:00,0.0,40.91009375,0.0,0.0,0.0,0.0,0.0
2025-06-12 10:00:00,0.0,42.15359375,0.0,0.0,0.0,0.0,0.0
2025-06-12 11:00:00,0.0,43.50184375,0.0,0.0,0.0,0.0,0.0
2025-06-12 12:00:00,0.0,43.4675625,0.0,0.0,0.0,0.0,0.0
2025-06-12 13:00:00,0.0,42.73553125,0.0,0.0,0.0,0.0,0.0
2025-06-12 14:00:00,0.0,42.27159375,0.0,0.0,0.0,0.0,0.0
2025-06-12 15:00:00,0.0,42.28921875,0.0,0.0,0.0,0.0,0.0
2025-06-12 16:00:00,0.0,42.19575,0.0,0.0,0.0,0.0,0.0
2025-06-12 17:00:00,0.0,39.41365625,0.0,0.0,0.0,0.0,0.0
2025-06-12 18:00:00,0.0,42.03459375,0.0,0.0,0.0,0.0,0.0
2025-06-12 19:00:00,0.0,42.30134375,0.0,0.0,0.0,0.0,0.0
2025-06-12 20:00:00,0.0,40.69815625,0.0,0.0,0.0,0.0,0.0
2025-06-12 21:00:00,0.0,38.87246875,0.0,0.0,0.0,0.0,0.0
2025-06-12 22:00:00,0.0,37.4089375,0.0,0.0,0.0,0.0,0.0
2025-06-12 23:00:00,0.0,33.9544375,0.0,0.0,0.0,0.0,0.0
2025-06-13 00:00:00,0.0,30.11934375,0.0,0.0,0.0,0.0,0.0
2025-06-13 01:00:00,0.0,26.6995,0.0,0.0,0.0,0.0,0.0
2025-06-13 02:00:00,0.0,24.36803125,0.0,0.0,0.0,0.0,0.0
2025-06-13 03:00:00,0.0,22.62534375,0.0,0.0,0.0,0.0,0.0
2025-06-13 04:00:00,0.0,22.069375,0.0,0.0,0.0,0.0,0.0
2025-06-13 05:00:00,0.0,22.09446875,0.0,0.0,0.0,0.0,0.0
2025-06-13 06:00:00,0.0,23.962875,0.0,0.0,0.0,0.0,0.0
2025-06-13 07:00:00,0.0,30.3958125,0.0,0.0,0.0,0.0,0.0
2025-06-13 08:00:00,0.0,35.091875,0.0,0.0,0.0,0.0,0.0
2025-06-13 09:00:00,0.0,39.52590625,0.0,0.0,0.0,0.0,0.0
2025-06-13 10:00:00,0.0,40.52996875,0.0,0.0,0.0,0.0,0.0
2025-06-13 11:00:00,0.0,43.07728125,0.0,0.0,0.0,0.0,0.0
2025-06-13 12:00:00,0.0,43.79009375,0.0,0.0,0.0,0.0,0.0
2025-06-13 13:00:00,0.0,41.48175,0.0,0.0,0.0,0.0,0.0
2025-06-13 14:00:00,0.0,41.30375,0.0,0.0,0.0,0.0,0.0
2025-06-13 15:00:00,0.0,42.04278125,0.0,0.0,0.0,0.0,0.0
2025-06-13 16:00:00,0.0,41.16409375,0.0,0.0,0.0,0.0,0.0
2025-06-13 17:00:00,0.0,38.70459375,0.0,0.0,0.0,0.0,0.0
2025-06-13 18:00:00,0.0,41.6515625,0.0,0.0,0.0,0.0,0.0
2025-06-13 19:00:00,0.0,41.97975,0.0,0.0,0.0,0.0,0.0
2025-06-13 20:00:00,0.0,40.78521875,0.0,0.0,0.0,0.0,0.0
2025-06-13 21:00:00,0.0,39.8771875,0.0,0.0,0.0,0.0,0.0
2025-06-13 22:00:00,0.0,37.72365625,0.0,0.0,0.0,0.0,0.0
2025-06-13 23:00:00,0.0,33.8208125,0.0,0.0,0.0,0.0,0.0
2025-06-14 00:00:00,0.0,30.4009375,0.0,0.0,0.0,0.0,0.0
2025-06-14 01:00:00,0.0,27.245,0.0,0.0,0.0,0.0,0.0
2025-06-14 02:00:00,0.0,25.167875,0.0,0.0,0.0,0.0,0.0
2025-06-14 03:00:00,0.0,23.77725,0.0,0.0,0.0,0.0,0.0
2025-06-14 04:00:00,0.0,23.117625,0.0,0.0,0.0,0.0,0.0
2025-06-14 05:00:00,0.0,23.20853125,0.0,0.0,0.0,0.0,0.0
2025-06-14 06:00:00,0.0,25.4455625,0.0,0.0,0.0,0.0,0.0
2025-06-14 07:00:00,0.0,30.57203125,0.0,0.0,0.0,0.0,0.0
2025-06-14 08:00:00,0.0,34.35909375,0.0,0.0,0.0,0.0,0.0
2025-06-14 09:00:00,0.0,39.39528125,0.0,0.0,0.0,0.0,0.0
2025-06-14 10:00:00,0.0,41.85790625,0.0,0.0,0.0,0.0,0.0
2025-06-14 11:00:00,0.0,40.98665625,0.0,0.0,0.0,0.0,0.0
2025-06-14 12:00:00,0.0,40.52225,0.0,0.0,0.0,0.0,0.0
2025-06-14 13:00:00,0.0,39.254875,0.0,0.0,0.0,0.0,0.0
2025-06-14 14:00:00,0.0,39.0804375,0.0,0.0,0.0,0.0,0.0
2025-06-14 15:00:00,0.0,39.610375,0.0,0.0,0.0,0.0,0.0
2025-06-14 16:00:00,0.0,38.8739375,0.0,0.0,0.0,0.0,0.0
2025-06-14 17:00:00,0.0,38.22725,0.0,0.0,0.0,0.0,0.0
2025-06-14 18:00:00,0.0,41.07525,0.0,0.0,0.0,0.0,0.0
2025-06-14 19:00:00,0.0,41.1651875,0.0,0.0,0.0,0.0,0.0
2025-06-14 20:00:00,0.0,39.6891875,0.0,0.0,0.0,0.0,0.0
2025-06-14 21:00:00,0.0,37.7735625,0.0,0.0,0.0,0.0,0.0
2025-06-14 22:00:00,0.0,35.690125,0.0,0.0,0.0,0.0,0.0
2025-06-14 23:00:00,0.0,33.490625,0.0,0.0,0.0,0.0,0.0
2025-06-15 00:00:00,0.0,30.3735,0.0,0.0,0.0,0.0,0.0
2025-06-15 01:00:00,0.0,27.02225,0.0,0.0,0.0,0.0,0.0
2025-06-15 02:00:00,0.0,24.3280625,0.0,0.0,0.0,0.0,0.0
2025-06-15 03:00:00,0.0,22.5614375,0.0,0.0,0.0,0.0,0.0
2025-06-15 04:00:00,0.0,21.481875,0.0,0.0,0.0,0.0,0.0
2025-06-15 05:00:00,0.0,22.0931875,0.0,0.0,0.0,0.0,0.0
2025-06-15 06:00:00,0.0,23.2669375,0.0,0.0,0.0,0.0,0.0
2025-06-15 07:00:00,0.0,24.0898125,0.0,0.0,0.0,0.0,0.0
2025-06-15 08:00:00,0.0,26.634375,0.0,0.0,0.0,0.0,0.0
2025-06-15 09:00:00,0.0,30.3581875,0.0,0.0,0.0,0.0,0.0
2025-06-15 10:00:00,0.0,32.9136875,0.0,0.0,0.0,0.0,0.0
2025-06-15 11:00:00,0.0,35.4466875,0.0,0.0,0.0,0.0,0.0
2025-06-15 12:00:00,0.0,37.1213125,0.0,0.0,0.0,0.0,0.0
2025-06-15 13:00:00,0.0,37.754875,0.0,0.0,0.0,0.0,0.0
2025-06-15 14:00:00,0.0,37.01675,0.0,0.0,0.0,0.0,0.0
2025-06-15 15:00:00,0.0,36.180625,0.0,0.0,0.0,0.0,0.0
2025-06-15 16:00:00,0.0,36.1683125,0.0,0.0,0.0,0.0,0.0
2025-06-15 17:00:00,0.0,36.2163125,0.0,0.0,0.0,0.0,0.0
2025-06-15 18:00:00,0.0,39.7144375,0.0,0.0,0.0,0.0,0.0
2025-06-15 19:00:00,0.0,40.4276875,0.0,0.0,0.0,0.0,0.0
2025-06-15 20:00:00,0.0,40.0495625,0.0,0.0,0.0,0.0,0.0
2025-06-15 21:00:00,0.0,38.4716875,0.0,0.0,0.0,0.0,0.0
2025-06-15 22:00:00,0.0,36.5171875,0.0,0.0,0.0,0.0,0.0
2025-06-15 23:00:00,0.0,34.349875,0.0,0.0,0.0,0.0,0.0
2025-06-16 00:00:00,0.0,31.69075,0.0,0.0,0.0,0.0,0.0
2025-06-16 01:00:00,0.0,28.9471875,0.0,0.0,0.0,0.0,0.0
2025-06-16 02:00:00,0.0,25.9424375,0.0,0.0,0.0,0.0,0.0
2025-06-16 03:00:00,0.0,23.5948125,0.0,0.0,0.0,0.0,0.0
2025-06-16 04:00:00,0.0,23.2931875,0.0,0.0,0.0,0.0,0.0
2025-06-16 05:00:00,0.0,22.3606875,0.0,0.0,0.0,0.0,0.0
2025-06-16 06:00:00,0.0,21.85775,0.0,0.0,0.0,0.0,0.0
2025-06-16 07:00:00,0.0,22.250625,0.0,0.0,0.0,0.0,0.0
2025-06-16 08:00:00,0.0,23.3720625,0.0,0.0,0.0,0.0,0.0
2025-06-16 09:00:00,0.0,25.84125,0.0,0.0,0.0,0.0,0.0
2025-06-16 10:00:00,0.0,27.6005625,0.0,0.0,0.0,0.0,0.0
2025-06-16 11:00:00,0.0,30.7866875,0.0,0.0,0.0,0.0,0.0
2025-06-16 12:00:00,0.0,32.704375,0.0,0.0,0.0,0.0,0.0
2025-06-16 13:00:00,0.0,34.3925,0.0,0.0,0.0,0.0,0.0
2025-06-16 14:00:00,0.0,34.5843125,0.0,0.0,0.0,0.0,0.0
2025-06-16 15:00:00,0.0,33.9349375,0.0,0.0,0.0,0.0,0.0
2025-06-16 16:00:00,0.0,34.018125,0.0,0.0,0.0,0.0,0.0
2025-06-16 17:00:00,0.0,33.8563125,0.0,0.0,0.0,0.0,0.0
2025-06-16 18:00:00,0.0,37.8524375,0.0,0.0,0.0,0.0,0.0
2025-06-16 19:00:00,0.0,39.537,0.0,0.0,0.0,0.0,0.0
2025-06-16 20:00:00,0.0,39.3593125,0.0,0.0,0.0,0.0,0.0
2025-06-16 21:00:00,0.0,38.929375,0.0,0.0,0.0,0.0,0.0
2025-06-16 22:00:00,0.0,37.36975,0.0,0.0,0.0,0.0,0.0
2025-06-16 23:00:00,0.0,33.857,0.0,0.0,0.0,0.0,0.0
2025-06-17 00:00:00,0.0,30.2635,0.0,0.0,0.0,0.0,0.0
2025-06-17 01:00:00,0.0,27.0856875,0.0,0.0,0.0,0.0,0.0
2025-06-17 02:00:00,0.0,24.6859375,0.0,0.0,0.0,0.0,0.0
2025-06-17 03:00:00,0.0,23.27625,0.0,0.0,0.0,0.0,0.0
2025-06-17 04:00:00,0.0,22.591,0.0,0.0,0.0,0.0,0.0
2025-06-17 05:00:00,0.0,22.579,0.0,0.0,0.0,0.0,0.0
2025-06-17 06:00:00,0.0,25.671875,0.0,0.0,0.0,0.0,0.0
2025-06-17 07:00:00,0.0,31.1721875,0.0,0.0,0.0,0.0,0.0
2025-06-17 08:00:00,0.0,34.8624375,0.0,0.0,0.0,0.0,0.0
2025-06-17 09:00:00,0.0,39.4950625,0.0,0.0,0.0,0.0,0.0
2025-06-17 10:00:00,0.0,40.85025,0.0,0.0,0.0,0.0,0.0
2025-06-17 11:00:00,0.0,41.951125,0.0,0.0,0.0,0.0,0.0
2025-06-17 12:00:00,0.0,42.47175,0.0,0.0,0.0,0.0,0.0
2025-06-17 13:00:00,0.0,42.70825,0.0,0.0,0.0,0.0,0.0
2025-06-17 14:00:00,0.0,41.722375,0.0,0.0,0.0,0.0,0.0
2025-06-17 15:00:00,0.0,41.6445625,0.0,0.0,0.0,0.0,0.0
2025-06-17 16:00:00,0.0,41.076,0.0,0.0,0.0,0.0,0.0
2025-06-17 17:00:00,0.0,40.3385625,0.0,0.0,0.0,0.0,0.0
2025-06-17 18:00:00,0.0,43.2636875,0.0,0.0,0.0,0.0,0.0
2025-06-17 19:00:00,0.0,43.8894375,0.0,0.0,0.0,0.0,0.0
2025-06-17 20:00:00,0.0,42.7225625,0.0,0.0,0.0,0.0,0.0
2025-06-17 21:00:00,0.0,40.5509375,0.0,0.0,0.0,0.0,0.0
2025-06-17 22:00:00,0.0,38.2801875,0.0,0.0,0.0,0.0,0.0
2025-06-17 23:00:00,0.0,34.9035,0.0,0.0,0.0,0.0,0.0
2025-06-18 00:00:00,0.0,31.409125,0.0,0.0,0.0,0.0,0.0
2025-06-18 01:00:00,0.0,27.586125,0.0,0.0,0.0,0.0,0.0
2025-06-18 02:00:00,0.0,24.9208125,0.0,0.0,0.0,0.0,0.0
2025-06-18 03:00:00,0.0,23.2838125,0.0,0.0,0.0,0.0,0.0
2025-06-18 04:00:00,0.0,22.56675,0.0,0.0,0.0,0.0,0.0
2025-06-18 05:00:00,0.0,22.8104375,0.0,0.0,0.0,0.0,0.0
2025-06-18 06:00:00,0.0,25.390625,0.0,0.0,0.0,0.0,0.0
2025-06-18 07:00:00,0.0,30.4323125,0.0,0.0,0.0,0.0,0.0
2025-06-18 08:00:00,0.0,34.2238125,0.0,0.0,0.0,0.0,0.0
2025-06-18 09:00:00,0.0,39.59525,0.0,0.0,0.0,0.0,0.0
2025-06-18 10:00:00,0.0,40.0275,0.0,0.0,0.0,0.0,0.0
2025-06-18 11:00:00,0.0,41.50175,0.0,0.0,0.0,0.0,0.0
2025-06-18 12:00:00,0.0,42.27,0.0,0.0,0.0,0.0,0.0
2025-06-18 13:00:00,0.0,41.969625,0.0,0.0,0.0,0.0,0.0
2025-06-18 14:00:00,0.0,41.0295625,0.0,0.0,0.0,0.0,0.0
2025-06-18 15:00:00,0.0,41.0954375,0.0,0.0,0.0,0.0,0.0
2025-06-18 16:00:00,0.0,40.53875,0.0,0.0,0.0,0.0,0.0
2025-06-18 17:00:00,0.0,40.322875,0.0,0.0,0.0,0.0,0.0
2025-06-18 18:00:00,0.0,43.303375,0.0,0.0,0.0,0.0,0.0
2025-06-18 19:00:00,0.0,42.9906875,0.0,0.0,0.0,0.0,0.0
2025-06-18 20:00:00,0.0,41.632375,0.0,0.0,0.0,0.0,0.0
2025-06-18 21:00:00,0.0,39.8609375,0.0,0.0,0.0,0.0,0.0
2025-06-18 22:00:00,0.0,37.6761875,0.0,0.0,0.0,0.0,0.0
2025-06-18 23:00:00,0.0,34.9855625,0.0,0.0,0.0,0.0,0.0
2025-06-19 00:00:00,0.0,31.6490625,0.0,0.0,0.0,0.0,0.0
2025-06-19 01:00:00,0.0,28.0910625,0.0,0.0,0.0,0.0,0.0
2025-06-19 02:00:00,0.0,25.4139375,0.0,0.0,0.0,0.0,0.0
2025-06-19 03:00:00,0.0,23.9278125,0.0,0.0,0.0,0.0,0.0
2025-06-19 04:00:00,0.0,23.2196875,0.0,0.0,0.0,0.0,0.0
2025-06-19 05:00:00,0.0,23.7599375,0.0,0.0,0.0,0.0,0.0
2025-06-19 06:00:00,0.0,25.3809375,0.0,0.0,0.0,0.0,0.0
2025-06-19 07:00:00,0.0,29.2076875,0.0,0.0,0.0,0.0,0.0
2025-06-19 08:00:00,0.0,34.3650625,0.0,0.0,0.0,0.0,0.0
2025-06-19 09:00:00,0.0,39.839875,0.0,0.0,0.0,0.0,0.0
2025-06-19 10:00:00,0.0,41.3468125,0.0,0.0,0.0,0.0,0.0
2025-06-19 11:00:00,0.0,43.592125,0.0,0.0,0.0,0.0,0.0
2025-06-19 12:00:00,0.0,44.39975,0.0,0.0,0.0,0.0,0.0
2025-06-19 13:00:00,0.0,44.4465,0.0,0.0,0.0,0.0,0.0
2025-06-19 14:00:00,0.0,43.439875,0.0,0.0,0.0,0.0,0.0
2025-06-19 15:00:00,0.0,43.322625,0.0,0.0,0.0,0.0,0.0
2025-06-19 16:00:00,0.0,42.286375,0.0,0.0,0.0,0.0,0.0
2025-06-19 17:00:00,0.0,41.041625,0.0,0.0,0.0,0.0,0.0
2025-06-19 18:00:00,0.0,43.898625,0.0,0.0,0.0,0.0,0.0
2025-06-19 19:00:00,0.0,43.9715625,0.0,0.0,0.0,0.0,0.0
2025-06-19 20:00:00,0.0,42.5760625,0.0,0.0,0.0,0.0,0.0
2025-06-19 21:00:00,0.0,40.8204375,0.0,0.0,0.0,0.0,0.0
2025-06-19 22:00:00,0.0,39.135125,0.0,0.0,0.0,0.0,0.0
2025-06-19 23:00:00,0.0,37.105375,0.0,0.0,0.0,0.0,0.0
2025-06-20 00:00:00,0.0,33.684,0.0,0.0,0.0,0.0,0.0
2025-06-20 01:00:00,0.0,30.501375,0.0,0.0,0.0,0.0,0.0
2025-06-20 02:00:00,0.0,27.5593125,0.0,0.0,0.0,0.0,0.0
2025-06-20 03:00:00,0.0,25.3676875,0.0,0.0,0.0,0.0,0.0
2025-06-20 04:00:00,0.0,24.2954375,0.0,0.0,0.0,0.0,0.0
2025-06-20 05:00:00,0.0,23.766375,0.0,0.0,0.0,0.0,0.0
2025-06-20 06:00:00,0.0,23.8118125,0.0,0.0,0.0,0.0,0.0
2025-06-20 07:00:00,0.0,24.4056875,0.0,0.0,0.0,0.0,0.0
2025-06-20 08:00:00,0.0,26.150375,0.0,0.0,0.0,0.0,0.0
2025-06-20 09:00:00,0.0,29.347625,0.0,0.0,0.0,0.0,0.0
2025-06-20 10:00:00,0.0,31.392,0.0,0.0,0.0,0.0,0.0
2025-06-20 11:00:00,0.0,34.623625,0.0,0.0,0.0,0.0,0.0
2025-06-20 12:00:00,0.0,36.7389375,0.0,0.0,0.0,0.0,0.0
2025-06-20 13:00:00,0.0,38.3173125,0.0,0.0,0.0,0.0,0.0
2025-06-20 14:00:00,0.0,38.1555625,0.0,0.0,0.0,0.0,0.0
2025-06-20 15:00:00,0.0,37.755625,0.0,0.0,0.0,0.0,0.0
2025-06-20 16:00:00,0.0,37.3895,0.0,0.0,0.0,0.0,0.0
2025-06-20 17:00:00,0.0,37.3479375,0.0,0.0,0.0,0.0,0.0
2025-06-20 18:00:00,0.0,41.069875,0.0,0.0,0.0,0.0,0.0
2025-06-20 19:00:00,0.0,42.2471875,0.0,0.0,0.0,0.0,0.0
2025-06-20 20:00:00,0.0,41.7938125,0.0,0.0,0.0,0.0,0.0
2025-06-20 21:00:00,0.0,40.8215625,0.0,0.0,0.0,0.0,0.0
2025-06-20 22:00:00,0.0,38.949125,0.0,0.0,0.0,0.0,0.0
2025-06-20 23:00:00,0.0,36.5249375,0.0,0.0,0.0,0.0,0.0
2025-06-21 00:00:00,0.0,33.0105625,0.0,0.0,0.0,0.0,0.0
2025-06-21 01:00:00,0.0,29.557125,0.0,0.0,0.0,0.0,0.0
2025-06-21 02:00:00,0.0,26.779125,0.0,0.0,0.0,0.0,0.0
2025-06-21 03:00:00,0.0,25.0429375,0.0,0.0,0.0,0.0,0.0
2025-06-21 04:00:00,0.0,24.1370625,0.0,0.0,0.0,0.0,0.0
2025-06-21 05:00:00,0.0,24.08325,0.0,0.0,0.0,0.0,0.0
2025-06-21 06:00:00,0.0,25.861875,0.0,0.0,0.0,0.0,0.0
2025-06-21 07:00:00,0.0,30.055625,0.0,0.0,0.0,0.0,0.0
2025-06-21 08:00:00,0.0,34.88975,0.0,0.0,0.0,0.0,0.0
2025-06-21 09:00:00,0.0,39.9835,0.0,0.0,0.0,0.0,0.0
2025-06-21 10:00:00,0.0,41.4899375,0.0,0.0,0.0,0.0,0.0
2025-06-21 11:00:00,0.0,43.15075,0.0,0.0,0.0,0.0,0.0
2025-06-21 12:00:00,0.0,43.6296875,0.0,0.0,0.0,0.0,0.0
2025-06-21 13:00:00,0.0,43.2305625,0.0,0.0,0.0,0.0,0.0
2025-06-21 14:00:00,0.0,42.5285,0.0,0.0,0.0,0.0,0.0
2025-06-21 15:00:00,0.0,42.227625,0.0,0.0,0.0,0.0,0.0
2025-06-21 16:00:00,0.0,42.066375,0.0,0.0,0.0,0.0,0.0
2025-06-21 17:00:00,0.0,40.649625,0.0,0.0,0.0,0.0,0.0
2025-06-21 18:00:00,0.0,43.93325,0.0,0.0,0.0,0.0,0.0
2025-06-21 19:00:00,0.0,44.76125,0.0,0.0,0.0,0.0,0.0
2025-06-21 20:00:00,0.0,43.568375,0.0,0.0,0.0,0.0,0.0
2025-06-21 21:00:00,0.0,41.695375,0.0,0.0,0.0,0.0,0.0
2025-06-21 22:00:00,0.0,39.714875,0.0,0.0,0.0,0.0,0.0
2025-06-21 23:00:00,0.0,37.6765,0.0,0.0,0.0,0.0,0.0
2025-06-22 00:00:00,0.0,34.652625,0.0,0.0,0.0,0.0,0.0
2025-06-22 01:00:00,0.0,31.128,0.0,0.0,0.0,0.0,0.0
2025-06-22 02:00:00,0.0,28.056375,0.0,0.0,0.0,0.0,0.0
2025-06-22 03:00:00,0.0,26.085625,0.0,0.0,0.0,0.0,0.0
2025-06-22 04:00:00,0.0,24.76,0.0,0.0,0.0,0.0,0.0
2025-06-22 05:00:00,0.0,24.462625,0.0,0.0,0.0,0.0,0.0
2025-06-22 06:00:00,0.0,24.5955,0.0,0.0,0.0,0.0,0.0
2025-06-22 07:00:00,0.0,25.71925,0.0,0.0,0.0,0.0,0.0
2025-06-22 08:00:00,0.0,28.657125,0.0,0.0,0.0,0.0,0.0
2025-06-22 09:00:00,0.0,33.043375,0.0,0.0,0.0,0.0,0.0
2025-06-22 10:00:00,0.0,35.885,0.0,0.0,0.0,0.0,0.0
2025-06-22 11:00:00,0.0,38.7205,0.0,0.0,0.0,0.0,0.0
2025-06-22 12:00:00,0.0,40.21075,0.0,0.0,0.0,0.0,0.0
2025-06-22 13:00:00,0.0,40.694375,0.0,0.0,0.0,0.0,0.0
2025-06-22 14:00:00,0.0,39.926,0.0,0.0,0.0,0.0,0.0
2025-06-22 15:00:00,0.0,39.378125,0.0,0.0,0.0,0.0,0.0
2025-06-22 16:00:00,0.0,38.5915,0.0,0.0,0.0,0.0,0.0
2025-06-22 17:00:00,0.0,38.291375,0.0,0.0,0.0,0.0,0.0
2025-06-22 18:00:00,0.0,41.543375,0.0,0.0,0.0,0.0,0.0
2025-06-22 19:00:00,0.0,42.3075,0.0,0.0,0.0,0.0,0.0
2025-06-22 20:00:00,0.0,41.472625,0.0,0.0,0.0,0.0,0.0
2025-06-22 21:00:00,0.0,40.038,0.0,0.0,0.0,0.0,0.0
2025-06-22 22:00:00,0.0,38.204125,0.0,0.0,0.0,0.0,0.0
2025-06-22 23:00:00,0.0,36.154375,0.0,0.0,0.0,0.0,0.0
2025-06-23 00:00:00,0.0,32.7915,0.0,0.0,0.0,0.0,0.0
2025-06-23 01:00:00,0.0,29.6705,0.0,0.0,0.0,0.0,0.0
2025-06-23 02:00:00,0.0,27.1865,0.0,0.0,0.0,0.0,0.0
2025-06-23 03:00:00,0.0,24.671125,0.0,0.0,0.0,0.0,0.0
2025-06-23 04:00:00,0.0,23.69525,0.0,0.0,0.0,0.0,0.0
2025-06-23 05:00:00,0.0,23.069375,0.0,0.0,0.0,0.0,0.0
2025-06-23 06:00:00,0.0,22.988875,0.0,0.0,0.0,0.0,0.0
2025-06-23 07:00:00,0.0,24.036375,0.0,0.0,0.0,0.0,0.0
2025-06-23 08:00:00,0.0,25.550125,0.0,0.0,0.0,0.0,0.0
2025-06-23 09:00:00,0.0,27.7695,0.0,0.0,0.0,0.0,0.0
2025-06-23 10:00:00,0.0,29.674875,0.0,0.0,0.0,0.0,0.0
2025-06-23 11:00:00,0.0,32.334875,0.0,0.0,0.0,0.0,0.0
2025-06-23 12:00:00,0.0,34.314,0.0,0.0,0.0,0.0,0.0
2025-06-23 13:00:00,0.0,36.19225,0.0,0.0,0.0,0.0,0.0
2025-06-23 14:00:00,0.0,36.455,0.0,0.0,0.0,0.0,0.0
2025-06-23 15:00:00,0.0,36.29375,0.0,0.0,0.0,0.0,0.0
2025-06-23 16:00:00,0.0,36.61725,0.0,0.0,0.0,0.0,0.0
2025-06-23 17:00:00,0.0,36.95425,0.0,0.0,0.0,0.0,0.0
2025-06-23 18:00:00,0.0,40.752625,0.0,0.0,0.0,0.0,0.0
2025-06-23 19:00:00,0.0,41.757375,0.0,0.0,0.0,0.0,0.0
2025-06-23 20:00:00,0.0,41.372125,0.0,0.0,0.0,0.0,0.0
2025-06-23 21:00:00,0.0,40.524625,0.0,0.0,0.0,0.0,0.0
2025-06-23 22:00:00,0.0,39.449375,0.0,0.0,0.0,0.0,0.0
2025-06-23 23:00:00,0.0,36.620625,0.0,0.0,0.0,0.0,0.0
2025-06-24 00:00:00,0.0,33.207875,0.0,0.0,0.0,0.0,0.0
2025-06-24 01:00:00,0.0,29.3245,0.0,0.0,0.0,0.0,0.0
2025-06-24 02:00:00,0.0,26.3865,0.0,0.0,0.0,0.0,0.0
2025-06-24 03:00:00,0.0,24.1095,0.0,0.0,0.0,0.0,0.0
2025-06-24 04:00:00,0.0,23.326,0.0,0.0,0.0,0.0,0.0
2025-06-24 05:00:00,0.0,23.58375,0.0,0.0,0.0,0.0,0.0
2025-06-24 06:00:00,0.0,24.461625,0.0,0.0,0.0,0.0,0.0
2025-06-24 07:00:00,0.0,28.292375,0.0,0.0,0.0,0.0,0.0
2025-06-24 08:00:00,0.0,33.460125,0.0,0.0,0.0,0.0,0.0
2025-06-24 09:00:00,0.0,38.5955,0.0,0.0,0.0,0.0,0.0
2025-06-24 10:00:00,0.0,40.325875,0.0,0.0,0.0,0.0,0.0
2025-06-24 11:00:00,0.0,43.12825,0.0,0.0,0.0,0.0,0.0
2025-06-24 12:00:00,0.0,43.994875,0.0,0.0,0.0,0.0,0.0
2025-06-24 13:00:00,0.0,43.9685,0.0,0.0,0.0,0.0,0.0
2025-06-24 14:00:00,0.0,42.55525,0.0,0.0,0.0,0.0,0.0
2025-06-24 15:00:00,0.0,43.094625,0.0,0.0,0.0,0.0,0.0
2025-06-24 16:00:00,0.0,42.939625,0.0,0.0,0.0,0.0,0.0
2025-06-24 17:00:00,0.0,42.841625,0.0,0.0,0.0,0.0,0.0
2025-06-24 18:00:00,0.0,45.45725,0.0,0.0,0.0,0.0,0.0
2025-06-24 19:00:00,0.0,44.334,0.0,0.0,0.0,0.0,0.0
2025-06-24 20:00:00,0.0,42.909375,0.0,0.0,0.0,0.0,0.0
2025-06-24 21:00:00,0.0,41.5055,0.0,0.0,0.0,0.0,0.0
2025-06-24 22:00:00,0.0,39.532875,0.0,0.0,0.0,0.0,0.0
2025-06-24 23:00:00,0.0,37.078125,0.0,0.0,0.0,0.0,0.0
2025-06-25 00:00:00,0.0,33.153375,0.0,0.0,0.0,0.0,0.0
2025-06-25 01:00:00,0.0,29.35425,0.0,0.0,0.0,0.0,0.0
2025-06-25 02:00:00,0.0,26.379875,0.0,0.0,0.0,0.0,0.0
2025-06-25 03:00:00,0.0,24.544625,0.0,0.0,0.0,0.0,0.0
2025-06-25 04:00:00,0.0,23.840875,0.0,0.0,0.0,0.0,0.0
2025-06-25 05:00:00,0.0,24.129375,0.0,0.0,0.0,0.0,0.0
2025-06-25 06:00:00,0.0,25.418625,0.0,0.0,0.0,0.0,0.0
2025-06-25 07:00:00,0.0,29.37775,0.0,0.0,0.0,0.0,0.0
2025-06-25 08:00:00,0.0,34.0015,0.0,0.0,0.0,0.0,0.0
2025-06-25 09:00:00,0.0,39.397625,0.0,0.0,0.0,0.0,0.0
2025-06-25 10:00:00,0.0,41.01081408691406,0.0,0.0,0.0,0.0,0.0
2025-06-25 11:00:00,0.0,43.33349890136719,0.0,0.0,0.0,0.0,0.0
2025-06-25 12:00:00,0.0,44.46295166015625,0.0,0.0,0.0,0.0,0.0
2025-06-25 13:00:00,0.0,44.0607431640625,0.0,0.0,0.0,0.0,0.0
2025-06-25 14:00:00,0.0,43.109423828125,0.0,0.0,0.0,0.0,0.0
2025-06-25 15:00:00,0.0,43.70426953125,0.0,0.0,0.0,0.0,0.0
2025-06-25 16:00:00,0.0,43.13855078125,0.0,0.0,0.0,0.0,0.0
2025-06-25 17:00:00,0.0,42.750029296875,0.0,0.0,0.0,0.0,0.0
2025-06-25 18:00:00,0.0,45.30190625,0.0,0.0,0.0,0.0,0.0
2025-06-25 19:00:00,0.0,44.82044140625,0.0,0.0,0.0,0.0,0.0
2025-06-25 20:00:00,0.0,43.403328125,0.0,0.0,0.0,0.0,0.0
2025-06-25 21:00:00,0.0,42.16918359375,0.0,0.0,0.0,0.0,0.0
2025-06-25 22:00:00,0.0,39.8003828125,0.0,0.0,0.0,0.0,0.0
2025-06-25 23:00:00,0.0,37.57815625,0.0,0.0,0.0,0.0,0.0
2025-06-26 00:00:00,0.0,34.927984375,0.0,0.0,0.0,0.0,0.0
2025-06-26 01:00:00,0.0,30.975421875,0.0,0.0,0.0,0.0,0.0
2025-06-26 02:00:00,0.0,27.9141171875,0.0,0.0,0.0,0.0,0.0
2025-06-26 03:00:00,0.0,25.84090625,0.0,0.0,0.0,0.0,0.0
2025-06-26 04:00:00,0.0,24.7146015625,0.0,0.0,0.0,0.0,0.0
2025-06-26 05:00:00,0.0,24.9724921875,0.0,0.0,0.0,0.0,0.0
2025-06-26 06:00:00,0.0,26.18934375,0.0,0.0,0.0,0.0,0.0
2025-06-26 07:00:00,0.0,29.5191328125,0.0,0.0,0.0,0.0,0.0
2025-06-26 08:00:00,0.0,34.523765625,0.0,0.0,0.0,0.0,0.0
2025-06-26 09:00:00,0.0,39.2406640625,0.0,0.0,0.0,0.0,0.0
2025-06-26 10:00:00,0.0,40.7251640625,0.0,0.0,0.0,0.0,0.0
2025-06-26 11:00:00,0.0,42.3820625,0.0,0.0,0.0,0.0,0.0
2025-06-26 12:00:00,0.0,43.5564609375,0.0,0.0,0.0,0.0,0.0
2025-06-26 13:00:00,0.0,43.7251171875,0.0,0.0,0.0,0.0,0.0
2025-06-26 14:00:00,0.0,42.7196015625,0.0,0.0,0.0,0.0,0.0
2025-06-26 15:00:00,0.0,43.0002890625,0.0,0.0,0.0,0.0,0.0
2025-06-26 16:00:00,0.0,42.908380859375,0.0,0.0,0.0,0.0,0.0
2025-06-26 17:00:00,0.0,42.05156884765625,0.0,0.0,0.0,0.0,0.0
2025-06-26 18:00:00,0.0,44.4511201171875,0.0,0.0,0.0,0.0,0.0
2025-06-26 19:00:00,0.0,43.88478271484375,0.0,0.0,0.0,0.0,0.0
2025-06-26 20:00:00,0.0,42.135537109375,0.0,0.0,0.0,0.0,0.0
2025-06-26 21:00:00,0.0,40.565185546875,0.0,0.0,0.0,0.0,0.0
2025-06-26 22:00:00,0.0,38.79316015625,0.0,0.0,0.0,0.0,0.0
2025-06-26 23:00:00,0.0,36.6355087890625,0.0,0.0,0.0,0.0,0.0
2025-06-27 00:00:00,0.0,33.1849921875,0.0,0.0,0.0,0.0,0.0
2025-06-27 01:00:00,0.0,29.632380859375,0.0,0.0,0.0,0.0,0.0
2025-06-27 02:00:00,0.0,26.650703125,0.0,0.0,0.0,0.0,0.0
2025-06-27 03:00:00,0.0,24.8062578125,0.0,0.0,0.0,0.0,0.0
2025-06-27 04:00:00,0.0,23.9231640625,0.0,0.0,0.0,0.0,0.0
2025-06-27 05:00:00,0.0,23.965787109375,0.0,0.0,0.0,0.0,0.0
2025-06-27 06:00:00,0.0,25.286388671875,0.0,0.0,0.0,0.0,0.0
2025-06-27 07:00:00,0.0,28.8346171875,0.0,0.0,0.0,0.0,0.0
2025-06-27 08:00:00,0.0,33.48565234375,0.0,0.0,0.0,0.0,0.0
2025-06-27 09:00:00,0.0,38.877302734375,0.0,0.0,0.0,0.0,0.0
2025-06-27 10:00:00,0.0,40.63175,0.0,0.0,0.0,0.0,0.0
2025-06-27 11:00:00,0.0,42.296806640625,0.0,0.0,0.0,0.0,0.0
2025-06-27 12:00:00,0.0,43.30527734375,0.0,0.0,0.0,0.0,0.0
2025-06-27 13:00:00,0.0,43.4053984375,0.0,0.0,0.0,0.0,0.0
2025-06-27 14:00:00,0.0,42.42931640625,0.0,0.0,0.0,0.0,0.0
2025-06-27 15:00:00,0.0,42.64193359375,0.0,0.0,0.0,0.0,0.0
2025-06-27 16:00:00,0.0,42.04371484375,0.0,0.0,0.0,0.0,0.0
2025-06-27 17:00:00,0.0,40.99040234375,0.0,0.0,0.0,0.0,0.0
2025-06-27 18:00:00,0.0,43.56976953125,0.0,0.0,0.0,0.0,0.0
2025-06-27 19:00:00,0.0,43.5687265625,0.0,0.0,0.0,0.0,0.0
2025-06-27 20:00:00,0.0,42.400125,0.0,0.0,0.0,0.0,0.0
2025-06-27 21:00:00,0.0,41.22776171875,0.0,0.0,0.0,0.0,0.0
2025-06-27 22:00:00,0.0,39.28312890625,0.0,0.0,0.0,0.0,0.0
2025-06-27 23:00:00,0.0,37.03673046875,0.0,0.0,0.0,0.0,0.0
2025-06-28 00:00:00,0.0,33.94887109375,0.0,0.0,0.0,0.0,0.0
2025-06-28 01:00:00,0.0,30.46131640625,0.0,0.0,0.0,0.0,0.0
2025-06-28 02:00:00,0.0,27.6078046875,0.0,0.0,0.0,0.0,0.0
2025-06-28 03:00:00,0.0,25.936609375,0.0,0.0,0.0,0.0,0.0
2025-06-28 04:00:00,0.0,24.887671875,0.0,0.0,0.0,0.0,0.0
2025-06-28 05:00:00,0.0,24.70266796875,0.0,0.0,0.0,0.0,0.0
2025-06-28 06:00:00,0.0,26.0076484375,0.0,0.0,0.0,0.0,0.0
2025-06-28 07:00:00,0.0,29.53525,0.0,0.0,0.0,0.0,0.0
2025-06-28 08:00:00,0.0,34.027953125,0.0,0.0,0.0,0.0,0.0
2025-06-28 09:00:00,0.0,35.9874140625,0.0,0.0,0.0,0.0,0.0
2025-06-28 10:00:00,0.0,37.537828125,0.0,0.0,0.0,0.0,0.0
2025-06-28 11:00:00,0.0,42.0853359375,0.0,0.0,0.0,0.0,0.0
2025-06-28 12:00:00,0.0,43.19328125,0.0,0.0,0.0,0.0,0.0
2025-06-28 13:00:00,0.0,42.9568046875,0.0,0.0,0.0,0.0,0.0
2025-06-28 14:00:00,0.0,41.9162109375,0.0,0.0,0.0,0.0,0.0
2025-06-28 15:00:00,0.0,41.7140859375,0.0,0.0,0.0,0.0,0.0
2025-06-28 16:00:00,0.0,40.30521875,0.0,0.0,0.0,0.0,0.0
2025-06-28 17:00:00,0.0,39.12696875,0.0,0.0,0.0,0.0,0.0
2025-06-28 18:00:00,0.0,41.9507109375,0.0,0.0,0.0,0.0,0.0
2025-06-28 19:00:00,0.0,42.7894375,0.0,0.0,0.0,0.0,0.0
2025-06-28 20:00:00,0.0,41.565765625,0.0,0.0,0.0,0.0,0.0
2025-06-28 21:00:00,0.0,39.9904453125,0.0,0.0,0.0,0.0,0.0
2025-06-28 22:00:00,0.0,38.5216875,0.0,0.0,0.0,0.0,0.0
2025-06-28 23:00:00,0.0,36.9150390625,0.0,0.0,0.0,0.0,0.0
2025-06-29 00:00:00,0.0,34.2301640625,0.0,0.0,0.0,0.0,0.0
2025-06-29 01:00:00,0.0,31.1516484375,0.0,0.0,0.0,0.0,0.0
2025-06-29 02:00:00,0.0,28.5913203125,0.0,0.0,0.0,0.0,0.0
2025-06-29 03:00:00,0.0,26.505609375,0.0,0.0,0.0,0.0,0.0
2025-06-29 04:00:00,0.0,25.0912109375,0.0,0.0,0.0,0.0,0.0
2025-06-29 05:00:00,0.0,24.4767421875,0.0,0.0,0.0,0.0,0.0
2025-06-29 06:00:00,0.0,24.488546875,0.0,0.0,0.0,0.0,0.0
2025-06-29 07:00:00,0.0,25.066515625,0.0,0.0,0.0,0.0,0.0
2025-06-29 08:00:00,0.0,26.7816484375,0.0,0.0,0.0,0.0,0.0
2025-06-29 09:00:00,0.0,29.532796875,0.0,0.0,0.0,0.0,0.0
2025-06-29 10:00:00,0.0,31.4088515625,0.0,0.0,0.0,0.0,0.0
2025-06-29 11:00:00,0.0,34.2344140625,0.0,0.0,0.0,0.0,0.0
2025-06-29 12:00:00,0.0,36.0983046875,0.0,0.0,0.0,0.0,0.0
2025-06-29 13:00:00,0.0,37.54353125,0.0,0.0,0.0,0.0,0.0
2025-06-29 14:00:00,0.0,37.8561875,0.0,0.0,0.0,0.0,0.0
2025-06-29 15:00:00,0.0,36.80521875,0.0,0.0,0.0,0.0,0.0
2025-06-29 16:00:00,0.0,36.268453125,0.0,0.0,0.0,0.0,0.0
2025-06-29 17:00:00,0.0,36.7811875,0.0,0.0,0.0,0.0,0.0
2025-06-29 18:00:00,0.0,39.90340625,0.0,0.0,0.0,0.0,0.0
2025-06-29 19:00:00,0.0,40.743375,0.0,0.0,0.0,0.0,0.0
2025-06-29 20:00:00,0.0,40.27253125,0.0,0.0,0.0,0.0,0.0
2025-06-29 21:00:00,0.0,38.849109375,0.0,0.0,0.0,0.0,0.0
2025-06-29 22:00:00,0.0,36.89703125,0.0,0.0,0.0,0.0,0.0
2025-06-29 23:00:00,0.0,35.041546875,0.0,0.0,0.0,0.0,0.0
2025-06-30 00:00:00,0.0,33.107875,0.0,0.0,0.0,0.0,0.0
2025-06-30 01:00:00,0.0,30.594421875,0.0,0.0,0.0,0.0,0.0
2025-06-30 02:00:00,0.0,27.975390625,0.0,0.0,0.0,0.0,0.0
2025-06-30 03:00:00,0.0,26.372359375,0.0,0.0,0.0,0.0,0.0
2025-06-30 04:00:00,0.0,24.88890625,0.0,0.0,0.0,0.0,0.0
2025-06-30 05:00:00,0.0,24.65125,0.0,0.0,0.0,0.0,0.0
2025-06-30 06:00:00,0.0,24.390828125,0.0,0.0,0.0,0.0,0.0
2025-06-30 07:00:00,0.0,24.779,0.0,0.0,0.0,0.0,0.0
2025-06-30 08:00:00,0.0,25.452015625,0.0,0.0,0.0,0.0,0.0
2025-06-30 09:00:00,0.0,26.7550625,0.0,0.0,0.0,0.0,0.0
2025-06-30 10:00:00,0.0,28.01503125,0.0,0.0,0.0,0.0,0.0
2025-06-30 11:00:00,0.0,30.93115625,0.0,0.0,0.0,0.0,0.0
2025-06-30 12:00:00,0.0,33.971140625,0.0,0.0,0.0,0.0,0.0
2025-06-30 13:00:00,0.0,35.538109375,0.0,0.0,0.0,0.0,0.0
2025-06-30 14:00:00,0.0,35.9566875,0.0,0.0,0.0,0.0,0.0
2025-06-30 15:00:00,0.0,35.9460625,0.0,0.0,0.0,0.0,0.0
2025-06-30 16:00:00,0.0,35.579265625,0.0,0.0,0.0,0.0,0.0
2025-06-30 17:00:00,0.0,35.8255,0.0,0.0,0.0,0.0,0.0
2025-06-30 18:00:00,0.0,39.32325,0.0,0.0,0.0,0.0,0.0
2025-06-30 19:00:00,0.0,40.932,0.0,0.0,0.0,0.0,0.0
2025-06-30 20:00:00,0.0,40.330125,0.0,0.0,0.0,0.0,0.0
2025-06-30 21:00:00,0.0,39.7041875,0.0,0.0,0.0,0.0,0.0
2025-06-30 22:00:00,0.0,38.290140625,0.0,0.0,0.0,0.0,0.0
2025-06-30 23:00:00,0.0,35.35984375,0.0,0.0,0.0,0.0,0.0
2025-07-01 00:00:00,0.0,31.798234375,0.0,0.0,0.0,0.0,0.0
2025-07-01 01:00:00,0.0,28.1326875,0.0,0.0,0.0,0.0,0.0
2025-07-01 02:00:00,0.0,25.696578125,0.0,0.0,0.0,0.0,0.0
2025-07-01 03:00:00,0.0,24.5911875,0.0,0.0,0.0,0.0,0.0
2025-07-01 04:00:00,0.0,23.763640625,0.0,0.0,0.0,0.0,0.0
2025-07-01 05:00:00,0.0,23.249390625,0.0,0.0,0.0,0.0,0.0
2025-07-01 06:00:00,0.0,24.036953125,0.0,0.0,0.0,0.0,0.0
2025-07-01 07:00:00,0.0,27.231703125,0.0,0.0,0.0,0.0,0.0
2025-07-01 08:00:00,0.0,31.817546875,0.0,0.0,0.0,0.0,0.0
2025-07-01 09:00:00,0.0,36.627046875,0.0,0.0,0.0,0.0,0.0
2025-07-01 10:00:00,0.0,38.733328125,0.0,0.0,0.0,0.0,0.0
2025-07-01 11:00:00,0.0,40.31278125,0.0,0.0,0.0,0.0,0.0
2025-07-01 12:00:00,0.0,40.955875,0.0,0.0,0.0,0.0,0.0
2025-07-01 13:00:00,0.0,41.530375,0.0,0.0,0.0,0.0,0.0
2025-07-01 14:00:00,0.0,40.27065625,0.0,0.0,0.0,0.0,0.0
2025-07-01 15:00:00,0.0,41.82153125,0.0,0.0,0.0,0.0,0.0
2025-07-01 16:00:00,0.0,41.84771875,0.0,0.0,0.0,0.0,0.0
2025-07-01 17:00:00,0.0,39.924640625,0.0,0.0,0.0,0.0,0.0
2025-07-01 18:00:00,0.0,41.834265625,0.0,0.0,0.0,0.0,0.0
2025-07-01 19:00:00,0.0,42.69078125,0.0,0.0,0.0,0.0,0.0
2025-07-01 20:00:00,0.0,41.4953125,0.0,0.0,0.0,0.0,0.0
2025-07-01 21:00:00,0.0,39.108015625,0.0,0.0,0.0,0.0,0.0
2025-07-01 22:00:00,0.0,37.43253125,0.0,0.0,0.0,0.0,0.0
2025-07-01 23:00:00,0.0,35.0423125,0.0,0.0,0.0,0.0,0.0
2025-07-02 00:00:00,0.0,32.35265625,0.0,0.0,0.0,0.0,0.0
2025-07-02 01:00:00,0.0,30.031125,0.0,0.0,0.0,0.0,0.0
2025-07-02 02:00:00,0.0,26.449703125,0.0,0.0,0.0,0.0,0.0
2025-07-02 03:00:00,0.0,25.049578125,0.0,0.0,0.0,0.0,0.0
2025-07-02 04:00:00,0.0,23.696546875,0.0,0.0,0.0,0.0,0.0
2025-07-02 05:00:00,0.0,23.594765625,0.0,0.0,0.0,0.0,0.0
2025-07-02 06:00:00,0.0,25.5613125,0.0,0.0,0.0,0.0,0.0
2025-07-02 07:00:00,0.0,29.2669375,0.0,0.0,0.0,0.0,0.0
2025-07-02 08:00:00,0.0,33.816796875,0.0,0.0,0.0,0.0,0.0
2025-07-02 09:00:00,0.0,39.106859375,0.0,0.0,0.0,0.0,0.0
2025-07-02 10:00:00,0.0,40.29953125,0.0,0.0,0.0,0.0,0.0
2025-07-02 11:00:00,0.0,41.6221875,0.0,0.0,0.0,0.0,0.0
2025-07-02 12:00:00,0.0,42.78440625,0.0,0.0,0.0,0.0,0.0
2025-07-02 13:00:00,0.0,42.8590625,0.0,0.0,0.0,0.0,0.0
2025-07-02 14:00:00,0.0,41.6065,0.0,0.0,0.0,0.0,0.0
2025-07-02 15:00:00,0.0,41.897375,0.0,0.0,0.0,0.0,0.0
2025-07-02 16:00:00,0.0,40.9551875,0.0,0.0,0.0,0.0,0.0
2025-07-02 17:00:00,0.0,40.1904375,0.0,0.0,0.0,0.0,0.0
2025-07-02 18:00:00,0.0,42.69259375,0.0,0.0,0.0,0.0,0.0
2025-07-02 19:00:00,0.0,42.4721875,0.0,0.0,0.0,0.0,0.0
2025-07-02 20:00:00,0.0,41.0495,0.0,0.0,0.0,0.0,0.0
2025-07-02 21:00:00,0.0,40.69771875,0.0,0.0,0.0,0.0,0.0
2025-07-02 22:00:00,0.0,39.472125,0.0,0.0,0.0,0.0,0.0
2025-07-02 23:00:00,0.0,37.41871875,0.0,0.0,0.0,0.0,0.0
2025-07-03 00:00:00,0.0,33.833,0.0,0.0,0.0,0.0,0.0
2025-07-03 01:00:00,0.0,30.378625,0.0,0.0,0.0,0.0,0.0
2025-07-03 02:00:00,0.0,27.18446875,0.0,0.0,0.0,0.0,0.0
2025-07-03 03:00:00,0.0,25.53025,0.0,0.0,0.0,0.0,0.0
2025-07-03 04:00:00,0.0,24.71365625,0.0,0.0,0.0,0.0,0.0
2025-07-03 05:00:00,0.0,24.92440625,0.0,0.0,0.0,0.0,0.0
2025-07-03 06:00:00,0.0,26.0534375,0.0,0.0,0.0,0.0,0.0
2025-07-03 07:00:00,0.0,29.58775,0.0,0.0,0.0,0.0,0.0
2025-07-03 08:00:00,0.0,34.07740625,0.0,0.0,0.0,0.0,0.0
2025-07-03 09:00:00,0.0,38.98875,0.0,0.0,0.0,0.0,0.0
2025-07-03 10:00:00,0.0,40.7304375,0.0,0.0,0.0,0.0,0.0
2025-07-03 11:00:00,0.0,41.55878125,0.0,0.0,0.0,0.0,0.0
2025-07-03 12:00:00,0.0,42.32434375,0.0,0.0,0.0,0.0,0.0
2025-07-03 13:00:00,0.0,41.926125,0.0,0.0,0.0,0.0,0.0
2025-07-03 14:00:00,0.0,41.16496875,0.0,0.0,0.0,0.0,0.0
2025-07-03 15:00:00,0.0,41.43884375,0.0,0.0,0.0,0.0,0.0
2025-07-03 16:00:00,0.0,40.55753125,0.0,0.0,0.0,0.0,0.0
2025-07-03 17:00:00,0.0,39.11678125,0.0,0.0,0.0,0.0,0.0
2025-07-03 18:00:00,0.0,38.641375,0.0,0.0,0.0,0.0,0.0
2025-07-03 19:00:00,0.0,38.29690625,0.0,0.0,0.0,0.0,0.0
2025-07-03 20:00:00,0.0,39.0829375,0.0,0.0,0.0,0.0,0.0
2025-07-03 21:00:00,0.0,37.126,0.0,0.0,0.0,0.0,0.0
2025-07-03 22:00:00,0.0,37.03021875,0.0,0.0,0.0,0.0,0.0
2025-07-03 23:00:00,0.0,34.368,0.0,0.0,0.0,0.0,0.0
2025-07-04 00:00:00,0.0,31.15121875,0.0,0.0,0.0,0.0,0.0
2025-07-04 01:00:00,0.0,27.6538125,0.0,0.0,0.0,0.0,0.0
2025-07-04 02:00:00,0.0,24.8625,0.0,0.0,0.0,0.0,0.0
2025-07-04 03:00:00,0.0,23.42321875,0.0,0.0,0.0,0.0,0.0
2025-07-04 04:00:00,0.0,22.39475,0.0,0.0,0.0,0.0,0.0
2025-07-04 05:00:00,0.0,22.68346875,0.0,0.0,0.0,0.0,0.0
2025-07-04 06:00:00,0.0,24.82828125,0.0,0.0,0.0,0.0,0.0
2025-07-04 07:00:00,0.0,28.9895625,0.0,0.0,0.0,0.0,0.0
2025-07-04 08:00:00,0.0,32.88325,0.0,0.0,0.0,0.0,0.0
2025-07-04 09:00:00,0.0,38.00971875,0.0,0.0,0.0,0.0,0.0
2025-07-04 10:00:00,0.0,39.83940625,0.0,0.0,0.0,0.0,0.0
2025-07-04 11:00:00,0.0,40.824875,0.0,0.0,0.0,0.0,0.0
2025-07-04 12:00:00,0.0,42.45925,0.0,0.0,0.0,0.0,0.0
2025-07-04 13:00:00,0.0,42.856125,0.0,0.0,0.0,0.0,0.0
2025-07-04 14:00:00,0.0,41.99034375,0.0,0.0,0.0,0.0,0.0
2025-07-04 15:00:00,0.0,42.39671875,0.0,0.0,0.0,0.0,0.0
2025-07-04 16:00:00,0.0,42.3246875,0.0,0.0,0.0,0.0,0.0
2025-07-04 17:00:00,0.0,41.2284375,0.0,0.0,0.0,0.0,0.0
2025-07-04 18:00:00,0.0,43.48128125,0.0,0.0,0.0,0.0,0.0
2025-07-04 19:00:00,0.0,43.3831875,0.0,0.0,0.0,0.0,0.0
2025-07-04 20:00:00,0.0,41.814875,0.0,0.0,0.0,0.0,0.0
2025-07-04 21:00:00,0.0,40.28871875,0.0,0.0,0.0,0.0,0.0
2025-07-04 22:00:00,0.0,38.57328125,0.0,0.0,0.0,0.0,0.0
2025-07-04 23:00:00,0.0,36.43925,0.0,0.0,0.0,0.0,0.0
2025-07-05 00:00:00,0.0,33.12525,0.0,0.0,0.0,0.0,0.0
2025-07-05 01:00:00,0.0,29.75121875,0.0,0.0,0.0,0.0,0.0
2025-07-05 02:00:00,0.0,26.76625,0.0,0.0,0.0,0.0,0.0
2025-07-05 03:00:00,0.0,25.00153125,0.0,0.0,0.0,0.0,0.0
2025-07-05 04:00:00,0.0,24.03821875,0.0,0.0,0.0,0.0,0.0
2025-07-05 05:00:00,0.0,23.3185,0.0,0.0,0.0,0.0,0.0
2025-07-05 06:00:00,0.0,24.26625,0.0,0.0,0.0,0.0,0.0
2025-07-05 07:00:00,0.0,28.20575,0.0,0.0,0.0,0.0,0.0
2025-07-05 08:00:00,0.0,33.2778125,0.0,0.0,0.0,0.0,0.0
2025-07-05 09:00:00,0.0,39.12975,0.0,0.0,0.0,0.0,0.0
2025-07-05 10:00:00,0.0,40.880375,0.0,0.0,0.0,0.0,0.0
2025-07-05 11:00:00,0.0,42.71996875,0.0,0.0,0.0,0.0,0.0
2025-07-05 12:00:00,0.0,43.94928125,0.0,0.0,0.0,0.0,0.0
2025-07-05 13:00:00,0.0,44.17990625,0.0,0.0,0.0,0.0,0.0
2025-07-05 14:00:00,0.0,43.2023125,0.0,0.0,0.0,0.0,0.0
2025-07-05 15:00:00,0.0,43.07596875,0.0,0.0,0.0,0.0,0.0
2025-07-05 16:00:00,0.0,40.49446875,0.0,0.0,0.0,0.0,0.0
2025-07-05 17:00:00,0.0,38.64965625,0.0,0.0,0.0,0.0,0.0
2025-07-05 18:00:00,0.0,41.16,0.0,0.0,0.0,0.0,0.0
2025-07-05 19:00:00,0.0,42.0503125,0.0,0.0,0.0,0.0,0.0
2025-07-05 20:00:00,0.0,41.12240625,0.0,0.0,0.0,0.0,0.0
2025-07-05 21:00:00,0.0,39.88665625,0.0,0.0,0.0,0.0,0.0
2025-07-05 22:00:00,0.0,38.4045,0.0,0.0,0.0,0.0,0.0
2025-07-05 23:00:00,0.0,36.58575,0.0,0.0,0.0,0.0,0.0
2025-07-06 00:00:00,0.0,33.72190625,0.0,0.0,0.0,0.0,0.0
2025-07-06 01:00:00,0.0,31.0025625,0.0,0.0,0.0,0.0,0.0
2025-07-06 02:00:00,0.0,27.9270625,0.0,0.0,0.0,0.0,0.0
2025-07-06 03:00:00,0.0,26.28471875,0.0,0.0,0.0,0.0,0.0
2025-07-06 04:00:00,0.0,24.99290625,0.0,0.0,0.0,0.0,0.0
2025-07-06 05:00:00,0.0,24.08309375,0.0,0.0,0.0,0.0,0.0
2025-07-06 06:00:00,0.0,23.76790625,0.0,0.0,0.0,0.0,0.0
2025-07-06 07:00:00,0.0,24.803,0.0,0.0,0.0,0.0,0.0
2025-07-06 08:00:00,0.0,28.79415625,0.0,0.0,0.0,0.0,0.0
2025-07-06 09:00:00,0.0,32.64934375,0.0,0.0,0.0,0.0,0.0
2025-07-06 10:00:00,0.0,35.37159375,0.0,0.0,0.0,0.0,0.0
2025-07-06 11:00:00,0.0,37.6353125,0.0,0.0,0.0,0.0,0.0
2025-07-06 12:00:00,0.0,37.45134375,0.0,0.0,0.0,0.0,0.0
2025-07-06 13:00:00,0.0,38.287,0.0,0.0,0.0,0.0,0.0
2025-07-06 14:00:00,0.0,38.5788125,0.0,0.0,0.0,0.0,0.0
2025-07-06 15:00:00,0.0,38.416375,0.0,0.0,0.0,0.0,0.0
2025-07-06 16:00:00,0.0,37.91696875,0.0,0.0,0.0,0.0,0.0
2025-07-06 17:00:00,0.0,36.99528125,0.0,0.0,0.0,0.0,0.0
2025-07-06 18:00:00,0.0,36.98184375,0.0,0.0,0.0,0.0,0.0
2025-07-06 19:00:00,0.0,39.1931875,0.0,0.0,0.0,0.0,0.0
2025-07-06 20:00:00,0.0,38.26459375,0.0,0.0,0.0,0.0,0.0
2025-07-06 21:00:00,0.0,36.96171875,0.0,0.0,0.0,0.0,0.0
2025-07-06 22:00:00,0.0,36.35540625,0.0,0.0,0.0,0.0,0.0
2025-07-06 23:00:00,0.0,35.3388125,0.0,0.0,0.0,0.0,0.0
2025-07-07 00:00:00,0.0,33.1076875,0.0,0.0,0.0,0.0,0.0
2025-07-07 01:00:00,0.0,30.24175,0.0,0.0,0.0,0.0,0.0
2025-07-07 02:00:00,0.0,27.09284375,0.0,0.0,0.0,0.0,0.0
2025-07-07 03:00:00,0.0,24.9815,0.0,0.0,0.0,0.0,0.0
2025-07-07 04:00:00,0.0,23.957375,0.0,0.0,0.0,0.0,0.0
2025-07-07 05:00:00,0.0,23.78871875,0.0,0.0,0.0,0.0,0.0
2025-07-07 06:00:00,0.0,23.62315625,0.0,0.0,0.0,0.0,0.0
2025-07-07 07:00:00,0.0,23.8909375,0.0,0.0,0.0,0.0,0.0
2025-07-07 08:00:00,0.0,24.494125,0.0,0.0,0.0,0.0,0.0
2025-07-07 09:00:00,0.0,26.2345,0.0,0.0,0.0,0.0,0.0
2025-07-07 10:00:00,0.0,27.45475,0.0,0.0,0.0,0.0,0.0
2025-07-07 11:00:00,0.0,29.8354375,0.0,0.0,0.0,0.0,0.0
2025-07-07 12:00:00,0.0,31.95065625,0.0,0.0,0.0,0.0,0.0
2025-07-07 13:00:00,0.0,33.86375,0.0,0.0,0.0,0.0,0.0
2025-07-07 14:00:00,0.0,34.86740625,0.0,0.0,0.0,0.0,0.0
2025-07-07 15:00:00,0.0,35.454125,0.0,0.0,0.0,0.0,0.0
2025-07-07 16:00:00,0.0,34.2084375,0.0,0.0,0.0,0.0,0.0
2025-07-07 17:00:00,0.0,32.98846875,0.0,0.0,0.0,0.0,0.0
2025-07-07 18:00:00,0.0,35.52978125,0.0,0.0,0.0,0.0,0.0
2025-07-07 19:00:00,0.0,36.18034375,0.0,0.0,0.0,0.0,0.0
2025-07-07 20:00:00,0.0,35.36871875,0.0,0.0,0.0,0.0,0.0
2025-07-07 21:00:00,0.0,34.94690625,0.0,0.0,0.0,0.0,0.0
2025-07-07 22:00:00,0.0,33.6501875,0.0,0.0,0.0,0.0,0.0
2025-07-07 23:00:00,0.0,32.20465625,0.0,0.0,0.0,0.0,0.0
2025-07-08 00:00:00,0.0,30.13659375,0.0,0.0,0.0,0.0,0.0
2025-07-08 01:00:00,0.0,28.2905,0.0,0.0,0.0,0.0,0.0
2025-07-08 02:00:00,0.0,25.29446875,0.0,0.0,0.0,0.0,0.0
2025-07-08 03:00:00,0.0,23.507375,0.0,0.0,0.0,0.0,0.0
2025-07-08 04:00:00,0.0,22.82453125,0.0,0.0,0.0,0.0,0.0
2025-07-08 05:00:00,0.0,22.55315625,0.0,0.0,0.0,0.0,0.0
2025-07-08 06:00:00,0.0,23.64746875,0.0,0.0,0.0,0.0,0.0
2025-07-08 07:00:00,0.0,26.73765625,0.0,0.0,0.0,0.0,0.0
2025-07-08 08:00:00,0.0,31.5956875,0.0,0.0,0.0,0.0,0.0
2025-07-08 09:00:00,0.0,36.61671875,0.0,0.0,0.0,0.0,0.0
2025-07-08 10:00:00,0.0,37.89021875,0.0,0.0,0.0,0.0,0.0
2025-07-08 11:00:00,0.0,39.64840625,0.0,0.0,0.0,0.0,0.0
2025-07-08 12:00:00,0.0,40.7189375,0.0,0.0,0.0,0.0,0.0
2025-07-08 13:00:00,0.0,40.88075,0.0,0.0,0.0,0.0,0.0
2025-07-08 14:00:00,0.0,40.109125,0.0,0.0,0.0,0.0,0.0
2025-07-08 15:00:00,0.0,39.6835,0.0,0.0,0.0,0.0,0.0
2025-07-08 16:00:00,0.0,39.3649375,0.0,0.0,0.0,0.0,0.0
2025-07-08 17:00:00,0.0,38.249375,0.0,0.0,0.0,0.0,0.0
2025-07-08 18:00:00,0.0,40.6970625,0.0,0.0,0.0,0.0,0.0
2025-07-08 19:00:00,0.0,41.4701875,0.0,0.0,0.0,0.0,0.0
2025-07-08 20:00:00,0.0,40.255625,0.0,0.0,0.0,0.0,0.0
2025-07-08 21:00:00,0.0,38.7069375,0.0,0.0,0.0,0.0,0.0
2025-07-08 22:00:00,0.0,37.1575625,0.0,0.0,0.0,0.0,0.0
2025-07-08 23:00:00,0.0,34.440375,0.0,0.0,0.0,0.0,0.0
2025-07-09 00:00:00,0.0,30.909625,0.0,0.0,0.0,0.0,0.0
2025-07-09 01:00:00,0.0,27.7741875,0.0,0.0,0.0,0.0,0.0
2025-07-09 02:00:00,0.0,25.2635,0.0,0.0,0.0,0.0,0.0
2025-07-09 03:00:00,0.0,23.039375,0.0,0.0,0.0,0.0,0.0
2025-07-09 04:00:00,0.0,22.518875,0.0,0.0,0.0,0.0,0.0
2025-07-09 05:00:00,0.0,22.979,0.0,0.0,0.0,0.0,0.0
2025-07-09 06:00:00,0.0,24.239125,0.0,0.0,0.0,0.0,0.0
2025-07-09 07:00:00,0.0,26.64,0.0,0.0,0.0,0.0,0.0
2025-07-09 08:00:00,0.0,30.8838125,0.0,0.0,0.0,0.0,0.0
2025-07-09 09:00:00,0.0,36.1146875,0.0,0.0,0.0,0.0,0.0
2025-07-09 10:00:00,0.0,38.7253125,0.0,0.0,0.0,0.0,0.0
2025-07-09 11:00:00,0.0,39.377375,0.0,0.0,0.0,0.0,0.0
2025-07-09 12:00:00,0.0,40.8236875,0.0,0.0,0.0,0.0,0.0
2025-07-09 13:00:00,0.0,40.610375,0.0,0.0,0.0,0.0,0.0
2025-07-09 14:00:00,0.0,39.735,0.0,0.0,0.0,0.0,0.0
2025-07-09 15:00:00,0.0,39.3823125,0.0,0.0,0.0,0.0,0.0
2025-07-09 16:00:00,0.0,38.9856875,0.0,0.0,0.0,0.0,0.0
2025-07-09 17:00:00,0.0,37.7256875,0.0,0.0,0.0,0.0,0.0
2025-07-09 18:00:00,0.0,39.6006875,0.0,0.0,0.0,0.0,0.0
2025-07-09 19:00:00,0.0,40.30375,0.0,0.0,0.0,0.0,0.0
2025-07-09 20:00:00,0.0,39.271375,0.0,0.0,0.0,0.0,0.0
2025-07-09 21:00:00,0.0,37.872625,0.0,0.0,0.0,0.0,0.0
2025-07-09 22:00:00,0.0,36.2145,0.0,0.0,0.0,0.0,0.0
2025-07-09 23:00:00,0.0,33.9861875,0.0,0.0,0.0,0.0,0.0
2025-07-10 00:00:00,0.0,31.1675,0.0,0.0,0.0,0.0,0.0
2025-07-10 01:00:00,0.0,28.1235625,0.0,0.0,0.0,0.0,0.0
2025-07-10 02:00:00,0.0,25.1919375,0.0,0.0,0.0,0.0,0.0
2025-07-10 03:00:00,0.0,23.657625,0.0,0.0,0.0,0.0,0.0
2025-07-10 04:00:00,0.0,22.9550625,0.0,0.0,0.0,0.0,0.0
2025-07-10 05:00:00,0.0,23.2263125,0.0,0.0,0.0,0.0,0.0
2025-07-10 06:00:00,0.0,24.0129375,0.0,0.0,0.0,0.0,0.0
2025-07-10 07:00:00,0.0,27.40925,0.0,0.0,0.0,0.0,0.0
2025-07-10 08:00:00,0.0,31.641,0.0,0.0,0.0,0.0,0.0
2025-07-10 09:00:00,0.0,35.9083125,0.0,0.0,0.0,0.0,0.0
2025-07-10 10:00:00,0.0,37.1521875,0.0,0.0,0.0,0.0,0.0
2025-07-10 11:00:00,0.0,39.5038125,0.0,0.0,0.0,0.0,0.0
2025-07-10 12:00:00,0.0,39.82125,0.0,0.0,0.0,0.0,0.0
2025-07-10 13:00:00,0.0,39.9031875,0.0,0.0,0.0,0.0,0.0
2025-07-10 14:00:00,0.0,39.158625,0.0,0.0,0.0,0.0,0.0
2025-07-10 15:00:00,0.0,39.2396875,0.0,0.0,0.0,0.0,0.0
2025-07-10 16:00:00,0.0,38.3806875,0.0,0.0,0.0,0.0,0.0
2025-07-10 17:00:00,0.0,36.8871875,0.0,0.0,0.0,0.0,0.0
2025-07-10 18:00:00,0.0,38.7938125,0.0,0.0,0.0,0.0,0.0
2025-07-10 19:00:00,0.0,40.6863125,0.0,0.0,0.0,0.0,0.0
2025-07-10 20:00:00,0.0,39.9605,0.0,0.0,0.0,0.0,0.0
2025-07-10 21:00:00,0.0,38.3056875,0.0,0.0,0.0,0.0,0.0
2025-07-10 22:00:00,0.0,36.5861875,0.0,0.0,0.0,0.0,0.0
2025-07-10 23:00:00,0.0,34.871,0.0,0.0,0.0,0.0,0.0
2025-07-11 00:00:00,0.0,31.4808125,0.0,0.0,0.0,0.0,0.0
2025-07-11 01:00:00,0.0,29.0709375,0.0,0.0,0.0,0.0,0.0
2025-07-11 02:00:00,0.0,26.5754375,0.0,0.0,0.0,0.0,0.0
2025-07-11 03:00:00,0.0,24.7314375,0.0,0.0,0.0,0.0,0.0
2025-07-11 04:00:00,0.0,23.26225,0.0,0.0,0.0,0.0,0.0
2025-07-11 05:00:00,0.0,22.97425,0.0,0.0,0.0,0.0,0.0
2025-07-11 06:00:00,0.0,24.1544375,0.0,0.0,0.0,0.0,0.0
2025-07-11 07:00:00,0.0,27.64825,0.0,0.0,0.0,0.0,0.0
2025-07-11 08:00:00,0.0,32.5539375,0.0,0.0,0.0,0.0,0.0
2025-07-11 09:00:00,0.0,37.0669375,0.0,0.0,0.0,0.0,0.0
2025-07-11 10:00:00,0.0,38.2580625,0.0,0.0,0.0,0.0,0.0
2025-07-11 11:00:00,0.0,39.6296875,0.0,0.0,0.0,0.0,0.0
2025-07-11 12:00:00,0.0,39.4350625,0.0,0.0,0.0,0.0,0.0
2025-07-11 13:00:00,0.0,39.265,0.0,0.0,0.0,0.0,0.0
2025-07-11 14:00:00,0.0,38.840375,0.0,0.0,0.0,0.0,0.0
2025-07-11 15:00:00,0.0,39.4983125,0.0,0.0,0.0,0.0,0.0
2025-07-11 16:00:00,0.0,38.355375,0.0,0.0,0.0,0.0,0.0
2025-07-11 17:00:00,0.0,37.1245,0.0,0.0,0.0,0.0,0.0
2025-07-11 18:00:00,0.0,39.593375,0.0,0.0,0.0,0.0,0.0
2025-07-11 19:00:00,0.0,40.4955,0.0,0.0,0.0,0.0,0.0
2025-07-11 20:00:00,0.0,39.3270625,0.0,0.0,0.0,0.0,0.0
2025-07-11 21:00:00,0.0,37.638625,0.0,0.0,0.0,0.0,0.0
2025-07-11 22:00:00,0.0,35.866625,0.0,0.0,0.0,0.0,0.0
2025-07-11 23:00:00,0.0,33.586,0.0,0.0,0.0,0.0,0.0
2025-07-12 00:00:00,0.0,31.1855625,0.0,0.0,0.0,0.0,0.0
2025-07-12 01:00:00,0.0,27.821,0.0,0.0,0.0,0.0,0.0
2025-07-12 02:00:00,0.0,25.1914375,0.0,0.0,0.0,0.0,0.0
2025-07-12 03:00:00,0.0,24.4685625,0.0,0.0,0.0,0.0,0.0
2025-07-12 04:00:00,0.0,23.7658125,0.0,0.0,0.0,0.0,0.0
2025-07-12 05:00:00,0.0,23.09425,0.0,0.0,0.0,0.0,0.0
2025-07-12 06:00:00,0.0,24.013125,0.0,0.0,0.0,0.0,0.0
2025-07-12 07:00:00,0.0,26.6595625,0.0,0.0,0.0,0.0,0.0
2025-07-12 08:00:00,0.0,31.08025,0.0,0.0,0.0,0.0,0.0
2025-07-12 09:00:00,0.0,35.5178125,0.0,0.0,0.0,0.0,0.0
2025-07-12 10:00:00,0.0,36.6608125,0.0,0.0,0.0,0.0,0.0
2025-07-12 11:00:00,0.0,37.709625,0.0,0.0,0.0,0.0,0.0
2025-07-12 12:00:00,0.0,38.5165625,0.0,0.0,0.0,0.0,0.0
2025-07-12 13:00:00,0.0,38.6919375,0.0,0.0,0.0,0.0,0.0
2025-07-12 14:00:00,0.0,38.2168125,0.0,0.0,0.0,0.0,0.0
2025-07-12 15:00:00,0.0,38.485625,0.0,0.0,0.0,0.0,0.0
2025-07-12 16:00:00,0.0,37.637875,0.0,0.0,0.0,0.0,0.0
2025-07-12 17:00:00,0.0,37.1574375,0.0,0.0,0.0,0.0,0.0
2025-07-12 18:00:00,0.0,39.527,0.0,0.0,0.0,0.0,0.0
2025-07-12 19:00:00,0.0,40.6120625,0.0,0.0,0.0,0.0,0.0
2025-07-12 20:00:00,0.0,39.07,0.0,0.0,0.0,0.0,0.0
2025-07-12 21:00:00,0.0,38.044875,0.0,0.0,0.0,0.0,0.0
2025-07-12 22:00:00,0.0,36.292125,0.0,0.0,0.0,0.0,0.0
2025-07-12 23:00:00,0.0,34.97525,0.0,0.0,0.0,0.0,0.0
2025-07-13 00:00:00,0.0,32.800375,0.0,0.0,0.0,0.0,0.0
2025-07-13 01:00:00,0.0,29.73725,0.0,0.0,0.0,0.0,0.0
2025-07-13 02:00:00,0.0,27.0750625,0.0,0.0,0.0,0.0,0.0
2025-07-13 03:00:00,0.0,25.707875,0.0,0.0,0.0,0.0,0.0
2025-07-13 04:00:00,0.0,24.663,0.0,0.0,0.0,0.0,0.0
2025-07-13 05:00:00,0.0,23.8075,0.0,0.0,0.0,0.0,0.0
2025-07-13 06:00:00,0.0,23.8253125,0.0,0.0,0.0,0.0,0.0
2025-07-13 07:00:00,0.0,24.8695625,0.0,0.0,0.0,0.0,0.0
2025-07-13 08:00:00,0.0,27.4411875,0.0,0.0,0.0,0.0,0.0
2025-07-13 09:00:00,0.0,31.126875,0.0,0.0,0.0,0.0,0.0
2025-07-13 10:00:00,0.0,33.18375,0.0,0.0,0.0,0.0,0.0
2025-07-13 11:00:00,0.0,35.8935625,0.0,0.0,0.0,0.0,0.0
2025-07-13 12:00:00,0.0,36.678125,0.0,0.0,0.0,0.0,0.0
2025-07-13 13:00:00,0.0,35.81175,0.0,0.0,0.0,0.0,0.0
2025-07-13 14:00:00,0.0,34.9829375,0.0,0.0,0.0,0.0,0.0
2025-07-13 15:00:00,0.0,34.3171875,0.0,0.0,0.0,0.0,0.0
2025-07-13 16:00:00,0.0,33.6355,0.0,0.0,0.0,0.0,0.0
2025-07-13 17:00:00,0.0,34.2673125,0.0,0.0,0.0,0.0,0.0
2025-07-13 18:00:00,0.0,37.088875,0.0,0.0,0.0,0.0,0.0
2025-07-13 19:00:00,0.0,38.187875,0.0,0.0,0.0,0.0,0.0
2025-07-13 20:00:00,0.0,37.9025,0.0,0.0,0.0,0.0,0.0
2025-07-13 21:00:00,0.0,36.8049375,0.0,0.0,0.0,0.0,0.0
2025-07-13 22:00:00,0.0,35.125375,0.0,0.0,0.0,0.0,0.0
2025-07-13 23:00:00,0.0,33.9348125,0.0,0.0,0.0,0.0,0.0
2025-07-14 00:00:00,0.0,32.019125,0.0,0.0,0.0,0.0,0.0
2025-07-14 01:00:00,0.0,29.606125,0.0,0.0,0.0,0.0,0.0
2025-07-14 02:00:00,0.0,26.72825,0.0,0.0,0.0,0.0,0.0
2025-07-14 03:00:00,0.0,24.9629375,0.0,0.0,0.0,0.0,0.0
2025-07-14 04:00:00,0.0,24.1486875,0.0,0.0,0.0,0.0,0.0
2025-07-14 05:00:00,0.0,22.6873125,0.0,0.0,0.0,0.0,0.0
2025-07-14 06:00:00,0.0,22.5354375,0.0,0.0,0.0,0.0,0.0
2025-07-14 07:00:00,0.0,23.1735625,0.0,0.0,0.0,0.0,0.0
2025-07-14 08:00:00,0.0,24.133,0.0,0.0,0.0,0.0,0.0
2025-07-14 09:00:00,0.0,25.570875,0.0,0.0,0.0,0.0,0.0
2025-07-14 10:00:00,0.0,26.591625,0.0,0.0,0.0,0.0,0.0
2025-07-14 11:00:00,0.0,29.7114375,0.0,0.0,0.0,0.0,0.0
2025-07-14 12:00:00,0.0,31.876,0.0,0.0,0.0,0.0,0.0
2025-07-14 13:00:00,0.0,33.9378125,0.0,0.0,0.0,0.0,0.0
2025-07-14 14:00:00,0.0,34.762,0.0,0.0,0.0,0.0,0.0
2025-07-14 15:00:00,0.0,34.6205625,0.0,0.0,0.0,0.0,0.0
2025-07-14 16:00:00,0.0,34.162,0.0,0.0,0.0,0.0,0.0
2025-07-14 17:00:00,0.0,33.7755625,0.0,0.0,0.0,0.0,0.0
2025-07-14 18:00:00,0.0,36.4129375,0.0,0.0,0.0,0.0,0.0
2025-07-14 19:00:00,0.0,38.61075,0.0,0.0,0.0,0.0,0.0
2025-07-14 20:00:00,0.0,38.392875,0.0,0.0,0.0,0.0,0.0
2025-07-14 21:00:00,0.0,37.7895625,0.0,0.0,0.0,0.0,0.0
2025-07-14 22:00:00,0.0,36.4141875,0.0,0.0,0.0,0.0,0.0
2025-07-14 23:00:00,0.0,34.722375,0.0,0.0,0.0,0.0,0.0
2025-07-15 00:00:00,0.0,32.5799375,0.0,0.0,0.0,0.0,0.0
2025-07-15 01:00:00,0.0,30.1106875,0.0,0.0,0.0,0.0,0.0
2025-07-15 02:00:00,0.0,27.01325,0.0,0.0,0.0,0.0,0.0
2025-07-15 03:00:00,0.0,24.9555,0.0,0.0,0.0,0.0,0.0
2025-07-15 04:00:00,0.0,23.82275,0.0,0.0,0.0,0.0,0.0
2025-07-15 05:00:00,0.0,23.7050625,0.0,0.0,0.0,0.0,0.0
2025-07-15 06:00:00,0.0,24.609625,0.0,0.0,0.0,0.0,0.0
2025-07-15 07:00:00,0.0,27.2358125,0.0,0.0,0.0,0.0,0.0
2025-07-15 08:00:00,0.0,31.368125,0.0,0.0,0.0,0.0,0.0
2025-07-15 09:00:00,0.0,35.82525,0.0,0.0,0.0,0.0,0.0
2025-07-15 10:00:00,0.0,38.0309375,0.0,0.0,0.0,0.0,0.0
2025-07-15 11:00:00,0.0,39.8396875,0.0,0.0,0.0,0.0,0.0
2025-07-15 12:00:00,0.0,41.1665625,0.0,0.0,0.0,0.0,0.0
2025-07-15 13:00:00,0.0,41.9761875,0.0,0.0,0.0,0.0,0.0
2025-07-15 14:00:00,0.0,41.5571875,0.0,0.0,0.0,0.0,0.0
2025-07-15 15:00:00,0.0,40.4630625,0.0,0.0,0.0,0.0,0.0
2025-07-15 16:00:00,0.0,38.8276875,0.0,0.0,0.0,0.0,0.0
2025-07-15 17:00:00,0.0,37.1746875,0.0,0.0,0.0,0.0,0.0
2025-07-15 18:00:00,0.0,39.18525,0.0,0.0,0.0,0.0,0.0
2025-07-15 19:00:00,0.0,40.9508125,0.0,0.0,0.0,0.0,0.0
2025-07-15 20:00:00,0.0,39.030625,0.0,0.0,0.0,0.0,0.0
2025-07-15 21:00:00,0.0,37.7641875,0.0,0.0,0.0,0.0,0.0
2025-07-15 22:00:00,0.0,35.5104375,0.0,0.0,0.0,0.0,0.0
2025-07-15 23:00:00,0.0,33.8391875,0.0,0.0,0.0,0.0,0.0
2025-07-16 00:00:00,0.0,31.1185,0.0,0.0,0.0,0.0,0.0
2025-07-16 01:00:00,0.0,28.576375,0.0,0.0,0.0,0.0,0.0
2025-07-16 02:00:00,0.0,26.5521875,0.0,0.0,0.0,0.0,0.0
2025-07-16 03:00:00,0.0,24.1085,0.0,0.0,0.0,0.0,0.0
2025-07-16 04:00:00,0.0,22.8979375,0.0,0.0,0.0,0.0,0.0
2025-07-16 05:00:00,0.0,22.273875,0.0,0.0,0.0,0.0,0.0
2025-07-16 06:00:00,0.0,22.4854375,0.0,0.0,0.0,0.0,0.0
2025-07-16 07:00:00,0.0,23.9195,0.0,0.0,0.0,0.0,0.0
2025-07-16 08:00:00,0.0,25.37325,0.0,0.0,0.0,0.0,0.0
2025-07-16 09:00:00,0.0,27.811,0.0,0.0,0.0,0.0,0.0
2025-07-16 10:00:00,0.0,29.483625,0.0,0.0,0.0,0.0,0.0
2025-07-16 11:00:00,0.0,32.4370625,0.0,0.0,0.0,0.0,0.0
2025-07-16 12:00:00,0.0,34.5336875,0.0,0.0,0.0,0.0,0.0
2025-07-16 13:00:00,0.0,35.3831875,0.0,0.0,0.0,0.0,0.0
2025-07-16 14:00:00,0.0,35.4715625,0.0,0.0,0.0,0.0,0.0
2025-07-16 15:00:00,0.0,34.797875,0.0,0.0,0.0,0.0,0.0
2025-07-16 16:00:00,0.0,34.20275,0.0,0.0,0.0,0.0,0.0
2025-07-16 17:00:00,0.0,34.32425,0.0,0.0,0.0,0.0,0.0
2025-07-16 18:00:00,0.0,37.8816875,0.0,0.0,0.0,0.0,0.0
2025-07-16 19:00:00,0.0,38.8393125,0.0,0.0,0.0,0.0,0.0
2025-07-16 20:00:00,0.0,38.172875,0.0,0.0,0.0,0.0,0.0
2025-07-16 21:00:00,0.0,37.72925,0.0,0.0,0.0,0.0,0.0
2025-07-16 22:00:00,0.0,35.8885,0.0,0.0,0.0,0.0,0.0
2025-07-16 23:00:00,0.0,33.9909375,0.0,0.0,0.0,0.0,0.0
2025-07-17 00:00:00,0.0,30.804625,0.0,0.0,0.0,0.0,0.0
2025-07-17 01:00:00,0.0,28.4541875,0.0,0.0,0.0,0.0,0.0
2025-07-17 02:00:00,0.0,25.886,0.0,0.0,0.0,0.0,0.0
2025-07-17 03:00:00,0.0,23.4209375,0.0,0.0,0.0,0.0,0.0
2025-07-17 04:00:00,0.0,22.362875,0.0,0.0,0.0,0.0,0.0
2025-07-17 05:00:00,0.0,22.0690625,0.0,0.0,0.0,0.0,0.0
2025-07-17 06:00:00,0.0,24.032,0.0,0.0,0.0,0.0,0.0
2025-07-17 07:00:00,0.0,27.52425,0.0,0.0,0.0,0.0,0.0
2025-07-17 08:00:00,0.0,32.72525,0.0,0.0,0.0,0.0,0.0
2025-07-17 09:00:00,0.0,37.0135,0.0,0.0,0.0,0.0,0.0
2025-07-17 10:00:00,0.0,38.745625,0.0,0.0,0.0,0.0,0.0
2025-07-17 11:00:00,0.0,40.115375,0.0,0.0,0.0,0.0,0.0
2025-07-17 12:00:00,0.0,41.1509375,0.0,0.0,0.0,0.0,0.0
2025-07-17 13:00:00,0.0,41.68075,0.0,0.0,0.0,0.0,0.0
2025-07-17 14:00:00,0.0,40.8893125,0.0,0.0,0.0,0.0,0.0
2025-07-17 15:00:00,0.0,40.918,0.0,0.0,0.0,0.0,0.0
2025-07-17 16:00:00,0.0,40.104125,0.0,0.0,0.0,0.0,0.0
2025-07-17 17:00:00,0.0,38.178375,0.0,0.0,0.0,0.0,0.0
2025-07-17 18:00:00,0.0,40.224625,0.0,0.0,0.0,0.0,0.0
2025-07-17 19:00:00,0.0,40.810625,0.0,0.0,0.0,0.0,0.0
2025-07-17 20:00:00,0.0,40.037125,0.0,0.0,0.0,0.0,0.0
2025-07-17 21:00:00,0.0,38.4260625,0.0,0.0,0.0,0.0,0.0
2025-07-17 22:00:00,0.0,36.4745,0.0,0.0,0.0,0.0,0.0
2025-07-17 23:00:00,0.0,34.2463125,0.0,0.0,0.0,0.0,0.0
2025-07-18 00:00:00,0.0,31.4028125,0.0,0.0,0.0,0.0,0.0
2025-07-18 01:00:00,0.0,27.7375,0.0,0.0,0.0,0.0,0.0
2025-07-18 02:00:00,0.0,25.191125,0.0,0.0,0.0,0.0,0.0
2025-07-18 03:00:00,0.0,23.1806875,0.0,0.0,0.0,0.0,0.0
2025-07-18 04:00:00,0.0,22.7171875,0.0,0.0,0.0,0.0,0.0
2025-07-18 05:00:00,0.0,22.9334375,0.0,0.0,0.0,0.0,0.0
2025-07-18 06:00:00,0.0,24.1095625,0.0,0.0,0.0,0.0,0.0
2025-07-18 07:00:00,0.0,29.045625,0.0,0.0,0.0,0.0,0.0
2025-07-18 08:00:00,0.0,32.4873125,0.0,0.0,0.0,0.0,0.0
2025-07-18 09:00:00,0.0,36.57775,0.0,0.0,0.0,0.0,0.0
2025-07-18 10:00:00,0.0,37.562,0.0,0.0,0.0,0.0,0.0
2025-07-18 11:00:00,0.0,40.27725,0.0,0.0,0.0,0.0,0.0
2025-07-18 12:00:00,0.0,40.828125,0.0,0.0,0.0,0.0,0.0
2025-07-18 13:00:00,0.0,40.47475,0.0,0.0,0.0,0.0,0.0
2025-07-18 14:00:00,0.0,39.441625,0.0,0.0,0.0,0.0,0.0
2025-07-18 15:00:00,0.0,39.99875,0.0,0.0,0.0,0.0,0.0
2025-07-18 16:00:00,0.0,38.3288125,0.0,0.0,0.0,0.0,0.0
2025-07-18 17:00:00,0.0,36.7321875,0.0,0.0,0.0,0.0,0.0
2025-07-18 18:00:00,0.0,39.0739375,0.0,0.0,0.0,0.0,0.0
2025-07-18 19:00:00,0.0,40.133375,0.0,0.0,0.0,0.0,0.0
2025-07-18 20:00:00,0.0,39.045625,0.0,0.0,0.0,0.0,0.0
2025-07-18 21:00:00,0.0,37.3636875,0.0,0.0,0.0,0.0,0.0
2025-07-18 22:00:00,0.0,35.294125,0.0,0.0,0.0,0.0,0.0
2025-07-18 23:00:00,0.0,33.468625,0.0,0.0,0.0,0.0,0.0
2025-07-19 00:00:00,0.0,30.1324375,0.0,0.0,0.0,0.0,0.0
2025-07-19 01:00:00,0.0,27.3924375,0.0,0.0,0.0,0.0,0.0
2025-07-19 02:00:00,0.0,24.9825,0.0,0.0,0.0,0.0,0.0
2025-07-19 03:00:00,0.0,22.74825,0.0,0.0,0.0,0.0,0.0
2025-07-19 04:00:00,0.0,22.069625,0.0,0.0,0.0,0.0,0.0
2025-07-19 05:00:00,0.0,22.108625,0.0,0.0,0.0,0.0,0.0
2025-07-19 06:00:00,0.0,23.2814375,0.0,0.0,0.0,0.0,0.0
2025-07-19 07:00:00,0.0,28.2793125,0.0,0.0,0.0,0.0,0.0
2025-07-19 08:00:00,0.0,32.9819375,0.0,0.0,0.0,0.0,0.0
2025-07-19 09:00:00,0.0,37.627,0.0,0.0,0.0,0.0,0.0
2025-07-19 10:00:00,0.0,38.8598125,0.0,0.0,0.0,0.0,0.0
2025-07-19 11:00:00,0.0,40.507375,0.0,0.0,0.0,0.0,0.0
2025-07-19 12:00:00,0.0,41.10175,0.0,0.0,0.0,0.0,0.0
2025-07-19 13:00:00,0.0,41.103875,0.0,0.0,0.0,0.0,0.0
2025-07-19 14:00:00,0.0,40.788,0.0,0.0,0.0,0.0,0.0
2025-07-19 15:00:00,0.0,40.7070625,0.0,0.0,0.0,0.0,0.0
2025-07-19 16:00:00,0.0,38.1538125,0.0,0.0,0.0,0.0,0.0
2025-07-19 17:00:00,0.0,36.1671875,0.0,0.0,0.0,0.0,0.0
2025-07-19 18:00:00,0.0,39.2025625,0.0,0.0,0.0,0.0,0.0
2025-07-19 19:00:00,0.0,40.3795625,0.0,0.0,0.0,0.0,0.0
2025-07-19 20:00:00,0.0,38.7545,0.0,0.0,0.0,0.0,0.0
2025-07-19 21:00:00,0.0,37.01132486724853,0.0,0.0,0.0,0.0,0.0
2025-07-19 22:00:00,0.0,34.971340660095215,0.0,0.0,0.0,0.0,0.0
2025-07-19 23:00:00,0.0,33.27543530273437,0.0,0.0,0.0,0.0,0.0
2025-07-20 00:00:00,0.0,30.84905541992187,0.0,0.0,0.0,0.0,0.0
2025-07-20 01:00:00,0.0,28.12527319335938,0.0,0.0,0.0,0.0,0.0
2025-07-20 02:00:00,0.0,25.95126977539062,0.0,0.0,0.0,0.0,0.0
2025-07-20 03:00:00,0.0,23.96725341796875,0.0,0.0,0.0,0.0,0.0
2025-07-20 04:00:00,0.0,23.1363740234375,0.0,0.0,0.0,0.0,0.0
2025-07-20 05:00:00,0.0,22.59278857421875,0.0,0.0,0.0,0.0,0.0
2025-07-20 06:00:00,0.0,23.0524072265625,0.0,0.0,0.0,0.0,0.0
2025-07-20 07:00:00,0.0,25.9686416015625,0.0,0.0,0.0,0.0,0.0
2025-07-20 08:00:00,0.0,28.7805146484375,0.0,0.0,0.0,0.0,0.0
2025-07-20 09:00:00,0.0,32.0141953125,0.0,0.0,0.0,0.0,0.0
2025-07-20 10:00:00,0.0,33.16163671875,0.0,0.0,0.0,0.0,0.0
2025-07-20 11:00:00,0.0,35.019064453125,0.0,0.0,0.0,0.0,0.0
2025-07-20 12:00:00,0.0,34.7952626953125,0.0,0.0,0.0,0.0,0.0
2025-07-20 13:00:00,0.0,35.159861328125,0.0,0.0,0.0,0.0,0.0
2025-07-20 14:00:00,0.0,36.738955078125,0.0,0.0,0.0,0.0,0.0
2025-07-20 15:00:00,0.0,37.544994140625,0.0,0.0,0.0,0.0,0.0
2025-07-20 16:00:00,0.0,36.336349609375,0.0,0.0,0.0,0.0,0.0
2025-07-20 17:00:00,0.0,35.6613203125,0.0,0.0,0.0,0.0,0.0
2025-07-20 18:00:00,0.0,36.8888125,0.0,0.0,0.0,0.0,0.0
2025-07-20 19:00:00,0.0,38.581974609375,0.0,0.0,0.0,0.0,0.0
2025-07-20 20:00:00,0.0,37.5359296875,0.0,0.0,0.0,0.0,0.0
2025-07-20 21:00:00,0.0,36.169166015625,0.0,0.0,0.0,0.0,0.0
2025-07-20 22:00:00,0.0,34.3832421875,0.0,0.0,0.0,0.0,0.0
2025-07-20 23:00:00,0.0,32.542865234375,0.0,0.0,0.0,0.0,0.0
2025-07-21 00:00:00,0.0,31.3856640625,0.0,0.0,0.0,0.0,0.0
2025-07-21 01:00:00,0.0,28.790779296875,0.0,0.0,0.0,0.0,0.0
2025-07-21 02:00:00,0.0,25.816162109375,0.0,0.0,0.0,0.0,0.0
2025-07-21 03:00:00,0.0,23.9536171875,0.0,0.0,0.0,0.0,0.0
2025-07-21 04:00:00,0.0,22.6191640625,0.0,0.0,0.0,0.0,0.0
2025-07-21 05:00:00,0.0,22.0889453125,0.0,0.0,0.0,0.0,0.0
2025-07-21 06:00:00,0.0,22.463875,0.0,0.0,0.0,0.0,0.0
2025-07-21 07:00:00,0.0,22.66862109375,0.0,0.0,0.0,0.0,0.0
2025-07-21 08:00:00,0.0,23.3031953125,0.0,0.0,0.0,0.0,0.0
2025-07-21 09:00:00,0.0,24.56430859375,0.0,0.0,0.0,0.0,0.0
2025-07-21 10:00:00,0.0,25.17512109375,0.0,0.0,0.0,0.0,0.0
2025-07-21 11:00:00,0.0,27.69046484375,0.0,0.0,0.0,0.0,0.0
2025-07-21 12:00:00,0.0,30.1375703125,0.0,0.0,0.0,0.0,0.0
2025-07-21 13:00:00,0.0,32.48025,0.0,0.0,0.0,0.0,0.0
2025-07-21 14:00:00,0.0,33.36090234375,0.0,0.0,0.0,0.0,0.0
2025-07-21 15:00:00,0.0,33.10441796875,0.0,0.0,0.0,0.0,0.0
2025-07-21 16:00:00,0.0,32.766765625,0.0,0.0,0.0,0.0,0.0
2025-07-21 17:00:00,0.0,33.10959375,0.0,0.0,0.0,0.0,0.0
2025-07-21 18:00:00,0.0,35.95141015625,0.0,0.0,0.0,0.0,0.0
2025-07-21 19:00:00,0.0,37.4535,0.0,0.0,0.0,0.0,0.0
2025-07-21 20:00:00,0.0,37.31640234375,0.0,0.0,0.0,0.0,0.0
2025-07-21 21:00:00,0.0,36.76321875,0.0,0.0,0.0,0.0,0.0
2025-07-21 22:00:00,0.0,35.6535859375,0.0,0.0,0.0,0.0,0.0
2025-07-21 23:00:00,0.0,32.50989990234375,0.0,0.0,0.0,0.0,0.0
2025-07-22 00:00:00,0.0,29.093654052734383,0.0,0.0,0.0,0.0,0.0
2025-07-22 01:00:00,0.0,25.951731201171867,0.0,0.0,0.0,0.0,0.0
2025-07-22 02:00:00,0.0,23.82867529296875,0.0,0.0,0.0,0.0,0.0
2025-07-22 03:00:00,0.0,22.4776240234375,0.0,0.0,0.0,0.0,0.0
2025-07-22 04:00:00,0.0,21.85797607421875,0.0,0.0,0.0,0.0,0.0
2025-07-22 05:00:00,0.0,22.1452421875,0.0,0.0,0.0,0.0,0.0
2025-07-22 06:00:00,0.0,24.799638671875,0.0,0.0,0.0,0.0,0.0
2025-07-22 07:00:00,0.0,29.2028779296875,0.0,0.0,0.0,0.0,0.0
2025-07-22 08:00:00,0.0,32.58391015625,0.0,0.0,0.0,0.0,0.0
2025-07-22 09:00:00,0.0,36.5624130859375,0.0,0.0,0.0,0.0,0.0
2025-07-22 10:00:00,0.0,37.9255390625,0.0,0.0,0.0,0.0,0.0
2025-07-22 11:00:00,0.0,39.562134765625,0.0,0.0,0.0,0.0,0.0
2025-07-22 12:00:00,0.0,39.510369140625,0.0,0.0,0.0,0.0,0.0
2025-07-22 13:00:00,0.0,39.363197265625,0.0,0.0,0.0,0.0,0.0
2025-07-22 14:00:00,0.0,38.590009765625,0.0,0.0,0.0,0.0,0.0
2025-07-22 15:00:00,0.0,38.647435546875,0.0,0.0,0.0,0.0,0.0
2025-07-22 16:00:00,0.0,37.98183984375,0.0,0.0,0.0,0.0,0.0
2025-07-22 17:00:00,0.0,36.5417890625,0.0,0.0,0.0,0.0,0.0
2025-07-22 18:00:00,0.0,38.93035546875,0.0,0.0,0.0,0.0,0.0
2025-07-22 19:00:00,0.0,40.4488203125,0.0,0.0,0.0,0.0,0.0
2025-07-22 20:00:00,0.0,39.93196875,0.0,0.0,0.0,0.0,0.0
2025-07-22 21:00:00,0.0,38.4945703125,0.0,0.0,0.0,0.0,0.0
2025-07-22 22:00:00,0.0,36.7371484375,0.0,0.0,0.0,0.0,0.0
2025-07-22 23:00:00,0.0,33.37970703125,0.0,0.0,0.0,0.0,0.0
2025-07-23 00:00:00,0.0,30.91662890625,0.0,0.0,0.0,0.0,0.0
2025-07-23 01:00:00,0.0,27.951515625,0.0,0.0,0.0,0.0,0.0
2025-07-23 02:00:00,0.0,25.23933203125,0.0,0.0,0.0,0.0,0.0
2025-07-23 03:00:00,0.0,23.90509765625,0.0,0.0,0.0,0.0,0.0
2025-07-23 04:00:00,0.0,22.53023828125,0.0,0.0,0.0,0.0,0.0
2025-07-23 05:00:00,0.0,22.0430078125,0.0,0.0,0.0,0.0,0.0
2025-07-23 06:00:00,0.0,24.55673828125,0.0,0.0,0.0,0.0,0.0
2025-07-23 07:00:00,0.0,30.471625,0.0,0.0,0.0,0.0,0.0
2025-07-23 08:00:00,0.0,34.451453125,0.0,0.0,0.0,0.0,0.0
2025-07-23 09:00:00,0.0,39.4269140625,0.0,0.0,0.0,0.0,0.0
2025-07-23 10:00:00,0.0,38.66509375,0.0,0.0,0.0,0.0,0.0
2025-07-23 11:00:00,0.0,39.805578125,0.0,0.0,0.0,0.0,0.0
2025-07-23 12:00:00,0.0,40.5602265625,0.0,0.0,0.0,0.0,0.0
2025-07-23 13:00:00,0.0,40.4286484375,0.0,0.0,0.0,0.0,0.0
2025-07-23 14:00:00,0.0,39.3876328125,0.0,0.0,0.0,0.0,0.0
2025-07-23 15:00:00,0.0,39.5305234375,0.0,0.0,0.0,0.0,0.0
2025-07-23 16:00:00,0.0,39.4641484375,0.0,0.0,0.0,0.0,0.0
2025-07-23 17:00:00,0.0,38.3288359375,0.0,0.0,0.0,0.0,0.0
2025-07-23 18:00:00,0.0,38.07103125,0.0,0.0,0.0,0.0,0.0
2025-07-23 19:00:00,0.0,42.1520546875,0.0,0.0,0.0,0.0,0.0
2025-07-23 20:00:00,0.0,40.6987734375,0.0,0.0,0.0,0.0,0.0
2025-07-23 21:00:00,0.0,38.86021875,0.0,0.0,0.0,0.0,0.0
2025-07-23 22:00:00,0.0,35.8910625,0.0,0.0,0.0,0.0,0.0
2025-07-23 23:00:00,0.0,32.942296875,0.0,0.0,0.0,0.0,0.0
2025-07-24 00:00:00,0.0,29.287984375,0.0,0.0,0.0,0.0,0.0
2025-07-24 01:00:00,0.0,26.2231171875,0.0,0.0,0.0,0.0,0.0
2025-07-24 02:00:00,0.0,24.2495390625,0.0,0.0,0.0,0.0,0.0
2025-07-24 03:00:00,0.0,23.4288203125,0.0,0.0,0.0,0.0,0.0
2025-07-24 04:00:00,0.0,23.10321875,0.0,0.0,0.0,0.0,0.0
2025-07-24 05:00:00,0.0,23.2215625,0.0,0.0,0.0,0.0,0.0
2025-07-24 06:00:00,0.0,25.8124921875,0.0,0.0,0.0,0.0,0.0
2025-07-24 07:00:00,0.0,31.0252265625,0.0,0.0,0.0,0.0,0.0
2025-07-24 08:00:00,0.0,33.7871953125,0.0,0.0,0.0,0.0,0.0
2025-07-24 09:00:00,0.0,37.7057734375,0.0,0.0,0.0,0.0,0.0
2025-07-24 10:00:00,0.0,39.373265625,0.0,0.0,0.0,0.0,0.0
2025-07-24 11:00:00,0.0,39.8802890625,0.0,0.0,0.0,0.0,0.0
2025-07-24 12:00:00,0.0,40.16890625,0.0,0.0,0.0,0.0,0.0
2025-07-24 13:00:00,0.0,40.789484375,0.0,0.0,0.0,0.0,0.0
2025-07-24 14:00:00,0.0,39.03909375,0.0,0.0,0.0,0.0,0.0
2025-07-24 15:00:00,0.0,38.68915625,0.0,0.0,0.0,0.0,0.0
2025-07-24 16:00:00,0.0,38.57590625,0.0,0.0,0.0,0.0,0.0
2025-07-24 17:00:00,0.0,37.929828125,0.0,0.0,0.0,0.0,0.0
2025-07-24 18:00:00,0.0,39.5305625,0.0,0.0,0.0,0.0,0.0
2025-07-24 19:00:00,0.0,41.635796875,0.0,0.0,0.0,0.0,0.0
2025-07-24 20:00:00,0.0,41.320265625,0.0,0.0,0.0,0.0,0.0
2025-07-24 21:00:00,0.0,39.478015625,0.0,0.0,0.0,0.0,0.0
2025-07-24 22:00:00,0.0,36.779859375,0.0,0.0,0.0,0.0,0.0
2025-07-24 23:00:00,0.0,34.313828125,0.0,0.0,0.0,0.0,0.0
2025-07-25 00:00:00,0.0,30.570421875,0.0,0.0,0.0,0.0,0.0
2025-07-25 01:00:00,0.0,27.50115625,0.0,0.0,0.0,0.0,0.0
2025-07-25 02:00:00,0.0,25.420359375,0.0,0.0,0.0,0.0,0.0
2025-07-25 03:00:00,0.0,24.416859375,0.0,0.0,0.0,0.0,0.0
2025-07-25 04:00:00,0.0,23.214390625,0.0,0.0,0.0,0.0,0.0
2025-07-25 05:00:00,0.0,22.571984375,0.0,0.0,0.0,0.0,0.0
2025-07-25 06:00:00,0.0,24.81234375,0.0,0.0,0.0,0.0,0.0
2025-07-25 07:00:00,0.0,29.900359375,0.0,0.0,0.0,0.0,0.0
2025-07-25 08:00:00,0.0,33.929,0.0,0.0,0.0,0.0,0.0
2025-07-25 09:00:00,0.0,37.342609375,0.0,0.0,0.0,0.0,0.0
2025-07-25 10:00:00,0.0,38.039859375,0.0,0.0,0.0,0.0,0.0
2025-07-25 11:00:00,0.0,40.1203125,0.0,0.0,0.0,0.0,0.0
2025-07-25 12:00:00,0.0,40.370703125,0.0,0.0,0.0,0.0,0.0
2025-07-25 13:00:00,0.0,40.537640625,0.0,0.0,0.0,0.0,0.0
2025-07-25 14:00:00,0.0,39.2196875,0.0,0.0,0.0,0.0,0.0
2025-07-25 15:00:00,0.0,38.552921875,0.0,0.0,0.0,0.0,0.0
2025-07-25 16:00:00,0.0,38.20515625,0.0,0.0,0.0,0.0,0.0
2025-07-25 17:00:00,0.0,36.931921875,0.0,0.0,0.0,0.0,0.0
2025-07-25 18:00:00,0.0,39.298421875,0.0,0.0,0.0,0.0,0.0
2025-07-25 19:00:00,0.0,41.045265625,0.0,0.0,0.0,0.0,0.0
2025-07-25 20:00:00,0.0,40.22115625,0.0,0.0,0.0,0.0,0.0
2025-07-25 21:00:00,0.0,38.18615625,0.0,0.0,0.0,0.0,0.0
2025-07-25 22:00:00,0.0,35.988578125,0.0,0.0,0.0,0.0,0.0
2025-07-25 23:00:00,0.0,33.39590625,0.0,0.0,0.0,0.0,0.0
2025-07-26 00:00:00,0.0,30.079109375,0.0,0.0,0.0,0.0,0.0
2025-07-26 01:00:00,0.0,27.4115625,0.0,0.0,0.0,0.0,0.0
2025-07-26 02:00:00,0.0,25.36475,0.0,0.0,0.0,0.0,0.0
2025-07-26 03:00:00,0.0,24.356953125,0.0,0.0,0.0,0.0,0.0
2025-07-26 04:00:00,0.0,24.14765625,0.0,0.0,0.0,0.0,0.0
2025-07-26 05:00:00,0.0,24.378515625,0.0,0.0,0.0,0.0,0.0
2025-07-26 06:00:00,0.0,26.23115625,0.0,0.0,0.0,0.0,0.0
2025-07-26 07:00:00,0.0,32.221953125,0.0,0.0,0.0,0.0,0.0
2025-07-26 08:00:00,0.0,36.830265625,0.0,0.0,0.0,0.0,0.0
2025-07-26 09:00:00,0.0,40.151484375,0.0,0.0,0.0,0.0,0.0
2025-07-26 10:00:00,0.0,41.104859375,0.0,0.0,0.0,0.0,0.0
2025-07-26 11:00:00,0.0,42.908359375,0.0,0.0,0.0,0.0,0.0
2025-07-26 12:00:00,0.0,43.6559375,0.0,0.0,0.0,0.0,0.0
2025-07-26 13:00:00,0.0,43.57378125,0.0,0.0,0.0,0.0,0.0
2025-07-26 14:00:00,0.0,42.721578125,0.0,0.0,0.0,0.0,0.0
2025-07-26 15:00:00,0.0,42.483578125,0.0,0.0,0.0,0.0,0.0
2025-07-26 16:00:00,0.0,40.358921875,0.0,0.0,0.0,0.0,0.0
2025-07-26 17:00:00,0.0,38.48809375,0.0,0.0,0.0,0.0,0.0
2025-07-26 18:00:00,0.0,40.62396875,0.0,0.0,0.0,0.0,0.0
2025-07-26 19:00:00,0.0,42.393578125,0.0,0.0,0.0,0.0,0.0
2025-07-26 20:00:00,0.0,41.07428125,0.0,0.0,0.0,0.0,0.0
2025-07-26 21:00:00,0.0,39.52275,0.0,0.0,0.0,0.0,0.0
2025-07-26 22:00:00,0.0,37.96578125,0.0,0.0,0.0,0.0,0.0
2025-07-26 23:00:00,0.0,36.12434375,0.0,0.0,0.0,0.0,0.0
2025-07-27 00:00:00,0.0,32.538140625,0.0,0.0,0.0,0.0,0.0
2025-07-27 01:00:00,0.0,29.621078125,0.0,0.0,0.0,0.0,0.0
2025-07-27 02:00:00,0.0,27.51534375,0.0,0.0,0.0,0.0,0.0
2025-07-27 03:00:00,0.0,25.7505,0.0,0.0,0.0,0.0,0.0
2025-07-27 04:00:00,0.0,24.6314375,0.0,0.0,0.0,0.0,0.0
2025-07-27 05:00:00,0.0,24.09728125,0.0,0.0,0.0,0.0,0.0
2025-07-27 06:00:00,0.0,24.21765625,0.0,0.0,0.0,0.0,0.0
2025-07-27 07:00:00,0.0,27.40796875,0.0,0.0,0.0,0.0,0.0
2025-07-27 08:00:00,0.0,29.90425,0.0,0.0,0.0,0.0,0.0
2025-07-27 09:00:00,0.0,32.8678125,0.0,0.0,0.0,0.0,0.0
2025-07-27 10:00:00,0.0,35.4103125,0.0,0.0,0.0,0.0,0.0
2025-07-27 11:00:00,0.0,38.91709375,0.0,0.0,0.0,0.0,0.0
2025-07-27 12:00:00,0.0,40.2515,0.0,0.0,0.0,0.0,0.0
2025-07-27 13:00:00,0.0,40.39125,0.0,0.0,0.0,0.0,0.0
2025-07-27 14:00:00,0.0,40.33084375,0.0,0.0,0.0,0.0,0.0
2025-07-27 15:00:00,0.0,39.6799375,0.0,0.0,0.0,0.0,0.0
2025-07-27 16:00:00,0.0,37.77734375,0.0,0.0,0.0,0.0,0.0
2025-07-27 17:00:00,0.0,36.79921875,0.0,0.0,0.0,0.0,0.0
2025-07-27 18:00:00,0.0,38.42853125,0.0,0.0,0.0,0.0,0.0
2025-07-27 19:00:00,0.0,40.484,0.0,0.0,0.0,0.0,0.0
2025-07-27 20:00:00,0.0,39.70234375,0.0,0.0,0.0,0.0,0.0
2025-07-27 21:00:00,0.0,38.19515625,0.0,0.0,0.0,0.0,0.0
2025-07-27 22:00:00,0.0,36.59325,0.0,0.0,0.0,0.0,0.0
2025-07-27 23:00:00,0.0,34.546375,0.0,0.0,0.0,0.0,0.0
2025-07-28 00:00:00,0.0,32.26796875,0.0,0.0,0.0,0.0,0.0
2025-07-28 01:00:00,0.0,29.28078125,0.0,0.0,0.0,0.0,0.0
2025-07-28 02:00:00,0.0,26.95790625,0.0,0.0,0.0,0.0,0.0
2025-07-28 03:00:00,0.0,25.285125,0.0,0.0,0.0,0.0,0.0
2025-07-28 04:00:00,0.0,24.00259375,0.0,0.0,0.0,0.0,0.0
2025-07-28 05:00:00,0.0,22.9361875,0.0,0.0,0.0,0.0,0.0
2025-07-28 06:00:00,0.0,22.524875,0.0,0.0,0.0,0.0,0.0
2025-07-28 07:00:00,0.0,22.9730625,0.0,0.0,0.0,0.0,0.0
2025-07-28 08:00:00,0.0,23.99084375,0.0,0.0,0.0,0.0,0.0
2025-07-28 09:00:00,0.0,25.4588125,0.0,0.0,0.0,0.0,0.0
2025-07-28 10:00:00,0.0,27.4388125,0.0,0.0,0.0,0.0,0.0
2025-07-28 11:00:00,0.0,30.8249375,0.0,0.0,0.0,0.0,0.0
2025-07-28 12:00:00,0.0,33.35746875,0.0,0.0,0.0,0.0,0.0
2025-07-28 13:00:00,0.0,34.86815625,0.0,0.0,0.0,0.0,0.0
2025-07-28 14:00:00,0.0,35.085625,0.0,0.0,0.0,0.0,0.0
2025-07-28 15:00:00,0.0,35.31396875,0.0,0.0,0.0,0.0,0.0
2025-07-28 16:00:00,0.0,34.31325,0.0,0.0,0.0,0.0,0.0
2025-07-28 17:00:00,0.0,33.40634375,0.0,0.0,0.0,0.0,0.0
2025-07-28 18:00:00,0.0,35.7035625,0.0,0.0,0.0,0.0,0.0
2025-07-28 19:00:00,0.0,39.766375,0.0,0.0,0.0,0.0,0.0
2025-07-28 20:00:00,0.0,39.772125,0.0,0.0,0.0,0.0,0.0
2025-07-28 21:00:00,0.0,39.20121875,0.0,0.0,0.0,0.0,0.0
2025-07-28 22:00:00,0.0,37.10390625,0.0,0.0,0.0,0.0,0.0
2025-07-28 23:00:00,0.0,34.024625,0.0,0.0,0.0,0.0,0.0
2025-07-29 00:00:00,0.0,30.44221875,0.0,0.0,0.0,0.0,0.0
2025-07-29 01:00:00,0.0,26.96575,0.0,0.0,0.0,0.0,0.0
2025-07-29 02:00:00,0.0,23.79084375,0.0,0.0,0.0,0.0,0.0
2025-07-29 03:00:00,0.0,22.79015625,0.0,0.0,0.0,0.0,0.0
2025-07-29 04:00:00,0.0,22.695625,0.0,0.0,0.0,0.0,0.0
2025-07-29 05:00:00,0.0,23.3000625,0.0,0.0,0.0,0.0,0.0
2025-07-29 06:00:00,0.0,25.17209375,0.0,0.0,0.0,0.0,0.0
2025-07-29 07:00:00,0.0,30.5255,0.0,0.0,0.0,0.0,0.0
2025-07-29 08:00:00,0.0,34.81290625,0.0,0.0,0.0,0.0,0.0
2025-07-29 09:00:00,0.0,38.82925,0.0,0.0,0.0,0.0,0.0
2025-07-29 10:00:00,0.0,39.07378125,0.0,0.0,0.0,0.0,0.0
2025-07-29 11:00:00,0.0,40.70634375,0.0,0.0,0.0,0.0,0.0
2025-07-29 12:00:00,0.0,41.13790625,0.0,0.0,0.0,0.0,0.0
2025-07-29 13:00:00,0.0,40.729625,0.0,0.0,0.0,0.0,0.0
2025-07-29 14:00:00,0.0,39.58071875,0.0,0.0,0.0,0.0,0.0
2025-07-29 15:00:00,0.0,39.67775,0.0,0.0,0.0,0.0,0.0
2025-07-29 16:00:00,0.0,39.74053125,0.0,0.0,0.0,0.0,0.0
2025-07-29 17:00:00,0.0,38.31934375,0.0,0.0,0.0,0.0,0.0
2025-07-29 18:00:00,0.0,40.38628125,0.0,0.0,0.0,0.0,0.0
2025-07-29 19:00:00,0.0,43.09815625,0.0,0.0,0.0,0.0,0.0
2025-07-29 20:00:00,0.0,41.82190625,0.0,0.0,0.0,0.0,0.0
2025-07-29 21:00:00,0.0,39.43084375,0.0,0.0,0.0,0.0,0.0
2025-07-29 22:00:00,0.0,36.8855,0.0,0.0,0.0,0.0,0.0
2025-07-29 23:00:00,0.0,34.4755625,0.0,0.0,0.0,0.0,0.0
2025-07-30 00:00:00,0.0,30.5361875,0.0,0.0,0.0,0.0,0.0
2025-07-30 01:00:00,0.0,27.5834375,0.0,0.0,0.0,0.0,0.0
2025-07-30 02:00:00,0.0,25.2964375,0.0,0.0,0.0,0.0,0.0
2025-07-30 03:00:00,0.0,24.41315625,0.0,0.0,0.0,0.0,0.0
2025-07-30 04:00:00,0.0,23.72928125,0.0,0.0,0.0,0.0,0.0
2025-07-30 05:00:00,0.0,23.76609375,0.0,0.0,0.0,0.0,0.0
2025-07-30 06:00:00,0.0,26.43625,0.0,0.0,0.0,0.0,0.0
2025-07-30 07:00:00,0.0,32.42928125,0.0,0.0,0.0,0.0,0.0
2025-07-30 08:00:00,0.0,36.94034375,0.0,0.0,0.0,0.0,0.0
2025-07-30 09:00:00,0.0,42.44565625,0.0,0.0,0.0,0.0,0.0
2025-07-30 10:00:00,0.0,43.2634375,0.0,0.0,0.0,0.0,0.0
2025-07-30 11:00:00,0.0,44.6401875,0.0,0.0,0.0,0.0,0.0
2025-07-30 12:00:00,0.0,45.1183125,0.0,0.0,0.0,0.0,0.0
2025-07-30 13:00:00,0.0,44.4093125,0.0,0.0,0.0,0.0,0.0
2025-07-30 14:00:00,0.0,43.5258125,0.0,0.0,0.0,0.0,0.0
2025-07-30 15:00:00,0.0,43.39009375,0.0,0.0,0.0,0.0,0.0
2025-07-30 16:00:00,0.0,41.7765,0.0,0.0,0.0,0.0,0.0
2025-07-30 17:00:00,0.0,39.71571875,0.0,0.0,0.0,0.0,0.0
2025-07-30 18:00:00,0.0,41.06021875,0.0,0.0,0.0,0.0,0.0
2025-07-30 19:00:00,0.0,42.7396875,0.0,0.0,0.0,0.0,0.0
2025-07-30 20:00:00,0.0,41.7428125,0.0,0.0,0.0,0.0,0.0
2025-07-30 21:00:00,0.0,40.04059375,0.0,0.0,0.0,0.0,0.0
2025-07-30 22:00:00,0.0,38.18765625,0.0,0.0,0.0,0.0,0.0
2025-07-30 23:00:00,0.0,35.5421875,0.0,0.0,0.0,0.0,0.0
2025-07-31 00:00:00,0.0,31.62990625,0.0,0.0,0.0,0.0,0.0
2025-07-31 01:00:00,0.0,28.3800625,0.0,0.0,0.0,0.0,0.0
2025-07-31 02:00:00,0.0,26.13978125,0.0,0.0,0.0,0.0,0.0
2025-07-31 03:00:00,0.0,24.676375,0.0,0.0,0.0,0.0,0.0
2025-07-31 04:00:00,0.0,23.67884375,0.0,0.0,0.0,0.0,0.0
2025-07-31 05:00:00,0.0,23.741,0.0,0.0,0.0,0.0,0.0
2025-07-31 06:00:00,0.0,25.79590625,0.0,0.0,0.0,0.0,0.0
2025-07-31 07:00:00,0.0,31.30846875,0.0,0.0,0.0,0.0,0.0
2025-07-31 08:00:00,0.0,35.27859375,0.0,0.0,0.0,0.0,0.0
2025-07-31 09:00:00,0.0,40.05065625,0.0,0.0,0.0,0.0,0.0
2025-07-31 10:00:00,0.0,40.87971875,0.0,0.0,0.0,0.0,0.0
2025-07-31 11:00:00,0.0,42.22071875,0.0,0.0,0.0,0.0,0.0
2025-07-31 12:00:00,0.0,42.658375,0.0,0.0,0.0,0.0,0.0
2025-07-31 13:00:00,0.0,42.1999375,0.0,0.0,0.0,0.0,0.0
2025-07-31 14:00:00,0.0,41.118,0.0,0.0,0.0,0.0,0.0
2025-07-31 15:00:00,0.0,41.7871875,0.0,0.0,0.0,0.0,0.0
2025-07-31 16:00:00,0.0,41.535625,0.0,0.0,0.0,0.0,0.0
2025-07-31 17:00:00,0.0,40.55278125,0.0,0.0,0.0,0.0,0.0
2025-07-31 18:00:00,0.0,41.9295,0.0,0.0,0.0,0.0,0.0
2025-07-31 19:00:00,0.0,43.0463125,0.0,0.0,0.0,0.0,0.0
2025-07-31 20:00:00,0.0,41.8088125,0.0,0.0,0.0,0.0,0.0
2025-07-31 21:00:00,0.0,39.6015,0.0,0.0,0.0,0.0,0.0
2025-07-31 22:00:00,0.0,37.46965625,0.0,0.0,0.0,0.0,0.0
2025-07-31 23:00:00,0.0,34.8973125,0.0,0.0,0.0,0.0,0.0
2025-08-01 00:00:00,0.0,31.53103125,0.0,0.0,0.0,0.0,0.0
2025-08-01 01:00:00,0.0,28.1425,0.0,0.0,0.0,0.0,0.0
2025-08-01 02:00:00,0.0,25.9440625,0.0,0.0,0.0,0.0,0.0
2025-08-01 03:00:00,0.0,24.6458125,0.0,0.0,0.0,0.0,0.0
2025-08-01 04:00:00,0.0,24.03225,0.0,0.0,0.0,0.0,0.0
2025-08-01 05:00:00,0.0,24.25434375,0.0,0.0,0.0,0.0,0.0
2025-08-01 06:00:00,0.0,27.192625,0.0,0.0,0.0,0.0,0.0
2025-08-01 07:00:00,0.0,32.419,0.0,0.0,0.0,0.0,0.0
2025-08-01 08:00:00,0.0,36.420625,0.0,0.0,0.0,0.0,0.0
2025-08-01 09:00:00,0.0,40.706625,0.0,0.0,0.0,0.0,0.0
2025-08-01 10:00:00,0.0,41.661875,0.0,0.0,0.0,0.0,0.0
2025-08-01 11:00:00,0.0,42.52975,0.0,0.0,0.0,0.0,0.0
2025-08-01 12:00:00,0.0,43.2184375,0.0,0.0,0.0,0.0,0.0
2025-08-01 13:00:00,0.0,42.9049375,0.0,0.0,0.0,0.0,0.0
2025-08-01 14:00:00,0.0,41.6061875,0.0,0.0,0.0,0.0,0.0
2025-08-01 15:00:00,0.0,41.582625,0.0,0.0,0.0,0.0,0.0
2025-08-01 16:00:00,0.0,41.0674375,0.0,0.0,0.0,0.0,0.0
2025-08-01 17:00:00,0.0,39.944625,0.0,0.0,0.0,0.0,0.0
2025-08-01 18:00:00,0.0,40.8635625,0.0,0.0,0.0,0.0,0.0
2025-08-01 19:00:00,0.0,42.2715,0.0,0.0,0.0,0.0,0.0
2025-08-01 20:00:00,0.0,41.0475625,0.0,0.0,0.0,0.0,0.0
2025-08-01 21:00:00,0.0,39.4051875,0.0,0.0,0.0,0.0,0.0
2025-08-01 22:00:00,0.0,37.6595,0.0,0.0,0.0,0.0,0.0
2025-08-01 23:00:00,0.0,35.736875,0.0,0.0,0.0,0.0,0.0
2025-08-02 00:00:00,0.0,32.1493125,0.0,0.0,0.0,0.0,0.0
2025-08-02 01:00:00,0.0,28.6066875,0.0,0.0,0.0,0.0,0.0
2025-08-02 02:00:00,0.0,25.9403125,0.0,0.0,0.0,0.0,0.0
2025-08-02 03:00:00,0.0,24.4400625,0.0,0.0,0.0,0.0,0.0
2025-08-02 04:00:00,0.0,23.7686875,0.0,0.0,0.0,0.0,0.0
2025-08-02 05:00:00,0.0,23.7540625,0.0,0.0,0.0,0.0,0.0
2025-08-02 06:00:00,0.0,25.846375,0.0,0.0,0.0,0.0,0.0
2025-08-02 07:00:00,0.0,30.63425,0.0,0.0,0.0,0.0,0.0
2025-08-02 08:00:00,0.0,34.4603125,0.0,0.0,0.0,0.0,0.0
2025-08-02 09:00:00,0.0,38.4999375,0.0,0.0,0.0,0.0,0.0
2025-08-02 10:00:00,0.0,39.9458125,0.0,0.0,0.0,0.0,0.0
2025-08-02 11:00:00,0.0,40.6946875,0.0,0.0,0.0,0.0,0.0
2025-08-02 12:00:00,0.0,41.1868125,0.0,0.0,0.0,0.0,0.0
2025-08-02 13:00:00,0.0,41.4389375,0.0,0.0,0.0,0.0,0.0
2025-08-02 14:00:00,0.0,41.8019375,0.0,0.0,0.0,0.0,0.0
2025-08-02 15:00:00,0.0,42.18675,0.0,0.0,0.0,0.0,0.0
2025-08-02 16:00:00,0.0,41.557625,0.0,0.0,0.0,0.0,0.0
2025-08-02 17:00:00,0.0,39.9844375,0.0,0.0,0.0,0.0,0.0
2025-08-02 18:00:00,0.0,42.0225,0.0,0.0,0.0,0.0,0.0
2025-08-02 19:00:00,0.0,42.336375,0.0,0.0,0.0,0.0,0.0
2025-08-02 20:00:00,0.0,40.8259375,0.0,0.0,0.0,0.0,0.0
2025-08-02 21:00:00,0.0,39.2884375,0.0,0.0,0.0,0.0,0.0
2025-08-02 22:00:00,0.0,37.5808125,0.0,0.0,0.0,0.0,0.0
2025-08-02 23:00:00,0.0,35.7645625,0.0,0.0,0.0,0.0,0.0
2025-08-03 00:00:00,0.0,33.2273125,0.0,0.0,0.0,0.0,0.0
2025-08-03 01:00:00,0.0,30.1631875,0.0,0.0,0.0,0.0,0.0
2025-08-03 02:00:00,0.0,27.216125,0.0,0.0,0.0,0.0,0.0
2025-08-03 03:00:00,0.0,25.387375,0.0,0.0,0.0,0.0,0.0
2025-08-03 04:00:00,0.0,24.5189375,0.0,0.0,0.0,0.0,0.0
2025-08-03 05:00:00,0.0,24.369375,0.0,0.0,0.0,0.0,0.0
2025-08-03 06:00:00,0.0,24.63525,0.0,0.0,0.0,0.0,0.0
2025-08-03 07:00:00,0.0,26.0933125,0.0,0.0,0.0,0.0,0.0
2025-08-03 08:00:00,0.0,29.0540625,0.0,0.0,0.0,0.0,0.0
2025-08-03 09:00:00,0.0,32.1679375,0.0,0.0,0.0,0.0,0.0
2025-08-03 10:00:00,0.0,34.676,0.0,0.0,0.0,0.0,0.0
2025-08-03 11:00:00,0.0,37.256125,0.0,0.0,0.0,0.0,0.0
2025-08-03 12:00:00,0.0,38.789875,0.0,0.0,0.0,0.0,0.0
2025-08-03 13:00:00,0.0,40.0314375,0.0,0.0,0.0,0.0,0.0
2025-08-03 14:00:00,0.0,39.6479375,0.0,0.0,0.0,0.0,0.0
2025-08-03 15:00:00,0.0,39.021125,0.0,0.0,0.0,0.0,0.0
2025-08-03 16:00:00,0.0,38.2774375,0.0,0.0,0.0,0.0,0.0
2025-08-03 17:00:00,0.0,37.4469375,0.0,0.0,0.0,0.0,0.0
2025-08-03 18:00:00,0.0,39.19775,0.0,0.0,0.0,0.0,0.0
2025-08-03 19:00:00,0.0,40.934125,0.0,0.0,0.0,0.0,0.0
2025-08-03 20:00:00,0.0,40.4020625,0.0,0.0,0.0,0.0,0.0
2025-08-03 21:00:00,0.0,38.3158125,0.0,0.0,0.0,0.0,0.0
2025-08-03 22:00:00,0.0,36.5528125,0.0,0.0,0.0,0.0,0.0
2025-08-03 23:00:00,0.0,34.7413125,0.0,0.0,0.0,0.0,0.0
2025-08-04 00:00:00,0.0,32.4359375,0.0,0.0,0.0,0.0,0.0
2025-08-04 01:00:00,0.0,30.207,0.0,0.0,0.0,0.0,0.0
2025-08-04 02:00:00,0.0,27.443375,0.0,0.0,0.0,0.0,0.0
2025-08-04 03:00:00,0.0,25.161875,0.0,0.0,0.0,0.0,0.0
2025-08-04 04:00:00,0.0,23.882875,0.0,0.0,0.0,0.0,0.0
2025-08-04 05:00:00,0.0,23.6043125,0.0,0.0,0.0,0.0,0.0
2025-08-04 06:00:00,0.0,23.3685,0.0,0.0,0.0,0.0,0.0
2025-08-04 07:00:00,0.0,24.1526875,0.0,0.0,0.0,0.0,0.0
2025-08-04 08:00:00,0.0,25.424,0.0,0.0,0.0,0.0,0.0
2025-08-04 09:00:00,0.0,26.7068125,0.0,0.0,0.0,0.0,0.0
2025-08-04 10:00:00,0.0,28.046125,0.0,0.0,0.0,0.0,0.0
2025-08-04 11:00:00,0.0,30.864125,0.0,0.0,0.0,0.0,0.0
2025-08-04 12:00:00,0.0,33.4529375,0.0,0.0,0.0,0.0,0.0
2025-08-04 13:00:00,0.0,35.379375,0.0,0.0,0.0,0.0,0.0
2025-08-04 14:00:00,0.0,35.5219375,0.0,0.0,0.0,0.0,0.0
2025-08-04 15:00:00,0.0,35.2709375,0.0,0.0,0.0,0.0,0.0
2025-08-04 16:00:00,0.0,34.8055,0.0,0.0,0.0,0.0,0.0
2025-08-04 17:00:00,0.0,34.2163125,0.0,0.0,0.0,0.0,0.0
2025-08-04 18:00:00,0.0,35.629375,0.0,0.0,0.0,0.0,0.0
2025-08-04 19:00:00,0.0,39.76475,0.0,0.0,0.0,0.0,0.0
2025-08-04 20:00:00,0.0,40.3336875,0.0,0.0,0.0,0.0,0.0
2025-08-04 21:00:00,0.0,40.0536875,0.0,0.0,0.0,0.0,0.0
2025-08-04 22:00:00,0.0,38.431375,0.0,0.0,0.0,0.0,0.0
2025-08-04 23:00:00,0.0,35.3425,0.0,0.0,0.0,0.0,0.0
2025-08-05 00:00:00,0.0,31.85625,0.0,0.0,0.0,0.0,0.0
2025-08-05 01:00:00,0.0,28.4708125,0.0,0.0,0.0,0.0,0.0
2025-08-05 02:00:00,0.0,25.7320625,0.0,0.0,0.0,0.0,0.0
2025-08-05 03:00:00,0.0,23.7140625,0.0,0.0,0.0,0.0,0.0
2025-08-05 04:00:00,0.0,22.7593125,0.0,0.0,0.0,0.0,0.0
2025-08-05 05:00:00,0.0,22.9986875,0.0,0.0,0.0,0.0,0.0
2025-08-05 06:00:00,0.0,25.8954375,0.0,0.0,0.0,0.0,0.0
2025-08-05 07:00:00,0.0,31.2715625,0.0,0.0,0.0,0.0,0.0
2025-08-05 08:00:00,0.0,35.292375,0.0,0.0,0.0,0.0,0.0
2025-08-05 09:00:00,0.0,38.8549375,0.0,0.0,0.0,0.0,0.0
2025-08-05 10:00:00,0.0,39.884875,0.0,0.0,0.0,0.0,0.0
2025-08-05 11:00:00,0.0,41.717625,0.0,0.0,0.0,0.0,0.0
2025-08-05 12:00:00,0.0,42.2185,0.0,0.0,0.0,0.0,0.0
2025-08-05 13:00:00,0.0,41.6588125,0.0,0.0,0.0,0.0,0.0
2025-08-05 14:00:00,0.0,40.8450625,0.0,0.0,0.0,0.0,0.0
2025-08-05 15:00:00,0.0,40.7550625,0.0,0.0,0.0,0.0,0.0
2025-08-05 16:00:00,0.0,40.7063125,0.0,0.0,0.0,0.0,0.0
2025-08-05 17:00:00,0.0,39.1343125,0.0,0.0,0.0,0.0,0.0
2025-08-05 18:00:00,0.0,39.2858125,0.0,0.0,0.0,0.0,0.0
2025-08-05 19:00:00,0.0,42.62075,0.0,0.0,0.0,0.0,0.0
2025-08-05 20:00:00,0.0,42.2488125,0.0,0.0,0.0,0.0,0.0
2025-08-05 21:00:00,0.0,40.7393125,0.0,0.0,0.0,0.0,0.0
2025-08-05 22:00:00,0.0,38.355125,0.0,0.0,0.0,0.0,0.0
2025-08-05 23:00:00,0.0,35.6416875,0.0,0.0,0.0,0.0,0.0
2025-08-06 00:00:00,0.0,31.896625,0.0,0.0,0.0,0.0,0.0
2025-08-06 01:00:00,0.0,28.3333125,0.0,0.0,0.0,0.0,0.0
2025-08-06 02:00:00,0.0,25.640875,0.0,0.0,0.0,0.0,0.0
2025-08-06 03:00:00,0.0,24.4396875,0.0,0.0,0.0,0.0,0.0
2025-08-06 04:00:00,0.0,23.961875,0.0,0.0,0.0,0.0,0.0
2025-08-06 05:00:00,0.0,23.986625,0.0,0.0,0.0,0.0,0.0
2025-08-06 06:00:00,0.0,26.4849375,0.0,0.0,0.0,0.0,0.0
2025-08-06 07:00:00,0.0,32.2391875,0.0,0.0,0.0,0.0,0.0
2025-08-06 08:00:00,0.0,36.5108125,0.0,0.0,0.0,0.0,0.0
2025-08-06 09:00:00,0.0,40.3560625,0.0,0.0,0.0,0.0,0.0
2025-08-06 10:00:00,0.0,41.3440625,0.0,0.0,0.0,0.0,0.0
2025-08-06 11:00:00,0.0,42.771875,0.0,0.0,0.0,0.0,0.0
2025-08-06 12:00:00,0.0,43.3054375,0.0,0.0,0.0,0.0,0.0
2025-08-06 13:00:00,0.0,42.9099375,0.0,0.0,0.0,0.0,0.0
2025-08-06 14:00:00,0.0,42.7654375,0.0,0.0,0.0,0.0,0.0
2025-08-06 15:00:00,0.0,42.9500625,0.0,0.0,0.0,0.0,0.0
2025-08-06 16:00:00,0.0,42.0149375,0.0,0.0,0.0,0.0,0.0
2025-08-06 17:00:00,0.0,40.55075,0.0,0.0,0.0,0.0,0.0
2025-08-06 18:00:00,0.0,41.265375,0.0,0.0,0.0,0.0,0.0
2025-08-06 19:00:00,0.0,43.590125,0.0,0.0,0.0,0.0,0.0
2025-08-06 20:00:00,0.0,42.4721875,0.0,0.0,0.0,0.0,0.0
2025-08-06 21:00:00,0.0,40.7419375,0.0,0.0,0.0,0.0,0.0
2025-08-06 22:00:00,0.0,38.577625,0.0,0.0,0.0,0.0,0.0
2025-08-06 23:00:00,0.0,35.9671875,0.0,0.0,0.0,0.0,0.0
2025-08-07 00:00:00,0.0,32.300125,0.0,0.0,0.0,0.0,0.0
2025-08-07 01:00:00,0.0,29.0573125,0.0,0.0,0.0,0.0,0.0
2025-08-07 02:00:00,0.0,26.463375,0.0,0.0,0.0,0.0,0.0
2025-08-07 03:00:00,0.0,24.7961875,0.0,0.0,0.0,0.0,0.0
2025-08-07 04:00:00,0.0,23.91,0.0,0.0,0.0,0.0,0.0
2025-08-07 05:00:00,0.0,24.098125,0.0,0.0,0.0,0.0,0.0
2025-08-07 06:00:00,0.0,26.2466875,0.0,0.0,0.0,0.0,0.0
2025-08-07 07:00:00,0.0,31.7848125,0.0,0.0,0.0,0.0,0.0
2025-08-07 08:00:00,0.0,36.7058125,0.0,0.0,0.0,0.0,0.0
2025-08-07 09:00:00,0.0,39.709125,0.0,0.0,0.0,0.0,0.0
2025-08-07 10:00:00,0.0,41.4029375,0.0,0.0,0.0,0.0,0.0
2025-08-07 11:00:00,0.0,42.3501875,0.0,0.0,0.0,0.0,0.0
2025-08-07 12:00:00,0.0,42.637375,0.0,0.0,0.0,0.0,0.0
2025-08-07 13:00:00,0.0,42.123625,0.0,0.0,0.0,0.0,0.0
2025-08-07 14:00:00,0.0,41.1725,0.0,0.0,0.0,0.0,0.0
2025-08-07 15:00:00,0.0,41.9215,0.0,0.0,0.0,0.0,0.0
2025-08-07 16:00:00,0.0,41.3175625,0.0,0.0,0.0,0.0,0.0
2025-08-07 17:00:00,0.0,39.7804375,0.0,0.0,0.0,0.0,0.0
2025-08-07 18:00:00,0.0,40.8004375,0.0,0.0,0.0,0.0,0.0
2025-08-07 19:00:00,0.0,42.8806875,0.0,0.0,0.0,0.0,0.0
2025-08-07 20:00:00,0.0,42.082,0.0,0.0,0.0,0.0,0.0
2025-08-07 21:00:00,0.0,40.978625,0.0,0.0,0.0,0.0,0.0
2025-08-07 22:00:00,0.0,37.1669375,0.0,0.0,0.0,0.0,0.0
2025-08-07 23:00:00,0.0,34.6316875,0.0,0.0,0.0,0.0,0.0
2025-08-08 00:00:00,0.0,31.4313125,0.0,0.0,0.0,0.0,0.0
2025-08-08 01:00:00,0.0,28.3281875,0.0,0.0,0.0,0.0,0.0
2025-08-08 02:00:00,0.0,25.569,0.0,0.0,0.0,0.0,0.0
2025-08-08 03:00:00,0.0,24.3605,0.0,0.0,0.0,0.0,0.0
2025-08-08 04:00:00,0.0,24.089625,0.0,0.0,0.0,0.0,0.0
2025-08-08 05:00:00,0.0,24.009875,0.0,0.0,0.0,0.0,0.0
2025-08-08 06:00:00,0.0,25.92525,0.0,0.0,0.0,0.0,0.0
2025-08-08 07:00:00,0.0,31.3513125,0.0,0.0,0.0,0.0,0.0
2025-08-08 08:00:00,0.0,36.4378125,0.0,0.0,0.0,0.0,0.0
2025-08-08 09:00:00,0.0,40.0040625,0.0,0.0,0.0,0.0,0.0
2025-08-08 10:00:00,0.0,41.1928125,0.0,0.0,0.0,0.0,0.0
2025-08-08 11:00:00,0.0,42.2546875,0.0,0.0,0.0,0.0,0.0
2025-08-08 12:00:00,0.0,42.6449375,0.0,0.0,0.0,0.0,0.0
2025-08-08 13:00:00,0.0,42.1325,0.0,0.0,0.0,0.0,0.0
2025-08-08 14:00:00,0.0,41.265375,0.0,0.0,0.0,0.0,0.0
2025-08-08 15:00:00,0.0,40.8823125,0.0,0.0,0.0,0.0,0.0
2025-08-08 16:00:00,0.0,40.549125,0.0,0.0,0.0,0.0,0.0
2025-08-08 17:00:00,0.0,38.4730625,0.0,0.0,0.0,0.0,0.0
2025-08-08 18:00:00,0.0,38.4698125,0.0,0.0,0.0,0.0,0.0
2025-08-08 19:00:00,0.0,40.9676875,0.0,0.0,0.0,0.0,0.0
2025-08-08 20:00:00,0.0,41.31675,0.0,0.0,0.0,0.0,0.0
2025-08-08 21:00:00,0.0,40.0605,0.0,0.0,0.0,0.0,0.0
2025-08-08 22:00:00,0.0,37.76875,0.0,0.0,0.0,0.0,0.0
2025-08-08 23:00:00,0.0,35.147625,0.0,0.0,0.0,0.0,0.0
2025-08-09 00:00:00,0.0,30.0829375,0.0,0.0,0.0,0.0,0.0
2025-08-09 01:00:00,0.0,26.866375,0.0,0.0,0.0,0.0,0.0
2025-08-09 02:00:00,0.0,24.7925,0.0,0.0,0.0,0.0,0.0
2025-08-09 03:00:00,0.0,23.7100625,0.0,0.0,0.0,0.0,0.0
2025-08-09 04:00:00,0.0,23.15375,0.0,0.0,0.0,0.0,0.0
2025-08-09 05:00:00,0.0,23.7386875,0.0,0.0,0.0,0.0,0.0
2025-08-09 06:00:00,0.0,25.802875,0.0,0.0,0.0,0.0,0.0
2025-08-09 07:00:00,0.0,30.926,0.0,0.0,0.0,0.0,0.0
2025-08-09 08:00:00,0.0,35.13825,0.0,0.0,0.0,0.0,0.0
2025-08-09 09:00:00,0.0,40.5514375,0.0,0.0,0.0,0.0,0.0
2025-08-09 10:00:00,0.0,42.106625,0.0,0.0,0.0,0.0,0.0
2025-08-09 11:00:00,0.0,43.245125,0.0,0.0,0.0,0.0,0.0
2025-08-09 12:00:00,0.0,43.9539375,0.0,0.0,0.0,0.0,0.0
2025-08-09 13:00:00,0.0,43.6828125,0.0,0.0,0.0,0.0,0.0
2025-08-09 14:00:00,0.0,43.241375,0.0,0.0,0.0,0.0,0.0
2025-08-09 15:00:00,0.0,43.3215,0.0,0.0,0.0,0.0,0.0
2025-08-09 16:00:00,0.0,41.3035,0.0,0.0,0.0,0.0,0.0
2025-08-09 17:00:00,0.0,39.4898125,0.0,0.0,0.0,0.0,0.0
2025-08-09 18:00:00,0.0,40.287875,0.0,0.0,0.0,0.0,0.0
2025-08-09 19:00:00,0.0,42.0301875,0.0,0.0,0.0,0.0,0.0
2025-08-09 20:00:00,0.0,41.1350625,0.0,0.0,0.0,0.0,0.0
2025-08-09 21:00:00,0.0,38.977375,0.0,0.0,0.0,0.0,0.0
2025-08-09 22:00:00,0.0,37.4813125,0.0,0.0,0.0,0.0,0.0
2025-08-09 23:00:00,0.0,35.864875,0.0,0.0,0.0,0.0,0.0
2025-08-10 00:00:00,0.0,32.661625,0.0,0.0,0.0,0.0,0.0
2025-08-10 01:00:00,0.0,29.849625,0.0,0.0,0.0,0.0,0.0
2025-08-10 02:00:00,0.0,27.5200625,0.0,0.0,0.0,0.0,0.0
2025-08-10 03:00:00,0.0,25.7559375,0.0,0.0,0.0,0.0,0.0
2025-08-10 04:00:00,0.0,24.510375,0.0,0.0,0.0,0.0,0.0
2025-08-10 05:00:00,0.0,24.2390625,0.0,0.0,0.0,0.0,0.0
2025-08-10 06:00:00,0.0,24.4840625,0.0,0.0,0.0,0.0,0.0
2025-08-10 07:00:00,0.0,25.7546875,0.0,0.0,0.0,0.0,0.0
2025-08-10 08:00:00,0.0,28.815,0.0,0.0,0.0,0.0,0.0
2025-08-10 09:00:00,0.0,32.083375,0.0,0.0,0.0,0.0,0.0
2025-08-10 10:00:00,0.0,35.26525,0.0,0.0,0.0,0.0,0.0
2025-08-10 11:00:00,0.0,37.6878125,0.0,0.0,0.0,0.0,0.0
2025-08-10 12:00:00,0.0,38.8156875,0.0,0.0,0.0,0.0,0.0
2025-08-10 13:00:00,0.0,39.2678125,0.0,0.0,0.0,0.0,0.0
2025-08-10 14:00:00,0.0,38.8920625,0.0,0.0,0.0,0.0,0.0
2025-08-10 15:00:00,0.0,38.1560625,0.0,0.0,0.0,0.0,0.0
2025-08-10 16:00:00,0.0,36.793125,0.0,0.0,0.0,0.0,0.0
2025-08-10 17:00:00,0.0,35.449,0.0,0.0,0.0,0.0,0.0
2025-08-10 18:00:00,0.0,36.20375,0.0,0.0,0.0,0.0,0.0
2025-08-10 19:00:00,0.0,39.481625,0.0,0.0,0.0,0.0,0.0
2025-08-10 20:00:00,0.0,39.558125,0.0,0.0,0.0,0.0,0.0
2025-08-10 21:00:00,0.0,38.07725,0.0,0.0,0.0,0.0,0.0
2025-08-10 22:00:00,0.0,36.556375,0.0,0.0,0.0,0.0,0.0
2025-08-10 23:00:00,0.0,34.742875,0.0,0.0,0.0,0.0,0.0
2025-08-11 00:00:00,0.0,32.360625,0.0,0.0,0.0,0.0,0.0
2025-08-11 01:00:00,0.0,29.3665,0.0,0.0,0.0,0.0,0.0
2025-08-11 02:00:00,0.0,26.4165,0.0,0.0,0.0,0.0,0.0
2025-08-11 03:00:00,0.0,24.59275,0.0,0.0,0.0,0.0,0.0
2025-08-11 04:00:00,0.0,23.7725,0.0,0.0,0.0,0.0,0.0
2025-08-11 05:00:00,0.0,23.306875,0.0,0.0,0.0,0.0,0.0
2025-08-11 06:00:00,0.0,23.799375,0.0,0.0,0.0,0.0,0.0
2025-08-11 07:00:00,0.0,24.358,0.0,0.0,0.0,0.0,0.0
2025-08-11 08:00:00,0.0,25.6685,0.0,0.0,0.0,0.0,0.0
2025-08-11 09:00:00,0.0,26.93775,0.0,0.0,0.0,0.0,0.0
2025-08-11 10:00:00,0.0,28.79,0.0,0.0,0.0,0.0,0.0
2025-08-11 11:00:00,0.0,31.64575,0.0,0.0,0.0,0.0,0.0
2025-08-11 12:00:00,0.0,33.447625,0.0,0.0,0.0,0.0,0.0
2025-08-11 13:00:00,0.0,35.701875,0.0,0.0,0.0,0.0,0.0
2025-08-11 14:00:00,0.0,36.753875,0.0,0.0,0.0,0.0,0.0
2025-08-11 15:00:00,0.0,35.730875,0.0,0.0,0.0,0.0,0.0
2025-08-11 16:00:00,0.0,35.190375,0.0,0.0,0.0,0.0,0.0
2025-08-11 17:00:00,0.0,34.16225,0.0,0.0,0.0,0.0,0.0
2025-08-11 18:00:00,0.0,35.94375,0.0,0.0,0.0,0.0,0.0
2025-08-11 19:00:00,0.0,38.79825,0.0,0.0,0.0,0.0,0.0
2025-08-11 20:00:00,0.0,38.954125,0.0,0.0,0.0,0.0,0.0
2025-08-11 21:00:00,0.0,38.070375,0.0,0.0,0.0,0.0,0.0
2025-08-11 22:00:00,0.0,36.243125,0.0,0.0,0.0,0.0,0.0
2025-08-11 23:00:00,0.0,34.209375,0.0,0.0,0.0,0.0,0.0
2025-08-12 00:00:00,0.0,30.868875,0.0,0.0,0.0,0.0,0.0
2025-08-12 01:00:00,0.0,27.298125,0.0,0.0,0.0,0.0,0.0
2025-08-12 02:00:00,0.0,24.853625,0.0,0.0,0.0,0.0,0.0
2025-08-12 03:00:00,0.0,23.452625,0.0,0.0,0.0,0.0,0.0
2025-08-12 04:00:00,0.0,23.31675,0.0,0.0,0.0,0.0,0.0
2025-08-12 05:00:00,0.0,23.694875,0.0,0.0,0.0,0.0,0.0
2025-08-12 06:00:00,0.0,26.02875,0.0,0.0,0.0,0.0,0.0
2025-08-12 07:00:00,0.0,32.004,0.0,0.0,0.0,0.0,0.0
2025-08-12 08:00:00,0.0,36.1785,0.0,0.0,0.0,0.0,0.0
2025-08-12 09:00:00,0.0,41.082875,0.0,0.0,0.0,0.0,0.0
2025-08-12 10:00:00,0.0,42.932,0.0,0.0,0.0,0.0,0.0
2025-08-12 11:00:00,0.0,43.71675,0.0,0.0,0.0,0.0,0.0
2025-08-12 12:00:00,0.0,43.302125,0.0,0.0,0.0,0.0,0.0
2025-08-12 13:00:00,0.0,43.121875,0.0,0.0,0.0,0.0,0.0
2025-08-12 14:00:00,0.0,42.237625,0.0,0.0,0.0,0.0,0.0
2025-08-12 15:00:00,0.0,42.3705,0.0,0.0,0.0,0.0,0.0
2025-08-12 16:00:00,0.0,41.83775,0.0,0.0,0.0,0.0,0.0
2025-08-12 17:00:00,0.0,40.890625,0.0,0.0,0.0,0.0,0.0
2025-08-12 18:00:00,0.0,41.35275,0.0,0.0,0.0,0.0,0.0
2025-08-12 19:00:00,0.0,43.710625,0.0,0.0,0.0,0.0,0.0
2025-08-12 20:00:00,0.0,42.79225,0.0,0.0,0.0,0.0,0.0
2025-08-12 21:00:00,0.0,40.901125,0.0,0.0,0.0,0.0,0.0
2025-08-12 22:00:00,0.0,38.1245,0.0,0.0,0.0,0.0,0.0
2025-08-12 23:00:00,0.0,34.753375,0.0,0.0,0.0,0.0,0.0
2025-08-13 00:00:00,0.0,30.892375,0.0,0.0,0.0,0.0,0.0
2025-08-13 01:00:00,0.0,28.033875,0.0,0.0,0.0,0.0,0.0
2025-08-13 02:00:00,0.0,24.94025,0.0,0.0,0.0,0.0,0.0
2025-08-13 03:00:00,0.0,23.98175,0.0,0.0,0.0,0.0,0.0
2025-08-13 04:00:00,0.0,23.51025,0.0,0.0,0.0,0.0,0.0
2025-08-13 05:00:00,0.0,23.9825,0.0,0.0,0.0,0.0,0.0
2025-08-13 06:00:00,0.0,26.13725,0.0,0.0,0.0,0.0,0.0
2025-08-13 07:00:00,0.0,31.74525,0.0,0.0,0.0,0.0,0.0
2025-08-13 08:00:00,0.0,35.6375,0.0,0.0,0.0,0.0,0.0
2025-08-13 09:00:00,0.0,39.057875,0.0,0.0,0.0,0.0,0.0
2025-08-13 10:00:00,0.0,40.663,0.0,0.0,0.0,0.0,0.0
2025-08-13 11:00:00,0.0,42.595125,0.0,0.0,0.0,0.0,0.0
2025-08-13 12:00:00,0.0,43.299875,0.0,0.0,0.0,0.0,0.0
2025-08-13 13:00:00,0.0,43.094125,0.0,0.0,0.0,0.0,0.0
2025-08-13 14:00:00,0.0,43.251125,0.0,0.0,0.0,0.0,0.0
2025-08-13 15:00:00,0.0,43.373625,0.0,0.0,0.0,0.0,0.0
2025-08-13 16:00:00,0.0,41.607,0.0,0.0,0.0,0.0,0.0
2025-08-13 17:00:00,0.0,39.158,0.0,0.0,0.0,0.0,0.0
2025-08-13 18:00:00,0.0,39.439375,0.0,0.0,0.0,0.0,0.0
2025-08-13 19:00:00,0.0,42.781,0.0,0.0,0.0,0.0,0.0
2025-08-13 20:00:00,0.0,42.581125,0.0,0.0,0.0,0.0,0.0
2025-08-13 21:00:00,0.0,40.79775,0.0,0.0,0.0,0.0,0.0
2025-08-13 22:00:00,0.0,38.081625,0.0,0.0,0.0,0.0,0.0
2025-08-13 23:00:00,0.0,34.971,0.0,0.0,0.0,0.0,0.0
2025-08-14 00:00:00,0.0,30.847125,0.0,0.0,0.0,0.0,0.0
2025-08-14 01:00:00,0.0,28.11225,0.0,0.0,0.0,0.0,0.0
2025-08-14 02:00:00,0.0,25.941375,0.0,0.0,0.0,0.0,0.0
2025-08-14 03:00:00,0.0,24.413125,0.0,0.0,0.0,0.0,0.0
2025-08-14 04:00:00,0.0,23.86175,0.0,0.0,0.0,0.0,0.0
2025-08-14 05:00:00,0.0,24.34275,0.0,0.0,0.0,0.0,0.0
2025-08-14 06:00:00,0.0,27.035,0.0,0.0,0.0,0.0,0.0
2025-08-14 07:00:00,0.0,32.431875,0.0,0.0,0.0,0.0,0.0
2025-08-14 08:00:00,0.0,36.208625,0.0,0.0,0.0,0.0,0.0
2025-08-14 09:00:00,0.0,40.284375,0.0,0.0,0.0,0.0,0.0
2025-08-14 10:00:00,0.0,41.758625,0.0,0.0,0.0,0.0,0.0
2025-08-14 11:00:00,0.0,43.096375,0.0,0.0,0.0,0.0,0.0
2025-08-14 12:00:00,0.0,43.4765,0.0,0.0,0.0,0.0,0.0
2025-08-14 13:00:00,0.0,42.64225,0.0,0.0,0.0,0.0,0.0
2025-08-14 14:00:00,0.0,42.17875,0.0,0.0,0.0,0.0,0.0
2025-08-14 15:00:00,0.0,42.69225,0.0,0.0,0.0,0.0,0.0
2025-08-14 16:00:00,0.0,40.7,0.0,0.0,0.0,0.0,0.0
2025-08-14 17:00:00,0.0,38.995375,0.0,0.0,0.0,0.0,0.0
2025-08-14 18:00:00,0.0,38.289875,0.0,0.0,0.0,0.0,0.0
2025-08-14 19:00:00,0.0,41.07475,0.0,0.0,0.0,0.0,0.0
2025-08-14 20:00:00,0.0,40.615125,0.0,0.0,0.0,0.0,0.0
2025-08-14 21:00:00,0.0,39.1225,0.0,0.0,0.0,0.0,0.0
2025-08-14 22:00:00,0.0,37.68325,0.0,0.0,0.0,0.0,0.0
2025-08-14 23:00:00,0.0,35.543625,0.0,0.0,0.0,0.0,0.0
2025-08-15 00:00:00,0.0,32.27475,0.0,0.0,0.0,0.0,0.0
2025-08-15 01:00:00,0.0,29.45775,0.0,0.0,0.0,0.0,0.0
2025-08-15 02:00:00,0.0,26.887625,0.0,0.0,0.0,0.0,0.0
2025-08-15 03:00:00,0.0,25.221,0.0,0.0,0.0,0.0,0.0
2025-08-15 04:00:00,0.0,24.482125,0.0,0.0,0.0,0.0,0.0
2025-08-15 05:00:00,0.0,23.948375,0.0,0.0,0.0,0.0,0.0
2025-08-15 06:00:00,0.0,23.95575,0.0,0.0,0.0,0.0,0.0
2025-08-15 07:00:00,0.0,24.8385,0.0,0.0,0.0,0.0,0.0
2025-08-15 08:00:00,0.0,26.34625,0.0,0.0,0.0,0.0,0.0
2025-08-15 09:00:00,0.0,27.741625,0.0,0.0,0.0,0.0,0.0
2025-08-15 10:00:00,0.0,30.40675,0.0,0.0,0.0,0.0,0.0
2025-08-15 11:00:00,0.0,32.819,0.0,0.0,0.0,0.0,0.0
2025-08-15 12:00:00,0.0,34.479,0.0,0.0,0.0,0.0,0.0
2025-08-15 13:00:00,0.0,35.791,0.0,0.0,0.0,0.0,0.0
2025-08-15 14:00:00,0.0,35.642,0.0,0.0,0.0,0.0,0.0
2025-08-15 15:00:00,0.0,34.80375,0.0,0.0,0.0,0.0,0.0
2025-08-15 16:00:00,0.0,33.94425,0.0,0.0,0.0,0.0,0.0
2025-08-15 17:00:00,0.0,34.120375,0.0,0.0,0.0,0.0,0.0
2025-08-15 18:00:00,0.0,35.1075,0.0,0.0,0.0,0.0,0.0
2025-08-15 19:00:00,0.0,38.61075,0.0,0.0,0.0,0.0,0.0
2025-08-15 20:00:00,0.0,38.5795,0.0,0.0,0.0,0.0,0.0
2025-08-15 21:00:00,0.0,37.339125,0.0,0.0,0.0,0.0,0.0
2025-08-15 22:00:00,0.0,35.6355,0.0,0.0,0.0,0.0,0.0
2025-08-15 23:00:00,0.0,33.1125,0.0,0.0,0.0,0.0,0.0
2025-08-16 00:00:00,0.0,29.806625,0.0,0.0,0.0,0.0,0.0
2025-08-16 01:00:00,0.0,26.620625,0.0,0.0,0.0,0.0,0.0
2025-08-16 02:00:00,0.0,24.358,0.0,0.0,0.0,0.0,0.0
2025-08-16 03:00:00,0.0,23.629,0.0,0.0,0.0,0.0,0.0
2025-08-16 04:00:00,0.0,23.129875,0.0,0.0,0.0,0.0,0.0
2025-08-16 05:00:00,0.0,23.296625,0.0,0.0,0.0,0.0,0.0
2025-08-16 06:00:00,0.0,25.13525,0.0,0.0,0.0,0.0,0.0
2025-08-16 07:00:00,0.0,29.5665,0.0,0.0,0.0,0.0,0.0
2025-08-16 08:00:00,0.0,34.07575,0.0,0.0,0.0,0.0,0.0
2025-08-16 09:00:00,0.0,37.398125,0.0,0.0,0.0,0.0,0.0
2025-08-16 10:00:00,0.0,39.649875,0.0,0.0,0.0,0.0,0.0
2025-08-16 11:00:00,0.0,41.02,0.0,0.0,0.0,0.0,0.0
2025-08-16 12:00:00,0.0,41.606875,0.0,0.0,0.0,0.0,0.0
2025-08-16 13:00:00,0.0,41.8595,0.0,0.0,0.0,0.0,0.0
2025-08-16 14:00:00,0.0,41.36075,0.0,0.0,0.0,0.0,0.0
2025-08-16 15:00:00,0.0,41.1215,0.0,0.0,0.0,0.0,0.0
2025-08-16 16:00:00,0.0,39.529625,0.0,0.0,0.0,0.0,0.0
2025-08-16 17:00:00,0.0,37.8785,0.0,0.0,0.0,0.0,0.0
2025-08-16 18:00:00,0.0,37.725,0.0,0.0,0.0,0.0,0.0
2025-08-16 19:00:00,0.0,40.77925,0.0,0.0,0.0,0.0,0.0
2025-08-16 20:00:00,0.0,40.67025,0.0,0.0,0.0,0.0,0.0
2025-08-16 21:00:00,0.0,38.772875,0.0,0.0,0.0,0.0,0.0
2025-08-16 22:00:00,0.0,37.32525,0.0,0.0,0.0,0.0,0.0
2025-08-16 23:00:00,0.0,35.470625,0.0,0.0,0.0,0.0,0.0
2025-08-17 00:00:00,0.0,32.83175,0.0,0.0,0.0,0.0,0.0
2025-08-17 01:00:00,0.0,29.623875,0.0,0.0,0.0,0.0,0.0
2025-08-17 02:00:00,0.0,26.634875,0.0,0.0,0.0,0.0,0.0
2025-08-17 03:00:00,0.0,24.765125,0.0,0.0,0.0,0.0,0.0
2025-08-17 04:00:00,0.0,23.942125,0.0,0.0,0.0,0.0,0.0
2025-08-17 05:00:00,0.0,23.8135,0.0,0.0,0.0,0.0,0.0
2025-08-17 06:00:00,0.0,24.001,0.0,0.0,0.0,0.0,0.0
2025-08-17 07:00:00,0.0,25.295125,0.0,0.0,0.0,0.0,0.0
2025-08-17 08:00:00,0.0,28.329,0.0,0.0,0.0,0.0,0.0
2025-08-17 09:00:00,0.0,32.077,0.0,0.0,0.0,0.0,0.0
2025-08-17 10:00:00,0.0,35.38825,0.0,0.0,0.0,0.0,0.0
2025-08-17 11:00:00,0.0,37.74775,0.0,0.0,0.0,0.0,0.0
2025-08-17 12:00:00,0.0,39.016375,0.0,0.0,0.0,0.0,0.0
2025-08-17 13:00:00,0.0,40.208375,0.0,0.0,0.0,0.0,0.0
2025-08-17 14:00:00,0.0,39.70425,0.0,0.0,0.0,0.0,0.0
2025-08-17 15:00:00,0.0,39.031,0.0,0.0,0.0,0.0,0.0
2025-08-17 16:00:00,0.0,37.942,0.0,0.0,0.0,0.0,0.0
2025-08-17 17:00:00,0.0,36.69975,0.0,0.0,0.0,0.0,0.0
2025-08-17 18:00:00,0.0,37.213875,0.0,0.0,0.0,0.0,0.0
2025-08-17 19:00:00,0.0,40.153875,0.0,0.0,0.0,0.0,0.0
2025-08-17 20:00:00,0.0,38.980375,0.0,0.0,0.0,0.0,0.0
2025-08-17 21:00:00,0.0,38.063875,0.0,0.0,0.0,0.0,0.0
2025-08-17 22:00:00,0.0,36.321375,0.0,0.0,0.0,0.0,0.0
2025-08-17 23:00:00,0.0,34.3295,0.0,0.0,0.0,0.0,0.0
2025-08-18 00:00:00,0.0,30.97975,0.0,0.0,0.0,0.0,0.0
2025-08-18 01:00:00,0.0,28.267125,0.0,0.0,0.0,0.0,0.0
2025-08-18 02:00:00,0.0,25.36575,0.0,0.0,0.0,0.0,0.0
2025-08-18 03:00:00,0.0,23.750125,0.0,0.0,0.0,0.0,0.0
2025-08-18 04:00:00,0.0,22.6505,0.0,0.0,0.0,0.0,0.0
2025-08-18 05:00:00,0.0,22.12725,0.0,0.0,0.0,0.0,0.0
2025-08-18 06:00:00,0.0,21.917875,0.0,0.0,0.0,0.0,0.0
2025-08-18 07:00:00,0.0,22.552375,0.0,0.0,0.0,0.0,0.0
2025-08-18 08:00:00,0.0,23.249625,0.0,0.0,0.0,0.0,0.0
2025-08-18 09:00:00,0.0,24.05475,0.0,0.0,0.0,0.0,0.0
2025-08-18 10:00:00,0.0,26.094875,0.0,0.0,0.0,0.0,0.0
2025-08-18 11:00:00,0.0,28.6395,0.0,0.0,0.0,0.0,0.0
2025-08-18 12:00:00,0.0,30.705,0.0,0.0,0.0,0.0,0.0
2025-08-18 13:00:00,0.0,32.5045,0.0,0.0,0.0,0.0,0.0
2025-08-18 14:00:00,0.0,32.919625,0.0,0.0,0.0,0.0,0.0
2025-08-18 15:00:00,0.0,32.591375,0.0,0.0,0.0,0.0,0.0
2025-08-18 16:00:00,0.0,32.407,0.0,0.0,0.0,0.0,0.0
2025-08-18 17:00:00,0.0,32.194625,0.0,0.0,0.0,0.0,0.0
2025-08-18 18:00:00,0.0,33.176375,0.0,0.0,0.0,0.0,0.0
2025-08-18 19:00:00,0.0,37.16475,0.0,0.0,0.0,0.0,0.0
2025-08-18 20:00:00,0.0,38.468125,0.0,0.0,0.0,0.0,0.0
2025-08-18 21:00:00,0.0,37.61875,0.0,0.0,0.0,0.0,0.0
2025-08-18 22:00:00,0.0,35.323375,0.0,0.0,0.0,0.0,0.0
2025-08-18 23:00:00,0.0,32.294875,0.0,0.0,0.0,0.0,0.0
2025-08-19 00:00:00,0.0,29.062875,0.0,0.0,0.0,0.0,0.0
2025-08-19 01:00:00,0.0,25.6545,0.0,0.0,0.0,0.0,0.0
2025-08-19 02:00:00,0.0,23.47325,0.0,0.0,0.0,0.0,0.0
2025-08-19 03:00:00,0.0,22.21525,0.0,0.0,0.0,0.0,0.0
2025-08-19 04:00:00,0.0,21.915375,0.0,0.0,0.0,0.0,0.0
2025-08-19 05:00:00,0.0,21.778,0.0,0.0,0.0,0.0,0.0
2025-08-19 06:00:00,0.0,24.885375,0.0,0.0,0.0,0.0,0.0
2025-08-19 07:00:00,0.0,30.1065,0.0,0.0,0.0,0.0,0.0
2025-08-19 08:00:00,0.0,34.487875,0.0,0.0,0.0,0.0,0.0
2025-08-19 09:00:00,0.0,36.245375,0.0,0.0,0.0,0.0,0.0
2025-08-19 10:00:00,0.0,37.987125,0.0,0.0,0.0,0.0,0.0
2025-08-19 11:00:00,0.0,39.22,0.0,0.0,0.0,0.0,0.0
2025-08-19 12:00:00,0.0,39.343875,0.0,0.0,0.0,0.0,0.0
2025-08-19 13:00:00,0.0,39.023375,0.0,0.0,0.0,0.0,0.0
2025-08-19 14:00:00,0.0,37.651,0.0,0.0,0.0,0.0,0.0
2025-08-19 15:00:00,0.0,37.27675,0.0,0.0,0.0,0.0,0.0
2025-08-19 16:00:00,0.0,36.501125,0.0,0.0,0.0,0.0,0.0
2025-08-19 17:00:00,0.0,35.2355,0.0,0.0,0.0,0.0,0.0
2025-08-19 18:00:00,0.0,35.351,0.0,0.0,0.0,0.0,0.0
2025-08-19 19:00:00,0.0,38.29175,0.0,0.0,0.0,0.0,0.0
2025-08-19 20:00:00,0.0,39.215375,0.0,0.0,0.0,0.0,0.0
2025-08-19 21:00:00,0.0,37.626875,0.0,0.0,0.0,0.0,0.0
2025-08-19 22:00:00,0.0,35.779375,0.0,0.0,0.0,0.0,0.0
2025-08-19 23:00:00,0.0,32.88025,0.0,0.0,0.0,0.0,0.0
2025-08-20 00:00:00,0.0,29.073,0.0,0.0,0.0,0.0,0.0
2025-08-20 01:00:00,0.0,26.112125,0.0,0.0,0.0,0.0,0.0
2025-08-20 02:00:00,0.0,24.01825,0.0,0.0,0.0,0.0,0.0
2025-08-20 03:00:00,0.0,23.158125,0.0,0.0,0.0,0.0,0.0
2025-08-20 04:00:00,0.0,22.623125,0.0,0.0,0.0,0.0,0.0
2025-08-20 05:00:00,0.0,22.855375,0.0,0.0,0.0,0.0,0.0
2025-08-20 06:00:00,0.0,25.16425,0.0,0.0,0.0,0.0,0.0
2025-08-20 07:00:00,0.0,31.205375,0.0,0.0,0.0,0.0,0.0
2025-08-20 08:00:00,0.0,34.8105,0.0,0.0,0.0,0.0,0.0
2025-08-20 09:00:00,0.0,37.841875,0.0,0.0,0.0,0.0,0.0
2025-08-20 10:00:00,0.0,39.1205,0.0,0.0,0.0,0.0,0.0
2025-08-20 11:00:00,0.0,40.66125,0.0,0.0,0.0,0.0,0.0
2025-08-20 12:00:00,0.0,41.105875,0.0,0.0,0.0,0.0,0.0
2025-08-20 13:00:00,0.0,39.237375,0.0,0.0,0.0,0.0,0.0
2025-08-20 14:00:00,0.0,38.361125,0.0,0.0,0.0,0.0,0.0
2025-08-20 15:00:00,0.0,38.519375,0.0,0.0,0.0,0.0,0.0
2025-08-20 16:00:00,0.0,38.068,0.0,0.0,0.0,0.0,0.0
2025-08-20 17:00:00,0.0,36.330125,0.0,0.0,0.0,0.0,0.0
2025-08-20 18:00:00,0.0,36.294625,0.0,0.0,0.0,0.0,0.0
2025-08-20 19:00:00,0.0,39.3575,0.0,0.0,0.0,0.0,0.0
2025-08-20 20:00:00,0.0,39.802625,0.0,0.0,0.0,0.0,0.0
2025-08-20 21:00:00,0.0,38.690875,0.0,0.0,0.0,0.0,0.0
2025-08-20 22:00:00,0.0,36.479125,0.0,0.0,0.0,0.0,0.0
2025-08-20 23:00:00,0.0,34.500125,0.0,0.0,0.0,0.0,0.0
2025-08-21 00:00:00,0.0,30.8875,0.0,0.0,0.0,0.0,0.0
2025-08-21 01:00:00,0.0,27.15275,0.0,0.0,0.0,0.0,0.0
2025-08-21 02:00:00,0.0,24.92,0.0,0.0,0.0,0.0,0.0
2025-08-21 03:00:00,0.0,23.924625,0.0,0.0,0.0,0.0,0.0
2025-08-21 04:00:00,0.0,23.207625,0.0,0.0,0.0,0.0,0.0
2025-08-21 05:00:00,0.0,23.16425,0.0,0.0,0.0,0.0,0.0
2025-08-21 06:00:00,0.0,25.319625,0.0,0.0,0.0,0.0,0.0
2025-08-21 07:00:00,0.0,31.098,0.0,0.0,0.0,0.0,0.0
2025-08-21 08:00:00,0.0,34.970125,0.0,0.0,0.0,0.0,0.0
2025-08-21 09:00:00,0.0,36.688375,0.0,0.0,0.0,0.0,0.0
2025-08-21 10:00:00,0.0,37.998125,0.0,0.0,0.0,0.0,0.0
2025-08-21 11:00:00,0.0,39.581875,0.0,0.0,0.0,0.0,0.0
2025-08-21 12:00:00,0.0,39.99125,0.0,0.0,0.0,0.0,0.0
2025-08-21 13:00:00,0.0,39.55225,0.0,0.0,0.0,0.0,0.0
2025-08-21 14:00:00,0.0,38.450625,0.0,0.0,0.0,0.0,0.0
2025-08-21 15:00:00,0.0,38.229875,0.0,0.0,0.0,0.0,0.0
2025-08-21 16:00:00,0.0,37.495625,0.0,0.0,0.0,0.0,0.0
2025-08-21 17:00:00,0.0,35.539125,0.0,0.0,0.0,0.0,0.0
2025-08-21 18:00:00,0.0,35.963625,0.0,0.0,0.0,0.0,0.0
2025-08-21 19:00:00,0.0,38.63275,0.0,0.0,0.0,0.0,0.0
2025-08-21 20:00:00,0.0,39.50725,0.0,0.0,0.0,0.0,0.0
2025-08-21 21:00:00,0.0,38.497375,0.0,0.0,0.0,0.0,0.0
2025-08-21 22:00:00,0.0,36.732375,0.0,0.0,0.0,0.0,0.0
2025-08-21 23:00:00,0.0,33.570625,0.0,0.0,0.0,0.0,0.0
2025-08-22 00:00:00,0.0,30.389,0.0,0.0,0.0,0.0,0.0
2025-08-22 01:00:00,0.0,27.318625,0.0,0.0,0.0,0.0,0.0
2025-08-22 02:00:00,0.0,24.636875,0.0,0.0,0.0,0.0,0.0
2025-08-22 03:00:00,0.0,23.455625,0.0,0.0,0.0,0.0,0.0
2025-08-22 04:00:00,0.0,22.70125,0.0,0.0,0.0,0.0,0.0
2025-08-22 05:00:00,0.0,22.74925,0.0,0.0,0.0,0.0,0.0
2025-08-22 06:00:00,0.0,25.021625,0.0,0.0,0.0,0.0,0.0
2025-08-22 07:00:00,0.0,30.75825,0.0,0.0,0.0,0.0,0.0
2025-08-22 08:00:00,0.0,35.189625,0.0,0.0,0.0,0.0,0.0
2025-08-22 09:00:00,0.0,37.205125,0.0,0.0,0.0,0.0,0.0
2025-08-22 10:00:00,0.0,39.08825,0.0,0.0,0.0,0.0,0.0
2025-08-22 11:00:00,0.0,40.619625,0.0,0.0,0.0,0.0,0.0
2025-08-22 12:00:00,0.0,41.150875,0.0,0.0,0.0,0.0,0.0
2025-08-22 13:00:00,0.0,41.13,0.0,0.0,0.0,0.0,0.0
2025-08-22 14:00:00,0.0,40.290125,0.0,0.0,0.0,0.0,0.0
2025-08-22 15:00:00,0.0,40.005125,0.0,0.0,0.0,0.0,0.0
2025-08-22 16:00:00,0.0,38.655125,0.0,0.0,0.0,0.0,0.0
2025-08-22 17:00:00,0.0,36.197625,0.0,0.0,0.0,0.0,0.0
2025-08-22 18:00:00,0.0,36.120375,0.0,0.0,0.0,0.0,0.0
2025-08-22 19:00:00,0.0,38.990875,0.0,0.0,0.0,0.0,0.0
2025-08-22 20:00:00,0.0,39.3965,0.0,0.0,0.0,0.0,0.0
2025-08-22 21:00:00,0.0,37.976625,0.0,0.0,0.0,0.0,0.0
2025-08-22 22:00:00,0.0,35.678375,0.0,0.0,0.0,0.0,0.0
2025-08-22 23:00:00,0.0,32.9555,0.0,0.0,0.0,0.0,0.0
2025-08-23 00:00:00,0.0,29.234625,0.0,0.0,0.0,0.0,0.0
2025-08-23 01:00:00,0.0,25.9335,0.0,0.0,0.0,0.0,0.0
2025-08-23 02:00:00,0.0,23.944875,0.0,0.0,0.0,0.0,0.0
2025-08-23 03:00:00,0.0,22.949375,0.0,0.0,0.0,0.0,0.0
2025-08-23 04:00:00,0.0,22.35075,0.0,0.0,0.0,0.0,0.0
2025-08-23 05:00:00,0.0,22.632375,0.0,0.0,0.0,0.0,0.0
2025-08-23 06:00:00,0.0,24.940875,0.0,0.0,0.0,0.0,0.0
2025-08-23 07:00:00,0.0,30.408,0.0,0.0,0.0,0.0,0.0
2025-08-23 08:00:00,0.0,35.449,0.0,0.0,0.0,0.0,0.0
2025-08-23 09:00:00,0.0,38.0605,0.0,0.0,0.0,0.0,0.0
2025-08-23 10:00:00,0.0,39.74425,0.0,0.0,0.0,0.0,0.0
2025-08-23 11:00:00,0.0,41.21975,0.0,0.0,0.0,0.0,0.0
2025-08-23 12:00:00,0.0,41.479375,0.0,0.0,0.0,0.0,0.0
2025-08-23 13:00:00,0.0,40.593,0.0,0.0,0.0,0.0,0.0
2025-08-23 14:00:00,0.0,39.98675,0.0,0.0,0.0,0.0,0.0
2025-08-23 15:00:00,0.0,39.364625,0.0,0.0,0.0,0.0,0.0
2025-08-23 16:00:00,0.0,35.791375,0.0,0.0,0.0,0.0,0.0
2025-08-23 17:00:00,0.0,34.4185,0.0,0.0,0.0,0.0,0.0
2025-08-23 18:00:00,0.0,34.971375,0.0,0.0,0.0,0.0,0.0
2025-08-23 19:00:00,0.0,37.6685,0.0,0.0,0.0,0.0,0.0
2025-08-23 20:00:00,0.0,38.4005,0.0,0.0,0.0,0.0,0.0
2025-08-23 21:00:00,0.0,37.3725,0.0,0.0,0.0,0.0,0.0
2025-08-23 22:00:00,0.0,36.230375,0.0,0.0,0.0,0.0,0.0
2025-08-23 23:00:00,0.0,34.265875,0.0,0.0,0.0,0.0,0.0
2025-08-24 00:00:00,0.0,31.12425,0.0,0.0,0.0,0.0,0.0
2025-08-24 01:00:00,0.0,28.316,0.0,0.0,0.0,0.0,0.0
2025-08-24 02:00:00,0.0,25.41375,0.0,0.0,0.0,0.0,0.0
2025-08-24 03:00:00,0.0,23.1625,0.0,0.0,0.0,0.0,0.0
2025-08-24 04:00:00,0.0,22.5285,0.0,0.0,0.0,0.0,0.0
2025-08-24 05:00:00,0.0,23.327625,0.0,0.0,0.0,0.0,0.0
2025-08-24 06:00:00,0.0,23.190375,0.0,0.0,0.0,0.0,0.0
2025-08-24 07:00:00,0.0,25.365375,0.0,0.0,0.0,0.0,0.0
2025-08-24 08:00:00,0.0,28.641,0.0,0.0,0.0,0.0,0.0
2025-08-24 09:00:00,0.0,32.07075,0.0,0.0,0.0,0.0,0.0
2025-08-24 10:00:00,0.0,35.5695,0.0,0.0,0.0,0.0,0.0
2025-08-24 11:00:00,0.0,37.913375,0.0,0.0,0.0,0.0,0.0
2025-08-24 12:00:00,0.0,38.728875,0.0,0.0,0.0,0.0,0.0
2025-08-24 13:00:00,0.0,38.02875,0.0,0.0,0.0,0.0,0.0
2025-08-24 14:00:00,0.0,36.88325,0.0,0.0,0.0,0.0,0.0
2025-08-24 15:00:00,0.0,36.5205,0.0,0.0,0.0,0.0,0.0
2025-08-24 16:00:00,0.0,35.3585,0.0,0.0,0.0,0.0,0.0
2025-08-24 17:00:00,0.0,34.612625,0.0,0.0,0.0,0.0,0.0
2025-08-24 18:00:00,0.0,34.834625,0.0,0.0,0.0,0.0,0.0
2025-08-24 19:00:00,0.0,38.22025,0.0,0.0,0.0,0.0,0.0
2025-08-24 20:00:00,0.0,38.365875,0.0,0.0,0.0,0.0,0.0
2025-08-24 21:00:00,0.0,37.3755,0.0,0.0,0.0,0.0,0.0
2025-08-24 22:00:00,0.0,35.687625,0.0,0.0,0.0,0.0,0.0
2025-08-24 23:00:00,0.0,33.108125,0.0,0.0,0.0,0.0,0.0
2025-08-25 00:00:00,0.0,30.189875,0.0,0.0,0.0,0.0,0.0
2025-08-25 01:00:00,0.0,27.802,0.0,0.0,0.0,0.0,0.0
2025-08-25 02:00:00,0.0,24.981625,0.0,0.0,0.0,0.0,0.0
2025-08-25 03:00:00,0.0,23.41175,0.0,0.0,0.0,0.0,0.0
2025-08-25 04:00:00,0.0,22.4195,0.0,0.0,0.0,0.0,0.0
2025-08-25 05:00:00,0.0,22.282625,0.0,0.0,0.0,0.0,0.0
2025-08-25 06:00:00,0.0,22.206875,0.0,0.0,0.0,0.0,0.0
2025-08-25 07:00:00,0.0,22.734875,0.0,0.0,0.0,0.0,0.0
2025-08-25 08:00:00,0.0,23.970625,0.0,0.0,0.0,0.0,0.0
2025-08-25 09:00:00,0.0,25.391125,0.0,0.0,0.0,0.0,0.0
2025-08-25 10:00:00,0.0,27.71225,0.0,0.0,0.0,0.0,0.0
2025-08-25 11:00:00,0.0,30.977875,0.0,0.0,0.0,0.0,0.0
2025-08-25 12:00:00,0.0,33.32325,0.0,0.0,0.0,0.0,0.0
2025-08-25 13:00:00,0.0,35.044625,0.0,0.0,0.0,0.0,0.0
2025-08-25 14:00:00,0.0,35.44,0.0,0.0,0.0,0.0,0.0
2025-08-25 15:00:00,0.0,34.999875,0.0,0.0,0.0,0.0,0.0
2025-08-25 16:00:00,0.0,34.221,0.0,0.0,0.0,0.0,0.0
2025-08-25 17:00:00,0.0,33.97075,0.0,0.0,0.0,0.0,0.0
2025-08-25 18:00:00,0.0,34.7005,0.0,0.0,0.0,0.0,0.0
2025-08-25 19:00:00,0.0,37.923875,0.0,0.0,0.0,0.0,0.0
2025-08-25 20:00:00,0.0,38.963875,0.0,0.0,0.0,0.0,0.0
2025-08-25 21:00:00,0.0,38.278125,0.0,0.0,0.0,0.0,0.0
2025-08-25 22:00:00,0.0,36.32675,0.0,0.0,0.0,0.0,0.0
2025-08-25 23:00:00,0.0,33.71825,0.0,0.0,0.0,0.0,0.0
2025-08-26 00:00:00,0.0,30.019875,0.0,0.0,0.0,0.0,0.0
2025-08-26 01:00:00,0.0,26.521625,0.0,0.0,0.0,0.0,0.0
2025-08-26 02:00:00,0.0,24.5905,0.0,0.0,0.0,0.0,0.0
2025-08-26 03:00:00,0.0,23.472625,0.0,0.0,0.0,0.0,0.0
2025-08-26 04:00:00,0.0,22.88475,0.0,0.0,0.0,0.0,0.0
2025-08-26 05:00:00,0.0,22.89625,0.0,0.0,0.0,0.0,0.0
2025-08-26 06:00:00,0.0,25.596375,0.0,0.0,0.0,0.0,0.0
2025-08-26 07:00:00,0.0,31.190375,0.0,0.0,0.0,0.0,0.0
2025-08-26 08:00:00,0.0,35.005375,0.0,0.0,0.0,0.0,0.0
2025-08-26 09:00:00,0.0,36.811875,0.0,0.0,0.0,0.0,0.0
2025-08-26 10:00:00,0.0,37.762625,0.0,0.0,0.0,0.0,0.0
2025-08-26 11:00:00,0.0,39.545875,0.0,0.0,0.0,0.0,0.0
2025-08-26 12:00:00,0.0,39.57125,0.0,0.0,0.0,0.0,0.0
2025-08-26 13:00:00,0.0,38.36675,0.0,0.0,0.0,0.0,0.0
2025-08-26 14:00:00,0.0,37.05375,0.0,0.0,0.0,0.0,0.0
2025-08-26 15:00:00,0.0,37.50175,0.0,0.0,0.0,0.0,0.0
2025-08-26 16:00:00,0.0,38.672125,0.0,0.0,0.0,0.0,0.0
2025-08-26 17:00:00,0.0,35.666875,0.0,0.0,0.0,0.0,0.0
2025-08-26 18:00:00,0.0,35.63075,0.0,0.0,0.0,0.0,0.0
2025-08-26 19:00:00,0.0,38.118375,0.0,0.0,0.0,0.0,0.0
2025-08-26 20:00:00,0.0,39.7455,0.0,0.0,0.0,0.0,0.0
2025-08-26 21:00:00,0.0,39.126125,0.0,0.0,0.0,0.0,0.0
2025-08-26 22:00:00,0.0,37.100875,0.0,0.0,0.0,0.0,0.0
2025-08-26 23:00:00,0.0,33.758375,0.0,0.0,0.0,0.0,0.0
2025-08-27 00:00:00,0.0,29.752625,0.0,0.0,0.0,0.0,0.0
2025-08-27 01:00:00,0.0,26.43875,0.0,0.0,0.0,0.0,0.0
2025-08-27 02:00:00,0.0,24.159,0.0,0.0,0.0,0.0,0.0
2025-08-27 03:00:00,0.0,23.429625,0.0,0.0,0.0,0.0,0.0
2025-08-27 04:00:00,0.0,22.913125,0.0,0.0,0.0,0.0,0.0
2025-08-27 05:00:00,0.0,22.7815,0.0,0.0,0.0,0.0,0.0
2025-08-27 06:00:00,0.0,25.36075,0.0,0.0,0.0,0.0,0.0
2025-08-27 07:00:00,0.0,30.56025,0.0,0.0,0.0,0.0,0.0
2025-08-27 08:00:00,0.0,33.744,0.0,0.0,0.0,0.0,0.0
2025-08-27 09:00:00,0.0,35.720875,0.0,0.0,0.0,0.0,0.0
2025-08-27 10:00:00,0.0,37.787625,0.0,0.0,0.0,0.0,0.0
2025-08-27 11:00:00,0.0,38.786625,0.0,0.0,0.0,0.0,0.0
2025-08-27 12:00:00,0.0,39.974375,0.0,0.0,0.0,0.0,0.0
2025-08-27 13:00:00,0.0,40.65875,0.0,0.0,0.0,0.0,0.0
2025-08-27 14:00:00,0.0,39.116375,0.0,0.0,0.0,0.0,0.0
2025-08-27 15:00:00,0.0,39.169625,0.0,0.0,0.0,0.0,0.0
2025-08-27 16:00:00,0.0,37.9045,0.0,0.0,0.0,0.0,0.0
2025-08-27 17:00:00,0.0,36.344125,0.0,0.0,0.0,0.0,0.0
2025-08-27 18:00:00,0.0,36.811,0.0,0.0,0.0,0.0,0.0
2025-08-27 19:00:00,0.0,39.278125,0.0,0.0,0.0,0.0,0.0
2025-08-27 20:00:00,0.0,39.4615,0.0,0.0,0.0,0.0,0.0
2025-08-27 21:00:00,0.0,38.572625,0.0,0.0,0.0,0.0,0.0
2025-08-27 22:00:00,0.0,36.629125,0.0,0.0,0.0,0.0,0.0
2025-08-27 23:00:00,0.0,33.67225,0.0,0.0,0.0,0.0,0.0
2025-08-28 00:00:00,0.0,28.94925,0.0,0.0,0.0,0.0,0.0
2025-08-28 01:00:00,0.0,25.3525,0.0,0.0,0.0,0.0,0.0
2025-08-28 02:00:00,0.0,23.1345,0.0,0.0,0.0,0.0,0.0
2025-08-28 03:00:00,0.0,21.5065,0.0,0.0,0.0,0.0,0.0
2025-08-28 04:00:00,0.0,21.72475,0.0,0.0,0.0,0.0,0.0
2025-08-28 05:00:00,0.0,23.069625,0.0,0.0,0.0,0.0,0.0
2025-08-28 06:00:00,0.0,25.6615,0.0,0.0,0.0,0.0,0.0
2025-08-28 07:00:00,0.0,31.500125,0.0,0.0,0.0,0.0,0.0
2025-08-28 08:00:00,0.0,34.94675,0.0,0.0,0.0,0.0,0.0
2025-08-28 09:00:00,0.0,37.168625,0.0,0.0,0.0,0.0,0.0
2025-08-28 10:00:00,0.0,39.184375,0.0,0.0,0.0,0.0,0.0
2025-08-28 11:00:00,0.0,40.8905,0.0,0.0,0.0,0.0,0.0
2025-08-28 12:00:00,0.0,41.426625,0.0,0.0,0.0,0.0,0.0
2025-08-28 13:00:00,0.0,40.888625,0.0,0.0,0.0,0.0,0.0
2025-08-28 14:00:00,0.0,39.73475,0.0,0.0,0.0,0.0,0.0
2025-08-28 15:00:00,0.0,40.129125,0.0,0.0,0.0,0.0,0.0
2025-08-28 16:00:00,0.0,38.395375,0.0,0.0,0.0,0.0,0.0
2025-08-28 17:00:00,0.0,36.64325,0.0,0.0,0.0,0.0,0.0
2025-08-28 18:00:00,0.0,36.368875,0.0,0.0,0.0,0.0,0.0
2025-08-28 19:00:00,0.0,38.61525,0.0,0.0,0.0,0.0,0.0
2025-08-28 20:00:00,0.0,40.002625,0.0,0.0,0.0,0.0,0.0
2025-08-28 21:00:00,0.0,39.127625,0.0,0.0,0.0,0.0,0.0
2025-08-28 22:00:00,0.0,36.645,0.0,0.0,0.0,0.0,0.0
2025-08-28 23:00:00,0.0,32.911,0.0,0.0,0.0,0.0,0.0
2025-08-29 00:00:00,0.0,28.616125,0.0,0.0,0.0,0.0,0.0
2025-08-29 01:00:00,0.0,25.271375,0.0,0.0,0.0,0.0,0.0
2025-08-29 02:00:00,0.0,23.296,0.0,0.0,0.0,0.0,0.0
2025-08-29 03:00:00,0.0,22.2545,0.0,0.0,0.0,0.0,0.0
2025-08-29 04:00:00,0.0,21.718875,0.0,0.0,0.0,0.0,0.0
2025-08-29 05:00:00,0.0,21.908125,0.0,0.0,0.0,0.0,0.0
2025-08-29 06:00:00,0.0,24.956375,0.0,0.0,0.0,0.0,0.0
2025-08-29 07:00:00,0.0,31.3585,0.0,0.0,0.0,0.0,0.0
2025-08-29 08:00:00,0.0,34.301,0.0,0.0,0.0,0.0,0.0
2025-08-29 09:00:00,0.0,36.109875,0.0,0.0,0.0,0.0,0.0
2025-08-29 10:00:00,0.0,37.432,0.0,0.0,0.0,0.0,0.0
2025-08-29 11:00:00,0.0,38.634875,0.0,0.0,0.0,0.0,0.0
2025-08-29 12:00:00,0.0,39.3875,0.0,0.0,0.0,0.0,0.0
2025-08-29 13:00:00,0.0,39.49575,0.0,0.0,0.0,0.0,0.0
2025-08-29 14:00:00,0.0,39.214625,0.0,0.0,0.0,0.0,0.0
2025-08-29 15:00:00,0.0,39.60525,0.0,0.0,0.0,0.0,0.0
2025-08-29 16:00:00,0.0,39.28775,0.0,0.0,0.0,0.0,0.0
2025-08-29 17:00:00,0.0,38.098875,0.0,0.0,0.0,0.0,0.0
2025-08-29 18:00:00,0.0,37.066,0.0,0.0,0.0,0.0,0.0
2025-08-29 19:00:00,0.0,38.913375,0.0,0.0,0.0,0.0,0.0
2025-08-29 20:00:00,0.0,38.477625,0.0,0.0,0.0,0.0,0.0
2025-08-29 21:00:00,0.0,36.878,0.0,0.0,0.0,0.0,0.0
2025-08-29 22:00:00,0.0,35.193375,0.0,0.0,0.0,0.0,0.0
2025-08-29 23:00:00,0.0,33.45625,0.0,0.0,0.0,0.0,0.0
2025-08-30 00:00:00,0.0,30.226625,0.0,0.0,0.0,0.0,0.0
2025-08-30 01:00:00,0.0,27.231125,0.0,0.0,0.0,0.0,0.0
2025-08-30 02:00:00,0.0,25.005875,0.0,0.0,0.0,0.0,0.0
2025-08-30 03:00:00,0.0,24.147625,0.0,0.0,0.0,0.0,0.0
2025-08-30 04:00:00,0.0,23.528125,0.0,0.0,0.0,0.0,0.0
2025-08-30 05:00:00,0.0,23.622375,0.0,0.0,0.0,0.0,0.0
2025-08-30 06:00:00,0.0,25.50775,0.0,0.0,0.0,0.0,0.0
2025-08-30 07:00:00,0.0,31.861,0.0,0.0,0.0,0.0,0.0
2025-08-30 08:00:00,0.0,35.117625,0.0,0.0,0.0,0.0,0.0
2025-08-30 09:00:00,0.0,36.874875,0.0,0.0,0.0,0.0,0.0
2025-08-30 10:00:00,0.0,38.017,0.0,0.0,0.0,0.0,0.0
2025-08-30 11:00:00,0.0,39.837625,0.0,0.0,0.0,0.0,0.0
2025-08-30 12:00:00,0.0,40.19025,0.0,0.0,0.0,0.0,0.0
2025-08-30 13:00:00,0.0,38.994125,0.0,0.0,0.0,0.0,0.0
2025-08-30 14:00:00,0.0,37.48625,0.0,0.0,0.0,0.0,0.0
2025-08-30 15:00:00,0.0,37.084125,0.0,0.0,0.0,0.0,0.0
2025-08-30 16:00:00,0.0,35.395375,0.0,0.0,0.0,0.0,0.0
2025-08-30 17:00:00,0.0,33.8245,0.0,0.0,0.0,0.0,0.0
2025-08-30 18:00:00,0.0,34.73075,0.0,0.0,0.0,0.0,0.0
2025-08-30 19:00:00,0.0,36.688,0.0,0.0,0.0,0.0,0.0
2025-08-30 20:00:00,0.0,38.223875,0.0,0.0,0.0,0.0,0.0
2025-08-30 21:00:00,0.0,37.229,0.0,0.0,0.0,0.0,0.0
2025-08-30 22:00:00,0.0,35.865875,0.0,0.0,0.0,0.0,0.0
2025-08-30 23:00:00,0.0,34.543875,0.0,0.0,0.0,0.0,0.0
2025-08-31 00:00:00,0.0,33.089875,0.0,0.0,0.0,0.0,0.0
2025-08-31 01:00:00,0.0,30.52175,0.0,0.0,0.0,0.0,0.0
2025-08-31 02:00:00,0.0,28.237375,0.0,0.0,0.0,0.0,0.0
2025-08-31 03:00:00,0.0,26.6225,0.0,0.0,0.0,0.0,0.0
2025-08-31 04:00:00,0.0,25.883,0.0,0.0,0.0,0.0,0.0
2025-08-31 05:00:00,0.0,25.199625,0.0,0.0,0.0,0.0,0.0
2025-08-31 06:00:00,0.0,25.32825,0.0,0.0,0.0,0.0,0.0
2025-08-31 07:00:00,0.0,27.14725,0.0,0.0,0.0,0.0,0.0
2025-08-31 08:00:00,0.0,29.582625,0.0,0.0,0.0,0.0,0.0
2025-08-31 09:00:00,0.0,31.367625,0.0,0.0,0.0,0.0,0.0
2025-08-31 10:00:00,0.0,33.852,0.0,0.0,0.0,0.0,0.0
2025-08-31 11:00:00,0.0,35.445,0.0,0.0,0.0,0.0,0.0
2025-08-31 12:00:00,0.0,37.1225,0.0,0.0,0.0,0.0,0.0
2025-08-31 13:00:00,0.0,37.731,0.0,0.0,0.0,0.0,0.0
2025-08-31 14:00:00,0.0,37.17825,0.0,0.0,0.0,0.0,0.0
2025-08-31 15:00:00,0.0,36.46575,0.0,0.0,0.0,0.0,0.0
2025-08-31 16:00:00,0.0,35.2035,0.0,0.0,0.0,0.0,0.0
2025-08-31 17:00:00,0.0,34.346,0.0,0.0,0.0,0.0,0.0
2025-08-31 18:00:00,0.0,34.86375,0.0,0.0,0.0,0.0,0.0
2025-08-31 19:00:00,0.0,36.494,0.0,0.0,0.0,0.0,0.0
2025-08-31 20:00:00,0.0,36.80475,0.0,0.0,0.0,0.0,0.0
2025-08-31 21:00:00,0.0,35.55225,0.0,0.0,0.0,0.0,0.0
2025-08-31 22:00:00,0.0,34.01025,0.0,0.0,0.0,0.0,0.0
2025-08-31 23:00:00,0.0,31.923,0.0,0.0,0.0,0.0,0.0
2025-09-01 00:00:00,0.0,30.15625,0.0,0.0,0.0,0.0,0.0
2025-09-01 01:00:00,0.0,27.64425,0.0,0.0,0.0,0.0,0.0
2025-09-01 02:00:00,0.0,25.07225,0.0,0.0,0.0,0.0,0.0
2025-09-01 03:00:00,0.0,23.2475,0.0,0.0,0.0,0.0,0.0
2025-09-01 04:00:00,0.0,22.791,0.0,0.0,0.0,0.0,0.0
2025-09-01 05:00:00,0.0,21.941,0.0,0.0,0.0,0.0,0.0
2025-09-01 06:00:00,0.0,21.4925,0.0,0.0,0.0,0.0,0.0
2025-09-01 07:00:00,0.0,21.94,0.0,0.0,0.0,0.0,0.0
2025-09-01 08:00:00,0.0,22.156,0.0,0.0,0.0,0.0,0.0
2025-09-01 09:00:00,0.0,23.4875,0.0,0.0,0.0,0.0,0.0
2025-09-01 10:00:00,0.0,26.5795,0.0,0.0,0.0,0.0,0.0
2025-09-01 11:00:00,0.0,29.081,0.0,0.0,0.0,0.0,0.0
2025-09-01 12:00:00,0.0,30.93275,0.0,0.0,0.0,0.0,0.0
2025-09-01 13:00:00,0.0,32.44675,0.0,0.0,0.0,0.0,0.0
2025-09-01 14:00:00,0.0,32.2395,0.0,0.0,0.0,0.0,0.0
2025-09-01 15:00:00,0.0,31.17325,0.0,0.0,0.0,0.0,0.0
2025-09-01 16:00:00,0.0,30.56525,0.0,0.0,0.0,0.0,0.0
2025-09-01 17:00:00,0.0,30.2185,0.0,0.0,0.0,0.0,0.0
2025-09-01 18:00:00,0.0,31.27175,0.0,0.0,0.0,0.0,0.0
2025-09-01 19:00:00,0.0,34.3645,0.0,0.0,0.0,0.0,0.0
2025-09-01 20:00:00,0.0,36.86875,0.0,0.0,0.0,0.0,0.0
2025-09-01 21:00:00,0.0,36.59075,0.0,0.0,0.0,0.0,0.0
2025-09-01 22:00:00,0.0,34.46,0.0,0.0,0.0,0.0,0.0
2025-09-01 23:00:00,0.0,31.26175,0.0,0.0,0.0,0.0,0.0
2025-09-02 00:00:00,0.0,27.82325,0.0,0.0,0.0,0.0,0.0
2025-09-02 01:00:00,0.0,25.25375,0.0,0.0,0.0,0.0,0.0
2025-09-02 02:00:00,0.0,23.54125,0.0,0.0,0.0,0.0,0.0
2025-09-02 03:00:00,0.0,22.58225,0.0,0.0,0.0,0.0,0.0
2025-09-02 04:00:00,0.0,22.0945,0.0,0.0,0.0,0.0,0.0
2025-09-02 05:00:00,0.0,21.824,0.0,0.0,0.0,0.0,0.0
2025-09-02 06:00:00,0.0,24.801,0.0,0.0,0.0,0.0,0.0
2025-09-02 07:00:00,0.0,29.798,0.0,0.0,0.0,0.0,0.0
2025-09-02 08:00:00,0.0,31.85325,0.0,0.0,0.0,0.0,0.0
2025-09-02 09:00:00,0.0,34.72375,0.0,0.0,0.0,0.0,0.0
2025-09-02 10:00:00,0.0,37.5395,0.0,0.0,0.0,0.0,0.0
2025-09-02 11:00:00,0.0,38.85525,0.0,0.0,0.0,0.0,0.0
2025-09-02 12:00:00,0.0,39.4705,0.0,0.0,0.0,0.0,0.0
2025-09-02 13:00:00,0.0,39.308,0.0,0.0,0.0,0.0,0.0
2025-09-02 14:00:00,0.0,38.809,0.0,0.0,0.0,0.0,0.0
2025-09-02 15:00:00,0.0,38.92775,0.0,0.0,0.0,0.0,0.0
2025-09-02 16:00:00,0.0,37.71,0.0,0.0,0.0,0.0,0.0
2025-09-02 17:00:00,0.0,35.46075,0.0,0.0,0.0,0.0,0.0
2025-09-02 18:00:00,0.0,35.561,0.0,0.0,0.0,0.0,0.0
2025-09-02 19:00:00,0.0,36.74475,0.0,0.0,0.0,0.0,0.0
2025-09-02 20:00:00,0.0,38.88775,0.0,0.0,0.0,0.0,0.0
2025-09-02 21:00:00,0.0,38.149,0.0,0.0,0.0,0.0,0.0
2025-09-02 22:00:00,0.0,36.22775,0.0,0.0,0.0,0.0,0.0
2025-09-02 23:00:00,0.0,33.53125,0.0,0.0,0.0,0.0,0.0
2025-09-03 00:00:00,0.0,28.471,0.0,0.0,0.0,0.0,0.0
2025-09-03 01:00:00,0.0,25.461,0.0,0.0,0.0,0.0,0.0
2025-09-03 02:00:00,0.0,23.638,0.0,0.0,0.0,0.0,0.0
2025-09-03 03:00:00,0.0,22.50475,0.0,0.0,0.0,0.0,0.0
2025-09-03 04:00:00,0.0,22.65975,0.0,0.0,0.0,0.0,0.0
2025-09-03 05:00:00,0.0,22.698,0.0,0.0,0.0,0.0,0.0
2025-09-03 06:00:00,0.0,25.17325,0.0,0.0,0.0,0.0,0.0
2025-09-03 07:00:00,0.0,30.33175,0.0,0.0,0.0,0.0,0.0
2025-09-03 08:00:00,0.0,32.349,0.0,0.0,0.0,0.0,0.0
2025-09-03 09:00:00,0.0,34.97375,0.0,0.0,0.0,0.0,0.0
2025-09-03 10:00:00,0.0,37.537,0.0,0.0,0.0,0.0,0.0
2025-09-03 11:00:00,0.0,38.11875,0.0,0.0,0.0,0.0,0.0
2025-09-03 12:00:00,0.0,37.97525,0.0,0.0,0.0,0.0,0.0
2025-09-03 13:00:00,0.0,37.6875,0.0,0.0,0.0,0.0,0.0
2025-09-03 14:00:00,0.0,37.0015,0.0,0.0,0.0,0.0,0.0
2025-09-03 15:00:00,0.0,36.79775,0.0,0.0,0.0,0.0,0.0
2025-09-03 16:00:00,0.0,36.36175,0.0,0.0,0.0,0.0,0.0
2025-09-03 17:00:00,0.0,34.50325,0.0,0.0,0.0,0.0,0.0
2025-09-03 18:00:00,0.0,34.635,0.0,0.0,0.0,0.0,0.0
2025-09-03 19:00:00,0.0,36.75,0.0,0.0,0.0,0.0,0.0
2025-09-03 20:00:00,0.0,39.032,0.0,0.0,0.0,0.0,0.0
2025-09-03 21:00:00,0.0,37.5725,0.0,0.0,0.0,0.0,0.0
2025-09-03 22:00:00,0.0,35.495,0.0,0.0,0.0,0.0,0.0
2025-09-03 23:00:00,0.0,33.591,0.0,0.0,0.0,0.0,0.0
2025-09-04 00:00:00,0.0,30.18475,0.0,0.0,0.0,0.0,0.0
2025-09-04 01:00:00,0.0,26.51225,0.0,0.0,0.0,0.0,0.0
2025-09-04 02:00:00,0.0,23.85575,0.0,0.0,0.0,0.0,0.0
2025-09-04 03:00:00,0.0,22.661,0.0,0.0,0.0,0.0,0.0
2025-09-04 04:00:00,0.0,22.08,0.0,0.0,0.0,0.0,0.0
2025-09-04 05:00:00,0.0,23.14275,0.0,0.0,0.0,0.0,0.0
2025-09-04 06:00:00,0.0,25.26475,0.0,0.0,0.0,0.0,0.0
2025-09-04 07:00:00,0.0,30.62775,0.0,0.0,0.0,0.0,0.0
2025-09-04 08:00:00,0.0,32.37675,0.0,0.0,0.0,0.0,0.0
2025-09-04 09:00:00,0.0,34.67575,0.0,0.0,0.0,0.0,0.0
2025-09-04 10:00:00,0.0,37.98425,0.0,0.0,0.0,0.0,0.0
2025-09-04 11:00:00,0.0,39.4225,0.0,0.0,0.0,0.0,0.0
2025-09-04 12:00:00,0.0,40.6855,0.0,0.0,0.0,0.0,0.0
2025-09-04 13:00:00,0.0,39.90925,0.0,0.0,0.0,0.0,0.0
2025-09-04 14:00:00,0.0,37.549,0.0,0.0,0.0,0.0,0.0
2025-09-04 15:00:00,0.0,36.96375,0.0,0.0,0.0,0.0,0.0
2025-09-04 16:00:00,0.0,36.37175,0.0,0.0,0.0,0.0,0.0
2025-09-04 17:00:00,0.0,34.929,0.0,0.0,0.0,0.0,0.0
2025-09-04 18:00:00,0.0,34.05525,0.0,0.0,0.0,0.0,0.0
2025-09-04 19:00:00,0.0,36.4725,0.0,0.0,0.0,0.0,0.0
2025-09-04 20:00:00,0.0,39.1125,0.0,0.0,0.0,0.0,0.0
2025-09-04 21:00:00,0.0,37.64775,0.0,0.0,0.0,0.0,0.0
2025-09-04 22:00:00,0.0,36.25625,0.0,0.0,0.0,0.0,0.0
2025-09-04 23:00:00,0.0,33.61375,0.0,0.0,0.0,0.0,0.0
2025-09-05 00:00:00,0.0,29.87425,0.0,0.0,0.0,0.0,0.0
2025-09-05 01:00:00,0.0,26.63275,0.0,0.0,0.0,0.0,0.0
2025-09-05 02:00:00,0.0,24.4525,0.0,0.0,0.0,0.0,0.0
2025-09-05 03:00:00,0.0,22.87625,0.0,0.0,0.0,0.0,0.0
2025-09-05 04:00:00,0.0,22.5245,0.0,0.0,0.0,0.0,0.0
2025-09-05 05:00:00,0.0,23.01325,0.0,0.0,0.0,0.0,0.0
2025-09-05 06:00:00,0.0,25.0865,0.0,0.0,0.0,0.0,0.0
2025-09-05 07:00:00,0.0,32.38825,0.0,0.0,0.0,0.0,0.0
2025-09-05 08:00:00,0.0,34.59325,0.0,0.0,0.0,0.0,0.0
2025-09-05 09:00:00,0.0,35.49625,0.0,0.0,0.0,0.0,0.0
2025-09-05 10:00:00,0.0,36.87425,0.0,0.0,0.0,0.0,0.0
2025-09-05 11:00:00,0.0,39.11525,0.0,0.0,0.0,0.0,0.0
2025-09-05 12:00:00,0.0,39.83925,0.0,0.0,0.0,0.0,0.0
2025-09-05 13:00:00,0.0,38.892,0.0,0.0,0.0,0.0,0.0
2025-09-05 14:00:00,0.0,36.44725,0.0,0.0,0.0,0.0,0.0
2025-09-05 15:00:00,0.0,36.97975,0.0,0.0,0.0,0.0,0.0
2025-09-05 16:00:00,0.0,36.21525,0.0,0.0,0.0,0.0,0.0
2025-09-05 17:00:00,0.0,34.3535,0.0,0.0,0.0,0.0,0.0
2025-09-05 18:00:00,0.0,34.227,0.0,0.0,0.0,0.0,0.0
2025-09-05 19:00:00,0.0,36.11325,0.0,0.0,0.0,0.0,0.0
2025-09-05 20:00:00,0.0,38.64625,0.0,0.0,0.0,0.0,0.0
2025-09-05 21:00:00,0.0,37.397,0.0,0.0,0.0,0.0,0.0
2025-09-05 22:00:00,0.0,34.91725,0.0,0.0,0.0,0.0,0.0
2025-09-05 23:00:00,0.0,32.34125,0.0,0.0,0.0,0.0,0.0
2025-09-06 00:00:00,0.0,29.42798321533203,0.0,0.0,0.0,0.0,0.0
2025-09-06 01:00:00,0.0,27.17030438232422,0.0,0.0,0.0,0.0,0.0
2025-09-06 02:00:00,0.0,25.26388452148438,0.0,0.0,0.0,0.0,0.0
2025-09-06 03:00:00,0.0,24.49161108398437,0.0,0.0,0.0,0.0,0.0
2025-09-06 04:00:00,0.0,24.8322392578125,0.0,0.0,0.0,0.0,0.0
2025-09-06 05:00:00,0.0,25.0584697265625,0.0,0.0,0.0,0.0,0.0
2025-09-06 06:00:00,0.0,26.7391796875,0.0,0.0,0.0,0.0,0.0
2025-09-06 07:00:00,0.0,31.6841611328125,0.0,0.0,0.0,0.0,0.0
2025-09-06 08:00:00,0.0,34.512677734375,0.0,0.0,0.0,0.0,0.0
2025-09-06 09:00:00,0.0,36.7976181640625,0.0,0.0,0.0,0.0,0.0
2025-09-06 10:00:00,0.0,37.608685546875,0.0,0.0,0.0,0.0,0.0
2025-09-06 11:00:00,0.0,38.99128515625,0.0,0.0,0.0,0.0,0.0
2025-09-06 12:00:00,0.0,40.34105859375,0.0,0.0,0.0,0.0,0.0
2025-09-06 13:00:00,0.0,39.889896484375,0.0,0.0,0.0,0.0,0.0
2025-09-06 14:00:00,0.0,38.89998046875,0.0,0.0,0.0,0.0,0.0
2025-09-06 15:00:00,0.0,38.35730859375,0.0,0.0,0.0,0.0,0.0
2025-09-06 16:00:00,0.0,35.5201328125,0.0,0.0,0.0,0.0,0.0
2025-09-06 17:00:00,0.0,34.09051171875,0.0,0.0,0.0,0.0,0.0
2025-09-06 18:00:00,0.0,34.46516015625,0.0,0.0,0.0,0.0,0.0
2025-09-06 19:00:00,0.0,35.606046875,0.0,0.0,0.0,0.0,0.0
2025-09-06 20:00:00,0.0,37.52637109375,0.0,0.0,0.0,0.0,0.0
2025-09-06 21:00:00,0.0,36.48434765625,0.0,0.0,0.0,0.0,0.0
2025-09-06 22:00:00,0.0,34.8295,0.0,0.0,0.0,0.0,0.0
2025-09-06 23:00:00,0.0,32.61926171875,0.0,0.0,0.0,0.0,0.0
2025-09-07 00:00:00,0.0,29.4905703125,0.0,0.0,0.0,0.0,0.0
2025-09-07 01:00:00,0.0,26.6500859375,0.0,0.0,0.0,0.0,0.0
2025-09-07 02:00:00,0.0,24.42809375,0.0,0.0,0.0,0.0,0.0
2025-09-07 03:00:00,0.0,22.93959765625,0.0,0.0,0.0,0.0,0.0
2025-09-07 04:00:00,0.0,22.101640625,0.0,0.0,0.0,0.0,0.0
2025-09-07 05:00:00,0.0,23.17737109375,0.0,0.0,0.0,0.0,0.0
2025-09-07 06:00:00,0.0,23.42225,0.0,0.0,0.0,0.0,0.0
2025-09-07 07:00:00,0.0,23.93760546875,0.0,0.0,0.0,0.0,0.0
2025-09-07 08:00:00,0.0,25.55391015625,0.0,0.0,0.0,0.0,0.0
2025-09-07 09:00:00,0.0,30.624828125,0.0,0.0,0.0,0.0,0.0
2025-09-07 10:00:00,0.0,34.11114453125,0.0,0.0,0.0,0.0,0.0
2025-09-07 11:00:00,0.0,36.4154765625,0.0,0.0,0.0,0.0,0.0
2025-09-07 12:00:00,0.0,37.3075234375,0.0,0.0,0.0,0.0,0.0
2025-09-07 13:00:00,0.0,37.377234375,0.0,0.0,0.0,0.0,0.0
2025-09-07 14:00:00,0.0,36.5174296875,0.0,0.0,0.0,0.0,0.0
2025-09-07 15:00:00,0.0,36.9607578125,0.0,0.0,0.0,0.0,0.0
2025-09-07 16:00:00,0.0,36.4374609375,0.0,0.0,0.0,0.0,0.0
2025-09-07 17:00:00,0.0,34.821984375,0.0,0.0,0.0,0.0,0.0
2025-09-07 18:00:00,0.0,34.751671875,0.0,0.0,0.0,0.0,0.0
2025-09-07 19:00:00,0.0,36.22528857421875,0.0,0.0,0.0,0.0,0.0
2025-09-07 20:00:00,0.0,36.51024609375,0.0,0.0,0.0,0.0,0.0
2025-09-07 21:00:00,0.0,35.18617724609375,0.0,0.0,0.0,0.0,0.0
2025-09-07 22:00:00,0.0,33.6265927734375,0.0,0.0,0.0,0.0,0.0
2025-09-07 23:00:00,0.0,31.94522265625,0.0,0.0,0.0,0.0,0.0
2025-09-08 00:00:00,0.0,29.316376953125,0.0,0.0,0.0,0.0,0.0
2025-09-08 01:00:00,0.0,26.8655390625,0.0,0.0,0.0,0.0,0.0
2025-09-08 02:00:00,0.0,24.424419921875,0.0,0.0,0.0,0.0,0.0
2025-09-08 03:00:00,0.0,22.404841796875,0.0,0.0,0.0,0.0,0.0
2025-09-08 04:00:00,0.0,21.369759765625,0.0,0.0,0.0,0.0,0.0
2025-09-08 05:00:00,0.0,21.01724609375,0.0,0.0,0.0,0.0,0.0
2025-09-08 06:00:00,0.0,21.8647890625,0.0,0.0,0.0,0.0,0.0
2025-09-08 07:00:00,0.0,21.8353125,0.0,0.0,0.0,0.0,0.0
2025-09-08 08:00:00,0.0,21.37770703125,0.0,0.0,0.0,0.0,0.0
2025-09-08 09:00:00,0.0,23.3933359375,0.0,0.0,0.0,0.0,0.0
2025-09-08 10:00:00,0.0,26.58010546875,0.0,0.0,0.0,0.0,0.0
2025-09-08 11:00:00,0.0,29.5797890625,0.0,0.0,0.0,0.0,0.0
2025-09-08 12:00:00,0.0,31.12005078125,0.0,0.0,0.0,0.0,0.0
2025-09-08 13:00:00,0.0,32.955734375,0.0,0.0,0.0,0.0,0.0
2025-09-08 14:00:00,0.0,32.59683203125,0.0,0.0,0.0,0.0,0.0
2025-09-08 15:00:00,0.0,32.090984375,0.0,0.0,0.0,0.0,0.0
2025-09-08 16:00:00,0.0,31.468234375,0.0,0.0,0.0,0.0,0.0
2025-09-08 17:00:00,0.0,30.94901953125,0.0,0.0,0.0,0.0,0.0
2025-09-08 18:00:00,0.0,31.2795703125,0.0,0.0,0.0,0.0,0.0
2025-09-08 19:00:00,0.0,33.46048828125,0.0,0.0,0.0,0.0,0.0
2025-09-08 20:00:00,0.0,36.763828125,0.0,0.0,0.0,0.0,0.0
2025-09-08 21:00:00,0.0,38.4007734375,0.0,0.0,0.0,0.0,0.0
2025-09-08 22:00:00,0.0,36.72090625,0.0,0.0,0.0,0.0,0.0
2025-09-08 23:00:00,0.0,33.1190703125,0.0,0.0,0.0,0.0,0.0
2025-09-09 00:00:00,0.0,28.788119995117192,0.0,0.0,0.0,0.0,0.0
2025-09-09 01:00:00,0.0,24.975584838867192,0.0,0.0,0.0,0.0,0.0
2025-09-09 02:00:00,0.0,22.965075927734368,0.0,0.0,0.0,0.0,0.0
2025-09-09 03:00:00,0.0,22.2703544921875,0.0,0.0,0.0,0.0,0.0
2025-09-09 04:00:00,0.0,21.44203271484375,0.0,0.0,0.0,0.0,0.0
2025-09-09 05:00:00,0.0,21.8032734375,0.0,0.0,0.0,0.0,0.0
2025-09-09 06:00:00,0.0,24.3497333984375,0.0,0.0,0.0,0.0,0.0
2025-09-09 07:00:00,0.0,30.1433623046875,0.0,0.0,0.0,0.0,0.0
2025-09-09 08:00:00,0.0,32.4564033203125,0.0,0.0,0.0,0.0,0.0
2025-09-09 09:00:00,0.0,35.821029296875,0.0,0.0,0.0,0.0,0.0
2025-09-09 10:00:00,0.0,37.6631064453125,0.0,0.0,0.0,0.0,0.0
2025-09-09 11:00:00,0.0,39.16221484375,0.0,0.0,0.0,0.0,0.0
2025-09-09 12:00:00,0.0,39.532548828125,0.0,0.0,0.0,0.0,0.0
2025-09-09 13:00:00,0.0,39.728236328125,0.0,0.0,0.0,0.0,0.0
2025-09-09 14:00:00,0.0,38.128279296875,0.0,0.0,0.0,0.0,0.0
2025-09-09 15:00:00,0.0,36.952244140625,0.0,0.0,0.0,0.0,0.0
2025-09-09 16:00:00,0.0,36.222548828125,0.0,0.0,0.0,0.0,0.0
2025-09-09 17:00:00,0.0,34.72694921875,0.0,0.0,0.0,0.0,0.0
2025-09-09 18:00:00,0.0,35.5680625,0.0,0.0,0.0,0.0,0.0
2025-09-09 19:00:00,0.0,36.738703125,0.0,0.0,0.0,0.0,0.0
2025-09-09 20:00:00,0.0,39.48834765625,0.0,0.0,0.0,0.0,0.0
2025-09-09 21:00:00,0.0,38.3825546875,0.0,0.0,0.0,0.0,0.0
2025-09-09 22:00:00,0.0,35.894015625,0.0,0.0,0.0,0.0,0.0
2025-09-09 23:00:00,0.0,32.8780859375,0.0,0.0,0.0,0.0,0.0
2025-09-10 00:00:00,0.0,28.5502421875,0.0,0.0,0.0,0.0,0.0
2025-09-10 01:00:00,0.0,25.33046875,0.0,0.0,0.0,0.0,0.0
2025-09-10 02:00:00,0.0,23.5100859375,0.0,0.0,0.0,0.0,0.0
2025-09-10 03:00:00,0.0,22.263828125,0.0,0.0,0.0,0.0,0.0
2025-09-10 04:00:00,0.0,22.4189453125,0.0,0.0,0.0,0.0,0.0
2025-09-10 05:00:00,0.0,24.04197265625,0.0,0.0,0.0,0.0,0.0
2025-09-10 06:00:00,0.0,26.93148693847656,0.0,0.0,0.0,0.0,0.0
2025-09-10 07:00:00,0.0,32.57533679199219,0.0,0.0,0.0,0.0,0.0
2025-09-10 08:00:00,0.0,34.91280419921875,0.0,0.0,0.0,0.0,0.0
2025-09-10 09:00:00,0.0,37.4222431640625,0.0,0.0,0.0,0.0,0.0
2025-09-10 10:00:00,0.0,39.4498271484375,0.0,0.0,0.0,0.0,0.0
2025-09-10 11:00:00,0.0,40.6650068359375,0.0,0.0,0.0,0.0,0.0
2025-09-10 12:00:00,0.0,41.757140625,0.0,0.0,0.0,0.0,0.0
2025-09-10 13:00:00,0.0,41.15546875,0.0,0.0,0.0,0.0,0.0
2025-09-10 14:00:00,0.0,40.07546875,0.0,0.0,0.0,0.0,0.0
2025-09-10 15:00:00,0.0,40.491583984375,0.0,0.0,0.0,0.0,0.0
2025-09-10 16:00:00,0.0,38.889271484375,0.0,0.0,0.0,0.0,0.0
2025-09-10 17:00:00,0.0,36.569072265625,0.0,0.0,0.0,0.0,0.0
2025-09-10 18:00:00,0.0,35.5196328125,0.0,0.0,0.0,0.0,0.0
2025-09-10 19:00:00,0.0,36.626037109375,0.0,0.0,0.0,0.0,0.0
2025-09-10 20:00:00,0.0,38.916412109375,0.0,0.0,0.0,0.0,0.0
2025-09-10 21:00:00,0.0,37.88169140625,0.0,0.0,0.0,0.0,0.0
2025-09-10 22:00:00,0.0,35.46702734375,0.0,0.0,0.0,0.0,0.0
2025-09-10 23:00:00,0.0,32.98660546875,0.0,0.0,0.0,0.0,0.0
2025-09-11 00:00:00,0.0,29.558953125,0.0,0.0,0.0,0.0,0.0
2025-09-11 01:00:00,0.0,25.92058203125,0.0,0.0,0.0,0.0,0.0
2025-09-11 02:00:00,0.0,23.58737109375,0.0,0.0,0.0,0.0,0.0
2025-09-11 03:00:00,0.0,22.36876171875,0.0,0.0,0.0,0.0,0.0
2025-09-11 04:00:00,0.0,22.09330078125,0.0,0.0,0.0,0.0,0.0
2025-09-11 05:00:00,0.0,22.45621484375,0.0,0.0,0.0,0.0,0.0
2025-09-11 06:00:00,0.0,26.3048359375,0.0,0.0,0.0,0.0,0.0
2025-09-11 07:00:00,0.0,32.54994140625,0.0,0.0,0.0,0.0,0.0
2025-09-11 08:00:00,0.0,34.72415625,0.0,0.0,0.0,0.0,0.0
2025-09-11 09:00:00,0.0,36.19351171875,0.0,0.0,0.0,0.0,0.0
2025-09-11 10:00:00,0.0,37.95546484375,0.0,0.0,0.0,0.0,0.0
2025-09-11 11:00:00,0.0,38.97014453125,0.0,0.0,0.0,0.0,0.0
2025-09-11 12:00:00,0.0,39.2977734375,0.0,0.0,0.0,0.0,0.0
2025-09-11 13:00:00,0.0,39.6393125,0.0,0.0,0.0,0.0,0.0
2025-09-11 14:00:00,0.0,38.184734375,0.0,0.0,0.0,0.0,0.0
2025-09-11 15:00:00,0.0,37.80771875,0.0,0.0,0.0,0.0,0.0
2025-09-11 16:00:00,0.0,35.807248168945314,0.0,0.0,0.0,0.0,0.0
2025-09-11 17:00:00,0.0,34.379358276367185,0.0,0.0,0.0,0.0,0.0
2025-09-11 18:00:00,0.0,34.17627001953125,0.0,0.0,0.0,0.0,0.0
2025-09-11 19:00:00,0.0,35.47325537109375,0.0,0.0,0.0,0.0,0.0
2025-09-11 20:00:00,0.0,38.23596875,0.0,0.0,0.0,0.0,0.0
2025-09-11 21:00:00,0.0,37.84215625,0.0,0.0,0.0,0.0,0.0
2025-09-11 22:00:00,0.0,35.91668505859375,0.0,0.0,0.0,0.0,0.0
2025-09-11 23:00:00,0.0,33.2502001953125,0.0,0.0,0.0,0.0,0.0
2025-09-12 00:00:00,0.0,29.12249560546875,0.0,0.0,0.0,0.0,0.0
2025-09-12 01:00:00,0.0,25.786693359375,0.0,0.0,0.0,0.0,0.0
2025-09-12 02:00:00,0.0,23.423361328125,0.0,0.0,0.0,0.0,0.0
2025-09-12 03:00:00,0.0,22.2873505859375,0.0,0.0,0.0,0.0,0.0
2025-09-12 04:00:00,0.0,21.715630859375,0.0,0.0,0.0,0.0,0.0
2025-09-12 05:00:00,0.0,21.764533203125,0.0,0.0,0.0,0.0,0.0
2025-09-12 06:00:00,0.0,24.419064453125,0.0,0.0,0.0,0.0,0.0
2025-09-12 07:00:00,0.0,29.89541015625,0.0,0.0,0.0,0.0,0.0
2025-09-12 08:00:00,0.0,32.28946875,0.0,0.0,0.0,0.0,0.0
2025-09-12 09:00:00,0.0,35.113958984375,0.0,0.0,0.0,0.0,0.0
2025-09-12 10:00:00,0.0,36.779927734375,0.0,0.0,0.0,0.0,0.0
2025-09-12 11:00:00,0.0,38.289748046875,0.0,0.0,0.0,0.0,0.0
2025-09-12 12:00:00,0.0,38.575494140625,0.0,0.0,0.0,0.0,0.0
2025-09-12 13:00:00,0.0,38.592767578125,0.0,0.0,0.0,0.0,0.0
2025-09-12 14:00:00,0.0,37.74267578125,0.0,0.0,0.0,0.0,0.0
2025-09-12 15:00:00,0.0,37.80691015625,0.0,0.0,0.0,0.0,0.0
2025-09-12 16:00:00,0.0,37.638810546875,0.0,0.0,0.0,0.0,0.0
2025-09-12 17:00:00,0.0,36.0486875,0.0,0.0,0.0,0.0,0.0
2025-09-12 18:00:00,0.0,35.676865234375,0.0,0.0,0.0,0.0,0.0
2025-09-12 19:00:00,0.0,36.95762890625,0.0,0.0,0.0,0.0,0.0
2025-09-12 20:00:00,0.0,39.6763125,0.0,0.0,0.0,0.0,0.0
2025-09-12 21:00:00,0.0,38.47478515625,0.0,0.0,0.0,0.0,0.0
2025-09-12 22:00:00,0.0,36.20589453125,0.0,0.0,0.0,0.0,0.0
2025-09-12 23:00:00,0.0,34.77523828125,0.0,0.0,0.0,0.0,0.0
2025-09-13 00:00:00,0.0,31.37097265625,0.0,0.0,0.0,0.0,0.0
2025-09-13 01:00:00,0.0,28.31118359375,0.0,0.0,0.0,0.0,0.0
2025-09-13 02:00:00,0.0,25.86381640625,0.0,0.0,0.0,0.0,0.0
2025-09-13 03:00:00,0.0,24.390046875,0.0,0.0,0.0,0.0,0.0
2025-09-13 04:00:00,0.0,23.96713671875,0.0,0.0,0.0,0.0,0.0
2025-09-13 05:00:00,0.0,23.901859375,0.0,0.0,0.0,0.0,0.0
2025-09-13 06:00:00,0.0,26.23894140625,0.0,0.0,0.0,0.0,0.0
2025-09-13 07:00:00,0.0,31.90908203125,0.0,0.0,0.0,0.0,0.0
2025-09-13 08:00:00,0.0,33.66041015625,0.0,0.0,0.0,0.0,0.0
2025-09-13 09:00:00,0.0,37.26266796875,0.0,0.0,0.0,0.0,0.0
2025-09-13 10:00:00,0.0,39.44149609375,0.0,0.0,0.0,0.0,0.0
2025-09-13 11:00:00,0.0,40.4464296875,0.0,0.0,0.0,0.0,0.0
2025-09-13 12:00:00,0.0,39.0395078125,0.0,0.0,0.0,0.0,0.0
2025-09-13 13:00:00,0.0,39.4081875,0.0,0.0,0.0,0.0,0.0
2025-09-13 14:00:00,0.0,38.638109375,0.0,0.0,0.0,0.0,0.0
2025-09-13 15:00:00,0.0,38.0853515625,0.0,0.0,0.0,0.0,0.0
2025-09-13 16:00:00,0.0,36.7047265625,0.0,0.0,0.0,0.0,0.0
2025-09-13 17:00:00,0.0,34.986453125,0.0,0.0,0.0,0.0,0.0
2025-09-13 18:00:00,0.0,34.8027421875,0.0,0.0,0.0,0.0,0.0
2025-09-13 19:00:00,0.0,35.5667734375,0.0,0.0,0.0,0.0,0.0
2025-09-13 20:00:00,0.0,39.1475078125,0.0,0.0,0.0,0.0,0.0
2025-09-13 21:00:00,0.0,37.59309375,0.0,0.0,0.0,0.0,0.0
2025-09-13 22:00:00,0.0,35.0891796875,0.0,0.0,0.0,0.0,0.0
2025-09-13 23:00:00,0.0,32.88665625,0.0,0.0,0.0,0.0,0.0
2025-09-14 00:00:00,0.0,30.25059375,0.0,0.0,0.0,0.0,0.0
2025-09-14 01:00:00,0.0,27.3915546875,0.0,0.0,0.0,0.0,0.0
2025-09-14 02:00:00,0.0,25.3543984375,0.0,0.0,0.0,0.0,0.0
2025-09-14 03:00:00,0.0,24.3096796875,0.0,0.0,0.0,0.0,0.0
2025-09-14 04:00:00,0.0,23.464484375,0.0,0.0,0.0,0.0,0.0
2025-09-14 05:00:00,0.0,23.152328125,0.0,0.0,0.0,0.0,0.0
2025-09-14 06:00:00,0.0,23.431125,0.0,0.0,0.0,0.0,0.0
2025-09-14 07:00:00,0.0,24.44675,0.0,0.0,0.0,0.0,0.0
2025-09-14 08:00:00,0.0,25.8742265625,0.0,0.0,0.0,0.0,0.0
2025-09-14 09:00:00,0.0,29.9040390625,0.0,0.0,0.0,0.0,0.0
2025-09-14 10:00:00,0.0,33.3093515625,0.0,0.0,0.0,0.0,0.0
2025-09-14 11:00:00,0.0,35.7125,0.0,0.0,0.0,0.0,0.0
2025-09-14 12:00:00,0.0,36.66165625,0.0,0.0,0.0,0.0,0.0
2025-09-14 13:00:00,0.0,37.2050703125,0.0,0.0,0.0,0.0,0.0
2025-09-14 14:00:00,0.0,36.166859375,0.0,0.0,0.0,0.0,0.0
2025-09-14 15:00:00,0.0,35.3218671875,0.0,0.0,0.0,0.0,0.0
2025-09-14 16:00:00,0.0,33.5372578125,0.0,0.0,0.0,0.0,0.0
2025-09-14 17:00:00,0.0,32.9884453125,0.0,0.0,0.0,0.0,0.0
2025-09-14 18:00:00,0.0,32.8923359375,0.0,0.0,0.0,0.0,0.0
2025-09-14 19:00:00,0.0,34.39328125,0.0,0.0,0.0,0.0,0.0
2025-09-14 20:00:00,0.0,36.418890625,0.0,0.0,0.0,0.0,0.0
2025-09-14 21:00:00,0.0,35.5026171875,0.0,0.0,0.0,0.0,0.0
2025-09-14 22:00:00,0.0,33.87159375,0.0,0.0,0.0,0.0,0.0
2025-09-14 23:00:00,0.0,31.678515625,0.0,0.0,0.0,0.0,0.0
2025-09-15 00:00:00,0.0,29.1709296875,0.0,0.0,0.0,0.0,0.0
2025-09-15 01:00:00,0.0,26.8553359375,0.0,0.0,0.0,0.0,0.0
2025-09-15 02:00:00,0.0,24.3849453125,0.0,0.0,0.0,0.0,0.0
2025-09-15 03:00:00,0.0,22.7445859375,0.0,0.0,0.0,0.0,0.0
2025-09-15 04:00:00,0.0,21.7390625,0.0,0.0,0.0,0.0,0.0
2025-09-15 05:00:00,0.0,21.2758203125,0.0,0.0,0.0,0.0,0.0
2025-09-15 06:00:00,0.0,21.1061171875,0.0,0.0,0.0,0.0,0.0
2025-09-15 07:00:00,0.0,21.4128671875,0.0,0.0,0.0,0.0,0.0
2025-09-15 08:00:00,0.0,20.8823359375,0.0,0.0,0.0,0.0,0.0
2025-09-15 09:00:00,0.0,23.3927265625,0.0,0.0,0.0,0.0,0.0
2025-09-15 10:00:00,0.0,26.3503671875,0.0,0.0,0.0,0.0,0.0
2025-09-15 11:00:00,0.0,30.035359375,0.0,0.0,0.0,0.0,0.0
2025-09-15 12:00:00,0.0,31.7378359375,0.0,0.0,0.0,0.0,0.0
2025-09-15 13:00:00,0.0,33.072890625,0.0,0.0,0.0,0.0,0.0
2025-09-15 14:00:00,0.0,32.9256875,0.0,0.0,0.0,0.0,0.0
2025-09-15 15:00:00,0.0,32.3386875,0.0,0.0,0.0,0.0,0.0
2025-09-15 16:00:00,0.0,31.1528203125,0.0,0.0,0.0,0.0,0.0
2025-09-15 17:00:00,0.0,30.453,0.0,0.0,0.0,0.0,0.0
2025-09-15 18:00:00,0.0,30.4003515625,0.0,0.0,0.0,0.0,0.0
2025-09-15 19:00:00,0.0,31.2954453125,0.0,0.0,0.0,0.0,0.0
2025-09-15 20:00:00,0.0,35.1422109375,0.0,0.0,0.0,0.0,0.0
2025-09-15 21:00:00,0.0,35.307640625,0.0,0.0,0.0,0.0,0.0
2025-09-15 22:00:00,0.0,33.5053515625,0.0,0.0,0.0,0.0,0.0
2025-09-15 23:00:00,0.0,31.6460859375,0.0,0.0,0.0,0.0,0.0
2025-09-16 00:00:00,0.0,28.45359375,0.0,0.0,0.0,0.0,0.0
2025-09-16 01:00:00,0.0,25.1806796875,0.0,0.0,0.0,0.0,0.0
2025-09-16 02:00:00,0.0,22.746703125,0.0,0.0,0.0,0.0,0.0
2025-09-16 03:00:00,0.0,21.451875,0.0,0.0,0.0,0.0,0.0
2025-09-16 04:00:00,0.0,20.857234375,0.0,0.0,0.0,0.0,0.0
2025-09-16 05:00:00,0.0,21.35725,0.0,0.0,0.0,0.0,0.0
2025-09-16 06:00:00,0.0,22.511171875,0.0,0.0,0.0,0.0,0.0
2025-09-16 07:00:00,0.0,25.558375,0.0,0.0,0.0,0.0,0.0
2025-09-16 08:00:00,0.0,28.166296875,0.0,0.0,0.0,0.0,0.0
2025-09-16 09:00:00,0.0,32.557203125,0.0,0.0,0.0,0.0,0.0
2025-09-16 10:00:00,0.0,34.47234375,0.0,0.0,0.0,0.0,0.0
2025-09-16 11:00:00,0.0,36.460484375,0.0,0.0,0.0,0.0,0.0
2025-09-16 12:00:00,0.0,36.947390625,0.0,0.0,0.0,0.0,0.0
2025-09-16 13:00:00,0.0,37.788171875,0.0,0.0,0.0,0.0,0.0
2025-09-16 14:00:00,0.0,37.57128125,0.0,0.0,0.0,0.0,0.0
2025-09-16 15:00:00,0.0,37.8360625,0.0,0.0,0.0,0.0,0.0
2025-09-16 16:00:00,0.0,36.910609375,0.0,0.0,0.0,0.0,0.0
2025-09-16 17:00:00,0.0,34.997375,0.0,0.0,0.0,0.0,0.0
2025-09-16 18:00:00,0.0,34.05065625,0.0,0.0,0.0,0.0,0.0
2025-09-16 19:00:00,0.0,34.336984375,0.0,0.0,0.0,0.0,0.0
2025-09-16 20:00:00,0.0,37.573453125,0.0,0.0,0.0,0.0,0.0
2025-09-16 21:00:00,0.0,37.068140625,0.0,0.0,0.0,0.0,0.0
2025-09-16 22:00:00,0.0,35.43790625,0.0,0.0,0.0,0.0,0.0
2025-09-16 23:00:00,0.0,33.00203125,0.0,0.0,0.0,0.0,0.0
2025-09-17 00:00:00,0.0,29.2836875,0.0,0.0,0.0,0.0,0.0
2025-09-17 01:00:00,0.0,26.616546875,0.0,0.0,0.0,0.0,0.0
2025-09-17 02:00:00,0.0,24.615296875,0.0,0.0,0.0,0.0,0.0
2025-09-17 03:00:00,0.0,22.583625,0.0,0.0,0.0,0.0,0.0
2025-09-17 04:00:00,0.0,21.7315625,0.0,0.0,0.0,0.0,0.0
2025-09-17 05:00:00,0.0,21.598765625,0.0,0.0,0.0,0.0,0.0
2025-09-17 06:00:00,0.0,22.81659375,0.0,0.0,0.0,0.0,0.0
2025-09-17 07:00:00,0.0,26.037171875,0.0,0.0,0.0,0.0,0.0
2025-09-17 08:00:00,0.0,27.584765625,0.0,0.0,0.0,0.0,0.0
2025-09-17 09:00:00,0.0,31.6861875,0.0,0.0,0.0,0.0,0.0
2025-09-17 10:00:00,0.0,34.082515625,0.0,0.0,0.0,0.0,0.0
2025-09-17 11:00:00,0.0,35.5420625,0.0,0.0,0.0,0.0,0.0
2025-09-17 12:00:00,0.0,35.749453125,0.0,0.0,0.0,0.0,0.0
2025-09-17 13:00:00,0.0,35.048015625,0.0,0.0,0.0,0.0,0.0
2025-09-17 14:00:00,0.0,34.47790625,0.0,0.0,0.0,0.0,0.0
2025-09-17 15:00:00,0.0,34.18759375,0.0,0.0,0.0,0.0,0.0
2025-09-17 16:00:00,0.0,33.467109375,0.0,0.0,0.0,0.0,0.0
2025-09-17 17:00:00,0.0,32.287296875,0.0,0.0,0.0,0.0,0.0
2025-09-17 18:00:00,0.0,32.046890625,0.0,0.0,0.0,0.0,0.0
2025-09-17 19:00:00,0.0,32.532390625,0.0,0.0,0.0,0.0,0.0
2025-09-17 20:00:00,0.0,35.12890625,0.0,0.0,0.0,0.0,0.0
2025-09-17 21:00:00,0.0,34.768265625,0.0,0.0,0.0,0.0,0.0
2025-09-17 22:00:00,0.0,33.317359375,0.0,0.0,0.0,0.0,0.0
2025-09-17 23:00:00,0.0,31.938921875,0.0,0.0,0.0,0.0,0.0
2025-09-18 00:00:00,0.0,29.698515625,0.0,0.0,0.0,0.0,0.0
2025-09-18 01:00:00,0.0,26.714734375,0.0,0.0,0.0,0.0,0.0
2025-09-18 02:00:00,0.0,24.0550625,0.0,0.0,0.0,0.0,0.0
2025-09-18 03:00:00,0.0,22.555453125,0.0,0.0,0.0,0.0,0.0
2025-09-18 04:00:00,0.0,21.44009375,0.0,0.0,0.0,0.0,0.0
2025-09-18 05:00:00,0.0,21.026515625,0.0,0.0,0.0,0.0,0.0
2025-09-18 06:00:00,0.0,21.14415625,0.0,0.0,0.0,0.0,0.0
2025-09-18 07:00:00,0.0,21.44759375,0.0,0.0,0.0,0.0,0.0
2025-09-18 08:00:00,0.0,20.538421875,0.0,0.0,0.0,0.0,0.0
2025-09-18 09:00:00,0.0,22.625421875,0.0,0.0,0.0,0.0,0.0
2025-09-18 10:00:00,0.0,25.105,0.0,0.0,0.0,0.0,0.0
2025-09-18 11:00:00,0.0,27.15209375,0.0,0.0,0.0,0.0,0.0
2025-09-18 12:00:00,0.0,28.294671875,0.0,0.0,0.0,0.0,0.0
2025-09-18 13:00:00,0.0,28.525890625,0.0,0.0,0.0,0.0,0.0
2025-09-18 14:00:00,0.0,27.41809375,0.0,0.0,0.0,0.0,0.0
2025-09-18 15:00:00,0.0,26.420859375,0.0,0.0,0.0,0.0,0.0
2025-09-18 16:00:00,0.0,25.47615625,0.0,0.0,0.0,0.0,0.0
2025-09-18 17:00:00,0.0,24.542640625,0.0,0.0,0.0,0.0,0.0
2025-09-18 18:00:00,0.0,24.913296875,0.0,0.0,0.0,0.0,0.0
2025-09-18 19:00:00,0.0,25.838296875,0.0,0.0,0.0,0.0,0.0
2025-09-18 20:00:00,0.0,30.608890625,0.0,0.0,0.0,0.0,0.0
2025-09-18 21:00:00,0.0,31.587390625,0.0,0.0,0.0,0.0,0.0
2025-09-18 22:00:00,0.0,31.4900625,0.0,0.0,0.0,0.0,0.0
2025-09-18 23:00:00,0.0,30.257265625,0.0,0.0,0.0,0.0,0.0
2025-09-19 00:00:00,0.0,28.237765625,0.0,0.0,0.0,0.0,0.0
2025-09-19 01:00:00,0.0,25.622546875,0.0,0.0,0.0,0.0,0.0
2025-09-19 02:00:00,0.0,23.93009375,0.0,0.0,0.0,0.0,0.0
2025-09-19 03:00:00,0.0,22.667,0.0,0.0,0.0,0.0,0.0
2025-09-19 04:00:00,0.0,21.785,0.0,0.0,0.0,0.0,0.0
2025-09-19 05:00:00,0.0,21.36828125,0.0,0.0,0.0,0.0,0.0
2025-09-19 06:00:00,0.0,21.275640625,0.0,0.0,0.0,0.0,0.0
2025-09-19 07:00:00,0.0,21.06646875,0.0,0.0,0.0,0.0,0.0
2025-09-19 08:00:00,0.0,20.152796875,0.0,0.0,0.0,0.0,0.0
2025-09-19 09:00:00,0.0,22.057875,0.0,0.0,0.0,0.0,0.0
2025-09-19 10:00:00,0.0,24.5100625,0.0,0.0,0.0,0.0,0.0
2025-09-19 11:00:00,0.0,26.579421875,0.0,0.0,0.0,0.0,0.0
2025-09-19 12:00:00,0.0,27.96790625,0.0,0.0,0.0,0.0,0.0
2025-09-19 13:00:00,0.0,29.0580625,0.0,0.0,0.0,0.0,0.0
2025-09-19 14:00:00,0.0,28.17571875,0.0,0.0,0.0,0.0,0.0
2025-09-19 15:00:00,0.0,26.784921875,0.0,0.0,0.0,0.0,0.0
2025-09-19 16:00:00,0.0,25.76634375,0.0,0.0,0.0,0.0,0.0
2025-09-19 17:00:00,0.0,25.067890625,0.0,0.0,0.0,0.0,0.0
2025-09-19 18:00:00,0.0,26.144875,0.0,0.0,0.0,0.0,0.0
2025-09-19 19:00:00,0.0,27.37228125,0.0,0.0,0.0,0.0,0.0
2025-09-19 20:00:00,0.0,31.7725625,0.0,0.0,0.0,0.0,0.0
2025-09-19 21:00:00,0.0,32.80896875,0.0,0.0,0.0,0.0,0.0
2025-09-19 22:00:00,0.0,32.11334375,0.0,0.0,0.0,0.0,0.0
2025-09-19 23:00:00,0.0,30.745359375,0.0,0.0,0.0,0.0,0.0
2025-09-20 00:00:00,0.0,28.381734375,0.0,0.0,0.0,0.0,0.0
2025-09-20 01:00:00,0.0,25.550609375,0.0,0.0,0.0,0.0,0.0
2025-09-20 02:00:00,0.0,23.80896875,0.0,0.0,0.0,0.0,0.0
2025-09-20 03:00:00,0.0,22.354109375,0.0,0.0,0.0,0.0,0.0
2025-09-20 04:00:00,0.0,21.42159375,0.0,0.0,0.0,0.0,0.0
2025-09-20 05:00:00,0.0,21.51025,0.0,0.0,0.0,0.0,0.0
2025-09-20 06:00:00,0.0,20.92234375,0.0,0.0,0.0,0.0,0.0
2025-09-20 07:00:00,0.0,21.518296875,0.0,0.0,0.0,0.0,0.0
2025-09-20 08:00:00,0.0,21.657734375,0.0,0.0,0.0,0.0,0.0
2025-09-20 09:00:00,0.0,23.9765625,0.0,0.0,0.0,0.0,0.0
2025-09-20 10:00:00,0.0,26.893046875,0.0,0.0,0.0,0.0,0.0
2025-09-20 11:00:00,0.0,29.202578125,0.0,0.0,0.0,0.0,0.0
2025-09-20 12:00:00,0.0,31.105890625,0.0,0.0,0.0,0.0,0.0
2025-09-20 13:00:00,0.0,32.232578125,0.0,0.0,0.0,0.0,0.0
2025-09-20 14:00:00,0.0,32.3076875,0.0,0.0,0.0,0.0,0.0
2025-09-20 15:00:00,0.0,31.539125,0.0,0.0,0.0,0.0,0.0
2025-09-20 16:00:00,0.0,30.494859375,0.0,0.0,0.0,0.0,0.0
2025-09-20 17:00:00,0.0,29.940765625,0.0,0.0,0.0,0.0,0.0
2025-09-20 18:00:00,0.0,30.2495,0.0,0.0,0.0,0.0,0.0
2025-09-20 19:00:00,0.0,30.50390625,0.0,0.0,0.0,0.0,0.0
2025-09-20 20:00:00,0.0,33.924515625,0.0,0.0,0.0,0.0,0.0
2025-09-20 21:00:00,0.0,34.092234375,0.0,0.0,0.0,0.0,0.0
2025-09-20 22:00:00,0.0,32.782671875,0.0,0.0,0.0,0.0,0.0
2025-09-20 23:00:00,0.0,31.044546875,0.0,0.0,0.0,0.0,0.0
2025-09-21 00:00:00,0.0,28.57996875,0.0,0.0,0.0,0.0,0.0
2025-09-21 01:00:00,0.0,25.995671875,0.0,0.0,0.0,0.0,0.0
2025-09-21 02:00:00,0.0,23.8743125,0.0,0.0,0.0,0.0,0.0
2025-09-21 03:00:00,0.0,22.223375,0.0,0.0,0.0,0.0,0.0
2025-09-21 04:00:00,0.0,21.313859375,0.0,0.0,0.0,0.0,0.0
2025-09-21 05:00:00,0.0,20.739875,0.0,0.0,0.0,0.0,0.0
2025-09-21 06:00:00,0.0,20.762640625,0.0,0.0,0.0,0.0,0.0
2025-09-21 07:00:00,0.0,21.259625,0.0,0.0,0.0,0.0,0.0
2025-09-21 08:00:00,0.0,21.040625,0.0,0.0,0.0,0.0,0.0
2025-09-21 09:00:00,0.0,23.820046875,0.0,0.0,0.0,0.0,0.0
2025-09-21 10:00:00,0.0,27.061515625,0.0,0.0,0.0,0.0,0.0
2025-09-21 11:00:00,0.0,29.798140625,0.0,0.0,0.0,0.0,0.0
2025-09-21 12:00:00,0.0,31.20465625,0.0,0.0,0.0,0.0,0.0
2025-09-21 13:00:00,0.0,33.088875,0.0,0.0,0.0,0.0,0.0
2025-09-21 14:00:00,0.0,33.3046875,0.0,0.0,0.0,0.0,0.0
2025-09-21 15:00:00,0.0,32.86896875,0.0,0.0,0.0,0.0,0.0
2025-09-21 16:00:00,0.0,32.325671875,0.0,0.0,0.0,0.0,0.0
2025-09-21 17:00:00,0.0,31.27675,0.0,0.0,0.0,0.0,0.0
2025-09-21 18:00:00,0.0,31.151046875,0.0,0.0,0.0,0.0,0.0
2025-09-21 19:00:00,0.0,32.161265625,0.0,0.0,0.0,0.0,0.0
2025-09-21 20:00:00,0.0,34.305015625,0.0,0.0,0.0,0.0,0.0
2025-09-21 21:00:00,0.0,34.091046875,0.0,0.0,0.0,0.0,0.0
2025-09-21 22:00:00,0.0,32.0788125,0.0,0.0,0.0,0.0,0.0
2025-09-21 23:00:00,0.0,30.2631875,0.0,0.0,0.0,0.0,0.0
2025-09-22 00:00:00,0.0,27.977921875,0.0,0.0,0.0,0.0,0.0
2025-09-22 01:00:00,0.0,25.78934375,0.0,0.0,0.0,0.0,0.0
2025-09-22 02:00:00,0.0,23.820171875,0.0,0.0,0.0,0.0,0.0
2025-09-22 03:00:00,0.0,22.7930625,0.0,0.0,0.0,0.0,0.0
2025-09-22 04:00:00,0.0,22.024265625,0.0,0.0,0.0,0.0,0.0
2025-09-22 05:00:00,0.0,21.69275,0.0,0.0,0.0,0.0,0.0
2025-09-22 06:00:00,0.0,21.268421875,0.0,0.0,0.0,0.0,0.0
2025-09-22 07:00:00,0.0,21.128875,0.0,0.0,0.0,0.0,0.0
2025-09-22 08:00:00,0.0,20.26740625,0.0,0.0,0.0,0.0,0.0
2025-09-22 09:00:00,0.0,22.649921875,0.0,0.0,0.0,0.0,0.0
2025-09-22 10:00:00,0.0,25.460875,0.0,0.0,0.0,0.0,0.0
2025-09-22 11:00:00,0.0,28.088625,0.0,0.0,0.0,0.0,0.0
2025-09-22 12:00:00,0.0,29.89940625,0.0,0.0,0.0,0.0,0.0
2025-09-22 13:00:00,0.0,30.79215625,0.0,0.0,0.0,0.0,0.0
2025-09-22 14:00:00,0.0,31.0684375,0.0,0.0,0.0,0.0,0.0
2025-09-22 15:00:00,0.0,30.6100625,0.0,0.0,0.0,0.0,0.0
2025-09-22 16:00:00,0.0,29.8555,0.0,0.0,0.0,0.0,0.0
2025-09-22 17:00:00,0.0,29.43353125,0.0,0.0,0.0,0.0,0.0
2025-09-22 18:00:00,0.0,30.13359375,0.0,0.0,0.0,0.0,0.0
2025-09-22 19:00:00,0.0,32.14053125,0.0,0.0,0.0,0.0,0.0
2025-09-22 20:00:00,0.0,35.925125,0.0,0.0,0.0,0.0,0.0
2025-09-22 21:00:00,0.0,35.8823125,0.0,0.0,0.0,0.0,0.0
2025-09-22 22:00:00,0.0,33.9643125,0.0,0.0,0.0,0.0,0.0
2025-09-22 23:00:00,0.0,31.09334375,0.0,0.0,0.0,0.0,0.0
2025-09-23 00:00:00,0.0,28.35496875,0.0,0.0,0.0,0.0,0.0
2025-09-23 01:00:00,0.0,24.09575,0.0,0.0,0.0,0.0,0.0
2025-09-23 02:00:00,0.0,21.77559375,0.0,0.0,0.0,0.0,0.0
2025-09-23 03:00:00,0.0,20.61559375,0.0,0.0,0.0,0.0,0.0
2025-09-23 04:00:00,0.0,19.77675,0.0,0.0,0.0,0.0,0.0
2025-09-23 05:00:00,0.0,19.987625,0.0,0.0,0.0,0.0,0.0
2025-09-23 06:00:00,0.0,22.6069375,0.0,0.0,0.0,0.0,0.0
2025-09-23 07:00:00,0.0,27.6004375,0.0,0.0,0.0,0.0,0.0
2025-09-23 08:00:00,0.0,29.85803125,0.0,0.0,0.0,0.0,0.0
2025-09-23 09:00:00,0.0,33.44225,0.0,0.0,0.0,0.0,0.0
2025-09-23 10:00:00,0.0,36.3716875,0.0,0.0,0.0,0.0,0.0
2025-09-23 11:00:00,0.0,38.55459191894531,0.0,0.0,0.0,0.0,0.0
2025-09-23 12:00:00,0.0,40.520899047851564,0.0,0.0,0.0,0.0,0.0
2025-09-23 13:00:00,0.0,40.77074633789062,0.0,0.0,0.0,0.0,0.0
2025-09-23 14:00:00,0.0,39.55024462890625,0.0,0.0,0.0,0.0,0.0
2025-09-23 15:00:00,0.0,39.92887255859375,0.0,0.0,0.0,0.0,0.0
2025-09-23 16:00:00,0.0,39.7194638671875,0.0,0.0,0.0,0.0,0.0
2025-09-23 17:00:00,0.0,38.046857421875,0.0,0.0,0.0,0.0,0.0
2025-09-23 18:00:00,0.0,37.657185546875,0.0,0.0,0.0,0.0,0.0
2025-09-23 19:00:00,0.0,37.6375234375,0.0,0.0,0.0,0.0,0.0
2025-09-23 20:00:00,0.0,39.335314453125,0.0,0.0,0.0,0.0,0.0
2025-09-23 21:00:00,0.0,37.824076171875,0.0,0.0,0.0,0.0,0.0
2025-09-23 22:00:00,0.0,35.223373046875,0.0,0.0,0.0,0.0,0.0
2025-09-23 23:00:00,0.0,32.072498046875,0.0,0.0,0.0,0.0,0.0
2025-09-24 00:00:00,0.0,28.469697265625,0.0,0.0,0.0,0.0,0.0
2025-09-24 01:00:00,0.0,25.82662109375,0.0,0.0,0.0,0.0,0.0
2025-09-24 02:00:00,0.0,23.69288671875,0.0,0.0,0.0,0.0,0.0
2025-09-24 03:00:00,0.0,22.2760703125,0.0,0.0,0.0,0.0,0.0
2025-09-24 04:00:00,0.0,21.6249765625,0.0,0.0,0.0,0.0,0.0
2025-09-24 05:00:00,0.0,22.62028125,0.0,0.0,0.0,0.0,0.0
2025-09-24 06:00:00,0.0,25.12173828125,0.0,0.0,0.0,0.0,0.0
2025-09-24 07:00:00,0.0,30.8576875,0.0,0.0,0.0,0.0,0.0
2025-09-24 08:00:00,0.0,32.38655859375,0.0,0.0,0.0,0.0,0.0
2025-09-24 09:00:00,0.0,35.80469921875,0.0,0.0,0.0,0.0,0.0
2025-09-24 10:00:00,0.0,38.31884375,0.0,0.0,0.0,0.0,0.0
2025-09-24 11:00:00,0.0,39.95184375,0.0,0.0,0.0,0.0,0.0
2025-09-24 12:00:00,0.0,40.34251171875,0.0,0.0,0.0,0.0,0.0
2025-09-24 13:00:00,0.0,40.785421875,0.0,0.0,0.0,0.0,0.0
2025-09-24 14:00:00,0.0,39.76986328125,0.0,0.0,0.0,0.0,0.0
2025-09-24 15:00:00,0.0,40.03472265625,0.0,0.0,0.0,0.0,0.0
2025-09-24 16:00:00,0.0,37.9252734375,0.0,0.0,0.0,0.0,0.0
2025-09-24 17:00:00,0.0,36.3024921875,0.0,0.0,0.0,0.0,0.0
2025-09-24 18:00:00,0.0,35.988078125,0.0,0.0,0.0,0.0,0.0
2025-09-24 19:00:00,0.0,36.77303125,0.0,0.0,0.0,0.0,0.0
2025-09-24 20:00:00,0.0,40.3476640625,0.0,0.0,0.0,0.0,0.0
2025-09-24 21:00:00,0.0,40.1613203125,0.0,0.0,0.0,0.0,0.0
2025-09-24 22:00:00,0.0,38.160671875,0.0,0.0,0.0,0.0,0.0
2025-09-24 23:00:00,0.0,35.5345390625,0.0,0.0,0.0,0.0,0.0
2025-09-25 00:00:00,0.0,31.23925,0.0,0.0,0.0,0.0,0.0
2025-09-25 01:00:00,0.0,27.05403125,0.0,0.0,0.0,0.0,0.0
2025-09-25 02:00:00,0.0,24.1198359375,0.0,0.0,0.0,0.0,0.0
2025-09-25 03:00:00,0.0,22.6621484375,0.0,0.0,0.0,0.0,0.0
2025-09-25 04:00:00,0.0,22.035703125,0.0,0.0,0.0,0.0,0.0
2025-09-25 05:00:00,0.0,22.1814921875,0.0,0.0,0.0,0.0,0.0
2025-09-25 06:00:00,0.0,25.8258515625,0.0,0.0,0.0,0.0,0.0
2025-09-25 07:00:00,0.0,29.7561640625,0.0,0.0,0.0,0.0,0.0
2025-09-25 08:00:00,0.0,32.0754140625,0.0,0.0,0.0,0.0,0.0
2025-09-25 09:00:00,0.0,35.979921875,0.0,0.0,0.0,0.0,0.0
2025-09-25 10:00:00,0.0,38.155421875,0.0,0.0,0.0,0.0,0.0
2025-09-25 11:00:00,0.0,39.587109375,0.0,0.0,0.0,0.0,0.0
2025-09-25 12:00:00,0.0,40.5184375,0.0,0.0,0.0,0.0,0.0
2025-09-25 13:00:00,0.0,40.4126875,0.0,0.0,0.0,0.0,0.0
2025-09-25 14:00:00,0.0,39.472515625,0.0,0.0,0.0,0.0,0.0
2025-09-25 15:00:00,0.0,38.3205703125,0.0,0.0,0.0,0.0,0.0
2025-09-25 16:00:00,0.0,38.740421875,0.0,0.0,0.0,0.0,0.0
2025-09-25 17:00:00,0.0,38.2878203125,0.0,0.0,0.0,0.0,0.0
2025-09-25 18:00:00,0.0,38.53603125,0.0,0.0,0.0,0.0,0.0
2025-09-25 19:00:00,0.0,38.3565859375,0.0,0.0,0.0,0.0,0.0
2025-09-25 20:00:00,0.0,39.6063046875,0.0,0.0,0.0,0.0,0.0
2025-09-25 21:00:00,0.0,39.15025,0.0,0.0,0.0,0.0,0.0
2025-09-25 22:00:00,0.0,36.711421875,0.0,0.0,0.0,0.0,0.0
2025-09-25 23:00:00,0.0,33.287578125,0.0,0.0,0.0,0.0,0.0
2025-09-26 00:00:00,0.0,28.946046875,0.0,0.0,0.0,0.0,0.0
2025-09-26 01:00:00,0.0,25.518296875,0.0,0.0,0.0,0.0,0.0
2025-09-26 02:00:00,0.0,23.6478125,0.0,0.0,0.0,0.0,0.0
2025-09-26 03:00:00,0.0,23.459640625,0.0,0.0,0.0,0.0,0.0
2025-09-26 04:00:00,0.0,23.00053125,0.0,0.0,0.0,0.0,0.0
2025-09-26 05:00:00,0.0,22.309234375,0.0,0.0,0.0,0.0,0.0
2025-09-26 06:00:00,0.0,24.42921875,0.0,0.0,0.0,0.0,0.0
2025-09-26 07:00:00,0.0,28.5614375,0.0,0.0,0.0,0.0,0.0
2025-09-26 08:00:00,0.0,30.594859375,0.0,0.0,0.0,0.0,0.0
2025-09-26 09:00:00,0.0,33.760359375,0.0,0.0,0.0,0.0,0.0
2025-09-26 10:00:00,0.0,35.760734375,0.0,0.0,0.0,0.0,0.0
2025-09-26 11:00:00,0.0,37.143171875,0.0,0.0,0.0,0.0,0.0
2025-09-26 12:00:00,0.0,37.498015625,0.0,0.0,0.0,0.0,0.0
2025-09-26 13:00:00,0.0,38.87865625,0.0,0.0,0.0,0.0,0.0
2025-09-26 14:00:00,0.0,37.323921875,0.0,0.0,0.0,0.0,0.0
2025-09-26 15:00:00,0.0,36.180703125,0.0,0.0,0.0,0.0,0.0
2025-09-26 16:00:00,0.0,36.15940625,0.0,0.0,0.0,0.0,0.0
2025-09-26 17:00:00,0.0,35.734625,0.0,0.0,0.0,0.0,0.0
2025-09-26 18:00:00,0.0,35.226140625,0.0,0.0,0.0,0.0,0.0
2025-09-26 19:00:00,0.0,35.330625,0.0,0.0,0.0,0.0,0.0
2025-09-26 20:00:00,0.0,37.69546875,0.0,0.0,0.0,0.0,0.0
2025-09-26 21:00:00,0.0,37.6730625,0.0,0.0,0.0,0.0,0.0
2025-09-26 22:00:00,0.0,35.663,0.0,0.0,0.0,0.0,0.0
2025-09-26 23:00:00,0.0,32.43640625,0.0,0.0,0.0,0.0,0.0
2025-09-27 00:00:00,0.0,28.924484375,0.0,0.0,0.0,0.0,0.0
2025-09-27 01:00:00,0.0,25.531890625,0.0,0.0,0.0,0.0,0.0
2025-09-27 02:00:00,0.0,23.34478125,0.0,0.0,0.0,0.0,0.0
2025-09-27 03:00:00,0.0,22.428203125,0.0,0.0,0.0,0.0,0.0
2025-09-27 04:00:00,0.0,21.9913125,0.0,0.0,0.0,0.0,0.0
2025-09-27 05:00:00,0.0,22.16378125,0.0,0.0,0.0,0.0,0.0
2025-09-27 06:00:00,0.0,25.489078125,0.0,0.0,0.0,0.0,0.0
2025-09-27 07:00:00,0.0,30.95915625,0.0,0.0,0.0,0.0,0.0
2025-09-27 08:00:00,0.0,33.052671875,0.0,0.0,0.0,0.0,0.0
2025-09-27 09:00:00,0.0,36.418875,0.0,0.0,0.0,0.0,0.0
2025-09-27 10:00:00,0.0,38.33515625,0.0,0.0,0.0,0.0,0.0
2025-09-27 11:00:00,0.0,39.697984375,0.0,0.0,0.0,0.0,0.0
2025-09-27 12:00:00,0.0,40.167015625,0.0,0.0,0.0,0.0,0.0
2025-09-27 13:00:00,0.0,39.50840625,0.0,0.0,0.0,0.0,0.0
2025-09-27 14:00:00,0.0,39.025734375,0.0,0.0,0.0,0.0,0.0
2025-09-27 15:00:00,0.0,38.791828125,0.0,0.0,0.0,0.0,0.0
2025-09-27 16:00:00,0.0,37.10621875,0.0,0.0,0.0,0.0,0.0
2025-09-27 17:00:00,0.0,34.735171875,0.0,0.0,0.0,0.0,0.0
2025-09-27 18:00:00,0.0,34.05121875,0.0,0.0,0.0,0.0,0.0
2025-09-27 19:00:00,0.0,35.02190625,0.0,0.0,0.0,0.0,0.0
2025-09-27 20:00:00,0.0,37.92771875,0.0,0.0,0.0,0.0,0.0
2025-09-27 21:00:00,0.0,38.17984375,0.0,0.0,0.0,0.0,0.0
2025-09-27 22:00:00,0.0,35.6395625,0.0,0.0,0.0,0.0,0.0
2025-09-27 23:00:00,0.0,33.030953125,0.0,0.0,0.0,0.0,0.0
2025-09-28 00:00:00,0.0,30.23384375,0.0,0.0,0.0,0.0,0.0
2025-09-28 01:00:00,0.0,27.592140625,0.0,0.0,0.0,0.0,0.0
2025-09-28 02:00:00,0.0,25.17803125,0.0,0.0,0.0,0.0,0.0
2025-09-28 03:00:00,0.0,23.29475,0.0,0.0,0.0,0.0,0.0
2025-09-28 04:00:00,0.0,22.41015625,0.0,0.0,0.0,0.0,0.0
2025-09-28 05:00:00,0.0,21.9001875,0.0,0.0,0.0,0.0,0.0
2025-09-28 06:00:00,0.0,22.2573125,0.0,0.0,0.0,0.0,0.0
2025-09-28 07:00:00,0.0,22.93534375,0.0,0.0,0.0,0.0,0.0
2025-09-28 08:00:00,0.0,25.062671875,0.0,0.0,0.0,0.0,0.0
2025-09-28 09:00:00,0.0,29.602625,0.0,0.0,0.0,0.0,0.0
2025-09-28 10:00:00,0.0,33.0721875,0.0,0.0,0.0,0.0,0.0
2025-09-28 11:00:00,0.0,35.09525,0.0,0.0,0.0,0.0,0.0
2025-09-28 12:00:00,0.0,35.62596875,0.0,0.0,0.0,0.0,0.0
2025-09-28 13:00:00,0.0,36.45990625,0.0,0.0,0.0,0.0,0.0
2025-09-28 14:00:00,0.0,35.9994375,0.0,0.0,0.0,0.0,0.0
2025-09-28 15:00:00,0.0,35.11425,0.0,0.0,0.0,0.0,0.0
2025-09-28 16:00:00,0.0,34.20903125,0.0,0.0,0.0,0.0,0.0
2025-09-28 17:00:00,0.0,33.268125,0.0,0.0,0.0,0.0,0.0
2025-09-28 18:00:00,0.0,33.16765625,0.0,0.0,0.0,0.0,0.0
2025-09-28 19:00:00,0.0,34.40546875,0.0,0.0,0.0,0.0,0.0
2025-09-28 20:00:00,0.0,36.3393125,0.0,0.0,0.0,0.0,0.0
2025-09-28 21:00:00,0.0,36.62846875,0.0,0.0,0.0,0.0,0.0
2025-09-28 22:00:00,0.0,35.380625,0.0,0.0,0.0,0.0,0.0
2025-09-28 23:00:00,0.0,34.0003125,0.0,0.0,0.0,0.0,0.0
2025-09-29 00:00:00,0.0,30.91546875,0.0,0.0,0.0,0.0,0.0
2025-09-29 01:00:00,0.0,27.978375,0.0,0.0,0.0,0.0,0.0
2025-09-29 02:00:00,0.0,25.451875,0.0,0.0,0.0,0.0,0.0
2025-09-29 03:00:00,0.0,23.99134375,0.0,0.0,0.0,0.0,0.0
2025-09-29 04:00:00,0.0,22.87690625,0.0,0.0,0.0,0.0,0.0
2025-09-29 05:00:00,0.0,22.44453125,0.0,0.0,0.0,0.0,0.0
2025-09-29 06:00:00,0.0,22.59309375,0.0,0.0,0.0,0.0,0.0
2025-09-29 07:00:00,0.0,21.96025,0.0,0.0,0.0,0.0,0.0
2025-09-29 08:00:00,0.0,21.86284375,0.0,0.0,0.0,0.0,0.0
2025-09-29 09:00:00,0.0,24.78675,0.0,0.0,0.0,0.0,0.0
2025-09-29 10:00:00,0.0,27.39153125,0.0,0.0,0.0,0.0,0.0
2025-09-29 11:00:00,0.0,29.816875,0.0,0.0,0.0,0.0,0.0
2025-09-29 12:00:00,0.0,31.55109375,0.0,0.0,0.0,0.0,0.0
2025-09-29 13:00:00,0.0,33.594625,0.0,0.0,0.0,0.0,0.0
2025-09-29 14:00:00,0.0,33.97296875,0.0,0.0,0.0,0.0,0.0
2025-09-29 15:00:00,0.0,33.32090625,0.0,0.0,0.0,0.0,0.0
2025-09-29 16:00:00,0.0,32.6774375,0.0,0.0,0.0,0.0,0.0
2025-09-29 17:00:00,0.0,32.0845625,0.0,0.0,0.0,0.0,0.0
2025-09-29 18:00:00,0.0,32.07234375,0.0,0.0,0.0,0.0,0.0
2025-09-29 19:00:00,0.0,33.0298125,0.0,0.0,0.0,0.0,0.0
2025-09-29 20:00:00,0.0,36.36440625,0.0,0.0,0.0,0.0,0.0
2025-09-29 21:00:00,0.0,38.21621875,0.0,0.0,0.0,0.0,0.0
2025-09-29 22:00:00,0.0,36.85715625,0.0,0.0,0.0,0.0,0.0
2025-09-29 23:00:00,0.0,33.65078125,0.0,0.0,0.0,0.0,0.0
2025-09-30 00:00:00,0.0,29.7445625,0.0,0.0,0.0,0.0,0.0
2025-09-30 01:00:00,0.0,26.249875,0.0,0.0,0.0,0.0,0.0
2025-09-30 02:00:00,0.0,23.8044375,0.0,0.0,0.0,0.0,0.0
2025-09-30 03:00:00,0.0,22.4860625,0.0,0.0,0.0,0.0,0.0
2025-09-30 04:00:00,0.0,21.517875,0.0,0.0,0.0,0.0,0.0
2025-09-30 05:00:00,0.0,22.0585625,0.0,0.0,0.0,0.0,0.0
2025-09-30 06:00:00,0.0,24.6665,0.0,0.0,0.0,0.0,0.0
2025-09-30 07:00:00,0.0,29.007375,0.0,0.0,0.0,0.0,0.0
2025-09-30 08:00:00,0.0,31.36021875,0.0,0.0,0.0,0.0,0.0
2025-09-30 09:00:00,0.0,36.1113125,0.0,0.0,0.0,0.0,0.0
2025-09-30 10:00:00,0.0,38.5544375,0.0,0.0,0.0,0.0,0.0
2025-09-30 11:00:00,0.0,40.431375,0.0,0.0,0.0,0.0,0.0
2025-09-30 12:00:00,0.0,40.73246875,0.0,0.0,0.0,0.0,0.0
2025-09-30 13:00:00,0.0,40.60040625,0.0,0.0,0.0,0.0,0.0
2025-09-30 14:00:00,0.0,39.283875,0.0,0.0,0.0,0.0,0.0
2025-09-30 15:00:00,0.0,39.087875,0.0,0.0,0.0,0.0,0.0
2025-09-30 16:00:00,0.0,36.98134375,0.0,0.0,0.0,0.0,0.0
2025-09-30 17:00:00,0.0,36.108875,0.0,0.0,0.0,0.0,0.0
2025-09-30 18:00:00,0.0,36.22140625,0.0,0.0,0.0,0.0,0.0
2025-09-30 19:00:00,0.0,37.3375625,0.0,0.0,0.0,0.0,0.0
2025-09-30 20:00:00,0.0,39.9460625,0.0,0.0,0.0,0.0,0.0
2025-09-30 21:00:00,0.0,38.72684375,0.0,0.0,0.0,0.0,0.0
2025-09-30 22:00:00,0.0,36.985,0.0,0.0,0.0,0.0,0.0
2025-09-30 23:00:00,0.0,33.70490625,0.0,0.0,0.0,0.0,0.0
2025-10-01 00:00:00,0.0,29.66971875,0.0,0.0,0.0,0.0,0.0
2025-10-01 01:00:00,0.0,26.4110625,0.0,0.0,0.0,0.0,0.0
2025-10-01 02:00:00,0.0,24.1058125,0.0,0.0,0.0,0.0,0.0
2025-10-01 03:00:00,0.0,23.18253125,0.0,0.0,0.0,0.0,0.0
2025-10-01 04:00:00,0.0,22.945875,0.0,0.0,0.0,0.0,0.0
2025-10-01 05:00:00,0.0,23.043375,0.0,0.0,0.0,0.0,0.0
2025-10-01 06:00:00,0.0,25.40821875,0.0,0.0,0.0,0.0,0.0
2025-10-01 07:00:00,0.0,29.24246875,0.0,0.0,0.0,0.0,0.0
2025-10-01 08:00:00,0.0,32.10415625,0.0,0.0,0.0,0.0,0.0
2025-10-01 09:00:00,0.0,35.89246875,0.0,0.0,0.0,0.0,0.0
2025-10-01 10:00:00,0.0,38.016875,0.0,0.0,0.0,0.0,0.0
2025-10-01 11:00:00,0.0,39.26075,0.0,0.0,0.0,0.0,0.0
2025-10-01 12:00:00,0.0,39.438625,0.0,0.0,0.0,0.0,0.0
2025-10-01 13:00:00,0.0,39.20859375,0.0,0.0,0.0,0.0,0.0
2025-10-01 14:00:00,0.0,38.29134375,0.0,0.0,0.0,0.0,0.0
2025-10-01 15:00:00,0.0,38.28321875,0.0,0.0,0.0,0.0,0.0
2025-10-01 16:00:00,0.0,37.91940625,0.0,0.0,0.0,0.0,0.0
2025-10-01 17:00:00,0.0,37.18459375,0.0,0.0,0.0,0.0,0.0
2025-10-01 18:00:00,0.0,36.54121875,0.0,0.0,0.0,0.0,0.0
2025-10-01 19:00:00,0.0,36.21253125,0.0,0.0,0.0,0.0,0.0
2025-10-01 20:00:00,0.0,38.34975,0.0,0.0,0.0,0.0,0.0
2025-10-01 21:00:00,0.0,39.32559375,0.0,0.0,0.0,0.0,0.0
2025-10-01 22:00:00,0.0,37.1999375,0.0,0.0,0.0,0.0,0.0
2025-10-01 23:00:00,0.0,33.4583125,0.0,0.0,0.0,0.0,0.0
2025-10-02 00:00:00,0.0,29.60534375,0.0,0.0,0.0,0.0,0.0
2025-10-02 01:00:00,0.0,26.74246875,0.0,0.0,0.0,0.0,0.0
2025-10-02 02:00:00,0.0,24.3549375,0.0,0.0,0.0,0.0,0.0
2025-10-02 03:00:00,0.0,22.91296875,0.0,0.0,0.0,0.0,0.0
2025-10-02 04:00:00,0.0,22.4973125,0.0,0.0,0.0,0.0,0.0
2025-10-02 05:00:00,0.0,22.65234375,0.0,0.0,0.0,0.0,0.0
2025-10-02 06:00:00,0.0,24.95753125,0.0,0.0,0.0,0.0,0.0
2025-10-02 07:00:00,0.0,29.07103125,0.0,0.0,0.0,0.0,0.0
2025-10-02 08:00:00,0.0,31.37025,0.0,0.0,0.0,0.0,0.0
2025-10-02 09:00:00,0.0,34.953375,0.0,0.0,0.0,0.0,0.0
2025-10-02 10:00:00,0.0,37.4149375,0.0,0.0,0.0,0.0,0.0
2025-10-02 11:00:00,0.0,39.67803125,0.0,0.0,0.0,0.0,0.0
2025-10-02 12:00:00,0.0,39.60209375,0.0,0.0,0.0,0.0,0.0
2025-10-02 13:00:00,0.0,38.55296875,0.0,0.0,0.0,0.0,0.0
2025-10-02 14:00:00,0.0,37.22853125,0.0,0.0,0.0,0.0,0.0
2025-10-02 15:00:00,0.0,36.90053125,0.0,0.0,0.0,0.0,0.0
2025-10-02 16:00:00,0.0,36.61196875,0.0,0.0,0.0,0.0,0.0
2025-10-02 17:00:00,0.0,36.88375,0.0,0.0,0.0,0.0,0.0
2025-10-02 18:00:00,0.0,37.02671875,0.0,0.0,0.0,0.0,0.0
2025-10-02 19:00:00,0.0,35.99096875,0.0,0.0,0.0,0.0,0.0
2025-10-02 20:00:00,0.0,37.91821875,0.0,0.0,0.0,0.0,0.0
2025-10-02 21:00:00,0.0,38.721375,0.0,0.0,0.0,0.0,0.0
2025-10-02 22:00:00,0.0,36.73428125,0.0,0.0,0.0,0.0,0.0
2025-10-02 23:00:00,0.0,33.30678125,0.0,0.0,0.0,0.0,0.0
2025-10-03 00:00:00,0.0,29.60025,0.0,0.0,0.0,0.0,0.0
2025-10-03 01:00:00,0.0,25.921625,0.0,0.0,0.0,0.0,0.0
2025-10-03 02:00:00,0.0,24.12071875,0.0,0.0,0.0,0.0,0.0
2025-10-03 03:00:00,0.0,23.158625,0.0,0.0,0.0,0.0,0.0
2025-10-03 04:00:00,0.0,21.96903125,0.0,0.0,0.0,0.0,0.0
2025-10-03 05:00:00,0.0,21.88178125,0.0,0.0,0.0,0.0,0.0
2025-10-03 06:00:00,0.0,24.8889375,0.0,0.0,0.0,0.0,0.0
2025-10-03 07:00:00,0.0,28.15725,0.0,0.0,0.0,0.0,0.0
2025-10-03 08:00:00,0.0,31.2548125,0.0,0.0,0.0,0.0,0.0
2025-10-03 09:00:00,0.0,36.2101875,0.0,0.0,0.0,0.0,0.0
2025-10-03 10:00:00,0.0,39.2139375,0.0,0.0,0.0,0.0,0.0
2025-10-03 11:00:00,0.0,40.579625,0.0,0.0,0.0,0.0,0.0
2025-10-03 12:00:00,0.0,40.9459375,0.0,0.0,0.0,0.0,0.0
2025-10-03 13:00:00,0.0,40.4231875,0.0,0.0,0.0,0.0,0.0
2025-10-03 14:00:00,0.0,39.5085,0.0,0.0,0.0,0.0,0.0
2025-10-03 15:00:00,0.0,39.1361875,0.0,0.0,0.0,0.0,0.0
2025-10-03 16:00:00,0.0,38.3168125,0.0,0.0,0.0,0.0,0.0
2025-10-03 17:00:00,0.0,37.66675,0.0,0.0,0.0,0.0,0.0
2025-10-03 18:00:00,0.0,37.0766875,0.0,0.0,0.0,0.0,0.0
2025-10-03 19:00:00,0.0,36.908625,0.0,0.0,0.0,0.0,0.0
2025-10-03 20:00:00,0.0,38.1760625,0.0,0.0,0.0,0.0,0.0
2025-10-03 21:00:00,0.0,39.3645625,0.0,0.0,0.0,0.0,0.0
2025-10-03 22:00:00,0.0,37.191125,0.0,0.0,0.0,0.0,0.0
2025-10-03 23:00:00,0.0,34.280625,0.0,0.0,0.0,0.0,0.0
2025-10-04 00:00:00,0.0,29.4000625,0.0,0.0,0.0,0.0,0.0
2025-10-04 01:00:00,0.0,25.4735625,0.0,0.0,0.0,0.0,0.0
2025-10-04 02:00:00,0.0,23.815625,0.0,0.0,0.0,0.0,0.0
2025-10-04 03:00:00,0.0,22.831375,0.0,0.0,0.0,0.0,0.0
2025-10-04 04:00:00,0.0,22.3583125,0.0,0.0,0.0,0.0,0.0
2025-10-04 05:00:00,0.0,22.7208125,0.0,0.0,0.0,0.0,0.0
2025-10-04 06:00:00,0.0,24.289375,0.0,0.0,0.0,0.0,0.0
2025-10-04 07:00:00,0.0,26.69225,0.0,0.0,0.0,0.0,0.0
2025-10-04 08:00:00,0.0,29.7285625,0.0,0.0,0.0,0.0,0.0
2025-10-04 09:00:00,0.0,33.541375,0.0,0.0,0.0,0.0,0.0
2025-10-04 10:00:00,0.0,35.7416875,0.0,0.0,0.0,0.0,0.0
2025-10-04 11:00:00,0.0,37.0214375,0.0,0.0,0.0,0.0,0.0
2025-10-04 12:00:00,0.0,37.1845,0.0,0.0,0.0,0.0,0.0
2025-10-04 13:00:00,0.0,36.8196875,0.0,0.0,0.0,0.0,0.0
2025-10-04 14:00:00,0.0,36.391625,0.0,0.0,0.0,0.0,0.0
2025-10-04 15:00:00,0.0,36.9709375,0.0,0.0,0.0,0.0,0.0
2025-10-04 16:00:00,0.0,36.425125,0.0,0.0,0.0,0.0,0.0
2025-10-04 17:00:00,0.0,35.6729375,0.0,0.0,0.0,0.0,0.0
2025-10-04 18:00:00,0.0,35.0570625,0.0,0.0,0.0,0.0,0.0
2025-10-04 19:00:00,0.0,34.916625,0.0,0.0,0.0,0.0,0.0
2025-10-04 20:00:00,0.0,36.020625,0.0,0.0,0.0,0.0,0.0
2025-10-04 21:00:00,0.0,37.14925,0.0,0.0,0.0,0.0,0.0
2025-10-04 22:00:00,0.0,35.433375,0.0,0.0,0.0,0.0,0.0
2025-10-04 23:00:00,0.0,33.3234375,0.0,0.0,0.0,0.0,0.0
2025-10-05 00:00:00,0.0,30.7004375,0.0,0.0,0.0,0.0,0.0
2025-10-05 01:00:00,0.0,27.5543125,0.0,0.0,0.0,0.0,0.0
2025-10-05 02:00:00,0.0,25.3368125,0.0,0.0,0.0,0.0,0.0
2025-10-05 03:00:00,0.0,23.8164375,0.0,0.0,0.0,0.0,0.0
2025-10-05 04:00:00,0.0,22.294375,0.0,0.0,0.0,0.0,0.0
2025-10-05 05:00:00,0.0,22.1766875,0.0,0.0,0.0,0.0,0.0
2025-10-05 06:00:00,0.0,22.4908125,0.0,0.0,0.0,0.0,0.0
2025-10-05 07:00:00,0.0,22.6776875,0.0,0.0,0.0,0.0,0.0
2025-10-05 08:00:00,0.0,24.8895,0.0,0.0,0.0,0.0,0.0
2025-10-05 09:00:00,0.0,29.1530625,0.0,0.0,0.0,0.0,0.0
2025-10-05 10:00:00,0.0,32.65725,0.0,0.0,0.0,0.0,0.0
2025-10-05 11:00:00,0.0,34.1126875,0.0,0.0,0.0,0.0,0.0
2025-10-05 12:00:00,0.0,35.38075,0.0,0.0,0.0,0.0,0.0
2025-10-05 13:00:00,0.0,35.4389375,0.0,0.0,0.0,0.0,0.0
2025-10-05 14:00:00,0.0,35.064375,0.0,0.0,0.0,0.0,0.0
2025-10-05 15:00:00,0.0,34.1540625,0.0,0.0,0.0,0.0,0.0
2025-10-05 16:00:00,0.0,32.9575625,0.0,0.0,0.0,0.0,0.0
2025-10-05 17:00:00,0.0,32.1601875,0.0,0.0,0.0,0.0,0.0
2025-10-05 18:00:00,0.0,31.52,0.0,0.0,0.0,0.0,0.0
2025-10-05 19:00:00,0.0,31.331375,0.0,0.0,0.0,0.0,0.0
2025-10-05 20:00:00,0.0,33.4376875,0.0,0.0,0.0,0.0,0.0
2025-10-05 21:00:00,0.0,34.84025,0.0,0.0,0.0,0.0,0.0
2025-10-05 22:00:00,0.0,33.5865625,0.0,0.0,0.0,0.0,0.0
2025-10-05 23:00:00,0.0,31.474875,0.0,0.0,0.0,0.0,0.0
2025-10-06 00:00:00,0.0,29.0143125,0.0,0.0,0.0,0.0,0.0
2025-10-06 01:00:00,0.0,26.44175,0.0,0.0,0.0,0.0,0.0
2025-10-06 02:00:00,0.0,24.486875,0.0,0.0,0.0,0.0,0.0
2025-10-06 03:00:00,0.0,22.4818125,0.0,0.0,0.0,0.0,0.0
2025-10-06 04:00:00,0.0,21.421375,0.0,0.0,0.0,0.0,0.0
2025-10-06 05:00:00,0.0,20.9873125,0.0,0.0,0.0,0.0,0.0
2025-10-06 06:00:00,0.0,21.140125,0.0,0.0,0.0,0.0,0.0
2025-10-06 07:00:00,0.0,20.8873125,0.0,0.0,0.0,0.0,0.0
2025-10-06 08:00:00,0.0,21.4253125,0.0,0.0,0.0,0.0,0.0
2025-10-06 09:00:00,0.0,24.5143125,0.0,0.0,0.0,0.0,0.0
2025-10-06 10:00:00,0.0,27.5350625,0.0,0.0,0.0,0.0,0.0
2025-10-06 11:00:00,0.0,29.6856875,0.0,0.0,0.0,0.0,0.0
2025-10-06 12:00:00,0.0,30.7451875,0.0,0.0,0.0,0.0,0.0
2025-10-06 13:00:00,0.0,31.6880625,0.0,0.0,0.0,0.0,0.0
2025-10-06 14:00:00,0.0,31.8413125,0.0,0.0,0.0,0.0,0.0
2025-10-06 15:00:00,0.0,31.0224375,0.0,0.0,0.0,0.0,0.0
2025-10-06 16:00:00,0.0,30.242375,0.0,0.0,0.0,0.0,0.0
2025-10-06 17:00:00,0.0,29.5815625,0.0,0.0,0.0,0.0,0.0
2025-10-06 18:00:00,0.0,29.5313125,0.0,0.0,0.0,0.0,0.0
2025-10-06 19:00:00,0.0,31.022375,0.0,0.0,0.0,0.0,0.0
2025-10-06 20:00:00,0.0,34.3073125,0.0,0.0,0.0,0.0,0.0
2025-10-06 21:00:00,0.0,36.4883125,0.0,0.0,0.0,0.0,0.0
2025-10-06 22:00:00,0.0,34.584625,0.0,0.0,0.0,0.0,0.0
2025-10-06 23:00:00,0.0,31.49125,0.0,0.0,0.0,0.0,0.0
2025-10-07 00:00:00,0.0,27.60075,0.0,0.0,0.0,0.0,0.0
2025-10-07 01:00:00,0.0,24.4635625,0.0,0.0,0.0,0.0,0.0
2025-10-07 02:00:00,0.0,21.9985,0.0,0.0,0.0,0.0,0.0
2025-10-07 03:00:00,0.0,20.8556875,0.0,0.0,0.0,0.0,0.0
2025-10-07 04:00:00,0.0,21.036625,0.0,0.0,0.0,0.0,0.0
2025-10-07 05:00:00,0.0,21.9243125,0.0,0.0,0.0,0.0,0.0
2025-10-07 06:00:00,0.0,23.94775,0.0,0.0,0.0,0.0,0.0
2025-10-07 07:00:00,0.0,28.237625,0.0,0.0,0.0,0.0,0.0
2025-10-07 08:00:00,0.0,30.75675,0.0,0.0,0.0,0.0,0.0
2025-10-07 09:00:00,0.0,36.2505625,0.0,0.0,0.0,0.0,0.0
2025-10-07 10:00:00,0.0,38.9275625,0.0,0.0,0.0,0.0,0.0
2025-10-07 11:00:00,0.0,40.530125,0.0,0.0,0.0,0.0,0.0
2025-10-07 12:00:00,0.0,40.5449375,0.0,0.0,0.0,0.0,0.0
2025-10-07 13:00:00,0.0,39.8730625,0.0,0.0,0.0,0.0,0.0
2025-10-07 14:00:00,0.0,37.943875,0.0,0.0,0.0,0.0,0.0
2025-10-07 15:00:00,0.0,37.2073125,0.0,0.0,0.0,0.0,0.0
2025-10-07 16:00:00,0.0,36.886125,0.0,0.0,0.0,0.0,0.0
2025-10-07 17:00:00,0.0,36.215875,0.0,0.0,0.0,0.0,0.0
2025-10-07 18:00:00,0.0,35.7731875,0.0,0.0,0.0,0.0,0.0
2025-10-07 19:00:00,0.0,35.777875,0.0,0.0,0.0,0.0,0.0
2025-10-07 20:00:00,0.0,36.7638125,0.0,0.0,0.0,0.0,0.0
2025-10-07 21:00:00,0.0,37.401,0.0,0.0,0.0,0.0,0.0
2025-10-07 22:00:00,0.0,35.4651875,0.0,0.0,0.0,0.0,0.0
2025-10-07 23:00:00,0.0,32.9366875,0.0,0.0,0.0,0.0,0.0
2025-10-08 00:00:00,0.0,28.793,0.0,0.0,0.0,0.0,0.0
2025-10-08 01:00:00,0.0,26.0641875,0.0,0.0,0.0,0.0,0.0
2025-10-08 02:00:00,0.0,24.1225625,0.0,0.0,0.0,0.0,0.0
2025-10-08 03:00:00,0.0,23.571375,0.0,0.0,0.0,0.0,0.0
2025-10-08 04:00:00,0.0,23.0780625,0.0,0.0,0.0,0.0,0.0
2025-10-08 05:00:00,0.0,23.4911875,0.0,0.0,0.0,0.0,0.0
2025-10-08 06:00:00,0.0,25.8325625,0.0,0.0,0.0,0.0,0.0
2025-10-08 07:00:00,0.0,30.188,0.0,0.0,0.0,0.0,0.0
2025-10-08 08:00:00,0.0,32.0128125,0.0,0.0,0.0,0.0,0.0
2025-10-08 09:00:00,0.0,36.6145625,0.0,0.0,0.0,0.0,0.0
2025-10-08 10:00:00,0.0,38.01575,0.0,0.0,0.0,0.0,0.0
2025-10-08 11:00:00,0.0,38.668125,0.0,0.0,0.0,0.0,0.0
2025-10-08 12:00:00,0.0,38.807,0.0,0.0,0.0,0.0,0.0
2025-10-08 13:00:00,0.0,38.4418125,0.0,0.0,0.0,0.0,0.0
2025-10-08 14:00:00,0.0,37.33125,0.0,0.0,0.0,0.0,0.0
2025-10-08 15:00:00,0.0,37.367875,0.0,0.0,0.0,0.0,0.0
2025-10-08 16:00:00,0.0,37.462875,0.0,0.0,0.0,0.0,0.0
2025-10-08 17:00:00,0.0,36.750125,0.0,0.0,0.0,0.0,0.0
2025-10-08 18:00:00,0.0,36.387875,0.0,0.0,0.0,0.0,0.0
2025-10-08 19:00:00,0.0,36.850625,0.0,0.0,0.0,0.0,0.0
2025-10-08 20:00:00,0.0,37.2209375,0.0,0.0,0.0,0.0,0.0
2025-10-08 21:00:00,0.0,37.4631875,0.0,0.0,0.0,0.0,0.0
2025-10-08 22:00:00,0.0,35.6795625,0.0,0.0,0.0,0.0,0.0
2025-10-08 23:00:00,0.0,33.114625,0.0,0.0,0.0,0.0,0.0
2025-10-09 00:00:00,0.0,29.163,0.0,0.0,0.0,0.0,0.0
2025-10-09 01:00:00,0.0,26.09975,0.0,0.0,0.0,0.0,0.0
2025-10-09 02:00:00,0.0,24.1180625,0.0,0.0,0.0,0.0,0.0
2025-10-09 03:00:00,0.0,22.8619375,0.0,0.0,0.0,0.0,0.0
2025-10-09 04:00:00,0.0,22.459625,0.0,0.0,0.0,0.0,0.0
2025-10-09 05:00:00,0.0,22.496375,0.0,0.0,0.0,0.0,0.0
2025-10-09 06:00:00,0.0,25.0774375,0.0,0.0,0.0,0.0,0.0
2025-10-09 07:00:00,0.0,29.14225,0.0,0.0,0.0,0.0,0.0
2025-10-09 08:00:00,0.0,31.8475,0.0,0.0,0.0,0.0,0.0
2025-10-09 09:00:00,0.0,36.6616875,0.0,0.0,0.0,0.0,0.0
2025-10-09 10:00:00,0.0,38.20775,0.0,0.0,0.0,0.0,0.0
2025-10-09 11:00:00,0.0,40.0666875,0.0,0.0,0.0,0.0,0.0
2025-10-09 12:00:00,0.0,40.7694375,0.0,0.0,0.0,0.0,0.0
2025-10-09 13:00:00,0.0,40.10275,0.0,0.0,0.0,0.0,0.0
2025-10-09 14:00:00,0.0,39.5554375,0.0,0.0,0.0,0.0,0.0
2025-10-09 15:00:00,0.0,39.3120625,0.0,0.0,0.0,0.0,0.0
2025-10-09 16:00:00,0.0,38.2548125,0.0,0.0,0.0,0.0,0.0
2025-10-09 17:00:00,0.0,37.320375,0.0,0.0,0.0,0.0,0.0
2025-10-09 18:00:00,0.0,36.0680625,0.0,0.0,0.0,0.0,0.0
2025-10-09 19:00:00,0.0,35.81425,0.0,0.0,0.0,0.0,0.0
2025-10-09 20:00:00,0.0,35.835375,0.0,0.0,0.0,0.0,0.0
2025-10-09 21:00:00,0.0,37.097,0.0,0.0,0.0,0.0,0.0
2025-10-09 22:00:00,0.0,35.424375,0.0,0.0,0.0,0.0,0.0
2025-10-09 23:00:00,0.0,32.6061875,0.0,0.0,0.0,0.0,0.0
2025-10-10 00:00:00,0.0,29.6440625,0.0,0.0,0.0,0.0,0.0
2025-10-10 01:00:00,0.0,25.5666875,0.0,0.0,0.0,0.0,0.0
2025-10-10 02:00:00,0.0,22.0776875,0.0,0.0,0.0,0.0,0.0
2025-10-10 03:00:00,0.0,22.729625,0.0,0.0,0.0,0.0,0.0
2025-10-10 04:00:00,0.0,22.4440625,0.0,0.0,0.0,0.0,0.0
2025-10-10 05:00:00,0.0,21.98275,0.0,0.0,0.0,0.0,0.0
2025-10-10 06:00:00,0.0,23.94625,0.0,0.0,0.0,0.0,0.0
2025-10-10 07:00:00,0.0,27.192875,0.0,0.0,0.0,0.0,0.0
2025-10-10 08:00:00,0.0,29.7875625,0.0,0.0,0.0,0.0,0.0
2025-10-10 09:00:00,0.0,33.311375,0.0,0.0,0.0,0.0,0.0
2025-10-10 10:00:00,0.0,35.1388125,0.0,0.0,0.0,0.0,0.0
2025-10-10 11:00:00,0.0,36.10475,0.0,0.0,0.0,0.0,0.0
2025-10-10 12:00:00,0.0,36.8516875,0.0,0.0,0.0,0.0,0.0
2025-10-10 13:00:00,0.0,37.169875,0.0,0.0,0.0,0.0,0.0
2025-10-10 14:00:00,0.0,35.7893125,0.0,0.0,0.0,0.0,0.0
2025-10-10 15:00:00,0.0,35.7405,0.0,0.0,0.0,0.0,0.0
2025-10-10 16:00:00,0.0,35.261,0.0,0.0,0.0,0.0,0.0
2025-10-10 17:00:00,0.0,34.7385625,0.0,0.0,0.0,0.0,0.0
2025-10-10 18:00:00,0.0,35.153,0.0,0.0,0.0,0.0,0.0
2025-10-10 19:00:00,0.0,34.8689375,0.0,0.0,0.0,0.0,0.0
2025-10-10 20:00:00,0.0,35.9746875,0.0,0.0,0.0,0.0,0.0
2025-10-10 21:00:00,0.0,37.3235625,0.0,0.0,0.0,0.0,0.0
2025-10-10 22:00:00,0.0,35.6485,0.0,0.0,0.0,0.0,0.0
2025-10-10 23:00:00,0.0,32.6250625,0.0,0.0,0.0,0.0,0.0
2025-10-11 00:00:00,0.0,29.0053125,0.0,0.0,0.0,0.0,0.0
2025-10-11 01:00:00,0.0,26.4590625,0.0,0.0,0.0,0.0,0.0
2025-10-11 02:00:00,0.0,24.4045,0.0,0.0,0.0,0.0,0.0
2025-10-11 03:00:00,0.0,23.61075,0.0,0.0,0.0,0.0,0.0
2025-10-11 04:00:00,0.0,22.9993125,0.0,0.0,0.0,0.0,0.0
2025-10-11 05:00:00,0.0,22.754,0.0,0.0,0.0,0.0,0.0
2025-10-11 06:00:00,0.0,24.778125,0.0,0.0,0.0,0.0,0.0
2025-10-11 07:00:00,0.0,28.6756875,0.0,0.0,0.0,0.0,0.0
2025-10-11 08:00:00,0.0,31.4854375,0.0,0.0,0.0,0.0,0.0
2025-10-11 09:00:00,0.0,36.884125,0.0,0.0,0.0,0.0,0.0
2025-10-11 10:00:00,0.0,38.487875,0.0,0.0,0.0,0.0,0.0
2025-10-11 11:00:00,0.0,39.4353125,0.0,0.0,0.0,0.0,0.0
2025-10-11 12:00:00,0.0,39.5234375,0.0,0.0,0.0,0.0,0.0
2025-10-11 13:00:00,0.0,38.7965625,0.0,0.0,0.0,0.0,0.0
2025-10-11 14:00:00,0.0,38.3393125,0.0,0.0,0.0,0.0,0.0
2025-10-11 15:00:00,0.0,38.4709375,0.0,0.0,0.0,0.0,0.0
2025-10-11 16:00:00,0.0,37.433,0.0,0.0,0.0,0.0,0.0
2025-10-11 17:00:00,0.0,36.0005625,0.0,0.0,0.0,0.0,0.0
2025-10-11 18:00:00,0.0,35.9555,0.0,0.0,0.0,0.0,0.0
2025-10-11 19:00:00,0.0,36.3606875,0.0,0.0,0.0,0.0,0.0
2025-10-11 20:00:00,0.0,36.6908125,0.0,0.0,0.0,0.0,0.0
2025-10-11 21:00:00,0.0,38.1255625,0.0,0.0,0.0,0.0,0.0
2025-10-11 22:00:00,0.0,37.5171875,0.0,0.0,0.0,0.0,0.0
2025-10-11 23:00:00,0.0,34.5836875,0.0,0.0,0.0,0.0,0.0
2025-10-12 00:00:00,0.0,30.3655,0.0,0.0,0.0,0.0,0.0
2025-10-12 01:00:00,0.0,27.5005,0.0,0.0,0.0,0.0,0.0
2025-10-12 02:00:00,0.0,25.00125,0.0,0.0,0.0,0.0,0.0
2025-10-12 03:00:00,0.0,23.316,0.0,0.0,0.0,0.0,0.0
2025-10-12 04:00:00,0.0,22.567875,0.0,0.0,0.0,0.0,0.0
2025-10-12 05:00:00,0.0,22.0175,0.0,0.0,0.0,0.0,0.0
2025-10-12 06:00:00,0.0,21.2723125,0.0,0.0,0.0,0.0,0.0
2025-10-12 07:00:00,0.0,20.63675,0.0,0.0,0.0,0.0,0.0
2025-10-12 08:00:00,0.0,23.2945,0.0,0.0,0.0,0.0,0.0
2025-10-12 09:00:00,0.0,26.6238125,0.0,0.0,0.0,0.0,0.0
2025-10-12 10:00:00,0.0,29.583625,0.0,0.0,0.0,0.0,0.0
2025-10-12 11:00:00,0.0,31.7088125,0.0,0.0,0.0,0.0,0.0
2025-10-12 12:00:00,0.0,32.6795625,0.0,0.0,0.0,0.0,0.0
2025-10-12 13:00:00,0.0,33.881125,0.0,0.0,0.0,0.0,0.0
2025-10-12 14:00:00,0.0,32.852125,0.0,0.0,0.0,0.0,0.0
2025-10-12 15:00:00,0.0,31.5375,0.0,0.0,0.0,0.0,0.0
2025-10-12 16:00:00,0.0,30.859125,0.0,0.0,0.0,0.0,0.0
2025-10-12 17:00:00,0.0,30.9974375,0.0,0.0,0.0,0.0,0.0
2025-10-12 18:00:00,0.0,31.117125,0.0,0.0,0.0,0.0,0.0
2025-10-12 19:00:00,0.0,31.228125,0.0,0.0,0.0,0.0,0.0
2025-10-12 20:00:00,0.0,33.1925625,0.0,0.0,0.0,0.0,0.0
2025-10-12 21:00:00,0.0,34.7209375,0.0,0.0,0.0,0.0,0.0
2025-10-12 22:00:00,0.0,33.5726875,0.0,0.0,0.0,0.0,0.0
2025-10-12 23:00:00,0.0,31.3674375,0.0,0.0,0.0,0.0,0.0
2025-10-13 00:00:00,0.0,28.8725625,0.0,0.0,0.0,0.0,0.0
2025-10-13 01:00:00,0.0,26.1669375,0.0,0.0,0.0,0.0,0.0
2025-10-13 02:00:00,0.0,24.2335,0.0,0.0,0.0,0.0,0.0
2025-10-13 03:00:00,0.0,23.4215625,0.0,0.0,0.0,0.0,0.0
2025-10-13 04:00:00,0.0,23.202529123306277,0.0,0.0,0.0,0.0,0.0
2025-10-13 05:00:00,0.0,22.19013615989686,0.0,0.0,0.0,0.0,0.0
2025-10-13 06:00:00,0.0,21.43907983398437,0.0,0.0,0.0,0.0,0.0
2025-10-13 07:00:00,0.0,19.57398291015625,0.0,0.0,0.0,0.0,0.0
2025-10-13 08:00:00,0.0,20.84676318359375,0.0,0.0,0.0,0.0,0.0
2025-10-13 09:00:00,0.0,23.4443271484375,0.0,0.0,0.0,0.0,0.0
2025-10-13 10:00:00,0.0,25.8019052734375,0.0,0.0,0.0,0.0,0.0
2025-10-13 11:00:00,0.0,28.9147216796875,0.0,0.0,0.0,0.0,0.0
2025-10-13 12:00:00,0.0,31.009908203125,0.0,0.0,0.0,0.0,0.0
2025-10-13 13:00:00,0.0,32.440455078125,0.0,0.0,0.0,0.0,0.0
2025-10-13 14:00:00,0.0,32.471787109375,0.0,0.0,0.0,0.0,0.0
2025-10-13 15:00:00,0.0,31.760658203125,0.0,0.0,0.0,0.0,0.0
2025-10-13 16:00:00,0.0,30.8818828125,0.0,0.0,0.0,0.0,0.0
2025-10-13 17:00:00,0.0,30.1374609375,0.0,0.0,0.0,0.0,0.0
2025-10-13 18:00:00,0.0,29.92740234375,0.0,0.0,0.0,0.0,0.0
2025-10-13 19:00:00,0.0,31.19203515625,0.0,0.0,0.0,0.0,0.0
2025-10-13 20:00:00,0.0,32.9541640625,0.0,0.0,0.0,0.0,0.0
2025-10-13 21:00:00,0.0,35.80416015625,0.0,0.0,0.0,0.0,0.0
2025-10-13 22:00:00,0.0,34.871796875,0.0,0.0,0.0,0.0,0.0
2025-10-13 23:00:00,0.0,31.992890625,0.0,0.0,0.0,0.0,0.0
2025-10-14 00:00:00,0.0,28.3931484375,0.0,0.0,0.0,0.0,0.0
2025-10-14 01:00:00,0.0,25.033796875,0.0,0.0,0.0,0.0,0.0
2025-10-14 02:00:00,0.0,22.6414921875,0.0,0.0,0.0,0.0,0.0
2025-10-14 03:00:00,0.0,21.452,0.0,0.0,0.0,0.0,0.0
2025-10-14 04:00:00,0.0,21.0047578125,0.0,0.0,0.0,0.0,0.0
2025-10-14 05:00:00,0.0,21.2441875,0.0,0.0,0.0,0.0,0.0
2025-10-14 06:00:00,0.0,23.63140625,0.0,0.0,0.0,0.0,0.0
2025-10-14 07:00:00,0.0,26.8375078125,0.0,0.0,0.0,0.0,0.0
2025-10-14 08:00:00,0.0,30.494734375,0.0,0.0,0.0,0.0,0.0
2025-10-14 09:00:00,0.0,35.7352109375,0.0,0.0,0.0,0.0,0.0
2025-10-14 10:00:00,0.0,37.7987578125,0.0,0.0,0.0,0.0,0.0
2025-10-14 11:00:00,0.0,39.018171875,0.0,0.0,0.0,0.0,0.0
2025-10-14 12:00:00,0.0,39.1643671875,0.0,0.0,0.0,0.0,0.0
2025-10-14 13:00:00,0.0,39.3306875,0.0,0.0,0.0,0.0,0.0
2025-10-14 14:00:00,0.0,38.052,0.0,0.0,0.0,0.0,0.0
2025-10-14 15:00:00,0.0,37.95809375,0.0,0.0,0.0,0.0,0.0
2025-10-14 16:00:00,0.0,37.5926796875,0.0,0.0,0.0,0.0,0.0
2025-10-14 17:00:00,0.0,36.89940625,0.0,0.0,0.0,0.0,0.0
2025-10-14 18:00:00,0.0,37.255203125,0.0,0.0,0.0,0.0,0.0
2025-10-14 19:00:00,0.0,37.301375,0.0,0.0,0.0,0.0,0.0
2025-10-14 20:00:00,0.0,38.27846875,0.0,0.0,0.0,0.0,0.0
2025-10-14 21:00:00,0.0,39.90765625,0.0,0.0,0.0,0.0,0.0
2025-10-14 22:00:00,0.0,37.804359375,0.0,0.0,0.0,0.0,0.0
2025-10-14 23:00:00,0.0,34.564921875,0.0,0.0,0.0,0.0,0.0
2025-10-15 00:00:00,0.0,28.913546875,0.0,0.0,0.0,0.0,0.0
2025-10-15 01:00:00,0.0,25.259984375,0.0,0.0,0.0,0.0,0.0
2025-10-15 02:00:00,0.0,23.834390625,0.0,0.0,0.0,0.0,0.0
2025-10-15 03:00:00,0.0,22.516765625,0.0,0.0,0.0,0.0,0.0
2025-10-15 04:00:00,0.0,21.829375,0.0,0.0,0.0,0.0,0.0
2025-10-15 05:00:00,0.0,21.975296875,0.0,0.0,0.0,0.0,0.0
2025-10-15 06:00:00,0.0,23.99925,0.0,0.0,0.0,0.0,0.0
2025-10-15 07:00:00,0.0,27.254640625,0.0,0.0,0.0,0.0,0.0
2025-10-15 08:00:00,0.0,30.583765625,0.0,0.0,0.0,0.0,0.0
2025-10-15 09:00:00,0.0,32.9751875,0.0,0.0,0.0,0.0,0.0
2025-10-15 10:00:00,0.0,34.36571875,0.0,0.0,0.0,0.0,0.0
2025-10-15 11:00:00,0.0,35.52546875,0.0,0.0,0.0,0.0,0.0
2025-10-15 12:00:00,0.0,36.155796875,0.0,0.0,0.0,0.0,0.0
2025-10-15 13:00:00,0.0,35.988984375,0.0,0.0,0.0,0.0,0.0
2025-10-15 14:00:00,0.0,35.0031875,0.0,0.0,0.0,0.0,0.0
2025-10-15 15:00:00,0.0,35.323765625,0.0,0.0,0.0,0.0,0.0
2025-10-15 16:00:00,0.0,35.532609375,0.0,0.0,0.0,0.0,0.0
2025-10-15 17:00:00,0.0,35.61,0.0,0.0,0.0,0.0,0.0
2025-10-15 18:00:00,0.0,35.533453125,0.0,0.0,0.0,0.0,0.0
2025-10-15 19:00:00,0.0,35.31865625,0.0,0.0,0.0,0.0,0.0
2025-10-15 20:00:00,0.0,34.99525,0.0,0.0,0.0,0.0,0.0
2025-10-15 21:00:00,0.0,36.937390625,0.0,0.0,0.0,0.0,0.0
2025-10-15 22:00:00,0.0,36.36078125,0.0,0.0,0.0,0.0,0.0
2025-10-15 23:00:00,0.0,33.282078125,0.0,0.0,0.0,0.0,0.0
2025-10-16 00:00:00,0.0,29.8600625,0.0,0.0,0.0,0.0,0.0
2025-10-16 01:00:00,0.0,26.7019375,0.0,0.0,0.0,0.0,0.0
2025-10-16 02:00:00,0.0,24.844078125,0.0,0.0,0.0,0.0,0.0
2025-10-16 03:00:00,0.0,23.569859375,0.0,0.0,0.0,0.0,0.0
2025-10-16 04:00:00,0.0,23.04671875,0.0,0.0,0.0,0.0,0.0
2025-10-16 05:00:00,0.0,23.167125,0.0,0.0,0.0,0.0,0.0
2025-10-16 06:00:00,0.0,24.53509375,0.0,0.0,0.0,0.0,0.0
2025-10-16 07:00:00,0.0,26.82009375,0.0,0.0,0.0,0.0,0.0
2025-10-16 08:00:00,0.0,30.95834375,0.0,0.0,0.0,0.0,0.0
2025-10-16 09:00:00,0.0,36.425125,0.0,0.0,0.0,0.0,0.0
2025-10-16 10:00:00,0.0,37.90978125,0.0,0.0,0.0,0.0,0.0
2025-10-16 11:00:00,0.0,38.76453125,0.0,0.0,0.0,0.0,0.0
2025-10-16 12:00:00,0.0,39.00309375,0.0,0.0,0.0,0.0,0.0
2025-10-16 13:00:00,0.0,38.8083125,0.0,0.0,0.0,0.0,0.0
2025-10-16 14:00:00,0.0,37.6301875,0.0,0.0,0.0,0.0,0.0
2025-10-16 15:00:00,0.0,38.12371875,0.0,0.0,0.0,0.0,0.0
2025-10-16 16:00:00,0.0,37.427625,0.0,0.0,0.0,0.0,0.0
2025-10-16 17:00:00,0.0,35.68296875,0.0,0.0,0.0,0.0,0.0
2025-10-16 18:00:00,0.0,35.2505,0.0,0.0,0.0,0.0,0.0
2025-10-16 19:00:00,0.0,35.18078125,0.0,0.0,0.0,0.0,0.0
2025-10-16 20:00:00,0.0,35.96746875,0.0,0.0,0.0,0.0,0.0
2025-10-16 21:00:00,0.0,37.720625,0.0,0.0,0.0,0.0,0.0
2025-10-16 22:00:00,0.0,36.03090625,0.0,0.0,0.0,0.0,0.0
2025-10-16 23:00:00,0.0,33.1474375,0.0,0.0,0.0,0.0,0.0
2025-10-17 00:00:00,0.0,29.61775,0.0,0.0,0.0,0.0,0.0
2025-10-17 01:00:00,0.0,26.4684375,0.0,0.0,0.0,0.0,0.0
2025-10-17 02:00:00,0.0,24.1518125,0.0,0.0,0.0,0.0,0.0
2025-10-17 03:00:00,0.0,22.9724375,0.0,0.0,0.0,0.0,0.0
2025-10-17 04:00:00,0.0,22.081125,0.0,0.0,0.0,0.0,0.0
2025-10-17 05:00:00,0.0,22.17428125,0.0,0.0,0.0,0.0,0.0
2025-10-17 06:00:00,0.0,24.05153125,0.0,0.0,0.0,0.0,0.0
2025-10-17 07:00:00,0.0,27.15521875,0.0,0.0,0.0,0.0,0.0
2025-10-17 08:00:00,0.0,30.948375,0.0,0.0,0.0,0.0,0.0
2025-10-17 09:00:00,0.0,33.8063125,0.0,0.0,0.0,0.0,0.0
2025-10-17 10:00:00,0.0,34.97509375,0.0,0.0,0.0,0.0,0.0
2025-10-17 11:00:00,0.0,36.2068125,0.0,0.0,0.0,0.0,0.0
2025-10-17 12:00:00,0.0,36.212375,0.0,0.0,0.0,0.0,0.0
2025-10-17 13:00:00,0.0,36.27675,0.0,0.0,0.0,0.0,0.0
2025-10-17 14:00:00,0.0,35.69709375,0.0,0.0,0.0,0.0,0.0
2025-10-17 15:00:00,0.0,35.65125,0.0,0.0,0.0,0.0,0.0
2025-10-17 16:00:00,0.0,35.16734375,0.0,0.0,0.0,0.0,0.0
2025-10-17 17:00:00,0.0,34.10584375,0.0,0.0,0.0,0.0,0.0
2025-10-17 18:00:00,0.0,33.7581875,0.0,0.0,0.0,0.0,0.0
2025-10-17 19:00:00,0.0,33.4213125,0.0,0.0,0.0,0.0,0.0
2025-10-17 20:00:00,0.0,34.8145625,0.0,0.0,0.0,0.0,0.0
2025-10-17 21:00:00,0.0,37.608625,0.0,0.0,0.0,0.0,0.0
2025-10-17 22:00:00,0.0,35.911125,0.0,0.0,0.0,0.0,0.0
2025-10-17 23:00:00,0.0,33.419375,0.0,0.0,0.0,0.0,0.0
2025-10-18 00:00:00,0.0,29.95521875,0.0,0.0,0.0,0.0,0.0
2025-10-18 01:00:00,0.0,26.7941875,0.0,0.0,0.0,0.0,0.0
2025-10-18 02:00:00,0.0,24.5021875,0.0,0.0,0.0,0.0,0.0
2025-10-18 03:00:00,0.0,23.011125,0.0,0.0,0.0,0.0,0.0
2025-10-18 04:00:00,0.0,22.518875,0.0,0.0,0.0,0.0,0.0
2025-10-18 05:00:00,0.0,22.0496875,0.0,0.0,0.0,0.0,0.0
2025-10-18 06:00:00,0.0,23.3239375,0.0,0.0,0.0,0.0,0.0
2025-10-18 07:00:00,0.0,25.78246875,0.0,0.0,0.0,0.0,0.0
2025-10-18 08:00:00,0.0,30.884625,0.0,0.0,0.0,0.0,0.0
2025-10-18 09:00:00,0.0,35.08753125,0.0,0.0,0.0,0.0,0.0
2025-10-18 10:00:00,0.0,36.752625,0.0,0.0,0.0,0.0,0.0
2025-10-18 11:00:00,0.0,38.27371875,0.0,0.0,0.0,0.0,0.0
2025-10-18 12:00:00,0.0,39.091375,0.0,0.0,0.0,0.0,0.0
2025-10-18 13:00:00,0.0,39.89440625,0.0,0.0,0.0,0.0,0.0
2025-10-18 14:00:00,0.0,38.34903125,0.0,0.0,0.0,0.0,0.0
2025-10-18 15:00:00,0.0,37.92421875,0.0,0.0,0.0,0.0,0.0
2025-10-18 16:00:00,0.0,37.02703125,0.0,0.0,0.0,0.0,0.0
2025-10-18 17:00:00,0.0,36.17446875,0.0,0.0,0.0,0.0,0.0
2025-10-18 18:00:00,0.0,36.37921875,0.0,0.0,0.0,0.0,0.0
2025-10-18 19:00:00,0.0,35.67915625,0.0,0.0,0.0,0.0,0.0
2025-10-18 20:00:00,0.0,35.85296875,0.0,0.0,0.0,0.0,0.0
2025-10-18 21:00:00,0.0,38.77771875,0.0,0.0,0.0,0.0,0.0
2025-10-18 22:00:00,0.0,37.66475,0.0,0.0,0.0,0.0,0.0
2025-10-18 23:00:00,0.0,35.0996875,0.0,0.0,0.0,0.0,0.0
2025-10-19 00:00:00,0.0,30.6295625,0.0,0.0,0.0,0.0,0.0
2025-10-19 01:00:00,0.0,27.3705625,0.0,0.0,0.0,0.0,0.0
2025-10-19 02:00:00,0.0,25.77203125,0.0,0.0,0.0,0.0,0.0
2025-10-19 03:00:00,0.0,24.42540625,0.0,0.0,0.0,0.0,0.0
2025-10-19 04:00:00,0.0,22.95225,0.0,0.0,0.0,0.0,0.0
2025-10-19 05:00:00,0.0,22.26165625,0.0,0.0,0.0,0.0,0.0
2025-10-19 06:00:00,0.0,22.1783125,0.0,0.0,0.0,0.0,0.0
2025-10-19 07:00:00,0.0,21.904125,0.0,0.0,0.0,0.0,0.0
2025-10-19 08:00:00,0.0,25.1090625,0.0,0.0,0.0,0.0,0.0
2025-10-19 09:00:00,0.0,29.9310625,0.0,0.0,0.0,0.0,0.0
2025-10-19 10:00:00,0.0,33.392875,0.0,0.0,0.0,0.0,0.0
2025-10-19 11:00:00,0.0,35.7146875,0.0,0.0,0.0,0.0,0.0
2025-10-19 12:00:00,0.0,36.70175,0.0,0.0,0.0,0.0,0.0
2025-10-19 13:00:00,0.0,36.65485726928711,0.0,0.0,0.0,0.0,0.0
2025-10-19 14:00:00,0.0,35.48485806274414,0.0,0.0,0.0,0.0,0.0
2025-10-19 15:00:00,0.0,34.8061923828125,0.0,0.0,0.0,0.0,0.0
2025-10-19 16:00:00,0.0,32.16982568359375,0.0,0.0,0.0,0.0,0.0
2025-10-19 17:00:00,0.0,32.54098046875,0.0,0.0,0.0,0.0,0.0
2025-10-19 18:00:00,0.0,32.56548828125,0.0,0.0,0.0,0.0,0.0
2025-10-19 19:00:00,0.0,32.0442197265625,0.0,0.0,0.0,0.0,0.0
2025-10-19 20:00:00,0.0,32.331498046875,0.0,0.0,0.0,0.0,0.0
2025-10-19 21:00:00,0.0,34.795921875,0.0,0.0,0.0,0.0,0.0
2025-10-19 22:00:00,0.0,33.732998046875,0.0,0.0,0.0,0.0,0.0
2025-10-19 23:00:00,0.0,31.913078125,0.0,0.0,0.0,0.0,0.0
2025-10-20 00:00:00,0.0,29.68090625,0.0,0.0,0.0,0.0,0.0
2025-10-20 01:00:00,0.0,27.15386328125,0.0,0.0,0.0,0.0,0.0
2025-10-20 02:00:00,0.0,24.5951796875,0.0,0.0,0.0,0.0,0.0
2025-10-20 03:00:00,0.0,23.0683671875,0.0,0.0,0.0,0.0,0.0
2025-10-20 04:00:00,0.0,22.3130390625,0.0,0.0,0.0,0.0,0.0
2025-10-20 05:00:00,0.0,21.79983984375,0.0,0.0,0.0,0.0,0.0
2025-10-20 06:00:00,0.0,20.98279296875,0.0,0.0,0.0,0.0,0.0
2025-10-20 07:00:00,0.0,19.28353125,0.0,0.0,0.0,0.0,0.0
2025-10-20 08:00:00,0.0,20.5805234375,0.0,0.0,0.0,0.0,0.0
2025-10-20 09:00:00,0.0,22.92129296875,0.0,0.0,0.0,0.0,0.0
2025-10-20 10:00:00,0.0,25.4647734375,0.0,0.0,0.0,0.0,0.0
2025-10-20 11:00:00,0.0,28.1456640625,0.0,0.0,0.0,0.0,0.0
2025-10-20 12:00:00,0.0,30.07457421875,0.0,0.0,0.0,0.0,0.0
2025-10-20 13:00:00,0.0,31.1300625,0.0,0.0,0.0,0.0,0.0
2025-10-20 14:00:00,0.0,30.6290390625,0.0,0.0,0.0,0.0,0.0
2025-10-20 15:00:00,0.0,30.092453125,0.0,0.0,0.0,0.0,0.0
2025-10-20 16:00:00,0.0,29.69115625,0.0,0.0,0.0,0.0,0.0
2025-10-20 17:00:00,0.0,30.7158203125,0.0,0.0,0.0,0.0,0.0
2025-10-20 18:00:00,0.0,31.6205390625,0.0,0.0,0.0,0.0,0.0
2025-10-20 19:00:00,0.0,32.2434765625,0.0,0.0,0.0,0.0,0.0
2025-10-20 20:00:00,0.0,32.9876171875,0.0,0.0,0.0,0.0,0.0
2025-10-20 21:00:00,0.0,35.129890625,0.0,0.0,0.0,0.0,0.0
2025-10-20 22:00:00,0.0,33.5483046875,0.0,0.0,0.0,0.0,0.0
2025-10-20 23:00:00,0.0,30.054890625,0.0,0.0,0.0,0.0,0.0
2025-10-21 00:00:00,0.0,26.7036640625,0.0,0.0,0.0,0.0,0.0
2025-10-21 01:00:00,0.0,24.419234375,0.0,0.0,0.0,0.0,0.0
2025-10-21 02:00:00,0.0,22.71140625,0.0,0.0,0.0,0.0,0.0
2025-10-21 03:00:00,0.0,21.3099296875,0.0,0.0,0.0,0.0,0.0
2025-10-21 04:00:00,0.0,21.340671875,0.0,0.0,0.0,0.0,0.0
2025-10-21 05:00:00,0.0,19.591328125,0.0,0.0,0.0,0.0,0.0
2025-10-21 06:00:00,0.0,22.8464609375,0.0,0.0,0.0,0.0,0.0
2025-10-21 07:00:00,0.0,25.932953125,0.0,0.0,0.0,0.0,0.0
2025-10-21 08:00:00,0.0,29.2758203125,0.0,0.0,0.0,0.0,0.0
2025-10-21 09:00:00,0.0,33.7274921875,0.0,0.0,0.0,0.0,0.0
2025-10-21 10:00:00,0.0,33.4910859375,0.0,0.0,0.0,0.0,0.0
2025-10-21 11:00:00,0.0,38.3830625,0.0,0.0,0.0,0.0,0.0
2025-10-21 12:00:00,0.0,39.170796875,0.0,0.0,0.0,0.0,0.0
2025-10-21 13:00:00,0.0,36.978453125,0.0,0.0,0.0,0.0,0.0
2025-10-21 14:00:00,0.0,24.318875,0.0,0.0,0.0,0.0,0.0
2025-10-21 15:00:00,0.0,30.1824375,0.0,0.0,0.0,0.0,0.0
2025-10-21 16:00:00,0.0,31.732,0.0,0.0,0.0,0.0,0.0
2025-10-21 17:00:00,0.0,30.95555651855469,0.0,0.0,0.0,0.0,0.0
2025-10-21 18:00:00,0.0,31.341577758789057,0.0,0.0,0.0,0.0,0.0
2025-10-21 19:00:00,0.0,31.3394453125,0.0,0.0,0.0,0.0,0.0
2025-10-21 20:00:00,0.0,31.92687158203125,0.0,0.0,0.0,0.0,0.0
2025-10-21 21:00:00,0.0,33.3621904296875,0.0,0.0,0.0,0.0,0.0
2025-10-21 22:00:00,0.0,32.7871884765625,0.0,0.0,0.0,0.0,0.0
2025-10-21 23:00:00,0.0,30.66248828125,0.0,0.0,0.0,0.0,0.0
2025-10-22 00:00:00,0.0,27.556263671875,0.0,0.0,0.0,0.0,0.0
2025-10-22 01:00:00,0.0,25.705814453125,0.0,0.0,0.0,0.0,0.0
2025-10-22 02:00:00,0.0,23.709546875,0.0,0.0,0.0,0.0,0.0
2025-10-22 03:00:00,0.0,22.25426953125,0.0,0.0,0.0,0.0,0.0
2025-10-22 04:00:00,0.0,21.27019140625,0.0,0.0,0.0,0.0,0.0
2025-10-22 05:00:00,0.0,21.65050390625,0.0,0.0,0.0,0.0,0.0
2025-10-22 06:00:00,0.0,23.05810546875,0.0,0.0,0.0,0.0,0.0
2025-10-22 07:00:00,0.0,26.173146484375,0.0,0.0,0.0,0.0,0.0
2025-10-22 08:00:00,0.0,31.6509921875,0.0,0.0,0.0,0.0,0.0
2025-10-22 09:00:00,0.0,34.7314453125,0.0,0.0,0.0,0.0,0.0
2025-10-22 10:00:00,0.0,35.7868125,0.0,0.0,0.0,0.0,0.0
2025-10-22 11:00:00,0.0,37.066015625,0.0,0.0,0.0,0.0,0.0
2025-10-22 12:00:00,0.0,37.0003125,0.0,0.0,0.0,0.0,0.0
2025-10-22 13:00:00,0.0,37.13667578125,0.0,0.0,0.0,0.0,0.0
2025-10-22 14:00:00,0.0,36.13778125,0.0,0.0,0.0,0.0,0.0
2025-10-22 15:00:00,0.0,36.53416015625,0.0,0.0,0.0,0.0,0.0
2025-10-22 16:00:00,0.0,36.33632421875,0.0,0.0,0.0,0.0,0.0
2025-10-22 17:00:00,0.0,35.245796875,0.0,0.0,0.0,0.0,0.0
2025-10-22 18:00:00,0.0,34.4695234375,0.0,0.0,0.0,0.0,0.0
2025-10-22 19:00:00,0.0,34.207671875,0.0,0.0,0.0,0.0,0.0
2025-10-22 20:00:00,0.0,35.74015625,0.0,0.0,0.0,0.0,0.0
2025-10-22 21:00:00,0.0,38.562015625,0.0,0.0,0.0,0.0,0.0
2025-10-22 22:00:00,0.0,38.432453125,0.0,0.0,0.0,0.0,0.0
2025-10-22 23:00:00,0.0,34.7505390625,0.0,0.0,0.0,0.0,0.0
2025-10-23 00:00:00,0.0,30.0558046875,0.0,0.0,0.0,0.0,0.0
2025-10-23 01:00:00,0.0,26.111828125,0.0,0.0,0.0,0.0,0.0
2025-10-23 02:00:00,0.0,23.917234375,0.0,0.0,0.0,0.0,0.0
2025-10-23 03:00:00,0.0,23.84475,0.0,0.0,0.0,0.0,0.0
2025-10-23 04:00:00,0.0,22.824265625,0.0,0.0,0.0,0.0,0.0
2025-10-23 05:00:00,0.0,22.64875,0.0,0.0,0.0,0.0,0.0
2025-10-23 06:00:00,0.0,23.5323046875,0.0,0.0,0.0,0.0,0.0
2025-10-23 07:00:00,0.0,27.4035234375,0.0,0.0,0.0,0.0,0.0
2025-10-23 08:00:00,0.0,30.8435859375,0.0,0.0,0.0,0.0,0.0
2025-10-23 09:00:00,0.0,33.90928125,0.0,0.0,0.0,0.0,0.0
2025-10-23 10:00:00,0.0,35.2931015625,0.0,0.0,0.0,0.0,0.0
2025-10-23 11:00:00,0.0,36.1124453125,0.0,0.0,0.0,0.0,0.0
2025-10-23 12:00:00,0.0,36.175921875,0.0,0.0,0.0,0.0,0.0
2025-10-23 13:00:00,0.0,35.6458046875,0.0,0.0,0.0,0.0,0.0
2025-10-23 14:00:00,0.0,35.1859453125,0.0,0.0,0.0,0.0,0.0
2025-10-23 15:00:00,0.0,35.6763515625,0.0,0.0,0.0,0.0,0.0
2025-10-23 16:00:00,0.0,37.223609375,0.0,0.0,0.0,0.0,0.0
2025-10-23 17:00:00,0.0,36.732828125,0.0,0.0,0.0,0.0,0.0
2025-10-23 18:00:00,0.0,36.275984375,0.0,0.0,0.0,0.0,0.0
2025-10-23 19:00:00,0.0,36.096296875,0.0,0.0,0.0,0.0,0.0
2025-10-23 20:00:00,0.0,36.534046875,0.0,0.0,0.0,0.0,0.0
2025-10-23 21:00:00,0.0,39.087890625,0.0,0.0,0.0,0.0,0.0
2025-10-23 22:00:00,0.0,37.555125,0.0,0.0,0.0,0.0,0.0
2025-10-23 23:00:00,0.0,33.9959375,0.0,0.0,0.0,0.0,0.0
2025-10-24 00:00:00,0.0,29.1590625,0.0,0.0,0.0,0.0,0.0
2025-10-24 01:00:00,0.0,25.93146875,0.0,0.0,0.0,0.0,0.0
2025-10-24 02:00:00,0.0,22.941203125,0.0,0.0,0.0,0.0,0.0
2025-10-24 03:00:00,0.0,20.4588125,0.0,0.0,0.0,0.0,0.0
2025-10-24 04:00:00,0.0,21.04228125,0.0,0.0,0.0,0.0,0.0
2025-10-24 05:00:00,0.0,20.996015625,0.0,0.0,0.0,0.0,0.0
2025-10-24 06:00:00,0.0,21.6145,0.0,0.0,0.0,0.0,0.0
2025-10-24 07:00:00,0.0,24.81584375,0.0,0.0,0.0,0.0,0.0
2025-10-24 08:00:00,0.0,30.07534375,0.0,0.0,0.0,0.0,0.0
2025-10-24 09:00:00,0.0,35.042046875,0.0,0.0,0.0,0.0,0.0
2025-10-24 10:00:00,0.0,37.220421875,0.0,0.0,0.0,0.0,0.0
2025-10-24 11:00:00,0.0,37.865625,0.0,0.0,0.0,0.0,0.0
2025-10-24 12:00:00,0.0,38.82078125,0.0,0.0,0.0,0.0,0.0
2025-10-24 13:00:00,0.0,38.477296875,0.0,0.0,0.0,0.0,0.0
2025-10-24 14:00:00,0.0,37.116875,0.0,0.0,0.0,0.0,0.0
2025-10-24 15:00:00,0.0,37.3731875,0.0,0.0,0.0,0.0,0.0
2025-10-24 16:00:00,0.0,36.836375,0.0,0.0,0.0,0.0,0.0
2025-10-24 17:00:00,0.0,36.54153125,0.0,0.0,0.0,0.0,0.0
2025-10-24 18:00:00,0.0,35.96296875,0.0,0.0,0.0,0.0,0.0
2025-10-24 19:00:00,0.0,35.329390625,0.0,0.0,0.0,0.0,0.0
2025-10-24 20:00:00,0.0,33.49234375,0.0,0.0,0.0,0.0,0.0
2025-10-24 21:00:00,0.0,36.21928125,0.0,0.0,0.0,0.0,0.0
2025-10-24 22:00:00,0.0,35.3675,0.0,0.0,0.0,0.0,0.0
2025-10-24 23:00:00,0.0,32.4524375,0.0,0.0,0.0,0.0,0.0
2025-10-25 00:00:00,0.0,28.486109375,0.0,0.0,0.0,0.0,0.0
2025-10-25 01:00:00,0.0,25.6455,0.0,0.0,0.0,0.0,0.0
2025-10-25 02:00:00,0.0,23.34396875,0.0,0.0,0.0,0.0,0.0
2025-10-25 03:00:00,0.0,22.309546875,0.0,0.0,0.0,0.0,0.0
2025-10-25 04:00:00,0.0,21.9670625,0.0,0.0,0.0,0.0,0.0
2025-10-25 05:00:00,0.0,22.006609375,0.0,0.0,0.0,0.0,0.0
2025-10-25 06:00:00,0.0,23.1926875,0.0,0.0,0.0,0.0,0.0
2025-10-25 07:00:00,0.0,25.20046875,0.0,0.0,0.0,0.0,0.0
2025-10-25 08:00:00,0.0,28.86703125,0.0,0.0,0.0,0.0,0.0
2025-10-25 09:00:00,0.0,34.70059375,0.0,0.0,0.0,0.0,0.0
2025-10-25 10:00:00,0.0,37.744015625,0.0,0.0,0.0,0.0,0.0
2025-10-25 11:00:00,0.0,39.3271640625,0.0,0.0,0.0,0.0,0.0
2025-10-25 12:00:00,0.0,40.18489599609375,0.0,0.0,0.0,0.0,0.0
2025-10-25 13:00:00,0.0,39.78547314453125,0.0,0.0,0.0,0.0,0.0
2025-10-25 14:00:00,0.0,39.3980751953125,0.0,0.0,0.0,0.0,0.0
2025-10-25 15:00:00,0.0,38.997140625,0.0,0.0,0.0,0.0,0.0
2025-10-25 16:00:00,0.0,38.5948505859375,0.0,0.0,0.0,0.0,0.0
2025-10-25 17:00:00,0.0,37.577970703125,0.0,0.0,0.0,0.0,0.0
2025-10-25 18:00:00,0.0,36.68898828125,0.0,0.0,0.0,0.0,0.0
2025-10-25 19:00:00,0.0,34.627943359375,0.0,0.0,0.0,0.0,0.0
2025-10-25 20:00:00,0.0,33.57177734375,0.0,0.0,0.0,0.0,0.0
2025-10-25 21:00:00,0.0,35.033798828125,0.0,0.0,0.0,0.0,0.0
2025-10-25 22:00:00,0.0,34.5403671875,0.0,0.0,0.0,0.0,0.0
2025-10-25 23:00:00,0.0,32.6986015625,0.0,0.0,0.0,0.0,0.0
2025-10-26 00:00:00,0.0,29.74330859375,0.0,0.0,0.0,0.0,0.0
2025-10-26 01:00:00,0.0,26.66976171875,0.0,0.0,0.0,0.0,0.0
2025-10-26 02:00:00,0.0,24.31951171875,0.0,0.0,0.0,0.0,0.0
2025-10-26 03:00:00,0.0,22.84373046875,0.0,0.0,0.0,0.0,0.0
2025-10-26 04:00:00,0.0,21.75749609375,0.0,0.0,0.0,0.0,0.0
2025-10-26 05:00:00,0.0,21.42949609375,0.0,0.0,0.0,0.0,0.0
2025-10-26 06:00:00,0.0,21.76475390625,0.0,0.0,0.0,0.0,0.0
2025-10-26 07:00:00,0.0,22.94300390625,0.0,0.0,0.0,0.0,0.0
2025-10-26 08:00:00,0.0,25.56051171875,0.0,0.0,0.0,0.0,0.0
2025-10-26 09:00:00,0.0,29.16901953125,0.0,0.0,0.0,0.0,0.0
2025-10-26 10:00:00,0.0,31.70609375,0.0,0.0,0.0,0.0,0.0
2025-10-26 11:00:00,0.0,32.64394140625,0.0,0.0,0.0,0.0,0.0
2025-10-26 12:00:00,0.0,33.24278515625,0.0,0.0,0.0,0.0,0.0
2025-10-26 13:00:00,0.0,33.590015625,0.0,0.0,0.0,0.0,0.0
2025-10-26 14:00:00,0.0,32.612578125,0.0,0.0,0.0,0.0,0.0
2025-10-26 15:00:00,0.0,31.9352421875,0.0,0.0,0.0,0.0,0.0
2025-10-26 16:00:00,0.0,31.3698671875,0.0,0.0,0.0,0.0,0.0
2025-10-26 17:00:00,0.0,30.7322265625,0.0,0.0,0.0,0.0,0.0
2025-10-26 18:00:00,0.0,30.800765625,0.0,0.0,0.0,0.0,0.0
2025-10-26 19:00:00,0.0,30.8490078125,0.0,0.0,0.0,0.0,0.0
2025-10-26 20:00:00,0.0,30.6684921875,0.0,0.0,0.0,0.0,0.0
2025-10-26 21:00:00,0.0,32.9832265625,0.0,0.0,0.0,0.0,0.0
2025-10-26 22:00:00,0.0,32.6067109375,0.0,0.0,0.0,0.0,0.0
2025-10-26 23:00:00,0.0,30.611796875,0.0,0.0,0.0,0.0,0.0
2025-10-27 00:00:00,0.0,27.8526640625,0.0,0.0,0.0,0.0,0.0
2025-10-27 01:00:00,0.0,25.314171875,0.0,0.0,0.0,0.0,0.0
2025-10-27 02:00:00,0.0,23.5271640625,0.0,0.0,0.0,0.0,0.0
2025-10-27 03:00:00,0.0,21.823359375,0.0,0.0,0.0,0.0,0.0
2025-10-27 04:00:00,0.0,20.6424921875,0.0,0.0,0.0,0.0,0.0
2025-10-27 05:00:00,0.0,20.35390625,0.0,0.0,0.0,0.0,0.0
2025-10-27 06:00:00,0.0,19.2400078125,0.0,0.0,0.0,0.0,0.0
2025-10-27 07:00:00,0.0,18.81184375,0.0,0.0,0.0,0.0,0.0
2025-10-27 08:00:00,0.0,19.7103828125,0.0,0.0,0.0,0.0,0.0
2025-10-27 09:00:00,0.0,22.2354921875,0.0,0.0,0.0,0.0,0.0
2025-10-27 10:00:00,0.0,24.8137421875,0.0,0.0,0.0,0.0,0.0
2025-10-27 11:00:00,0.0,27.177125,0.0,0.0,0.0,0.0,0.0
2025-10-27 12:00:00,0.0,29.0359453125,0.0,0.0,0.0,0.0,0.0
2025-10-27 13:00:00,0.0,30.2581171875,0.0,0.0,0.0,0.0,0.0
2025-10-27 14:00:00,0.0,29.8696171875,0.0,0.0,0.0,0.0,0.0
2025-10-27 15:00:00,0.0,28.9309765625,0.0,0.0,0.0,0.0,0.0
2025-10-27 16:00:00,0.0,29.3330546875,0.0,0.0,0.0,0.0,0.0
2025-10-27 17:00:00,0.0,29.434671875,0.0,0.0,0.0,0.0,0.0
2025-10-27 18:00:00,0.0,29.724734375,0.0,0.0,0.0,0.0,0.0
2025-10-27 19:00:00,0.0,30.30353125,0.0,0.0,0.0,0.0,0.0
2025-10-27 20:00:00,0.0,31.20440625,0.0,0.0,0.0,0.0,0.0
2025-10-27 21:00:00,0.0,33.9844375,0.0,0.0,0.0,0.0,0.0
2025-10-27 22:00:00,0.0,33.767734375,0.0,0.0,0.0,0.0,0.0
2025-10-27 23:00:00,0.0,30.962015625,0.0,0.0,0.0,0.0,0.0
2025-10-28 00:00:00,0.0,27.54053125,0.0,0.0,0.0,0.0,0.0
2025-10-28 01:00:00,0.0,24.530234375,0.0,0.0,0.0,0.0,0.0
2025-10-28 02:00:00,0.0,22.476046875,0.0,0.0,0.0,0.0,0.0
2025-10-28 03:00:00,0.0,21.639765625,0.0,0.0,0.0,0.0,0.0
2025-10-28 04:00:00,0.0,20.81765625,0.0,0.0,0.0,0.0,0.0
2025-10-28 05:00:00,0.0,20.887046875,0.0,0.0,0.0,0.0,0.0
2025-10-28 06:00:00,0.0,22.31375,0.0,0.0,0.0,0.0,0.0
2025-10-28 07:00:00,0.0,26.706453125,0.0,0.0,0.0,0.0,0.0
2025-10-28 08:00:00,0.0,30.1171875,0.0,0.0,0.0,0.0,0.0
2025-10-28 09:00:00,0.0,34.823921875,0.0,0.0,0.0,0.0,0.0
2025-10-28 10:00:00,0.0,37.3605625,0.0,0.0,0.0,0.0,0.0
2025-10-28 11:00:00,0.0,40.40275,0.0,0.0,0.0,0.0,0.0
2025-10-28 12:00:00,0.0,41.537265625,0.0,0.0,0.0,0.0,0.0
2025-10-28 13:00:00,0.0,40.70871875,0.0,0.0,0.0,0.0,0.0
2025-10-28 14:00:00,0.0,39.66409375,0.0,0.0,0.0,0.0,0.0
2025-10-28 15:00:00,0.0,39.52078125,0.0,0.0,0.0,0.0,0.0
2025-10-28 16:00:00,0.0,38.818046875,0.0,0.0,0.0,0.0,0.0
2025-10-28 17:00:00,0.0,37.91865625,0.0,0.0,0.0,0.0,0.0
2025-10-28 18:00:00,0.0,36.112109375,0.0,0.0,0.0,0.0,0.0
2025-10-28 19:00:00,0.0,35.81028125,0.0,0.0,0.0,0.0,0.0
2025-10-28 20:00:00,0.0,36.297234375,0.0,0.0,0.0,0.0,0.0
2025-10-28 21:00:00,0.0,38.1621875,0.0,0.0,0.0,0.0,0.0
2025-10-28 22:00:00,0.0,37.3918125,0.0,0.0,0.0,0.0,0.0
2025-10-28 23:00:00,0.0,34.532265625,0.0,0.0,0.0,0.0,0.0
2025-10-29 00:00:00,0.0,29.141359375,0.0,0.0,0.0,0.0,0.0
2025-10-29 01:00:00,0.0,25.711359375,0.0,0.0,0.0,0.0,0.0
2025-10-29 02:00:00,0.0,23.311015625,0.0,0.0,0.0,0.0,0.0
2025-10-29 03:00:00,0.0,21.778859375,0.0,0.0,0.0,0.0,0.0
2025-10-29 04:00:00,0.0,21.1328125,0.0,0.0,0.0,0.0,0.0
2025-10-29 05:00:00,0.0,21.434515625,0.0,0.0,0.0,0.0,0.0
2025-10-29 06:00:00,0.0,23.39953125,0.0,0.0,0.0,0.0,0.0
2025-10-29 07:00:00,0.0,26.73678125,0.0,0.0,0.0,0.0,0.0
2025-10-29 08:00:00,0.0,30.230296875,0.0,0.0,0.0,0.0,0.0
2025-10-29 09:00:00,0.0,34.302921875,0.0,0.0,0.0,0.0,0.0
2025-10-29 10:00:00,0.0,36.3459375,0.0,0.0,0.0,0.0,0.0
2025-10-29 11:00:00,0.0,37.48221875,0.0,0.0,0.0,0.0,0.0
2025-10-29 12:00:00,0.0,37.6766875,0.0,0.0,0.0,0.0,0.0
2025-10-29 13:00:00,0.0,36.970171875,0.0,0.0,0.0,0.0,0.0
2025-10-29 14:00:00,0.0,36.261421875,0.0,0.0,0.0,0.0,0.0
2025-10-29 15:00:00,0.0,36.152046875,0.0,0.0,0.0,0.0,0.0
2025-10-29 16:00:00,0.0,35.882515625,0.0,0.0,0.0,0.0,0.0
2025-10-29 17:00:00,0.0,35.1258125,0.0,0.0,0.0,0.0,0.0
2025-10-29 18:00:00,0.0,34.61553125,0.0,0.0,0.0,0.0,0.0
2025-10-29 19:00:00,0.0,34.138875,0.0,0.0,0.0,0.0,0.0
2025-10-29 20:00:00,0.0,34.67071875,0.0,0.0,0.0,0.0,0.0
2025-10-29 21:00:00,0.0,36.88690625,0.0,0.0,0.0,0.0,0.0
2025-10-29 22:00:00,0.0,36.23546875,0.0,0.0,0.0,0.0,0.0
2025-10-29 23:00:00,0.0,34.33721875,0.0,0.0,0.0,0.0,0.0
2025-10-30 00:00:00,0.0,30.20621875,0.0,0.0,0.0,0.0,0.0
2025-10-30 01:00:00,0.0,26.48359375,0.0,0.0,0.0,0.0,0.0
2025-10-30 02:00:00,0.0,24.61059375,0.0,0.0,0.0,0.0,0.0
2025-10-30 03:00:00,0.0,23.59965625,0.0,0.0,0.0,0.0,0.0
2025-10-30 04:00:00,0.0,22.98859375,0.0,0.0,0.0,0.0,0.0
2025-10-30 05:00:00,0.0,22.544625,0.0,0.0,0.0,0.0,0.0
2025-10-30 06:00:00,0.0,23.16478125,0.0,0.0,0.0,0.0,0.0
2025-10-30 07:00:00,0.0,28.54553125,0.0,0.0,0.0,0.0,0.0
2025-10-30 08:00:00,0.0,32.4715,0.0,0.0,0.0,0.0,0.0
2025-10-30 09:00:00,0.0,34.620875,0.0,0.0,0.0,0.0,0.0
2025-10-30 10:00:00,0.0,37.3958125,0.0,0.0,0.0,0.0,0.0
2025-10-30 11:00:00,0.0,38.35290625,0.0,0.0,0.0,0.0,0.0
2025-10-30 12:00:00,0.0,38.49109375,0.0,0.0,0.0,0.0,0.0
2025-10-30 13:00:00,0.0,37.19553125,0.0,0.0,0.0,0.0,0.0
2025-10-30 14:00:00,0.0,34.93259375,0.0,0.0,0.0,0.0,0.0
2025-10-30 15:00:00,0.0,35.8489375,0.0,0.0,0.0,0.0,0.0
2025-10-30 16:00:00,0.0,35.73315625,0.0,0.0,0.0,0.0,0.0
2025-10-30 17:00:00,0.0,35.034625,0.0,0.0,0.0,0.0,0.0
2025-10-30 18:00:00,0.0,34.2131875,0.0,0.0,0.0,0.0,0.0
2025-10-30 19:00:00,0.0,33.814375,0.0,0.0,0.0,0.0,0.0
2025-10-30 20:00:00,0.0,34.6350625,0.0,0.0,0.0,0.0,0.0
2025-10-30 21:00:00,0.0,37.38521875,0.0,0.0,0.0,0.0,0.0
2025-10-30 22:00:00,0.0,37.36340625,0.0,0.0,0.0,0.0,0.0
2025-10-30 23:00:00,0.0,35.26053125,0.0,0.0,0.0,0.0,0.0
2025-10-31 00:00:00,0.0,30.60853125,0.0,0.0,0.0,0.0,0.0
2025-10-31 01:00:00,0.0,27.49853125,0.0,0.0,0.0,0.0,0.0
2025-10-31 02:00:00,0.0,24.70234375,0.0,0.0,0.0,0.0,0.0
2025-10-31 03:00:00,0.0,22.6915625,0.0,0.0,0.0,0.0,0.0
2025-10-31 04:00:00,0.0,21.72453125,0.0,0.0,0.0,0.0,0.0
2025-10-31 05:00:00,0.0,21.83421875,0.0,0.0,0.0,0.0,0.0
2025-10-31 06:00:00,0.0,19.923625,0.0,0.0,0.0,0.0,0.0
2025-10-31 07:00:00,0.0,19.957,0.0,0.0,0.0,0.0,0.0
2025-10-31 08:00:00,0.0,22.0434375,0.0,0.0,0.0,0.0,0.0
2025-10-31 09:00:00,0.0,24.91025,0.0,0.0,0.0,0.0,0.0
2025-10-31 10:00:00,0.0,27.62675,0.0,0.0,0.0,0.0,0.0
2025-10-31 11:00:00,0.0,30.1658125,0.0,0.0,0.0,0.0,0.0
2025-10-31 12:00:00,0.0,31.3829375,0.0,0.0,0.0,0.0,0.0
2025-10-31 13:00:00,0.0,32.04465625,0.0,0.0,0.0,0.0,0.0
2025-10-31 14:00:00,0.0,31.72721875,0.0,0.0,0.0,0.0,0.0
2025-10-31 15:00:00,0.0,31.04828125,0.0,0.0,0.0,0.0,0.0
2025-10-31 16:00:00,0.0,30.32596875,0.0,0.0,0.0,0.0,0.0
2025-10-31 17:00:00,0.0,29.20953125,0.0,0.0,0.0,0.0,0.0
2025-10-31 18:00:00,0.0,28.61840625,0.0,0.0,0.0,0.0,0.0
2025-10-31 19:00:00,0.0,28.86071875,0.0,0.0,0.0,0.0,0.0
2025-10-31 20:00:00,0.0,29.08525,0.0,0.0,0.0,0.0,0.0
2025-10-31 21:00:00,0.0,31.62609375,0.0,0.0,0.0,0.0,0.0
2025-10-31 22:00:00,0.0,32.30821875,0.0,0.0,0.0,0.0,0.0
2025-10-31 23:00:00,0.0,30.38084375,0.0,0.0,0.0,0.0,0.0
2025-11-01 00:00:00,0.0,34.9416875,0.0,0.0,0.0,0.0,0.0
2025-11-01 01:00:00,0.0,25.94059375,0.0,0.0,0.0,0.0,0.0
2025-11-01 02:00:00,0.0,23.8803125,0.0,0.0,0.0,0.0,0.0
2025-11-01 03:00:00,0.0,22.82446875,0.0,0.0,0.0,0.0,0.0
2025-11-01 04:00:00,0.0,22.1734375,0.0,0.0,0.0,0.0,0.0
2025-11-01 05:00:00,0.0,21.62046875,0.0,0.0,0.0,0.0,0.0
2025-11-01 06:00:00,0.0,19.968875,0.0,0.0,0.0,0.0,0.0
2025-11-01 07:00:00,0.0,20.08846875,0.0,0.0,0.0,0.0,0.0
2025-11-01 08:00:00,0.0,21.80390625,0.0,0.0,0.0,0.0,0.0
2025-11-01 09:00:00,0.0,24.87065625,0.0,0.0,0.0,0.0,0.0
2025-11-01 10:00:00,0.0,27.391625,0.0,0.0,0.0,0.0,0.0
2025-11-01 11:00:00,0.0,29.3301875,0.0,0.0,0.0,0.0,0.0
2025-11-01 12:00:00,0.0,30.77165625,0.0,0.0,0.0,0.0,0.0
2025-11-01 13:00:00,0.0,31.5399375,0.0,0.0,0.0,0.0,0.0
2025-11-01 14:00:00,0.0,31.1920625,0.0,0.0,0.0,0.0,0.0
2025-11-01 15:00:00,0.0,30.55803125,0.0,0.0,0.0,0.0,0.0
2025-11-01 16:00:00,0.0,30.116625,0.0,0.0,0.0,0.0,0.0
2025-11-01 17:00:00,0.0,30.79584375,0.0,0.0,0.0,0.0,0.0
2025-11-01 18:00:00,0.0,30.3315,0.0,0.0,0.0,0.0,0.0
2025-11-01 19:00:00,0.0,30.7145625,0.0,0.0,0.0,0.0,0.0
2025-11-01 20:00:00,0.0,31.7441875,0.0,0.0,0.0,0.0,0.0
2025-11-01 21:00:00,0.0,33.42384375,0.0,0.0,0.0,0.0,0.0
2025-11-01 22:00:00,0.0,31.69359375,0.0,0.0,0.0,0.0,0.0
2025-11-01 23:00:00,0.0,29.56040625,0.0,0.0,0.0,0.0,0.0
2025-11-02 00:00:00,0.0,26.91109375,0.0,0.0,0.0,0.0,0.0
2025-11-02 01:00:00,0.0,24.37184375,0.0,0.0,0.0,0.0,0.0
2025-11-02 02:00:00,0.0,22.38996875,0.0,0.0,0.0,0.0,0.0
2025-11-02 03:00:00,0.0,21.02315625,0.0,0.0,0.0,0.0,0.0
2025-11-02 04:00:00,0.0,22.025625,0.0,0.0,0.0,0.0,0.0
2025-11-02 05:00:00,0.0,21.60159375,0.0,0.0,0.0,0.0,0.0
2025-11-02 06:00:00,0.0,19.0044375,0.0,0.0,0.0,0.0,0.0
2025-11-02 07:00:00,0.0,19.766625,0.0,0.0,0.0,0.0,0.0
2025-11-02 08:00:00,0.0,23.3659375,0.0,0.0,0.0,0.0,0.0
2025-11-02 09:00:00,0.0,27.279125,0.0,0.0,0.0,0.0,0.0
2025-11-02 10:00:00,0.0,29.9905625,0.0,0.0,0.0,0.0,0.0
2025-11-02 11:00:00,0.0,32.03696875,0.0,0.0,0.0,0.0,0.0
2025-11-02 12:00:00,0.0,33.593375,0.0,0.0,0.0,0.0,0.0
2025-11-02 13:00:00,0.0,34.54509375,0.0,0.0,0.0,0.0,0.0
2025-11-02 14:00:00,0.0,33.317,0.0,0.0,0.0,0.0,0.0
2025-11-02 15:00:00,0.0,31.7876875,0.0,0.0,0.0,0.0,0.0
2025-11-02 16:00:00,0.0,30.21540625,0.0,0.0,0.0,0.0,0.0
2025-11-02 17:00:00,0.0,30.89340625,0.0,0.0,0.0,0.0,0.0
2025-11-02 18:00:00,0.0,30.94171875,0.0,0.0,0.0,0.0,0.0
2025-11-02 19:00:00,0.0,29.9995625,0.0,0.0,0.0,0.0,0.0
2025-11-02 20:00:00,0.0,30.1215625,0.0,0.0,0.0,0.0,0.0
2025-11-02 21:00:00,0.0,32.73109375,0.0,0.0,0.0,0.0,0.0
2025-11-02 22:00:00,0.0,32.02396875,0.0,0.0,0.0,0.0,0.0
2025-11-02 23:00:00,0.0,29.80146875,0.0,0.0,0.0,0.0,0.0
2025-11-03 00:00:00,0.0,27.44790625,0.0,0.0,0.0,0.0,0.0
2025-11-03 01:00:00,0.0,25.06046875,0.0,0.0,0.0,0.0,0.0
2025-11-03 02:00:00,0.0,23.8749375,0.0,0.0,0.0,0.0,0.0
2025-11-03 03:00:00,0.0,22.8349375,0.0,0.0,0.0,0.0,0.0
2025-11-03 04:00:00,0.0,22.10015625,0.0,0.0,0.0,0.0,0.0
2025-11-03 05:00:00,0.0,21.61303125,0.0,0.0,0.0,0.0,0.0
2025-11-03 06:00:00,0.0,19.86975,0.0,0.0,0.0,0.0,0.0
2025-11-03 07:00:00,0.0,19.4291875,0.0,0.0,0.0,0.0,0.0
2025-11-03 08:00:00,0.0,21.1906875,0.0,0.0,0.0,0.0,0.0
2025-11-03 09:00:00,0.0,23.69275,0.0,0.0,0.0,0.0,0.0
2025-11-03 10:00:00,0.0,26.2708125,0.0,0.0,0.0,0.0,0.0
2025-11-03 11:00:00,0.0,26.9816875,0.0,0.0,0.0,0.0,0.0
2025-11-03 12:00:00,0.0,30.08825,0.0,0.0,0.0,0.0,0.0
2025-11-03 13:00:00,0.0,31.357375,0.0,0.0,0.0,0.0,0.0
2025-11-03 14:00:00,0.0,30.86,0.0,0.0,0.0,0.0,0.0
2025-11-03 15:00:00,0.0,30.3594375,0.0,0.0,0.0,0.0,0.0
2025-11-03 16:00:00,0.0,30.0319375,0.0,0.0,0.0,0.0,0.0
2025-11-03 17:00:00,0.0,29.6210625,0.0,0.0,0.0,0.0,0.0
2025-11-03 18:00:00,0.0,30.1290625,0.0,0.0,0.0,0.0,0.0
2025-11-03 19:00:00,0.0,32.573625,0.0,0.0,0.0,0.0,0.0
2025-11-03 20:00:00,0.0,32.8035,0.0,0.0,0.0,0.0,0.0
2025-11-03 21:00:00,0.0,35.154125,0.0,0.0,0.0,0.0,0.0
2025-11-03 22:00:00,0.0,34.03025,0.0,0.0,0.0,0.0,0.0
2025-11-03 23:00:00,0.0,30.737,0.0,0.0,0.0,0.0,0.0
2025-11-04 00:00:00,0.0,26.501125,0.0,0.0,0.0,0.0,0.0
2025-11-04 01:00:00,0.0,23.0471875,0.0,0.0,0.0,0.0,0.0
2025-11-04 02:00:00,0.0,21.318625,0.0,0.0,0.0,0.0,0.0
2025-11-04 03:00:00,0.0,21.348875,0.0,0.0,0.0,0.0,0.0
2025-11-04 04:00:00,0.0,20.8595625,0.0,0.0,0.0,0.0,0.0
2025-11-04 05:00:00,0.0,20.5676875,0.0,0.0,0.0,0.0,0.0
2025-11-04 06:00:00,0.0,21.9585,0.0,0.0,0.0,0.0,0.0
2025-11-04 07:00:00,0.0,26.0393125,0.0,0.0,0.0,0.0,0.0
2025-11-04 08:00:00,0.0,29.8659375,0.0,0.0,0.0,0.0,0.0
2025-11-04 09:00:00,0.0,34.1495,0.0,0.0,0.0,0.0,0.0
2025-11-04 10:00:00,0.0,36.188125,0.0,0.0,0.0,0.0,0.0
2025-11-04 11:00:00,0.0,37.2048125,0.0,0.0,0.0,0.0,0.0
2025-11-04 12:00:00,0.0,37.6374375,0.0,0.0,0.0,0.0,0.0
2025-11-04 13:00:00,0.0,37.3660625,0.0,0.0,0.0,0.0,0.0
2025-11-04 14:00:00,0.0,35.8738125,0.0,0.0,0.0,0.0,0.0
2025-11-04 15:00:00,0.0,35.5115,0.0,0.0,0.0,0.0,0.0
2025-11-04 16:00:00,0.0,34.9539375,0.0,0.0,0.0,0.0,0.0
2025-11-04 17:00:00,0.0,33.4255625,0.0,0.0,0.0,0.0,0.0
2025-11-04 18:00:00,0.0,34.16975,0.0,0.0,0.0,0.0,0.0
2025-11-04 19:00:00,0.0,34.379,0.0,0.0,0.0,0.0,0.0
2025-11-04 20:00:00,0.0,34.591375,0.0,0.0,0.0,0.0,0.0
2025-11-04 21:00:00,0.0,37.1745,0.0,0.0,0.0,0.0,0.0
2025-11-04 22:00:00,0.0,36.09225,0.0,0.0,0.0,0.0,0.0
2025-11-04 23:00:00,0.0,32.365,0.0,0.0,0.0,0.0,0.0
2025-11-05 00:00:00,0.0,28.64775,0.0,0.0,0.0,0.0,0.0
2025-11-05 01:00:00,0.0,25.2675625,0.0,0.0,0.0,0.0,0.0
2025-11-05 02:00:00,0.0,21.8379375,0.0,0.0,0.0,0.0,0.0
2025-11-05 03:00:00,0.0,21.126625,0.0,0.0,0.0,0.0,0.0
2025-11-05 04:00:00,0.0,20.977375,0.0,0.0,0.0,0.0,0.0
2025-11-05 05:00:00,0.0,21.9310625,0.0,0.0,0.0,0.0,0.0
2025-11-05 06:00:00,0.0,25.3325625,0.0,0.0,0.0,0.0,0.0
2025-11-05 07:00:00,0.0,29.9250625,0.0,0.0,0.0,0.0,0.0
2025-11-05 08:00:00,0.0,33.486125,0.0,0.0,0.0,0.0,0.0
2025-11-05 09:00:00,0.0,35.9780625,0.0,0.0,0.0,0.0,0.0
2025-11-05 10:00:00,0.0,38.0145,0.0,0.0,0.0,0.0,0.0
2025-11-05 11:00:00,0.0,39.1331875,0.0,0.0,0.0,0.0,0.0
2025-11-05 12:00:00,0.0,39.2139375,0.0,0.0,0.0,0.0,0.0
2025-11-05 13:00:00,0.0,39.049,0.0,0.0,0.0,0.0,0.0
2025-11-05 14:00:00,0.0,38.076125,0.0,0.0,0.0,0.0,0.0
2025-11-05 15:00:00,0.0,38.6520625,0.0,0.0,0.0,0.0,0.0
2025-11-05 16:00:00,0.0,38.7981875,0.0,0.0,0.0,0.0,0.0
2025-11-05 17:00:00,0.0,38.0321875,0.0,0.0,0.0,0.0,0.0
2025-11-05 18:00:00,0.0,37.423875,0.0,0.0,0.0,0.0,0.0
2025-11-05 19:00:00,0.0,36.7249375,0.0,0.0,0.0,0.0,0.0
2025-11-05 20:00:00,0.0,37.4669375,0.0,0.0,0.0,0.0,0.0
2025-11-05 21:00:00,0.0,38.852875,0.0,0.0,0.0,0.0,0.0
2025-11-05 22:00:00,0.0,37.229375,0.0,0.0,0.0,0.0,0.0
2025-11-05 23:00:00,0.0,32.3550625,0.0,0.0,0.0,0.0,0.0
2025-11-06 00:00:00,0.0,28.388125,0.0,0.0,0.0,0.0,0.0
2025-11-06 01:00:00,0.0,25.244875,0.0,0.0,0.0,0.0,0.0
2025-11-06 02:00:00,0.0,22.8934375,0.0,0.0,0.0,0.0,0.0
2025-11-06 03:00:00,0.0,22.2178125,0.0,0.0,0.0,0.0,0.0
2025-11-06 04:00:00,0.0,21.76275,0.0,0.0,0.0,0.0,0.0
2025-11-06 05:00:00,0.0,21.402125,0.0,0.0,0.0,0.0,0.0
2025-11-06 06:00:00,0.0,23.56675,0.0,0.0,0.0,0.0,0.0
2025-11-06 07:00:00,0.0,27.30725,0.0,0.0,0.0,0.0,0.0
2025-11-06 08:00:00,0.0,31.1046875,0.0,0.0,0.0,0.0,0.0
2025-11-06 09:00:00,0.0,33.811625,0.0,0.0,0.0,0.0,0.0
2025-11-06 10:00:00,0.0,35.8460625,0.0,0.0,0.0,0.0,0.0
2025-11-06 11:00:00,0.0,37.5176875,0.0,0.0,0.0,0.0,0.0
2025-11-06 12:00:00,0.0,39.074625,0.0,0.0,0.0,0.0,0.0
2025-11-06 13:00:00,0.0,38.4205625,0.0,0.0,0.0,0.0,0.0
2025-11-06 14:00:00,0.0,37.79725,0.0,0.0,0.0,0.0,0.0
2025-11-06 15:00:00,0.0,37.8703125,0.0,0.0,0.0,0.0,0.0
2025-11-06 16:00:00,0.0,36.743375,0.0,0.0,0.0,0.0,0.0
2025-11-06 17:00:00,0.0,36.1814375,0.0,0.0,0.0,0.0,0.0
2025-11-06 18:00:00,0.0,35.4913125,0.0,0.0,0.0,0.0,0.0
2025-11-06 19:00:00,0.0,34.7439375,0.0,0.0,0.0,0.0,0.0
2025-11-06 20:00:00,0.0,34.1298125,0.0,0.0,0.0,0.0,0.0
2025-11-06 21:00:00,0.0,36.6180625,0.0,0.0,0.0,0.0,0.0
2025-11-06 22:00:00,0.0,36.7326875,0.0,0.0,0.0,0.0,0.0
2025-11-06 23:00:00,0.0,33.0873125,0.0,0.0,0.0,0.0,0.0
2025-11-07 00:00:00,0.0,28.8871875,0.0,0.0,0.0,0.0,0.0
2025-11-07 01:00:00,0.0,25.538125,0.0,0.0,0.0,0.0,0.0
2025-11-07 02:00:00,0.0,22.2624375,0.0,0.0,0.0,0.0,0.0
2025-11-07 03:00:00,0.0,21.6618125,0.0,0.0,0.0,0.0,0.0
2025-11-07 04:00:00,0.0,21.2851875,0.0,0.0,0.0,0.0,0.0
2025-11-07 05:00:00,0.0,22.0601875,0.0,0.0,0.0,0.0,0.0
2025-11-07 06:00:00,0.0,24.1461875,0.0,0.0,0.0,0.0,0.0
2025-11-07 07:00:00,0.0,27.7435625,0.0,0.0,0.0,0.0,0.0
2025-11-07 08:00:00,0.0,31.838625,0.0,0.0,0.0,0.0,0.0
2025-11-07 09:00:00,0.0,36.7910625,0.0,0.0,0.0,0.0,0.0
2025-11-07 10:00:00,0.0,39.009,0.0,0.0,0.0,0.0,0.0
2025-11-07 11:00:00,0.0,39.7771875,0.0,0.0,0.0,0.0,0.0
2025-11-07 12:00:00,0.0,40.2245,0.0,0.0,0.0,0.0,0.0
2025-11-07 13:00:00,0.0,39.9745,0.0,0.0,0.0,0.0,0.0
2025-11-07 14:00:00,0.0,39.31925,0.0,0.0,0.0,0.0,0.0
2025-11-07 15:00:00,0.0,39.444875,0.0,0.0,0.0,0.0,0.0
2025-11-07 16:00:00,0.0,39.3519375,0.0,0.0,0.0,0.0,0.0
2025-11-07 17:00:00,0.0,39.3725625,0.0,0.0,0.0,0.0,0.0
2025-11-07 18:00:00,0.0,38.94675,0.0,0.0,0.0,0.0,0.0
2025-11-07 19:00:00,0.0,38.5716875,0.0,0.0,0.0,0.0,0.0
2025-11-07 20:00:00,0.0,38.2035625,0.0,0.0,0.0,0.0,0.0
2025-11-07 21:00:00,0.0,38.993875,0.0,0.0,0.0,0.0,0.0
2025-11-07 22:00:00,0.0,37.5808125,0.0,0.0,0.0,0.0,0.0
2025-11-07 23:00:00,0.0,34.10025,0.0,0.0,0.0,0.0,0.0
2025-11-08 00:00:00,0.0,30.5024375,0.0,0.0,0.0,0.0,0.0
2025-11-08 01:00:00,0.0,27.1949375,0.0,0.0,0.0,0.0,0.0
2025-11-08 02:00:00,0.0,23.869,0.0,0.0,0.0,0.0,0.0
2025-11-08 03:00:00,0.0,23.2335625,0.0,0.0,0.0,0.0,0.0
2025-11-08 04:00:00,0.0,23.01875,0.0,0.0,0.0,0.0,0.0
2025-11-08 05:00:00,0.0,23.6588125,0.0,0.0,0.0,0.0,0.0
2025-11-08 06:00:00,0.0,27.1311875,0.0,0.0,0.0,0.0,0.0
2025-11-08 07:00:00,0.0,30.49675,0.0,0.0,0.0,0.0,0.0
2025-11-08 08:00:00,0.0,33.7715625,0.0,0.0,0.0,0.0,0.0
2025-11-08 09:00:00,0.0,36.4455625,0.0,0.0,0.0,0.0,0.0
2025-11-08 10:00:00,0.0,38.600875,0.0,0.0,0.0,0.0,0.0
2025-11-08 11:00:00,0.0,40.5974375,0.0,0.0,0.0,0.0,0.0
2025-11-08 12:00:00,0.0,40.0660625,0.0,0.0,0.0,0.0,0.0
2025-11-08 13:00:00,0.0,39.1805,0.0,0.0,0.0,0.0,0.0
2025-11-08 14:00:00,0.0,38.6765625,0.0,0.0,0.0,0.0,0.0
2025-11-08 15:00:00,0.0,39.3605625,0.0,0.0,0.0,0.0,0.0
2025-11-08 16:00:00,0.0,38.1374375,0.0,0.0,0.0,0.0,0.0
2025-11-08 17:00:00,0.0,37.1334375,0.0,0.0,0.0,0.0,0.0
2025-11-08 18:00:00,0.0,36.7635625,0.0,0.0,0.0,0.0,0.0
2025-11-08 19:00:00,0.0,36.3938125,0.0,0.0,0.0,0.0,0.0
2025-11-08 20:00:00,0.0,35.8601875,0.0,0.0,0.0,0.0,0.0
2025-11-08 21:00:00,0.0,37.1310625,0.0,0.0,0.0,0.0,0.0
2025-11-08 22:00:00,0.0,35.6606875,0.0,0.0,0.0,0.0,0.0
2025-11-08 23:00:00,0.0,33.34175,0.0,0.0,0.0,0.0,0.0
2025-11-09 00:00:00,0.0,30.73475,0.0,0.0,0.0,0.0,0.0
2025-11-09 01:00:00,0.0,27.2609375,0.0,0.0,0.0,0.0,0.0
2025-11-09 02:00:00,0.0,23.9793125,0.0,0.0,0.0,0.0,0.0
2025-11-09 03:00:00,0.0,23.8435625,0.0,0.0,0.0,0.0,0.0
2025-11-09 04:00:00,0.0,23.31825,0.0,0.0,0.0,0.0,0.0
2025-11-09 05:00:00,0.0,23.20625,0.0,0.0,0.0,0.0,0.0
2025-11-09 06:00:00,0.0,22.8379375,0.0,0.0,0.0,0.0,0.0
2025-11-09 07:00:00,0.0,23.8180625,0.0,0.0,0.0,0.0,0.0
2025-11-09 08:00:00,0.0,27.37525,0.0,0.0,0.0,0.0,0.0
2025-11-09 09:00:00,0.0,32.5851875,0.0,0.0,0.0,0.0,0.0
2025-11-09 10:00:00,0.0,35.006625,0.0,0.0,0.0,0.0,0.0
2025-11-09 11:00:00,0.0,36.600125,0.0,0.0,0.0,0.0,0.0
2025-11-09 12:00:00,0.0,37.1979375,0.0,0.0,0.0,0.0,0.0
2025-11-09 13:00:00,0.0,37.49325,0.0,0.0,0.0,0.0,0.0
2025-11-09 14:00:00,0.0,37.0559375,0.0,0.0,0.0,0.0,0.0
2025-11-09 15:00:00,0.0,36.3524375,0.0,0.0,0.0,0.0,0.0
2025-11-09 16:00:00,0.0,35.790875,0.0,0.0,0.0,0.0,0.0
2025-11-09 17:00:00,0.0,35.5176875,0.0,0.0,0.0,0.0,0.0
2025-11-09 18:00:00,0.0,34.47925,0.0,0.0,0.0,0.0,0.0
2025-11-09 19:00:00,0.0,33.66025,0.0,0.0,0.0,0.0,0.0
2025-11-09 20:00:00,0.0,32.874125,0.0,0.0,0.0,0.0,0.0
2025-11-09 21:00:00,0.0,33.7196875,0.0,0.0,0.0,0.0,0.0
2025-11-09 22:00:00,0.0,33.681375,0.0,0.0,0.0,0.0,0.0
2025-11-09 23:00:00,0.0,31.3175,0.0,0.0,0.0,0.0,0.0
2025-11-10 00:00:00,0.0,28.58175,0.0,0.0,0.0,0.0,0.0
2025-11-10 01:00:00,0.0,26.1843125,0.0,0.0,0.0,0.0,0.0
2025-11-10 02:00:00,0.0,24.456,0.0,0.0,0.0,0.0,0.0
2025-11-10 03:00:00,0.0,22.4005625,0.0,0.0,0.0,0.0,0.0
2025-11-10 04:00:00,0.0,21.826,0.0,0.0,0.0,0.0,0.0
2025-11-10 05:00:00,0.0,20.308375,0.0,0.0,0.0,0.0,0.0
2025-11-10 06:00:00,0.0,18.7189375,0.0,0.0,0.0,0.0,0.0
2025-11-10 07:00:00,0.0,19.177375,0.0,0.0,0.0,0.0,0.0
2025-11-10 08:00:00,0.0,20.253625,0.0,0.0,0.0,0.0,0.0
2025-11-10 09:00:00,0.0,23.0249375,0.0,0.0,0.0,0.0,0.0
2025-11-10 10:00:00,0.0,25.445,0.0,0.0,0.0,0.0,0.0
2025-11-10 11:00:00,0.0,27.872875,0.0,0.0,0.0,0.0,0.0
2025-11-10 12:00:00,0.0,29.9570625,0.0,0.0,0.0,0.0,0.0
2025-11-10 13:00:00,0.0,31.4429375,0.0,0.0,0.0,0.0,0.0
2025-11-10 14:00:00,0.0,30.7180625,0.0,0.0,0.0,0.0,0.0
2025-11-10 15:00:00,0.0,29.7499375,0.0,0.0,0.0,0.0,0.0
2025-11-10 16:00:00,0.0,29.1639375,0.0,0.0,0.0,0.0,0.0
2025-11-10 17:00:00,0.0,28.7216875,0.0,0.0,0.0,0.0,0.0
2025-11-10 18:00:00,0.0,28.9355,0.0,0.0,0.0,0.0,0.0
2025-11-10 19:00:00,0.0,29.4465625,0.0,0.0,0.0,0.0,0.0
2025-11-10 20:00:00,0.0,30.0815,0.0,0.0,0.0,0.0,0.0
2025-11-10 21:00:00,0.0,33.0809375,0.0,0.0,0.0,0.0,0.0
2025-11-10 22:00:00,0.0,34.9163125,0.0,0.0,0.0,0.0,0.0
2025-11-10 23:00:00,0.0,32.06375,0.0,0.0,0.0,0.0,0.0
2025-11-11 00:00:00,0.0,27.8691875,0.0,0.0,0.0,0.0,0.0
2025-11-11 01:00:00,0.0,24.988375,0.0,0.0,0.0,0.0,0.0
2025-11-11 02:00:00,0.0,23.4818125,0.0,0.0,0.0,0.0,0.0
2025-11-11 03:00:00,0.0,22.6315625,0.0,0.0,0.0,0.0,0.0
2025-11-11 04:00:00,0.0,22.0650625,0.0,0.0,0.0,0.0,0.0
2025-11-11 05:00:00,0.0,21.8755625,0.0,0.0,0.0,0.0,0.0
2025-11-11 06:00:00,0.0,23.27775,0.0,0.0,0.0,0.0,0.0
2025-11-11 07:00:00,0.0,27.7713125,0.0,0.0,0.0,0.0,0.0
2025-11-11 08:00:00,0.0,31.90175,0.0,0.0,0.0,0.0,0.0
2025-11-11 09:00:00,0.0,35.0715,0.0,0.0,0.0,0.0,0.0
2025-11-11 10:00:00,0.0,36.3975625,0.0,0.0,0.0,0.0,0.0
2025-11-11 11:00:00,0.0,36.9339375,0.0,0.0,0.0,0.0,0.0
2025-11-11 12:00:00,0.0,37.0588125,0.0,0.0,0.0,0.0,0.0
2025-11-11 13:00:00,0.0,36.6386875,0.0,0.0,0.0,0.0,0.0
2025-11-11 14:00:00,0.0,35.2125625,0.0,0.0,0.0,0.0,0.0
2025-11-11 15:00:00,0.0,35.317125,0.0,0.0,0.0,0.0,0.0
2025-11-11 16:00:00,0.0,35.12175,0.0,0.0,0.0,0.0,0.0
2025-11-11 17:00:00,0.0,34.30975,0.0,0.0,0.0,0.0,0.0
2025-11-11 18:00:00,0.0,34.037875,0.0,0.0,0.0,0.0,0.0
2025-11-11 19:00:00,0.0,33.423375,0.0,0.0,0.0,0.0,0.0
2025-11-11 20:00:00,0.0,32.767125,0.0,0.0,0.0,0.0,0.0
2025-11-11 21:00:00,0.0,34.68425,0.0,0.0,0.0,0.0,0.0
2025-11-11 22:00:00,0.0,34.419875,0.0,0.0,0.0,0.0,0.0
2025-11-11 23:00:00,0.0,31.666125,0.0,0.0,0.0,0.0,0.0
2025-11-12 00:00:00,0.0,27.74725,0.0,0.0,0.0,0.0,0.0
2025-11-12 01:00:00,0.0,24.111625,0.0,0.0,0.0,0.0,0.0
2025-11-12 02:00:00,0.0,22.33175,0.0,0.0,0.0,0.0,0.0
2025-11-12 03:00:00,0.0,21.2065,0.0,0.0,0.0,0.0,0.0
2025-11-12 04:00:00,0.0,20.43425,0.0,0.0,0.0,0.0,0.0
2025-11-12 05:00:00,0.0,19.986375,0.0,0.0,0.0,0.0,0.0
2025-11-12 06:00:00,0.0,22.52525,0.0,0.0,0.0,0.0,0.0
2025-11-12 07:00:00,0.0,26.410375,0.0,0.0,0.0,0.0,0.0
2025-11-12 08:00:00,0.0,29.5505,0.0,0.0,0.0,0.0,0.0
2025-11-12 09:00:00,0.0,32.153375,0.0,0.0,0.0,0.0,0.0
2025-11-12 10:00:00,0.0,34.608,0.0,0.0,0.0,0.0,0.0
2025-11-12 11:00:00,0.0,36.348875,0.0,0.0,0.0,0.0,0.0
2025-11-12 12:00:00,0.0,37.175625,0.0,0.0,0.0,0.0,0.0
2025-11-12 13:00:00,0.0,36.87325,0.0,0.0,0.0,0.0,0.0
2025-11-12 14:00:00,0.0,36.642125,0.0,0.0,0.0,0.0,0.0
2025-11-12 15:00:00,0.0,38.55275,0.0,0.0,0.0,0.0,0.0
2025-11-12 16:00:00,0.0,37.90575,0.0,0.0,0.0,0.0,0.0
2025-11-12 17:00:00,0.0,36.246625,0.0,0.0,0.0,0.0,0.0
2025-11-12 18:00:00,0.0,34.823,0.0,0.0,0.0,0.0,0.0
2025-11-12 19:00:00,0.0,33.7865,0.0,0.0,0.0,0.0,0.0
2025-11-12 20:00:00,0.0,33.024375,0.0,0.0,0.0,0.0,0.0
2025-11-12 21:00:00,0.0,34.47175,0.0,0.0,0.0,0.0,0.0
2025-11-12 22:00:00,0.0,35.57,0.0,0.0,0.0,0.0,0.0
2025-11-12 23:00:00,0.0,32.415,0.0,0.0,0.0,0.0,0.0
2025-11-13 00:00:00,0.0,28.135375,0.0,0.0,0.0,0.0,0.0
2025-11-13 01:00:00,0.0,25.492125,0.0,0.0,0.0,0.0,0.0
2025-11-13 02:00:00,0.0,22.4185,0.0,0.0,0.0,0.0,0.0
2025-11-13 03:00:00,0.0,21.135625,0.0,0.0,0.0,0.0,0.0
2025-11-13 04:00:00,0.0,20.8005,0.0,0.0,0.0,0.0,0.0
2025-11-13 05:00:00,0.0,20.2775,0.0,0.0,0.0,0.0,0.0
2025-11-13 06:00:00,0.0,23.02075,0.0,0.0,0.0,0.0,0.0
2025-11-13 07:00:00,0.0,27.397625,0.0,0.0,0.0,0.0,0.0
2025-11-13 08:00:00,0.0,32.291,0.0,0.0,0.0,0.0,0.0
2025-11-13 09:00:00,0.0,34.98775,0.0,0.0,0.0,0.0,0.0
2025-11-13 10:00:00,0.0,35.74375,0.0,0.0,0.0,0.0,0.0
2025-11-13 11:00:00,0.0,36.92125,0.0,0.0,0.0,0.0,0.0
2025-11-13 12:00:00,0.0,37.637875,0.0,0.0,0.0,0.0,0.0
2025-11-13 13:00:00,0.0,37.543875,0.0,0.0,0.0,0.0,0.0
2025-11-13 14:00:00,0.0,36.673875,0.0,0.0,0.0,0.0,0.0
2025-11-13 15:00:00,0.0,36.93525,0.0,0.0,0.0,0.0,0.0
2025-11-13 16:00:00,0.0,36.868625,0.0,0.0,0.0,0.0,0.0
2025-11-13 17:00:00,0.0,35.183,0.0,0.0,0.0,0.0,0.0
2025-11-13 18:00:00,0.0,34.33,0.0,0.0,0.0,0.0,0.0
2025-11-13 19:00:00,0.0,32.762625,0.0,0.0,0.0,0.0,0.0
2025-11-13 20:00:00,0.0,32.3995,0.0,0.0,0.0,0.0,0.0
2025-11-13 21:00:00,0.0,33.931625,0.0,0.0,0.0,0.0,0.0
2025-11-13 22:00:00,0.0,34.11475,0.0,0.0,0.0,0.0,0.0
2025-11-13 23:00:00,0.0,30.6835,0.0,0.0,0.0,0.0,0.0
2025-11-14 00:00:00,0.0,26.848625,0.0,0.0,0.0,0.0,0.0
2025-11-14 01:00:00,0.0,23.670625,0.0,0.0,0.0,0.0,0.0
2025-11-14 02:00:00,0.0,21.815125,0.0,0.0,0.0,0.0,0.0
2025-11-14 03:00:00,0.0,21.049375,0.0,0.0,0.0,0.0,0.0
2025-11-14 04:00:00,0.0,20.40025,0.0,0.0,0.0,0.0,0.0
2025-11-14 05:00:00,0.0,19.97825,0.0,0.0,0.0,0.0,0.0
2025-11-14 06:00:00,0.0,21.87225,0.0,0.0,0.0,0.0,0.0
2025-11-14 07:00:00,0.0,26.0035,0.0,0.0,0.0,0.0,0.0
2025-11-14 08:00:00,0.0,30.558375,0.0,0.0,0.0,0.0,0.0
2025-11-14 09:00:00,0.0,33.948625,0.0,0.0,0.0,0.0,0.0
2025-11-14 10:00:00,0.0,35.19675,0.0,0.0,0.0,0.0,0.0
2025-11-14 11:00:00,0.0,36.44075,0.0,0.0,0.0,0.0,0.0
2025-11-14 12:00:00,0.0,37.49825,0.0,0.0,0.0,0.0,0.0
2025-11-14 13:00:00,0.0,37.086625,0.0,0.0,0.0,0.0,0.0
2025-11-14 14:00:00,0.0,36.823,0.0,0.0,0.0,0.0,0.0
2025-11-14 15:00:00,0.0,37.52575,0.0,0.0,0.0,0.0,0.0
2025-11-14 16:00:00,0.0,36.996,0.0,0.0,0.0,0.0,0.0
2025-11-14 17:00:00,0.0,36.234625,0.0,0.0,0.0,0.0,0.0
2025-11-14 18:00:00,0.0,35.8865,0.0,0.0,0.0,0.0,0.0
2025-11-14 19:00:00,0.0,35.011125,0.0,0.0,0.0,0.0,0.0
2025-11-14 20:00:00,0.0,34.259625,0.0,0.0,0.0,0.0,0.0
2025-11-14 21:00:00,0.0,35.64875,0.0,0.0,0.0,0.0,0.0
2025-11-14 22:00:00,0.0,35.053125,0.0,0.0,0.0,0.0,0.0
2025-11-14 23:00:00,0.0,31.33175,0.0,0.0,0.0,0.0,0.0
2025-11-15 00:00:00,0.0,28.1275,0.0,0.0,0.0,0.0,0.0
2025-11-15 01:00:00,0.0,25.05175,0.0,0.0,0.0,0.0,0.0
2025-11-15 02:00:00,0.0,22.80275,0.0,0.0,0.0,0.0,0.0
2025-11-15 03:00:00,0.0,21.317375,0.0,0.0,0.0,0.0,0.0
2025-11-15 04:00:00,0.0,21.371375,0.0,0.0,0.0,0.0,0.0
2025-11-15 05:00:00,0.0,21.079,0.0,0.0,0.0,0.0,0.0
2025-11-15 06:00:00,0.0,23.003,0.0,0.0,0.0,0.0,0.0
2025-11-15 07:00:00,0.0,26.83475,0.0,0.0,0.0,0.0,0.0
2025-11-15 08:00:00,0.0,30.193125,0.0,0.0,0.0,0.0,0.0
2025-11-15 09:00:00,0.0,32.811,0.0,0.0,0.0,0.0,0.0
2025-11-15 10:00:00,0.0,34.472375,0.0,0.0,0.0,0.0,0.0
2025-11-15 11:00:00,0.0,35.153375,0.0,0.0,0.0,0.0,0.0
2025-11-15 12:00:00,0.0,35.42475,0.0,0.0,0.0,0.0,0.0
2025-11-15 13:00:00,0.0,34.7235,0.0,0.0,0.0,0.0,0.0
2025-11-15 14:00:00,0.0,34.642625,0.0,0.0,0.0,0.0,0.0
2025-11-15 15:00:00,0.0,34.9785,0.0,0.0,0.0,0.0,0.0
2025-11-15 16:00:00,0.0,34.358375,0.0,0.0,0.0,0.0,0.0
2025-11-15 17:00:00,0.0,33.060375,0.0,0.0,0.0,0.0,0.0
2025-11-15 18:00:00,0.0,32.338125,0.0,0.0,0.0,0.0,0.0
2025-11-15 19:00:00,0.0,32.69325,0.0,0.0,0.0,0.0,0.0
2025-11-15 20:00:00,0.0,31.459,0.0,0.0,0.0,0.0,0.0
2025-11-15 21:00:00,0.0,32.6595,0.0,0.0,0.0,0.0,0.0
2025-11-15 22:00:00,0.0,33.63625,0.0,0.0,0.0,0.0,0.0
2025-11-15 23:00:00,0.0,31.87925,0.0,0.0,0.0,0.0,0.0
2025-11-16 00:00:00,0.0,29.3225,0.0,0.0,0.0,0.0,0.0
2025-11-16 01:00:00,0.0,26.283375,0.0,0.0,0.0,0.0,0.0
2025-11-16 02:00:00,0.0,24.40975,0.0,0.0,0.0,0.0,0.0
2025-11-16 03:00:00,0.0,23.080625,0.0,0.0,0.0,0.0,0.0
2025-11-16 04:00:00,0.0,22.310625,0.0,0.0,0.0,0.0,0.0
2025-11-16 05:00:00,0.0,21.35475,0.0,0.0,0.0,0.0,0.0
2025-11-16 06:00:00,0.0,20.957625,0.0,0.0,0.0,0.0,0.0
2025-11-16 07:00:00,0.0,23.49375,0.0,0.0,0.0,0.0,0.0
2025-11-16 08:00:00,0.0,26.264,0.0,0.0,0.0,0.0,0.0
2025-11-16 09:00:00,0.0,29.125875,0.0,0.0,0.0,0.0,0.0
2025-11-16 10:00:00,0.0,33.45475,0.0,0.0,0.0,0.0,0.0
2025-11-16 11:00:00,0.0,35.06875,0.0,0.0,0.0,0.0,0.0
2025-11-16 12:00:00,0.0,35.830375,0.0,0.0,0.0,0.0,0.0
2025-11-16 13:00:00,0.0,36.054625,0.0,0.0,0.0,0.0,0.0
2025-11-16 14:00:00,0.0,34.81575,0.0,0.0,0.0,0.0,0.0
2025-11-16 15:00:00,0.0,32.720375,0.0,0.0,0.0,0.0,0.0
2025-11-16 16:00:00,0.0,31.7765,0.0,0.0,0.0,0.0,0.0
2025-11-16 17:00:00,0.0,31.49525,0.0,0.0,0.0,0.0,0.0
2025-11-16 18:00:00,0.0,30.87275,0.0,0.0,0.0,0.0,0.0
2025-11-16 19:00:00,0.0,29.861875,0.0,0.0,0.0,0.0,0.0
2025-11-16 20:00:00,0.0,30.2145,0.0,0.0,0.0,0.0,0.0
2025-11-16 21:00:00,0.0,32.648625,0.0,0.0,0.0,0.0,0.0
2025-11-16 22:00:00,0.0,33.981,0.0,0.0,0.0,0.0,0.0
2025-11-16 23:00:00,0.0,31.23625,0.0,0.0,0.0,0.0,0.0
2025-11-17 00:00:00,0.0,28.340125,0.0,0.0,0.0,0.0,0.0
2025-11-17 01:00:00,0.0,25.569125,0.0,0.0,0.0,0.0,0.0
2025-11-17 02:00:00,0.0,23.878375,0.0,0.0,0.0,0.0,0.0
2025-11-17 03:00:00,0.0,22.638125,0.0,0.0,0.0,0.0,0.0
2025-11-17 04:00:00,0.0,21.253,0.0,0.0,0.0,0.0,0.0
2025-11-17 05:00:00,0.0,20.270125,0.0,0.0,0.0,0.0,0.0
2025-11-17 06:00:00,0.0,17.718,0.0,0.0,0.0,0.0,0.0
2025-11-17 07:00:00,0.0,18.4195,0.0,0.0,0.0,0.0,0.0
2025-11-17 08:00:00,0.0,19.803875,0.0,0.0,0.0,0.0,0.0
2025-11-17 09:00:00,0.0,22.755875,0.0,0.0,0.0,0.0,0.0
2025-11-17 10:00:00,0.0,25.072875,0.0,0.0,0.0,0.0,0.0
2025-11-17 11:00:00,0.0,28.381,0.0,0.0,0.0,0.0,0.0
2025-11-17 12:00:00,0.0,30.500375,0.0,0.0,0.0,0.0,0.0
2025-11-17 13:00:00,0.0,31.574375,0.0,0.0,0.0,0.0,0.0
2025-11-17 14:00:00,0.0,31.21625,0.0,0.0,0.0,0.0,0.0
2025-11-17 15:00:00,0.0,29.967625,0.0,0.0,0.0,0.0,0.0
2025-11-17 16:00:00,0.0,29.023375,0.0,0.0,0.0,0.0,0.0
2025-11-17 17:00:00,0.0,28.411,0.0,0.0,0.0,0.0,0.0
2025-11-17 18:00:00,0.0,28.48675,0.0,0.0,0.0,0.0,0.0
2025-11-17 19:00:00,0.0,28.939875,0.0,0.0,0.0,0.0,0.0
2025-11-17 20:00:00,0.0,29.644625,0.0,0.0,0.0,0.0,0.0
2025-11-17 21:00:00,0.0,31.909875,0.0,0.0,0.0,0.0,0.0
2025-11-17 22:00:00,0.0,34.72425,0.0,0.0,0.0,0.0,0.0
2025-11-17 23:00:00,0.0,31.66775,0.0,0.0,0.0,0.0,0.0
2025-11-18 00:00:00,0.0,27.634875,0.0,0.0,0.0,0.0,0.0
2025-11-18 01:00:00,0.0,23.952,0.0,0.0,0.0,0.0,0.0
2025-11-18 02:00:00,0.0,22.306625,0.0,0.0,0.0,0.0,0.0
2025-11-18 03:00:00,0.0,21.604875,0.0,0.0,0.0,0.0,0.0
2025-11-18 04:00:00,0.0,21.267125,0.0,0.0,0.0,0.0,0.0
2025-11-18 05:00:00,0.0,20.655375,0.0,0.0,0.0,0.0,0.0
2025-11-18 06:00:00,0.0,23.206125,0.0,0.0,0.0,0.0,0.0
2025-11-18 07:00:00,0.0,27.636875,0.0,0.0,0.0,0.0,0.0
2025-11-18 08:00:00,0.0,31.5705,0.0,0.0,0.0,0.0,0.0
2025-11-18 09:00:00,0.0,35.201875,0.0,0.0,0.0,0.0,0.0
2025-11-18 10:00:00,0.0,36.920875,0.0,0.0,0.0,0.0,0.0
2025-11-18 11:00:00,0.0,38.350875,0.0,0.0,0.0,0.0,0.0
2025-11-18 12:00:00,0.0,38.240375,0.0,0.0,0.0,0.0,0.0
2025-11-18 13:00:00,0.0,36.4255,0.0,0.0,0.0,0.0,0.0
2025-11-18 14:00:00,0.0,37.483375,0.0,0.0,0.0,0.0,0.0
2025-11-18 15:00:00,0.0,37.47375,0.0,0.0,0.0,0.0,0.0
2025-11-18 16:00:00,0.0,37.02025,0.0,0.0,0.0,0.0,0.0
2025-11-18 17:00:00,0.0,36.23725,0.0,0.0,0.0,0.0,0.0
2025-11-18 18:00:00,0.0,35.604,0.0,0.0,0.0,0.0,0.0
2025-11-18 19:00:00,0.0,33.382125,0.0,0.0,0.0,0.0,0.0
2025-11-18 20:00:00,0.0,32.496375,0.0,0.0,0.0,0.0,0.0
2025-11-18 21:00:00,0.0,32.942125,0.0,0.0,0.0,0.0,0.0
2025-11-18 22:00:00,0.0,34.50875,0.0,0.0,0.0,0.0,0.0
2025-11-18 23:00:00,0.0,30.927125,0.0,0.0,0.0,0.0,0.0
2025-11-19 00:00:00,0.0,27.61425,0.0,0.0,0.0,0.0,0.0
2025-11-19 01:00:00,0.0,24.140875,0.0,0.0,0.0,0.0,0.0
2025-11-19 02:00:00,0.0,22.81825,0.0,0.0,0.0,0.0,0.0
2025-11-19 03:00:00,0.0,21.757125,0.0,0.0,0.0,0.0,0.0
2025-11-19 04:00:00,0.0,21.308375,0.0,0.0,0.0,0.0,0.0
2025-11-19 05:00:00,0.0,20.1215,0.0,0.0,0.0,0.0,0.0
2025-11-19 06:00:00,0.0,22.5475,0.0,0.0,0.0,0.0,0.0
2025-11-19 07:00:00,0.0,27.355,0.0,0.0,0.0,0.0,0.0
2025-11-19 08:00:00,0.0,30.999,0.0,0.0,0.0,0.0,0.0
2025-11-19 09:00:00,0.0,33.56825,0.0,0.0,0.0,0.0,0.0
2025-11-19 10:00:00,0.0,35.2375,0.0,0.0,0.0,0.0,0.0
2025-11-19 11:00:00,0.0,36.083625,0.0,0.0,0.0,0.0,0.0
2025-11-19 12:00:00,0.0,36.10475,0.0,0.0,0.0,0.0,0.0
2025-11-19 13:00:00,0.0,35.83875,0.0,0.0,0.0,0.0,0.0
2025-11-19 14:00:00,0.0,36.18325,0.0,0.0,0.0,0.0,0.0
2025-11-19 15:00:00,0.0,36.527875,0.0,0.0,0.0,0.0,0.0
2025-11-19 16:00:00,0.0,35.1995,0.0,0.0,0.0,0.0,0.0
2025-11-19 17:00:00,0.0,33.964625,0.0,0.0,0.0,0.0,0.0
2025-11-19 18:00:00,0.0,32.87125,0.0,0.0,0.0,0.0,0.0
2025-11-19 19:00:00,0.0,33.652,0.0,0.0,0.0,0.0,0.0
2025-11-19 20:00:00,0.0,32.281125,0.0,0.0,0.0,0.0,0.0
2025-11-19 21:00:00,0.0,31.597375,0.0,0.0,0.0,0.0,0.0
2025-11-19 22:00:00,0.0,33.01075,0.0,0.0,0.0,0.0,0.0
2025-11-19 23:00:00,0.0,30.908125,0.0,0.0,0.0,0.0,0.0
2025-11-20 00:00:00,0.0,27.8415,0.0,0.0,0.0,0.0,0.0
2025-11-20 01:00:00,0.0,24.316375,0.0,0.0,0.0,0.0,0.0
2025-11-20 02:00:00,0.0,22.20875,0.0,0.0,0.0,0.0,0.0
2025-11-20 03:00:00,0.0,21.423125,0.0,0.0,0.0,0.0,0.0
2025-11-20 04:00:00,0.0,21.221875,0.0,0.0,0.0,0.0,0.0
2025-11-20 05:00:00,0.0,20.8385,0.0,0.0,0.0,0.0,0.0
2025-11-20 06:00:00,0.0,22.58725,0.0,0.0,0.0,0.0,0.0
2025-11-20 07:00:00,0.0,26.54675,0.0,0.0,0.0,0.0,0.0
2025-11-20 08:00:00,0.0,30.877875,0.0,0.0,0.0,0.0,0.0
2025-11-20 09:00:00,0.0,34.233,0.0,0.0,0.0,0.0,0.0
2025-11-20 10:00:00,0.0,36.387875,0.0,0.0,0.0,0.0,0.0
2025-11-20 11:00:00,0.0,37.21225,0.0,0.0,0.0,0.0,0.0
2025-11-20 12:00:00,0.0,37.087,0.0,0.0,0.0,0.0,0.0
2025-11-20 13:00:00,0.0,36.81825,0.0,0.0,0.0,0.0,0.0
2025-11-20 14:00:00,0.0,35.846125,0.0,0.0,0.0,0.0,0.0
2025-11-20 15:00:00,0.0,35.632625,0.0,0.0,0.0,0.0,0.0
2025-11-20 16:00:00,0.0,35.014625,0.0,0.0,0.0,0.0,0.0
2025-11-20 17:00:00,0.0,34.368625,0.0,0.0,0.0,0.0,0.0
2025-11-20 18:00:00,0.0,33.51025,0.0,0.0,0.0,0.0,0.0
2025-11-20 19:00:00,0.0,31.758,0.0,0.0,0.0,0.0,0.0
2025-11-20 20:00:00,0.0,30.647125,0.0,0.0,0.0,0.0,0.0
2025-11-20 21:00:00,0.0,32.592125,0.0,0.0,0.0,0.0,0.0
2025-11-20 22:00:00,0.0,33.72925,0.0,0.0,0.0,0.0,0.0
2025-11-20 23:00:00,0.0,31.116375,0.0,0.0,0.0,0.0,0.0
2025-11-21 00:00:00,0.0,28.042,0.0,0.0,0.0,0.0,0.0
2025-11-21 01:00:00,0.0,25.14325,0.0,0.0,0.0,0.0,0.0
2025-11-21 02:00:00,0.0,22.7775,0.0,0.0,0.0,0.0,0.0
2025-11-21 03:00:00,0.0,22.6035,0.0,0.0,0.0,0.0,0.0
2025-11-21 04:00:00,0.0,22.005875,0.0,0.0,0.0,0.0,0.0
2025-11-21 05:00:00,0.0,21.1355,0.0,0.0,0.0,0.0,0.0
2025-11-21 06:00:00,0.0,22.58075,0.0,0.0,0.0,0.0,0.0
2025-11-21 07:00:00,0.0,27.49125,0.0,0.0,0.0,0.0,0.0
2025-11-21 08:00:00,0.0,31.46225,0.0,0.0,0.0,0.0,0.0
2025-11-21 09:00:00,0.0,34.489375,0.0,0.0,0.0,0.0,0.0
2025-11-21 10:00:00,0.0,35.7555,0.0,0.0,0.0,0.0,0.0
2025-11-21 11:00:00,0.0,37.07725,0.0,0.0,0.0,0.0,0.0
2025-11-21 12:00:00,0.0,38.091125,0.0,0.0,0.0,0.0,0.0
2025-11-21 13:00:00,0.0,37.739875,0.0,0.0,0.0,0.0,0.0
2025-11-21 14:00:00,0.0,36.5085,0.0,0.0,0.0,0.0,0.0
2025-11-21 15:00:00,0.0,37.275,0.0,0.0,0.0,0.0,0.0
2025-11-21 16:00:00,0.0,37.18325,0.0,0.0,0.0,0.0,0.0
2025-11-21 17:00:00,0.0,36.034125,0.0,0.0,0.0,0.0,0.0
2025-11-21 18:00:00,0.0,34.294375,0.0,0.0,0.0,0.0,0.0
2025-11-21 19:00:00,0.0,33.842375,0.0,0.0,0.0,0.0,0.0
2025-11-21 20:00:00,0.0,33.526875,0.0,0.0,0.0,0.0,0.0
2025-11-21 21:00:00,0.0,34.600875,0.0,0.0,0.0,0.0,0.0
2025-11-21 22:00:00,0.0,35.01,0.0,0.0,0.0,0.0,0.0
2025-11-21 23:00:00,0.0,31.984625,0.0,0.0,0.0,0.0,0.0
2025-11-22 00:00:00,0.0,28.232125,0.0,0.0,0.0,0.0,0.0
2025-11-22 01:00:00,0.0,25.115,0.0,0.0,0.0,0.0,0.0
2025-11-22 02:00:00,0.0,22.960125,0.0,0.0,0.0,0.0,0.0
2025-11-22 03:00:00,0.0,22.1635,0.0,0.0,0.0,0.0,0.0
2025-11-22 04:00:00,0.0,22.103,0.0,0.0,0.0,0.0,0.0
2025-11-22 05:00:00,0.0,21.18275,0.0,0.0,0.0,0.0,0.0
2025-11-22 06:00:00,0.0,22.638375,0.0,0.0,0.0,0.0,0.0
2025-11-22 07:00:00,0.0,26.2935,0.0,0.0,0.0,0.0,0.0
2025-11-22 08:00:00,0.0,29.58375,0.0,0.0,0.0,0.0,0.0
2025-11-22 09:00:00,0.0,32.42775,0.0,0.0,0.0,0.0,0.0
2025-11-22 10:00:00,0.0,34.44575,0.0,0.0,0.0,0.0,0.0
2025-11-22 11:00:00,0.0,35.694125,0.0,0.0,0.0,0.0,0.0
2025-11-22 12:00:00,0.0,36.76575,0.0,0.0,0.0,0.0,0.0
2025-11-22 13:00:00,0.0,36.67075,0.0,0.0,0.0,0.0,0.0
2025-11-22 14:00:00,0.0,35.9995,0.0,0.0,0.0,0.0,0.0
2025-11-22 15:00:00,0.0,36.830625,0.0,0.0,0.0,0.0,0.0
2025-11-22 16:00:00,0.0,35.509375,0.0,0.0,0.0,0.0,0.0
2025-11-22 17:00:00,0.0,34.5245,0.0,0.0,0.0,0.0,0.0
2025-11-22 18:00:00,0.0,36.375875,0.0,0.0,0.0,0.0,0.0
2025-11-22 19:00:00,0.0,36.019,0.0,0.0,0.0,0.0,0.0
2025-11-22 20:00:00,0.0,34.585125,0.0,0.0,0.0,0.0,0.0
2025-11-22 21:00:00,0.0,35.053375,0.0,0.0,0.0,0.0,0.0
2025-11-22 22:00:00,0.0,36.464,0.0,0.0,0.0,0.0,0.0
2025-11-22 23:00:00,0.0,33.709,0.0,0.0,0.0,0.0,0.0
2025-11-23 00:00:00,0.0,28.77375,0.0,0.0,0.0,0.0,0.0
2025-11-23 01:00:00,0.0,25.587875,0.0,0.0,0.0,0.0,0.0
2025-11-23 02:00:00,0.0,23.489,0.0,0.0,0.0,0.0,0.0
2025-11-23 03:00:00,0.0,22.22175,0.0,0.0,0.0,0.0,0.0
2025-11-23 04:00:00,0.0,21.583125,0.0,0.0,0.0,0.0,0.0
2025-11-23 05:00:00,0.0,19.69375,0.0,0.0,0.0,0.0,0.0
2025-11-23 06:00:00,0.0,19.093,0.0,0.0,0.0,0.0,0.0
2025-11-23 07:00:00,0.0,21.078625,0.0,0.0,0.0,0.0,0.0
2025-11-23 08:00:00,0.0,25.050625,0.0,0.0,0.0,0.0,0.0
2025-11-23 09:00:00,0.0,29.253875,0.0,0.0,0.0,0.0,0.0
2025-11-23 10:00:00,0.0,31.730875,0.0,0.0,0.0,0.0,0.0
2025-11-23 11:00:00,0.0,33.42725,0.0,0.0,0.0,0.0,0.0
2025-11-23 12:00:00,0.0,34.758,0.0,0.0,0.0,0.0,0.0
2025-11-23 13:00:00,0.0,35.094625,0.0,0.0,0.0,0.0,0.0
2025-11-23 14:00:00,0.0,34.184625,0.0,0.0,0.0,0.0,0.0
2025-11-23 15:00:00,0.0,33.9125,0.0,0.0,0.0,0.0,0.0
2025-11-23 16:00:00,0.0,34.68675,0.0,0.0,0.0,0.0,0.0
2025-11-23 17:00:00,0.0,31.812875,0.0,0.0,0.0,0.0,0.0
2025-11-23 18:00:00,0.0,29.916625,0.0,0.0,0.0,0.0,0.0
2025-11-23 19:00:00,0.0,29.7365,0.0,0.0,0.0,0.0,0.0
2025-11-23 20:00:00,0.0,29.456125,0.0,0.0,0.0,0.0,0.0
2025-11-23 21:00:00,0.0,30.90325,0.0,0.0,0.0,0.0,0.0
2025-11-23 22:00:00,0.0,33.19925,0.0,0.0,0.0,0.0,0.0
2025-11-23 23:00:00,0.0,31.81,0.0,0.0,0.0,0.0,0.0
2025-11-24 00:00:00,0.0,29.060625,0.0,0.0,0.0,0.0,0.0
2025-11-24 01:00:00,0.0,26.49975,0.0,0.0,0.0,0.0,0.0
2025-11-24 02:00:00,0.0,23.92125,0.0,0.0,0.0,0.0,0.0
2025-11-24 03:00:00,0.0,22.62175,0.0,0.0,0.0,0.0,0.0
2025-11-24 04:00:00,0.0,21.849,0.0,0.0,0.0,0.0,0.0
2025-11-24 05:00:00,0.0,19.72425,0.0,0.0,0.0,0.0,0.0
2025-11-24 06:00:00,0.0,18.46775,0.0,0.0,0.0,0.0,0.0
2025-11-24 07:00:00,0.0,19.425,0.0,0.0,0.0,0.0,0.0
2025-11-24 08:00:00,0.0,21.1965,0.0,0.0,0.0,0.0,0.0
2025-11-24 09:00:00,0.0,24.208625,0.0,0.0,0.0,0.0,0.0
2025-11-24 10:00:00,0.0,26.736875,0.0,0.0,0.0,0.0,0.0
2025-11-24 11:00:00,0.0,28.834375,0.0,0.0,0.0,0.0,0.0
2025-11-24 12:00:00,0.0,30.73625,0.0,0.0,0.0,0.0,0.0
2025-11-24 13:00:00,0.0,31.98525,0.0,0.0,0.0,0.0,0.0
2025-11-24 14:00:00,0.0,31.675375,0.0,0.0,0.0,0.0,0.0
2025-11-24 15:00:00,0.0,30.873125,0.0,0.0,0.0,0.0,0.0
2025-11-24 16:00:00,0.0,30.303,0.0,0.0,0.0,0.0,0.0
2025-11-24 17:00:00,0.0,30.06775,0.0,0.0,0.0,0.0,0.0
2025-11-24 18:00:00,0.0,30.093375,0.0,0.0,0.0,0.0,0.0
2025-11-24 19:00:00,0.0,30.686,0.0,0.0,0.0,0.0,0.0
2025-11-24 20:00:00,0.0,31.411,0.0,0.0,0.0,0.0,0.0
2025-11-24 21:00:00,0.0,32.6755,0.0,0.0,0.0,0.0,0.0
2025-11-24 22:00:00,0.0,34.41875,0.0,0.0,0.0,0.0,0.0
2025-11-24 23:00:00,0.0,31.9365,0.0,0.0,0.0,0.0,0.0
2025-11-25 00:00:00,0.0,28.682,0.0,0.0,0.0,0.0,0.0
2025-11-25 01:00:00,0.0,25.1525,0.0,0.0,0.0,0.0,0.0
2025-11-25 02:00:00,0.0,22.900625,0.0,0.0,0.0,0.0,0.0
2025-11-25 03:00:00,0.0,21.957625,0.0,0.0,0.0,0.0,0.0
2025-11-25 04:00:00,0.0,21.612,0.0,0.0,0.0,0.0,0.0
2025-11-25 05:00:00,0.0,20.624375,0.0,0.0,0.0,0.0,0.0
2025-11-25 06:00:00,0.0,23.06575,0.0,0.0,0.0,0.0,0.0
2025-11-25 07:00:00,0.0,26.612375,0.0,0.0,0.0,0.0,0.0
2025-11-25 08:00:00,0.0,30.310875,0.0,0.0,0.0,0.0,0.0
2025-11-25 09:00:00,0.0,34.71775,0.0,0.0,0.0,0.0,0.0
2025-11-25 10:00:00,0.0,36.28625,0.0,0.0,0.0,0.0,0.0
2025-11-25 11:00:00,0.0,37.64175,0.0,0.0,0.0,0.0,0.0
2025-11-25 12:00:00,0.0,38.0835,0.0,0.0,0.0,0.0,0.0
2025-11-25 13:00:00,0.0,37.848625,0.0,0.0,0.0,0.0,0.0
2025-11-25 14:00:00,0.0,37.210375,0.0,0.0,0.0,0.0,0.0
2025-11-25 15:00:00,0.0,37.012375,0.0,0.0,0.0,0.0,0.0
2025-11-25 16:00:00,0.0,37.051625,0.0,0.0,0.0,0.0,0.0
2025-11-25 17:00:00,0.0,35.80775,0.0,0.0,0.0,0.0,0.0
2025-11-25 18:00:00,0.0,34.98275,0.0,0.0,0.0,0.0,0.0
2025-11-25 19:00:00,0.0,34.7125,0.0,0.0,0.0,0.0,0.0
2025-11-25 20:00:00,0.0,34.207875,0.0,0.0,0.0,0.0,0.0
2025-11-25 21:00:00,0.0,33.861375,0.0,0.0,0.0,0.0,0.0
2025-11-25 22:00:00,0.0,36.047125,0.0,0.0,0.0,0.0,0.0
2025-11-25 23:00:00,0.0,33.04975,0.0,0.0,0.0,0.0,0.0
2025-11-26 00:00:00,0.0,28.310625,0.0,0.0,0.0,0.0,0.0
2025-11-26 01:00:00,0.0,25.298,0.0,0.0,0.0,0.0,0.0
2025-11-26 02:00:00,0.0,23.5275,0.0,0.0,0.0,0.0,0.0
2025-11-26 03:00:00,0.0,22.428125,0.0,0.0,0.0,0.0,0.0
2025-11-26 04:00:00,0.0,22.142375,0.0,0.0,0.0,0.0,0.0
2025-11-26 05:00:00,0.0,20.9625,0.0,0.0,0.0,0.0,0.0
2025-11-26 06:00:00,0.0,23.29275,0.0,0.0,0.0,0.0,0.0
2025-11-26 07:00:00,0.0,27.3855,0.0,0.0,0.0,0.0,0.0
2025-11-26 08:00:00,0.0,30.911625,0.0,0.0,0.0,0.0,0.0
2025-11-26 09:00:00,0.0,34.11875,0.0,0.0,0.0,0.0,0.0
2025-11-26 10:00:00,0.0,35.6825,0.0,0.0,0.0,0.0,0.0
2025-11-26 11:00:00,0.0,36.44525,0.0,0.0,0.0,0.0,0.0
2025-11-26 12:00:00,0.0,37.25625,0.0,0.0,0.0,0.0,0.0
2025-11-26 13:00:00,0.0,36.853375,0.0,0.0,0.0,0.0,0.0
2025-11-26 14:00:00,0.0,35.73725,0.0,0.0,0.0,0.0,0.0
2025-11-26 15:00:00,0.0,35.83225,0.0,0.0,0.0,0.0,0.0
2025-11-26 16:00:00,0.0,35.692375,0.0,0.0,0.0,0.0,0.0
2025-11-26 17:00:00,0.0,34.984125,0.0,0.0,0.0,0.0,0.0
2025-11-26 18:00:00,0.0,34.31075,0.0,0.0,0.0,0.0,0.0
2025-11-26 19:00:00,0.0,34.161875,0.0,0.0,0.0,0.0,0.0
2025-11-26 20:00:00,0.0,33.688125,0.0,0.0,0.0,0.0,0.0
2025-11-26 21:00:00,0.0,33.319,0.0,0.0,0.0,0.0,0.0
2025-11-26 22:00:00,0.0,34.879875,0.0,0.0,0.0,0.0,0.0
2025-11-26 23:00:00,0.0,32.112375,0.0,0.0,0.0,0.0,0.0
2025-11-27 00:00:00,0.0,28.625625,0.0,0.0,0.0,0.0,0.0
2025-11-27 01:00:00,0.0,25.401625,0.0,0.0,0.0,0.0,0.0
2025-11-27 02:00:00,0.0,23.769,0.0,0.0,0.0,0.0,0.0
2025-11-27 03:00:00,0.0,23.188875,0.0,0.0,0.0,0.0,0.0
2025-11-27 04:00:00,0.0,22.562375,0.0,0.0,0.0,0.0,0.0
2025-11-27 05:00:00,0.0,20.98525,0.0,0.0,0.0,0.0,0.0
2025-11-27 06:00:00,0.0,23.8105,0.0,0.0,0.0,0.0,0.0
2025-11-27 07:00:00,0.0,27.55525,0.0,0.0,0.0,0.0,0.0
2025-11-27 08:00:00,0.0,31.149875,0.0,0.0,0.0,0.0,0.0
2025-11-27 09:00:00,0.0,34.063375,0.0,0.0,0.0,0.0,0.0
2025-11-27 10:00:00,0.0,35.659875,0.0,0.0,0.0,0.0,0.0
2025-11-27 11:00:00,0.0,36.683,0.0,0.0,0.0,0.0,0.0
2025-11-27 12:00:00,0.0,36.973375,0.0,0.0,0.0,0.0,0.0
2025-11-27 13:00:00,0.0,36.493125,0.0,0.0,0.0,0.0,0.0
2025-11-27 14:00:00,0.0,35.83975,0.0,0.0,0.0,0.0,0.0
2025-11-27 15:00:00,0.0,35.890125,0.0,0.0,0.0,0.0,0.0
2025-11-27 16:00:00,0.0,35.907,0.0,0.0,0.0,0.0,0.0
2025-11-27 17:00:00,0.0,34.9545,0.0,0.0,0.0,0.0,0.0
2025-11-27 18:00:00,0.0,34.28775,0.0,0.0,0.0,0.0,0.0
2025-11-27 19:00:00,0.0,33.874375,0.0,0.0,0.0,0.0,0.0
2025-11-27 20:00:00,0.0,33.10925,0.0,0.0,0.0,0.0,0.0
2025-11-27 21:00:00,0.0,32.8455,0.0,0.0,0.0,0.0,0.0
2025-11-27 22:00:00,0.0,34.7745,0.0,0.0,0.0,0.0,0.0
2025-11-27 23:00:00,0.0,32.586125,0.0,0.0,0.0,0.0,0.0
2025-11-28 00:00:00,0.0,28.684875,0.0,0.0,0.0,0.0,0.0
2025-11-28 01:00:00,0.0,25.857125,0.0,0.0,0.0,0.0,0.0
2025-11-28 02:00:00,0.0,24.022625,0.0,0.0,0.0,0.0,0.0
2025-11-28 03:00:00,0.0,22.908,0.0,0.0,0.0,0.0,0.0
2025-11-28 04:00:00,0.0,22.211875,0.0,0.0,0.0,0.0,0.0
2025-11-28 05:00:00,0.0,20.9015,0.0,0.0,0.0,0.0,0.0
2025-11-28 06:00:00,0.0,22.78,0.0,0.0,0.0,0.0,0.0
2025-11-28 07:00:00,0.0,26.081875,0.0,0.0,0.0,0.0,0.0
2025-11-28 08:00:00,0.0,29.04975,0.0,0.0,0.0,0.0,0.0
2025-11-28 09:00:00,0.0,31.752375,0.0,0.0,0.0,0.0,0.0
2025-11-28 10:00:00,0.0,33.749,0.0,0.0,0.0,0.0,0.0
2025-11-28 11:00:00,0.0,35.39775,0.0,0.0,0.0,0.0,0.0
2025-11-28 12:00:00,0.0,36.582625,0.0,0.0,0.0,0.0,0.0
2025-11-28 13:00:00,0.0,36.215625,0.0,0.0,0.0,0.0,0.0
2025-11-28 14:00:00,0.0,34.874,0.0,0.0,0.0,0.0,0.0
2025-11-28 15:00:00,0.0,36.12675,0.0,0.0,0.0,0.0,0.0
2025-11-28 16:00:00,0.0,36.126625,0.0,0.0,0.0,0.0,0.0
2025-11-28 17:00:00,0.0,35.143875,0.0,0.0,0.0,0.0,0.0
2025-11-28 18:00:00,0.0,34.450375,0.0,0.0,0.0,0.0,0.0
2025-11-28 19:00:00,0.0,33.97175,0.0,0.0,0.0,0.0,0.0
2025-11-28 20:00:00,0.0,32.995375,0.0,0.0,0.0,0.0,0.0
2025-11-28 21:00:00,0.0,32.902875,0.0,0.0,0.0,0.0,0.0
2025-11-28 22:00:00,0.0,36.456,0.0,0.0,0.0,0.0,0.0
2025-11-28 23:00:00,0.0,33.5365,0.0,0.0,0.0,0.0,0.0
2025-11-29 00:00:00,0.0,27.82175,0.0,0.0,0.0,0.0,0.0
2025-11-29 01:00:00,0.0,23.956,0.0,0.0,0.0,0.0,0.0
2025-11-29 02:00:00,0.0,22.31625,0.0,0.0,0.0,0.0,0.0
2025-11-29 03:00:00,0.0,21.17375,0.0,0.0,0.0,0.0,0.0
2025-11-29 04:00:00,0.0,20.49225,0.0,0.0,0.0,0.0,0.0
2025-11-29 05:00:00,0.0,20.0755,0.0,0.0,0.0,0.0,0.0
2025-11-29 06:00:00,0.0,21.98625,0.0,0.0,0.0,0.0,0.0
2025-11-29 07:00:00,0.0,25.13325,0.0,0.0,0.0,0.0,0.0
2025-11-29 08:00:00,0.0,29.027,0.0,0.0,0.0,0.0,0.0
2025-11-29 09:00:00,0.0,33.048,0.0,0.0,0.0,0.0,0.0
2025-11-29 10:00:00,0.0,34.99225,0.0,0.0,0.0,0.0,0.0
2025-11-29 11:00:00,0.0,36.3055,0.0,0.0,0.0,0.0,0.0
2025-11-29 12:00:00,0.0,36.6565,0.0,0.0,0.0,0.0,0.0
2025-11-29 13:00:00,0.0,36.253,0.0,0.0,0.0,0.0,0.0
2025-11-29 14:00:00,0.0,35.62025,0.0,0.0,0.0,0.0,0.0
2025-11-29 15:00:00,0.0,35.6815,0.0,0.0,0.0,0.0,0.0
2025-11-29 16:00:00,0.0,34.568,0.0,0.0,0.0,0.0,0.0
2025-11-29 17:00:00,0.0,33.9505,0.0,0.0,0.0,0.0,0.0
2025-11-29 18:00:00,0.0,34.1005,0.0,0.0,0.0,0.0,0.0
2025-11-29 19:00:00,0.0,33.8905,0.0,0.0,0.0,0.0,0.0
2025-11-29 20:00:00,0.0,33.528,0.0,0.0,0.0,0.0,0.0
2025-11-29 21:00:00,0.0,33.76475,0.0,0.0,0.0,0.0,0.0
2025-11-29 22:00:00,0.0,36.21225,0.0,0.0,0.0,0.0,0.0
2025-11-29 23:00:00,0.0,34.00875,0.0,0.0,0.0,0.0,0.0
2025-11-30 00:00:00,0.0,29.68175,0.0,0.0,0.0,0.0,0.0
2025-11-30 01:00:00,0.0,26.275,0.0,0.0,0.0,0.0,0.0
2025-11-30 02:00:00,0.0,22.75175,0.0,0.0,0.0,0.0,0.0
2025-11-30 03:00:00,0.0,21.667,0.0,0.0,0.0,0.0,0.0
2025-11-30 04:00:00,0.0,20.66975,0.0,0.0,0.0,0.0,0.0
2025-11-30 05:00:00,0.0,19.278,0.0,0.0,0.0,0.0,0.0
2025-11-30 06:00:00,0.0,19.58425,0.0,0.0,0.0,0.0,0.0
2025-11-30 07:00:00,0.0,21.0625,0.0,0.0,0.0,0.0,0.0
2025-11-30 08:00:00,0.0,23.3695,0.0,0.0,0.0,0.0,0.0
2025-11-30 09:00:00,0.0,27.0455,0.0,0.0,0.0,0.0,0.0
2025-11-30 10:00:00,0.0,30.05775,0.0,0.0,0.0,0.0,0.0
2025-11-30 11:00:00,0.0,31.82775,0.0,0.0,0.0,0.0,0.0
2025-11-30 12:00:00,0.0,32.81675,0.0,0.0,0.0,0.0,0.0
2025-11-30 13:00:00,0.0,33.3595,0.0,0.0,0.0,0.0,0.0
2025-11-30 14:00:00,0.0,32.251,0.0,0.0,0.0,0.0,0.0
2025-11-30 15:00:00,0.0,32.367,0.0,0.0,0.0,0.0,0.0
2025-11-30 16:00:00,0.0,30.92125,0.0,0.0,0.0,0.0,0.0
2025-11-30 17:00:00,0.0,30.3485,0.0,0.0,0.0,0.0,0.0
2025-11-30 18:00:00,0.0,30.671,0.0,0.0,0.0,0.0,0.0
2025-11-30 19:00:00,0.0,29.75475,0.0,0.0,0.0,0.0,0.0
2025-11-30 20:00:00,0.0,29.18825,0.0,0.0,0.0,0.0,0.0
2025-11-30 21:00:00,0.0,29.09175,0.0,0.0,0.0,0.0,0.0
2025-11-30 22:00:00,0.0,31.1005,0.0,0.0,0.0,0.0,0.0
2025-11-30 23:00:00,0.0,30.272,0.0,0.0,0.0,0.0,0.0
2025-12-01 00:00:00,0.0,27.840125,0.0,0.0,0.0,0.0,0.0
2025-12-01 01:00:00,0.0,25.40825,0.0,0.0,0.0,0.0,0.0
2025-12-01 02:00:00,0.0,23.802,0.0,0.0,0.0,0.0,0.0
2025-12-01 03:00:00,0.0,22.99375,0.0,0.0,0.0,0.0,0.0
2025-12-01 04:00:00,0.0,21.46075,0.0,0.0,0.0,0.0,0.0
2025-12-01 05:00:00,0.0,19.40175,0.0,0.0,0.0,0.0,0.0
2025-12-01 06:00:00,0.0,17.9775,0.0,0.0,0.0,0.0,0.0
2025-12-01 07:00:00,0.0,18.39375,0.0,0.0,0.0,0.0,0.0
2025-12-01 08:00:00,0.0,19.72975,0.0,0.0,0.0,0.0,0.0
2025-12-01 09:00:00,0.0,22.6415,0.0,0.0,0.0,0.0,0.0
2025-12-01 10:00:00,0.0,24.2785,0.0,0.0,0.0,0.0,0.0
2025-12-01 11:00:00,0.0,26.8785,0.0,0.0,0.0,0.0,0.0
2025-12-01 12:00:00,0.0,28.67825,0.0,0.0,0.0,0.0,0.0
2025-12-01 13:00:00,0.0,30.1295,0.0,0.0,0.0,0.0,0.0
2025-12-01 14:00:00,0.0,30.1095,0.0,0.0,0.0,0.0,0.0
2025-12-01 15:00:00,0.0,29.41225,0.0,0.0,0.0,0.0,0.0
2025-12-01 16:00:00,0.0,28.961,0.0,0.0,0.0,0.0,0.0
2025-12-01 17:00:00,0.0,28.78275,0.0,0.0,0.0,0.0,0.0
2025-12-01 18:00:00,0.0,28.7675,0.0,0.0,0.0,0.0,0.0
2025-12-01 19:00:00,0.0,29.1425,0.0,0.0,0.0,0.0,0.0
2025-12-01 20:00:00,0.0,29.47575,0.0,0.0,0.0,0.0,0.0
2025-12-01 21:00:00,0.0,29.91275,0.0,0.0,0.0,0.0,0.0
2025-12-01 22:00:00,0.0,32.13875,0.0,0.0,0.0,0.0,0.0
2025-12-01 23:00:00,0.0,31.3305,0.0,0.0,0.0,0.0,0.0
2025-12-02 00:00:00,0.0,27.50475,0.0,0.0,0.0,0.0,0.0
2025-12-02 01:00:00,0.0,23.9605,0.0,0.0,0.0,0.0,0.0
2025-12-02 02:00:00,0.0,21.61375,0.0,0.0,0.0,0.0,0.0
2025-12-02 03:00:00,0.0,20.7405,0.0,0.0,0.0,0.0,0.0
2025-12-02 04:00:00,0.0,19.8795,0.0,0.0,0.0,0.0,0.0
2025-12-02 05:00:00,0.0,18.5065,0.0,0.0,0.0,0.0,0.0
2025-12-02 06:00:00,0.0,19.6545,0.0,0.0,0.0,0.0,0.0
2025-12-02 07:00:00,0.0,24.35375,0.0,0.0,0.0,0.0,0.0
2025-12-02 08:00:00,0.0,28.0765,0.0,0.0,0.0,0.0,0.0
2025-12-02 09:00:00,0.0,30.67975,0.0,0.0,0.0,0.0,0.0
2025-12-02 10:00:00,0.0,33.123,0.0,0.0,0.0,0.0,0.0
2025-12-02 11:00:00,0.0,34.62375,0.0,0.0,0.0,0.0,0.0
2025-12-02 12:00:00,0.0,35.36475,0.0,0.0,0.0,0.0,0.0
2025-12-02 13:00:00,0.0,35.43175,0.0,0.0,0.0,0.0,0.0
2025-12-02 14:00:00,0.0,34.55825,0.0,0.0,0.0,0.0,0.0
2025-12-02 15:00:00,0.0,34.19675,0.0,0.0,0.0,0.0,0.0
2025-12-02 16:00:00,0.0,33.97375,0.0,0.0,0.0,0.0,0.0
2025-12-02 17:00:00,0.0,33.0835,0.0,0.0,0.0,0.0,0.0
2025-12-02 18:00:00,0.0,32.74075,0.0,0.0,0.0,0.0,0.0
2025-12-02 19:00:00,0.0,32.2255,0.0,0.0,0.0,0.0,0.0
2025-12-02 20:00:00,0.0,31.48825,0.0,0.0,0.0,0.0,0.0
2025-12-02 21:00:00,0.0,30.8575,0.0,0.0,0.0,0.0,0.0
2025-12-02 22:00:00,0.0,32.71925,0.0,0.0,0.0,0.0,0.0
2025-12-02 23:00:00,0.0,31.89775,0.0,0.0,0.0,0.0,0.0
2025-12-03 00:00:00,0.0,28.2865,0.0,0.0,0.0,0.0,0.0
2025-12-03 01:00:00,0.0,24.91675,0.0,0.0,0.0,0.0,0.0
2025-12-03 02:00:00,0.0,22.37575,0.0,0.0,0.0,0.0,0.0
2025-12-03 03:00:00,0.0,22.48,0.0,0.0,0.0,0.0,0.0
2025-12-03 04:00:00,0.0,21.79875,0.0,0.0,0.0,0.0,0.0
2025-12-03 05:00:00,0.0,21.0195,0.0,0.0,0.0,0.0,0.0
2025-12-03 06:00:00,0.0,22.452,0.0,0.0,0.0,0.0,0.0
2025-12-03 07:00:00,0.0,25.92325,0.0,0.0,0.0,0.0,0.0
2025-12-03 08:00:00,0.0,29.4335,0.0,0.0,0.0,0.0,0.0
2025-12-03 09:00:00,0.0,33.06175,0.0,0.0,0.0,0.0,0.0
2025-12-03 10:00:00,0.0,35.8985,0.0,0.0,0.0,0.0,0.0
2025-12-03 11:00:00,0.0,36.15475,0.0,0.0,0.0,0.0,0.0
2025-12-03 12:00:00,0.0,36.517,0.0,0.0,0.0,0.0,0.0
2025-12-03 13:00:00,0.0,36.84475,0.0,0.0,0.0,0.0,0.0
2025-12-03 14:00:00,0.0,36.45625,0.0,0.0,0.0,0.0,0.0
2025-12-03 15:00:00,0.0,36.36575,0.0,0.0,0.0,0.0,0.0
2025-12-03 16:00:00,0.0,36.11425,0.0,0.0,0.0,0.0,0.0
2025-12-03 17:00:00,0.0,35.1955,0.0,0.0,0.0,0.0,0.0
2025-12-03 18:00:00,0.0,34.225,0.0,0.0,0.0,0.0,0.0
2025-12-03 19:00:00,0.0,33.67175,0.0,0.0,0.0,0.0,0.0
2025-12-03 20:00:00,0.0,31.6655,0.0,0.0,0.0,0.0,0.0
2025-12-03 21:00:00,0.0,31.135,0.0,0.0,0.0,0.0,0.0
2025-12-03 22:00:00,0.0,32.66875,0.0,0.0,0.0,0.0,0.0
2025-12-03 23:00:00,0.0,33.282,0.0,0.0,0.0,0.0,0.0
2025-12-04 00:00:00,0.0,29.403,0.0,0.0,0.0,0.0,0.0
2025-12-04 01:00:00,0.0,25.071,0.0,0.0,0.0,0.0,0.0
2025-12-04 02:00:00,0.0,23.02475,0.0,0.0,0.0,0.0,0.0
2025-12-04 03:00:00,0.0,21.49125,0.0,0.0,0.0,0.0,0.0
2025-12-04 04:00:00,0.0,20.83175,0.0,0.0,0.0,0.0,0.0
2025-12-04 05:00:00,0.0,19.13225,0.0,0.0,0.0,0.0,0.0
2025-12-04 06:00:00,0.0,20.841,0.0,0.0,0.0,0.0,0.0
2025-12-04 07:00:00,0.0,25.51425,0.0,0.0,0.0,0.0,0.0
2025-12-04 08:00:00,0.0,29.38975,0.0,0.0,0.0,0.0,0.0
2025-12-04 09:00:00,0.0,32.471,0.0,0.0,0.0,0.0,0.0
2025-12-04 10:00:00,0.0,34.10275,0.0,0.0,0.0,0.0,0.0
2025-12-04 11:00:00,0.0,35.409,0.0,0.0,0.0,0.0,0.0
2025-12-04 12:00:00,0.0,36.068,0.0,0.0,0.0,0.0,0.0
2025-12-04 13:00:00,0.0,36.294,0.0,0.0,0.0,0.0,0.0
2025-12-04 14:00:00,0.0,35.66825,0.0,0.0,0.0,0.0,0.0
2025-12-04 15:00:00,0.0,35.8715,0.0,0.0,0.0,0.0,0.0
2025-12-04 16:00:00,0.0,35.47925,0.0,0.0,0.0,0.0,0.0
2025-12-04 17:00:00,0.0,34.8045,0.0,0.0,0.0,0.0,0.0
2025-12-04 18:00:00,0.0,34.136,0.0,0.0,0.0,0.0,0.0
2025-12-04 19:00:00,0.0,33.438,0.0,0.0,0.0,0.0,0.0
2025-12-04 20:00:00,0.0,33.0165,0.0,0.0,0.0,0.0,0.0
2025-12-04 21:00:00,0.0,32.63625,0.0,0.0,0.0,0.0,0.0
2025-12-04 22:00:00,0.0,33.86025,0.0,0.0,0.0,0.0,0.0
2025-12-04 23:00:00,0.0,33.65425,0.0,0.0,0.0,0.0,0.0
2025-12-05 00:00:00,0.0,30.03875,0.0,0.0,0.0,0.0,0.0
2025-12-05 01:00:00,0.0,26.83125,0.0,0.0,0.0,0.0,0.0
2025-12-05 02:00:00,0.0,24.29175,0.0,0.0,0.0,0.0,0.0
2025-12-05 03:00:00,0.0,22.91725,0.0,0.0,0.0,0.0,0.0
2025-12-05 04:00:00,0.0,21.9,0.0,0.0,0.0,0.0,0.0
2025-12-05 05:00:00,0.0,21.48675,0.0,0.0,0.0,0.0,0.0
2025-12-05 06:00:00,0.0,21.96425,0.0,0.0,0.0,0.0,0.0
2025-12-05 07:00:00,0.0,26.37575,0.0,0.0,0.0,0.0,0.0
2025-12-05 08:00:00,0.0,30.2455,0.0,0.0,0.0,0.0,0.0
2025-12-05 09:00:00,0.0,34.1645,0.0,0.0,0.0,0.0,0.0
2025-12-05 10:00:00,0.0,36.4025,0.0,0.0,0.0,0.0,0.0
2025-12-05 11:00:00,0.0,37.73775,0.0,0.0,0.0,0.0,0.0
2025-12-05 12:00:00,0.0,37.5395,0.0,0.0,0.0,0.0,0.0
2025-12-05 13:00:00,0.0,37.38825,0.0,0.0,0.0,0.0,0.0
2025-12-05 14:00:00,0.0,37.14,0.0,0.0,0.0,0.0,0.0
2025-12-05 15:00:00,0.0,37.4035,0.0,0.0,0.0,0.0,0.0
2025-12-05 16:00:00,0.0,36.7705,0.0,0.0,0.0,0.0,0.0
2025-12-05 17:00:00,0.0,35.82175,0.0,0.0,0.0,0.0,0.0
2025-12-05 18:00:00,0.0,34.854,0.0,0.0,0.0,0.0,0.0
2025-12-05 19:00:00,0.0,34.30975,0.0,0.0,0.0,0.0,0.0
2025-12-05 20:00:00,0.0,33.80425,0.0,0.0,0.0,0.0,0.0
2025-12-05 21:00:00,0.0,33.3215,0.0,0.0,0.0,0.0,0.0
2025-12-05 22:00:00,0.0,34.3805,0.0,0.0,0.0,0.0,0.0
2025-12-05 23:00:00,0.0,33.65625,0.0,0.0,0.0,0.0,0.0
2025-12-06 00:00:00,0.0,29.75675,0.0,0.0,0.0,0.0,0.0
2025-12-06 01:00:00,0.0,26.331,0.0,0.0,0.0,0.0,0.0
2025-12-06 02:00:00,0.0,24.01825,0.0,0.0,0.0,0.0,0.0
2025-12-06 03:00:00,0.0,23.32375,0.0,0.0,0.0,0.0,0.0
2025-12-06 04:00:00,0.0,22.40625,0.0,0.0,0.0,0.0,0.0
2025-12-06 05:00:00,0.0,21.15175,0.0,0.0,0.0,0.0,0.0
2025-12-06 06:00:00,0.0,21.52675,0.0,0.0,0.0,0.0,0.0
2025-12-06 07:00:00,0.0,25.26425,0.0,0.0,0.0,0.0,0.0
2025-12-06 08:00:00,0.0,28.861,0.0,0.0,0.0,0.0,0.0
2025-12-06 09:00:00,0.0,33.974,0.0,0.0,0.0,0.0,0.0
2025-12-06 10:00:00,0.0,36.98,0.0,0.0,0.0,0.0,0.0
2025-12-06 11:00:00,0.0,38.14525,0.0,0.0,0.0,0.0,0.0
2025-12-06 12:00:00,0.0,38.40475,0.0,0.0,0.0,0.0,0.0
2025-12-06 13:00:00,0.0,37.9565,0.0,0.0,0.0,0.0,0.0
2025-12-06 14:00:00,0.0,37.1595,0.0,0.0,0.0,0.0,0.0
2025-12-06 15:00:00,0.0,37.264,0.0,0.0,0.0,0.0,0.0
2025-12-06 16:00:00,0.0,36.90075,0.0,0.0,0.0,0.0,0.0
2025-12-06 17:00:00,0.0,35.63675,0.0,0.0,0.0,0.0,0.0
2025-12-06 18:00:00,0.0,35.5705,0.0,0.0,0.0,0.0,0.0
2025-12-06 19:00:00,0.0,34.887,0.0,0.0,0.0,0.0,0.0
2025-12-06 20:00:00,0.0,34.2985,0.0,0.0,0.0,0.0,0.0
2025-12-06 21:00:00,0.0,33.5265,0.0,0.0,0.0,0.0,0.0
2025-12-06 22:00:00,0.0,34.56925,0.0,0.0,0.0,0.0,0.0
2025-12-06 23:00:00,0.0,35.0705,0.0,0.0,0.0,0.0,0.0
2025-12-07 00:00:00,0.0,30.4925,0.0,0.0,0.0,0.0,0.0
2025-12-07 01:00:00,0.0,27.4785,0.0,0.0,0.0,0.0,0.0
2025-12-07 02:00:00,0.0,24.648,0.0,0.0,0.0,0.0,0.0
2025-12-07 03:00:00,0.0,23.0215,0.0,0.0,0.0,0.0,0.0
2025-12-07 04:00:00,0.0,22.0715,0.0,0.0,0.0,0.0,0.0
2025-12-07 05:00:00,0.0,20.23775,0.0,0.0,0.0,0.0,0.0
2025-12-07 06:00:00,0.0,19.6425,0.0,0.0,0.0,0.0,0.0
2025-12-07 07:00:00,0.0,20.82275,0.0,0.0,0.0,0.0,0.0
2025-12-07 08:00:00,0.0,23.327,0.0,0.0,0.0,0.0,0.0
2025-12-07 09:00:00,0.0,27.0985,0.0,0.0,0.0,0.0,0.0
2025-12-07 10:00:00,0.0,29.7325,0.0,0.0,0.0,0.0,0.0
2025-12-07 11:00:00,0.0,31.7095,0.0,0.0,0.0,0.0,0.0
2025-12-07 12:00:00,0.0,31.84475,0.0,0.0,0.0,0.0,0.0
2025-12-07 13:00:00,0.0,32.692,0.0,0.0,0.0,0.0,0.0
2025-12-07 14:00:00,0.0,31.96125,0.0,0.0,0.0,0.0,0.0
2025-12-07 15:00:00,0.0,31.0215,0.0,0.0,0.0,0.0,0.0
2025-12-07 16:00:00,0.0,30.35275,0.0,0.0,0.0,0.0,0.0
2025-12-07 17:00:00,0.0,29.52275,0.0,0.0,0.0,0.0,0.0
2025-12-07 18:00:00,0.0,29.14,0.0,0.0,0.0,0.0,0.0
2025-12-07 19:00:00,0.0,29.27575,0.0,0.0,0.0,0.0,0.0
2025-12-07 20:00:00,0.0,29.84975,0.0,0.0,0.0,0.0,0.0
2025-12-07 21:00:00,0.0,29.65475,0.0,0.0,0.0,0.0,0.0
2025-12-07 22:00:00,0.0,30.9365,0.0,0.0,0.0,0.0,0.0
2025-12-07 23:00:00,0.0,31.05,0.0,0.0,0.0,0.0,0.0
2025-12-08 00:00:00,0.0,28.6105,0.0,0.0,0.0,0.0,0.0
2025-12-08 01:00:00,0.0,25.86075,0.0,0.0,0.0,0.0,0.0
2025-12-08 02:00:00,0.0,23.5885,0.0,0.0,0.0,0.0,0.0
2025-12-08 03:00:00,0.0,22.2855,0.0,0.0,0.0,0.0,0.0
2025-12-08 04:00:00,0.0,20.55975,0.0,0.0,0.0,0.0,0.0
2025-12-08 05:00:00,0.0,18.6425,0.0,0.0,0.0,0.0,0.0
2025-12-08 06:00:00,0.0,18.02675,0.0,0.0,0.0,0.0,0.0
2025-12-08 07:00:00,0.0,18.245,0.0,0.0,0.0,0.0,0.0
2025-12-08 08:00:00,0.0,19.284,0.0,0.0,0.0,0.0,0.0
2025-12-08 09:00:00,0.0,21.61525,0.0,0.0,0.0,0.0,0.0
2025-12-08 10:00:00,0.0,24.124,0.0,0.0,0.0,0.0,0.0
2025-12-08 11:00:00,0.0,26.76425,0.0,0.0,0.0,0.0,0.0
2025-12-08 12:00:00,0.0,28.09725,0.0,0.0,0.0,0.0,0.0
2025-12-08 13:00:00,0.0,29.13975,0.0,0.0,0.0,0.0,0.0
2025-12-08 14:00:00,0.0,29.547,0.0,0.0,0.0,0.0,0.0
2025-12-08 15:00:00,0.0,30.0695,0.0,0.0,0.0,0.0,0.0
2025-12-08 16:00:00,0.0,29.4535,0.0,0.0,0.0,0.0,0.0
2025-12-08 17:00:00,0.0,29.40225,0.0,0.0,0.0,0.0,0.0
2025-12-08 18:00:00,0.0,29.72175,0.0,0.0,0.0,0.0,0.0
2025-12-08 19:00:00,0.0,30.7495,0.0,0.0,0.0,0.0,0.0
2025-12-08 20:00:00,0.0,31.475,0.0,0.0,0.0,0.0,0.0
2025-12-08 21:00:00,0.0,32.17225,0.0,0.0,0.0,0.0,0.0
2025-12-08 22:00:00,0.0,33.1595,0.0,0.0,0.0,0.0,0.0
2025-12-08 23:00:00,0.0,31.982,0.0,0.0,0.0,0.0,0.0
2025-12-09 00:00:00,0.0,28.0185,0.0,0.0,0.0,0.0,0.0
2025-12-09 01:00:00,0.0,24.522,0.0,0.0,0.0,0.0,0.0
2025-12-09 02:00:00,0.0,22.16825,0.0,0.0,0.0,0.0,0.0
2025-12-09 03:00:00,0.0,21.48725,0.0,0.0,0.0,0.0,0.0
2025-12-09 04:00:00,0.0,20.9565,0.0,0.0,0.0,0.0,0.0
2025-12-09 05:00:00,0.0,21.1825,0.0,0.0,0.0,0.0,0.0
2025-12-09 06:00:00,0.0,21.604,0.0,0.0,0.0,0.0,0.0
2025-12-09 07:00:00,0.0,26.03375,0.0,0.0,0.0,0.0,0.0
2025-12-09 08:00:00,0.0,30.0055,0.0,0.0,0.0,0.0,0.0
2025-12-09 09:00:00,0.0,35.129,0.0,0.0,0.0,0.0,0.0
2025-12-09 10:00:00,0.0,37.42525,0.0,0.0,0.0,0.0,0.0
2025-12-09 11:00:00,0.0,38.712,0.0,0.0,0.0,0.0,0.0
2025-12-09 12:00:00,0.0,38.92625,0.0,0.0,0.0,0.0,0.0
2025-12-09 13:00:00,0.0,39.06475,0.0,0.0,0.0,0.0,0.0
2025-12-09 14:00:00,0.0,37.63275,0.0,0.0,0.0,0.0,0.0
2025-12-09 15:00:00,0.0,37.55625,0.0,0.0,0.0,0.0,0.0
2025-12-09 16:00:00,0.0,37.49275,0.0,0.0,0.0,0.0,0.0
2025-12-09 17:00:00,0.0,36.84425,0.0,0.0,0.0,0.0,0.0
2025-12-09 18:00:00,0.0,34.3155,0.0,0.0,0.0,0.0,0.0
2025-12-09 19:00:00,0.0,33.79125,0.0,0.0,0.0,0.0,0.0
2025-12-09 20:00:00,0.0,33.263,0.0,0.0,0.0,0.0,0.0
2025-12-09 21:00:00,0.0,32.553,0.0,0.0,0.0,0.0,0.0
2025-12-09 22:00:00,0.0,33.50225,0.0,0.0,0.0,0.0,0.0
2025-12-09 23:00:00,0.0,33.3045,0.0,0.0,0.0,0.0,0.0
2025-12-10 00:00:00,0.0,29.18225,0.0,0.0,0.0,0.0,0.0
2025-12-10 01:00:00,0.0,25.98675,0.0,0.0,0.0,0.0,0.0
2025-12-10 02:00:00,0.0,23.38675,0.0,0.0,0.0,0.0,0.0
2025-12-10 03:00:00,0.0,22.0405,0.0,0.0,0.0,0.0,0.0
2025-12-10 04:00:00,0.0,21.7195,0.0,0.0,0.0,0.0,0.0
2025-12-10 05:00:00,0.0,20.65275,0.0,0.0,0.0,0.0,0.0
2025-12-10 06:00:00,0.0,21.2635,0.0,0.0,0.0,0.0,0.0
2025-12-10 07:00:00,0.0,24.9005,0.0,0.0,0.0,0.0,0.0
2025-12-10 08:00:00,0.0,28.14175,0.0,0.0,0.0,0.0,0.0
2025-12-10 09:00:00,0.0,31.635,0.0,0.0,0.0,0.0,0.0
2025-12-10 10:00:00,0.0,33.529,0.0,0.0,0.0,0.0,0.0
2025-12-10 11:00:00,0.0,34.44975,0.0,0.0,0.0,0.0,0.0
2025-12-10 12:00:00,0.0,34.9835,0.0,0.0,0.0,0.0,0.0
2025-12-10 13:00:00,0.0,35.5135,0.0,0.0,0.0,0.0,0.0
2025-12-10 14:00:00,0.0,35.458,0.0,0.0,0.0,0.0,0.0
2025-12-10 15:00:00,0.0,35.19775,0.0,0.0,0.0,0.0,0.0
2025-12-10 16:00:00,0.0,34.64775,0.0,0.0,0.0,0.0,0.0
2025-12-10 17:00:00,0.0,33.7865,0.0,0.0,0.0,0.0,0.0
2025-12-10 18:00:00,0.0,32.67575,0.0,0.0,0.0,0.0,0.0
2025-12-10 19:00:00,0.0,32.938,0.0,0.0,0.0,0.0,0.0
2025-12-10 20:00:00,0.0,32.71875,0.0,0.0,0.0,0.0,0.0
2025-12-10 21:00:00,0.0,32.59325,0.0,0.0,0.0,0.0,0.0
2025-12-10 22:00:00,0.0,33.901,0.0,0.0,0.0,0.0,0.0
2025-12-10 23:00:00,0.0,33.47125,0.0,0.0,0.0,0.0,0.0
2025-12-11 00:00:00,0.0,29.70975,0.0,0.0,0.0,0.0,0.0
2025-12-11 01:00:00,0.0,25.961,0.0,0.0,0.0,0.0,0.0
2025-12-11 02:00:00,0.0,23.89,0.0,0.0,0.0,0.0,0.0
2025-12-11 03:00:00,0.0,22.96575,0.0,0.0,0.0,0.0,0.0
2025-12-11 04:00:00,0.0,22.14175,0.0,0.0,0.0,0.0,0.0
2025-12-11 05:00:00,0.0,21.22975,0.0,0.0,0.0,0.0,0.0
2025-12-11 06:00:00,0.0,21.80925,0.0,0.0,0.0,0.0,0.0
2025-12-11 07:00:00,0.0,25.7615,0.0,0.0,0.0,0.0,0.0
2025-12-11 08:00:00,0.0,30.51475,0.0,0.0,0.0,0.0,0.0
2025-12-11 09:00:00,0.0,35.47975,0.0,0.0,0.0,0.0,0.0
2025-12-11 10:00:00,0.0,36.9305,0.0,0.0,0.0,0.0,0.0
2025-12-11 11:00:00,0.0,38.63075,0.0,0.0,0.0,0.0,0.0
2025-12-11 12:00:00,0.0,39.1885,0.0,0.0,0.0,0.0,0.0
2025-12-11 13:00:00,0.0,39.2385,0.0,0.0,0.0,0.0,0.0
2025-12-11 14:00:00,0.0,37.88675,0.0,0.0,0.0,0.0,0.0
2025-12-11 15:00:00,0.0,37.38825,0.0,0.0,0.0,0.0,0.0
2025-12-11 16:00:00,0.0,37.1885,0.0,0.0,0.0,0.0,0.0
2025-12-11 17:00:00,0.0,36.18675,0.0,0.0,0.0,0.0,0.0
2025-12-11 18:00:00,0.0,33.71,0.0,0.0,0.0,0.0,0.0
2025-12-11 19:00:00,0.0,32.8235,0.0,0.0,0.0,0.0,0.0
2025-12-11 20:00:00,0.0,32.27525,0.0,0.0,0.0,0.0,0.0
2025-12-11 21:00:00,0.0,31.535,0.0,0.0,0.0,0.0,0.0
2025-12-11 22:00:00,0.0,32.974,0.0,0.0,0.0,0.0,0.0
2025-12-11 23:00:00,0.0,33.2955,0.0,0.0,0.0,0.0,0.0
2025-12-12 00:00:00,0.0,29.60925,0.0,0.0,0.0,0.0,0.0
2025-12-12 01:00:00,0.0,26.356,0.0,0.0,0.0,0.0,0.0
2025-12-12 02:00:00,0.0,23.652,0.0,0.0,0.0,0.0,0.0
2025-12-12 03:00:00,0.0,22.5715,0.0,0.0,0.0,0.0,0.0
2025-12-12 04:00:00,0.0,21.269,0.0,0.0,0.0,0.0,0.0
2025-12-12 05:00:00,0.0,20.59425,0.0,0.0,0.0,0.0,0.0
2025-12-12 06:00:00,0.0,20.492,0.0,0.0,0.0,0.0,0.0
2025-12-12 07:00:00,0.0,24.3335,0.0,0.0,0.0,0.0,0.0
2025-12-12 08:00:00,0.0,28.74,0.0,0.0,0.0,0.0,0.0
2025-12-12 09:00:00,0.0,32.215,0.0,0.0,0.0,0.0,0.0
2025-12-12 10:00:00,0.0,33.3475,0.0,0.0,0.0,0.0,0.0
2025-12-12 11:00:00,0.0,34.1935,0.0,0.0,0.0,0.0,0.0
2025-12-12 12:00:00,0.0,34.98025,0.0,0.0,0.0,0.0,0.0
2025-12-12 13:00:00,0.0,35.4865,0.0,0.0,0.0,0.0,0.0
2025-12-12 14:00:00,0.0,35.20975,0.0,0.0,0.0,0.0,0.0
2025-12-12 15:00:00,0.0,34.59675,0.0,0.0,0.0,0.0,0.0
2025-12-12 16:00:00,0.0,33.9795,0.0,0.0,0.0,0.0,0.0
2025-12-12 17:00:00,0.0,33.18425,0.0,0.0,0.0,0.0,0.0
2025-12-12 18:00:00,0.0,32.20681214141846,0.0,0.0,0.0,0.0,0.0
2025-12-12 19:00:00,0.0,31.35665026092529,0.0,0.0,0.0,0.0,0.0
2025-12-12 20:00:00,0.0,31.50396240234375,0.0,0.0,0.0,0.0,0.0
2025-12-12 21:00:00,0.0,31.82185205078125,0.0,0.0,0.0,0.0,0.0
2025-12-12 22:00:00,0.0,32.48897216796875,0.0,0.0,0.0,0.0,0.0
2025-12-12 23:00:00,0.0,31.807626953125,0.0,0.0,0.0,0.0,0.0
2025-12-13 00:00:00,0.0,27.82957421875,0.0,0.0,0.0,0.0,0.0
2025-12-13 01:00:00,0.0,24.26246484375,0.0,0.0,0.0,0.0,0.0
2025-12-13 02:00:00,0.0,22.2589384765625,0.0,0.0,0.0,0.0,0.0
2025-12-13 03:00:00,0.0,21.244212890625,0.0,0.0,0.0,0.0,0.0
2025-12-13 04:00:00,0.0,20.970572265625,0.0,0.0,0.0,0.0,0.0
2025-12-13 05:00:00,0.0,19.89153125,0.0,0.0,0.0,0.0,0.0
2025-12-13 06:00:00,0.0,20.397837890625,0.0,0.0,0.0,0.0,0.0
2025-12-13 07:00:00,0.0,24.366365234375,0.0,0.0,0.0,0.0,0.0
2025-12-13 08:00:00,0.0,28.86426171875,0.0,0.0,0.0,0.0,0.0
2025-12-13 09:00:00,0.0,34.407587890625,0.0,0.0,0.0,0.0,0.0
2025-12-13 10:00:00,0.0,36.10490234375,0.0,0.0,0.0,0.0,0.0
2025-12-13 11:00:00,0.0,37.6057265625,0.0,0.0,0.0,0.0,0.0
2025-12-13 12:00:00,0.0,37.629296875,0.0,0.0,0.0,0.0,0.0
2025-12-13 13:00:00,0.0,37.3461640625,0.0,0.0,0.0,0.0,0.0
2025-12-13 14:00:00,0.0,36.1091953125,0.0,0.0,0.0,0.0,0.0
2025-12-13 15:00:00,0.0,35.504171875,0.0,0.0,0.0,0.0,0.0
2025-12-13 16:00:00,0.0,34.3257890625,0.0,0.0,0.0,0.0,0.0
2025-12-13 17:00:00,0.0,33.114578125,0.0,0.0,0.0,0.0,0.0
2025-12-13 18:00:00,0.0,32.4658203125,0.0,0.0,0.0,0.0,0.0
2025-12-13 19:00:00,0.0,31.101328125,0.0,0.0,0.0,0.0,0.0
2025-12-13 20:00:00,0.0,29.8083984375,0.0,0.0,0.0,0.0,0.0
2025-12-13 21:00:00,0.0,30.39908984375,0.0,0.0,0.0,0.0,0.0
2025-12-13 22:00:00,0.0,31.6260703125,0.0,0.0,0.0,0.0,0.0
2025-12-13 23:00:00,0.0,32.1904921875,0.0,0.0,0.0,0.0,0.0
2025-12-14 00:00:00,0.0,29.2716953125,0.0,0.0,0.0,0.0,0.0
2025-12-14 01:00:00,0.0,26.10265625,0.0,0.0,0.0,0.0,0.0
2025-12-14 02:00:00,0.0,23.71218359375,0.0,0.0,0.0,0.0,0.0
2025-12-14 03:00:00,0.0,23.7069140625,0.0,0.0,0.0,0.0,0.0
2025-12-14 04:00:00,0.0,23.0113828125,0.0,0.0,0.0,0.0,0.0
2025-12-14 05:00:00,0.0,21.729015625,0.0,0.0,0.0,0.0,0.0
2025-12-14 06:00:00,0.0,20.47746875,0.0,0.0,0.0,0.0,0.0
2025-12-14 07:00:00,0.0,23.2453984375,0.0,0.0,0.0,0.0,0.0
2025-12-14 08:00:00,0.0,25.04396875,0.0,0.0,0.0,0.0,0.0
2025-12-14 09:00:00,0.0,29.2568828125,0.0,0.0,0.0,0.0,0.0
2025-12-14 10:00:00,0.0,31.9140234375,0.0,0.0,0.0,0.0,0.0
2025-12-14 11:00:00,0.0,32.7468359375,0.0,0.0,0.0,0.0,0.0
2025-12-14 12:00:00,0.0,33.8154296875,0.0,0.0,0.0,0.0,0.0
2025-12-14 13:00:00,0.0,35.175109375,0.0,0.0,0.0,0.0,0.0
2025-12-14 14:00:00,0.0,34.0545390625,0.0,0.0,0.0,0.0,0.0
2025-12-14 15:00:00,0.0,32.2748359375,0.0,0.0,0.0,0.0,0.0
2025-12-14 16:00:00,0.0,30.8270546875,0.0,0.0,0.0,0.0,0.0
2025-12-14 17:00:00,0.0,30.27940625,0.0,0.0,0.0,0.0,0.0
2025-12-14 18:00:00,0.0,30.5590703125,0.0,0.0,0.0,0.0,0.0
2025-12-14 19:00:00,0.0,30.240640625,0.0,0.0,0.0,0.0,0.0
2025-12-14 20:00:00,0.0,29.989125,0.0,0.0,0.0,0.0,0.0
2025-12-14 21:00:00,0.0,29.3301953125,0.0,0.0,0.0,0.0,0.0
2025-12-14 22:00:00,0.0,31.482328125,0.0,0.0,0.0,0.0,0.0
2025-12-14 23:00:00,0.0,31.5655859375,0.0,0.0,0.0,0.0,0.0
2025-12-15 00:00:00,0.0,30.08390625,0.0,0.0,0.0,0.0,0.0
2025-12-15 01:00:00,0.0,26.3084140625,0.0,0.0,0.0,0.0,0.0
2025-12-15 02:00:00,0.0,23.2842421875,0.0,0.0,0.0,0.0,0.0
2025-12-15 03:00:00,0.0,21.92584375,0.0,0.0,0.0,0.0,0.0
2025-12-15 04:00:00,0.0,20.712375,0.0,0.0,0.0,0.0,0.0
2025-12-15 05:00:00,0.0,20.18971875,0.0,0.0,0.0,0.0,0.0
2025-12-15 06:00:00,0.0,18.8171328125,0.0,0.0,0.0,0.0,0.0
2025-12-15 07:00:00,0.0,18.9868203125,0.0,0.0,0.0,0.0,0.0
2025-12-15 08:00:00,0.0,19.6473515625,0.0,0.0,0.0,0.0,0.0
2025-12-15 09:00:00,0.0,20.963734375,0.0,0.0,0.0,0.0,0.0
2025-12-15 10:00:00,0.0,23.8348046875,0.0,0.0,0.0,0.0,0.0
2025-12-15 11:00:00,0.0,26.2326328125,0.0,0.0,0.0,0.0,0.0
2025-12-15 12:00:00,0.0,28.032828125,0.0,0.0,0.0,0.0,0.0
2025-12-15 13:00:00,0.0,29.377078125,0.0,0.0,0.0,0.0,0.0
2025-12-15 14:00:00,0.0,29.307453125,0.0,0.0,0.0,0.0,0.0
2025-12-15 15:00:00,0.0,28.78190625,0.0,0.0,0.0,0.0,0.0
2025-12-15 16:00:00,0.0,28.02540625,0.0,0.0,0.0,0.0,0.0
2025-12-15 17:00:00,0.0,27.784734375,0.0,0.0,0.0,0.0,0.0
2025-12-15 18:00:00,0.0,27.693015625,0.0,0.0,0.0,0.0,0.0
2025-12-15 19:00:00,0.0,28.001609375,0.0,0.0,0.0,0.0,0.0
2025-12-15 20:00:00,0.0,28.32853125,0.0,0.0,0.0,0.0,0.0
2025-12-15 21:00:00,0.0,28.6335,0.0,0.0,0.0,0.0,0.0
2025-12-15 22:00:00,0.0,31.44665625,0.0,0.0,0.0,0.0,0.0
2025-12-15 23:00:00,0.0,32.49065625,0.0,0.0,0.0,0.0,0.0
2025-12-16 00:00:00,0.0,29.51984375,0.0,0.0,0.0,0.0,0.0
2025-12-16 01:00:00,0.0,26.12553125,0.0,0.0,0.0,0.0,0.0
2025-12-16 02:00:00,0.0,23.18065625,0.0,0.0,0.0,0.0,0.0
2025-12-16 03:00:00,0.0,21.89178125,0.0,0.0,0.0,0.0,0.0
2025-12-16 04:00:00,0.0,21.4846875,0.0,0.0,0.0,0.0,0.0
2025-12-16 05:00:00,0.0,19.5140625,0.0,0.0,0.0,0.0,0.0
2025-12-16 06:00:00,0.0,19.6345625,0.0,0.0,0.0,0.0,0.0
2025-12-16 07:00:00,0.0,22.897375,0.0,0.0,0.0,0.0,0.0
2025-12-16 08:00:00,0.0,26.423625,0.0,0.0,0.0,0.0,0.0
2025-12-16 09:00:00,0.0,30.41903125,0.0,0.0,0.0,0.0,0.0
2025-12-16 10:00:00,0.0,32.78975,0.0,0.0,0.0,0.0,0.0
2025-12-16 11:00:00,0.0,35.01303125,0.0,0.0,0.0,0.0,0.0
2025-12-16 12:00:00,0.0,35.88878125,0.0,0.0,0.0,0.0,0.0
2025-12-16 13:00:00,0.0,36.666609375,0.0,0.0,0.0,0.0,0.0
2025-12-16 14:00:00,0.0,36.300484375,0.0,0.0,0.0,0.0,0.0
2025-12-16 15:00:00,0.0,36.35446875,0.0,0.0,0.0,0.0,0.0
2025-12-16 16:00:00,0.0,35.9969375,0.0,0.0,0.0,0.0,0.0
2025-12-16 17:00:00,0.0,35.4223125,0.0,0.0,0.0,0.0,0.0
2025-12-16 18:00:00,0.0,34.052875,0.0,0.0,0.0,0.0,0.0
2025-12-16 19:00:00,0.0,33.546921875,0.0,0.0,0.0,0.0,0.0
2025-12-16 20:00:00,0.0,32.973734375,0.0,0.0,0.0,0.0,0.0
2025-12-16 21:00:00,0.0,32.79515625,0.0,0.0,0.0,0.0,0.0
2025-12-16 22:00:00,0.0,33.818859375,0.0,0.0,0.0,0.0,0.0
2025-12-16 23:00:00,0.0,33.170625,0.0,0.0,0.0,0.0,0.0
2025-12-17 00:00:00,0.0,29.578375,0.0,0.0,0.0,0.0,0.0
2025-12-17 01:00:00,0.0,25.910859375,0.0,0.0,0.0,0.0,0.0
2025-12-17 02:00:00,0.0,24.389921875,0.0,0.0,0.0,0.0,0.0
2025-12-17 03:00:00,0.0,23.509640625,0.0,0.0,0.0,0.0,0.0
2025-12-17 04:00:00,0.0,22.640921875,0.0,0.0,0.0,0.0,0.0
2025-12-17 05:00:00,0.0,21.657234375,0.0,0.0,0.0,0.0,0.0
2025-12-17 06:00:00,0.0,22.002015625,0.0,0.0,0.0,0.0,0.0
2025-12-17 07:00:00,0.0,24.579671875,0.0,0.0,0.0,0.0,0.0
2025-12-17 08:00:00,0.0,28.8938125,0.0,0.0,0.0,0.0,0.0
2025-12-17 09:00:00,0.0,31.87903125,0.0,0.0,0.0,0.0,0.0
2025-12-17 10:00:00,0.0,35.019359375,0.0,0.0,0.0,0.0,0.0
2025-12-17 11:00:00,0.0,36.816875,0.0,0.0,0.0,0.0,0.0
2025-12-17 12:00:00,0.0,36.8880625,0.0,0.0,0.0,0.0,0.0
2025-12-17 13:00:00,0.0,36.82171875,0.0,0.0,0.0,0.0,0.0
2025-12-17 14:00:00,0.0,36.14015625,0.0,0.0,0.0,0.0,0.0
2025-12-17 15:00:00,0.0,36.076953125,0.0,0.0,0.0,0.0,0.0
2025-12-17 16:00:00,0.0,35.254265625,0.0,0.0,0.0,0.0,0.0
2025-12-17 17:00:00,0.0,33.525078125,0.0,0.0,0.0,0.0,0.0
2025-12-17 18:00:00,0.0,33.083484375,0.0,0.0,0.0,0.0,0.0
2025-12-17 19:00:00,0.0,32.61071875,0.0,0.0,0.0,0.0,0.0
2025-12-17 20:00:00,0.0,30.98421875,0.0,0.0,0.0,0.0,0.0
2025-12-17 21:00:00,0.0,30.381109375,0.0,0.0,0.0,0.0,0.0
2025-12-17 22:00:00,0.0,31.57840625,0.0,0.0,0.0,0.0,0.0
2025-12-17 23:00:00,0.0,32.0763125,0.0,0.0,0.0,0.0,0.0
2025-12-18 00:00:00,0.0,28.50375,0.0,0.0,0.0,0.0,0.0
2025-12-18 01:00:00,0.0,24.734203125,0.0,0.0,0.0,0.0,0.0
2025-12-18 02:00:00,0.0,22.03040625,0.0,0.0,0.0,0.0,0.0
2025-12-18 03:00:00,0.0,20.80959375,0.0,0.0,0.0,0.0,0.0
2025-12-18 04:00:00,0.0,19.941765625,0.0,0.0,0.0,0.0,0.0
2025-12-18 05:00:00,0.0,18.3645,0.0,0.0,0.0,0.0,0.0
2025-12-18 06:00:00,0.0,19.27515625,0.0,0.0,0.0,0.0,0.0
2025-12-18 07:00:00,0.0,22.8545,0.0,0.0,0.0,0.0,0.0
2025-12-18 08:00:00,0.0,26.993625,0.0,0.0,0.0,0.0,0.0
2025-12-18 09:00:00,0.0,30.99034375,0.0,0.0,0.0,0.0,0.0
2025-12-18 10:00:00,0.0,33.4896875,0.0,0.0,0.0,0.0,0.0
2025-12-18 11:00:00,0.0,34.97625,0.0,0.0,0.0,0.0,0.0
2025-12-18 12:00:00,0.0,37.39290625,0.0,0.0,0.0,0.0,0.0
2025-12-18 13:00:00,0.0,38.01471875,0.0,0.0,0.0,0.0,0.0
2025-12-18 14:00:00,0.0,37.5135625,0.0,0.0,0.0,0.0,0.0
2025-12-18 15:00:00,0.0,37.284125,0.0,0.0,0.0,0.0,0.0
2025-12-18 16:00:00,0.0,37.3133125,0.0,0.0,0.0,0.0,0.0
2025-12-18 17:00:00,0.0,36.46940625,0.0,0.0,0.0,0.0,0.0
2025-12-18 18:00:00,0.0,35.00403125,0.0,0.0,0.0,0.0,0.0
2025-12-18 19:00:00,0.0,34.6946875,0.0,0.0,0.0,0.0,0.0
2025-12-18 20:00:00,0.0,33.403,0.0,0.0,0.0,0.0,0.0
2025-12-18 21:00:00,0.0,31.9286875,0.0,0.0,0.0,0.0,0.0
2025-12-18 22:00:00,0.0,32.29675,0.0,0.0,0.0,0.0,0.0
2025-12-18 23:00:00,0.0,32.37496875,0.0,0.0,0.0,0.0,0.0
2025-12-19 00:00:00,0.0,28.7576875,0.0,0.0,0.0,0.0,0.0
2025-12-19 01:00:00,0.0,25.141,0.0,0.0,0.0,0.0,0.0
2025-12-19 02:00:00,0.0,22.5795625,0.0,0.0,0.0,0.0,0.0
2025-12-19 03:00:00,0.0,21.3699375,0.0,0.0,0.0,0.0,0.0
2025-12-19 04:00:00,0.0,20.790125,0.0,0.0,0.0,0.0,0.0
2025-12-19 05:00:00,0.0,19.6324375,0.0,0.0,0.0,0.0,0.0
2025-12-19 06:00:00,0.0,20.52621875,0.0,0.0,0.0,0.0,0.0
2025-12-19 07:00:00,0.0,23.62725,0.0,0.0,0.0,0.0,0.0
2025-12-19 08:00:00,0.0,27.18546875,0.0,0.0,0.0,0.0,0.0
2025-12-19 09:00:00,0.0,31.13775,0.0,0.0,0.0,0.0,0.0
2025-12-19 10:00:00,0.0,33.4125625,0.0,0.0,0.0,0.0,0.0
2025-12-19 11:00:00,0.0,35.90578125,0.0,0.0,0.0,0.0,0.0
2025-12-19 12:00:00,0.0,36.22421875,0.0,0.0,0.0,0.0,0.0
2025-12-19 13:00:00,0.0,37.1789375,0.0,0.0,0.0,0.0,0.0
2025-12-19 14:00:00,0.0,36.54875,0.0,0.0,0.0,0.0,0.0
2025-12-19 15:00:00,0.0,35.95053125,0.0,0.0,0.0,0.0,0.0
2025-12-19 16:00:00,0.0,35.512625,0.0,0.0,0.0,0.0,0.0
2025-12-19 17:00:00,0.0,34.53125,0.0,0.0,0.0,0.0,0.0
2025-12-19 18:00:00,0.0,33.53096875,0.0,0.0,0.0,0.0,0.0
2025-12-19 19:00:00,0.0,33.2199375,0.0,0.0,0.0,0.0,0.0
2025-12-19 20:00:00,0.0,31.61878125,0.0,0.0,0.0,0.0,0.0
2025-12-19 21:00:00,0.0,31.22965625,0.0,0.0,0.0,0.0,0.0
2025-12-19 22:00:00,0.0,31.9980625,0.0,0.0,0.0,0.0,0.0
2025-12-19 23:00:00,0.0,33.53646875,0.0,0.0,0.0,0.0,0.0
2025-12-20 00:00:00,0.0,30.02396875,0.0,0.0,0.0,0.0,0.0
2025-12-20 01:00:00,0.0,26.32121875,0.0,0.0,0.0,0.0,0.0
2025-12-20 02:00:00,0.0,23.41003125,0.0,0.0,0.0,0.0,0.0
2025-12-20 03:00:00,0.0,22.02465625,0.0,0.0,0.0,0.0,0.0
2025-12-20 04:00:00,0.0,21.25875,0.0,0.0,0.0,0.0,0.0
2025-12-20 05:00:00,0.0,19.64603125,0.0,0.0,0.0,0.0,0.0
2025-12-20 06:00:00,0.0,20.3463125,0.0,0.0,0.0,0.0,0.0
2025-12-20 07:00:00,0.0,23.18165625,0.0,0.0,0.0,0.0,0.0
2025-12-20 08:00:00,0.0,26.642375,0.0,0.0,0.0,0.0,0.0
2025-12-20 09:00:00,0.0,31.1523125,0.0,0.0,0.0,0.0,0.0
2025-12-20 10:00:00,0.0,33.45921875,0.0,0.0,0.0,0.0,0.0
2025-12-20 11:00:00,0.0,34.711625,0.0,0.0,0.0,0.0,0.0
2025-12-20 12:00:00,0.0,35.18940625,0.0,0.0,0.0,0.0,0.0
2025-12-20 13:00:00,0.0,35.4365625,0.0,0.0,0.0,0.0,0.0
2025-12-20 14:00:00,0.0,34.8603125,0.0,0.0,0.0,0.0,0.0
2025-12-20 15:00:00,0.0,34.47740625,0.0,0.0,0.0,0.0,0.0
2025-12-20 16:00:00,0.0,33.72271875,0.0,0.0,0.0,0.0,0.0
2025-12-20 17:00:00,0.0,32.8178125,0.0,0.0,0.0,0.0,0.0
2025-12-20 18:00:00,0.0,34.0435625,0.0,0.0,0.0,0.0,0.0
2025-12-20 19:00:00,0.0,34.28509375,0.0,0.0,0.0,0.0,0.0
2025-12-20 20:00:00,0.0,33.694,0.0,0.0,0.0,0.0,0.0
2025-12-20 21:00:00,0.0,32.9445,0.0,0.0,0.0,0.0,0.0
2025-12-20 22:00:00,0.0,34.29971875,0.0,0.0,0.0,0.0,0.0
2025-12-20 23:00:00,0.0,35.4275,0.0,0.0,0.0,0.0,0.0
2025-12-21 00:00:00,0.0,32.3126875,0.0,0.0,0.0,0.0,0.0
2025-12-21 01:00:00,0.0,28.3314375,0.0,0.0,0.0,0.0,0.0
2025-12-21 02:00:00,0.0,25.4341875,0.0,0.0,0.0,0.0,0.0
2025-12-21 03:00:00,0.0,23.741875,0.0,0.0,0.0,0.0,0.0
2025-12-21 04:00:00,0.0,22.63096875,0.0,0.0,0.0,0.0,0.0
2025-12-21 05:00:00,0.0,21.47540625,0.0,0.0,0.0,0.0,0.0
2025-12-21 06:00:00,0.0,20.0860625,0.0,0.0,0.0,0.0,0.0
2025-12-21 07:00:00,0.0,21.432875,0.0,0.0,0.0,0.0,0.0
2025-12-21 08:00:00,0.0,23.90103125,0.0,0.0,0.0,0.0,0.0
2025-12-21 09:00:00,0.0,27.7650625,0.0,0.0,0.0,0.0,0.0
2025-12-21 10:00:00,0.0,30.69696875,0.0,0.0,0.0,0.0,0.0
2025-12-21 11:00:00,0.0,32.6018125,0.0,0.0,0.0,0.0,0.0
2025-12-21 12:00:00,0.0,32.4664375,0.0,0.0,0.0,0.0,0.0
2025-12-21 13:00:00,0.0,32.91659375,0.0,0.0,0.0,0.0,0.0
2025-12-21 14:00:00,0.0,32.76728125,0.0,0.0,0.0,0.0,0.0
2025-12-21 15:00:00,0.0,31.9784375,0.0,0.0,0.0,0.0,0.0
2025-12-21 16:00:00,0.0,31.33446875,0.0,0.0,0.0,0.0,0.0
2025-12-21 17:00:00,0.0,30.5610625,0.0,0.0,0.0,0.0,0.0
2025-12-21 18:00:00,0.0,30.036,0.0,0.0,0.0,0.0,0.0
2025-12-21 19:00:00,0.0,29.4935,0.0,0.0,0.0,0.0,0.0
2025-12-21 20:00:00,0.0,29.36290625,0.0,0.0,0.0,0.0,0.0
2025-12-21 21:00:00,0.0,30.0768125,0.0,0.0,0.0,0.0,0.0
2025-12-21 22:00:00,0.0,31.65853125,0.0,0.0,0.0,0.0,0.0
2025-12-21 23:00:00,0.0,32.36009375,0.0,0.0,0.0,0.0,0.0
2025-12-22 00:00:00,0.0,30.4853125,0.0,0.0,0.0,0.0,0.0
2025-12-22 01:00:00,0.0,27.856375,0.0,0.0,0.0,0.0,0.0
2025-12-22 02:00:00,0.0,25.20553125,0.0,0.0,0.0,0.0,0.0
2025-12-22 03:00:00,0.0,23.18540625,0.0,0.0,0.0,0.0,0.0
2025-12-22 04:00:00,0.0,21.901,0.0,0.0,0.0,0.0,0.0
2025-12-22 05:00:00,0.0,20.7246875,0.0,0.0,0.0,0.0,0.0
2025-12-22 06:00:00,0.0,19.16775,0.0,0.0,0.0,0.0,0.0
2025-12-22 07:00:00,0.0,19.297125,0.0,0.0,0.0,0.0,0.0
2025-12-22 08:00:00,0.0,20.74253125,0.0,0.0,0.0,0.0,0.0
2025-12-22 09:00:00,0.0,23.5555,0.0,0.0,0.0,0.0,0.0
2025-12-22 10:00:00,0.0,25.96040625,0.0,0.0,0.0,0.0,0.0
2025-12-22 11:00:00,0.0,28.22115625,0.0,0.0,0.0,0.0,0.0
2025-12-22 12:00:00,0.0,29.88909375,0.0,0.0,0.0,0.0,0.0
2025-12-22 13:00:00,0.0,31.33996875,0.0,0.0,0.0,0.0,0.0
2025-12-22 14:00:00,0.0,31.683125,0.0,0.0,0.0,0.0,0.0
2025-12-22 15:00:00,0.0,31.11665625,0.0,0.0,0.0,0.0,0.0
2025-12-22 16:00:00,0.0,30.76303125,0.0,0.0,0.0,0.0,0.0
2025-12-22 17:00:00,0.0,30.58871875,0.0,0.0,0.0,0.0,0.0
2025-12-22 18:00:00,0.0,31.18434375,0.0,0.0,0.0,0.0,0.0
2025-12-22 19:00:00,0.0,31.596,0.0,0.0,0.0,0.0,0.0
2025-12-22 20:00:00,0.0,31.99153125,0.0,0.0,0.0,0.0,0.0
2025-12-22 21:00:00,0.0,32.7970625,0.0,0.0,0.0,0.0,0.0
2025-12-22 22:00:00,0.0,34.41784375,0.0,0.0,0.0,0.0,0.0
2025-12-22 23:00:00,0.0,33.370625,0.0,0.0,0.0,0.0,0.0
2025-12-23 00:00:00,0.0,29.76734375,0.0,0.0,0.0,0.0,0.0
2025-12-23 01:00:00,0.0,25.667875,0.0,0.0,0.0,0.0,0.0
2025-12-23 02:00:00,0.0,22.458625,0.0,0.0,0.0,0.0,0.0
2025-12-23 03:00:00,0.0,21.14878125,0.0,0.0,0.0,0.0,0.0
2025-12-23 04:00:00,0.0,20.27084375,0.0,0.0,0.0,0.0,0.0
2025-12-23 05:00:00,0.0,19.05775,0.0,0.0,0.0,0.0,0.0
2025-12-23 06:00:00,0.0,19.238375,0.0,0.0,0.0,0.0,0.0
2025-12-23 07:00:00,0.0,23.0024375,0.0,0.0,0.0,0.0,0.0
2025-12-23 08:00:00,0.0,27.5039375,0.0,0.0,0.0,0.0,0.0
2025-12-23 09:00:00,0.0,32.60971875,0.0,0.0,0.0,0.0,0.0
2025-12-23 10:00:00,0.0,35.230875,0.0,0.0,0.0,0.0,0.0
2025-12-23 11:00:00,0.0,36.71278125,0.0,0.0,0.0,0.0,0.0
2025-12-23 12:00:00,0.0,37.80065625,0.0,0.0,0.0,0.0,0.0
2025-12-23 13:00:00,0.0,37.19825,0.0,0.0,0.0,0.0,0.0
2025-12-23 14:00:00,0.0,35.75509375,0.0,0.0,0.0,0.0,0.0
2025-12-23 15:00:00,0.0,35.93946875,0.0,0.0,0.0,0.0,0.0
2025-12-23 16:00:00,0.0,35.3555625,0.0,0.0,0.0,0.0,0.0
2025-12-23 17:00:00,0.0,34.368,0.0,0.0,0.0,0.0,0.0
2025-12-23 18:00:00,0.0,34.2584375,0.0,0.0,0.0,0.0,0.0
2025-12-23 19:00:00,0.0,34.6074375,0.0,0.0,0.0,0.0,0.0
2025-12-23 20:00:00,0.0,33.2645,0.0,0.0,0.0,0.0,0.0
2025-12-23 21:00:00,0.0,31.687375,0.0,0.0,0.0,0.0,0.0
2025-12-23 22:00:00,0.0,33.0620625,0.0,0.0,0.0,0.0,0.0
2025-12-23 23:00:00,0.0,33.331,0.0,0.0,0.0,0.0,0.0
2025-12-24 00:00:00,0.0,30.1910625,0.0,0.0,0.0,0.0,0.0
2025-12-24 01:00:00,0.0,26.9369375,0.0,0.0,0.0,0.0,0.0
2025-12-24 02:00:00,0.0,23.896,0.0,0.0,0.0,0.0,0.0
2025-12-24 03:00:00,0.0,22.2489375,0.0,0.0,0.0,0.0,0.0
2025-12-24 04:00:00,0.0,20.858625,0.0,0.0,0.0,0.0,0.0
2025-12-24 05:00:00,0.0,20.4661875,0.0,0.0,0.0,0.0,0.0
2025-12-24 06:00:00,0.0,21.5946875,0.0,0.0,0.0,0.0,0.0
2025-12-24 07:00:00,0.0,24.5248125,0.0,0.0,0.0,0.0,0.0
2025-12-24 08:00:00,0.0,27.6418125,0.0,0.0,0.0,0.0,0.0
2025-12-24 09:00:00,0.0,31.0765,0.0,0.0,0.0,0.0,0.0
2025-12-24 10:00:00,0.0,33.1983125,0.0,0.0,0.0,0.0,0.0
2025-12-24 11:00:00,0.0,34.6413125,0.0,0.0,0.0,0.0,0.0
2025-12-24 12:00:00,0.0,34.6474375,0.0,0.0,0.0,0.0,0.0
2025-12-24 13:00:00,0.0,35.0175625,0.0,0.0,0.0,0.0,0.0
2025-12-24 14:00:00,0.0,35.0505625,0.0,0.0,0.0,0.0,0.0
2025-12-24 15:00:00,0.0,34.5985625,0.0,0.0,0.0,0.0,0.0
2025-12-24 16:00:00,0.0,34.12575,0.0,0.0,0.0,0.0,0.0
2025-12-24 17:00:00,0.0,33.7253125,0.0,0.0,0.0,0.0,0.0
2025-12-24 18:00:00,0.0,32.65625,0.0,0.0,0.0,0.0,0.0
2025-12-24 19:00:00,0.0,31.8231875,0.0,0.0,0.0,0.0,0.0
2025-12-24 20:00:00,0.0,30.659875,0.0,0.0,0.0,0.0,0.0
2025-12-24 21:00:00,0.0,29.1616875,0.0,0.0,0.0,0.0,0.0
2025-12-24 22:00:00,0.0,28.18875,0.0,0.0,0.0,0.0,0.0
2025-12-24 23:00:00,0.0,28.6726875,0.0,0.0,0.0,0.0,0.0
2025-12-25 00:00:00,0.0,27.4136875,0.0,0.0,0.0,0.0,0.0
2025-12-25 01:00:00,0.0,26.859625,0.0,0.0,0.0,0.0,0.0
2025-12-25 02:00:00,0.0,25.0229375,0.0,0.0,0.0,0.0,0.0
2025-12-25 03:00:00,0.0,23.1215625,0.0,0.0,0.0,0.0,0.0
2025-12-25 04:00:00,0.0,21.613625,0.0,0.0,0.0,0.0,0.0
2025-12-25 05:00:00,0.0,20.511375,0.0,0.0,0.0,0.0,0.0
2025-12-25 06:00:00,0.0,18.61075,0.0,0.0,0.0,0.0,0.0
2025-12-25 07:00:00,0.0,18.5364375,0.0,0.0,0.0,0.0,0.0
2025-12-25 08:00:00,0.0,19.4485625,0.0,0.0,0.0,0.0,0.0
2025-12-25 09:00:00,0.0,20.4435625,0.0,0.0,0.0,0.0,0.0
2025-12-25 10:00:00,0.0,22.55225,0.0,0.0,0.0,0.0,0.0
2025-12-25 11:00:00,0.0,23.9965625,0.0,0.0,0.0,0.0,0.0
2025-12-25 12:00:00,0.0,25.414625,0.0,0.0,0.0,0.0,0.0
2025-12-25 13:00:00,0.0,26.7861875,0.0,0.0,0.0,0.0,0.0
2025-12-25 14:00:00,0.0,26.9705,0.0,0.0,0.0,0.0,0.0
2025-12-25 15:00:00,0.0,26.119125,0.0,0.0,0.0,0.0,0.0
2025-12-25 16:00:00,0.0,25.442,0.0,0.0,0.0,0.0,0.0
2025-12-25 17:00:00,0.0,25.3906875,0.0,0.0,0.0,0.0,0.0
2025-12-25 18:00:00,0.0,25.380375,0.0,0.0,0.0,0.0,0.0
2025-12-25 19:00:00,0.0,26.2290625,0.0,0.0,0.0,0.0,0.0
2025-12-25 20:00:00,0.0,26.9920625,0.0,0.0,0.0,0.0,0.0
2025-12-25 21:00:00,0.0,27.434125,0.0,0.0,0.0,0.0,0.0
2025-12-25 22:00:00,0.0,30.3120625,0.0,0.0,0.0,0.0,0.0
2025-12-25 23:00:00,0.0,31.8598125,0.0,0.0,0.0,0.0,0.0
2025-12-26 00:00:00,0.0,29.930625,0.0,0.0,0.0,0.0,0.0
2025-12-26 01:00:00,0.0,26.7895625,0.0,0.0,0.0,0.0,0.0
2025-12-26 02:00:00,0.0,24.498,0.0,0.0,0.0,0.0,0.0
2025-12-26 03:00:00,0.0,23.1344375,0.0,0.0,0.0,0.0,0.0
2025-12-26 04:00:00,0.0,22.380125,0.0,0.0,0.0,0.0,0.0
2025-12-26 05:00:00,0.0,21.971125,0.0,0.0,0.0,0.0,0.0
2025-12-26 06:00:00,0.0,21.7643125,0.0,0.0,0.0,0.0,0.0
2025-12-26 07:00:00,0.0,24.1131875,0.0,0.0,0.0,0.0,0.0
2025-12-26 08:00:00,0.0,27.7000625,0.0,0.0,0.0,0.0,0.0
2025-12-26 09:00:00,0.0,31.0555625,0.0,0.0,0.0,0.0,0.0
2025-12-26 10:00:00,0.0,33.25675,0.0,0.0,0.0,0.0,0.0
2025-12-26 11:00:00,0.0,34.5964375,0.0,0.0,0.0,0.0,0.0
2025-12-26 12:00:00,0.0,35.5605625,0.0,0.0,0.0,0.0,0.0
2025-12-26 13:00:00,0.0,36.8485625,0.0,0.0,0.0,0.0,0.0
2025-12-26 14:00:00,0.0,36.2910625,0.0,0.0,0.0,0.0,0.0
2025-12-26 15:00:00,0.0,34.8391875,0.0,0.0,0.0,0.0,0.0
2025-12-26 16:00:00,0.0,35.6610625,0.0,0.0,0.0,0.0,0.0
2025-12-26 17:00:00,0.0,34.842625,0.0,0.0,0.0,0.0,0.0
2025-12-26 18:00:00,0.0,33.7376875,0.0,0.0,0.0,0.0,0.0
2025-12-26 19:00:00,0.0,34.657375,0.0,0.0,0.0,0.0,0.0
2025-12-26 20:00:00,0.0,34.2005,0.0,0.0,0.0,0.0,0.0
2025-12-26 21:00:00,0.0,34.0309375,0.0,0.0,0.0,0.0,0.0
2025-12-26 22:00:00,0.0,34.6998125,0.0,0.0,0.0,0.0,0.0
2025-12-26 23:00:00,0.0,36.09275,0.0,0.0,0.0,0.0,0.0
2025-12-27 00:00:00,0.0,31.5341875,0.0,0.0,0.0,0.0,0.0
2025-12-27 01:00:00,0.0,27.2514375,0.0,0.0,0.0,0.0,0.0
2025-12-27 02:00:00,0.0,24.523875,0.0,0.0,0.0,0.0,0.0
2025-12-27 03:00:00,0.0,22.6710625,0.0,0.0,0.0,0.0,0.0
2025-12-27 04:00:00,0.0,21.2211875,0.0,0.0,0.0,0.0,0.0
2025-12-27 05:00:00,0.0,19.4918125,0.0,0.0,0.0,0.0,0.0
2025-12-27 06:00:00,0.0,20.67175,0.0,0.0,0.0,0.0,0.0
2025-12-27 07:00:00,0.0,25.4275625,0.0,0.0,0.0,0.0,0.0
2025-12-27 08:00:00,0.0,28.559125,0.0,0.0,0.0,0.0,0.0
2025-12-27 09:00:00,0.0,31.579625,0.0,0.0,0.0,0.0,0.0
2025-12-27 10:00:00,0.0,34.0255,0.0,0.0,0.0,0.0,0.0
2025-12-27 11:00:00,0.0,35.850875,0.0,0.0,0.0,0.0,0.0
2025-12-27 12:00:00,0.0,36.918625,0.0,0.0,0.0,0.0,0.0
2025-12-27 13:00:00,0.0,37.3505,0.0,0.0,0.0,0.0,0.0
2025-12-27 14:00:00,0.0,36.8120625,0.0,0.0,0.0,0.0,0.0
2025-12-27 15:00:00,0.0,37.161,0.0,0.0,0.0,0.0,0.0
2025-12-27 16:00:00,0.0,36.4313125,0.0,0.0,0.0,0.0,0.0
2025-12-27 17:00:00,0.0,35.2011875,0.0,0.0,0.0,0.0,0.0
2025-12-27 18:00:00,0.0,34.4466875,0.0,0.0,0.0,0.0,0.0
2025-12-27 19:00:00,0.0,34.3688125,0.0,0.0,0.0,0.0,0.0
2025-12-27 20:00:00,0.0,34.1265,0.0,0.0,0.0,0.0,0.0
2025-12-27 21:00:00,0.0,33.86825,0.0,0.0,0.0,0.0,0.0
2025-12-27 22:00:00,0.0,33.864875,0.0,0.0,0.0,0.0,0.0
2025-12-27 23:00:00,0.0,34.5735,0.0,0.0,0.0,0.0,0.0
2025-12-28 00:00:00,0.0,30.1230625,0.0,0.0,0.0,0.0,0.0
2025-12-28 01:00:00,0.0,27.035,0.0,0.0,0.0,0.0,0.0
2025-12-28 02:00:00,0.0,25.3268125,0.0,0.0,0.0,0.0,0.0
2025-12-28 03:00:00,0.0,23.53425,0.0,0.0,0.0,0.0,0.0
2025-12-28 04:00:00,0.0,22.289625,0.0,0.0,0.0,0.0,0.0
2025-12-28 05:00:00,0.0,20.4384375,0.0,0.0,0.0,0.0,0.0
2025-12-28 06:00:00,0.0,20.2450625,0.0,0.0,0.0,0.0,0.0
2025-12-28 07:00:00,0.0,23.2429375,0.0,0.0,0.0,0.0,0.0
2025-12-28 08:00:00,0.0,25.02,0.0,0.0,0.0,0.0,0.0
2025-12-28 09:00:00,0.0,28.3538125,0.0,0.0,0.0,0.0,0.0
2025-12-28 10:00:00,0.0,31.268,0.0,0.0,0.0,0.0,0.0
2025-12-28 11:00:00,0.0,33.2183125,0.0,0.0,0.0,0.0,0.0
2025-12-28 12:00:00,0.0,34.2523125,0.0,0.0,0.0,0.0,0.0
2025-12-28 13:00:00,0.0,34.962,0.0,0.0,0.0,0.0,0.0
2025-12-28 14:00:00,0.0,34.658875,0.0,0.0,0.0,0.0,0.0
2025-12-28 15:00:00,0.0,34.186375,0.0,0.0,0.0,0.0,0.0
2025-12-28 16:00:00,0.0,32.47275,0.0,0.0,0.0,0.0,0.0
2025-12-28 17:00:00,0.0,31.3156875,0.0,0.0,0.0,0.0,0.0
2025-12-28 18:00:00,0.0,30.2020625,0.0,0.0,0.0,0.0,0.0
2025-12-28 19:00:00,0.0,29.9675625,0.0,0.0,0.0,0.0,0.0
2025-12-28 20:00:00,0.0,30.24575,0.0,0.0,0.0,0.0,0.0
2025-12-28 21:00:00,0.0,30.0071875,0.0,0.0,0.0,0.0,0.0
2025-12-28 22:00:00,0.0,30.922,0.0,0.0,0.0,0.0,0.0
2025-12-28 23:00:00,0.0,32.59625,0.0,0.0,0.0,0.0,0.0
2025-12-29 00:00:00,0.0,30.684125,0.0,0.0,0.0,0.0,0.0
2025-12-29 01:00:00,0.0,28.2605,0.0,0.0,0.0,0.0,0.0
2025-12-29 02:00:00,0.0,25.6148125,0.0,0.0,0.0,0.0,0.0
2025-12-29 03:00:00,0.0,23.7818125,0.0,0.0,0.0,0.0,0.0
2025-12-29 04:00:00,0.0,22.5966875,0.0,0.0,0.0,0.0,0.0
2025-12-29 05:00:00,0.0,20.4209375,0.0,0.0,0.0,0.0,0.0
2025-12-29 06:00:00,0.0,19.1831875,0.0,0.0,0.0,0.0,0.0
2025-12-29 07:00:00,0.0,19.5375625,0.0,0.0,0.0,0.0,0.0
2025-12-29 08:00:00,0.0,20.860875,0.0,0.0,0.0,0.0,0.0
2025-12-29 09:00:00,0.0,23.1376875,0.0,0.0,0.0,0.0,0.0
2025-12-29 10:00:00,0.0,25.6100625,0.0,0.0,0.0,0.0,0.0
2025-12-29 11:00:00,0.0,28.25275,0.0,0.0,0.0,0.0,0.0
2025-12-29 12:00:00,0.0,29.8291875,0.0,0.0,0.0,0.0,0.0
2025-12-29 13:00:00,0.0,31.409375,0.0,0.0,0.0,0.0,0.0
2025-12-29 14:00:00,0.0,31.5173125,0.0,0.0,0.0,0.0,0.0
2025-12-29 15:00:00,0.0,30.4926875,0.0,0.0,0.0,0.0,0.0
2025-12-29 16:00:00,0.0,29.3699375,0.0,0.0,0.0,0.0,0.0
2025-12-29 17:00:00,0.0,27.8701875,0.0,0.0,0.0,0.0,0.0
2025-12-29 18:00:00,0.0,27.6168125,0.0,0.0,0.0,0.0,0.0
2025-12-29 19:00:00,0.0,27.931875,0.0,0.0,0.0,0.0,0.0
2025-12-29 20:00:00,0.0,28.36575,0.0,0.0,0.0,0.0,0.0
2025-12-29 21:00:00,0.0,29.3431875,0.0,0.0,0.0,0.0,0.0
2025-12-29 22:00:00,0.0,31.1755625,0.0,0.0,0.0,0.0,0.0
2025-12-29 23:00:00,0.0,31.755125,0.0,0.0,0.0,0.0,0.0
2025-12-30 00:00:00,0.0,29.2485625,0.0,0.0,0.0,0.0,0.0
2025-12-30 01:00:00,0.0,25.856625,0.0,0.0,0.0,0.0,0.0
2025-12-30 02:00:00,0.0,23.12075,0.0,0.0,0.0,0.0,0.0
2025-12-30 03:00:00,0.0,21.4581875,0.0,0.0,0.0,0.0,0.0
2025-12-30 04:00:00,0.0,20.208,0.0,0.0,0.0,0.0,0.0
2025-12-30 05:00:00,0.0,20.1998125,0.0,0.0,0.0,0.0,0.0
2025-12-30 06:00:00,0.0,19.8579375,0.0,0.0,0.0,0.0,0.0
2025-12-30 07:00:00,0.0,22.503875,0.0,0.0,0.0,0.0,0.0
2025-12-30 08:00:00,0.0,26.8853125,0.0,0.0,0.0,0.0,0.0
2025-12-30 09:00:00,0.0,32.2794375,0.0,0.0,0.0,0.0,0.0
2025-12-30 10:00:00,0.0,34.528125,0.0,0.0,0.0,0.0,0.0
2025-12-30 11:00:00,0.0,36.5758125,0.0,0.0,0.0,0.0,0.0
2025-12-30 12:00:00,0.0,37.556375,0.0,0.0,0.0,0.0,0.0
2025-12-30 13:00:00,0.0,38.0635,0.0,0.0,0.0,0.0,0.0
2025-12-30 14:00:00,0.0,37.698,0.0,0.0,0.0,0.0,0.0
2025-12-30 15:00:00,0.0,37.7019375,0.0,0.0,0.0,0.0,0.0
2025-12-30 16:00:00,0.0,37.16975,0.0,0.0,0.0,0.0,0.0
2025-12-30 17:00:00,0.0,36.14625,0.0,0.0,0.0,0.0,0.0
2025-12-30 18:00:00,0.0,34.3294375,0.0,0.0,0.0,0.0,0.0
2025-12-30 19:00:00,0.0,34.250875,0.0,0.0,0.0,0.0,0.0
2025-12-30 20:00:00,0.0,33.837125,0.0,0.0,0.0,0.0,0.0
2025-12-30 21:00:00,0.0,33.304375,0.0,0.0,0.0,0.0,0.0
2025-12-30 22:00:00,0.0,34.264,0.0,0.0,0.0,0.0,0.0
2025-12-30 23:00:00,0.0,34.17825,0.0,0.0,0.0,0.0,0.0
2025-12-31 00:00:00,0.0,31.14875,0.0,0.0,0.0,0.0,0.0
2025-12-31 01:00:00,0.0,27.6318125,0.0,0.0,0.0,0.0,0.0
2025-12-31 02:00:00,0.0,24.9803125,0.0,0.0,0.0,0.0,0.0
2025-12-31 03:00:00,0.0,23.0256875,0.0,0.0,0.0,0.0,0.0
2025-12-31 04:00:00,0.0,22.1833125,0.0,0.0,0.0,0.0,0.0
2025-12-31 05:00:00,0.0,21.5241875,0.0,0.0,0.0,0.0,0.0
2025-12-31 06:00:00,0.0,20.7405,0.0,0.0,0.0,0.0,0.0
2025-12-31 07:00:00,0.0,22.787125,0.0,0.0,0.0,0.0,0.0
2025-12-31 08:00:00,0.0,25.8023125,0.0,0.0,0.0,0.0,0.0
2025-12-31 09:00:00,0.0,30.483875,0.0,0.0,0.0,0.0,0.0
2025-12-31 10:00:00,0.0,32.8700625,0.0,0.0,0.0,0.0,0.0
2025-12-31 11:00:00,0.0,34.2835,0.0,0.0,0.0,0.0,0.0
2025-12-31 12:00:00,0.0,34.20575,0.0,0.0,0.0,0.0,0.0
2025-12-31 13:00:00,0.0,34.556,0.0,0.0,0.0,0.0,0.0
2025-12-31 14:00:00,0.0,34.160875,0.0,0.0,0.0,0.0,0.0
2025-12-31 15:00:00,0.0,33.6479375,0.0,0.0,0.0,0.0,0.0
2025-12-31 16:00:00,0.0,32.6144375,0.0,0.0,0.0,0.0,0.0
2025-12-31 17:00:00,0.0,32.3926875,0.0,0.0,0.0,0.0,0.0
2025-12-31 18:00:00,0.0,32.5223125,0.0,0.0,0.0,0.0,0.0
2025-12-31 19:00:00,0.0,31.7260625,0.0,0.0,0.0,0.0,0.0
2025-12-31 20:00:00,0.0,30.883,0.0,0.0,0.0,0.0,0.0
2025-12-31 21:00:00,0.0,30.096875,0.0,0.0,0.0,0.0,0.0
2025-12-31 22:00:00,0.0,29.5541875,0.0,0.0,0.0,0.0,0.0
2025-12-31 23:00:00,0.0,29.8504375,0.0,0.0,0.0,0.0,0.0
