snapshot,link_punta_arenas_1_to_punta_arenas_2,link_punta_arenas_2_to_punta_arenas_1,h2_electrolyzer_punta_arenas_2,h2_fuel_cell_punta_arenas_2,h2_turbine_punta_arenas_2,uhs_injection_punta_arenas_2,uhs_withdrawal_punta_arenas_2
2050-01-01 00:00:00,964.127417173089,1000.0,0.0,0.0,0.0,0.0,0.0
2050-01-01 01:00:00,0.0,36.28258988462335,0.0,0.0,0.0,0.0,0.0
2050-01-01 02:00:00,0.0,36.10847267473923,0.0,0.0,0.0,0.0,0.0
2050-01-01 03:00:00,0.0,36.481727953786276,0.0,0.0,0.0,0.0,0.0
2050-01-01 04:00:00,0.0,35.48380105129081,0.0,0.0,0.0,0.0,0.0
2050-01-01 05:00:00,0.0,34.93228072335023,0.0,0.0,0.0,0.0,0.0
2050-01-01 06:00:00,0.0,34.4642307825186,0.0,0.0,0.0,0.0,0.0
2050-01-01 07:00:00,0.0,33.435866074778914,0.0,0.0,0.0,0.0,0.0
2050-01-01 08:00:00,0.0,32.15358502914091,0.0,0.0,0.0,0.0,0.0
2050-01-01 09:00:00,0.0,30.620946955486033,0.0,0.0,0.0,0.0,0.0
2050-01-01 10:00:00,0.0,29.62835428415997,0.0,0.0,0.0,0.0,0.0
2050-01-01 11:00:00,0.0,28.97566855776813,0.0,0.0,0.0,0.0,0.0
2050-01-01 12:00:00,0.0,28.861758040404084,0.0,0.0,0.0,0.0,0.0
2050-01-01 13:00:00,0.0,28.897482312872626,0.0,0.0,0.0,0.0,0.0
2050-01-01 14:00:00,0.0,28.4965006917555,0.0,0.0,0.0,0.0,0.0
2050-01-01 15:00:00,0.0,28.787344552087916,0.0,0.0,0.0,0.0,0.0
2050-01-01 16:00:00,0.0,30.266488113791183,0.0,0.0,0.0,0.0,0.0
2050-01-01 17:00:00,0.0,29.7551941165641,0.0,0.0,0.0,0.0,0.0
2050-01-01 18:00:00,0.0,31.738098424587633,0.0,0.0,0.0,0.0,0.0
2050-01-01 19:00:00,0.0,33.1517805894664,0.0,0.0,0.0,0.0,0.0
2050-01-01 20:00:00,0.0,33.22484121109778,0.0,0.0,0.0,0.0,0.0
2050-01-01 21:00:00,0.0,34.06853834706453,0.0,0.0,0.0,0.0,0.0
2050-01-01 22:00:00,0.0,35.118599134898886,0.0,0.0,0.0,0.0,0.0
2050-01-01 23:00:00,0.0,36.758277635903596,0.0,0.0,0.0,0.0,0.0
2050-01-02 00:00:00,0.0,36.567840467427004,0.0,0.0,0.0,0.0,0.0
2050-01-02 01:00:00,0.0,35.421455125847615,0.0,0.0,0.0,0.0,0.0
2050-01-02 02:00:00,0.0,36.35261540056581,0.0,0.0,0.0,0.0,0.0
2050-01-02 03:00:00,0.0,37.00463967709334,0.0,0.0,0.0,0.0,0.0
2050-01-02 04:00:00,0.0,36.343870804793596,0.0,0.0,0.0,0.0,0.0
2050-01-02 05:00:00,0.0,35.26493048094585,0.0,0.0,0.0,0.0,0.0
2050-01-02 06:00:00,0.0,33.713932249691425,0.0,0.0,0.0,0.0,0.0
2050-01-02 07:00:00,0.0,31.64250147218081,0.0,0.0,0.0,0.0,0.0
2050-01-02 08:00:00,0.0,31.942358426580768,0.0,0.0,0.0,0.0,0.0
2050-01-02 09:00:00,0.0,30.77481974501734,0.0,0.0,0.0,0.0,0.0
2050-01-02 10:00:00,0.0,30.113164458909523,0.0,0.0,0.0,0.0,0.0
2050-01-02 11:00:00,0.0,30.348554839892586,0.0,0.0,0.0,0.0,0.0
2050-01-02 12:00:00,0.0,29.153275296348284,0.0,0.0,0.0,0.0,0.0
2050-01-02 13:00:00,0.0,29.072016254041955,0.0,0.0,0.0,0.0,0.0
2050-01-02 14:00:00,0.0,29.398087872624046,0.0,0.0,0.0,0.0,0.0
2050-01-02 15:00:00,0.0,29.289362834908843,0.0,0.0,0.0,0.0,0.0
2050-01-02 16:00:00,0.0,29.667477860981535,0.0,0.0,0.0,0.0,0.0
2050-01-02 17:00:00,0.0,30.428062541619056,0.0,0.0,0.0,0.0,0.0
2050-01-02 18:00:00,0.0,32.32270856346395,0.0,0.0,0.0,0.0,0.0
2050-01-02 19:00:00,0.0,33.18634384126449,0.0,0.0,0.0,0.0,0.0
2050-01-02 20:00:00,0.0,33.54354825835799,0.0,0.0,0.0,0.0,0.0
2050-01-02 21:00:00,0.0,35.628969971422976,0.0,0.0,0.0,0.0,0.0
2050-01-02 22:00:00,0.0,35.77402798986168,0.0,0.0,0.0,0.0,0.0
2050-01-02 23:00:00,0.0,35.29700333350752,0.0,0.0,0.0,0.0,0.0
2050-01-03 00:00:00,0.0,39.45665487170095,0.0,0.0,0.0,0.0,0.0
2050-01-03 01:00:00,0.0,39.01795199810249,0.0,0.0,0.0,0.0,0.0
2050-01-03 02:00:00,0.0,37.94821289261404,0.0,0.0,0.0,0.0,0.0
2050-01-03 03:00:00,0.0,38.963056658696814,0.0,0.0,0.0,0.0,0.0
2050-01-03 04:00:00,0.0,37.63787574218759,0.0,0.0,0.0,0.0,0.0
2050-01-03 05:00:00,0.0,36.740433621322154,0.0,0.0,0.0,0.0,0.0
2050-01-03 06:00:00,0.0,36.4448943681748,0.0,0.0,0.0,0.0,0.0
2050-01-03 07:00:00,0.0,33.403021790437606,0.0,0.0,0.0,0.0,0.0
2050-01-03 08:00:00,0.0,32.98516735190583,0.0,0.0,0.0,0.0,0.0
2050-01-03 09:00:00,0.0,32.5600057798556,0.0,0.0,0.0,0.0,0.0
2050-01-03 10:00:00,0.0,32.12990779547658,0.0,0.0,0.0,0.0,0.0
2050-01-03 11:00:00,0.0,30.887957302856194,0.0,0.0,0.0,0.0,0.0
2050-01-03 12:00:00,0.0,30.26988746551592,0.0,0.0,0.0,0.0,0.0
2050-01-03 13:00:00,0.0,30.095638598145115,0.0,0.0,0.0,0.0,0.0
2050-01-03 14:00:00,0.0,30.8131177680541,0.0,0.0,0.0,0.0,0.0
2050-01-03 15:00:00,0.0,31.72699413640362,0.0,0.0,0.0,0.0,0.0
2050-01-03 16:00:00,0.0,31.043441215489565,0.0,0.0,0.0,0.0,0.0
2050-01-03 17:00:00,0.0,31.472476754158606,0.0,0.0,0.0,0.0,0.0
2050-01-03 18:00:00,0.0,33.64857391195301,0.0,0.0,0.0,0.0,0.0
2050-01-03 19:00:00,0.0,34.6680001258394,0.0,0.0,0.0,0.0,0.0
2050-01-03 20:00:00,0.0,35.365105803008646,0.0,0.0,0.0,0.0,0.0
2050-01-03 21:00:00,0.0,37.484079537449816,0.0,0.0,0.0,0.0,0.0
2050-01-03 22:00:00,0.0,38.50913996663917,0.0,0.0,0.0,0.0,0.0
2050-01-03 23:00:00,0.0,38.13031085200305,0.0,0.0,0.0,0.0,0.0
2050-01-04 00:00:00,0.0,38.69808322769359,0.0,0.0,0.0,0.0,0.0
2050-01-04 01:00:00,0.0,39.55517405228579,0.0,0.0,0.0,0.0,0.0
2050-01-04 02:00:00,0.0,38.632026229857274,0.0,0.0,0.0,0.0,0.0
2050-01-04 03:00:00,0.0,37.46614793046001,0.0,0.0,0.0,0.0,0.0
2050-01-04 04:00:00,0.0,37.8308073436192,0.0,0.0,0.0,0.0,0.0
2050-01-04 05:00:00,0.0,36.34477558575168,0.0,0.0,0.0,0.0,0.0
2050-01-04 06:00:00,0.0,36.23777212117693,0.0,0.0,0.0,0.0,0.0
2050-01-04 07:00:00,0.0,34.566218861498555,0.0,0.0,0.0,0.0,0.0
2050-01-04 08:00:00,0.0,33.70650005781272,0.0,0.0,0.0,0.0,0.0
2050-01-04 09:00:00,0.0,33.16486432519264,0.0,0.0,0.0,0.0,0.0
2050-01-04 10:00:00,0.0,31.876270640060284,0.0,0.0,0.0,0.0,0.0
2050-01-04 11:00:00,0.0,30.893362167149462,0.0,0.0,0.0,0.0,0.0
2050-01-04 12:00:00,0.0,30.250103079397377,0.0,0.0,0.0,0.0,0.0
2050-01-04 13:00:00,0.0,31.786465981201673,0.0,0.0,0.0,0.0,0.0
2050-01-04 14:00:00,0.0,31.554773966757466,0.0,0.0,0.0,0.0,0.0
2050-01-04 15:00:00,0.0,30.34914133496204,0.0,0.0,0.0,0.0,0.0
2050-01-04 16:00:00,0.0,31.283411649961863,0.0,0.0,0.0,0.0,0.0
2050-01-04 17:00:00,0.0,33.20727193147491,0.0,0.0,0.0,0.0,0.0
2050-01-04 18:00:00,0.0,33.436356896268535,0.0,0.0,0.0,0.0,0.0
2050-01-04 19:00:00,0.0,34.929612271916085,0.0,0.0,0.0,0.0,0.0
2050-01-04 20:00:00,0.0,36.58969350433813,0.0,0.0,0.0,0.0,0.0
2050-01-04 21:00:00,0.0,37.10950420568656,0.0,0.0,0.0,0.0,0.0
2050-01-04 22:00:00,0.0,37.784100253039696,0.0,0.0,0.0,0.0,0.0
2050-01-04 23:00:00,0.0,38.18278847954389,0.0,0.0,0.0,0.0,0.0
2050-01-05 00:00:00,0.0,38.88271090148419,0.0,0.0,0.0,0.0,0.0
2050-01-05 01:00:00,0.0,39.395085219377506,0.0,0.0,0.0,0.0,0.0
2050-01-05 02:00:00,0.0,40.301418537529344,0.0,0.0,0.0,0.0,0.0
2050-01-05 03:00:00,0.0,39.35232579913827,0.0,0.0,0.0,0.0,0.0
2050-01-05 04:00:00,0.0,37.714923076487366,0.0,0.0,0.0,0.0,0.0
2050-01-05 05:00:00,0.0,37.676729839539576,0.0,0.0,0.0,0.0,0.0
2050-01-05 06:00:00,0.0,36.07262592410302,0.0,0.0,0.0,0.0,0.0
2050-01-05 07:00:00,0.0,33.87011363584725,0.0,0.0,0.0,0.0,0.0
2050-01-05 08:00:00,0.0,33.74803933404792,0.0,0.0,0.0,0.0,0.0
2050-01-05 09:00:00,0.0,33.46270361569941,0.0,0.0,0.0,0.0,0.0
2050-01-05 10:00:00,0.0,31.56153479926411,0.0,0.0,0.0,0.0,0.0
2050-01-05 11:00:00,0.0,31.86238664627058,0.0,0.0,0.0,0.0,0.0
2050-01-05 12:00:00,0.0,30.66918018250749,0.0,0.0,0.0,0.0,0.0
2050-01-05 13:00:00,0.0,30.73200858501491,0.0,0.0,0.0,0.0,0.0
2050-01-05 14:00:00,0.0,30.123314693856855,0.0,0.0,0.0,0.0,0.0
2050-01-05 15:00:00,0.0,32.57186419072991,0.0,0.0,0.0,0.0,0.0
2050-01-05 16:00:00,0.0,32.232199967353154,0.0,0.0,0.0,0.0,0.0
2050-01-05 17:00:00,0.0,33.47172153959718,0.0,0.0,0.0,0.0,0.0
2050-01-05 18:00:00,0.0,33.513964604906505,0.0,0.0,0.0,0.0,0.0
2050-01-05 19:00:00,0.0,33.88266412543271,0.0,0.0,0.0,0.0,0.0
2050-01-05 20:00:00,0.0,36.86038570423102,0.0,0.0,0.0,0.0,0.0
2050-01-05 21:00:00,0.0,36.471741014949885,0.0,0.0,0.0,0.0,0.0
2050-01-05 22:00:00,0.0,39.11709950067211,0.0,0.0,0.0,0.0,0.0
2050-01-05 23:00:00,0.0,38.39974350318607,0.0,0.0,0.0,0.0,0.0
2050-01-06 00:00:00,0.0,40.199808623948684,0.0,0.0,0.0,0.0,0.0
2050-01-06 01:00:00,0.0,38.50768714880269,0.0,0.0,0.0,0.0,0.0
2050-01-06 02:00:00,0.0,37.56118245467542,0.0,0.0,0.0,0.0,0.0
2050-01-06 03:00:00,0.0,39.05428351352634,0.0,0.0,0.0,0.0,0.0
2050-01-06 04:00:00,0.0,37.79963695081551,0.0,0.0,0.0,0.0,0.0
2050-01-06 05:00:00,0.0,36.98200977453894,0.0,0.0,0.0,0.0,0.0
2050-01-06 06:00:00,0.0,36.728757854682954,0.0,0.0,0.0,0.0,0.0
2050-01-06 07:00:00,0.0,34.27501033461772,0.0,0.0,0.0,0.0,0.0
2050-01-06 08:00:00,0.0,32.93159524891894,0.0,0.0,0.0,0.0,0.0
2050-01-06 09:00:00,0.0,32.03072385337509,0.0,0.0,0.0,0.0,0.0
2050-01-06 10:00:00,0.0,30.855790134783774,0.0,0.0,0.0,0.0,0.0
2050-01-06 11:00:00,0.0,30.133732041266285,0.0,0.0,0.0,0.0,0.0
2050-01-06 12:00:00,0.0,30.053481298989254,0.0,0.0,0.0,0.0,0.0
2050-01-06 13:00:00,0.0,30.10560590004502,0.0,0.0,0.0,0.0,0.0
2050-01-06 14:00:00,0.0,30.56325093513169,0.0,0.0,0.0,0.0,0.0
2050-01-06 15:00:00,0.0,30.50531950357913,0.0,0.0,0.0,0.0,0.0
2050-01-06 16:00:00,0.0,31.834445724063016,0.0,0.0,0.0,0.0,0.0
2050-01-06 17:00:00,0.0,33.27680807124966,0.0,0.0,0.0,0.0,0.0
2050-01-06 18:00:00,0.0,33.63673444633878,0.0,0.0,0.0,0.0,0.0
2050-01-06 19:00:00,0.0,35.15550212232097,0.0,0.0,0.0,0.0,0.0
2050-01-06 20:00:00,0.0,35.285436772036974,0.0,0.0,0.0,0.0,0.0
2050-01-06 21:00:00,0.0,37.15943381732586,31.489160901335687,0.0,0.0,0.0,0.0
2050-01-06 22:00:00,0.0,38.15709208985277,0.0,0.0,0.0,0.0,0.0
2050-01-06 23:00:00,0.0,37.963269179141435,18.61655781675848,0.0,0.0,0.0,0.0
2050-01-07 00:00:00,0.0,37.66347642607525,0.18634453512138194,0.0,0.0,0.0,0.0
2050-01-07 01:00:00,0.0,38.842222857344495,0.0,1.8868812826646932,0.0,0.0,0.0
2050-01-07 02:00:00,0.0,38.82918451232081,0.0,33.24378745992765,0.0,0.0,0.0
2050-01-07 03:00:00,0.0,39.505279088028374,0.0,0.0,0.0,0.0,0.0
2050-01-07 04:00:00,0.0,37.42696286981345,0.0,0.0,0.0,0.0,0.0
2050-01-07 05:00:00,0.0,38.06957208513427,0.0,0.0,0.0,0.0,0.0
2050-01-07 06:00:00,0.0,34.13392936815171,0.0,0.0,0.0,0.0,0.0
2050-01-07 07:00:00,0.0,34.55234605205737,0.0,0.0,0.0,0.0,0.0
2050-01-07 08:00:00,0.0,33.350861833026784,0.0,0.0,0.0,0.0,0.0
2050-01-07 09:00:00,0.0,32.42167356945379,0.0,0.0,0.0,0.0,0.0
2050-01-07 10:00:00,0.0,31.46718682605797,0.0,0.0,0.0,0.0,0.0
2050-01-07 11:00:00,0.0,31.108133254574568,0.0,0.0,0.0,0.0,0.0
2050-01-07 12:00:00,0.0,31.722955753248243,0.0,0.0,0.0,0.0,0.0
2050-01-07 13:00:00,0.0,30.483987609032738,0.0,0.0,0.0,0.0,0.0
2050-01-07 14:00:00,0.0,31.444620561364673,0.0,0.0,0.0,0.0,0.0
2050-01-07 15:00:00,0.0,31.074328169383307,0.0,0.0,0.0,0.0,0.0
2050-01-07 16:00:00,0.0,31.86401470124906,0.0,0.0,0.0,0.0,0.0
2050-01-07 17:00:00,0.0,31.117560822819087,0.0,0.0,0.0,0.0,0.0
2050-01-07 18:00:00,0.0,33.72160802166741,19.184803586099402,0.0,0.0,6.032107784222923,0.0
2050-01-07 19:00:00,0.0,35.159883003640516,18.363190339277658,0.0,0.0,20.247789336177995,0.0
2050-01-07 20:00:00,0.0,35.011801790850086,32.66565248702877,0.0,0.0,20.247789336177995,0.0
2050-01-07 21:00:00,0.0,36.3789690372289,25.288264442657745,0.0,0.0,0.0,0.0
2050-01-07 22:00:00,0.0,37.04916480947395,9.479431055856356,0.0,0.0,0.0,38.394910120795046
2050-01-07 23:00:00,0.0,39.96205217370243,0.0,18.71037008207663,0.0,0.0,7.18921875820874
2050-01-08 00:00:00,0.0,35.71836074775911,0.0,39.1540317972246,0.0,0.0,0.0
2050-01-08 01:00:00,0.0,36.03693093222,0.0,13.686561079372353,0.0,0.0,0.0
2050-01-08 02:00:00,0.0,34.465236797615034,0.0,0.0,0.0,0.0,0.0
2050-01-08 03:00:00,0.0,34.90513203397131,0.0,0.0,0.0,0.0,0.0
2050-01-08 04:00:00,0.0,35.554548877776824,0.0,0.0,0.0,0.0,0.0
2050-01-08 05:00:00,0.0,33.7203320140668,0.0,0.0,0.0,0.0,0.0
2050-01-08 06:00:00,0.0,31.809398041452823,0.0,0.0,0.0,0.0,0.0
2050-01-08 07:00:00,0.0,32.44825518251923,0.0,0.0,0.0,0.0,0.0
2050-01-08 08:00:00,0.0,31.685875556901465,0.0,0.0,0.0,0.0,0.0
2050-01-08 09:00:00,0.0,30.838868272119953,0.0,0.0,0.0,0.0,0.0
2050-01-08 10:00:00,0.0,30.083121798094453,0.0,0.0,0.0,0.0,0.0
2050-01-08 11:00:00,0.0,28.890013984690768,0.0,0.0,0.0,0.0,0.0
2050-01-08 12:00:00,0.0,30.452751039916848,0.0,0.0,0.0,0.0,0.0
2050-01-08 13:00:00,0.0,28.400863778085522,0.0,0.0,0.0,0.0,0.0
2050-01-08 14:00:00,0.0,29.103510216876202,0.0,0.0,0.0,0.0,0.0
2050-01-08 15:00:00,0.0,28.50579681370982,0.0,0.0,0.0,0.0,0.0
2050-01-08 16:00:00,0.0,29.49642022629746,0.0,0.0,0.0,0.0,0.0
2050-01-08 17:00:00,0.0,29.746934930029738,0.0,0.0,0.0,0.0,0.0
2050-01-08 18:00:00,0.0,31.75464930160615,0.0,0.0,0.0,0.0,0.0
2050-01-08 19:00:00,0.0,32.37527609810013,0.0,0.0,0.0,0.0,0.0
2050-01-08 20:00:00,0.0,32.97873124482385,0.0,0.0,0.0,0.0,0.0
2050-01-08 21:00:00,0.0,33.21833607993494,0.0,0.0,0.0,0.0,0.0
2050-01-08 22:00:00,0.0,35.79059973472886,0.0,0.0,0.0,0.0,0.0
2050-01-08 23:00:00,0.0,36.61134260897393,0.0,0.0,0.0,0.0,0.0
2050-01-09 00:00:00,0.0,37.01182360149255,0.0,0.0,0.0,0.0,0.0
2050-01-09 01:00:00,0.0,36.4803292421102,0.0,0.0,0.0,0.0,0.0
2050-01-09 02:00:00,0.0,36.91253438882495,0.0,0.0,0.0,0.0,0.0
2050-01-09 03:00:00,0.0,36.674102138113085,0.0,0.0,0.0,0.0,0.0
2050-01-09 04:00:00,0.0,35.76142344616596,0.0,0.0,0.0,0.0,0.0
2050-01-09 05:00:00,0.0,35.578094335928654,0.0,0.0,0.0,0.0,0.0
2050-01-09 06:00:00,0.0,33.54537797215448,0.0,0.0,0.0,0.0,0.0
2050-01-09 07:00:00,0.0,32.77559620354782,0.0,0.0,0.0,0.0,0.0
2050-01-09 08:00:00,0.0,30.678588956745443,0.2540288474934289,0.0,0.0,0.0,0.0
2050-01-09 09:00:00,0.0,31.9619292059931,0.0,0.17773128314877754,0.0,0.0,0.0
2050-01-09 10:00:00,0.0,29.43710455520136,0.0,0.0,0.0,0.0,0.0
2050-01-09 11:00:00,0.0,29.450413211403202,0.0,0.0,0.0,0.0,0.0
2050-01-09 12:00:00,0.0,29.234230272020113,0.0,0.0,0.0,0.0,0.0
2050-01-09 13:00:00,0.0,28.27943977775567,0.0,0.0,0.0,0.0,0.0
2050-01-09 14:00:00,0.0,28.853954180732217,0.0,0.0,0.0,0.0,0.0
2050-01-09 15:00:00,0.0,29.671961371022007,0.0,0.0,0.0,0.0,0.0
2050-01-09 16:00:00,0.0,29.842211497365042,0.0,0.0,0.0,0.0,0.0
2050-01-09 17:00:00,0.0,30.527104990260796,0.0,0.0,0.0,0.0,0.0
2050-01-09 18:00:00,0.0,31.460132580191612,0.0,0.0,0.0,0.0,0.0
2050-01-09 19:00:00,0.0,32.21620930113568,0.0,0.0,0.0,0.0,0.0
2050-01-09 20:00:00,0.0,33.57940226800952,0.0,0.0,0.0,0.0,0.0
2050-01-09 21:00:00,0.0,34.89186375641589,0.0,0.0,0.0,0.0,0.0
2050-01-09 22:00:00,0.0,35.774383971449424,0.0,0.0,0.0,0.0,0.0
2050-01-09 23:00:00,0.0,36.86190764206731,0.0,0.0,0.0,0.0,0.0
2050-01-10 00:00:00,0.0,38.8317481744582,0.0,0.0,0.0,0.0,0.0
2050-01-10 01:00:00,0.0,38.54073227143749,0.0,0.0,0.0,0.0,0.0
2050-01-10 02:00:00,0.0,39.4437592103302,0.0,0.0,0.0,0.0,0.0
2050-01-10 03:00:00,0.0,38.647647550616966,0.0,0.0,0.0,0.0,0.0
2050-01-10 04:00:00,0.0,38.46951115938327,0.0,0.0,0.0,0.0,0.0
2050-01-10 05:00:00,0.0,36.995343927047315,0.0,0.0,0.0,0.0,0.0
2050-01-10 06:00:00,0.0,36.23300092082536,0.0,0.0,0.0,0.0,0.0
2050-01-10 07:00:00,0.0,35.04567665411537,0.0,0.0,0.0,0.0,0.0
2050-01-10 08:00:00,0.0,34.1843223192061,0.0,0.0,0.0,0.0,0.0
2050-01-10 09:00:00,0.0,32.05989870182566,0.0,0.0,0.0,0.0,0.0
2050-01-10 10:00:00,0.0,31.76170070216631,0.0,0.0,0.0,0.0,0.0
2050-01-10 11:00:00,0.0,31.276357347698195,0.0,0.0,0.0,0.0,0.0
2050-01-10 12:00:00,0.0,31.79421714995533,0.0,0.0,0.0,0.0,0.0
2050-01-10 13:00:00,0.0,30.56366206971802,0.0,0.0,0.0,0.0,0.0
2050-01-10 14:00:00,0.0,31.029538192058226,0.0,0.0,0.0,0.0,0.0
2050-01-10 15:00:00,0.0,31.057075072912994,0.0,0.0,0.0,0.0,0.0
2050-01-10 16:00:00,0.0,30.52886722492667,0.0,0.0,0.0,0.0,0.0
2050-01-10 17:00:00,0.0,33.502006558023595,0.0,0.0,0.0,0.0,0.0
2050-01-10 18:00:00,0.0,34.154418280548725,0.0,0.0,0.0,0.0,0.0
2050-01-10 19:00:00,0.0,35.642468017958436,0.0,0.0,0.0,0.0,0.0
2050-01-10 20:00:00,0.0,34.896065535231855,0.0,0.0,0.0,0.0,0.0
2050-01-10 21:00:00,0.0,37.07622637040936,0.0,0.0,0.0,0.0,0.0
2050-01-10 22:00:00,0.0,37.865216547598266,0.0,0.0,0.0,0.0,0.0
2050-01-10 23:00:00,0.0,37.20549578004716,0.0,0.0,0.0,0.0,0.0
2050-01-11 00:00:00,0.0,39.16399763694085,0.0,0.0,0.0,0.0,0.0
2050-01-11 01:00:00,0.0,38.478924711193486,0.0,0.0,0.0,0.0,0.0
2050-01-11 02:00:00,0.0,39.183580569773994,0.0,0.0,0.0,0.0,0.0
2050-01-11 03:00:00,0.0,37.125538532782,0.0,0.0,0.0,0.0,0.0
2050-01-11 04:00:00,0.0,37.066713551197154,0.0,0.0,0.0,0.0,0.0
2050-01-11 05:00:00,0.0,36.343482806855036,0.0,0.0,0.0,0.0,0.0
2050-01-11 06:00:00,0.0,34.771691571202155,0.0,0.0,0.0,0.0,0.0
2050-01-11 07:00:00,0.0,34.81341219979049,0.0,0.0,0.0,0.0,0.0
2050-01-11 08:00:00,0.0,34.56966482595067,0.0,0.0,0.0,0.0,0.0
2050-01-11 09:00:00,0.0,32.676268529497065,0.0,0.0,0.0,0.0,0.0
2050-01-11 10:00:00,0.0,32.222119222387846,0.0,0.0,0.0,0.0,0.0
2050-01-11 11:00:00,0.0,32.070789772679746,0.0,0.0,0.0,0.0,0.0
2050-01-11 12:00:00,0.0,31.082850345430188,0.0,0.0,0.0,0.0,0.0
2050-01-11 13:00:00,0.0,30.37708482757921,0.0,0.0,0.0,0.0,0.0
2050-01-11 14:00:00,0.0,29.57634522782132,0.0,0.0,0.0,0.0,0.0
2050-01-11 15:00:00,0.0,31.380224800991073,0.0,0.0,0.0,0.0,0.0
2050-01-11 16:00:00,0.0,31.619539869517666,0.0,0.0,0.0,0.0,0.0
2050-01-11 17:00:00,0.0,32.394677608794154,0.0,0.0,0.0,0.0,0.0
2050-01-11 18:00:00,0.0,34.18376544563921,0.0,0.0,0.0,0.0,0.0
2050-01-11 19:00:00,0.0,35.156226599928914,0.0,0.0,0.0,0.0,0.0
2050-01-11 20:00:00,0.0,34.7435261050382,0.0,0.0,0.0,0.0,0.0
2050-01-11 21:00:00,0.0,37.04319443324266,0.0,0.0,0.0,0.0,0.0
2050-01-11 22:00:00,0.0,37.48821471097176,0.0,0.0,0.0,0.0,0.0
2050-01-11 23:00:00,0.0,39.044938746792695,0.0,0.0,0.0,0.0,0.0
2050-01-12 00:00:00,0.0,38.78753362935072,0.0,0.0,0.0,0.0,0.0
2050-01-12 01:00:00,0.0,39.661612270765545,0.0,0.0,0.0,0.0,0.0
2050-01-12 02:00:00,0.0,38.29422166629274,0.0,0.0,0.0,0.0,0.0
2050-01-12 03:00:00,0.0,38.08401666718214,0.0,0.0,0.0,0.0,0.0
2050-01-12 04:00:00,0.0,37.318657383142636,0.0,0.0,0.0,0.0,0.0
2050-01-12 05:00:00,0.0,36.7275950444066,0.0,0.0,0.0,0.0,0.0
2050-01-12 06:00:00,0.0,35.68201233563832,0.0,0.0,0.0,0.0,0.0
2050-01-12 07:00:00,0.0,35.59509499964565,0.0,0.0,0.0,0.0,0.0
2050-01-12 08:00:00,0.0,33.03696406276754,0.0,0.0,0.0,0.0,0.0
2050-01-12 09:00:00,0.0,32.742242212650126,0.0,0.0,0.0,0.0,0.0
2050-01-12 10:00:00,0.0,31.086253191725064,0.0,0.0,0.0,0.0,0.0
2050-01-12 11:00:00,0.0,30.268237684552105,0.0,0.0,0.0,0.0,0.0
2050-01-12 12:00:00,0.0,30.380489938296478,0.0,0.0,0.0,0.0,0.0
2050-01-12 13:00:00,0.0,29.685646945019244,0.0,0.0,0.0,0.0,0.0
2050-01-12 14:00:00,0.0,30.85030707411056,0.0,0.0,0.0,0.0,0.0
2050-01-12 15:00:00,0.0,30.706894676354977,0.0,0.0,0.0,0.0,0.0
2050-01-12 16:00:00,0.0,31.48676765478308,0.0,0.0,0.0,0.0,0.0
2050-01-12 17:00:00,0.0,32.98119085934127,0.0,0.0,0.0,0.0,0.0
2050-01-12 18:00:00,0.0,34.7343571727306,0.0,0.0,0.0,0.0,0.0
2050-01-12 19:00:00,0.0,34.40808190467101,0.0,0.0,0.0,0.0,0.0
2050-01-12 20:00:00,0.0,34.46193922058296,0.0,0.0,0.0,0.0,0.0
2050-01-12 21:00:00,0.0,36.57079251913592,0.0,0.0,0.0,0.0,0.0
2050-01-12 22:00:00,0.0,37.722528334127446,0.0,0.0,0.0,0.0,0.0
2050-01-12 23:00:00,0.0,39.25655584066817,0.0,0.0,0.0,0.0,0.0
2050-01-13 00:00:00,0.0,38.77077275584929,0.0,0.0,0.0,0.0,0.0
2050-01-13 01:00:00,0.0,38.264050081218784,0.0,0.0,0.0,0.0,0.0
2050-01-13 02:00:00,0.0,39.51848698435833,0.0,0.0,0.0,0.0,0.0
2050-01-13 03:00:00,0.0,39.21812491342257,0.0,0.0,0.0,0.0,0.0
2050-01-13 04:00:00,0.0,37.58755477068712,0.0,0.0,0.0,0.0,0.0
2050-01-13 05:00:00,0.0,37.07940291847308,0.0,0.0,0.0,0.0,0.0
2050-01-13 06:00:00,0.0,36.11982297852592,0.0,0.0,0.0,0.0,0.0
2050-01-13 07:00:00,0.0,36.56998890503064,0.0,0.0,0.0,0.0,0.0
2050-01-13 08:00:00,0.0,33.30513363056525,0.0,0.0,0.0,0.0,0.0
2050-01-13 09:00:00,0.0,32.43340675091622,0.0,0.0,0.0,0.0,0.0
2050-01-13 10:00:00,0.0,31.776084653303542,0.0,0.0,0.0,0.0,0.0
2050-01-13 11:00:00,0.0,31.62111441679167,0.0,0.0,0.0,0.0,0.0
2050-01-13 12:00:00,0.0,30.578505644566803,0.0,0.0,0.0,0.0,0.0
2050-01-13 13:00:00,0.0,30.930608106362342,0.0,0.0,0.0,0.0,0.0
2050-01-13 14:00:00,0.0,31.311771716209023,0.0,0.0,0.0,0.0,0.0
2050-01-13 15:00:00,0.0,32.40295199053162,0.0,0.0,0.0,0.0,0.0
2050-01-13 16:00:00,0.0,31.7475061688815,0.0,0.0,0.0,0.0,0.0
2050-01-13 17:00:00,0.0,32.50924330135331,0.0,0.0,0.0,0.0,0.0
2050-01-13 18:00:00,0.0,33.496568794116456,0.0,0.0,0.0,0.0,0.0
2050-01-13 19:00:00,0.0,33.519462110175255,0.0,0.0,0.0,0.0,0.0
2050-01-13 20:00:00,0.0,35.04258373922221,0.0,0.0,0.0,0.0,0.0
2050-01-13 21:00:00,0.0,36.99934329255257,0.0,0.0,0.0,0.0,0.0
2050-01-13 22:00:00,0.0,37.86820313820476,0.0,0.0,0.0,0.0,0.0
2050-01-13 23:00:00,0.0,40.391142561256856,0.0,0.0,0.0,0.0,0.0
2050-01-14 00:00:00,0.0,39.78596505338328,0.0,0.0,0.0,0.0,0.0
2050-01-14 01:00:00,0.0,39.5708525190189,0.0,0.0,0.0,0.0,0.0
2050-01-14 02:00:00,0.0,39.96391794694341,0.0,0.0,0.0,0.0,0.0
2050-01-14 03:00:00,0.0,37.92047640992382,0.0,0.0,0.0,0.0,0.0
2050-01-14 04:00:00,0.0,37.32572129566665,0.0,0.0,0.0,0.0,0.0
2050-01-14 05:00:00,0.0,36.3383631750346,0.0,0.0,0.0,0.0,0.0
2050-01-14 06:00:00,0.0,35.76508465910342,0.0,0.0,0.0,0.0,0.0
2050-01-14 07:00:00,0.0,36.285532342327315,0.0,0.0,0.0,0.0,0.0
2050-01-14 08:00:00,0.0,33.54189150611819,0.0,0.0,0.0,0.0,0.0
2050-01-14 09:00:00,0.0,32.2941861499321,0.0,0.0,0.0,0.0,0.0
2050-01-14 10:00:00,0.0,31.87367808898489,0.0,0.0,0.0,0.0,0.0
2050-01-14 11:00:00,0.0,31.702277579564225,0.0,0.0,0.0,0.0,0.0
2050-01-14 12:00:00,0.0,31.060430692664113,0.0,0.0,0.0,0.0,0.0
2050-01-14 13:00:00,0.0,31.145926415425038,0.0,0.0,0.0,0.0,0.0
2050-01-14 14:00:00,0.0,30.033882089414192,0.0,0.0,0.0,0.0,0.0
2050-01-14 15:00:00,0.0,30.65148249779122,0.0,0.0,0.0,0.0,0.0
2050-01-14 16:00:00,0.0,31.705981493014406,0.0,0.0,0.0,0.0,0.0
2050-01-14 17:00:00,0.0,32.778695350275484,0.0,0.0,0.0,0.0,0.0
2050-01-14 18:00:00,0.0,34.63899511835643,0.0,0.0,0.0,0.0,0.0
2050-01-14 19:00:00,0.0,33.93171851614352,0.0,0.0,0.0,0.0,0.0
2050-01-14 20:00:00,0.0,36.34747064238536,0.0,0.0,0.0,0.0,0.0
2050-01-14 21:00:00,0.0,36.728800669262455,0.0,0.0,0.0,0.0,0.0
2050-01-14 22:00:00,0.0,38.22293352055726,0.0,0.0,0.0,0.0,0.0
2050-01-14 23:00:00,0.0,37.92693662366469,0.0,0.0,0.0,0.0,0.0
2050-01-15 00:00:00,0.0,35.500091883880486,11.306108037175449,0.0,0.0,0.0,0.0
2050-01-15 01:00:00,0.0,37.505100268722344,0.0,0.0,0.0,0.0,0.0
2050-01-15 02:00:00,0.0,36.72278005374028,0.0,0.0,0.0,0.0,0.0
2050-01-15 03:00:00,0.0,34.7257659676618,0.0,5.8977928251798435,0.0,0.0,0.0
2050-01-15 04:00:00,0.0,35.98710332142923,0.0,2.003615013460311,0.0,0.0,0.0
2050-01-15 05:00:00,0.0,33.98888062509991,0.0,0.0,0.0,0.0,0.0
2050-01-15 06:00:00,0.0,33.66457780107862,0.0,0.0,0.0,0.0,0.0
2050-01-15 07:00:00,0.0,32.70794529029513,0.0,0.0,0.0,0.0,0.0
2050-01-15 08:00:00,0.0,30.853116689100943,0.0,0.0,0.0,0.0,0.0
2050-01-15 09:00:00,0.0,31.432442425418913,0.0,0.0,0.0,0.0,0.0
2050-01-15 10:00:00,0.0,29.629784630222048,0.0,0.0,0.0,0.0,0.0
2050-01-15 11:00:00,0.0,30.26583136288491,0.0,0.0,0.0,0.0,0.0
2050-01-15 12:00:00,0.0,29.203741323340864,0.0,0.0,0.0,0.0,0.0
2050-01-15 13:00:00,0.0,29.08555514567729,0.0,0.0,0.0,0.0,0.0
2050-01-15 14:00:00,0.0,29.079613399779646,0.0,0.0,0.0,0.0,0.0
2050-01-15 15:00:00,0.0,30.467068805728104,0.0,0.0,0.0,0.0,0.0
2050-01-15 16:00:00,0.0,29.332938207010784,0.0,0.0,0.0,0.0,0.0
2050-01-15 17:00:00,0.0,30.277968269684152,0.0,0.0,0.0,0.0,0.0
2050-01-15 18:00:00,0.0,31.285728729862058,0.0,0.0,0.0,0.0,0.0
2050-01-15 19:00:00,0.0,33.46787817991026,0.0,0.0,0.0,0.0,0.0
2050-01-15 20:00:00,0.0,34.44113467309876,0.0,0.0,0.0,0.0,0.0
2050-01-15 21:00:00,0.0,34.742632232420874,0.0,0.0,0.0,0.0,0.0
2050-01-15 22:00:00,0.0,35.68591468196041,0.0,0.0,0.0,0.0,0.0
2050-01-15 23:00:00,0.0,34.93692591401236,0.0,0.0,0.0,0.0,0.0
2050-01-16 00:00:00,0.0,37.590675859731846,0.0,0.0,0.0,0.0,0.0
2050-01-16 01:00:00,0.0,36.48390044056714,0.0,0.0,0.0,0.0,0.0
2050-01-16 02:00:00,0.0,36.59999465042415,0.0,0.0,0.0,0.0,0.0
2050-01-16 03:00:00,0.0,35.90320462377804,0.0,0.0,0.0,0.0,0.0
2050-01-16 04:00:00,0.0,35.95896915670369,0.0,0.0,0.0,0.0,0.0
2050-01-16 05:00:00,0.0,34.53522354399615,0.0,0.0,0.0,0.0,0.0
2050-01-16 06:00:00,0.0,33.81806323996989,0.0,0.0,0.0,0.0,0.0
2050-01-16 07:00:00,0.0,32.77949248662935,0.0,0.0,0.0,0.0,0.0
2050-01-16 08:00:00,0.0,31.384495945658273,0.0,0.0,0.0,0.0,0.0
2050-01-16 09:00:00,0.0,30.38389656108461,0.0,0.0,0.0,0.0,0.0
2050-01-16 10:00:00,0.0,30.18081021439798,0.0,0.0,0.0,0.0,0.0
2050-01-16 11:00:00,0.0,29.546716336355075,0.0,0.0,0.0,0.0,0.0
2050-01-16 12:00:00,0.0,29.354678638640962,0.0,0.0,0.0,0.0,0.0
2050-01-16 13:00:00,0.0,29.630121557176153,0.0,0.0,0.0,0.0,0.0
2050-01-16 14:00:00,0.0,28.218423721754107,0.0,0.0,0.0,0.0,0.0
2050-01-16 15:00:00,0.0,28.24640675328419,0.0,0.0,0.0,0.0,0.0
2050-01-16 16:00:00,0.0,29.705362720166022,0.0,0.0,0.0,0.0,0.0
2050-01-16 17:00:00,0.0,31.541721212365246,0.0,0.0,0.0,0.0,0.0
2050-01-16 18:00:00,0.0,31.679904272686827,0.0,0.0,0.0,0.0,0.0
2050-01-16 19:00:00,0.0,31.536006478172112,0.0,0.0,0.0,0.0,0.0
2050-01-16 20:00:00,0.0,34.81368435164313,0.0,0.0,0.0,0.0,0.0
2050-01-16 21:00:00,0.0,35.035465132828676,0.0,0.0,0.0,0.0,0.0
2050-01-16 22:00:00,0.0,34.44243472598441,0.0,0.0,0.0,0.0,0.0
2050-01-16 23:00:00,0.0,35.526767424338686,0.0,0.0,0.0,0.0,0.0
2050-01-17 00:00:00,0.0,38.92472801064878,0.0,0.0,0.0,0.0,0.0
2050-01-17 01:00:00,0.0,38.55856349727878,0.0,0.0,0.0,0.0,0.0
2050-01-17 02:00:00,0.0,38.74323892362213,0.0,0.0,0.0,0.0,0.0
2050-01-17 03:00:00,0.0,38.828280280942636,0.0,0.0,0.0,0.0,0.0
2050-01-17 04:00:00,0.0,37.7709284520904,0.0,0.0,0.0,0.0,0.0
2050-01-17 05:00:00,0.0,37.927161440419695,0.0,0.0,0.0,0.0,0.0
2050-01-17 06:00:00,0.0,35.75744984542848,0.0,0.0,0.0,0.0,0.0
2050-01-17 07:00:00,0.0,35.84930986043014,0.0,0.0,0.0,0.0,0.0
2050-01-17 08:00:00,0.0,33.338272214660265,0.0,0.0,0.0,0.0,0.0
2050-01-17 09:00:00,0.0,31.962097249991984,0.0,0.0,0.0,0.0,0.0
2050-01-17 10:00:00,0.0,30.526386417456706,0.0,0.0,0.0,0.0,0.0
2050-01-17 11:00:00,0.0,30.655015238010947,0.0,0.0,0.0,0.0,0.0
2050-01-17 12:00:00,0.0,30.83422403216241,0.0,0.0,0.0,0.0,0.0
2050-01-17 13:00:00,0.0,31.2209866039982,0.0,0.0,0.0,0.0,0.0
2050-01-17 14:00:00,0.0,28.66769902732608,0.0,0.0,0.0,0.0,0.0
2050-01-17 15:00:00,0.0,31.168854927713255,0.0,0.0,0.0,0.0,0.0
2050-01-17 16:00:00,0.0,31.239733787023397,0.0,0.0,0.0,0.0,0.0
2050-01-17 17:00:00,0.0,33.185036717143475,0.0,0.0,0.0,0.0,0.0
2050-01-17 18:00:00,0.0,33.38473575556236,0.0,0.0,0.0,0.0,0.0
2050-01-17 19:00:00,0.0,35.0198092838325,0.0,0.0,0.0,0.0,0.0
2050-01-17 20:00:00,0.0,37.18424544078675,0.0,0.0,0.0,0.0,0.0
2050-01-17 21:00:00,0.0,36.98105946821602,0.0,0.0,0.0,0.0,0.0
2050-01-17 22:00:00,0.0,37.63725137116057,0.0,0.0,0.0,0.0,0.0
2050-01-17 23:00:00,0.0,39.181379577298,0.0,0.0,0.0,0.0,0.0
2050-01-18 00:00:00,0.0,39.0724857109974,0.0,0.0,0.0,0.0,0.0
2050-01-18 01:00:00,0.0,38.83165094195306,0.0,0.0,0.0,0.0,0.0
2050-01-18 02:00:00,0.0,37.60144243221043,0.0,0.0,0.0,0.0,0.0
2050-01-18 03:00:00,0.0,38.15551579213388,0.0,0.0,0.0,0.0,0.0
2050-01-18 04:00:00,0.0,36.50868966420899,0.0,0.0,0.0,0.0,0.0
2050-01-18 05:00:00,0.0,37.04549532272563,0.0,0.0,0.0,0.0,0.0
2050-01-18 06:00:00,0.0,36.29910132574582,0.0,0.0,0.0,0.0,0.0
2050-01-18 07:00:00,0.0,34.85019258576881,0.0,0.0,0.0,0.0,0.0
2050-01-18 08:00:00,0.0,34.96492197794123,0.0,0.0,0.0,0.0,0.0
2050-01-18 09:00:00,0.0,31.97407013017414,0.0,0.0,0.0,0.0,0.0
2050-01-18 10:00:00,0.0,32.112684782903216,0.0,0.0,0.0,0.0,0.0
2050-01-18 11:00:00,0.0,31.21290793156004,0.0,0.0,0.0,0.0,0.0
2050-01-18 12:00:00,0.0,30.04822978828838,0.0,0.0,0.0,0.0,0.0
2050-01-18 13:00:00,0.0,30.9335782973576,0.0,0.0,0.0,0.0,0.0
2050-01-18 14:00:00,0.0,31.278444910789176,0.0,0.0,0.0,0.0,0.0
2050-01-18 15:00:00,0.0,31.884940439745378,0.0,0.0,0.0,0.0,0.0
2050-01-18 16:00:00,0.0,31.74570618682469,0.0,0.0,0.0,0.0,0.0
2050-01-18 17:00:00,0.0,33.13168357988502,0.0,0.0,0.0,0.0,0.0
2050-01-18 18:00:00,0.0,33.28133524311238,0.0,0.0,0.0,0.0,0.0
2050-01-18 19:00:00,0.0,35.836785634399575,0.0,0.0,0.0,0.0,0.0
2050-01-18 20:00:00,0.0,37.16993611112662,0.0,0.0,0.0,0.0,0.0
2050-01-18 21:00:00,0.0,37.01237515144885,0.0,0.0,0.0,0.0,0.0
2050-01-18 22:00:00,0.0,37.93402579118265,0.0,0.0,0.0,0.0,0.0
2050-01-18 23:00:00,0.0,37.61445440212947,0.0,0.0,0.0,0.0,0.0
2050-01-19 00:00:00,0.0,38.866411523497845,0.0,0.0,0.0,0.0,0.0
2050-01-19 01:00:00,0.0,38.70570051916047,0.0,0.0,0.0,0.0,0.0
2050-01-19 02:00:00,0.0,39.025876121664396,0.0,0.0,0.0,0.0,0.0
2050-01-19 03:00:00,0.0,37.35677248814682,0.0,0.0,0.0,0.0,0.0
2050-01-19 04:00:00,0.0,39.100743745382715,0.0,0.0,0.0,0.0,0.0
2050-01-19 05:00:00,0.0,37.04486494734306,0.0,0.0,0.0,0.0,0.0
2050-01-19 06:00:00,0.0,36.672768914950666,0.0,0.0,0.0,0.0,0.0
2050-01-19 07:00:00,0.0,35.16015070977369,0.0,0.0,0.0,0.0,0.0
2050-01-19 08:00:00,0.0,33.543972183216056,0.0,0.0,0.0,0.0,0.0
2050-01-19 09:00:00,0.0,33.98145735475214,0.0,0.0,0.0,0.0,0.0
2050-01-19 10:00:00,0.0,32.57227826842518,0.0,0.0,0.0,0.0,0.0
2050-01-19 11:00:00,0.0,30.279770185961752,0.0,0.0,0.0,0.0,0.0
2050-01-19 12:00:00,0.0,30.77062354603322,0.0,0.0,0.0,0.0,0.0
2050-01-19 13:00:00,0.0,30.50047463767487,0.0,0.0,0.0,0.0,0.0
2050-01-19 14:00:00,0.0,30.293139096245568,0.0,0.0,0.0,0.0,0.0
2050-01-19 15:00:00,0.0,32.543065065859764,0.0,0.0,0.0,0.0,0.0
2050-01-19 16:00:00,0.0,31.09287987849484,0.0,0.0,0.0,0.0,0.0
2050-01-19 17:00:00,0.0,33.7232443892201,0.0,0.0,0.0,0.0,0.0
2050-01-19 18:00:00,0.0,32.58621797180831,0.0,0.0,0.0,0.0,0.0
2050-01-19 19:00:00,0.0,35.770032459194454,0.0,0.0,0.0,0.0,0.0
2050-01-19 20:00:00,0.0,35.52610402647588,0.0,0.0,0.0,0.0,0.0
2050-01-19 21:00:00,0.0,35.26276694447688,0.0,0.0,0.0,0.0,0.0
2050-01-19 22:00:00,0.0,37.98237284477568,23.8614291853338,0.0,0.0,0.0,0.0
2050-01-19 23:00:00,0.0,38.810138489046494,0.0,0.0,0.0,0.0,0.0
2050-01-20 00:00:00,0.0,38.1596262163082,0.0,0.0,0.0,0.0,0.0
2050-01-20 01:00:00,0.0,39.846318435970716,3.6860917866810095,0.0,0.0,0.0,0.0
2050-01-20 02:00:00,0.0,37.56262879493988,17.030026086974146,0.0,0.0,0.0,0.0
2050-01-20 03:00:00,0.0,39.3104167894694,0.0,0.0,0.0,0.0,0.0
2050-01-20 04:00:00,0.0,38.22649601145304,0.0,4.724363746166243,0.0,0.0,0.0
2050-01-20 05:00:00,0.0,38.23578282537551,0.0,0.0,0.0,0.0,0.0
2050-01-20 06:00:00,0.0,35.62784175702541,0.0,0.0,0.0,0.0,0.0
2050-01-20 07:00:00,0.0,35.44134759741041,0.0,26.374484966669623,0.0,0.0,0.0
2050-01-20 08:00:00,0.0,33.358121209865885,0.0,0.0,0.0,0.0,0.0
2050-01-20 09:00:00,0.0,33.278144013285555,0.0,0.0,0.0,0.0,0.0
2050-01-20 10:00:00,0.0,32.03478470261484,0.0,0.0,0.0,0.0,0.0
2050-01-20 11:00:00,0.0,31.711902714969483,0.0,0.0,0.0,0.0,0.0
2050-01-20 12:00:00,0.0,30.011065769457673,0.0,0.0,0.0,0.0,0.0
2050-01-20 13:00:00,0.0,30.95324579162525,0.0,0.0,0.0,0.0,0.0
2050-01-20 14:00:00,0.0,31.023510783925076,0.0,0.0,0.0,0.0,0.0
2050-01-20 15:00:00,0.0,32.15028308255182,0.0,0.0,0.0,0.0,0.0
2050-01-20 16:00:00,0.0,31.665095591068393,10.506294542152716,0.0,0.0,0.0,0.0
2050-01-20 17:00:00,0.0,32.6274471447141,0.0,7.270893958999509,0.0,0.0798350174176392,0.0
2050-01-20 18:00:00,0.0,34.18673186397291,0.0,0.0,0.0,0.0,0.0
2050-01-20 19:00:00,0.0,35.20101052935911,0.0,0.0,0.0,0.0,0.0
2050-01-20 20:00:00,0.0,34.11560480120215,0.0,0.0,0.0,0.0,0.0782148479212369
2050-01-20 21:00:00,0.0,36.71813521708623,0.0,0.0,0.0,0.0,0.0
2050-01-20 22:00:00,0.0,38.435797279181315,0.0,0.0,0.0,0.07657391957448709,0.0
2050-01-20 23:00:00,0.0,38.182459354892444,0.0,0.0,0.0,0.0,0.0
2050-01-21 00:00:00,0.0,37.439931914873114,0.0,0.0,0.0,0.0,0.07502743344518516
2050-01-21 01:00:00,0.0,38.745808514124064,0.0,0.07349012133389332,0.0,0.0,0.0
2050-01-21 02:00:00,0.0,38.85114939654841,0.0,0.0,0.0,0.0,0.0
2050-01-21 03:00:00,0.0,37.71346239261652,0.0,0.0,0.0,0.0,0.0
2050-01-21 04:00:00,0.0,37.846981716279515,0.0,0.0,0.0,0.0,0.0
2050-01-21 05:00:00,0.0,36.111252696424344,0.0,0.0,0.0,0.0,0.0
2050-01-21 06:00:00,0.0,35.769985321834156,0.0,0.0,0.0,0.0,0.0
2050-01-21 07:00:00,0.0,34.88223327638457,0.0,0.0,0.0,0.0,0.0
2050-01-21 08:00:00,0.0,34.93563627257913,0.0,0.0,0.0,0.0,0.0
2050-01-21 09:00:00,0.0,32.964869652073276,0.0,0.0,0.0,0.0,0.0
2050-01-21 10:00:00,0.0,32.67581182563458,0.0,0.0,0.0,0.0,0.0
2050-01-21 11:00:00,0.0,31.340471617054618,0.0,0.0,0.0,0.0,0.0
2050-01-21 12:00:00,0.0,30.091295744229228,0.0,0.0,0.0,0.0,0.0
2050-01-21 13:00:00,0.0,29.939907041788047,0.0,0.0,0.0,0.0,0.0
2050-01-21 14:00:00,0.0,31.270542381463883,0.0,0.0,0.0,0.0,0.0
2050-01-21 15:00:00,0.0,30.20976628513654,0.0,0.0,0.0,0.0,0.0
2050-01-21 16:00:00,0.0,30.85595380270115,0.0,0.0,0.0,0.0,0.0
2050-01-21 17:00:00,0.0,33.32054128308255,0.0,0.0,0.0,0.0,0.0
2050-01-21 18:00:00,0.0,33.19172338071394,0.0,0.0,0.0,0.0,0.0
2050-01-21 19:00:00,0.0,34.02326763805536,0.0,0.0,0.0,0.0,0.0
2050-01-21 20:00:00,0.0,37.07922246957878,0.0,0.0,0.0,0.0,0.0
2050-01-21 21:00:00,0.0,36.267569841299974,0.0,0.0,0.0,0.0,0.0
2050-01-21 22:00:00,0.0,38.23168585190547,0.0,0.0,0.0,0.0,0.0
2050-01-21 23:00:00,0.0,38.4104544150598,0.0,0.0,0.0,0.0,0.0
2050-01-22 00:00:00,0.0,36.62405554287079,0.0,0.0,0.0,0.0,0.0
2050-01-22 01:00:00,0.0,36.692887101968154,0.0,0.0,0.0,0.0,0.0
2050-01-22 02:00:00,0.0,37.25913151487771,0.0,0.0,0.0,0.0,0.0
2050-01-22 03:00:00,0.0,37.19901053875583,0.0,0.0,0.0,0.0,0.0
2050-01-22 04:00:00,0.0,34.85063288476863,0.0,0.0,0.0,0.0,0.0
2050-01-22 05:00:00,0.0,35.7496395602393,0.0,0.0,0.0,0.0,0.0
2050-01-22 06:00:00,0.0,33.603433436403975,0.0,0.0,0.0,0.0,0.0
2050-01-22 07:00:00,0.0,32.62056047331271,0.0,0.0,0.0,0.0,0.0
2050-01-22 08:00:00,0.0,32.146512275275654,0.0,0.0,0.0,0.0,0.0
2050-01-22 09:00:00,0.0,30.435034518773136,0.0,0.0,0.0,0.0,0.0
2050-01-22 10:00:00,0.0,29.4033900185716,0.0,0.0,0.0,0.0,0.0
2050-01-22 11:00:00,0.0,30.21267557346573,0.0,0.0,0.0,0.0,0.0
2050-01-22 12:00:00,0.0,28.604895620821026,0.0,0.0,0.0,0.0,0.0
2050-01-22 13:00:00,0.0,27.5896203298164,0.0,0.0,0.0,0.0,0.0
2050-01-22 14:00:00,0.0,27.043311223299725,0.0,0.0,0.0,0.0,0.0
2050-01-22 15:00:00,0.0,29.516045714343818,0.0,0.0,0.0,0.0,0.0
2050-01-22 16:00:00,0.0,29.86339872267672,0.0,0.0,0.0,0.0,0.0
2050-01-22 17:00:00,0.0,31.823632621643355,0.0,0.0,0.0,0.0,0.0
2050-01-22 18:00:00,0.0,30.976832076036317,0.0,0.0,0.0,0.0,0.0
2050-01-22 19:00:00,0.0,31.940216606164768,0.0,0.0,0.0,0.0,0.0
2050-01-22 20:00:00,0.0,33.770248717243476,0.0,0.0,0.0,0.0,0.0
2050-01-22 21:00:00,0.0,35.615749212902756,0.0,0.0,0.0,0.0,0.0
2050-01-22 22:00:00,0.0,36.50433947802526,0.0,0.0,0.0,0.0,0.0
2050-01-22 23:00:00,0.0,36.15838263842875,0.0,0.0,0.0,0.0,0.0
2050-01-23 00:00:00,0.0,36.06500640221225,0.0,0.0,0.0,0.0,0.0
2050-01-23 01:00:00,0.0,36.765450543245834,0.0,0.0,0.0,0.0,0.0
2050-01-23 02:00:00,0.0,37.63937537503102,0.0,0.0,0.0,0.0,0.0
2050-01-23 03:00:00,0.0,36.08534687871543,0.0,0.0,0.0,0.0,0.0
2050-01-23 04:00:00,0.0,35.203079321317546,0.0,0.0,0.0,0.0,0.0
2050-01-23 05:00:00,0.0,35.01401747586306,0.0,0.0,0.0,0.0,0.0
2050-01-23 06:00:00,0.0,33.89349135984139,0.0,0.0,0.0,0.0,0.0
2050-01-23 07:00:00,0.0,32.81585221381715,0.0,0.0,0.0,0.0,0.0
2050-01-23 08:00:00,0.0,33.036815469893554,0.0,0.0,0.0,0.0,0.0
2050-01-23 09:00:00,0.0,31.189151825012686,0.0,0.0,0.0,0.0,0.0
2050-01-23 10:00:00,0.0,30.036799987954282,0.0,0.0,0.0,0.0,0.0
2050-01-23 11:00:00,0.0,29.139979386130562,0.0,0.0,0.0,0.0,0.0
2050-01-23 12:00:00,0.0,28.796671751235408,0.0,0.0,0.0,0.0,0.0
2050-01-23 13:00:00,0.0,29.108798635513267,0.0,0.0,0.0,0.0,0.0
2050-01-23 14:00:00,0.0,29.369583781879555,0.0,0.0,0.0,0.0,0.0
2050-01-23 15:00:00,0.0,28.977966478730195,0.0,0.0,0.0,0.0,0.0
2050-01-23 16:00:00,0.0,29.658802971829118,0.0,0.0,0.0,0.0,0.0
2050-01-23 17:00:00,0.0,30.61913950817666,0.0,0.0,0.0,0.0,0.0
2050-01-23 18:00:00,0.0,31.14248303229124,0.0,0.0,0.0,0.0,0.0
2050-01-23 19:00:00,0.0,33.46267528976682,0.0,0.0,0.0,0.0,0.0
2050-01-23 20:00:00,0.0,33.1649392760894,0.0,0.0,0.0,0.0,0.0
2050-01-23 21:00:00,0.0,34.82164808758944,0.0,0.0,0.0,0.0,0.0
2050-01-23 22:00:00,0.0,36.22560499837982,0.0,0.0,0.0,0.0,0.0
2050-01-23 23:00:00,0.0,35.44849659618285,0.0,0.0,0.0,0.0,0.0
2050-01-24 00:00:00,0.0,38.229364396775054,0.0,0.0,0.0,0.0,0.0
2050-01-24 01:00:00,0.0,38.92141118453651,0.0,0.0,0.0,0.0,0.0
2050-01-24 02:00:00,0.0,39.27765607636229,0.0,0.0,0.0,0.0,0.0
2050-01-24 03:00:00,0.0,38.611149197682835,0.0,0.0,0.0,0.0,0.0
2050-01-24 04:00:00,0.0,37.84518235323662,0.0,0.0,0.0,0.0,0.0
2050-01-24 05:00:00,0.0,37.858484826296944,0.0,0.0,0.0,0.0,0.0
2050-01-24 06:00:00,0.0,35.52453363039058,0.0,0.0,0.0,0.0,0.0
2050-01-24 07:00:00,0.0,34.38109914770689,0.0,0.0,0.0,0.0,0.0
2050-01-24 08:00:00,0.0,34.204501130338485,0.0,0.0,0.0,0.0,0.0
2050-01-24 09:00:00,0.0,32.836055264117704,0.0,0.0,0.0,0.0,0.0
2050-01-24 10:00:00,0.0,32.49315655221585,0.0,0.0,0.0,0.0,0.0
2050-01-24 11:00:00,0.0,31.90033486790071,0.0,0.0,0.0,0.0,0.0
2050-01-24 12:00:00,0.0,30.14066638576628,0.0,0.0,0.0,0.0,0.0
2050-01-24 13:00:00,0.0,29.39653236507388,0.0,0.0,0.0,0.0,0.0
2050-01-24 14:00:00,0.0,31.15090612020572,0.0,0.0,0.0,0.0,0.0
2050-01-24 15:00:00,0.0,31.20197596289995,0.0,0.0,0.0,0.0,0.0
2050-01-24 16:00:00,0.0,32.07217829262345,0.0,0.0,0.0,0.0,0.0
2050-01-24 17:00:00,0.0,32.17275715670621,0.0,0.0,0.0,0.0,0.0
2050-01-24 18:00:00,0.0,34.30488591727499,0.0,0.0,0.0,0.0,0.0
2050-01-24 19:00:00,0.0,34.69345607884793,0.0,0.0,0.0,0.0,0.0
2050-01-24 20:00:00,0.0,36.326710227375315,0.0,0.0,0.0,0.0,0.0
2050-01-24 21:00:00,0.0,37.61097121254238,0.0,0.0,0.0,0.0,0.0
2050-01-24 22:00:00,0.0,37.891594662439275,0.0,0.0,0.0,0.0,0.0
2050-01-24 23:00:00,0.0,38.40527982749427,0.0,0.0,0.0,0.0,0.0
2050-01-25 00:00:00,0.0,38.36670707600911,0.0,0.0,0.0,0.0,0.0
2050-01-25 01:00:00,0.0,41.13007590928646,0.0,0.0,0.0,0.0,0.0
2050-01-25 02:00:00,0.0,37.845150431288175,0.0,0.0,0.0,0.0,0.0
2050-01-25 03:00:00,0.0,39.02216009431913,0.0,0.0,0.0,0.0,0.0
2050-01-25 04:00:00,0.0,36.688143568215764,0.0,0.0,0.0,0.0,0.0
2050-01-25 05:00:00,0.0,36.34665471928656,0.0,0.0,0.0,0.0,0.0
2050-01-25 06:00:00,0.0,36.946556452746336,0.0,0.0,0.0,0.0,0.0
2050-01-25 07:00:00,0.0,34.35265341607919,0.0,0.0,0.0,0.0,0.0
2050-01-25 08:00:00,0.0,34.48829283953364,0.0,0.0,0.0,0.0,0.0
2050-01-25 09:00:00,0.0,32.51863185380125,0.0,0.0,0.0,0.0,0.0
2050-01-25 10:00:00,0.0,32.45781705409718,0.0,0.0,0.0,0.0,0.0
2050-01-25 11:00:00,0.0,30.357338382108765,0.0,0.0,0.0,0.0,0.0
2050-01-25 12:00:00,0.0,30.12159283589972,0.0,0.0,0.0,0.0,0.0
2050-01-25 13:00:00,0.0,31.56208325141165,0.0,0.0,0.0,0.0,0.0
2050-01-25 14:00:00,0.0,31.018699114679976,0.0,0.0,0.0,0.0,0.0
2050-01-25 15:00:00,0.0,30.588319120104416,0.0,0.0,0.0,0.0,0.0
2050-01-25 16:00:00,0.0,31.588701532499044,0.0,0.0,0.0,0.0,0.0
2050-01-25 17:00:00,0.0,30.947178413877054,0.0,0.0,0.0,0.0,0.0
2050-01-25 18:00:00,0.0,33.54984438044403,0.0,0.0,0.0,0.0,0.0
2050-01-25 19:00:00,0.0,33.925646324374156,0.0,0.0,0.0,0.0,0.0
2050-01-25 20:00:00,0.0,35.233929476933326,0.0,0.0,0.0,0.0,0.0
2050-01-25 21:00:00,0.0,38.03808737429199,0.0,0.0,0.0,0.0,0.0
2050-01-25 22:00:00,0.0,37.386910194447864,0.0,0.0,0.0,0.0,0.0
2050-01-25 23:00:00,0.0,37.982027451135764,0.0,0.0,0.0,0.0,0.0
2050-01-26 00:00:00,0.0,38.02646204996654,0.0,0.0,0.0,0.0,0.0
2050-01-26 01:00:00,0.0,39.549228946114454,0.0,0.0,0.0,0.0,0.0
2050-01-26 02:00:00,0.0,39.31176633106929,0.0,0.0,0.0,0.0,0.0
2050-01-26 03:00:00,0.0,37.82056303351055,0.0,0.0,0.0,0.0,0.0
2050-01-26 04:00:00,0.0,36.550435896467434,0.0,0.0,0.0,0.0,0.0
2050-01-26 05:00:00,0.0,36.77693381401264,0.0,0.0,0.0,0.0,0.0
2050-01-26 06:00:00,0.0,36.01432383417523,0.0,0.0,0.0,0.0,0.0
2050-01-26 07:00:00,0.0,33.46227750268349,0.0,0.0,0.0,0.0,0.0
2050-01-26 08:00:00,0.0,34.5274778710027,0.0,0.0,0.0,0.0,0.0
2050-01-26 09:00:00,0.0,32.15247265540597,0.0,0.0,0.0,0.0,0.0
2050-01-26 10:00:00,0.0,31.94367875791886,0.0,0.0,0.0,0.0,0.0
2050-01-26 11:00:00,0.0,30.73010495955691,0.0,0.0,0.0,0.0,0.0
2050-01-26 12:00:00,0.0,30.328061217265258,0.0,0.0,0.0,0.0,0.0
2050-01-26 13:00:00,0.0,31.222126885880698,0.0,0.0,0.0,0.0,0.0
2050-01-26 14:00:00,0.0,30.85492833972603,0.0,0.0,0.0,0.0,0.0
2050-01-26 15:00:00,0.0,30.27028367349385,0.0,0.0,0.0,0.0,0.0
2050-01-26 16:00:00,0.0,32.09635947161155,0.0,0.0,0.0,0.0,0.0
2050-01-26 17:00:00,0.0,33.28270229496047,0.0,0.0,0.0,0.0,0.0
2050-01-26 18:00:00,0.0,33.63686963100213,0.0,0.0,0.0,0.0,0.0
2050-01-26 19:00:00,0.0,35.581456209564976,0.0,0.0,0.0,0.0,0.0
2050-01-26 20:00:00,0.0,35.252377824140694,0.0,0.0,0.0,0.0,0.0
2050-01-26 21:00:00,0.0,37.6225715013004,0.0,0.0,0.0,0.0,0.0
2050-01-26 22:00:00,0.0,37.954264196696386,0.0,0.0,0.0,0.0,0.0
2050-01-26 23:00:00,0.0,38.58117096715546,0.0,0.0,0.0,0.0,0.0
2050-01-27 00:00:00,0.0,39.9460615503358,0.0,0.0,0.0,0.0,0.0
2050-01-27 01:00:00,0.0,39.568997311565,0.0,0.0,0.0,0.0,0.0
2050-01-27 02:00:00,0.0,38.63874119225329,0.0,0.0,0.0,0.0,0.0
2050-01-27 03:00:00,0.0,38.85390411681465,0.0,0.0,0.0,0.0,0.0
2050-01-27 04:00:00,0.0,37.29204461438712,0.0,0.0,0.0,0.0,0.0
2050-01-27 05:00:00,0.0,37.309206149457395,0.0,0.0,0.0,0.0,0.0
2050-01-27 06:00:00,0.0,36.869228569793904,0.0,0.0,0.0,0.0,0.0
2050-01-27 07:00:00,0.0,35.68918296777315,0.0,0.0,0.0,0.0,0.0
2050-01-27 08:00:00,0.0,33.28819905555201,0.0,0.0,0.0,0.0,0.0
2050-01-27 09:00:00,0.0,32.598755760136555,0.0,0.0,0.0,0.0,0.0
2050-01-27 10:00:00,0.0,32.29697263890125,0.0,0.0,0.0,0.0,0.0
2050-01-27 11:00:00,0.0,31.58904533114037,0.0,0.0,0.0,0.0,0.0
2050-01-27 12:00:00,0.0,30.34632067653797,0.0,0.0,0.0,0.0,0.0
2050-01-27 13:00:00,0.0,30.795028636072857,0.0,0.0,0.0,0.0,0.0
2050-01-27 14:00:00,0.0,31.043894887863644,0.0,0.0,0.0,0.0,0.0
2050-01-27 15:00:00,0.0,32.17330525972375,0.0,0.0,0.0,0.0,0.0
2050-01-27 16:00:00,0.0,32.037396439203576,0.0,0.0,0.0,0.0,0.0
2050-01-27 17:00:00,0.0,32.70089915469043,0.0,0.0,0.0,0.0,0.0
2050-01-27 18:00:00,0.0,33.03298112895095,0.0,0.0,0.0,0.0,0.0
2050-01-27 19:00:00,0.0,33.888213007756576,0.0,0.0,0.0,0.0,0.0
2050-01-27 20:00:00,0.0,36.586357668932806,0.0,0.0,0.0,0.0,0.0
2050-01-27 21:00:00,0.0,36.98463755722696,0.0,0.0,0.0,0.0,0.0
2050-01-27 22:00:00,0.0,37.46158558439629,0.0,0.0,0.0,0.0,0.0
2050-01-27 23:00:00,0.0,39.21133575890781,0.0,0.0,0.0,0.0,0.0
2050-01-28 00:00:00,0.0,39.26960459297584,0.0,0.0,0.0,0.0,0.0
2050-01-28 01:00:00,0.0,38.953938985380546,0.0,0.0,0.0,0.0,0.0
2050-01-28 02:00:00,0.0,39.452953694031294,0.0,0.0,0.0,0.0,0.0
2050-01-28 03:00:00,0.0,38.16341473300372,0.0,0.0,0.0,0.0,0.0
2050-01-28 04:00:00,0.0,38.355679964528235,0.0,0.0,0.0,0.0,0.0
2050-01-28 05:00:00,0.0,37.229952048380255,0.0,0.0,0.0,0.0,0.0
2050-01-28 06:00:00,0.0,35.63333421192851,0.0,0.0,0.0,0.0,0.0
2050-01-28 07:00:00,0.0,34.58641023963128,0.0,0.0,0.0,0.0,0.0
2050-01-28 08:00:00,0.0,33.280870007867634,0.0,0.0,0.0,0.0,0.0
2050-01-28 09:00:00,0.0,33.352698782703555,0.0,0.0,0.0,0.0,0.0
2050-01-28 10:00:00,0.0,31.8167060765511,0.0,0.0,0.0,0.0,0.0
2050-01-28 11:00:00,0.0,30.601276008285367,0.0,0.0,0.0,0.0,0.0
2050-01-28 12:00:00,0.0,31.26082830119094,0.0,0.0,0.0,0.0,0.0
2050-01-28 13:00:00,0.0,30.971356511091244,0.0,0.0,0.0,0.0,0.0
2050-01-28 14:00:00,0.0,30.826364288819377,0.0,0.0,0.0,0.0,0.0
2050-01-28 15:00:00,0.0,31.369788693808914,0.0,0.0,0.0,0.0,0.0
2050-01-28 16:00:00,0.0,31.66717409472676,0.0,0.0,0.0,0.0,0.0
2050-01-28 17:00:00,0.0,32.382268551732295,0.0,0.0,0.0,0.0,0.0
2050-01-28 18:00:00,0.0,34.352294170653295,0.0,0.0,0.0,0.0,0.0
2050-01-28 19:00:00,0.0,34.07522156654727,0.0,0.0,0.0,0.0,0.0
2050-01-28 20:00:00,0.0,34.838553942918,0.0,0.0,0.0,0.0,0.0
2050-01-28 21:00:00,0.0,35.96363780456454,0.0,0.0,0.0,0.0,0.0
2050-01-28 22:00:00,0.0,38.459691300729446,0.0,0.0,0.0,0.0,0.0
2050-01-28 23:00:00,0.0,37.6519130661693,0.0,0.0,0.0,0.0,0.0
2050-01-29 00:00:00,0.0,36.36560655205312,0.0,0.0,0.0,0.0,0.0
2050-01-29 01:00:00,0.0,36.17126342521169,0.0,0.0,0.0,0.0,0.0
2050-01-29 02:00:00,0.0,35.82170527181438,0.0,0.0,0.0,0.0,0.0
2050-01-29 03:00:00,0.0,36.04771760833205,0.0,0.0,0.0,0.0,0.0
2050-01-29 04:00:00,0.0,35.45605369339978,0.0,0.0,0.0,0.0,0.0
2050-01-29 05:00:00,0.0,36.08113384268495,0.0,0.0,0.0,0.0,0.0
2050-01-29 06:00:00,0.0,33.554444606152856,0.0,0.0,0.0,0.0,0.0
2050-01-29 07:00:00,0.0,32.93389502461241,0.0,0.0,0.0,0.0,0.0
2050-01-29 08:00:00,0.0,33.025068612672385,0.0,0.0,0.0,0.0,0.0
2050-01-29 09:00:00,0.0,31.67196113050568,0.0,0.0,0.0,0.0,0.0
2050-01-29 10:00:00,0.0,30.362450688917306,0.0,0.0,0.0,0.0,0.0
2050-01-29 11:00:00,0.0,29.896417969893946,0.0,0.0,0.0,0.0,0.0
2050-01-29 12:00:00,0.0,28.959965598819736,0.0,0.0,0.0,0.0,0.0
2050-01-29 13:00:00,0.0,29.323719091190696,0.0,0.0,0.0,0.0,0.0
2050-01-29 14:00:00,0.0,29.138262628483062,0.0,0.0,0.0,0.0,0.0
2050-01-29 15:00:00,0.0,28.896127934618562,0.0,0.0,0.0,0.0,0.0
2050-01-29 16:00:00,0.0,31.03525837903703,0.0,0.0,0.0,0.0,0.0
2050-01-29 17:00:00,0.0,30.815095083882625,0.0,0.0,0.0,0.0,0.0
2050-01-29 18:00:00,0.0,32.12927887937235,0.0,0.0,0.0,0.0,0.0
2050-01-29 19:00:00,0.0,32.45618617729406,0.0,0.0,0.0,0.0,0.0
2050-01-29 20:00:00,0.0,32.99194716610555,0.0,0.0,0.0,0.0,0.0
2050-01-29 21:00:00,0.0,33.53562153575808,0.0,0.0,0.0,0.0,0.0
2050-01-29 22:00:00,0.0,33.23358307340618,0.0,0.0,0.0,0.0,0.0
2050-01-29 23:00:00,0.0,36.62554396737892,0.0,0.0,0.0,0.0,0.0
2050-01-30 00:00:00,0.0,35.32725158616904,0.0,0.0,0.0,0.0,0.0
2050-01-30 01:00:00,0.0,36.33998875571001,0.0,0.0,0.0,0.0,0.0
2050-01-30 02:00:00,0.0,36.5920850839027,0.0,0.0,0.0,0.0,0.0
2050-01-30 03:00:00,0.0,35.127115484347314,0.0,0.0,0.0,0.0,0.0
2050-01-30 04:00:00,0.0,35.20521578580633,0.0,0.0,0.0,0.0,0.0
2050-01-30 05:00:00,0.0,35.016896475016665,0.0,0.0,0.0,0.0,0.0
2050-01-30 06:00:00,0.0,33.645769684274455,0.0,0.0,0.0,0.0,0.0
2050-01-30 07:00:00,0.0,33.162030579926295,0.0,0.0,0.0,0.0,0.0
2050-01-30 08:00:00,0.0,30.091360809472008,0.0,0.0,0.0,0.0,0.0
2050-01-30 09:00:00,0.0,31.18177584609475,0.0,0.0,0.0,0.0,0.0
2050-01-30 10:00:00,0.0,30.517538108726512,0.0,0.0,0.0,0.0,0.0
2050-01-30 11:00:00,0.0,28.595502042941007,0.0,0.0,0.0,0.0,0.0
2050-01-30 12:00:00,0.0,29.430529631205445,0.0,0.0,0.0,0.0,0.0
2050-01-30 13:00:00,0.0,28.627992679367253,21.13838927076559,0.0,0.0,0.0,0.0
2050-01-30 14:00:00,0.0,28.84440439407831,37.7380692639674,0.0,0.0,0.0,0.0
2050-01-30 15:00:00,0.0,29.706698241249114,37.7380692639674,0.0,0.0,0.0,0.0
2050-01-30 16:00:00,0.0,29.118966626139354,37.7380692639674,0.0,0.0,20.247789336177995,0.0
2050-01-30 17:00:00,0.0,31.32766813243188,37.7380692639674,0.0,0.0,0.0,0.0
2050-01-30 18:00:00,0.0,31.31261773467145,37.7380692639674,0.0,0.0,0.0,0.0
2050-01-30 19:00:00,0.0,33.29857489564665,37.7380692639674,0.0,0.0,0.0,19.83688129465476
2050-01-30 20:00:00,0.0,33.756899008423034,37.7380692639674,0.0,0.0,0.0,0.0
2050-01-30 21:00:00,0.0,34.94872906730916,37.7380692639674,0.0,0.0,20.247789336177995,0.0
2050-01-30 22:00:00,0.0,34.988211828161184,37.7380692639674,0.0,0.0,0.0,19.840849266099486
2050-01-30 23:00:00,0.0,36.16906138741001,24.94952985672345,0.0,0.0,0.0,0.0
2050-01-31 00:00:00,0.0,38.03970706136829,0.0,17.441081396451807,0.0,20.247789336177995,0.0
2050-01-31 01:00:00,0.0,38.54828937518755,0.0,38.253661069565474,0.0,0.0,0.0
2050-01-31 02:00:00,0.0,37.84954124350065,0.0,40.47488203062699,0.0,0.0,0.0
2050-01-31 03:00:00,0.0,38.46946524993837,0.0,42.63922132884861,0.0,0.0,0.0
2050-01-31 04:00:00,0.0,37.10584865247097,0.0,38.34817830512634,0.0,0.0,19.834897606525296
2050-01-31 05:00:00,0.0,38.71407529651037,0.0,39.23088505615702,0.0,0.0,0.0
2050-01-31 06:00:00,0.0,35.34562578893269,0.0,31.505354902075478,0.0,0.0,0.0
2050-01-31 07:00:00,0.0,33.38558712582176,0.0,0.0,0.0,0.0,0.0
2050-01-31 08:00:00,0.0,34.55636018326004,0.0,0.0,0.0,0.0,0.0
2050-01-31 09:00:00,0.0,32.55594451236561,0.0,18.500367342182532,0.0,0.0,0.0
2050-01-31 10:00:00,0.0,32.242080527215876,0.0,0.0,0.0,0.0,0.0
2050-01-31 11:00:00,0.0,31.29998235253379,0.0,0.0,0.0,0.0,0.0
2050-01-31 12:00:00,0.0,30.360619100215672,0.0,0.0,0.0,0.0,0.0
2050-01-31 13:00:00,0.0,30.336088998638388,0.0,0.0,0.0,0.0,0.0
2050-01-31 14:00:00,0.0,30.17937849798045,0.0,0.0,0.0,0.0,0.0
2050-01-31 15:00:00,0.0,32.14369449664878,0.0,0.0,0.0,0.0,0.0
2050-01-31 16:00:00,0.0,32.34357583024075,0.0,0.0,0.0,0.0,0.0
2050-01-31 17:00:00,0.0,31.932649191463952,0.0,0.0,0.0,0.0,0.0
2050-01-31 18:00:00,0.0,34.460334609957954,0.0,0.0,0.0,0.0,0.0
2050-01-31 19:00:00,0.0,35.289935080098985,0.0,0.0,0.0,0.0,0.0
2050-01-31 20:00:00,0.0,34.79860729949473,0.0,0.0,0.0,0.0,0.0
2050-01-31 21:00:00,0.0,36.37063784034308,0.0,0.0,0.0,0.0,0.0
2050-01-31 22:00:00,0.0,38.14294309395086,0.0,0.0,0.0,0.0,0.0
2050-01-31 23:00:00,0.0,38.72174078969442,0.0,0.0,0.0,0.0,0.0
2050-02-01 00:00:00,0.0,40.53288275371892,0.0,0.0,0.0,0.0,0.0
2050-02-01 01:00:00,0.0,39.07965943351451,0.0,0.0,0.0,0.0,0.0
2050-02-01 02:00:00,0.0,39.675679600822605,0.0,0.0,0.0,0.0,0.0
2050-02-01 03:00:00,0.0,38.147340050751154,0.0,0.0,0.0,0.0,0.0
2050-02-01 04:00:00,0.0,37.768188642211726,0.0,0.0,0.0,0.0,0.0
2050-02-01 05:00:00,0.0,36.99125962843641,0.0,0.0,0.0,0.0,0.0
2050-02-01 06:00:00,0.0,35.93197309938182,0.0,0.0,0.0,0.0,0.0
2050-02-01 07:00:00,0.0,35.03412663770928,0.0,0.0,0.0,0.0,0.0
2050-02-01 08:00:00,0.0,33.86416756601466,0.0,0.0,0.0,0.0,0.0
2050-02-01 09:00:00,0.0,31.73033496734456,0.0,0.0,0.0,0.0,0.0
2050-02-01 10:00:00,0.0,32.373720575255675,0.0,0.0,0.0,0.0,0.0
2050-02-01 11:00:00,0.0,30.554531653406684,0.0,0.0,0.0,0.0,0.0
2050-02-01 12:00:00,0.0,31.35240287801639,0.0,0.0,0.0,0.0,0.0
2050-02-01 13:00:00,0.0,31.098483093419418,0.0,0.0,0.0,0.0,0.0
2050-02-01 14:00:00,0.0,31.27365166670279,0.0,0.0,0.0,0.0,0.0
2050-02-01 15:00:00,0.0,30.895558156192465,0.0,0.0,0.0,0.0,0.0
2050-02-01 16:00:00,0.0,32.11622280798542,0.0,0.0,0.0,0.0,0.0
2050-02-01 17:00:00,0.0,33.27245344085941,0.0,0.0,0.0,0.0,0.0
2050-02-01 18:00:00,0.0,33.452754920908774,0.0,0.0,0.0,0.0,0.0
2050-02-01 19:00:00,0.0,33.867245014535456,0.0,0.0,0.0,0.0,0.0
2050-02-01 20:00:00,0.0,37.21746127053689,0.0,0.0,0.0,0.0,0.0
2050-02-01 21:00:00,0.0,36.81800946453973,0.0,0.0,0.0,0.0,0.0
2050-02-01 22:00:00,0.0,37.48647630815731,0.0,0.0,0.0,0.0,0.0
2050-02-01 23:00:00,0.0,37.758362665654886,0.0,0.0,0.0,0.0,0.0
2050-02-02 00:00:00,0.0,38.004078374654455,0.0,0.0,0.0,0.0,0.0
2050-02-02 01:00:00,0.0,37.01222577821022,0.0,0.0,0.0,0.0,0.0
2050-02-02 02:00:00,0.0,38.12642718151233,0.0,0.0,0.0,0.0,0.0
2050-02-02 03:00:00,0.0,37.7107865500916,0.0,0.0,0.0,0.0,0.0
2050-02-02 04:00:00,0.0,37.220508071590984,0.0,0.0,0.0,0.0,0.0
2050-02-02 05:00:00,0.0,38.44751892331328,0.0,0.0,0.0,0.0,0.0
2050-02-02 06:00:00,0.0,35.9229082946656,0.0,0.0,0.0,0.0,0.0
2050-02-02 07:00:00,0.0,34.64875978788996,0.0,0.0,0.0,0.0,0.0
2050-02-02 08:00:00,0.0,33.89169789113339,0.0,0.0,0.0,0.0,0.0
2050-02-02 09:00:00,0.0,32.32368512777498,0.0,0.0,0.0,0.0,0.0
2050-02-02 10:00:00,0.0,32.79572645675216,0.0,0.0,0.0,0.0,0.0
2050-02-02 11:00:00,0.0,32.07660058380088,0.0,0.0,0.0,0.0,0.0
2050-02-02 12:00:00,0.0,30.420168894626613,9.2715626315564,0.0,0.0,0.0,0.0
2050-02-02 13:00:00,0.0,31.355065226581246,0.0,0.0,0.0,6.486848795168435,0.0
2050-02-02 14:00:00,0.0,31.35913017891221,37.7380692639674,0.0,0.0,20.247789336177995,0.0
2050-02-02 15:00:00,0.0,32.970115179887216,20.11716373879016,0.0,0.0,20.247789336177995,0.0
2050-02-02 16:00:00,0.0,32.78513587266639,37.7380692639674,0.0,0.0,20.247789336177995,0.0
2050-02-02 17:00:00,0.0,31.93569250825567,20.11716373879016,0.0,0.0,20.247789336177995,0.0
2050-02-02 18:00:00,0.0,33.5904553067985,28.92541333739714,0.0,0.0,20.247789336177995,0.0
2050-02-02 19:00:00,0.0,35.5169429288585,37.7380692639674,0.0,0.0,20.247789336177995,0.0
2050-02-02 20:00:00,0.0,36.45249363842345,37.7380692639674,0.0,0.0,20.247789336177995,0.0
2050-02-02 21:00:00,0.0,37.977161943224246,37.7380692639674,0.0,0.0,20.247789336177995,0.0
2050-02-02 22:00:00,0.0,37.815319359550585,37.7380692639674,0.0,0.0,20.247789336177995,0.0
2050-02-02 23:00:00,0.0,38.78653647658598,37.7380692639674,0.0,0.0,20.247789336177995,0.0
2050-02-03 00:00:00,0.0,40.173514268200734,37.7380692639674,0.0,0.0,20.247789336177995,0.0
2050-02-03 01:00:00,0.0,39.63927808037715,37.7380692639674,0.0,0.0,20.247789336177995,0.0
2050-02-03 02:00:00,0.0,39.007741193409174,37.7380692639674,0.0,0.0,20.247789336177995,0.0
2050-02-03 03:00:00,0.0,40.45470836166851,37.7380692639674,0.0,0.0,20.247789336177995,0.0
2050-02-03 04:00:00,0.0,37.88694032027411,37.7380692639674,0.0,0.0,20.247789336177995,0.0
2050-02-03 05:00:00,0.0,37.20078045373475,37.7380692639674,0.0,0.0,20.247789336177995,0.0
2050-02-03 06:00:00,0.0,35.448947221588014,37.7380692639674,0.0,0.0,20.247789336177995,0.0
2050-02-03 07:00:00,0.0,35.16932178572347,30.552088844829,0.0,0.0,20.247789336177995,0.0
2050-02-03 08:00:00,0.0,32.72709435495335,15.362589254435747,0.0,0.0,20.247789336177995,0.0
2050-02-03 09:00:00,0.0,33.894603159737244,22.7026839086322,0.0,0.0,20.247789336177995,0.0
2050-02-03 10:00:00,0.0,30.597333520118354,5.376346955087492,0.0,0.0,20.247789336177995,0.0
2050-02-03 11:00:00,0.0,31.891330657379285,18.027115699620243,0.0,0.0,20.247789336177995,0.0
2050-02-03 12:00:00,0.0,30.39856945819156,37.7380692639674,0.0,0.0,20.247789336177995,0.0
2050-02-03 13:00:00,0.0,30.998510719010028,37.7380692639674,0.0,0.0,20.247789336177995,0.0
2050-02-03 14:00:00,0.0,31.8554179749774,37.7380692639674,0.0,0.0,20.247789336177995,0.0
2050-02-03 15:00:00,0.0,31.343606992558307,37.7380692639674,0.0,0.0,0.0,0.0
2050-02-03 16:00:00,0.0,32.3252937663035,37.7380692639674,0.0,0.0,17.597492329866967,0.0
2050-02-03 17:00:00,0.0,32.452607338129155,37.7380692639674,0.0,0.0,0.0,0.0
2050-02-03 18:00:00,0.0,33.67571578572756,37.7380692639674,0.0,0.0,0.0,0.0
2050-02-03 19:00:00,0.0,35.822865318624736,37.7380692639674,0.0,0.0,0.0,0.0
2050-02-03 20:00:00,0.0,35.52765720230718,37.7380692639674,0.0,0.0,0.0,0.0
2050-02-03 21:00:00,0.0,37.71938514166641,37.7380692639674,0.0,0.0,0.0,0.0
2050-02-03 22:00:00,0.0,38.083648797245814,37.7380692639674,0.0,0.0,0.0,0.0
2050-02-03 23:00:00,0.0,38.29433424627314,30.872939587553084,0.0,0.0,0.0,0.0
2050-02-04 00:00:00,0.0,39.79272472852017,6.76543683307764,0.0,0.0,0.0,0.0
2050-02-04 01:00:00,0.0,38.445243841176534,0.0,7.765537866958205,0.0,0.0,0.0
2050-02-04 02:00:00,0.0,39.30267319752397,0.0,24.381467110181745,0.0,0.0,0.0
2050-02-04 03:00:00,0.0,37.602694616077315,0.0,39.06915716882363,0.0,0.0,0.0
2050-02-04 04:00:00,0.0,37.763937251429525,0.0,48.62552183750089,0.0,0.0,0.0
2050-02-04 05:00:00,0.0,36.1343307433292,0.0,48.62552183750089,0.0,0.0,38.394910120795046
2050-02-04 06:00:00,0.0,36.20474084575426,0.0,48.62552183750089,0.0,0.0,2.9232286365377425
2050-02-04 07:00:00,0.0,35.614999119677805,0.0,48.62552183750089,0.0,0.0,0.0
2050-02-04 08:00:00,0.0,34.581625967214904,0.0,48.62552183750089,0.0,0.0,0.0
2050-02-04 09:00:00,0.0,33.172038631104215,0.0,0.3973425350486081,0.0,0.0,38.394910120795046
2050-02-04 10:00:00,0.0,32.16716694302545,0.0,0.0,0.0,0.0,0.0
2050-02-04 11:00:00,0.0,31.06459670902541,0.0,0.0,0.0,0.0,0.0
2050-02-04 12:00:00,0.0,30.694715185783707,0.0,0.0,0.0,0.0,0.0
2050-02-04 13:00:00,0.0,30.201393222274874,0.0,0.0,0.0,0.0,24.77423799596351
2050-02-04 14:00:00,0.0,32.198721523360746,0.0,0.0,0.0,0.0,38.394910120795046
2050-02-04 15:00:00,0.0,31.288884673540224,12.569523766682309,0.0,0.0,0.0,38.394910120795046
2050-02-04 16:00:00,0.0,31.92139951470108,22.113997143902033,0.0,0.0,0.0,0.0
2050-02-04 17:00:00,0.0,32.97051024345865,37.7380692639674,0.0,0.0,0.0,0.0
2050-02-04 18:00:00,0.0,33.3352390005964,37.7380692639674,0.0,0.0,0.0,0.0
2050-02-04 19:00:00,0.0,36.12033962877604,37.7380692639674,0.0,0.0,0.0,0.0
2050-02-04 20:00:00,0.0,35.73811855442818,32.61886093014427,0.0,0.0,0.0,0.0
2050-02-04 21:00:00,0.0,36.348427620021994,17.431404750879572,0.0,0.0,0.0,0.0
2050-02-04 22:00:00,0.0,39.29472425407539,0.0,7.0036306614682715,0.0,0.0,0.0
2050-02-04 23:00:00,0.0,39.53866188219081,0.0,44.648434156126314,0.0,0.0,0.0
2050-02-05 00:00:00,0.0,37.202534779364896,0.0,48.62552183750089,0.0,0.0,0.0
2050-02-05 01:00:00,0.0,36.499835078236856,0.0,48.62552183750089,0.0,0.0,38.394910120795046
2050-02-05 02:00:00,0.0,37.775876843588776,0.0,48.62552183750089,0.0,0.0,38.394910120795046
2050-02-05 03:00:00,0.0,36.32544182527772,0.0,48.62552183750089,0.0,0.0,38.394910120795046
2050-02-05 04:00:00,0.0,35.882042102880405,0.0,48.62552183750089,0.0,0.0,38.394910120795046
2050-02-05 05:00:00,0.0,35.67332275571016,0.0,48.62552183750089,0.0,0.0,38.394910120795046
2050-02-05 06:00:00,0.0,34.03658161650242,0.0,48.62552183750089,0.0,0.0,0.8409727032468122
2050-02-05 07:00:00,0.0,32.595664340279654,0.0,48.62552183750089,0.0,0.0,0.0
2050-02-05 08:00:00,0.0,30.500749451850197,0.0,48.62552183750089,0.0,0.0,38.394910120795046
2050-02-05 09:00:00,0.0,31.622128017113482,0.0,48.62552183750089,0.0,0.0,38.394910120795046
2050-02-05 10:00:00,0.0,28.741565030520178,0.0,0.0,0.0,0.0,38.394910120795046
2050-02-05 11:00:00,0.0,29.008827118305362,0.0,42.74981400982001,0.0,0.0,28.070089630871948
2050-02-05 12:00:00,0.0,28.52735089090106,0.0,22.355888704734035,0.0,0.0,0.0
2050-02-05 13:00:00,0.0,28.59243973937123,0.0,0.0,0.0,0.0,0.0
2050-02-05 14:00:00,0.0,28.79582057607263,0.0,0.0,0.0,0.0,0.0
2050-02-05 15:00:00,0.0,29.694989518797456,0.0,0.0,0.0,0.0,0.0
2050-02-05 16:00:00,0.0,29.841401580547426,0.0,0.0,0.0,0.0,0.0
2050-02-05 17:00:00,0.0,29.12032024263658,0.0,0.0,0.0,0.0,0.0
2050-02-05 18:00:00,0.0,31.779399596141502,0.0,0.0,0.0,0.0,0.0
2050-02-05 19:00:00,0.0,32.01590814748761,0.0,0.0,0.0,0.0,0.0
2050-02-05 20:00:00,0.0,33.531842922781834,0.0,0.0,0.0,0.0,0.0
2050-02-05 21:00:00,0.0,33.86631662445711,0.0,0.0,0.0,0.0,0.0
2050-02-05 22:00:00,0.0,35.47741816694679,0.0,0.0,0.0,0.0,0.0
2050-02-05 23:00:00,0.0,35.99057756717798,0.0,0.0,0.0,0.0,0.0
2050-02-06 00:00:00,0.0,37.19177458044669,0.0,0.0,0.0,0.0,0.0
2050-02-06 01:00:00,0.0,37.071885339890514,0.0,0.0,0.0,0.0,0.0
2050-02-06 02:00:00,0.0,37.31590130339782,0.0,0.0,0.0,0.0,0.0
2050-02-06 03:00:00,0.0,35.161133389510496,0.0,0.0,0.0,0.0,0.0
2050-02-06 04:00:00,0.0,36.58277593921093,0.0,0.0,0.0,0.0,0.0
2050-02-06 05:00:00,0.0,34.4293332118682,0.0,0.0,0.0,0.0,0.0
2050-02-06 06:00:00,0.0,34.13073052035065,0.0,0.0,0.0,0.0,0.0
2050-02-06 07:00:00,0.0,33.263005419313004,0.0,0.0,0.0,0.0,0.0
2050-02-06 08:00:00,0.0,32.28931646600631,0.0,0.0,0.0,0.0,0.0
2050-02-06 09:00:00,0.0,30.780581412935817,0.0,0.0,0.0,0.0,0.0
2050-02-06 10:00:00,0.0,29.207769676968383,0.0,0.0,0.0,0.0,0.0
2050-02-06 11:00:00,0.0,29.911531200125637,0.0,0.0,0.0,0.0,0.0
2050-02-06 12:00:00,0.0,29.77925802413324,0.0,0.0,0.0,0.0,0.0
2050-02-06 13:00:00,0.0,29.60071339632964,0.0,0.0,0.0,0.0,0.0
2050-02-06 14:00:00,0.0,29.721498837923036,0.0,0.0,0.0,0.0,0.0
2050-02-06 15:00:00,0.0,30.408090597287128,0.0,0.0,0.0,0.0,0.0
2050-02-06 16:00:00,0.0,30.64483781811373,0.0,0.0,0.0,0.0,0.0
2050-02-06 17:00:00,0.0,30.661329273589445,0.0,0.0,0.0,0.0,0.0
2050-02-06 18:00:00,0.0,32.33211820026713,0.0,0.0,0.0,0.0,0.0
2050-02-06 19:00:00,0.0,32.163698483100916,0.0,0.0,0.0,0.0,0.0
2050-02-06 20:00:00,0.0,33.86698595268717,0.0,0.0,0.0,0.0,0.0
2050-02-06 21:00:00,0.0,34.93328081468826,0.0,0.0,0.0,0.0,0.0
2050-02-06 22:00:00,0.0,36.46060431597425,0.0,0.0,0.0,0.0,0.0
2050-02-06 23:00:00,0.0,36.079611131308184,0.0,0.0,0.0,0.0,0.0
2050-02-07 00:00:00,0.0,38.88833699164661,0.0,0.0,0.0,0.0,0.0
2050-02-07 01:00:00,0.0,38.78266145012367,0.0,0.0,0.0,0.0,0.0
2050-02-07 02:00:00,0.0,39.434113499761224,0.0,0.0,0.0,0.0,0.0
2050-02-07 03:00:00,0.0,37.31180066097522,0.0,0.0,0.0,0.0,0.0
2050-02-07 04:00:00,0.0,36.26241509724855,0.0,0.0,0.0,0.0,0.0
2050-02-07 05:00:00,0.0,38.329685505241514,0.0,0.0,0.0,0.0,0.0
2050-02-07 06:00:00,0.0,36.960792072732374,0.0,0.0,0.0,0.0,0.0
2050-02-07 07:00:00,0.0,35.45089054276809,0.0,0.0,0.0,0.0,0.0
2050-02-07 08:00:00,0.0,34.15359510920234,0.0,0.0,0.0,0.0,0.0
2050-02-07 09:00:00,0.0,32.500358686588925,0.0,0.0,0.0,0.0,0.0
2050-02-07 10:00:00,0.0,31.062264382843523,0.0,0.0,0.0,0.0,0.0
2050-02-07 11:00:00,0.0,31.6204434123772,0.0,0.0,0.0,0.0,0.0
2050-02-07 12:00:00,0.0,30.244374699597756,0.0,0.0,0.0,0.0,0.0
2050-02-07 13:00:00,0.0,31.367268122157384,0.0,0.0,0.0,0.0,0.0
2050-02-07 14:00:00,0.0,31.09081555910825,0.0,0.0,0.0,0.0,0.0
2050-02-07 15:00:00,0.0,30.477744753369507,0.0,0.0,0.0,0.0,0.0
2050-02-07 16:00:00,0.0,32.18261556386119,0.0,0.0,0.0,0.0,0.0
2050-02-07 17:00:00,0.0,31.743963329630333,0.0,0.0,0.0,0.0,0.0
2050-02-07 18:00:00,0.0,33.41723998103612,0.0,0.0,0.0,0.0,0.0
2050-02-07 19:00:00,0.0,35.64922611122779,0.0,0.0,0.0,0.0,0.0
2050-02-07 20:00:00,0.0,35.570040012962636,0.0,0.0,0.0,0.0,0.0
2050-02-07 21:00:00,0.0,36.8748514097033,0.0,0.0,0.0,0.0,0.0
2050-02-07 22:00:00,0.0,37.474518366341954,0.0,0.0,0.0,0.0,0.0
2050-02-07 23:00:00,0.0,38.22624495915284,0.0,0.0,0.0,0.0,0.0
2050-02-08 00:00:00,0.0,39.831655387856244,0.0,0.0,0.0,0.0,0.0
2050-02-08 01:00:00,0.0,39.58548472971552,0.0,0.0,0.0,0.0,0.0
2050-02-08 02:00:00,0.0,39.48349840705919,0.0,0.0,0.0,0.0,0.0
2050-02-08 03:00:00,0.0,37.50135944373051,0.0,0.0,0.0,0.0,0.0
2050-02-08 04:00:00,0.0,37.826226001128816,0.0,0.0,0.0,0.0,0.0
2050-02-08 05:00:00,0.0,36.59856738389817,0.0,0.0,0.0,0.0,0.0
2050-02-08 06:00:00,0.0,36.2448118783916,0.0,0.0,0.0,0.0,0.0
2050-02-08 07:00:00,0.0,34.35888693933998,0.0,0.0,0.0,0.0,0.0
2050-02-08 08:00:00,0.0,34.63395004530844,0.0,0.0,0.0,0.0,0.0
2050-02-08 09:00:00,0.0,34.72052094249716,0.0,0.0,0.0,0.0,0.0
2050-02-08 10:00:00,0.0,32.19470505878121,0.0,0.0,0.0,0.0,0.0
2050-02-08 11:00:00,0.0,31.088647615905757,0.0,0.0,0.0,0.0,0.0
2050-02-08 12:00:00,0.0,31.507246491088836,0.0,0.0,0.0,0.0,0.0
2050-02-08 13:00:00,0.0,29.8846176089055,0.0,0.0,0.0,0.0,0.0
2050-02-08 14:00:00,0.0,30.697197962218297,0.0,0.0,0.0,0.0,0.0
2050-02-08 15:00:00,0.0,31.984511431943474,0.0,0.0,0.0,0.0,0.0
2050-02-08 16:00:00,0.0,31.88092138324828,0.0,0.0,0.0,0.0,0.0
2050-02-08 17:00:00,0.0,32.970361970522845,0.0,0.0,0.0,0.0,0.0
2050-02-08 18:00:00,0.0,34.93032191400084,0.0,0.0,0.0,0.0,0.0
2050-02-08 19:00:00,0.0,35.25842542844225,0.0,0.0,0.0,0.0,0.0
2050-02-08 20:00:00,0.0,36.60172666865401,0.0,0.0,0.0,0.0,0.0
2050-02-08 21:00:00,0.0,36.501814362361756,0.0,0.0,0.0,0.0,0.0
2050-02-08 22:00:00,0.0,39.685243872462706,0.0,0.0,0.0,0.0,0.0
2050-02-08 23:00:00,0.0,38.469700646612864,0.0,0.0,0.0,0.0,0.0
2050-02-09 00:00:00,0.0,39.56210848678779,0.0,0.0,0.0,0.0,0.0
2050-02-09 01:00:00,0.0,39.41501659529672,0.0,0.0,0.0,0.0,0.0
2050-02-09 02:00:00,0.0,39.173854752476245,0.0,0.0,0.0,0.0,0.0
2050-02-09 03:00:00,0.0,37.84230644146396,0.0,0.0,0.0,0.0,0.0
2050-02-09 04:00:00,0.0,37.92397676256451,0.0,0.0,0.0,0.0,0.0
2050-02-09 05:00:00,0.0,37.331606237878304,0.0,0.0,0.0,0.0,0.0
2050-02-09 06:00:00,0.0,37.23261735126471,0.0,0.0,0.0,0.0,0.0
2050-02-09 07:00:00,0.0,35.26646410629496,0.0,0.0,0.0,0.0,0.0
2050-02-09 08:00:00,0.0,33.769748027930746,0.0,0.0,0.0,0.0,0.0
2050-02-09 09:00:00,0.0,33.17714122490156,0.0,0.0,0.0,0.0,0.0
2050-02-09 10:00:00,0.0,32.28208915378218,0.0,0.0,0.0,0.0,0.0
2050-02-09 11:00:00,0.0,31.442765383805863,0.0,0.0,0.0,0.0,0.0
2050-02-09 12:00:00,0.0,31.240932874224427,0.0,0.0,0.0,0.0,0.0
2050-02-09 13:00:00,0.0,31.931187619821685,0.0,0.0,0.0,0.0,0.0
2050-02-09 14:00:00,0.0,31.087309096743184,0.0,0.0,0.0,0.0,0.0
2050-02-09 15:00:00,0.0,30.710290462716557,0.0,0.0,0.0,0.0,0.0
2050-02-09 16:00:00,0.0,31.836513161251787,0.0,0.0,0.0,0.0,0.0
2050-02-09 17:00:00,0.0,32.85910119320465,0.0,0.0,0.0,0.0,0.0
2050-02-09 18:00:00,0.0,33.58449873077711,0.0,0.0,0.0,0.0,0.0
2050-02-09 19:00:00,0.0,35.26850897459599,0.0,0.0,0.0,0.0,0.0
2050-02-09 20:00:00,0.0,36.92825407116993,0.0,0.0,0.0,0.0,0.0
2050-02-09 21:00:00,0.0,35.831238328198424,0.0,0.0,0.0,0.0,0.0
2050-02-09 22:00:00,0.0,37.317582308810415,0.0,0.0,0.0,0.0,0.0
2050-02-09 23:00:00,0.0,38.45000141748096,0.0,0.0,0.0,0.0,0.0
2050-02-10 00:00:00,0.0,39.75623634711883,0.0,0.0,0.0,0.0,0.0
2050-02-10 01:00:00,0.0,38.00978082246729,0.0,0.0,0.0,0.0,0.0
2050-02-10 02:00:00,0.0,40.030383880490945,0.0,0.0,0.0,0.0,0.0
2050-02-10 03:00:00,0.0,39.99750656221727,0.0,0.0,0.0,0.0,0.0
2050-02-10 04:00:00,0.0,39.06314982326785,0.0,0.0,0.0,0.0,0.0
2050-02-10 05:00:00,0.0,37.474107319982295,0.0,0.0,0.0,0.0,0.0
2050-02-10 06:00:00,0.0,35.34921451391256,0.0,0.0,0.0,0.0,0.0
2050-02-10 07:00:00,0.0,34.83411812943609,0.0,0.0,0.0,0.0,0.0
2050-02-10 08:00:00,0.0,33.6610349440557,0.0,0.0,0.0,0.0,0.0
2050-02-10 09:00:00,0.0,33.1448032837518,0.0,0.0,0.0,0.0,0.0
2050-02-10 10:00:00,0.0,32.77199907416525,0.0,0.0,0.0,0.0,0.0
2050-02-10 11:00:00,0.0,31.88601128923665,0.0,0.0,0.0,0.0,0.0
2050-02-10 12:00:00,0.0,30.570317067266387,0.0,0.0,0.0,0.0,0.0
2050-02-10 13:00:00,0.0,31.556017400136398,0.0,0.0,0.0,0.0,0.0
2050-02-10 14:00:00,0.0,31.831362870738076,0.0,0.0,0.0,0.0,0.0
2050-02-10 15:00:00,0.0,30.941896819730573,0.0,0.0,0.0,0.0,0.0
2050-02-10 16:00:00,0.0,31.596226092335428,0.0,0.0,0.0,0.0,0.0
2050-02-10 17:00:00,0.0,32.77221516475606,0.0,0.0,0.0,0.0,0.0
2050-02-10 18:00:00,0.0,34.325948950387556,0.0,0.0,0.0,0.0,0.0
2050-02-10 19:00:00,0.0,34.49956669351127,0.0,0.0,0.0,0.0,0.0
2050-02-10 20:00:00,0.0,37.13288286474608,0.0,0.0,0.0,0.0,0.0
2050-02-10 21:00:00,0.0,37.43701796442542,0.0,0.0,0.0,0.0,0.0
2050-02-10 22:00:00,0.0,38.79749886975719,0.0,0.0,0.0,0.0,0.0
2050-02-10 23:00:00,0.0,38.422572765551195,0.0,0.0,0.0,0.0,0.0
2050-02-11 00:00:00,0.0,38.63510140934022,0.0,0.0,0.0,0.0,0.0
2050-02-11 01:00:00,0.0,39.77838369019037,0.0,0.0,0.0,0.0,0.0
2050-02-11 02:00:00,0.0,40.90682241464583,0.0,0.0,0.0,0.0,0.0
2050-02-11 03:00:00,0.0,39.50818888060212,0.0,0.0,0.0,0.0,0.0
2050-02-11 04:00:00,0.0,39.25997820872453,0.0,0.0,0.0,0.0,0.0
2050-02-11 05:00:00,0.0,37.05280827999695,0.0,0.0,0.0,0.0,0.0
2050-02-11 06:00:00,0.0,35.936565745386815,0.0,0.0,0.0,0.0,0.0
2050-02-11 07:00:00,0.0,35.251716254344274,0.0,0.0,0.0,0.0,0.0
2050-02-11 08:00:00,0.0,34.57502406718936,0.0,0.0,0.0,0.0,0.0
2050-02-11 09:00:00,0.0,33.16814355888141,0.0,0.0,0.0,0.0,0.0
2050-02-11 10:00:00,0.0,31.508231546437628,0.0,0.0,0.0,0.0,0.0
2050-02-11 11:00:00,0.0,30.612230429495412,0.0,0.0,0.0,0.0,0.0
2050-02-11 12:00:00,0.0,31.32054091480768,0.0,0.0,0.0,0.0,0.0
2050-02-11 13:00:00,0.0,30.909235546244645,0.0,0.0,0.0,0.0,0.0
2050-02-11 14:00:00,0.0,32.818015375368304,0.0,0.0,0.0,0.0,0.0
2050-02-11 15:00:00,0.0,31.205544688722284,0.0,0.0,0.0,0.0,0.0
2050-02-11 16:00:00,0.0,31.633895013757183,0.0,0.0,0.0,0.0,0.0
2050-02-11 17:00:00,0.0,33.56685372724678,0.0,0.0,0.0,0.0,0.0
2050-02-11 18:00:00,0.0,33.90341799259909,0.0,0.0,0.0,0.0,0.0
2050-02-11 19:00:00,0.0,35.230113449822056,0.0,0.0,0.0,0.0,0.0
2050-02-11 20:00:00,0.0,37.00282541073625,0.0,0.0,0.0,0.0,0.0
2050-02-11 21:00:00,0.0,36.55920997584758,0.0,0.0,0.0,0.0,0.0
2050-02-11 22:00:00,0.0,37.81299514491889,0.0,0.0,0.0,0.0,0.0
2050-02-11 23:00:00,0.0,38.324469424350355,0.0,0.0,0.0,0.0,0.0
2050-02-12 00:00:00,0.0,36.407405996814305,0.0,0.0,0.0,0.0,0.0
2050-02-12 01:00:00,0.0,36.54637779112181,0.0,0.0,0.0,0.0,0.0
2050-02-12 02:00:00,0.0,36.686023938982316,0.0,0.0,0.0,0.0,0.0
2050-02-12 03:00:00,0.0,37.48925298192148,0.0,0.0,0.0,0.0,0.0
2050-02-12 04:00:00,0.0,35.74855124545866,0.0,0.0,0.0,0.0,0.0
2050-02-12 05:00:00,0.0,34.35006366040648,0.0,0.0,0.0,0.0,0.0
2050-02-12 06:00:00,0.0,33.99375391257354,0.0,0.0,0.0,0.0,0.0
2050-02-12 07:00:00,0.0,32.614415229794076,0.0,0.0,0.0,0.0,0.0
2050-02-12 08:00:00,0.0,32.08909598438004,0.0,0.0,0.0,0.0,0.0
2050-02-12 09:00:00,0.0,31.04124036385042,0.0,0.0,0.0,0.0,0.0
2050-02-12 10:00:00,0.0,29.78734839580102,0.0,0.0,0.0,0.0,0.0
2050-02-12 11:00:00,0.0,29.446822414715825,0.0,0.0,0.0,0.0,0.0
2050-02-12 12:00:00,0.0,29.565034112768444,0.0,0.0,0.0,0.0,0.0
2050-02-12 13:00:00,0.0,29.8579883864777,0.0,0.0,0.0,0.0,0.0
2050-02-12 14:00:00,0.0,29.17891853106289,0.0,0.0,0.0,0.0,0.0
2050-02-12 15:00:00,0.0,30.43022974968062,0.0,0.0,0.0,0.0,0.0
2050-02-12 16:00:00,0.0,30.89064215565122,0.0,0.0,0.0,0.0,0.0
2050-02-12 17:00:00,0.0,30.263938864099828,0.0,0.0,0.0,0.0,0.0
2050-02-12 18:00:00,0.0,31.7119247201897,0.0,0.0,0.0,0.0,0.0
2050-02-12 19:00:00,0.0,30.9382029615565,0.0,0.0,0.0,0.0,0.0
2050-02-12 20:00:00,0.0,33.35174800411846,0.0,0.0,0.0,0.0,0.0
2050-02-12 21:00:00,0.0,34.862399189658845,0.0,0.0,0.0,0.0,0.0
2050-02-12 22:00:00,0.0,35.227376738101384,0.0,0.0,0.0,0.0,0.0
2050-02-12 23:00:00,0.0,36.51422200170646,0.0,0.0,0.0,0.0,0.0
2050-02-13 00:00:00,0.0,36.63230737131016,0.0,0.0,0.0,0.0,0.0
2050-02-13 01:00:00,0.0,37.285688755586534,0.0,0.0,0.0,0.0,0.0
2050-02-13 02:00:00,0.0,36.53671426940559,0.0,0.0,0.0,0.0,0.0
2050-02-13 03:00:00,0.0,36.81417477575951,0.0,0.0,0.0,0.0,0.0
2050-02-13 04:00:00,0.0,35.96487226845966,0.0,0.0,0.0,0.0,0.0
2050-02-13 05:00:00,964.7726455409249,1000.0,0.0,0.0,0.0,0.0,0.0
2050-02-13 06:00:00,0.0,34.734058605326254,0.0,0.0,0.0,0.0,0.0
2050-02-13 07:00:00,0.0,32.579218383834814,0.0,0.0,0.0,0.0,0.0
2050-02-13 08:00:00,0.0,33.20435051812933,0.0,0.0,0.0,0.0,0.0
2050-02-13 09:00:00,0.0,31.12299872973017,0.0,0.0,0.0,0.0,0.0
2050-02-13 10:00:00,0.0,30.511099894204563,0.0,0.0,0.0,0.0,0.0
2050-02-13 11:00:00,0.0,29.572710195918262,0.0,0.0,0.0,0.0,0.0
2050-02-13 12:00:00,0.0,29.049935370255753,0.0,0.0,0.0,0.0,0.0
2050-02-13 13:00:00,0.0,28.378929132025178,0.0,0.0,0.0,0.0,0.0
2050-02-13 14:00:00,0.0,29.02147614362616,0.0,0.0,0.0,0.0,0.0
2050-02-13 15:00:00,0.0,28.84605062052674,0.0,0.0,0.0,0.0,0.0
2050-02-13 16:00:00,0.0,29.54540350779871,0.0,0.0,0.0,0.0,0.0
2050-02-13 17:00:00,0.0,32.06773368601762,0.0,0.0,0.0,0.0,0.0
2050-02-13 18:00:00,0.0,32.09067289389736,0.0,0.0,0.0,0.0,0.0
2050-02-13 19:00:00,0.0,32.929988090072584,0.0,0.0,0.0,0.0,0.0
2050-02-13 20:00:00,0.0,33.45871803691557,0.0,0.0,0.0,0.0,0.0
2050-02-13 21:00:00,0.0,35.07513995340764,0.0,0.0,0.0,0.0,0.0
2050-02-13 22:00:00,0.0,35.915363622621726,0.0,0.0,0.0,0.0,0.0
2050-02-13 23:00:00,0.0,36.98646189219744,0.0,0.0,0.0,0.0,0.0
2050-02-14 00:00:00,0.0,39.21032363085624,0.0,0.0,0.0,0.0,0.0
2050-02-14 01:00:00,0.0,39.597308007093716,0.0,0.0,0.0,0.0,0.0
2050-02-14 02:00:00,0.0,40.2671627225875,0.0,0.0,0.0,0.0,0.0
2050-02-14 03:00:00,0.0,39.3023115061319,0.0,0.0,0.0,0.0,0.0
2050-02-14 04:00:00,0.0,39.030668079584075,0.0,0.0,0.0,0.0,0.0
2050-02-14 05:00:00,0.0,36.144017044626025,0.0,0.0,0.0,0.0,0.0
2050-02-14 06:00:00,0.0,36.125870539632615,0.0,0.0,0.0,0.0,0.0
2050-02-14 07:00:00,0.0,36.06761146380222,0.0,0.0,0.0,0.0,0.0
2050-02-14 08:00:00,0.0,34.25508937457221,0.0,0.0,0.0,0.0,0.0
2050-02-14 09:00:00,0.0,34.068951230930224,0.0,0.0,0.0,0.0,0.0
2050-02-14 10:00:00,0.0,32.07197124708,0.0,0.0,0.0,0.0,0.0
2050-02-14 11:00:00,0.0,32.31061612445865,0.0,0.0,0.0,0.0,0.0
2050-02-14 12:00:00,0.0,30.013207796501774,0.0,0.0,0.0,0.0,0.0
2050-02-14 13:00:00,0.0,30.550255818851383,0.0,0.0,0.0,0.0,0.0
2050-02-14 14:00:00,0.0,31.26740390704572,0.0,0.0,0.0,0.0,0.0
2050-02-14 15:00:00,0.0,30.843626512470337,0.0,0.0,0.0,0.0,0.0
2050-02-14 16:00:00,0.0,30.944448305392598,0.0,0.0,0.0,0.0,0.0
2050-02-14 17:00:00,0.0,33.666271254560115,0.0,0.0,0.0,0.0,0.0
2050-02-14 18:00:00,0.0,35.34703896365386,0.0,0.0,0.0,0.0,0.0
2050-02-14 19:00:00,0.0,35.45100039059412,0.0,0.0,0.0,0.0,0.0
2050-02-14 20:00:00,0.0,35.36971394058901,0.0,0.0,0.0,0.0,0.0
2050-02-14 21:00:00,0.0,37.317343791046824,0.0,0.0,0.0,0.0,0.0
2050-02-14 22:00:00,0.0,37.19861698382692,0.0,0.0,0.0,0.0,0.0
2050-02-14 23:00:00,0.0,37.27030475548327,0.0,0.0,0.0,0.0,0.0
2050-02-15 00:00:00,0.0,39.78276988425546,0.0,0.0,0.0,0.0,0.0
2050-02-15 01:00:00,0.0,39.91104740295805,0.0,0.0,0.0,0.0,0.0
2050-02-15 02:00:00,0.0,39.41282113924626,0.0,0.0,0.0,0.0,0.0
2050-02-15 03:00:00,0.0,37.89684605928778,0.0,0.0,0.0,0.0,0.0
2050-02-15 04:00:00,0.0,36.28657680916581,0.0,0.0,0.0,0.0,0.0
2050-02-15 05:00:00,0.0,37.78886757459327,0.0,0.0,0.0,0.0,0.0
2050-02-15 06:00:00,0.0,36.27610349466249,0.0,0.0,0.0,0.0,0.0
2050-02-15 07:00:00,0.0,35.95802103995288,0.0,0.0,0.0,0.0,0.0
2050-02-15 08:00:00,0.0,33.036148920906044,0.0,0.0,0.0,0.0,0.0
2050-02-15 09:00:00,0.0,31.53071780111054,0.0,0.0,0.0,0.0,0.0
2050-02-15 10:00:00,0.0,32.8362745568636,0.0,0.0,0.0,0.0,0.0
2050-02-15 11:00:00,0.0,32.53901049492197,0.0,0.0,0.0,0.0,0.0
2050-02-15 12:00:00,0.0,31.79722118113318,0.0,0.0,0.0,0.0,0.0
2050-02-15 13:00:00,0.0,31.388817210532807,0.0,0.0,0.0,0.0,0.0
2050-02-15 14:00:00,0.0,31.234314991873134,0.0,0.0,0.0,0.0,0.0
2050-02-15 15:00:00,0.0,31.963624564527436,0.0,0.0,0.0,0.0,0.0
2050-02-15 16:00:00,0.0,31.832317552704353,0.0,0.0,0.0,0.0,0.0
2050-02-15 17:00:00,0.0,34.53259770330101,0.0,0.0,0.0,0.0,0.0
2050-02-15 18:00:00,0.0,35.217989650624986,0.0,0.0,0.0,0.0,0.0
2050-02-15 19:00:00,0.0,33.95109690036065,0.0,0.0,0.0,0.0,0.0
2050-02-15 20:00:00,0.0,37.20362261350624,0.0,0.0,0.0,0.0,0.0
2050-02-15 21:00:00,0.0,35.57374293188741,0.0,0.0,0.0,0.0,0.0
2050-02-15 22:00:00,0.0,38.422100171826514,0.0,0.0,0.0,0.0,0.0
2050-02-15 23:00:00,0.0,38.5866593927999,0.0,0.0,0.0,0.0,0.0
2050-02-16 00:00:00,0.0,40.50302404211561,0.0,0.0,0.0,0.0,0.0
2050-02-16 01:00:00,0.0,39.55327136465917,0.0,0.0,0.0,0.0,0.0
2050-02-16 02:00:00,0.0,39.139336155969886,0.0,0.0,0.0,0.0,0.0
2050-02-16 03:00:00,0.0,39.85636380642518,0.0,0.0,0.0,0.0,0.0
2050-02-16 04:00:00,0.0,37.61810871692137,0.0,0.0,0.0,0.0,0.0
2050-02-16 05:00:00,0.0,36.74146597912977,0.0,0.0,0.0,0.0,0.0
2050-02-16 06:00:00,0.0,37.34379567684596,0.0,0.0,0.0,0.0,0.0
2050-02-16 07:00:00,0.0,35.57895880922956,0.0,0.0,0.0,0.0,0.0
2050-02-16 08:00:00,0.0,34.24225266517601,0.0,0.0,0.0,0.0,0.0
2050-02-16 09:00:00,0.0,32.71641151487415,0.0,0.0,0.0,0.0,0.0
2050-02-16 10:00:00,0.0,32.16005969789762,0.0,0.0,0.0,0.0,0.0
2050-02-16 11:00:00,0.0,31.33291236927562,0.0,0.0,0.0,0.0,0.0
2050-02-16 12:00:00,0.0,31.357852864951838,0.0,0.0,0.0,0.0,0.0
2050-02-16 13:00:00,0.0,31.123758199953045,0.0,0.0,0.0,0.0,0.0
2050-02-16 14:00:00,0.0,31.075434519927512,0.0,0.0,0.0,0.0,0.0
2050-02-16 15:00:00,0.0,31.54853883267515,0.0,0.0,0.0,0.0,0.0
2050-02-16 16:00:00,0.0,33.224155348243585,0.0,0.0,0.0,0.0,0.0
2050-02-16 17:00:00,0.0,33.56898021646066,0.0,0.0,0.0,0.0,0.0
2050-02-16 18:00:00,0.0,34.43050619288124,0.0,0.0,0.0,0.0,0.0
2050-02-16 19:00:00,0.0,35.17504305180546,0.0,0.0,0.0,0.0,0.0
2050-02-16 20:00:00,0.0,36.56210484293047,0.0,0.0,0.0,0.0,0.0
2050-02-16 21:00:00,0.0,37.34308724426751,0.0,0.0,0.0,0.0,0.0
2050-02-16 22:00:00,0.0,38.409067503114784,0.0,0.0,0.0,0.0,0.0
2050-02-16 23:00:00,0.0,39.2518107624976,0.0,0.0,0.0,0.0,0.0
2050-02-17 00:00:00,0.0,38.85078742040332,0.0,0.0,0.0,0.0,0.0
2050-02-17 01:00:00,0.0,38.96396738304634,0.0,0.0,0.0,0.0,0.0
2050-02-17 02:00:00,0.0,37.4341647627798,0.0,0.0,0.0,0.0,0.0
2050-02-17 03:00:00,0.0,38.02313353010891,0.0,0.0,0.0,0.0,0.0
2050-02-17 04:00:00,0.0,38.31289339834734,0.0,0.0,0.0,0.0,0.0
2050-02-17 05:00:00,0.0,38.903527549452065,0.0,0.0,0.0,0.0,0.0
2050-02-17 06:00:00,0.0,37.885161872696244,0.0,0.0,0.0,0.0,0.0
2050-02-17 07:00:00,0.0,35.093083749373136,28.92541333739714,0.0,0.0,20.247789336177995,0.0
2050-02-17 08:00:00,0.0,32.0897205497447,37.7380692639674,0.0,0.0,0.0,0.0
2050-02-17 09:00:00,0.0,33.32569136236907,22.909934672071586,0.0,0.0,0.0,0.0
2050-02-17 10:00:00,0.0,32.511410274778655,4.576791733070408,0.0,0.0,9.418253297759964,0.0
2050-02-17 11:00:00,0.0,32.514498102746074,0.0,0.0,0.0,0.0,0.0
2050-02-17 12:00:00,0.0,30.678891337203595,4.351426953228682,0.0,0.0,20.247789336177995,0.0
2050-02-17 13:00:00,0.0,30.85060997944902,1.8436908920652533,0.0,0.0,20.247789336177995,0.0
2050-02-17 14:00:00,0.0,31.011757835196704,32.504144886746914,0.0,0.0,0.0,0.0
2050-02-17 15:00:00,0.0,31.612160645144968,0.0,0.0,0.0,0.0,0.0
2050-02-17 16:00:00,0.0,31.468921344682485,22.101975455562474,0.0,0.0,0.0,38.394910120795046
2050-02-17 17:00:00,0.0,33.403700024610316,8.214570852035216,0.0,0.0,0.0,0.0
2050-02-17 18:00:00,0.0,33.69531415486017,6.4485877202046815,0.0,0.0,20.247789336177995,0.0
2050-02-17 19:00:00,0.0,35.35253374073773,0.0,0.0,0.0,11.727938678436466,0.0
2050-02-17 20:00:00,0.0,36.295640870176385,9.763349016851766,0.0,0.0,0.0,0.0
2050-02-17 21:00:00,0.0,35.684145077645326,0.0,0.0,0.0,0.0,0.0
2050-02-17 22:00:00,0.0,38.421229625824026,0.0,30.04074892131977,0.0,0.0,0.0
2050-02-17 23:00:00,0.0,37.96560130524358,0.0,30.69590352256704,0.0,0.0,0.0
2050-02-18 00:00:00,0.0,38.54368033125047,0.0,0.0,0.0,0.0,0.0
2050-02-18 01:00:00,0.0,38.73810589953791,0.0,37.39059066355092,0.0,0.0,38.15366394239889
2050-02-18 02:00:00,0.0,38.27159929604068,0.0,0.0,0.0,0.0,23.458343258745348
2050-02-18 03:00:00,0.0,38.74797728250428,0.0,0.0,0.0,0.0,0.0
2050-02-18 04:00:00,0.0,36.18810923684009,0.0,22.96619296447097,0.0,0.0,0.0
2050-02-18 05:00:00,0.0,36.85859451382862,0.0,0.0,0.0,0.0,0.0
2050-02-18 06:00:00,0.0,36.44060849412608,0.0,0.0,0.0,0.0,0.0
2050-02-18 07:00:00,0.0,35.519078141487626,0.0,0.0,0.0,0.0,0.0
2050-02-18 08:00:00,0.0,34.90646357584069,0.0,0.0,0.0,0.0,0.0
2050-02-18 09:00:00,0.0,33.901154343640655,0.0,0.0,0.0,0.0,0.0
2050-02-18 10:00:00,0.0,32.952267364555155,0.0,0.0,0.0,0.0,0.0
2050-02-18 11:00:00,0.0,31.506010452367946,0.0,0.0,0.0,0.0,0.0
2050-02-18 12:00:00,0.0,30.700201084830724,0.0,0.0,0.0,0.0,0.0
2050-02-18 13:00:00,0.0,29.9742714313104,0.0,0.0,0.0,0.0,0.0
2050-02-18 14:00:00,0.0,30.833280036682254,0.0,0.0,0.0,0.0,0.0
2050-02-18 15:00:00,0.0,31.670145222910605,0.0,0.0,0.0,0.0,0.0
2050-02-18 16:00:00,0.0,32.0475068069868,0.0,0.0,0.0,0.0,0.0
2050-02-18 17:00:00,0.0,32.54695193633938,0.0,0.0,0.0,0.0,0.0
2050-02-18 18:00:00,0.0,34.81536980949204,0.0,0.0,0.0,0.0,0.0
2050-02-18 19:00:00,0.0,36.620631043578896,0.0,0.0,0.0,0.0,0.0
2050-02-18 20:00:00,0.0,36.200901864160414,0.0,0.0,0.0,0.0,0.0
2050-02-18 21:00:00,0.0,38.428640559074665,0.0,0.0,0.0,0.0,0.0
2050-02-18 22:00:00,0.0,38.75143451488589,0.0,0.0,0.0,0.0,0.0
2050-02-18 23:00:00,0.0,38.227708363231386,0.0,0.0,0.0,0.0,0.0
2050-02-19 00:00:00,0.0,37.177236234706925,0.0,0.0,0.0,0.0,0.0
2050-02-19 01:00:00,0.0,36.761109988103726,0.0,0.0,0.0,0.0,0.0
2050-02-19 02:00:00,0.0,37.99875234068759,0.0,0.0,0.0,0.0,0.0
2050-02-19 03:00:00,0.0,37.59544697640308,0.0,0.0,0.0,0.0,0.0
2050-02-19 04:00:00,0.0,36.41920266677221,0.0,0.0,0.0,0.0,0.0
2050-02-19 05:00:00,0.0,35.02580359578383,0.0,0.0,0.0,0.0,0.0
2050-02-19 06:00:00,0.0,34.632749332575486,0.0,0.0,0.0,0.0,0.0
2050-02-19 07:00:00,0.0,33.494724390659485,0.0,0.0,0.0,0.0,0.0
2050-02-19 08:00:00,0.0,33.02596636712315,0.0,0.0,0.0,0.0,0.0
2050-02-19 09:00:00,0.0,31.99460565895879,0.0,0.0,0.0,0.0,0.0
2050-02-19 10:00:00,0.0,30.921325452873816,0.0,0.0,0.0,0.0,0.0
2050-02-19 11:00:00,0.0,29.064881866200494,0.0,0.0,0.0,0.0,0.0
2050-02-19 12:00:00,0.0,29.793923783447326,0.0,0.0,0.0,0.0,0.0
2050-02-19 13:00:00,0.0,29.89421068160823,0.0,0.0,0.0,0.0,0.0
2050-02-19 14:00:00,0.0,29.185208863523258,0.0,0.0,0.0,0.0,0.0
2050-02-19 15:00:00,0.0,29.24282409773741,0.0,0.0,0.0,0.0,0.0
2050-02-19 16:00:00,0.0,30.8955810066891,0.0,0.0,0.0,0.0,0.0
2050-02-19 17:00:00,0.0,30.497353869687686,0.0,0.0,0.0,0.0,0.0
2050-02-19 18:00:00,0.0,31.87006941247978,0.0,0.0,0.0,0.0,0.0
2050-02-19 19:00:00,0.0,33.03832738576807,0.0,0.0,0.0,0.0,0.0
2050-02-19 20:00:00,0.0,33.595220559472864,0.0,0.0,0.0,0.0,0.0
2050-02-19 21:00:00,0.0,33.86474567785399,0.0,0.0,0.0,0.0,0.0
2050-02-19 22:00:00,0.0,37.33107457007486,0.0,0.0,0.0,0.0,0.0
2050-02-19 23:00:00,0.0,36.43690278391068,0.0,0.0,0.0,0.0,0.0
2050-02-20 00:00:00,0.0,36.08688962004794,0.0,0.0,0.0,0.0,0.0
2050-02-20 01:00:00,0.0,38.59687840185029,0.0,0.0,0.0,0.0,0.0
2050-02-20 02:00:00,0.0,37.26975494925341,0.0,0.0,0.0,0.0,0.0
2050-02-20 03:00:00,0.0,37.78356012751374,0.0,0.0,0.0,0.0,0.0
2050-02-20 04:00:00,0.0,37.255708037495424,0.0,0.0,0.0,0.0,0.0
2050-02-20 05:00:00,0.0,34.65375886365041,0.0,0.0,0.0,0.0,0.0
2050-02-20 06:00:00,0.0,34.83783654447075,0.0,0.0,0.0,0.0,0.0
2050-02-20 07:00:00,0.0,33.81857613230136,0.0,0.0,0.0,0.0,0.0
2050-02-20 08:00:00,0.0,31.70131304809638,0.0,0.0,0.0,0.0,0.0
2050-02-20 09:00:00,0.0,30.70257739721842,0.0,0.0,0.0,0.0,0.0
2050-02-20 10:00:00,0.0,31.156691789060687,0.0,0.0,0.0,0.0,0.0
2050-02-20 11:00:00,0.0,29.96453339877735,0.0,0.0,0.0,0.0,0.0
2050-02-20 12:00:00,0.0,28.807401155153457,0.0,0.0,0.0,0.0,0.0
2050-02-20 13:00:00,0.0,28.837634456315527,0.0,0.0,0.0,0.0,0.0
2050-02-20 14:00:00,0.0,29.4370430314882,0.0,0.0,0.0,0.0,0.0
2050-02-20 15:00:00,0.0,29.414807617578845,0.0,0.0,0.0,0.0,0.0
2050-02-20 16:00:00,0.0,31.653044672941178,0.0,0.0,0.0,0.0,0.0
2050-02-20 17:00:00,0.0,32.70017445035228,0.0,0.0,0.0,0.0,0.0
2050-02-20 18:00:00,0.0,32.84117900142974,0.0,0.0,0.0,0.0,0.0
2050-02-20 19:00:00,0.0,33.01038843843958,0.0,0.0,0.0,0.0,0.0
2050-02-20 20:00:00,0.0,33.59092334241291,0.0,0.0,0.0,0.0,0.0
2050-02-20 21:00:00,0.0,34.94121620712713,0.0,0.0,0.0,0.0,0.0
2050-02-20 22:00:00,0.0,37.91176042324582,0.0,0.0,0.0,0.0,0.0
2050-02-20 23:00:00,0.0,37.87456046826628,0.0,0.0,0.0,0.0,0.0
2050-02-21 00:00:00,0.0,38.99940071688093,0.0,0.0,0.0,0.0,0.0
2050-02-21 01:00:00,0.0,39.52039456645184,0.0,0.0,0.0,0.0,0.0
2050-02-21 02:00:00,0.0,40.52494345689024,0.0,0.0,0.0,0.0,0.0
2050-02-21 03:00:00,0.0,38.97762149395794,0.0,0.0,0.0,0.0,0.0
2050-02-21 04:00:00,0.0,38.27956358726897,0.0,0.0,0.0,0.0,0.0
2050-02-21 05:00:00,0.0,38.10456885112171,0.0,0.0,0.0,0.0,0.0
2050-02-21 06:00:00,0.0,37.31793154422053,0.0,0.0,0.0,0.0,0.0
2050-02-21 07:00:00,0.0,35.62518730120382,0.0,0.0,0.0,0.0,0.0
2050-02-21 08:00:00,0.0,36.03388872613368,0.0,0.0,0.0,0.0,0.0
2050-02-21 09:00:00,0.0,33.53441295910625,0.0,0.0,0.0,0.0,0.0
2050-02-21 10:00:00,0.0,32.37867626600314,0.0,0.0,0.0,0.0,0.0
2050-02-21 11:00:00,0.0,30.71788637515806,0.0,0.0,0.0,0.0,0.0
2050-02-21 12:00:00,0.0,30.766956224179694,0.0,0.0,0.0,0.0,0.0
2050-02-21 13:00:00,0.0,31.228974682570197,0.0,0.0,0.0,0.0,0.0
2050-02-21 14:00:00,0.0,31.30524606461927,0.0,0.0,0.0,0.0,0.0
2050-02-21 15:00:00,0.0,30.979237191427274,0.0,0.0,0.0,0.0,0.0
2050-02-21 16:00:00,0.0,34.34661287177914,0.0,0.0,0.0,0.0,0.0
2050-02-21 17:00:00,0.0,33.78515833170377,0.0,0.0,0.0,0.0,0.0
2050-02-21 18:00:00,0.0,34.66601484426451,0.0,0.0,0.0,0.0,0.0
2050-02-21 19:00:00,0.0,35.43198698555807,0.0,0.0,0.0,0.0,0.0
2050-02-21 20:00:00,0.0,36.51110181875333,0.0,0.0,0.0,0.0,0.0
2050-02-21 21:00:00,0.0,36.128974809346346,0.0,0.0,0.0,0.0,0.0
2050-02-21 22:00:00,0.0,38.591740469870956,0.0,0.0,0.0,0.0,0.0
2050-02-21 23:00:00,0.0,38.39870100785356,0.0,0.0,0.0,0.0,0.0
2050-02-22 00:00:00,0.0,38.61827903092899,0.0,0.0,0.0,0.0,0.0
2050-02-22 01:00:00,0.0,41.14257678267791,0.0,0.0,0.0,0.0,0.0
2050-02-22 02:00:00,0.0,39.7147702399202,0.0,0.0,0.0,0.0,0.0
2050-02-22 03:00:00,0.0,39.53036810591993,0.0,0.0,0.0,0.0,0.0
2050-02-22 04:00:00,0.0,38.48836951627732,0.0,0.0,0.0,0.0,0.0
2050-02-22 05:00:00,0.0,37.334821852239656,0.0,0.0,0.0,0.0,0.0
2050-02-22 06:00:00,0.0,35.77228268281783,0.0,0.0,0.0,0.0,0.0
2050-02-22 07:00:00,0.0,36.1066730387588,0.0,0.0,0.0,0.0,0.0
2050-02-22 08:00:00,0.0,33.75867518610971,0.0,0.0,0.0,0.0,0.0
2050-02-22 09:00:00,0.0,32.61728027957315,0.0,0.0,0.0,0.0,0.0
2050-02-22 10:00:00,0.0,31.751742870071894,0.0,0.0,0.0,0.0,0.0
2050-02-22 11:00:00,0.0,32.09984577261116,0.0,0.0,0.0,0.0,0.0
2050-02-22 12:00:00,0.0,31.74195472895599,0.0,0.0,0.0,0.0,0.0
2050-02-22 13:00:00,0.0,31.716448103078392,0.0,0.0,0.0,0.0,0.0
2050-02-22 14:00:00,0.0,31.346964064020085,0.0,0.0,0.0,0.0,0.0
2050-02-22 15:00:00,0.0,31.755489691919365,28.32961021069138,0.0,0.0,19.830727147483966,0.0
2050-02-22 16:00:00,0.0,33.38599285461714,27.40782928780928,0.0,0.0,0.0,19.432169193273833
2050-02-22 17:00:00,0.0,32.43944412962287,0.08637625973456053,0.0,0.0,0.0,0.0
2050-02-22 18:00:00,0.0,34.902082535268164,37.7380692639674,0.0,0.0,0.0,0.0
2050-02-22 19:00:00,0.0,35.66590291488933,12.805502413147225,0.0,0.0,0.0,0.0
2050-02-22 20:00:00,0.0,36.27988480183467,37.7380692639674,0.0,0.0,0.0,0.0
2050-02-22 21:00:00,0.0,37.015244092140165,37.7380692639674,0.0,0.0,0.0,0.0
2050-02-22 22:00:00,0.0,37.35152704802067,37.7380692639674,0.0,0.0,0.0,0.0
2050-02-22 23:00:00,0.0,38.047815708364624,37.7380692639674,0.0,0.0,20.247789336177995,0.0
2050-02-23 00:00:00,0.0,38.76165679303972,25.78616195626258,0.0,0.0,20.247789336177995,0.0
2050-02-23 01:00:00,0.0,39.55489786959629,8.572566442374942,0.0,0.0,0.0,0.0
2050-02-23 02:00:00,0.0,41.32538348153139,0.0,12.209914762838693,0.0,0.0,0.0
2050-02-23 03:00:00,0.0,38.74351975650529,0.0,25.393059955594588,0.0,0.0,38.394910120795046
2050-02-23 04:00:00,0.0,38.44698355367859,0.0,28.942683875516664,0.0,0.0,0.0
2050-02-23 05:00:00,0.0,37.36351071654349,0.0,34.04970522464608,0.0,0.0,1.2766134193976193
2050-02-23 06:00:00,0.0,35.616122893868805,0.0,36.050557446265046,0.0,0.0,0.0
2050-02-23 07:00:00,0.0,34.892143876768614,0.0,37.35456138545723,0.0,0.0,0.0
2050-02-23 08:00:00,0.0,35.49564975145995,0.0,26.321709309144293,0.0,0.0,0.0
2050-02-23 09:00:00,0.0,33.443610076286404,0.0,0.0,0.0,0.0,0.0
2050-02-23 10:00:00,0.0,31.5683887717812,0.0,0.5929382268899597,0.0,0.0,0.0
2050-02-23 11:00:00,0.0,30.545057676612032,0.0,0.0,0.0,0.0,0.0
2050-02-23 12:00:00,0.0,32.2935576678351,0.0,0.0,0.0,0.0,0.0
2050-02-23 13:00:00,0.0,31.095737196623304,0.0,0.0,0.0,0.0,0.0
2050-02-23 14:00:00,0.0,30.585665268260072,0.0,0.0,0.0,0.0,0.0
2050-02-23 15:00:00,0.0,32.352445859540694,0.0,0.0,0.0,0.0,0.0
2050-02-23 16:00:00,0.0,32.385230299171326,0.0,0.0,0.0,0.0,0.0
2050-02-23 17:00:00,0.0,32.994142162605385,0.0,0.0,0.0,0.0,0.0
2050-02-23 18:00:00,0.0,34.41763737509973,0.0,0.0,0.0,0.0,0.0
2050-02-23 19:00:00,0.0,36.54594621952333,0.0,0.0,0.0,0.0,0.0
2050-02-23 20:00:00,0.0,35.97137408640151,0.0,0.0,0.0,0.0,0.0
2050-02-23 21:00:00,0.0,38.285532994299274,0.0,0.0,0.0,0.0,0.0
2050-02-23 22:00:00,0.0,38.67635898868798,0.0,0.0,0.0,0.0,0.0
2050-02-23 23:00:00,0.0,38.83211307971578,0.0,0.0,0.0,0.0,0.0
2050-02-24 00:00:00,0.0,40.96578886040356,0.0,0.0,0.0,0.0,0.0
2050-02-24 01:00:00,0.0,39.5999007835444,0.0,0.0,0.0,0.0,0.0
2050-02-24 02:00:00,0.0,39.86152296323348,0.0,0.0,0.0,0.0,0.0
2050-02-24 03:00:00,0.0,38.924479093256195,0.0,0.0,0.0,0.0,0.0
2050-02-24 04:00:00,0.0,37.609534502137876,0.0,0.0,0.0,0.0,0.0
2050-02-24 05:00:00,0.0,37.98301821443442,0.0,0.0,0.0,0.0,0.0
2050-02-24 06:00:00,0.0,35.92273807668175,0.0,0.0,0.0,0.0,0.0
2050-02-24 07:00:00,0.0,36.85729728675096,0.0,0.0,0.0,0.0,0.0
2050-02-24 08:00:00,0.0,35.56869998447337,0.0,0.0,0.0,0.0,0.0
2050-02-24 09:00:00,0.0,33.085762519555374,0.0,0.0,0.0,0.0,0.0
2050-02-24 10:00:00,0.0,32.196384118482456,0.0,0.0,0.0,0.0,0.0
2050-02-24 11:00:00,0.0,31.367915417182076,0.0,0.0,0.0,0.0,0.0
2050-02-24 12:00:00,0.0,32.558841088502504,0.0,0.0,0.0,0.0,0.0
2050-02-24 13:00:00,0.0,30.58051513327314,0.0,0.0,0.0,0.0,0.0
2050-02-24 14:00:00,0.0,30.767672103155746,28.169498256450524,0.0,0.0,0.0,0.0
2050-02-24 15:00:00,0.0,31.286412193303022,0.0,0.0,0.0,0.0,0.0
2050-02-24 16:00:00,0.0,31.995778505079898,0.0,0.0,0.0,0.0,0.0
2050-02-24 17:00:00,0.0,34.447729551809516,0.0,0.0,0.0,0.0,0.0
2050-02-24 18:00:00,0.0,34.232642988394446,37.7380692639674,0.0,0.0,20.247789336177995,0.0
2050-02-24 19:00:00,0.0,35.73205670759876,37.7380692639674,0.0,0.0,0.0,0.0
2050-02-24 20:00:00,0.0,36.56882384191226,37.7380692639674,0.0,0.0,20.247789336177995,0.0
2050-02-24 21:00:00,0.0,37.60845132587701,37.7380692639674,0.0,0.0,20.247789336177995,0.0
2050-02-24 22:00:00,0.0,40.15803482786737,22.733361645666506,0.0,0.0,20.247789336177995,0.0
2050-02-24 23:00:00,0.0,40.71603276461474,31.58099975905095,0.0,0.0,0.0,38.394910120795046
2050-02-25 00:00:00,0.0,40.19191798675206,18.649948973616446,0.0,0.0,0.0,0.0
2050-02-25 01:00:00,0.0,39.394487444822744,10.154424290517277,0.0,0.0,20.247789336177995,0.0
2050-02-25 02:00:00,0.0,41.620366288050036,4.672744951875856,0.0,0.0,0.0,0.0
2050-02-25 03:00:00,0.0,39.43007710485995,3.5269457936197455,0.0,0.0,20.247789336177995,0.0
2050-02-25 04:00:00,0.0,37.95180450619955,1.4669064934813534,0.0,0.0,0.0,0.0
2050-02-25 05:00:00,0.0,37.15531754862718,0.0,0.008119221377504779,0.0,0.0,38.394910120795046
2050-02-25 06:00:00,0.0,36.7818997524048,0.0,0.2964363054933792,0.0,0.0,0.0
2050-02-25 07:00:00,0.0,36.144569719450374,0.0,1.2427743973101841,0.0,0.0,0.0
2050-02-25 08:00:00,0.0,32.597813027261736,0.0,0.0,0.0,0.0,0.0
2050-02-25 09:00:00,0.0,33.75567585611816,0.0,13.094343747423618,0.0,0.0,17.448033638880997
2050-02-25 10:00:00,0.0,32.570262311485976,0.0,44.27725195244752,0.0,0.0,0.0
2050-02-25 11:00:00,0.0,32.273740591950855,0.0,0.0,0.0,20.247789336177995,0.0
2050-02-25 12:00:00,0.0,30.95462467972402,0.0,0.0,0.0,20.247789336177995,0.0
2050-02-25 13:00:00,0.0,31.981103769960328,0.0,0.0,0.0,20.247789336177995,0.0
2050-02-25 14:00:00,0.0,31.20557758202858,0.0,0.0,0.0,20.247789336177995,0.0
2050-02-25 15:00:00,0.0,32.65651165146778,0.0,0.0,0.0,0.0,0.0
2050-02-25 16:00:00,0.0,34.14174527089199,0.0,0.0,0.0,20.247789336177995,0.0
2050-02-25 17:00:00,0.0,33.67437514907806,0.0,0.0,0.0,0.0,0.0
2050-02-25 18:00:00,0.0,34.78394675560503,0.0,0.0,0.0,0.0,0.0
2050-02-25 19:00:00,0.0,35.86320258478986,0.0,0.0,0.0,0.0,0.0
2050-02-25 20:00:00,0.0,35.501158097890766,17.513195279877884,0.0,0.0,12.259236695914518,0.0
2050-02-25 21:00:00,0.0,38.13080717657567,28.92541333739714,0.0,0.0,20.247789336177995,0.0
2050-02-25 22:00:00,0.0,37.498050354211955,28.92541333739714,0.0,0.0,20.247789336177995,0.0
2050-02-25 23:00:00,0.0,37.34165703603844,37.7380692639674,0.0,0.0,20.247789336177995,0.0
2050-02-26 00:00:00,0.0,37.38395708175517,20.11716373879016,0.0,0.0,20.247789336177995,0.0
2050-02-26 01:00:00,0.0,38.065154761038,28.92541333739714,0.0,0.0,20.247789336177995,0.0
2050-02-26 02:00:00,0.0,36.78524601504887,28.92541333739714,0.0,0.0,20.247789336177995,0.0
2050-02-26 03:00:00,0.0,35.784361388719844,28.92541333739714,0.0,0.0,20.247789336177995,0.0
2050-02-26 04:00:00,0.0,37.36385595165916,31.48728040110448,0.0,0.0,20.247789336177995,0.0
2050-02-26 05:00:00,0.0,34.39736277253746,37.7380692639674,0.0,0.0,20.247789336177995,0.0
2050-02-26 06:00:00,0.0,35.30871201601258,37.7380692639674,0.0,0.0,20.247789336177995,0.0
2050-02-26 07:00:00,0.0,33.33144519995926,37.7380692639674,0.0,0.0,20.247789336177995,0.0
2050-02-26 08:00:00,0.0,31.75186395472474,37.7380692639674,0.0,0.0,20.247789336177995,0.0
2050-02-26 09:00:00,0.0,31.69302285678191,37.7380692639674,0.0,0.0,20.247789336177995,0.0
2050-02-26 10:00:00,0.0,29.15267517229904,37.7380692639674,0.0,0.0,20.247789336177995,0.0
2050-02-26 11:00:00,0.0,29.585160629178972,37.7380692639674,0.0,0.0,20.247789336177995,0.0
2050-02-26 12:00:00,0.0,29.612996390818807,37.7380692639674,0.0,0.0,20.247789336177995,0.0
2050-02-26 13:00:00,0.0,29.439130715946476,37.7380692639674,0.0,0.0,20.247789336177995,0.0
2050-02-26 14:00:00,0.0,30.43154433177574,37.7380692639674,0.0,0.0,20.247789336177995,0.0
2050-02-26 15:00:00,0.0,29.391897143264032,37.7380692639674,0.0,0.0,20.247789336177995,0.0
2050-02-26 16:00:00,0.0,30.995405663760494,37.7380692639674,0.0,0.0,20.247789336177995,0.0
2050-02-26 17:00:00,0.0,31.381562997408082,37.7380692639674,0.0,0.0,20.247789336177995,0.0
2050-02-26 18:00:00,0.0,32.95595113467698,37.7380692639674,0.0,0.0,20.247789336177995,0.0
2050-02-26 19:00:00,0.0,33.76999218577134,37.7380692639674,0.0,0.0,20.247789336177995,0.0
2050-02-26 20:00:00,0.0,35.33544951653198,37.7380692639674,0.0,0.0,20.247789336177995,0.0
2050-02-26 21:00:00,0.0,35.43349361987566,37.7380692639674,0.0,0.0,20.247789336177995,0.0
2050-02-26 22:00:00,0.0,37.38612994171899,37.7380692639674,0.0,0.0,20.247789336177995,0.0
2050-02-26 23:00:00,0.0,37.00727461570318,37.7380692639674,0.0,0.0,20.247789336177995,0.0
2050-02-27 00:00:00,0.0,36.896326761766886,37.7380692639674,0.0,0.0,20.247789336177995,0.0
2050-02-27 01:00:00,0.0,37.6236358385388,37.7380692639674,0.0,0.0,20.247789336177995,0.0
2050-02-27 02:00:00,0.0,37.55982948663154,37.7380692639674,0.0,0.0,20.247789336177995,0.0
2050-02-27 03:00:00,0.0,38.18385459800902,37.7380692639674,0.0,0.0,20.247789336177995,0.0
2050-02-27 04:00:00,0.0,35.566256931858334,37.7380692639674,0.0,0.0,20.247789336177995,0.0
2050-02-27 05:00:00,0.0,35.597001374625734,37.7380692639674,0.0,0.0,20.247789336177995,0.0
2050-02-27 06:00:00,0.0,33.73588343107485,37.7380692639674,0.0,0.0,20.247789336177995,0.0
2050-02-27 07:00:00,0.0,34.1945505146457,37.7380692639674,0.0,0.0,20.247789336177995,0.0
2050-02-27 08:00:00,0.0,33.10054427253499,37.7380692639674,0.0,0.0,20.247789336177995,0.0
2050-02-27 09:00:00,0.0,31.96265997827072,37.7380692639674,0.0,0.0,20.247789336177995,0.0
2050-02-27 10:00:00,0.0,29.84913113121479,37.7380692639674,0.0,0.0,20.247789336177995,0.0
2050-02-27 11:00:00,0.0,29.429982651491628,37.7380692639674,0.0,0.0,20.247789336177995,0.0
2050-02-27 12:00:00,0.0,29.622943453401604,37.7380692639674,0.0,0.0,20.247789336177995,0.0
2050-02-27 13:00:00,0.0,29.76261945539659,37.7380692639674,0.0,0.0,20.247789336177995,0.0
2050-02-27 14:00:00,0.0,30.10561484709251,37.7380692639674,0.0,0.0,20.247789336177995,0.0
2050-02-27 15:00:00,0.0,29.796397838379335,37.7380692639674,0.0,0.0,20.247789336177995,0.0
2050-02-27 16:00:00,0.0,30.812938681415517,37.7380692639674,0.0,0.0,20.247789336177995,0.0
2050-02-27 17:00:00,0.0,31.324389466472894,37.7380692639674,0.0,0.0,20.247789336177995,0.0
2050-02-27 18:00:00,0.0,32.20704914815656,37.7380692639674,0.0,0.0,20.247789336177995,0.0
2050-02-27 19:00:00,0.0,33.342909000016334,37.7380692639674,0.0,0.0,20.247789336177995,0.0
2050-02-27 20:00:00,0.0,33.86175972488968,37.7380692639674,0.0,0.0,20.247789336177995,0.0
2050-02-27 21:00:00,0.0,36.266048013252885,37.7380692639674,0.0,0.0,20.247789336177995,0.0
2050-02-27 22:00:00,0.0,37.440488050064914,37.7380692639674,0.0,0.0,20.247789336177995,0.0
2050-02-27 23:00:00,0.0,37.501146313609524,37.7380692639674,0.0,0.0,20.247789336177995,0.0
2050-02-28 00:00:00,0.0,39.5450595235111,37.7380692639674,0.0,0.0,20.247789336177995,0.0
2050-02-28 01:00:00,0.0,41.2310870564138,35.233214667447676,0.0,0.0,20.247789336177995,0.0
2050-02-28 02:00:00,0.0,39.13751241134605,28.173976613906916,0.0,0.0,20.247789336177995,0.0
2050-02-28 03:00:00,0.0,40.37973232945069,15.484999587469012,0.0,0.0,10.039258803335372,0.0
2050-02-28 04:00:00,0.0,39.54551332378287,8.70976433929522,0.0,0.0,5.959551614499389,0.0
2050-02-28 05:00:00,0.0,38.82983725653958,8.768103025109632,0.0,0.0,13.185141500026532,0.0
2050-02-28 06:00:00,0.0,35.59012316397343,10.454919788659389,0.0,0.0,0.0,0.0
2050-02-28 07:00:00,0.0,36.01099437539574,3.559157127587838,0.0,0.0,20.247789336177995,0.0
2050-02-28 08:00:00,0.0,34.301834814576296,0.0,0.0,0.0,0.0,0.0
2050-02-28 09:00:00,0.0,34.145269339569495,0.0,0.0,0.0,20.247789336177995,0.0
2050-02-28 10:00:00,0.0,32.85095259874993,0.0,0.0,0.0,20.247789336177995,0.0
2050-02-28 11:00:00,0.0,30.69123611199234,0.0,0.0,0.0,10.079699664741952,0.0
2050-02-28 12:00:00,0.0,32.03392776900023,0.0,0.0,0.0,0.0,0.0
2050-02-28 13:00:00,0.0,32.61685178004086,0.0,0.0,0.0,0.0,0.0
2050-02-28 14:00:00,0.0,31.928036788526924,0.0,0.0,0.0,0.0,0.0
2050-02-28 15:00:00,0.0,32.54669369354974,16.974466300777788,0.0,0.0,0.0,0.0
2050-02-28 16:00:00,0.0,32.85482989170191,37.7380692639674,0.0,0.0,0.0,0.0
2050-02-28 17:00:00,0.0,33.990106661357004,28.790092562148406,0.0,0.0,0.0,0.0
2050-02-28 18:00:00,0.0,34.31121223081982,10.779243727672332,0.0,0.0,0.0,0.0
2050-02-28 19:00:00,0.0,36.978611020763765,5.517887720166325,0.0,0.0,0.0,0.0
2050-02-28 20:00:00,0.0,38.626228149107874,0.0,23.31353907388483,0.0,0.0,0.0
2050-02-28 21:00:00,0.0,37.41005255665664,0.0,39.10674189509158,0.0,0.0,38.394910120795046
2050-02-28 22:00:00,0.0,39.232304200664885,0.0,48.62552183750089,0.0,0.0,29.94961783194867
2050-02-28 23:00:00,0.0,39.232409212864695,0.0,48.62552183750089,0.0,0.0,38.394910120795046
2050-03-01 00:00:00,0.0,41.32607178174544,0.0,48.62552183750089,0.0,0.0,38.394910120795046
2050-03-01 01:00:00,0.0,40.37365189715797,0.0,48.62552183750089,0.0,0.0,38.394910120795046
2050-03-01 02:00:00,0.0,40.719658789806545,0.0,48.62552183750089,0.0,0.0,38.394910120795046
2050-03-01 03:00:00,0.0,39.464656127543776,0.0,48.62552183750089,0.0,0.0,38.394910120795046
2050-03-01 04:00:00,0.0,39.78982283752134,0.0,48.62552183750089,0.0,0.0,38.394910120795046
2050-03-01 05:00:00,0.0,38.64116413044121,0.0,48.62552183750089,0.0,0.0,38.394910120795046
2050-03-01 06:00:00,0.0,37.27284577548471,0.0,48.62552183750089,0.0,0.0,38.394910120795046
2050-03-01 07:00:00,0.0,36.30356487565109,0.0,48.62552183750089,0.0,0.0,38.394910120795046
2050-03-01 08:00:00,0.0,26.74403701062556,0.0,48.62552183750089,0.0,0.0,38.394910120795046
2050-03-01 09:00:00,0.0,34.321149586349975,0.0,48.62552183750089,0.0,0.0,38.394910120795046
2050-03-01 10:00:00,0.0,26.74403701062556,0.0,48.62552183750089,0.0,0.0,38.394910120795046
2050-03-01 11:00:00,0.0,31.798980399478296,0.0,48.62552183750089,0.0,0.0,38.394910120795046
2050-03-01 12:00:00,0.0,31.758332144811448,0.0,48.62552183750089,0.0,0.0,38.394910120795046
2050-03-01 13:00:00,0.0,32.04759867196185,0.0,48.62552183750089,0.0,0.0,38.394910120795046
2050-03-01 14:00:00,0.0,32.289549988449835,0.0,48.62552183750089,0.0,0.0,38.394910120795046
2050-03-01 15:00:00,0.0,32.341116974137094,0.0,48.62552183750089,0.0,0.0,38.394910120795046
2050-03-01 16:00:00,0.0,33.001993833883034,0.0,48.62552183750089,0.0,0.0,38.394910120795046
2050-03-01 17:00:00,0.0,34.21247035367878,0.0,48.62552183750089,0.0,0.0,38.394910120795046
2050-03-01 18:00:00,0.0,34.20401445057723,0.0,47.32692632896673,0.0,0.0,38.394910120795046
2050-03-01 19:00:00,0.0,35.91228746143838,0.0,38.63888540936208,0.0,0.0,38.394910120795046
2050-03-01 20:00:00,0.0,36.505531919341365,0.0,18.98748881926931,0.0,0.0,38.394910120795046
2050-03-01 21:00:00,0.0,36.72785549745868,0.0,35.73010793442799,0.0,0.0,38.394910120795046
2050-03-01 22:00:00,0.0,38.02180787019097,0.0,48.62552183750089,0.0,0.0,38.394910120795046
2050-03-01 23:00:00,0.0,40.462422991726044,0.0,48.62552183750089,0.0,0.0,38.394910120795046
2050-03-02 00:00:00,0.0,39.595880967538506,0.0,45.29393616920554,0.0,0.0,38.394910120795046
2050-03-02 01:00:00,0.0,38.886528151878565,0.0,18.578951277262732,0.0,0.0,18.958113548227278
2050-03-02 02:00:00,0.0,40.087807340037216,0.0,0.0,0.0,0.0,38.394910120795046
2050-03-02 03:00:00,0.0,39.14458657490741,0.0,0.0,0.0,0.0,38.394910120795046
2050-03-02 04:00:00,0.0,38.56841562664613,0.0,0.0,0.0,0.0,38.394910120795046
2050-03-02 05:00:00,0.0,37.78963373199349,0.0,4.376111637864348,0.0,0.0,38.394910120795046
2050-03-02 06:00:00,0.0,37.20672500848673,0.0,23.011336249002387,0.0,0.0,0.0
2050-03-02 07:00:00,0.0,36.028188223909865,0.0,35.860964618617324,0.0,0.0,19.68970896687568
2050-03-02 08:00:00,0.0,34.66259066609291,0.0,32.4293364472145,0.0,0.0,0.0
2050-03-02 09:00:00,0.0,33.85863794653892,0.0,28.81757240336787,0.0,0.0,38.394910120795046
2050-03-02 10:00:00,0.0,32.77354721331449,0.0,18.43168638566675,0.0,0.0,0.0
2050-03-02 11:00:00,0.0,32.37919981781397,0.0,35.75917473394077,0.0,0.0,0.0
2050-03-02 12:00:00,0.0,32.1754417559996,0.0,28.3198757918942,0.0,0.0,0.0
2050-03-02 13:00:00,0.0,31.538255665388306,0.0,0.0,0.0,0.0,0.0
2050-03-02 14:00:00,0.0,32.97524616427859,0.0,0.0,0.0,0.0,0.0
2050-03-02 15:00:00,0.0,31.53117439595667,0.0,0.0,0.0,0.0,0.0
2050-03-02 16:00:00,0.0,32.52583612705871,0.0,0.0,0.0,0.0,0.0
2050-03-02 17:00:00,0.0,33.62175625827945,0.0,0.0,0.0,0.0,0.0
2050-03-02 18:00:00,0.0,35.71244349507833,0.0,0.0,0.0,0.0,0.0
2050-03-02 19:00:00,0.0,36.63445514431123,0.0,0.0,0.0,0.0,0.0
2050-03-02 20:00:00,0.0,37.32253606609106,0.0,0.0,0.0,0.0,0.0
2050-03-02 21:00:00,0.0,37.49416664640671,7.066230857061412,0.0,0.0,0.0,0.0
2050-03-02 22:00:00,0.0,39.3353866377397,0.0,0.0,0.0,0.0,0.0
2050-03-02 23:00:00,0.0,39.651279037013865,0.0,4.941416474933446,0.0,0.0,0.0
2050-03-03 00:00:00,0.0,39.93104079970044,0.0,0.0,0.0,0.0,0.0
2050-03-03 01:00:00,0.0,41.29337469757661,0.0,0.0,0.0,0.0,0.0
2050-03-03 02:00:00,0.0,41.385026269764694,0.0,0.0,0.0,0.0,0.0
2050-03-03 03:00:00,0.0,40.00948234880775,0.0,0.0,0.0,0.0,0.0
2050-03-03 04:00:00,0.0,38.5827364551908,0.0,0.0,0.0,0.0,0.0
2050-03-03 05:00:00,0.0,38.35956210665654,0.0,0.0,0.0,0.0,0.0
2050-03-03 06:00:00,0.0,36.40587441008847,0.0,0.0,0.0,0.0,0.0
2050-03-03 07:00:00,0.0,34.932668437176744,0.0,0.0,0.0,0.0,0.0
2050-03-03 08:00:00,0.0,33.59615403662906,0.0,0.0,0.0,0.0,0.0
2050-03-03 09:00:00,0.0,33.61777441015761,0.0,0.0,0.0,0.0,0.0
2050-03-03 10:00:00,0.0,32.67994237511971,0.0,0.0,0.0,0.0,0.0
2050-03-03 11:00:00,0.0,31.698413932851736,0.0,0.0,0.0,0.0,0.0
2050-03-03 12:00:00,0.0,31.413083280344836,0.0,0.0,0.0,0.0,0.0
2050-03-03 13:00:00,0.0,31.38363920503639,0.0,0.0,0.0,0.0,0.0
2050-03-03 14:00:00,0.0,31.053095528849553,0.0,0.0,0.0,0.0,0.0
2050-03-03 15:00:00,0.0,32.38264134535166,19.274903157240022,0.0,0.0,13.492432210068015,0.0
2050-03-03 16:00:00,0.0,33.862928206657216,37.7380692639674,0.0,0.0,20.247789336177995,0.0
2050-03-03 17:00:00,0.0,33.570206499460255,20.131633680429676,0.0,0.0,0.0,0.0
2050-03-03 18:00:00,0.0,33.58599825913166,0.0,0.0,0.0,20.247789336177995,0.0
2050-03-03 19:00:00,0.0,35.82679915856147,37.7380692639674,0.0,0.0,20.247789336177995,0.0
2050-03-03 20:00:00,0.0,37.133686981322626,37.7380692639674,0.0,0.0,20.247789336177995,0.0
2050-03-03 21:00:00,0.0,38.493824296529056,37.7380692639674,0.0,0.0,20.247789336177995,0.0
2050-03-03 22:00:00,0.0,39.74468488758566,37.7380692639674,0.0,0.0,0.0,0.0
2050-03-03 23:00:00,0.0,40.24638913097988,35.80848651447124,0.0,0.0,20.247789336177995,0.0
2050-03-04 00:00:00,0.0,40.95471946482803,19.73937223154747,0.0,0.0,20.247789336177995,0.0
2050-03-04 01:00:00,0.0,40.2192358825821,7.505291471944773,0.0,0.0,20.247789336177995,0.0
2050-03-04 02:00:00,0.0,40.41133489717595,2.948960201914666,0.0,0.0,20.247789336177995,0.0
2050-03-04 03:00:00,0.0,39.14852393557021,5.484133483267698,0.0,0.0,13.865882839646382,0.0
2050-03-04 04:00:00,0.0,38.63689490684192,11.536664677704827,0.0,0.0,0.0,0.0
2050-03-04 05:00:00,0.0,38.69843896394218,37.7380692639674,0.0,0.0,1.904438483709761,0.0
2050-03-04 06:00:00,0.0,36.90432117624118,20.65714299954672,0.0,0.0,20.247789336177995,0.0
2050-03-04 07:00:00,0.0,34.91388449374972,23.213443783861436,0.0,0.0,20.247789336177995,0.0
2050-03-04 08:00:00,0.0,33.498096226529015,37.7380692639674,0.0,0.0,20.247789336177995,0.0
2050-03-04 09:00:00,0.0,34.26043236621558,37.7380692639674,0.0,0.0,20.247789336177995,0.0
2050-03-04 10:00:00,0.0,32.64922451289635,37.7380692639674,0.0,0.0,20.247789336177995,0.0
2050-03-04 11:00:00,0.0,31.857416521505456,37.7380692639674,0.0,0.0,20.247789336177995,0.0
2050-03-04 12:00:00,0.0,31.265230357148766,37.7380692639674,0.0,0.0,20.247789336177995,0.0
2050-03-04 13:00:00,0.0,31.869069662289803,37.7380692639674,0.0,0.0,20.247789336177995,0.0
2050-03-04 14:00:00,0.0,31.707671465361955,37.7380692639674,0.0,0.0,20.247789336177995,0.0
2050-03-04 15:00:00,0.0,32.0269419425174,37.7380692639674,0.0,0.0,20.247789336177995,0.0
2050-03-04 16:00:00,0.0,32.68634750350748,37.7380692639674,0.0,0.0,20.247789336177995,0.0
2050-03-04 17:00:00,0.0,33.65596381013256,37.7380692639674,0.0,0.0,0.0,0.0
2050-03-04 18:00:00,0.0,35.42854289341699,37.7380692639674,0.0,0.0,20.247789336177995,0.0
2050-03-04 19:00:00,0.0,36.06190306976555,37.7380692639674,0.0,0.0,20.247789336177995,0.0
2050-03-04 20:00:00,0.0,37.99635554835504,37.7380692639674,0.0,0.0,20.247789336177995,0.0
2050-03-04 21:00:00,0.0,36.65692264837526,37.7380692639674,0.0,0.0,20.247789336177995,0.0
2050-03-04 22:00:00,0.0,38.42427418261377,37.7380692639674,0.0,0.0,20.247789336177995,0.0
2050-03-04 23:00:00,0.0,40.29986462923375,37.7380692639674,0.0,0.0,20.247789336177995,0.0
2050-03-05 00:00:00,0.0,37.195594372622736,37.7380692639674,0.0,0.0,20.247789336177995,0.0
2050-03-05 01:00:00,0.0,37.73675828640626,37.7380692639674,0.0,0.0,20.247789336177995,0.0
2050-03-05 02:00:00,0.0,37.468347210288584,37.7380692639674,0.0,0.0,20.247789336177995,0.0
2050-03-05 03:00:00,0.0,37.408978204601226,37.7380692639674,0.0,0.0,20.247789336177995,0.0
2050-03-05 04:00:00,0.0,36.91421188748586,37.7380692639674,0.0,0.0,20.247789336177995,0.0
2050-03-05 05:00:00,0.0,37.229307439028844,37.7380692639674,0.0,0.0,20.247789336177995,0.0
2050-03-05 06:00:00,0.0,35.54999450586365,37.7380692639674,0.0,0.0,20.247789336177995,0.0
2050-03-05 07:00:00,0.0,33.93913932365513,37.7380692639674,0.0,0.0,20.247789336177995,0.0
2050-03-05 08:00:00,0.0,33.113599698928965,37.7380692639674,0.0,0.0,20.247789336177995,0.0
2050-03-05 09:00:00,0.0,32.124434447870044,37.7380692639674,0.0,0.0,20.247789336177995,0.0
2050-03-05 10:00:00,0.0,30.948066204793804,37.7380692639674,0.0,0.0,20.247789336177995,0.0
2050-03-05 11:00:00,0.0,29.950367311282207,37.7380692639674,0.0,0.0,20.247789336177995,0.0
2050-03-05 12:00:00,0.0,30.168830963495793,37.7380692639674,0.0,0.0,20.247789336177995,0.0
2050-03-05 13:00:00,0.0,30.15913895251424,37.7380692639674,0.0,0.0,20.247789336177995,0.0
2050-03-05 14:00:00,0.0,29.508401030160712,37.7380692639674,0.0,0.0,20.247789336177995,0.0
2050-03-05 15:00:00,0.0,30.244374207047258,37.7380692639674,0.0,0.0,20.247789336177995,0.0
2050-03-05 16:00:00,0.0,31.215517895698895,37.7380692639674,0.0,0.0,20.247789336177995,0.0
2050-03-05 17:00:00,0.0,32.04194106785553,37.7380692639674,0.0,0.0,20.247789336177995,0.0
2050-03-05 18:00:00,0.0,33.87149263276251,37.7380692639674,0.0,0.0,20.247789336177995,0.0
2050-03-05 19:00:00,0.0,33.673931992417465,37.7380692639674,0.0,0.0,20.247789336177995,0.0
2050-03-05 20:00:00,0.0,34.40575977001481,37.7380692639674,0.0,0.0,20.247789336177995,0.0
2050-03-05 21:00:00,0.0,36.198204580620995,37.7380692639674,0.0,0.0,20.247789336177995,0.0
2050-03-05 22:00:00,0.0,35.98014653857763,24.323285047682525,0.0,0.0,16.889016110370505,0.0
2050-03-05 23:00:00,0.0,37.185635145181095,0.0,43.80467351025949,0.0,0.0,0.0
2050-03-06 00:00:00,0.0,36.40898159742869,0.0,48.62552183750089,0.0,0.0,0.0
2050-03-06 01:00:00,0.0,38.26118017999556,0.0,48.62552183750089,0.0,0.0,0.0
2050-03-06 02:00:00,0.0,39.50051863421095,0.0,48.62552183750089,0.0,0.0,0.0
2050-03-06 03:00:00,0.0,37.08950287801122,0.0,48.62552183750089,0.0,0.0,1.4808227918480221
2050-03-06 04:00:00,0.0,36.49413544248637,0.0,48.62552183750089,0.0,0.0,38.394910120795046
2050-03-06 05:00:00,0.0,36.30992826439774,0.0,48.62552183750089,0.0,0.0,38.394910120795046
2050-03-06 06:00:00,0.0,35.59592119897138,0.0,30.83603008559329,0.0,0.0,38.394910120795046
2050-03-06 07:00:00,0.0,32.80343826298417,0.0,48.62552183750089,0.0,0.0,38.394910120795046
2050-03-06 08:00:00,0.0,32.65972420166008,0.0,48.62552183750089,0.0,0.0,38.394910120795046
2050-03-06 09:00:00,0.0,31.90312004201769,0.0,37.62701191837915,0.0,0.0,38.394910120795046
2050-03-06 10:00:00,0.0,31.00805871762077,0.0,37.62701191837915,0.0,0.0,38.394910120795046
2050-03-06 11:00:00,0.0,30.51035372297042,0.0,36.200385946540436,0.0,0.0,38.394910120795046
2050-03-06 12:00:00,0.0,29.838789395133062,0.0,23.77913102834355,0.0,0.0,22.809406499480367
2050-03-06 13:00:00,0.0,29.65357364369447,0.0,0.0,0.0,0.0,0.0
2050-03-06 14:00:00,0.0,29.287132948347107,5.731568302196539,0.0,0.0,4.012097811537577,0.0
2050-03-06 15:00:00,0.0,31.343522702558403,10.002178568328553,0.0,0.0,7.0015249978299865,0.0
2050-03-06 16:00:00,0.0,31.000677799770756,16.194455199951562,0.0,0.0,11.336118639966093,0.0
2050-03-06 17:00:00,0.0,32.53673142334242,29.066661886994652,0.0,0.0,20.247789336177995,0.0
2050-03-06 18:00:00,0.0,32.76685856233712,28.784235412074423,0.0,0.0,20.247789336177995,0.0
2050-03-06 19:00:00,0.0,33.939765584435236,28.92541333739714,0.0,0.0,20.247789336177995,0.0
2050-03-06 20:00:00,0.0,34.81800218917806,28.92541333739714,0.0,0.0,20.247789336177995,0.0
2050-03-06 21:00:00,0.0,36.30789945002016,32.20584854554414,0.0,0.0,20.247789336177995,0.0
2050-03-06 22:00:00,0.0,36.772794189427486,25.646618346854204,0.0,0.0,20.247789336177995,0.0
2050-03-06 23:00:00,0.0,36.26420089595263,28.92541333739714,0.0,0.0,20.247789336177995,0.0
2050-03-07 00:00:00,0.0,42.32299828013447,28.92541333739714,0.0,0.0,20.247789336177995,0.0
2050-03-07 01:00:00,0.0,40.5756161296747,28.92541333739714,0.0,0.0,20.247789336177995,0.0
2050-03-07 02:00:00,0.0,39.70888801594219,28.92541333739714,0.0,0.0,20.247789336177995,0.0
2050-03-07 03:00:00,0.0,38.666084639464316,28.92541333739714,0.0,0.0,20.247789336177995,0.0
2050-03-07 04:00:00,0.0,38.532715273236136,28.92541333739714,0.0,0.0,20.247789336177995,0.0
2050-03-07 05:00:00,0.0,38.0684207544266,28.92541333739714,0.0,0.0,20.247789336177995,0.0
2050-03-07 06:00:00,0.0,36.531661753557046,28.92541333739714,0.0,0.0,20.247789336177995,0.0
2050-03-07 07:00:00,0.0,36.49637786484254,37.7380692639674,0.0,0.0,20.247789336177995,0.0
2050-03-07 08:00:00,0.0,33.93817033705841,28.452748646941647,0.0,0.0,20.247789336177995,0.0
2050-03-07 09:00:00,0.0,33.9965886579223,37.7380692639674,0.0,0.0,20.247789336177995,0.0
2050-03-07 10:00:00,0.0,33.18148070545931,37.7380692639674,0.0,0.0,20.247789336177995,0.0
2050-03-07 11:00:00,0.0,31.690473366598326,37.7380692639674,0.0,0.0,20.247789336177995,0.0
2050-03-07 12:00:00,0.0,31.23125465693306,37.7380692639674,0.0,0.0,20.247789336177995,0.0
2050-03-07 13:00:00,0.0,31.22937094378335,37.7380692639674,0.0,0.0,20.247789336177995,0.0
2050-03-07 14:00:00,0.0,31.96883838733106,37.7380692639674,0.0,0.0,20.247789336177995,0.0
2050-03-07 15:00:00,0.0,32.09672503010961,37.7380692639674,0.0,0.0,20.247789336177995,0.0
2050-03-07 16:00:00,0.0,32.75989584121953,37.7380692639674,0.0,0.0,20.247789336177995,0.0
2050-03-07 17:00:00,0.0,34.08784725689111,37.7380692639674,0.0,0.0,20.247789336177995,0.0
2050-03-07 18:00:00,0.0,35.7270796228172,37.7380692639674,0.0,0.0,20.247789336177995,0.0
2050-03-07 19:00:00,0.0,35.6433928622223,37.7380692639674,0.0,0.0,20.247789336177995,0.0
2050-03-07 20:00:00,0.0,36.34583287724354,37.7380692639674,0.0,0.0,20.247789336177995,0.0
2050-03-07 21:00:00,0.0,38.13205219246197,37.7380692639674,0.0,0.0,20.247789336177995,0.0
2050-03-07 22:00:00,0.0,39.04807466205898,37.7380692639674,0.0,0.0,20.247789336177995,0.0
2050-03-07 23:00:00,0.0,40.78789283454762,37.7380692639674,0.0,0.0,20.247789336177995,0.0
2050-03-08 00:00:00,0.0,41.0213564622029,24.3691144442776,0.0,0.0,20.247789336177995,0.0
2050-03-08 01:00:00,0.0,40.620167789601055,13.6686200927536,0.0,0.0,20.247789336177995,0.0
2050-03-08 02:00:00,0.0,39.801517598306646,3.74250511144502,0.0,0.0,20.247789336177995,0.0
2050-03-08 03:00:00,0.0,40.95491665490954,28.272281126915388,0.0,0.0,20.247789336177995,0.0
2050-03-08 04:00:00,0.0,38.82395661935789,32.66043909608501,0.0,0.0,20.247789336177995,0.0
2050-03-08 05:00:00,0.0,38.73843541466681,4.252606298108994,0.0,0.0,20.247789336177995,0.0
2050-03-08 06:00:00,0.0,37.730691946924026,4.171832951602909,0.0,0.0,20.247789336177995,0.0
2050-03-08 07:00:00,0.0,36.88465601829057,23.751075804434986,0.0,0.0,20.247789336177995,0.0
2050-03-08 08:00:00,0.0,34.682525066417156,5.999368940572012,0.0,0.0,20.247789336177995,0.0
2050-03-08 09:00:00,0.0,35.14645168325069,37.7380692639674,0.0,0.0,20.247789336177995,0.0
2050-03-08 10:00:00,0.0,33.856780703236154,0.0,0.0,0.0,20.247789336177995,0.0
2050-03-08 11:00:00,0.0,32.35068181260499,28.92541333739714,0.0,0.0,20.247789336177995,0.0
2050-03-08 12:00:00,0.0,31.963139129643196,37.7380692639674,0.0,0.0,20.247789336177995,0.0
2050-03-08 13:00:00,0.0,30.77781495999716,20.11716373879016,0.0,0.0,20.247789336177995,0.0
2050-03-08 14:00:00,0.0,32.269626185788184,28.92541333739714,0.0,0.0,20.247789336177995,0.0
2050-03-08 15:00:00,0.0,32.87215357575815,28.92541333739714,0.0,0.0,20.247789336177995,0.0
2050-03-08 16:00:00,0.0,32.641421124686076,28.92541333739714,0.0,0.0,20.247789336177995,0.0
2050-03-08 17:00:00,0.0,34.09788528488889,37.7380692639674,0.0,0.0,20.247789336177995,0.0
2050-03-08 18:00:00,0.0,34.40677233043766,37.7380692639674,0.0,0.0,20.247789336177995,0.0
2050-03-08 19:00:00,0.0,38.0447923647107,11.313318264982488,0.0,0.0,20.247789336177995,0.0
2050-03-08 20:00:00,0.0,36.95491674204982,28.92541333739714,0.0,0.0,20.247789336177995,0.0
2050-03-08 21:00:00,0.0,38.4805331659893,37.7380692639674,0.0,0.0,20.247789336177995,0.0
2050-03-08 22:00:00,0.0,39.706894834331024,20.11716373879016,0.0,0.0,20.247789336177995,0.0
2050-03-08 23:00:00,0.0,39.7205132249353,28.92541333739714,0.0,0.0,20.247789336177995,0.0
2050-03-09 00:00:00,0.0,40.81524777658092,28.92541333739714,0.0,0.0,20.247789336177995,0.0
2050-03-09 01:00:00,0.0,41.350214056749564,28.92541333739714,0.0,0.0,20.247789336177995,0.0
2050-03-09 02:00:00,0.0,42.060508841449064,28.92541333739714,0.0,0.0,20.247789336177995,0.0
2050-03-09 03:00:00,0.0,40.92358113289038,37.7380692639674,0.0,0.0,20.247789336177995,0.0
2050-03-09 04:00:00,0.0,41.08338017387814,20.11716373879016,0.0,0.0,20.247789336177995,0.0
2050-03-09 05:00:00,0.0,37.61940182155013,28.92541333739714,0.0,0.0,20.247789336177995,0.0
2050-03-09 06:00:00,0.0,36.86156551949989,37.7380692639674,0.0,0.0,20.247789336177995,0.0
2050-03-09 07:00:00,0.0,35.49073351479274,37.7380692639674,0.0,0.0,20.247789336177995,0.0
2050-03-09 08:00:00,0.0,35.136552903710935,37.7380692639674,0.0,0.0,20.247789336177995,0.0
2050-03-09 09:00:00,0.0,33.76697721865003,37.7380692639674,0.0,0.0,20.247789336177995,0.0
2050-03-09 10:00:00,0.0,32.89882858147962,22.65871416365314,0.0,0.0,20.247789336177995,0.0
2050-03-09 11:00:00,0.0,32.53450233188482,0.0,0.0,0.0,20.247789336177995,0.0
2050-03-09 12:00:00,0.0,32.23146829152233,28.92541333739714,0.0,0.0,20.247789336177995,0.0
2050-03-09 13:00:00,0.0,31.362843760420446,28.92541333739714,0.0,0.0,20.247789336177995,0.0
2050-03-09 14:00:00,0.0,32.13460568893038,37.7380692639674,0.0,0.0,20.247789336177995,0.0
2050-03-09 15:00:00,0.0,32.46827545450856,20.11716373879016,0.0,0.0,20.247789336177995,0.0
2050-03-09 16:00:00,0.0,33.0550527742007,37.7380692639674,0.0,0.0,20.247789336177995,0.0
2050-03-09 17:00:00,0.0,34.89230250274636,20.11716373879016,0.0,0.0,20.247789336177995,0.0
2050-03-09 18:00:00,0.0,33.917847176722944,28.92541333739714,0.0,0.0,20.247789336177995,0.0
2050-03-09 19:00:00,0.0,35.89469753924345,37.7380692639674,0.0,0.0,20.247789336177995,0.0
2050-03-09 20:00:00,0.0,36.964616358328385,20.11716373879016,0.0,0.0,20.247789336177995,0.0
2050-03-09 21:00:00,0.0,38.07138999139033,37.7380692639674,0.0,0.0,20.247789336177995,0.0
2050-03-09 22:00:00,0.0,38.944815585010474,32.815731233537996,0.0,0.0,20.247789336177995,0.0
2050-03-09 23:00:00,0.0,39.4068388269709,37.7380692639674,0.0,0.0,20.247789336177995,0.0
2050-03-10 00:00:00,0.0,40.01689690278545,37.7380692639674,0.0,0.0,20.247789336177995,0.0
2050-03-10 01:00:00,0.0,41.0613758006466,37.7380692639674,0.0,0.0,20.247789336177995,0.0
2050-03-10 02:00:00,0.0,40.861587387589,37.7380692639674,0.0,0.0,20.247789336177995,0.0
2050-03-10 03:00:00,0.0,39.046151403185604,37.7380692639674,0.0,0.0,20.247789336177995,0.0
2050-03-10 04:00:00,0.0,37.93377859602674,37.7380692639674,0.0,0.0,20.247789336177995,0.0
2050-03-10 05:00:00,0.0,37.955407826714236,37.7380692639674,0.0,0.0,20.247789336177995,0.0
2050-03-10 06:00:00,0.0,36.12609859437521,37.7380692639674,0.0,0.0,20.247789336177995,0.0
2050-03-10 07:00:00,0.0,36.39350510805457,37.7380692639674,0.0,0.0,20.247789336177995,0.0
2050-03-10 08:00:00,0.0,35.301472609216944,37.7380692639674,0.0,0.0,20.247789336177995,0.0
2050-03-10 09:00:00,0.0,32.824615462135625,37.7380692639674,0.0,0.0,20.247789336177995,0.0
2050-03-10 10:00:00,0.0,33.507818071828524,16.170328741666836,0.0,0.0,20.247789336177995,0.0
2050-03-10 11:00:00,0.0,32.39915485366009,29.154519472143633,0.0,0.0,20.247789336177995,0.0
2050-03-10 12:00:00,0.0,31.365171747144814,37.7380692639674,0.0,0.0,20.247789336177995,0.0
2050-03-10 13:00:00,0.0,32.555313551629524,37.7380692639674,0.0,0.0,20.247789336177995,0.0
2050-03-10 14:00:00,0.0,33.442671173246254,37.7380692639674,0.0,0.0,20.247789336177995,0.0
2050-03-10 15:00:00,0.0,32.43976358934515,37.7380692639674,0.0,0.0,20.247789336177995,0.0
2050-03-10 16:00:00,0.0,33.37135199035879,37.7380692639674,0.0,0.0,20.247789336177995,0.0
2050-03-10 17:00:00,0.0,33.43930330644639,37.7380692639674,0.0,0.0,20.247789336177995,0.0
2050-03-10 18:00:00,0.0,35.47927307156601,37.7380692639674,0.0,0.0,20.247789336177995,0.0
2050-03-10 19:00:00,0.0,36.01955062404886,37.7380692639674,0.0,0.0,20.247789336177995,0.0
2050-03-10 20:00:00,0.0,37.89722103040481,37.7380692639674,0.0,0.0,20.247789336177995,0.0
2050-03-10 21:00:00,0.0,38.36458684620197,37.7380692639674,0.0,0.0,20.247789336177995,0.0
2050-03-10 22:00:00,0.0,39.64511695078727,37.7380692639674,0.0,0.0,20.247789336177995,0.0
2050-03-10 23:00:00,0.0,39.69758218426523,37.7380692639674,0.0,0.0,20.247789336177995,0.0
2050-03-11 00:00:00,0.0,39.46698521446842,37.7380692639674,0.0,0.0,20.247789336177995,0.0
2050-03-11 01:00:00,0.0,41.04389582814565,37.7380692639674,0.0,0.0,20.247789336177995,0.0
2050-03-11 02:00:00,0.0,41.96814862571364,37.7380692639674,0.0,0.0,20.247789336177995,0.0
2050-03-11 03:00:00,0.0,38.30728582579968,37.7380692639674,0.0,0.0,20.247789336177995,0.0
2050-03-11 04:00:00,0.0,39.675404020418,37.7380692639674,0.0,0.0,20.247789336177995,0.0
2050-03-11 05:00:00,0.0,37.81160433899481,37.7380692639674,0.0,0.0,20.247789336177995,0.0
2050-03-11 06:00:00,0.0,36.47545799765135,37.7380692639674,0.0,0.0,20.247789336177995,0.0
2050-03-11 07:00:00,0.0,36.520958872454,37.7380692639674,0.0,0.0,20.247789336177995,0.0
2050-03-11 08:00:00,964.849155347004,1000.0,37.7380692639674,0.0,0.0,20.247789336177995,0.0
2050-03-11 09:00:00,0.0,34.28407016365418,37.7380692639674,0.0,0.0,20.247789336177995,0.0
2050-03-11 10:00:00,0.0,33.51284216860745,37.7380692639674,0.0,0.0,20.247789336177995,0.0
2050-03-11 11:00:00,0.0,31.395572204177142,37.7380692639674,0.0,0.0,20.247789336177995,0.0
2050-03-11 12:00:00,0.0,33.07946239241369,37.7380692639674,0.0,0.0,20.247789336177995,0.0
2050-03-11 13:00:00,0.0,32.84286562878151,37.7380692639674,0.0,0.0,20.247789336177995,0.0
2050-03-11 14:00:00,0.0,31.750227849711337,37.7380692639674,0.0,0.0,20.247789336177995,0.0
2050-03-11 15:00:00,0.0,32.5512301499989,37.7380692639674,0.0,0.0,20.247789336177995,0.0
2050-03-11 16:00:00,0.0,32.468714217688785,37.7380692639674,0.0,0.0,20.247789336177995,0.0
2050-03-11 17:00:00,0.0,34.309457927912035,37.7380692639674,0.0,0.0,20.247789336177995,0.0
2050-03-11 18:00:00,0.0,35.257624833342106,37.7380692639674,0.0,0.0,20.247789336177995,0.0
2050-03-11 19:00:00,0.0,36.489872190176584,37.7380692639674,0.0,0.0,20.247789336177995,0.0
2050-03-11 20:00:00,0.0,37.286157336219276,37.7380692639674,0.0,0.0,20.247789336177995,0.0
2050-03-11 21:00:00,0.0,38.916675836921286,37.7380692639674,0.0,0.0,20.247789336177995,0.0
2050-03-11 22:00:00,0.0,39.4675313320854,18.19984754695539,0.0,0.0,12.602609859861502,0.0
2050-03-11 23:00:00,0.0,39.952855143697434,0.0,9.791397472063313,0.0,0.0,0.0
2050-03-12 00:00:00,0.0,38.35934619242357,0.0,15.168374572232219,0.0,0.0,0.0
2050-03-12 01:00:00,0.0,38.748743234385074,0.0,25.75748136809816,0.0,0.0,0.0
2050-03-12 02:00:00,0.0,38.664820634268835,0.0,32.110531436700455,0.0,0.0,0.0
2050-03-12 03:00:00,0.0,38.050496682076755,0.0,30.927906277144615,0.0,0.0,0.0
2050-03-12 04:00:00,0.0,38.08245041719283,0.0,28.48291375804474,0.0,0.0,0.0
2050-03-12 05:00:00,0.0,36.00286137100693,0.0,30.315192686524885,0.0,0.0,0.0
2050-03-12 06:00:00,0.0,36.15066972705745,0.0,39.11042800218645,0.0,0.0,0.0
2050-03-12 07:00:00,0.0,33.917616636287676,0.0,40.476738896314515,0.0,0.0,0.0
2050-03-12 08:00:00,0.0,32.905640115743836,0.0,24.786577598318416,0.0,0.0,3.266043691335794
2050-03-12 09:00:00,0.0,31.930302357687196,0.0,0.0,0.0,0.0,0.0
2050-03-12 10:00:00,0.0,31.857236476158278,0.0,0.0,0.0,0.0,0.0
2050-03-12 11:00:00,0.0,30.391959897088782,0.0,0.0,0.0,0.0,32.8346530747997
2050-03-12 12:00:00,0.0,29.64901729765711,0.0,0.0,0.0,0.0,38.394910120795046
2050-03-12 13:00:00,0.0,30.35011641285587,0.0,0.0,0.0,0.0,0.0
2050-03-12 14:00:00,0.0,29.779228160799676,0.0,0.0,0.0,0.0,0.0
2050-03-12 15:00:00,0.0,30.502983827729395,0.0,0.0,0.0,0.0,0.0
2050-03-12 16:00:00,0.0,31.267942331364566,0.0,0.0,0.0,0.0,0.0
2050-03-12 17:00:00,0.0,32.180604265040756,0.0,0.0,0.0,0.0,38.394910120795046
2050-03-12 18:00:00,0.0,33.779410631553674,0.7234255385402193,0.0,0.0,0.0,38.394910120795046
2050-03-12 19:00:00,0.0,34.0856122572975,0.0,0.0,0.0,0.0,38.394910120795046
2050-03-12 20:00:00,0.0,34.34170730414098,0.0,0.0,0.0,0.0,38.394910120795046
2050-03-12 21:00:00,0.0,36.78043261653988,0.0,0.0,0.0,0.0,38.394910120795046
2050-03-12 22:00:00,0.0,36.520684719874,0.0,20.859319427332878,0.0,0.0,38.394910120795046
2050-03-12 23:00:00,0.0,36.89366317539407,0.0,48.62552183750089,0.0,0.0,38.394910120795046
2050-03-13 00:00:00,0.0,37.88137352031822,0.0,48.62552183750089,0.0,0.0,38.394910120795046
2050-03-13 01:00:00,0.0,38.87124654621539,0.0,48.62552183750089,0.0,0.0,38.394910120795046
2050-03-13 02:00:00,0.0,37.171174235829994,0.0,48.606831476753285,0.0,0.0,38.394910120795046
2050-03-13 03:00:00,0.0,37.195335971627856,0.0,36.519341263047195,0.0,0.0,38.394910120795046
2050-03-13 04:00:00,0.0,37.831331758034366,0.0,32.23690960625232,0.0,0.0,38.394910120795046
2050-03-13 05:00:00,0.0,37.48226027095188,0.0,32.53746949825647,0.0,0.0,38.394910120795046
2050-03-13 06:00:00,0.0,35.30158593859437,0.0,33.95849041299788,0.0,0.0,38.394910120795046
2050-03-13 07:00:00,0.0,34.78760646544583,0.0,42.040745080215984,0.0,0.0,38.394910120795046
2050-03-13 08:00:00,0.0,33.309471226084725,0.0,47.4146192069377,0.0,0.0,38.394910120795046
2050-03-13 09:00:00,0.0,32.15554620455009,0.0,48.62552183750089,0.0,0.0,38.394910120795046
2050-03-13 10:00:00,0.0,30.715812400005234,0.0,48.62552183750089,0.0,0.0,38.394910120795046
2050-03-13 11:00:00,0.0,30.744810550720103,0.0,48.62552183750089,0.0,0.0,38.394910120795046
2050-03-13 12:00:00,0.0,29.943835486537864,0.0,46.64726654991078,0.0,0.0,38.394910120795046
2050-03-13 13:00:00,0.0,29.971223048226193,0.0,34.94150641840478,0.0,0.0,38.394910120795046
2050-03-13 14:00:00,0.0,30.312060937162414,0.0,29.707053639661012,0.0,0.0,38.394910120795046
2050-03-13 15:00:00,0.0,30.850235185670044,0.0,19.293549097233296,0.0,0.0,38.394910120795046
2050-03-13 16:00:00,0.0,30.772770429535285,0.0,40.194839284609735,0.0,0.0,38.394910120795046
2050-03-13 17:00:00,0.0,31.844528302644903,0.0,48.62552183750089,0.0,0.0,38.394910120795046
2050-03-13 18:00:00,0.0,33.59780732517288,0.0,48.62552183750089,0.0,0.0,38.394910120795046
2050-03-13 19:00:00,0.0,35.29151709384564,0.0,48.62552183750089,0.0,0.0,38.394910120795046
2050-03-13 20:00:00,0.0,35.340887411874746,0.0,48.62552183750089,0.0,0.0,38.394910120795046
2050-03-13 21:00:00,0.0,36.812980955731746,0.0,48.62552183750089,0.0,0.0,38.394910120795046
2050-03-13 22:00:00,962.318488536858,1000.0,0.0,48.62552183750089,0.0,0.0,38.394910120795046
2050-03-13 23:00:00,0.0,37.436289313804764,0.0,48.62552183750089,0.0,0.0,38.394910120795046
2050-03-14 00:00:00,0.0,41.28559896836168,0.0,48.62552183750089,0.0,0.0,38.394910120795046
2050-03-14 01:00:00,0.0,40.28743401918632,0.0,48.62552183750089,0.0,0.0,38.394910120795046
2050-03-14 02:00:00,0.0,39.64109730857194,0.0,48.62552183750089,0.0,0.0,38.394910120795046
2050-03-14 03:00:00,0.0,39.83459266581099,0.0,48.62552183750089,0.0,0.0,38.394910120795046
2050-03-14 04:00:00,0.0,39.875720679837286,0.0,48.62552183750089,0.0,0.0,38.394910120795046
2050-03-14 05:00:00,0.0,38.06485359074509,0.0,48.62552183750089,0.0,0.0,38.394910120795046
2050-03-14 06:00:00,0.0,36.752030699463376,0.0,48.62552183750089,0.0,0.0,38.394910120795046
2050-03-14 07:00:00,0.0,35.985459212233536,0.0,48.62552183750089,0.0,0.0,38.394910120795046
2050-03-14 08:00:00,0.0,30.298405965053007,0.0,48.62552183750089,0.0,0.0,38.394910120795046
2050-03-14 09:00:00,0.0,30.86921220178874,0.0,48.62552183750089,0.0,0.0,38.394910120795046
2050-03-14 10:00:00,0.0,34.2462643607887,0.0,48.62552183750089,0.0,0.0,38.394910120795046
2050-03-14 11:00:00,0.0,26.861925123216224,0.0,48.62552183750089,0.0,0.0,38.394910120795046
2050-03-14 12:00:00,0.0,32.176484261770156,0.0,41.516983441142564,0.0,0.0,38.394910120795046
2050-03-14 13:00:00,0.0,32.01526860782201,0.0,8.736282125126337,0.0,0.0,8.91457359706769
2050-03-14 14:00:00,0.0,31.61031968882503,0.0,0.0,0.0,0.0,0.0
2050-03-14 15:00:00,0.0,32.951258083818175,0.7064064494728726,0.0,0.0,0.4944845146310108,0.0
2050-03-14 16:00:00,0.0,32.81128744508851,37.7380692639674,0.0,0.0,0.0,0.0
2050-03-14 17:00:00,0.0,33.718595850490374,4.166492069491127,0.0,0.0,0.0,0.0
2050-03-14 18:00:00,0.0,35.08630082712921,0.47950288109951344,0.0,0.0,0.0,0.0
2050-03-14 19:00:00,0.0,36.196891920673124,27.887121522148227,0.0,0.0,0.0,0.0
2050-03-14 20:00:00,0.0,38.60919802850708,26.92147737008435,0.0,0.0,0.0,0.0
2050-03-14 21:00:00,0.0,38.30813391221545,0.0,0.0,0.0,0.0,0.0
2050-03-14 22:00:00,0.0,40.586331075983935,0.0,0.0,0.0,0.0,0.0
2050-03-14 23:00:00,0.0,38.53430859268997,0.0,27.56821436352714,0.0,0.0,0.0
2050-03-15 00:00:00,0.0,41.27686474022357,0.0,0.0,0.0,0.0,0.0
2050-03-15 01:00:00,0.0,40.75217692082447,0.0,0.0,0.0,0.0,0.0
2050-03-15 02:00:00,0.0,42.15849891467769,0.0,0.0,0.0,0.0,0.0
2050-03-15 03:00:00,0.0,39.44457903095554,0.0,0.0,0.0,0.0,0.0
2050-03-15 04:00:00,0.0,39.56403798963879,0.0,23.628961497479096,0.0,16.567882478642055,0.0
2050-03-15 05:00:00,0.0,38.73851447937341,0.0,0.0,0.0,0.0,0.0
2050-03-15 06:00:00,0.0,35.870449228577854,0.0,0.0,0.0,0.0,0.0
2050-03-15 07:00:00,0.0,36.37915934481907,1.8903108643063362,0.0,0.0,1.3232176050144353,0.0
2050-03-15 08:00:00,0.0,37.227350088400044,5.168671684584353,0.0,0.0,0.0,0.0
2050-03-15 09:00:00,0.0,34.325739435824744,26.711169733008326,0.0,0.0,0.0,0.0
2050-03-15 10:00:00,0.0,33.8965290812348,29.24598673399735,0.0,0.0,0.0,0.0
2050-03-15 11:00:00,0.0,32.59105474660373,37.7380692639674,0.0,0.0,0.0,0.0
2050-03-15 12:00:00,0.0,33.15161871037844,37.7380692639674,0.0,0.0,0.0,0.0
2050-03-15 13:00:00,0.0,31.636407329771373,37.7380692639674,0.0,0.0,0.0,0.0
2050-03-15 14:00:00,0.0,31.619642820055333,37.7380692639674,0.0,0.0,0.0,0.0
2050-03-15 15:00:00,0.0,33.1761111640335,37.7380692639674,0.0,0.0,0.0,0.0
2050-03-15 16:00:00,0.0,32.58767542151281,37.7380692639674,0.0,0.0,10.881991177783846,0.0
2050-03-15 17:00:00,0.0,34.32310595337958,37.7380692639674,0.0,0.0,0.0,0.0
2050-03-15 18:00:00,0.0,33.99727973227186,37.7380692639674,0.0,0.0,20.247789336177995,0.0
2050-03-15 19:00:00,0.0,36.91317221292525,37.7380692639674,0.0,0.0,20.247789336177995,0.0
2050-03-15 20:00:00,0.0,37.25547308477417,37.7380692639674,0.0,0.0,0.0,0.0
2050-03-15 21:00:00,0.0,38.71200215069325,28.40726493610423,0.0,0.0,0.0,0.0
2050-03-15 22:00:00,0.0,39.64777849309121,0.0,25.82832846398636,0.0,0.0,26.49552233366697
2050-03-15 23:00:00,0.0,40.466941891775605,0.0,21.214716406020226,0.0,0.0,18.930843112416
2050-03-16 00:00:00,0.0,40.4078735853584,0.0,34.691354803301515,0.0,0.0,38.394910120795046
2050-03-16 01:00:00,0.0,40.43624478452284,0.0,46.11007027125548,0.0,0.0,38.394910120795046
2050-03-16 02:00:00,0.0,41.37908714674063,0.0,48.62552183750089,0.0,0.0,38.394910120795046
2050-03-16 03:00:00,0.0,41.198187752755985,0.0,48.62552183750089,0.0,0.0,38.394910120795046
2050-03-16 04:00:00,0.0,38.453209101230414,0.0,48.62552183750089,0.0,0.0,38.394910120795046
2050-03-16 05:00:00,0.0,38.171645450524466,0.0,48.62552183750089,0.0,0.0,38.394910120795046
2050-03-16 06:00:00,0.0,37.33178934333819,0.0,48.62552183750089,0.0,0.0,38.394910120795046
2050-03-16 07:00:00,0.0,36.041877572502244,0.0,48.62552183750089,0.0,0.0,38.394910120795046
2050-03-16 08:00:00,0.0,36.02621122005007,0.0,41.58370521475227,0.0,0.0,38.394910120795046
2050-03-16 09:00:00,0.0,34.28661605258344,0.0,24.117016391141604,0.0,0.0,38.394910120795046
2050-03-16 10:00:00,0.0,33.2045077379928,0.0,19.47464373408815,0.0,0.0,38.394910120795046
2050-03-16 11:00:00,0.0,32.93554856970445,0.0,17.60987205604919,0.0,0.0,38.394910120795046
2050-03-16 12:00:00,0.0,33.1019796500334,0.0,29.38985826569478,0.0,0.0,38.394910120795046
2050-03-16 13:00:00,0.0,30.872182731047587,0.0,38.158114984600395,0.0,0.0,38.394910120795046
2050-03-16 14:00:00,0.0,32.59802517696835,0.0,48.62552183750089,0.0,0.0,38.394910120795046
2050-03-16 15:00:00,0.0,32.588211806111985,0.0,48.62552183750089,0.0,0.0,38.394910120795046
2050-03-16 16:00:00,0.0,33.16884817292157,0.0,48.62552183750089,0.0,0.0,38.394910120795046
2050-03-16 17:00:00,0.0,34.26676765968932,0.0,48.62552183750089,0.0,0.0,38.394910120795046
2050-03-16 18:00:00,0.0,34.018462225727035,0.0,45.35920495118194,0.0,0.0,38.394910120795046
2050-03-16 19:00:00,0.0,36.44941226133574,0.0,46.89297600013969,0.0,0.0,38.394910120795046
2050-03-16 20:00:00,0.0,37.887540834624815,0.0,43.60381942694026,0.0,0.0,38.394910120795046
2050-03-16 21:00:00,0.0,38.40184659546708,0.0,44.22998996195192,0.0,0.0,38.394910120795046
2050-03-16 22:00:00,0.0,38.6460231978358,0.0,48.62552183750089,0.0,0.0,38.394910120795046
2050-03-16 23:00:00,0.0,39.75027663145261,0.0,48.62552183750089,0.0,0.0,38.394910120795046
2050-03-17 00:00:00,0.0,41.401459700177156,0.0,48.62552183750089,0.0,0.0,38.394910120795046
2050-03-17 01:00:00,0.0,42.251192084724835,0.0,48.62552183750089,0.0,0.0,8.345024023307934
2050-03-17 02:00:00,0.0,40.82384479727966,0.0,48.62552183750089,0.0,0.0,38.394910120795046
2050-03-17 03:00:00,0.0,40.91508963841238,0.0,48.62552183750089,0.0,0.0,38.394910120795046
2050-03-17 04:00:00,0.0,40.63614489051474,0.0,44.13821324301128,0.0,0.0,38.394910120795046
2050-03-17 05:00:00,0.0,39.01972169389137,0.0,48.62552183750089,0.0,0.0,38.394910120795046
2050-03-17 06:00:00,0.0,37.0721127226077,0.0,48.62552183750089,0.0,0.0,38.394910120795046
2050-03-17 07:00:00,0.0,36.80812521796929,0.0,48.62552183750089,0.0,0.0,38.394910120795046
2050-03-17 08:00:00,0.0,36.615016842905106,0.0,48.62552183750089,0.0,0.0,38.394910120795046
2050-03-17 09:00:00,0.0,33.98382018792881,0.0,48.62552183750089,0.0,0.0,38.394910120795046
2050-03-17 10:00:00,0.0,33.20354907645333,0.0,48.62552183750089,0.0,0.0,38.394910120795046
2050-03-17 11:00:00,0.0,32.041693658674376,0.0,48.62552183750089,0.0,0.0,38.394910120795046
2050-03-17 12:00:00,0.0,32.43363173248213,0.0,27.14947331791761,0.0,0.0,27.703544201956745
2050-03-17 13:00:00,0.0,31.61153342401849,0.0,0.0,0.0,0.0,0.0
2050-03-17 14:00:00,0.0,32.85371199853694,0.0,0.0,0.0,0.0,0.0
2050-03-17 15:00:00,0.0,33.3300559777058,0.0,0.0,0.0,0.0,0.0
2050-03-17 16:00:00,0.0,33.12828152459201,0.0,0.0,0.0,0.0,0.0
2050-03-17 17:00:00,0.0,34.17827352005543,0.0,0.0,0.0,0.0,0.0
2050-03-17 18:00:00,0.0,35.477759368585794,0.0,0.0,0.0,0.0,0.0
2050-03-17 19:00:00,0.0,35.83492047559207,0.0,0.0,0.0,0.0,0.0
2050-03-17 20:00:00,0.0,37.31318334180037,0.0,0.0,0.0,0.0,0.0
2050-03-17 21:00:00,0.0,40.12858218292445,0.0,0.0,0.0,0.0,0.0
2050-03-17 22:00:00,0.0,39.7080021487302,0.0,0.0,0.0,0.0,0.0
2050-03-17 23:00:00,0.0,37.92247890624935,0.0,0.0,0.0,0.0,0.0
2050-03-18 00:00:00,0.0,41.93996073807534,0.0,0.0,0.0,0.0,0.0
2050-03-18 01:00:00,0.0,41.06715315647375,0.0,0.0,0.0,0.0,0.0
2050-03-18 02:00:00,0.0,40.884268773281065,0.0,0.0,0.0,0.0,0.0
2050-03-18 03:00:00,0.0,41.569029849252956,0.0,0.0,0.0,0.0,0.0
2050-03-18 04:00:00,0.0,40.78040289725777,0.0,0.0,0.0,0.0,0.0
2050-03-18 05:00:00,0.0,39.7064534731785,0.0,0.0,0.0,0.0,0.0
2050-03-18 06:00:00,0.0,38.75666911887697,0.0,0.0,0.0,0.0,0.0
2050-03-18 07:00:00,0.0,35.42536755699007,0.0,0.0,0.0,0.0,0.0
2050-03-18 08:00:00,0.0,36.108812492429706,0.0,0.0,0.0,0.0,0.0
2050-03-18 09:00:00,0.0,34.00474675132523,0.0,0.0,0.0,0.0,0.0
2050-03-18 10:00:00,0.0,33.44428135528847,0.0,0.0,0.0,0.0,0.0
2050-03-18 11:00:00,0.0,33.484470712405255,0.0,0.0,0.0,0.0,0.0
2050-03-18 12:00:00,0.0,33.004126937158844,0.0,0.0,0.0,0.0,0.0
2050-03-18 13:00:00,0.0,32.448575629754714,0.0,0.0,0.0,0.0,0.0
2050-03-18 14:00:00,0.0,32.039752242747454,0.0,0.0,0.0,0.0,0.0
2050-03-18 15:00:00,0.0,33.53404842268901,0.0,0.0,0.0,0.0,0.0
2050-03-18 16:00:00,0.0,33.29499325528127,0.0,0.0,0.0,0.0,0.0
2050-03-18 17:00:00,0.0,34.56446967053171,0.0,0.0,0.0,0.0,0.0
2050-03-18 18:00:00,0.0,35.66930342331739,0.0,0.0,0.0,0.0,0.0
2050-03-18 19:00:00,0.0,36.943527006008026,14.526697257909426,0.0,0.0,10.168688080536597,0.0
2050-03-18 20:00:00,0.0,37.05740159427023,37.7380692639674,0.0,0.0,0.0,0.0
2050-03-18 21:00:00,0.0,39.35288888080231,0.0,0.0,0.0,20.247789336177995,0.0
2050-03-18 22:00:00,0.0,40.12212866349364,15.425641664339452,0.0,0.0,0.0,0.0
2050-03-18 23:00:00,0.0,40.02257782615652,3.9181587634321033,0.0,0.0,0.0,0.0
2050-03-19 00:00:00,0.0,38.78030503486934,0.0,0.0,0.0,19.674915658284064,0.0
2050-03-19 01:00:00,0.0,39.56133188294757,0.0,0.0,0.0,0.0,0.0
2050-03-19 02:00:00,0.0,37.583079049139315,15.736991208652647,0.0,0.0,0.0,34.804536463201195
2050-03-19 03:00:00,0.0,37.95238118243924,15.666085770920319,0.0,0.0,20.247789336177995,0.0
2050-03-19 04:00:00,0.0,36.79658336796638,11.55945641669733,0.0,0.0,20.247789336177995,0.0
2050-03-19 05:00:00,0.0,36.201806848446495,9.579575166236936,0.0,0.0,20.247789336177995,0.0
2050-03-19 06:00:00,0.0,36.117640432124745,14.605327013033886,0.0,0.0,20.247789336177995,0.0
2050-03-19 07:00:00,0.0,34.26807812956372,37.7380692639674,0.0,0.0,20.247789336177995,0.0
2050-03-19 08:00:00,0.0,32.96633987991572,20.02703709733745,0.0,0.0,20.247789336177995,0.0
2050-03-19 09:00:00,0.0,33.10335874975203,37.7380692639674,0.0,0.0,20.247789336177995,0.0
2050-03-19 10:00:00,0.0,31.87423374424384,21.995767516727934,0.0,0.0,20.247789336177995,0.0
2050-03-19 11:00:00,0.0,31.39940241232148,0.0,0.0,0.0,1.3143651332341628,0.0
2050-03-19 12:00:00,0.0,31.84607979117618,11.338569679521642,0.0,0.0,7.936998775665149,0.0
2050-03-19 13:00:00,0.0,30.195397423367922,28.92541333739714,0.0,0.0,20.247789336177995,0.0
2050-03-19 14:00:00,0.0,29.47300843369885,37.7380692639674,0.0,0.0,20.247789336177995,0.0
2050-03-19 15:00:00,0.0,32.14924606266118,37.7380692639674,0.0,0.0,20.247789336177995,0.0
2050-03-19 16:00:00,0.0,31.572751870905904,37.7380692639674,0.0,0.0,20.247789336177995,0.0
2050-03-19 17:00:00,0.0,32.562327663365295,37.7380692639674,0.0,0.0,20.247789336177995,0.0
2050-03-19 18:00:00,0.0,33.95831628458018,37.7380692639674,0.0,0.0,20.247789336177995,0.0
2050-03-19 19:00:00,0.0,34.89501630989798,37.7380692639674,0.0,0.0,20.247789336177995,0.0
2050-03-19 20:00:00,0.0,34.74364133101449,37.7380692639674,0.0,0.0,20.247789336177995,0.0
2050-03-19 21:00:00,0.0,35.88627677404861,37.7380692639674,0.0,0.0,20.247789336177995,0.0
2050-03-19 22:00:00,0.0,36.693586354366516,37.7380692639674,0.0,0.0,20.247789336177995,0.0
2050-03-19 23:00:00,0.0,37.57722411315876,37.7380692639674,0.0,0.0,20.247789336177995,0.0
2050-03-20 00:00:00,0.0,38.60747984253817,37.7380692639674,0.0,0.0,20.247789336177995,0.0
2050-03-20 01:00:00,0.0,39.14214867509918,37.7380692639674,0.0,0.0,20.247789336177995,0.0
2050-03-20 02:00:00,0.0,39.037791080980924,37.7380692639674,0.0,0.0,0.0,0.0
2050-03-20 03:00:00,0.0,37.433096180696566,37.7380692639674,0.0,0.0,20.247789336177995,0.0
2050-03-20 04:00:00,0.0,37.44329329659058,37.7380692639674,0.0,0.0,20.247789336177995,0.0
2050-03-20 05:00:00,0.0,36.1283535662601,37.7380692639674,0.0,0.0,20.247789336177995,0.0
2050-03-20 06:00:00,0.0,35.31485444553414,37.7380692639674,0.0,0.0,20.247789336177995,0.0
2050-03-20 07:00:00,0.0,35.02536612699532,37.7380692639674,0.0,0.0,20.247789336177995,0.0
2050-03-20 08:00:00,0.0,33.57305998277707,37.7380692639674,0.0,0.0,0.0,0.0
2050-03-20 09:00:00,0.0,31.895904872393658,37.7380692639674,0.0,0.0,0.0,0.0
2050-03-20 10:00:00,0.0,31.92000750268903,37.7380692639674,0.0,0.0,20.247789336177995,0.0
2050-03-20 11:00:00,0.0,31.23522157156367,37.7380692639674,0.0,0.0,20.247789336177995,0.0
2050-03-20 12:00:00,0.0,30.7958091460971,37.7380692639674,0.0,0.0,20.247789336177995,0.0
2050-03-20 13:00:00,0.0,30.403074459799655,37.7380692639674,0.0,0.0,19.973429645545195,0.0
2050-03-20 14:00:00,0.0,30.59742403813607,37.7380692639674,0.0,0.0,20.247789336177995,0.0
2050-03-20 15:00:00,0.0,31.56545628098661,37.7380692639674,0.0,0.0,20.247789336177995,0.0
2050-03-20 16:00:00,0.0,31.4653635296213,37.7380692639674,0.0,0.0,20.247789336177995,0.0
2050-03-20 17:00:00,0.0,32.75657808511869,37.7380692639674,0.0,0.0,20.247789336177995,0.0
2050-03-20 18:00:00,0.0,33.09394562728312,37.7380692639674,0.0,0.0,20.247789336177995,0.0
2050-03-20 19:00:00,0.0,35.072158151359645,37.7380692639674,0.0,0.0,20.247789336177995,0.0
2050-03-20 20:00:00,0.0,36.61725153386328,37.7380692639674,0.0,0.0,20.247789336177995,0.0
2050-03-20 21:00:00,0.0,36.574702455182205,37.7380692639674,0.0,0.0,20.247789336177995,0.0
2050-03-20 22:00:00,0.0,37.678383383697565,37.7380692639674,0.0,0.0,20.247789336177995,0.0
2050-03-20 23:00:00,0.0,38.364733550279425,37.7380692639674,0.0,0.0,20.247789336177995,0.0
2050-03-21 00:00:00,0.0,41.00604601216469,37.7380692639674,0.0,0.0,20.247789336177995,0.0
2050-03-21 01:00:00,0.0,42.521575946787834,28.576777022861226,0.0,0.0,20.247789336177995,0.0
2050-03-21 02:00:00,0.0,41.257902505895345,22.50923826869341,0.0,0.0,20.247789336177995,0.0
2050-03-21 03:00:00,0.0,39.723103325655984,13.491628836535781,0.0,0.0,20.247789336177995,0.0
2050-03-21 04:00:00,0.0,40.73842953756048,1.8975253420599287,0.0,0.0,20.247789336177995,0.0
2050-03-21 05:00:00,0.0,38.65397010218726,0.0,0.0,0.0,20.247789336177995,0.0
2050-03-21 06:00:00,0.0,38.67842957278276,0.0,0.0,0.0,20.247789336177995,0.0
2050-03-21 07:00:00,0.0,35.36524426684946,0.0,0.0,0.0,20.247789336177995,0.0
2050-03-21 08:00:00,0.0,36.45989556604263,0.0,0.0,0.0,20.247789336177995,0.0
2050-03-21 09:00:00,0.0,33.976179160334596,0.0,0.0,0.0,20.247789336177995,0.0
2050-03-21 10:00:00,0.0,33.49442324314805,0.0,0.0,0.0,20.247789336177995,0.0
2050-03-21 11:00:00,0.0,33.15367971836531,0.0,0.0,0.0,20.247789336177995,0.0
2050-03-21 12:00:00,0.0,32.90028806361215,0.0,0.0,0.0,20.247789336177995,0.0
2050-03-21 13:00:00,0.0,31.745608699325203,15.187663487694401,0.0,0.0,0.0,0.0
2050-03-21 14:00:00,0.0,32.94971660585725,20.745883496424614,0.0,0.0,0.0,0.0
2050-03-21 15:00:00,0.0,33.494653544822086,35.76433774201904,0.0,0.0,0.0,0.0
2050-03-21 16:00:00,0.0,33.69717595381326,34.96158358542022,0.0,0.0,0.0,0.0
2050-03-21 17:00:00,0.0,34.661163609477626,37.7380692639674,0.0,0.0,0.0,0.0
2050-03-21 18:00:00,0.0,36.4925747528373,37.7380692639674,0.0,0.0,0.0,0.0
2050-03-21 19:00:00,0.0,36.46160525208552,37.7380692639674,0.0,0.0,0.0,0.0
2050-03-21 20:00:00,0.0,38.40857342466643,37.7380692639674,0.0,0.0,0.0,0.0
2050-03-21 21:00:00,0.0,39.20982119273867,29.383496109775876,0.0,0.0,2.5371587057586567,0.0
2050-03-21 22:00:00,0.0,39.92835089720302,0.0,1.5861632661059366,0.0,0.0,1.758619070523662
2050-03-21 23:00:00,0.0,40.14886293272957,0.0,15.193581494652621,0.0,0.0,0.0
2050-03-22 00:00:00,0.0,40.29532206052818,0.0,21.740383107870016,0.0,0.0,0.0
2050-03-22 01:00:00,0.0,41.721704744666795,0.0,34.715820181871955,0.0,0.0,0.0
2050-03-22 02:00:00,0.0,41.680157356429845,0.0,48.30837784316997,0.0,0.0,38.394910120795046
2050-03-22 03:00:00,0.0,41.36986562714333,0.0,48.62552183750089,0.0,0.0,32.24741717118007
2050-03-22 04:00:00,0.0,39.92192913138251,0.0,48.62552183750089,0.0,0.0,38.394910120795046
2050-03-22 05:00:00,0.0,39.29890743472515,0.0,48.62552183750089,0.0,0.0,38.394910120795046
2050-03-22 06:00:00,0.0,38.13574005304099,0.0,41.85855520821359,0.0,0.0,0.0
2050-03-22 07:00:00,0.0,37.17934121534813,0.0,37.97215162614822,0.0,0.0,0.0
2050-03-22 08:00:00,0.0,35.66331464035329,0.0,34.498925416962045,0.0,0.0,0.0
2050-03-22 09:00:00,0.0,35.53309144315381,0.0,37.94744819938291,0.0,0.0,0.0
2050-03-22 10:00:00,0.0,33.4895718322889,0.0,3.45870687899659,0.0,0.0,3.52929273366999
2050-03-22 11:00:00,0.0,32.282866664217636,0.0,0.0,0.0,0.0,0.0
2050-03-22 12:00:00,0.0,32.57819501407448,0.0,0.0,0.0,0.0,38.394910120795046
2050-03-22 13:00:00,0.0,32.27519199414019,0.0,0.0,0.0,0.0,38.394910120795046
2050-03-22 14:00:00,0.0,33.87869536624294,0.0,0.0,0.0,0.0,38.394910120795046
2050-03-22 15:00:00,0.0,32.70506045715865,2.2304133117960916,0.0,0.0,0.0,38.394910120795046
2050-03-22 16:00:00,0.0,33.129280290153474,0.0,0.0,0.0,0.0,0.0
2050-03-22 17:00:00,0.0,35.478856293031185,0.0,0.0,0.0,0.0,38.394910120795046
2050-03-22 18:00:00,0.0,37.02491838751075,0.0,0.0,0.0,0.0,38.394910120795046
2050-03-22 19:00:00,0.0,38.41618280886496,0.0,0.0,0.0,0.0,21.791025858769622
2050-03-22 20:00:00,0.0,37.58763663617242,0.0,11.141669617712472,0.0,0.0,38.394910120795046
2050-03-22 21:00:00,0.0,38.52459721046648,0.0,36.51738883103205,0.0,0.0,37.402726789836045
2050-03-22 22:00:00,0.0,42.14524977629367,0.0,48.62552183750089,0.0,0.0,4.147515264195136
2050-03-22 23:00:00,0.0,40.581274084285724,0.0,48.62552183750089,0.0,0.0,0.0
2050-03-23 00:00:00,0.0,40.298230854800295,0.0,48.62552183750089,0.0,0.0,0.0
2050-03-23 01:00:00,0.0,41.931115852354424,0.0,48.62552183750089,0.0,0.0,38.394910120795046
2050-03-23 02:00:00,0.0,39.46993020883701,0.0,48.62552183750089,0.0,0.0,38.394910120795046
2050-03-23 03:00:00,0.0,39.257244222373856,0.0,48.62552183750089,0.0,0.0,38.394910120795046
2050-03-23 04:00:00,0.0,39.82746591453042,0.0,48.62552183750089,0.0,0.0,38.394910120795046
2050-03-23 05:00:00,0.0,39.55542259460617,0.0,48.62552183750089,0.0,0.0,38.394910120795046
2050-03-23 06:00:00,0.0,38.02777390330448,0.0,48.62552183750089,0.0,0.0,38.394910120795046
2050-03-23 07:00:00,0.0,37.16481461593071,0.0,48.62552183750089,0.0,0.0,38.394910120795046
2050-03-23 08:00:00,0.0,36.54417420508594,0.0,48.62552183750089,0.0,0.0,38.394910120795046
2050-03-23 09:00:00,0.0,35.83870516061165,0.0,48.62552183750089,0.0,0.0,38.394910120795046
2050-03-23 10:00:00,0.0,26.74403701062556,0.0,48.62552183750089,0.0,0.0,38.394910120795046
2050-03-23 11:00:00,0.0,32.641521020298114,0.0,48.62552183750089,0.0,0.0,38.394910120795046
2050-03-23 12:00:00,0.0,32.844183210830806,0.0,48.62552183750089,0.0,0.0,38.394910120795046
2050-03-23 13:00:00,0.0,32.2211926419418,0.0,23.962531980969583,0.0,0.0,24.45156324588733
2050-03-23 14:00:00,0.0,32.16012831579792,0.0,0.0,0.0,0.0,0.0
2050-03-23 15:00:00,0.0,32.974629885592094,0.0,0.0,0.0,0.0,0.0
2050-03-23 16:00:00,0.0,33.104389217518246,2.3559113485751624,0.0,0.0,0.0,0.0
2050-03-23 17:00:00,0.0,34.829574477301094,9.190189438168268,0.0,0.0,0.0,0.0
2050-03-23 18:00:00,0.0,36.33926334874286,0.0,0.0,0.0,0.0,0.0
2050-03-23 19:00:00,0.0,36.834666853809495,0.0,7.265955452558497,0.0,0.0,0.0
2050-03-23 20:00:00,0.0,37.676808694507145,0.0,21.765500382343355,0.0,0.0,23.539958662971582
2050-03-23 21:00:00,0.0,38.17806617665792,0.0,36.586430610816485,0.0,0.0,38.394910120795046
2050-03-23 22:00:00,0.0,39.434414582278805,0.0,0.0,0.0,0.0,38.394910120795046
2050-03-23 23:00:00,0.0,40.07865606634323,0.0,0.0,0.0,0.0,0.0
2050-03-24 00:00:00,0.0,42.57699979265158,0.0,40.73486386644142,0.0,0.0,0.0
2050-03-24 01:00:00,0.0,43.09267680750895,0.0,0.0,0.0,0.0,0.0
2050-03-24 02:00:00,0.0,41.03848590783491,0.0,0.0,0.0,0.0,0.0
2050-03-24 03:00:00,0.0,41.100667101447925,0.0,0.0,0.0,0.0,0.0
2050-03-24 04:00:00,0.0,41.85053791384348,0.0,0.0,0.0,0.0,0.0
2050-03-24 05:00:00,0.0,38.59522923358122,0.0,0.0,0.0,0.0,0.0
2050-03-24 06:00:00,0.0,39.807963108408785,0.0,0.0,0.0,0.0,0.0
2050-03-24 07:00:00,0.0,36.72126004267125,0.0,0.0,0.0,0.0,0.0
2050-03-24 08:00:00,0.0,35.34682737785852,0.0,0.0,0.0,0.0,0.0
2050-03-24 09:00:00,0.0,36.341463611367544,0.0,0.0,0.0,0.0,0.0
2050-03-24 10:00:00,0.0,33.599642179684906,0.0,0.0,0.0,0.0,0.0
2050-03-24 11:00:00,0.0,33.45574114509964,0.0,0.0,0.0,0.0,0.0
2050-03-24 12:00:00,0.0,33.3568429252457,0.0,0.0,0.0,0.0,0.0
2050-03-24 13:00:00,0.0,32.659893584091606,0.0,0.0,0.0,0.0,0.0
2050-03-24 14:00:00,0.0,32.16462911632448,0.0,0.0,0.0,0.0,0.0
2050-03-24 15:00:00,0.0,32.93587332620086,0.0,0.0,0.0,0.0,0.0
2050-03-24 16:00:00,0.0,34.44857427045736,0.0,0.0,0.0,0.0,0.0
2050-03-24 17:00:00,0.0,35.85845425154412,0.0,0.0,0.0,0.0,0.0
2050-03-24 18:00:00,0.0,36.396158298869295,0.0,0.0,0.0,0.0,0.0
2050-03-24 19:00:00,0.0,35.966317500484365,0.0,0.0,0.0,0.0,0.0
2050-03-24 20:00:00,0.0,38.61021404557141,0.0,0.0,0.0,0.0,0.0
2050-03-24 21:00:00,0.0,38.87673524081765,0.0,0.0,0.0,0.0,0.0
2050-03-24 22:00:00,0.0,41.264603161872174,0.0,0.0,0.0,0.0,0.0
2050-03-24 23:00:00,0.0,41.65531268613631,0.0,0.0,0.0,0.0,0.0
2050-03-25 00:00:00,0.0,41.02594988091778,0.0,0.0,0.0,0.0,0.0
2050-03-25 01:00:00,0.0,40.794540166461275,0.0,0.0,0.0,0.0,0.0
2050-03-25 02:00:00,0.0,40.963948884141246,0.0,0.0,0.0,0.0,0.0
2050-03-25 03:00:00,0.0,41.13814387593902,0.0,0.0,0.0,0.0,0.0
2050-03-25 04:00:00,0.0,40.78999088300952,0.0,0.0,0.0,0.0,0.0
2050-03-25 05:00:00,0.0,38.727301650422305,0.0,0.0,0.0,0.0,0.0
2050-03-25 06:00:00,0.0,38.253938914761875,0.0,0.0,0.0,0.0,0.0
2050-03-25 07:00:00,0.0,38.175131783674715,0.0,0.0,0.0,0.0,0.0
2050-03-25 08:00:00,0.0,36.958256447599524,0.0,0.0,0.0,0.0,0.0
2050-03-25 09:00:00,0.0,34.429793603774215,0.0,0.0,0.0,0.0,0.0
2050-03-25 10:00:00,0.0,35.06813296601831,0.0,0.0,0.0,0.0,0.0
2050-03-25 11:00:00,0.0,34.00454224306645,0.0,0.0,0.0,0.0,0.0
2050-03-25 12:00:00,0.0,33.04544870676659,0.0,0.0,0.0,0.0,0.0
2050-03-25 13:00:00,0.0,33.22380140728819,0.0,0.0,0.0,0.0,0.0
2050-03-25 14:00:00,0.0,32.26711962762306,0.0,0.0,0.0,0.0,0.0
2050-03-25 15:00:00,0.0,33.39865316425562,0.0,0.0,0.0,0.0,0.0
2050-03-25 16:00:00,965.7399942053771,1000.0,0.0,0.0,0.0,0.0,0.0
2050-03-25 17:00:00,0.0,35.33856964683173,0.0,0.0,0.0,0.0,0.0
2050-03-25 18:00:00,0.0,35.364995596395374,0.0,0.0,0.0,0.0,0.0
2050-03-25 19:00:00,0.0,37.982789219356846,0.0,0.0,0.0,0.0,0.0
2050-03-25 20:00:00,0.0,38.323202011235026,0.0,0.0,0.0,0.0,0.0
2050-03-25 21:00:00,0.0,38.57266453924103,0.0,0.0,0.0,0.0,0.0
2050-03-25 22:00:00,0.0,41.59865952489531,0.0,0.0,0.0,0.0,0.0
2050-03-25 23:00:00,0.0,42.12450154721387,0.0,0.0,0.0,0.0,0.0
2050-03-26 00:00:00,0.0,39.06534673792589,0.0,0.0,0.0,0.0,0.0
2050-03-26 01:00:00,0.0,38.70471266206505,0.0,0.0,0.0,0.0,0.0
2050-03-26 02:00:00,0.0,39.284202418484256,0.0,0.0,0.0,0.0,0.0
2050-03-26 03:00:00,0.0,37.710376054749304,0.0,0.0,0.0,0.0,0.0
2050-03-26 04:00:00,0.0,36.419370413606885,0.0,0.0,0.0,0.0,0.0
2050-03-26 05:00:00,0.0,38.380683097874,0.0,0.0,0.0,0.0,0.0
2050-03-26 06:00:00,0.0,37.978086925183334,0.0,0.0,0.0,0.0,0.0
2050-03-26 07:00:00,0.0,35.4047757035753,0.0,0.0,0.0,0.0,0.0
2050-03-26 08:00:00,0.0,34.09278544408198,0.0,0.0,0.0,0.0,0.0
2050-03-26 09:00:00,0.0,32.397076602648895,0.0,0.0,0.0,0.0,0.0
2050-03-26 10:00:00,0.0,31.239562977356854,0.0,0.0,0.0,0.0,0.0
2050-03-26 11:00:00,0.0,30.689657992871616,0.0,0.0,0.0,0.0,0.0
2050-03-26 12:00:00,0.0,31.320846580927537,0.0,0.0,0.0,0.0,0.0
2050-03-26 13:00:00,0.0,30.705121955051254,0.0,0.0,0.0,0.0,0.0
2050-03-26 14:00:00,0.0,30.830880907358505,0.0,0.0,0.0,0.0,0.0
2050-03-26 15:00:00,0.0,31.775235510710672,0.0,0.0,0.0,0.0,0.0
2050-03-26 16:00:00,0.0,31.772994848063945,0.0,0.0,0.0,0.0,0.0
2050-03-26 17:00:00,0.0,33.46608029267372,0.0,0.0,0.0,0.0,0.0
2050-03-26 18:00:00,0.0,32.135343848814955,0.0,0.0,0.0,0.0,0.0
2050-03-26 19:00:00,0.0,34.868342093137926,0.0,0.0,0.0,0.0,0.0
2050-03-26 20:00:00,0.0,36.726665040089756,0.0,0.0,0.0,0.0,0.0
2050-03-26 21:00:00,0.0,38.32463256415144,0.0,0.0,0.0,0.0,0.0
2050-03-26 22:00:00,0.0,38.37793260030594,0.0,0.0,0.0,0.0,0.0
2050-03-26 23:00:00,0.0,39.284610433878015,0.0,0.0,0.0,0.0,0.0
2050-03-27 00:00:00,0.0,37.156477548258636,0.0,0.0,0.0,0.0,0.0
2050-03-27 01:00:00,0.0,39.55967029525709,0.0,0.0,0.0,0.0,0.0
2050-03-27 02:00:00,0.0,39.081490671361735,0.0,0.0,0.0,0.0,0.0
2050-03-27 03:00:00,0.0,37.803859308167375,0.0,0.0,0.0,0.0,0.0
2050-03-27 04:00:00,0.0,37.96651642894062,0.0,0.0,0.0,0.0,0.0
2050-03-27 05:00:00,0.0,37.106941788339554,0.0,0.0,0.0,0.0,0.0
2050-03-27 06:00:00,0.0,35.81349914669113,0.0,0.0,0.0,0.0,0.0
2050-03-27 07:00:00,0.0,35.374380643241466,0.0,0.0,0.0,0.0,0.0
2050-03-27 08:00:00,0.0,34.816732857970464,0.0,0.0,0.0,0.0,0.0
2050-03-27 09:00:00,0.0,33.331002655424754,0.0,0.0,0.0,0.0,0.0
2050-03-27 10:00:00,0.0,32.42001724280885,27.430032137491487,0.0,0.0,19.20102249624404,0.0
2050-03-27 11:00:00,0.0,30.790830603026507,0.0,0.0,0.0,0.0,0.0
2050-03-27 12:00:00,0.0,31.188587707955776,37.7380692639674,0.0,0.0,0.0,0.0
2050-03-27 13:00:00,0.0,30.88384478547846,37.7380692639674,0.0,0.0,0.0,0.0
2050-03-27 14:00:00,0.0,31.154947252313605,37.7380692639674,0.0,0.0,19.989054715662384,0.0
2050-03-27 15:00:00,0.0,32.03070638359736,37.7380692639674,0.0,0.0,0.0,38.394910120795046
2050-03-27 16:00:00,0.0,32.12555459995065,37.7380692639674,0.0,0.0,0.0,0.0
2050-03-27 17:00:00,0.0,32.29527446861016,37.7380692639674,0.0,0.0,0.0,0.0
2050-03-27 18:00:00,0.0,34.34791470947198,37.7380692639674,0.0,0.0,0.0,0.0
2050-03-27 19:00:00,0.0,34.545860473870334,37.7380692639674,0.0,0.0,0.0,0.0
2050-03-27 20:00:00,0.0,35.896267861338174,37.7380692639674,0.0,0.0,0.0,0.0
2050-03-27 21:00:00,0.0,36.848927305369216,24.3399214073756,0.0,0.0,0.0,0.0
2050-03-27 22:00:00,0.0,37.93365046406507,0.0,0.7070616521856332,0.0,0.0,0.0
2050-03-27 23:00:00,0.0,36.73069812314088,0.0,31.726934293675463,0.0,0.0,0.0
2050-03-28 00:00:00,0.0,40.85563536048562,0.0,44.767276718574905,0.0,20.247789336177995,0.0
2050-03-28 01:00:00,0.0,41.67288652354409,0.0,48.62552183750089,0.0,0.0,0.0
2050-03-28 02:00:00,0.0,41.53362811314264,0.0,48.62552183750089,0.0,17.402736381623896,0.0
2050-03-28 03:00:00,0.0,40.938131615030215,0.0,48.62552183750089,0.0,0.0,0.0
2050-03-28 04:00:00,0.0,40.48955015007641,0.0,10.485587497800145,0.0,0.0,0.0
2050-03-28 05:00:00,0.0,39.721082448552124,0.0,0.0,0.0,0.0,0.0
2050-03-28 06:00:00,0.0,37.65024639004173,0.0,0.0,0.0,0.0,0.0
2050-03-28 07:00:00,0.0,38.31526981041907,0.0,36.13760167571783,0.0,0.0,36.87510375073249
2050-03-28 08:00:00,0.0,35.94755590930049,0.0,0.0,0.0,0.0,0.0
2050-03-28 09:00:00,0.0,35.08788629731794,0.0,0.0,0.0,0.0,0.0
2050-03-28 10:00:00,0.0,33.949337640118074,0.0,0.0,0.0,0.0,0.0
2050-03-28 11:00:00,0.0,32.505354920384434,0.0,0.0,0.0,0.0,0.0
2050-03-28 12:00:00,0.0,32.08238971325818,0.0,0.0,0.0,0.0,0.0
2050-03-28 13:00:00,0.0,32.649101670274604,0.0,0.0,0.0,0.0,0.0
2050-03-28 14:00:00,0.0,33.91750151601468,0.0,0.0,0.0,0.0,0.0
2050-03-28 15:00:00,0.0,32.69814719084411,0.0,0.0,0.0,0.0,0.0
2050-03-28 16:00:00,0.0,34.254244571649224,0.0,0.0,0.0,0.0,0.0
2050-03-28 17:00:00,0.0,34.25216710488485,0.0,0.0,0.0,0.0,0.0
2050-03-28 18:00:00,0.0,36.13020209029355,0.0,0.0,0.0,0.0,0.0
2050-03-28 19:00:00,0.0,36.49197816408491,0.0,0.0,0.0,0.0,0.0
2050-03-28 20:00:00,0.0,37.45879317045433,0.0,0.0,0.0,0.0,0.0
2050-03-28 21:00:00,0.0,38.549156158249616,0.0,0.0,0.0,0.0,0.0
2050-03-28 22:00:00,0.0,39.77430269144429,0.0,0.0,0.0,0.0,0.0
2050-03-28 23:00:00,0.0,41.010323146335395,0.0,0.0,0.0,0.0,0.0
2050-03-29 00:00:00,0.0,41.2686943587687,0.0,0.0,0.0,0.0,0.0
2050-03-29 01:00:00,0.0,41.09370828274177,0.0,0.0,0.0,0.0,0.0
2050-03-29 02:00:00,0.0,41.98730990077729,0.0,0.0,0.0,0.0,0.0
2050-03-29 03:00:00,0.0,41.5163076907661,0.0,0.0,0.0,0.0,0.0
2050-03-29 04:00:00,0.0,40.33175182312607,0.0,0.0,0.0,0.0,0.0
2050-03-29 05:00:00,0.0,40.03350696617417,0.0,0.0,0.0,0.0,0.0
2050-03-29 06:00:00,0.0,38.364483163821205,0.0,0.0,0.0,0.0,0.0
2050-03-29 07:00:00,0.0,36.4249638479273,0.0,0.0,0.0,0.0,0.0
2050-03-29 08:00:00,0.0,36.93356055970139,0.0,0.0,0.0,0.0,0.0
2050-03-29 09:00:00,0.0,34.855645718026835,0.0,0.0,0.0,0.0,0.0
2050-03-29 10:00:00,0.0,33.8539297774098,0.0,0.0,0.0,0.0,0.0
2050-03-29 11:00:00,0.0,34.72198100349124,0.0,0.0,0.0,0.0,0.0
2050-03-29 12:00:00,0.0,32.01679361976494,0.0,0.0,0.0,0.0,0.0
2050-03-29 13:00:00,0.0,32.23829946804722,0.0,0.0,0.0,0.0,0.0
2050-03-29 14:00:00,0.0,32.458335241355826,0.0,0.0,0.0,0.0,0.0
2050-03-29 15:00:00,0.0,34.15360249887999,0.0,0.0,0.0,0.0,0.0
2050-03-29 16:00:00,0.0,34.66959028695919,0.0,0.0,0.0,0.0,0.0
2050-03-29 17:00:00,0.0,35.557643836028774,0.0,0.0,0.0,0.0,0.0
2050-03-29 18:00:00,0.0,35.65995381007883,0.0,0.0,0.0,0.0,0.0
2050-03-29 19:00:00,0.0,36.851066321861936,0.0,0.0,0.0,0.0,0.0
2050-03-29 20:00:00,0.0,37.66904324489633,0.0,0.0,0.0,0.0,0.0
2050-03-29 21:00:00,0.0,40.18048099219686,0.0,0.0,0.0,0.0,0.0
2050-03-29 22:00:00,0.0,39.74221002916079,0.0,0.0,0.0,0.0,0.0
2050-03-29 23:00:00,0.0,40.70667053444117,0.0,0.0,0.0,0.0,0.0
2050-03-30 00:00:00,0.0,40.4727478905495,0.0,0.0,0.0,0.0,0.0
2050-03-30 01:00:00,0.0,42.26209974246831,0.0,0.0,0.0,0.0,0.0
2050-03-30 02:00:00,0.0,41.473733406249494,0.0,0.0,0.0,0.0,0.0
2050-03-30 03:00:00,0.0,42.516740788437346,0.0,0.0,0.0,0.0,0.0
2050-03-30 04:00:00,0.0,40.97496276195943,0.0,0.0,0.0,0.0,0.0
2050-03-30 05:00:00,0.0,38.945320294135854,0.0,0.0,0.0,0.0,0.0
2050-03-30 06:00:00,0.0,37.31270049415161,0.0,0.0,0.0,0.0,0.0
2050-03-30 07:00:00,0.0,36.377782374393064,0.0,0.0,0.0,0.0,0.0
2050-03-30 08:00:00,0.0,36.26907720475424,0.0,0.0,0.0,0.0,0.0
2050-03-30 09:00:00,0.0,34.83944273123279,0.0,0.0,0.0,0.0,0.0
2050-03-30 10:00:00,0.0,33.90178394378222,0.0,0.0,0.0,0.0,0.0
2050-03-30 11:00:00,0.0,33.56007972658517,0.0,0.0,0.0,0.0,0.0
2050-03-30 12:00:00,0.0,32.042601745623415,0.0,0.0,0.0,0.0,0.0
2050-03-30 13:00:00,0.0,31.895588770436916,0.0,0.0,0.0,0.0,0.0
2050-03-30 14:00:00,0.0,32.5682539589593,0.0,0.0,0.0,0.0,0.0
2050-03-30 15:00:00,0.0,33.0921697549868,0.0,0.0,0.0,0.0,0.0
2050-03-30 16:00:00,0.0,33.17009728423113,0.0,0.0,0.0,0.0,0.0
2050-03-30 17:00:00,0.0,35.93842339967273,0.0,0.0,0.0,0.0,0.0
2050-03-30 18:00:00,0.0,35.85443773765928,0.0,0.0,0.0,0.0,0.0
2050-03-30 19:00:00,0.0,36.06984009960206,0.0,0.0,0.0,0.0,0.0
2050-03-30 20:00:00,0.0,38.6149483104673,0.0,0.0,0.0,0.0,0.0
2050-03-30 21:00:00,0.0,40.21283203932194,22.76228320318194,0.0,0.0,10.519984747473787,0.0
2050-03-30 22:00:00,0.0,42.443060699300304,21.195546640245432,0.0,0.0,20.247789336177995,0.0
2050-03-30 23:00:00,0.0,40.84307304907702,28.92541333739714,0.0,0.0,20.247789336177995,0.0
2050-03-31 00:00:00,0.0,41.85381439669504,37.7380692639674,0.0,0.0,20.247789336177995,0.0
2050-03-31 01:00:00,0.0,41.03970593682152,37.7380692639674,0.0,0.0,20.247789336177995,0.0
2050-03-31 02:00:00,0.0,40.99681782829907,37.7380692639674,0.0,0.0,20.247789336177995,0.0
2050-03-31 03:00:00,0.0,39.36915394818993,37.7380692639674,0.0,0.0,20.247789336177995,0.0
2050-03-31 04:00:00,0.0,40.243481859251915,37.7380692639674,0.0,0.0,20.247789336177995,0.0
2050-03-31 05:00:00,0.0,39.795717877873585,37.7380692639674,0.0,0.0,20.247789336177995,0.0
2050-03-31 06:00:00,0.0,37.29649569414005,37.7380692639674,0.0,0.0,20.247789336177995,0.0
2050-03-31 07:00:00,0.0,38.054633750379026,37.7380692639674,0.0,0.0,20.247789336177995,0.0
2050-03-31 08:00:00,0.0,38.44022814756613,37.7380692639674,0.0,0.0,0.0,0.0
2050-03-31 09:00:00,0.0,33.77063253793858,37.7380692639674,0.0,0.0,20.247789336177995,0.0
2050-03-31 10:00:00,0.0,34.322995057875914,0.0,0.0,0.0,0.0,0.0
2050-03-31 11:00:00,0.0,33.1321521097384,0.0,0.0,0.0,0.0,0.0
2050-03-31 12:00:00,0.0,32.99308911851972,22.43980996766595,0.0,0.0,0.0,0.0
2050-03-31 13:00:00,0.0,32.744266871715126,37.7380692639674,0.0,0.0,0.0,0.0
2050-03-31 14:00:00,0.0,34.21959717957793,31.292476697186764,0.0,0.0,0.0,38.394910120795046
2050-03-31 15:00:00,0.0,33.76585707133131,31.463141006838047,0.0,0.0,0.0,0.0
2050-03-31 16:00:00,0.0,34.49951417042371,36.25078189881737,0.0,0.0,0.0,0.0
2050-03-31 17:00:00,0.0,36.246759094736944,1.4210146599297993,0.0,0.0,0.0,33.49099602593561
2050-03-31 18:00:00,0.0,36.153595122645584,15.11704386518672,0.0,0.0,0.0,0.0
2050-03-31 19:00:00,0.0,38.72914758297884,23.926163400774836,0.0,0.0,16.61103095753515,0.0
2050-03-31 20:00:00,0.0,37.93993397314625,14.759482405425238,0.0,0.0,20.247789336177995,0.0
2050-03-31 21:00:00,0.0,39.076280720365276,9.158987947024098,0.0,0.0,0.0,0.0
2050-03-31 22:00:00,0.0,40.809759836326975,0.0,16.46306829008109,0.0,20.247789336177995,0.0
2050-03-31 23:00:00,0.0,41.161467948574455,0.0,0.0,0.0,0.0,0.0
2050-04-01 00:00:00,0.0,41.74291396730905,0.0,0.0,0.0,0.0,0.0
2050-04-01 01:00:00,0.0,41.67730078988507,0.0,0.0,0.0,20.247789336177995,0.0
2050-04-01 02:00:00,0.0,40.281148236018225,0.0,0.0,0.0,0.0,0.0
2050-04-01 03:00:00,0.0,41.85066721021781,0.0,0.0,0.0,0.0,0.0
2050-04-01 04:00:00,0.0,40.38625360281799,0.0,0.0,0.0,0.0,0.0
2050-04-01 05:00:00,0.0,39.95337467646755,0.0,0.0,0.0,20.247789336177995,0.0
2050-04-01 06:00:00,0.0,38.3569251471381,0.0,0.0,0.0,0.0,0.0
2050-04-01 07:00:00,0.0,37.6600944272152,0.0,0.0,0.0,0.0,0.0
2050-04-01 08:00:00,0.0,35.1045924114685,0.0,0.0,0.0,0.0,0.0
2050-04-01 09:00:00,0.0,34.751913746745004,0.0,0.0,0.0,0.0,0.0
2050-04-01 10:00:00,0.0,33.936855154328896,0.0,0.0,0.0,0.0,0.0
2050-04-01 11:00:00,0.0,33.52823503205673,0.0,0.0,0.0,0.0,0.0
2050-04-01 12:00:00,0.0,33.86086881629194,0.0,0.0,0.0,0.0,0.0
2050-04-01 13:00:00,0.0,33.35707888392494,0.0,1.1902136995278279,0.0,0.0,0.0
2050-04-01 14:00:00,0.0,34.15395747619573,0.0,0.0,0.0,0.0,0.0
2050-04-01 15:00:00,0.0,34.60629069033348,0.0,6.52388228570201,0.0,0.0,38.394910120795046
2050-04-01 16:00:00,0.0,34.19505739681108,0.0,7.835051784488697,0.0,0.0,38.394910120795046
2050-04-01 17:00:00,0.0,36.09551624614846,0.0,8.150402256504169,0.0,0.0,0.0
2050-04-01 18:00:00,0.0,36.7717022069869,0.0,22.61867536465768,0.0,0.0,0.0
2050-04-01 19:00:00,0.0,36.144207708271324,0.0,34.74332198607495,0.0,0.0,0.0
2050-04-01 20:00:00,0.0,38.487219844956826,0.0,47.63849298156738,0.0,17.750029991936515,0.0
2050-04-01 21:00:00,0.0,40.88280704758654,0.0,48.62552183750089,0.0,0.0,0.0
2050-04-01 22:00:00,0.0,42.150757536203855,0.0,48.62552183750089,0.0,0.0,38.394910120795046
2050-04-01 23:00:00,0.0,41.18535036328581,0.0,48.62552183750089,0.0,0.0,38.394910120795046
2050-04-02 00:00:00,0.0,38.832566832137445,0.0,48.62552183750089,0.0,0.0,38.394910120795046
2050-04-02 01:00:00,0.0,39.92122784153344,0.0,40.45247613162191,0.0,0.0,38.394910120795046
2050-04-02 02:00:00,0.0,39.388007784857336,0.0,48.62552183750089,0.0,0.0,38.394910120795046
2050-04-02 03:00:00,0.0,38.731756798858896,0.0,13.015529948662365,0.0,0.0,0.0
2050-04-02 04:00:00,0.0,38.50907530238919,0.0,11.291121681111969,0.0,0.0,0.0
2050-04-02 05:00:00,0.0,36.17655400644594,0.0,0.0,0.0,0.0,0.0
2050-04-02 06:00:00,0.0,36.85133754009962,0.0,0.0,0.0,0.0,0.0
2050-04-02 07:00:00,0.0,36.029479260316975,0.0,0.0,0.0,0.0,0.0
2050-04-02 08:00:00,0.0,34.08139948243661,0.0,0.0,0.0,0.0,0.0
2050-04-02 09:00:00,0.0,32.60394934841315,0.0,0.0,0.0,0.0,0.0
2050-04-02 10:00:00,0.0,32.44197127772986,0.0,0.0,0.0,0.0,0.0
2050-04-02 11:00:00,0.0,31.971234690123993,0.0,0.0,0.0,0.0,0.0
2050-04-02 12:00:00,0.0,30.96178710412778,0.0,0.0,0.0,0.0,0.0
2050-04-02 13:00:00,0.0,31.21758552086726,0.0,0.0,0.0,0.0,0.0
2050-04-02 14:00:00,0.0,30.466140918709016,0.0,0.0,0.0,0.0,0.0
2050-04-02 15:00:00,0.0,30.237321489676333,0.0,0.0,0.0,0.0,0.0
2050-04-02 16:00:00,0.0,32.701332575349625,0.0,0.0,0.0,0.0,0.0
2050-04-02 17:00:00,0.0,33.258891731251424,0.0,0.0,0.0,0.0,0.0
2050-04-02 18:00:00,0.0,34.40133198361332,0.0,0.0,0.0,0.0,0.0
2050-04-02 19:00:00,0.0,33.756701164693595,0.0,0.0,0.0,0.0,0.0
2050-04-02 20:00:00,0.0,35.87831646376276,0.0,0.0,0.0,0.0,0.0
2050-04-02 21:00:00,0.0,37.8141444816074,0.0,0.0,0.0,0.0,0.0
2050-04-02 22:00:00,0.0,37.04644972227288,0.0,0.0,0.0,0.0,0.0
2050-04-02 23:00:00,0.0,38.41108463409296,0.0,0.0,0.0,0.0,0.0
2050-04-03 00:00:00,0.0,38.24006676635531,0.0,0.0,0.0,0.0,0.0
2050-04-03 01:00:00,0.0,40.03344162752842,0.0,0.0,0.0,0.0,0.0
2050-04-03 02:00:00,0.0,39.56019854945271,0.0,0.0,0.0,0.0,0.0
2050-04-03 03:00:00,0.0,39.874488383748485,0.0,0.0,0.0,0.0,0.0
2050-04-03 04:00:00,0.0,36.862971599262664,0.0,0.0,0.0,0.0,0.0
2050-04-03 05:00:00,0.0,37.23155994475974,0.0,0.0,0.0,0.0,0.0
2050-04-03 06:00:00,0.0,35.789379124063544,0.0,0.0,0.0,0.0,0.0
2050-04-03 07:00:00,0.0,36.558294998383644,0.0,0.0,0.0,0.0,0.0
2050-04-03 08:00:00,0.0,34.29454369791597,0.0,0.0,0.0,0.0,0.0
2050-04-03 09:00:00,0.0,33.09922454153593,0.0,0.0,0.0,0.0,0.0
2050-04-03 10:00:00,0.0,32.06800828313703,0.0,0.0,0.0,0.0,0.0
2050-04-03 11:00:00,0.0,31.02969793545458,0.0,0.0,0.0,0.0,0.0
2050-04-03 12:00:00,0.0,30.58060946529372,0.0,0.0,0.0,0.0,0.0
2050-04-03 13:00:00,0.0,30.777328450937603,0.0,0.0,0.0,0.0,0.0
2050-04-03 14:00:00,0.0,31.395037246625634,0.0,0.0,0.0,0.0,0.0
2050-04-03 15:00:00,0.0,31.032940513519634,0.0,0.0,0.0,0.0,0.0
2050-04-03 16:00:00,0.0,33.186984492869215,0.0,0.0,0.0,0.0,0.0
2050-04-03 17:00:00,0.0,33.36313148998329,0.0,0.0,0.0,0.0,0.0
2050-04-03 18:00:00,0.0,34.23586666426695,0.0,0.0,0.0,0.0,0.0
2050-04-03 19:00:00,0.0,35.87648282166674,0.0,0.0,0.0,0.0,0.0
2050-04-03 20:00:00,0.0,36.40460798635377,0.0,0.0,0.0,0.0,0.0
2050-04-03 21:00:00,0.0,36.59248705845971,0.0,0.0,0.0,0.0,0.0
2050-04-03 22:00:00,0.0,39.99790069682672,0.0,0.0,0.0,0.0,0.0
2050-04-03 23:00:00,0.0,36.61650728291079,0.0,0.0,0.0,0.0,0.0
2050-04-04 00:00:00,0.0,41.97008289819155,0.0,0.0,0.0,0.0,0.0
2050-04-04 01:00:00,0.0,42.68216079091212,0.0,0.0,0.0,0.0,0.0
2050-04-04 02:00:00,0.0,42.20254265515655,0.0,0.0,0.0,0.0,0.0
2050-04-04 03:00:00,0.0,40.58467480037916,0.0,0.0,0.0,0.0,0.0
2050-04-04 04:00:00,0.0,40.415398437387466,0.0,0.0,0.0,0.0,0.0
2050-04-04 05:00:00,0.0,39.40227114994923,0.0,0.0,0.0,0.0,0.0
2050-04-04 06:00:00,0.0,38.61060198666837,0.0,0.0,0.0,0.0,0.0
2050-04-04 07:00:00,0.0,37.366492142069774,0.0,0.0,0.0,0.0,0.0
2050-04-04 08:00:00,0.0,37.019123891030404,0.0,0.0,0.0,0.0,0.0
2050-04-04 09:00:00,0.0,35.13233407847065,0.0,0.0,0.0,0.0,0.0
2050-04-04 10:00:00,0.0,33.739999698451584,0.0,0.0,0.0,0.0,0.0
2050-04-04 11:00:00,0.0,34.048970660554915,0.0,0.0,0.0,0.0,0.0
2050-04-04 12:00:00,0.0,33.66411816779896,0.0,0.0,0.0,0.0,0.0
2050-04-04 13:00:00,0.0,34.08314602362975,0.0,0.0,0.0,0.0,0.0
2050-04-04 14:00:00,0.0,32.37616117689072,0.0,0.0,0.0,0.0,0.0
2050-04-04 15:00:00,0.0,33.39157045412935,0.0,0.0,0.0,0.0,0.0
2050-04-04 16:00:00,0.0,33.74804386609844,0.0,0.0,0.0,0.0,0.0
2050-04-04 17:00:00,0.0,35.36557928582488,0.0,0.0,0.0,0.0,0.0
2050-04-04 18:00:00,0.0,35.943833218904956,0.0,0.0,0.0,0.0,0.0
2050-04-04 19:00:00,0.0,38.28358339487431,0.0,0.0,0.0,0.0,0.0
2050-04-04 20:00:00,0.0,38.82356097350316,0.0,0.0,0.0,0.0,0.0
2050-04-04 21:00:00,0.0,39.49095037699203,0.0,0.0,0.0,0.0,0.0
2050-04-04 22:00:00,0.0,41.34089961867721,0.0,0.0,0.0,0.0,0.0
2050-04-04 23:00:00,0.0,41.61735792308309,0.0,0.0,0.0,0.0,0.0
2050-04-05 00:00:00,0.0,42.639412321393365,0.0,0.0,0.0,0.0,0.0
2050-04-05 01:00:00,0.0,44.14298941486322,0.0,0.0,0.0,0.0,0.0
2050-04-05 02:00:00,0.0,41.51690313478298,0.0,0.0,0.0,0.0,0.0
2050-04-05 03:00:00,0.0,41.18219263608307,0.0,0.0,0.0,0.0,0.0
2050-04-05 04:00:00,0.0,40.08075903398071,0.0,0.0,0.0,0.0,0.0
2050-04-05 05:00:00,0.0,40.60272121419325,7.466433711894944,0.0,0.0,5.2265035983264605,0.0
2050-04-05 06:00:00,0.0,39.282162814966796,0.0,0.0,0.0,0.0,0.0
2050-04-05 07:00:00,0.0,37.84007384926895,28.92541333739714,0.0,0.0,20.247789336177995,0.0
2050-04-05 08:00:00,0.0,36.94386970032269,28.92541333739714,0.0,0.0,20.247789336177995,0.0
2050-04-05 09:00:00,0.0,34.86503217130826,28.92541333739714,0.0,0.0,20.247789336177995,0.0
2050-04-05 10:00:00,0.0,35.13546954324647,28.92541333739714,0.0,0.0,20.247789336177995,0.0
2050-04-05 11:00:00,0.0,33.67227472711966,28.92541333739714,0.0,0.0,20.247789336177995,0.0
2050-04-05 12:00:00,0.0,33.84733034561168,28.92541333739714,0.0,0.0,20.247789336177995,0.0
2050-04-05 13:00:00,0.0,32.864664721977306,28.92541333739714,0.0,0.0,20.247789336177995,0.0
2050-04-05 14:00:00,0.0,33.514760953105906,28.92541333739714,0.0,0.0,20.247789336177995,0.0
2050-04-05 15:00:00,0.0,33.35145371956355,28.92541333739714,0.0,0.0,20.247789336177995,0.0
2050-04-05 16:00:00,0.0,35.05899548917955,35.53209529068555,0.0,0.0,20.247789336177995,0.0
2050-04-05 17:00:00,0.0,35.80967134577236,37.7380692639674,0.0,0.0,20.247789336177995,0.0
2050-04-05 18:00:00,0.0,36.57201550043419,37.7380692639674,0.0,0.0,20.247789336177995,0.0
2050-04-05 19:00:00,0.0,38.03878920442048,37.7380692639674,0.0,0.0,20.247789336177995,0.0
2050-04-05 20:00:00,0.0,38.675350655419834,37.7380692639674,0.0,0.0,20.247789336177995,0.0
2050-04-05 21:00:00,0.0,39.46716934103415,37.7380692639674,0.0,0.0,20.247789336177995,0.0
2050-04-05 22:00:00,0.0,42.08993684203983,37.7380692639674,0.0,0.0,20.247789336177995,0.0
2050-04-05 23:00:00,0.0,42.46913476847476,37.7380692639674,0.0,0.0,20.247789336177995,0.0
2050-04-06 00:00:00,0.0,42.92397534908673,37.7380692639674,0.0,0.0,20.247789336177995,0.0
2050-04-06 01:00:00,0.0,42.51723266480735,37.7380692639674,0.0,0.0,20.247789336177995,0.0
2050-04-06 02:00:00,0.0,42.88807043531506,37.7380692639674,0.0,0.0,20.247789336177995,0.0
2050-04-06 03:00:00,0.0,43.91038687856417,37.7380692639674,0.0,0.0,20.247789336177995,0.0
2050-04-06 04:00:00,0.0,39.243852646143296,37.7380692639674,0.0,0.0,20.247789336177995,0.0
2050-04-06 05:00:00,0.0,40.596792801467245,37.7380692639674,0.0,0.0,20.247789336177995,0.0
2050-04-06 06:00:00,0.0,39.80734950340684,37.7380692639674,0.0,0.0,20.247789336177995,0.0
2050-04-06 07:00:00,0.0,37.446783847659844,37.7380692639674,0.0,0.0,20.247789336177995,0.0
2050-04-06 08:00:00,0.0,36.646002766251286,37.7380692639674,0.0,0.0,20.247789336177995,0.0
2050-04-06 09:00:00,0.0,35.660169115329154,37.7380692639674,0.0,0.0,20.247789336177995,0.0
2050-04-06 10:00:00,0.0,35.69257122821864,37.7380692639674,0.0,0.0,20.247789336177995,0.0
2050-04-06 11:00:00,0.0,33.61046335192941,37.7380692639674,0.0,0.0,20.247789336177995,0.0
2050-04-06 12:00:00,966.6711946938144,1000.0,37.7380692639674,0.0,0.0,20.247789336177995,0.0
2050-04-06 13:00:00,0.0,34.19666366259776,37.7380692639674,0.0,0.0,20.247789336177995,0.0
2050-04-06 14:00:00,0.0,33.61757688749549,37.7380692639674,0.0,0.0,20.247789336177995,0.0
2050-04-06 15:00:00,0.0,33.314214469651915,37.7380692639674,0.0,0.0,20.247789336177995,0.0
2050-04-06 16:00:00,0.0,33.78359396328301,37.7380692639674,0.0,0.0,20.247789336177995,0.0
2050-04-06 17:00:00,0.0,37.02125203262585,37.7380692639674,0.0,0.0,20.247789336177995,0.0
2050-04-06 18:00:00,0.0,36.96635278866529,37.7380692639674,0.0,0.0,20.247789336177995,0.0
2050-04-06 19:00:00,0.0,38.46631931554475,37.7380692639674,0.0,0.0,20.247789336177995,0.0
2050-04-06 20:00:00,0.0,39.03566010449572,37.7380692639674,0.0,0.0,20.247789336177995,0.0
2050-04-06 21:00:00,0.0,40.28247169591373,37.7380692639674,0.0,0.0,20.247789336177995,0.0
2050-04-06 22:00:00,0.0,39.862660588782546,37.7380692639674,0.0,0.0,20.247789336177995,0.0
2050-04-06 23:00:00,0.0,42.833705009109735,37.7380692639674,0.0,0.0,20.247789336177995,0.0
2050-04-07 00:00:00,0.0,41.187272557604956,37.7380692639674,0.0,0.0,20.247789336177995,0.0
2050-04-07 01:00:00,0.0,41.358681749485186,37.7380692639674,0.0,0.0,20.247789336177995,0.0
2050-04-07 02:00:00,0.0,41.476442690904605,37.7380692639674,0.0,0.0,20.247789336177995,0.0
2050-04-07 03:00:00,0.0,42.40141068602111,37.7380692639674,0.0,0.0,20.247789336177995,0.0
2050-04-07 04:00:00,0.0,40.809332963634915,37.7380692639674,0.0,0.0,20.247789336177995,0.0
2050-04-07 05:00:00,0.0,41.479001988494474,37.7380692639674,0.0,0.0,20.247789336177995,0.0
2050-04-07 06:00:00,0.0,38.09638261386499,37.7380692639674,0.0,0.0,20.247789336177995,0.0
2050-04-07 07:00:00,0.0,38.79146366603936,37.7380692639674,0.0,0.0,20.247789336177995,0.0
2050-04-07 08:00:00,0.0,36.58667349240682,37.7380692639674,0.0,0.0,20.247789336177995,0.0
2050-04-07 09:00:00,0.0,35.07747210346656,37.7380692639674,0.0,0.0,20.247789336177995,0.0
2050-04-07 10:00:00,0.0,34.72156771736877,37.7380692639674,0.0,0.0,20.247789336177995,0.0
2050-04-07 11:00:00,0.0,34.416354405354014,37.7380692639674,0.0,0.0,20.247789336177995,0.0
2050-04-07 12:00:00,0.0,33.2356144551336,19.157168774018196,0.0,0.0,20.247789336177995,0.0
2050-04-07 13:00:00,0.0,34.05526519605337,15.340751390331663,0.0,0.0,20.247789336177995,0.0
2050-04-07 14:00:00,0.0,33.73126951922154,37.7380692639674,0.0,0.0,20.247789336177995,0.0
2050-04-07 15:00:00,0.0,34.182867796064556,37.7380692639674,0.0,0.0,20.247789336177995,0.0
2050-04-07 16:00:00,0.0,33.867335828068235,37.7380692639674,0.0,0.0,20.247789336177995,0.0
2050-04-07 17:00:00,964.7714030240163,1000.0,37.7380692639674,0.0,0.0,20.247789336177995,0.0
2050-04-07 18:00:00,0.0,35.76739272520763,21.094759311006,0.0,0.0,20.247789336177995,0.0
2050-04-07 19:00:00,0.0,37.60562200529216,17.639611560668992,0.0,0.0,6.594512798600704,0.0
2050-04-07 20:00:00,0.0,39.618692569034465,4.038007917498,0.0,0.0,2.6893221192413534,0.0
2050-04-07 21:00:00,0.0,41.13536179021935,0.0,30.69671194470554,0.0,0.0,0.0
2050-04-07 22:00:00,0.0,39.98026029145785,0.0,45.05646965056998,0.0,0.0,0.0
2050-04-07 23:00:00,0.0,40.33241952722142,0.0,48.62552183750089,0.0,0.0,0.0
2050-04-08 00:00:00,0.0,42.66165404388585,0.0,48.62552183750089,0.0,0.0,38.394910120795046
2050-04-08 01:00:00,0.0,42.32593116870203,0.0,48.62552183750089,0.0,0.0,38.394910120795046
2050-04-08 02:00:00,0.0,41.45890347876343,0.0,48.62552183750089,0.0,0.0,38.394910120795046
2050-04-08 03:00:00,0.0,42.566959795347884,0.0,48.62552183750089,0.0,0.0,38.394910120795046
2050-04-08 04:00:00,0.0,40.592629434807805,0.0,48.62552183750089,0.0,0.0,38.394910120795046
2050-04-08 05:00:00,0.0,39.664224349613505,0.0,48.62552183750089,0.0,0.0,38.394910120795046
2050-04-08 06:00:00,0.0,38.89816921498323,0.0,48.62552183750089,0.0,0.0,38.394910120795046
2050-04-08 07:00:00,0.0,37.75874641025075,0.0,48.62552183750089,0.0,0.0,28.214362539936417
2050-04-08 08:00:00,0.0,26.74403701062556,0.0,48.62552183750089,0.0,0.0,38.394910120795046
2050-04-08 09:00:00,0.0,35.76676733322529,0.0,48.62552183750089,0.0,0.0,38.394910120795046
2050-04-08 10:00:00,0.0,28.159364220397947,0.0,48.62552183750089,0.0,0.0,38.394910120795046
2050-04-08 11:00:00,0.0,31.236590546554908,0.0,48.62552183750089,0.0,0.0,38.394910120795046
2050-04-08 12:00:00,0.0,32.62636675445901,0.0,44.979768802190094,0.0,0.0,38.394910120795046
2050-04-08 13:00:00,0.0,34.45106974258056,0.0,29.7410118077683,0.0,0.0,30.347971232416633
2050-04-08 14:00:00,0.0,34.78757352846924,3.0927123024910514,0.0,0.0,0.0,38.394910120795046
2050-04-08 15:00:00,0.0,33.65866988848779,0.0,0.0,0.0,0.0,38.394910120795046
2050-04-08 16:00:00,0.0,33.7787917733142,30.386869208609255,0.0,0.0,0.0,30.520159554681666
2050-04-08 17:00:00,0.0,34.558075204973875,37.7380692639674,0.0,0.0,0.0,0.0
2050-04-08 18:00:00,0.0,36.220369602520805,17.74560907005788,0.0,0.0,0.0,0.0
2050-04-08 19:00:00,0.0,36.534297712749776,33.156784633283266,0.0,0.0,0.0,0.0
2050-04-08 20:00:00,0.0,40.334331391245314,26.600413387372452,0.0,0.0,0.0,0.0
2050-04-08 21:00:00,0.0,38.825115940576325,28.525189207432227,0.0,0.0,0.0,0.0
2050-04-08 22:00:00,0.0,41.62402871090126,0.0,0.0,0.0,20.247789336177995,0.0
2050-04-08 23:00:00,0.0,41.72831692279033,8.007061637444451,0.0,0.0,20.247789336177995,0.0
2050-04-09 00:00:00,0.0,38.76304528167316,37.7380692639674,0.0,0.0,20.247789336177995,0.0
2050-04-09 01:00:00,0.0,39.75807512616461,37.7380692639674,0.0,0.0,0.0,0.0
2050-04-09 02:00:00,0.0,40.61668542752636,35.613850956380176,0.0,0.0,0.0,0.0
2050-04-09 03:00:00,0.0,38.80318108653546,24.646378985743596,0.0,0.0,0.0,0.0
2050-04-09 04:00:00,0.0,39.03986014278803,8.530428412426389,0.0,0.0,0.0,0.0
2050-04-09 05:00:00,0.0,36.75991726061329,1.2727459382690114,0.0,0.0,0.0,0.0
2050-04-09 06:00:00,0.0,36.49444691235226,0.0,16.686301359496184,0.0,0.0,0.0
2050-04-09 07:00:00,0.0,35.40610406343967,0.0,30.726897449818345,0.0,0.0,38.394910120795046
2050-04-09 08:00:00,0.0,34.4619646042579,0.0,42.69056880717566,0.0,0.0,38.394910120795046
2050-04-09 09:00:00,0.0,34.75790245327903,0.0,48.62552183750089,0.0,0.0,0.0
2050-04-09 10:00:00,0.0,32.26829888292673,0.0,43.638367862705316,0.0,0.0,38.394910120795046
2050-04-09 11:00:00,0.0,31.540697527442717,0.0,43.0077573988094,0.0,0.0,14.354351222232921
2050-04-09 12:00:00,0.0,31.364936374235867,0.0,44.87582917796502,0.0,0.0,0.0
2050-04-09 13:00:00,0.0,30.917374671970947,0.0,44.735506964415364,0.0,0.0,0.0
2050-04-09 14:00:00,0.0,31.786700854395804,0.0,43.27602555516158,0.0,0.0,0.0
2050-04-09 15:00:00,0.0,32.986582767055324,0.0,9.634983087995145,0.0,0.0,0.0
2050-04-09 16:00:00,0.0,35.00821548452427,0.0,32.648574310646154,0.0,0.0,0.0
2050-04-09 17:00:00,0.0,34.3591917202059,0.0,0.0,0.0,0.0,0.0
2050-04-09 18:00:00,0.0,34.282733394246634,0.0,0.0,0.0,0.0,0.0
2050-04-09 19:00:00,0.0,37.05928133175439,0.0,0.0,0.0,0.0,38.394910120795046
2050-04-09 20:00:00,0.0,35.547564139712904,0.0,0.0,0.0,0.0,7.584159504969085
2050-04-09 21:00:00,0.0,39.69277686623877,0.0,0.0,0.0,0.0,0.0
2050-04-09 22:00:00,0.0,38.08641078100641,0.0,1.3404255987571483,0.0,0.0,0.0
2050-04-09 23:00:00,0.0,39.108942177678955,0.0,22.91035661093463,0.0,0.0,38.394910120795046
2050-04-10 00:00:00,0.0,39.4352497504874,0.0,32.223262909404795,0.0,0.0,38.394910120795046
2050-04-10 01:00:00,0.0,40.64697401391709,0.0,46.24463625122318,0.0,0.0,38.394910120795046
2050-04-10 02:00:00,0.0,39.38406226246775,0.0,48.62552183750089,0.0,0.0,38.394910120795046
2050-04-10 03:00:00,0.0,39.814634020969606,0.0,48.62552183750089,0.0,0.0,38.394910120795046
2050-04-10 04:00:00,0.0,39.252815451372044,0.0,48.62552183750089,0.0,0.0,38.394910120795046
2050-04-10 05:00:00,0.0,37.804642168508735,0.0,48.62552183750089,0.0,0.0,38.394910120795046
2050-04-10 06:00:00,0.0,37.20666449081318,0.0,48.62552183750089,0.0,0.0,38.394910120795046
2050-04-10 07:00:00,0.0,35.57473125035199,0.0,37.62701191837915,0.0,0.0,38.394910120795046
2050-04-10 08:00:00,0.0,36.273550375507284,0.0,37.62701191837915,0.0,0.0,38.394910120795046
2050-04-10 09:00:00,0.0,34.35556969861159,0.0,37.62701191837915,0.0,0.0,38.394910120795046
2050-04-10 10:00:00,0.0,33.03348728518472,0.0,31.577880939991726,0.0,0.0,32.222327489787475
2050-04-10 11:00:00,0.0,31.238530917881235,0.0,0.0,0.0,0.0,0.0
2050-04-10 12:00:00,0.0,31.944993648371792,0.0,0.0,0.0,0.0,0.0
2050-04-10 13:00:00,0.0,30.820147686572227,0.0,0.0,0.0,0.0,0.0
2050-04-10 14:00:00,0.0,31.160816545507032,0.0,0.0,0.0,0.0,0.0
2050-04-10 15:00:00,0.0,33.020740288664,0.0,0.0,0.0,0.0,0.0
2050-04-10 16:00:00,0.0,32.81284631221274,0.0,0.0,0.0,0.0,0.0
2050-04-10 17:00:00,0.0,32.89534082027171,0.0,0.0,0.0,0.0,0.0
2050-04-10 18:00:00,0.0,35.46263555794917,0.0,0.0,0.0,0.0,0.0
2050-04-10 19:00:00,0.0,37.414182203611745,0.0,0.0,0.0,0.0,0.0
2050-04-10 20:00:00,0.0,35.85551347120145,0.0,0.0,0.0,0.0,0.0
2050-04-10 21:00:00,0.0,37.53373597362406,0.0,0.0,0.0,0.0,0.0
2050-04-10 22:00:00,0.0,38.66641260291044,0.0,0.0,0.0,0.0,0.0
2050-04-10 23:00:00,0.0,39.981601729106615,0.0,0.0,0.0,0.0,0.0
2050-04-11 00:00:00,0.0,42.151348518220175,0.0,0.0,0.0,0.0,0.0
2050-04-11 01:00:00,0.0,42.12974189090028,0.0,0.0,0.0,0.0,0.0
2050-04-11 02:00:00,0.0,41.88418111217243,0.0,0.0,0.0,0.0,0.0
2050-04-11 03:00:00,0.0,42.8157097528092,0.0,0.0,0.0,0.0,0.0
2050-04-11 04:00:00,0.0,40.8196531299302,4.96551816629639,0.0,0.0,0.0,0.0
2050-04-11 05:00:00,0.0,40.88298242020937,0.0,0.0,0.0,0.0,0.0
2050-04-11 06:00:00,0.0,38.49976566893565,0.0,0.0,0.0,3.4723877226567454,0.0
2050-04-11 07:00:00,0.0,38.08133212673056,37.7380692639674,0.0,0.0,20.247789336177995,0.0
2050-04-11 08:00:00,0.0,35.7887676200387,37.7380692639674,0.0,0.0,20.247789336177995,0.0
2050-04-11 09:00:00,0.0,35.15648130540467,34.330239686673224,0.0,0.0,20.247789336177995,0.0
2050-04-11 10:00:00,0.0,34.90125359806234,37.7380692639674,0.0,0.0,20.247789336177995,0.0
2050-04-11 11:00:00,0.0,34.16096834030964,8.761030524813634,0.0,0.0,20.247789336177995,0.0
2050-04-11 12:00:00,0.0,33.37195660855082,0.0,0.0,0.0,8.14237070640183,0.0
2050-04-11 13:00:00,0.0,34.44563151778698,28.92541333739714,0.0,0.0,20.247789336177995,0.0
2050-04-11 14:00:00,0.0,34.637965022387334,37.7380692639674,0.0,0.0,20.247789336177995,0.0
2050-04-11 15:00:00,0.0,34.064570098110835,37.7380692639674,0.0,0.0,20.247789336177995,0.0
2050-04-11 16:00:00,0.0,34.10980052180594,37.7380692639674,0.0,0.0,20.247789336177995,0.0
2050-04-11 17:00:00,0.0,35.21934559312649,37.7380692639674,0.0,0.0,20.247789336177995,0.0
2050-04-11 18:00:00,0.0,36.4418911121345,37.7380692639674,0.0,0.0,20.247789336177995,0.0
2050-04-11 19:00:00,0.0,38.178251430396585,37.7380692639674,0.0,0.0,20.247789336177995,0.0
2050-04-11 20:00:00,0.0,39.65346462336856,37.7380692639674,0.0,0.0,20.247789336177995,0.0
2050-04-11 21:00:00,0.0,41.35634932107655,33.86617638636989,0.0,0.0,0.0,0.0
2050-04-11 22:00:00,0.0,41.92085214520375,0.18404499665470198,0.0,0.0,20.247789336177995,0.0
2050-04-11 23:00:00,0.0,43.371922376773455,0.0,0.0,0.0,0.0,0.0
2050-04-12 00:00:00,0.0,42.460963489231744,0.0,0.0,0.0,20.247789336177995,0.0
2050-04-12 01:00:00,0.0,41.32458996497576,0.0,0.0,0.0,0.0,0.0
2050-04-12 02:00:00,0.0,42.20577618936227,0.0,0.0,0.0,20.247789336177995,0.0
2050-04-12 03:00:00,0.0,42.70022101767813,0.0,0.0,0.0,0.0,0.0
2050-04-12 04:00:00,0.0,42.738691179992884,1.0048024571726728,0.0,0.0,0.0,0.0
2050-04-12 05:00:00,0.0,40.52006403057044,0.0,0.0,0.0,0.0,0.0
2050-04-12 06:00:00,0.0,40.176042240181914,0.0,0.0,0.0,0.0,0.0
2050-04-12 07:00:00,0.0,38.45798563495282,0.0,0.0,0.0,0.0,0.0
2050-04-12 08:00:00,0.0,38.58538749015497,19.417535385236388,0.0,0.0,20.247789336177995,0.0
2050-04-12 09:00:00,0.0,33.95355297896822,5.960135972667544,0.0,0.0,4.281396898546555,0.0
2050-04-12 10:00:00,0.0,34.38478356739574,2.36390175658736,0.0,0.0,0.0,0.0
2050-04-12 11:00:00,0.0,34.071634680778516,17.377423705967573,0.0,0.0,13.818100458173646,0.0
2050-04-12 12:00:00,0.0,34.25622147223157,37.7380692639674,0.0,0.0,0.0,0.0
2050-04-12 13:00:00,0.0,33.52582541275615,37.7380692639674,0.0,0.0,0.0,0.0
2050-04-12 14:00:00,0.0,33.30904656342523,37.7380692639674,0.0,0.0,20.247789336177995,0.0
2050-04-12 15:00:00,0.0,34.141907907865516,37.7380692639674,0.0,0.0,20.247789336177995,0.0
2050-04-12 16:00:00,0.0,35.185082113787075,37.7380692639674,0.0,0.0,0.0,0.0
2050-04-12 17:00:00,0.0,35.6457285807719,37.7380692639674,0.0,0.0,20.247789336177995,0.0
2050-04-12 18:00:00,0.0,35.87764562446182,37.7380692639674,0.0,0.0,20.247789336177995,0.0
2050-04-12 19:00:00,0.0,37.73521589258189,37.7380692639674,0.0,0.0,20.247789336177995,0.0
2050-04-12 20:00:00,0.0,38.6498557043285,37.7380692639674,0.0,0.0,20.247789336177995,0.0
2050-04-12 21:00:00,0.0,41.15606630052207,37.7380692639674,0.0,0.0,20.247789336177995,0.0
2050-04-12 22:00:00,0.0,40.85322715071061,37.7380692639674,0.0,0.0,20.247789336177995,0.0
2050-04-12 23:00:00,0.0,42.361135410773386,37.7380692639674,0.0,0.0,20.247789336177995,0.0
2050-04-13 00:00:00,0.0,42.92558793099397,37.7380692639674,0.0,0.0,20.247789336177995,0.0
2050-04-13 01:00:00,0.0,42.4298436600086,37.7380692639674,0.0,0.0,20.247789336177995,0.0
2050-04-13 02:00:00,0.0,42.95446042852927,37.7380692639674,0.0,0.0,20.247789336177995,0.0
2050-04-13 03:00:00,0.0,42.56223755547762,37.7380692639674,0.0,0.0,20.247789336177995,0.0
2050-04-13 04:00:00,0.0,43.41642588266768,37.7380692639674,0.0,0.0,20.247789336177995,0.0
2050-04-13 05:00:00,0.0,39.849552657025015,37.7380692639674,0.0,0.0,20.247789336177995,0.0
2050-04-13 06:00:00,0.0,39.46588923752893,37.7380692639674,0.0,0.0,20.247789336177995,0.0
2050-04-13 07:00:00,0.0,38.88614442910966,37.7380692639674,0.0,0.0,20.247789336177995,0.0
2050-04-13 08:00:00,0.0,36.7388997071796,37.7380692639674,0.0,0.0,16.428476889914663,0.0
2050-04-13 09:00:00,0.0,35.54710181426344,37.7380692639674,0.0,0.0,0.0,0.0
2050-04-13 10:00:00,0.0,34.826842248781986,37.7380692639674,0.0,0.0,0.0,0.0
2050-04-13 11:00:00,0.0,35.004308681060365,37.7380692639674,0.0,0.0,0.0,0.0
2050-04-13 12:00:00,0.0,35.86764010909337,4.1042848286357625,0.0,0.0,0.0,0.0
2050-04-13 13:00:00,0.0,33.10747764263351,0.0,0.0,0.0,0.0,0.0
2050-04-13 14:00:00,0.0,32.45106294894322,0.0,0.0,0.0,20.247789336177995,0.0
2050-04-13 15:00:00,0.0,34.599954057951436,12.573714427463253,0.0,0.0,8.063698035287473,0.0
2050-04-13 16:00:00,0.0,34.26557304569428,34.78212625222528,0.0,0.0,20.247789336177995,0.0
2050-04-13 17:00:00,0.0,34.860896544873185,37.7380692639674,0.0,0.0,20.247789336177995,0.0
2050-04-13 18:00:00,0.0,36.19531234332112,37.7380692639674,0.0,0.0,20.247789336177995,0.0
2050-04-13 19:00:00,0.0,36.56928043805101,34.63729570837142,0.0,0.0,20.247789336177995,0.0
2050-04-13 20:00:00,0.0,40.867882346074566,28.977695896235623,0.0,0.0,20.147103704357676,0.0
2050-04-13 21:00:00,0.0,41.87415341640599,0.0,3.3567555009026893,0.0,0.0,0.0
2050-04-13 22:00:00,0.0,42.560640558474915,0.0,48.62552183750089,0.0,0.0,0.0
2050-04-13 23:00:00,0.0,43.08054296304704,0.0,48.62552183750089,0.0,0.0,0.8614317229027123
2050-04-14 00:00:00,0.0,43.02420787465303,0.0,48.62552183750089,0.0,0.0,38.394910120795046
2050-04-14 01:00:00,0.0,42.411171950071775,0.0,48.62552183750089,0.0,0.0,0.0
2050-04-14 02:00:00,0.0,41.7455169837292,0.0,48.62552183750089,0.0,0.0,0.0
2050-04-14 03:00:00,0.0,42.673043367326954,0.0,48.62552183750089,0.0,0.0,0.0
2050-04-14 04:00:00,0.0,43.45921760854276,0.0,48.62552183750089,0.0,0.0,38.394910120795046
2050-04-14 05:00:00,0.0,42.255299905324364,0.0,43.90175796956871,0.0,0.0,38.394910120795046
2050-04-14 06:00:00,0.0,39.38398265294995,0.0,0.0,0.0,0.0,0.0
2050-04-14 07:00:00,0.0,39.19144181174579,0.0,0.0,0.0,0.0,0.0
2050-04-14 08:00:00,0.0,37.05028762760344,0.0,0.0,0.0,0.0,0.0
2050-04-14 09:00:00,0.0,36.89184814286409,0.0,0.0,0.0,0.0,0.0
2050-04-14 10:00:00,0.0,34.955750280878874,8.461610484312779,0.0,0.0,5.9231273390189445,0.0
2050-04-14 11:00:00,0.0,33.633933780594816,28.806463097053097,0.0,0.0,16.529897224729787,0.0
2050-04-14 12:00:00,0.0,32.914432625659856,23.735685294917452,0.0,0.0,20.247789336177995,0.0
2050-04-14 13:00:00,0.0,34.01794648304053,26.17937279436432,0.0,0.0,18.32556095605502,0.0
2050-04-14 14:00:00,0.0,34.325154909539606,37.7380692639674,0.0,0.0,20.247789336177995,0.0
2050-04-14 15:00:00,0.0,34.290163266247646,37.7380692639674,0.0,0.0,20.247789336177995,0.0
2050-04-14 16:00:00,0.0,34.15282201201012,37.7380692639674,0.0,0.0,20.247789336177995,0.0
2050-04-14 17:00:00,0.0,35.055244519841835,37.7380692639674,0.0,0.0,0.0,0.0
2050-04-14 18:00:00,0.0,36.32298596671444,37.534341217575445,0.0,0.0,20.247789336177995,0.0
2050-04-14 19:00:00,0.0,39.46329090569816,6.615632333082397,0.0,0.0,20.247789336177995,0.0
2050-04-14 20:00:00,0.0,37.692871278005896,36.5866946957264,0.0,0.0,20.247789336177995,0.0
2050-04-14 21:00:00,0.0,40.262872071217316,0.0,0.0,0.0,20.247789336177995,0.0
2050-04-14 22:00:00,0.0,41.147152755674824,14.936674531348899,0.0,0.0,18.487174789703126,0.0
2050-04-14 23:00:00,0.0,42.19072186211065,0.0,0.0,0.0,0.0,0.0
2050-04-15 00:00:00,0.0,41.890819616856106,11.369102598079813,0.0,0.0,20.247789336177995,0.0
2050-04-15 01:00:00,0.0,43.76385580076908,28.92541333739714,0.0,0.0,20.247789336177995,0.0
2050-04-15 02:00:00,0.0,42.91702144049077,28.92541333739714,0.0,0.0,20.247789336177995,0.0
2050-04-15 03:00:00,0.0,41.945406285857416,37.7380692639674,0.0,0.0,20.247789336177995,0.0
2050-04-15 04:00:00,0.0,41.48064787880435,20.11716373879016,0.0,0.0,20.247789336177995,0.0
2050-04-15 05:00:00,0.0,40.51733670072349,28.92541333739714,0.0,0.0,20.247789336177995,0.0
2050-04-15 06:00:00,0.0,39.654081219592854,28.92541333739714,0.0,0.0,20.247789336177995,0.0
2050-04-15 07:00:00,0.0,37.76040510612961,28.92541333739714,0.0,0.0,20.247789336177995,0.0
2050-04-15 08:00:00,0.0,35.86382544074036,37.7380692639674,0.0,0.0,20.247789336177995,0.0
2050-04-15 09:00:00,0.0,35.52296905101889,25.577441398240115,0.0,0.0,20.247789336177995,0.0
2050-04-15 10:00:00,0.0,35.51551295548529,23.467865816776907,0.0,0.0,20.247789336177995,0.0
2050-04-15 11:00:00,0.0,33.985998161587304,37.7380692639674,0.0,0.0,20.247789336177995,0.0
2050-04-15 12:00:00,0.0,33.21012332620057,37.7380692639674,0.0,0.0,20.247789336177995,0.0
2050-04-15 13:00:00,0.0,34.592318054292264,16.40422465164961,0.0,0.0,20.247789336177995,0.0
2050-04-15 14:00:00,0.0,33.05908796130461,37.7380692639674,0.0,0.0,20.247789336177995,0.0
2050-04-15 15:00:00,0.0,35.09406713358658,37.7380692639674,0.0,0.0,20.247789336177995,0.0
2050-04-15 16:00:00,0.0,33.48834627601627,37.7380692639674,0.0,0.0,20.247789336177995,0.0
2050-04-15 17:00:00,0.0,36.45854122662695,37.7380692639674,0.0,0.0,20.247789336177995,0.0
2050-04-15 18:00:00,0.0,38.90827801770911,37.7380692639674,0.0,0.0,20.247789336177995,0.0
2050-04-15 19:00:00,0.0,39.25468389754269,37.7380692639674,0.0,0.0,20.247789336177995,0.0
2050-04-15 20:00:00,0.0,39.09780672431134,37.7380692639674,0.0,0.0,20.247789336177995,0.0
2050-04-15 21:00:00,0.0,40.72334816786929,37.7380692639674,0.0,0.0,20.247789336177995,0.0
2050-04-15 22:00:00,0.0,42.129656528471514,37.7380692639674,0.0,0.0,20.247789336177995,0.0
2050-04-15 23:00:00,0.0,43.05856231095345,37.7380692639674,0.0,0.0,20.247789336177995,0.0
2050-04-16 00:00:00,0.0,40.48468514232377,37.7380692639674,0.0,0.0,20.247789336177995,0.0
2050-04-16 01:00:00,0.0,38.61800495120565,37.7380692639674,0.0,0.0,20.247789336177995,0.0
2050-04-16 02:00:00,0.0,40.712553786856006,37.7380692639674,0.0,0.0,20.247789336177995,0.0
2050-04-16 03:00:00,0.0,39.948620810325565,37.7380692639674,0.0,0.0,20.247789336177995,0.0
2050-04-16 04:00:00,0.0,38.618685032506846,37.7380692639674,0.0,0.0,20.247789336177995,0.0
2050-04-16 05:00:00,0.0,38.16751342737325,37.7380692639674,0.0,0.0,20.247789336177995,0.0
2050-04-16 06:00:00,0.0,36.64137045803568,37.7380692639674,0.0,0.0,20.247789336177995,0.0
2050-04-16 07:00:00,0.0,37.791688229269994,19.289794156294455,0.0,0.0,20.247789336177995,0.0
2050-04-16 08:00:00,0.0,34.396694064301755,20.72103543631492,0.0,0.0,20.247789336177995,0.0
2050-04-16 09:00:00,0.0,35.14887588127931,3.287637223149119,0.0,0.0,20.247789336177995,0.0
2050-04-16 10:00:00,0.0,35.128134292803225,0.0,0.0,0.0,20.247789336177995,0.0
2050-04-16 11:00:00,0.0,32.46964870417946,22.749662117861387,0.0,0.0,20.247789336177995,0.0
2050-04-16 12:00:00,0.0,32.78030219968764,37.7380692639674,0.0,0.0,20.247789336177995,0.0
2050-04-16 13:00:00,0.0,31.074378714514523,37.7380692639674,0.0,0.0,20.247789336177995,0.0
2050-04-16 14:00:00,0.0,33.444388351399994,37.7380692639674,0.0,0.0,20.247789336177995,0.0
2050-04-16 15:00:00,0.0,32.284719196521564,37.7380692639674,0.0,0.0,20.247789336177995,0.0
2050-04-16 16:00:00,0.0,33.32530627637129,37.7380692639674,0.0,0.0,20.247789336177995,0.0
2050-04-16 17:00:00,0.0,34.2550201901247,37.7380692639674,0.0,0.0,20.247789336177995,0.0
2050-04-16 18:00:00,0.0,33.797998313666085,37.7380692639674,0.0,0.0,20.247789336177995,0.0
2050-04-16 19:00:00,0.0,35.783251027472716,37.7380692639674,0.0,0.0,20.247789336177995,0.0
2050-04-16 20:00:00,0.0,38.22922790180178,37.7380692639674,0.0,0.0,20.247789336177995,0.0
2050-04-16 21:00:00,0.0,38.54262436243016,37.7380692639674,0.0,0.0,20.247789336177995,0.0
2050-04-16 22:00:00,0.0,39.88750407527027,24.48087180024177,0.0,0.0,20.247789336177995,0.0
2050-04-16 23:00:00,0.0,38.83967759406323,13.940726413237186,0.0,0.0,20.247789336177995,0.0
2050-04-17 00:00:00,0.0,39.3809918900231,7.746301602557573,0.0,0.0,20.247789336177995,0.0
2050-04-17 01:00:00,0.0,40.967145714656,17.631361083691484,0.0,0.0,20.247789336177995,0.0
2050-04-17 02:00:00,0.0,40.50106324370745,0.0,0.0,0.0,20.247789336177995,0.0
2050-04-17 03:00:00,0.0,39.731927138070205,4.5148019762414116,0.0,0.0,20.247789336177995,0.0
2050-04-17 04:00:00,0.0,39.1469742877091,0.0,3.379640280908219,0.0,20.247789336177995,0.0
2050-04-17 05:00:00,0.0,37.83719931719611,5.4221680794734795,0.0,0.0,20.247789336177995,0.0
2050-04-17 06:00:00,0.0,37.967031781735386,28.92541333739714,0.0,0.0,20.247789336177995,0.0
2050-04-17 07:00:00,0.0,35.814652300822445,28.92541333739714,0.0,0.0,20.247789336177995,0.0
2050-04-17 08:00:00,0.0,35.202211078242954,28.92541333739714,0.0,0.0,20.247789336177995,0.0
2050-04-17 09:00:00,0.0,34.094299887055286,28.92541333739714,0.0,0.0,20.247789336177995,0.0
2050-04-17 10:00:00,0.0,32.98480207386956,37.7380692639674,0.0,0.0,20.247789336177995,0.0
2050-04-17 11:00:00,0.0,32.86951512770679,37.7380692639674,0.0,0.0,20.247789336177995,0.0
2050-04-17 12:00:00,0.0,31.511367521974307,37.7380692639674,0.0,0.0,20.247789336177995,0.0
2050-04-17 13:00:00,0.0,31.79408086050944,3.969960026461503,0.0,0.0,20.247789336177995,0.0
2050-04-17 14:00:00,0.0,32.754648157198744,37.7380692639674,0.0,0.0,20.247789336177995,0.0
2050-04-17 15:00:00,0.0,32.341876502961895,37.7380692639674,0.0,0.0,20.247789336177995,0.0
2050-04-17 16:00:00,0.0,34.391414359865166,37.7380692639674,0.0,0.0,20.247789336177995,0.0
2050-04-17 17:00:00,0.0,33.42956779799397,37.7380692639674,0.0,0.0,20.247789336177995,0.0
2050-04-17 18:00:00,0.0,34.95795628747942,37.7380692639674,0.0,0.0,20.247789336177995,0.0
2050-04-17 19:00:00,0.0,35.95401288377275,37.7380692639674,0.0,0.0,20.247789336177995,0.0
2050-04-17 20:00:00,0.0,36.97791968199681,37.7380692639674,0.0,0.0,20.247789336177995,0.0
2050-04-17 21:00:00,0.0,39.07079874635929,37.7380692639674,0.0,0.0,20.247789336177995,0.0
2050-04-17 22:00:00,0.0,38.20288760906283,37.7380692639674,0.0,0.0,20.247789336177995,0.0
2050-04-17 23:00:00,0.0,39.30001103312111,37.7380692639674,0.0,0.0,20.247789336177995,0.0
2050-04-18 00:00:00,0.0,44.64578676669771,37.7380692639674,0.0,0.0,20.247789336177995,0.0
2050-04-18 01:00:00,0.0,43.290069448324175,37.7380692639674,0.0,0.0,20.247789336177995,0.0
2050-04-18 02:00:00,0.0,44.688571915011835,37.7380692639674,0.0,0.0,20.247789336177995,0.0
2050-04-18 03:00:00,0.0,41.785472933307574,37.7380692639674,0.0,0.0,20.247789336177995,0.0
2050-04-18 04:00:00,0.0,43.29009060015369,37.7380692639674,0.0,0.0,20.247789336177995,0.0
2050-04-18 05:00:00,0.0,40.806951449789494,37.7380692639674,0.0,0.0,20.247789336177995,0.0
2050-04-18 06:00:00,0.0,39.836934613438416,37.7380692639674,0.0,0.0,20.247789336177995,0.0
2050-04-18 07:00:00,0.0,39.54131981773094,37.7380692639674,0.0,0.0,20.247789336177995,0.0
2050-04-18 08:00:00,0.0,37.32231367063355,37.7380692639674,0.0,0.0,20.247789336177995,0.0
2050-04-18 09:00:00,0.0,35.35167651222764,37.7380692639674,0.0,0.0,20.247789336177995,0.0
2050-04-18 10:00:00,0.0,35.7717342054118,37.7380692639674,0.0,0.0,20.247789336177995,0.0
2050-04-18 11:00:00,0.0,33.59139050915678,37.7380692639674,0.0,0.0,20.247789336177995,0.0
2050-04-18 12:00:00,0.0,34.11328622514725,37.7380692639674,0.0,0.0,20.247789336177995,0.0
2050-04-18 13:00:00,0.0,34.32992586930504,37.7380692639674,0.0,0.0,20.247789336177995,0.0
2050-04-18 14:00:00,0.0,34.48367489400357,37.7380692639674,0.0,0.0,20.247789336177995,0.0
2050-04-18 15:00:00,0.0,34.22090332265702,37.7380692639674,0.0,0.0,20.247789336177995,0.0
2050-04-18 16:00:00,0.0,35.79771275628832,37.7380692639674,0.0,0.0,20.247789336177995,0.0
2050-04-18 17:00:00,0.0,36.31949394274875,37.7380692639674,0.0,0.0,20.247789336177995,0.0
2050-04-18 18:00:00,0.0,37.60860045418963,13.150244436559532,0.0,0.0,20.247789336177995,0.0
2050-04-18 19:00:00,0.0,37.8561079221065,3.3634500719616653,0.0,0.0,20.247789336177995,0.0
2050-04-18 20:00:00,0.0,39.16391203840885,0.0,0.0,0.0,20.247789336177995,0.0
2050-04-18 21:00:00,0.0,39.26672731219742,0.0,0.0,0.0,20.247789336177995,0.0
2050-04-18 22:00:00,0.0,41.40450058439774,0.0,17.204246159139814,0.0,20.247789336177995,0.0
2050-04-18 23:00:00,0.0,42.02031984340374,0.0,6.684761568492841,0.0,20.247789336177995,0.0
2050-04-19 00:00:00,0.0,44.28224667687641,0.9130773256553475,0.0,0.0,20.247789336177995,0.0
2050-04-19 01:00:00,0.0,43.78640621197815,8.17933937200361,0.0,0.0,20.247789336177995,0.0
2050-04-19 02:00:00,0.0,42.81185709489296,24.009073366732565,0.0,0.0,20.247789336177995,0.0
2050-04-19 03:00:00,0.0,41.28559246978557,27.827802587475915,0.0,0.0,20.247789336177995,0.0
2050-04-19 04:00:00,0.0,42.71068114031641,28.92541333739714,0.0,0.0,20.247789336177995,0.0
2050-04-19 05:00:00,0.0,39.799213516543205,28.92541333739714,0.0,0.0,20.247789336177995,0.0
2050-04-19 06:00:00,0.0,39.83470989067905,28.92541333739714,0.0,0.0,20.247789336177995,0.0
2050-04-19 07:00:00,0.0,39.06423296663934,37.7380692639674,0.0,0.0,20.247789336177995,0.0
2050-04-19 08:00:00,0.0,37.588996876558895,20.11716373879016,0.0,0.0,20.247789336177995,0.0
2050-04-19 09:00:00,0.0,35.26285465793785,28.92541333739714,0.0,0.0,20.247789336177995,0.0
2050-04-19 10:00:00,0.0,34.45423684266643,28.92541333739714,0.0,0.0,20.247789336177995,0.0
2050-04-19 11:00:00,0.0,33.46698731119841,37.7380692639674,0.0,0.0,20.247789336177995,0.0
2050-04-19 12:00:00,0.0,34.020549859355015,37.7380692639674,0.0,0.0,20.247789336177995,0.0
2050-04-19 13:00:00,0.0,34.57333101673839,11.313318264982488,0.0,0.0,20.247789336177995,0.0
2050-04-19 14:00:00,0.0,34.21540121467956,28.92541333739714,0.0,0.0,20.247789336177995,0.0
2050-04-19 15:00:00,0.0,34.98203533591709,37.7380692639674,0.0,0.0,20.247789336177995,0.0
2050-04-19 16:00:00,0.0,36.40219178980624,20.11716373879016,0.0,0.0,20.247789336177995,0.0
2050-04-19 17:00:00,0.0,36.33247523214732,28.92541333739714,0.0,0.0,20.247789336177995,0.0
2050-04-19 18:00:00,0.0,37.2502442238972,28.92541333739714,0.0,0.0,20.247789336177995,0.0
2050-04-19 19:00:00,0.0,38.374969782063545,28.92541333739714,0.0,0.0,20.247789336177995,0.0
2050-04-19 20:00:00,0.0,39.362008713115074,28.92541333739714,0.0,0.0,20.247789336177995,0.0
2050-04-19 21:00:00,0.0,40.49548189140296,28.92541333739714,0.0,0.0,20.247789336177995,0.0
2050-04-19 22:00:00,0.0,41.2170532890882,28.92541333739714,0.0,0.0,20.247789336177995,0.0
2050-04-19 23:00:00,0.0,42.983182107731636,37.7380692639674,0.0,0.0,20.247789336177995,0.0
2050-04-20 00:00:00,0.0,42.25126324279404,37.7380692639674,0.0,0.0,20.247789336177995,0.0
2050-04-20 01:00:00,0.0,43.17080929878966,37.7380692639674,0.0,0.0,20.247789336177995,0.0
2050-04-20 02:00:00,0.0,44.00039897286729,37.7380692639674,0.0,0.0,20.247789336177995,0.0
2050-04-20 03:00:00,0.0,43.143593691535216,37.7380692639674,0.0,0.0,20.247789336177995,0.0
2050-04-20 04:00:00,0.0,43.38514793268928,37.7380692639674,0.0,0.0,20.247789336177995,0.0
2050-04-20 05:00:00,0.0,40.18081869391017,37.7380692639674,0.0,0.0,20.247789336177995,0.0
2050-04-20 06:00:00,0.0,39.921024849130845,37.7380692639674,0.0,0.0,20.247789336177995,0.0
2050-04-20 07:00:00,0.0,37.73696993687486,37.7380692639674,0.0,0.0,20.247789336177995,0.0
2050-04-20 08:00:00,0.0,37.100641241699805,37.7380692639674,0.0,0.0,20.247789336177995,0.0
2050-04-20 09:00:00,0.0,37.123705298077084,37.7380692639674,0.0,0.0,20.247789336177995,0.0
2050-04-20 10:00:00,0.0,34.872597113972915,37.7380692639674,0.0,0.0,20.247789336177995,0.0
2050-04-20 11:00:00,0.0,34.487071340243574,37.7380692639674,0.0,0.0,20.247789336177995,0.0
2050-04-20 12:00:00,0.0,34.71779397006867,37.7380692639674,0.0,0.0,20.247789336177995,0.0
2050-04-20 13:00:00,0.0,34.344118074891185,37.7380692639674,0.0,0.0,20.247789336177995,0.0
2050-04-20 14:00:00,0.0,32.81710107070285,37.7380692639674,0.0,0.0,20.247789336177995,0.0
2050-04-20 15:00:00,0.0,34.212092557790584,37.7380692639674,0.0,0.0,20.247789336177995,0.0
2050-04-20 16:00:00,0.0,36.32108610225964,37.7380692639674,0.0,0.0,20.247789336177995,0.0
2050-04-20 17:00:00,0.0,37.598037146277875,37.7380692639674,0.0,0.0,20.247789336177995,0.0
2050-04-20 18:00:00,0.0,37.77911815030825,37.7380692639674,0.0,0.0,20.247789336177995,0.0
2050-04-20 19:00:00,0.0,40.291291899141015,37.7380692639674,0.0,0.0,20.247789336177995,0.0
2050-04-20 20:00:00,0.0,40.50228268669207,37.7380692639674,0.0,0.0,20.247789336177995,0.0
2050-04-20 21:00:00,0.0,41.163727183960646,37.7380692639674,0.0,0.0,20.247789336177995,0.0
2050-04-20 22:00:00,0.0,41.52692839704582,37.7380692639674,0.0,0.0,20.247789336177995,0.0
2050-04-20 23:00:00,0.0,42.618445986567394,37.7380692639674,0.0,0.0,20.247789336177995,0.0
2050-04-21 00:00:00,0.0,43.22379495807945,37.7380692639674,0.0,0.0,20.247789336177995,0.0
2050-04-21 01:00:00,0.0,41.985563228620094,37.7380692639674,0.0,0.0,20.247789336177995,0.0
2050-04-21 02:00:00,0.0,43.05274350235982,37.7380692639674,0.0,0.0,20.247789336177995,0.0
2050-04-21 03:00:00,0.0,42.88821579256978,37.7380692639674,0.0,0.0,20.247789336177995,0.0
2050-04-21 04:00:00,0.0,42.2191182947729,37.7380692639674,0.0,0.0,20.247789336177995,0.0
2050-04-21 05:00:00,0.0,40.70753030850756,37.7380692639674,0.0,0.0,20.247789336177995,0.0
2050-04-21 06:00:00,0.0,41.66776737459918,37.7380692639674,0.0,0.0,20.247789336177995,0.0
2050-04-21 07:00:00,0.0,37.5459492591292,37.7380692639674,0.0,0.0,20.247789336177995,0.0
2050-04-21 08:00:00,0.0,36.7457437583912,37.7380692639674,0.0,0.0,20.247789336177995,0.0
2050-04-21 09:00:00,0.0,38.64225766604295,37.7380692639674,0.0,0.0,20.247789336177995,0.0
2050-04-21 10:00:00,0.0,35.17369664085845,37.7380692639674,0.0,0.0,20.247789336177995,0.0
2050-04-21 11:00:00,0.0,35.061362217554915,37.7380692639674,0.0,0.0,20.247789336177995,0.0
2050-04-21 12:00:00,0.0,34.00577870314032,37.7380692639674,0.0,0.0,20.247789336177995,0.0
2050-04-21 13:00:00,0.0,33.50568994907553,37.7380692639674,0.0,0.0,20.247789336177995,0.0
2050-04-21 14:00:00,0.0,33.872323471959135,37.7380692639674,0.0,0.0,20.247789336177995,0.0
2050-04-21 15:00:00,0.0,34.38321673190853,37.7380692639674,0.0,0.0,20.247789336177995,0.0
2050-04-21 16:00:00,0.0,34.30950328177914,37.7380692639674,0.0,0.0,20.247789336177995,0.0
2050-04-21 17:00:00,0.0,36.95249013222178,37.7380692639674,0.0,0.0,20.247789336177995,0.0
2050-04-21 18:00:00,0.0,37.90255927739395,37.7380692639674,0.0,0.0,20.247789336177995,0.0
2050-04-21 19:00:00,0.0,38.391527667741684,37.7380692639674,0.0,0.0,20.247789336177995,0.0
2050-04-21 20:00:00,0.0,40.103686560769574,20.765109190694268,0.0,0.0,14.39829301047871,0.0
2050-04-21 21:00:00,0.0,41.93479121377845,0.0,0.0,0.0,0.0,0.0
2050-04-21 22:00:00,0.0,42.44265388136091,0.0,6.297545379116655,0.0,0.0,0.0
2050-04-21 23:00:00,0.0,43.12229979385779,0.0,48.62552183750089,0.0,0.0,0.0
2050-04-22 00:00:00,0.0,43.91087218318148,0.0,48.62552183750089,0.0,0.0,0.0
2050-04-22 01:00:00,0.0,44.207776140781334,0.0,48.62552183750089,0.0,0.0,0.0
2050-04-22 02:00:00,0.0,43.34292019447912,0.0,48.62552183750089,0.0,0.0,0.0
2050-04-22 03:00:00,0.0,43.779263904353456,0.0,48.62552183750089,0.0,0.0,20.00837275647517
2050-04-22 04:00:00,0.0,42.93067464686237,0.0,48.62552183750089,0.0,0.0,38.394910120795046
2050-04-22 05:00:00,0.0,39.86363214975222,0.0,48.62552183750089,0.0,0.0,38.394910120795046
2050-04-22 06:00:00,0.0,39.46754708887465,0.0,48.62552183750089,0.0,0.0,38.394910120795046
2050-04-22 07:00:00,0.0,39.39172556583458,0.0,48.62552183750089,0.0,0.0,38.394910120795046
2050-04-22 08:00:00,0.0,37.77192461523782,0.0,36.45278075863335,0.0,0.0,37.196715059829955
2050-04-22 09:00:00,0.0,36.39905908253286,0.0,16.71457590180607,0.0,0.0,17.05568969572048
2050-04-22 10:00:00,0.0,34.81713687140609,0.0,19.915479916992002,0.0,0.0,20.321918282644905
2050-04-22 11:00:00,0.0,35.930408898219866,0.0,7.6425282593600095,0.0,0.0,7.798498223836744
2050-04-22 12:00:00,0.0,34.09642045279884,2.6481810800576824,0.0,0.0,1.8537267560403776,0.0
2050-04-22 13:00:00,0.0,34.02018104247395,0.6517409271988601,0.0,0.0,0.45621864903920206,0.0
2050-04-22 14:00:00,0.0,34.59656604424299,4.848588475712193,0.0,0.0,3.3940119329985348,0.0
2050-04-22 15:00:00,0.0,33.231680749526504,8.663388779918046,0.0,0.0,6.064372145942632,0.0
2050-04-22 16:00:00,0.0,36.71218336924812,29.291816350437806,0.0,0.0,20.247789336177995,0.0
2050-04-22 17:00:00,0.0,36.495913847693146,32.666525707582906,0.0,0.0,20.247789336177995,0.0
2050-04-22 18:00:00,0.0,37.709199174104924,24.75515043659972,0.0,0.0,20.20230026656014,0.0
2050-04-22 19:00:00,0.0,38.49356430330954,20.15428800833167,0.0,0.0,14.108001605832166,0.0
2050-04-22 20:00:00,0.0,40.66062135813581,20.74948857087157,0.0,0.0,14.524641999610099,0.0
2050-04-22 21:00:00,0.0,39.93123203419145,37.7380692639674,0.0,0.0,20.247789336177995,0.0
2050-04-22 22:00:00,0.0,41.524236224858896,31.938357039763336,0.0,0.0,20.247789336177995,0.0
2050-04-22 23:00:00,0.0,44.181682595282155,0.0,0.0,0.0,8.270697893025881,0.0
2050-04-23 00:00:00,0.0,40.70519006680388,0.7558752546275542,0.0,0.0,0.5291126782392879,0.0
2050-04-23 01:00:00,0.0,39.338706503273215,0.4800307066355174,0.0,0.0,0.33602149464486214,0.0
2050-04-23 02:00:00,0.0,40.80246321960226,0.0,0.0,0.0,0.0,0.0
2050-04-23 03:00:00,0.0,39.520182119817036,0.0,0.0,0.0,0.0,0.0
2050-04-23 04:00:00,0.0,38.628431182931536,0.0,0.0,0.0,0.0,0.0
2050-04-23 05:00:00,0.0,39.34402888080649,0.0,0.0,0.0,0.0,0.0
2050-04-23 06:00:00,0.0,37.35893556659971,0.0,0.0,0.0,0.0,0.0
2050-04-23 07:00:00,0.0,37.86937823122503,0.0,0.0,0.0,0.0,0.0
2050-04-23 08:00:00,0.0,34.89068831034456,0.0,0.0,0.0,0.0,0.0
2050-04-23 09:00:00,0.0,34.810456600514044,0.0,0.0,0.0,0.0,0.0
2050-04-23 10:00:00,0.0,32.578765782392566,0.0,0.0,0.0,0.0,0.0
2050-04-23 11:00:00,0.0,31.8937298875137,0.0,0.0,0.0,0.0,0.0
2050-04-23 12:00:00,0.0,32.77014241628126,0.0,0.0,0.0,0.0,0.0
2050-04-23 13:00:00,0.0,31.687297347925096,0.0,0.0,0.0,0.0,0.0
2050-04-23 14:00:00,0.0,32.57917406323304,0.0,0.0,0.0,0.0,0.0
2050-04-23 15:00:00,0.0,32.846150603581464,0.0,0.0,0.0,0.0,0.0
2050-04-23 16:00:00,0.0,33.966213085957634,35.77174775511121,0.0,0.0,1.6504877325050948,0.0
2050-04-23 17:00:00,0.0,34.30603540344987,31.391027313954083,0.0,0.0,0.0,0.0
2050-04-23 18:00:00,0.0,35.28193884673692,23.98854779443918,0.0,0.0,0.0,0.0
2050-04-23 19:00:00,0.0,36.66796618009653,19.776410280812375,0.0,0.0,0.0,0.0
2050-04-23 20:00:00,0.0,38.036688705075676,10.962510304121304,0.0,0.0,0.0,0.0
2050-04-23 21:00:00,0.0,39.092790062467884,9.136934004672927,0.0,0.0,0.0,0.0
2050-04-23 22:00:00,0.0,39.35501183838119,6.706958612224774,0.0,0.0,0.0,0.0
2050-04-23 23:00:00,0.0,41.801656823938174,16.914870360146956,0.0,0.0,0.0,0.0
2050-04-24 00:00:00,0.0,40.336626802941055,24.998396016812748,0.0,0.0,0.0,0.0
2050-04-24 01:00:00,0.0,40.705964543470145,29.810568129714866,0.0,0.0,0.0,0.0
2050-04-24 02:00:00,0.0,39.295692481057586,37.34005069033742,0.0,0.0,0.0,0.0
2050-04-24 03:00:00,0.0,40.051732772606556,37.7380692639674,0.0,0.0,0.0,0.0
2050-04-24 04:00:00,0.0,39.88166580428788,37.395490375775495,0.0,0.0,0.0,0.0
2050-04-24 05:00:00,0.0,39.578478368037395,27.20706457976217,0.0,0.0,0.0,0.0
2050-04-24 06:00:00,0.0,38.0404164255699,3.476488811588098,0.0,0.0,0.0,0.0
2050-04-24 07:00:00,0.0,37.68866374282379,7.240535703442717,0.0,0.0,0.0,0.0
2050-04-24 08:00:00,0.0,36.25045709584947,16.964879972123768,0.0,0.0,0.0,0.0
2050-04-24 09:00:00,0.0,34.22656610407034,19.516451791409665,0.0,0.0,0.0,0.0
2050-04-24 10:00:00,0.0,35.27118554117351,0.0,0.0,0.0,0.0,0.0
2050-04-24 11:00:00,0.0,33.82794117329422,0.0,0.0,0.0,0.0,0.0
2050-04-24 12:00:00,0.0,33.4192178272674,0.0,0.0,0.0,0.0,0.0
2050-04-24 13:00:00,0.0,31.355649076212785,0.0,15.997188167766204,0.0,0.0,0.0
2050-04-24 14:00:00,0.0,32.973110990353234,0.0,17.272580041006318,0.0,0.0,0.0
2050-04-24 15:00:00,0.0,31.984991872188857,0.0,0.0,0.0,0.0,0.0
2050-04-24 16:00:00,0.0,33.7928757878708,0.0,0.0,0.0,0.0,0.0
2050-04-24 17:00:00,0.0,35.77795156853858,0.0,0.0,0.0,0.0,0.0
2050-04-24 18:00:00,0.0,33.800475855536206,0.0,0.0,0.0,0.0,0.0
2050-04-24 19:00:00,0.0,36.84264924468698,0.0,0.0,0.0,0.0,0.0
2050-04-24 20:00:00,0.0,38.60651860531652,0.0,29.360594961284594,0.0,0.0,0.0
2050-04-24 21:00:00,0.0,38.35256213424236,0.0,39.00629447614635,0.0,0.0,0.0
2050-04-24 22:00:00,0.0,39.30502664328969,0.0,48.62552183750089,0.0,0.0,34.50072423482833
2050-04-24 23:00:00,0.0,39.843454762025885,0.0,48.62552183750089,0.0,0.0,38.394910120795046
2050-04-25 00:00:00,0.0,44.076593010428724,0.0,48.62552183750089,0.0,0.0,38.394910120795046
2050-04-25 01:00:00,0.0,44.39306280305664,0.0,48.62552183750089,0.0,0.0,38.394910120795046
2050-04-25 02:00:00,0.0,44.76572983906385,0.0,48.62552183750089,0.0,0.0,38.394910120795046
2050-04-25 03:00:00,0.0,42.97894389902103,0.0,48.62552183750089,0.0,0.0,38.394910120795046
2050-04-25 04:00:00,0.0,43.928468066308824,0.0,48.62552183750089,0.0,0.0,38.394910120795046
2050-04-25 05:00:00,0.0,38.8596928306215,0.0,48.62552183750089,0.0,0.0,38.394910120795046
2050-04-25 06:00:00,0.0,39.32989936332433,0.0,48.62552183750089,0.0,0.0,38.394910120795046
2050-04-25 07:00:00,0.0,32.859093404628766,0.0,48.62552183750089,0.0,0.0,38.394910120795046
2050-04-25 08:00:00,0.0,33.539698920665614,0.0,48.62552183750089,0.0,0.0,38.394910120795046
2050-04-25 09:00:00,0.0,36.08349185419752,0.0,48.62552183750089,0.0,0.0,38.394910120795046
2050-04-25 10:00:00,0.0,28.1575855567462,0.0,48.62552183750089,0.0,0.0,38.394910120795046
2050-04-25 11:00:00,0.0,35.526002850610894,0.0,48.62552183750089,0.0,0.0,38.394910120795046
2050-04-25 12:00:00,0.0,29.874507030300265,0.0,48.62552183750089,0.0,0.0,38.394910120795046
2050-04-25 13:00:00,0.0,34.732909192409124,0.0,39.57990824168682,0.0,0.0,38.394910120795046
2050-04-25 14:00:00,0.0,35.09725557355455,0.0,9.283756065432225,0.0,0.0,9.473220474930843
2050-04-25 15:00:00,0.0,33.936937167856286,0.0,0.0,0.0,0.0,0.0
2050-04-25 16:00:00,0.0,35.981644338582555,0.0,0.0,0.0,0.0,0.0
2050-04-25 17:00:00,0.0,38.29650607321423,0.0,0.0,0.0,0.0,0.0
2050-04-25 18:00:00,0.0,37.51952451359762,0.0,0.0,0.0,0.0,0.0
2050-04-25 19:00:00,0.0,39.206700186700346,0.0,0.0,0.0,0.0,0.0
2050-04-25 20:00:00,0.0,40.299744434225886,0.0,0.0,0.0,0.0,23.899752190185534
2050-04-25 21:00:00,0.0,41.969089936913406,0.0,21.927271927462172,0.0,0.0,38.394910120795046
2050-04-25 22:00:00,0.0,42.691564283112484,0.0,48.62552183750089,0.0,0.0,38.394910120795046
2050-04-25 23:00:00,0.0,41.21634423422256,0.0,48.62552183750089,0.0,0.0,38.394910120795046
2050-04-26 00:00:00,0.0,43.240282659454124,0.0,48.62552183750089,0.0,0.0,38.394910120795046
2050-04-26 01:00:00,0.0,43.23499173689265,0.0,43.69609202497127,0.0,0.0,38.394910120795046
2050-04-26 02:00:00,0.0,43.919061696066365,0.0,29.488308333312325,0.0,0.0,30.090110544196254
2050-04-26 03:00:00,0.0,42.47885030568091,0.0,19.21766498421606,0.0,0.0,19.6098622287919
2050-04-26 04:00:00,0.0,41.79570327787246,0.0,8.056078885234735,0.0,0.0,8.220488658402791
2050-04-26 05:00:00,0.0,41.65328566533071,1.0946216128776811,0.0,0.0,0.7662351290143767,0.0
2050-04-26 06:00:00,0.0,40.71334796571023,9.040281055326147,0.0,0.0,6.328196738728303,0.0
2050-04-26 07:00:00,0.0,40.334434242374755,23.876979244948828,0.0,0.0,16.713885471464177,0.0
2050-04-26 08:00:00,0.0,37.3996103341085,37.7380692639674,0.0,0.0,20.247789336177995,0.0
2050-04-26 09:00:00,0.0,38.68479796029919,37.7380692639674,0.0,0.0,20.247789336177995,0.0
2050-04-26 10:00:00,0.0,35.97660044981558,37.7380692639674,0.0,0.0,20.247789336177995,0.0
2050-04-26 11:00:00,0.0,36.30820293162287,37.7380692639674,0.0,0.0,20.247789336177995,0.0
2050-04-26 12:00:00,0.0,34.817955512761955,37.7380692639674,0.0,0.0,3.8531331698940647,0.0
2050-04-26 13:00:00,0.0,34.29152751221204,37.7380692639674,0.0,0.0,0.0,0.0
2050-04-26 14:00:00,0.0,35.15618281260845,37.7380692639674,0.0,0.0,0.0,0.0
2050-04-26 15:00:00,0.0,35.01719787187244,37.7380692639674,0.0,0.0,0.0,0.0
2050-04-26 16:00:00,0.0,36.46290108918947,37.7380692639674,0.0,0.0,0.0,0.0
2050-04-26 17:00:00,0.0,36.24799037302023,37.7380692639674,0.0,0.0,0.0,0.0
2050-04-26 18:00:00,0.0,37.06666562348937,37.7380692639674,0.0,0.0,0.0,0.0
2050-04-26 19:00:00,0.0,40.00277223777198,37.7380692639674,0.0,0.0,0.0,0.0
2050-04-26 20:00:00,0.0,38.5563503625317,37.7380692639674,0.0,0.0,0.0,0.0
2050-04-26 21:00:00,0.0,41.77338414482779,23.87498945620422,0.0,0.0,0.0,0.0
2050-04-26 22:00:00,0.0,41.612174532580184,0.0,12.821375426376665,0.0,0.0,4.128502280795024
2050-04-26 23:00:00,0.0,43.65654738086664,0.0,34.04219019314798,0.0,0.0,38.394910120795046
2050-04-27 00:00:00,0.0,43.50314100371338,0.0,34.10889235635465,0.0,0.0,38.394910120795046
2050-04-27 01:00:00,0.0,43.52237525004034,0.0,35.413601634411435,0.0,0.0,38.394910120795046
2050-04-27 02:00:00,0.0,43.55279752544925,0.0,37.48972849537188,0.0,0.0,38.394910120795046
2050-04-27 03:00:00,0.0,42.84584198524726,0.0,42.05493589800063,0.0,0.0,38.394910120795046
2050-04-27 04:00:00,0.0,43.61370784777682,0.0,47.03115764401716,0.0,0.0,38.394910120795046
2050-04-27 05:00:00,0.0,42.097801862030565,0.0,48.62552183750089,0.0,0.0,38.394910120795046
2050-04-27 06:00:00,0.0,39.82812655644648,0.0,48.62552183750089,0.0,0.0,38.394910120795046
2050-04-27 07:00:00,0.0,38.70709555655685,0.0,48.62552183750089,0.0,0.0,38.394910120795046
2050-04-27 08:00:00,0.0,39.32998179510287,0.0,48.62552183750089,0.0,0.0,38.394910120795046
2050-04-27 09:00:00,0.0,36.87234856386044,0.0,48.62552183750089,0.0,0.0,38.394910120795046
2050-04-27 10:00:00,0.0,36.60231127530551,0.0,48.62552183750089,0.0,0.0,38.394910120795046
2050-04-27 11:00:00,0.0,35.156604115090204,0.0,48.62552183750089,0.0,0.0,38.394910120795046
2050-04-27 12:00:00,0.0,34.672297793651296,0.0,48.62552183750089,0.0,0.0,38.394910120795046
2050-04-27 13:00:00,0.0,33.79785619911763,0.0,32.64026341372984,0.0,0.0,38.394910120795046
2050-04-27 14:00:00,0.0,35.53011016802475,0.0,1.779985543232088,0.0,0.0,38.394910120795046
2050-04-27 15:00:00,0.0,36.13974837136129,0.0,0.0,0.0,0.0,38.394910120795046
2050-04-27 16:00:00,0.0,35.12290262835836,0.0,12.70411504281276,0.0,0.0,38.394910120795046
2050-04-27 17:00:00,0.0,37.35088397981008,0.0,37.48972849537188,0.0,0.0,38.394910120795046
2050-04-27 18:00:00,0.0,39.168064012460036,0.0,37.48972849537188,0.0,0.0,38.394910120795046
2050-04-27 19:00:00,0.0,39.37539340743069,0.0,45.766719499201606,0.0,0.0,38.394910120795046
2050-04-27 20:00:00,0.0,40.147298273965816,0.0,48.62552183750089,0.0,0.0,38.394910120795046
2050-04-27 21:00:00,0.0,40.814964531420856,0.0,48.62552183750089,0.0,0.0,38.394910120795046
2050-04-27 22:00:00,0.0,43.5530290686836,0.0,48.62552183750089,0.0,0.0,38.394910120795046
2050-04-27 23:00:00,0.0,43.29051668254442,0.0,48.62552183750089,0.0,0.0,38.394910120795046
2050-04-28 00:00:00,0.0,44.16695126139393,0.0,48.62552183750089,0.0,0.0,38.394910120795046
2050-04-28 01:00:00,0.0,43.22341795359057,0.0,48.62552183750089,0.0,0.0,38.394910120795046
2050-04-28 02:00:00,0.0,42.20690995270479,0.0,48.62552183750089,0.0,0.0,38.394910120795046
2050-04-28 03:00:00,0.0,42.243439908251275,0.0,48.62552183750089,0.0,0.0,38.394910120795046
2050-04-28 04:00:00,0.0,42.0549559872054,0.0,48.62552183750089,0.0,0.0,38.394910120795046
2050-04-28 05:00:00,0.0,41.788363155045545,0.0,48.62552183750089,0.0,0.0,38.394910120795046
2050-04-28 06:00:00,0.0,41.34696385588495,0.0,48.62552183750089,0.0,0.0,38.394910120795046
2050-04-28 07:00:00,0.0,39.49920335035654,0.0,48.62552183750089,0.0,0.0,38.394910120795046
2050-04-28 08:00:00,0.0,37.9070897658039,0.0,48.62552183750089,0.0,0.0,38.394910120795046
2050-04-28 09:00:00,0.0,26.74403701062556,0.0,48.62552183750089,0.0,0.0,38.394910120795046
2050-04-28 10:00:00,0.0,35.473751182505794,0.0,48.62552183750089,0.0,0.0,38.394910120795046
2050-04-28 11:00:00,0.0,26.74403701062556,0.0,48.62552183750089,0.0,0.0,38.394910120795046
2050-04-28 12:00:00,0.0,33.89363176327629,0.0,48.62552183750089,0.0,0.0,38.394910120795046
2050-04-28 13:00:00,0.0,27.489252634290096,0.0,48.62552183750089,0.0,0.0,38.394910120795046
2050-04-28 14:00:00,0.0,33.77872104475955,0.0,40.47214199596874,0.0,0.0,38.394910120795046
2050-04-28 15:00:00,0.0,34.71815068579576,0.0,15.099469796824877,0.0,0.0,38.394910120795046
2050-04-28 16:00:00,0.0,35.840935067890086,0.0,7.928897982242995,0.0,0.0,38.394910120795046
2050-04-28 17:00:00,0.0,37.1382861884033,0.0,32.26301892021324,0.0,0.0,38.394910120795046
2050-04-28 18:00:00,0.0,38.07973262222231,0.0,48.62552183750089,0.0,0.0,38.394910120795046
2050-04-28 19:00:00,0.0,39.37256646424976,0.0,48.62552183750089,0.0,0.0,38.394910120795046
2050-04-28 20:00:00,0.0,40.86878259041282,0.0,48.62552183750089,0.0,0.0,38.394910120795046
2050-04-28 21:00:00,0.0,41.753361276491205,0.0,48.62552183750089,0.0,0.0,38.394910120795046
2050-04-28 22:00:00,0.0,43.12698011620614,0.0,48.62552183750089,0.0,0.0,38.394910120795046
2050-04-28 23:00:00,0.0,26.74403701062556,0.0,48.62552183750089,0.0,0.0,38.394910120795046
2050-04-29 00:00:00,0.0,44.06711920540124,0.0,48.62552183750089,0.0,0.0,38.394910120795046
2050-04-29 01:00:00,0.0,42.48012182677735,0.0,48.62552183750089,0.0,0.0,38.394910120795046
2050-04-29 02:00:00,0.0,26.92958553664721,0.0,48.62552183750089,0.0,0.0,38.394910120795046
2050-04-29 03:00:00,0.0,43.31077820192763,0.0,48.62552183750089,0.0,0.0,38.394910120795046
2050-04-29 04:00:00,0.0,41.54806429948485,0.0,48.62552183750089,0.0,0.0,38.394910120795046
2050-04-29 05:00:00,0.0,42.63487961603846,0.0,11.083376939611146,0.0,0.0,11.309568305725659
2050-04-29 06:00:00,0.0,40.774892243755176,21.73781761494174,0.0,0.0,15.216472330459217,0.0
2050-04-29 07:00:00,0.0,38.66774813328834,37.7380692639674,0.0,0.0,20.247789336177995,0.0
2050-04-29 08:00:00,0.0,37.86164296417542,37.7380692639674,0.0,0.0,20.247789336177995,0.0
2050-04-29 09:00:00,0.0,37.31458482875428,37.7380692639674,0.0,0.0,20.247789336177995,0.0
2050-04-29 10:00:00,0.0,35.916782788913224,37.7380692639674,0.0,0.0,20.247789336177995,0.0
2050-04-29 11:00:00,0.0,36.085248845671,37.7380692639674,0.0,0.0,20.247789336177995,0.0
2050-04-29 12:00:00,0.0,34.84766027344676,37.7380692639674,0.0,0.0,20.247789336177995,0.0
2050-04-29 13:00:00,0.0,33.036043600802714,37.7380692639674,0.0,0.0,20.247789336177995,0.0
2050-04-29 14:00:00,0.0,35.55124167901067,37.7380692639674,0.0,0.0,20.247789336177995,0.0
2050-04-29 15:00:00,0.0,34.27094027436692,37.7380692639674,0.0,0.0,20.247789336177995,0.0
2050-04-29 16:00:00,0.0,34.39039756706825,37.7380692639674,0.0,0.0,20.247789336177995,0.0
2050-04-29 17:00:00,0.0,36.31163869161355,37.7380692639674,0.0,0.0,15.620624235903335,0.0
2050-04-29 18:00:00,0.0,38.42599235224543,37.7380692639674,0.0,0.0,0.0,0.0
2050-04-29 19:00:00,0.0,38.09592267814287,37.7380692639674,0.0,0.0,0.0,0.0
2050-04-29 20:00:00,0.0,39.89223052242073,37.7380692639674,0.0,0.0,0.0,0.0
2050-04-29 21:00:00,0.0,42.39121802203158,37.7380692639674,0.0,0.0,0.0,0.0
2050-04-29 22:00:00,0.0,43.7443885691041,37.7380692639674,0.0,0.0,0.0,0.0
2050-04-29 23:00:00,0.0,44.023215162532324,37.7380692639674,0.0,0.0,0.0,0.0
2050-04-30 00:00:00,0.0,40.75928909607501,37.7380692639674,0.0,0.0,0.0,0.0
2050-04-30 01:00:00,0.0,41.49908392520297,22.283212273492403,0.0,0.0,0.0,0.0
2050-04-30 02:00:00,0.0,42.1249186423986,3.6159089848832338,0.0,0.0,0.0,0.0
2050-04-30 03:00:00,0.0,40.72805652051693,0.0,0.0,0.0,0.0,0.0
2050-04-30 04:00:00,0.0,40.73450676283528,0.0,0.0,0.0,0.0,0.0
2050-04-30 05:00:00,0.0,39.287492833096394,0.0,0.0,0.0,0.0,0.0
2050-04-30 06:00:00,0.0,36.48602159072243,0.0,10.726306093457696,0.0,0.0,0.0
2050-04-30 07:00:00,0.0,36.38389921176304,0.0,48.62552183750089,0.0,0.0,0.0
2050-04-30 08:00:00,0.0,36.38305780285236,0.0,48.62552183750089,0.0,0.0,0.0
2050-04-30 09:00:00,0.0,34.420825532978824,0.0,48.62552183750089,0.0,0.0,0.0
2050-04-30 10:00:00,0.0,33.13680809955849,0.0,48.62552183750089,0.0,0.0,0.0
2050-04-30 11:00:00,0.0,33.522599954695124,0.0,48.62552183750089,0.0,0.0,4.16151480941638
2050-04-30 12:00:00,0.0,32.25179214540958,0.0,48.62552183750089,0.0,0.0,38.394910120795046
2050-04-30 13:00:00,0.0,33.286187218348914,0.0,48.62552183750089,0.0,0.0,38.394910120795046
2050-04-30 14:00:00,0.0,32.1702108541856,0.0,39.43869077105113,0.0,0.0,38.394910120795046
2050-04-30 15:00:00,0.0,33.45152374689428,0.0,0.0,0.0,0.0,0.0
2050-04-30 16:00:00,0.0,33.42843126284379,0.0,0.0,0.0,0.0,0.0
2050-04-30 17:00:00,0.0,35.411798058855084,0.0,0.0,0.0,0.0,0.0
2050-04-30 18:00:00,0.0,35.33795162648744,0.0,0.0,0.0,0.0,0.0
2050-04-30 19:00:00,0.0,37.00072658388376,0.0,0.0,0.0,0.0,0.0
2050-04-30 20:00:00,0.0,37.71896946788115,0.0,0.0,0.0,0.0,0.0
2050-04-30 21:00:00,0.0,39.50381635744748,0.0,0.0,0.0,0.0,0.0
2050-04-30 22:00:00,0.0,40.06324488673931,0.0,0.0,0.0,0.0,0.0
2050-04-30 23:00:00,0.0,41.29575921511855,0.0,14.819656865397162,0.0,0.0,25.131736381381685
2050-05-01 00:00:00,0.0,41.2529719511424,0.0,47.43155198434186,0.0,0.0,38.394910120795046
2050-05-01 01:00:00,0.0,41.16422902647537,0.0,27.89323260824594,0.0,0.0,28.46248225331218
2050-05-01 02:00:00,0.0,42.27972540971268,0.0,4.4231060243489715,0.0,0.0,4.513373494233645
2050-05-01 03:00:00,0.0,41.27454738636811,13.287498701496716,0.0,0.0,9.301249091047701,0.0
2050-05-01 04:00:00,0.0,41.2376852327011,24.30656847584831,0.0,0.0,17.014597933093814,0.0
2050-05-01 05:00:00,0.0,38.580234455854225,33.35028787814437,0.0,0.0,20.247789336177995,0.0
2050-05-01 06:00:00,0.0,39.35762125008205,37.2480821631696,0.0,0.0,20.247789336177995,0.0
2050-05-01 07:00:00,0.0,37.08237305556986,37.7380692639674,0.0,0.0,20.247789336177995,0.0
2050-05-01 08:00:00,0.0,35.738164078139334,37.7380692639674,0.0,0.0,20.247789336177995,0.0
2050-05-01 09:00:00,0.0,34.09330355302927,37.7380692639674,0.0,0.0,20.247789336177995,0.0
2050-05-01 10:00:00,0.0,33.05666153024026,37.7380692639674,0.0,0.0,20.247789336177995,0.0
2050-05-01 11:00:00,0.0,33.35055634441255,37.7380692639674,0.0,0.0,20.247789336177995,0.0
2050-05-01 12:00:00,0.0,33.23827120972646,37.7380692639674,0.0,0.0,20.247789336177995,0.0
2050-05-01 13:00:00,0.0,32.6837409155512,37.7380692639674,0.0,0.0,20.247789336177995,0.0
2050-05-01 14:00:00,0.0,33.19841770995254,37.7380692639674,0.0,0.0,20.247789336177995,0.0
2050-05-01 15:00:00,0.0,32.49845957640446,37.7380692639674,0.0,0.0,20.247789336177995,0.0
2050-05-01 16:00:00,0.0,34.004684218115926,37.7380692639674,0.0,0.0,20.247789336177995,0.0
2050-05-01 17:00:00,0.0,34.656543397538826,37.7380692639674,0.0,0.0,20.247789336177995,0.0
2050-05-01 18:00:00,0.0,36.83135670298452,37.7380692639674,0.0,0.0,20.247789336177995,0.0
2050-05-01 19:00:00,0.0,36.163037774097575,37.7380692639674,0.0,0.0,20.247789336177995,0.0
2050-05-01 20:00:00,0.0,37.274622716227896,37.7380692639674,0.0,0.0,20.247789336177995,0.0
2050-05-01 21:00:00,0.0,39.296305747525594,37.7380692639674,0.0,0.0,8.73221837982777,0.0
2050-05-01 22:00:00,0.0,40.24487468480129,37.7380692639674,0.0,0.0,0.0,0.0
2050-05-01 23:00:00,0.0,40.64085907393951,35.23591222343194,0.0,0.0,0.0,0.0
2050-05-02 00:00:00,0.0,44.19104829373214,30.081376842366296,0.0,0.0,0.0,0.0
2050-05-02 01:00:00,0.0,44.62902009914137,20.80907670089107,0.0,0.0,0.0,0.0
2050-05-02 02:00:00,0.0,43.60527718345497,14.361718789209988,0.0,0.0,0.0,0.0
2050-05-02 03:00:00,0.0,45.04422511050029,6.879696718509848,0.0,0.0,0.0,0.0
2050-05-02 04:00:00,0.0,41.792914283159234,0.0,0.0,0.0,0.0,0.0
2050-05-02 05:00:00,0.0,42.47561462958538,0.0,0.0,0.0,0.0,0.0
2050-05-02 06:00:00,0.0,38.59221158066043,0.0,0.0,0.0,0.0,0.0
2050-05-02 07:00:00,0.0,40.20475555043299,0.0,0.0,0.0,0.0,0.0
2050-05-02 08:00:00,0.0,37.50821206904993,0.0,0.0,0.0,0.0,0.0
2050-05-02 09:00:00,0.0,37.23680833990284,0.0,8.008920194200709,0.0,0.0,0.0
2050-05-02 10:00:00,0.0,36.12699796021138,0.0,48.62552183750089,0.0,0.0,0.0
2050-05-02 11:00:00,0.0,34.77524013517632,0.0,35.45559392290677,0.0,0.0,0.0
2050-05-02 12:00:00,0.0,34.697259709936816,0.0,15.228227693118273,0.0,0.0,0.0
2050-05-02 13:00:00,0.0,34.337902496914694,8.185023093101412,0.0,0.0,0.0,0.0
2050-05-02 14:00:00,0.0,34.588875991110854,24.18255422085926,0.0,0.0,0.0,0.0
2050-05-02 15:00:00,0.0,35.88639098554427,37.7380692639674,0.0,0.0,0.0,0.0
2050-05-02 16:00:00,0.0,34.92861438960199,37.7380692639674,0.0,0.0,0.0,0.0
2050-05-02 17:00:00,0.0,37.514755862870516,37.7380692639674,0.0,0.0,0.0,0.0
2050-05-02 18:00:00,0.0,37.64572831903911,37.7380692639674,0.0,0.0,0.0,0.0
2050-05-02 19:00:00,0.0,40.0119928365732,37.7380692639674,0.0,0.0,0.0,0.0
2050-05-02 20:00:00,0.0,40.90540858883173,21.521187597867865,0.0,0.0,0.0,0.0
2050-05-02 21:00:00,0.0,42.33319712507955,0.19611917572465895,0.0,0.0,0.0,0.0
2050-05-02 22:00:00,0.0,42.72583321412026,0.0,23.537450489071528,0.0,0.0,0.0
2050-05-02 23:00:00,0.0,43.84400071424102,0.0,25.59845534927455,0.0,0.0,0.0
2050-05-03 00:00:00,0.0,43.88284004951447,0.0,28.952455559314494,0.0,0.0,0.0
2050-05-03 01:00:00,0.0,44.28899723002655,0.0,29.930512672864477,0.0,0.0,0.0
2050-05-03 02:00:00,0.0,44.54815107094851,0.0,35.67843158208988,0.0,0.0,0.0
2050-05-03 03:00:00,0.0,44.64259445841708,0.0,39.522099070219994,0.0,0.0,36.576507640047836
2050-05-03 04:00:00,0.0,43.330146564446295,0.0,40.535368735687044,0.0,0.0,38.394910120795046
2050-05-03 05:00:00,0.0,41.58686555970962,0.0,42.56109194154613,0.0,0.0,38.394910120795046
2050-05-03 06:00:00,0.0,39.55224061303511,0.0,43.55543614686947,0.0,0.0,38.394910120795046
2050-05-03 07:00:00,0.0,39.26498405818984,0.0,48.11751363257468,0.0,0.0,38.394910120795046
2050-05-03 08:00:00,0.0,38.358683678347234,0.0,48.62552183750089,0.0,0.0,38.394910120795046
2050-05-03 09:00:00,0.0,36.97532823800452,0.0,48.62552183750089,0.0,0.0,38.394910120795046
2050-05-03 10:00:00,0.0,36.96752782405247,0.0,48.62552183750089,0.0,0.0,38.394910120795046
2050-05-03 11:00:00,0.0,36.24776813314793,0.0,48.62552183750089,0.0,0.0,38.394910120795046
2050-05-03 12:00:00,0.0,35.143761846171174,0.0,48.62552183750089,0.0,0.0,38.394910120795046
2050-05-03 13:00:00,0.0,34.04046116588074,0.0,43.009224098608186,0.0,0.0,38.394910120795046
2050-05-03 14:00:00,0.0,35.116443269391084,0.0,19.569219655290144,0.0,0.0,38.394910120795046
2050-05-03 15:00:00,0.0,35.125827108888416,0.0,8.932684310559198,0.0,0.0,38.394910120795046
2050-05-03 16:00:00,0.0,34.945256458025824,0.0,0.0,0.0,0.0,38.394910120795046
2050-05-03 17:00:00,0.0,36.9575357782976,0.0,0.0,0.0,0.0,38.394910120795046
2050-05-03 18:00:00,0.0,37.884987621671144,0.0,16.33992194909665,0.0,0.0,38.394910120795046
2050-05-03 19:00:00,0.0,39.87631658802957,0.0,25.823820971578517,0.0,0.0,38.394910120795046
2050-05-03 20:00:00,0.0,39.23269568701335,0.0,48.62552183750089,0.0,0.0,38.394910120795046
2050-05-03 21:00:00,0.0,40.477005276299906,0.0,48.62552183750089,0.0,0.0,38.394910120795046
2050-05-03 22:00:00,0.0,43.00529081314903,0.0,48.62552183750089,0.0,0.0,38.394910120795046
2050-05-03 23:00:00,0.0,44.89277444310255,0.0,48.62552183750089,0.0,0.0,38.394910120795046
2050-05-04 00:00:00,0.0,44.29645604922075,0.0,48.62552183750089,0.0,0.0,38.394910120795046
2050-05-04 01:00:00,0.0,44.43723808876598,0.0,48.62552183750089,0.0,0.0,38.394910120795046
2050-05-04 02:00:00,0.0,44.36599732880427,0.0,48.62552183750089,0.0,0.0,38.394910120795046
2050-05-04 03:00:00,0.0,43.26790892120016,0.0,48.62552183750089,0.0,0.0,38.394910120795046
2050-05-04 04:00:00,0.0,38.939566578203085,0.0,48.62552183750089,0.0,0.0,38.394910120795046
2050-05-04 05:00:00,0.0,41.83064234271228,0.0,48.62552183750089,0.0,0.0,38.394910120795046
2050-05-04 06:00:00,0.0,26.89862890073573,0.0,48.62552183750089,0.0,0.0,38.394910120795046
2050-05-04 07:00:00,0.0,26.900434539640628,0.0,48.62552183750089,0.0,0.0,38.394910120795046
2050-05-04 08:00:00,0.0,39.80575643721454,0.0,48.62552183750089,0.0,0.0,38.394910120795046
2050-05-04 09:00:00,0.0,26.838441321504888,0.0,48.62552183750089,0.0,0.0,38.394910120795046
2050-05-04 10:00:00,0.0,36.726577762001625,0.0,48.62552183750089,0.0,0.0,38.394910120795046
2050-05-04 11:00:00,0.0,37.06343663948428,0.0,48.62552183750089,0.0,0.0,38.394910120795046
2050-05-04 12:00:00,0.0,26.8467244681201,0.0,48.62552183750089,0.0,0.0,38.394910120795046
2050-05-04 13:00:00,0.0,34.59536934734683,0.0,45.96855479803048,0.0,0.0,38.394910120795046
2050-05-04 14:00:00,0.0,34.61934120690944,0.0,21.827614184834353,0.0,0.0,22.273075698810565
2050-05-04 15:00:00,0.0,35.98232235034925,0.0,0.0,0.0,0.0,0.0
2050-05-04 16:00:00,0.0,36.40093768868587,0.0,0.0,0.0,0.0,0.0
2050-05-04 17:00:00,0.0,37.33708892187724,0.0,0.0,0.0,0.0,0.0
2050-05-04 18:00:00,0.0,36.611447444332725,0.0,0.0,0.0,0.0,0.0
2050-05-04 19:00:00,0.0,39.81495994275656,0.0,0.0,0.0,0.0,0.0
2050-05-04 20:00:00,0.0,40.61764773336381,0.0,0.0,0.0,0.0,0.0
2050-05-04 21:00:00,0.0,42.44009409947216,0.0,0.0,0.0,0.0,0.0
2050-05-04 22:00:00,0.0,41.93072395412196,0.0,12.204278149083775,0.0,0.0,23.68192864711027
2050-05-04 23:00:00,0.0,43.63336205351152,0.0,48.62552183750089,0.0,0.0,38.394910120795046
2050-05-05 00:00:00,0.0,44.39624866290342,0.0,35.17342721677004,0.0,0.0,35.89125226201024
2050-05-05 01:00:00,0.0,44.730117367566436,0.0,14.630353922052135,0.0,0.0,14.928932573522589
2050-05-05 02:00:00,0.0,44.78128066405043,0.0,0.0,0.0,0.0,0.0
2050-05-05 03:00:00,0.0,42.83274787370965,0.0,0.0,0.0,0.0,0.0
2050-05-05 04:00:00,0.0,43.76466768971545,0.0,0.0,0.0,0.0,0.0
2050-05-05 05:00:00,0.0,42.568083224837665,0.0,0.0,0.0,0.0,0.0
2050-05-05 06:00:00,0.0,39.907030087532576,0.0,0.0,0.0,0.0,0.0
2050-05-05 07:00:00,0.0,39.684333854584565,0.0,0.0,0.0,0.0,0.0
2050-05-05 08:00:00,0.0,38.541728760520755,0.0,0.0,0.0,0.0,0.0
2050-05-05 09:00:00,0.0,37.24015681306332,0.0,0.0,0.0,0.0,0.0
2050-05-05 10:00:00,0.0,34.93221354722982,0.0,0.0,0.0,0.0,0.0
2050-05-05 11:00:00,0.0,35.68948888446312,0.0,0.0,0.0,0.0,0.0
2050-05-05 12:00:00,0.0,35.80390842494512,0.0,0.0,0.0,0.0,0.0
2050-05-05 13:00:00,0.0,33.80288974498603,0.0,0.0,0.0,0.0,0.0
2050-05-05 14:00:00,0.0,35.34156350640842,0.0,0.0,0.0,0.0,0.0
2050-05-05 15:00:00,0.0,36.881820388386814,0.0,0.0,0.0,0.0,0.0
2050-05-05 16:00:00,0.0,36.01693300852344,0.0,0.0,0.0,0.0,0.0
2050-05-05 17:00:00,0.0,38.386885506129374,0.0,0.0,0.0,0.0,0.0
2050-05-05 18:00:00,0.0,40.23353367179152,0.0,0.0,0.0,0.0,0.0
2050-05-05 19:00:00,0.0,39.7856825870449,0.0,0.0,0.0,0.0,0.0
2050-05-05 20:00:00,0.0,41.795894181882886,0.0,0.0,0.0,0.0,0.0
2050-05-05 21:00:00,0.0,43.20501993039966,0.0,0.0,0.0,0.0,0.0
2050-05-05 22:00:00,0.0,42.62636506124841,0.0,0.0,0.0,0.0,0.0
2050-05-05 23:00:00,0.0,44.11172776593344,0.0,0.0,0.0,0.0,0.0
2050-05-06 00:00:00,0.0,45.26134029120635,0.0,0.0,0.0,0.0,0.0
2050-05-06 01:00:00,0.0,45.29490511257336,0.0,0.0,0.0,0.0,0.0
2050-05-06 02:00:00,0.0,44.387234168425266,0.0,0.0,0.0,0.0,0.0
2050-05-06 03:00:00,0.0,43.532991566044984,0.0,0.0,0.0,0.0,0.0
2050-05-06 04:00:00,0.0,44.35498228994652,0.0,0.0,0.0,0.0,0.0
2050-05-06 05:00:00,0.0,44.03327902022738,0.0,0.0,0.0,0.0,0.0
2050-05-06 06:00:00,0.0,41.62575848566917,0.0,0.0,0.0,0.0,0.0
2050-05-06 07:00:00,0.0,40.353418858845316,0.0,0.0,0.0,0.0,0.0
2050-05-06 08:00:00,0.0,37.81794322646738,0.0,0.0,0.0,0.0,0.0
2050-05-06 09:00:00,0.0,36.70478756202533,0.0,0.0,0.0,0.0,0.0
2050-05-06 10:00:00,0.0,36.0112179054297,0.0,0.0,0.0,0.0,0.0
2050-05-06 11:00:00,0.0,36.08091713264571,0.0,0.0,0.0,0.0,0.0
2050-05-06 12:00:00,0.0,35.772188983421074,0.0,0.0,0.0,0.0,0.0
2050-05-06 13:00:00,0.0,35.169448543622366,0.0,0.0,0.0,0.0,0.0
2050-05-06 14:00:00,0.0,34.880637813161,0.0,0.0,0.0,0.0,0.0
2050-05-06 15:00:00,0.0,35.63784883357198,0.0,0.0,0.0,0.0,0.0
2050-05-06 16:00:00,0.0,36.7420949510863,0.0,0.0,0.0,0.0,0.0
2050-05-06 17:00:00,0.0,37.17364652705669,0.0,0.0,0.0,0.0,0.0
2050-05-06 18:00:00,0.0,38.02374561270585,0.0,0.0,0.0,0.0,0.0
2050-05-06 19:00:00,0.0,41.3168990428278,0.0,0.0,0.0,0.0,0.0
2050-05-06 20:00:00,0.0,40.15762406436784,0.0,0.0,0.0,0.0,0.0
2050-05-06 21:00:00,0.0,42.080511005256085,0.0,0.0,0.0,0.0,0.0
2050-05-06 22:00:00,0.0,44.50323267176054,0.0,0.0,0.0,0.0,0.0
2050-05-06 23:00:00,0.0,43.936490277628536,0.0,0.0,0.0,0.0,0.0
2050-05-07 00:00:00,0.0,42.881157767751574,0.0,0.0,0.0,0.0,0.0
2050-05-07 01:00:00,0.0,42.500763058818166,0.0,0.0,0.0,0.0,0.0
2050-05-07 02:00:00,0.0,41.23420002722128,0.0,0.0,0.0,0.0,0.0
2050-05-07 03:00:00,0.0,41.153243016236274,0.0,0.0,0.0,0.0,0.0
2050-05-07 04:00:00,0.0,39.840084551617565,0.0,0.0,0.0,0.0,0.0
2050-05-07 05:00:00,0.0,40.018925499271745,21.1422164242003,0.0,0.0,14.799551496940207,0.0
2050-05-07 06:00:00,0.0,39.12199764484217,37.7380692639674,0.0,0.0,20.247789336177995,0.0
2050-05-07 07:00:00,0.0,36.926732340606804,20.11716373879016,0.0,0.0,20.247789336177995,0.0
2050-05-07 08:00:00,0.0,36.7268342302948,28.92541333739714,0.0,0.0,20.247789336177995,0.0
2050-05-07 09:00:00,0.0,34.8705281730638,37.7380692639674,0.0,0.0,20.247789336177995,0.0
2050-05-07 10:00:00,0.0,32.336130050327256,20.11716373879016,0.0,0.0,20.247789336177995,0.0
2050-05-07 11:00:00,0.0,32.142194582384036,33.76944195281521,0.0,0.0,20.247789336177995,0.0
2050-05-07 12:00:00,0.0,33.486629931791185,37.7380692639674,0.0,0.0,20.247789336177995,0.0
2050-05-07 13:00:00,0.0,33.84677617979355,37.7380692639674,0.0,0.0,20.247789336177995,0.0
2050-05-07 14:00:00,0.0,34.3368602262035,37.7380692639674,0.0,0.0,20.247789336177995,0.0
2050-05-07 15:00:00,0.0,32.77979893653492,37.7380692639674,0.0,0.0,20.247789336177995,0.0
2050-05-07 16:00:00,0.0,34.760159448691184,37.7380692639674,0.0,0.0,20.247789336177995,0.0
2050-05-07 17:00:00,0.0,35.1320201133949,37.7380692639674,0.0,0.0,0.0,0.0
2050-05-07 18:00:00,0.0,36.21353009953191,37.7380692639674,0.0,0.0,20.247789336177995,0.0
2050-05-07 19:00:00,0.0,36.09075721062845,37.7380692639674,0.0,0.0,20.247789336177995,0.0
2050-05-07 20:00:00,0.0,39.22525133901058,37.7380692639674,0.0,0.0,20.247789336177995,0.0
2050-05-07 21:00:00,0.0,39.649648614235275,37.7380692639674,0.0,0.0,20.247789336177995,0.0
2050-05-07 22:00:00,0.0,40.61666385495619,13.733758325026393,0.0,0.0,0.0,0.0
2050-05-07 23:00:00,0.0,42.043478011878506,1.6333092514253664,0.0,0.0,20.247789336177995,0.0
2050-05-08 00:00:00,0.0,42.073005099977536,22.23233600758863,0.0,0.0,20.247789336177995,0.0
2050-05-08 01:00:00,0.0,40.9644300561672,17.559732257928342,0.0,0.0,20.247789336177995,0.0
2050-05-08 02:00:00,0.0,43.18129131976002,0.0,0.0,0.0,20.247789336177995,0.0
2050-05-08 03:00:00,0.0,39.9143815423065,0.0,0.0,0.0,20.247789336177995,0.0
2050-05-08 04:00:00,0.0,40.63642689990115,9.26633175886397,0.0,0.0,20.247789336177995,0.0
2050-05-08 05:00:00,0.0,39.414004228391605,16.766709530369184,0.0,0.0,20.247789336177995,0.0
2050-05-08 06:00:00,0.0,39.863424594069556,23.783939041495266,0.0,0.0,16.648757329046685,0.0
2050-05-08 07:00:00,0.0,36.89771665216017,27.6321125684032,0.0,0.0,0.0,0.0
2050-05-08 08:00:00,0.0,35.17822336693348,25.80121977459379,0.0,0.0,20.247789336177995,0.0
2050-05-08 09:00:00,0.0,35.52503566356336,25.727843827099996,0.0,0.0,17.66117941582423,0.0
2050-05-08 10:00:00,0.0,33.46857505372486,29.469249026668933,0.0,0.0,20.247789336177995,0.0
2050-05-08 11:00:00,0.0,31.95785245312345,10.506946460026171,0.0,0.0,20.247789336177995,0.0
2050-05-08 12:00:00,0.0,32.388584841557986,21.849386008832106,0.0,0.0,20.247789336177995,0.0
2050-05-08 13:00:00,0.0,32.926172844914845,30.519267755592153,0.0,0.0,20.247789336177995,0.0
2050-05-08 14:00:00,0.0,32.489924553032324,27.332355846411218,0.0,0.0,20.247789336177995,0.0
2050-05-08 15:00:00,0.0,34.73743090209632,28.92541333739714,0.0,0.0,20.247789336177995,0.0
2050-05-08 16:00:00,0.0,33.56979100285889,28.92541333739714,0.0,0.0,20.247789336177995,0.0
2050-05-08 17:00:00,0.0,34.665951382708954,28.92541333739714,0.0,0.0,20.247789336177995,0.0
2050-05-08 18:00:00,0.0,35.86794222680578,34.8066087345871,0.0,0.0,20.247789336177995,0.0
2050-05-08 19:00:00,0.0,37.71491106028293,37.7380692639674,0.0,0.0,20.247789336177995,0.0
2050-05-08 20:00:00,0.0,39.2347560643193,37.7380692639674,0.0,0.0,20.247789336177995,0.0
2050-05-08 21:00:00,0.0,39.37248292266622,37.7380692639674,0.0,0.0,20.247789336177995,0.0
2050-05-08 22:00:00,0.0,40.70249128847627,17.8982851017658,0.0,0.0,20.247789336177995,0.0
2050-05-08 23:00:00,0.0,39.928388845725294,31.23113038337746,0.0,0.0,20.247789336177995,0.0
2050-05-09 00:00:00,0.0,45.35812517641784,37.7380692639674,0.0,0.0,20.247789336177995,0.0
2050-05-09 01:00:00,0.0,44.99577036628625,37.7380692639674,0.0,0.0,20.247789336177995,0.0
2050-05-09 02:00:00,0.0,44.71688947256985,37.7380692639674,0.0,0.0,20.247789336177995,0.0
2050-05-09 03:00:00,0.0,44.82677342641455,37.7380692639674,0.0,0.0,20.247789336177995,0.0
2050-05-09 04:00:00,0.0,43.606460546462586,37.7380692639674,0.0,0.0,20.247789336177995,0.0
2050-05-09 05:00:00,0.0,41.659151958339635,37.7380692639674,0.0,0.0,20.247789336177995,0.0
2050-05-09 06:00:00,0.0,40.72969558313844,37.7380692639674,0.0,0.0,20.247789336177995,0.0
2050-05-09 07:00:00,0.0,40.29835911306964,37.7380692639674,0.0,0.0,20.247789336177995,0.0
2050-05-09 08:00:00,0.0,39.53902586433583,37.7380692639674,0.0,0.0,20.247789336177995,0.0
2050-05-09 09:00:00,0.0,36.616631696318564,37.7380692639674,0.0,0.0,20.247789336177995,0.0
2050-05-09 10:00:00,0.0,36.629944988401576,37.7380692639674,0.0,0.0,20.247789336177995,0.0
2050-05-09 11:00:00,0.0,34.89771974795576,37.7380692639674,0.0,0.0,20.247789336177995,0.0
2050-05-09 12:00:00,0.0,36.318368982160564,37.7380692639674,0.0,0.0,20.247789336177995,0.0
2050-05-09 13:00:00,0.0,35.85186521567971,37.7380692639674,0.0,0.0,20.247789336177995,0.0
2050-05-09 14:00:00,0.0,34.53813459575258,37.7380692639674,0.0,0.0,20.247789336177995,0.0
2050-05-09 15:00:00,0.0,36.77550104188413,37.7380692639674,0.0,0.0,20.247789336177995,0.0
2050-05-09 16:00:00,0.0,35.79766240703361,37.7380692639674,0.0,0.0,20.247789336177995,0.0
2050-05-09 17:00:00,0.0,37.245092366708604,37.7380692639674,0.0,0.0,20.247789336177995,0.0
2050-05-09 18:00:00,0.0,39.17403281053225,37.7380692639674,0.0,0.0,20.247789336177995,0.0
2050-05-09 19:00:00,0.0,41.25564673003419,37.7380692639674,0.0,0.0,20.247789336177995,0.0
2050-05-09 20:00:00,0.0,40.2454831210116,17.24631500841282,0.0,0.0,20.247789336177995,0.0
2050-05-09 21:00:00,0.0,43.350250814969286,0.0,0.0,0.0,20.247789336177995,0.0
2050-05-09 22:00:00,0.0,43.38365080169592,0.0,6.287349818241613,0.0,20.247789336177995,0.0
2050-05-09 23:00:00,0.0,43.72781627058862,0.0,6.640636701497829,0.0,20.247789336177995,0.0
2050-05-10 00:00:00,0.0,44.30649151129296,0.0,0.0,0.0,20.247789336177995,0.0
2050-05-10 01:00:00,0.0,44.79374939969989,11.97089097923013,0.0,0.0,20.247789336177995,0.0
2050-05-10 02:00:00,0.0,44.397458396764705,1.1594930825093712,0.0,0.0,20.247789336177995,0.0
2050-05-10 03:00:00,0.0,43.8167557853842,21.182588185398117,0.0,0.0,20.247789336177995,0.0
2050-05-10 04:00:00,0.0,43.53682722319468,28.92541333739714,0.0,0.0,20.247789336177995,0.0
2050-05-10 05:00:00,0.0,42.01402701635243,28.92541333739714,0.0,0.0,20.247789336177995,0.0
2050-05-10 06:00:00,0.0,42.41565246791811,28.92541333739714,0.0,0.0,20.247789336177995,0.0
2050-05-10 07:00:00,0.0,41.2509361258235,28.92541333739714,0.0,0.0,20.247789336177995,0.0
2050-05-10 08:00:00,0.0,39.232234477159636,28.92541333739714,0.0,0.0,20.247789336177995,0.0
2050-05-10 09:00:00,0.0,37.78700258219055,28.92541333739714,0.0,0.0,20.247789336177995,0.0
2050-05-10 10:00:00,0.0,37.500102700144225,37.7380692639674,0.0,0.0,20.247789336177995,0.0
2050-05-10 11:00:00,0.0,35.32688036339778,33.41542684014023,0.0,0.0,20.247789336177995,0.0
2050-05-10 12:00:00,0.0,35.73092223923686,37.7380692639674,0.0,0.0,20.247789336177995,0.0
2050-05-10 13:00:00,0.0,35.486323481673026,37.7380692639674,0.0,0.0,20.247789336177995,0.0
2050-05-10 14:00:00,0.0,36.537923428810245,37.7380692639674,0.0,0.0,20.247789336177995,0.0
2050-05-10 15:00:00,0.0,34.91744203850362,37.7380692639674,0.0,0.0,20.247789336177995,0.0
2050-05-10 16:00:00,0.0,36.96416571984196,37.7380692639674,0.0,0.0,20.247789336177995,0.0
2050-05-10 17:00:00,0.0,38.536601677196586,37.7380692639674,0.0,0.0,20.247789336177995,0.0
2050-05-10 18:00:00,0.0,38.74071315797755,37.7380692639674,0.0,0.0,20.247789336177995,0.0
2050-05-10 19:00:00,0.0,40.34636281286453,37.7380692639674,0.0,0.0,20.247789336177995,0.0
2050-05-10 20:00:00,0.0,41.3018105991091,37.7380692639674,0.0,0.0,20.247789336177995,0.0
2050-05-10 21:00:00,0.0,41.149678847320956,37.7380692639674,0.0,0.0,20.247789336177995,0.0
2050-05-10 22:00:00,0.0,42.55681412904232,37.7380692639674,0.0,0.0,20.247789336177995,0.0
2050-05-10 23:00:00,0.0,44.4331171137751,37.7380692639674,0.0,0.0,20.247789336177995,0.0
2050-05-11 00:00:00,0.0,46.21211266640012,37.7380692639674,0.0,0.0,20.247789336177995,0.0
2050-05-11 01:00:00,0.0,43.41158451152819,37.7380692639674,0.0,0.0,20.247789336177995,0.0
2050-05-11 02:00:00,0.0,44.412336972935464,37.7380692639674,0.0,0.0,20.247789336177995,0.0
2050-05-11 03:00:00,0.0,45.46201302927375,37.7380692639674,0.0,0.0,20.247789336177995,0.0
2050-05-11 04:00:00,0.0,43.62718820430132,37.7380692639674,0.0,0.0,20.247789336177995,0.0
2050-05-11 05:00:00,0.0,42.629677802776314,37.7380692639674,0.0,0.0,20.247789336177995,0.0
2050-05-11 06:00:00,0.0,41.37486673769945,37.7380692639674,0.0,0.0,20.247789336177995,0.0
2050-05-11 07:00:00,0.0,39.45463367799084,37.7380692639674,0.0,0.0,20.247789336177995,0.0
2050-05-11 08:00:00,0.0,37.468715197570646,37.7380692639674,0.0,0.0,20.247789336177995,0.0
2050-05-11 09:00:00,0.0,38.13302984455436,37.7380692639674,0.0,0.0,20.247789336177995,0.0
2050-05-11 10:00:00,0.0,37.459928092710925,29.748955539876164,0.0,0.0,20.247789336177995,0.0
2050-05-11 11:00:00,0.0,37.44595685558761,15.103432569026793,0.0,0.0,20.247789336177995,0.0
2050-05-11 12:00:00,0.0,36.21407053603093,3.9032454233764184,0.0,0.0,20.247789336177995,0.0
2050-05-11 13:00:00,0.0,33.38694836025047,0.0,0.0,0.0,20.247789336177995,0.0
2050-05-11 14:00:00,0.0,35.54761215299459,26.296064491436535,0.0,0.0,20.247789336177995,0.0
2050-05-11 15:00:00,0.0,35.374798085605335,37.7380692639674,0.0,0.0,20.247789336177995,0.0
2050-05-11 16:00:00,0.0,36.90738394843106,21.66060571824858,0.0,0.0,20.247789336177995,0.0
2050-05-11 17:00:00,0.0,38.23796109009618,17.715471529769637,0.0,0.0,20.247789336177995,0.0
2050-05-11 18:00:00,0.0,37.871283475483324,1.9989326763019477,0.0,0.0,20.247789336177995,0.0
2050-05-11 19:00:00,0.0,40.69328932143071,0.0,0.0,0.0,20.247789336177995,0.0
2050-05-11 20:00:00,0.0,41.517144235078376,3.9897829206107946,0.0,0.0,20.247789336177995,0.0
2050-05-11 21:00:00,0.0,43.269240783268515,24.948441676615413,0.0,0.0,20.247789336177995,0.0
2050-05-11 22:00:00,0.0,44.01062614580974,0.0,0.0,0.0,20.247789336177995,0.0
2050-05-11 23:00:00,0.0,44.86235371361431,16.698099766193238,0.0,0.0,20.247789336177995,0.0
2050-05-12 00:00:00,0.0,43.81573180811006,28.92541333739714,0.0,0.0,20.247789336177995,0.0
2050-05-12 01:00:00,0.0,44.95276304338881,37.7380692639674,0.0,0.0,20.247789336177995,0.0
2050-05-12 02:00:00,0.0,45.5785656890846,20.11716373879016,0.0,0.0,20.247789336177995,0.0
2050-05-12 03:00:00,0.0,44.0553202770634,37.7380692639674,0.0,0.0,20.247789336177995,0.0
2050-05-12 04:00:00,0.0,44.675203391067726,37.7380692639674,0.0,0.0,20.247789336177995,0.0
2050-05-12 05:00:00,0.0,41.505896667388015,37.7380692639674,0.0,0.0,20.247789336177995,0.0
2050-05-12 06:00:00,0.0,41.43082957924844,31.093455471734114,0.0,0.0,20.247789336177995,0.0
2050-05-12 07:00:00,0.0,40.71673282657662,37.7380692639674,0.0,0.0,20.247789336177995,0.0
2050-05-12 08:00:00,0.0,39.972084190065516,36.49326378838073,0.0,0.0,20.247789336177995,0.0
2050-05-12 09:00:00,0.0,37.521125094856416,12.35020916761421,0.0,0.0,20.247789336177995,0.0
2050-05-12 10:00:00,0.0,39.03112570436656,0.6101374101392913,0.0,0.0,20.247789336177995,0.0
2050-05-12 11:00:00,0.0,36.33726489641822,28.92541333739714,0.0,0.0,20.247789336177995,0.0
2050-05-12 12:00:00,0.0,34.91852170197035,28.92541333739714,0.0,0.0,20.247789336177995,0.0
2050-05-12 13:00:00,0.0,34.35854348551288,37.7380692639674,0.0,0.0,20.247789336177995,0.0
2050-05-12 14:00:00,0.0,34.81416775134994,23.47697034805214,0.0,0.0,20.247789336177995,0.0
2050-05-12 15:00:00,0.0,35.729000862678504,25.567286631439785,0.0,0.0,20.247789336177995,0.0
2050-05-12 16:00:00,0.0,36.95936538978526,32.955566944596654,0.0,0.0,20.247789336177995,0.0
2050-05-12 17:00:00,0.0,37.520690996393796,24.897274807001217,0.0,0.0,20.247789336177995,0.0
2050-05-12 18:00:00,0.0,40.40417856904037,28.92541333739714,0.0,0.0,20.247789336177995,0.0
2050-05-12 19:00:00,0.0,41.463377252527835,28.92541333739714,0.0,0.0,20.247789336177995,0.0
2050-05-12 20:00:00,0.0,42.364495153629605,37.485026664146126,0.0,0.0,20.247789336177995,0.0
2050-05-12 21:00:00,0.0,44.34631028296849,37.7380692639674,0.0,0.0,20.247789336177995,0.0
2050-05-12 22:00:00,0.0,43.16301683377969,24.120739807804043,0.0,0.0,20.247789336177995,0.0
2050-05-12 23:00:00,0.0,43.96808569980635,37.7380692639674,0.0,0.0,20.247789336177995,0.0
2050-05-13 00:00:00,0.0,45.12638980261727,37.7380692639674,0.0,0.0,20.247789336177995,0.0
2050-05-13 01:00:00,0.0,45.18311815905099,37.7380692639674,0.0,0.0,20.247789336177995,0.0
2050-05-13 02:00:00,0.0,45.13123434654517,37.7380692639674,0.0,0.0,20.247789336177995,0.0
2050-05-13 03:00:00,0.0,46.15147538988708,37.7380692639674,0.0,0.0,20.247789336177995,0.0
2050-05-13 04:00:00,0.0,45.14969110016955,37.7380692639674,0.0,0.0,20.247789336177995,0.0
2050-05-13 05:00:00,0.0,42.87965649187686,37.7380692639674,0.0,0.0,20.247789336177995,0.0
2050-05-13 06:00:00,0.0,40.82831792926049,37.7380692639674,0.0,0.0,20.247789336177995,0.0
2050-05-13 07:00:00,0.0,39.01863096862144,37.7380692639674,0.0,0.0,20.247789336177995,0.0
2050-05-13 08:00:00,0.0,39.81304708141511,37.7380692639674,0.0,0.0,20.247789336177995,0.0
2050-05-13 09:00:00,0.0,39.708395647746556,37.7380692639674,0.0,0.0,20.247789336177995,0.0
2050-05-13 10:00:00,0.0,37.354299513611295,37.7380692639674,0.0,0.0,20.247789336177995,0.0
2050-05-13 11:00:00,0.0,35.897027730829905,37.7380692639674,0.0,0.0,20.247789336177995,0.0
2050-05-13 12:00:00,0.0,35.275699284315806,37.7380692639674,0.0,0.0,20.247789336177995,0.0
2050-05-13 13:00:00,0.0,34.91314533207651,37.7380692639674,0.0,0.0,20.247789336177995,0.0
2050-05-13 14:00:00,0.0,36.03522934475836,37.7380692639674,0.0,0.0,20.247789336177995,0.0
2050-05-13 15:00:00,0.0,35.90842255728262,37.7380692639674,0.0,0.0,20.247789336177995,0.0
2050-05-13 16:00:00,0.0,37.83999477208977,37.7380692639674,0.0,0.0,20.247789336177995,0.0
2050-05-13 17:00:00,0.0,36.19057836191905,37.7380692639674,0.0,0.0,20.247789336177995,0.0
2050-05-13 18:00:00,0.0,38.719154774202025,37.7380692639674,0.0,0.0,20.247789336177995,0.0
2050-05-13 19:00:00,0.0,40.772851854146666,37.7380692639674,0.0,0.0,20.247789336177995,0.0
2050-05-13 20:00:00,0.0,41.199499916738205,37.7380692639674,0.0,0.0,20.247789336177995,0.0
2050-05-13 21:00:00,0.0,42.36931177431461,37.7380692639674,0.0,0.0,20.247789336177995,0.0
2050-05-13 22:00:00,0.0,43.88843980932984,37.7380692639674,0.0,0.0,20.247789336177995,0.0
2050-05-13 23:00:00,0.0,44.52488834505584,37.7380692639674,0.0,0.0,20.247789336177995,0.0
2050-05-14 00:00:00,0.0,41.20695491790116,37.7380692639674,0.0,0.0,20.247789336177995,0.0
2050-05-14 01:00:00,0.0,42.428821159587415,37.7380692639674,0.0,0.0,20.247789336177995,0.0
2050-05-14 02:00:00,0.0,41.778771181348475,37.7380692639674,0.0,0.0,20.247789336177995,0.0
2050-05-14 03:00:00,0.0,42.103015196903925,37.7380692639674,0.0,0.0,20.247789336177995,0.0
2050-05-14 04:00:00,0.0,39.86323566078545,37.7380692639674,0.0,0.0,20.247789336177995,0.0
2050-05-14 05:00:00,0.0,40.1413036419076,37.7380692639674,0.0,0.0,20.247789336177995,0.0
2050-05-14 06:00:00,0.0,37.888321129674296,37.7380692639674,0.0,0.0,20.247789336177995,0.0
2050-05-14 07:00:00,0.0,36.75612440327063,35.94137704823298,0.0,0.0,20.247789336177995,0.0
2050-05-14 08:00:00,0.0,36.54387805144893,24.431377058893396,0.0,0.0,20.247789336177995,0.0
2050-05-14 09:00:00,0.0,35.40312134770011,31.832150776321065,0.0,0.0,20.247789336177995,0.0
2050-05-14 10:00:00,0.0,35.95067140869219,37.7380692639674,0.0,0.0,20.247789336177995,0.0
2050-05-14 11:00:00,0.0,33.99721262258504,37.7380692639674,0.0,0.0,20.247789336177995,0.0
2050-05-14 12:00:00,0.0,34.40285113132586,37.7380692639674,0.0,0.0,20.247789336177995,0.0
2050-05-14 13:00:00,0.0,34.578719189776166,37.7380692639674,0.0,0.0,20.247789336177995,0.0
2050-05-14 14:00:00,0.0,32.805849996451116,37.7380692639674,0.0,0.0,20.247789336177995,0.0
2050-05-14 15:00:00,0.0,34.43167301233029,37.7380692639674,0.0,0.0,20.247789336177995,0.0
2050-05-14 16:00:00,0.0,34.78170159347701,37.7380692639674,0.0,0.0,20.247789336177995,0.0
2050-05-14 17:00:00,0.0,34.67228814273017,37.7380692639674,0.0,0.0,20.247789336177995,0.0
2050-05-14 18:00:00,0.0,36.74500074895468,37.7380692639674,0.0,0.0,20.247789336177995,0.0
2050-05-14 19:00:00,0.0,37.42869730218035,37.7380692639674,0.0,0.0,20.247789336177995,0.0
2050-05-14 20:00:00,0.0,37.6699658078835,37.7380692639674,0.0,0.0,20.247789336177995,0.0
2050-05-14 21:00:00,0.0,40.55759630600551,28.145602159296377,0.0,0.0,19.564638088500203,0.0
2050-05-14 22:00:00,0.0,41.39182603472,0.0,20.56477594338809,0.0,0.0,0.0
2050-05-14 23:00:00,0.0,41.84385527864788,0.0,28.86568895339441,0.0,0.0,11.691938725503745
2050-05-15 00:00:00,0.0,42.17353116490972,0.0,22.946267060259824,0.0,0.0,0.0
2050-05-15 01:00:00,0.0,42.56984012865064,0.0,27.638349311374704,0.0,0.0,0.0
2050-05-15 02:00:00,0.0,42.735329344431875,0.0,38.44867357835909,0.0,0.0,0.0
2050-05-15 03:00:00,0.0,40.21836151498155,0.0,39.585163126613054,0.0,0.0,0.0
2050-05-15 04:00:00,0.0,41.85696107816716,0.0,45.05745398092049,0.0,0.0,0.0
2050-05-15 05:00:00,0.0,39.39605466447529,0.0,43.891122273075425,0.0,0.0,0.0
2050-05-15 06:00:00,0.0,40.013447401405756,0.0,47.67646146981651,0.0,0.0,38.394910120795046
2050-05-15 07:00:00,0.0,37.832351023623005,0.0,45.85172677309945,0.0,0.0,38.394910120795046
2050-05-15 08:00:00,0.0,36.610462752002604,0.0,24.75431541948748,0.0,0.0,38.394910120795046
2050-05-15 09:00:00,0.0,35.57922719648195,0.0,44.86192709145519,0.0,0.0,36.25318212994886
2050-05-15 10:00:00,0.0,35.97040870562387,0.0,2.377269964339083,0.0,0.0,0.0
2050-05-15 11:00:00,0.0,34.96608238753015,0.0,1.1528386487463522,0.0,0.0,0.0
2050-05-15 12:00:00,0.0,33.35836580300838,0.0,0.0,0.0,0.0,0.0
2050-05-15 13:00:00,0.0,33.349177640987136,0.0,0.0,0.0,0.0,0.0
2050-05-15 14:00:00,0.0,33.906225940737386,0.0,0.0,0.0,0.0,0.0
2050-05-15 15:00:00,0.0,33.90785420755924,35.758488945510216,0.0,0.0,0.0,38.394910120795046
2050-05-15 16:00:00,0.0,34.7447455867366,37.7380692639674,0.0,0.0,0.0,0.0
2050-05-15 17:00:00,0.0,35.261440357537595,1.9908730894474402,0.0,0.0,0.0,0.0
2050-05-15 18:00:00,0.0,37.990809357589114,24.19640380092174,0.0,0.0,0.0,38.394910120795046
2050-05-15 19:00:00,0.0,36.96787723772832,11.216760258770046,0.0,0.0,0.0,38.394910120795046
2050-05-15 20:00:00,0.0,37.90275582940558,0.0,0.0,0.0,0.0,38.394910120795046
2050-05-15 21:00:00,0.0,39.29308438175531,0.0,0.0,0.0,0.0,0.0
2050-05-15 22:00:00,0.0,40.67256950053002,0.0,0.0,0.0,0.0,0.0
2050-05-15 23:00:00,0.0,41.76123114152233,0.0,0.0,0.0,0.0,0.0
2050-05-16 00:00:00,0.0,44.643637988872115,0.0,0.0,0.0,0.0,0.0
2050-05-16 01:00:00,0.0,46.4903452733281,0.0,0.0,0.0,0.0,0.0
2050-05-16 02:00:00,0.0,43.852464681589936,0.0,0.0,0.0,0.0,38.394910120795046
2050-05-16 03:00:00,0.0,43.92024565435668,0.0,2.5367750111199037,0.0,0.0,0.0
2050-05-16 04:00:00,0.0,44.8919628912131,0.0,23.398259006255103,0.0,0.0,36.70532690265029
2050-05-16 05:00:00,0.0,42.61762605566696,0.0,28.80353527378059,0.0,0.0,29.53144764978353
2050-05-16 06:00:00,0.0,41.900107044340075,0.0,41.42915045409781,0.0,0.0,38.394910120795046
2050-05-16 07:00:00,0.0,41.47602021262037,0.0,38.90669306826413,0.0,0.0,38.394910120795046
2050-05-16 08:00:00,0.0,38.73827996351952,0.0,28.618574091870006,0.0,0.0,15.897434435800514
2050-05-16 09:00:00,0.0,38.25897619796933,0.0,18.970881171040553,0.0,0.0,38.394910120795046
2050-05-16 10:00:00,0.0,36.55033147838935,0.0,40.65929257244271,0.0,0.0,38.394910120795046
2050-05-16 11:00:00,0.0,35.16291323734686,0.0,45.53559824021199,0.0,0.0,38.394910120795046
2050-05-16 12:00:00,0.0,35.26155983814647,0.0,48.62552183750089,0.0,0.0,38.394910120795046
2050-05-16 13:00:00,0.0,35.50829480602283,0.0,47.11938638762399,0.0,0.0,38.394910120795046
2050-05-16 14:00:00,0.0,36.553097601731906,0.0,39.455904312517376,0.0,0.0,38.394910120795046
2050-05-16 15:00:00,0.0,36.82018868467753,0.0,33.161492901357,0.0,0.0,38.394910120795046
2050-05-16 16:00:00,0.0,37.51605691407485,0.0,42.97153955875625,0.0,0.0,18.089328727597803
2050-05-16 17:00:00,0.0,38.480292787524604,0.0,8.448837040011366,0.0,0.0,38.394910120795046
2050-05-16 18:00:00,0.0,39.02062039013708,0.0,11.636998789228025,0.0,0.0,38.394910120795046
2050-05-16 19:00:00,0.0,40.46780241522538,0.0,48.62552183750089,0.0,0.0,38.394910120795046
2050-05-16 20:00:00,0.0,41.48711656868545,0.0,48.62552183750089,0.0,0.0,38.394910120795046
2050-05-16 21:00:00,0.0,43.03695405509552,0.0,48.62552183750089,0.0,0.0,38.394910120795046
2050-05-16 22:00:00,0.0,45.63475669416857,0.0,48.62552183750089,0.0,0.0,38.394910120795046
2050-05-16 23:00:00,0.0,44.88141194469631,0.0,48.62552183750089,0.0,0.0,38.394910120795046
2050-05-17 00:00:00,0.0,45.284811835691016,0.0,48.62552183750089,0.0,0.0,38.394910120795046
2050-05-17 01:00:00,0.0,46.1260619002162,0.0,48.62552183750089,0.0,0.0,38.394910120795046
2050-05-17 02:00:00,0.0,45.39968524691085,0.0,48.62552183750089,0.0,0.0,0.0
2050-05-17 03:00:00,0.0,43.778056828286935,0.0,48.62552183750089,0.0,0.0,38.394910120795046
2050-05-17 04:00:00,0.0,43.8238484099038,0.0,48.62552183750089,0.0,0.0,0.0
2050-05-17 05:00:00,0.0,27.02432716840576,0.0,48.62552183750089,0.0,0.0,38.394910120795046
2050-05-17 06:00:00,0.0,42.1088532646927,0.0,48.62552183750089,0.0,0.0,38.394910120795046
2050-05-17 07:00:00,0.0,33.68131647477412,0.0,48.62552183750089,0.0,0.0,38.33750143309014
2050-05-17 08:00:00,0.0,26.90341702102296,0.0,48.62552183750089,0.0,0.0,38.394910120795046
2050-05-17 09:00:00,0.0,37.54777623167638,0.0,48.62552183750089,0.0,0.0,38.394910120795046
2050-05-17 10:00:00,0.0,36.83897263560152,0.0,48.62552183750089,0.0,0.0,38.394910120795046
2050-05-17 11:00:00,0.0,26.790580587858585,0.0,48.62552183750089,0.0,0.0,38.394910120795046
2050-05-17 12:00:00,0.0,35.171725445588436,0.0,48.62552183750089,0.0,0.0,38.394910120795046
2050-05-17 13:00:00,0.0,35.90737581401254,0.0,28.163486027296287,0.0,0.0,28.73825104826152
2050-05-17 14:00:00,0.0,36.46693226016578,13.799323383065182,0.0,0.0,9.659526368145627,0.0
2050-05-17 15:00:00,0.0,33.74625948656444,37.7380692639674,0.0,0.0,20.247789336177995,0.0
2050-05-17 16:00:00,0.0,37.98639023399778,37.7380692639674,0.0,0.0,20.247789336177995,0.0
2050-05-17 17:00:00,0.0,38.41174089181436,37.7380692639674,0.0,0.0,20.247789336177995,0.0
2050-05-17 18:00:00,0.0,39.42311426112428,37.7380692639674,0.0,0.0,20.247789336177995,0.0
2050-05-17 19:00:00,0.0,41.093786720046865,37.7380692639674,0.0,0.0,20.247789336177995,0.0
2050-05-17 20:00:00,0.0,40.81443068931799,36.82437924780532,0.0,0.0,20.247789336177995,0.0
2050-05-17 21:00:00,0.0,43.456324547683835,18.175634610338676,0.0,0.0,20.247789336177995,0.0
2050-05-17 22:00:00,0.0,42.87455659494958,0.0,0.0,0.0,20.247789336177995,0.0
2050-05-17 23:00:00,0.0,44.60809544808558,0.0,0.0,0.0,8.517884919402613,0.0
2050-05-18 00:00:00,0.0,44.73291431926168,29.86866712891448,0.0,0.0,20.247789336177995,0.0
2050-05-18 01:00:00,0.0,46.048076235065764,0.0,0.0,0.0,0.0,0.0
2050-05-18 02:00:00,0.0,45.62187768507579,15.087752092299812,0.0,0.0,0.0,0.0
2050-05-18 03:00:00,0.0,45.00227839141189,2.835817578156102,0.0,0.0,13.20050578879359,0.0
2050-05-18 04:00:00,0.0,44.45419174853009,28.92541333739714,0.0,0.0,20.247789336177995,0.0
2050-05-18 05:00:00,0.0,44.118324289807106,37.7380692639674,0.0,0.0,20.247789336177995,0.0
2050-05-18 06:00:00,0.0,42.25260159649247,20.11716373879016,0.0,0.0,20.247789336177995,0.0
2050-05-18 07:00:00,0.0,40.59965722034235,37.7380692639674,0.0,0.0,20.247789336177995,0.0
2050-05-18 08:00:00,0.0,40.199939663937585,20.11716373879016,0.0,0.0,20.247789336177995,0.0
2050-05-18 09:00:00,0.0,38.078831410076646,28.92541333739714,0.0,0.0,20.247789336177995,0.0
2050-05-18 10:00:00,0.0,36.81509056211007,28.92541333739714,0.0,0.0,20.247789336177995,0.0
2050-05-18 11:00:00,0.0,36.96906949920731,28.92541333739714,0.0,0.0,20.247789336177995,0.0
2050-05-18 12:00:00,0.0,36.31563465202339,37.7380692639674,0.0,0.0,20.247789336177995,0.0
2050-05-18 13:00:00,0.0,36.600417251059525,20.11716373879016,0.0,0.0,20.247789336177995,0.0
2050-05-18 14:00:00,0.0,35.26012968248415,28.92541333739714,0.0,0.0,20.247789336177995,0.0
2050-05-18 15:00:00,0.0,35.85960103475077,28.92541333739714,0.0,0.0,20.247789336177995,0.0
2050-05-18 16:00:00,0.0,36.88884548494957,28.92541333739714,0.0,0.0,20.247789336177995,0.0
2050-05-18 17:00:00,0.0,38.89452290504937,28.92541333739714,0.0,0.0,20.247789336177995,0.0
2050-05-18 18:00:00,0.0,40.436053108979195,37.7380692639674,0.0,0.0,20.247789336177995,0.0
2050-05-18 19:00:00,0.0,41.278570109054044,20.11716373879016,0.0,0.0,20.247789336177995,0.0
2050-05-18 20:00:00,0.0,41.76774642009741,28.92541333739714,0.0,0.0,20.247789336177995,0.0
2050-05-18 21:00:00,0.0,42.511159414254735,28.92541333739714,0.0,0.0,20.247789336177995,0.0
2050-05-18 22:00:00,0.0,43.37385671311108,28.92541333739714,0.0,0.0,20.247789336177995,0.0
2050-05-18 23:00:00,0.0,42.194898457310046,37.7380692639674,0.0,0.0,20.247789336177995,0.0
2050-05-19 00:00:00,0.0,45.60477819623566,20.11716373879016,0.0,0.0,20.247789336177995,0.0
2050-05-19 01:00:00,0.0,43.85976608064061,28.92541333739714,0.0,0.0,20.247789336177995,0.0
2050-05-19 02:00:00,0.0,44.25097883687363,28.92541333739714,0.0,0.0,20.247789336177995,0.0
2050-05-19 03:00:00,0.0,44.358840841443225,28.92541333739714,0.0,0.0,20.247789336177995,0.0
2050-05-19 04:00:00,0.0,45.045087536634355,37.7380692639674,0.0,0.0,20.247789336177995,0.0
2050-05-19 05:00:00,0.0,42.79275001599444,20.11716373879016,0.0,0.0,20.247789336177995,0.0
2050-05-19 06:00:00,0.0,42.24718734560997,37.7380692639674,0.0,0.0,20.247789336177995,0.0
2050-05-19 07:00:00,0.0,42.04310836728814,37.7380692639674,0.0,0.0,20.247789336177995,0.0
2050-05-19 08:00:00,0.0,39.38612137994892,11.313318264982488,0.0,0.0,20.247789336177995,0.0
2050-05-19 09:00:00,0.0,37.528137927526814,28.92541333739714,0.0,0.0,20.247789336177995,0.0
2050-05-19 10:00:00,0.0,37.93863447463582,28.92541333739714,0.0,0.0,20.247789336177995,0.0
2050-05-19 11:00:00,0.0,36.991814665767606,37.7380692639674,0.0,0.0,20.247789336177995,0.0
2050-05-19 12:00:00,0.0,35.548593479142255,20.11716373879016,0.0,0.0,20.247789336177995,0.0
2050-05-19 13:00:00,0.0,37.19744393776841,37.7380692639674,0.0,0.0,20.247789336177995,0.0
2050-05-19 14:00:00,0.0,35.640375073772475,37.7380692639674,0.0,0.0,20.247789336177995,0.0
2050-05-19 15:00:00,0.0,36.5996419731091,11.313318264982488,0.0,0.0,20.247789336177995,0.0
2050-05-19 16:00:00,0.0,37.429869322427976,28.92541333739714,0.0,0.0,20.247789336177995,0.0
2050-05-19 17:00:00,0.0,37.36496107744733,28.92541333739714,0.0,0.0,20.247789336177995,0.0
2050-05-19 18:00:00,0.0,38.80892048047053,28.92541333739714,0.0,0.0,20.247789336177995,0.0
2050-05-19 19:00:00,0.0,40.54555685131845,28.92541333739714,0.0,0.0,20.247789336177995,0.0
2050-05-19 20:00:00,0.0,42.616901182024776,28.92541333739714,0.0,0.0,20.247789336177995,0.0
2050-05-19 21:00:00,0.0,43.72259904080647,28.92541333739714,0.0,0.0,20.247789336177995,0.0
2050-05-19 22:00:00,0.0,44.419194288744166,28.92541333739714,0.0,0.0,20.247789336177995,0.0
2050-05-19 23:00:00,0.0,43.29654078644285,28.92541333739714,0.0,0.0,20.247789336177995,0.0
2050-05-20 00:00:00,0.0,45.52806753716595,28.92541333739714,0.0,0.0,20.247789336177995,0.0
2050-05-20 01:00:00,0.0,45.609780706695574,28.92541333739714,0.0,0.0,20.247789336177995,0.0
2050-05-20 02:00:00,0.0,46.56462970952816,28.92541333739714,0.0,0.0,20.247789336177995,0.0
2050-05-20 03:00:00,0.0,44.99065138598053,37.7380692639674,0.0,0.0,20.247789336177995,0.0
2050-05-20 04:00:00,0.0,45.68947387523849,20.11716373879016,0.0,0.0,20.247789336177995,0.0
2050-05-20 05:00:00,0.0,43.89811183914844,37.7380692639674,0.0,0.0,20.247789336177995,0.0
2050-05-20 06:00:00,0.0,42.216337116633895,20.11716373879016,0.0,0.0,20.247789336177995,0.0
2050-05-20 07:00:00,0.0,40.311861102271905,37.7380692639674,0.0,0.0,20.247789336177995,0.0
2050-05-20 08:00:00,0.0,39.64185301737689,21.150993266790323,0.0,0.0,20.247789336177995,0.0
2050-05-20 09:00:00,0.0,37.770281866292635,37.7380692639674,0.0,0.0,20.247789336177995,0.0
2050-05-20 10:00:00,0.0,37.77585826776931,37.7380692639674,0.0,0.0,20.247789336177995,0.0
2050-05-20 11:00:00,0.0,35.225413403343964,37.7380692639674,0.0,0.0,20.247789336177995,0.0
2050-05-20 12:00:00,0.0,35.66163215447909,37.7380692639674,0.0,0.0,20.247789336177995,0.0
2050-05-20 13:00:00,0.0,35.70337504765189,37.7380692639674,0.0,0.0,20.247789336177995,0.0
2050-05-20 14:00:00,0.0,34.62096776939097,37.7380692639674,0.0,0.0,20.247789336177995,0.0
2050-05-20 15:00:00,0.0,36.60609809863627,37.7380692639674,0.0,0.0,20.247789336177995,0.0
2050-05-20 16:00:00,0.0,37.73156463254418,37.7380692639674,0.0,0.0,20.247789336177995,0.0
2050-05-20 17:00:00,0.0,38.624231886253256,37.7380692639674,0.0,0.0,20.247789336177995,0.0
2050-05-20 18:00:00,0.0,39.488809745438175,37.7380692639674,0.0,0.0,20.247789336177995,0.0
2050-05-20 19:00:00,0.0,40.088550673826376,37.7380692639674,0.0,0.0,20.247789336177995,0.0
2050-05-20 20:00:00,0.0,41.28203165924651,37.7380692639674,0.0,0.0,20.247789336177995,0.0
2050-05-20 21:00:00,0.0,43.17010871997013,37.7380692639674,0.0,0.0,20.247789336177995,0.0
2050-05-20 22:00:00,0.0,44.85335793146669,37.7380692639674,0.0,0.0,20.247789336177995,0.0
2050-05-20 23:00:00,0.0,44.97685679470692,37.7380692639674,0.0,0.0,20.247789336177995,0.0
2050-05-21 00:00:00,0.0,41.28566201812555,37.7380692639674,0.0,0.0,20.247789336177995,0.0
2050-05-21 01:00:00,0.0,42.551884599235336,37.7380692639674,0.0,0.0,20.247789336177995,0.0
2050-05-21 02:00:00,0.0,42.43588208497658,37.7380692639674,0.0,0.0,20.247789336177995,0.0
2050-05-21 03:00:00,0.0,42.50754419497753,37.7380692639674,0.0,0.0,20.247789336177995,0.0
2050-05-21 04:00:00,0.0,40.882486708903116,37.7380692639674,0.0,0.0,20.247789336177995,0.0
2050-05-21 05:00:00,0.0,40.55721578783664,37.7380692639674,0.0,0.0,20.247789336177995,0.0
2050-05-21 06:00:00,0.0,39.540324066165795,37.7380692639674,0.0,0.0,20.247789336177995,0.0
2050-05-21 07:00:00,0.0,38.07713260134051,37.7380692639674,0.0,0.0,20.247789336177995,0.0
2050-05-21 08:00:00,0.0,38.08238265536852,37.7380692639674,0.0,0.0,20.247789336177995,0.0
2050-05-21 09:00:00,0.0,36.28272917614959,37.7380692639674,0.0,0.0,20.247789336177995,0.0
2050-05-21 10:00:00,0.0,35.575087292245826,37.7380692639674,0.0,0.0,20.247789336177995,0.0
2050-05-21 11:00:00,0.0,33.92071308759182,37.7380692639674,0.0,0.0,20.247789336177995,0.0
2050-05-21 12:00:00,0.0,34.057095044306834,37.7380692639674,0.0,0.0,20.247789336177995,0.0
2050-05-21 13:00:00,0.0,32.36807019446883,37.7380692639674,0.0,0.0,20.247789336177995,0.0
2050-05-21 14:00:00,0.0,34.964274818706826,37.7380692639674,0.0,0.0,20.247789336177995,0.0
2050-05-21 15:00:00,0.0,34.10233972683636,37.7380692639674,0.0,0.0,20.247789336177995,0.0
2050-05-21 16:00:00,0.0,35.553686651885755,37.7380692639674,0.0,0.0,20.247789336177995,0.0
2050-05-21 17:00:00,0.0,35.13422445738229,37.7380692639674,0.0,0.0,20.247789336177995,0.0
2050-05-21 18:00:00,0.0,38.3564697576694,37.7380692639674,0.0,0.0,20.247789336177995,0.0
2050-05-21 19:00:00,0.0,37.35980603105918,37.7380692639674,0.0,0.0,20.247789336177995,0.0
2050-05-21 20:00:00,0.0,38.89789541080745,37.7380692639674,0.0,0.0,20.247789336177995,0.0
2050-05-21 21:00:00,0.0,40.407034172765634,37.7380692639674,0.0,0.0,20.247789336177995,0.0
2050-05-21 22:00:00,0.0,41.350861700721,37.7380692639674,0.0,0.0,20.247789336177995,0.0
2050-05-21 23:00:00,0.0,41.42530415086503,37.7380692639674,0.0,0.0,20.247789336177995,0.0
2050-05-22 00:00:00,0.0,42.53903655193744,37.7380692639674,0.0,0.0,20.247789336177995,0.0
2050-05-22 01:00:00,0.0,44.068411763939366,37.7380692639674,0.0,0.0,20.247789336177995,0.0
2050-05-22 02:00:00,0.0,43.01211746787476,37.7380692639674,0.0,0.0,20.247789336177995,0.0
2050-05-22 03:00:00,0.0,43.41599697889774,37.7380692639674,0.0,0.0,20.247789336177995,0.0
2050-05-22 04:00:00,0.0,42.57748272995627,37.7380692639674,0.0,0.0,20.247789336177995,0.0
2050-05-22 05:00:00,0.0,40.726503292944926,36.727246851706006,0.0,0.0,20.247789336177995,0.0
2050-05-22 06:00:00,0.0,39.872146462377714,25.190813117156303,0.0,0.0,17.49628575900215,0.0
2050-05-22 07:00:00,0.0,38.55141322728696,8.545770495691997,0.0,0.0,5.844755923977118,0.0
2050-05-22 08:00:00,0.0,36.55937436039608,0.0,14.86720378669608,0.0,0.0,10.711389785776925
2050-05-22 09:00:00,0.0,36.17433725833757,0.0,36.782450818396974,0.0,0.0,38.394910120795046
2050-05-22 10:00:00,0.0,35.54232350194616,0.0,33.6938335122547,0.0,0.0,38.394910120795046
2050-05-22 11:00:00,0.0,34.15142283883233,0.0,46.42289552443449,0.0,0.0,38.394910120795046
2050-05-22 12:00:00,0.0,34.05905027663084,0.0,48.62552183750089,0.0,0.0,38.394910120795046
2050-05-22 13:00:00,0.0,32.97895837953138,0.0,48.62552183750089,0.0,0.0,38.394910120795046
2050-05-22 14:00:00,0.0,34.66734555524613,0.0,48.62552183750089,0.0,0.0,38.394910120795046
2050-05-22 15:00:00,0.0,34.079839975264576,0.0,48.62552183750089,0.0,0.0,38.394910120795046
2050-05-22 16:00:00,0.0,34.208149818589845,0.0,48.62552183750089,0.0,0.0,38.394910120795046
2050-05-22 17:00:00,0.0,36.70692474188695,0.0,48.62552183750089,0.0,0.0,38.394910120795046
2050-05-22 18:00:00,0.0,37.81098276408852,0.0,48.62552183750089,0.0,0.0,38.394910120795046
2050-05-22 19:00:00,0.0,38.48765153170234,0.0,48.62552183750089,0.0,0.0,38.394910120795046
2050-05-22 20:00:00,0.0,39.985016768333026,0.0,48.62552183750089,0.0,0.0,38.394910120795046
2050-05-22 21:00:00,0.0,41.14452933183293,0.0,48.62552183750089,0.0,0.0,38.394910120795046
2050-05-22 22:00:00,0.0,41.62096275860563,0.0,48.62552183750089,0.0,0.0,38.394910120795046
2050-05-22 23:00:00,0.0,35.70126818777544,0.0,48.62552183750089,0.0,0.0,38.394910120795046
2050-05-23 00:00:00,0.0,30.6317064661971,0.0,48.62552183750089,0.0,0.0,38.394910120795046
2050-05-23 01:00:00,0.0,47.257346549778504,0.0,48.62552183750089,0.0,0.0,38.394910120795046
2050-05-23 02:00:00,0.0,45.45850217857719,0.0,48.62552183750089,0.0,0.0,38.394910120795046
2050-05-23 03:00:00,0.0,43.49454325395095,0.0,48.62552183750089,0.0,0.0,38.394910120795046
2050-05-23 04:00:00,0.0,44.134756571225125,0.0,48.62552183750089,0.0,0.0,38.394910120795046
2050-05-23 05:00:00,0.0,26.87671075552589,0.0,48.62552183750089,0.0,0.0,38.394910120795046
2050-05-23 06:00:00,0.0,41.45032019042924,0.0,48.62552183750089,0.0,0.0,38.394910120795046
2050-05-23 07:00:00,0.0,26.74403701062556,0.0,48.62552183750089,0.0,0.0,38.394910120795046
2050-05-23 08:00:00,0.0,39.402248152376615,0.0,48.62552183750089,0.0,0.0,38.394910120795046
2050-05-23 09:00:00,0.0,26.74403701062556,0.0,48.62552183750089,0.0,0.0,38.394910120795046
2050-05-23 10:00:00,0.0,33.389726296208664,0.0,48.62552183750089,0.0,0.0,38.394910120795046
2050-05-23 11:00:00,0.0,36.659702363684346,0.0,48.62552183750089,0.0,0.0,38.394910120795046
2050-05-23 12:00:00,0.0,20.75338204958689,0.0,37.63934792306911,0.0,0.0,38.394910120795046
2050-05-23 13:00:00,0.0,35.89131036909089,0.0,37.62701191837915,0.0,0.0,38.394910120795046
2050-05-23 14:00:00,0.0,21.45567085467701,0.0,37.62701191837915,0.0,0.0,38.394910120795046
2050-05-23 15:00:00,0.0,37.666466771180694,0.0,37.62701191837915,0.0,0.0,38.394910120795046
2050-05-23 16:00:00,0.0,23.013993324499552,0.0,37.62701191837915,0.0,0.0,38.394910120795046
2050-05-23 17:00:00,0.0,38.06892894918951,0.0,37.62701191837915,0.0,0.0,38.394910120795046
2050-05-23 18:00:00,0.0,24.04367586741091,0.0,37.62701191837915,0.0,0.0,38.394910120795046
2050-05-23 19:00:00,0.0,41.80988858366072,0.0,37.62701191837915,0.0,0.0,38.394910120795046
2050-05-23 20:00:00,0.0,22.873182505340537,0.0,37.62701191837915,0.0,0.0,38.394910120795046
2050-05-23 21:00:00,0.0,42.88142712930312,0.0,37.62701191837915,0.0,0.0,38.394910120795046
2050-05-23 22:00:00,0.0,26.0895175505716,0.0,37.62701191837915,0.0,0.0,38.394910120795046
2050-05-23 23:00:00,0.0,45.052897915448284,0.0,37.62701191837915,0.0,0.0,38.394910120795046
2050-05-24 00:00:00,0.0,46.15162195205221,0.0,37.62701191837915,0.0,0.0,38.394910120795046
2050-05-24 01:00:00,0.0,44.95165387712382,0.0,11.33376789498071,0.0,0.0,11.565069280592564
2050-05-24 02:00:00,0.0,43.686494311071556,15.938481713615303,0.0,0.0,11.156937199530711,0.0
2050-05-24 03:00:00,0.0,44.878092510809665,37.7380692639674,0.0,0.0,20.247789336177995,0.0
2050-05-24 04:00:00,0.0,43.79599552415061,37.7380692639674,0.0,0.0,20.247789336177995,0.0
2050-05-24 05:00:00,0.0,42.75849659313781,37.7380692639674,0.0,0.0,20.247789336177995,0.0
2050-05-24 06:00:00,0.0,41.600470599095615,37.7380692639674,0.0,0.0,20.247789336177995,0.0
2050-05-24 07:00:00,0.0,39.802360444322176,37.7380692639674,0.0,0.0,20.247789336177995,0.0
2050-05-24 08:00:00,0.0,39.955082099309266,37.7380692639674,0.0,0.0,20.247789336177995,0.0
2050-05-24 09:00:00,0.0,38.58326016918886,37.7380692639674,0.0,0.0,20.247789336177995,0.0
2050-05-24 10:00:00,0.0,37.283576430812445,17.2533208355197,0.0,0.0,20.247789336177995,0.0
2050-05-24 11:00:00,0.0,36.35886531212259,36.857567348066496,0.0,0.0,20.247789336177995,0.0
2050-05-24 12:00:00,0.0,35.71670496281149,37.7380692639674,0.0,0.0,13.130524409311242,0.0
2050-05-24 13:00:00,0.0,35.17669578196001,37.7380692639674,0.0,0.0,0.0,0.0
2050-05-24 14:00:00,0.0,36.72445697994681,37.7380692639674,0.0,0.0,0.0,0.0
2050-05-24 15:00:00,0.0,37.58092321929189,37.7380692639674,0.0,0.0,0.0,0.0
2050-05-24 16:00:00,0.0,36.68984666915526,37.7380692639674,0.0,0.0,0.0,0.0
2050-05-24 17:00:00,0.0,37.94464262023689,37.7380692639674,0.0,0.0,0.0,0.0
2050-05-24 18:00:00,0.0,38.37603757752595,37.7380692639674,0.0,0.0,0.0,0.0
2050-05-24 19:00:00,0.0,41.02871715348169,37.7380692639674,0.0,0.0,0.0,0.0
2050-05-24 20:00:00,0.0,43.308566181544165,37.7380692639674,0.0,0.0,0.0,0.0
2050-05-24 21:00:00,0.0,43.364843077936484,14.605253987783009,0.0,0.0,0.0,0.0
2050-05-24 22:00:00,0.0,45.13948728884884,0.0,0.0,0.0,0.0,0.0
2050-05-24 23:00:00,0.0,43.00336524379486,0.0,0.0,0.0,0.0,0.0
2050-05-25 00:00:00,0.0,43.67032820260488,0.0,0.0,0.0,0.0,0.0
2050-05-25 01:00:00,0.0,47.10371081874109,0.0,0.0,0.0,0.0,0.0
2050-05-25 02:00:00,0.0,44.728189416285886,0.0,0.0,0.0,0.0,0.0
2050-05-25 03:00:00,0.0,44.698612592394966,0.0,0.0,0.0,0.0,0.0
2050-05-25 04:00:00,0.0,43.89240609564945,0.0,0.0,0.0,0.0,0.0
2050-05-25 05:00:00,0.0,44.91467429273098,0.0,0.0,0.0,0.0,0.0
2050-05-25 06:00:00,0.0,41.59903547098611,0.0,0.0,0.0,0.0,0.0
2050-05-25 07:00:00,0.0,39.866232906412506,0.0,20.944005444796392,0.0,0.0,0.0
2050-05-25 08:00:00,0.0,41.12256970705221,0.0,40.98095537891304,0.0,0.0,0.0
2050-05-25 09:00:00,0.0,38.48101496192794,0.0,40.02165438707008,0.0,0.0,0.0
2050-05-25 10:00:00,0.0,37.447257793416384,0.0,48.62552183750089,0.0,0.0,0.0
2050-05-25 11:00:00,0.0,35.61418590908329,0.0,48.62552183750089,0.0,0.0,0.0
2050-05-25 12:00:00,0.0,36.817449169696374,0.0,48.62552183750089,0.0,0.0,0.0
2050-05-25 13:00:00,0.0,36.345608813235,0.0,48.62552183750089,0.0,0.0,24.162508917478725
2050-05-25 14:00:00,0.0,36.10470685009636,0.0,11.76084089172398,0.0,0.0,12.000858052779572
2050-05-25 15:00:00,0.0,36.214597610184455,0.0,0.0,0.0,0.0,0.0
2050-05-25 16:00:00,0.0,38.025592327707045,0.0,0.0,0.0,0.0,0.0
2050-05-25 17:00:00,0.0,38.55954665084528,0.0,0.0,0.0,0.0,0.0
2050-05-25 18:00:00,0.0,39.39220649273511,0.0,0.0,0.0,0.0,36.50930233258101
2050-05-25 19:00:00,0.0,39.60666521395842,0.0,0.0,0.0,0.0,38.394910120795046
2050-05-25 20:00:00,0.0,42.407563157751156,0.0,0.0,0.0,0.0,38.394910120795046
2050-05-25 21:00:00,0.0,45.1743924479747,0.0,13.630267181065397,0.0,0.0,38.394910120795046
2050-05-25 22:00:00,0.0,44.362981467077134,0.0,48.62552183750089,0.0,0.0,38.394910120795046
2050-05-25 23:00:00,0.0,45.81915913172793,0.0,48.62552183750089,0.0,0.0,38.394910120795046
2050-05-26 00:00:00,0.0,45.73458844543711,0.0,48.62552183750089,0.0,0.0,38.394910120795046
2050-05-26 01:00:00,0.0,45.78831232192124,0.0,48.62552183750089,0.0,0.0,38.394910120795046
2050-05-26 02:00:00,0.0,46.375427216539265,0.0,48.62552183750089,0.0,0.0,38.394910120795046
2050-05-26 03:00:00,0.0,44.749033109709444,0.0,48.62552183750089,0.0,0.0,38.394910120795046
2050-05-26 04:00:00,0.0,43.791770116723455,0.0,48.62552183750089,0.0,0.0,38.394910120795046
2050-05-26 05:00:00,0.0,42.343221766526995,0.0,48.3254485276327,0.0,0.0,38.394910120795046
2050-05-26 06:00:00,0.0,42.737869488662,0.0,48.62552183750089,0.0,0.0,38.394910120795046
2050-05-26 07:00:00,0.0,42.305039303486865,0.0,45.89632413484563,0.0,0.0,38.394910120795046
2050-05-26 08:00:00,0.0,38.530841474839235,0.0,39.412564356998764,0.0,0.0,38.394910120795046
2050-05-26 09:00:00,0.0,38.418465078269946,0.0,40.98495556005345,0.0,0.0,38.394910120795046
2050-05-26 10:00:00,0.0,37.01232940849468,0.0,48.08423582721413,0.0,0.0,38.394910120795046
2050-05-26 11:00:00,0.0,36.59440862303177,0.0,41.80529937786915,0.0,0.0,38.394910120795046
2050-05-26 12:00:00,0.0,36.26850997165457,0.0,41.13444764740065,0.0,0.0,38.394910120795046
2050-05-26 13:00:00,0.0,36.06365606433587,0.0,41.82857525311554,0.0,0.0,38.394910120795046
2050-05-26 14:00:00,0.0,36.58138650880346,0.0,5.330426457220521,0.0,0.0,5.439210670633185
2050-05-26 15:00:00,0.0,36.831083304846516,0.0,0.0,0.0,0.0,0.0
2050-05-26 16:00:00,0.0,37.8904555812735,0.0,0.0,0.0,0.0,1.7053865123662755
2050-05-26 17:00:00,0.0,37.65836085300725,0.0,0.0,0.0,0.0,38.394910120795046
2050-05-26 18:00:00,0.0,40.46579552475123,0.0,0.0,0.0,0.0,38.394910120795046
2050-05-26 19:00:00,0.0,40.573368397669356,0.0,0.0,0.0,0.0,38.394910120795046
2050-05-26 20:00:00,0.0,42.10923966035398,0.0,17.908485894625386,0.0,0.0,38.394910120795046
2050-05-26 21:00:00,0.0,43.50410205932303,0.0,29.05624266746636,0.0,0.0,38.394910120795046
2050-05-26 22:00:00,0.0,44.137366844279995,0.0,47.80196810197982,0.0,0.0,38.394910120795046
2050-05-26 23:00:00,0.0,45.11241858543485,0.0,48.62552183750089,0.0,0.0,38.394910120795046
2050-05-27 00:00:00,0.0,46.51578645340055,0.0,48.62552183750089,0.0,0.0,38.394910120795046
2050-05-27 01:00:00,0.0,46.907707439651176,0.0,48.62552183750089,0.0,0.0,38.394910120795046
2050-05-27 02:00:00,0.0,46.22188400617756,0.0,48.62552183750089,0.0,0.0,38.394910120795046
2050-05-27 03:00:00,0.0,32.43347584264757,0.0,48.62552183750089,0.0,0.0,38.394910120795046
2050-05-27 04:00:00,0.0,32.2872210805308,0.0,48.62552183750089,0.0,0.0,38.394910120795046
2050-05-27 05:00:00,0.0,43.70768694518256,0.0,48.62552183750089,0.0,0.0,38.394910120795046
2050-05-27 06:00:00,0.0,31.502865682871743,0.0,48.62552183750089,0.0,0.0,38.394910120795046
2050-05-27 07:00:00,0.0,39.73898818285511,0.0,48.62552183750089,0.0,0.0,38.394910120795046
2050-05-27 08:00:00,0.0,38.85538822478611,0.0,48.62552183750089,0.0,0.0,38.394910120795046
2050-05-27 09:00:00,0.0,40.80073538648321,0.0,48.62552183750089,0.0,0.0,38.394910120795046
2050-05-27 10:00:00,0.0,34.821834294102246,0.0,48.62552183750089,0.0,0.0,38.394910120795046
2050-05-27 11:00:00,0.0,35.79633366486405,0.0,33.33340748226842,0.0,0.0,34.013681104355534
2050-05-27 12:00:00,0.0,36.99666755000521,0.0,16.950350936959182,0.0,0.0,17.296276466284883
2050-05-27 13:00:00,0.0,36.82969936295126,1.2372379834182752,0.0,0.0,0.0,0.0
2050-05-27 14:00:00,0.0,36.4932304137908,37.23452413852317,0.0,0.0,0.0,0.0
2050-05-27 15:00:00,0.0,37.24818805273799,37.7380692639674,0.0,0.0,0.0,0.0
2050-05-27 16:00:00,0.0,36.82535005844261,37.7380692639674,0.0,0.0,0.0,0.0
2050-05-27 17:00:00,0.0,39.37961386652364,37.7380692639674,0.0,0.0,0.0,0.0
2050-05-27 18:00:00,0.0,38.56770802326446,37.7380692639674,0.0,0.0,0.0,0.0
2050-05-27 19:00:00,0.0,40.47033360202113,37.7380692639674,0.0,0.0,0.0,0.0
2050-05-27 20:00:00,0.0,42.037387107325,8.604546546906018,0.0,0.0,0.0,0.0
2050-05-27 21:00:00,0.0,42.21793638609279,0.0,0.0,0.0,0.0,0.0
2050-05-27 22:00:00,0.0,43.92855613906431,0.0,38.51006625727088,0.0,0.0,14.359489723821378
2050-05-27 23:00:00,0.0,47.097080527788876,0.0,48.62552183750089,0.0,0.0,38.394910120795046
2050-05-28 00:00:00,0.0,41.89686435528006,0.0,48.62552183750089,0.0,0.0,38.394910120795046
2050-05-28 01:00:00,0.0,44.32725741011882,0.0,48.62552183750089,0.0,0.0,38.394910120795046
2050-05-28 02:00:00,0.0,41.76909022383256,0.0,48.62552183750089,0.0,0.0,38.394910120795046
2050-05-28 03:00:00,0.0,42.08092328861994,0.0,48.62552183750089,0.0,0.0,38.394910120795046
2050-05-28 04:00:00,0.0,43.40151424656506,0.0,48.62552183750089,0.0,0.0,38.394910120795046
2050-05-28 05:00:00,0.0,41.90666301667716,0.0,48.62552183750089,0.0,0.0,38.394910120795046
2050-05-28 06:00:00,0.0,38.92926670744487,0.0,48.62552183750089,0.0,0.0,38.394910120795046
2050-05-28 07:00:00,0.0,27.53964184749202,0.0,48.62552183750089,0.0,0.0,38.394910120795046
2050-05-28 08:00:00,0.0,37.13749917814039,0.0,48.62552183750089,0.0,0.0,38.394910120795046
2050-05-28 09:00:00,0.0,32.403512165925804,0.0,48.62552183750089,0.0,0.0,38.394910120795046
2050-05-28 10:00:00,0.0,35.828860657292125,0.0,48.62552183750089,0.0,0.0,38.394910120795046
2050-05-28 11:00:00,0.0,34.72746653834383,0.0,45.319830948586926,0.0,0.0,38.394910120795046
2050-05-28 12:00:00,0.0,34.20227904035983,0.0,35.00211707688779,0.0,0.0,35.71644599682428
2050-05-28 13:00:00,0.0,33.70017191591228,0.0,28.534147559060376,0.0,0.0,29.11647710108202
2050-05-28 14:00:00,0.0,35.33909110703803,0.3658033141332808,0.0,0.0,0.2560623198932966,0.0
2050-05-28 15:00:00,0.0,34.41989802681428,12.831817030062375,0.0,0.0,8.982271921043662,0.0
2050-05-28 16:00:00,0.0,34.683156722352805,21.78652502525507,0.0,0.0,15.250567517678547,0.0
2050-05-28 17:00:00,0.0,36.65950223235495,22.456468118225175,0.0,0.0,15.71952768275762,0.0
2050-05-28 18:00:00,0.0,36.70040496107163,28.967772462517644,0.0,0.0,20.247789336177995,0.0
2050-05-28 19:00:00,0.0,38.53222652774639,36.86155328712967,0.0,0.0,20.247789336177995,0.0
2050-05-28 20:00:00,0.0,40.15232957330113,37.7380692639674,0.0,0.0,20.247789336177995,0.0
2050-05-28 21:00:00,0.0,40.65408696074951,34.762664392687654,0.0,0.0,20.247789336177995,0.0
2050-05-28 22:00:00,0.0,41.19268828929421,18.760846956143595,0.0,0.0,20.247789336177995,0.0
2050-05-28 23:00:00,0.0,42.6970568835161,28.393083949931494,0.0,0.0,20.247789336177995,0.0
2050-05-29 00:00:00,0.0,43.082127078558415,34.754130062070075,0.0,0.0,20.247789336177995,0.0
2050-05-29 01:00:00,0.0,42.98916119798082,30.517128827918242,0.0,0.0,20.247789336177995,0.0
2050-05-29 02:00:00,0.0,42.45440587299572,24.112484144098005,0.0,0.0,20.247789336177995,0.0
2050-05-29 03:00:00,0.0,43.45199646833589,20.067212881383526,0.0,0.0,1.5675086319975584,0.0
2050-05-29 04:00:00,0.0,42.92049903330599,28.687637288657143,0.0,0.0,0.0,0.0
2050-05-29 05:00:00,0.0,40.868066025992675,27.692079654531753,0.0,0.0,0.0,0.0
2050-05-29 06:00:00,0.0,39.29963736955983,25.916695855286733,0.0,0.0,0.0,0.0
2050-05-29 07:00:00,0.0,38.51767194882041,25.932232831276366,0.0,0.0,0.0,0.0
2050-05-29 08:00:00,0.0,36.59800379173316,25.378359427147807,0.0,0.0,0.0,0.0
2050-05-29 09:00:00,0.0,36.07816993764709,25.49055681052573,0.0,0.0,0.0,0.0
2050-05-29 10:00:00,0.0,35.3636100799597,10.019735503606242,0.0,0.0,0.0,0.0
2050-05-29 11:00:00,0.0,34.475610177891895,11.628424249249818,0.0,0.0,0.0,0.0
2050-05-29 12:00:00,0.0,34.05294637232532,14.155840161492236,0.0,0.0,0.0,0.0
2050-05-29 13:00:00,0.0,33.74117001933655,25.626574625993534,0.0,0.0,0.0,0.0
2050-05-29 14:00:00,0.0,35.237909725995905,36.808285678175125,0.0,0.0,0.0,0.0
2050-05-29 15:00:00,0.0,34.27290460200766,37.7380692639674,0.0,0.0,0.0,0.0
2050-05-29 16:00:00,0.0,34.835264796017555,35.54793374569039,0.0,0.0,0.0,0.0
2050-05-29 17:00:00,0.0,37.98081852002019,17.177900572020448,0.0,0.0,0.0,0.0
2050-05-29 18:00:00,0.0,36.01126831720512,13.65356561666949,0.0,0.0,0.0,0.0
2050-05-29 19:00:00,0.0,39.64741185541766,0.19611917572465895,0.0,0.0,0.0,0.0
2050-05-29 20:00:00,0.0,39.60072225148497,0.19611917572465895,0.0,0.0,0.0,0.0
2050-05-29 21:00:00,0.0,42.18186129821788,0.0,0.0,0.0,0.0,0.0
2050-05-29 22:00:00,0.0,43.877103188562614,0.0,2.0790448681707505,0.0,0.0,0.0
2050-05-29 23:00:00,0.0,43.69086129769198,0.0,11.092661141306905,0.0,0.0,0.0
2050-05-30 00:00:00,0.0,45.4109091370085,0.0,48.62552183750089,0.0,0.0,0.0
2050-05-30 01:00:00,0.0,45.62595646068576,0.0,48.62552183750089,0.0,0.0,0.0
2050-05-30 02:00:00,0.0,44.87828587065678,0.0,48.62552183750089,0.0,0.0,0.0
2050-05-30 03:00:00,0.0,45.773203781817074,0.0,48.62552183750089,0.0,0.0,0.0
2050-05-30 04:00:00,0.0,45.74171595475491,0.0,48.62552183750089,0.0,0.0,38.394910120795046
2050-05-30 05:00:00,0.0,43.081781894450614,0.0,48.62552183750089,0.0,0.0,38.394910120795046
2050-05-30 06:00:00,0.0,44.486990105394625,0.0,48.62552183750089,0.0,0.0,38.394910120795046
2050-05-30 07:00:00,0.0,33.296229384306116,0.0,48.62552183750089,0.0,0.0,38.394910120795046
2050-05-30 08:00:00,0.0,38.45107810674699,0.0,48.62552183750089,0.0,0.0,38.394910120795046
2050-05-30 09:00:00,0.0,32.37210381014711,0.0,48.62552183750089,0.0,0.0,38.394910120795046
2050-05-30 10:00:00,0.0,38.2567689758032,0.0,37.62701191837915,0.0,0.0,38.394910120795046
2050-05-30 11:00:00,0.0,20.92211781053902,0.0,37.62701191837915,0.0,0.0,38.394910120795046
2050-05-30 12:00:00,0.0,20.844176302713095,0.0,37.62701191837915,0.0,0.0,38.394910120795046
2050-05-30 13:00:00,0.0,21.513818132887536,0.0,37.62701191837915,0.0,0.0,38.394910120795046
2050-05-30 14:00:00,0.0,36.14286798654234,0.0,37.62701191837915,0.0,0.0,38.394910120795046
2050-05-30 15:00:00,0.0,37.75474053411881,0.0,26.402426079725604,0.0,0.0,26.94125110176082
2050-05-30 16:00:00,0.0,38.44672326912291,0.0,0.0,0.0,0.0,0.0
2050-05-30 17:00:00,0.0,38.49762748512262,0.0,0.0,0.0,0.0,0.0
2050-05-30 18:00:00,0.0,40.05204382769239,0.0,0.0,0.0,0.0,0.0
2050-05-30 19:00:00,0.0,39.63183125416481,0.0,0.0,0.0,0.0,0.0
2050-05-30 20:00:00,0.0,42.15635565727075,0.0,0.0,0.0,0.0,0.0
2050-05-30 21:00:00,0.0,43.60908340510696,0.0,22.854092404572977,0.0,0.0,34.54908605067068
2050-05-30 22:00:00,0.0,32.558827813978496,0.0,48.62552183750089,0.0,0.0,38.394910120795046
2050-05-30 23:00:00,0.0,25.898746018307065,0.0,37.62701191837915,0.0,0.0,38.394910120795046
2050-05-31 00:00:00,0.0,45.0312974122503,0.0,37.62701191837915,0.0,0.0,38.394910120795046
2050-05-31 01:00:00,0.0,46.121678121598734,0.0,37.62701191837915,0.0,0.0,38.394910120795046
2050-05-31 02:00:00,0.0,47.82448526410985,0.0,37.62701191837915,0.0,0.0,38.394910120795046
2050-05-31 03:00:00,0.0,46.99584799238551,0.0,37.62701191837915,0.0,0.0,38.394910120795046
2050-05-31 04:00:00,0.0,45.947457380006654,0.0,37.62701191837915,0.0,0.0,38.394910120795046
2050-05-31 05:00:00,0.0,43.31754888711362,0.0,37.62701191837915,0.0,0.0,38.394910120795046
2050-05-31 06:00:00,0.0,35.58182914190911,0.0,37.62701191837915,0.0,0.0,38.394910120795046
2050-05-31 07:00:00,0.0,33.29100666413069,0.0,31.75613469020201,0.0,0.0,32.40421907163471
2050-05-31 08:00:00,0.0,15.182655241261727,0.0,0.0,0.0,0.0,0.0
2050-05-31 09:00:00,0.0,14.776291551509075,0.0,0.0,0.0,0.0,0.0
2050-05-31 10:00:00,0.0,38.21913713392587,0.0,0.0,0.0,0.0,0.0
2050-05-31 11:00:00,0.0,4.318670911926347,0.0,0.0,0.0,0.0,0.0
2050-05-31 12:00:00,0.0,36.0594174333869,0.0,0.0,0.0,0.0,0.0
2050-05-31 13:00:00,0.0,7.482174868069251,0.0,0.0,0.0,0.0,0.0
2050-05-31 14:00:00,0.0,37.75541063504306,0.0,0.0,0.0,0.0,0.0
2050-05-31 15:00:00,0.0,37.19470189373351,0.0,0.0,0.0,0.0,0.0
2050-05-31 16:00:00,0.0,27.13742419218761,0.0,0.0,0.0,0.0,0.0
2050-05-31 17:00:00,0.0,24.831085208305012,0.0,0.0,0.0,0.0,0.0
2050-05-31 18:00:00,0.0,30.340673188211895,0.0,0.0,0.0,0.0,0.0
2050-05-31 19:00:00,0.0,41.73543303108795,0.0,0.0,0.0,0.0,0.0
2050-05-31 20:00:00,0.0,44.037837646488015,0.0,0.0,0.0,0.0,0.0
2050-05-31 21:00:00,0.0,42.90823173032345,0.0,0.0,0.0,0.0,0.0
2050-05-31 22:00:00,0.0,44.91596049949635,0.0,0.0,0.0,0.0,0.0
2050-05-31 23:00:00,0.0,15.025654294780907,0.0,0.0,0.0,0.0,0.0
2050-06-01 00:00:00,0.0,44.96303843399801,0.0,0.0,0.0,0.0,0.0
2050-06-01 01:00:00,0.0,41.1524749112732,0.0,0.0,0.0,0.0,0.0
2050-06-01 02:00:00,0.0,45.85223546942825,1.5230286965623705,0.0,0.0,1.0661200875936592,0.0
2050-06-01 03:00:00,0.0,47.34345378529565,10.092525346023692,0.0,0.0,7.064767742216584,0.0
2050-06-01 04:00:00,0.0,42.46812352179245,37.7380692639674,0.0,0.0,20.247789336177995,0.0
2050-06-01 05:00:00,0.0,44.396688791112865,37.7380692639674,0.0,0.0,20.247789336177995,0.0
2050-06-01 06:00:00,0.0,42.05549265000582,37.7380692639674,0.0,0.0,20.247789336177995,0.0
2050-06-01 07:00:00,0.0,42.04940137340668,37.7380692639674,0.0,0.0,20.247789336177995,0.0
2050-06-01 08:00:00,0.0,39.830876254320174,37.7380692639674,0.0,0.0,20.247789336177995,0.0
2050-06-01 09:00:00,0.0,38.79859167281393,37.7380692639674,0.0,0.0,20.247789336177995,0.0
2050-06-01 10:00:00,0.0,37.85955602680292,37.7380692639674,0.0,0.0,20.247789336177995,0.0
2050-06-01 11:00:00,0.0,36.77912917155868,37.7380692639674,0.0,0.0,20.247789336177995,0.0
2050-06-01 12:00:00,0.0,36.84665431667054,37.7380692639674,0.0,0.0,20.247789336177995,0.0
2050-06-01 13:00:00,0.0,36.799784652832386,37.7380692639674,0.0,0.0,20.247789336177995,0.0
2050-06-01 14:00:00,0.0,37.38813399640662,37.7380692639674,0.0,0.0,20.247789336177995,0.0
2050-06-01 15:00:00,0.0,37.15278740643657,37.7380692639674,0.0,0.0,20.247789336177995,0.0
2050-06-01 16:00:00,0.0,37.90303796739022,37.7380692639674,0.0,0.0,20.247789336177995,0.0
2050-06-01 17:00:00,0.0,38.90586125775394,37.7380692639674,0.0,0.0,20.247789336177995,0.0
2050-06-01 18:00:00,0.0,39.946057568460446,37.7380692639674,0.0,0.0,20.247789336177995,0.0
2050-06-01 19:00:00,0.0,40.18696215282148,37.7380692639674,0.0,0.0,20.247789336177995,0.0
2050-06-01 20:00:00,0.0,41.92730848380006,37.7380692639674,0.0,0.0,20.247789336177995,0.0
2050-06-01 21:00:00,0.0,44.222516502897406,37.7380692639674,0.0,0.0,20.247789336177995,0.0
2050-06-01 22:00:00,0.0,45.65614621231134,37.7380692639674,0.0,0.0,20.247789336177995,0.0
2050-06-01 23:00:00,0.0,45.644885778116304,37.7380692639674,0.0,0.0,20.247789336177995,0.0
2050-06-02 00:00:00,0.0,46.94873439346725,37.7380692639674,0.0,0.0,20.247789336177995,0.0
2050-06-02 01:00:00,0.0,44.6960134915937,37.7380692639674,0.0,0.0,20.247789336177995,0.0
2050-06-02 02:00:00,0.0,46.70290265019776,37.7380692639674,0.0,0.0,20.247789336177995,0.0
2050-06-02 03:00:00,0.0,45.67255012711598,37.7380692639674,0.0,0.0,20.247789336177995,0.0
2050-06-02 04:00:00,0.0,44.7310146159914,37.7380692639674,0.0,0.0,19.473382833956464,0.0
2050-06-02 05:00:00,0.0,43.61711332738446,37.7380692639674,0.0,0.0,0.0,0.0
2050-06-02 06:00:00,0.0,42.230744359566415,37.7380692639674,0.0,0.0,0.0,0.0
2050-06-02 07:00:00,0.0,41.49484594651608,37.7380692639674,0.0,0.0,0.0,0.0
2050-06-02 08:00:00,0.0,40.78662563563353,37.737755872820074,0.0,0.0,0.0,0.0
2050-06-02 09:00:00,0.0,39.47577614034367,21.918850133722806,0.0,0.0,0.0,0.0
2050-06-02 10:00:00,0.0,38.205917403991634,0.0,0.0,0.0,0.0,0.0
2050-06-02 11:00:00,0.0,36.37462416132894,0.0,0.0,0.0,0.0,0.0
2050-06-02 12:00:00,0.0,35.531124866149185,0.0,0.0,0.0,0.0,0.0
2050-06-02 13:00:00,0.0,37.32613213502009,0.0,9.53702767913879,0.0,0.0,0.0
2050-06-02 14:00:00,0.0,35.36058694689996,0.0,48.62552183750089,0.0,0.0,0.0
2050-06-02 15:00:00,0.0,36.276140246399336,0.0,48.62552183750089,0.0,0.0,0.0
2050-06-02 16:00:00,0.0,37.13719329198557,0.0,48.62552183750089,0.0,0.0,0.0
2050-06-02 17:00:00,0.0,38.94928746522896,0.0,48.62552183750089,0.0,0.0,18.969501624350006
2050-06-02 18:00:00,0.0,39.81255459038471,0.0,48.62552183750089,0.0,0.0,38.394910120795046
2050-06-02 19:00:00,0.0,41.09315606763289,0.0,48.62552183750089,0.0,0.0,38.394910120795046
2050-06-02 20:00:00,0.0,41.55314558796431,0.0,48.62552183750089,0.0,0.0,38.394910120795046
2050-06-02 21:00:00,0.0,26.74403701062556,0.0,48.62552183750089,0.0,0.0,38.394910120795046
2050-06-02 22:00:00,0.0,45.983817216244915,0.0,48.62552183750089,0.0,0.0,38.394910120795046
2050-06-02 23:00:00,0.0,26.74403701062556,0.0,48.62552183750089,0.0,0.0,38.394910120795046
2050-06-03 00:00:00,0.0,45.90295286666242,0.0,48.62552183750089,0.0,0.0,38.394910120795046
2050-06-03 01:00:00,0.0,46.69000275231747,0.0,48.62552183750089,0.0,0.0,38.394910120795046
2050-06-03 02:00:00,0.0,45.45203632471839,0.0,37.62701191837915,0.0,0.0,38.394910120795046
2050-06-03 03:00:00,0.0,32.61571017680944,0.0,37.62701191837915,0.0,0.0,38.394910120795046
2050-06-03 04:00:00,0.0,41.20750595609934,0.0,37.62701191837915,0.0,0.0,38.394910120795046
2050-06-03 05:00:00,0.0,44.2262908091875,0.0,36.64130510651475,0.0,0.0,37.38908684338241
2050-06-03 06:00:00,0.0,41.070479877889284,0.0,14.286260537639233,0.0,0.0,14.577816875142075
2050-06-03 07:00:00,0.0,40.261361817197894,1.56239586715607,0.0,0.0,0.0,0.0
2050-06-03 08:00:00,0.0,41.81435479046036,14.448734789062343,0.0,0.0,0.0,0.0
2050-06-03 09:00:00,0.0,39.8803125864174,36.48899580879001,0.0,0.0,0.0,0.0
2050-06-03 10:00:00,0.0,36.83835864017624,18.808188178573538,0.0,0.0,0.0,0.0
2050-06-03 11:00:00,0.0,37.76795815934702,37.7380692639674,0.0,0.0,0.0,0.0
2050-06-03 12:00:00,0.0,35.36343313998418,37.7380692639674,0.0,0.0,0.0,0.0
2050-06-03 13:00:00,0.0,36.260889201674445,37.7380692639674,0.0,0.0,0.0,0.0
2050-06-03 14:00:00,0.0,35.91983807002248,37.7380692639674,0.0,0.0,0.0,0.0
2050-06-03 15:00:00,0.0,37.603900704652915,37.7380692639674,0.0,0.0,0.0,0.0
2050-06-03 16:00:00,0.0,38.43897160046026,30.867573326540082,0.0,0.0,0.0,0.0
2050-06-03 17:00:00,0.0,38.1904576844654,0.0,0.0,0.0,0.0,0.0
2050-06-03 18:00:00,0.0,40.08614637950086,0.0,0.0,0.0,0.0,0.0
2050-06-03 19:00:00,0.0,42.191542530810466,0.0,0.0,0.0,0.0,0.0
2050-06-03 20:00:00,0.0,44.572180767964255,0.0,0.0,0.0,0.0,0.0
2050-06-03 21:00:00,0.0,44.31018921793088,0.0,13.543024153943573,0.0,0.0,0.0
2050-06-03 22:00:00,0.0,45.548593582814874,0.0,29.30724605710541,0.0,0.0,0.0
2050-06-03 23:00:00,0.0,44.910777799263315,0.0,15.420743035069524,0.0,0.0,0.0
2050-06-04 00:00:00,0.0,43.35121248122596,0.0,41.21030677378697,0.0,0.0,0.0
2050-06-04 01:00:00,0.0,45.477424145803525,0.0,44.941961587524936,0.0,0.0,0.0
2050-06-04 02:00:00,0.0,43.98691184323343,0.0,30.03340799471206,0.0,0.0,0.0
2050-06-04 03:00:00,0.0,43.175777045196355,0.0,0.0,0.0,0.0,0.0
2050-06-04 04:00:00,0.0,42.30525240744987,0.0,0.0,0.0,0.0,0.0
2050-06-04 05:00:00,0.0,42.89033639993659,7.909561434470604,0.0,0.0,0.0,0.0
2050-06-04 06:00:00,0.0,40.093829046443034,0.0,0.0,0.0,0.0,0.0
2050-06-04 07:00:00,0.0,38.219051934051095,0.0,0.0,0.0,0.0,0.0
2050-06-04 08:00:00,0.0,37.50340795867237,0.0,0.0,0.0,0.0,0.0
2050-06-04 09:00:00,0.0,36.881413412392476,0.0,0.0,0.0,0.0,0.0
2050-06-04 10:00:00,0.0,35.940658726187166,0.0,11.929454583112042,0.0,0.0,0.0
2050-06-04 11:00:00,0.0,34.389562178664846,0.0,9.10927904216237,0.0,0.0,0.0
2050-06-04 12:00:00,0.0,35.07137254918803,0.0,20.50947863780553,0.0,0.0,8.378387636720271
2050-06-04 13:00:00,0.0,0.0679477488511111,0.0,0.0,0.0,0.0,0.0
2050-06-04 14:00:00,0.0,18.909023077007987,0.0,0.0,0.0,0.0,0.0
2050-06-04 15:00:00,0.0,35.16725755290918,0.0,0.0,0.0,0.0,0.0
2050-06-04 16:00:00,0.0,28.46784840073542,0.0,0.0,0.0,0.0,0.0
2050-06-04 17:00:00,0.0,36.00431287124343,0.0,0.0,0.0,0.0,0.0
2050-06-04 18:00:00,0.0,38.24184521298139,0.0,0.0,0.0,0.0,0.0
2050-06-04 19:00:00,0.0,38.11660053160199,0.0,0.0,0.0,0.0,0.0
2050-06-04 20:00:00,0.0,4.133408979930209,0.0,0.0,0.0,0.0,0.0
2050-06-04 21:00:00,0.0,3.7883656872718348,0.0,0.0,0.0,0.0,0.0
2050-06-04 22:00:00,0.0,42.16550816297013,0.0,0.0,0.0,0.0,0.0
2050-06-04 23:00:00,0.0,0.08912394174467408,0.0,0.0,0.0,0.0,0.0
2050-06-05 00:00:00,0.0,41.77113079127389,0.0,0.0,0.0,0.0,0.0
2050-06-05 01:00:00,0.0,44.331480215593274,0.0,0.0,0.0,0.0,0.0
2050-06-05 02:00:00,0.0,0.0,0.0,0.0,0.0,0.0,0.0
2050-06-05 03:00:00,0.0,42.899789543369025,0.0,0.0,0.0,0.0,0.0
2050-06-05 04:00:00,0.0,0.0,0.0,0.0,0.0,0.0,0.0
2050-06-05 05:00:00,0.0,42.00520691374959,0.0,0.0,0.0,0.0,0.0
2050-06-05 06:00:00,0.0,0.14369688538818082,0.0,0.0,0.0,0.0,0.0
2050-06-05 07:00:00,0.0,38.3707714742352,0.0,0.0,0.0,0.0,0.0
2050-06-05 08:00:00,0.0,6.447210142675431,0.0,0.0,0.0,0.0,0.0
2050-06-05 09:00:00,0.0,37.04394489486299,0.0,0.0,0.0,0.0,0.0
2050-06-05 10:00:00,0.0,4.12805566959878,0.0,0.0,0.0,0.0,0.0
2050-06-05 11:00:00,0.0,34.7865759158974,0.0,0.0,0.0,0.0,0.0
2050-06-05 12:00:00,0.0,9.494345927772883,0.0,0.0,0.0,0.0,0.0
2050-06-05 13:00:00,0.0,34.802178641474256,0.0,0.0,0.0,0.0,0.0
2050-06-05 14:00:00,0.0,34.14684409982169,0.0,0.0,0.0,0.0,0.0
2050-06-05 15:00:00,0.0,34.91282182232362,18.813502763797466,0.0,0.0,13.169451934658225,0.0
2050-06-05 16:00:00,0.0,36.31706479741911,30.965982022722397,0.0,0.0,20.247789336177995,0.0
2050-06-05 17:00:00,0.0,36.03146735729047,37.7380692639674,0.0,0.0,20.247789336177995,0.0
2050-06-05 18:00:00,0.0,38.03721782727234,37.7380692639674,0.0,0.0,20.247789336177995,0.0
2050-06-05 19:00:00,0.0,37.27620371294233,37.7380692639674,0.0,0.0,20.247789336177995,0.0
2050-06-05 20:00:00,0.0,41.09085063186831,37.7380692639674,0.0,0.0,20.247789336177995,0.0
2050-06-05 21:00:00,0.0,41.57027920441237,37.7380692639674,0.0,0.0,20.247789336177995,0.0
2050-06-05 22:00:00,0.0,41.175772400487176,37.7380692639674,0.0,0.0,20.247789336177995,0.0
2050-06-05 23:00:00,0.0,43.393203808385124,37.7380692639674,0.0,0.0,20.247789336177995,0.0
2050-06-06 00:00:00,0.0,46.39812296138939,37.7380692639674,0.0,0.0,20.247789336177995,0.0
2050-06-06 01:00:00,0.0,46.509396887667435,37.7380692639674,0.0,0.0,20.247789336177995,0.0
2050-06-06 02:00:00,0.0,45.472445118030464,37.7380692639674,0.0,0.0,20.247789336177995,0.0
2050-06-06 03:00:00,0.0,47.23469740643668,37.7380692639674,0.0,0.0,20.247789336177995,0.0
2050-06-06 04:00:00,0.0,44.31176870213517,37.7380692639674,0.0,0.0,20.247789336177995,0.0
2050-06-06 05:00:00,0.0,44.1715981158668,37.7380692639674,0.0,0.0,20.247789336177995,0.0
2050-06-06 06:00:00,0.0,43.02845669168187,37.7380692639674,0.0,0.0,20.247789336177995,0.0
2050-06-06 07:00:00,0.0,40.710899593081876,37.7380692639674,0.0,0.0,20.247789336177995,0.0
2050-06-06 08:00:00,0.0,40.509314820176996,37.7380692639674,0.0,0.0,20.247789336177995,0.0
2050-06-06 09:00:00,0.0,39.27303210388618,37.7380692639674,0.0,0.0,20.247789336177995,0.0
2050-06-06 10:00:00,0.0,37.87292392078348,37.7380692639674,0.0,0.0,20.247789336177995,0.0
2050-06-06 11:00:00,0.0,37.81980906455806,37.7380692639674,0.0,0.0,20.247789336177995,0.0
2050-06-06 12:00:00,0.0,36.54029705684047,37.7380692639674,0.0,0.0,20.247789336177995,0.0
2050-06-06 13:00:00,0.0,36.13984102495283,37.7380692639674,0.0,0.0,20.247789336177995,0.0
2050-06-06 14:00:00,0.0,38.295824922960946,37.7380692639674,0.0,0.0,20.247789336177995,0.0
2050-06-06 15:00:00,0.0,37.225774428741715,37.7380692639674,0.0,0.0,8.461309089638206,0.0
2050-06-06 16:00:00,0.0,38.12338896287247,37.7380692639674,0.0,0.0,0.0,0.0
2050-06-06 17:00:00,0.0,39.040060968015496,37.7380692639674,0.0,0.0,0.0,0.0
2050-06-06 18:00:00,0.0,40.61017420961616,37.7380692639674,0.0,0.0,0.0,0.0
2050-06-06 19:00:00,0.0,40.49200540331458,37.7380692639674,0.0,0.0,0.0,0.0
2050-06-06 20:00:00,0.0,41.39670596953215,19.50853697372753,0.0,0.0,0.0,0.0
2050-06-06 21:00:00,0.0,43.624780924093784,2.2765120952890214,0.0,0.0,0.0,0.0
2050-06-06 22:00:00,0.0,44.82094980976967,0.0,0.0,0.0,0.0,0.0
2050-06-06 23:00:00,0.0,45.41862502534627,0.0,0.0,0.0,0.0,0.0
2050-06-07 00:00:00,0.0,45.879168124591615,0.0,0.0,0.0,0.0,0.0
2050-06-07 01:00:00,0.0,47.49317095417564,0.0,0.0,0.0,0.0,0.0
2050-06-07 02:00:00,0.0,45.78952340268097,0.0,0.0,0.0,0.0,0.0
2050-06-07 03:00:00,0.0,47.25171836451068,0.0,8.929855339608238,0.0,0.0,0.0
2050-06-07 04:00:00,0.0,45.20078776520427,0.0,48.62552183750089,0.0,0.0,0.0
2050-06-07 05:00:00,0.0,44.37407581649177,0.0,48.62552183750089,0.0,0.0,0.0
2050-06-07 06:00:00,0.0,43.18816623114094,0.0,48.62552183750089,0.0,0.0,0.0
2050-06-07 07:00:00,0.0,28.31212375857467,0.0,48.62552183750089,0.0,0.0,0.0
2050-06-07 08:00:00,0.0,27.445925775657543,0.0,48.62552183750089,0.0,0.0,0.7603946292175449
2050-06-07 09:00:00,0.0,39.436537119442846,0.0,48.62552183750089,0.0,0.0,38.394910120795046
2050-06-07 10:00:00,0.0,38.10190586488693,0.0,48.62552183750089,0.0,0.0,38.394910120795046
2050-06-07 11:00:00,0.0,26.068100113713626,0.0,37.62701191837915,0.0,0.0,38.394910120795046
2050-06-07 12:00:00,0.0,36.74106975353493,0.0,37.62701191837915,0.0,0.0,38.394910120795046
2050-06-07 13:00:00,0.0,28.23099361922823,0.0,37.62701191837915,0.0,0.0,38.394910120795046
2050-06-07 14:00:00,0.0,29.93858106455582,0.0,37.62701191837915,0.0,0.0,38.394910120795046
2050-06-07 15:00:00,0.0,32.73591989227816,0.0,37.62701191837915,0.0,0.0,38.394910120795046
2050-06-07 16:00:00,0.0,38.21602092422472,0.0,32.0612983903412,0.0,0.0,32.71561060238898
2050-06-07 17:00:00,0.0,38.84381149802243,0.0,10.786689107918876,0.0,0.0,11.006825620325385
2050-06-07 18:00:00,0.0,40.724370404419915,0.0,0.0,0.0,0.0,0.0
2050-06-07 19:00:00,0.0,42.97696424345736,0.0,25.421551622090778,0.0,0.0,25.940358798051815
2050-06-07 20:00:00,0.0,43.21725589786115,0.0,37.62701191837915,0.0,0.0,38.394910120795046
2050-06-07 21:00:00,0.0,43.6524344454358,0.0,37.62701191837915,0.0,0.0,38.394910120795046
2050-06-07 22:00:00,0.0,29.151974759170116,0.0,37.62701191837915,0.0,0.0,38.394910120795046
2050-06-07 23:00:00,0.0,20.479614656178,0.0,21.03894183017546,0.0,0.0,21.46830798997496
2050-06-08 00:00:00,0.0,9.123359022302338,0.0,0.0,0.0,0.0,0.0
2050-06-08 01:00:00,0.0,46.41618381109856,0.0,0.0,0.0,0.0,0.0
2050-06-08 02:00:00,0.0,9.586552394756382,0.0,0.0,0.0,0.0,0.0
2050-06-08 03:00:00,0.0,45.51175781489178,0.0,0.0,0.0,0.0,0.0
2050-06-08 04:00:00,0.0,44.1034280527183,0.0,0.0,0.0,0.0,0.0
2050-06-08 05:00:00,0.0,4.710712854106077,0.0,0.0,0.0,0.0,0.0
2050-06-08 06:00:00,0.0,44.35972596820966,0.0,0.0,0.0,0.0,0.0
2050-06-08 07:00:00,0.0,42.10107218741382,0.0,0.0,0.0,0.0,0.0
2050-06-08 08:00:00,0.0,39.536760496866236,0.0,0.0,0.0,0.0,0.0
2050-06-08 09:00:00,0.0,0.14639156520752294,0.0,0.0,0.0,0.0,0.0
2050-06-08 10:00:00,0.0,37.48546219071022,0.0,0.0,0.0,0.0,0.0
2050-06-08 11:00:00,0.0,0.0,0.0,0.0,0.0,0.0,0.0
2050-06-08 12:00:00,0.0,35.67213605888924,0.0,0.0,0.0,0.0,0.0
2050-06-08 13:00:00,0.0,36.77949653171186,0.0,0.0,0.0,0.0,0.0
2050-06-08 14:00:00,0.0,2.3459583277681304,0.0,0.0,0.0,0.0,0.0
2050-06-08 15:00:00,0.0,10.532149412521903,0.0,0.0,0.0,0.0,0.0
2050-06-08 16:00:00,0.0,37.80365901961204,0.0,0.0,0.0,0.0,0.0
2050-06-08 17:00:00,0.0,20.047567229253673,0.0,0.0,0.0,0.0,0.0
2050-06-08 18:00:00,0.0,40.5244717454043,0.0,0.0,0.0,0.0,0.0
2050-06-08 19:00:00,0.0,6.458051102976697,0.0,0.0,0.0,0.0,0.0
2050-06-08 20:00:00,0.0,42.101237303823154,0.0,0.0,0.0,0.0,0.0
2050-06-08 21:00:00,0.0,0.05331841137058291,0.0,0.0,0.0,0.0,0.0
2050-06-08 22:00:00,0.0,0.09534403250791001,0.0,0.0,0.0,0.0,0.0
2050-06-08 23:00:00,0.0,46.93804466610095,0.0,0.0,0.0,0.0,0.0
2050-06-09 00:00:00,0.0,0.117526949713465,0.0,0.0,0.0,0.0,0.0
2050-06-09 01:00:00,0.0,0.1177453176619565,0.0,0.0,0.0,0.0,0.0
2050-06-09 02:00:00,0.0,45.72844711316816,0.0,0.0,0.0,0.0,0.0
2050-06-09 03:00:00,0.0,2.293201000913996,0.0,0.0,0.0,0.0,0.0
2050-06-09 04:00:00,0.0,45.996813674925306,0.0,0.0,0.0,0.0,0.0
2050-06-09 05:00:00,0.0,6.433364102984342,0.0,0.0,0.0,0.0,0.0
2050-06-09 06:00:00,0.0,41.96505341176794,0.0,0.0,0.0,0.0,0.0
2050-06-09 07:00:00,0.0,13.086038064875083,0.0,0.0,0.0,0.0,0.0
2050-06-09 08:00:00,0.0,23.9308501153173,0.0,0.0,0.0,0.0,0.0
2050-06-09 09:00:00,0.0,38.32204116419666,10.3097770076401,0.0,0.0,7.21684390534807,0.0
2050-06-09 10:00:00,0.0,38.04908132611649,14.111665898732277,0.0,0.0,9.878166129112593,0.0
2050-06-09 11:00:00,0.0,37.44713988392073,32.24745382039464,0.0,0.0,4.082709363988275,0.0
2050-06-09 12:00:00,0.0,37.74324781703922,27.997752589018774,0.0,0.0,0.0,0.0
2050-06-09 13:00:00,0.0,35.327158068859035,23.36122415428889,0.0,0.0,0.0,0.0
2050-06-09 14:00:00,0.0,37.60930391352281,29.946105461284326,0.0,0.0,0.0,0.0
2050-06-09 15:00:00,0.0,36.95117626429487,8.436825398572104,0.0,0.0,0.0,0.0
2050-06-09 16:00:00,0.0,37.11596651226887,10.61252637280235,0.0,0.0,0.0,0.0
2050-06-09 17:00:00,0.0,38.802701415833326,13.663922484858276,0.0,0.0,0.0,0.0
2050-06-09 18:00:00,0.0,41.40403357424225,6.277082220493433,0.0,0.0,0.0,0.0
2050-06-09 19:00:00,0.0,40.44060175553773,0.0,0.0,0.0,0.0,0.0
2050-06-09 20:00:00,0.0,43.224297415130195,0.0,0.0,0.0,0.0,0.0
2050-06-09 21:00:00,0.0,42.92932123936248,0.0,0.0,0.0,0.0,0.0
2050-06-09 22:00:00,0.0,43.07370675534435,0.0,0.0,0.0,0.0,0.0
2050-06-09 23:00:00,0.0,46.37106475557357,0.0,1.5948989282063957,0.0,0.0,0.0
2050-06-10 00:00:00,0.0,46.36451687346312,0.0,3.42814410785078,0.0,0.0,0.0
2050-06-10 01:00:00,0.0,47.977497056525635,0.0,48.62552183750089,0.0,0.0,0.0
2050-06-10 02:00:00,0.0,46.26872871857722,0.0,34.304924852334594,0.0,0.0,0.0
2050-06-10 03:00:00,0.0,44.301794093194076,0.0,12.826770167347634,0.0,0.0,0.0
2050-06-10 04:00:00,0.0,46.19914454416835,0.0,1.3031622940921104,0.0,0.0,0.0
2050-06-10 05:00:00,0.0,44.55751729304984,11.618903029885608,0.0,0.0,8.133232120919926,0.0
2050-06-10 06:00:00,0.0,42.88428012100462,20.4952498129879,0.0,0.0,14.34667486909153,0.0
2050-06-10 07:00:00,0.0,42.10056726611742,23.124788059254314,0.0,0.0,16.18735164147802,0.0
2050-06-10 08:00:00,0.0,41.38947021606418,22.113624648556417,0.0,0.0,15.479537253989491,0.0
2050-06-10 09:00:00,0.0,39.87802989517854,23.76102627573728,0.0,0.0,16.632718393016095,0.0
2050-06-10 10:00:00,0.0,37.11135243280523,37.7380692639674,0.0,0.0,20.247789336177995,0.0
2050-06-10 11:00:00,0.0,37.02280008590651,37.7380692639674,0.0,0.0,20.247789336177995,0.0
2050-06-10 12:00:00,0.0,37.00237620388543,37.7380692639674,0.0,0.0,20.247789336177995,0.0
2050-06-10 13:00:00,0.0,36.61673076558145,37.7380692639674,0.0,0.0,20.247789336177995,0.0
2050-06-10 14:00:00,0.0,36.88489740686305,37.7380692639674,0.0,0.0,20.247789336177995,0.0
2050-06-10 15:00:00,0.0,37.18605656172258,37.7380692639674,0.0,0.0,20.247789336177995,0.0
2050-06-10 16:00:00,0.0,36.91985479218761,37.7380692639674,0.0,0.0,20.247789336177995,0.0
2050-06-10 17:00:00,0.0,39.64610441644754,37.7380692639674,0.0,0.0,20.247789336177995,0.0
2050-06-10 18:00:00,0.0,40.223446164191955,37.7380692639674,0.0,0.0,20.247789336177995,0.0
2050-06-10 19:00:00,0.0,40.33558170300057,37.7380692639674,0.0,0.0,20.247789336177995,0.0
2050-06-10 20:00:00,0.0,44.29282549144341,37.7380692639674,0.0,0.0,3.3170960424613583,0.0
2050-06-10 21:00:00,0.0,43.78159315785206,37.7380692639674,0.0,0.0,0.0,0.0
2050-06-10 22:00:00,0.0,45.61497918464761,37.7380692639674,0.0,0.0,0.0,0.0
2050-06-10 23:00:00,0.0,45.1001474941113,37.7380692639674,0.0,0.0,0.0,0.0
2050-06-11 00:00:00,0.0,43.8191694157656,37.7380692639674,0.0,0.0,0.0,0.0
2050-06-11 01:00:00,0.0,43.657636956915894,37.7380692639674,0.0,0.0,0.0,0.0
2050-06-11 02:00:00,0.0,45.28976546560875,37.7380692639674,0.0,0.0,0.0,0.0
2050-06-11 03:00:00,0.0,41.92361820739097,36.43141432514919,0.0,0.0,0.0,0.0
2050-06-11 04:00:00,0.0,42.91560979100154,9.504428559572816,0.0,0.0,0.0,0.0
2050-06-11 05:00:00,0.0,41.349171853978305,0.0,0.0,0.0,0.0,0.0
2050-06-11 06:00:00,0.0,40.890005748948624,0.0,0.8974402402372919,0.0,0.0,0.0
2050-06-11 07:00:00,0.0,39.274822769004686,0.0,8.678726698425084,0.0,0.0,0.0
2050-06-11 08:00:00,0.0,37.550948875756376,0.0,6.765731416562113,0.0,0.0,0.0
2050-06-11 09:00:00,0.0,37.40137065619069,0.0,39.14874358428759,0.0,0.0,0.0
2050-06-11 10:00:00,0.0,35.7976895695474,0.0,24.965573968921934,0.0,0.0,0.0
2050-06-11 11:00:00,0.0,35.76698404901117,0.0,2.5982658272633974,0.0,0.0,0.0
2050-06-11 12:00:00,0.0,34.949471738201055,0.0,0.0,0.0,0.0,0.0
2050-06-11 13:00:00,0.0,34.05806700309358,0.0,0.0,0.0,0.0,0.0
2050-06-11 14:00:00,0.0,35.15084619373488,0.0,0.0,0.0,0.0,0.0
2050-06-11 15:00:00,0.0,33.738779469787005,0.0,0.0,0.0,0.0,0.0
2050-06-11 16:00:00,0.0,35.44921935302091,0.0,0.0,0.0,0.0,0.0
2050-06-11 17:00:00,0.0,37.16592769856652,0.0,0.0,0.0,0.0,0.0
2050-06-11 18:00:00,0.0,38.93965997588384,0.0,0.0,0.0,0.0,0.0
2050-06-11 19:00:00,0.0,38.63048221314057,0.0,0.0,0.0,0.0,0.0
2050-06-11 20:00:00,0.0,39.531732161945456,0.0,21.36809635793039,0.0,0.0,0.0
2050-06-11 21:00:00,0.0,42.643024159919605,0.0,48.62552183750089,0.0,0.0,0.0
2050-06-11 22:00:00,0.0,43.61381992966267,0.0,48.62552183750089,0.0,0.0,0.0
2050-06-11 23:00:00,0.0,26.898723358694042,0.0,48.62552183750089,0.0,0.0,0.0
2050-06-12 00:00:00,0.0,43.86392102090872,0.0,48.62552183750089,0.0,0.0,38.04786064675611
2050-06-12 01:00:00,0.0,34.83081004764699,0.0,48.62552183750089,0.0,0.0,38.394910120795046
2050-06-12 02:00:00,0.0,44.195649257296054,0.0,37.62701191837915,0.0,0.0,38.394910120795046
2050-06-12 03:00:00,0.0,29.985652118097278,0.0,37.62701191837915,0.0,0.0,38.394910120795046
2050-06-12 04:00:00,0.0,27.993867845706063,0.0,37.62701191837915,0.0,0.0,38.394910120795046
2050-06-12 05:00:00,0.0,39.35023154870373,0.0,37.62701191837915,0.0,0.0,38.394910120795046
2050-06-12 06:00:00,0.0,25.37495688361969,0.0,37.62701191837915,0.0,0.0,38.394910120795046
2050-06-12 07:00:00,0.0,18.51129159014772,0.0,21.756273860669257,0.0,0.0,22.200279449662506
2050-06-12 08:00:00,0.0,36.240434269671596,0.0,0.0,0.0,0.0,0.0
2050-06-12 09:00:00,0.0,5.9945398705235675,0.0,0.0,0.0,0.0,0.0
2050-06-12 10:00:00,0.0,35.139033723082775,0.0,0.0,0.0,0.0,0.0
2050-06-12 11:00:00,0.0,1.446661625768229,0.0,0.0,0.0,0.0,0.0
2050-06-12 12:00:00,0.0,33.49234802448268,0.0,0.0,0.0,0.0,0.0
2050-06-12 13:00:00,0.0,34.67729687607198,0.0,0.0,0.0,0.0,0.0
2050-06-12 14:00:00,0.0,34.47560726717256,0.0,0.0,0.0,0.0,0.0
2050-06-12 15:00:00,0.0,22.0771865930692,0.0,0.0,0.0,0.0,0.0
2050-06-12 16:00:00,0.0,31.06663946162371,0.0,0.0,0.0,0.0,0.0
2050-06-12 17:00:00,0.0,37.9966717805778,0.0,0.0,0.0,0.0,0.0
2050-06-12 18:00:00,0.0,37.59807982996949,0.0,0.0,0.0,0.0,0.0
2050-06-12 19:00:00,0.0,40.26243637530706,0.0,0.0,0.0,0.0,0.0
2050-06-12 20:00:00,0.0,28.445055965593383,0.0,0.0,0.0,0.0,0.0
2050-06-12 21:00:00,0.0,41.198074103194585,0.0,0.0,0.0,0.0,0.0
2050-06-12 22:00:00,0.0,42.00128624404306,0.0,0.0,0.0,0.0,0.0
2050-06-12 23:00:00,0.0,0.11501618183820028,0.0,0.0,0.0,0.0,0.0
2050-06-13 00:00:00,0.0,0.16299479253666505,0.0,0.0,0.0,0.0,0.0
2050-06-13 01:00:00,0.0,0.13964044325030045,0.0,0.0,0.0,0.0,0.0
2050-06-13 02:00:00,0.0,0.12844328312803555,0.0,0.0,0.0,0.0,0.0
2050-06-13 03:00:00,0.0,44.68630100991163,0.0,0.0,0.0,0.0,0.0
2050-06-13 04:00:00,0.0,0.17661550049569996,0.0,0.0,0.0,0.0,0.0
2050-06-13 05:00:00,0.0,45.11542685364134,0.0,0.0,0.0,0.0,0.0
2050-06-13 06:00:00,0.0,1.3430057702671547,0.0,0.0,0.0,0.0,0.0
2050-06-13 07:00:00,0.0,44.10269959075549,0.0,0.0,0.0,0.0,0.0
2050-06-13 08:00:00,0.0,4.149575013717822,0.0,0.0,0.0,0.0,0.0
2050-06-13 09:00:00,0.0,4.642177746060497,0.0,0.0,0.0,0.0,0.0
2050-06-13 10:00:00,0.0,37.404933448854536,0.0,0.0,0.0,0.0,0.0
2050-06-13 11:00:00,0.0,36.497202600902256,0.0,0.0,0.0,0.0,0.0
2050-06-13 12:00:00,0.0,35.9228143512687,0.0,0.0,0.0,0.0,0.0
2050-06-13 13:00:00,0.0,4.4802123309095805,0.0,0.0,0.0,0.0,0.0
2050-06-13 14:00:00,0.0,37.08740108139614,0.0,0.0,0.0,0.0,0.0
2050-06-13 15:00:00,0.0,37.97558624813814,0.0,0.0,0.0,0.0,0.0
2050-06-13 16:00:00,0.0,23.62829181970983,0.0,0.0,0.0,0.0,0.0
2050-06-13 17:00:00,0.0,31.091902208895135,0.0,0.0,0.0,0.0,0.0
2050-06-13 18:00:00,0.0,35.09242832188511,0.0,0.0,0.0,0.0,0.0
2050-06-13 19:00:00,0.0,42.42612666635159,0.0,0.0,0.0,0.0,0.0
2050-06-13 20:00:00,0.0,29.203201969344263,0.0,0.0,0.0,0.0,0.0
2050-06-13 21:00:00,0.0,44.28967154729071,0.0,0.0,0.0,0.0,0.0
2050-06-13 22:00:00,0.0,28.243181755991827,0.0,0.0,0.0,0.0,0.0
2050-06-13 23:00:00,0.0,47.03887695022627,0.0,0.0,0.0,0.0,0.0
2050-06-14 00:00:00,0.0,31.10994491719839,0.0,0.0,0.0,0.0,0.0
2050-06-14 01:00:00,0.0,46.11228480054865,0.0,0.0,0.0,0.0,0.0
2050-06-14 02:00:00,0.0,26.421026245637677,0.0,0.0,0.0,0.0,0.0
2050-06-14 03:00:00,0.0,21.179879590797555,0.0,0.0,0.0,0.0,0.0
2050-06-14 04:00:00,0.0,44.634828985755576,0.0,0.0,0.0,0.0,0.0
2050-06-14 05:00:00,0.0,8.589010524764944,0.0,0.0,0.0,0.0,0.0
2050-06-14 06:00:00,0.0,43.023195703650345,0.0,0.0,0.0,0.0,0.0
2050-06-14 07:00:00,0.0,43.19573383286183,0.0,0.0,0.0,0.0,0.0
2050-06-14 08:00:00,0.0,3.2243299768410907,0.0,0.0,0.0,0.0,0.0
2050-06-14 09:00:00,0.0,2.8092346557532437,0.0,0.0,0.0,0.0,0.0
2050-06-14 10:00:00,0.0,5.486662796771725,0.0,0.0,0.0,0.0,0.0
2050-06-14 11:00:00,0.0,37.162704653068886,0.0,0.0,0.0,0.0,0.0
2050-06-14 12:00:00,0.0,37.15287880541314,0.0,0.0,0.0,0.0,0.0
2050-06-14 13:00:00,0.0,36.01206412174906,0.0,0.0,0.0,0.0,0.0
2050-06-14 14:00:00,0.0,37.750358249332976,0.0,0.0,0.0,0.0,0.0
2050-06-14 15:00:00,0.0,19.65571119946344,0.0,0.0,0.0,0.0,0.0
2050-06-14 16:00:00,0.0,38.18889685545628,0.0,0.0,0.0,0.0,0.0
2050-06-14 17:00:00,0.0,25.40266782511071,0.0,0.0,0.0,0.0,0.0
2050-06-14 18:00:00,0.0,40.70263965687309,0.0,0.0,0.0,0.0,0.0
2050-06-14 19:00:00,0.0,36.67948131281082,0.0,0.0,0.0,0.0,0.0
2050-06-14 20:00:00,0.0,41.28777410394241,0.0,0.0,0.0,0.0,0.0
2050-06-14 21:00:00,0.0,24.648645795442462,0.0,0.0,0.0,0.0,0.0
2050-06-14 22:00:00,0.0,45.42173804253093,0.0,0.0,0.0,0.0,0.0
2050-06-14 23:00:00,0.0,48.046935879788634,0.0,0.0,0.0,0.0,0.0
2050-06-15 00:00:00,0.0,47.776600402371514,0.0,0.0,0.0,0.0,0.0
2050-06-15 01:00:00,0.0,12.144839156536364,0.0,0.0,0.0,0.0,0.0
2050-06-15 02:00:00,0.0,10.556360667702847,0.0,0.0,0.0,0.0,0.0
2050-06-15 03:00:00,0.0,9.313031995041456,0.0,0.0,0.0,0.0,0.0
2050-06-15 04:00:00,0.0,11.150730385895713,0.0,0.0,0.0,0.0,0.0
2050-06-15 05:00:00,0.0,12.295663644643355,0.0,0.0,0.0,0.0,0.0
2050-06-15 06:00:00,0.0,15.739996991560474,0.0,0.0,0.0,0.0,0.0
2050-06-15 07:00:00,0.0,41.88743326750705,0.0,0.0,0.0,0.0,0.0
2050-06-15 08:00:00,0.0,41.51585966205312,0.0,0.0,0.0,0.0,0.0
2050-06-15 09:00:00,0.0,24.672777946223505,0.0,0.0,0.0,0.0,0.0
2050-06-15 10:00:00,0.0,38.33012396167328,0.0,0.0,0.0,0.0,0.0
2050-06-15 11:00:00,0.0,38.42514607687599,0.0,0.0,0.0,0.0,0.0
2050-06-15 12:00:00,0.0,37.076406391882074,21.031470403620865,0.0,0.0,14.722029282534605,0.0
2050-06-15 13:00:00,0.0,37.37333380681048,37.7380692639674,0.0,0.0,20.247789336177995,0.0
2050-06-15 14:00:00,0.0,35.983350474380586,37.7380692639674,0.0,0.0,20.247789336177995,0.0
2050-06-15 15:00:00,0.0,37.82219256394296,37.7380692639674,0.0,0.0,20.247789336177995,0.0
2050-06-15 16:00:00,0.0,38.528552352268434,37.7380692639674,0.0,0.0,20.247789336177995,0.0
2050-06-15 17:00:00,0.0,37.94770962822622,37.7380692639674,0.0,0.0,20.247789336177995,0.0
2050-06-15 18:00:00,0.0,39.458005590929815,37.7380692639674,0.0,0.0,20.247789336177995,0.0
2050-06-15 19:00:00,0.0,42.82851113640231,37.7380692639674,0.0,0.0,20.247789336177995,0.0
2050-06-15 20:00:00,0.0,42.93693632908548,37.7380692639674,0.0,0.0,20.247789336177995,0.0
2050-06-15 21:00:00,0.0,45.56722305888161,37.7380692639674,0.0,0.0,20.247789336177995,0.0
2050-06-15 22:00:00,0.0,46.42429768802481,37.7380692639674,0.0,0.0,20.247789336177995,0.0
2050-06-15 23:00:00,0.0,45.60212643780369,37.7380692639674,0.0,0.0,20.247789336177995,0.0
2050-06-16 00:00:00,0.0,45.65946305345096,37.7380692639674,0.0,0.0,20.247789336177995,0.0
2050-06-16 01:00:00,0.0,46.8135230942778,37.7380692639674,0.0,0.0,20.247789336177995,0.0
2050-06-16 02:00:00,0.0,46.54851801406335,37.7380692639674,0.0,0.0,20.247789336177995,0.0
2050-06-16 03:00:00,0.0,45.34029361077296,37.7380692639674,0.0,0.0,20.247789336177995,0.0
2050-06-16 04:00:00,0.0,45.654822159463265,37.7380692639674,0.0,0.0,20.247789336177995,0.0
2050-06-16 05:00:00,0.0,44.99055949747162,37.7380692639674,0.0,0.0,20.247789336177995,0.0
2050-06-16 06:00:00,0.0,44.94169239215057,37.7380692639674,0.0,0.0,20.247789336177995,0.0
2050-06-16 07:00:00,0.0,41.80376663540574,37.7380692639674,0.0,0.0,20.247789336177995,0.0
2050-06-16 08:00:00,0.0,40.56577313736443,37.7380692639674,0.0,0.0,20.247789336177995,0.0
2050-06-16 09:00:00,0.0,40.57857657938098,37.7380692639674,0.0,0.0,20.247789336177995,0.0
2050-06-16 10:00:00,0.0,39.51759503458379,37.7380692639674,0.0,0.0,20.247789336177995,0.0
2050-06-16 11:00:00,0.0,37.493698673636345,37.7380692639674,0.0,0.0,20.247789336177995,0.0
2050-06-16 12:00:00,0.0,36.748036560367154,37.7380692639674,0.0,0.0,20.247789336177995,0.0
2050-06-16 13:00:00,0.0,36.43214800218334,37.7380692639674,0.0,0.0,20.247789336177995,0.0
2050-06-16 14:00:00,0.0,37.62711637146731,37.7380692639674,0.0,0.0,20.247789336177995,0.0
2050-06-16 15:00:00,0.0,37.35390507523084,37.7380692639674,0.0,0.0,20.247789336177995,0.0
2050-06-16 16:00:00,0.0,37.88292607238168,37.7380692639674,0.0,0.0,20.247789336177995,0.0
2050-06-16 17:00:00,0.0,39.2852253331705,37.7380692639674,0.0,0.0,20.247789336177995,0.0
2050-06-16 18:00:00,0.0,41.169047182967006,37.7380692639674,0.0,0.0,20.247789336177995,0.0
2050-06-16 19:00:00,0.0,42.179024067845376,37.7380692639674,0.0,0.0,20.247789336177995,0.0
2050-06-16 20:00:00,0.0,43.62826559506561,37.7380692639674,0.0,0.0,20.247789336177995,0.0
2050-06-16 21:00:00,0.0,45.67578672446689,37.7380692639674,0.0,0.0,20.247789336177995,0.0
2050-06-16 22:00:00,0.0,45.32610627569602,37.7380692639674,0.0,0.0,20.247789336177995,0.0
2050-06-16 23:00:00,0.0,45.744958719805936,37.7380692639674,0.0,0.0,20.247789336177995,0.0
2050-06-17 00:00:00,0.0,48.88148507076676,37.7380692639674,0.0,0.0,20.247789336177995,0.0
2050-06-17 01:00:00,0.0,46.51930133953215,37.7380692639674,0.0,0.0,20.247789336177995,0.0
2050-06-17 02:00:00,0.0,47.04657734451757,37.7380692639674,0.0,0.0,20.247789336177995,0.0
2050-06-17 03:00:00,0.0,44.681499679317994,37.7380692639674,0.0,0.0,20.247789336177995,0.0
2050-06-17 04:00:00,0.0,45.898361577467995,37.7380692639674,0.0,0.0,20.247789336177995,0.0
2050-06-17 05:00:00,0.0,44.55576895784748,37.7380692639674,0.0,0.0,20.247789336177995,0.0
2050-06-17 06:00:00,0.0,45.13986564777065,37.7380692639674,0.0,0.0,20.247789336177995,0.0
2050-06-17 07:00:00,0.0,40.989792822140544,37.7380692639674,0.0,0.0,20.247789336177995,0.0
2050-06-17 08:00:00,0.0,38.7210267838791,37.7380692639674,0.0,0.0,20.247789336177995,0.0
2050-06-17 09:00:00,0.0,38.59806438705232,37.7380692639674,0.0,0.0,20.247789336177995,0.0
2050-06-17 10:00:00,0.0,37.78018144568546,3.066915383486034,0.0,0.0,20.247789336177995,0.0
2050-06-17 11:00:00,0.0,36.509915329077785,15.227023972110104,0.0,0.0,20.247789336177995,0.0
2050-06-17 12:00:00,0.0,37.55473325512753,37.7380692639674,0.0,0.0,20.247789336177995,0.0
2050-06-17 13:00:00,0.0,37.359525916834855,37.7380692639674,0.0,0.0,20.247789336177995,0.0
2050-06-17 14:00:00,0.0,36.53507003927439,34.9794930307332,0.0,0.0,20.247789336177995,0.0
2050-06-17 15:00:00,0.0,37.88190779570209,29.3007551768252,0.0,0.0,20.247789336177995,0.0
2050-06-17 16:00:00,0.0,38.141313962905315,32.729247947308444,0.0,0.0,20.247789336177995,0.0
2050-06-17 17:00:00,0.0,39.540883544065764,31.18251736937941,0.0,0.0,20.247789336177995,0.0
2050-06-17 18:00:00,0.0,40.34571724649982,20.69811165999225,0.0,0.0,6.706327373469776,0.0
2050-06-17 19:00:00,0.0,42.92631006539182,0.0,0.0,0.0,0.0,0.0
2050-06-17 20:00:00,0.0,43.044577373193306,0.0,0.0,0.0,0.0,0.0
2050-06-17 21:00:00,0.0,44.60971231826602,0.0,0.0,0.0,0.0,0.0
2050-06-17 22:00:00,0.0,46.25452308586068,0.0,19.637810773061542,0.0,0.0,0.0
2050-06-17 23:00:00,0.0,46.13440212077535,0.0,12.27739587514183,0.0,0.0,0.0
2050-06-18 00:00:00,0.0,43.98865586465604,0.0,33.853489682280795,0.0,0.0,0.0
2050-06-18 01:00:00,0.0,45.73343373368175,0.0,48.62552183750089,0.0,0.0,0.0
2050-06-18 02:00:00,0.0,44.799275844799695,0.0,38.9022194984175,0.0,0.0,0.0
2050-06-18 03:00:00,0.0,44.21875695660219,0.0,31.300852258738562,0.0,0.0,0.0
2050-06-18 04:00:00,0.0,42.46865885079683,0.0,20.861191493608302,0.0,0.0,0.0
2050-06-18 05:00:00,0.0,42.78636341775791,0.0,16.227042864839852,0.0,0.0,0.0
2050-06-18 06:00:00,0.0,41.435146302143266,0.0,15.846662964751395,0.0,0.0,0.0
2050-06-18 07:00:00,0.0,39.7786788257024,0.0,22.11594114271326,0.0,0.0,0.0
2050-06-18 08:00:00,0.0,38.59843057632793,0.0,27.121111905693446,0.0,0.0,13.645158685605903
2050-06-18 09:00:00,0.0,36.960872941187745,0.0,8.07145727700829,0.0,0.0,8.236180894906418
2050-06-18 10:00:00,0.0,37.34533262053037,3.400137916587994,0.0,0.0,2.3800965416115956,0.0
2050-06-18 11:00:00,0.0,34.80344023745238,29.64673332177368,0.0,0.0,20.247789336177995,0.0
2050-06-18 12:00:00,0.0,35.42250532162393,30.619984123577822,0.0,0.0,20.247789336177995,0.0
2050-06-18 13:00:00,0.0,34.3377263997545,32.912046890240674,0.0,0.0,20.247789336177995,0.0
2050-06-18 14:00:00,0.0,34.464379732376756,34.13080300844088,0.0,0.0,20.247789336177995,0.0
2050-06-18 15:00:00,0.0,35.380925671207024,37.7380692639674,0.0,0.0,20.247789336177995,0.0
2050-06-18 16:00:00,0.0,36.46336074882856,37.7380692639674,0.0,0.0,20.247789336177995,0.0
2050-06-18 17:00:00,0.0,37.613287362465826,37.7380692639674,0.0,0.0,20.247789336177995,0.0
2050-06-18 18:00:00,0.0,38.2080310074648,37.7380692639674,0.0,0.0,20.247789336177995,0.0
2050-06-18 19:00:00,0.0,39.40499773635452,37.7380692639674,0.0,0.0,20.247789336177995,0.0
2050-06-18 20:00:00,0.0,42.21067573701043,37.7380692639674,0.0,0.0,20.247789336177995,0.0
2050-06-18 21:00:00,0.0,41.15688568064297,37.7380692639674,0.0,0.0,20.247789336177995,0.0
2050-06-18 22:00:00,0.0,42.67181668639569,37.7380692639674,0.0,0.0,20.247789336177995,0.0
2050-06-18 23:00:00,0.0,44.145883536790734,37.7380692639674,0.0,0.0,20.247789336177995,0.0
2050-06-19 00:00:00,0.0,43.87111695317799,37.7380692639674,0.0,0.0,20.247789336177995,0.0
2050-06-19 01:00:00,0.0,44.86784152737846,37.7380692639674,0.0,0.0,20.247789336177995,0.0
2050-06-19 02:00:00,0.0,42.87430074984877,37.7380692639674,0.0,0.0,20.247789336177995,0.0
2050-06-19 03:00:00,0.0,43.557247562500606,37.7380692639674,0.0,0.0,20.247789336177995,0.0
2050-06-19 04:00:00,0.0,42.26261742831889,37.7380692639674,0.0,0.0,20.247789336177995,0.0
2050-06-19 05:00:00,0.0,42.3103578875523,37.7380692639674,0.0,0.0,20.247789336177995,0.0
2050-06-19 06:00:00,0.0,40.29127060583778,37.7380692639674,0.0,0.0,20.247789336177995,0.0
2050-06-19 07:00:00,0.0,40.595875057362946,37.7380692639674,0.0,0.0,20.247789336177995,0.0
2050-06-19 08:00:00,0.0,38.29549291512467,37.7380692639674,0.0,0.0,20.247789336177995,0.0
2050-06-19 09:00:00,0.0,37.92278313122597,37.7380692639674,0.0,0.0,20.247789336177995,0.0
2050-06-19 10:00:00,0.0,36.3347469932537,9.167660804361311,0.0,0.0,20.247789336177995,0.0
2050-06-19 11:00:00,0.0,36.68236400864453,24.14375063562014,0.0,0.0,20.247789336177995,0.0
2050-06-19 12:00:00,0.0,34.546661764902865,37.7380692639674,0.0,0.0,20.247789336177995,0.0
2050-06-19 13:00:00,0.0,34.12976221767053,37.7380692639674,0.0,0.0,20.247789336177995,0.0
2050-06-19 14:00:00,0.0,35.24793269361385,37.7380692639674,0.0,0.0,20.247789336177995,0.0
2050-06-19 15:00:00,0.0,34.29627544597656,37.7380692639674,0.0,0.0,20.247789336177995,0.0
2050-06-19 16:00:00,0.0,35.76301916149623,37.7380692639674,0.0,0.0,20.247789336177995,0.0
2050-06-19 17:00:00,0.0,36.510436990301514,37.7380692639674,0.0,0.0,20.247789336177995,0.0
2050-06-19 18:00:00,0.0,38.04520338935458,37.7380692639674,0.0,0.0,20.247789336177995,0.0
2050-06-19 19:00:00,0.0,39.06646996654649,37.7380692639674,0.0,0.0,20.247789336177995,0.0
2050-06-19 20:00:00,0.0,39.362345975910785,37.7380692639674,0.0,0.0,20.247789336177995,0.0
2050-06-19 21:00:00,0.0,40.79433711696356,37.7380692639674,0.0,0.0,20.247789336177995,0.0
2050-06-19 22:00:00,0.0,43.30173560796311,37.7380692639674,0.0,0.0,20.247789336177995,0.0
2050-06-19 23:00:00,0.0,44.448843014554086,37.7380692639674,0.0,0.0,20.247789336177995,0.0
2050-06-20 00:00:00,0.0,45.88661625976329,37.7380692639674,0.0,0.0,20.247789336177995,0.0
2050-06-20 01:00:00,0.0,46.89088928255319,37.7380692639674,0.0,0.0,20.247789336177995,0.0
2050-06-20 02:00:00,0.0,47.60599459779178,37.7380692639674,0.0,0.0,20.247789336177995,0.0
2050-06-20 03:00:00,0.0,46.65725546344811,37.7380692639674,0.0,0.0,20.247789336177995,0.0
2050-06-20 04:00:00,0.0,47.04322335487541,37.7380692639674,0.0,0.0,20.247789336177995,0.0
2050-06-20 05:00:00,0.0,45.56682619244998,37.7380692639674,0.0,0.0,20.247789336177995,0.0
2050-06-20 06:00:00,0.0,42.18494177169259,37.7380692639674,0.0,0.0,20.247789336177995,0.0
2050-06-20 07:00:00,0.0,42.759874371038904,37.7380692639674,0.0,0.0,20.247789336177995,0.0
2050-06-20 08:00:00,0.0,41.131152008362506,29.980036331701115,0.0,0.0,10.526741327835424,0.0
2050-06-20 09:00:00,0.0,39.97234850504401,17.086040467425335,0.0,0.0,0.0,0.0
2050-06-20 10:00:00,0.0,39.44773282342089,21.002041666230163,0.0,0.0,0.0,0.0
2050-06-20 11:00:00,0.0,38.61283078058909,10.726486143193604,0.0,0.0,0.0,0.0
2050-06-20 12:00:00,0.0,37.46281865749165,0.0,0.0,0.0,0.0,0.0
2050-06-20 13:00:00,0.0,36.920461814694136,0.0,0.0,0.0,0.0,0.0
2050-06-20 14:00:00,0.0,37.002214165290525,0.0,0.0,0.0,0.0,0.0
2050-06-20 15:00:00,0.0,38.08819341855474,2.6006353703963843,0.0,0.0,0.0,0.0
2050-06-20 16:00:00,0.0,38.488975443462095,0.19611917572465895,0.0,0.0,0.0,0.0
2050-06-20 17:00:00,0.0,40.613962664982864,0.19611917572465895,0.0,0.0,0.0,0.0
2050-06-20 18:00:00,0.0,40.95667294356372,0.0,6.703452814515471,0.0,0.0,0.0
2050-06-20 19:00:00,0.0,41.666640299672736,0.0,0.0,0.0,0.0,0.0
2050-06-20 20:00:00,0.0,43.050917737250074,0.0,42.37966227078754,0.0,0.0,0.0
2050-06-20 21:00:00,0.0,45.662214581984244,0.0,48.62552183750089,0.0,0.0,0.0
2050-06-20 22:00:00,0.0,46.82511860346062,0.0,48.62552183750089,0.0,0.0,31.207298911175023
2050-06-20 23:00:00,0.0,45.25919942741916,0.0,48.62552183750089,0.0,0.0,38.394910120795046
2050-06-21 00:00:00,0.0,44.95779834891641,0.0,41.30355278806062,0.0,0.0,38.394910120795046
2050-06-21 01:00:00,0.0,47.70980955123309,0.0,48.62552183750089,0.0,0.0,38.394910120795046
2050-06-21 02:00:00,0.0,46.68151937013636,0.0,48.62552183750089,0.0,0.0,38.394910120795046
2050-06-21 03:00:00,0.0,45.71503258568623,0.0,48.62552183750089,0.0,0.0,38.394910120795046
2050-06-21 04:00:00,0.0,44.23557582531839,0.0,48.62552183750089,0.0,0.0,38.394910120795046
2050-06-21 05:00:00,0.0,45.0146232403431,0.0,48.62552183750089,0.0,0.0,38.394910120795046
2050-06-21 06:00:00,0.0,43.57774416353823,0.0,48.62552183750089,0.0,0.0,38.394910120795046
2050-06-21 07:00:00,0.0,42.466622129298685,0.0,48.62552183750089,0.0,0.0,38.394910120795046
2050-06-21 08:00:00,0.0,39.2960139501472,0.0,48.62552183750089,0.0,0.0,38.394910120795046
2050-06-21 09:00:00,0.0,38.000164553496234,0.0,48.62552183750089,0.0,0.0,38.394910120795046
2050-06-21 10:00:00,0.0,38.24342005153949,0.0,48.62552183750089,0.0,0.0,38.394910120795046
2050-06-21 11:00:00,0.0,37.61713031594422,0.0,48.62552183750089,0.0,0.0,38.394910120795046
2050-06-21 12:00:00,0.0,29.278073328433948,0.0,48.62552183750089,0.0,0.0,38.394910120795046
2050-06-21 13:00:00,0.0,35.412534035599265,0.0,48.52631983531807,0.0,0.0,38.394910120795046
2050-06-21 14:00:00,0.0,37.3425329326933,0.0,33.23587308287828,0.0,0.0,33.91415620701865
2050-06-21 15:00:00,0.0,37.60828131469498,0.9708965217424623,0.0,0.0,0.6796275652197236,0.0
2050-06-21 16:00:00,0.0,38.560003091444514,37.7380692639674,0.0,0.0,20.20519135757682,0.0
2050-06-21 17:00:00,0.0,40.370436221339105,37.7380692639674,0.0,0.0,0.0,0.0
2050-06-21 18:00:00,0.0,40.61363516490155,37.7380692639674,0.0,0.0,0.0,0.0
2050-06-21 19:00:00,0.0,41.22151156319205,15.371455679110014,0.0,0.0,0.0,0.0
2050-06-21 20:00:00,0.0,43.395380566880704,0.0,0.0,0.0,0.0,0.0
2050-06-21 21:00:00,0.0,44.86875499287589,0.0,0.0,0.0,0.0,0.0
2050-06-21 22:00:00,0.0,45.6210167524855,0.0,0.0,0.0,0.0,0.0
2050-06-21 23:00:00,0.0,46.63070634019232,0.0,0.0,0.0,0.0,0.0
2050-06-22 00:00:00,0.0,46.99795241778111,0.0,0.0,0.0,0.0,0.0
2050-06-22 01:00:00,0.0,47.29165923777714,0.0,0.0,0.0,0.0,0.0
2050-06-22 02:00:00,0.0,45.886112986155695,6.142303906300974,0.0,0.0,0.0,0.0
2050-06-22 03:00:00,0.0,46.11099676895083,21.776755197419362,0.0,0.0,0.0,0.0
2050-06-22 04:00:00,0.0,45.68382521173635,27.87448769691146,0.0,0.0,0.0,0.0
2050-06-22 05:00:00,0.0,44.414636225786126,34.76551007628879,0.0,0.0,0.0,0.0
2050-06-22 06:00:00,0.0,43.00375011120059,37.7380692639674,0.0,0.0,0.0,0.0
2050-06-22 07:00:00,0.0,42.35679825196212,37.7380692639674,0.0,0.0,0.0,0.0
2050-06-22 08:00:00,0.0,39.23490652996816,37.7380692639674,0.0,0.0,0.0,0.0
2050-06-22 09:00:00,0.0,38.829283386337465,37.7380692639674,0.0,0.0,0.0,0.0
2050-06-22 10:00:00,0.0,39.484332209785634,15.009424389741419,0.0,0.0,0.0,0.0
2050-06-22 11:00:00,0.0,37.14120259829269,15.767934120135408,0.0,0.0,0.0,0.0
2050-06-22 12:00:00,0.0,37.47441703125901,8.496220385079297,0.0,0.0,0.0,0.0
2050-06-22 13:00:00,0.0,37.16141441689797,0.1042174765617645,0.0,0.0,0.0,0.0
2050-06-22 14:00:00,0.0,36.67780418668417,9.527696352890311,0.0,0.0,0.0,0.0
2050-06-22 15:00:00,0.0,38.29705041981697,4.310318413721767,0.0,0.0,0.0,0.0
2050-06-22 16:00:00,0.0,38.695349049901324,0.19611917572465895,0.0,0.0,0.0,0.0
2050-06-22 17:00:00,0.0,39.391681979678424,0.19611917572465895,0.0,0.0,0.0,0.0
2050-06-22 18:00:00,0.0,41.57764915333928,0.19611917572465895,0.0,0.0,0.0,0.0
2050-06-22 19:00:00,0.0,42.322558909743975,0.0,0.0,0.0,0.0,0.0
2050-06-22 20:00:00,0.0,43.005967775589625,0.0,0.0,0.0,0.0,0.0
2050-06-22 21:00:00,0.0,44.157734817354594,0.0,11.862108728925126,0.0,0.0,0.0
2050-06-22 22:00:00,0.0,48.013881387633546,0.0,21.938467130714706,0.0,0.0,0.0
2050-06-22 23:00:00,0.0,48.056298484682884,0.0,13.070444647913332,0.0,0.0,0.0
2050-06-23 00:00:00,0.0,47.36508041749107,0.0,36.06931564655102,0.0,0.0,0.0
2050-06-23 01:00:00,0.0,45.39731599502238,0.0,17.13836830654539,0.0,0.0,0.0
2050-06-23 02:00:00,0.0,47.082535167677634,1.963930749273878,0.0,0.0,0.0,0.0
2050-06-23 03:00:00,0.0,45.46976182767321,22.912824731144198,0.0,0.0,0.0,0.0
2050-06-23 04:00:00,0.0,46.54038023415865,37.555387672774515,0.0,0.0,0.0,0.0
2050-06-23 05:00:00,0.0,45.05735497943283,37.7380692639674,0.0,0.0,0.0,0.0
2050-06-23 06:00:00,0.0,43.630281721231995,24.14032009613706,0.0,0.0,0.0,0.0
2050-06-23 07:00:00,0.0,43.17560390500762,16.2689225344093,0.0,0.0,0.0,0.0
2050-06-23 08:00:00,0.0,39.476517345328375,4.055709851742421,0.0,0.0,0.0,0.0
2050-06-23 09:00:00,0.0,40.54595211278661,0.0,0.0,0.0,0.0,0.0
2050-06-23 10:00:00,0.0,38.81244615043238,0.0,0.0,0.0,0.0,0.0
2050-06-23 11:00:00,0.0,37.00053271145475,0.0,0.0,0.0,0.0,0.0
2050-06-23 12:00:00,0.0,37.89143282194664,0.0,0.0,0.0,0.0,0.0
2050-06-23 13:00:00,0.0,37.51713078570674,0.0,0.0,0.0,0.0,0.0
2050-06-23 14:00:00,0.0,37.953798406913165,0.0,7.471403585736541,0.0,0.0,0.0
2050-06-23 15:00:00,0.0,37.81157155417327,0.0,18.79330004248841,0.0,0.0,0.0
2050-06-23 16:00:00,0.0,38.285513598342504,0.0,32.566834581391774,0.0,0.0,0.0
2050-06-23 17:00:00,0.0,39.20473187245193,0.0,36.30711169979142,0.0,0.0,0.0
2050-06-23 18:00:00,0.0,42.27787305858374,0.0,41.211040241444955,0.0,0.0,0.0
2050-06-23 19:00:00,0.0,42.58793453388944,0.0,39.38890277305851,0.0,0.0,0.0
2050-06-23 20:00:00,0.0,43.75328577630057,0.0,39.08365554373111,0.0,0.0,5.325526434767139
2050-06-23 21:00:00,0.0,44.15987499123548,0.0,42.170081760494305,0.0,0.0,38.394910120795046
2050-06-23 22:00:00,0.0,46.53073159347309,0.0,48.62552183750089,0.0,0.0,38.394910120795046
2050-06-23 23:00:00,0.0,47.45782655689777,0.0,48.62552183750089,0.0,0.0,38.394910120795046
2050-06-24 00:00:00,0.0,45.2124496219958,0.0,48.62552183750089,0.0,0.0,38.394910120795046
2050-06-24 01:00:00,0.0,48.558383858647176,0.0,48.62552183750089,0.0,0.0,38.394910120795046
2050-06-24 02:00:00,0.0,44.39941724325081,0.0,48.62552183750089,0.0,0.0,38.394910120795046
2050-06-24 03:00:00,0.0,45.757956896312635,0.0,41.068619074108554,0.0,0.0,38.394910120795046
2050-06-24 04:00:00,0.0,44.974587275373324,37.7380692639674,0.0,0.0,20.247789336177995,0.0
2050-06-24 05:00:00,0.0,45.6599601373191,37.7380692639674,0.0,0.0,20.247789336177995,0.0
2050-06-24 06:00:00,0.0,44.21189319293467,37.7380692639674,0.0,0.0,20.247789336177995,0.0
2050-06-24 07:00:00,0.0,41.62800739665886,37.7380692639674,0.0,0.0,20.247789336177995,0.0
2050-06-24 08:00:00,0.0,41.393823105253205,37.7380692639674,0.0,0.0,20.247789336177995,0.0
2050-06-24 09:00:00,0.0,39.20926959518101,37.7380692639674,0.0,0.0,20.247789336177995,0.0
2050-06-24 10:00:00,0.0,38.48937869637848,37.7380692639674,0.0,0.0,20.247789336177995,0.0
2050-06-24 11:00:00,0.0,36.07876915986458,37.7380692639674,0.0,0.0,20.247789336177995,0.0
2050-06-24 12:00:00,0.0,37.77284909352579,37.7380692639674,0.0,0.0,20.247789336177995,0.0
2050-06-24 13:00:00,0.0,36.42657895386196,37.7380692639674,0.0,0.0,20.247789336177995,0.0
2050-06-24 14:00:00,0.0,37.56691856343855,37.7380692639674,0.0,0.0,20.247789336177995,0.0
2050-06-24 15:00:00,0.0,38.33091969482666,37.7380692639674,0.0,0.0,20.247789336177995,0.0
2050-06-24 16:00:00,0.0,38.16266402521205,37.7380692639674,0.0,0.0,20.247789336177995,0.0
2050-06-24 17:00:00,0.0,38.52792545755892,37.7380692639674,0.0,0.0,20.247789336177995,0.0
2050-06-24 18:00:00,0.0,40.90634826944438,37.7380692639674,0.0,0.0,20.247789336177995,0.0
2050-06-24 19:00:00,0.0,43.089174817464254,37.7380692639674,0.0,0.0,20.247789336177995,0.0
2050-06-24 20:00:00,0.0,43.95700446793421,37.7380692639674,0.0,0.0,20.247789336177995,0.0
2050-06-24 21:00:00,0.0,44.42523692117902,37.7380692639674,0.0,0.0,20.247789336177995,0.0
2050-06-24 22:00:00,0.0,46.585947761035186,37.7380692639674,0.0,0.0,20.247789336177995,0.0
2050-06-24 23:00:00,0.0,46.258526557330924,37.7380692639674,0.0,0.0,20.247789336177995,0.0
2050-06-25 00:00:00,0.0,44.14586489529461,37.7380692639674,0.0,0.0,20.247789336177995,0.0
2050-06-25 01:00:00,0.0,44.75618877511283,37.7380692639674,0.0,0.0,20.247789336177995,0.0
2050-06-25 02:00:00,0.0,44.66615144995876,37.7380692639674,0.0,0.0,20.247789336177995,0.0
2050-06-25 03:00:00,0.0,42.50527259025034,37.7380692639674,0.0,0.0,20.247789336177995,0.0
2050-06-25 04:00:00,0.0,43.37693769518364,37.7380692639674,0.0,0.0,20.247789336177995,0.0
2050-06-25 05:00:00,0.0,42.268548771726046,37.7380692639674,0.0,0.0,20.247789336177995,0.0
2050-06-25 06:00:00,0.0,40.29173131140419,37.7380692639674,0.0,0.0,20.247789336177995,0.0
2050-06-25 07:00:00,0.0,37.700507230010544,37.7380692639674,0.0,0.0,20.247789336177995,0.0
2050-06-25 08:00:00,0.0,37.93600539042541,37.7380692639674,0.0,0.0,20.247789336177995,0.0
2050-06-25 09:00:00,0.0,38.22319794445934,37.7380692639674,0.0,0.0,20.247789336177995,0.0
2050-06-25 10:00:00,0.0,37.93336573798001,37.7380692639674,0.0,0.0,20.247789336177995,0.0
2050-06-25 11:00:00,0.0,36.12343872634847,37.7380692639674,0.0,0.0,20.247789336177995,0.0
2050-06-25 12:00:00,0.0,35.97810998237628,37.7380692639674,0.0,0.0,20.247789336177995,0.0
2050-06-25 13:00:00,0.0,35.025278310019985,37.7380692639674,0.0,0.0,20.247789336177995,0.0
2050-06-25 14:00:00,0.0,35.23776856532845,37.7380692639674,0.0,0.0,20.247789336177995,0.0
2050-06-25 15:00:00,0.0,35.84426846831525,37.7380692639674,0.0,0.0,20.247789336177995,0.0
2050-06-25 16:00:00,0.0,35.472412350846525,37.7380692639674,0.0,0.0,9.028215099572918,0.0
2050-06-25 17:00:00,0.0,37.282596771983435,34.44518834006804,0.0,0.0,0.0,0.0
2050-06-25 18:00:00,0.0,38.70012272392978,15.875694348559882,0.0,0.0,0.0,0.0
2050-06-25 19:00:00,0.0,39.725591164691195,3.2896927152661597,0.0,0.0,0.0,0.0
2050-06-25 20:00:00,0.0,41.00205984932359,0.0,44.41049645047325,0.0,0.0,0.0
2050-06-25 21:00:00,0.0,41.88880545259485,0.0,48.62552183750089,0.0,0.0,0.0
2050-06-25 22:00:00,0.0,42.84587221119682,0.0,48.62552183750089,0.0,0.0,0.0
2050-06-25 23:00:00,0.0,44.05328213358325,0.0,48.62552183750089,0.0,0.0,0.0
2050-06-26 00:00:00,0.0,44.100941237058805,0.0,48.62552183750089,0.0,0.0,31.931591585284597
2050-06-26 01:00:00,0.0,45.041829896088984,0.0,48.62552183750089,0.0,0.0,38.394910120795046
2050-06-26 02:00:00,0.0,44.64891792298408,0.0,48.62552183750089,0.0,0.0,38.394910120795046
2050-06-26 03:00:00,0.0,43.048572292444305,0.0,48.62552183750089,0.0,0.0,38.394910120795046
2050-06-26 04:00:00,0.0,43.52227889852293,0.0,48.62552183750089,0.0,0.0,38.394910120795046
2050-06-26 05:00:00,0.0,32.863033048485704,0.0,48.62552183750089,0.0,0.0,38.394910120795046
2050-06-26 06:00:00,0.0,40.34218366138589,0.0,48.62552183750089,0.0,0.0,38.394910120795046
2050-06-26 07:00:00,0.0,39.41332405475555,0.0,38.01502639816315,0.0,0.0,38.394910120795046
2050-06-26 08:00:00,0.0,38.9554910747479,0.0,35.91539229231528,0.0,0.0,36.64835948195437
2050-06-26 09:00:00,0.0,36.30417089041316,0.0,27.10871678739621,0.0,0.0,27.66195590550634
2050-06-26 10:00:00,0.0,36.84998093417312,6.147198962969043,0.0,0.0,4.30303927407833,0.0
2050-06-26 11:00:00,0.0,36.54130007332628,0.2555921895388167,0.0,0.0,0.17891453267717167,0.0
2050-06-26 12:00:00,0.0,34.78484148248572,0.0,0.0,0.0,0.0,0.0
2050-06-26 13:00:00,0.0,35.803858765167206,0.0,0.0,0.0,0.0,0.0
2050-06-26 14:00:00,0.0,35.25714796131069,5.21672199724919,0.0,0.0,3.6517053980744323,0.0
2050-06-26 15:00:00,0.0,35.47266426779561,17.899579884467077,0.0,0.0,12.529705919126952,0.0
2050-06-26 16:00:00,0.0,36.7798179028357,28.737243667321867,0.0,0.0,20.116070567125306,0.0
2050-06-26 17:00:00,0.0,37.1451800431912,37.7380692639674,0.0,0.0,20.247789336177995,0.0
2050-06-26 18:00:00,0.0,38.3822166069026,37.7380692639674,0.0,0.0,20.247789336177995,0.0
2050-06-26 19:00:00,0.0,38.24619250223736,37.7380692639674,0.0,0.0,20.247789336177995,0.0
2050-06-26 20:00:00,0.0,41.91527856176913,37.7380692639674,0.0,0.0,20.247789336177995,0.0
2050-06-26 21:00:00,0.0,41.277479340881655,27.265948521713838,0.0,0.0,20.247789336177995,0.0
2050-06-26 22:00:00,0.0,42.27862856027309,15.50742541722392,0.0,0.0,20.247789336177995,0.0
2050-06-26 23:00:00,0.0,44.21490312022979,20.224636835744647,0.0,0.0,20.247789336177995,0.0
2050-06-27 00:00:00,0.0,46.99349517987139,27.766797618570138,0.0,0.0,20.247789336177995,0.0
2050-06-27 01:00:00,0.0,46.54005660668054,28.611722887879452,0.0,0.0,20.247789336177995,0.0
2050-06-27 02:00:00,0.0,47.304111749155936,28.730985460653045,0.0,0.0,20.247789336177995,0.0
2050-06-27 03:00:00,0.0,46.16187394191911,29.735799430973202,0.0,0.0,20.247789336177995,0.0
2050-06-27 04:00:00,0.0,45.70102295670745,27.609608443150705,0.0,0.0,20.247789336177995,0.0
2050-06-27 05:00:00,0.0,44.846620134460636,26.5214877440758,0.0,0.0,20.247789336177995,0.0
2050-06-27 06:00:00,0.0,43.45267083415001,27.57513963208754,0.0,0.0,20.247789336177995,0.0
2050-06-27 07:00:00,0.0,40.770963110596085,32.37586214342073,0.0,0.0,20.247789336177995,0.0
2050-06-27 08:00:00,0.0,41.224489940742615,33.6932320035302,0.0,0.0,13.205442781177048,0.0
2050-06-27 09:00:00,0.0,39.33156256794791,37.50784460749135,0.0,0.0,0.0,0.0
2050-06-27 10:00:00,0.0,38.962372436358464,37.7380692639674,0.0,0.0,0.0,0.0
2050-06-27 11:00:00,0.0,37.34799558552436,37.7380692639674,0.0,0.0,0.0,0.0
2050-06-27 12:00:00,0.0,37.19275532402503,31.193935669745812,0.0,0.0,0.0,0.0
2050-06-27 13:00:00,0.0,37.89788448907666,22.95222934393064,0.0,0.0,0.0,0.0
2050-06-27 14:00:00,0.0,36.27644769191784,34.39254559794732,0.0,0.0,0.0,0.0
2050-06-27 15:00:00,0.0,36.656662241549384,37.7380692639674,0.0,0.0,0.0,0.0
2050-06-27 16:00:00,0.0,38.24675251041231,37.7380692639674,0.0,0.0,0.0,0.0
2050-06-27 17:00:00,0.0,39.8521706934057,37.7380692639674,0.0,0.0,0.0,0.0
2050-06-27 18:00:00,0.0,41.00833183036525,37.7380692639674,0.0,0.0,0.0,0.0
2050-06-27 19:00:00,0.0,42.727623856534365,17.140172189361284,0.0,0.0,0.0,0.0
2050-06-27 20:00:00,0.0,43.336356637872086,0.19611917572465895,0.0,0.0,0.0,0.0
2050-06-27 21:00:00,0.0,45.706660160208685,0.0,0.0,0.0,0.0,0.0
2050-06-27 22:00:00,0.0,44.80741151011057,0.0,0.0,0.0,0.0,0.0
2050-06-27 23:00:00,0.0,46.869058328915344,0.0,3.044586822166473,0.0,0.0,0.0
2050-06-28 00:00:00,0.0,48.44633018878608,0.0,45.665333950697516,0.0,0.0,0.0
2050-06-28 01:00:00,0.0,47.57806698561967,0.0,48.62552183750089,0.0,0.0,0.0
2050-06-28 02:00:00,0.0,46.26486263831043,0.0,48.62552183750089,0.0,0.0,0.0
2050-06-28 03:00:00,0.0,46.758527980117606,0.0,48.62552183750089,0.0,0.0,12.337461658498851
2050-06-28 04:00:00,0.0,45.15442198997971,0.0,48.62552183750089,0.0,0.0,38.394910120795046
2050-06-28 05:00:00,0.0,44.40929535171222,0.0,48.62552183750089,0.0,0.0,38.394910120795046
2050-06-28 06:00:00,0.0,42.87044000408241,0.0,48.62552183750089,0.0,0.0,38.394910120795046
2050-06-28 07:00:00,0.0,41.44194036083945,0.0,48.62552183750089,0.0,0.0,38.394910120795046
2050-06-28 08:00:00,0.0,39.70702189388885,0.0,48.62552183750089,0.0,0.0,38.394910120795046
2050-06-28 09:00:00,0.0,40.66338548965473,0.0,48.62552183750089,0.0,0.0,38.394910120795046
2050-06-28 10:00:00,0.0,39.50592283175524,0.0,48.62552183750089,0.0,0.0,38.394910120795046
2050-06-28 11:00:00,0.0,37.51518026978647,0.0,42.35491377558148,0.0,0.0,38.394910120795046
2050-06-28 12:00:00,0.0,35.9737135401474,0.0,38.79133269172378,0.0,0.0,38.394910120795046
2050-06-28 13:00:00,0.0,37.81936006060596,0.0,45.78490376780483,0.0,0.0,38.394910120795046
2050-06-28 14:00:00,0.0,36.098407931471,0.0,33.181926050669944,0.0,0.0,33.85910821496933
2050-06-28 15:00:00,0.0,37.48209548674504,0.0,8.845535137846396,0.0,0.0,9.026056263108567
2050-06-28 16:00:00,0.0,39.1162700368011,24.82320250472161,0.0,0.0,0.0,0.0
2050-06-28 17:00:00,0.0,39.35088345999452,24.62561033921738,0.0,0.0,0.0,0.0
2050-06-28 18:00:00,0.0,41.93941455120398,24.724632229937946,0.0,0.0,0.0,0.0
2050-06-28 19:00:00,0.0,42.02461263392388,29.81501054710204,0.0,0.0,0.0,0.0
2050-06-28 20:00:00,0.0,43.23441530267746,11.683315232115465,0.0,0.0,0.0,0.0
2050-06-28 21:00:00,0.0,44.58872356686743,0.0,0.0,0.0,0.0,0.0
2050-06-28 22:00:00,0.0,46.166288075600505,0.0,0.0,0.0,0.0,0.0
2050-06-28 23:00:00,0.0,46.04672459687504,0.0,0.0,0.0,0.0,0.0
2050-06-29 00:00:00,0.0,46.12664197546178,0.0,0.0,0.0,0.0,0.0
2050-06-29 01:00:00,0.0,46.450805633995515,0.0,0.0,0.0,0.0,24.533993299372646
2050-06-29 02:00:00,0.0,47.01321890837653,0.0,42.45947976871986,0.0,0.0,38.394910120795046
2050-06-29 03:00:00,0.0,45.635866353614574,0.0,48.62552183750089,0.0,0.0,38.394910120795046
2050-06-29 04:00:00,0.0,44.12029451455487,0.0,48.62552183750089,0.0,0.0,38.394910120795046
2050-06-29 05:00:00,0.0,44.957344629723366,0.0,48.62552183750089,0.0,0.0,38.394910120795046
2050-06-29 06:00:00,0.0,44.15721030654595,0.0,48.62552183750089,0.0,0.0,38.394910120795046
2050-06-29 07:00:00,0.0,41.76433521285276,0.0,48.62552183750089,0.0,0.0,38.394910120795046
2050-06-29 08:00:00,0.0,40.99560787318205,0.0,48.62552183750089,0.0,0.0,38.394910120795046
2050-06-29 09:00:00,0.0,39.51198399147802,0.0,48.62552183750089,0.0,0.0,38.394910120795046
2050-06-29 10:00:00,0.0,38.42989566353913,0.0,48.62552183750089,0.0,0.0,38.394910120795046
2050-06-29 11:00:00,0.0,36.972914330733374,0.0,48.4369966124346,0.0,0.0,38.394910120795046
2050-06-29 12:00:00,0.0,36.86338026336057,0.0,38.41633231332281,0.0,0.0,38.394910120795046
2050-06-29 13:00:00,0.0,36.91900637525055,0.0,22.172239337285557,0.0,0.0,22.624734017638325
2050-06-29 14:00:00,0.0,37.43687133139497,9.794310450956123,0.0,0.0,0.0,0.0
2050-06-29 15:00:00,0.0,37.73281420272201,37.7380692639674,0.0,0.0,0.0,0.0
2050-06-29 16:00:00,0.0,40.44965689653645,37.7380692639674,0.0,0.0,0.0,0.0
2050-06-29 17:00:00,0.0,39.68805738402193,37.7380692639674,0.0,0.0,0.0,0.0
2050-06-29 18:00:00,0.0,42.12561265568684,37.7380692639674,0.0,0.0,0.0,0.0
2050-06-29 19:00:00,0.0,43.270651322051435,37.7380692639674,0.0,0.0,0.0,0.0
2050-06-29 20:00:00,0.0,42.900204143468954,37.7380692639674,0.0,0.0,0.0,0.0
2050-06-29 21:00:00,0.0,43.82032465192856,31.288027119420477,0.0,0.0,0.0,0.0
2050-06-29 22:00:00,0.0,47.36305557491983,18.832689804464238,0.0,0.0,0.0,0.0
2050-06-29 23:00:00,0.0,45.40280670436209,16.257070870847095,0.0,0.0,0.0,0.0
2050-06-30 00:00:00,0.0,45.8457537485765,4.4840659262174825,0.0,0.0,0.0,0.0
2050-06-30 01:00:00,0.0,48.29016699693807,0.0,0.0,0.0,0.0,0.0
2050-06-30 02:00:00,0.0,47.1802452378181,0.0,0.0,0.0,0.0,0.0
2050-06-30 03:00:00,0.0,46.93613681928673,0.0,0.0,0.0,0.0,0.0
2050-06-30 04:00:00,0.0,45.87574265517469,0.0,0.0,0.0,0.0,0.0
2050-06-30 05:00:00,0.0,44.21320759181003,0.0,0.0,0.0,0.0,0.0
2050-06-30 06:00:00,0.0,42.657947401096635,0.0,0.0,0.0,0.0,0.0
2050-06-30 07:00:00,0.0,43.345260831731366,0.0,27.31542380704253,0.0,0.0,0.0
2050-06-30 08:00:00,0.0,41.46162327229945,0.0,48.593113267800405,0.0,0.0,0.0
2050-06-30 09:00:00,0.0,40.27506509718137,0.0,48.62552183750089,0.0,0.0,0.0
2050-06-30 10:00:00,0.0,37.472415136114705,0.0,48.62552183750089,0.0,0.0,0.0
2050-06-30 11:00:00,0.0,37.87635401719922,0.0,48.62552183750089,0.0,0.0,31.036076673183796
2050-06-30 12:00:00,0.0,37.44484489211254,0.0,48.62552183750089,0.0,0.0,38.394910120795046
2050-06-30 13:00:00,0.0,37.81435209344136,0.0,48.62552183750089,0.0,0.0,38.394910120795046
2050-06-30 14:00:00,0.0,38.1068890809438,0.0,36.493300741451634,0.0,0.0,37.238061981073095
2050-06-30 15:00:00,0.0,37.5175490790557,6.426250869160736,0.0,0.0,0.0,0.0
2050-06-30 16:00:00,0.0,38.702595175635224,34.22933796514634,0.0,0.0,0.0,0.0
2050-06-30 17:00:00,0.0,39.99108181649535,37.7380692639674,0.0,0.0,0.0,0.0
2050-06-30 18:00:00,0.0,41.68151365444487,37.7380692639674,0.0,0.0,0.0,0.0
2050-06-30 19:00:00,0.0,42.09192670324114,37.7380692639674,0.0,0.0,0.0,0.0
2050-06-30 20:00:00,0.0,41.79204068200124,37.7380692639674,0.0,0.0,0.0,0.0
2050-06-30 21:00:00,0.0,45.662628562441114,37.7380692639674,0.0,0.0,0.0,0.0
2050-06-30 22:00:00,0.0,44.567441579661136,37.7380692639674,0.0,0.0,0.0,0.0
2050-06-30 23:00:00,0.0,45.843786394586004,37.7380692639674,0.0,0.0,0.0,0.0
2050-07-01 00:00:00,0.0,47.58029569773407,37.7380692639674,0.0,0.0,0.0,0.0
2050-07-01 01:00:00,0.0,47.72229056999231,37.7380692639674,0.0,0.0,0.0,0.0
2050-07-01 02:00:00,0.0,49.982312130124,2.732824439696955,0.0,0.0,0.0,0.0
2050-07-01 03:00:00,0.0,46.95057367320442,0.0,0.0,0.0,0.0,0.0
2050-07-01 04:00:00,0.0,47.50515149926969,0.0,3.735515239396495,0.0,0.0,0.0
2050-07-01 05:00:00,0.0,44.370582947288995,0.0,15.855903014717914,0.0,0.0,0.0
2050-07-01 06:00:00,0.0,44.65082815180517,0.0,48.62552183750089,0.0,0.0,0.0
2050-07-01 07:00:00,0.0,41.60807828708835,0.0,48.62552183750089,0.0,0.0,0.0
2050-07-01 08:00:00,0.0,41.56495564981992,0.0,48.62552183750089,0.0,0.0,0.0
2050-07-01 09:00:00,0.0,38.72009452708403,0.0,48.62552183750089,0.0,0.0,2.4048849872786247
2050-07-01 10:00:00,0.0,37.96804163790193,0.0,48.62552183750089,0.0,0.0,38.394910120795046
2050-07-01 11:00:00,0.0,28.090189391441072,0.0,48.62552183750089,0.0,0.0,38.394910120795046
2050-07-01 12:00:00,0.0,27.4992931320985,0.0,48.62552183750089,0.0,0.0,38.394910120795046
2050-07-01 13:00:00,0.0,26.917045972651067,0.0,48.62552183750089,0.0,0.0,38.394910120795046
2050-07-01 14:00:00,0.0,36.428129268977045,0.0,48.4504414756589,0.0,0.0,38.394910120795046
2050-07-01 15:00:00,0.0,36.3835831313977,0.0,37.62701191837915,0.0,0.0,38.394910120795046
2050-07-01 16:00:00,0.0,39.24905619336687,0.0,15.019401218093005,0.0,0.0,15.325919610298985
2050-07-01 17:00:00,0.0,38.91879613250421,0.0,14.19542022109646,0.0,0.0,14.485122674588226
2050-07-01 18:00:00,0.0,42.2954884326964,0.0,12.651099063759906,0.0,0.0,12.90928475893868
2050-07-01 19:00:00,0.0,42.59769638970647,0.0,6.022078467529603,0.0,0.0,6.1449780280914315
2050-07-01 20:00:00,0.0,43.84240847090223,0.0,18.784097916915037,0.0,0.0,19.167446853994935
2050-07-01 21:00:00,0.0,44.45649290246979,0.0,29.1535372384872,0.0,0.0,29.74850738621143
2050-07-01 22:00:00,0.0,46.88342637341316,0.0,18.46522966467259,0.0,0.0,18.84207108640061
2050-07-01 23:00:00,0.0,46.628120448983736,0.0,6.0094215927119095,0.0,0.0,6.132062849706031
2050-07-02 00:00:00,0.0,43.07112031329939,0.0,0.0,0.0,0.0,0.0
2050-07-02 01:00:00,0.0,46.31581331269513,0.0,0.0,0.0,0.0,0.0
2050-07-02 02:00:00,0.0,45.03047424269653,0.0,10.92126133172675,0.0,0.0,11.144144216047705
2050-07-02 03:00:00,0.0,44.27320398049824,0.0,21.44055233075376,0.0,0.0,21.878114623218124
2050-07-02 04:00:00,0.0,40.82355303248164,0.0,22.436228605417092,0.0,0.0,22.89411082185418
2050-07-02 05:00:00,0.0,41.61995288186222,0.0,33.38863208887309,0.0,0.0,34.07003274374805
2050-07-02 06:00:00,0.0,40.8502652035063,0.0,32.75460177828006,0.0,0.0,33.42306303906129
2050-07-02 07:00:00,0.0,40.34842609237103,0.0,30.35208986335325,0.0,0.0,30.971520268727808
2050-07-02 08:00:00,0.0,39.00326004045405,0.0,37.54888916194862,0.0,0.0,38.315193022396556
2050-07-02 09:00:00,0.0,36.9393577209712,0.0,37.62701191837915,0.0,0.0,38.394910120795046
2050-07-02 10:00:00,0.0,36.2827422585724,0.0,37.62701191837915,0.0,0.0,38.394910120795046
2050-07-02 11:00:00,0.0,25.010988060783347,0.0,37.62701191837915,0.0,0.0,38.394910120795046
2050-07-02 12:00:00,0.0,5.55670354007043,0.0,5.127788857906481,0.0,0.0,5.232437610108654
2050-07-02 13:00:00,0.0,34.550973964694776,0.0,0.0,0.0,0.0,0.0
2050-07-02 14:00:00,0.0,13.882991706751,0.0,0.0,0.0,0.0,0.0
2050-07-02 15:00:00,0.0,37.562866812587345,0.0,0.0,0.0,0.0,0.0
2050-07-02 16:00:00,0.0,35.5515566623576,0.0,0.0,0.0,0.0,0.0
2050-07-02 17:00:00,0.0,38.26793447023351,0.0,0.0,0.0,0.0,0.0
2050-07-02 18:00:00,0.0,39.013507211046544,0.0,0.0,0.0,0.0,0.0
2050-07-02 19:00:00,0.0,33.42829757638583,0.0,0.0,0.0,0.0,0.0
2050-07-02 20:00:00,0.0,41.053887780047944,0.0,0.0,0.0,0.0,0.0
2050-07-02 21:00:00,0.0,9.048236319000353,0.0,0.0,0.0,0.0,0.0
2050-07-02 22:00:00,0.0,41.8235017447646,0.0,0.0,0.0,0.0,0.0
2050-07-02 23:00:00,0.0,7.15211591750267,0.0,0.0,0.0,0.0,0.0
2050-07-03 00:00:00,0.0,7.668168426310331,0.0,0.0,0.0,0.0,0.0
2050-07-03 01:00:00,0.0,8.537061573482788,0.0,0.0,0.0,0.0,0.0
2050-07-03 02:00:00,0.0,9.822723872264305,0.0,0.0,0.0,0.0,0.0
2050-07-03 03:00:00,0.0,43.27538901540311,0.0,0.0,0.0,0.0,0.0
2050-07-03 04:00:00,0.0,43.85090786433966,0.0,0.0,0.0,0.0,0.0
2050-07-03 05:00:00,957.8122434971538,1000.0,0.0,0.0,0.0,0.0,0.0
2050-07-03 06:00:00,0.0,13.31241355628299,0.0,0.0,0.0,0.0,0.0
2050-07-03 07:00:00,0.0,11.654157972291614,0.0,0.0,0.0,0.0,0.0
2050-07-03 08:00:00,0.0,38.05514357111497,0.0,0.0,0.0,0.0,0.0
2050-07-03 09:00:00,0.0,9.859966620504565,0.0,0.0,0.0,0.0,0.0
2050-07-03 10:00:00,0.0,35.041369550197714,0.0,0.0,0.0,0.0,0.0
2050-07-03 11:00:00,0.0,9.365499073918727,0.0,0.0,0.0,0.0,0.0
2050-07-03 12:00:00,0.0,34.57319857299649,0.0,0.0,0.0,0.0,0.0
2050-07-03 13:00:00,0.0,11.399595236413916,0.0,0.0,0.0,0.0,0.0
2050-07-03 14:00:00,0.0,35.36462736982048,0.0,0.0,0.0,0.0,0.0
2050-07-03 15:00:00,0.0,35.05710730122155,0.0,0.0,0.0,0.0,0.0
2050-07-03 16:00:00,0.0,29.38292173621494,0.0,0.0,0.0,0.0,0.0
2050-07-03 17:00:00,0.0,31.069672161297603,0.0,0.0,0.0,0.0,0.0
2050-07-03 18:00:00,0.0,28.804214677888012,0.0,0.0,0.0,0.0,0.0
2050-07-03 19:00:00,0.0,39.698078175203136,0.0,0.0,0.0,0.0,0.0
2050-07-03 20:00:00,0.0,40.96188219743112,0.0,0.0,0.0,0.0,0.0
2050-07-03 21:00:00,0.0,40.958867853475795,0.0,0.0,0.0,0.0,0.0
2050-07-03 22:00:00,0.0,42.682358653203664,0.0,0.0,0.0,0.0,0.0
2050-07-03 23:00:00,0.0,6.159153851368501,0.0,0.0,0.0,0.0,0.0
2050-07-04 00:00:00,0.0,49.42443764895165,0.0,0.0,0.0,0.0,0.0
2050-07-04 01:00:00,0.0,4.273964643958152,0.0,0.0,0.0,0.0,0.0
2050-07-04 02:00:00,0.0,48.49847359385262,0.0,0.0,0.0,0.0,0.0
2050-07-04 03:00:00,0.0,0.5088440576223547,0.0,0.0,0.0,0.0,0.0
2050-07-04 04:00:00,0.0,0.17670536802461356,0.0,0.0,0.0,0.0,0.0
2050-07-04 05:00:00,0.0,45.0774521724295,0.0,0.0,0.0,0.0,0.0
2050-07-04 06:00:00,0.0,0.15315386199108616,0.0,0.0,0.0,0.0,0.0
2050-07-04 07:00:00,0.0,42.493978224881175,0.0,0.0,0.0,0.0,0.0
2050-07-04 08:00:00,0.0,0.23805322201133094,0.0,0.0,0.0,0.0,0.0
2050-07-04 09:00:00,0.0,39.75298116209933,0.0,0.0,0.0,0.0,0.0
2050-07-04 10:00:00,0.0,38.369177996868984,0.0,0.0,0.0,0.0,0.0
2050-07-04 11:00:00,0.0,3.264054471319014,0.0,0.0,0.0,0.0,0.0
2050-07-04 12:00:00,0.0,2.5899215592230576,0.0,0.0,0.0,0.0,0.0
2050-07-04 13:00:00,0.0,37.405550547509165,0.0,0.0,0.0,0.0,0.0
2050-07-04 14:00:00,0.0,16.959273993287752,0.0,0.0,0.0,0.0,0.0
2050-07-04 15:00:00,0.0,38.60154602094394,0.0,0.0,0.0,0.0,0.0
2050-07-04 16:00:00,0.0,38.609058596261775,0.0,0.0,0.0,0.0,0.0
2050-07-04 17:00:00,0.0,39.55022500527707,0.0,0.0,0.0,0.0,0.0
2050-07-04 18:00:00,0.0,41.98443932757914,0.0,0.0,0.0,0.0,0.0
2050-07-04 19:00:00,0.0,41.91799112982949,0.0,0.0,0.0,0.0,0.0
2050-07-04 20:00:00,0.0,43.41418074164221,0.0,0.0,0.0,0.0,0.0
2050-07-04 21:00:00,0.0,28.6214760922594,0.0,0.0,0.0,0.0,0.0
2050-07-04 22:00:00,0.0,44.49822072166194,0.0,0.0,0.0,0.0,0.0
2050-07-04 23:00:00,0.0,18.535672688290106,0.0,0.0,0.0,0.0,0.0
2050-07-05 00:00:00,0.0,24.19665255750442,0.0,0.0,0.0,0.0,0.0
2050-07-05 01:00:00,0.0,48.00010090604587,0.0,0.0,0.0,0.0,0.0
2050-07-05 02:00:00,0.0,39.577066781464964,0.0,0.0,0.0,0.0,0.0
2050-07-05 03:00:00,0.0,46.09751493689623,7.105189578375871,0.0,0.0,4.9736327048631095,0.0
2050-07-05 04:00:00,0.0,44.57359140644212,18.5038096129788,0.0,0.0,12.95266672908516,0.0
2050-07-05 05:00:00,0.0,45.11020195394099,23.088092897872144,0.0,0.0,16.1616650285105,0.0
2050-07-05 06:00:00,0.0,44.20221379868144,34.2775800101367,0.0,0.0,20.247789336177995,0.0
2050-07-05 07:00:00,0.0,43.39754307490375,37.7380692639674,0.0,0.0,20.247789336177995,0.0
2050-07-05 08:00:00,0.0,40.53911865545615,37.7380692639674,0.0,0.0,20.247789336177995,0.0
2050-07-05 09:00:00,0.0,39.44520378623838,31.336902605722173,0.0,0.0,20.247789336177995,0.0
2050-07-05 10:00:00,0.0,38.69539799473523,6.664820123804425,0.0,0.0,20.247789336177995,0.0
2050-07-05 11:00:00,0.0,38.94945935696933,5.9679782281085565,0.0,0.0,6.34261649224247,0.0
2050-07-05 12:00:00,0.0,36.9151668748334,7.062220808753352,0.0,0.0,4.943554566127347,0.0
2050-07-05 13:00:00,0.0,38.64682008178079,2.6647866010066537,0.0,0.0,1.8653506207046575,0.0
2050-07-05 14:00:00,0.0,38.55376681349503,0.0,0.0,0.0,0.0,0.0
2050-07-05 15:00:00,0.0,39.54819999195206,28.669789848764683,0.0,0.0,20.068852894135276,0.0
2050-07-05 16:00:00,0.0,39.87217339011886,37.7380692639674,0.0,0.0,20.247789336177995,0.0
2050-07-05 17:00:00,0.0,40.92861866956514,37.7380692639674,0.0,0.0,20.247789336177995,0.0
2050-07-05 18:00:00,0.0,41.175355653179395,37.7380692639674,0.0,0.0,20.247789336177995,0.0
2050-07-05 19:00:00,0.0,42.98554386222327,37.7380692639674,0.0,0.0,20.247789336177995,0.0
2050-07-05 20:00:00,0.0,44.824684435319114,37.7380692639674,0.0,0.0,20.247789336177995,0.0
2050-07-05 21:00:00,0.0,46.66326260571532,37.7380692639674,0.0,0.0,7.5129634398739995,0.0
2050-07-05 22:00:00,0.0,45.67877447711817,37.7380692639674,0.0,0.0,0.0,0.0
2050-07-05 23:00:00,0.0,45.79471763728907,37.7380692639674,0.0,0.0,0.0,0.0
2050-07-06 00:00:00,0.0,48.22001655118993,37.47841784101544,0.0,0.0,0.0,0.0
2050-07-06 01:00:00,0.0,47.95871568036182,10.22890750788531,0.0,0.0,0.0,0.0
2050-07-06 02:00:00,0.0,46.1155277821988,0.0,0.0,0.0,0.0,0.0
2050-07-06 03:00:00,0.0,46.8365657479676,0.0,0.0,0.0,0.0,0.0
2050-07-06 04:00:00,0.0,46.12185119162541,0.0,13.808607993450952,0.0,0.0,0.0
2050-07-06 05:00:00,0.0,46.34305975096572,0.0,20.250787114111013,0.0,0.0,0.0
2050-07-06 06:00:00,0.0,43.30009185952963,0.0,45.04447709337288,0.0,0.0,0.0
2050-07-06 07:00:00,0.0,42.96558298101172,0.0,48.62552183750089,0.0,0.0,0.0
2050-07-06 08:00:00,0.0,40.50681150887044,0.32014056700647586,0.0,0.0,0.0,0.0
2050-07-06 09:00:00,0.0,39.85155373201769,16.83908359581416,0.0,0.0,0.0,0.0
2050-07-06 10:00:00,0.0,39.23444242342384,17.41738904850469,0.0,0.0,0.0,0.0
2050-07-06 11:00:00,0.0,38.23371759346469,24.43170196410182,0.0,0.0,0.0,0.0
2050-07-06 12:00:00,0.0,37.87621730880642,37.7380692639674,0.0,0.0,0.0,0.0
2050-07-06 13:00:00,0.0,37.745880910435744,37.7380692639674,0.0,0.0,0.0,0.0
2050-07-06 14:00:00,0.0,37.904945521313266,37.7380692639674,0.0,0.0,0.0,0.0
2050-07-06 15:00:00,0.0,38.39385978931955,37.7380692639674,0.0,0.0,0.0,0.0
2050-07-06 16:00:00,0.0,39.26099015843397,37.7380692639674,0.0,0.0,0.0,0.0
2050-07-06 17:00:00,0.0,41.207974108987855,37.7380692639674,0.0,0.0,0.0,0.0
2050-07-06 18:00:00,0.0,39.884012422731985,37.7380692639674,0.0,0.0,0.0,0.0
2050-07-06 19:00:00,0.0,42.53831203744062,37.7380692639674,0.0,0.0,0.0,0.0
2050-07-06 20:00:00,0.0,44.17369166591175,21.395926164117185,0.0,0.0,0.0,0.0
2050-07-06 21:00:00,0.0,45.3541756300458,0.0,0.0,0.0,0.0,0.0
2050-07-06 22:00:00,0.0,46.65724734889932,0.0,17.546024576097764,0.0,0.0,0.0
2050-07-06 23:00:00,0.0,48.195789838524206,0.0,24.166088248119202,0.0,0.0,0.0
2050-07-07 00:00:00,0.0,45.74018899295925,0.0,48.62552183750089,0.0,0.0,0.0
2050-07-07 01:00:00,0.0,47.25614921491888,0.0,48.62552183750089,0.0,0.0,0.0
2050-07-07 02:00:00,0.0,47.92375663519215,0.0,48.62552183750089,0.0,0.0,0.0
2050-07-07 03:00:00,0.0,29.270329534680968,0.0,48.62552183750089,0.0,0.0,0.0
2050-07-07 04:00:00,0.0,45.811285011711334,0.0,48.62552183750089,0.0,0.0,22.466634722219723
2050-07-07 05:00:00,0.0,26.788957322098668,0.0,48.62552183750089,0.0,0.0,38.394910120795046
2050-07-07 06:00:00,0.0,43.60238849083589,0.0,37.62701191837915,0.0,0.0,38.394910120795046
2050-07-07 07:00:00,0.0,20.694856555108345,0.0,37.62701191837915,0.0,0.0,38.394910120795046
2050-07-07 08:00:00,0.0,39.686964818898105,0.0,37.62701191837915,0.0,0.0,38.394910120795046
2050-07-07 09:00:00,0.0,40.44589296406025,0.0,37.62701191837915,0.0,0.0,38.394910120795046
2050-07-07 10:00:00,0.0,20.694856555108345,0.0,37.62701191837915,0.0,0.0,38.394910120795046
2050-07-07 11:00:00,0.0,9.564803913257037,0.0,17.39055256955832,0.0,0.0,17.745461805671756
2050-07-07 12:00:00,0.0,0.12773083240790584,0.0,0.0,0.0,0.0,0.0
2050-07-07 13:00:00,0.0,37.814077609386004,0.0,0.0,0.0,0.0,0.0
2050-07-07 14:00:00,0.0,0.07967729872643758,0.0,0.0,0.0,0.0,0.0
2050-07-07 15:00:00,0.0,38.299775347737295,0.0,0.0,0.0,0.0,0.0
2050-07-07 16:00:00,0.0,39.745359115807105,0.0,0.0,0.0,0.0,0.0
2050-07-07 17:00:00,0.0,5.2507685511927775,0.0,0.0,0.0,0.0,0.0
2050-07-07 18:00:00,0.0,40.253314510306836,0.0,0.0,0.0,0.0,0.0
2050-07-07 19:00:00,0.0,42.735876463461864,0.0,0.0,0.0,0.0,0.0
2050-07-07 20:00:00,0.0,44.52366638284275,0.0,0.0,0.0,0.0,0.0
2050-07-07 21:00:00,0.0,11.030991399560662,0.0,0.0,0.0,0.0,0.0
2050-07-07 22:00:00,0.0,11.427416463069221,0.0,0.0,0.0,0.0,0.0
2050-07-07 23:00:00,0.0,16.803684056409566,0.0,0.0,0.0,0.0,0.0
2050-07-08 00:00:00,0.0,19.030109860802895,0.0,0.0,0.0,0.0,0.0
2050-07-08 01:00:00,0.0,20.292437380969204,0.0,0.0,0.0,0.0,0.0
2050-07-08 02:00:00,0.0,21.23430828252731,0.0,0.0,0.0,0.0,0.0
2050-07-08 03:00:00,0.0,46.098673441709025,0.0,0.0,0.0,0.0,0.0
2050-07-08 04:00:00,0.0,44.71657015515052,0.0,0.0,0.0,0.0,0.0
2050-07-08 05:00:00,0.0,25.144158898566275,0.0,0.0,0.0,0.0,0.0
2050-07-08 06:00:00,0.0,44.35599943138709,0.0,0.0,0.0,0.0,0.0
2050-07-08 07:00:00,0.0,42.91570250797827,0.0,0.0,0.0,0.0,0.0
2050-07-08 08:00:00,0.0,16.902210048738198,0.0,0.0,0.0,0.0,0.0
2050-07-08 09:00:00,0.0,38.72262410978465,0.0,0.0,0.0,0.0,0.0
2050-07-08 10:00:00,0.0,9.72664433777436,0.0,0.0,0.0,0.0,0.0
2050-07-08 11:00:00,0.0,37.13652385119781,0.0,0.0,0.0,0.0,0.0
2050-07-08 12:00:00,0.0,9.405192879641618,0.0,0.0,0.0,0.0,0.0
2050-07-08 13:00:00,0.0,37.11661755205046,0.0,0.0,0.0,0.0,0.0
2050-07-08 14:00:00,0.0,37.75096417553527,0.0,0.0,0.0,0.0,0.0
2050-07-08 15:00:00,0.0,10.764342421331548,0.0,0.0,0.0,0.0,0.0
2050-07-08 16:00:00,0.0,39.812290603276324,0.0,0.0,0.0,0.0,0.0
2050-07-08 17:00:00,0.0,6.866338171892039,0.0,0.0,0.0,0.0,0.0
2050-07-08 18:00:00,0.0,41.42230812703542,0.0,0.0,0.0,0.0,0.0
2050-07-08 19:00:00,0.0,3.26967604221727,0.0,0.0,0.0,0.0,0.0
2050-07-08 20:00:00,0.0,43.64062745535534,0.0,0.0,0.0,0.0,0.0
2050-07-08 21:00:00,0.0,44.24661168078842,0.0,0.0,0.0,0.0,0.0
2050-07-08 22:00:00,0.0,45.393649400987215,0.0,0.0,0.0,0.0,0.0
2050-07-08 23:00:00,0.0,0.0,0.0,0.0,0.0,0.0,0.0
2050-07-09 00:00:00,0.0,44.6600184821566,0.0,0.0,0.0,0.0,0.0
2050-07-09 01:00:00,0.0,0.017152699656890036,0.0,0.0,0.0,0.0,0.0
2050-07-09 02:00:00,0.0,45.59357170282806,0.0,0.0,0.0,0.0,0.0
2050-07-09 03:00:00,0.0,0.09823012731612835,0.0,0.0,0.0,0.0,0.0
2050-07-09 04:00:00,0.0,44.16888266705473,0.0,0.0,0.0,0.0,0.0
2050-07-09 05:00:00,0.0,0.2890651590382731,0.0,0.0,0.0,0.0,0.0
2050-07-09 06:00:00,0.0,40.65765858201689,0.0,0.0,0.0,0.0,0.0
2050-07-09 07:00:00,0.0,1.7059838800619218,0.0,0.0,0.0,0.0,0.0
2050-07-09 08:00:00,0.0,37.78973520923432,0.0,0.0,0.0,0.0,0.0
2050-07-09 09:00:00,0.0,2.762727829844607,0.0,0.0,0.0,0.0,0.0
2050-07-09 10:00:00,0.0,37.345703929506726,0.0,0.0,0.0,0.0,0.0
2050-07-09 11:00:00,0.0,0.0,0.0,0.0,0.0,0.0,0.0
2050-07-09 12:00:00,0.0,35.08990687005962,0.0,0.0,0.0,0.0,0.0
2050-07-09 13:00:00,0.0,0.04824003853900649,0.0,0.0,0.0,0.0,0.0
2050-07-09 14:00:00,0.0,0.694894926095003,0.0,0.0,0.0,0.0,0.0
2050-07-09 15:00:00,0.0,2.621622954191025,0.0,0.0,0.0,0.0,0.0
2050-07-09 16:00:00,0.0,36.45517661058784,0.0,0.0,0.0,0.0,0.0
2050-07-09 17:00:00,0.0,14.519692461070008,0.0,0.0,0.0,0.0,0.0
2050-07-09 18:00:00,0.0,37.25428908196682,0.0,0.0,0.0,0.0,0.0
2050-07-09 19:00:00,0.0,9.346396632217875,0.0,0.0,0.0,0.0,0.0
2050-07-09 20:00:00,0.0,40.7887321102462,0.0,0.0,0.0,0.0,0.0
2050-07-09 21:00:00,0.0,6.73325822530478,0.0,0.0,0.0,0.0,0.0
2050-07-09 22:00:00,0.0,5.145469481444252,0.0,0.0,0.0,0.0,0.0
2050-07-09 23:00:00,0.0,45.02804249287715,0.0,0.0,0.0,0.0,0.0
2050-07-10 00:00:00,0.0,8.057395286131396,0.0,0.0,0.0,0.0,0.0
2050-07-10 01:00:00,0.0,44.033582591151344,0.0,0.0,0.0,0.0,0.0
2050-07-10 02:00:00,0.0,10.996111156557618,0.0,0.0,0.0,0.0,0.0
2050-07-10 03:00:00,0.0,12.085771451344954,0.0,0.0,0.0,0.0,0.0
2050-07-10 04:00:00,0.0,42.40558651161291,0.0,0.0,0.0,0.0,0.0
2050-07-10 05:00:00,0.0,12.65004842164035,0.0,0.0,0.0,0.0,0.0
2050-07-10 06:00:00,0.0,41.318236314361,0.0,0.0,0.0,0.0,0.0
2050-07-10 07:00:00,0.0,39.47327411495826,0.0,0.0,0.0,0.0,0.0
2050-07-10 08:00:00,0.0,8.219562495788978,0.0,0.0,0.0,0.0,0.0
2050-07-10 09:00:00,0.0,7.365882972333566,0.0,0.0,0.0,0.0,0.0
2050-07-10 10:00:00,0.0,1.23738668957958,0.0,0.0,0.0,0.0,0.0
2050-07-10 11:00:00,0.0,35.0684180622045,0.0,0.0,0.0,0.0,0.0
2050-07-10 12:00:00,0.0,34.334836346712336,0.0,0.0,0.0,0.0,0.0
2050-07-10 13:00:00,0.0,34.725750848655025,0.0,0.0,0.0,0.0,0.0
2050-07-10 14:00:00,0.0,35.27587754207843,0.0,0.0,0.0,0.0,0.0
2050-07-10 15:00:00,0.0,12.239369477544187,0.0,0.0,0.0,0.0,0.0
2050-07-10 16:00:00,0.0,36.10164109374091,0.0,0.0,0.0,0.0,0.0
2050-07-10 17:00:00,0.0,17.340830741000445,0.0,0.0,0.0,0.0,0.0
2050-07-10 18:00:00,0.0,36.73830711796222,0.0,0.0,0.0,0.0,0.0
2050-07-10 19:00:00,0.0,10.134909767391491,0.0,0.0,0.0,0.0,0.0
2050-07-10 20:00:00,0.0,11.056377578021966,0.0,0.0,0.0,0.0,0.0
2050-07-10 21:00:00,0.0,42.4008850094915,0.0,0.0,0.0,0.0,0.0
2050-07-10 22:00:00,0.0,6.6666345478115545,0.0,0.0,0.0,0.0,0.0
2050-07-10 23:00:00,0.0,44.26324707053641,0.0,0.0,0.0,0.0,0.0
2050-07-11 00:00:00,0.0,8.031793768596799,0.0,0.0,0.0,0.0,0.0
2050-07-11 01:00:00,0.0,45.57873718651672,0.0,0.0,0.0,0.0,0.0
2050-07-11 02:00:00,0.0,6.852582882935167,0.0,0.0,0.0,0.0,0.0
2050-07-11 03:00:00,0.0,46.993805484725044,0.0,0.0,0.0,0.0,0.0
2050-07-11 04:00:00,0.0,5.280074177773258,0.0,0.0,0.0,0.0,0.0
2050-07-11 05:00:00,0.0,44.603667317662484,0.0,0.0,0.0,0.0,0.0
2050-07-11 06:00:00,0.0,3.453243395530535,0.0,0.0,0.0,0.0,0.0
2050-07-11 07:00:00,0.0,42.22045434613392,0.0,0.0,0.0,0.0,0.0
2050-07-11 08:00:00,0.0,1.285299169942391,0.0,0.0,0.0,0.0,0.0
2050-07-11 09:00:00,0.0,40.47477779032852,0.0,0.0,0.0,0.0,0.0
2050-07-11 10:00:00,0.0,39.45652930740425,0.0,0.0,0.0,0.0,0.0
2050-07-11 11:00:00,0.0,0.11823438056762825,0.0,0.0,0.0,0.0,0.0
2050-07-11 12:00:00,0.0,0.13914593554045496,0.0,0.0,0.0,0.0,0.0
2050-07-11 13:00:00,0.0,38.22503115824588,0.0,0.0,0.0,0.0,0.0
2050-07-11 14:00:00,0.0,1.7852244658179188,0.0,0.0,0.0,0.0,0.0
2050-07-11 15:00:00,0.0,37.3249805280243,0.0,0.0,0.0,0.0,0.0
2050-07-11 16:00:00,0.0,7.5747505126046235,0.0,0.0,0.0,0.0,0.0
2050-07-11 17:00:00,0.0,40.460463843021444,0.0,0.0,0.0,0.0,0.0
2050-07-11 18:00:00,0.0,9.344966745229613,0.0,0.0,0.0,0.0,0.0
2050-07-11 19:00:00,0.0,42.60590414770763,0.0,0.0,0.0,0.0,0.0
2050-07-11 20:00:00,0.0,16.427919717692475,0.0,0.0,0.0,0.0,0.0
2050-07-11 21:00:00,0.0,33.591490153979066,0.0,0.0,0.0,0.0,0.0
2050-07-11 22:00:00,0.0,46.77230191051967,0.0,0.0,0.0,0.0,0.0
2050-07-11 23:00:00,0.0,36.92860124754952,0.0,0.0,0.0,0.0,0.0
2050-07-12 00:00:00,0.0,47.150790009702405,0.0,0.0,0.0,0.0,0.0
2050-07-12 01:00:00,0.0,48.438895192372,0.0,0.0,0.0,0.0,0.0
2050-07-12 02:00:00,0.0,33.444944088977536,0.0,0.0,0.0,0.0,0.0
2050-07-12 03:00:00,0.0,31.38291498807257,0.0,0.0,0.0,0.0,0.0
2050-07-12 04:00:00,0.0,25.375821137393814,0.0,0.0,0.0,0.0,0.0
2050-07-12 05:00:00,0.0,44.867115090667085,0.0,0.0,0.0,0.0,0.0
2050-07-12 06:00:00,0.0,42.63184770864541,0.0,0.0,0.0,0.0,0.0
2050-07-12 07:00:00,0.0,42.85059738153768,0.0,0.0,0.0,0.0,0.0
2050-07-12 08:00:00,0.0,42.02910904964301,0.0,0.0,0.0,0.0,0.0
2050-07-12 09:00:00,0.0,25.380250378932942,0.0,0.0,0.0,0.0,0.0
2050-07-12 10:00:00,0.0,38.7907957295065,0.0,0.0,0.0,0.0,0.0
2050-07-12 11:00:00,0.0,11.528352826765058,0.0,0.0,0.0,0.0,0.0
2050-07-12 12:00:00,0.0,38.528168302916356,0.0,0.0,0.0,0.0,0.0
2050-07-12 13:00:00,0.0,17.925837595400026,0.0,0.0,0.0,0.0,0.0
2050-07-12 14:00:00,0.0,26.148599272614774,0.0,0.0,0.0,0.0,0.0
2050-07-12 15:00:00,0.0,38.042714211624116,0.0,0.0,0.0,0.0,0.0
2050-07-12 16:00:00,0.0,30.437198790149523,0.0,0.0,0.0,0.0,0.0
2050-07-12 17:00:00,0.0,39.96662332995015,0.0,0.0,0.0,0.0,0.0
2050-07-12 18:00:00,0.0,33.76164399637355,0.0,0.0,0.0,0.0,0.0
2050-07-12 19:00:00,0.0,42.83393893973516,0.0,0.0,0.0,0.0,0.0
2050-07-12 20:00:00,0.0,21.71911720626713,0.0,0.0,0.0,0.0,0.0
2050-07-12 21:00:00,0.0,44.58946131007542,0.0,0.0,0.0,0.0,0.0
2050-07-12 22:00:00,0.0,10.982098460622183,0.0,0.0,0.0,0.0,0.0
2050-07-12 23:00:00,0.0,46.33302472828177,0.0,0.0,0.0,0.0,0.0
2050-07-13 00:00:00,0.0,16.86452704828207,0.0,0.0,0.0,0.0,0.0
2050-07-13 01:00:00,0.0,46.851087694699345,0.0,0.0,0.0,0.0,0.0
2050-07-13 02:00:00,0.0,17.417428079265846,0.0,0.0,0.0,0.0,0.0
2050-07-13 03:00:00,0.0,47.61462753374326,0.0,0.0,0.0,0.0,0.0
2050-07-13 04:00:00,0.0,27.224692410760326,0.0,0.0,0.0,0.0,0.0
2050-07-13 05:00:00,0.0,44.28760164374762,0.0,0.0,0.0,0.0,0.0
2050-07-13 06:00:00,0.0,43.817284153341916,0.0,0.0,0.0,0.0,0.0
2050-07-13 07:00:00,0.0,24.767579899091288,0.0,0.0,0.0,0.0,0.0
2050-07-13 08:00:00,0.0,41.16705761231833,0.0,0.0,0.0,0.0,0.0
2050-07-13 09:00:00,0.0,40.357641355838496,0.0,0.0,0.0,0.0,0.0
2050-07-13 10:00:00,0.0,40.05245022539134,0.0,0.0,0.0,0.0,0.0
2050-07-13 11:00:00,0.0,30.172026262293457,0.0,0.0,0.0,0.0,0.0
2050-07-13 12:00:00,0.0,38.668102450795686,0.0,0.0,0.0,0.0,0.0
2050-07-13 13:00:00,0.0,36.0288066465655,0.0,0.0,0.0,0.0,0.0
2050-07-13 14:00:00,0.0,36.645430405217894,0.0,0.0,0.0,0.0,0.0
2050-07-13 15:00:00,0.0,38.89643337409461,0.0,0.0,0.0,0.0,0.0
2050-07-13 16:00:00,0.0,12.06669640427026,0.0,0.0,0.0,0.0,0.0
2050-07-13 17:00:00,0.0,11.266044145502747,0.0,0.0,0.0,0.0,0.0
2050-07-13 18:00:00,0.0,42.52006318077588,0.0,0.0,0.0,0.0,0.0
2050-07-13 19:00:00,0.0,8.619495613229446,0.0,0.0,0.0,0.0,0.0
2050-07-13 20:00:00,0.0,44.116304676929985,0.0,0.0,0.0,0.0,0.0
2050-07-13 21:00:00,0.0,0.08628560222405213,0.0,0.0,0.0,0.0,0.0
2050-07-13 22:00:00,0.0,46.164820566872095,0.0,0.0,0.0,0.0,0.0
2050-07-13 23:00:00,0.0,44.71137094522328,0.0,0.0,0.0,0.0,0.0
2050-07-14 00:00:00,0.0,0.06016606335333563,0.0,0.0,0.0,0.0,0.0
2050-07-14 01:00:00,0.0,48.03570104755477,0.0,0.0,0.0,0.0,0.0
2050-07-14 02:00:00,0.0,0.17455843083007494,0.0,0.0,0.0,0.0,0.0
2050-07-14 03:00:00,0.0,45.95213649527432,0.0,0.0,0.0,0.0,0.0
2050-07-14 04:00:00,0.0,0.12114696369962985,0.0,0.0,0.0,0.0,0.0
2050-07-14 05:00:00,0.0,0.09604027544901328,0.0,0.0,0.0,0.0,0.0
2050-07-14 06:00:00,0.0,0.08823577695375207,0.0,0.0,0.0,0.0,0.0
2050-07-14 07:00:00,0.0,0.11164908286082209,0.0,0.0,0.0,0.0,0.0
2050-07-14 08:00:00,0.0,0.09058809499538256,0.0,0.0,0.0,0.0,0.0
2050-07-14 09:00:00,0.0,40.69620222988806,0.0,0.0,0.0,0.0,0.0
2050-07-14 10:00:00,0.0,0.027632139351226215,0.0,0.0,0.0,0.0,0.0
2050-07-14 11:00:00,0.0,38.676683363363736,0.0,0.0,0.0,0.0,0.0
2050-07-14 12:00:00,0.0,0.11973826679968624,0.0,0.0,0.0,0.0,0.0
2050-07-14 13:00:00,0.0,38.2201163392408,0.0,0.0,0.0,0.0,0.0
2050-07-14 14:00:00,0.0,7.655088366182554,0.0,0.0,0.0,0.0,0.0
2050-07-14 15:00:00,0.0,37.86537207803735,0.0,0.0,0.0,0.0,0.0
2050-07-14 16:00:00,0.0,39.55640580944032,0.0,0.0,0.0,0.0,0.0
2050-07-14 17:00:00,0.0,40.4909486351562,0.0,0.0,0.0,0.0,0.0
2050-07-14 18:00:00,0.0,40.46239919414097,0.0,0.0,0.0,0.0,0.0
2050-07-14 19:00:00,0.0,41.558418531539246,0.0,0.0,0.0,0.0,0.0
2050-07-14 20:00:00,0.0,45.63772395403748,0.0,0.0,0.0,0.0,0.0
2050-07-14 21:00:00,0.0,5.644330793292738,0.0,0.0,0.0,0.0,0.0
2050-07-14 22:00:00,0.0,0.16543534275388083,0.0,0.0,0.0,0.0,0.0
2050-07-14 23:00:00,0.0,8.589492243162113,0.0,0.0,0.0,0.0,0.0
2050-07-15 00:00:00,0.0,13.100856345588909,0.0,0.0,0.0,0.0,0.0
2050-07-15 01:00:00,0.0,19.60087651432923,0.0,0.0,0.0,0.0,0.0
2050-07-15 02:00:00,0.0,22.101968070524435,0.0,0.0,0.0,0.0,0.0
2050-07-15 03:00:00,0.0,46.64258565338628,0.0,0.0,0.0,0.0,0.0
2050-07-15 04:00:00,0.0,46.37337465684368,0.0,0.0,0.0,0.0,0.0
2050-07-15 05:00:00,0.0,7.62745806865405,0.0,0.0,0.0,0.0,0.0
2050-07-15 06:00:00,0.0,43.78736691639983,0.0,0.0,0.0,0.0,0.0
2050-07-15 07:00:00,0.0,42.31671762481574,0.0,0.0,0.0,0.0,0.0
2050-07-15 08:00:00,0.0,0.05552937130232749,0.0,0.0,0.0,0.0,0.0
2050-07-15 09:00:00,0.0,40.18444614115856,0.0,0.0,0.0,0.0,0.0
2050-07-15 10:00:00,0.0,15.090457191503901,0.0,0.0,0.0,0.0,0.0
2050-07-15 11:00:00,0.0,18.32403116295791,0.0,0.0,0.0,0.0,0.0
2050-07-15 12:00:00,0.0,37.03509958969539,0.0,0.0,0.0,0.0,0.0
2050-07-15 13:00:00,0.0,36.798681606771424,3.145004928165932,0.0,0.0,2.201503449716152,0.0
2050-07-15 14:00:00,0.0,37.325837946048296,13.62971150829614,0.0,0.0,9.540798055807297,0.0
2050-07-15 15:00:00,0.0,38.91849616024456,15.430716252738279,0.0,0.0,10.801501376916795,0.0
2050-07-15 16:00:00,0.0,39.76732357757078,4.582019861355019,0.0,0.0,3.207413902948513,0.0
2050-07-15 17:00:00,0.0,40.417725037093305,0.0,0.0,0.0,0.0,0.0
2050-07-15 18:00:00,0.0,41.08909268279103,0.0,0.0,0.0,0.0,0.0
2050-07-15 19:00:00,0.0,42.49740975583859,0.0,0.0,0.0,0.0,0.0
2050-07-15 20:00:00,0.0,42.40309961967387,0.0,0.0,0.0,0.0,0.0
2050-07-15 21:00:00,0.0,46.15900031072442,0.0,0.0,0.0,0.0,0.0
2050-07-15 22:00:00,0.0,45.387527226678,0.0,0.0,0.0,0.0,0.0
2050-07-15 23:00:00,0.0,46.060876452326056,34.09436852341645,0.0,0.0,20.247789336177995,0.0
2050-07-16 00:00:00,0.0,44.442377979914454,37.7380692639674,0.0,0.0,20.247789336177995,0.0
2050-07-16 01:00:00,0.0,44.94667033110795,37.7380692639674,0.0,0.0,20.247789336177995,0.0
2050-07-16 02:00:00,0.0,44.55195538922567,37.7380692639674,0.0,0.0,20.247789336177995,0.0
2050-07-16 03:00:00,0.0,42.54838699234665,37.7380692639674,0.0,0.0,20.247789336177995,0.0
2050-07-16 04:00:00,0.0,44.40651124217766,37.7380692639674,0.0,0.0,20.247789336177995,0.0
2050-07-16 05:00:00,0.0,42.04781198180922,37.7380692639674,0.0,0.0,20.247789336177995,0.0
2050-07-16 06:00:00,0.0,40.523780713133874,37.7380692639674,0.0,0.0,20.247789336177995,0.0
2050-07-16 07:00:00,0.0,39.950282117750476,37.7380692639674,0.0,0.0,20.247789336177995,0.0
2050-07-16 08:00:00,0.0,39.57573765973575,37.7380692639674,0.0,0.0,20.247789336177995,0.0
2050-07-16 09:00:00,0.0,38.45987038087014,37.7380692639674,0.0,0.0,20.247789336177995,0.0
2050-07-16 10:00:00,0.0,36.93304532078332,37.7380692639674,0.0,0.0,20.247789336177995,0.0
2050-07-16 11:00:00,0.0,35.8249686420138,37.7380692639674,0.0,0.0,20.247789336177995,0.0
2050-07-16 12:00:00,0.0,35.819469926679176,37.7380692639674,0.0,0.0,20.247789336177995,0.0
2050-07-16 13:00:00,0.0,35.02736915046944,37.7380692639674,0.0,0.0,20.247789336177995,0.0
2050-07-16 14:00:00,0.0,35.45826652239134,37.7380692639674,0.0,0.0,20.247789336177995,0.0
2050-07-16 15:00:00,0.0,35.15861179668627,37.7380692639674,0.0,0.0,12.663185310818989,0.0
2050-07-16 16:00:00,0.0,37.93385114999296,37.7380692639674,0.0,0.0,0.0,0.0
2050-07-16 17:00:00,0.0,37.123935700213906,37.7380692639674,0.0,0.0,0.0,0.0
2050-07-16 18:00:00,0.0,38.71132451413473,37.7380692639674,0.0,0.0,0.0,0.0
2050-07-16 19:00:00,0.0,39.69076553526861,37.7380692639674,0.0,0.0,0.0,0.0
2050-07-16 20:00:00,0.0,41.66828080310461,37.7380692639674,0.0,0.0,0.0,0.0
2050-07-16 21:00:00,0.0,42.41869548033196,30.99303608212756,0.0,0.0,0.0,0.0
2050-07-16 22:00:00,0.0,42.46489570284325,0.0,0.0,0.0,0.0,0.0
2050-07-16 23:00:00,0.0,43.245822768551534,0.0,0.0,0.0,0.0,0.0
2050-07-17 00:00:00,0.0,44.31795434877199,0.0,0.0,0.0,0.0,0.0
2050-07-17 01:00:00,0.0,46.60514922114521,0.0,9.872420110951396,0.0,0.0,0.0
2050-07-17 02:00:00,0.0,46.633673743936015,0.0,17.085870277686833,0.0,0.0,0.0
2050-07-17 03:00:00,0.0,44.444500485526305,0.0,32.388915012323274,0.0,0.0,0.0
2050-07-17 04:00:00,0.0,43.270389543090914,0.0,26.997119518200527,0.0,0.0,0.0
2050-07-17 05:00:00,0.0,41.67345084416456,0.0,5.507896095934886,0.0,0.0,0.0
2050-07-17 06:00:00,0.0,41.2296413257734,2.73975119084448,0.0,0.0,0.0,0.0
2050-07-17 07:00:00,0.0,38.63986391236949,8.593981624330553,0.0,0.0,0.0,0.0
2050-07-17 08:00:00,0.0,37.80399658920396,2.1609424556598498,0.0,0.0,0.0,0.0
2050-07-17 09:00:00,0.0,37.58626225743001,0.0,0.0,0.0,0.0,0.0
2050-07-17 10:00:00,0.0,37.193402539707904,0.0,0.0,0.0,0.0,0.0
2050-07-17 11:00:00,0.0,36.074346050217855,0.0,0.0,0.0,0.0,0.0
2050-07-17 12:00:00,0.0,34.75988804218514,0.0,0.0,0.0,0.0,0.0
2050-07-17 13:00:00,0.0,35.20627912885834,0.0,0.0,0.0,0.0,0.0
2050-07-17 14:00:00,0.0,35.00396163650157,16.02030688479806,0.0,0.0,0.0,0.0
2050-07-17 15:00:00,0.0,35.41948339646774,36.84359982305227,0.0,0.0,0.0,0.0
2050-07-17 16:00:00,0.0,36.71248572746708,24.877085380371582,0.0,0.0,0.0,0.0
2050-07-17 17:00:00,0.0,36.769586899370324,7.81096223542713,0.0,0.0,0.0,0.0
2050-07-17 18:00:00,0.0,38.81565973097486,11.283868961047105,0.0,0.0,0.0,0.0
2050-07-17 19:00:00,0.0,39.59804756264589,31.444136899931323,0.0,0.0,0.0,0.0
2050-07-17 20:00:00,0.0,41.01200584221442,9.810730627220462,0.0,0.0,0.0,0.0
2050-07-17 21:00:00,0.0,41.52442550697265,0.19611917572465895,0.0,0.0,0.0,0.0
2050-07-17 22:00:00,0.0,43.96172291223638,0.0,0.0,0.0,0.0,0.0
2050-07-17 23:00:00,0.0,44.01314894783127,0.0,12.565901274998168,0.0,0.0,0.0
2050-07-18 00:00:00,0.0,48.4289690532928,0.0,41.507675520532835,0.0,0.0,0.0
2050-07-18 01:00:00,0.0,47.46431233262001,0.0,48.62552183750089,0.0,0.0,0.0
2050-07-18 02:00:00,0.0,46.77178859985793,0.0,48.62552183750089,0.0,0.0,0.0
2050-07-18 03:00:00,0.0,48.03896888916438,0.0,48.62552183750089,0.0,0.0,14.522531998945738
2050-07-18 04:00:00,0.0,44.965791041411876,0.0,48.62552183750089,0.0,0.0,38.394910120795046
2050-07-18 05:00:00,0.0,45.12983874350289,0.0,48.62552183750089,0.0,0.0,38.394910120795046
2050-07-18 06:00:00,0.0,43.1580862012122,0.0,48.62552183750089,0.0,0.0,38.394910120795046
2050-07-18 07:00:00,0.0,41.7729784803571,0.0,48.62552183750089,0.0,0.0,38.394910120795046
2050-07-18 08:00:00,0.0,42.01248785636744,0.0,48.62552183750089,0.0,0.0,38.394910120795046
2050-07-18 09:00:00,0.0,40.67609432624636,0.0,48.62552183750089,0.0,0.0,38.394910120795046
2050-07-18 10:00:00,0.0,30.290774579556455,0.0,48.62552183750089,0.0,0.0,38.394910120795046
2050-07-18 11:00:00,0.0,38.108306032094106,0.0,48.62552183750089,0.0,0.0,38.394910120795046
2050-07-18 12:00:00,0.0,36.73290118531554,0.0,31.04299406505832,0.0,0.0,31.67652455618196
2050-07-18 13:00:00,0.0,35.865855937682454,0.0,0.0,0.0,0.0,0.0
2050-07-18 14:00:00,0.0,37.110933173303465,0.0,0.0,0.0,0.0,0.0
2050-07-18 15:00:00,0.0,38.710292609015596,0.0,0.0,0.0,0.0,0.0
2050-07-18 16:00:00,0.0,39.5166164802265,0.0,0.0,0.0,0.0,0.0
2050-07-18 17:00:00,0.0,41.77891145975377,0.0,0.0,0.0,0.0,0.0
2050-07-18 18:00:00,0.0,40.91924134523288,37.7380692639674,0.0,0.0,0.0,0.0
2050-07-18 19:00:00,0.0,42.346335462636716,5.928943543303385,0.0,0.0,0.0,0.0
2050-07-18 20:00:00,0.0,43.72642784188156,37.7380692639674,0.0,0.0,0.0,0.0
2050-07-18 21:00:00,0.0,44.46390003660849,0.0,0.0,0.0,20.247789336177995,0.0
2050-07-18 22:00:00,0.0,47.15894202603363,0.0,29.081862914760762,0.0,0.0,19.840849266099486
2050-07-18 23:00:00,0.0,46.936404404417544,0.0,8.840046067323295,0.0,0.0,0.0
2050-07-19 00:00:00,0.0,47.049886423075804,0.0,13.593736004478973,0.0,0.0,0.0
2050-07-19 01:00:00,0.0,47.4798496059102,0.0,4.563974309108535,0.0,0.0,0.0
2050-07-19 02:00:00,0.0,48.129079191927076,0.0,0.0,0.0,0.0,0.0
2050-07-19 03:00:00,0.0,45.65715686344083,0.0,0.0,0.0,0.0,0.0
2050-07-19 04:00:00,0.0,46.121651945261874,0.0,0.0,0.0,0.0,0.0
2050-07-19 05:00:00,0.0,44.706248964275574,0.0,0.0,0.0,0.0,0.0
2050-07-19 06:00:00,0.0,45.07359071654446,0.0,0.0,0.0,0.0,0.0
2050-07-19 07:00:00,0.0,42.813835837416946,0.0,0.0,0.0,0.0,0.0
2050-07-19 08:00:00,0.0,40.75542546982388,0.0,0.0,0.0,0.0,0.0
2050-07-19 09:00:00,0.0,38.42483573223876,0.0,0.0,0.0,0.0,0.0
2050-07-19 10:00:00,0.0,39.7390833957395,0.0,0.0,0.0,0.0,0.0
2050-07-19 11:00:00,0.0,37.224307346085425,0.0,0.0,0.0,0.0,0.0
2050-07-19 12:00:00,0.0,37.88226265428489,0.0,0.0,0.0,0.0,0.0
2050-07-19 13:00:00,0.0,38.63689090219145,0.0,0.0,0.0,0.0,0.0
2050-07-19 14:00:00,0.0,36.934130815860726,0.0,0.0,0.0,0.0,0.0
2050-07-19 15:00:00,0.0,38.94310927855577,0.0,0.0,0.0,0.0,0.0
2050-07-19 16:00:00,0.0,37.428221616026576,0.0,0.0,0.0,0.0,0.0
2050-07-19 17:00:00,0.0,39.787873968123904,0.0,0.0,0.0,0.0,0.0
2050-07-19 18:00:00,0.0,41.171276956871,0.0,0.0,0.0,0.0,0.0
2050-07-19 19:00:00,0.0,43.57866975731872,0.0,0.0,0.0,0.0,0.0
2050-07-19 20:00:00,0.0,45.05160106839048,0.0,0.0,0.0,0.0,0.0
2050-07-19 21:00:00,0.0,45.216519559495964,0.0,0.0,0.0,0.0,0.0
2050-07-19 22:00:00,0.0,45.926261516753584,0.0,0.0,0.0,0.0,0.0
2050-07-19 23:00:00,0.0,48.122657907552366,0.0,0.0,0.0,0.0,0.0
2050-07-20 00:00:00,0.0,47.450693792691936,0.0,0.0,0.0,0.0,0.0
2050-07-20 01:00:00,0.0,48.454447792900055,0.0,0.0,0.0,0.0,0.0
2050-07-20 02:00:00,0.0,49.595428266006365,0.0,0.0,0.0,0.0,0.0
2050-07-20 03:00:00,0.0,46.64596711415561,0.0,0.0,0.0,0.0,0.0
2050-07-20 04:00:00,0.0,45.84970881538288,0.0,0.0,0.0,0.0,0.0
2050-07-20 05:00:00,0.0,44.569532502082666,0.0,0.0,0.0,0.0,0.0
2050-07-20 06:00:00,0.0,43.40407866736109,0.0,0.0,0.0,0.0,0.0
2050-07-20 07:00:00,0.0,43.606546513660305,0.0,0.0,0.0,0.0,0.0
2050-07-20 08:00:00,0.0,40.749390571213326,0.0,0.0,0.0,0.0,0.0
2050-07-20 09:00:00,0.0,40.124233096216585,0.0,0.0,0.0,0.0,0.0
2050-07-20 10:00:00,0.0,39.471669670499296,0.0,0.0,0.0,0.0,0.0
2050-07-20 11:00:00,0.0,36.72122480029702,0.0,0.0,0.0,0.0,0.0
2050-07-20 12:00:00,0.0,39.30965891378014,0.0,0.0,0.0,0.0,0.0
2050-07-20 13:00:00,0.0,38.40665567267138,0.0,0.0,0.0,0.0,0.0
2050-07-20 14:00:00,0.0,37.94989329877626,0.0,0.0,0.0,0.0,0.0
2050-07-20 15:00:00,0.0,38.91448511809085,0.0,0.0,0.0,0.0,0.0
2050-07-20 16:00:00,0.0,39.04605912839634,23.67507226137168,0.0,0.0,0.0,0.0
2050-07-20 17:00:00,0.0,39.64778376752611,0.0,0.0,0.0,0.0,0.0
2050-07-20 18:00:00,0.0,41.53547069563069,37.7380692639674,0.0,0.0,0.0,0.0
2050-07-20 19:00:00,0.0,41.804548247671164,37.7380692639674,0.0,0.0,0.0,0.0
2050-07-20 20:00:00,0.0,43.383741113470705,37.7380692639674,0.0,0.0,0.0,0.0
2050-07-20 21:00:00,0.0,45.61282395944295,37.7380692639674,0.0,0.0,0.0,0.0
2050-07-20 22:00:00,0.0,47.16177825638988,0.0,1.1860360942595929,0.0,0.0,0.0
2050-07-20 23:00:00,0.0,46.25937295785775,0.0,48.62552183750089,0.0,0.0,0.0
2050-07-21 00:00:00,0.0,47.653574329831144,0.0,38.37087069143145,0.0,20.247789336177995,0.0
2050-07-21 01:00:00,0.0,46.31133027789997,0.0,12.517122682158103,0.0,0.747459889640478,0.0
2050-07-21 02:00:00,0.0,48.39785482884622,0.0,0.2592477192270466,0.0,0.0,0.0
2050-07-21 03:00:00,0.0,46.00244245572708,0.0,14.595224954904038,0.0,0.0,14.893086688677592
2050-07-21 04:00:00,0.0,46.256356493852536,0.0,5.562079363388647,0.0,0.0,5.675591187131273
2050-07-21 05:00:00,0.0,45.13619528058189,0.0,0.0,0.0,0.0,0.0
2050-07-21 06:00:00,0.0,44.00522023947383,0.0,0.0,0.0,0.0,0.0
2050-07-21 07:00:00,0.0,41.40488056535787,0.0,0.0,0.0,0.0,0.0
2050-07-21 08:00:00,0.0,40.64614880864542,0.0,0.0,0.0,0.0,0.0
2050-07-21 09:00:00,0.0,40.03011615985724,0.0,0.0,0.0,0.0,0.0
2050-07-21 10:00:00,0.0,38.90889193797898,0.0,0.0,0.0,0.0,0.0
2050-07-21 11:00:00,0.0,37.24199390184822,0.0,0.0,0.0,0.0,0.0
2050-07-21 12:00:00,0.0,36.96628865419052,0.0,0.0,0.0,0.0,0.0
2050-07-21 13:00:00,0.0,36.86685458175043,0.0,0.0,0.0,0.0,0.0
2050-07-21 14:00:00,0.0,38.31776546338597,0.0,0.0,0.0,0.0,0.0
2050-07-21 15:00:00,0.0,39.24007951215708,0.0,0.0,0.0,0.0,0.0
2050-07-21 16:00:00,0.0,37.649452355701214,0.0,0.0,0.0,0.0,0.0
2050-07-21 17:00:00,0.0,39.42669293984045,0.0,0.0,0.0,0.0,0.0
2050-07-21 18:00:00,0.0,40.28594332410967,0.0,0.0,0.0,0.0,0.0
2050-07-21 19:00:00,0.0,43.60880224021798,0.0,0.0,0.0,0.0,0.0
2050-07-21 20:00:00,0.0,43.256448850718925,0.0,0.0,0.0,0.0,0.0
2050-07-21 21:00:00,0.0,46.77016745581682,17.36386751937137,0.0,0.0,0.0,0.0
2050-07-21 22:00:00,0.0,46.09370011971714,0.0,12.14862990992818,0.0,0.0,0.0
2050-07-21 23:00:00,0.0,47.35035774160929,0.0,0.0,0.0,0.0,0.0
2050-07-22 00:00:00,0.0,48.07276131758999,0.0,0.0,0.0,0.0,0.0
2050-07-22 01:00:00,0.0,48.27064908588045,0.0,0.0,0.0,0.0,0.0
2050-07-22 02:00:00,0.0,47.143709086635,0.0,0.0,0.0,0.0,0.0
2050-07-22 03:00:00,0.0,49.40686902225525,0.0,0.0,0.0,0.0,0.0
2050-07-22 04:00:00,0.0,46.20973172757158,0.0,0.0,0.0,0.0,0.0
2050-07-22 05:00:00,0.0,44.59980324113417,0.0,0.0,0.0,0.0,0.0
2050-07-22 06:00:00,0.0,44.13967850237009,0.0,0.0,0.0,0.0,0.0
2050-07-22 07:00:00,0.0,43.13935027856974,0.0,0.0,0.0,0.0,0.0
2050-07-22 08:00:00,0.0,42.00322766197769,0.0,0.0,0.0,0.0,0.0
2050-07-22 09:00:00,0.0,38.62426596050091,0.0,0.0,0.0,0.0,0.0
2050-07-22 10:00:00,0.0,38.5045338200016,0.0,0.0,0.0,0.0,0.0
2050-07-22 11:00:00,0.0,37.17170858772238,0.0,0.0,0.0,0.0,0.0
2050-07-22 12:00:00,0.0,38.417792948096576,0.0,0.0,0.0,0.0,0.0
2050-07-22 13:00:00,0.0,38.244175246040186,0.0,0.0,0.0,0.0,0.0
2050-07-22 14:00:00,0.0,38.10693723022746,0.0,0.0,0.0,0.0,0.0
2050-07-22 15:00:00,0.0,37.26930235991267,0.0,0.0,0.0,0.0,0.0
2050-07-22 16:00:00,0.0,38.974537385965505,0.0,0.0,0.0,0.0,0.0
2050-07-22 17:00:00,0.0,39.50186251507489,0.0,0.0,0.0,0.0,0.0
2050-07-22 18:00:00,0.0,40.049736565987814,0.0,0.0,0.0,0.0,0.0
2050-07-22 19:00:00,0.0,41.802148739329596,0.0,0.0,0.0,0.0,0.0
2050-07-22 20:00:00,0.0,44.637061945340065,0.0,0.0,0.0,0.0,0.0
2050-07-22 21:00:00,0.0,45.315598958366536,0.0,0.0,0.0,0.0,0.0
2050-07-22 22:00:00,0.0,47.40808415298261,0.0,0.0,0.0,0.0,0.0
2050-07-22 23:00:00,0.0,47.45948074308376,0.0,0.0,0.0,0.0,0.0
2050-07-23 00:00:00,0.0,45.88293833165085,0.0,0.0,0.0,0.0,0.0
2050-07-23 01:00:00,0.0,45.616305716887155,0.0,0.0,0.0,0.0,0.0
2050-07-23 02:00:00,0.0,44.60158762425294,8.960405570659567,0.0,0.0,0.0,0.0
2050-07-23 03:00:00,0.0,44.93968224163814,0.0,0.0,0.0,6.269147757511966,0.0
2050-07-23 04:00:00,0.0,43.62756436056429,37.7380692639674,0.0,0.0,6.158730189451521,0.0
2050-07-23 05:00:00,0.0,42.02246881350197,0.0,0.0,0.0,20.247789336177995,0.0
2050-07-23 06:00:00,0.0,41.81525635518369,37.7380692639674,0.0,0.0,20.247789336177995,0.0
2050-07-23 07:00:00,0.0,40.87466719342888,20.11716373879016,0.0,0.0,20.247789336177995,0.0
2050-07-23 08:00:00,0.0,37.56154206173301,37.7380692639674,0.0,0.0,20.247789336177995,0.0
2050-07-23 09:00:00,0.0,38.62604868917083,37.7380692639674,0.0,0.0,20.247789336177995,0.0
2050-07-23 10:00:00,0.0,36.99004938220423,14.894872584001881,0.0,0.0,20.247789336177995,0.0
2050-07-23 11:00:00,0.0,38.12708976468093,33.25282302784659,0.0,0.0,0.0,0.0
2050-07-23 12:00:00,0.0,34.93323553548976,37.7380692639674,0.0,0.0,0.0,38.394910120795046
2050-07-23 13:00:00,0.0,35.69713816227227,37.7380692639674,0.0,0.0,0.0,38.394910120795046
2050-07-23 14:00:00,0.0,35.40687808734356,37.7380692639674,0.0,0.0,0.0,0.0
2050-07-23 15:00:00,0.0,34.55233938598144,37.7380692639674,0.0,0.0,12.35269867456401,0.0
2050-07-23 16:00:00,0.0,36.892851473674,37.7380692639674,0.0,0.0,0.0,0.0
2050-07-23 17:00:00,0.0,38.47663793606216,37.7380692639674,0.0,0.0,20.247789336177995,0.0
2050-07-23 18:00:00,0.0,38.24547946119242,37.7380692639674,0.0,0.0,20.247789336177995,0.0
2050-07-23 19:00:00,0.0,39.412536927361316,30.534765388516334,0.0,0.0,20.247789336177995,0.0
2050-07-23 20:00:00,0.0,40.51797051542576,11.354806621498604,0.0,0.0,20.247789336177995,0.0
2050-07-23 21:00:00,0.0,42.09999829552271,0.0,34.51498679598168,0.0,20.247789336177995,0.0
2050-07-23 22:00:00,0.0,42.82289927872898,0.0,48.62552183750089,0.0,20.247789336177995,0.0
2050-07-23 23:00:00,0.0,43.72894442480424,0.0,48.62552183750089,0.0,0.0,0.0
2050-07-24 00:00:00,0.0,45.54987174175017,0.0,48.62552183750089,0.0,0.0,0.0
2050-07-24 01:00:00,0.0,47.69584215916802,0.0,30.67744411364126,0.0,0.0,38.394910120795046
2050-07-24 02:00:00,0.0,43.9389044565396,0.0,16.986231297833296,0.0,0.0,10.245039058161
2050-07-24 03:00:00,0.0,45.04854176023014,0.0,0.0,0.0,0.0,0.0
2050-07-24 04:00:00,0.0,43.72142603712314,0.0,0.0,0.0,0.0,0.0
2050-07-24 05:00:00,0.0,43.25431397470106,0.0,0.0,0.0,0.0,0.0
2050-07-24 06:00:00,0.0,41.79227276824804,0.0,0.0,0.0,0.0,0.0
2050-07-24 07:00:00,0.0,41.59285036693586,3.3752134961868876,0.0,0.0,0.0,0.0
2050-07-24 08:00:00,0.0,39.465539806818015,4.18719677631978,0.0,0.0,0.0,0.0
2050-07-24 09:00:00,0.0,39.1002047269933,12.84527724345573,0.0,0.0,0.0,0.0
2050-07-24 10:00:00,0.0,36.50176608782294,27.550728780083325,0.0,0.0,0.0,0.0
2050-07-24 11:00:00,0.0,34.482243610449814,27.234907956856688,0.0,0.0,0.0,0.0
2050-07-24 12:00:00,0.0,35.34366189761954,24.94843634494803,0.0,0.0,0.0,0.0
2050-07-24 13:00:00,0.0,34.60374361211757,12.696910622217224,0.0,0.0,0.0,0.0
2050-07-24 14:00:00,0.0,35.61339730803411,2.9196155138082194,0.0,0.0,0.0,12.91453102747302
2050-07-24 15:00:00,0.0,35.25415964290596,3.9902686045030027,0.0,0.0,0.0,38.394910120795046
2050-07-24 16:00:00,0.0,35.952716660511896,1.0939280439833592,0.0,0.0,0.0,0.0
2050-07-24 17:00:00,0.0,37.01731131258839,4.319154416827976,0.0,0.0,0.0,0.0
2050-07-24 18:00:00,0.0,38.49528925319055,1.7829224214684363,0.0,0.0,0.0,38.394910120795046
2050-07-24 19:00:00,0.0,39.46262844011267,0.0,0.0,0.0,0.0,0.0
2050-07-24 20:00:00,0.0,42.038068250975584,0.0,0.0,0.0,0.0,0.0
2050-07-24 21:00:00,0.0,40.81374280166051,0.0,0.0,0.0,0.0,0.0
2050-07-24 22:00:00,0.0,45.185761452711176,11.525105361601156,0.0,0.0,0.0,38.394910120795046
2050-07-24 23:00:00,0.0,44.19512006863715,30.92737136323258,0.0,0.0,0.0,0.0
2050-07-25 00:00:00,0.0,48.62088292629801,26.525283261230317,0.0,0.0,0.0,0.0
2050-07-25 01:00:00,0.0,47.782759793720516,37.69570042134802,0.0,0.0,20.247789336177995,0.0
2050-07-25 02:00:00,0.0,44.51875535785439,37.7380692639674,0.0,0.0,20.247789336177995,0.0
2050-07-25 03:00:00,0.0,46.90585850086427,30.26954807765498,0.0,0.0,20.247789336177995,0.0
2050-07-25 04:00:00,0.0,47.64976344780143,7.108887641685769,0.0,0.0,20.247789336177995,0.0
2050-07-25 05:00:00,0.0,44.01060824270576,0.0,16.71883620493283,0.0,0.0,0.0
2050-07-25 06:00:00,0.0,43.433953454322136,0.0,33.44910864627325,0.0,0.0,0.0
2050-07-25 07:00:00,0.0,43.424086170682585,0.0,48.09713399540906,0.0,16.554890553530527,0.0
2050-07-25 08:00:00,0.0,40.71539369148809,0.0,46.39458029565581,0.0,0.0,0.0
2050-07-25 09:00:00,0.0,39.419648096064975,0.0,40.7522223024867,0.0,0.0,0.0
2050-07-25 10:00:00,0.0,37.981363339477184,0.0,48.62552183750089,0.0,0.0,0.0
2050-07-25 11:00:00,0.0,38.31242375253896,0.0,2.1036990671475695,0.0,0.0,0.0
2050-07-25 12:00:00,0.0,37.809614205575144,0.0,5.950783310908876,0.0,0.0,0.0
2050-07-25 13:00:00,0.0,38.44123967636301,0.0,0.0,0.0,0.0,0.0
2050-07-25 14:00:00,0.0,38.1132582451246,0.0,0.0,0.0,0.0,0.0
2050-07-25 15:00:00,0.0,39.759793984715316,10.695303234366413,0.0,0.0,7.4867122640564885,0.0
2050-07-25 16:00:00,0.0,38.94176607250847,35.393018655142995,0.0,0.0,20.247789336177995,0.0
2050-07-25 17:00:00,0.0,39.21130136679926,37.7380692639674,0.0,0.0,20.247789336177995,0.0
2050-07-25 18:00:00,0.0,40.511634149967676,37.7380692639674,0.0,0.0,20.247789336177995,0.0
2050-07-25 19:00:00,0.0,41.76796522388713,37.7380692639674,0.0,0.0,20.247789336177995,0.0
2050-07-25 20:00:00,0.0,43.396144688817685,37.7380692639674,0.0,0.0,20.247789336177995,0.0
2050-07-25 21:00:00,0.0,44.03770807422279,34.304426859140314,0.0,0.0,20.247789336177995,0.0
2050-07-25 22:00:00,0.0,47.046762052977556,12.008102244554111,0.0,0.0,20.247789336177995,0.0
2050-07-25 23:00:00,0.0,48.40440120097355,0.0,0.0,0.0,20.247789336177995,0.0
2050-07-26 00:00:00,0.0,48.59091737912604,27.77023384005055,0.0,0.0,20.247789336177995,0.0
2050-07-26 01:00:00,0.0,50.04981185454312,37.7380692639674,0.0,0.0,20.247789336177995,0.0
2050-07-26 02:00:00,0.0,48.49363076435634,20.11716373879016,0.0,0.0,20.247789336177995,0.0
2050-07-26 03:00:00,0.0,46.80117618388408,37.7380692639674,0.0,0.0,20.247789336177995,0.0
2050-07-26 04:00:00,0.0,46.66728485808858,20.11716373879016,0.0,0.0,20.247789336177995,0.0
2050-07-26 05:00:00,0.0,44.49870837705748,28.92541333739714,0.0,0.0,20.247789336177995,0.0
2050-07-26 06:00:00,0.0,44.771876637270225,28.92541333739714,0.0,0.0,20.247789336177995,0.0
2050-07-26 07:00:00,0.0,41.52412002155984,28.92541333739714,0.0,0.0,20.247789336177995,0.0
2050-07-26 08:00:00,0.0,42.663736375895496,28.92541333739714,0.0,0.0,20.247789336177995,0.0
2050-07-26 09:00:00,0.0,41.58819991904102,28.92541333739714,0.0,0.0,20.247789336177995,0.0
2050-07-26 10:00:00,0.0,37.63281941866717,28.92541333739714,0.0,0.0,20.247789336177995,0.0
2050-07-26 11:00:00,0.0,38.144256572223185,28.92541333739714,0.0,0.0,20.247789336177995,0.0
2050-07-26 12:00:00,0.0,37.333205306901164,28.92541333739714,0.0,0.0,20.247789336177995,0.0
2050-07-26 13:00:00,0.0,38.12764997713339,28.92541333739714,0.0,0.0,20.247789336177995,0.0
2050-07-26 14:00:00,0.0,37.338282303532196,37.7380692639674,0.0,0.0,20.247789336177995,0.0
2050-07-26 15:00:00,0.0,37.94242565514719,20.11716373879016,0.0,0.0,20.247789336177995,0.0
2050-07-26 16:00:00,0.0,38.37475363000681,28.92541333739714,0.0,0.0,20.247789336177995,0.0
2050-07-26 17:00:00,0.0,40.16098026463669,28.92541333739714,0.0,0.0,20.247789336177995,0.0
2050-07-26 18:00:00,0.0,39.678016535757024,28.92541333739714,0.0,0.0,20.247789336177995,0.0
2050-07-26 19:00:00,0.0,42.122425103510295,37.7380692639674,0.0,0.0,20.247789336177995,0.0
2050-07-26 20:00:00,0.0,44.52828098458167,37.7380692639674,0.0,0.0,20.247789336177995,0.0
2050-07-26 21:00:00,0.0,46.88020703547909,20.1259741915526,0.0,0.0,20.247789336177995,0.0
2050-07-26 22:00:00,0.0,44.667533137914006,37.7380692639674,0.0,0.0,20.247789336177995,0.0
2050-07-26 23:00:00,0.0,46.22261898010174,37.7380692639674,0.0,0.0,20.247789336177995,0.0
2050-07-27 00:00:00,0.0,47.3479265094586,37.7380692639674,0.0,0.0,20.247789336177995,0.0
2050-07-27 01:00:00,0.0,48.467004712350445,37.7380692639674,0.0,0.0,20.247789336177995,0.0
2050-07-27 02:00:00,0.0,47.81303897556768,37.7380692639674,0.0,0.0,20.247789336177995,0.0
2050-07-27 03:00:00,0.0,47.72966542187078,37.7380692639674,0.0,0.0,20.247789336177995,0.0
2050-07-27 04:00:00,0.0,45.634659863748766,37.7380692639674,0.0,0.0,20.247789336177995,0.0
2050-07-27 05:00:00,0.0,45.728119493662916,37.7380692639674,0.0,0.0,20.247789336177995,0.0
2050-07-27 06:00:00,0.0,43.59773781831632,37.7380692639674,0.0,0.0,20.247789336177995,0.0
2050-07-27 07:00:00,0.0,43.338823295318434,37.7380692639674,0.0,0.0,20.247789336177995,0.0
2050-07-27 08:00:00,0.0,42.010329180965755,37.7380692639674,0.0,0.0,20.247789336177995,0.0
2050-07-27 09:00:00,0.0,39.64981635126287,37.7380692639674,0.0,0.0,20.247789336177995,0.0
2050-07-27 10:00:00,0.0,39.0947781869354,37.7380692639674,0.0,0.0,20.247789336177995,0.0
2050-07-27 11:00:00,0.0,38.74117100006788,37.7380692639674,0.0,0.0,20.247789336177995,0.0
2050-07-27 12:00:00,0.0,37.573946191064124,37.7380692639674,0.0,0.0,20.247789336177995,0.0
2050-07-27 13:00:00,0.0,37.3209206938825,37.7380692639674,0.0,0.0,20.247789336177995,0.0
2050-07-27 14:00:00,0.0,37.721347466061616,37.7380692639674,0.0,0.0,20.247789336177995,0.0
2050-07-27 15:00:00,0.0,38.64042063810416,37.7380692639674,0.0,0.0,20.247789336177995,0.0
2050-07-27 16:00:00,0.0,39.608530020836724,37.7380692639674,0.0,0.0,20.247789336177995,0.0
2050-07-27 17:00:00,0.0,39.11679322337818,37.7380692639674,0.0,0.0,20.247789336177995,0.0
2050-07-27 18:00:00,0.0,41.672404271447476,37.7380692639674,0.0,0.0,20.247789336177995,0.0
2050-07-27 19:00:00,0.0,42.87318004323038,37.7380692639674,0.0,0.0,20.247789336177995,0.0
2050-07-27 20:00:00,0.0,43.48957099264635,37.7380692639674,0.0,0.0,20.247789336177995,0.0
2050-07-27 21:00:00,0.0,44.05861320817098,37.7380692639674,0.0,0.0,20.247789336177995,0.0
2050-07-27 22:00:00,0.0,46.9823012464326,37.7380692639674,0.0,0.0,20.247789336177995,0.0
2050-07-27 23:00:00,0.0,46.75763352406716,37.7380692639674,0.0,0.0,20.247789336177995,0.0
2050-07-28 00:00:00,0.0,48.41915344696781,37.7380692639674,0.0,0.0,20.247789336177995,0.0
2050-07-28 01:00:00,0.0,48.49189179860673,37.7380692639674,0.0,0.0,20.247789336177995,0.0
2050-07-28 02:00:00,0.0,47.05569744119998,37.7380692639674,0.0,0.0,20.247789336177995,0.0
2050-07-28 03:00:00,0.0,46.28178053877036,37.7380692639674,0.0,0.0,20.247789336177995,0.0
2050-07-28 04:00:00,0.0,47.36863051622299,37.7380692639674,0.0,0.0,20.247789336177995,0.0
2050-07-28 05:00:00,0.0,44.33107899919105,37.7380692639674,0.0,0.0,20.247789336177995,0.0
2050-07-28 06:00:00,0.0,44.09373660300389,37.7380692639674,0.0,0.0,20.247789336177995,0.0
2050-07-28 07:00:00,0.0,42.56399093462687,37.7380692639674,0.0,0.0,20.247789336177995,0.0
2050-07-28 08:00:00,0.0,41.5021636248498,37.7380692639674,0.0,0.0,20.247789336177995,0.0
2050-07-28 09:00:00,0.0,40.753115430743264,37.7380692639674,0.0,0.0,20.247789336177995,0.0
2050-07-28 10:00:00,0.0,39.71180593841132,37.7380692639674,0.0,0.0,20.247789336177995,0.0
2050-07-28 11:00:00,0.0,38.05843968500744,37.7380692639674,0.0,0.0,20.247789336177995,0.0
2050-07-28 12:00:00,0.0,38.59908041504673,37.7380692639674,0.0,0.0,20.247789336177995,0.0
2050-07-28 13:00:00,0.0,36.55098148145635,37.7380692639674,0.0,0.0,20.247789336177995,0.0
2050-07-28 14:00:00,0.0,38.19173888729097,37.7380692639674,0.0,0.0,20.247789336177995,0.0
2050-07-28 15:00:00,0.0,37.16795350354232,37.7380692639674,0.0,0.0,20.247789336177995,0.0
2050-07-28 16:00:00,0.0,37.986917242343225,37.7380692639674,0.0,0.0,20.247789336177995,0.0
2050-07-28 17:00:00,0.0,39.97874394607766,37.7380692639674,0.0,0.0,20.247789336177995,0.0
2050-07-28 18:00:00,0.0,41.319316456179195,21.060365080478707,0.0,0.0,14.604972133327806,0.0
2050-07-28 19:00:00,0.0,40.999848766234436,0.0,13.328963345857925,0.0,0.0,13.741068131495078
2050-07-28 20:00:00,0.0,44.43021298514623,0.0,48.62552183750089,0.0,0.0,38.394910120795046
2050-07-28 21:00:00,0.0,46.738445591849995,0.0,48.62552183750089,0.0,0.0,38.394910120795046
2050-07-28 22:00:00,0.0,47.34675561856898,0.0,48.62552183750089,0.0,0.0,38.394910120795046
2050-07-28 23:00:00,0.0,46.0560019119564,0.0,48.62552183750089,0.0,0.0,38.394910120795046
2050-07-29 00:00:00,0.0,46.36352007413575,0.0,48.62552183750089,0.0,0.0,38.394910120795046
2050-07-29 01:00:00,0.0,45.94357087168373,0.0,48.62552183750089,0.0,0.0,38.394910120795046
2050-07-29 02:00:00,0.0,46.88852194972674,0.0,48.62552183750089,0.0,0.0,0.0
2050-07-29 03:00:00,0.0,45.662593729136915,0.0,36.4609317496921,0.0,0.0,20.82203119755203
2050-07-29 04:00:00,0.0,47.68068081866977,0.0,43.608722183090414,0.0,0.0,38.394910120795046
2050-07-29 05:00:00,0.0,43.87425615148709,0.0,48.62552183750089,0.0,0.0,38.394910120795046
2050-07-29 06:00:00,0.0,44.86403079202728,0.0,48.62552183750089,0.0,0.0,38.394910120795046
2050-07-29 07:00:00,0.0,42.89813651548684,0.0,48.62552183750089,0.0,0.0,0.0
2050-07-29 08:00:00,0.0,41.98252415885554,0.0,48.62552183750089,0.0,0.0,38.394910120795046
2050-07-29 09:00:00,0.0,39.89567647745503,0.0,48.62552183750089,0.0,0.0,38.394910120795046
2050-07-29 10:00:00,0.0,38.715059105149976,0.0,48.62552183750089,0.0,0.0,38.394910120795046
2050-07-29 11:00:00,0.0,37.42308091877908,0.0,48.62552183750089,0.0,0.0,38.394910120795046
2050-07-29 12:00:00,0.0,35.668478427806576,0.0,48.62552183750089,0.0,0.0,38.394910120795046
2050-07-29 13:00:00,0.0,36.901185199764086,0.0,48.62552183750089,0.0,0.0,38.394910120795046
2050-07-29 14:00:00,0.0,37.12374124404937,0.0,20.28968049887976,0.0,0.0,38.394910120795046
2050-07-29 15:00:00,0.0,37.79689073958434,0.0,0.0,0.0,0.0,21.313391569123354
2050-07-29 16:00:00,0.0,38.645354821806905,0.0,0.0,0.0,0.0,0.0
2050-07-29 17:00:00,0.0,39.230669408168524,0.0,0.0,0.0,0.0,38.394910120795046
2050-07-29 18:00:00,0.0,41.50637880054751,0.0,13.885508502295151,0.0,0.0,0.0
2050-07-29 19:00:00,0.0,41.796072368048726,0.0,29.31132689149366,0.0,0.0,0.0
2050-07-29 20:00:00,0.0,44.09533042748649,0.0,28.679559472659943,0.0,0.0,38.394910120795046
2050-07-29 21:00:00,0.0,44.58435168764322,0.0,7.083121800197192,0.0,0.0,0.0
2050-07-29 22:00:00,0.0,45.286392446441596,0.0,34.34905691691017,0.0,0.0,0.0
2050-07-29 23:00:00,0.0,47.326226271344694,0.0,0.0,0.0,0.0,0.0
2050-07-30 00:00:00,0.0,44.39509521313289,1.0027156440886387,0.0,0.0,0.7019009508620471,0.0
2050-07-30 01:00:00,0.0,44.31930974465581,4.338763010983342,0.0,0.0,0.0,0.0
2050-07-30 02:00:00,0.0,44.35991245825471,10.984018150355922,0.0,0.0,10.72442824588364,0.0
2050-07-30 03:00:00,0.0,44.51973285029749,17.32781528029001,0.0,0.0,7.16574830130644,0.0
2050-07-30 04:00:00,0.0,43.89433389487931,21.870599305383905,0.0,0.0,20.247789336177995,0.0
2050-07-30 05:00:00,0.0,42.04441599306347,28.89275722891969,0.0,0.0,20.247789336177995,0.0
2050-07-30 06:00:00,0.0,40.084375775001945,35.64700874437324,0.0,0.0,20.247789336177995,0.0
2050-07-30 07:00:00,0.0,40.22980804000258,36.85281641476783,0.0,0.0,20.247789336177995,0.0
2050-07-30 08:00:00,0.0,38.541241991984634,37.7380692639674,0.0,0.0,20.247789336177995,0.0
2050-07-30 09:00:00,0.0,36.81398799153067,37.7380692639674,0.0,0.0,20.247789336177995,0.0
2050-07-30 10:00:00,0.0,36.29560460739117,37.7380692639674,0.0,0.0,20.247789336177995,0.0
2050-07-30 11:00:00,0.0,36.08872907935597,37.7380692639674,0.0,0.0,20.247789336177995,0.0
2050-07-30 12:00:00,0.0,35.39274040746477,37.7380692639674,0.0,0.0,20.247789336177995,0.0
2050-07-30 13:00:00,0.0,36.46188067627486,37.7380692639674,0.0,0.0,20.247789336177995,0.0
2050-07-30 14:00:00,0.0,35.76143900976922,37.7380692639674,0.0,0.0,20.247789336177995,0.0
2050-07-30 15:00:00,0.0,34.9792110894532,37.7380692639674,0.0,0.0,20.247789336177995,0.0
2050-07-30 16:00:00,0.0,34.66633252128281,37.7380692639674,0.0,0.0,20.247789336177995,0.0
2050-07-30 17:00:00,0.0,38.188925547326335,37.7380692639674,0.0,0.0,20.247789336177995,0.0
2050-07-30 18:00:00,0.0,40.205488111340856,37.7380692639674,0.0,0.0,0.0,0.0
2050-07-30 19:00:00,0.0,39.08401953848602,37.7380692639674,0.0,0.0,20.247789336177995,0.0
2050-07-30 20:00:00,0.0,40.786638476090275,37.7380692639674,0.0,0.0,20.247789336177995,0.0
2050-07-30 21:00:00,0.0,41.50316635948343,37.7380692639674,0.0,0.0,20.247789336177995,0.0
2050-07-30 22:00:00,0.0,43.80340993814093,37.7380692639674,0.0,0.0,20.247789336177995,0.0
2050-07-30 23:00:00,0.0,42.18046048459473,37.7380692639674,0.0,0.0,0.0,0.0
2050-07-31 00:00:00,0.0,44.60062727237573,37.7380692639674,0.0,0.0,0.0,0.0
2050-07-31 01:00:00,0.0,43.865754925692954,37.7380692639674,0.0,0.0,0.0,0.0
2050-07-31 02:00:00,0.0,43.865122780484626,37.7380692639674,0.0,0.0,0.0,0.0
2050-07-31 03:00:00,0.0,43.84455047286224,37.7380692639674,0.0,0.0,20.247789336177995,0.0
2050-07-31 04:00:00,0.0,42.41586742843538,37.7380692639674,0.0,0.0,19.81893428137684,0.0
2050-07-31 05:00:00,0.0,42.45644039306126,28.098457397145815,0.0,0.0,0.0,0.0
2050-07-31 06:00:00,0.0,41.74456670013251,15.667024826869813,0.0,0.0,0.0,0.0
2050-07-31 07:00:00,0.0,39.76642662286599,5.494754654985002,0.0,0.0,0.0,0.0
2050-07-31 08:00:00,0.0,37.53175888996657,0.0,4.909543527916572,0.0,0.0,0.0
2050-07-31 09:00:00,0.0,38.304544782050925,0.0,27.387224244227,0.0,0.0,33.23348082110477
2050-07-31 10:00:00,0.0,36.001141328827316,0.0,48.62552183750089,0.0,0.0,38.394910120795046
2050-07-31 11:00:00,0.0,36.730584372448675,0.0,48.62552183750089,0.0,0.0,38.394910120795046
2050-07-31 12:00:00,0.0,34.453569250804094,0.0,48.62552183750089,0.0,0.0,38.394910120795046
2050-07-31 13:00:00,0.0,35.89923916546513,0.0,48.62552183750089,0.0,0.0,38.394910120795046
2050-07-31 14:00:00,0.0,35.47808610840934,0.0,48.62552183750089,0.0,0.0,38.394910120795046
2050-07-31 15:00:00,0.0,34.17668455190301,0.0,48.62552183750089,0.0,0.0,38.394910120795046
2050-07-31 16:00:00,0.0,35.663911603357064,0.0,48.62552183750089,0.0,0.0,38.394910120795046
2050-07-31 17:00:00,0.0,38.720117328681454,0.0,48.62552183750089,0.0,0.0,38.394910120795046
2050-07-31 18:00:00,0.0,40.72310569031424,0.0,48.62552183750089,0.0,0.0,38.394910120795046
2050-07-31 19:00:00,0.0,40.19660557739303,0.0,48.62552183750089,0.0,0.0,38.394910120795046
2050-07-31 20:00:00,0.0,40.80143118526007,0.0,48.62552183750089,0.0,0.0,38.394910120795046
2050-07-31 21:00:00,0.0,40.89077333386149,0.0,48.62552183750089,0.0,0.0,38.394910120795046
2050-07-31 22:00:00,0.0,42.20658149869678,0.0,48.62552183750089,0.0,0.0,38.394910120795046
2050-07-31 23:00:00,0.0,43.48477371819649,0.0,48.62552183750089,0.0,0.0,38.394910120795046
2050-08-01 00:00:00,0.0,46.79722623824591,0.0,48.62552183750089,0.0,0.0,38.394910120795046
2050-08-01 01:00:00,0.0,46.34112974315212,0.0,48.62552183750089,0.0,0.0,38.394910120795046
2050-08-01 02:00:00,0.0,26.74403701062556,0.0,48.62552183750089,0.0,0.0,38.394910120795046
2050-08-01 03:00:00,0.0,26.75802857159033,0.0,48.62552183750089,0.0,0.0,38.394910120795046
2050-08-01 04:00:00,0.0,26.868109922675558,0.0,48.62552183750089,0.0,0.0,38.394910120795046
2050-08-01 05:00:00,0.0,44.74032706284629,0.0,48.62552183750089,0.0,0.0,18.112094031303954
2050-08-01 06:00:00,0.0,43.04369915410621,0.0,48.62552183750089,0.0,0.0,38.394910120795046
2050-08-01 07:00:00,0.0,41.81226986981778,0.0,48.62552183750089,0.0,0.0,38.394910120795046
2050-08-01 08:00:00,0.0,40.51556608669193,0.0,48.62552183750089,0.0,0.0,38.394910120795046
2050-08-01 09:00:00,0.0,40.16885726704322,0.0,24.736266572309592,0.0,0.0,26.297622241462403
2050-08-01 10:00:00,0.0,38.76461467188483,0.0,36.56664597281493,0.0,0.0,38.394910120795046
2050-08-01 11:00:00,0.0,38.410701227095615,0.0,2.0942038425414724,0.0,0.0,0.0
2050-08-01 12:00:00,0.0,38.31169688862792,6.872117453072654,0.0,0.0,4.810482217150858,0.0
2050-08-01 13:00:00,0.0,36.400856240709345,6.958845242602486,0.0,0.0,4.87119166982174,0.0
2050-08-01 14:00:00,0.0,37.51932006494508,30.501656110170426,0.0,0.0,20.247789336177995,0.0
2050-08-01 15:00:00,0.0,37.11568488086505,37.7380692639674,0.0,0.0,20.247789336177995,0.0
2050-08-01 16:00:00,0.0,37.6860972444515,37.7380692639674,0.0,0.0,20.247789336177995,0.0
2050-08-01 17:00:00,0.0,39.32797037742216,37.7380692639674,0.0,0.0,20.247789336177995,0.0
2050-08-01 18:00:00,0.0,40.495585440658715,37.7380692639674,0.0,0.0,20.247789336177995,0.0
2050-08-01 19:00:00,0.0,41.22789368267968,37.7380692639674,0.0,0.0,20.247789336177995,0.0
2050-08-01 20:00:00,0.0,43.71426794646459,37.7380692639674,0.0,0.0,20.247789336177995,0.0
2050-08-01 21:00:00,0.0,45.42194795849878,37.7380692639674,0.0,0.0,20.247789336177995,0.0
2050-08-01 22:00:00,0.0,45.70538367464451,29.135176414361112,0.0,0.0,20.247789336177995,0.0
2050-08-01 23:00:00,0.0,46.92136409846262,22.787327557271965,0.0,0.0,20.247789336177995,0.0
2050-08-02 00:00:00,0.0,47.46093617272459,37.7380692639674,0.0,0.0,20.247789336177995,0.0
2050-08-02 01:00:00,0.0,48.0660630848422,18.118274396853025,0.0,0.0,20.247789336177995,0.0
2050-08-02 02:00:00,0.0,47.333520524141704,37.7380692639674,0.0,0.0,20.247789336177995,0.0
2050-08-02 03:00:00,0.0,45.42711586241967,19.646356728357446,0.0,0.0,20.247789336177995,0.0
2050-08-02 04:00:00,0.0,45.70931799658774,30.80082568225758,0.0,0.0,20.247789336177995,0.0
2050-08-02 05:00:00,0.0,45.955316167609226,0.0,0.0,0.0,0.0,0.0
2050-08-02 06:00:00,0.0,43.94854445549299,22.114263701758958,0.0,0.0,20.247789336177995,0.0
2050-08-02 07:00:00,0.0,41.7959037349417,0.0,0.0,0.0,0.0,0.0
2050-08-02 08:00:00,0.0,42.608957732981025,7.075634464193236,0.0,0.0,0.0,0.0
2050-08-02 09:00:00,0.0,40.499455343423506,23.28608615130625,0.0,0.0,20.247789336177995,0.0
2050-08-02 10:00:00,0.0,39.15412524834528,7.203535514612412,0.0,0.0,4.332250645072946,0.0
2050-08-02 11:00:00,0.0,38.80895494618562,10.478321931808082,0.0,0.0,0.0,0.0
2050-08-02 12:00:00,0.0,37.616855788112844,6.002945517045255,0.0,0.0,20.247789336177995,0.0
2050-08-02 13:00:00,0.0,38.164607757425074,0.0,0.0,0.0,20.247789336177995,0.0
2050-08-02 14:00:00,0.0,37.479641995576685,18.45561499461504,0.0,0.0,20.247789336177995,0.0
2050-08-02 15:00:00,0.0,39.16895428804423,32.35692358244503,0.0,0.0,20.247789336177995,0.0
2050-08-02 16:00:00,0.0,38.92085010274491,37.7380692639674,0.0,0.0,20.247789336177995,0.0
2050-08-02 17:00:00,0.0,38.62665092119232,37.7380692639674,0.0,0.0,20.247789336177995,0.0
2050-08-02 18:00:00,0.0,40.47705448773445,35.365849003003575,0.0,0.0,20.247789336177995,0.0
2050-08-02 19:00:00,0.0,43.09423874160211,5.946505914550016,0.0,0.0,20.247789336177995,0.0
2050-08-02 20:00:00,0.0,44.205617701620895,15.684152166840187,0.0,0.0,14.117710923429968,0.0
2050-08-02 21:00:00,0.0,46.17354167666508,37.7380692639674,0.0,0.0,20.247789336177995,0.0
2050-08-02 22:00:00,0.0,43.58039235854858,37.7380692639674,0.0,0.0,20.247789336177995,0.0
2050-08-02 23:00:00,0.0,47.378105584718014,37.7380692639674,0.0,0.0,20.247789336177995,0.0
2050-08-03 00:00:00,0.0,46.453156852153825,37.7380692639674,0.0,0.0,20.247789336177995,0.0
2050-08-03 01:00:00,0.0,46.837088599716026,37.7380692639674,0.0,0.0,20.247789336177995,0.0
2050-08-03 02:00:00,0.0,47.00729033530479,37.7380692639674,0.0,0.0,20.247789336177995,0.0
2050-08-03 03:00:00,0.0,46.83101202116268,37.7380692639674,0.0,0.0,20.247789336177995,0.0
2050-08-03 04:00:00,0.0,44.9271228392106,37.7380692639674,0.0,0.0,20.247789336177995,0.0
2050-08-03 05:00:00,0.0,44.73347680434608,37.7380692639674,0.0,0.0,20.247789336177995,0.0
2050-08-03 06:00:00,0.0,43.52786930724233,37.7380692639674,0.0,0.0,20.247789336177995,0.0
2050-08-03 07:00:00,0.0,43.04382381288019,37.7380692639674,0.0,0.0,20.247789336177995,0.0
2050-08-03 08:00:00,0.0,40.56161181114953,37.7380692639674,0.0,0.0,20.247789336177995,0.0
2050-08-03 09:00:00,0.0,40.315962129433274,37.7380692639674,0.0,0.0,20.247789336177995,0.0
2050-08-03 10:00:00,0.0,38.17473040669438,37.7380692639674,0.0,0.0,20.247789336177995,0.0
2050-08-03 11:00:00,0.0,37.24022239228702,37.7380692639674,0.0,0.0,20.247789336177995,0.0
2050-08-03 12:00:00,0.0,37.18803182808438,37.7380692639674,0.0,0.0,20.247789336177995,0.0
2050-08-03 13:00:00,0.0,35.54286526717101,37.7380692639674,0.0,0.0,20.247789336177995,0.0
2050-08-03 14:00:00,0.0,37.8876958220294,37.7380692639674,0.0,0.0,20.247789336177995,0.0
2050-08-03 15:00:00,0.0,37.72801658102935,37.7380692639674,0.0,0.0,20.247789336177995,0.0
2050-08-03 16:00:00,0.0,38.57713599523777,37.7380692639674,0.0,0.0,20.247789336177995,0.0
2050-08-03 17:00:00,0.0,38.2373074211564,37.7380692639674,0.0,0.0,20.247789336177995,0.0
2050-08-03 18:00:00,0.0,40.3290428795608,37.7380692639674,0.0,0.0,20.247789336177995,0.0
2050-08-03 19:00:00,0.0,43.869455625169394,37.7380692639674,0.0,0.0,20.247789336177995,0.0
2050-08-03 20:00:00,0.0,44.34058527918501,37.7380692639674,0.0,0.0,20.247789336177995,0.0
2050-08-03 21:00:00,0.0,44.34253307059316,37.7380692639674,0.0,0.0,20.247789336177995,0.0
2050-08-03 22:00:00,0.0,46.14247412693294,37.7380692639674,0.0,0.0,20.247789336177995,0.0
2050-08-03 23:00:00,0.0,46.07014917033803,37.7380692639674,0.0,0.0,20.247789336177995,0.0
2050-08-04 00:00:00,0.0,46.708275926836905,37.7380692639674,0.0,0.0,20.247789336177995,0.0
2050-08-04 01:00:00,0.0,46.81754324135704,37.7380692639674,0.0,0.0,20.247789336177995,0.0
2050-08-04 02:00:00,0.0,47.83665389032967,37.7380692639674,0.0,0.0,20.247789336177995,0.0
2050-08-04 03:00:00,0.0,47.50899816183619,37.7380692639674,0.0,0.0,20.247789336177995,0.0
2050-08-04 04:00:00,0.0,46.634693897911575,37.7380692639674,0.0,0.0,20.247789336177995,0.0
2050-08-04 05:00:00,0.0,45.91788872626171,37.7380692639674,0.0,0.0,20.247789336177995,0.0
2050-08-04 06:00:00,0.0,43.5949983482335,37.7380692639674,0.0,0.0,20.247789336177995,0.0
2050-08-04 07:00:00,0.0,42.836381292977876,37.7380692639674,0.0,0.0,20.247789336177995,0.0
2050-08-04 08:00:00,0.0,40.06180210372486,37.7380692639674,0.0,0.0,20.247789336177995,0.0
2050-08-04 09:00:00,0.0,39.31771660430013,37.7380692639674,0.0,0.0,20.247789336177995,0.0
2050-08-04 10:00:00,0.0,39.345828095388924,37.7380692639674,0.0,0.0,20.247789336177995,0.0
2050-08-04 11:00:00,0.0,36.34971481823368,37.7380692639674,0.0,0.0,5.49835955639054,0.0
2050-08-04 12:00:00,0.0,38.641795818291484,30.89996051244912,0.0,0.0,0.0,0.0
2050-08-04 13:00:00,0.0,37.47254922937395,1.4669841876438738,0.0,0.0,0.8896055083434362,0.0
2050-08-04 14:00:00,0.0,38.29600121755175,4.83426989306755,0.0,0.0,10.541413072386547,0.0
2050-08-04 15:00:00,0.0,38.05787756243171,3.486325351113315,0.0,0.0,0.0,0.0
2050-08-04 16:00:00,0.0,38.901651926728164,7.318150512499656,0.0,0.0,0.0,0.0
2050-08-04 17:00:00,0.0,39.904933323784235,0.0,37.96764634245787,0.0,0.0,2.9663236400196813
2050-08-04 18:00:00,0.0,41.17491165431534,0.0,38.922446718879584,0.0,0.0,0.0
2050-08-04 19:00:00,0.0,42.61976477143389,0.0,47.77233701398858,0.0,0.0,0.0
2050-08-04 20:00:00,0.0,43.323914483003364,0.0,48.62552183750089,0.0,0.0,0.0
2050-08-04 21:00:00,0.0,44.82779983398882,0.0,48.62552183750089,0.0,0.0,0.0
2050-08-04 22:00:00,0.0,46.88466696249429,0.0,48.62552183750089,0.0,0.0,38.394910120795046
2050-08-04 23:00:00,0.0,47.14031730831584,0.0,48.62552183750089,0.0,0.0,38.394910120795046
2050-08-05 00:00:00,0.0,47.72238288982658,0.0,48.62552183750089,0.0,0.0,38.394910120795046
2050-08-05 01:00:00,0.0,48.82537206915504,0.0,48.62552183750089,0.0,0.0,38.394910120795046
2050-08-05 02:00:00,0.0,47.979259408669805,0.0,48.62552183750089,0.0,0.0,38.394910120795046
2050-08-05 03:00:00,0.0,48.1814819130293,0.0,6.824352857284197,0.0,0.0,6.963625364575711
2050-08-05 04:00:00,0.0,45.03076337440666,0.0,37.58345850619113,0.0,0.0,38.394910120795046
2050-08-05 05:00:00,0.0,43.057626889967196,0.0,35.96505886030109,0.0,0.0,36.654619617162425
2050-08-05 06:00:00,0.0,42.87208558346924,0.0,0.0,0.0,0.0,0.0
2050-08-05 07:00:00,0.0,41.170111069332506,5.578225551004735,0.0,0.0,3.9047578857033143,0.0
2050-08-05 08:00:00,0.0,40.633619804202226,25.181552088856506,0.0,0.0,17.627086462199554,0.0
2050-08-05 09:00:00,0.0,40.367372460496654,28.92541333739714,0.0,0.0,20.247789336177995,0.0
2050-08-05 10:00:00,0.0,39.29804542359079,28.92541333739714,0.0,0.0,20.247789336177995,0.0
2050-08-05 11:00:00,0.0,37.40126263499178,37.7380692639674,0.0,0.0,20.247789336177995,0.0
2050-08-05 12:00:00,0.0,37.62692963316135,20.11716373879016,0.0,0.0,20.247789336177995,0.0
2050-08-05 13:00:00,0.0,37.46673185106329,28.92541333739714,0.0,0.0,20.247789336177995,0.0
2050-08-05 14:00:00,0.0,37.30671290925579,37.7380692639674,0.0,0.0,20.247789336177995,0.0
2050-08-05 15:00:00,0.0,36.959340920549494,20.11716373879016,0.0,0.0,20.247789336177995,0.0
2050-08-05 16:00:00,0.0,39.30602122265009,28.92541333739714,0.0,0.0,20.247789336177995,0.0
2050-08-05 17:00:00,0.0,39.7915506483987,28.92541333739714,0.0,0.0,20.247789336177995,0.0
2050-08-05 18:00:00,0.0,42.087161250779445,37.7380692639674,0.0,0.0,20.247789336177995,0.0
2050-08-05 19:00:00,0.0,41.837425859226414,37.7380692639674,0.0,0.0,20.247789336177995,0.0
2050-08-05 20:00:00,0.0,43.33760346437134,11.313318264982488,0.0,0.0,20.247789336177995,0.0
2050-08-05 21:00:00,0.0,45.04599080595517,28.92541333739714,0.0,0.0,20.247789336177995,0.0
2050-08-05 22:00:00,0.0,46.34099759607807,28.92541333739714,0.0,0.0,20.247789336177995,0.0
2050-08-05 23:00:00,0.0,48.528933257817016,37.7380692639674,0.0,0.0,20.247789336177995,0.0
2050-08-06 00:00:00,0.0,44.20815018279927,20.11716373879016,0.0,0.0,20.247789336177995,0.0
2050-08-06 01:00:00,0.0,45.92870511045976,28.92541333739714,0.0,0.0,20.247789336177995,0.0
2050-08-06 02:00:00,0.0,44.9286620159196,28.92541333739714,0.0,0.0,20.247789336177995,0.0
2050-08-06 03:00:00,0.0,43.66582288480254,37.7380692639674,0.0,0.0,20.247789336177995,0.0
2050-08-06 04:00:00,0.0,42.077442899220614,20.11716373879016,0.0,0.0,20.247789336177995,0.0
2050-08-06 05:00:00,0.0,42.96003043651831,28.92541333739714,0.0,0.0,20.247789336177995,0.0
2050-08-06 06:00:00,0.0,41.31576120372051,28.92541333739714,0.0,0.0,20.247789336177995,0.0
2050-08-06 07:00:00,0.0,40.14826022204511,28.92541333739714,0.0,0.0,20.247789336177995,0.0
2050-08-06 08:00:00,0.0,38.52083084941182,28.92541333739714,0.0,0.0,20.247789336177995,0.0
2050-08-06 09:00:00,0.0,37.634586793780954,28.92541333739714,0.0,0.0,20.247789336177995,0.0
2050-08-06 10:00:00,0.0,36.07864649427165,28.92541333739714,0.0,0.0,20.247789336177995,0.0
2050-08-06 11:00:00,0.0,35.59520004156616,37.7380692639674,0.0,0.0,20.247789336177995,0.0
2050-08-06 12:00:00,0.0,34.9159582135278,20.11716373879016,0.0,0.0,20.247789336177995,0.0
2050-08-06 13:00:00,0.0,35.61033472819622,28.92541333739714,0.0,0.0,20.247789336177995,0.0
2050-08-06 14:00:00,0.0,34.092761454183574,37.7380692639674,0.0,0.0,20.247789336177995,0.0
2050-08-06 15:00:00,0.0,36.01789694201875,20.11716373879016,0.0,0.0,20.247789336177995,0.0
2050-08-06 16:00:00,0.0,36.37000019517177,28.92541333739714,0.0,0.0,20.247789336177995,0.0
2050-08-06 17:00:00,0.0,37.989019836787975,28.92541333739714,0.0,0.0,20.247789336177995,0.0
2050-08-06 18:00:00,0.0,37.86810490873154,28.92541333739714,0.0,0.0,20.247789336177995,0.0
2050-08-06 19:00:00,0.0,39.3479319626631,37.7380692639674,0.0,0.0,20.247789336177995,0.0
2050-08-06 20:00:00,0.0,42.104681294362535,37.7380692639674,0.0,0.0,20.247789336177995,0.0
2050-08-06 21:00:00,0.0,41.236846779175266,11.313318264982488,0.0,0.0,20.247789336177995,0.0
2050-08-06 22:00:00,0.0,44.639065379795284,37.7380692639674,0.0,0.0,20.247789336177995,0.0
2050-08-06 23:00:00,0.0,46.249431547755194,20.11716373879016,0.0,0.0,20.247789336177995,0.0
2050-08-07 00:00:00,0.0,44.77878692367426,28.92541333739714,0.0,0.0,20.247789336177995,0.0
2050-08-07 01:00:00,0.0,43.86578981058051,28.92541333739714,0.0,0.0,20.247789336177995,0.0
2050-08-07 02:00:00,0.0,44.40654084489347,37.7380692639674,0.0,0.0,20.247789336177995,0.0
2050-08-07 03:00:00,0.0,44.20363098687358,37.7380692639674,0.0,0.0,20.247789336177995,0.0
2050-08-07 04:00:00,0.0,41.85622267150757,11.313318264982488,0.0,0.0,20.247789336177995,0.0
2050-08-07 05:00:00,0.0,42.52037573384246,37.7380692639674,0.0,0.0,20.247789336177995,0.0
2050-08-07 06:00:00,0.0,41.34484149872765,37.7380692639674,0.0,0.0,20.247789336177995,0.0
2050-08-07 07:00:00,0.0,39.50788298519387,11.313318264982488,0.0,0.0,20.247789336177995,0.0
2050-08-07 08:00:00,0.0,38.84641340593657,37.7380692639674,0.0,0.0,20.247789336177995,0.0
2050-08-07 09:00:00,0.0,37.235564585783095,20.11716373879016,0.0,0.0,20.247789336177995,0.0
2050-08-07 10:00:00,0.0,36.76587307433101,28.92541333739714,0.0,0.0,20.247789336177995,0.0
2050-08-07 11:00:00,0.0,35.71429625683163,37.7380692639674,0.0,0.0,20.247789336177995,0.0
2050-08-07 12:00:00,0.0,34.64901070111091,20.11716373879016,0.0,0.0,20.247789336177995,0.0
2050-08-07 13:00:00,0.0,33.68925432862579,28.92541333739714,0.0,0.0,20.247789336177995,0.0
2050-08-07 14:00:00,0.0,34.83250986057669,28.92541333739714,0.0,0.0,20.247789336177995,0.0
2050-08-07 15:00:00,0.0,35.87750582346712,37.7380692639674,0.0,0.0,20.247789336177995,0.0
2050-08-07 16:00:00,0.0,35.5881170989594,20.11716373879016,0.0,0.0,20.247789336177995,0.0
2050-08-07 17:00:00,0.0,36.948103518263906,28.92541333739714,0.0,0.0,20.247789336177995,0.0
2050-08-07 18:00:00,0.0,38.38033235651983,37.7380692639674,0.0,0.0,20.247789336177995,0.0
2050-08-07 19:00:00,0.0,40.22904712169702,20.11716373879016,0.0,0.0,20.247789336177995,0.0
2050-08-07 20:00:00,0.0,40.11231400115662,37.7380692639674,0.0,0.0,20.247789336177995,0.0
2050-08-07 21:00:00,0.0,42.71477695256067,20.11716373879016,0.0,0.0,20.247789336177995,0.0
2050-08-07 22:00:00,0.0,43.367196727540204,28.92541333739714,0.0,0.0,20.247789336177995,0.0
2050-08-07 23:00:00,0.0,43.56859175577483,28.92541333739714,0.0,0.0,20.247789336177995,0.0
2050-08-08 00:00:00,0.0,47.45579102346528,37.7380692639674,0.0,0.0,20.247789336177995,0.0
2050-08-08 01:00:00,0.0,46.33535134586805,20.11716373879016,0.0,0.0,20.247789336177995,0.0
2050-08-08 02:00:00,0.0,47.376991950439105,37.7380692639674,0.0,0.0,20.247789336177995,0.0
2050-08-08 03:00:00,0.0,46.00632622573244,20.11716373879016,0.0,0.0,20.247789336177995,0.0
2050-08-08 04:00:00,0.0,45.987526331942945,28.92541333739714,0.0,0.0,20.247789336177995,0.0
2050-08-08 05:00:00,0.0,44.29352138200284,37.7380692639674,0.0,0.0,20.247789336177995,0.0
2050-08-08 06:00:00,0.0,43.531886554279936,37.7380692639674,0.0,0.0,20.247789336177995,0.0
2050-08-08 07:00:00,0.0,42.84304744334213,15.66679308445297,0.0,0.0,20.247789336177995,0.0
2050-08-08 08:00:00,0.0,42.14314010110752,37.7380692639674,0.0,0.0,20.247789336177995,0.0
2050-08-08 09:00:00,0.0,38.57331020208153,37.7380692639674,0.0,0.0,20.247789336177995,0.0
2050-08-08 10:00:00,0.0,39.24852934430169,6.966370393179282,0.0,0.0,20.247789336177995,0.0
2050-08-08 11:00:00,0.0,38.79615136702978,28.92541333739714,0.0,0.0,20.247789336177995,0.0
2050-08-08 12:00:00,0.0,36.88184634949312,28.92541333739714,0.0,0.0,20.247789336177995,0.0
2050-08-08 13:00:00,0.0,37.545334333583014,37.7380692639674,0.0,0.0,20.247789336177995,0.0
2050-08-08 14:00:00,0.0,37.098227130647274,20.11716373879016,0.0,0.0,20.247789336177995,0.0
2050-08-08 15:00:00,0.0,39.15810298286874,37.7380692639674,0.0,0.0,20.247789336177995,0.0
2050-08-08 16:00:00,0.0,38.94706331746397,20.11716373879016,0.0,0.0,20.247789336177995,0.0
2050-08-08 17:00:00,0.0,41.58044864990575,28.92541333739714,0.0,0.0,20.247789336177995,0.0
2050-08-08 18:00:00,0.0,41.091075191295204,28.92541333739714,0.0,0.0,20.247789336177995,0.0
2050-08-08 19:00:00,0.0,40.77860952698734,28.92541333739714,0.0,0.0,20.247789336177995,0.0
2050-08-08 20:00:00,0.0,43.66711304052615,37.7380692639674,0.0,0.0,20.247789336177995,0.0
2050-08-08 21:00:00,0.0,43.62893637719117,20.11716373879016,0.0,0.0,20.247789336177995,0.0
2050-08-08 22:00:00,0.0,44.387565206118325,28.92541333739714,0.0,0.0,20.247789336177995,0.0
2050-08-08 23:00:00,0.0,48.0374016157557,28.92541333739714,0.0,0.0,20.247789336177995,0.0
2050-08-09 00:00:00,0.0,46.71975071211341,28.92541333739714,0.0,0.0,20.247789336177995,0.0
2050-08-09 01:00:00,0.0,46.540294177452324,37.7380692639674,0.0,0.0,20.247789336177995,0.0
2050-08-09 02:00:00,0.0,48.014727207801116,20.11716373879016,0.0,0.0,20.247789336177995,0.0
2050-08-09 03:00:00,0.0,47.10612913762566,28.92541333739714,0.0,0.0,20.247789336177995,0.0
2050-08-09 04:00:00,0.0,47.198905057358616,28.92541333739714,0.0,0.0,20.247789336177995,0.0
2050-08-09 05:00:00,0.0,44.71004206335488,36.79456480925225,0.0,0.0,20.247789336177995,0.0
2050-08-09 06:00:00,0.0,43.996959102205665,37.7380692639674,0.0,0.0,20.247789336177995,0.0
2050-08-09 07:00:00,0.0,42.58280513620207,37.7380692639674,0.0,0.0,20.247789336177995,0.0
2050-08-09 08:00:00,0.0,40.0872296470568,37.7380692639674,0.0,0.0,20.247789336177995,0.0
2050-08-09 09:00:00,0.0,38.78162672222834,37.7380692639674,0.0,0.0,20.247789336177995,0.0
2050-08-09 10:00:00,0.0,39.01962988142668,37.7380692639674,0.0,0.0,20.247789336177995,0.0
2050-08-09 11:00:00,0.0,36.47288443706202,37.7380692639674,0.0,0.0,20.247789336177995,0.0
2050-08-09 12:00:00,0.0,36.86201156895231,37.7380692639674,0.0,0.0,20.247789336177995,0.0
2050-08-09 13:00:00,0.0,37.02530914867452,37.7380692639674,0.0,0.0,20.247789336177995,0.0
2050-08-09 14:00:00,0.0,38.15525982428562,37.7380692639674,0.0,0.0,20.247789336177995,0.0
2050-08-09 15:00:00,0.0,36.98238382762406,37.7380692639674,0.0,0.0,20.247789336177995,0.0
2050-08-09 16:00:00,0.0,38.232622436916245,37.7380692639674,0.0,0.0,20.247789336177995,0.0
2050-08-09 17:00:00,0.0,41.479894967337714,37.7380692639674,0.0,0.0,20.247789336177995,0.0
2050-08-09 18:00:00,0.0,40.46283941239949,37.7380692639674,0.0,0.0,20.247789336177995,0.0
2050-08-09 19:00:00,0.0,40.90057157670162,37.7380692639674,0.0,0.0,20.247789336177995,0.0
2050-08-09 20:00:00,0.0,43.455253970346575,37.7380692639674,0.0,0.0,20.247789336177995,0.0
2050-08-09 21:00:00,0.0,44.89359107471,37.7380692639674,0.0,0.0,20.247789336177995,0.0
2050-08-09 22:00:00,0.0,46.20047027968417,37.7380692639674,0.0,0.0,20.247789336177995,0.0
2050-08-09 23:00:00,0.0,46.20897473941454,37.7380692639674,0.0,0.0,20.247789336177995,0.0
2050-08-10 00:00:00,0.0,48.44849328793612,37.7380692639674,0.0,0.0,20.247789336177995,0.0
2050-08-10 01:00:00,0.0,47.99983233167768,37.7380692639674,0.0,0.0,20.247789336177995,0.0
2050-08-10 02:00:00,0.0,47.11884614212363,37.7380692639674,0.0,0.0,20.247789336177995,0.0
2050-08-10 03:00:00,0.0,45.64493183242121,37.7380692639674,0.0,0.0,20.247789336177995,0.0
2050-08-10 04:00:00,0.0,45.669584670529275,37.7380692639674,0.0,0.0,20.247789336177995,0.0
2050-08-10 05:00:00,0.0,43.69724147785587,37.7380692639674,0.0,0.0,20.247789336177995,0.0
2050-08-10 06:00:00,0.0,43.89427033755669,37.7380692639674,0.0,0.0,20.247789336177995,0.0
2050-08-10 07:00:00,0.0,43.314687867688235,37.7380692639674,0.0,0.0,20.247789336177995,0.0
2050-08-10 08:00:00,0.0,41.488486643429496,37.7380692639674,0.0,0.0,20.247789336177995,0.0
2050-08-10 09:00:00,0.0,39.42505041751906,37.7380692639674,0.0,0.0,20.247789336177995,0.0
2050-08-10 10:00:00,0.0,38.4727572406091,37.7380692639674,0.0,0.0,20.247789336177995,0.0
2050-08-10 11:00:00,0.0,37.01534176712198,37.7380692639674,0.0,0.0,20.247789336177995,0.0
2050-08-10 12:00:00,0.0,36.93481201985014,37.7380692639674,0.0,0.0,20.247789336177995,0.0
2050-08-10 13:00:00,0.0,37.90157342234875,37.7380692639674,0.0,0.0,20.247789336177995,0.0
2050-08-10 14:00:00,0.0,37.82614885817725,37.7380692639674,0.0,0.0,20.247789336177995,0.0
2050-08-10 15:00:00,0.0,37.544028023914734,37.7380692639674,0.0,0.0,20.247789336177995,0.0
2050-08-10 16:00:00,0.0,37.92042225179807,37.7380692639674,0.0,0.0,20.247789336177995,0.0
2050-08-10 17:00:00,0.0,38.99860204681386,37.7380692639674,0.0,0.0,20.247789336177995,0.0
2050-08-10 18:00:00,0.0,42.72371263518653,37.7380692639674,0.0,0.0,20.247789336177995,0.0
2050-08-10 19:00:00,0.0,43.69660235742799,37.7380692639674,0.0,0.0,20.247789336177995,0.0
2050-08-10 20:00:00,0.0,43.53459564809259,37.7380692639674,0.0,0.0,20.247789336177995,0.0
2050-08-10 21:00:00,0.0,44.85892073617333,37.7380692639674,0.0,0.0,20.247789336177995,0.0
2050-08-10 22:00:00,0.0,43.786023338184805,32.04335716256646,0.0,0.0,20.247789336177995,0.0
2050-08-10 23:00:00,0.0,47.93076829023812,30.81869806000236,0.0,0.0,20.247789336177995,0.0
2050-08-11 00:00:00,0.0,46.390842532131046,37.7380692639674,0.0,0.0,20.247789336177995,0.0
2050-08-11 01:00:00,0.0,48.14053310059376,37.7380692639674,0.0,0.0,20.247789336177995,0.0
2050-08-11 02:00:00,0.0,47.551719030280765,37.01373941303682,0.0,0.0,20.247789336177995,0.0
2050-08-11 03:00:00,0.0,47.1062975224479,32.06769050741748,0.0,0.0,20.247789336177995,0.0
2050-08-11 04:00:00,0.0,45.949239239119834,30.42815322881131,0.0,0.0,20.247789336177995,0.0
2050-08-11 05:00:00,0.0,44.33131696220971,30.48655191692663,0.0,0.0,20.247789336177995,0.0
2050-08-11 06:00:00,0.0,43.64170914799615,10.774539306008265,0.0,0.0,20.247789336177995,0.0
2050-08-11 07:00:00,0.0,43.50377749423251,0.0,0.0,0.0,20.247789336177995,0.0
2050-08-11 08:00:00,0.0,40.15656148160792,0.0,0.0,0.0,0.0,0.0
2050-08-11 09:00:00,0.0,40.02974320719068,0.0,0.0,0.0,0.0,0.0
2050-08-11 10:00:00,0.0,38.07463364722548,0.0,0.0,0.0,0.0,0.0
2050-08-11 11:00:00,0.0,36.813128828340496,0.0,0.0,0.0,0.0,0.0
2050-08-11 12:00:00,0.0,37.79246673938269,0.0,0.0,0.0,0.0,0.0
2050-08-11 13:00:00,0.0,37.43617323387957,0.0,0.0,0.0,20.247789336177995,0.0
2050-08-11 14:00:00,0.0,37.618674646980025,18.14462308994332,0.0,0.0,0.0,0.0
2050-08-11 15:00:00,0.0,39.231575918096496,0.0,0.0,0.0,20.247789336177995,0.0
2050-08-11 16:00:00,0.0,38.26152624954443,28.873280913306836,0.0,0.0,10.737481102724388,0.0
2050-08-11 17:00:00,0.0,39.66807453956494,37.7380692639674,0.0,0.0,0.0,0.0
2050-08-11 18:00:00,0.0,41.30746361131855,37.7380692639674,0.0,0.0,0.0,0.0
2050-08-11 19:00:00,0.0,42.69530744509075,15.288513282134307,0.0,0.0,10.564675874486738,0.0
2050-08-11 20:00:00,0.0,44.27073503768497,0.0,0.0,0.0,0.0,0.0
2050-08-11 21:00:00,0.0,46.36404831997925,0.0,0.0,0.0,0.0,0.0
2050-08-11 22:00:00,0.0,44.50229577929463,0.0,2.1441829470022484,0.0,0.0,0.0
2050-08-11 23:00:00,0.0,47.617211994393756,0.0,28.605746666495804,0.0,0.0,0.0
2050-08-12 00:00:00,0.0,48.68557594363574,0.0,48.62552183750089,0.0,0.0,0.0
2050-08-12 01:00:00,0.0,49.440465407005604,0.0,48.62552183750089,0.0,0.0,0.0
2050-08-12 02:00:00,0.0,47.06555594583324,0.0,48.62552183750089,0.0,0.0,13.456386191058193
2050-08-12 03:00:00,0.0,44.54271812743468,0.0,48.62552183750089,0.0,0.0,38.394910120795046
2050-08-12 04:00:00,0.0,44.23537685111182,0.0,48.62552183750089,0.0,0.0,38.394910120795046
2050-08-12 05:00:00,0.0,45.275183302144114,0.0,48.62552183750089,0.0,0.0,38.394910120795046
2050-08-12 06:00:00,0.0,42.53466864200823,0.0,48.62552183750089,0.0,0.0,38.394910120795046
2050-08-12 07:00:00,0.0,40.664830091596286,0.0,48.62552183750089,0.0,0.0,38.394910120795046
2050-08-12 08:00:00,0.0,40.60887139006604,0.0,48.62552183750089,0.0,0.0,38.394910120795046
2050-08-12 09:00:00,0.0,40.13980401611616,0.0,48.62552183750089,0.0,0.0,38.394910120795046
2050-08-12 10:00:00,0.0,39.02467064585289,0.0,48.62552183750089,0.0,0.0,38.394910120795046
2050-08-12 11:00:00,0.0,38.39337617720935,0.0,48.62552183750089,0.0,0.0,38.394910120795046
2050-08-12 12:00:00,0.0,36.554985766398204,0.0,48.62552183750089,0.0,0.0,38.394910120795046
2050-08-12 13:00:00,0.0,36.85585015762558,0.0,33.4064648765031,0.0,0.0,34.08822946581949
2050-08-12 14:00:00,0.0,37.882504374404334,0.0,2.2172406882617097,0.0,0.0,2.2624904982262346
2050-08-12 15:00:00,0.0,37.3732902683289,0.0,0.0,0.0,0.0,0.0
2050-08-12 16:00:00,0.0,39.186563818713694,0.0,0.0,0.0,0.0,0.0
2050-08-12 17:00:00,0.0,39.19338966902728,1.1352519857490506,0.0,0.0,0.0,0.0
2050-08-12 18:00:00,0.0,40.42212724293904,0.0,0.0,0.0,0.0,0.0
2050-08-12 19:00:00,0.0,42.611996079715254,0.0,0.0,0.0,0.0,0.0
2050-08-12 20:00:00,0.0,43.476835807160796,0.0,0.0,0.0,0.0,17.242508912383887
2050-08-12 21:00:00,0.0,42.977612956340636,0.0,0.0,0.0,0.0,38.394910120795046
2050-08-12 22:00:00,0.0,47.29005784612332,0.0,9.184485746210875,0.0,0.0,38.394910120795046
2050-08-12 23:00:00,0.0,47.890147127667205,0.0,9.187119410394757,0.0,0.0,38.394910120795046
2050-08-13 00:00:00,0.0,44.43377094520952,0.0,32.090645833968374,0.0,0.0,38.394910120795046
2050-08-13 01:00:00,0.0,44.51573303807186,0.0,48.62552183750089,0.0,0.0,38.394910120795046
2050-08-13 02:00:00,0.0,44.76031480429083,0.0,48.62552183750089,0.0,0.0,38.394910120795046
2050-08-13 03:00:00,0.0,44.2788869734386,0.0,48.62552183750089,0.0,0.0,38.394910120795046
2050-08-13 04:00:00,0.0,43.993742882006245,0.0,48.62552183750089,0.0,0.0,38.394910120795046
2050-08-13 05:00:00,0.0,41.80326689559274,0.0,48.62552183750089,0.0,0.0,38.394910120795046
2050-08-13 06:00:00,0.0,41.53206303669822,0.0,48.62552183750089,0.0,0.0,38.394910120795046
2050-08-13 07:00:00,0.0,40.425451699559744,0.0,48.62552183750089,0.0,0.0,38.394910120795046
2050-08-13 08:00:00,0.0,38.08783459696747,0.0,44.20355552173155,0.0,0.0,38.394910120795046
2050-08-13 09:00:00,0.0,36.67401104766168,0.0,48.62552183750089,0.0,0.0,38.394910120795046
2050-08-13 10:00:00,0.0,38.01928185062184,0.0,48.62552183750089,0.0,0.0,38.394910120795046
2050-08-13 11:00:00,0.0,34.775642657052,0.0,38.52329492763177,0.0,0.0,38.394910120795046
2050-08-13 12:00:00,0.0,36.379607174170815,0.0,42.21442310103756,0.0,0.0,38.394910120795046
2050-08-13 13:00:00,0.0,35.66223361614834,0.0,43.824381863933226,0.0,0.0,38.394910120795046
2050-08-13 14:00:00,0.0,36.13508834911636,0.0,31.660204416764202,0.0,0.0,32.30633103751449
2050-08-13 15:00:00,0.0,35.704371834355925,0.0,14.24966674487579,0.0,0.0,14.540476270281419
2050-08-13 16:00:00,0.0,36.330372519985076,3.76760203940011,0.0,0.0,2.6373214275800767,0.0
2050-08-13 17:00:00,0.0,37.92051348586688,10.372189260165577,0.0,0.0,7.260532482115903,0.0
2050-08-13 18:00:00,0.0,37.834663610278085,23.632168952055274,0.0,0.0,16.54251826643869,0.0
2050-08-13 19:00:00,0.0,39.3873875558545,29.33398523818206,0.0,0.0,20.247789336177995,0.0
2050-08-13 20:00:00,0.0,41.596460576839036,24.60417967954113,0.0,0.0,17.50878310606296,0.0
2050-08-13 21:00:00,0.0,43.972385838317905,13.806689917755875,0.0,0.0,9.664682942429112,0.0
2050-08-13 22:00:00,0.0,43.52644401381349,2.8419573217936858,0.0,0.0,1.98937012525558,0.0
2050-08-13 23:00:00,0.0,44.22043483689686,16.512326166448425,0.0,0.0,2.695756618864463,0.0
2050-08-14 00:00:00,0.0,44.864411792854526,26.235306362890995,0.0,0.0,0.0,0.0
2050-08-14 01:00:00,0.0,46.22248162618189,11.773165700894317,0.0,0.0,0.0,0.0
2050-08-14 02:00:00,0.0,43.56128175539925,2.393163401514215,0.0,0.0,0.0,0.0
2050-08-14 03:00:00,0.0,42.98043257654672,0.0,0.0,0.0,0.0,0.0
2050-08-14 04:00:00,0.0,43.18488589514277,8.61836138543665,0.0,0.0,0.0,0.0
2050-08-14 05:00:00,0.0,40.88980723488976,9.560377062697818,0.0,0.0,0.0,0.0
2050-08-14 06:00:00,0.0,43.43172525840919,5.554706860539838,0.0,0.0,0.0,0.0
2050-08-14 07:00:00,0.0,40.506915313784475,9.536910695477928,0.0,0.0,0.0,0.0
2050-08-14 08:00:00,0.0,39.180863920428465,7.433653502949554,0.0,0.0,0.0,0.0
2050-08-14 09:00:00,0.0,37.55573067019918,1.861251739227356,0.0,0.0,0.0,0.0
2050-08-14 10:00:00,0.0,36.517130871053496,0.0,0.0,0.0,0.0,0.0
2050-08-14 11:00:00,0.0,35.1418357872285,0.7204796362876706,0.0,0.0,0.0,0.0
2050-08-14 12:00:00,0.0,35.82570416623025,17.266020942615285,0.0,0.0,0.0,0.0
2050-08-14 13:00:00,0.0,34.63767640947685,37.7380692639674,0.0,0.0,0.0,0.0
2050-08-14 14:00:00,0.0,34.814193144042065,37.7380692639674,0.0,0.0,0.0,0.0
2050-08-14 15:00:00,0.0,35.82599734327141,37.7380692639674,0.0,0.0,0.0,0.0
2050-08-14 16:00:00,0.0,36.55021032410468,37.7380692639674,0.0,0.0,0.0,0.0
2050-08-14 17:00:00,0.0,38.312241338750255,37.7380692639674,0.0,0.0,0.0,0.0
2050-08-14 18:00:00,0.0,38.873771819196236,37.7380692639674,0.0,0.0,0.0,0.0
2050-08-14 19:00:00,0.0,39.48127669432847,34.341817454650254,0.0,0.0,0.0,0.0
2050-08-14 20:00:00,0.0,39.07976145946486,19.273336425999535,0.0,0.0,0.0,0.0
2050-08-14 21:00:00,0.0,43.10345203577663,0.0,9.233804161248822,0.0,0.0,0.0
2050-08-14 22:00:00,0.0,42.35336932791574,0.0,48.62552183750089,0.0,0.0,0.0
2050-08-14 23:00:00,0.0,44.435780955509244,0.0,48.62552183750089,0.0,0.0,0.0
2050-08-15 00:00:00,0.0,48.29876912870418,0.0,48.62552183750089,0.0,0.0,0.0
2050-08-15 01:00:00,0.0,46.39332742964825,0.0,48.62552183750089,0.0,0.0,26.753120268824937
2050-08-15 02:00:00,0.0,47.37716527282737,0.0,48.62552183750089,0.0,0.0,38.394910120795046
2050-08-15 03:00:00,0.0,44.445648241563504,0.0,48.62552183750089,0.0,0.0,38.394910120795046
2050-08-15 04:00:00,0.0,45.73914992822506,0.0,48.62552183750089,0.0,0.0,38.394910120795046
2050-08-15 05:00:00,0.0,45.32089980176124,0.0,48.62552183750089,0.0,0.0,38.394910120795046
2050-08-15 06:00:00,0.0,37.39885383544788,0.0,48.62552183750089,0.0,0.0,38.394910120795046
2050-08-15 07:00:00,0.0,42.710519243888484,0.0,48.62552183750089,0.0,0.0,38.394910120795046
2050-08-15 08:00:00,0.0,33.30045325621177,0.0,48.62552183750089,0.0,0.0,38.394910120795046
2050-08-15 09:00:00,0.0,39.057928776207746,0.0,48.62552183750089,0.0,0.0,38.394910120795046
2050-08-15 10:00:00,0.0,38.71297926004695,0.0,43.18334503332521,0.0,0.0,38.394910120795046
2050-08-15 11:00:00,0.0,37.53346576217564,0.0,40.37302487577584,0.0,0.0,38.394910120795046
2050-08-15 12:00:00,0.0,37.659808254003565,0.0,35.68716651020638,0.0,0.0,36.415476030822845
2050-08-15 13:00:00,0.0,36.69897451589782,0.0,36.448693173340125,0.0,0.0,37.1925440544287
2050-08-15 14:00:00,0.0,38.325876416523215,0.0,17.86701339052814,0.0,0.0,18.231646316865447
2050-08-15 15:00:00,0.0,37.35377195881597,5.892980460563368,0.0,0.0,0.0,0.0
2050-08-15 16:00:00,0.0,38.157894843413715,10.050442609583797,0.0,0.0,0.0,0.0
2050-08-15 17:00:00,0.0,39.09134951841406,15.562898846662712,0.0,0.0,0.0,0.0
2050-08-15 18:00:00,0.0,41.02126319381591,4.837724090654724,0.0,0.0,0.0,20.32973597432563
2050-08-15 19:00:00,0.0,42.681362657866885,0.0,0.0,0.0,0.0,38.394910120795046
2050-08-15 20:00:00,0.0,43.02374588801786,0.0,0.0,0.0,0.0,38.394910120795046
2050-08-15 21:00:00,0.0,44.23493263662408,0.0,0.0,0.0,0.0,38.394910120795046
2050-08-15 22:00:00,0.0,46.30492439244995,0.0,48.62552183750089,0.0,0.0,38.394910120795046
2050-08-15 23:00:00,0.0,46.77649864012096,0.0,48.62552183750089,0.0,0.0,38.394910120795046
2050-08-16 00:00:00,0.0,45.594147705740625,0.0,48.62552183750089,0.0,0.0,38.394910120795046
2050-08-16 01:00:00,0.0,45.409181739856194,0.0,48.62552183750089,0.0,0.0,38.394910120795046
2050-08-16 02:00:00,0.0,45.85986082162981,0.0,48.62552183750089,0.0,0.0,38.394910120795046
2050-08-16 03:00:00,0.0,45.97041058253603,0.0,48.62552183750089,0.0,0.0,38.394910120795046
2050-08-16 04:00:00,0.0,46.9545676803848,0.0,48.62552183750089,0.0,0.0,38.394910120795046
2050-08-16 05:00:00,0.0,45.23100511830967,0.0,48.62552183750089,0.0,0.0,38.394910120795046
2050-08-16 06:00:00,0.0,44.6950962170888,0.0,48.62552183750089,0.0,0.0,38.394910120795046
2050-08-16 07:00:00,0.0,41.6473748506819,0.0,48.62552183750089,0.0,0.0,38.394910120795046
2050-08-16 08:00:00,0.0,41.06836381561857,0.0,48.557576321989714,0.0,0.0,38.394910120795046
2050-08-16 09:00:00,0.0,38.38581059926264,0.0,41.20102994376146,0.0,0.0,38.394910120795046
2050-08-16 10:00:00,0.0,39.275797632856666,0.0,48.62552183750089,0.0,0.0,38.394910120795046
2050-08-16 11:00:00,0.0,37.69417464740786,0.0,48.62552183750089,0.0,0.0,38.394910120795046
2050-08-16 12:00:00,0.0,37.88493141670506,0.0,48.62552183750089,0.0,0.0,38.394910120795046
2050-08-16 13:00:00,0.0,37.15627921498299,0.0,25.183224271254495,0.0,0.0,25.697167623729076
2050-08-16 14:00:00,0.0,37.9221253606147,6.420504240759204,0.0,0.0,0.0,0.0
2050-08-16 15:00:00,0.0,39.02356176340072,18.290274841389458,0.0,0.0,0.0,0.0
2050-08-16 16:00:00,0.0,38.91224762584966,23.520506652834584,0.0,0.0,0.0,0.0
2050-08-16 17:00:00,0.0,40.81059815201252,30.532057361474422,0.0,0.0,0.0,0.0
2050-08-16 18:00:00,0.0,39.37190443348413,33.38065239057836,0.0,0.0,0.0,0.0
2050-08-16 19:00:00,0.0,42.10661694904093,23.61278839297961,0.0,0.0,0.0,0.0
2050-08-16 20:00:00,0.0,44.27982395706522,4.735320328795924,0.0,0.0,0.0,0.0
2050-08-16 21:00:00,0.0,45.08905802596246,0.0,0.0,0.0,0.0,0.0
2050-08-16 22:00:00,0.0,45.17636294395584,0.0,0.0,0.0,0.0,0.0
2050-08-16 23:00:00,0.0,45.42447884853618,0.0,0.0,0.0,0.0,0.0
2050-08-17 00:00:00,0.0,46.291596198640036,0.0,0.0,0.0,0.0,0.0
2050-08-17 01:00:00,0.0,46.795802997608234,0.0,0.0,0.0,0.0,0.0
2050-08-17 02:00:00,0.0,46.14964276429555,6.398095123269279,0.0,0.0,0.0,0.0
2050-08-17 03:00:00,0.0,45.66034998399755,11.65313245278886,0.0,0.0,0.0,0.0
2050-08-17 04:00:00,0.0,45.872408468813774,11.969811906416908,0.0,0.0,0.0,0.0
2050-08-17 05:00:00,0.0,43.145852326902286,0.0,0.0,0.0,0.0,0.0
2050-08-17 06:00:00,0.0,42.65541214757059,0.0,0.0,0.0,0.0,0.0
2050-08-17 07:00:00,0.0,41.619020136786276,0.0,0.0,0.0,0.0,0.0
2050-08-17 08:00:00,0.0,41.625459512024236,0.0,0.0,0.0,0.0,0.0
2050-08-17 09:00:00,0.0,41.17409471781343,0.0,0.0,0.0,0.0,0.0
2050-08-17 10:00:00,0.0,37.46016674010548,0.0,0.0,0.0,0.0,0.0
2050-08-17 11:00:00,0.0,39.808848645925536,0.0,0.0,0.0,0.0,0.0
2050-08-17 12:00:00,0.0,37.843475341778685,0.0,0.0,0.0,0.0,0.0
2050-08-17 13:00:00,0.0,36.514657516669786,0.0,0.0,0.0,0.0,0.0
2050-08-17 14:00:00,0.0,37.66017616535737,13.923886070765406,0.0,0.0,0.0,0.0
2050-08-17 15:00:00,0.0,38.2673785898055,17.358459504768845,0.0,0.0,0.0,0.0
2050-08-17 16:00:00,0.0,38.483463337799776,3.8324747782235136,0.0,0.0,0.0,0.0
2050-08-17 17:00:00,0.0,38.669479193592224,7.377451602660244,0.0,0.0,0.0,0.0
2050-08-17 18:00:00,0.0,40.38859458122374,4.194034666576371,0.0,0.0,0.0,0.0
2050-08-17 19:00:00,0.0,41.53458477253071,0.0,0.0,0.0,0.0,0.0
2050-08-17 20:00:00,0.0,44.07849189455328,0.0,0.0,0.0,0.0,0.0
2050-08-17 21:00:00,0.0,45.30921585837336,0.0,25.9665309539062,0.0,0.0,15.444686904442936
2050-08-17 22:00:00,0.0,46.20012112197833,0.0,48.62552183750089,0.0,0.0,38.394910120795046
2050-08-17 23:00:00,0.0,44.4463739574785,0.0,48.62552183750089,0.0,0.0,38.394910120795046
2050-08-18 00:00:00,0.0,47.444514141078116,0.0,48.62552183750089,0.0,0.0,38.394910120795046
2050-08-18 01:00:00,0.0,45.977131169427366,0.0,48.62552183750089,0.0,0.0,38.394910120795046
2050-08-18 02:00:00,0.0,48.43298219334679,0.0,48.62552183750089,0.0,0.0,38.394910120795046
2050-08-18 03:00:00,0.0,45.81940333288844,0.0,48.62552183750089,0.0,0.0,38.394910120795046
2050-08-18 04:00:00,0.0,42.19532306027713,0.0,48.62552183750089,0.0,0.0,38.394910120795046
2050-08-18 05:00:00,0.0,44.9576176537264,0.0,48.62552183750089,0.0,0.0,38.394910120795046
2050-08-18 06:00:00,0.0,45.130949561752686,0.0,48.62552183750089,0.0,0.0,38.394910120795046
2050-08-18 07:00:00,0.0,38.41014335985983,0.0,48.62552183750089,0.0,0.0,38.394910120795046
2050-08-18 08:00:00,0.0,40.08554073861637,0.0,46.304507120737036,0.0,0.0,38.394910120795046
2050-08-18 09:00:00,0.0,39.960864306755184,0.0,42.15259620347883,0.0,0.0,38.394910120795046
2050-08-18 10:00:00,0.0,39.14363588388528,0.0,48.62552183750089,0.0,0.0,38.394910120795046
2050-08-18 11:00:00,0.0,37.992220155821315,0.0,42.52437673686261,0.0,0.0,38.394910120795046
2050-08-18 12:00:00,0.0,37.82281349606387,0.0,29.314843587205697,0.0,0.0,29.913105701230304
2050-08-18 13:00:00,0.0,37.4685699243189,1.9621962754557813,0.0,0.0,0.0,0.0
2050-08-18 14:00:00,0.0,38.148416915090365,16.786777412478575,0.0,0.0,0.0,0.0
2050-08-18 15:00:00,0.0,37.97777203594114,23.256588527340227,0.0,0.0,0.0,0.0
2050-08-18 16:00:00,0.0,37.008611144212864,0.0,0.0,0.0,0.0,0.0
2050-08-18 17:00:00,0.0,40.75623444275698,0.0,0.0,0.0,0.0,0.0
2050-08-18 18:00:00,0.0,40.509119596552864,0.0,0.0,0.0,0.0,0.0
2050-08-18 19:00:00,0.0,42.67030092802452,0.0,0.0,0.0,0.0,0.0
2050-08-18 20:00:00,0.0,43.87162933103423,0.0,0.0,0.0,0.0,0.0
2050-08-18 21:00:00,0.0,44.32435162162733,0.0,0.0,0.0,0.0,0.0
2050-08-18 22:00:00,0.0,46.54086042219478,0.0,0.0,0.0,0.0,0.0
2050-08-18 23:00:00,0.0,44.820189035022395,0.0,0.0,0.0,0.0,0.0
2050-08-19 00:00:00,0.0,47.23990494184636,0.0,0.0,0.0,0.0,0.0
2050-08-19 01:00:00,0.0,46.22425964349918,0.0,0.0,0.0,0.0,0.0
2050-08-19 02:00:00,0.0,46.95911724945336,0.0,0.0,0.0,0.0,0.0
2050-08-19 03:00:00,0.0,47.836213793944125,0.0,0.0,0.0,0.0,0.0
2050-08-19 04:00:00,0.0,46.20296220006867,0.0,0.0,0.0,0.0,0.0
2050-08-19 05:00:00,0.0,44.72636245412673,0.0,39.22520704053409,0.0,0.0,14.096549133716993
2050-08-19 06:00:00,0.0,42.268582179433906,0.0,41.40606846303924,0.0,0.0,38.394910120795046
2050-08-19 07:00:00,0.0,42.274462922108114,0.0,31.414886114446325,0.0,0.0,32.056006239230946
2050-08-19 08:00:00,0.0,39.67047885818852,0.0,21.089802436263682,0.0,0.0,21.520206567616004
2050-08-19 09:00:00,0.0,38.781944430318845,0.0,25.580632363111786,0.0,0.0,26.102686084807946
2050-08-19 10:00:00,0.0,38.30209852987355,0.0,11.35198851348721,0.0,0.0,11.583661748456338
2050-08-19 11:00:00,0.0,37.30369221073897,0.0,28.52746828428924,0.0,0.0,37.09070561687453
2050-08-19 12:00:00,0.0,37.177487275750764,0.0,45.444524427016816,0.0,0.0,38.394910120795046
2050-08-19 13:00:00,0.0,35.90222313661934,0.0,28.768314192064256,0.0,0.0,29.35542264496353
2050-08-19 14:00:00,0.0,36.50754852263253,0.0,0.7225569760030546,0.0,0.0,0.7373030367378108
2050-08-19 15:00:00,0.0,36.53097105723077,0.0,0.0,0.0,0.0,0.0
2050-08-19 16:00:00,0.0,38.9843852566803,0.0,0.0,0.0,0.0,0.0
2050-08-19 17:00:00,0.0,39.95682798801022,0.0,0.0,0.0,0.0,0.0
2050-08-19 18:00:00,0.0,41.43269612029735,0.0,0.0,0.0,0.0,0.0
2050-08-19 19:00:00,0.0,41.100479318788075,0.0,0.0,0.0,0.0,0.0
2050-08-19 20:00:00,0.0,44.250722913434174,0.0,0.0,0.0,0.0,12.240937461626293
2050-08-19 21:00:00,0.0,44.20690062213589,0.0,0.0,0.0,0.0,38.394910120795046
2050-08-19 22:00:00,0.0,44.290998363197104,0.0,0.8685930417179608,0.0,0.0,38.394910120795046
2050-08-19 23:00:00,0.0,46.78461102576307,0.0,24.700069313501867,0.0,0.0,38.394910120795046
2050-08-20 00:00:00,0.0,43.5314187981478,0.0,48.62552183750089,0.0,0.0,38.394910120795046
2050-08-20 01:00:00,0.0,45.57659188552361,0.0,48.62552183750089,0.0,0.0,38.394910120795046
2050-08-20 02:00:00,0.0,44.72492396983375,0.0,48.62552183750089,0.0,0.0,38.394910120795046
2050-08-20 03:00:00,0.0,42.81143699413087,0.0,48.62552183750089,0.0,0.0,38.394910120795046
2050-08-20 04:00:00,0.0,38.32815822713064,0.0,48.62552183750089,0.0,0.0,38.394910120795046
2050-08-20 05:00:00,0.0,40.673478653572374,0.0,48.62552183750089,0.0,0.0,38.394910120795046
2050-08-20 06:00:00,0.0,38.887350205126495,0.0,48.62552183750089,0.0,0.0,38.394910120795046
2050-08-20 07:00:00,0.0,38.98161925805766,0.0,48.62552183750089,0.0,0.0,38.394910120795046
2050-08-20 08:00:00,0.0,36.776618222208526,0.0,48.62552183750089,0.0,0.0,38.394910120795046
2050-08-20 09:00:00,0.0,28.699594101336515,0.0,37.62701191837915,0.0,0.0,38.394910120795046
2050-08-20 10:00:00,0.0,35.8432055116034,0.0,37.62701191837915,0.0,0.0,38.394910120795046
2050-08-20 11:00:00,0.0,25.819913501560222,0.0,37.62701191837915,0.0,0.0,38.394910120795046
2050-08-20 12:00:00,0.0,35.35573477603725,0.0,37.62701191837915,0.0,0.0,38.394910120795046
2050-08-20 13:00:00,0.0,34.401878107722496,0.0,26.918610366260477,0.0,0.0,27.467969761490284
2050-08-20 14:00:00,0.0,35.47108360183756,2.2830207729686833,0.0,0.0,0.0,0.0
2050-08-20 15:00:00,0.0,35.89548041395619,15.69111000525141,0.0,0.0,0.0,0.0
2050-08-20 16:00:00,0.0,36.01720881799929,19.57741733888634,0.0,0.0,0.0,0.0
2050-08-20 17:00:00,0.0,37.422008824324166,7.597608904259445,0.0,0.0,0.0,0.0
2050-08-20 18:00:00,0.0,38.23732010811818,4.536079353023418,0.0,0.0,0.0,0.0
2050-08-20 19:00:00,0.0,40.887344337120794,5.526611553137975,0.0,0.0,0.0,0.0
2050-08-20 20:00:00,0.0,40.77781527729803,0.0,0.0,0.0,0.0,0.0
2050-08-20 21:00:00,0.0,40.08304629792224,0.0,0.0,0.0,0.0,0.0
2050-08-20 22:00:00,0.0,44.083367915848385,0.0,0.0,0.0,0.0,0.0
2050-08-20 23:00:00,0.0,43.995657887163816,0.0,0.0,0.0,0.0,0.0
2050-08-21 00:00:00,0.0,45.602349518277606,0.0,0.0,0.0,0.0,0.0
2050-08-21 01:00:00,0.0,45.03790922670737,0.0,0.0,0.0,0.0,0.0
2050-08-21 02:00:00,0.0,43.54543905407445,0.0,12.827126559677513,0.0,0.0,0.0
2050-08-21 03:00:00,0.0,44.194447716449304,0.0,43.99473858288715,0.0,0.0,18.74965382749842
2050-08-21 04:00:00,0.0,42.26414738187691,0.0,32.53285844639936,0.0,0.0,33.19679433306057
2050-08-21 05:00:00,0.0,41.50326904128815,0.0,25.22522277304645,0.0,0.0,25.740023237802504
2050-08-21 06:00:00,0.0,40.86889307283877,0.0,19.995738396698414,0.0,0.0,20.403814690508586
2050-08-21 07:00:00,0.0,40.24445131762786,0.0,12.098418014822865,0.0,0.0,12.345324504921292
2050-08-21 08:00:00,0.0,38.64936329659463,8.356957314219663,0.0,0.0,5.423898116689857,0.0
2050-08-21 09:00:00,0.0,38.518908664264245,18.643491421015405,0.0,0.0,0.0,0.0
2050-08-21 10:00:00,0.0,36.77547307881764,0.0,0.0,0.0,0.0,0.0
2050-08-21 11:00:00,0.0,35.63821197813331,15.09979525743671,0.0,0.0,0.0,0.0
2050-08-21 12:00:00,0.0,36.15830178227088,34.59343155441378,0.0,0.0,0.0,0.0
2050-08-21 13:00:00,0.0,33.495055606337246,37.7380692639674,0.0,0.0,0.0,0.0
2050-08-21 14:00:00,0.0,35.046033591379,37.7380692639674,0.0,0.0,0.0,0.0
2050-08-21 15:00:00,0.0,34.4775616695149,37.7380692639674,0.0,0.0,0.0,0.0
2050-08-21 16:00:00,0.0,36.76799706748625,37.7380692639674,0.0,0.0,0.0,0.0
2050-08-21 17:00:00,0.0,36.673576043750245,37.7380692639674,0.0,0.0,0.0,0.0
2050-08-21 18:00:00,0.0,38.745039965832575,37.7380692639674,0.0,0.0,0.0,0.0
2050-08-21 19:00:00,0.0,39.011107486176115,37.7380692639674,0.0,0.0,0.0,0.0
2050-08-21 20:00:00,0.0,39.80729704897362,34.73668913962286,0.0,0.0,0.0,0.0
2050-08-21 21:00:00,0.0,44.81325092306929,25.413106693892257,0.0,0.0,0.0,0.0
2050-08-21 22:00:00,0.0,45.88759224734645,0.0,0.0,0.0,0.0,0.0
2050-08-21 23:00:00,0.0,43.970608143876916,0.0,0.0,0.0,0.0,0.0
2050-08-22 00:00:00,0.0,46.51792395725329,0.0,0.0,0.0,0.0,0.0
2050-08-22 01:00:00,0.0,46.08217501668901,0.0,1.051245768295995,0.0,0.0,0.0
2050-08-22 02:00:00,0.0,48.01127350473212,0.0,48.62552183750089,0.0,0.0,0.0
2050-08-22 03:00:00,0.0,45.67065514326555,0.0,48.62552183750089,0.0,0.0,0.0
2050-08-22 04:00:00,0.0,46.406361620779535,0.0,48.62552183750089,0.0,0.0,0.0
2050-08-22 05:00:00,0.0,26.782898359082083,0.0,48.62552183750089,0.0,0.0,0.0
2050-08-22 06:00:00,0.0,43.169149157260335,0.0,48.62552183750089,0.0,0.0,0.0
2050-08-22 07:00:00,0.0,40.324502182173774,0.0,48.62552183750089,0.0,0.0,22.767926720471024
2050-08-22 08:00:00,0.0,41.41823351122002,0.0,40.69836158979134,0.0,0.0,38.394910120795046
2050-08-22 09:00:00,0.0,20.694856555108345,0.0,37.62701191837915,0.0,0.0,38.394910120795046
2050-08-22 10:00:00,0.0,38.39979071669268,0.0,37.62701191837915,0.0,0.0,38.394910120795046
2050-08-22 11:00:00,0.0,20.716519813529885,0.0,37.62701191837915,0.0,0.0,38.394910120795046
2050-08-22 12:00:00,0.0,20.80206371832037,0.0,37.62701191837915,0.0,0.0,38.394910120795046
2050-08-22 13:00:00,0.0,36.885390879757324,0.0,0.0,0.0,0.0,0.0
2050-08-22 14:00:00,0.0,36.27358995736813,0.0,0.0,0.0,0.0,0.0
2050-08-22 15:00:00,0.0,37.49233018038058,0.0,0.0,0.0,0.0,0.0
2050-08-22 16:00:00,0.0,39.088856823960896,0.0,0.0,0.0,0.0,0.0
2050-08-22 17:00:00,0.0,39.95575395977744,0.0,0.0,0.0,0.0,0.0
2050-08-22 18:00:00,0.0,39.4729985621193,0.0,0.0,0.0,0.0,0.0
2050-08-22 19:00:00,0.0,43.01863484859382,0.0,0.0,0.0,0.0,0.0
2050-08-22 20:00:00,0.0,23.89835170578135,0.0,0.0,0.0,0.0,0.0
2050-08-22 21:00:00,0.0,4.753387727472273,0.0,0.0,0.0,0.0,0.0
2050-08-22 22:00:00,0.0,44.064871725967805,0.0,0.0,0.0,0.0,0.0
2050-08-22 23:00:00,0.0,0.03499857557062569,0.0,0.0,0.0,0.0,0.0
2050-08-23 00:00:00,0.0,0.1273501243258579,0.0,0.0,0.0,0.0,0.0
2050-08-23 01:00:00,0.0,45.13185822213313,0.0,0.0,0.0,0.0,0.0
2050-08-23 02:00:00,0.0,46.471575374710255,0.0,0.0,0.0,0.0,0.0
2050-08-23 03:00:00,0.0,47.63720041081342,0.0,0.0,0.0,0.0,0.0
2050-08-23 04:00:00,0.0,45.62557460469134,0.0,0.0,0.0,0.0,0.0
2050-08-23 05:00:00,0.0,42.86680061688821,0.0,0.0,0.0,0.0,0.0
2050-08-23 06:00:00,0.0,42.63891193036579,0.0,0.0,0.0,0.0,0.0
2050-08-23 07:00:00,0.0,42.990783292455035,0.0,0.0,0.0,0.0,0.0
2050-08-23 08:00:00,0.0,39.812015312124004,0.0,0.0,0.0,0.0,0.0
2050-08-23 09:00:00,0.0,38.81969554347347,0.0,0.0,0.0,0.0,0.0
2050-08-23 10:00:00,0.0,37.3511603178049,0.0,0.0,0.0,0.0,0.0
2050-08-23 11:00:00,0.0,36.10638696859405,0.0,0.0,0.0,0.0,0.0
2050-08-23 12:00:00,0.0,36.724751672225466,2.227736443584071,0.0,0.0,0.0,0.0
2050-08-23 13:00:00,0.0,36.29752719706721,11.696319523199445,0.0,0.0,0.0,0.0
2050-08-23 14:00:00,0.0,37.69141715682781,5.829249136244707,0.0,0.0,0.0,0.0
2050-08-23 15:00:00,0.0,37.377835030210235,0.0,0.0,0.0,0.0,0.0
2050-08-23 16:00:00,0.0,38.40108823994501,5.810514614910977,0.0,0.0,0.0,0.0
2050-08-23 17:00:00,0.0,39.37453445563892,2.4583230113973835,0.0,0.0,0.0,0.0
2050-08-23 18:00:00,0.0,40.587487369120026,0.0,0.0,0.0,0.0,0.0
2050-08-23 19:00:00,0.0,42.386838896705285,0.0,0.0,0.0,0.0,0.0
2050-08-23 20:00:00,0.0,42.42519787719016,0.0,0.0,0.0,0.0,0.0
2050-08-23 21:00:00,0.0,43.733264890127884,0.0,0.0,0.0,0.0,0.0
2050-08-23 22:00:00,0.0,46.562285130160035,0.0,4.705803548096996,0.0,0.0,0.0
2050-08-23 23:00:00,0.0,45.325152918175036,0.0,2.9837467614419175,0.0,0.0,0.0
2050-08-24 00:00:00,0.0,39.663224179371355,0.0,11.835285483932932,0.0,0.0,0.0
2050-08-24 01:00:00,0.0,13.967045266878358,0.0,0.0,0.0,0.0,0.0
2050-08-24 02:00:00,0.0,46.56505668724526,0.0,0.0,0.0,0.0,0.0
2050-08-24 03:00:00,0.0,12.913020313949346,0.0,0.0,0.0,0.0,0.0
2050-08-24 04:00:00,0.0,46.31054556331719,0.0,0.0,0.0,0.0,0.0
2050-08-24 05:00:00,0.0,44.22410920027346,0.0,0.0,0.0,0.0,0.0
2050-08-24 06:00:00,0.0,7.683522873354832,0.0,0.0,0.0,0.0,0.0
2050-08-24 07:00:00,0.0,42.362310077858865,0.0,0.0,0.0,0.0,0.0
2050-08-24 08:00:00,0.0,9.3202072828376,0.0,0.0,0.0,0.0,0.0
2050-08-24 09:00:00,0.0,38.061308700552445,0.0,0.0,0.0,0.0,0.0
2050-08-24 10:00:00,0.0,1.4099960837520484,0.0,0.0,0.0,0.0,0.0
2050-08-24 11:00:00,0.0,37.34394114543602,0.0,0.0,0.0,0.0,0.0
2050-08-24 12:00:00,0.0,4.8550752603723595,0.0,0.0,0.0,0.0,0.0
2050-08-24 13:00:00,0.0,37.1919798205422,0.0,0.0,0.0,0.0,0.0
2050-08-24 14:00:00,0.0,38.19937134599627,0.0,0.0,0.0,0.0,0.0
2050-08-24 15:00:00,0.0,37.00201395795398,0.0,0.0,0.0,0.0,0.0
2050-08-24 16:00:00,0.0,39.9490127541244,0.0,0.0,0.0,0.0,0.0
2050-08-24 17:00:00,0.0,37.953775752192314,0.0,0.0,0.0,0.0,0.0
2050-08-24 18:00:00,0.0,42.1754965997975,0.0,0.0,0.0,0.0,0.0
2050-08-24 19:00:00,0.0,42.74437093424626,0.0,0.0,0.0,0.0,0.0
2050-08-24 20:00:00,0.0,43.75721010486404,0.0,0.0,0.0,0.0,0.0
2050-08-24 21:00:00,0.0,44.2423998893928,0.0,0.0,0.0,0.0,0.0
2050-08-24 22:00:00,0.0,44.346149436701126,0.0,0.0,0.0,0.0,0.0
2050-08-24 23:00:00,0.0,45.51310812478937,0.0,0.0,0.0,0.0,0.0
2050-08-25 00:00:00,0.0,44.749886457189405,0.0,0.0,0.0,0.0,0.0
2050-08-25 01:00:00,0.0,48.157007705217666,0.0,0.0,0.0,0.0,0.0
2050-08-25 02:00:00,0.0,47.28482803092061,0.0,0.0,0.0,0.0,0.0
2050-08-25 03:00:00,0.0,45.50167227349971,0.0,0.0,0.0,0.0,0.0
2050-08-25 04:00:00,0.0,45.897027530287005,0.0,0.0,0.0,0.0,0.0
2050-08-25 05:00:00,0.0,43.98054887160174,0.0,0.0,0.0,0.0,0.0
2050-08-25 06:00:00,0.0,42.53204186792868,0.0,0.0,0.0,0.0,0.0
2050-08-25 07:00:00,0.0,42.00162311921099,0.0,0.0,0.0,0.0,0.0
2050-08-25 08:00:00,0.0,39.139880733039035,0.0,0.0,0.0,0.0,0.0
2050-08-25 09:00:00,0.0,39.15167388930308,0.0,0.0,0.0,0.0,0.0
2050-08-25 10:00:00,0.0,39.385120627560354,0.0,0.0,0.0,0.0,0.0
2050-08-25 11:00:00,0.0,36.794292099286395,0.0,0.0,0.0,0.0,0.0
2050-08-25 12:00:00,0.0,35.96015127851115,0.0,0.0,0.0,0.0,0.0
2050-08-25 13:00:00,0.0,36.504902277211386,0.0,0.0,0.0,0.0,0.0
2050-08-25 14:00:00,0.0,37.30742025340396,0.0,0.0,0.0,0.0,0.0
2050-08-25 15:00:00,0.0,37.41688149815468,0.0,0.0,0.0,0.0,0.0
2050-08-25 16:00:00,0.0,38.796009445297614,0.0,0.0,0.0,0.0,0.0
2050-08-25 17:00:00,0.0,38.96566446332099,0.0,0.0,0.0,0.0,0.0
2050-08-25 18:00:00,0.0,41.18684021812919,0.2491895710892455,0.0,0.0,0.0,0.0
2050-08-25 19:00:00,0.0,41.54025328658918,14.399409133020434,0.0,0.0,10.253931876526893,0.0
2050-08-25 20:00:00,0.0,42.66163936260182,0.0,0.0,0.0,0.0,0.0
2050-08-25 21:00:00,0.0,44.104828598136464,0.0,0.0,0.0,0.0,0.0
2050-08-25 22:00:00,0.0,47.187293386560896,0.0,9.8449221067906,0.0,0.0,10.045838884480204
2050-08-25 23:00:00,0.0,46.175182043672294,0.0,0.0,0.0,0.0,0.0
2050-08-26 00:00:00,0.0,47.06461621660628,0.0,0.0,0.0,0.0,0.0
2050-08-26 01:00:00,0.0,47.12137808729608,0.0,0.0,0.0,0.0,0.0
2050-08-26 02:00:00,0.0,45.78207174207,0.0,0.0,0.0,0.0,0.0
2050-08-26 03:00:00,0.0,44.322443882296284,0.0,0.0,0.0,0.0,0.0
2050-08-26 04:00:00,0.0,44.56578014097204,0.0,0.0,0.0,0.0,0.0
2050-08-26 05:00:00,0.0,44.1736522284516,0.0,0.0,0.0,0.0,0.0
2050-08-26 06:00:00,0.0,42.59042935180764,0.0,0.0,0.0,0.0,0.0
2050-08-26 07:00:00,0.0,42.76886576392849,0.0,0.0,0.0,0.0,0.0
2050-08-26 08:00:00,0.0,40.33447481158555,0.0,0.0,0.0,0.0,0.0
2050-08-26 09:00:00,0.0,40.095982759702565,0.0,0.0,0.0,0.0,0.0
2050-08-26 10:00:00,0.0,38.32765151463718,0.0,0.0,0.0,0.0,0.0
2050-08-26 11:00:00,0.0,37.566452472750825,0.0,0.0,0.0,0.0,0.0
2050-08-26 12:00:00,0.0,36.092206888239616,0.0,0.0,0.0,0.0,0.0
2050-08-26 13:00:00,0.0,37.37857263657338,0.0,0.0,0.0,0.0,0.0
2050-08-26 14:00:00,0.0,37.41242085378008,0.0,0.0,0.0,0.0,0.0
2050-08-26 15:00:00,0.0,36.90720781148889,0.0,0.0,0.0,0.0,0.0
2050-08-26 16:00:00,0.0,40.44333806047234,0.0,0.0,0.0,0.0,0.0
2050-08-26 17:00:00,0.0,39.50703980594881,0.0,0.0,0.0,0.0,0.0
2050-08-26 18:00:00,0.0,42.23642008302568,0.0,0.0,0.0,0.0,0.0
2050-08-26 19:00:00,0.0,41.536082323857045,0.0,0.0,0.0,0.0,0.0
2050-08-26 20:00:00,0.0,41.94229020883563,0.0,0.0,0.0,0.0,0.0
2050-08-26 21:00:00,0.0,44.14627985607831,0.0,0.0,0.0,0.0,0.0
2050-08-26 22:00:00,0.0,45.47097832226518,0.0,0.0,0.0,0.0,0.0
2050-08-26 23:00:00,0.0,47.61182641971891,0.0,0.0,0.0,0.0,0.0
2050-08-27 00:00:00,0.0,43.6612446147185,0.0,0.0,0.0,0.0,0.0
2050-08-27 01:00:00,0.0,43.56215120149932,0.0,0.0,0.0,0.0,0.0
2050-08-27 02:00:00,0.0,44.073290083487336,0.0,0.0,0.0,0.0,0.0
2050-08-27 03:00:00,0.0,44.5793355060498,0.0,0.0,0.0,0.0,0.0
2050-08-27 04:00:00,0.0,42.398054694742086,0.0,0.0,0.0,0.0,0.0
2050-08-27 05:00:00,0.0,41.36045601427418,0.0,0.0,0.0,0.0,0.0
2050-08-27 06:00:00,0.0,39.76892031900593,0.0,0.0,0.0,0.0,0.0
2050-08-27 07:00:00,0.0,38.654704004548876,0.0,0.0,0.0,0.0,0.0
2050-08-27 08:00:00,0.0,37.23634710121701,28.92541333739714,0.0,0.0,20.247789336177995,0.0
2050-08-27 09:00:00,0.0,34.775941592142544,34.65162318837707,0.0,0.0,3.998217936538292,0.0
2050-08-27 10:00:00,0.0,37.4500512504012,0.0,0.0,0.0,20.247789336177995,0.0
2050-08-27 11:00:00,0.0,34.414136777895465,37.7380692639674,0.0,0.0,20.247789336177995,0.0
2050-08-27 12:00:00,0.0,33.56174031975502,20.11716373879016,0.0,0.0,20.247789336177995,0.0
2050-08-27 13:00:00,0.0,34.41566460716899,37.7380692639674,0.0,0.0,20.247789336177995,0.0
2050-08-27 14:00:00,0.0,33.404410568819,20.11716373879016,0.0,0.0,20.247789336177995,0.0
2050-08-27 15:00:00,0.0,34.99854297175625,37.7380692639674,0.0,0.0,20.247789336177995,0.0
2050-08-27 16:00:00,0.0,35.94748201220682,20.11716373879016,0.0,0.0,20.247789336177995,0.0
2050-08-27 17:00:00,0.0,37.34369184628804,37.7380692639674,0.0,0.0,20.247789336177995,0.0
2050-08-27 18:00:00,0.0,37.649134393146824,20.11716373879016,0.0,0.0,20.247789336177995,0.0
2050-08-27 19:00:00,0.0,38.59886940468891,28.92541333739714,0.0,0.0,20.247789336177995,0.0
2050-08-27 20:00:00,0.0,40.07051238477516,28.92541333739714,0.0,0.0,20.247789336177995,0.0
2050-08-27 21:00:00,0.0,41.951496331602584,28.92541333739714,0.0,0.0,20.247789336177995,0.0
2050-08-27 22:00:00,0.0,42.72993502270515,37.7380692639674,0.0,0.0,20.247789336177995,0.0
2050-08-27 23:00:00,0.0,43.110702054572585,20.11716373879016,0.0,0.0,20.247789336177995,0.0
2050-08-28 00:00:00,0.0,43.85067516223012,28.92541333739714,0.0,0.0,20.247789336177995,0.0
2050-08-28 01:00:00,0.0,43.66099324184074,28.92541333739714,0.0,0.0,20.247789336177995,0.0
2050-08-28 02:00:00,0.0,44.619124112731924,37.7380692639674,0.0,0.0,20.247789336177995,0.0
2050-08-28 03:00:00,0.0,43.48334832349474,37.73806926396725,0.0,0.0,20.247789336177995,0.0
2050-08-28 04:00:00,0.0,40.880806760968426,37.7380692639674,0.0,0.0,20.247789336177995,0.0
2050-08-28 05:00:00,0.0,41.16757788057589,37.7380692639674,0.0,0.0,20.247789336177995,0.0
2050-08-28 06:00:00,0.0,38.491216325948244,37.7380692639674,0.0,0.0,20.247789336177995,0.0
2050-08-28 07:00:00,0.0,39.34672696071061,37.7380692639674,0.0,0.0,20.247789336177995,0.0
2050-08-28 08:00:00,0.0,36.49028473442013,37.7380692639674,0.0,0.0,20.247789336177995,0.0
2050-08-28 09:00:00,0.0,36.73105394489744,37.7380692639674,0.0,0.0,20.247789336177995,0.0
2050-08-28 10:00:00,0.0,35.170015022200914,37.7380692639674,0.0,0.0,20.247789336177995,0.0
2050-08-28 11:00:00,0.0,36.495792011494586,37.7380692639674,0.0,0.0,20.247789336177995,0.0
2050-08-28 12:00:00,0.0,35.41187369732552,37.7380692639674,0.0,0.0,20.247789336177995,0.0
2050-08-28 13:00:00,0.0,34.35642568729418,37.7380692639674,0.0,0.0,20.247789336177995,0.0
2050-08-28 14:00:00,0.0,33.67773535825995,37.7380692639674,0.0,0.0,20.247789336177995,0.0
2050-08-28 15:00:00,0.0,36.18432366191564,37.7380692639674,0.0,0.0,20.247789336177995,0.0
2050-08-28 16:00:00,0.0,36.34770270260606,37.7380692639674,0.0,0.0,20.247789336177995,0.0
2050-08-28 17:00:00,0.0,37.26351378892036,37.7380692639674,0.0,0.0,20.247789336177995,0.0
2050-08-28 18:00:00,0.0,37.11689510159135,37.7380692639674,0.0,0.0,20.247789336177995,0.0
2050-08-28 19:00:00,0.0,39.05960577949304,37.7380692639674,0.0,0.0,20.247789336177995,0.0
2050-08-28 20:00:00,0.0,40.47984909153979,37.7380692639674,0.0,0.0,20.247789336177995,0.0
2050-08-28 21:00:00,0.0,40.61783123075361,37.7380692639674,0.0,0.0,20.247789336177995,0.0
2050-08-28 22:00:00,0.0,42.49839140585436,37.7380692639674,0.0,0.0,20.247789336177995,0.0
2050-08-28 23:00:00,0.0,42.84486426680519,37.7380692639674,0.0,0.0,20.247789336177995,0.0
2050-08-29 00:00:00,0.0,47.170581702795516,37.7380692639674,0.0,0.0,20.247789336177995,0.0
2050-08-29 01:00:00,0.0,46.1657886094747,37.7380692639674,0.0,0.0,20.247789336177995,0.0
2050-08-29 02:00:00,0.0,45.94551860113006,37.7380692639674,0.0,0.0,20.247789336177995,0.0
2050-08-29 03:00:00,0.0,44.665033876317466,37.7380692639674,0.0,0.0,20.247789336177995,0.0
2050-08-29 04:00:00,0.0,44.77909154230724,37.7380692639674,0.0,0.0,20.247789336177995,0.0
2050-08-29 05:00:00,0.0,44.39349311594742,37.7380692639674,0.0,0.0,20.247789336177995,0.0
2050-08-29 06:00:00,0.0,44.22269516736196,37.7380692639674,0.0,0.0,20.247789336177995,0.0
2050-08-29 07:00:00,0.0,40.40605801561992,37.7380692639674,0.0,0.0,20.247789336177995,0.0
2050-08-29 08:00:00,0.0,40.78659825198065,37.7380692639674,0.0,0.0,20.247789336177995,0.0
2050-08-29 09:00:00,0.0,39.341714446456535,37.7380692639674,0.0,0.0,20.247789336177995,0.0
2050-08-29 10:00:00,0.0,36.69087479891664,37.7380692639674,0.0,0.0,20.247789336177995,0.0
2050-08-29 11:00:00,0.0,37.71283354103889,37.7380692639674,0.0,0.0,20.247789336177995,0.0
2050-08-29 12:00:00,0.0,37.22263883965138,37.7380692639674,0.0,0.0,20.247789336177995,0.0
2050-08-29 13:00:00,0.0,37.407143043338465,37.7380692639674,0.0,0.0,20.247789336177995,0.0
2050-08-29 14:00:00,0.0,37.06884944491617,37.7380692639674,0.0,0.0,20.247789336177995,0.0
2050-08-29 15:00:00,0.0,36.592462866411324,37.7380692639674,0.0,0.0,20.247789336177995,0.0
2050-08-29 16:00:00,0.0,38.146259354086624,37.7380692639674,0.0,0.0,20.247789336177995,0.0
2050-08-29 17:00:00,0.0,39.21958720744101,37.7380692639674,0.0,0.0,20.247789336177995,0.0
2050-08-29 18:00:00,0.0,41.10981380179555,37.7380692639674,0.0,0.0,20.247789336177995,0.0
2050-08-29 19:00:00,0.0,41.650639314745604,37.7380692639674,0.0,0.0,20.247789336177995,0.0
2050-08-29 20:00:00,0.0,41.93605493679115,37.7380692639674,0.0,0.0,20.247789336177995,0.0
2050-08-29 21:00:00,0.0,43.83999716930521,37.7380692639674,0.0,0.0,20.247789336177995,0.0
2050-08-29 22:00:00,0.0,45.0822212382368,37.7380692639674,0.0,0.0,20.247789336177995,0.0
2050-08-29 23:00:00,0.0,45.85186109195206,18.49398492181877,0.0,0.0,12.808506022265874,0.0
2050-08-30 00:00:00,0.0,45.750847208416644,5.1311379601095055,0.0,0.0,3.454513149069385,0.0
2050-08-30 01:00:00,0.0,47.11489553230217,0.0,9.23869263519837,0.0,0.0,0.0
2050-08-30 02:00:00,0.0,45.641863459201886,0.0,21.155650937645756,0.0,0.0,0.0
2050-08-30 03:00:00,0.0,46.12563252782206,0.0,29.88820051431099,0.0,0.0,22.035232563507954
2050-08-30 04:00:00,0.0,45.45804520202819,0.0,39.98558597268881,0.0,0.0,0.0
2050-08-30 05:00:00,0.0,45.38851624479662,0.0,48.62552183750089,0.0,0.0,38.394910120795046
2050-08-30 06:00:00,0.0,42.57057687690576,0.0,48.62552183750089,0.0,0.0,38.394910120795046
2050-08-30 07:00:00,0.0,42.15868088958064,0.0,48.62552183750089,0.0,0.0,38.394910120795046
2050-08-30 08:00:00,0.0,41.252984876034816,0.0,48.62552183750089,0.0,0.0,38.394910120795046
2050-08-30 09:00:00,0.0,40.31453238647123,0.0,48.62552183750089,0.0,0.0,0.0
2050-08-30 10:00:00,0.0,38.565180569764834,0.0,48.62552183750089,0.0,0.0,0.0
2050-08-30 11:00:00,0.0,36.801926787090906,0.0,4.977741425609048,0.0,0.0,0.0
2050-08-30 12:00:00,0.0,37.00807241283792,0.0,48.62552183750089,0.0,0.0,0.0
2050-08-30 13:00:00,0.0,35.655355406556964,0.0,1.1603229831285233,0.0,0.0,1.1840030440086973
2050-08-30 14:00:00,0.0,37.27894502712729,3.9229732424524215,0.0,0.0,2.746081269716695,0.0
2050-08-30 15:00:00,0.0,37.201003091488246,21.967143765129613,0.0,0.0,15.377000635590727,0.0
2050-08-30 16:00:00,0.0,37.42022897788479,37.7380692639674,0.0,0.0,20.247789336177995,0.0
2050-08-30 17:00:00,0.0,39.044828809439196,37.7380692639674,0.0,0.0,20.247789336177995,0.0
2050-08-30 18:00:00,0.0,41.07823389975579,37.7380692639674,0.0,0.0,20.247789336177995,0.0
2050-08-30 19:00:00,0.0,41.20595697530234,37.7380692639674,0.0,0.0,20.247789336177995,0.0
2050-08-30 20:00:00,0.0,43.69130789786982,37.7380692639674,0.0,0.0,15.934237505797938,0.0
2050-08-30 21:00:00,0.0,44.048833702892125,31.291601779300848,0.0,0.0,0.0,0.0
2050-08-30 22:00:00,0.0,44.05804742328769,0.0,0.0,0.0,20.247789336177995,0.0
2050-08-30 23:00:00,0.0,46.259539967193405,0.0,0.0,0.0,20.247789336177995,0.0
2050-08-31 00:00:00,0.0,46.834872936792635,5.407003665687462,0.0,0.0,20.247789336177995,0.0
2050-08-31 01:00:00,0.0,44.68159771597152,0.0,0.0,0.0,0.0,0.0
2050-08-31 02:00:00,0.0,45.850158738712935,30.004939655575193,0.0,0.0,20.247789336177995,0.0
2050-08-31 03:00:00,0.0,46.31105761589197,27.84642678237817,0.0,0.0,20.247789336177995,0.0
2050-08-31 04:00:00,0.0,44.528112727991584,28.92541333739714,0.0,0.0,20.247789336177995,0.0
2050-08-31 05:00:00,0.0,43.969552514343604,28.92541333739714,0.0,0.0,20.247789336177995,0.0
2050-08-31 06:00:00,0.0,42.31345618409068,28.92541333739714,0.0,0.0,20.247789336177995,0.0
2050-08-31 07:00:00,0.0,41.40211041678708,28.92541333739714,0.0,0.0,20.247789336177995,0.0
2050-08-31 08:00:00,0.0,39.235326506837964,28.92541333739714,0.0,0.0,20.247789336177995,0.0
2050-08-31 09:00:00,0.0,40.471489119571515,37.7380692639674,0.0,0.0,20.247789336177995,0.0
2050-08-31 10:00:00,0.0,36.44517960918347,20.11716373879016,0.0,0.0,20.247789336177995,0.0
2050-08-31 11:00:00,0.0,38.21334072473701,28.92541333739714,0.0,0.0,20.247789336177995,0.0
2050-08-31 12:00:00,0.0,36.62812101844497,28.92541333739714,0.0,0.0,20.247789336177995,0.0
2050-08-31 13:00:00,0.0,35.9868564105318,28.92541333739714,0.0,0.0,20.247789336177995,0.0
2050-08-31 14:00:00,0.0,36.7851535320392,34.089813934657,0.0,0.0,20.247789336177995,0.0
2050-08-31 15:00:00,0.0,37.518711509422246,23.7635949404359,0.0,0.0,20.247789336177995,0.0
2050-08-31 16:00:00,0.0,37.78631443894551,37.7380692639674,0.0,0.0,20.247789336177995,0.0
2050-08-31 17:00:00,0.0,39.58830779463233,37.7380692639674,0.0,0.0,20.247789336177995,0.0
2050-08-31 18:00:00,0.0,40.61688216057746,11.313318264982488,0.0,0.0,20.247789336177995,0.0
2050-08-31 19:00:00,0.0,41.00978694511832,37.7380692639674,0.0,0.0,20.247789336177995,0.0
2050-08-31 20:00:00,0.0,41.5441122997845,20.11716373879016,0.0,0.0,20.247789336177995,0.0
2050-08-31 21:00:00,0.0,43.356349685035184,37.7380692639674,0.0,0.0,20.247789336177995,0.0
2050-08-31 22:00:00,0.0,45.54588879760786,20.11716373879016,0.0,0.0,20.247789336177995,0.0
2050-08-31 23:00:00,0.0,44.463454448057746,28.92541333739714,0.0,0.0,20.247789336177995,0.0
2050-09-01 00:00:00,0.0,47.59102200546954,37.7380692639674,0.0,0.0,20.247789336177995,0.0
2050-09-01 01:00:00,0.0,47.34131368547264,20.11716373879016,0.0,0.0,20.247789336177995,0.0
2050-09-01 02:00:00,0.0,46.58140778837969,28.92541333739714,0.0,0.0,20.247789336177995,0.0
2050-09-01 03:00:00,0.0,46.47892014972922,28.92541333739714,0.0,0.0,20.247789336177995,0.0
2050-09-01 04:00:00,0.0,46.19844184537169,28.92541333739714,0.0,0.0,20.247789336177995,0.0
2050-09-01 05:00:00,0.0,42.90616217161164,28.92541333739714,0.0,0.0,20.247789336177995,0.0
2050-09-01 06:00:00,0.0,42.20766097871592,37.7380692639674,0.0,0.0,20.247789336177995,0.0
2050-09-01 07:00:00,0.0,43.59468744421292,20.11716373879016,0.0,0.0,20.247789336177995,0.0
2050-09-01 08:00:00,0.0,40.956576804973565,28.92541333739714,0.0,0.0,20.247789336177995,0.0
2050-09-01 09:00:00,0.0,38.339336256361776,37.7380692639674,0.0,0.0,20.247789336177995,0.0
2050-09-01 10:00:00,0.0,39.170566090195734,20.11716373879016,0.0,0.0,20.247789336177995,0.0
2050-09-01 11:00:00,0.0,37.90532278023488,37.7380692639674,0.0,0.0,20.247789336177995,0.0
2050-09-01 12:00:00,0.0,36.70575617061104,20.11716373879016,0.0,0.0,20.247789336177995,0.0
2050-09-01 13:00:00,0.0,37.157744593630696,28.92541333739714,0.0,0.0,20.247789336177995,0.0
2050-09-01 14:00:00,0.0,36.43000468235732,37.7380692639674,0.0,0.0,20.247789336177995,0.0
2050-09-01 15:00:00,0.0,38.11288661541903,20.11716373879016,0.0,0.0,20.247789336177995,0.0
2050-09-01 16:00:00,0.0,38.00251518451341,37.7380692639674,0.0,0.0,20.247789336177995,0.0
2050-09-01 17:00:00,0.0,38.18305200389818,37.7380692639674,0.0,0.0,20.247789336177995,0.0
2050-09-01 18:00:00,0.0,38.94898678814411,37.7380692639674,0.0,0.0,20.247789336177995,0.0
2050-09-01 19:00:00,0.0,40.01676026903692,37.7380692639674,0.0,0.0,20.247789336177995,0.0
2050-09-01 20:00:00,0.0,43.64957850959195,37.7380692639674,0.0,0.0,20.247789336177995,0.0
2050-09-01 21:00:00,0.0,44.827336258765854,37.7380692639674,0.0,0.0,20.247789336177995,0.0
2050-09-01 22:00:00,0.0,45.21187046765226,37.7380692639674,0.0,0.0,20.247789336177995,0.0
2050-09-01 23:00:00,0.0,46.89573200459881,37.7380692639674,0.0,0.0,20.247789336177995,0.0
2050-09-02 00:00:00,0.0,45.951526749776804,37.7380692639674,0.0,0.0,20.247789336177995,0.0
2050-09-02 01:00:00,0.0,47.905953764542346,37.7380692639674,0.0,0.0,20.247789336177995,0.0
2050-09-02 02:00:00,0.0,47.31381421293759,28.163386914750333,0.0,0.0,20.247789336177995,0.0
2050-09-02 03:00:00,0.0,46.811343293413074,24.814965857816176,0.0,0.0,20.247789336177995,0.0
2050-09-02 04:00:00,0.0,44.973596662994396,32.72262201082181,0.0,0.0,20.247789336177995,0.0
2050-09-02 05:00:00,0.0,43.83811728621481,37.7380692639674,0.0,0.0,20.247789336177995,0.0
2050-09-02 06:00:00,0.0,43.43458280047412,37.7380692639674,0.0,0.0,20.247789336177995,0.0
2050-09-02 07:00:00,0.0,40.283470038573114,37.7380692639674,0.0,0.0,20.247789336177995,0.0
2050-09-02 08:00:00,0.0,39.75436074623758,37.7380692639674,0.0,0.0,20.247789336177995,0.0
2050-09-02 09:00:00,0.0,39.47848098060604,35.937081852129225,0.0,0.0,20.247789336177995,0.0
2050-09-02 10:00:00,0.0,39.24524405472516,5.725393297325294,0.0,0.0,20.247789336177995,0.0
2050-09-02 11:00:00,0.0,36.918004411283164,37.7380692639674,0.0,0.0,20.247789336177995,0.0
2050-09-02 12:00:00,0.0,38.658188712871834,37.7380692639674,0.0,0.0,20.247789336177995,0.0
2050-09-02 13:00:00,0.0,35.92333407548881,37.7380692639674,0.0,0.0,20.247789336177995,0.0
2050-09-02 14:00:00,0.0,36.19692352653078,37.7380692639674,0.0,0.0,20.247789336177995,0.0
2050-09-02 15:00:00,0.0,36.88303091917987,37.7380692639674,0.0,0.0,20.247789336177995,0.0
2050-09-02 16:00:00,0.0,37.56794682443706,37.7380692639674,0.0,0.0,20.247789336177995,0.0
2050-09-02 17:00:00,0.0,39.659076135519854,37.7380692639674,0.0,0.0,20.247789336177995,0.0
2050-09-02 18:00:00,0.0,38.91181330797281,37.7380692639674,0.0,0.0,20.247789336177995,0.0
2050-09-02 19:00:00,0.0,42.10348956265466,37.7380692639674,0.0,0.0,20.247789336177995,0.0
2050-09-02 20:00:00,0.0,41.09049988228276,37.7380692639674,0.0,0.0,20.247789336177995,0.0
2050-09-02 21:00:00,0.0,45.13751766208452,37.7380692639674,0.0,0.0,20.247789336177995,0.0
2050-09-02 22:00:00,0.0,44.03650004045039,37.7380692639674,0.0,0.0,20.247789336177995,0.0
2050-09-02 23:00:00,0.0,45.97513224255954,37.7380692639674,0.0,0.0,20.247789336177995,0.0
2050-09-03 00:00:00,0.0,42.987808091618035,37.7380692639674,0.0,0.0,20.247789336177995,0.0
2050-09-03 01:00:00,0.0,43.887926982731415,37.7380692639674,0.0,0.0,20.247789336177995,0.0
2050-09-03 02:00:00,0.0,43.294329104453254,37.7380692639674,0.0,0.0,20.247789336177995,0.0
2050-09-03 03:00:00,0.0,44.04320375452198,37.7380692639674,0.0,0.0,20.247789336177995,0.0
2050-09-03 04:00:00,0.0,42.202323319930656,37.7380692639674,0.0,0.0,20.247789336177995,0.0
2050-09-03 05:00:00,0.0,41.0500063534364,37.7380692639674,0.0,0.0,20.247789336177995,0.0
2050-09-03 06:00:00,0.0,40.73692819515031,37.7380692639674,0.0,0.0,20.247789336177995,0.0
2050-09-03 07:00:00,0.0,38.33849774057717,37.7380692639674,0.0,0.0,20.247789336177995,0.0
2050-09-03 08:00:00,0.0,37.61586136459687,37.7380692639674,0.0,0.0,20.247789336177995,0.0
2050-09-03 09:00:00,0.0,37.92750271559544,37.7380692639674,0.0,0.0,20.247789336177995,0.0
2050-09-03 10:00:00,0.0,34.1756307483804,37.7380692639674,0.0,0.0,20.247789336177995,0.0
2050-09-03 11:00:00,0.0,35.33952759268482,37.7380692639674,0.0,0.0,20.247789336177995,0.0
2050-09-03 12:00:00,0.0,33.678028099505354,37.7380692639674,0.0,0.0,20.247789336177995,0.0
2050-09-03 13:00:00,0.0,32.94447597212593,37.7380692639674,0.0,0.0,20.247789336177995,0.0
2050-09-03 14:00:00,0.0,34.945075519579404,37.7380692639674,0.0,0.0,20.247789336177995,0.0
2050-09-03 15:00:00,0.0,36.34621668152931,37.7380692639674,0.0,0.0,20.247789336177995,0.0
2050-09-03 16:00:00,0.0,35.31546088613368,37.7380692639674,0.0,0.0,20.247789336177995,0.0
2050-09-03 17:00:00,0.0,36.413468025896236,37.7380692639674,0.0,0.0,20.247789336177995,0.0
2050-09-03 18:00:00,0.0,37.69116788481347,37.7380692639674,0.0,0.0,20.247789336177995,0.0
2050-09-03 19:00:00,0.0,39.35909843574768,37.7380692639674,0.0,0.0,20.247789336177995,0.0
2050-09-03 20:00:00,0.0,39.72013278730333,28.524273519312068,0.0,0.0,19.829708040511207,0.0
2050-09-03 21:00:00,0.0,41.05890862982119,2.244380414345777,0.0,0.0,1.433782867034779,0.0
2050-09-03 22:00:00,0.0,42.380856542091124,0.0,29.62251459344971,0.0,0.0,0.0
2050-09-03 23:00:00,0.0,42.15737202235391,0.0,37.10220070787574,0.0,0.0,0.0
2050-09-04 00:00:00,0.0,44.86037199150542,0.0,33.17191172825854,0.0,0.0,38.394910120795046
2050-09-04 01:00:00,0.0,44.69412719766342,0.0,23.942003813749828,0.0,0.0,38.394910120795046
2050-09-04 02:00:00,0.0,44.39895754745817,0.0,0.0,0.0,0.0,16.791638882856617
2050-09-04 03:00:00,0.0,41.74029825860339,0.0,6.1976376397497805,0.0,0.0,0.0
2050-09-04 04:00:00,0.0,42.04642359790273,0.0,12.498706312879968,0.0,0.0,0.0
2050-09-04 05:00:00,0.0,42.42018590575708,0.0,21.28612756720756,0.0,0.0,0.0
2050-09-04 06:00:00,0.0,38.8299433684158,0.0,19.272159183584503,0.0,0.0,0.0
2050-09-04 07:00:00,0.0,39.79955192200691,0.0,0.0,0.0,0.0,0.0
2050-09-04 08:00:00,0.0,36.890024261420194,0.0,0.0,0.0,0.0,0.0
2050-09-04 09:00:00,0.0,37.75928519110653,0.0,0.0,0.0,0.0,0.0
2050-09-04 10:00:00,0.0,36.44719409777895,0.0,0.0,0.0,0.0,0.0
2050-09-04 11:00:00,0.0,34.22447495903543,0.0,0.0,0.0,0.0,0.0
2050-09-04 12:00:00,0.0,34.76144836406979,0.0,0.0,0.0,0.0,0.0
2050-09-04 13:00:00,0.0,33.05648862608132,0.0,0.0,0.0,0.0,0.0
2050-09-04 14:00:00,0.0,35.83652726055402,0.0,0.0,0.0,0.0,0.0
2050-09-04 15:00:00,0.0,33.428372771160866,19.981188060543328,0.0,0.0,0.0,0.0
2050-09-04 16:00:00,0.0,36.61014710720656,5.487583751118926,0.0,0.0,0.0,0.0
2050-09-04 17:00:00,0.0,36.31970245414118,15.597483648866856,0.0,0.0,0.0,0.0
2050-09-04 18:00:00,0.0,37.392970862346374,37.7380692639674,0.0,0.0,0.0,0.0
2050-09-04 19:00:00,0.0,38.10059755192242,37.7380692639674,0.0,0.0,0.0,0.0
2050-09-04 20:00:00,0.0,40.509632057044655,17.437698241443304,0.0,0.0,0.0,0.0
2050-09-04 21:00:00,0.0,40.94187319460093,0.0,8.027785026716675,0.0,0.0,8.331702499718313
2050-09-04 22:00:00,0.0,40.917255404125854,0.0,42.24979393166518,0.0,0.0,38.394910120795046
2050-09-04 23:00:00,0.0,43.57805875741565,0.0,48.62552183750089,0.0,0.0,38.394910120795046
2050-09-05 00:00:00,0.0,46.417852964544636,0.0,48.62552183750089,0.0,0.0,38.394910120795046
2050-09-05 01:00:00,0.0,45.61922029943844,0.0,48.62552183750089,0.0,0.0,38.394910120795046
2050-09-05 02:00:00,0.0,46.149272578806176,0.0,48.62552183750089,0.0,0.0,38.394910120795046
2050-09-05 03:00:00,0.0,45.55334958767071,0.0,48.62552183750089,0.0,0.0,38.394910120795046
2050-09-05 04:00:00,0.0,45.72341693660405,0.0,48.62552183750089,0.0,0.0,38.394910120795046
2050-09-05 05:00:00,0.0,42.75185989639931,0.0,48.62552183750089,0.0,0.0,38.394910120795046
2050-09-05 06:00:00,0.0,42.0981327228842,0.0,48.62552183750089,0.0,0.0,38.394910120795046
2050-09-05 07:00:00,0.0,33.24851799087264,0.0,48.62552183750089,0.0,0.0,38.394910120795046
2050-09-05 08:00:00,0.0,28.686861539597885,0.0,48.62552183750089,0.0,0.0,38.394910120795046
2050-09-05 09:00:00,0.0,27.228915989339384,0.0,48.62552183750089,0.0,0.0,38.394910120795046
2050-09-05 10:00:00,0.0,37.14812394013052,0.0,48.62552183750089,0.0,0.0,38.394910120795046
2050-09-05 11:00:00,0.0,26.868579505968682,0.0,48.62552183750089,0.0,0.0,38.394910120795046
2050-09-05 12:00:00,0.0,30.474593795250257,0.0,48.62552183750089,0.0,0.0,38.394910120795046
2050-09-05 13:00:00,0.0,36.31735612247144,0.0,48.62552183750089,0.0,0.0,38.394910120795046
2050-09-05 14:00:00,0.0,36.26835327737331,0.0,39.779224985886444,0.0,0.0,38.394910120795046
2050-09-05 15:00:00,0.0,37.11198845649824,0.0,40.37123301528357,0.0,0.0,38.394910120795046
2050-09-05 16:00:00,0.0,38.35004162417226,0.0,16.434401412456584,0.0,0.0,38.394910120795046
2050-09-05 17:00:00,0.0,38.257936387444715,0.0,0.0,0.0,0.0,28.81718888102549
2050-09-05 18:00:00,0.0,40.168423496658306,0.0,0.0,0.0,0.0,38.394910120795046
2050-09-05 19:00:00,0.0,42.61220990233983,0.0,0.0,0.0,0.0,38.394910120795046
2050-09-05 20:00:00,0.0,42.338633631623225,0.0,0.0,0.0,0.0,38.394910120795046
2050-09-05 21:00:00,0.0,44.70284718263656,0.0,23.247743935172327,0.0,0.0,38.394910120795046
2050-09-05 22:00:00,0.0,45.522500515217644,0.0,48.62552183750089,0.0,0.0,38.394910120795046
2050-09-05 23:00:00,0.0,45.079467189640354,0.0,48.62552183750089,0.0,0.0,38.394910120795046
2050-09-06 00:00:00,0.0,46.106792450478,0.0,48.62552183750089,0.0,0.0,38.394910120795046
2050-09-06 01:00:00,0.0,46.09817828706514,0.0,48.62552183750089,0.0,0.0,38.394910120795046
2050-09-06 02:00:00,0.0,45.24039029986989,0.0,48.62552183750089,0.0,0.0,38.394910120795046
2050-09-06 03:00:00,0.0,44.6997301727115,0.0,48.62552183750089,0.0,0.0,38.394910120795046
2050-09-06 04:00:00,0.0,43.952619608876375,0.0,48.62552183750089,0.0,0.0,38.394910120795046
2050-09-06 05:00:00,0.0,42.97917235002933,0.0,48.62552183750089,0.0,0.0,38.394910120795046
2050-09-06 06:00:00,0.0,42.00030097889726,0.0,48.62552183750089,0.0,0.0,38.394910120795046
2050-09-06 07:00:00,0.0,40.44428439347212,0.0,48.62552183750089,0.0,0.0,38.394910120795046
2050-09-06 08:00:00,0.0,38.78082164023954,0.0,48.62552183750089,0.0,0.0,38.394910120795046
2050-09-06 09:00:00,0.0,37.49944572804293,0.0,48.62552183750089,0.0,0.0,38.394910120795046
2050-09-06 10:00:00,0.0,38.52935896008012,0.0,48.62552183750089,0.0,0.0,38.394910120795046
2050-09-06 11:00:00,0.0,35.88885661560471,0.0,48.62552183750089,0.0,0.0,38.394910120795046
2050-09-06 12:00:00,0.0,37.891868199349574,0.0,48.62552183750089,0.0,0.0,38.394910120795046
2050-09-06 13:00:00,0.0,36.147004905021504,0.0,34.53112526437016,0.0,0.0,38.394910120795046
2050-09-06 14:00:00,0.0,36.67881117606248,0.0,16.378267321817294,0.0,0.0,38.394910120795046
2050-09-06 15:00:00,0.0,38.404319400729946,0.0,0.0,0.0,0.0,38.394910120795046
2050-09-06 16:00:00,0.0,38.359289354063776,0.0,17.516168505325243,0.0,0.0,38.394910120795046
2050-09-06 17:00:00,0.0,39.81539440709389,0.0,38.18079272149675,0.0,0.0,38.394910120795046
2050-09-06 18:00:00,0.0,39.723313197961716,0.0,27.9019603567549,0.0,0.0,38.394910120795046
2050-09-06 19:00:00,0.0,41.821841545285224,0.0,48.62552183750089,0.0,0.0,38.394910120795046
2050-09-06 20:00:00,0.0,42.896720395012835,0.0,48.62552183750089,0.0,0.0,38.394910120795046
2050-09-06 21:00:00,0.0,43.31827750367938,0.0,48.62552183750089,0.0,0.0,38.394910120795046
2050-09-06 22:00:00,0.0,44.9718189143307,0.0,48.62552183750089,0.0,0.0,38.394910120795046
2050-09-06 23:00:00,0.0,45.32886258519943,0.0,48.62552183750089,0.0,0.0,38.394910120795046
2050-09-07 00:00:00,0.0,45.83217009910459,0.0,48.62552183750089,0.0,0.0,38.394910120795046
2050-09-07 01:00:00,0.0,45.849550690629485,0.0,48.62552183750089,0.0,0.0,38.394910120795046
2050-09-07 02:00:00,0.0,45.27158542750908,0.0,48.62552183750089,0.0,0.0,38.394910120795046
2050-09-07 03:00:00,0.0,45.577813227345814,0.0,48.62552183750089,0.0,0.0,38.394910120795046
2050-09-07 04:00:00,0.0,34.44617725588432,0.0,48.62552183750089,0.0,0.0,38.394910120795046
2050-09-07 05:00:00,0.0,42.9609326789066,0.0,48.62552183750089,0.0,0.0,38.394910120795046
2050-09-07 06:00:00,0.0,42.087019306060256,0.0,48.62552183750089,0.0,0.0,38.394910120795046
2050-09-07 07:00:00,0.0,41.96420365554491,0.0,48.62552183750089,0.0,0.0,38.394910120795046
2050-09-07 08:00:00,0.0,40.00175024218902,0.0,48.62552183750089,0.0,0.0,38.394910120795046
2050-09-07 09:00:00,0.0,29.16329085986854,0.0,48.62552183750089,0.0,0.0,38.394910120795046
2050-09-07 10:00:00,0.0,37.70748950259781,0.0,48.62552183750089,0.0,0.0,38.394910120795046
2050-09-07 11:00:00,0.0,30.865448892569475,0.0,48.62552183750089,0.0,0.0,38.394910120795046
2050-09-07 12:00:00,0.0,37.239676826708546,0.0,48.62552183750089,0.0,0.0,38.394910120795046
2050-09-07 13:00:00,0.0,35.57512689313603,0.0,32.174709770898154,0.0,0.0,32.831336500916485
2050-09-07 14:00:00,0.0,36.99995963436163,0.0,25.930457486592378,0.0,0.0,26.459650496522833
2050-09-07 15:00:00,0.0,36.832757440862,0.0,0.0,0.0,0.0,0.0
2050-09-07 16:00:00,0.0,37.63605435619138,23.622436288046448,0.0,0.0,0.0,0.0
2050-09-07 17:00:00,0.0,38.585282046312614,12.063689135526538,0.0,0.0,0.0,0.0
2050-09-07 18:00:00,0.0,40.931319308887396,0.0,0.0,0.0,0.0,0.0
2050-09-07 19:00:00,0.0,40.72410306113147,22.48346368289579,0.0,0.0,0.0,0.0
2050-09-07 20:00:00,0.0,43.07906311551119,0.0,0.0,0.0,0.0,0.0
2050-09-07 21:00:00,0.0,43.45770838168664,10.939573452962806,0.0,0.0,0.0,0.0
2050-09-07 22:00:00,0.0,44.735065591765306,0.0,0.0,0.0,0.0,0.0
2050-09-07 23:00:00,0.0,45.67625176772003,0.0,0.0,0.0,0.0,0.0
2050-09-08 00:00:00,0.0,46.533211118065765,0.0,0.0,0.0,0.0,0.0
2050-09-08 01:00:00,0.0,42.7835233697142,5.275837992406416,0.0,0.0,0.0,0.0
2050-09-08 02:00:00,0.0,44.72447078524647,4.819334175055367,0.0,0.0,0.0,0.0
2050-09-08 03:00:00,0.0,46.16584744077659,7.014351230612142,0.0,0.0,0.0,0.0
2050-09-08 04:00:00,0.0,44.632347708922,5.944743834766662,0.0,0.0,0.0,0.0
2050-09-08 05:00:00,0.0,41.47404389654139,0.0,0.0,0.0,0.0,0.0
2050-09-08 06:00:00,0.0,42.82557974127735,0.0,0.0,0.0,0.0,0.0
2050-09-08 07:00:00,0.0,40.55715631444309,0.0,0.0,0.0,0.0,0.0
2050-09-08 08:00:00,0.0,39.729763614451485,0.0,0.0,0.0,0.0,0.0
2050-09-08 09:00:00,0.0,39.13692508273493,0.0,0.0,0.0,0.0,0.0
2050-09-08 10:00:00,0.0,36.73109236945652,0.0,0.0,0.0,0.0,0.0
2050-09-08 11:00:00,0.0,37.417113547932104,0.0,0.0,0.0,0.0,0.0
2050-09-08 12:00:00,0.0,36.108835917334545,11.840079394492987,0.0,0.0,0.0,0.0
2050-09-08 13:00:00,0.0,36.41215678522917,29.965950781578407,0.0,0.0,0.0,0.0
2050-09-08 14:00:00,0.0,36.6753151935211,37.7380692639674,0.0,0.0,0.0,0.0
2050-09-08 15:00:00,0.0,34.53341446098307,37.7380692639674,0.0,0.0,0.0,0.0
2050-09-08 16:00:00,0.0,38.00729002814137,37.7380692639674,0.0,0.0,0.0,0.0
2050-09-08 17:00:00,0.0,38.294985374427824,37.7380692639674,0.0,0.0,0.0,0.0
2050-09-08 18:00:00,0.0,40.92911066478746,37.7380692639674,0.0,0.0,0.0,0.0
2050-09-08 19:00:00,0.0,42.11460220359777,26.64527336869653,0.0,0.0,0.0,0.0
2050-09-08 20:00:00,0.0,42.622463361224845,12.589252761282125,0.0,0.0,0.0,0.0
2050-09-08 21:00:00,0.0,43.2496440519717,0.0,16.712365079839888,0.0,0.0,0.0
2050-09-08 22:00:00,0.0,44.41025102738604,0.0,29.111821248988697,0.0,0.0,0.0
2050-09-08 23:00:00,0.0,47.42185111263893,0.0,48.551247033420346,0.0,0.0,0.0
2050-09-09 00:00:00,0.0,44.77833147670731,0.0,46.22252099372228,0.0,0.0,0.0
2050-09-09 01:00:00,0.0,47.45685056112575,0.0,48.62552183750089,0.0,0.0,0.0
2050-09-09 02:00:00,0.0,45.40864761303692,0.0,48.62552183750089,0.0,0.0,9.91184596944762
2050-09-09 03:00:00,0.0,46.58464232150686,0.0,23.52061523202442,0.0,0.0,0.0
2050-09-09 04:00:00,0.0,44.562924255500775,0.0,0.0,0.0,0.0,38.394910120795046
2050-09-09 05:00:00,0.0,44.917542404722326,0.0,0.0,0.0,0.0,38.394910120795046
2050-09-09 06:00:00,0.0,41.39926595611337,0.0,0.0,0.0,0.0,38.394910120795046
2050-09-09 07:00:00,0.0,40.25604629210625,0.0,0.0,0.0,0.0,0.0
2050-09-09 08:00:00,0.0,40.64433383953633,0.0,0.0,0.0,0.0,38.394910120795046
2050-09-09 09:00:00,0.0,39.02804032959807,0.0,0.0,0.0,0.0,0.0
2050-09-09 10:00:00,0.0,37.08700260170713,0.0,0.0,0.0,0.0,0.0
2050-09-09 11:00:00,0.0,37.51814942352462,0.0,0.0,0.0,0.0,0.0
2050-09-09 12:00:00,0.0,36.31818350927688,0.0,0.0,0.0,0.0,0.0
2050-09-09 13:00:00,0.0,37.425673650735234,0.0,0.0,0.0,0.0,0.0
2050-09-09 14:00:00,0.0,36.04000475630869,2.7942722700044627,0.0,0.0,0.0,0.0
2050-09-09 15:00:00,0.0,36.87639804268724,7.242718104280584,0.0,0.0,0.0,0.0
2050-09-09 16:00:00,0.0,37.151561137289036,4.740792925554338,0.0,0.0,0.0,0.0
2050-09-09 17:00:00,0.0,37.639046101239956,1.2791283233604211,0.0,0.0,0.0,0.0
2050-09-09 18:00:00,0.0,39.87042698888331,26.13880844524677,0.0,0.0,0.0,0.0
2050-09-09 19:00:00,0.0,40.93065539343934,8.49906177647226,0.0,0.0,0.0,0.0
2050-09-09 20:00:00,0.0,42.77255410164139,12.256207097866554,0.0,0.0,0.0,0.0
2050-09-09 21:00:00,0.0,44.705069570521346,0.0,2.8340525705981756,0.0,0.0,0.0
2050-09-09 22:00:00,0.0,45.08298841615829,0.0,48.62552183750089,0.0,0.0,0.0
2050-09-09 23:00:00,0.0,44.500443866699015,0.0,48.62552183750089,0.0,0.0,25.434177838556998
2050-09-10 00:00:00,0.0,43.62242590951723,0.0,48.62552183750089,0.0,0.0,38.394910120795046
2050-09-10 01:00:00,0.0,43.48216435522886,0.0,43.7763735961662,0.0,0.0,38.394910120795046
2050-09-10 02:00:00,0.0,43.27399726765907,0.0,45.57533565006228,0.0,0.0,38.394910120795046
2050-09-10 03:00:00,0.0,42.9925345659758,0.0,43.814881755180785,0.0,0.0,38.394910120795046
2050-09-10 04:00:00,0.0,41.0133001379113,0.0,39.10306168775718,0.0,0.0,0.0
2050-09-10 05:00:00,0.0,42.81740432558945,0.0,47.37131891719876,0.0,0.0,0.0
2050-09-10 06:00:00,0.0,40.34145127740362,0.0,14.65360553911467,0.0,0.0,14.952658713382316
2050-09-10 07:00:00,0.0,37.72372465802482,0.0,37.62701191837915,0.0,0.0,38.394910120795046
2050-09-10 08:00:00,0.0,38.17607058187741,0.0,0.0,0.0,0.0,0.6545940130592974
2050-09-10 09:00:00,0.0,35.7737173496007,0.0,38.26819330011085,0.0,0.0,38.394910120795046
2050-09-10 10:00:00,0.0,34.065830299697154,0.0,0.0,0.0,0.0,0.0
2050-09-10 11:00:00,0.0,33.27999325721248,0.0,0.0,0.0,0.0,0.0
2050-09-10 12:00:00,0.0,33.87306252286089,0.0,0.0,0.0,0.0,0.0
2050-09-10 13:00:00,0.0,34.87110011928871,0.0,0.0,0.0,0.0,0.0
2050-09-10 14:00:00,0.0,34.46073039295379,0.0,0.0,0.0,0.0,0.0
2050-09-10 15:00:00,0.0,35.65340954582143,0.0,0.0,0.0,0.0,0.0
2050-09-10 16:00:00,0.0,35.086467351417014,0.0,0.0,0.0,0.0,0.0
2050-09-10 17:00:00,0.0,35.44928925045019,0.0,0.0,0.0,0.0,0.0
2050-09-10 18:00:00,0.0,35.9154683212214,0.0,0.0,0.0,0.0,0.0
2050-09-10 19:00:00,0.0,40.11950709551411,0.0,0.0,0.0,0.0,0.0
2050-09-10 20:00:00,0.0,39.137410994012725,0.0,0.0,0.0,0.0,0.0
2050-09-10 21:00:00,0.0,40.538053006062,0.0,0.0,0.0,0.0,0.0
2050-09-10 22:00:00,0.0,39.91572094579374,0.0,0.0,0.0,0.0,0.0
2050-09-10 23:00:00,0.0,42.16248152448679,0.0,0.0,0.0,0.0,0.0
2050-09-11 00:00:00,0.0,42.70699472221804,0.0,0.0,0.0,0.0,0.0
2050-09-11 01:00:00,0.0,44.1482840561182,0.0,0.0,0.0,0.0,0.0
2050-09-11 02:00:00,0.0,43.156413755794574,28.92541333739714,0.0,0.0,20.247789336177995,0.0
2050-09-11 03:00:00,0.0,41.917474434736505,25.038037084633856,0.0,0.0,17.5266259592437,0.0
2050-09-11 04:00:00,0.0,43.095874334582504,37.7380692639674,0.0,0.0,20.247789336177995,0.0
2050-09-11 05:00:00,0.0,39.44013461843383,20.11716373879016,0.0,0.0,20.247789336177995,0.0
2050-09-11 06:00:00,0.0,39.05571670145878,37.7380692639674,0.0,0.0,20.247789336177995,0.0
2050-09-11 07:00:00,0.0,38.076352039712674,37.7380692639674,0.0,0.0,20.247789336177995,0.0
2050-09-11 08:00:00,0.0,37.485140572084674,37.7380692639674,0.0,0.0,20.247789336177995,0.0
2050-09-11 09:00:00,0.0,35.80914275241457,37.7380692639674,0.0,0.0,20.247789336177995,0.0
2050-09-11 10:00:00,0.0,36.834478477957646,37.7380692639674,0.0,0.0,20.247789336177995,0.0
2050-09-11 11:00:00,0.0,34.394817180993186,37.7380692639674,0.0,0.0,20.247789336177995,0.0
2050-09-11 12:00:00,0.0,34.667292280228594,37.7380692639674,0.0,0.0,20.247789336177995,0.0
2050-09-11 13:00:00,0.0,33.64931491940956,37.7380692639674,0.0,0.0,20.247789336177995,0.0
2050-09-11 14:00:00,0.0,33.61093741654213,37.7380692639674,0.0,0.0,20.247789336177995,0.0
2050-09-11 15:00:00,0.0,35.73779226782949,37.7380692639674,0.0,0.0,20.247789336177995,0.0
2050-09-11 16:00:00,0.0,35.48683439154479,37.7380692639674,0.0,0.0,20.247789336177995,0.0
2050-09-11 17:00:00,0.0,36.74803627663778,37.7380692639674,0.0,0.0,20.247789336177995,0.0
2050-09-11 18:00:00,0.0,37.27251808471556,37.7380692639674,0.0,0.0,20.247789336177995,0.0
2050-09-11 19:00:00,0.0,38.966984202290405,37.7380692639674,0.0,0.0,20.247789336177995,0.0
2050-09-11 20:00:00,0.0,39.24443202271209,37.7380692639674,0.0,0.0,20.247789336177995,0.0
2050-09-11 21:00:00,0.0,39.33450309177147,37.7380692639674,0.0,0.0,20.247789336177995,0.0
2050-09-11 22:00:00,0.0,41.28250971780062,37.7380692639674,0.0,0.0,0.0,0.0
2050-09-11 23:00:00,0.0,42.856471523148,37.7380692639674,0.0,0.0,0.0,0.0
2050-09-12 00:00:00,0.0,43.80725881758326,37.7380692639674,0.0,0.0,0.0,0.0
2050-09-12 01:00:00,0.0,46.82922932986958,32.14700007762314,0.0,0.0,0.0,0.0
2050-09-12 02:00:00,0.0,45.209032754260534,14.232629014495622,0.0,0.0,0.0,19.544256457866325
2050-09-12 03:00:00,0.0,45.622644581900886,0.0,3.6606321705526503,0.0,0.0,38.394910120795046
2050-09-12 04:00:00,0.0,43.595952771418524,0.0,25.606682167124443,0.0,0.0,38.394910120795046
2050-09-12 05:00:00,0.0,43.204530636966865,0.0,34.284349776398514,0.0,0.0,35.12411550959774
2050-09-12 06:00:00,0.0,43.086662219096524,0.0,40.84858693295615,0.0,0.0,0.0
2050-09-12 07:00:00,0.0,40.73656662840608,0.0,39.66582327841253,0.0,0.0,0.0
2050-09-12 08:00:00,0.0,39.616780765902604,0.0,6.708256052200615,0.0,0.0,38.394910120795046
2050-09-12 09:00:00,0.0,38.33700865694482,0.0,0.0,0.0,0.0,21.99480882880192
2050-09-12 10:00:00,0.0,35.95974080136057,0.0,0.0,0.0,0.0,0.0
2050-09-12 11:00:00,0.0,37.30169861345894,0.0,0.0,0.0,0.0,0.0
2050-09-12 12:00:00,0.0,35.920597199656186,0.0,0.0,0.0,0.0,0.0
2050-09-12 13:00:00,0.0,37.965239263700596,0.0,0.0,0.0,0.0,0.0
2050-09-12 14:00:00,0.0,36.75013185491548,0.0,0.0,0.0,0.0,0.0
2050-09-12 15:00:00,0.0,36.17834669797821,17.17487731545522,0.0,0.0,0.0,0.0
2050-09-12 16:00:00,0.0,38.22747052709019,19.367577170056137,0.0,0.0,0.0,0.0
2050-09-12 17:00:00,0.0,38.268189213484675,0.0,0.0,0.0,0.0,0.0
2050-09-12 18:00:00,0.0,39.74450516394927,5.801365694456231,0.0,0.0,0.0,0.0
2050-09-12 19:00:00,0.0,41.68254372573756,0.19611917572465895,0.0,0.0,0.0,0.0
2050-09-12 20:00:00,0.0,42.477338840339826,0.0,3.5438005305700604,0.0,0.0,3.7562081158952476
2050-09-12 21:00:00,0.0,43.29894836612175,0.0,11.936890054298303,0.0,0.0,12.32058518092406
2050-09-12 22:00:00,0.0,43.42899770705799,0.0,45.99865978727905,0.0,0.0,38.394910120795046
2050-09-12 23:00:00,0.0,46.54666035558398,0.0,48.62552183750089,0.0,0.0,38.394910120795046
2050-09-13 00:00:00,0.0,46.00148095671352,0.0,48.62552183750089,0.0,0.0,38.394910120795046
2050-09-13 01:00:00,0.0,44.97782203540737,0.0,45.506641240196686,0.0,0.0,31.618789425125467
2050-09-13 02:00:00,0.0,45.49717692953095,0.0,48.62552183750089,0.0,0.0,38.394910120795046
2050-09-13 03:00:00,0.0,44.94423646732048,0.0,48.62552183750089,0.0,0.0,0.0
2050-09-13 04:00:00,0.0,45.298072549858944,0.0,48.62552183750089,0.0,0.0,0.0
2050-09-13 05:00:00,0.0,43.88423214114596,0.0,43.44095674571015,0.0,0.0,0.0
2050-09-13 06:00:00,0.0,41.730696364471896,0.0,39.42382810563784,0.0,0.0,0.0
2050-09-13 07:00:00,0.0,39.9442662973122,0.0,37.618011186998075,0.0,0.0,0.0
2050-09-13 08:00:00,0.0,39.82939676756723,0.0,0.0,0.0,0.0,0.0
2050-09-13 09:00:00,0.0,39.15032978876047,0.0,0.0,0.0,0.0,0.0
2050-09-13 10:00:00,0.0,37.99418191913128,0.0,0.0,0.0,0.0,0.0
2050-09-13 11:00:00,0.0,35.76268446751715,0.0,0.0,0.0,0.0,0.0
2050-09-13 12:00:00,0.0,35.84826522054277,0.0,0.0,0.0,0.0,0.0
2050-09-13 13:00:00,0.0,35.76542709124692,12.183178483700374,0.0,0.0,0.0,0.0
2050-09-13 14:00:00,0.0,36.21066689373765,18.29715572699275,0.0,0.0,0.0,0.0
2050-09-13 15:00:00,0.0,35.380423729657196,37.7380692639674,0.0,0.0,20.247789336177995,0.0
2050-09-13 16:00:00,0.0,37.562130949985885,37.7380692639674,0.0,0.0,0.0,0.0
2050-09-13 17:00:00,0.0,37.36356106970811,14.096141949358582,0.0,0.0,20.247789336177995,0.0
2050-09-13 18:00:00,0.0,39.81442869165221,0.0,0.0,0.0,20.247789336177995,0.0
2050-09-13 19:00:00,0.0,42.534285818369426,25.000150465883973,0.0,0.0,20.247789336177995,0.0
2050-09-13 20:00:00,0.0,43.01013425083147,16.697098414725783,0.0,0.0,0.0,0.0
2050-09-13 21:00:00,0.0,42.963580034851475,0.0,0.0,0.0,0.0,0.0
2050-09-13 22:00:00,0.0,43.26657782144025,0.0,0.0,0.0,0.0,0.0
2050-09-13 23:00:00,0.0,44.53356645257554,0.0,0.0,0.0,0.0,38.394910120795046
2050-09-14 00:00:00,0.0,45.65316768832395,0.0,0.0,0.0,0.0,38.394910120795046
2050-09-14 01:00:00,0.0,47.21942795012069,0.0,0.0,0.0,0.0,2.5315408854170114
2050-09-14 02:00:00,0.0,43.31431976749741,0.0,0.0,0.0,0.0,0.0
2050-09-14 03:00:00,0.0,44.48575617846791,0.0,0.0,0.0,0.0,0.0
2050-09-14 04:00:00,0.0,43.9508011146786,0.0,0.0,0.0,20.247789336177995,0.0
2050-09-14 05:00:00,0.0,43.923853831498036,0.0,0.0,0.0,0.0,0.0
2050-09-14 06:00:00,0.0,42.00564854657296,0.0,0.0,0.0,0.0,0.0
2050-09-14 07:00:00,0.0,39.81112092533249,0.0,0.0,0.0,0.0,0.0
2050-09-14 08:00:00,0.0,40.16958287840771,5.901092795665775,0.0,0.0,0.0,0.0
2050-09-14 09:00:00,0.0,40.41457755861279,0.0,0.0,0.0,18.948649120464754,0.0
2050-09-14 10:00:00,0.0,37.45167327625836,11.134369280343506,0.0,0.0,0.0,0.0
2050-09-14 11:00:00,0.0,36.43843388678965,0.0,0.0,0.0,0.0,38.394910120795046
2050-09-14 12:00:00,0.0,36.14698804121144,0.0,0.0,0.0,0.0,0.0
2050-09-14 13:00:00,0.0,35.39633869012437,0.0,0.0,0.0,0.0,0.0
2050-09-14 14:00:00,0.0,35.92907143875436,0.0,0.0,0.0,0.0,0.0
2050-09-14 15:00:00,0.0,36.81827883377832,0.0,0.0,0.0,0.0,0.0
2050-09-14 16:00:00,0.0,38.146564810467,0.0,0.0,0.0,0.0,0.0
2050-09-14 17:00:00,0.0,38.505071937112916,18.33669662247683,0.0,0.0,0.0,0.0
2050-09-14 18:00:00,0.0,37.78160829800413,3.2884435969346253,0.0,0.0,0.0,0.0
2050-09-14 19:00:00,0.0,39.57277261890431,7.56423928350948,0.0,0.0,0.0,0.0
2050-09-14 20:00:00,0.0,42.16603022283584,3.0295860465910707,0.0,0.0,0.0,0.0
2050-09-14 21:00:00,0.0,43.3984049632827,0.0,24.081796615517682,0.0,0.0,0.0
2050-09-14 22:00:00,0.0,44.938767560077395,0.0,45.80010793508359,0.0,0.0,0.0
2050-09-14 23:00:00,0.0,46.106525371790894,0.0,48.62552183750089,0.0,0.0,0.0
2050-09-15 00:00:00,0.0,44.793439312861665,0.0,22.92800792248447,0.0,0.0,0.0
2050-09-15 01:00:00,0.0,43.68556353561826,0.0,0.0,0.0,0.0,0.0
2050-09-15 02:00:00,0.0,45.16317362862492,0.0,0.0,0.0,0.0,0.0
2050-09-15 03:00:00,0.0,45.33069906806713,0.0,0.0,0.0,0.0,0.0
2050-09-15 04:00:00,0.0,45.658560342695864,0.0,0.0,0.0,0.0,0.0
2050-09-15 05:00:00,0.0,43.9148947010101,0.0,0.0,0.0,0.0,0.0
2050-09-15 06:00:00,0.0,43.03055151203034,0.0,0.0,0.0,0.0,0.0
2050-09-15 07:00:00,0.0,40.4939378363415,0.0,0.0,0.0,0.0,0.0
2050-09-15 08:00:00,0.0,38.51901237489392,0.0,0.0,0.0,0.0,0.0
2050-09-15 09:00:00,0.0,38.49492140077018,0.0,0.0,0.0,0.0,0.0
2050-09-15 10:00:00,0.0,37.13750129658365,0.0,0.0,0.0,0.0,0.0
2050-09-15 11:00:00,0.0,34.81009797828369,0.0,0.0,0.0,0.0,0.0
2050-09-15 12:00:00,0.0,36.6519110391298,0.0,0.0,0.0,0.0,0.0
2050-09-15 13:00:00,0.0,35.15652646076137,0.0,0.0,0.0,0.0,0.0
2050-09-15 14:00:00,0.0,36.524455578816514,0.0,0.0,0.0,0.0,0.0
2050-09-15 15:00:00,0.0,37.00474674313136,0.0,0.0,0.0,0.0,0.0
2050-09-15 16:00:00,0.0,37.37166404236427,18.602928225193914,0.0,0.0,0.0,0.0
2050-09-15 17:00:00,0.0,38.03815640836092,37.7380692639674,0.0,0.0,0.0,0.0
2050-09-15 18:00:00,0.0,40.21680208114617,21.644528331366303,0.0,0.0,0.0,0.0
2050-09-15 19:00:00,0.0,40.332966317286036,37.7380692639674,0.0,0.0,0.0,0.0
2050-09-15 20:00:00,0.0,42.314430989429866,37.7380692639674,0.0,0.0,0.0,0.0
2050-09-15 21:00:00,0.0,42.87539466078965,9.519110872171096,0.0,0.0,0.0,0.0
2050-09-15 22:00:00,0.0,43.76993810266936,14.635519502115775,0.0,0.0,0.0,0.0
2050-09-15 23:00:00,0.0,44.066739522182615,0.0,0.0,0.0,20.247789336177995,0.0
2050-09-16 00:00:00,0.0,46.018277431038314,0.0,0.0,0.0,0.0,19.840849266099486
2050-09-16 01:00:00,0.0,44.458721844692036,0.0,0.0,0.0,0.0,0.0
2050-09-16 02:00:00,0.0,47.20773541651329,0.0,0.0,0.0,0.0,0.0
2050-09-16 03:00:00,0.0,44.76803121156081,0.0,0.0,0.0,20.247789336177995,0.0
2050-09-16 04:00:00,0.0,43.56366853916893,0.0,0.0,0.0,0.0,0.0
2050-09-16 05:00:00,0.0,41.5719804977623,0.0,0.0,0.0,0.0,0.0
2050-09-16 06:00:00,0.0,42.82000054269179,8.459030049580248,0.0,0.0,0.0,0.0
2050-09-16 07:00:00,0.0,41.824897809780396,0.0,0.0,0.0,0.0,0.0
2050-09-16 08:00:00,0.0,39.694814942625044,0.0,0.0,0.0,0.0,0.0
2050-09-16 09:00:00,0.0,38.38147518266351,32.52196970398775,0.0,0.0,0.0,0.0
2050-09-16 10:00:00,0.0,36.74862816828363,37.7380692639674,0.0,0.0,0.0,0.0
2050-09-16 11:00:00,0.0,36.10237185609208,37.7380692639674,0.0,0.0,20.247789336177995,0.0
2050-09-16 12:00:00,0.0,35.60972807446956,37.7380692639674,0.0,0.0,0.0,0.0
2050-09-16 13:00:00,0.0,35.40731841890397,37.7380692639674,0.0,0.0,20.247789336177995,0.0
2050-09-16 14:00:00,0.0,36.35191915720884,37.7380692639674,0.0,0.0,12.692316610802305,0.0
2050-09-16 15:00:00,0.0,35.33609813238718,37.7380692639674,0.0,0.0,0.0,0.0
2050-09-16 16:00:00,0.0,37.638499854491556,37.7380692639674,0.0,0.0,20.247789336177995,0.0
2050-09-16 17:00:00,0.0,38.69213717195271,37.7380692639674,0.0,0.0,20.247789336177995,0.0
2050-09-16 18:00:00,0.0,38.906484539167195,37.7380692639674,0.0,0.0,20.247789336177995,0.0
2050-09-16 19:00:00,0.0,41.177827045492904,37.7380692639674,0.0,0.0,20.247789336177995,0.0
2050-09-16 20:00:00,0.0,41.60616643693288,37.7380692639674,0.0,0.0,20.247789336177995,0.0
2050-09-16 21:00:00,0.0,42.20986020629516,37.7380692639674,0.0,0.0,20.247789336177995,0.0
2050-09-16 22:00:00,0.0,43.81537377757809,32.508855002907175,0.0,0.0,20.247789336177995,0.0
2050-09-16 23:00:00,0.0,44.7472607673576,0.0,10.281206813747161,0.0,0.0,10.631112486484076
2050-09-17 00:00:00,0.0,42.18680328417145,0.0,43.68960007950098,0.0,0.0,8.033509136050343
2050-09-17 01:00:00,0.0,43.03245454277612,0.0,48.62552183750089,0.0,0.0,38.394910120795046
2050-09-17 02:00:00,0.0,43.47697504873281,0.0,48.62552183750089,0.0,0.0,38.394910120795046
2050-09-17 03:00:00,0.0,43.21133531044393,0.0,48.62552183750089,0.0,0.0,38.394910120795046
2050-09-17 04:00:00,0.0,42.001715013919465,0.0,48.62552183750089,0.0,0.0,38.394910120795046
2050-09-17 05:00:00,0.0,39.82319021459921,0.0,48.62552183750089,0.0,0.0,38.394910120795046
2050-09-17 06:00:00,0.0,39.156866716943796,0.0,48.62552183750089,0.0,0.0,0.0
2050-09-17 07:00:00,0.0,38.719263456723866,0.0,48.62552183750089,0.0,0.0,0.0
2050-09-17 08:00:00,0.0,36.79595481992237,0.0,46.804000952531915,0.0,0.0,0.0
2050-09-17 09:00:00,0.0,35.95563656673471,0.0,36.63379724808233,0.0,0.0,0.0
2050-09-17 10:00:00,0.0,33.19791300914585,0.0,0.0,0.0,0.0,0.0
2050-09-17 11:00:00,0.0,33.39871458497487,0.0,2.1673035051501603,0.0,0.0,0.0
2050-09-17 12:00:00,0.0,34.24787350171505,0.0,0.0,0.0,0.0,0.0
2050-09-17 13:00:00,0.0,33.40305295843564,0.0,0.0,0.0,0.0,0.0
2050-09-17 14:00:00,0.0,34.79199138698323,0.0,0.0,0.0,0.0,0.0
2050-09-17 15:00:00,0.0,34.82305478684634,0.0,0.0,0.0,0.0,0.0
2050-09-17 16:00:00,0.0,34.9993019549554,0.0,0.0,0.0,0.0,0.0
2050-09-17 17:00:00,0.0,35.93222252162468,0.0,0.0,0.0,0.0,0.0
2050-09-17 18:00:00,0.0,37.89932698966595,0.0,0.0,0.0,0.0,0.0
2050-09-17 19:00:00,0.0,38.31586279849125,0.0,0.0,0.0,0.0,0.0
2050-09-17 20:00:00,0.0,38.77406569903792,0.0,0.0,0.0,0.0,0.0
2050-09-17 21:00:00,0.0,41.41220165310415,0.0,0.0,0.0,0.0,0.0
2050-09-17 22:00:00,0.0,42.16982824129718,0.0,0.0,0.0,0.0,0.0
2050-09-17 23:00:00,0.0,42.30871392789163,0.0,0.0,0.0,0.0,0.0
2050-09-18 00:00:00,0.0,42.64209821567238,0.0,0.0,0.0,0.0,0.0
2050-09-18 01:00:00,0.0,43.0725672251308,0.0,0.0,0.0,0.0,0.0
2050-09-18 02:00:00,0.0,41.67299111043053,0.0,0.0,0.0,0.0,0.0
2050-09-18 03:00:00,0.0,42.115940400917225,0.0,0.0,0.0,0.0,0.0
2050-09-18 04:00:00,0.0,41.014190975054134,0.0,0.0,0.0,0.0,0.0
2050-09-18 05:00:00,0.0,40.17845145554179,0.0,0.0,0.0,0.0,0.0
2050-09-18 06:00:00,0.0,40.03048917781052,0.0,0.0,0.0,0.0,0.0
2050-09-18 07:00:00,0.0,37.411379827012524,0.0,0.0,0.0,0.0,0.0
2050-09-18 08:00:00,0.0,38.26063462658317,0.0,0.0,0.0,0.0,0.0
2050-09-18 09:00:00,0.0,36.53111332579192,0.0,0.0,0.0,0.0,0.0
2050-09-18 10:00:00,0.0,34.46343078125369,0.0,0.0,0.0,0.0,0.0
2050-09-18 11:00:00,0.0,35.25822938605802,0.0,0.0,0.0,0.0,0.0
2050-09-18 12:00:00,0.0,33.09123792658943,0.0,0.0,0.0,0.0,0.0
2050-09-18 13:00:00,0.0,33.85697110359183,0.0,0.0,0.0,0.0,0.0
2050-09-18 14:00:00,0.0,33.5289031261575,0.0,0.0,0.0,0.0,0.0
2050-09-18 15:00:00,0.0,35.353141003188966,0.0,0.0,0.0,0.0,0.0
2050-09-18 16:00:00,0.0,35.26362400405537,0.0,0.0,0.0,0.0,0.0
2050-09-18 17:00:00,0.0,36.51655824448426,0.0,0.0,0.0,0.0,0.0
2050-09-18 18:00:00,0.0,37.052600674727046,0.0,0.0,0.0,0.0,0.0
2050-09-18 19:00:00,0.0,38.72922982797763,0.0,0.0,0.0,0.0,0.0
2050-09-18 20:00:00,0.0,39.79311446785573,0.0,0.0,0.0,0.0,0.0
2050-09-18 21:00:00,0.0,40.61285854003859,0.0,0.0,0.0,0.0,0.0
2050-09-18 22:00:00,0.0,41.26713780492423,0.0,0.0,0.0,0.0,0.0
2050-09-18 23:00:00,0.0,41.63798723755281,0.0,0.0,0.0,0.0,0.0
2050-09-19 00:00:00,0.0,44.508719025650635,0.0,0.0,0.0,0.0,0.0
2050-09-19 01:00:00,0.0,45.5862650870572,0.0,0.0,0.0,0.0,0.0
2050-09-19 02:00:00,0.0,43.72462352250977,0.0,0.0,0.0,0.0,0.0
2050-09-19 03:00:00,0.0,45.53901752060074,0.0,0.0,0.0,0.0,0.0
2050-09-19 04:00:00,0.0,43.78296301470664,0.0,0.0,0.0,0.0,0.0
2050-09-19 05:00:00,0.0,42.775517535247445,0.0,0.0,0.0,0.0,0.0
2050-09-19 06:00:00,0.0,43.14175794491598,0.0,0.0,0.0,0.0,0.0
2050-09-19 07:00:00,0.0,40.798694250489234,0.0,0.0,0.0,0.0,0.0
2050-09-19 08:00:00,0.0,39.08728334991861,0.0,0.0,0.0,0.0,0.0
2050-09-19 09:00:00,0.0,37.88649190894671,0.0,0.0,0.0,0.0,0.0
2050-09-19 10:00:00,0.0,38.163129456875595,0.0,0.0,0.0,0.0,0.0
2050-09-19 11:00:00,0.0,37.83337395853164,0.0,0.0,0.0,0.0,0.0
2050-09-19 12:00:00,0.0,36.09986825869669,0.0,0.0,0.0,0.0,0.0
2050-09-19 13:00:00,0.0,35.922865895635596,0.0,0.0,0.0,0.0,0.0
2050-09-19 14:00:00,0.0,35.73723951159468,0.0,0.0,0.0,0.0,0.0
2050-09-19 15:00:00,0.0,36.477131962634076,0.0,0.0,0.0,0.0,0.0
2050-09-19 16:00:00,0.0,36.658489003179966,0.0,0.0,0.0,0.0,0.0
2050-09-19 17:00:00,0.0,38.76182068270123,0.0,0.0,0.0,0.0,0.0
2050-09-19 18:00:00,0.0,37.86347886003182,0.0,0.0,0.0,0.0,0.0
2050-09-19 19:00:00,0.0,40.64107006455947,0.0,0.0,0.0,0.0,0.0
2050-09-19 20:00:00,0.0,42.230347895433624,0.0,0.0,0.0,0.0,0.0
2050-09-19 21:00:00,0.0,43.11396073862329,0.0,0.0,0.0,0.0,0.0
2050-09-19 22:00:00,0.0,44.84443596942219,0.0,0.0,0.0,0.0,0.0
2050-09-19 23:00:00,0.0,45.64023978328714,0.0,0.0,0.0,0.0,0.0
2050-09-20 00:00:00,0.0,43.53482589035343,0.0,0.0,0.0,0.0,0.0
2050-09-20 01:00:00,0.0,44.1171688873967,0.0,0.0,0.0,0.0,0.0
2050-09-20 02:00:00,0.0,45.25377303411824,0.0,0.0,0.0,0.0,0.0
2050-09-20 03:00:00,0.0,43.01430770780121,0.0,0.0,0.0,0.0,0.0
2050-09-20 04:00:00,0.0,43.25038663838495,0.0,0.0,0.0,0.0,0.0
2050-09-20 05:00:00,0.0,41.94995886214474,0.0,0.0,0.0,0.0,0.0
2050-09-20 06:00:00,0.0,42.47967161857741,0.0,0.0,0.0,0.0,0.0
2050-09-20 07:00:00,0.0,39.565539428610236,0.0,0.0,0.0,0.0,0.0
2050-09-20 08:00:00,0.0,39.566929064624674,0.0,0.0,0.0,0.0,0.0
2050-09-20 09:00:00,0.0,38.71597470071447,0.0,0.0,0.0,0.0,0.0
2050-09-20 10:00:00,0.0,36.058894560389945,0.0,0.0,0.0,0.0,0.0
2050-09-20 11:00:00,0.0,35.83287855630488,0.0,0.0,0.0,0.0,0.0
2050-09-20 12:00:00,0.0,34.97666833667745,0.0,0.0,0.0,0.0,0.0
2050-09-20 13:00:00,0.0,35.07186019469805,0.0,0.0,0.0,0.0,0.0
2050-09-20 14:00:00,0.0,35.48673887945938,0.0,0.0,0.0,0.0,0.0
2050-09-20 15:00:00,0.0,37.19873169048901,0.0,0.0,0.0,0.0,0.0
2050-09-20 16:00:00,0.0,36.82514517454433,0.0,0.0,0.0,0.0,0.0
2050-09-20 17:00:00,0.0,38.485698886813,0.0,0.0,0.0,0.0,0.0
2050-09-20 18:00:00,0.0,39.494362772971954,0.0,0.0,0.0,0.0,0.0
2050-09-20 19:00:00,0.0,40.69368455723361,0.0,0.0,0.0,0.0,0.0
2050-09-20 20:00:00,0.0,41.74039609599345,0.0,0.0,0.0,0.0,0.0
2050-09-20 21:00:00,0.0,42.81256546601594,0.0,0.0,0.0,0.0,0.0
2050-09-20 22:00:00,0.0,44.59349667706715,0.0,0.0,0.0,0.0,0.0
2050-09-20 23:00:00,0.0,44.01566006807502,0.0,0.0,0.0,0.0,0.0
2050-09-21 00:00:00,0.0,44.47968055944466,0.0,0.0,0.0,0.0,0.0
2050-09-21 01:00:00,0.0,44.7598703487904,0.0,0.0,0.0,0.0,0.0
2050-09-21 02:00:00,0.0,44.35079384354958,0.0,0.0,0.0,0.0,0.0
2050-09-21 03:00:00,0.0,45.86092352185574,0.0,0.0,0.0,0.0,0.0
2050-09-21 04:00:00,0.0,43.26846581433824,0.0,0.0,0.0,0.0,0.0
2050-09-21 05:00:00,0.0,42.82099887547088,0.0,0.0,0.0,0.0,0.0
2050-09-21 06:00:00,0.0,40.99183698816273,0.0,0.0,0.0,0.0,0.0
2050-09-21 07:00:00,0.0,40.328200872852676,0.0,0.0,0.0,0.0,0.0
2050-09-21 08:00:00,0.0,39.3487429273041,0.0,0.0,0.0,0.0,0.0
2050-09-21 09:00:00,0.0,38.52735677756914,0.0,0.0,0.0,0.0,0.0
2050-09-21 10:00:00,0.0,36.35001611860821,0.0,0.0,0.0,0.0,0.0
2050-09-21 11:00:00,0.0,35.743146983453016,0.0,0.0,0.0,0.0,0.0
2050-09-21 12:00:00,0.0,35.7807502229432,0.0,0.0,0.0,0.0,0.0
2050-09-21 13:00:00,0.0,34.86818345882011,0.0,0.0,0.0,0.0,0.0
2050-09-21 14:00:00,0.0,35.63203798201607,0.0,0.0,0.0,0.0,0.0
2050-09-21 15:00:00,0.0,36.114294458974655,0.0,0.0,0.0,0.0,0.0
2050-09-21 16:00:00,0.0,38.32415270567071,0.0,0.0,0.0,0.0,0.0
2050-09-21 17:00:00,0.0,37.410268237955506,0.0,0.0,0.0,0.0,0.0
2050-09-21 18:00:00,0.0,38.762898405542046,0.0,0.0,0.0,0.0,0.0
2050-09-21 19:00:00,0.0,39.60038587793042,0.0,0.0,0.0,0.0,0.0
2050-09-21 20:00:00,0.0,42.19823261595889,0.0,0.0,0.0,0.0,0.0
2050-09-21 21:00:00,0.0,41.649785060220665,0.0,0.0,0.0,0.0,0.0
2050-09-21 22:00:00,0.0,42.6765242335739,0.0,0.0,0.0,0.0,0.0
2050-09-21 23:00:00,0.0,44.41159597476167,0.0,0.0,0.0,0.0,0.0
2050-09-22 00:00:00,0.0,44.74789722389596,0.0,0.0,0.0,0.0,0.0
2050-09-22 01:00:00,0.0,46.51027583596192,0.0,0.0,0.0,0.0,0.0
2050-09-22 02:00:00,0.0,44.41203867356762,0.0,0.0,0.0,0.0,0.0
2050-09-22 03:00:00,0.0,44.24066440012143,0.0,0.0,0.0,0.0,0.0
2050-09-22 04:00:00,0.0,44.449551291979105,0.0,0.0,0.0,0.0,0.0
2050-09-22 05:00:00,0.0,42.402563249848754,0.0,0.0,0.0,0.0,0.0
2050-09-22 06:00:00,0.0,41.10077840085114,0.0,0.0,0.0,0.0,0.0
2050-09-22 07:00:00,0.0,40.33493543818645,0.0,0.0,0.0,0.0,0.0
2050-09-22 08:00:00,0.0,40.467104996857415,0.0,0.0,0.0,0.0,0.0
2050-09-22 09:00:00,0.0,37.57836145453416,0.0,0.0,0.0,0.0,0.0
2050-09-22 10:00:00,0.0,36.988830965649186,0.0,0.0,0.0,0.0,0.0
2050-09-22 11:00:00,0.0,36.12876217421558,0.0,0.0,0.0,0.0,0.0
2050-09-22 12:00:00,0.0,36.367069648925735,0.0,0.0,0.0,0.0,0.0
2050-09-22 13:00:00,0.0,34.687395367024465,0.0,0.0,0.0,0.0,0.0
2050-09-22 14:00:00,0.0,36.48260685261789,0.0,0.0,0.0,0.0,0.0
2050-09-22 15:00:00,0.0,36.08048356984864,0.0,0.0,0.0,0.0,0.0
2050-09-22 16:00:00,0.0,36.446605162232345,0.0,0.0,0.0,0.0,0.0
2050-09-22 17:00:00,0.0,38.307374470902005,0.0,0.0,0.0,0.0,0.0
2050-09-22 18:00:00,0.0,38.666997942414355,0.0,0.0,0.0,0.0,0.0
2050-09-22 19:00:00,0.0,39.99730639905988,0.0,0.0,0.0,0.0,0.0
2050-09-22 20:00:00,0.0,40.57468496817751,0.0,0.0,0.0,0.0,0.0
2050-09-22 21:00:00,0.0,43.13276611908577,0.0,0.0,0.0,0.0,0.0
2050-09-22 22:00:00,0.0,44.50571679505401,0.0,0.0,0.0,0.0,0.0
2050-09-22 23:00:00,0.0,44.073783078491715,0.0,0.0,0.0,0.0,0.0
2050-09-23 00:00:00,0.0,43.38231698003392,0.0,0.0,0.0,0.0,0.0
2050-09-23 01:00:00,0.0,44.928244858600465,0.0,0.0,0.0,0.0,0.0
2050-09-23 02:00:00,0.0,45.346650925638414,0.0,0.0,0.0,0.0,0.0
2050-09-23 03:00:00,0.0,45.35147954720628,0.0,0.0,0.0,0.0,0.0
2050-09-23 04:00:00,0.0,44.47504264295617,0.0,0.0,0.0,0.0,0.0
2050-09-23 05:00:00,0.0,42.27780053072388,0.0,0.0,0.0,0.0,0.0
2050-09-23 06:00:00,0.0,40.34608317411835,0.0,0.0,0.0,0.0,0.0
2050-09-23 07:00:00,0.0,41.75483163788613,0.0,0.0,0.0,0.0,0.0
2050-09-23 08:00:00,0.0,39.25182702944653,0.0,0.0,0.0,0.0,0.0
2050-09-23 09:00:00,0.0,37.64389859306857,11.216852136839435,0.0,0.0,0.0,0.0
2050-09-23 10:00:00,0.0,36.52930148024484,0.0,7.480671849968465,0.0,0.0,0.0
2050-09-23 11:00:00,0.0,36.53579230945388,0.0,0.36701514819746056,0.0,0.0,0.0
2050-09-23 12:00:00,0.0,36.337064171570546,0.0,0.0,0.0,0.0,0.0
2050-09-23 13:00:00,0.0,35.186264918150755,0.0,0.0,0.0,0.0,0.0
2050-09-23 14:00:00,0.0,35.58561898422363,0.0,0.0,0.0,0.0,0.0
2050-09-23 15:00:00,0.0,36.73781062407579,0.0,0.0,0.0,0.0,0.0
2050-09-23 16:00:00,0.0,37.42473044668577,0.0,0.0,0.0,0.0,0.0
2050-09-23 17:00:00,0.0,39.38835681143178,0.0,0.0,0.0,0.0,0.0
2050-09-23 18:00:00,0.0,38.25752645977832,0.0,0.0,0.0,0.0,0.0
2050-09-23 19:00:00,0.0,41.332728772965766,0.0,0.0,0.0,0.0,0.0
2050-09-23 20:00:00,0.0,41.636327457239304,0.0,0.0,0.0,0.0,0.0
2050-09-23 21:00:00,0.0,41.03980711774739,0.0,0.0,0.0,0.0,0.0
2050-09-23 22:00:00,0.0,44.92960576671976,0.0,0.0,0.0,0.0,0.0
2050-09-23 23:00:00,0.0,44.14443661475434,0.0,0.0,0.0,0.0,0.0
2050-09-24 00:00:00,0.0,43.633179005551256,0.0,0.0,0.0,0.0,0.0
2050-09-24 01:00:00,0.0,42.764494120012614,0.0,0.0,0.0,0.0,0.0
2050-09-24 02:00:00,0.0,42.42789632992799,0.0,0.0,0.0,0.0,0.0
2050-09-24 03:00:00,0.0,42.727956382747834,0.0,0.0,0.0,0.0,0.0
2050-09-24 04:00:00,0.0,41.086240050372,0.0,0.0,0.0,0.0,0.0
2050-09-24 05:00:00,0.0,41.506396881723504,0.0,0.0,0.0,0.0,0.0
2050-09-24 06:00:00,0.0,39.51454420941968,0.0,0.0,0.0,0.0,0.0
2050-09-24 07:00:00,0.0,36.34956981391656,0.0,0.0,0.0,0.0,0.0
2050-09-24 08:00:00,0.0,36.65226918008875,0.0,0.0,0.0,0.0,0.0
2050-09-24 09:00:00,0.0,35.84868266655235,0.0,0.0,0.0,0.0,0.0
2050-09-24 10:00:00,0.0,34.77432016798912,0.0,0.0,0.0,0.0,0.0
2050-09-24 11:00:00,0.0,34.71877953837452,0.0,0.0,0.0,0.0,0.0
2050-09-24 12:00:00,0.0,33.81195745670743,0.0,0.0,0.0,0.0,0.0
2050-09-24 13:00:00,0.0,32.244032697975854,0.0,0.0,0.0,0.0,0.0
2050-09-24 14:00:00,0.0,33.22788166141004,0.0,0.0,0.0,0.0,0.0
2050-09-24 15:00:00,0.0,33.68332599845189,0.0,0.0,0.0,0.0,0.0
2050-09-24 16:00:00,0.0,35.56359741396341,0.0,0.0,0.0,0.0,0.0
2050-09-24 17:00:00,0.0,35.248293118195534,0.0,0.0,0.0,0.0,0.0
2050-09-24 18:00:00,0.0,36.69550760471725,0.0,0.0,0.0,0.0,0.0
2050-09-24 19:00:00,0.0,36.981713761407036,0.0,0.0,0.0,0.0,0.0
2050-09-24 20:00:00,0.0,39.326884081643584,0.0,0.0,0.0,0.0,0.0
2050-09-24 21:00:00,0.0,41.10764758385744,0.0,0.0,0.0,0.0,0.0
2050-09-24 22:00:00,0.0,41.17720068457811,0.0,0.0,0.0,0.0,0.0
2050-09-24 23:00:00,0.0,41.70914401571508,0.0,0.0,0.0,0.0,0.0
2050-09-25 00:00:00,0.0,44.05468567477351,0.0,0.0,0.0,0.0,0.0
2050-09-25 01:00:00,0.0,43.21062100241147,0.0,0.0,0.0,0.0,0.0
2050-09-25 02:00:00,0.0,42.250126154451664,0.0,0.0,0.0,0.0,0.0
2050-09-25 03:00:00,0.0,42.03991908784974,0.0,0.0,0.0,0.0,0.0
2050-09-25 04:00:00,0.0,40.019666665285285,0.0,0.0,0.0,0.0,0.0
2050-09-25 05:00:00,0.0,39.82421405557284,0.0,0.0,0.0,0.0,0.0
2050-09-25 06:00:00,0.0,39.76858901187438,0.0,0.0,0.0,0.0,0.0
2050-09-25 07:00:00,0.0,38.19929038042778,0.0,0.0,0.0,0.0,0.0
2050-09-25 08:00:00,0.0,36.292491284886864,0.0,0.0,0.0,0.0,0.0
2050-09-25 09:00:00,0.0,35.7979371539368,0.0,0.0,0.0,0.0,0.0
2050-09-25 10:00:00,0.0,34.29375005160455,0.0,0.0,0.0,0.0,0.0
2050-09-25 11:00:00,0.0,32.94638522210835,0.0,0.0,0.0,0.0,0.0
2050-09-25 12:00:00,0.0,33.436780792485706,0.0,0.0,0.0,0.0,0.0
2050-09-25 13:00:00,0.0,33.60572581014685,0.0,0.0,0.0,0.0,0.0
2050-09-25 14:00:00,0.0,31.97973011823683,0.0,0.0,0.0,0.0,0.0
2050-09-25 15:00:00,0.0,33.93050937769908,0.0,0.0,0.0,0.0,0.0
2050-09-25 16:00:00,0.0,35.723151453151104,0.0,0.0,0.0,0.0,0.0
2050-09-25 17:00:00,0.0,36.017771284500895,0.0,0.0,0.0,0.0,0.0
2050-09-25 18:00:00,0.0,36.38426925472959,0.0,0.0,0.0,0.0,0.0
2050-09-25 19:00:00,0.0,38.57152848512169,0.0,0.0,0.0,0.0,0.0
2050-09-25 20:00:00,0.0,38.15497450169255,0.0,0.0,0.0,0.0,0.0
2050-09-25 21:00:00,0.0,38.43751051338086,0.0,0.0,0.0,0.0,0.0
2050-09-25 22:00:00,0.0,42.39208278311503,0.0,0.0,0.0,0.0,0.0
2050-09-25 23:00:00,0.0,39.69436960366352,0.0,0.0,0.0,0.0,0.0
2050-09-26 00:00:00,0.0,44.08211195948206,0.0,0.0,0.0,0.0,0.0
2050-09-26 01:00:00,0.0,44.916224424920074,0.0,0.0,0.0,0.0,0.0
2050-09-26 02:00:00,0.0,44.85702124236036,0.0,0.0,0.0,0.0,0.0
2050-09-26 03:00:00,0.0,44.59692291825172,0.0,0.0,0.0,0.0,0.0
2050-09-26 04:00:00,0.0,46.04588119940172,0.0,0.0,0.0,0.0,0.0
2050-09-26 05:00:00,0.0,43.18579709084611,0.0,0.0,0.0,0.0,0.0
2050-09-26 06:00:00,0.0,42.00394111869264,0.0,0.0,0.0,0.0,0.0
2050-09-26 07:00:00,0.0,40.160978281614916,0.0,0.0,0.0,0.0,0.0
2050-09-26 08:00:00,0.0,38.209713479313905,0.0,0.0,0.0,0.0,0.0
2050-09-26 09:00:00,0.0,38.76707674135173,0.0,0.0,0.0,0.0,0.0
2050-09-26 10:00:00,0.0,36.1537315757887,0.0,0.0,0.0,0.0,0.0
2050-09-26 11:00:00,0.0,36.48615128825645,0.0,0.0,0.0,0.0,0.0
2050-09-26 12:00:00,0.0,36.342173447023015,0.0,0.0,0.0,0.0,0.0
2050-09-26 13:00:00,0.0,34.13069990195049,28.92541333739714,0.0,0.0,20.247789336177995,0.0
2050-09-26 14:00:00,0.0,34.85891440509431,0.0,0.0,0.0,0.0,13.480800874351909
2050-09-26 15:00:00,0.0,36.00015562504336,10.06172867391651,0.0,0.0,20.247789336177995,0.0
2050-09-26 16:00:00,0.0,36.86637763562817,37.7380692639674,0.0,0.0,12.320541284450542,0.0
2050-09-26 17:00:00,0.0,37.167769395641926,37.7380692639674,0.0,0.0,20.247789336177995,0.0
2050-09-26 18:00:00,0.0,38.45008510991488,0.0,0.0,0.0,20.247789336177995,0.0
2050-09-26 19:00:00,0.0,39.768360123867524,37.7380692639674,0.0,0.0,20.247789336177995,0.0
2050-09-26 20:00:00,0.0,42.329587844618345,37.7380692639674,0.0,0.0,20.247789336177995,0.0
2050-09-26 21:00:00,0.0,43.0991113670641,37.7380692639674,0.0,0.0,20.247789336177995,0.0
2050-09-26 22:00:00,0.0,43.513251639683176,12.1292961851515,0.0,0.0,20.247789336177995,0.0
2050-09-26 23:00:00,0.0,44.21759988713097,16.34932254402046,0.0,0.0,18.171955413167233,0.0
2050-09-27 00:00:00,0.0,44.798952010927906,32.07020381292083,0.0,0.0,0.0,0.0
2050-09-27 01:00:00,0.0,45.747569218932085,37.7380692639674,0.0,0.0,0.0,0.0
2050-09-27 02:00:00,0.0,44.200086686576014,34.08753500561525,0.0,0.0,0.0,0.0
2050-09-27 03:00:00,0.0,44.059820589418905,19.557013601533292,0.0,0.0,0.0,0.0
2050-09-27 04:00:00,0.0,42.318449094935204,13.120791291090658,0.0,0.0,0.0,0.0
2050-09-27 05:00:00,0.0,42.26766590890725,5.275416121403367,0.0,0.0,20.247789336177995,0.0
2050-09-27 06:00:00,0.0,40.607027951851705,37.7380692639674,0.0,0.0,0.0,0.0
2050-09-27 07:00:00,0.0,39.16664261315259,13.492450978772133,0.0,0.0,0.0,0.0
2050-09-27 08:00:00,0.0,38.28972200737462,15.860285800384517,0.0,0.0,0.0,0.0
2050-09-27 09:00:00,0.0,37.10048427445895,11.789817682696317,0.0,0.0,0.0,0.0
2050-09-27 10:00:00,0.0,35.88466808465,3.708193647531825,0.0,0.0,8.439331728234805,0.0
2050-09-27 11:00:00,0.0,34.859013728365426,0.0,0.0,0.0,20.247789336177995,0.0
2050-09-27 12:00:00,0.0,35.031417965462424,36.45433025801951,0.0,0.0,20.247789336177995,0.0
2050-09-27 13:00:00,0.0,36.816398347611766,35.89276610592439,0.0,0.0,20.247789336177995,0.0
2050-09-27 14:00:00,0.0,35.68298897563409,37.7380692639674,0.0,0.0,20.247789336177995,0.0
2050-09-27 15:00:00,0.0,35.460410793098845,37.7380692639674,0.0,0.0,20.247789336177995,0.0
2050-09-27 16:00:00,0.0,37.81575339400706,37.7380692639674,0.0,0.0,20.247789336177995,0.0
2050-09-27 17:00:00,0.0,36.898342127835804,37.7380692639674,0.0,0.0,20.247789336177995,0.0
2050-09-27 18:00:00,0.0,38.91767265362864,37.7380692639674,0.0,0.0,20.247789336177995,0.0
2050-09-27 19:00:00,0.0,39.08548025260052,37.7380692639674,0.0,0.0,20.247789336177995,0.0
2050-09-27 20:00:00,0.0,41.17096541410069,37.7380692639674,0.0,0.0,0.0,0.0
2050-09-27 21:00:00,0.0,42.04985018410116,37.7380692639674,0.0,0.0,0.0,0.0
2050-09-27 22:00:00,0.0,43.248884462862634,5.047043559460915,0.0,0.0,20.247789336177995,0.0
2050-09-27 23:00:00,0.0,44.09649146383913,0.0,28.889818359815468,0.0,0.0,0.0
2050-09-28 00:00:00,0.0,46.039282590973016,0.0,40.758762502051255,0.0,0.0,0.0
2050-09-28 01:00:00,0.0,43.88223745051164,0.0,44.989561314140836,0.0,0.0,0.0
2050-09-28 02:00:00,0.0,44.14421300184995,0.0,48.62552183750089,0.0,0.0,0.0
2050-09-28 03:00:00,0.0,44.23289486409135,0.0,8.985255195040505,0.0,0.0,0.0
2050-09-28 04:00:00,0.0,43.76947914551556,0.0,17.61978247852458,0.0,0.0,0.0
2050-09-28 05:00:00,0.0,42.79653690971031,0.0,0.0,0.0,0.0,0.0
2050-09-28 06:00:00,0.0,40.5241325850277,0.0,0.0,0.0,0.0,0.0
2050-09-28 07:00:00,0.0,39.807846339968364,0.0,0.0,0.0,0.0,38.394910120795046
2050-09-28 08:00:00,0.0,38.62589378091093,0.0,0.0,0.0,0.0,38.394910120795046
2050-09-28 09:00:00,0.0,38.825724968288796,0.0,0.0,0.0,0.0,38.394910120795046
2050-09-28 10:00:00,0.0,36.70742456515973,0.0,0.0,0.0,0.0,38.394910120795046
2050-09-28 11:00:00,0.0,35.589367988248796,0.0,0.0,0.0,0.0,0.0
2050-09-28 12:00:00,0.0,33.94874258893719,0.0,0.0,0.0,0.0,0.0
2050-09-28 13:00:00,0.0,34.71657104297583,0.0,0.0,0.0,0.0,0.0
2050-09-28 14:00:00,0.0,35.873112159641096,0.0,0.0,0.0,0.0,38.394910120795046
2050-09-28 15:00:00,0.0,36.36104742731186,0.0,0.0,0.0,0.0,36.20642520606849
2050-09-28 16:00:00,0.0,36.067657056386906,0.0,0.0,0.0,0.0,0.0
2050-09-28 17:00:00,0.0,38.2076878951857,0.0,0.0,0.0,0.0,0.0
2050-09-28 18:00:00,0.0,38.100212416031354,0.0,0.0,0.0,0.0,0.0
2050-09-28 19:00:00,0.0,39.571102534529246,13.470135477147814,0.0,0.0,0.0,0.0
2050-09-28 20:00:00,0.0,42.124914677963716,0.0,0.0,0.0,0.0,0.0
2050-09-28 21:00:00,0.0,42.35688720921007,37.7380692639674,0.0,0.0,0.0,0.0
2050-09-28 22:00:00,0.0,42.355105117033645,0.0,0.0,0.0,0.0,0.0
2050-09-28 23:00:00,0.0,44.04580469374355,0.0,21.079862152529675,0.0,0.0,38.394910120795046
2050-09-29 00:00:00,0.0,42.74099862848334,0.0,43.72403761431813,0.0,0.0,0.0
2050-09-29 01:00:00,0.0,44.85644337655822,0.0,48.62552183750089,0.0,0.0,38.394910120795046
2050-09-29 02:00:00,0.0,42.46102906147917,0.0,48.62552183750089,0.0,0.0,38.394910120795046
2050-09-29 03:00:00,0.0,43.240736550163774,0.0,39.095850985250856,0.0,0.0,38.394910120795046
2050-09-29 04:00:00,0.0,43.66061495553504,0.0,42.36317058725718,0.0,0.0,0.0
2050-09-29 05:00:00,0.0,42.36623709345645,0.0,44.79083834790082,0.0,0.0,0.0
2050-09-29 06:00:00,0.0,41.78805517663068,0.0,48.62552183750089,0.0,0.0,0.0
2050-09-29 07:00:00,0.0,38.115313637761574,0.0,48.62552183750089,0.0,0.0,0.0
2050-09-29 08:00:00,0.0,38.97183356472465,0.0,40.357428799097,0.0,0.0,18.514512925966482
2050-09-29 09:00:00,0.0,36.534504173479945,0.0,0.0,0.0,0.0,0.0
2050-09-29 10:00:00,0.0,36.55398045360016,0.0,0.0,0.0,0.0,0.0
2050-09-29 11:00:00,0.0,36.02269529703972,0.0,0.0,0.0,0.0,0.0
2050-09-29 12:00:00,0.0,35.44336000614112,0.0,0.0,0.0,0.0,0.0
2050-09-29 13:00:00,0.0,36.72042408128959,0.0,0.0,0.0,0.0,0.0
2050-09-29 14:00:00,0.0,35.5906000021746,0.0,0.0,0.0,0.0,0.0
2050-09-29 15:00:00,0.0,36.64780873777727,0.0,0.0,0.0,0.0,0.0
2050-09-29 16:00:00,0.0,36.74855123305497,0.0,0.0,0.0,0.0,0.0
2050-09-29 17:00:00,0.0,38.88121551492145,0.0,0.0,0.0,0.0,0.0
2050-09-29 18:00:00,0.0,37.86971415973926,0.0,0.0,0.0,0.0,0.0
2050-09-29 19:00:00,0.0,39.7896152149151,0.0,0.0,0.0,0.0,0.0
2050-09-29 20:00:00,0.0,40.1086944437277,0.0,0.0,0.0,0.0,0.0
2050-09-29 21:00:00,0.0,43.288432331389004,0.0,0.0,0.0,0.0,0.0
2050-09-29 22:00:00,0.0,42.16102908516427,0.0,0.0,0.0,0.0,0.0
2050-09-29 23:00:00,0.0,43.07307575006871,0.0,0.0,0.0,0.0,0.0
2050-09-30 00:00:00,0.0,44.11891707610721,0.0,0.0,0.0,0.0,0.0
2050-09-30 01:00:00,0.0,44.11329554796862,0.0,0.0,0.0,0.0,0.0
2050-09-30 02:00:00,0.0,45.743148878526654,0.0,0.0,0.0,0.0,0.0
2050-09-30 03:00:00,0.0,45.250243031758146,0.0,0.0,0.0,0.0,0.0
2050-09-30 04:00:00,0.0,43.99879320859145,0.0,0.0,0.0,0.0,0.0
2050-09-30 05:00:00,0.0,42.42071247330159,0.0,0.0,0.0,0.0,0.0
2050-09-30 06:00:00,0.0,41.82336495310483,0.0,0.0,0.0,0.0,0.0
2050-09-30 07:00:00,0.0,40.42558479771742,0.0,0.0,0.0,0.0,0.0
2050-09-30 08:00:00,0.0,39.35556146212548,0.0,0.0,0.0,0.0,0.0
2050-09-30 09:00:00,0.0,38.10463094822853,0.0,0.0,0.0,0.0,0.0
2050-09-30 10:00:00,0.0,35.94130316814949,0.0,0.0,0.0,0.0,0.0
2050-09-30 11:00:00,0.0,34.36934305337286,0.0,0.0,0.0,0.0,0.0
2050-09-30 12:00:00,0.0,34.87850656447972,0.0,0.0,0.0,0.0,0.0
2050-09-30 13:00:00,0.0,34.38603951620212,0.0,0.0,0.0,0.0,0.0
2050-09-30 14:00:00,0.0,35.24438817236478,0.0,0.0,0.0,0.0,0.0
2050-09-30 15:00:00,0.0,36.08974917905721,0.0,0.0,0.0,0.0,0.0
2050-09-30 16:00:00,0.0,37.09505312592228,0.0,0.0,0.0,0.0,0.0
2050-09-30 17:00:00,0.0,38.151222665292835,0.0,0.0,0.0,0.0,0.0
2050-09-30 18:00:00,0.0,38.58019578184053,0.0,0.0,0.0,0.0,0.0
2050-09-30 19:00:00,0.0,40.535683783190734,0.0,0.0,0.0,0.0,0.0
2050-09-30 20:00:00,0.0,41.94834717889239,0.0,0.0,0.0,0.0,0.0
2050-09-30 21:00:00,0.0,42.330003782640006,0.0,0.0,0.0,0.0,0.0
2050-09-30 22:00:00,0.0,42.5617834005493,0.0,0.0,0.0,0.0,0.0
2050-09-30 23:00:00,0.0,45.45955809139741,0.0,0.0,0.0,0.0,0.0
2050-10-01 00:00:00,0.0,41.57219936167985,0.0,0.0,0.0,0.0,0.0
2050-10-01 01:00:00,0.0,42.58384070651846,0.0,0.0,0.0,0.0,0.0
2050-10-01 02:00:00,0.0,43.39618726909407,0.0,0.0,0.0,0.0,0.0
2050-10-01 03:00:00,0.0,41.91775065234856,0.0,0.0,0.0,0.0,0.0
2050-10-01 04:00:00,0.0,39.117844287723074,0.0,0.0,0.0,0.0,0.0
2050-10-01 05:00:00,0.0,39.256005460134475,0.0,0.0,0.0,0.0,0.0
2050-10-01 06:00:00,0.0,38.25684937903793,0.0,0.0,0.0,0.0,0.0
2050-10-01 07:00:00,0.0,38.13692877902645,0.0,0.0,0.0,0.0,0.0
2050-10-01 08:00:00,0.0,35.4008832878601,0.0,0.0,0.0,0.0,0.0
2050-10-01 09:00:00,0.0,34.465290518549864,0.0,0.0,0.0,0.0,0.0
2050-10-01 10:00:00,0.0,33.49232882974684,0.0,0.0,0.0,0.0,0.0
2050-10-01 11:00:00,0.0,32.15025249596897,0.0,0.0,0.0,0.0,0.0
2050-10-01 12:00:00,0.0,33.15326002076108,0.0,0.0,0.0,0.0,0.0
2050-10-01 13:00:00,0.0,34.20400327661196,0.0,0.0,0.0,0.0,0.0
2050-10-01 14:00:00,0.0,32.11645130573265,0.0,0.0,0.0,0.0,0.0
2050-10-01 15:00:00,0.0,33.10417654596222,0.0,0.0,0.0,0.0,0.0
2050-10-01 16:00:00,0.0,33.34018684105081,0.0,0.0,0.0,0.0,0.0
2050-10-01 17:00:00,0.0,34.49761035804613,0.0,0.0,0.0,0.0,0.0
2050-10-01 18:00:00,0.0,35.52953182198257,0.0,0.0,0.0,0.0,0.0
2050-10-01 19:00:00,0.0,38.31103113535892,0.0,0.0,0.0,0.0,0.0
2050-10-01 20:00:00,0.0,39.84713661417254,0.0,0.0,0.0,0.0,0.0
2050-10-01 21:00:00,0.0,39.88408278972042,0.0,0.0,0.0,0.0,0.0
2050-10-01 22:00:00,0.0,39.19629475287161,0.0,0.0,0.0,0.0,0.0
2050-10-01 23:00:00,0.0,42.49196102468136,0.0,0.0,0.0,0.0,0.0
2050-10-02 00:00:00,0.0,40.85543612608467,0.0,0.0,0.0,0.0,0.0
2050-10-02 01:00:00,0.0,42.337350015244965,0.0,0.0,0.0,0.0,0.0
2050-10-02 02:00:00,0.0,41.82476139144251,0.0,0.0,0.0,0.0,0.0
2050-10-02 03:00:00,0.0,41.76021804333709,0.0,0.0,0.0,0.0,0.0
2050-10-02 04:00:00,0.0,40.82901532450205,0.0,0.0,0.0,0.0,0.0
2050-10-02 05:00:00,0.0,40.07954486902236,0.0,0.0,0.0,0.0,0.0
2050-10-02 06:00:00,0.0,39.525269370777096,0.0,0.0,0.0,0.0,0.0
2050-10-02 07:00:00,0.0,36.68649574680171,0.0,0.0,0.0,0.0,0.0
2050-10-02 08:00:00,0.0,35.86483552728146,0.0,0.0,0.0,0.0,0.0
2050-10-02 09:00:00,0.0,34.225167061821594,0.0,0.0,0.0,0.0,0.0
2050-10-02 10:00:00,0.0,34.03911041621063,0.0,0.0,0.0,0.0,0.0
2050-10-02 11:00:00,0.0,32.873547620063846,0.0,0.0,0.0,0.0,0.0
2050-10-02 12:00:00,0.0,33.65211672320174,0.0,0.0,0.0,0.0,0.0
2050-10-02 13:00:00,0.0,33.38012022375892,0.0,0.0,0.0,0.0,0.0
2050-10-02 14:00:00,0.0,31.93226950175199,0.0,0.0,0.0,0.0,0.0
2050-10-02 15:00:00,0.0,34.39528887668894,0.0,0.0,0.0,0.0,0.0
2050-10-02 16:00:00,0.0,34.28892250077479,0.0,0.0,0.0,0.0,0.0
2050-10-02 17:00:00,0.0,34.289662752010145,0.0,0.0,0.0,0.0,0.0
2050-10-02 18:00:00,0.0,36.501001302292934,0.0,0.0,0.0,0.0,0.0
2050-10-02 19:00:00,0.0,36.71403072573253,0.0,0.0,0.0,0.0,0.0
2050-10-02 20:00:00,0.0,38.17927408443279,0.0,0.0,0.0,0.0,0.0
2050-10-02 21:00:00,0.0,38.78219044187085,0.0,0.0,0.0,0.0,0.0
2050-10-02 22:00:00,0.0,41.428857483351294,0.0,0.0,0.0,0.0,0.0
2050-10-02 23:00:00,0.0,40.91224483979772,0.0,0.0,0.0,0.0,0.0
2050-10-03 00:00:00,0.0,44.017206027563816,0.0,0.0,0.0,0.0,0.0
2050-10-03 01:00:00,0.0,44.14131454542985,0.0,0.0,0.0,0.0,0.0
2050-10-03 02:00:00,0.0,44.16031921945387,0.0,0.0,0.0,0.0,0.0
2050-10-03 03:00:00,0.0,44.269924327130184,0.0,0.0,0.0,0.0,0.0
2050-10-03 04:00:00,0.0,42.48783481797432,0.0,0.0,0.0,0.0,0.0
2050-10-03 05:00:00,0.0,41.62569012824633,0.0,0.0,0.0,0.0,0.0
2050-10-03 06:00:00,0.0,41.50080264470557,0.0,0.0,0.0,0.0,0.0
2050-10-03 07:00:00,0.0,40.26572776112084,0.0,0.0,0.0,0.0,0.0
2050-10-03 08:00:00,0.0,37.55545141099401,0.0,0.0,0.0,0.0,0.0
2050-10-03 09:00:00,0.0,37.29735097035859,0.0,0.0,0.0,0.0,0.0
2050-10-03 10:00:00,0.0,36.17806004987483,0.0,0.0,0.0,0.0,0.0
2050-10-03 11:00:00,0.0,35.65994748264643,0.0,0.0,0.0,0.0,0.0
2050-10-03 12:00:00,0.0,34.90363654184512,0.0,0.0,0.0,0.0,0.0
2050-10-03 13:00:00,0.0,34.7377033978305,0.0,0.0,0.0,0.0,0.0
2050-10-03 14:00:00,0.0,34.7846733189258,0.0,0.0,0.0,0.0,0.0
2050-10-03 15:00:00,0.0,35.13714315110087,0.0,0.0,0.0,0.0,0.0
2050-10-03 16:00:00,0.0,36.495047724020196,0.0,0.0,0.0,0.0,0.0
2050-10-03 17:00:00,0.0,37.06892754631167,0.0,0.0,0.0,0.0,0.0
2050-10-03 18:00:00,0.0,37.45334582182886,0.0,0.0,0.0,0.0,0.0
2050-10-03 19:00:00,0.0,39.12276303858562,0.0,0.0,0.0,0.0,0.0
2050-10-03 20:00:00,0.0,41.73147097523611,0.0,0.0,0.0,0.0,0.0
2050-10-03 21:00:00,0.0,43.32391977248085,0.0,0.0,0.0,0.0,0.0
2050-10-03 22:00:00,0.0,41.14804439147565,0.0,0.0,0.0,0.0,0.0
2050-10-03 23:00:00,0.0,43.317883717288396,0.0,0.0,0.0,0.0,0.0
2050-10-04 00:00:00,0.0,43.41299558047763,0.0,0.0,0.0,0.0,0.0
2050-10-04 01:00:00,0.0,44.01592556726723,0.0,0.0,0.0,0.0,0.0
2050-10-04 02:00:00,0.0,43.59093387271059,0.0,0.0,0.0,0.0,0.0
2050-10-04 03:00:00,0.0,45.05491391068472,0.0,0.0,0.0,0.0,0.0
2050-10-04 04:00:00,0.0,41.77934507632585,0.0,0.0,0.0,0.0,0.0
2050-10-04 05:00:00,0.0,40.92466461601475,0.0,0.0,0.0,0.0,0.0
2050-10-04 06:00:00,0.0,40.398591587722876,0.0,0.0,0.0,0.0,0.0
2050-10-04 07:00:00,0.0,40.14669150030636,0.0,0.0,0.0,0.0,0.0
2050-10-04 08:00:00,0.0,38.710795729630036,0.0,0.0,0.0,0.0,0.0
2050-10-04 09:00:00,0.0,37.74918619484379,0.0,0.0,0.0,0.0,0.0
2050-10-04 10:00:00,0.0,36.56438819725918,0.0,0.0,0.0,0.0,0.0
2050-10-04 11:00:00,0.0,35.76895960680167,0.0,0.0,0.0,0.0,0.0
2050-10-04 12:00:00,0.0,34.54854294462302,0.0,0.0,0.0,0.0,0.0
2050-10-04 13:00:00,0.0,35.39637707831071,0.0,0.0,0.0,0.0,0.0
2050-10-04 14:00:00,0.0,35.19532285298783,0.0,0.0,0.0,0.0,0.0
2050-10-04 15:00:00,0.0,33.92875418041331,0.0,0.0,0.0,0.0,0.0
2050-10-04 16:00:00,0.0,36.43806762893246,0.0,0.0,0.0,0.0,0.0
2050-10-04 17:00:00,0.0,37.914464438432105,0.0,0.0,0.0,0.0,0.0
2050-10-04 18:00:00,0.0,39.18590927242826,0.0,0.0,0.0,0.0,0.0
2050-10-04 19:00:00,0.0,38.47749976542559,0.0,0.0,0.0,0.0,0.0
2050-10-04 20:00:00,0.0,40.91779144121051,0.0,0.0,0.0,0.0,0.0
2050-10-04 21:00:00,0.0,43.78965375532084,0.0,0.0,0.0,0.0,0.0
2050-10-04 22:00:00,0.0,42.20601319144839,0.0,0.0,0.0,0.0,0.0
2050-10-04 23:00:00,0.0,45.460393439117524,0.0,0.0,0.0,0.0,0.0
2050-10-05 00:00:00,0.0,43.40838204794045,0.0,0.0,0.0,0.0,0.0
2050-10-05 01:00:00,0.0,44.67794298105969,0.0,0.0,0.0,0.0,0.0
2050-10-05 02:00:00,0.0,43.63932255928398,0.0,0.0,0.0,0.0,0.0
2050-10-05 03:00:00,0.0,43.7254307825026,0.0,0.0,0.0,0.0,0.0
2050-10-05 04:00:00,0.0,43.233739694098176,1.038962713731081,0.0,0.0,0.0,0.0
2050-10-05 05:00:00,0.0,40.126547435626435,0.0,0.7269102626619509,0.0,0.0,0.0
2050-10-05 06:00:00,0.0,41.64023430925249,0.0,0.0,0.0,0.0,0.0
2050-10-05 07:00:00,0.0,40.10945427511365,0.0,0.0,0.0,0.0,0.0
2050-10-05 08:00:00,0.0,39.63611043173614,0.0,0.0,0.0,0.0,0.0
2050-10-05 09:00:00,0.0,38.220431711459014,0.0,0.0,0.0,0.0,0.0
2050-10-05 10:00:00,0.0,36.5681765056479,0.0,0.0,0.0,0.0,0.0
2050-10-05 11:00:00,0.0,35.40174264936604,0.0,0.0,0.0,0.0,0.0
2050-10-05 12:00:00,0.0,34.23353912715902,0.0,0.0,0.0,0.0,0.0
2050-10-05 13:00:00,0.0,35.79347865890327,0.0,0.0,0.0,0.0,0.0
2050-10-05 14:00:00,0.0,34.763266165031155,0.0,0.0,0.0,0.0,0.0
2050-10-05 15:00:00,0.0,35.57698286034406,3.867191664633282,0.0,0.0,0.0,0.0
2050-10-05 16:00:00,0.0,36.05923639563457,11.643298927474135,0.0,0.0,3.2464741844604292,0.0
2050-10-05 17:00:00,0.0,36.62001098265796,18.060111973003313,0.0,0.0,20.247789336177995,0.0
2050-10-05 18:00:00,0.0,38.35625984340891,0.0,0.0,0.0,0.0,23.021757689746
2050-10-05 19:00:00,0.0,39.49449673413528,7.681883059787886,0.0,0.0,0.0,0.0
2050-10-05 20:00:00,0.0,41.742249169253455,0.0,0.0,0.0,0.0,0.0
2050-10-05 21:00:00,0.0,41.23113453391829,0.0,0.0,0.0,0.0,0.0
2050-10-05 22:00:00,0.0,42.76199133940668,0.0,0.0,0.0,0.0,0.0
2050-10-05 23:00:00,0.0,42.530984306604296,0.0,0.0,0.0,0.0,0.0
2050-10-06 00:00:00,0.0,44.153627696318836,0.0,27.857611399992862,0.0,0.0,0.0
2050-10-06 01:00:00,0.0,44.91585512903953,0.0,0.0,0.0,0.0,0.0
2050-10-06 02:00:00,0.0,44.772348119679464,0.0,0.0,0.0,0.0,0.0
2050-10-06 03:00:00,0.0,44.07954255767595,0.0,0.0,0.0,0.0,0.0
2050-10-06 04:00:00,0.0,43.16039935107574,0.0,0.0,0.0,0.0,0.0
2050-10-06 05:00:00,0.0,40.93411983889587,0.0,0.0,0.0,0.0,0.0
2050-10-06 06:00:00,0.0,41.67103045372596,0.0,0.0,0.0,0.0,0.0
2050-10-06 07:00:00,0.0,38.987103246784045,0.0,0.0,0.0,0.0,0.0
2050-10-06 08:00:00,0.0,38.95717166465079,0.0,0.0,0.0,0.0,0.0
2050-10-06 09:00:00,0.0,36.368516980250206,0.0,0.0,0.0,0.0,0.0
2050-10-06 10:00:00,0.0,36.959521716404424,0.0,0.0,0.0,0.0,0.0
2050-10-06 11:00:00,0.0,35.16607023992265,0.0,0.0,0.0,0.0,0.0
2050-10-06 12:00:00,0.0,35.424080231373864,0.0,0.0,0.0,0.0,0.0
2050-10-06 13:00:00,0.0,33.867745649421295,0.0,0.0,0.0,0.0,0.0
2050-10-06 14:00:00,0.0,35.62205987378593,0.0,0.0,0.0,0.0,0.0
2050-10-06 15:00:00,0.0,35.14188112693023,0.0,0.0,0.0,0.0,0.0
2050-10-06 16:00:00,0.0,36.29558553733773,0.0,0.0,0.0,0.0,0.0
2050-10-06 17:00:00,0.0,36.83523844955698,0.0,0.0,0.0,0.0,0.0
2050-10-06 18:00:00,0.0,38.054373334435695,0.0,0.0,0.0,0.0,0.0
2050-10-06 19:00:00,0.0,40.12144909979497,0.0,0.0,0.0,0.0,0.0
2050-10-06 20:00:00,0.0,41.45835752355879,0.0,0.0,0.0,0.0,0.0
2050-10-06 21:00:00,0.0,41.047357801885255,0.0,0.0,0.0,0.0,0.0
2050-10-06 22:00:00,0.0,44.14801433989237,0.0,0.0,0.0,0.0,0.0
2050-10-06 23:00:00,0.0,43.38019983974141,0.0,0.0,0.0,0.0,0.0
2050-10-07 00:00:00,0.0,42.150160129320284,0.0,0.0,0.0,0.0,0.0
2050-10-07 01:00:00,0.0,44.35894091683804,0.0,0.0,0.0,0.0,0.0
2050-10-07 02:00:00,0.0,44.870992375044125,0.0,0.0,0.0,0.0,0.0
2050-10-07 03:00:00,0.0,44.558295934824855,0.0,0.0,0.0,0.0,0.0
2050-10-07 04:00:00,0.0,43.05978312457046,0.0,0.0,0.0,0.0,0.0
2050-10-07 05:00:00,0.0,41.79261330887175,0.0,0.0,0.0,0.0,0.0
2050-10-07 06:00:00,0.0,40.45518845348079,0.0,0.0,0.0,0.0,0.0
2050-10-07 07:00:00,0.0,38.75441797522103,0.0,0.0,0.0,0.0,0.0
2050-10-07 08:00:00,0.0,36.36131420924835,0.0,0.0,0.0,0.0,0.0
2050-10-07 09:00:00,0.0,36.247141983045594,0.0,0.0,0.0,0.0,0.0
2050-10-07 10:00:00,0.0,35.29676950696012,0.0,0.0,0.0,0.0,0.0
2050-10-07 11:00:00,0.0,36.78745331104824,0.0,0.0,0.0,0.0,0.0
2050-10-07 12:00:00,0.0,35.57649517691084,0.0,0.0,0.0,0.0,0.0
2050-10-07 13:00:00,0.0,35.56619431528179,0.0,0.0,0.0,0.0,0.0
2050-10-07 14:00:00,0.0,34.44591809490021,0.0,0.0,0.0,0.0,0.0
2050-10-07 15:00:00,0.0,35.94536684654645,0.0,0.0,0.0,0.0,0.0
2050-10-07 16:00:00,0.0,36.646747672661604,0.0,0.0,0.0,0.0,0.0
2050-10-07 17:00:00,0.0,35.43177613368266,0.0,0.0,0.0,0.0,0.0
2050-10-07 18:00:00,0.0,38.26334123203469,0.0,0.0,0.0,0.0,0.0
2050-10-07 19:00:00,0.0,38.09128525871711,0.0,0.0,0.0,0.0,0.0
2050-10-07 20:00:00,0.0,41.30564316162304,0.0,0.0,0.0,0.0,0.0
2050-10-07 21:00:00,0.0,42.69430687269687,0.0,0.0,0.0,0.0,0.0
2050-10-07 22:00:00,0.0,42.646678379730474,0.0,0.0,0.0,0.0,0.0
2050-10-07 23:00:00,0.0,42.769851479930594,0.0,0.0,0.0,0.0,0.0
2050-10-08 00:00:00,0.0,41.39307153416826,0.0,0.0,0.0,0.0,0.0
2050-10-08 01:00:00,0.0,41.90390437100609,0.0,0.0,0.0,0.0,0.0
2050-10-08 02:00:00,0.0,41.41698349922876,0.0,0.0,0.0,0.0,0.0
2050-10-08 03:00:00,0.0,39.897201374735914,0.0,0.0,0.0,0.0,0.0
2050-10-08 04:00:00,0.0,39.52247237432766,0.0,0.0,0.0,0.0,0.0
2050-10-08 05:00:00,0.0,38.57756193629757,0.0,0.0,0.0,0.0,0.0
2050-10-08 06:00:00,0.0,37.873547594540696,0.0,0.0,0.0,0.0,0.0
2050-10-08 07:00:00,0.0,37.11898964924603,0.0,0.0,0.0,0.0,0.0
2050-10-08 08:00:00,0.0,37.34797268762077,0.0,0.0,0.0,0.0,0.0
2050-10-08 09:00:00,0.0,34.50217128603026,0.0,0.0,0.0,0.0,0.0
2050-10-08 10:00:00,0.0,34.753778123152415,0.0,0.0,0.0,0.0,0.0
2050-10-08 11:00:00,0.0,33.58878988833044,0.0,0.0,0.0,0.0,0.0
2050-10-08 12:00:00,0.0,32.73884067489462,0.0,0.0,0.0,0.0,0.0
2050-10-08 13:00:00,0.0,32.45752165473027,0.0,0.0,0.0,0.0,0.0
2050-10-08 14:00:00,0.0,33.84106354427763,0.0,0.0,0.0,0.0,0.0
2050-10-08 15:00:00,0.0,33.56418639207914,0.0,0.0,0.0,0.0,0.0
2050-10-08 16:00:00,0.0,33.72544563673705,0.0,0.0,0.0,0.0,0.0
2050-10-08 17:00:00,0.0,35.4233706424161,0.0,0.0,0.0,0.0,0.0
2050-10-08 18:00:00,0.0,34.74852080006576,0.0,0.0,0.0,0.0,0.0
2050-10-08 19:00:00,0.0,35.280174285471276,0.0,0.0,0.0,0.0,0.0
2050-10-08 20:00:00,0.0,37.01830499597963,0.0,0.0,0.0,0.0,0.0
2050-10-08 21:00:00,0.0,38.27610934779045,0.0,0.0,0.0,0.0,0.0
2050-10-08 22:00:00,0.0,39.59054219183599,0.0,0.0,0.0,0.0,0.0
2050-10-08 23:00:00,0.0,40.44464430204221,0.0,0.0,0.0,0.0,0.0
2050-10-09 00:00:00,0.0,41.649535161884614,0.0,0.0,0.0,0.0,0.0
2050-10-09 01:00:00,0.0,42.31630854657692,0.0,0.0,0.0,0.0,0.0
2050-10-09 02:00:00,0.0,42.16539730177942,0.0,0.0,0.0,0.0,0.0
2050-10-09 03:00:00,0.0,42.69562676846817,0.0,0.0,0.0,0.0,0.0
2050-10-09 04:00:00,0.0,40.191077116428005,0.0,0.0,0.0,0.0,0.0
2050-10-09 05:00:00,0.0,38.69730602616346,0.0,0.0,0.0,0.0,0.0
2050-10-09 06:00:00,0.0,38.89165345632273,0.0,0.0,0.0,0.0,0.0
2050-10-09 07:00:00,0.0,36.23866617785802,0.0,0.0,0.0,0.0,0.0
2050-10-09 08:00:00,0.0,36.314084010753504,0.0,0.0,0.0,0.0,0.0
2050-10-09 09:00:00,0.0,34.59455078715905,0.0,0.0,0.0,0.0,0.0
2050-10-09 10:00:00,0.0,34.68827276345792,0.0,0.0,0.0,0.0,0.0
2050-10-09 11:00:00,0.0,34.00203265995469,0.0,0.0,0.0,0.0,0.0
2050-10-09 12:00:00,0.0,31.72552939934758,0.0,0.0,0.0,0.0,0.0
2050-10-09 13:00:00,0.0,31.65304094644989,0.0,0.0,0.0,0.0,0.0
2050-10-09 14:00:00,0.0,32.16390835936181,0.0,0.0,0.0,0.0,0.0
2050-10-09 15:00:00,0.0,34.18182336412701,0.0,0.0,0.0,0.0,0.0
2050-10-09 16:00:00,0.0,34.013618494851244,0.0,0.0,0.0,0.0,0.0
2050-10-09 17:00:00,0.0,33.77313538395447,0.0,0.0,0.0,0.0,0.0
2050-10-09 18:00:00,0.0,36.733796714244136,0.0,0.0,0.0,0.0,0.0
2050-10-09 19:00:00,0.0,37.267709352873226,0.0,0.0,0.0,0.0,0.0
2050-10-09 20:00:00,0.0,38.937075193448436,0.0,0.0,0.0,0.0,0.0
2050-10-09 21:00:00,0.0,38.705187979415086,0.0,0.0,0.0,0.0,0.0
2050-10-09 22:00:00,0.0,40.82589052840126,0.0,0.0,0.0,0.0,0.0
2050-10-09 23:00:00,0.0,40.7768892217282,0.0,0.0,0.0,0.0,0.0
2050-10-10 00:00:00,0.0,44.07245725630605,0.0,0.0,0.0,0.0,0.0
2050-10-10 01:00:00,0.0,42.31396401467009,0.0,0.0,0.0,0.0,0.0
2050-10-10 02:00:00,0.0,43.291193972550445,0.0,0.0,0.0,0.0,0.0
2050-10-10 03:00:00,0.0,44.11921816378731,0.0,0.0,0.0,0.0,0.0
2050-10-10 04:00:00,0.0,43.449118940546896,0.0,0.0,0.0,0.0,0.0
2050-10-10 05:00:00,0.0,42.35495734008987,0.0,0.0,0.0,0.0,0.0
2050-10-10 06:00:00,0.0,40.51549997231655,0.0,0.0,0.0,0.0,0.0
2050-10-10 07:00:00,0.0,39.3475275569981,0.0,0.0,0.0,0.0,0.0
2050-10-10 08:00:00,0.0,38.62194380298615,0.0,0.0,0.0,0.0,0.0
2050-10-10 09:00:00,0.0,36.76519699005439,0.0,0.0,0.0,0.0,0.0
2050-10-10 10:00:00,0.0,35.77659625228944,0.0,0.0,0.0,0.0,0.0
2050-10-10 11:00:00,0.0,35.46400480631041,0.0,0.0,0.0,0.0,0.0
2050-10-10 12:00:00,0.0,35.10646404499289,0.0,0.0,0.0,0.0,0.0
2050-10-10 13:00:00,0.0,34.08184088816756,0.0,0.0,0.0,0.0,0.0
2050-10-10 14:00:00,0.0,35.51870273243276,0.0,0.0,0.0,0.0,0.0
2050-10-10 15:00:00,0.0,35.76752672293924,0.0,0.0,0.0,0.0,0.0
2050-10-10 16:00:00,0.0,35.978433672503115,0.0,0.0,0.0,0.0,0.0
2050-10-10 17:00:00,0.0,36.36059404083403,0.0,0.0,0.0,0.0,0.0
2050-10-10 18:00:00,0.0,38.550412142011055,0.0,0.0,0.0,0.0,0.0
2050-10-10 19:00:00,0.0,39.99616809984832,0.0,0.0,0.0,0.0,0.0
2050-10-10 20:00:00,0.0,40.39314223953238,0.0,0.0,0.0,0.0,0.0
2050-10-10 21:00:00,0.0,41.428696736855045,0.0,0.0,0.0,0.0,0.0
2050-10-10 22:00:00,0.0,43.081129807823345,0.0,0.0,0.0,0.0,0.0
2050-10-10 23:00:00,0.0,43.246977133574546,0.0,0.0,0.0,0.0,0.0
2050-10-11 00:00:00,0.0,45.54204764634869,0.0,0.0,0.0,0.0,0.0
2050-10-11 01:00:00,0.0,44.33139216732184,0.0,0.0,0.0,0.0,0.0
2050-10-11 02:00:00,0.0,44.16397036952958,0.0,0.0,0.0,0.0,0.0
2050-10-11 03:00:00,0.0,44.43471859449642,0.0,0.0,0.0,0.0,0.0
2050-10-11 04:00:00,0.0,43.10846599371325,0.0,0.0,0.0,0.0,0.0
2050-10-11 05:00:00,0.0,42.30873280712649,0.0,0.0,0.0,0.0,0.0
2050-10-11 06:00:00,0.0,40.23187383075992,0.0,0.0,0.0,0.0,0.0
2050-10-11 07:00:00,0.0,39.18924163658403,0.0,0.0,0.0,0.0,0.0
2050-10-11 08:00:00,0.0,37.96400621971111,0.0,0.0,0.0,0.0,0.0
2050-10-11 09:00:00,0.0,37.540990162455955,0.0,0.0,0.0,0.0,0.0
2050-10-11 10:00:00,0.0,36.54150996754947,0.0,0.0,0.0,0.0,0.0
2050-10-11 11:00:00,0.0,34.50851925106804,0.0,0.0,0.0,0.0,0.0
2050-10-11 12:00:00,0.0,34.75069270268136,0.0,0.0,0.0,0.0,0.0
2050-10-11 13:00:00,0.0,33.92947156881314,28.92541333739714,0.0,0.0,20.247789336177995,0.0
2050-10-11 14:00:00,0.0,35.8069947296126,0.0,0.0,0.0,0.0,0.0
2050-10-11 15:00:00,0.0,35.09792246655593,28.92541333739714,0.0,0.0,20.247789336177995,0.0
2050-10-11 16:00:00,0.0,34.86015116975045,23.588949637591323,0.0,0.0,16.512264746313924,0.0
2050-10-11 17:00:00,0.0,37.263472943729084,28.92541333739714,0.0,0.0,20.247789336177995,0.0
2050-10-11 18:00:00,0.0,37.28740403487927,37.7380692639674,0.0,0.0,20.247789336177995,0.0
2050-10-11 19:00:00,0.0,38.866552709131156,20.11716373879016,0.0,0.0,20.247789336177995,0.0
2050-10-11 20:00:00,0.0,41.2462501124794,28.92541333739714,0.0,0.0,20.247789336177995,0.0
2050-10-11 21:00:00,0.0,42.161339920729915,33.72737915208114,0.0,0.0,20.247789336177995,0.0
2050-10-11 22:00:00,0.0,41.58738755457034,37.7380692639674,0.0,0.0,20.247789336177995,0.0
2050-10-11 23:00:00,0.0,43.8689713839824,37.7380692639674,0.0,0.0,20.247789336177995,0.0
2050-10-12 00:00:00,0.0,42.0947088888754,37.7380692639674,0.0,0.0,20.247789336177995,0.0
2050-10-12 01:00:00,0.0,42.81730139643946,37.7380692639674,0.0,0.0,20.247789336177995,0.0
2050-10-12 02:00:00,0.0,43.2387356418742,37.7380692639674,0.0,0.0,20.247789336177995,0.0
2050-10-12 03:00:00,0.0,44.42702644693395,37.7380692639674,0.0,0.0,20.247789336177995,0.0
2050-10-12 04:00:00,0.0,42.412697630894854,37.7380692639674,0.0,0.0,20.247789336177995,0.0
2050-10-12 05:00:00,0.0,41.897492655471524,37.7380692639674,0.0,0.0,20.247789336177995,0.0
2050-10-12 06:00:00,0.0,41.4476142802655,37.7380692639674,0.0,0.0,20.247789336177995,0.0
2050-10-12 07:00:00,0.0,38.81848285791648,37.7380692639674,0.0,0.0,20.247789336177995,0.0
2050-10-12 08:00:00,0.0,37.965551409932914,37.7380692639674,0.0,0.0,20.247789336177995,0.0
2050-10-12 09:00:00,0.0,36.65536306254103,37.7380692639674,0.0,0.0,20.247789336177995,0.0
2050-10-12 10:00:00,0.0,36.01485780479857,37.7380692639674,0.0,0.0,20.247789336177995,0.0
2050-10-12 11:00:00,0.0,35.973329198121746,37.7380692639674,0.0,0.0,20.247789336177995,0.0
2050-10-12 12:00:00,0.0,34.101306128217175,37.7380692639674,0.0,0.0,20.247789336177995,0.0
2050-10-12 13:00:00,0.0,33.462978048801915,37.7380692639674,0.0,0.0,20.247789336177995,0.0
2050-10-12 14:00:00,0.0,33.98132071759437,37.7380692639674,0.0,0.0,20.247789336177995,0.0
2050-10-12 15:00:00,0.0,35.075286508136514,37.7380692639674,0.0,0.0,20.247789336177995,0.0
2050-10-12 16:00:00,0.0,36.03631080440073,37.7380692639674,0.0,0.0,20.247789336177995,0.0
2050-10-12 17:00:00,0.0,36.15404097438159,37.7380692639674,0.0,0.0,20.247789336177995,0.0
2050-10-12 18:00:00,0.0,37.021226831082686,37.7380692639674,0.0,0.0,20.247789336177995,0.0
2050-10-12 19:00:00,0.0,39.29195867184126,37.7380692639674,0.0,0.0,20.247789336177995,0.0
2050-10-12 20:00:00,0.0,41.37358018025566,37.7380692639674,0.0,0.0,20.247789336177995,0.0
2050-10-12 21:00:00,0.0,41.07629691409761,37.7380692639674,0.0,0.0,20.247789336177995,0.0
2050-10-12 22:00:00,0.0,43.40042840088154,37.7380692639674,0.0,0.0,20.247789336177995,0.0
2050-10-12 23:00:00,0.0,41.78410963975125,37.7380692639674,0.0,0.0,20.247789336177995,0.0
2050-10-13 00:00:00,0.0,42.42762476955227,37.7380692639674,0.0,0.0,20.247789336177995,0.0
2050-10-13 01:00:00,0.0,44.51923653680842,37.7380692639674,0.0,0.0,20.247789336177995,0.0
2050-10-13 02:00:00,0.0,42.52157874712134,37.7380692639674,0.0,0.0,20.247789336177995,0.0
2050-10-13 03:00:00,0.0,44.43944383410758,37.7380692639674,0.0,0.0,20.247789336177995,0.0
2050-10-13 04:00:00,0.0,42.15968086361477,37.7380692639674,0.0,0.0,20.247789336177995,0.0
2050-10-13 05:00:00,0.0,40.66161804213857,37.7380692639674,0.0,0.0,20.247789336177995,0.0
2050-10-13 06:00:00,0.0,40.424807470002406,37.7380692639674,0.0,0.0,20.247789336177995,0.0
2050-10-13 07:00:00,0.0,38.14662135925005,37.7380692639674,0.0,0.0,20.247789336177995,0.0
2050-10-13 08:00:00,0.0,38.16212181105561,37.7380692639674,0.0,0.0,20.247789336177995,0.0
2050-10-13 09:00:00,0.0,36.791551961633786,37.7380692639674,0.0,0.0,20.247789336177995,0.0
2050-10-13 10:00:00,0.0,35.00308582684761,24.32111650239015,0.0,0.0,20.247789336177995,0.0
2050-10-13 11:00:00,0.0,36.27573724672061,20.47051917538936,0.0,0.0,20.247789336177995,0.0
2050-10-13 12:00:00,0.0,33.92983784400235,37.7380692639674,0.0,0.0,20.247789336177995,0.0
2050-10-13 13:00:00,0.0,35.2007474785637,37.7380692639674,0.0,0.0,20.247789336177995,0.0
2050-10-13 14:00:00,0.0,34.16713212215814,37.7380692639674,0.0,0.0,20.247789336177995,0.0
2050-10-13 15:00:00,0.0,36.06598465946945,37.7380692639674,0.0,0.0,20.247789336177995,0.0
2050-10-13 16:00:00,0.0,35.62748929528243,37.7380692639674,0.0,0.0,20.247789336177995,0.0
2050-10-13 17:00:00,0.0,36.04954201018404,37.7380692639674,0.0,0.0,20.247789336177995,0.0
2050-10-13 18:00:00,0.0,37.28352284574021,37.7380692639674,0.0,0.0,20.247789336177995,0.0
2050-10-13 19:00:00,0.0,39.77413273061802,37.7380692639674,0.0,0.0,20.247789336177995,0.0
2050-10-13 20:00:00,0.0,40.29135826958486,37.7380692639674,0.0,0.0,20.247789336177995,0.0
2050-10-13 21:00:00,0.0,43.02929548432803,37.7380692639674,0.0,0.0,20.247789336177995,0.0
2050-10-13 22:00:00,0.0,42.65022859261194,0.0,4.34099470802032,0.0,0.0,4.569671562273055
2050-10-13 23:00:00,0.0,42.89217495947241,0.0,0.0,0.0,0.0,0.14008512551761354
2050-10-14 00:00:00,0.0,43.075623572805625,0.0,0.0,0.0,0.0,0.0
2050-10-14 01:00:00,0.0,43.797112234920405,0.0,0.0,0.0,0.0,0.0
2050-10-14 02:00:00,0.0,43.3395876606271,0.0,0.0,0.0,0.0,0.0
2050-10-14 03:00:00,0.0,42.75820890351224,0.0,0.0,0.0,0.0,0.0
2050-10-14 04:00:00,0.0,41.561457344260816,0.0,0.0,0.0,0.0,0.0
2050-10-14 05:00:00,0.0,43.0348616796507,0.0,0.0,0.0,0.0,0.0
2050-10-14 06:00:00,0.0,39.67044588166232,0.0,0.0,0.0,0.0,0.0
2050-10-14 07:00:00,0.0,39.954711985351196,0.0,0.0,0.0,0.0,0.0
2050-10-14 08:00:00,0.0,37.27197964120546,0.0,0.0,0.0,0.0,0.0
2050-10-14 09:00:00,0.0,37.263583452669536,0.0,0.0,0.0,0.0,0.0
2050-10-14 10:00:00,0.0,34.682690674706464,0.0,0.0,0.0,0.0,0.0
2050-10-14 11:00:00,0.0,35.50018838167557,0.0,0.0,0.0,1.5370858376115848,0.0
2050-10-14 12:00:00,0.0,34.6322183381983,0.0,0.0,0.0,0.0,0.0
2050-10-14 13:00:00,0.0,33.96527505335962,1.6071879880825044,0.0,0.0,0.0,0.0
2050-10-14 14:00:00,0.0,33.72511010185349,15.197080470951164,0.0,0.0,20.247789336177995,0.0
2050-10-14 15:00:00,0.0,34.98516196097671,37.7380692639674,0.0,0.0,20.247789336177995,0.0
2050-10-14 16:00:00,0.0,35.72624914094149,37.7380692639674,0.0,0.0,20.247789336177995,0.0
2050-10-14 17:00:00,0.0,35.1897639723727,4.737691083023577,0.0,0.0,20.247789336177995,0.0
2050-10-14 18:00:00,0.0,37.994215946403756,28.31459643467896,0.0,0.0,20.247789336177995,0.0
2050-10-14 19:00:00,0.0,37.99251644328274,5.916166328231135,0.0,0.0,0.0,0.0
2050-10-14 20:00:00,0.0,39.794385561171794,20.47584783679776,0.0,0.0,0.5904517451830316,0.0
2050-10-14 21:00:00,0.0,41.46654673791954,11.378687148952768,0.0,0.0,7.827797581259688,0.0
2050-10-14 22:00:00,0.0,43.57312020550967,0.0,25.349421249986406,0.0,0.0,26.006841503054748
2050-10-14 23:00:00,0.0,44.68366473707306,0.0,45.66916980673502,0.0,0.0,0.0
2050-10-15 00:00:00,0.0,40.42652013955944,0.0,44.159443776303426,0.0,0.0,38.394910120795046
2050-10-15 01:00:00,0.0,40.19877076123316,0.0,48.62552183750089,0.0,0.0,38.394910120795046
2050-10-15 02:00:00,0.0,41.294629519593855,0.0,48.62552183750089,0.0,0.0,38.394910120795046
2050-10-15 03:00:00,0.0,40.46581881364045,0.0,48.62552183750089,0.0,0.0,38.394910120795046
2050-10-15 04:00:00,0.0,40.80091228466176,0.0,48.62552183750089,0.0,0.0,38.394910120795046
2050-10-15 05:00:00,0.0,40.36661886079969,0.0,48.62552183750089,0.0,0.0,0.0
2050-10-15 06:00:00,0.0,37.896141071819784,0.0,48.62552183750089,0.0,0.0,0.0
2050-10-15 07:00:00,0.0,36.97373758940148,0.0,48.62552183750089,0.0,0.0,38.394910120795046
2050-10-15 08:00:00,0.0,34.89465696601496,0.0,48.62552183750089,0.0,0.0,1.4368458207838906
2050-10-15 09:00:00,0.0,33.80843387898767,0.0,48.62552183750089,0.0,0.0,38.394910120795046
2050-10-15 10:00:00,0.0,33.43087648057531,0.0,48.62552183750089,0.0,0.0,38.394910120795046
2050-10-15 11:00:00,0.0,32.079671571381596,0.0,30.32956399306008,0.0,0.0,38.394910120795046
2050-10-15 12:00:00,0.0,33.09430414796407,0.0,0.0,0.0,0.0,38.394910120795046
2050-10-15 13:00:00,0.0,32.43719947826207,0.0,0.0,0.0,0.0,38.394910120795046
2050-10-15 14:00:00,0.0,32.95783005863905,0.0,0.0,0.0,0.0,38.394910120795046
2050-10-15 15:00:00,0.0,30.71510637313895,9.485224082025056,0.0,0.0,0.0,38.394910120795046
2050-10-15 16:00:00,0.0,32.71384869169242,11.731884364342633,0.0,0.0,0.0,0.0
2050-10-15 17:00:00,0.0,34.067844262824565,14.026202357372426,0.0,0.0,0.0,24.855031450516083
2050-10-15 18:00:00,0.0,36.03316060854149,37.7380692639674,0.0,0.0,0.0,0.0
2050-10-15 19:00:00,0.0,36.13082667138792,35.814088681398935,0.0,0.0,0.0,0.0
2050-10-15 20:00:00,0.0,38.104576978697196,18.74083676743757,0.0,0.0,0.0,0.0
2050-10-15 21:00:00,0.0,38.507658856095304,5.582585885165209,0.0,0.0,0.0,0.0
2050-10-15 22:00:00,0.0,38.83596815176793,0.0,29.57551658116728,0.0,0.0,30.31918367772912
2050-10-15 23:00:00,0.0,39.86935951916098,0.0,48.62552183750089,0.0,0.0,38.394910120795046
2050-10-16 00:00:00,0.0,40.46680113451998,0.0,48.62552183750089,0.0,0.0,38.394910120795046
2050-10-16 01:00:00,0.0,41.51304390530663,0.0,48.62552183750089,0.0,0.0,38.394910120795046
2050-10-16 02:00:00,0.0,40.61692334875602,0.0,48.62552183750089,0.0,0.0,38.394910120795046
2050-10-16 03:00:00,0.0,41.415719672880186,0.0,48.62552183750089,0.0,0.0,38.394910120795046
2050-10-16 04:00:00,0.0,40.57970532600052,0.0,48.62552183750089,0.0,0.0,17.016354408058543
2050-10-16 05:00:00,0.0,38.78795580539622,0.0,48.62552183750089,0.0,0.0,38.394910120795046
2050-10-16 06:00:00,0.0,37.40554079654635,0.0,48.62552183750089,0.0,0.0,38.394910120795046
2050-10-16 07:00:00,0.0,36.79858883892393,0.0,48.62552183750089,0.0,0.0,38.394910120795046
2050-10-16 08:00:00,0.0,35.5405022374282,0.0,48.62552183750089,0.0,0.0,0.0
2050-10-16 09:00:00,0.0,33.97181530611033,0.0,48.62552183750089,0.0,0.0,0.0
2050-10-16 10:00:00,0.0,34.31937353468106,0.0,48.62552183750089,0.0,0.0,0.0
2050-10-16 11:00:00,0.0,33.469781825397604,0.0,7.587584816375916,0.0,0.0,0.0
2050-10-16 12:00:00,0.0,31.415299912561068,0.0,0.0,0.0,0.0,0.0
2050-10-16 13:00:00,0.0,32.80974473079732,0.0,0.0,0.0,0.0,0.0
2050-10-16 14:00:00,0.0,31.992888472677123,0.601376476510552,0.0,0.0,0.0,0.0
2050-10-16 15:00:00,0.0,32.52480816374691,19.3601450632768,0.0,0.0,0.0,0.0
2050-10-16 16:00:00,0.0,34.051076514562965,37.7380692639674,0.0,0.0,0.0,38.394910120795046
2050-10-16 17:00:00,0.0,34.946403458909344,23.94343937049058,0.0,0.0,0.0,0.0
2050-10-16 18:00:00,0.0,35.96314530901691,37.7380692639674,0.0,0.0,0.0,0.0
2050-10-16 19:00:00,0.0,36.540377967764925,37.7380692639674,0.0,0.0,0.0,0.0
2050-10-16 20:00:00,0.0,38.87385237615126,24.102548917192465,0.0,0.0,0.0,38.394910120795046
2050-10-16 21:00:00,0.0,39.537056322872786,4.923524642333263,0.0,0.0,0.0,0.0
2050-10-16 22:00:00,0.0,40.10293556695797,0.0,31.50121264004041,0.0,0.0,0.0
2050-10-16 23:00:00,0.0,39.14534334109385,0.0,48.62552183750089,0.0,0.0,0.6157914190381305
2050-10-17 00:00:00,0.0,45.13980278120948,0.0,48.62552183750089,0.0,0.0,0.0
2050-10-17 01:00:00,0.0,43.758397576368225,0.0,48.62552183750089,0.0,0.0,38.394910120795046
2050-10-17 02:00:00,0.0,42.53783194996572,0.0,48.62552183750089,0.0,0.0,38.394910120795046
2050-10-17 03:00:00,0.0,42.70397214955051,0.0,48.62552183750089,0.0,0.0,38.394910120795046
2050-10-17 04:00:00,0.0,41.31815838101738,0.0,43.709862583344055,0.0,0.0,0.0
2050-10-17 05:00:00,0.0,40.15633329727507,0.0,23.982944071666044,0.0,0.0,27.57103243623935
2050-10-17 06:00:00,0.0,40.99804541178651,0.0,31.240121971407333,0.0,0.0,38.394910120795046
2050-10-17 07:00:00,0.0,39.49281915645906,0.0,25.30640208491011,0.0,0.0,38.394910120795046
2050-10-17 08:00:00,0.0,38.705287782559026,0.0,0.0,0.0,0.0,0.0
2050-10-17 09:00:00,0.0,35.84174253367678,0.0,20.526505555396845,0.0,0.0,0.0
2050-10-17 10:00:00,0.0,35.8357316438894,0.0,1.18910523367003,0.0,0.0,0.0
2050-10-17 11:00:00,0.0,34.89963594196888,0.0,0.0,0.0,0.0,0.0
2050-10-17 12:00:00,0.0,33.723027420072185,0.0,0.0,0.0,0.0,0.0
2050-10-17 13:00:00,0.0,33.184499876240125,0.0,0.0,0.0,0.0,0.0
2050-10-17 14:00:00,0.0,33.02207941123106,0.0,0.0,0.0,0.0,0.0
2050-10-17 15:00:00,0.0,34.816343462422765,0.0,0.0,0.0,0.0,0.0
2050-10-17 16:00:00,0.0,36.360271022023426,0.0,0.0,0.0,0.0,0.0
2050-10-17 17:00:00,0.0,36.36961261135502,0.0,0.0,0.0,0.0,0.0
2050-10-17 18:00:00,0.0,35.90478529685015,0.0,0.0,0.0,0.0,0.0
2050-10-17 19:00:00,0.0,39.2663274067977,0.0,0.0,0.0,0.0,0.0
2050-10-17 20:00:00,0.0,40.04020909503356,0.0,0.0,0.0,0.0,0.0
2050-10-17 21:00:00,0.0,41.28544028080569,0.0,0.0,0.0,0.0,0.0
2050-10-17 22:00:00,0.0,41.07057201901739,0.0,0.0,0.0,0.0,0.0
2050-10-17 23:00:00,0.0,44.13935419471454,0.0,0.0,0.0,0.0,0.0
2050-10-18 00:00:00,0.0,44.5292844725825,0.0,0.0,0.0,0.0,0.0
2050-10-18 01:00:00,0.0,43.400949642515116,0.0,0.0,0.0,0.0,0.0
2050-10-18 02:00:00,0.0,43.642938815542266,0.0,0.0,0.0,0.0,0.0
2050-10-18 03:00:00,0.0,42.36097849359203,0.0,0.0,0.0,0.0,0.0
2050-10-18 04:00:00,0.0,41.31372672634211,0.0,0.0,0.0,0.0,0.0
2050-10-18 05:00:00,0.0,40.98262046560103,0.0,0.0,0.0,0.0,0.0
2050-10-18 06:00:00,0.0,39.549651075219344,0.0,0.0,0.0,0.0,0.0
2050-10-18 07:00:00,0.0,38.48730623956726,0.0,0.0,0.0,0.0,0.0
2050-10-18 08:00:00,0.0,36.9361963540091,0.0,0.0,0.0,0.0,0.0
2050-10-18 09:00:00,0.0,35.8872709498055,0.0,0.0,0.0,0.0,0.0
2050-10-18 10:00:00,0.0,35.201763619890926,0.0,0.0,0.0,0.0,0.0
2050-10-18 11:00:00,0.0,35.17910008159515,0.0,0.0,0.0,0.0,0.0
2050-10-18 12:00:00,0.0,33.372523285264606,0.0,0.0,0.0,0.0,0.0
2050-10-18 13:00:00,0.0,34.415051060829,0.0,0.0,0.0,0.0,0.0
2050-10-18 14:00:00,0.0,34.193871225664225,0.0,0.0,0.0,0.0,0.0
2050-10-18 15:00:00,0.0,34.25981694081497,0.0,0.0,0.0,0.0,0.0
2050-10-18 16:00:00,0.0,35.47138473823952,0.0,0.0,0.0,0.0,0.0
2050-10-18 17:00:00,0.0,37.389702910876395,0.0,0.0,0.0,0.0,0.0
2050-10-18 18:00:00,0.0,38.00540627991654,0.0,0.0,0.0,0.0,0.0
2050-10-18 19:00:00,0.0,40.11024352303252,0.0,0.0,0.0,0.0,0.0
2050-10-18 20:00:00,0.0,40.5073255828197,0.0,0.0,0.0,0.0,0.0
2050-10-18 21:00:00,0.0,41.2880866719579,0.0,0.0,0.0,0.0,0.0
2050-10-18 22:00:00,0.0,40.35338588035211,0.0,0.0,0.0,0.0,0.0
2050-10-18 23:00:00,0.0,43.06855709869933,0.0,0.0,0.0,0.0,0.0
2050-10-19 00:00:00,0.0,44.337117102716775,0.0,0.0,0.0,0.0,0.0
2050-10-19 01:00:00,0.0,44.381628308404515,0.0,0.0,0.0,0.0,0.0
2050-10-19 02:00:00,0.0,42.78952918813911,0.0,0.0,0.0,0.0,0.0
2050-10-19 03:00:00,0.0,42.78083226266449,0.0,0.0,0.0,0.0,0.0
2050-10-19 04:00:00,0.0,42.419015712848704,0.0,0.0,0.0,0.0,0.0
2050-10-19 05:00:00,0.0,40.72925329793338,0.0,0.0,0.0,0.0,0.0
2050-10-19 06:00:00,0.0,38.40702165898119,0.0,0.0,0.0,0.0,0.0
2050-10-19 07:00:00,0.0,39.262525336223916,0.0,0.0,0.0,0.0,0.0
2050-10-19 08:00:00,0.0,37.47166400018136,0.0,0.0,0.0,0.0,0.0
2050-10-19 09:00:00,0.0,35.311681102629564,0.0,0.0,0.0,0.0,0.0
2050-10-19 10:00:00,0.0,34.45157954493038,0.0,0.0,0.0,0.0,0.0
2050-10-19 11:00:00,0.0,34.3610078249842,0.0,0.0,0.0,0.0,0.0
2050-10-19 12:00:00,0.0,34.613266722888966,0.0,0.0,0.0,0.0,0.0
2050-10-19 13:00:00,0.0,33.31731115345974,0.0,0.0,0.0,0.0,0.0
2050-10-19 14:00:00,0.0,34.370652582418415,0.0,0.0,0.0,0.0,0.0
2050-10-19 15:00:00,0.0,33.744231361053835,0.0,0.0,0.0,0.0,0.0
2050-10-19 16:00:00,0.0,35.67856150656894,0.0,0.0,0.0,0.0,0.0
2050-10-19 17:00:00,0.0,36.76528206962303,0.0,0.0,0.0,0.0,0.0
2050-10-19 18:00:00,0.0,38.32051647104731,0.0,0.0,0.0,0.0,0.0
2050-10-19 19:00:00,0.0,38.168143840711764,0.0,0.0,0.0,0.0,0.0
2050-10-19 20:00:00,0.0,41.48219103532438,0.0,0.0,0.0,0.0,0.0
2050-10-19 21:00:00,0.0,40.1537698796551,0.0,0.0,0.0,0.0,0.0
2050-10-19 22:00:00,0.0,41.741957745548916,0.0,0.0,0.0,0.0,0.0
2050-10-19 23:00:00,0.0,42.62991546846706,0.0,0.0,0.0,0.0,0.0
2050-10-20 00:00:00,0.0,41.49944450776684,0.0,0.0,0.0,0.0,0.0
2050-10-20 01:00:00,0.0,42.22483663760727,0.0,0.0,0.0,0.0,0.0
2050-10-20 02:00:00,0.0,41.35758600554004,0.0,0.0,0.0,0.0,0.0
2050-10-20 03:00:00,0.0,41.77953219739766,0.0,0.0,0.0,0.0,0.0
2050-10-20 04:00:00,0.0,42.76021702988646,0.0,0.0,0.0,0.0,0.0
2050-10-20 05:00:00,0.0,41.23677221129401,0.0,0.0,0.0,0.0,0.0
2050-10-20 06:00:00,0.0,39.89875117819679,0.0,0.0,0.0,0.0,0.0
2050-10-20 07:00:00,0.0,38.35628858660789,0.0,0.0,0.0,0.0,0.0
2050-10-20 08:00:00,0.0,38.3084738047844,0.0,0.0,0.0,0.0,0.0
2050-10-20 09:00:00,0.0,36.27233500434659,0.0,0.0,0.0,0.0,0.0
2050-10-20 10:00:00,0.0,33.98587231892384,0.0,0.0,0.0,0.0,0.0
2050-10-20 11:00:00,0.0,34.61574318103044,0.0,0.0,0.0,0.0,0.0
2050-10-20 12:00:00,0.0,34.284045945944854,0.0,0.0,0.0,0.0,0.0
2050-10-20 13:00:00,0.0,32.85663285056012,0.0,0.0,0.0,0.0,0.0
2050-10-20 14:00:00,0.0,35.10463881413648,0.0,0.0,0.0,0.0,0.0
2050-10-20 15:00:00,0.0,35.18606232160141,0.0,0.0,0.0,0.0,0.0
2050-10-20 16:00:00,0.0,33.95298961374806,0.0,0.0,0.0,0.0,0.0
2050-10-20 17:00:00,0.0,35.519899294085235,0.0,0.0,0.0,0.0,0.0
2050-10-20 18:00:00,0.0,36.94273255171743,0.0,0.0,0.0,0.0,0.0
2050-10-20 19:00:00,0.0,39.23073877770548,0.0,0.0,0.0,0.0,0.0
2050-10-20 20:00:00,0.0,39.622524580065374,0.0,0.0,0.0,0.0,0.0
2050-10-20 21:00:00,0.0,41.0144566956717,0.0,0.0,0.0,0.0,0.0
2050-10-20 22:00:00,0.0,42.076247407441315,0.0,0.0,0.0,0.0,0.0
2050-10-20 23:00:00,0.0,41.98595672663737,0.0,0.0,0.0,0.0,0.0
2050-10-21 00:00:00,0.0,43.242906671334595,0.0,0.0,0.0,0.0,0.0
2050-10-21 01:00:00,0.0,42.77470379538386,0.0,0.0,0.0,0.0,0.0
2050-10-21 02:00:00,0.0,42.810826471585415,0.0,0.0,0.0,0.0,0.0
2050-10-21 03:00:00,0.0,42.661155833667635,0.0,0.0,0.0,0.0,0.0
2050-10-21 04:00:00,0.0,41.01945501329624,0.0,0.0,0.0,0.0,0.0
2050-10-21 05:00:00,0.0,40.98136612434632,0.0,0.0,0.0,0.0,0.0
2050-10-21 06:00:00,0.0,39.218317494561916,0.0,0.0,0.0,0.0,0.0
2050-10-21 07:00:00,0.0,37.9463861671195,0.0,0.0,0.0,0.0,0.0
2050-10-21 08:00:00,0.0,36.844404242435985,0.0,0.0,0.0,0.0,0.0
2050-10-21 09:00:00,0.0,36.616210584290684,0.0,0.0,0.0,0.0,0.0
2050-10-21 10:00:00,0.0,35.744349111924976,0.0,0.0,0.0,0.0,0.0
2050-10-21 11:00:00,0.0,34.767561957124826,0.0,0.0,0.0,0.0,0.0
2050-10-21 12:00:00,0.0,33.94399620471995,0.0,0.0,0.0,0.0,0.0
2050-10-21 13:00:00,0.0,33.398866686347446,0.0,0.0,0.0,0.0,0.0
2050-10-21 14:00:00,0.0,34.525047489200006,0.0,0.0,0.0,0.0,0.0
2050-10-21 15:00:00,0.0,33.356605373370485,0.0,0.0,0.0,0.0,0.0
2050-10-21 16:00:00,0.0,34.85876687326322,0.0,0.0,0.0,0.0,0.0
2050-10-21 17:00:00,0.0,36.194617788589085,0.0,0.0,0.0,0.0,0.0
2050-10-21 18:00:00,0.0,38.284935115231065,0.0,0.0,0.0,0.0,0.0
2050-10-21 19:00:00,0.0,37.83508194855267,0.0,0.0,0.0,0.0,0.0
2050-10-21 20:00:00,0.0,38.49673169523112,0.0,0.0,0.0,0.0,0.0
2050-10-21 21:00:00,0.0,40.27156267829173,0.0,0.0,0.0,0.0,0.0
2050-10-21 22:00:00,0.0,42.150961420492195,0.0,0.0,0.0,0.0,0.0
2050-10-21 23:00:00,0.0,42.259295510306174,0.0,0.0,0.0,0.0,0.0
2050-10-22 00:00:00,0.0,40.690029031872655,0.0,0.0,0.0,0.0,0.0
2050-10-22 01:00:00,0.0,40.22724931338712,0.0,0.0,0.0,0.0,0.0
2050-10-22 02:00:00,0.0,40.39423722664128,0.0,0.0,0.0,0.0,0.0
2050-10-22 03:00:00,0.0,39.30047951699703,0.0,0.0,0.0,0.0,0.0
2050-10-22 04:00:00,0.0,39.55887794570299,0.0,0.0,0.0,0.0,0.0
2050-10-22 05:00:00,0.0,36.81370397243154,0.0,0.0,0.0,0.0,0.0
2050-10-22 06:00:00,0.0,36.40462030128606,0.0,0.0,0.0,0.0,0.0
2050-10-22 07:00:00,0.0,36.75183804934045,0.0,0.0,0.0,0.0,0.0
2050-10-22 08:00:00,0.0,34.74034058324628,0.0,0.0,0.0,0.0,0.0
2050-10-22 09:00:00,0.0,33.593548814037604,0.0,0.0,0.0,0.0,0.0
2050-10-22 10:00:00,0.0,32.81207278674219,0.0,0.0,0.0,0.0,0.0
2050-10-22 11:00:00,0.0,31.777970880276598,0.0,0.0,0.0,0.0,0.0
2050-10-22 12:00:00,0.0,31.21029697313088,0.0,0.0,0.0,0.0,0.0
2050-10-22 13:00:00,0.0,32.61360174975698,0.0,0.0,0.0,0.0,0.0
2050-10-22 14:00:00,0.0,31.303475773898754,0.0,0.0,0.0,0.0,0.0
2050-10-22 15:00:00,0.0,32.55908900998088,0.0,0.0,0.0,0.0,0.0
2050-10-22 16:00:00,0.0,33.991445561211094,0.0,0.0,0.0,0.0,0.0
2050-10-22 17:00:00,0.0,33.58497611476673,0.0,0.0,0.0,0.0,0.0
2050-10-22 18:00:00,0.0,34.06104746705296,0.0,0.0,0.0,0.0,0.0
2050-10-22 19:00:00,0.0,36.5387676992716,0.0,0.0,0.0,0.0,0.0
2050-10-22 20:00:00,0.0,37.13595573628277,37.7380692639674,0.0,0.0,0.0,0.0
2050-10-22 21:00:00,0.0,37.517454341924804,37.7380692639674,0.0,0.0,0.0,0.0
2050-10-22 22:00:00,0.0,38.7383666774424,37.7380692639674,0.0,0.0,0.0,0.0
2050-10-22 23:00:00,0.0,39.5661116319784,32.593572653203395,0.0,0.0,0.0,0.0
2050-10-23 00:00:00,0.0,40.4744768183275,21.634514760266157,0.0,0.0,0.0,0.0
2050-10-23 01:00:00,0.0,39.410698254935824,37.7380692639674,0.0,0.0,0.0,0.0
2050-10-23 02:00:00,0.0,40.67646932381649,34.40809417291344,0.0,0.0,0.0,0.0
2050-10-23 03:00:00,0.0,40.23221409654366,29.438944023767903,0.0,0.0,0.0,0.0
2050-10-23 04:00:00,0.0,38.398424645726664,37.7380692639674,0.0,0.0,0.0,0.0
2050-10-23 05:00:00,0.0,38.0888891333459,0.0,0.0,0.0,0.0,0.0
2050-10-23 06:00:00,0.0,36.53348324130343,0.0,0.0,0.0,0.0,0.0
2050-10-23 07:00:00,0.0,36.1880423749767,0.0,0.0,0.0,0.0,0.0
2050-10-23 08:00:00,0.0,35.03485561432876,0.0,0.0,0.0,0.0,0.0
2050-10-23 09:00:00,0.0,35.274224854184695,0.0,0.0,0.0,0.0,0.0
2050-10-23 10:00:00,0.0,32.64527743632152,0.0,0.0,0.0,0.0,0.0
2050-10-23 11:00:00,0.0,31.793022774204246,0.0,0.0,0.0,0.0,0.0
2050-10-23 12:00:00,0.0,31.867196210472684,0.0,0.0,0.0,18.845989366447515,0.0
2050-10-23 13:00:00,0.0,31.483743404737424,0.0,0.0,0.0,0.0,0.0
2050-10-23 14:00:00,0.0,31.668984526903387,1.9026282125577967,0.0,0.0,20.247789336177995,0.0
2050-10-23 15:00:00,0.0,32.61703469523286,37.7380692639674,0.0,0.0,20.247789336177995,0.0
2050-10-23 16:00:00,0.0,33.18479314261094,37.7380692639674,0.0,0.0,20.247789336177995,0.0
2050-10-23 17:00:00,0.0,34.83811651981932,37.7380692639674,0.0,0.0,20.247789336177995,0.0
2050-10-23 18:00:00,0.0,36.177058697271605,37.7380692639674,0.0,0.0,20.247789336177995,0.0
2050-10-23 19:00:00,0.0,35.7520830297683,34.77531031249447,0.0,0.0,20.247789336177995,0.0
2050-10-23 20:00:00,0.0,36.89733125595217,22.35364842399559,0.0,0.0,0.0,0.0
2050-10-23 21:00:00,0.0,39.42526116502927,7.113412015503126,0.0,0.0,20.247789336177995,0.0
2050-10-23 22:00:00,0.0,39.89515255703145,0.0,34.36529480662419,0.0,20.247789336177995,0.0
2050-10-23 23:00:00,0.0,39.280670033051365,0.0,48.62552183750089,0.0,20.247789336177995,0.0
2050-10-24 00:00:00,0.0,42.70934086115449,0.0,48.62552183750089,0.0,0.0,0.0
2050-10-24 01:00:00,0.0,42.62590916587055,0.0,26.474786370045948,0.0,0.0,0.0
2050-10-24 02:00:00,0.0,42.43024446689901,0.0,5.132491319285825,0.0,0.0,0.0
2050-10-24 03:00:00,0.0,41.886124504949294,0.0,0.0,0.0,0.0,0.0
2050-10-24 04:00:00,0.0,40.72601987268831,0.0,0.0,0.0,0.0,0.0
2050-10-24 05:00:00,0.0,41.30373389109195,0.0,0.0,0.0,0.0,0.0
2050-10-24 06:00:00,0.0,39.24453145636312,0.0,0.0,0.0,0.0,0.0
2050-10-24 07:00:00,0.0,38.73670659685058,29.271538010361624,0.0,0.0,20.247789336177995,0.0
2050-10-24 08:00:00,0.0,35.65248268462642,28.579461726769132,0.0,0.0,20.247789336177995,0.0
2050-10-24 09:00:00,0.0,37.20837442368202,19.700485463707455,0.0,0.0,13.790339824595218,0.0
2050-10-24 10:00:00,0.0,34.8934072686277,0.0,0.0,0.0,0.0,0.0
2050-10-24 11:00:00,0.0,34.54266405229578,0.0,0.0,0.0,0.0,0.0
2050-10-24 12:00:00,0.0,33.584857557096484,1.9310564974706281,0.0,0.0,0.0,0.0
2050-10-24 13:00:00,0.0,33.38800537046177,37.7380692639674,0.0,0.0,20.247789336177995,0.0
2050-10-24 14:00:00,0.0,33.87086764341075,37.7380692639674,0.0,0.0,8.643712694953017,0.0
2050-10-24 15:00:00,0.0,34.93567684561867,37.7380692639674,0.0,0.0,0.0,0.0
2050-10-24 16:00:00,0.0,34.969139608358546,37.7380692639674,0.0,0.0,20.247789336177995,0.0
2050-10-24 17:00:00,0.0,36.495825468119165,37.7380692639674,0.0,0.0,0.0,0.0
2050-10-24 18:00:00,0.0,38.03374890229088,37.7380692639674,0.0,0.0,0.0,0.0
2050-10-24 19:00:00,0.0,37.6717381554638,37.7380692639674,0.0,0.0,0.0,0.0
2050-10-24 20:00:00,0.0,38.92314297115604,37.7380692639674,0.0,0.0,0.0,0.0
2050-10-24 21:00:00,0.0,38.8474697765962,37.7380692639674,0.0,0.0,0.0,0.0
2050-10-24 22:00:00,0.0,41.096813609915216,37.7380692639674,0.0,0.0,20.247789336177995,0.0
2050-10-24 23:00:00,0.0,43.24296986910008,37.7380692639674,0.0,0.0,0.0,0.0
2050-10-25 00:00:00,0.0,42.304175386529096,26.363933849052337,0.0,0.0,20.247789336177995,0.0
2050-10-25 01:00:00,0.0,42.99714365860905,12.488185766787502,0.0,0.0,20.247789336177995,0.0
2050-10-25 02:00:00,0.0,42.597763949615,6.574304983562449,0.0,0.0,20.247789336177995,0.0
2050-10-25 03:00:00,0.0,42.369842627110074,3.141829453023199,0.0,0.0,0.0,0.0
2050-10-25 04:00:00,0.0,41.87264538067507,0.0,0.0,0.0,0.0,38.394910120795046
2050-10-25 05:00:00,0.0,40.170221143393746,0.0,28.897950420806804,0.0,0.0,38.394910120795046
2050-10-25 06:00:00,0.0,39.6640614775888,0.0,40.678832380596035,0.0,0.0,0.0
2050-10-25 07:00:00,0.0,35.84915765490359,0.0,15.78809649238493,0.0,0.0,0.0
2050-10-25 08:00:00,0.0,36.81215692293699,0.0,0.0,0.0,0.0,0.0
2050-10-25 09:00:00,0.0,35.75849065040575,0.0,0.0,0.0,20.247789336177995,0.0
2050-10-25 10:00:00,0.0,34.047406838174766,0.0,0.0,0.0,20.247789336177995,0.0
2050-10-25 11:00:00,0.0,33.52840058413881,0.0,0.0,0.0,20.247789336177995,0.0
2050-10-25 12:00:00,0.0,33.38903554973399,0.0,0.0,0.0,0.0,0.0
2050-10-25 13:00:00,0.0,33.26541775196711,0.0,0.0,0.0,0.0,0.0
2050-10-25 14:00:00,0.0,33.765220348151615,37.7380692639674,0.0,0.0,0.0,0.0
2050-10-25 15:00:00,0.0,32.04272893650955,19.82176687769322,0.0,0.0,0.0,0.0
2050-10-25 16:00:00,0.0,34.817741724340976,37.7380692639674,0.0,0.0,0.0,0.0
2050-10-25 17:00:00,0.0,36.48268470052085,17.326492346363366,0.0,0.0,0.0,0.0
2050-10-25 18:00:00,0.0,37.46971209480898,37.04522715893112,0.0,0.0,0.0,0.0
2050-10-25 19:00:00,0.0,38.868733120304114,26.742583847734625,0.0,0.0,0.0,0.0
2050-10-25 20:00:00,0.0,38.838483144043266,18.643059051090024,0.0,0.0,0.0,0.0
2050-10-25 21:00:00,0.0,40.76812778791418,22.413247523516475,0.0,0.0,0.0,0.0
2050-10-25 22:00:00,0.0,41.49483721907836,0.0,7.9001768911983845,0.0,0.0,5.127871262639901
2050-10-25 23:00:00,0.0,41.90635483242863,0.0,47.967086493801496,0.0,0.0,0.0
2050-10-26 00:00:00,0.0,41.84527980765006,0.0,48.62552183750089,0.0,0.0,38.394910120795046
2050-10-26 01:00:00,0.0,42.508843244127775,0.0,48.62552183750089,0.0,0.0,38.394910120795046
2050-10-26 02:00:00,0.0,41.801679827513226,0.0,48.62552183750089,0.0,0.0,38.394910120795046
2050-10-26 03:00:00,0.0,41.05835328226726,0.0,48.62552183750089,0.0,0.0,0.0
2050-10-26 04:00:00,0.0,41.59854090530803,0.0,48.62552183750089,0.0,0.0,0.0
2050-10-26 05:00:00,0.0,40.11948963322607,0.0,48.62552183750089,0.0,0.0,0.0
2050-10-26 06:00:00,0.0,39.983542381742154,0.0,48.62552183750089,0.0,0.0,38.394910120795046
2050-10-26 07:00:00,0.0,38.34618324271969,0.0,48.62552183750089,0.0,0.0,38.394910120795046
2050-10-26 08:00:00,0.0,37.89977199825353,0.0,48.62552183750089,0.0,0.0,38.394910120795046
2050-10-26 09:00:00,0.0,35.98609370087752,0.0,48.62552183750089,0.0,0.0,38.394910120795046
2050-10-26 10:00:00,0.0,36.52716721037518,0.0,37.62701191837915,0.0,0.0,38.394910120795046
2050-10-26 11:00:00,0.0,33.315877134434004,0.0,37.62701191837915,0.0,0.0,38.394910120795046
2050-10-26 12:00:00,0.0,33.50908861921994,0.0,7.899093871471544,0.0,0.0,8.060299868848515
2050-10-26 13:00:00,0.0,33.32910021487055,0.0,0.0,0.0,0.0,0.0
2050-10-26 14:00:00,0.0,32.45918680298632,0.0,0.0,0.0,0.0,0.0
2050-10-26 15:00:00,0.0,33.89868634499203,0.0,0.0,0.0,0.0,0.0
2050-10-26 16:00:00,0.0,33.683090951051554,0.0,0.0,0.0,0.0,0.0
2050-10-26 17:00:00,0.0,36.77492047785199,0.0,0.0,0.0,0.0,0.0
2050-10-26 18:00:00,0.0,38.97158109640736,0.0,0.0,0.0,0.0,0.0
2050-10-26 19:00:00,0.0,38.37719571035882,0.0,0.0,0.0,0.0,0.0
2050-10-26 20:00:00,0.0,39.01472663736581,0.0,0.0,0.0,0.0,0.0
2050-10-26 21:00:00,0.0,39.680741185227134,0.0,0.0,0.0,0.0,0.0
2050-10-26 22:00:00,0.0,40.72730908393851,0.0,0.0,0.0,0.0,0.0
2050-10-26 23:00:00,0.0,42.57213912545876,0.0,0.0,0.0,0.0,0.0
2050-10-27 00:00:00,0.0,41.8055076824769,0.0,0.0,0.0,0.0,0.0
2050-10-27 01:00:00,0.0,43.659434196385064,0.0,0.0,0.0,0.0,0.0
2050-10-27 02:00:00,0.0,42.6709421283615,0.0,0.0,0.0,0.0,0.0
2050-10-27 03:00:00,0.0,41.422410611543,0.0,0.0,0.0,0.0,0.0
2050-10-27 04:00:00,0.0,41.12596648959516,0.0,0.0,0.0,0.0,0.0
2050-10-27 05:00:00,0.0,41.47242862137023,0.0,0.0,0.0,0.0,0.0
2050-10-27 06:00:00,0.0,39.92926988332488,0.0,0.0,0.0,0.0,0.0
2050-10-27 07:00:00,0.0,38.44835767846007,0.0,0.0,0.0,0.0,0.0
2050-10-27 08:00:00,0.0,36.55028497179592,0.0,0.0,0.0,0.0,0.0
2050-10-27 09:00:00,0.0,36.86994555035176,0.0,0.0,0.0,0.0,0.0
2050-10-27 10:00:00,0.0,34.283406446959816,0.0,0.0,0.0,0.0,0.0
2050-10-27 11:00:00,0.0,32.37534611818205,0.0,0.0,0.0,0.0,0.0
2050-10-27 12:00:00,0.0,33.62805048115888,0.0,0.0,0.0,0.0,0.0
2050-10-27 13:00:00,0.0,33.25067861776324,0.0,0.0,0.0,0.0,0.0
2050-10-27 14:00:00,0.0,32.785227975754424,0.0,0.0,0.0,0.0,0.0
2050-10-27 15:00:00,0.0,34.9073521583025,0.0,0.0,0.0,0.0,0.0
2050-10-27 16:00:00,0.0,35.40436450289485,0.0,0.0,0.0,0.0,0.0
2050-10-27 17:00:00,0.0,36.437935096576666,28.92541333739714,0.0,0.0,20.247789336177995,0.0
2050-10-27 18:00:00,0.0,36.068462321292145,28.92541333739714,0.0,0.0,20.247789336177995,0.0
2050-10-27 19:00:00,0.0,37.508348169847295,28.92541333739714,0.0,0.0,20.247789336177995,0.0
2050-10-27 20:00:00,0.0,39.51579068416777,28.92541333739714,0.0,0.0,20.247789336177995,0.0
2050-10-27 21:00:00,0.0,41.85937252402732,28.92541333739714,0.0,0.0,20.247789336177995,0.0
2050-10-27 22:00:00,0.0,41.42818473969987,28.92541333739714,0.0,0.0,20.247789336177995,0.0
2050-10-27 23:00:00,0.0,41.34398664401397,37.7380692639674,0.0,0.0,20.247789336177995,0.0
2050-10-28 00:00:00,0.0,43.10499676417817,24.836919126926773,0.0,0.0,20.247789336177995,0.0
2050-10-28 01:00:00,0.0,43.1016202323608,37.7380692639674,0.0,0.0,20.247789336177995,0.0
2050-10-28 02:00:00,0.0,42.87273795569263,37.7380692639674,0.0,0.0,20.247789336177995,0.0
2050-10-28 03:00:00,0.0,40.837361040673386,37.7380692639674,0.0,0.0,20.247789336177995,0.0
2050-10-28 04:00:00,0.0,41.14074858603021,37.7380692639674,0.0,0.0,20.247789336177995,0.0
2050-10-28 05:00:00,0.0,40.30172263778218,37.7380692639674,0.0,0.0,20.247789336177995,0.0
2050-10-28 06:00:00,0.0,40.608323199773395,37.7380692639674,0.0,0.0,20.247789336177995,0.0
2050-10-28 07:00:00,0.0,39.03179270656142,37.7380692639674,0.0,0.0,20.247789336177995,0.0
2050-10-28 08:00:00,0.0,36.11672406256912,37.7380692639674,0.0,0.0,20.247789336177995,0.0
2050-10-28 09:00:00,0.0,36.27414600515044,37.7380692639674,0.0,0.0,20.247789336177995,0.0
2050-10-28 10:00:00,0.0,32.75207120413529,37.7380692639674,0.0,0.0,20.247789336177995,0.0
2050-10-28 11:00:00,0.0,35.4706979676414,37.71390573575698,0.0,0.0,20.247789336177995,0.0
2050-10-28 12:00:00,0.0,33.48594870596162,37.7380692639674,0.0,0.0,20.247789336177995,0.0
2050-10-28 13:00:00,0.0,34.1148916552886,37.7380692639674,0.0,0.0,20.247789336177995,0.0
2050-10-28 14:00:00,0.0,32.99122154637507,37.7380692639674,0.0,0.0,20.247789336177995,0.0
2050-10-28 15:00:00,0.0,35.06845703762906,37.7380692639674,0.0,0.0,20.247789336177995,0.0
2050-10-28 16:00:00,0.0,35.82238607349359,37.7380692639674,0.0,0.0,20.247789336177995,0.0
2050-10-28 17:00:00,0.0,35.73897995799416,37.7380692639674,0.0,0.0,20.247789336177995,0.0
2050-10-28 18:00:00,0.0,37.10217613055852,37.7380692639674,0.0,0.0,20.247789336177995,0.0
2050-10-28 19:00:00,0.0,37.566073499357344,29.055304430664847,0.0,0.0,20.247789336177995,0.0
2050-10-28 20:00:00,0.0,37.84547220552486,20.043743115733704,0.0,0.0,11.088262372691691,0.0
2050-10-28 21:00:00,0.0,41.6635056324335,5.154577633522692,0.0,0.0,0.0,0.0
2050-10-28 22:00:00,0.0,41.8952743493503,0.0,16.27643238208965,0.0,0.0,38.394910120795046
2050-10-28 23:00:00,0.0,42.2662257360073,0.0,48.62552183750089,0.0,0.0,38.394910120795046
2050-10-29 00:00:00,0.0,40.05443381173882,0.0,48.62552183750089,0.0,0.0,38.394910120795046
2050-10-29 01:00:00,0.0,39.206628786171905,0.0,48.62552183750089,0.0,0.0,38.394910120795046
2050-10-29 02:00:00,0.0,38.8638841400068,0.0,48.62552183750089,0.0,0.0,38.394910120795046
2050-10-29 03:00:00,0.0,38.769879068059254,0.0,48.62552183750089,0.0,0.0,38.394910120795046
2050-10-29 04:00:00,0.0,38.720279169727064,0.0,48.62552183750089,0.0,0.0,38.394910120795046
2050-10-29 05:00:00,0.0,38.2721092555887,0.0,48.62552183750089,0.0,0.0,38.394910120795046
2050-10-29 06:00:00,0.0,36.07013942270851,0.0,48.62552183750089,0.0,0.0,38.394910120795046
2050-10-29 07:00:00,0.0,35.43195261348319,0.0,48.62552183750089,0.0,0.0,38.394910120795046
2050-10-29 08:00:00,0.0,33.212595949359184,0.0,48.62552183750089,0.0,0.0,38.394910120795046
2050-10-29 09:00:00,0.0,34.118012557949214,0.0,48.62552183750089,0.0,0.0,38.394910120795046
2050-10-29 10:00:00,0.0,33.141122426077345,0.0,48.62552183750089,0.0,0.0,38.394910120795046
2050-10-29 11:00:00,0.0,32.289743979586774,0.0,46.74136686857152,0.0,0.0,38.394910120795046
2050-10-29 12:00:00,0.0,32.287631526482755,0.0,7.7175790970729246,0.0,0.0,7.875080711298903
2050-10-29 13:00:00,0.0,30.45000077139821,0.0,0.0,0.0,0.0,0.0
2050-10-29 14:00:00,0.0,31.6436328900038,0.0,0.0,0.0,0.0,0.0
2050-10-29 15:00:00,0.0,32.656563592855264,0.0,0.0,0.0,0.0,0.0
2050-10-29 16:00:00,0.0,32.644283393296064,0.0,0.0,0.0,0.0,0.0
2050-10-29 17:00:00,0.0,33.54512951327297,0.0,0.0,0.0,0.0,0.0
2050-10-29 18:00:00,0.0,34.635907047039154,0.0,0.0,0.0,0.0,0.0
2050-10-29 19:00:00,0.0,35.872807157631996,0.0,0.0,0.0,0.0,0.0
2050-10-29 20:00:00,0.0,38.02494985571002,0.0,0.0,0.0,0.0,0.0
2050-10-29 21:00:00,0.0,37.43159325756983,0.0,0.0,0.0,0.0,0.0
2050-10-29 22:00:00,0.0,37.87356567553206,0.0,0.0,0.0,0.0,0.0
2050-10-29 23:00:00,0.0,39.20643214750453,0.0,0.0,0.0,0.0,0.0
2050-10-30 00:00:00,0.0,39.006402186547575,0.0,0.0,0.0,0.0,0.0
2050-10-30 01:00:00,0.0,39.0432695528948,0.0,0.0,0.0,0.0,0.0
2050-10-30 02:00:00,0.0,40.326670643601574,0.0,0.0,0.0,0.0,0.0
2050-10-30 03:00:00,0.0,38.062352667719324,0.0,0.0,0.0,0.0,0.0
2050-10-30 04:00:00,0.0,38.02360144813747,0.0,0.0,0.0,0.0,0.0
2050-10-30 05:00:00,0.0,36.60636892270418,0.0,0.0,0.0,0.0,0.0
2050-10-30 06:00:00,0.0,36.29318002976402,0.0,0.0,0.0,0.0,0.0
2050-10-30 07:00:00,0.0,35.2343803367005,0.0,0.0,0.0,0.0,0.0
2050-10-30 08:00:00,0.0,34.34307859313412,0.0,0.0,0.0,0.0,0.0
2050-10-30 09:00:00,0.0,34.13453667343856,0.0,0.0,0.0,0.0,0.0
2050-10-30 10:00:00,0.0,32.25226272104669,0.0,0.0,0.0,0.0,0.0
2050-10-30 11:00:00,0.0,31.26091184786742,0.0,0.0,0.0,0.0,0.0
2050-10-30 12:00:00,0.0,31.67610409776421,0.0,0.0,0.0,0.0,0.0
2050-10-30 13:00:00,0.0,31.51032535285276,0.0,0.0,0.0,0.0,0.0
2050-10-30 14:00:00,0.0,31.406533746709783,0.0,0.0,0.0,0.0,0.0
2050-10-30 15:00:00,0.0,31.967640843595746,0.0,0.0,0.0,0.0,0.0
2050-10-30 16:00:00,0.0,34.10763857965958,0.0,0.0,0.0,0.0,0.0
2050-10-30 17:00:00,0.0,32.46387434217877,0.0,0.0,0.0,0.0,0.0
2050-10-30 18:00:00,0.0,34.828266972939446,14.23268398381458,0.0,0.0,9.962878788670205,0.0
2050-10-30 19:00:00,0.0,36.416628144174865,37.7380692639674,0.0,0.0,0.0,9.762644850775512
2050-10-30 20:00:00,0.0,37.10702894572864,37.7380692639674,0.0,0.0,20.247789336177995,0.0
2050-10-30 21:00:00,0.0,37.28288311170763,25.697385189588367,0.0,0.0,0.0,0.0
2050-10-30 22:00:00,0.0,39.47285425840005,0.0,0.0,0.0,20.247789336177995,0.0
2050-10-30 23:00:00,0.0,39.85400798752289,0.0,0.0,0.0,0.0,1.2789805649596246
2050-10-31 00:00:00,0.0,41.7267414534449,0.0,0.0,0.0,0.0,38.394910120795046
2050-10-31 01:00:00,0.0,44.24692544661343,23.507911161174675,0.0,0.0,0.0,0.0
2050-10-31 02:00:00,0.0,41.95157038541538,22.411673766109743,0.0,0.0,0.0,0.0
2050-10-31 03:00:00,0.0,41.58725207696261,11.20339322838759,0.0,0.0,0.0,0.0
2050-10-31 04:00:00,0.0,42.152625869845906,0.11505868581427592,0.0,0.0,0.0,0.0
2050-10-31 05:00:00,0.0,40.32817467960285,0.0,31.06164173352143,0.0,0.0,0.0
2050-10-31 06:00:00,0.0,38.67093595366464,0.0,33.69225254749916,0.0,0.0,0.0
2050-10-31 07:00:00,0.0,38.56681605703511,0.0,48.62552183750089,0.0,0.0,0.0
2050-10-31 08:00:00,0.0,37.6427983325932,0.0,0.0,0.0,0.0,0.0
2050-10-31 09:00:00,0.0,36.9077736372476,0.0,0.0,0.0,0.0,0.0
2050-10-31 10:00:00,0.0,35.161921790353745,0.0,0.0,0.0,0.0,0.0
2050-10-31 11:00:00,0.0,33.77326632622567,0.0,5.010026676479163,0.0,0.0,0.0
2050-10-31 12:00:00,0.0,33.81534835826483,0.0,0.0,0.0,0.0,0.0
2050-10-31 13:00:00,0.0,33.244872033276806,0.0,0.0,0.0,0.0,0.0
2050-10-31 14:00:00,0.0,33.49410528468184,0.0,0.0,0.0,0.0,0.0
2050-10-31 15:00:00,0.0,33.827675733993146,0.0,0.0,0.0,0.0,0.0
2050-10-31 16:00:00,0.0,34.30927993203227,0.0,0.0,0.0,0.0,0.0
2050-10-31 17:00:00,0.0,34.998730091653215,0.0,0.0,0.0,0.0,0.0
2050-10-31 18:00:00,0.0,36.795855645022584,0.0,0.0,0.0,0.0,0.0
2050-10-31 19:00:00,0.0,37.85974481297853,1.1454463681609286,0.0,0.0,20.247789336177995,19.842833549454433
2050-10-31 20:00:00,0.0,38.55530336596394,0.0,0.0,0.0,0.0,0.0
2050-10-31 21:00:00,0.0,39.68134537525907,0.0,0.0,0.0,0.0,0.0
2050-10-31 22:00:00,0.0,41.42794487516767,0.0,0.0,0.0,0.0,0.0
2050-10-31 23:00:00,0.0,41.4667066769764,0.0,0.0,0.0,0.0,0.0
2050-11-01 00:00:00,0.0,42.57217523175905,0.0,0.0,0.0,0.0,0.0
2050-11-01 01:00:00,0.0,41.93653373091229,0.0,0.0,0.0,0.0,0.0
2050-11-01 02:00:00,0.0,41.05591412865738,0.0,0.0,0.0,0.0,0.0
2050-11-01 03:00:00,0.0,40.00101595067349,0.0,0.0,0.0,0.0,0.0
2050-11-01 04:00:00,0.0,40.71818162785007,0.0,0.0,0.0,0.0,0.0
2050-11-01 05:00:00,0.0,40.52983773884944,0.0,0.0,0.0,0.0,0.0
2050-11-01 06:00:00,0.0,38.76423866052255,0.0,0.0,0.0,0.0,0.0
2050-11-01 07:00:00,0.0,37.03723647170705,0.0,0.0,0.0,0.0,0.0
2050-11-01 08:00:00,0.0,37.49718316650615,0.0,0.0,0.0,0.0,0.0
2050-11-01 09:00:00,0.0,34.337173002792724,0.0,0.0,0.0,0.0,0.0
2050-11-01 10:00:00,0.0,34.51846144298861,0.0,0.0,0.0,0.0,0.0
2050-11-01 11:00:00,0.0,32.72614792801028,0.0,0.0,0.0,0.0,0.0
2050-11-01 12:00:00,0.0,32.75117460184288,0.0,0.0,0.0,0.0,0.0
2050-11-01 13:00:00,0.0,33.47790072143948,0.0,0.0,0.0,0.0,0.0
2050-11-01 14:00:00,0.0,32.64206968153485,0.0,0.0,0.0,0.0,0.0
2050-11-01 15:00:00,0.0,33.76187435228644,0.0,0.0,0.0,0.0,0.0
2050-11-01 16:00:00,0.0,33.82661270905692,0.0,0.0,0.0,0.0,0.0
2050-11-01 17:00:00,0.0,35.452368225482815,0.0,0.0,0.0,0.0,0.0
2050-11-01 18:00:00,0.0,37.69475350735979,0.0,0.0,0.0,0.0,0.0
2050-11-01 19:00:00,0.0,38.08189063419309,0.0,0.0,0.0,0.0,0.0
2050-11-01 20:00:00,0.0,39.84375930126885,0.0,0.0,0.0,0.0,0.0
2050-11-01 21:00:00,0.0,38.72590959385002,0.0,0.0,0.0,0.0,0.0
2050-11-01 22:00:00,0.0,41.47222023547056,0.0,0.0,0.0,0.0,0.0
2050-11-01 23:00:00,0.0,43.03607997657218,0.0,0.0,0.0,0.0,0.0
2050-11-02 00:00:00,0.0,41.673825423771405,0.0,0.0,0.0,0.0,0.0
2050-11-02 01:00:00,0.0,42.30473799803258,0.0,0.0,0.0,0.0,0.0
2050-11-02 02:00:00,0.0,42.39360585390705,0.0,0.0,0.0,0.0,0.0
2050-11-02 03:00:00,0.0,42.0812424221258,0.0,0.0,0.0,0.0,0.0
2050-11-02 04:00:00,0.0,41.15820683859556,0.0,0.0,0.0,0.0,0.0
2050-11-02 05:00:00,0.0,39.90646393942143,0.0,0.0,0.0,0.0,0.0
2050-11-02 06:00:00,0.0,40.02723823378369,0.0,0.0,0.0,0.0,0.0
2050-11-02 07:00:00,0.0,37.33383366991734,0.0,0.0,0.0,0.0,0.0
2050-11-02 08:00:00,0.0,36.88819068897055,0.0,0.0,0.0,0.0,0.0
2050-11-02 09:00:00,0.0,35.247063354667034,0.0,0.0,0.0,0.0,0.0
2050-11-02 10:00:00,0.0,33.945306553398495,0.0,0.0,0.0,0.0,0.0
2050-11-02 11:00:00,0.0,34.36481864228267,0.0,0.0,0.0,0.0,0.0
2050-11-02 12:00:00,0.0,34.62905170710542,0.0,0.0,0.0,0.0,0.0
2050-11-02 13:00:00,0.0,31.647123138768393,0.0,0.0,0.0,0.0,0.0
2050-11-02 14:00:00,0.0,34.322704900213466,0.0,0.0,0.0,0.0,0.0
2050-11-02 15:00:00,0.0,35.22651238709091,0.0,0.0,0.0,0.0,0.0
2050-11-02 16:00:00,0.0,35.31020559587614,0.0,0.0,0.0,0.0,0.0
2050-11-02 17:00:00,0.0,35.19996246997039,0.0,0.0,0.0,0.0,0.0
2050-11-02 18:00:00,0.0,36.37443439876506,0.0,0.0,0.0,0.0,0.0
2050-11-02 19:00:00,0.0,37.40492387580207,0.0,0.0,0.0,0.0,0.0
2050-11-02 20:00:00,0.0,39.14627158437361,0.0,0.0,0.0,0.0,0.0
2050-11-02 21:00:00,0.0,40.06314964927242,0.0,0.0,0.0,0.0,0.0
2050-11-02 22:00:00,0.0,40.687617144553315,0.0,0.0,0.0,0.0,0.0
2050-11-02 23:00:00,0.0,41.023520424712615,0.0,0.0,0.0,0.0,0.0
2050-11-03 00:00:00,0.0,42.79808702133596,0.0,0.0,0.0,0.0,0.0
2050-11-03 01:00:00,0.0,42.12774560868388,0.0,0.0,0.0,0.0,0.0
2050-11-03 02:00:00,0.0,43.53422797896269,0.0,0.0,0.0,0.0,0.0
2050-11-03 03:00:00,0.0,40.59026610536807,0.0,0.0,0.0,0.0,0.0
2050-11-03 04:00:00,0.0,40.70740676359492,0.0,0.0,0.0,0.0,0.0
2050-11-03 05:00:00,0.0,40.22814322988779,0.0,0.0,0.0,0.0,0.0
2050-11-03 06:00:00,0.0,38.818658697124874,0.0,0.0,0.0,0.0,0.0
2050-11-03 07:00:00,0.0,38.49016787905748,0.0,0.0,0.0,0.0,0.0
2050-11-03 08:00:00,0.0,37.012730977925,0.0,0.0,0.0,0.0,0.0
2050-11-03 09:00:00,0.0,35.50707820287994,0.0,0.0,0.0,0.0,0.0
2050-11-03 10:00:00,0.0,33.5508023138791,0.0,0.0,0.0,0.0,0.0
2050-11-03 11:00:00,0.0,32.87964785209374,0.0,0.0,0.0,0.0,0.0
2050-11-03 12:00:00,0.0,32.541263337168175,0.0,0.0,0.0,0.0,0.0
2050-11-03 13:00:00,0.0,32.76870535817079,0.0,0.0,0.0,0.0,0.0
2050-11-03 14:00:00,0.0,33.5606428284284,0.0,0.0,0.0,0.0,0.0
2050-11-03 15:00:00,0.0,34.49972312220393,0.0,0.0,0.0,0.0,0.0
2050-11-03 16:00:00,0.0,34.7354628971691,0.0,0.0,0.0,0.0,0.0
2050-11-03 17:00:00,0.0,35.8592622209826,0.0,0.0,0.0,0.0,0.0
2050-11-03 18:00:00,0.0,37.161249339382266,0.0,0.0,0.0,0.0,0.0
2050-11-03 19:00:00,0.0,37.04458426256542,0.0,0.0,0.0,0.0,0.0
2050-11-03 20:00:00,0.0,38.06041915708329,0.0,0.0,0.0,0.0,0.0
2050-11-03 21:00:00,0.0,38.705623338681335,0.0,0.0,0.0,0.0,0.0
2050-11-03 22:00:00,0.0,41.43801461859675,0.0,0.0,0.0,0.0,0.0
2050-11-03 23:00:00,0.0,41.85739393951667,0.0,0.0,0.0,0.0,0.0
2050-11-04 00:00:00,0.0,42.45347943002548,0.0,0.0,0.0,0.0,0.0
2050-11-04 01:00:00,0.0,41.442283481687355,0.0,0.0,0.0,0.0,0.0
2050-11-04 02:00:00,0.0,42.47087316173861,0.0,0.0,0.0,0.0,0.0
2050-11-04 03:00:00,0.0,43.23143819230063,0.0,0.0,0.0,0.0,0.0
2050-11-04 04:00:00,0.0,39.985584120014664,0.0,0.0,0.0,0.0,0.0
2050-11-04 05:00:00,0.0,39.41089077164679,0.0,0.0,0.0,0.0,0.0
2050-11-04 06:00:00,0.0,38.61900623101269,0.0,0.0,0.0,0.0,0.0
2050-11-04 07:00:00,0.0,36.5182042620047,0.0,0.0,0.0,0.0,0.0
2050-11-04 08:00:00,0.0,35.844055655915554,0.0,0.0,0.0,0.0,0.0
2050-11-04 09:00:00,0.0,35.635371450347066,0.0,0.0,0.0,0.0,0.0
2050-11-04 10:00:00,0.0,34.4896568315246,0.0,0.0,0.0,0.0,0.0
2050-11-04 11:00:00,0.0,33.46848544357158,0.0,0.0,0.0,0.0,0.0
2050-11-04 12:00:00,0.0,31.8882939312075,0.0,0.0,0.0,0.0,0.0
2050-11-04 13:00:00,0.0,32.10314182408615,0.0,0.0,0.0,0.0,0.0
2050-11-04 14:00:00,0.0,32.11565103991893,0.0,0.0,0.0,0.0,0.0
2050-11-04 15:00:00,0.0,34.088100851058925,0.0,0.0,0.0,0.0,0.0
2050-11-04 16:00:00,0.0,34.86554075546519,0.0,0.0,0.0,0.0,0.0
2050-11-04 17:00:00,0.0,34.979503890335536,0.0,0.0,0.0,0.0,0.0
2050-11-04 18:00:00,0.0,36.97747269979209,0.0,0.0,0.0,0.0,0.0
2050-11-04 19:00:00,0.0,38.077624917047615,0.0,0.0,0.0,0.0,0.0
2050-11-04 20:00:00,0.0,37.90907738019496,0.0,0.0,0.0,0.0,0.0
2050-11-04 21:00:00,0.0,40.77913955752024,0.0,0.0,0.0,0.0,0.0
2050-11-04 22:00:00,0.0,41.49418845416403,0.0,0.0,0.0,0.0,0.0
2050-11-04 23:00:00,0.0,41.3702868758794,0.0,0.0,0.0,0.0,0.0
2050-11-05 00:00:00,0.0,39.95784712502086,0.0,0.0,0.0,0.0,0.0
2050-11-05 01:00:00,0.0,39.10893216240879,0.0,0.0,0.0,0.0,0.0
2050-11-05 02:00:00,0.0,38.91423395524089,0.0,0.0,0.0,0.0,0.0
2050-11-05 03:00:00,0.0,38.45616131802899,0.0,0.0,0.0,0.0,0.0
2050-11-05 04:00:00,0.0,37.764985097838235,0.0,0.0,0.0,0.0,0.0
2050-11-05 05:00:00,0.0,36.838293124581014,0.0,0.0,0.0,0.0,0.0
2050-11-05 06:00:00,0.0,36.32188263640887,0.0,0.0,0.0,0.0,0.0
2050-11-05 07:00:00,0.0,34.87096788364738,0.0,0.0,0.0,0.0,0.0
2050-11-05 08:00:00,0.0,34.92684027573455,0.0,0.0,0.0,0.0,0.0
2050-11-05 09:00:00,0.0,33.31632620724645,0.0,0.0,0.0,0.0,0.0
2050-11-05 10:00:00,0.0,31.521142199946553,0.0,0.0,0.0,0.0,0.0
2050-11-05 11:00:00,0.0,31.729917825153052,0.0,0.0,0.0,0.0,0.0
2050-11-05 12:00:00,0.0,30.520972229606286,0.0,0.0,0.0,0.0,0.0
2050-11-05 13:00:00,0.0,31.261617826773772,0.0,0.0,0.0,0.0,0.0
2050-11-05 14:00:00,0.0,30.778771750010947,0.0,0.0,0.0,0.0,0.0
2050-11-05 15:00:00,0.0,31.19401946046287,0.0,0.0,0.0,0.0,0.0
2050-11-05 16:00:00,0.0,31.801168382798778,0.0,0.0,0.0,0.0,0.0
2050-11-05 17:00:00,0.0,32.51047705470614,0.0,0.0,0.0,0.0,0.0
2050-11-05 18:00:00,0.0,33.31103088029408,0.0,0.0,0.0,0.0,0.0
2050-11-05 19:00:00,0.0,34.952092719260236,0.0,0.0,0.0,0.0,0.0
2050-11-05 20:00:00,0.0,36.363593361389576,0.0,0.0,0.0,0.0,0.0
2050-11-05 21:00:00,0.0,36.29679373209956,0.0,0.0,0.0,0.0,0.0
2050-11-05 22:00:00,0.0,37.848322024669415,0.0,0.0,0.0,0.0,0.0
2050-11-05 23:00:00,0.0,38.87435744410527,23.277627313340414,0.0,0.0,16.29433911933829,0.0
2050-11-06 00:00:00,0.0,38.80939746664626,0.0,0.0,0.0,0.0,0.0
2050-11-06 01:00:00,0.0,39.2345616542093,28.92541333739714,0.0,0.0,20.247789336177995,0.0
2050-11-06 02:00:00,0.0,39.69387078538898,28.92541333739714,0.0,0.0,20.247789336177995,0.0
2050-11-06 03:00:00,0.0,39.603023833828274,28.92541333739714,0.0,0.0,20.247789336177995,0.0
2050-11-06 04:00:00,0.0,38.057082036449856,28.92541333739714,0.0,0.0,20.247789336177995,0.0
2050-11-06 05:00:00,0.0,36.20748944860998,37.7380692639674,0.0,0.0,20.247789336177995,0.0
2050-11-06 06:00:00,0.0,35.79319632215061,37.7380692639674,0.0,0.0,20.247789336177995,0.0
2050-11-06 07:00:00,0.0,33.800466738113755,37.7380692639674,0.0,0.0,20.247789336177995,0.0
2050-11-06 08:00:00,0.0,34.14339225050276,37.7380692639674,0.0,0.0,20.247789336177995,0.0
2050-11-06 09:00:00,0.0,33.026331655951026,37.7380692639674,0.0,0.0,20.247789336177995,0.0
2050-11-06 10:00:00,0.0,30.717247490275668,37.7380692639674,0.0,0.0,20.247789336177995,0.0
2050-11-06 11:00:00,0.0,32.16835265403779,37.7380692639674,0.0,0.0,20.247789336177995,0.0
2050-11-06 12:00:00,0.0,30.331804829714656,37.7380692639674,0.0,0.0,20.247789336177995,0.0
2050-11-06 13:00:00,0.0,30.4169190721791,37.7380692639674,0.0,0.0,20.247789336177995,0.0
2050-11-06 14:00:00,0.0,31.116142941303906,37.7380692639674,0.0,0.0,20.247789336177995,0.0
2050-11-06 15:00:00,0.0,30.39191179627528,37.7380692639674,0.0,0.0,20.247789336177995,0.0
2050-11-06 16:00:00,0.0,31.9880230213746,37.7380692639674,0.0,0.0,20.247789336177995,0.0
2050-11-06 17:00:00,0.0,33.5421268182331,37.7380692639674,0.0,0.0,20.247789336177995,0.0
2050-11-06 18:00:00,0.0,35.233274198556956,37.7380692639674,0.0,0.0,20.247789336177995,0.0
2050-11-06 19:00:00,0.0,34.56939972397822,37.7380692639674,0.0,0.0,20.247789336177995,0.0
2050-11-06 20:00:00,0.0,37.159845671576704,37.7380692639674,0.0,0.0,20.247789336177995,0.0
2050-11-06 21:00:00,0.0,37.3889203574829,37.7380692639674,0.0,0.0,20.247789336177995,0.0
2050-11-06 22:00:00,0.0,37.63423574200988,37.7380692639674,0.0,0.0,20.247789336177995,0.0
2050-11-06 23:00:00,0.0,38.157888519595645,37.7380692639674,0.0,0.0,20.247789336177995,0.0
2050-11-07 00:00:00,0.0,41.93530774876717,37.7380692639674,0.0,0.0,20.247789336177995,0.0
2050-11-07 01:00:00,0.0,42.81845028719158,37.7380692639674,0.0,0.0,20.247789336177995,0.0
2050-11-07 02:00:00,0.0,40.24247562695132,37.7380692639674,0.0,0.0,20.247789336177995,0.0
2050-11-07 03:00:00,0.0,42.55516736879531,37.7380692639674,0.0,0.0,20.247789336177995,0.0
2050-11-07 04:00:00,0.0,42.47872680309433,37.7380692639674,0.0,0.0,20.247789336177995,0.0
2050-11-07 05:00:00,0.0,40.080298582343175,37.7380692639674,0.0,0.0,20.247789336177995,0.0
2050-11-07 06:00:00,0.0,38.25343437743891,37.7380692639674,0.0,0.0,20.247789336177995,0.0
2050-11-07 07:00:00,0.0,38.301046623509365,37.7380692639674,0.0,0.0,20.247789336177995,0.0
2050-11-07 08:00:00,0.0,36.837251816315074,37.7380692639674,0.0,0.0,20.247789336177995,0.0
2050-11-07 09:00:00,0.0,35.01024934040561,37.7380692639674,0.0,0.0,20.247789336177995,0.0
2050-11-07 10:00:00,0.0,35.34643300539096,37.7380692639674,0.0,0.0,2.0259212940008524,0.0
2050-11-07 11:00:00,0.0,32.31713620141795,37.7380692639674,0.0,0.0,20.247789336177995,0.0
2050-11-07 12:00:00,0.0,32.18177685165642,37.7380692639674,0.0,0.0,20.247789336177995,0.0
2050-11-07 13:00:00,0.0,33.889346117230616,37.7380692639674,0.0,0.0,20.247789336177995,0.0
2050-11-07 14:00:00,0.0,32.322332466078706,37.7380692639674,0.0,0.0,20.247789336177995,0.0
2050-11-07 15:00:00,0.0,34.11139675396271,37.7380692639674,0.0,0.0,20.247789336177995,0.0
2050-11-07 16:00:00,0.0,33.16646199183219,37.7380692639674,0.0,0.0,20.247789336177995,0.0
2050-11-07 17:00:00,0.0,35.1452226311776,37.7380692639674,0.0,0.0,20.247789336177995,0.0
2050-11-07 18:00:00,0.0,36.44310832429733,37.7380692639674,0.0,0.0,20.247789336177995,0.0
2050-11-07 19:00:00,0.0,36.96983366435529,37.7380692639674,0.0,0.0,20.247789336177995,0.0
2050-11-07 20:00:00,0.0,38.07235488645756,37.7380692639674,0.0,0.0,20.247789336177995,0.0
2050-11-07 21:00:00,0.0,38.83759987172584,37.7380692639674,0.0,0.0,20.247789336177995,0.0
2050-11-07 22:00:00,0.0,42.17235290463873,37.7380692639674,0.0,0.0,20.247789336177995,0.0
2050-11-07 23:00:00,0.0,41.567230814420554,13.115374101479443,0.0,0.0,20.247789336177995,0.0
2050-11-08 00:00:00,0.0,42.398619349622095,37.7380692639674,0.0,0.0,20.247789336177995,0.0
2050-11-08 01:00:00,0.0,42.63697802243087,10.586510712063358,0.0,0.0,2.108724634826899,0.0
2050-11-08 02:00:00,0.0,41.81442175981033,4.406032940871505,0.0,0.0,18.409677288801788,0.0
2050-11-08 03:00:00,0.0,39.361971009956505,1.544320403350632,0.0,0.0,20.247789336177995,0.0
2050-11-08 04:00:00,0.0,39.414664656286504,0.0,0.0,0.0,20.247789336177995,0.0
2050-11-08 05:00:00,0.0,39.86614439375512,19.668012028511278,0.0,0.0,20.247789336177995,0.0
2050-11-08 06:00:00,0.0,37.73819502912261,36.91212290201094,0.0,0.0,20.247789336177995,0.0
2050-11-08 07:00:00,0.0,38.04473529058896,18.88038373372232,0.0,0.0,20.247789336177995,0.0
2050-11-08 08:00:00,0.0,35.89850564811832,24.590540167315794,0.0,0.0,20.247789336177995,0.0
2050-11-08 09:00:00,0.0,35.414144842228325,27.667232661789363,0.0,0.0,20.247789336177995,0.0
2050-11-08 10:00:00,0.0,34.805442553867124,33.347956787930684,0.0,0.0,20.247789336177995,0.0
2050-11-08 11:00:00,0.0,33.58835856311953,26.15941979442753,0.0,0.0,20.247789336177995,0.0
2050-11-08 12:00:00,0.0,32.43628068378848,37.7380692639674,0.0,0.0,20.247789336177995,0.0
2050-11-08 13:00:00,0.0,33.186711330524986,37.7380692639674,0.0,0.0,20.247789336177995,0.0
2050-11-08 14:00:00,0.0,32.39122292379602,37.7380692639674,0.0,0.0,20.247789336177995,0.0
2050-11-08 15:00:00,0.0,33.269412360206616,37.7380692639674,0.0,0.0,20.247789336177995,0.0
2050-11-08 16:00:00,0.0,34.04259248013136,37.7380692639674,0.0,0.0,20.247789336177995,0.0
2050-11-08 17:00:00,0.0,35.21668925312429,37.7380692639674,0.0,0.0,20.247789336177995,0.0
2050-11-08 18:00:00,0.0,35.50876656319633,37.7380692639674,0.0,0.0,20.247789336177995,0.0
2050-11-08 19:00:00,0.0,36.90851083884945,37.7380692639674,0.0,0.0,20.247789336177995,0.0
2050-11-08 20:00:00,0.0,38.39488485364245,37.7380692639674,0.0,0.0,20.247789336177995,0.0
2050-11-08 21:00:00,0.0,39.24596231238297,37.7380692639674,0.0,0.0,20.247789336177995,0.0
2050-11-08 22:00:00,0.0,40.67712661966675,37.7380692639674,0.0,0.0,20.247789336177995,0.0
2050-11-08 23:00:00,0.0,39.88915470840038,20.00913768541951,0.0,0.0,20.247789336177995,0.0
2050-11-09 00:00:00,0.0,41.63541735656281,10.805921298852947,0.0,0.0,2.492775515583446,0.0
2050-11-09 01:00:00,0.0,41.93426202258934,2.2542339900965516,0.0,0.0,0.0,0.0
2050-11-09 02:00:00,0.0,40.331725442242714,0.0,4.642430858904576,0.0,0.0,0.0
2050-11-09 03:00:00,0.0,41.74578436519778,0.0,17.355176862616084,0.0,0.0,0.0
2050-11-09 04:00:00,0.0,38.796903342836686,0.0,16.18618130830882,0.0,0.0,0.0
2050-11-09 05:00:00,0.0,40.02048477787366,0.0,20.701315865791983,0.0,0.0,0.0
2050-11-09 06:00:00,0.0,38.928783937498565,0.0,0.0,0.0,0.0,0.0
2050-11-09 07:00:00,0.0,37.15384419293309,0.0,0.0,0.0,0.0,0.0
2050-11-09 08:00:00,0.0,34.69747843984146,0.0,0.0,0.0,0.0,0.0
2050-11-09 09:00:00,0.0,36.34314939670753,0.0,0.0,0.0,0.0,0.0
2050-11-09 10:00:00,0.0,34.90318134855147,0.0,0.0,0.0,0.0,0.0
2050-11-09 11:00:00,0.0,33.69732741226426,0.0,0.0,0.0,0.0,38.394910120795046
2050-11-09 12:00:00,0.0,33.507761811551745,0.0,0.0,0.0,0.0,0.0
2050-11-09 13:00:00,0.0,32.09234705344966,0.0,0.0,0.0,0.0,21.198304396102657
2050-11-09 14:00:00,0.0,33.65433041587312,0.0,0.0,0.0,0.0,0.0
2050-11-09 15:00:00,0.0,33.79461284426657,0.0,0.0,0.0,0.0,0.0
2050-11-09 16:00:00,0.0,35.4728018033793,0.0,0.0,0.0,0.0,0.0
2050-11-09 17:00:00,0.0,34.93374991918654,1.0062428488142956,0.0,0.0,0.0,0.0
2050-11-09 18:00:00,0.0,35.747411459666864,0.0,0.0,0.0,0.0,0.0
2050-11-09 19:00:00,0.0,36.252725763342596,0.0,0.0,0.0,0.0,0.0
2050-11-09 20:00:00,0.0,38.700946610946175,3.0663541471419897,0.0,0.0,0.0,0.0
2050-11-09 21:00:00,0.0,39.169010439737804,0.0,12.297997395070633,0.0,0.0,0.0
2050-11-09 22:00:00,0.0,39.98252907004871,0.0,29.492741348888515,0.0,0.0,38.394910120795046
2050-11-09 23:00:00,0.0,40.038897817161796,0.0,48.62552183750089,0.0,0.0,0.0
2050-11-10 00:00:00,0.0,40.954416082778835,0.0,48.62552183750089,0.0,0.0,0.0
2050-11-10 01:00:00,0.0,42.92962999273345,0.0,48.62552183750089,0.0,0.0,0.0
2050-11-10 02:00:00,0.0,41.495848367258304,0.0,48.62552183750089,0.0,0.0,38.394910120795046
2050-11-10 03:00:00,0.0,41.30897029088169,0.0,48.62552183750089,0.0,0.0,38.394910120795046
2050-11-10 04:00:00,0.0,40.15636445843029,0.0,47.658343479976956,0.0,0.0,38.394910120795046
2050-11-10 05:00:00,0.0,38.991140924778165,0.0,37.26825765171487,0.0,0.0,38.394910120795046
2050-11-10 06:00:00,0.0,38.9570491466402,0.0,30.56701823333429,0.0,0.0,38.394910120795046
2050-11-10 07:00:00,0.0,37.72215458467031,0.0,30.23209163293002,0.0,0.0,0.0
2050-11-10 08:00:00,0.0,35.931088729230396,0.0,37.15086925788448,0.0,0.0,38.394910120795046
2050-11-10 09:00:00,0.0,35.4595216371315,0.0,13.26037650470413,0.0,0.0,0.0
2050-11-10 10:00:00,0.0,33.395463783080004,0.0,0.0,0.0,0.0,16.680495179333874
2050-11-10 11:00:00,0.0,34.24099639563428,0.0,0.0,0.0,0.0,0.0
2050-11-10 12:00:00,0.0,32.74646208354034,3.4527255735943356,0.0,0.0,0.0,0.0
2050-11-10 13:00:00,0.0,32.83761216356811,26.807939235788655,0.0,0.0,0.0,0.0
2050-11-10 14:00:00,0.0,32.32855371792948,37.7380692639674,0.0,0.0,0.0,0.0
2050-11-10 15:00:00,0.0,33.37085424189695,37.7380692639674,0.0,0.0,0.0,0.0
2050-11-10 16:00:00,0.0,33.36962213862171,37.7380692639674,0.0,0.0,0.0,0.0
2050-11-10 17:00:00,0.0,35.53028634465613,37.7380692639674,0.0,0.0,0.0,0.0
2050-11-10 18:00:00,0.0,35.52937842500728,37.7380692639674,0.0,0.0,20.247789336177995,0.0
2050-11-10 19:00:00,0.0,37.28857806131168,37.7380692639674,0.0,0.0,20.247789336177995,0.0
2050-11-10 20:00:00,0.0,37.9550049704435,0.0,0.0,0.0,20.247789336177995,0.0
2050-11-10 21:00:00,0.0,39.47368234011287,0.0,0.0,0.0,20.247789336177995,0.0
2050-11-10 22:00:00,0.0,39.55255951536674,0.0,0.0,0.0,0.0,0.0
2050-11-10 23:00:00,0.0,40.52867245161633,0.0,0.0,0.0,0.0,0.0
2050-11-11 00:00:00,0.0,41.8038204147208,0.0,0.0,0.0,0.0,0.0
2050-11-11 01:00:00,0.0,41.826494870367014,0.0,0.0,0.0,0.0,0.0
2050-11-11 02:00:00,0.0,41.76007591205325,0.0,0.0,0.0,0.0,0.0
2050-11-11 03:00:00,0.0,43.0797199166077,0.0,0.0,0.0,0.0,0.0
2050-11-11 04:00:00,0.0,39.817626335830255,4.852804354199122,0.0,0.0,0.0,0.0
2050-11-11 05:00:00,0.0,37.60334960267528,12.838248210831189,0.0,0.0,0.0,0.0
2050-11-11 06:00:00,0.0,37.11791748902692,20.468311457965356,0.0,0.0,0.0,0.0
2050-11-11 07:00:00,0.0,37.33028289912954,18.282183502627205,0.0,0.0,0.0,0.0
2050-11-11 08:00:00,0.0,36.3924871594229,34.261420703988335,0.0,0.0,0.0,0.0
2050-11-11 09:00:00,0.0,33.25410954015547,34.17216405740511,0.0,0.0,0.0,0.0
2050-11-11 10:00:00,0.0,33.382396038192155,13.935318858475762,0.0,0.0,20.247789336177995,0.0
2050-11-11 11:00:00,0.0,33.690234926306175,26.972793277537036,0.0,0.0,20.247789336177995,0.0
2050-11-11 12:00:00,0.0,33.69630400343044,37.7380692639674,0.0,0.0,20.247789336177995,0.0
2050-11-11 13:00:00,0.0,31.947106437723278,37.7380692639674,0.0,0.0,20.247789336177995,0.0
2050-11-11 14:00:00,0.0,33.35389677851754,37.7380692639674,0.0,0.0,20.247789336177995,0.0
2050-11-11 15:00:00,0.0,32.72584649506484,37.7380692639674,0.0,0.0,20.247789336177995,0.0
2050-11-11 16:00:00,0.0,34.289635998954736,37.7380692639674,0.0,0.0,20.247789336177995,0.0
2050-11-11 17:00:00,0.0,35.17902397547641,21.059323258558027,0.0,0.0,20.247789336177995,0.0
2050-11-11 18:00:00,0.0,36.766447054973696,18.433123697423138,0.0,0.0,9.514463911720782,0.0
2050-11-11 19:00:00,0.0,37.44915255295473,3.6076774739556043,0.0,0.0,0.0,0.0
2050-11-11 20:00:00,0.0,38.15580698888675,0.0,20.020407377187258,0.0,0.0,20.56907224509646
2050-11-11 21:00:00,0.0,38.63731670407924,0.0,29.398489577861067,0.0,0.0,30.13854387843706
2050-11-11 22:00:00,0.0,40.04877940904203,0.0,44.347591942056155,0.0,0.0,0.0
2050-11-11 23:00:00,0.0,40.49584272980337,0.0,48.62552183750089,0.0,0.0,0.0
2050-11-12 00:00:00,0.0,40.19439644416775,0.0,48.62552183750089,0.0,0.0,0.0
2050-11-12 01:00:00,0.0,39.73353026156474,0.0,48.62552183750089,0.0,0.0,11.059491388846268
2050-11-12 02:00:00,0.0,37.01870758426912,0.0,48.62552183750089,0.0,0.0,38.394910120795046
2050-11-12 03:00:00,0.0,38.259549394230135,0.0,48.62552183750089,0.0,0.0,38.394910120795046
2050-11-12 04:00:00,0.0,37.8880194421904,0.0,48.62552183750089,0.0,0.0,38.394910120795046
2050-11-12 05:00:00,0.0,35.739630906847424,0.0,48.62552183750089,0.0,0.0,38.394910120795046
2050-11-12 06:00:00,0.0,36.75434718335214,0.0,48.04437665724824,0.0,0.0,0.0
2050-11-12 07:00:00,0.0,36.1376289358775,0.0,40.17727488144075,0.0,0.0,38.394910120795046
2050-11-12 08:00:00,0.0,33.84941793293274,0.0,15.662316167480899,0.0,0.0,38.394910120795046
2050-11-12 09:00:00,0.0,32.38545627620556,0.0,0.0,0.0,0.0,0.0
2050-11-12 10:00:00,0.0,31.872804470824804,0.0,0.0,0.0,0.0,38.394910120795046
2050-11-12 11:00:00,0.0,32.80887986984044,0.0,0.0,0.0,0.0,38.394910120795046
2050-11-12 12:00:00,0.0,31.888818741995692,0.0,0.0,0.0,0.0,0.0
2050-11-12 13:00:00,0.0,30.163297333427863,0.0,0.0,0.0,0.0,38.394910120795046
2050-11-12 14:00:00,0.0,31.25760981205599,0.024972619389380668,0.0,0.0,0.0,38.394910120795046
2050-11-12 15:00:00,0.0,31.144458253304265,0.17970559048800894,0.0,0.0,0.0,38.394910120795046
2050-11-12 16:00:00,0.0,32.255936277541196,19.931682282308167,0.0,0.0,0.0,17.637764314971857
2050-11-12 17:00:00,0.0,34.280020748738934,8.337923412512332,0.0,0.0,0.0,0.0
2050-11-12 18:00:00,0.0,32.925665283741864,0.0,0.0,0.0,0.0,0.0
2050-11-12 19:00:00,0.0,35.44243418191809,31.978429538180855,0.0,0.0,0.0,0.0
2050-11-12 20:00:00,0.0,36.375534433849,8.248931277715364,0.0,0.0,0.0,0.0
2050-11-12 21:00:00,0.0,37.350948660877975,0.0,9.251573619449616,0.0,0.0,0.0
2050-11-12 22:00:00,0.0,36.34159053213898,0.0,31.348354866838946,0.0,0.0,0.0
2050-11-12 23:00:00,0.0,39.6156746098784,0.0,45.12289223447953,0.0,0.0,0.0
2050-11-13 00:00:00,0.0,39.972667041417935,0.0,48.62552183750089,0.0,0.0,38.394910120795046
2050-11-13 01:00:00,0.0,39.2756448286616,0.0,48.62552183750089,0.0,0.0,0.0
2050-11-13 02:00:00,0.0,39.087347901263,0.0,48.62552183750089,0.0,0.0,24.417296844673086
2050-11-13 03:00:00,0.0,38.31192797523727,0.0,48.62552183750089,0.0,0.0,38.394910120795046
2050-11-13 04:00:00,0.0,38.500903935601855,0.0,48.62552183750089,0.0,0.0,38.394910120795046
2050-11-13 05:00:00,0.0,37.27683350223697,0.0,48.62552183750089,0.0,0.0,38.394910120795046
2050-11-13 06:00:00,0.0,36.20018818737026,0.0,48.62552183750089,0.0,0.0,38.394910120795046
2050-11-13 07:00:00,0.0,35.085213368629866,0.0,48.62552183750089,0.0,0.0,38.394910120795046
2050-11-13 08:00:00,0.0,34.84013101117512,0.0,48.62552183750089,0.0,0.0,38.394910120795046
2050-11-13 09:00:00,0.0,31.744617480354236,0.0,48.62552183750089,0.0,0.0,38.394910120795046
2050-11-13 10:00:00,0.0,31.371618898078168,0.0,48.62552183750089,0.0,0.0,38.394910120795046
2050-11-13 11:00:00,0.0,32.02687397947079,0.0,48.62552183750089,0.0,0.0,38.394910120795046
2050-11-13 12:00:00,0.0,29.982778304462045,0.0,42.25874487597295,0.0,0.0,38.394910120795046
2050-11-13 13:00:00,0.0,30.530795280067878,0.0,30.258616415217002,0.0,0.0,38.394910120795046
2050-11-13 14:00:00,0.0,31.057517777360545,0.0,31.893338713235522,0.0,0.0,25.029211640637712
2050-11-13 15:00:00,0.0,29.75612012823899,0.0,27.303130307969422,0.0,0.0,27.86033704894839
2050-11-13 16:00:00,0.0,31.42432693194155,0.0,0.0,0.0,0.0,0.0
2050-11-13 17:00:00,0.0,32.35896628386786,1.7487501768488727,0.0,0.0,0.0,0.0
2050-11-13 18:00:00,0.0,34.286798113233544,1.7819109355557998,0.0,0.0,0.0,0.0
2050-11-13 19:00:00,0.0,34.9969547408557,0.0,0.0,0.0,0.0,0.0
2050-11-13 20:00:00,0.0,37.25828181498014,0.0,0.0,0.0,0.0,0.0
2050-11-13 21:00:00,0.0,36.80798903979894,0.0,20.755785676137897,0.0,0.0,38.394910120795046
2050-11-13 22:00:00,0.0,37.412366453282175,0.0,40.32476396759253,0.0,0.0,32.65313524880281
2050-11-13 23:00:00,0.0,37.43982237102455,0.0,48.62552183750089,0.0,0.0,38.394910120795046
2050-11-14 00:00:00,0.0,40.39620824203212,0.0,25.41474463829587,0.0,0.0,25.933412896220275
2050-11-14 01:00:00,0.0,40.75395547238759,0.0,7.529382178014131,0.0,0.0,18.91162663581471
2050-11-14 02:00:00,0.0,40.56053221358002,0.0,48.62552183750089,0.0,0.0,38.394910120795046
2050-11-14 03:00:00,0.0,40.27740473470885,0.0,22.937798810220425,0.0,0.0,23.405917153286147
2050-11-14 04:00:00,0.0,40.99867528382356,0.0,0.0,0.0,0.0,0.0
2050-11-14 05:00:00,0.0,38.61399109958279,0.0,0.0,0.0,0.0,0.0
2050-11-14 06:00:00,0.0,37.94856452376143,0.0,0.0,0.0,0.0,0.0
2050-11-14 07:00:00,0.0,36.199965036717686,0.0,18.939768740133264,0.0,0.0,19.32629463278905
2050-11-14 08:00:00,0.0,34.92227349483392,0.0,0.0,0.0,0.0,0.0
2050-11-14 09:00:00,0.0,35.54089697715153,0.0,0.0,0.0,0.0,0.0
2050-11-14 10:00:00,0.0,34.03910566098148,0.0,0.0,0.0,0.0,0.0
2050-11-14 11:00:00,0.0,33.29643439775805,0.0,0.0,0.0,0.0,0.0
2050-11-14 12:00:00,0.0,32.464580366962764,0.0,0.0,0.0,0.0,0.0
2050-11-14 13:00:00,0.0,32.528393700892366,0.0,0.0,0.0,0.0,0.0
2050-11-14 14:00:00,0.0,33.37595619344006,0.0,0.0,0.0,0.0,0.0
2050-11-14 15:00:00,0.0,33.38401871684982,0.0,0.0,0.0,0.0,0.0
2050-11-14 16:00:00,0.0,34.159481969573335,0.0,0.0,0.0,0.0,0.0
2050-11-14 17:00:00,0.0,35.6085313865708,0.0,0.0,0.0,0.0,0.0
2050-11-14 18:00:00,0.0,36.02228719757704,0.0,0.0,0.0,0.0,0.0
2050-11-14 19:00:00,0.0,38.00736396428056,0.0,0.0,0.0,0.0,0.0
2050-11-14 20:00:00,0.0,37.479558864938326,0.0,0.0,0.0,0.0,0.0
2050-11-14 21:00:00,0.0,39.86311328869988,0.0,0.0,0.0,0.0,0.0
2050-11-14 22:00:00,0.0,40.409000702445155,0.0,0.0,0.0,0.0,0.0
2050-11-14 23:00:00,0.0,40.920325515281775,0.0,0.0,0.0,0.0,0.0
2050-11-15 00:00:00,0.0,40.78012368335476,0.0,0.0,0.0,0.0,0.0
2050-11-15 01:00:00,0.0,42.74032798405119,0.0,0.0,0.0,0.0,0.0
2050-11-15 02:00:00,0.0,40.69460748357619,0.0,0.0,0.0,0.0,0.0
2050-11-15 03:00:00,0.0,39.983562567403624,0.0,0.0,0.0,0.0,0.0
2050-11-15 04:00:00,0.0,40.25717718333067,0.0,0.0,0.0,0.0,0.0
2050-11-15 05:00:00,0.0,39.6808115727722,0.0,0.0,0.0,0.0,0.0
2050-11-15 06:00:00,0.0,37.30012467269398,22.693680083851966,0.0,0.0,0.0,0.0
2050-11-15 07:00:00,0.0,37.16444302626769,0.0,0.0,0.0,15.877633270667028,0.0
2050-11-15 08:00:00,0.0,36.25552612052502,0.0,0.0,0.0,0.0,0.0
2050-11-15 09:00:00,0.0,34.885851755575004,0.0,10.950701029770528,0.0,0.0,15.556968744733442
2050-11-15 10:00:00,0.0,33.40587453797616,0.0,4.292980775898211,0.0,0.0,0.0
2050-11-15 11:00:00,0.0,32.12334933353054,0.0,0.0,0.0,0.0,0.0
2050-11-15 12:00:00,0.0,32.74693845794491,0.0,0.0,0.0,0.0,0.0
2050-11-15 13:00:00,0.0,33.093925751237066,0.0,0.0,0.0,0.0,0.0
2050-11-15 14:00:00,0.0,33.22870251472045,0.0,0.0,0.0,0.0,0.0
2050-11-15 15:00:00,0.0,34.177955173367764,0.0,0.0,0.0,0.0,0.0
2050-11-15 16:00:00,0.0,33.886738559952164,0.0,0.0,0.0,0.0,0.0
2050-11-15 17:00:00,0.0,35.609522103020026,0.0,0.0,0.0,0.0,0.0
2050-11-15 18:00:00,0.0,35.07882587422,0.0,0.0,0.0,0.0,0.0
2050-11-15 19:00:00,0.0,36.666713856866636,0.0,0.0,0.0,0.0,0.0
2050-11-15 20:00:00,0.0,38.910097651880506,0.0,0.0,0.0,0.0,0.0
2050-11-15 21:00:00,0.0,39.938903647741654,0.0,0.0,0.0,0.0,0.0
2050-11-15 22:00:00,0.0,40.50482281388918,0.0,0.0,0.0,0.0,0.0
2050-11-15 23:00:00,0.0,39.699078331697365,0.0,0.0,0.0,0.0,0.0
2050-11-16 00:00:00,0.0,41.53165220788196,0.0,0.0,0.0,0.0,0.0
2050-11-16 01:00:00,0.0,41.518792042175164,0.0,0.0,0.0,0.0,0.0
2050-11-16 02:00:00,0.0,41.86112825951932,0.0,0.0,0.0,0.0,0.0
2050-11-16 03:00:00,0.0,40.23222571409883,0.0,0.0,0.0,0.0,0.0
2050-11-16 04:00:00,0.0,39.25399860110679,0.0,0.0,0.0,0.0,0.0
2050-11-16 05:00:00,0.0,37.47231621930973,0.0,0.0,0.0,0.0,0.0
2050-11-16 06:00:00,0.0,39.81448684260249,0.0,0.0,0.0,0.0,0.0
2050-11-16 07:00:00,0.0,37.17098491939623,0.0,0.0,0.0,0.0,0.0
2050-11-16 08:00:00,0.0,37.070224203169346,0.0,0.0,0.0,0.0,0.0
2050-11-16 09:00:00,0.0,33.98336872635082,0.0,0.0,0.0,0.0,0.0
2050-11-16 10:00:00,0.0,33.142131808462864,0.0,0.0,0.0,0.0,0.0
2050-11-16 11:00:00,0.0,33.82773642604434,0.0,0.0,0.0,0.0,0.0
2050-11-16 12:00:00,0.0,33.522765993340045,0.0,0.0,0.0,0.0,0.0
2050-11-16 13:00:00,0.0,32.622600131750005,0.0,0.0,0.0,0.0,0.0
2050-11-16 14:00:00,0.0,32.179451021078194,0.0,0.0,0.0,0.0,0.0
2050-11-16 15:00:00,0.0,32.73325703876162,0.0,0.0,0.0,0.0,0.0
2050-11-16 16:00:00,0.0,33.082206621873866,0.0,0.0,0.0,0.0,0.0
2050-11-16 17:00:00,0.0,33.21039775985537,0.0,0.0,0.0,0.0,0.0
2050-11-16 18:00:00,0.0,36.00717888369877,0.0,0.0,0.0,0.0,0.0
2050-11-16 19:00:00,0.0,36.53890554773352,0.0,0.0,0.0,0.0,0.0
2050-11-16 20:00:00,0.0,39.067693019582975,0.0,0.0,0.0,0.0,0.0
2050-11-16 21:00:00,0.0,39.3909666263944,0.0,0.0,0.0,0.0,0.0
2050-11-16 22:00:00,0.0,39.35650250894105,0.0,0.0,0.0,0.0,0.0
2050-11-16 23:00:00,0.0,39.485766784563566,0.0,0.0,0.0,0.0,0.0
2050-11-17 00:00:00,0.0,41.31532991898894,0.0,0.0,0.0,0.0,0.0
2050-11-17 01:00:00,0.0,40.44266880913551,0.0,0.0,0.0,0.0,0.0
2050-11-17 02:00:00,0.0,41.26964251016011,0.0,0.0,0.0,0.0,0.0
2050-11-17 03:00:00,0.0,41.7146252553066,0.0,0.0,0.0,0.0,0.0
2050-11-17 04:00:00,0.0,40.768890440911036,0.0,0.0,0.0,0.0,0.0
2050-11-17 05:00:00,0.0,38.855215521261925,0.0,0.0,0.0,0.0,0.0
2050-11-17 06:00:00,0.0,37.2869374985969,0.0,0.0,0.0,0.0,0.0
2050-11-17 07:00:00,0.0,36.43041626850413,0.0,0.0,0.0,0.0,0.0
2050-11-17 08:00:00,0.0,35.859578353801,0.0,0.0,0.0,0.0,0.0
2050-11-17 09:00:00,0.0,35.0272590961024,0.0,0.0,0.0,0.0,0.0
2050-11-17 10:00:00,0.0,33.391928181900994,0.0,0.0,0.0,0.0,0.0
2050-11-17 11:00:00,0.0,33.26438427842595,0.0,0.0,0.0,0.0,0.0
2050-11-17 12:00:00,0.0,32.83756110602758,0.0,0.0,0.0,0.0,0.0
2050-11-17 13:00:00,0.0,32.56489937311608,0.0,0.0,0.0,0.0,0.0
2050-11-17 14:00:00,0.0,32.97154692625668,0.0,0.0,0.0,0.0,0.0
2050-11-17 15:00:00,0.0,31.21903473249108,0.0,0.0,0.0,0.0,0.0
2050-11-17 16:00:00,0.0,33.92884540637124,0.0,0.0,0.0,0.0,0.0
2050-11-17 17:00:00,0.0,34.88901839776213,0.0,0.0,0.0,0.0,0.0
2050-11-17 18:00:00,0.0,37.09989330965914,0.0,0.0,0.0,0.0,0.0
2050-11-17 19:00:00,0.0,35.37199171817497,0.0,0.0,0.0,0.0,0.0
2050-11-17 20:00:00,0.0,38.07043268763505,0.0,0.0,0.0,0.0,0.0
2050-11-17 21:00:00,0.0,39.669222608166365,0.0,0.0,0.0,0.0,0.0
2050-11-17 22:00:00,0.0,39.087317812367246,0.0,0.0,0.0,0.0,0.0
2050-11-17 23:00:00,0.0,41.41199137306785,0.0,0.0,0.0,0.0,0.0
2050-11-18 00:00:00,0.0,41.98796353528655,0.0,0.0,0.0,0.0,0.0
2050-11-18 01:00:00,0.0,41.333591455734904,0.0,0.0,0.0,0.0,0.0
2050-11-18 02:00:00,0.0,41.02896179296886,0.0,0.0,0.0,0.0,0.0
2050-11-18 03:00:00,0.0,41.85334976555987,0.0,0.0,0.0,0.0,0.0
2050-11-18 04:00:00,0.0,39.892654659652635,0.0,0.0,0.0,0.0,0.0
2050-11-18 05:00:00,0.0,39.48731262751926,0.0,0.0,0.0,0.0,0.0
2050-11-18 06:00:00,0.0,37.747928234301526,0.0,0.0,0.0,0.0,0.0
2050-11-18 07:00:00,0.0,37.208995750748954,0.0,0.0,0.0,0.0,0.0
2050-11-18 08:00:00,0.0,35.2878648547146,0.0,0.0,0.0,0.0,0.0
2050-11-18 09:00:00,0.0,35.02811247580394,0.0,0.0,0.0,0.0,0.0
2050-11-18 10:00:00,0.0,34.48795288564065,0.0,0.0,0.0,0.0,0.0
2050-11-18 11:00:00,0.0,33.641068633927944,0.0,0.0,0.0,0.0,0.0
2050-11-18 12:00:00,0.0,30.995679342927133,0.0,0.0,0.0,0.0,0.0
2050-11-18 13:00:00,0.0,31.014874666130936,0.0,0.0,0.0,0.0,0.0
2050-11-18 14:00:00,0.0,32.35766097498231,23.254796234650648,0.0,0.0,0.0,0.0
2050-11-18 15:00:00,0.0,32.70972548232203,0.0,0.0,0.0,0.0,0.0
2050-11-18 16:00:00,0.0,31.756453527371605,0.0,0.0,0.0,0.0,0.0
2050-11-18 17:00:00,0.0,36.02639393075583,0.0,0.0,0.0,0.0,0.0
2050-11-18 18:00:00,0.0,35.29181891776102,1.0703789321185653,0.0,0.0,0.0,0.0
2050-11-18 19:00:00,0.0,35.244063690671965,37.7380692639674,0.0,0.0,0.0,0.0
2050-11-18 20:00:00,0.0,37.14293232874752,37.7380692639674,0.0,0.0,0.0,0.0
2050-11-18 21:00:00,0.0,39.1764846869919,37.7380692639674,0.0,0.0,0.0,0.0
2050-11-18 22:00:00,0.0,39.85459929028957,37.7380692639674,0.0,0.0,0.0,0.0
2050-11-18 23:00:00,0.0,40.69417039990617,37.7380692639674,0.0,0.0,0.0,0.0
2050-11-19 00:00:00,0.0,39.57743062809027,28.167331598132947,0.0,0.0,0.0,0.0
2050-11-19 01:00:00,0.0,37.628047728000865,11.37951848991743,0.0,0.0,0.0,0.0
2050-11-19 02:00:00,0.0,38.90476795712334,0.0,3.981409302069765,0.0,0.0,0.0
2050-11-19 03:00:00,0.0,37.610619117478564,0.0,15.541932332728614,0.0,0.0,0.0
2050-11-19 04:00:00,0.0,37.79775461481427,0.0,16.531746756947122,0.0,0.0,0.0
2050-11-19 05:00:00,0.0,36.84039668735909,0.0,11.491369251566733,0.0,0.0,0.0
2050-11-19 06:00:00,0.0,33.70711586783273,0.0,9.206682755972249,0.0,0.0,0.0
2050-11-19 07:00:00,0.0,35.124341233063205,0.0,25.47616013912451,0.0,0.0,0.0
2050-11-19 08:00:00,0.0,33.06687839591859,0.0,37.04736275530476,0.0,0.0,0.0
2050-11-19 09:00:00,0.0,32.45470936267475,0.0,48.62552183750089,0.0,0.0,0.0
2050-11-19 10:00:00,0.0,32.4507908527537,0.0,7.999806834597855,0.0,0.0,0.0
2050-11-19 11:00:00,0.0,30.233342757621813,0.0,0.0,0.0,0.0,0.0
2050-11-19 12:00:00,0.0,30.058604420335996,0.0,0.0,0.0,0.0,0.0
2050-11-19 13:00:00,0.0,29.92779954327557,0.0,0.0,0.0,0.0,0.0
2050-11-19 14:00:00,0.0,30.97213512989333,0.0,0.0,0.0,0.0,0.0
2050-11-19 15:00:00,0.0,29.663869740563996,0.0,0.0,0.0,0.0,0.0
2050-11-19 16:00:00,0.0,32.50713819652606,0.0,0.0,0.0,0.0,0.0
2050-11-19 17:00:00,0.0,31.524612849971845,0.0,0.0,0.0,0.0,0.0
2050-11-19 18:00:00,0.0,33.37936030050014,0.0,0.0,0.0,0.0,0.0
2050-11-19 19:00:00,0.0,34.8032111398702,37.7380692639674,26.416648484777177,0.0,0.0,0.0
2050-11-19 20:00:00,0.0,36.181880001307036,21.594127471504116,0.0,0.0,0.0,0.0
2050-11-19 21:00:00,0.0,37.80835005559288,31.834113001052764,0.0,0.0,20.247789336177995,0.0
2050-11-19 22:00:00,0.0,37.50443850432271,19.436317611251837,0.0,0.0,18.9366333976481,0.0
2050-11-19 23:00:00,0.0,37.633873958908225,10.098712589030601,0.0,0.0,0.0,38.394910120795046
2050-11-20 00:00:00,0.0,38.02812951138185,1.1312473779892,0.0,0.0,20.247789336177995,0.0
2050-11-20 01:00:00,0.0,39.51326252843137,37.7380692639674,0.0,0.0,20.247789336177995,0.0
2050-11-20 02:00:00,0.0,37.181575889136866,37.7380692639674,0.0,0.0,0.0,0.0
2050-11-20 03:00:00,0.0,39.37383903529326,37.7380692639674,0.0,0.0,0.0,0.0
2050-11-20 04:00:00,0.0,38.38170926354678,37.7380692639674,0.0,0.0,20.247789336177995,0.0
2050-11-20 05:00:00,0.0,36.32659425483439,37.7380692639674,0.0,0.0,20.247789336177995,0.0
2050-11-20 06:00:00,0.0,35.40634017712796,37.7380692639674,0.0,0.0,20.247789336177995,0.0
2050-11-20 07:00:00,0.0,32.93393074531377,37.7380692639674,0.0,0.0,20.247789336177995,0.0
2050-11-20 08:00:00,0.0,33.53789473791039,37.7380692639674,0.0,0.0,20.247789336177995,0.0
2050-11-20 09:00:00,0.0,33.44999104579256,37.7380692639674,0.0,0.0,20.247789336177995,0.0
2050-11-20 10:00:00,0.0,31.744698213977927,37.7380692639674,0.0,0.0,20.247789336177995,0.0
2050-11-20 11:00:00,0.0,29.401617015962074,37.7380692639674,0.0,0.0,20.247789336177995,0.0
2050-11-20 12:00:00,0.0,31.392320380873798,37.7380692639674,0.0,0.0,20.247789336177995,0.0
2050-11-20 13:00:00,0.0,30.731724558030237,37.7380692639674,0.0,0.0,20.247789336177995,0.0
2050-11-20 14:00:00,0.0,30.59696524284891,37.7380692639674,0.0,0.0,20.247789336177995,0.0
2050-11-20 15:00:00,0.0,30.7029514335552,37.7380692639674,0.0,0.0,20.247789336177995,0.0
2050-11-20 16:00:00,0.0,31.838818781325017,37.7380692639674,0.0,0.0,20.247789336177995,0.0
2050-11-20 17:00:00,0.0,31.191153880996808,37.7380692639674,0.0,0.0,20.247789336177995,0.0
2050-11-20 18:00:00,0.0,33.646743311200225,37.7380692639674,0.0,0.0,20.247789336177995,0.0
2050-11-20 19:00:00,0.0,34.07962943951543,37.7380692639674,0.0,0.0,20.247789336177995,0.0
2050-11-20 20:00:00,0.0,36.33194405157451,37.7380692639674,0.0,0.0,20.247789336177995,0.0
2050-11-20 21:00:00,0.0,35.75373542574698,37.7380692639674,0.0,0.0,20.247789336177995,0.0
2050-11-20 22:00:00,0.0,36.99383611622238,37.7380692639674,0.0,0.0,20.247789336177995,0.0
2050-11-20 23:00:00,0.0,36.2846691034149,16.849078483809137,0.0,0.0,20.247789336177995,0.0
2050-11-21 00:00:00,0.0,41.703978323139154,0.0,0.0,0.0,20.247789336177995,0.0
2050-11-21 01:00:00,0.0,41.020108304996484,0.0,0.0,0.0,20.247789336177995,0.0
2050-11-21 02:00:00,0.0,40.792282209460154,0.0,0.0,0.0,20.247789336177995,0.0
2050-11-21 03:00:00,0.0,40.354470077392534,0.0,0.0,0.0,1.714700044775276,0.0
2050-11-21 04:00:00,0.0,39.8941776479935,0.0,0.0,0.0,20.247789336177995,0.0
2050-11-21 05:00:00,0.0,39.29457015374396,0.0,0.0,0.0,20.247789336177995,0.0
2050-11-21 06:00:00,0.0,38.01768513098318,0.0,0.0,0.0,20.247789336177995,0.0
2050-11-21 07:00:00,0.0,36.9135863225747,0.0,0.0,0.0,20.247789336177995,0.0
2050-11-21 08:00:00,0.0,34.4849100966951,0.0,0.0,0.0,0.0,0.0
2050-11-21 09:00:00,0.0,33.875769518147536,2.4191661613757747,0.0,0.0,20.247789336177995,0.0
2050-11-21 10:00:00,0.0,33.183469724120414,0.0,0.0,0.0,20.247789336177995,0.0
2050-11-21 11:00:00,0.0,33.01666440522058,0.0,0.0,0.0,20.247789336177995,0.0
2050-11-21 12:00:00,0.0,32.07791008771869,37.7380692639674,0.0,0.0,20.247789336177995,0.0
2050-11-21 13:00:00,0.0,31.736625567054034,37.7380692639674,0.0,0.0,20.247789336177995,0.0
2050-11-21 14:00:00,0.0,32.83898718287037,37.7380692639674,0.0,0.0,0.0,0.0
2050-11-21 15:00:00,0.0,32.55268456808676,37.7380692639674,0.0,0.0,20.247789336177995,0.0
2050-11-21 16:00:00,0.0,33.9166814294324,37.7380692639674,0.0,0.0,20.247789336177995,0.0
2050-11-21 17:00:00,0.0,33.97144336903625,37.7380692639674,0.0,0.0,20.247789336177995,0.0
2050-11-21 18:00:00,0.0,34.7588336818028,37.7380692639674,0.0,0.0,20.247789336177995,0.0
2050-11-21 19:00:00,0.0,36.864043927756256,37.7380692639674,0.0,0.0,20.247789336177995,0.0
2050-11-21 20:00:00,0.0,37.29669851077256,37.7380692639674,0.0,0.0,20.247789336177995,0.0
2050-11-21 21:00:00,0.0,38.80529466219991,37.7380692639674,0.0,0.0,20.247789336177995,0.0
2050-11-21 22:00:00,0.0,40.429855084303654,37.7380692639674,0.0,0.0,20.247789336177995,0.0
2050-11-21 23:00:00,0.0,40.348248139359384,37.7380692639674,0.0,0.0,0.0,0.0
2050-11-22 00:00:00,0.0,42.119548043895065,37.7380692639674,0.0,0.0,20.247789336177995,0.0
2050-11-22 01:00:00,0.0,39.85165475953818,37.7380692639674,0.0,0.0,20.247789336177995,0.0
2050-11-22 02:00:00,0.0,40.50310992892764,37.7380692639674,0.0,0.0,20.247789336177995,0.0
2050-11-22 03:00:00,0.0,40.71432142594449,37.7380692639674,0.0,0.0,20.247789336177995,0.0
2050-11-22 04:00:00,0.0,38.35333263604252,37.7380692639674,0.0,0.0,0.0,0.0
2050-11-22 05:00:00,0.0,37.58700458524413,37.7380692639674,0.0,0.0,20.247789336177995,0.0
2050-11-22 06:00:00,0.0,37.57279582974979,37.7380692639674,0.0,0.0,20.247789336177995,0.0
2050-11-22 07:00:00,0.0,35.70159085794921,37.7380692639674,0.0,0.0,20.247789336177995,0.0
2050-11-22 08:00:00,0.0,35.53075275038873,37.7380692639674,0.0,0.0,20.247789336177995,0.0
2050-11-22 09:00:00,0.0,34.91436357413363,37.7380692639674,0.0,0.0,20.247789336177995,0.0
2050-11-22 10:00:00,0.0,32.68094273671113,37.7380692639674,0.0,0.0,20.247789336177995,0.0
2050-11-22 11:00:00,0.0,33.01034683814669,37.7380692639674,0.0,0.0,20.247789336177995,0.0
2050-11-22 12:00:00,0.0,31.51126271019666,37.7380692639674,0.0,0.0,20.247789336177995,0.0
2050-11-22 13:00:00,0.0,32.13010804987266,37.7380692639674,0.0,0.0,20.247789336177995,0.0
2050-11-22 14:00:00,0.0,33.587256068553415,37.7380692639674,0.0,0.0,20.247789336177995,0.0
2050-11-22 15:00:00,0.0,32.978007180617624,37.7380692639674,0.0,0.0,20.247789336177995,0.0
2050-11-22 16:00:00,0.0,32.88260498538739,37.7380692639674,0.0,0.0,20.247789336177995,0.0
2050-11-22 17:00:00,0.0,34.14450648300249,37.7380692639674,0.0,0.0,20.247789336177995,0.0
2050-11-22 18:00:00,0.0,36.463293492176945,37.7380692639674,0.0,0.0,20.247789336177995,0.0
2050-11-22 19:00:00,0.0,36.40105947130792,37.7380692639674,0.0,0.0,20.247789336177995,0.0
2050-11-22 20:00:00,0.0,37.87344374013901,37.7380692639674,0.0,0.0,19.77422856236109,0.0
2050-11-22 21:00:00,0.0,38.10430468615391,37.7380692639674,0.0,0.0,20.247789336177995,0.0
2050-11-22 22:00:00,0.0,40.0327343635397,37.7380692639674,0.0,0.0,20.247789336177995,0.0
2050-11-22 23:00:00,0.0,39.65550746531744,0.0,7.014723570240083,0.0,0.0,0.0
2050-11-23 00:00:00,0.0,40.885598628138496,0.0,38.45253579540113,0.0,0.0,38.394910120795046
2050-11-23 01:00:00,0.0,40.844817692766355,0.0,48.62552183750089,0.0,0.0,38.394910120795046
2050-11-23 02:00:00,0.0,38.99136055723716,0.0,48.62552183750089,0.0,0.0,0.0
2050-11-23 03:00:00,0.0,40.25210936417557,0.0,48.62552183750089,0.0,0.0,0.9581870149267618
2050-11-23 04:00:00,0.0,40.08757064122642,0.0,48.62552183750089,0.0,0.0,38.394910120795046
2050-11-23 05:00:00,0.0,38.61621246961499,0.0,48.62552183750089,0.0,0.0,38.394910120795046
2050-11-23 06:00:00,0.0,37.96507974206111,0.0,48.62552183750089,0.0,0.0,0.0
2050-11-23 07:00:00,0.0,35.63115640368255,0.0,42.57872383114803,0.0,0.0,0.0
2050-11-23 08:00:00,0.0,36.77170307108054,0.0,45.29145408676932,0.0,0.0,0.0
2050-11-23 09:00:00,0.0,34.15447423443766,0.0,31.614697328208475,0.0,0.0,35.074598233804664
2050-11-23 10:00:00,0.0,33.26271394065475,0.0,2.757029736449636,0.0,0.0,0.0
2050-11-23 11:00:00,0.0,32.568065269771296,0.0,0.0,0.0,0.0,0.0
2050-11-23 12:00:00,0.0,31.123763310888762,0.0,0.0,0.0,0.0,0.0
2050-11-23 13:00:00,0.0,32.598493998114236,0.0,0.0,0.0,0.0,4.670325315417677
2050-11-23 14:00:00,0.0,33.00007821469967,5.206260167690527,0.0,0.0,0.0,0.0
2050-11-23 15:00:00,0.0,32.991239490295584,37.7380692639674,0.0,0.0,0.0,0.0
2050-11-23 16:00:00,0.0,34.09059048560471,37.7380692639674,0.0,0.0,0.0,0.0
2050-11-23 17:00:00,0.0,33.99961607884734,37.7380692639674,0.0,0.0,0.0,0.0
2050-11-23 18:00:00,0.0,34.99839310814923,37.7380692639674,0.0,0.0,0.0,0.0
2050-11-23 19:00:00,0.0,36.03725466157857,37.7380692639674,0.0,0.0,0.0,0.0
2050-11-23 20:00:00,0.0,36.54308769108229,37.7380692639674,0.0,0.0,0.0,0.0
2050-11-23 21:00:00,0.0,38.0124494670963,37.7380692639674,0.0,0.0,0.0,0.0
2050-11-23 22:00:00,0.0,38.438595886047324,37.7380692639674,0.0,0.0,0.0,0.0
2050-11-23 23:00:00,0.0,41.20939265628931,13.260580199976676,0.0,0.0,0.0,38.394910120795046
2050-11-24 00:00:00,0.0,39.048510979098864,0.0,28.876952416585848,0.0,0.0,38.394910120795046
2050-11-24 01:00:00,0.0,40.7854036379083,0.0,48.62552183750089,0.0,0.0,38.394910120795046
2050-11-24 02:00:00,0.0,38.41013201003602,0.0,48.62552183750089,0.0,0.0,38.394910120795046
2050-11-24 03:00:00,0.0,40.164944366356394,0.0,48.62552183750089,0.0,0.0,38.394910120795046
2050-11-24 04:00:00,0.0,40.39351526763585,0.0,36.69571203023108,0.0,0.0,38.394910120795046
2050-11-24 05:00:00,0.0,38.93650928250622,0.0,33.71175943358308,0.0,0.0,0.0
2050-11-24 06:00:00,0.0,37.14790342273409,0.0,26.86480844514974,0.0,0.0,0.0
2050-11-24 07:00:00,0.0,37.24641310568791,0.0,37.88696090946896,0.0,0.0,0.0
2050-11-24 08:00:00,0.0,36.41545066519234,0.0,7.992735697061299,0.0,0.0,0.0
2050-11-24 09:00:00,0.0,34.414432473423176,0.0,0.9322122802682353,0.0,0.0,0.0
2050-11-24 10:00:00,0.0,32.521593054577124,0.0,0.0,0.0,0.0,0.0
2050-11-24 11:00:00,0.0,32.05603678227567,0.0,0.0,0.0,0.0,0.0
2050-11-24 12:00:00,0.0,32.23085856693592,0.0,0.0,0.0,0.0,0.0
2050-11-24 13:00:00,0.0,32.55864347753163,19.872269535006673,0.0,0.0,0.0,0.0
2050-11-24 14:00:00,0.0,31.816712499848563,37.7380692639674,0.0,0.0,0.0,0.0
2050-11-24 15:00:00,0.0,32.37072675639001,37.7380692639674,0.0,0.0,0.0,0.0
2050-11-24 16:00:00,0.0,33.73073407852871,37.7380692639674,0.0,0.0,0.0,0.0
2050-11-24 17:00:00,0.0,34.22101356947542,37.7380692639674,0.0,0.0,0.0,0.0
2050-11-24 18:00:00,0.0,34.88112503600405,37.7380692639674,0.0,0.0,20.247789336177995,0.0
2050-11-24 19:00:00,0.0,36.02733194470875,37.7380692639674,0.0,0.0,20.247789336177995,0.0
2050-11-24 20:00:00,0.0,36.030099221401315,37.7380692639674,0.0,0.0,20.247789336177995,0.0
2050-11-24 21:00:00,0.0,37.41101024382033,30.177977982295353,0.0,0.0,17.618124798753172,0.0
2050-11-24 22:00:00,0.0,37.5597478555876,3.878814020691749,0.0,0.0,2.577886391476966,0.0
2050-11-24 23:00:00,0.0,39.623635469934925,0.0,46.024701344003454,0.0,0.0,0.0
2050-11-25 00:00:00,0.0,40.08059190723384,0.0,48.62552183750089,0.0,0.0,0.0
2050-11-25 01:00:00,0.0,40.70637214997009,0.0,48.62552183750089,0.0,0.0,0.0
2050-11-25 02:00:00,0.0,40.140295081170734,0.0,48.62552183750089,0.0,0.0,38.394910120795046
2050-11-25 03:00:00,0.0,39.90910635179375,0.0,48.62552183750089,0.0,0.0,21.959833226962413
2050-11-25 04:00:00,0.0,39.935196693348416,0.0,48.62552183750089,0.0,0.0,0.0
2050-11-25 05:00:00,0.0,39.14701698958629,0.0,48.62552183750089,0.0,0.0,38.394910120795046
2050-11-25 06:00:00,0.0,38.70494651237118,0.0,48.62552183750089,0.0,0.0,38.394910120795046
2050-11-25 07:00:00,0.0,36.169503248421506,0.0,48.62552183750089,0.0,0.0,38.394910120795046
2050-11-25 08:00:00,0.0,34.289126949609,0.0,48.62552183750089,0.0,0.0,38.394910120795046
2050-11-25 09:00:00,0.0,33.948232332138105,0.0,15.613483309868862,0.0,0.0,38.394910120795046
2050-11-25 10:00:00,0.0,34.15858383950808,0.0,48.62552183750089,0.0,0.0,38.394910120795046
2050-11-25 11:00:00,0.0,33.437351694618656,0.0,48.62552183750089,0.0,0.0,38.394910120795046
2050-11-25 12:00:00,0.0,32.36701883151591,0.0,5.190920765503925,0.0,0.0,23.254104402455905
2050-11-25 13:00:00,0.0,32.13083217486792,0.0,17.58930249812841,0.0,0.0,0.0
2050-11-25 14:00:00,0.0,31.90880988399931,25.349844360306946,0.0,0.0,0.0,0.0
2050-11-25 15:00:00,0.0,32.681453394118535,37.7380692639674,0.0,0.0,0.0,0.0
2050-11-25 16:00:00,0.0,32.62334510215783,37.7380692639674,0.0,0.0,20.247789336177995,0.0
2050-11-25 17:00:00,0.0,33.898728488054076,37.7380692639674,0.0,0.0,20.247789336177995,0.0
2050-11-25 18:00:00,0.0,35.666419586960956,37.7380692639674,0.0,0.0,20.247789336177995,0.0
2050-11-25 19:00:00,0.0,36.31106971189752,37.7380692639674,0.0,0.0,5.732857864121243,0.0
2050-11-25 20:00:00,0.0,36.968415083707896,7.216465656602361,0.0,0.0,20.247789336177995,0.0
2050-11-25 21:00:00,0.0,38.21285158281671,0.0,0.0,0.0,20.247789336177995,0.0
2050-11-25 22:00:00,0.0,38.39035768406097,8.932263800634214,0.0,0.0,0.0,0.0
2050-11-25 23:00:00,0.0,40.405244274284314,0.0,1.8714410905540273,0.0,20.247789336177995,0.0
2050-11-26 00:00:00,0.0,37.84814260232724,5.14822521182915,0.0,0.0,20.247789336177995,0.0
2050-11-26 01:00:00,0.0,38.16325174662984,17.78544234784158,0.0,0.0,20.247789336177995,0.0
2050-11-26 02:00:00,0.0,38.127859170934244,18.453982764789693,0.0,0.0,20.247789336177995,0.0
2050-11-26 03:00:00,0.0,38.061584105768816,33.32516186924947,0.0,0.0,20.247789336177995,0.0
2050-11-26 04:00:00,0.0,36.23934751879892,37.7380692639674,0.0,0.0,20.247789336177995,0.0
2050-11-26 05:00:00,0.0,36.566583022874966,37.7380692639674,0.0,0.0,20.247789336177995,0.0
2050-11-26 06:00:00,0.0,35.028822900605064,37.7380692639674,0.0,0.0,20.247789336177995,0.0
2050-11-26 07:00:00,0.0,34.04421564897052,37.7380692639674,0.0,0.0,20.247789336177995,0.0
2050-11-26 08:00:00,0.0,33.871373735931,37.7380692639674,0.0,0.0,20.247789336177995,0.0
2050-11-26 09:00:00,0.0,31.83288541811885,37.7380692639674,0.0,0.0,20.247789336177995,0.0
2050-11-26 10:00:00,0.0,30.970305206158855,37.7380692639674,0.0,0.0,20.247789336177995,0.0
2050-11-26 11:00:00,0.0,30.520148996474518,37.7380692639674,0.0,0.0,20.247789336177995,0.0
2050-11-26 12:00:00,0.0,30.329592941459396,37.7380692639674,0.0,0.0,20.247789336177995,0.0
2050-11-26 13:00:00,0.0,30.401200740203194,37.7380692639674,0.0,0.0,20.247789336177995,0.0
2050-11-26 14:00:00,0.0,30.179101830296304,37.7380692639674,0.0,0.0,20.247789336177995,0.0
2050-11-26 15:00:00,0.0,29.412539351280657,37.7380692639674,0.0,0.0,20.247789336177995,0.0
2050-11-26 16:00:00,0.0,30.091436700864506,37.7380692639674,0.0,0.0,20.247789336177995,0.0
2050-11-26 17:00:00,0.0,33.30490441654683,37.7380692639674,0.0,0.0,18.092444516860752,0.0
2050-11-26 18:00:00,0.0,33.20734109704654,37.7380692639674,0.0,0.0,20.247789336177995,0.0
2050-11-26 19:00:00,0.0,34.993781404477886,37.7380692639674,0.0,0.0,0.0,0.0
2050-11-26 20:00:00,0.0,34.56162456112838,37.7380692639674,0.0,0.0,20.247789336177995,0.0
2050-11-26 21:00:00,0.0,36.96306842111403,37.7380692639674,0.0,0.0,20.247789336177995,0.0
2050-11-26 22:00:00,0.0,36.811773256894185,37.7380692639674,0.0,0.0,20.247789336177995,0.0
2050-11-26 23:00:00,0.0,37.91574617287574,32.08371844836319,0.0,0.0,20.247789336177995,0.0
2050-11-27 00:00:00,0.0,38.033891061556005,37.7380692639674,0.0,0.0,20.247789336177995,0.0
2050-11-27 01:00:00,0.0,38.90952922913607,6.00425357173922,0.0,0.0,0.0,0.0
2050-11-27 02:00:00,0.0,38.520140507055885,33.60732107397159,0.0,0.0,0.0,0.0
2050-11-27 03:00:00,0.0,38.11797054391877,6.75600631142067,0.0,0.0,20.247789336177995,0.0
2050-11-27 04:00:00,0.0,35.861005248417996,37.7380692639674,0.0,0.0,0.0,0.0
2050-11-27 05:00:00,0.0,35.180313749955076,14.226432861975123,0.0,0.0,20.247789336177995,0.0
2050-11-27 06:00:00,0.0,35.742584830974465,11.849095598027631,0.0,0.0,0.0,0.0
2050-11-27 07:00:00,0.0,33.434761797205056,13.285329086960637,0.0,0.0,20.247789336177995,0.0
2050-11-27 08:00:00,0.0,33.678202600899795,10.056560596900582,0.0,0.0,20.247789336177995,0.0
2050-11-27 09:00:00,0.0,32.013554127483985,37.7380692639674,0.0,0.0,20.247789336177995,0.0
2050-11-27 10:00:00,0.0,31.090328749240143,25.647894440296493,0.0,0.0,20.247789336177995,0.0
2050-11-27 11:00:00,0.0,32.225221369732026,37.7380692639674,0.0,0.0,20.247789336177995,0.0
2050-11-27 12:00:00,0.0,29.279791965776212,37.7380692639674,0.0,0.0,0.0,0.0
2050-11-27 13:00:00,0.0,29.56313925749896,37.7380692639674,0.0,0.0,0.0,0.0
2050-11-27 14:00:00,0.0,29.7432165074797,37.7380692639674,0.0,0.0,20.247789336177995,0.0
2050-11-27 15:00:00,0.0,31.463184865113135,37.7380692639674,0.0,0.0,20.247789336177995,0.0
2050-11-27 16:00:00,0.0,31.103581100639758,37.7380692639674,0.0,0.0,20.247789336177995,0.0
2050-11-27 17:00:00,0.0,32.08524155480063,37.7380692639674,0.0,0.0,20.247789336177995,0.0
2050-11-27 18:00:00,0.0,33.020770884075546,37.7380692639674,0.0,0.0,20.247789336177995,0.0
2050-11-27 19:00:00,0.0,33.488953744999435,37.7380692639674,0.0,0.0,20.247789336177995,0.0
2050-11-27 20:00:00,0.0,35.33216636328075,37.7380692639674,0.0,0.0,20.247789336177995,0.0
2050-11-27 21:00:00,0.0,36.64654395711318,37.7380692639674,0.0,0.0,20.247789336177995,0.0
2050-11-27 22:00:00,0.0,37.92310836773163,31.449385968020678,0.0,0.0,20.247789336177995,0.0
2050-11-27 23:00:00,0.0,36.817551022460066,5.135196273424523,0.0,0.0,3.4573539683898957,0.0
2050-11-28 00:00:00,0.0,40.988081096432325,0.0,23.70423769856556,0.0,0.0,24.328082777115114
2050-11-28 01:00:00,0.0,40.92523470646347,0.0,30.316463289587706,0.0,0.0,31.075251747545895
2050-11-28 02:00:00,0.0,40.314679053846476,0.0,39.62134367392611,0.0,0.0,38.394910120795046
2050-11-28 03:00:00,0.0,40.7611114408171,0.0,43.99190413520721,0.0,0.0,18.9987245269846
2050-11-28 04:00:00,0.0,39.68767554486294,0.0,34.47745431216967,0.0,0.0,38.394910120795046
2050-11-28 05:00:00,0.0,39.05145318097448,0.0,0.0,0.0,0.0,0.0
2050-11-28 06:00:00,0.0,37.83406522581049,0.0,0.0,0.0,0.0,0.0
2050-11-28 07:00:00,0.0,36.55131417248299,0.0,0.0,0.0,0.0,0.0
2050-11-28 08:00:00,0.0,34.82989088421846,0.0,38.964338971987495,0.0,0.0,0.0
2050-11-28 09:00:00,0.0,34.208673733395926,0.0,38.372776285595435,0.0,0.0,0.0
2050-11-28 10:00:00,0.0,32.94884618270589,0.0,0.0,0.0,0.0,0.0
2050-11-28 11:00:00,0.0,33.466119388202515,0.0,0.0,0.0,0.0,0.0
2050-11-28 12:00:00,0.0,32.46278497628418,0.0,0.0,0.0,0.0,0.0
2050-11-28 13:00:00,0.0,32.60034049921114,0.0,0.0,0.0,0.0,0.0
2050-11-28 14:00:00,0.0,32.080131485835636,2.4707155017151905,0.0,0.0,0.0,0.0
2050-11-28 15:00:00,0.0,32.97408082986158,37.7380692639674,0.0,0.0,0.0,0.0
2050-11-28 16:00:00,0.0,32.893301905486396,37.7380692639674,0.0,0.0,0.0,0.0
2050-11-28 17:00:00,0.0,34.588291635946234,10.225097568543461,0.0,0.0,0.0,0.0
2050-11-28 18:00:00,0.0,36.166286219158565,37.7380692639674,0.0,0.0,0.0,0.0
2050-11-28 19:00:00,0.0,36.01469307924276,12.155680099684457,0.0,0.0,0.0,0.0
2050-11-28 20:00:00,0.0,38.495751359415635,10.028329356955666,0.0,0.0,0.0,0.0
2050-11-28 21:00:00,0.0,37.40338238160007,0.0,2.721766904312491,0.0,0.0,2.9173982931834472
2050-11-28 22:00:00,0.0,39.341133992113555,0.0,45.72631552340451,0.0,0.0,38.394910120795046
2050-11-28 23:00:00,0.0,40.988057568969225,0.0,48.62552183750089,0.0,0.0,38.394910120795046
2050-11-29 00:00:00,0.0,39.982852024671956,0.0,48.62552183750089,0.0,0.0,38.394910120795046
2050-11-29 01:00:00,0.0,40.32744724193344,0.0,48.62552183750089,0.0,0.0,38.394910120795046
2050-11-29 02:00:00,0.0,40.469801156114045,0.0,48.62552183750089,0.0,0.0,38.394910120795046
2050-11-29 03:00:00,0.0,40.65678935715209,0.0,48.62552183750089,0.0,0.0,38.394910120795046
2050-11-29 04:00:00,0.0,39.520075745521126,0.0,48.62552183750089,0.0,0.0,17.49162452961013
2050-11-29 05:00:00,0.0,37.255443207453254,0.0,48.62552183750089,0.0,0.0,0.0
2050-11-29 06:00:00,0.0,37.10676862373998,0.0,48.62552183750089,0.0,0.0,0.0
2050-11-29 07:00:00,0.0,36.72116706731845,0.0,48.62552183750089,0.0,0.0,38.394910120795046
2050-11-29 08:00:00,0.0,34.07023634779466,0.0,48.62552183750089,0.0,0.0,38.394910120795046
2050-11-29 09:00:00,0.0,34.05526410031439,0.0,48.62552183750089,0.0,0.0,0.0
2050-11-29 10:00:00,0.0,31.583262942510828,0.0,48.62552183750089,0.0,0.0,38.394910120795046
2050-11-29 11:00:00,0.0,31.341149566598688,0.0,35.82100655472666,0.0,0.0,36.55204750482312
2050-11-29 12:00:00,0.0,31.683027046028883,0.0,6.769878870079724,0.0,0.0,20.077304169115553
2050-11-29 13:00:00,0.0,30.81280622142026,0.0,0.0,0.0,0.0,38.394910120795046
2050-11-29 14:00:00,0.0,31.549309074509893,15.47060323255876,0.0,0.0,0.0,0.0
2050-11-29 15:00:00,0.0,33.2760605461674,5.346703900481188,0.0,0.0,0.0,0.0
2050-11-29 16:00:00,0.0,34.02669601930347,28.634766249045583,0.0,0.0,0.0,0.0
2050-11-29 17:00:00,0.0,33.43838644296625,37.7380692639674,0.0,0.0,0.0,0.0
2050-11-29 18:00:00,0.0,34.27433849392287,17.478165634163588,0.0,0.0,0.0,0.0
2050-11-29 19:00:00,0.0,35.99643232964718,37.7380692639674,0.0,0.0,0.0,0.0
2050-11-29 20:00:00,0.0,38.211212499370504,35.4468198061824,0.0,0.0,0.0,0.0
2050-11-29 21:00:00,0.0,38.08398209632287,22.473712868823696,0.0,0.0,0.0,0.0
2050-11-29 22:00:00,0.0,38.91408659252647,0.1599556796581041,0.0,0.0,0.0,0.0
2050-11-29 23:00:00,0.0,39.94421420831759,0.0,24.1502762092012,0.0,0.0,0.0
2050-11-30 00:00:00,0.0,39.195518937864335,0.0,42.9030021769008,0.0,0.0,0.0
2050-11-30 01:00:00,0.0,40.36420533631008,0.0,48.62552183750089,0.0,0.0,0.0
2050-11-30 02:00:00,0.0,40.05873658642622,0.0,48.62552183750089,0.0,0.0,0.0
2050-11-30 03:00:00,0.0,40.02905528189717,0.0,0.0,0.0,0.0,0.0
2050-11-30 04:00:00,0.0,38.35678738329307,0.0,0.0,0.0,0.0,0.0
2050-11-30 05:00:00,0.0,38.064752448781974,0.0,25.741248403233843,0.0,0.0,0.0
2050-11-30 06:00:00,0.0,37.02903206240967,0.0,0.0,0.0,0.0,0.0
2050-11-30 07:00:00,0.0,35.959870890363845,0.0,0.0,0.0,0.0,0.0
2050-11-30 08:00:00,0.0,34.64587347750921,0.0,0.0,0.0,0.0,0.0
2050-11-30 09:00:00,0.0,32.98182556046413,0.0,0.0,0.0,0.0,0.0
2050-11-30 10:00:00,0.0,32.36928999200177,0.0,0.0,0.0,0.0,0.0
2050-11-30 11:00:00,0.0,32.177715833620596,1.2256904876276806,0.0,0.0,0.0,0.0
2050-11-30 12:00:00,0.0,31.415266250960258,37.33673722055775,0.0,0.0,0.0,0.0
2050-11-30 13:00:00,0.0,32.13522304275625,37.7380692639674,0.0,0.0,0.0,0.0
2050-11-30 14:00:00,0.0,32.48959704508775,37.7380692639674,0.0,0.0,0.0,0.0
2050-11-30 15:00:00,0.0,31.840718436211773,37.7380692639674,0.0,0.0,12.296949371131703,0.0
2050-11-30 16:00:00,0.0,33.31390742312942,37.7380692639674,0.0,0.0,0.0,0.0
2050-11-30 17:00:00,0.0,34.13954672019213,37.7380692639674,0.0,0.0,0.0,0.0
2050-11-30 18:00:00,0.0,35.27097588050424,37.7380692639674,0.0,0.0,0.0,0.0
2050-11-30 19:00:00,0.0,36.14442984930838,37.7380692639674,0.0,0.0,0.0,0.0
2050-11-30 20:00:00,0.0,37.29080047041998,37.7380692639674,0.0,0.0,0.0,0.0
2050-11-30 21:00:00,0.0,37.82318372789837,37.7380692639674,0.0,0.0,0.0,0.0
2050-11-30 22:00:00,0.0,39.14908276305982,20.963923823722553,0.0,0.0,0.0,0.0
2050-11-30 23:00:00,0.0,39.14855856085205,11.806329725317664,0.0,0.0,0.0,0.0
2050-12-01 00:00:00,0.0,39.28036806466662,0.0,6.4905308411876,0.0,0.0,6.763075779790667
2050-12-01 01:00:00,0.0,40.245495203494784,0.0,28.561848173516957,0.0,0.0,0.0
2050-12-01 02:00:00,0.0,39.36128267673098,0.0,40.16601570806591,0.0,0.0,38.394910120795046
2050-12-01 03:00:00,0.0,39.32042775629884,0.0,48.3259188152815,0.0,0.0,31.720111487668685
2050-12-01 04:00:00,0.0,39.929893953453075,0.0,48.62552183750089,0.0,0.0,38.394910120795046
2050-12-01 05:00:00,0.0,39.01025419115399,0.0,48.62552183750089,0.0,0.0,38.394910120795046
2050-12-01 06:00:00,0.0,37.96948096293204,0.0,48.62552183750089,0.0,0.0,0.0
2050-12-01 07:00:00,0.0,36.86330313166877,0.0,48.62552183750089,0.0,0.0,0.0
2050-12-01 08:00:00,0.0,34.94983944792307,0.0,48.62552183750089,0.0,0.0,0.0
2050-12-01 09:00:00,0.0,33.037129783981754,0.0,48.62552183750089,0.0,0.0,0.0
2050-12-01 10:00:00,0.0,33.55179207927608,0.0,46.48602905450868,0.0,0.0,38.394910120795046
2050-12-01 11:00:00,0.0,31.974199219599086,0.0,24.982093543496095,0.0,0.0,25.491932187240913
2050-12-01 12:00:00,0.0,31.068896129026143,0.0,0.0,0.0,0.0,4.251036671604813
2050-12-01 13:00:00,0.0,30.901885574442986,0.0,0.0,0.0,0.0,0.0
2050-12-01 14:00:00,0.0,30.834353506937077,0.0,0.0,0.0,0.0,0.0
2050-12-01 15:00:00,0.0,33.155623141627075,0.0,0.0,0.0,0.0,0.0
2050-12-01 16:00:00,0.0,32.27046032402586,0.0,4.157690153237531,0.0,0.0,0.0
2050-12-01 17:00:00,0.0,33.96684187704045,0.0,0.0,0.0,0.0,38.394910120795046
2050-12-01 18:00:00,0.0,34.68402876454229,0.0,0.0,0.0,0.0,38.394910120795046
2050-12-01 19:00:00,0.0,37.01610268623699,0.0,15.08306516527003,0.0,0.0,0.05654075743738871
2050-12-01 20:00:00,0.0,36.849649951458105,0.0,11.588689932967755,0.0,0.0,0.0
2050-12-01 21:00:00,0.0,38.37188938577515,0.0,22.10291317180282,0.0,0.0,38.394910120795046
2050-12-01 22:00:00,0.0,38.694495294515264,0.0,39.53704213787281,0.0,0.0,38.394910120795046
2050-12-01 23:00:00,0.0,38.56661320150374,0.0,48.62552183750089,0.0,0.0,38.394910120795046
2050-12-02 00:00:00,0.0,40.54362759758146,0.0,48.62552183750089,0.0,0.0,38.394910120795046
2050-12-02 01:00:00,0.0,38.63800184364504,0.0,48.62552183750089,0.0,0.0,38.394910120795046
2050-12-02 02:00:00,0.0,41.64268601182266,0.0,48.62552183750089,0.0,0.0,38.394910120795046
2050-12-02 03:00:00,0.0,40.886698049549295,0.0,48.62552183750089,0.0,0.0,38.394910120795046
2050-12-02 04:00:00,0.0,39.189818587814216,0.0,44.63973219217677,0.0,0.0,38.394910120795046
2050-12-02 05:00:00,0.0,37.81589924971445,0.0,37.62701191837915,0.0,0.0,38.394910120795046
2050-12-02 06:00:00,0.0,36.982867053999826,0.0,37.62701191837915,0.0,0.0,38.394910120795046
2050-12-02 07:00:00,0.0,35.053922802782836,0.0,26.62299999329486,0.0,0.0,38.394910120795046
2050-12-02 08:00:00,0.0,33.55377948490036,0.0,48.62552183750089,0.0,0.0,38.394910120795046
2050-12-02 09:00:00,0.0,34.25022934137701,0.0,37.62701191837915,0.0,0.0,38.394910120795046
2050-12-02 10:00:00,0.0,32.51786557589753,0.0,16.77121387281691,0.0,0.0,17.113483543690727
2050-12-02 11:00:00,0.0,32.064132165205365,0.0,37.62701191837915,0.0,0.0,38.394910120795046
2050-12-02 12:00:00,0.0,31.82987808612529,0.0,13.643040643379564,0.0,0.0,13.921470044264861
2050-12-02 13:00:00,0.0,31.904102561220498,0.0,0.0,0.0,0.0,0.0
2050-12-02 14:00:00,0.0,32.0272912790133,0.0,0.0,0.0,0.0,0.0
2050-12-02 15:00:00,0.0,32.04625044619979,0.0,0.0,0.0,0.0,0.0
2050-12-02 16:00:00,0.0,32.97112330150799,0.0,0.0,0.0,0.0,0.0
2050-12-02 17:00:00,0.0,33.78704408336034,0.0,0.0,0.0,0.0,0.0
2050-12-02 18:00:00,0.0,34.794420907385074,0.0,0.0,0.0,0.0,0.0
2050-12-02 19:00:00,0.0,34.40096938460647,0.0,0.0,0.0,0.0,0.0
2050-12-02 20:00:00,0.0,37.18125204634089,0.0,0.0,0.0,0.0,0.0
2050-12-02 21:00:00,0.0,38.56179900944403,0.0,0.0,0.0,0.0,0.0
2050-12-02 22:00:00,0.0,38.20586594522456,0.0,0.0,0.0,0.0,0.0
2050-12-02 23:00:00,0.0,39.90610692122914,0.0,0.0,0.0,0.0,0.0
2050-12-03 00:00:00,0.0,37.729169266567624,0.0,0.0,0.0,0.0,0.0
2050-12-03 01:00:00,0.0,37.23257420897107,0.0,0.0,0.0,0.0,0.0
2050-12-03 02:00:00,0.0,37.849428576289256,0.0,0.0,0.0,0.0,0.0
2050-12-03 03:00:00,0.0,38.22633886237713,0.0,0.0,0.0,0.0,0.0
2050-12-03 04:00:00,0.0,36.0846488849445,0.0,0.0,0.0,0.0,0.0
2050-12-03 05:00:00,0.0,35.521451095103885,0.0,0.0,0.0,0.0,0.0
2050-12-03 06:00:00,0.0,35.28695398695868,0.0,0.0,0.0,0.0,0.0
2050-12-03 07:00:00,0.0,35.91230072219014,0.0,0.0,0.0,0.0,0.0
2050-12-03 08:00:00,0.0,32.04253651540512,0.0,0.0,0.0,0.0,0.0
2050-12-03 09:00:00,0.0,31.925407469231004,0.0,0.0,0.0,0.0,0.0
2050-12-03 10:00:00,0.0,30.772178044749353,0.0,0.0,0.0,0.0,0.0
2050-12-03 11:00:00,0.0,30.852291893793108,0.0,0.0,0.0,0.0,0.0
2050-12-03 12:00:00,0.0,29.943242630851728,0.0,0.0,0.0,0.0,0.0
2050-12-03 13:00:00,0.0,30.87996905279897,0.0,0.0,0.0,0.0,0.0
2050-12-03 14:00:00,0.0,29.783990747676853,0.0,0.0,0.0,0.0,0.0
2050-12-03 15:00:00,0.0,30.142902053820535,0.0,0.0,0.0,0.0,0.0
2050-12-03 16:00:00,0.0,30.45421322879929,0.0,0.0,0.0,0.0,0.0
2050-12-03 17:00:00,0.0,31.854162412095775,0.0,0.0,0.0,0.0,0.0
2050-12-03 18:00:00,0.0,33.29167936260728,0.0,0.0,0.0,0.0,0.0
2050-12-03 19:00:00,0.0,33.39826628457763,0.0,0.0,0.0,0.0,0.0
2050-12-03 20:00:00,0.0,36.2206855807251,0.0,0.0,0.0,0.0,0.0
2050-12-03 21:00:00,0.0,35.64959960191527,0.0,0.0,0.0,0.0,0.0
2050-12-03 22:00:00,0.0,37.733068770935915,0.0,0.0,0.0,0.0,0.0
2050-12-03 23:00:00,0.0,37.47726001461092,0.0,0.0,0.0,0.0,0.0
2050-12-04 00:00:00,0.0,38.775751995288374,0.0,0.0,0.0,0.0,0.0
2050-12-04 01:00:00,0.0,36.46104548155358,0.0,0.0,0.0,0.0,0.0
2050-12-04 02:00:00,0.0,38.13569694153398,0.0,0.0,0.0,0.0,0.0
2050-12-04 03:00:00,0.0,37.71314579077102,0.0,0.0,0.0,0.0,0.0
2050-12-04 04:00:00,0.0,36.513548705412404,0.0,0.0,0.0,0.0,0.0
2050-12-04 05:00:00,0.0,35.28092183594231,0.0,0.0,0.0,0.0,0.0
2050-12-04 06:00:00,0.0,35.19545627243292,0.0,0.0,0.0,0.0,0.0
2050-12-04 07:00:00,0.0,34.21658536489167,0.0,0.0,0.0,0.0,0.0
2050-12-04 08:00:00,0.0,31.372322325834148,0.0,0.0,0.0,0.0,0.0
2050-12-04 09:00:00,0.0,30.464466521497116,0.0,0.0,0.0,0.0,0.0
2050-12-04 10:00:00,0.0,30.803344330485288,0.0,0.0,0.0,0.0,0.0
2050-12-04 11:00:00,0.0,30.253536427120252,0.0,0.0,0.0,0.0,0.0
2050-12-04 12:00:00,0.0,30.21740789527712,0.0,0.0,0.0,0.0,0.0
2050-12-04 13:00:00,0.0,28.717001928633636,0.0,0.0,0.0,0.0,0.0
2050-12-04 14:00:00,0.0,28.849955863126752,0.0,0.0,0.0,0.0,0.0
2050-12-04 15:00:00,0.0,30.147645125189456,0.0,0.0,0.0,0.0,0.0
2050-12-04 16:00:00,0.0,31.02961002968118,0.0,0.0,0.0,0.0,0.0
2050-12-04 17:00:00,0.0,32.24296534453924,0.0,0.0,0.0,0.0,0.0
2050-12-04 18:00:00,0.0,33.111053843508216,0.0,0.0,0.0,0.0,0.0
2050-12-04 19:00:00,0.0,33.32216432110954,0.0,0.0,0.0,0.0,0.0
2050-12-04 20:00:00,0.0,33.90269386229738,0.0,0.0,0.0,0.0,0.0
2050-12-04 21:00:00,0.0,36.237409376244614,0.0,0.0,0.0,0.0,0.0
2050-12-04 22:00:00,0.0,37.10451662991386,0.0,0.0,0.0,0.0,0.0
2050-12-04 23:00:00,0.0,37.1283514021045,0.0,0.0,0.0,0.0,0.0
2050-12-05 00:00:00,0.0,39.98811696735993,0.0,0.0,0.0,0.0,0.0
2050-12-05 01:00:00,0.0,40.611696017718714,0.0,0.0,0.0,0.0,0.0
2050-12-05 02:00:00,0.0,39.946416279840605,0.0,0.0,0.0,0.0,0.0
2050-12-05 03:00:00,0.0,38.90388704788961,0.0,0.0,0.0,0.0,0.0
2050-12-05 04:00:00,0.0,37.360384855320945,0.0,0.0,0.0,0.0,0.0
2050-12-05 05:00:00,0.0,37.74324508535369,0.0,0.0,0.0,0.0,0.0
2050-12-05 06:00:00,0.0,35.81751276717955,0.0,0.0,0.0,0.0,0.0
2050-12-05 07:00:00,0.0,34.81794689557046,0.0,0.0,0.0,0.0,0.0
2050-12-05 08:00:00,0.0,33.428085454125494,0.0,0.0,0.0,0.0,0.0
2050-12-05 09:00:00,0.0,34.96710987409233,0.0,0.0,0.0,0.0,0.0
2050-12-05 10:00:00,0.0,31.860340196207744,0.0,0.0,0.0,0.0,0.0
2050-12-05 11:00:00,0.0,32.44190305228949,0.0,0.0,0.0,0.0,0.0
2050-12-05 12:00:00,0.0,31.8838344281462,0.0,0.0,0.0,0.0,0.0
2050-12-05 13:00:00,0.0,30.993752210593357,0.0,0.0,0.0,0.0,0.0
2050-12-05 14:00:00,0.0,32.39498461948415,0.0,0.0,0.0,0.0,0.0
2050-12-05 15:00:00,0.0,32.76470616829101,0.0,0.0,0.0,0.0,0.0
2050-12-05 16:00:00,0.0,32.71322454552069,0.0,0.0,0.0,0.0,0.0
2050-12-05 17:00:00,0.0,33.345928465848374,0.0,0.0,0.0,0.0,0.0
2050-12-05 18:00:00,0.0,34.764476739180964,0.0,0.0,0.0,0.0,0.0
2050-12-05 19:00:00,0.0,35.63041542865699,0.0,0.0,0.0,0.0,0.0
2050-12-05 20:00:00,0.0,36.63594120796006,0.0,0.0,0.0,0.0,0.0
2050-12-05 21:00:00,0.0,37.81140747850213,0.0,0.0,0.0,0.0,0.0
2050-12-05 22:00:00,0.0,39.85956661314435,0.0,0.0,0.0,0.0,0.0
2050-12-05 23:00:00,0.0,39.81839073849892,0.0,0.0,0.0,0.0,0.0
2050-12-06 00:00:00,0.0,39.71418990907796,0.0,0.0,0.0,0.0,0.0
2050-12-06 01:00:00,0.0,40.598726540256166,0.0,0.0,0.0,0.0,0.0
2050-12-06 02:00:00,0.0,39.33628721898435,0.0,0.0,0.0,0.0,0.0
2050-12-06 03:00:00,0.0,39.23090149221957,0.0,0.0,0.0,0.0,0.0
2050-12-06 04:00:00,0.0,38.36595280148299,0.0,0.0,0.0,0.0,0.0
2050-12-06 05:00:00,0.0,37.943821432963205,0.0,0.0,0.0,0.0,0.0
2050-12-06 06:00:00,0.0,36.72216922285975,0.0,0.0,0.0,0.0,0.0
2050-12-06 07:00:00,0.0,34.342089892980994,0.0,0.0,0.0,0.0,0.0
2050-12-06 08:00:00,0.0,34.22585666203804,0.0,0.0,0.0,0.0,0.0
2050-12-06 09:00:00,0.0,34.214016476930965,0.0,0.0,0.0,0.0,0.0
2050-12-06 10:00:00,0.0,32.93702377295995,0.0,0.0,0.0,0.0,0.0
2050-12-06 11:00:00,0.0,32.70464646329492,0.0,0.0,0.0,0.0,0.0
2050-12-06 12:00:00,0.0,31.90160518323637,0.0,0.0,0.0,0.0,0.0
2050-12-06 13:00:00,0.0,31.339116388229513,0.0,0.0,0.0,0.0,0.0
2050-12-06 14:00:00,0.0,30.80991494702357,0.0,0.0,0.0,0.0,0.0
2050-12-06 15:00:00,0.0,31.942111167141093,0.0,0.0,0.0,0.0,0.0
2050-12-06 16:00:00,0.0,33.13660052704017,0.0,0.0,0.0,0.0,0.0
2050-12-06 17:00:00,0.0,34.58638875494512,0.0,0.0,0.0,0.0,0.0
2050-12-06 18:00:00,0.0,34.61314887226058,0.0,0.0,0.0,0.0,0.0
2050-12-06 19:00:00,0.0,35.493315290191504,0.0,0.0,0.0,0.0,0.0
2050-12-06 20:00:00,0.0,36.906635344115784,0.0,0.0,0.0,0.0,0.0
2050-12-06 21:00:00,0.0,38.1796108173819,0.0,0.0,0.0,0.0,0.0
2050-12-06 22:00:00,0.0,39.32151248528044,0.0,0.0,0.0,0.0,0.0
2050-12-06 23:00:00,0.0,40.66437787865516,0.0,0.0,0.0,0.0,0.0
2050-12-07 00:00:00,0.0,40.47921379029958,0.0,0.0,0.0,0.0,0.0
2050-12-07 01:00:00,0.0,38.94602160483987,0.0,0.0,0.0,0.0,0.0
2050-12-07 02:00:00,0.0,40.240311653237086,0.0,0.0,0.0,0.0,0.0
2050-12-07 03:00:00,0.0,40.24359840587613,0.0,0.0,0.0,0.0,0.0
2050-12-07 04:00:00,0.0,37.775475140727394,0.0,0.0,0.0,0.0,0.0
2050-12-07 05:00:00,0.0,36.8092186736651,0.0,0.0,0.0,0.0,0.0
2050-12-07 06:00:00,0.0,36.65615089303378,0.0,0.0,0.0,0.0,0.0
2050-12-07 07:00:00,0.0,36.77203888003555,0.0,0.0,0.0,0.0,0.0
2050-12-07 08:00:00,0.0,36.21142684291817,0.0,0.0,0.0,0.0,0.0
2050-12-07 09:00:00,0.0,34.369535506533566,0.0,0.0,0.0,0.0,0.0
2050-12-07 10:00:00,0.0,32.79382570821872,0.0,0.0,0.0,0.0,0.0
2050-12-07 11:00:00,0.0,32.33883705019821,0.0,0.0,0.0,0.0,0.0
2050-12-07 12:00:00,0.0,31.43815655151593,0.0,0.0,0.0,0.0,0.0
2050-12-07 13:00:00,0.0,31.965851028493944,0.0,0.0,0.0,0.0,0.0
2050-12-07 14:00:00,0.0,31.01826943033234,0.0,0.0,0.0,0.0,0.0
2050-12-07 15:00:00,0.0,31.61255866775946,0.0,0.0,0.0,0.0,0.0
2050-12-07 16:00:00,0.0,31.49558091859967,0.0,0.0,0.0,0.0,0.0
2050-12-07 17:00:00,0.0,34.07497313201793,0.0,0.0,0.0,0.0,0.0
2050-12-07 18:00:00,0.0,35.47637204723674,0.0,0.0,0.0,0.0,0.0
2050-12-07 19:00:00,0.0,35.825748122455934,0.0,0.0,0.0,0.0,0.0
2050-12-07 20:00:00,0.0,37.081789839444355,0.0,0.0,0.0,0.0,0.0
2050-12-07 21:00:00,0.0,38.86381487565609,0.0,0.0,0.0,0.0,0.0
2050-12-07 22:00:00,0.0,38.31323083368238,0.0,0.0,0.0,0.0,0.0
2050-12-07 23:00:00,0.0,40.36204703257681,0.0,0.0,0.0,0.0,0.0
2050-12-08 00:00:00,0.0,39.91469386197423,0.0,0.0,0.0,0.0,0.0
2050-12-08 01:00:00,0.0,39.89908061976712,0.0,0.0,0.0,0.0,0.0
2050-12-08 02:00:00,0.0,39.73429945672524,0.0,0.0,0.0,0.0,0.0
2050-12-08 03:00:00,0.0,40.71918661386485,0.0,0.0,0.0,0.0,0.0
2050-12-08 04:00:00,0.0,37.66614899994261,0.0,0.0,0.0,0.0,0.0
2050-12-08 05:00:00,0.0,38.462893592556156,0.0,0.0,0.0,0.0,0.0
2050-12-08 06:00:00,0.0,36.195575536652086,0.0,0.0,0.0,0.0,0.0
2050-12-08 07:00:00,0.0,35.771416976901946,0.0,0.0,0.0,0.0,0.0
2050-12-08 08:00:00,0.0,33.587993076982,0.0,0.0,0.0,0.0,0.0
2050-12-08 09:00:00,0.0,33.37114531469183,0.0,0.0,0.0,0.0,0.0
2050-12-08 10:00:00,0.0,33.16137913933335,0.0,0.0,0.0,0.0,0.0
2050-12-08 11:00:00,0.0,31.63569453379705,0.0,0.0,0.0,0.0,0.0
2050-12-08 12:00:00,0.0,31.318299038878422,0.0,0.0,0.0,0.0,0.0
2050-12-08 13:00:00,0.0,31.18426203154354,0.0,0.0,0.0,0.0,0.0
2050-12-08 14:00:00,0.0,31.18230943251092,0.0,0.0,0.0,0.0,0.0
2050-12-08 15:00:00,0.0,32.59478607339929,0.0,0.0,0.0,0.0,0.0
2050-12-08 16:00:00,0.0,32.60536723898076,0.0,0.0,0.0,0.0,0.0
2050-12-08 17:00:00,0.0,33.24804410413731,0.0,0.0,0.0,0.0,0.0
2050-12-08 18:00:00,0.0,35.1039003579624,0.0,0.0,0.0,0.0,0.0
2050-12-08 19:00:00,0.0,34.72528874697082,0.0,0.0,0.0,0.0,0.0
2050-12-08 20:00:00,0.0,36.73976801331696,0.0,0.0,0.0,0.0,0.0
2050-12-08 21:00:00,0.0,37.43219148127423,0.0,0.0,0.0,0.0,0.0
2050-12-08 22:00:00,0.0,39.33334577887126,0.0,0.0,0.0,0.0,0.0
2050-12-08 23:00:00,0.0,39.192609365845556,0.0,0.0,0.0,0.0,0.0
2050-12-09 00:00:00,0.0,40.11648056362537,0.0,0.0,0.0,0.0,0.0
2050-12-09 01:00:00,0.0,39.2189409099592,0.0,0.0,0.0,0.0,0.0
2050-12-09 02:00:00,0.0,40.86895453152215,0.0,0.0,0.0,0.0,0.0
2050-12-09 03:00:00,0.0,38.46414030141591,0.0,0.0,0.0,0.0,0.0
2050-12-09 04:00:00,0.0,38.612063553035796,0.0,0.0,0.0,0.0,0.0
2050-12-09 05:00:00,0.0,37.49902505864088,0.0,0.0,0.0,0.0,0.0
2050-12-09 06:00:00,0.0,38.05066178064794,0.0,0.0,0.0,0.0,0.0
2050-12-09 07:00:00,0.0,34.99196194140745,0.0,0.0,0.0,0.0,0.0
2050-12-09 08:00:00,0.0,35.0804349072705,0.0,0.0,0.0,0.0,0.0
2050-12-09 09:00:00,0.0,33.985229171430774,0.0,0.0,0.0,0.0,0.0
2050-12-09 10:00:00,0.0,31.838107225411704,0.0,0.0,0.0,0.0,0.0
2050-12-09 11:00:00,0.0,32.441335717522634,0.0,0.0,0.0,0.0,0.0
2050-12-09 12:00:00,0.0,31.798871961685563,0.0,0.0,0.0,0.0,0.0
2050-12-09 13:00:00,0.0,31.380189013036443,0.0,0.0,0.0,0.0,0.0
2050-12-09 14:00:00,0.0,31.41796194669132,0.0,0.0,0.0,0.0,0.0
2050-12-09 15:00:00,0.0,32.50689769114206,0.0,0.0,0.0,0.0,0.0
2050-12-09 16:00:00,0.0,32.07835891906507,0.0,0.0,0.0,0.0,0.0
2050-12-09 17:00:00,0.0,33.67856723217142,0.0,0.0,0.0,0.0,0.0
2050-12-09 18:00:00,0.0,34.393917473127885,0.0,0.0,0.0,0.0,0.0
2050-12-09 19:00:00,0.0,34.79742740977258,0.0,0.0,0.0,0.0,0.0
2050-12-09 20:00:00,0.0,35.237786416990275,0.0,0.0,0.0,0.0,0.0
2050-12-09 21:00:00,0.0,37.1516873515784,0.0,0.0,0.0,0.0,0.0
2050-12-09 22:00:00,0.0,38.31960718214282,0.0,0.0,0.0,0.0,0.0
2050-12-09 23:00:00,0.0,38.89856035363823,0.0,0.0,0.0,0.0,0.0
2050-12-10 00:00:00,0.0,37.24054777381639,0.0,0.0,0.0,0.0,0.0
2050-12-10 01:00:00,0.0,36.79046348371321,0.0,0.0,0.0,0.0,0.0
2050-12-10 02:00:00,0.0,36.75346462170273,0.0,0.0,0.0,0.0,0.0
2050-12-10 03:00:00,0.0,36.79858322740529,0.0,0.0,0.0,0.0,0.0
2050-12-10 04:00:00,0.0,36.23557012270385,0.0,0.0,0.0,0.0,0.0
2050-12-10 05:00:00,0.0,34.92139410281152,0.0,0.0,0.0,0.0,0.0
2050-12-10 06:00:00,0.0,34.620463337310866,12.016164475084272,0.0,0.0,0.0,0.0
2050-12-10 07:00:00,0.0,33.47527256810872,0.0,0.0,0.0,8.40710947499271,0.0
2050-12-10 08:00:00,0.0,32.80214628141357,37.7380692639674,0.0,0.0,20.247789336177995,0.0
2050-12-10 09:00:00,0.0,32.04552058538411,37.7380692639674,0.0,0.0,20.247789336177995,0.0
2050-12-10 10:00:00,0.0,30.75579813056106,37.7380692639674,0.0,0.0,20.247789336177995,0.0
2050-12-10 11:00:00,0.0,30.672845991180566,37.7380692639674,0.0,0.0,20.247789336177995,0.0
2050-12-10 12:00:00,0.0,29.364598478579637,37.7380692639674,0.0,0.0,0.0,0.0
2050-12-10 13:00:00,0.0,28.332598585370306,37.7380692639674,0.0,0.0,0.0,0.0
2050-12-10 14:00:00,0.0,30.333643964909697,37.7380692639674,0.0,0.0,0.0,0.0
2050-12-10 15:00:00,0.0,29.86093919457835,37.7380692639674,0.0,0.0,6.525947042372266,0.0
2050-12-10 16:00:00,0.0,29.84946114911145,37.7380692639674,0.0,0.0,0.0,0.0
2050-12-10 17:00:00,0.0,32.24818747841914,37.7380692639674,0.0,0.0,0.0,0.0
2050-12-10 18:00:00,0.0,32.63635557372186,37.7380692639674,0.0,0.0,0.0,0.0
2050-12-10 19:00:00,0.0,32.75549288468051,37.7380692639674,0.0,0.0,0.0,0.0
2050-12-10 20:00:00,0.0,34.977987211698064,37.7380692639674,0.0,0.0,0.0,0.0
2050-12-10 21:00:00,0.0,35.67281610421264,27.69008224025763,0.0,0.0,0.0,0.0
2050-12-10 22:00:00,0.0,36.634973179884355,0.0,1.6915400928289481,0.0,0.0,1.8661464447308511
2050-12-10 23:00:00,0.0,36.63981106101346,0.0,30.054918582309355,0.0,0.0,0.0
2050-12-11 00:00:00,0.0,37.27862782132479,0.0,48.60964041257659,0.0,0.0,15.203857184801343
2050-12-11 01:00:00,0.0,38.6404908174286,0.0,48.62552183750089,0.0,0.0,38.394910120795046
2050-12-11 02:00:00,0.0,37.50114599120593,0.0,48.62552183750089,0.0,0.0,38.394910120795046
2050-12-11 03:00:00,0.0,37.953722639427724,0.0,48.62552183750089,0.0,0.0,0.0
2050-12-11 04:00:00,0.0,36.27833103123612,0.0,48.62552183750089,0.0,0.0,0.0
2050-12-11 05:00:00,0.0,36.284893818988394,0.0,12.368721504160565,0.0,0.0,0.0
2050-12-11 06:00:00,0.0,34.6276624658542,0.0,48.62552183750089,0.0,0.0,0.0
2050-12-11 07:00:00,0.0,33.1120562493104,0.0,1.552992161174142,0.0,0.0,0.0
2050-12-11 08:00:00,0.0,31.57380818559909,0.0,28.264544743260704,0.0,0.0,0.0
2050-12-11 09:00:00,0.0,32.16012377938523,0.0,0.0,0.0,0.0,0.0
2050-12-11 10:00:00,0.0,29.705877679882178,0.0,0.0,0.0,0.0,0.0
2050-12-11 11:00:00,0.0,29.355400666295054,0.0,0.0,0.0,0.0,0.0
2050-12-11 12:00:00,0.0,30.420869065749912,0.0,0.0,0.0,0.0,0.0
2050-12-11 13:00:00,0.0,29.092546460916083,0.0,0.0,0.0,0.0,0.0
2050-12-11 14:00:00,0.0,29.612375771924235,0.0,0.0,0.0,0.0,0.0
2050-12-11 15:00:00,0.0,28.947951792288222,0.0,0.0,0.0,0.0,0.0
2050-12-11 16:00:00,0.0,31.61050128208194,0.0,0.0,0.0,0.0,0.0
2050-12-11 17:00:00,0.0,31.763285433323972,0.0,0.0,0.0,0.0,0.0
2050-12-11 18:00:00,0.0,32.476113437730646,0.0,0.0,0.0,0.0,0.0
2050-12-11 19:00:00,0.0,33.70056442125542,0.0,0.0,0.0,0.0,0.0
2050-12-11 20:00:00,0.0,34.37598441867817,0.0,0.0,0.0,0.0,0.0
2050-12-11 21:00:00,0.0,34.429651573668025,0.0,0.0,0.0,0.0,0.0
2050-12-11 22:00:00,0.0,36.63490777686093,0.0,0.0,0.0,0.0,0.0
2050-12-11 23:00:00,0.0,37.113818035713166,0.0,0.0,0.0,0.0,0.0
2050-12-12 00:00:00,0.0,39.37444238751027,0.0,0.0,0.0,0.0,0.0
2050-12-12 01:00:00,0.0,40.4067413124169,0.0,0.0,0.0,0.0,0.0
2050-12-12 02:00:00,0.0,40.23974804824638,0.0,0.0,0.0,0.0,0.0
2050-12-12 03:00:00,0.0,39.66217897879187,0.0,0.0,0.0,0.0,0.0
2050-12-12 04:00:00,0.0,39.299002197888285,0.0,0.0,0.0,0.0,0.0
2050-12-12 05:00:00,0.0,36.73954668668057,0.0,0.0,0.0,0.0,0.0
2050-12-12 06:00:00,0.0,36.762305959798596,0.0,0.0,0.0,0.0,0.0
2050-12-12 07:00:00,0.0,35.21606243873384,0.0,0.0,0.0,0.0,0.0
2050-12-12 08:00:00,0.0,34.04801747271108,0.0,0.0,0.0,0.0,0.0
2050-12-12 09:00:00,0.0,33.30597064674248,0.0,0.0,0.0,0.0,0.0
2050-12-12 10:00:00,0.0,32.079526524577204,0.0,0.0,0.0,0.0,0.0
2050-12-12 11:00:00,0.0,30.544003578047977,0.0,0.0,0.0,0.0,0.0
2050-12-12 12:00:00,0.0,31.747463738615124,0.0,0.0,0.0,0.0,0.0
2050-12-12 13:00:00,0.0,30.40088078383883,0.0,0.0,0.0,0.0,0.0
2050-12-12 14:00:00,0.0,31.00424668118376,22.0119577894168,0.0,0.0,15.40837045259176,0.0
2050-12-12 15:00:00,0.0,32.28009433518946,37.7380692639674,0.0,0.0,0.0,0.0
2050-12-12 16:00:00,0.0,32.374528383119696,37.7380692639674,0.0,0.0,0.0,0.0
2050-12-12 17:00:00,0.0,33.38904465642713,37.7380692639674,0.0,0.0,20.247789336177995,0.0
2050-12-12 18:00:00,0.0,34.877640974589895,37.7380692639674,0.0,0.0,20.247789336177995,0.0
2050-12-12 19:00:00,0.0,35.070217769888814,37.7380692639674,0.0,0.0,20.247789336177995,0.0
2050-12-12 20:00:00,0.0,37.46873988722837,37.7380692639674,0.0,0.0,0.0,0.0
2050-12-12 21:00:00,0.0,37.2759240685516,37.7380692639674,0.0,0.0,0.0,0.0
2050-12-12 22:00:00,0.0,40.25510237123308,32.832872422911954,0.0,0.0,0.0,36.19407013046652
2050-12-12 23:00:00,0.0,38.801034979046335,0.0,24.853963377507625,0.0,0.0,38.394910120795046
2050-12-13 00:00:00,0.0,39.97962869307321,0.0,48.62552183750089,0.0,0.0,0.0
2050-12-13 01:00:00,0.0,39.55347722244892,0.0,48.62552183750089,0.0,0.0,0.0
2050-12-13 02:00:00,0.0,40.080989534566015,0.0,48.62552183750089,0.0,0.0,0.0
2050-12-13 03:00:00,0.0,39.39491597463643,0.0,48.62552183750089,0.0,0.0,0.0
2050-12-13 04:00:00,0.0,38.584813153080404,0.0,0.31391306001628483,0.0,0.0,0.0
2050-12-13 05:00:00,0.0,37.9753558728446,0.0,0.0,0.0,0.0,0.0
2050-12-13 06:00:00,0.0,36.478928011749986,0.0,0.0,0.0,0.0,0.0
2050-12-13 07:00:00,0.0,35.79331896096414,0.0,0.0,0.0,0.0,0.0
2050-12-13 08:00:00,0.0,34.88909085362798,0.0,0.0,0.0,0.0,0.0
2050-12-13 09:00:00,0.0,33.19689546781137,0.0,0.0,0.0,0.0,0.0
2050-12-13 10:00:00,0.0,32.68956472215359,0.0,0.0,0.0,0.0,0.0
2050-12-13 11:00:00,0.0,31.50830107653246,0.0,0.0,0.0,0.0,0.0
2050-12-13 12:00:00,0.0,30.906437476962765,0.0,0.0,0.0,0.0,0.0
2050-12-13 13:00:00,0.0,32.77979210789249,0.0,0.0,0.0,0.0,0.0
2050-12-13 14:00:00,0.0,32.76876390990424,0.0,0.0,0.0,0.0,0.0
2050-12-13 15:00:00,0.0,31.361108257024625,0.0,0.0,0.0,0.0,0.0
2050-12-13 16:00:00,0.0,32.370480517289934,0.0,0.0,0.0,0.0,0.0
2050-12-13 17:00:00,0.0,33.81948687416775,0.0,0.0,0.0,0.0,0.0
2050-12-13 18:00:00,0.0,33.674613714983934,0.0,0.0,0.0,0.0,0.0
2050-12-13 19:00:00,0.0,35.260381977622956,0.0,0.0,0.0,0.0,0.0
2050-12-13 20:00:00,0.0,35.362472948013874,0.0,0.0,0.0,0.0,0.0
2050-12-13 21:00:00,0.0,38.3373775595544,0.0,0.0,0.0,0.0,0.0
2050-12-13 22:00:00,0.0,37.64749956005221,0.0,0.0,0.0,0.0,0.0
2050-12-13 23:00:00,0.0,40.47902102909825,0.0,0.0,0.0,0.0,0.0
2050-12-14 00:00:00,0.0,40.50789044275962,0.0,0.0,0.0,0.0,0.0
2050-12-14 01:00:00,0.0,39.895958846449275,0.0,0.0,0.0,0.0,0.0
2050-12-14 02:00:00,0.0,39.74320075300034,0.0,0.0,0.0,0.0,0.0
2050-12-14 03:00:00,0.0,39.44889495223083,0.0,0.0,0.0,0.0,0.0
2050-12-14 04:00:00,0.0,39.513029442606694,0.0,0.0,0.0,0.0,0.0
2050-12-14 05:00:00,0.0,37.08663289409992,0.0,0.0,0.0,0.0,0.0
2050-12-14 06:00:00,0.0,37.69812901559817,0.0,0.0,0.0,0.0,0.0
2050-12-14 07:00:00,0.0,35.51428853027551,0.0,0.0,0.0,0.0,0.0
2050-12-14 08:00:00,0.0,34.15183596454722,0.0,0.0,0.0,0.0,0.0
2050-12-14 09:00:00,0.0,34.101578935663156,0.0,0.0,0.0,0.0,0.0
2050-12-14 10:00:00,0.0,32.373612425587226,0.0,0.0,0.0,0.0,0.0
2050-12-14 11:00:00,0.0,31.720707185589845,0.0,0.0,0.0,0.0,0.0
2050-12-14 12:00:00,0.0,30.7753662839998,0.0,0.0,0.0,0.0,0.0
2050-12-14 13:00:00,0.0,30.919329619107202,0.0,0.0,0.0,0.0,0.0
2050-12-14 14:00:00,0.0,32.77621619361389,0.0,0.0,0.0,0.0,0.0
2050-12-14 15:00:00,0.0,31.089219491244876,0.0,0.0,0.0,0.0,0.0
2050-12-14 16:00:00,0.0,32.2527064670046,0.0,0.0,0.0,0.0,0.0
2050-12-14 17:00:00,0.0,33.143366481798694,0.0,0.0,0.0,0.0,0.0
2050-12-14 18:00:00,0.0,34.34865748127004,0.0,0.0,0.0,0.0,0.0
2050-12-14 19:00:00,0.0,35.525221286749,0.0,0.0,0.0,0.0,0.0
2050-12-14 20:00:00,0.0,35.69250155033342,0.0,0.0,0.0,0.0,0.0
2050-12-14 21:00:00,0.0,37.93841108849756,0.0,0.0,0.0,0.0,0.0
2050-12-14 22:00:00,0.0,39.22615023966455,0.0,0.0,0.0,0.0,0.0
2050-12-14 23:00:00,0.0,40.605237422744494,0.0,0.0,0.0,0.0,0.0
2050-12-15 00:00:00,0.0,38.80635781010983,0.0,0.0,0.0,0.0,0.0
2050-12-15 01:00:00,0.0,40.299799146862824,0.0,0.0,0.0,0.0,0.0
2050-12-15 02:00:00,0.0,37.97807374355398,0.0,0.0,0.0,0.0,0.0
2050-12-15 03:00:00,0.0,39.10132201141823,0.0,0.0,0.0,0.0,0.0
2050-12-15 04:00:00,0.0,38.666943474892605,0.0,0.0,0.0,0.0,0.0
2050-12-15 05:00:00,0.0,36.532687539909375,0.0,0.0,0.0,0.0,0.0
2050-12-15 06:00:00,0.0,35.741311019663726,0.0,0.0,0.0,0.0,0.0
2050-12-15 07:00:00,0.0,35.57563010529543,0.0,0.0,0.0,0.0,0.0
2050-12-15 08:00:00,0.0,34.4166604747802,0.0,0.0,0.0,0.0,0.0
2050-12-15 09:00:00,0.0,31.870438599279396,0.0,0.0,0.0,0.0,0.0
2050-12-15 10:00:00,0.0,32.39266977411171,0.0,0.0,0.0,0.0,0.0
2050-12-15 11:00:00,0.0,33.15004835742752,0.0,0.0,0.0,0.0,0.0
2050-12-15 12:00:00,0.0,31.400143173476863,0.0,0.0,0.0,0.0,0.0
2050-12-15 13:00:00,0.0,31.86369268836779,0.0,0.0,0.0,0.0,0.0
2050-12-15 14:00:00,0.0,31.578366279724605,0.0,0.0,0.0,0.0,0.0
2050-12-15 15:00:00,0.0,30.32610472685292,0.0,0.0,0.0,0.0,0.0
2050-12-15 16:00:00,0.0,32.30773739823985,0.0,0.0,0.0,0.0,0.0
2050-12-15 17:00:00,0.0,33.12464332510581,0.0,0.0,0.0,0.0,0.0
2050-12-15 18:00:00,0.0,34.69404379450771,0.0,0.0,0.0,0.0,0.0
2050-12-15 19:00:00,0.0,35.06299863544609,0.0,0.0,0.0,0.0,0.0
2050-12-15 20:00:00,0.0,35.831737319382455,0.0,0.0,0.0,0.0,0.0
2050-12-15 21:00:00,0.0,37.242078166536885,0.0,0.0,0.0,0.0,0.0
2050-12-15 22:00:00,0.0,38.2582126161426,0.0,0.0,0.0,0.0,0.0
2050-12-15 23:00:00,0.0,39.10199016363981,0.0,0.0,0.0,0.0,0.0
2050-12-16 00:00:00,0.0,38.514903186843185,9.577657465029892,0.0,0.0,0.0,0.0
2050-12-16 01:00:00,0.0,40.023571440167416,0.0,0.0,0.0,6.701008045408164,0.0
2050-12-16 02:00:00,0.0,39.53289653510342,2.4837818952349107,0.0,0.0,0.0,6.566331185711551
2050-12-16 03:00:00,0.0,37.777158371894075,0.0,0.0,0.0,0.0,0.0
2050-12-16 04:00:00,0.0,38.537010477311696,0.0,0.0,0.0,0.0,0.0
2050-12-16 05:00:00,0.0,37.44904762229953,0.0,0.0,0.0,0.0,0.0
2050-12-16 06:00:00,0.0,36.60264843069763,0.0,0.0,0.0,0.0,0.0
2050-12-16 07:00:00,0.0,34.49925191797547,0.0,0.0,0.0,0.0,0.0
2050-12-16 08:00:00,0.0,34.12555593678326,0.0,0.0,0.0,0.0,0.0
2050-12-16 09:00:00,0.0,33.09772977087937,0.0,0.0,0.0,0.0,0.0
2050-12-16 10:00:00,0.0,32.33907203728586,0.0,0.0,0.0,0.0,0.0
2050-12-16 11:00:00,0.0,31.22983470213444,3.378115874295214,0.0,0.0,0.0,0.0
2050-12-16 12:00:00,0.0,32.57087727306475,15.83886837658683,0.0,0.0,0.0,0.0
2050-12-16 13:00:00,0.0,30.282905338715864,18.830294488474067,0.0,0.0,0.0,0.0
2050-12-16 14:00:00,0.0,32.02650855864931,28.54501220237159,0.0,0.0,0.0,0.0
2050-12-16 15:00:00,0.0,30.9987590986766,9.588210314720172,0.0,0.0,0.0,0.0
2050-12-16 16:00:00,0.0,31.80912417306172,37.7380692639674,0.0,0.0,0.0,0.0
2050-12-16 17:00:00,0.0,32.88889916504672,37.7380692639674,0.0,0.0,0.0,0.0
2050-12-16 18:00:00,0.0,35.46392029755111,37.7380692639674,0.0,0.0,0.0,0.0
2050-12-16 19:00:00,0.0,36.236881751671945,37.7380692639674,0.0,0.0,0.0,0.0
2050-12-16 20:00:00,0.0,36.11992478091838,37.7380692639674,0.0,0.0,0.0,0.0
2050-12-16 21:00:00,0.0,38.2130538196584,27.2667150389212,0.0,0.0,0.0,0.0
2050-12-16 22:00:00,0.0,38.76739146468003,0.0,0.0,0.0,0.0,0.0
2050-12-16 23:00:00,0.0,40.08139109965987,0.0,6.299320664721155,0.0,0.0,0.0
2050-12-17 00:00:00,0.0,37.7817274531742,0.0,10.22346210809311,0.0,0.0,0.0
2050-12-17 01:00:00,0.0,37.1651392731801,0.0,0.0,0.0,0.0,0.0
2050-12-17 02:00:00,0.0,37.04784087730786,5.0753685673783835,0.0,0.0,0.0,0.0
2050-12-17 03:00:00,0.0,36.39599878878357,37.7380692639674,0.0,0.0,20.247789336177995,0.0
2050-12-17 04:00:00,0.0,35.1790674258466,37.7380692639674,0.0,0.0,6.998320481704209,0.0
2050-12-17 05:00:00,0.0,34.38041228882116,37.7380692639674,0.0,0.0,20.247789336177995,0.0
2050-12-17 06:00:00,0.0,34.658588925571394,37.7380692639674,0.0,0.0,0.0,0.0
2050-12-17 07:00:00,0.0,31.798433584839813,37.7380692639674,0.0,0.0,20.247789336177995,0.0
2050-12-17 08:00:00,0.0,32.05578037459986,37.7380692639674,0.0,0.0,20.247789336177995,0.0
2050-12-17 09:00:00,0.0,31.69537162280244,37.7380692639674,0.0,0.0,20.247789336177995,0.0
2050-12-17 10:00:00,0.0,30.069910805322934,0.0,0.0,0.0,20.247789336177995,0.0
2050-12-17 11:00:00,0.0,30.1371427580425,0.0,0.0,0.0,16.890924596290745,0.0
2050-12-17 12:00:00,0.0,28.934551038141535,0.0,0.0,0.0,20.247789336177995,0.0
2050-12-17 13:00:00,0.0,29.657700500397368,19.31745314672527,0.0,0.0,20.247789336177995,0.0
2050-12-17 14:00:00,0.0,28.568056289439482,34.31392760876358,0.0,0.0,20.247789336177995,0.0
2050-12-17 15:00:00,0.0,30.688512210628005,31.804117227132338,0.0,0.0,0.0,0.0
2050-12-17 16:00:00,0.0,30.076587802684344,37.7380692639674,0.0,0.0,0.0,0.0
2050-12-17 17:00:00,0.0,31.83569538872007,37.7380692639674,0.0,0.0,20.247789336177995,0.0
2050-12-17 18:00:00,0.0,31.352760264220024,37.7380692639674,0.0,0.0,20.247789336177995,0.0
2050-12-17 19:00:00,0.0,33.52015960107519,29.705548520042225,0.0,0.0,20.247789336177995,0.0
2050-12-17 20:00:00,0.0,34.51281953481862,22.040297075218756,0.0,0.0,20.247789336177995,0.0
2050-12-17 21:00:00,0.0,34.027804666022575,7.553328141780117,0.0,0.0,20.247789336177995,0.0
2050-12-17 22:00:00,0.0,36.75935094133138,0.0,18.79518481950361,0.0,0.0,0.0
2050-12-17 23:00:00,0.0,36.90015234154339,0.0,46.16938410952485,0.0,0.0,0.0
2050-12-18 00:00:00,0.0,36.13060424225341,0.0,48.62552183750089,0.0,0.0,0.0
2050-12-18 01:00:00,0.0,36.28912342138847,0.0,48.62552183750089,0.0,0.0,38.394910120795046
2050-12-18 02:00:00,0.0,35.83476557371182,0.0,48.62552183750089,0.0,0.0,38.394910120795046
2050-12-18 03:00:00,0.0,37.409562737995884,0.0,48.62552183750089,0.0,0.0,38.394910120795046
2050-12-18 04:00:00,0.0,35.38465224867332,0.0,48.62552183750089,0.0,0.0,38.394910120795046
2050-12-18 05:00:00,0.0,35.23464231144908,0.0,48.62552183750089,0.0,0.0,38.394910120795046
2050-12-18 06:00:00,0.0,34.148745130301904,0.0,48.62552183750089,0.0,0.0,0.0
2050-12-18 07:00:00,0.0,33.381086513672244,0.0,48.62552183750089,0.0,0.0,38.394910120795046
2050-12-18 08:00:00,0.0,31.784616793157056,0.0,48.62552183750089,0.0,0.0,31.949636001090337
2050-12-18 09:00:00,0.0,31.40599536924401,0.0,45.90641630101474,0.0,0.0,38.394910120795046
2050-12-18 10:00:00,0.0,31.382050122901774,0.0,0.0,0.0,0.0,0.0
2050-12-18 11:00:00,0.0,29.912238634402456,0.0,0.0,0.0,0.0,0.0
2050-12-18 12:00:00,0.0,29.140719527629017,0.0,0.0,0.0,0.0,0.0
2050-12-18 13:00:00,0.0,29.446958480169087,0.0,0.0,0.0,0.0,0.0
2050-12-18 14:00:00,0.0,29.170121249254635,0.0,0.0,0.0,0.0,0.0
2050-12-18 15:00:00,0.0,30.44149198244918,0.0,0.0,0.0,0.0,0.0
2050-12-18 16:00:00,0.0,31.767684508413822,0.0,0.0,0.0,0.0,0.0
2050-12-18 17:00:00,0.0,31.65046849549276,0.0,0.0,0.0,0.0,0.0
2050-12-18 18:00:00,0.0,32.783008511554044,0.0,0.0,0.0,0.0,0.0
2050-12-18 19:00:00,0.0,32.22208564443076,0.0,0.0,0.0,0.0,0.0
2050-12-18 20:00:00,0.0,34.76503072463947,0.0,0.0,0.0,0.0,0.0
2050-12-18 21:00:00,0.0,34.86136909760194,0.0,0.0,0.0,0.0,0.0
2050-12-18 22:00:00,0.0,34.77044732020795,0.0,0.0,0.0,0.0,0.0
2050-12-18 23:00:00,0.0,36.44657921196517,0.0,0.0,0.0,0.0,0.0
2050-12-19 00:00:00,0.0,39.94825197472551,0.0,0.0,0.0,0.0,0.0
2050-12-19 01:00:00,0.0,39.6275854722785,0.0,0.0,0.0,0.0,0.0
2050-12-19 02:00:00,0.0,39.97195997805579,0.0,0.0,0.0,0.0,0.0
2050-12-19 03:00:00,0.0,38.216157543770805,0.0,0.0,0.0,0.0,0.0
2050-12-19 04:00:00,0.0,37.38163451839341,0.0,0.0,0.0,0.0,0.0
2050-12-19 05:00:00,0.0,38.65042251889804,0.0,0.0,0.0,0.0,0.0
2050-12-19 06:00:00,0.0,36.62323511662112,0.0,0.0,0.0,0.0,0.0
2050-12-19 07:00:00,0.0,35.889158444482746,0.0,0.0,0.0,0.0,0.0
2050-12-19 08:00:00,0.0,34.93937279158604,0.0,0.0,0.0,0.0,0.0
2050-12-19 09:00:00,0.0,32.665717115332654,0.0,0.0,0.0,0.0,0.0
2050-12-19 10:00:00,0.0,32.078809324729036,0.0,0.0,0.0,0.0,0.0
2050-12-19 11:00:00,0.0,31.601058615588272,0.0,0.0,0.0,0.0,0.0
2050-12-19 12:00:00,0.0,31.91138354950226,0.0,0.0,0.0,0.0,0.0
2050-12-19 13:00:00,0.0,31.20426940815082,0.0,0.0,0.0,0.0,0.0
2050-12-19 14:00:00,0.0,32.35278068891421,0.0,0.0,0.0,0.0,0.0
2050-12-19 15:00:00,0.0,31.41028891739029,0.0,0.0,0.0,0.0,0.0
2050-12-19 16:00:00,0.0,32.8611192410217,0.0,0.0,0.0,0.0,0.0
2050-12-19 17:00:00,0.0,33.347266309511724,0.0,0.0,0.0,0.0,0.0
2050-12-19 18:00:00,0.0,35.08833828381603,0.0,0.0,0.0,0.0,0.0
2050-12-19 19:00:00,0.0,35.11458976512063,0.0,0.0,0.0,0.0,0.0
2050-12-19 20:00:00,0.0,36.235924612114786,0.0,0.0,0.0,0.0,0.0
2050-12-19 21:00:00,0.0,36.91157720538922,0.0,0.0,0.0,0.0,0.0
2050-12-19 22:00:00,0.0,39.58769471253731,0.0,0.0,0.0,0.0,0.0
2050-12-19 23:00:00,0.0,39.75241488280881,0.0,0.0,0.0,0.0,0.0
2050-12-20 00:00:00,0.0,38.854959750503895,0.0,0.0,0.0,0.0,0.0
2050-12-20 01:00:00,0.0,40.187905604092066,0.0,0.0,0.0,0.0,0.0
2050-12-20 02:00:00,0.0,39.69510713340787,0.0,0.0,0.0,0.0,0.0
2050-12-20 03:00:00,0.0,38.78907094829242,0.0,0.0,0.0,0.0,0.0
2050-12-20 04:00:00,0.0,37.55824075558007,0.0,0.0,0.0,0.0,0.0
2050-12-20 05:00:00,0.0,37.62349188342591,0.0,0.0,0.0,0.0,0.0
2050-12-20 06:00:00,0.0,36.42192499866451,0.0,0.0,0.0,0.0,0.0
2050-12-20 07:00:00,0.0,36.06614332591039,0.0,0.0,0.0,0.0,0.0
2050-12-20 08:00:00,0.0,34.86864993212566,0.0,0.0,0.0,0.0,0.0
2050-12-20 09:00:00,0.0,32.019485349467914,0.0,0.0,0.0,0.0,0.0
2050-12-20 10:00:00,0.0,32.25320204304717,0.0,0.0,0.0,0.0,0.0
2050-12-20 11:00:00,0.0,32.36170438522208,0.0,0.0,0.0,0.0,0.0
2050-12-20 12:00:00,0.0,30.770515836951745,0.0,0.0,0.0,0.0,0.0
2050-12-20 13:00:00,0.0,30.54985565978086,0.0,0.0,0.0,0.0,0.0
2050-12-20 14:00:00,0.0,30.90775196185041,0.0,0.0,0.0,0.0,0.0
2050-12-20 15:00:00,0.0,31.08121515953917,0.0,0.0,0.0,0.0,0.0
2050-12-20 16:00:00,0.0,32.73061253916967,0.0,0.0,0.0,0.0,0.0
2050-12-20 17:00:00,0.0,33.534415817022364,0.0,0.0,0.0,0.0,0.0
2050-12-20 18:00:00,0.0,34.47774401903257,0.0,0.0,0.0,0.0,0.0
2050-12-20 19:00:00,0.0,35.477832834955734,0.0,0.0,0.0,0.0,0.0
2050-12-20 20:00:00,0.0,36.19667632464575,0.0,0.0,0.0,0.0,0.0
2050-12-20 21:00:00,0.0,38.31879745262813,0.0,0.0,0.0,0.0,0.0
2050-12-20 22:00:00,0.0,39.48930414415304,0.0,0.0,0.0,0.0,0.0
2050-12-20 23:00:00,0.0,40.02118466028833,0.0,0.0,0.0,0.0,0.0
2050-12-21 00:00:00,0.0,39.62646806981661,0.0,0.0,0.0,0.0,0.0
2050-12-21 01:00:00,0.0,40.6407601863898,0.0,0.0,0.0,0.0,0.0
2050-12-21 02:00:00,0.0,40.42557873374449,0.0,0.0,0.0,0.0,0.0
2050-12-21 03:00:00,0.0,38.37796126090484,0.0,0.0,0.0,0.0,0.0
2050-12-21 04:00:00,0.0,38.66717361754672,0.0,0.0,0.0,0.0,0.0
2050-12-21 05:00:00,0.0,38.69390793735238,0.0,0.0,0.0,0.0,0.0
2050-12-21 06:00:00,0.0,36.06839505492189,0.0,0.0,0.0,0.0,0.0
2050-12-21 07:00:00,0.0,34.53697592335675,0.0,0.0,0.0,0.0,0.0
2050-12-21 08:00:00,0.0,33.76295554843273,0.0,0.0,0.0,0.0,0.0
2050-12-21 09:00:00,0.0,32.78210074381127,0.0,0.0,0.0,0.0,0.0
2050-12-21 10:00:00,0.0,32.305467980365165,0.0,0.0,0.0,0.0,0.0
2050-12-21 11:00:00,0.0,31.951600028027542,0.0,0.0,0.0,0.0,0.0
2050-12-21 12:00:00,0.0,32.074088058347115,0.0,0.0,0.0,0.0,0.0
2050-12-21 13:00:00,0.0,31.698340691547173,0.0,0.0,0.0,0.0,0.0
2050-12-21 14:00:00,0.0,30.210970655957,0.0,0.0,0.0,0.0,0.0
2050-12-21 15:00:00,0.0,31.378538536673886,0.0,0.0,0.0,0.0,0.0
2050-12-21 16:00:00,0.0,32.45806877885752,0.0,0.0,0.0,0.0,0.0
2050-12-21 17:00:00,0.0,34.03782973063903,0.0,0.0,0.0,0.0,0.0
2050-12-21 18:00:00,0.0,33.62734171166335,0.0,0.0,0.0,0.0,0.0
2050-12-21 19:00:00,0.0,36.82655941472217,0.0,0.0,0.0,0.0,0.0
2050-12-21 20:00:00,0.0,35.481081225838125,0.0,0.0,0.0,0.0,0.0
2050-12-21 21:00:00,0.0,36.97036080218345,0.0,0.0,0.0,0.0,0.0
2050-12-21 22:00:00,0.0,39.18251087138242,0.0,0.0,0.0,0.0,0.0
2050-12-21 23:00:00,0.0,38.168807133250766,0.0,0.0,0.0,0.0,0.0
2050-12-22 00:00:00,0.0,38.921411327269425,0.0,0.0,0.0,0.0,0.0
2050-12-22 01:00:00,0.0,37.961795790990436,0.0,0.0,0.0,0.0,0.0
2050-12-22 02:00:00,0.0,39.63100316239479,0.0,0.0,0.0,0.0,0.0
2050-12-22 03:00:00,0.0,40.11195899922018,0.0,0.0,0.0,0.0,0.0
2050-12-22 04:00:00,0.0,38.53967617204671,0.0,0.0,0.0,0.0,0.0
2050-12-22 05:00:00,0.0,37.09958162897669,0.0,0.0,0.0,0.0,0.0
2050-12-22 06:00:00,0.0,37.187162951285245,0.0,0.0,0.0,0.0,0.0
2050-12-22 07:00:00,0.0,35.74260418329163,0.0,0.0,0.0,0.0,0.0
2050-12-22 08:00:00,0.0,34.38987573697136,0.0,0.0,0.0,0.0,0.0
2050-12-22 09:00:00,0.0,32.810363499582536,0.0,0.0,0.0,0.0,0.0
2050-12-22 10:00:00,0.0,32.24361166886979,0.0,0.0,0.0,0.0,0.0
2050-12-22 11:00:00,0.0,31.336350327733726,0.0,0.0,0.0,0.0,0.0
2050-12-22 12:00:00,0.0,30.737093975155858,0.0,0.0,0.0,0.0,0.0
2050-12-22 13:00:00,0.0,31.078075882955318,0.0,0.0,0.0,0.0,0.0
2050-12-22 14:00:00,0.0,31.467835144310357,0.0,0.0,0.0,0.0,0.0
2050-12-22 15:00:00,0.0,31.400658688203976,0.0,0.0,0.0,0.0,0.0
2050-12-22 16:00:00,0.0,32.21713661486365,0.0,0.0,0.0,0.0,0.0
2050-12-22 17:00:00,0.0,33.81887819405847,0.0,0.0,0.0,0.0,0.0
2050-12-22 18:00:00,0.0,34.525803820186184,0.0,0.0,0.0,0.0,0.0
2050-12-22 19:00:00,0.0,35.17312526878072,0.0,0.0,0.0,0.0,0.0
2050-12-22 20:00:00,0.0,35.42194803467828,0.0,0.0,0.0,0.0,0.0
2050-12-22 21:00:00,0.0,37.29803500524895,0.0,0.0,0.0,0.0,0.0
2050-12-22 22:00:00,0.0,38.46240203895013,0.0,0.0,0.0,0.0,0.0
2050-12-22 23:00:00,0.0,38.483542453577,0.0,0.0,0.0,0.0,0.0
2050-12-23 00:00:00,0.0,38.6344631974132,0.0,0.0,0.0,0.0,0.0
2050-12-23 01:00:00,0.0,39.55257804055623,0.0,0.0,0.0,0.0,0.0
2050-12-23 02:00:00,0.0,39.05301340677738,0.0,0.0,0.0,0.0,0.0
2050-12-23 03:00:00,0.0,38.658228300377004,0.0,0.0,0.0,0.0,0.0
2050-12-23 04:00:00,0.0,39.11664709306751,0.0,0.0,0.0,0.0,0.0
2050-12-23 05:00:00,0.0,37.316858745232366,0.0,0.0,0.0,0.0,0.0
2050-12-23 06:00:00,0.0,36.1574884516624,0.0,0.0,0.0,0.0,0.0
2050-12-23 07:00:00,0.0,36.261811626013014,0.0,0.0,0.0,0.0,0.0
2050-12-23 08:00:00,0.0,33.74763196249614,0.0,0.0,0.0,0.0,0.0
2050-12-23 09:00:00,0.0,33.13656575804066,0.0,0.0,0.0,0.0,0.0
2050-12-23 10:00:00,0.0,32.6346915300378,0.0,0.0,0.0,0.0,0.0
2050-12-23 11:00:00,0.0,31.487533743405265,0.0,0.0,0.0,0.0,0.0
2050-12-23 12:00:00,0.0,30.663883140981625,0.0,0.0,0.0,0.0,0.0
2050-12-23 13:00:00,0.0,30.347981273794858,0.0,0.0,0.0,0.0,0.0
2050-12-23 14:00:00,0.0,32.37643755709587,0.0,0.0,0.0,0.0,0.0
2050-12-23 15:00:00,0.0,31.26684694517121,0.0,0.0,0.0,0.0,0.0
2050-12-23 16:00:00,0.0,32.76233391041251,0.0,0.0,0.0,0.0,0.0
2050-12-23 17:00:00,0.0,33.66020133919574,0.0,0.0,0.0,0.0,0.0
2050-12-23 18:00:00,0.0,34.02876035053805,0.0,0.0,0.0,0.0,0.0
2050-12-23 19:00:00,0.0,35.01635491983939,0.0,0.0,0.0,0.0,0.0
2050-12-23 20:00:00,0.0,36.020162661418226,0.0,0.0,0.0,0.0,0.0
2050-12-23 21:00:00,0.0,36.47791257987251,0.0,0.0,0.0,0.0,0.0
2050-12-23 22:00:00,0.0,37.440420616916526,0.0,0.0,0.0,0.0,0.0
2050-12-23 23:00:00,0.0,38.73205574409758,0.0,0.0,0.0,0.0,0.0
2050-12-24 00:00:00,0.0,36.74246139365823,0.0,0.0,0.0,0.0,0.0
2050-12-24 01:00:00,0.0,37.020488977811965,0.0,0.0,0.0,0.0,0.0
2050-12-24 02:00:00,0.0,37.14382573138528,0.0,0.0,0.0,0.0,0.0
2050-12-24 03:00:00,0.0,36.64179684844498,0.0,0.0,0.0,0.0,0.0
2050-12-24 04:00:00,0.0,36.473772923064644,0.0,0.0,0.0,0.0,0.0
2050-12-24 05:00:00,0.0,34.32286404476304,0.0,0.0,0.0,0.0,0.0
2050-12-24 06:00:00,0.0,32.106421972172484,0.0,0.0,0.0,0.0,0.0
2050-12-24 07:00:00,0.0,34.1242651348407,0.0,0.0,0.0,0.0,0.0
2050-12-24 08:00:00,0.0,31.728549580406934,0.0,0.0,0.0,0.0,0.0
2050-12-24 09:00:00,0.0,31.16928907059946,0.0,0.0,0.0,0.0,0.0
2050-12-24 10:00:00,0.0,30.511024561269778,0.0,0.0,0.0,0.0,0.0
2050-12-24 11:00:00,0.0,29.79980356198257,0.0,0.0,0.0,0.0,0.0
2050-12-24 12:00:00,0.0,29.56640870512024,0.0,0.0,0.0,0.0,0.0
2050-12-24 13:00:00,0.0,29.354972477317006,0.0,0.0,0.0,0.0,0.0
2050-12-24 14:00:00,0.0,30.080538382235773,0.0,0.0,0.0,0.0,0.0
2050-12-24 15:00:00,0.0,29.73145396613836,0.0,0.0,0.0,0.0,0.0
2050-12-24 16:00:00,0.0,30.66710445497347,0.0,0.0,0.0,0.0,0.0
2050-12-24 17:00:00,0.0,31.31717315133369,0.0,0.0,0.0,0.0,0.0
2050-12-24 18:00:00,0.0,32.32143845830592,0.0,0.0,0.0,0.0,0.0
2050-12-24 19:00:00,0.0,34.37592801361325,0.0,0.0,0.0,0.0,0.0
2050-12-24 20:00:00,0.0,33.586403747749046,0.0,0.0,0.0,0.0,0.0
2050-12-24 21:00:00,0.0,34.951836510829025,0.0,0.0,0.0,0.0,0.0
2050-12-24 22:00:00,0.0,34.481922604320516,0.0,0.0,0.0,0.0,0.0
2050-12-24 23:00:00,0.0,37.54463817489136,0.0,0.0,0.0,0.0,0.0
2050-12-25 00:00:00,0.0,37.582956621418816,0.0,0.0,0.0,0.0,0.0
2050-12-25 01:00:00,0.0,37.58449673487485,0.0,0.0,0.0,0.0,0.0
2050-12-25 02:00:00,0.0,36.935037008562176,0.0,0.0,0.0,0.0,0.0
2050-12-25 03:00:00,0.0,36.53043612930014,0.0,0.0,0.0,0.0,0.0
2050-12-25 04:00:00,0.0,36.57020461376874,0.0,0.0,0.0,0.0,0.0
2050-12-25 05:00:00,0.0,35.003623194674674,0.0,0.0,0.0,0.0,0.0
2050-12-25 06:00:00,0.0,33.09387799015076,0.0,0.0,0.0,0.0,0.0
2050-12-25 07:00:00,0.0,31.898670164808436,0.0,0.0,0.0,0.0,0.0
2050-12-25 08:00:00,0.0,31.82051404330764,0.0,0.0,0.0,0.0,0.0
2050-12-25 09:00:00,0.0,30.13377265776444,0.0,0.0,0.0,0.0,0.0
2050-12-25 10:00:00,0.0,30.088448324643423,0.0,0.0,0.0,0.0,0.0
2050-12-25 11:00:00,0.0,30.14019659255632,0.0,0.0,0.0,0.0,0.0
2050-12-25 12:00:00,0.0,28.954120603449383,0.0,0.0,0.0,0.0,0.0
2050-12-25 13:00:00,0.0,29.510908282248693,0.0,0.0,0.0,0.0,0.0
2050-12-25 14:00:00,0.0,27.858779190170935,0.0,0.0,0.0,0.0,0.0
2050-12-25 15:00:00,0.0,28.902147901076887,0.0,0.0,0.0,0.0,0.0
2050-12-25 16:00:00,0.0,31.1318593646738,0.0,0.0,0.0,0.0,0.0
2050-12-25 17:00:00,0.0,31.335798958632267,0.0,0.0,0.0,0.0,0.0
2050-12-25 18:00:00,0.0,32.333601884457266,0.0,0.0,0.0,0.0,0.0
2050-12-25 19:00:00,0.0,32.36440715245226,0.0,0.0,0.0,0.0,0.0
2050-12-25 20:00:00,0.0,34.21936130434642,0.0,0.0,0.0,0.0,0.0
2050-12-25 21:00:00,0.0,36.05031203432577,0.0,0.0,0.0,0.0,0.0
2050-12-25 22:00:00,0.0,36.55972084369387,0.0,0.0,0.0,0.0,0.0
2050-12-25 23:00:00,0.0,36.876498011281456,0.0,0.0,0.0,0.0,0.0
2050-12-26 00:00:00,0.0,39.04803449985047,0.0,0.0,0.0,0.0,0.0
2050-12-26 01:00:00,0.0,38.08317113330418,0.0,0.0,0.0,0.0,0.0
2050-12-26 02:00:00,0.0,38.83428863597442,0.0,0.0,0.0,0.0,0.0
2050-12-26 03:00:00,0.0,38.47401278954271,0.0,0.0,0.0,0.0,0.0
2050-12-26 04:00:00,0.0,38.32307524410703,0.0,0.0,0.0,0.0,0.0
2050-12-26 05:00:00,0.0,37.009253608005565,0.0,0.0,0.0,0.0,0.0
2050-12-26 06:00:00,0.0,36.26012093099234,0.0,0.0,0.0,0.0,0.0
2050-12-26 07:00:00,0.0,34.806218167761244,0.0,0.0,0.0,0.0,0.0
2050-12-26 08:00:00,0.0,33.51305893404469,0.0,0.0,0.0,0.0,0.0
2050-12-26 09:00:00,0.0,32.9833512042519,0.0,0.0,0.0,0.0,0.0
2050-12-26 10:00:00,0.0,31.1665340842776,0.0,0.0,0.0,0.0,0.0
2050-12-26 11:00:00,0.0,30.350203547225874,0.0,0.0,0.0,0.0,0.0
2050-12-26 12:00:00,0.0,30.966373541696385,0.0,0.0,0.0,0.0,0.0
2050-12-26 13:00:00,0.0,31.564843542989365,0.0,0.0,0.0,0.0,0.0
2050-12-26 14:00:00,0.0,30.338268311399133,0.0,0.0,0.0,0.0,0.0
2050-12-26 15:00:00,0.0,31.885098866566523,0.0,0.0,0.0,0.0,0.0
2050-12-26 16:00:00,0.0,33.35079872102938,0.0,0.0,0.0,0.0,0.0
2050-12-26 17:00:00,0.0,32.57211572711981,0.0,0.0,0.0,0.0,0.0
2050-12-26 18:00:00,0.0,32.939367206734005,0.0,0.0,0.0,0.0,0.0
2050-12-26 19:00:00,0.0,34.702874066950244,0.0,0.0,0.0,0.0,0.0
2050-12-26 20:00:00,0.0,36.517980423585186,0.0,0.0,0.0,0.0,0.0
2050-12-26 21:00:00,0.0,37.63838653089147,0.0,0.0,0.0,0.0,0.0
2050-12-26 22:00:00,0.0,38.23903605356486,0.0,0.0,0.0,0.0,0.0
2050-12-26 23:00:00,0.0,38.373624033743454,0.0,0.0,0.0,0.0,0.0
2050-12-27 00:00:00,0.0,39.58744165854955,0.0,0.0,0.0,0.0,0.0
2050-12-27 01:00:00,0.0,38.781536527340904,0.0,0.0,0.0,0.0,0.0
2050-12-27 02:00:00,0.0,39.16157647739965,0.0,0.0,0.0,0.0,0.0
2050-12-27 03:00:00,0.0,38.88623246016823,0.0,0.0,0.0,0.0,0.0
2050-12-27 04:00:00,0.0,39.510686411162396,0.0,0.0,0.0,0.0,0.0
2050-12-27 05:00:00,0.0,37.10537085177384,0.0,0.0,0.0,0.0,0.0
2050-12-27 06:00:00,0.0,36.15860215243106,0.0,0.0,0.0,0.0,0.0
2050-12-27 07:00:00,0.0,35.38230790694479,0.0,0.0,0.0,0.0,0.0
2050-12-27 08:00:00,0.0,35.153516851122276,0.0,0.0,0.0,0.0,0.0
2050-12-27 09:00:00,0.0,32.3869893235144,0.0,0.0,0.0,0.0,0.0
2050-12-27 10:00:00,0.0,32.89056053183867,0.0,0.0,0.0,0.0,0.0
2050-12-27 11:00:00,0.0,31.016274972336305,0.0,0.0,0.0,0.0,0.0
2050-12-27 12:00:00,0.0,30.380085181918275,0.0,0.0,0.0,0.0,0.0
2050-12-27 13:00:00,0.0,30.696438271722172,0.0,0.0,0.0,0.0,0.0
2050-12-27 14:00:00,0.0,30.02673734872451,0.0,0.0,0.0,0.0,0.0
2050-12-27 15:00:00,0.0,30.764868672253215,0.0,0.0,0.0,0.0,0.0
2050-12-27 16:00:00,0.0,32.21334226807812,0.0,0.0,0.0,0.0,0.0
2050-12-27 17:00:00,0.0,33.044223425249356,0.0,0.0,0.0,0.0,0.0
2050-12-27 18:00:00,0.0,34.05537392750648,0.0,0.0,0.0,0.0,0.0
2050-12-27 19:00:00,0.0,36.167322403118305,2.5411355291968922,0.0,0.0,0.0,0.0
2050-12-27 20:00:00,0.0,34.70532825630562,0.0,0.0,0.0,0.0,0.0
2050-12-27 21:00:00,0.0,37.21915771995191,0.0,1.7770165202661043,0.0,0.0,0.0
2050-12-27 22:00:00,0.0,38.5978655155227,0.0,0.0,0.0,0.0,0.0
2050-12-27 23:00:00,0.0,39.3626968860508,0.0,0.0,0.0,0.0,0.0
2050-12-28 00:00:00,0.0,38.67162661845737,0.0,0.0,0.0,0.0,0.0
2050-12-28 01:00:00,0.0,39.76955696854793,0.0,0.0,0.0,0.0,0.0
2050-12-28 02:00:00,0.0,38.35517519552127,0.0,0.0,0.0,0.0,0.0
2050-12-28 03:00:00,0.0,38.56668398600095,0.0,0.0,0.0,0.0,0.0
2050-12-28 04:00:00,0.0,38.85119463837327,0.0,0.0,0.0,0.0,0.0
2050-12-28 05:00:00,0.0,37.06727699023463,0.0,0.0,0.0,0.0,0.0
2050-12-28 06:00:00,0.0,36.25884081463573,0.0,0.0,0.0,0.0,0.0
2050-12-28 07:00:00,0.0,36.01117392341098,0.0,0.0,0.0,0.0,0.0
2050-12-28 08:00:00,0.0,33.08276629289958,0.0,0.0,0.0,0.0,0.0
2050-12-28 09:00:00,0.0,33.031218934793515,0.0,0.0,0.0,0.0,0.0
2050-12-28 10:00:00,0.0,32.05725288448821,0.0,0.0,0.0,0.0,0.0
2050-12-28 11:00:00,0.0,31.19311738965621,0.0,0.0,0.0,0.0,0.0
2050-12-28 12:00:00,0.0,30.57942795838744,0.0,0.0,0.0,0.0,0.0
2050-12-28 13:00:00,0.0,30.76405930445935,0.0,0.0,0.0,0.0,0.0
2050-12-28 14:00:00,0.0,30.859398892408535,0.0,0.0,0.0,0.0,0.0
2050-12-28 15:00:00,0.0,31.909011518255284,0.0,0.0,0.0,0.0,0.0
2050-12-28 16:00:00,0.0,31.8605448653866,0.0,0.0,0.0,0.0,0.0
2050-12-28 17:00:00,0.0,33.85234087746039,0.0,0.0,0.0,0.0,0.0
2050-12-28 18:00:00,0.0,33.82573138981206,0.0,0.0,0.0,0.0,0.0
2050-12-28 19:00:00,0.0,35.5984671779911,0.0,0.0,0.0,0.0,0.0
2050-12-28 20:00:00,0.0,36.79975365236169,0.0,0.0,0.0,0.0,0.0
2050-12-28 21:00:00,0.0,36.974941521995106,0.0,0.0,0.0,0.0,0.0
2050-12-28 22:00:00,0.0,38.648536482223335,0.0,0.0,0.0,0.0,0.0
2050-12-28 23:00:00,0.0,37.818731372153934,0.0,0.0,0.0,0.0,0.0
2050-12-29 00:00:00,0.0,38.518277192953065,0.0,0.0,0.0,0.0,0.0
2050-12-29 01:00:00,0.0,39.01499352557266,0.0,0.0,0.0,0.0,0.0
2050-12-29 02:00:00,0.0,39.96438213649094,0.0,0.0,0.0,0.0,0.0
2050-12-29 03:00:00,0.0,38.493194620600434,0.0,0.0,0.0,0.0,0.0
2050-12-29 04:00:00,0.0,37.19554598459467,0.0,0.0,0.0,0.0,0.0
2050-12-29 05:00:00,0.0,37.531324704895724,0.0,0.0,0.0,0.0,0.0
2050-12-29 06:00:00,0.0,36.45657089016345,0.0,0.0,0.0,0.0,0.0
2050-12-29 07:00:00,0.0,34.70571715217238,0.0,0.0,0.0,0.0,0.0
2050-12-29 08:00:00,0.0,33.921727044417366,0.0,0.0,0.0,0.0,0.0
2050-12-29 09:00:00,0.0,32.56397647997619,0.0,0.0,0.0,0.0,0.0
2050-12-29 10:00:00,0.0,32.83533250792266,0.0,0.0,0.0,0.0,0.0
2050-12-29 11:00:00,0.0,31.5554237758804,0.0,0.0,0.0,0.0,0.0
2050-12-29 12:00:00,0.0,31.114161576251718,0.0,0.0,0.0,0.0,0.0
2050-12-29 13:00:00,0.0,30.374065831193548,0.0,0.0,0.0,0.0,0.0
2050-12-29 14:00:00,0.0,31.661659018997398,0.0,0.0,0.0,0.0,0.0
2050-12-29 15:00:00,0.0,31.212297941153565,0.0,0.0,0.0,0.0,0.0
2050-12-29 16:00:00,0.0,30.697813433966076,0.0,0.0,0.0,0.0,0.0
2050-12-29 17:00:00,0.0,34.0499801444721,0.0,0.0,0.0,0.0,0.0
2050-12-29 18:00:00,0.0,34.61215369381807,0.0,0.0,0.0,0.0,0.0
2050-12-29 19:00:00,0.0,35.0392072000393,0.0,0.0,0.0,0.0,0.0
2050-12-29 20:00:00,0.0,34.033862076205196,0.0,0.0,0.0,0.0,0.0
2050-12-29 21:00:00,0.0,37.960470838131414,0.0,0.0,0.0,0.0,0.0
2050-12-29 22:00:00,0.0,37.1899142982918,0.0,0.0,0.0,0.0,0.0
2050-12-29 23:00:00,0.0,37.04292222561821,0.0,0.0,0.0,0.0,0.0
2050-12-30 00:00:00,0.0,36.57513924857403,0.0,0.0,0.0,0.0,0.0
2050-12-30 01:00:00,0.0,40.505394165928465,0.0,0.0,0.0,0.0,0.0
2050-12-30 02:00:00,0.0,39.73977723580765,0.0,0.0,0.0,0.0,0.0
2050-12-30 03:00:00,0.0,39.71302450204621,0.0,0.0,0.0,0.0,0.0
2050-12-30 04:00:00,0.0,37.46973456743535,0.0,0.0,0.0,0.0,0.0
2050-12-30 05:00:00,0.0,38.35872143064648,0.0,0.0,0.0,0.0,0.0
2050-12-30 06:00:00,0.0,36.79354002468585,0.0,0.0,0.0,0.0,0.0
2050-12-30 07:00:00,0.0,34.87363264928808,0.0,0.0,0.0,0.0,0.0
2050-12-30 08:00:00,0.0,33.161150758159465,0.0,0.0,0.0,0.0,0.0
2050-12-30 09:00:00,0.0,33.69271532478979,0.0,0.0,0.0,0.0,0.0
2050-12-30 10:00:00,0.0,32.36229949663948,0.0,0.0,0.0,0.0,0.0
2050-12-30 11:00:00,0.0,31.737337154849456,0.0,0.0,0.0,0.0,0.0
2050-12-30 12:00:00,0.0,30.682643276654062,0.0,0.0,0.0,0.0,0.0
2050-12-30 13:00:00,0.0,30.754323578209096,0.0,0.0,0.0,0.0,0.0
2050-12-30 14:00:00,0.0,30.91242466261997,0.0,0.0,0.0,0.0,0.0
2050-12-30 15:00:00,0.0,31.179673625509622,0.0,0.0,0.0,0.0,0.0
2050-12-30 16:00:00,0.0,32.55568982593854,0.0,0.0,0.0,0.0,0.0
2050-12-30 17:00:00,0.0,33.372693252746785,0.0,0.0,0.0,0.0,0.0
2050-12-30 18:00:00,0.0,32.41779646937107,0.0,0.0,0.0,0.0,0.0
2050-12-30 19:00:00,0.0,34.99613158228658,0.0,0.0,0.0,0.0,0.0
2050-12-30 20:00:00,0.0,36.17865311331275,0.0,0.0,0.0,0.0,0.0
2050-12-30 21:00:00,0.0,37.36447389983823,0.0,0.0,0.0,0.0,0.0
2050-12-30 22:00:00,0.0,38.689992203754855,0.0,0.0,0.0,0.0,0.0
2050-12-30 23:00:00,0.0,38.77780153909839,0.0,0.0,0.0,0.0,0.0
2050-12-31 00:00:00,0.0,36.37127236390779,0.0,0.0,0.0,0.0,0.0
2050-12-31 01:00:00,0.0,36.923259953193565,0.0,0.0,0.0,0.0,0.0
2050-12-31 02:00:00,0.0,36.18375340325724,0.0,0.0,0.0,0.0,0.0
2050-12-31 03:00:00,0.0,35.77680176773629,0.0,0.0,0.0,0.0,0.0
2050-12-31 04:00:00,0.0,35.15018721348565,0.0,0.0,0.0,0.0,0.0
2050-12-31 05:00:00,0.0,34.02366281705872,0.0,0.0,0.0,0.0,0.0
2050-12-31 06:00:00,0.0,35.22138373670964,0.0,0.0,0.0,0.0,0.0
2050-12-31 07:00:00,0.0,34.17887479018441,0.0,0.0,0.0,0.0,0.0
2050-12-31 08:00:00,0.0,33.08211218018505,0.0,0.0,0.0,0.0,0.0
2050-12-31 09:00:00,0.0,32.14085581504605,0.0,0.0,0.0,0.0,0.0
2050-12-31 10:00:00,0.0,29.98486406710458,0.0,0.0,0.0,0.0,0.0
2050-12-31 11:00:00,0.0,28.50030853437147,0.0,0.0,0.0,0.0,0.0
2050-12-31 12:00:00,0.0,28.573010830484463,0.0,0.0,0.0,0.0,0.0
2050-12-31 13:00:00,0.0,27.994812135116717,0.0,0.0,0.0,0.0,0.0
2050-12-31 14:00:00,0.0,29.582228212957716,0.0,0.0,0.0,0.0,0.0
2050-12-31 15:00:00,0.0,29.613328539212716,0.0,0.0,0.0,0.0,0.0
2050-12-31 16:00:00,0.0,30.505439475316507,0.0,0.0,0.0,0.0,0.0
2050-12-31 17:00:00,0.0,30.820728856813957,0.0,0.0,0.0,0.0,0.0
2050-12-31 18:00:00,0.0,30.923890525698198,0.0,0.0,0.0,0.0,0.0
2050-12-31 19:00:00,0.0,32.24532404225738,0.0,0.0,0.0,0.0,0.0
2050-12-31 20:00:00,0.0,33.61570327743243,0.0,0.0,0.0,0.0,0.0
2050-12-31 21:00:00,0.0,35.19921356639634,0.0,0.0,0.0,0.0,0.0
2050-12-31 22:00:00,0.0,34.94158613465993,0.0,0.0,0.0,0.0,0.0
2050-12-31 23:00:00,0.0,35.94063981679142,0.0,0.0,0.0,0.0,0.0
