index,punta_arenas_centro,cabo_negro
2030-01-01 00:00:00,0.11386286980763666,0.0193940323947962
2030-01-01 01:00:00,0.12694474989657553,0.01691665566392588
2030-01-01 02:00:00,0.1700690541527115,0.05673742755390121
2030-01-01 03:00:00,0.2755987977879713,0.11922457191526054
2030-01-01 04:00:00,0.36975816100696196,0.19232015759309096
2030-01-01 05:00:00,0.4232554617451533,0.26967633192439927
2030-01-01 06:00:00,0.4654418511653373,0.2940999377269961
2030-01-01 07:00:00,0.4542113387883787,0.27783048702837454
2030-01-01 08:00:00,0.47272305890379346,0.2824518458393028
2030-01-01 09:00:00,0.5194314178782203,0.30384802701370883
2030-01-01 10:00:00,0.3261773763935897,0.20755282743435075
2030-01-01 11:00:00,0.34421152143621403,0.20949560688997504
2030-01-01 12:00:00,0.36742628476211153,0.22354564224478118
2030-01-01 13:00:00,0.6069325866024151,0.3789383828227231
2030-01-01 14:00:00,0.8787037961971542,0.7002020757052263
2030-01-01 15:00:00,0.9360020381971597,0.7906897795400575
2030-01-01 16:00:00,0.9336377133448036,0.8764235155900376
2030-01-01 17:00:00,0.8518209680072247,0.8116583802506401
2030-01-01 18:00:00,0.7771199372951334,0.7075689524749842
2030-01-01 19:00:00,0.7510580083225329,0.6352402531201672
2030-01-01 20:00:00,0.6964021943254357,0.5850810719319376
2030-01-01 21:00:00,0.6196302901912087,0.5890449894736548
2030-01-01 22:00:00,0.456664309637005,0.47516677767684573
2030-01-01 23:00:00,0.46934214770873683,0.37645965798290615
2030-01-02 00:00:00,0.6756014049682626,0.37357019263208135
2030-01-02 01:00:00,0.6933438467451475,0.44650285921163835
2030-01-02 02:00:00,0.6361468235621767,0.35892401647080224
2030-01-02 03:00:00,0.5293403395594192,0.31699465726637144
2030-01-02 04:00:00,0.4584293758963331,0.17091111833462064
2030-01-02 05:00:00,0.6235749100430855,0.1655686150022483
2030-01-02 06:00:00,0.7408203653357431,0.2524668913648831
2030-01-02 07:00:00,0.7744555530695152,0.3377777592151331
2030-01-02 08:00:00,0.7294082795660791,0.42799414552256954
2030-01-02 09:00:00,0.6278515610963719,0.5393973732264666
2030-01-02 10:00:00,0.509943639499638,0.5635531550023632
2030-01-02 11:00:00,0.34491891053493784,0.5803948333848524
2030-01-02 12:00:00,0.18167584669826284,0.3768341940925074
2030-01-02 13:00:00,0.06672823802105184,0.19651985499285732
2030-01-02 14:00:00,0.060510905106438584,0.09150982246589263
2030-01-02 15:00:00,0.041322292127034574,0.06300349600195919
2030-01-02 16:00:00,0.04574207130272544,0.06284705776631834
2030-01-02 17:00:00,0.04904580700368229,0.054722243947391426
2030-01-02 18:00:00,0.04090002290525405,0.05052998887290106
2030-01-02 19:00:00,0.07991574248747589,0.07556578380585853
2030-01-02 20:00:00,0.14765302120944163,0.11880098229640791
2030-01-02 21:00:00,0.2252365287406286,0.1831224382336195
2030-01-02 22:00:00,0.26378376015626587,0.2217461696633211
2030-01-02 23:00:00,0.24093616594410733,0.28921863446345764
2030-01-03 00:00:00,0.19085109537592745,0.26482038298518973
2030-01-03 01:00:00,0.14952995496329646,0.24457261317949147
2030-01-03 02:00:00,0.1425612177610769,0.24847188259160635
2030-01-03 03:00:00,0.12316369654013676,0.2257657805408759
2030-01-03 04:00:00,0.1064606972750733,0.20112589178568469
2030-01-03 05:00:00,0.09903473676241482,0.19100172388239056
2030-01-03 06:00:00,0.0862436025361621,0.159820093541852
2030-01-03 07:00:00,0.0668643137967252,0.10558230892530589
2030-01-03 08:00:00,0.03513753313359249,0.05741649468171087
2030-01-03 09:00:00,0.0014503831196055843,0.017997244906644415
2030-01-03 10:00:00,3.229742409023165e-05,0.0006935985023306194
2030-01-03 11:00:00,0.0,0.0
2030-01-03 12:00:00,0.0,0.0
2030-01-03 13:00:00,0.0,0.0
2030-01-03 14:00:00,0.0,0.0
2030-01-03 15:00:00,0.0,0.0
2030-01-03 16:00:00,0.0,0.0
2030-01-03 17:00:00,0.00025717336243470803,0.0
2030-01-03 18:00:00,0.0012434589191173619,0.0007499616363875674
2030-01-03 19:00:00,0.019890306521654032,0.02581544207054547
2030-01-03 20:00:00,0.028570533209788737,0.0548371906975853
2030-01-03 21:00:00,0.04579715675121997,0.12282519313065718
2030-01-03 22:00:00,0.11546376823030288,0.17128385225206744
2030-01-03 23:00:00,0.21293706351897906,0.5292100975633394
2030-01-04 00:00:00,0.11052434869061753,0.35784074640534413
2030-01-04 01:00:00,0.03426821831180555,0.12190239216099626
2030-01-04 02:00:00,0.0,0.0014582696101672005
2030-01-04 03:00:00,0.0005550375675542009,0.019833795653423084
2030-01-04 04:00:00,0.07380441329964603,0.13334514093671468
2030-01-04 05:00:00,0.08121786892816171,0.10446759378929525
2030-01-04 06:00:00,0.09463225176390365,0.11693054203095869
2030-01-04 07:00:00,0.11307789805980895,0.1769703920396508
2030-01-04 08:00:00,0.11940568973517593,0.2811798869370429
2030-01-04 09:00:00,0.12738462568957182,0.3361235947951694
2030-01-04 10:00:00,0.06585443239589686,0.24224089113265646
2030-01-04 11:00:00,0.1658895301342459,0.3097534588292106
2030-01-04 12:00:00,0.1785312150980474,0.4056704038863769
2030-01-04 13:00:00,0.13735912851504847,0.29418906304431475
2030-01-04 14:00:00,0.13820139734109482,0.20932565617594778
2030-01-04 15:00:00,0.15076778152346304,0.2828734504169492
2030-01-04 16:00:00,0.17204311099454253,0.4114973280652684
2030-01-04 17:00:00,0.24146223488141622,0.5050987063314383
2030-01-04 18:00:00,0.3644823507698575,0.6243112591353003
2030-01-04 19:00:00,0.3351746694441675,0.5912329878657435
2030-01-04 20:00:00,0.2504506353777539,0.43917645752390144
2030-01-04 21:00:00,0.24127952896359645,0.30583002337089304
2030-01-04 22:00:00,0.32158468837932214,0.24545018783973788
2030-01-04 23:00:00,0.3167472892735365,0.16499825985597302
2030-01-05 00:00:00,0.3596552088601429,0.15788578939528186
2030-01-05 01:00:00,0.3705493022752879,0.16840839669231955
2030-01-05 02:00:00,0.4131919660292773,0.2527799666160949
2030-01-05 03:00:00,0.48578439106622995,0.379535817107018
2030-01-05 04:00:00,0.5511693876983323,0.44924224897963483
2030-01-05 05:00:00,0.5852055843975976,0.5289318140251258
2030-01-05 06:00:00,0.6059640996703956,0.6079854115449439
2030-01-05 07:00:00,0.6374689706274873,0.6447310245637211
2030-01-05 08:00:00,0.6498982997114112,0.5909098958822097
2030-01-05 09:00:00,0.7005269149747857,0.5532238985758765
2030-01-05 10:00:00,0.49985612139032676,0.4091298594744781
2030-01-05 11:00:00,0.5182358114540937,0.47961543684357577
2030-01-05 12:00:00,0.584719973106264,0.4929273210007347
2030-01-05 13:00:00,0.5350193217158309,0.7996531978950575
2030-01-05 14:00:00,0.4202756467589135,0.7764892269987738
2030-01-05 15:00:00,0.4191435683098946,0.7820156078628518
2030-01-05 16:00:00,0.4790943424084717,0.8445210645382818
2030-01-05 17:00:00,0.5205653958762272,0.8832070764246415
2030-01-05 18:00:00,0.5531638627157889,0.9012000629642961
2030-01-05 19:00:00,0.8537246643583609,0.971854503153527
2030-01-05 20:00:00,0.9769431429588142,0.9983547658651182
2030-01-05 21:00:00,0.9099135319834,0.9978203499581132
2030-01-05 22:00:00,0.5887988538806249,0.9124426824660883
2030-01-05 23:00:00,0.445141377046088,0.7786961624678055
2030-01-06 00:00:00,0.3066743793842004,0.5542505843380126
2030-01-06 01:00:00,0.26375542411573666,0.44042464770682577
2030-01-06 02:00:00,0.1764687156631148,0.32024579341244924
2030-01-06 03:00:00,0.11518330784383646,0.19196447789083532
2030-01-06 04:00:00,0.11443463215894495,0.1831741077275377
2030-01-06 05:00:00,0.15498184397264275,0.2752527296833521
2030-01-06 06:00:00,0.24269261897439048,0.3533326027723071
2030-01-06 07:00:00,0.30299294162512497,0.37543581102920914
2030-01-06 08:00:00,0.3103854435326152,0.3172666171899817
2030-01-06 09:00:00,0.29610540398873375,0.29297061690367443
2030-01-06 10:00:00,0.33893998728944463,0.3642001150844616
2030-01-06 11:00:00,0.5167292398330112,0.4232003395072198
2030-01-06 12:00:00,0.6412677659720761,0.57784803290199
2030-01-06 13:00:00,0.6916516476835407,0.6850688639881348
2030-01-06 14:00:00,0.7003976514798613,0.747468261952304
2030-01-06 15:00:00,0.7802836561128065,0.8567525091358197
2030-01-06 16:00:00,0.795705407280005,0.875293001443454
2030-01-06 17:00:00,0.8593932288450457,0.9595066854814908
2030-01-06 18:00:00,0.9262426369174837,0.9967987322989981
2030-01-06 19:00:00,0.9715596232074711,0.9977498950527558
2030-01-06 20:00:00,0.9719709768266047,0.9980129157053473
2030-01-06 21:00:00,0.9643528183322836,0.997182535092702
2030-01-06 22:00:00,0.39357759053885943,0.4115750104262361
2030-01-06 23:00:00,0.4961529736679896,0.3837499601987783
2030-01-07 00:00:00,0.7006616486468472,0.5338508461297731
2030-01-07 01:00:00,0.8687614968477244,0.7106428906628657
2030-01-07 02:00:00,0.9058239948800071,0.7513737848845724
2030-01-07 03:00:00,0.8943262755185482,0.6548170610409835
2030-01-07 04:00:00,0.8659381139620843,0.5282920116699583
2030-01-07 05:00:00,0.8391954454915551,0.4163938181454663
2030-01-07 06:00:00,0.753422785469394,0.3185389585773436
2030-01-07 07:00:00,0.6787461386958131,0.2540066094244302
2030-01-07 08:00:00,0.5998389432244446,0.21260156179169068
2030-01-07 09:00:00,0.45191030691837886,0.16567196656599234
2030-01-07 10:00:00,0.1477140400168039,0.06733844436670275
2030-01-07 11:00:00,0.12043238922243743,0.059943072592327826
2030-01-07 12:00:00,0.08193805445365131,0.013144034220127703
2030-01-07 13:00:00,0.18247616503286457,0.04098788083927814
2030-01-07 14:00:00,0.17853376758922823,0.057155505415480035
2030-01-07 15:00:00,0.16368489708618023,0.021041872831335198
2030-01-07 16:00:00,0.12639212351351292,0.001426223475582641
2030-01-07 17:00:00,0.11607228742528328,0.0016025154086209295
2030-01-07 18:00:00,0.13749029947988398,0.04590003701782343
2030-01-07 19:00:00,0.16751998663548245,0.12882281893196307
2030-01-07 20:00:00,0.14458684522313608,0.1923149418912252
2030-01-07 21:00:00,0.13386188474892657,0.21505100262293683
2030-01-07 22:00:00,0.1827764728844198,0.30943262613565103
2030-01-07 23:00:00,0.2704562687201879,0.43676538041536617
2030-01-08 00:00:00,0.15442229834607793,0.4076210431584456
2030-01-08 01:00:00,0.11144095083976796,0.35802710025439904
2030-01-08 02:00:00,0.1077873566244802,0.3591988207882639
2030-01-08 03:00:00,0.08417552584286525,0.29716028682487916
2030-01-08 04:00:00,0.0494899637407118,0.20991956631428071
2030-01-08 05:00:00,0.025630229642749844,0.16182707560114923
2030-01-08 06:00:00,0.01753173075581377,0.16710588809516397
2030-01-08 07:00:00,0.04166736307426145,0.19828154962195724
2030-01-08 08:00:00,0.06628620284548213,0.1987297697866748
2030-01-08 09:00:00,0.07159192364065481,0.16564062637818924
2030-01-08 10:00:00,0.015215822452732522,0.08932735129788119
2030-01-08 11:00:00,0.06516707790744077,0.09023573368457517
2030-01-08 12:00:00,0.07431004351692409,0.21884246511637678
2030-01-08 13:00:00,0.07660877400644082,0.26260040681491564
2030-01-08 14:00:00,0.07115167877928369,0.22510322578024863
2030-01-08 15:00:00,0.06932941022032575,0.18437998772831618
2030-01-08 16:00:00,0.06623594053336898,0.15272201881076652
2030-01-08 17:00:00,0.09036273397646448,0.12501581007819051
2030-01-08 18:00:00,0.1442966343069998,0.18533175761301215
2030-01-08 19:00:00,0.3654555319684212,0.45183899541557276
2030-01-08 20:00:00,0.542433282849923,0.7932864929565271
2030-01-08 21:00:00,0.795627713478776,0.9276348130707766
2030-01-08 22:00:00,0.9444944765473772,0.9926031496510905
2030-01-08 23:00:00,0.944492727856524,0.9978723162468397
2030-01-09 00:00:00,0.9051636585428874,0.9969139738286058
2030-01-09 01:00:00,0.9556734794135125,0.996641914916717
2030-01-09 02:00:00,0.9415668122315396,0.9960535257171419
2030-01-09 03:00:00,0.969342912628595,0.9972188722361759
2030-01-09 04:00:00,0.9733906490420895,0.9978727529064388
2030-01-09 05:00:00,0.978629137975471,0.998487057352998
2030-01-09 06:00:00,0.9832651679173894,0.9996181792188052
2030-01-09 07:00:00,0.9819983858980028,0.9999843085358593
2030-01-09 08:00:00,0.9904649797880664,1.0
2030-01-09 09:00:00,0.9859048899857271,1.0
2030-01-09 10:00:00,0.8967524276693327,0.9980716390655346
2030-01-09 11:00:00,0.9473408840248804,0.9995707056074188
2030-01-09 12:00:00,0.9851318402975067,1.0
2030-01-09 13:00:00,0.9990844011842765,1.0
2030-01-09 14:00:00,1.0,1.0
2030-01-09 15:00:00,1.0,1.0
2030-01-09 16:00:00,1.0,1.0
2030-01-09 17:00:00,0.9981895829175169,1.0
2030-01-09 18:00:00,1.0,1.0
2030-01-09 19:00:00,1.0,1.0
2030-01-09 20:00:00,0.9991100572099302,1.0
2030-01-09 21:00:00,0.9856225960615982,1.0
2030-01-09 22:00:00,0.9681638424534388,0.9984311160124687
2030-01-09 23:00:00,0.9750106906668946,0.9986628699032783
2030-01-10 00:00:00,0.926071245176637,0.9974728933178527
2030-01-10 01:00:00,0.8506290418051169,0.9536355950247156
2030-01-10 02:00:00,0.674526186164457,0.8456519983748227
2030-01-10 03:00:00,0.4672788179711894,0.6911250200369615
2030-01-10 04:00:00,0.31806508621547946,0.470698472937903
2030-01-10 05:00:00,0.19410138268649302,0.2631378933658397
2030-01-10 06:00:00,0.07418976367805989,0.11157252290467662
2030-01-10 07:00:00,0.02956304268292962,0.05826867965532606
2030-01-10 08:00:00,0.059797884171987906,0.10306046816251967
2030-01-10 09:00:00,0.08816873573011885,0.15575347129511424
2030-01-10 10:00:00,0.05142247660514207,0.07588801630759648
2030-01-10 11:00:00,0.13937834568369273,0.17026316025242771
2030-01-10 12:00:00,0.35447750448407167,0.3335071150895505
2030-01-10 13:00:00,0.4401523707345663,0.43342180812230097
2030-01-10 14:00:00,0.5526039991892091,0.509167621739047
2030-01-10 15:00:00,0.4817627616448157,0.5142249606791639
2030-01-10 16:00:00,0.5282267747109238,0.552128507257033
2030-01-10 17:00:00,0.42793166961829665,0.5125952432351903
2030-01-10 18:00:00,0.3968732382501026,0.4406040351520626
2030-01-10 19:00:00,0.27776431354140607,0.3450483466519829
2030-01-10 20:00:00,0.25716005422890714,0.24729277705823988
2030-01-10 21:00:00,0.4307032005015722,0.4557043684340547
2030-01-10 22:00:00,0.3886256212984611,0.3743405441714986
2030-01-10 23:00:00,0.5219450040247688,0.6283810781316514
2030-01-11 00:00:00,0.7137643688473227,0.8102096923620123
2030-01-11 01:00:00,0.8864285584040077,0.9849406461933515
2030-01-11 02:00:00,0.9500670574083585,0.9984829926234484
2030-01-11 03:00:00,0.9806238303674688,0.9999577567864496
2030-01-11 04:00:00,0.9912732197244803,1.0
2030-01-11 05:00:00,0.9876158068023343,0.9995469635999231
2030-01-11 06:00:00,0.9799195047279633,0.9979838690178496
2030-01-11 07:00:00,0.9677101144459909,0.9964035468429646
2030-01-11 08:00:00,0.9105656949574418,0.9907783992392315
2030-01-11 09:00:00,0.8430286524559563,0.9782367723689416
2030-01-11 10:00:00,0.5977816135711129,0.8360799583863419
2030-01-11 11:00:00,0.43693180528079467,0.7413381418511843
2030-01-11 12:00:00,0.9355925899777432,0.9731431554847261
2030-01-11 13:00:00,0.871334941327682,0.9784313757166677
2030-01-11 14:00:00,0.8499936411900675,0.9727144145504445
2030-01-11 15:00:00,0.7849422597118192,0.9415659109118466
2030-01-11 16:00:00,0.7779717651227647,0.9223099457510103
2030-01-11 17:00:00,0.7496824015966349,0.9663233936027782
2030-01-11 18:00:00,0.6903819394908604,0.9688145632934055
2030-01-11 19:00:00,0.6851791019776426,0.9026715698443013
2030-01-11 20:00:00,0.5621382405332508,0.6538970575713343
2030-01-11 21:00:00,0.46686271645372196,0.35513659220537214
2030-01-11 22:00:00,0.5850741027747679,0.4806066314701933
2030-01-11 23:00:00,0.7714219644814702,0.8696500038222509
2030-01-12 00:00:00,0.8514891710415312,0.9761509235086071
2030-01-12 01:00:00,0.9029275507610245,0.9853423297011393
2030-01-12 02:00:00,0.9146873640084712,0.9859299092134821
2030-01-12 03:00:00,0.8689063394830612,0.9743326553396585
2030-01-12 04:00:00,0.8208554455328232,0.9157234577479011
2030-01-12 05:00:00,0.7589955038973967,0.8441821946461822
2030-01-12 06:00:00,0.7660034264349147,0.814463020672809
2030-01-12 07:00:00,0.7652473169441049,0.7716067748586596
2030-01-12 08:00:00,0.7656497760485376,0.7153561514613537
2030-01-12 09:00:00,0.7425752287590216,0.6658459900326905
2030-01-12 10:00:00,0.545300726015116,0.4290572702878147
2030-01-12 11:00:00,0.5052973079211049,0.46008135028779956
2030-01-12 12:00:00,0.7031496951028744,0.42601948596477784
2030-01-12 13:00:00,0.7317666079701555,0.7589198255267463
2030-01-12 14:00:00,0.6707260719409452,0.7248041469841731
2030-01-12 15:00:00,0.5651615142005879,0.6260824299915978
2030-01-12 16:00:00,0.34990370131065185,0.5504407099253444
2030-01-12 17:00:00,0.38355551295902424,0.6315741138689567
2030-01-12 18:00:00,0.5914342588081704,0.8191636679539103
2030-01-12 19:00:00,0.538187410827722,0.5208006635706935
2030-01-12 20:00:00,0.5167921711728214,0.31695480356474537
2030-01-12 21:00:00,0.7631791158471073,0.593627150028926
2030-01-12 22:00:00,0.5129409777308207,0.5080076864246897
2030-01-12 23:00:00,0.7008790942903622,0.8611880799363626
2030-01-13 00:00:00,0.653237772004028,0.8601568976824262
2030-01-13 01:00:00,0.5420601599792894,0.7429987182312429
2030-01-13 02:00:00,0.4354942949272552,0.6447346943197724
2030-01-13 03:00:00,0.31442251545096633,0.47740726250028387
2030-01-13 04:00:00,0.23747551433495107,0.36840079893390165
2030-01-13 05:00:00,0.23333799121647122,0.37377085749890077
2030-01-13 06:00:00,0.26390614251550293,0.39720332395063707
2030-01-13 07:00:00,0.3362396033871097,0.4195688960972301
2030-01-13 08:00:00,0.4243058096464133,0.44718785723150123
2030-01-13 09:00:00,0.42893557514802777,0.39638082887693615
2030-01-13 10:00:00,0.13971767099018728,0.11789567355821336
2030-01-13 11:00:00,0.17022378476846606,0.12073154427345423
2030-01-13 12:00:00,0.2704349471526137,0.2176284172424538
2030-01-13 13:00:00,0.40912200163252865,0.37960329602800974
2030-01-13 14:00:00,0.4990537953660582,0.4379306315484137
2030-01-13 15:00:00,0.5748105612942355,0.44458018062243243
2030-01-13 16:00:00,0.6403187778633819,0.4417487778628723
2030-01-13 17:00:00,0.6997805136343502,0.5035291149842754
2030-01-13 18:00:00,0.901334532698267,0.735861028834377
2030-01-13 19:00:00,0.7515323080693003,0.7866358362551902
2030-01-13 20:00:00,0.544177363643878,0.7075261854902269
2030-01-13 21:00:00,0.37387323798213223,0.6186723246928629
2030-01-13 22:00:00,0.13633611770859638,0.19921950375005892
2030-01-13 23:00:00,0.10402766280950508,0.1471193312998586
2030-01-14 00:00:00,0.10465515468193907,0.15367368219646077
2030-01-14 01:00:00,0.09095416247569794,0.14482193002521054
2030-01-14 02:00:00,0.07991390746524939,0.10815567973435325
2030-01-14 03:00:00,0.0507258714419852,0.05638426059817798
2030-01-14 04:00:00,0.017471711778805483,0.04191580773458346
2030-01-14 05:00:00,0.0016076384214608324,0.05597330937301445
2030-01-14 06:00:00,0.006782486857822944,0.058808870678978456
2030-01-14 07:00:00,0.012260272554468423,0.0631472720338039
2030-01-14 08:00:00,0.02651864728360948,0.06753907352704588
2030-01-14 09:00:00,0.04979413315782672,0.0918016741708241
2030-01-14 10:00:00,0.09698508895425553,0.15169365208096292
2030-01-14 11:00:00,0.10433802033289098,0.14658199435401967
2030-01-14 12:00:00,0.14267715365245745,0.13022839276183656
2030-01-14 13:00:00,0.14302450483066687,0.15607950401311382
2030-01-14 14:00:00,0.09582526781802014,0.15479883538474198
2030-01-14 15:00:00,0.0831961537003856,0.15705606814401105
2030-01-14 16:00:00,0.09103320419810276,0.1952850041802
2030-01-14 17:00:00,0.1156240834298499,0.2849539868996649
2030-01-14 18:00:00,0.2112759069623212,0.47798472978474627
2030-01-14 19:00:00,0.2652961587102236,0.5750179504271211
2030-01-14 20:00:00,0.4203659586663042,0.7387046073487287
2030-01-14 21:00:00,0.789001463180106,0.9336619894835281
2030-01-14 22:00:00,0.7604356516683215,0.9964898138117543
2030-01-14 23:00:00,0.8627472173680762,0.9801203608269282
2030-01-15 00:00:00,0.7361825879055931,0.9753486805053022
2030-01-15 01:00:00,0.7611177197869091,0.9747757779892631
2030-01-15 02:00:00,0.7265868841683478,0.9477895161894149
2030-01-15 03:00:00,0.6934093383405486,0.9480444206573208
2030-01-15 04:00:00,0.6841887749205914,0.958992630702758
2030-01-15 05:00:00,0.7378311741492156,0.9688842254441352
2030-01-15 06:00:00,0.8560076941422965,0.9860923374766088
2030-01-15 07:00:00,0.9233813817486719,0.9980074334560839
2030-01-15 08:00:00,0.965341929142934,0.9991714163383543
2030-01-15 09:00:00,0.9853037880692702,0.9998546069840536
2030-01-15 10:00:00,0.9904414878089003,1.0
2030-01-15 11:00:00,1.0,1.0
2030-01-15 12:00:00,1.0,1.0
2030-01-15 13:00:00,1.0,1.0
2030-01-15 14:00:00,1.0,1.0
2030-01-15 15:00:00,1.0,1.0
2030-01-15 16:00:00,0.9991444016240482,1.0
2030-01-15 17:00:00,0.9997686860046673,1.0
2030-01-15 18:00:00,1.0,1.0
2030-01-15 19:00:00,1.0,1.0
2030-01-15 20:00:00,1.0,1.0
2030-01-15 21:00:00,1.0,1.0
2030-01-15 22:00:00,0.9968987107760845,1.0
2030-01-15 23:00:00,1.0,1.0
2030-01-16 00:00:00,1.0,1.0
2030-01-16 01:00:00,1.0,1.0
2030-01-16 02:00:00,1.0,1.0
2030-01-16 03:00:00,1.0,1.0
2030-01-16 04:00:00,0.9985032737445433,1.0
2030-01-16 05:00:00,0.9924592362032396,1.0
2030-01-16 06:00:00,0.9738785335556551,0.9976074089403727
2030-01-16 07:00:00,0.9108806162478025,0.9744400147734281
2030-01-16 08:00:00,0.8425468813123752,0.9077654777716581
2030-01-16 09:00:00,0.625790381545673,0.7094358609782743
2030-01-16 10:00:00,0.6515649407471299,0.7160018926230881
2030-01-16 11:00:00,0.4594342597127601,0.6157424276751851
2030-01-16 12:00:00,0.7872809498621839,0.8448128322856424
2030-01-16 13:00:00,0.6602957557202119,0.9385875693208654
2030-01-16 14:00:00,0.8978390389859109,0.9880390027267597
2030-01-16 15:00:00,0.9486364587059937,0.9887842111607704
2030-01-16 16:00:00,0.9254064406004293,0.9920459789179082
2030-01-16 17:00:00,0.9920190041249392,0.9981069989438035
2030-01-16 18:00:00,1.0,1.0
2030-01-16 19:00:00,1.0,1.0
2030-01-16 20:00:00,0.9999476668926821,1.0
2030-01-16 21:00:00,0.9904599737752635,1.0
2030-01-16 22:00:00,0.75043952414061,0.9188192436135059
2030-01-16 23:00:00,0.6655271244945524,0.898691443113834
2030-01-17 00:00:00,0.5195403971422905,0.8369486009269299
2030-01-17 01:00:00,0.5409769924602043,0.7671555121277004
2030-01-17 02:00:00,0.5014436073148246,0.6625359855373812
2030-01-17 03:00:00,0.4585949636687608,0.5724265219833296
2030-01-17 04:00:00,0.4389717240855251,0.5215582778292858
2030-01-17 05:00:00,0.4041137032190226,0.46375276824247946
2030-01-17 06:00:00,0.3590096082594318,0.43500765516136
2030-01-17 07:00:00,0.3116382619902049,0.4604976603210691
2030-01-17 08:00:00,0.2984015799337533,0.5411296233821615
2030-01-17 09:00:00,0.42571821455226644,0.7655901135808472
2030-01-17 10:00:00,0.2740471562607457,0.6249288682115448
2030-01-17 11:00:00,0.42934455440127667,0.8313051397550321
2030-01-17 12:00:00,0.7999665586239603,0.9777133063514469
2030-01-17 13:00:00,0.999932280006869,1.0
2030-01-17 14:00:00,1.0,1.0
2030-01-17 15:00:00,1.0,1.0
2030-01-17 16:00:00,1.0,1.0
2030-01-17 17:00:00,1.0,1.0
2030-01-17 18:00:00,1.0,1.0
2030-01-17 19:00:00,1.0,1.0
2030-01-17 20:00:00,1.0,1.0
2030-01-17 21:00:00,1.0,1.0
2030-01-17 22:00:00,0.9995931021822226,1.0
2030-01-17 23:00:00,0.9993326799167713,1.0
2030-01-18 00:00:00,0.9988484588489789,1.0
2030-01-18 01:00:00,1.0,1.0
2030-01-18 02:00:00,1.0,1.0
2030-01-18 03:00:00,1.0,1.0
2030-01-18 04:00:00,1.0,1.0
2030-01-18 05:00:00,1.0,1.0
2030-01-18 06:00:00,1.0,1.0
2030-01-18 07:00:00,1.0,1.0
2030-01-18 08:00:00,0.9998929343695382,1.0
2030-01-18 09:00:00,0.9975069641057039,0.9970117530153854
2030-01-18 10:00:00,0.2853566449439382,0.21094956179061833
2030-01-18 11:00:00,0.4209154854944386,0.41460747711207324
2030-01-18 12:00:00,0.9310488480908807,0.9807618878397472
2030-01-18 13:00:00,0.9992850331510537,1.0
2030-01-18 14:00:00,1.0,1.0
2030-01-18 15:00:00,1.0,1.0
2030-01-18 16:00:00,1.0,1.0
2030-01-18 17:00:00,1.0,1.0
2030-01-18 18:00:00,1.0,1.0
2030-01-18 19:00:00,1.0,1.0
2030-01-18 20:00:00,1.0,1.0
2030-01-18 21:00:00,1.0,1.0
2030-01-18 22:00:00,1.0,1.0
2030-01-18 23:00:00,1.0,1.0
2030-01-19 00:00:00,1.0,1.0
2030-01-19 01:00:00,1.0,1.0
2030-01-19 02:00:00,1.0,1.0
2030-01-19 03:00:00,0.9976482941505252,1.0
2030-01-19 04:00:00,0.9884921390893341,0.9982855642221393
2030-01-19 05:00:00,0.996829140466132,0.9975078728854018
2030-01-19 06:00:00,0.9989050757480784,0.9982362462292238
2030-01-19 07:00:00,0.9995023305001858,0.9979119953801836
2030-01-19 08:00:00,0.9996012822495807,1.0
2030-01-19 09:00:00,0.9992867022548231,1.0
2030-01-19 10:00:00,0.9997762111183103,1.0
2030-01-19 11:00:00,1.0,1.0
2030-01-19 12:00:00,1.0,1.0
2030-01-19 13:00:00,1.0,1.0
2030-01-19 14:00:00,1.0,1.0
2030-01-19 15:00:00,1.0,1.0
2030-01-19 16:00:00,1.0,1.0
2030-01-19 17:00:00,1.0,1.0
2030-01-19 18:00:00,1.0,1.0
2030-01-19 19:00:00,1.0,1.0
2030-01-19 20:00:00,1.0,1.0
2030-01-19 21:00:00,1.0,1.0
2030-01-19 22:00:00,1.0,1.0
2030-01-19 23:00:00,1.0,1.0
2030-01-20 00:00:00,0.9999837226572459,1.0
2030-01-20 01:00:00,1.0,1.0
2030-01-20 02:00:00,1.0,1.0
2030-01-20 03:00:00,0.9977497756275218,1.0
2030-01-20 04:00:00,0.9923774104528479,0.9988237776100095
2030-01-20 05:00:00,0.9736828701118767,0.9864924476282444
2030-01-20 06:00:00,0.8753530931198837,0.8882281452354579
2030-01-20 07:00:00,0.7412543718316564,0.7326686165421978
2030-01-20 08:00:00,0.5372590525118119,0.49546460406705234
2030-01-20 09:00:00,0.3502367027752754,0.29262536791317034
2030-01-20 10:00:00,0.15919235064155002,0.13454115506881825
2030-01-20 11:00:00,0.08446446623643168,0.10291856621664158
2030-01-20 12:00:00,0.08544795663541509,0.08985633445951817
2030-01-20 13:00:00,0.07934045681803359,0.07567626358356472
2030-01-20 14:00:00,0.06069559762362403,0.06577480336133545
2030-01-20 15:00:00,0.06295947155049376,0.08965246255194464
2030-01-20 16:00:00,0.08079675609897373,0.0960212726005335
2030-01-20 17:00:00,0.05091504179383349,0.09098824229746566
2030-01-20 18:00:00,0.06708327803333973,0.10843816041523183
2030-01-20 19:00:00,0.09911811008183916,0.12400011227953
2030-01-20 20:00:00,0.15894754403078973,0.14544294082720996
2030-01-20 21:00:00,0.2495645493874774,0.24045515276837576
2030-01-20 22:00:00,0.10865228725559992,0.08995051495008483
2030-01-20 23:00:00,0.3009191029657803,0.13308339935045624
2030-01-21 00:00:00,0.30111264161831786,0.2403451709283703
2030-01-21 01:00:00,0.28830907924474825,0.3012768713967291
2030-01-21 02:00:00,0.362415889878662,0.41466401396577884
2030-01-21 03:00:00,0.4218099235788948,0.5007819898677799
2030-01-21 04:00:00,0.4405012309337404,0.5218140304692949
2030-01-21 05:00:00,0.45787260065880747,0.5437650172557777
2030-01-21 06:00:00,0.5087997225732749,0.579781751576136
2030-01-21 07:00:00,0.4821508907248395,0.6162610608442
2030-01-21 08:00:00,0.5631357317427221,0.6138037548681623
2030-01-21 09:00:00,0.5364530048343963,0.553821813195672
2030-01-21 10:00:00,0.13665534428746245,0.28959612199283363
2030-01-21 11:00:00,0.26736097258008756,0.4679596325933725
2030-01-21 12:00:00,0.43757758504976063,0.5737333767979799
2030-01-21 13:00:00,0.48955823603539556,0.753119946169592
2030-01-21 14:00:00,0.6507303742380411,0.8688619404415601
2030-01-21 15:00:00,0.7700413211465806,0.9432039925760154
2030-01-21 16:00:00,0.9327960238379134,0.9919935827620842
2030-01-21 17:00:00,0.9310400617296137,0.997672378408297
2030-01-21 18:00:00,0.9850397660953782,0.9999061393024569
2030-01-21 19:00:00,0.9706142883299178,1.0
2030-01-21 20:00:00,0.997314508827329,1.0
2030-01-21 21:00:00,0.9570552582799445,1.0
2030-01-21 22:00:00,0.8113163222814929,0.952564980503291
2030-01-21 23:00:00,0.6931932582677532,0.8879135914877561
2030-01-22 00:00:00,0.6187006414701586,0.7057748624424469
2030-01-22 01:00:00,0.495636203908509,0.5365980368136967
2030-01-22 02:00:00,0.3482864756746316,0.40568337901290086
2030-01-22 03:00:00,0.25720498786195695,0.31115600554163675
2030-01-22 04:00:00,0.2105146172733114,0.2867445729116449
2030-01-22 05:00:00,0.20419396677579335,0.3311228033346614
2030-01-22 06:00:00,0.21506308435365307,0.3611753971746179
2030-01-22 07:00:00,0.24057319189942866,0.3925018712125597
2030-01-22 08:00:00,0.23555987184246646,0.3999410163405409
2030-01-22 09:00:00,0.23072195067783896,0.39062639924411974
2030-01-22 10:00:00,0.15114954340167108,0.28552058587455464
2030-01-22 11:00:00,0.1707299431623174,0.2628003823038454
2030-01-22 12:00:00,0.33596944656328376,0.3644936453876445
2030-01-22 13:00:00,0.2998512600637735,0.3790071631342566
2030-01-22 14:00:00,0.22953408868858713,0.25389335131232327
2030-01-22 15:00:00,0.14113277302582536,0.14410394591826212
2030-01-22 16:00:00,0.09094793088996869,0.0812574063683555
2030-01-22 17:00:00,0.09277898136634552,0.057622361053438265
2030-01-22 18:00:00,0.07635440108328176,0.02647929946084809
2030-01-22 19:00:00,0.07598093186056133,0.002312986206904751
2030-01-22 20:00:00,0.134059190068263,0.03944764922240505
2030-01-22 21:00:00,0.10146412411065726,0.0010870035097774722
2030-01-22 22:00:00,0.023057175245091606,0.0
2030-01-22 23:00:00,0.0878405710232829,0.08968311254603681
2030-01-23 00:00:00,0.198253646508823,0.1813320763036318
2030-01-23 01:00:00,0.23910801820535182,0.34744331452965943
2030-01-23 02:00:00,0.30097270188308345,0.46590240309513187
2030-01-23 03:00:00,0.36075797981811486,0.401014691058899
2030-01-23 04:00:00,0.2377222485778826,0.2659758843795167
2030-01-23 05:00:00,0.1655587891555087,0.1921859025825585
2030-01-23 06:00:00,0.13357458989395904,0.15489306119349847
2030-01-23 07:00:00,0.09806205289914934,0.11287832749472716
2030-01-23 08:00:00,0.11063717787730967,0.10142634464802389
2030-01-23 09:00:00,0.16122804841546773,0.13837259233955032
2030-01-23 10:00:00,0.45748323943948105,0.3973880279315066
2030-01-23 11:00:00,0.7328721511693922,0.5433759800439494
2030-01-23 12:00:00,0.8482504600082945,0.6342888728067385
2030-01-23 13:00:00,0.8066476058973804,0.8921206434943099
2030-01-23 14:00:00,0.7011437342068522,0.8345897316159062
2030-01-23 15:00:00,0.8041195017557969,0.8598139450162355
2030-01-23 16:00:00,0.7794883064618832,0.9751623428543285
2030-01-23 17:00:00,0.8223635182010768,0.9882359815122239
2030-01-23 18:00:00,0.9251358060822932,0.9998606580620639
2030-01-23 19:00:00,0.9969298682934207,1.0
2030-01-23 20:00:00,0.9970810608009665,1.0
2030-01-23 21:00:00,0.9935267291829746,1.0
2030-01-23 22:00:00,0.7780640506717369,0.9742758863362101
2030-01-23 23:00:00,0.8918607067633265,0.9860417270989634
2030-01-24 00:00:00,0.6713844295294288,0.9002697990335934
2030-01-24 01:00:00,0.6442610369273544,0.8827593511955117
2030-01-24 02:00:00,0.5627220785053652,0.7749512092645023
2030-01-24 03:00:00,0.573590646131134,0.7309831706203581
2030-01-24 04:00:00,0.5369907941518489,0.6527490564338254
2030-01-24 05:00:00,0.48475021318011347,0.5893030956155929
2030-01-24 06:00:00,0.49528777202017493,0.5800601921700319
2030-01-24 07:00:00,0.41264273706097554,0.4740780780141235
2030-01-24 08:00:00,0.2816978718016329,0.31827932482250637
2030-01-24 09:00:00,0.12302180810484686,0.15117870138448142
2030-01-24 10:00:00,0.0071352582003371984,0.043194995016296894
2030-01-24 11:00:00,0.0014200569331897946,0.044714110667652227
2030-01-24 12:00:00,0.011618146674765304,0.07024960340594943
2030-01-24 13:00:00,0.037876173136902565,0.09281903859925231
2030-01-24 14:00:00,0.17071796311607412,0.3059540100365274
2030-01-24 15:00:00,0.5208362701681658,0.6735733526248666
2030-01-24 16:00:00,0.21823370239683737,0.23225569080809674
2030-01-24 17:00:00,0.053338211966179494,0.19632257308332265
2030-01-24 18:00:00,0.013080802651843595,0.16358537504864884
2030-01-24 19:00:00,0.0006109380380105426,0.1817711056132004
2030-01-24 20:00:00,0.0,0.06957618290684918
2030-01-24 21:00:00,0.04331490255933624,0.03929123074216611
2030-01-24 22:00:00,0.0964888860719918,0.1540362898108788
2030-01-24 23:00:00,0.11527683226176251,0.18386562442895846
2030-01-25 00:00:00,0.261986479577608,0.32658315733128335
2030-01-25 01:00:00,0.28868421608855915,0.3862675882090132
2030-01-25 02:00:00,0.3606781335051199,0.45749640479049597
2030-01-25 03:00:00,0.5076232480452141,0.6802923309301984
2030-01-25 04:00:00,0.5175879416910422,0.7291706219285776
2030-01-25 05:00:00,0.4272072109663129,0.5737273417652593
2030-01-25 06:00:00,0.35150378396766246,0.3959283216938749
2030-01-25 07:00:00,0.3409404342416387,0.35752720753900935
2030-01-25 08:00:00,0.3736003945657223,0.3718956905056463
2030-01-25 09:00:00,0.5139250593481361,0.46982841657721025
2030-01-25 10:00:00,0.7368734454476128,0.7374719980659146
2030-01-25 11:00:00,0.9447525870614523,0.9623485442041392
2030-01-25 12:00:00,0.991208698995892,0.9961995342510842
2030-01-25 13:00:00,0.9984971217892147,0.9973539967461362
2030-01-25 14:00:00,0.9986415213153534,0.999567591457206
2030-01-25 15:00:00,1.0,1.0
2030-01-25 16:00:00,0.9856671771088279,1.0
2030-01-25 17:00:00,0.9993740739508923,1.0
2030-01-25 18:00:00,1.0,1.0
2030-01-25 19:00:00,0.9996726905789065,1.0
2030-01-25 20:00:00,1.0,1.0
2030-01-25 21:00:00,1.0,1.0
2030-01-25 22:00:00,0.9998441970709048,1.0
2030-01-25 23:00:00,1.0,1.0
2030-01-26 00:00:00,0.9996537037584547,1.0
2030-01-26 01:00:00,0.9971270059988648,1.0
2030-01-26 02:00:00,0.9777023568142635,1.0
2030-01-26 03:00:00,0.96870525744753,0.9997840939723615
2030-01-26 04:00:00,0.9702533850133586,1.0
2030-01-26 05:00:00,0.9699696827926573,1.0
2030-01-26 06:00:00,0.9628687593512102,0.9993109049499701
2030-01-26 07:00:00,0.9702028696319049,0.9985819449482463
2030-01-26 08:00:00,0.9608728191910738,0.9981909253335057
2030-01-26 09:00:00,0.9714509870342962,0.9987853248298261
2030-01-26 10:00:00,0.9772139362942652,0.9987830971620884
2030-01-26 11:00:00,0.9779288013925197,1.0
2030-01-26 12:00:00,0.9972415481334229,1.0
2030-01-26 13:00:00,0.9989342564606539,1.0
2030-01-26 14:00:00,0.998894539900962,1.0
2030-01-26 15:00:00,0.998926514182559,1.0
2030-01-26 16:00:00,1.0,1.0
2030-01-26 17:00:00,1.0,1.0
2030-01-26 18:00:00,0.998098909906943,0.9998392373144399
2030-01-26 19:00:00,0.9934520641476745,0.9986921719636542
2030-01-26 20:00:00,0.8950962448453921,0.9964962864818646
2030-01-26 21:00:00,0.899551801706753,0.9913641363006678
2030-01-26 22:00:00,0.8303755480760356,0.903454281017832
2030-01-26 23:00:00,0.6972480050065666,0.909822038137002
2030-01-27 00:00:00,0.6298810348497761,0.8912369496097308
2030-01-27 01:00:00,0.6451696780259311,0.7669393553275639
2030-01-27 02:00:00,0.7548889469217344,0.7541611833950767
2030-01-27 03:00:00,0.8650154812277469,0.8178866110353802
2030-01-27 04:00:00,0.9107134232917574,0.855602142102155
2030-01-27 05:00:00,0.9214727240947485,0.8397948403209035
2030-01-27 06:00:00,0.9505106794949615,0.8470632047017653
2030-01-27 07:00:00,0.9257055079460809,0.8024531519986694
2030-01-27 08:00:00,0.9463388962313934,0.7975478724096006
2030-01-27 09:00:00,0.9670698410486085,0.7739084418757589
2030-01-27 10:00:00,0.8664928581822221,0.7310080112078594
2030-01-27 11:00:00,0.8261653835897057,0.6082520167428881
2030-01-27 12:00:00,0.6803302793297878,0.3920220058111321
2030-01-27 13:00:00,0.6788692898292195,0.2805503330490181
2030-01-27 14:00:00,0.6336517504042883,0.24157253090348257
2030-01-27 15:00:00,0.6979676172710454,0.3339119374195984
2030-01-27 16:00:00,0.7954917333059123,0.44270155757817314
2030-01-27 17:00:00,0.8932773044601057,0.475523245556716
2030-01-27 18:00:00,0.8714426145383429,0.5698431854689727
2030-01-27 19:00:00,0.959343171549679,0.820940557706464
2030-01-27 20:00:00,0.8260654570072115,0.8756653423697045
2030-01-27 21:00:00,0.5956681951577961,0.6512409644476058
2030-01-27 22:00:00,0.41215042766803733,0.5587454381359934
2030-01-27 23:00:00,0.4271913698401253,0.4982913785172972
2030-01-28 00:00:00,0.4138443971023106,0.6197962651344244
2030-01-28 01:00:00,0.4078173813418034,0.5927526001712717
2030-01-28 02:00:00,0.4023388170950057,0.6024514355449673
2030-01-28 03:00:00,0.4778091288130138,0.6716503965027872
2030-01-28 04:00:00,0.5933220702618165,0.8052637981074897
2030-01-28 05:00:00,0.691394497856707,0.9122979054353566
2030-01-28 06:00:00,0.811891861309973,0.9764281477088625
2030-01-28 07:00:00,0.8554650827777829,0.9921611092462392
2030-01-28 08:00:00,0.8354527397085117,0.9835681461634938
2030-01-28 09:00:00,0.7688110791537167,0.942664744006405
2030-01-28 10:00:00,0.9077677127954157,0.9681454629684224
2030-01-28 11:00:00,0.9859370195311407,0.9977098619639437
2030-01-28 12:00:00,0.9893382974549995,1.0
2030-01-28 13:00:00,0.994338497819738,1.0
2030-01-28 14:00:00,0.9985388620859056,1.0
2030-01-28 15:00:00,0.9990124012586661,1.0
2030-01-28 16:00:00,0.9970210265821999,1.0
2030-01-28 17:00:00,0.9950109898051911,1.0
2030-01-28 18:00:00,0.990713093122595,1.0
2030-01-28 19:00:00,0.997366723293749,1.0
2030-01-28 20:00:00,1.0,1.0
2030-01-28 21:00:00,1.0,1.0
2030-01-28 22:00:00,0.9976071427334977,1.0
2030-01-28 23:00:00,0.9972815522763583,1.0
2030-01-29 00:00:00,0.945758448553727,1.0
2030-01-29 01:00:00,0.9716874042981102,1.0
2030-01-29 02:00:00,0.9412257421916865,0.9989324037805738
2030-01-29 03:00:00,0.9348815958914034,0.99782387989447
2030-01-29 04:00:00,0.9350305298823677,0.9971148561699905
2030-01-29 05:00:00,0.9560127741789706,0.9983418594541086
2030-01-29 06:00:00,0.969728557228582,0.9982781111749036
2030-01-29 07:00:00,0.9681710732067502,0.9891065661097186
2030-01-29 08:00:00,0.943162662689399,0.9871772460250221
2030-01-29 09:00:00,0.9464899129908079,0.988152630372435
2030-01-29 10:00:00,0.9542812808834955,0.9798860392049794
2030-01-29 11:00:00,0.8856414521438882,0.986998619854713
2030-01-29 12:00:00,0.9982372773516955,1.0
2030-01-29 13:00:00,0.9902220318908218,1.0
2030-01-29 14:00:00,1.0,1.0
2030-01-29 15:00:00,0.9976893494848615,1.0
2030-01-29 16:00:00,0.9972140027473446,1.0
2030-01-29 17:00:00,0.973254346068655,0.999252493733083
2030-01-29 18:00:00,0.9746813195864392,0.9977376051614061
2030-01-29 19:00:00,0.8643172796401157,0.859908447455735
2030-01-29 20:00:00,0.9741046617560917,0.9078382647437666
2030-01-29 21:00:00,0.9970540023781675,0.9860363616908434
2030-01-29 22:00:00,1.0,0.9993231590651632
2030-01-29 23:00:00,1.0,0.9999318242824048
2030-01-30 00:00:00,0.999067138663511,0.9980637761220347
2030-01-30 01:00:00,1.0,1.0
2030-01-30 02:00:00,1.0,1.0
2030-01-30 03:00:00,1.0,1.0
2030-01-30 04:00:00,1.0,1.0
2030-01-30 05:00:00,1.0,1.0
2030-01-30 06:00:00,1.0,1.0
2030-01-30 07:00:00,1.0,1.0
2030-01-30 08:00:00,1.0,1.0
2030-01-30 09:00:00,1.0,1.0
2030-01-30 10:00:00,1.0,1.0
2030-01-30 11:00:00,1.0,1.0
2030-01-30 12:00:00,1.0,1.0
2030-01-30 13:00:00,1.0,1.0
2030-01-30 14:00:00,1.0,1.0
2030-01-30 15:00:00,1.0,1.0
2030-01-30 16:00:00,1.0,1.0
2030-01-30 17:00:00,1.0,1.0
2030-01-30 18:00:00,1.0,1.0
2030-01-30 19:00:00,1.0,1.0
2030-01-30 20:00:00,1.0,1.0
2030-01-30 21:00:00,1.0,1.0
2030-01-30 22:00:00,1.0,1.0
2030-01-30 23:00:00,1.0,1.0
2030-01-31 00:00:00,1.0,1.0
2030-01-31 01:00:00,0.9987157877317582,0.9987797679729019
2030-01-31 02:00:00,0.9807591943561217,0.9845023897893839
2030-01-31 03:00:00,0.9144604080782995,0.9658221620363365
2030-01-31 04:00:00,0.857510989541929,0.9404506666669501
2030-01-31 05:00:00,0.750440609225393,0.8818102201616014
2030-01-31 06:00:00,0.713550790706852,0.8513680402311479
2030-01-31 07:00:00,0.628759015192389,0.7931750175222719
2030-01-31 08:00:00,0.5221982595124713,0.7086074179108002
2030-01-31 09:00:00,0.43526265717189216,0.5724447450222079
2030-01-31 10:00:00,0.1994678378439781,0.3255079423998622
2030-01-31 11:00:00,0.3663191451206852,0.469091039694509
2030-01-31 12:00:00,0.5245836192916905,0.5395103361675668
2030-01-31 13:00:00,0.721866939529509,0.7474874282501571
2030-01-31 14:00:00,0.9461760504625785,0.9905376963566727
2030-01-31 15:00:00,0.9240954795398966,0.9958340422630576
2030-01-31 16:00:00,0.8959535199008751,0.9742074497607981
2030-01-31 17:00:00,0.9539099427743128,0.9677872050387546
2030-01-31 18:00:00,0.9864726191747629,0.9762819448134286
2030-01-31 19:00:00,0.9678066952451204,0.957553965918958
2030-01-31 20:00:00,0.8638546915042166,0.8535843685277862
2030-01-31 21:00:00,0.7345726860333359,0.65124523635544
2030-01-31 22:00:00,0.6141632778571823,0.37171639270156415
2030-01-31 23:00:00,0.6721137811234562,0.40418396332269646
2030-02-01 00:00:00,0.7482012136410648,0.5003737795428075
2030-02-01 01:00:00,0.7475528415849344,0.4741646692732197
2030-02-01 02:00:00,0.7327750109294227,0.3494819802519667
2030-02-01 03:00:00,0.6158852631669711,0.17239407523481293
2030-02-01 04:00:00,0.5288051703563534,0.2698522095797047
2030-02-01 05:00:00,0.47330060042326083,0.30990625116599885
2030-02-01 06:00:00,0.3666545813977373,0.18572092508486673
2030-02-01 07:00:00,0.18271514008205889,0.18011649318997358
2030-02-01 08:00:00,0.1407990636971551,0.1970001922480749
2030-02-01 09:00:00,0.19479000444110892,0.2198118174101502
2030-02-01 10:00:00,0.001185052354640822,0.00039809868165550217
2030-02-01 11:00:00,0.07449995760398942,0.07826824056618087
2030-02-01 12:00:00,0.1677029084001803,0.1680953005868978
2030-02-01 13:00:00,0.3099048187417504,0.283879700649093
2030-02-01 14:00:00,0.5790554843235465,0.801875413661268
2030-02-01 15:00:00,0.8075509800915359,0.9754150879989073
2030-02-01 16:00:00,0.7050269556572475,0.8941171692156088
2030-02-01 17:00:00,0.6266656064910149,0.7777655367616945
2030-02-01 18:00:00,0.5302856645176186,0.6466171287307271
2030-02-01 19:00:00,0.5051746305928679,0.5372045206180863
2030-02-01 20:00:00,0.5513651063288831,0.5360200170833911
2030-02-01 21:00:00,0.3507160517255757,0.42759375460258586
2030-02-01 22:00:00,0.2291279845093722,0.287821763599093
2030-02-01 23:00:00,0.14888207396023964,0.2058674078615537
2030-02-02 00:00:00,0.1761720970573668,0.2978982525109731
2030-02-02 01:00:00,0.26727854670880946,0.47092379500299725
2030-02-02 02:00:00,0.3956125560380993,0.7234516475086756
2030-02-02 03:00:00,0.7282440120105864,0.9721565135706924
2030-02-02 04:00:00,0.9059134398882387,0.9968771056102188
2030-02-02 05:00:00,0.9348497667837127,0.9987055921442448
2030-02-02 06:00:00,0.9061909071285823,0.9971876794422792
2030-02-02 07:00:00,0.8568438126452895,0.9712408651392237
2030-02-02 08:00:00,0.7275417810481095,0.8552250727617259
2030-02-02 09:00:00,0.5336102833341243,0.5750915005298891
2030-02-02 10:00:00,0.1133022992789631,0.15649300183907194
2030-02-02 11:00:00,0.07205618057117152,0.15151936402283617
2030-02-02 12:00:00,0.18552618886859493,0.2220829193565481
2030-02-02 13:00:00,0.31358751157842857,0.3009138029955726
2030-02-02 14:00:00,0.22161590527962727,0.16984656919613755
2030-02-02 15:00:00,0.2564007335223395,0.2815500429930924
2030-02-02 16:00:00,0.48975640287934574,0.2826421980507929
2030-02-02 17:00:00,0.44453505401826643,0.27926572419552453
2030-02-02 18:00:00,0.2368653529105435,0.18668168509020336
2030-02-02 19:00:00,0.3904526137614881,0.2511099841175516
2030-02-02 20:00:00,0.3662636301128277,0.3535366256191241
2030-02-02 21:00:00,0.1386363580157202,0.1106955937394671
2030-02-02 22:00:00,0.0009394401839011773,0.0010694338229267227
2030-02-02 23:00:00,0.014285776972040618,0.12080980324954202
2030-02-03 00:00:00,0.06199745931089054,0.1806030924190422
2030-02-03 01:00:00,0.12213553816949005,0.41800244839043443
2030-02-03 02:00:00,0.23138535924529774,0.7316507005187353
2030-02-03 03:00:00,0.3011431488654677,0.8557818137665613
2030-02-03 04:00:00,0.26680410325793724,0.7897641875291452
2030-02-03 05:00:00,0.22923002907947304,0.7174373466622249
2030-02-03 06:00:00,0.19213430338349938,0.6486318179300934
2030-02-03 07:00:00,0.1529796491164951,0.5797406090972607
2030-02-03 08:00:00,0.07993899810818217,0.39285218715609893
2030-02-03 09:00:00,7.493655513448997e-05,0.0775246405152874
2030-02-03 10:00:00,0.06488569306302058,0.047060899382395355
2030-02-03 11:00:00,0.1429004904160086,0.11147923928671029
2030-02-03 12:00:00,0.09442266442591622,0.0702672562982218
2030-02-03 13:00:00,0.06087160670195202,0.03330767872351592
2030-02-03 14:00:00,0.01684819372544185,0.0013349256878447716
2030-02-03 15:00:00,0.0015542406834574962,0.00036335573079782877
2030-02-03 16:00:00,0.0013038488013693969,0.0
2030-02-03 17:00:00,0.0006708479838726165,0.001339330747657764
2030-02-03 18:00:00,0.0015558209946752942,0.014340937224616816
2030-02-03 19:00:00,0.020100216502102676,0.001507567166985891
2030-02-03 20:00:00,0.032861784087084525,0.0004300060068486018
2030-02-03 21:00:00,0.10652883927385198,0.1927282523121458
2030-02-03 22:00:00,0.11972013319943943,0.18063877920311924
2030-02-03 23:00:00,0.2998485155123713,0.23638330664815915
2030-02-04 00:00:00,0.17163626997168915,0.12790363333536306
2030-02-04 01:00:00,0.05826589006781993,0.12947537183924654
2030-02-04 02:00:00,0.008861856799716065,0.11654500447852893
2030-02-04 03:00:00,0.0036922534313937622,0.06869854930640452
2030-02-04 04:00:00,0.026230235900456245,0.08204315207115062
2030-02-04 05:00:00,0.08092480524494314,0.18290111634336145
2030-02-04 06:00:00,0.15118930204940206,0.3362903759388876
2030-02-04 07:00:00,0.1705461637317366,0.40644434981602096
2030-02-04 08:00:00,0.18206019848341742,0.4543458158278618
2030-02-04 09:00:00,0.1800354128316271,0.4761433795467777
2030-02-04 10:00:00,0.16889357244273046,0.45913013575877026
2030-02-04 11:00:00,0.1931191744230334,0.44829471557693745
2030-02-04 12:00:00,0.29192918971535775,0.47852417372019146
2030-02-04 13:00:00,0.4099927520537967,0.6310894688687236
2030-02-04 14:00:00,0.32395682606470266,0.5462857152328146
2030-02-04 15:00:00,0.23201234908643206,0.4484417597017697
2030-02-04 16:00:00,0.2575466072512588,0.46997691659876006
2030-02-04 17:00:00,0.3186236324720809,0.545074064440335
2030-02-04 18:00:00,0.3721465974021295,0.6060258651160055
2030-02-04 19:00:00,0.44096513523229175,0.6749980428138594
2030-02-04 20:00:00,0.4933956893372867,0.7539121931710968
2030-02-04 21:00:00,0.5305427871348821,0.7676584852430334
2030-02-04 22:00:00,0.571419689015925,0.7179717419622418
2030-02-04 23:00:00,0.6397996137647302,0.7693537938181435
2030-02-05 00:00:00,0.674630974859983,0.8126675494984957
2030-02-05 01:00:00,0.6820421046961317,0.7982988842269922
2030-02-05 02:00:00,0.6026788055975542,0.7329917524888867
2030-02-05 03:00:00,0.6190005101583108,0.7333995331695167
2030-02-05 04:00:00,0.548723903648937,0.6925294700626698
2030-02-05 05:00:00,0.44944278277423116,0.5638711873720161
2030-02-05 06:00:00,0.37649412780410596,0.4685889413524392
2030-02-05 07:00:00,0.33964502808865715,0.4838192349498106
2030-02-05 08:00:00,0.31028109379800306,0.4999051935117296
2030-02-05 09:00:00,0.269108513141528,0.4711062335624231
2030-02-05 10:00:00,0.17790773111035707,0.28558118169419305
2030-02-05 11:00:00,0.16344049365429217,0.31634166401173724
2030-02-05 12:00:00,0.33820516282900365,0.4440006351775459
2030-02-05 13:00:00,0.3621489102394698,0.4631061075133994
2030-02-05 14:00:00,0.2472545103996805,0.3078501877132975
2030-02-05 15:00:00,0.1650027130077113,0.1868293352565021
2030-02-05 16:00:00,0.1448679776978317,0.13288343594505514
2030-02-05 17:00:00,0.10848074698251706,0.09615035030099944
2030-02-05 18:00:00,0.0840271138718683,0.08347380277368026
2030-02-05 19:00:00,0.0698357313306473,0.06801352219666275
2030-02-05 20:00:00,0.040401646573825604,0.041669634238633846
2030-02-05 21:00:00,0.013475478648273653,0.017284213713885544
2030-02-05 22:00:00,0.0014415426610891267,0.005065989692643777
2030-02-05 23:00:00,0.0007629050097690759,0.0010079071722644808
2030-02-06 00:00:00,0.0,0.0
2030-02-06 01:00:00,0.0,0.0
2030-02-06 02:00:00,0.0,0.0
2030-02-06 03:00:00,0.0,0.0
2030-02-06 04:00:00,0.0,0.0
2030-02-06 05:00:00,0.0,0.0
2030-02-06 06:00:00,0.0,0.00016424818821514654
2030-02-06 07:00:00,0.00029772319954932434,0.0011622315519600164
2030-02-06 08:00:00,0.0009370569398362996,0.011863244933152292
2030-02-06 09:00:00,0.001450166996328335,0.02462944896862633
2030-02-06 10:00:00,0.0004714975051745196,0.0010483239280950703
2030-02-06 11:00:00,0.000438467869469137,0.0011436681855496145
2030-02-06 12:00:00,0.0007784955738932844,0.00788423303674836
2030-02-06 13:00:00,0.01349953115460365,0.04223075893797788
2030-02-06 14:00:00,0.03216311176397492,0.04881518635272519
2030-02-06 15:00:00,0.04230079114285371,0.05449491855195102
2030-02-06 16:00:00,0.05145797902641003,0.06790060790170091
2030-02-06 17:00:00,0.06066463965285351,0.07768492608688539
2030-02-06 18:00:00,0.06064838360986715,0.07431765075091254
2030-02-06 19:00:00,0.06744271672656955,0.08531349821018089
2030-02-06 20:00:00,0.0747262273946192,0.12117336611181008
2030-02-06 21:00:00,0.08962719296523922,0.2364299789334176
2030-02-06 22:00:00,0.09775986432539413,0.4703433274615266
2030-02-06 23:00:00,0.24896951625775574,0.7591651659447368
2030-02-07 00:00:00,0.2858169582242861,0.8638606901789034
2030-02-07 01:00:00,0.3470245203876953,0.8319257147941405
2030-02-07 02:00:00,0.3506714196337858,0.6558912659483895
2030-02-07 03:00:00,0.2382922628636075,0.4526554180106941
2030-02-07 04:00:00,0.16777398067665272,0.3364974865716311
2030-02-07 05:00:00,0.11996269753346211,0.23759700460118655
2030-02-07 06:00:00,0.08086955912001527,0.1701477754015472
2030-02-07 07:00:00,0.06213524955497353,0.14664682317866357
2030-02-07 08:00:00,0.03849145108106539,0.11252832499441537
2030-02-07 09:00:00,0.0023367307360374827,0.07185206436605214
2030-02-07 10:00:00,0.000530030621135175,0.01262831381024608
2030-02-07 11:00:00,0.001309832352012464,0.03527214648341329
2030-02-07 12:00:00,0.00023703259645194353,0.006543422322950353
2030-02-07 13:00:00,0.00020592205006823822,0.01427207761840464
2030-02-07 14:00:00,0.00011736491037463586,0.013158284887827987
2030-02-07 15:00:00,0.0,0.001233074347053636
2030-02-07 16:00:00,0.0,0.0004390585740613121
2030-02-07 17:00:00,0.0,0.0
2030-02-07 18:00:00,0.0,0.0
2030-02-07 19:00:00,0.0,0.0
2030-02-07 20:00:00,0.0,0.0
2030-02-07 21:00:00,0.0,0.0
2030-02-07 22:00:00,0.0,0.0
2030-02-07 23:00:00,0.0,0.001008218063101036
2030-02-08 00:00:00,0.0,0.0009146704174130858
2030-02-08 01:00:00,0.0,0.00013135673038579474
2030-02-08 02:00:00,0.0,0.0
2030-02-08 03:00:00,0.0,0.0
2030-02-08 04:00:00,0.0,0.0
2030-02-08 05:00:00,0.0,0.0
2030-02-08 06:00:00,0.0,0.0
2030-02-08 07:00:00,0.0,0.0
2030-02-08 08:00:00,0.0,0.00021021410725120227
2030-02-08 09:00:00,0.0,0.000594871645198
2030-02-08 10:00:00,0.0,0.0
2030-02-08 11:00:00,0.0,0.0
2030-02-08 12:00:00,0.0,0.0
2030-02-08 13:00:00,0.0,0.0
2030-02-08 14:00:00,0.0,0.00011613228731550699
2030-02-08 15:00:00,0.0004998916388440215,0.0028398540852955785
2030-02-08 16:00:00,0.010573123456582673,0.03720745451502549
2030-02-08 17:00:00,0.05278478607936954,0.06450570235764701
2030-02-08 18:00:00,0.07101633292830706,0.08759380237774565
2030-02-08 19:00:00,0.09030878542823717,0.13152034384600816
2030-02-08 20:00:00,0.11209194255390506,0.22258158361977162
2030-02-08 21:00:00,0.1730681838407913,0.4430280810471471
2030-02-08 22:00:00,0.257218554233382,0.8634269862815297
2030-02-08 23:00:00,0.4944243609046599,0.9727716501953132
2030-02-09 00:00:00,0.6170881473802012,0.9967355634136895
2030-02-09 01:00:00,0.719596556975696,0.9964926339858614
2030-02-09 02:00:00,0.7413221726183861,0.9787335130793889
2030-02-09 03:00:00,0.6236254357916629,0.9575863336416759
2030-02-09 04:00:00,0.5946854407929327,0.94728223813541
2030-02-09 05:00:00,0.5356943890900069,0.9318632649176771
2030-02-09 06:00:00,0.5120622294123611,0.9141451332073535
2030-02-09 07:00:00,0.446152408077328,0.8807859889714426
2030-02-09 08:00:00,0.3663928112840089,0.8333098130528402
2030-02-09 09:00:00,0.28771819931645776,0.7855830282462882
2030-02-09 10:00:00,0.15762141774475444,0.6754683622466988
2030-02-09 11:00:00,0.1677828589537277,0.7304904036767379
2030-02-09 12:00:00,0.13690770897508261,0.5996714542877768
2030-02-09 13:00:00,0.16185363471738942,0.5362671470935809
2030-02-09 14:00:00,0.18790454917611527,0.5285234031290081
2030-02-09 15:00:00,0.1991806798302123,0.4643622530861813
2030-02-09 16:00:00,0.122084075997165,0.31948919654430724
2030-02-09 17:00:00,0.06268314499616551,0.12492686595793405
2030-02-09 18:00:00,0.05131602409609082,0.07325168706408625
2030-02-09 19:00:00,0.05939288984502858,0.002884207898950441
2030-02-09 20:00:00,0.07038541242417576,0.017232988750864646
2030-02-09 21:00:00,0.09381039613956879,0.11203077741299376
2030-02-09 22:00:00,0.11051712002882759,0.04775326062246972
2030-02-09 23:00:00,0.2351270263320634,0.058471995850041016
2030-02-10 00:00:00,0.5017089915017481,0.47107666333440135
2030-02-10 01:00:00,0.608070615866328,0.8785473716674055
2030-02-10 02:00:00,0.5355392460828186,0.8617526436048757
2030-02-10 03:00:00,0.37930289179761056,0.6630438727806943
2030-02-10 04:00:00,0.2792739867422765,0.4803328526406869
2030-02-10 05:00:00,0.21789545725415602,0.3386154868255064
2030-02-10 06:00:00,0.16507350796984904,0.24671344274194107
2030-02-10 07:00:00,0.12979761226062253,0.17121394742501977
2030-02-10 08:00:00,0.08428821772229725,0.12259370841303066
2030-02-10 09:00:00,0.05100138534075153,0.0974995421818596
2030-02-10 10:00:00,0.03693372191228338,0.1335288906485787
2030-02-10 11:00:00,0.04025883636757161,0.12886268979340645
2030-02-10 12:00:00,0.05748205589702686,0.0866468771007464
2030-02-10 13:00:00,0.07095309085297138,0.06823379698355347
2030-02-10 14:00:00,0.08854281923737388,0.09428140921281891
2030-02-10 15:00:00,0.07034506915699405,0.09764748551854593
2030-02-10 16:00:00,0.019910800881751206,0.04102697629003137
2030-02-10 17:00:00,0.021399409975038097,0.028792639271044307
2030-02-10 18:00:00,0.04556138275650066,0.03264739919230567
2030-02-10 19:00:00,0.03932581204885,0.010594146211445641
2030-02-10 20:00:00,0.02755891268412588,0.0012351919207933672
2030-02-10 21:00:00,0.007417694548774366,0.00088648688535425
2030-02-10 22:00:00,0.0008764057207970715,0.001485151757635908
2030-02-10 23:00:00,0.0,0.0015074421329547589
2030-02-11 00:00:00,0.0,0.0016181277583904772
2030-02-11 01:00:00,0.00048687216513320183,0.016253024228822265
2030-02-11 02:00:00,0.06230539734056778,0.11051972029500945
2030-02-11 03:00:00,0.1258101100432001,0.1465236190355534
2030-02-11 04:00:00,0.11831470808299417,0.17121839921775375
2030-02-11 05:00:00,0.1152021185319747,0.23437353658440296
2030-02-11 06:00:00,0.15592756119663365,0.3336952546629424
2030-02-11 07:00:00,0.20461008769117653,0.4119064514110383
2030-02-11 08:00:00,0.2504196860979468,0.5055560229107099
2030-02-11 09:00:00,0.2864444947665652,0.5537384029340363
2030-02-11 10:00:00,0.16762150644158624,0.4125563431484022
2030-02-11 11:00:00,0.1407540535094135,0.39653915712571275
2030-02-11 12:00:00,0.12057090991061267,0.2310901439559699
2030-02-11 13:00:00,0.07154285346953204,0.10132488455129396
2030-02-11 14:00:00,0.03791061143907452,0.06869634382715013
2030-02-11 15:00:00,0.028620688897138293,0.028683467780795235
2030-02-11 16:00:00,0.0011585790236657838,0.0005011589768454394
2030-02-11 17:00:00,0.0007747307399791014,0.0
2030-02-11 18:00:00,1.5360834283001643e-05,0.00021196113829046132
2030-02-11 19:00:00,0.0007652029982273639,0.0
2030-02-11 20:00:00,0.032214681803344435,0.0
2030-02-11 21:00:00,0.1281731339824426,0.037330620385848834
2030-02-11 22:00:00,0.13202904952110042,0.03894328496714118
2030-02-11 23:00:00,0.2592063108963115,0.11514451816656056
2030-02-12 00:00:00,0.3243452601676077,0.22380443235973893
2030-02-12 01:00:00,0.4118188840612114,0.4133639451565505
2030-02-12 02:00:00,0.4858048680858448,0.668510698265338
2030-02-12 03:00:00,0.5075214507985015,0.7693324710601044
2030-02-12 04:00:00,0.4480003883326372,0.6575207189504864
2030-02-12 05:00:00,0.42273627161704314,0.618628358104712
2030-02-12 06:00:00,0.33634855532630825,0.4920175603951662
2030-02-12 07:00:00,0.27851945788231663,0.35709344756019973
2030-02-12 08:00:00,0.2648442211436365,0.2822266742717271
2030-02-12 09:00:00,0.2436967569924336,0.25640553749304296
2030-02-12 10:00:00,0.23147093964422394,0.26745837560391317
2030-02-12 11:00:00,0.20817283699451158,0.20959837666514575
2030-02-12 12:00:00,0.4284512430272649,0.34148155076836584
2030-02-12 13:00:00,0.5019191387460236,0.4504431499578242
2030-02-12 14:00:00,0.37375154995000104,0.5525385283750643
2030-02-12 15:00:00,0.3297514073439225,0.5134147677355002
2030-02-12 16:00:00,0.3573571680376686,0.5860850490890558
2030-02-12 17:00:00,0.41128864432238954,0.5755617845142058
2030-02-12 18:00:00,0.50819463288283,0.6362331100201924
2030-02-12 19:00:00,0.6049395164060178,0.8021794956914302
2030-02-12 20:00:00,0.6455667988818737,0.8631692427703924
2030-02-12 21:00:00,0.7330076067199911,0.8775248745341512
2030-02-12 22:00:00,0.39777760984593313,0.6178045046543574
2030-02-12 23:00:00,0.3843789568065618,0.5791719348004287
2030-02-13 00:00:00,0.4274503416093727,0.5438461427581853
2030-02-13 01:00:00,0.3504064508661875,0.4976321068962462
2030-02-13 02:00:00,0.35206015657771694,0.44909601393691156
2030-02-13 03:00:00,0.4248495298260825,0.48660726168397805
2030-02-13 04:00:00,0.5364001435450019,0.5483181998585612
2030-02-13 05:00:00,0.6688582487101574,0.6129193807991847
2030-02-13 06:00:00,0.7950900804058751,0.6858268107844182
2030-02-13 07:00:00,0.88421959018746,0.7767400883479979
2030-02-13 08:00:00,0.9409990414583574,0.873619320844313
2030-02-13 09:00:00,0.950165099918689,0.923534977274546
2030-02-13 10:00:00,0.8055264127191537,0.8603129887110343
2030-02-13 11:00:00,0.8930476990521311,0.9312129491850337
2030-02-13 12:00:00,0.8996380800179561,0.9150958179158142
2030-02-13 13:00:00,0.8916166896220563,0.9060637768342106
2030-02-13 14:00:00,0.9027850558481941,0.8891826536111391
2030-02-13 15:00:00,0.9774881574328735,0.9668399869847195
2030-02-13 16:00:00,0.977642651463166,0.9256889447461494
2030-02-13 17:00:00,0.9119675120685945,0.8783580190175815
2030-02-13 18:00:00,0.9521999611950721,0.9620273260936149
2030-02-13 19:00:00,0.7625251004485878,0.8403599476490824
2030-02-13 20:00:00,0.7241711565896741,0.6673863901183212
2030-02-13 21:00:00,0.6865483734977449,0.6273433423364346
2030-02-13 22:00:00,0.5978827009900973,0.5210812070508012
2030-02-13 23:00:00,0.8824158557551587,0.5913528203836012
2030-02-14 00:00:00,0.9028595456260601,0.5528797969355937
2030-02-14 01:00:00,0.8763200172727259,0.5680175088449337
2030-02-14 02:00:00,0.8583586781910568,0.6269246318836157
2030-02-14 03:00:00,0.8403295915386306,0.7084060179110606
2030-02-14 04:00:00,0.8579200658034254,0.8162549818461917
2030-02-14 05:00:00,0.845446765455582,0.8433760373732887
2030-02-14 06:00:00,0.8352183110538489,0.9277127634581807
2030-02-14 07:00:00,0.7592818097909095,0.9418244977768302
2030-02-14 08:00:00,0.6709910988779044,0.89849972802997
2030-02-14 09:00:00,0.5940169237692662,0.837316188185149
2030-02-14 10:00:00,0.2292181986351263,0.4396448360617505
2030-02-14 11:00:00,0.39413016008291707,0.6074036677966739
2030-02-14 12:00:00,0.7103282161535991,0.9159713954916229
2030-02-14 13:00:00,0.8396999929398204,0.9727233593131073
2030-02-14 14:00:00,0.8977863099859369,0.9952820775093603
2030-02-14 15:00:00,0.9614602941443057,0.9992319860824103
2030-02-14 16:00:00,0.9734510559462222,1.0
2030-02-14 17:00:00,0.9826663665599739,1.0
2030-02-14 18:00:00,0.9894397517078838,1.0
2030-02-14 19:00:00,0.9908508650138627,1.0
2030-02-14 20:00:00,0.9946554344195109,0.9986926189155609
2030-02-14 21:00:00,0.9836018527572856,0.9822693821948967
2030-02-14 22:00:00,0.7293652084042217,0.9331043115561962
2030-02-14 23:00:00,0.42439724279810476,0.5934670662031362
2030-02-15 00:00:00,0.36680622238810706,0.4444076087377108
2030-02-15 01:00:00,0.25782251776152276,0.2510633666560734
2030-02-15 02:00:00,0.2233518897453757,0.1739381094429632
2030-02-15 03:00:00,0.26194130627972856,0.1683401491764202
2030-02-15 04:00:00,0.3901053940888221,0.18105100002292748
2030-02-15 05:00:00,0.31389814494013596,0.2899760314846217
2030-02-15 06:00:00,0.5001409776755408,0.8829029212713058
2030-02-15 07:00:00,0.988864733422605,1.0
2030-02-15 08:00:00,0.9969528642280602,1.0
2030-02-15 09:00:00,0.9209229195895586,0.9830837081830932
2030-02-15 10:00:00,0.31931165992987987,0.4770199931630221
2030-02-15 11:00:00,0.16860711962647557,0.34568836453898705
2030-02-15 12:00:00,0.25551373415454276,0.6229109699953728
2030-02-15 13:00:00,0.3919944157312446,0.8537861077512491
2030-02-15 14:00:00,0.6205597681527446,0.99258029626464
2030-02-15 15:00:00,0.9978451772211552,1.0
2030-02-15 16:00:00,1.0,1.0
2030-02-15 17:00:00,0.9998233065785642,1.0
2030-02-15 18:00:00,0.9837024624588445,1.0
2030-02-15 19:00:00,0.9687933354441381,1.0
2030-02-15 20:00:00,0.8574596526281515,0.9971888874222115
2030-02-15 21:00:00,0.7165631437736012,0.9733436576245262
2030-02-15 22:00:00,0.42516324294862595,0.7189442521319434
2030-02-15 23:00:00,0.44429108982584964,0.7200518096861402
2030-02-16 00:00:00,0.6154290485947818,0.7962002551769676
2030-02-16 01:00:00,0.6637185429450729,0.8683103758415063
2030-02-16 02:00:00,0.6131192474864241,0.8435810959762633
2030-02-16 03:00:00,0.5773233285425114,0.8104160772231673
2030-02-16 04:00:00,0.5700307724785709,0.7891045338880258
2030-02-16 05:00:00,0.6211677984411912,0.8485490960597496
2030-02-16 06:00:00,0.6641501945764722,0.9061991480705726
2030-02-16 07:00:00,0.6557643811509689,0.923638538620765
2030-02-16 08:00:00,0.6563922690158205,0.9215480500966178
2030-02-16 09:00:00,0.6532964162403487,0.903734930974305
2030-02-16 10:00:00,0.8621592151877792,0.9767669568273503
2030-02-16 11:00:00,0.9578762420613961,0.9981344070731787
2030-02-16 12:00:00,0.9974260419855977,1.0
2030-02-16 13:00:00,0.9762555839931777,1.0
2030-02-16 14:00:00,0.802689059970032,0.9970326719243716
2030-02-16 15:00:00,0.7198740896094695,0.9898663767900386
2030-02-16 16:00:00,0.6276480750169947,0.9822257450648811
2030-02-16 17:00:00,0.5547913653491885,0.9680892398025633
2030-02-16 18:00:00,0.5766016272364478,0.9682572126181899
2030-02-16 19:00:00,0.6856561278386019,0.9757817615730099
2030-02-16 20:00:00,0.7056428790205949,0.9755361762657229
2030-02-16 21:00:00,0.6168266554657601,0.9526425459806248
2030-02-16 22:00:00,0.6903557347898716,0.8894797837345296
2030-02-16 23:00:00,0.6667922168497998,0.9249802273642361
2030-02-17 00:00:00,0.6676560340922223,0.8901563968163051
2030-02-17 01:00:00,0.6056708928894337,0.8542960845364039
2030-02-17 02:00:00,0.6180956027014762,0.8436072867718951
2030-02-17 03:00:00,0.6038629957266061,0.8056263024696453
2030-02-17 04:00:00,0.5482349954071812,0.7164864647313941
2030-02-17 05:00:00,0.4762170404333962,0.6174531835749043
2030-02-17 06:00:00,0.39090221239135836,0.5376583780631132
2030-02-17 07:00:00,0.3217977572599783,0.48266244628672467
2030-02-17 08:00:00,0.30477147191174947,0.4711303504717208
2030-02-17 09:00:00,0.34255472799355263,0.5032351134816906
2030-02-17 10:00:00,0.3695329156726307,0.5407465044441234
2030-02-17 11:00:00,0.6012770784765554,0.6932770772807311
2030-02-17 12:00:00,0.6119885041986981,0.6612107680565315
2030-02-17 13:00:00,0.8761159860721733,0.7666801316818311
2030-02-17 14:00:00,0.958060724087754,0.9748968190285008
2030-02-17 15:00:00,0.929104493365482,0.9852145227929718
2030-02-17 16:00:00,0.9923067915861654,0.9917706832095665
2030-02-17 17:00:00,0.9867423279040939,0.9691408479734311
2030-02-17 18:00:00,0.9542172344818406,0.9494896513952875
2030-02-17 19:00:00,0.9798187504643817,0.9661946199436611
2030-02-17 20:00:00,1.0,0.9969234884458542
2030-02-17 21:00:00,1.0,1.0
2030-02-17 22:00:00,1.0,1.0
2030-02-17 23:00:00,1.0,1.0
2030-02-18 00:00:00,0.9988069823934058,1.0
2030-02-18 01:00:00,0.9972174330465677,0.9992900005448268
2030-02-18 02:00:00,0.9975433758097606,0.9982471016955498
2030-02-18 03:00:00,0.9993082409469429,0.9994216490647672
2030-02-18 04:00:00,1.0,1.0
2030-02-18 05:00:00,1.0,1.0
2030-02-18 06:00:00,1.0,1.0
2030-02-18 07:00:00,1.0,1.0
2030-02-18 08:00:00,1.0,1.0
2030-02-18 09:00:00,1.0,1.0
2030-02-18 10:00:00,1.0,1.0
2030-02-18 11:00:00,1.0,1.0
2030-02-18 12:00:00,1.0,1.0
2030-02-18 13:00:00,1.0,1.0
2030-02-18 14:00:00,1.0,1.0
2030-02-18 15:00:00,1.0,1.0
2030-02-18 16:00:00,1.0,1.0
2030-02-18 17:00:00,1.0,1.0
2030-02-18 18:00:00,1.0,1.0
2030-02-18 19:00:00,1.0,1.0
2030-02-18 20:00:00,1.0,1.0
2030-02-18 21:00:00,1.0,1.0
2030-02-18 22:00:00,1.0,1.0
2030-02-18 23:00:00,1.0,1.0
2030-02-19 00:00:00,1.0,1.0
2030-02-19 01:00:00,1.0,1.0
2030-02-19 02:00:00,1.0,1.0
2030-02-19 03:00:00,1.0,1.0
2030-02-19 04:00:00,1.0,1.0
2030-02-19 05:00:00,1.0,1.0
2030-02-19 06:00:00,1.0,1.0
2030-02-19 07:00:00,1.0,1.0
2030-02-19 08:00:00,0.9988534086456152,1.0
2030-02-19 09:00:00,0.9984918510760719,1.0
2030-02-19 10:00:00,0.9978274521346336,1.0
2030-02-19 11:00:00,1.0,1.0
2030-02-19 12:00:00,1.0,1.0
2030-02-19 13:00:00,1.0,1.0
2030-02-19 14:00:00,1.0,1.0
2030-02-19 15:00:00,1.0,1.0
2030-02-19 16:00:00,1.0,1.0
2030-02-19 17:00:00,1.0,1.0
2030-02-19 18:00:00,1.0,1.0
2030-02-19 19:00:00,1.0,1.0
2030-02-19 20:00:00,1.0,1.0
2030-02-19 21:00:00,0.9990853994486635,1.0
2030-02-19 22:00:00,0.9849412496318253,1.0
2030-02-19 23:00:00,0.9801881316877415,1.0
2030-02-20 00:00:00,0.9843284886121171,0.9994934507160603
2030-02-20 01:00:00,0.9467947818468845,0.9908193088345815
2030-02-20 02:00:00,0.8488179635000042,0.9296471726263976
2030-02-20 03:00:00,0.7153546982603922,0.8149230065386707
2030-02-20 04:00:00,0.5820267205465542,0.6489629082814862
2030-02-20 05:00:00,0.4396163108929865,0.5131166574908299
2030-02-20 06:00:00,0.2823122071450245,0.3602786382506188
2030-02-20 07:00:00,0.19440902118783518,0.2779310481579246
2030-02-20 08:00:00,0.1501523062940346,0.23404929936477953
2030-02-20 09:00:00,0.1109893539230135,0.16649907950559378
2030-02-20 10:00:00,0.07268967834726175,0.13948687072675428
2030-02-20 11:00:00,0.03907011484194673,0.08584441383749875
2030-02-20 12:00:00,0.013067678674617823,0.05666707315128943
2030-02-20 13:00:00,0.06225668875068734,0.08092889363076358
2030-02-20 14:00:00,0.09981206074053867,0.11251515304999828
2030-02-20 15:00:00,0.10782031444735567,0.16494452906996976
2030-02-20 16:00:00,0.09808486067037732,0.16907730059613058
2030-02-20 17:00:00,0.13995169820860054,0.20521216973851997
2030-02-20 18:00:00,0.1907008666330437,0.28230839061396296
2030-02-20 19:00:00,0.23277547899442175,0.35808902468672466
2030-02-20 20:00:00,0.2699097643921793,0.42360262455199715
2030-02-20 21:00:00,0.30344345918580357,0.4578044526722117
2030-02-20 22:00:00,0.24038773175016903,0.38081123142350537
2030-02-20 23:00:00,0.2725030903225839,0.3788321482595729
2030-02-21 00:00:00,0.2982686099986375,0.3997517279987548
2030-02-21 01:00:00,0.2907431888224256,0.38287847490884935
2030-02-21 02:00:00,0.28191110813533077,0.38886253461470355
2030-02-21 03:00:00,0.2145160218625068,0.3188941398424406
2030-02-21 04:00:00,0.1781192242837533,0.2623470342261858
2030-02-21 05:00:00,0.2282456931458024,0.2961530096310377
2030-02-21 06:00:00,0.26800299787155224,0.3146600269646094
2030-02-21 07:00:00,0.31526856942865356,0.34622949388927243
2030-02-21 08:00:00,0.3889878144494826,0.38839049780772883
2030-02-21 09:00:00,0.44729242656578777,0.45250159375562526
2030-02-21 10:00:00,0.42845513317544914,0.5044998031710681
2030-02-21 11:00:00,0.4801280743337737,0.6885087088296415
2030-02-21 12:00:00,0.4713989422747924,0.6362399713765782
2030-02-21 13:00:00,0.6548617079455484,0.6641786619975538
2030-02-21 14:00:00,0.6889783423068947,0.6577461810050969
2030-02-21 15:00:00,0.6002460585659,0.6963291961441738
2030-02-21 16:00:00,0.5112901595214084,0.6506339259812913
2030-02-21 17:00:00,0.48942480130004684,0.6096066429736346
2030-02-21 18:00:00,0.4351709931300183,0.5568527466048505
2030-02-21 19:00:00,0.42573912566942484,0.5458856351755661
2030-02-21 20:00:00,0.36563205447062436,0.5163287276885661
2030-02-21 21:00:00,0.355469963792603,0.4878315776007285
2030-02-21 22:00:00,0.35140551897641,0.46796196186702194
2030-02-21 23:00:00,0.4371300401559154,0.45660697451144716
2030-02-22 00:00:00,0.4870690523309146,0.5166801363733393
2030-02-22 01:00:00,0.3545575137155269,0.44330930200831187
2030-02-22 02:00:00,0.16290636871561587,0.28886335040907585
2030-02-22 03:00:00,0.08490617903590089,0.17059175216370454
2030-02-22 04:00:00,0.05640262489271663,0.1318152541998079
2030-02-22 05:00:00,0.038265952572596025,0.11079647715610001
2030-02-22 06:00:00,0.00867193697654041,0.08121293308263072
2030-02-22 07:00:00,0.0009854694635468744,0.04625510751225307
2030-02-22 08:00:00,0.0003479831441653073,0.013063487555412335
2030-02-22 09:00:00,0.0,0.0004186498030186658
2030-02-22 10:00:00,1.072956221880255e-05,0.0008719788080572916
2030-02-22 11:00:00,0.04388440216878779,0.05793714628946596
2030-02-22 12:00:00,0.06889727476921345,0.05942040334240767
2030-02-22 13:00:00,0.03686252177291497,0.03152776092606802
2030-02-22 14:00:00,0.028627215573918157,0.03389048051138766
2030-02-22 15:00:00,0.05493249326592292,0.07158056709800975
2030-02-22 16:00:00,0.08784762245223848,0.14210617154478566
2030-02-22 17:00:00,0.1625777619351505,0.20041870524361025
2030-02-22 18:00:00,0.29475976601106985,0.32491343184724564
2030-02-22 19:00:00,0.8284738357158044,0.8703596571094163
2030-02-22 20:00:00,0.9994563875623549,1.0
2030-02-22 21:00:00,1.0,1.0
2030-02-22 22:00:00,1.0,1.0
2030-02-22 23:00:00,1.0,1.0
2030-02-23 00:00:00,1.0,1.0
2030-02-23 01:00:00,0.999310647536153,1.0
2030-02-23 02:00:00,1.0,1.0
2030-02-23 03:00:00,0.9990217340376557,1.0
2030-02-23 04:00:00,0.9970959008077279,0.9992480773295189
2030-02-23 05:00:00,0.9925803167884429,0.9984912312498434
2030-02-23 06:00:00,0.9922183762261374,0.9984117761715636
2030-02-23 07:00:00,0.9804995411138193,0.9970255418939113
2030-02-23 08:00:00,0.9723675991699345,0.997380609355752
2030-02-23 09:00:00,0.9314449388880489,0.9944706815045606
2030-02-23 10:00:00,0.22620600405583546,0.4442339730141121
2030-02-23 11:00:00,0.5468830423522774,0.7578998570752578
2030-02-23 12:00:00,0.8033698349259177,0.9427633731949507
2030-02-23 13:00:00,0.9580608938468311,0.9995369773251177
2030-02-23 14:00:00,0.9374804684896846,0.9994087482044974
2030-02-23 15:00:00,0.9769161242782827,1.0
2030-02-23 16:00:00,0.9325115055147596,0.9973779288512388
2030-02-23 17:00:00,0.9280733777243294,0.9975713759853453
2030-02-23 18:00:00,0.98814730679606,0.9988975150654411
2030-02-23 19:00:00,0.9888359142344897,0.9986991607528313
2030-02-23 20:00:00,0.9998142716585721,1.0
2030-02-23 21:00:00,0.9940856294356771,1.0
2030-02-23 22:00:00,0.9715740435451017,0.9836398914507622
2030-02-23 23:00:00,0.9896012785627761,0.9969005229492226
2030-02-24 00:00:00,0.9979157668592643,0.9971895538366293
2030-02-24 01:00:00,0.998236016462544,0.9975062074642915
2030-02-24 02:00:00,0.9998382150161758,1.0
2030-02-24 03:00:00,1.0,1.0
2030-02-24 04:00:00,1.0,1.0
2030-02-24 05:00:00,1.0,1.0
2030-02-24 06:00:00,0.9981996121181015,1.0
2030-02-24 07:00:00,0.9946885850933207,1.0
2030-02-24 08:00:00,0.9835291175987143,0.9996991828918982
2030-02-24 09:00:00,0.9797706378442494,0.9987572860047637
2030-02-24 10:00:00,0.998385666480356,1.0
2030-02-24 11:00:00,1.0,1.0
2030-02-24 12:00:00,0.9974908619259772,1.0
2030-02-24 13:00:00,0.9997730338449099,1.0
2030-02-24 14:00:00,1.0,1.0
2030-02-24 15:00:00,1.0,1.0
2030-02-24 16:00:00,1.0,1.0
2030-02-24 17:00:00,1.0,1.0
2030-02-24 18:00:00,1.0,1.0
2030-02-24 19:00:00,1.0,1.0
2030-02-24 20:00:00,1.0,1.0
2030-02-24 21:00:00,0.9969352343692891,1.0
2030-02-24 22:00:00,0.9714957048035885,0.9969509809765231
2030-02-24 23:00:00,0.8828059086507694,0.9917868974429151
2030-02-25 00:00:00,0.895120122247445,0.9713319819116848
2030-02-25 01:00:00,0.8098907452234636,0.901063841590282
2030-02-25 02:00:00,0.7617951794936343,0.9025534884467683
2030-02-25 03:00:00,0.7322918081932884,0.8677652106926155
2030-02-25 04:00:00,0.7025993245468771,0.831703989070546
2030-02-25 05:00:00,0.6824817844337927,0.8026864348001695
2030-02-25 06:00:00,0.6576486143825501,0.725687609133784
2030-02-25 07:00:00,0.67040811722365,0.6863295395167105
2030-02-25 08:00:00,0.7639683146422895,0.8005616877118856
2030-02-25 09:00:00,0.7556650892687871,0.8891907945155865
2030-02-25 10:00:00,0.7072219446961062,0.861351327796969
2030-02-25 11:00:00,0.7498344786170938,0.846222350657288
2030-02-25 12:00:00,0.5440832999725163,0.7111522914883546
2030-02-25 13:00:00,0.6342512994541178,0.8374797690776314
2030-02-25 14:00:00,0.9673417183961297,0.9234849372780348
2030-02-25 15:00:00,0.998176377874711,0.999617519783925
2030-02-25 16:00:00,0.9983380264321119,1.0
2030-02-25 17:00:00,1.0,1.0
2030-02-25 18:00:00,1.0,1.0
2030-02-25 19:00:00,1.0,1.0
2030-02-25 20:00:00,0.9996577300451307,1.0
2030-02-25 21:00:00,1.0,1.0
2030-02-25 22:00:00,1.0,1.0
2030-02-25 23:00:00,1.0,1.0
2030-02-26 00:00:00,0.9998947055094218,1.0
2030-02-26 01:00:00,0.9981278506175403,1.0
2030-02-26 02:00:00,0.9975248922958767,1.0
2030-02-26 03:00:00,0.9929478667996171,1.0
2030-02-26 04:00:00,0.9814836468968599,0.9991506786102783
2030-02-26 05:00:00,0.9818739199283333,0.9993314430476093
2030-02-26 06:00:00,0.9785131085481888,0.9991594489513318
2030-02-26 07:00:00,0.9923592983899192,0.9999952530197996
2030-02-26 08:00:00,0.9980107868177892,1.0
2030-02-26 09:00:00,0.9979137971498643,1.0
2030-02-26 10:00:00,0.9675503038121247,0.9889089433233837
2030-02-26 11:00:00,0.9754993885209672,0.9969124535864514
2030-02-26 12:00:00,0.9931213043801134,0.9999154048139398
2030-02-26 13:00:00,0.9991045005173579,1.0
2030-02-26 14:00:00,1.0,1.0
2030-02-26 15:00:00,0.9985177265988882,1.0
2030-02-26 16:00:00,0.9999739954337821,1.0
2030-02-26 17:00:00,1.0,1.0
2030-02-26 18:00:00,1.0,1.0
2030-02-26 19:00:00,1.0,1.0
2030-02-26 20:00:00,1.0,1.0
2030-02-26 21:00:00,1.0,1.0
2030-02-26 22:00:00,0.9993085749192249,1.0
2030-02-26 23:00:00,1.0,1.0
2030-02-27 00:00:00,1.0,1.0
2030-02-27 01:00:00,1.0,1.0
2030-02-27 02:00:00,1.0,1.0
2030-02-27 03:00:00,1.0,1.0
2030-02-27 04:00:00,1.0,1.0
2030-02-27 05:00:00,1.0,1.0
2030-02-27 06:00:00,1.0,1.0
2030-02-27 07:00:00,1.0,1.0
2030-02-27 08:00:00,1.0,1.0
2030-02-27 09:00:00,1.0,1.0
2030-02-27 10:00:00,1.0,1.0
2030-02-27 11:00:00,1.0,1.0
2030-02-27 12:00:00,1.0,1.0
2030-02-27 13:00:00,1.0,1.0
2030-02-27 14:00:00,1.0,1.0
2030-02-27 15:00:00,1.0,1.0
2030-02-27 16:00:00,1.0,1.0
2030-02-27 17:00:00,1.0,1.0
2030-02-27 18:00:00,1.0,1.0
2030-02-27 19:00:00,1.0,1.0
2030-02-27 20:00:00,1.0,1.0
2030-02-27 21:00:00,1.0,1.0
2030-02-27 22:00:00,0.9972838442499203,1.0
2030-02-27 23:00:00,0.9972832274032435,1.0
2030-02-28 00:00:00,0.997169447037882,0.999769226398147
2030-02-28 01:00:00,0.9383938585564358,0.9861349944865407
2030-02-28 02:00:00,0.8747696145807656,0.9575785960849076
2030-02-28 03:00:00,0.864245850117244,0.9431714994713379
2030-02-28 04:00:00,0.9017032545525205,0.968041130067977
2030-02-28 05:00:00,0.9138616790082658,0.9580481687322998
2030-02-28 06:00:00,0.9163252715255157,0.9596464526172207
2030-02-28 07:00:00,0.895110089801983,0.9432874840224562
2030-02-28 08:00:00,0.868255218951785,0.925139336325755
2030-02-28 09:00:00,0.8226758899804371,0.8869859780903907
2030-02-28 10:00:00,0.7961026467803493,0.7939885966947356
2030-02-28 11:00:00,0.9025486205852837,0.9198776634196529
2030-02-28 12:00:00,0.7989958126037403,0.9582217310943218
2030-02-28 13:00:00,0.8368436733307019,0.9931422105136261
2030-02-28 14:00:00,0.9695859896248409,0.9970819493856451
2030-02-28 15:00:00,0.9972067077608583,0.9942122574554738
2030-02-28 16:00:00,0.9972631185559268,0.9980443189659681
2030-02-28 17:00:00,0.9931989547216925,0.99810387848191
2030-02-28 18:00:00,0.9731722990991932,0.9972016460394195
2030-02-28 19:00:00,0.7244763835518359,0.9814645647330722
2030-02-28 20:00:00,0.4787095732719151,0.941940088961979
2030-02-28 21:00:00,0.47824693568981974,0.9700257411153826
2030-02-28 22:00:00,0.23385255558621929,0.6464026217006807
2030-02-28 23:00:00,0.30322196420265474,0.49575630575478413
2030-03-01 00:00:00,0.9750872730254833,0.9971647974837339
2030-03-01 01:00:00,0.9730128074041188,0.9925412835386103
2030-03-01 02:00:00,0.9650501343973354,0.9855367814410064
2030-03-01 03:00:00,0.874506093191593,0.9743716966472179
2030-03-01 04:00:00,0.6894055070105628,0.9216017600539129
2030-03-01 05:00:00,0.57670726451548,0.7643686250915718
2030-03-01 06:00:00,0.5313201860819612,0.5767646960256977
2030-03-01 07:00:00,0.491224419887605,0.5023115168116203
2030-03-01 08:00:00,0.46285773312433215,0.4759823744837775
2030-03-01 09:00:00,0.39762947256068293,0.4464418669244718
2030-03-01 10:00:00,0.10543076881391322,0.23325509539225683
2030-03-01 11:00:00,0.0873413501590778,0.1669243835819331
2030-03-01 12:00:00,0.14971166347042075,0.21174090480156854
2030-03-01 13:00:00,0.3257531101246439,0.3293629048125537
2030-03-01 14:00:00,0.38265793466904957,0.4661734677864569
2030-03-01 15:00:00,0.4963561755272092,0.626432913000616
2030-03-01 16:00:00,0.5572992519805925,0.6699944165604911
2030-03-01 17:00:00,0.5075221271057616,0.6078249154698454
2030-03-01 18:00:00,0.49859115449767477,0.47335259336568075
2030-03-01 19:00:00,0.413230946784002,0.5079385032500868
2030-03-01 20:00:00,0.4317883071725336,0.5343104967920642
2030-03-01 21:00:00,0.4737081537852139,0.6180084233548014
2030-03-01 22:00:00,0.39050880801655696,0.44324086954861674
2030-03-01 23:00:00,0.41476528220040765,0.4475589531565419
2030-03-02 00:00:00,0.4244218475225684,0.49888850317774913
2030-03-02 01:00:00,0.4171348963536689,0.47972209278269257
2030-03-02 02:00:00,0.41433760297497235,0.46718587564724123
2030-03-02 03:00:00,0.3953148343436729,0.442975757647733
2030-03-02 04:00:00,0.3390932530402231,0.3787260405582447
2030-03-02 05:00:00,0.30788440821000795,0.35895532239110384
2030-03-02 06:00:00,0.24163810290234938,0.26937733542596526
2030-03-02 07:00:00,0.16222980408465856,0.17476326548415563
2030-03-02 08:00:00,0.09965173712529926,0.10363130279325386
2030-03-02 09:00:00,0.05859121930177804,0.05482708062220969
2030-03-02 10:00:00,0.020771595719384393,0.025098974468487082
2030-03-02 11:00:00,0.014522055995844567,0.0014609490242130613
2030-03-02 12:00:00,0.015798888704186755,0.0014628304912916762
2030-03-02 13:00:00,0.032301893531837766,0.001452758008508803
2030-03-02 14:00:00,0.047290481369439114,0.006974700514699704
2030-03-02 15:00:00,0.05134490093270919,0.04262890432705074
2030-03-02 16:00:00,0.0925499082392478,0.1547551694549993
2030-03-02 17:00:00,0.3082061215886203,0.7676518737458418
2030-03-02 18:00:00,0.773830475855388,0.9811405645446039
2030-03-02 19:00:00,0.6116491681728056,0.9967670825737592
2030-03-02 20:00:00,0.4905286157394958,0.8410274882044292
2030-03-02 21:00:00,0.5020242538509198,0.605648426497021
2030-03-02 22:00:00,0.4483585166437709,0.44965541258331043
2030-03-02 23:00:00,0.5153494974776159,0.5055039279300637
2030-03-03 00:00:00,0.46369206281907027,0.4841758482257423
2030-03-03 01:00:00,0.4230107686116218,0.4231909045631525
2030-03-03 02:00:00,0.2877397725733688,0.38081919324257246
2030-03-03 03:00:00,0.14133760465599243,0.3102628273826732
2030-03-03 04:00:00,0.05953523506432393,0.22302898241191493
2030-03-03 05:00:00,0.007473836583557272,0.13319204623724798
2030-03-03 06:00:00,0.00018728262637073337,0.05704592631578139
2030-03-03 07:00:00,0.0,0.001005266782974666
2030-03-03 08:00:00,0.0,0.0
2030-03-03 09:00:00,0.0,0.0
2030-03-03 10:00:00,0.0,0.022027841184622136
2030-03-03 11:00:00,0.00041523759879307003,0.03988519444876052
2030-03-03 12:00:00,0.0005212045665075804,0.04149084361685538
2030-03-03 13:00:00,0.011006979418049416,0.09526799603331244
2030-03-03 14:00:00,0.0915721112552656,0.1782114876194712
2030-03-03 15:00:00,0.14143846134665256,0.25377840778462674
2030-03-03 16:00:00,0.19579756867007736,0.3226177335445629
2030-03-03 17:00:00,0.2741273955049933,0.369806793013789
2030-03-03 18:00:00,0.2944183675072596,0.37694055575770014
2030-03-03 19:00:00,0.2803909855877426,0.3950630763446904
2030-03-03 20:00:00,0.239721285345467,0.4563220013667358
2030-03-03 21:00:00,0.21353780794606744,0.6234824350252592
2030-03-03 22:00:00,0.1267600916747266,0.6513068175664596
2030-03-03 23:00:00,0.16994195938982054,0.7404717420515176
2030-03-04 00:00:00,0.238711522251788,0.6721369411894316
2030-03-04 01:00:00,0.2411998701001964,0.6445139293899683
2030-03-04 02:00:00,0.22785086070053825,0.5798860384011971
2030-03-04 03:00:00,0.17245839995882842,0.469658505167594
2030-03-04 04:00:00,0.1371663135186439,0.43335750840431864
2030-03-04 05:00:00,0.09408997003909683,0.3688842277149129
2030-03-04 06:00:00,0.05845344520592908,0.2594700157487827
2030-03-04 07:00:00,0.041125434845888605,0.23155556982946474
2030-03-04 08:00:00,0.04258670307446323,0.23758465851259902
2030-03-04 09:00:00,0.015520625431638325,0.1588919247497924
2030-03-04 10:00:00,0.0007697731158974399,0.042713912190891816
2030-03-04 11:00:00,0.0006652447345978595,0.03337812795684445
2030-03-04 12:00:00,0.0,0.0011317191780597698
2030-03-04 13:00:00,0.0,0.0
2030-03-04 14:00:00,0.0,0.0
2030-03-04 15:00:00,0.0010577886435607997,0.0
2030-03-04 16:00:00,0.031742965029472874,0.0016081615128381295
2030-03-04 17:00:00,0.05996180952434756,0.06307399073667386
2030-03-04 18:00:00,0.09384136065084121,0.09985535031028753
2030-03-04 19:00:00,0.3067285343341244,0.2578585448501877
2030-03-04 20:00:00,0.38938019558452175,0.5476545141449894
2030-03-04 21:00:00,0.531975781119771,0.7323203744812163
2030-03-04 22:00:00,0.4480057595308177,0.6968596003179499
2030-03-04 23:00:00,0.3783927045553706,0.6049082327067167
2030-03-05 00:00:00,0.3265299923957684,0.42762202617988343
2030-03-05 01:00:00,0.33867063068362024,0.34301418924949456
2030-03-05 02:00:00,0.38359454786628494,0.2964065201692615
2030-03-05 03:00:00,0.40462096349047827,0.2876421205238051
2030-03-05 04:00:00,0.46527516830217114,0.3307004967202803
2030-03-05 05:00:00,0.554728909558203,0.3877883972356606
2030-03-05 06:00:00,0.605603438990951,0.41609559997696965
2030-03-05 07:00:00,0.5890562546197416,0.38686346251608283
2030-03-05 08:00:00,0.5573330780304885,0.31195876650033777
2030-03-05 09:00:00,0.507760119762425,0.23486300389025114
2030-03-05 10:00:00,0.2960878809032434,0.12174184148347925
2030-03-05 11:00:00,0.296326681310954,0.14565879472310006
2030-03-05 12:00:00,0.32096548478897524,0.19088647722830185
2030-03-05 13:00:00,0.30793706573775803,0.1996838582208777
2030-03-05 14:00:00,0.3124541073894641,0.22227433159380325
2030-03-05 15:00:00,0.41863212336774447,0.30519402647752736
2030-03-05 16:00:00,0.42394559761900263,0.3435704596231859
2030-03-05 17:00:00,0.39382080237019385,0.32388011516856136
2030-03-05 18:00:00,0.3552194729165099,0.2903222653040221
2030-03-05 19:00:00,0.246702102787972,0.1885843271521197
2030-03-05 20:00:00,0.1972891350576259,0.11314773395014203
2030-03-05 21:00:00,0.13715642335590555,0.030797542343849935
2030-03-05 22:00:00,0.023454120120172034,0.0
2030-03-05 23:00:00,0.0004562401172055462,0.0
2030-03-06 00:00:00,2.3814206491914706e-05,0.06651644585780875
2030-03-06 01:00:00,0.05736994006016863,0.11195050716238186
2030-03-06 02:00:00,0.01704527521820454,0.04939821196888499
2030-03-06 03:00:00,0.00014103453266546106,0.0
2030-03-06 04:00:00,0.0002455011725683955,0.0
2030-03-06 05:00:00,0.0003360143680136228,0.0
2030-03-06 06:00:00,0.0005833694848934843,0.0
2030-03-06 07:00:00,0.0011190710750207397,0.00023219614955813755
2030-03-06 08:00:00,0.0008017709325181993,0.0
2030-03-06 09:00:00,0.0,0.0
2030-03-06 10:00:00,0.0,0.00046890297005641154
2030-03-06 11:00:00,0.0003251399423129405,0.0014085258983708901
2030-03-06 12:00:00,0.03424758494753343,0.08302692366981479
2030-03-06 13:00:00,0.07024696395014275,0.21980907339027514
2030-03-06 14:00:00,0.09538135459920491,0.34373096943443243
2030-03-06 15:00:00,0.2453463453407218,0.5882194503170266
2030-03-06 16:00:00,0.33749147083332703,0.6448250679574286
2030-03-06 17:00:00,0.3686965580794519,0.6509378371627297
2030-03-06 18:00:00,0.3599413847349524,0.6216932925026446
2030-03-06 19:00:00,0.2330060257342127,0.7209300046540156
2030-03-06 20:00:00,0.09419895985794335,0.6197513779080236
2030-03-06 21:00:00,0.0003467149729521959,0.06799588552108125
2030-03-06 22:00:00,0.996954160826084,1.0
2030-03-06 23:00:00,0.8205436294809364,0.9781028392469856
2030-03-07 00:00:00,0.17022445531080646,0.25835907621188414
2030-03-07 01:00:00,0.0015453875483937409,0.004769989783591978
2030-03-07 02:00:00,0.0,0.0
2030-03-07 03:00:00,0.0,0.0
2030-03-07 04:00:00,0.0003274314417935023,0.0
2030-03-07 05:00:00,0.057608680591434945,0.042521234978631604
2030-03-07 06:00:00,0.14405182425208596,0.14425920004523168
2030-03-07 07:00:00,0.22405770501335545,0.20752952916293033
2030-03-07 08:00:00,0.28738850937302823,0.2655456215430538
2030-03-07 09:00:00,0.3386352597937599,0.31428696158154096
2030-03-07 10:00:00,0.17663039292488825,0.26502866869062836
2030-03-07 11:00:00,0.2404673612462727,0.4558511612619996
2030-03-07 12:00:00,0.3484213739290203,0.5447488303814629
2030-03-07 13:00:00,0.5174200306376076,0.5183222200609149
2030-03-07 14:00:00,0.5649733161231807,0.7917699176434854
2030-03-07 15:00:00,0.8872565321970852,0.9703793826162374
2030-03-07 16:00:00,0.9969246633939168,1.0
2030-03-07 17:00:00,1.0,1.0
2030-03-07 18:00:00,1.0,1.0
2030-03-07 19:00:00,1.0,1.0
2030-03-07 20:00:00,1.0,1.0
2030-03-07 21:00:00,1.0,1.0
2030-03-07 22:00:00,1.0,1.0
2030-03-07 23:00:00,1.0,1.0
2030-03-08 00:00:00,1.0,1.0
2030-03-08 01:00:00,1.0,1.0
2030-03-08 02:00:00,1.0,1.0
2030-03-08 03:00:00,1.0,1.0
2030-03-08 04:00:00,1.0,1.0
2030-03-08 05:00:00,1.0,1.0
2030-03-08 06:00:00,1.0,1.0
2030-03-08 07:00:00,1.0,1.0
2030-03-08 08:00:00,0.9979433110163823,1.0
2030-03-08 09:00:00,0.9883155814040181,1.0
2030-03-08 10:00:00,0.9786665636551877,1.0
2030-03-08 11:00:00,0.9889695740114821,1.0
2030-03-08 12:00:00,0.9803762876606582,1.0
2030-03-08 13:00:00,0.998450911807404,1.0
2030-03-08 14:00:00,1.0,1.0
2030-03-08 15:00:00,1.0,1.0
2030-03-08 16:00:00,0.9967766816554402,1.0
2030-03-08 17:00:00,0.9639084554710912,0.9996744485097954
2030-03-08 18:00:00,0.9448061210590745,0.9993831772099389
2030-03-08 19:00:00,0.9458884408343664,0.9993780997039738
2030-03-08 20:00:00,0.9205958123372969,0.9973611867271333
2030-03-08 21:00:00,0.9149754467585136,0.9975806354937851
2030-03-08 22:00:00,0.6292099658249628,0.9156218894142734
2030-03-08 23:00:00,0.696103788190579,0.8877317102271012
2030-03-09 00:00:00,0.6170307930375848,0.8364177970869308
2030-03-09 01:00:00,0.5415109702333455,0.7134269272947176
2030-03-09 02:00:00,0.4052619467537406,0.5431946956293028
2030-03-09 03:00:00,0.287215792204068,0.41037941347569157
2030-03-09 04:00:00,0.1833406583807031,0.30037880799857586
2030-03-09 05:00:00,0.15087588987205547,0.26597381883813914
2030-03-09 06:00:00,0.13361209574781677,0.25630997344669393
2030-03-09 07:00:00,0.13144945129497965,0.28090152259267986
2030-03-09 08:00:00,0.10932598726978417,0.2326553895148632
2030-03-09 09:00:00,0.08121487515301345,0.16624471566949534
2030-03-09 10:00:00,0.03657945600790141,0.09246281184273948
2030-03-09 11:00:00,0.03807801581049711,0.10090143728239225
2030-03-09 12:00:00,0.07178082547560254,0.1534347862656173
2030-03-09 13:00:00,0.08688456338104811,0.13985022436713201
2030-03-09 14:00:00,0.1376186109844569,0.1651919236158473
2030-03-09 15:00:00,0.18776671758439306,0.1906486463098934
2030-03-09 16:00:00,0.1859968264133294,0.21223088596685716
2030-03-09 17:00:00,0.21471371773673353,0.2399610899540538
2030-03-09 18:00:00,0.16801990801666433,0.238537129356359
2030-03-09 19:00:00,0.24719394964103436,0.28800918079801624
2030-03-09 20:00:00,0.39477080075528737,0.4995638396593279
2030-03-09 21:00:00,0.4489144278147431,0.619557936038668
2030-03-09 22:00:00,0.1993238394789232,0.3594385770354675
2030-03-09 23:00:00,0.27066349361849334,0.4468650191351182
2030-03-10 00:00:00,0.23811728351981926,0.47166054118976247
2030-03-10 01:00:00,0.1670694013004132,0.375373266689169
2030-03-10 02:00:00,0.11571258203894749,0.26474985467317813
2030-03-10 03:00:00,0.08206807114262123,0.17354257596482817
2030-03-10 04:00:00,0.07325631243082045,0.13391643785919832
2030-03-10 05:00:00,0.06489570171192854,0.10414809313468434
2030-03-10 06:00:00,0.052895984350006246,0.0760085872240362
2030-03-10 07:00:00,0.032535516778000415,0.039614398345212104
2030-03-10 08:00:00,0.0011675536182137647,0.001113499325090694
2030-03-10 09:00:00,0.0,0.0
2030-03-10 10:00:00,0.0,0.0
2030-03-10 11:00:00,0.0,0.0
2030-03-10 12:00:00,0.0,0.0
2030-03-10 13:00:00,0.0,0.0
2030-03-10 14:00:00,0.0,0.0
2030-03-10 15:00:00,0.0007863769609037132,0.00021770705117499434
2030-03-10 16:00:00,0.0010949301100502131,6.630597253788536e-05
2030-03-10 17:00:00,0.001291322067302084,0.00045196650977463726
2030-03-10 18:00:00,0.0023979299600320734,0.0009532226883299357
2030-03-10 19:00:00,0.0063152114017173315,0.0015483798423338961
2030-03-10 20:00:00,0.007842794350066035,0.01630380988127528
2030-03-10 21:00:00,0.011901505632872915,0.02672266005526062
2030-03-10 22:00:00,0.0006916999499344117,0.046485586952974806
2030-03-10 23:00:00,0.00678429302675605,0.11106734340199645
2030-03-11 00:00:00,0.03667657672453322,0.1671235910037035
2030-03-11 01:00:00,0.06467381690090214,0.2093471789743107
2030-03-11 02:00:00,0.10285729041273622,0.2613696717773176
2030-03-11 03:00:00,0.15279465188351127,0.3160372468627958
2030-03-11 04:00:00,0.16714509815032885,0.31867760541387724
2030-03-11 05:00:00,0.1601654149483364,0.288311978071505
2030-03-11 06:00:00,0.14473474597417796,0.2454750326798803
2030-03-11 07:00:00,0.149269114189174,0.26392742553504345
2030-03-11 08:00:00,0.14638979637411972,0.30200231246479997
2030-03-11 09:00:00,0.175852894694766,0.3732920802022125
2030-03-11 10:00:00,0.07995859652999762,0.21066217861608016
2030-03-11 11:00:00,0.21465567493272075,0.315406866136933
2030-03-11 12:00:00,0.3650896229612412,0.39795813540388103
2030-03-11 13:00:00,0.4750939658400029,0.5049477656696547
2030-03-11 14:00:00,0.3036322762168734,0.6722779090365075
2030-03-11 15:00:00,0.1547490175235236,0.5880155214541721
2030-03-11 16:00:00,0.07931737624561394,0.377675539450436
2030-03-11 17:00:00,0.019639362153980433,0.1416162773872698
2030-03-11 18:00:00,0.001227335521378182,0.06253126165771872
2030-03-11 19:00:00,0.0008815665957927531,0.032590807951368955
2030-03-11 20:00:00,0.030877247933224945,0.08441065589593386
2030-03-11 21:00:00,0.11311554214321534,0.24679804663283883
2030-03-11 22:00:00,0.1065007061719716,0.2584130943930491
2030-03-11 23:00:00,0.12317494549134225,0.2572909000310961
2030-03-12 00:00:00,0.1110883349661678,0.2416751608592832
2030-03-12 01:00:00,0.08584260909554435,0.20955161245499299
2030-03-12 02:00:00,0.04380536069697358,0.13951885892335056
2030-03-12 03:00:00,0.000435147850625723,0.022408076523624143
2030-03-12 04:00:00,0.0006483808285400561,0.0
2030-03-12 05:00:00,0.03755719125927741,0.001089443328630211
2030-03-12 06:00:00,0.06899870541194283,0.030911940600763153
2030-03-12 07:00:00,0.09493643292756127,0.08084057032130165
2030-03-12 08:00:00,0.1231987057619986,0.11304850373194504
2030-03-12 09:00:00,0.15545707701463496,0.16755783719781947
2030-03-12 10:00:00,0.13869096721569377,0.20312332976668793
2030-03-12 11:00:00,0.154419843682971,0.2299492135094195
2030-03-12 12:00:00,0.1569743861448248,0.18545840892061052
2030-03-12 13:00:00,0.16283639231598052,0.16029311843750133
2030-03-12 14:00:00,0.1702646054151145,0.14126905234402967
2030-03-12 15:00:00,0.1447761488072387,0.11008049762087686
2030-03-12 16:00:00,0.08930195933120808,0.12561276328181215
2030-03-12 17:00:00,0.06666930237416843,0.20391104410662175
2030-03-12 18:00:00,0.11345941586849868,0.373569055593295
2030-03-12 19:00:00,0.1534549919383977,0.5209851111596682
2030-03-12 20:00:00,0.2246120456490972,0.5367379969698312
2030-03-12 21:00:00,0.26437540938097703,0.46147291922216177
2030-03-12 22:00:00,0.10028026814543291,0.18992847784940614
2030-03-12 23:00:00,0.09116799823555584,0.22928478607289215
2030-03-13 00:00:00,0.0831252968596145,0.18629922259581116
2030-03-13 01:00:00,0.04414556933115694,0.07319834151048737
2030-03-13 02:00:00,0.0302026249798031,0.004708870029254191
2030-03-13 03:00:00,0.0970377981036513,0.05813097641978375
2030-03-13 04:00:00,0.15914870367710365,0.2159950426511542
2030-03-13 05:00:00,0.14095214284464738,0.31496875034043614
2030-03-13 06:00:00,0.10615453241877354,0.28365380195410017
2030-03-13 07:00:00,0.06914229803751593,0.19483642781960048
2030-03-13 08:00:00,0.038044228535192355,0.14195520891179209
2030-03-13 09:00:00,0.03244292192227608,0.13034582736128253
2030-03-13 10:00:00,0.001333594092409153,0.06837039317377222
2030-03-13 11:00:00,0.00018572518764204502,0.022305273440288615
2030-03-13 12:00:00,0.0,0.0006475298767367438
2030-03-13 13:00:00,0.0,1.8736663433538634e-05
2030-03-13 14:00:00,0.0,8.823126510561064e-05
2030-03-13 15:00:00,0.0010064793746397337,0.0003285387056644117
2030-03-13 16:00:00,0.004712661721763899,0.0002241018645973583
2030-03-13 17:00:00,0.030541804626052906,0.000766868430778118
2030-03-13 18:00:00,0.05962504763223429,0.0016285213074678476
2030-03-13 19:00:00,0.09398840059779051,0.03880167083429336
2030-03-13 20:00:00,0.1827686026790539,0.1257772744510641
2030-03-13 21:00:00,0.35806340599878844,0.35371109921534555
2030-03-13 22:00:00,0.3904452430508124,0.3160082171575029
2030-03-13 23:00:00,0.48938047867255147,0.39210672472373614
2030-03-14 00:00:00,0.5935258499693007,0.4516656228724778
2030-03-14 01:00:00,0.7528057302021743,0.573477469792264
2030-03-14 02:00:00,0.8712022358563299,0.6908501229439625
2030-03-14 03:00:00,0.9526525214606634,0.8677020345758468
2030-03-14 04:00:00,0.9756360367217661,0.970817138844137
2030-03-14 05:00:00,0.9872054026233766,0.9967448607992611
2030-03-14 06:00:00,0.98676263379435,0.9977109656808865
2030-03-14 07:00:00,0.9853209887770181,0.9978914103117621
2030-03-14 08:00:00,0.9730246530384541,0.9979816948429224
2030-03-14 09:00:00,0.8580403770282935,0.997026272907682
2030-03-14 10:00:00,0.37850277362034923,0.8556379187891786
2030-03-14 11:00:00,0.21603948531883185,0.6045182678355444
2030-03-14 12:00:00,0.16591107830693105,0.41880637008977917
2030-03-14 13:00:00,0.1584687614600439,0.31672002136094435
2030-03-14 14:00:00,0.29340653247131554,0.4072844997408224
2030-03-14 15:00:00,0.4111440223687215,0.6013576385115854
2030-03-14 16:00:00,0.6382550627081585,0.8973184156984636
2030-03-14 17:00:00,0.8258712151552464,0.9894481608640872
2030-03-14 18:00:00,0.9945268075630593,1.0
2030-03-14 19:00:00,0.9918592368729153,1.0
2030-03-14 20:00:00,0.9888182019618063,1.0
2030-03-14 21:00:00,0.9492098114531948,0.9973235135523882
2030-03-14 22:00:00,0.8959376652950722,0.9684511119169528
2030-03-14 23:00:00,0.9687046119900986,0.9835520640680558
2030-03-15 00:00:00,0.9906466967416774,0.9982866582435628
2030-03-15 01:00:00,0.9970728438217946,0.9993596656908511
2030-03-15 02:00:00,0.9949024925206716,0.9989412415291782
2030-03-15 03:00:00,0.9972793902638614,0.9997107305820746
2030-03-15 04:00:00,0.9974215437564534,1.0
2030-03-15 05:00:00,0.9973512547763359,1.0
2030-03-15 06:00:00,0.9970861154026157,1.0
2030-03-15 07:00:00,0.9976410566600008,1.0
2030-03-15 08:00:00,0.9980356471182408,1.0
2030-03-15 09:00:00,0.9974589002901856,1.0
2030-03-15 10:00:00,0.9428186494433984,0.9933204281430444
2030-03-15 11:00:00,0.9783003932566591,0.9976017276426157
2030-03-15 12:00:00,0.9860367454623667,0.9981669789370136
2030-03-15 13:00:00,0.9365737011130756,0.9794800931065357
2030-03-15 14:00:00,0.9802742164965569,0.9985114690240813
2030-03-15 15:00:00,0.9681594900674052,0.9981547916409998
2030-03-15 16:00:00,0.9916481237358499,0.999295876787015
2030-03-15 17:00:00,0.9972111523450511,0.9883050033464231
2030-03-15 18:00:00,0.9991412938071231,1.0
2030-03-15 19:00:00,0.9992025307036272,1.0
2030-03-15 20:00:00,0.9947565146165358,0.9971739535823029
2030-03-15 21:00:00,0.9912746291376284,0.9897780859508267
2030-03-15 22:00:00,0.8134966087084023,0.7644968052744268
2030-03-15 23:00:00,0.7725693704965023,0.6817622496206919
2030-03-16 00:00:00,0.6188255609127047,0.5629671917123977
2030-03-16 01:00:00,0.536936634464094,0.5167644897421376
2030-03-16 02:00:00,0.5780875027624159,0.5520554186909201
2030-03-16 03:00:00,0.6660995359982052,0.6080565900704996
2030-03-16 04:00:00,0.7822998371194784,0.7144913298803861
2030-03-16 05:00:00,0.8560911223094722,0.7806783353927432
2030-03-16 06:00:00,0.8364851067891842,0.8459576619980151
2030-03-16 07:00:00,0.6254401645221113,0.8095957087964476
2030-03-16 08:00:00,0.397313911714709,0.8812481376796807
2030-03-16 09:00:00,0.29725379043799693,0.8752550280668259
2030-03-16 10:00:00,0.24903168780261176,0.6701146014470254
2030-03-16 11:00:00,0.6523482552942022,0.9608704877917156
2030-03-16 12:00:00,0.8112560225235103,0.9903963308606569
2030-03-16 13:00:00,0.8522719775346921,0.9901008895630514
2030-03-16 14:00:00,0.8498754164924682,0.9979904108412195
2030-03-16 15:00:00,0.9900380595366982,1.0
2030-03-16 16:00:00,0.9993355017214288,1.0
2030-03-16 17:00:00,0.998651412536825,1.0
2030-03-16 18:00:00,0.9968539122098622,1.0
2030-03-16 19:00:00,0.98744731069685,0.9998316774816208
2030-03-16 20:00:00,0.9659037174718356,0.9972291528793122
2030-03-16 21:00:00,0.9779520586283695,0.9971025598950486
2030-03-16 22:00:00,0.8231397733604966,0.9787326377077016
2030-03-16 23:00:00,0.9571184259459015,0.9862170440532172
2030-03-17 00:00:00,0.8980768447881279,0.9718329374472244
2030-03-17 01:00:00,0.8317728029809262,0.920348682248757
2030-03-17 02:00:00,0.8015929746764905,0.896356455259794
2030-03-17 03:00:00,0.811696357592295,0.8970943387783079
2030-03-17 04:00:00,0.8309239647974317,0.8863947303378448
2030-03-17 05:00:00,0.8603191493841746,0.9223792533266055
2030-03-17 06:00:00,0.8564677469383656,0.9430516498674887
2030-03-17 07:00:00,0.8916891220347322,0.9727028907850349
2030-03-17 08:00:00,0.9437041461344738,0.9889979805107475
2030-03-17 09:00:00,0.9543277441182613,0.997011234283719
2030-03-17 10:00:00,0.9829459130772056,0.9982462711433081
2030-03-17 11:00:00,0.9974502250855787,0.9988310659411059
2030-03-17 12:00:00,0.9998745710889146,1.0
2030-03-17 13:00:00,0.9969174134622637,1.0
2030-03-17 14:00:00,0.9925233242048637,0.9991934417216758
2030-03-17 15:00:00,0.9901068603289978,0.9970827785728915
2030-03-17 16:00:00,1.0,1.0
2030-03-17 17:00:00,1.0,1.0
2030-03-17 18:00:00,1.0,1.0
2030-03-17 19:00:00,1.0,1.0
2030-03-17 20:00:00,1.0,1.0
2030-03-17 21:00:00,1.0,1.0
2030-03-17 22:00:00,1.0,1.0
2030-03-17 23:00:00,1.0,1.0
2030-03-18 00:00:00,1.0,1.0
2030-03-18 01:00:00,1.0,1.0
2030-03-18 02:00:00,1.0,1.0
2030-03-18 03:00:00,1.0,1.0
2030-03-18 04:00:00,1.0,1.0
2030-03-18 05:00:00,1.0,1.0
2030-03-18 06:00:00,1.0,1.0
2030-03-18 07:00:00,1.0,1.0
2030-03-18 08:00:00,1.0,1.0
2030-03-18 09:00:00,0.9996404734779157,1.0
2030-03-18 10:00:00,1.0,1.0
2030-03-18 11:00:00,0.9797261657293301,1.0
2030-03-18 12:00:00,0.45253115995584214,1.0
2030-03-18 13:00:00,0.5692839314835126,0.6296276695891048
2030-03-18 14:00:00,0.3093244922126904,0.8031952797354945
2030-03-18 15:00:00,0.3058422019842541,0.29000139253966584
2030-03-18 16:00:00,0.6531028334167756,0.44330426077518936
2030-03-18 17:00:00,0.8713640436284504,0.647239222833398
2030-03-18 18:00:00,0.8929502721177665,0.8460834407259109
2030-03-18 19:00:00,0.970361633315169,0.9740233228088492
2030-03-18 20:00:00,0.9848783524646478,0.9979786558438408
2030-03-18 21:00:00,0.9725946594028797,0.9991045263391785
2030-03-18 22:00:00,0.9004830354360628,0.9972922119484741
2030-03-18 23:00:00,0.8735145257732093,0.9773665369198813
2030-03-19 00:00:00,0.7697109374875675,0.9094947262493666
2030-03-19 01:00:00,0.6653530374517215,0.8275728728176216
2030-03-19 02:00:00,0.6715640466485784,0.7877930641231027
2030-03-19 03:00:00,0.6074786570729142,0.7147559269099224
2030-03-19 04:00:00,0.6008781358634632,0.6941894850869403
2030-03-19 05:00:00,0.6829577616407367,0.7663531090849773
2030-03-19 06:00:00,0.7334820113051637,0.8282295976408
2030-03-19 07:00:00,0.7320206319084247,0.7900245754296169
2030-03-19 08:00:00,0.7915961944340557,0.7847437988382877
2030-03-19 09:00:00,0.8325089467771881,0.7985322410715945
2030-03-19 10:00:00,0.3763545162467826,0.4599775146521027
2030-03-19 11:00:00,0.5645573679245858,0.6819603731329453
2030-03-19 12:00:00,0.774944838165477,0.8976755021108404
2030-03-19 13:00:00,0.8981837527359604,0.9541688809956826
2030-03-19 14:00:00,0.9975220093943165,1.0
2030-03-19 15:00:00,0.9996917431350204,1.0
2030-03-19 16:00:00,1.0,1.0
2030-03-19 17:00:00,1.0,1.0
2030-03-19 18:00:00,1.0,1.0
2030-03-19 19:00:00,1.0,1.0
2030-03-19 20:00:00,1.0,1.0
2030-03-19 21:00:00,0.9987640125653312,1.0
2030-03-19 22:00:00,0.9987251013900035,0.9997970140635163
2030-03-19 23:00:00,1.0,1.0
2030-03-20 00:00:00,1.0,1.0
2030-03-20 01:00:00,1.0,1.0
2030-03-20 02:00:00,1.0,1.0
2030-03-20 03:00:00,1.0,1.0
2030-03-20 04:00:00,1.0,1.0
2030-03-20 05:00:00,1.0,1.0
2030-03-20 06:00:00,1.0,1.0
2030-03-20 07:00:00,1.0,1.0
2030-03-20 08:00:00,1.0,1.0
2030-03-20 09:00:00,1.0,1.0
2030-03-20 10:00:00,1.0,1.0
2030-03-20 11:00:00,0.9997128483314595,1.0
2030-03-20 12:00:00,0.989448567515664,1.0
2030-03-20 13:00:00,0.888652654885621,1.0
2030-03-20 14:00:00,0.7921124460362554,0.9897183801920687
2030-03-20 15:00:00,0.9774585270788333,0.9817520482537462
2030-03-20 16:00:00,0.9971390687441011,0.9981896426964951
2030-03-20 17:00:00,0.9981436401159636,1.0
2030-03-20 18:00:00,0.998033392514711,1.0
2030-03-20 19:00:00,0.9971765016641279,1.0
2030-03-20 20:00:00,0.984119334524935,0.9970158535337954
2030-03-20 21:00:00,0.9698101849457442,0.9733561616877664
2030-03-20 22:00:00,0.7996718939459363,0.8791191328098997
2030-03-20 23:00:00,0.6977626411661075,0.7349081476778926
2030-03-21 00:00:00,0.44299342711409934,0.47893732282340484
2030-03-21 01:00:00,0.3259781630303695,0.3760158207039204
2030-03-21 02:00:00,0.3194429154275259,0.3641503261499229
2030-03-21 03:00:00,0.205269192894462,0.2625107928974233
2030-03-21 04:00:00,0.11573037193422178,0.13519189239502175
2030-03-21 05:00:00,0.0255683638263774,0.048418560533417386
2030-03-21 06:00:00,0.001060408180121188,0.041151039760470465
2030-03-21 07:00:00,0.001064031850643122,0.03507712431531568
2030-03-21 08:00:00,0.0022492851226992485,0.0326549086378219
2030-03-21 09:00:00,0.0009419649059930663,0.0
2030-03-21 10:00:00,0.0,0.0
2030-03-21 11:00:00,0.0,0.0
2030-03-21 12:00:00,0.001375622382167705,0.057908092577563325
2030-03-21 13:00:00,0.12900971203447048,0.2835531967573703
2030-03-21 14:00:00,0.28913996011465776,0.5175810666120755
2030-03-21 15:00:00,0.43290084910023763,0.631375113804455
2030-03-21 16:00:00,0.626162672003963,0.9078762842449057
2030-03-21 17:00:00,0.8869708770459954,0.990527693121748
2030-03-21 18:00:00,0.976881862358938,0.9970229660214096
2030-03-21 19:00:00,0.9979954293015133,1.0
2030-03-21 20:00:00,0.995504942895216,1.0
2030-03-21 21:00:00,0.9758933196863158,1.0
2030-03-21 22:00:00,0.7266655951748408,0.9519789961809232
2030-03-21 23:00:00,0.467694322962727,0.7002481133720256
2030-03-22 00:00:00,0.25209069204619355,0.39495250316680053
2030-03-22 01:00:00,0.18549097435197262,0.24996724174504686
2030-03-22 02:00:00,0.20303772608956897,0.20975115193333912
2030-03-22 03:00:00,0.23865306473511266,0.1893628870406682
2030-03-22 04:00:00,0.26253049717097726,0.19347277950419395
2030-03-22 05:00:00,0.23854132659580957,0.1963127506304988
2030-03-22 06:00:00,0.2404412759332265,0.19599912180916218
2030-03-22 07:00:00,0.22981331697911678,0.18847353961657093
2030-03-22 08:00:00,0.2262252428717516,0.1664710925371921
2030-03-22 09:00:00,0.1664569304145212,0.1204818327786765
2030-03-22 10:00:00,0.11802165315397091,0.10738349538563839
2030-03-22 11:00:00,0.14441594430696625,0.10178141373680295
2030-03-22 12:00:00,0.13157077218323188,0.08338700591852714
2030-03-22 13:00:00,0.07136059482549567,0.04111142889282041
2030-03-22 14:00:00,0.1336625356156582,0.08860298321279855
2030-03-22 15:00:00,0.15420893109655542,0.13344579279065158
2030-03-22 16:00:00,0.23288990864378184,0.3311708351426917
2030-03-22 17:00:00,0.2736612609682779,0.40604469944706095
2030-03-22 18:00:00,0.4532137422872707,0.4563078587435375
2030-03-22 19:00:00,0.5327890273986094,0.3618152528072532
2030-03-22 20:00:00,0.2545400438913845,0.11529669381855115
2030-03-22 21:00:00,0.14727126719996264,0.11699936397063951
2030-03-22 22:00:00,0.12549393361956723,0.08579824069867892
2030-03-22 23:00:00,0.16609046060409055,0.13637885719083181
2030-03-23 00:00:00,0.2683453268285064,0.31911930791927995
2030-03-23 01:00:00,0.45540180386509616,0.5176085493046597
2030-03-23 02:00:00,0.6716279843840027,0.6461804860326841
2030-03-23 03:00:00,0.7819498754054214,0.7643507934288255
2030-03-23 04:00:00,0.8122965269902896,0.8389493977754445
2030-03-23 05:00:00,0.8210122334970726,0.9025140957655285
2030-03-23 06:00:00,0.8363801363207388,0.9443954291077038
2030-03-23 07:00:00,0.7298917328809309,0.9105430099388707
2030-03-23 08:00:00,0.5507619301059548,0.8270170350003592
2030-03-23 09:00:00,0.49054387829212726,0.8348257359693254
2030-03-23 10:00:00,0.09760169920412001,0.18247024150721902
2030-03-23 11:00:00,0.19369870535579703,0.20306411430445467
2030-03-23 12:00:00,0.28614739080133694,0.17169899563917476
2030-03-23 13:00:00,0.2228504105686378,0.1785984731631606
2030-03-23 14:00:00,0.2349820686205586,0.266476727229181
2030-03-23 15:00:00,0.29285674355652486,0.35197542373206503
2030-03-23 16:00:00,0.8526208990966099,0.979174345837564
2030-03-23 17:00:00,0.9993139938428565,1.0
2030-03-23 18:00:00,0.9983707198318269,1.0
2030-03-23 19:00:00,0.9803803525290018,1.0
2030-03-23 20:00:00,0.9201905733965733,0.9981196676387665
2030-03-23 21:00:00,0.9865384531628643,0.9976941039063945
2030-03-23 22:00:00,0.862412604808076,0.9701416069116908
2030-03-23 23:00:00,0.9015711961777447,0.9983926129947817
2030-03-24 00:00:00,0.7909574700958848,0.9803515361925035
2030-03-24 01:00:00,0.8896986660254055,0.9817637974287193
2030-03-24 02:00:00,0.9979139244084708,1.0
2030-03-24 03:00:00,0.9764981654717237,1.0
2030-03-24 04:00:00,0.9703461915655016,0.9992228593456343
2030-03-24 05:00:00,0.917175635137977,0.9983463759623133
2030-03-24 06:00:00,0.8822393057097926,0.9892445263478747
2030-03-24 07:00:00,0.8528095843155243,0.9783103764386148
2030-03-24 08:00:00,0.6947436004452322,0.8968791607041029
2030-03-24 09:00:00,0.5479696059410804,0.709659823209118
2030-03-24 10:00:00,0.4791365898638119,0.6414043162388503
2030-03-24 11:00:00,0.40954324291468097,0.5943072899537485
2030-03-24 12:00:00,0.35123577281216395,0.5584047582187495
2030-03-24 13:00:00,0.2988823898006403,0.5604834915973229
2030-03-24 14:00:00,0.5168294186382388,0.6389857682377356
2030-03-24 15:00:00,0.39083430628389493,0.5502045169598377
2030-03-24 16:00:00,0.27053198844950255,0.35934716941482087
2030-03-24 17:00:00,0.1653213665242256,0.24075162756604052
2030-03-24 18:00:00,0.1265301308757223,0.17196394843645604
2030-03-24 19:00:00,0.10515751383553966,0.14393136272519097
2030-03-24 20:00:00,0.115195482351047,0.1441434344334231
2030-03-24 21:00:00,0.11437258781995852,0.11973001142596006
2030-03-24 22:00:00,0.05244175325963869,0.030024713853342707
2030-03-24 23:00:00,0.08402558134316135,0.004233288327608504
2030-03-25 00:00:00,0.1544521408628016,0.044960001621915414
2030-03-25 01:00:00,0.2862308007869324,0.1368035735953729
2030-03-25 02:00:00,0.44652683982068436,0.37200505334967066
2030-03-25 03:00:00,0.6687769881408927,0.7072658326201919
2030-03-25 04:00:00,0.8512079389976502,0.8891804010392395
2030-03-25 05:00:00,0.965229637641037,0.9472391691474207
2030-03-25 06:00:00,0.9713512705088034,0.9421678302382406
2030-03-25 07:00:00,0.9246219977572222,0.8984446911113402
2030-03-25 08:00:00,0.8930318490212169,0.8158210472841493
2030-03-25 09:00:00,0.8646505474096084,0.7702512399909992
2030-03-25 10:00:00,0.8014824761260653,0.8702981030839765
2030-03-25 11:00:00,0.8862519018266521,0.9608602985278237
2030-03-25 12:00:00,0.9206207078943999,0.9761107094020668
2030-03-25 13:00:00,0.9385671902209246,0.9746880816030907
2030-03-25 14:00:00,0.9505669348851598,0.9485302508929256
2030-03-25 15:00:00,0.8437672511003856,0.8902222410131959
2030-03-25 16:00:00,0.879443880089865,0.9189146175408598
2030-03-25 17:00:00,0.9775855574802231,0.9605093979884947
2030-03-25 18:00:00,0.878399679623584,0.9710546293721521
2030-03-25 19:00:00,0.6327899677672545,0.803612927750713
2030-03-25 20:00:00,0.49922221473708933,0.6063189144807952
2030-03-25 21:00:00,0.4480207808102159,0.47549024378740146
2030-03-25 22:00:00,0.4205880895306625,0.26787130885372024
2030-03-25 23:00:00,0.5592385365828662,0.4093557482857252
2030-03-26 00:00:00,0.7503530637633408,0.6399681735526825
2030-03-26 01:00:00,0.8619843534714653,0.854457964993215
2030-03-26 02:00:00,0.9326857356522591,0.9411793532561059
2030-03-26 03:00:00,0.985481757993725,0.9785411967660987
2030-03-26 04:00:00,0.9995840160439625,0.999293883577755
2030-03-26 05:00:00,1.0,1.0
2030-03-26 06:00:00,1.0,1.0
2030-03-26 07:00:00,1.0,1.0
2030-03-26 08:00:00,1.0,1.0
2030-03-26 09:00:00,1.0,1.0
2030-03-26 10:00:00,0.8782510652343871,0.9917747460797497
2030-03-26 11:00:00,0.6889268739713784,0.8633286871665682
2030-03-26 12:00:00,0.598617540528193,0.44655771300384095
2030-03-26 13:00:00,0.5940570852345497,0.2728508845393442
2030-03-26 14:00:00,0.48199808386673937,0.24591641585655838
2030-03-26 15:00:00,0.4215029743350994,0.2512811225285561
2030-03-26 16:00:00,0.43858629895172985,0.22063247179732084
2030-03-26 17:00:00,0.4321483147374539,0.1601271684022554
2030-03-26 18:00:00,0.42158551612538386,0.20650187176314155
2030-03-26 19:00:00,0.4350680938443504,0.28205497376909405
2030-03-26 20:00:00,0.5288515940768699,0.5148216944122244
2030-03-26 21:00:00,0.7203155040483951,0.690116835004884
2030-03-26 22:00:00,0.7693376029014664,0.7265782308627283
2030-03-26 23:00:00,0.8263723890338049,0.7698629443228235
2030-03-27 00:00:00,0.8924402616851826,0.8887107532690466
2030-03-27 01:00:00,0.9683380796455605,0.9739210381482546
2030-03-27 02:00:00,0.9779347133742141,0.993202130016842
2030-03-27 03:00:00,0.9791710159619416,0.9980251887874722
2030-03-27 04:00:00,0.905819693911932,0.9971069075677396
2030-03-27 05:00:00,0.6680278418379799,0.9664821864922764
2030-03-27 06:00:00,0.4390420005259742,0.6788911399684663
2030-03-27 07:00:00,0.27496132990611766,0.4219186519479666
2030-03-27 08:00:00,0.1623712397115374,0.20470535583375513
2030-03-27 09:00:00,0.11646456247225251,0.09477544382964324
2030-03-27 10:00:00,0.041861053529851346,0.020616750712126573
2030-03-27 11:00:00,0.05888372892918419,0.01722276726347616
2030-03-27 12:00:00,0.10743114498749307,0.05026090057993517
2030-03-27 13:00:00,0.1624646949895191,0.07437254205311936
2030-03-27 14:00:00,0.15851738319371997,0.11447906731032166
2030-03-27 15:00:00,0.15275877201963028,0.11298956420049747
2030-03-27 16:00:00,0.1807133957697716,0.11933473023562072
2030-03-27 17:00:00,0.17718762424474555,0.12700452522729128
2030-03-27 18:00:00,0.09614283118662786,0.08594674201283481
2030-03-27 19:00:00,0.05533869515975214,0.05613856590148336
2030-03-27 20:00:00,0.047803785021528135,0.046538329406661
2030-03-27 21:00:00,0.04261897176572913,0.030424686099073978
2030-03-27 22:00:00,0.07748771583034054,0.06532365253637452
2030-03-27 23:00:00,0.053558914802212976,0.029877762799158752
2030-03-28 00:00:00,0.03391655087419884,0.015601327124182052
2030-03-28 01:00:00,0.024864515315923034,0.026888373200453085
2030-03-28 02:00:00,0.029089332077938172,0.04895413336794099
2030-03-28 03:00:00,0.038014695194243435,0.0715027177414416
2030-03-28 04:00:00,0.044901740793659065,0.09151269377333482
2030-03-28 05:00:00,0.05102458928360217,0.10485838154862268
2030-03-28 06:00:00,0.06455576787341356,0.10608980617671736
2030-03-28 07:00:00,0.08934399219346663,0.1178800518634859
2030-03-28 08:00:00,0.10360058409697077,0.1359298650902262
2030-03-28 09:00:00,0.10820583803698451,0.14573396102877675
2030-03-28 10:00:00,0.019084642128979562,0.09072170208694424
2030-03-28 11:00:00,0.007855839550396699,0.07862446927628623
2030-03-28 12:00:00,0.017183775366856897,0.08537472769617738
2030-03-28 13:00:00,0.01839368763227285,0.07691072560784985
2030-03-28 14:00:00,0.023767488760495142,0.07513657229960126
2030-03-28 15:00:00,0.07434802361996876,0.07827097986894482
2030-03-28 16:00:00,0.12105545448193464,0.09736336917595559
2030-03-28 17:00:00,0.11215462724609286,0.1304034425491568
2030-03-28 18:00:00,0.11470391249554318,0.13556283364625785
2030-03-28 19:00:00,0.14313840638464437,0.1533314017726751
2030-03-28 20:00:00,0.1815369935646773,0.18378455182255188
2030-03-28 21:00:00,0.2159911199912049,0.22050090403211195
2030-03-28 22:00:00,0.17509967948273092,0.23852406670440934
2030-03-28 23:00:00,0.19136249365420394,0.2837216449147219
2030-03-29 00:00:00,0.20150033116697239,0.32396258934744504
2030-03-29 01:00:00,0.2015810151968578,0.34847815390763137
2030-03-29 02:00:00,0.2004226935231435,0.3344579554012044
2030-03-29 03:00:00,0.23417619658629305,0.36722136020447044
2030-03-29 04:00:00,0.2798812969764345,0.4064436487060084
2030-03-29 05:00:00,0.35185828973706346,0.4620183019176739
2030-03-29 06:00:00,0.42383900892372006,0.5207278169016699
2030-03-29 07:00:00,0.46105264931240136,0.5594181934563325
2030-03-29 08:00:00,0.46823606007897356,0.5524471247031848
2030-03-29 09:00:00,0.4991350220538907,0.5729727508633123
2030-03-29 10:00:00,0.5455539279362445,0.6515918502069127
2030-03-29 11:00:00,0.6891987934156351,0.7641223158076695
2030-03-29 12:00:00,0.7554839396604175,0.7653142085559805
2030-03-29 13:00:00,0.7585118365216871,0.6885844391451077
2030-03-29 14:00:00,0.6031994333923368,0.593644129078458
2030-03-29 15:00:00,0.667132465818829,0.789297218778934
2030-03-29 16:00:00,0.9683562877270013,0.8924174176966289
2030-03-29 17:00:00,0.9974080015811514,0.9971918247404771
2030-03-29 18:00:00,0.9982073099209537,0.9986635134107544
2030-03-29 19:00:00,0.9979605058287347,0.9925832655293355
2030-03-29 20:00:00,0.9882665428502782,0.990038804069277
2030-03-29 21:00:00,0.968536839387802,0.9810578981001973
2030-03-29 22:00:00,0.8795054868961234,0.8957790601608919
2030-03-29 23:00:00,0.8158831010157362,0.9147330605314864
2030-03-30 00:00:00,0.7879361980026054,0.9240025802821772
2030-03-30 01:00:00,0.7497063034209414,0.9097979802019626
2030-03-30 02:00:00,0.6858345674634879,0.8725024431552028
2030-03-30 03:00:00,0.6609879811941889,0.8601704625237353
2030-03-30 04:00:00,0.6868309924140871,0.8486084690038348
2030-03-30 05:00:00,0.744439663835,0.8593983353169523
2030-03-30 06:00:00,0.7564634096037749,0.8451473398356855
2030-03-30 07:00:00,0.7163815208476239,0.7722504026416237
2030-03-30 08:00:00,0.6433077753415595,0.6965029381068835
2030-03-30 09:00:00,0.5207446185643884,0.6190334087167633
2030-03-30 10:00:00,0.21912957317680803,0.32057902977963276
2030-03-30 11:00:00,0.19140098660765276,0.3203071697905343
2030-03-30 12:00:00,0.31993497129827986,0.4754806639406576
2030-03-30 13:00:00,0.4721536494142366,0.5823158059898138
2030-03-30 14:00:00,0.7489368696541461,0.7365353529668595
2030-03-30 15:00:00,0.9560383341700931,0.9971725598488095
2030-03-30 16:00:00,0.9866629158162397,0.999841127201058
2030-03-30 17:00:00,0.9981228648076634,1.0
2030-03-30 18:00:00,0.9736296124824612,1.0
2030-03-30 19:00:00,0.9946517091657033,1.0
2030-03-30 20:00:00,0.9153497382313069,0.9980986356726753
2030-03-30 21:00:00,0.967488034587333,0.9982573302080993
2030-03-30 22:00:00,0.9582145597167512,0.9883857756280958
2030-03-30 23:00:00,0.9770880520108128,0.9976709884531211
2030-03-31 00:00:00,0.9842194570107226,0.9989451673676776
2030-03-31 01:00:00,0.9844734052215386,0.9987500250025206
2030-03-31 02:00:00,0.9853768872220415,0.9983600069213266
2030-03-31 03:00:00,0.986269595758424,0.9983700213051747
2030-03-31 04:00:00,0.9824682466970068,0.9974181168522774
2030-03-31 05:00:00,0.9731033734298111,0.9873453081862757
2030-03-31 06:00:00,0.9215100877466921,0.9702854766076522
2030-03-31 07:00:00,0.8642753971189786,0.9288839941260494
2030-03-31 08:00:00,0.7500730587800534,0.8398989506657055
2030-03-31 09:00:00,0.6358791984640016,0.6855522325183965
2030-03-31 10:00:00,0.0979674775698955,0.21604907209970203
2030-03-31 11:00:00,0.180107723189205,0.3560356164861572
2030-03-31 12:00:00,0.3150226422016072,0.5170217574686039
2030-03-31 13:00:00,0.3509813960843468,0.5454018102016862
2030-03-31 14:00:00,0.5862228114048355,0.5991365139182833
2030-03-31 15:00:00,0.5396146544683329,0.6883408028717556
2030-03-31 16:00:00,0.34324018517822386,0.5198326143853631
2030-03-31 17:00:00,0.47508975190222874,0.5225624926450749
2030-03-31 18:00:00,0.5054065644773035,0.5926800743126007
2030-03-31 19:00:00,0.47579707227102214,0.6179586253681489
2030-03-31 20:00:00,0.45563772992455215,0.5775449730631905
2030-03-31 21:00:00,0.41374749689455936,0.4484103616338375
2030-03-31 22:00:00,0.3699421794765765,0.3842452576450509
2030-03-31 23:00:00,0.4760876826901688,0.5130926862006995
2030-04-01 00:00:00,0.4889266841253656,0.5202862346149948
2030-04-01 01:00:00,0.463038258526316,0.5034104444049601
2030-04-01 02:00:00,0.38015324083007573,0.41709901539150457
2030-04-01 03:00:00,0.34424370952673183,0.34881136801276524
2030-04-01 04:00:00,0.36573200593533317,0.35036861522264207
2030-04-01 05:00:00,0.41163781149788103,0.37778465817263834
2030-04-01 06:00:00,0.4600162124391126,0.40814688177469943
2030-04-01 07:00:00,0.4692673825079239,0.41854834545424213
2030-04-01 08:00:00,0.5417472628794888,0.4556973894764746
2030-04-01 09:00:00,0.576114099752802,0.5140327441094019
2030-04-01 10:00:00,0.3105046354466359,0.29511085207442656
2030-04-01 11:00:00,0.3668261081045612,0.4102186089220083
2030-04-01 12:00:00,0.45286973370314215,0.4773003052391633
2030-04-01 13:00:00,0.46369849790734147,0.4477068578410155
2030-04-01 14:00:00,0.48014006924624186,0.43278277821829525
2030-04-01 15:00:00,0.5182181605977908,0.46039857800425743
2030-04-01 16:00:00,0.8166920695069826,0.5878469423126742
2030-04-01 17:00:00,0.8587217640848375,0.849340975539169
2030-04-01 18:00:00,0.8714627458775204,0.8116397839168558
2030-04-01 19:00:00,0.9106028037784334,0.6270209663929183
2030-04-01 20:00:00,0.970254787530212,0.8753215159946875
2030-04-01 21:00:00,0.9241590916739311,0.930557726208269
2030-04-01 22:00:00,0.8206126735271849,0.7464751123576835
2030-04-01 23:00:00,0.9383729062818678,0.8602870259019646
2030-04-02 00:00:00,0.9862885133027222,0.9719289946431902
2030-04-02 01:00:00,0.9930992104168794,0.9889757397051485
2030-04-02 02:00:00,0.9769496912610798,0.9799136712029544
2030-04-02 03:00:00,0.9677018462913176,0.9694593910308907
2030-04-02 04:00:00,0.961722174993979,0.9307743994776948
2030-04-02 05:00:00,0.9599544533528385,0.9085111381877269
2030-04-02 06:00:00,0.9767964022043095,0.9516362965177884
2030-04-02 07:00:00,0.9784776713161444,0.9459630158500004
2030-04-02 08:00:00,0.98102409678593,0.96882252352991
2030-04-02 09:00:00,0.9764619771469857,0.9624488199341824
2030-04-02 10:00:00,0.940221582785534,0.9340018794402731
2030-04-02 11:00:00,0.9800685992979141,0.9759063814556497
2030-04-02 12:00:00,0.9974821769661768,0.9934992227030458
2030-04-02 13:00:00,0.9995662127141022,0.9981725776565537
2030-04-02 14:00:00,0.9995277423935833,0.9978034788273281
2030-04-02 15:00:00,0.9981060170850523,0.9906955495601217
2030-04-02 16:00:00,0.9851847026108882,0.9879785058323832
2030-04-02 17:00:00,0.9920637699598593,0.9934827505876119
2030-04-02 18:00:00,0.9973934255532803,0.9870861211571754
2030-04-02 19:00:00,0.9985390701743478,0.9909197043664697
2030-04-02 20:00:00,0.9976925689153523,0.9896751186503799
2030-04-02 21:00:00,0.9956213369821584,0.991415177636846
2030-04-02 22:00:00,0.7919127343472123,0.8291465194024765
2030-04-02 23:00:00,0.6839011313489732,0.8838136181297576
2030-04-03 00:00:00,0.5409008739668046,0.8284952248064124
2030-04-03 01:00:00,0.5686010026680143,0.793760231020497
2030-04-03 02:00:00,0.6149768326133374,0.7628392395658866
2030-04-03 03:00:00,0.6517486390575862,0.7821848935552462
2030-04-03 04:00:00,0.529100322873499,0.6142359870528034
2030-04-03 05:00:00,0.34115929170541276,0.36597084989902806
2030-04-03 06:00:00,0.22365273476439707,0.20868429114582357
2030-04-03 07:00:00,0.14810864672971816,0.15301262058212442
2030-04-03 08:00:00,0.11666379192292038,0.13704357608397488
2030-04-03 09:00:00,0.10373478549377799,0.15192531726498856
2030-04-03 10:00:00,0.1591149080711246,0.22385984319055058
2030-04-03 11:00:00,0.17088812027849962,0.22912780051774773
2030-04-03 12:00:00,0.18463524998877565,0.23193298047843897
2030-04-03 13:00:00,0.26180792375817374,0.28283143324155224
2030-04-03 14:00:00,0.45670674933839983,0.4881635272060188
2030-04-03 15:00:00,0.5635669514292712,0.6913339993735614
2030-04-03 16:00:00,0.8024033909553114,0.8731548215667146
2030-04-03 17:00:00,0.9506234018704287,0.9778046639238465
2030-04-03 18:00:00,0.988431498595834,0.9895632378554028
2030-04-03 19:00:00,0.992413075488662,0.9977596986657913
2030-04-03 20:00:00,0.9798963481608761,1.0
2030-04-03 21:00:00,0.9749946950215014,1.0
2030-04-03 22:00:00,0.8861511692156356,1.0
2030-04-03 23:00:00,0.7895872900396901,0.9925390274856698
2030-04-04 00:00:00,0.7856057721259819,0.986495661569673
2030-04-04 01:00:00,0.9026955072689276,0.9984186825358573
2030-04-04 02:00:00,0.8667100081774577,0.9883176749554654
2030-04-04 03:00:00,0.7630581636428218,0.9700604182426756
2030-04-04 04:00:00,0.8349326561355769,0.9798589874898902
2030-04-04 05:00:00,0.9727590619965186,0.996988216151551
2030-04-04 06:00:00,0.9967563927634822,0.9987784096395917
2030-04-04 07:00:00,0.9984974917017718,1.0
2030-04-04 08:00:00,1.0,1.0
2030-04-04 09:00:00,1.0,1.0
2030-04-04 10:00:00,1.0,1.0
2030-04-04 11:00:00,0.9990197219911738,1.0
2030-04-04 12:00:00,0.9973262357221877,1.0
2030-04-04 13:00:00,0.9971287128727421,1.0
2030-04-04 14:00:00,0.997190413106859,1.0
2030-04-04 15:00:00,0.9981085289344662,1.0
2030-04-04 16:00:00,0.9983922262214324,1.0
2030-04-04 17:00:00,0.9970261795849457,1.0
2030-04-04 18:00:00,0.9930383113624613,1.0
2030-04-04 19:00:00,0.9968855422849192,1.0
2030-04-04 20:00:00,0.9960967866380672,1.0
2030-04-04 21:00:00,0.9923589211591175,1.0
2030-04-04 22:00:00,0.9517809723698849,0.9965677338179232
2030-04-04 23:00:00,0.8181635385108033,0.9698062170481592
2030-04-05 00:00:00,0.7416662244918486,0.9016642724554297
2030-04-05 01:00:00,0.800862254309225,0.9052362672276837
2030-04-05 02:00:00,0.81866291639188,0.9234554260860969
2030-04-05 03:00:00,0.8241065276143523,0.9486247140611385
2030-04-05 04:00:00,0.782835243522214,0.9703706879444397
2030-04-05 05:00:00,0.7638010182489237,0.9765731320518056
2030-04-05 06:00:00,0.6902454847623485,0.9675808529128929
2030-04-05 07:00:00,0.687701509291146,0.9470784774089115
2030-04-05 08:00:00,0.6987303728866829,0.944843634035708
2030-04-05 09:00:00,0.7192742006758417,0.9181732384240993
2030-04-05 10:00:00,0.8654511764117941,0.9816392468324101
2030-04-05 11:00:00,0.9128953293369465,0.9948401448090496
2030-04-05 12:00:00,0.9286857294923607,0.9982463186050318
2030-04-05 13:00:00,0.9129367776435112,0.9982239795069456
2030-04-05 14:00:00,0.9686284706370617,0.9995990647823688
2030-04-05 15:00:00,0.9701604515101212,0.999156361178611
2030-04-05 16:00:00,0.9391542578502562,0.9968554845728709
2030-04-05 17:00:00,0.8880308561142736,0.9889518745030627
2030-04-05 18:00:00,0.9119389348531867,0.9905612439864077
2030-04-05 19:00:00,0.9428458364078245,0.9916545368220171
2030-04-05 20:00:00,0.8787417702802006,0.9906491505421439
2030-04-05 21:00:00,0.8226214752323122,0.9931046297118082
2030-04-05 22:00:00,0.7159195627576427,0.9571716287043528
2030-04-05 23:00:00,0.6710330977398751,0.9070493135469923
2030-04-06 00:00:00,0.6022666401211287,0.7954308695253861
2030-04-06 01:00:00,0.5400156593126667,0.6613278313054569
2030-04-06 02:00:00,0.5141912642847407,0.5899226713238286
2030-04-06 03:00:00,0.5476026958170678,0.5935597559010115
2030-04-06 04:00:00,0.5800152478191186,0.6339567389642157
2030-04-06 05:00:00,0.6214768813704085,0.6845055086891565
2030-04-06 06:00:00,0.6196056945078298,0.696526994238383
2030-04-06 07:00:00,0.6421287042723424,0.7498345649534223
2030-04-06 08:00:00,0.6719014821723158,0.8241135820439448
2030-04-06 09:00:00,0.7144126088497287,0.8734825360809627
2030-04-06 10:00:00,0.6479569132364528,0.8980577010884103
2030-04-06 11:00:00,0.8130148686185458,0.9340970789787167
2030-04-06 12:00:00,0.9563072645058663,0.9727855041647885
2030-04-06 13:00:00,0.9874540522120245,0.9814519246973394
2030-04-06 14:00:00,0.9734663995914201,0.9740232873029806
2030-04-06 15:00:00,0.9969018235192877,0.9977821539533868
2030-04-06 16:00:00,1.0,0.998988682890254
2030-04-06 17:00:00,1.0,1.0
2030-04-06 18:00:00,1.0,1.0
2030-04-06 19:00:00,1.0,1.0
2030-04-06 20:00:00,0.998757858197389,1.0
2030-04-06 21:00:00,1.0,1.0
2030-04-06 22:00:00,1.0,1.0
2030-04-06 23:00:00,0.9986305136341203,1.0
2030-04-07 00:00:00,0.9452026605656633,0.9975958568429343
2030-04-07 01:00:00,0.669033688247596,0.9741357688209992
2030-04-07 02:00:00,0.49317010925549726,0.8679947252664515
2030-04-07 03:00:00,0.39414305989157195,0.6955909396506105
2030-04-07 04:00:00,0.3045346676556492,0.47152867590280223
2030-04-07 05:00:00,0.2938023247337238,0.3898851800010238
2030-04-07 06:00:00,0.3391297552482909,0.41213380045228587
2030-04-07 07:00:00,0.3863252293012259,0.41726806362042945
2030-04-07 08:00:00,0.3493376315054703,0.364046878593556
2030-04-07 09:00:00,0.31760437946723924,0.317477606110376
2030-04-07 10:00:00,0.3157965969985556,0.3774646551702434
2030-04-07 11:00:00,0.29885886849058785,0.417647089156713
2030-04-07 12:00:00,0.28573557206250466,0.429189683222149
2030-04-07 13:00:00,0.28096832979229647,0.39864992003866995
2030-04-07 14:00:00,0.30899467136415537,0.3653970483634779
2030-04-07 15:00:00,0.4041107586040534,0.43514700056676126
2030-04-07 16:00:00,0.6854416978679129,0.6784031940264621
2030-04-07 17:00:00,0.8424449450422699,0.7520036118607477
2030-04-07 18:00:00,0.8458799726055798,0.7785990881692063
2030-04-07 19:00:00,0.8263195715113698,0.7525176049030302
2030-04-07 20:00:00,0.9712497954428648,0.9238838751498208
2030-04-07 21:00:00,0.9987013502191011,0.9971471129441588
2030-04-07 22:00:00,0.9968396842737715,0.9902219377339503
2030-04-07 23:00:00,0.9984984028780207,0.9962990022222803
2030-04-08 00:00:00,0.9989809167112368,0.9974851764828429
2030-04-08 01:00:00,0.9976611634747956,0.9932794400856194
2030-04-08 02:00:00,0.9932377057615054,0.9683482692936325
2030-04-08 03:00:00,0.9880384732063645,0.8905997223953671
2030-04-08 04:00:00,0.9825723281674605,0.7736401619302328
2030-04-08 05:00:00,0.9763100155561474,0.6569487972241423
2030-04-08 06:00:00,0.9628732840821,0.5238220179869502
2030-04-08 07:00:00,0.91190083927884,0.41786190219064734
2030-04-08 08:00:00,0.8153500546663187,0.3512634044557097
2030-04-08 09:00:00,0.6375812904091223,0.37504352131814767
2030-04-08 10:00:00,0.35261278471929336,0.3266528097644074
2030-04-08 11:00:00,0.42044068309616106,0.34437932057314835
2030-04-08 12:00:00,0.44222950829154817,0.2325523906961705
2030-04-08 13:00:00,0.45764751873184056,0.15059131827298758
2030-04-08 14:00:00,0.41295539654913604,0.09748846255143354
2030-04-08 15:00:00,0.32519838985342925,0.07018000365659502
2030-04-08 16:00:00,0.3533016497799552,0.09471302171087113
2030-04-08 17:00:00,0.4188389117792472,0.16151174564913023
2030-04-08 18:00:00,0.5015764672465223,0.2465079890806745
2030-04-08 19:00:00,0.5769412083192219,0.299593193607252
2030-04-08 20:00:00,0.594610748251669,0.28747872352914683
2030-04-08 21:00:00,0.733798706161978,0.3404777998689972
2030-04-08 22:00:00,0.47393679494016394,0.16486355855046028
2030-04-08 23:00:00,0.5508577919296404,0.21023212483067888
2030-04-09 00:00:00,0.5710723736869068,0.2351339503768763
2030-04-09 01:00:00,0.5898239507246107,0.2865727561901607
2030-04-09 02:00:00,0.5588703189572292,0.29917367148786306
2030-04-09 03:00:00,0.47853449222626204,0.27702365876376395
2030-04-09 04:00:00,0.36712845099904223,0.22854135934091402
2030-04-09 05:00:00,0.24170200139661258,0.14113866751763837
2030-04-09 06:00:00,0.15833117828649734,0.07555602308674791
2030-04-09 07:00:00,0.07942207499054194,0.0014143580763741482
2030-04-09 08:00:00,0.02372010492600609,0.0
2030-04-09 09:00:00,0.0013591985982463483,0.00039634986073870427
2030-04-09 10:00:00,0.06810102016418337,0.04402574779085484
2030-04-09 11:00:00,0.0807012551798038,0.0502141517680648
2030-04-09 12:00:00,0.1537201046585542,0.11301930340765126
2030-04-09 13:00:00,0.24184139955866557,0.2250579645599811
2030-04-09 14:00:00,0.15872751787321854,0.1524161810500544
2030-04-09 15:00:00,0.08477753949219385,0.09996703545001649
2030-04-09 16:00:00,0.06056701717600136,0.06421249775766028
2030-04-09 17:00:00,0.050940640503840263,0.037405985112270786
2030-04-09 18:00:00,0.08408409771700608,0.05135258400604476
2030-04-09 19:00:00,0.09840875882772253,0.05864786279330429
2030-04-09 20:00:00,0.31926151173359213,0.11981887769887305
2030-04-09 21:00:00,0.8945821860749124,0.5116532925495838
2030-04-09 22:00:00,0.7756681677484789,0.5270145114079987
2030-04-09 23:00:00,0.8479794270970941,0.8597525855744246
2030-04-10 00:00:00,0.9746709109723175,0.988600458793809
2030-04-10 01:00:00,0.9968340068766062,0.9907363840641672
2030-04-10 02:00:00,0.998072811159215,0.9911724592038738
2030-04-10 03:00:00,0.9977629597680105,0.9916055353960114
2030-04-10 04:00:00,0.9971534321398332,0.9829141499631577
2030-04-10 05:00:00,0.9979003370991759,0.993718099396873
2030-04-10 06:00:00,1.0,0.9991076652155773
2030-04-10 07:00:00,1.0,1.0
2030-04-10 08:00:00,1.0,1.0
2030-04-10 09:00:00,1.0,1.0
2030-04-10 10:00:00,1.0,1.0
2030-04-10 11:00:00,1.0,1.0
2030-04-10 12:00:00,1.0,1.0
2030-04-10 13:00:00,1.0,1.0
2030-04-10 14:00:00,0.9844910983590129,0.998973345996702
2030-04-10 15:00:00,0.7414798772989387,0.9128997889706084
2030-04-10 16:00:00,0.5261921376499361,0.7729902820165281
2030-04-10 17:00:00,0.47109386455416563,0.6539292897266938
2030-04-10 18:00:00,0.41218351224604843,0.6564000800066631
2030-04-10 19:00:00,0.3613838982409164,0.5482801080728676
2030-04-10 20:00:00,0.33219410715239855,0.4992002223712376
2030-04-10 21:00:00,0.26428112152405914,0.3890894030640344
2030-04-10 22:00:00,0.2642277332525266,0.3975998233187007
2030-04-10 23:00:00,0.25518476450697225,0.364206095101174
2030-04-11 00:00:00,0.2565153289231683,0.34048996174547663
2030-04-11 01:00:00,0.3596404185204555,0.43553839774771286
2030-04-11 02:00:00,0.5360244833367876,0.6112042110528083
2030-04-11 03:00:00,0.6693204442386635,0.7374734087219372
2030-04-11 04:00:00,0.6912920461695006,0.7712379489435213
2030-04-11 05:00:00,0.7139516251418643,0.7627213032914719
2030-04-11 06:00:00,0.7348349718250025,0.7747040858682785
2030-04-11 07:00:00,0.7514231189116582,0.8023131015253425
2030-04-11 08:00:00,0.7779290693525008,0.8519265822801502
2030-04-11 09:00:00,0.8410829733694493,0.8715070395245585
2030-04-11 10:00:00,0.6134734411857717,0.7256834591587326
2030-04-11 11:00:00,0.7247022604405036,0.8378580741776799
2030-04-11 12:00:00,0.7652402247831523,0.878652134857628
2030-04-11 13:00:00,0.8855131055109247,0.9676944156717733
2030-04-11 14:00:00,0.8659066746113917,0.9905526155160123
2030-04-11 15:00:00,0.720432150513904,0.9791067490809172
2030-04-11 16:00:00,0.7448876968514662,0.9058115458483003
2030-04-11 17:00:00,0.7659136217612778,0.90029606142362
2030-04-11 18:00:00,0.683670646614848,0.9201816087596028
2030-04-11 19:00:00,0.6233556754846139,0.8659403560976808
2030-04-11 20:00:00,0.5804821657356373,0.8929168030664605
2030-04-11 21:00:00,0.3542821216133982,0.6384890080913603
2030-04-11 22:00:00,0.24743786365031134,0.38132162594303654
2030-04-11 23:00:00,0.2067538813632657,0.3860041777246742
2030-04-12 00:00:00,0.17031404191760846,0.32270831073277306
2030-04-12 01:00:00,0.14333071241879308,0.2703218676130697
2030-04-12 02:00:00,0.1802546136630072,0.2930179932508818
2030-04-12 03:00:00,0.2780036456942676,0.3496748363342975
2030-04-12 04:00:00,0.2613232817258443,0.32144865402380074
2030-04-12 05:00:00,0.19543836398308984,0.26346557928030934
2030-04-12 06:00:00,0.1287954330842766,0.21255741352191823
2030-04-12 07:00:00,0.09802861054685319,0.181397899161897
2030-04-12 08:00:00,0.1471098479101611,0.23608100224969156
2030-04-12 09:00:00,0.2467515642617894,0.3447824526405276
2030-04-12 10:00:00,0.21061594081419172,0.27664461798865836
2030-04-12 11:00:00,0.34889130603996793,0.4417869103470864
2030-04-12 12:00:00,0.5107816785731061,0.6584638540654923
2030-04-12 13:00:00,0.6657131100362522,0.8611774498235689
2030-04-12 14:00:00,0.7627084823633663,0.900793898791719
2030-04-12 15:00:00,0.7837289204968182,0.9967692373537107
2030-04-12 16:00:00,0.7013822055239893,0.9832495703852326
2030-04-12 17:00:00,0.8220989250271074,0.9888007813193211
2030-04-12 18:00:00,0.9117185108762,0.9972282699766503
2030-04-12 19:00:00,0.794302007925461,0.9984278663740442
2030-04-12 20:00:00,0.7281585189433996,0.9755546592313076
2030-04-12 21:00:00,0.957608398555164,0.9928736544250694
2030-04-12 22:00:00,0.8740556359571943,0.9692826235086791
2030-04-12 23:00:00,0.9790811546926383,0.9975174382640762
2030-04-13 00:00:00,0.9968627525108226,1.0
2030-04-13 01:00:00,0.9969807982975613,1.0
2030-04-13 02:00:00,0.9961352005761418,1.0
2030-04-13 03:00:00,0.9898468152816995,1.0
2030-04-13 04:00:00,0.9923079504261446,1.0
2030-04-13 05:00:00,0.9968949940393222,1.0
2030-04-13 06:00:00,0.9968437647771865,1.0
2030-04-13 07:00:00,0.9850728342047183,0.9989602625203966
2030-04-13 08:00:00,0.973746753474149,0.9969870290518397
2030-04-13 09:00:00,0.9696006064297501,0.9910328966110571
2030-04-13 10:00:00,0.9968977244785852,0.9996693306794029
2030-04-13 11:00:00,0.9992926136565377,1.0
2030-04-13 12:00:00,0.998139522254609,1.0
2030-04-13 13:00:00,0.9925453398267012,0.9973340945884421
2030-04-13 14:00:00,0.9974628186812675,0.9973625220223259
2030-04-13 15:00:00,0.9996818493148296,1.0
2030-04-13 16:00:00,0.9989145086650084,1.0
2030-04-13 17:00:00,0.9985977575877564,1.0
2030-04-13 18:00:00,0.9973321433064215,1.0
2030-04-13 19:00:00,0.9776095168010182,0.9997237370253214
2030-04-13 20:00:00,0.9697297814563629,0.9975777999338724
2030-04-13 21:00:00,0.9389829213757825,0.9974257184592867
2030-04-13 22:00:00,0.7308282387101629,0.9443469138791074
2030-04-13 23:00:00,0.7478729533507514,0.9168889708430212
2030-04-14 00:00:00,0.7648031944055778,0.891604184058121
2030-04-14 01:00:00,0.7459098955394056,0.8711050924009038
2030-04-14 02:00:00,0.7044768325974725,0.8489454610991543
2030-04-14 03:00:00,0.7398462343518964,0.8650640284826608
2030-04-14 04:00:00,0.7984980358695589,0.9020332009873725
2030-04-14 05:00:00,0.7973213999422595,0.8954093021855288
2030-04-14 06:00:00,0.7606590164969876,0.8015139316992905
2030-04-14 07:00:00,0.7242742228973682,0.7186689737640044
2030-04-14 08:00:00,0.6688976196951423,0.6609798868658318
2030-04-14 09:00:00,0.6066790042022507,0.5960865292690488
2030-04-14 10:00:00,0.43699076468536635,0.5592257078278517
2030-04-14 11:00:00,0.6933656632785207,0.7849148562369612
2030-04-14 12:00:00,0.8428230567426909,0.874436782710354
2030-04-14 13:00:00,0.801138758519433,0.8529895627419881
2030-04-14 14:00:00,0.5415474876318724,0.6686910217701905
2030-04-14 15:00:00,0.8538561109634449,0.9004809583999396
2030-04-14 16:00:00,0.8259555742168836,0.8888006603478563
2030-04-14 17:00:00,0.8325452793552114,0.8562615688285812
2030-04-14 18:00:00,0.7672035229650408,0.683215233870601
2030-04-14 19:00:00,0.6618720936543644,0.6582429790594593
2030-04-14 20:00:00,0.46484513055381754,0.5938189810450363
2030-04-14 21:00:00,0.5502670998629746,0.6449963089620101
2030-04-14 22:00:00,0.35370854655431766,0.4167024057801529
2030-04-14 23:00:00,0.3531873849483578,0.383884128722507
2030-04-15 00:00:00,0.36976841658690657,0.35787162719485344
2030-04-15 01:00:00,0.361604428913357,0.3065703500311697
2030-04-15 02:00:00,0.3540469854699508,0.2507173989928313
2030-04-15 03:00:00,0.35842515554638205,0.23176062358041116
2030-04-15 04:00:00,0.35580214655617304,0.23907122233110678
2030-04-15 05:00:00,0.32803087202772174,0.22008448748575787
2030-04-15 06:00:00,0.2946038202409989,0.17451706399519776
2030-04-15 07:00:00,0.22209875791254435,0.1168332049916743
2030-04-15 08:00:00,0.14450163336240093,0.0628825968615439
2030-04-15 09:00:00,0.09535335174142899,0.038724176837179075
2030-04-15 10:00:00,0.06802072301689521,0.03534936077796424
2030-04-15 11:00:00,0.04658755901530884,0.025230547557380113
2030-04-15 12:00:00,0.025763568503877576,0.011563643384662977
2030-04-15 13:00:00,0.0012309016489257271,0.0012650371552904267
2030-04-15 14:00:00,6.130435942904268e-05,0.0
2030-04-15 15:00:00,0.0,0.0
2030-04-15 16:00:00,0.0,5.032524278168105e-05
2030-04-15 17:00:00,0.0,0.0005851898473328562
2030-04-15 18:00:00,0.00036213993309802065,0.0010134382430846195
2030-04-15 19:00:00,0.000635548609364007,0.0010734227826029806
2030-04-15 20:00:00,0.0007928816593205033,0.0013677188902530416
2030-04-15 21:00:00,0.0007749944500067093,0.004393375501510015
2030-04-15 22:00:00,0.0,0.0007220819129115021
2030-04-15 23:00:00,0.0,0.001099920702314823
2030-04-16 00:00:00,0.0006354055579622377,0.014134722542168562
2030-04-16 01:00:00,0.00983694621261576,0.05481001794216701
2030-04-16 02:00:00,0.0326988410372581,0.08480619806998187
2030-04-16 03:00:00,0.038937842938764886,0.09113192071838766
2030-04-16 04:00:00,0.04928680444630723,0.1017294210480091
2030-04-16 05:00:00,0.06490639376012625,0.12906393132535554
2030-04-16 06:00:00,0.07000562862640004,0.13282632615821982
2030-04-16 07:00:00,0.06353588631051997,0.13057744493088225
2030-04-16 08:00:00,0.05840188444353897,0.1404450183170169
2030-04-16 09:00:00,0.049572557214098124,0.15136653162638142
2030-04-16 10:00:00,0.00036019986898411786,0.04528303867629981
2030-04-16 11:00:00,0.0008101007772061327,0.05700946263333933
2030-04-16 12:00:00,0.0008757609935167986,0.07695349251660584
2030-04-16 13:00:00,0.0007969060022029549,0.0524272269037202
2030-04-16 14:00:00,0.0012925457562726467,0.04888632964890136
2030-04-16 15:00:00,0.024749556719474448,0.16403299505266256
2030-04-16 16:00:00,0.0696350517973997,0.3526400804558764
2030-04-16 17:00:00,0.0722718104185979,0.3757051611097147
2030-04-16 18:00:00,0.12610980302184668,0.38884910142049717
2030-04-16 19:00:00,0.16185819490228048,0.4001513799986634
2030-04-16 20:00:00,0.20231076782863208,0.4962695253292467
2030-04-16 21:00:00,0.2413429139026066,0.5520019919829771
2030-04-16 22:00:00,0.11538121095922484,0.42322785439791943
2030-04-16 23:00:00,0.17031358254655687,0.4960075270198498
2030-04-17 00:00:00,0.1535739410611014,0.3375149064060361
2030-04-17 01:00:00,0.2704350173867881,0.28204317042206695
2030-04-17 02:00:00,0.9487942517211272,0.9989341660757671
2030-04-17 03:00:00,0.9793926300102042,1.0
2030-04-17 04:00:00,0.9473588942698034,0.9993173956714914
2030-04-17 05:00:00,0.7941409280667293,0.9698434506651803
2030-04-17 06:00:00,0.5075820941780456,0.6192573626183897
2030-04-17 07:00:00,0.31078301311998024,0.3466364831541273
2030-04-17 08:00:00,0.1934953677309853,0.18491325353378243
2030-04-17 09:00:00,0.13986624261985292,0.09013000190769112
2030-04-17 10:00:00,0.11297427839205812,0.05453802757842848
2030-04-17 11:00:00,0.15259344422655619,0.10153510416454373
2030-04-17 12:00:00,0.269228976293442,0.19309090418371114
2030-04-17 13:00:00,0.3528313299045129,0.4351986076913461
2030-04-17 14:00:00,0.43832959973628494,0.4924500988515739
2030-04-17 15:00:00,0.345446002554979,0.3501496703704433
2030-04-17 16:00:00,0.26466216820269484,0.35923728030330915
2030-04-17 17:00:00,0.27359592219470186,0.43273427058249736
2030-04-17 18:00:00,0.24604064220069313,0.41308090925720886
2030-04-17 19:00:00,0.18779547401662236,0.21711908074603442
2030-04-17 20:00:00,0.3091192308515727,0.13743346389248426
2030-04-17 21:00:00,0.5124806625018226,0.27233029333866
2030-04-17 22:00:00,0.7793867182216078,0.4869678763949131
2030-04-17 23:00:00,0.8138966658716178,0.5120759694116472
2030-04-18 00:00:00,0.8848359805758617,0.6090103728156706
2030-04-18 01:00:00,0.9620905249267728,0.7714190373161269
2030-04-18 02:00:00,0.9833150747948094,0.9369079629440491
2030-04-18 03:00:00,0.9972866110846713,0.9968051943945765
2030-04-18 04:00:00,0.9977771785956894,0.9989823769859124
2030-04-18 05:00:00,0.9966319715085987,1.0
2030-04-18 06:00:00,0.9826013060961092,0.9986112999565285
2030-04-18 07:00:00,0.9721875102317329,0.9925952324516107
2030-04-18 08:00:00,0.9785299584229216,0.9826765026868686
2030-04-18 09:00:00,0.9829077461695375,0.9676382208588858
2030-04-18 10:00:00,0.9680841229758348,0.8644262792267831
2030-04-18 11:00:00,0.9459353579185539,0.8416500721117051
2030-04-18 12:00:00,0.8413144162132626,0.7565163250341834
2030-04-18 13:00:00,0.7524539170558259,0.8227407272160265
2030-04-18 14:00:00,0.6987455761433039,0.8092666567011783
2030-04-18 15:00:00,0.6986304853087438,0.7146588103380157
2030-04-18 16:00:00,0.5308183888916964,0.3970827860045157
2030-04-18 17:00:00,0.49832781131339704,0.45284842564307676
2030-04-18 18:00:00,0.8630603128474464,0.8177998503155008
2030-04-18 19:00:00,0.9853837564292435,0.8764628782660153
2030-04-18 20:00:00,0.8873929363513902,0.6747454333286514
2030-04-18 21:00:00,0.8801541690915868,0.6958817074604113
2030-04-18 22:00:00,0.5636075770660391,0.42660861459324506
2030-04-18 23:00:00,0.5487857632306222,0.4896558887360839
2030-04-19 00:00:00,0.5020532305631652,0.5466792114146811
2030-04-19 01:00:00,0.4519495358176521,0.5987211447158318
2030-04-19 02:00:00,0.44357415142624057,0.6529593031689161
2030-04-19 03:00:00,0.4589188299871577,0.6294947659540018
2030-04-19 04:00:00,0.5572584298085548,0.6370048810347257
2030-04-19 05:00:00,0.7053597134815615,0.7558029372856067
2030-04-19 06:00:00,0.8510618494630218,0.8894926059196306
2030-04-19 07:00:00,0.9290736278057049,0.9747295498824986
2030-04-19 08:00:00,0.9677115954684296,0.9947521387174142
2030-04-19 09:00:00,0.9615920910657367,0.9975281553675265
2030-04-19 10:00:00,0.6601063294880855,0.8187627785780398
2030-04-19 11:00:00,0.961906889967022,0.9839369503203824
2030-04-19 12:00:00,1.0,1.0
2030-04-19 13:00:00,1.0,1.0
2030-04-19 14:00:00,1.0,1.0
2030-04-19 15:00:00,1.0,1.0
2030-04-19 16:00:00,1.0,1.0
2030-04-19 17:00:00,1.0,1.0
2030-04-19 18:00:00,1.0,1.0
2030-04-19 19:00:00,1.0,1.0
2030-04-19 20:00:00,0.997834220375305,1.0
2030-04-19 21:00:00,0.997723059131835,1.0
2030-04-19 22:00:00,0.968083866215367,0.9997495803912243
2030-04-19 23:00:00,0.9276629759579231,0.9996974951977182
2030-04-20 00:00:00,0.8713076266820127,0.9969286476505732
2030-04-20 01:00:00,0.8683873242948321,0.9967746000728336
2030-04-20 02:00:00,0.8766146976180097,0.9970017486220526
2030-04-20 03:00:00,0.8624597061615573,0.9969082059614703
2030-04-20 04:00:00,0.8473199731471082,0.9925763784655438
2030-04-20 05:00:00,0.8400671107633635,0.9835529200608345
2030-04-20 06:00:00,0.8510298364238439,0.9781812872309653
2030-04-20 07:00:00,0.8781077821143476,0.9858292333135625
2030-04-20 08:00:00,0.9096937561513628,0.996960708407235
2030-04-20 09:00:00,0.9255511175783173,0.9975715499852917
2030-04-20 10:00:00,0.9893337676733441,1.0
2030-04-20 11:00:00,0.9978878652762855,1.0
2030-04-20 12:00:00,0.9981839975909195,1.0
2030-04-20 13:00:00,0.997533729154803,1.0
2030-04-20 14:00:00,0.9890730553863901,1.0
2030-04-20 15:00:00,1.0,1.0
2030-04-20 16:00:00,1.0,1.0
2030-04-20 17:00:00,1.0,1.0
2030-04-20 18:00:00,1.0,1.0
2030-04-20 19:00:00,1.0,1.0
2030-04-20 20:00:00,1.0,1.0
2030-04-20 21:00:00,1.0,1.0
2030-04-20 22:00:00,0.9987172474887183,1.0
2030-04-20 23:00:00,0.9983420026502401,1.0
2030-04-21 00:00:00,0.9971849267534266,1.0
2030-04-21 01:00:00,0.990751123055762,1.0
2030-04-21 02:00:00,0.9838878581949126,0.9985718857044793
2030-04-21 03:00:00,0.9781738110096633,0.9973976950668093
2030-04-21 04:00:00,0.969003802755041,0.9920863140719809
2030-04-21 05:00:00,0.9639688231703484,0.9813294313770622
2030-04-21 06:00:00,0.9699971790789196,0.978819277663976
2030-04-21 07:00:00,0.9740430809759464,0.9813340413839836
2030-04-21 08:00:00,0.9768927664651768,0.9807158706322766
2030-04-21 09:00:00,0.9709044746695981,0.9712932017157105
2030-04-21 10:00:00,0.8462330781289318,0.9169618510454919
2030-04-21 11:00:00,0.8541005463900909,0.9267062566339731
2030-04-21 12:00:00,0.8372699541523324,0.9323562331291864
2030-04-21 13:00:00,0.7902742157076768,0.9054782046323506
2030-04-21 14:00:00,0.5984510662393755,0.8666912383565292
2030-04-21 15:00:00,0.9561537747025272,0.996989345450409
2030-04-21 16:00:00,0.954838588307891,0.9975099265103227
2030-04-21 17:00:00,0.9639976627880538,0.9984604829096031
2030-04-21 18:00:00,0.9646662476858101,0.9986465433471529
2030-04-21 19:00:00,0.9900853740716121,1.0
2030-04-21 20:00:00,0.9856075894318101,1.0
2030-04-21 21:00:00,0.99915317274324,1.0
2030-04-21 22:00:00,0.9973633860481259,1.0
2030-04-21 23:00:00,0.9985760227695993,1.0
2030-04-22 00:00:00,0.9991141111267033,1.0
2030-04-22 01:00:00,0.9985470890807954,1.0
2030-04-22 02:00:00,0.9893298150387818,1.0
2030-04-22 03:00:00,0.9626155983260267,0.9987221214578524
2030-04-22 04:00:00,0.8606097278453216,0.9868083778033402
2030-04-22 05:00:00,0.7313360185058304,0.9631109290542669
2030-04-22 06:00:00,0.5904808122492035,0.8871009037357543
2030-04-22 07:00:00,0.43075205165441965,0.7727725784451851
2030-04-22 08:00:00,0.35006482976185727,0.6822276408315847
2030-04-22 09:00:00,0.3386220074734772,0.6197709565294548
2030-04-22 10:00:00,0.3730482512530322,0.7187776540065973
2030-04-22 11:00:00,0.41496804050698327,0.7596301019821083
2030-04-22 12:00:00,0.35935973289693174,0.651084743332602
2030-04-22 13:00:00,0.2843701388148595,0.5470213289982667
2030-04-22 14:00:00,0.1739585900418514,0.4077403914857328
2030-04-22 15:00:00,0.17463091321630633,0.3905514720455996
2030-04-22 16:00:00,0.1641913703260336,0.3255863700308769
2030-04-22 17:00:00,0.16292481085862448,0.2707395496782855
2030-04-22 18:00:00,0.15129716376376412,0.22414482184044549
2030-04-22 19:00:00,0.10560455595394558,0.12395633722451856
2030-04-22 20:00:00,0.04375954344681598,0.05509951825950993
2030-04-22 21:00:00,0.0012885791850202719,0.001331509079123246
2030-04-22 22:00:00,0.0,0.0
2030-04-22 23:00:00,0.0,0.0
2030-04-23 00:00:00,0.00031495428482033636,0.0002293766859084739
2030-04-23 01:00:00,0.0012781288916994464,0.001329634315071281
2030-04-23 02:00:00,0.022976385198426923,0.023532711573694926
2030-04-23 03:00:00,0.05005952713926678,0.046948802932431026
2030-04-23 04:00:00,0.07398617603388485,0.05996867031406199
2030-04-23 05:00:00,0.0840898860534719,0.05427883334959515
2030-04-23 06:00:00,0.08549213474215864,0.04341241662552219
2030-04-23 07:00:00,0.08628019055494661,0.045586340522319885
2030-04-23 08:00:00,0.08964251522809319,0.0567051177206038
2030-04-23 09:00:00,0.08779609738187596,0.06516404877713627
2030-04-23 10:00:00,0.12363473325864975,0.12608654417050452
2030-04-23 11:00:00,0.10252668631764597,0.12037587887925026
2030-04-23 12:00:00,0.10502262231287011,0.12484231634181686
2030-04-23 13:00:00,0.11879169953230026,0.15379365944650708
2030-04-23 14:00:00,0.1488172342065938,0.18430345086211633
2030-04-23 15:00:00,0.1979442269354181,0.24567598490635426
2030-04-23 16:00:00,0.22771785013531282,0.2975981408763447
2030-04-23 17:00:00,0.23612605372587675,0.29097252324592787
2030-04-23 18:00:00,0.24911102669933366,0.3276211009214893
2030-04-23 19:00:00,0.2689052963911714,0.3853156578522718
2030-04-23 20:00:00,0.20184041331373517,0.36181865043076356
2030-04-23 21:00:00,0.24314600991803992,0.3712935061564963
2030-04-23 22:00:00,0.26110354661190255,0.3559575548240319
2030-04-23 23:00:00,0.265321370058474,0.37103297816276365
2030-04-24 00:00:00,0.26310118604414057,0.3741649737483975
2030-04-24 01:00:00,0.260522376948428,0.36295335906127973
2030-04-24 02:00:00,0.26587671341415553,0.3656584625121682
2030-04-24 03:00:00,0.27097236453844226,0.35540940557573425
2030-04-24 04:00:00,0.2738587994010553,0.3427304640610201
2030-04-24 05:00:00,0.26225332981043326,0.318575271394499
2030-04-24 06:00:00,0.27146097625642635,0.3473670894827537
2030-04-24 07:00:00,0.2646906725611782,0.36000996343037606
2030-04-24 08:00:00,0.2703785291536058,0.37659126201309456
2030-04-24 09:00:00,0.28324245164538836,0.3908237483122802
2030-04-24 10:00:00,0.3248161175239698,0.3464002533184183
2030-04-24 11:00:00,0.3229992618190055,0.30920670093439956
2030-04-24 12:00:00,0.33980524546140106,0.3457159984899694
2030-04-24 13:00:00,0.33803035286472766,0.35921905940887894
2030-04-24 14:00:00,0.3463639540064193,0.42449549884975135
2030-04-24 15:00:00,0.5577309847668678,0.5632751194087927
2030-04-24 16:00:00,0.5175421322325222,0.5754856714412312
2030-04-24 17:00:00,0.4690314278400099,0.5017883175044392
2030-04-24 18:00:00,0.47327314507918616,0.5028482619211335
2030-04-24 19:00:00,0.5116444620464714,0.5569030204992392
2030-04-24 20:00:00,0.5054473717294496,0.5863976581535945
2030-04-24 21:00:00,0.44175753000933116,0.5539313376517541
2030-04-24 22:00:00,0.3377636149396567,0.44345671999032893
2030-04-24 23:00:00,0.24378762732602205,0.32139073982634925
2030-04-25 00:00:00,0.1656115080771125,0.17709231150389682
2030-04-25 01:00:00,0.12651212504659343,0.10030754951105877
2030-04-25 02:00:00,0.08610808049730889,0.06715982914334878
2030-04-25 03:00:00,0.04333036999022963,0.06297507751015417
2030-04-25 04:00:00,0.002169285721650184,0.08536511418182795
2030-04-25 05:00:00,0.005694541087505493,0.129986139431994
2030-04-25 06:00:00,0.060327671911615685,0.17344259590672517
2030-04-25 07:00:00,0.10594564087398857,0.1882407554172465
2030-04-25 08:00:00,0.11041910431015246,0.15647440969071638
2030-04-25 09:00:00,0.08415497005095632,0.12275538926068078
2030-04-25 10:00:00,0.05299590723468572,0.06926022380747274
2030-04-25 11:00:00,0.04422851422095364,0.05987241081644651
2030-04-25 12:00:00,0.0627499818195277,0.08528427375923739
2030-04-25 13:00:00,0.09938555265876747,0.14434145862547676
2030-04-25 14:00:00,0.1687541727517791,0.21577476188264255
2030-04-25 15:00:00,0.2132369004354545,0.28198741037786484
2030-04-25 16:00:00,0.2405120054848696,0.3090705808021398
2030-04-25 17:00:00,0.2809963071553952,0.35009193170942554
2030-04-25 18:00:00,0.24585130190187032,0.2714505472713604
2030-04-25 19:00:00,0.2767836037011461,0.27668017175274384
2030-04-25 20:00:00,0.22925305921231626,0.28096170277669313
2030-04-25 21:00:00,0.18017526365889736,0.18282796658598188
2030-04-25 22:00:00,0.17328836999204517,0.197653357207572
2030-04-25 23:00:00,0.15039776085965428,0.20252382286233098
2030-04-26 00:00:00,0.14434522230243868,0.16740416822276516
2030-04-26 01:00:00,0.21462759285590938,0.2395618461421728
2030-04-26 02:00:00,0.19415502422164216,0.31040983909693376
2030-04-26 03:00:00,0.09411968584692858,0.20315147384673243
2030-04-26 04:00:00,0.05689097871956577,0.10247399941273774
2030-04-26 05:00:00,0.020570355715138714,0.0635249596767823
2030-04-26 06:00:00,0.0007694959848826876,0.024509057095070622
2030-04-26 07:00:00,1.9183697523051988e-06,0.0012793545280707333
2030-04-26 08:00:00,0.0,0.0007397296158360969
2030-04-26 09:00:00,9.509805505602589e-05,0.0007467060970318611
2030-04-26 10:00:00,0.0009639923348226957,0.006495348746752037
2030-04-26 11:00:00,0.0013058946014307315,0.02431831960883962
2030-04-26 12:00:00,0.001027528597994662,0.023829613248860137
2030-04-26 13:00:00,0.0005280325739312957,0.010536040013140393
2030-04-26 14:00:00,0.0005715638999277798,0.008174780578316419
2030-04-26 15:00:00,3.923803862966836e-05,0.0013166335435309481
2030-04-26 16:00:00,0.0,0.0012261707358243873
2030-04-26 17:00:00,0.0003361196918656004,0.00164715978286656
2030-04-26 18:00:00,0.0006533487652994766,0.01579764523214591
2030-04-26 19:00:00,0.0014508333693766988,0.025788903110402786
2030-04-26 20:00:00,0.0010381637107872367,0.02311027079398622
2030-04-26 21:00:00,0.0008247013745403631,0.01682789581784527
2030-04-26 22:00:00,0.00043905429814475446,0.0013983744987787652
2030-04-26 23:00:00,0.0,0.0012615164770848908
2030-04-27 00:00:00,8.406723682948879e-05,0.002813767590725076
2030-04-27 01:00:00,0.0005454477597237737,0.013161253043859678
2030-04-27 02:00:00,0.0006121928057290363,0.017796352147642917
2030-04-27 03:00:00,0.0004361786851574611,0.004989538296433442
2030-04-27 04:00:00,5.523119686250832e-05,0.0010404454586376757
2030-04-27 05:00:00,0.0,0.0004727144358894118
2030-04-27 06:00:00,0.0,0.0001548679449721224
2030-04-27 07:00:00,0.0,0.0
2030-04-27 08:00:00,0.0,0.0
2030-04-27 09:00:00,0.0,0.0
2030-04-27 10:00:00,0.001039258861822175,0.0011094970383427785
2030-04-27 11:00:00,0.0005444942821053027,0.0007714745162670386
2030-04-27 12:00:00,0.0,0.0
2030-04-27 13:00:00,0.0,0.0
2030-04-27 14:00:00,0.0,0.0
2030-04-27 15:00:00,0.00023284309055625062,8.803091706483223e-06
2030-04-27 16:00:00,0.0,0.00010836730507222231
2030-04-27 17:00:00,0.0,0.00020278342335868958
2030-04-27 18:00:00,0.00042401130609623307,0.0008192058206570612
2030-04-27 19:00:00,0.0015922297350704647,0.011019221725873631
2030-04-27 20:00:00,0.00980134694553434,0.016137463390109866
2030-04-27 21:00:00,0.059403356457842685,0.05893922236144001
2030-04-27 22:00:00,0.0741758360840136,0.09012831005184846
2030-04-27 23:00:00,0.08590502963898014,0.13901551041464263
2030-04-28 00:00:00,0.06818256908029685,0.12367471657772518
2030-04-28 01:00:00,0.06212332247005152,0.10791958613294604
2030-04-28 02:00:00,0.055201682462755954,0.09910460765173502
2030-04-28 03:00:00,0.054434225280473474,0.09399413146533173
2030-04-28 04:00:00,0.04511830505931229,0.09016533461274509
2030-04-28 05:00:00,0.04383073957936039,0.09243225581832763
2030-04-28 06:00:00,0.045219613565435315,0.09424156385037938
2030-04-28 07:00:00,0.04347915402114949,0.09167665798172941
2030-04-28 08:00:00,0.02620132377396168,0.07621692537966272
2030-04-28 09:00:00,0.0026490217911335342,0.055094286089279125
2030-04-28 10:00:00,0.0011907420263660225,0.042754270317431536
2030-04-28 11:00:00,0.00049586307294827,0.005906895586915173
2030-04-28 12:00:00,0.0,0.001173143139314252
2030-04-28 13:00:00,0.0,0.0014533327498963608
2030-04-28 14:00:00,0.0,0.002807147235946949
2030-04-28 15:00:00,0.0,0.0008857193148345104
2030-04-28 16:00:00,0.0,0.0
2030-04-28 17:00:00,0.0,0.0
2030-04-28 18:00:00,0.0,0.0
2030-04-28 19:00:00,0.0,0.0
2030-04-28 20:00:00,0.0,0.0
2030-04-28 21:00:00,0.0008836618154138229,0.0
2030-04-28 22:00:00,0.0004074028700405905,0.0
2030-04-28 23:00:00,0.0014017729583903882,0.0005222913324372964
2030-04-29 00:00:00,0.024700663572489397,0.01797185247612772
2030-04-29 01:00:00,0.050484779309628386,0.06748229618488374
2030-04-29 02:00:00,0.06779635359557253,0.09344108583101962
2030-04-29 03:00:00,0.07979732199192037,0.11823130611432452
2030-04-29 04:00:00,0.10958509740154798,0.1822378790022844
2030-04-29 05:00:00,0.12245677056841545,0.214745762654245
2030-04-29 06:00:00,0.10340723564177912,0.1804790808661259
2030-04-29 07:00:00,0.09026304597272046,0.17014533675751128
2030-04-29 08:00:00,0.09616979981285576,0.20879114283827135
2030-04-29 09:00:00,0.09590317165425505,0.23729997344171336
2030-04-29 10:00:00,0.05308928583322556,0.14942145953903968
2030-04-29 11:00:00,0.05430445954569027,0.10101991664471052
2030-04-29 12:00:00,0.08844256096918024,0.16163824202591304
2030-04-29 13:00:00,0.18342979009765092,0.3696035285229224
2030-04-29 14:00:00,0.18538000860957918,0.4243281338587426
2030-04-29 15:00:00,0.17944420344919204,0.46994998005220223
2030-04-29 16:00:00,0.16998505041643858,0.40459214578152874
2030-04-29 17:00:00,0.1322749399122388,0.2277129317223062
2030-04-29 18:00:00,0.09794406248715432,0.12020319227940775
2030-04-29 19:00:00,0.12485878480387247,0.10270253891328389
2030-04-29 20:00:00,0.13435310466671824,0.12156784237552015
2030-04-29 21:00:00,0.13865328868960664,0.12417979637039678
2030-04-29 22:00:00,0.0623632403498305,0.05548118186893687
2030-04-29 23:00:00,0.06877325189903881,0.08811966417066702
2030-04-30 00:00:00,0.09057688229561833,0.14221417416459686
2030-04-30 01:00:00,0.1161483198355767,0.19273438377866978
2030-04-30 02:00:00,0.13562715802605552,0.21261306710344594
2030-04-30 03:00:00,0.1452700784936227,0.2488544698047171
2030-04-30 04:00:00,0.20109030254234997,0.31782419254358574
2030-04-30 05:00:00,0.2695034591830595,0.37790005391395304
2030-04-30 06:00:00,0.34424584666520197,0.42270173788082377
2030-04-30 07:00:00,0.4099218250782311,0.44417370326211386
2030-04-30 08:00:00,0.4345994284829887,0.5097759898696858
2030-04-30 09:00:00,0.456587292041777,0.5563316048188639
2030-04-30 10:00:00,0.194913573387274,0.35525956071521586
2030-04-30 11:00:00,0.36540319927166354,0.49240290414415616
2030-04-30 12:00:00,0.6007848691554062,0.7660881191218316
2030-04-30 13:00:00,0.6926334612111755,0.8719566908371154
2030-04-30 14:00:00,0.7083328435190201,0.8854980132781427
2030-04-30 15:00:00,0.6947480720522516,0.8737606111832166
2030-04-30 16:00:00,0.7584134620021945,0.9802076383553494
2030-04-30 17:00:00,0.7738666242476828,0.9743371916348962
2030-04-30 18:00:00,0.6320013189924025,0.9184800871064246
2030-04-30 19:00:00,0.5091676524594511,0.8847621058080326
2030-04-30 20:00:00,0.3997872479895279,0.6855929049880791
2030-04-30 21:00:00,0.3349632186966254,0.6775562686830672
2030-04-30 22:00:00,0.23430697709916853,0.6290569835436935
2030-04-30 23:00:00,0.36455366344081613,0.8635064895862065
2030-05-01 00:00:00,0.539230487645145,0.9677479308904655
2030-05-01 01:00:00,0.5575647186193429,0.9811845360304909
2030-05-01 02:00:00,0.32230888087187326,0.9679247418312791
2030-05-01 03:00:00,0.13733755132313546,0.7985305526593831
2030-05-01 04:00:00,0.039982893111496394,0.40988645955269776
2030-05-01 05:00:00,0.001135670635424262,0.18322539314002523
2030-05-01 06:00:00,0.001214632132453503,0.13956750695544357
2030-05-01 07:00:00,0.016575982119492544,0.12862659279544894
2030-05-01 08:00:00,0.054016432575025995,0.13004202346644222
2030-05-01 09:00:00,0.07550627468218009,0.09683500742821385
2030-05-01 10:00:00,0.04346907090595323,0.03384678203786321
2030-05-01 11:00:00,0.025116118655540923,0.030240436186770803
2030-05-01 12:00:00,0.01649220920270233,0.0676504500423036
2030-05-01 13:00:00,0.05046950604249806,0.13819738774334114
2030-05-01 14:00:00,0.06650289984063569,0.15040959193218778
2030-05-01 15:00:00,0.0657185837758886,0.17010888433201254
2030-05-01 16:00:00,0.07136687347659518,0.2536548558795857
2030-05-01 17:00:00,0.14132808767540705,0.5971641893772274
2030-05-01 18:00:00,0.3651151119976617,0.8557018643211999
2030-05-01 19:00:00,0.6317087714422531,0.9746331961741728
2030-05-01 20:00:00,0.8555433667424444,0.9982528857658647
2030-05-01 21:00:00,0.8575734954664006,0.9981352886325274
2030-05-01 22:00:00,0.7554479112771261,0.9824868324411165
2030-05-01 23:00:00,0.7263443661695944,0.9727627842792747
2030-05-02 00:00:00,0.7362573144863362,0.969607176403397
2030-05-02 01:00:00,0.6689735208795096,0.9447426540136274
2030-05-02 02:00:00,0.5686744058315919,0.9128047485048812
2030-05-02 03:00:00,0.549357322170773,0.9453870124260176
2030-05-02 04:00:00,0.5833527550142029,0.968432134286232
2030-05-02 05:00:00,0.530202269023649,0.9254203619566748
2030-05-02 06:00:00,0.4179333154149121,0.7901019005300022
2030-05-02 07:00:00,0.25607617257083376,0.5638753304832549
2030-05-02 08:00:00,0.1343838794094858,0.33502928333760795
2030-05-02 09:00:00,0.06220082939386684,0.17658514445481982
2030-05-02 10:00:00,1.733057415044092e-05,0.0015784183795983387
2030-05-02 11:00:00,0.0004268235111137555,0.0010093529080305872
2030-05-02 12:00:00,0.0006506710321396177,0.0005157849224601104
2030-05-02 13:00:00,0.0007486596426431523,0.0002652046372484265
2030-05-02 14:00:00,0.00015453429302147339,0.0
2030-05-02 15:00:00,0.0007301444115483641,0.00023615260989580706
2030-05-02 16:00:00,0.0013915257527197114,0.022516421516458242
2030-05-02 17:00:00,0.04135165811527341,0.0675609524320539
2030-05-02 18:00:00,0.08854999962906308,0.09629333923166979
2030-05-02 19:00:00,0.09650523108305062,0.12265393255221785
2030-05-02 20:00:00,0.09852930695123453,0.1501516679357861
2030-05-02 21:00:00,0.1019236789211005,0.17265209140834317
2030-05-02 22:00:00,0.08799582702351483,0.18899442709911807
2030-05-02 23:00:00,0.0913341560792317,0.1499864159441108
2030-05-03 00:00:00,0.12492204057750457,0.14407824126219138
2030-05-03 01:00:00,0.1309060022966692,0.14698201344412337
2030-05-03 02:00:00,0.1077993279364034,0.13048403183391827
2030-05-03 03:00:00,0.11674132983463473,0.11890753855263009
2030-05-03 04:00:00,0.1232328386849848,0.10739579349235563
2030-05-03 05:00:00,0.11244595914742697,0.09235487064849315
2030-05-03 06:00:00,0.09988372835571865,0.07933664373696182
2030-05-03 07:00:00,0.11750554553323642,0.0787916677441619
2030-05-03 08:00:00,0.14246212458104196,0.09420655756931066
2030-05-03 09:00:00,0.1493322015815817,0.12102830508952381
2030-05-03 10:00:00,0.1143459466701152,0.13528010648334549
2030-05-03 11:00:00,0.1152996879278143,0.13608647887186745
2030-05-03 12:00:00,0.09435171858917824,0.09219272204617636
2030-05-03 13:00:00,0.08560297185125124,0.04942654617005001
2030-05-03 14:00:00,0.06357314842997279,0.026379006188866697
2030-05-03 15:00:00,0.03326981983983619,0.01890580604791643
2030-05-03 16:00:00,0.009488527298744042,0.004328470036803867
2030-05-03 17:00:00,0.0011330526182223818,0.001425463724626905
2030-05-03 18:00:00,0.0006384282008410913,0.0012988160362386921
2030-05-03 19:00:00,0.00020627453146561964,0.0008619372980590589
2030-05-03 20:00:00,0.0,2.9082396468910162e-05
2030-05-03 21:00:00,0.0,0.0
2030-05-03 22:00:00,0.0,0.0
2030-05-03 23:00:00,0.0,0.0
2030-05-04 00:00:00,0.0,0.0
2030-05-04 01:00:00,0.0,0.0005109771600939225
2030-05-04 02:00:00,0.0,0.001198961723725096
2030-05-04 03:00:00,0.0009725085059123557,0.0013596401231123652
2030-05-04 04:00:00,0.015364996801956759,0.0015926233656134694
2030-05-04 05:00:00,0.06756733815149227,0.01662173793409729
2030-05-04 06:00:00,0.14304993689135484,0.054535338455286235
2030-05-04 07:00:00,0.2097098780808755,0.10057083402262565
2030-05-04 08:00:00,0.2466185003576719,0.1379286700752089
2030-05-04 09:00:00,0.2798268362311671,0.19471586517969364
2030-05-04 10:00:00,0.08573121491695207,0.03556439853432662
2030-05-04 11:00:00,0.09357387711271374,0.03597607123147929
2030-05-04 12:00:00,0.10244565395584096,0.0685782957332943
2030-05-04 13:00:00,0.10436037213015815,0.0915196957327778
2030-05-04 14:00:00,0.0760091565489307,0.06314487610335155
2030-05-04 15:00:00,0.04552510504446318,0.05813113449696633
2030-05-04 16:00:00,0.057905084897202225,0.07495572540872175
2030-05-04 17:00:00,0.08137900299423043,0.09337119252388437
2030-05-04 18:00:00,0.11504432461066363,0.12553541083112452
2030-05-04 19:00:00,0.1538862021984314,0.15748824786129545
2030-05-04 20:00:00,0.2023907242897602,0.180123342169917
2030-05-04 21:00:00,0.27887851225979815,0.243345436984238
2030-05-04 22:00:00,0.3451916750152805,0.3162063811189775
2030-05-04 23:00:00,0.3402724645292693,0.3099083896177275
2030-05-05 00:00:00,0.3049229948895161,0.29187905065472614
2030-05-05 01:00:00,0.25396720605286466,0.282551680839342
2030-05-05 02:00:00,0.21781013890408926,0.2914106311561847
2030-05-05 03:00:00,0.19919609805100846,0.3081484787185457
2030-05-05 04:00:00,0.1926145235240158,0.3137856540585225
2030-05-05 05:00:00,0.18771922898838048,0.2894407662255991
2030-05-05 06:00:00,0.18279118116535906,0.258891365949841
2030-05-05 07:00:00,0.16643176709686816,0.2247156329334665
2030-05-05 08:00:00,0.1510225602057419,0.2049793288463151
2030-05-05 09:00:00,0.1252853718219677,0.17563670026500985
2030-05-05 10:00:00,0.09009304864137099,0.08809408185564492
2030-05-05 11:00:00,0.06648617513016891,0.08428070980255327
2030-05-05 12:00:00,0.0630141585004816,0.11517063187298773
2030-05-05 13:00:00,0.07889054112615748,0.1640769347851107
2030-05-05 14:00:00,0.09253410484888633,0.1514514647114973
2030-05-05 15:00:00,0.07697570959455666,0.08137547285755599
2030-05-05 16:00:00,0.03893932306235806,0.049925327399130144
2030-05-05 17:00:00,0.0014277971677825172,0.025332722585577814
2030-05-05 18:00:00,0.001127295441998412,0.019284290735538154
2030-05-05 19:00:00,0.0007649668932491781,0.015570758690900924
2030-05-05 20:00:00,0.0009689928663402179,0.021623723669171452
2030-05-05 21:00:00,0.0010045859265235733,0.04142774748255836
2030-05-05 22:00:00,0.0009070885832593195,0.035238323646625505
2030-05-05 23:00:00,0.0,0.0013723187797494334
2030-05-06 00:00:00,0.0,0.0
2030-05-06 01:00:00,0.0,0.0
2030-05-06 02:00:00,0.0,0.0
2030-05-06 03:00:00,0.00016829602395362545,0.0
2030-05-06 04:00:00,0.0007952540434324172,0.0
2030-05-06 05:00:00,0.0010010172590114573,7.523832213119535e-05
2030-05-06 06:00:00,0.0013053658427948942,0.0005632634420476382
2030-05-06 07:00:00,0.0016206691699048223,0.0011611256723943657
2030-05-06 08:00:00,0.026232894305243667,0.03591999693541519
2030-05-06 09:00:00,0.04373256084497986,0.06346099922218593
2030-05-06 10:00:00,0.026588995131847013,0.07857749134851236
2030-05-06 11:00:00,0.06762337628686525,0.08118899836151303
2030-05-06 12:00:00,0.08137847748342239,0.09628181636901828
2030-05-06 13:00:00,0.10445633184672218,0.10223679979791712
2030-05-06 14:00:00,0.11123133826598518,0.09342620233231327
2030-05-06 15:00:00,0.10089689557129035,0.11515749911710856
2030-05-06 16:00:00,0.09329445475340288,0.11899302314316569
2030-05-06 17:00:00,0.08674817075407909,0.09990627041718181
2030-05-06 18:00:00,0.07365971357879687,0.0944748132645519
2030-05-06 19:00:00,0.06887033167799013,0.10358822048704767
2030-05-06 20:00:00,0.06749444009733628,0.09809395575562604
2030-05-06 21:00:00,0.07479614897852366,0.11059685475205523
2030-05-06 22:00:00,0.044792061862397294,0.05602336789842827
2030-05-06 23:00:00,0.0584971434427121,0.07109852948204608
2030-05-07 00:00:00,0.07915484495045794,0.10518685662871999
2030-05-07 01:00:00,0.11522672602484135,0.18512799969751023
2030-05-07 02:00:00,0.1552739469211958,0.23647983403188255
2030-05-07 03:00:00,0.1545914420859627,0.1890724534543369
2030-05-07 04:00:00,0.10908729782144674,0.13268000998794957
2030-05-07 05:00:00,0.07858605961820184,0.1605802345868167
2030-05-07 06:00:00,0.10910657599196916,0.21107698817403836
2030-05-07 07:00:00,0.0865863611685386,0.1440481323227445
2030-05-07 08:00:00,0.06420480863023666,0.08964422102315917
2030-05-07 09:00:00,0.024240130172249668,0.0433552754167832
2030-05-07 10:00:00,8.560515343789079e-05,0.0003064307374607155
2030-05-07 11:00:00,0.00039935580479407773,0.0013957960342666695
2030-05-07 12:00:00,0.04032418934944702,0.05873580410609966
2030-05-07 13:00:00,0.0709130729203335,0.1212138589218638
2030-05-07 14:00:00,0.15166973922976867,0.2747885671492123
2030-05-07 15:00:00,0.2928692800617273,0.4139533764462019
2030-05-07 16:00:00,0.32352603304840216,0.5531990161327112
2030-05-07 17:00:00,0.31967852902601,0.6448857020390419
2030-05-07 18:00:00,0.33753941248235925,0.644961822330214
2030-05-07 19:00:00,0.4036129186686911,0.7230613887861947
2030-05-07 20:00:00,0.4734984499169305,0.7891593734007617
2030-05-07 21:00:00,0.5606030021743714,0.7472700702100649
2030-05-07 22:00:00,0.3863285126830217,0.5946145263118509
2030-05-07 23:00:00,0.2210868862934068,0.46918079616872643
2030-05-08 00:00:00,0.11210742007675711,0.2162425146949404
2030-05-08 01:00:00,0.10757971512038189,0.12824297150599434
2030-05-08 02:00:00,0.113274163070529,0.08200065836468912
2030-05-08 03:00:00,0.1698851943128249,0.11386619438608239
2030-05-08 04:00:00,0.2931284921465571,0.18833541983489188
2030-05-08 05:00:00,0.29685378128409445,0.18911846662905363
2030-05-08 06:00:00,0.19703384112327724,0.10337085385973394
2030-05-08 07:00:00,0.16182558299007097,0.061068534131522044
2030-05-08 08:00:00,0.17222881764785666,0.04599142291926666
2030-05-08 09:00:00,0.21092985088370525,0.049937216157697
2030-05-08 10:00:00,0.0738048368871069,0.0
2030-05-08 11:00:00,0.20602142838766885,0.029487368847400757
2030-05-08 12:00:00,0.374154746272143,0.10850173390659323
2030-05-08 13:00:00,0.48090415376008205,0.20097726458159512
2030-05-08 14:00:00,0.547083661556285,0.26607129968749105
2030-05-08 15:00:00,0.6339109164933134,0.3120521661288346
2030-05-08 16:00:00,0.7225829462724083,0.3314148050679043
2030-05-08 17:00:00,0.7978361475625444,0.3979394017759925
2030-05-08 18:00:00,0.771077831220909,0.413557608748172
2030-05-08 19:00:00,0.7047468880651113,0.40761246640753385
2030-05-08 20:00:00,0.6426921173978287,0.37829495160255705
2030-05-08 21:00:00,0.5005200381438799,0.2248780134318466
2030-05-08 22:00:00,0.29497486500612297,0.09777854951309856
2030-05-08 23:00:00,0.17517477605469678,0.038287410386446674
2030-05-09 00:00:00,0.14287887194448717,0.009343522953526138
2030-05-09 01:00:00,0.08357267204110702,0.000851647112859529
2030-05-09 02:00:00,0.04474772862753585,0.016619355990346953
2030-05-09 03:00:00,0.03432209718071128,0.06030280954864939
2030-05-09 04:00:00,0.04192657735564581,0.060797708319966226
2030-05-09 05:00:00,0.021943555794671152,0.010294614551483637
2030-05-09 06:00:00,0.00031260769394440157,0.0004816979954245252
2030-05-09 07:00:00,0.0,0.006525019273209959
2030-05-09 08:00:00,4.408261941779495e-06,0.010707938182754742
2030-05-09 09:00:00,0.0,0.0008804097027723225
2030-05-09 10:00:00,0.0,0.0
2030-05-09 11:00:00,0.0,0.0
2030-05-09 12:00:00,0.0,0.0
2030-05-09 13:00:00,0.0001326299055163434,0.0
2030-05-09 14:00:00,0.0,0.0
2030-05-09 15:00:00,0.0,0.0
2030-05-09 16:00:00,0.0,0.0
2030-05-09 17:00:00,0.0,0.0
2030-05-09 18:00:00,0.0005494183358514303,0.0
2030-05-09 19:00:00,0.0005182406959633206,0.0
2030-05-09 20:00:00,0.0,0.0
2030-05-09 21:00:00,0.0,0.0
2030-05-09 22:00:00,0.0,0.0
2030-05-09 23:00:00,0.0,0.0
2030-05-10 00:00:00,0.0,0.0
2030-05-10 01:00:00,0.0,0.0005694771712319068
2030-05-10 02:00:00,0.0,0.0005273258369753345
2030-05-10 03:00:00,0.0,0.0
2030-05-10 04:00:00,0.0,0.0
2030-05-10 05:00:00,0.0,0.0
2030-05-10 06:00:00,0.0,0.0
2030-05-10 07:00:00,0.0,0.0
2030-05-10 08:00:00,0.0,0.0
2030-05-10 09:00:00,0.0,0.0
2030-05-10 10:00:00,0.0,0.0
2030-05-10 11:00:00,0.0,0.0
2030-05-10 12:00:00,0.0,0.0
2030-05-10 13:00:00,0.00020682436782442067,4.827329898826398e-06
2030-05-10 14:00:00,0.000864535272349091,0.0007753118313504334
2030-05-10 15:00:00,0.0014819763266930028,0.0044443032419069425
2030-05-10 16:00:00,0.0026512836058472378,0.018426797911855242
2030-05-10 17:00:00,0.017708237032522677,0.03348556515609794
2030-05-10 18:00:00,0.03716235266568322,0.08240743492232694
2030-05-10 19:00:00,0.05912120638050107,0.11090034336330414
2030-05-10 20:00:00,0.1664161607669746,0.18197916417737126
2030-05-10 21:00:00,0.29605099279232067,0.4101563511038462
2030-05-10 22:00:00,0.2930428822033312,0.4753391942106725
2030-05-10 23:00:00,0.35046953331201003,0.6002087240943269
2030-05-11 00:00:00,0.3928628084549953,0.6855464670771814
2030-05-11 01:00:00,0.39432974960463824,0.6500936920986613
2030-05-11 02:00:00,0.3898500097088217,0.5903446488741121
2030-05-11 03:00:00,0.403790543722583,0.597852681668002
2030-05-11 04:00:00,0.44946569832646116,0.6592768896585283
2030-05-11 05:00:00,0.504219843057663,0.7147094931216872
2030-05-11 06:00:00,0.5611347269201384,0.8000103333769473
2030-05-11 07:00:00,0.5688964455978518,0.8452007682924406
2030-05-11 08:00:00,0.5622325928745575,0.847489740376368
2030-05-11 09:00:00,0.603087104536645,0.8460322923901887
2030-05-11 10:00:00,0.5738970344987264,0.7600313930412489
2030-05-11 11:00:00,0.5633434262007165,0.7599987495021483
2030-05-11 12:00:00,0.549501764567549,0.8116732338992325
2030-05-11 13:00:00,0.47991807908231465,0.7503579953758842
2030-05-11 14:00:00,0.4469476690950224,0.6897848698623604
2030-05-11 15:00:00,0.4093054326777909,0.6157839155163145
2030-05-11 16:00:00,0.45141378148474454,0.775575582335359
2030-05-11 17:00:00,0.5214159932492515,0.8008178991599433
2030-05-11 18:00:00,0.45706618992330783,0.701738230630617
2030-05-11 19:00:00,0.2876314934420209,0.5685474046941887
2030-05-11 20:00:00,0.23350805775399505,0.38537260123967276
2030-05-11 21:00:00,0.19250776755924007,0.31162051477490393
2030-05-11 22:00:00,0.18597090140829756,0.32817297406778917
2030-05-11 23:00:00,0.23963946415067988,0.3816415737227704
2030-05-12 00:00:00,0.25229779169505284,0.3762862969952109
2030-05-12 01:00:00,0.29611206283297403,0.4167085136164386
2030-05-12 02:00:00,0.37818788441704365,0.5065584312946325
2030-05-12 03:00:00,0.4719483283669483,0.6097416965265781
2030-05-12 04:00:00,0.5703531631040625,0.7222070916332007
2030-05-12 05:00:00,0.6071129059089679,0.7739495808566904
2030-05-12 06:00:00,0.6645717894095197,0.8376423868701388
2030-05-12 07:00:00,0.638804682610314,0.8493707726753978
2030-05-12 08:00:00,0.6017219885323442,0.8391636513364957
2030-05-12 09:00:00,0.5486131715761422,0.7942696040013614
2030-05-12 10:00:00,0.45982085202001677,0.6684231721270785
2030-05-12 11:00:00,0.5442445107091272,0.6485751002154763
2030-05-12 12:00:00,0.5816488277373071,0.6464553679256522
2030-05-12 13:00:00,0.5658874924683946,0.605004770951817
2030-05-12 14:00:00,0.5527193151432569,0.6518453031507676
2030-05-12 15:00:00,0.5090518295207219,0.7740806861531007
2030-05-12 16:00:00,0.6532877088192536,0.9344633106187474
2030-05-12 17:00:00,0.7087340382591596,0.951822074337436
2030-05-12 18:00:00,0.7332502511661599,0.9485394710696599
2030-05-12 19:00:00,0.6044475462223644,0.900035620530719
2030-05-12 20:00:00,0.68155054445102,0.8994423041889696
2030-05-12 21:00:00,0.6438515265146774,0.8479643242655249
2030-05-12 22:00:00,0.49032135631313556,0.6502955153435053
2030-05-12 23:00:00,0.6070046649253886,0.749988544819673
2030-05-13 00:00:00,0.6459260904613128,0.7515154127457572
2030-05-13 01:00:00,0.6693220379258192,0.741706846426413
2030-05-13 02:00:00,0.7153203220998681,0.76731747574311
2030-05-13 03:00:00,0.6959540447740525,0.7315519884725873
2030-05-13 04:00:00,0.6833069540337579,0.7014406088286902
2030-05-13 05:00:00,0.6441169628906023,0.6550049425377371
2030-05-13 06:00:00,0.5611764594493439,0.5474211537628397
2030-05-13 07:00:00,0.43480645713626215,0.4242043644032193
2030-05-13 08:00:00,0.316452453581295,0.3256614587976341
2030-05-13 09:00:00,0.2488956386551276,0.2768938233069961
2030-05-13 10:00:00,0.14218515660946165,0.18797383993561903
2030-05-13 11:00:00,0.1331666636830162,0.18398868095698204
2030-05-13 12:00:00,0.10505698178704016,0.1715022404044752
2030-05-13 13:00:00,0.0822284726927463,0.17043400752982296
2030-05-13 14:00:00,0.10138054826729577,0.20142497252353414
2030-05-13 15:00:00,0.1290578314638035,0.2320234372364867
2030-05-13 16:00:00,0.20531069813597932,0.2555868605321402
2030-05-13 17:00:00,0.2812293553941694,0.2827737059790338
2030-05-13 18:00:00,0.26007238522553144,0.2573321789120579
2030-05-13 19:00:00,0.2187586842004582,0.18785929190743997
2030-05-13 20:00:00,0.1853903048412918,0.152343465094164
2030-05-13 21:00:00,0.16263545954003042,0.1627093827519157
2030-05-13 22:00:00,0.10891934075450764,0.14544027550309568
2030-05-13 23:00:00,0.1761333171565402,0.267940458412925
2030-05-14 00:00:00,0.2759829934293751,0.37859401421002237
2030-05-14 01:00:00,0.32740649016635065,0.39069682262352373
2030-05-14 02:00:00,0.3377394748818011,0.3755997329506862
2030-05-14 03:00:00,0.35394658914434296,0.3939260960882918
2030-05-14 04:00:00,0.3755599464149914,0.436443655715992
2030-05-14 05:00:00,0.3601001930700503,0.4185994236881497
2030-05-14 06:00:00,0.31977972456820447,0.40659673843860916
2030-05-14 07:00:00,0.2806025750392582,0.3792831229352122
2030-05-14 08:00:00,0.2606533079112422,0.4020721434214413
2030-05-14 09:00:00,0.2297588664084447,0.3100338023941834
2030-05-14 10:00:00,0.05933472359018175,0.08780241205864181
2030-05-14 11:00:00,0.03983975706414461,0.0375963312252949
2030-05-14 12:00:00,0.014498703627697623,0.0013894344951620105
2030-05-14 13:00:00,0.0014724091665522868,0.0004645835351794221
2030-05-14 14:00:00,0.013326133110854774,0.001464573858646329
2030-05-14 15:00:00,0.03289573515636309,0.046638414403660025
2030-05-14 16:00:00,0.07565416423486822,0.1374536307179447
2030-05-14 17:00:00,0.18157070652529556,0.32761014195273686
2030-05-14 18:00:00,0.37533206799122076,0.5347751305082513
2030-05-14 19:00:00,0.22415819288918115,0.39897488574567513
2030-05-14 20:00:00,0.2925644865544961,0.40881063111976834
2030-05-14 21:00:00,0.28118240601220784,0.3920713334296554
2030-05-14 22:00:00,0.13534992916103666,0.20797956834583062
2030-05-14 23:00:00,0.163372805068833,0.26376882251613376
2030-05-15 00:00:00,0.16507899950186228,0.25554294140973255
2030-05-15 01:00:00,0.17248213100801865,0.25796764062382416
2030-05-15 02:00:00,0.22664844063861622,0.3251932092985129
2030-05-15 03:00:00,0.2474631121689957,0.37066137175197156
2030-05-15 04:00:00,0.25840100238086616,0.3712519301188927
2030-05-15 05:00:00,0.3039174754247475,0.3846501081546597
2030-05-15 06:00:00,0.30192657726694144,0.34612146679806777
2030-05-15 07:00:00,0.24437310841910814,0.2550517215189899
2030-05-15 08:00:00,0.2700335388583095,0.30183934258372813
2030-05-15 09:00:00,0.25861811738365426,0.2602337472378989
2030-05-15 10:00:00,0.13402021359077174,0.10866505353696182
2030-05-15 11:00:00,0.10491205482235348,0.0709753672153364
2030-05-15 12:00:00,0.08959350778390679,0.06630486099055706
2030-05-15 13:00:00,0.0767077163071205,0.11627636127975044
2030-05-15 14:00:00,0.11960769938155368,0.24024315213447112
2030-05-15 15:00:00,0.157431983762152,0.3143396894628543
2030-05-15 16:00:00,0.1394648190530104,0.2980555962313881
2030-05-15 17:00:00,0.14017033837075032,0.39418775868640854
2030-05-15 18:00:00,0.1901365749228211,0.4367101816049471
2030-05-15 19:00:00,0.3552767829058198,0.5582453162890866
2030-05-15 20:00:00,0.3287650717036248,0.5325530778192583
2030-05-15 21:00:00,0.1840585818959775,0.3691076574743347
2030-05-15 22:00:00,0.053333971050359454,0.14395523590732362
2030-05-15 23:00:00,0.044783115878402745,0.09248327098575682
2030-05-16 00:00:00,0.05342388436871637,0.09295920277347618
2030-05-16 01:00:00,0.06852951938428342,0.09524758219883254
2030-05-16 02:00:00,0.03400185549504792,0.06301948952000916
2030-05-16 03:00:00,0.0010822781749360074,0.00830884501382416
2030-05-16 04:00:00,8.436911739719427e-05,0.0010121044278923348
2030-05-16 05:00:00,0.00017823215033059296,0.0012124509518691214
2030-05-16 06:00:00,0.0002648822913454972,0.0010521279771794282
2030-05-16 07:00:00,0.0,0.00014275969517305704
2030-05-16 08:00:00,0.0,0.009204409487308761
2030-05-16 09:00:00,0.0,0.04076126279635915
2030-05-16 10:00:00,0.0,0.017639035105626765
2030-05-16 11:00:00,0.0,0.0004932974350374549
2030-05-16 12:00:00,0.0006405625726065046,0.0006704923261908681
2030-05-16 13:00:00,0.0014103591251483773,0.0017786971444201819
2030-05-16 14:00:00,0.0011432123984347865,0.0008291964804370632
2030-05-16 15:00:00,0.016159396795335713,0.025785396624964506
2030-05-16 16:00:00,0.06471398317915433,0.06734032638601974
2030-05-16 17:00:00,0.07722244024256655,0.08883681385228859
2030-05-16 18:00:00,0.07407989472540305,0.08809367267583057
2030-05-16 19:00:00,0.0796684402408101,0.09586463624822492
2030-05-16 20:00:00,0.07118951601247663,0.12144507204143078
2030-05-16 21:00:00,0.08319021060152829,0.13097565265673003
2030-05-16 22:00:00,0.09564417175240324,0.1533075531982702
2030-05-16 23:00:00,0.15908321199672315,0.30227401659570113
2030-05-17 00:00:00,0.33846906023130036,0.5348868895948564
2030-05-17 01:00:00,0.4439563218311938,0.6864467697730164
2030-05-17 02:00:00,0.44120965896843145,0.7637519730364488
2030-05-17 03:00:00,0.39583025939980415,0.7215386948911352
2030-05-17 04:00:00,0.39748989424193765,0.6189919264118378
2030-05-17 05:00:00,0.42169437103174345,0.5103684720003983
2030-05-17 06:00:00,0.46467147075186455,0.4692752541799383
2030-05-17 07:00:00,0.5607352436970265,0.5399232362473888
2030-05-17 08:00:00,0.6540229612365502,0.6871572383004645
2030-05-17 09:00:00,0.6532257164522358,0.724202562770035
2030-05-17 10:00:00,0.46200927505769146,0.5079264084509921
2030-05-17 11:00:00,0.34038456160747355,0.43383742267606495
2030-05-17 12:00:00,0.23774639760271124,0.39184572923466693
2030-05-17 13:00:00,0.2568056055405245,0.4458766917235631
2030-05-17 14:00:00,0.30454790596573034,0.4253690884856931
2030-05-17 15:00:00,0.35869426650337877,0.36649841694507623
2030-05-17 16:00:00,0.22174692643378258,0.16184435030108307
2030-05-17 17:00:00,0.24302789752695564,0.2375258400474346
2030-05-17 18:00:00,0.2273270531470823,0.29206534598752765
2030-05-17 19:00:00,0.28740098600438124,0.4512786182184193
2030-05-17 20:00:00,0.3311080438218045,0.3632088560887863
2030-05-17 21:00:00,0.2424636188889015,0.2250511528425801
2030-05-17 22:00:00,0.11947298173519016,0.12804219536965522
2030-05-17 23:00:00,0.051052916702407594,0.07737938025417197
2030-05-18 00:00:00,0.017601586394090325,0.0579459512698849
2030-05-18 01:00:00,0.005876857700346151,0.03838197161379394
2030-05-18 02:00:00,0.0012515921563440238,0.01909673978608181
2030-05-18 03:00:00,0.0016261201188899818,0.02575823217151867
2030-05-18 04:00:00,0.04166603479870894,0.05329245450041712
2030-05-18 05:00:00,0.07020401680690053,0.08377776819026025
2030-05-18 06:00:00,0.07794845643548533,0.0637124662052847
2030-05-18 07:00:00,0.05045853075710517,0.082443034365723
2030-05-18 08:00:00,0.07863126942157946,0.25396574060042276
2030-05-18 09:00:00,0.15676173938535182,0.5489950269187949
2030-05-18 10:00:00,0.15917021770349182,0.6161732351252633
2030-05-18 11:00:00,0.44623415322315674,0.8512266521020098
2030-05-18 12:00:00,0.6392787613424326,0.9383717418723734
2030-05-18 13:00:00,0.7597657969443893,0.9969033837276041
2030-05-18 14:00:00,0.8559766143300466,0.9993573234946577
2030-05-18 15:00:00,0.8777482190473269,0.9975036732917093
2030-05-18 16:00:00,0.9201907891631825,0.9738805515434437
2030-05-18 17:00:00,0.8805075842374536,0.8522447588624275
2030-05-18 18:00:00,0.6223993756141127,0.5606676444201055
2030-05-18 19:00:00,0.4596815688904914,0.39049014972249246
2030-05-18 20:00:00,0.3697039585621526,0.31227705314585963
2030-05-18 21:00:00,0.33646761244525625,0.3380765315468887
2030-05-18 22:00:00,0.4257357096796497,0.5250617982608419
2030-05-18 23:00:00,0.5488614951103223,0.700626243236247
2030-05-19 00:00:00,0.5511541069205406,0.6842104098983117
2030-05-19 01:00:00,0.5316257034744811,0.6893393790731496
2030-05-19 02:00:00,0.5898591054813263,0.8297063758629325
2030-05-19 03:00:00,0.6941836617050879,0.9263271710825969
2030-05-19 04:00:00,0.7853640277162723,0.9724973239229857
2030-05-19 05:00:00,0.8656465681828857,0.9922461692434024
2030-05-19 06:00:00,0.9452026633668515,0.9994011461545949
2030-05-19 07:00:00,0.9775858020335956,1.0
2030-05-19 08:00:00,0.9803866898476992,1.0
2030-05-19 09:00:00,0.9541279258843869,0.9987895031260691
2030-05-19 10:00:00,0.9546556470326863,0.9989757398366289
2030-05-19 11:00:00,0.863167829211438,0.9893432556007866
2030-05-19 12:00:00,0.7789234232855713,0.9771464521718269
2030-05-19 13:00:00,0.6644067705990652,0.9262527507828301
2030-05-19 14:00:00,0.5958467301878381,0.8620403502693417
2030-05-19 15:00:00,0.5771617751733974,0.7934608054384467
2030-05-19 16:00:00,0.4763086389064836,0.8183374888947953
2030-05-19 17:00:00,0.5161617478571303,0.7690225386853902
2030-05-19 18:00:00,0.4192500057267086,0.6043495473783642
2030-05-19 19:00:00,0.3634976001576056,0.5088068709852777
2030-05-19 20:00:00,0.2895596325177975,0.41925215842354885
2030-05-19 21:00:00,0.222827470573675,0.35522601654599895
2030-05-19 22:00:00,0.16814333677225632,0.26092253141125243
2030-05-19 23:00:00,0.12921227285451056,0.19739730769733763
2030-05-20 00:00:00,0.10667653424289242,0.17370153085954967
2030-05-20 01:00:00,0.09188256385608173,0.16547836156366263
2030-05-20 02:00:00,0.08321130924368939,0.1581492383484835
2030-05-20 03:00:00,0.07885980595233638,0.12821605696129945
2030-05-20 04:00:00,0.08181446415916405,0.11394103966458172
2030-05-20 05:00:00,0.08772595452972731,0.11082607268791356
2030-05-20 06:00:00,0.09046673981068223,0.10515878738323454
2030-05-20 07:00:00,0.09706864522890514,0.1164218707806326
2030-05-20 08:00:00,0.11869031238306008,0.14468919341935063
2030-05-20 09:00:00,0.16546316952720125,0.18727350057593756
2030-05-20 10:00:00,0.15410016638058524,0.17158089188663633
2030-05-20 11:00:00,0.17683552807398273,0.19327208309154262
2030-05-20 12:00:00,0.1709165768096162,0.1422568328675728
2030-05-20 13:00:00,0.16618563138321338,0.13763456695976767
2030-05-20 14:00:00,0.18473569312956928,0.15349691566237217
2030-05-20 15:00:00,0.2227565314085771,0.15745359214832366
2030-05-20 16:00:00,0.30042656722369704,0.22128742323185646
2030-05-20 17:00:00,0.36811645994184283,0.31296090679490113
2030-05-20 18:00:00,0.4014155259132721,0.37972201699770913
2030-05-20 19:00:00,0.40584633003641757,0.38642164970550025
2030-05-20 20:00:00,0.2747237381235904,0.3899530915245417
2030-05-20 21:00:00,0.2430152577563303,0.3932880342645064
2030-05-20 22:00:00,0.13422372840806282,0.24319647621889404
2030-05-20 23:00:00,0.19172158158884345,0.3273361615440347
2030-05-21 00:00:00,0.27616428592770015,0.43912842011851017
2030-05-21 01:00:00,0.3293259294536722,0.5210319806274972
2030-05-21 02:00:00,0.36913605806871036,0.5534335823797746
2030-05-21 03:00:00,0.33885269921635475,0.5566571777723979
2030-05-21 04:00:00,0.29834491143017744,0.5410917234568777
2030-05-21 05:00:00,0.2855881713257584,0.5562121442086468
2030-05-21 06:00:00,0.28602579975445974,0.5158977518514538
2030-05-21 07:00:00,0.32610419059312323,0.5143993246369742
2030-05-21 08:00:00,0.33238231792932865,0.494043437148827
2030-05-21 09:00:00,0.36173288590747854,0.4846576345853232
2030-05-21 10:00:00,0.32469160228554617,0.4266805745253361
2030-05-21 11:00:00,0.34238426340157685,0.4673256309924322
2030-05-21 12:00:00,0.36652497836431386,0.529790224525822
2030-05-21 13:00:00,0.3419058795770299,0.5245785493515671
2030-05-21 14:00:00,0.33317155152091027,0.5241892151124634
2030-05-21 15:00:00,0.31062807956377664,0.5003922943001081
2030-05-21 16:00:00,0.1809844857629028,0.30808966803560206
2030-05-21 17:00:00,0.2962771474811782,0.3827406914002412
2030-05-21 18:00:00,0.23800518093494039,0.43323422300369774
2030-05-21 19:00:00,0.21477648530435642,0.36522337657040627
2030-05-21 20:00:00,0.23496565715867562,0.3707774652179858
2030-05-21 21:00:00,0.1878437929728591,0.3031686777483479
2030-05-21 22:00:00,0.17235594634885212,0.259364344224102
2030-05-21 23:00:00,0.2816341590070895,0.35664665478540375
2030-05-22 00:00:00,0.3938505444263659,0.4806137347444238
2030-05-22 01:00:00,0.5010032291279068,0.589595663223383
2030-05-22 02:00:00,0.6230362304691406,0.6862105677725111
2030-05-22 03:00:00,0.6462042306176591,0.6839774285791546
2030-05-22 04:00:00,0.6176013911624596,0.6035253531585938
2030-05-22 05:00:00,0.5508311622610429,0.5039950933173999
2030-05-22 06:00:00,0.4609100853145515,0.4402317564651592
2030-05-22 07:00:00,0.4405961655265381,0.4278001566188392
2030-05-22 08:00:00,0.47097503148575764,0.46325239595098955
2030-05-22 09:00:00,0.4639187417990085,0.5127255206786273
2030-05-22 10:00:00,0.3593435520737067,0.44912478712042836
2030-05-22 11:00:00,0.3917190095929296,0.43231585814368856
2030-05-22 12:00:00,0.3538159193000688,0.39378611244160794
2030-05-22 13:00:00,0.3372275996811733,0.40016766581711405
2030-05-22 14:00:00,0.3811405010429933,0.4939453668828482
2030-05-22 15:00:00,0.40441282377611965,0.5268040378905816
2030-05-22 16:00:00,0.43014716788646523,0.5217416582111445
2030-05-22 17:00:00,0.5241319131959563,0.6175822497071036
2030-05-22 18:00:00,0.6268822733232344,0.7346603279742465
2030-05-22 19:00:00,0.7439325431503889,0.8839444720935914
2030-05-22 20:00:00,0.7288147985402385,0.8673215353699751
2030-05-22 21:00:00,0.7086839692941138,0.8609865523149953
2030-05-22 22:00:00,0.4395388037093473,0.529381697088558
2030-05-22 23:00:00,0.4565647013706349,0.5160433949557445
2030-05-23 00:00:00,0.38968726482389726,0.41271804732015854
2030-05-23 01:00:00,0.3113907827201642,0.39350037307247276
2030-05-23 02:00:00,0.3766820870175994,0.4454774168592031
2030-05-23 03:00:00,0.38548486606207866,0.41370786390231984
2030-05-23 04:00:00,0.3377379112627107,0.3951774782765863
2030-05-23 05:00:00,0.2733156608544684,0.3306696542121606
2030-05-23 06:00:00,0.20425513946035623,0.2708630781646133
2030-05-23 07:00:00,0.09965093508290473,0.1421388611933124
2030-05-23 08:00:00,0.04469987852402087,0.0852426222727452
2030-05-23 09:00:00,0.03838794986147576,0.11856281523477014
2030-05-23 10:00:00,0.02225867607594541,0.04815058700288885
2030-05-23 11:00:00,0.06357932328964962,0.06942746901999189
2030-05-23 12:00:00,0.08564430275713136,0.06651575155089143
2030-05-23 13:00:00,0.045299537070660846,0.026273689860494394
2030-05-23 14:00:00,0.016872748656594837,0.05061229254083207
2030-05-23 15:00:00,0.0385480338283266,0.08710401050677949
2030-05-23 16:00:00,0.05595404231823608,0.10185923486858058
2030-05-23 17:00:00,0.04313456534811658,0.08377134592846172
2030-05-23 18:00:00,0.018986523948307958,0.058684166043246166
2030-05-23 19:00:00,0.0013660519350096438,0.036028761111206196
2030-05-23 20:00:00,0.0004295991336685463,0.015793058243878652
2030-05-23 21:00:00,0.0,0.0013225258421310066
2030-05-23 22:00:00,0.0,0.0
2030-05-23 23:00:00,0.0,0.0
2030-05-24 00:00:00,0.0009347378835471976,0.00016379402351320805
2030-05-24 01:00:00,0.028283695934920056,0.04268293597592495
2030-05-24 02:00:00,0.06887131447771186,0.14747214270748538
2030-05-24 03:00:00,0.1017868070663546,0.29144963015892444
2030-05-24 04:00:00,0.11757817743203923,0.3635288167692585
2030-05-24 05:00:00,0.1119484477323016,0.379101646275411
2030-05-24 06:00:00,0.12789387642886288,0.41465188324345265
2030-05-24 07:00:00,0.12891191085263234,0.38060111986689565
2030-05-24 08:00:00,0.10613228710101771,0.3404807904662006
2030-05-24 09:00:00,0.09550071192443368,0.32304815691219574
2030-05-24 10:00:00,0.10463295807293982,0.29306801510406577
2030-05-24 11:00:00,0.1480625839023204,0.3896614008897817
2030-05-24 12:00:00,0.14319999633443184,0.41850265432329686
2030-05-24 13:00:00,0.11942023559622597,0.4384881384472825
2030-05-24 14:00:00,0.09197068302960398,0.40958694918684807
2030-05-24 15:00:00,0.05446137850215265,0.2791400149333847
2030-05-24 16:00:00,0.04596878990326467,0.16699597216439982
2030-05-24 17:00:00,0.019944247007258324,0.12240884350947934
2030-05-24 18:00:00,0.016189253112680112,0.10467200102411464
2030-05-24 19:00:00,0.007667480721525209,0.07111746405629724
2030-05-24 20:00:00,0.001342315726081039,0.027901047332458212
2030-05-24 21:00:00,0.0005203385444174422,0.0008625075764318326
2030-05-24 22:00:00,8.310419296313182e-05,0.0
2030-05-24 23:00:00,0.0012476386131317736,0.032785530631738634
2030-05-25 00:00:00,0.07790946690360968,0.37330130067047373
2030-05-25 01:00:00,0.47204614170565296,0.8877627430357988
2030-05-25 02:00:00,0.7400018680316649,0.9363497783757463
2030-05-25 03:00:00,0.5748179516760219,0.7586496415402167
2030-05-25 04:00:00,0.4309106118869973,0.5965010823732222
2030-05-25 05:00:00,0.3363863998214109,0.4516486465389223
2030-05-25 06:00:00,0.1993431685024158,0.24567615441383833
2030-05-25 07:00:00,0.06559669977343015,0.08808859179839075
2030-05-25 08:00:00,0.0,0.0004207713711474075
2030-05-25 09:00:00,0.0010479140630761336,0.0008789152689928963
2030-05-25 10:00:00,0.0013116875193754647,0.0
2030-05-25 11:00:00,0.05999230404435692,0.03689924673729815
2030-05-25 12:00:00,0.09622305766259569,0.1001103139898747
2030-05-25 13:00:00,0.14435501689613733,0.2006751546893817
2030-05-25 14:00:00,0.2948356157776349,0.3937749821649812
2030-05-25 15:00:00,0.4754643736132646,0.5924341356963636
2030-05-25 16:00:00,0.6650740928520036,0.771409453038772
2030-05-25 17:00:00,0.8806957491996197,0.9524708828689513
2030-05-25 18:00:00,0.9831862471515068,0.9970382804899965
2030-05-25 19:00:00,0.9974927491518344,0.9992178667088909
2030-05-25 20:00:00,0.9978947999655872,1.0
2030-05-25 21:00:00,0.9992664061591386,1.0
2030-05-25 22:00:00,0.997935101558309,1.0
2030-05-25 23:00:00,1.0,1.0
2030-05-26 00:00:00,1.0,1.0
2030-05-26 01:00:00,0.9987880889368748,1.0
2030-05-26 02:00:00,0.9973079431915456,1.0
2030-05-26 03:00:00,0.9761812389343266,1.0
2030-05-26 04:00:00,0.8604216149402204,0.9905867915026867
2030-05-26 05:00:00,0.7006107901041367,0.9446935760206381
2030-05-26 06:00:00,0.5973357080299138,0.8462483272911571
2030-05-26 07:00:00,0.5357818078825367,0.6472119836405004
2030-05-26 08:00:00,0.5225748562805348,0.5210441510440104
2030-05-26 09:00:00,0.7364894646736442,0.5324260897358043
2030-05-26 10:00:00,0.9849547351444227,0.9372493205351582
2030-05-26 11:00:00,0.9765795879926514,0.9742381557672818
2030-05-26 12:00:00,0.9139127950230023,0.9358040170942061
2030-05-26 13:00:00,0.7363085701508674,0.6159566882451741
2030-05-26 14:00:00,0.617987613012781,0.46329016879413737
2030-05-26 15:00:00,0.6985391014623504,0.5714372594590807
2030-05-26 16:00:00,0.6883036156213882,0.6263600448338704
2030-05-26 17:00:00,0.6402495732823977,0.6077179037669344
2030-05-26 18:00:00,0.6275267922640138,0.7060046671201125
2030-05-26 19:00:00,0.6372223861219128,0.8154459015128297
2030-05-26 20:00:00,0.5726481842048419,0.7899728665810726
2030-05-26 21:00:00,0.48155397160710084,0.6917668639931114
2030-05-26 22:00:00,0.3183514819248204,0.43545395220891164
2030-05-26 23:00:00,0.43222343278309816,0.5741635405613159
2030-05-27 00:00:00,0.461109265733437,0.6515821008134103
2030-05-27 01:00:00,0.5231051644688829,0.7062709965400211
2030-05-27 02:00:00,0.4882723311197577,0.695122580352799
2030-05-27 03:00:00,0.45026717490364515,0.6278077382393444
2030-05-27 04:00:00,0.3689206099631209,0.5291801929624085
2030-05-27 05:00:00,0.3181272811361533,0.4511805684462936
2030-05-27 06:00:00,0.25537402627867034,0.3985934502484834
2030-05-27 07:00:00,0.22333136247161572,0.37115336744318395
2030-05-27 08:00:00,0.1714297234226063,0.3257540910719848
2030-05-27 09:00:00,0.15798536620205436,0.28950373176917693
2030-05-27 10:00:00,0.14320078570323858,0.2646971594782008
2030-05-27 11:00:00,0.15012071291229967,0.2808613346535449
2030-05-27 12:00:00,0.16263842921705263,0.3079193982336614
2030-05-27 13:00:00,0.18226739653547686,0.312704826099277
2030-05-27 14:00:00,0.2346524096465988,0.342271751370193
2030-05-27 15:00:00,0.2912068343182793,0.34966066715799066
2030-05-27 16:00:00,0.37541188450161067,0.3342997127836125
2030-05-27 17:00:00,0.36859888773271,0.3361708986695119
2030-05-27 18:00:00,0.4093171217335191,0.34896026227801324
2030-05-27 19:00:00,0.43944924555843845,0.4207762568004323
2030-05-27 20:00:00,0.4485332299848689,0.4201194132938405
2030-05-27 21:00:00,0.4284850524926721,0.4193858972705206
2030-05-27 22:00:00,0.2743110640356816,0.2814700561077851
2030-05-27 23:00:00,0.28039382821580905,0.2951150296144322
2030-05-28 00:00:00,0.24309005519360652,0.321495195162327
2030-05-28 01:00:00,0.18680906435919092,0.27736180421801687
2030-05-28 02:00:00,0.14835914208179218,0.2712874140565861
2030-05-28 03:00:00,0.16425260745978476,0.26981344330180834
2030-05-28 04:00:00,0.2308700040178953,0.24993651388672308
2030-05-28 05:00:00,0.281808865610551,0.3109464973173816
2030-05-28 06:00:00,0.2908126222141367,0.3719898840698651
2030-05-28 07:00:00,0.2599064356693099,0.3168990034566582
2030-05-28 08:00:00,0.2189168707405884,0.23979038053907697
2030-05-28 09:00:00,0.2020403665286406,0.23231743855880915
2030-05-28 10:00:00,0.16930203140304417,0.21463083461211438
2030-05-28 11:00:00,0.1513281602131427,0.21217209954122773
2030-05-28 12:00:00,0.14590109496056913,0.23272719422326593
2030-05-28 13:00:00,0.12234743190626689,0.23823423331348859
2030-05-28 14:00:00,0.09300162439063815,0.20989967678494334
2030-05-28 15:00:00,0.0952960622083941,0.20498590343822576
2030-05-28 16:00:00,0.09009463254856329,0.23398786177112946
2030-05-28 17:00:00,0.10251341063484135,0.2782852909448499
2030-05-28 18:00:00,0.1578964995623368,0.3261438937273533
2030-05-28 19:00:00,0.22003989138175423,0.3687741110725566
2030-05-28 20:00:00,0.22283169341558706,0.3930438198913215
2030-05-28 21:00:00,0.21055280654422726,0.42908099616262085
2030-05-28 22:00:00,0.13748198571632148,0.40520380618119806
2030-05-28 23:00:00,0.13646606563689345,0.37603555325938104
2030-05-29 00:00:00,0.14816307513311844,0.3837705088518585
2030-05-29 01:00:00,0.15972159748488837,0.4044910549441415
2030-05-29 02:00:00,0.1849623543052749,0.447210781327247
2030-05-29 03:00:00,0.23650402554246946,0.4830501747340451
2030-05-29 04:00:00,0.22405495539334608,0.4670226221649577
2030-05-29 05:00:00,0.2084743518687256,0.4368322759502934
2030-05-29 06:00:00,0.1900938032146644,0.4126652746356138
2030-05-29 07:00:00,0.18620614842335903,0.39398393476758337
2030-05-29 08:00:00,0.19611161919341094,0.400201990812752
2030-05-29 09:00:00,0.19169548107821857,0.4008818368179444
2030-05-29 10:00:00,0.14085545997654145,0.35577473494248724
2030-05-29 11:00:00,0.13411904151994175,0.33983805360613595
2030-05-29 12:00:00,0.14957541666450896,0.37370682197181837
2030-05-29 13:00:00,0.18542613851272888,0.4375654021126377
2030-05-29 14:00:00,0.28221523864549436,0.4986319187114586
2030-05-29 15:00:00,0.3067254636296238,0.5178910691654838
2030-05-29 16:00:00,0.353751270791621,0.49033116926854214
2030-05-29 17:00:00,0.3961537972642302,0.5315667442531936
2030-05-29 18:00:00,0.39512582953357994,0.5112423806920925
2030-05-29 19:00:00,0.3859439824042339,0.4970393511504362
2030-05-29 20:00:00,0.3541886952752974,0.479901910497116
2030-05-29 21:00:00,0.34415463739906255,0.45798663247266147
2030-05-29 22:00:00,0.30958746269048326,0.4211618078132117
2030-05-29 23:00:00,0.3526056870387265,0.4639231177616386
2030-05-30 00:00:00,0.37110628411779095,0.49209817250235344
2030-05-30 01:00:00,0.37831111159123276,0.4894433551493397
2030-05-30 02:00:00,0.39508722862184353,0.5207927031349554
2030-05-30 03:00:00,0.3907641984518673,0.5213578633575384
2030-05-30 04:00:00,0.3821695681587427,0.4913256209341048
2030-05-30 05:00:00,0.3769703986496771,0.46726107423692065
2030-05-30 06:00:00,0.3345135092463947,0.41084723736509515
2030-05-30 07:00:00,0.27670102914057626,0.3427904959880734
2030-05-30 08:00:00,0.16363070396472218,0.21968121774550428
2030-05-30 09:00:00,0.09289684214348606,0.13843238709556238
2030-05-30 10:00:00,0.019520158013753543,0.07021786976426422
2030-05-30 11:00:00,0.0552693565951798,0.09424853174629375
2030-05-30 12:00:00,0.07139021544993207,0.0730276167313737
2030-05-30 13:00:00,0.13637550028189693,0.10908074530248893
2030-05-30 14:00:00,0.23539087549865273,0.23749198121465703
2030-05-30 15:00:00,0.29105444515142664,0.2991454386867059
2030-05-30 16:00:00,0.3393102038542961,0.3284058001784126
2030-05-30 17:00:00,0.42201248222877635,0.3985610943753565
2030-05-30 18:00:00,0.5216913342527556,0.49074264375021875
2030-05-30 19:00:00,0.5763033320071183,0.5495082309624875
2030-05-30 20:00:00,0.6334979491531078,0.585509948911631
2030-05-30 21:00:00,0.6913786151451777,0.6088559454612289
2030-05-30 22:00:00,0.7008357163567885,0.6016458748685611
2030-05-30 23:00:00,0.8757111528561649,0.791354131769709
2030-05-31 00:00:00,0.8592876837574079,0.899846557471014
2030-05-31 01:00:00,0.7777259220702718,0.9157112788124566
2030-05-31 02:00:00,0.7217608471424106,0.9326110143895081
2030-05-31 03:00:00,0.6863883051084211,0.9103325858958612
2030-05-31 04:00:00,0.7192364582547328,0.8798031345922644
2030-05-31 05:00:00,0.6846547058792104,0.7999282019521938
2030-05-31 06:00:00,0.5940124114005843,0.6812157775087794
2030-05-31 07:00:00,0.5147308515614202,0.5865559306299668
2030-05-31 08:00:00,0.4501988012523309,0.5274591763285328
2030-05-31 09:00:00,0.4921074341919885,0.5821051388935815
2030-05-31 10:00:00,0.3558795954224035,0.4714462734472498
2030-05-31 11:00:00,0.4234508958153918,0.5638146624983104
2030-05-31 12:00:00,0.47158915518605327,0.6222155321738261
2030-05-31 13:00:00,0.46547330073499277,0.5783291913261243
2030-05-31 14:00:00,0.5268028909140414,0.6086982397934058
2030-05-31 15:00:00,0.5035019958415674,0.5322403947623418
2030-05-31 16:00:00,0.4732940814248151,0.4177298235216258
2030-05-31 17:00:00,0.40943182132208283,0.3191586762673708
2030-05-31 18:00:00,0.35367764251680145,0.22099832577977746
2030-05-31 19:00:00,0.3968590591273724,0.26633687598941125
2030-05-31 20:00:00,0.4021089100753049,0.29841455771919967
2030-05-31 21:00:00,0.42434209479661567,0.30814702325107973
2030-05-31 22:00:00,0.26865466248136555,0.26540349865671675
2030-05-31 23:00:00,0.2778666751901392,0.29077944070563655
2030-06-01 00:00:00,0.37820407368192005,0.3835945985152061
2030-06-01 01:00:00,0.5027518186261654,0.49328536700366343
2030-06-01 02:00:00,0.6120660997249824,0.5754785510371635
2030-06-01 03:00:00,0.6242393871142418,0.5447175820977923
2030-06-01 04:00:00,0.6251220786978133,0.4768694496054777
2030-06-01 05:00:00,0.6557093205401381,0.5292988383320234
2030-06-01 06:00:00,0.6326630065958998,0.5753586801353426
2030-06-01 07:00:00,0.693565132532957,0.5646914257287229
2030-06-01 08:00:00,0.7154067951799483,0.6453893195960108
2030-06-01 09:00:00,0.7921104022920664,0.7363334471546288
2030-06-01 10:00:00,0.5204699995472489,0.5397374924053263
2030-06-01 11:00:00,0.6556809144071016,0.8303673311284238
2030-06-01 12:00:00,0.6074896310767982,0.8924562176007447
2030-06-01 13:00:00,0.39982679862133375,0.8596220386978815
2030-06-01 14:00:00,0.1803418349817367,0.5860191024749475
2030-06-01 15:00:00,0.0995821947139885,0.362349270106863
2030-06-01 16:00:00,0.04588491027221597,0.27561906854258605
2030-06-01 17:00:00,0.036194740073038134,0.3590144268645922
2030-06-01 18:00:00,0.22908605804623586,0.7080903619229352
2030-06-01 19:00:00,0.9883794746533726,1.0
2030-06-01 20:00:00,0.9828062330846296,1.0
2030-06-01 21:00:00,0.9684036614059706,0.9907834846150657
2030-06-01 22:00:00,0.980424869910186,0.997810464012024
2030-06-01 23:00:00,0.9859203017313238,0.9986468400334348
2030-06-02 00:00:00,0.9885722558092123,0.9984093902250978
2030-06-02 01:00:00,0.9968487194100474,0.9984903955861842
2030-06-02 02:00:00,0.9984284175871883,1.0
2030-06-02 03:00:00,0.999536826625272,1.0
2030-06-02 04:00:00,1.0,1.0
2030-06-02 05:00:00,0.9995304128250395,1.0
2030-06-02 06:00:00,0.9987882840917581,1.0
2030-06-02 07:00:00,0.9982864022656529,1.0
2030-06-02 08:00:00,0.997400797865328,1.0
2030-06-02 09:00:00,0.9890506048671183,1.0
2030-06-02 10:00:00,0.9695769851182006,1.0
2030-06-02 11:00:00,0.8845230813110599,0.9987341274441556
2030-06-02 12:00:00,0.8527566432805277,0.9885229112486021
2030-06-02 13:00:00,0.7784866463568813,0.974623206822964
2030-06-02 14:00:00,0.691206832432086,0.9275405867872657
2030-06-02 15:00:00,0.6492107798386931,0.9162899790265367
2030-06-02 16:00:00,0.7034536245929008,0.9723065264048639
2030-06-02 17:00:00,0.6214031621494593,0.9533703726852368
2030-06-02 18:00:00,0.6545494804634671,0.9062293126999136
2030-06-02 19:00:00,0.6930577884746508,0.9835963240149735
2030-06-02 20:00:00,0.809807802050563,0.9578677237781417
2030-06-02 21:00:00,0.7034769700932989,0.8648641694161843
2030-06-02 22:00:00,0.5205270909479116,0.6332920722689153
2030-06-02 23:00:00,0.5679093546706897,0.6852158436005688
2030-06-03 00:00:00,0.5510150804569254,0.7131359571026239
2030-06-03 01:00:00,0.6038170905870708,0.7687421100344985
2030-06-03 02:00:00,0.6702980995582507,0.8353659271283885
2030-06-03 03:00:00,0.6590964983293093,0.8357125777085929
2030-06-03 04:00:00,0.5377024314579005,0.7044322344152167
2030-06-03 05:00:00,0.5133020366089683,0.669871959259578
2030-06-03 06:00:00,0.7617973284160753,0.8763287154728677
2030-06-03 07:00:00,0.9181577764051908,0.9788379610924
2030-06-03 08:00:00,0.9725822151210096,0.9971761220433528
2030-06-03 09:00:00,0.9896732709715848,0.9990895433165177
2030-06-03 10:00:00,0.9539299144632221,0.9758066693272965
2030-06-03 11:00:00,0.9992096658456708,0.9999660137481786
2030-06-03 12:00:00,1.0,1.0
2030-06-03 13:00:00,1.0,1.0
2030-06-03 14:00:00,1.0,1.0
2030-06-03 15:00:00,1.0,1.0
2030-06-03 16:00:00,1.0,1.0
2030-06-03 17:00:00,1.0,1.0
2030-06-03 18:00:00,1.0,1.0
2030-06-03 19:00:00,1.0,1.0
2030-06-03 20:00:00,1.0,1.0
2030-06-03 21:00:00,1.0,1.0
2030-06-03 22:00:00,1.0,1.0
2030-06-03 23:00:00,1.0,1.0
2030-06-04 00:00:00,0.9998412985199074,1.0
2030-06-04 01:00:00,0.9963673160695408,1.0
2030-06-04 02:00:00,0.9743725077895616,0.9998074412438483
2030-06-04 03:00:00,0.972996583426373,0.9994546720242128
2030-06-04 04:00:00,0.9800778692555142,1.0
2030-06-04 05:00:00,0.9877825832832081,1.0
2030-06-04 06:00:00,0.984229071352617,0.9996957834503319
2030-06-04 07:00:00,0.9749631898518791,0.9940510984743466
2030-06-04 08:00:00,0.933353027450485,0.9713645158211847
2030-06-04 09:00:00,0.8593828286620577,0.9205359076327364
2030-06-04 10:00:00,0.6099625048808957,0.7102981191585167
2030-06-04 11:00:00,0.5505986482526863,0.6927780566810131
2030-06-04 12:00:00,0.6418978355310989,0.831270238687627
2030-06-04 13:00:00,0.8338559213537995,0.9683311253758191
2030-06-04 14:00:00,0.8780235041972185,0.9741398026360513
2030-06-04 15:00:00,0.8524431861570246,0.9477360963216933
2030-06-04 16:00:00,0.8191948515130245,0.8930953142485762
2030-06-04 17:00:00,0.8540578959869076,0.9518878008091106
2030-06-04 18:00:00,0.9055438536591809,0.9589059387592579
2030-06-04 19:00:00,0.9489388786284877,0.9715117597093651
2030-06-04 20:00:00,0.9382907289190462,0.9593052196536028
2030-06-04 21:00:00,0.946704552410832,0.9477253786124915
2030-06-04 22:00:00,0.9325164863146761,0.936475062854152
2030-06-04 23:00:00,0.8955584575874288,0.8608768024070941
2030-06-05 00:00:00,0.8506053246278215,0.7173453787261058
2030-06-05 01:00:00,0.6728394944997927,0.4929905202954221
2030-06-05 02:00:00,0.5694478203211534,0.6049536995690007
2030-06-05 03:00:00,0.6559497267564521,0.8390424920594942
2030-06-05 04:00:00,0.7535044278580518,0.8656242992958028
2030-06-05 05:00:00,0.7980329863943771,0.8633133047378384
2030-06-05 06:00:00,0.796066691646368,0.8478333786997052
2030-06-05 07:00:00,0.775618757955774,0.8437959924408728
2030-06-05 08:00:00,0.8478629109411919,0.9191398549487904
2030-06-05 09:00:00,0.8801102403690875,0.9553098307212127
2030-06-05 10:00:00,0.6226994719083399,0.7199381082681295
2030-06-05 11:00:00,0.7937537472861707,0.8568372742141104
2030-06-05 12:00:00,0.9072094362089099,0.929063476230546
2030-06-05 13:00:00,0.9675168564024597,0.976470281439423
2030-06-05 14:00:00,0.9745032159184303,0.9868186645236032
2030-06-05 15:00:00,0.9862983369291255,0.9956874334160758
2030-06-05 16:00:00,0.9978479147837546,0.9969788825812711
2030-06-05 17:00:00,1.0,0.9984044311603608
2030-06-05 18:00:00,1.0,0.9997660840252007
2030-06-05 19:00:00,1.0,1.0
2030-06-05 20:00:00,1.0,1.0
2030-06-05 21:00:00,1.0,1.0
2030-06-05 22:00:00,0.8489069321932292,0.9997258974691211
2030-06-05 23:00:00,0.3452198935950692,0.8131154296397518
2030-06-06 00:00:00,0.12155662904631204,0.43079057926880593
2030-06-06 01:00:00,0.11296012993871928,0.27776811044542293
2030-06-06 02:00:00,0.08363762044256345,0.1511880621092737
2030-06-06 03:00:00,0.06874928161244266,0.09705150662262502
2030-06-06 04:00:00,0.02982464433365997,0.04249595722486763
2030-06-06 05:00:00,0.03012780654480996,0.06977337033662828
2030-06-06 06:00:00,0.05628396179294653,0.0776642530587488
2030-06-06 07:00:00,0.05995804116348748,0.0595389487107226
2030-06-06 08:00:00,0.037708358441009386,0.030744639802318764
2030-06-06 09:00:00,0.0225691293371343,0.006057114513099688
2030-06-06 10:00:00,0.011665984741033407,0.0011213876407894614
2030-06-06 11:00:00,0.038803933640832594,0.014097788816607084
2030-06-06 12:00:00,0.02730782033380097,0.003841151149476139
2030-06-06 13:00:00,0.01985115215168992,0.001306491873321902
2030-06-06 14:00:00,0.06652317416711771,0.03222003661060339
2030-06-06 15:00:00,0.050941751736547115,0.008480584544708979
2030-06-06 16:00:00,0.03815738270279106,0.0012115314266681618
2030-06-06 17:00:00,0.05702011083074545,0.0014017543067799136
2030-06-06 18:00:00,0.005721393752158906,0.0
2030-06-06 19:00:00,0.008292641190362379,0.0
2030-06-06 20:00:00,0.04950212108085985,0.0012316272347769103
2030-06-06 21:00:00,0.23018553912607187,0.16578154930184666
2030-06-06 22:00:00,0.2677217579656426,0.3732893186740577
2030-06-06 23:00:00,0.22326327115099645,0.39347331786007833
2030-06-07 00:00:00,0.31460088377235085,0.31241668699188097
2030-06-07 01:00:00,0.5127659467652725,0.4021989179715579
2030-06-07 02:00:00,0.65957681184813,0.6333922949073584
2030-06-07 03:00:00,0.9125796198147195,0.9385766801519793
2030-06-07 04:00:00,0.9680449755071253,0.9570050609743758
2030-06-07 05:00:00,0.8757293781497708,0.8632655725754774
2030-06-07 06:00:00,0.6170562651631994,0.6442458582947395
2030-06-07 07:00:00,0.3978388889683863,0.4986011570354971
2030-06-07 08:00:00,0.40488101272168686,0.614431246783334
2030-06-07 09:00:00,0.463142646998993,0.6070991835974033
2030-06-07 10:00:00,0.4103700481179947,0.5360285582275239
2030-06-07 11:00:00,0.48303896716659955,0.6247747656159153
2030-06-07 12:00:00,0.4594372493908486,0.44464615983246786
2030-06-07 13:00:00,0.5885271027595178,0.5723710230519589
2030-06-07 14:00:00,0.9268829227745667,0.8924039768813339
2030-06-07 15:00:00,0.9969026659074731,0.9771684812949777
2030-06-07 16:00:00,0.999601134337216,0.9879230368019362
2030-06-07 17:00:00,1.0,0.9974111347966447
2030-06-07 18:00:00,1.0,1.0
2030-06-07 19:00:00,1.0,1.0
2030-06-07 20:00:00,1.0,1.0
2030-06-07 21:00:00,1.0,1.0
2030-06-07 22:00:00,0.9974651959376172,1.0
2030-06-07 23:00:00,0.9505181561202285,0.9965127754894165
2030-06-08 00:00:00,0.8936051728021017,0.9701744334208064
2030-06-08 01:00:00,0.9250617968104845,0.9723062523003614
2030-06-08 02:00:00,0.9541635414271458,0.9780540065953373
2030-06-08 03:00:00,0.9731456763622743,0.9845749363937427
2030-06-08 04:00:00,0.9823594259015969,0.9940994075642211
2030-06-08 05:00:00,0.9971859841195602,0.99834691369678
2030-06-08 06:00:00,0.9984918998479595,1.0
2030-06-08 07:00:00,0.9973729993735666,1.0
2030-06-08 08:00:00,0.9824024855764446,0.9975854854348641
2030-06-08 09:00:00,0.981308517667108,0.9828591827018675
2030-06-08 10:00:00,0.9974749709700335,0.991880968282042
2030-06-08 11:00:00,1.0,0.9999201876843419
2030-06-08 12:00:00,1.0,1.0
2030-06-08 13:00:00,1.0,1.0
2030-06-08 14:00:00,1.0,1.0
2030-06-08 15:00:00,1.0,1.0
2030-06-08 16:00:00,1.0,1.0
2030-06-08 17:00:00,1.0,1.0
2030-06-08 18:00:00,0.9973865862142481,1.0
2030-06-08 19:00:00,0.8560637050266473,0.985517942723715
2030-06-08 20:00:00,0.40452238039461497,0.5596406281328848
2030-06-08 21:00:00,0.11927579717807925,0.1983830206669168
2030-06-08 22:00:00,0.028783371564785696,0.07433940363311642
2030-06-08 23:00:00,0.06017986571606165,0.06509066141426408
2030-06-09 00:00:00,0.11285442581328238,0.18728126031224462
2030-06-09 01:00:00,0.2532729408027658,0.3771937992100748
2030-06-09 02:00:00,0.2909983309790272,0.3493776231031979
2030-06-09 03:00:00,0.21657567805504468,0.25636734289652724
2030-06-09 04:00:00,0.19831348119885453,0.26312534990860104
2030-06-09 05:00:00,0.2612602244535318,0.3672991259489096
2030-06-09 06:00:00,0.3355065298152883,0.5345937484917999
2030-06-09 07:00:00,0.5559131393146196,0.8049844339317761
2030-06-09 08:00:00,0.8570471139415647,0.970104057302437
2030-06-09 09:00:00,0.8816841069205396,0.9675195596869912
2030-06-09 10:00:00,0.8407150094814733,0.9064645638014038
2030-06-09 11:00:00,0.5621241185895998,0.7470190934201844
2030-06-09 12:00:00,0.26202719424297216,0.5475114021319287
2030-06-09 13:00:00,0.2372455317236386,0.5107797629795274
2030-06-09 14:00:00,0.220593441777316,0.48248796225069485
2030-06-09 15:00:00,0.1611071097746693,0.3753401142817774
2030-06-09 16:00:00,0.14588621390166734,0.2831974603952904
2030-06-09 17:00:00,0.22491858400682904,0.33442915680210483
2030-06-09 18:00:00,0.3814066452431125,0.5176060257062512
2030-06-09 19:00:00,0.5734156096819929,0.908964640037189
2030-06-09 20:00:00,0.6173467823360703,0.9159959035284464
2030-06-09 21:00:00,0.5887662320921475,0.8568931104445934
2030-06-09 22:00:00,0.4225603980255601,0.6107867329236009
2030-06-09 23:00:00,0.5306249014402152,0.7184744448840394
2030-06-10 00:00:00,0.6180137585667449,0.8215753097830248
2030-06-10 01:00:00,0.5741996145746431,0.8504010180707614
2030-06-10 02:00:00,0.36324135054209905,0.7096996974991325
2030-06-10 03:00:00,0.3805459936715214,0.6518263645780211
2030-06-10 04:00:00,0.7765533747888311,0.8959806495577092
2030-06-10 05:00:00,0.9976343315679915,1.0
2030-06-10 06:00:00,1.0,1.0
2030-06-10 07:00:00,1.0,1.0
2030-06-10 08:00:00,0.9986564905316193,1.0
2030-06-10 09:00:00,0.9967797902492183,1.0
2030-06-10 10:00:00,0.9962694410443182,1.0
2030-06-10 11:00:00,0.9908767627492322,1.0
2030-06-10 12:00:00,0.9820963257368457,1.0
2030-06-10 13:00:00,0.95991410452736,0.9985254375385556
2030-06-10 14:00:00,0.898095437474616,0.9970137363273507
2030-06-10 15:00:00,0.8865917061699612,0.9968379679787861
2030-06-10 16:00:00,0.883048040150757,0.996622133554219
2030-06-10 17:00:00,0.897438960112833,0.9974199703667951
2030-06-10 18:00:00,0.9092888046102131,0.9984471061899898
2030-06-10 19:00:00,0.8897434831365374,0.9979405484275965
2030-06-10 20:00:00,0.8572499731395486,0.9914179291967852
2030-06-10 21:00:00,0.8216781993158434,0.9742284224932328
2030-06-10 22:00:00,0.6771728168645031,0.9110783139853909
2030-06-10 23:00:00,0.6770509231420467,0.9007858982373501
2030-06-11 00:00:00,0.6898227107509296,0.8860618415982374
2030-06-11 01:00:00,0.6387935948445308,0.81469910354087
2030-06-11 02:00:00,0.5593925095883221,0.6992255775964996
2030-06-11 03:00:00,0.4949102462287693,0.6107941853894117
2030-06-11 04:00:00,0.49331269013321866,0.6073968548469428
2030-06-11 05:00:00,0.4173845066963144,0.5729388438307688
2030-06-11 06:00:00,0.36180325812531494,0.5430369845497065
2030-06-11 07:00:00,0.3333130360084736,0.5373269882919098
2030-06-11 08:00:00,0.28648394179021497,0.5055792749464383
2030-06-11 09:00:00,0.27960301456800135,0.48561031487777123
2030-06-11 10:00:00,0.27307367356504236,0.48257082472206503
2030-06-11 11:00:00,0.29581873673956416,0.4808273070424393
2030-06-11 12:00:00,0.3478881163601375,0.5153683498092212
2030-06-11 13:00:00,0.3954664615069578,0.567049359425258
2030-06-11 14:00:00,0.4315366709084774,0.594604867959154
2030-06-11 15:00:00,0.4560803675856976,0.6257942463695467
2030-06-11 16:00:00,0.46934219853934595,0.6405019441259034
2030-06-11 17:00:00,0.4522911564146917,0.6390179123764625
2030-06-11 18:00:00,0.5031463155574183,0.6595836099215112
2030-06-11 19:00:00,0.5210323690529106,0.6836739866630497
2030-06-11 20:00:00,0.5601030232719852,0.7295295758958457
2030-06-11 21:00:00,0.5711447123429474,0.752910437763547
2030-06-11 22:00:00,0.6382759391518191,0.8154935417522802
2030-06-11 23:00:00,0.6315600061564053,0.8257557942662858
2030-06-12 00:00:00,0.6034442050210673,0.8013222385152059
2030-06-12 01:00:00,0.6071277417871098,0.8135814153046347
2030-06-12 02:00:00,0.5632984535102258,0.7628577892179909
2030-06-12 03:00:00,0.4960769834728279,0.7181491928241595
2030-06-12 04:00:00,0.44471542929719265,0.6817300238494245
2030-06-12 05:00:00,0.4388192320582007,0.6994053728859395
2030-06-12 06:00:00,0.4660913829707373,0.7665380984366273
2030-06-12 07:00:00,0.5060721742909987,0.8110233995784356
2030-06-12 08:00:00,0.5566957894286401,0.8457881365088907
2030-06-12 09:00:00,0.5768285518569616,0.8573063393729639
2030-06-12 10:00:00,0.546149196839546,0.8627109764697605
2030-06-12 11:00:00,0.622982835431611,0.8816492524884822
2030-06-12 12:00:00,0.7177382820770066,0.9213869278215807
2030-06-12 13:00:00,0.7432837751678077,0.9145176248355267
2030-06-12 14:00:00,0.7204749977033815,0.8812821376199196
2030-06-12 15:00:00,0.703176691086351,0.8831679381473669
2030-06-12 16:00:00,0.6581493618381254,0.9125099467849755
2030-06-12 17:00:00,0.6123450523087158,0.943941582294656
2030-06-12 18:00:00,0.6328783613827508,0.9357718212745744
2030-06-12 19:00:00,0.6084683396853973,0.9107016603327337
2030-06-12 20:00:00,0.5910982896524656,0.9029331665260555
2030-06-12 21:00:00,0.5342816789991923,0.7978091178190372
2030-06-12 22:00:00,0.4973097848156029,0.831970871225387
2030-06-12 23:00:00,0.5172811146253322,0.8119540455431231
2030-06-13 00:00:00,0.557049057499724,0.8198905965575343
2030-06-13 01:00:00,0.5605863866135105,0.8406485439258925
2030-06-13 02:00:00,0.5090056708485236,0.8115974744591073
2030-06-13 03:00:00,0.434653567511419,0.7311435514648424
2030-06-13 04:00:00,0.37270899335716684,0.6535379126209535
2030-06-13 05:00:00,0.326797736765706,0.6232051627770422
2030-06-13 06:00:00,0.3092874929809259,0.5941389231650362
2030-06-13 07:00:00,0.3050679826094856,0.5749876436214009
2030-06-13 08:00:00,0.24661488403116505,0.49927459903655175
2030-06-13 09:00:00,0.18410924048540422,0.4145003616910174
2030-06-13 10:00:00,0.15697581225164137,0.3574159897415695
2030-06-13 11:00:00,0.1255077778788168,0.2832937561531088
2030-06-13 12:00:00,0.10517116290080102,0.23009083837341518
2030-06-13 13:00:00,0.09062597870132622,0.1840553395592519
2030-06-13 14:00:00,0.06537393746026704,0.1367491620347606
2030-06-13 15:00:00,0.04102759772161245,0.09203939900926672
2030-06-13 16:00:00,0.010360401380069821,0.05208587269464441
2030-06-13 17:00:00,0.001066588718527576,0.022034688964498426
2030-06-13 18:00:00,0.00023297756038233154,0.00129161051888384
2030-06-13 19:00:00,0.0,0.0
2030-06-13 20:00:00,0.0,0.0
2030-06-13 21:00:00,0.0,0.0
2030-06-13 22:00:00,0.0,0.0
2030-06-13 23:00:00,0.000555901352453764,0.00657266783713891
2030-06-14 00:00:00,0.017274202733418762,0.060820069731050815
2030-06-14 01:00:00,0.05852101164747937,0.12680036763178723
2030-06-14 02:00:00,0.09346791802742081,0.2294319440308814
2030-06-14 03:00:00,0.1683281646840209,0.363136181672411
2030-06-14 04:00:00,0.30105643747217176,0.5102914680874311
2030-06-14 05:00:00,0.4175264995974342,0.6647609878892743
2030-06-14 06:00:00,0.5293760707848691,0.7856498537468827
2030-06-14 07:00:00,0.6574396736536801,0.8960660443438365
2030-06-14 08:00:00,0.6374130631156506,0.8701180432774774
2030-06-14 09:00:00,0.6249799664315414,0.8462218020548592
2030-06-14 10:00:00,0.533473382010313,0.8238208791164884
2030-06-14 11:00:00,0.6074226724528347,0.8598152446975478
2030-06-14 12:00:00,0.5965511033812911,0.8555690261315482
2030-06-14 13:00:00,0.5894814696247421,0.7609944455941854
2030-06-14 14:00:00,0.607859561033434,0.8365223042165945
2030-06-14 15:00:00,0.6108441078041487,0.7964221186013702
2030-06-14 16:00:00,0.62245209402705,0.7620580248495772
2030-06-14 17:00:00,0.6508296305451033,0.7312032191693458
2030-06-14 18:00:00,0.36130497394368255,0.5904277601566615
2030-06-14 19:00:00,0.26735045337829416,0.6341892664014114
2030-06-14 20:00:00,0.2941269238691129,0.6489754225689613
2030-06-14 21:00:00,0.3314114111204701,0.6333959815923442
2030-06-14 22:00:00,0.17852966423190444,0.34009218865020585
2030-06-14 23:00:00,0.21625966591512635,0.29104260431881523
2030-06-15 00:00:00,0.23223731401515138,0.2600906872687085
2030-06-15 01:00:00,0.23178564030129398,0.23278301035938287
2030-06-15 02:00:00,0.19370121640443752,0.21218487040625378
2030-06-15 03:00:00,0.17052134168713667,0.1823848112536546
2030-06-15 04:00:00,0.16724486905212596,0.21871493650762977
2030-06-15 05:00:00,0.15802671712439004,0.244972639685211
2030-06-15 06:00:00,0.1839059696839681,0.293603045142531
2030-06-15 07:00:00,0.1988724619500156,0.36149386490149155
2030-06-15 08:00:00,0.24573429300840186,0.3775119814129349
2030-06-15 09:00:00,0.36482828492436803,0.39558527700077867
2030-06-15 10:00:00,0.2973800428905684,0.26626926823329816
2030-06-15 11:00:00,0.41037272077909226,0.3237637580764241
2030-06-15 12:00:00,0.5974195701862668,0.4007462575283962
2030-06-15 13:00:00,0.8375063845184976,0.5931398065889151
2030-06-15 14:00:00,0.9041534259246695,0.822752897475266
2030-06-15 15:00:00,0.9029437298453803,0.881692954625671
2030-06-15 16:00:00,0.8482308071386966,0.8171129461981129
2030-06-15 17:00:00,0.6679488077753966,0.5957275150102859
2030-06-15 18:00:00,0.4871643820413354,0.35628773835210253
2030-06-15 19:00:00,0.3245247024350951,0.18289119757936742
2030-06-15 20:00:00,0.16210089169595354,0.0683115235361582
2030-06-15 21:00:00,0.09101626305566397,0.04801019281512749
2030-06-15 22:00:00,0.04414598087773076,0.06708087899657375
2030-06-15 23:00:00,0.06206678282656841,0.09677703172809253
2030-06-16 00:00:00,0.07572274412023265,0.09097323542334151
2030-06-16 01:00:00,0.07894203453377938,0.06971385672542874
2030-06-16 02:00:00,0.08522306061016252,0.04135957652899421
2030-06-16 03:00:00,0.08807652711381642,0.021308547334432097
2030-06-16 04:00:00,0.0939520388337228,0.009675043932971972
2030-06-16 05:00:00,0.1477460313571474,0.015492401366879537
2030-06-16 06:00:00,0.12235728903328869,0.06285478331564358
2030-06-16 07:00:00,0.0683917121748248,0.07573191988866233
2030-06-16 08:00:00,0.060043637237218755,0.07603555260111115
2030-06-16 09:00:00,0.05442807040441211,0.08553740097530835
2030-06-16 10:00:00,0.0011436552289938182,0.037337481881617
2030-06-16 11:00:00,0.001430709934738648,0.05272925907508538
2030-06-16 12:00:00,0.016006049111595918,0.07795003210792582
2030-06-16 13:00:00,0.027469642488105857,0.09021007279968869
2030-06-16 14:00:00,0.033903042783369364,0.08344276023913706
2030-06-16 15:00:00,0.04728795694675997,0.08824957101870241
2030-06-16 16:00:00,0.054657994879646246,0.08604249292283592
2030-06-16 17:00:00,0.07421921975686298,0.09206919114107306
2030-06-16 18:00:00,0.08781170468579559,0.11617855993379822
2030-06-16 19:00:00,0.09006135237357313,0.12354169764396812
2030-06-16 20:00:00,0.09058888584633513,0.1583210878423407
2030-06-16 21:00:00,0.11203261974547268,0.2249076251204576
2030-06-16 22:00:00,0.13798023962904601,0.2833142919679557
2030-06-16 23:00:00,0.14177789771526894,0.32267787269587966
2030-06-17 00:00:00,0.14615587604669525,0.3143193812433324
2030-06-17 01:00:00,0.15840231800607063,0.28853280693609584
2030-06-17 02:00:00,0.16172320732963494,0.24801039530009672
2030-06-17 03:00:00,0.17137661780975327,0.2724552926954351
2030-06-17 04:00:00,0.16629800194673006,0.26706130208767864
2030-06-17 05:00:00,0.14222699113261084,0.21736958714086055
2030-06-17 06:00:00,0.12237761484515551,0.16785758516137808
2030-06-17 07:00:00,0.09418073095865134,0.13165031440651348
2030-06-17 08:00:00,0.07701150298193343,0.1149529171689367
2030-06-17 09:00:00,0.03881477054704195,0.08100923341312398
2030-06-17 10:00:00,0.0011188922808407628,0.04464639927412633
2030-06-17 11:00:00,0.0007297054789039102,0.041688571803782465
2030-06-17 12:00:00,0.0005096820789023941,0.03822743798833119
2030-06-17 13:00:00,0.00023933763355527321,0.02288347942731092
2030-06-17 14:00:00,0.0003001450062024489,0.015511879870793534
2030-06-17 15:00:00,5.320046066526572e-05,0.0014004565473630117
2030-06-17 16:00:00,0.0,0.0003177836839206735
2030-06-17 17:00:00,0.0,0.0
2030-06-17 18:00:00,0.0,0.0
2030-06-17 19:00:00,0.0,0.0
2030-06-17 20:00:00,0.0,0.0
2030-06-17 21:00:00,0.0,0.0003251241950958104
2030-06-17 22:00:00,0.0,0.0006446938481212535
2030-06-17 23:00:00,0.00094226606512687,0.02950702581691102
2030-06-18 00:00:00,0.011493417937099388,0.0312057447383395
2030-06-18 01:00:00,0.018828412981994582,0.03413401183416812
2030-06-18 02:00:00,0.028655062346094655,0.060954226341840334
2030-06-18 03:00:00,0.04116310122947224,0.08257293957776249
2030-06-18 04:00:00,0.05936424540244338,0.09692136518294081
2030-06-18 05:00:00,0.047975009393304624,0.08320491645428849
2030-06-18 06:00:00,0.02562559403331201,0.05995783369082385
2030-06-18 07:00:00,0.007359118003773702,0.04960009098395668
2030-06-18 08:00:00,0.004822031792199291,0.07025657715387637
2030-06-18 09:00:00,0.0204660379860791,0.10652358569373302
2030-06-18 10:00:00,0.02398930889013277,0.12684608944561154
2030-06-18 11:00:00,0.061778433350367354,0.20479438515218024
2030-06-18 12:00:00,0.10773758479189503,0.29125642807951735
2030-06-18 13:00:00,0.14890984838006344,0.40374135437600706
2030-06-18 14:00:00,0.2625855244570573,0.5409634630167417
2030-06-18 15:00:00,0.32318306479973713,0.5468432462706105
2030-06-18 16:00:00,0.38336680658792643,0.6638806032845895
2030-06-18 17:00:00,0.4265375279545857,0.5265804275991803
2030-06-18 18:00:00,0.3722692239486731,0.4497285539562759
2030-06-18 19:00:00,0.32766609682869097,0.4404671582774319
2030-06-18 20:00:00,0.2505366430949917,0.37619519732796286
2030-06-18 21:00:00,0.16435281216444292,0.2676788657988547
2030-06-18 22:00:00,0.10088875142406596,0.1634308445756306
2030-06-18 23:00:00,0.10461265137620013,0.16681682235513887
2030-06-19 00:00:00,0.08390785037757639,0.1436695134766196
2030-06-19 01:00:00,0.06269878500939438,0.09588897910358096
2030-06-19 02:00:00,0.0470583265065371,0.060416414673775315
2030-06-19 03:00:00,0.03754674178582267,0.04647877097664599
2030-06-19 04:00:00,0.04166160268993119,0.04676499654429058
2030-06-19 05:00:00,0.02993827645708558,0.021142032698497612
2030-06-19 06:00:00,0.0014140961013881773,0.0012522354335717286
2030-06-19 07:00:00,0.0007008697312829704,0.0008227928382893195
2030-06-19 08:00:00,0.000587704693818347,0.0007940252591771942
2030-06-19 09:00:00,0.0004572067334931857,0.0007440450780420895
2030-06-19 10:00:00,0.0,9.734327260612025e-05
2030-06-19 11:00:00,3.2153503373303e-05,0.0004642526704690272
2030-06-19 12:00:00,0.0004591708601396208,0.00032705768496820765
2030-06-19 13:00:00,0.0009327078545458001,0.0005514836586109334
2030-06-19 14:00:00,0.004724298383935448,0.0012573565040055704
2030-06-19 15:00:00,0.03278021978776398,0.022400362623719857
2030-06-19 16:00:00,0.06693865030868629,0.05061455670486933
2030-06-19 17:00:00,0.11305456441638477,0.09723239268567821
2030-06-19 18:00:00,0.16211349878493758,0.20572916329688104
2030-06-19 19:00:00,0.1502060249151988,0.2913679174873451
2030-06-19 20:00:00,0.12239849175918434,0.30642211977574607
2030-06-19 21:00:00,0.1469620186408293,0.344031035904573
2030-06-19 22:00:00,0.0879036775442481,0.22087029551986426
2030-06-19 23:00:00,0.08446168888594906,0.15656083221320188
2030-06-20 00:00:00,0.09536228679277799,0.17220326909986594
2030-06-20 01:00:00,0.22994584050784497,0.3567278831223328
2030-06-20 02:00:00,0.348612950052838,0.44305303065692225
2030-06-20 03:00:00,0.34130764577880146,0.5211846870943079
2030-06-20 04:00:00,0.27878148035947303,0.4166078422776124
2030-06-20 05:00:00,0.1650022563479692,0.24634503072879427
2030-06-20 06:00:00,0.07491565852685175,0.0969672423092605
2030-06-20 07:00:00,0.05146850801512879,0.08558325331708266
2030-06-20 08:00:00,0.07564140903368194,0.11067863328551751
2030-06-20 09:00:00,0.11115189488204462,0.16435024488081035
2030-06-20 10:00:00,0.10622056938924507,0.16390042903011964
2030-06-20 11:00:00,0.08781815916211519,0.12791060267964238
2030-06-20 12:00:00,0.10642003393775833,0.20066230493932385
2030-06-20 13:00:00,0.16046676372980312,0.32702345554338663
2030-06-20 14:00:00,0.13550103703963423,0.29857630387259837
2030-06-20 15:00:00,0.09191254759264697,0.22637623245159724
2030-06-20 16:00:00,0.11352499213387038,0.2706196979744965
2030-06-20 17:00:00,0.11725956108676042,0.269763923821987
2030-06-20 18:00:00,0.09768472520680727,0.23095098891854762
2030-06-20 19:00:00,0.06629866750935269,0.14448510332035924
2030-06-20 20:00:00,0.054031561097734465,0.09563669878841213
2030-06-20 21:00:00,0.05718389209760537,0.08595591362184903
2030-06-20 22:00:00,0.027597857069576726,0.05033483438793528
2030-06-20 23:00:00,0.04025316441000591,0.09614525857299763
2030-06-21 00:00:00,0.052495208760359395,0.15384937023787296
2030-06-21 01:00:00,0.06477711856237961,0.17143805641690715
2030-06-21 02:00:00,0.056805928532615665,0.13801690332909822
2030-06-21 03:00:00,0.06343194482459696,0.14547849355195755
2030-06-21 04:00:00,0.09856985090192448,0.22345268364278587
2030-06-21 05:00:00,0.12888250276709545,0.3032815149056395
2030-06-21 06:00:00,0.16600631451546707,0.38362911195001503
2030-06-21 07:00:00,0.1925811568379864,0.41817906753320944
2030-06-21 08:00:00,0.24377281903663667,0.4505765760448457
2030-06-21 09:00:00,0.21481309496805912,0.40525978501319815
2030-06-21 10:00:00,0.1627130485947663,0.26457091320228854
2030-06-21 11:00:00,0.20284835443003818,0.2797695124820136
2030-06-21 12:00:00,0.23011787323666996,0.2939965254767412
2030-06-21 13:00:00,0.20489430878712855,0.2829186580851516
2030-06-21 14:00:00,0.17935714853607262,0.28594510462166184
2030-06-21 15:00:00,0.20812152168854883,0.27701474481065697
2030-06-21 16:00:00,0.16941867629499643,0.21440339095475028
2030-06-21 17:00:00,0.11476011899362513,0.14435833659162522
2030-06-21 18:00:00,0.07274969231402986,0.08911223418634007
2030-06-21 19:00:00,0.07421950221005635,0.07326757770055449
2030-06-21 20:00:00,0.06396836881608195,0.05349467140647023
2030-06-21 21:00:00,0.04412274738373915,0.013470144387302064
2030-06-21 22:00:00,0.001325456441218077,0.00047884079740088313
2030-06-21 23:00:00,0.01030458145657225,0.011800882091356048
2030-06-22 00:00:00,0.03951886525203985,0.06193285730376202
2030-06-22 01:00:00,0.05634343853746399,0.09301031510832247
2030-06-22 02:00:00,0.03291152610497835,0.09217727317271482
2030-06-22 03:00:00,0.018000622916223712,0.08739233613365485
2030-06-22 04:00:00,0.010164336650455902,0.108945163471999
2030-06-22 05:00:00,0.01927694907352014,0.1473560356695079
2030-06-22 06:00:00,0.03686240669035729,0.16371519930999112
2030-06-22 07:00:00,0.05761684085690117,0.19652956935508586
2030-06-22 08:00:00,0.06996641203115372,0.2473874352685655
2030-06-22 09:00:00,0.08723464258277391,0.33532270538026454
2030-06-22 10:00:00,0.11861423380430185,0.44815892515260625
2030-06-22 11:00:00,0.16513163072929138,0.569347357548871
2030-06-22 12:00:00,0.15507751731851804,0.5818381579170384
2030-06-22 13:00:00,0.1821329004427523,0.7430149850933289
2030-06-22 14:00:00,0.286788152493344,0.9110631780445302
2030-06-22 15:00:00,0.29402176592394963,0.9169060267418583
2030-06-22 16:00:00,0.29078132689928693,0.883878080358949
2030-06-22 17:00:00,0.3053884578289603,0.863495154222514
2030-06-22 18:00:00,0.32555104013436587,0.8580277122139557
2030-06-22 19:00:00,0.4525039940471655,0.87815722223768
2030-06-22 20:00:00,0.601882033420874,0.9127149224106522
2030-06-22 21:00:00,0.7153647580514317,0.9678809593104963
2030-06-22 22:00:00,0.6956929545144006,0.9695224455741068
2030-06-22 23:00:00,0.7274886888968222,0.9586123479180038
2030-06-23 00:00:00,0.6102069495069214,0.8975596503463811
2030-06-23 01:00:00,0.5940700885570472,0.8469061689673768
2030-06-23 02:00:00,0.5103992989339045,0.7337846914647561
2030-06-23 03:00:00,0.46294543791252274,0.715191395280209
2030-06-23 04:00:00,0.4276787865132738,0.7008052941737631
2030-06-23 05:00:00,0.41800527772842805,0.7547397535456525
2030-06-23 06:00:00,0.35215089356392265,0.8129852876084084
2030-06-23 07:00:00,0.265318274541947,0.7153790341844678
2030-06-23 08:00:00,0.24847315260507635,0.467333653042755
2030-06-23 09:00:00,0.3251226859626271,0.3754770846769423
2030-06-23 10:00:00,0.3362655838034797,0.3266474100259471
2030-06-23 11:00:00,0.49408793648189675,0.3825414893468755
2030-06-23 12:00:00,0.6396209833406707,0.41550398661267846
2030-06-23 13:00:00,0.8209737769742534,0.5118419108328638
2030-06-23 14:00:00,0.8965577827566235,0.7408260919878549
2030-06-23 15:00:00,0.892356254477574,0.8943745510227579
2030-06-23 16:00:00,0.8809839370254171,0.9532441912642247
2030-06-23 17:00:00,0.8502880102727861,0.947645436770795
2030-06-23 18:00:00,0.8101752977824677,0.9437542876212688
2030-06-23 19:00:00,0.7907123293783025,0.9553811732198285
2030-06-23 20:00:00,0.7909942495779148,0.9384086288014524
2030-06-23 21:00:00,0.7879245782942255,0.9112606258310234
2030-06-23 22:00:00,0.6816483993569821,0.8416032939281843
2030-06-23 23:00:00,0.6622297266835884,0.7969922636201785
2030-06-24 00:00:00,0.6674061481911227,0.7703012237124767
2030-06-24 01:00:00,0.6829139486583853,0.7630850318726469
2030-06-24 02:00:00,0.6974848508719959,0.7839693204390059
2030-06-24 03:00:00,0.6931887100754431,0.7823363759232803
2030-06-24 04:00:00,0.6936927741400953,0.7910884030614146
2030-06-24 05:00:00,0.676743891218093,0.7813158747893969
2030-06-24 06:00:00,0.6721364947232582,0.7596522801388139
2030-06-24 07:00:00,0.578937987130182,0.6362851351277408
2030-06-24 08:00:00,0.5173939640586271,0.5704825742170425
2030-06-24 09:00:00,0.38575648135129603,0.46651089195534157
2030-06-24 10:00:00,0.41549677047662037,0.44520435615153164
2030-06-24 11:00:00,0.3566599477970007,0.3778939184439318
2030-06-24 12:00:00,0.3387737615197941,0.42785673838644134
2030-06-24 13:00:00,0.31157329272732426,0.4196880939122046
2030-06-24 14:00:00,0.3672084700718166,0.5213177444186484
2030-06-24 15:00:00,0.4222803525580754,0.6574151317825967
2030-06-24 16:00:00,0.46885017488580943,0.7966991169044484
2030-06-24 17:00:00,0.5403505524487551,0.8907827293710276
2030-06-24 18:00:00,0.583821482749965,0.9655515012796101
2030-06-24 19:00:00,0.48336870455873426,0.9060322444040274
2030-06-24 20:00:00,0.37224270376205537,0.7665781620031427
2030-06-24 21:00:00,0.23475409149429483,0.5132667341738932
2030-06-24 22:00:00,0.11720203646935681,0.2918655555756717
2030-06-24 23:00:00,0.07782840519815099,0.1809084468841503
2030-06-25 00:00:00,0.05207749789291274,0.13866346656755577
2030-06-25 01:00:00,0.025357441848734973,0.0965979181422887
2030-06-25 02:00:00,0.001480599523323121,0.05348181684926833
2030-06-25 03:00:00,0.0006885490508414115,0.010888114234653258
2030-06-25 04:00:00,0.0008256508720457032,0.003852752615999504
2030-06-25 05:00:00,0.0010820612612746179,0.010901242887349945
2030-06-25 06:00:00,0.001327255623557517,0.017422371519777786
2030-06-25 07:00:00,0.013377985053917846,0.0245591870093081
2030-06-25 08:00:00,0.044280193298263465,0.035945177287919884
2030-06-25 09:00:00,0.07179376441923492,0.051507583379050606
2030-06-25 10:00:00,0.08326021209906205,0.06331563928415328
2030-06-25 11:00:00,0.10167614428008923,0.057143969056561945
2030-06-25 12:00:00,0.1243430529031363,0.07173484906640193
2030-06-25 13:00:00,0.12836813688035761,0.07853294105018266
2030-06-25 14:00:00,0.12095594893191507,0.07370118607482648
2030-06-25 15:00:00,0.10912743284510107,0.05126653738083983
2030-06-25 16:00:00,0.11538650635209446,0.06035656096342971
2030-06-25 17:00:00,0.11290934581162111,0.07265200636031069
2030-06-25 18:00:00,0.11593030568494858,0.08282030376335622
2030-06-25 19:00:00,0.11050832045481473,0.08438160601458526
2030-06-25 20:00:00,0.12147410426639846,0.09526533110899266
2030-06-25 21:00:00,0.13997835085120902,0.1092262834982761
2030-06-25 22:00:00,0.14532599207469085,0.12136897370816085
2030-06-25 23:00:00,0.13951362039627713,0.08642537220312
2030-06-26 00:00:00,0.15545891201185308,0.08021514473636572
2030-06-26 01:00:00,0.16963214884264857,0.09014291990465087
2030-06-26 02:00:00,0.21631532567985784,0.1295758799013629
2030-06-26 03:00:00,0.29347565030655803,0.1920604732722482
2030-06-26 04:00:00,0.3540245934748548,0.2494647532492293
2030-06-26 05:00:00,0.4018107041220364,0.2814496650283319
2030-06-26 06:00:00,0.454567975820294,0.33157205784135274
2030-06-26 07:00:00,0.5019221076933611,0.3868190840025713
2030-06-26 08:00:00,0.5209191408691511,0.40903483620655545
2030-06-26 09:00:00,0.45408234269620595,0.35588018206532585
2030-06-26 10:00:00,0.32316592730197724,0.27100217458944686
2030-06-26 11:00:00,0.26637697281308703,0.18855302398832657
2030-06-26 12:00:00,0.21842993453767118,0.1498101555441674
2030-06-26 13:00:00,0.17526501709299547,0.11471399022713359
2030-06-26 14:00:00,0.15041757471600586,0.09520336912915395
2030-06-26 15:00:00,0.11586749164033515,0.08134198986025486
2030-06-26 16:00:00,0.08971368471485704,0.061274965906098336
2030-06-26 17:00:00,0.07319819433389893,0.049001169140117616
2030-06-26 18:00:00,0.08138978005048306,0.06031874507224533
2030-06-26 19:00:00,0.09848758184258202,0.07405724224161667
2030-06-26 20:00:00,0.14268882814998923,0.0989426714348229
2030-06-26 21:00:00,0.17898786274096065,0.13117645944230172
2030-06-26 22:00:00,0.20873492465713023,0.17772159214924393
2030-06-26 23:00:00,0.18859200772768372,0.2259735782826814
2030-06-27 00:00:00,0.15087486073272072,0.22554985133696526
2030-06-27 01:00:00,0.15190045548331943,0.2463325052295281
2030-06-27 02:00:00,0.17999995319389966,0.26430454037225326
2030-06-27 03:00:00,0.24149879805626862,0.2775238331983933
2030-06-27 04:00:00,0.30981872500950886,0.2918787397893829
2030-06-27 05:00:00,0.3631099223755285,0.30420953128910355
2030-06-27 06:00:00,0.42037775529352306,0.3256116599953514
2030-06-27 07:00:00,0.44736907228536016,0.3444700748593298
2030-06-27 08:00:00,0.45250054243856014,0.3691989958357729
2030-06-27 09:00:00,0.43201023707290476,0.38500939102830495
2030-06-27 10:00:00,0.4301844258266717,0.4054886344917824
2030-06-27 11:00:00,0.4517587523627432,0.42001025404441533
2030-06-27 12:00:00,0.4754663234862597,0.4261178231328308
2030-06-27 13:00:00,0.5602648923770716,0.47417303691084933
2030-06-27 14:00:00,0.5719205874599549,0.45990929646987666
2030-06-27 15:00:00,0.5510236729507435,0.43551730760502105
2030-06-27 16:00:00,0.5011860508165449,0.45517151521526944
2030-06-27 17:00:00,0.4394543382814543,0.42870348527243857
2030-06-27 18:00:00,0.4060774634997195,0.40924577817889984
2030-06-27 19:00:00,0.3984380631626162,0.3982305108509041
2030-06-27 20:00:00,0.3689996345329286,0.3458474527980612
2030-06-27 21:00:00,0.28734687014614313,0.25005319057326575
2030-06-27 22:00:00,0.21705008232734424,0.16310259639672914
2030-06-27 23:00:00,0.18973604619927145,0.11739182113151499
2030-06-28 00:00:00,0.13526651591923378,0.06211400883522488
2030-06-28 01:00:00,0.1062507466798572,0.04531582993078932
2030-06-28 02:00:00,0.0874398673158453,0.04484949348291068
2030-06-28 03:00:00,0.0831970350112902,0.05004841613298168
2030-06-28 04:00:00,0.08220030561714348,0.03792831888203459
2030-06-28 05:00:00,0.07405768705064314,0.029327696212247668
2030-06-28 06:00:00,0.07205486018156249,0.035841268446708124
2030-06-28 07:00:00,0.07970348850795042,0.053628729460503184
2030-06-28 08:00:00,0.09616434503114764,0.06877327202437676
2030-06-28 09:00:00,0.125652152642448,0.07997640797569718
2030-06-28 10:00:00,0.12617740173875308,0.0739196603274968
2030-06-28 11:00:00,0.146812855986648,0.05959335044128784
2030-06-28 12:00:00,0.16103359666146605,0.050092724208639826
2030-06-28 13:00:00,0.15672240018600128,0.03830119618979654
2030-06-28 14:00:00,0.13321671592039802,0.02449444297411297
2030-06-28 15:00:00,0.09539788973988825,0.001531378557036867
2030-06-28 16:00:00,0.05614158502233403,5.030564354654643e-05
2030-06-28 17:00:00,0.024382991311181868,0.0
2030-06-28 18:00:00,0.006861621460893581,0.0
2030-06-28 19:00:00,0.001500252290375383,0.0
2030-06-28 20:00:00,0.0008487619136949647,0.0
2030-06-28 21:00:00,0.00017632179405908247,0.0
2030-06-28 22:00:00,0.0,0.0
2030-06-28 23:00:00,0.0007515224567478034,0.0
2030-06-29 00:00:00,0.0005831333593255,0.0001046797194929511
2030-06-29 01:00:00,9.896401300752702e-05,0.00026060729670237387
2030-06-29 02:00:00,0.0,0.00020830004966316035
2030-06-29 03:00:00,0.0,7.990006012224763e-05
2030-06-29 04:00:00,0.0,0.0
2030-06-29 05:00:00,0.0,0.0
2030-06-29 06:00:00,0.0,0.0
2030-06-29 07:00:00,0.0,0.0
2030-06-29 08:00:00,0.0,0.0
2030-06-29 09:00:00,0.0,0.0
2030-06-29 10:00:00,0.0,0.0
2030-06-29 11:00:00,0.0,6.606754128138799e-05
2030-06-29 12:00:00,0.0,0.0003720893917221289
2030-06-29 13:00:00,0.0,0.0002204440585654518
2030-06-29 14:00:00,0.0,0.00014280968899528794
2030-06-29 15:00:00,0.0,0.0
2030-06-29 16:00:00,0.0,7.117037685908627e-05
2030-06-29 17:00:00,0.0,0.00035405166086987854
2030-06-29 18:00:00,0.0,0.00034546691719923464
2030-06-29 19:00:00,0.0,0.0
2030-06-29 20:00:00,0.0,0.0
2030-06-29 21:00:00,0.0,0.00036035779958633324
2030-06-29 22:00:00,0.0,0.0031452132849372934
2030-06-29 23:00:00,1.4508551721176594e-05,0.018278825518411226
2030-06-30 00:00:00,8.186339186360848e-05,0.022338284065816547
2030-06-30 01:00:00,6.628661292494646e-05,0.02234464286161887
2030-06-30 02:00:00,5.0073083671786425e-05,0.020969511029932393
2030-06-30 03:00:00,0.0,0.021368710217960406
2030-06-30 04:00:00,0.0,0.005167732234288834
2030-06-30 05:00:00,0.0,0.0009417102199648007
2030-06-30 06:00:00,0.0,0.000972731334499798
2030-06-30 07:00:00,0.0,0.0009438699536806529
2030-06-30 08:00:00,0.0,0.0010209024042895816
2030-06-30 09:00:00,0.0,0.0011356661517672984
2030-06-30 10:00:00,0.00024146510852814644,0.0015637641926323565
2030-06-30 11:00:00,0.0005201300963758085,0.027042138668598656
2030-06-30 12:00:00,0.0005005420866889729,0.03286599381338391
2030-06-30 13:00:00,0.000601727729614238,0.035746199051534665
2030-06-30 14:00:00,0.001087192280564681,0.04240049734819024
2030-06-30 15:00:00,0.0009469887609863696,0.022799898049871807
2030-06-30 16:00:00,0.0008031822029200279,0.010282473800727073
2030-06-30 17:00:00,0.0009462186504834505,0.01340233245475428
2030-06-30 18:00:00,0.0005273383774844667,0.008483288894440584
2030-06-30 19:00:00,0.0003481545868409828,0.00444023963801468
2030-06-30 20:00:00,0.0,0.0036315388294250687
2030-06-30 21:00:00,0.0,0.009902231327507404
2030-06-30 22:00:00,0.0,0.001270593165462485
2030-06-30 23:00:00,0.0,0.001267080787731104
2030-07-01 00:00:00,0.0,0.00125997497071559
2030-07-01 01:00:00,0.0,0.0037363605920579714
2030-07-01 02:00:00,2.7202767485703847e-05,0.009772773713595848
2030-07-01 03:00:00,0.00048006194495822213,0.01985704525255046
2030-07-01 04:00:00,0.000958208616027579,0.02082584280263433
2030-07-01 05:00:00,0.0012152675120149896,0.021344684867015903
2030-07-01 06:00:00,0.0013406355915691855,0.025638545987255505
2030-07-01 07:00:00,0.0011715757655748743,0.030034430170652306
2030-07-01 08:00:00,0.0010584445534758285,0.04031134454931058
2030-07-01 09:00:00,0.0008680775798987864,0.04278271026373762
2030-07-01 10:00:00,0.001263365887348043,0.054181842936760725
2030-07-01 11:00:00,0.013193107935098966,0.06343284528254003
2030-07-01 12:00:00,0.02732808694016489,0.07560225179941801
2030-07-01 13:00:00,0.04209607715072307,0.08892094936947088
2030-07-01 14:00:00,0.06126136806866377,0.11400932032441813
2030-07-01 15:00:00,0.06529860791526784,0.12345073954565525
2030-07-01 16:00:00,0.07245260419769206,0.1377641160398003
2030-07-01 17:00:00,0.07891987373313734,0.14999701540567337
2030-07-01 18:00:00,0.0784172544223378,0.142337777735172
2030-07-01 19:00:00,0.06875865817492428,0.13390113999488493
2030-07-01 20:00:00,0.06923265755202959,0.1456603907980644
2030-07-01 21:00:00,0.08403547979778045,0.1883532735316195
2030-07-01 22:00:00,0.09788671382079761,0.16201580764352064
2030-07-01 23:00:00,0.12456383697412286,0.21174896993332928
2030-07-02 00:00:00,0.15171976378794222,0.26102216159091507
2030-07-02 01:00:00,0.187900162119456,0.2935447569493006
2030-07-02 02:00:00,0.21945056908231436,0.3090865039185914
2030-07-02 03:00:00,0.22001735888684631,0.2917685981680642
2030-07-02 04:00:00,0.21146568077654207,0.2678133861767425
2030-07-02 05:00:00,0.18017353955140578,0.23271872363451
2030-07-02 06:00:00,0.15113134060648006,0.1721991219732967
2030-07-02 07:00:00,0.10341866119974395,0.11125444291756027
2030-07-02 08:00:00,0.07986396693833961,0.08173365419600925
2030-07-02 09:00:00,0.061072070306604685,0.07318800052290027
2030-07-02 10:00:00,0.03109054516127123,0.040349197568273244
2030-07-02 11:00:00,0.036599303616719744,0.05483463193533477
2030-07-02 12:00:00,0.04410249985366278,0.06741137418150683
2030-07-02 13:00:00,0.044821986036115126,0.06955106403869189
2030-07-02 14:00:00,0.04968015856486673,0.06991840503129049
2030-07-02 15:00:00,0.029475599284396352,0.038636592758668355
2030-07-02 16:00:00,0.005100507056446418,0.011223042127035452
2030-07-02 17:00:00,0.0006997336387740426,0.0005517919134910378
2030-07-02 18:00:00,0.0,0.0
2030-07-02 19:00:00,0.0,0.0
2030-07-02 20:00:00,0.0,0.0
2030-07-02 21:00:00,0.0,0.0
2030-07-02 22:00:00,0.0,0.0
2030-07-02 23:00:00,0.0,0.0
2030-07-03 00:00:00,0.0,0.0
2030-07-03 01:00:00,0.0,0.0
2030-07-03 02:00:00,0.0,0.0
2030-07-03 03:00:00,0.0,3.8071277534174016e-05
2030-07-03 04:00:00,0.0,0.0005573921423194703
2030-07-03 05:00:00,0.0,0.0007459532025832758
2030-07-03 06:00:00,0.0,0.00032495123101750143
2030-07-03 07:00:00,0.0,0.0
2030-07-03 08:00:00,0.0,0.0
2030-07-03 09:00:00,0.0,0.0
2030-07-03 10:00:00,0.0,0.0
2030-07-03 11:00:00,0.0,0.0
2030-07-03 12:00:00,0.0,0.0
2030-07-03 13:00:00,0.0002276368619764991,0.0
2030-07-03 14:00:00,0.0005960651001671056,0.0
2030-07-03 15:00:00,0.0002583572635885902,0.0
2030-07-03 16:00:00,0.0,0.0
2030-07-03 17:00:00,0.0,0.0
2030-07-03 18:00:00,1.3671787601971799e-05,0.00024059130982490744
2030-07-03 19:00:00,0.0010171087430611968,0.0014967588756118282
2030-07-03 20:00:00,0.00871717847009146,0.04167207692947702
2030-07-03 21:00:00,0.035098362125962713,0.07616153887962475
2030-07-03 22:00:00,0.025348360650315715,0.07893122257452734
2030-07-03 23:00:00,0.054945299483369445,0.09305982856225728
2030-07-04 00:00:00,0.06829064117480958,0.09718719452022281
2030-07-04 01:00:00,0.08531893341261149,0.11113127605671391
2030-07-04 02:00:00,0.09788856317826747,0.10563164882904948
2030-07-04 03:00:00,0.10132115627033052,0.09977454794591584
2030-07-04 04:00:00,0.09947511079791176,0.09844768433522655
2030-07-04 05:00:00,0.09947121367491725,0.09702655988716492
2030-07-04 06:00:00,0.08777503128807379,0.08900884749455845
2030-07-04 07:00:00,0.07330613151242182,0.0790169229231231
2030-07-04 08:00:00,0.06225214596740856,0.0686667442899405
2030-07-04 09:00:00,0.05748787126240361,0.060176855019564886
2030-07-04 10:00:00,0.04539839354099599,0.05176772672232492
2030-07-04 11:00:00,0.05441707993488932,0.0532067505798993
2030-07-04 12:00:00,0.05251682751758275,0.05164440249016866
2030-07-04 13:00:00,0.05180203713496017,0.05505757168200697
2030-07-04 14:00:00,0.05481807192312702,0.0594723368337929
2030-07-04 15:00:00,0.05830053206360339,0.055080535351792775
2030-07-04 16:00:00,0.0666144274288985,0.05344931829486211
2030-07-04 17:00:00,0.05561955041812863,0.04384268245556023
2030-07-04 18:00:00,0.048673294257526444,0.03936763078641835
2030-07-04 19:00:00,0.0419061129003136,0.03906095457149139
2030-07-04 20:00:00,0.03585108967026384,0.03983231009842832
2030-07-04 21:00:00,0.0412669608259346,0.04174611338003089
2030-07-04 22:00:00,0.040421335238148844,0.041531671017398165
2030-07-04 23:00:00,0.049018684468819455,0.053850589971063845
2030-07-05 00:00:00,0.05552918296831444,0.06190171601663228
2030-07-05 01:00:00,0.06313604171030456,0.07605676921342802
2030-07-05 02:00:00,0.06854249553274226,0.08441041568110369
2030-07-05 03:00:00,0.06531814294641736,0.08340445411572088
2030-07-05 04:00:00,0.05547103796824951,0.07209948678678976
2030-07-05 05:00:00,0.05788173660017956,0.07328668345288447
2030-07-05 06:00:00,0.06305335384159687,0.07273191323021785
2030-07-05 07:00:00,0.062015356273142544,0.0746515404683532
2030-07-05 08:00:00,0.05676964391166164,0.07596017530971243
2030-07-05 09:00:00,0.048429835987348034,0.07211573878905347
2030-07-05 10:00:00,0.012979247831966651,0.04829120540797574
2030-07-05 11:00:00,0.03141883030818702,0.06567621964713866
2030-07-05 12:00:00,0.04268359484758501,0.06937025445325051
2030-07-05 13:00:00,0.04987744438204432,0.06082208620258013
2030-07-05 14:00:00,0.04134930552883249,0.0502771194974266
2030-07-05 15:00:00,0.025125192602074443,0.03347063149290301
2030-07-05 16:00:00,0.014424787014662079,0.02386169089450368
2030-07-05 17:00:00,0.015538820629512234,0.02603382837958213
2030-07-05 18:00:00,0.010424583582359766,0.026555062258466374
2030-07-05 19:00:00,0.01463284922861077,0.036990401315023576
2030-07-05 20:00:00,0.019693641627955307,0.04816560819081904
2030-07-05 21:00:00,0.024592922500333157,0.059277570418417094
2030-07-05 22:00:00,0.047945908940889244,0.09749628225300278
2030-07-05 23:00:00,0.03697211164314366,0.0883790983965008
2030-07-06 00:00:00,0.016813181280363253,0.059407841278256504
2030-07-06 01:00:00,0.0016191734954879233,0.03333060990628266
2030-07-06 02:00:00,0.0012791068145399614,0.018346175158721514
2030-07-06 03:00:00,0.001367657715497635,0.020141691117857775
2030-07-06 04:00:00,0.005190294062442485,0.03158835909383831
2030-07-06 05:00:00,0.01038187551218095,0.039507320786445276
2030-07-06 06:00:00,0.012325243815672755,0.04270930288662735
2030-07-06 07:00:00,0.009113902370917549,0.04567887437421203
2030-07-06 08:00:00,0.016929003969822578,0.05421819739153775
2030-07-06 09:00:00,0.013542740344949011,0.05248649590166339
2030-07-06 10:00:00,0.0016073702967591625,0.03876884086096653
2030-07-06 11:00:00,0.025773837006106654,0.07404751431445325
2030-07-06 12:00:00,0.04406164809510944,0.09033927034598967
2030-07-06 13:00:00,0.04799108605463506,0.08663579951093917
2030-07-06 14:00:00,0.04469301170482796,0.09132008388448624
2030-07-06 15:00:00,0.051021430893746375,0.09593248191593876
2030-07-06 16:00:00,0.06586548724572527,0.11190833969169908
2030-07-06 17:00:00,0.07070696950070764,0.11985614652435092
2030-07-06 18:00:00,0.0863538663213848,0.1371054491470483
2030-07-06 19:00:00,0.1110306203168353,0.17015280958983142
2030-07-06 20:00:00,0.15079156086556347,0.2506723094187082
2030-07-06 21:00:00,0.1634040782017255,0.2600251702250612
2030-07-06 22:00:00,0.09756410044236166,0.1493318260483677
2030-07-06 23:00:00,0.14706647746084547,0.15928146635960788
2030-07-07 00:00:00,0.1272769385396032,0.14085434970781952
2030-07-07 01:00:00,0.13987099434704503,0.15910036370380964
2030-07-07 02:00:00,0.15894762785385194,0.2153922688176349
2030-07-07 03:00:00,0.20090909826755549,0.28569549304557984
2030-07-07 04:00:00,0.2783625111754255,0.3761097057570889
2030-07-07 05:00:00,0.37089864341385165,0.47933022039912143
2030-07-07 06:00:00,0.4053213224886809,0.4658567337124254
2030-07-07 07:00:00,0.3425141675374976,0.49763579167946137
2030-07-07 08:00:00,0.32337360501772916,0.5824540153797253
2030-07-07 09:00:00,0.37341345082801025,0.7269107073408955
2030-07-07 10:00:00,0.32216481525824775,0.5618460409432358
2030-07-07 11:00:00,0.41644762710519523,0.7158963232972597
2030-07-07 12:00:00,0.47429416890736137,0.8346311908988144
2030-07-07 13:00:00,0.5062422998380245,0.8752829094332014
2030-07-07 14:00:00,0.6123534431889588,0.9754801720182983
2030-07-07 15:00:00,0.7004845330171412,0.9677130694042114
2030-07-07 16:00:00,0.8352861782095614,0.9373663198716488
2030-07-07 17:00:00,0.8180575099747596,0.8969324377587744
2030-07-07 18:00:00,0.7282239052987813,0.8758666029163206
2030-07-07 19:00:00,0.5428448938070817,0.7944823288382107
2030-07-07 20:00:00,0.45525047810932073,0.6117631270490471
2030-07-07 21:00:00,0.3957710734727857,0.5335075039565619
2030-07-07 22:00:00,0.24457669258807072,0.4186619528586597
2030-07-07 23:00:00,0.2917798537481875,0.5455763380243569
2030-07-08 00:00:00,0.4121764929413652,0.6864194299989701
2030-07-08 01:00:00,0.5791775345403716,0.8553903471381187
2030-07-08 02:00:00,0.579331937472122,0.7526967622785253
2030-07-08 03:00:00,0.6115375449286288,0.8440649354912786
2030-07-08 04:00:00,0.5369793606108567,0.6724821671072987
2030-07-08 05:00:00,0.4169823207410748,0.48809123229189255
2030-07-08 06:00:00,0.36111812129962634,0.4255017970394738
2030-07-08 07:00:00,0.26379687695763276,0.31425545446811076
2030-07-08 08:00:00,0.16055731410467783,0.22331555367629108
2030-07-08 09:00:00,0.106614677592584,0.16471731427518327
2030-07-08 10:00:00,0.05341399403650498,0.11025867938996411
2030-07-08 11:00:00,0.02981261241220822,0.0752917350163712
2030-07-08 12:00:00,0.0039287402554711685,0.06902933876883519
2030-07-08 13:00:00,0.011851344249893224,0.07170280741973893
2030-07-08 14:00:00,0.011741169408250688,0.06804890116037185
2030-07-08 15:00:00,0.03541279031931779,0.0871280738707152
2030-07-08 16:00:00,0.06427157267708411,0.10763493083554047
2030-07-08 17:00:00,0.08567607506558261,0.12263348160907013
2030-07-08 18:00:00,0.13541833516790805,0.13812502577407504
2030-07-08 19:00:00,0.2054781334420664,0.22008232400953137
2030-07-08 20:00:00,0.260611310488297,0.3304483305065455
2030-07-08 21:00:00,0.3597505520657317,0.41470148904617576
2030-07-08 22:00:00,0.35748039295010753,0.37627280608214275
2030-07-08 23:00:00,0.34543983892746755,0.3284445725188442
2030-07-09 00:00:00,0.30483316601894217,0.26420125644251025
2030-07-09 01:00:00,0.33397037672038227,0.2443481572862072
2030-07-09 02:00:00,0.3586504667932169,0.26233655692847213
2030-07-09 03:00:00,0.4308148477902406,0.3868012521974737
2030-07-09 04:00:00,0.5250686454547919,0.5209520378261637
2030-07-09 05:00:00,0.6628527199190877,0.6596255293991108
2030-07-09 06:00:00,0.7693245797613049,0.7605465595999525
2030-07-09 07:00:00,0.841586118690106,0.8728599363604367
2030-07-09 08:00:00,0.9076146324937203,0.9681474217748319
2030-07-09 09:00:00,0.9747483463984091,0.9936486459782519
2030-07-09 10:00:00,0.940056308746255,0.996895982541083
2030-07-09 11:00:00,0.7369206009369873,0.9923377355433096
2030-07-09 12:00:00,0.7209522851345275,0.9767014179190227
2030-07-09 13:00:00,0.9892978995249306,0.9990456655797493
2030-07-09 14:00:00,0.9930342906962172,0.9985038355008423
2030-07-09 15:00:00,0.8708945508184305,0.9846036979766526
2030-07-09 16:00:00,0.747485815124889,0.9730817729036741
2030-07-09 17:00:00,0.6790752868564319,0.922054180871138
2030-07-09 18:00:00,0.6833798252384171,0.8781469794221125
2030-07-09 19:00:00,0.6443331065792145,0.8520493913789594
2030-07-09 20:00:00,0.6218891231309422,0.7725189089345261
2030-07-09 21:00:00,0.6103682439853062,0.7668067197956698
2030-07-09 22:00:00,0.49379412643684206,0.6642652795981465
2030-07-09 23:00:00,0.5382092487938033,0.7044840649214935
2030-07-10 00:00:00,0.6034041244546182,0.6978919245906176
2030-07-10 01:00:00,0.7772830298575569,0.8487405857417469
2030-07-10 02:00:00,0.8646316276019421,0.8985191575133056
2030-07-10 03:00:00,0.8624288073022024,0.8998110941367968
2030-07-10 04:00:00,0.8507735048801283,0.9038257963455877
2030-07-10 05:00:00,0.8566963851499656,0.9109853183395842
2030-07-10 06:00:00,0.7987606085855421,0.922139696019734
2030-07-10 07:00:00,0.7017897164149774,0.8738002914003957
2030-07-10 08:00:00,0.5775130685470566,0.7474434293647307
2030-07-10 09:00:00,0.4665711762531423,0.621468618174728
2030-07-10 10:00:00,0.383101785268825,0.5100770680343082
2030-07-10 11:00:00,0.21929846578605255,0.28684443731215264
2030-07-10 12:00:00,0.11105730345951338,0.16687770704238458
2030-07-10 13:00:00,0.16641544416549153,0.2367068853357639
2030-07-10 14:00:00,0.3822416931989949,0.5463402503170204
2030-07-10 15:00:00,0.4904938966447973,0.7478764853319614
2030-07-10 16:00:00,0.5774810847721281,0.7987671045124497
2030-07-10 17:00:00,0.5286409996306037,0.6695373312725992
2030-07-10 18:00:00,0.4096965766212258,0.5318961862146785
2030-07-10 19:00:00,0.26220600544593786,0.36980163654371373
2030-07-10 20:00:00,0.16285036143830955,0.27139813212581876
2030-07-10 21:00:00,0.11439397707076734,0.21937440653816168
2030-07-10 22:00:00,0.08361473732213329,0.1953087558652311
2030-07-10 23:00:00,0.069666106409736,0.15172550400691662
2030-07-11 00:00:00,0.06983091587219008,0.13420142494642703
2030-07-11 01:00:00,0.060861255166719024,0.11971988081880591
2030-07-11 02:00:00,0.05932355565076319,0.11996404983966319
2030-07-11 03:00:00,0.06772304597372245,0.14387581465046428
2030-07-11 04:00:00,0.07217415509461476,0.15390292372794606
2030-07-11 05:00:00,0.07636333145566016,0.15846361262329106
2030-07-11 06:00:00,0.06118613824875236,0.15127053813908672
2030-07-11 07:00:00,0.03566586769232267,0.13843815523093042
2030-07-11 08:00:00,0.024669943746647143,0.1298318649490528
2030-07-11 09:00:00,0.07711285461378915,0.1578089024975878
2030-07-11 10:00:00,0.12044893117904892,0.18823113837866556
2030-07-11 11:00:00,0.21794214782073254,0.24795098148406347
2030-07-11 12:00:00,0.3801776741775387,0.42319104495291693
2030-07-11 13:00:00,0.5261684806157432,0.5873048229958417
2030-07-11 14:00:00,0.5796398897930826,0.6705864211910693
2030-07-11 15:00:00,0.6025940831264296,0.7542319931140187
2030-07-11 16:00:00,0.5938822583141772,0.7951656700100435
2030-07-11 17:00:00,0.5727188730374199,0.8298316096362459
2030-07-11 18:00:00,0.5855755151766685,0.8512704717630515
2030-07-11 19:00:00,0.5447783842828158,0.8161952609098846
2030-07-11 20:00:00,0.4421378188778059,0.6730760728570249
2030-07-11 21:00:00,0.32465351497774875,0.5598981110121464
2030-07-11 22:00:00,0.33403367091674346,0.5776285547076008
2030-07-11 23:00:00,0.2969089107094718,0.5262354162470877
2030-07-12 00:00:00,0.29981976743742994,0.5204836010388499
2030-07-12 01:00:00,0.26435757052220643,0.47951684375239745
2030-07-12 02:00:00,0.21722767229592357,0.42888146426536644
2030-07-12 03:00:00,0.15650725525614054,0.35273469613870184
2030-07-12 04:00:00,0.1281608203260358,0.30843773401735586
2030-07-12 05:00:00,0.10322541524329198,0.3100961117858405
2030-07-12 06:00:00,0.08941915372434257,0.2979850952041631
2030-07-12 07:00:00,0.12140999028638817,0.33057312808694694
2030-07-12 08:00:00,0.17087069695753038,0.3750653589773181
2030-07-12 09:00:00,0.28056056492381853,0.4386162066957466
2030-07-12 10:00:00,0.32467006705126794,0.4801291139689864
2030-07-12 11:00:00,0.38695283847562506,0.5562432988369562
2030-07-12 12:00:00,0.4364254378870056,0.6219793926899437
2030-07-12 13:00:00,0.41389666860914015,0.6274602697677206
2030-07-12 14:00:00,0.3821399706836659,0.60252827641974
2030-07-12 15:00:00,0.40302421735638205,0.6028208616561062
2030-07-12 16:00:00,0.4159980725709501,0.624362756091944
2030-07-12 17:00:00,0.3870594448207411,0.6335449699831901
2030-07-12 18:00:00,0.39856212446833217,0.6641700105924848
2030-07-12 19:00:00,0.3559292615550416,0.6564541290278924
2030-07-12 20:00:00,0.3239664053018695,0.5933092201592879
2030-07-12 21:00:00,0.2833046591097373,0.6028326852378935
2030-07-12 22:00:00,0.2624247489289336,0.5934352401233106
2030-07-12 23:00:00,0.4159024905053129,0.6991524822251509
2030-07-13 00:00:00,0.7541584155744522,0.9124898697447137
2030-07-13 01:00:00,0.9533500005558361,0.9860108576945338
2030-07-13 02:00:00,0.9831456179086927,0.9985632833993114
2030-07-13 03:00:00,0.9882740389017128,1.0
2030-07-13 04:00:00,0.9807662482178848,1.0
2030-07-13 05:00:00,0.97775025233123,0.9992909855135313
2030-07-13 06:00:00,0.9661797310099756,0.9973693062621577
2030-07-13 07:00:00,0.959622027076005,0.9970546586227623
2030-07-13 08:00:00,0.9440351342111999,0.9975774650096287
2030-07-13 09:00:00,0.8809972865560688,0.9865752534662954
2030-07-13 10:00:00,0.7218796964900736,0.9363250843132227
2030-07-13 11:00:00,0.654038742211824,0.8939457247000031
2030-07-13 12:00:00,0.498483669347665,0.8165142428599724
2030-07-13 13:00:00,0.29145730723250995,0.5950771160489395
2030-07-13 14:00:00,0.09710220759338994,0.3932133284663107
2030-07-13 15:00:00,0.014408350169835115,0.1859321349318574
2030-07-13 16:00:00,0.0010803154510369813,0.11142993025261308
2030-07-13 17:00:00,0.001328081079294984,0.07699880162886087
2030-07-13 18:00:00,0.0396970486364695,0.12577081023380765
2030-07-13 19:00:00,0.09696136560110415,0.22900778671020527
2030-07-13 20:00:00,0.16448918680106506,0.23831568513506268
2030-07-13 21:00:00,0.19603778093292362,0.3225151949092693
2030-07-13 22:00:00,0.17601515398846942,0.33348853365193293
2030-07-13 23:00:00,0.13948495398832605,0.3009071446994086
2030-07-14 00:00:00,0.08549378183781112,0.19731534344030924
2030-07-14 01:00:00,0.0396954828533699,0.0943411626239689
2030-07-14 02:00:00,0.001409536519014105,0.046164693293511555
2030-07-14 03:00:00,0.00014818409556959327,0.01446956777844393
2030-07-14 04:00:00,0.0001199538350508108,0.00886122965411334
2030-07-14 05:00:00,0.0007701656677833993,0.021984376974591924
2030-07-14 06:00:00,0.0038834283798558043,0.052784632579538956
2030-07-14 07:00:00,0.030432855464351573,0.09875808069356064
2030-07-14 08:00:00,0.07985265569328681,0.16107907765968482
2030-07-14 09:00:00,0.09972194094062041,0.20143827148886947
2030-07-14 10:00:00,0.13474045511902955,0.2813838959561033
2030-07-14 11:00:00,0.1556821188790316,0.3490522216384963
2030-07-14 12:00:00,0.2167863152063101,0.39050489146943823
2030-07-14 13:00:00,0.22628043787862365,0.44043474324978793
2030-07-14 14:00:00,0.19753330948859915,0.42700502960044284
2030-07-14 15:00:00,0.16670727279880637,0.3697435400233646
2030-07-14 16:00:00,0.13724976477584463,0.29643285213552356
2030-07-14 17:00:00,0.1184530652361625,0.2712181425410309
2030-07-14 18:00:00,0.0938074709687831,0.23890804281013145
2030-07-14 19:00:00,0.06683480145830123,0.16571479241684492
2030-07-14 20:00:00,0.04374889906753279,0.12956817008854624
2030-07-14 21:00:00,0.023084567175975783,0.10153649106221749
2030-07-14 22:00:00,0.00542945947638709,0.085644739434184
2030-07-14 23:00:00,0.0015466651872307572,0.07457801191858099
2030-07-15 00:00:00,0.0014267835422723796,0.05358611594246598
2030-07-15 01:00:00,0.0013666803058670063,0.03447076319980121
2030-07-15 02:00:00,0.00861289820856744,0.024088281844904743
2030-07-15 03:00:00,0.029788991961348384,0.016900517855444438
2030-07-15 04:00:00,0.030552915879064384,0.008674371917834548
2030-07-15 05:00:00,0.02071304639341171,0.001545351324440675
2030-07-15 06:00:00,0.018148388505880776,0.0015848547394345907
2030-07-15 07:00:00,0.03125222741305493,0.019937935682690044
2030-07-15 08:00:00,0.034733415289672914,0.025430125748303768
2030-07-15 09:00:00,0.027688841464221337,0.013589933438097961
2030-07-15 10:00:00,0.05049241281004564,0.03037456401053833
2030-07-15 11:00:00,0.04166561456130806,0.027153460900623583
2030-07-15 12:00:00,0.027792087965030222,0.021686951144000464
2030-07-15 13:00:00,0.021976590713195916,0.02569870958336744
2030-07-15 14:00:00,0.010708286762005102,0.014415736476675583
2030-07-15 15:00:00,0.0030723599332400956,0.006955950638796495
2030-07-15 16:00:00,0.0016025652412238198,0.005024062212462356
2030-07-15 17:00:00,0.0014183171800076265,0.007706018806033623
2030-07-15 18:00:00,0.0012149527519498765,0.009907815052979748
2030-07-15 19:00:00,0.0008851788129950848,0.00452031832858735
2030-07-15 20:00:00,0.0010277952181048195,0.006462340693588648
2030-07-15 21:00:00,0.0009095807866635901,0.0015269694519611885
2030-07-15 22:00:00,0.0001097692422483778,0.0005955829839310993
2030-07-15 23:00:00,0.0,3.8259689095894544e-05
2030-07-16 00:00:00,0.0,0.0
2030-07-16 01:00:00,0.0,0.0
2030-07-16 02:00:00,0.0,0.0
2030-07-16 03:00:00,0.0,0.0
2030-07-16 04:00:00,0.0,0.0
2030-07-16 05:00:00,0.0,0.0
2030-07-16 06:00:00,0.0,0.0
2030-07-16 07:00:00,0.0,0.0
2030-07-16 08:00:00,0.0,0.0
2030-07-16 09:00:00,0.0,0.0
2030-07-16 10:00:00,0.0,0.0
2030-07-16 11:00:00,0.0,0.0
2030-07-16 12:00:00,0.0,0.0
2030-07-16 13:00:00,0.0,0.0007298398525309128
2030-07-16 14:00:00,0.0,0.008744402258836511
2030-07-16 15:00:00,0.0006732811427064666,0.024996021312800962
2030-07-16 16:00:00,0.005957648578329499,0.03412285325521674
2030-07-16 17:00:00,0.029757031293799165,0.032125575325547856
2030-07-16 18:00:00,0.026280783019447675,0.03085560227912909
2030-07-16 19:00:00,0.013513729827754914,0.01744389679768543
2030-07-16 20:00:00,0.005680813677722095,0.0016123505170947594
2030-07-16 21:00:00,0.014155629731805706,0.0014464292452819284
2030-07-16 22:00:00,0.01798576741860112,0.0010798968421685034
2030-07-16 23:00:00,0.021081866583018978,0.0013308372425281908
2030-07-17 00:00:00,0.03051913584594724,0.007331621177486822
2030-07-17 01:00:00,0.03699268543901655,0.01733389114994649
2030-07-17 02:00:00,0.047906342589530436,0.024423284440756646
2030-07-17 03:00:00,0.06652843028460018,0.03456382217471086
2030-07-17 04:00:00,0.06863721313642095,0.019955619871673175
2030-07-17 05:00:00,0.06320872110969,0.05645595579320598
2030-07-17 06:00:00,0.04784219124407878,0.060888615941621135
2030-07-17 07:00:00,0.04135144124709222,0.0744232228836697
2030-07-17 08:00:00,0.029384603083088597,0.043165377451586884
2030-07-17 09:00:00,0.005223756824026213,0.026150083732776774
2030-07-17 10:00:00,0.0015116453163514078,0.025489419413375555
2030-07-17 11:00:00,0.0014607060743572376,0.040820965736342814
2030-07-17 12:00:00,0.0015336362465547511,0.061771842131374925
2030-07-17 13:00:00,0.008632516845015916,0.08131702453150663
2030-07-17 14:00:00,0.001439357994458334,0.08959080038576955
2030-07-17 15:00:00,0.00133610641724594,0.09547837285129741
2030-07-17 16:00:00,0.0016579146267365179,0.10537000697144304
2030-07-17 17:00:00,0.006303967139204069,0.13974078607121948
2030-07-17 18:00:00,0.01628065520215237,0.16509881017660705
2030-07-17 19:00:00,0.04979477736643693,0.20243191503100774
2030-07-17 20:00:00,0.08331333393321055,0.26379873026915723
2030-07-17 21:00:00,0.1131925218354983,0.28243879528993016
2030-07-17 22:00:00,0.08080263325098841,0.2735833529634346
2030-07-17 23:00:00,0.12603532827731884,0.2906420667907627
2030-07-18 00:00:00,0.14268960292977817,0.3124613815091273
2030-07-18 01:00:00,0.15199550999635136,0.32593857256804165
2030-07-18 02:00:00,0.13449317725006382,0.3152553928746346
2030-07-18 03:00:00,0.09600486740885328,0.3117182988728449
2030-07-18 04:00:00,0.10064824722427504,0.33899976245634444
2030-07-18 05:00:00,0.1158028917124419,0.3687106591063972
2030-07-18 06:00:00,0.09639730627064091,0.3552407799588351
2030-07-18 07:00:00,0.10357539087756105,0.34934940750711174
2030-07-18 08:00:00,0.11913412333056769,0.31938317935795746
2030-07-18 09:00:00,0.1315105484660047,0.2950244373819628
2030-07-18 10:00:00,0.094681906296184,0.23382055166195825
2030-07-18 11:00:00,0.10887586246748625,0.26737358607715034
2030-07-18 12:00:00,0.12990675175561148,0.3053134913419113
2030-07-18 13:00:00,0.1539981222943968,0.35847228154024446
2030-07-18 14:00:00,0.14312559049058238,0.33595201285370146
2030-07-18 15:00:00,0.1976688064607869,0.3701021668513771
2030-07-18 16:00:00,0.24651681813370158,0.3887274778679654
2030-07-18 17:00:00,0.3598089102922551,0.4483817996850916
2030-07-18 18:00:00,0.30208078523648546,0.4408092932486643
2030-07-18 19:00:00,0.28552802163231217,0.4429275720975
2030-07-18 20:00:00,0.2511838905240761,0.440445946245532
2030-07-18 21:00:00,0.220755787054907,0.3979750515819644
2030-07-18 22:00:00,0.15748118041256554,0.3808823929684235
2030-07-18 23:00:00,0.16689952824532753,0.4047858086649846
2030-07-19 00:00:00,0.17828227245269881,0.41213977099811105
2030-07-19 01:00:00,0.19425715936815066,0.4181084170469004
2030-07-19 02:00:00,0.18166250209586768,0.385647439629771
2030-07-19 03:00:00,0.17395907867698818,0.3370611999726517
2030-07-19 04:00:00,0.15668228895020805,0.2691499477291554
2030-07-19 05:00:00,0.13346366755981262,0.23284388734824774
2030-07-19 06:00:00,0.10395106163313134,0.20521705237346843
2030-07-19 07:00:00,0.06567377100940977,0.1811324239022259
2030-07-19 08:00:00,0.06115079306561376,0.193912165762709
2030-07-19 09:00:00,0.06667588002517326,0.20524244648904344
2030-07-19 10:00:00,0.027531053069840494,0.17000230913997685
2030-07-19 11:00:00,0.047320690080728395,0.19071096260811957
2030-07-19 12:00:00,0.08161809300423634,0.1928483095921889
2030-07-19 13:00:00,0.10275126303437836,0.21344371566886494
2030-07-19 14:00:00,0.059554369686702566,0.1924753492163618
2030-07-19 15:00:00,0.03744672980892555,0.14985585600285467
2030-07-19 16:00:00,0.020795069120928787,0.11855126751818841
2030-07-19 17:00:00,0.022423016587121536,0.10246285271996665
2030-07-19 18:00:00,0.03988789664519089,0.10892514728734082
2030-07-19 19:00:00,0.05571265240539917,0.12146188325978687
2030-07-19 20:00:00,0.06418071554023987,0.13452969636887202
2030-07-19 21:00:00,0.058041598074795225,0.14083121453388828
2030-07-19 22:00:00,0.0015965157007382178,0.1133554239188372
2030-07-19 23:00:00,0.0064900895217566285,0.11089428890193215
2030-07-20 00:00:00,0.012524296380828814,0.10808555358209743
2030-07-20 01:00:00,0.01821905791671603,0.11271430524299936
2030-07-20 02:00:00,0.021257923643115417,0.12704908972547027
2030-07-20 03:00:00,0.024068164546316384,0.13966809145116382
2030-07-20 04:00:00,0.017286980365607066,0.1263112908669495
2030-07-20 05:00:00,0.0179735984115366,0.1020014259553418
2030-07-20 06:00:00,0.033317310739488855,0.10109729151682317
2030-07-20 07:00:00,0.02899315076663102,0.09302312426136808
2030-07-20 08:00:00,0.015020635963150689,0.07529233643203692
2030-07-20 09:00:00,0.0015919876448668576,0.06568166026939651
2030-07-20 10:00:00,0.00041585725778847964,0.035555205258277225
2030-07-20 11:00:00,0.0010730913066184019,0.05641916616082041
2030-07-20 12:00:00,0.0013859966318966886,0.06935862996534897
2030-07-20 13:00:00,0.005361824351653215,0.07407935811602713
2030-07-20 14:00:00,0.02233639557629653,0.07674980225843028
2030-07-20 15:00:00,0.03976370575528242,0.07691420744765774
2030-07-20 16:00:00,0.05290786557554513,0.07828034277640084
2030-07-20 17:00:00,0.05725048991165893,0.07248905362819541
2030-07-20 18:00:00,0.053369217411817195,0.058500224478993015
2030-07-20 19:00:00,0.05321377623114025,0.04728716908133659
2030-07-20 20:00:00,0.059840741406143386,0.05748232666311323
2030-07-20 21:00:00,0.07407442002072796,0.07427687044176064
2030-07-20 22:00:00,0.08518366392736101,0.09160760708880798
2030-07-20 23:00:00,0.10452890605163218,0.11643613991421274
2030-07-21 00:00:00,0.10710428829074073,0.11184998755312923
2030-07-21 01:00:00,0.09003748716706388,0.08642667235333645
2030-07-21 02:00:00,0.09407930410798261,0.08839949054623467
2030-07-21 03:00:00,0.09824410925175402,0.08165203552714004
2030-07-21 04:00:00,0.11684296119503405,0.07899180044700857
2030-07-21 05:00:00,0.14431606749236547,0.08877993405357701
2030-07-21 06:00:00,0.15799656649663163,0.104286886437948
2030-07-21 07:00:00,0.14773227634285943,0.10956182511538477
2030-07-21 08:00:00,0.13105753730428257,0.10526714926696659
2030-07-21 09:00:00,0.12850609674351296,0.10820931857016905
2030-07-21 10:00:00,0.08000475311038238,0.08672480454062234
2030-07-21 11:00:00,0.09115276598467134,0.1023550936681533
2030-07-21 12:00:00,0.11940991895721956,0.13696213310023883
2030-07-21 13:00:00,0.12130778560949596,0.16850420395123086
2030-07-21 14:00:00,0.10823893075760609,0.1473600059901807
2030-07-21 15:00:00,0.10954742184289211,0.1317446690621929
2030-07-21 16:00:00,0.10296600217602025,0.1393788116128808
2030-07-21 17:00:00,0.06372168379027784,0.13303875118934705
2030-07-21 18:00:00,0.05294483852252475,0.08569612825334114
2030-07-21 19:00:00,0.08511990288838883,0.11335440315461835
2030-07-21 20:00:00,0.07245987342888165,0.12373210688927751
2030-07-21 21:00:00,0.04904366590316523,0.09785811089912674
2030-07-21 22:00:00,0.07062858927299295,0.12160266427188425
2030-07-21 23:00:00,0.08767398697119175,0.14937830382500883
2030-07-22 00:00:00,0.07158074163514098,0.1437305561050023
2030-07-22 01:00:00,0.05244772976767139,0.09289619345609093
2030-07-22 02:00:00,0.0699194640283023,0.09302493560867975
2030-07-22 03:00:00,0.08231381036496328,0.10279227299650162
2030-07-22 04:00:00,0.07259534801906015,0.09697335506300817
2030-07-22 05:00:00,0.06345637721412159,0.08713009619789838
2030-07-22 06:00:00,0.054911452018613624,0.07704440406582391
2030-07-22 07:00:00,0.02630325372394828,0.055311694927813876
2030-07-22 08:00:00,0.005194986481365717,0.029996521242304057
2030-07-22 09:00:00,0.0007930725761726811,0.0015520552254918666
2030-07-22 10:00:00,0.0003360469061819212,0.0009863387403826758
2030-07-22 11:00:00,8.959250611708542e-05,0.0006033839747020709
2030-07-22 12:00:00,0.0004074384495168257,0.0010027976762943766
2030-07-22 13:00:00,0.0007812805650909708,0.0012725282756143404
2030-07-22 14:00:00,0.0018069099177777253,0.006721805850639367
2030-07-22 15:00:00,0.03045907268845259,0.03390601830729622
2030-07-22 16:00:00,0.030025623922177933,0.04473891207056896
2030-07-22 17:00:00,0.02959595958550435,0.036986541171853994
2030-07-22 18:00:00,0.021176118649764007,0.033113711454878715
2030-07-22 19:00:00,0.03694628976545755,0.026934469705895008
2030-07-22 20:00:00,0.07368342290649034,0.05248556953195147
2030-07-22 21:00:00,0.11249718061859451,0.09057575285492656
2030-07-22 22:00:00,0.07335321720469345,0.08005898769668615
2030-07-22 23:00:00,0.11851166195906526,0.14429842778985477
2030-07-23 00:00:00,0.19999669529336705,0.24204972645355088
2030-07-23 01:00:00,0.23487463497889077,0.3181588531832056
2030-07-23 02:00:00,0.2552841220287911,0.33233115924987716
2030-07-23 03:00:00,0.32002783165813486,0.36208275885381375
2030-07-23 04:00:00,0.36605653889418904,0.3758611690600134
2030-07-23 05:00:00,0.3875467337717268,0.43234002440867414
2030-07-23 06:00:00,0.3846221470500465,0.4483362486564274
2030-07-23 07:00:00,0.38151895175549166,0.465113217317331
2030-07-23 08:00:00,0.4116025559503248,0.4836359085573179
2030-07-23 09:00:00,0.4659065551243593,0.5326883202692623
2030-07-23 10:00:00,0.45974633807088783,0.5797542634262183
2030-07-23 11:00:00,0.5910816775564173,0.6403147863609256
2030-07-23 12:00:00,0.7543757570131033,0.7687953910419124
2030-07-23 13:00:00,0.8789423794384293,0.895833659622287
2030-07-23 14:00:00,0.9440425542864045,0.9609561845136292
2030-07-23 15:00:00,0.9800796954122813,0.9874922729984277
2030-07-23 16:00:00,0.9886437996436531,0.9974158581275968
2030-07-23 17:00:00,0.9854974785763644,0.9991530354414049
2030-07-23 18:00:00,0.9841118805459369,1.0
2030-07-23 19:00:00,0.9789836370176873,0.9998865711131225
2030-07-23 20:00:00,0.9689237552878348,0.9993250732159142
2030-07-23 21:00:00,0.9302951250328857,0.9980079483218333
2030-07-23 22:00:00,0.9388218834318334,0.9981135910995379
2030-07-23 23:00:00,0.9447672413416388,0.9978363482175541
2030-07-24 00:00:00,0.9136980804201492,0.9956159151958038
2030-07-24 01:00:00,0.9021445902070478,0.9891826506051351
2030-07-24 02:00:00,0.9135083603909439,0.9952598174566647
2030-07-24 03:00:00,0.9164339157415907,0.9957221091355457
2030-07-24 04:00:00,0.8923645370577935,0.98815784157424
2030-07-24 05:00:00,0.8661442505857742,0.9879475944068299
2030-07-24 06:00:00,0.7948446937837865,0.9834916505914995
2030-07-24 07:00:00,0.6762300093739676,0.9773980221945096
2030-07-24 08:00:00,0.4788754108185108,0.9683347735061445
2030-07-24 09:00:00,0.28969476214413903,0.903960926428385
2030-07-24 10:00:00,0.22095883889920326,0.8568090200662859
2030-07-24 11:00:00,0.1945608167808168,0.697684640772139
2030-07-24 12:00:00,0.24416105288809895,0.42747058687695977
2030-07-24 13:00:00,0.3626233193242432,0.30593840905013725
2030-07-24 14:00:00,0.43526320564213694,0.297353029678452
2030-07-24 15:00:00,0.5170627259291024,0.3594679507122787
2030-07-24 16:00:00,0.5715762410056914,0.45066820108669603
2030-07-24 17:00:00,0.5973768408407317,0.5349830643022245
2030-07-24 18:00:00,0.6481204737698154,0.686324867479897
2030-07-24 19:00:00,0.6444838295239128,0.7781545753937398
2030-07-24 20:00:00,0.6680680712950886,0.7859537525553656
2030-07-24 21:00:00,0.6488717360697492,0.7883901188775825
2030-07-24 22:00:00,0.4453387728374093,0.609694197278239
2030-07-24 23:00:00,0.4297711071409011,0.7379250995150682
2030-07-25 00:00:00,0.26789868138847706,0.7776119044739537
2030-07-25 01:00:00,0.09653275982649426,0.6067267554037781
2030-07-25 02:00:00,0.4487696767565571,0.3547555102062431
2030-07-25 03:00:00,0.748722957675851,0.8275368529685858
2030-07-25 04:00:00,0.6101104748150822,0.9524680001315408
2030-07-25 05:00:00,0.6004029235628914,0.8543569739850184
2030-07-25 06:00:00,0.5566467860635957,0.7756647178540467
2030-07-25 07:00:00,0.5485292197978416,0.7171342348060701
2030-07-25 08:00:00,0.5325244627550867,0.6793162406439703
2030-07-25 09:00:00,0.5261367622101952,0.6619585251728789
2030-07-25 10:00:00,0.486711677372626,0.658410186064015
2030-07-25 11:00:00,0.4596301760489558,0.6113394606816535
2030-07-25 12:00:00,0.4282979315643284,0.5140461835307469
2030-07-25 13:00:00,0.3430819806713883,0.43160341430912563
2030-07-25 14:00:00,0.24524201258212136,0.35792926275390696
2030-07-25 15:00:00,0.18610675476370253,0.2797356713140463
2030-07-25 16:00:00,0.16808916711345984,0.26085672123752396
2030-07-25 17:00:00,0.17983489238699976,0.3044256067208683
2030-07-25 18:00:00,0.19406757009123696,0.3444812143511459
2030-07-25 19:00:00,0.19940400896313976,0.35514458640520086
2030-07-25 20:00:00,0.22095180909740839,0.38176814097540857
2030-07-25 21:00:00,0.20774977925449026,0.3756781481911935
2030-07-25 22:00:00,0.1405718872722589,0.2915009688541521
2030-07-25 23:00:00,0.1540291726479121,0.338764464264995
2030-07-26 00:00:00,0.16058125645124566,0.39852621480045236
2030-07-26 01:00:00,0.17652402353166236,0.4697450439463549
2030-07-26 02:00:00,0.23386534890166694,0.5602270386992243
2030-07-26 03:00:00,0.2881743950729481,0.6610615334594524
2030-07-26 04:00:00,0.31153495791957425,0.7027171079181824
2030-07-26 05:00:00,0.42810656735293284,0.7656360479856756
2030-07-26 06:00:00,0.5486858663983893,0.8252303633066401
2030-07-26 07:00:00,0.6831125857980505,0.8623124036708723
2030-07-26 08:00:00,0.8378537903151853,0.9025163499472446
2030-07-26 09:00:00,0.9097543048257547,0.9459357844910968
2030-07-26 10:00:00,0.9786975647771998,0.9856678040087395
2030-07-26 11:00:00,0.9796475632064657,0.9975121417714372
2030-07-26 12:00:00,0.9531405112243962,0.9981569593004498
2030-07-26 13:00:00,0.8402647538272479,0.9977783476872368
2030-07-26 14:00:00,0.8199691583868033,0.9970259695054312
2030-07-26 15:00:00,0.853934220817934,0.9810002352787748
2030-07-26 16:00:00,0.9062207798149902,0.9763505413074961
2030-07-26 17:00:00,0.9097867654934092,0.9851952391212383
2030-07-26 18:00:00,0.834900906626396,0.9722328271577165
2030-07-26 19:00:00,0.7593839433707225,0.9568575627590727
2030-07-26 20:00:00,0.7288453535596003,0.9404296776576322
2030-07-26 21:00:00,0.6868992174465599,0.8981300435094546
2030-07-26 22:00:00,0.580204061486844,0.8647557542351766
2030-07-26 23:00:00,0.62602728033935,0.8964383078248412
2030-07-27 00:00:00,0.5977757511126688,0.8778468197616597
2030-07-27 01:00:00,0.5379673918391354,0.8071308447817821
2030-07-27 02:00:00,0.5615613222800004,0.8133904073580869
2030-07-27 03:00:00,0.6788566721843375,0.872462807805035
2030-07-27 04:00:00,0.6885725584558315,0.8772843206742154
2030-07-27 05:00:00,0.7666612151435478,0.9190810882678185
2030-07-27 06:00:00,0.8145173013008843,0.952970748763046
2030-07-27 07:00:00,0.8460049534392574,0.9554883807005243
2030-07-27 08:00:00,0.8836344748450297,0.9727754858956011
2030-07-27 09:00:00,0.9527582188957167,0.9881403697999498
2030-07-27 10:00:00,0.9050955449778448,0.9904530720741413
2030-07-27 11:00:00,0.9397364691356839,0.9972581558465816
2030-07-27 12:00:00,0.9838594810421042,0.9991901762000545
2030-07-27 13:00:00,0.9979032560459984,1.0
2030-07-27 14:00:00,0.9995467126492021,1.0
2030-07-27 15:00:00,0.9989027898571057,1.0
2030-07-27 16:00:00,0.9974369361499715,1.0
2030-07-27 17:00:00,0.9963219310494958,0.9997596494822845
2030-07-27 18:00:00,0.9864259024240579,0.9992033443925274
2030-07-27 19:00:00,0.9771274967012801,0.9980843131172868
2030-07-27 20:00:00,0.9383825176663139,0.9970760790294128
2030-07-27 21:00:00,0.8282235930966304,0.9751340121559862
2030-07-27 22:00:00,0.8270961804632387,0.9881450995923973
2030-07-27 23:00:00,0.6888400413524749,0.918566159338091
2030-07-28 00:00:00,0.5368620293946751,0.7026455313896103
2030-07-28 01:00:00,0.44347593132697893,0.5191044523954248
2030-07-28 02:00:00,0.4907258278366806,0.5427818696360783
2030-07-28 03:00:00,0.6052954216391817,0.6582325074025943
2030-07-28 04:00:00,0.7750551671618146,0.8245546453656278
2030-07-28 05:00:00,0.9490206673103255,0.9696490553208179
2030-07-28 06:00:00,0.9857584981242424,0.9971873868950762
2030-07-28 07:00:00,0.9937675565912806,0.9987646411804761
2030-07-28 08:00:00,0.9970959315317338,0.9992557332224837
2030-07-28 09:00:00,0.9969776734309924,0.9993101462022359
2030-07-28 10:00:00,0.9976130299183897,1.0
2030-07-28 11:00:00,0.9993951296430448,1.0
2030-07-28 12:00:00,0.9981923697831618,1.0
2030-07-28 13:00:00,0.9972872182407541,1.0
2030-07-28 14:00:00,0.9968468665711715,0.9996688450456109
2030-07-28 15:00:00,0.9964523445568709,0.9994598277213629
2030-07-28 16:00:00,0.9810923087318147,0.9981510408344236
2030-07-28 17:00:00,0.9702626264883983,0.9971836939009318
2030-07-28 18:00:00,0.9401218843783365,0.9882720911804039
2030-07-28 19:00:00,0.8808792705730174,0.9710748646106528
2030-07-28 20:00:00,0.7873771699260738,0.9007272019131303
2030-07-28 21:00:00,0.6129997012303157,0.6613229406596226
2030-07-28 22:00:00,0.48284612072672306,0.5494522439707176
2030-07-28 23:00:00,0.43584708056631416,0.48162342861349
2030-07-29 00:00:00,0.3826563668188182,0.4138357963316423
2030-07-29 01:00:00,0.2877579748582134,0.3459704718956331
2030-07-29 02:00:00,0.23885851167068356,0.36100576660240963
2030-07-29 03:00:00,0.2943914625481415,0.4380355213762903
2030-07-29 04:00:00,0.42917725692640696,0.5714553939418171
2030-07-29 05:00:00,0.5461051352122359,0.6745517793651135
2030-07-29 06:00:00,0.6253324233304065,0.7950498926408811
2030-07-29 07:00:00,0.6602958533681091,0.8636746427217341
2030-07-29 08:00:00,0.7098846912510567,0.8758611533471012
2030-07-29 09:00:00,0.7400667272590723,0.8808680251814288
2030-07-29 10:00:00,0.5147325977333116,0.5789929817335641
2030-07-29 11:00:00,0.619073986196637,0.672597449830274
2030-07-29 12:00:00,0.7954524186623819,0.8820834616863121
2030-07-29 13:00:00,0.823573969058067,0.9295132739496614
2030-07-29 14:00:00,0.8079078896631154,0.9293815901993215
2030-07-29 15:00:00,0.7866062735367614,0.8644107017541878
2030-07-29 16:00:00,0.7010089764547137,0.8396543052109251
2030-07-29 17:00:00,0.6477762535919938,0.8393746872635103
2030-07-29 18:00:00,0.6015998379623271,0.8425833658724744
2030-07-29 19:00:00,0.49911822592118943,0.7309471780198
2030-07-29 20:00:00,0.40135868352049536,0.6229653637686919
2030-07-29 21:00:00,0.28038177407580356,0.5504159482227504
2030-07-29 22:00:00,0.16487112297419565,0.4263049105466328
2030-07-29 23:00:00,0.13528591536100978,0.36968649788871505
2030-07-30 00:00:00,0.10865769790868235,0.30193385104303944
2030-07-30 01:00:00,0.0625575345278192,0.1848804880640447
2030-07-30 02:00:00,0.025091025576444426,0.118962688842719
2030-07-30 03:00:00,0.0024958427419207027,0.09692447529535742
2030-07-30 04:00:00,0.0009218318742203106,0.08821473561228216
2030-07-30 05:00:00,0.0008049543159591265,0.07936474619966631
2030-07-30 06:00:00,0.00034147384427796407,0.043656076820675294
2030-07-30 07:00:00,0.0,0.001536746323915258
2030-07-30 08:00:00,0.0,0.00040989984281433403
2030-07-30 09:00:00,0.0,0.0
2030-07-30 10:00:00,0.0,0.0
2030-07-30 11:00:00,0.0,0.0
2030-07-30 12:00:00,0.0,0.0
2030-07-30 13:00:00,0.0002874092447331846,0.000565415630452868
2030-07-30 14:00:00,0.0013779385490333847,0.028406574665826967
2030-07-30 15:00:00,0.012160725841901242,0.05547130114757847
2030-07-30 16:00:00,0.038934311257675436,0.06709102396188119
2030-07-30 17:00:00,0.0595345102019191,0.09053019973059763
2030-07-30 18:00:00,0.0753356074260946,0.131994027144896
2030-07-30 19:00:00,0.10762761504901945,0.18870019168660787
2030-07-30 20:00:00,0.1676883115801772,0.23694202715574014
2030-07-30 21:00:00,0.23537659455474752,0.30397571251527183
2030-07-30 22:00:00,0.18508459619188494,0.26555188578761707
2030-07-30 23:00:00,0.29126709419378594,0.4066028869942636
2030-07-31 00:00:00,0.3263908217991961,0.43550752785191177
2030-07-31 01:00:00,0.3804522703882199,0.5580868452863442
2030-07-31 02:00:00,0.44398409563872104,0.5876102531439078
2030-07-31 03:00:00,0.5201352759362033,0.5087188438094035
2030-07-31 04:00:00,0.4566915238258233,0.4258863536103642
2030-07-31 05:00:00,0.4120843339173861,0.4040043404243723
2030-07-31 06:00:00,0.3712590340807229,0.43479799996007884
2030-07-31 07:00:00,0.3411250082039926,0.4617766613433269
2030-07-31 08:00:00,0.3865631923334011,0.4898722626861993
2030-07-31 09:00:00,0.41441794776634155,0.5181794413294172
2030-07-31 10:00:00,0.19475066013538533,0.295880020988107
2030-07-31 11:00:00,0.2717712691009988,0.3495484515776871
2030-07-31 12:00:00,0.3166851328445772,0.3419492286289325
2030-07-31 13:00:00,0.3881982297911683,0.3943945268305735
2030-07-31 14:00:00,0.37798778256499876,0.3914239967904688
2030-07-31 15:00:00,0.4066701470524111,0.493687254521318
2030-07-31 16:00:00,0.3979473316070102,0.5513970492742665
2030-07-31 17:00:00,0.47455434426948356,0.737434034476634
2030-07-31 18:00:00,0.594217335188622,0.7638359980307707
2030-07-31 19:00:00,0.7142817402106333,0.9147292031734986
2030-07-31 20:00:00,0.8611326315478005,0.9727771178125422
2030-07-31 21:00:00,0.8654331306553996,0.9818732350781241
2030-07-31 22:00:00,0.8581874317828784,0.9778468518810621
2030-07-31 23:00:00,0.8908857580239218,0.9901758548815295
2030-08-01 00:00:00,0.8886984358807836,0.9879611257688093
2030-08-01 01:00:00,0.8949642241192564,0.9915131893205656
2030-08-01 02:00:00,0.8564752763284437,0.9804299316917183
2030-08-01 03:00:00,0.6238261937766099,0.8683265972087143
2030-08-01 04:00:00,0.5189862244652893,0.7432043625696184
2030-08-01 05:00:00,0.35935622901457054,0.4578952787630854
2030-08-01 06:00:00,0.23213107463546254,0.3467853430269347
2030-08-01 07:00:00,0.125079537902053,0.20732240736696111
2030-08-01 08:00:00,0.0545630149225781,0.1307521829790177
2030-08-01 09:00:00,0.038537068106865364,0.11571253560745179
2030-08-01 10:00:00,0.0007867071452051204,0.03471681552937675
2030-08-01 11:00:00,0.0012260105345472253,0.03180664813043984
2030-08-01 12:00:00,0.0,0.0
2030-08-01 13:00:00,0.0,0.0
2030-08-01 14:00:00,0.0,0.0
2030-08-01 15:00:00,0.0,0.0
2030-08-01 16:00:00,0.0,0.0
2030-08-01 17:00:00,0.0,0.0
2030-08-01 18:00:00,0.0,0.0
2030-08-01 19:00:00,0.0,0.0
2030-08-01 20:00:00,0.0,0.0
2030-08-01 21:00:00,0.0,0.0
2030-08-01 22:00:00,0.0,0.0
2030-08-01 23:00:00,0.0,0.0
2030-08-02 00:00:00,0.0015318078834120209,0.0
2030-08-02 01:00:00,0.022659186523186697,0.0007809146622215612
2030-08-02 02:00:00,0.04360815089473596,0.0054411209427951005
2030-08-02 03:00:00,0.08993750544307769,0.07150459806764792
2030-08-02 04:00:00,0.3278526545934749,0.32944671021794614
2030-08-02 05:00:00,0.7026976081277264,0.8698349538181777
2030-08-02 06:00:00,0.9089040375619146,0.9968265194228809
2030-08-02 07:00:00,0.9465602897890195,0.9981731572516894
2030-08-02 08:00:00,0.8473039963461558,0.9903050361586094
2030-08-02 09:00:00,0.6710909664911932,0.9725942257328032
2030-08-02 10:00:00,0.4538759069298254,0.8948714152878386
2030-08-02 11:00:00,0.7483545093563068,0.9818570201550222
2030-08-02 12:00:00,0.9081356930600291,0.99794064483754
2030-08-02 13:00:00,0.9120958543781816,0.9973014760398858
2030-08-02 14:00:00,0.8829999853029041,0.986630029198759
2030-08-02 15:00:00,0.8483660959955502,0.9738149470752404
2030-08-02 16:00:00,0.6683950725800053,0.8740814266197837
2030-08-02 17:00:00,0.4741983205451282,0.6366091929629146
2030-08-02 18:00:00,0.3669305521978499,0.4241102881760456
2030-08-02 19:00:00,0.20547687666219677,0.1715216815720388
2030-08-02 20:00:00,0.12749709630512507,0.11402844663673423
2030-08-02 21:00:00,0.1688846246089186,0.1583698921210378
2030-08-02 22:00:00,0.17081430700538472,0.2923919289025891
2030-08-02 23:00:00,0.5321497008793648,0.7843332242649739
2030-08-03 00:00:00,0.7213053135894953,0.9208862486706728
2030-08-03 01:00:00,0.90195455163078,0.9906104023196071
2030-08-03 02:00:00,0.9748293934178087,0.9972742008047109
2030-08-03 03:00:00,0.9840660853215635,0.998504061581002
2030-08-03 04:00:00,0.9982273142971788,1.0
2030-08-03 05:00:00,1.0,1.0
2030-08-03 06:00:00,1.0,1.0
2030-08-03 07:00:00,1.0,1.0
2030-08-03 08:00:00,1.0,1.0
2030-08-03 09:00:00,1.0,1.0
2030-08-03 10:00:00,1.0,1.0
2030-08-03 11:00:00,1.0,1.0
2030-08-03 12:00:00,1.0,1.0
2030-08-03 13:00:00,1.0,1.0
2030-08-03 14:00:00,1.0,1.0
2030-08-03 15:00:00,1.0,1.0
2030-08-03 16:00:00,1.0,1.0
2030-08-03 17:00:00,0.999073328200458,1.0
2030-08-03 18:00:00,0.952923878577548,0.9967958913431088
2030-08-03 19:00:00,0.7436220950989918,0.8511220177000629
2030-08-03 20:00:00,0.5474750478363415,0.6484783353254024
2030-08-03 21:00:00,0.5083706117309348,0.5829233292792813
2030-08-03 22:00:00,0.5148169364007608,0.6048325040160705
2030-08-03 23:00:00,0.6452478208538649,0.6397029464215485
2030-08-04 00:00:00,0.8362438971873599,0.7502276592050765
2030-08-04 01:00:00,0.9024460882832727,0.7923166540710443
2030-08-04 02:00:00,0.9227293077823413,0.8093673856142115
2030-08-04 03:00:00,0.9619729346081732,0.8552209117737564
2030-08-04 04:00:00,0.946499681845287,0.8237645508760479
2030-08-04 05:00:00,0.9369304293837716,0.8283055450153314
2030-08-04 06:00:00,0.9339939745512894,0.865852989657012
2030-08-04 07:00:00,0.9606855542714579,0.9116507673725042
2030-08-04 08:00:00,0.974097335128549,0.9691053171685566
2030-08-04 09:00:00,0.9729659936490538,0.9746656700141021
2030-08-04 10:00:00,0.9982660315548522,1.0
2030-08-04 11:00:00,0.9968729962583976,0.9997410014015123
2030-08-04 12:00:00,0.9215407256150264,0.9864134688462118
2030-08-04 13:00:00,0.7415409106776438,0.8475573896143098
2030-08-04 14:00:00,0.5767725199931517,0.6166067980755392
2030-08-04 15:00:00,0.603587016238477,0.654424953142358
2030-08-04 16:00:00,0.7771623893927336,0.8685735075302974
2030-08-04 17:00:00,0.8808909275928445,0.9499695034904574
2030-08-04 18:00:00,0.9419075787812037,0.9766136795753332
2030-08-04 19:00:00,0.9473460139612374,0.9359490534964613
2030-08-04 20:00:00,0.9156775897111389,0.8530717492417449
2030-08-04 21:00:00,0.8938790840421313,0.8709897652779183
2030-08-04 22:00:00,0.8038001243452229,0.8582416694932268
2030-08-04 23:00:00,0.8528961314539619,0.8912946473243399
2030-08-05 00:00:00,0.7828954736443432,0.8413227137060355
2030-08-05 01:00:00,0.705012967962989,0.728599699205053
2030-08-05 02:00:00,0.6425791409935071,0.6086035891541461
2030-08-05 03:00:00,0.5639973442955089,0.4981328898231996
2030-08-05 04:00:00,0.502491599547479,0.39626436891900635
2030-08-05 05:00:00,0.4381969203547557,0.32911361681898255
2030-08-05 06:00:00,0.4092140108921415,0.3064054860674041
2030-08-05 07:00:00,0.32968092731664916,0.2525461822909506
2030-08-05 08:00:00,0.20015577644012536,0.16421876498549787
2030-08-05 09:00:00,0.11826780709070958,0.11168514563119758
2030-08-05 10:00:00,0.07277526073339113,0.257854513477444
2030-08-05 11:00:00,0.11387440521401258,0.36872844526543036
2030-08-05 12:00:00,0.1209135252511897,0.41197078128730863
2030-08-05 13:00:00,0.12448441017265946,0.3209437543796826
2030-08-05 14:00:00,0.04603022950705218,0.12002156278763902
2030-08-05 15:00:00,0.0016182660936868121,0.000866826382373103
2030-08-05 16:00:00,0.1011440790038636,0.14969205313233008
2030-08-05 17:00:00,0.45630164001803747,0.4389794035501593
2030-08-05 18:00:00,0.654650304669274,0.9101586069830995
2030-08-05 19:00:00,0.5232655796640945,0.8032234084133658
2030-08-05 20:00:00,0.4126936180314548,0.587682260214721
2030-08-05 21:00:00,0.3180179425653611,0.3939972119735907
2030-08-05 22:00:00,0.33159234745264476,0.3405264577012916
2030-08-05 23:00:00,0.4293744178486325,0.431853909318232
2030-08-06 00:00:00,0.49564938357505955,0.49267892172004085
2030-08-06 01:00:00,0.4089043096293158,0.43077551987787166
2030-08-06 02:00:00,0.2719448840912827,0.3576608515621103
2030-08-06 03:00:00,0.1658850605530947,0.2809282964156793
2030-08-06 04:00:00,0.15652928732013088,0.280473144890894
2030-08-06 05:00:00,0.193170872535816,0.29723851410276436
2030-08-06 06:00:00,0.20800856972270365,0.2684416583902083
2030-08-06 07:00:00,0.2372658662996292,0.28588932189056004
2030-08-06 08:00:00,0.3045599441486098,0.3469011136947464
2030-08-06 09:00:00,0.43376454814340754,0.4826473396468632
2030-08-06 10:00:00,0.3406769264528746,0.4333873266303605
2030-08-06 11:00:00,0.48462046280088006,0.5443140748065431
2030-08-06 12:00:00,0.6461825845497357,0.7962579461412669
2030-08-06 13:00:00,0.7115357481863033,0.865641980805137
2030-08-06 14:00:00,0.716954041394077,0.8694322861963084
2030-08-06 15:00:00,0.759153218472878,0.8691529998588469
2030-08-06 16:00:00,0.7022332677194292,0.7752370684107754
2030-08-06 17:00:00,0.6200428830923659,0.584821412183252
2030-08-06 18:00:00,0.5958792988620618,0.4409449875101226
2030-08-06 19:00:00,0.5600129955345015,0.5453097243742702
2030-08-06 20:00:00,0.490922018342735,0.730722658042057
2030-08-06 21:00:00,0.40292063816159324,0.6302115805989944
2030-08-06 22:00:00,0.39047778498301755,0.5257473978589768
2030-08-06 23:00:00,0.9057684326825354,0.9743012934141138
2030-08-07 00:00:00,0.9424472474327834,0.9973007434820973
2030-08-07 01:00:00,0.8020122844467571,0.9475291169497183
2030-08-07 02:00:00,0.7393277648645852,0.9025417426676475
2030-08-07 03:00:00,0.7130007299436971,0.8896981600184802
2030-08-07 04:00:00,0.7212113442881735,0.90899820305651
2030-08-07 05:00:00,0.6954176928452019,0.9074308965846501
2030-08-07 06:00:00,0.7309898129875244,0.8922173392901803
2030-08-07 07:00:00,0.7968162708102176,0.8810957674431736
2030-08-07 08:00:00,0.9236810522165594,0.9587721940045445
2030-08-07 09:00:00,0.9719267756988677,0.9833736512960464
2030-08-07 10:00:00,1.0,1.0
2030-08-07 11:00:00,1.0,1.0
2030-08-07 12:00:00,1.0,1.0
2030-08-07 13:00:00,1.0,1.0
2030-08-07 14:00:00,1.0,1.0
2030-08-07 15:00:00,1.0,1.0
2030-08-07 16:00:00,1.0,1.0
2030-08-07 17:00:00,1.0,1.0
2030-08-07 18:00:00,0.9970193251050576,1.0
2030-08-07 19:00:00,0.9676383075581652,0.9974682523536399
2030-08-07 20:00:00,0.8260283568476372,0.9724471162986714
2030-08-07 21:00:00,0.5868597325957046,0.8221331872518172
2030-08-07 22:00:00,0.2674325317351701,0.44189461481298814
2030-08-07 23:00:00,0.3889409596488793,0.569340054595069
2030-08-08 00:00:00,0.6044373429610563,0.7257431416963513
2030-08-08 01:00:00,0.7157478918971293,0.858344584190479
2030-08-08 02:00:00,0.8472727485811744,0.9315995957118182
2030-08-08 03:00:00,0.7854251486700597,0.7118766221321283
2030-08-08 04:00:00,0.48913962868681704,0.3974951204607693
2030-08-08 05:00:00,0.33785207626168323,0.2724860385560166
2030-08-08 06:00:00,0.2626079265574691,0.1684088292095296
2030-08-08 07:00:00,0.16874246026143763,0.0840895320929608
2030-08-08 08:00:00,0.11986109090228023,0.032040604898436936
2030-08-08 09:00:00,0.09217553635657898,0.009168299519206597
2030-08-08 10:00:00,0.0006093239356540413,0.0
2030-08-08 11:00:00,0.0013579673859549786,0.0008760380620229665
2030-08-08 12:00:00,0.09077801045233283,0.10762722557666346
2030-08-08 13:00:00,0.31077439240753285,0.38040888682721447
2030-08-08 14:00:00,0.49091197654208707,0.6342776363287381
2030-08-08 15:00:00,0.6237655967223097,0.8159384385053542
2030-08-08 16:00:00,0.756366086348436,0.9697841580822352
2030-08-08 17:00:00,0.862217635099375,0.9977810101483161
2030-08-08 18:00:00,0.9802296064545324,1.0
2030-08-08 19:00:00,0.9792333987882904,1.0
2030-08-08 20:00:00,0.9207551427986094,0.9992732534011097
2030-08-08 21:00:00,0.7402482786703344,0.9684266795954967
2030-08-08 22:00:00,0.5083309327188066,0.7452171945230048
2030-08-08 23:00:00,0.39759881883276293,0.6262748776632197
2030-08-09 00:00:00,0.39010198960867803,0.59170074059003
2030-08-09 01:00:00,0.3867382019850435,0.5500667172405582
2030-08-09 02:00:00,0.3756764607612261,0.5190207964596911
2030-08-09 03:00:00,0.4861809042932228,0.5844648447462703
2030-08-09 04:00:00,0.583227576677799,0.6938766883635583
2030-08-09 05:00:00,0.689874589365665,0.8088478786720583
2030-08-09 06:00:00,0.7632945815124972,0.8538953644172382
2030-08-09 07:00:00,0.8207754798296449,0.8740817848891437
2030-08-09 08:00:00,0.8322906259053888,0.8768618329047455
2030-08-09 09:00:00,0.8669624378784146,0.8955441194232009
2030-08-09 10:00:00,0.9179090811156869,0.945320898942246
2030-08-09 11:00:00,0.9691815846062848,0.975718353850804
2030-08-09 12:00:00,0.959649747050038,0.972471922196992
2030-08-09 13:00:00,0.9750862097183877,0.988371048467947
2030-08-09 14:00:00,0.9972362858158834,0.9984176518156119
2030-08-09 15:00:00,0.9991449129580804,0.9985000217352702
2030-08-09 16:00:00,1.0,0.9997165908843257
2030-08-09 17:00:00,1.0,0.9997016080647453
2030-08-09 18:00:00,0.9996197563791255,0.998488680295054
2030-08-09 19:00:00,0.9715939322258215,0.9943395098467926
2030-08-09 20:00:00,0.5249256727376047,0.8657228506070581
2030-08-09 21:00:00,0.38880374906458065,0.7122063052012104
2030-08-09 22:00:00,0.14848719485438097,0.45102483580954966
2030-08-09 23:00:00,0.1049992128875439,0.21632884355832266
2030-08-10 00:00:00,0.20299517862339142,0.2598094183451977
2030-08-10 01:00:00,0.33590769142337346,0.3844646626545003
2030-08-10 02:00:00,0.4844961339865628,0.5179012653627515
2030-08-10 03:00:00,0.5051172287998447,0.5399082030834296
2030-08-10 04:00:00,0.6053982834928411,0.6286791443806187
2030-08-10 05:00:00,0.7492671716163812,0.8313197123331202
2030-08-10 06:00:00,0.9318601027068604,0.9682993611113424
2030-08-10 07:00:00,0.9867102484950768,0.9968087081989001
2030-08-10 08:00:00,0.9971729606735392,0.9990522394095954
2030-08-10 09:00:00,0.9919607397863468,1.0
2030-08-10 10:00:00,0.9957545251593984,1.0
2030-08-10 11:00:00,0.9684559707361833,1.0
2030-08-10 12:00:00,0.9699948490346436,0.9972801875233894
2030-08-10 13:00:00,0.973815691048217,0.9979406029248132
2030-08-10 14:00:00,0.978690198978186,1.0
2030-08-10 15:00:00,0.9727629519060778,1.0
2030-08-10 16:00:00,0.8770279635011515,1.0
2030-08-10 17:00:00,0.9308907790493468,1.0
2030-08-10 18:00:00,0.985090480416146,1.0
2030-08-10 19:00:00,0.989956154032322,1.0
2030-08-10 20:00:00,0.9842933152138983,1.0
2030-08-10 21:00:00,0.7588908057355294,0.9740935467977578
2030-08-10 22:00:00,0.5460434092375142,0.7942596960452241
2030-08-10 23:00:00,0.31332389664806687,0.5526112009324373
2030-08-11 00:00:00,0.10744897206056407,0.27466838757379325
2030-08-11 01:00:00,0.07502452409671026,0.11081611341406038
2030-08-11 02:00:00,0.1341308508810454,0.1648098120106101
2030-08-11 03:00:00,0.154814557615906,0.19632085390479928
2030-08-11 04:00:00,0.16313564163106276,0.332496221880591
2030-08-11 05:00:00,0.23486361627762775,0.5795972025748479
2030-08-11 06:00:00,0.3324588877665542,0.6710536120720545
2030-08-11 07:00:00,0.5193152377007695,0.7632251703758808
2030-08-11 08:00:00,0.8234875129649833,0.9059666446459049
2030-08-11 09:00:00,0.9788044455778896,0.9960407356488233
2030-08-11 10:00:00,0.9861918674721426,0.9983878418210573
2030-08-11 11:00:00,0.9917343219969202,0.9998362954211686
2030-08-11 12:00:00,0.9923403952691812,0.999920417701097
2030-08-11 13:00:00,0.975836378376165,0.9974290036510673
2030-08-11 14:00:00,0.9645330739628649,0.9964729585202917
2030-08-11 15:00:00,0.9268188408399436,0.9977349424601334
2030-08-11 16:00:00,0.8770765715123591,0.9834046242828222
2030-08-11 17:00:00,0.8877164997116181,0.9841950184373452
2030-08-11 18:00:00,0.9376611470068761,0.9921692948488411
2030-08-11 19:00:00,0.9220522763885921,0.998455580974684
2030-08-11 20:00:00,0.848272961029741,0.997163885248261
2030-08-11 21:00:00,0.7156645095355442,0.9839471589423245
2030-08-11 22:00:00,0.5763744973367959,0.865373397591611
2030-08-11 23:00:00,0.6534153427325794,0.9394996203864177
2030-08-12 00:00:00,0.7880859196109192,0.9852004906741711
2030-08-12 01:00:00,0.8930604735661893,0.9977823061581879
2030-08-12 02:00:00,0.9275078346696254,0.9993702250466209
2030-08-12 03:00:00,0.931486176167514,0.9992542222258716
2030-08-12 04:00:00,0.9264127836376644,0.9993115169113987
2030-08-12 05:00:00,0.9235574529322108,0.9986983771534399
2030-08-12 06:00:00,0.8881287528054771,0.9971843177064758
2030-08-12 07:00:00,0.7971375533099903,0.9816390194496681
2030-08-12 08:00:00,0.623081493677782,0.9394624956146587
2030-08-12 09:00:00,0.5360244398333828,0.8954900079969008
2030-08-12 10:00:00,0.45860645059685085,0.8413290732975746
2030-08-12 11:00:00,0.40683890782694004,0.7274646399387628
2030-08-12 12:00:00,0.35462922944504915,0.6841390742923501
2030-08-12 13:00:00,0.31728931538996447,0.6185088934047094
2030-08-12 14:00:00,0.28897653176172416,0.5678795796243776
2030-08-12 15:00:00,0.24275973138410128,0.532224829409383
2030-08-12 16:00:00,0.21363882887217628,0.4897653804265712
2030-08-12 17:00:00,0.21708186422245368,0.4875712148182909
2030-08-12 18:00:00,0.22885282228298712,0.4855565604927334
2030-08-12 19:00:00,0.24175396953956077,0.4743133668130336
2030-08-12 20:00:00,0.22814512603001377,0.4281859594825285
2030-08-12 21:00:00,0.2040131647040518,0.40760033782313665
2030-08-12 22:00:00,0.1464244510002848,0.3347506195852606
2030-08-12 23:00:00,0.14291581933976533,0.2613280814343745
2030-08-13 00:00:00,0.15076202511725414,0.286065786487724
2030-08-13 01:00:00,0.13166668243406615,0.23883099645467715
2030-08-13 02:00:00,0.10877712074072989,0.1971724508109499
2030-08-13 03:00:00,0.1154882817397362,0.19782173123853283
2030-08-13 04:00:00,0.09800170307350109,0.1715456207838684
2030-08-13 05:00:00,0.08666139443156679,0.16002837667628422
2030-08-13 06:00:00,0.08554951546671774,0.151256099368278
2030-08-13 07:00:00,0.08963986762569662,0.14704195618978474
2030-08-13 08:00:00,0.08417146919567803,0.12832311039330968
2030-08-13 09:00:00,0.08431037453703545,0.11288137832485111
2030-08-13 10:00:00,0.04748496062928169,0.04815778535928295
2030-08-13 11:00:00,0.06543925667324427,0.05216257752101732
2030-08-13 12:00:00,0.07792906373626296,0.05802830231188423
2030-08-13 13:00:00,0.09487722124517156,0.07236432182087074
2030-08-13 14:00:00,0.132740346327438,0.10367038771265195
2030-08-13 15:00:00,0.14786073453951668,0.1480531114018807
2030-08-13 16:00:00,0.14860908630976094,0.17522311362471565
2030-08-13 17:00:00,0.13323624145372265,0.18465556684505088
2030-08-13 18:00:00,0.13086778230370413,0.20308746623941074
2030-08-13 19:00:00,0.12643876252127773,0.2170319252880632
2030-08-13 20:00:00,0.11081754290997234,0.19296635130334014
2030-08-13 21:00:00,0.10850984605222265,0.1821121075390682
2030-08-13 22:00:00,0.11358444044190354,0.22123145882424752
2030-08-13 23:00:00,0.10168922796783708,0.24435889031671695
2030-08-14 00:00:00,0.0772149223111788,0.21789309472683818
2030-08-14 01:00:00,0.03730596094477072,0.14977245370423098
2030-08-14 02:00:00,0.03060587180746929,0.1266479516626675
2030-08-14 03:00:00,0.03748497976715841,0.10946572992556919
2030-08-14 04:00:00,0.04441702280389112,0.0841700529061242
2030-08-14 05:00:00,0.051692071672937566,0.06571377906813802
2030-08-14 06:00:00,0.06372071814832313,0.06364378408774525
2030-08-14 07:00:00,0.07872643766246934,0.0811275399417649
2030-08-14 08:00:00,0.1027056070713837,0.09680979826519513
2030-08-14 09:00:00,0.15050571892116887,0.15399245877244316
2030-08-14 10:00:00,0.18762745420486465,0.19776820824558908
2030-08-14 11:00:00,0.3124745876523962,0.35952578655057943
2030-08-14 12:00:00,0.43614658054774313,0.5449088444675046
2030-08-14 13:00:00,0.5880505184457093,0.7286282594676058
2030-08-14 14:00:00,0.6727654578856965,0.8169058185715865
2030-08-14 15:00:00,0.6668420334976123,0.6984674933872776
2030-08-14 16:00:00,0.5919643557635291,0.6240901903769969
2030-08-14 17:00:00,0.4240227013828206,0.4404490866221199
2030-08-14 18:00:00,0.2678934576980466,0.25232852136275025
2030-08-14 19:00:00,0.12359371757767718,0.12922263669292705
2030-08-14 20:00:00,0.06964400422154846,0.049574750676471255
2030-08-14 21:00:00,0.024434331451115853,0.007650189979228716
2030-08-14 22:00:00,0.014904088773619331,0.0009623573466723598
2030-08-14 23:00:00,0.06030513709315567,0.04123302477626125
2030-08-15 00:00:00,0.33767805236055876,0.3364217075340206
2030-08-15 01:00:00,0.7645268649088571,0.8526317961606816
2030-08-15 02:00:00,0.8865700678671598,0.9776749063760316
2030-08-15 03:00:00,0.903418358356657,0.9833382768352085
2030-08-15 04:00:00,0.8583401055228747,0.9722141072349394
2030-08-15 05:00:00,0.7981891443049145,0.968717591763656
2030-08-15 06:00:00,0.7625474355698147,0.9731876405789904
2030-08-15 07:00:00,0.7331918392772319,0.9682643190825798
2030-08-15 08:00:00,0.6642335192977932,0.9006590365794459
2030-08-15 09:00:00,0.6936011973309489,0.8290074337156167
2030-08-15 10:00:00,0.7948595227520958,0.8200322865689526
2030-08-15 11:00:00,0.9540020627782974,0.963372600762735
2030-08-15 12:00:00,0.9982928012361766,0.998746769772093
2030-08-15 13:00:00,1.0,1.0
2030-08-15 14:00:00,1.0,1.0
2030-08-15 15:00:00,0.9994532636412579,1.0
2030-08-15 16:00:00,0.9860169725987471,1.0
2030-08-15 17:00:00,0.9972716938822414,1.0
2030-08-15 18:00:00,0.9982439084187933,1.0
2030-08-15 19:00:00,0.9920296140621722,1.0
2030-08-15 20:00:00,0.9957224803196127,1.0
2030-08-15 21:00:00,0.9973958360231081,1.0
2030-08-15 22:00:00,1.0,1.0
2030-08-15 23:00:00,1.0,1.0
2030-08-16 00:00:00,1.0,1.0
2030-08-16 01:00:00,1.0,1.0
2030-08-16 02:00:00,1.0,1.0
2030-08-16 03:00:00,1.0,1.0
2030-08-16 04:00:00,1.0,1.0
2030-08-16 05:00:00,0.9994358410180819,1.0
2030-08-16 06:00:00,0.9981018435304065,1.0
2030-08-16 07:00:00,1.0,1.0
2030-08-16 08:00:00,1.0,1.0
2030-08-16 09:00:00,1.0,1.0
2030-08-16 10:00:00,1.0,1.0
2030-08-16 11:00:00,1.0,1.0
2030-08-16 12:00:00,1.0,1.0
2030-08-16 13:00:00,1.0,1.0
2030-08-16 14:00:00,1.0,1.0
2030-08-16 15:00:00,0.9993155231547199,1.0
2030-08-16 16:00:00,0.997206283532234,1.0
2030-08-16 17:00:00,0.9882396760842728,1.0
2030-08-16 18:00:00,0.9724732740689653,0.999717308518138
2030-08-16 19:00:00,0.9265001366331013,0.9989925612622038
2030-08-16 20:00:00,0.8267346714754359,0.9814296099337662
2030-08-16 21:00:00,0.6960796973442409,0.9260724689280083
2030-08-16 22:00:00,0.43737856736169844,0.663380827725661
2030-08-16 23:00:00,0.23424896873494516,0.36891586877021526
2030-08-17 00:00:00,0.1301287623847439,0.16881569914523578
2030-08-17 01:00:00,0.29591916834458004,0.2528190006765424
2030-08-17 02:00:00,0.6094828677672184,0.4659242710290806
2030-08-17 03:00:00,0.7036859696465739,0.8787038404589442
2030-08-17 04:00:00,0.803601415405999,0.9943376165455174
2030-08-17 05:00:00,0.7636170463398664,0.9922061514431666
2030-08-17 06:00:00,0.8193435917308307,0.9970264635974381
2030-08-17 07:00:00,0.8604500673852986,0.9974534582830804
2030-08-17 08:00:00,0.8803273160352363,0.9913020909438173
2030-08-17 09:00:00,0.8373532228561099,0.9840836140631773
2030-08-17 10:00:00,0.21637153071170856,0.4632543244679588
2030-08-17 11:00:00,0.14415046210165672,0.34655546808092635
2030-08-17 12:00:00,0.1783199852645535,0.4210252893216052
2030-08-17 13:00:00,0.21371880178407096,0.5234590346875048
2030-08-17 14:00:00,0.29048805154985863,0.5838571673374802
2030-08-17 15:00:00,0.2693841792321811,0.5670672454184182
2030-08-17 16:00:00,0.19964088208949024,0.42703587005267857
2030-08-17 17:00:00,0.2950173516953791,0.5028923835042515
2030-08-17 18:00:00,0.5911700653155394,0.7789880430747893
2030-08-17 19:00:00,0.9784253812427506,0.9685340461933625
2030-08-17 20:00:00,1.0,1.0
2030-08-17 21:00:00,1.0,1.0
2030-08-17 22:00:00,1.0,1.0
2030-08-17 23:00:00,1.0,1.0
2030-08-18 00:00:00,1.0,1.0
2030-08-18 01:00:00,1.0,1.0
2030-08-18 02:00:00,1.0,1.0
2030-08-18 03:00:00,1.0,1.0
2030-08-18 04:00:00,0.9999892472321369,1.0
2030-08-18 05:00:00,0.9986259392741268,1.0
2030-08-18 06:00:00,0.9971988841889783,0.9998791641137609
2030-08-18 07:00:00,0.9873432336101859,0.9984151577212851
2030-08-18 08:00:00,0.9762867359104078,0.9969752496328905
2030-08-18 09:00:00,0.9733118429269055,0.9920248868141267
2030-08-18 10:00:00,0.7547015819285614,0.8912654052562727
2030-08-18 11:00:00,0.8934217366270075,0.9735216407316929
2030-08-18 12:00:00,0.9406924338830922,0.9845065678326735
2030-08-18 13:00:00,0.9216018165797298,0.984013477005888
2030-08-18 14:00:00,0.8374189901960647,0.9719126690589568
2030-08-18 15:00:00,0.6616213916250931,0.9101078220286722
2030-08-18 16:00:00,0.5560212434616427,0.8460618623529438
2030-08-18 17:00:00,0.4288586954824088,0.7717274839220252
2030-08-18 18:00:00,0.3471224436357678,0.6543833525907995
2030-08-18 19:00:00,0.38000329452063486,0.7323907669684508
2030-08-18 20:00:00,0.3381650446506719,0.638367524512459
2030-08-18 21:00:00,0.3022283589598027,0.540769021875923
2030-08-18 22:00:00,0.195163149207635,0.32449935794533785
2030-08-18 23:00:00,0.14750918586334388,0.2564192427071763
2030-08-19 00:00:00,0.1337230375607837,0.28999571429887167
2030-08-19 01:00:00,0.15304004665390597,0.3325196097873342
2030-08-19 02:00:00,0.2615793489406657,0.4305356536104796
2030-08-19 03:00:00,0.3670542774485626,0.43481653436372936
2030-08-19 04:00:00,0.48964431785668444,0.4580141069862309
2030-08-19 05:00:00,0.677666113757565,0.6001734439544607
2030-08-19 06:00:00,0.8522837701985946,0.7547743114504697
2030-08-19 07:00:00,0.9188464753401028,0.8558336237459435
2030-08-19 08:00:00,0.9325513904529119,0.8917743254017708
2030-08-19 09:00:00,0.9325219242201243,0.8809674000232885
2030-08-19 10:00:00,0.9681501194979826,0.8849695066191149
2030-08-19 11:00:00,0.9758815625950549,0.9386262562698018
2030-08-19 12:00:00,0.9978374780467784,0.9970683839993413
2030-08-19 13:00:00,0.9993618050236505,1.0
2030-08-19 14:00:00,1.0,1.0
2030-08-19 15:00:00,1.0,1.0
2030-08-19 16:00:00,1.0,1.0
2030-08-19 17:00:00,1.0,1.0
2030-08-19 18:00:00,1.0,1.0
2030-08-19 19:00:00,1.0,1.0
2030-08-19 20:00:00,1.0,1.0
2030-08-19 21:00:00,1.0,1.0
2030-08-19 22:00:00,1.0,1.0
2030-08-19 23:00:00,1.0,1.0
2030-08-20 00:00:00,1.0,1.0
2030-08-20 01:00:00,1.0,1.0
2030-08-20 02:00:00,1.0,1.0
2030-08-20 03:00:00,1.0,1.0
2030-08-20 04:00:00,1.0,1.0
2030-08-20 05:00:00,1.0,1.0
2030-08-20 06:00:00,1.0,1.0
2030-08-20 07:00:00,1.0,1.0
2030-08-20 08:00:00,1.0,1.0
2030-08-20 09:00:00,1.0,1.0
2030-08-20 10:00:00,1.0,1.0
2030-08-20 11:00:00,1.0,1.0
2030-08-20 12:00:00,1.0,1.0
2030-08-20 13:00:00,0.999462968336321,1.0
2030-08-20 14:00:00,0.9987710572447733,1.0
2030-08-20 15:00:00,0.9979499801674451,1.0
2030-08-20 16:00:00,0.9996647853069472,1.0
2030-08-20 17:00:00,0.9998414181941965,1.0
2030-08-20 18:00:00,0.9991200501926255,1.0
2030-08-20 19:00:00,0.9981666666395369,1.0
2030-08-20 20:00:00,0.9911327631208597,0.9977435925174781
2030-08-20 21:00:00,0.9809981473667525,0.9972585027328258
2030-08-20 22:00:00,0.6529083068083952,0.6700288722091786
2030-08-20 23:00:00,0.6974373298049394,0.7282132261242512
2030-08-21 00:00:00,0.654784447794002,0.6268625274207742
2030-08-21 01:00:00,0.6128803089235417,0.5882821949998402
2030-08-21 02:00:00,0.705532987377787,0.7599774866864732
2030-08-21 03:00:00,0.9150042942869294,0.9777233404532815
2030-08-21 04:00:00,0.9861826504545665,0.9990682225482597
2030-08-21 05:00:00,0.996617573838353,1.0
2030-08-21 06:00:00,0.9985483451824434,1.0
2030-08-21 07:00:00,0.9990889792774706,1.0
2030-08-21 08:00:00,0.9992209098812259,1.0
2030-08-21 09:00:00,0.9995130889897578,1.0
2030-08-21 10:00:00,0.998759720978098,1.0
2030-08-21 11:00:00,1.0,1.0
2030-08-21 12:00:00,1.0,1.0
2030-08-21 13:00:00,0.997716287728958,1.0
2030-08-21 14:00:00,0.9939116789029058,1.0
2030-08-21 15:00:00,0.9944713661061069,0.9980135295691849
2030-08-21 16:00:00,0.9969730253930744,0.9973313222783735
2030-08-21 17:00:00,0.9976128187921116,0.9979883122722099
2030-08-21 18:00:00,0.9977412377950198,0.9924662255765087
2030-08-21 19:00:00,0.9936484827429032,0.9800032951976633
2030-08-21 20:00:00,0.9786890934932546,0.9874432609980379
2030-08-21 21:00:00,0.9499048012362881,0.9909931615454255
2030-08-21 22:00:00,0.6121571030426405,0.7179435190849262
2030-08-21 23:00:00,0.7846305725766558,0.8984239615868592
2030-08-22 00:00:00,0.835862782140774,0.9631802801495767
2030-08-22 01:00:00,0.7536629999441302,0.9316903003906115
2030-08-22 02:00:00,0.6938751929723888,0.8939166615273026
2030-08-22 03:00:00,0.5041667455964418,0.8158659911977704
2030-08-22 04:00:00,0.33719449717128774,0.6947634998586837
2030-08-22 05:00:00,0.1544925749135236,0.5207629895681452
2030-08-22 06:00:00,0.10131417621807133,0.4204657134297863
2030-08-22 07:00:00,0.08388847816852141,0.31764410913203206
2030-08-22 08:00:00,0.09124561449605201,0.2802634175424376
2030-08-22 09:00:00,0.1659318171822246,0.3999763938467927
2030-08-22 10:00:00,0.14708753501972777,0.3083342634660795
2030-08-22 11:00:00,0.27549187202447556,0.4905925042197411
2030-08-22 12:00:00,0.6112863240053991,0.6259681774965711
2030-08-22 13:00:00,0.8416725096484013,0.7401933874586604
2030-08-22 14:00:00,0.9683130369663533,0.9089982004356596
2030-08-22 15:00:00,0.9735912244807717,0.9700536174650016
2030-08-22 16:00:00,0.9951889265049336,0.9851755269188013
2030-08-22 17:00:00,0.9940397065723996,0.9985496040124581
2030-08-22 18:00:00,0.9976292153716321,0.9990709676359377
2030-08-22 19:00:00,1.0,1.0
2030-08-22 20:00:00,1.0,1.0
2030-08-22 21:00:00,1.0,1.0
2030-08-22 22:00:00,1.0,1.0
2030-08-22 23:00:00,1.0,1.0
2030-08-23 00:00:00,1.0,1.0
2030-08-23 01:00:00,0.9986311406771935,1.0
2030-08-23 02:00:00,0.9852492289434456,0.9984558490211551
2030-08-23 03:00:00,0.9680140725770464,0.9953256456941563
2030-08-23 04:00:00,0.8645467571995845,0.9705222900023862
2030-08-23 05:00:00,0.7760800956714606,0.9108846050969198
2030-08-23 06:00:00,0.7192608481486914,0.8503386016317906
2030-08-23 07:00:00,0.6609790466618427,0.7601067271690461
2030-08-23 08:00:00,0.6203936763170248,0.7094759957022766
2030-08-23 09:00:00,0.6299384716470529,0.715147125797568
2030-08-23 10:00:00,0.7436407702401242,0.7890354888530402
2030-08-23 11:00:00,0.8723611794241279,0.9448076386998939
2030-08-23 12:00:00,0.9219951761362084,0.976370976952121
2030-08-23 13:00:00,0.9267682515558956,0.9793115567478613
2030-08-23 14:00:00,0.9516334724096236,0.984820459765792
2030-08-23 15:00:00,0.9979084452477287,0.9990602975213017
2030-08-23 16:00:00,0.999721052382062,1.0
2030-08-23 17:00:00,1.0,1.0
2030-08-23 18:00:00,1.0,1.0
2030-08-23 19:00:00,1.0,1.0
2030-08-23 20:00:00,0.9967763587466533,1.0
2030-08-23 21:00:00,0.9889642014448109,1.0
2030-08-23 22:00:00,0.9687844982115663,1.0
2030-08-23 23:00:00,0.9514426300491351,0.9983156196870491
2030-08-24 00:00:00,0.8963129011381029,0.9974562063094229
2030-08-24 01:00:00,0.8406998768337077,0.9921653200563029
2030-08-24 02:00:00,0.8007149243430043,0.9846868267227644
2030-08-24 03:00:00,0.6684769740062002,0.9448586507245085
2030-08-24 04:00:00,0.6315704846258102,0.972529151806952
2030-08-24 05:00:00,0.6307102285700987,0.9277791806373735
2030-08-24 06:00:00,0.8524125832296755,0.9681608248102633
2030-08-24 07:00:00,0.9066250617576075,0.9927211345330879
2030-08-24 08:00:00,0.8663066700816843,0.9986297923529547
2030-08-24 09:00:00,0.7384755016578104,0.9950510564713758
2030-08-24 10:00:00,0.471341294409524,0.8213754249377083
2030-08-24 11:00:00,0.3914874522773494,0.6135838065836825
2030-08-24 12:00:00,0.3603248934517589,0.5284991799202522
2030-08-24 13:00:00,0.295290580836631,0.4545994427067908
2030-08-24 14:00:00,0.2265798042860493,0.4621698569388978
2030-08-24 15:00:00,0.20716548589076175,0.48347231068684393
2030-08-24 16:00:00,0.29162154505643784,0.4953629351499189
2030-08-24 17:00:00,0.22968476992638964,0.4064681301752523
2030-08-24 18:00:00,0.21069121713257596,0.3667931974519067
2030-08-24 19:00:00,0.1882446151710766,0.3321402778103203
2030-08-24 20:00:00,0.14043452350800972,0.2706070628871332
2030-08-24 21:00:00,0.14294574648594563,0.23169176762307442
2030-08-24 22:00:00,0.12406098460256265,0.2035953114410149
2030-08-24 23:00:00,0.13766836759614584,0.23933077011095616
2030-08-25 00:00:00,0.13271854481404582,0.25272196707944306
2030-08-25 01:00:00,0.14297131376646163,0.27315447864085846
2030-08-25 02:00:00,0.20021750925790952,0.3318430334859763
2030-08-25 03:00:00,0.2213780833021076,0.3382722026753
2030-08-25 04:00:00,0.28899031579381135,0.3620813231215694
2030-08-25 05:00:00,0.3436722497424705,0.40651638758211606
2030-08-25 06:00:00,0.3876098477321498,0.44550501415536203
2030-08-25 07:00:00,0.38778309800135186,0.47769145040211863
2030-08-25 08:00:00,0.35577333791653865,0.4594923156523459
2030-08-25 09:00:00,0.29489378368606156,0.43361643178241716
2030-08-25 10:00:00,0.2064682225175275,0.2907465580007573
2030-08-25 11:00:00,0.22667801771450252,0.2930890086219094
2030-08-25 12:00:00,0.29168633791538345,0.3411617454176368
2030-08-25 13:00:00,0.32805167759782866,0.34620623034835857
2030-08-25 14:00:00,0.2948001685213384,0.28527047206642875
2030-08-25 15:00:00,0.23429343506483866,0.24209423919502118
2030-08-25 16:00:00,0.18552168761550628,0.19242182885061193
2030-08-25 17:00:00,0.19483146486940267,0.1576637831550982
2030-08-25 18:00:00,0.14240330467123588,0.11131789960428591
2030-08-25 19:00:00,0.0978416009111667,0.09270750588083924
2030-08-25 20:00:00,0.0761369302822112,0.08134898460587926
2030-08-25 21:00:00,0.08907139023282232,0.082146313494394
2030-08-25 22:00:00,0.05710182038065592,0.046108193460855096
2030-08-25 23:00:00,0.07091439630862409,0.06538839699812844
2030-08-26 00:00:00,0.07152345198289517,0.075631800627915
2030-08-26 01:00:00,0.0629413919843666,0.06517469863172942
2030-08-26 02:00:00,0.05900472484623817,0.05958704006014769
2030-08-26 03:00:00,0.05960257214415601,0.05382255762201019
2030-08-26 04:00:00,0.06243743856549353,0.05310325719270313
2030-08-26 05:00:00,0.08369150065301764,0.06268587581432791
2030-08-26 06:00:00,0.0960767174379393,0.06543144227277281
2030-08-26 07:00:00,0.11321256993683838,0.07710164655876368
2030-08-26 08:00:00,0.1260682351226518,0.09347064653071926
2030-08-26 09:00:00,0.15582811257007173,0.12972002410767872
2030-08-26 10:00:00,0.2292313074243831,0.23318831419833896
2030-08-26 11:00:00,0.2614588593856107,0.2642993602526753
2030-08-26 12:00:00,0.3434846935788411,0.3134415439597332
2030-08-26 13:00:00,0.4275501089011592,0.3507563902459509
2030-08-26 14:00:00,0.45965157835773074,0.3259536776985954
2030-08-26 15:00:00,0.5149325793257461,0.31304697640927864
2030-08-26 16:00:00,0.41139090341227336,0.3376984176254634
2030-08-26 17:00:00,0.39527175580897256,0.35745476980912355
2030-08-26 18:00:00,0.41792201695778164,0.3961122754106676
2030-08-26 19:00:00,0.40829109179629725,0.4001571636658649
2030-08-26 20:00:00,0.43930144211831956,0.36444707102208873
2030-08-26 21:00:00,0.4347078635640318,0.39537831216011765
2030-08-26 22:00:00,0.3896949488512532,0.348735947821487
2030-08-26 23:00:00,0.41618824416586975,0.40454127664028594
2030-08-27 00:00:00,0.3787911322388025,0.41611900427087894
2030-08-27 01:00:00,0.30076343339459277,0.42856585725391394
2030-08-27 02:00:00,0.24565043771541115,0.4538189573129766
2030-08-27 03:00:00,0.15499093766999,0.42670706328689234
2030-08-27 04:00:00,0.12557546266697156,0.3664871800504997
2030-08-27 05:00:00,0.13767647611064143,0.34123089088696185
2030-08-27 06:00:00,0.23645581063279877,0.43419506529077156
2030-08-27 07:00:00,0.35503303982590045,0.49651512915622725
2030-08-27 08:00:00,0.40755595389570287,0.5055476221893515
2030-08-27 09:00:00,0.5440104662163322,0.5525132261299532
2030-08-27 10:00:00,0.4138866371190558,0.40596865565825097
2030-08-27 11:00:00,0.6760265722435287,0.6355028715447691
2030-08-27 12:00:00,0.8642238933462107,0.7804782918329918
2030-08-27 13:00:00,0.9691920009774141,0.9249286750229312
2030-08-27 14:00:00,0.9845829064078181,0.968866136466887
2030-08-27 15:00:00,0.9983907737056898,1.0
2030-08-27 16:00:00,1.0,1.0
2030-08-27 17:00:00,1.0,1.0
2030-08-27 18:00:00,1.0,1.0
2030-08-27 19:00:00,1.0,1.0
2030-08-27 20:00:00,1.0,1.0
2030-08-27 21:00:00,0.9975564967473757,1.0
2030-08-27 22:00:00,0.7017266025992674,0.9899200505953245
2030-08-27 23:00:00,0.8580355290732236,0.985266246732494
2030-08-28 00:00:00,0.9813794985450554,0.9992016473695846
2030-08-28 01:00:00,0.9974089191961432,1.0
2030-08-28 02:00:00,0.9981455610562162,1.0
2030-08-28 03:00:00,0.9975868212852543,1.0
2030-08-28 04:00:00,0.9971230302662216,1.0
2030-08-28 05:00:00,0.9983963044489995,1.0
2030-08-28 06:00:00,1.0,1.0
2030-08-28 07:00:00,1.0,1.0
2030-08-28 08:00:00,1.0,1.0
2030-08-28 09:00:00,1.0,1.0
2030-08-28 10:00:00,1.0,1.0
2030-08-28 11:00:00,1.0,1.0
2030-08-28 12:00:00,1.0,1.0
2030-08-28 13:00:00,1.0,1.0
2030-08-28 14:00:00,1.0,1.0
2030-08-28 15:00:00,1.0,1.0
2030-08-28 16:00:00,1.0,1.0
2030-08-28 17:00:00,1.0,1.0
2030-08-28 18:00:00,1.0,1.0
2030-08-28 19:00:00,1.0,1.0
2030-08-28 20:00:00,1.0,1.0
2030-08-28 21:00:00,1.0,1.0
2030-08-28 22:00:00,1.0,1.0
2030-08-28 23:00:00,1.0,1.0
2030-08-29 00:00:00,1.0,1.0
2030-08-29 01:00:00,1.0,1.0
2030-08-29 02:00:00,1.0,1.0
2030-08-29 03:00:00,0.9988611877657849,1.0
2030-08-29 04:00:00,0.9870137256670625,1.0
2030-08-29 05:00:00,0.8850653635421385,0.9869131733609326
2030-08-29 06:00:00,0.7604398209747609,0.9440050556277857
2030-08-29 07:00:00,0.771473556882144,0.9297319187781681
2030-08-29 08:00:00,0.7555508406507118,0.9177185161913867
2030-08-29 09:00:00,0.6205747493342817,0.8437281508959035
2030-08-29 10:00:00,0.563279362569489,0.7371598817940412
2030-08-29 11:00:00,0.8511835171395571,0.9129975066358378
2030-08-29 12:00:00,0.9976022446457274,1.0
2030-08-29 13:00:00,0.9972472010028116,1.0
2030-08-29 14:00:00,0.9864953240470169,1.0
2030-08-29 15:00:00,0.9912495852041527,1.0
2030-08-29 16:00:00,0.9943549459548623,1.0
2030-08-29 17:00:00,1.0,1.0
2030-08-29 18:00:00,1.0,1.0
2030-08-29 19:00:00,0.9987041009946582,1.0
2030-08-29 20:00:00,0.9944933188360962,1.0
2030-08-29 21:00:00,0.9946674028334691,1.0
2030-08-29 22:00:00,0.9980033998268077,1.0
2030-08-29 23:00:00,0.9977384800568639,1.0
2030-08-30 00:00:00,0.9982535054074952,1.0
2030-08-30 01:00:00,0.998050007152736,1.0
2030-08-30 02:00:00,0.9985653863600915,1.0
2030-08-30 03:00:00,0.9991498330256124,1.0
2030-08-30 04:00:00,0.9985191366236023,1.0
2030-08-30 05:00:00,0.9980376724881023,1.0
2030-08-30 06:00:00,0.9976352352017209,1.0
2030-08-30 07:00:00,0.9982081121437492,1.0
2030-08-30 08:00:00,0.9975330325771664,1.0
2030-08-30 09:00:00,0.9958032396644709,1.0
2030-08-30 10:00:00,0.8854087816359899,0.9820169614592035
2030-08-30 11:00:00,0.846944479230392,0.9713337477038866
2030-08-30 12:00:00,0.8534945986837625,0.9704967769202453
2030-08-30 13:00:00,0.8371034539488469,0.9728702521894091
2030-08-30 14:00:00,0.6780429823328402,0.9738424184164367
2030-08-30 15:00:00,0.7084610350901988,0.9682653246944201
2030-08-30 16:00:00,0.6360003987648868,0.9680806911936487
2030-08-30 17:00:00,0.6642772820185547,0.9268752637069095
2030-08-30 18:00:00,0.5906499162944137,0.9034361602764985
2030-08-30 19:00:00,0.5661494620444557,0.8892300790840248
2030-08-30 20:00:00,0.4853734387676031,0.8531605095845491
2030-08-30 21:00:00,0.4528382700377811,0.7887549008768924
2030-08-30 22:00:00,0.45744082225071836,0.7506078573384027
2030-08-30 23:00:00,0.4155923921418696,0.6455091776245074
2030-08-31 00:00:00,0.39168425085067177,0.6381805502172712
2030-08-31 01:00:00,0.34170426141054305,0.5045975065314707
2030-08-31 02:00:00,0.30470813794381535,0.4206421171637605
2030-08-31 03:00:00,0.2722893747751056,0.3691858486656633
2030-08-31 04:00:00,0.2073127306160144,0.29977984447174705
2030-08-31 05:00:00,0.13627707517375032,0.2154572758393174
2030-08-31 06:00:00,0.06777364846612131,0.14165318242850372
2030-08-31 07:00:00,0.03897322057182942,0.08758108625818035
2030-08-31 08:00:00,0.05767441929781875,0.07342246802103955
2030-08-31 09:00:00,0.09576217943591943,0.09981002371471516
2030-08-31 10:00:00,0.11055141853084259,0.13647930776544642
2030-08-31 11:00:00,0.1841924985687124,0.30137887105209726
2030-08-31 12:00:00,0.2970954054087053,0.4637338548082408
2030-08-31 13:00:00,0.3592546898975053,0.4971653496745533
2030-08-31 14:00:00,0.3811386235516521,0.41867822985319547
2030-08-31 15:00:00,0.427031144671682,0.5339710350664054
2030-08-31 16:00:00,0.6119715745342776,0.8401989403382635
2030-08-31 17:00:00,0.6790438941605463,0.9230256375135066
2030-08-31 18:00:00,0.5489087268247529,0.8897034371308754
2030-08-31 19:00:00,0.4984999518962818,0.8523000190043268
2030-08-31 20:00:00,0.37443149325895997,0.6007616240258375
2030-08-31 21:00:00,0.41639512271669005,0.510234228132632
2030-08-31 22:00:00,0.3242369451679775,0.37924879688381824
2030-08-31 23:00:00,0.33791073953639955,0.40927146873536147
2030-09-01 00:00:00,0.3276725233496919,0.4072854713177644
2030-09-01 01:00:00,0.2812665105087784,0.37216257648470075
2030-09-01 02:00:00,0.28354686468648455,0.3615906321948993
2030-09-01 03:00:00,0.2586192253441055,0.35877918890092586
2030-09-01 04:00:00,0.15991610817071059,0.28042945320622836
2030-09-01 05:00:00,0.08858236278642645,0.17943089504367984
2030-09-01 06:00:00,0.06759772075606701,0.1581040985267302
2030-09-01 07:00:00,0.10828039343978713,0.23166167262666656
2030-09-01 08:00:00,0.0768432661491034,0.14695055696824677
2030-09-01 09:00:00,0.022646085484818536,0.0714928056702999
2030-09-01 10:00:00,0.0011546812167031165,0.03839494763931687
2030-09-01 11:00:00,0.0014195283051205297,0.04207005181513951
2030-09-01 12:00:00,0.0011162486666130046,0.022699161213504557
2030-09-01 13:00:00,0.0010135179840110216,0.0014339470995705904
2030-09-01 14:00:00,0.0011456793668368761,0.0011579321086200686
2030-09-01 15:00:00,0.0005895057149761099,0.0002733592334096484
2030-09-01 16:00:00,0.0002732786128232891,0.0
2030-09-01 17:00:00,0.00011251170322221899,0.0
2030-09-01 18:00:00,7.65150674158655e-05,0.0
2030-09-01 19:00:00,7.031360590237018e-05,4.680298937551808e-05
2030-09-01 20:00:00,0.0,0.0
2030-09-01 21:00:00,0.0,0.0
2030-09-01 22:00:00,0.0,0.0
2030-09-01 23:00:00,0.0,0.0
2030-09-02 00:00:00,0.0007857140395075061,0.000785816606784273
2030-09-02 01:00:00,0.0014644692673822495,0.0014225125757966798
2030-09-02 02:00:00,0.005240723061595352,0.0015855347821400376
2030-09-02 03:00:00,0.001531157304209764,0.0027454181461122346
2030-09-02 04:00:00,0.002238828877569284,0.004304965266157772
2030-09-02 05:00:00,0.007620160279968471,0.001349974187331214
2030-09-02 06:00:00,0.002504023744454402,0.0005850510884607288
2030-09-02 07:00:00,0.001350514857402636,5.3783753522688385e-06
2030-09-02 08:00:00,0.0008803937348545756,0.0
2030-09-02 09:00:00,0.0007027623815403678,0.0
2030-09-02 10:00:00,0.0,0.0
2030-09-02 11:00:00,0.0,0.0
2030-09-02 12:00:00,0.0,0.0
2030-09-02 13:00:00,0.04703024163892737,0.0010609327932326002
2030-09-02 14:00:00,0.13136275095045521,0.05258864953365409
2030-09-02 15:00:00,0.15215564632904485,0.09879217631549488
2030-09-02 16:00:00,0.13835375916911133,0.12722818520521414
2030-09-02 17:00:00,0.17504298683619385,0.16793231376980616
2030-09-02 18:00:00,0.19922690794249845,0.2558775500083491
2030-09-02 19:00:00,0.2331548182718694,0.4572460781041337
2030-09-02 20:00:00,0.19207591729511303,0.38426966602257906
2030-09-02 21:00:00,0.28494638180169174,0.4874742304901209
2030-09-02 22:00:00,0.22692418959227084,0.4249262393471275
2030-09-02 23:00:00,0.14221633651889692,0.27156115045477447
2030-09-03 00:00:00,0.12097974641355114,0.22739675977817514
2030-09-03 01:00:00,0.11635482471318961,0.18249591279047295
2030-09-03 02:00:00,0.11244203064178251,0.16096459074301256
2030-09-03 03:00:00,0.13313101504726405,0.17965875645274879
2030-09-03 04:00:00,0.15126821439938568,0.1887682911948552
2030-09-03 05:00:00,0.15104947107251085,0.19314030466465668
2030-09-03 06:00:00,0.16241235444453156,0.2214610545062166
2030-09-03 07:00:00,0.15804708513774668,0.23656897227432716
2030-09-03 08:00:00,0.1186701494320303,0.200756221329496
2030-09-03 09:00:00,0.0904980685655968,0.1455204997721396
2030-09-03 10:00:00,0.012723505457814966,0.047661769770157604
2030-09-03 11:00:00,0.0035332500024365483,0.04426866264947052
2030-09-03 12:00:00,0.02015280307570336,0.06132196559750276
2030-09-03 13:00:00,0.011203512064486597,0.07411907429494222
2030-09-03 14:00:00,0.0011078461746722747,0.055018319050476765
2030-09-03 15:00:00,0.0,0.03241885538075285
2030-09-03 16:00:00,0.0,0.0033911903401685193
2030-09-03 17:00:00,0.0008978704940771394,0.0007328005545232622
2030-09-03 18:00:00,0.03274127248226426,0.0027439890106554653
2030-09-03 19:00:00,0.06984466145745703,0.05232962292741716
2030-09-03 20:00:00,0.06759272219337488,0.07899039827889234
2030-09-03 21:00:00,0.0733572029358985,0.0900206680634367
2030-09-03 22:00:00,0.11104572996032763,0.11868203127426707
2030-09-03 23:00:00,0.10741984092312766,0.13441379420889998
2030-09-04 00:00:00,0.09677395128549265,0.14443850586634288
2030-09-04 01:00:00,0.09179385965758727,0.16245314479264206
2030-09-04 02:00:00,0.07672199554739105,0.13809390005832983
2030-09-04 03:00:00,0.06608872553742996,0.11585896310936475
2030-09-04 04:00:00,0.04892633674838132,0.09794108965399628
2030-09-04 05:00:00,0.02993764307690487,0.09430956029157903
2030-09-04 06:00:00,0.013046870011061855,0.07685299678391608
2030-09-04 07:00:00,0.0014072836353183034,0.05664241688857572
2030-09-04 08:00:00,0.0008945076849278705,0.03519276978241983
2030-09-04 09:00:00,0.00041364099624352794,0.0046065851316646296
2030-09-04 10:00:00,0.0,0.0
2030-09-04 11:00:00,0.0,0.0
2030-09-04 12:00:00,0.0,0.0
2030-09-04 13:00:00,0.0,0.0
2030-09-04 14:00:00,0.0,0.0
2030-09-04 15:00:00,0.0,0.0
2030-09-04 16:00:00,0.0,0.0
2030-09-04 17:00:00,0.0,0.0
2030-09-04 18:00:00,0.0,0.0
2030-09-04 19:00:00,0.0,0.0
2030-09-04 20:00:00,0.0,0.0
2030-09-04 21:00:00,0.0007327403137252492,0.0
2030-09-04 22:00:00,0.00017881208461782098,0.0
2030-09-04 23:00:00,0.0013658480631481087,0.0013673122599278573
2030-09-05 00:00:00,0.04860063799143523,0.07712843108168976
2030-09-05 01:00:00,0.11075441687165719,0.15318865146252994
2030-09-05 02:00:00,0.15331578492928633,0.17958455076898217
2030-09-05 03:00:00,0.18773023198909325,0.21249505778819602
2030-09-05 04:00:00,0.21686365649706835,0.27362268390687255
2030-09-05 05:00:00,0.26477570693551516,0.35843049693189055
2030-09-05 06:00:00,0.2908413065518731,0.3884551333573741
2030-09-05 07:00:00,0.2911008373766593,0.37980635707882066
2030-09-05 08:00:00,0.2838033838693202,0.42803784357407326
2030-09-05 09:00:00,0.33016949681434843,0.5344449885331441
2030-09-05 10:00:00,0.2565886826289571,0.45237905311104504
2030-09-05 11:00:00,0.3648070706555584,0.5040289847203762
2030-09-05 12:00:00,0.43510086575531454,0.5908864225208565
2030-09-05 13:00:00,0.4573878952552715,0.6700602980621776
2030-09-05 14:00:00,0.540524055638613,0.7246397905164998
2030-09-05 15:00:00,0.4819482853773689,0.5364312351659014
2030-09-05 16:00:00,0.33562695597221087,0.3052664667444517
2030-09-05 17:00:00,0.23431250805904008,0.19160753129203167
2030-09-05 18:00:00,0.3383103467197943,0.25824511115556326
2030-09-05 19:00:00,0.4339684802567638,0.5055764418965479
2030-09-05 20:00:00,0.4404904495868065,0.5870276512639071
2030-09-05 21:00:00,0.5603674138382859,0.5802902427438041
2030-09-05 22:00:00,0.4784146282041792,0.4414857492176452
2030-09-05 23:00:00,0.6752402706525776,0.6738118698926372
2030-09-06 00:00:00,0.7799930820061773,0.8455412523667275
2030-09-06 01:00:00,0.7313423654214177,0.8915914480004137
2030-09-06 02:00:00,0.6572553648346083,0.8963975642368245
2030-09-06 03:00:00,0.6095555013125137,0.8668266437135044
2030-09-06 04:00:00,0.6207960389454922,0.84988194579196
2030-09-06 05:00:00,0.6500555236865952,0.8730799076740327
2030-09-06 06:00:00,0.6498493486379446,0.8778445987791883
2030-09-06 07:00:00,0.621942257713955,0.8054773156951214
2030-09-06 08:00:00,0.5802751449111085,0.6418042855078165
2030-09-06 09:00:00,0.4484380042883621,0.4417235571927894
2030-09-06 10:00:00,0.1778370177519623,0.294490238173828
2030-09-06 11:00:00,0.15494824593711343,0.36754843147532473
2030-09-06 12:00:00,0.14316917404661694,0.37613375549677214
2030-09-06 13:00:00,0.11254407360154989,0.3517638383505404
2030-09-06 14:00:00,0.10305348140212028,0.33384202636283933
2030-09-06 15:00:00,0.15946616804353808,0.37686608831085194
2030-09-06 16:00:00,0.3764393009409583,0.6879691953230086
2030-09-06 17:00:00,0.3163915437776278,0.8669732787237775
2030-09-06 18:00:00,0.40572083324372576,0.8310837439287795
2030-09-06 19:00:00,0.39463099366477083,0.6774525011592377
2030-09-06 20:00:00,0.36459734973917335,0.6687836891900144
2030-09-06 21:00:00,0.33798371479197475,0.587334727218091
2030-09-06 22:00:00,0.22171536326389243,0.4491372635640314
2030-09-06 23:00:00,0.23797323443822055,0.36024832463326
2030-09-07 00:00:00,0.17868278844269012,0.2527907664397281
2030-09-07 01:00:00,0.12317508348202975,0.1499747330647871
2030-09-07 02:00:00,0.04984040467545937,0.06023714062804783
2030-09-07 03:00:00,0.001434006421719565,0.0016251804581864273
2030-09-07 04:00:00,0.0009437786732584458,0.0011717719606805727
2030-09-07 05:00:00,0.029500160025894926,0.051418965090376134
2030-09-07 06:00:00,0.09568221332971967,0.09094684623562922
2030-09-07 07:00:00,0.10521788852954761,0.0812711155289095
2030-09-07 08:00:00,0.08367659223440829,0.08410116572155826
2030-09-07 09:00:00,0.07847442052371773,0.11087279100123568
2030-09-07 10:00:00,0.036146142543623035,0.10996781416260504
2030-09-07 11:00:00,0.07091519317739337,0.16603937198212088
2030-09-07 12:00:00,0.0776214736871364,0.19660572691579273
2030-09-07 13:00:00,0.07577909557827518,0.24498309813730368
2030-09-07 14:00:00,0.09073927057806604,0.3134888163912879
2030-09-07 15:00:00,0.09799624012702769,0.40384903444787035
2030-09-07 16:00:00,0.1572557466088406,0.4004756609320651
2030-09-07 17:00:00,0.15246586054352457,0.27419259752726916
2030-09-07 18:00:00,0.10211226790530283,0.1505230714369627
2030-09-07 19:00:00,0.09362184870722452,0.1551999654013353
2030-09-07 20:00:00,0.07724395503301794,0.14861377045079044
2030-09-07 21:00:00,0.05627551135892223,0.10675516771940605
2030-09-07 22:00:00,0.025700203363417145,0.05034831892042982
2030-09-07 23:00:00,0.040062421828223595,0.026247934704018146
2030-09-08 00:00:00,0.04317395049688675,0.0075206408784779175
2030-09-08 01:00:00,0.0507432353080235,0.003548971604464276
2030-09-08 02:00:00,0.058094315310702596,0.0014273430648271204
2030-09-08 03:00:00,0.05570981936816425,0.0006068926684380737
2030-09-08 04:00:00,0.04293260337391272,9.057896516842142e-05
2030-09-08 05:00:00,0.012873488454394288,0.0011171275158744127
2030-09-08 06:00:00,0.024383443664105536,0.07444262444241326
2030-09-08 07:00:00,0.06325801478517676,0.12592520190971943
2030-09-08 08:00:00,0.0715062703493161,0.13068307996981066
2030-09-08 09:00:00,0.06481807170595154,0.08442463404954796
2030-09-08 10:00:00,0.0016159304159471363,0.0015039655964430047
2030-09-08 11:00:00,0.07285216058835536,0.07710639755801599
2030-09-08 12:00:00,0.18510282488255844,0.1995597558915312
2030-09-08 13:00:00,0.18852427093778842,0.21571520739313413
2030-09-08 14:00:00,0.18145672430128998,0.16401177655862473
2030-09-08 15:00:00,0.24064624089565517,0.23358793193578187
2030-09-08 16:00:00,0.3699714567708095,0.25894261032041205
2030-09-08 17:00:00,0.6049987784782412,0.40209553377058305
2030-09-08 18:00:00,0.5538418279254527,0.5930401310968002
2030-09-08 19:00:00,0.6956031624858203,0.6853084783639338
2030-09-08 20:00:00,0.9312183447622071,0.8934691051766862
2030-09-08 21:00:00,0.9734765287113348,0.9517151845336306
2030-09-08 22:00:00,0.7588867843049055,0.6939784924059319
2030-09-08 23:00:00,0.7030097065775547,0.6980116686478868
2030-09-09 00:00:00,0.6405925643544832,0.6210938393374777
2030-09-09 01:00:00,0.5779823514218498,0.663603387125949
2030-09-09 02:00:00,0.5207673118858691,0.7159390267557956
2030-09-09 03:00:00,0.47721544421988854,0.7036058987619656
2030-09-09 04:00:00,0.46225093326371597,0.6688933679567793
2030-09-09 05:00:00,0.4773929439403897,0.6904870370421722
2030-09-09 06:00:00,0.4668674262189379,0.7179544992632685
2030-09-09 07:00:00,0.48825924315544705,0.7701954431817793
2030-09-09 08:00:00,0.5372127997242401,0.8482088256543557
2030-09-09 09:00:00,0.5107284867201258,0.8255349633329803
2030-09-09 10:00:00,0.4485684339051391,0.6777324645190818
2030-09-09 11:00:00,0.494101161947222,0.6464221254127319
2030-09-09 12:00:00,0.5562900987614423,0.6820029925209289
2030-09-09 13:00:00,0.5740630970160042,0.626900776291168
2030-09-09 14:00:00,0.5061066235060386,0.6090193329573129
2030-09-09 15:00:00,0.7058379002986679,0.9482648884059165
2030-09-09 16:00:00,0.8682006366517784,0.9974958966440268
2030-09-09 17:00:00,0.9557639723226751,0.9978073725058569
2030-09-09 18:00:00,0.775825341522652,0.9115759973688161
2030-09-09 19:00:00,0.6237792562962776,0.7614881134778617
2030-09-09 20:00:00,0.5088115888482907,0.5230676022611852
2030-09-09 21:00:00,0.3887361933354569,0.26800846474187234
2030-09-09 22:00:00,0.14925385174062986,0.06593221260278244
2030-09-09 23:00:00,0.23650128029258022,0.0999369635038184
2030-09-10 00:00:00,0.3003023736928545,0.2742025890532599
2030-09-10 01:00:00,0.3446673521910458,0.7229270420999054
2030-09-10 02:00:00,0.6246195939652623,0.9706612607171111
2030-09-10 03:00:00,0.8020514893399107,0.984868412758803
2030-09-10 04:00:00,0.7762196749774433,0.9788226828079297
2030-09-10 05:00:00,0.8321353792562534,0.9778612096752468
2030-09-10 06:00:00,0.8503988537788327,0.9759967171315239
2030-09-10 07:00:00,0.7513197917741014,0.9157375947443095
2030-09-10 08:00:00,0.5858554770836261,0.7572090955021766
2030-09-10 09:00:00,0.4484802205563233,0.5932726500599376
2030-09-10 10:00:00,0.1402948847873648,0.1273114381395533
2030-09-10 11:00:00,0.11759809382160051,0.1445991307961437
2030-09-10 12:00:00,0.16402110560018268,0.35746382018681583
2030-09-10 13:00:00,0.24192580832187105,0.4101875086326257
2030-09-10 14:00:00,0.18058334228608636,0.2848231859580248
2030-09-10 15:00:00,0.09690737614631337,0.15611861021150064
2030-09-10 16:00:00,0.06752852857313346,0.08636330963850306
2030-09-10 17:00:00,0.05446670137224088,0.04935362570870406
2030-09-10 18:00:00,0.07982594534005913,0.08238293250491213
2030-09-10 19:00:00,0.19288605740604414,0.15210295704628776
2030-09-10 20:00:00,0.48732855822402565,0.4531541605937564
2030-09-10 21:00:00,0.844589576799935,0.9658194491682026
2030-09-10 22:00:00,0.9726051401408408,0.9982167312300583
2030-09-10 23:00:00,0.9775330170629838,1.0
2030-09-11 00:00:00,0.9513852353977034,0.9982235886476317
2030-09-11 01:00:00,0.8966850166336635,0.9971153833316644
2030-09-11 02:00:00,0.7949631930452802,0.9853397663697228
2030-09-11 03:00:00,0.6643097239972586,0.9380788942490663
2030-09-11 04:00:00,0.5664065405992149,0.8504176238049233
2030-09-11 05:00:00,0.4354897939029912,0.7235912043173934
2030-09-11 06:00:00,0.3940774418945686,0.6649542493557151
2030-09-11 07:00:00,0.38465685864417715,0.6491477848989387
2030-09-11 08:00:00,0.3104723161273178,0.5896853964295792
2030-09-11 09:00:00,0.2695353629099837,0.5216764685321087
2030-09-11 10:00:00,0.14178757398230485,0.3570731007186863
2030-09-11 11:00:00,0.15943461115953478,0.35144093289864986
2030-09-11 12:00:00,0.17574722600050674,0.31283692583551986
2030-09-11 13:00:00,0.16953821170591704,0.25804571387652814
2030-09-11 14:00:00,0.24046115249604133,0.260167802928404
2030-09-11 15:00:00,0.38527952843645147,0.3063557033831204
2030-09-11 16:00:00,0.42552068245082975,0.4417300099417921
2030-09-11 17:00:00,0.40949684029545186,0.3196656490490484
2030-09-11 18:00:00,0.28958937793226663,0.1574577544371683
2030-09-11 19:00:00,0.24504828572477313,0.204930618831811
2030-09-11 20:00:00,0.5152539491518484,0.6586670785326967
2030-09-11 21:00:00,0.81668789351402,0.9161002373124321
2030-09-11 22:00:00,0.7832695320869979,0.8449214871546693
2030-09-11 23:00:00,0.8533321020045176,0.8625334307692465
2030-09-12 00:00:00,0.8075012371096054,0.8999112314727128
2030-09-12 01:00:00,0.64872662166285,0.6969553692472172
2030-09-12 02:00:00,0.4576640817439247,0.4558325714295675
2030-09-12 03:00:00,0.4385974939296664,0.4701799605777597
2030-09-12 04:00:00,0.3919203098071311,0.5333986683227826
2030-09-12 05:00:00,0.330440404771692,0.5531686801487927
2030-09-12 06:00:00,0.27384756428556956,0.48535883210907227
2030-09-12 07:00:00,0.2526736416099849,0.4067785480925485
2030-09-12 08:00:00,0.2834692623962564,0.38141777379567277
2030-09-12 09:00:00,0.276433178530045,0.32608786111303273
2030-09-12 10:00:00,0.04722112958328487,0.08023052221221595
2030-09-12 11:00:00,0.0826736558521862,0.1126914542295361
2030-09-12 12:00:00,0.134042308677982,0.1629054536276531
2030-09-12 13:00:00,0.16144570376757977,0.19629464867308305
2030-09-12 14:00:00,0.1866055603185675,0.20399057092275835
2030-09-12 15:00:00,0.30666806126806345,0.30449440854763327
2030-09-12 16:00:00,0.28238267626922864,0.30961099221478067
2030-09-12 17:00:00,0.25513562531330686,0.2969667154681113
2030-09-12 18:00:00,0.16538415753360108,0.2299469332935681
2030-09-12 19:00:00,0.13141119460236694,0.3538551538589934
2030-09-12 20:00:00,0.19550677728039265,0.4975695299989592
2030-09-12 21:00:00,0.16137007677525986,0.4783799816691199
2030-09-12 22:00:00,0.18242171097456017,0.46460751479493895
2030-09-12 23:00:00,0.2787881666507485,0.6733503884118669
2030-09-13 00:00:00,0.3300215044449659,0.8304573064580669
2030-09-13 01:00:00,0.4072526092145807,0.9080758131736676
2030-09-13 02:00:00,0.511046306513816,0.9726259943837484
2030-09-13 03:00:00,0.6009648186829689,0.9752956307995629
2030-09-13 04:00:00,0.61728735225166,0.9766639996769682
2030-09-13 05:00:00,0.6484868654361424,0.9768819695643686
2030-09-13 06:00:00,0.6843923736728552,0.978318311037838
2030-09-13 07:00:00,0.7413222736865396,0.9759709398344333
2030-09-13 08:00:00,0.7764497012715712,0.9756130190928891
2030-09-13 09:00:00,0.7512656751090369,0.9694679224955954
2030-09-13 10:00:00,0.46538885270932034,0.8430726725935253
2030-09-13 11:00:00,0.4281506149114639,0.7988243593022878
2030-09-13 12:00:00,0.46950720378045135,0.7827172178167622
2030-09-13 13:00:00,0.42527988045745013,0.6860618110296055
2030-09-13 14:00:00,0.7600411247621393,0.9702813713072045
2030-09-13 15:00:00,0.7324154635538613,0.951286303586222
2030-09-13 16:00:00,0.7811428492407209,0.9408656679938079
2030-09-13 17:00:00,0.8938850845732909,0.9831969894854322
2030-09-13 18:00:00,0.9048335506710942,0.9977772986256455
2030-09-13 19:00:00,0.8597670124508231,0.9813647549453911
2030-09-13 20:00:00,0.9681220365126022,0.8575613938538375
2030-09-13 21:00:00,0.9925880239452385,0.9762925988376661
2030-09-13 22:00:00,0.998459529716263,0.9968902576367439
2030-09-13 23:00:00,1.0,0.9994874023766533
2030-09-14 00:00:00,1.0,0.9977736016681985
2030-09-14 01:00:00,1.0,0.9927139942840558
2030-09-14 02:00:00,0.9997593600973272,0.9930388863395667
2030-09-14 03:00:00,0.9999755047929557,0.9969516665337472
2030-09-14 04:00:00,1.0,0.9979447521937929
2030-09-14 05:00:00,1.0,0.9991076253025233
2030-09-14 06:00:00,1.0,0.9994720296594622
2030-09-14 07:00:00,1.0,1.0
2030-09-14 08:00:00,1.0,1.0
2030-09-14 09:00:00,1.0,1.0
2030-09-14 10:00:00,1.0,1.0
2030-09-14 11:00:00,1.0,1.0
2030-09-14 12:00:00,1.0,1.0
2030-09-14 13:00:00,1.0,1.0
2030-09-14 14:00:00,1.0,1.0
2030-09-14 15:00:00,1.0,1.0
2030-09-14 16:00:00,1.0,1.0
2030-09-14 17:00:00,1.0,1.0
2030-09-14 18:00:00,1.0,1.0
2030-09-14 19:00:00,1.0,1.0
2030-09-14 20:00:00,1.0,1.0
2030-09-14 21:00:00,1.0,1.0
2030-09-14 22:00:00,0.990416654443717,1.0
2030-09-14 23:00:00,0.9976964609018809,1.0
2030-09-15 00:00:00,0.9996926567913597,1.0
2030-09-15 01:00:00,1.0,1.0
2030-09-15 02:00:00,1.0,1.0
2030-09-15 03:00:00,1.0,1.0
2030-09-15 04:00:00,1.0,1.0
2030-09-15 05:00:00,1.0,1.0
2030-09-15 06:00:00,0.998531081877935,1.0
2030-09-15 07:00:00,0.9893042180589559,1.0
2030-09-15 08:00:00,0.9679753059604688,0.9973218333748367
2030-09-15 09:00:00,0.9023683473194553,0.9833230680028946
2030-09-15 10:00:00,0.8464829148740926,0.977826352548279
2030-09-15 11:00:00,0.9320123238803409,0.9897359138622673
2030-09-15 12:00:00,0.9693849170117061,0.9975745919743637
2030-09-15 13:00:00,0.9726265262282006,1.0
2030-09-15 14:00:00,0.9586729238902357,0.9997995153902332
2030-09-15 15:00:00,0.9261518578045106,0.9992513747443462
2030-09-15 16:00:00,0.9696124970050638,0.99949669451014
2030-09-15 17:00:00,0.9107103106982088,0.9982412528007221
2030-09-15 18:00:00,0.8561426582417208,0.9964211915810702
2030-09-15 19:00:00,0.8461640066302284,0.9865919320770478
2030-09-15 20:00:00,0.7966248198435877,0.9760189242080783
2030-09-15 21:00:00,0.6824951192949499,0.9556075559512727
2030-09-15 22:00:00,0.4594986084420156,0.7041241977673653
2030-09-15 23:00:00,0.3625072793846959,0.547390798714513
2030-09-16 00:00:00,0.3215605916577087,0.4986410989731147
2030-09-16 01:00:00,0.3076520290274573,0.4599649271060315
2030-09-16 02:00:00,0.30330271010038323,0.42307628179089457
2030-09-16 03:00:00,0.37650191533618055,0.48748884946067444
2030-09-16 04:00:00,0.43466623050159037,0.514731925489454
2030-09-16 05:00:00,0.46638263097903193,0.5075171601592539
2030-09-16 06:00:00,0.6122380382919852,0.6112676543988973
2030-09-16 07:00:00,0.7030206640877037,0.6588905561259752
2030-09-16 08:00:00,0.7595422850947303,0.6948696969683394
2030-09-16 09:00:00,0.8470752380378339,0.8210438945846261
2030-09-16 10:00:00,0.8475684148281758,0.8654943968916902
2030-09-16 11:00:00,0.8024012896044367,0.8287232613067448
2030-09-16 12:00:00,0.7082586905353258,0.8026698306352086
2030-09-16 13:00:00,0.6365028493028599,0.782399505063229
2030-09-16 14:00:00,0.6428278657377408,0.7538150407081027
2030-09-16 15:00:00,0.6522081052701426,0.8096301315152775
2030-09-16 16:00:00,0.7755821600866698,0.8824946352975594
2030-09-16 17:00:00,0.8447845713055543,0.9241996822323513
2030-09-16 18:00:00,0.8370322291575911,0.9678748517778327
2030-09-16 19:00:00,0.864110065262381,0.9674194142876968
2030-09-16 20:00:00,0.8628506623907902,0.9729508707742504
2030-09-16 21:00:00,0.9438279827445053,0.9749489980626633
2030-09-16 22:00:00,0.8176973353293777,0.7903648729756008
2030-09-16 23:00:00,0.8639485428711258,0.8569460461429622
2030-09-17 00:00:00,0.8604599627224861,0.8849342282580478
2030-09-17 01:00:00,0.8530948233560575,0.9187015236602933
2030-09-17 02:00:00,0.8451690771582827,0.926063371253662
2030-09-17 03:00:00,0.8374843087590299,0.9680048059242189
2030-09-17 04:00:00,0.9467943455487567,0.995283529769074
2030-09-17 05:00:00,0.997931747604096,1.0
2030-09-17 06:00:00,1.0,1.0
2030-09-17 07:00:00,1.0,1.0
2030-09-17 08:00:00,1.0,1.0
2030-09-17 09:00:00,1.0,1.0
2030-09-17 10:00:00,1.0,1.0
2030-09-17 11:00:00,0.9982528123727138,1.0
2030-09-17 12:00:00,0.9987881702347762,1.0
2030-09-17 13:00:00,0.9997960401596687,1.0
2030-09-17 14:00:00,1.0,1.0
2030-09-17 15:00:00,1.0,1.0
2030-09-17 16:00:00,1.0,1.0
2030-09-17 17:00:00,1.0,1.0
2030-09-17 18:00:00,1.0,1.0
2030-09-17 19:00:00,1.0,1.0
2030-09-17 20:00:00,1.0,1.0
2030-09-17 21:00:00,1.0,1.0
2030-09-17 22:00:00,1.0,1.0
2030-09-17 23:00:00,1.0,1.0
2030-09-18 00:00:00,1.0,1.0
2030-09-18 01:00:00,1.0,1.0
2030-09-18 02:00:00,1.0,1.0
2030-09-18 03:00:00,1.0,1.0
2030-09-18 04:00:00,1.0,1.0
2030-09-18 05:00:00,1.0,1.0
2030-09-18 06:00:00,1.0,1.0
2030-09-18 07:00:00,1.0,1.0
2030-09-18 08:00:00,0.9996795876064717,1.0
2030-09-18 09:00:00,0.9999361032469601,1.0
2030-09-18 10:00:00,0.9895466306949215,1.0
2030-09-18 11:00:00,0.9978668269954393,1.0
2030-09-18 12:00:00,0.9990675991872847,1.0
2030-09-18 13:00:00,1.0,1.0
2030-09-18 14:00:00,1.0,1.0
2030-09-18 15:00:00,1.0,1.0
2030-09-18 16:00:00,1.0,1.0
2030-09-18 17:00:00,1.0,1.0
2030-09-18 18:00:00,1.0,1.0
2030-09-18 19:00:00,1.0,1.0
2030-09-18 20:00:00,1.0,1.0
2030-09-18 21:00:00,1.0,1.0
2030-09-18 22:00:00,1.0,1.0
2030-09-18 23:00:00,1.0,1.0
2030-09-19 00:00:00,1.0,1.0
2030-09-19 01:00:00,1.0,1.0
2030-09-19 02:00:00,1.0,1.0
2030-09-19 03:00:00,1.0,1.0
2030-09-19 04:00:00,1.0,1.0
2030-09-19 05:00:00,1.0,1.0
2030-09-19 06:00:00,1.0,1.0
2030-09-19 07:00:00,1.0,1.0
2030-09-19 08:00:00,1.0,1.0
2030-09-19 09:00:00,1.0,1.0
2030-09-19 10:00:00,1.0,1.0
2030-09-19 11:00:00,1.0,1.0
2030-09-19 12:00:00,1.0,1.0
2030-09-19 13:00:00,1.0,1.0
2030-09-19 14:00:00,1.0,1.0
2030-09-19 15:00:00,1.0,1.0
2030-09-19 16:00:00,1.0,1.0
2030-09-19 17:00:00,1.0,1.0
2030-09-19 18:00:00,1.0,1.0
2030-09-19 19:00:00,1.0,1.0
2030-09-19 20:00:00,1.0,1.0
2030-09-19 21:00:00,0.9988309786202287,1.0
2030-09-19 22:00:00,0.9985114658021438,1.0
2030-09-19 23:00:00,0.9976399478507793,0.9978126741630035
2030-09-20 00:00:00,0.9935276063790125,0.9917565018595162
2030-09-20 01:00:00,0.9784657090779676,0.9800662902311267
2030-09-20 02:00:00,0.9607112826303542,0.9695901817945994
2030-09-20 03:00:00,0.9120598336313106,0.9358762308450693
2030-09-20 04:00:00,0.8289355255297846,0.8702116735782836
2030-09-20 05:00:00,0.6657447579719397,0.763147211673386
2030-09-20 06:00:00,0.5592794082347137,0.6763220425154829
2030-09-20 07:00:00,0.47824865326502203,0.6087473039780668
2030-09-20 08:00:00,0.3890648063543347,0.4902289188685125
2030-09-20 09:00:00,0.27725409559300723,0.35163525088282743
2030-09-20 10:00:00,0.23949584370620405,0.26234536324020935
2030-09-20 11:00:00,0.2297673317615476,0.23206223756127844
2030-09-20 12:00:00,0.1792901533595988,0.17154759049737356
2030-09-20 13:00:00,0.11199665381103072,0.11477289424159143
2030-09-20 14:00:00,0.14001883028502324,0.16769337356413205
2030-09-20 15:00:00,0.23153134073343956,0.29263458249391405
2030-09-20 16:00:00,0.45296952872027046,0.544776624456632
2030-09-20 17:00:00,0.3842973149886631,0.5435651922784979
2030-09-20 18:00:00,0.376996831370187,0.5523721198849341
2030-09-20 19:00:00,0.399346174293158,0.5384635855111207
2030-09-20 20:00:00,0.36206898778696905,0.5184072031733347
2030-09-20 21:00:00,0.32137470478392044,0.4266351035260067
2030-09-20 22:00:00,0.16101524513387483,0.1701410031820417
2030-09-20 23:00:00,0.21261476851140032,0.23183723994123207
2030-09-21 00:00:00,0.19870380884672,0.21123233904941022
2030-09-21 01:00:00,0.15429448144525132,0.172997805669518
2030-09-21 02:00:00,0.11977017993293108,0.1464734959156985
2030-09-21 03:00:00,0.11284513871749331,0.11753321372695445
2030-09-21 04:00:00,0.08266528403768703,0.06447401778716175
2030-09-21 05:00:00,0.057551638853469166,0.021023242654346647
2030-09-21 06:00:00,0.04795866810750183,0.005819770137739371
2030-09-21 07:00:00,0.04823538386155977,0.0083001629124445
2030-09-21 08:00:00,0.04523137834936002,0.012077170643049534
2030-09-21 09:00:00,0.04388066232138112,0.012403840634164463
2030-09-21 10:00:00,0.05538960470391568,0.03549125458553715
2030-09-21 11:00:00,0.046806812732384816,0.032541179208889895
2030-09-21 12:00:00,0.01019869987471785,0.0012284734460400678
2030-09-21 13:00:00,0.0005487353733267307,0.0
2030-09-21 14:00:00,0.0002643917389595047,0.0
2030-09-21 15:00:00,0.0007673574549409757,0.0
2030-09-21 16:00:00,0.0013270996306027328,0.0
2030-09-21 17:00:00,0.06525891397694818,0.0005019137706581265
2030-09-21 18:00:00,0.12558877792873238,0.04556815107846489
2030-09-21 19:00:00,0.14780712157835696,0.1018832446390382
2030-09-21 20:00:00,0.1308681248439701,0.12035061139906733
2030-09-21 21:00:00,0.09516190916309382,0.06543799504699208
2030-09-21 22:00:00,0.02842590779452364,0.0013585756123829658
2030-09-21 23:00:00,0.03325097770013925,4.532761852066702e-05
2030-09-22 00:00:00,0.07850869827962899,0.00044907615770423527
2030-09-22 01:00:00,0.10261049773003508,0.0009386362312550267
2030-09-22 02:00:00,0.144396805659812,0.02630144757891141
2030-09-22 03:00:00,0.20809400779830084,0.08359103228645842
2030-09-22 04:00:00,0.32957609279142397,0.15634966234333733
2030-09-22 05:00:00,0.4249556807156528,0.21741616336188552
2030-09-22 06:00:00,0.45772490149966655,0.30417345332666906
2030-09-22 07:00:00,0.53445440985153,0.5362929384166937
2030-09-22 08:00:00,0.5975812269380599,0.7428710375978537
2030-09-22 09:00:00,0.6710009445102185,0.9118251253339147
2030-09-22 10:00:00,0.611274840352668,0.8671640428650695
2030-09-22 11:00:00,0.6530625358258481,0.8462928722779959
2030-09-22 12:00:00,0.6365852798334802,0.8345796927887027
2030-09-22 13:00:00,0.5448383975566748,0.7670061306680646
2030-09-22 14:00:00,0.6336080927964393,0.9718294720013297
2030-09-22 15:00:00,0.7448566839360443,0.9726377390268608
2030-09-22 16:00:00,0.9737642836987008,1.0
2030-09-22 17:00:00,0.9951805884378926,1.0
2030-09-22 18:00:00,0.9811523535633401,0.9996661884339217
2030-09-22 19:00:00,0.9233866469090674,1.0
2030-09-22 20:00:00,0.964336005769309,0.9987488094370846
2030-09-22 21:00:00,0.7634381214040836,0.9757253541706916
2030-09-22 22:00:00,0.32215639526877893,0.41517474927857395
2030-09-22 23:00:00,0.468917877952453,0.5759531079024579
2030-09-23 00:00:00,0.6791212533455964,0.8432900506389979
2030-09-23 01:00:00,0.8192207544279169,0.9540677592257255
2030-09-23 02:00:00,0.864829749084586,0.9853789950830272
2030-09-23 03:00:00,0.8500393967226723,0.9874813787858181
2030-09-23 04:00:00,0.8125790391756049,0.9773905423299366
2030-09-23 05:00:00,0.7486233961770807,0.9675041733042928
2030-09-23 06:00:00,0.6096061667396506,0.8983651112819087
2030-09-23 07:00:00,0.5229808751638142,0.7888964266541882
2030-09-23 08:00:00,0.4653575214165512,0.6121953298202253
2030-09-23 09:00:00,0.5002698589575596,0.626433434149616
2030-09-23 10:00:00,0.5070909059765174,0.8874941810232297
2030-09-23 11:00:00,0.8055946904824741,0.9759358731050718
2030-09-23 12:00:00,0.9130035931362485,0.9739528901801328
2030-09-23 13:00:00,0.9761717495526049,0.9860446067173333
2030-09-23 14:00:00,0.9859421866215117,0.9884274873847023
2030-09-23 15:00:00,1.0,1.0
2030-09-23 16:00:00,1.0,1.0
2030-09-23 17:00:00,1.0,1.0
2030-09-23 18:00:00,1.0,1.0
2030-09-23 19:00:00,1.0,1.0
2030-09-23 20:00:00,1.0,1.0
2030-09-23 21:00:00,1.0,1.0
2030-09-23 22:00:00,1.0,1.0
2030-09-23 23:00:00,1.0,1.0
2030-09-24 00:00:00,1.0,1.0
2030-09-24 01:00:00,1.0,1.0
2030-09-24 02:00:00,1.0,1.0
2030-09-24 03:00:00,0.9989696555753567,1.0
2030-09-24 04:00:00,0.9960192639673986,0.9980240353624985
2030-09-24 05:00:00,0.9852694434207773,0.9966386795469279
2030-09-24 06:00:00,0.9679939414796767,0.9707147238112914
2030-09-24 07:00:00,0.8434428840785396,0.8049161704601644
2030-09-24 08:00:00,0.6987431513859259,0.6278367416138331
2030-09-24 09:00:00,0.6119365105360938,0.6095201116927125
2030-09-24 10:00:00,0.2923101031223858,0.33447962640119117
2030-09-24 11:00:00,0.682807344894375,0.7230263150361684
2030-09-24 12:00:00,0.9846636503546096,0.9900640434560486
2030-09-24 13:00:00,1.0,1.0
2030-09-24 14:00:00,1.0,1.0
2030-09-24 15:00:00,1.0,1.0
2030-09-24 16:00:00,1.0,1.0
2030-09-24 17:00:00,1.0,1.0
2030-09-24 18:00:00,1.0,1.0
2030-09-24 19:00:00,1.0,1.0
2030-09-24 20:00:00,1.0,1.0
2030-09-24 21:00:00,1.0,1.0
2030-09-24 22:00:00,1.0,1.0
2030-09-24 23:00:00,1.0,1.0
2030-09-25 00:00:00,1.0,1.0
2030-09-25 01:00:00,1.0,1.0
2030-09-25 02:00:00,1.0,1.0
2030-09-25 03:00:00,1.0,1.0
2030-09-25 04:00:00,1.0,1.0
2030-09-25 05:00:00,1.0,1.0
2030-09-25 06:00:00,1.0,1.0
2030-09-25 07:00:00,0.9999839127499651,0.9988069130597533
2030-09-25 08:00:00,0.9610089796592722,0.9220761103210057
2030-09-25 09:00:00,0.8453819237704733,0.88098500116632
2030-09-25 10:00:00,0.7673596303869727,0.9728529543136527
2030-09-25 11:00:00,0.9114725847322196,0.9974546335477268
2030-09-25 12:00:00,0.9682890553566508,0.9973251178123278
2030-09-25 13:00:00,0.9796610023801304,0.9972365655620461
2030-09-25 14:00:00,0.9983832059233655,0.9997181302293154
2030-09-25 15:00:00,1.0,1.0
2030-09-25 16:00:00,0.9985151257295549,1.0
2030-09-25 17:00:00,0.998758540599714,1.0
2030-09-25 18:00:00,0.9980495877181407,1.0
2030-09-25 19:00:00,0.9950113973734189,1.0
2030-09-25 20:00:00,0.9768977836350387,0.9988368109192257
2030-09-25 21:00:00,0.9736664823806583,0.999269634806168
2030-09-25 22:00:00,0.8983659297488341,0.9496616194061167
2030-09-25 23:00:00,0.9879717329675549,0.9976738063622543
2030-09-26 00:00:00,0.9984211523259126,0.9996947249366133
2030-09-26 01:00:00,1.0,1.0
2030-09-26 02:00:00,1.0,1.0
2030-09-26 03:00:00,1.0,1.0
2030-09-26 04:00:00,1.0,1.0
2030-09-26 05:00:00,1.0,1.0
2030-09-26 06:00:00,1.0,1.0
2030-09-26 07:00:00,1.0,1.0
2030-09-26 08:00:00,0.9140156442098503,1.0
2030-09-26 09:00:00,0.5796849208735517,0.9686398621585554
2030-09-26 10:00:00,0.37072627040454853,0.6314361779016886
2030-09-26 11:00:00,0.5872106568364055,0.8543145251022514
2030-09-26 12:00:00,0.8286019224141554,0.8930810900616618
2030-09-26 13:00:00,0.9267672593819619,0.9562359396642851
2030-09-26 14:00:00,0.997235763871815,0.9990862803369839
2030-09-26 15:00:00,1.0,1.0
2030-09-26 16:00:00,1.0,1.0
2030-09-26 17:00:00,1.0,1.0
2030-09-26 18:00:00,1.0,1.0
2030-09-26 19:00:00,1.0,1.0
2030-09-26 20:00:00,1.0,1.0
2030-09-26 21:00:00,0.9980879477797594,1.0
2030-09-26 22:00:00,0.9706062310227129,0.9971685279233824
2030-09-26 23:00:00,0.9766517944040972,0.9863239880199782
2030-09-27 00:00:00,0.8431892243799589,0.8846971676758326
2030-09-27 01:00:00,0.6537935167383623,0.6961294188764161
2030-09-27 02:00:00,0.5389073195069285,0.5730896617627083
2030-09-27 03:00:00,0.4380664026767309,0.4702670154445882
2030-09-27 04:00:00,0.32952045079567704,0.37965864254608533
2030-09-27 05:00:00,0.19543954974612676,0.30056307549949235
2030-09-27 06:00:00,0.12004186229923897,0.2834708069445975
2030-09-27 07:00:00,0.1409885529358176,0.40891226341804243
2030-09-27 08:00:00,0.2278639285865678,0.5043486285121045
2030-09-27 09:00:00,0.3313501759316086,0.5652955449284288
2030-09-27 10:00:00,0.21467114196437023,0.3282886763292312
2030-09-27 11:00:00,0.41624462803648987,0.5232291941973002
2030-09-27 12:00:00,0.7362136632848835,0.7334582479011938
2030-09-27 13:00:00,0.9677770089307355,0.9341635462047805
2030-09-27 14:00:00,0.9768147253342666,0.9016461091210337
2030-09-27 15:00:00,0.9199153926623076,0.8893407079561327
2030-09-27 16:00:00,0.9847987487840414,0.9725968727626593
2030-09-27 17:00:00,0.9992035856308321,0.9981879136007117
2030-09-27 18:00:00,1.0,0.998962816334874
2030-09-27 19:00:00,1.0,1.0
2030-09-27 20:00:00,1.0,1.0
2030-09-27 21:00:00,0.9934684104244936,0.9977928852193696
2030-09-27 22:00:00,0.9838172303763694,0.9978700205860819
2030-09-27 23:00:00,0.9976704729860145,1.0
2030-09-28 00:00:00,0.9975154722085636,0.9998134240303573
2030-09-28 01:00:00,0.9910392068466083,0.9972852982758085
2030-09-28 02:00:00,0.968996379825188,0.9772971846828953
2030-09-28 03:00:00,0.9171677568526418,0.915300129648127
2030-09-28 04:00:00,0.8783673354810123,0.8076003112104538
2030-09-28 05:00:00,0.8897586665187809,0.7708386687176169
2030-09-28 06:00:00,0.9749067355083924,0.8658806236537525
2030-09-28 07:00:00,0.9496072024774908,0.9070502576575388
2030-09-28 08:00:00,0.728723230211281,0.7082004524548113
2030-09-28 09:00:00,0.4780259214135435,0.5110648624725398
2030-09-28 10:00:00,0.27692106320454046,0.38925169436454704
2030-09-28 11:00:00,0.3040609952115754,0.38516447595619807
2030-09-28 12:00:00,0.3945503768905958,0.4803545442015334
2030-09-28 13:00:00,0.43495141377820123,0.5758271476299669
2030-09-28 14:00:00,0.3233941452746218,0.44476608353830716
2030-09-28 15:00:00,0.21187118737684116,0.31934200852829225
2030-09-28 16:00:00,0.16440888341407278,0.2922711531256146
2030-09-28 17:00:00,0.15695576580801388,0.31583285207955913
2030-09-28 18:00:00,0.1541291984373192,0.31519378664720793
2030-09-28 19:00:00,0.17835018386840826,0.3287836109419716
2030-09-28 20:00:00,0.1554288499447221,0.30432001158853805
2030-09-28 21:00:00,0.22081118539274125,0.2981858277671728
2030-09-28 22:00:00,0.26842061197952727,0.36087535614880256
2030-09-28 23:00:00,0.23808880166041946,0.34267347478699245
2030-09-29 00:00:00,0.17426715209696486,0.27157728833104805
2030-09-29 01:00:00,0.1335396020676494,0.20764154548456504
2030-09-29 02:00:00,0.11894682415575089,0.1888390632272438
2030-09-29 03:00:00,0.12896619687912947,0.206289902748944
2030-09-29 04:00:00,0.18230621539901976,0.2637486703332946
2030-09-29 05:00:00,0.284620713200211,0.3499544665536795
2030-09-29 06:00:00,0.3764917202034366,0.4073151244680827
2030-09-29 07:00:00,0.4779897262159956,0.4843842547576425
2030-09-29 08:00:00,0.5806197203787655,0.5491787761897868
2030-09-29 09:00:00,0.7241009924764295,0.6737336089750822
2030-09-29 10:00:00,0.8780392616532232,0.8666421176608919
2030-09-29 11:00:00,0.9826005633580978,0.9883116236210756
2030-09-29 12:00:00,0.9814149594380813,0.9977319503518995
2030-09-29 13:00:00,0.9975659379346276,1.0
2030-09-29 14:00:00,0.996871362171242,1.0
2030-09-29 15:00:00,0.940644165884565,1.0
2030-09-29 16:00:00,0.8481205760443488,0.9992381255138988
2030-09-29 17:00:00,0.8723659898871985,0.999471545145311
2030-09-29 18:00:00,0.9227305169112496,0.9996023020167696
2030-09-29 19:00:00,0.9971386255083651,1.0
2030-09-29 20:00:00,0.9991694412797535,1.0
2030-09-29 21:00:00,0.9980140363294587,1.0
2030-09-29 22:00:00,0.9557775668124967,1.0
2030-09-29 23:00:00,0.984829782922907,1.0
2030-09-30 00:00:00,0.9625049695394262,1.0
2030-09-30 01:00:00,0.8891699501490353,0.9988224522844286
2030-09-30 02:00:00,0.8524892773586462,0.9975183812267633
2030-09-30 03:00:00,0.8229648074526623,0.9919134537156126
2030-09-30 04:00:00,0.7533899491660638,0.970935052411631
2030-09-30 05:00:00,0.6929993389724894,0.9125309875473483
2030-09-30 06:00:00,0.7390329891469468,0.9112059121531191
2030-09-30 07:00:00,0.9060434286630809,0.9740969959432145
2030-09-30 08:00:00,0.9967461231061718,0.9999758096598133
2030-09-30 09:00:00,0.9949541673258002,1.0
2030-09-30 10:00:00,0.9967488404981839,1.0
2030-09-30 11:00:00,0.9986841133364287,1.0
2030-09-30 12:00:00,0.9972916830108761,1.0
2030-09-30 13:00:00,0.9992808555363617,1.0
2030-09-30 14:00:00,1.0,1.0
2030-09-30 15:00:00,1.0,1.0
2030-09-30 16:00:00,1.0,1.0
2030-09-30 17:00:00,1.0,1.0
2030-09-30 18:00:00,1.0,1.0
2030-09-30 19:00:00,1.0,1.0
2030-09-30 20:00:00,1.0,1.0
2030-09-30 21:00:00,1.0,1.0
2030-09-30 22:00:00,1.0,1.0
2030-09-30 23:00:00,1.0,1.0
2030-10-01 00:00:00,1.0,1.0
2030-10-01 01:00:00,1.0,1.0
2030-10-01 02:00:00,1.0,1.0
2030-10-01 03:00:00,1.0,1.0
2030-10-01 04:00:00,1.0,1.0
2030-10-01 05:00:00,0.9985792595835626,1.0
2030-10-01 06:00:00,0.9980137653885492,1.0
2030-10-01 07:00:00,0.9975812159846864,1.0
2030-10-01 08:00:00,0.9939270516789369,1.0
2030-10-01 09:00:00,0.9827341276879644,1.0
2030-10-01 10:00:00,0.9369974284434819,0.9982690556363396
2030-10-01 11:00:00,0.9330336875175598,0.9991570831290375
2030-10-01 12:00:00,0.7621742382967438,0.9978036928068788
2030-10-01 13:00:00,0.9023521181591834,0.997151439142627
2030-10-01 14:00:00,0.9620092331931468,0.9847677011420753
2030-10-01 15:00:00,0.9144543802383305,0.9708744806593281
2030-10-01 16:00:00,0.8935637688824369,0.9684854972028718
2030-10-01 17:00:00,0.8774795005620281,0.9712201740466172
2030-10-01 18:00:00,0.8960801181349649,0.967691796983125
2030-10-01 19:00:00,0.884400843655842,0.9674000480832257
2030-10-01 20:00:00,0.8065145143710382,0.9708364413400596
2030-10-01 21:00:00,0.6504013121669493,0.9213471081192321
2030-10-01 22:00:00,0.4901339637948538,0.8126108404281184
2030-10-01 23:00:00,0.4458872762803814,0.6962574388037774
2030-10-02 00:00:00,0.4245451461095314,0.6874181699278764
2030-10-02 01:00:00,0.34672769513359636,0.5987315551649933
2030-10-02 02:00:00,0.2742305111868749,0.4277410746771654
2030-10-02 03:00:00,0.24383206930470608,0.41348234259264655
2030-10-02 04:00:00,0.1883788691074126,0.3693633775995808
2030-10-02 05:00:00,0.15324244215473792,0.29996068434683165
2030-10-02 06:00:00,0.14791820635752875,0.3001745517991216
2030-10-02 07:00:00,0.16696761199278337,0.3953055476502045
2030-10-02 08:00:00,0.18600979927950947,0.4397825089394135
2030-10-02 09:00:00,0.2124748116211943,0.46270611348017127
2030-10-02 10:00:00,0.16748055274683066,0.3712899116849644
2030-10-02 11:00:00,0.23675158281218625,0.40069209103720804
2030-10-02 12:00:00,0.23016911752483615,0.3895100396701888
2030-10-02 13:00:00,0.26972147470854696,0.4400129140352864
2030-10-02 14:00:00,0.3815675332405111,0.7169455555473667
2030-10-02 15:00:00,0.6782077351036958,0.7170349620069143
2030-10-02 16:00:00,0.6414440423330504,0.6573849336885335
2030-10-02 17:00:00,0.8125212262084442,0.7279155175350333
2030-10-02 18:00:00,0.8039067684737778,0.7605787010219393
2030-10-02 19:00:00,0.7966305854749287,0.8014852226812923
2030-10-02 20:00:00,0.7092040910772933,0.7877117291092612
2030-10-02 21:00:00,0.6728381567464141,0.8610699986654006
2030-10-02 22:00:00,0.3384392650220187,0.44604612925099696
2030-10-02 23:00:00,0.49101360188590615,0.451954450566636
2030-10-03 00:00:00,0.6652551373598558,0.6223688039360857
2030-10-03 01:00:00,0.7840668387162806,0.7746773239977462
2030-10-03 02:00:00,0.8595095497795853,0.8441820559164885
2030-10-03 03:00:00,0.9284841544612464,0.8875389677650786
2030-10-03 04:00:00,0.9732101293461973,0.9318342440271976
2030-10-03 05:00:00,0.9864632759833487,0.9669533422783125
2030-10-03 06:00:00,0.9978545502604145,0.9853142110215641
2030-10-03 07:00:00,0.9996546227646321,0.9977846596211465
2030-10-03 08:00:00,0.9997969709902632,0.998390978590856
2030-10-03 09:00:00,0.9997985114841392,0.9991917076904078
2030-10-03 10:00:00,0.5491218670838384,0.6762016210074451
2030-10-03 11:00:00,0.8102086112492026,0.843289162516569
2030-10-03 12:00:00,0.9591858487794102,0.9782268121006594
2030-10-03 13:00:00,0.9095068516912693,0.9813732180175067
2030-10-03 14:00:00,0.9796592002362134,0.9846366795478243
2030-10-03 15:00:00,0.9970830475667029,0.9986759226728231
2030-10-03 16:00:00,1.0,1.0
2030-10-03 17:00:00,1.0,1.0
2030-10-03 18:00:00,1.0,1.0
2030-10-03 19:00:00,0.9949823022399791,1.0
2030-10-03 20:00:00,0.9961249158745121,1.0
2030-10-03 21:00:00,0.9900270409598461,0.9996064646301807
2030-10-03 22:00:00,0.916478258927811,0.9786257394683846
2030-10-03 23:00:00,0.9614931150366537,0.9682045709752412
2030-10-04 00:00:00,0.9772171314696552,0.8994914631169595
2030-10-04 01:00:00,0.9840474224360877,0.8452672854404966
2030-10-04 02:00:00,0.9951493085284868,0.8996748115347772
2030-10-04 03:00:00,0.996880509888185,0.9652166158954338
2030-10-04 04:00:00,0.9981766038448213,0.9733346061792423
2030-10-04 05:00:00,0.9993383618503303,0.9798325532258082
2030-10-04 06:00:00,0.9998591797768681,0.9831279203119667
2030-10-04 07:00:00,1.0,0.9974888001574553
2030-10-04 08:00:00,1.0,1.0
2030-10-04 09:00:00,1.0,1.0
2030-10-04 10:00:00,0.9589599504405639,0.7663414674269361
2030-10-04 11:00:00,0.9995402608000024,0.9979644409710053
2030-10-04 12:00:00,1.0,1.0
2030-10-04 13:00:00,0.9997404611271211,1.0
2030-10-04 14:00:00,0.9974622874356489,1.0
2030-10-04 15:00:00,1.0,1.0
2030-10-04 16:00:00,0.9727205714005431,1.0
2030-10-04 17:00:00,0.9320855821400855,0.9986115275944816
2030-10-04 18:00:00,0.8521195298420772,0.9928947796017042
2030-10-04 19:00:00,0.7747849881047478,0.997428987603255
2030-10-04 20:00:00,0.6241437910200729,0.9260521972848896
2030-10-04 21:00:00,0.5671138140830991,0.8157483766757143
2030-10-04 22:00:00,0.3234714505210635,0.5295504477707784
2030-10-04 23:00:00,0.3708121116182981,0.5141627736211851
2030-10-05 00:00:00,0.43397830633643586,0.49729584118003456
2030-10-05 01:00:00,0.4966471285159227,0.5362819183823654
2030-10-05 02:00:00,0.5411547788701742,0.5587791516563136
2030-10-05 03:00:00,0.563334545178828,0.54316893915763
2030-10-05 04:00:00,0.5621808271176633,0.5368237599075859
2030-10-05 05:00:00,0.5898510696864913,0.6077230118631477
2030-10-05 06:00:00,0.6182547519127333,0.7005721789684471
2030-10-05 07:00:00,0.6438596127253253,0.7825571097520632
2030-10-05 08:00:00,0.6224256587198033,0.8012188234095827
2030-10-05 09:00:00,0.6617005435360432,0.8617504367031598
2030-10-05 10:00:00,0.48973240338776897,0.6716824710272723
2030-10-05 11:00:00,0.5805410678014757,0.7590369275585302
2030-10-05 12:00:00,0.7231928206855905,0.7951965126258004
2030-10-05 13:00:00,0.8863752933470417,0.8291565972972825
2030-10-05 14:00:00,0.9948338221444801,0.9854756970036482
2030-10-05 15:00:00,0.9993972904540412,0.9986297104085246
2030-10-05 16:00:00,1.0,1.0
2030-10-05 17:00:00,1.0,1.0
2030-10-05 18:00:00,1.0,1.0
2030-10-05 19:00:00,1.0,1.0
2030-10-05 20:00:00,1.0,1.0
2030-10-05 21:00:00,1.0,1.0
2030-10-05 22:00:00,0.9858824515722804,1.0
2030-10-05 23:00:00,0.999082683635514,1.0
2030-10-06 00:00:00,0.9992849261692976,1.0
2030-10-06 01:00:00,0.9977434468441395,1.0
2030-10-06 02:00:00,0.9993817961984673,1.0
2030-10-06 03:00:00,1.0,1.0
2030-10-06 04:00:00,0.9995168177279379,1.0
2030-10-06 05:00:00,0.9985209468054523,1.0
2030-10-06 06:00:00,0.9950401487446092,1.0
2030-10-06 07:00:00,0.9191329551330263,0.9958004905831108
2030-10-06 08:00:00,0.7657349563954136,0.9519644978485111
2030-10-06 09:00:00,0.7750685737357944,0.9088560502681938
2030-10-06 10:00:00,0.3129587520194927,0.5424644468951292
2030-10-06 11:00:00,0.42245424824393063,0.6991899321099031
2030-10-06 12:00:00,0.5383697014731709,0.7746577147688329
2030-10-06 13:00:00,0.8527102018664618,0.95201595279072
2030-10-06 14:00:00,0.9087511873969016,0.9975105220747044
2030-10-06 15:00:00,0.8634140708082242,0.9975429882082675
2030-10-06 16:00:00,0.9109490095773265,0.9968628884169217
2030-10-06 17:00:00,0.9408874193523379,0.990112845939157
2030-10-06 18:00:00,0.9267434002413919,0.9879510319465596
2030-10-06 19:00:00,0.8292102973413462,0.9776241257740934
2030-10-06 20:00:00,0.7011679020553431,0.9555071455785085
2030-10-06 21:00:00,0.48642481023982326,0.8442775561160941
2030-10-06 22:00:00,0.3991930634906219,0.6421950670027015
2030-10-06 23:00:00,0.2944816249720957,0.46210744507159696
2030-10-07 00:00:00,0.26045664185762807,0.39707856112535644
2030-10-07 01:00:00,0.25283438621905885,0.3865144897336909
2030-10-07 02:00:00,0.26640995460437017,0.3983891385266751
2030-10-07 03:00:00,0.3002215132790196,0.43712705327778995
2030-10-07 04:00:00,0.31885936047775654,0.45618674251626246
2030-10-07 05:00:00,0.3426388875738302,0.48520624961083114
2030-10-07 06:00:00,0.3252562817125835,0.4690120947405145
2030-10-07 07:00:00,0.29709791008497927,0.4265348775301867
2030-10-07 08:00:00,0.30023818467923646,0.4410755359882957
2030-10-07 09:00:00,0.3532935816407842,0.5117733313040914
2030-10-07 10:00:00,0.2889541593679425,0.43002230313030576
2030-10-07 11:00:00,0.3035163189735973,0.40122914156333866
2030-10-07 12:00:00,0.22829657917375026,0.3063565873948135
2030-10-07 13:00:00,0.39566160529116723,0.3908209476421242
2030-10-07 14:00:00,0.4806431961997242,0.5823227219949101
2030-10-07 15:00:00,0.5510080027126646,0.7716715827740881
2030-10-07 16:00:00,0.717182530887448,0.8090515046826996
2030-10-07 17:00:00,0.7441388344921944,0.8349981581560607
2030-10-07 18:00:00,0.6549912238278353,0.7587679722410491
2030-10-07 19:00:00,0.5858301018532419,0.6735953579691757
2030-10-07 20:00:00,0.42081941294359326,0.5244908898242078
2030-10-07 21:00:00,0.3112728282679289,0.4182581117343199
2030-10-07 22:00:00,0.19662387460978545,0.2363348546015929
2030-10-07 23:00:00,0.28248459574039503,0.23263830692907503
2030-10-08 00:00:00,0.3615926504003871,0.31855779881470736
2030-10-08 01:00:00,0.40138608096357536,0.3727252383077858
2030-10-08 02:00:00,0.3479935020161845,0.36103118917812
2030-10-08 03:00:00,0.3336683022097858,0.4202386347715338
2030-10-08 04:00:00,0.4205077818300208,0.516667968642872
2030-10-08 05:00:00,0.3809763841690259,0.5148286371416044
2030-10-08 06:00:00,0.33022731669487954,0.5393466448365603
2030-10-08 07:00:00,0.33099108268818067,0.6449704374226759
2030-10-08 08:00:00,0.3397922703380497,0.7102264797670633
2030-10-08 09:00:00,0.31362136793157713,0.6744114391793555
2030-10-08 10:00:00,0.15511662989499037,0.34602385387126444
2030-10-08 11:00:00,0.21734294445065178,0.3844486084395966
2030-10-08 12:00:00,0.32921728822054813,0.39543802018103674
2030-10-08 13:00:00,0.5401671947193458,0.691444030149007
2030-10-08 14:00:00,0.7328664507939433,0.8416757988121453
2030-10-08 15:00:00,0.8169462647137817,0.9204286419528211
2030-10-08 16:00:00,0.8608047088430574,0.9610914548173318
2030-10-08 17:00:00,0.9298414216341592,0.972161084072836
2030-10-08 18:00:00,0.7613118173006352,0.9681850599827593
2030-10-08 19:00:00,0.6707239341402655,0.9768607586273091
2030-10-08 20:00:00,0.6276656126347913,0.9750433639759548
2030-10-08 21:00:00,0.5841082169959406,0.9350362489500124
2030-10-08 22:00:00,0.2758333859192966,0.5114709553383826
2030-10-08 23:00:00,0.36202191092459896,0.5404213829506632
2030-10-09 00:00:00,0.46642685585704896,0.6627504663950023
2030-10-09 01:00:00,0.4779147445640713,0.6438005621700816
2030-10-09 02:00:00,0.49063088877164895,0.604186903580388
2030-10-09 03:00:00,0.5087087028665949,0.6010010578397107
2030-10-09 04:00:00,0.6417008372929628,0.6738022340757093
2030-10-09 05:00:00,0.7784289486075756,0.7393659880119621
2030-10-09 06:00:00,0.8214802410961441,0.6620297512473435
2030-10-09 07:00:00,0.9529674350692574,0.8106775935517403
2030-10-09 08:00:00,0.9865264294200791,0.9661838941972867
2030-10-09 09:00:00,0.9914046403963451,0.9750921266800747
2030-10-09 10:00:00,0.9901329898192756,0.9779094054317677
2030-10-09 11:00:00,0.9792595843729927,0.9689171541610836
2030-10-09 12:00:00,0.9554635235552824,0.9139783953358109
2030-10-09 13:00:00,0.944425688486473,0.7644398342602258
2030-10-09 14:00:00,0.9029588830341835,0.7969158601363447
2030-10-09 15:00:00,0.9757577349913993,0.99592944315863
2030-10-09 16:00:00,0.9992137087594688,0.9991362838102233
2030-10-09 17:00:00,1.0,1.0
2030-10-09 18:00:00,1.0,1.0
2030-10-09 19:00:00,1.0,1.0
2030-10-09 20:00:00,0.999776137558359,1.0
2030-10-09 21:00:00,0.9710569104521894,1.0
2030-10-09 22:00:00,0.6849550419509853,0.995839141710092
2030-10-09 23:00:00,0.6054458393148237,0.7429097895719761
2030-10-10 00:00:00,0.603370892095972,0.7005695156725198
2030-10-10 01:00:00,0.5736251707868116,0.7051628092054688
2030-10-10 02:00:00,0.5571306810491318,0.7131574476327189
2030-10-10 03:00:00,0.509449897758091,0.6992036503144182
2030-10-10 04:00:00,0.46482149746935986,0.59842668574549
2030-10-10 05:00:00,0.5451736707978441,0.6302269052866952
2030-10-10 06:00:00,0.725745038808172,0.7829538982008216
2030-10-10 07:00:00,0.8679747624787739,0.917580623807795
2030-10-10 08:00:00,0.9005570772993862,0.9730086319826075
2030-10-10 09:00:00,0.8925224109958363,0.9739810793862731
2030-10-10 10:00:00,0.5227379435356269,0.7345442759861536
2030-10-10 11:00:00,0.6927986029463382,0.8323386525578511
2030-10-10 12:00:00,0.7995807499335241,0.8932376900055459
2030-10-10 13:00:00,0.9987176792618117,0.9978629633867969
2030-10-10 14:00:00,1.0,1.0
2030-10-10 15:00:00,1.0,1.0
2030-10-10 16:00:00,1.0,1.0
2030-10-10 17:00:00,1.0,1.0
2030-10-10 18:00:00,1.0,1.0
2030-10-10 19:00:00,1.0,1.0
2030-10-10 20:00:00,1.0,1.0
2030-10-10 21:00:00,1.0,1.0
2030-10-10 22:00:00,1.0,1.0
2030-10-10 23:00:00,1.0,1.0
2030-10-11 00:00:00,1.0,1.0
2030-10-11 01:00:00,1.0,1.0
2030-10-11 02:00:00,1.0,1.0
2030-10-11 03:00:00,1.0,1.0
2030-10-11 04:00:00,1.0,1.0
2030-10-11 05:00:00,1.0,0.9968010206436609
2030-10-11 06:00:00,0.9983152084036953,0.9859332530080687
2030-10-11 07:00:00,0.9980540776172213,0.9933800659871216
2030-10-11 08:00:00,0.9993846289183864,0.998418116104837
2030-10-11 09:00:00,1.0,1.0
2030-10-11 10:00:00,1.0,1.0
2030-10-11 11:00:00,1.0,1.0
2030-10-11 12:00:00,1.0,1.0
2030-10-11 13:00:00,1.0,1.0
2030-10-11 14:00:00,1.0,1.0
2030-10-11 15:00:00,1.0,1.0
2030-10-11 16:00:00,1.0,1.0
2030-10-11 17:00:00,1.0,1.0
2030-10-11 18:00:00,1.0,1.0
2030-10-11 19:00:00,1.0,1.0
2030-10-11 20:00:00,1.0,1.0
2030-10-11 21:00:00,1.0,1.0
2030-10-11 22:00:00,0.7968994729789721,0.8878965450358413
2030-10-11 23:00:00,0.8239102109516181,0.8675592685167179
2030-10-12 00:00:00,0.646314238852578,0.767939779928998
2030-10-12 01:00:00,0.5805390156647274,0.6875203329890078
2030-10-12 02:00:00,0.5561089431200735,0.6335123941280505
2030-10-12 03:00:00,0.5403229916812341,0.5896541583231254
2030-10-12 04:00:00,0.5221491788197202,0.5764919568217708
2030-10-12 05:00:00,0.45427596712433527,0.4787283945413034
2030-10-12 06:00:00,0.3807926845618688,0.391222595474534
2030-10-12 07:00:00,0.34602614285845007,0.3529034298766996
2030-10-12 08:00:00,0.3484163727485339,0.34071785702926977
2030-10-12 09:00:00,0.33982913538619847,0.32345027437142443
2030-10-12 10:00:00,0.1785791184743671,0.2878867270245363
2030-10-12 11:00:00,0.22142280563243855,0.4605087307648622
2030-10-12 12:00:00,0.3942633174370967,0.7498761646574067
2030-10-12 13:00:00,0.7466772911726117,0.9273462380981489
2030-10-12 14:00:00,0.9118425225715663,0.9151863636735942
2030-10-12 15:00:00,0.7515158336890839,0.5727481703528616
2030-10-12 16:00:00,0.47943038140141464,0.48749052285129346
2030-10-12 17:00:00,0.6702275794952007,0.6147488418698848
2030-10-12 18:00:00,0.9540185593312396,0.8922738628505398
2030-10-12 19:00:00,0.9978609611236486,0.9962730302808903
2030-10-12 20:00:00,1.0,1.0
2030-10-12 21:00:00,1.0,1.0
2030-10-12 22:00:00,1.0,1.0
2030-10-12 23:00:00,1.0,1.0
2030-10-13 00:00:00,1.0,1.0
2030-10-13 01:00:00,1.0,1.0
2030-10-13 02:00:00,1.0,1.0
2030-10-13 03:00:00,1.0,1.0
2030-10-13 04:00:00,1.0,1.0
2030-10-13 05:00:00,0.9990727110309291,1.0
2030-10-13 06:00:00,0.9973178632107373,1.0
2030-10-13 07:00:00,0.9969294191758311,0.9995582846218529
2030-10-13 08:00:00,0.9890715845649112,0.9994881792841118
2030-10-13 09:00:00,0.99126955733823,0.998971827274865
2030-10-13 10:00:00,0.8869213421692841,0.9699944023959252
2030-10-13 11:00:00,0.9196775498550406,0.9763917823837621
2030-10-13 12:00:00,0.9189095760314276,0.9481371242211964
2030-10-13 13:00:00,0.9797401057634298,0.9972972572080625
2030-10-13 14:00:00,0.9973548977451648,1.0
2030-10-13 15:00:00,1.0,1.0
2030-10-13 16:00:00,1.0,1.0
2030-10-13 17:00:00,1.0,1.0
2030-10-13 18:00:00,1.0,1.0
2030-10-13 19:00:00,1.0,1.0
2030-10-13 20:00:00,1.0,1.0
2030-10-13 21:00:00,1.0,1.0
2030-10-13 22:00:00,1.0,1.0
2030-10-13 23:00:00,1.0,1.0
2030-10-14 00:00:00,1.0,1.0
2030-10-14 01:00:00,1.0,1.0
2030-10-14 02:00:00,1.0,1.0
2030-10-14 03:00:00,1.0,1.0
2030-10-14 04:00:00,1.0,1.0
2030-10-14 05:00:00,1.0,1.0
2030-10-14 06:00:00,1.0,1.0
2030-10-14 07:00:00,1.0,1.0
2030-10-14 08:00:00,0.9969392783013431,1.0
2030-10-14 09:00:00,0.9605966177536395,0.9972668082175448
2030-10-14 10:00:00,0.4158825592231193,0.6011738720416819
2030-10-14 11:00:00,0.47953107505968184,0.6568992673289232
2030-10-14 12:00:00,0.7954943624236752,0.8347089389344832
2030-10-14 13:00:00,0.9953191748269735,0.9990195496070906
2030-10-14 14:00:00,1.0,1.0
2030-10-14 15:00:00,1.0,1.0
2030-10-14 16:00:00,1.0,1.0
2030-10-14 17:00:00,1.0,1.0
2030-10-14 18:00:00,0.999633221085372,1.0
2030-10-14 19:00:00,0.9969106093101476,0.9992968330736808
2030-10-14 20:00:00,0.9780723044588584,0.9900944592479017
2030-10-14 21:00:00,0.9099553243116844,0.8758245013284935
2030-10-14 22:00:00,0.9500298929345207,0.6584195403666155
2030-10-14 23:00:00,0.9961422909042754,0.7707321011211694
2030-10-15 00:00:00,0.9973081711319483,0.7101891432962186
2030-10-15 01:00:00,0.9967009043055935,0.8082177613699625
2030-10-15 02:00:00,0.9982080559127264,0.9736653031737694
2030-10-15 03:00:00,1.0,0.9994708587418296
2030-10-15 04:00:00,1.0,1.0
2030-10-15 05:00:00,1.0,1.0
2030-10-15 06:00:00,1.0,1.0
2030-10-15 07:00:00,1.0,1.0
2030-10-15 08:00:00,1.0,1.0
2030-10-15 09:00:00,1.0,1.0
2030-10-15 10:00:00,1.0,1.0
2030-10-15 11:00:00,1.0,1.0
2030-10-15 12:00:00,1.0,1.0
2030-10-15 13:00:00,1.0,1.0
2030-10-15 14:00:00,1.0,1.0
2030-10-15 15:00:00,1.0,1.0
2030-10-15 16:00:00,1.0,1.0
2030-10-15 17:00:00,1.0,1.0
2030-10-15 18:00:00,1.0,1.0
2030-10-15 19:00:00,1.0,1.0
2030-10-15 20:00:00,1.0,1.0
2030-10-15 21:00:00,1.0,1.0
2030-10-15 22:00:00,1.0,1.0
2030-10-15 23:00:00,1.0,1.0
2030-10-16 00:00:00,1.0,1.0
2030-10-16 01:00:00,1.0,1.0
2030-10-16 02:00:00,1.0,1.0
2030-10-16 03:00:00,1.0,1.0
2030-10-16 04:00:00,1.0,1.0
2030-10-16 05:00:00,1.0,1.0
2030-10-16 06:00:00,0.9986436034645523,1.0
2030-10-16 07:00:00,0.993643061144972,0.9983443487207404
2030-10-16 08:00:00,0.9764409099278366,0.9971612577344132
2030-10-16 09:00:00,0.9449984178416287,0.990819381603415
2030-10-16 10:00:00,0.32161568997706574,0.43585090436158075
2030-10-16 11:00:00,0.2794572691130186,0.37893360424135036
2030-10-16 12:00:00,0.1379579371231598,0.16590285272532435
2030-10-16 13:00:00,0.09492388412736719,0.22578026045453947
2030-10-16 14:00:00,0.08926561057848623,0.22393848430191277
2030-10-16 15:00:00,0.07810718317967145,0.17512204243200316
2030-10-16 16:00:00,0.06269686281182424,0.13030699057695821
2030-10-16 17:00:00,0.022027705512320306,0.12868595734429017
2030-10-16 18:00:00,0.001310637492169501,0.062317298529121476
2030-10-16 19:00:00,0.0015893086229123259,0.06753929122665807
2030-10-16 20:00:00,0.04271104703970258,0.09808294913452165
2030-10-16 21:00:00,0.10166549023682168,0.14960222734810935
2030-10-16 22:00:00,0.18724826189993501,0.23731979289020053
2030-10-16 23:00:00,0.21141812942665167,0.23915957679680105
2030-10-17 00:00:00,0.19978838226191703,0.2058539381901017
2030-10-17 01:00:00,0.16555979971696771,0.1795752716990044
2030-10-17 02:00:00,0.11569299550230301,0.1548929536848643
2030-10-17 03:00:00,0.053841806701445866,0.0987094852505189
2030-10-17 04:00:00,0.0056520743681619506,0.054708052019764315
2030-10-17 05:00:00,0.012128048217050397,0.049283673742658275
2030-10-17 06:00:00,0.03370832537694156,0.0290375323532757
2030-10-17 07:00:00,0.020866081271062483,0.0013527989857924259
2030-10-17 08:00:00,0.0015712193239059756,0.0004415574525549186
2030-10-17 09:00:00,0.004003329435208338,0.0006599050842614136
2030-10-17 10:00:00,0.0014187207573219812,0.0012331620383986813
2030-10-17 11:00:00,0.028896221876439844,0.06327144757463861
2030-10-17 12:00:00,0.08419253358081588,0.1796075187806837
2030-10-17 13:00:00,0.23333531594111998,0.4097604656095736
2030-10-17 14:00:00,0.46421035924782456,0.7520736550680995
2030-10-17 15:00:00,0.5953671486874846,0.7990142786076451
2030-10-17 16:00:00,0.6147109535389694,0.6096571172683728
2030-10-17 17:00:00,0.45679897612727377,0.38262336568839306
2030-10-17 18:00:00,0.3040573163208018,0.4207040259908477
2030-10-17 19:00:00,0.27253705840393344,0.6022054721425436
2030-10-17 20:00:00,0.25815701400711166,0.6392554879058484
2030-10-17 21:00:00,0.1725707995795034,0.643843282107367
2030-10-17 22:00:00,0.1148953697755676,0.5023821098508454
2030-10-17 23:00:00,0.0739249238647978,0.33460964167492213
2030-10-18 00:00:00,0.11547319081061463,0.16772217210720036
2030-10-18 01:00:00,0.14811320644858092,0.14038381504063324
2030-10-18 02:00:00,0.4628220982194848,0.510129876811043
2030-10-18 03:00:00,0.5916998410496302,0.7370741946653593
2030-10-18 04:00:00,0.522193833742612,0.6698049185373632
2030-10-18 05:00:00,0.4243770197959424,0.5142420581872781
2030-10-18 06:00:00,0.35155695558790256,0.35423939902811097
2030-10-18 07:00:00,0.35265710513737514,0.271272014745426
2030-10-18 08:00:00,0.36419565873176524,0.31207262783368817
2030-10-18 09:00:00,0.4031278523736108,0.417029863875232
2030-10-18 10:00:00,0.28506680563639053,0.46957165799986705
2030-10-18 11:00:00,0.4107963219561937,0.7163949516392915
2030-10-18 12:00:00,0.4769357719912058,0.842631151549554
2030-10-18 13:00:00,0.5390084055091052,0.8558135517149962
2030-10-18 14:00:00,0.7014745383150243,0.8763645214783112
2030-10-18 15:00:00,0.6682508485553506,0.9354761202188152
2030-10-18 16:00:00,0.6595837777150119,0.9189010883598202
2030-10-18 17:00:00,0.6324568110344821,0.9398359074220829
2030-10-18 18:00:00,0.6560923819678832,0.9693530166067351
2030-10-18 19:00:00,0.5914454549113204,0.9683659739392093
2030-10-18 20:00:00,0.46031374691850857,0.7947910055399448
2030-10-18 21:00:00,0.5755572254953385,0.6857049026019212
2030-10-18 22:00:00,0.5556325327872043,0.6451871192837503
2030-10-18 23:00:00,0.46814472149133224,0.6529692067792612
2030-10-19 00:00:00,0.4995547381542279,0.655142400476149
2030-10-19 01:00:00,0.5352798471519635,0.7004375234674044
2030-10-19 02:00:00,0.5930696278753332,0.8110533451319771
2030-10-19 03:00:00,0.6416833895378009,0.8844745947461764
2030-10-19 04:00:00,0.6696224420091701,0.9384986239923098
2030-10-19 05:00:00,0.695073791336044,0.9687500968770306
2030-10-19 06:00:00,0.7351610835000209,0.985708816269495
2030-10-19 07:00:00,0.7496803476311552,0.9901790718148429
2030-10-19 08:00:00,0.8152309044880179,0.9969260800061897
2030-10-19 09:00:00,0.8643534953168585,0.9983017585097783
2030-10-19 10:00:00,0.8958140160025776,0.9980954741952813
2030-10-19 11:00:00,0.9762469503334837,1.0
2030-10-19 12:00:00,1.0,1.0
2030-10-19 13:00:00,1.0,1.0
2030-10-19 14:00:00,1.0,1.0
2030-10-19 15:00:00,1.0,1.0
2030-10-19 16:00:00,1.0,1.0
2030-10-19 17:00:00,1.0,1.0
2030-10-19 18:00:00,1.0,1.0
2030-10-19 19:00:00,1.0,1.0
2030-10-19 20:00:00,1.0,1.0
2030-10-19 21:00:00,1.0,1.0
2030-10-19 22:00:00,1.0,1.0
2030-10-19 23:00:00,0.9986365347365669,1.0
2030-10-20 00:00:00,0.9978559967706475,1.0
2030-10-20 01:00:00,0.9969138461514355,1.0
2030-10-20 02:00:00,0.9965572292483319,1.0
2030-10-20 03:00:00,0.9887833112236047,0.9982367187912888
2030-10-20 04:00:00,0.972566131220472,0.9863873663657575
2030-10-20 05:00:00,0.8992934328393696,0.9417715140388826
2030-10-20 06:00:00,0.7821055768731877,0.845208184583546
2030-10-20 07:00:00,0.6595538083768575,0.7483563676891412
2030-10-20 08:00:00,0.5481605621491609,0.65059049541319
2030-10-20 09:00:00,0.46708562014054605,0.5810166570892287
2030-10-20 10:00:00,0.402356769985391,0.4815871776766413
2030-10-20 11:00:00,0.3813239056166297,0.5220387297678125
2030-10-20 12:00:00,0.550844010854999,0.5040272632134661
2030-10-20 13:00:00,0.6709464102539456,0.7328633704945661
2030-10-20 14:00:00,0.608165169226426,0.7135087232219077
2030-10-20 15:00:00,0.4041424586892419,0.5713237854824108
2030-10-20 16:00:00,0.29846332442288087,0.483346739216336
2030-10-20 17:00:00,0.2793795828651848,0.4299400279603851
2030-10-20 18:00:00,0.2946602984066221,0.4259585168095853
2030-10-20 19:00:00,0.3782025185860177,0.4666071254717347
2030-10-20 20:00:00,0.39311276271806606,0.4179086062345819
2030-10-20 21:00:00,0.37412566337143605,0.3134075795568447
2030-10-20 22:00:00,0.2570327762053704,0.15697491876366132
2030-10-20 23:00:00,0.16621688417275732,0.10176906530991879
2030-10-21 00:00:00,0.1389051020329723,0.0585496634803122
2030-10-21 01:00:00,0.123407421712275,0.020234145557319817
2030-10-21 02:00:00,0.14361303864035493,0.03260657299747595
2030-10-21 03:00:00,0.22532460826825335,0.12266606105810693
2030-10-21 04:00:00,0.29484165033786075,0.13846206251432913
2030-10-21 05:00:00,0.305825325719813,0.11243334665655547
2030-10-21 06:00:00,0.2874529406899667,0.0826916271381972
2030-10-21 07:00:00,0.29186813105502546,0.06577158042506187
2030-10-21 08:00:00,0.31516426073775733,0.07225650515743937
2030-10-21 09:00:00,0.3361133391905753,0.08667851027545259
2030-10-21 10:00:00,0.20662127649085404,0.08720545213149991
2030-10-21 11:00:00,0.23898473611951107,0.11899793408585636
2030-10-21 12:00:00,0.24179757317904607,0.14302559415024121
2030-10-21 13:00:00,0.2410266152111754,0.14786878329283598
2030-10-21 14:00:00,0.2973031766305233,0.22576757936339464
2030-10-21 15:00:00,0.44902214784427796,0.30757873935245655
2030-10-21 16:00:00,0.5603058556368316,0.3354898839264763
2030-10-21 17:00:00,0.5808879568846668,0.33208929468384424
2030-10-21 18:00:00,0.5799469330515574,0.3308574987628091
2030-10-21 19:00:00,0.5840760089072339,0.30539185534223207
2030-10-21 20:00:00,0.575058992960503,0.29381783225205893
2030-10-21 21:00:00,0.7015241302305495,0.36431985274827244
2030-10-21 22:00:00,0.6842407763038781,0.39984948248073165
2030-10-21 23:00:00,0.7323001643003665,0.4970972752195949
2030-10-22 00:00:00,0.7888946305069068,0.5636386189342716
2030-10-22 01:00:00,0.8296445184131527,0.5901078271815181
2030-10-22 02:00:00,0.8352878031143476,0.6231119808545189
2030-10-22 03:00:00,0.7905810811407028,0.6209366343056009
2030-10-22 04:00:00,0.7512506175171736,0.6034040111332174
2030-10-22 05:00:00,0.7060401644716039,0.6140362553589771
2030-10-22 06:00:00,0.7306371695369167,0.6314184051482783
2030-10-22 07:00:00,0.7414701879864596,0.658088372411527
2030-10-22 08:00:00,0.6961857774605182,0.725552895916401
2030-10-22 09:00:00,0.5030101584700075,0.7178185658050955
2030-10-22 10:00:00,0.23499902758233981,0.414947565334025
2030-10-22 11:00:00,0.19306941355102575,0.30620343898872177
2030-10-22 12:00:00,0.13950566325149025,0.14835088880924077
2030-10-22 13:00:00,0.11050802123218147,0.1904805405549558
2030-10-22 14:00:00,0.08243239796244674,0.13847805626976037
2030-10-22 15:00:00,0.10151623289171612,0.15247978547691388
2030-10-22 16:00:00,0.1448139422716342,0.18629628255243966
2030-10-22 17:00:00,0.15870435614190218,0.28967030558822066
2030-10-22 18:00:00,0.17140027602915586,0.2763280439844832
2030-10-22 19:00:00,0.13369920157955992,0.21823183590993392
2030-10-22 20:00:00,0.1379737163176929,0.1798070310669196
2030-10-22 21:00:00,0.12302941886851282,0.1733629494659887
2030-10-22 22:00:00,0.1462982901813563,0.22675293291912835
2030-10-22 23:00:00,0.13344221907185594,0.205187977015439
2030-10-23 00:00:00,0.12195682923383651,0.19246837665421587
2030-10-23 01:00:00,0.09001907611537971,0.1540024733625326
2030-10-23 02:00:00,0.07739518197464966,0.13678946676360965
2030-10-23 03:00:00,0.05210203453477993,0.11690172508267657
2030-10-23 04:00:00,0.01516149856202415,0.09106229184187037
2030-10-23 05:00:00,0.0012617748845353102,0.07224590242421197
2030-10-23 06:00:00,0.0005908657272371717,0.05257694696947351
2030-10-23 07:00:00,0.00020144294913054914,0.033379387837847496
2030-10-23 08:00:00,0.00016469826131601984,0.009055005532349948
2030-10-23 09:00:00,0.0004123939588896645,0.0010556577476668093
2030-10-23 10:00:00,0.0002872642870407157,0.00027880516412232177
2030-10-23 11:00:00,0.0,0.0
2030-10-23 12:00:00,0.0,0.0
2030-10-23 13:00:00,0.0,0.0
2030-10-23 14:00:00,0.0,0.0
2030-10-23 15:00:00,0.0,0.0
2030-10-23 16:00:00,0.0,0.0
2030-10-23 17:00:00,0.0,0.0
2030-10-23 18:00:00,0.0,0.0
2030-10-23 19:00:00,0.00018487868894632572,0.0
2030-10-23 20:00:00,0.00015040438735933285,0.0002051507178054828
2030-10-23 21:00:00,0.0010582434411512134,0.0010272851462281402
2030-10-23 22:00:00,0.0004990356081046708,0.0011795444978470854
2030-10-23 23:00:00,0.0007311795263126389,0.03658192063941783
2030-10-24 00:00:00,0.001027601849799625,0.06835507288532595
2030-10-24 01:00:00,0.0016146728672585668,0.09074934628320211
2030-10-24 02:00:00,0.01892895633417256,0.10842107011459061
2030-10-24 03:00:00,0.019367177657554982,0.09323405011121726
2030-10-24 04:00:00,0.0015078053646373577,0.08220340853612831
2030-10-24 05:00:00,0.02235634191308449,0.10828071590759343
2030-10-24 06:00:00,0.050366491730778264,0.15309095629750438
2030-10-24 07:00:00,0.08275363411693062,0.193416408235375
2030-10-24 08:00:00,0.10677692883287063,0.23490579010849033
2030-10-24 09:00:00,0.11334382905754845,0.2658023988676252
2030-10-24 10:00:00,0.05852560062252769,0.16700531519118533
2030-10-24 11:00:00,0.10611135196534491,0.2786493361315624
2030-10-24 12:00:00,0.22547788930975493,0.42263728545769896
2030-10-24 13:00:00,0.2967098130625023,0.44955473493617365
2030-10-24 14:00:00,0.28444298286653624,0.4568128335205256
2030-10-24 15:00:00,0.2928589594570389,0.4771992311697883
2030-10-24 16:00:00,0.3529716098989771,0.5471099279494761
2030-10-24 17:00:00,0.41092083237791477,0.6189379548322932
2030-10-24 18:00:00,0.4061207366346525,0.5999431501123755
2030-10-24 19:00:00,0.4011202879617853,0.6804312417728929
2030-10-24 20:00:00,0.3980593048108375,0.6759296299734607
2030-10-24 21:00:00,0.4440252539886045,0.753788978903459
2030-10-24 22:00:00,0.2676196044269257,0.39756476287431974
2030-10-24 23:00:00,0.26916146222627885,0.34086563462964053
2030-10-25 00:00:00,0.1901114595975816,0.2922159490102242
2030-10-25 01:00:00,0.1306228575647684,0.23990949148038618
2030-10-25 02:00:00,0.10473895049064448,0.22087390244044586
2030-10-25 03:00:00,0.07862781740777423,0.15444458788168988
2030-10-25 04:00:00,0.048723464235685805,0.10886186525486571
2030-10-25 05:00:00,0.04039313195133451,0.05787803228531443
2030-10-25 06:00:00,0.005293990954192454,0.0013188194103321157
2030-10-25 07:00:00,0.00018320699304680895,0.0
2030-10-25 08:00:00,0.0,0.0
2030-10-25 09:00:00,0.0,0.0
2030-10-25 10:00:00,0.0014182990207988987,0.034776982675786425
2030-10-25 11:00:00,0.0013645756607381563,0.015953921810016133
2030-10-25 12:00:00,0.0,0.00029502347237181695
2030-10-25 13:00:00,0.0,0.0
2030-10-25 14:00:00,0.0,0.0
2030-10-25 15:00:00,0.0,0.0
2030-10-25 16:00:00,0.0004001383831875926,0.0
2030-10-25 17:00:00,0.0004687680151819936,0.0004324612954926512
2030-10-25 18:00:00,0.0012969586868733824,0.0005478600925557364
2030-10-25 19:00:00,0.04564276175690676,0.000765226050917404
2030-10-25 20:00:00,0.06350261820320317,0.0007349445182889662
2030-10-25 21:00:00,0.08656845058140902,0.02057304954773865
2030-10-25 22:00:00,0.081373342280158,0.02129958675176053
2030-10-25 23:00:00,0.2156809873044304,0.1524514789161451
2030-10-26 00:00:00,0.23774565024159366,0.2699840861970628
2030-10-26 01:00:00,0.09683948488573846,0.11499298981305256
2030-10-26 02:00:00,0.11977196675562579,0.08403179589584923
2030-10-26 03:00:00,0.14029351320527023,0.04282349151124282
2030-10-26 04:00:00,0.09548526833608031,3.2499890274869364e-05
2030-10-26 05:00:00,0.08930923265986904,0.00132120845370599
2030-10-26 06:00:00,0.1259351645942396,0.08223602237302942
2030-10-26 07:00:00,0.25455289842265894,0.22082427157914275
2030-10-26 08:00:00,0.3935244349153213,0.42191430210240827
2030-10-26 09:00:00,0.49296889824712514,0.568705741195627
2030-10-26 10:00:00,0.2774379396813214,0.3732009959914693
2030-10-26 11:00:00,0.36528333732936247,0.3581738499165889
2030-10-26 12:00:00,0.3545384733588172,0.22357903177575142
2030-10-26 13:00:00,0.5735819271511658,0.2856196369601267
2030-10-26 14:00:00,0.978189890241366,0.9916905564342865
2030-10-26 15:00:00,0.9986243749144723,0.9986356500083082
2030-10-26 16:00:00,1.0,1.0
2030-10-26 17:00:00,0.9996160146360045,1.0
2030-10-26 18:00:00,1.0,1.0
2030-10-26 19:00:00,1.0,1.0
2030-10-26 20:00:00,1.0,1.0
2030-10-26 21:00:00,0.9987609566585467,1.0
2030-10-26 22:00:00,0.8967591332365484,0.8678179827440426
2030-10-26 23:00:00,0.9052638805924208,0.8684805403090188
2030-10-27 00:00:00,0.9522310424093335,0.9458785978597126
2030-10-27 01:00:00,0.9716670896564648,0.969865480269975
2030-10-27 02:00:00,0.9461210714145899,0.9685560081826192
2030-10-27 03:00:00,0.8973845804213063,0.9330256430804198
2030-10-27 04:00:00,0.8802188601983983,0.8849264074858774
2030-10-27 05:00:00,0.8774044075042433,0.8502385107172337
2030-10-27 06:00:00,0.8536012653044536,0.7724217059990555
2030-10-27 07:00:00,0.7742922582464049,0.7287051621866958
2030-10-27 08:00:00,0.597677863837418,0.6798257082152322
2030-10-27 09:00:00,0.37731606669213696,0.5458050404618721
2030-10-27 10:00:00,0.18248786516134038,0.319642440207128
2030-10-27 11:00:00,0.14134626310464166,0.27158801987281034
2030-10-27 12:00:00,0.13614259082682378,0.25166330499517486
2030-10-27 13:00:00,0.2328031156805539,0.2640786624559801
2030-10-27 14:00:00,0.36746282199387803,0.3569372538237915
2030-10-27 15:00:00,0.4603295190698367,0.5082692113954695
2030-10-27 16:00:00,0.5178468352434752,0.6105368395258942
2030-10-27 17:00:00,0.5939051520653968,0.769059633658705
2030-10-27 18:00:00,0.7439777828403364,0.9289265396750411
2030-10-27 19:00:00,0.9142138135110227,0.9902907957067401
2030-10-27 20:00:00,0.9712001136076102,0.9994965543271891
2030-10-27 21:00:00,0.9968807568653492,0.9995387573275659
2030-10-27 22:00:00,0.8471128343051282,0.930641875433082
2030-10-27 23:00:00,0.8861491795823654,0.8460588885502623
2030-10-28 00:00:00,0.9971637370028759,0.9972801217297353
2030-10-28 01:00:00,0.9940889804141775,1.0
2030-10-28 02:00:00,0.9830794002257234,1.0
2030-10-28 03:00:00,0.9807242868141884,1.0
2030-10-28 04:00:00,0.9752940851808909,0.9994471333256885
2030-10-28 05:00:00,0.9853127004664197,0.9999888018814532
2030-10-28 06:00:00,0.958162460479238,0.9979544440120991
2030-10-28 07:00:00,0.8908022358431819,0.9964756220971082
2030-10-28 08:00:00,0.8313361328804941,0.9722424858729155
2030-10-28 09:00:00,0.8552991370852041,0.9733270699751007
2030-10-28 10:00:00,0.8218548840640669,0.971561253649536
2030-10-28 11:00:00,0.939539050183097,0.9981394421581254
2030-10-28 12:00:00,0.9966851701806452,1.0
2030-10-28 13:00:00,0.9973395460309572,1.0
2030-10-28 14:00:00,1.0,1.0
2030-10-28 15:00:00,1.0,1.0
2030-10-28 16:00:00,1.0,1.0
2030-10-28 17:00:00,1.0,1.0
2030-10-28 18:00:00,1.0,1.0
2030-10-28 19:00:00,1.0,1.0
2030-10-28 20:00:00,1.0,1.0
2030-10-28 21:00:00,1.0,1.0
2030-10-28 22:00:00,1.0,1.0
2030-10-28 23:00:00,0.9982331718921857,1.0
2030-10-29 00:00:00,1.0,1.0
2030-10-29 01:00:00,0.9992750136547297,1.0
2030-10-29 02:00:00,0.9989048879490364,1.0
2030-10-29 03:00:00,0.9994274464912244,1.0
2030-10-29 04:00:00,0.9981045358608739,1.0
2030-10-29 05:00:00,0.9982767270787472,1.0
2030-10-29 06:00:00,0.9992513823435843,1.0
2030-10-29 07:00:00,0.9992762006537877,1.0
2030-10-29 08:00:00,0.9971633682627281,1.0
2030-10-29 09:00:00,0.9970377116758516,0.9999456343288133
2030-10-29 10:00:00,1.0,1.0
2030-10-29 11:00:00,0.9979242339975952,1.0
2030-10-29 12:00:00,1.0,1.0
2030-10-29 13:00:00,1.0,1.0
2030-10-29 14:00:00,1.0,1.0
2030-10-29 15:00:00,1.0,1.0
2030-10-29 16:00:00,1.0,1.0
2030-10-29 17:00:00,1.0,1.0
2030-10-29 18:00:00,0.998688982023857,1.0
2030-10-29 19:00:00,0.9989388882170145,1.0
2030-10-29 20:00:00,0.9986246178870147,1.0
2030-10-29 21:00:00,0.9793750595965215,1.0
2030-10-29 22:00:00,0.6213554312680605,0.9596468348012486
2030-10-29 23:00:00,0.6341618948334201,0.8507558409709565
2030-10-30 00:00:00,0.8251002988453502,0.9197560978391255
2030-10-30 01:00:00,0.9016236221275072,0.9750394240104358
2030-10-30 02:00:00,0.9612806288177914,0.986800142039036
2030-10-30 03:00:00,0.9814555897190977,0.9969891087621732
2030-10-30 04:00:00,0.9674920009122177,0.9857339126312185
2030-10-30 05:00:00,0.9352442335700706,0.9716942802578569
2030-10-30 06:00:00,0.965755546528862,0.9637259876504066
2030-10-30 07:00:00,0.9971303597911017,0.9979355321954335
2030-10-30 08:00:00,0.9982930803938409,0.9997446980302366
2030-10-30 09:00:00,0.9973949724856885,0.9999130460891256
2030-10-30 10:00:00,0.8925313147680444,0.9068492248822451
2030-10-30 11:00:00,0.9775688411510093,0.984891699035508
2030-10-30 12:00:00,0.9971034381654776,0.9991729782473823
2030-10-30 13:00:00,0.9895596293765893,1.0
2030-10-30 14:00:00,0.9989752769892962,1.0
2030-10-30 15:00:00,0.9986687156096471,1.0
2030-10-30 16:00:00,1.0,1.0
2030-10-30 17:00:00,1.0,1.0
2030-10-30 18:00:00,1.0,1.0
2030-10-30 19:00:00,1.0,1.0
2030-10-30 20:00:00,1.0,1.0
2030-10-30 21:00:00,0.9978898496315366,1.0
2030-10-30 22:00:00,0.9308277474658544,0.9895808866202546
2030-10-30 23:00:00,0.8862621944084339,0.971820467238356
2030-10-31 00:00:00,0.8081504344233977,0.8794689264191633
2030-10-31 01:00:00,0.6091535580711387,0.6596116770272891
2030-10-31 02:00:00,0.3985354956592471,0.4381699127533517
2030-10-31 03:00:00,0.2697257871213119,0.3083945020446874
2030-10-31 04:00:00,0.17054978885831068,0.2131900657944567
2030-10-31 05:00:00,0.11074072638305231,0.13740638219755327
2030-10-31 06:00:00,0.06738011772449923,0.08037452115150992
2030-10-31 07:00:00,0.047431880232930775,0.054017732053166644
2030-10-31 08:00:00,0.045046976405522056,0.046207036414506054
2030-10-31 09:00:00,0.06117497325365645,0.050370626390351544
2030-10-31 10:00:00,0.05756885526628933,0.035573845735986216
2030-10-31 11:00:00,0.061529896493851564,0.06324623480158369
2030-10-31 12:00:00,0.063373316208769,0.06847815915724713
2030-10-31 13:00:00,0.10125470728026846,0.08842234408669929
2030-10-31 14:00:00,0.17653577881946558,0.1364272254142676
2030-10-31 15:00:00,0.2618404564530573,0.18667118904685484
2030-10-31 16:00:00,0.6240107288543462,0.3838064531693184
2030-10-31 17:00:00,0.4812358535781588,0.5242966699326126
2030-10-31 18:00:00,0.5680955207080176,0.6377909643851303
2030-10-31 19:00:00,0.5818217091171439,0.5925908840930876
2030-10-31 20:00:00,0.5606213982660664,0.6703738823807502
2030-10-31 21:00:00,0.4152451567122377,0.459067954997194
2030-10-31 22:00:00,0.29777090437846476,0.2969081931626827
2030-10-31 23:00:00,0.2258578611706568,0.1671797446469257
2030-11-01 00:00:00,0.16427101791522855,0.13163812943516717
2030-11-01 01:00:00,0.10384301432500755,0.08279099248597806
2030-11-01 02:00:00,0.09235322468691423,0.06897005143131077
2030-11-01 03:00:00,0.07655473400823072,0.06438759925043794
2030-11-01 04:00:00,0.06358652789959585,0.05252682201787008
2030-11-01 05:00:00,0.0391884202101077,0.0013446340316849313
2030-11-01 06:00:00,0.02408248487738617,0.029165684720688152
2030-11-01 07:00:00,0.08146551666314995,0.19436038047495507
2030-11-01 08:00:00,0.182914563418296,0.3094731205577907
2030-11-01 09:00:00,0.21295544353376905,0.2940899349432537
2030-11-01 10:00:00,0.12348534356378493,0.20646705950910405
2030-11-01 11:00:00,0.15412425116221393,0.11937384324265482
2030-11-01 12:00:00,0.25995911772674263,0.22026170717132781
2030-11-01 13:00:00,0.24489884054276267,0.2859422651672552
2030-11-01 14:00:00,0.1635332082595533,0.19513155002776092
2030-11-01 15:00:00,0.11545144139670738,0.25423666522527844
2030-11-01 16:00:00,0.14381752947921161,0.2966039187791527
2030-11-01 17:00:00,0.18753046757497546,0.31781853773019075
2030-11-01 18:00:00,0.16369927421206404,0.31895679582713454
2030-11-01 19:00:00,0.11997849769520781,0.35232492674230254
2030-11-01 20:00:00,0.07224659250170176,0.2346359936053973
2030-11-01 21:00:00,0.05673924387116991,0.08088715909483163
2030-11-01 22:00:00,0.0013118516892456798,0.0011504700220923954
2030-11-01 23:00:00,0.0443679944436578,0.0
2030-11-02 00:00:00,0.06726688369853503,0.00024596094751519454
2030-11-02 01:00:00,0.08902117023576395,0.04036361296255078
2030-11-02 02:00:00,0.10381929108934483,0.10227483553332162
2030-11-02 03:00:00,0.0962677087145338,0.11361460318921819
2030-11-02 04:00:00,0.10819874685375018,0.11339092029094114
2030-11-02 05:00:00,0.11186382901719062,0.11697595114486853
2030-11-02 06:00:00,0.08591724086973593,0.10846824445443508
2030-11-02 07:00:00,0.03192842248251076,0.07274500326773291
2030-11-02 08:00:00,0.0013414357140122133,0.042244434883242234
2030-11-02 09:00:00,0.0013375540853621092,0.03744252807778482
2030-11-02 10:00:00,0.0,0.02382060268313483
2030-11-02 11:00:00,0.00040409598761718133,0.06074134345098993
2030-11-02 12:00:00,0.0,0.03723777509007379
2030-11-02 13:00:00,0.0008574995300954111,0.030738800344511045
2030-11-02 14:00:00,0.020271353104355766,0.04830003988509369
2030-11-02 15:00:00,0.04767766566291314,0.07018100006242911
2030-11-02 16:00:00,0.06814752605564242,0.10364377799717063
2030-11-02 17:00:00,0.07655962917132764,0.13569201937962794
2030-11-02 18:00:00,0.08730588012556367,0.16465190459815715
2030-11-02 19:00:00,0.08768513118434382,0.16644804074825026
2030-11-02 20:00:00,0.08140764278300439,0.15005646912225765
2030-11-02 21:00:00,0.06684134109222006,0.11082161955910061
2030-11-02 22:00:00,0.052093518243479006,0.07743243081089891
2030-11-02 23:00:00,0.06184872981500558,0.07047478952771108
2030-11-03 00:00:00,0.07620318508052219,0.09413207388732747
2030-11-03 01:00:00,0.09356153338581055,0.14970345248739408
2030-11-03 02:00:00,0.08941416165495572,0.16669016882932747
2030-11-03 03:00:00,0.08641898086762773,0.14820334333038912
2030-11-03 04:00:00,0.08445278690101676,0.1156243126770875
2030-11-03 05:00:00,0.07442308512212209,0.11966137942919253
2030-11-03 06:00:00,0.05108916666047956,0.11196146785592803
2030-11-03 07:00:00,0.025777296826825925,0.0855609109049445
2030-11-03 08:00:00,0.0016013214018159065,0.057969205294511175
2030-11-03 09:00:00,0.0006519351550643136,0.03399148388678733
2030-11-03 10:00:00,0.0009327620366343044,0.05132606897631459
2030-11-03 11:00:00,0.0006657313665676889,0.057978623312093455
2030-11-03 12:00:00,0.010955164733373095,0.07669555591429834
2030-11-03 13:00:00,0.027714992025456263,0.08629038495758287
2030-11-03 14:00:00,0.022015917627008785,0.07378820855269344
2030-11-03 15:00:00,0.020530558277691898,0.08628323871464329
2030-11-03 16:00:00,0.03220397064748108,0.1043522748717882
2030-11-03 17:00:00,0.05228559685706714,0.1590412067469496
2030-11-03 18:00:00,0.0934745683064761,0.2770134554807566
2030-11-03 19:00:00,0.21655759978417854,0.34711039555623857
2030-11-03 20:00:00,0.22304152147068135,0.37403030093155004
2030-11-03 21:00:00,0.15335105958439105,0.3655867536157607
2030-11-03 22:00:00,0.03501311329120552,0.23046424997712234
2030-11-03 23:00:00,0.0542401649607808,0.333369981261507
2030-11-04 00:00:00,0.142583754444395,0.4755598293066472
2030-11-04 01:00:00,0.170281806791075,0.5037607999701262
2030-11-04 02:00:00,0.12400128194209373,0.42747096645780325
2030-11-04 03:00:00,0.09120799972383006,0.35972650522255867
2030-11-04 04:00:00,0.09409548183803262,0.31305173609182674
2030-11-04 05:00:00,0.07715464907146762,0.22329622469837287
2030-11-04 06:00:00,0.054137164788283,0.14525205402259841
2030-11-04 07:00:00,0.048567859303019136,0.12858834284793413
2030-11-04 08:00:00,0.037360174165956106,0.13965604845119264
2030-11-04 09:00:00,0.032933389852334655,0.14553935259948914
2030-11-04 10:00:00,0.04549178544497551,0.16932819498128038
2030-11-04 11:00:00,0.06051540457145497,0.173167719952719
2030-11-04 12:00:00,0.03594223780704556,0.15018097112645667
2030-11-04 13:00:00,0.02252941899894882,0.1127042694908093
2030-11-04 14:00:00,0.008049527689328142,0.08106193402018522
2030-11-04 15:00:00,0.0011431531218034532,0.03371962743264835
2030-11-04 16:00:00,0.0009893768608710677,0.02183073935240813
2030-11-04 17:00:00,0.0015370554338398341,0.014232781051323886
2030-11-04 18:00:00,0.00010122278499950397,0.0004299101505310248
2030-11-04 19:00:00,0.0,0.0
2030-11-04 20:00:00,0.0,0.0
2030-11-04 21:00:00,0.00016935070693378443,0.03131184567362963
2030-11-04 22:00:00,0.0014263163427964598,0.07360480500689845
2030-11-04 23:00:00,0.04844756633703373,0.08804041078579575
2030-11-05 00:00:00,0.023703328107253015,0.13151474674709518
2030-11-05 01:00:00,0.07450964449846387,0.18137053385503285
2030-11-05 02:00:00,0.1556773832188033,0.3011403794395166
2030-11-05 03:00:00,0.298231949672212,0.41312896920287473
2030-11-05 04:00:00,0.47400267070275903,0.5237518243326672
2030-11-05 05:00:00,0.5183767832801367,0.5506351670875202
2030-11-05 06:00:00,0.5196672984199641,0.5817988767109018
2030-11-05 07:00:00,0.49538713779554544,0.6018039070974683
2030-11-05 08:00:00,0.46571598812472775,0.5937212507712082
2030-11-05 09:00:00,0.4914442058074836,0.5878355369932093
2030-11-05 10:00:00,0.28441285212690587,0.3180482819699544
2030-11-05 11:00:00,0.34049843089381415,0.4190694512896517
2030-11-05 12:00:00,0.39048161749602706,0.5752663758560475
2030-11-05 13:00:00,0.49590899757826545,0.715274701792482
2030-11-05 14:00:00,0.5740871462629481,0.7889433093753287
2030-11-05 15:00:00,0.6541803845856788,0.8287448844552705
2030-11-05 16:00:00,0.72955407737357,0.8633722991851503
2030-11-05 17:00:00,0.731756912588081,0.8863457849674592
2030-11-05 18:00:00,0.7229704933305743,0.8684997659234499
2030-11-05 19:00:00,0.6939480535881544,0.8534760359296322
2030-11-05 20:00:00,0.6845236789406346,0.8206277063092378
2030-11-05 21:00:00,0.5805782005217637,0.6941714484626392
2030-11-05 22:00:00,0.37270232941161263,0.48319823692595415
2030-11-05 23:00:00,0.2626243724788347,0.3354357149265079
2030-11-06 00:00:00,0.24504007150456214,0.313668454521757
2030-11-06 01:00:00,0.22848121683944284,0.3136592093163983
2030-11-06 02:00:00,0.2501303638298719,0.35682146387644204
2030-11-06 03:00:00,0.2992198974580924,0.4903653852690378
2030-11-06 04:00:00,0.3242404606541645,0.526259000239844
2030-11-06 05:00:00,0.33465008652464423,0.4931362632146657
2030-11-06 06:00:00,0.31996865344851205,0.44487480691349396
2030-11-06 07:00:00,0.2708236711694935,0.3729496716795351
2030-11-06 08:00:00,0.21145015254986024,0.28692043927075633
2030-11-06 09:00:00,0.2154699729670853,0.29082679561810243
2030-11-06 10:00:00,0.04547489843548937,0.09648368223321316
2030-11-06 11:00:00,0.08420942022833607,0.1202385737030898
2030-11-06 12:00:00,0.30224549846574134,0.21653463216259997
2030-11-06 13:00:00,0.5145733240214931,0.5598174773778953
2030-11-06 14:00:00,0.6540554672947646,0.7293359309996272
2030-11-06 15:00:00,0.69687214554096,0.7669412023102884
2030-11-06 16:00:00,0.7025129307950823,0.6631510676253499
2030-11-06 17:00:00,0.7469674992221161,0.6466451467122949
2030-11-06 18:00:00,0.8051655640575528,0.67824990197002
2030-11-06 19:00:00,0.8519320057392176,0.7165552561607071
2030-11-06 20:00:00,0.87739155328768,0.7389795177992449
2030-11-06 21:00:00,0.8446106678254205,0.6901326823569437
2030-11-06 22:00:00,0.5681367718223391,0.4739811750580395
2030-11-06 23:00:00,0.5717394756040464,0.3849452844084261
2030-11-07 00:00:00,0.7436287212131152,0.4624929540390534
2030-11-07 01:00:00,0.8979963500503352,0.6325576669604958
2030-11-07 02:00:00,0.9344887883057832,0.7107640866076771
2030-11-07 03:00:00,0.9160061545016497,0.6999778510883324
2030-11-07 04:00:00,0.9003600909061771,0.6748859242946771
2030-11-07 05:00:00,0.9180674284950685,0.7141046391880812
2030-11-07 06:00:00,0.9403506546821452,0.7387055817428075
2030-11-07 07:00:00,0.9740068510919204,0.7966466121078637
2030-11-07 08:00:00,0.979710016579979,0.8117671243582437
2030-11-07 09:00:00,0.9784242147307767,0.7909647142685445
2030-11-07 10:00:00,0.2974576224400321,0.22605639707427017
2030-11-07 11:00:00,0.5832466170253423,0.47509465364506026
2030-11-07 12:00:00,0.7865873177110686,0.6883645404287608
2030-11-07 13:00:00,0.9664571791235717,0.9301003174493854
2030-11-07 14:00:00,0.9993482005000697,1.0
2030-11-07 15:00:00,0.9999808640298674,1.0
2030-11-07 16:00:00,1.0,1.0
2030-11-07 17:00:00,1.0,1.0
2030-11-07 18:00:00,1.0,1.0
2030-11-07 19:00:00,1.0,1.0
2030-11-07 20:00:00,1.0,1.0
2030-11-07 21:00:00,1.0,1.0
2030-11-07 22:00:00,1.0,1.0
2030-11-07 23:00:00,1.0,1.0
2030-11-08 00:00:00,1.0,1.0
2030-11-08 01:00:00,1.0,1.0
2030-11-08 02:00:00,1.0,1.0
2030-11-08 03:00:00,1.0,1.0
2030-11-08 04:00:00,1.0,1.0
2030-11-08 05:00:00,1.0,1.0
2030-11-08 06:00:00,1.0,1.0
2030-11-08 07:00:00,1.0,1.0
2030-11-08 08:00:00,1.0,1.0
2030-11-08 09:00:00,0.9990801143019007,0.9988449142291216
2030-11-08 10:00:00,0.172359778395413,0.266167232606066
2030-11-08 11:00:00,0.22182113276983995,0.26573978209349575
2030-11-08 12:00:00,0.6540805475085008,0.600536856479502
2030-11-08 13:00:00,0.935470467701193,0.9684217331952825
2030-11-08 14:00:00,0.9993231892848115,1.0
2030-11-08 15:00:00,1.0,1.0
2030-11-08 16:00:00,1.0,1.0
2030-11-08 17:00:00,1.0,1.0
2030-11-08 18:00:00,1.0,1.0
2030-11-08 19:00:00,1.0,1.0
2030-11-08 20:00:00,0.998239939261947,1.0
2030-11-08 21:00:00,0.9670502256511162,0.9992241455212719
2030-11-08 22:00:00,0.6321930336957567,0.8909557779861369
2030-11-08 23:00:00,0.5696335728721142,0.7955016564520676
2030-11-09 00:00:00,0.4698836456155266,0.7229490833296174
2030-11-09 01:00:00,0.45219830589902804,0.6776422652944498
2030-11-09 02:00:00,0.5648150609080569,0.7581747864741493
2030-11-09 03:00:00,0.6250110011008005,0.7035074771490132
2030-11-09 04:00:00,0.39045764284970447,0.44581075279740534
2030-11-09 05:00:00,0.18519731938445247,0.20766022535157044
2030-11-09 06:00:00,0.08118067785660724,0.1251967860266518
2030-11-09 07:00:00,0.04249684547829036,0.09809408739080305
2030-11-09 08:00:00,0.021709709103777196,0.08996550317894583
2030-11-09 09:00:00,0.0295188292599433,0.10635221517173406
2030-11-09 10:00:00,0.010500279093257667,0.09198100276187014
2030-11-09 11:00:00,0.050126333311313984,0.12591328945413055
2030-11-09 12:00:00,0.1264521954106112,0.18874079911904604
2030-11-09 13:00:00,0.25767862619117593,0.26147527662754955
2030-11-09 14:00:00,0.3039632184203496,0.30517937989219146
2030-11-09 15:00:00,0.2872514490319239,0.39601470968099417
2030-11-09 16:00:00,0.28214102289991777,0.46304836818370954
2030-11-09 17:00:00,0.2533405914589248,0.443539348210514
2030-11-09 18:00:00,0.17171979718421373,0.3318070430892775
2030-11-09 19:00:00,0.0993621584095443,0.29160259902346564
2030-11-09 20:00:00,0.09371942846100736,0.4156370028911688
2030-11-09 21:00:00,0.11618963392453577,0.429883168078671
2030-11-09 22:00:00,0.04737405174359782,0.14124274625523853
2030-11-09 23:00:00,0.13716406155107544,0.27484970616737214
2030-11-10 00:00:00,0.39689522476432737,0.3982009049700639
2030-11-10 01:00:00,0.5694470399687764,0.49698498588353623
2030-11-10 02:00:00,0.6736966106616507,0.6577597333977787
2030-11-10 03:00:00,0.657660742973585,0.7118534360195481
2030-11-10 04:00:00,0.6195431458601915,0.6679675769452479
2030-11-10 05:00:00,0.6186173059074228,0.6220349957032705
2030-11-10 06:00:00,0.5691670879044264,0.5189748748839166
2030-11-10 07:00:00,0.4714940182885779,0.36465494533819426
2030-11-10 08:00:00,0.3709969413139467,0.2103040977719227
2030-11-10 09:00:00,0.2184403633136021,0.09548512457829582
2030-11-10 10:00:00,0.026046793479638237,0.0016271138178122768
2030-11-10 11:00:00,0.008417709508700645,0.0012796349245409225
2030-11-10 12:00:00,0.006914097592598937,0.001129888708545795
2030-11-10 13:00:00,0.03216441923496794,0.004366987554880959
2030-11-10 14:00:00,0.049726995129721896,0.04464779142531854
2030-11-10 15:00:00,0.0880782802375608,0.1527675668655883
2030-11-10 16:00:00,0.15485240109294204,0.269063459564247
2030-11-10 17:00:00,0.2480486846016547,0.39049840532885993
2030-11-10 18:00:00,0.41399135011171995,0.5032960549162689
2030-11-10 19:00:00,0.5940135388586686,0.549240559830659
2030-11-10 20:00:00,0.5945817140090194,0.5231863542646638
2030-11-10 21:00:00,0.555501884127884,0.434638335749065
2030-11-10 22:00:00,0.5046488708110106,0.4191848509095931
2030-11-10 23:00:00,0.4140193930541895,0.3493703938210364
2030-11-11 00:00:00,0.42645986936898217,0.3103892336202936
2030-11-11 01:00:00,0.42821276253462437,0.2666341952789494
2030-11-11 02:00:00,0.38884097584774796,0.203150084288579
2030-11-11 03:00:00,0.3142568972811983,0.12864380660203706
2030-11-11 04:00:00,0.25939800665003854,0.0920412038705061
2030-11-11 05:00:00,0.22198988676875467,0.10419576460135728
2030-11-11 06:00:00,0.24704841776018865,0.17033023747445317
2030-11-11 07:00:00,0.29042595152528355,0.2803284810134462
2030-11-11 08:00:00,0.3616798511622223,0.38263344038696034
2030-11-11 09:00:00,0.3790534462930141,0.3993708374472782
2030-11-11 10:00:00,0.2843349076565555,0.3138929183961865
2030-11-11 11:00:00,0.2645302268357309,0.20450603843588694
2030-11-11 12:00:00,0.17652781129262074,0.07978434172030102
2030-11-11 13:00:00,0.115223325870702,0.036017796056146315
2030-11-11 14:00:00,0.09489792136264637,0.012151877419600129
2030-11-11 15:00:00,0.16820409368433126,0.09007450750982643
2030-11-11 16:00:00,0.47446487527923514,0.3461693233517024
2030-11-11 17:00:00,0.5722078259831871,0.41787317059097695
2030-11-11 18:00:00,0.68107183580091,0.49520923789135124
2030-11-11 19:00:00,0.9682547715670169,0.8605915402989857
2030-11-11 20:00:00,0.9908758344902598,0.9967795266899262
2030-11-11 21:00:00,0.9922062521977474,0.9979456113751022
2030-11-11 22:00:00,0.8929038444743731,0.9679371428943034
2030-11-11 23:00:00,0.8151730979944349,0.9038697929848091
2030-11-12 00:00:00,0.8675183686611515,0.9536244121530748
2030-11-12 01:00:00,0.8747606551694314,0.9633536064976402
2030-11-12 02:00:00,0.8865438880606558,0.9565922277113934
2030-11-12 03:00:00,0.8465304300590178,0.9176626458542829
2030-11-12 04:00:00,0.7168400928782551,0.8247770136424943
2030-11-12 05:00:00,0.5978528887862311,0.6612408502136032
2030-11-12 06:00:00,0.5260909209662774,0.5555200023617972
2030-11-12 07:00:00,0.4558701768451147,0.45248983194062536
2030-11-12 08:00:00,0.4036923551924009,0.39053812416000383
2030-11-12 09:00:00,0.3787299769671096,0.3465289359098091
2030-11-12 10:00:00,0.20442722193724838,0.16298317318893832
2030-11-12 11:00:00,0.3286993870689021,0.1595531781116067
2030-11-12 12:00:00,0.2734597700373167,0.10816026346337214
2030-11-12 13:00:00,0.43453970031950706,0.2312607023903144
2030-11-12 14:00:00,0.7260049391273232,0.5012003174575934
2030-11-12 15:00:00,0.9779717195818336,0.7369433909590439
2030-11-12 16:00:00,0.9100265624935189,0.8255967340060968
2030-11-12 17:00:00,0.9271622377691068,0.8283474971522783
2030-11-12 18:00:00,0.9641223249224065,0.85209901529085
2030-11-12 19:00:00,0.9517883938381664,0.8462563941179038
2030-11-12 20:00:00,0.9773257808107839,0.8794584124882575
2030-11-12 21:00:00,0.9980947670748951,0.9975583962995848
2030-11-12 22:00:00,0.9708721076657361,0.9422984820403775
2030-11-12 23:00:00,0.9980382937481137,0.993813323862276
2030-11-13 00:00:00,0.9972322848761788,0.9962390621534092
2030-11-13 01:00:00,0.9781688950327825,0.9761623257134551
2030-11-13 02:00:00,0.9303295650130496,0.9622701013521875
2030-11-13 03:00:00,0.8812132562245686,0.9028173508682951
2030-11-13 04:00:00,0.8529106943524529,0.8455030579777056
2030-11-13 05:00:00,0.8458345153136323,0.8604688828586765
2030-11-13 06:00:00,0.864469967565321,0.8795863833782408
2030-11-13 07:00:00,0.8859963799567554,0.885382927131707
2030-11-13 08:00:00,0.8993043572536039,0.8811155957517649
2030-11-13 09:00:00,0.9376022380675838,0.9046148385348458
2030-11-13 10:00:00,0.738951575685726,0.6890845468586253
2030-11-13 11:00:00,0.9469363833193305,0.8942137896141695
2030-11-13 12:00:00,0.9991947298075697,0.9995129786510359
2030-11-13 13:00:00,1.0,1.0
2030-11-13 14:00:00,1.0,1.0
2030-11-13 15:00:00,1.0,1.0
2030-11-13 16:00:00,1.0,1.0
2030-11-13 17:00:00,1.0,1.0
2030-11-13 18:00:00,1.0,1.0
2030-11-13 19:00:00,1.0,1.0
2030-11-13 20:00:00,0.9912786760265995,1.0
2030-11-13 21:00:00,0.8699037027832683,0.9983922659879848
2030-11-13 22:00:00,0.7475259528162562,0.9627005907579573
2030-11-13 23:00:00,0.754252816249769,0.9413996793755771
2030-11-14 00:00:00,0.7676156721994986,0.9070880554917511
2030-11-14 01:00:00,0.7480828964408704,0.9465552401612728
2030-11-14 02:00:00,0.7520900100256707,0.9711083828445932
2030-11-14 03:00:00,0.8440653280678162,0.9709640384188736
2030-11-14 04:00:00,0.8700970811135994,0.9847614131725604
2030-11-14 05:00:00,0.8797214902678697,0.9857504272062326
2030-11-14 06:00:00,0.8825608784119767,0.9836027050318743
2030-11-14 07:00:00,0.8843747187947607,0.9772745528685722
2030-11-14 08:00:00,0.8918101902149905,0.979103360207908
2030-11-14 09:00:00,0.9218966103352173,0.9882297821198203
2030-11-14 10:00:00,0.5469509239203182,0.7458576620637131
2030-11-14 11:00:00,0.8027396329175409,0.9700911057947986
2030-11-14 12:00:00,0.792114322772079,0.9776333087288998
2030-11-14 13:00:00,0.8436176618271508,0.9808484142079849
2030-11-14 14:00:00,0.8924607004738628,0.9943739357364357
2030-11-14 15:00:00,0.9554004046632978,0.9977953220558792
2030-11-14 16:00:00,0.9979572702458879,1.0
2030-11-14 17:00:00,1.0,1.0
2030-11-14 18:00:00,1.0,1.0
2030-11-14 19:00:00,0.9993264129210155,1.0
2030-11-14 20:00:00,0.9995019617496588,1.0
2030-11-14 21:00:00,0.9984246865050953,1.0
2030-11-14 22:00:00,1.0,1.0
2030-11-14 23:00:00,1.0,1.0
2030-11-15 00:00:00,0.9993734424621399,1.0
2030-11-15 01:00:00,0.9982938233306277,1.0
2030-11-15 02:00:00,1.0,1.0
2030-11-15 03:00:00,1.0,1.0
2030-11-15 04:00:00,1.0,1.0
2030-11-15 05:00:00,1.0,1.0
2030-11-15 06:00:00,1.0,1.0
2030-11-15 07:00:00,1.0,1.0
2030-11-15 08:00:00,1.0,1.0
2030-11-15 09:00:00,1.0,1.0
2030-11-15 10:00:00,1.0,1.0
2030-11-15 11:00:00,1.0,1.0
2030-11-15 12:00:00,1.0,1.0
2030-11-15 13:00:00,1.0,1.0
2030-11-15 14:00:00,1.0,1.0
2030-11-15 15:00:00,1.0,1.0
2030-11-15 16:00:00,1.0,1.0
2030-11-15 17:00:00,1.0,1.0
2030-11-15 18:00:00,1.0,1.0
2030-11-15 19:00:00,1.0,1.0
2030-11-15 20:00:00,1.0,1.0
2030-11-15 21:00:00,1.0,1.0
2030-11-15 22:00:00,0.9901348039504553,0.9988591818620245
2030-11-15 23:00:00,0.9700014730384885,1.0
2030-11-16 00:00:00,0.9826666977996755,1.0
2030-11-16 01:00:00,0.9970201085963287,0.9994907116833538
2030-11-16 02:00:00,0.9945808884931209,0.9990343716488234
2030-11-16 03:00:00,0.9984130006393885,1.0
2030-11-16 04:00:00,0.9987197111379955,1.0
2030-11-16 05:00:00,0.9988886258467876,1.0
2030-11-16 06:00:00,0.9989476241813773,1.0
2030-11-16 07:00:00,1.0,1.0
2030-11-16 08:00:00,1.0,1.0
2030-11-16 09:00:00,1.0,1.0
2030-11-16 10:00:00,1.0,1.0
2030-11-16 11:00:00,1.0,1.0
2030-11-16 12:00:00,1.0,1.0
2030-11-16 13:00:00,1.0,1.0
2030-11-16 14:00:00,1.0,1.0
2030-11-16 15:00:00,1.0,1.0
2030-11-16 16:00:00,1.0,1.0
2030-11-16 17:00:00,1.0,1.0
2030-11-16 18:00:00,1.0,1.0
2030-11-16 19:00:00,1.0,1.0
2030-11-16 20:00:00,0.9990476729981412,1.0
2030-11-16 21:00:00,0.9972206070019548,1.0
2030-11-16 22:00:00,0.9372384903735926,0.9974564430773408
2030-11-16 23:00:00,0.9401838686821988,0.9979424253165117
2030-11-17 00:00:00,0.9842267895637858,0.9999649598248702
2030-11-17 01:00:00,0.9955207444237614,1.0
2030-11-17 02:00:00,0.9989960802022775,1.0
2030-11-17 03:00:00,0.9972485404144602,1.0
2030-11-17 04:00:00,0.9788147542292169,0.9992480010557422
2030-11-17 05:00:00,0.9849799643961431,1.0
2030-11-17 06:00:00,0.9928887399471438,1.0
2030-11-17 07:00:00,0.978211392244241,0.9999773550708627
2030-11-17 08:00:00,0.9747282674141453,0.9992523026517443
2030-11-17 09:00:00,0.9828933712703481,0.9997248648998857
2030-11-17 10:00:00,0.9834226979681824,0.999855053329275
2030-11-17 11:00:00,0.9853151188246788,1.0
2030-11-17 12:00:00,0.9995860358723023,1.0
2030-11-17 13:00:00,0.9998086900032463,1.0
2030-11-17 14:00:00,0.998572921194551,1.0
2030-11-17 15:00:00,0.9995929426297663,1.0
2030-11-17 16:00:00,0.999755450914848,1.0
2030-11-17 17:00:00,1.0,1.0
2030-11-17 18:00:00,1.0,1.0
2030-11-17 19:00:00,0.999771454421872,1.0
2030-11-17 20:00:00,0.9971000059069668,1.0
2030-11-17 21:00:00,0.9975268102793196,1.0
2030-11-17 22:00:00,0.9881667019690435,1.0
2030-11-17 23:00:00,0.9725287578956207,1.0
2030-11-18 00:00:00,0.681512119105519,0.9733458660924179
2030-11-18 01:00:00,0.6968162301140757,0.8988058253565071
2030-11-18 02:00:00,0.6728513664531495,0.8639410197207189
2030-11-18 03:00:00,0.6647722610158647,0.7649678560922157
2030-11-18 04:00:00,0.6097358238389242,0.6832987149032855
2030-11-18 05:00:00,0.6390061973024754,0.6569254888596963
2030-11-18 06:00:00,0.6699698989878741,0.6724711165358916
2030-11-18 07:00:00,0.7361742968185411,0.7232696106907658
2030-11-18 08:00:00,0.7044578106263122,0.7782576676806643
2030-11-18 09:00:00,0.6478583815111265,0.7630438502513642
2030-11-18 10:00:00,0.8432735937540428,0.9024203390926464
2030-11-18 11:00:00,0.8100620445452704,0.9698369825660043
2030-11-18 12:00:00,0.9586099457079358,0.9908347877896707
2030-11-18 13:00:00,0.9983668770725755,0.9983265956444863
2030-11-18 14:00:00,0.99806249577012,1.0
2030-11-18 15:00:00,0.9995515892680112,1.0
2030-11-18 16:00:00,0.9993429541664018,1.0
2030-11-18 17:00:00,0.9993610252301728,1.0
2030-11-18 18:00:00,0.9990084493664059,1.0
2030-11-18 19:00:00,0.9901017330048935,1.0
2030-11-18 20:00:00,0.9850760121880994,1.0
2030-11-18 21:00:00,0.9732389940479448,1.0
2030-11-18 22:00:00,0.8642233335293353,0.9843435728449329
2030-11-18 23:00:00,0.8321701737487716,0.9764885091331571
2030-11-19 00:00:00,0.9622077218636252,0.9973055283013267
2030-11-19 01:00:00,0.9799458297168899,0.9986787004487441
2030-11-19 02:00:00,0.9888342527646836,0.9993034286604993
2030-11-19 03:00:00,0.9874198687601078,0.99838233547522
2030-11-19 04:00:00,0.9832837710974566,0.9972504973177936
2030-11-19 05:00:00,0.9823542028097654,0.9922436974779029
2030-11-19 06:00:00,0.9794195807378576,0.9924932464751142
2030-11-19 07:00:00,0.9703269400369112,0.988274602717027
2030-11-19 08:00:00,0.948210343800619,0.982607702845577
2030-11-19 09:00:00,0.9104409176983534,0.9780763944497127
2030-11-19 10:00:00,0.2828353949285946,0.4119095603339133
2030-11-19 11:00:00,0.5662424744819732,0.7019384766136444
2030-11-19 12:00:00,0.8321688005623546,0.9527083039415748
2030-11-19 13:00:00,0.9062578031784301,0.9751889434412891
2030-11-19 14:00:00,0.8528329303576063,0.9894725204557776
2030-11-19 15:00:00,0.8311805465831826,0.9797994492653013
2030-11-19 16:00:00,0.8551819274226192,0.9831791288651228
2030-11-19 17:00:00,0.868004581319941,0.9882764848971816
2030-11-19 18:00:00,0.8930777400596533,0.9950761044930461
2030-11-19 19:00:00,0.8867728174718675,0.9967996941803111
2030-11-19 20:00:00,0.893015445968927,0.9967905467428819
2030-11-19 21:00:00,0.8407837256063584,0.9688306379460743
2030-11-19 22:00:00,0.49401598499085025,0.6105523917165885
2030-11-19 23:00:00,0.5399598681605575,0.6294048442835307
2030-11-20 00:00:00,0.6523431092498584,0.704670894053788
2030-11-20 01:00:00,0.7254740978519553,0.7584201643804112
2030-11-20 02:00:00,0.7890362311756927,0.8225310005823737
2030-11-20 03:00:00,0.801820066746256,0.8224581748748004
2030-11-20 04:00:00,0.7608802911800474,0.7439449481110216
2030-11-20 05:00:00,0.700452097699847,0.6435997566794971
2030-11-20 06:00:00,0.701769748234469,0.6188873538865906
2030-11-20 07:00:00,0.7092866129344166,0.6216012955854875
2030-11-20 08:00:00,0.7736392040151168,0.6961469794813752
2030-11-20 09:00:00,0.787505548982199,0.7340530879818186
2030-11-20 10:00:00,0.13782026661788987,0.14688526771949817
2030-11-20 11:00:00,0.19112004882327696,0.15572728300976632
2030-11-20 12:00:00,0.5506279535386808,0.358446904813415
2030-11-20 13:00:00,0.9205697976333332,0.7029354386916996
2030-11-20 14:00:00,0.9793173297973599,0.9330580649531344
2030-11-20 15:00:00,0.9692472635328692,0.9523970783742439
2030-11-20 16:00:00,0.9090208885065797,0.9094289184883632
2030-11-20 17:00:00,0.9211714045202883,0.9217972031010934
2030-11-20 18:00:00,0.8961412964766174,0.925457182266511
2030-11-20 19:00:00,0.8286127641264458,0.8781355924537316
2030-11-20 20:00:00,0.614460408889169,0.7293762700166122
2030-11-20 21:00:00,0.5393752935747904,0.5683668290239288
2030-11-20 22:00:00,0.26825080810358687,0.311596609278659
2030-11-20 23:00:00,0.13440694473930687,0.1446382932619119
2030-11-21 00:00:00,0.08352077968726357,0.06397583053631305
2030-11-21 01:00:00,0.03873232247913076,0.0010616384423067565
2030-11-21 02:00:00,0.05300349738689211,0.0
2030-11-21 03:00:00,0.09172130612678922,0.05419932168820114
2030-11-21 04:00:00,0.1930690696850012,0.15561769900488706
2030-11-21 05:00:00,0.21773764450973443,0.16164989529232532
2030-11-21 06:00:00,0.19696102079776442,0.1951359340278205
2030-11-21 07:00:00,0.21108980059909146,0.16408457088234107
2030-11-21 08:00:00,0.19471271448889949,0.08025758511442416
2030-11-21 09:00:00,0.16481112840556797,0.03798420373344413
2030-11-21 10:00:00,0.20053899275392276,0.06991159335367306
2030-11-21 11:00:00,0.14678081168991142,0.010212911969295592
2030-11-21 12:00:00,0.10553478596255493,0.0005049772116364532
2030-11-21 13:00:00,0.48025775053842723,0.04402084511419024
2030-11-21 14:00:00,0.6236915192743573,0.496625937792693
2030-11-21 15:00:00,0.5791785493511787,0.5432221955058723
2030-11-21 16:00:00,0.6707996449771068,0.5921098796717006
2030-11-21 17:00:00,0.5817981670341164,0.6535139850061368
2030-11-21 18:00:00,0.6220553252285896,0.7196517846416026
2030-11-21 19:00:00,0.5552870184202372,0.5892542777795275
2030-11-21 20:00:00,0.4422553196273774,0.4606690610628574
2030-11-21 21:00:00,0.457511437011097,0.44444387765396387
2030-11-21 22:00:00,0.3330405696929719,0.21383385470116562
2030-11-21 23:00:00,0.4296550830256438,0.27146853609985144
2030-11-22 00:00:00,0.5211251901462078,0.4846158501881709
2030-11-22 01:00:00,0.5186242626926789,0.6175140630933516
2030-11-22 02:00:00,0.5229625459076994,0.6106504773909799
2030-11-22 03:00:00,0.5608948528124524,0.5643043025187595
2030-11-22 04:00:00,0.5959111381555853,0.5465549284803666
2030-11-22 05:00:00,0.4597760104534605,0.3456560034367765
2030-11-22 06:00:00,0.33146779938078585,0.13201394431856647
2030-11-22 07:00:00,0.3228096100544199,0.08692544129336485
2030-11-22 08:00:00,0.47244620907274304,0.19170674516984879
2030-11-22 09:00:00,0.6241862751171106,0.37916462732384815
2030-11-22 10:00:00,0.7274026542997472,0.49678040533395834
2030-11-22 11:00:00,0.747713110716898,0.5706653813864853
2030-11-22 12:00:00,0.7267188871770549,0.594319422044132
2030-11-22 13:00:00,0.8168396137265044,0.7851529150079516
2030-11-22 14:00:00,0.5836439709186692,0.5879028153994768
2030-11-22 15:00:00,0.563152142726112,0.5337767010321093
2030-11-22 16:00:00,0.6040959603245126,0.5334749266906251
2030-11-22 17:00:00,0.634516251683332,0.634802597529585
2030-11-22 18:00:00,0.6199541947628032,0.7113580197915591
2030-11-22 19:00:00,0.5784789098699523,0.6984793513659604
2030-11-22 20:00:00,0.4467944350489524,0.46874954278617725
2030-11-22 21:00:00,0.32128048314961755,0.40796703131293377
2030-11-22 22:00:00,0.27087295565623626,0.31130147685056225
2030-11-22 23:00:00,0.24232227911219006,0.21961726050287075
2030-11-23 00:00:00,0.19162143947912463,0.1434911248537619
2030-11-23 01:00:00,0.11179082205267528,0.08880184435946345
2030-11-23 02:00:00,0.12315009456411843,0.09010059844150128
2030-11-23 03:00:00,0.12887375891176456,0.07636836603869172
2030-11-23 04:00:00,0.07522377408183836,0.0016176226659787422
2030-11-23 05:00:00,0.03315062832898533,0.0
2030-11-23 06:00:00,0.0006095575540047733,0.0
2030-11-23 07:00:00,0.0004157962334242526,0.029311376367585205
2030-11-23 08:00:00,0.07945159686275344,0.06959622758414674
2030-11-23 09:00:00,0.13093592206481072,0.04777764190179124
2030-11-23 10:00:00,0.07778658655354251,0.029701425046694253
2030-11-23 11:00:00,0.0001865394715842866,0.08354345981496872
2030-11-23 12:00:00,0.0,0.0007236156230314605
2030-11-23 13:00:00,0.00019129588393447481,0.04492907096280816
2030-11-23 14:00:00,0.14042375253347378,0.5855650942979667
2030-11-23 15:00:00,0.618215049353533,0.9865331438352284
2030-11-23 16:00:00,0.840723053866205,0.9990150477129242
2030-11-23 17:00:00,0.9615368697534994,0.9986256950023956
2030-11-23 18:00:00,0.9530153993977575,0.9898543475596037
2030-11-23 19:00:00,0.901525740838916,0.9799718211929234
2030-11-23 20:00:00,0.8389215818874384,0.9678364880104628
2030-11-23 21:00:00,0.7557291632908658,0.9254267011353325
2030-11-23 22:00:00,0.589623799982164,0.8929548033608471
2030-11-23 23:00:00,0.5023005556882872,0.7916113724032137
2030-11-24 00:00:00,0.4879183297181224,0.7034451270520872
2030-11-24 01:00:00,0.559549469353015,0.7787735594864479
2030-11-24 02:00:00,0.645010001659176,0.806416324398223
2030-11-24 03:00:00,0.7362421839538387,0.8566012965394166
2030-11-24 04:00:00,0.7829486991493895,0.8752870683724567
2030-11-24 05:00:00,0.8220586580316909,0.8990106335655709
2030-11-24 06:00:00,0.8448643619889373,0.8980226997365762
2030-11-24 07:00:00,0.8514646157852829,0.8979202983323038
2030-11-24 08:00:00,0.8388212039827672,0.9307765877369635
2030-11-24 09:00:00,0.7813961512692276,0.9425704828285676
2030-11-24 10:00:00,0.23012915126442055,0.42578201287404416
2030-11-24 11:00:00,0.4368536726851987,0.7088797592778043
2030-11-24 12:00:00,0.5715664480205446,0.9055948381077419
2030-11-24 13:00:00,0.6340446158952598,0.9592453987446055
2030-11-24 14:00:00,0.7020414187163634,0.9762355306387304
2030-11-24 15:00:00,0.8175781413115875,0.9857065996222937
2030-11-24 16:00:00,0.8456547290924346,0.9875155902159911
2030-11-24 17:00:00,0.8682473322020602,0.9900421571354515
2030-11-24 18:00:00,0.8426679198488466,0.9721377329568184
2030-11-24 19:00:00,0.737863814232936,0.9078318807095953
2030-11-24 20:00:00,0.6902731624821725,0.8415307935572071
2030-11-24 21:00:00,0.7365515317521095,0.8143815619402827
2030-11-24 22:00:00,0.396297768100624,0.5636516082823404
2030-11-24 23:00:00,0.39193491234484507,0.3753766126478365
2030-11-25 00:00:00,0.27459604522339637,0.26414473529896526
2030-11-25 01:00:00,0.21287865914517645,0.183016774858807
2030-11-25 02:00:00,0.19786604713304742,0.20723912717731308
2030-11-25 03:00:00,0.23223556980301438,0.2099749491921876
2030-11-25 04:00:00,0.16724823298890273,0.1017457716686208
2030-11-25 05:00:00,0.12252090927176007,0.027866345899461253
2030-11-25 06:00:00,0.08515083677503042,0.0005511024514340265
2030-11-25 07:00:00,0.05778240489015982,0.0
2030-11-25 08:00:00,0.03938704666708658,0.0
2030-11-25 09:00:00,0.009173839930132679,0.0
2030-11-25 10:00:00,0.0242250872659569,0.000203758969093354
2030-11-25 11:00:00,0.021044418693947894,0.0
2030-11-25 12:00:00,0.038127582892878306,0.0005195590221377157
2030-11-25 13:00:00,0.09403925060762203,0.07473517835475421
2030-11-25 14:00:00,0.19287305213830652,0.3716407153214251
2030-11-25 15:00:00,0.24711794322956543,0.5551170239408647
2030-11-25 16:00:00,0.16761383350581655,0.5216382484868778
2030-11-25 17:00:00,0.2118671376816959,0.5001719369705994
2030-11-25 18:00:00,0.27858328909552854,0.688584759037277
2030-11-25 19:00:00,0.3719533610015575,0.7862634917367588
2030-11-25 20:00:00,0.4552537089039129,0.863922313546821
2030-11-25 21:00:00,0.6519872866147681,0.9712456207064154
2030-11-25 22:00:00,0.6040236161801096,0.9347550398610783
2030-11-25 23:00:00,0.6859974922721148,0.970694379311284
2030-11-26 00:00:00,0.6454920073310968,0.9339741101041156
2030-11-26 01:00:00,0.6967089707986851,0.8921882308636082
2030-11-26 02:00:00,0.6257185547483943,0.9083001492378444
2030-11-26 03:00:00,0.5651835594648454,0.6871450551859187
2030-11-26 04:00:00,0.6866748374376863,0.7065752755238267
2030-11-26 05:00:00,0.818799754094464,0.7933185878010169
2030-11-26 06:00:00,0.8899127080373725,0.911833901970757
2030-11-26 07:00:00,0.9700397900670358,0.9843644220642475
2030-11-26 08:00:00,0.9816948400067376,0.9984409018358368
2030-11-26 09:00:00,0.9781341368762221,0.999656978574169
2030-11-26 10:00:00,0.9836694122789459,1.0
2030-11-26 11:00:00,0.9987708241407791,1.0
2030-11-26 12:00:00,0.9998076337567474,1.0
2030-11-26 13:00:00,1.0,1.0
2030-11-26 14:00:00,1.0,1.0
2030-11-26 15:00:00,0.9977933577120947,1.0
2030-11-26 16:00:00,0.994472299648239,1.0
2030-11-26 17:00:00,0.9975917217419916,1.0
2030-11-26 18:00:00,0.9986570351958135,1.0
2030-11-26 19:00:00,0.8227295500940148,0.8554933474350261
2030-11-26 20:00:00,0.8157355369673882,0.45926373026761724
2030-11-26 21:00:00,0.9978335707005075,0.7622474256540768
2030-11-26 22:00:00,0.9979136386507479,0.8377708966324112
2030-11-26 23:00:00,0.9897836245232334,0.7280256883359149
2030-11-27 00:00:00,0.9943544109697772,0.7437395284095336
2030-11-27 01:00:00,0.9968178337161026,0.9230397486946871
2030-11-27 02:00:00,0.9982396842744358,0.9977816636061533
2030-11-27 03:00:00,0.9990144069171579,1.0
2030-11-27 04:00:00,1.0,1.0
2030-11-27 05:00:00,1.0,1.0
2030-11-27 06:00:00,1.0,1.0
2030-11-27 07:00:00,1.0,1.0
2030-11-27 08:00:00,1.0,1.0
2030-11-27 09:00:00,0.9987856155355865,1.0
2030-11-27 10:00:00,0.983064393813949,1.0
2030-11-27 11:00:00,0.999241966590691,1.0
2030-11-27 12:00:00,1.0,1.0
2030-11-27 13:00:00,1.0,1.0
2030-11-27 14:00:00,1.0,1.0
2030-11-27 15:00:00,1.0,1.0
2030-11-27 16:00:00,1.0,1.0
2030-11-27 17:00:00,1.0,1.0
2030-11-27 18:00:00,1.0,1.0
2030-11-27 19:00:00,1.0,1.0
2030-11-27 20:00:00,1.0,1.0
2030-11-27 21:00:00,1.0,1.0
2030-11-27 22:00:00,0.9985311071855296,1.0
2030-11-27 23:00:00,0.9981835846224363,1.0
2030-11-28 00:00:00,1.0,1.0
2030-11-28 01:00:00,1.0,1.0
2030-11-28 02:00:00,1.0,1.0
2030-11-28 03:00:00,1.0,1.0
2030-11-28 04:00:00,1.0,1.0
2030-11-28 05:00:00,1.0,1.0
2030-11-28 06:00:00,1.0,1.0
2030-11-28 07:00:00,0.999822003371026,1.0
2030-11-28 08:00:00,0.9980385122590449,1.0
2030-11-28 09:00:00,0.9958717842751014,1.0
2030-11-28 10:00:00,0.8586408271166202,0.9845743631327396
2030-11-28 11:00:00,0.9694999035873276,0.999447428838202
2030-11-28 12:00:00,0.9979962019936858,1.0
2030-11-28 13:00:00,0.9806410430098089,1.0
2030-11-28 14:00:00,0.9754338258496233,0.9995232986388284
2030-11-28 15:00:00,0.9830063992867456,1.0
2030-11-28 16:00:00,0.9941576960180757,1.0
2030-11-28 17:00:00,0.9980871324546375,1.0
2030-11-28 18:00:00,0.9974721257573013,0.9998836206691387
2030-11-28 19:00:00,0.9990326960367302,1.0
2030-11-28 20:00:00,1.0,1.0
2030-11-28 21:00:00,1.0,1.0
2030-11-28 22:00:00,1.0,1.0
2030-11-28 23:00:00,0.9990360865201358,1.0
2030-11-29 00:00:00,0.9920034774158009,1.0
2030-11-29 01:00:00,0.981762557485124,0.9982568404449805
2030-11-29 02:00:00,0.9785506787986273,0.9970337835743269
2030-11-29 03:00:00,0.9803206379446254,0.9984140361759646
2030-11-29 04:00:00,0.9735174096892681,0.9976723304039933
2030-11-29 05:00:00,0.9688137813308919,0.9935297819213184
2030-11-29 06:00:00,0.9688218489945541,0.9882991176454129
2030-11-29 07:00:00,0.9519645629807709,0.9801351481197137
2030-11-29 08:00:00,0.9387855323723155,0.9819463498134382
2030-11-29 09:00:00,0.840916365355432,0.962305941664821
2030-11-29 10:00:00,0.8528516400450378,0.8633429933235768
2030-11-29 11:00:00,0.971364217529081,0.9995112025972657
2030-11-29 12:00:00,0.9974155239464523,1.0
2030-11-29 13:00:00,0.9991481473143347,1.0
2030-11-29 14:00:00,1.0,1.0
2030-11-29 15:00:00,1.0,1.0
2030-11-29 16:00:00,1.0,1.0
2030-11-29 17:00:00,1.0,1.0
2030-11-29 18:00:00,1.0,1.0
2030-11-29 19:00:00,1.0,1.0
2030-11-29 20:00:00,1.0,1.0
2030-11-29 21:00:00,1.0,1.0
2030-11-29 22:00:00,0.969335496852336,0.9989298595658255
2030-11-29 23:00:00,0.9949357846509455,0.9989808751907117
2030-11-30 00:00:00,1.0,1.0
2030-11-30 01:00:00,1.0,1.0
2030-11-30 02:00:00,1.0,1.0
2030-11-30 03:00:00,1.0,1.0
2030-11-30 04:00:00,1.0,1.0
2030-11-30 05:00:00,1.0,1.0
2030-11-30 06:00:00,1.0,1.0
2030-11-30 07:00:00,1.0,1.0
2030-11-30 08:00:00,1.0,1.0
2030-11-30 09:00:00,1.0,1.0
2030-11-30 10:00:00,0.9985538632206088,1.0
2030-11-30 11:00:00,1.0,1.0
2030-11-30 12:00:00,1.0,1.0
2030-11-30 13:00:00,1.0,1.0
2030-11-30 14:00:00,1.0,1.0
2030-11-30 15:00:00,1.0,1.0
2030-11-30 16:00:00,1.0,1.0
2030-11-30 17:00:00,1.0,1.0
2030-11-30 18:00:00,1.0,1.0
2030-11-30 19:00:00,1.0,1.0
2030-11-30 20:00:00,1.0,1.0
2030-11-30 21:00:00,1.0,1.0
2030-11-30 22:00:00,0.9989944712652784,1.0
2030-11-30 23:00:00,0.9921487592673722,1.0
2030-12-01 00:00:00,0.9968521766752637,0.9983955227647971
2030-12-01 01:00:00,0.973944494376091,0.9900710979029298
2030-12-01 02:00:00,0.8844478299931248,0.9301196490607156
2030-12-01 03:00:00,0.7897013910154127,0.912265097483302
2030-12-01 04:00:00,0.706815920431953,0.8912315089823124
2030-12-01 05:00:00,0.6358522096672484,0.8198352378100451
2030-12-01 06:00:00,0.6442279110317078,0.780464412525198
2030-12-01 07:00:00,0.6140163236595011,0.8110667557814982
2030-12-01 08:00:00,0.635931531119004,0.7751413480361947
2030-12-01 09:00:00,0.6826392623680066,0.777544933024994
2030-12-01 10:00:00,0.6903945679263332,0.7083614338590281
2030-12-01 11:00:00,0.9185299674080006,0.9869135484696734
2030-12-01 12:00:00,0.981556962665814,0.9989271659026658
2030-12-01 13:00:00,0.9919816485128296,1.0
2030-12-01 14:00:00,0.9930539609353592,1.0
2030-12-01 15:00:00,0.9976560594433681,1.0
2030-12-01 16:00:00,0.9983006166127004,1.0
2030-12-01 17:00:00,0.9985077222931678,1.0
2030-12-01 18:00:00,0.9997175048832072,1.0
2030-12-01 19:00:00,0.9998709684990543,1.0
2030-12-01 20:00:00,1.0,1.0
2030-12-01 21:00:00,1.0,1.0
2030-12-01 22:00:00,1.0,1.0
2030-12-01 23:00:00,0.9986413251101619,1.0
2030-12-02 00:00:00,0.9975011626182256,1.0
2030-12-02 01:00:00,0.9985311262243416,1.0
2030-12-02 02:00:00,0.997421391091332,1.0
2030-12-02 03:00:00,0.997287400936178,1.0
2030-12-02 04:00:00,0.9910268270350782,1.0
2030-12-02 05:00:00,0.972360651190963,0.9991165713985624
2030-12-02 06:00:00,0.9341917138492848,0.9967591500983425
2030-12-02 07:00:00,0.8832655409410981,0.9829642466068923
2030-12-02 08:00:00,0.8667262535672278,0.9742998912221943
2030-12-02 09:00:00,0.8469688932344285,0.9772050111908094
2030-12-02 10:00:00,0.49367880949853227,0.6564533786179149
2030-12-02 11:00:00,0.8666091889091951,0.9868415984477333
2030-12-02 12:00:00,0.9764750899481196,0.9990822826589495
2030-12-02 13:00:00,0.9630685934113737,1.0
2030-12-02 14:00:00,0.9232842568951323,0.9989522832639148
2030-12-02 15:00:00,0.9728970828296074,0.9996302787299104
2030-12-02 16:00:00,0.9892174382435368,1.0
2030-12-02 17:00:00,0.9986368715722334,1.0
2030-12-02 18:00:00,0.9982087054198439,1.0
2030-12-02 19:00:00,1.0,1.0
2030-12-02 20:00:00,1.0,1.0
2030-12-02 21:00:00,1.0,1.0
2030-12-02 22:00:00,1.0,1.0
2030-12-02 23:00:00,1.0,1.0
2030-12-03 00:00:00,0.9993334591568568,1.0
2030-12-03 01:00:00,1.0,1.0
2030-12-03 02:00:00,0.9995349745335506,1.0
2030-12-03 03:00:00,1.0,1.0
2030-12-03 04:00:00,0.9983847607262148,1.0
2030-12-03 05:00:00,0.9980604717607859,1.0
2030-12-03 06:00:00,0.9972630591666374,1.0
2030-12-03 07:00:00,0.9973122846643722,1.0
2030-12-03 08:00:00,0.9970641571376103,1.0
2030-12-03 09:00:00,0.9863647793170162,1.0
2030-12-03 10:00:00,0.9130454416817065,0.9993397563780977
2030-12-03 11:00:00,0.9981485076588136,1.0
2030-12-03 12:00:00,0.9988269230850982,1.0
2030-12-03 13:00:00,0.9843193708623185,0.9989118198476812
2030-12-03 14:00:00,0.9529102896086117,0.9869786336064585
2030-12-03 15:00:00,0.6652741933550882,0.9348007354284257
2030-12-03 16:00:00,0.6437291599920797,0.8457731033874973
2030-12-03 17:00:00,0.6819779367462171,0.8260457923775137
2030-12-03 18:00:00,0.721801999322566,0.887185882594651
2030-12-03 19:00:00,0.8288388259677417,0.9613889915996857
2030-12-03 20:00:00,0.9124808137725436,0.9908474343077595
2030-12-03 21:00:00,0.9207978948081353,0.9981794192389624
2030-12-03 22:00:00,0.8435705925948754,0.9969953996825641
2030-12-03 23:00:00,0.9054288816901939,0.9985226088165241
2030-12-04 00:00:00,0.8666104645302395,0.9888578028100993
2030-12-04 01:00:00,0.8274979389692195,0.9678939820550774
2030-12-04 02:00:00,0.7886229550529895,0.9529963393463659
2030-12-04 03:00:00,0.7646940824929964,0.906858479274413
2030-12-04 04:00:00,0.8211984531980493,0.9204475791192924
2030-12-04 05:00:00,0.8248557105054963,0.9386408772493167
2030-12-04 06:00:00,0.8122161126737238,0.9129278157303709
2030-12-04 07:00:00,0.8114620822426524,0.9012412345813899
2030-12-04 08:00:00,0.7719902189684069,0.8372282061770868
2030-12-04 09:00:00,0.7174306456118993,0.7614840934449588
2030-12-04 10:00:00,0.5891293266285508,0.7300365652032837
2030-12-04 11:00:00,0.8904992171756028,0.9318053321725015
2030-12-04 12:00:00,0.9971975527659112,0.9998035422560791
2030-12-04 13:00:00,0.9961818024969966,0.9999896644108796
2030-12-04 14:00:00,0.9729459827478303,0.998494680794778
2030-12-04 15:00:00,0.9675144657084852,0.998222799016119
2030-12-04 16:00:00,0.9631862794272196,0.9983105323559794
2030-12-04 17:00:00,0.9499938061494809,0.9982240292375079
2030-12-04 18:00:00,0.9667848914801174,0.998332753831689
2030-12-04 19:00:00,0.9175252318211031,0.9975837230466034
2030-12-04 20:00:00,0.8644552859899562,0.9855457477034831
2030-12-04 21:00:00,0.8388793342118619,0.9718081796904094
2030-12-04 22:00:00,0.5470603784110297,0.822490496260968
2030-12-04 23:00:00,0.5267312043172241,0.7538731466722725
2030-12-05 00:00:00,0.6131667718551811,0.7784980597169343
2030-12-05 01:00:00,0.8334610776959999,0.8827945249489921
2030-12-05 02:00:00,0.922922455254388,0.9321420215008428
2030-12-05 03:00:00,0.971258584156331,0.9833080805977329
2030-12-05 04:00:00,0.9749527604967161,0.9970195927289275
2030-12-05 05:00:00,0.9704007246625137,0.9968130333161609
2030-12-05 06:00:00,0.967918655676285,0.9965889831674087
2030-12-05 07:00:00,0.9523615195198831,0.9924648582323383
2030-12-05 08:00:00,0.928453139300389,0.9838536558905001
2030-12-05 09:00:00,0.9101523610335809,0.9767683758174162
2030-12-05 10:00:00,0.5941331720758181,0.7741535857603927
2030-12-05 11:00:00,0.8033384549687528,0.8868660810234072
2030-12-05 12:00:00,0.9205764683458834,0.9821675148429828
2030-12-05 13:00:00,0.9976297076087443,0.9983533628574329
2030-12-05 14:00:00,0.9988920245784991,1.0
2030-12-05 15:00:00,0.9987771905146559,1.0
2030-12-05 16:00:00,0.9994125855109851,1.0
2030-12-05 17:00:00,0.998321194973784,1.0
2030-12-05 18:00:00,0.998767230953271,1.0
2030-12-05 19:00:00,0.9998445481937559,1.0
2030-12-05 20:00:00,1.0,1.0
2030-12-05 21:00:00,0.9975757857121288,1.0
2030-12-05 22:00:00,0.9807318473993372,1.0
2030-12-05 23:00:00,0.8712504261914534,0.9885563077012113
2030-12-06 00:00:00,0.8892274498790327,0.9764055365964195
2030-12-06 01:00:00,0.8525722111269358,0.9679435192720793
2030-12-06 02:00:00,0.8715120966441463,0.9683147425420972
2030-12-06 03:00:00,0.9441896245885282,0.9849586810323399
2030-12-06 04:00:00,0.9781157551732959,0.9969736377989789
2030-12-06 05:00:00,0.9937923486468015,0.99928900089461
2030-12-06 06:00:00,0.9796402819754417,0.9993030279670776
2030-12-06 07:00:00,0.9249656698657984,0.9949482913042115
2030-12-06 08:00:00,0.9029126316251844,0.9760063929856136
2030-12-06 09:00:00,0.8597494067441511,0.9254351940057982
2030-12-06 10:00:00,0.16913426535929404,0.2637679824428711
2030-12-06 11:00:00,0.35254902858172377,0.4143371000004005
2030-12-06 12:00:00,0.7984670405464233,0.7384537474197137
2030-12-06 13:00:00,0.8517040603497351,0.8983261119317568
2030-12-06 14:00:00,0.973661764061925,0.9822623277619921
2030-12-06 15:00:00,0.9874041690023473,0.9979616408351283
2030-12-06 16:00:00,0.9896117521285361,0.9981942976563917
2030-12-06 17:00:00,0.9972256689953964,1.0
2030-12-06 18:00:00,0.992544021783922,1.0
2030-12-06 19:00:00,0.9983784989191896,1.0
2030-12-06 20:00:00,0.9980463021032142,1.0
2030-12-06 21:00:00,0.9819274534590423,0.9915717312384217
2030-12-06 22:00:00,0.9386738156303581,0.967790975489951
2030-12-06 23:00:00,0.8921265162703309,0.9756520056007757
2030-12-07 00:00:00,0.9786480440301762,0.9981419847280645
2030-12-07 01:00:00,0.9470909967906312,0.9974652407880757
2030-12-07 02:00:00,0.888206204261433,0.9827992151749555
2030-12-07 03:00:00,0.8089900648070264,0.94137610980939
2030-12-07 04:00:00,0.7223985423590468,0.85977551207402
2030-12-07 05:00:00,0.6428077011953416,0.8110734239361655
2030-12-07 06:00:00,0.5375601820087339,0.7337649331735882
2030-12-07 07:00:00,0.4636749753489673,0.6619026785089954
2030-12-07 08:00:00,0.43710707779765146,0.5826305791331801
2030-12-07 09:00:00,0.4369068098001458,0.547601917300408
2030-12-07 10:00:00,0.12947291805816064,0.2392854038498698
2030-12-07 11:00:00,0.16335882719068112,0.29882841673049215
2030-12-07 12:00:00,0.35649453195394953,0.48617981247202374
2030-12-07 13:00:00,0.3761885178504837,0.6455467017784978
2030-12-07 14:00:00,0.3123679675511521,0.5864747740670089
2030-12-07 15:00:00,0.2717972807922331,0.461167305772548
2030-12-07 16:00:00,0.2144645058911377,0.2832795513627713
2030-12-07 17:00:00,0.16232860237385613,0.305690542239388
2030-12-07 18:00:00,0.127867052209324,0.23158593747548573
2030-12-07 19:00:00,0.08659068501424853,0.15448159151923208
2030-12-07 20:00:00,0.04976383765150016,0.09802353117326915
2030-12-07 21:00:00,0.021278802230649808,0.0762373661497891
2030-12-07 22:00:00,0.007153484735073914,0.08610381557430158
2030-12-07 23:00:00,0.0,0.04177137571767708
2030-12-08 00:00:00,4.826496873871572e-05,0.0010773922509406955
2030-12-08 01:00:00,0.0013191571036449928,0.0025362745095985034
2030-12-08 02:00:00,0.003262021678800361,0.020785226625764906
2030-12-08 03:00:00,0.007139295800618539,0.02149212385486038
2030-12-08 04:00:00,0.00306987326128007,0.031169811520415487
2030-12-08 05:00:00,0.000930150662872367,0.06866808486341361
2030-12-08 06:00:00,0.001578268681705803,0.10958491996640042
2030-12-08 07:00:00,0.013597486199120915,0.14864969266539427
2030-12-08 08:00:00,0.017136178178137382,0.16586219054039653
2030-12-08 09:00:00,0.028286459430657617,0.21690266534291766
2030-12-08 10:00:00,0.0015788601961046363,0.13122705442430693
2030-12-08 11:00:00,0.0008743803282083961,0.057830404143065964
2030-12-08 12:00:00,0.0009176482666542913,0.019846187906285694
2030-12-08 13:00:00,0.0010424979766448614,0.024455517346859707
2030-12-08 14:00:00,0.0009318052603982932,0.035967238370719856
2030-12-08 15:00:00,0.00022213433272962727,0.017633460718833146
2030-12-08 16:00:00,0.0,0.0
2030-12-08 17:00:00,8.729668041690507e-05,0.00013404962741962343
2030-12-08 18:00:00,0.059029168063068155,0.06555200557468246
2030-12-08 19:00:00,0.07808208255049522,0.1260172007705686
2030-12-08 20:00:00,0.07156057777791981,0.23145022147081445
2030-12-08 21:00:00,0.055762735023749475,0.2599599421427623
2030-12-08 22:00:00,0.0013416431038366643,0.09369632178609247
2030-12-08 23:00:00,0.0009894105507809608,0.0707847168704804
2030-12-09 00:00:00,0.027326044212888728,0.11746087402565555
2030-12-09 01:00:00,0.11176258943618311,0.33702468579805384
2030-12-09 02:00:00,0.2894702650283283,0.8015048048062079
2030-12-09 03:00:00,0.5096479395816226,0.9573396663592634
2030-12-09 04:00:00,0.5289659300916407,0.8829974575884014
2030-12-09 05:00:00,0.43937172272615177,0.6803726889708779
2030-12-09 06:00:00,0.3637597268419353,0.531828991270284
2030-12-09 07:00:00,0.3434815841851383,0.4517716681187926
2030-12-09 08:00:00,0.3588667114659953,0.46698320018811895
2030-12-09 09:00:00,0.33200771738841806,0.4953105844950412
2030-12-09 10:00:00,0.38340280441885677,0.6334229797624757
2030-12-09 11:00:00,0.4323474620913103,0.724015997368459
2030-12-09 12:00:00,0.6534512395662361,0.8967388083718374
2030-12-09 13:00:00,0.5318467216282973,0.8240357741243926
2030-12-09 14:00:00,0.46314324563973625,0.6354869807571053
2030-12-09 15:00:00,0.320086263352839,0.4637089451563782
2030-12-09 16:00:00,0.21720260550058512,0.3760806446257654
2030-12-09 17:00:00,0.1491582493396316,0.25426193203855413
2030-12-09 18:00:00,0.09027737683904842,0.17727797691121572
2030-12-09 19:00:00,0.03883009345296423,0.13205909636676216
2030-12-09 20:00:00,0.018987698239586695,0.09679205791276078
2030-12-09 21:00:00,0.001474080921321029,0.0671989759196049
2030-12-09 22:00:00,0.0007245884315977956,0.04800396302939762
2030-12-09 23:00:00,0.021143297514051727,0.08352323091200084
2030-12-10 00:00:00,0.043929693652201625,0.07353341361533523
2030-12-10 01:00:00,0.03255636130619706,0.029061538486486623
2030-12-10 02:00:00,0.06542251602516533,0.03941895182120909
2030-12-10 03:00:00,0.11365921170358254,0.0651675315255307
2030-12-10 04:00:00,0.1598804565118372,0.09413905323456061
2030-12-10 05:00:00,0.2563419135213472,0.176814106428504
2030-12-10 06:00:00,0.28463488264514214,0.2027455547221909
2030-12-10 07:00:00,0.2647044157558579,0.1775713518688687
2030-12-10 08:00:00,0.24965220709501168,0.1754105602103322
2030-12-10 09:00:00,0.22402591206774014,0.15204855912521006
2030-12-10 10:00:00,0.12616034129424333,0.07319991883947079
2030-12-10 11:00:00,0.057224441891819425,0.001401759090818021
2030-12-10 12:00:00,0.07509307860264028,0.0010973787746215177
2030-12-10 13:00:00,0.06696935745914036,0.001278305030800317
2030-12-10 14:00:00,0.041379056027664646,0.0002055262858883433
2030-12-10 15:00:00,0.029061565103459953,0.0
2030-12-10 16:00:00,0.012061094863946516,0.0
2030-12-10 17:00:00,0.024053474200895188,0.0
2030-12-10 18:00:00,0.046248114345133824,0.002646992444901482
2030-12-10 19:00:00,0.06460188033223106,0.04233952747190837
2030-12-10 20:00:00,0.05306050676162066,0.026586729643909013
2030-12-10 21:00:00,0.06515966193923492,0.025151960259960773
2030-12-10 22:00:00,0.08644655490718758,0.03371927069458184
2030-12-10 23:00:00,0.1235504888004509,0.0834379261088774
2030-12-11 00:00:00,0.16164872309735606,0.1655175914302261
2030-12-11 01:00:00,0.21985250267686032,0.34980022101718616
2030-12-11 02:00:00,0.28151024831290933,0.49689478115460783
2030-12-11 03:00:00,0.3424696856631988,0.6533822442081314
2030-12-11 04:00:00,0.3049384826783156,0.5019261030258821
2030-12-11 05:00:00,0.24153374427123425,0.2721264774784024
2030-12-11 06:00:00,0.24730003269714493,0.1683472601195825
2030-12-11 07:00:00,0.2675683677931059,0.15856985838789894
2030-12-11 08:00:00,0.30584073175654486,0.16893092524575945
2030-12-11 09:00:00,0.32817828142052136,0.2007836282128697
2030-12-11 10:00:00,0.2668043819402933,0.21010358197650145
2030-12-11 11:00:00,0.3753609233861761,0.30430226307682606
2030-12-11 12:00:00,0.5237816634803096,0.3513370884233885
2030-12-11 13:00:00,0.6838770517470675,0.4255359785988119
2030-12-11 14:00:00,0.7680440983755915,0.3946785331076521
2030-12-11 15:00:00,0.8095998254858561,0.42451896924433347
2030-12-11 16:00:00,0.8042211638001444,0.5655008023842308
2030-12-11 17:00:00,0.7766736373089057,0.5562832634822942
2030-12-11 18:00:00,0.8213148729212099,0.587794146987983
2030-12-11 19:00:00,0.797946067213583,0.721040843518761
2030-12-11 20:00:00,0.7188416136610251,0.7813713666675932
2030-12-11 21:00:00,0.8276636742586665,0.8994006805640336
2030-12-11 22:00:00,0.7924834498864579,0.8539894583671032
2030-12-11 23:00:00,0.8791448412032379,0.9841919562826511
2030-12-12 00:00:00,0.9946536175696418,1.0
2030-12-12 01:00:00,0.9967762459829068,1.0
2030-12-12 02:00:00,0.996789334078997,1.0
2030-12-12 03:00:00,0.9743057962210595,0.99996049535498
2030-12-12 04:00:00,0.8727656050562017,0.9929216966369331
2030-12-12 05:00:00,0.6853455812495548,0.9230518959527731
2030-12-12 06:00:00,0.53140379728289,0.6652842898429265
2030-12-12 07:00:00,0.6401031777011983,0.7137433026577964
2030-12-12 08:00:00,0.7366068547485006,0.8748086320691774
2030-12-12 09:00:00,0.7150841276126807,0.8712321434088764
2030-12-12 10:00:00,0.568507384866899,0.687766951574633
2030-12-12 11:00:00,0.8969317214149062,0.9831531040792659
2030-12-12 12:00:00,0.9682957277415669,1.0
2030-12-12 13:00:00,0.957121934461752,1.0
2030-12-12 14:00:00,0.9814075001666439,1.0
2030-12-12 15:00:00,0.991859593297754,1.0
2030-12-12 16:00:00,0.9852252727423915,1.0
2030-12-12 17:00:00,0.9972526081593123,1.0
2030-12-12 18:00:00,0.9988550811472948,1.0
2030-12-12 19:00:00,0.9975724759313443,1.0
2030-12-12 20:00:00,0.9968915532888648,0.9996428650453211
2030-12-12 21:00:00,0.9770334686270231,0.9970493342689193
2030-12-12 22:00:00,0.6869671398640785,0.8675290519297318
2030-12-12 23:00:00,0.5730500896175794,0.7639940495331707
2030-12-13 00:00:00,0.6684430030172308,0.7931855138532391
2030-12-13 01:00:00,0.6679383531002917,0.8815757319865075
2030-12-13 02:00:00,0.7940291294967585,0.9666820439440891
2030-12-13 03:00:00,0.8271747127202242,0.9673860811731838
2030-12-13 04:00:00,0.896987390067911,0.97780769288469
2030-12-13 05:00:00,0.9716845794458286,0.9977623244651582
2030-12-13 06:00:00,0.985811019964978,0.9994101524702413
2030-12-13 07:00:00,0.9785968103767224,0.9988892285651515
2030-12-13 08:00:00,0.9484489214104416,0.9975924821747925
2030-12-13 09:00:00,0.9072792421837939,0.9915639235854755
2030-12-13 10:00:00,0.5456141682259941,0.8070661499641311
2030-12-13 11:00:00,0.7761083465694345,0.9609413480319403
2030-12-13 12:00:00,0.979145443503853,0.9935058107451925
2030-12-13 13:00:00,0.9779331012586162,1.0
2030-12-13 14:00:00,0.9839908391254069,1.0
2030-12-13 15:00:00,0.9857822905818558,1.0
2030-12-13 16:00:00,0.9822434065712354,1.0
2030-12-13 17:00:00,0.9166278685279415,1.0
2030-12-13 18:00:00,0.8639516804376542,1.0
2030-12-13 19:00:00,0.8400588529005865,1.0
2030-12-13 20:00:00,0.8444588886835247,0.9995184979611071
2030-12-13 21:00:00,0.7572648792019588,0.9960535843360762
2030-12-13 22:00:00,0.6421968664351422,0.9322423356503087
2030-12-13 23:00:00,0.4928504226777968,0.7550698911858208
2030-12-14 00:00:00,0.3628146324377823,0.5838760363781277
2030-12-14 01:00:00,0.377017139125074,0.5672525002872132
2030-12-14 02:00:00,0.37737592746056337,0.5621007042637385
2030-12-14 03:00:00,0.5129060615856289,0.6961572669988353
2030-12-14 04:00:00,0.6227798040092948,0.8477276861842856
2030-12-14 05:00:00,0.8610314438186658,0.9914846067776469
2030-12-14 06:00:00,0.9756565686986841,0.9992117832904165
2030-12-14 07:00:00,0.9833358900760767,1.0
2030-12-14 08:00:00,0.964199623309492,0.9997330510841996
2030-12-14 09:00:00,0.9019863550332973,0.9967871257778858
2030-12-14 10:00:00,0.563460078872098,0.9089634215468385
2030-12-14 11:00:00,0.6943219915156783,0.9709010214277859
2030-12-14 12:00:00,0.8284336663031513,0.9968303781362001
2030-12-14 13:00:00,0.8498123016012739,0.9970800950783877
2030-12-14 14:00:00,0.9038574434347021,0.9980591436636357
2030-12-14 15:00:00,0.9680973698282039,1.0
2030-12-14 16:00:00,0.9797409536264594,1.0
2030-12-14 17:00:00,0.9967721913895289,1.0
2030-12-14 18:00:00,0.9978158058011223,1.0
2030-12-14 19:00:00,0.9988899481114574,1.0
2030-12-14 20:00:00,1.0,1.0
2030-12-14 21:00:00,1.0,1.0
2030-12-14 22:00:00,0.9795213990985278,1.0
2030-12-14 23:00:00,0.990292512659965,1.0
2030-12-15 00:00:00,0.9986777692851215,1.0
2030-12-15 01:00:00,0.9924537899530143,1.0
2030-12-15 02:00:00,0.9620206371220672,1.0
2030-12-15 03:00:00,0.9286659199608687,1.0
2030-12-15 04:00:00,0.9811335115021926,1.0
2030-12-15 05:00:00,0.9888430624087527,0.999126025829021
2030-12-15 06:00:00,0.9970001452641402,0.9988752086331716
2030-12-15 07:00:00,0.998392514338354,0.9998033510107995
2030-12-15 08:00:00,0.9988306042061721,1.0
2030-12-15 09:00:00,0.999510200256652,1.0
2030-12-15 10:00:00,1.0,1.0
2030-12-15 11:00:00,1.0,1.0
2030-12-15 12:00:00,1.0,1.0
2030-12-15 13:00:00,1.0,1.0
2030-12-15 14:00:00,1.0,1.0
2030-12-15 15:00:00,1.0,1.0
2030-12-15 16:00:00,1.0,1.0
2030-12-15 17:00:00,1.0,1.0
2030-12-15 18:00:00,1.0,1.0
2030-12-15 19:00:00,1.0,1.0
2030-12-15 20:00:00,1.0,1.0
2030-12-15 21:00:00,1.0,1.0
2030-12-15 22:00:00,1.0,1.0
2030-12-15 23:00:00,1.0,1.0
2030-12-16 00:00:00,1.0,1.0
2030-12-16 01:00:00,1.0,1.0
2030-12-16 02:00:00,1.0,1.0
2030-12-16 03:00:00,1.0,1.0
2030-12-16 04:00:00,1.0,1.0
2030-12-16 05:00:00,1.0,1.0
2030-12-16 06:00:00,1.0,1.0
2030-12-16 07:00:00,1.0,1.0
2030-12-16 08:00:00,0.999532453448987,1.0
2030-12-16 09:00:00,0.9967733328200605,1.0
2030-12-16 10:00:00,0.8772841411417901,0.9262326347315439
2030-12-16 11:00:00,0.9139202562164426,0.9722682853017788
2030-12-16 12:00:00,0.9798232938702582,1.0
2030-12-16 13:00:00,0.9989228972449553,1.0
2030-12-16 14:00:00,1.0,1.0
2030-12-16 15:00:00,1.0,1.0
2030-12-16 16:00:00,1.0,1.0
2030-12-16 17:00:00,1.0,1.0
2030-12-16 18:00:00,1.0,1.0
2030-12-16 19:00:00,1.0,1.0
2030-12-16 20:00:00,1.0,1.0
2030-12-16 21:00:00,1.0,1.0
2030-12-16 22:00:00,0.8992886299709509,0.9975018975972744
2030-12-16 23:00:00,0.9679098363130657,1.0
2030-12-17 00:00:00,0.9807579980543802,1.0
2030-12-17 01:00:00,0.9945350472122808,1.0
2030-12-17 02:00:00,0.9941799611087131,0.9998370545012218
2030-12-17 03:00:00,0.9910730508927558,1.0
2030-12-17 04:00:00,0.993935839617255,1.0
2030-12-17 05:00:00,0.990699348335233,1.0
2030-12-17 06:00:00,0.9844050428923933,1.0
2030-12-17 07:00:00,0.9766324361674869,0.9994346607245799
2030-12-17 08:00:00,0.969857494824506,0.9972288549664481
2030-12-17 09:00:00,0.9677944051222377,0.9957435994319299
2030-12-17 10:00:00,0.8701701924101323,0.9818805197862488
2030-12-17 11:00:00,0.9976652724142756,1.0
2030-12-17 12:00:00,0.9969544964362191,1.0
2030-12-17 13:00:00,0.9987540090059707,1.0
2030-12-17 14:00:00,1.0,1.0
2030-12-17 15:00:00,1.0,1.0
2030-12-17 16:00:00,0.998697130802485,1.0
2030-12-17 17:00:00,0.99816152189715,1.0
2030-12-17 18:00:00,0.9969660771079581,1.0
2030-12-17 19:00:00,0.9969678054168587,1.0
2030-12-17 20:00:00,0.9784855051989382,1.0
2030-12-17 21:00:00,0.8974918851598033,0.9978476030447042
2030-12-17 22:00:00,0.79447107316932,0.9682673030137223
2030-12-17 23:00:00,0.5616388104692029,0.8905297883981317
2030-12-18 00:00:00,0.4141273335849213,0.7101921118875285
2030-12-18 01:00:00,0.282462498852736,0.42138508174849126
2030-12-18 02:00:00,0.14548156254866498,0.19600375054744185
2030-12-18 03:00:00,0.09335326756412166,0.13322593887221956
2030-12-18 04:00:00,0.10059873587986214,0.12733276136757038
2030-12-18 05:00:00,0.09884616335218907,0.11930445371861167
2030-12-18 06:00:00,0.09500672366063573,0.11887554030215897
2030-12-18 07:00:00,0.11909825860672302,0.13484322034361343
2030-12-18 08:00:00,0.14383184160423895,0.1757065808628875
2030-12-18 09:00:00,0.14477042134330786,0.21983910316134597
2030-12-18 10:00:00,0.10474238320509893,0.1532320119746093
2030-12-18 11:00:00,0.3255414041273646,0.3135990437729294
2030-12-18 12:00:00,0.4274694228550967,0.46703569509509163
2030-12-18 13:00:00,0.4448583320053,0.5090133815450878
2030-12-18 14:00:00,0.3915984437940148,0.5320195482656116
2030-12-18 15:00:00,0.34834380318851826,0.49495592414598094
2030-12-18 16:00:00,0.37123450168491967,0.4712380363448002
2030-12-18 17:00:00,0.3887885455508264,0.4957748301403614
2030-12-18 18:00:00,0.4403990861869669,0.5266098179756012
2030-12-18 19:00:00,0.46500728471265923,0.5441984551114266
2030-12-18 20:00:00,0.48043190237087036,0.5092847856676409
2030-12-18 21:00:00,0.4841324522446856,0.508975912687692
2030-12-18 22:00:00,0.2420200478554954,0.24950400909436643
2030-12-18 23:00:00,0.17062551644637025,0.14264852737150577
2030-12-19 00:00:00,0.08201506573582532,0.10132297789626742
2030-12-19 01:00:00,0.07997940574039783,0.08349675548350388
2030-12-19 02:00:00,0.07432814679381816,0.07707678011795396
2030-12-19 03:00:00,0.07224323000949393,0.08791354671694643
2030-12-19 04:00:00,0.08601625444281784,0.11893565935417012
2030-12-19 05:00:00,0.13752291810625097,0.20885023332732477
2030-12-19 06:00:00,0.21377423148873104,0.3382380143645844
2030-12-19 07:00:00,0.2393730716326355,0.3800449745217437
2030-12-19 08:00:00,0.23856299676602855,0.3643493432470805
2030-12-19 09:00:00,0.25221509505826656,0.3794198287543225
2030-12-19 10:00:00,0.40126627949816496,0.5924503109415232
2030-12-19 11:00:00,0.5068862527534144,0.6061352990090065
2030-12-19 12:00:00,0.8591226798716748,0.7942582278479565
2030-12-19 13:00:00,0.873201996465223,0.9491799099742272
2030-12-19 14:00:00,0.8812869448730262,0.9710208190957302
2030-12-19 15:00:00,0.8477340615149398,0.975988188202607
2030-12-19 16:00:00,0.7899424304568603,0.9738373348789457
2030-12-19 17:00:00,0.8701864430989165,0.9786067932052003
2030-12-19 18:00:00,0.9020413846971823,0.9854301798387927
2030-12-19 19:00:00,0.9270964549350147,0.9900478375972346
2030-12-19 20:00:00,0.9800659225486339,0.9972658279483322
2030-12-19 21:00:00,0.9500049245494461,0.9973243870806345
2030-12-19 22:00:00,0.5797296148454969,0.8769794949740625
2030-12-19 23:00:00,0.8335077531964764,0.7690068836834316
2030-12-20 00:00:00,0.798484187679697,0.8420373213729738
2030-12-20 01:00:00,0.8504936944189119,0.8530429674911781
2030-12-20 02:00:00,0.8719422683177926,0.8843821097983454
2030-12-20 03:00:00,0.9083274315890459,0.9112733315642346
2030-12-20 04:00:00,0.9690204982846642,0.9648088763301791
2030-12-20 05:00:00,0.9865390171589816,0.9816567396178905
2030-12-20 06:00:00,0.9958613807871175,0.9860225696312894
2030-12-20 07:00:00,0.9979960028774045,0.9943332938604851
2030-12-20 08:00:00,0.998007368539943,0.9942570469282469
2030-12-20 09:00:00,0.9984210080140553,0.9983230113126397
2030-12-20 10:00:00,0.9583977734055162,0.9662199711557617
2030-12-20 11:00:00,0.9865898484894833,0.9973003989637876
2030-12-20 12:00:00,0.9978444697672938,0.9993201978669138
2030-12-20 13:00:00,0.9971240594594136,1.0
2030-12-20 14:00:00,1.0,1.0
2030-12-20 15:00:00,1.0,1.0
2030-12-20 16:00:00,1.0,1.0
2030-12-20 17:00:00,1.0,1.0
2030-12-20 18:00:00,1.0,1.0
2030-12-20 19:00:00,1.0,1.0
2030-12-20 20:00:00,1.0,1.0
2030-12-20 21:00:00,0.9970975358100048,0.9997712407116746
2030-12-20 22:00:00,0.9806275317803548,0.9883400232344
2030-12-20 23:00:00,0.9782957787285954,0.9982395257088894
2030-12-21 00:00:00,0.981800781130469,0.9988308468306384
2030-12-21 01:00:00,0.9894093804701231,0.9980003865223974
2030-12-21 02:00:00,0.9776004664423734,0.9967962000820131
2030-12-21 03:00:00,0.9591379389221825,0.9890609307735269
2030-12-21 04:00:00,0.9191449481484891,0.9752637021116851
2030-12-21 05:00:00,0.8949499870244223,0.9627265922770798
2030-12-21 06:00:00,0.8851329157431927,0.9190444831440643
2030-12-21 07:00:00,0.8601876351927196,0.8995769623102973
2030-12-21 08:00:00,0.7846089904562127,0.8019088633277447
2030-12-21 09:00:00,0.6937877245943266,0.7212630582127183
2030-12-21 10:00:00,0.3579414814565214,0.4409633954126671
2030-12-21 11:00:00,0.7024662327342087,0.56083370000781
2030-12-21 12:00:00,0.9729242262464085,0.9764152529171789
2030-12-21 13:00:00,0.9619014109922841,0.9988376790894649
2030-12-21 14:00:00,0.9977742631770219,1.0
2030-12-21 15:00:00,1.0,1.0
2030-12-21 16:00:00,0.9990329223904091,1.0
2030-12-21 17:00:00,0.9971455595745038,1.0
2030-12-21 18:00:00,0.9995808610633932,1.0
2030-12-21 19:00:00,0.9992176460293105,0.9983615649809154
2030-12-21 20:00:00,0.9964465760441177,0.9823361245844856
2030-12-21 21:00:00,0.9989331336544875,0.9881731123647519
2030-12-21 22:00:00,0.9799324352334636,0.9832935825543876
2030-12-21 23:00:00,0.9722080149132195,0.9537926048173722
2030-12-22 00:00:00,0.9507620047611942,0.7845657883520321
2030-12-22 01:00:00,0.9267571203996682,0.7161079571683938
2030-12-22 02:00:00,0.9740423163868612,0.7962268179941021
2030-12-22 03:00:00,0.9754836366960407,0.8817980141353742
2030-12-22 04:00:00,0.9945600665087111,0.9522407880529545
2030-12-22 05:00:00,0.9969625593935606,0.9676938501187532
2030-12-22 06:00:00,0.9972148261055946,0.9791256248302752
2030-12-22 07:00:00,0.9970916715804224,0.9728014817370632
2030-12-22 08:00:00,0.9970075235512247,0.9585527997626773
2030-12-22 09:00:00,0.9970891279109925,0.9269790695830469
2030-12-22 10:00:00,0.9111124073524539,0.671201462717989
2030-12-22 11:00:00,0.9119172212832292,0.8445247967038667
2030-12-22 12:00:00,0.9974411034734895,0.9989884076778007
2030-12-22 13:00:00,0.9980225002543275,1.0
2030-12-22 14:00:00,0.9579516685479827,1.0
2030-12-22 15:00:00,0.848252113755884,0.9999839195022739
2030-12-22 16:00:00,0.7801531065719055,0.9982060859794994
2030-12-22 17:00:00,0.827135777879549,0.9974990578034741
2030-12-22 18:00:00,0.9383060045931991,0.9997537202575922
2030-12-22 19:00:00,0.9829635161941953,1.0
2030-12-22 20:00:00,0.9872136183366991,1.0
2030-12-22 21:00:00,0.9787785450064482,0.9990337266697646
2030-12-22 22:00:00,0.9242448563483654,0.9975727208873281
2030-12-22 23:00:00,0.6739065664745303,0.869443193320692
2030-12-23 00:00:00,0.5167214109858134,0.7328440273274299
2030-12-23 01:00:00,0.639139379464114,0.6750664562022212
2030-12-23 02:00:00,0.5745801343698256,0.5727816008094698
2030-12-23 03:00:00,0.5853680835552892,0.46114932882757387
2030-12-23 04:00:00,0.7330636847833352,0.5792179584256223
2030-12-23 05:00:00,0.9277816718804852,0.8681328488647794
2030-12-23 06:00:00,0.9850281691600025,0.9608891685397122
2030-12-23 07:00:00,0.9972857904667737,0.9204259185998485
2030-12-23 08:00:00,0.9978663622200918,0.905957508781463
2030-12-23 09:00:00,0.9844971481320691,0.8663977042488065
2030-12-23 10:00:00,0.9789794560881946,0.9698144092533689
2030-12-23 11:00:00,0.9838376616609599,0.9933063818926439
2030-12-23 12:00:00,0.9859561096605018,0.9989035398888496
2030-12-23 13:00:00,1.0,1.0
2030-12-23 14:00:00,1.0,1.0
2030-12-23 15:00:00,1.0,1.0
2030-12-23 16:00:00,1.0,1.0
2030-12-23 17:00:00,1.0,1.0
2030-12-23 18:00:00,1.0,1.0
2030-12-23 19:00:00,1.0,1.0
2030-12-23 20:00:00,1.0,1.0
2030-12-23 21:00:00,1.0,1.0
2030-12-23 22:00:00,1.0,1.0
2030-12-23 23:00:00,1.0,1.0
2030-12-24 00:00:00,0.9997655524788654,1.0
2030-12-24 01:00:00,1.0,1.0
2030-12-24 02:00:00,1.0,1.0
2030-12-24 03:00:00,1.0,1.0
2030-12-24 04:00:00,0.9998255873416803,1.0
2030-12-24 05:00:00,1.0,1.0
2030-12-24 06:00:00,0.999447919637214,1.0
2030-12-24 07:00:00,0.9983587624822085,1.0
2030-12-24 08:00:00,0.9975126778396136,1.0
2030-12-24 09:00:00,0.9937820735185892,1.0
2030-12-24 10:00:00,0.8573119496832932,0.9793224862730202
2030-12-24 11:00:00,0.8531579140760606,0.9819266606235753
2030-12-24 12:00:00,0.859458099151798,0.9969325159156406
2030-12-24 13:00:00,0.9296783706166092,1.0
2030-12-24 14:00:00,0.9961342687107217,1.0
2030-12-24 15:00:00,1.0,1.0
2030-12-24 16:00:00,1.0,1.0
2030-12-24 17:00:00,1.0,1.0
2030-12-24 18:00:00,1.0,1.0
2030-12-24 19:00:00,1.0,1.0
2030-12-24 20:00:00,1.0,1.0
2030-12-24 21:00:00,1.0,1.0
2030-12-24 22:00:00,0.9971488645354368,0.996941169964984
2030-12-24 23:00:00,0.9977151175027951,0.986655788058274
2030-12-25 00:00:00,0.9973298213796657,0.9997628464915123
2030-12-25 01:00:00,1.0,1.0
2030-12-25 02:00:00,1.0,1.0
2030-12-25 03:00:00,1.0,1.0
2030-12-25 04:00:00,1.0,1.0
2030-12-25 05:00:00,0.9974811366571138,0.9988679238412335
2030-12-25 06:00:00,0.9771335233454373,0.9969959599846077
2030-12-25 07:00:00,0.9294011081245225,0.9740418638223518
2030-12-25 08:00:00,0.8501067055513065,0.8835599130858719
2030-12-25 09:00:00,0.7325614784714598,0.8094085358649976
2030-12-25 10:00:00,0.7528126574788144,0.8119192525859984
2030-12-25 11:00:00,0.762718325139307,0.8289784290210274
2030-12-25 12:00:00,0.9877182821542916,0.9976275817998155
2030-12-25 13:00:00,0.9778514352715929,0.9979310814772608
2030-12-25 14:00:00,0.9832420090623135,0.9914834850640054
2030-12-25 15:00:00,0.9027888274024576,0.9801271605459546
2030-12-25 16:00:00,0.8574288334371275,0.9767867225183506
2030-12-25 17:00:00,0.820220331423429,0.9021867502216214
2030-12-25 18:00:00,0.7741496806873188,0.9046960191500724
2030-12-25 19:00:00,0.8687983927005787,0.9497134741396291
2030-12-25 20:00:00,0.9375968613648106,0.9757328677669213
2030-12-25 21:00:00,0.9219135657200003,0.8946687618454225
2030-12-25 22:00:00,0.8492707157240672,0.6803034985128396
2030-12-25 23:00:00,0.5374214680089618,0.4520194821151511
2030-12-26 00:00:00,0.43375496986229584,0.3060643786654116
2030-12-26 01:00:00,0.31011851846831895,0.12045937488514818
2030-12-26 02:00:00,0.09513210341273132,0.0012091494903434508
2030-12-26 03:00:00,0.15125822079467263,0.10521721714453199
2030-12-26 04:00:00,0.173455043661603,0.06987572316807272
2030-12-26 05:00:00,0.15563583635380196,0.046285907170836096
2030-12-26 06:00:00,0.13866535344984213,0.003982380816944749
2030-12-26 07:00:00,0.12847200725473168,0.0032744427053898553
2030-12-26 08:00:00,0.18739905449943428,0.06123940694097224
2030-12-26 09:00:00,0.4264650987940311,0.19953126307011299
2030-12-26 10:00:00,0.8460452491727712,0.4745334610037355
2030-12-26 11:00:00,0.929371174196737,0.7104847749061283
2030-12-26 12:00:00,0.8661452247520701,0.8594518396687914
2030-12-26 13:00:00,0.9952916296500328,0.993455840164339
2030-12-26 14:00:00,0.9682309914082835,0.9990176506313074
2030-12-26 15:00:00,0.9011889230587822,0.9834801827745585
2030-12-26 16:00:00,0.9065337169444088,0.9293629708540608
2030-12-26 17:00:00,0.8343420272054053,0.8895500819187467
2030-12-26 18:00:00,0.7536693102136575,0.7748570360064548
2030-12-26 19:00:00,0.6250510681367172,0.6373383209041286
2030-12-26 20:00:00,0.493036737857287,0.5906379622440983
2030-12-26 21:00:00,0.36531202684846564,0.4856393914796002
2030-12-26 22:00:00,0.2392334749788425,0.330915399648353
2030-12-26 23:00:00,0.13649816200812484,0.13882761757404544
2030-12-27 00:00:00,0.08429458947180414,0.08025319621658848
2030-12-27 01:00:00,0.10294512831100515,0.08497263941639371
2030-12-27 02:00:00,0.18620825397609894,0.12506000506450418
2030-12-27 03:00:00,0.22407223296162176,0.10815093249607319
2030-12-27 04:00:00,0.20792606738228153,0.1927541335734886
2030-12-27 05:00:00,0.10554522052018582,0.0015720341587060595
2030-12-27 06:00:00,0.00017745768604950803,0.010463393565360026
2030-12-27 07:00:00,0.06541365826594385,0.04914749198786815
2030-12-27 08:00:00,0.052555368481446325,0.10995364343794421
2030-12-27 09:00:00,0.05536064546284804,0.38691521673830576
2030-12-27 10:00:00,0.08219833565480028,0.44480345571195573
2030-12-27 11:00:00,0.10728448127549768,0.39280012232626493
2030-12-27 12:00:00,0.18436111276347686,0.6119849072881051
2030-12-27 13:00:00,0.15291640589404062,0.3523613054668783
2030-12-27 14:00:00,0.3295502922848359,0.6336677232259537
2030-12-27 15:00:00,0.6977422198486417,0.9967927564231901
2030-12-27 16:00:00,0.9981272281472148,1.0
2030-12-27 17:00:00,1.0,1.0
2030-12-27 18:00:00,1.0,1.0
2030-12-27 19:00:00,1.0,1.0
2030-12-27 20:00:00,1.0,1.0
2030-12-27 21:00:00,1.0,1.0
2030-12-27 22:00:00,0.9225655229805567,0.9803935021899541
2030-12-27 23:00:00,0.9499864577598895,0.9695742298476976
2030-12-28 00:00:00,0.8138758983795451,0.9469113375237205
2030-12-28 01:00:00,0.6777324616135997,0.9150647837360744
2030-12-28 02:00:00,0.5670615553611879,0.8443598603197539
2030-12-28 03:00:00,0.4315005404360026,0.6658455944607242
2030-12-28 04:00:00,0.3760268136667511,0.5564064481242684
2030-12-28 05:00:00,0.38001657822462037,0.5411802620012989
2030-12-28 06:00:00,0.420550980263083,0.550764236435231
2030-12-28 07:00:00,0.44197740030998145,0.5269671175781206
2030-12-28 08:00:00,0.48136281619850796,0.5531294102608934
2030-12-28 09:00:00,0.5411520608730309,0.6423962580627904
2030-12-28 10:00:00,0.12110881654255859,0.18471625336153802
2030-12-28 11:00:00,0.14583491518750819,0.1673435490532005
2030-12-28 12:00:00,0.21451633506248818,0.2120206710877543
2030-12-28 13:00:00,0.2237075878219924,0.22925453924835
2030-12-28 14:00:00,0.2098368359914431,0.19817339172362824
2030-12-28 15:00:00,0.23853699596932615,0.23529802926428703
2030-12-28 16:00:00,0.266609393115813,0.27678935621878636
2030-12-28 17:00:00,0.2431740948798638,0.28729077167656836
2030-12-28 18:00:00,0.1967244213097189,0.32915355483343167
2030-12-28 19:00:00,0.16708968486122894,0.33190909723815937
2030-12-28 20:00:00,0.19181694220694423,0.30690313960486804
2030-12-28 21:00:00,0.17736149385327352,0.2792591050251797
2030-12-28 22:00:00,0.14477133887352378,0.37060209914722897
2030-12-28 23:00:00,0.09770217454920654,0.23355787974172698
2030-12-29 00:00:00,0.05030106440187007,0.10480229962876292
2030-12-29 01:00:00,0.0019703515428568154,0.038964192608758275
2030-12-29 02:00:00,0.00030845481601236564,0.0014816407887127119
2030-12-29 03:00:00,0.0,0.0007547686623453229
2030-12-29 04:00:00,0.0,0.0
2030-12-29 05:00:00,0.0,0.0
2030-12-29 06:00:00,0.0,0.0
2030-12-29 07:00:00,0.0,0.0
2030-12-29 08:00:00,0.0,0.0
2030-12-29 09:00:00,0.0,0.0
2030-12-29 10:00:00,0.0,0.0
2030-12-29 11:00:00,0.003213050627320091,0.001325203063535374
2030-12-29 12:00:00,0.061981854932713965,0.07110502080095897
2030-12-29 13:00:00,0.09047902227122387,0.10424689690382012
2030-12-29 14:00:00,0.14895244179706651,0.1721963859495542
2030-12-29 15:00:00,0.26054988948095237,0.28479557623384333
2030-12-29 16:00:00,0.346496804997863,0.4388110884191246
2030-12-29 17:00:00,0.442563646224147,0.5713135509126727
2030-12-29 18:00:00,0.47691770747198536,0.6627013133883357
2030-12-29 19:00:00,0.8286035900029365,0.833910104764475
2030-12-29 20:00:00,0.8239723370336389,0.9398398858237265
2030-12-29 21:00:00,0.6274900568594444,0.9375171646127267
2030-12-29 22:00:00,0.5417657096791668,0.8523821389237852
2030-12-29 23:00:00,0.581980163765244,0.891380607038464
2030-12-30 00:00:00,0.5218518509655184,0.8636466359777544
2030-12-30 01:00:00,0.44801134837655987,0.7635099876003217
2030-12-30 02:00:00,0.44267834020412256,0.702017608704762
2030-12-30 03:00:00,0.435048860445177,0.6844528794093839
2030-12-30 04:00:00,0.4240124852088344,0.6411275637656654
2030-12-30 05:00:00,0.40862864990769665,0.6316107619434541
2030-12-30 06:00:00,0.372463293348187,0.5506801690702651
2030-12-30 07:00:00,0.31550766271145153,0.42772297073661836
2030-12-30 08:00:00,0.25750669510379876,0.331111286188666
2030-12-30 09:00:00,0.16558705224594059,0.20988185503071471
2030-12-30 10:00:00,0.01229306880269712,0.05032323457920687
2030-12-30 11:00:00,0.07102989806250642,0.06836173202568831
2030-12-30 12:00:00,0.21129528457969196,0.13923557535944694
2030-12-30 13:00:00,0.3339051225420761,0.28409131239624036
2030-12-30 14:00:00,0.4050375906602664,0.3604739435921631
2030-12-30 15:00:00,0.5280223116943665,0.48619996102705876
2030-12-30 16:00:00,0.7125761735753997,0.7450210731691987
2030-12-30 17:00:00,0.782187438888519,0.8655085277546036
2030-12-30 18:00:00,0.8685404376423556,0.9360533718864785
2030-12-30 19:00:00,0.659889371592591,0.844339032839165
2030-12-30 20:00:00,0.823630213297136,0.8183038565118311
2030-12-30 21:00:00,0.8400564390135042,0.7295384402522869
2030-12-30 22:00:00,0.6823963204237172,0.5284733963557299
2030-12-30 23:00:00,0.7869442398232327,0.4883673060937212
2030-12-31 00:00:00,0.8506774242081525,0.5926776792063143
2030-12-31 01:00:00,0.7606135248350353,0.6327793547503537
2030-12-31 02:00:00,0.6629196947023972,0.5822547541239442
2030-12-31 03:00:00,0.6299047077192919,0.5806724789889749
2030-12-31 04:00:00,0.6247893963622818,0.5935647689155328
2030-12-31 05:00:00,0.5910604478774799,0.5782547234078826
2030-12-31 06:00:00,0.5710991036435861,0.6051547507190789
2030-12-31 07:00:00,0.4993416844823608,0.5950814751501214
2030-12-31 08:00:00,0.4276788748420648,0.57623761494108
2030-12-31 09:00:00,0.3818862063130011,0.5464711871298815
2030-12-31 10:00:00,0.1012368674384877,0.24560388768352637
2030-12-31 11:00:00,0.12433734602910433,0.2717124293573798
2030-12-31 12:00:00,0.4069466801828638,0.5290819264022687
2030-12-31 13:00:00,0.5287156423238621,0.6775571712252941
2030-12-31 14:00:00,0.6154483575337807,0.7675439538656811
2030-12-31 15:00:00,0.6822179570375899,0.9169732222332007
2030-12-31 16:00:00,0.6295127707063212,0.9057136903515484
2030-12-31 17:00:00,0.6838146795927719,0.9252547909373983
2030-12-31 18:00:00,0.6373765237683902,0.8876655250158141
2030-12-31 19:00:00,0.6493241692669903,0.8691592880115405
2030-12-31 20:00:00,0.569770053582111,0.7995950786180377
2030-12-31 21:00:00,0.4022956456585756,0.4626574099734501
2030-12-31 22:00:00,0.28174680357146764,0.22069361766184564
2030-12-31 23:00:00,0.5598627169084085,0.41536359360268016
